3784, -16670.00, -15997.22
3788, -16669.00, -16033.23
3793, -16669.00, -16066.54
3797, -16669.00, -16098.37
3801, -16669.00, -16128.37
3805, -16668.00, -16156.79
3810, -16667.00, -16183.71
3814, -16671.00, -16210.58
3819, -16670.00, -16234.68
3823, -16667.00, -16257.98
3828, -16669.00, -16281.27
3832, -16668.00, -16302.89
3837, -16670.00, -16323.63
3841, -16668.00, -16342.89
3846, -16667.00, -16360.96
3850, -16669.00, -16377.28
3855, -16667.00, -16393.12
3859, -16668.00, -16408.02
3863, -16667.00, -16421.66
3868, -16669.00, -16435.22
3873, -16666.00, -16448.51
3877, -16667.00, -16460.18
3881, -16669.00, -16471.42
3886, -16670.00, -16482.44
3890, -16669.00, -16492.21
3895, -16667.00, -16501.34
3899, -16668.00, -16510.12
3903, -16670.00, -16518.34
3907, -16669.00, -16526.18
3912, -16670.00, -16533.96
3916, -16668.00, -16540.97
3920, -16670.00, -16547.61
3925, -16669.00, -16554.04
3929, -16668.00, -16560.04
3933, -16668.00, -16565.70
3937, -16668.00, -16571.13
3942, -16669.00, -16576.60
3946, -16669.00, -16581.48
3951, -16669.00, -16586.04
3955, -16668.00, -16590.46
3960, -16667.00, -16595.19
3964, -16667.00, -16599.07
3969, -16669.00, -16602.80
3974, -16668.00, -16606.51
3978, -16669.00, -16609.80
3982, -16666.00, -16612.88
3986, -16667.00, -16615.68
3991, -16668.00, -16618.42
3995, -16668.00, -16621.01
3999, -16669.00, -16623.54
4004, -16670.00, -16625.94
4008, -16668.00, -16628.23
4012, -16668.00, -16630.38
4017, -16669.00, -16632.38
4021, -16669.00, -16634.30
4025, -16667.00, -16636.06
4030, -16666.00, -16637.65
4034, -16667.00, -16639.16
4038, -16670.00, -16640.68
4042, -16671.00, -16642.22
4046, -16670.00, -16643.67
4051, -16667.00, -16644.96
4055, -16669.00, -16646.13
4059, -16667.00, -16647.26
4063, -16671.00, -16648.37
4068, -16670.00, -16649.52
4072, -16668.00, -16650.52
4076, -16668.00, -16651.50
4080, -16667.00, -16652.32
4085, -16668.00, -16653.11
4089, -16669.00, -16653.96
4094, -16669.00, -16654.83
4098, -16666.00, -16655.50
4103, -16667.00, -16656.12
4108, -16669.00, -16656.80
4112, -16668.00, -16657.43
4116, -16668.00, -16657.98
4121, -16670.00, -16658.58
4125, -16671.00, -16659.21
4129, -16668.00, -16659.75
4134, -16668.00, -16660.18
4138, -16669.00, -16660.63
4142, -16668.00, -16661.04
4147, -16668.00, -16661.41
4151, -16668.00, -16661.77
4156, -16668.00, -16662.12
4160, -16668.00, -16662.46
4166, -16669.00, -16662.85
4170, -16669.00, -16663.21
4175, -16668.00, -16663.50
4180, -16667.00, -16663.74
4185, -16668.00, -16663.97
4190, -16668.00, -16664.22
4195, -16667.00, -16664.41
4200, -16668.00, -16664.59
4205, -16668.00, -16664.80
4209, -16669.00, -16665.01
4214, -16668.00, -16665.21
4219, -16667.00, -16665.34
4223, -16670.00, -16665.51
4227, -16669.00, -16665.72
4232, -16668.00, -16665.87
4237, -16668.00, -16665.99
4242, -16668.00, -16666.11
4246, -16667.00, -16666.19
4251, -16668.00, -16666.27
4256, -16668.00, -16666.37
4260, -16667.00, -16666.43
4265, -16670.00, -16666.54
4270, -16670.00, -16666.74
4275, -16668.00, -16666.89
4280, -16669.00, -16666.99
4285, -16667.00, -16667.06
4291, -16669.00, -16667.13
4296, -16669.00, -16667.24
4301, -16668.00, -16667.31
4305, -16670.00, -16667.40
4310, -16669.00, -16667.53
4315, -16669.00, -16667.61
4319, -16667.00, -16667.63
4323, -16669.00, -16667.65
4328, -16668.00, -16667.69
4332, -16668.00, -16667.71
4337, -16667.00, -16667.70
4341, -16668.00, -16667.69
4345, -16669.00, -16667.73
4350, -16667.00, -16667.75
4354, -16672.00, -16667.84
4358, -16669.00, -16667.98
4362, -16669.00, -16668.03
4367, -16669.00, -16668.08
4371, -16669.00, -16668.13
4375, -16669.00, -16668.17
4380, -16668.00, -16668.19
4384, -16669.00, -16668.21
4388, -16672.00, -16668.33
4393, -16670.00, -16668.47
4397, -16669.00, -16668.52
4401, -16670.00, -16668.58
4406, -16670.00, -16668.66
4410, -16669.00, -16668.70
4415, -16668.00, -16668.69
4419, -16670.00, -16668.71
4424, -16668.00, -16668.72
4428, -16669.00, -16668.71
4432, -16670.00, -16668.75
4436, -16670.00, -16668.82
4441, -16668.00, -16668.83
4445, -16669.00, -16668.81
4449, -16668.00, -16668.79
4454, -16669.00, -16668.78
4458, -16669.00, -16668.79
4462, -16667.00, -16668.75
4466, -16667.00, -16668.66
4471, -16667.00, -16668.57
4475, -16670.00, -16668.56
4480, -16669.00, -16668.62
4484, -16667.00, -16668.58
4489, -16667.00, -16668.50
4493, -16668.00, -16668.45
4497, -16668.00, -16668.43
4501, -16670.00, -16668.46
4506, -16669.00, -16668.51
4510, -16667.00, -16668.48
4515, -16670.00, -16668.48
4519, -16669.00, -16668.54
4524, -16669.00, -16668.56
4528, -16669.00, -16668.59
4533, -16669.00, -16668.61
4537, -16669.00, -16668.63
4541, -16667.00, -16668.60
4545, -16669.00, -16668.56
4550, -16671.00, -16668.64
4554, -16668.00, -16668.69
4558, -16668.00, -16668.65
4563, -16669.00, -16668.64
4568, -16669.00, -16668.66
4573, -16667.00, -16668.62
4577, -16668.00, -16668.55
4582, -16669.00, -16668.55
4587, -16669.00, -16668.58
4592, -16669.00, -16668.60
4597, -16667.00, -16668.57
4601, -16667.00, -16668.49
4606, -16669.00, -16668.46
4611, -16669.00, -16668.49
4615, -16669.00, -16668.52
4620, -16668.00, -16668.52
4625, -16668.00, -16668.48
4630, -16669.00, -16668.48
4634, -16670.00, -16668.54
4639, -16669.00, -16668.59
4644, -16668.00, -16668.59
4648, -16667.00, -16668.53
4654, -16668.00, -16668.46
4659, -16669.00, -16668.46
4664, -16670.00, -16668.52
4668, -16668.00, -16668.54
4674, -16669.00, -16668.54
4679, -16669.00, -16668.57
4683, -16667.00, -16668.54
4689, -16667.00, -16668.43
4694, -16669.00, -16668.41
4698, -16667.00, -16668.38
4703, -16668.00, -16668.33
4709, -16668.00, -16668.31
4713, -16667.00, -16668.27
4719, -16669.00, -16668.25
4724, -16669.00, -16668.29
4729, -16668.00, -16668.31
4734, -16668.00, -16668.29
4739, -16668.00, -16668.27
4745, -16669.00, -16668.29
4749, -16669.00, -16668.32
4754, -16669.00, -16668.36
4759, -16669.00, -16668.40
4763, -16668.00, -16668.40
4768, -16669.00, -16668.41
4772, -16668.00, -16668.42
4777, -16670.00, -16668.45
4781, -16667.00, -16668.45
4785, -16670.00, -16668.45
4790, -16669.00, -16668.51
4794, -16671.00, -16668.59
4800, -16667.00, -16668.62
4805, -16668.00, -16668.54
4810, -16668.00, -16668.51
4815, -16669.00, -16668.51
4820, -16669.00, -16668.54
4825, -16668.00, -16668.54
4829, -16668.00, -16668.51
4834, -16669.00, -16668.51
4839, -16668.00, -16668.51
4845, -16668.00, -16668.47
4850, -16668.00, -16668.44
4855, -16668.00, -16668.41
4860, -16671.00, -16668.48
4866, -16669.00, -16668.58
4871, -16668.00, -16668.58
4877, -16668.00, -16668.54
4881, -16669.00, -16668.54
4886, -16670.00, -16668.60
4890, -16671.00, -16668.70
4895, -16668.00, -16668.74
4900, -16670.00, -16668.76
4904, -16669.00, -16668.80
4909, -16667.00, -16668.75
4913, -16667.00, -16668.66
4918, -16668.00, -16668.59
4923, -16669.00, -16668.58
4928, -16669.00, -16668.61
4934, -16669.00, -16668.64
4939, -16670.00, -16668.69
4945, -16669.00, -16668.75
4950, -16668.00, -16668.73
4955, -16667.00, -16668.66
4960, -16667.00, -16668.56
4964, -16670.00, -16668.55
4970, -16669.00, -16668.62
4975, -16669.00, -16668.64
4979, -16668.00, -16668.63
4984, -16668.00, -16668.60
4989, -16669.00, -16668.59
4994, -16669.00, -16668.62
4999, -16670.00, -16668.67
5003, -16669.00, -16668.71
5008, -16667.00, -16668.67
5012, -16668.00, -16668.61
5017, -16670.00, -16668.63
5022, -16668.00, -16668.66
5026, -16669.00, -16668.65
5031, -16667.00, -16668.61
5035, -16667.00, -16668.53
5040, -16670.00, -16668.53
5045, -16669.00, -16668.58
5049, -16668.00, -16668.58
5054, -16671.00, -16668.63
5058, -16669.00, -16668.70
5062, -16668.00, -16668.69
5067, -16667.00, -16668.61
5072, -16667.00, -16668.52
5077, -16667.00, -16668.43
5082, -16670.00, -16668.43
5087, -16667.00, -16668.44
5092, -16668.00, -16668.38
5096, -16666.00, -16668.31
5100, -16667.00, -16668.21
5106, -16667.00, -16668.13
5111, -16668.00, -16668.09
5115, -16668.00, -16668.09
5120, -16668.00, -16668.08
5125, -16670.00, -16668.14
5129, -16668.00, -16668.18
5134, -16667.00, -16668.14
5138, -16669.00, -16668.14
5143, -16668.00, -16668.16
5148, -16669.00, -16668.18
5152, -16668.00, -16668.20
5158, -16668.00, -16668.18
5162, -16667.00, -16668.15
5167, -16668.00, -16668.11
5171, -16668.00, -16668.10
5176, -16669.00, -16668.13
5180, -16670.00, -16668.20
5185, -16666.00, -16668.19
5190, -16667.00, -16668.09
5194, -16669.00, -16668.08
5199, -16669.00, -16668.14
5204, -16669.00, -16668.19
5209, -16668.00, -16668.21
5214, -16668.00, -16668.19
5218, -16669.00, -16668.21
5224, -16669.00, -16668.26
5228, -16669.00, -16668.30
5233, -16668.00, -16668.31
5237, -16667.00, -16668.27
5242, -16670.00, -16668.28
5247, -16669.00, -16668.35
5252, -16669.00, -16668.39
5258, -16668.00, -16668.40
5262, -16668.00, -16668.38
5268, -16667.00, -16668.32
5273, -16668.00, -16668.27
5278, -16669.00, -16668.28
5282, -16668.00, -16668.29
5288, -16668.00, -16668.28
5293, -16669.00, -16668.29
5298, -16668.00, -16668.30
5303, -16667.00, -16668.26
5308, -16668.00, -16668.21
5312, -16669.00, -16668.23
5316, -16669.00, -16668.27
5321, -16669.00, -16668.31
5325, -16666.00, -16668.27
5330, -16667.00, -16668.17
5334, -16668.00, -16668.14
5339, -16667.00, -16668.10
5344, -16668.00, -16668.06
5349, -16669.00, -16668.09
5354, -16669.00, -16668.14
5359, -16668.00, -16668.17
5363, -16669.00, -16668.18
5369, -16667.00, -16668.17
5374, -16670.00, -16668.19
5379, -16670.00, -16668.29
5383, -16667.00, -16668.30
5389, -16669.00, -16668.28
5394, -16669.00, -16668.33
5399, -16668.00, -16668.34
5405, -16668.00, -16668.31
5410, -16668.00, -16668.29
5415, -16669.00, -16668.31
5420, -16669.00, -16668.34
5425, -16668.00, -16668.35
5429, -16668.00, -16668.33
5434, -16666.00, -16668.26
5439, -16667.00, -16668.15
5443, -16669.00, -16668.14
5447, -16669.00, -16668.19
5452, -16668.00, -16668.21
5457, -16669.00, -16668.22
5462, -16669.00, -16668.27
5467, -16669.00, -16668.32
5473, -16667.00, -16668.29
5477, -16668.00, -16668.25
5483, -16667.00, -16668.20
5488, -16670.00, -16668.22
5494, -16668.00, -16668.27
5498, -16669.00, -16668.28
5503, -16667.00, -16668.26
5508, -16670.00, -16668.28
5512, -16669.00, -16668.35
5517, -16668.00, -16668.36
5523, -16668.00, -16668.33
5528, -16668.00, -16668.31
5533, -16667.00, -16668.26
5539, -16669.00, -16668.24
5543, -16668.00, -16668.25
5547, -16669.00, -16668.27
5552, -16669.00, -16668.31
5557, -16669.00, -16668.35
5561, -16669.00, -16668.38
5566, -16669.00, -16668.43
5571, -16667.00, -16668.40
5576, -16668.00, -16668.34
5581, -16668.00, -16668.32
5586, -16669.00, -16668.34
5590, -16668.00, -16668.34
5595, -16669.00, -16668.35
5599, -16669.00, -16668.39
5603, -16669.00, -16668.42
5608, -16667.00, -16668.40
5613, -16666.00, -16668.29
5618, -16669.00, -16668.24
5624, -16666.00, -16668.19
5629, -16668.00, -16668.12
5634, -16668.00, -16668.11
5639, -16670.00, -16668.17
5644, -16669.00, -16668.25
5649, -16668.00, -16668.26
5654, -16669.00, -16668.28
5659, -16669.00, -16668.32
5663, -16667.00, -16668.30
5667, -16669.00, -16668.29
5673, -16669.00, -16668.34
5677, -16668.00, -16668.34
5681, -16668.00, -16668.33
5686, -16667.00, -16668.28
5692, -16668.00, -16668.22
5697, -16669.00, -16668.24
5702, -16670.00, -16668.33
5708, -16668.00, -16668.37
5712, -16670.00, -16668.41
5717, -16669.00, -16668.47
5723, -16668.00, -16668.47
5727, -16670.00, -16668.50
5732, -16669.00, -16668.55
5737, -16669.00, -16668.59
5743, -16668.00, -16668.58
5748, -16667.00, -16668.52
5754, -16669.00, -16668.48
5759, -16668.00, -16668.48
5763, -16668.00, -16668.46
5768, -16668.00, -16668.43
5772, -16667.00, -16668.38
5777, -16667.00, -16668.30
5782, -16670.00, -16668.32
5787, -16668.00, -16668.36
5793, -16668.00, -16668.34
5797, -16668.00, -16668.32
5803, -16670.00, -16668.37
5808, -16669.00, -16668.44
5813, -16669.00, -16668.47
5818, -16668.00, -16668.47
5824, -16669.00, -16668.48
5828, -16670.00, -16668.53
5833, -16669.00, -16668.59
5838, -16669.00, -16668.61
5843, -16668.00, -16668.61
5848, -16669.00, -16668.60
5852, -16669.00, -16668.62
5856, -16669.00, -16668.64
5861, -16668.00, -16668.63
5866, -16669.00, -16668.63
5871, -16670.00, -16668.68
5876, -16669.00, -16668.73
5881, -16669.00, -16668.74
5886, -16667.00, -16668.70
5891, -16670.00, -16668.69
5896, -16669.00, -16668.73
5901, -16667.00, -16668.69
5906, -16669.00, -16668.65
5910, -16669.00, -16668.67
5915, -16668.00, -16668.66
5920, -16669.00, -16668.65
5925, -16669.00, -16668.67
5931, -16668.00, -16668.66
5936, -16668.00, -16668.62
5941, -16669.00, -16668.62
5946, -16668.00, -16668.61
5951, -16668.00, -16668.57
5957, -16668.00, -16668.53
5962, -16667.00, -16668.47
5967, -16667.00, -16668.37
5972, -16669.00, -16668.35
5976, -16667.00, -16668.33
5981, -16669.00, -16668.32
5985, -16668.00, -16668.33
5989, -16668.00, -16668.31
5994, -16667.00, -16668.27
5998, -16667.00, -16668.20
6003, -16669.00, -16668.18
6008, -16667.00, -16668.17
6013, -16669.00, -16668.16
6018, -16667.00, -16668.15
6023, -16668.00, -16668.11
6028, -16668.00, -16668.11
6033, -16669.00, -16668.13
6038, -16667.00, -16668.13
6043, -16668.00, -16668.09
6048, -16669.00, -16668.11
6053, -16669.00, -16668.16
6058, -16669.00, -16668.21
6064, -16670.00, -16668.30
6068, -16670.00, -16668.39
6073, -16668.00, -16668.43
6077, -16667.00, -16668.37
6083, -16668.00, -16668.31
6088, -16668.00, -16668.29
6093, -16669.00, -16668.31
6097, -16666.00, -16668.26
6102, -16669.00, -16668.22
6106, -16669.00, -16668.26
6110, -16667.00, -16668.25
6115, -16668.00, -16668.20
6120, -16668.00, -16668.19
6125, -16669.00, -16668.21
6130, -16669.00, -16668.25
6135, -16669.00, -16668.30
6140, -16667.00, -16668.28
6144, -16669.00, -16668.27
6149, -16669.00, -16668.31
6155, -16670.00, -16668.39
6159, -16669.00, -16668.45
6164, -16667.00, -16668.43
6169, -16668.00, -16668.38
6174, -16670.00, -16668.42
6178, -16670.00, -16668.50
6183, -16670.00, -16668.59
6188, -16669.00, -16668.65
6193, -16669.00, -16668.67
6197, -16668.00, -16668.66
6202, -16669.00, -16668.65
6206, -16669.00, -16668.67
6210, -16668.00, -16668.66
6216, -16669.00, -16668.65
6221, -16668.00, -16668.64
6226, -16669.00, -16668.63
6231, -16668.00, -16668.62
6236, -16669.00, -16668.62
6242, -16667.00, -16668.57
6247, -16669.00, -16668.54
6252, -16667.00, -16668.50
6257, -16668.00, -16668.44
6263, -16669.00, -16668.45
6268, -16668.00, -16668.45
6274, -16668.00, -16668.42
6279, -16668.00, -16668.40
6284, -16668.00, -16668.37
6289, -16669.00, -16668.38
6293, -16667.00, -16668.36
6299, -16668.00, -16668.30
6303, -16669.00, -16668.31
6307, -16668.00, -16668.32
6312, -16668.00, -16668.30
6316, -16668.00, -16668.28
6321, -16668.00, -16668.27
6325, -16666.00, -16668.20
6330, -16670.00, -16668.18
6335, -16668.00, -16668.23
6341, -16667.00, -16668.18
6345, -16669.00, -16668.17
6350, -16670.00, -16668.24
6356, -16670.00, -16668.37
6360, -16668.00, -16668.40
6364, -16669.00, -16668.41
6370, -16668.00, -16668.42
6375, -16667.00, -16668.36
6380, -16669.00, -16668.34
6385, -16669.00, -16668.38
6390, -16669.00, -16668.42
6396, -16669.00, -16668.46
6401, -16670.00, -16668.52
6407, -16668.00, -16668.56
6411, -16670.00, -16668.58
6416, -16666.00, -16668.55
6420, -16667.00, -16668.45
6424, -16667.00, -16668.37
6429, -16670.00, -16668.38
6434, -16667.00, -16668.38
6438, -16669.00, -16668.36
6443, -16669.00, -16668.40
6448, -16669.00, -16668.43
6453, -16669.00, -16668.47
6458, -16667.00, -16668.44
6462, -16668.00, -16668.39
6467, -16667.00, -16668.34
6474, -16667.00, -16668.24
6478, -16669.00, -16668.22
6483, -16667.00, -16668.21
6487, -16668.00, -16668.17
6492, -16668.00, -16668.16
6496, -16668.00, -16668.15
6500, -16671.00, -16668.22
6505, -16669.00, -16668.32
6509, -16668.00, -16668.33
6514, -16667.00, -16668.28
6519, -16668.00, -16668.24
6523, -16670.00, -16668.28
6527, -16668.00, -16668.32
6532, -16669.00, -16668.33
6536, -16669.00, -16668.37
6542, -16667.00, -16668.34
6546, -16668.00, -16668.29
6552, -16667.00, -16668.24
6557, -16669.00, -16668.23
6561, -16669.00, -16668.27
6567, -16669.00, -16668.32
6571, -16669.00, -16668.35
6575, -16669.00, -16668.39
6580, -16668.00, -16668.39
6585, -16669.00, -16668.40
6589, -16668.00, -16668.41
6594, -16669.00, -16668.41
6599, -16668.00, -16668.42
6604, -16670.00, -16668.45
6608, -16669.00, -16668.51
6614, -16669.00, -16668.54
6618, -16668.00, -16668.54
6623, -16669.00, -16668.54
6628, -16668.00, -16668.54
6633, -16668.00, -16668.50
6637, -16668.00, -16668.47
6642, -16669.00, -16668.48
6647, -16669.00, -16668.51
6651, -16669.00, -16668.54
6656, -16667.00, -16668.50
6660, -16668.00, -16668.45
6665, -16667.00, -16668.40
6671, -16669.00, -16668.37
6675, -16670.00, -16668.43
6680, -16669.00, -16668.49
6685, -16667.00, -16668.46
6691, -16668.00, -16668.39
6696, -16667.00, -16668.34
6701, -16666.00, -16668.23
6706, -16669.00, -16668.18
6711, -16669.00, -16668.23
6716, -16670.00, -16668.31
6721, -16669.00, -16668.39
6726, -16667.00, -16668.37
6731, -16666.00, -16668.27
6736, -16668.00, -16668.19
6741, -16668.00, -16668.18
6745, -16667.00, -16668.14
6750, -16667.00, -16668.07
6755, -16669.00, -16668.07
6760, -16668.00, -16668.09
6764, -16669.00, -16668.11
6769, -16668.00, -16668.13
6774, -16668.00, -16668.13
6779, -16669.00, -16668.15
6783, -16669.00, -16668.20
6788, -16668.00, -16668.22
6793, -16668.00, -16668.21
6798, -16670.00, -16668.25
6803, -16666.00, -16668.23
6807, -16668.00, -16668.17
6812, -16667.00, -16668.12
6817, -16669.00, -16668.12
6822, -16667.00, -16668.11
6827, -16667.00, -16668.04
6833, -16669.00, -16668.04
6838, -16668.00, -16668.06
6842, -16668.00, -16668.06
6847, -16668.00, -16668.06
6852, -16669.00, -16668.08
6856, -16668.00, -16668.11
6861, -16667.00, -16668.07
6865, -16668.00, -16668.04
6870, -16668.00, -16668.04
6874, -16669.00, -16668.06
6879, -16669.00, -16668.12
6885, -16670.00, -16668.21
6890, -16669.00, -16668.29
6894, -16669.00, -16668.33
6899, -16668.00, -16668.34
6904, -16669.00, -16668.35
6908, -16669.00, -16668.38
6913, -16669.00, -16668.42
6917, -16669.00, -16668.45
6922, -16669.00, -16668.48
6927, -16667.00, -16668.46
6931, -16668.00, -16668.40
6936, -16667.00, -16668.35
6941, -16668.00, -16668.30
6945, -16670.00, -16668.34
6951, -16668.00, -16668.38
6955, -16669.00, -16668.39
6960, -16668.00, -16668.40
6965, -16670.00, -16668.44
6971, -16668.00, -16668.47
6975, -16668.00, -16668.45
6980, -16667.00, -16668.39
6986, -16669.00, -16668.36
6991, -16670.00, -16668.43
6995, -16666.00, -16668.41
7000, -16668.00, -16668.33
7005, -16667.00, -16668.28
7010, -16667.00, -16668.21
7015, -16669.00, -16668.20
7020, -16668.00, -16668.22
7024, -16669.00, -16668.23
7030, -16670.00, -16668.32
7035, -16667.00, -16668.34
7040, -16669.00, -16668.31
7046, -16669.00, -16668.36
7051, -16667.00, -16668.34
7055, -16667.00, -16668.26
7060, -16669.00, -16668.24
7065, -16668.00, -16668.26
7070, -16669.00, -16668.27
7074, -16668.00, -16668.29
7079, -16668.00, -16668.27
7084, -16666.00, -16668.20
7088, -16667.00, -16668.11
7092, -16668.00, -16668.08
7097, -16669.00, -16668.10
7103, -16668.00, -16668.13
7107, -16668.00, -16668.12
7112, -16668.00, -16668.12
7117, -16670.00, -16668.17
7122, -16668.00, -16668.22
7126, -16669.00, -16668.24
7132, -16667.00, -16668.22
7136, -16670.00, -16668.24
7141, -16668.00, -16668.28
7146, -16667.00, -16668.24
7151, -16667.00, -16668.16
7156, -16667.00, -16668.09
7160, -16669.00, -16668.08
7165, -16670.00, -16668.16
7169, -16669.00, -16668.23
7173, -16671.00, -16668.32
7178, -16668.00, -16668.38
7182, -16667.00, -16668.34
7186, -16668.00, -16668.29
7191, -16669.00, -16668.31
7195, -16669.00, -16668.34
7200, -16667.00, -16668.32
7205, -16668.00, -16668.27
7209, -16667.00, -16668.23
7214, -16668.00, -16668.19
7218, -16666.00, -16668.13
7222, -16669.00, -16668.10
7227, -16669.00, -16668.15
7232, -16670.00, -16668.23
7236, -16670.00, -16668.33
7240, -16669.00, -16668.39
7245, -16669.00, -16668.42
7250, -16669.00, -16668.46
7255, -16668.00, -16668.46
7261, -16669.00, -16668.46
7266, -16668.00, -16668.46
7271, -16671.00, -16668.54
7276, -16669.00, -16668.61
7281, -16669.00, -16668.63
7285, -16670.00, -16668.68
7290, -16667.00, -16668.67
7295, -16669.00, -16668.63
7299, -16668.00, -16668.63
7304, -16667.00, -16668.57
7309, -16668.00, -16668.51
7314, -16667.00, -16668.44
7318, -16668.00, -16668.39
7323, -16669.00, -16668.39
7328, -16668.00, -16668.40
7333, -16669.00, -16668.41
7337, -16667.00, -16668.38
7342, -16669.00, -16668.36
7346, -16668.00, -16668.37
7351, -16671.00, -16668.43
7356, -16669.00, -16668.53
7361, -16669.00, -16668.56
7366, -16667.00, -16668.53
7371, -16669.00, -16668.50
7375, -16669.00, -16668.52
7379, -16669.00, -16668.55
7384, -16669.00, -16668.57
7388, -16669.00, -16668.60
7393, -16668.00, -16668.59
7397, -16668.00, -16668.56
7402, -16669.00, -16668.55
7406, -16668.00, -16668.55
7411, -16669.00, -16668.55
7415, -16667.00, -16668.52
7419, -16669.00, -16668.49
7423, -16668.00, -16668.49
7428, -16670.00, -16668.52
7433, -16669.00, -16668.58
7438, -16669.00, -16668.60
7442, -16668.00, -16668.60
7447, -16669.00, -16668.59
7451, -16669.00, -16668.62
7456, -16669.00, -16668.64
7461, -16666.00, -16668.57
7465, -16670.00, -16668.54
7470, -16669.00, -16668.60
7474, -16668.00, -16668.59
7479, -16669.00, -16668.59
7484, -16669.00, -16668.61
7489, -16668.00, -16668.60
7494, -16667.00, -16668.54
7499, -16669.00, -16668.50
7504, -16669.00, -16668.54
7509, -16670.00, -16668.59
7514, -16670.00, -16668.68
7519, -16671.00, -16668.79
7523, -16667.00, -16668.80
7528, -16668.00, -16668.71
7534, -16668.00, -16668.67
7539, -16669.00, -16668.65
7544, -16668.00, -16668.64
7550, -16669.00, -16668.63
7555, -16669.00, -16668.66
7560, -16668.00, -16668.65
7564, -16667.00, -16668.58
7570, -16668.00, -16668.51
7575, -16669.00, -16668.51
7580, -16667.00, -16668.47
7585, -16667.00, -16668.39
7589, -16667.00, -16668.31
7594, -16671.00, -16668.35
7599, -16668.00, -16668.42
7603, -16669.00, -16668.43
7609, -16668.00, -16668.43
7614, -16668.00, -16668.41
7618, -16669.00, -16668.41
7623, -16669.00, -16668.45
7628, -16668.00, -16668.45
7633, -16668.00, -16668.42
7637, -16668.00, -16668.40
7642, -16669.00, -16668.40
7647, -16668.00, -16668.41
7653, -16667.00, -16668.35
7657, -16667.00, -16668.28
7663, -16668.00, -16668.22
7668, -16666.00, -16668.15
7673, -16669.00, -16668.11
7677, -16669.00, -16668.16
7682, -16670.00, -16668.23
7687, -16671.00, -16668.37
7691, -16668.00, -16668.44
7696, -16669.00, -16668.44
7701, -16668.00, -16668.45
7705, -16668.00, -16668.42
7710, -16670.00, -16668.46
7715, -16668.00, -16668.49
7720, -16670.00, -16668.52
7725, -16670.00, -16668.61
7729, -16669.00, -16668.65
7734, -16669.00, -16668.67
7739, -16667.00, -16668.63
7744, -16668.00, -16668.57
7748, -16667.00, -16668.51
7754, -16670.00, -16668.51
7758, -16669.00, -16668.56
7764, -16669.00, -16668.59
7769, -16669.00, -16668.62
7773, -16668.00, -16668.61
7778, -16667.00, -16668.54
7783, -16668.00, -16668.48
7789, -16670.00, -16668.52
7794, -16669.00, -16668.58
7799, -16668.00, -16668.57
7804, -16669.00, -16668.57
7809, -16667.00, -16668.54
7814, -16669.00, -16668.50
7818, -16669.00, -16668.53
7823, -16668.00, -16668.53
7828, -16669.00, -16668.53
7834, -16670.00, -16668.59
7839, -16668.00, -16668.62
7843, -16668.00, -16668.58
7848, -16669.00, -16668.58
7853, -16671.00, -16668.66
7857, -16669.00, -16668.73
7861, -16671.00, -16668.79
7866, -16669.00, -16668.85
7870, -16669.00, -16668.86
7874, -16669.00, -16668.87
7879, -16671.00, -16668.93
7883, -16667.00, -16668.93
7888, -16667.00, -16668.82
7892, -16669.00, -16668.78
7898, -16668.00, -16668.76
7903, -16667.00, -16668.68
7908, -16669.00, -16668.64
7913, -16668.00, -16668.63
7919, -16669.00, -16668.62
7923, -16668.00, -16668.62
7928, -16668.00, -16668.58
7934, -16670.00, -16668.61
7938, -16667.00, -16668.60
7944, -16669.00, -16668.56
7949, -16668.00, -16668.56
7954, -16668.00, -16668.53
7958, -16668.00, -16668.50
7962, -16669.00, -16668.50
7967, -16668.00, -16668.50
7971, -16669.00, -16668.50
7976, -16668.00, -16668.50
7982, -16669.00, -16668.50
7988, -16669.00, -16668.54
7992, -16667.00, -16668.51
7997, -16667.00, -16668.41
8003, -16670.00, -16668.42
8007, -16673.00, -16668.58
8013, -16674.00, -16668.92
8019, -16666.00, -16669.00
8024, -16663.00, -16668.75
8028, -16655.00, -16668.16
8033, -16650.00, -16667.25
8038, -16646.00, -16666.10
8043, -16638.00, -16664.61
8049, -16631.00, -16662.51
8055, -16625.00, -16660.13
8060, -16621.00, -16657.87
8064, -16614.00, -16655.59
8069, -16606.00, -16652.91
8073, -16605.00, -16650.38
8078, -16600.00, -16647.69
8084, -16592.00, -16644.11
8089, -16584.00, -16640.81
8093, -16581.00, -16637.62
8097, -16575.00, -16634.57
8102, -16570.00, -16631.33
8106, -16566.00, -16627.97
8112, -16559.00, -16623.40
8118, -16552.00, -16618.45
8122, -16546.00, -16614.78
8128, -16540.00, -16609.80
8133, -16535.00, -16605.22
8138, -16528.00, -16600.78
8143, -16521.00, -16596.40
8148, -16514.00, -16591.06
8153, -16513.00, -16586.53
8157, -16506.00, -16582.45
8161, -16499.00, -16578.32
8166, -16495.00, -16573.51
8171, -16488.00, -16568.66
8176, -16480.00, -16563.38
8181, -16476.00, -16558.17
8187, -16471.00, -16552.72
8192, -16465.00, -16547.45
8197, -16458.00, -16542.35
8202, -16451.00, -16536.78
8206, -16446.00, -16532.00
8211, -16441.00, -16526.47
8217, -16432.00, -16520.79
8221, -16428.00, -16515.54
8226, -16423.00, -16510.10
8231, -16416.00, -16504.96
8237, -16411.00, -16498.26
8243, -16403.00, -16491.98
8248, -16396.00, -16486.24
8252, -16393.00, -16481.07
8257, -16386.00, -16475.76
8262, -16380.00, -16470.20
8266, -16378.00, -16465.41
8271, -16370.00, -16460.47
8275, -16364.00, -16455.51
8279, -16362.00, -16450.61
8284, -16354.00, -16445.68
8288, -16348.00, -16440.67
8293, -16344.00, -16435.14
8297, -16338.00, -16429.79
8302, -16330.00, -16424.19
8307, -16328.00, -16419.10
8312, -16323.00, -16413.46
8317, -16315.00, -16407.17
8322, -16309.00, -16401.94
8327, -16303.00, -16395.58
8332, -16299.00, -16389.58
8338, -16292.00, -16383.53
8343, -16284.00, -16377.53
8348, -16280.00, -16371.92
8352, -16275.00, -16366.18
8358, -16267.00, -16359.41
8364, -16261.00, -16352.62
8369, -16251.00, -16346.44
8375, -16248.00, -16340.38
8379, -16244.00, -16335.43
8383, -16238.00, -16330.17
8388, -16234.00, -16325.20
8393, -16229.00, -16319.58
8398, -16222.00, -16313.08
8404, -16212.00, -16306.57
8409, -16208.00, -16301.02
8413, -16203.00, -16295.95
8418, -16196.00, -16290.22
8422, -16191.00, -16284.85
8428, -16185.00, -16278.39
8433, -16180.00, -16272.26
8438, -16176.00, -16266.83
8443, -16168.00, -16261.02
8448, -16163.00, -16254.96
8453, -16158.00, -16249.09
8459, -16149.00, -16242.70
8464, -16142.00, -16236.36
8469, -16136.00, -16230.43
8474, -16134.00, -16225.29
8479, -16126.00, -16219.14
8483, -16121.00, -16213.75
8488, -16117.00, -16208.50
8493, -16111.00, -16203.22
8497, -16104.00, -16198.13
8501, -16101.00, -16192.87
8506, -16096.00, -16187.82
8511, -16089.00, -16181.28
8517, -16082.00, -16174.33
8522, -16077.00, -16168.56
8527, -16073.00, -16163.04
8532, -16066.00, -16157.50
8537, -16058.00, -16151.64
8542, -16054.00, -16146.18
8548, -16050.00, -16139.52
8553, -16042.00, -16133.72
8559, -16035.00, -16126.83
8564, -16030.00, -16121.01
8570, -16020.00, -16114.22
8574, -16017.00, -16108.76
8580, -16011.00, -16102.08
8584, -16005.00, -16097.09
8589, -15999.00, -16091.76
8593, -15995.00, -16086.71
8598, -15989.00, -16081.70
8602, -15985.00, -16076.28
8607, -15979.00, -16071.35
8612, -15972.00, -16065.51
8616, -15969.00, -16060.25
8621, -15965.00, -16055.03
8626, -15958.00, -16049.14
8631, -15951.00, -16043.54
8637, -15942.00, -16036.40
8642, -15939.00, -16030.73
8646, -15935.00, -16025.60
8652, -15928.00, -16019.40
8657, -15920.00, -16013.13
8662, -15917.00, -16007.32
8668, -15911.00, -16000.77
8673, -15902.00, -15995.39
8677, -15897.00, -15989.87
8682, -15894.00, -15984.47
8687, -15887.00, -15978.92
8692, -15880.00, -15973.07
8697, -15874.00, -15967.00
8702, -15868.00, -15960.85
8707, -15863.00, -15955.19
8712, -15856.00, -15949.82
8717, -15852.00, -15943.84
8721, -15847.00, -15938.60
8726, -15843.00, -15933.65
8730, -15835.00, -15928.67
8734, -15832.00, -15923.72
8739, -15826.00, -15918.73
8743, -15819.00, -15913.04
8748, -15818.00, -15907.61
8753, -15810.00, -15902.59
8757, -15805.00, -15897.46
8761, -15802.00, -15892.46
8766, -15797.00, -15887.56
8771, -15790.00, -15881.95
8776, -15783.00, -15875.45
8781, -15778.00, -15869.26
8787, -15771.00, -15863.41
8791, -15764.00, -15857.77
8797, -15757.00, -15850.91
8802, -15753.00, -15844.78
8807, -15749.00, -15839.33
8813, -15741.00, -15833.23
8818, -15735.00, -15827.29
8822, -15732.00, -15822.17
8827, -15725.00, -15816.98
8832, -15717.00, -15811.19
8836, -15713.00, -15805.70
8842, -15709.00, -15799.67
8847, -15701.00, -15793.37
8851, -15696.00, -15788.16
8856, -15691.00, -15783.00
8861, -15686.00, -15777.09
8867, -15678.00, -15770.54
8871, -15671.00, -15765.16
8877, -15665.00, -15758.55
8882, -15660.00, -15752.31
8887, -15655.00, -15747.17
8891, -15647.00, -15741.79
8897, -15641.00, -15735.00
8902, -15637.00, -15729.31
8906, -15629.00, -15724.29
8911, -15622.00, -15718.08
8916, -15621.00, -15712.46
8921, -15612.00, -15707.17
8925, -15605.00, -15701.98
8929, -15604.00, -15696.93
8933, -15597.00, -15691.89
8938, -15592.00, -15686.71
8942, -15589.00, -15681.28
8947, -15582.00, -15675.87
8953, -15575.00, -15669.10
8959, -15568.00, -15662.05
8963, -15563.00, -15656.76
8968, -15559.00, -15650.98
8972, -15552.00, -15645.95
8978, -15546.00, -15639.20
8983, -15542.00, -15634.01
8987, -15537.00, -15629.04
8992, -15529.00, -15623.01
8997, -15524.00, -15617.14
9002, -15519.00, -15611.71
9007, -15512.00, -15605.74
9011, -15506.00, -15600.35
9017, -15502.00, -15593.54
9022, -15498.00, -15588.42
9026, -15490.00, -15582.96
9032, -15483.00, -15576.83
9036, -15479.00, -15571.26
9041, -15476.00, -15566.00
9046, -15467.00, -15560.62
9050, -15463.00, -15555.34
9055, -15461.00, -15550.35
9059, -15452.00, -15544.79
9065, -15445.00, -15538.36
9070, -15441.00, -15532.71
9074, -15436.00, -15527.42
9080, -15428.00, -15521.11
9086, -15421.00, -15513.87
9091, -15417.00, -15508.26
9096, -15412.00, -15502.56
9101, -15404.00, -15496.72
9106, -15398.00, -15491.27
9110, -15396.00, -15486.25
9115, -15392.00, -15480.64
9119, -15383.00, -15475.50
9124, -15380.00, -15470.59
9129, -15373.00, -15464.77
9133, -15367.00, -15459.42
9138, -15363.00, -15454.36
9142, -15357.00, -15449.40
9146, -15351.00, -15444.32
9151, -15348.00, -15439.14
9155, -15343.00, -15434.06
9161, -15337.00, -15427.79
9166, -15328.00, -15421.42
9171, -15324.00, -15416.03
9177, -15319.00, -15409.48
9182, -15314.00, -15403.76
9186, -15307.00, -15398.56
9191, -15300.00, -15392.81
9197, -15296.00, -15386.72
9202, -15289.00, -15380.39
9207, -15283.00, -15374.82
9212, -15278.00, -15369.54
9216, -15275.00, -15363.94
9221, -15267.00, -15358.78
9226, -15260.00, -15353.20
9230, -15256.00, -15347.78
9235, -15253.00, -15342.72
9240, -15244.00, -15336.52
9246, -15237.00, -15329.73
9251, -15234.00, -15324.56
9256, -15229.00, -15318.99
9260, -15222.00, -15313.87
9265, -15216.00, -15308.12
9269, -15213.00, -15303.23
9274, -15205.00, -15297.79
9279, -15200.00, -15291.70
9284, -15196.00, -15286.23
9289, -15192.00, -15281.14
9294, -15184.00, -15274.83
9299, -15178.00, -15269.74
9303, -15174.00, -15264.65
9308, -15168.00, -15258.93
9313, -15162.00, -15253.69
9317, -15158.00, -15248.56
9322, -15152.00, -15243.35
9326, -15145.00, -15237.84
9331, -15144.00, -15232.96
9335, -15137.00, -15227.55
9340, -15130.00, -15222.61
9344, -15128.00, -15217.74
9348, -15123.00, -15212.83
9353, -15115.00, -15207.76
9358, -15113.00, -15202.27
9362, -15108.00, -15197.33
9366, -15102.00, -15192.42
9371, -15097.00, -15187.28
9375, -15093.00, -15182.44
9380, -15085.00, -15176.87
9384, -15081.00, -15171.89
9390, -15077.00, -15165.87
9394, -15070.00, -15160.92
9399, -15065.00, -15155.18
9404, -15061.00, -15149.82
9409, -15054.00, -15143.66
9415, -15048.00, -15137.27
9419, -15042.00, -15132.30
9425, -15036.00, -15126.14
9430, -15033.00, -15120.47
9435, -15025.00, -15114.64
9440, -15018.00, -15108.86
9445, -15014.00, -15103.24
9450, -15011.00, -15097.65
9455, -15003.00, -15092.73
9459, -14997.00, -15087.50
9464, -14995.00, -15082.31
9469, -14990.00, -15077.01
9473, -14982.00, -15072.20
9477, -14979.00, -15067.39
9482, -14973.00, -15061.90
9487, -14968.00, -15057.09
9491, -14964.00, -15051.99
9497, -14958.00, -15045.98
9501, -14952.00, -15041.16
9506, -14947.00, -15036.15
9510, -14944.00, -15031.12
9514, -14938.00, -15026.27
9519, -14933.00, -15021.19
9524, -14927.00, -15016.08
9530, -14922.00, -15009.22
9535, -14914.00, -15003.41
9540, -14908.00, -14997.62
9546, -14902.00, -14991.15
9551, -14897.00, -14985.58
9556, -14890.00, -14980.45
9561, -14885.00, -14974.48
9566, -14880.00, -14969.12
9570, -14876.00, -14963.95
9576, -14868.00, -14957.61
9581, -14863.00, -14952.23
9585, -14858.00, -14947.15
9590, -14854.00, -14941.89
9594, -14846.00, -14936.95
9599, -14842.00, -14931.41
9604, -14839.00, -14926.58
9608, -14831.00, -14921.31
9614, -14826.00, -14915.26
9619, -14821.00, -14909.83
9624, -14815.00, -14903.35
9630, -14809.00, -14897.37
9635, -14802.00, -14891.66
9639, -14797.00, -14886.69
9645, -14794.00, -14880.36
9650, -14787.00, -14875.01
9656, -14781.00, -14868.69
9661, -14773.00, -14863.16
9667, -14768.00, -14856.19
9671, -14763.00, -14851.10
9676, -14756.00, -14845.51
9681, -14751.00, -14840.31
9685, -14748.00, -14835.50
9690, -14743.00, -14829.88
9695, -14735.00, -14824.54
9700, -14730.00, -14819.36
9704, -14727.00, -14814.41
9709, -14721.00, -14809.71
9713, -14716.00, -14804.33
9718, -14713.00, -14799.18
9723, -14705.00, -14793.63
9728, -14698.00, -14788.46
9733, -14693.00, -14782.95
9737, -14690.00, -14777.93
9743, -14683.00, -14771.59
9748, -14677.00, -14765.69
9752, -14673.00, -14760.84
9758, -14667.00, -14754.26
9764, -14661.00, -14748.24
9769, -14654.00, -14743.12
9774, -14648.00, -14737.43
9778, -14646.00, -14732.47
9783, -14637.00, -14727.38
9788, -14631.00, -14721.60
9793, -14628.00, -14715.94
9799, -14621.00, -14709.22
9804, -14615.00, -14703.93
9808, -14611.00, -14699.10
9813, -14604.00, -14693.44
9818, -14601.00, -14688.25
9823, -14594.00, -14682.79
9828, -14589.00, -14677.16
9833, -14583.00, -14671.11
9838, -14579.00, -14666.26
9843, -14573.00, -14660.06
9848, -14564.00, -14654.40
9853, -14561.00, -14648.77
9859, -14554.00, -14642.94
9865, -14550.00, -14636.24
9869, -14542.00, -14631.10
9874, -14537.00, -14626.22
9880, -14532.00, -14619.80
9884, -14525.00, -14614.41
9890, -14519.00, -14608.38
9895, -14512.00, -14601.95
9901, -14506.00, -14595.93
9905, -14503.00, -14591.12
9910, -14497.00, -14585.78
9914, -14493.00, -14581.05
9919, -14488.00, -14576.11
9924, -14481.00, -14570.40
9929, -14475.00, -14564.13
9934, -14470.00, -14558.59
9939, -14465.00, -14553.13
9945, -14458.00, -14546.91
9950, -14452.00, -14541.39
9954, -14446.00, -14536.18
9960, -14441.00, -14530.23
9965, -14435.00, -14524.24
9969, -14428.00, -14519.16
9975, -14421.00, -14512.64
9981, -14416.00, -14506.04
9985, -14412.00, -14501.16
9991, -14404.00, -14495.16
9996, -14398.00, -14489.20
10000, -14393.00, -14484.11
10006, -14392.00, -14477.90
10011, -14384.00, -14472.08
10016, -14376.00, -14466.28
10021, -14371.00, -14461.41
10025, -14368.00, -14455.84
10030, -14361.00, -14450.64
10035, -14356.00, -14445.70
10039, -14354.00, -14440.50
10045, -14347.00, -14434.67
10049, -14338.00, -14429.33
10054, -14335.00, -14424.30
10059, -14329.00, -14418.14
10064, -14324.00, -14412.45
10069, -14317.00, -14407.34
10075, -14310.00, -14400.90
10080, -14306.00, -14394.80
10084, -14300.00, -14389.70
10090, -14294.00, -14384.04
10094, -14291.00, -14378.98
10099, -14287.00, -14373.51
10105, -14279.00, -14367.24
10110, -14271.00, -14361.54
10114, -14266.00, -14356.23
10119, -14263.00, -14350.82
10124, -14255.00, -14345.09
10129, -14250.00, -14340.16
10133, -14246.00, -14335.32
10137, -14241.00, -14330.53
10142, -14235.00, -14325.69
10146, -14231.00, -14320.27
10151, -14227.00, -14315.43
10156, -14219.00, -14309.11
10162, -14213.00, -14302.54
10167, -14208.00, -14297.03
10172, -14204.00, -14291.62
10178, -14197.00, -14285.00
10183, -14190.00, -14278.89
10189, -14183.00, -14273.22
10194, -14176.00, -14266.56
10200, -14172.00, -14260.29
10204, -14167.00, -14255.31
10210, -14158.00, -14249.13
10216, -14152.00, -14242.64
10220, -14148.00, -14237.51
10226, -14141.00, -14230.79
10231, -14135.00, -14225.24
10236, -14130.00, -14220.05
10240, -14125.00, -14215.16
10244, -14120.00, -14210.32
10249, -14114.00, -14204.86
10253, -14112.00, -14199.99
10258, -14105.00, -14195.19
10262, -14099.00, -14190.32
10267, -14094.00, -14184.62
10272, -14090.00, -14179.22
10277, -14081.00, -14172.95
10282, -14074.00, -14167.01
10287, -14073.00, -14161.70
10292, -14067.00, -14156.24
10297, -14059.00, -14150.00
10302, -14056.00, -14145.01
10307, -14049.00, -14139.27
10312, -14045.00, -14133.38
10317, -14037.00, -14128.15
10322, -14032.00, -14122.05
10327, -14027.00, -14116.25
10332, -14022.00, -14110.41
10338, -14013.00, -14103.88
10344, -14006.00, -14096.92
10349, -14001.00, -14091.90
10353, -13998.00, -14087.07
10358, -13991.00, -14081.89
10363, -13986.00, -14076.11
10367, -13984.00, -14071.27
10372, -13975.00, -14065.38
10377, -13968.00, -14059.68
10382, -13967.00, -14054.73
10386, -13961.00, -14049.60
10391, -13953.00, -14044.79
10395, -13949.00, -14039.92
10399, -13946.00, -14035.08
10404, -13938.00, -14029.36
10409, -13933.00, -14023.81
10413, -13930.00, -14018.98
10418, -13921.00, -14013.97
10422, -13918.00, -14008.43
10427, -13914.00, -14002.80
10432, -13907.00, -13997.45
10437, -13900.00, -13991.53
10443, -13893.00, -13985.00
10449, -13889.00, -13978.59
10453, -13883.00, -13973.76
10457, -13877.00, -13968.67
10462, -13871.00, -13963.15
10467, -13866.00, -13957.97
10471, -13862.00, -13952.40
10476, -13856.00, -13947.04
10481, -13853.00, -13941.68
10485, -13846.00, -13936.83
10490, -13838.00, -13931.08
10496, -13836.00, -13924.68
10500, -13830.00, -13919.60
10505, -13824.00, -13914.51
10509, -13819.00, -13909.31
10515, -13814.00, -13903.39
10519, -13808.00, -13898.04
10524, -13800.00, -13892.60
10529, -13796.00, -13887.14
10534, -13791.00, -13881.77
10538, -13785.00, -13876.45
10544, -13778.00, -13869.82
10549, -13772.00, -13863.67
10555, -13768.00, -13857.34
10560, -13762.00, -13851.99
10564, -13754.00, -13846.44
10569, -13751.00, -13841.45
10573, -13746.00, -13836.39
10578, -13740.00, -13831.05
10583, -13734.00, -13825.72
10587, -13732.00, -13820.92
10591, -13725.00, -13816.03
10595, -13722.00, -13811.11
10600, -13716.00, -13806.18
10605, -13709.00, -13800.80
10609, -13704.00, -13795.54
10615, -13699.00, -13788.90
10619, -13693.00, -13783.73
10624, -13686.00, -13778.77
10630, -13679.00, -13771.64
10634, -13675.00, -13766.61
10639, -13670.00, -13761.25
10645, -13660.00, -13754.45
10649, -13656.00, -13748.87
10654, -13653.00, -13743.13
10659, -13646.00, -13737.76
10665, -13640.00, -13731.61
10669, -13636.00, -13726.73
10673, -13631.00, -13721.89
10678, -13625.00, -13716.69
10682, -13622.00, -13711.74
10686, -13617.00, -13706.78
10691, -13610.00, -13701.23
10696, -13601.00, -13695.03
10701, -13601.00, -13689.98
10706, -13594.00, -13684.57
10711, -13587.00, -13679.02
10715, -13584.00, -13673.94
10720, -13578.00, -13668.67
10724, -13570.00, -13663.06
10729, -13568.00, -13657.89
10733, -13564.00, -13653.00
10738, -13555.00, -13647.33
10744, -13548.00, -13640.29
10749, -13547.00, -13635.45
10753, -13539.00, -13630.02
10760, -13533.00, -13623.06
10764, -13526.00, -13617.79
10769, -13523.00, -13612.24
10774, -13517.00, -13606.14
10779, -13509.00, -13601.16
10783, -13506.00, -13596.11
10788, -13502.00, -13591.18
10793, -13495.00, -13585.58
10797, -13488.00, -13580.62
10801, -13486.00, -13575.71
10806, -13478.00, -13569.97
10812, -13470.00, -13563.16
10816, -13469.00, -13558.16
10821, -13464.00, -13552.90
10825, -13456.00, -13548.05
10831, -13449.00, -13541.27
10837, -13443.00, -13534.45
10842, -13439.00, -13528.91
10847, -13432.00, -13523.01
10853, -13424.00, -13516.28
10858, -13418.00, -13510.97
10864, -13412.00, -13503.87
10868, -13409.00, -13498.86
10873, -13401.00, -13493.49
10878, -13394.00, -13487.43
10883, -13390.00, -13481.76
10888, -13385.00, -13475.40
10893, -13376.00, -13470.34
10897, -13373.00, -13464.97
10902, -13371.00, -13459.97
10907, -13362.00, -13454.04
10911, -13356.00, -13449.02
10916, -13353.00, -13443.46
10921, -13344.00, -13438.37
10925, -13339.00, -13433.30
10931, -13335.00, -13426.60
10936, -13330.00, -13420.48
10942, -13323.00, -13413.70
10947, -13313.00, -13407.61
10952, -13308.00, -13402.07
10957, -13304.00, -13395.90
10962, -13298.00, -13389.63
10967, -13292.00, -13384.35
10972, -13284.00, -13378.78
10977, -13279.00, -13372.31
10982, -13273.00, -13366.51
10987, -13269.00, -13360.33
10993, -13260.00, -13353.96
10999, -13252.00, -13347.21
11003, -13249.00, -13342.12
11007, -13245.00, -13336.93
11012, -13236.00, -13330.99
11017, -13232.00, -13325.67
11021, -13228.00, -13320.45
11026, -13221.00, -13314.67
11032, -13214.00, -13308.02
11037, -13209.00, -13302.30
11042, -13203.00, -13296.45
11047, -13197.00, -13290.40
11052, -13190.00, -13284.70
11057, -13185.00, -13278.74
11063, -13180.00, -13271.97
11067, -13172.00, -13266.61
11073, -13164.00, -13260.13
11078, -13159.00, -13253.65
11082, -13157.00, -13248.44
11087, -13150.00, -13242.80
11093, -13142.00, -13235.65
11098, -13135.00, -13230.04
11104, -13129.00, -13222.83
11109, -13123.00, -13217.29
11114, -13117.00, -13211.42
11118, -13111.00, -13206.28
11123, -13108.00, -13200.97
11127, -13101.00, -13195.56
11132, -13095.00, -13190.32
11136, -13093.00, -13185.24
11142, -13085.00, -13178.19
11146, -13078.00, -13173.06
11151, -13073.00, -13167.53
11156, -13070.00, -13161.73
11161, -13061.00, -13156.16
11166, -13056.00, -13150.37
11170, -13052.00, -13145.15
11175, -13044.00, -13139.19
11180, -13037.00, -13133.22
11185, -13032.00, -13127.13
11190, -13029.00, -13120.99
11196, -13019.00, -13114.33
11200, -13013.00, -13109.18
11205, -13006.00, -13102.87
11211, -13004.00, -13096.83
11215, -12997.00, -13091.26
11220, -12989.00, -13086.03
11224, -12986.00, -13080.35
11229, -12980.00, -13075.24
11233, -12974.00, -13070.01
11238, -12970.00, -13064.37
11243, -12965.00, -13057.71
11248, -12956.00, -13052.23
11252, -12952.00, -13046.87
11259, -12946.00, -13039.65
11264, -12939.00, -13032.99
11269, -12935.00, -13027.44
11274, -12927.00, -13021.31
11279, -12918.00, -13015.25
11284, -12916.00, -13009.91
11288, -12911.00, -13004.79
11293, -12902.00, -12998.55
11298, -12899.00, -12993.09
11303, -12895.00, -12987.19
11307, -12888.00, -12982.11
11313, -12880.00, -12975.04
11318, -12877.00, -12969.72
11323, -12871.00, -12963.09
11328, -12863.00, -12957.95
11332, -12859.00, -12952.69
11337, -12856.00, -12947.25
11342, -12850.00, -12941.59
11346, -12841.00, -12936.23
11351, -12840.00, -12931.08
11355, -12834.00, -12926.13
11360, -12826.00, -12920.40
11365, -12824.00, -12914.65
11369, -12817.00, -12909.62
11374, -12810.00, -12904.09
11379, -12807.00, -12898.61
11383, -12802.00, -12893.59
11387, -12795.00, -12888.43
11392, -12788.00, -12882.79
11397, -12786.00, -12877.04
11402, -12780.00, -12871.67
11407, -12772.00, -12865.91
11412, -12767.00, -12859.22
11417, -12764.00, -12854.13
11422, -12757.00, -12848.80
11426, -12750.00, -12843.10
11431, -12747.00, -12837.88
11435, -12741.00, -12832.92
11440, -12733.00, -12827.67
11444, -12731.00, -12822.65
11448, -12725.00, -12817.66
11453, -12719.00, -12811.84
11458, -12716.00, -12806.82
11462, -12711.00, -12801.98
11466, -12704.00, -12796.80
11471, -12702.00, -12791.88
11475, -12695.00, -12787.03
11479, -12690.00, -12782.06
11484, -12686.00, -12777.01
11488, -12679.00, -12772.07
11492, -12674.00, -12767.08
11497, -12670.00, -12761.92
11502, -12664.00, -12756.25
11506, -12657.00, -12750.60
11511, -12655.00, -12745.34
11515, -12648.00, -12740.42
11520, -12642.00, -12734.34
11526, -12636.00, -12728.16
11531, -12632.00, -12722.41
11536, -12625.00, -12716.66
11541, -12618.00, -12710.14
11546, -12613.00, -12704.97
11550, -12609.00, -12699.92
11555, -12603.00, -12695.00
11559, -12598.00, -12690.08
11563, -12594.00, -12685.12
11568, -12587.00, -12679.18
11573, -12580.00, -12673.17
11578, -12577.00, -12667.87
11582, -12570.00, -12662.96
11587, -12565.00, -12657.79
11591, -12561.00, -12652.79
11596, -12556.00, -12647.30
11601, -12549.00, -12641.83
11605, -12545.00, -12636.11
11610, -12540.00, -12631.23
11614, -12532.00, -12625.79
11619, -12528.00, -12620.01
11624, -12524.00, -12614.50
11629, -12517.00, -12609.11
11633, -12510.00, -12604.00
11638, -12508.00, -12598.56
11642, -12502.00, -12593.53
11647, -12495.00, -12587.99
11653, -12490.00, -12581.29
11657, -12485.00, -12576.33
11661, -12478.00, -12571.39
11666, -12474.00, -12566.05
11670, -12469.00, -12561.11
11675, -12463.00, -12555.42
11680, -12459.00, -12549.83
11685, -12453.00, -12544.23
11690, -12445.00, -12538.87
11694, -12440.00, -12533.35
11699, -12436.00, -12528.23
11703, -12431.00, -12522.91
11708, -12425.00, -12517.72
11713, -12419.00, -12511.64
11718, -12414.00, -12506.35
11722, -12407.00, -12500.69
11727, -12404.00, -12495.68
11731, -12400.00, -12490.50
11736, -12392.00, -12485.08
11741, -12385.00, -12478.66
11747, -12380.00, -12472.54
11752, -12375.00, -12466.02
11757, -12367.00, -12461.00
11762, -12362.00, -12454.36
11767, -12357.00, -12448.83
11772, -12352.00, -12443.28
11776, -12347.00, -12438.36
11781, -12339.00, -12433.08
11786, -12336.00, -12427.13
11791, -12331.00, -12421.06
11796, -12323.00, -12415.47
11801, -12317.00, -12409.90
11806, -12314.00, -12403.95
11812, -12308.00, -12397.25
11816, -12302.00, -12392.48
11821, -12294.00, -12386.63
11826, -12287.00, -12380.61
11831, -12285.00, -12375.19
11836, -12278.00, -12369.19
11842, -12270.00, -12362.66
11847, -12267.00, -12357.26
11851, -12261.00, -12352.12
11856, -12254.00, -12346.86
11860, -12252.00, -12341.98
11864, -12247.00, -12337.19
11868, -12240.00, -12332.26
11873, -12237.00, -12327.31
11877, -12232.00, -12322.53
11881, -12226.00, -12317.59
11886, -12222.00, -12312.64
11891, -12217.00, -12306.89
11896, -12208.00, -12301.26
11900, -12206.00, -12296.31
11905, -12202.00, -12290.93
11910, -12194.00, -12285.02
11914, -12187.00, -12279.97
11920, -12183.00, -12273.91
11924, -12178.00, -12269.04
11929, -12171.00, -12263.36
11934, -12164.00, -12256.69
11939, -12162.00, -12251.65
11943, -12155.00, -12246.49
11948, -12151.00, -12241.27
11954, -12145.00, -12234.87
11958, -12142.00, -12230.08
11963, -12133.00, -12224.12
11968, -12127.00, -12218.04
11973, -12123.00, -12212.63
11979, -12117.00, -12206.47
11983, -12111.00, -12201.47
11988, -12106.00, -12196.47
11992, -12103.00, -12191.32
11997, -12094.00, -12186.18
12002, -12089.00, -12180.21
12007, -12086.00, -12173.89
12013, -12082.00, -12168.14
12018, -12088.00, -12163.14
12023, -12096.00, -12158.71
12027, -12098.00, -12155.22
12032, -12103.00, -12152.35
12036, -12109.00, -12149.84
12042, -12117.00, -12147.31
12046, -12119.00, -12145.63
12051, -12124.00, -12144.24
12057, -12133.00, -12143.17
12062, -12141.00, -12142.77
12067, -12145.00, -12142.78
12073, -12150.00, -12143.12
12078, -12155.00, -12143.70
12082, -12163.00, -12144.55
12088, -12168.00, -12145.96
12093, -12173.00, -12147.48
12097, -12178.00, -12148.97
12102, -12187.00, -12150.99
12107, -12188.00, -12152.91
12111, -12195.00, -12154.98
12115, -12201.00, -12157.30
12121, -12207.00, -12160.56
12126, -12211.00, -12163.58
12131, -12217.00, -12166.24
12136, -12222.00, -12169.48
12141, -12228.00, -12173.03
12146, -12233.00, -12176.90
12151, -12240.00, -12180.32
12157, -12249.00, -12184.96
12162, -12252.00, -12188.68
12166, -12258.00, -12192.28
12171, -12264.00, -12196.41
12175, -12270.00, -12200.08
12180, -12275.00, -12204.33
12185, -12282.00, -12208.88
12191, -12288.00, -12214.11
12195, -12294.00, -12218.27
12200, -12298.00, -12223.06
12205, -12304.00, -12227.41
12209, -12311.00, -12231.76
12214, -12315.00, -12236.18
12219, -12321.00, -12241.66
12224, -12330.00, -12246.70
12229, -12334.00, -12251.50
12234, -12341.00, -12256.91
12239, -12346.00, -12262.48
12244, -12354.00, -12268.07
12250, -12362.00, -12274.52
12256, -12366.00, -12280.31
12262, -12374.00, -12286.83
12267, -12377.00, -12292.26
12272, -12386.00, -12297.68
12276, -12394.00, -12303.03
12281, -12397.00, -12308.20
12285, -12402.00, -12313.03
12290, -12408.00, -12318.22
12295, -12414.00, -12323.95
12300, -12419.00, -12329.96
12305, -12424.00, -12335.15
12310, -12433.00, -12340.50
12315, -12437.00, -12346.03
12319, -12442.00, -12350.94
12323, -12450.00, -12355.96
12328, -12453.00, -12361.76
12333, -12461.00, -12367.39
12338, -12467.00, -12373.00
12343, -12475.00, -12379.64
12348, -12478.00, -12385.29
12353, -12485.00, -12390.52
12358, -12491.00, -12397.27
12363, -12496.00, -12402.92
12368, -12502.00, -12408.67
12374, -12507.00, -12415.46
12379, -12515.00, -12421.76
12384, -12522.00, -12427.13
12390, -12530.00, -12434.21
12395, -12535.00, -12440.18
12399, -12538.00, -12445.76
12405, -12549.00, -12451.77
12410, -12555.00, -12458.45
12415, -12556.00, -12464.38
12420, -12564.00, -12470.21
12425, -12572.00, -12476.01
12429, -12578.00, -12481.45
12434, -12583.00, -12487.32
12439, -12588.00, -12493.15
12444, -12598.00, -12499.58
12449, -12601.00, -12504.94
12455, -12606.00, -12511.92
12460, -12614.00, -12518.24
12464, -12620.00, -12523.74
12469, -12625.00, -12528.92
12474, -12631.00, -12535.38
12479, -12637.00, -12541.37
12484, -12647.00, -12547.39
12490, -12652.00, -12554.50
12495, -12655.00, -12560.51
12500, -12664.00, -12566.73
12505, -12670.00, -12573.00
12510, -12676.00, -12578.91
12515, -12680.00, -12584.80
12520, -12688.00, -12590.90
12525, -12694.00, -12596.76
12529, -12699.00, -12602.25
12534, -12704.00, -12607.57
12538, -12712.00, -12613.47
12543, -12718.00, -12619.04
12547, -12721.00, -12624.39
12552, -12730.00, -12630.45
12557, -12734.00, -12636.34
12561, -12739.00, -12641.63
12566, -12746.00, -12647.28
12571, -12753.00, -12653.45
12575, -12755.00, -12658.79
12580, -12761.00, -12664.33
12584, -12768.00, -12670.08
12589, -12774.00, -12676.29
12594, -12778.00, -12682.14
12600, -12786.00, -12688.78
12604, -12794.00, -12694.67
12610, -12799.00, -12701.74
12615, -12806.00, -12707.39
12620, -12812.00, -12713.56
12624, -12818.00, -12719.39
12629, -12821.00, -12725.06
12634, -12828.00, -12731.11
12639, -12837.00, -12737.38
12644, -12845.00, -12743.97
12649, -12848.00, -12749.63
12654, -12853.00, -12755.58
12658, -12861.00, -12761.00
12662, -12865.00, -12766.49
12667, -12869.00, -12772.20
12673, -12877.00, -12779.07
12678, -12886.00, -12786.19
12683, -12892.00, -12792.01
12688, -12895.00, -12798.53
12694, -12902.00, -12805.12
12698, -12912.00, -12810.59
12703, -12916.00, -12816.86
12708, -12920.00, -12822.27
12712, -12928.00, -12828.27
12717, -12935.00, -12834.62
12722, -12941.00, -12840.82
12728, -12945.00, -12847.80
12734, -12954.00, -12855.10
12739, -12962.00, -12861.64
12744, -12970.00, -12868.06
12749, -12971.00, -12873.54
12753, -12980.00, -12878.94
12757, -12986.00, -12884.72
12762, -12988.00, -12890.66
12767, -12997.00, -12897.19
12772, -13005.00, -12902.79
12777, -13008.00, -12909.42
12782, -13012.00, -12914.91
12787, -13022.00, -12921.55
12792, -13028.00, -12928.27
12797, -13033.00, -12933.75
12802, -13040.00, -12940.61
12807, -13046.00, -12946.88
12812, -13053.00, -12952.84
12817, -13060.00, -12959.43
12823, -13065.00, -12966.61
12828, -13070.00, -12972.91
12834, -13078.00, -12979.60
12838, -13086.00, -12985.29
12843, -13088.00, -12991.99
12848, -13095.00, -12997.42
12852, -13101.00, -13002.71
12857, -13104.00, -13008.83
12862, -13113.00, -13014.39
12867, -13119.00, -13020.18
12871, -13124.00, -13025.54
12875, -13129.00, -13030.94
12880, -13136.00, -13036.71
12884, -13141.00, -13042.36
12889, -13145.00, -13048.47
12894, -13151.00, -13053.69
12898, -13159.00, -13059.63
12903, -13164.00, -13065.47
12909, -13171.00, -13072.52
12913, -13177.00, -13078.17
12918, -13182.00, -13083.49
12923, -13187.00, -13089.83
12928, -13193.00, -13096.01
12933, -13200.00, -13102.35
12939, -13207.00, -13109.62
12945, -13216.00, -13116.46
12949, -13219.00, -13121.74
12953, -13225.00, -13127.31
12958, -13232.00, -13133.44
12963, -13235.00, -13138.72
12967, -13241.00, -13143.97
12971, -13247.00, -13149.18
12976, -13250.00, -13154.45
12980, -13260.00, -13159.84
12984, -13264.00, -13165.47
12989, -13266.00, -13171.49
12994, -13275.00, -13176.90
13000, -13283.00, -13183.85
13005, -13288.00, -13190.80
13010, -13292.00, -13196.47
13014, -13298.00, -13201.72
13019, -13306.00, -13208.03
13024, -13309.00, -13213.83
13029, -13316.00, -13219.30
13034, -13323.00, -13225.61
13040, -13329.00, -13232.60
13044, -13332.00, -13237.96
13049, -13339.00, -13243.90
13055, -13347.00, -13250.46
13060, -13353.00, -13256.82
13064, -13358.00, -13262.27
13069, -13362.00, -13268.35
13074, -13369.00, -13273.63
13078, -13375.00, -13278.85
13083, -13378.00, -13284.62
13088, -13385.00, -13290.13
13093, -13393.00, -13296.33
13097, -13396.00, -13301.50
13102, -13402.00, -13307.12
13108, -13409.00, -13314.05
13112, -13415.00, -13319.20
13116, -13418.00, -13324.48
13121, -13426.00, -13329.67
13127, -13435.00, -13336.73
13133, -13440.00, -13344.20
13138, -13445.00, -13349.98
13143, -13451.00, -13356.16
13149, -13458.00, -13363.22
13153, -13467.00, -13368.70
13158, -13469.00, -13375.11
13163, -13474.00, -13380.74
13168, -13480.00, -13386.65
13173, -13489.00, -13392.50
13178, -13492.00, -13398.10
13183, -13497.00, -13403.96
13187, -13501.00, -13408.95
13191, -13505.00, -13413.90
13196, -13511.00, -13418.78
13200, -13519.00, -13423.83
13204, -13522.00, -13429.09
13209, -13527.00, -13434.83
13214, -13535.00, -13439.86
13220, -13541.00, -13447.12
13224, -13544.00, -13452.55
13229, -13547.00, -13457.47
13233, -13557.00, -13462.89
13239, -13559.00, -13468.81
13244, -13565.00, -13474.51
13248, -13572.00, -13480.02
13253, -13578.00, -13485.86
13258, -13582.00, -13491.52
13263, -13587.00, -13497.03
13269, -13595.00, -13503.65
13274, -13602.00, -13509.00
13278, -13604.00, -13514.23
13283, -13611.00, -13519.60
13288, -13618.00, -13525.44
13293, -13623.00, -13530.86
13297, -13627.00, -13536.08
13302, -13631.00, -13541.49
13307, -13639.00, -13546.78
13311, -13642.00, -13552.03
13316, -13649.00, -13557.14
13320, -13654.00, -13562.10
13325, -13658.00, -13567.56
13330, -13664.00, -13573.21
13334, -13668.00, -13578.50
13339, -13675.00, -13583.62
13343, -13678.00, -13588.75
13348, -13685.00, -13593.62
13352, -13688.00, -13599.10
13358, -13694.00, -13604.92
13362, -13699.00, -13609.94
13368, -13708.00, -13616.86
13373, -13714.00, -13622.82
13378, -13716.00, -13627.85
13383, -13723.00, -13633.12
13388, -13731.00, -13639.68
13393, -13736.00, -13645.09
13398, -13739.00, -13650.99
13404, -13746.00, -13657.37
13408, -13751.00, -13662.13
13413, -13758.00, -13667.29
13417, -13761.00, -13672.38
13422, -13768.00, -13677.59
13427, -13772.00, -13682.55
13432, -13779.00, -13688.53
13437, -13784.00, -13694.26
13442, -13788.00, -13700.46
13447, -13797.00, -13705.56
13452, -13801.00, -13711.48
13457, -13805.00, -13716.91
13461, -13812.00, -13721.74
13466, -13817.00, -13727.30
13471, -13820.00, -13732.24
13475, -13828.00, -13737.61
13482, -13836.00, -13744.62
13487, -13841.00, -13750.42
13491, -13844.00, -13755.24
13495, -13850.00, -13760.23
13501, -13857.00, -13766.04
13506, -13860.00, -13771.90
13511, -13867.00, -13777.27
13515, -13873.00, -13782.73
13520, -13879.00, -13788.34
13525, -13882.00, -13793.54
13529, -13889.00, -13798.42
13534, -13893.00, -13803.55
13540, -13900.00, -13810.31
13544, -13904.00, -13815.16
13549, -13909.00, -13820.81
13554, -13915.00, -13825.96
13559, -13921.00, -13831.83
13564, -13924.00, -13836.87
13569, -13932.00, -13843.10
13574, -13937.00, -13848.12
13578, -13941.00, -13852.92
13583, -13946.00, -13857.94
13588, -13953.00, -13863.59
13593, -13957.00, -13869.70
13598, -13961.00, -13874.71
13602, -13971.00, -13879.84
13608, -13977.00, -13886.77
13613, -13980.00, -13892.04
13618, -13985.00, -13897.45
13623, -13991.00, -13902.52
13627, -13998.00, -13907.56
13632, -14000.00, -13913.27
13638, -14005.00, -13919.15
13643, -14013.00, -13924.76
13647, -14018.00, -13929.61
13652, -14021.00, -13934.45
13656, -14029.00, -13939.12
13660, -14033.00, -13944.17
13665, -14035.00, -13948.98
13670, -14043.00, -13954.66
13675, -14049.00, -13960.04
13679, -14051.00, -13964.90
13684, -14058.00, -13969.94
13688, -14064.00, -13974.67
13692, -14067.00, -13979.40
13696, -14074.00, -13984.13
13701, -14079.00, -13989.07
13705, -14081.00, -13993.84
13710, -14086.00, -13998.86
13715, -14097.00, -14005.29
13721, -14100.00, -14011.34
13726, -14103.00, -14016.63
13730, -14113.00, -14021.39
13734, -14114.00, -14026.23
13738, -14119.00, -14030.97
13743, -14126.00, -14036.17
13748, -14132.00, -14042.04
13753, -14136.00, -14047.85
13758, -14141.00, -14053.04
13762, -14149.00, -14057.85
13767, -14153.00, -14063.55
13772, -14158.00, -14069.20
13777, -14163.00, -14074.17
13781, -14169.00, -14079.12
13786, -14172.00, -14083.92
13790, -14178.00, -14089.19
13796, -14188.00, -14095.06
13800, -14191.00, -14100.66
13805, -14196.00, -14105.59
13810, -14202.00, -14111.23
13814, -14206.00, -14116.17
13818, -14211.00, -14121.12
13823, -14219.00, -14126.42
13827, -14223.00, -14131.37
13832, -14226.00, -14137.15
13837, -14233.00, -14142.08
13841, -14239.00, -14147.40
13846, -14244.00, -14153.03
13851, -14249.00, -14158.63
13856, -14254.00, -14163.51
13860, -14259.00, -14168.90
13866, -14264.00, -14174.90
13871, -14272.00, -14181.51
13876, -14279.00, -14187.12
13881, -14284.00, -14192.32
13885, -14287.00, -14197.25
13891, -14295.00, -14203.75
13896, -14303.00, -14209.54
13900, -14306.00, -14214.54
13905, -14310.00, -14219.92
13910, -14317.00, -14225.47
13915, -14325.00, -14231.70
13920, -14327.00, -14237.61
13925, -14333.00, -14243.09
13930, -14339.00, -14248.49
13935, -14346.00, -14254.22
13940, -14352.00, -14260.45
13945, -14357.00, -14265.42
13949, -14363.00, -14270.88
13954, -14368.00, -14275.86
13958, -14372.00, -14280.82
13962, -14378.00, -14285.96
13967, -14384.00, -14290.99
13972, -14386.00, -14296.70
13977, -14395.00, -14302.23
13981, -14399.00, -14307.42
13987, -14403.00, -14314.00
13993, -14411.00, -14320.58
13998, -14418.00, -14326.08
14002, -14426.00, -14331.57
14008, -14429.00, -14338.15
14012, -14434.00, -14343.21
14018, -14444.00, -14350.04
14023, -14450.00, -14356.18
14028, -14454.00, -14361.32
14033, -14458.00, -14367.34
14038, -14466.00, -14373.33
14043, -14473.00, -14378.63
14049, -14478.00, -14385.47
14053, -14482.00, -14391.04
14059, -14488.00, -14397.02
14064, -14497.00, -14402.79
14068, -14503.00, -14408.60
14073, -14507.00, -14414.12
14078, -14512.00, -14419.31
14082, -14517.00, -14424.78
14088, -14522.00, -14430.99
14092, -14528.00, -14436.20
14098, -14536.00, -14442.63
14103, -14543.00, -14448.81
14107, -14543.00, -14453.92
14112, -14550.00, -14459.06
14118, -14557.00, -14465.83
14123, -14565.00, -14471.19
14127, -14566.00, -14476.81
14132, -14572.00, -14482.05
14138, -14580.00, -14488.74
14142, -14587.00, -14493.95
14148, -14592.00, -14500.83
14153, -14597.00, -14506.60
14159, -14603.00, -14512.71
14165, -14609.00, -14519.13
14170, -14617.00, -14525.05
14174, -14620.00, -14530.26
14179, -14625.00, -14535.63
14183, -14632.00, -14540.62
14188, -14634.00, -14545.46
14192, -14641.00, -14550.65
14198, -14647.00, -14556.65
14202, -14652.00, -14561.78
14206, -14654.00, -14566.57
14211, -14664.00, -14571.81
14216, -14668.00, -14577.45
14221, -14674.00, -14583.05
14226, -14678.00, -14588.61
14231, -14685.00, -14594.26
14236, -14689.00, -14599.61
14240, -14693.00, -14605.14
14246, -14701.00, -14611.45
14251, -14708.00, -14616.78
14256, -14714.00, -14623.15
14261, -14717.00, -14628.43
14266, -14723.00, -14634.06
14271, -14731.00, -14639.45
14276, -14736.00, -14645.02
14281, -14740.00, -14650.86
14286, -14746.00, -14656.33
14291, -14755.00, -14662.07
14295, -14757.00, -14667.42
14300, -14761.00, -14672.40
14306, -14769.00, -14678.86
14310, -14775.00, -14684.38
14315, -14778.00, -14689.53
14320, -14785.00, -14695.20
14325, -14791.00, -14700.95
14330, -14797.00, -14706.02
14335, -14801.00, -14712.52
14341, -14806.00, -14718.28
14345, -14814.00, -14723.41
14350, -14822.00, -14728.83
14356, -14825.00, -14735.46
14360, -14827.00, -14740.47
14365, -14837.00, -14745.67
14370, -14842.00, -14751.82
14375, -14846.00, -14757.54
14380, -14852.00, -14763.24
14385, -14859.00, -14768.58
14390, -14864.00, -14774.29
14395, -14868.00, -14779.31
14399, -14874.00, -14784.10
14404, -14882.00, -14789.94
14409, -14885.00, -14795.56
14413, -14890.00, -14800.36
14418, -14896.00, -14806.10
14424, -14905.00, -14812.78
14429, -14907.00, -14818.14
14434, -14912.00, -14823.81
14439, -14919.00, -14829.62
14444, -14924.00, -14834.77
14449, -14929.00, -14840.37
14454, -14934.00, -14846.43
14459, -14940.00, -14851.39
14464, -14946.00, -14856.64
14469, -14953.00, -14862.99
14474, -14957.00, -14867.90
14478, -14962.00, -14873.44
14484, -14972.00, -14879.58
14488, -14972.00, -14884.46
14492, -14979.00, -14889.20
14497, -14986.00, -14894.86
14502, -14989.00, -14900.53
14507, -14995.00, -14906.14
14513, -15001.00, -14911.89
14518, -15008.00, -14918.17
14523, -15012.00, -14923.40
14528, -15017.00, -14929.09
14533, -15024.00, -14934.14
14537, -15031.00, -14939.52
14542, -15033.00, -14944.73
14547, -15039.00, -14950.26
14552, -15046.00, -14955.92
14557, -15053.00, -14961.52
14561, -15054.00, -14966.68
14567, -15063.00, -14973.26
14572, -15068.00, -14978.51
14576, -15073.00, -14983.42
14581, -15079.00, -14988.51
14585, -15085.00, -14993.43
14590, -15089.00, -14998.91
14594, -15094.00, -15003.77
14599, -15102.00, -15008.91
14603, -15104.00, -15013.83
14607, -15109.00, -15018.72
14612, -15116.00, -15023.70
14616, -15119.00, -15029.07
14622, -15125.00, -15035.39
14626, -15134.00, -15040.47
14631, -15138.00, -15046.05
14636, -15142.00, -15051.42
14640, -15147.00, -15056.65
14645, -15155.00, -15061.95
14650, -15160.00, -15067.76
14655, -15163.00, -15073.17
14659, -15172.00, -15078.11
14664, -15174.00, -15083.39
14670, -15183.00, -15090.98
14675, -15187.00, -15096.49
14680, -15195.00, -15102.20
14685, -15201.00, -15107.81
14690, -15205.00, -15114.28
14695, -15211.00, -15119.23
14700, -15217.00, -15124.98
14706, -15226.00, -15132.02
14710, -15230.00, -15137.52
14715, -15234.00, -15142.73
14719, -15241.00, -15147.83
14724, -15245.00, -15152.83
14728, -15250.00, -15157.98
14733, -15256.00, -15163.31
14738, -15263.00, -15169.41
14743, -15266.00, -15174.92
14747, -15273.00, -15179.86
14751, -15279.00, -15184.97
14755, -15281.00, -15189.96
14760, -15288.00, -15194.94
14765, -15295.00, -15200.62
14770, -15300.00, -15206.83
14774, -15305.00, -15212.13
14779, -15313.00, -15218.11
14785, -15320.00, -15224.92
14790, -15323.00, -15230.84
14795, -15329.00, -15236.34
14800, -15336.00, -15241.79
14805, -15343.00, -15248.40
14810, -15345.00, -15253.99
14816, -15355.00, -15261.04
14821, -15360.00, -15266.70
14825, -15366.00, -15272.10
14830, -15371.00, -15277.38
14835, -15376.00, -15283.55
14840, -15382.00, -15288.77
14845, -15391.00, -15295.23
14850, -15393.00, -15300.77
14854, -15399.00, -15305.89
14859, -15404.00, -15311.04
14863, -15408.00, -15316.56
14868, -15416.00, -15322.33
14873, -15423.00, -15328.25
14878, -15426.00, -15333.55
14883, -15434.00, -15339.82
14889, -15441.00, -15346.76
14894, -15447.00, -15352.64
14899, -15456.00, -15359.13
14905, -15463.00, -15366.26
14910, -15464.00, -15372.00
14915, -15471.00, -15377.83
14920, -15478.00, -15383.75
14925, -15484.00, -15389.40
14930, -15489.00, -15395.01
14934, -15497.00, -15400.29
14938, -15501.00, -15405.45
14943, -15506.00, -15410.87
14948, -15511.00, -15416.99
14953, -15520.00, -15422.85
14958, -15522.00, -15428.62
14962, -15527.00, -15433.89
14968, -15535.00, -15440.67
14973, -15544.00, -15446.78
14977, -15546.00, -15452.04
14982, -15553.00, -15457.62
14988, -15561.00, -15464.89
14993, -15567.00, -15470.68
14997, -15570.00, -15475.86
15002, -15576.00, -15481.86
15007, -15583.00, -15487.86
15013, -15591.00, -15494.25
15017, -15593.00, -15499.78
15023, -15602.00, -15506.46
15028, -15608.00, -15513.21
15034, -15614.00, -15519.48
15039, -15621.00, -15525.96
15044, -15626.00, -15531.14
15048, -15632.00, -15536.65
15053, -15638.00, -15542.63
15058, -15640.00, -15547.93
15063, -15647.00, -15553.70
15068, -15655.00, -15559.83
15073, -15661.00, -15565.77
15078, -15664.00, -15571.56
15083, -15670.00, -15577.26
15088, -15678.00, -15583.35
15092, -15682.00, -15588.55
15097, -15688.00, -15594.24
15103, -15693.00, -15601.01
15108, -15702.00, -15606.63
15113, -15707.00, -15612.67
15117, -15709.00, -15618.01
15122, -15716.00, -15623.38
15126, -15722.00, -15628.78
15131, -15728.00, -15634.34
15137, -15732.00, -15640.65
15141, -15741.00, -15645.74
15145, -15743.00, -15650.78
15150, -15749.00, -15655.79
15154, -15755.00, -15661.41
15159, -15760.00, -15666.72
15165, -15765.00, -15673.36
15170, -15771.00, -15679.38
15174, -15778.00, -15684.79
15179, -15784.00, -15690.49
15185, -15789.00, -15696.70
15190, -15793.00, -15702.95
15195, -15800.00, -15708.67
15201, -15809.00, -15715.24
15206, -15813.00, -15721.16
15211, -15817.00, -15726.86
15216, -15824.00, -15732.56
15221, -15832.00, -15738.36
15225, -15833.00, -15743.41
15230, -15837.00, -15748.23
15234, -15846.00, -15753.02
15239, -15848.00, -15758.57
15244, -15853.00, -15765.05
15249, -15859.00, -15770.46
15254, -15868.00, -15776.18
15259, -15873.00, -15781.82
15264, -15877.00, -15787.18
15269, -15883.00, -15792.65
15273, -15891.00, -15798.04
15279, -15895.00, -15804.22
15285, -15900.00, -15810.81
15290, -15906.00, -15816.38
15295, -15911.00, -15822.59
15300, -15919.00, -15827.74
15305, -15924.00, -15834.33
15310, -15930.00, -15839.83
15315, -15935.00, -15845.43
15320, -15941.00, -15850.53
15324, -15945.00, -15855.45
15329, -15951.00, -15860.94
15334, -15960.00, -15866.44
15339, -15963.00, -15872.18
15344, -15966.00, -15878.35
15349, -15973.00, -15884.02
15354, -15980.00, -15889.51
15359, -15982.00, -15894.66
15365, -15989.00, -15901.36
15369, -15996.00, -15906.15
15374, -16002.00, -15911.23
15378, -16005.00, -15916.40
15383, -16011.00, -15921.39
15388, -16018.00, -15927.75
15393, -16022.00, -15932.61
15398, -16028.00, -15938.20
15403, -16035.00, -15944.22
15407, -16041.00, -15949.30
15413, -16046.00, -15955.95
15418, -16051.00, -15961.56
15423, -16057.00, -15967.55
15428, -16063.00, -15973.14
15433, -16068.00, -15978.08
15439, -16075.00, -15985.30
15444, -16080.00, -15991.07
15449, -16085.00, -15996.33
15455, -16094.00, -16003.00
15460, -16097.00, -16008.27
15464, -16103.00, -16013.25
15469, -16110.00, -16018.80
15474, -16117.00, -16024.13
15478, -16117.00, -16029.03
15482, -16125.00, -16033.84
15487, -16129.00, -16039.44
15492, -16133.00, -16044.38
15496, -16140.00, -16049.22
15500, -16144.00, -16054.44
15506, -16148.00, -16060.53
15510, -16156.00, -16065.47
15516, -16163.00, -16071.81
15522, -16169.00, -16078.48
15526, -16173.00, -16083.36
15532, -16179.00, -16089.91
15537, -16184.00, -16095.45
15541, -16193.00, -16100.60
15547, -16196.00, -16106.86
15552, -16201.00, -16112.25
15556, -16206.00, -16117.35
15561, -16213.00, -16122.87
15567, -16219.00, -16129.22
15572, -16223.00, -16134.64
15577, -16230.00, -16140.21
15581, -16234.00, -16144.99
15585, -16239.00, -16150.04
15590, -16245.00, -16155.06
15595, -16253.00, -16160.54
15599, -16254.00, -16165.40
15604, -16258.00, -16170.55
15608, -16267.00, -16175.68
15614, -16272.00, -16182.17
15619, -16277.00, -16188.09
15623, -16285.00, -16193.09
15628, -16293.00, -16198.72
15634, -16296.00, -16205.37
15639, -16302.00, -16210.75
15644, -16308.00, -16216.80
15649, -16315.00, -16223.08
15655, -16320.00, -16228.93
15659, -16324.00, -16234.38
15665, -16329.00, -16240.66
15670, -16338.00, -16246.10
15674, -16343.00, -16251.48
15679, -16346.00, -16256.46
15683, -16354.00, -16261.59
15688, -16361.00, -16267.16
15692, -16363.00, -16272.14
15697, -16368.00, -16276.97
15701, -16376.00, -16282.54
15706, -16379.00, -16287.86
15711, -16385.00, -16293.18
15715, -16393.00, -16298.45
15720, -16396.00, -16304.17
15724, -16401.00, -16309.22
15729, -16409.00, -16314.27
15734, -16414.00, -16321.00
15739, -16417.00, -16326.46
15745, -16424.00, -16332.96
15750, -16432.00, -16338.41
15754, -16438.00, -16344.22
15759, -16439.00, -16349.46
15763, -16447.00, -16354.46
15768, -16452.00, -16359.68
15772, -16458.00, -16365.08
15777, -16463.00, -16370.74
15782, -16468.00, -16375.72
15786, -16471.00, -16380.61
15791, -16479.00, -16385.92
15795, -16484.00, -16390.97
15799, -16487.00, -16395.88
15803, -16493.00, -16400.81
15808, -16499.00, -16406.00
15812, -16503.00, -16410.99
15816, -16510.00, -16415.98
15821, -16513.00, -16421.01
15825, -16518.00, -16426.37
15830, -16525.00, -16432.13
15835, -16532.00, -16437.77
15839, -16534.00, -16442.87
15844, -16541.00, -16448.57
15849, -16550.00, -16454.22
15854, -16552.00, -16460.14
15859, -16558.00, -16465.35
15864, -16564.00, -16471.44
15869, -16572.00, -16477.19
15873, -16574.00, -16482.38
15878, -16581.00, -16487.64
15884, -16588.00, -16494.75
15889, -16594.00, -16500.39
15893, -16596.00, -16505.55
15897, -16603.00, -16510.50
15902, -16608.00, -16515.50
15906, -16612.00, -16520.46
15910, -16620.00, -16525.42
15914, -16621.00, -16530.36
15919, -16626.00, -16535.31
15923, -16633.00, -16540.34
15928, -16637.00, -16545.34
15932, -16644.00, -16550.27
15936, -16649.00, -16555.21
15940, -16652.00, -16560.30
15945, -16659.00, -16565.27
15950, -16663.00, -16571.10
15954, -16668.00, -16576.72
15959, -16673.00, -16582.14
15964, -16679.00, -16587.69
15969, -16685.00, -16593.25
15973, -16687.00, -16598.17
15978, -16695.00, -16603.82
15983, -16700.00, -16609.65
15988, -16705.00, -16614.99
15994, -16711.00, -16621.44
16000, -16718.00, -16627.98
16004, -16722.00, -16632.93
16009, -16726.00, -16638.21
16014, -16728.00, -16643.51
16019, -16726.00, -16649.08
16023, -16725.00, -16653.10
16028, -16727.00, -16657.11
16032, -16725.00, -16660.77
16037, -16727.00, -16664.30
16041, -16727.00, -16667.86
16047, -16727.00, -16672.03
16052, -16725.00, -16675.17
16056, -16728.00, -16677.88
16062, -16727.00, -16681.18
16067, -16728.00, -16684.26
16072, -16726.00, -16686.96
16077, -16729.00, -16689.44
16083, -16728.00, -16692.19
16088, -16725.00, -16694.38
16095, -16727.00, -16696.74
16099, -16727.00, -16698.41
16104, -16726.00, -16700.12
16109, -16726.00, -16701.63
16114, -16727.00, -16703.16
16119, -16726.00, -16704.47
16123, -16725.00, -16705.67
16128, -16727.00, -16706.93
16133, -16726.00, -16708.04
16138, -16727.00, -16709.13
16142, -16726.00, -16710.12
16147, -16728.00, -16711.07
16152, -16726.00, -16712.03
16156, -16728.00, -16712.84
16162, -16726.00, -16713.72
16166, -16725.00, -16714.42
16172, -16726.00, -16715.14
16177, -16726.00, -16715.80
16182, -16725.00, -16716.46
16187, -16727.00, -16717.03
16193, -16724.00, -16717.59
16198, -16728.00, -16718.11
16204, -16726.00, -16718.74
16208, -16726.00, -16719.13
16213, -16726.00, -16719.54
16219, -16726.00, -16719.99
16223, -16727.00, -16720.33
16228, -16728.00, -16720.75
16234, -16725.00, -16721.16
16238, -16727.00, -16721.43
16243, -16727.00, -16721.73
16247, -16727.00, -16722.03
16252, -16726.00, -16722.29
16257, -16726.00, -16722.49
16262, -16725.00, -16722.70
16267, -16728.00, -16722.93
16272, -16725.00, -16723.14
16277, -16725.00, -16723.25
16283, -16726.00, -16723.42
16288, -16727.00, -16723.61
16293, -16726.00, -16723.79
16298, -16726.00, -16723.90
16304, -16725.00, -16724.03
16309, -16727.00, -16724.14
16314, -16725.00, -16724.26
16319, -16725.00, -16724.30
16323, -16725.00, -16724.34
16328, -16727.00, -16724.43
16333, -16725.00, -16724.54
16338, -16727.00, -16724.62
16343, -16726.00, -16724.73
16348, -16726.00, -16724.81
16353, -16725.00, -16724.85
16357, -16726.00, -16724.89
16362, -16725.00, -16724.92
16367, -16727.00, -16724.98
16371, -16726.00, -16725.07
16376, -16726.00, -16725.13
16382, -16727.00, -16725.23
16388, -16725.00, -16725.28
16394, -16728.00, -16725.37
16399, -16727.00, -16725.49
16403, -16726.00, -16725.55
16408, -16727.00, -16725.61
16413, -16727.00, -16725.70
16418, -16726.00, -16725.74
16422, -16726.00, -16725.75
16427, -16727.00, -16725.80
16432, -16726.00, -16725.84
16437, -16726.00, -16725.85
16442, -16727.00, -16725.90
16447, -16728.00, -16726.00
16452, -16726.00, -16726.06
16457, -16727.00, -16726.09
16462, -16727.00, -16726.14
16467, -16726.00, -16726.16
16471, -16726.00, -16726.15
16476, -16727.00, -16726.17
16480, -16725.00, -16726.16
16485, -16726.00, -16726.13
16489, -16726.00, -16726.12
16494, -16728.00, -16726.17
16500, -16726.00, -16726.23
16505, -16726.00, -16726.22
16511, -16726.00, -16726.20
16515, -16725.00, -16726.16
16521, -16727.00, -16726.15
16526, -16726.00, -16726.17
16530, -16726.00, -16726.16
16535, -16727.00, -16726.18
16540, -16727.00, -16726.23
16545, -16728.00, -16726.30
16550, -16726.00, -16726.35
16555, -16727.00, -16726.36
16559, -16726.00, -16726.37
16565, -16725.00, -16726.31
16571, -16726.00, -16726.25
16575, -16728.00, -16726.29
16580, -16728.00, -16726.38
16584, -16726.00, -16726.42
16588, -16728.00, -16726.45
16593, -16726.00, -16726.48
16597, -16726.00, -16726.45
16602, -16727.00, -16726.46
16606, -16727.00, -16726.48
16611, -16727.00, -16726.51
16615, -16727.00, -16726.54
16621, -16725.00, -16726.51
16625, -16727.00, -16726.48
16631, -16728.00, -16726.55
16636, -16727.00, -16726.61
16642, -16727.00, -16726.64
16647, -16727.00, -16726.66
16652, -16727.00, -16726.68
16658, -16725.00, -16726.63
16663, -16725.00, -16726.53
16668, -16725.00, -16726.44
16673, -16727.00, -16726.42
16677, -16730.00, -16726.53
16682, -16728.00, -16726.67
16686, -16725.00, -16726.66
16691, -16725.00, -16726.55
16696, -16726.00, -16726.49
16701, -16725.00, -16726.44
16705, -16727.00, -16726.41
16709, -16728.00, -16726.47
16714, -16727.00, -16726.54
16719, -16727.00, -16726.56
16725, -16725.00, -16726.52
16730, -16726.00, -16726.46
16734, -16726.00, -16726.44
16738, -16725.00, -16726.39
16743, -16728.00, -16726.39
16748, -16725.00, -16726.40
16754, -16727.00, -16726.37
16759, -16726.00, -16726.38
16764, -16728.00, -16726.42
16769, -16727.00, -16726.49
16775, -16727.00, -16726.52
16780, -16728.00, -16726.58
16784, -16728.00, -16726.66
16788, -16728.00, -16726.73
16793, -16727.00, -16726.78
16798, -16727.00, -16726.79
16804, -16727.00, -16726.81
16809, -16726.00, -16726.79
16815, -16727.00, -16726.77
16820, -16726.00, -16726.75
16825, -16726.00, -16726.71
16830, -16727.00, -16726.70
16836, -16725.00, -16726.65
16842, -16727.00, -16726.60
16846, -16725.00, -16726.57
16851, -16728.00, -16726.56
16856, -16727.00, -16726.62
16860, -16727.00, -16726.64
16865, -16725.00, -16726.61
16869, -16727.00, -16726.58
16874, -16726.00, -16726.57
16878, -16727.00, -16726.57
16882, -16725.00, -16726.54
16887, -16726.00, -16726.48
16891, -16724.00, -16726.40
16896, -16725.00, -16726.29
16900, -16726.00, -16726.25
16904, -16727.00, -16726.26
16909, -16727.00, -16726.30
16914, -16727.00, -16726.35
16919, -16725.00, -16726.33
16923, -16726.00, -16726.28
16928, -16727.00, -16726.29
16934, -16728.00, -16726.38
16938, -16727.00, -16726.45
16944, -16727.00, -16726.48
16949, -16727.00, -16726.52
16954, -16724.00, -16726.46
16959, -16725.00, -16726.33
16965, -16725.00, -16726.24
16969, -16727.00, -16726.23
16975, -16725.00, -16726.21
16980, -16726.00, -16726.17
16986, -16726.00, -16726.15
16991, -16727.00, -16726.18
16996, -16728.00, -16726.26
17002, -16728.00, -16726.37
17006, -16727.00, -16726.43
17010, -16726.00, -16726.44
17015, -16726.00, -16726.41
17020, -16724.00, -16726.33
17025, -16728.00, -16726.31
17030, -16726.00, -16726.36
17034, -16727.00, -16726.36
17039, -16727.00, -16726.40
17043, -16725.00, -16726.38
17048, -16726.00, -16726.32
17052, -16725.00, -16726.28
17057, -16727.00, -16726.26
17063, -16728.00, -16726.34
17067, -16725.00, -16726.35
17071, -16728.00, -16726.36
17076, -16727.00, -16726.42
17080, -16727.00, -16726.45
17085, -16728.00, -16726.51
17089, -16728.00, -16726.59
17094, -16726.00, -16726.62
17100, -16727.00, -16726.61
17104, -16725.00, -16726.57
17109, -16727.00, -16726.54
17114, -16728.00, -16726.60
17119, -16725.00, -16726.59
17124, -16724.00, -16726.46
17129, -16728.00, -16726.44
17134, -16727.00, -16726.51
17140, -16727.00, -16726.54
17144, -16727.00, -16726.57
17150, -16727.00, -16726.60
17155, -16727.00, -16726.62
17160, -16727.00, -16726.64
17165, -16728.00, -16726.70
17170, -16727.00, -16726.75
17175, -16729.00, -16726.82
17180, -16726.00, -16726.86
17185, -16725.00, -16726.78
17190, -16726.00, -16726.69
17195, -16727.00, -16726.68
17201, -16726.00, -16726.67
17206, -16728.00, -16726.69
17211, -16728.00, -16726.78
17217, -16727.00, -16726.83
17221, -16726.00, -16726.81
17226, -16726.00, -16726.77
17231, -16728.00, -16726.78
17235, -16726.00, -16726.79
17240, -16726.00, -16726.75
17244, -16726.00, -16726.71
17250, -16728.00, -16726.73
17254, -16726.00, -16726.74
17259, -16727.00, -16726.73
17263, -16728.00, -16726.77
17267, -16726.00, -16726.78
17271, -16725.00, -16726.71
17277, -16727.00, -16726.67
17283, -16727.00, -16726.69
17287, -16726.00, -16726.68
17293, -16725.00, -16726.61
17297, -16726.00, -16726.55
17302, -16728.00, -16726.58
17307, -16729.00, -16726.69
17312, -16728.00, -16726.80
17317, -16728.00, -16726.87
17321, -16727.00, -16726.90
17327, -16727.00, -16726.91
17332, -16725.00, -16726.85
17336, -16726.00, -16726.78
17341, -16726.00, -16726.73
17346, -16727.00, -16726.72
17350, -16728.00, -16726.76
17355, -16725.00, -16726.75
17360, -16726.00, -16726.66
17366, -16727.00, -16726.65
17370, -16728.00, -16726.70
17375, -16726.00, -16726.71
17380, -16726.00, -16726.67
17384, -16727.00, -16726.66
17389, -16727.00, -16726.68
17394, -16727.00, -16726.70
17399, -16725.00, -16726.66
17403, -16726.00, -16726.59
17408, -16726.00, -16726.55
17413, -16727.00, -16726.55
17418, -16725.00, -16726.52
17422, -16726.00, -16726.46
17427, -16727.00, -16726.46
17432, -16725.00, -16726.44
17437, -16727.00, -16726.41
17441, -16728.00, -16726.47
17446, -16725.00, -16726.47
17450, -16727.00, -16726.45
17455, -16725.00, -16726.42
17460, -16727.00, -16726.39
17465, -16727.00, -16726.43
17470, -16729.00, -16726.53
17474, -16724.00, -16726.52
17478, -16726.00, -16726.44
17484, -16726.00, -16726.41
17489, -16728.00, -16726.44
17494, -16727.00, -16726.51
17498, -16727.00, -16726.54
17503, -16726.00, -16726.54
17508, -16727.00, -16726.53
17514, -16726.00, -16726.53
17519, -16725.00, -16726.47
17524, -16726.00, -16726.41
17529, -16728.00, -16726.45
17535, -16725.00, -16726.45
17540, -16726.00, -16726.39
17545, -16727.00, -16726.40
17550, -16726.00, -16726.40
17555, -16727.00, -16726.41
17559, -16727.00, -16726.44
17564, -16725.00, -16726.42
17568, -16729.00, -16726.45
17573, -16728.00, -16726.56
17577, -16726.00, -16726.59
17581, -16727.00, -16726.58
17586, -16726.00, -16726.58
17590, -16728.00, -16726.60
17595, -16727.00, -16726.65
17600, -16726.00, -16726.64
17605, -16726.00, -16726.61
17610, -16726.00, -16726.57
17616, -16727.00, -16726.56
17620, -16726.00, -16726.56
17625, -16727.00, -16726.56
17631, -16726.00, -16726.55
17636, -16728.00, -16726.58
17641, -16727.00, -16726.64
17645, -16725.00, -16726.61
17651, -16727.00, -16726.56
17655, -16727.00, -16726.59
17659, -16726.00, -16726.58
17664, -16726.00, -16726.55
17668, -16725.00, -16726.49
17672, -16727.00, -16726.47
17678, -16727.00, -16726.50
17683, -16727.00, -16726.53
17687, -16725.00, -16726.51
17693, -16727.00, -16726.47
17699, -16727.00, -16726.51
17704, -16729.00, -16726.59
17710, -16725.00, -16726.62
17715, -16727.00, -16726.58
17719, -16727.00, -16726.61
17724, -16726.00, -16726.60
17730, -16728.00, -16726.63
17735, -16726.00, -16726.65
17741, -16727.00, -16726.64
17746, -16725.00, -16726.61
17750, -16727.00, -16726.57
17755, -16727.00, -16726.60
17761, -16728.00, -16726.66
17765, -16726.00, -16726.68
17770, -16726.00, -16726.64
17774, -16727.00, -16726.63
17779, -16727.00, -16726.66
17784, -16728.00, -16726.71
17789, -16726.00, -16726.73
17794, -16727.00, -16726.71
17799, -16728.00, -16726.76
17803, -16727.00, -16726.80
17808, -16726.00, -16726.79
17813, -16726.00, -16726.74
17818, -16727.00, -16726.72
17824, -16726.00, -16726.71
17829, -16728.00, -16726.72
17833, -16728.00, -16726.79
17838, -16726.00, -16726.80
17844, -16726.00, -16726.75
17849, -16730.00, -16726.84
17854, -16726.00, -16726.90
17859, -16728.00, -16726.91
17864, -16726.00, -16726.92
17869, -16727.00, -16726.89
17874, -16727.00, -16726.90
17879, -16727.00, -16726.90
17884, -16726.00, -16726.88
17888, -16726.00, -16726.83
17892, -16726.00, -16726.79
17897, -16726.00, -16726.75
17902, -16725.00, -16726.67
17907, -16727.00, -16726.63
17913, -16724.00, -16726.55
17918, -16724.00, -16726.38
17923, -16729.00, -16726.38
17927, -16726.00, -16726.45
17932, -16727.00, -16726.45
17937, -16725.00, -16726.42
17942, -16727.00, -16726.40
17947, -16728.00, -16726.47
17952, -16728.00, -16726.55
17956, -16727.00, -16726.60
17960, -16725.00, -16726.57
17964, -16728.00, -16726.57
17969, -16727.00, -16726.62
17973, -16727.00, -16726.64
17978, -16726.00, -16726.63
17983, -16726.00, -16726.60
17987, -16728.00, -16726.62
17992, -16726.00, -16726.64
17996, -16726.00, -16726.61
18001, -16724.00, -16726.52
18005, -16724.00, -16726.38
18011, -16725.00, -16726.24
18016, -16727.00, -16726.23
18021, -16726.00, -16726.24
18026, -16728.00, -16726.29
18031, -16727.00, -16726.37
18036, -16726.00, -16726.38
18040, -16726.00, -16726.35
18045, -16726.00, -16726.33
18049, -16727.00, -16726.34
18054, -16727.00, -16726.38
18059, -16727.00, -16726.42
18064, -16727.00, -16726.45
18068, -16726.00, -16726.46
18074, -16726.00, -16726.42
18079, -16728.00, -16726.46
18085, -16726.00, -16726.49
18091, -16725.00, -16726.42
18096, -16726.00, -16726.37
18100, -16727.00, -16726.38
18105, -16727.00, -16726.41
18109, -16727.00, -16726.44
18113, -16727.00, -16726.47
18118, -16727.00, -16726.50
18123, -16727.00, -16726.53
18129, -16726.00, -16726.53
18134, -16725.00, -16726.47
18139, -16727.00, -16726.44
18144, -16727.00, -16726.47
18149, -16725.00, -16726.44
18153, -16726.00, -16726.39
18159, -16728.00, -16726.43
18165, -16728.00, -16726.54
18169, -16726.00, -16726.56
18174, -16725.00, -16726.50
18179, -16727.00, -16726.47
18184, -16727.00, -16726.50
18190, -16727.00, -16726.54
18196, -16728.00, -16726.60
18201, -16726.00, -16726.63
18207, -16727.00, -16726.62
18211, -16727.00, -16726.64
18215, -16725.00, -16726.61
18220, -16728.00, -16726.60
18224, -16727.00, -16726.65
18230, -16726.00, -16726.64
18235, -16726.00, -16726.60
18240, -16725.00, -16726.53
18244, -16725.00, -16726.45
18250, -16726.00, -16726.39
18254, -16726.00, -16726.37
18259, -16727.00, -16726.38
18265, -16727.00, -16726.42
18269, -16729.00, -16726.51
18274, -16728.00, -16726.62
18279, -16726.00, -16726.64
18283, -16725.00, -16726.57
18288, -16726.00, -16726.52
18293, -16729.00, -16726.58
18299, -16726.00, -16726.65
18304, -16727.00, -16726.64
18308, -16728.00, -16726.69
18313, -16726.00, -16726.71
18318, -16725.00, -16726.63
18323, -16726.00, -16726.57
18328, -16727.00, -16726.56
18333, -16727.00, -16726.59
18337, -16728.00, -16726.64
18343, -16726.00, -16726.66
18349, -16726.00, -16726.62
18353, -16727.00, -16726.61
18359, -16727.00, -16726.64
18365, -16725.00, -16726.59
18369, -16726.00, -16726.53
18374, -16728.00, -16726.56
18379, -16728.00, -16726.65
18384, -16727.00, -16726.70
18390, -16727.00, -16726.72
18395, -16727.00, -16726.74
18399, -16729.00, -16726.81
18404, -16728.00, -16726.91
18409, -16727.00, -16726.95
18414, -16727.00, -16726.95
18418, -16727.00, -16726.95
18423, -16727.00, -16726.96
18429, -16728.00, -16726.99
18433, -16726.00, -16726.99
18437, -16727.00, -16726.97
18442, -16726.00, -16726.94
18447, -16727.00, -16726.91
18451, -16727.00, -16726.92
18456, -16728.00, -16726.95
18461, -16726.00, -16726.96
18466, -16726.00, -16726.90
18471, -16726.00, -16726.85
18476, -16727.00, -16726.83
18482, -16726.00, -16726.80
18488, -16726.00, -16726.74
18493, -16727.00, -16726.73
18499, -16728.00, -16726.78
18504, -16728.00, -16726.85
18509, -16725.00, -16726.83
18515, -16725.00, -16726.71
18519, -16728.00, -16726.70
18524, -16725.00, -16726.69
18528, -16728.00, -16726.68
18533, -16728.00, -16726.75
18538, -16729.00, -16726.86
18542, -16725.00, -16726.87
18547, -16728.00, -16726.85
18551, -16726.00, -16726.86
18557, -16726.00, -16726.80
18561, -16726.00, -16726.76
18566, -16727.00, -16726.74
18571, -16726.00, -16726.73
18575, -16727.00, -16726.71
18581, -16727.00, -16726.73
18585, -16726.00, -16726.72
18590, -16728.00, -16726.73
18595, -16726.00, -16726.75
18600, -16725.00, -16726.66
18606, -16724.00, -16726.52
18611, -16726.00, -16726.43
18616, -16727.00, -16726.43
18621, -16727.00, -16726.46
18626, -16727.00, -16726.50
18631, -16725.00, -16726.47
18636, -16726.00, -16726.41
18641, -16727.00, -16726.41
18646, -16727.00, -16726.45
18650, -16726.00, -16726.45
18654, -16728.00, -16726.48
18659, -16725.00, -16726.48
18664, -16727.00, -16726.45
18669, -16726.00, -16726.46
18673, -16727.00, -16726.46
18679, -16724.00, -16726.39
18683, -16727.00, -16726.34
18689, -16727.00, -16726.39
18694, -16725.00, -16726.37
18700, -16726.00, -16726.30
18706, -16726.00, -16726.28
18711, -16728.00, -16726.33
18717, -16727.00, -16726.41
18721, -16725.00, -16726.39
18725, -16725.00, -16726.32
18729, -16725.00, -16726.25
18734, -16727.00, -16726.24
18738, -16727.00, -16726.28
18742, -16729.00, -16726.37
18747, -16726.00, -16726.43
18751, -16727.00, -16726.43
18755, -16726.00, -16726.44
18759, -16728.00, -16726.46
18763, -16726.00, -16726.49
18768, -16727.00, -16726.49
18772, -16727.00, -16726.52
18776, -16726.00, -16726.52
18780, -16725.00, -16726.47
18785, -16726.00, -16726.42
18790, -16728.00, -16726.45
18795, -16727.00, -16726.51
18799, -16726.00, -16726.51
18804, -16727.00, -16726.51
18809, -16727.00, -16726.54
18813, -16726.00, -16726.54
18817, -16726.00, -16726.51
18821, -16726.00, -16726.48
18826, -16728.00, -16726.51
18830, -16725.00, -16726.51
18834, -16728.00, -16726.51
18839, -16730.00, -16726.64
18843, -16726.00, -16726.71
18847, -16727.00, -16726.70
18852, -16726.00, -16726.69
18858, -16726.00, -16726.64
18862, -16726.00, -16726.61
18867, -16727.00, -16726.60
18872, -16727.00, -16726.62
18876, -16727.00, -16726.64
18881, -16726.00, -16726.64
18885, -16727.00, -16726.63
18890, -16728.00, -16726.68
18896, -16727.00, -16726.74
18900, -16726.00, -16726.73
18905, -16727.00, -16726.71
18911, -16726.00, -16726.70
18916, -16728.00, -16726.72
18922, -16726.00, -16726.74
18927, -16726.00, -16726.70
18932, -16727.00, -16726.68
18938, -16726.00, -16726.67
18942, -16724.00, -16726.57
18949, -16727.00, -16726.49
18954, -16725.00, -16726.46
18959, -16726.00, -16726.40
18964, -16727.00, -16726.41
18969, -16729.00, -16726.50
18973, -16727.00, -16726.59
18978, -16726.00, -16726.58
18983, -16726.00, -16726.55
18988, -16727.00, -16726.55
18994, -16726.00, -16726.54
18999, -16725.00, -16726.48
19003, -16728.00, -16726.48
19007, -16726.00, -16726.51
19012, -16726.00, -16726.48
19016, -16726.00, -16726.46
19021, -16727.00, -16726.46
19026, -16724.00, -16726.40
19031, -16725.00, -16726.29
19035, -16726.00, -16726.25
19040, -16726.00, -16726.23
19045, -16729.00, -16726.30
19050, -16726.00, -16726.37
19054, -16726.00, -16726.35
19059, -16727.00, -16726.36
19063, -16728.00, -16726.42
19067, -16726.00, -16726.45
19072, -16727.00, -16726.45
19078, -16728.00, -16726.53
19082, -16726.00, -16726.55
19087, -16727.00, -16726.55
19091, -16728.00, -16726.61
19096, -16724.00, -16726.57
19101, -16726.00, -16726.48
19106, -16726.00, -16726.46
19111, -16727.00, -16726.46
19117, -16729.00, -16726.55
19122, -16729.00, -16726.71
19127, -16726.00, -16726.76
19132, -16726.00, -16726.71
19137, -16726.00, -16726.67
19142, -16726.00, -16726.63
19148, -16728.00, -16726.65
19153, -16726.00, -16726.67
19158, -16726.00, -16726.63
19163, -16724.00, -16726.54
19167, -16728.00, -16726.52
19172, -16726.00, -16726.54
19177, -16726.00, -16726.51
19182, -16728.00, -16726.54
19187, -16724.00, -16726.51
19191, -16725.00, -16726.39
19196, -16725.00, -16726.32
19200, -16727.00, -16726.30
19205, -16725.00, -16726.28
19210, -16726.00, -16726.24
19214, -16726.00, -16726.22
19219, -16729.00, -16726.29
19223, -16727.00, -16726.38
19229, -16727.00, -16726.43
19233, -16725.00, -16726.41
19240, -16726.00, -16726.34
19244, -16727.00, -16726.35
19249, -16726.00, -16726.36
19254, -16726.00, -16726.33
19259, -16729.00, -16726.40
19263, -16727.00, -16726.49
19268, -16727.00, -16726.52
19272, -16728.00, -16726.57
19277, -16727.00, -16726.62
19281, -16727.00, -16726.64
19286, -16728.00, -16726.69
19291, -16727.00, -16726.74
19295, -16725.00, -16726.70
19300, -16726.00, -16726.63
19304, -16727.00, -16726.63
19308, -16726.00, -16726.62
19313, -16727.00, -16726.61
19318, -16725.00, -16726.58
19322, -16726.00, -16726.52
19328, -16727.00, -16726.52
19332, -16727.00, -16726.54
19337, -16728.00, -16726.60
19342, -16728.00, -16726.68
19347, -16727.00, -16726.73
19351, -16726.00, -16726.72
19356, -16726.00, -16726.68
19360, -16726.00, -16726.64
19365, -16727.00, -16726.63
19370, -16726.00, -16726.62
19376, -16725.00, -16726.54
19381, -16727.00, -16726.51
19387, -16725.00, -16726.48
19391, -16729.00, -16726.51
19397, -16725.00, -16726.54
19402, -16727.00, -16726.51
19407, -16726.00, -16726.51
19411, -16727.00, -16726.51
19415, -16728.00, -16726.57
19420, -16727.00, -16726.62
19425, -16728.00, -16726.68
19430, -16726.00, -16726.70
19435, -16727.00, -16726.68
19439, -16727.00, -16726.70
19445, -16727.00, -16726.72
19449, -16725.00, -16726.68
19454, -16727.00, -16726.64
19459, -16727.00, -16726.66
19464, -16728.00, -16726.71
19470, -16728.00, -16726.80
19475, -16725.00, -16726.78
19480, -16727.00, -16726.74
19485, -16726.00, -16726.72
19489, -16728.00, -16726.74
19494, -16729.00, -16726.84
19499, -16725.00, -16726.85
19504, -16727.00, -16726.80
19508, -16725.00, -16726.76
19513, -16727.00, -16726.71
19518, -16727.00, -16726.73
19522, -16728.00, -16726.77
19526, -16727.00, -16726.81
19531, -16726.00, -16726.79
19536, -16725.00, -16726.71
19541, -16725.00, -16726.62
19547, -16727.00, -16726.57
19551, -16727.00, -16726.60
19556, -16729.00, -16726.68
19561, -16726.00, -16726.72
19565, -16726.00, -16726.68
19570, -16727.00, -16726.67
19575, -16727.00, -16726.69
19579, -16726.00, -16726.68
19584, -16727.00, -16726.67
19589, -16727.00, -16726.69
19594, -16727.00, -16726.71
19599, -16726.00, -16726.69
19604, -16726.00, -16726.65
19609, -16726.00, -16726.61
19614, -16726.00, -16726.57
19619, -16728.00, -16726.60
19624, -16726.00, -16726.62
19628, -16726.00, -16726.59
19633, -16726.00, -16726.56
19637, -16725.00, -16726.50
19642, -16727.00, -16726.47
19647, -16725.00, -16726.44
19652, -16728.00, -16726.45
19658, -16727.00, -16726.52
19662, -16727.00, -16726.54
19667, -16726.00, -16726.54
19671, -16724.00, -16726.45
19677, -16728.00, -16726.42
19682, -16727.00, -16726.48
19687, -16728.00, -16726.55
19692, -16728.00, -16726.64
19698, -16726.00, -16726.67
19703, -16727.00, -16726.65
19709, -16726.00, -16726.64
19715, -16726.00, -16726.60
19720, -16727.00, -16726.60
19726, -16727.00, -16726.63
19731, -16727.00, -16726.65
19736, -16727.00, -16726.67
19740, -16727.00, -16726.69
19745, -16728.00, -16726.73
19750, -16725.00, -16726.72
19754, -16726.00, -16726.65
19760, -16726.00, -16726.61
19765, -16726.00, -16726.57
19770, -16727.00, -16726.57
19775, -16726.00, -16726.56
19780, -16726.00, -16726.53
19784, -16727.00, -16726.53
19789, -16726.00, -16726.53
19795, -16725.00, -16726.46
19799, -16727.00, -16726.43
19805, -16727.00, -16726.47
19810, -16727.00, -16726.50
19815, -16727.00, -16726.53
19820, -16726.00, -16726.53
19826, -16726.00, -16726.50
19831, -16727.00, -16726.50
19836, -16727.00, -16726.53
19840, -16727.00, -16726.55
19845, -16726.00, -16726.55
19849, -16726.00, -16726.52
19854, -16725.00, -16726.46
19858, -16726.00, -16726.41
19862, -16727.00, -16726.42
19867, -16725.00, -16726.39
19871, -16728.00, -16726.40
19876, -16727.00, -16726.46
19881, -16727.00, -16726.49
19886, -16728.00, -16726.55
19890, -16726.00, -16726.58
19895, -16728.00, -16726.60
19899, -16726.00, -16726.62
19904, -16724.00, -16726.52
19910, -16726.00, -16726.43
19915, -16727.00, -16726.43
19919, -16729.00, -16726.52
19925, -16728.00, -16726.66
19931, -16725.00, -16726.65
19936, -16726.00, -16726.58
19942, -16726.00, -16726.54
19948, -16726.00, -16726.50
19953, -16725.00, -16726.44
19957, -16727.00, -16726.42
19962, -16726.00, -16726.42
19967, -16726.00, -16726.40
19971, -16727.00, -16726.40
19975, -16724.00, -16726.35
19980, -16726.00, -16726.27
19985, -16727.00, -16726.29
19990, -16727.00, -16726.33
19995, -16728.00, -16726.41
20000, -16726.00, -16726.44
20006, -16727.00, -16726.45
20011, -16727.00, -16726.48
20015, -16727.00, -16726.51
20020, -16725.00, -16726.48
20025, -16727.00, -16726.45
20031, -16726.00, -16726.45
20036, -16727.00, -16726.46
20041, -16725.00, -16726.43
20046, -16725.00, -16726.34
20050, -16728.00, -16726.35
20055, -16727.00, -16726.42
20061, -16727.00, -16726.45
20065, -16727.00, -16726.48
20070, -16726.00, -16726.48
20074, -16728.00, -16726.51
20078, -16727.00, -16726.56
20083, -16726.00, -16726.56
20087, -16725.00, -16726.50
20092, -16727.00, -16726.47
20096, -16725.00, -16726.45
20100, -16727.00, -16726.43
20105, -16728.00, -16726.49
20110, -16726.00, -16726.52
20115, -16727.00, -16726.52
20119, -16727.00, -16726.55
20124, -16726.00, -16726.54
20129, -16728.00, -16726.57
20133, -16726.00, -16726.59
20138, -16726.00, -16726.55
20143, -16726.00, -16726.52
20148, -16727.00, -16726.52
20152, -16727.00, -16726.55
20157, -16727.00, -16726.58
20162, -16727.00, -16726.60
20166, -16726.00, -16726.59
20171, -16728.00, -16726.62
20175, -16726.00, -16726.64
20180, -16727.00, -16726.63
20185, -16727.00, -16726.65
20191, -16728.00, -16726.71
20197, -16725.00, -16726.70
20202, -16726.00, -16726.63
20207, -16726.00, -16726.59
20212, -16726.00, -16726.55
20216, -16727.00, -16726.55
20220, -16726.00, -16726.55
20225, -16726.00, -16726.52
20230, -16726.00, -16726.49
20235, -16727.00, -16726.49
20240, -16725.00, -16726.46
20245, -16728.00, -16726.46
20250, -16727.00, -16726.53
20255, -16726.00, -16726.53
20260, -16727.00, -16726.53
20264, -16727.00, -16726.55
20269, -16725.00, -16726.52
20275, -16726.00, -16726.45
20280, -16727.00, -16726.45
20285, -16726.00, -16726.45
20289, -16726.00, -16726.43
20294, -16727.00, -16726.43
20298, -16727.00, -16726.46
20303, -16727.00, -16726.49
20308, -16727.00, -16726.52
20313, -16727.00, -16726.55
20318, -16726.00, -16726.55
20323, -16728.00, -16726.58
20329, -16726.00, -16726.61
20334, -16726.00, -16726.57
20339, -16727.00, -16726.57
20345, -16727.00, -16726.60
20349, -16726.00, -16726.59
20355, -16726.00, -16726.55
20361, -16727.00, -16726.54
20365, -16726.00, -16726.54
20370, -16728.00, -16726.57
20376, -16727.00, -16726.63
20380, -16727.00, -16726.65
20385, -16726.00, -16726.64
20390, -16728.00, -16726.66
20394, -16726.00, -16726.68
20399, -16726.00, -16726.64
20405, -16727.00, -16726.63
20410, -16726.00, -16726.63
20415, -16727.00, -16726.62
20420, -16727.00, -16726.64
20425, -16727.00, -16726.66
20429, -16726.00, -16726.65
20435, -16727.00, -16726.64
20440, -16727.00, -16726.67
20445, -16726.00, -16726.66
20451, -16727.00, -16726.65
20456, -16728.00, -16726.70
20461, -16727.00, -16726.75
20465, -16728.00, -16726.79
20470, -16727.00, -16726.83
20476, -16727.00, -16726.84
20481, -16727.00, -16726.85
20487, -16726.00, -16726.83
20492, -16727.00, -16726.81
20496, -16725.00, -16726.77
20501, -16725.00, -16726.67
20505, -16726.00, -16726.60
20509, -16726.00, -16726.57
20514, -16727.00, -16726.57
20519, -16727.00, -16726.59
20524, -16728.00, -16726.65
20529, -16727.00, -16726.70
20533, -16725.00, -16726.66
20539, -16729.00, -16726.68
20544, -16725.00, -16726.70
20549, -16727.00, -16726.66
20554, -16725.00, -16726.62
20559, -16726.00, -16726.55
20564, -16727.00, -16726.55
20569, -16727.00, -16726.57
20573, -16725.00, -16726.54
20578, -16727.00, -16726.51
20583, -16727.00, -16726.54
20589, -16727.00, -16726.57
20593, -16727.00, -16726.60
20598, -16725.00, -16726.57
20603, -16727.00, -16726.53
20608, -16726.00, -16726.53
20612, -16728.00, -16726.56
20617, -16727.00, -16726.61
20621, -16728.00, -16726.66
20627, -16727.00, -16726.72
20632, -16726.00, -16726.71
20636, -16726.00, -16726.67
20642, -16725.00, -16726.59
20647, -16727.00, -16726.55
20652, -16725.00, -16726.52
20657, -16727.00, -16726.49
20663, -16727.00, -16726.52
20669, -16726.00, -16726.52
20674, -16727.00, -16726.52
20680, -16729.00, -16726.63
20684, -16725.00, -16726.65
20690, -16726.00, -16726.58
20695, -16727.00, -16726.57
20700, -16727.00, -16726.60
20706, -16727.00, -16726.63
20711, -16728.00, -16726.68
20716, -16728.00, -16726.76
20720, -16727.00, -16726.80
20724, -16726.00, -16726.78
20729, -16726.00, -16726.74
20733, -16726.00, -16726.70
20738, -16727.00, -16726.69
20744, -16726.00, -16726.68
20748, -16726.00, -16726.64
20753, -16725.00, -16726.57
20758, -16727.00, -16726.54
20763, -16725.00, -16726.50
20768, -16725.00, -16726.42
20773, -16725.00, -16726.33
20778, -16727.00, -16726.31
20783, -16725.00, -16726.29
20788, -16727.00, -16726.27
20794, -16726.00, -16726.29
20799, -16729.00, -16726.35
20804, -16726.00, -16726.43
20809, -16727.00, -16726.43
20814, -16727.00, -16726.46
20819, -16726.00, -16726.46
20824, -16725.00, -16726.40
20828, -16725.00, -16726.33
20833, -16727.00, -16726.31
20838, -16726.00, -16726.32
20843, -16726.00, -16726.30
20847, -16728.00, -16726.34
20852, -16726.00, -16726.38
20857, -16725.00, -16726.31
20863, -16728.00, -16726.33
20867, -16728.00, -16726.42
20873, -16727.00, -16726.50
20878, -16727.00, -16726.54
20884, -16726.00, -16726.53
20890, -16727.00, -16726.53
20895, -16726.00, -16726.53
20899, -16727.00, -16726.53
20905, -16727.00, -16726.56
20909, -16726.00, -16726.56
20914, -16725.00, -16726.50
20919, -16728.00, -16726.50
20924, -16726.00, -16726.53
20928, -16727.00, -16726.53
20933, -16726.00, -16726.53
20937, -16728.00, -16726.55
20941, -16727.00, -16726.61
20946, -16727.00, -16726.63
20951, -16725.00, -16726.59
20955, -16725.00, -16726.51
20959, -16727.00, -16726.48
20964, -16727.00, -16726.51
20969, -16726.00, -16726.51
20974, -16726.00, -16726.48
20979, -16727.00, -16726.48
20984, -16726.00, -16726.48
20988, -16726.00, -16726.45
20993, -16728.00, -16726.48
20997, -16727.00, -16726.54
21003, -16727.00, -16726.57
21008, -16725.00, -16726.54
21013, -16727.00, -16726.51
21017, -16725.00, -16726.48
21023, -16728.00, -16726.48
21028, -16726.00, -16726.51
21034, -16727.00, -16726.51
21039, -16728.00, -16726.57
21045, -16727.00, -16726.63
21049, -16726.00, -16726.63
21054, -16726.00, -16726.59
21059, -16725.00, -16726.53
21063, -16727.00, -16726.50
21068, -16727.00, -16726.53
21072, -16727.00, -16726.55
21078, -16727.00, -16726.59
21082, -16727.00, -16726.61
21087, -16725.00, -16726.57
21093, -16725.00, -16726.46
21097, -16728.00, -16726.46
21102, -16727.00, -16726.53
21108, -16726.00, -16726.53
21113, -16726.00, -16726.49
21118, -16725.00, -16726.43
21123, -16727.00, -16726.40
21129, -16725.00, -16726.38
21134, -16727.00, -16726.35
21139, -16727.00, -16726.39
21145, -16728.00, -16726.47
21149, -16727.00, -16726.53
21153, -16726.00, -16726.53
21158, -16727.00, -16726.53
21162, -16727.00, -16726.55
21167, -16727.00, -16726.58
21171, -16725.00, -16726.55
21176, -16727.00, -16726.51
21181, -16726.00, -16726.51
21185, -16726.00, -16726.48
21189, -16725.00, -16726.43
21194, -16726.00, -16726.38
21198, -16728.00, -16726.42
21203, -16727.00, -16726.49
21208, -16727.00, -16726.51
21212, -16726.00, -16726.51
21217, -16725.00, -16726.45
21222, -16725.00, -16726.38
21226, -16725.00, -16726.30
21231, -16725.00, -16726.23
21236, -16729.00, -16726.27
21240, -16728.00, -16726.39
21244, -16727.00, -16726.45
21249, -16726.00, -16726.45
21254, -16726.00, -16726.42
21259, -16726.00, -16726.40
21263, -16725.00, -16726.35
21268, -16728.00, -16726.36
21272, -16727.00, -16726.42
21276, -16727.00, -16726.45
21281, -16728.00, -16726.51
21286, -16727.00, -16726.56
21290, -16726.00, -16726.56
21295, -16726.00, -16726.53
21299, -16727.00, -16726.53
21305, -16725.00, -16726.49
21310, -16727.00, -16726.46
21315, -16726.00, -16726.47
21319, -16728.00, -16726.49
21325, -16725.00, -16726.49
21329, -16725.00, -16726.42
21333, -16727.00, -16726.39
21338, -16727.00, -16726.43
21342, -16726.00, -16726.43
21346, -16725.00, -16726.38
21352, -16728.00, -16726.39
21357, -16726.00, -16726.43
21362, -16727.00, -16726.43
21368, -16727.00, -16726.47
21374, -16728.00, -16726.55
21378, -16726.00, -16726.57
21383, -16725.00, -16726.52
21387, -16726.00, -16726.46
21391, -16727.00, -16726.46
21396, -16726.00, -16726.46
21400, -16725.00, -16726.41
21405, -16727.00, -16726.39
21410, -16726.00, -16726.39
21414, -16727.00, -16726.40
21419, -16725.00, -16726.38
21425, -16727.00, -16726.35
21429, -16727.00, -16726.38
21435, -16726.00, -16726.39
21440, -16727.00, -16726.40
21445, -16729.00, -16726.50
21449, -16726.00, -16726.55
21453, -16726.00, -16726.53
21458, -16728.00, -16726.55
21462, -16726.00, -16726.58
21466, -16725.00, -16726.51
21471, -16727.00, -16726.48
21477, -16726.00, -16726.48
21482, -16728.00, -16726.51
21486, -16726.00, -16726.54
21491, -16729.00, -16726.60
21496, -16725.00, -16726.62
21500, -16727.00, -16726.59
21504, -16729.00, -16726.66
21509, -16725.00, -16726.68
21513, -16726.00, -16726.61
21518, -16726.00, -16726.58
21523, -16727.00, -16726.57
21528, -16727.00, -16726.60
21533, -16728.00, -16726.65
21538, -16725.00, -16726.64
21543, -16727.00, -16726.60
21548, -16728.00, -16726.65
21554, -16727.00, -16726.71
21558, -16727.00, -16726.73
21563, -16725.00, -16726.69
21567, -16726.00, -16726.62
21572, -16727.00, -16726.62
21577, -16727.00, -16726.64
21582, -16726.00, -16726.63
21587, -16727.00, -16726.62
21592, -16727.00, -16726.65
21597, -16727.00, -16726.67
21601, -16726.00, -16726.66
21606, -16727.00, -16726.65
21610, -16728.00, -16726.70
21615, -16728.00, -16726.77
21619, -16727.00, -16726.81
21623, -16727.00, -16726.82
21628, -16726.00, -16726.80
21632, -16728.00, -16726.81
21636, -16727.00, -16726.85
21641, -16725.00, -16726.80
21645, -16726.00, -16726.73
21650, -16728.00, -16726.75
21655, -16728.00, -16726.83
21660, -16725.00, -16726.81
21665, -16727.00, -16726.76
21671, -16726.00, -16726.74
21676, -16725.00, -16726.66
21682, -16726.00, -16726.57
21687, -16726.00, -16726.54
21692, -16728.00, -16726.56
21696, -16726.00, -16726.59
21702, -16728.00, -16726.62
21707, -16726.00, -16726.64
21712, -16726.00, -16726.61
21716, -16727.00, -16726.60
21721, -16726.00, -16726.60
21726, -16726.00, -16726.56
21731, -16727.00, -16726.56
21736, -16728.00, -16726.63
21741, -16726.00, -16726.64
21745, -16727.00, -16726.64
21750, -16727.00, -16726.66
21755, -16727.00, -16726.68
21760, -16726.00, -16726.67
21765, -16727.00, -16726.66
21771, -16726.00, -16726.65
21776, -16726.00, -16726.61
21782, -16728.00, -16726.64
21786, -16727.00, -16726.69
21792, -16726.00, -16726.68
21799, -16726.00, -16726.61
21804, -16729.00, -16726.66
21808, -16727.00, -16726.73
21813, -16727.00, -16726.75
21817, -16725.00, -16726.71
21822, -16727.00, -16726.67
21827, -16727.00, -16726.69
21831, -16725.00, -16726.65
21836, -16727.00, -16726.61
21840, -16728.00, -16726.66
21845, -16727.00, -16726.71
21850, -16725.00, -16726.66
21855, -16727.00, -16726.62
21860, -16725.00, -16726.58
21865, -16726.00, -16726.52
21870, -16725.00, -16726.46
21875, -16727.00, -16726.43
21879, -16726.00, -16726.43
21884, -16725.00, -16726.38
21888, -16726.00, -16726.34
21894, -16727.00, -16726.35
21898, -16725.00, -16726.33
21904, -16726.00, -16726.27
21909, -16727.00, -16726.29
21913, -16727.00, -16726.33
21918, -16725.00, -16726.31
21924, -16726.00, -16726.26
21928, -16725.00, -16726.22
21933, -16729.00, -16726.26
21937, -16725.00, -16726.30
21942, -16726.00, -16726.25
21946, -16726.00, -16726.24
21951, -16728.00, -16726.28
21956, -16727.00, -16726.36
21961, -16724.00, -16726.31
21966, -16726.00, -16726.23
21972, -16728.00, -16726.28
21977, -16726.00, -16726.33
21982, -16728.00, -16726.37
21987, -16727.00, -16726.44
21993, -16727.00, -16726.48
21998, -16726.00, -16726.48
22003, -16727.00, -16726.48
22008, -16726.00, -16726.48
22012, -16726.00, -16726.46
22017, -16726.00, -16726.43
22022, -16727.00, -16726.44
22027, -16725.00, -16726.41
22032, -16726.00, -16726.35
22038, -16726.00, -16726.33
22043, -16727.00, -16726.34
22047, -16726.00, -16726.35
22052, -16728.00, -16726.39
22057, -16726.00, -16726.43
22061, -16728.00, -16726.46
22066, -16727.00, -16726.52
22071, -16726.00, -16726.52
22076, -16725.00, -16726.46
22081, -16726.00, -16726.40
22086, -16725.00, -16726.35
22091, -16727.00, -16726.33
22095, -16726.00, -16726.34
22101, -16726.00, -16726.32
22106, -16726.00, -16726.30
22110, -16725.00, -16726.25
22116, -16726.00, -16726.20
22121, -16726.00, -16726.18
22126, -16728.00, -16726.23
22132, -16725.00, -16726.25
22137, -16727.00, -16726.23
22142, -16726.00, -16726.25
22148, -16727.00, -16726.27
22153, -16725.00, -16726.25
22157, -16726.00, -16726.21
22162, -16727.00, -16726.22
22166, -16726.00, -16726.24
22171, -16729.00, -16726.31
22176, -16728.00, -16726.45
22181, -16729.00, -16726.56
22186, -16726.00, -16726.62
22190, -16726.00, -16726.58
22195, -16727.00, -16726.58
22200, -16727.00, -16726.61
22206, -16726.00, -16726.60
22211, -16726.00, -16726.57
22216, -16726.00, -16726.53
22221, -16727.00, -16726.53
22226, -16727.00, -16726.56
22231, -16729.00, -16726.66
22236, -16726.00, -16726.71
22242, -16729.00, -16726.76
22247, -16727.00, -16726.84
22252, -16725.00, -16726.79
22256, -16726.00, -16726.71
22261, -16726.00, -16726.67
22266, -16725.00, -16726.60
22270, -16727.00, -16726.57
22274, -16727.00, -16726.59
22279, -16726.00, -16726.59
22283, -16727.00, -16726.58
22288, -16727.00, -16726.61
22293, -16725.00, -16726.57
22298, -16726.00, -16726.51
22303, -16726.00, -16726.48
22307, -16724.00, -16726.39
22312, -16726.00, -16726.32
22316, -16727.00, -16726.33
22321, -16727.00, -16726.37
22326, -16727.00, -16726.41
22331, -16726.00, -16726.42
22336, -16727.00, -16726.42
22342, -16727.00, -16726.46
22346, -16728.00, -16726.52
22350, -16726.00, -16726.54
22354, -16725.00, -16726.49
22359, -16727.00, -16726.46
22364, -16727.00, -16726.49
22368, -16727.00, -16726.52
22374, -16726.00, -16726.52
22378, -16727.00, -16726.52
22383, -16726.00, -16726.52
22388, -16726.00, -16726.49
22392, -16727.00, -16726.49
22397, -16727.00, -16726.52
22402, -16727.00, -16726.55
22407, -16727.00, -16726.58
22411, -16726.00, -16726.57
22416, -16726.00, -16726.54
22422, -16728.00, -16726.57
22427, -16727.00, -16726.62
22431, -16727.00, -16726.64
22436, -16726.00, -16726.64
22442, -16728.00, -16726.66
22447, -16726.00, -16726.68
22452, -16727.00, -16726.67
22456, -16727.00, -16726.69
22460, -16726.00, -16726.68
22465, -16726.00, -16726.64
22471, -16727.00, -16726.63
22476, -16728.00, -16726.68
22480, -16729.00, -16726.78
22485, -16727.00, -16726.85
22489, -16727.00, -16726.85
22494, -16726.00, -16726.83
22499, -16725.00, -16726.75
22504, -16727.00, -16726.71
22509, -16727.00, -16726.73
22514, -16727.00, -16726.74
22519, -16726.00, -16726.73
22523, -16729.00, -16726.77
22528, -16728.00, -16726.88
22534, -16725.00, -16726.85
22539, -16724.00, -16726.71
22543, -16727.00, -16726.65
22548, -16725.00, -16726.61
22554, -16726.00, -16726.53
22559, -16728.00, -16726.56
22565, -16726.00, -16726.59
22570, -16725.00, -16726.53
22575, -16726.00, -16726.47
22581, -16727.00, -16726.47
22585, -16725.00, -16726.44
22590, -16725.00, -16726.36
22595, -16725.00, -16726.28
22599, -16727.00, -16726.27
22604, -16727.00, -16726.31
22609, -16728.00, -16726.38
22614, -16727.00, -16726.45
22619, -16726.00, -16726.46
22625, -16727.00, -16726.46
22630, -16728.00, -16726.52
22635, -16726.00, -16726.55
22640, -16726.00, -16726.51
22645, -16728.00, -16726.54
22650, -16728.00, -16726.63
22655, -16727.00, -16726.68
22660, -16727.00, -16726.70
22664, -16729.00, -16726.78
22670, -16727.00, -16726.86
22676, -16727.00, -16726.87
22681, -16726.00, -16726.85
22686, -16726.00, -16726.80
22691, -16725.00, -16726.71
22696, -16727.00, -16726.67
22701, -16726.00, -16726.66
22705, -16727.00, -16726.65
22710, -16727.00, -16726.67
22715, -16725.00, -16726.63
22720, -16728.00, -16726.62
22725, -16726.00, -16726.64
22730, -16729.00, -16726.70
22736, -16726.00, -16726.75
22741, -16725.00, -16726.68
22745, -16725.00, -16726.59
22751, -16727.00, -16726.55
22756, -16726.00, -16726.55
22760, -16727.00, -16726.55
22765, -16726.00, -16726.55
22770, -16728.00, -16726.58
22776, -16726.00, -16726.61
22781, -16725.00, -16726.53
22786, -16727.00, -16726.50
22791, -16727.00, -16726.53
22796, -16727.00, -16726.56
22801, -16727.00, -16726.59
22806, -16724.00, -16726.53
22811, -16727.00, -16726.47
22815, -16728.00, -16726.53
22820, -16727.00, -16726.59
22825, -16726.00, -16726.58
22829, -16725.00, -16726.52
22833, -16726.00, -16726.47
22838, -16726.00, -16726.44
22842, -16726.00, -16726.42
22847, -16727.00, -16726.42
22851, -16726.00, -16726.43
22855, -16726.00, -16726.41
22860, -16727.00, -16726.41
22865, -16728.00, -16726.48
22869, -16727.00, -16726.53
22874, -16727.00, -16726.56
22879, -16728.00, -16726.62
22884, -16726.00, -16726.64
22889, -16727.00, -16726.63
22894, -16727.00, -16726.65
22899, -16727.00, -16726.67
22904, -16728.00, -16726.72
22909, -16727.00, -16726.77
22915, -16727.00, -16726.78
22919, -16726.00, -16726.77
22924, -16727.00, -16726.75
22930, -16728.00, -16726.80
22934, -16726.00, -16726.81
22939, -16725.00, -16726.73
22944, -16726.00, -16726.66
22948, -16727.00, -16726.65
22953, -16727.00, -16726.68
22958, -16727.00, -16726.70
22963, -16727.00, -16726.72
22969, -16727.00, -16726.73
22974, -16728.00, -16726.79
22979, -16728.00, -16726.85
22984, -16726.00, -16726.86
22989, -16726.00, -16726.81
22994, -16727.00, -16726.79
22999, -16726.00, -16726.77
23005, -16726.00, -16726.72
23009, -16726.00, -16726.68
23014, -16727.00, -16726.67
23019, -16729.00, -16726.76
23024, -16727.00, -16726.83
23028, -16727.00, -16726.84
23033, -16724.00, -16726.77
23038, -16726.00, -16726.66
23042, -16728.00, -16726.68
23047, -16727.00, -16726.73
23052, -16726.00, -16726.71
23057, -16726.00, -16726.67
23062, -16727.00, -16726.66
23067, -16728.00, -16726.71
23072, -16727.00, -16726.75
23076, -16726.00, -16726.74
23081, -16726.00, -16726.70
23085, -16727.00, -16726.69
23090, -16726.00, -16726.68
23094, -16726.00, -16726.64
23099, -16725.00, -16726.57
23104, -16728.00, -16726.56
23109, -16726.00, -16726.59
23114, -16728.00, -16726.62
23119, -16727.00, -16726.68
23124, -16727.00, -16726.69
23129, -16727.00, -16726.71
23134, -16727.00, -16726.73
23139, -16727.00, -16726.74
23143, -16727.00, -16726.76
23148, -16725.00, -16726.72
23153, -16726.00, -16726.64
23157, -16726.00, -16726.61
23162, -16727.00, -16726.61
23168, -16728.00, -16726.67
23173, -16729.00, -16726.78
23178, -16726.00, -16726.83
23184, -16727.00, -16726.80
23189, -16726.00, -16726.79
23193, -16727.00, -16726.77
23199, -16728.00, -16726.83
23204, -16726.00, -16726.84
23209, -16725.00, -16726.76
23214, -16725.00, -16726.65
23218, -16727.00, -16726.62
23223, -16726.00, -16726.61
23229, -16726.00, -16726.57
23234, -16727.00, -16726.56
23239, -16727.00, -16726.59
23244, -16726.00, -16726.59
23249, -16726.00, -16726.55
23254, -16727.00, -16726.55
23258, -16727.00, -16726.57
23263, -16727.00, -16726.60
23267, -16726.00, -16726.59
23272, -16727.00, -16726.59
23276, -16727.00, -16726.61
23281, -16730.00, -16726.72
23286, -16726.00, -16726.80
23291, -16728.00, -16726.81
23296, -16727.00, -16726.85
23301, -16726.00, -16726.83
23306, -16726.00, -16726.78
23310, -16728.00, -16726.79
23315, -16724.00, -16726.75
23320, -16724.00, -16726.57
23325, -16726.00, -16726.49
23329, -16727.00, -16726.49
23334, -16726.00, -16726.49
23338, -16728.00, -16726.52
23342, -16726.00, -16726.54
23347, -16727.00, -16726.54
23351, -16726.00, -16726.54
23355, -16726.00, -16726.51
23360, -16726.00, -16726.48
23364, -16728.00, -16726.51
23368, -16727.00, -16726.56
23373, -16726.00, -16726.56
23377, -16727.00, -16726.55
23381, -16729.00, -16726.63
23386, -16728.00, -16726.73
23390, -16727.00, -16726.77
23395, -16726.00, -16726.75
23399, -16726.00, -16726.71
23403, -16726.00, -16726.67
23408, -16726.00, -16726.63
23413, -16727.00, -16726.63
23418, -16727.00, -16726.65
23424, -16727.00, -16726.67
23429, -16727.00, -16726.69
23434, -16728.00, -16726.75
23439, -16726.00, -16726.76
23444, -16726.00, -16726.72
23449, -16726.00, -16726.68
23455, -16727.00, -16726.66
23459, -16728.00, -16726.71
23464, -16727.00, -16726.75
23468, -16728.00, -16726.79
23473, -16726.00, -16726.80
23477, -16725.00, -16726.73
23482, -16726.00, -16726.67
23488, -16726.00, -16726.62
23492, -16727.00, -16726.61
23497, -16726.00, -16726.60
23503, -16728.00, -16726.63
23507, -16727.00, -16726.68
23512, -16727.00, -16726.70
23517, -16727.00, -16726.71
23521, -16727.00, -16726.73
23526, -16726.00, -16726.72
23531, -16725.00, -16726.64
23536, -16727.00, -16726.60
23541, -16728.00, -16726.66
23545, -16727.00, -16726.71
23551, -16729.00, -16726.79
23556, -16726.00, -16726.83
23562, -16726.00, -16726.77
23566, -16728.00, -16726.79
23571, -16727.00, -16726.82
23575, -16725.00, -16726.78
23579, -16728.00, -16726.76
23584, -16726.00, -16726.77
23588, -16726.00, -16726.73
23593, -16726.00, -16726.69
23598, -16727.00, -16726.68
23604, -16724.00, -16726.60
23608, -16726.00, -16726.51
23613, -16726.00, -16726.48
23618, -16727.00, -16726.48
23623, -16725.00, -16726.45
23628, -16727.00, -16726.43
23633, -16727.00, -16726.46
23639, -16728.00, -16726.54
23643, -16727.00, -16726.59
23648, -16726.00, -16726.58
23653, -16728.00, -16726.60
23657, -16727.00, -16726.65
23663, -16727.00, -16726.68
23668, -16727.00, -16726.70
23672, -16725.00, -16726.65
23677, -16726.00, -16726.59
23681, -16728.00, -16726.62
23685, -16727.00, -16726.66
23690, -16726.00, -16726.65
23694, -16726.00, -16726.62
23698, -16724.00, -16726.53
23703, -16727.00, -16726.48
23707, -16727.00, -16726.51
23712, -16727.00, -16726.54
23717, -16726.00, -16726.54
23722, -16728.00, -16726.56
23726, -16729.00, -16726.66
23732, -16725.00, -16726.69
23737, -16726.00, -16726.61
23742, -16728.00, -16726.63
23747, -16726.00, -16726.66
23752, -16728.00, -16726.68
23757, -16726.00, -16726.70
23762, -16727.00, -16726.69
23768, -16726.00, -16726.67
23773, -16726.00, -16726.63
23778, -16727.00, -16726.62
23783, -16727.00, -16726.64
23789, -16727.00, -16726.67
23793, -16727.00, -16726.69
23798, -16724.00, -16726.62
23803, -16726.00, -16726.53
23807, -16728.00, -16726.55
23812, -16728.00, -16726.63
23817, -16727.00, -16726.69
23822, -16725.00, -16726.64
23827, -16725.00, -16726.54
23832, -16727.00, -16726.51
23838, -16727.00, -16726.55
23843, -16726.00, -16726.54
23849, -16726.00, -16726.51
23854, -16728.00, -16726.54
23859, -16726.00, -16726.57
23863, -16728.00, -16726.59
23868, -16726.00, -16726.61
23873, -16725.00, -16726.55
23878, -16726.00, -16726.49
23883, -16726.00, -16726.46
23887, -16726.00, -16726.44
23891, -16726.00, -16726.41
23896, -16727.00, -16726.42
23901, -16728.00, -16726.48
23906, -16726.00, -16726.51
23911, -16727.00, -16726.51
23915, -16727.00, -16726.54
23920, -16725.00, -16726.51
23924, -16727.00, -16726.48
23929, -16727.00, -16726.51
23934, -16725.00, -16726.48
23940, -16725.00, -16726.38
23945, -16728.00, -16726.39
23950, -16727.00, -16726.46
23956, -16727.00, -16726.49
23961, -16725.00, -16726.46
23965, -16727.00, -16726.44
23970, -16728.00, -16726.50
23975, -16727.00, -16726.56
23980, -16727.00, -16726.59
23986, -16727.00, -16726.62
23990, -16724.00, -16726.55
23996, -16727.00, -16726.48
24002, -16728.00, -16726.55
24007, -16726.00, -16726.58
24012, -16729.00, -16726.63
24016, -16725.00, -16726.65
24020, -16725.00, -16726.56
24025, -16727.00, -16726.54
24030, -16727.00, -16726.56
24034, -16727.00, -16726.59
24039, -16727.00, -16726.61
24045, -16725.00, -16726.57
24051, -16726.00, -16726.50
24056, -16727.00, -16726.50
24061, -16726.00, -16726.50
24066, -16726.00, -16726.47
24071, -16727.00, -16726.47
24075, -16726.00, -16726.47
24081, -16725.00, -16726.40
24087, -16726.00, -16726.34
24092, -16726.00, -16726.32
24097, -16726.00, -16726.30
24102, -16725.00, -16726.25
24107, -16724.00, -16726.15
24111, -16729.00, -16726.17
24116, -16728.00, -16726.29
24121, -16725.00, -16726.30
24125, -16728.00, -16726.32
24129, -16727.00, -16726.38
24134, -16726.00, -16726.38
24139, -16727.00, -16726.39
24143, -16727.00, -16726.43
24148, -16727.00, -16726.46
24153, -16727.00, -16726.49
24157, -16728.00, -16726.55
24162, -16727.00, -16726.60
24167, -16728.00, -16726.65
24171, -16728.00, -16726.73
24176, -16728.00, -16726.80
24181, -16727.00, -16726.84
24186, -16728.00, -16726.88
24190, -16726.00, -16726.89
24195, -16726.00, -16726.83
24200, -16725.00, -16726.75
24205, -16725.00, -16726.64
24210, -16726.00, -16726.57
24215, -16726.00, -16726.54
24221, -16726.00, -16726.50
24225, -16728.00, -16726.53
24230, -16725.00, -16726.53
24235, -16726.00, -16726.46
24240, -16725.00, -16726.41
24244, -16725.00, -16726.33
24250, -16727.00, -16726.31
24255, -16725.00, -16726.29
24260, -16726.00, -16726.24
24265, -16726.00, -16726.23
24270, -16728.00, -16726.28
24275, -16726.00, -16726.32
24280, -16728.00, -16726.36
24285, -16728.00, -16726.46
24290, -16726.00, -16726.49
24295, -16727.00, -16726.49
24300, -16726.00, -16726.49
24305, -16729.00, -16726.55
24310, -16726.00, -16726.61
24315, -16726.00, -16726.57
24320, -16729.00, -16726.62
24324, -16726.00, -16726.67
24330, -16726.00, -16726.62
24335, -16726.00, -16726.58
24339, -16727.00, -16726.58
24344, -16724.00, -16726.52
24349, -16728.00, -16726.49
24354, -16726.00, -16726.52
24358, -16727.00, -16726.52
24364, -16725.00, -16726.48
24368, -16726.00, -16726.43
24373, -16727.00, -16726.43
24377, -16727.00, -16726.46
24382, -16724.00, -16726.40
24387, -16729.00, -16726.41
24392, -16727.00, -16726.50
24397, -16727.00, -16726.54
24402, -16726.00, -16726.53
24407, -16726.00, -16726.51
24412, -16726.00, -16726.47
24417, -16726.00, -16726.45
24422, -16725.00, -16726.39
24426, -16725.00, -16726.30
24431, -16727.00, -16726.29
24435, -16726.00, -16726.30
24440, -16727.00, -16726.31
24444, -16727.00, -16726.34
24448, -16726.00, -16726.35
24453, -16727.00, -16726.36
24457, -16727.00, -16726.39
24462, -16726.00, -16726.40
24466, -16727.00, -16726.40
24471, -16726.00, -16726.41
24476, -16726.00, -16726.38
24481, -16726.00, -16726.36
24487, -16728.00, -16726.40
24491, -16726.00, -16726.44
24497, -16725.00, -16726.37
24502, -16725.00, -16726.29
24507, -16728.00, -16726.30
24512, -16726.00, -16726.34
24518, -16725.00, -16726.29
24522, -16727.00, -16726.27
24527, -16726.00, -16726.28
24532, -16726.00, -16726.26
24538, -16726.00, -16726.24
24543, -16726.00, -16726.23
24548, -16726.00, -16726.22
24552, -16727.00, -16726.23
24557, -16726.00, -16726.25
24561, -16726.00, -16726.23
24565, -16728.00, -16726.28
24570, -16726.00, -16726.31
24574, -16725.00, -16726.27
24580, -16729.00, -16726.32
24584, -16726.00, -16726.39
24589, -16726.00, -16726.36
24595, -16725.00, -16726.30
24600, -16727.00, -16726.29
24604, -16728.00, -16726.36
24609, -16725.00, -16726.37
24615, -16728.00, -16726.38
24620, -16728.00, -16726.47
24624, -16725.00, -16726.47
24630, -16726.00, -16726.41
24635, -16727.00, -16726.41
24639, -16725.00, -16726.39
24645, -16725.00, -16726.30
24650, -16727.00, -16726.28
24654, -16726.00, -16726.29
24660, -16728.00, -16726.34
24664, -16728.00, -16726.44
24669, -16725.00, -16726.44
24674, -16727.00, -16726.42
24678, -16727.00, -16726.45
24683, -16726.00, -16726.45
24687, -16727.00, -16726.46
24691, -16725.00, -16726.43
24696, -16728.00, -16726.44
24701, -16729.00, -16726.55
24706, -16725.00, -16726.58
24711, -16727.00, -16726.55
24716, -16726.00, -16726.54
24721, -16727.00, -16726.54
24726, -16727.00, -16726.57
24730, -16725.00, -16726.54
24735, -16727.00, -16726.50
24740, -16725.00, -16726.48
24745, -16725.00, -16726.39
24749, -16726.00, -16726.34
24754, -16726.00, -16726.32
24758, -16725.00, -16726.28
24763, -16727.00, -16726.26
24767, -16728.00, -16726.33
24772, -16727.00, -16726.39
24776, -16726.00, -16726.40
24781, -16727.00, -16726.40
24785, -16726.00, -16726.41
24789, -16726.00, -16726.39
24794, -16725.00, -16726.34
24799, -16726.00, -16726.29
24803, -16727.00, -16726.30
24808, -16728.00, -16726.37
24813, -16728.00, -16726.46
24818, -16726.00, -16726.50
24823, -16727.00, -16726.50
24828, -16727.00, -16726.53
24832, -16727.00, -16726.55
24837, -16726.00, -16726.55
24842, -16725.00, -16726.49
24847, -16726.00, -16726.43
24852, -16727.00, -16726.43
24856, -16725.00, -16726.41
24861, -16726.00, -16726.36
24866, -16727.00, -16726.37
24871, -16725.00, -16726.35
24875, -16727.00, -16726.33
24881, -16725.00, -16726.30
24886, -16725.00, -16726.23
24891, -16727.00, -16726.21
24896, -16725.00, -16726.20
24900, -16728.00, -16726.22
24905, -16726.00, -16726.26
24909, -16727.00, -16726.27
24914, -16727.00, -16726.32
24919, -16727.00, -16726.36
24924, -16728.00, -16726.42
24929, -16729.00, -16726.56
24934, -16727.00, -16726.65
24939, -16725.00, -16726.62
24945, -16727.00, -16726.57
24950, -16727.00, -16726.60
24955, -16727.00, -16726.63
24960, -16724.00, -16726.55
24966, -16727.00, -16726.48
24971, -16728.00, -16726.54
24976, -16725.00, -16726.53
24981, -16727.00, -16726.50
24987, -16727.00, -16726.54
24992, -16725.00, -16726.50
24997, -16726.00, -16726.44
25002, -16727.00, -16726.44
25006, -16727.00, -16726.47
25011, -16728.00, -16726.53
25016, -16726.00, -16726.56
25020, -16726.00, -16726.53
25025, -16726.00, -16726.50
25030, -16725.00, -16726.43
25036, -16726.00, -16726.37
25040, -16727.00, -16726.38
25046, -16728.00, -16726.46
25051, -16726.00, -16726.49
25055, -16727.00, -16726.49
25060, -16727.00, -16726.52
25065, -16727.00, -16726.55
25070, -16726.00, -16726.55
25076, -16726.00, -16726.51
25081, -16727.00, -16726.51
25086, -16725.00, -16726.48
25091, -16726.00, -16726.42
25097, -16726.00, -16726.39
25101, -16726.00, -16726.37
25106, -16726.00, -16726.35
25111, -16726.00, -16726.33
25115, -16727.00, -16726.34
25120, -16727.00, -16726.37
25124, -16727.00, -16726.41
25129, -16727.00, -16726.44
25134, -16725.00, -16726.41
25138, -16727.00, -16726.39
25143, -16727.00, -16726.43
25148, -16727.00, -16726.46
25153, -16726.00, -16726.46
25158, -16727.00, -16726.46
25163, -16729.00, -16726.55
25169, -16726.00, -16726.62
25173, -16725.00, -16726.55
25178, -16727.00, -16726.52
25182, -16726.00, -16726.52
25187, -16728.00, -16726.55
25192, -16725.00, -16726.55
25197, -16728.00, -16726.54
25202, -16726.00, -16726.57
25207, -16728.00, -16726.60
25211, -16728.00, -16726.67
25216, -16728.00, -16726.76
25221, -16726.00, -16726.77
25226, -16729.00, -16726.81
25230, -16727.00, -16726.88
25235, -16727.00, -16726.89
25240, -16727.00, -16726.89
25245, -16726.00, -16726.87
25251, -16726.00, -16726.81
25255, -16727.00, -16726.79
25261, -16725.00, -16726.73
25266, -16725.00, -16726.63
25271, -16726.00, -16726.56
25276, -16727.00, -16726.56
25281, -16726.00, -16726.56
25286, -16726.00, -16726.52
25290, -16727.00, -16726.52
25295, -16724.00, -16726.46
25301, -16727.00, -16726.39
25305, -16727.00, -16726.43
25310, -16727.00, -16726.46
25316, -16724.00, -16726.39
25321, -16727.00, -16726.34
25327, -16725.00, -16726.31
25331, -16727.00, -16726.29
25336, -16728.00, -16726.37
25342, -16727.00, -16726.44
25346, -16725.00, -16726.42
25350, -16727.00, -16726.39
25355, -16725.00, -16726.37
25359, -16726.00, -16726.32
25365, -16725.00, -16726.26
25370, -16726.00, -16726.21
25376, -16727.00, -16726.23
25381, -16727.00, -16726.28
25386, -16727.00, -16726.32
25390, -16727.00, -16726.36
25395, -16725.00, -16726.34
25402, -16725.00, -16726.24
25406, -16728.00, -16726.25
25410, -16726.00, -16726.29
25415, -16726.00, -16726.28
25420, -16727.00, -16726.29
25426, -16728.00, -16726.37
25431, -16726.00, -16726.41
25436, -16727.00, -16726.41
25440, -16727.00, -16726.44
25445, -16726.00, -16726.45
25449, -16728.00, -16726.48
25454, -16726.00, -16726.51
25459, -16729.00, -16726.57
25464, -16727.00, -16726.65
25468, -16725.00, -16726.61
25472, -16727.00, -16726.58
25477, -16726.00, -16726.58
25482, -16726.00, -16726.54
25486, -16726.00, -16726.51
25490, -16726.00, -16726.49
25495, -16728.00, -16726.51
25499, -16727.00, -16726.57
25503, -16727.00, -16726.59
25508, -16726.00, -16726.59
25512, -16726.00, -16726.56
25516, -16728.00, -16726.58
25521, -16728.00, -16726.65
25525, -16724.00, -16726.62
25529, -16726.00, -16726.54
25533, -16727.00, -16726.54
25538, -16728.00, -16726.59
25542, -16725.00, -16726.58
25548, -16725.00, -16726.47
25553, -16729.00, -16726.50
25557, -16725.00, -16726.53
25562, -16727.00, -16726.50
25566, -16725.00, -16726.47
25571, -16727.00, -16726.45
25575, -16728.00, -16726.50
25579, -16724.00, -16726.48
25584, -16726.00, -16726.40
25588, -16726.00, -16726.38
25592, -16727.00, -16726.38
25598, -16728.00, -16726.46
25603, -16729.00, -16726.58
25608, -16725.00, -16726.60
25612, -16727.00, -16726.57
25618, -16727.00, -16726.60
25622, -16725.00, -16726.56
25628, -16727.00, -16726.53
25634, -16724.00, -16726.45
25639, -16726.00, -16726.37
25643, -16728.00, -16726.41
25648, -16727.00, -16726.47
25653, -16726.00, -16726.47
25658, -16728.00, -16726.50
25662, -16726.00, -16726.53
25667, -16728.00, -16726.56
25672, -16727.00, -16726.61
25676, -16726.00, -16726.60
25681, -16729.00, -16726.66
25686, -16728.00, -16726.77
25690, -16725.00, -16726.75
25695, -16725.00, -16726.65
25699, -16727.00, -16726.62
25704, -16728.00, -16726.66
25708, -16726.00, -16726.68
25714, -16728.00, -16726.70
25719, -16725.00, -16726.69
25723, -16726.00, -16726.63
25727, -16727.00, -16726.62
25732, -16727.00, -16726.64
25737, -16728.00, -16726.69
25742, -16728.00, -16726.77
25747, -16728.00, -16726.85
25752, -16725.00, -16726.83
25756, -16727.00, -16726.79
25761, -16726.00, -16726.77
25766, -16727.00, -16726.75
25770, -16727.00, -16726.77
25775, -16726.00, -16726.75
25780, -16728.00, -16726.77
25784, -16728.00, -16726.84
25789, -16727.00, -16726.87
25793, -16726.00, -16726.85
25798, -16727.00, -16726.83
25803, -16725.00, -16726.78
25807, -16726.00, -16726.71
25812, -16725.00, -16726.64
25817, -16725.00, -16726.55
25821, -16728.00, -16726.54
25826, -16726.00, -16726.57
25830, -16727.00, -16726.56
25836, -16726.00, -16726.56
25840, -16727.00, -16726.56
25845, -16728.00, -16726.61
25850, -16726.00, -16726.64
25855, -16728.00, -16726.66
25859, -16727.00, -16726.70
25864, -16728.00, -16726.75
25869, -16728.00, -16726.82
25875, -16727.00, -16726.87
25879, -16725.00, -16726.82
25884, -16726.00, -16726.74
25889, -16728.00, -16726.76
25894, -16725.00, -16726.74
25898, -16726.00, -16726.67
25903, -16726.00, -16726.63
25907, -16730.00, -16726.71
25912, -16727.00, -16726.80
25917, -16728.00, -16726.85
25922, -16726.00, -16726.85
25927, -16727.00, -16726.83
25932, -16727.00, -16726.84
25937, -16727.00, -16726.85
25942, -16727.00, -16726.86
25947, -16725.00, -16726.80
25953, -16727.00, -16726.75
25957, -16727.00, -16726.76
25962, -16728.00, -16726.80
25966, -16726.00, -16726.82
25971, -16726.00, -16726.77
25976, -16725.00, -16726.69
25981, -16725.00, -16726.60
25986, -16727.00, -16726.56
25990, -16728.00, -16726.61
25995, -16728.00, -16726.69
25999, -16725.00, -16726.68
26003, -16729.00, -16726.70
26008, -16727.00, -16726.77
26013, -16729.00, -16726.84
26017, -16725.00, -16726.84
26021, -16726.00, -16726.77
26026, -16727.00, -16726.76
26030, -16727.00, -16726.77
26035, -16728.00, -16726.81
26040, -16724.00, -16726.77
26045, -16729.00, -16726.75
26050, -16728.00, -16726.85
26055, -16727.00, -16726.88
26060, -16725.00, -16726.83
26065, -16728.00, -16726.81
26069, -16725.00, -16726.79
26075, -16729.00, -16726.81
26080, -16728.00, -16726.90
26084, -16726.00, -16726.90
26088, -16727.00, -16726.88
26094, -16727.00, -16726.89
