3654, -17194.00, -16476.41, -769
3658, -17195.00, -16516.61, -769
3663, -17196.00, -16553.55, -768
3667, -17194.00, -16588.35, -768
3672, -17195.00, -16621.73, -768
3676, -17194.00, -16652.64, -768
3681, -17196.00, -16681.83, -767
3685, -17195.00, -16710.79, -767
3690, -17194.00, -16736.58, -767
3694, -17195.00, -16761.28, -767
3698, -17195.00, -16784.52, -767
3703, -17194.00, -16806.77, -767
3707, -17195.00, -16827.43, -766
3712, -17193.00, -16847.67, -766
3716, -17193.00, -16866.30, -766
3721, -17193.00, -16883.98, -765
3725, -17193.00, -16900.63, -765
3729, -17193.00, -16916.25, -765
3734, -17193.00, -16931.41, -765
3738, -17194.00, -16945.54, -765
3743, -17195.00, -16958.93, -764
3747, -17193.00, -16971.38, -764
3751, -17195.00, -16983.30, -764
3756, -17194.00, -16994.57, -764
3760, -17195.00, -17005.17, -763
3764, -17196.00, -17015.40, -763
3769, -17195.00, -17025.08, -763
3773, -17195.00, -17034.10, -763
3778, -17194.00, -17042.82, -763
3782, -17194.00, -17051.08, -764
3786, -17195.00, -17058.82, -764
3791, -17196.00, -17066.22, -763
3795, -17194.00, -17073.17, -763
3800, -17195.00, -17079.65, -763
3804, -17195.00, -17085.85, -763
3808, -17195.00, -17091.71, -763
3813, -17195.00, -17097.23, -763
3817, -17194.00, -17102.54, -763
3822, -17195.00, -17107.54, -763
3826, -17195.00, -17112.20, -763
3831, -17194.00, -17116.60, -762
3835, -17195.00, -17120.76, -762
3839, -17194.00, -17124.71, -762
3844, -17195.00, -17128.51, -762
3848, -17196.00, -17132.10, -762
3853, -17195.00, -17135.55, -762
3857, -17195.00, -17138.76, -762
3862, -17194.00, -17141.87, -761
3866, -17195.00, -17144.71, -761
3870, -17193.00, -17147.38, -761
3875, -17194.00, -17149.89, -761
3879, -17195.00, -17152.31, -761
3884, -17195.00, -17154.68, -761
3888, -17196.00, -17156.87, -761
3893, -17195.00, -17158.96, -761
3897, -17194.00, -17160.85, -761
3901, -17195.00, -17162.69, -760
3906, -17196.00, -17164.45, -760
3910, -17194.00, -17166.11, -760
3915, -17194.00, -17167.60, -759
3919, -17195.00, -17169.03, -759
3923, -17194.00, -17170.40, -758
3928, -17194.00, -17171.67, -758
3932, -17195.00, -17172.89, -758
3937, -17196.00, -17174.14, -758
3941, -17195.00, -17175.29, -757
3945, -17195.00, -17176.35, -757
3950, -17195.00, -17177.35, -757
3954, -17196.00, -17178.36, -757
3959, -17196.00, -17179.30, -758
3963, -17196.00, -17180.20, -758
3968, -17195.00, -17181.01, -758
3972, -17196.00, -17181.80, -758
3976, -17195.00, -17182.54, -758
3981, -17194.00, -17183.20, -758
3985, -17195.00, -17183.80, -758
3990, -17194.00, -17184.37, -758
3994, -17195.00, -17184.92, -758
3998, -17195.00, -17185.45, -758
4003, -17194.00, -17185.93, -757
4007, -17195.00, -17186.39, -745
4012, -17207.00, -17187.18, -654
4016, -17216.00, -17188.50, -498
4020, -17226.00, -17190.29, -318
4025, -17233.00, -17192.42, -114
4029, -17243.00, -17194.89, 107
4034, -17253.00, -17197.88, 323
4038, -17258.00, -17200.92, 537
4043, -17267.00, -17204.18, 754
4047, -17275.00, -17207.74, 984
4052, -17285.00, -17211.84, 1193
4056, -17292.00, -17215.92, 1398
4060, -17299.00, -17220.13, 1597
4065, -17307.00, -17224.52, 1793
4069, -17313.00, -17229.06, 1985
4073, -17319.00, -17233.69, 2170
4078, -17327.00, -17238.40, 2359
4082, -17335.00, -17243.38, 2539
4086, -17343.00, -17248.42, 2714
4091, -17350.00, -17253.56, 2887
4095, -17357.00, -17258.81, 3060
4099, -17362.00, -17264.17, 3229
4104, -17371.00, -17269.63, 3394
4108, -17377.00, -17275.14, 3558
4112, -17386.00, -17280.84, 3723
4117, -17393.00, -17286.70, 3882
4121, -17400.00, -17292.53, 4040
4125, -17407.00, -17298.45, 4196
4130, -17411.00, -17304.26, 4351
4134, -17420.00, -17310.19, 4503
4138, -17428.00, -17316.14, 4654
4143, -17435.00, -17322.27, 4807
4147, -17442.00, -17328.53, 4958
4151, -17449.00, -17334.73, 5110
4156, -17458.00, -17341.11, 5261
4160, -17463.00, -17347.45, 5410
4164, -17470.00, -17353.77, 5558
4169, -17477.00, -17360.13, 5707
4173, -17483.00, -17366.59, 5852
4178, -17493.00, -17373.03, 6002
4182, -17501.00, -17379.72, 6146
4186, -17507.00, -17386.23, 6293
4191, -17514.00, -17392.77, 6440
4195, -17521.00, -17399.45, 6588
4199, -17527.00, -17406.13, 6733
4204, -17534.00, -17412.72, 6880
4208, -17542.00, -17419.37, 7027
4212, -17550.00, -17426.12, 7176
4217, -17557.00, -17433.00, 7326
4221, -17565.00, -17439.82, 7473
4226, -17570.00, -17446.66, 7624
4230, -17578.00, -17453.46, 7777
4234, -17584.00, -17460.37, 7923
4239, -17591.00, -17467.07, 8071
4243, -17600.00, -17473.81, 8218
4247, -17607.00, -17480.63, 8371
4252, -17614.00, -17487.54, 8524
4256, -17622.00, -17494.48, 8679
4260, -17627.00, -17501.45, 8839
4265, -17634.00, -17508.31, 8998
4269, -17641.00, -17515.23, 9155
4273, -17647.00, -17522.09, 9318
4278, -17656.00, -17528.98, 9480
4282, -17664.00, -17535.93, 9648
4286, -17671.00, -17542.94, 9816
4291, -17676.00, -17549.95, 9986
4295, -17685.00, -17556.81, 10156
4299, -17689.00, -17563.73, 10328
4304, -17698.00, -17570.63, 10502
4308, -17706.00, -17577.60, 10683
4313, -17713.00, -17584.67, 10864
4317, -17721.00, -17591.72, 11049
4321, -17728.00, -17598.88, 11244
4326, -17735.00, -17606.04, 11435
4330, -17741.00, -17612.99, 11636
4334, -17748.00, -17620.18, 11830
4339, -17755.00, -17627.11, 12031
4343, -17763.00, -17634.26, 12235
4348, -17770.00, -17641.34, 12437
4352, -17777.00, -17648.32, 12640
4356, -17783.00, -17655.34, 12840
4361, -17789.00, -17662.31, 13037
4365, -17796.00, -17669.22, 13230
4369, -17804.00, -17676.14, 13418
4374, -17811.00, -17683.12, 13601
4378, -17818.00, -17690.00, 13785
4382, -17826.00, -17697.17, 13967
4387, -17832.00, -17704.18, 14141
4391, -17836.00, -17711.04, 14314
4395, -17843.00, -17717.90, 14484
4400, -17852.00, -17724.88, 14651
4404, -17858.00, -17731.84, 14811
4409, -17865.00, -17738.74, 14970
4413, -17874.00, -17745.65, 15128
4417, -17881.00, -17752.67, 15284
4422, -17887.00, -17759.74, 15435
4426, -17893.00, -17766.65, 15590
4430, -17902.00, -17773.93, 15737
4435, -17905.00, -17780.89, 15878
4439, -17914.00, -17787.67, 16018
4444, -17922.00, -17794.63, 16156
4448, -17929.00, -17801.59, 16293
4452, -17937.00, -17808.65, 16457
4458, -17943.00, -17817.09, 16588
4462, -17951.00, -17823.90, 16718
4466, -17955.00, -17830.72, 16846
4470, -17964.00, -17837.50, 16972
4475, -17970.00, -17844.35, 17098
4479, -17977.00, -17851.29, 17224
4484, -17984.00, -17858.31, 17348
4488, -17994.00, -17865.26, 17469
4492, -17999.00, -17872.28, 17591
4497, -18007.00, -17880.25, 17727
4502, -18014.00, -17887.12, 17846
4506, -18019.00, -17894.01, 17967
4510, -18027.00, -17901.04, 18082
4515, -18033.00, -17907.94, 18199
4519, -18040.00, -17914.78, 18313
4524, -18047.00, -17921.64, 18428
4528, -18055.00, -17928.54, 18546
4532, -18061.00, -17935.71, 18660
4537, -18067.00, -17942.59, 18774
4541, -18073.00, -17949.37, 18885
4546, -18080.00, -17956.10, 18999
4550, -18087.00, -17963.04, 19107
4554, -18094.00, -17969.72, 19216
4559, -18101.00, -17976.42, 19327
4563, -18108.00, -17983.24, 19438
4567, -18112.00, -17989.97, 19548
4572, -18119.00, -17996.61, 19657
4576, -18126.00, -18003.27, 19766
4580, -18132.00, -18009.92, 19874
4585, -18139.00, -18016.55, 19983
4589, -18146.00, -18023.21, 20092
4593, -18153.00, -18029.92, 20201
4598, -18158.00, -18036.56, 20310
4602, -18166.00, -18043.24, 20416
4606, -18170.00, -18049.79, 20524
4610, -18177.00, -18056.33, 20634
4615, -18183.00, -18062.97, 20744
4619, -18191.00, -18069.54, 20856
4624, -18197.00, -18076.15, 20970
4628, -18204.00, -18082.76, 21086
4632, -18212.00, -18089.48, 21202
4637, -18217.00, -18096.18, 21320
4641, -18223.00, -18102.77, 21436
4645, -18231.00, -18109.32, 21557
4650, -18237.00, -18116.05, 21677
4654, -18245.00, -18122.73, 21799
4658, -18251.00, -18129.39, 21924
4663, -18258.00, -18136.15, 22050
4667, -18264.00, -18142.83, 22180
4672, -18271.00, -18149.54, 22309
4676, -18278.00, -18156.21, 22437
4680, -18283.00, -18162.77, 22569
4685, -18291.00, -18169.35, 22703
4689, -18299.00, -18176.03, 22838
4693, -18305.00, -18182.66, 22978
4698, -18310.00, -18189.37, 23120
4702, -18317.00, -18195.98, 23262
4706, -18323.00, -18202.54, 23407
4711, -18331.00, -18209.16, 23557
4715, -18338.00, -18215.92, 23712
4720, -18346.00, -18222.80, 23869
4724, -18353.00, -18229.63, 24026
4728, -18359.00, -18236.33, 24190
4733, -18365.00, -18243.06, 24356
4737, -18372.00, -18249.76, 24523
4741, -18378.00, -18256.40, 24696
4746, -18384.00, -18263.00, 24879
4750, -18392.00, -18269.89, 25058
4755, -18399.00, -18276.53, 25244
4759, -18408.00, -18283.32, 25437
4763, -18413.00, -18290.22, 25640
4768, -18420.00, -18297.01, 25844
4772, -18427.00, -18303.71, 26077
4777, -18432.00, -18311.18, 26295
4781, -18442.00, -18317.96, 26520
4786, -18446.00, -18324.71, 26749
4790, -18453.00, -18331.33, 26986
4794, -18463.00, -18338.10, 27235
4799, -18467.00, -18344.85, 27492
4803, -18473.00, -18351.48, 27758
4808, -18480.00, -18358.19, 28036
4812, -18486.00, -18364.89, 28316
4816, -18492.00, -18371.49, 28606
4821, -18498.00, -18378.21, 28898
4825, -18507.00, -18384.83, 29198
4830, -18513.00, -18391.76, 29487
4834, -18520.00, -18398.45, 29771
4838, -18527.00, -18405.16, 30054
4843, -18533.00, -18411.92, 30328
4847, -18539.00, -18418.59, 30597
4852, -18545.00, -18425.19, 30858
4856, -18552.00, -18431.80, 31116
4860, -18559.00, -18438.54, 31368
4865, -18566.00, -18445.23, 31628
4870, -18573.00, -18452.30, 31867
4874, -18580.00, -18458.95, 32100
4878, -18586.00, -18465.56, 32325
4883, -18591.00, -18472.11, 32546
4887, -18597.00, -18478.56, 32762
4891, -18605.00, -18485.15, 32982
4896, -18611.00, -18492.08, 33193
4900, -18616.00, -18498.63, 33397
4905, -18624.00, -18505.17, 33599
4909, -18632.00, -18511.80, 33793
4914, -18638.00, -18518.32, 33986
4918, -18643.00, -18524.81, 34174
4922, -18650.00, -18531.29, 34360
4927, -18656.00, -18537.78, 34542
4931, -18661.00, -18544.21, 34721
4935, -18666.00, -18550.55, 34896
4940, -18676.00, -18556.87, 35069
4944, -18681.00, -18563.27, 35247
4948, -18688.00, -18569.92, 35417
4953, -18691.00, -18576.32, 35586
4957, -18699.00, -18582.70, 35749
4961, -18705.00, -18589.02, 35911
4966, -18711.00, -18595.42, 36075
4970, -18719.00, -18601.83, 36234
4975, -18725.00, -18608.16, 36394
4979, -18731.00, -18614.66, 36551
4983, -18738.00, -18621.04, 36703
4988, -18742.00, -18627.37, 36857
4992, -18748.00, -18633.68, 37010
4996, -18755.00, -18639.93, 37159
5001, -18760.00, -18646.14, 37312
5005, -18769.00, -18652.54, 37462
5009, -18774.00, -18658.82, 37613
5014, -18782.00, -18665.13, 37764
5018, -18785.00, -18671.45, 37912
5022, -18791.00, -18677.59, 38060
5027, -18798.00, -18683.75, 38213
5031, -18805.00, -18690.14, 38362
5036, -18810.00, -18696.39, 38512
5040, -18817.00, -18702.63, 38664
5044, -18823.00, -18709.02, 38821
5049, -18829.00, -18715.49, 38971
5053, -18835.00, -18721.73, 39121
5058, -18841.00, -18727.90, 39271
5062, -18847.00, -18734.12, 39423
5066, -18851.00, -18740.32, 39573
5071, -18861.00, -18746.57, 39728
5075, -18867.00, -18752.86, 39879
5080, -18873.00, -18759.06, 40034
5084, -18879.00, -18765.35, 40188
5088, -18884.00, -18771.58, 40341
5093, -18890.00, -18777.69, 40495
5097, -18895.00, -18783.82, 40651
5101, -18904.00, -18790.01, 40809
5106, -18909.00, -18796.28, 40967
5110, -18916.00, -18802.46, 41126
5114, -18921.00, -18808.65, 41295
5119, -18929.00, -18815.07, 41459
5123, -18932.00, -18821.24, 41625
5128, -18940.00, -18827.35, 41790
5132, -18945.00, -18833.47, 41953
5136, -18952.00, -18839.50, 42124
5141, -18958.00, -18845.63, 42295
5145, -18965.00, -18851.79, 42468
5149, -18971.00, -18857.88, 42651
5154, -18977.00, -18864.33, 42832
5158, -18981.00, -18870.49, 43016
5163, -18988.00, -18876.67, 43201
5167, -18995.00, -18882.83, 43386
5171, -19001.00, -18888.95, 43574
5176, -19008.00, -18895.13, 43771
5180, -19015.00, -18901.44, 43965
5185, -19020.00, -18907.62, 44169
5189, -19026.00, -18913.87, 44370
5193, -19030.00, -18919.93, 44581
5198, -19036.00, -18926.10, 44787
5202, -19043.00, -18932.13, 44997
5207, -19050.00, -18938.24, 45207
5211, -19056.00, -18944.34, 45415
5215, -19063.00, -18950.41, 45625
5220, -19069.00, -18956.58, 45829
5224, -19074.00, -18962.71, 46030
5228, -19079.00, -18968.91, 46231
5233, -19087.00, -18974.92, 46421
5237, -19092.00, -18980.93, 46609
5241, -19098.00, -18986.95, 46794
5246, -19105.00, -18993.01, 46976
5250, -19109.00, -18999.07, 47154
5254, -19116.00, -19005.07, 47331
5259, -19122.00, -19011.23, 47502
5263, -19130.00, -19017.31, 47668
5267, -19134.00, -19023.44, 47833
5272, -19140.00, -19029.49, 47992
5276, -19148.00, -19035.50, 48151
5281, -19153.00, -19041.80, 48312
5285, -19159.00, -19048.02, 48465
5289, -19165.00, -19054.15, 48616
5294, -19170.00, -19060.24, 48762
5298, -19178.00, -19066.58, 48914
5303, -19183.00, -19072.73, 49055
5307, -19187.00, -19078.72, 49192
5311, -19197.00, -19084.69, 49328
5316, -19203.00, -19090.75, 49460
5320, -19207.00, -19096.71, 49593
5324, -19214.00, -19102.73, 49728
5329, -19219.00, -19108.92, 49858
5333, -19226.00, -19114.92, 49985
5337, -19232.00, -19120.94, 50111
5342, -19238.00, -19126.98, 50236
5346, -19245.00, -19132.96, 50362
5350, -19251.00, -19139.07, 50486
5355, -19256.00, -19145.13, 50609
5359, -19261.00, -19151.15, 50731
5363, -19269.00, -19157.14, 50851
5368, -19275.00, -19163.26, 50970
5372, -19280.00, -19169.28, 51089
5376, -19287.00, -19175.35, 51217
5381, -19293.00, -19181.96, 51339
5385, -19300.00, -19188.19, 51458
5390, -19306.00, -19194.29, 51574
5394, -19311.00, -19200.34, 51697
5399, -19318.00, -19206.58, 51815
5403, -19322.00, -19212.69, 51934
5407, -19330.00, -19218.91, 52055
5412, -19338.00, -19225.37, 52177
5417, -19344.00, -19231.62, 52295
5421, -19352.00, -19237.86, 52413
5425, -19356.00, -19244.03, 52531
5430, -19361.00, -19250.16, 52649
5434, -19369.00, -19256.37, 52766
5438, -19374.00, -19262.45, 52881
5443, -19382.00, -19268.51, 52997
5447, -19388.00, -19274.73, 53126
5452, -19395.00, -19281.62, 53246
5456, -19401.00, -19287.96, 53364
5461, -19407.00, -19294.13, 53484
5465, -19413.00, -19300.31, 53603
5469, -19419.00, -19306.45, 53724
5474, -19425.00, -19312.52, 53849
5478, -19432.00, -19318.89, 53975
5483, -19438.00, -19325.19, 54098
5487, -19446.00, -19331.46, 54233
5492, -19452.00, -19338.08, 54359
5496, -19458.00, -19344.28, 54488
5500, -19465.00, -19350.51, 54618
5505, -19471.00, -19356.74, 54751
5509, -19477.00, -19363.03, 54882
5513, -19482.00, -19369.34, 55022
5518, -19490.00, -19375.71, 55157
5522, -19495.00, -19381.90, 55297
5527, -19503.00, -19388.21, 55439
5531, -19509.00, -19394.52, 55582
5535, -19514.00, -19400.73, 55727
5540, -19521.00, -19406.90, 55874
5544, -19528.00, -19413.22, 56026
5548, -19532.00, -19419.49, 56176
5553, -19541.00, -19425.75, 56333
5557, -19547.00, -19432.09, 56496
5562, -19554.00, -19438.62, 56661
5566, -19559.00, -19444.87, 56828
5570, -19563.00, -19451.06, 56994
5575, -19571.00, -19457.24, 57168
5579, -19578.00, -19463.48, 57342
5583, -19585.00, -19469.71, 57518
5588, -19590.00, -19475.93, 57703
5592, -19599.00, -19482.18, 57893
5596, -19604.00, -19488.50, 58098
5601, -19611.00, -19495.06, 58305
5605, -19617.00, -19501.56, 58523
5610, -19623.00, -19508.15, 58743
5614, -19629.00, -19514.59, 58969
5619, -19636.00, -19521.06, 59198
5623, -19642.00, -19527.33, 59454
5628, -19650.00, -19534.25, 59713
5633, -19657.00, -19540.93, 59984
5637, -19666.00, -19547.77, 60252
5642, -19672.00, -19554.31, 60534
5646, -19677.00, -19560.73, 60823
5650, -19683.00, -19567.16, 61120
5655, -19689.00, -19573.55, 61428
5659, -19695.00, -19579.99, 61727
5664, -19703.00, -19586.35, 62033
5668, -19708.00, -19592.83, 62326
5672, -19716.00, -19599.08, 62620
5677, -19725.00, -19605.60, 62928
5681, -19730.00, -19612.49, 63207
5686, -19735.00, -19618.88, 63481
5690, -19741.00, -19625.20, 63746
5694, -19747.00, -19631.49, 64006
5699, -19756.00, -19637.92, 64265
5703, -19762.00, -19644.52, 64532
5708, -19769.00, -19651.38, 64775
5712, -19777.00, -19657.90, 65016
5717, -19783.00, -19664.50, 65256
5721, -19790.00, -19671.28, 65493
5726, -19794.00, -19677.98, 65725
5730, -19801.00, -19684.71, 65942
5735, -19807.00, -19691.06, 66162
5739, -19815.00, -19697.77, 66375
5744, -19821.00, -19704.43, 66580
5748, -19827.00, -19710.85, 66779
5753, -19834.00, -19717.23, 66973
5757, -19842.00, -19723.65, 67164
5761, -19846.00, -19730.07, 67354
5766, -19854.00, -19736.50, 67536
5770, -19860.00, -19742.91, 67716
5774, -19867.00, -19749.30, 67898
5779, -19873.00, -19755.82, 68068
5783, -19882.00, -19762.21, 68238
5787, -19886.00, -19768.60, 68408
5792, -19894.00, -19775.03, 68576
5796, -19898.00, -19781.48, 68742
5800, -19904.00, -19787.86, 68903
5805, -19910.00, -19794.23, 69064
5809, -19919.00, -19800.65, 69226
5814, -19924.00, -19807.18, 69377
5818, -19931.00, -19813.55, 69539
5822, -19941.00, -19820.38, 69700
5827, -19945.00, -19827.18, 69856
5832, -19952.00, -19833.88, 70009
5836, -19957.00, -19840.32, 70166
5840, -19964.00, -19847.07, 70320
5845, -19970.00, -19853.61, 70474
5849, -19976.00, -19860.23, 70627
5854, -19986.00, -19866.77, 70778
5858, -19992.00, -19873.44, 70928
5863, -19998.00, -19879.98, 71076
5867, -20005.00, -19886.38, 71224
5871, -20011.00, -19892.90, 71373
5876, -20016.00, -19899.35, 71527
5880, -20024.00, -19906.01, 71672
5885, -20030.00, -19912.43, 71817
5889, -20036.00, -19918.86, 71963
5893, -20045.00, -19925.35, 72110
5898, -20051.00, -19931.87, 72254
5902, -20057.00, -19938.37, 72405
5906, -20063.00, -19944.82, 72557
5911, -20069.00, -19951.51, 72706
5915, -20076.00, -19957.96, 72863
5920, -20083.00, -19964.74, 73010
5924, -20089.00, -19971.20, 73158
5929, -20096.00, -19977.60, 73311
5933, -20104.00, -19984.17, 73464
5937, -20111.00, -19990.80, 73621
5942, -20117.00, -19997.46, 73779
5946, -20121.00, -20004.10, 73937
5951, -20129.00, -20010.63, 74092
5955, -20136.00, -20017.13, 74253
5959, -20143.00, -20023.73, 74412
5964, -20152.00, -20030.33, 74573
5968, -20158.00, -20036.96, 74736
5972, -20165.00, -20043.60, 74901
5977, -20170.00, -20050.11, 75081
5981, -20176.00, -20057.17, 75249
5986, -20184.00, -20063.72, 75420
5990, -20191.00, -20070.29, 75591
5995, -20196.00, -20076.89, 75764
5999, -20204.00, -20083.49, 75942
6003, -20212.00, -20090.07, 76125
6008, -20219.00, -20096.82, 76307
6012, -20225.00, -20103.46, 76493
6016, -20231.00, -20110.15, 76681
6021, -20239.00, -20116.79, 76871
6025, -20244.00, -20123.43, 77074
6030, -20251.00, -20130.29, 77276
6034, -20259.00, -20137.07, 77479
6038, -20269.00, -20143.93, 77691
6043, -20275.00, -20151.07, 77900
6047, -20280.00, -20157.88, 78105
6052, -20285.00, -20164.54, 78310
6056, -20294.00, -20171.23, 78512
6061, -20301.00, -20177.99, 78712
6065, -20307.00, -20184.82, 78913
6070, -20314.00, -20191.79, 79103
6074, -20323.00, -20198.55, 79297
6079, -20330.00, -20205.74, 79482
6083, -20337.00, -20212.51, 79666
6087, -20343.00, -20219.45, 79848
6092, -20350.00, -20226.55, 80026
6096, -20357.00, -20233.53, 80201
6101, -20365.00, -20240.65, 80364
6105, -20372.00, -20247.47, 80523
6110, -20379.00, -20254.23, 80695
6114, -20387.00, -20261.74, 80847
6119, -20395.00, -20268.57, 80997
6123, -20400.00, -20275.35, 81148
6127, -20408.00, -20282.29, 81294
6132, -20416.00, -20289.24, 81437
6136, -20421.00, -20296.11, 81578
6141, -20429.00, -20303.04, 81715
6145, -20433.00, -20309.89, 81850
6149, -20443.00, -20316.73, 81984
6154, -20450.00, -20323.66, 82117
6158, -20456.00, -20330.56, 82248
6162, -20464.00, -20337.53, 82377
6167, -20470.00, -20344.48, 82502
6171, -20476.00, -20351.32, 82625
6176, -20485.00, -20358.15, 82752
6180, -20492.00, -20365.27, 82874
6184, -20500.00, -20372.23, 82995
6189, -20507.00, -20379.19, 83118
6193, -20515.00, -20386.40, 83245
6198, -20521.00, -20393.92, 83366
6202, -20528.00, -20401.08, 83483
6207, -20535.00, -20408.10, 83598
6211, -20542.00, -20414.97, 83709
6215, -20550.00, -20421.81, 83823
6220, -20559.00, -20428.81, 83935
6224, -20565.00, -20435.90, 84048
6228, -20572.00, -20442.99, 84167
6233, -20580.00, -20450.40, 84278
6237, -20586.00, -20457.39, 84391
6242, -20592.00, -20464.43, 84506
6246, -20600.00, -20471.67, 84616
6250, -20608.00, -20478.79, 84729
6255, -20614.00, -20485.81, 84841
6259, -20624.00, -20493.03, 84953
6264, -20631.00, -20500.24, 85067
6268, -20637.00, -20507.62, 85181
6273, -20646.00, -20514.86, 85291
6277, -20652.00, -20522.07, 85406
6282, -20660.00, -20529.55, 85517
6286, -20666.00, -20536.65, 85625
6290, -20674.00, -20543.67, 85734
6295, -20682.00, -20550.80, 85843
6299, -20690.00, -20558.02, 85950
6303, -20696.00, -20565.09, 86060
6308, -20702.00, -20572.26, 86172
6312, -20709.00, -20579.51, 86282
6316, -20718.00, -20586.63, 86393
6321, -20725.00, -20593.73, 86504
6325, -20732.00, -20600.93, 86616
6329, -20740.00, -20608.10, 86730
6334, -20746.00, -20615.23, 86846
6338, -20751.00, -20622.38, 86962
6342, -20758.00, -20629.42, 87080
6347, -20767.00, -20636.52, 87196
6351, -20775.00, -20643.66, 87313
6355, -20781.00, -20650.76, 87433
6360, -20790.00, -20658.01, 87555
6364, -20798.00, -20665.33, 87679
6369, -20804.00, -20672.58, 87802
6373, -20811.00, -20679.65, 87926
6377, -20817.00, -20686.84, 88052
6382, -20823.00, -20693.85, 88178
6386, -20831.00, -20700.96, 88310
6390, -20839.00, -20708.33, 88444
6395, -20846.00, -20715.54, 88576
6399, -20855.00, -20722.70, 88712
6403, -20861.00, -20729.87, 88851
6408, -20868.00, -20737.18, 88993
6412, -20873.00, -20744.44, 89134
6417, -20882.00, -20751.49, 89277
6421, -20888.00, -20758.68, 89424
6425, -20897.00, -20765.82, 89574
6430, -20904.00, -20772.99, 89727
6434, -20911.00, -20780.13, 89882
6439, -20917.00, -20787.31, 90040
6443, -20924.00, -20794.31, 90206
6447, -20930.00, -20801.60, 90370
6452, -20939.00, -20808.66, 90537
6456, -20945.00, -20815.77, 90717
6460, -20953.00, -20822.92, 90895
6465, -20961.00, -20830.05, 91077
6469, -20967.00, -20837.13, 91265
6473, -20975.00, -20844.29, 91456
6478, -20980.00, -20851.27, 91654
6482, -20985.00, -20858.21, 91855
6486, -20994.00, -20865.23, 92063
6491, -21000.00, -20872.23, 92289
6495, -21009.00, -20879.71, 92511
6500, -21016.00, -20886.65, 92744
6504, -21023.00, -20893.73, 92987
6508, -21029.00, -20900.88, 93237
6513, -21036.00, -20908.08, 93500
6517, -21042.00, -20915.09, 93767
6522, -21048.00, -20922.10, 94038
6526, -21056.00, -20929.07, 94316
6531, -21065.00, -20936.10, 94593
6535, -21073.00, -20943.11, 94875
6539, -21079.00, -20950.29, 95152
6544, -21085.00, -20957.34, 95426
6548, -21091.00, -20964.35, 95691
6552, -21098.00, -20971.29, 95950
6557, -21106.00, -20978.26, 96208
6561, -21113.00, -20985.41, 96470
6566, -21122.00, -20992.82, 96721
6570, -21130.00, -21000.00, 96966
6575, -21137.00, -21007.27, 97205
6579, -21142.00, -21014.44, 97437
6583, -21147.00, -21021.38, 97658
6588, -21154.00, -21028.26, 97875
6592, -21158.00, -21035.08, 98096
6597, -21168.00, -21042.17, 98300
6601, -21175.00, -21049.03, 98502
6605, -21183.00, -21055.94, 98699
6610, -21188.00, -21062.88, 98895
6614, -21195.00, -21069.75, 99085
6618, -21200.00, -21076.59, 99274
6623, -21206.00, -21083.52, 99462
6628, -21212.00, -21090.55, 99642
6632, -21219.00, -21097.36, 99812
6636, -21227.00, -21104.15, 99985
6641, -21233.00, -21110.96, 100157
6645, -21242.00, -21117.82, 100322
6650, -21246.00, -21124.57, 100489
6654, -21254.00, -21131.31, 100649
6658, -21258.00, -21137.98, 100813
6663, -21266.00, -21144.73, 100969
6667, -21271.00, -21151.34, 101121
6672, -21279.00, -21157.94, 101280
6676, -21285.00, -21164.65, 101435
6680, -21292.00, -21171.32, 101588
6685, -21299.00, -21178.00, 101742
6689, -21305.00, -21184.69, 101894
6694, -21311.00, -21191.33, 102040
6698, -21317.00, -21197.90, 102185
6702, -21324.00, -21204.38, 102324
6707, -21329.00, -21210.85, 102472
6711, -21337.00, -21217.47, 102622
6716, -21344.00, -21224.34, 102767
6720, -21349.00, -21230.79, 102909
6724, -21356.00, -21237.31, 103054
6729, -21362.00, -21243.80, 103198
6733, -21368.00, -21250.32, 103342
6738, -21374.00, -21256.86, 103488
6742, -21381.00, -21263.52, 103628
6746, -21388.00, -21269.99, 103769
6751, -21395.00, -21276.41, 103908
6755, -21402.00, -21282.86, 104047
6759, -21406.00, -21289.30, 104188
6764, -21412.00, -21295.64, 104327
6768, -21419.00, -21302.10, 104466
6773, -21425.00, -21308.43, 104604
6777, -21431.00, -21314.82, 104740
6781, -21439.00, -21321.16, 104879
6786, -21444.00, -21327.55, 105018
6790, -21450.00, -21333.88, 105156
6794, -21455.00, -21340.18, 105296
6799, -21461.00, -21346.39, 105433
6803, -21467.00, -21352.59, 105573
6807, -21474.00, -21358.92, 105717
6812, -21482.00, -21365.48, 105859
6816, -21488.00, -21371.87, 106002
6821, -21494.00, -21378.32, 106150
6825, -21499.00, -21384.78, 106301
6830, -21507.00, -21391.68, 106453
6834, -21510.00, -21397.92, 106601
6839, -21519.00, -21404.21, 106750
6843, -21524.00, -21410.55, 106901
6848, -21530.00, -21417.00, 107058
6852, -21538.00, -21423.47, 107212
6856, -21545.00, -21429.86, 107365
6861, -21552.00, -21436.16, 107519
6865, -21557.00, -21442.38, 107676
6869, -21561.00, -21448.59, 107839
6874, -21568.00, -21454.84, 108009
6878, -21575.00, -21461.40, 108170
6883, -21580.00, -21467.53, 108333
6887, -21588.00, -21473.71, 108503
6892, -21596.00, -21480.07, 108674
6896, -21603.00, -21486.44, 108847
6900, -21607.00, -21492.72, 109023
6905, -21613.00, -21498.95, 109203
6909, -21618.00, -21505.15, 109385
6913, -21626.00, -21511.40, 109571
6918, -21632.00, -21517.78, 109758
6922, -21639.00, -21524.02, 109956
6926, -21646.00, -21530.44, 110159
6931, -21655.00, -21537.10, 110362
6935, -21660.00, -21543.58, 110576
6940, -21665.00, -21550.22, 110782
6944, -21673.00, -21556.68, 110988
6949, -21679.00, -21563.05, 111188
6953, -21684.00, -21569.36, 111398
6958, -21692.00, -21576.08, 111600
6962, -21701.00, -21582.64, 111795
6967, -21706.00, -21589.14, 111982
6971, -21713.00, -21595.47, 112166
6975, -21720.00, -21601.84, 112348
6980, -21725.00, -21608.27, 112525
6984, -21730.00, -21614.54, 112696
6988, -21738.00, -21620.81, 112871
6993, -21744.00, -21627.43, 113039
6997, -21752.00, -21633.87, 113205
7001, -21759.00, -21640.33, 113365
7006, -21765.00, -21646.72, 113522
7010, -21770.00, -21653.14, 113680
7014, -21777.00, -21659.54, 113837
7019, -21782.00, -21666.28, 113991
7023, -21790.00, -21672.76, 114142
7028, -21798.00, -21679.36, 114292
7032, -21807.00, -21686.15, 114441
7037, -21812.00, -21693.14, 114591
7042, -21821.00, -21700.25, 114736
7046, -21828.00, -21706.88, 114874
7050, -21833.00, -21713.49, 115011
7055, -21842.00, -21720.09, 115149
7059, -21846.00, -21726.94, 115282
7064, -21853.00, -21733.56, 115418
7068, -21861.00, -21740.40, 115547
7073, -21870.00, -21747.01, 115681
7077, -21875.00, -21753.98, 115809
7082, -21883.00, -21760.65, 115936
7086, -21889.00, -21767.30, 116062
7090, -21896.00, -21773.89, 116190
7095, -21902.00, -21780.72, 116315
7099, -21908.00, -21787.42, 116437
7103, -21916.00, -21793.95, 116557
7108, -21925.00, -21800.63, 116684
7112, -21932.00, -21807.71, 116809
7117, -21940.00, -21814.93, 116939
7121, -21945.00, -21822.02, 117066
7126, -21951.00, -21829.15, 117196
7131, -21958.00, -21836.35, 117320
7135, -21966.00, -21843.37, 117439
7140, -21972.00, -21849.99, 117556
7144, -21980.00, -21856.69, 117671
7148, -21986.00, -21863.35, 117789
7153, -21995.00, -21870.07, 117907
7157, -22003.00, -21876.95, 118027
7161, -22009.00, -21883.81, 118145
7166, -22013.00, -21890.61, 118266
7170, -22022.00, -21897.37, 118385
7174, -22027.00, -21904.21, 118510
7179, -22034.00, -21911.36, 118628
7183, -22043.00, -21918.14, 118768
7189, -22050.00, -21926.20, 118888
7193, -22059.00, -21933.02, 119017
7197, -22066.00, -21940.24, 119137
7202, -22073.00, -21947.07, 119262
7206, -22078.00, -21953.92, 119388
7211, -22085.00, -21960.81, 119513
7215, -22093.00, -21967.64, 119640
7219, -22099.00, -21974.53, 119766
7224, -22105.00, -21981.32, 119898
7228, -22114.00, -21988.23, 120029
7232, -22122.00, -21995.06, 120168
7237, -22130.00, -22002.44, 120307
7241, -22135.00, -22009.49, 120450
7246, -22141.00, -22016.64, 120591
7250, -22147.00, -22023.44, 120733
7255, -22155.00, -22030.30, 120876
7259, -22163.00, -22037.20, 121024
7264, -22171.00, -22044.28, 121175
7268, -22179.00, -22051.30, 121327
7272, -22185.00, -22058.31, 121492
7277, -22193.00, -22065.71, 121652
7281, -22198.00, -22072.63, 121814
7286, -22206.00, -22079.60, 121980
7290, -22212.00, -22086.56, 122149
7295, -22218.00, -22093.48, 122317
7299, -22227.00, -22100.28, 122490
7303, -22234.00, -22107.16, 122670
7308, -22243.00, -22114.12, 122855
7312, -22249.00, -22121.13, 123044
7316, -22256.00, -22128.11, 123241
7321, -22260.00, -22135.12, 123446
7325, -22266.00, -22142.13, 123652
7329, -22275.00, -22149.01, 123860
7334, -22283.00, -22155.90, 124078
7338, -22291.00, -22162.87, 124307
7343, -22298.00, -22169.95, 124542
7347, -22306.00, -22176.97, 124782
7351, -22310.00, -22183.88, 125034
7356, -22316.00, -22190.78, 125297
7360, -22325.00, -22197.81, 125569
7364, -22332.00, -22204.83, 125849
7369, -22340.00, -22211.86, 126139
7373, -22349.00, -22218.97, 126446
7378, -22353.00, -22225.98, 126765
7382, -22361.00, -22233.06, 127083
7386, -22367.00, -22240.12, 127404
7391, -22374.00, -22247.12, 127713
7395, -22380.00, -22253.95, 128020
7399, -22388.00, -22260.80, 128319
7404, -22395.00, -22267.66, 128617
7408, -22404.00, -22274.60, 128917
7412, -22411.00, -22281.81, 129204
7417, -22416.00, -22288.83, 129485
7421, -22424.00, -22295.81, 129757
7425, -22429.00, -22302.81, 130025
7430, -22437.00, -22309.83, 130283
7434, -22445.00, -22316.84, 130541
7439, -22452.00, -22324.07, 130793
7443, -22459.00, -22331.26, 131042
7448, -22467.00, -22338.38, 131274
7452, -22474.00, -22345.36, 131501
7456, -22479.00, -22352.33, 131723
7461, -22486.00, -22359.24, 131937
7465, -22494.00, -22366.13, 132150
7469, -22502.00, -22373.24, 132362
7474, -22509.00, -22380.32, 132568
7478, -22516.00, -22387.50, 132773
7483, -22523.00, -22394.63, 132971
7487, -22528.00, -22401.59, 133167
7491, -22536.00, -22408.60, 133368
7496, -22543.00, -22416.02, 133560
7500, -22552.00, -22423.17, 133742
7505, -22557.00, -22430.13, 133920
7509, -22565.00, -22437.05, 134101
7513, -22573.00, -22444.11, 134279
7518, -22580.00, -22451.16, 134457
7522, -22587.00, -22458.29, 134630
7527, -22590.00, -22465.26, 134799
7531, -22597.00, -22472.04, 134965
7535, -22606.00, -22478.93, 135131
7540, -22612.00, -22485.89, 135295
7544, -22623.00, -22493.01, 135463
7548, -22629.00, -22500.18, 135628
7553, -22637.00, -22507.31, 135797
7557, -22641.00, -22514.59, 135961
7562, -22648.00, -22521.57, 136124
7566, -22654.00, -22528.55, 136285
7571, -22662.00, -22535.53, 136444
7575, -22669.00, -22542.56, 136608
7580, -22676.00, -22549.71, 136771
7584, -22684.00, -22556.90, 136927
7588, -22693.00, -22563.88, 137088
7593, -22698.00, -22571.00, 137254
7597, -22706.00, -22578.31, 137412
7602, -22711.00, -22585.22, 137570
7606, -22718.00, -22592.09, 137728
7610, -22727.00, -22599.10, 137885
7615, -22733.00, -22606.17, 138047
7619, -22740.00, -22613.13, 138204
7624, -22749.00, -22620.04, 138364
7628, -22753.00, -22626.98, 138530
7632, -22761.00, -22634.05, 138697
7637, -22768.00, -22641.34, 138861
7641, -22775.00, -22648.32, 139019
7646, -22783.00, -22655.19, 139190
7650, -22791.00, -22662.53, 139359
7655, -22798.00, -22669.75, 139525
7659, -22806.00, -22676.76, 139694
7663, -22813.00, -22683.92, 139867
7668, -22818.00, -22691.16, 140046
7672, -22824.00, -22698.20, 140222
7677, -22833.00, -22705.36, 140401
7681, -22838.00, -22712.47, 140585
7686, -22848.00, -22719.82, 140764
7690, -22854.00, -22726.83, 140943
7695, -22863.00, -22733.79, 141125
7699, -22870.00, -22740.84, 141311
7703, -22876.00, -22747.85, 141496
7708, -22883.00, -22754.80, 141693
7712, -22888.00, -22761.96, 141897
7717, -22895.00, -22769.58, 142103
7721, -22904.00, -22776.50, 142300
7725, -22911.00, -22783.40, 142506
7730, -22920.00, -22790.45, 142711
7734, -22927.00, -22797.46, 142922
7738, -22934.00, -22804.51, 143148
7743, -22940.00, -22811.92, 143371
7748, -22946.00, -22819.02, 143586
7752, -22951.00, -22825.90, 143801
7756, -22961.00, -22832.85, 144024
7761, -22968.00, -22840.22, 144232
7765, -22975.00, -22847.27, 144434
7770, -22982.00, -22854.27, 144641
7774, -22990.00, -22861.39, 144843
7778, -22998.00, -22868.63, 145039
7783, -23003.00, -22875.78, 145227
7787, -23010.00, -22882.73, 145412
7792, -23017.00, -22889.70, 145593
7796, -23025.00, -22896.85, 145770
7800, -23033.00, -22904.06, 145944
7805, -23041.00, -22911.15, 146115
7809, -23048.00, -22918.46, 146284
7814, -23054.00, -22925.51, 146448
7818, -23061.00, -22932.71, 146613
7823, -23066.00, -22939.99, 146778
7827, -23074.00, -22947.28, 146926
7832, -23082.00, -22954.15, 147073
7836, -23089.00, -22961.14, 147215
7840, -23097.00, -22968.05, 147358
7845, -23105.00, -22975.13, 147500
7849, -23111.00, -22982.16, 147639
7853, -23118.00, -22989.13, 147778
7858, -23124.00, -22996.31, 147912
7862, -23129.00, -23003.18, 148042
7866, -23138.00, -23010.02, 148170
7871, -23146.00, -23017.00, 148298
7875, -23153.00, -23024.02, 148425
7879, -23162.00, -23031.22, 148554
7884, -23167.00, -23038.28, 148680
7888, -23173.00, -23045.35, 148807
7893, -23180.00, -23052.58, 148933
7897, -23187.00, -23059.69, 149057
7901, -23196.00, -23066.94, 149180
7906, -23203.00, -23074.14, 149301
7910, -23212.00, -23081.36, 149419
7915, -23218.00, -23088.49, 149537
7919, -23225.00, -23095.55, 149656
7924, -23231.00, -23102.73, 149774
7928, -23238.00, -23109.84, 149891
7932, -23245.00, -23117.06, 150009
7937, -23251.00, -23124.17, 150125
7941, -23259.00, -23131.31, 150238
7946, -23268.00, -23138.31, 150350
7950, -23276.00, -23145.34, 150465
7954, -23280.00, -23152.44, 150581
7959, -23287.00, -23159.53, 150696
7963, -23294.00, -23166.71, 150811
7968, -23301.00, -23173.61, 150922
7972, -23308.00, -23180.57, 151039
7976, -23315.00, -23187.72, 151151
7981, -23324.00, -23194.71, 151262
7985, -23331.00, -23201.67, 151373
7989, -23337.00, -23208.68, 151483
7994, -23343.00, -23215.58, 151595
7998, -23349.00, -23222.43, 151709
8002, -23357.00, -23229.43, 151822
8007, -23364.00, -23236.32, 151934
8011, -23372.00, -23243.26, 152044
8015, -23363.00, -23249.84, 152101
8020, -23357.00, -23255.73, 152118
8024, -23350.00, -23261.08, 152106
8028, -23344.00, -23265.67, 152072
8033, -23337.00, -23269.63, 152018
8037, -23331.00, -23273.14, 151957
8041, -23324.00, -23276.00, 151885
8046, -23316.00, -23278.34, 151804
8050, -23308.00, -23280.12, 151714
8055, -23303.00, -23281.54, 151622
8059, -23297.00, -23282.51, 151529
8063, -23288.00, -23283.04, 151434
8068, -23285.00, -23283.22, 151338
8072, -23278.00, -23283.13, 151237
8076, -23271.00, -23282.67, 151136
8081, -23264.00, -23281.86, 151033
8085, -23258.00, -23280.76, 150930
8089, -23250.00, -23279.34, 150826
8094, -23245.00, -23277.64, 150722
8098, -23238.00, -23275.73, 150615
8103, -23231.00, -23273.45, 150511
8107, -23226.00, -23271.05, 150405
8111, -23216.00, -23268.38, 150297
8116, -23210.00, -23265.28, 150189
8120, -23203.00, -23262.12, 150083
8125, -23198.00, -23258.84, 149976
8129, -23193.00, -23255.46, 149870
8133, -23186.00, -23251.92, 149758
8138, -23179.00, -23248.03, 149648
8143, -23173.00, -23244.04, 149535
8147, -23165.00, -23239.83, 149423
8152, -23158.00, -23235.54, 149315
8156, -23150.00, -23231.25, 149208
8160, -23144.00, -23226.83, 149098
8164, -23138.00, -23222.29, 148988
8169, -23134.00, -23217.73, 148875
8173, -23127.00, -23213.10, 148763
8178, -23120.00, -23208.32, 148649
8182, -23113.00, -23203.45, 148536
8186, -23107.00, -23198.47, 148420
8190, -23100.00, -23193.48, 148303
8195, -23093.00, -23188.27, 148183
8199, -23088.00, -23182.99, 148064
8204, -23083.00, -23177.84, 147943
8208, -23075.00, -23172.59, 147820
8212, -23069.00, -23167.21, 147698
8217, -23062.00, -23161.79, 147569
8221, -23054.00, -23156.21, 147437
8226, -23046.00, -23150.41, 147306
8230, -23041.00, -23144.73, 147171
8234, -23034.00, -23138.95, 147036
8239, -23030.00, -23133.23, 146898
8243, -23023.00, -23127.26, 146755
8248, -23018.00, -23121.66, 146608
8252, -23009.00, -23115.71, 146455
8257, -23003.00, -23109.48, 146303
8261, -22996.00, -23103.54, 146149
8266, -22990.00, -23097.59, 145988
8270, -22980.00, -23091.35, 145822
8275, -22976.00, -23084.97, 145657
8279, -22970.00, -23079.00, 145494
8283, -22963.00, -23073.05, 145327
8288, -22957.00, -23067.02, 145156
8292, -22948.00, -23060.95, 144976
8297, -22941.00, -23054.53, 144794
8301, -22936.00, -23048.38, 144605
8305, -22929.00, -23042.16, 144412
8310, -22924.00, -23035.98, 144215
8314, -22916.00, -23029.71, 144014
8319, -22912.00, -23023.33, 143809
8323, -22906.00, -23017.12, 143613
8327, -22896.00, -23010.92, 143413
8332, -22891.00, -23004.54, 143213
8336, -22883.00, -22998.23, 143017
8341, -22875.00, -22991.83, 142823
8345, -22872.00, -22985.53, 142632
8349, -22865.00, -22979.34, 142440
8354, -22860.00, -22972.99, 142255
8358, -22853.00, -22966.79, 142074
8362, -22844.00, -22960.50, 141893
8367, -22837.00, -22954.16, 141710
8371, -22831.00, -22947.68, 141531
8376, -22825.00, -22941.27, 141356
8380, -22819.00, -22934.94, 141182
8384, -22813.00, -22928.66, 141011
8389, -22807.00, -22922.30, 140839
8393, -22800.00, -22915.86, 140670
8397, -22792.00, -22909.40, 140504
8402, -22785.00, -22902.99, 140333
8406, -22778.00, -22896.30, 140165
8411, -22770.00, -22889.70, 140000
8415, -22766.00, -22883.10, 139837
8420, -22758.00, -22876.56, 139674
8424, -22753.00, -22870.03, 139509
8429, -22744.00, -22863.24, 139349
8433, -22737.00, -22856.57, 139190
8437, -22731.00, -22849.93, 139030
8442, -22723.00, -22843.25, 138878
8446, -22717.00, -22836.78, 138724
8450, -22712.00, -22830.26, 138567
8455, -22703.00, -22823.65, 138414
8459, -22698.00, -22816.98, 138257
8464, -22692.00, -22810.42, 138106
8468, -22685.00, -22803.91, 137950
8473, -22675.00, -22797.11, 137788
8477, -22668.00, -22789.97, 137632
8482, -22661.00, -22783.20, 137477
8486, -22655.00, -22776.47, 137324
8490, -22649.00, -22769.83, 137162
8495, -22641.00, -22762.79, 137009
8499, -22636.00, -22756.14, 136852
8504, -22630.00, -22749.41, 136702
8508, -22622.00, -22742.86, 136550
8513, -22615.00, -22736.27, 136397
8517, -22608.00, -22729.65, 136241
8521, -22602.00, -22723.01, 136078
8526, -22593.00, -22715.95, 135922
8530, -22588.00, -22709.22, 135766
8535, -22583.00, -22702.56, 135609
8539, -22575.00, -22695.78, 135444
8544, -22567.00, -22688.85, 135287
8548, -22560.00, -22682.04, 135125
8553, -22552.00, -22675.16, 134957
8557, -22545.00, -22668.14, 134788
8562, -22538.00, -22661.17, 134620
8566, -22533.00, -22654.49, 134454
8570, -22527.00, -22647.88, 134281
8575, -22521.00, -22641.08, 134113
8579, -22514.00, -22634.48, 133936
8584, -22506.00, -22627.59, 133754
8588, -22499.00, -22620.65, 133576
8593, -22493.00, -22613.96, 133400
8597, -22484.00, -22607.38, 133218
8601, -22478.00, -22600.67, 133033
8606, -22472.00, -22593.99, 132847
8610, -22465.00, -22587.39, 132659
8614, -22459.00, -22580.73, 132468
8619, -22453.00, -22574.10, 132274
8623, -22447.00, -22567.55, 132072
8627, -22437.00, -22560.82, 131869
8632, -22432.00, -22554.14, 131661
8636, -22426.00, -22547.46, 131435
8641, -22419.00, -22540.23, 131209
8645, -22413.00, -22533.57, 130988
8649, -22407.00, -22527.01, 130753
8654, -22399.00, -22520.13, 130519
8658, -22391.00, -22513.48, 130278
8663, -22384.00, -22506.64, 130015
8667, -22378.00, -22499.56, 129743
8672, -22368.00, -22492.41, 129479
8676, -22363.00, -22485.61, 129212
8681, -22358.00, -22478.99, 128931
8685, -22352.00, -22472.24, 128640
8690, -22346.00, -22465.53, 128336
8694, -22338.00, -22458.63, 128025
8699, -22331.00, -22451.82, 127711
8703, -22323.00, -22444.93, 127408
8708, -22316.00, -22438.19, 127111
8712, -22311.00, -22431.57, 126807
8716, -22303.00, -22424.63, 126524
8721, -22298.00, -22418.01, 126245
8725, -22292.00, -22411.44, 125977
8730, -22285.00, -22404.86, 125720
8734, -22276.00, -22398.21, 125467
8738, -22271.00, -22391.55, 125216
8743, -22263.00, -22384.71, 124977
8747, -22257.00, -22378.09, 124748
8751, -22251.00, -22371.49, 124510
8756, -22246.00, -22364.51, 124290
8761, -22238.00, -22357.86, 124080
8765, -22232.00, -22351.23, 123873
8769, -22226.00, -22344.56, 123667
8774, -22219.00, -22337.68, 123467
8779, -22212.00, -22330.78, 123282
8783, -22204.00, -22324.29, 123100
8787, -22196.00, -22317.56, 122923
8792, -22191.00, -22310.93, 122752
8796, -22186.00, -22304.43, 122585
8801, -22182.00, -22297.93, 122421
8805, -22173.00, -22291.47, 122263
8809, -22169.00, -22285.04, 122109
8814, -22158.00, -22278.58, 121958
8818, -22152.00, -22272.02, 121809
8822, -22148.00, -22265.55, 121662
8827, -22142.00, -22259.12, 121522
8831, -22136.00, -22252.80, 121383
8835, -22131.00, -22246.47, 121247
8840, -22123.00, -22240.11, 121112
8844, -22117.00, -22233.63, 120981
8848, -22110.00, -22227.29, 120851
8853, -22104.00, -22220.87, 120716
8857, -22098.00, -22214.16, 120591
8862, -22092.00, -22207.86, 120468
8866, -22087.00, -22201.62, 120349
8870, -22082.00, -22195.41, 120228
8875, -22074.00, -22189.16, 120108
8879, -22067.00, -22182.62, 119983
8884, -22061.00, -22175.98, 119866
8888, -22055.00, -22169.57, 119753
8893, -22048.00, -22163.32, 119636
8897, -22044.00, -22156.97, 119522
8901, -22037.00, -22150.54, 119411
8906, -22031.00, -22144.29, 119304
8910, -22026.00, -22138.08, 119196
8915, -22020.00, -22131.78, 119090
8919, -22013.00, -22125.69, 118987
8923, -22007.00, -22119.62, 118881
8928, -22000.00, -22113.46, 118777
8932, -21994.00, -22107.23, 118667
8936, -21990.00, -22100.96, 118561
8941, -21985.00, -22094.85, 118459
8945, -21976.00, -22088.81, 118356
8950, -21971.00, -22082.76, 118251
8954, -21964.00, -22076.54, 118145
8958, -21958.00, -22070.42, 118041
8963, -21951.00, -22064.22, 117937
8967, -21947.00, -22058.13, 117829
8971, -21942.00, -22051.83, 117727
8976, -21936.00, -22045.76, 117624
8980, -21930.00, -22039.78, 117523
8985, -21924.00, -22033.79, 117421
8989, -21918.00, -22027.70, 117312
8994, -21911.00, -22021.27, 117208
8998, -21905.00, -22015.10, 117104
9002, -21899.00, -22009.06, 117000
9007, -21894.00, -22002.88, 116897
9011, -21889.00, -21996.88, 116794
9016, -21884.00, -21990.99, 116689
9020, -21876.00, -21984.80, 116583
9025, -21871.00, -21978.72, 116480
9029, -21864.00, -21972.75, 116372
9034, -21858.00, -21966.68, 116265
9038, -21850.00, -21960.60, 116157
9042, -21846.00, -21954.59, 116049
9047, -21841.00, -21948.66, 115939
9051, -21834.00, -21942.54, 115826
9056, -21829.00, -21936.58, 115718
9060, -21822.00, -21930.63, 115606
9064, -21815.00, -21924.65, 115490
9069, -21809.00, -21918.45, 115372
9073, -21804.00, -21912.21, 115256
9078, -21798.00, -21906.23, 115136
9082, -21792.00, -21900.19, 115018
9087, -21787.00, -21894.25, 114900
9091, -21781.00, -21888.41, 114778
9095, -21775.00, -21882.47, 114655
9100, -21769.00, -21876.53, 114530
9104, -21761.00, -21870.58, 114399
9109, -21755.00, -21864.51, 114269
9113, -21749.00, -21858.53, 114136
9117, -21746.00, -21852.63, 113998
9122, -21738.00, -21846.52, 113856
9126, -21733.00, -21840.38, 113711
9131, -21725.00, -21834.26, 113562
9135, -21719.00, -21828.01, 113408
9140, -21710.00, -21821.71, 113259
9144, -21706.00, -21815.62, 113105
9149, -21699.00, -21809.60, 112945
9153, -21693.00, -21803.54, 112782
9157, -21688.00, -21797.54, 112613
9162, -21681.00, -21791.39, 112442
9166, -21675.00, -21785.38, 112268
9170, -21668.00, -21779.28, 112080
9175, -21660.00, -21772.90, 111894
9179, -21651.00, -21766.69, 111698
9184, -21646.00, -21760.31, 111497
9188, -21641.00, -21754.06, 111287
9193, -21634.00, -21747.67, 111076
9197, -21628.00, -21741.20, 110869
9202, -21621.00, -21734.87, 110659
9206, -21614.00, -21728.48, 110454
9210, -21608.00, -21722.13, 110254
9215, -21599.00, -21715.88, 110055
9219, -21594.00, -21709.48, 109855
9224, -21587.00, -21703.10, 109660
9228, -21581.00, -21696.71, 109462
9232, -21575.00, -21690.33, 109272
9237, -21568.00, -21684.00, 109085
9241, -21561.00, -21677.64, 108903
9245, -21552.00, -21671.27, 108721
9250, -21547.00, -21664.85, 108536
9254, -21540.00, -21658.27, 108355
9258, -21533.00, -21651.82, 108178
9263, -21528.00, -21645.34, 108002
9267, -21521.00, -21638.93, 107830
9271, -21515.00, -21632.55, 107661
9276, -21508.00, -21626.20, 107492
9280, -21498.00, -21619.69, 107323
9284, -21491.00, -21613.06, 107157
9289, -21485.00, -21606.50, 106990
9293, -21480.00, -21599.90, 106826
9297, -21473.00, -21593.40, 106664
9302, -21465.00, -21586.80, 106500
9306, -21459.00, -21580.12, 106336
9310, -21451.00, -21573.43, 106169
9315, -21443.00, -21566.45, 106002
9319, -21435.00, -21559.51, 105841
9324, -21429.00, -21552.58, 105678
9328, -21424.00, -21545.84, 105518
9333, -21416.00, -21539.03, 105352
9337, -21410.00, -21532.02, 105191
9342, -21402.00, -21525.20, 105035
9346, -21393.00, -21518.44, 104878
9350, -21388.00, -21511.60, 104720
9355, -21378.00, -21504.61, 104560
9359, -21373.00, -21497.70, 104402
9363, -21367.00, -21490.81, 104244
9368, -21358.00, -21483.98, 104090
9372, -21354.00, -21477.23, 103931
9377, -21344.00, -21470.17, 103773
9381, -21338.00, -21463.23, 103617
9385, -21329.00, -21456.33, 103451
9390, -21321.00, -21448.98, 103290
9394, -21314.00, -21441.75, 103132
9399, -21308.00, -21434.71, 102971
9403, -21302.00, -21427.62, 102813
9408, -21294.00, -21420.67, 102652
9412, -21287.00, -21413.54, 102485
9417, -21280.00, -21406.28, 102320
9421, -21272.00, -21399.12, 102152
9426, -21264.00, -21391.92, 101981
9430, -21256.00, -21384.52, 101807
9435, -21248.00, -21377.15, 101636
9439, -21242.00, -21369.99, 101455
9444, -21235.00, -21362.51, 101283
9448, -21228.00, -21355.63, 101109
9453, -21222.00, -21348.68, 100935
9457, -21212.00, -21341.70, 100759
9461, -21205.00, -21334.63, 100578
9466, -21197.00, -21327.50, 100393
9470, -21189.00, -21320.22, 100190
9475, -21180.00, -21312.36, 100001
9479, -21176.00, -21305.22, 99813
9484, -21170.00, -21298.25, 99618
9488, -21163.00, -21291.27, 99424
9492, -21155.00, -21284.23, 99224
9497, -21146.00, -21277.14, 99022
9501, -21140.00, -21269.99, 98816
9505, -21130.00, -21262.83, 98604
9510, -21124.00, -21255.63, 98388
9514, -21117.00, -21248.43, 98170
9518, -21113.00, -21241.38, 97944
9523, -21105.00, -21234.31, 97714
9527, -21097.00, -21227.21, 97481
9531, -21088.00, -21220.07, 97236
9536, -21081.00, -21212.77, 96986
9540, -21074.00, -21205.55, 96725
9545, -21067.00, -21198.20, 96464
9549, -21060.00, -21191.02, 96192
9553, -21053.00, -21183.63, 95913
9558, -21047.00, -21176.43, 95632
9562, -21039.00, -21169.33, 95350
9566, -21030.00, -21162.23, 95054
9571, -21023.00, -21154.67, 94749
9576, -21015.00, -21146.96, 94449
9580, -21008.00, -21139.49, 94162
9585, -21002.00, -21132.06, 93887
9589, -20994.00, -21124.79, 93621
9594, -20988.00, -21117.57, 93367
9598, -20981.00, -21110.37, 93119
9602, -20974.00, -21103.27, 92878
9607, -20966.00, -21096.07, 92646
9611, -20957.00, -21088.99, 92417
9615, -20950.00, -21081.69, 92199
9620, -20945.00, -21074.52, 91977
9624, -20938.00, -21067.10, 91772
9629, -20932.00, -21060.08, 91576
9633, -20925.00, -21053.21, 91384
9637, -20918.00, -21046.18, 91197
9642, -20910.00, -21039.14, 91013
9646, -20902.00, -21032.10, 90835
9650, -20897.00, -21025.07, 90663
9655, -20890.00, -21018.16, 90493
9659, -20884.00, -21011.21, 90327
9663, -20877.00, -21004.17, 90163
9668, -20869.00, -20997.15, 90005
9672, -20862.00, -20990.04, 89848
9677, -20855.00, -20983.08, 89694
9681, -20847.00, -20975.96, 89542
9685, -20840.00, -20968.84, 89393
9690, -20833.00, -20961.59, 89244
9694, -20826.00, -20954.34, 89104
9699, -20820.00, -20947.45, 88970
9703, -20813.00, -20940.62, 88834
9707, -20806.00, -20933.67, 88692
9712, -20798.00, -20926.20, 88559
9716, -20790.00, -20919.14, 88427
9721, -20783.00, -20912.01, 88299
9725, -20777.00, -20905.03, 88173
9729, -20770.00, -20898.07, 88046
9734, -20763.00, -20890.98, 87923
9738, -20756.00, -20883.92, 87799
9742, -20749.00, -20876.85, 87677
9747, -20741.00, -20869.78, 87557
9751, -20733.00, -20862.66, 87434
9756, -20728.00, -20855.44, 87315
9760, -20720.00, -20848.37, 87198
9764, -20712.00, -20841.32, 87084
9769, -20708.00, -20834.37, 86967
9773, -20700.00, -20827.25, 86852
9778, -20692.00, -20820.16, 86742
9782, -20685.00, -20813.14, 86629
9786, -20676.00, -20806.09, 86520
9791, -20669.00, -20798.96, 86406
9795, -20663.00, -20791.56, 86292
9800, -20656.00, -20784.04, 86181
9804, -20649.00, -20776.97, 86074
9809, -20641.00, -20769.90, 85966
9813, -20635.00, -20762.82, 85860
9817, -20628.00, -20755.88, 85756
9822, -20620.00, -20748.95, 85649
9826, -20614.00, -20741.83, 85543
9830, -20607.00, -20734.88, 85436
9835, -20600.00, -20727.95, 85326
9839, -20593.00, -20720.56, 85221
9844, -20588.00, -20713.74, 85116
9848, -20581.00, -20706.89, 85010
9852, -20572.00, -20699.86, 84905
9857, -20566.00, -20692.97, 84800
9861, -20558.00, -20686.00, 84695
9865, -20552.00, -20679.11, 84588
9870, -20546.00, -20672.20, 84482
9874, -20539.00, -20665.22, 84372
9879, -20531.00, -20658.04, 84263
9883, -20524.00, -20651.08, 84150
9888, -20516.00, -20643.74, 84039
9892, -20510.00, -20636.52, 83927
9896, -20502.00, -20629.46, 83817
9901, -20495.00, -20622.42, 83705
9905, -20488.00, -20615.37, 83595
9910, -20484.00, -20608.52, 83481
9914, -20477.00, -20601.50, 83365
9919, -20470.00, -20594.51, 83253
9923, -20462.00, -20587.72, 83138
9927, -20454.00, -20580.84, 83025
9932, -20447.00, -20573.99, 82908
9936, -20441.00, -20567.10, 82787
9940, -20434.00, -20559.96, 82670
9945, -20428.00, -20553.13, 82550
9949, -20422.00, -20546.32, 82426
9954, -20415.00, -20539.14, 82299
9958, -20408.00, -20532.16, 82179
9962, -20401.00, -20525.47, 82056
9967, -20394.00, -20518.72, 81930
9971, -20387.00, -20511.93, 81804
9975, -20381.00, -20505.19, 81667
9980, -20373.00, -20498.07, 81530
9984, -20367.00, -20490.88, 81389
9989, -20362.00, -20483.93, 81249
9993, -20354.00, -20476.99, 81105
9998, -20345.00, -20469.98, 80956
10003, -20340.00, -20462.79, 80808
10007, -20330.00, -20455.89, 80657
10012, -20323.00, -20448.74, 80495
10016, -20318.00, -20441.60, 80337
10021, -20311.00, -20434.55, 80172
10025, -20306.00, -20427.73, 80011
10029, -20298.00, -20421.08, 79846
10034, -20293.00, -20414.39, 79673
10038, -20283.00, -20407.53, 79497
10043, -20276.00, -20400.67, 79322
10047, -20271.00, -20393.99, 79141
10051, -20265.00, -20387.30, 78952
10056, -20261.00, -20380.70, 78760
10060, -20252.00, -20374.03, 78568
10064, -20247.00, -20367.43, 78374
10069, -20239.00, -20360.81, 78179
10073, -20232.00, -20354.08, 77983
10077, -20225.00, -20347.44, 77787
10082, -20219.00, -20340.76, 77596
10086, -20213.00, -20334.16, 77402
10090, -20207.00, -20327.44, 77208
10095, -20200.00, -20320.74, 77023
10099, -20194.00, -20314.18, 76835
10104, -20187.00, -20307.42, 76649
10108, -20180.00, -20300.66, 76463
10113, -20173.00, -20293.90, 76288
10117, -20166.00, -20287.21, 76104
10122, -20161.00, -20280.34, 75930
10126, -20154.00, -20273.84, 75763
10130, -20146.00, -20267.34, 75596
10134, -20142.00, -20260.81, 75431
10139, -20135.00, -20254.33, 75270
10143, -20128.00, -20247.87, 75107
10147, -20120.00, -20241.30, 74947
10152, -20115.00, -20234.77, 74787
10156, -20109.00, -20228.22, 74627
10160, -20103.00, -20221.72, 74471
10165, -20097.00, -20215.21, 74315
10169, -20092.00, -20208.83, 74162
10173, -20083.00, -20202.39, 74009
10178, -20077.00, -20195.92, 73859
10182, -20070.00, -20189.50, 73708
10186, -20063.00, -20183.01, 73554
10191, -20058.00, -20176.38, 73400
10195, -20050.00, -20169.68, 73251
10200, -20046.00, -20163.12, 73104
10204, -20038.00, -20156.74, 72955
10208, -20030.00, -20150.19, 72804
10213, -20024.00, -20143.52, 72655
10217, -20017.00, -20136.85, 72508
10222, -20010.00, -20130.30, 72364
10226, -20007.00, -20123.91, 72216
10230, -19999.00, -20117.40, 72072
10235, -19992.00, -20110.93, 71929
10239, -19986.00, -20104.54, 71784
10243, -19980.00, -20098.02, 71640
10248, -19973.00, -20091.63, 71494
10252, -19966.00, -20085.16, 71349
10256, -19961.00, -20078.69, 71204
10261, -19954.00, -20072.30, 71059
10265, -19948.00, -20065.87, 70913
10269, -19941.00, -20059.39, 70766
10274, -19935.00, -20052.95, 70620
10278, -19928.00, -20046.56, 70472
10282, -19922.00, -20040.05, 70323
10287, -19916.00, -20033.53, 70175
10291, -19911.00, -20027.11, 70021
10296, -19903.00, -20020.46, 69873
10300, -19897.00, -20014.13, 69725
10304, -19891.00, -20007.59, 69570
10309, -19884.00, -20001.16, 69411
10313, -19878.00, -19994.54, 69252
10318, -19870.00, -19987.93, 69092
10322, -19865.00, -19981.25, 68931
10327, -19858.00, -19974.79, 68768
10331, -19852.00, -19968.34, 68608
10335, -19846.00, -19962.02, 68446
10340, -19840.00, -19955.71, 68282
10344, -19833.00, -19949.32, 68113
10348, -19826.00, -19942.93, 67943
10353, -19820.00, -19936.61, 67773
10357, -19814.00, -19930.29, 67597
10361, -19808.00, -19923.96, 67420
10366, -19803.00, -19917.67, 67238
10370, -19795.00, -19911.20, 67055
10375, -19789.00, -19904.84, 66859
10379, -19783.00, -19898.17, 66663
10384, -19776.00, -19891.61, 66459
10388, -19767.00, -19884.88, 66257
10393, -19763.00, -19878.41, 66054
10397, -19757.00, -19872.08, 65843
10402, -19751.00, -19865.65, 65632
10406, -19744.00, -19859.34, 65418
10410, -19741.00, -19853.10, 65195
10415, -19732.00, -19846.63, 64946
10420, -19724.00, -19839.76, 64712
10424, -19718.00, -19833.31, 64469
10428, -19711.00, -19826.88, 64210
10433, -19704.00, -19820.16, 63950
10437, -19699.00, -19813.69, 63686
10442, -19693.00, -19807.40, 63419
10446, -19686.00, -19801.10, 63133
10451, -19680.00, -19794.51, 62850
10455, -19675.00, -19788.30, 62560
10460, -19668.00, -19782.02, 62266
10464, -19660.00, -19775.76, 61976
10468, -19655.00, -19769.47, 61666
10473, -19647.00, -19762.68, 61379
10477, -19642.00, -19756.41, 61100
10482, -19637.00, -19750.15, 60826
10486, -19629.00, -19743.90, 60563
10490, -19623.00, -19737.66, 60310
10495, -19618.00, -19731.48, 60058
10499, -19611.00, -19725.24, 59812
10503, -19605.00, -19718.95, 59570
10508, -19598.00, -19712.66, 59329
10512, -19593.00, -19706.15, 59107
10517, -19587.00, -19699.92, 58883
10521, -19581.00, -19693.64, 58674
10525, -19574.00, -19687.51, 58470
10530, -19568.00, -19681.28, 58270
10534, -19561.00, -19675.05, 58078
10538, -19556.00, -19668.93, 57890
10543, -19550.00, -19662.69, 57706
10547, -19544.00, -19656.53, 57529
10551, -19538.00, -19650.48, 57353
10556, -19532.00, -19644.22, 57176
10561, -19526.00, -19637.78, 57002
10565, -19520.00, -19631.41, 56838
10569, -19512.00, -19625.22, 56677
10574, -19506.00, -19619.03, 56524
10578, -19502.00, -19612.94, 56370
10583, -19493.00, -19606.71, 56217
10587, -19490.00, -19600.53, 56071
10591, -19483.00, -19594.52, 55930
10596, -19476.00, -19588.44, 55785
10600, -19471.00, -19582.26, 55643
10604, -19464.00, -19576.01, 55504
10609, -19457.00, -19569.81, 55368
10613, -19452.00, -19563.62, 55229
10618, -19446.00, -19557.40, 55096
10622, -19441.00, -19551.36, 54965
10626, -19434.00, -19545.30, 54838
10631, -19429.00, -19539.27, 54710
10635, -19420.00, -19533.20, 54586
10639, -19415.00, -19527.10, 54460
10644, -19410.00, -19521.02, 54336
10648, -19404.00, -19514.96, 54208
10652, -19398.00, -19508.66, 54082
10657, -19391.00, -19502.40, 53960
10661, -19386.00, -19496.20, 53840
10666, -19379.00, -19490.13, 53714
10670, -19373.00, -19483.57, 53595
10675, -19366.00, -19477.41, 53479
10679, -19358.00, -19471.29, 53362
10684, -19353.00, -19465.14, 53246
10688, -19349.00, -19459.11, 53128
10692, -19344.00, -19452.96, 53011
10697, -19334.00, -19446.83, 52890
10701, -19330.00, -19440.35, 52767
10706, -19324.00, -19433.95, 52654
10710, -19316.00, -19427.94, 52538
10715, -19310.00, -19421.80, 52423
10719, -19304.00, -19415.70, 52307
10723, -19299.00, -19409.56, 52191
10728, -19293.00, -19403.52, 52076
10732, -19287.00, -19397.51, 51963
10736, -19282.00, -19391.52, 51847
10741, -19274.00, -19385.40, 51729
10745, -19268.00, -19379.13, 51607
10750, -19261.00, -19372.65, 51490
10754, -19255.00, -19366.48, 51374
10759, -19248.00, -19360.40, 51260
10763, -19245.00, -19354.42, 51142
10767, -19237.00, -19348.27, 51024
10772, -19233.00, -19342.16, 50907
10776, -19228.00, -19336.16, 50785
10781, -19221.00, -19330.08, 50665
10785, -19213.00, -19324.01, 50545
10789, -19207.00, -19317.92, 50425
10794, -19203.00, -19311.93, 50304
10798, -19195.00, -19306.02, 50182
10802, -19190.00, -19299.98, 50058
10807, -19184.00, -19293.95, 49936
10811, -19179.00, -19287.94, 49809
10816, -19172.00, -19281.90, 49680
10820, -19165.00, -19275.84, 49551
10824, -19159.00, -19269.78, 49421
10829, -19153.00, -19263.75, 49285
10833, -19149.00, -19257.43, 49150
10837, -19144.00, -19251.58, 49012
10842, -19136.00, -19245.57, 48876
10846, -19130.00, -19239.59, 48734
10851, -19125.00, -19233.47, 48585
10855, -19118.00, -19227.30, 48438
10860, -19113.00, -19221.25, 48283
10864, -19105.00, -19214.94, 48131
10869, -19099.00, -19208.94, 47978
10873, -19096.00, -19203.07, 47822
10877, -19089.00, -19197.19, 47662
10882, -19082.00, -19191.22, 47502
10886, -19077.00, -19185.34, 47335
10890, -19071.00, -19179.46, 47165
10895, -19065.00, -19173.60, 46990
10899, -19059.00, -19167.67, 46803
10903, -19053.00, -19161.52, 46621
10908, -19048.00, -19155.56, 46431
10912, -19042.00, -19149.69, 46238
10916, -19036.00, -19143.74, 46042
10921, -19029.00, -19137.92, 45846
10925, -19023.00, -19132.00, 45645
10929, -19019.00, -19126.13, 45441
10934, -19013.00, -19120.20, 45225
10938, -19007.00, -19113.96, 45026
10943, -19002.00, -19108.13, 44831
10947, -18997.00, -19102.35, 44639
10951, -18991.00, -19096.69, 44448
10956, -18984.00, -19090.96, 44258
10960, -18977.00, -19085.09, 44073
10964, -18973.00, -19079.30, 43889
10969, -18967.00, -19073.55, 43702
10973, -18962.00, -19067.57, 43522
10977, -18955.00, -19061.75, 43342
10982, -18951.00, -19055.88, 43170
10986, -18944.00, -19050.08, 42997
10991, -18936.00, -19044.10, 42823
10995, -18932.00, -19038.16, 42646
11000, -18925.00, -19031.92, 42474
11004, -18919.00, -19025.87, 42305
11009, -18914.00, -19019.81, 42139
11013, -18907.00, -19013.94, 41981
11018, -18902.00, -19008.13, 41822
11022, -18897.00, -19002.33, 41666
11026, -18890.00, -18996.53, 41509
11031, -18884.00, -18990.57, 41354
11035, -18878.00, -18984.74, 41200
11039, -18873.00, -18978.87, 41045
11044, -18867.00, -18972.98, 40894
11048, -18861.00, -18967.18, 40743
11053, -18855.00, -18961.25, 40591
11057, -18849.00, -18955.40, 40435
11062, -18844.00, -18949.27, 40285
11066, -18837.00, -18943.41, 40131
11071, -18830.00, -18937.28, 39980
11075, -18825.00, -18931.42, 39833
11079, -18819.00, -18925.60, 39688
11084, -18814.00, -18919.86, 39540
11088, -18808.00, -18914.01, 39394
11092, -18800.00, -18908.14, 39251
11097, -18794.00, -18902.27, 39105
11101, -18788.00, -18896.35, 38960
11105, -18782.00, -18890.43, 38813
11110, -18776.00, -18884.46, 38662
11114, -18771.00, -18878.39, 38508
11119, -18765.00, -18872.17, 38359
11123, -18760.00, -18866.27, 38213
11128, -18753.00, -18860.45, 38068
11132, -18746.00, -18854.56, 37916
11137, -18739.00, -18848.33, 37763
11141, -18734.00, -18842.21, 37618
11145, -18728.00, -18836.35, 37469
11150, -18722.00, -18830.35, 37321
11154, -18717.00, -18824.36, 37175
11159, -18709.00, -18818.42, 37023
11163, -18703.00, -18812.38, 36874
11167, -18698.00, -18806.42, 36724
11172, -18692.00, -18800.46, 36571
11176, -18684.00, -18794.47, 36416
11180, -18678.00, -18788.39, 36263
11185, -18674.00, -18782.39, 36105
11189, -18668.00, -18776.42, 35950
11193, -18661.00, -18770.45, 35790
11198, -18655.00, -18764.47, 35630
11202, -18647.00, -18758.42, 35466
11207, -18642.00, -18752.32, 35297
11211, -18635.00, -18746.08, 35129
11215, -18629.00, -18739.93, 34954
11220, -18624.00, -18733.81, 34783
11224, -18617.00, -18727.80, 34610
11229, -18611.00, -18721.75, 34430
11233, -18604.00, -18715.56, 34254
11237, -18598.00, -18709.50, 34072
11242, -18593.00, -18703.41, 33887
11246, -18586.00, -18697.36, 33700
11250, -18579.00, -18691.23, 33503
11255, -18573.00, -18684.91, 33308
11259, -18568.00, -18678.93, 33109
11263, -18560.00, -18672.82, 32908
11268, -18554.00, -18666.65, 32699
11272, -18547.00, -18660.25, 32479
11277, -18541.00, -18654.05, 32258
11281, -18534.00, -18647.74, 32033
11286, -18528.00, -18641.46, 31802
11290, -18522.00, -18635.23, 31571
11294, -18517.00, -18629.16, 31332
11299, -18511.00, -18623.03, 31084
11303, -18505.00, -18616.83, 30835
11307, -18498.00, -18610.74, 30565
11312, -18490.00, -18604.27, 30296
11316, -18485.00, -18598.09, 30017
11321, -18479.00, -18591.81, 29737
11325, -18473.00, -18585.64, 29437
11330, -18466.00, -18579.02, 29152
11334, -18459.00, -18572.80, 28873
11338, -18453.00, -18566.57, 28602
11343, -18445.00, -18560.31, 28335
11347, -18438.00, -18554.04, 28069
11351, -18432.00, -18547.64, 27816
11356, -18427.00, -18541.46, 27571
11360, -18421.00, -18535.23, 27330
11364, -18415.00, -18529.08, 27094
11369, -18408.00, -18522.78, 26860
11373, -18400.00, -18516.19, 26631
11378, -18394.00, -18509.71, 26413
11382, -18387.00, -18503.28, 26205
11386, -18381.00, -18496.89, 25991
11391, -18374.00, -18490.21, 25790
11395, -18369.00, -18483.82, 25598
11400, -18361.00, -18477.52, 25412
11404, -18357.00, -18471.16, 25227
11409, -18350.00, -18464.79, 25053
11413, -18343.00, -18458.55, 24879
11417, -18336.00, -18452.13, 24707
11422, -18330.00, -18445.68, 24543
11426, -18322.00, -18439.27, 24380
11430, -18316.00, -18432.88, 24225
11435, -18312.00, -18426.64, 24072
11439, -18304.00, -18420.34, 23923
11443, -18299.00, -18414.07, 23775
11448, -18291.00, -18407.70, 23630
11452, -18284.00, -18401.29, 23484
11457, -18278.00, -18394.66, 23344
11461, -18273.00, -18388.26, 23206
11465, -18267.00, -18382.02, 23068
11470, -18260.00, -18375.48, 22935
11474, -18256.00, -18369.26, 22800
11479, -18248.00, -18362.71, 22671
11483, -18240.00, -18356.38, 22544
11488, -18233.00, -18349.91, 22416
11492, -18229.00, -18343.36, 22291
11496, -18220.00, -18336.99, 22168
11501, -18216.00, -18330.57, 22047
11505, -18208.00, -18324.19, 21929
11510, -18203.00, -18317.83, 21810
11514, -18196.00, -18311.45, 21689
11519, -18190.00, -18304.82, 21575
11523, -18182.00, -18298.52, 21461
11527, -18177.00, -18292.13, 21342
11532, -18170.00, -18285.51, 21229
11536, -18163.00, -18279.13, 21120
11541, -18158.00, -18272.82, 21006
11545, -18151.00, -18266.27, 20894
11550, -18144.00, -18259.65, 20786
11554, -18139.00, -18253.26, 20678
11559, -18132.00, -18246.82, 20572
11563, -18126.00, -18240.54, 20467
11567, -18118.00, -18234.29, 20362
11572, -18115.00, -18228.05, 20258
11576, -18108.00, -18221.88, 20153
11580, -18102.00, -18215.69, 20050
11585, -18096.00, -18209.51, 19947
11589, -18089.00, -18203.32, 19840
11593, -18081.00, -18196.79, 19733
11598, -18075.00, -18190.32, 19625
11602, -18070.00, -18183.82, 19521
11607, -18065.00, -18177.59, 19414
11611, -18057.00, -18171.16, 19308
11616, -18052.00, -18164.82, 19201
11620, -18044.00, -18158.44, 19096
11625, -18038.00, -18152.12, 18989
11629, -18032.00, -18145.59, 18885
11634, -18026.00, -18139.34, 18781
11638, -18019.00, -18133.15, 18677
11642, -18010.00, -18126.81, 18572
11647, -18006.00, -18120.38, 18467
11651, -18000.00, -18114.12, 18361
11655, -17994.00, -18107.86, 18250
11660, -17989.00, -18101.37, 18144
11664, -17982.00, -18095.22, 18036
11669, -17975.00, -18088.92, 17929
11673, -17967.00, -18082.64, 17821
11677, -17962.00, -18076.36, 17713
11682, -17956.00, -18070.15, 17602
11686, -17949.00, -18063.88, 17490
11690, -17944.00, -18057.61, 17380
11695, -17936.00, -18051.36, 17266
11699, -17931.00, -18044.95, 17148
11704, -17923.00, -18038.44, 17031
11708, -17916.00, -18031.94, 16911
11713, -17908.00, -18025.39, 16793
11717, -17904.00, -18019.04, 16673
11721, -17896.00, -18012.74, 16552
11726, -17890.00, -18006.29, 16425
11730, -17885.00, -17999.83, 16297
11735, -17877.00, -17993.35, 16171
11739, -17871.00, -17986.99, 16044
11743, -17863.00, -17980.67, 15911
11748, -17858.00, -17974.24, 15768
11753, -17850.00, -17967.25, 15629
11757, -17842.00, -17960.84, 15490
11761, -17837.00, -17954.32, 15347
11766, -17833.00, -17947.90, 15196
11770, -17826.00, -17941.28, 15048
11775, -17818.00, -17934.89, 14898
11779, -17812.00, -17928.49, 14745
11783, -17804.00, -17922.07, 14591
11788, -17798.00, -17915.58, 14429
11792, -17790.00, -17909.07, 14259
11797, -17785.00, -17902.35, 14089
11801, -17779.00, -17895.74, 13921
11805, -17772.00, -17889.36, 13748
11810, -17765.00, -17882.96, 13569
11814, -17759.00, -17876.48, 13385
11819, -17752.00, -17869.96, 13198
11823, -17744.00, -17863.47, 13008
11827, -17738.00, -17856.97, 12813
11832, -17732.00, -17850.28, 12616
11836, -17724.00, -17843.51, 12420
11841, -17718.00, -17836.83, 12231
11845, -17713.00, -17830.38, 12042
11849, -17704.00, -17823.82, 11857
11854, -17698.00, -17817.30, 11672
11858, -17690.00, -17810.75, 11491
11862, -17684.00, -17804.20, 11307
11867, -17677.00, -17797.48, 11126
11871, -17671.00, -17790.76, 10948
11876, -17665.00, -17784.15, 10778
11880, -17656.00, -17777.66, 10606
11884, -17651.00, -17770.94, 10434
11889, -17642.00, -17764.24, 10265
11893, -17635.00, -17757.46, 10097
11898, -17629.00, -17750.72, 9934
11902, -17621.00, -17744.02, 9770
11906, -17617.00, -17737.24, 9607
11911, -17609.00, -17730.61, 9454
11915, -17603.00, -17724.04, 9295
11920, -17594.00, -17717.25, 9138
11924, -17588.00, -17710.41, 8984
11928, -17581.00, -17703.70, 8826
11933, -17573.00, -17696.74, 8671
11937, -17567.00, -17689.78, 8516
11942, -17559.00, -17682.83, 8361
11946, -17553.00, -17675.71, 8206
11951, -17545.00, -17668.55, 8058
11955, -17539.00, -17661.82, 7914
11960, -17531.00, -17655.16, 7773
11964, -17524.00, -17648.49, 7625
11968, -17515.00, -17641.41, 7482
11973, -17510.00, -17634.58, 7341
11977, -17504.00, -17627.79, 7198
11981, -17497.00, -17621.05, 7058
11986, -17492.00, -17614.31, 6921
11990, -17485.00, -17607.66, 6779
11995, -17477.00, -17600.76, 6637
11999, -17471.00, -17593.92, 6502
12003, -17463.00, -17587.23, 6365
12008, -17457.00, -17580.51, 6229
12012, -17449.00, -17573.78, 6091
12016, -17448.00, -17567.09, 5980
12021, -17457.00, -17561.01, 5933
12025, -17465.00, -17555.77, 5928
12029, -17471.00, -17551.10, 5959
12034, -17479.00, -17547.04, 6015
12038, -17484.00, -17543.59, 6092
12042, -17492.00, -17540.64, 6183
12047, -17499.00, -17538.26, 6286
12051, -17505.00, -17536.34, 6403
12055, -17514.00, -17534.87, 6525
12060, -17522.00, -17533.97, 6653
12064, -17529.00, -17533.52, 6790
12069, -17536.00, -17533.46, 6928
12073, -17543.00, -17533.79, 7070
12077, -17551.00, -17534.50, 7210
12082, -17557.00, -17535.53, 7355
12086, -17565.00, -17536.89, 7499
12091, -17572.00, -17538.58, 7648
12095, -17579.00, -17540.58, 7801
12099, -17586.00, -17542.84, 7950
12104, -17594.00, -17545.37, 8114
12108, -17602.00, -17548.38, 8268
12113, -17608.00, -17551.39, 8423
12117, -17615.00, -17554.64, 8587
12122, -17624.00, -17558.24, 8740
12126, -17629.00, -17561.83, 8899
12130, -17638.00, -17565.65, 9064
12135, -17646.00, -17569.86, 9226
12139, -17653.00, -17574.08, 9392
12144, -17660.00, -17578.48, 9565
12148, -17668.00, -17583.19, 9735
12152, -17675.00, -17587.92, 9911
12157, -17681.00, -17592.81, 10079
12161, -17689.00, -17597.67, 10255
12166, -17697.00, -17602.74, 10441
12170, -17705.00, -17608.30, 10625
12175, -17711.00, -17613.66, 10814
12179, -17719.00, -17619.22, 11003
12184, -17725.00, -17624.74, 11199
12188, -17733.00, -17630.42, 11397
12192, -17741.00, -17636.28, 11602
12197, -17746.00, -17642.20, 11812
12202, -17755.00, -17648.22, 12013
12206, -17763.00, -17654.10, 12225
12210, -17769.00, -17660.35, 12430
12215, -17778.00, -17666.44, 12641
12219, -17786.00, -17672.71, 12840
12224, -17790.00, -17678.76, 13040
12228, -17798.00, -17684.90, 13233
12232, -17803.00, -17690.97, 13421
12237, -17811.00, -17697.06, 13606
12241, -17819.00, -17703.25, 13785
12245, -17827.00, -17709.54, 13967
12249, -17831.00, -17715.92, 14145
12254, -17838.00, -17722.27, 14320
12258, -17845.00, -17728.61, 14489
12263, -17851.00, -17734.98, 14656
12267, -17859.00, -17741.44, 14824
12271, -17866.00, -17747.92, 14983
12276, -17874.00, -17754.42, 15143
12280, -17883.00, -17761.08, 15299
12284, -17888.00, -17767.69, 15455
12289, -17895.00, -17774.35, 15605
12293, -17901.00, -17780.98, 15755
12298, -17909.00, -17787.72, 15902
12302, -17916.00, -17794.41, 16042
12306, -17922.00, -17800.96, 16179
12311, -17931.00, -17807.63, 16321
12315, -17939.00, -17814.48, 16458
12319, -17944.00, -17821.25, 16592
12324, -17952.00, -17827.97, 16731
12328, -17957.00, -17835.06, 16865
12333, -17963.00, -17841.81, 16992
12337, -17973.00, -17848.49, 17117
12341, -17979.00, -17855.18, 17242
12346, -17987.00, -17861.96, 17368
12350, -17994.00, -17868.78, 17492
12354, -18002.00, -17875.73, 17615
12359, -18007.00, -17882.65, 17737
12363, -18014.00, -17889.42, 17866
12368, -18022.00, -17896.74, 17984
12372, -18028.00, -17903.58, 18100
12377, -18035.00, -17910.37, 18219
12381, -18043.00, -17917.27, 18335
12385, -18050.00, -17924.14, 18458
12390, -18057.00, -17931.48, 18575
12394, -18064.00, -17938.43, 18690
12399, -18068.00, -17945.18, 18804
12403, -18076.00, -17951.93, 18919
12407, -18082.00, -17958.80, 19031
12412, -18089.00, -17965.56, 19143
12416, -18097.00, -17972.34, 19256
12420, -18104.00, -17979.20, 19370
12425, -18111.00, -17986.09, 19481
12429, -18115.00, -17992.79, 19593
12434, -18120.00, -17999.46, 19703
12438, -18129.00, -18006.04, 19811
12442, -18136.00, -18012.66, 19923
12446, -18142.00, -18019.38, 20034
12451, -18149.00, -18026.13, 20143
12455, -18157.00, -18032.76, 20257
12460, -18162.00, -18039.71, 20365
12464, -18167.00, -18046.25, 20474
12468, -18176.00, -18052.88, 20584
12473, -18182.00, -18059.53, 20697
12477, -18190.00, -18066.28, 20808
12481, -18196.00, -18072.96, 20926
12486, -18203.00, -18079.89, 21042
12490, -18209.00, -18086.58, 21158
12494, -18216.00, -18093.24, 21277
12499, -18221.00, -18099.91, 21394
12503, -18229.00, -18106.51, 21516
12507, -18236.00, -18113.24, 21635
12512, -18242.00, -18119.86, 21758
12516, -18250.00, -18126.63, 21883
12520, -18257.00, -18133.37, 22008
12525, -18262.00, -18140.02, 22138
12529, -18269.00, -18146.81, 22269
12534, -18276.00, -18153.57, 22401
12538, -18283.00, -18160.42, 22537
12542, -18291.00, -18167.22, 22678
12547, -18297.00, -18174.34, 22820
12551, -18306.00, -18181.31, 22967
12556, -18312.00, -18188.41, 23110
12560, -18319.00, -18195.21, 23254
12565, -18324.00, -18201.92, 23402
12569, -18331.00, -18208.59, 23550
12573, -18336.00, -18215.27, 23704
12578, -18344.00, -18221.96, 23858
12582, -18352.00, -18228.67, 24019
12587, -18359.00, -18235.47, 24180
12591, -18366.00, -18242.14, 24353
12595, -18375.00, -18249.16, 24521
12600, -18380.00, -18255.91, 24695
12604, -18385.00, -18262.61, 24877
12608, -18393.00, -18269.51, 25064
12613, -18400.00, -18276.41, 25259
12617, -18406.00, -18283.39, 25461
12622, -18415.00, -18290.42, 25667
12626, -18422.00, -18297.50, 25874
12631, -18428.00, -18304.22, 26088
12635, -18434.00, -18311.06, 26321
12640, -18442.00, -18318.20, 26553
12644, -18449.00, -18325.13, 26791
12649, -18453.00, -18331.91, 27038
12653, -18462.00, -18338.84, 27306
12658, -18469.00, -18345.94, 27567
12662, -18477.00, -18352.74, 27840
12666, -18483.00, -18359.55, 28121
12671, -18489.00, -18366.29, 28408
12675, -18496.00, -18372.92, 28703
12680, -18503.00, -18379.70, 29002
12684, -18509.00, -18386.55, 29302
12688, -18516.00, -18393.42, 29590
12693, -18524.00, -18400.18, 29876
12697, -18529.00, -18406.92, 30159
12702, -18537.00, -18413.64, 30434
12706, -18544.00, -18420.37, 30709
12710, -18550.00, -18427.24, 30977
12715, -18555.00, -18433.98, 31236
12719, -18561.00, -18440.65, 31485
12723, -18569.00, -18447.29, 31733
12728, -18576.00, -18454.20, 31978
12732, -18583.00, -18460.84, 32225
12737, -18590.00, -18467.97, 32458
12741, -18597.00, -18474.74, 32682
12746, -18602.00, -18481.37, 32912
12750, -18610.00, -18488.39, 33124
12755, -18615.00, -18494.96, 33334
12759, -18621.00, -18501.59, 33538
12763, -18628.00, -18508.21, 33741
12768, -18636.00, -18514.93, 33937
12772, -18643.00, -18521.54, 34136
12777, -18649.00, -18528.40, 34329
12781, -18657.00, -18535.07, 34518
12785, -18662.00, -18541.71, 34699
12790, -18667.00, -18548.29, 34883
12794, -18675.00, -18554.79, 35061
12799, -18680.00, -18561.37, 35241
12803, -18686.00, -18568.04, 35418
12808, -18694.00, -18574.67, 35587
12812, -18700.00, -18581.17, 35758
12816, -18707.00, -18587.71, 35925
12821, -18712.00, -18594.17, 36090
12825, -18718.00, -18600.68, 36257
12829, -18725.00, -18607.25, 36423
12834, -18732.00, -18613.92, 36583
12838, -18737.00, -18620.40, 36737
12843, -18744.00, -18626.77, 36905
12847, -18752.00, -18633.64, 37064
12852, -18758.00, -18640.26, 37222
12856, -18763.00, -18646.73, 37377
12861, -18770.00, -18653.11, 37530
12865, -18775.00, -18659.47, 37686
12869, -18781.00, -18665.92, 37839
12874, -18788.00, -18672.30, 37992
12878, -18795.00, -18678.69, 38142
12882, -18802.00, -18685.01, 38295
12887, -18809.00, -18691.44, 38444
12891, -18814.00, -18697.76, 38594
12895, -18819.00, -18704.05, 38746
12900, -18825.00, -18710.48, 38899
12904, -18832.00, -18716.80, 39056
12909, -18837.00, -18723.33, 39205
12913, -18845.00, -18729.54, 39359
12918, -18852.00, -18736.16, 39514
12922, -18857.00, -18742.41, 39668
12926, -18863.00, -18748.76, 39825
12931, -18870.00, -18755.14, 39977
12935, -18876.00, -18761.42, 40129
12939, -18881.00, -18767.59, 40283
12944, -18888.00, -18773.84, 40438
12948, -18895.00, -18780.12, 40592
12953, -18901.00, -18786.42, 40752
12957, -18908.00, -18792.76, 40909
12961, -18914.00, -18799.00, 41072
12966, -18918.00, -18805.28, 41234
12970, -18925.00, -18811.49, 41393
12974, -18930.00, -18817.62, 41555
12979, -18939.00, -18823.80, 41723
12983, -18945.00, -18830.16, 41890
12987, -18950.00, -18836.40, 42061
12992, -18957.00, -18842.69, 42231
12996, -18962.00, -18848.88, 42409
13001, -18967.00, -18855.21, 42582
13005, -18975.00, -18861.28, 42758
13009, -18980.00, -18867.52, 42946
13014, -18988.00, -18873.97, 43128
13018, -18993.00, -18880.24, 43317
13023, -19000.00, -18886.54, 43508
13027, -19007.00, -18892.82, 43698
13031, -19012.00, -18899.10, 43895
13036, -19017.00, -18905.20, 44092
13040, -19023.00, -18911.32, 44289
13044, -19029.00, -18917.39, 44492
13049, -19035.00, -18923.52, 44699
13053, -19042.00, -18929.66, 44909
13058, -19047.00, -18935.76, 45124
13062, -19055.00, -18942.03, 45344
13067, -19060.00, -18948.51, 45564
13071, -19065.00, -18954.91, 45777
13076, -19072.00, -18961.22, 45990
13080, -19078.00, -18967.55, 46194
13085, -19085.00, -18973.76, 46386
13089, -19090.00, -18979.80, 46578
13093, -19099.00, -18985.93, 46765
13098, -19104.00, -18992.11, 46948
13102, -19110.00, -18998.19, 47128
13107, -19116.00, -19004.36, 47304
13111, -19121.00, -19010.39, 47475
13115, -19126.00, -19016.45, 47644
13120, -19134.00, -19022.54, 47809
13124, -19141.00, -19028.70, 47978
13129, -19146.00, -19035.06, 48143
13133, -19152.00, -19041.38, 48303
13138, -19159.00, -19047.63, 48458
13142, -19164.00, -19053.75, 48614
13147, -19169.00, -19060.05, 48765
13151, -19177.00, -19066.19, 48912
13155, -19184.00, -19072.44, 49051
13160, -19189.00, -19078.48, 49188
13164, -19196.00, -19084.48, 49325
13168, -19203.00, -19090.62, 49458
13173, -19209.00, -19096.70, 49599
13177, -19214.00, -19103.13, 49731
13182, -19221.00, -19109.26, 49866
13186, -19225.00, -19115.48, 49998
13191, -19231.00, -19121.53, 50131
13195, -19237.00, -19127.84, 50260
13200, -19245.00, -19133.99, 50386
13204, -19251.00, -19140.10, 50511
13208, -19260.00, -19146.25, 50635
13213, -19263.00, -19152.35, 50756
13217, -19270.00, -19158.40, 50878
13221, -19275.00, -19164.48, 51001
13226, -19281.00, -19170.63, 51118
13230, -19288.00, -19176.66, 51243
13235, -19295.00, -19183.09, 51360
13239, -19301.00, -19189.10, 51478
13243, -19308.00, -19195.19, 51600
13248, -19313.00, -19201.58, 51723
13252, -19319.00, -19207.90, 51845
13257, -19325.00, -19214.26, 51964
13261, -19330.00, -19220.33, 52085
13266, -19337.00, -19226.57, 52208
13270, -19345.00, -19233.03, 52326
13275, -19351.00, -19239.23, 52446
13279, -19359.00, -19245.46, 52562
13284, -19364.00, -19251.59, 52679
13288, -19371.00, -19257.76, 52797
13292, -19377.00, -19263.90, 52916
13297, -19382.00, -19270.14, 53033
13301, -19389.00, -19276.31, 53150
13305, -19395.00, -19282.44, 53265
13310, -19403.00, -19288.58, 53381
13314, -19407.00, -19294.78, 53503
13318, -19416.00, -19300.95, 53621
13323, -19419.00, -19307.08, 53742
13327, -19425.00, -19313.20, 53866
13331, -19432.00, -19319.33, 53989
13336, -19438.00, -19325.47, 54113
13340, -19446.00, -19331.69, 54242
13344, -19453.00, -19338.03, 54367
13349, -19459.00, -19344.26, 54497
13353, -19464.00, -19350.49, 54629
13358, -19470.00, -19356.82, 54764
13362, -19478.00, -19363.21, 54903
13367, -19483.00, -19369.76, 55037
13371, -19491.00, -19375.95, 55174
13375, -19496.00, -19382.18, 55312
13380, -19504.00, -19388.45, 55458
13384, -19511.00, -19394.96, 55600
13388, -19517.00, -19401.22, 55744
13393, -19521.00, -19407.36, 55892
13397, -19528.00, -19413.60, 56042
13401, -19533.00, -19419.81, 56193
13406, -19539.00, -19425.93, 56347
13410, -19547.00, -19432.11, 56506
13414, -19555.00, -19438.44, 56669
13419, -19560.00, -19444.74, 56836
13423, -19566.00, -19451.02, 57005
13427, -19572.00, -19457.30, 57177
13432, -19579.00, -19463.54, 57354
13436, -19585.00, -19470.00, 57540
13440, -19593.00, -19476.39, 57730
13445, -19600.00, -19482.88, 57935
13450, -19605.00, -19489.69, 58133
13454, -19613.00, -19495.97, 58340
13458, -19618.00, -19502.39, 58547
13463, -19625.00, -19508.70, 58768
13467, -19630.00, -19515.12, 58996
13471, -19637.00, -19521.56, 59235
13476, -19644.00, -19528.22, 59484
13481, -19651.00, -19534.85, 59741
13485, -19658.00, -19541.41, 60002
13490, -19665.00, -19548.00, 60288
13494, -19673.00, -19554.87, 60570
13499, -19679.00, -19561.34, 60860
13503, -19684.00, -19567.77, 61159
13507, -19690.00, -19574.31, 61470
13512, -19695.00, -19580.58, 61770
13516, -19703.00, -19587.03, 62078
13521, -19709.00, -19593.54, 62392
13525, -19717.00, -19600.23, 62700
13530, -19723.00, -19606.89, 62993
13534, -19732.00, -19613.46, 63272
13539, -19737.00, -19619.96, 63550
13543, -19744.00, -19626.37, 63818
13547, -19749.00, -19632.75, 64080
13552, -19756.00, -19639.11, 64332
13556, -19762.00, -19645.54, 64582
13560, -19770.00, -19651.93, 64831
13565, -19778.00, -19658.63, 65075
13569, -19784.00, -19665.30, 65320
13574, -19791.00, -19672.23, 65548
13578, -19797.00, -19678.77, 65778
13583, -19803.00, -19685.47, 65998
13587, -19807.00, -19691.92, 66208
13592, -19816.00, -19698.41, 66416
13596, -19823.00, -19704.86, 66616
13600, -19829.00, -19711.20, 66815
13605, -19838.00, -19717.70, 67011
13609, -19843.00, -19724.28, 67205
13614, -19850.00, -19730.85, 67392
13618, -19856.00, -19737.28, 67576
13622, -19861.00, -19743.73, 67760
13627, -19868.00, -19750.27, 67939
13631, -19875.00, -19756.75, 68115
13635, -19883.00, -19763.30, 68293
13640, -19889.00, -19769.98, 68463
13644, -19895.00, -19776.43, 68630
13649, -19902.00, -19783.02, 68803
13653, -19906.00, -19789.62, 68966
13657, -19914.00, -19796.02, 69127
13662, -19920.00, -19802.48, 69291
13666, -19927.00, -19809.17, 69446
13671, -19934.00, -19815.61, 69597
13675, -19941.00, -19822.01, 69749
13679, -19947.00, -19828.40, 69901
13684, -19953.00, -19834.84, 70052
13688, -19959.00, -19841.27, 70206
13692, -19964.00, -19847.81, 70355
13697, -19972.00, -19854.18, 70502
13701, -19979.00, -19860.55, 70649
13705, -19986.00, -19866.97, 70803
13710, -19993.00, -19873.69, 70954
13714, -19999.00, -19880.26, 71108
13719, -20005.00, -19887.00, 71258
13723, -20012.00, -19893.52, 71408
13727, -20018.00, -19900.08, 71559
13732, -20024.00, -19906.70, 71706
13736, -20032.00, -19913.26, 71855
13741, -20039.00, -19919.90, 72011
13745, -20046.00, -19926.77, 72165
13750, -20054.00, -19933.62, 72314
13754, -20059.00, -19940.23, 72463
13759, -20066.00, -19946.69, 72610
13763, -20071.00, -19953.08, 72756
13767, -20077.00, -19959.54, 72906
13772, -20086.00, -19965.99, 73058
13776, -20092.00, -19972.62, 73209
13780, -20099.00, -19979.14, 73363
13785, -20106.00, -19985.78, 73515
13789, -20111.00, -19992.36, 73674
13794, -20118.00, -19998.97, 73836
13798, -20126.00, -20005.76, 73990
13802, -20133.00, -20012.36, 74148
13807, -20139.00, -20018.95, 74305
13811, -20147.00, -20025.47, 74471
13816, -20154.00, -20032.37, 74634
13820, -20161.00, -20039.00, 74801
13824, -20167.00, -20045.71, 74973
13829, -20172.00, -20052.53, 75140
13833, -20180.00, -20059.18, 75319
13838, -20186.00, -20066.04, 75490
13842, -20194.00, -20072.58, 75666
13847, -20200.00, -20079.29, 75845
13851, -20209.00, -20086.04, 76028
13855, -20216.00, -20092.90, 76212
13860, -20221.00, -20099.63, 76405
13864, -20228.00, -20106.49, 76592
13869, -20234.00, -20113.12, 76782
13873, -20242.00, -20119.72, 76974
13877, -20247.00, -20126.32, 77168
13882, -20256.00, -20132.93, 77367
13886, -20264.00, -20139.62, 77572
13890, -20270.00, -20146.38, 77774
13895, -20277.00, -20153.15, 77980
13899, -20283.00, -20159.82, 78184
13903, -20289.00, -20166.50, 78389
13908, -20296.00, -20173.37, 78589
13912, -20303.00, -20180.05, 78785
13916, -20312.00, -20186.83, 78978
13921, -20318.00, -20193.62, 79164
13925, -20326.00, -20200.37, 79350
13929, -20330.00, -20207.16, 79533
13934, -20338.00, -20213.96, 79718
13938, -20345.00, -20221.04, 79894
13943, -20353.00, -20227.94, 80065
13947, -20360.00, -20234.95, 80237
13952, -20368.00, -20241.88, 80400
13956, -20374.00, -20248.71, 80560
13960, -20382.00, -20255.58, 80720
13965, -20388.00, -20262.57, 80875
13969, -20394.00, -20269.53, 81030
13973, -20402.00, -20276.54, 81179
13978, -20409.00, -20283.39, 81324
13982, -20416.00, -20290.28, 81466
13987, -20425.00, -20297.31, 81606
13991, -20434.00, -20304.40, 81751
13996, -20439.00, -20311.79, 81897
14000, -20447.00, -20319.28, 82035
14005, -20455.00, -20326.51, 82165
14009, -20458.00, -20333.44, 82294
14013, -20466.00, -20340.31, 82421
14018, -20473.00, -20347.18, 82546
14022, -20480.00, -20354.11, 82674
14027, -20489.00, -20361.28, 82799
14031, -20497.00, -20368.34, 82927
14036, -20504.00, -20375.69, 83047
14040, -20510.00, -20382.63, 83172
14044, -20518.00, -20389.90, 83297
14049, -20524.00, -20397.37, 83417
14054, -20533.00, -20404.36, 83533
14058, -20539.00, -20411.47, 83651
14062, -20547.00, -20418.55, 83766
14067, -20555.00, -20425.61, 83883
14071, -20562.00, -20432.99, 84004
14076, -20569.00, -20440.49, 84120
14080, -20578.00, -20447.54, 84236
14085, -20584.00, -20454.84, 84350
14089, -20591.00, -20462.02, 84462
14093, -20598.00, -20469.02, 84571
14098, -20607.00, -20476.03, 84687
14102, -20614.00, -20483.40, 84798
14107, -20622.00, -20490.63, 84911
14111, -20628.00, -20497.80, 85025
14115, -20635.00, -20505.01, 85137
14120, -20643.00, -20512.13, 85249
14124, -20648.00, -20519.29, 85363
14129, -20656.00, -20526.60, 85477
14133, -20664.00, -20533.92, 85591
14138, -20672.00, -20541.27, 85704
14142, -20679.00, -20548.66, 85820
14147, -20688.00, -20556.07, 85929
14151, -20695.00, -20563.30, 86044
14155, -20701.00, -20570.72, 86159
14160, -20709.00, -20578.09, 86271
14164, -20715.00, -20585.22, 86382
14169, -20722.00, -20592.29, 86497
14173, -20730.00, -20599.45, 86610
14177, -20739.00, -20606.71, 86725
14182, -20747.00, -20613.93, 86841
14186, -20754.00, -20621.22, 86957
14190, -20759.00, -20628.38, 87076
14195, -20766.00, -20635.52, 87194
14199, -20775.00, -20642.67, 87311
14203, -20781.00, -20649.74, 87429
14208, -20790.00, -20656.91, 87552
14212, -20797.00, -20664.09, 87683
14217, -20806.00, -20671.91, 87809
14221, -20810.00, -20679.11, 87938
14225, -20818.00, -20686.40, 88067
14230, -20827.00, -20693.67, 88195
14234, -20832.00, -20700.81, 88325
14238, -20840.00, -20707.94, 88459
14243, -20848.00, -20715.22, 88593
14247, -20856.00, -20722.47, 88730
14251, -20865.00, -20729.78, 88869
14256, -20869.00, -20737.03, 89012
14260, -20877.00, -20744.26, 89159
14264, -20883.00, -20751.59, 89308
14269, -20890.00, -20758.89, 89461
14273, -20899.00, -20766.18, 89615
14278, -20905.00, -20773.46, 89772
14282, -20915.00, -20780.75, 89936
14286, -20922.00, -20788.16, 90103
14291, -20928.00, -20795.49, 90270
14295, -20935.00, -20802.70, 90441
14300, -20941.00, -20809.93, 90619
14304, -20949.00, -20817.12, 90798
14308, -20956.00, -20824.29, 90989
14313, -20965.00, -20831.77, 91183
14317, -20974.00, -20839.14, 91380
14321, -20979.00, -20846.34, 91586
14326, -20985.00, -20853.68, 91797
14330, -20992.00, -20860.82, 92024
14335, -21000.00, -20868.42, 92251
14339, -21007.00, -20875.75, 92490
14344, -21015.00, -20883.20, 92736
14348, -21023.00, -20890.79, 93004
14353, -21031.00, -20898.54, 93264
14357, -21040.00, -20905.85, 93533
14362, -21045.00, -20913.13, 93825
14366, -21053.00, -20920.69, 94111
14371, -21059.00, -20927.93, 94397
14375, -21067.00, -20935.12, 94679
14379, -21074.00, -20942.24, 94965
14384, -21081.00, -20949.46, 95250
14388, -21090.00, -20956.80, 95533
14392, -21098.00, -20964.19, 95807
14397, -21105.00, -20971.48, 96083
14401, -21112.00, -20978.86, 96349
14406, -21118.00, -20986.11, 96607
14410, -21124.00, -20993.35, 96864
14414, -21133.00, -21000.78, 97134
14419, -21140.00, -21008.49, 97378
14423, -21148.00, -21015.77, 97623
14428, -21155.00, -21023.39, 97876
14433, -21165.00, -21031.32, 98102
14437, -21172.00, -21038.61, 98323
14442, -21177.00, -21045.89, 98547
14446, -21183.00, -21053.30, 98758
14450, -21192.00, -21060.45, 98962
14455, -21198.00, -21067.61, 99161
14459, -21205.00, -21074.74, 99359
14464, -21214.00, -21082.02, 99555
14468, -21221.00, -21089.33, 99748
14472, -21228.00, -21096.64, 99933
14477, -21234.00, -21103.79, 100115
14481, -21240.00, -21110.92, 100293
14485, -21245.00, -21117.96, 100469
14490, -21254.00, -21125.11, 100640
14494, -21261.00, -21132.26, 100815
14499, -21267.00, -21139.43, 100985
14503, -21275.00, -21146.63, 101159
14508, -21281.00, -21153.88, 101321
14512, -21289.00, -21160.80, 101482
14516, -21296.00, -21167.78, 101640
14521, -21300.00, -21174.68, 101796
14525, -21306.00, -21181.44, 101950
14529, -21314.00, -21188.25, 102102
14534, -21321.00, -21195.10, 102253
14538, -21331.00, -21202.06, 102406
14542, -21335.00, -21208.94, 102556
14547, -21340.00, -21215.70, 102705
14551, -21348.00, -21222.44, 102854
14555, -21352.00, -21229.20, 103000
14560, -21361.00, -21235.91, 103153
14564, -21369.00, -21242.98, 103304
14569, -21376.00, -21250.20, 103460
14573, -21383.00, -21257.18, 103611
14577, -21389.00, -21264.07, 103761
14582, -21395.00, -21270.87, 103913
14586, -21402.00, -21277.86, 104062
14591, -21407.00, -21284.65, 104209
14595, -21414.00, -21291.32, 104357
14599, -21423.00, -21298.13, 104514
14604, -21429.00, -21305.42, 104665
14608, -21437.00, -21312.35, 104813
14613, -21444.00, -21319.15, 104962
14617, -21451.00, -21326.06, 105111
14622, -21456.00, -21332.86, 105258
14626, -21461.00, -21339.53, 105402
14630, -21467.00, -21346.06, 105558
14635, -21476.00, -21353.15, 105705
14639, -21483.00, -21359.84, 105859
14644, -21489.00, -21366.84, 106013
14648, -21496.00, -21373.69, 106166
14653, -21502.00, -21380.42, 106316
14657, -21509.00, -21387.04, 106466
14661, -21515.00, -21393.62, 106624
14666, -21520.00, -21400.45, 106777
14670, -21526.00, -21406.96, 106935
14674, -21536.00, -21413.68, 107094
14679, -21541.00, -21420.46, 107256
14683, -21547.00, -21427.15, 107417
14688, -21554.00, -21433.65, 107579
14692, -21560.00, -21440.22, 107748
14696, -21566.00, -21446.84, 107913
14701, -21571.00, -21453.38, 108081
14705, -21580.00, -21459.91, 108249
14710, -21586.00, -21466.51, 108423
14714, -21594.00, -21473.18, 108600
14718, -21600.00, -21479.77, 108777
14723, -21605.00, -21486.25, 108956
14727, -21611.00, -21492.72, 109138
14731, -21618.00, -21499.19, 109321
14736, -21625.00, -21505.62, 109505
14740, -21632.00, -21512.13, 109694
14744, -21640.00, -21518.64, 109887
14749, -21645.00, -21525.17, 110090
14753, -21652.00, -21531.87, 110293
14757, -21657.00, -21538.43, 110498
14762, -21663.00, -21544.86, 110703
14766, -21671.00, -21551.31, 110905
14770, -21677.00, -21557.79, 111106
14775, -21683.00, -21564.20, 111305
14779, -21688.00, -21570.57, 111507
14783, -21696.00, -21577.03, 111705
14788, -21703.00, -21583.62, 111901
14792, -21710.00, -21590.26, 112091
14796, -21715.00, -21596.80, 112273
14801, -21723.00, -21603.37, 112463
14805, -21730.00, -21610.18, 112652
14810, -21737.00, -21617.06, 112831
14814, -21744.00, -21623.88, 113001
14819, -21752.00, -21630.52, 113171
14823, -21758.00, -21637.08, 113335
14827, -21766.00, -21643.75, 113501
14832, -21769.00, -21650.54, 113658
14836, -21777.00, -21657.04, 113812
14841, -21784.00, -21663.58, 113963
14845, -21792.00, -21670.21, 114115
14849, -21799.00, -21676.97, 114261
14854, -21806.00, -21683.63, 114409
14858, -21812.00, -21690.32, 114552
14862, -21819.00, -21696.96, 114693
14867, -21823.00, -21703.58, 114832
14871, -21830.00, -21710.12, 114967
14875, -21839.00, -21716.70, 115105
14880, -21846.00, -21723.55, 115240
14884, -21855.00, -21730.32, 115374
14889, -21861.00, -21737.25, 115507
14893, -21867.00, -21743.95, 115638
14897, -21871.00, -21750.59, 115768
14902, -21881.00, -21757.35, 115897
14906, -21886.00, -21764.20, 116023
14911, -21894.00, -21770.85, 116150
14915, -21902.00, -21777.58, 116276
14919, -21910.00, -21784.44, 116404
14924, -21916.00, -21791.44, 116527
14928, -21921.00, -21798.20, 116648
14932, -21928.00, -21804.86, 116771
14937, -21934.00, -21811.62, 116893
14941, -21943.00, -21818.39, 117017
14946, -21950.00, -21825.51, 117140
14950, -21957.00, -21832.42, 117270
14955, -21966.00, -21839.80, 117388
14959, -21972.00, -21846.65, 117507
14963, -21979.00, -21853.48, 117630
14968, -21985.00, -21860.55, 117749
14972, -21990.00, -21867.30, 117865
14977, -21998.00, -21873.99, 117983
14981, -22005.00, -21880.70, 118101
14985, -22013.00, -21887.61, 118224
14990, -22020.00, -21894.60, 118349
14994, -22028.00, -21901.86, 118472
14999, -22034.00, -21908.93, 118594
15003, -22040.00, -21915.85, 118716
15008, -22047.00, -21922.96, 118840
15012, -22054.00, -21930.02, 118963
15017, -22060.00, -21936.85, 119085
15021, -22069.00, -21943.73, 119212
15026, -22075.00, -21950.91, 119340
15030, -22085.00, -21957.95, 119469
15035, -22092.00, -21965.19, 119599
15039, -22098.00, -21972.11, 119734
15044, -22105.00, -21979.38, 119867
15048, -22111.00, -21986.30, 120003
15053, -22117.00, -21993.38, 120141
15057, -22126.00, -22000.47, 120285
15062, -22134.00, -22007.86, 120426
15066, -22142.00, -22014.94, 120565
15071, -22147.00, -22021.86, 120707
15075, -22156.00, -22028.68, 120848
15079, -22163.00, -22035.57, 120997
15084, -22169.00, -22042.57, 121146
15088, -22174.00, -22049.40, 121298
15092, -22183.00, -22056.29, 121452
15097, -22189.00, -22063.24, 121606
15101, -22197.00, -22070.12, 121772
15106, -22205.00, -22077.39, 121939
15110, -22214.00, -22084.43, 122110
15114, -22220.00, -22091.63, 122287
15119, -22226.00, -22098.83, 122468
15123, -22234.00, -22106.06, 122657
15128, -22240.00, -22113.27, 122839
15132, -22248.00, -22120.22, 123025
15137, -22254.00, -22127.11, 123219
15141, -22262.00, -22134.09, 123419
15145, -22270.00, -22141.26, 123636
15150, -22276.00, -22148.50, 123854
15154, -22285.00, -22155.81, 124078
15159, -22289.00, -22162.82, 124305
15163, -22297.00, -22169.71, 124536
15167, -22304.00, -22176.64, 124775
15172, -22311.00, -22183.61, 125023
15176, -22318.00, -22190.48, 125285
15180, -22326.00, -22197.57, 125553
15185, -22333.00, -22204.51, 125831
15189, -22339.00, -22211.40, 126123
15193, -22345.00, -22218.31, 126435
15198, -22351.00, -22225.48, 126742
15202, -22360.00, -22232.31, 127059
15207, -22367.00, -22239.37, 127376
15211, -22376.00, -22246.49, 127694
15215, -22382.00, -22253.58, 128002
15220, -22390.00, -22260.60, 128311
15224, -22393.00, -22267.57, 128613
15228, -22401.00, -22274.49, 128911
15233, -22407.00, -22281.46, 129192
15237, -22418.00, -22288.35, 129469
15241, -22423.00, -22295.33, 129757
15246, -22432.00, -22302.76, 130028
15250, -22439.00, -22309.94, 130293
15255, -22445.00, -22317.03, 130545
15259, -22452.00, -22324.01, 130799
15264, -22460.00, -22331.30, 131046
15268, -22464.00, -22338.41, 131278
15272, -22473.00, -22345.30, 131507
15277, -22481.00, -22352.40, 131730
15281, -22487.00, -22359.46, 131948
15286, -22496.00, -22366.46, 132160
15290, -22502.00, -22373.43, 132367
15294, -22509.00, -22380.42, 132571
15299, -22516.00, -22387.46, 132770
15303, -22521.00, -22394.38, 132966
15307, -22529.00, -22401.30, 133158
15312, -22537.00, -22408.37, 133350
15316, -22545.00, -22415.36, 133539
15320, -22551.00, -22422.49, 133727
15325, -22558.00, -22429.64, 133915
15329, -22564.00, -22436.77, 134100
15334, -22570.00, -22443.88, 134278
15338, -22577.00, -22450.87, 134463
15343, -22585.00, -22458.22, 134639
15347, -22592.00, -22465.37, 134813
15352, -22601.00, -22472.47, 134980
15356, -22608.00, -22479.55, 135150
15360, -22615.00, -22486.55, 135321
15365, -22620.00, -22493.71, 135488
15369, -22626.00, -22500.66, 135653
15374, -22634.00, -22507.67, 135816
15378, -22642.00, -22514.66, 135977
15382, -22651.00, -22521.67, 136137
15387, -22657.00, -22528.68, 136298
15391, -22664.00, -22535.70, 136457
15395, -22672.00, -22542.75, 136621
15400, -22679.00, -22549.93, 136782
15404, -22684.00, -22557.04, 136939
15409, -22690.00, -22563.93, 137105
15413, -22699.00, -22571.28, 137263
15418, -22706.00, -22578.27, 137420
15422, -22714.00, -22585.36, 137590
15427, -22722.00, -22592.88, 137748
15431, -22730.00, -22599.95, 137909
15435, -22735.00, -22606.99, 138067
15440, -22741.00, -22613.87, 138228
15444, -22748.00, -22620.90, 138387
15448, -22755.00, -22627.81, 138544
15453, -22762.00, -22634.73, 138704
15457, -22771.00, -22641.71, 138868
15461, -22779.00, -22648.88, 139032
15466, -22785.00, -22655.99, 139197
15470, -22792.00, -22663.03, 139365
15474, -22797.00, -22670.13, 139529
15479, -22803.00, -22677.05, 139698
15483, -22811.00, -22684.02, 139864
15488, -22818.00, -22690.85, 140030
15492, -22826.00, -22697.81, 140203
15496, -22833.00, -22704.77, 140377
15501, -22841.00, -22711.81, 140555
15505, -22845.00, -22718.79, 140730
15509, -22852.00, -22725.63, 140907
15513, -22859.00, -22732.48, 141088
15518, -22867.00, -22739.47, 141269
15522, -22875.00, -22746.50, 141458
15527, -22881.00, -22753.55, 141666
15531, -22891.00, -22761.31, 141859
15536, -22898.00, -22768.43, 142061
15540, -22903.00, -22775.50, 142267
15545, -22910.00, -22782.64, 142475
15549, -22916.00, -22789.74, 142683
15553, -22924.00, -22796.76, 142897
15558, -22930.00, -22803.83, 143115
15562, -22939.00, -22811.03, 143338
15567, -22947.00, -22818.12, 143559
15571, -22954.00, -22825.26, 143772
15576, -22961.00, -22832.27, 143985
15580, -22966.00, -22839.24, 144194
15584, -22972.00, -22846.19, 144396
15589, -22980.00, -22853.14, 144603
15593, -22986.00, -22860.21, 144805
15598, -22995.00, -22867.43, 145002
15602, -23004.00, -22874.56, 145196
15607, -23011.00, -22881.85, 145389
15611, -23018.00, -22889.15, 145568
15615, -23024.00, -22896.15, 145744
15620, -23031.00, -22903.06, 145916
15624, -23037.00, -22910.04, 146084
15628, -23046.00, -22917.06, 146251
15633, -23052.00, -22924.14, 146413
15637, -23059.00, -22931.18, 146575
15642, -23067.00, -22938.37, 146736
15646, -23074.00, -22945.51, 146888
15650, -23081.00, -22952.52, 147037
15655, -23087.00, -22959.50, 147183
15659, -23093.00, -22966.41, 147326
15663, -23102.00, -22973.43, 147472
15668, -23110.00, -22980.70, 147614
15672, -23118.00, -22987.87, 147752
15677, -23126.00, -22995.19, 147892
15681, -23132.00, -23002.39, 148028
15686, -23138.00, -23009.63, 148159
15690, -23143.00, -23016.55, 148289
15695, -23150.00, -23023.71, 148420
15699, -23159.00, -23030.79, 148548
15703, -23166.00, -23037.88, 148672
15708, -23174.00, -23044.93, 148796
15712, -23181.00, -23051.90, 148917
15716, -23187.00, -23058.83, 149039
15721, -23194.00, -23065.84, 149160
15725, -23200.00, -23072.91, 149280
15730, -23207.00, -23080.01, 149398
15734, -23213.00, -23086.90, 149515
15738, -23223.00, -23093.91, 149633
15743, -23231.00, -23101.01, 149755
15747, -23239.00, -23108.55, 149872
15752, -23245.00, -23115.72, 149986
15756, -23251.00, -23122.71, 150099
15760, -23257.00, -23129.62, 150212
15764, -23265.00, -23136.51, 150325
15769, -23271.00, -23143.54, 150437
15773, -23280.00, -23150.58, 150553
15778, -23287.00, -23157.66, 150667
15782, -23293.00, -23164.78, 150783
15786, -23301.00, -23171.90, 150898
15791, -23306.00, -23178.98, 151013
15795, -23313.00, -23185.96, 151127
15800, -23322.00, -23193.02, 151239
15804, -23328.00, -23200.05, 151351
15808, -23337.00, -23207.09, 151468
15813, -23346.00, -23214.61, 151582
15817, -23352.00, -23221.74, 151703
15822, -23358.00, -23229.31, 151823
15826, -23365.00, -23236.70, 151941
15831, -23371.00, -23243.73, 152058
15835, -23379.00, -23250.83, 152179
15840, -23385.00, -23257.87, 152298
15844, -23393.00, -23264.87, 152416
15848, -23402.00, -23271.90, 152538
15853, -23409.00, -23278.96, 152659
15857, -23415.00, -23286.00, 152782
15861, -23421.00, -23293.00, 152907
15866, -23427.00, -23299.94, 153033
15870, -23435.00, -23306.95, 153159
15874, -23442.00, -23314.00, 153292
15879, -23451.00, -23321.32, 153424
15883, -23458.00, -23328.57, 153558
15888, -23465.00, -23335.70, 153692
15892, -23473.00, -23342.83, 153827
15896, -23478.00, -23349.84, 153962
15901, -23485.00, -23356.76, 154101
15905, -23489.00, -23363.75, 154243
15909, -23499.00, -23370.73, 154392
15914, -23507.00, -23378.04, 154537
15918, -23516.00, -23385.08, 154685
15923, -23522.00, -23392.11, 154835
15927, -23527.00, -23399.17, 154996
15931, -23535.00, -23406.34, 155156
15936, -23542.00, -23413.43, 155317
15940, -23549.00, -23420.55, 155483
15945, -23556.00, -23427.61, 155648
15949, -23563.00, -23434.62, 155819
15953, -23573.00, -23441.68, 155996
15958, -23579.00, -23448.75, 156187
15962, -23585.00, -23456.24, 156381
15967, -23592.00, -23463.46, 156570
15971, -23599.00, -23470.42, 156766
15975, -23606.00, -23477.51, 156969
15980, -23612.00, -23484.54, 157177
15984, -23621.00, -23491.64, 157398
15988, -23628.00, -23498.77, 157628
15993, -23638.00, -23506.18, 157863
15997, -23642.00, -23513.44, 158114
16002, -23651.00, -23520.95, 158364
16006, -23655.00, -23527.92, 158623
16011, -23661.00, -23534.89, 158891
16015, -23669.00, -23541.93, 159169
16020, -23676.00, -23549.00, 159430
16024, -23668.00, -23555.89, 159542
16029, -23658.00, -23561.75, 159553
16033, -23651.00, -23566.96, 159494
16038, -23645.00, -23571.30, 159387
16042, -23639.00, -23575.08, 159241
16046, -23634.00, -23578.38, 159076
16051, -23628.00, -23581.17, 158889
16055, -23619.00, -23583.45, 158691
16060, -23613.00, -23585.24, 158483
16064, -23605.00, -23586.54, 158274
16068, -23598.00, -23587.33, 158055
16073, -23590.00, -23587.71, 157848
16077, -23584.00, -23587.67, 157634
16082, -23577.00, -23587.27, 157417
16087, -23570.00, -23586.49, 157207
16091, -23562.00, -23585.34, 157003
16096, -23556.00, -23583.89, 156806
16100, -23549.00, -23582.16, 156622
16104, -23542.00, -23580.23, 156441
16109, -23533.00, -23577.95, 156261
16113, -23526.00, -23575.38, 156085
16118, -23521.00, -23572.60, 155908
16122, -23515.00, -23569.59, 155739
16126, -23509.00, -23566.50, 155572
16131, -23501.00, -23563.16, 155411
16135, -23494.00, -23559.64, 155255
16140, -23486.00, -23555.92, 155097
16144, -23480.00, -23551.89, 154946
16148, -23471.00, -23547.87, 154801
16153, -23465.00, -23543.65, 154656
16157, -23461.00, -23539.35, 154514
16162, -23453.00, -23534.91, 154371
16166, -23447.00, -23530.15, 154232
16170, -23440.00, -23525.58, 154099
16175, -23433.00, -23520.89, 153969
16179, -23425.00, -23516.03, 153836
16183, -23419.00, -23510.95, 153708
16188, -23412.00, -23505.88, 153579
16192, -23407.00, -23500.69, 153457
16197, -23400.00, -23495.57, 153335
16201, -23395.00, -23490.34, 153210
16205, -23387.00, -23484.84, 153088
16210, -23380.00, -23479.28, 152969
16214, -23371.00, -23473.73, 152854
16219, -23365.00, -23468.06, 152731
16223, -23360.00, -23462.09, 152614
16228, -23354.00, -23456.34, 152500
16232, -23346.00, -23450.71, 152389
16236, -23341.00, -23445.03, 152279
16241, -23335.00, -23439.31, 152168
16245, -23326.00, -23433.40, 152061
16250, -23320.00, -23427.51, 151951
16254, -23313.00, -23421.52, 151845
16258, -23307.00, -23415.60, 151739
16263, -23301.00, -23409.70, 151635
16267, -23295.00, -23403.84, 151532
16271, -23288.00, -23397.97, 151428
16276, -23282.00, -23391.99, 151323
16280, -23275.00, -23385.96, 151219
16284, -23267.00, -23379.83, 151113
16289, -23260.00, -23373.65, 151003
16293, -23255.00, -23367.06, 150896
16298, -23250.00, -23360.98, 150788
16302, -23241.00, -23354.61, 150684
16307, -23237.00, -23348.40, 150579
16311, -23230.00, -23342.32, 150475
16315, -23223.00, -23336.06, 150368
16320, -23216.00, -23329.75, 150264
16324, -23209.00, -23323.54, 150159
16328, -23204.00, -23317.36, 150055
16333, -23197.00, -23311.18, 149949
16337, -23191.00, -23304.91, 149843
16341, -23186.00, -23298.60, 149736
16346, -23178.00, -23292.34, 149630
16350, -23170.00, -23286.04, 149524
16355, -23165.00, -23279.80, 149418
16359, -23158.00, -23273.55, 149309
16363, -23152.00, -23267.23, 149200
16368, -23146.00, -23260.92, 149089
16372, -23140.00, -23254.61, 148978
16376, -23134.00, -23248.34, 148868
16381, -23125.00, -23242.02, 148755
16385, -23119.00, -23235.58, 148643
16389, -23111.00, -23229.27, 148523
16394, -23105.00, -23222.48, 148406
16398, -23100.00, -23216.13, 148289
16403, -23096.00, -23209.84, 148172
16407, -23089.00, -23203.62, 148050
16411, -23081.00, -23197.11, 147929
16416, -23073.00, -23190.72, 147808
16420, -23066.00, -23184.33, 147679
16425, -23058.00, -23177.66, 147547
16429, -23053.00, -23170.87, 147420
16433, -23048.00, -23164.54, 147288
16438, -23041.00, -23158.15, 147154
16442, -23034.00, -23151.65, 147018
16447, -23029.00, -23145.20, 146882
16451, -23022.00, -23138.86, 146744
16455, -23013.00, -23132.45, 146601
16460, -23008.00, -23125.92, 146454
16464, -23001.00, -23119.42, 146306
16468, -22995.00, -23112.91, 146152
16473, -22991.00, -23106.48, 145996
16477, -22984.00, -23100.11, 145838
16481, -22977.00, -23093.71, 145681
16486, -22969.00, -23087.30, 145518
16490, -22961.00, -23080.87, 145348
16494, -22957.00, -23074.29, 145169
16499, -22951.00, -23067.61, 144991
16503, -22943.00, -23061.15, 144807
16508, -22940.00, -23054.67, 144616
16512, -22932.00, -23048.22, 144428
16517, -22924.00, -23041.80, 144235
16521, -22919.00, -23035.30, 144028
16526, -22911.00, -23028.61, 143829
16530, -22905.00, -23022.10, 143628
16534, -22898.00, -23015.59, 143420
16539, -22892.00, -23008.94, 143218
16543, -22884.00, -23002.30, 143023
16548, -22879.00, -22995.87, 142827
16552, -22872.00, -22989.37, 142637
16557, -22867.00, -22982.89, 142448
16561, -22859.00, -22976.49, 142262
16565, -22851.00, -22970.03, 142077
16570, -22844.00, -22963.40, 141895
16574, -22836.00, -22956.81, 141710
16579, -22833.00, -22950.10, 141524
16583, -22825.00, -22943.34, 141350
16588, -22818.00, -22936.89, 141179
16592, -22813.00, -22930.40, 141009
16596, -22805.00, -22923.92, 140841
16601, -22797.00, -22917.43, 140676
16605, -22791.00, -22910.98, 140508
16609, -22785.00, -22904.40, 140344
16614, -22780.00, -22897.90, 140184
16618, -22774.00, -22891.55, 140024
16622, -22767.00, -22885.14, 139864
16627, -22761.00, -22878.69, 139700
16631, -22753.00, -22871.94, 139542
16635, -22746.00, -22865.44, 139387
16640, -22739.00, -22858.91, 139223
16644, -22733.00, -22852.05, 139062
16649, -22727.00, -22845.37, 138908
16653, -22720.00, -22838.86, 138754
16658, -22714.00, -22832.38, 138605
16662, -22708.00, -22826.01, 138453
16666, -22699.00, -22819.55, 138297
16671, -22690.00, -22812.75, 138146
16675, -22685.00, -22806.05, 137991
16679, -22679.00, -22799.43, 137837
16684, -22673.00, -22792.80, 137685
16688, -22667.00, -22786.26, 137535
16692, -22660.00, -22779.72, 137385
16697, -22652.00, -22773.17, 137232
16701, -22646.00, -22766.52, 137076
16706, -22637.00, -22759.64, 136924
16710, -22631.00, -22752.95, 136767
16714, -22623.00, -22746.06, 136616
16719, -22621.00, -22739.54, 136465
16723, -22613.00, -22733.10, 136308
16728, -22606.00, -22726.32, 136159
16732, -22599.00, -22719.78, 136005
16736, -22591.00, -22713.14, 135851
16741, -22583.00, -22706.36, 135694
16745, -22576.00, -22699.50, 135534
16749, -22572.00, -22692.67, 135371
16754, -22565.00, -22685.74, 135211
16758, -22558.00, -22679.06, 135047
16763, -22552.00, -22672.30, 134885
16767, -22545.00, -22665.63, 134725
16772, -22536.00, -22659.04, 134560
16776, -22529.00, -22652.27, 134394
16780, -22523.00, -22645.50, 134222
16785, -22517.00, -22638.70, 134043
16789, -22511.00, -22631.79, 133870
16794, -22504.00, -22624.98, 133689
16798, -22499.00, -22618.39, 133513
16803, -22489.00, -22611.71, 133333
16807, -22482.00, -22604.86, 133148
16811, -22476.00, -22598.05, 132960
16816, -22468.00, -22591.21, 132772
16820, -22463.00, -22584.55, 132582
16825, -22457.00, -22577.93, 132389
16829, -22450.00, -22571.33, 132196
16833, -22445.00, -22564.83, 132001
16838, -22438.00, -22558.32, 131793
16842, -22430.00, -22551.55, 131584
16846, -22421.00, -22544.82, 131372
16851, -22417.00, -22538.10, 131151
16855, -22411.00, -22531.41, 130926
16859, -22405.00, -22524.83, 130699
16864, -22397.00, -22518.21, 130465
16868, -22391.00, -22511.62, 130231
16872, -22384.00, -22505.06, 129980
16877, -22377.00, -22498.12, 129724
16881, -22369.00, -22491.57, 129465
16886, -22365.00, -22484.95, 129191
16890, -22358.00, -22478.34, 128915
16894, -22352.00, -22471.76, 128631
16899, -22344.00, -22465.14, 128331
16903, -22337.00, -22458.33, 128026
16908, -22331.00, -22451.55, 127720
16912, -22324.00, -22444.76, 127410
16917, -22318.00, -22437.91, 127101
16921, -22309.00, -22430.97, 126807
16926, -22304.00, -22424.28, 126520
16930, -22297.00, -22417.59, 126246
16934, -22292.00, -22411.07, 125980
16939, -22285.00, -22404.53, 125715
16943, -22279.00, -22397.79, 125458
16948, -22271.00, -22391.13, 125214
16952, -22264.00, -22384.53, 124978
16957, -22255.00, -22377.74, 124741
16961, -22251.00, -22371.02, 124520
16965, -22246.00, -22364.54, 124304
16970, -22240.00, -22358.10, 124097
16974, -22234.00, -22351.68, 123899
16978, -22226.00, -22345.26, 123695
16983, -22219.00, -22338.43, 123505
16987, -22212.00, -22331.88, 123321
16992, -22205.00, -22325.32, 123142
16996, -22200.00, -22318.87, 122967
17000, -22195.00, -22312.47, 122796
17004, -22189.00, -22306.05, 122627
17009, -22180.00, -22299.57, 122464
17013, -22175.00, -22293.12, 122307
17017, -22167.00, -22286.63, 122145
17022, -22161.00, -22279.96, 121989
17026, -22155.00, -22273.38, 121837
17031, -22148.00, -22266.84, 121689
17035, -22142.00, -22260.36, 121546
17039, -22136.00, -22253.87, 121405
17044, -22131.00, -22247.46, 121267
17048, -22125.00, -22241.14, 121131
17052, -22118.00, -22234.80, 120997
17057, -22110.00, -22228.34, 120864
17061, -22105.00, -22221.92, 120735
17066, -22100.00, -22215.55, 120605
17070, -22092.00, -22209.15, 120473
17075, -22086.00, -22202.41, 120343
17079, -22080.00, -22195.81, 120216
17084, -22074.00, -22189.24, 120091
17088, -22069.00, -22182.38, 119961
17093, -22059.00, -22175.74, 119844
17097, -22053.00, -22169.30, 119722
17102, -22046.00, -22162.72, 119609
17106, -22040.00, -22156.35, 119488
17111, -22036.00, -22149.60, 119377
17115, -22030.00, -22143.42, 119267
17120, -22024.00, -22137.14, 119154
17124, -22018.00, -22130.74, 119043
17129, -22011.00, -22124.30, 118932
17133, -22005.00, -22117.88, 118823
17138, -21997.00, -22111.47, 118713
17142, -21991.00, -22105.09, 118607
17146, -21985.00, -22098.91, 118502
17151, -21979.00, -22092.70, 118396
17155, -21973.00, -22086.57, 118291
17159, -21968.00, -22080.41, 118186
17164, -21962.00, -22074.23, 118081
17168, -21954.00, -22068.08, 117976
17172, -21949.00, -22061.90, 117868
17177, -21942.00, -22055.47, 117760
17181, -21936.00, -22049.12, 117657
17186, -21932.00, -22043.04, 117552
17190, -21926.00, -22036.88, 117451
17194, -21921.00, -22030.93, 117348
17199, -21913.00, -22024.94, 117248
17203, -21906.00, -22018.88, 117142
17207, -21901.00, -22012.68, 117037
17212, -21895.00, -22006.51, 116931
17216, -21889.00, -22000.27, 116824
17221, -21883.00, -21994.05, 116722
17225, -21879.00, -21988.11, 116617
17229, -21873.00, -21982.11, 116511
17234, -21866.00, -21976.05, 116403
17238, -21859.00, -21969.89, 116297
17243, -21852.00, -21963.84, 116188
17247, -21846.00, -21957.63, 116078
17251, -21843.00, -21951.66, 115969
17256, -21837.00, -21945.77, 115857
17260, -21831.00, -21939.74, 115747
17264, -21825.00, -21933.80, 115637
17269, -21817.00, -21927.90, 115524
17273, -21810.00, -21921.85, 115410
17277, -21805.00, -21915.75, 115294
17282, -21800.00, -21909.73, 115177
17286, -21794.00, -21903.64, 115056
17290, -21790.00, -21897.67, 114937
17295, -21782.00, -21891.77, 114816
17299, -21777.00, -21885.74, 114692
17304, -21771.00, -21879.73, 114566
17308, -21765.00, -21873.79, 114438
17312, -21756.00, -21867.75, 114306
17317, -21751.00, -21861.67, 114174
17321, -21745.00, -21855.66, 114039
17325, -21740.00, -21849.62, 113903
17330, -21733.00, -21843.58, 113767
17334, -21728.00, -21837.58, 113622
17338, -21720.00, -21831.47, 113477
17343, -21714.00, -21825.04, 113318
17347, -21706.00, -21818.77, 113161
17352, -21702.00, -21812.55, 113001
17356, -21696.00, -21806.36, 112838
17361, -21690.00, -21800.30, 112673
17365, -21683.00, -21794.24, 112506
17369, -21677.00, -21788.17, 112334
17374, -21669.00, -21782.02, 112157
17378, -21662.00, -21775.85, 111970
17382, -21658.00, -21769.63, 111783
17387, -21653.00, -21763.66, 111583
17391, -21646.00, -21757.48, 111385
17396, -21638.00, -21751.35, 111180
17400, -21632.00, -21745.01, 110975
17404, -21625.00, -21738.78, 110774
17409, -21616.00, -21732.54, 110573
17413, -21611.00, -21726.24, 110367
17417, -21604.00, -21719.80, 110166
17422, -21600.00, -21713.54, 109964
17426, -21591.00, -21707.16, 109767
17431, -21585.00, -21700.79, 109572
17435, -21579.00, -21694.40, 109381
17439, -21572.00, -21688.08, 109192
17444, -21564.00, -21681.73, 109006
17448, -21558.00, -21675.35, 108817
17452, -21551.00, -21668.80, 108625
17457, -21544.00, -21662.10, 108440
17461, -21539.00, -21655.60, 108260
17466, -21530.00, -21649.13, 108085
17470, -21524.00, -21642.64, 107908
17474, -21517.00, -21636.11, 107737
17479, -21509.00, -21629.69, 107565
17483, -21502.00, -21623.12, 107391
17487, -21496.00, -21616.42, 107220
17492, -21491.00, -21609.84, 107052
17496, -21484.00, -21603.31, 106884
17500, -21475.00, -21596.71, 106720
17505, -21469.00, -21590.03, 106553
17509, -21461.00, -21583.16, 106384
17514, -21453.00, -21576.30, 106219
17518, -21445.00, -21569.47, 106047
17523, -21437.00, -21562.20, 105876
17527, -21433.00, -21555.04, 105713
17532, -21426.00, -21548.29, 105552
17536, -21419.00, -21541.62, 105385
17541, -21413.00, -21534.54, 105224
17545, -21403.00, -21527.69, 105064
17550, -21395.00, -21520.66, 104902
17554, -21388.00, -21513.61, 104742
17559, -21379.00, -21506.60, 104586
17563, -21375.00, -21499.70, 104426
17567, -21367.00, -21492.75, 104267
17572, -21360.00, -21485.82, 104107
17576, -21352.00, -21478.77, 103948
17581, -21347.00, -21471.73, 103794
17585, -21338.00, -21464.90, 103639
17589, -21330.00, -21457.98, 103483
17594, -21324.00, -21451.04, 103326
17598, -21316.00, -21444.03, 103169
17602, -21310.00, -21437.05, 103009
17607, -21303.00, -21429.98, 102845
17611, -21294.00, -21422.65, 102687
17616, -21288.00, -21415.68, 102521
17620, -21281.00, -21408.33, 102362
17625, -21273.00, -21401.28, 102197
17629, -21265.00, -21394.24, 102033
17633, -21258.00, -21387.20, 101867
17638, -21251.00, -21380.13, 101689
17642, -21245.00, -21372.70, 101520
17647, -21239.00, -21365.75, 101351
17651, -21231.00, -21358.83, 101179
17655, -21223.00, -21351.78, 101001
17660, -21215.00, -21344.60, 100826
17664, -21207.00, -21337.51, 100645
17668, -21201.00, -21330.30, 100459
17673, -21194.00, -21323.15, 100276
17677, -21187.00, -21316.16, 100088
17682, -21179.00, -21309.03, 99896
17686, -21172.00, -21301.80, 99708
17690, -21165.00, -21294.75, 99513
17695, -21157.00, -21287.61, 99313
17699, -21150.00, -21280.38, 99111
17703, -21142.00, -21273.20, 98904
17708, -21137.00, -21266.10, 98697
17712, -21130.00, -21259.05, 98484
17717, -21122.00, -21251.92, 98262
17721, -21115.00, -21244.65, 98044
17725, -21107.00, -21237.60, 97815
17730, -21099.00, -21230.38, 97580
17734, -21091.00, -21223.13, 97341
17738, -21084.00, -21215.92, 97083
17743, -21078.00, -21208.37, 96828
17747, -21070.00, -21201.10, 96563
17752, -21064.00, -21193.83, 96285
17756, -21055.00, -21186.25, 95999
17761, -21047.00, -21178.63, 95718
17766, -21040.00, -21171.33, 95422
17770, -21034.00, -21163.86, 95128
17774, -21024.00, -21156.56, 94833
17779, -21017.00, -21149.11, 94548
17783, -21010.00, -21141.87, 94263
17788, -21004.00, -21134.66, 93992
17792, -20996.00, -21127.55, 93726
17796, -20990.00, -21120.31, 93470
17801, -20984.00, -21113.14, 93219
17805, -20975.00, -21106.05, 92972
17810, -20968.00, -21098.77, 92736
17814, -20961.00, -21091.67, 92506
17818, -20956.00, -21084.53, 92283
17823, -20949.00, -21077.47, 92071
17827, -20941.00, -21070.45, 91863
17831, -20934.00, -21063.36, 91661
17836, -20928.00, -21056.26, 91461
17840, -20920.00, -21048.86, 91261
17845, -20912.00, -21041.68, 91077
17849, -20905.00, -21034.62, 90885
17854, -20899.00, -21027.10, 90702
17858, -20891.00, -21019.75, 90527
17863, -20884.00, -21012.62, 90361
17867, -20879.00, -21005.65, 90198
17871, -20871.00, -20998.69, 90037
17876, -20865.00, -20991.66, 89879
17880, -20855.00, -20984.52, 89725
17885, -20848.00, -20977.41, 89573
17889, -20842.00, -20970.32, 89426
17893, -20836.00, -20963.34, 89280
17898, -20829.00, -20956.25, 89136
17902, -20821.00, -20949.18, 88998
17906, -20815.00, -20942.25, 88863
17911, -20807.00, -20935.27, 88726
17915, -20799.00, -20928.12, 88593
17920, -20792.00, -20921.08, 88462
17924, -20786.00, -20913.98, 88334
17928, -20781.00, -20907.10, 88208
17933, -20772.00, -20900.23, 88086
17937, -20765.00, -20893.30, 87958
17941, -20759.00, -20886.03, 87837
17946, -20749.00, -20879.04, 87715
17950, -20743.00, -20871.91, 87595
17954, -20737.00, -20864.89, 87473
17959, -20729.00, -20857.75, 87351
17964, -20725.00, -20850.35, 87228
17968, -20715.00, -20843.04, 87108
17973, -20709.00, -20835.89, 86995
17977, -20700.00, -20829.01, 86879
17981, -20694.00, -20821.75, 86766
17986, -20686.00, -20814.73, 86656
17990, -20678.00, -20807.71, 86543
17995, -20672.00, -20800.48, 86434
17999, -20666.00, -20793.51, 86326
18003, -20659.00, -20786.46, 86217
18008, -20651.00, -20779.44, 86112
18012, -20646.00, -20772.45, 86004
18016, -20637.00, -20765.46, 85897
18021, -20629.00, -20758.41, 85790
18025, -20623.00, -20751.16, 85675
18030, -20616.00, -20743.77, 85571
18034, -20609.00, -20736.85, 85464
18039, -20601.00, -20729.66, 85359
18043, -20596.00, -20722.75, 85254
18047, -20588.00, -20715.76, 85150
18052, -20583.00, -20708.85, 85046
18056, -20573.00, -20701.88, 84934
18061, -20568.00, -20694.50, 84828
18065, -20561.00, -20687.52, 84722
18069, -20553.00, -20680.45, 84615
18074, -20547.00, -20673.54, 84509
18078, -20541.00, -20666.70, 84396
18083, -20533.00, -20659.38, 84287
18087, -20526.00, -20652.25, 84175
18092, -20519.00, -20645.03, 84067
18096, -20511.00, -20638.03, 83957
18100, -20504.00, -20631.08, 83847
18105, -20497.00, -20623.99, 83733
18109, -20490.00, -20616.83, 83622
18114, -20485.00, -20610.03, 83510
18118, -20478.00, -20603.06, 83397
18122, -20471.00, -20596.25, 83287
18127, -20464.00, -20589.45, 83172
18131, -20456.00, -20582.53, 83057
18135, -20448.00, -20575.59, 82942
18140, -20442.00, -20568.61, 82822
18144, -20436.00, -20561.71, 82705
18148, -20430.00, -20554.87, 82588
18153, -20423.00, -20548.11, 82470
18157, -20417.00, -20541.38, 82351
18161, -20411.00, -20534.69, 82231
18166, -20403.00, -20527.97, 82107
18170, -20397.00, -20521.17, 81981
18174, -20390.00, -20514.40, 81854
18179, -20384.00, -20507.58, 81723
18183, -20377.00, -20500.79, 81593
18187, -20371.00, -20494.05, 81462
18192, -20364.00, -20487.37, 81326
18196, -20356.00, -20480.60, 81189
18200, -20351.00, -20473.91, 81051
18205, -20344.00, -20467.26, 80908
18209, -20338.00, -20460.62, 80763
18213, -20329.00, -20453.87, 80615
18218, -20325.00, -20447.12, 80463
18222, -20318.00, -20440.50, 80309
18226, -20310.00, -20433.76, 80152
18231, -20303.00, -20426.97, 79987
18235, -20297.00, -20420.21, 79823
18239, -20292.00, -20413.62, 79652
18244, -20285.00, -20406.96, 79479
18248, -20280.00, -20400.29, 79304
18252, -20272.00, -20393.76, 79124
18257, -20265.00, -20387.16, 78938
18261, -20258.00, -20380.46, 78749
18265, -20252.00, -20373.89, 78553
18270, -20245.00, -20367.20, 78360
18274, -20238.00, -20360.53, 78167
18278, -20234.00, -20353.96, 77973
18283, -20227.00, -20347.41, 77780
18287, -20219.00, -20340.81, 77592
18291, -20212.00, -20334.25, 77401
18296, -20208.00, -20327.65, 77212
18300, -20200.00, -20321.06, 77028
18304, -20195.00, -20314.58, 76844
18309, -20189.00, -20308.09, 76665
18313, -20182.00, -20301.65, 76489
18317, -20174.00, -20295.12, 76316
18322, -20168.00, -20288.55, 76137
18326, -20161.00, -20281.90, 75967
18330, -20155.00, -20275.42, 75799
18335, -20150.00, -20268.92, 75628
18339, -20144.00, -20262.37, 75457
18343, -20136.00, -20255.68, 75291
18348, -20130.00, -20249.00, 75127
18352, -20122.00, -20242.50, 74968
18356, -20115.00, -20235.94, 74805
18361, -20110.00, -20229.35, 74647
18365, -20104.00, -20222.90, 74491
18369, -20095.00, -20216.37, 74333
18374, -20090.00, -20209.81, 74181
18378, -20084.00, -20203.30, 74029
18382, -20077.00, -20196.82, 73873
18387, -20069.00, -20190.09, 73722
18391, -20063.00, -20183.26, 73564
18396, -20056.00, -20176.70, 73414
18400, -20052.00, -20170.15, 73262
18404, -20045.00, -20163.65, 73114
18409, -20039.00, -20157.19, 72969
18413, -20031.00, -20150.75, 72822
18417, -20025.00, -20144.25, 72676
18422, -20019.00, -20137.75, 72531
18426, -20012.00, -20131.33, 72387
18430, -20005.00, -20124.88, 72240
18435, -19998.00, -20118.33, 72097
18439, -19993.00, -20111.83, 71950
18443, -19988.00, -20105.35, 71807
18448, -19980.00, -20098.90, 71662
18452, -19972.00, -20092.43, 71516
18456, -19966.00, -20085.82, 71368
18461, -19960.00, -20079.27, 71222
18465, -19955.00, -20072.86, 71078
18469, -19949.00, -20066.47, 70932
18474, -19943.00, -20060.08, 70787
18478, -19934.00, -20053.63, 70641
18482, -19928.00, -20047.12, 70491
18487, -19923.00, -20040.56, 70346
18491, -19917.00, -20034.05, 70195
18496, -19911.00, -20027.67, 70046
18500, -19904.00, -20021.24, 69897
18504, -19898.00, -20014.85, 69750
18509, -19891.00, -20008.46, 69601
18513, -19885.00, -20002.12, 69449
18517, -19879.00, -19995.76, 69298
18522, -19871.00, -19989.39, 69143
18526, -19866.00, -19982.98, 68985
18530, -19861.00, -19976.58, 68827
18535, -19855.00, -19970.28, 68666
18539, -19847.00, -19963.93, 68507
18543, -19842.00, -19957.61, 68340
18548, -19835.00, -19951.22, 68175
18552, -19827.00, -19944.92, 68002
18556, -19822.00, -19938.40, 67831
18561, -19815.00, -19932.01, 67659
18565, -19811.00, -19925.67, 67481
18569, -19803.00, -19919.41, 67303
18574, -19798.00, -19913.11, 67124
18578, -19792.00, -19906.82, 66939
18582, -19785.00, -19900.60, 66750
18587, -19779.00, -19894.30, 66555
18591, -19771.00, -19887.89, 66361
18596, -19767.00, -19881.54, 66160
18600, -19761.00, -19875.24, 65957
18604, -19754.00, -19868.98, 65748
18609, -19747.00, -19862.60, 65539
18613, -19741.00, -19856.36, 65323
18617, -19734.00, -19850.07, 65100
18622, -19729.00, -19843.76, 64857
18626, -19722.00, -19837.08, 64608
18631, -19717.00, -19830.44, 64360
18635, -19709.00, -19824.04, 64098
18640, -19703.00, -19817.45, 63838
18644, -19695.00, -19811.02, 63572
18649, -19690.00, -19804.59, 63299
18653, -19684.00, -19798.28, 63019
18658, -19676.00, -19791.95, 62733
18662, -19671.00, -19785.66, 62430
18666, -19665.00, -19779.21, 62141
18671, -19660.00, -19773.05, 61845
18675, -19653.00, -19766.79, 61559
18679, -19647.00, -19760.60, 61281
18684, -19641.00, -19754.48, 61001
18688, -19634.00, -19748.15, 60732
18693, -19627.00, -19741.92, 60470
18697, -19622.00, -19735.71, 60213
18701, -19616.00, -19729.46, 59961
18706, -19609.00, -19723.14, 59718
18710, -19604.00, -19716.88, 59480
18714, -19598.00, -19710.65, 59254
18719, -19591.00, -19704.52, 59029
18723, -19584.00, -19698.17, 58812
18728, -19576.00, -19691.83, 58604
18732, -19571.00, -19685.51, 58396
18736, -19565.00, -19679.15, 58200
18741, -19559.00, -19672.76, 58002
18745, -19553.00, -19666.44, 57817
18750, -19547.00, -19660.27, 57638
18754, -19541.00, -19654.12, 57461
18758, -19534.00, -19647.91, 57287
18763, -19528.00, -19641.60, 57116
18767, -19522.00, -19635.35, 56949
18771, -19518.00, -19629.12, 56780
18776, -19511.00, -19622.69, 56615
18781, -19504.00, -19616.38, 56459
18785, -19498.00, -19610.20, 56307
18789, -19492.00, -19603.97, 56157
18794, -19485.00, -19597.88, 56009
18798, -19478.00, -19591.58, 55865
18802, -19474.00, -19585.39, 55724
18807, -19466.00, -19579.26, 55582
18811, -19461.00, -19573.07, 55445
18816, -19455.00, -19566.92, 55308
18820, -19451.00, -19560.84, 55171
18824, -19442.00, -19554.57, 55039
18829, -19438.00, -19548.45, 54906
18833, -19431.00, -19542.31, 54777
18838, -19423.00, -19536.15, 54648
18842, -19418.00, -19529.99, 54523
18846, -19411.00, -19523.86, 54399
18851, -19406.00, -19517.77, 54273
18855, -19402.00, -19511.59, 54149
18859, -19396.00, -19505.53, 54026
18864, -19388.00, -19499.40, 53905
18868, -19382.00, -19493.22, 53786
18873, -19376.00, -19487.10, 53668
18877, -19371.00, -19481.01, 53551
18881, -19364.00, -19474.98, 53434
18886, -19359.00, -19468.91, 53319
18890, -19351.00, -19462.89, 53202
18894, -19346.00, -19456.70, 53081
18899, -19339.00, -19450.33, 52966
18903, -19332.00, -19444.19, 52842
18908, -19326.00, -19437.57, 52726
18912, -19320.00, -19431.45, 52608
18917, -19314.00, -19425.20, 52489
18921, -19308.00, -19418.90, 52369
18926, -19302.00, -19412.60, 52255
18930, -19295.00, -19406.54, 52142
18935, -19290.00, -19400.50, 52027
18939, -19283.00, -19394.28, 51910
18943, -19275.00, -19388.24, 51796
18948, -19272.00, -19382.17, 51682
18952, -19264.00, -19376.18, 51567
18956, -19260.00, -19370.12, 51452
18961, -19253.00, -19364.07, 51336
18965, -19248.00, -19358.07, 51222
18969, -19242.00, -19352.09, 51106
18974, -19234.00, -19345.91, 50983
18978, -19229.00, -19339.57, 50862
18983, -19223.00, -19333.44, 50744
18987, -19218.00, -19327.37, 50625
18991, -19211.00, -19321.40, 50501
18996, -19205.00, -19315.15, 50381
19000, -19200.00, -19309.19, 50259
19005, -19194.00, -19303.16, 50137
19009, -19188.00, -19297.14, 50013
19013, -19181.00, -19291.19, 49882
19018, -19175.00, -19284.90, 49756
19022, -19169.00, -19278.84, 49626
19027, -19165.00, -19272.84, 49497
19031, -19156.00, -19266.86, 49368
19035, -19152.00, -19260.96, 49239
19040, -19147.00, -19255.10, 49105
19044, -19140.00, -19249.24, 48971
19048, -19133.00, -19243.31, 48826
19053, -19127.00, -19237.06, 48680
19057, -19122.00, -19230.86, 48527
19062, -19117.00, -19224.63, 48382
19066, -19111.00, -19218.76, 48233
19070, -19104.00, -19212.86, 48084
19075, -19099.00, -19207.02, 47930
19079, -19092.00, -19201.08, 47770
19084, -19086.00, -19195.02, 47604
19088, -19082.00, -19189.06, 47438
19092, -19074.00, -19183.04, 47267
19097, -19069.00, -19177.13, 47094
19101, -19062.00, -19171.15, 46918
19105, -19058.00, -19165.22, 46734
19110, -19051.00, -19159.26, 46553
19114, -19044.00, -19153.38, 46356
19119, -19040.00, -19147.24, 46157
19123, -19034.00, -19141.23, 45956
19127, -19028.00, -19135.38, 45753
19132, -19022.00, -19129.45, 45552
19136, -19017.00, -19123.58, 45329
19141, -19010.00, -19117.19, 45133
19145, -19004.00, -19111.34, 44933
19150, -19000.00, -19105.50, 44739
19154, -18992.00, -19099.69, 44527
19159, -18985.00, -19093.29, 44335
19163, -18979.00, -19087.35, 44140
19168, -18974.00, -19081.19, 43949
19172, -18971.00, -19075.29, 43760
19177, -18964.00, -19069.37, 43574
19181, -18957.00, -19063.29, 43393
19186, -18951.00, -19057.30, 43217
19190, -18945.00, -19051.31, 43036
19195, -18939.00, -19045.26, 42858
19199, -18933.00, -19039.04, 42687
19204, -18926.00, -19033.22, 42518
19208, -18922.00, -19027.33, 42352
19212, -18916.00, -19021.43, 42187
19217, -18909.00, -19015.55, 42028
19221, -18905.00, -19009.81, 41873
19226, -18899.00, -19004.11, 41718
19230, -18893.00, -18998.41, 41562
19234, -18885.00, -18992.59, 41406
19239, -18881.00, -18986.67, 41253
19243, -18877.00, -18980.98, 41102
19247, -18870.00, -18975.29, 40953
19252, -18864.00, -18969.50, 40803
19256, -18859.00, -18963.75, 40652
19260, -18852.00, -18957.96, 40501
19265, -18845.00, -18952.09, 40356
19269, -18839.00, -18946.24, 40202
19274, -18833.00, -18940.24, 40047
19278, -18827.00, -18934.01, 39899
19283, -18822.00, -18928.17, 39752
19287, -18816.00, -18922.39, 39605
19291, -18811.00, -18916.53, 39459
19296, -18803.00, -18910.64, 39311
19300, -18797.00, -18904.65, 39166
19304, -18790.00, -18898.76, 39022
19309, -18786.00, -18892.91, 38876
19313, -18779.00, -18887.07, 38731
19317, -18774.00, -18881.12, 38585
19322, -18769.00, -18875.36, 38438
19326, -18760.00, -18869.38, 38293
19331, -18754.00, -18863.42, 38148
19335, -18749.00, -18857.54, 38001
19339, -18742.00, -18851.53, 37852
19344, -18738.00, -18845.55, 37706
19348, -18731.00, -18839.63, 37556
19352, -18725.00, -18833.59, 37403
19357, -18719.00, -18827.33, 37256
19361, -18714.00, -18821.42, 37109
19366, -18707.00, -18815.54, 36959
19370, -18701.00, -18809.53, 36807
19374, -18694.00, -18803.52, 36653
19379, -18688.00, -18797.35, 36493
19383, -18682.00, -18791.13, 36334
19388, -18676.00, -18784.86, 36174
19392, -18670.00, -18778.79, 36016
19397, -18663.00, -18772.73, 35856
19401, -18658.00, -18766.67, 35697
19406, -18651.00, -18760.66, 35533
19410, -18643.00, -18754.51, 35367
19414, -18637.00, -18748.36, 35198
19419, -18631.00, -18742.16, 35023
19423, -18628.00, -18735.90, 34849
19428, -18619.00, -18729.84, 34678
19432, -18614.00, -18723.81, 34505
19437, -18608.00, -18717.86, 34329
19441, -18599.00, -18711.83, 34148
19445, -18594.00, -18705.64, 33965
19450, -18588.00, -18699.58, 33778
19454, -18583.00, -18693.49, 33575
19459, -18577.00, -18687.08, 33382
19463, -18570.00, -18681.07, 33186
19467, -18562.00, -18675.02, 32988
19472, -18556.00, -18668.84, 32784
19476, -18550.00, -18662.70, 32573
19480, -18544.00, -18656.55, 32357
19485, -18538.00, -18650.37, 32132
19489, -18532.00, -18644.13, 31901
19493, -18525.00, -18637.81, 31659
19498, -18520.00, -18631.39, 31418
19502, -18513.00, -18625.17, 31166
19507, -18507.00, -18618.78, 30914
19511, -18500.00, -18612.62, 30655
19516, -18493.00, -18606.34, 30384
19520, -18487.00, -18599.97, 30110
19525, -18480.00, -18593.72, 29827
19529, -18474.00, -18587.48, 29546
19533, -18468.00, -18581.25, 29256
19538, -18462.00, -18574.88, 28974
19542, -18456.00, -18568.62, 28696
19547, -18449.00, -18562.37, 28426
19551, -18441.00, -18556.10, 28163
19555, -18435.00, -18549.85, 27905
19560, -18428.00, -18543.52, 27656
19564, -18421.00, -18537.18, 27415
19568, -18416.00, -18530.89, 27159
19573, -18410.00, -18524.22, 26926
19578, -18404.00, -18517.78, 26697
19582, -18397.00, -18511.46, 26481
19586, -18391.00, -18505.18, 26267
19591, -18384.00, -18498.79, 26059
19595, -18377.00, -18492.46, 25860
19600, -18371.00, -18486.07, 25658
19604, -18364.00, -18479.55, 25462
19609, -18359.00, -18473.02, 25279
19613, -18352.00, -18466.71, 25099
19618, -18345.00, -18460.20, 24919
19622, -18339.00, -18453.77, 24744
19627, -18331.00, -18447.13, 24573
19631, -18324.00, -18440.62, 24406
19636, -18317.00, -18434.01, 24243
19640, -18312.00, -18427.48, 24086
19644, -18306.00, -18421.11, 23931
19649, -18300.00, -18414.70, 23784
19653, -18292.00, -18408.43, 23641
19658, -18287.00, -18402.06, 23498
19662, -18279.00, -18395.64, 23358
19666, -18271.00, -18389.27, 23220
19671, -18266.00, -18382.81, 23085
19675, -18260.00, -18376.52, 22949
19679, -18254.00, -18370.04, 22817
19684, -18248.00, -18363.55, 22682
19688, -18242.00, -18356.84, 22551
19693, -18237.00, -18350.50, 22427
19697, -18228.00, -18344.19, 22303
19702, -18223.00, -18337.76, 22175
19706, -18213.00, -18331.01, 22055
19711, -18208.00, -18324.58, 21936
19715, -18204.00, -18318.21, 21818
19719, -18195.00, -18311.84, 21701
19724, -18191.00, -18305.45, 21589
19728, -18185.00, -18299.27, 21476
19732, -18179.00, -18293.05, 21360
19737, -18172.00, -18286.53, 21247
19741, -18165.00, -18280.12, 21137
19746, -18156.00, -18273.74, 21031
19750, -18152.00, -18267.45, 20924
19754, -18147.00, -18261.21, 20817
19759, -18140.00, -18254.90, 20711
19763, -18136.00, -18248.63, 20606
19768, -18128.00, -18242.39, 20503
19772, -18123.00, -18236.18, 20399
19776, -18115.00, -18230.03, 20295
19781, -18109.00, -18223.76, 20191
19785, -18103.00, -18217.46, 20086
19789, -18098.00, -18211.16, 19983
19794, -18092.00, -18204.98, 19877
19798, -18086.00, -18198.56, 19773
19803, -18080.00, -18192.38, 19666
19807, -18073.00, -18185.98, 19565
19811, -18065.00, -18179.85, 19462
19816, -18057.00, -18173.46, 19360
19820, -18053.00, -18167.24, 19254
19825, -18048.00, -18160.83, 19147
19829, -18041.00, -18154.38, 19045
19833, -18035.00, -18148.15, 18939
19838, -18028.00, -18141.77, 18835
19842, -18023.00, -18135.59, 18731
19847, -18016.00, -18129.24, 18624
19851, -18009.00, -18122.85, 18519
19856, -18003.00, -18116.55, 18409
19860, -17996.00, -18109.97, 18300
19865, -17990.00, -18103.66, 18194
19869, -17985.00, -18097.45, 18088
19873, -17978.00, -18091.25, 17980
19878, -17971.00, -18084.95, 17874
19882, -17964.00, -18078.69, 17761
19887, -17958.00, -18072.24, 17653
19891, -17950.00, -18066.01, 17543
19895, -17947.00, -18059.78, 17429
19900, -17938.00, -18053.34, 17318
19904, -17934.00, -18047.14, 17206
19908, -17927.00, -18040.96, 17093
19913, -17921.00, -18034.75, 16974
19917, -17913.00, -18028.29, 16857
19922, -17908.00, -18022.03, 16740
19926, -17900.00, -18015.82, 16619
19930, -17895.00, -18009.47, 16495
19935, -17889.00, -18003.14, 16367
19939, -17882.00, -17996.70, 16243
19944, -17876.00, -17990.45, 16118
19948, -17869.00, -17984.24, 15990
19952, -17863.00, -17977.99, 15857
19957, -17856.00, -17971.65, 15720
19961, -17848.00, -17965.08, 15580
19965, -17841.00, -17958.63, 15441
19970, -17836.00, -17952.25, 15292
19974, -17830.00, -17945.64, 15141
19979, -17823.00, -17939.02, 14995
19983, -17817.00, -17932.74, 14840
19988, -17809.00, -17926.19, 14686
19992, -17802.00, -17919.74, 14530
19996, -17796.00, -17913.33, 14360
20001, -17789.00, -17906.49, 14182
20006, -17780.00, -17899.46, 14011
20010, -17777.00, -17892.99, 13841
20014, -17768.00, -17886.58, 13667
20019, -17762.00, -17880.17, 13482
20023, -17756.00, -17873.46, 13309
20028, -17763.00, -17867.31, 13228
20032, -17772.00, -17861.94, 13215
20037, -17777.00, -17857.07, 13255
20041, -17785.00, -17852.90, 13329
20045, -17791.00, -17849.46, 13433
20050, -17799.00, -17846.41, 13554
20054, -17805.00, -17843.99, 13690
20059, -17812.00, -17842.04, 13830
20063, -17819.00, -17840.63, 13978
20068, -17828.00, -17839.71, 14135
20072, -17836.00, -17839.29, 14299
20077, -17841.00, -17839.24, 14460
20081, -17849.00, -17839.55, 14623
20086, -17857.00, -17840.31, 14787
20090, -17864.00, -17841.41, 14939
20095, -17870.00, -17842.76, 15091
20099, -17877.00, -17844.37, 15240
20103, -17884.00, -17846.27, 15389
20107, -17891.00, -17848.44, 15537
20112, -17897.00, -17850.86, 15684
20116, -17905.00, -17853.52, 15827
20120, -17911.00, -17856.40, 15966
20125, -17918.00, -17859.48, 16105
20129, -17926.00, -17862.77, 16242
20133, -17933.00, -17866.35, 16379
20138, -17940.00, -17870.12, 16515
20142, -17948.00, -17874.06, 16651
20147, -17954.00, -17878.32, 16788
20151, -17960.00, -17882.64, 16918
20156, -17968.00, -17886.97, 17045
20160, -17975.00, -17891.50, 17172
20164, -17982.00, -17896.14, 17296
20169, -17990.00, -17900.95, 17424
20173, -17997.00, -17906.02, 17548
20178, -18005.00, -17911.20, 17673
20182, -18011.00, -17916.43, 17797
20187, -18016.00, -17921.76, 17917
20191, -18024.00, -17926.98, 18040
20195, -18031.00, -17932.55, 18159
20200, -18038.00, -17938.06, 18277
20204, -18045.00, -17943.63, 18391
20209, -18053.00, -17949.25, 18507
20213, -18060.00, -17954.98, 18623
20217, -18066.00, -17960.71, 18737
20222, -18072.00, -17966.49, 18856
20226, -18079.00, -17972.57, 18971
20231, -18085.00, -17978.44, 19083
20235, -18092.00, -17984.33, 19193
20239, -18099.00, -17990.15, 19304
20244, -18107.00, -17996.14, 19416
20248, -18114.00, -18002.24, 19527
20252, -18120.00, -18008.29, 19641
20257, -18127.00, -18014.52, 19755
20261, -18133.00, -18020.73, 19864
20265, -18138.00, -18026.75, 19975
20270, -18146.00, -18032.87, 20084
20274, -18152.00, -18038.98, 20194
20278, -18159.00, -18045.17, 20306
20283, -18166.00, -18051.49, 20416
20287, -18172.00, -18057.72, 20525
20292, -18178.00, -18063.96, 20638
20296, -18184.00, -18070.16, 20752
20300, -18192.00, -18076.47, 20863
20305, -18198.00, -18082.69, 20981
20309, -18206.00, -18089.13, 21099
20313, -18215.00, -18095.69, 21217
20318, -18220.00, -18102.11, 21338
20322, -18226.00, -18108.67, 21462
20327, -18233.00, -18115.25, 21583
20331, -18238.00, -18121.64, 21705
20335, -18246.00, -18128.05, 21828
20340, -18252.00, -18134.46, 21951
20344, -18260.00, -18140.82, 22077
20348, -18266.00, -18147.25, 22204
20352, -18273.00, -18153.67, 22335
20357, -18280.00, -18160.19, 22468
20361, -18286.00, -18166.69, 22600
20365, -18293.00, -18173.20, 22740
20370, -18301.00, -18179.88, 22877
20374, -18307.00, -18186.43, 23019
20379, -18314.00, -18193.04, 23167
20383, -18322.00, -18199.85, 23311
20387, -18328.00, -18206.41, 23460
20392, -18334.00, -18213.00, 23609
20396, -18340.00, -18219.52, 23760
20400, -18349.00, -18226.04, 23916
20404, -18357.00, -18232.74, 24077
20409, -18363.00, -18239.57, 24241
20413, -18369.00, -18246.28, 24413
20418, -18375.00, -18252.99, 24586
20422, -18381.00, -18259.67, 24764
20426, -18389.00, -18266.41, 24945
20431, -18395.00, -18273.03, 25129
20435, -18402.00, -18279.63, 25317
20439, -18410.00, -18286.26, 25518
20444, -18416.00, -18293.09, 25722
20448, -18424.00, -18299.94, 25936
20452, -18429.00, -18306.79, 26153
20457, -18437.00, -18313.50, 26373
20461, -18443.00, -18320.16, 26602
20466, -18450.00, -18326.94, 26845
20470, -18456.00, -18333.82, 27096
20474, -18466.00, -18340.78, 27352
20479, -18472.00, -18347.61, 27630
20483, -18479.00, -18354.83, 27907
20488, -18485.00, -18361.59, 28190
20492, -18492.00, -18368.31, 28492
20497, -18498.00, -18375.30, 28787
20501, -18505.00, -18382.04, 29081
20505, -18511.00, -18388.73, 29373
20510, -18518.00, -18395.40, 29662
20514, -18526.00, -18402.14, 29948
20518, -18533.00, -18408.90, 30230
20523, -18539.00, -18415.71, 30507
20527, -18544.00, -18422.52, 30778
20531, -18551.00, -18429.12, 31046
20536, -18558.00, -18435.91, 31303
20540, -18564.00, -18442.64, 31553
20545, -18573.00, -18449.32, 31799
20549, -18580.00, -18456.04, 32041
20553, -18586.00, -18462.85, 32277
20558, -18591.00, -18469.59, 32507
20562, -18599.00, -18476.35, 32732
20566, -18604.00, -18482.98, 32947
20571, -18610.00, -18489.55, 33163
20575, -18617.00, -18496.24, 33373
20580, -18625.00, -18502.92, 33574
20584, -18631.00, -18509.49, 33778
20588, -18638.00, -18516.16, 33976
20593, -18644.00, -18522.78, 34171
20597, -18650.00, -18529.38, 34361
20601, -18658.00, -18536.01, 34549
20606, -18663.00, -18542.64, 34731
20610, -18670.00, -18549.13, 34920
20614, -18678.00, -18556.08, 35109
20619, -18684.00, -18563.02, 35295
20624, -18690.00, -18569.99, 35470
20628, -18696.00, -18576.58, 35643
20632, -18703.00, -18583.10, 35814
20637, -18709.00, -18589.75, 35983
20641, -18715.00, -18596.32, 36149
20646, -18722.00, -18602.83, 36311
20650, -18729.00, -18609.29, 36476
20654, -18735.00, -18615.95, 36634
20659, -18742.00, -18622.49, 36793
20663, -18747.00, -18629.14, 36959
20668, -18753.00, -18635.68, 37118
20672, -18760.00, -18642.27, 37278
20676, -18767.00, -18648.93, 37433
20681, -18773.00, -18655.37, 37593
20685, -18780.00, -18662.12, 37752
20690, -18787.00, -18668.69, 37912
20694, -18793.00, -18675.45, 38072
20699, -18798.00, -18682.11, 38233
20703, -18805.00, -18688.70, 38390
20708, -18810.00, -18695.21, 38545
20712, -18818.00, -18701.66, 38698
20717, -18824.00, -18708.00, 38851
20721, -18829.00, -18714.46, 39008
20726, -18837.00, -18720.94, 39160
20730, -18844.00, -18727.36, 39319
20735, -18850.00, -18734.00, 39476
20739, -18857.00, -18740.53, 39629
20743, -18862.00, -18746.88, 39781
20748, -18868.00, -18753.10, 39932
20752, -18874.00, -18759.29, 40085
20756, -18880.00, -18765.55, 40238
20761, -18888.00, -18771.84, 40392
20765, -18893.00, -18778.18, 40552
20769, -18900.00, -18784.54, 40706
20774, -18904.00, -18790.81, 40866
20778, -18910.00, -18796.99, 41026
20782, -18919.00, -18803.18, 41184
20787, -18923.00, -18809.44, 41346
20791, -18930.00, -18815.70, 41514
20796, -18936.00, -18822.12, 41680
20800, -18943.00, -18828.35, 41850
20804, -18948.00, -18834.70, 42022
20809, -18955.00, -18840.97, 42192
20813, -18960.00, -18847.16, 42367
20818, -18967.00, -18853.41, 42544
20822, -18974.00, -18859.79, 42723
20826, -18980.00, -18866.16, 42904
20831, -18984.00, -18872.40, 43091
20835, -18992.00, -18878.69, 43276
20840, -18998.00, -18884.97, 43470
20844, -19005.00, -18891.27, 43660
20849, -19010.00, -18897.50, 43858
20853, -19016.00, -18903.79, 44055
20857, -19021.00, -18909.88, 44254
20862, -19028.00, -18915.99, 44456
20866, -19034.00, -18922.13, 44659
20870, -19040.00, -18928.16, 44876
20875, -19047.00, -18934.51, 45091
20879, -19053.00, -18940.79, 45299
20884, -19058.00, -18946.87, 45513
20888, -19064.00, -18953.04, 45720
20892, -19070.00, -18959.15, 45924
20897, -19077.00, -18965.37, 46123
20901, -19083.00, -18971.38, 46319
20906, -19091.00, -18977.64, 46514
20910, -19094.00, -18983.71, 46701
20914, -19101.00, -18989.74, 46883
20919, -19106.00, -18995.75, 47063
20923, -19112.00, -19001.74, 47240
20927, -19118.00, -19007.78, 47411
20932, -19126.00, -19013.86, 47583
20936, -19133.00, -19020.23, 47753
20941, -19138.00, -19026.49, 47919
20945, -19144.00, -19032.61, 48078
20949, -19150.00, -19038.68, 48235
20954, -19155.00, -19044.75, 48388
20958, -19162.00, -19050.82, 48538
20962, -19169.00, -19056.89, 48682
20967, -19175.00, -19062.96, 48825
20971, -19180.00, -19068.98, 48967
20975, -19187.00, -19075.06, 49107
20980, -19192.00, -19081.17, 49246
20984, -19198.00, -19087.20, 49384
20988, -19204.00, -19093.30, 49520
20993, -19211.00, -19099.43, 49653
20997, -19217.00, -19105.58, 49783
21001, -19223.00, -19111.69, 49921
21006, -19231.00, -19118.13, 50050
21010, -19236.00, -19124.40, 50181
21015, -19243.00, -19130.87, 50316
21020, -19248.00, -19137.08, 50443
21024, -19254.00, -19143.18, 50567
21028, -19261.00, -19149.32, 50693
21033, -19266.00, -19155.57, 50818
21037, -19273.00, -19161.76, 50942
21042, -19280.00, -19168.04, 51062
21046, -19287.00, -19174.23, 51185
21051, -19293.00, -19180.55, 51305
21055, -19299.00, -19186.75, 51427
21059, -19305.00, -19192.99, 51551
21064, -19309.00, -19199.38, 51670
21068, -19316.00, -19205.46, 51788
21073, -19324.00, -19211.59, 51904
21077, -19329.00, -19217.68, 52022
21081, -19337.00, -19223.85, 52139
21086, -19344.00, -19230.02, 52255
21090, -19348.00, -19236.12, 52374
21094, -19354.00, -19242.29, 52492
21099, -19359.00, -19248.37, 52607
21103, -19367.00, -19254.43, 52726
21107, -19373.00, -19260.60, 52842
21112, -19380.00, -19266.74, 52962
21116, -19387.00, -19273.12, 53080
21121, -19391.00, -19279.29, 53197
21125, -19397.00, -19285.37, 53312
21129, -19404.00, -19291.44, 53437
21134, -19410.00, -19297.78, 53556
21138, -19418.00, -19303.93, 53675
21142, -19423.00, -19310.12, 53799
21147, -19430.00, -19316.40, 53920
21151, -19437.00, -19322.56, 54050
21156, -19443.00, -19329.03, 54177
21160, -19449.00, -19335.34, 54309
21165, -19455.00, -19341.81, 54441
21169, -19462.00, -19348.15, 54576
21174, -19467.00, -19354.60, 54712
21178, -19474.00, -19361.12, 54845
21183, -19483.00, -19367.33, 54979
21187, -19489.00, -19373.67, 55121
21191, -19496.00, -19380.18, 55261
21196, -19501.00, -19386.45, 55401
21200, -19506.00, -19392.59, 55544
21204, -19512.00, -19398.81, 55689
21209, -19519.00, -19405.00, 55834
21213, -19525.00, -19411.20, 55988
21218, -19532.00, -19417.64, 56149
21222, -19540.00, -19424.32, 56306
21227, -19546.00, -19430.65, 56467
21231, -19554.00, -19437.05, 56638
21235, -19558.00, -19443.68, 56809
21240, -19564.00, -19450.03, 56979
21244, -19572.00, -19456.34, 57158
21249, -19578.00, -19462.86, 57340
21253, -19583.00, -19469.39, 57525
21258, -19592.00, -19475.81, 57721
21262, -19599.00, -19482.38, 57920
21267, -19605.00, -19489.00, 58122
21271, -19611.00, -19495.43, 58327
21276, -19617.00, -19501.75, 58540
21280, -19624.00, -19508.12, 58757
21284, -19630.00, -19514.49, 58988
21289, -19636.00, -19521.06, 59220
21293, -19643.00, -19527.42, 59456
21298, -19650.00, -19533.75, 59701
21302, -19658.00, -19540.05, 59958
21306, -19663.00, -19546.50, 60223
21311, -19667.00, -19552.83, 60504
21315, -19675.00, -19559.24, 60793
21319, -19682.00, -19565.64, 61087
21324, -19689.00, -19571.99, 61384
21328, -19695.00, -19578.30, 61684
21332, -19702.00, -19584.71, 61994
21337, -19711.00, -19591.50, 62299
21341, -19716.00, -19598.02, 62591
21346, -19720.00, -19604.35, 62884
21350, -19728.00, -19610.84, 63169
21354, -19733.00, -19617.26, 63443
21359, -19739.00, -19623.54, 63711
21363, -19748.00, -19629.90, 63971
21367, -19753.00, -19636.26, 64231
21372, -19762.00, -19642.87, 64489
21376, -19766.00, -19649.42, 64736
21381, -19773.00, -19655.85, 64976
21385, -19780.00, -19662.29, 65208
21389, -19785.00, -19668.68, 65437
21394, -19792.00, -19675.20, 65666
21398, -19800.00, -19681.75, 65883
21403, -19808.00, -19688.29, 66100
21407, -19813.00, -19694.90, 66308
21411, -19821.00, -19701.35, 66513
21416, -19828.00, -19708.05, 66720
21420, -19834.00, -19714.62, 66914
21425, -19838.00, -19721.05, 67106
21429, -19845.00, -19727.42, 67293
21433, -19854.00, -19734.01, 67480
21438, -19861.00, -19740.52, 67664
21442, -19865.00, -19747.05, 67843
21446, -19871.00, -19753.43, 68018
21451, -19877.00, -19759.75, 68191
21455, -19884.00, -19766.14, 68360
21459, -19890.00, -19772.54, 68527
21464, -19897.00, -19778.94, 68695
21468, -19904.00, -19785.43, 68863
21472, -19912.00, -19792.16, 69033
21477, -19918.00, -19799.03, 69195
21481, -19925.00, -19805.56, 69351
21486, -19928.00, -19811.92, 69506
21490, -19936.00, -19818.38, 69664
21494, -19942.00, -19824.91, 69816
21499, -19950.00, -19831.33, 69971
21503, -19956.00, -19837.94, 70122
21508, -19964.00, -19844.45, 70273
21512, -19969.00, -19850.92, 70423
21516, -19975.00, -19857.35, 70573
21521, -19981.00, -19863.74, 70722
21525, -19988.00, -19870.18, 70871
21529, -19994.00, -19876.60, 71026
21534, -20002.00, -19883.37, 71184
21539, -20009.00, -19890.32, 71333
21543, -20016.00, -19896.87, 71480
21547, -20023.00, -19903.34, 71628
21552, -20029.00, -19909.98, 71776
21556, -20035.00, -19916.45, 71926
21560, -20041.00, -19923.09, 72079
21565, -20048.00, -19929.84, 72224
21569, -20054.00, -19936.21, 72374
21574, -20062.00, -19942.79, 72526
21578, -20071.00, -19949.58, 72678
21583, -20077.00, -19956.43, 72832
21587, -20081.00, -19963.08, 72984
21592, -20089.00, -19969.68, 73138
21596, -20094.00, -19976.30, 73289
21600, -20101.00, -19982.75, 73441
21605, -20108.00, -19989.27, 73593
21609, -20116.00, -19995.76, 73746
21613, -20124.00, -20002.37, 73903
21618, -20130.00, -20009.07, 74061
21622, -20135.00, -20015.65, 74218
21627, -20142.00, -20022.24, 74380
21631, -20147.00, -20028.71, 74546
21635, -20155.00, -20035.40, 74708
21640, -20163.00, -20041.99, 74874
21644, -20169.00, -20048.67, 75039
21648, -20177.00, -20055.27, 75217
21653, -20184.00, -20062.21, 75389
21657, -20190.00, -20068.79, 75563
21662, -20198.00, -20075.54, 75741
21666, -20205.00, -20082.29, 75918
21670, -20211.00, -20088.97, 76106
21675, -20217.00, -20095.87, 76287
21679, -20224.00, -20102.64, 76481
21684, -20232.00, -20109.44, 76669
21688, -20239.00, -20116.14, 76865
21693, -20247.00, -20123.01, 77064
21697, -20252.00, -20129.73, 77265
21701, -20259.00, -20136.53, 77470
21706, -20266.00, -20143.27, 77676
21710, -20272.00, -20149.99, 77886
21715, -20280.00, -20156.89, 78095
21719, -20287.00, -20163.73, 78298
21723, -20295.00, -20170.50, 78500
21728, -20301.00, -20177.28, 78700
21732, -20306.00, -20184.04, 78900
21737, -20316.00, -20190.99, 79093
21741, -20320.00, -20197.81, 79278
21745, -20329.00, -20204.55, 79462
21750, -20334.00, -20211.27, 79645
21754, -20344.00, -20218.52, 79829
21759, -20351.00, -20225.36, 80001
21763, -20358.00, -20232.31, 80171
21767, -20365.00, -20239.17, 80335
21772, -20371.00, -20246.05, 80508
21776, -20379.00, -20253.41, 80667
21781, -20384.00, -20260.21, 80821
21785, -20393.00, -20267.01, 80972
21789, -20399.00, -20273.89, 81125
21794, -20407.00, -20280.92, 81271
21798, -20415.00, -20287.88, 81418
21803, -20422.00, -20295.00, 81560
21807, -20428.00, -20301.85, 81698
21811, -20434.00, -20308.73, 81834
21816, -20442.00, -20315.66, 81970
21820, -20450.00, -20322.76, 82101
21825, -20455.00, -20329.56, 82230
21829, -20464.00, -20336.54, 82360
21833, -20472.00, -20343.63, 82487
21838, -20478.00, -20350.63, 82610
21842, -20485.00, -20357.49, 82734
21846, -20491.00, -20364.42, 82854
21851, -20498.00, -20371.24, 82974
21855, -20506.00, -20378.16, 83094
21859, -20513.00, -20385.11, 83212
21864, -20520.00, -20392.06, 83330
21868, -20527.00, -20399.06, 83450
21872, -20534.00, -20406.15, 83566
21877, -20541.00, -20413.11, 83684
21881, -20548.00, -20420.27, 83799
21885, -20554.00, -20427.22, 83913
21890, -20563.00, -20434.28, 84026
21894, -20571.00, -20441.29, 84138
21899, -20579.00, -20448.32, 84252
21903, -20585.00, -20455.41, 84363
21907, -20593.00, -20462.43, 84480
21912, -20598.00, -20469.79, 84590
21916, -20605.00, -20476.71, 84700
21920, -20613.00, -20483.73, 84812
21925, -20621.00, -20490.77, 84921
21929, -20629.00, -20497.77, 85033
21933, -20636.00, -20504.89, 85143
21937, -20641.00, -20511.90, 85255
21942, -20650.00, -20518.98, 85366
21946, -20657.00, -20526.17, 85476
21951, -20663.00, -20533.26, 85586
21955, -20673.00, -20540.35, 85696
21959, -20680.00, -20547.57, 85805
21963, -20687.00, -20554.71, 85913
21968, -20694.00, -20561.81, 86021
21972, -20700.00, -20568.94, 86131
21976, -20705.00, -20575.97, 86241
21981, -20714.00, -20583.00, 86352
21985, -20721.00, -20590.17, 86465
21989, -20732.00, -20597.40, 86580
21994, -20738.00, -20604.72, 86693
21998, -20744.00, -20611.92, 86809
22002, -20751.00, -20619.06, 86925
22007, -20757.00, -20626.22, 87042
22011, -20765.00, -20633.38, 87158
22015, -20771.00, -20640.44, 87281
22020, -20781.00, -20647.75, 87400
22024, -20788.00, -20654.92, 87522
22028, -20795.00, -20662.10, 87645
22033, -20801.00, -20669.22, 87770
22037, -20809.00, -20676.54, 87897
22041, -20817.00, -20683.79, 88023
22046, -20824.00, -20690.98, 88151
22050, -20833.00, -20698.23, 88288
22054, -20840.00, -20705.73, 88420
22059, -20847.00, -20712.95, 88554
22063, -20853.00, -20720.14, 88690
22067, -20858.00, -20727.25, 88829
22072, -20867.00, -20734.39, 88968
22076, -20874.00, -20741.51, 89109
22080, -20883.00, -20748.69, 89256
22084, -20890.00, -20755.96, 89409
22089, -20896.00, -20763.30, 89563
22093, -20903.00, -20770.61, 89721
22097, -20909.00, -20777.82, 89880
22102, -20917.00, -20785.04, 90043
22106, -20925.00, -20792.34, 90214
22111, -20932.00, -20799.93, 90393
22115, -20940.00, -20807.16, 90569
22120, -20949.00, -20814.46, 90752
22124, -20956.00, -20821.82, 90938
22128, -20961.00, -20829.09, 91129
22133, -20969.00, -20836.28, 91323
22137, -20977.00, -20843.48, 91522
22141, -20984.00, -20850.75, 91729
22145, -20992.00, -20857.99, 91944
22150, -20998.00, -20865.27, 92165
22154, -21008.00, -20872.57, 92392
22158, -21012.00, -20879.81, 92632
22163, -21020.00, -20887.12, 92873
22167, -21026.00, -20894.24, 93130
22172, -21032.00, -20901.60, 93395
22176, -21041.00, -20908.81, 93664
22180, -21051.00, -20916.00, 93942
22185, -21057.00, -20923.25, 94231
22189, -21065.00, -20930.60, 94521
22193, -21071.00, -20937.91, 94805
22198, -21077.00, -20945.06, 95090
22202, -21084.00, -20952.27, 95369
22206, -21092.00, -20959.47, 95649
22211, -21101.00, -20966.73, 95921
22215, -21110.00, -20974.13, 96194
22219, -21114.00, -20981.53, 96458
22224, -21122.00, -20988.75, 96716
22228, -21127.00, -20995.88, 96966
22232, -21136.00, -21003.09, 97210
22237, -21143.00, -21010.32, 97461
22241, -21152.00, -21017.83, 97692
22245, -21159.00, -21025.04, 97921
22250, -21166.00, -21032.35, 98148
22254, -21174.00, -21039.78, 98371
22258, -21179.00, -21047.03, 98588
22263, -21185.00, -21054.26, 98796
22267, -21193.00, -21061.41, 99000
22272, -21200.00, -21068.61, 99200
22276, -21209.00, -21075.79, 99400
22280, -21216.00, -21083.10, 99592
22285, -21221.00, -21090.23, 99783
22289, -21229.00, -21097.40, 99968
22293, -21234.00, -21104.53, 100151
22298, -21241.00, -21111.61, 100342
22302, -21249.00, -21119.21, 100515
22307, -21255.00, -21126.35, 100689
22311, -21264.00, -21133.47, 100860
22315, -21271.00, -21140.63, 101030
22320, -21277.00, -21147.72, 101198
22324, -21284.00, -21154.81, 101361
22329, -21288.00, -21161.87, 101534
22333, -21296.00, -21169.13, 101693
22337, -21303.00, -21176.09, 101854
22342, -21308.00, -21183.04, 102011
22346, -21318.00, -21189.97, 102173
22351, -21326.00, -21197.34, 102329
22355, -21334.00, -21204.55, 102487
22360, -21340.00, -21211.72, 102646
22364, -21345.00, -21218.98, 102805
22369, -21353.00, -21226.09, 102965
22373, -21358.00, -21233.35, 103119
22378, -21366.00, -21240.32, 103272
22382, -21373.00, -21247.31, 103424
22386, -21379.00, -21254.21, 103573
22391, -21389.00, -21261.07, 103723
22395, -21396.00, -21268.02, 103874
22399, -21401.00, -21274.96, 104026
22404, -21407.00, -21281.86, 104175
22408, -21414.00, -21288.61, 104322
22412, -21420.00, -21295.36, 104471
22417, -21428.00, -21302.22, 104620
22421, -21434.00, -21309.03, 104767
22425, -21442.00, -21315.84, 104916
22430, -21448.00, -21322.67, 105064
22434, -21455.00, -21329.43, 105213
22438, -21459.00, -21336.21, 105363
22443, -21466.00, -21342.93, 105522
22447, -21475.00, -21350.11, 105683
22452, -21482.00, -21357.44, 105835
22456, -21489.00, -21364.32, 105987
22461, -21495.00, -21371.12, 106141
22465, -21502.00, -21377.91, 106296
22470, -21506.00, -21384.65, 106454
22474, -21514.00, -21391.44, 106613
22478, -21520.00, -21398.15, 106768
22483, -21526.00, -21404.78, 106927
22487, -21534.00, -21411.49, 107087
22491, -21542.00, -21418.25, 107248
22496, -21550.00, -21425.04, 107411
22500, -21555.00, -21431.73, 107579
22504, -21560.00, -21438.51, 107747
22509, -21565.00, -21445.15, 107924
22513, -21574.00, -21452.05, 108093
22518, -21579.00, -21458.70, 108264
22522, -21587.00, -21465.30, 108437
22526, -21595.00, -21471.92, 108614
22531, -21601.00, -21478.58, 108802
22535, -21608.00, -21485.55, 108995
22540, -21614.00, -21492.64, 109189
22544, -21621.00, -21499.56, 109380
22549, -21627.00, -21506.22, 109575
22553, -21633.00, -21512.94, 109770
22558, -21641.00, -21519.58, 109970
22562, -21647.00, -21526.29, 110173
22566, -21655.00, -21533.03, 110383
22571, -21661.00, -21539.74, 110600
22575, -21668.00, -21546.66, 110821
22580, -21673.00, -21553.60, 111031
22584, -21681.00, -21560.21, 111240
22589, -21687.00, -21566.90, 111450
22593, -21695.00, -21573.83, 111650
22598, -21701.00, -21580.48, 111843
22602, -21710.00, -21587.13, 112034
22606, -21716.00, -21593.79, 112222
22611, -21723.00, -21600.47, 112406
22615, -21727.00, -21607.11, 112590
22619, -21735.00, -21613.76, 112766
22624, -21740.00, -21620.30, 112939
22628, -21748.00, -21626.90, 113110
22633, -21755.00, -21633.66, 113275
22637, -21763.00, -21640.45, 113443
22641, -21770.00, -21647.18, 113603
22646, -21776.00, -21653.92, 113764
22650, -21781.00, -21660.62, 113917
22654, -21788.00, -21667.20, 114066
22659, -21793.00, -21673.67, 114214
22663, -21802.00, -21680.26, 114360
22667, -21809.00, -21686.88, 114504
22672, -21817.00, -21693.61, 114646
22676, -21824.00, -21700.45, 114789
22681, -21830.00, -21707.21, 114932
22685, -21837.00, -21714.18, 115076
22690, -21843.00, -21721.21, 115214
22694, -21850.00, -21728.08, 115348
22699, -21857.00, -21734.79, 115481
22703, -21866.00, -21741.68, 115614
22707, -21873.00, -21748.59, 115741
22712, -21880.00, -21755.29, 115870
22716, -21886.00, -21762.08, 115996
22720, -21893.00, -21768.79, 116122
22725, -21899.00, -21775.46, 116248
22729, -21906.00, -21782.32, 116378
22734, -21912.00, -21789.36, 116502
22738, -21920.00, -21796.12, 116624
22742, -21928.00, -21802.91, 116746
22747, -21936.00, -21809.82, 116876
22751, -21942.00, -21817.16, 116998
22756, -21950.00, -21823.94, 117118
22760, -21954.00, -21830.74, 117237
22764, -21962.00, -21837.42, 117355
22769, -21968.00, -21844.20, 117475
22773, -21977.00, -21851.14, 117595
22777, -21984.00, -21858.14, 117716
22782, -21991.00, -21865.12, 117836
22786, -21998.00, -21872.06, 117955
22791, -22003.00, -21878.83, 118074
22795, -22010.00, -21885.58, 118193
22799, -22017.00, -21892.35, 118310
22804, -22025.00, -21899.11, 118430
22808, -22031.00, -21906.04, 118552
22812, -22041.00, -21913.14, 118671
22817, -22046.00, -21920.12, 118793
22821, -22052.00, -21927.07, 118917
22826, -22059.00, -21934.05, 119042
22830, -22066.00, -21940.98, 119166
22834, -22072.00, -21947.95, 119292
22839, -22081.00, -21954.94, 119418
22843, -22088.00, -21961.83, 119545
22848, -22095.00, -21968.79, 119678
22852, -22104.00, -21975.99, 119809
22856, -22110.00, -21982.92, 119941
22861, -22115.00, -21989.87, 120080
22865, -22123.00, -21997.10, 120215
22870, -22128.00, -22003.92, 120349
22874, -22135.00, -22010.63, 120485
22878, -22144.00, -22017.46, 120624
22883, -22152.00, -22024.41, 120766
22887, -22159.00, -22031.31, 120910
22891, -22165.00, -22038.20, 121059
22896, -22170.00, -22045.15, 121208
22900, -22178.00, -22051.99, 121361
22904, -22185.00, -22058.89, 121515
22909, -22191.00, -22065.77, 121672
22913, -22201.00, -22072.71, 121830
22918, -22209.00, -22079.83, 122000
22922, -22214.00, -22086.79, 122171
22926, -22221.00, -22093.76, 122345
22931, -22226.00, -22100.74, 122525
22935, -22234.00, -22107.71, 122713
22940, -22241.00, -22114.94, 122896
22944, -22250.00, -22121.83, 123083
22948, -22256.00, -22128.75, 123279
22953, -22264.00, -22135.74, 123481
22957, -22272.00, -22142.79, 123687
22961, -22277.00, -22149.76, 123902
22966, -22283.00, -22156.71, 124127
22970, -22290.00, -22163.75, 124354
22975, -22297.00, -22170.71, 124593
22979, -22306.00, -22177.77, 124838
22983, -22312.00, -22184.94, 125100
22988, -22321.00, -22192.09, 125373
22992, -22327.00, -22199.26, 125646
22997, -22333.00, -22206.18, 125935
23001, -22341.00, -22213.24, 126231
23005, -22347.00, -22220.27, 126549
23010, -22354.00, -22227.48, 126863
23014, -22362.00, -22234.40, 127179
23019, -22371.00, -22241.44, 127496
23023, -22378.00, -22248.59, 127809
23027, -22384.00, -22255.65, 128125
23032, -22390.00, -22262.67, 128429
23036, -22397.00, -22269.61, 128733
23041, -22405.00, -22276.73, 129023
23045, -22412.00, -22283.78, 129307
23049, -22419.00, -22290.75, 129584
23054, -22429.00, -22297.87, 129853
23058, -22436.00, -22305.04, 130118
23062, -22441.00, -22312.17, 130380
23067, -22447.00, -22319.27, 130634
23071, -22454.00, -22326.35, 130878
23075, -22461.00, -22333.32, 131120
23080, -22469.00, -22340.48, 131355
23084, -22476.00, -22347.63, 131580
23089, -22484.00, -22354.68, 131800
23093, -22491.00, -22361.71, 132017
23097, -22498.00, -22368.69, 132232
23102, -22504.00, -22375.83, 132441
23106, -22510.00, -22382.80, 132648
23111, -22517.00, -22389.89, 132850
23115, -22524.00, -22396.98, 133059
23120, -22533.00, -22404.45, 133250
23124, -22541.00, -22411.44, 133437
23128, -22547.00, -22418.45, 133626
23133, -22555.00, -22425.48, 133813
23137, -22560.00, -22432.57, 133997
23141, -22567.00, -22439.68, 134178
23146, -22574.00, -22446.69, 134352
23150, -22580.00, -22453.52, 134525
23155, -22589.00, -22460.66, 134698
23159, -22596.00, -22467.65, 134864
23163, -22604.00, -22474.60, 135033
23168, -22611.00, -22481.71, 135203
23172, -22616.00, -22488.71, 135367
23176, -22623.00, -22495.66, 135530
23181, -22629.00, -22502.56, 135692
23185, -22637.00, -22509.46, 135855
23189, -22644.00, -22516.53, 136017
23194, -22653.00, -22523.52, 136176
23198, -22659.00, -22530.50, 136339
23202, -22666.00, -22537.61, 136502
23207, -22672.00, -22544.67, 136661
23211, -22678.00, -22551.67, 136819
23215, -22686.00, -22558.57, 136973
23220, -22692.00, -22565.41, 137129
23224, -22703.00, -22572.43, 137288
23228, -22709.00, -22579.48, 137446
23233, -22714.00, -22586.58, 137607
23237, -22720.00, -22593.56, 137767
23242, -22728.00, -22600.53, 137924
23246, -22733.00, -22607.41, 138082
23250, -22742.00, -22614.30, 138241
23255, -22748.00, -22621.27, 138399
23259, -22758.00, -22628.22, 138563
23263, -22765.00, -22635.32, 138727
23268, -22772.00, -22642.50, 138887
23272, -22777.00, -22649.39, 139049
23276, -22781.00, -22656.29, 139213
23281, -22790.00, -22663.20, 139386
23285, -22798.00, -22670.49, 139554
23290, -22807.00, -22677.59, 139719
23294, -22814.00, -22684.54, 139890
23298, -22821.00, -22691.62, 140062
23303, -22827.00, -22698.65, 140231
23307, -22833.00, -22705.51, 140407
23311, -22839.00, -22712.52, 140580
23316, -22847.00, -22719.41, 140752
23320, -22855.00, -22726.29, 140931
23324, -22861.00, -22733.26, 141113
23328, -22869.00, -22740.20, 141296
23333, -22875.00, -22747.15, 141484
23337, -22881.00, -22754.13, 141671
23341, -22886.00, -22760.94, 141862
23346, -22897.00, -22767.89, 142065
23350, -22903.00, -22775.20, 142266
23355, -22911.00, -22782.27, 142480
23359, -22920.00, -22789.67, 142687
23364, -22927.00, -22796.81, 142902
23368, -22933.00, -22803.96, 143118
23372, -22937.00, -22810.95, 143333
23377, -22944.00, -22817.83, 143550
23381, -22951.00, -22824.78, 143779
23386, -22960.00, -22832.20, 143993
23390, -22968.00, -22839.35, 144204
23395, -22977.00, -22846.52, 144414
23399, -22984.00, -22853.81, 144616
23403, -22989.00, -22860.86, 144812
23408, -22995.00, -22867.75, 145005
23412, -23003.00, -22874.78, 145193
23416, -23009.00, -22881.74, 145374
23421, -23015.00, -22888.61, 145555
23425, -23024.00, -22895.62, 145732
23429, -23032.00, -22902.66, 145913
23434, -23041.00, -22910.07, 146086
23438, -23045.00, -22917.31, 146255
23443, -23053.00, -22924.47, 146418
23447, -23060.00, -22931.61, 146576
23452, -23066.00, -22938.59, 146733
23456, -23072.00, -22945.69, 146886
23460, -23081.00, -22952.71, 147037
23465, -23090.00, -22959.84, 147193
23469, -23096.00, -22967.39, 147338
23474, -23103.00, -22974.49, 147482
23478, -23110.00, -22981.58, 147621
23483, -23116.00, -22988.51, 147758
23487, -23122.00, -22995.47, 147893
23491, -23131.00, -23002.48, 148028
23496, -23139.00, -23009.69, 148164
23500, -23146.00, -23016.98, 148291
23505, -23154.00, -23023.97, 148425
23509, -23162.00, -23031.38, 148558
23514, -23168.00, -23038.89, 148684
23518, -23174.00, -23045.85, 148807
23522, -23180.00, -23052.80, 148927
23527, -23187.00, -23059.69, 149049
23531, -23195.00, -23066.72, 149168
23535, -23203.00, -23073.70, 149288
23540, -23210.00, -23080.73, 149404
23544, -23217.00, -23087.72, 149522
23548, -23223.00, -23094.68, 149640
23553, -23229.00, -23101.73, 149759
23557, -23236.00, -23108.90, 149879
23562, -23244.00, -23116.19, 149994
23566, -23251.00, -23123.17, 150110
23570, -23259.00, -23130.31, 150225
23575, -23267.00, -23137.43, 150341
23579, -23273.00, -23144.60, 150462
23584, -23280.00, -23151.98, 150575
23588, -23287.00, -23158.92, 150688
23593, -23294.00, -23165.96, 150801
23597, -23300.00, -23172.83, 150913
23601, -23307.00, -23179.78, 151026
23605, -23317.00, -23186.78, 151141
23610, -23324.00, -23193.92, 151254
23614, -23332.00, -23201.05, 151368
23619, -23336.00, -23208.19, 151478
23623, -23343.00, -23215.09, 151590
23627, -23350.00, -23222.10, 151707
23632, -23355.00, -23229.18, 151823
23636, -23364.00, -23236.27, 151940
23640, -23372.00, -23243.33, 152059
23645, -23379.00, -23250.44, 152176
23649, -23387.00, -23257.48, 152297
23654, -23394.00, -23264.62, 152417
23658, -23399.00, -23271.62, 152539
23662, -23406.00, -23278.70, 152660
23667, -23414.00, -23285.68, 152782
23671, -23422.00, -23292.69, 152903
23675, -23430.00, -23299.71, 153033
23680, -23437.00, -23306.90, 153160
23684, -23445.00, -23314.06, 153289
23688, -23450.00, -23321.14, 153418
23693, -23457.00, -23328.41, 153554
23697, -23463.00, -23335.43, 153687
23702, -23471.00, -23342.48, 153821
23706, -23478.00, -23349.46, 153959
23710, -23487.00, -23356.63, 154101
23715, -23494.00, -23363.86, 154242
23719, -23501.00, -23370.94, 154385
23724, -23505.00, -23377.92, 154530
23728, -23513.00, -23384.83, 154680
23732, -23520.00, -23391.98, 154835
23737, -23528.00, -23399.14, 154992
23741, -23537.00, -23406.33, 155149
23745, -23544.00, -23413.51, 155314
23750, -23551.00, -23420.78, 155480
23754, -23557.00, -23427.87, 155654
23759, -23563.00, -23435.00, 155826
23763, -23570.00, -23441.98, 156003
23767, -23577.00, -23449.02, 156184
23772, -23583.00, -23455.99, 156367
23776, -23592.00, -23462.95, 156555
23780, -23599.00, -23469.93, 156752
23785, -23607.00, -23477.04, 156955
23789, -23612.00, -23484.03, 157164
23793, -23620.00, -23491.04, 157377
23798, -23626.00, -23498.04, 157606
23802, -23634.00, -23505.36, 157833
23807, -23640.00, -23512.29, 158069
23811, -23649.00, -23519.27, 158317
23815, -23656.00, -23526.29, 158569
23820, -23662.00, -23533.31, 158835
23824, -23668.00, -23540.28, 159111
23828, -23673.00, -23547.23, 159396
23833, -23682.00, -23554.51, 159698
23837, -23691.00, -23561.60, 159986
23842, -23697.00, -23568.66, 160275
23846, -23704.00, -23575.64, 160565
23850, -23712.00, -23582.75, 160856
23855, -23719.00, -23589.95, 161136
23859, -23725.00, -23597.01, 161416
23863, -23731.00, -23604.05, 161687
23868, -23738.00, -23611.00, 161958
23872, -23747.00, -23618.33, 162219
23877, -23754.00, -23625.49, 162487
23881, -23763.00, -23632.94, 162734
23886, -23771.00, -23640.09, 162983
23890, -23777.00, -23647.42, 163229
23895, -23784.00, -23654.76, 163461
23899, -23790.00, -23661.78, 163686
23903, -23794.00, -23668.79, 163910
23908, -23803.00, -23675.80, 164129
23912, -23810.00, -23682.86, 164339
23917, -23818.00, -23689.83, 164549
23921, -23825.00, -23696.87, 164752
23925, -23833.00, -23703.89, 164951
23930, -23838.00, -23710.82, 165149
23934, -23846.00, -23717.79, 165343
23938, -23850.00, -23724.76, 165532
23943, -23858.00, -23731.61, 165719
23947, -23865.00, -23738.65, 165910
23952, -23874.00, -23745.71, 166091
23956, -23881.00, -23752.72, 166274
23960, -23886.00, -23759.67, 166453
23965, -23894.00, -23766.66, 166630
23969, -23898.00, -23773.54, 166809
23974, -23905.00, -23780.61, 166981
23978, -23913.00, -23787.52, 167154
23982, -23922.00, -23794.57, 167324
23987, -23929.00, -23801.57, 167498
23991, -23935.00, -23808.77, 167661
23996, -23943.00, -23815.65, 167825
24000, -23950.00, -23822.60, 167987
24004, -23956.00, -23829.51, 168149
24009, -23960.00, -23836.35, 168309
24013, -23967.00, -23843.13, 168469
24017, -23977.00, -23849.98, 168630
24022, -23985.00, -23857.01, 168784
24026, -23975.00, -23863.53, 168867
24030, -23968.00, -23869.19, 168895
24035, -23963.00, -23874.24, 168881
24039, -23957.00, -23878.77, 168838
24043, -23950.00, -23882.69, 168768
24048, -23943.00, -23886.19, 168676
24052, -23936.00, -23889.03, 168571
24056, -23927.00, -23891.28, 168453
24061, -23922.00, -23893.08, 168325
24065, -23916.00, -23894.46, 168189
24070, -23908.00, -23895.41, 168048
24074, -23903.00, -23895.95, 167900
24078, -23896.00, -23896.14, 167749
24083, -23886.00, -23895.86, 167600
24087, -23881.00, -23895.22, 167445
24091, -23875.00, -23894.31, 167285
24096, -23867.00, -23893.07, 167124
24100, -23862.00, -23891.56, 166960
24105, -23856.00, -23889.81, 166786
24109, -23849.00, -23887.71, 166610
24114, -23841.00, -23885.33, 166433
24118, -23835.00, -23882.74, 166262
24123, -23826.00, -23879.95, 166086
24127, -23819.00, -23876.85, 165904
24131, -23812.00, -23873.51, 165718
24136, -23806.00, -23869.93, 165533
24140, -23800.00, -23866.35, 165349
24145, -23793.00, -23862.63, 165156
24149, -23787.00, -23858.69, 164970
24153, -23781.00, -23854.76, 164775
24158, -23773.00, -23850.54, 164582
24162, -23767.00, -23846.32, 164385
24166, -23759.00, -23841.91, 164185
24171, -23753.00, -23837.43, 163981
24175, -23747.00, -23832.82, 163774
24179, -23740.00, -23828.12, 163560
24184, -23736.00, -23823.34, 163342
24188, -23727.00, -23818.42, 163115
24192, -23720.00, -23813.28, 162883
24197, -23712.00, -23808.04, 162646
24201, -23706.00, -23802.76, 162400
24206, -23700.00, -23797.39, 162142
24210, -23694.00, -23791.81, 161890
24215, -23688.00, -23786.44, 161626
24219, -23680.00, -23780.93, 161358
24223, -23673.00, -23775.35, 161079
24228, -23665.00, -23769.62, 160798
24232, -23658.00, -23763.82, 160513
24236, -23652.00, -23758.07, 160231
24241, -23646.00, -23752.28, 159953
24245, -23639.00, -23746.48, 159678
24249, -23633.00, -23740.52, 159403
24254, -23626.00, -23734.53, 159146
24258, -23620.00, -23728.58, 158888
24263, -23610.00, -23722.53, 158631
24267, -23604.00, -23716.11, 158384
24272, -23598.00, -23709.91, 158147
24276, -23592.00, -23703.74, 157922
24280, -23585.00, -23697.68, 157699
24285, -23578.00, -23691.39, 157484
24289, -23571.00, -23685.11, 157281
24293, -23564.00, -23678.84, 157077
24298, -23556.00, -23672.57, 156882
24302, -23548.00, -23666.23, 156693
24306, -23543.00, -23659.90, 156506
24311, -23538.00, -23653.50, 156324
24315, -23530.00, -23647.19, 156147
24319, -23524.00, -23640.74, 155972
24324, -23517.00, -23634.22, 155806
24328, -23509.00, -23627.82, 155636
24333, -23500.00, -23621.07, 155469
24337, -23493.00, -23614.31, 155309
24341, -23488.00, -23607.70, 155152
24346, -23483.00, -23601.13, 155000
24350, -23478.00, -23594.72, 154853
24355, -23468.00, -23588.25, 154707
24359, -23463.00, -23581.65, 154564
24363, -23456.00, -23575.08, 154424
24368, -23447.00, -23568.55, 154286
24372, -23443.00, -23561.96, 154149
24376, -23435.00, -23555.36, 154014
24381, -23428.00, -23548.71, 153883
24385, -23424.00, -23542.08, 153754
24390, -23416.00, -23535.56, 153628
24394, -23410.00, -23528.96, 153502
24398, -23403.00, -23522.38, 153379
24403, -23394.00, -23515.72, 153258
24407, -23387.00, -23509.08, 153137
24412, -23382.00, -23502.24, 153014
24416, -23376.00, -23495.57, 152895
24420, -23370.00, -23488.93, 152780
24425, -23364.00, -23482.39, 152667
24429, -23357.00, -23476.01, 152555
24433, -23350.00, -23469.51, 152443
24438, -23342.00, -23463.04, 152334
24442, -23336.00, -23456.55, 152224
24446, -23330.00, -23450.02, 152117
24451, -23323.00, -23443.54, 152012
24455, -23319.00, -23437.11, 151907
24459, -23309.00, -23430.64, 151803
24464, -23303.00, -23424.08, 151695
24468, -23297.00, -23417.44, 151591
24472, -23290.00, -23410.90, 151485
24477, -23286.00, -23404.35, 151380
24481, -23280.00, -23397.95, 151279
24485, -23274.00, -23391.57, 151175
24489, -23266.00, -23385.19, 151072
24494, -23259.00, -23378.74, 150969
24498, -23252.00, -23372.30, 150865
24502, -23246.00, -23365.77, 150758
24507, -23240.00, -23359.14, 150653
24511, -23234.00, -23352.63, 150548
24516, -23228.00, -23346.10, 150446
24520, -23222.00, -23339.78, 150343
24524, -23214.00, -23333.34, 150241
24528, -23209.00, -23326.94, 150137
24533, -23200.00, -23320.48, 150034
24537, -23195.00, -23313.93, 149927
24541, -23190.00, -23307.49, 149821
24546, -23184.00, -23301.04, 149719
24550, -23178.00, -23294.74, 149614
24554, -23170.00, -23288.39, 149510
24559, -23164.00, -23282.01, 149404
24563, -23158.00, -23275.69, 149296
24567, -23150.00, -23269.27, 149189
24572, -23146.00, -23262.88, 149081
24576, -23140.00, -23256.56, 148972
24580, -23132.00, -23250.18, 148863
24584, -23126.00, -23243.84, 148753
24589, -23119.00, -23237.43, 148641
24593, -23111.00, -23230.95, 148526
24598, -23105.00, -23224.33, 148411
24602, -23103.00, -23218.00, 148296
24606, -23094.00, -23211.66, 148181
24610, -23088.00, -23205.32, 148065
24615, -23082.00, -23199.00, 147945
24619, -23074.00, -23192.58, 147826
24623, -23067.00, -23186.18, 147702
24628, -23061.00, -23179.70, 147575
24632, -23056.00, -23173.19, 147446
24636, -23049.00, -23166.74, 147318
24641, -23044.00, -23160.43, 147190
24645, -23036.00, -23154.12, 147059
24649, -23029.00, -23147.72, 146925
24654, -23022.00, -23141.29, 146785
24658, -23017.00, -23134.81, 146645
24662, -23011.00, -23128.41, 146501
24667, -23005.00, -23122.07, 146355
24671, -22998.00, -23115.66, 146204
24675, -22992.00, -23109.13, 146054
24680, -22986.00, -23102.80, 145900
24684, -22978.00, -23096.36, 145740
24688, -22971.00, -23089.89, 145577
24693, -22964.00, -23083.44, 145408
24697, -22961.00, -23076.91, 145239
24701, -22953.00, -23070.55, 145067
24706, -22948.00, -23064.13, 144890
24710, -22940.00, -23057.78, 144710
24714, -22934.00, -23051.38, 144521
24719, -22926.00, -23044.90, 144328
24723, -22922.00, -23038.49, 144134
24727, -22915.00, -23032.15, 143932
24732, -22909.00, -23025.63, 143735
24736, -22902.00, -23019.28, 143541
24741, -22896.00, -23012.97, 143344
24745, -22889.00, -23006.55, 143149
24749, -22881.00, -23000.08, 142957
24754, -22875.00, -22993.68, 142765
24758, -22869.00, -22987.28, 142578
24762, -22864.00, -22980.93, 142389
24767, -22859.00, -22974.40, 142202
24771, -22851.00, -22968.10, 142024
24775, -22844.00, -22961.77, 141846
24780, -22837.00, -22955.37, 141669
24784, -22829.00, -22948.90, 141493
24788, -22824.00, -22942.46, 141322
24792, -22819.00, -22936.13, 141148
24797, -22812.00, -22929.68, 140977
24801, -22805.00, -22923.14, 140810
24806, -22800.00, -22916.72, 140642
24810, -22791.00, -22910.25, 140479
24814, -22785.00, -22903.75, 140316
24819, -22778.00, -22897.31, 140154
24823, -22773.00, -22890.84, 139992
24827, -22764.00, -22884.26, 139827
24832, -22759.00, -22877.54, 139671
24836, -22753.00, -22871.08, 139517
24840, -22746.00, -22864.71, 139360
24845, -22738.00, -22858.09, 139206
24849, -22730.00, -22851.49, 139051
24853, -22725.00, -22844.91, 138894
24858, -22720.00, -22838.35, 138742
24862, -22712.00, -22831.87, 138589
24867, -22706.00, -22825.25, 138438
24871, -22699.00, -22818.79, 138286
24875, -22692.00, -22812.25, 138138
24880, -22683.00, -22805.67, 137985
24884, -22678.00, -22799.04, 137832
24888, -22672.00, -22792.39, 137678
24893, -22666.00, -22785.76, 137529
24897, -22660.00, -22779.29, 137381
24901, -22654.00, -22772.84, 137232
24906, -22645.00, -22766.32, 137083
24910, -22637.00, -22759.67, 136932
24914, -22630.00, -22753.00, 136778
24919, -22624.00, -22746.29, 136628
24923, -22619.00, -22739.73, 136478
24927, -22613.00, -22733.25, 136323
24932, -22607.00, -22726.59, 136171
24936, -22600.00, -22720.06, 136020
24940, -22594.00, -22713.60, 135868
24945, -22585.00, -22707.02, 135715
24949, -22578.00, -22700.36, 135560
24953, -22573.00, -22693.77, 135404
24958, -22566.00, -22687.12, 135247
24962, -22559.00, -22680.54, 135090
24966, -22552.00, -22673.62, 134925
24971, -22545.00, -22667.05, 134766
24975, -22538.00, -22660.44, 134604
24979, -22531.00, -22653.67, 134436
24984, -22524.00, -22646.97, 134269
24988, -22519.00, -22640.31, 134102
24992, -22512.00, -22633.73, 133926
24997, -22508.00, -22626.94, 133754
25001, -22500.00, -22620.39, 133582
25006, -22492.00, -22613.81, 133406
25010, -22484.00, -22607.11, 133224
25014, -22478.00, -22600.30, 133034
25019, -22473.00, -22593.49, 132849
25023, -22467.00, -22586.96, 132658
25028, -22459.00, -22580.26, 132467
25032, -22453.00, -22573.56, 132269
25036, -22447.00, -22566.83, 132073
25041, -22439.00, -22560.25, 131872
25045, -22432.00, -22553.66, 131661
25050, -22425.00, -22546.79, 131445
25054, -22420.00, -22540.07, 131227
25058, -22411.00, -22533.41, 131000
25063, -22407.00, -22526.57, 130775
25067, -22399.00, -22519.92, 130539
25072, -22393.00, -22513.19, 130283
25076, -22384.00, -22506.06, 130035
25081, -22379.00, -22499.23, 129779
25085, -22371.00, -22492.61, 129518
25090, -22364.00, -22485.98, 129250
25094, -22359.00, -22479.35, 128966
25098, -22352.00, -22472.56, 128684
25103, -22347.00, -22466.01, 128396
25107, -22340.00, -22459.54, 128096
25112, -22333.00, -22452.90, 127789
25116, -22326.00, -22446.13, 127489
25120, -22318.00, -22439.54, 127196
25125, -22313.00, -22433.02, 126899
25129, -22306.00, -22426.29, 126616
25133, -22301.00, -22419.79, 126338
25138, -22295.00, -22413.30, 126075
25142, -22289.00, -22406.97, 125807
25147, -22280.00, -22400.20, 125546
25151, -22272.00, -22393.43, 125291
25156, -22266.00, -22386.61, 125040
25160, -22260.00, -22379.74, 124804
25164, -22251.00, -22373.04, 124574
25169, -22247.00, -22366.29, 124357
25173, -22241.00, -22359.80, 124147
25178, -22236.00, -22353.36, 123945
25182, -22227.00, -22346.93, 123747
25186, -22222.00, -22340.40, 123557
25191, -22214.00, -22333.96, 123369
25195, -22207.00, -22327.39, 123185
25199, -22202.00, -22320.78, 123006
25204, -22195.00, -22314.25, 122833
25208, -22190.00, -22307.71, 122662
25212, -22182.00, -22301.19, 122498
25217, -22177.00, -22294.76, 122337
25221, -22169.00, -22288.26, 122179
25225, -22164.00, -22281.79, 122026
25230, -22157.00, -22275.37, 121875
25234, -22152.00, -22269.01, 121728
25239, -22144.00, -22262.51, 121582
25243, -22139.00, -22256.14, 121434
25247, -22133.00, -22249.43, 121293
25252, -22126.00, -22243.04, 121155
25256, -22117.00, -22236.52, 121019
25260, -22111.00, -22229.99, 120885
25265, -22106.00, -22223.29, 120748
25270, -22100.00, -22216.64, 120617
25274, -22094.00, -22210.32, 120490
25278, -22087.00, -22203.90, 120365
25283, -22082.00, -22197.49, 120244
25287, -22074.00, -22191.14, 120123
25291, -22066.00, -22184.72, 120000
25296, -22061.00, -22178.00, 119879
25300, -22056.00, -22171.62, 119764
25305, -22050.00, -22165.36, 119649
25309, -22045.00, -22159.16, 119537
25313, -22038.00, -22152.97, 119425
25317, -22032.00, -22146.65, 119318
25322, -22024.00, -22140.44, 119205
25326, -22019.00, -22133.87, 119090
25331, -22013.00, -22127.18, 118982
25335, -22007.00, -22120.98, 118875
25340, -22001.00, -22114.83, 118769
25344, -21997.00, -22108.70, 118660
25348, -21988.00, -22102.46, 118554
25353, -21982.00, -22096.25, 118447
25357, -21976.00, -22090.02, 118341
25361, -21969.00, -22083.80, 118233
25366, -21963.00, -22077.32, 118124
25370, -21957.00, -22071.08, 118019
25374, -21952.00, -22064.95, 117911
25379, -21947.00, -22058.67, 117807
25383, -21942.00, -22052.63, 117703
25388, -21934.00, -22046.45, 117596
25392, -21927.00, -22040.21, 117491
25396, -21921.00, -22033.91, 117387
25401, -21916.00, -22027.72, 117282
25405, -21909.00, -22021.55, 117175
25410, -21902.00, -22015.30, 117070
25414, -21897.00, -22009.14, 116966
25418, -21894.00, -22003.08, 116863
25423, -21886.00, -21997.15, 116759
25427, -21880.00, -21991.09, 116654
25431, -21873.00, -21984.99, 116542
25436, -21867.00, -21978.57, 116433
25440, -21860.00, -21972.33, 116326
25445, -21857.00, -21966.37, 116217
25449, -21850.00, -21960.39, 116110
25453, -21844.00, -21954.46, 116001
25457, -21838.00, -21948.51, 115890
25462, -21829.00, -21942.44, 115777
25466, -21825.00, -21936.29, 115663
25470, -21820.00, -21930.24, 115547
25475, -21814.00, -21924.18, 115433
25479, -21808.00, -21918.23, 115316
25484, -21802.00, -21912.20, 115196
25488, -21795.00, -21905.92, 115076
25492, -21788.00, -21899.79, 114955
25497, -21781.00, -21893.44, 114827
25501, -21775.00, -21887.29, 114699
25506, -21768.00, -21880.99, 114572
25510, -21764.00, -21874.90, 114443
25514, -21759.00, -21868.88, 114312
25519, -21752.00, -21862.85, 114182
25523, -21746.00, -21856.85, 114046
25527, -21739.00, -21850.71, 113906
25532, -21733.00, -21844.47, 113763
25536, -21726.00, -21838.31, 113621
25541, -21719.00, -21832.16, 113475
25545, -21714.00, -21826.08, 113325
25549, -21710.00, -21819.98, 113174
25554, -21702.00, -21813.93, 113021
25558, -21696.00, -21807.91, 112861
25562, -21689.00, -21801.77, 112698
25567, -21682.00, -21795.61, 112529
25571, -21675.00, -21789.44, 112354
25575, -21671.00, -21783.15, 112172
25580, -21665.00, -21776.99, 111988
25584, -21658.00, -21770.81, 111799
25588, -21653.00, -21764.67, 111608
25593, -21646.00, -21758.56, 111406
25597, -21637.00, -21752.24, 111204
25602, -21631.00, -21745.90, 110985
25606, -21624.00, -21739.16, 110775
25611, -21616.00, -21732.65, 110560
25615, -21611.00, -21725.66, 110334
25620, -21605.00, -21718.95, 110130
25625, -21597.00, -21712.59, 109920
25629, -21591.00, -21705.87, 109718
25634, -21585.00, -21699.41, 109524
25638, -21577.00, -21693.03, 109330
25643, -21569.00, -21686.54, 109134
25647, -21561.00, -21679.82, 108947
25651, -21555.00, -21673.30, 108759
25656, -21549.00, -21666.80, 108578
25660, -21543.00, -21660.47, 108400
25664, -21536.00, -21654.08, 108222
25669, -21529.00, -21647.65, 108046
25673, -21522.00, -21641.16, 107872
25677, -21513.00, -21634.62, 107695
25682, -21508.00, -21627.92, 107523
25686, -21501.00, -21621.35, 107353
25691, -21494.00, -21614.74, 107180
25695, -21487.00, -21608.02, 107012
25699, -21482.00, -21601.33, 106844
25704, -21474.00, -21594.74, 106672
25708, -21465.00, -21587.71, 106503
25713, -21459.00, -21580.92, 106336
25717, -21450.00, -21574.04, 106173
25722, -21443.00, -21567.25, 106008
25726, -21437.00, -21560.33, 105842
25730, -21431.00, -21553.49, 105683
25735, -21423.00, -21546.77, 105525
25739, -21416.00, -21540.01, 105366
25744, -21410.00, -21533.15, 105204
25748, -21401.00, -21526.23, 105045
25752, -21395.00, -21519.37, 104884
25757, -21386.00, -21512.34, 104729
25761, -21380.00, -21505.49, 104569
25766, -21375.00, -21498.61, 104411
25770, -21366.00, -21491.76, 104258
25774, -21360.00, -21484.90, 104101
25779, -21354.00, -21478.09, 103946
25783, -21345.00, -21471.30, 103787
25787, -21338.00, -21464.25, 103626
25792, -21330.00, -21457.14, 103468
25796, -21323.00, -21450.11, 103310
25801, -21316.00, -21443.16, 103156
25805, -21311.00, -21436.38, 103002
25809, -21303.00, -21429.51, 102840
25814, -21294.00, -21422.25, 102683
25818, -21287.00, -21415.28, 102524
25822, -21281.00, -21408.32, 102363
25827, -21272.00, -21401.27, 102200
25831, -21266.00, -21394.16, 102033
25836, -21261.00, -21387.14, 101871
25840, -21252.00, -21380.24, 101705
25844, -21245.00, -21373.17, 101535
25849, -21238.00, -21366.07, 101365
25853, -21230.00, -21358.92, 101188
25857, -21222.00, -21351.78, 101014
25862, -21216.00, -21344.76, 100836
25866, -21209.00, -21337.72, 100655
25871, -21202.00, -21330.54, 100477
25875, -21194.00, -21323.59, 100294
25879, -21187.00, -21316.43, 100098
25884, -21180.00, -21308.89, 99911
25888, -21172.00, -21301.83, 99720
25893, -21164.00, -21294.73, 99527
25897, -21158.00, -21287.70, 99327
25901, -21152.00, -21280.56, 99127
25906, -21144.00, -21273.51, 98927
25910, -21136.00, -21266.40, 98718
25914, -21130.00, -21259.35, 98506
25919, -21122.00, -21252.25, 98293
25923, -21115.00, -21245.15, 98067
25927, -21107.00, -21237.93, 97840
25932, -21101.00, -21230.73, 97605
25936, -21097.00, -21223.73, 97367
25941, -21087.00, -21216.64, 97114
25945, -21080.00, -21209.34, 96865
25949, -21072.00, -21202.18, 96605
25954, -21065.00, -21195.03, 96341
25958, -21056.00, -21187.73, 96063
25963, -21049.00, -21180.24, 95781
25967, -21042.00, -21173.05, 95495
25972, -21033.00, -21165.79, 95205
25976, -21029.00, -21158.46, 94909
25980, -21019.00, -21151.16, 94606
25985, -21013.00, -21143.57, 94328
25989, -21005.00, -21136.42, 94057
25994, -20997.00, -21129.27, 93775
25998, -20989.00, -21121.60, 93518
26003, -20984.00, -21114.50, 93261
26007, -20978.00, -21107.25, 93010
26012, -20972.00, -21099.99, 92772
26016, -20963.00, -21092.93, 92542
26020, -20957.00, -21085.86, 92323
26025, -20950.00, -21078.85, 92093
26029, -20943.00, -21071.42, 91886
26033, -20934.00, -21064.38, 91679
26038, -20926.00, -21057.08, 91478
26042, -20920.00, -21049.85, 91289
26047, -20915.00, -21042.92, 91104
26051, -20908.00, -21035.98, 90920
26055, -20902.00, -21028.94, 90746
26060, -20893.00, -21021.98, 90567
26064, -20885.00, -21014.58, 90397
26069, -20878.00, -21007.41, 90227
26073, -20871.00, -21000.13, 90063
26078, -20865.00, -20992.93, 89905
26082, -20858.00, -20985.97, 89751
26086, -20851.00, -20979.00, 89604
26090, -20846.00, -20972.18, 89457
26095, -20838.00, -20965.13, 89309
26099, -20829.00, -20958.13, 89171
26104, -20822.00, -20951.16, 89029
26108, -20814.00, -20943.99, 88890
26112, -20808.00, -20936.81, 88749
26117, -20801.00, -20929.52, 88616
26121, -20793.00, -20922.45, 88486
26126, -20788.00, -20915.46, 88358
26130, -20780.00, -20908.47, 88232
26134, -20774.00, -20901.56, 88109
26139, -20767.00, -20894.69, 87984
26143, -20759.00, -20887.71, 87861
26147, -20752.00, -20880.52, 87734
26152, -20747.00, -20873.39, 87612
26156, -20739.00, -20866.31, 87493
26161, -20731.00, -20859.27, 87375
26165, -20723.00, -20852.21, 87257
26169, -20717.00, -20845.11, 87143
26174, -20708.00, -20838.11, 87029
26178, -20703.00, -20831.13, 86915
26182, -20696.00, -20824.21, 86804
26187, -20690.00, -20817.32, 86694
26191, -20683.00, -20810.44, 86586
26195, -20675.00, -20803.54, 86479
26199, -20668.00, -20796.63, 86372
26204, -20661.00, -20789.65, 86266
26208, -20655.00, -20782.67, 86159
26212, -20647.00, -20775.74, 86048
26217, -20641.00, -20768.51, 85941
26221, -20634.00, -20761.51, 85836
26226, -20627.00, -20754.49, 85727
26230, -20619.00, -20747.39, 85621
26235, -20613.00, -20740.11, 85512
26239, -20605.00, -20733.17, 85404
26243, -20599.00, -20726.06, 85298
26248, -20591.00, -20719.10, 85194
26252, -20586.00, -20712.25, 85089
26256, -20580.00, -20705.40, 84986
26261, -20573.00, -20698.59, 84879
26265, -20563.00, -20691.56, 84776
26269, -20557.00, -20684.59, 84671
26274, -20550.00, -20677.62, 84564
26278, -20544.00, -20670.65, 84457
26282, -20538.00, -20663.76, 84351
26287, -20531.00, -20656.86, 84244
26291, -20523.00, -20649.96, 84140
26295, -20516.00, -20643.15, 84032
26300, -20509.00, -20636.15, 83923
26304, -20502.00, -20629.20, 83811
26309, -20495.00, -20622.07, 83701
26313, -20489.00, -20615.08, 83592
26317, -20483.00, -20608.25, 83480
26322, -20476.00, -20601.43, 83369
26326, -20470.00, -20594.59, 83258
26330, -20462.00, -20587.87, 83143
26335, -20456.00, -20581.02, 83030
26339, -20448.00, -20574.23, 82914
26343, -20440.00, -20567.41, 82794
26348, -20436.00, -20560.35, 82677
26352, -20429.00, -20553.56, 82560
26356, -20422.00, -20546.82, 82439
26361, -20416.00, -20539.97, 82318
26365, -20408.00, -20533.15, 82191
26369, -20400.00, -20526.00, 82064
26374, -20394.00, -20518.97, 81937
26378, -20388.00, -20512.12, 81807
26383, -20380.00, -20505.27, 81674
26387, -20374.00, -20498.29, 81541
26392, -20368.00, -20491.45, 81407
26396, -20361.00, -20484.69, 81273
26400, -20354.00, -20478.03, 81129
26405, -20348.00, -20471.08, 80988
26409, -20342.00, -20464.38, 80843
26413, -20334.00, -20457.61, 80696
26418, -20327.00, -20450.93, 80548
26422, -20322.00, -20444.30, 80394
26426, -20315.00, -20437.60, 80239
26431, -20308.00, -20430.91, 80083
26435, -20301.00, -20424.26, 79917
26439, -20295.00, -20417.57, 79752
26444, -20288.00, -20410.94, 79582
26448, -20283.00, -20404.32, 79409
26452, -20276.00, -20397.73, 79230
26457, -20270.00, -20391.15, 79045
26461, -20263.00, -20384.48, 78855
26465, -20255.00, -20377.78, 78662
26470, -20248.00, -20370.93, 78464
26474, -20243.00, -20364.09, 78267
26478, -20236.00, -20357.51, 78071
26483, -20229.00, -20350.83, 77867
26487, -20223.00, -20343.88, 77675
26492, -20217.00, -20337.27, 77485
26496, -20210.00, -20330.67, 77295
26500, -20203.00, -20324.12, 77110
26505, -20196.00, -20317.55, 76924
26509, -20189.00, -20310.83, 76734
26514, -20184.00, -20304.10, 76553
26518, -20178.00, -20297.55, 76378
26522, -20170.00, -20291.08, 76203
26527, -20164.00, -20284.47, 76032
26531, -20158.00, -20277.99, 75859
26535, -20149.00, -20271.31, 75690
26540, -20145.00, -20264.75, 75522
26544, -20138.00, -20257.97, 75349
26548, -20132.00, -20251.39, 75184
26553, -20124.00, -20244.75, 75020
26557, -20118.00, -20238.07, 74859
26562, -20113.00, -20231.58, 74700
26566, -20103.00, -20224.99, 74540
26570, -20098.00, -20218.33, 74384
26575, -20090.00, -20211.75, 74226
26579, -20085.00, -20205.04, 74071
26583, -20079.00, -20198.51, 73916
26588, -20072.00, -20191.88, 73761
26592, -20067.00, -20185.22, 73606
26597, -20059.00, -20178.55, 73455
26601, -20054.00, -20172.07, 73302
26606, -20045.00, -20165.31, 73146
26610, -20039.00, -20158.38, 72992
26615, -20033.00, -20151.71, 72845
26619, -20027.00, -20145.23, 72695
26623, -20021.00, -20138.76, 72542
26628, -20013.00, -20131.94, 72394
26632, -20007.00, -20125.44, 72249
26637, -20000.00, -20118.98, 72107
26641, -19993.00, -20112.47, 71955
26646, -19987.00, -20105.62, 71808
26650, -19979.00, -20099.03, 71654
26654, -19975.00, -20092.27, 71508
26659, -19967.00, -20085.91, 71365
26663, -19962.00, -20079.51, 71218
26667, -19954.00, -20073.03, 71074
26672, -19949.00, -20066.63, 70925
26676, -19941.00, -20060.05, 70778
26681, -19935.00, -20053.52, 70630
26685, -19930.00, -20047.09, 70481
26689, -19922.00, -20040.55, 70332
26694, -19914.00, -20033.75, 70178
26698, -19910.00, -20027.24, 70034
26702, -19905.00, -20020.94, 69886
26707, -19898.00, -20014.60, 69736
26711, -19891.00, -20008.18, 69588
26715, -19883.00, -20001.82, 69436
26720, -19877.00, -19995.38, 69280
26724, -19871.00, -19988.82, 69124
26729, -19864.00, -19982.37, 68969
26733, -19859.00, -19975.72, 68806
26737, -19852.00, -19969.36, 68646
26742, -19848.00, -19962.96, 68478
26746, -19839.00, -19956.39, 68313
26751, -19833.00, -19950.02, 68145
26755, -19828.00, -19943.67, 67977
26759, -19822.00, -19937.43, 67807
26764, -19816.00, -19931.18, 67634
26768, -19810.00, -19924.92, 67458
26772, -19803.00, -19918.61, 67280
26777, -19796.00, -19912.29, 67097
26781, -19789.00, -19905.87, 66901
26786, -19784.00, -19899.17, 66706
26790, -19777.00, -19892.61, 66509
26795, -19772.00, -19886.22, 66309
26799, -19765.00, -19879.90, 66110
26803, -19758.00, -19873.59, 65906
26808, -19753.00, -19867.17, 65691
26812, -19747.00, -19860.80, 65481
26816, -19738.00, -19854.59, 65264
26821, -19733.00, -19848.27, 65037
26825, -19726.00, -19841.86, 64807
26830, -19720.00, -19835.47, 64570
26834, -19713.00, -19829.12, 64325
26838, -19709.00, -19822.78, 64071
26843, -19702.00, -19816.40, 63817
26847, -19695.00, -19810.16, 63559
26851, -19689.00, -19803.95, 63289
26856, -19683.00, -19797.66, 63009
26860, -19678.00, -19791.45, 62726
26864, -19672.00, -19785.29, 62434
26869, -19665.00, -19779.01, 62139
26873, -19659.00, -19772.74, 61852
26878, -19653.00, -19766.52, 61554
26882, -19646.00, -19760.12, 61268
26886, -19640.00, -19753.82, 60982
26891, -19632.00, -19747.33, 60704
26895, -19626.00, -19740.82, 60441
26900, -19622.00, -19734.66, 60184
26904, -19616.00, -19728.45, 59938
26908, -19610.00, -19722.37, 59695
26913, -19603.00, -19716.16, 59460
26917, -19596.00, -19709.92, 59235
26922, -19589.00, -19703.71, 59012
26926, -19582.00, -19697.37, 58798
26930, -19578.00, -19691.16, 58588
26935, -19572.00, -19684.89, 58383
26939, -19566.00, -19678.72, 58191
26943, -19559.00, -19672.54, 57999
26948, -19554.00, -19666.41, 57816
26952, -19547.00, -19660.25, 57634
26956, -19541.00, -19653.96, 57455
26961, -19534.00, -19647.80, 57278
26965, -19529.00, -19641.50, 57109
26970, -19522.00, -19635.27, 56939
26974, -19516.00, -19628.91, 56774
26979, -19509.00, -19622.58, 56617
26983, -19504.00, -19616.44, 56464
26987, -19498.00, -19610.34, 56312
26991, -19492.00, -19604.26, 56162
26996, -19487.00, -19598.10, 56018
27000, -19480.00, -19592.12, 55870
27005, -19474.00, -19585.88, 55729
27009, -19469.00, -19579.72, 55583
27014, -19461.00, -19573.34, 55444
27018, -19454.00, -19567.10, 55309
27022, -19449.00, -19561.02, 55177
27027, -19442.00, -19554.94, 55043
27031, -19437.00, -19548.79, 54914
27035, -19431.00, -19542.71, 54786
27040, -19426.00, -19536.66, 54656
27044, -19420.00, -19530.56, 54526
27048, -19412.00, -19524.31, 54402
27053, -19407.00, -19518.20, 54279
27057, -19402.00, -19512.21, 54155
27061, -19394.00, -19506.07, 54034
27066, -19389.00, -19500.02, 53915
27070, -19382.00, -19494.04, 53797
27074, -19376.00, -19487.97, 53680
27079, -19370.00, -19481.87, 53566
27083, -19364.00, -19475.85, 53450
27087, -19358.00, -19469.79, 53333
27092, -19352.00, -19463.63, 53219
27096, -19347.00, -19457.67, 53103
27100, -19340.00, -19451.64, 52986
27105, -19334.00, -19445.40, 52870
27109, -19329.00, -19439.31, 52754
27113, -19322.00, -19433.17, 52638
27118, -19315.00, -19427.04, 52523
27122, -19308.00, -19420.87, 52404
27127, -19302.00, -19414.47, 52288
27131, -19298.00, -19408.37, 52172
27135, -19291.00, -19402.31, 52055
27140, -19283.00, -19396.11, 51937
27144, -19279.00, -19389.79, 51823
27149, -19273.00, -19383.71, 51710
27153, -19266.00, -19377.63, 51592
27157, -19260.00, -19371.51, 51475
27162, -19254.00, -19365.26, 51357
27166, -19248.00, -19359.09, 51240
27171, -19243.00, -19353.04, 51122
27175, -19236.00, -19346.77, 50999
27180, -19231.00, -19340.54, 50883
27184, -19225.00, -19334.63, 50767
27188, -19219.00, -19328.68, 50648
27193, -19212.00, -19322.57, 50528
27197, -19208.00, -19316.55, 50406
27201, -19200.00, -19310.62, 50285
27206, -19196.00, -19304.67, 50164
27210, -19189.00, -19298.69, 50039
27214, -19184.00, -19292.74, 49916
27219, -19178.00, -19286.79, 49785
27223, -19171.00, -19280.58, 49652
27228, -19165.00, -19274.34, 49521
27232, -19158.00, -19268.26, 49390
27237, -19154.00, -19262.29, 49257
27241, -19147.00, -19256.34, 49120
27245, -19142.00, -19250.35, 48985
27250, -19136.00, -19244.42, 48847
27254, -19130.00, -19238.47, 48697
27259, -19123.00, -19232.18, 48541
27263, -19117.00, -19225.71, 48388
27268, -19110.00, -19219.38, 48234
27272, -19104.00, -19213.33, 48080
27277, -19099.00, -19207.35, 47922
27281, -19093.00, -19201.32, 47758
27286, -19088.00, -19195.25, 47594
27290, -19082.00, -19189.34, 47427
27294, -19075.00, -19183.33, 47260
27299, -19070.00, -19177.50, 47090
27303, -19064.00, -19171.65, 46914
27307, -19057.00, -19165.72, 46732
27312, -19051.00, -19159.82, 46546
27316, -19046.00, -19153.90, 46356
27320, -19041.00, -19148.04, 46164
27325, -19034.00, -19142.23, 45964
27329, -19028.00, -19136.29, 45767
27333, -19023.00, -19130.46, 45562
27338, -19016.00, -19124.40, 45357
27342, -19009.00, -19118.35, 45147
27347, -19004.00, -19112.08, 44945
27351, -19000.00, -19106.22, 44748
27356, -18994.00, -19100.40, 44549
27360, -18988.00, -19094.44, 44356
27364, -18981.00, -19088.51, 44165
27369, -18976.00, -19082.57, 43977
27373, -18968.00, -19076.57, 43785
27378, -18963.00, -19070.36, 43604
27382, -18958.00, -19064.52, 43425
27387, -18951.00, -19058.64, 43251
27391, -18946.00, -19052.81, 43079
27395, -18942.00, -19047.02, 42913
27400, -18935.00, -19041.29, 42746
27404, -18930.00, -19035.52, 42578
27408, -18923.00, -19029.65, 42416
27413, -18917.00, -19023.85, 42248
27417, -18912.00, -19017.86, 42087
27421, -18905.00, -19012.04, 41923
27426, -18902.00, -19006.11, 41763
27430, -18894.00, -19000.25, 41607
27435, -18890.00, -18994.46, 41450
27439, -18882.00, -18988.54, 41297
27444, -18876.00, -18982.74, 41147
27448, -18870.00, -18976.92, 40996
27452, -18865.00, -18971.10, 40845
27457, -18860.00, -18965.36, 40690
27461, -18852.00, -18959.33, 40542
27465, -18849.00, -18953.53, 40394
27470, -18842.00, -18947.73, 40246
27474, -18835.00, -18941.89, 40101
27478, -18830.00, -18936.13, 39953
27483, -18823.00, -18930.28, 39805
27487, -18817.00, -18924.35, 39640
27492, -18811.00, -18917.76, 39496
27496, -18806.00, -18912.02, 39351
27501, -18799.00, -18906.20, 39208
27505, -18794.00, -18900.42, 39066
27509, -18788.00, -18894.68, 38919
27514, -18781.00, -18888.78, 38776
27518, -18774.00, -18882.92, 38632
27522, -18768.00, -18877.08, 38487
27527, -18763.00, -18871.18, 38342
27531, -18759.00, -18865.36, 38198
27535, -18753.00, -18859.57, 38052
27540, -18745.00, -18853.70, 37905
27544, -18740.00, -18847.74, 37751
27549, -18732.00, -18841.50, 37604
27553, -18726.00, -18835.50, 37456
27557, -18721.00, -18829.47, 37294
27562, -18715.00, -18822.93, 37149
27566, -18707.00, -18817.02, 37001
27571, -18703.00, -18811.13, 36854
27575, -18697.00, -18805.26, 36706
27579, -18691.00, -18799.33, 36555
27584, -18685.00, -18793.45, 36398
27588, -18678.00, -18787.29, 36243
27593, -18672.00, -18781.31, 36087
27597, -18665.00, -18775.24, 35931
27601, -18661.00, -18769.32, 35771
27606, -18654.00, -18763.28, 35612
27610, -18648.00, -18757.29, 35447
27615, -18642.00, -18751.22, 35283
27619, -18634.00, -18745.13, 35118
27623, -18629.00, -18739.19, 34950
27628, -18624.00, -18733.19, 34779
27632, -18617.00, -18727.20, 34607
27636, -18612.00, -18721.24, 34433
27641, -18605.00, -18715.24, 34258
27645, -18599.00, -18709.29, 34080
27649, -18593.00, -18703.27, 33897
27654, -18586.00, -18697.24, 33707
27658, -18580.00, -18691.14, 33506
27663, -18574.00, -18684.73, 33310
27667, -18568.00, -18678.64, 33112
27671, -18561.00, -18672.46, 32909
27676, -18555.00, -18666.41, 32702
27680, -18548.00, -18660.22, 32489
27684, -18542.00, -18654.06, 32273
27689, -18535.00, -18647.93, 32051
27693, -18529.00, -18641.76, 31826
27697, -18523.00, -18635.63, 31594
27702, -18517.00, -18629.45, 31356
27706, -18512.00, -18623.35, 31116
27710, -18505.00, -18617.26, 30862
27715, -18498.00, -18611.08, 30607
27719, -18491.00, -18604.92, 30344
27723, -18485.00, -18598.75, 30069
27728, -18480.00, -18592.49, 29793
27732, -18473.00, -18586.31, 29512
27737, -18467.00, -18580.13, 29232
27741, -18461.00, -18573.91, 28951
27745, -18456.00, -18567.71, 28682
27750, -18448.00, -18561.66, 28414
27754, -18441.00, -18555.47, 28150
27758, -18435.00, -18549.26, 27890
27763, -18430.00, -18542.94, 27643
27767, -18424.00, -18536.79, 27401
27771, -18416.00, -18530.62, 27168
27776, -18410.00, -18524.45, 26941
27780, -18402.00, -18518.18, 26717
27784, -18396.00, -18511.84, 26503
27789, -18390.00, -18505.59, 26292
27793, -18383.00, -18499.27, 26087
27797, -18378.00, -18492.93, 25888
27802, -18372.00, -18486.63, 25698
27806, -18366.00, -18480.48, 25509
27810, -18358.00, -18474.14, 25329
27815, -18352.00, -18467.90, 25154
27819, -18345.00, -18461.67, 24981
27823, -18340.00, -18455.45, 24812
27827, -18334.00, -18449.16, 24648
27832, -18328.00, -18442.89, 24475
27836, -18322.00, -18436.28, 24318
27841, -18314.00, -18430.05, 24165
27845, -18308.00, -18423.72, 24013
27849, -18302.00, -18417.48, 23863
27854, -18295.00, -18411.15, 23719
27858, -18290.00, -18404.85, 23574
27862, -18283.00, -18398.56, 23435
27867, -18277.00, -18392.27, 23296
27871, -18271.00, -18385.98, 23162
27875, -18265.00, -18379.69, 23029
27880, -18257.00, -18373.45, 22899
27884, -18251.00, -18367.14, 22770
27888, -18245.00, -18360.81, 22645
27893, -18240.00, -18354.58, 22519
27897, -18234.00, -18348.28, 22396
27901, -18228.00, -18342.05, 22275
27906, -18221.00, -18335.77, 22158
27910, -18214.00, -18329.60, 22040
27914, -18208.00, -18323.30, 21924
27919, -18202.00, -18317.10, 21808
27923, -18194.00, -18310.75, 21692
27927, -18189.00, -18304.35, 21577
27932, -18183.00, -18297.99, 21466
27936, -18177.00, -18291.72, 21354
27941, -18170.00, -18285.41, 21245
27945, -18164.00, -18279.11, 21135
27949, -18159.00, -18272.90, 21028
27953, -18152.00, -18266.73, 20923
27958, -18147.00, -18260.61, 20819
27962, -18141.00, -18254.45, 20716
27966, -18133.00, -18248.24, 20612
27971, -18129.00, -18242.05, 20507
27975, -18121.00, -18235.83, 20404
27979, -18115.00, -18229.63, 20302
27984, -18109.00, -18223.40, 20197
27988, -18103.00, -18217.13, 20094
27992, -18098.00, -18210.88, 19993
27997, -18094.00, -18204.86, 19891
28001, -18085.00, -18198.71, 19788
28005, -18079.00, -18192.49, 19687
28010, -18074.00, -18186.32, 19584
28014, -18067.00, -18180.20, 19482
28018, -18063.00, -18174.07, 19381
28023, -18054.00, -18167.96, 19279
28027, -18052.00, -18161.90, 19191
28031, -18059.00, -18156.27, 19150
28036, -18068.00, -18151.33, 19145
28040, -18073.00, -18147.08, 19168
28044, -18080.00, -18143.31, 19211
28049, -18087.00, -18140.15, 19268
28053, -18092.00, -18137.42, 19338
28057, -18098.00, -18135.16, 19418
28062, -18105.00, -18133.33, 19504
28066, -18112.00, -18132.02, 19594
28071, -18120.00, -18131.18, 19690
28075, -18126.00, -18130.75, 19790
28079, -18133.00, -18130.68, 19890
28083, -18139.00, -18130.96, 19994
28088, -18144.00, -18131.52, 20097
28092, -18152.00, -18132.39, 20202
28096, -18159.00, -18133.61, 20309
28101, -18165.00, -18135.13, 20416
28105, -18173.00, -18136.95, 20528
28110, -18178.00, -18139.06, 20638
28114, -18185.00, -18141.31, 20748
28118, -18190.00, -18143.76, 20860
28123, -18198.00, -18146.44, 20972
28127, -18204.00, -18149.33, 21085
28131, -18211.00, -18152.40, 21203
28136, -18218.00, -18155.74, 21322
28140, -18225.00, -18159.30, 21445
28145, -18232.00, -18163.07, 21565
28149, -18237.00, -18166.88, 21685
28153, -18244.00, -18170.78, 21807
28158, -18252.00, -18174.88, 21929
28162, -18260.00, -18179.18, 22056
28166, -18266.00, -18183.65, 22185
28171, -18274.00, -18188.32, 22317
28175, -18279.00, -18193.06, 22450
28180, -18286.00, -18197.87, 22585
28184, -18292.00, -18202.79, 22722
28188, -18300.00, -18207.78, 22858
28193, -18306.00, -18212.81, 22996
28197, -18314.00, -18217.93, 23135
28201, -18322.00, -18223.17, 23279
28206, -18326.00, -18228.47, 23428
28210, -18332.00, -18233.84, 23576
28214, -18339.00, -18239.15, 23728
28219, -18346.00, -18244.61, 23885
28223, -18351.00, -18250.18, 24046
28228, -18360.00, -18256.19, 24219
28232, -18369.00, -18261.98, 24387
28236, -18375.00, -18267.79, 24558
28241, -18380.00, -18273.63, 24738
28245, -18388.00, -18279.62, 24929
28250, -18395.00, -18285.95, 25115
28254, -18402.00, -18291.93, 25306
28258, -18408.00, -18297.96, 25512
28263, -18417.00, -18304.41, 25714
28267, -18423.00, -18310.60, 25925
28272, -18430.00, -18316.83, 26144
28276, -18438.00, -18323.18, 26368
28281, -18443.00, -18329.47, 26602
28285, -18449.00, -18335.81, 26844
28289, -18455.00, -18342.03, 27093
28294, -18463.00, -18348.32, 27347
28298, -18470.00, -18354.58, 27607
28303, -18476.00, -18360.88, 27884
28307, -18486.00, -18367.33, 28168
28311, -18492.00, -18373.88, 28463
28316, -18498.00, -18380.28, 28760
28320, -18504.00, -18386.70, 29060
28324, -18510.00, -18393.14, 29357
28329, -18517.00, -18399.66, 29650
28333, -18525.00, -18406.19, 29937
28338, -18531.00, -18412.68, 30222
28342, -18538.00, -18419.25, 30508
28346, -18545.00, -18425.93, 30782
28351, -18553.00, -18432.56, 31061
28355, -18561.00, -18439.49, 31322
28360, -18566.00, -18446.20, 31575
28364, -18573.00, -18452.75, 31820
28369, -18579.00, -18459.29, 32065
28373, -18585.00, -18466.00, 32302
28377, -18592.00, -18472.66, 32533
28382, -18600.00, -18479.34, 32770
28386, -18606.00, -18486.26, 32995
28391, -18613.00, -18492.98, 33210
28395, -18618.00, -18499.54, 33418
28400, -18626.00, -18506.03, 33622
28404, -18632.00, -18512.54, 33827
28408, -18640.00, -18519.24, 34024
28413, -18647.00, -18525.84, 34218
28417, -18653.00, -18532.38, 34408
28421, -18659.00, -18538.87, 34601
28426, -18666.00, -18545.54, 34789
28430, -18672.00, -18552.22, 34973
28434, -18678.00, -18558.68, 35152
28439, -18683.00, -18565.28, 35336
28443, -18691.00, -18571.87, 35509
28448, -18698.00, -18578.41, 35682
28452, -18705.00, -18584.83, 35852
28456, -18711.00, -18591.36, 36019
28461, -18716.00, -18597.79, 36186
28465, -18723.00, -18604.23, 36349
28469, -18731.00, -18610.71, 36510
28474, -18737.00, -18617.26, 36671
28478, -18742.00, -18623.84, 36837
28482, -18749.00, -18630.50, 36994
28487, -18757.00, -18636.93, 37156
28491, -18762.00, -18643.72, 37323
28496, -18768.00, -18650.44, 37483
28500, -18774.00, -18657.00, 37642
28505, -18782.00, -18663.54, 37800
28509, -18787.00, -18670.09, 37959
28514, -18795.00, -18676.80, 38114
28518, -18802.00, -18683.34, 38271
28522, -18807.00, -18689.84, 38424
28527, -18813.00, -18696.20, 38576
28531, -18818.00, -18702.55, 38730
28535, -18825.00, -18708.90, 38893
28540, -18831.00, -18715.70, 39047
28544, -18838.00, -18722.04, 39196
28549, -18844.00, -18728.29, 39347
28553, -18851.00, -18734.57, 39498
28557, -18858.00, -18740.91, 39650
28562, -18865.00, -18747.28, 39806
28566, -18870.00, -18753.76, 39960
28570, -18875.00, -18760.06, 40114
28575, -18883.00, -18766.33, 40267
28579, -18888.00, -18772.64, 40426
28584, -18895.00, -18779.09, 40581
28588, -18902.00, -18785.43, 40743
28592, -18908.00, -18791.93, 40902
28597, -18913.00, -18798.27, 41083
28602, -18919.00, -18805.28, 41248
28606, -18926.00, -18811.56, 41411
28610, -18931.00, -18817.79, 41574
28615, -18937.00, -18823.91, 41741
28619, -18944.00, -18830.22, 41916
28624, -18951.00, -18837.27, 42104
28628, -18956.00, -18843.47, 42275
28633, -18964.00, -18849.63, 42449
28637, -18970.00, -18855.87, 42624
28641, -18977.00, -18862.05, 42806
28646, -18983.00, -18868.64, 42995
28650, -18988.00, -18874.89, 43180
28655, -18995.00, -18881.13, 43370
28659, -19001.00, -18887.52, 43562
28664, -19008.00, -18893.85, 43753
28668, -19014.00, -18900.08, 43949
28672, -19021.00, -18906.33, 44150
28677, -19025.00, -18912.59, 44355
28681, -19032.00, -18918.82, 44584
28686, -19037.00, -18925.73, 44793
28690, -19043.00, -18931.87, 45017
28695, -19050.00, -18938.27, 45223
28699, -19056.00, -18944.29, 45428
28703, -19063.00, -18950.36, 45635
28708, -19071.00, -18956.56, 45838
28712, -19077.00, -18962.75, 46054
28717, -19082.00, -18969.35, 46252
28721, -19085.00, -18975.45, 46447
28726, -19094.00, -18981.55, 46635
28730, -19097.00, -18987.62, 46822
28734, -19104.00, -18993.64, 47004
28739, -19112.00, -18999.83, 47184
28743, -19118.00, -19005.97, 47359
28747, -19123.00, -19012.06, 47532
28752, -19129.00, -19018.12, 47697
28756, -19136.00, -19024.15, 47862
28760, -19142.00, -19030.38, 48024
28765, -19147.00, -19036.47, 48180
28769, -19154.00, -19042.52, 48336
28774, -19162.00, -19048.80, 48490
28778, -19168.00, -19055.01, 48639
28782, -19173.00, -19061.17, 48786
28787, -19180.00, -19067.28, 48936
28791, -19185.00, -19073.69, 49075
28796, -19189.00, -19079.76, 49215
28800, -19195.00, -19085.73, 49352
28804, -19203.00, -19091.76, 49484
28809, -19209.00, -19097.74, 49618
28813, -19216.00, -19103.85, 49749
28817, -19221.00, -19109.90, 49881
28822, -19227.00, -19116.01, 50010
28826, -19233.00, -19122.09, 50136
28830, -19238.00, -19128.05, 50261
28835, -19247.00, -19134.08, 50385
28839, -19253.00, -19140.16, 50508
28843, -19258.00, -19146.25, 50632
28848, -19263.00, -19152.30, 50755
28852, -19271.00, -19158.50, 50877
28856, -19276.00, -19164.50, 50998
28861, -19283.00, -19170.68, 51116
28865, -19287.00, -19176.68, 51234
28869, -19294.00, -19182.77, 51354
28874, -19302.00, -19188.86, 51474
28878, -19307.00, -19195.03, 51590
28882, -19312.00, -19201.13, 51710
28887, -19318.00, -19207.19, 51829
28891, -19324.00, -19213.36, 51947
28895, -19331.00, -19219.44, 52065
28900, -19338.00, -19225.60, 52184
28904, -19343.00, -19231.85, 52302
28909, -19353.00, -19238.04, 52422
28913, -19359.00, -19244.47, 52542
28917, -19363.00, -19250.71, 52681
28923, -19372.00, -19258.04, 52799
28927, -19376.00, -19264.21, 52917
28931, -19381.00, -19270.23, 53034
28936, -19389.00, -19276.32, 53149
28940, -19394.00, -19282.38, 53265
28944, -19403.00, -19288.65, 53385
28949, -19410.00, -19294.95, 53506
28953, -19416.00, -19301.19, 53624
28957, -19421.00, -19307.38, 53749
28962, -19426.00, -19313.55, 53871
28966, -19433.00, -19319.75, 53996
28970, -19439.00, -19325.97, 54120
28975, -19447.00, -19332.27, 54246
28979, -19452.00, -19338.40, 54373
28983, -19458.00, -19344.59, 54504
28988, -19465.00, -19350.86, 54635
28992, -19471.00, -19357.09, 54766
28997, -19477.00, -19363.31, 54899
29001, -19483.00, -19369.49, 55038
29005, -19489.00, -19375.85, 55176
29010, -19497.00, -19382.18, 55315
29014, -19504.00, -19388.43, 55458
29018, -19511.00, -19394.74, 55609
29023, -19516.00, -19401.45, 55757
29027, -19524.00, -19407.76, 55907
29032, -19528.00, -19414.07, 56058
29036, -19534.00, -19420.29, 56213
29040, -19542.00, -19426.60, 56368
29045, -19548.00, -19432.90, 56527
29049, -19556.00, -19439.25, 56699
29054, -19561.00, -19445.76, 56872
29058, -19567.00, -19452.26, 57046
29063, -19575.00, -19458.63, 57224
29067, -19581.00, -19465.08, 57406
29071, -19587.00, -19471.51, 57591
29076, -19593.00, -19477.86, 57776
29080, -19599.00, -19484.16, 57971
29084, -19606.00, -19490.40, 58170
29089, -19613.00, -19496.69, 58373
29093, -19619.00, -19503.04, 58588
29097, -19624.00, -19509.37, 58806
29102, -19632.00, -19515.63, 59026
29106, -19638.00, -19521.93, 59256
29110, -19644.00, -19528.19, 59495
29115, -19653.00, -19534.63, 59748
29119, -19658.00, -19541.07, 60008
29124, -19665.00, -19547.79, 60291
29128, -19670.00, -19554.30, 60580
29133, -19677.00, -19560.92, 60868
29137, -19684.00, -19567.31, 61175
29141, -19690.00, -19573.83, 61474
29146, -19697.00, -19580.20, 61772
29150, -19704.00, -19586.58, 62070
29154, -19711.00, -19592.98, 62364
29159, -19717.00, -19599.32, 62656
29163, -19722.00, -19605.72, 62951
29168, -19729.00, -19612.23, 63232
29172, -19734.00, -19618.61, 63520
29176, -19742.00, -19625.24, 63785
29181, -19749.00, -19631.56, 64046
29185, -19756.00, -19638.02, 64303
29190, -19763.00, -19644.56, 64553
29194, -19770.00, -19651.11, 64799
29198, -19775.00, -19657.54, 65034
29203, -19782.00, -19663.93, 65267
29207, -19787.00, -19670.35, 65490
29211, -19794.00, -19676.71, 65707
29216, -19801.00, -19683.07, 65924
29220, -19809.00, -19689.54, 66145
29224, -19815.00, -19696.33, 66351
29229, -19824.00, -19702.92, 66561
29233, -19828.00, -19709.61, 66761
29238, -19834.00, -19716.11, 66961
29242, -19840.00, -19722.71, 67157
29247, -19848.00, -19729.26, 67350
29251, -19853.00, -19735.91, 67534
29255, -19863.00, -19742.40, 67715
29260, -19869.00, -19749.04, 67897
29264, -19874.00, -19755.54, 68076
29269, -19880.00, -19762.08, 68251
29273, -19886.00, -19768.64, 68424
29277, -19893.00, -19775.19, 68594
29282, -19899.00, -19781.74, 68763
29286, -19906.00, -19788.26, 68927
29291, -19912.00, -19794.69, 69088
29295, -19921.00, -19801.20, 69246
29299, -19926.00, -19807.72, 69400
29304, -19932.00, -19814.24, 69559
29308, -19939.00, -19820.70, 69714
29312, -19945.00, -19827.19, 69866
29317, -19951.00, -19833.56, 70020
29321, -19957.00, -19840.12, 70171
29326, -19965.00, -19846.73, 70328
29330, -19972.00, -19853.28, 70478
29334, -19978.00, -19859.67, 70625
29339, -19984.00, -19866.03, 70776
29343, -19990.00, -19872.46, 70923
29347, -19997.00, -19878.83, 71070
29352, -20005.00, -19885.32, 71220
29356, -20011.00, -19891.88, 71367
29360, -20017.00, -19898.30, 71516
29365, -20025.00, -19904.85, 71665
29369, -20030.00, -19911.41, 71812
29373, -20035.00, -19917.84, 71960
29378, -20042.00, -19924.28, 72110
29382, -20050.00, -19930.84, 72257
29387, -20057.00, -19937.42, 72410
29391, -20064.00, -19944.12, 72557
29395, -20070.00, -19950.64, 72712
29400, -20078.00, -19957.48, 72866
29404, -20085.00, -19964.20, 73020
29409, -20089.00, -19970.89, 73171
29413, -20097.00, -19977.35, 73321
29417, -20103.00, -19983.76, 73473
29422, -20111.00, -19990.32, 73627
29426, -20117.00, -19996.89, 73780
29430, -20124.00, -20003.38, 73935
29435, -20132.00, -20009.96, 74094
29439, -20138.00, -20016.65, 74253
29443, -20143.00, -20023.26, 74415
29448, -20151.00, -20029.87, 74577
29452, -20156.00, -20036.45, 74737
29457, -20164.00, -20043.09, 74907
29461, -20173.00, -20049.77, 75073
29465, -20177.00, -20056.38, 75242
29470, -20185.00, -20062.98, 75415
29474, -20192.00, -20069.80, 75592
29478, -20196.00, -20076.42, 75770
29483, -20206.00, -20083.18, 75950
29487, -20211.00, -20089.88, 76130
29491, -20218.00, -20096.50, 76315
29496, -20226.00, -20103.26, 76500
29500, -20233.00, -20109.93, 76692
29505, -20239.00, -20116.71, 76885
29509, -20246.00, -20123.41, 77082
29513, -20253.00, -20130.08, 77282
29518, -20258.00, -20136.81, 77489
29522, -20267.00, -20143.65, 77694
29526, -20274.00, -20150.40, 77900
29531, -20281.00, -20157.22, 78107
29535, -20289.00, -20164.03, 78321
29540, -20295.00, -20171.09, 78523
29544, -20301.00, -20177.83, 78722
29548, -20308.00, -20184.60, 78917
29553, -20314.00, -20191.38, 79114
29557, -20323.00, -20198.39, 79306
29562, -20329.00, -20205.40, 79489
29566, -20338.00, -20212.17, 79669
29570, -20345.00, -20219.03, 79846
29575, -20350.00, -20225.89, 80018
29579, -20358.00, -20232.80, 80194
29584, -20365.00, -20240.02, 80363
29588, -20372.00, -20246.98, 80529
29593, -20380.00, -20254.02, 80688
29597, -20386.00, -20261.05, 80852
29602, -20394.00, -20268.26, 81006
29606, -20401.00, -20275.29, 81160
29611, -20408.00, -20282.36, 81306
29615, -20415.00, -20289.15, 81450
29619, -20422.00, -20296.11, 81593
29624, -20431.00, -20303.17, 81737
29628, -20437.00, -20310.38, 81871
29633, -20445.00, -20317.34, 82004
29637, -20451.00, -20324.18, 82143
29642, -20459.00, -20331.58, 82271
29646, -20466.00, -20338.53, 82402
29650, -20473.00, -20345.60, 82533
29655, -20481.00, -20352.87, 82663
29659, -20486.00, -20360.03, 82787
29664, -20494.00, -20367.01, 82912
29668, -20501.00, -20374.10, 83034
29673, -20509.00, -20381.23, 83154
29677, -20516.00, -20388.12, 83277
29682, -20525.00, -20395.48, 83398
29686, -20534.00, -20402.68, 83515
29690, -20539.00, -20409.79, 83631
29695, -20546.00, -20416.85, 83745
29699, -20553.00, -20423.80, 83863
29703, -20560.00, -20431.11, 83977
29708, -20566.00, -20438.11, 84092
29712, -20574.00, -20445.20, 84205
29716, -20583.00, -20452.28, 84318
29721, -20591.00, -20459.42, 84431
29725, -20596.00, -20466.54, 84546
29730, -20605.00, -20473.80, 84657
29734, -20612.00, -20480.88, 84769
29738, -20617.00, -20488.03, 84881
29743, -20627.00, -20495.22, 84992
29747, -20633.00, -20502.39, 85107
29751, -20641.00, -20509.63, 85221
29756, -20648.00, -20516.91, 85333
29760, -20655.00, -20524.09, 85447
29765, -20661.00, -20531.38, 85558
29769, -20670.00, -20538.57, 85676
29774, -20677.00, -20546.08, 85785
29778, -20684.00, -20553.14, 85893
29782, -20693.00, -20560.27, 86002
29786, -20701.00, -20567.45, 86111
29791, -20706.00, -20574.56, 86223
29795, -20714.00, -20581.72, 86336
29799, -20721.00, -20588.94, 86451
29804, -20728.00, -20596.53, 86573
29809, -20735.00, -20604.07, 86692
29813, -20744.00, -20611.47, 86808
29817, -20751.00, -20618.74, 86927
29822, -20761.00, -20626.37, 87051
29826, -20767.00, -20633.87, 87175
29831, -20773.00, -20641.43, 87297
29835, -20781.00, -20648.74, 87419
29840, -20789.00, -20656.22, 87547
29844, -20794.00, -20663.46, 87671
29849, -20803.00, -20670.70, 87802
29853, -20811.00, -20678.31, 87931
29858, -20820.00, -20685.70, 88063
29862, -20826.00, -20693.16, 88197
29866, -20835.00, -20700.58, 88334
29871, -20841.00, -20708.18, 88474
29875, -20848.00, -20715.67, 88610
29880, -20855.00, -20722.86, 88750
29884, -20862.00, -20730.03, 88888
29888, -20870.00, -20737.18, 89030
29893, -20878.00, -20744.47, 89180
29897, -20885.00, -20751.85, 89334
29902, -20893.00, -20759.56, 89493
29906, -20901.00, -20766.96, 89648
29910, -20907.00, -20774.21, 89807
29915, -20914.00, -20781.44, 89966
29919, -20921.00, -20788.55, 90129
29923, -20929.00, -20795.87, 90299
29928, -20938.00, -20803.17, 90473
29932, -20946.00, -20810.51, 90651
29936, -20951.00, -20817.76, 90836
29941, -20956.00, -20824.99, 91024
29945, -20964.00, -20832.14, 91217
29949, -20971.00, -20839.33, 91414
29954, -20979.00, -20846.54, 91620
29958, -20988.00, -20854.26, 91848
29963, -20994.00, -20861.64, 92068
29967, -21003.00, -20868.96, 92298
29972, -21012.00, -20876.51, 92541
29976, -21017.00, -20883.98, 92787
29981, -21024.00, -20891.54, 93058
29985, -21031.00, -20899.10, 93317
29990, -21039.00, -20906.48, 93593
29994, -21046.00, -20913.70, 93875
29998, -21054.00, -20921.02, 94172
30003, -21062.00, -20928.56, 94464
30007, -21072.00, -20935.95, 94754
30012, -21078.00, -20943.43, 95046
30016, -21083.00, -20950.70, 95332
30020, -21090.00, -20957.99, 95630
30025, -21098.00, -20965.70, 95907
30029, -21106.00, -20972.93, 96179
30034, -21114.00, -20980.31, 96449
30038, -21122.00, -20987.82, 96712
30043, -21132.00, -20995.28, 96970
30047, -21136.00, -21002.68, 97225
30051, -21144.00, -21010.07, 97466
30056, -21150.00, -21017.30, 97700
30060, -21157.00, -21024.42, 97926
30064, -21164.00, -21031.54, 98151
30068, -21173.00, -21038.76, 98377
30073, -21181.00, -21046.29, 98598
30078, -21188.00, -21054.01, 98822
30082, -21197.00, -21061.49, 99031
30086, -21202.00, -21068.83, 99234
30091, -21209.00, -21076.35, 99441
30095, -21216.00, -21083.62, 99636
30099, -21221.00, -21090.80, 99827
30104, -21230.00, -21098.04, 100011
30108, -21239.00, -21105.24, 100198
30113, -21247.00, -21112.69, 100379
30117, -21250.00, -21119.91, 100567
30122, -21259.00, -21127.46, 100746
30126, -21265.00, -21134.73, 100919
30130, -21271.00, -21141.92, 101089
30135, -21280.00, -21149.04, 101254
30139, -21285.00, -21156.06, 101418
30143, -21293.00, -21163.11, 101586
30148, -21300.00, -21170.32, 101752
30152, -21307.00, -21177.56, 101913
30157, -21314.00, -21184.67, 102079
30161, -21321.00, -21192.00, 102237
30166, -21326.00, -21199.14, 102392
30170, -21333.00, -21206.09, 102545
30174, -21342.00, -21213.12, 102701
30179, -21348.00, -21220.19, 102853
30183, -21357.00, -21227.19, 103008
30187, -21365.00, -21234.39, 103161
30192, -21370.00, -21241.42, 103313
30196, -21376.00, -21248.35, 103472
30201, -21383.00, -21255.68, 103627
30205, -21390.00, -21262.80, 103780
30209, -21397.00, -21269.84, 103929
30214, -21405.00, -21276.78, 104079
30218, -21411.00, -21283.68, 104240
30223, -21419.00, -21291.16, 104395
30227, -21426.00, -21298.34, 104549
30232, -21433.00, -21305.33, 104699
30236, -21435.00, -21312.14, 104852
30240, -21444.00, -21319.07, 105002
30245, -21450.00, -21325.85, 105151
30249, -21458.00, -21332.66, 105302
30253, -21465.00, -21339.50, 105455
30258, -21473.00, -21346.47, 105612
30262, -21480.00, -21353.55, 105767
30267, -21485.00, -21360.51, 105922
30271, -21491.00, -21367.36, 106076
30275, -21498.00, -21374.15, 106229
30280, -21505.00, -21380.90, 106381
30284, -21511.00, -21387.66, 106541
30288, -21520.00, -21394.42, 106703
30293, -21526.00, -21401.45, 106864
30297, -21531.00, -21408.25, 107027
30302, -21538.00, -21415.03, 107198
30306, -21545.00, -21422.07, 107361
30311, -21551.00, -21428.74, 107524
30315, -21560.00, -21435.42, 107693
30319, -21565.00, -21442.33, 107866
30324, -21573.00, -21449.10, 108039
30328, -21580.00, -21455.92, 108215
30332, -21587.00, -21462.77, 108391
30337, -21590.00, -21469.43, 108575
30341, -21598.00, -21476.18, 108758
30346, -21605.00, -21483.03, 108947
30350, -21612.00, -21489.91, 109139
30355, -21620.00, -21496.87, 109335
30359, -21626.00, -21503.78, 109535
30364, -21634.00, -21510.70, 109734
30368, -21641.00, -21517.44, 109946
30373, -21647.00, -21524.45, 110151
30377, -21653.00, -21531.13, 110372
30381, -21660.00, -21538.21, 110582
30386, -21666.00, -21544.78, 110792
30390, -21673.00, -21551.43, 111001
30395, -21681.00, -21558.13, 111206
30399, -21687.00, -21564.88, 111414
30403, -21696.00, -21571.68, 111615
30408, -21701.00, -21578.40, 111814
30412, -21706.00, -21585.12, 112011
30416, -21715.00, -21591.91, 112199
30421, -21721.00, -21598.72, 112392
30425, -21728.00, -21605.58, 112581
30430, -21734.00, -21612.61, 112758
30435, -21743.00, -21619.85, 112979
30440, -21751.00, -21627.80, 113148
30444, -21757.00, -21634.47, 113314
30448, -21765.00, -21641.16, 113476
30453, -21773.00, -21647.90, 113636
30457, -21777.00, -21654.64, 113793
30461, -21783.00, -21661.29, 113947
30466, -21789.00, -21668.06, 114106
30470, -21799.00, -21675.06, 114254
30475, -21805.00, -21681.89, 114404
30479, -21812.00, -21688.75, 114547
30484, -21819.00, -21695.43, 114689
30488, -21825.00, -21702.11, 114830
30492, -21831.00, -21708.80, 114965
30496, -21838.00, -21715.42, 115103
30501, -21845.00, -21722.20, 115236
30505, -21852.00, -21728.90, 115371
30510, -21860.00, -21735.76, 115501
30514, -21867.00, -21742.53, 115633
30518, -21874.00, -21749.31, 115767
30523, -21880.00, -21756.36, 115896
30527, -21886.00, -21763.12, 116022
30532, -21894.00, -21769.85, 116149
30536, -21901.00, -21776.66, 116275
30540, -21908.00, -21783.52, 116401
30545, -21917.00, -21790.53, 116528
30549, -21924.00, -21797.63, 116651
30553, -21932.00, -21804.51, 116773
30558, -21937.00, -21811.45, 116902
30562, -21942.00, -21818.66, 117026
30567, -21950.00, -21825.63, 117152
30571, -21956.00, -21832.61, 117271
30576, -21965.00, -21839.39, 117389
30580, -21973.00, -21846.33, 117509
30584, -21980.00, -21853.22, 117627
30589, -21986.00, -21860.09, 117746
30593, -21992.00, -21866.88, 117864
30597, -21998.00, -21873.68, 117987
30602, -22005.00, -21880.61, 118106
30606, -22013.00, -21887.46, 118225
30611, -22019.00, -21894.29, 118345
30615, -22028.00, -21901.24, 118465
30619, -22034.00, -21908.08, 118585
30624, -22042.00, -21915.01, 118704
30628, -22047.00, -21921.94, 118825
30632, -22055.00, -21928.82, 118945
30637, -22060.00, -21935.57, 119066
30641, -22067.00, -21942.30, 119185
30645, -22076.00, -21949.05, 119309
30650, -22083.00, -21955.94, 119435
30654, -22090.00, -21962.89, 119563
30658, -22096.00, -21969.85, 119692
30663, -22101.00, -21976.63, 119821
30667, -22108.00, -21983.46, 119950
30671, -22114.00, -21990.19, 120082
30676, -22123.00, -21997.04, 120221
30680, -22133.00, -22004.19, 120359
30684, -22140.00, -22011.32, 120498
30689, -22146.00, -22018.31, 120637
30693, -22150.00, -22025.13, 120782
30698, -22158.00, -22032.06, 120926
30702, -22164.00, -22038.92, 121071
30706, -22173.00, -22045.81, 121222
30711, -22180.00, -22052.76, 121374
30715, -22187.00, -22059.71, 121529
30719, -22194.00, -22066.65, 121691
30724, -22200.00, -22073.64, 121854
30728, -22207.00, -22080.61, 122018
30732, -22214.00, -22087.43, 122187
30737, -22222.00, -22094.38, 122358
30741, -22229.00, -22101.38, 122532
30745, -22236.00, -22108.32, 122720
30750, -22245.00, -22115.54, 122906
30754, -22250.00, -22122.53, 123107
30759, -22257.00, -22129.87, 123305
30763, -22263.00, -22136.80, 123517
30768, -22271.00, -22144.09, 123726
30772, -22278.00, -22151.10, 123942
30777, -22286.00, -22158.25, 124169
30781, -22293.00, -22165.38, 124401
30785, -22301.00, -22172.47, 124650
30790, -22309.00, -22179.93, 124900
30794, -22316.00, -22187.04, 125159
30799, -22321.00, -22194.10, 125439
30803, -22329.00, -22201.51, 125727
30808, -22336.00, -22208.77, 126014
30812, -22341.00, -22215.66, 126311
30817, -22350.00, -22222.56, 126617
30821, -22357.00, -22229.48, 126936
30826, -22365.00, -22236.83, 127267
30830, -22372.00, -22243.88, 127585
30834, -22379.00, -22250.93, 127919
30839, -22387.00, -22258.36, 128228
30843, -22393.00, -22265.36, 128541
30848, -22398.00, -22272.48, 128831
30852, -22407.00, -22279.32, 129119
30856, -22415.00, -22286.32, 129403
30861, -22423.00, -22293.42, 129676
30865, -22430.00, -22300.42, 129950
30869, -22436.00, -22307.59, 130214
30874, -22443.00, -22314.56, 130469
30878, -22450.00, -22321.67, 130726
30883, -22457.00, -22328.88, 130981
30887, -22465.00, -22336.33, 131220
30892, -22472.00, -22343.46, 131449
30896, -22479.00, -22350.61, 131680
30901, -22488.00, -22357.73, 131907
30905, -22495.00, -22365.25, 132125
30909, -22502.00, -22372.29, 132336
30914, -22507.00, -22379.33, 132540
30918, -22513.00, -22386.33, 132742
30923, -22518.00, -22393.17, 132940
30927, -22529.00, -22400.10, 133134
30931, -22536.00, -22407.09, 133325
30936, -22543.00, -22414.19, 133514
30940, -22551.00, -22421.23, 133699
30944, -22557.00, -22428.24, 133883
30949, -22562.00, -22435.24, 134063
30953, -22569.00, -22442.19, 134240
30957, -22576.00, -22449.10, 134419
30962, -22585.00, -22456.22, 134590
30966, -22592.00, -22463.31, 134763
30970, -22601.00, -22470.39, 134931
30975, -22606.00, -22477.43, 135108
30979, -22612.00, -22484.81, 135275
30984, -22619.00, -22491.71, 135439
30988, -22624.00, -22498.67, 135604
30992, -22633.00, -22505.57, 135768
30997, -22642.00, -22512.65, 135933
31001, -22650.00, -22519.94, 136098
31006, -22657.00, -22527.26, 136268
31010, -22663.00, -22534.66, 136428
31015, -22670.00, -22541.63, 136594
31019, -22677.00, -22548.93, 136759
31024, -22683.00, -22556.18, 136923
31028, -22690.00, -22563.40, 137084
31033, -22699.00, -22570.48, 137238
31037, -22705.00, -22577.43, 137400
31041, -22714.00, -22584.58, 137557
31046, -22720.00, -22591.57, 137715
31050, -22728.00, -22598.60, 137874
31054, -22734.00, -22605.60, 138035
31059, -22740.00, -22612.67, 138197
31063, -22745.00, -22619.74, 138359
31068, -22753.00, -22626.67, 138520
31072, -22761.00, -22633.65, 138681
31076, -22771.00, -22640.69, 138844
31081, -22777.00, -22647.73, 139006
31085, -22783.00, -22654.68, 139177
31089, -22789.00, -22661.97, 139340
31094, -22796.00, -22668.95, 139513
31098, -22803.00, -22676.11, 139685
31103, -22811.00, -22683.37, 139859
31107, -22818.00, -22690.56, 140031
31112, -22826.00, -22697.73, 140216
31116, -22834.00, -22705.12, 140400
31121, -22842.00, -22712.66, 140581
31125, -22848.00, -22719.83, 140765
31130, -22855.00, -22726.95, 140946
31134, -22862.00, -22734.01, 141130
31139, -22869.00, -22741.07, 141313
31143, -22875.00, -22748.03, 141499
31147, -22883.00, -22755.02, 141688
31152, -22892.00, -22762.11, 141887
31156, -22898.00, -22769.27, 142085
31160, -22906.00, -22776.31, 142287
31165, -22911.00, -22783.41, 142494
31169, -22916.00, -22790.38, 142698
31174, -22924.00, -22797.22, 142911
31178, -22933.00, -22804.26, 143127
31182, -22940.00, -22811.35, 143343
31187, -22946.00, -22818.38, 143562
31191, -22954.00, -22825.43, 143776
31195, -22961.00, -22832.43, 143998
31200, -22968.00, -22839.80, 144213
31204, -22973.00, -22846.91, 144420
31209, -22981.00, -22853.93, 144619
31213, -22989.00, -22860.90, 144812
31218, -22996.00, -22867.90, 145006
31222, -23004.00, -22874.98, 145201
31226, -23012.00, -22882.34, 145394
31231, -23018.00, -22889.69, 145575
31235, -23024.00, -22896.74, 145755
31240, -23031.00, -22903.90, 145928
31244, -23037.00, -22910.85, 146103
31249, -23044.00, -22918.02, 146269
31253, -23054.00, -22925.07, 146428
31257, -23060.00, -22932.06, 146585
31262, -23069.00, -22939.06, 146741
31266, -23074.00, -22946.09, 146893
31270, -23082.00, -22953.04, 147042
31275, -23087.00, -22960.06, 147189
31279, -23094.00, -22967.08, 147334
31284, -23102.00, -22974.13, 147478
31288, -23111.00, -22981.33, 147616
31292, -23118.00, -22988.28, 147752
31297, -23125.00, -22995.28, 147887
31301, -23132.00, -23002.28, 148021
31305, -23139.00, -23009.41, 148152
31310, -23144.00, -23016.40, 148287
31314, -23151.00, -23023.67, 148414
31319, -23157.00, -23030.58, 148542
31323, -23167.00, -23037.63, 148666
31327, -23175.00, -23044.69, 148791
31332, -23182.00, -23051.84, 148916
31336, -23189.00, -23059.07, 149044
31341, -23195.00, -23066.46, 149167
31345, -23201.00, -23073.60, 149288
31349, -23209.00, -23080.74, 149410
31354, -23215.00, -23087.99, 149533
31359, -23223.00, -23095.29, 149651
31363, -23232.00, -23102.38, 149766
31367, -23238.00, -23109.39, 149881
31372, -23246.00, -23116.46, 149998
31376, -23251.00, -23123.50, 150111
31380, -23257.00, -23130.39, 150228
31385, -23265.00, -23137.60, 150346
31389, -23271.00, -23144.71, 150458
31394, -23280.00, -23151.64, 150570
31398, -23288.00, -23158.63, 150683
31402, -23295.00, -23165.64, 150797
31407, -23302.00, -23172.71, 150910
31411, -23309.00, -23179.71, 151025
31415, -23315.00, -23186.91, 151145
31420, -23322.00, -23194.22, 151259
31424, -23329.00, -23201.39, 151374
31429, -23337.00, -23208.54, 151485
31433, -23345.00, -23215.59, 151600
31438, -23351.00, -23222.79, 151720
31442, -23361.00, -23230.16, 151836
31446, -23366.00, -23237.23, 151949
31451, -23372.00, -23244.15, 152064
31455, -23379.00, -23251.00, 152182
31459, -23386.00, -23257.96, 152300
31464, -23393.00, -23264.99, 152420
31468, -23401.00, -23272.02, 152547
31473, -23409.00, -23279.36, 152668
31477, -23417.00, -23286.48, 152792
31481, -23423.00, -23293.55, 152917
31486, -23429.00, -23300.59, 153043
31490, -23435.00, -23307.62, 153169
31494, -23442.00, -23314.61, 153298
31499, -23450.00, -23321.72, 153429
31503, -23459.00, -23328.77, 153561
31507, -23466.00, -23335.88, 153696
31512, -23473.00, -23343.05, 153831
31516, -23478.00, -23350.11, 153974
31521, -23487.00, -23357.38, 154115
31525, -23493.00, -23364.61, 154257
31530, -23499.00, -23371.67, 154401
31534, -23508.00, -23378.72, 154551
31538, -23514.00, -23386.00, 154704
31543, -23523.00, -23393.15, 154858
31547, -23531.00, -23400.44, 155019
31552, -23539.00, -23407.78, 155183
31556, -23542.00, -23414.99, 155345
31561, -23549.00, -23422.04, 155520
31565, -23557.00, -23429.35, 155689
31570, -23565.00, -23436.41, 155864
31574, -23573.00, -23443.55, 156048
31579, -23579.00, -23450.91, 156236
31583, -23588.00, -23458.08, 156432
31587, -23595.00, -23465.42, 156626
31592, -23602.00, -23472.46, 156827
31596, -23608.00, -23479.51, 157032
31600, -23616.00, -23486.55, 157241
31605, -23622.00, -23493.61, 157457
31609, -23629.00, -23500.62, 157682
31613, -23637.00, -23507.65, 157919
31618, -23645.00, -23514.89, 158165
31622, -23651.00, -23522.01, 158417
31627, -23658.00, -23529.10, 158683
31631, -23665.00, -23536.18, 158950
31635, -23670.00, -23543.20, 159229
31640, -23679.00, -23550.16, 159517
31644, -23687.00, -23557.31, 159807
31648, -23694.00, -23564.34, 160098
31653, -23702.00, -23571.42, 160401
31657, -23708.00, -23578.78, 160696
31662, -23714.00, -23585.89, 160985
31666, -23722.00, -23593.11, 161282
31671, -23729.00, -23600.54, 161558
31675, -23737.00, -23607.66, 161833
31680, -23743.00, -23614.89, 162102
31684, -23751.00, -23622.11, 162359
31689, -23759.00, -23629.26, 162612
31693, -23767.00, -23636.43, 162860
31697, -23771.00, -23643.47, 163104
31702, -23778.00, -23650.47, 163338
31706, -23786.00, -23657.44, 163566
31710, -23793.00, -23664.47, 163786
31715, -23799.00, -23671.37, 164010
31719, -23807.00, -23678.61, 164229
31724, -23816.00, -23685.86, 164440
31728, -23822.00, -23692.87, 164660
31732, -23830.00, -23700.35, 164873
31737, -23835.00, -23707.74, 165083
31742, -23842.00, -23715.04, 165289
31746, -23849.00, -23722.30, 165482
31751, -23856.00, -23729.31, 165679
31755, -23863.00, -23736.55, 165867
31760, -23871.00, -23743.57, 166052
31764, -23878.00, -23750.61, 166235
31768, -23886.00, -23757.67, 166416
31773, -23892.00, -23764.71, 166594
31777, -23898.00, -23771.65, 166769
31781, -23905.00, -23778.59, 166945
31786, -23912.00, -23785.61, 167117
31790, -23918.00, -23792.60, 167285
31795, -23927.00, -23799.53, 167457
31799, -23933.00, -23806.68, 167626
31804, -23942.00, -23813.81, 167790
31808, -23949.00, -23820.82, 167955
31812, -23954.00, -23827.76, 168115
31817, -23960.00, -23834.60, 168279
31821, -23966.00, -23841.44, 168440
31825, -23974.00, -23848.29, 168599
31830, -23981.00, -23855.12, 168760
31834, -23990.00, -23862.06, 168930
31839, -23996.00, -23869.60, 169090
31843, -24003.00, -23876.46, 169253
31847, -24009.00, -23883.51, 169414
31852, -24016.00, -23890.45, 169574
31856, -24022.00, -23897.33, 169737
31861, -24030.00, -23904.46, 169897
31865, -24035.00, -23911.39, 170060
31870, -24045.00, -23918.41, 170221
31874, -24051.00, -23925.38, 170381
31878, -24059.00, -23932.28, 170544
31883, -24065.00, -23939.23, 170709
31887, -24071.00, -23946.24, 170870
31892, -24078.00, -23953.07, 171032
31896, -24085.00, -23959.88, 171201
31900, -24092.00, -23967.01, 171366
31905, -24100.00, -23973.93, 171529
31909, -24108.00, -23980.83, 171693
31914, -24116.00, -23987.84, 171866
31918, -24119.00, -23994.91, 172033
31922, -24126.00, -24001.62, 172202
31927, -24133.00, -24008.37, 172370
31931, -24141.00, -24015.17, 172538
31935, -24146.00, -24021.94, 172711
31940, -24156.00, -24028.81, 172887
31944, -24162.00, -24035.68, 173065
31948, -24169.00, -24042.55, 173250
31953, -24174.00, -24049.61, 173437
31957, -24181.00, -24056.54, 173629
31962, -24188.00, -24063.68, 173818
31966, -24195.00, -24070.50, 174004
31970, -24202.00, -24077.32, 174198
31975, -24210.00, -24084.18, 174401
31979, -24218.00, -24091.51, 174606
31984, -24225.00, -24098.51, 174807
31988, -24230.00, -24105.34, 175025
31993, -24238.00, -24112.72, 175236
31997, -24244.00, -24119.63, 175449
32002, -24249.00, -24126.30, 175659
32006, -24256.00, -24133.02, 175875
32010, -24264.00, -24139.65, 176096
32014, -24273.00, -24146.46, 176318
32019, -24279.00, -24153.36, 176540
32023, -24285.00, -24160.22, 176757
32028, -24284.00, -24166.78, 176904
32032, -24275.00, -24172.70, 176969
32036, -24268.00, -24177.95, 176971
32041, -24262.00, -24182.68, 176921
32045, -24254.00, -24186.64, 176830
32049, -24247.00, -24189.99, 176706
32054, -24240.00, -24192.86, 176554
32058, -24235.00, -24195.29, 176389
32062, -24229.00, -24197.25, 176213
32067, -24222.00, -24198.75, 176031
32071, -24215.00, -24199.80, 175837
32076, -24208.00, -24200.44, 175637
32080, -24200.00, -24200.64, 175440
32085, -24194.00, -24200.45, 175234
32089, -24187.00, -24199.89, 175035
32093, -24180.00, -24199.02, 174832
32098, -24173.00, -24197.77, 174640
32102, -24168.00, -24196.31, 174448
32107, -24161.00, -24194.61, 174251
32111, -24153.00, -24192.50, 174050
32116, -24146.00, -24190.06, 173858
32121, -24140.00, -24187.43, 173675
32125, -24133.00, -24184.73, 173492
32129, -24124.00, -24181.73, 173313
32134, -24118.00, -24178.50, 173132
32138, -24113.00, -24175.09, 172956
32142, -24105.00, -24171.53, 172784
32147, -24099.00, -24167.83, 172616
32151, -24093.00, -24163.97, 172444
32156, -24085.00, -24159.98, 172277
32160, -24076.00, -24155.77, 172107
32164, -24072.00, -24151.34, 171938
32169, -24065.00, -24146.88, 171777
32173, -24059.00, -24142.41, 171612
32177, -24052.00, -24137.73, 171445
32182, -24045.00, -24132.83, 171277
32186, -24038.00, -24127.77, 171118
32191, -24030.00, -24122.78, 170958
32195, -24022.00, -24117.59, 170791
32200, -24016.00, -24112.06, 170629
32204, -24011.00, -24106.70, 170470
32209, -24004.00, -24101.37, 170311
32213, -23997.00, -24096.00, 170150
32217, -23989.00, -24090.36, 169994
32222, -23984.00, -24084.80, 169832
32226, -23975.00, -24078.99, 169670
32231, -23968.00, -24073.08, 169509
32235, -23962.00, -24067.16, 169353
32240, -23955.00, -24061.37, 169196
32244, -23949.00, -24055.49, 169032
32249, -23942.00, -24049.49, 168873
32253, -23936.00, -24043.47, 168713
32257, -23929.00, -24037.54, 168556
32262, -23921.00, -24031.50, 168395
32266, -23915.00, -24025.22, 168237
32271, -23906.00, -24019.12, 168080
32275, -23898.00, -24012.91, 167914
32279, -23893.00, -24006.44, 167752
32284, -23887.00, -24000.19, 167588
32288, -23882.00, -23993.92, 167424
32293, -23875.00, -23987.80, 167254
32297, -23868.00, -23981.38, 167087
32302, -23861.00, -23975.03, 166917
32306, -23852.00, -23968.59, 166748
32310, -23845.00, -23962.19, 166578
32315, -23838.00, -23955.84, 166399
32319, -23832.00, -23949.17, 166224
32324, -23826.00, -23942.70, 166050
32328, -23820.00, -23936.40, 165867
32332, -23813.00, -23929.86, 165686
32337, -23806.00, -23923.40, 165503
32341, -23798.00, -23916.89, 165316
32346, -23791.00, -23910.23, 165119
32350, -23784.00, -23903.52, 164925
32354, -23777.00, -23896.92, 164727
32359, -23771.00, -23890.26, 164526
32363, -23766.00, -23883.63, 164329
32368, -23759.00, -23877.24, 164126
32372, -23751.00, -23870.71, 163916
32376, -23744.00, -23864.08, 163705
32381, -23736.00, -23857.47, 163484
32385, -23730.00, -23850.74, 163260
32390, -23725.00, -23844.13, 163031
32394, -23718.00, -23837.55, 162794
32398, -23712.00, -23830.86, 162537
32403, -23705.00, -23823.89, 162295
32408, -23697.00, -23817.26, 162042
32412, -23691.00, -23810.60, 161784
32416, -23684.00, -23804.02, 161521
32421, -23675.00, -23797.41, 161246
32425, -23669.00, -23790.59, 160968
32429, -23664.00, -23784.08, 160691
32434, -23657.00, -23777.51, 160408
32438, -23651.00, -23770.94, 160128
32442, -23646.00, -23764.38, 159848
32447, -23637.00, -23757.73, 159571
32451, -23628.00, -23750.81, 159296
32456, -23621.00, -23743.95, 159035
32460, -23614.00, -23737.23, 158786
32464, -23608.00, -23730.60, 158539
32469, -23604.00, -23723.87, 158302
32473, -23597.00, -23717.35, 158061
32478, -23589.00, -23710.44, 157840
32482, -23581.00, -23703.72, 157623
32486, -23575.00, -23697.04, 157411
32491, -23569.00, -23690.36, 157205
32495, -23560.00, -23683.68, 157003
32500, -23554.00, -23676.78, 156796
32504, -23547.00, -23669.75, 156606
32509, -23541.00, -23663.00, 156423
32513, -23535.00, -23656.35, 156242
32517, -23527.00, -23649.65, 156069
32522, -23520.00, -23642.92, 155901
32526, -23512.00, -23636.24, 155733
32530, -23506.00, -23629.47, 155567
32535, -23500.00, -23622.63, 155405
32539, -23494.00, -23615.87, 155247
32544, -23487.00, -23609.17, 155093
32548, -23482.00, -23602.51, 154941
32552, -23473.00, -23595.75, 154794
32557, -23466.00, -23589.00, 154648
32561, -23458.00, -23582.17, 154506
32566, -23452.00, -23575.23, 154356
32570, -23446.00, -23568.13, 154216
32575, -23439.00, -23561.20, 154075
32579, -23434.00, -23554.29, 153944
32584, -23427.00, -23547.71, 153814
32588, -23418.00, -23540.97, 153688
32592, -23412.00, -23534.28, 153562
32597, -23405.00, -23527.54, 153439
32601, -23398.00, -23520.81, 153317
32605, -23392.00, -23514.06, 153195
32610, -23386.00, -23507.45, 153078
32614, -23380.00, -23500.91, 152953
32619, -23373.00, -23493.82, 152838
32623, -23366.00, -23487.22, 152721
32627, -23358.00, -23480.44, 152607
32632, -23351.00, -23473.65, 152490
32636, -23343.00, -23466.61, 152375
32641, -23337.00, -23459.68, 152261
32645, -23332.00, -23452.85, 152151
32650, -23326.00, -23446.26, 152044
32654, -23320.00, -23439.74, 151934
32659, -23313.00, -23432.91, 151827
32663, -23307.00, -23426.31, 151718
32667, -23299.00, -23419.52, 151610
32672, -23292.00, -23412.80, 151504
32676, -23286.00, -23406.12, 151393
32681, -23277.00, -23399.14, 151282
32686, -23272.00, -23392.17, 151172
32690, -23267.00, -23385.34, 151067
32694, -23260.00, -23378.84, 150962
32699, -23254.00, -23372.38, 150858
32703, -23247.00, -23365.92, 150755
32707, -23240.00, -23359.42, 150651
32712, -23234.00, -23352.97, 150547
32716, -23227.00, -23346.43, 150433
32721, -23219.00, -23339.32, 150329
32725, -23214.00, -23332.84, 150225
32729, -23208.00, -23326.39, 150121
32734, -23202.00, -23319.95, 150018
32738, -23197.00, -23313.46, 149912
32743, -23189.00, -23306.99, 149806
32747, -23181.00, -23300.49, 149699
32751, -23175.00, -23293.88, 149591
32756, -23169.00, -23287.26, 149484
32760, -23162.00, -23280.71, 149376
32765, -23157.00, -23274.28, 149270
32769, -23152.00, -23267.96, 149161
32773, -23144.00, -23261.45, 149048
32778, -23138.00, -23254.88, 148938
32782, -23129.00, -23248.34, 148821
32787, -23122.00, -23241.57, 148704
32791, -23117.00, -23234.78, 148586
32796, -23112.00, -23228.11, 148465
32800, -23105.00, -23221.42, 148350
32805, -23099.00, -23215.09, 148233
32809, -23092.00, -23208.62, 148116
32813, -23085.00, -23202.26, 147998
32818, -23077.00, -23195.83, 147876
32822, -23070.00, -23189.29, 147753
32827, -23064.00, -23182.75, 147628
32831, -23059.00, -23176.34, 147494
32835, -23052.00, -23169.58, 147365
32840, -23046.00, -23163.17, 147235
32844, -23042.00, -23156.85, 147100
32849, -23033.00, -23150.31, 146964
32853, -23026.00, -23143.77, 146822
32857, -23018.00, -23137.17, 146682
32862, -23012.00, -23130.70, 146535
32866, -23006.00, -23124.06, 146390
32871, -22998.00, -23117.63, 146242
32875, -22993.00, -23111.17, 146083
32879, -22987.00, -23104.39, 145924
32884, -22981.00, -23097.86, 145765
32888, -22973.00, -23091.41, 145604
32893, -22966.00, -23084.87, 145431
32897, -22958.00, -23078.09, 145257
32902, -22954.00, -23071.45, 145082
32906, -22948.00, -23065.02, 144901
32910, -22942.00, -23058.62, 144722
32915, -22935.00, -23052.33, 144536
32919, -22929.00, -23045.93, 144343
32923, -22921.00, -23039.42, 144151
32928, -22915.00, -23033.06, 143952
32932, -22907.00, -23026.58, 143755
32936, -22902.00, -23020.09, 143558
32941, -22897.00, -23013.71, 143361
32945, -22892.00, -23007.35, 143167
32949, -22883.00, -23001.01, 142977
32954, -22877.00, -22994.66, 142784
32958, -22869.00, -22988.16, 142593
32962, -22863.00, -22981.67, 142405
32967, -22857.00, -22975.17, 142217
32971, -22849.00, -22968.65, 142024
32976, -22845.00, -22961.84, 141839
32980, -22836.00, -22955.15, 141656
32985, -22831.00, -22948.46, 141472
32989, -22824.00, -22941.75, 141294
32994, -22816.00, -22935.06, 141119
32998, -22809.00, -22928.48, 140948
33002, -22801.00, -22921.89, 140775
33007, -22796.00, -22915.16, 140609
33011, -22790.00, -22908.64, 140445
33016, -22784.00, -22902.21, 140281
33020, -22778.00, -22895.74, 140122
33024, -22771.00, -22889.40, 139964
33029, -22762.00, -22882.87, 139806
33033, -22756.00, -22876.31, 139645
33037, -22750.00, -22869.71, 139490
33042, -22744.00, -22863.22, 139330
33046, -22738.00, -22856.62, 139174
33050, -22732.00, -22850.13, 139021
33055, -22723.00, -22843.52, 138865
33059, -22718.00, -22837.01, 138714
33063, -22710.00, -22830.50, 138559
33068, -22702.00, -22823.80, 138406
33072, -22697.00, -22817.20, 138250
33077, -22690.00, -22810.53, 138098
33081, -22684.00, -22803.94, 137947
33085, -22676.00, -22797.37, 137797
33090, -22671.00, -22790.72, 137638
33094, -22663.00, -22783.82, 137485
33099, -22656.00, -22777.07, 137332
33103, -22648.00, -22770.33, 137180
33107, -22643.00, -22763.71, 137028
33112, -22637.00, -22757.08, 136875
33116, -22630.00, -22750.51, 136725
33120, -22624.00, -22743.96, 136572
33125, -22617.00, -22737.30, 136419
33129, -22609.00, -22730.70, 136266
33134, -22603.00, -22724.04, 136113
33138, -22595.00, -22717.38, 135961
33142, -22589.00, -22710.77, 135810
33147, -22584.00, -22704.20, 135654
33151, -22578.00, -22697.45, 135496
33155, -22572.00, -22690.97, 135330
33160, -22564.00, -22683.97, 135170
33165, -22557.00, -22677.22, 135010
33169, -22549.00, -22670.56, 134850
33173, -22541.00, -22663.86, 134687
33178, -22534.00, -22657.19, 134524
33182, -22530.00, -22650.54, 134362
33186, -22524.00, -22643.99, 134193
33191, -22517.00, -22637.38, 134017
33195, -22509.00, -22630.41, 133844
33200, -22503.00, -22623.68, 133663
33204, -22495.00, -22616.72, 133477
33209, -22488.00, -22609.67, 133288
33213, -22480.00, -22602.54, 133103
33218, -22474.00, -22595.77, 132917
33222, -22469.00, -22589.13, 132725
33227, -22463.00, -22582.31, 132533
33231, -22457.00, -22575.80, 132338
33236, -22448.00, -22569.17, 132140
33240, -22442.00, -22562.48, 131941
33244, -22434.00, -22555.89, 131739
33249, -22427.00, -22549.25, 131530
33253, -22421.00, -22542.57, 131316
33257, -22416.00, -22536.01, 131097
33262, -22409.00, -22529.41, 130865
33266, -22403.00, -22522.52, 130637
33271, -22398.00, -22515.99, 130392
33275, -22389.00, -22509.13, 130146
33280, -22382.00, -22502.36, 129894
33284, -22375.00, -22495.58, 129630
33289, -22368.00, -22488.90, 129362
33293, -22361.00, -22482.13, 129075
33298, -22354.00, -22475.07, 128783
33302, -22348.00, -22468.25, 128488
33307, -22344.00, -22461.49, 128190
33311, -22335.00, -22454.97, 127889
33315, -22328.00, -22448.28, 127592
33320, -22321.00, -22441.70, 127296
33324, -22315.00, -22435.13, 127000
33329, -22309.00, -22428.48, 126710
33333, -22302.00, -22421.91, 126429
33337, -22296.00, -22415.32, 126158
33342, -22290.00, -22408.79, 125892
33346, -22284.00, -22402.20, 125637
33350, -22276.00, -22395.67, 125383
33355, -22269.00, -22388.96, 125138
33359, -22262.00, -22382.35, 124906
33364, -22256.00, -22375.85, 124674
33368, -22249.00, -22369.09, 124451
33372, -22243.00, -22362.55, 124236
33377, -22237.00, -22356.02, 124033
33381, -22232.00, -22349.55, 123829
33386, -22225.00, -22343.07, 123638
33390, -22216.00, -22336.60, 123448
33394, -22210.00, -22329.96, 123260
33399, -22204.00, -22323.34, 123080
33403, -22199.00, -22316.84, 122906
33407, -22193.00, -22310.37, 122729
33412, -22186.00, -22303.77, 122555
33416, -22179.00, -22296.96, 122388
33421, -22173.00, -22290.40, 122231
33425, -22166.00, -22284.01, 122076
33430, -22159.00, -22277.57, 121925
33434, -22150.00, -22271.06, 121773
33438, -22147.00, -22264.47, 121627
33443, -22140.00, -22258.09, 121487
33447, -22135.00, -22251.77, 121347
33451, -22128.00, -22245.44, 121211
33456, -22120.00, -22238.97, 121075
33460, -22115.00, -22232.56, 120941
33464, -22107.00, -22226.06, 120807
33469, -22102.00, -22219.49, 120678
33473, -22096.00, -22213.05, 120548
33477, -22091.00, -22206.67, 120423
33482, -22085.00, -22200.34, 120295
33486, -22077.00, -22193.71, 120173
33491, -22070.00, -22187.33, 120050
33495, -22065.00, -22180.80, 119928
33500, -22058.00, -22174.30, 119811
33504, -22051.00, -22167.96, 119694
33508, -22047.00, -22161.66, 119581
33513, -22040.00, -22155.35, 119468
33517, -22035.00, -22148.89, 119356
33521, -22028.00, -22142.66, 119247
33526, -22022.00, -22136.39, 119140
33530, -22016.00, -22130.20, 119032
33534, -22007.00, -22123.84, 118923
33539, -22004.00, -22117.58, 118817
33543, -21998.00, -22111.37, 118710
33547, -21992.00, -22105.13, 118602
33552, -21986.00, -22098.90, 118492
33556, -21979.00, -22092.54, 118385
33561, -21972.00, -22086.23, 118275
33565, -21966.00, -22079.77, 118170
33570, -21960.00, -22073.63, 118065
33574, -21954.00, -22067.48, 117961
33578, -21949.00, -22061.37, 117853
33583, -21943.00, -22054.82, 117744
33587, -21936.00, -22048.65, 117640
33592, -21931.00, -22042.52, 117534
33596, -21925.00, -22036.29, 117430
33600, -21917.00, -22030.00, 117325
33605, -21911.00, -22023.81, 117220
33609, -21906.00, -22017.65, 117115
33614, -21901.00, -22011.61, 117007
33618, -21893.00, -22005.28, 116895
33623, -21888.00, -21998.57, 116786
33627, -21883.00, -21992.56, 116681
33632, -21877.00, -21986.52, 116568
33636, -21868.00, -21980.05, 116461
33641, -21862.00, -21973.88, 116353
33645, -21856.00, -21967.74, 116245
33649, -21851.00, -21961.74, 116133
33654, -21844.00, -21955.62, 116020
33658, -21839.00, -21949.52, 115903
33663, -21834.00, -21943.16, 115789
33667, -21826.00, -21937.13, 115676
33671, -21820.00, -21931.05, 115563
33676, -21814.00, -21924.97, 115447
33680, -21807.00, -21918.89, 115329
33684, -21801.00, -21912.71, 115210
33689, -21796.00, -21906.64, 115088
33693, -21791.00, -21900.47, 114969
33697, -21785.00, -21894.58, 114840
33702, -21778.00, -21888.25, 114718
33706, -21771.00, -21882.22, 114589
33711, -21765.00, -21876.09, 114456
33715, -21758.00, -21869.72, 114319
33720, -21751.00, -21863.39, 114184
33724, -21745.00, -21857.21, 114048
33729, -21740.00, -21851.10, 113904
33733, -21733.00, -21844.78, 113764
33737, -21726.00, -21838.65, 113616
33742, -21721.00, -21832.40, 113472
33746, -21714.00, -21826.34, 113312
33751, -21708.00, -21819.87, 113157
33755, -21701.00, -21813.68, 112999
33760, -21695.00, -21807.51, 112832
33764, -21690.00, -21801.28, 112660
33769, -21682.00, -21794.87, 112489
33773, -21676.00, -21788.72, 112306
33777, -21671.00, -21782.31, 112124
33782, -21662.00, -21776.03, 111935
33786, -21655.00, -21769.64, 111744
33791, -21648.00, -21763.39, 111543
33795, -21642.00, -21756.95, 111342
33799, -21636.00, -21750.58, 111134
33804, -21630.00, -21744.30, 110932
33808, -21625.00, -21738.11, 110728
33813, -21618.00, -21731.88, 110520
33817, -21611.00, -21725.44, 110318
33821, -21602.00, -21719.01, 110120
33826, -21596.00, -21712.69, 109918
33830, -21589.00, -21706.17, 109720
33835, -21583.00, -21699.71, 109526
33839, -21577.00, -21693.35, 109334
33843, -21571.00, -21686.98, 109144
33848, -21565.00, -21680.55, 108960
33852, -21556.00, -21674.23, 108772
33856, -21549.00, -21667.63, 108588
33861, -21541.00, -21660.92, 108397
33865, -21533.00, -21654.08, 108216
33870, -21527.00, -21647.38, 108029
33874, -21519.00, -21640.36, 107851
33879, -21516.00, -21633.82, 107678
33883, -21509.00, -21627.33, 107507
33888, -21502.00, -21620.81, 107338
33892, -21493.00, -21614.21, 107169
33896, -21485.00, -21607.45, 106996
33901, -21479.00, -21600.69, 106830
33905, -21473.00, -21594.10, 106664
33909, -21466.00, -21587.46, 106498
33914, -21459.00, -21580.72, 106334
33918, -21452.00, -21573.99, 106170
33923, -21445.00, -21567.27, 106011
33927, -21438.00, -21560.66, 105853
33931, -21430.00, -21553.93, 105691
33936, -21421.00, -21547.12, 105533
33940, -21416.00, -21540.28, 105372
33944, -21410.00, -21533.52, 105216
33949, -21404.00, -21526.82, 105059
33953, -21396.00, -21520.11, 104904
33957, -21388.00, -21513.35, 104746
33962, -21380.00, -21506.41, 104590
33966, -21372.00, -21499.49, 104435
33970, -21367.00, -21492.61, 104270
33975, -21360.00, -21485.32, 104109
33979, -21353.00, -21478.39, 103950
33984, -21345.00, -21471.34, 103789
33988, -21339.00, -21464.23, 103626
33993, -21331.00, -21457.04, 103463
33997, -21323.00, -21449.82, 103298
34002, -21315.00, -21442.51, 103138
34006, -21309.00, -21435.45, 102981
34011, -21301.00, -21428.48, 102825
34015, -21296.00, -21421.53, 102663
34020, -21288.00, -21414.57, 102504
34024, -21281.00, -21407.64, 102341
34028, -21274.00, -21400.64, 102176
34033, -21266.00, -21393.53, 102012
34037, -21258.00, -21386.44, 101843
34042, -21250.00, -21379.37, 101678
34046, -21244.00, -21372.44, 101506
34050, -21238.00, -21365.39, 101339
34054, -21231.00, -21358.52, 101168
34059, -21223.00, -21351.58, 100993
34064, -21215.00, -21343.93, 100801
34068, -21208.00, -21336.83, 100622
34072, -21199.00, -21329.71, 100439
34077, -21193.00, -21322.50, 100254
34081, -21185.00, -21315.36, 100061
34086, -21177.00, -21307.99, 99873
34090, -21171.00, -21300.89, 99677
34094, -21165.00, -21293.70, 99458
34099, -21157.00, -21285.79, 99263
34104, -21149.00, -21278.73, 99061
34108, -21141.00, -21271.61, 98856
34112, -21134.00, -21264.41, 98645
34117, -21125.00, -21257.16, 98428
34121, -21119.00, -21249.83, 98209
34125, -21113.00, -21242.70, 97984
34130, -21106.00, -21235.61, 97758
34134, -21100.00, -21228.63, 97523
34138, -21091.00, -21221.51, 97286
34143, -21083.00, -21214.38, 97035
34147, -21074.00, -21206.96, 96782
34152, -21067.00, -21199.73, 96519
34156, -21061.00, -21192.35, 96227
34161, -21053.00, -21184.50, 95942
34165, -21046.00, -21176.97, 95659
34170, -21040.00, -21169.80, 95360
34174, -21032.00, -21162.33, 95071
34179, -21025.00, -21155.09, 94738
34184, -21017.00, -21146.74, 94450
34188, -21009.00, -21139.57, 94178
34193, -21001.00, -21132.51, 93903
34197, -20991.00, -21125.18, 93635
34201, -20986.00, -21117.66, 93379
34206, -20980.00, -21110.63, 93132
34210, -20974.00, -21103.44, 92888
34215, -20967.00, -21096.27, 92653
34219, -20961.00, -21089.18, 92427
34223, -20952.00, -21082.05, 92210
34228, -20946.00, -21075.02, 91998
34232, -20938.00, -21067.83, 91789
34236, -20932.00, -21060.68, 91589
34241, -20926.00, -21053.67, 91389
34245, -20920.00, -21046.59, 91197
34250, -20912.00, -21039.54, 91012
34254, -20905.00, -21032.47, 90834
34258, -20897.00, -21025.46, 90663
34263, -20888.00, -21018.33, 90491
34267, -20882.00, -21011.18, 90323
34272, -20875.00, -21004.10, 90145
34276, -20867.00, -20996.29, 89985
34281, -20860.00, -20989.13, 89828
34285, -20853.00, -20982.11, 89678
34289, -20847.00, -20975.13, 89533
34294, -20840.00, -20968.17, 89387
34298, -20833.00, -20961.23, 89245
34302, -20825.00, -20954.21, 89091
34307, -20817.00, -20946.53, 88950
34312, -20813.00, -20939.37, 88813
34316, -20804.00, -20932.36, 88678
34320, -20797.00, -20925.32, 88547
34325, -20791.00, -20918.34, 88418
34329, -20784.00, -20911.41, 88292
34333, -20776.00, -20904.47, 88163
34338, -20768.00, -20897.31, 88038
34342, -20761.00, -20890.21, 87913
34346, -20755.00, -20883.13, 87785
34351, -20748.00, -20875.73, 87663
34355, -20742.00, -20868.73, 87543
34360, -20734.00, -20861.70, 87424
34364, -20725.00, -20854.59, 87306
34369, -20719.00, -20847.43, 87188
34373, -20712.00, -20840.27, 87074
34377, -20705.00, -20833.32, 86955
34382, -20698.00, -20826.08, 86842
34386, -20691.00, -20819.07, 86730
34391, -20684.00, -20812.04, 86619
34395, -20678.00, -20805.07, 86494
34400, -20671.00, -20797.05, 86386
34404, -20664.00, -20790.16, 86278
34409, -20656.00, -20783.18, 86168
34413, -20648.00, -20776.02, 86060
34418, -20640.00, -20768.97, 85952
34422, -20634.00, -20761.82, 85846
34426, -20626.00, -20754.85, 85739
34431, -20620.00, -20747.66, 85632
34435, -20614.00, -20740.76, 85529
34439, -20608.00, -20733.85, 85423
34444, -20599.00, -20726.93, 85318
34448, -20592.00, -20719.92, 85212
34453, -20585.00, -20712.87, 85106
34457, -20579.00, -20705.86, 85001
34461, -20571.00, -20698.83, 84894
34466, -20566.00, -20691.90, 84789
34470, -20559.00, -20685.01, 84685
34474, -20553.00, -20678.09, 84578
34479, -20546.00, -20671.19, 84472
34483, -20539.00, -20664.34, 84365
34487, -20530.00, -20657.48, 84260
34492, -20524.00, -20650.60, 84153
34496, -20517.00, -20643.74, 84044
34500, -20511.00, -20636.82, 83938
34505, -20505.00, -20630.03, 83830
34509, -20497.00, -20623.20, 83719
34514, -20490.00, -20616.17, 83609
34518, -20482.00, -20609.26, 83498
34522, -20478.00, -20602.46, 83386
34526, -20469.00, -20595.65, 83272
34531, -20463.00, -20588.75, 83157
34535, -20457.00, -20581.85, 83042
34540, -20450.00, -20575.03, 82926
34544, -20442.00, -20568.14, 82810
34548, -20435.00, -20561.31, 82691
34553, -20427.00, -20554.35, 82570
34557, -20422.00, -20547.36, 82451
34561, -20416.00, -20540.54, 82329
34566, -20409.00, -20533.71, 82206
34570, -20402.00, -20526.91, 82078
34575, -20395.00, -20519.87, 81949
34579, -20389.00, -20512.90, 81820
34583, -20382.00, -20506.09, 81690
34588, -20373.00, -20499.24, 81560
34592, -20368.00, -20492.45, 81424
34596, -20362.00, -20485.71, 81289
34601, -20355.00, -20478.95, 81151
34605, -20348.00, -20472.24, 81010
34609, -20343.00, -20465.47, 80863
34614, -20334.00, -20458.54, 80715
34618, -20327.00, -20451.64, 80565
34623, -20322.00, -20444.92, 80411
34627, -20315.00, -20438.21, 80255
34631, -20309.00, -20431.52, 80093
34636, -20302.00, -20424.71, 79930
34640, -20295.00, -20418.03, 79763
34644, -20290.00, -20411.39, 79591
34649, -20281.00, -20404.63, 79417
34653, -20276.00, -20397.97, 79236
34657, -20268.00, -20391.25, 79047
34662, -20261.00, -20384.38, 78858
34666, -20257.00, -20377.64, 78665
34671, -20250.00, -20371.04, 78469
34675, -20243.00, -20364.31, 78275
34679, -20237.00, -20357.68, 78076
34684, -20228.00, -20350.89, 77882
34688, -20224.00, -20344.21, 77688
34692, -20216.00, -20337.63, 77495
34697, -20210.00, -20330.98, 77298
34701, -20203.00, -20324.19, 77110
34706, -20197.00, -20317.53, 76928
34710, -20190.00, -20310.98, 76746
34714, -20182.00, -20304.38, 76568
34719, -20177.00, -20297.80, 76392
34723, -20171.00, -20291.29, 76213
34727, -20165.00, -20284.69, 76040
34732, -20158.00, -20278.11, 75857
34736, -20152.00, -20271.15, 75686
34741, -20146.00, -20264.51, 75520
34745, -20138.00, -20257.92, 75352
34749, -20132.00, -20251.35, 75188
34754, -20125.00, -20244.85, 75024
34758, -20117.00, -20238.19, 74863
34763, -20112.00, -20231.56, 74704
34767, -20106.00, -20225.07, 74544
34771, -20100.00, -20218.51, 74388
34776, -20093.00, -20212.06, 74234
34780, -20085.00, -20205.50, 74079
34784, -20079.00, -20198.93, 73927
34789, -20072.00, -20192.39, 73773
34793, -20066.00, -20185.82, 73625
34797, -20060.00, -20179.37, 73476
34802, -20055.00, -20172.96, 73329
34806, -20047.00, -20166.52, 73179
34810, -20041.00, -20159.97, 73027
34815, -20034.00, -20153.34, 72882
34819, -20026.00, -20146.82, 72734
34823, -20021.00, -20140.28, 72589
34828, -20016.00, -20133.86, 72442
34832, -20009.00, -20127.38, 72295
34836, -20003.00, -20120.89, 72144
34841, -19997.00, -20114.12, 72001
34845, -19990.00, -20107.75, 71857
34850, -19983.00, -20101.34, 71713
34854, -19975.00, -20094.88, 71570
34858, -19970.00, -20088.46, 71425
34863, -19965.00, -20082.05, 71278
34867, -19958.00, -20075.67, 71133
34871, -19953.00, -20069.28, 70990
34876, -19944.00, -20062.97, 70848
34880, -19939.00, -20056.59, 70702
34884, -19931.00, -20050.20, 70556
34888, -19925.00, -20043.76, 70411
34893, -19920.00, -20037.29, 70263
34897, -19912.00, -20030.89, 70116
34901, -19908.00, -20024.47, 69971
34906, -19902.00, -20018.16, 69821
34910, -19894.00, -20011.74, 69673
34914, -19888.00, -20005.40, 69524
34919, -19880.00, -19998.95, 69371
34923, -19876.00, -19992.57, 69217
34927, -19870.00, -19986.21, 69064
34932, -19863.00, -19979.87, 68905
34936, -19856.00, -19973.46, 68749
34940, -19852.00, -19967.19, 68591
34945, -19844.00, -19960.85, 68426
34949, -19837.00, -19954.47, 68262
34953, -19832.00, -19948.20, 68096
34958, -19826.00, -19941.86, 67925
34962, -19820.00, -19935.52, 67755
34966, -19814.00, -19929.27, 67580
34971, -19808.00, -19922.96, 67404
34975, -19801.00, -19916.66, 67226
34979, -19794.00, -19910.41, 67045
34984, -19788.00, -19904.12, 66857
34988, -19783.00, -19897.73, 66658
34993, -19777.00, -19891.00, 66462
34997, -19769.00, -19884.81, 66271
35001, -19764.00, -19878.62, 66074
35006, -19755.00, -19872.33, 65870
35010, -19750.00, -19865.96, 65663
35014, -19744.00, -19859.69, 65446
35019, -19738.00, -19853.35, 65227
35023, -19732.00, -19847.04, 65004
35027, -19726.00, -19840.80, 64763
35032, -19720.00, -19834.23, 64528
35036, -19713.00, -19827.96, 64288
35041, -19707.00, -19821.67, 64037
35045, -19702.00, -19815.51, 63781
35049, -19696.00, -19809.34, 63513
35054, -19689.00, -19803.04, 63239
35058, -19683.00, -19796.81, 62955
35062, -19677.00, -19790.51, 62663
35067, -19669.00, -19784.13, 62372
35071, -19663.00, -19777.83, 62078
35076, -19657.00, -19771.53, 61789
35080, -19650.00, -19765.28, 61468
35085, -19643.00, -19758.25, 61187
35089, -19638.00, -19752.02, 60910
35094, -19632.00, -19745.73, 60636
35098, -19626.00, -19739.45, 60380
35102, -19619.00, -19733.29, 60126
35107, -19613.00, -19726.99, 59881
35111, -19606.00, -19720.78, 59640
35115, -19600.00, -19714.50, 59401
35120, -19594.00, -19708.13, 59176
35124, -19587.00, -19701.89, 58959
35128, -19583.00, -19695.66, 58744
35133, -19576.00, -19689.48, 58537
35137, -19569.00, -19683.31, 58339
35141, -19564.00, -19677.12, 58146
35146, -19558.00, -19671.00, 57956
35150, -19551.00, -19664.78, 57772
35154, -19546.00, -19658.63, 57591
35159, -19538.00, -19652.49, 57413
35163, -19534.00, -19646.27, 57238
35167, -19528.00, -19640.10, 57069
35172, -19521.00, -19633.81, 56904
35176, -19513.00, -19627.67, 56737
35181, -19507.00, -19621.16, 56579
35185, -19502.00, -19614.96, 56422
35189, -19496.00, -19608.75, 56271
35194, -19491.00, -19602.64, 56121
35198, -19484.00, -19596.51, 55976
35202, -19478.00, -19590.36, 55832
35207, -19473.00, -19584.25, 55692
35211, -19467.00, -19578.19, 55552
35216, -19459.00, -19572.07, 55414
35220, -19453.00, -19565.85, 55279
35224, -19448.00, -19559.79, 55145
35229, -19442.00, -19553.68, 55012
35233, -19437.00, -19547.56, 54883
35237, -19430.00, -19541.50, 54751
35242, -19425.00, -19535.34, 54624
35246, -19417.00, -19529.32, 54496
35250, -19410.00, -19523.06, 54370
35255, -19405.00, -19516.93, 54248
35259, -19400.00, -19510.92, 54125
35263, -19392.00, -19504.83, 54005
35268, -19388.00, -19498.79, 53887
35272, -19383.00, -19492.75, 53767
35276, -19375.00, -19486.65, 53647
35281, -19367.00, -19480.40, 53533
35285, -19361.00, -19474.22, 53410
35290, -19356.00, -19467.82, 53294
35294, -19350.00, -19461.76, 53178
35298, -19345.00, -19455.72, 53062
35303, -19339.00, -19449.67, 52948
35307, -19333.00, -19443.65, 52833
35311, -19325.00, -19437.55, 52718
35316, -19319.00, -19431.41, 52602
35320, -19313.00, -19425.31, 52488
35324, -19307.00, -19419.22, 52373
35329, -19302.00, -19413.18, 52254
35333, -19297.00, -19406.95, 52138
35337, -19290.00, -19400.91, 52024
35342, -19284.00, -19394.86, 51909
35346, -19276.00, -19388.75, 51793
35351, -19270.00, -19382.54, 51678
35355, -19265.00, -19376.46, 51564
35359, -19261.00, -19370.46, 51447
35364, -19254.00, -19364.47, 51331
35368, -19248.00, -19358.37, 51216
35372, -19242.00, -19352.35, 51099
35377, -19235.00, -19346.29, 50983
35381, -19229.00, -19340.14, 50864
35385, -19222.00, -19334.06, 50745
35390, -19217.00, -19327.91, 50624
35394, -19212.00, -19321.90, 50507
35398, -19206.00, -19315.98, 50387
35403, -19200.00, -19310.01, 50269
35407, -19194.00, -19304.02, 50145
35411, -19188.00, -19297.99, 50020
35416, -19182.00, -19291.95, 49896
35420, -19177.00, -19285.99, 49770
35424, -19171.00, -19280.10, 49645
35429, -19165.00, -19274.25, 49518
35433, -19161.00, -19268.38, 49387
35437, -19153.00, -19262.43, 49256
35442, -19146.00, -19256.43, 49119
35446, -19141.00, -19250.31, 48979
35451, -19135.00, -19244.16, 48841
35455, -19129.00, -19238.22, 48700
35459, -19123.00, -19232.27, 48556
35464, -19118.00, -19226.32, 48414
35468, -19113.00, -19220.47, 48266
35472, -19107.00, -19214.57, 48114
35477, -19099.00, -19208.62, 47959
35481, -19095.00, -19202.57, 47802
35485, -19088.00, -19196.63, 47633
35490, -19082.00, -19190.49, 47468
35494, -19076.00, -19184.52, 47302
35499, -19071.00, -19178.64, 47130
35503, -19065.00, -19172.72, 46957
35507, -19058.00, -19166.81, 46779
35512, -19052.00, -19160.91, 46594
35516, -19046.00, -19154.88, 46404
35520, -19041.00, -19148.96, 46212
35525, -19035.00, -19143.04, 46010
35529, -19029.00, -19137.11, 45811
35533, -19025.00, -19131.28, 45614
35538, -19017.00, -19125.48, 45413
35542, -19012.00, -19119.61, 45213
35546, -19007.00, -19113.77, 45014
35551, -19002.00, -19107.98, 44815
35555, -18994.00, -19102.14, 44623
35559, -18990.00, -19096.33, 44428
35564, -18984.00, -19090.44, 44239
35568, -18977.00, -19084.56, 44052
35573, -18972.00, -19078.70, 43870
35577, -18965.00, -19072.85, 43688
35581, -18959.00, -19066.95, 43513
35586, -18955.00, -19061.18, 43338
35590, -18949.00, -19055.39, 43165
35594, -18945.00, -19049.65, 42997
35599, -18940.00, -19043.99, 42829
35603, -18933.00, -19038.29, 42663
35607, -18926.00, -19032.44, 42494
35612, -18921.00, -19026.52, 42330
35616, -18916.00, -19020.76, 42168
35620, -18909.00, -19014.99, 42007
35625, -18903.00, -19009.17, 41849
35629, -18898.00, -19003.36, 41692
35634, -18892.00, -18997.57, 41539
35638, -18886.00, -18991.82, 41385
35642, -18880.00, -18986.02, 41231
35647, -18874.00, -18980.13, 41072
35651, -18867.00, -18974.06, 40919
35656, -18863.00, -18968.13, 40769
35660, -18856.00, -18962.42, 40622
35664, -18850.00, -18956.61, 40475
35669, -18845.00, -18950.84, 40328
35673, -18839.00, -18945.10, 40181
35677, -18834.00, -18939.32, 40036
35682, -18826.00, -18933.52, 39885
35686, -18820.00, -18927.54, 39740
35690, -18815.00, -18921.77, 39595
35695, -18810.00, -18915.98, 39453
35699, -18804.00, -18910.27, 39310
35703, -18799.00, -18904.47, 39164
35708, -18791.00, -18898.66, 39020
35712, -18784.00, -18892.76, 38876
35716, -18779.00, -18886.90, 38730
35721, -18773.00, -18881.01, 38586
35725, -18769.00, -18875.18, 38443
35729, -18762.00, -18869.44, 38298
35734, -18756.00, -18863.56, 38156
35738, -18750.00, -18857.76, 38011
35742, -18742.00, -18851.83, 37857
35747, -18738.00, -18845.55, 37712
35751, -18731.00, -18839.70, 37566
35755, -18727.00, -18833.76, 37420
35760, -18721.00, -18827.93, 37276
35764, -18713.00, -18822.08, 37131
35768, -18708.00, -18816.17, 36983
35773, -18701.00, -18810.24, 36821
35778, -18696.00, -18803.76, 36669
35782, -18688.00, -18797.70, 36516
35786, -18681.00, -18791.57, 36363
35791, -18677.00, -18785.61, 36210
35795, -18673.00, -18779.74, 36057
35799, -18666.00, -18773.89, 35901
35804, -18661.00, -18768.01, 35731
35808, -18653.00, -18761.61, 35571
35813, -18646.00, -18755.63, 35409
35817, -18640.00, -18749.63, 35242
35822, -18633.00, -18743.52, 35076
35826, -18628.00, -18737.52, 34911
35830, -18622.00, -18731.62, 34740
35835, -18616.00, -18725.62, 34566
35839, -18612.00, -18719.61, 34395
35843, -18604.00, -18713.72, 34216
35848, -18598.00, -18707.75, 34035
35852, -18590.00, -18701.71, 33854
35856, -18585.00, -18695.66, 33667
35861, -18579.00, -18689.68, 33476
35865, -18573.00, -18683.58, 33282
35869, -18568.00, -18677.54, 33088
35874, -18561.00, -18671.53, 32878
35878, -18554.00, -18665.19, 32669
35883, -18546.00, -18659.05, 32459
35887, -18540.00, -18652.90, 32245
35891, -18536.00, -18646.85, 32025
35896, -18529.00, -18640.83, 31798
35900, -18523.00, -18634.69, 31565
35904, -18518.00, -18628.57, 31330
35909, -18512.00, -18622.54, 31088
35913, -18502.00, -18616.42, 30830
35917, -18497.00, -18610.06, 30573
35922, -18491.00, -18603.89, 30309
35926, -18487.00, -18597.80, 30029
35931, -18479.00, -18591.54, 29753
35935, -18473.00, -18585.44, 29447
35940, -18465.00, -18578.68, 29173
35944, -18459.00, -18572.56, 28891
35948, -18452.00, -18566.23, 28617
35953, -18446.00, -18560.02, 28350
35957, -18439.00, -18553.80, 28086
35961, -18434.00, -18547.58, 27835
35966, -18427.00, -18541.38, 27587
35970, -18421.00, -18535.13, 27344
35974, -18415.00, -18528.89, 27110
35979, -18407.00, -18522.59, 26883
35983, -18402.00, -18516.30, 26660
35987, -18396.00, -18510.11, 26447
35992, -18389.00, -18503.95, 26239
35996, -18383.00, -18497.61, 26029
36000, -18378.00, -18491.31, 25836
36005, -18371.00, -18485.16, 25648
36009, -18363.00, -18478.91, 25457
36014, -18356.00, -18472.38, 25273
36018, -18350.00, -18466.03, 25099
36022, -18343.00, -18459.77, 24927
36027, -18338.00, -18453.45, 24759
36031, -18336.00, -18447.29, 24629
36035, -18345.00, -18441.64, 24569
36040, -18351.00, -18436.12, 24568
36044, -18359.00, -18431.86, 24607
36049, -18367.00, -18428.20, 24677
36053, -18372.00, -18425.10, 24772
36057, -18380.00, -18422.49, 24890
36062, -18385.00, -18420.36, 25020
36066, -18394.00, -18418.73, 25182
36071, -18400.00, -18417.48, 25343
36075, -18409.00, -18416.79, 25512
36079, -18412.00, -18416.46, 25691
36084, -18420.00, -18416.43, 25885
36088, -18428.00, -18416.84, 26085
36092, -18432.00, -18417.54, 26298
36097, -18440.00, -18418.53, 26521
36101, -18445.00, -18419.84, 26747
36106, -18454.00, -18421.42, 26980
36110, -18461.00, -18423.34, 27224
36114, -18466.00, -18425.46, 27479
36119, -18475.00, -18427.87, 27741
36123, -18480.00, -18430.47, 28016
36127, -18486.00, -18433.26, 28301
36132, -18493.00, -18436.26, 28592
36136, -18501.00, -18439.53, 28885
36140, -18506.00, -18442.91, 29175
36145, -18514.00, -18446.43, 29472
36149, -18520.00, -18450.28, 29760
36153, -18527.00, -18454.17, 30043
36158, -18534.00, -18458.20, 30325
36162, -18541.00, -18462.44, 30600
36166, -18547.00, -18466.77, 30866
36171, -18554.00, -18471.26, 31128
36175, -18560.00, -18475.83, 31381
36180, -18567.00, -18480.49, 31633
36184, -18576.00, -18485.35, 31877
36188, -18580.00, -18490.26, 32112
36193, -18586.00, -18495.13, 32345
36197, -18593.00, -18500.12, 32571
36201, -18600.00, -18505.22, 32788
36206, -18607.00, -18510.40, 33006
36210, -18614.00, -18515.75, 33218
36214, -18620.00, -18521.16, 33429
36219, -18627.00, -18526.82, 33641
36223, -18633.00, -18532.27, 33844
36228, -18640.00, -18537.90, 34044
36232, -18646.00, -18543.50, 34236
36236, -18652.00, -18549.05, 34425
36240, -18660.00, -18554.70, 34615
36245, -18667.00, -18560.52, 34807
36249, -18673.00, -18566.51, 34989
36254, -18681.00, -18572.43, 35174
36258, -18684.00, -18578.32, 35351
36262, -18691.00, -18584.06, 35529
36267, -18698.00, -18589.97, 35700
36271, -18704.00, -18595.91, 35870
36275, -18711.00, -18601.82, 36041
36280, -18720.00, -18608.02, 36212
36284, -18726.00, -18614.17, 36382
36289, -18732.00, -18620.45, 36544
36293, -18740.00, -18626.57, 36705
36297, -18744.00, -18632.71, 36866
36302, -18751.00, -18638.80, 37024
36306, -18757.00, -18644.86, 37179
36310, -18763.00, -18650.90, 37340
36315, -18771.00, -18657.21, 37503
36319, -18777.00, -18663.61, 37660
36324, -18782.00, -18669.80, 37820
36328, -18789.00, -18676.05, 37976
36332, -18794.00, -18682.11, 38131
36337, -18803.00, -18688.29, 38286
36341, -18808.00, -18694.54, 38440
36345, -18814.00, -18700.71, 38595
36350, -18821.00, -18707.00, 38751
36354, -18829.00, -18713.31, 38905
36359, -18834.00, -18719.65, 39060
36363, -18838.00, -18725.80, 39217
36367, -18844.00, -18732.02, 39372
36372, -18852.00, -18738.22, 39525
36376, -18857.00, -18744.41, 39676
36380, -18865.00, -18750.54, 39831
36385, -18872.00, -18756.86, 39993
36389, -18879.00, -18763.33, 40148
36394, -18883.00, -18769.63, 40307
36398, -18890.00, -18775.85, 40464
36402, -18897.00, -18782.02, 40618
36407, -18903.00, -18788.28, 40777
36411, -18909.00, -18794.46, 40937
36415, -18915.00, -18800.69, 41097
36419, -18922.00, -18806.97, 41264
36424, -18928.00, -18813.26, 41428
36428, -18933.00, -18819.45, 41591
36432, -18939.00, -18825.58, 41758
36437, -18945.00, -18831.73, 41927
36441, -18952.00, -18837.92, 42096
36445, -18957.00, -18844.10, 42273
36450, -18965.00, -18850.38, 42450
36454, -18971.00, -18856.69, 42632
36459, -18976.00, -18863.05, 42810
36463, -18982.00, -18869.14, 42990
36467, -18988.00, -18875.19, 43172
36472, -18995.00, -18881.36, 43363
36476, -19001.00, -18887.68, 43552
36480, -19008.00, -18893.92, 43747
36485, -19014.00, -18900.12, 43945
36489, -19021.00, -18906.38, 44152
36494, -19026.00, -18912.77, 44354
36498, -19032.00, -18918.96, 44560
36502, -19038.00, -18925.13, 44806
36507, -19044.00, -18932.36, 45015
36512, -19052.00, -18938.47, 45236
36516, -19057.00, -18944.90, 45450
36521, -19064.00, -18951.10, 45660
36525, -19070.00, -18957.30, 45871
36529, -19076.00, -18963.63, 46074
36534, -19081.00, -18969.73, 46270
36538, -19086.00, -18975.84, 46471
36543, -19094.00, -18982.02, 46664
36547, -19100.00, -18988.21, 46855
36551, -19106.00, -18994.49, 47034
36556, -19113.00, -19000.57, 47211
36560, -19119.00, -19006.66, 47386
36564, -19124.00, -19012.72, 47560
36569, -19131.00, -19018.96, 47727
36573, -19137.00, -19025.12, 47892
36578, -19143.00, -19031.18, 48052
36582, -19150.00, -19037.34, 48208
36586, -19156.00, -19043.45, 48366
36591, -19162.00, -19049.71, 48519
36595, -19168.00, -19055.84, 48668
36599, -19173.00, -19061.95, 48814
36604, -19179.00, -19067.94, 48956
36608, -19186.00, -19074.07, 49101
36612, -19191.00, -19080.24, 49240
36617, -19198.00, -19086.31, 49381
36621, -19205.00, -19092.56, 49515
36626, -19211.00, -19098.71, 49648
36630, -19217.00, -19104.81, 49781
36634, -19222.00, -19110.93, 49914
36639, -19227.00, -19117.02, 50043
36643, -19235.00, -19123.10, 50174
36648, -19241.00, -19129.37, 50300
36652, -19247.00, -19135.49, 50427
36656, -19254.00, -19141.60, 50550
36661, -19261.00, -19147.84, 50675
36665, -19268.00, -19154.01, 50798
36669, -19273.00, -19160.21, 50920
36674, -19278.00, -19166.36, 51046
36678, -19284.00, -19172.69, 51166
36683, -19290.00, -19178.78, 51283
36687, -19298.00, -19184.84, 51402
36691, -19305.00, -19191.01, 51519
36695, -19309.00, -19197.13, 51636
36700, -19316.00, -19203.22, 51756
36704, -19321.00, -19209.44, 51876
36709, -19328.00, -19215.66, 51999
36713, -19333.00, -19222.02, 52117
36718, -19342.00, -19228.26, 52234
36722, -19348.00, -19234.39, 52349
36726, -19354.00, -19240.53, 52468
36730, -19360.00, -19246.71, 52585
36735, -19367.00, -19252.89, 52704
36739, -19371.00, -19259.17, 52823
36744, -19377.00, -19265.25, 52942
36748, -19385.00, -19271.50, 53059
36752, -19390.00, -19277.63, 53176
36757, -19397.00, -19283.75, 53296
36761, -19404.00, -19290.08, 53417
36765, -19410.00, -19296.30, 53537
36770, -19415.00, -19302.46, 53659
36774, -19422.00, -19308.63, 53785
36779, -19429.00, -19315.13, 53912
36783, -19435.00, -19321.38, 54036
36787, -19441.00, -19327.61, 54161
36792, -19449.00, -19333.86, 54288
36796, -19455.00, -19340.11, 54418
36800, -19462.00, -19346.41, 54548
36805, -19467.00, -19352.65, 54680
36809, -19474.00, -19358.92, 54813
36813, -19480.00, -19365.22, 54951
36818, -19486.00, -19371.63, 55087
36822, -19492.00, -19377.89, 55226
36827, -19499.00, -19384.13, 55368
36831, -19507.00, -19390.52, 55511
36835, -19512.00, -19396.83, 55656
36840, -19517.00, -19403.05, 55803
36844, -19524.00, -19409.28, 55955
36848, -19529.00, -19415.63, 56104
36853, -19537.00, -19421.79, 56260
36857, -19545.00, -19428.17, 56419
36861, -19548.00, -19434.49, 56580
36866, -19557.00, -19440.83, 56748
36870, -19563.00, -19447.14, 56920
36875, -19568.00, -19453.52, 57091
36879, -19574.00, -19459.79, 57264
36883, -19582.00, -19466.04, 57441
36888, -19589.00, -19472.29, 57626
36892, -19596.00, -19478.69, 57817
36896, -19601.00, -19485.08, 58011
36901, -19609.00, -19491.40, 58213
36905, -19615.00, -19497.86, 58422
36909, -19620.00, -19504.24, 58635
36914, -19627.00, -19510.57, 58855
36918, -19633.00, -19516.99, 59083
36922, -19640.00, -19523.39, 59316
36927, -19646.00, -19529.80, 59564
36931, -19655.00, -19536.27, 59818
36936, -19660.00, -19542.72, 60079
36940, -19665.00, -19549.13, 60351
36944, -19672.00, -19555.50, 60627
36949, -19679.00, -19561.82, 60919
36953, -19685.00, -19568.30, 61219
36957, -19692.00, -19574.68, 61520
36962, -19699.00, -19581.15, 61835
36966, -19705.00, -19587.68, 62134
36970, -19714.00, -19594.10, 62432
36975, -19718.00, -19600.57, 62722
36979, -19723.00, -19606.92, 63011
36983, -19731.00, -19613.33, 63299
36988, -19737.00, -19619.96, 63573
36992, -19745.00, -19626.40, 63839
36997, -19751.00, -19632.85, 64101
37001, -19757.00, -19639.24, 64369
37006, -19764.00, -19646.16, 64622
37010, -19769.00, -19652.57, 64867
37014, -19777.00, -19659.00, 65103
37019, -19783.00, -19665.49, 65330
37023, -19789.00, -19671.86, 65551
37027, -19796.00, -19678.18, 65773
37032, -19807.00, -19684.79, 65990
37036, -19811.00, -19691.42, 66200
37040, -19816.00, -19697.92, 66407
37045, -19822.00, -19704.47, 66611
37049, -19828.00, -19710.89, 66810
37054, -19836.00, -19717.37, 67006
37058, -19842.00, -19723.90, 67195
37062, -19849.00, -19730.33, 67384
37067, -19856.00, -19736.85, 67572
37071, -19861.00, -19743.38, 67753
37075, -19869.00, -19749.87, 67933
37080, -19875.00, -19756.39, 68107
37084, -19881.00, -19762.91, 68277
37089, -19888.00, -19769.42, 68448
37093, -19895.00, -19775.89, 68630
37098, -19902.00, -19783.00, 68793
37102, -19911.00, -19789.57, 68957
37106, -19914.00, -19796.01, 69117
37111, -19920.00, -19802.49, 69278
37115, -19926.00, -19808.94, 69436
37119, -19932.00, -19815.45, 69593
37124, -19940.00, -19821.94, 69746
37128, -19947.00, -19828.34, 69896
37132, -19954.00, -19834.76, 70051
37137, -19960.00, -19841.30, 70202
37141, -19966.00, -19847.71, 70352
37145, -19973.00, -19854.14, 70505
37150, -19979.00, -19860.69, 70653
37154, -19984.00, -19867.07, 70804
37158, -19993.00, -19873.56, 70950
37163, -19999.00, -19880.00, 71100
37167, -20007.00, -19886.67, 71251
37172, -20013.00, -19893.14, 71399
37176, -20018.00, -19899.64, 71546
37180, -20024.00, -19906.07, 71693
37185, -20030.00, -19912.48, 71841
37189, -20038.00, -19918.89, 71985
37193, -20044.00, -19925.32, 72134
37198, -20053.00, -19931.94, 72280
37202, -20058.00, -19938.43, 72428
37206, -20063.00, -19944.88, 72578
37211, -20071.00, -19951.40, 72731
37215, -20077.00, -19958.07, 72882
37219, -20083.00, -19964.61, 73030
37224, -20091.00, -19971.17, 73182
37228, -20098.00, -19977.71, 73333
37232, -20103.00, -19984.18, 73484
37237, -20110.00, -19990.65, 73639
37241, -20117.00, -19997.16, 73796
37245, -20125.00, -20003.79, 73952
37250, -20130.00, -20010.30, 74108
37254, -20138.00, -20016.87, 74268
37258, -20146.00, -20023.58, 74431
37263, -20153.00, -20030.39, 74598
37267, -20160.00, -20037.22, 74760
37272, -20165.00, -20043.78, 74925
37276, -20172.00, -20050.34, 75090
37280, -20179.00, -20056.98, 75260
37285, -20185.00, -20063.59, 75429
37289, -20192.00, -20070.15, 75599
37293, -20199.00, -20076.79, 75780
37298, -20206.00, -20083.58, 75955
37302, -20213.00, -20090.18, 76143
37306, -20220.00, -20097.10, 76328
37311, -20227.00, -20103.78, 76516
37315, -20232.00, -20110.53, 76703
37319, -20240.00, -20117.13, 76896
37324, -20248.00, -20123.90, 77104
37328, -20254.00, -20130.94, 77304
37333, -20261.00, -20137.62, 77510
37337, -20268.00, -20144.63, 77724
37341, -20274.00, -20151.34, 77934
37346, -20281.00, -20158.16, 78139
37350, -20288.00, -20164.89, 78343
37355, -20297.00, -20171.72, 78542
37359, -20304.00, -20178.50, 78737
37363, -20311.00, -20185.27, 78932
37368, -20317.00, -20192.12, 79121
37372, -20323.00, -20198.82, 79311
37376, -20331.00, -20205.74, 79494
37381, -20337.00, -20212.54, 79673
37385, -20343.00, -20219.27, 79848
37389, -20351.00, -20226.10, 80020
37394, -20359.00, -20232.93, 80188
37398, -20366.00, -20240.05, 80357
37402, -20373.00, -20246.88, 80518
37407, -20379.00, -20253.71, 80680
37411, -20386.00, -20260.71, 80837
37415, -20394.00, -20267.57, 80987
37420, -20400.00, -20274.41, 81135
37424, -20407.00, -20281.25, 81282
37428, -20415.00, -20288.17, 81425
37433, -20422.00, -20295.02, 81573
37437, -20430.00, -20302.29, 81711
37442, -20435.00, -20309.20, 81847
37446, -20440.00, -20315.97, 81982
37450, -20448.00, -20322.85, 82111
37455, -20457.00, -20329.68, 82241
37459, -20465.00, -20336.64, 82369
37463, -20472.00, -20343.66, 82495
37468, -20477.00, -20350.57, 82622
37472, -20484.00, -20357.53, 82747
37476, -20493.00, -20364.49, 82869
37481, -20501.00, -20371.53, 82991
37485, -20507.00, -20378.63, 83111
37489, -20513.00, -20385.61, 83229
37494, -20522.00, -20392.63, 83351
37498, -20530.00, -20399.86, 83468
37503, -20536.00, -20406.85, 83585
37507, -20542.00, -20413.93, 83699
37511, -20549.00, -20420.84, 83812
37516, -20556.00, -20427.75, 83927
37520, -20564.00, -20434.80, 84041
37524, -20572.00, -20441.86, 84155
37529, -20580.00, -20449.04, 84268
37533, -20585.00, -20456.08, 84383
37537, -20593.00, -20463.27, 84495
37542, -20600.00, -20470.25, 84608
37546, -20608.00, -20477.45, 84723
37550, -20615.00, -20484.68, 84833
37555, -20623.00, -20491.78, 84946
37559, -20630.00, -20498.93, 85059
37563, -20637.00, -20506.11, 85172
37568, -20646.00, -20513.33, 85284
37572, -20651.00, -20520.49, 85396
37577, -20659.00, -20527.85, 85511
37581, -20666.00, -20535.02, 85621
37585, -20674.00, -20542.12, 85731
37590, -20681.00, -20549.22, 85841
37594, -20690.00, -20556.41, 85949
37598, -20698.00, -20563.66, 86059
37602, -20703.00, -20570.84, 86174
37607, -20710.00, -20578.22, 86287
37611, -20718.00, -20585.40, 86400
37616, -20725.00, -20592.75, 86515
37620, -20732.00, -20599.94, 86630
37624, -20741.00, -20607.25, 86748
37629, -20748.00, -20614.62, 86867
37633, -20754.00, -20621.98, 86986
37637, -20762.00, -20629.20, 87104
37642, -20769.00, -20636.43, 87222
37646, -20775.00, -20643.55, 87342
37650, -20783.00, -20650.70, 87463
37655, -20792.00, -20657.93, 87585
37659, -20799.00, -20665.16, 87710
37663, -20806.00, -20672.44, 87837
37668, -20815.00, -20679.77, 87965
37672, -20820.00, -20687.05, 88095
37676, -20828.00, -20694.41, 88226
37681, -20835.00, -20701.69, 88357
37685, -20842.00, -20708.87, 88491
37689, -20851.00, -20716.12, 88631
37694, -20858.00, -20723.65, 88770
37698, -20864.00, -20730.94, 88912
37703, -20871.00, -20738.25, 89074
37707, -20878.00, -20746.29, 89219
37712, -20887.00, -20753.45, 89366
37716, -20893.00, -20760.61, 89516
37720, -20902.00, -20767.77, 89671
37725, -20910.00, -20775.10, 89830
37729, -20917.00, -20782.56, 89992
37733, -20924.00, -20789.79, 90159
37738, -20930.00, -20797.05, 90331
37742, -20937.00, -20804.37, 90505
37746, -20944.00, -20811.65, 90685
37751, -20952.00, -20818.86, 90868
37755, -20960.00, -20826.06, 91057
37759, -20969.00, -20833.35, 91252
37764, -20974.00, -20840.69, 91454
37768, -20981.00, -20847.94, 91660
37772, -20989.00, -20855.12, 91873
37777, -20995.00, -20862.40, 92090
37781, -21002.00, -20869.64, 92314
37785, -21012.00, -20876.82, 92550
37790, -21020.00, -20884.29, 92793
37794, -21026.00, -20891.65, 93043
37798, -21032.00, -20898.85, 93306
37803, -21039.00, -20906.18, 93575
37807, -21045.00, -20913.32, 93848
37811, -21053.00, -20920.41, 94135
37816, -21060.00, -20927.70, 94424
37820, -21071.00, -20935.02, 94712
37824, -21077.00, -20942.32, 95003
37829, -21083.00, -20949.65, 95283
37833, -21089.00, -20956.80, 95560
37837, -21097.00, -20963.94, 95833
37841, -21105.00, -20971.15, 96105
37846, -21112.00, -20978.51, 96368
37850, -21121.00, -20985.71, 96632
37854, -21128.00, -20993.06, 96890
37859, -21135.00, -21000.40, 97137
37863, -21141.00, -21007.64, 97386
37867, -21148.00, -21014.97, 97626
37872, -21156.00, -21022.30, 97856
37876, -21165.00, -21029.60, 98085
37880, -21172.00, -21036.91, 98307
37885, -21180.00, -21044.22, 98524
37889, -21186.00, -21051.53, 98736
37893, -21191.00, -21058.70, 98946
37898, -21197.00, -21065.89, 99147
37902, -21205.00, -21072.98, 99345
37906, -21213.00, -21080.23, 99545
37911, -21222.00, -21087.63, 99739
37915, -21229.00, -21094.91, 99928
37919, -21235.00, -21102.23, 100115
37924, -21241.00, -21109.45, 100298
37928, -21248.00, -21116.59, 100475
37932, -21254.00, -21123.63, 100652
37937, -21261.00, -21130.84, 100823
37941, -21270.00, -21137.94, 100997
37945, -21278.00, -21145.29, 101170
37950, -21285.00, -21152.61, 101338
37954, -21291.00, -21159.82, 101507
37959, -21296.00, -21166.96, 101669
37963, -21302.00, -21173.89, 101832
37967, -21309.00, -21180.96, 101996
37972, -21318.00, -21188.33, 102159
37976, -21325.00, -21195.54, 102312
37980, -21334.00, -21202.64, 102468
37985, -21340.00, -21209.70, 102626
37989, -21344.00, -21216.79, 102785
37994, -21353.00, -21223.90, 102937
37998, -21358.00, -21230.79, 103089
38002, -21366.00, -21237.69, 103240
38006, -21373.00, -21244.61, 103395
38011, -21381.00, -21251.84, 103551
38015, -21388.00, -21258.88, 103705
38020, -21395.00, -21266.00, 103863
38024, -21401.00, -21273.22, 104023
38029, -21408.00, -21280.47, 104174
38033, -21414.00, -21287.43, 104329
38037, -21421.00, -21294.39, 104480
38042, -21430.00, -21301.37, 104633
38046, -21436.00, -21308.34, 104785
38050, -21443.00, -21315.35, 104937
38055, -21451.00, -21322.35, 105092
38059, -21456.00, -21329.38, 105246
38064, -21462.00, -21336.28, 105399
38068, -21469.00, -21343.14, 105551
38072, -21475.00, -21349.96, 105709
38077, -21483.00, -21357.06, 105864
38081, -21491.00, -21363.97, 106019
38085, -21498.00, -21370.90, 106174
38090, -21504.00, -21377.79, 106331
38094, -21510.00, -21384.59, 106490
38098, -21517.00, -21391.48, 106649
38103, -21524.00, -21398.27, 106808
38107, -21530.00, -21405.13, 106970
38111, -21536.00, -21411.92, 107133
38116, -21546.00, -21418.77, 107302
38120, -21552.00, -21425.71, 107471
38124, -21558.00, -21432.63, 107641
38129, -21564.00, -21439.57, 107817
38133, -21568.00, -21446.37, 107993
38138, -21578.00, -21453.24, 108172
38142, -21585.00, -21460.22, 108352
38147, -21592.00, -21467.20, 108537
