3702, 13762
3705, 13762
3707, 13762
3711, 13762
3713, 13762
3715, 13762
3718, 13762
3720, 13762
3723, 13762
3725, 13762
3727, 13762
3730, 13762
3732, 13762
3734, 13762
3737, 13762
3739, 13762
3741, 13762
3744, 13762
3746, 13762
3748, 13762
3750, 13762
3753, 13762
3755, 13762
3757, 13762
3760, 13762
3762, 13762
3764, 13762
3768, 13762
3770, 13762
3773, 13762
3775, 13762
3777, 13762
3780, 13763
3783, 13763
3786, 13763
3788, 13763
3790, 13763
3793, 13763
3795, 13763
3797, 13763
3800, 13763
3803, 13763
3805, 13763
3807, 13763
3810, 13763
3812, 13763
3815, 13763
3817, 13763
3819, 13763
3822, 13764
3824, 13764
3827, 13764
3829, 13763
3832, 13763
3834, 13763
3837, 13763
3839, 13763
3842, 13763
3844, 13763
3846, 13763
3848, 13763
3850, 13763
3853, 13763
3855, 13763
3857, 13763
3859, 13763
3861, 13763
3863, 13763
3866, 13763
3868, 13763
3870, 13763
3872, 13763
3875, 13763
3877, 13763
3879, 13762
3881, 13762
3884, 13762
3887, 13762
3889, 13762
3892, 13762
3894, 13762
3897, 13762
3899, 13762
3901, 13762
3904, 13762
3906, 13762
3908, 13762
3910, 13762
3913, 13762
3916, 13762
3918, 13762
3920, 13762
3922, 13762
3925, 13762
3927, 13762
3930, 13762
3933, 13762
3935, 13762
3938, 13762
3940, 13762
3942, 13762
3945, 13762
3948, 13762
3951, 13762
3953, 13762
3956, 13762
3958, 13762
3960, 13762
3962, 13762
3965, 13762
3967, 13762
3969, 13762
3971, 13762
3973, 13762
3976, 13762
3979, 13762
3981, 13762
3984, 13762
3986, 13762
3989, 13762
3992, 13762
3994, 13762
3997, 13762
4000, 13763
4002, 13763
4004, 13765
4007, 13773
4010, 13781
4013, 13775
4015, 13761
4017, 13743
4020, 13723
4022, 13695
4024, 13662
4028, 13613
4031, 13554
4033, 13508
4036, 13464
4038, 13417
4040, 13367
4044, 13294
4046, 13232
4049, 13174
4051, 13109
4054, 13052
4056, 12984
4059, 12928
4062, 12838
4065, 12775
4067, 12713
4069, 12656
4071, 12592
4074, 12533
4076, 12463
4078, 12399
4080, 12336
4083, 12271
4085, 12202
4087, 12130
4090, 12063
4092, 11983
4095, 11902
4097, 11827
4100, 11741
4102, 11667
4105, 11597
4107, 11521
4110, 11418
4113, 11333
4115, 11257
4117, 11177
4120, 11103
4122, 11012
4124, 10929
4127, 10845
4129, 10753
4131, 10672
4134, 10592
4136, 10495
4138, 10413
4141, 10326
4143, 10229
4146, 10132
4148, 10022
4151, 9924
4153, 9832
4155, 9731
4158, 9621
4160, 9511
4163, 9408
4165, 9316
4167, 9213
4169, 9110
4171, 9003
4174, 8905
4176, 8796
4178, 8689
4180, 8588
4183, 8478
4185, 8370
4187, 8258
4189, 8160
4192, 8058
4194, 7957
4196, 7849
4198, 7747
4201, 7642
4203, 7539
4205, 7439
4208, 7333
4210, 7240
4212, 7133
4214, 7036
4217, 6937
4219, 6842
4221, 6737
4223, 6638
4226, 6537
4228, 6432
4231, 6330
4234, 6209
4236, 6115
4239, 5980
4242, 5884
4244, 5787
4246, 5696
4250, 5564
4252, 5474
4255, 5347
4258, 5250
4260, 5155
4263, 5063
4265, 4967
4268, 4870
4270, 4778
4274, 4646
4276, 4561
4278, 4474
4281, 4392
4283, 4305
4285, 4226
4287, 4140
4290, 4061
4292, 3971
4295, 3878
4297, 3793
4299, 3705
4302, 3621
4304, 3539
4306, 3458
4310, 3340
4312, 3251
4315, 3161
4317, 3079
4319, 3001
4322, 2913
4324, 2830
4326, 2753
4329, 2668
4331, 2581
4333, 2503
4336, 2424
4338, 2344
4340, 2271
4342, 2191
4344, 2116
4347, 2038
4349, 1957
4351, 1877
4353, 1800
4356, 1715
4358, 1633
4360, 1554
4363, 1463
4366, 1370
4368, 1280
4371, 1200
4373, 1096
4376, 998
4379, 894
4382, 804
4384, 715
4387, 637
4389, 559
4391, 485
4393, 404
4396, 319
4398, 234
4400, 159
4403, 75
4405, -13
4408, -109
4411, -228
4414, -322
4416, -404
4418, -490
4420, -571
4423, -664
4426, -765
4428, -863
4431, -962
4433, -1053
4436, -1140
4438, -1245
4441, -1334
4443, -1434
4446, -1530
4448, -1621
4450, -1717
4453, -1817
4456, -1933
4459, -2065
4462, -2173
4464, -2267
4466, -2360
4469, -2460
4471, -2564
4475, -2709
4477, -2811
4479, -2912
4482, -3010
4484, -3112
4486, -3208
4488, -3311
4491, -3406
4493, -3508
4495, -3607
4497, -3719
4500, -3829
4502, -3937
4504, -4046
4507, -4159
4509, -4272
4511, -4378
4513, -4498
4516, -4604
4518, -4723
4520, -4843
4523, -4973
4525, -5093
4527, -5216
4530, -5340
4532, -5462
4534, -5602
4537, -5751
4539, -5880
4542, -6009
4544, -6145
4546, -6272
4548, -6413
4551, -6564
4553, -6717
4555, -6854
4558, -6997
4560, -7137
4562, -7275
4564, -7420
4566, -7554
4568, -7699
4571, -7832
4573, -7972
4575, -8111
4577, -8248
4580, -8390
4582, -8529
4584, -8671
4586, -8802
4589, -8933
4591, -9063
4593, -9205
4596, -9333
4598, -9459
4600, -9586
4603, -9722
4605, -9839
4607, -9957
4610, -10069
4612, -10184
4614, -10305
4617, -10421
4619, -10530
4621, -10633
4624, -10739
4626, -10836
4629, -10985
4632, -11094
4634, -11215
4637, -11314
4639, -11420
4643, -11555
4645, -11658
4648, -11745
4650, -11835
4653, -11926
4655, -12020
4657, -12105
4660, -12192
4662, -12276
4664, -12356
4667, -12433
4669, -12513
4671, -12588
4674, -12670
4676, -12748
4678, -12825
4681, -12896
4683, -12977
4686, -13048
4688, -13124
4691, -13205
4693, -13287
4696, -13355
4699, -13450
4701, -13518
4704, -13595
4706, -13669
4710, -13766
4713, -13859
4715, -13924
4718, -13995
4720, -14060
4722, -14124
4725, -14197
4728, -14266
4730, -14328
4732, -14387
4735, -14450
4737, -14508
4739, -14574
4742, -14639
4745, -14718
4747, -14781
4750, -14841
4752, -14898
4755, -14967
4757, -15034
4761, -15118
4763, -15183
4766, -15242
4768, -15300
4771, -15362
4773, -15423
4775, -15479
4779, -15559
4781, -15612
4783, -15671
4786, -15727
4789, -15803
4791, -15862
4794, -15922
4796, -15973
4799, -16034
4801, -16087
4804, -16146
4806, -16200
4809, -16270
4812, -16329
4815, -16403
4817, -16463
4820, -16521
4822, -16581
4826, -16663
4828, -16718
4831, -16772
4833, -16826
4835, -16879
4838, -16929
4840, -16983
4842, -17036
4845, -17102
4847, -17151
4850, -17210
4852, -17265
4855, -17333
4857, -17388
4860, -17447
4863, -17503
4865, -17566
4867, -17619
4870, -17678
4873, -17739
4875, -17800
4878, -17863
4881, -17927
4884, -17994
4886, -18049
4889, -18113
4891, -18172
4895, -18261
4898, -18327
4901, -18394
4903, -18452
4905, -18507
4908, -18570
4911, -18634
4914, -18719
4917, -18783
4919, -18842
4922, -18903
4925, -18981
4927, -19034
4929, -19091
4932, -19150
4934, -19209
4936, -19268
4939, -19329
4941, -19386
4943, -19448
4946, -19509
4949, -19579
4951, -19640
4954, -19715
4956, -19774
4958, -19833
4962, -19916
4964, -19988
4967, -20063
4969, -20126
4972, -20190
4974, -20254
4977, -20345
4980, -20436
4983, -20505
4985, -20572
4988, -20644
4990, -20711
4992, -20772
4995, -20858
4998, -20946
5000, -21016
5003, -21090
5005, -21163
5008, -21258
5011, -21340
5014, -21425
5016, -21499
5018, -21571
5021, -21647
5023, -21729
5026, -21808
5028, -21900
5031, -21989
5034, -22080
5036, -22159
5038, -22235
5041, -22320
5043, -22400
5045, -22486
5048, -22569
5050, -22659
5052, -22740
5055, -22832
5057, -22931
5060, -23051
5063, -23145
5066, -23259
5068, -23347
5070, -23445
5074, -23586
5077, -23727
5080, -23864
5083, -23984
5086, -24086
5088, -24178
5090, -24277
5093, -24416
5096, -24517
5098, -24624
5101, -24722
5103, -24822
5106, -24927
5108, -25038
5111, -25148
5113, -25251
5116, -25345
5118, -25440
5122, -25581
5125, -25698
5127, -25799
5130, -25901
5132, -25995
5134, -26087
5138, -26214
5140, -26311
5143, -26405
5145, -26496
5147, -26583
5150, -26677
5152, -26758
5154, -26843
5156, -26927
5159, -27007
5161, -27095
5163, -27177
5166, -27265
5168, -27345
5170, -27433
5172, -27513
5175, -27596
5178, -27702
5180, -27784
5182, -27867
5185, -27947
5187, -28034
5189, -28120
5192, -28211
5194, -28290
5197, -28376
5199, -28449
5201, -28529
5204, -28608
5206, -28688
5208, -28771
5211, -28851
5213, -28923
5215, -29002
5217, -29076
5220, -29162
5222, -29245
5225, -29353
5228, -29431
5230, -29515
5233, -29600
5235, -29681
5237, -29752
5240, -29826
5242, -29904
5244, -29983
5247, -30062
5249, -30137
5251, -30220
5254, -30299
5256, -30382
5259, -30455
5261, -30533
5263, -30607
5266, -30686
5268, -30764
5270, -30842
5272, -30914
5275, -30990
5277, -31070
5280, -31152
5282, -31233
5284, -31307
5286, -31384
5289, -31455
5291, -31542
5294, -31629
5297, -31727
5299, -31817
5302, -31899
5304, -31977
5306, -32055
5310, -32164
5312, -32255
5315, -32330
5317, -32409
5320, -32529
5323, -32612
5325, -32693
5328, -32792
5331, -32883
5333, -32974
5335, -33055
5338, -33132
5340, -33217
5342, -33305
5345, -33386
5348, -33499
5350, -33582
5353, -33684
5355, -33771
5358, -33865
5361, -33995
5364, -34092
5366, -34197
5369, -34288
5371, -34378
5373, -34465
5376, -34559
5378, -34649
5380, -34744
5383, -34842
5385, -34934
5387, -35027
5390, -35123
5392, -35230
5394, -35321
5397, -35435
5400, -35547
5402, -35651
5404, -35749
5406, -35853
5409, -35982
5412, -36108
5414, -36215
5417, -36326
5419, -36427
5421, -36536
5424, -36665
5427, -36796
5429, -36933
5432, -37066
5434, -37177
5437, -37299
5439, -37415
5441, -37550
5444, -37697
5448, -37889
5450, -38016
5453, -38208
5456, -38373
5459, -38574
5462, -38734
5465, -38916
5467, -39061
5470, -39206
5473, -39403
5475, -39550
5478, -39742
5481, -39945
5483, -40106
5485, -40263
5488, -40421
5490, -40573
5492, -40738
5495, -40891
5497, -41041
5499, -41184
5501, -41333
5504, -41473
5506, -41614
5508, -41746
5510, -41875
5512, -42012
5515, -42147
5517, -42283
5520, -42474
5523, -42615
5526, -42789
5529, -42921
5531, -43069
5534, -43184
5536, -43327
5539, -43476
5543, -43648
5545, -43758
5548, -43879
5550, -43986
5553, -44124
5556, -44261
5559, -44371
5561, -44472
5565, -44631
5567, -44730
5570, -44839
5572, -44947
5575, -45041
5577, -45135
5581, -45268
5583, -45359
5585, -45446
5588, -45539
5590, -45622
5592, -45714
5595, -45795
5597, -45878
5599, -45954
5602, -46041
5604, -46118
5606, -46206
5609, -46311
5612, -46399
5614, -46472
5617, -46553
5619, -46628
5622, -46712
5624, -46782
5626, -46864
5630, -46971
5633, -47062
5635, -47132
5637, -47210
5640, -47279
5643, -47388
5646, -47479
5649, -47562
5653, -47666
5655, -47735
5657, -47807
5660, -47885
5663, -47957
5665, -48035
5669, -48132
5672, -48231
5675, -48293
5677, -48366
5681, -48458
5683, -48530
5686, -48608
5689, -48673
5691, -48736
5693, -48795
5696, -48860
5698, -48924
5700, -48981
5703, -49056
5705, -49112
5708, -49180
5710, -49240
5712, -49307
5715, -49366
5717, -49431
5719, -49491
5722, -49552
5724, -49610
5726, -49668
5729, -49735
5731, -49793
5733, -49861
5736, -49920
5738, -49986
5741, -50064
5744, -50130
5747, -50221
5749, -50283
5752, -50358
5754, -50419
5758, -50508
5761, -50584
5764, -50661
5766, -50719
5768, -50784
5771, -50846
5774, -50946
5777, -51015
5779, -51086
5782, -51164
5785, -51223
5787, -51293
5790, -51384
5793, -51456
5796, -51525
5798, -51609
5801, -51669
5803, -51744
5806, -51806
5808, -51870
5810, -51930
5812, -51998
5815, -52066
5817, -52131
5819, -52194
5821, -52263
5824, -52347
5827, -52428
5830, -52528
5833, -52613
5836, -52684
5838, -52758
5840, -52830
5843, -52909
5845, -52985
5848, -53068
5850, -53142
5853, -53226
5855, -53304
5858, -53389
5860, -53468
5863, -53553
5865, -53629
5868, -53714
5870, -53797
5873, -53892
5876, -53988
5878, -54082
5881, -54161
5883, -54248
5885, -54335
5888, -54429
5891, -54538
5893, -54631
5896, -54727
5899, -54835
5902, -54965
5904, -55055
5907, -55158
5910, -55296
5913, -55411
5915, -55504
5918, -55609
5920, -55708
5922, -55808
5925, -55913
5927, -56018
5930, -56120
5932, -56220
5934, -56329
5937, -56441
5939, -56573
5942, -56703
5944, -56811
5947, -56916
5949, -57042
5951, -57147
5954, -57260
5957, -57421
5960, -57543
5962, -57651
5965, -57791
5967, -57904
5971, -58064
5973, -58175
5976, -58295
5979, -58436
5981, -58561
5984, -58675
5987, -58789
5990, -58939
5993, -59058
5995, -59158
5998, -59270
6000, -59369
6003, -59484
6006, -59614
6008, -59721
6010, -59810
6013, -59907
6015, -60004
6019, -60145
6022, -60280
6024, -60371
6027, -60461
6029, -60551
6031, -60648
6034, -60743
6036, -60832
6039, -60926
6041, -61010
6043, -61099
6045, -61185
6048, -61291
6050, -61373
6053, -61479
6056, -61563
6058, -61653
6061, -61773
6064, -61870
6066, -61954
6069, -62043
6071, -62126
6073, -62211
6076, -62304
6080, -62437
6082, -62526
6086, -62644
6088, -62729
6091, -62819
6093, -62902
6096, -62999
6098, -63088
6102, -63206
6104, -63287
6106, -63364
6109, -63474
6112, -63564
6115, -63662
6118, -63779
6121, -63891
6124, -63974
6127, -64090
6130, -64202
6133, -64283
6135, -64363
6137, -64445
6140, -64531
6142, -64607
6144, -64695
6147, -64772
6149, -64855
6151, -64929
6153, -65013
6156, -65097
6158, -65187
6161, -65271
6164, -65371
6166, -65449
6169, -65549
6171, -65633
6174, -65722
6176, -65812
6180, -65937
6182, -66017
6184, -66102
6187, -66210
6190, -66334
6193, -66417
6196, -66544
6198, -66632
6201, -66721
6203, -66806
6207, -66934
6209, -67034
6212, -67133
6214, -67223
6216, -67314
6219, -67427
6222, -67523
6224, -67630
6228, -67764
6230, -67859
6232, -67951
6234, -68047
6237, -68157
6240, -68265
6242, -68365
6245, -68501
6248, -68603
6250, -68706
6252, -68811
6255, -68914
6257, -69009
6259, -69111
6261, -69210
6263, -69319
6266, -69425
6268, -69545
6271, -69658
6273, -69767
6276, -69921
6278, -70035
6281, -70182
6284, -70302
6287, -70473
6290, -70634
6293, -70818
6297, -70990
6299, -71119
6301, -71258
6304, -71395
6307, -71596
6310, -71736
6313, -71954
6316, -72097
6318, -72256
6321, -72418
6323, -72565
6326, -72718
6328, -72858
6330, -73016
6332, -73161
6335, -73309
6337, -73445
6339, -73587
6341, -73727
6344, -73867
6346, -74002
6348, -74137
6350, -74272
6353, -74400
6355, -74532
6357, -74655
6359, -74785
6362, -74918
6364, -75053
6367, -75182
6369, -75311
6371, -75437
6374, -75554
6376, -75678
6378, -75789
6381, -75898
6383, -76007
6385, -76118
6388, -76225
6390, -76345
6393, -76477
6396, -76598
6398, -76695
6401, -76803
6403, -76901
6405, -77002
6408, -77089
6411, -77229
6413, -77318
6416, -77413
6419, -77521
6421, -77617
6424, -77701
6426, -77794
6429, -77881
6431, -77962
6433, -78045
6437, -78157
6439, -78240
6441, -78315
6444, -78391
6446, -78475
6448, -78546
6452, -78652
6454, -78724
6456, -78793
6458, -78859
6461, -78929
6463, -78998
6465, -79070
6468, -79136
6470, -79207
6472, -79274
6475, -79344
6478, -79428
6480, -79503
6482, -79564
6485, -79636
6487, -79698
6490, -79767
6492, -79837
6495, -79915
6498, -79983
6500, -80046
6502, -80106
6505, -80194
6508, -80270
6511, -80340
6514, -80411
6517, -80499
6520, -80561
6522, -80616
6524, -80677
6527, -80736
6529, -80796
6532, -80857
6534, -80916
6536, -80978
6539, -81040
6542, -81110
6545, -81191
6548, -81244
6550, -81303
6552, -81355
6555, -81415
6558, -81479
6560, -81539
6563, -81603
6565, -81658
6567, -81708
6570, -81760
6572, -81812
6574, -81868
6577, -81922
6579, -81973
6582, -82035
6584, -82086
6586, -82144
6590, -82222
6592, -82275
6595, -82354
6598, -82405
6600, -82459
6602, -82510
6606, -82590
6609, -82667
6613, -82745
6615, -82800
6617, -82851
6620, -82908
6623, -82976
6625, -83040
6628, -83100
6630, -83153
6633, -83207
6635, -83268
6638, -83325
6640, -83380
6643, -83433
6645, -83487
6647, -83538
6649, -83589
6652, -83645
6654, -83703
6657, -83775
6660, -83839
6662, -83892
6665, -83946
6668, -84023
6671, -84087
6673, -84140
6676, -84209
6678, -84263
6680, -84320
6683, -84373
6685, -84430
6687, -84486
6690, -84546
6692, -84600
6695, -84659
6697, -84717
6700, -84778
6702, -84834
6705, -84915
6708, -84982
6710, -85038
6712, -85095
6715, -85152
6717, -85209
6720, -85271
6722, -85327
6724, -85382
6726, -85441
6729, -85494
6731, -85559
6733, -85614
6736, -85673
6738, -85733
6740, -85797
6743, -85860
6746, -85937
6748, -85998
6751, -86080
6754, -86152
6756, -86219
6759, -86300
6761, -86371
6764, -86434
6767, -86528
6769, -86601
6772, -86670
6775, -86758
6778, -86848
6780, -86931
6783, -87006
6785, -87079
6787, -87156
6790, -87232
6792, -87307
6794, -87380
6797, -87465
6799, -87544
6801, -87633
6805, -87742
6808, -87852
6810, -87948
6813, -88047
6815, -88131
6818, -88222
6820, -88311
6823, -88401
6826, -88530
6829, -88639
6831, -88737
6834, -88843
6837, -88975
6839, -89075
6842, -89178
6845, -89323
6847, -89423
6851, -89576
6853, -89678
6855, -89776
6858, -89884
6861, -90001
6863, -90119
6866, -90250
6869, -90357
6871, -90464
6874, -90577
6877, -90707
6880, -90821
6882, -90923
6885, -91037
6888, -91175
6891, -91279
6894, -91408
6897, -91522
6900, -91648
6902, -91747
6905, -91835
6907, -91930
6909, -92015
6912, -92108
6914, -92194
6916, -92290
6919, -92376
6921, -92461
6923, -92547
6926, -92633
6929, -92740
6931, -92829
6933, -92919
6937, -93044
6940, -93162
6943, -93262
6945, -93351
6948, -93434
6950, -93516
6953, -93621
6956, -93712
6958, -93799
6962, -93920
6964, -93996
6966, -94073
6970, -94179
6972, -94264
6975, -94348
6977, -94439
6980, -94523
6982, -94607
6986, -94716
6989, -94830
6991, -94907
6994, -94984
6996, -95064
7000, -95173
7002, -95252
7005, -95340
7007, -95425
7009, -95497
7012, -95574
7014, -95646
7016, -95725
7019, -95805
7021, -95882
7023, -95954
7026, -96035
7028, -96111
7031, -96186
7033, -96263
7036, -96374
7039, -96459
7041, -96535
7043, -96611
7046, -96696
7049, -96781
7051, -96854
7053, -96934
7056, -97024
7058, -97098
7061, -97175
7063, -97251
7065, -97330
7068, -97415
7070, -97495
7072, -97571
7075, -97650
7077, -97743
7080, -97820
7082, -97902
7085, -98012
7088, -98093
7090, -98169
7093, -98280
7096, -98378
7099, -98496
7102, -98579
7104, -98658
7107, -98753
7109, -98853
7112, -98945
7114, -99036
7117, -99122
7119, -99207
7121, -99292
7124, -99380
7126, -99465
7128, -99551
7130, -99636
7133, -99734
7135, -99828
7138, -99938
7141, -100028
7143, -100139
7146, -100247
7149, -100349
7151, -100438
7153, -100538
7157, -100678
7159, -100789
7162, -100896
7164, -100995
7167, -101108
7169, -101206
7171, -101303
7174, -101423
7176, -101542
7179, -101665
7181, -101772
7184, -101877
7186, -101996
7190, -102158
7193, -102312
7195, -102440
7198, -102561
7200, -102677
7203, -102825
7206, -102997
7210, -103181
7212, -103338
7215, -103466
7217, -103605
7220, -103728
7222, -103877
7226, -104075
7228, -104231
7230, -104368
7233, -104515
7235, -104652
7237, -104809
7240, -104954
7242, -105113
7244, -105268
7247, -105428
7249, -105591
7252, -105744
7255, -105965
7257, -106134
7260, -106303
7263, -106477
7265, -106619
7267, -106773
7269, -106914
7273, -107133
7276, -107337
7279, -107498
7281, -107633
7284, -107788
7287, -107979
7290, -108106
7293, -108273
7295, -108397
7297, -108522
7301, -108703
7304, -108862
7308, -109032
7310, -109162
7313, -109272
7315, -109379
7317, -109492
7320, -109612
7322, -109723
7325, -109821
7327, -109927
7329, -110024
7332, -110117
7334, -110214
7336, -110305
7339, -110403
7341, -110490
7343, -110586
7345, -110673
7348, -110765
7350, -110851
7353, -110952
7355, -111047
7358, -111142
7360, -111225
7362, -111310
7365, -111391
7368, -111500
7371, -111614
7374, -111703
7377, -111808
7379, -111889
7382, -111967
7385, -112072
7388, -112183
7390, -112255
7393, -112331
7395, -112407
7398, -112483
7400, -112558
7402, -112631
7405, -112703
7407, -112771
7409, -112838
7411, -112905
7414, -112980
7416, -113046
7419, -113116
7421, -113185
7423, -113254
7426, -113317
7428, -113381
7430, -113445
7432, -113510
7434, -113573
7437, -113634
7439, -113702
7441, -113766
7444, -113831
7446, -113893
7448, -113958
7451, -114018
7453, -114084
7455, -114146
7458, -114206
7460, -114273
7462, -114333
7465, -114394
7467, -114463
7470, -114532
7472, -114593
7474, -114651
7477, -114730
7480, -114795
7483, -114865
7485, -114930
7488, -115014
7491, -115074
7494, -115156
7496, -115213
7498, -115275
7501, -115340
7504, -115432
7507, -115506
7510, -115578
7512, -115640
7516, -115728
7518, -115792
7520, -115853
7524, -115942
7527, -116030
7529, -116096
7532, -116168
7534, -116229
7537, -116291
7540, -116363
7542, -116421
7544, -116485
7546, -116544
7549, -116606
7551, -116669
7553, -116733
7556, -116797
7558, -116864
7560, -116925
7563, -116988
7565, -117050
7567, -117115
7570, -117183
7572, -117255
7576, -117351
7579, -117428
7581, -117491
7583, -117559
7586, -117625
7589, -117725
7592, -117805
7594, -117883
7597, -117947
7599, -118029
7602, -118106
7605, -118185
7607, -118264
7611, -118365
7613, -118437
7616, -118514
7618, -118601
7621, -118677
7623, -118763
7626, -118856
7629, -118932
7631, -119005
7633, -119082
7636, -119163
7638, -119251
7641, -119328
7643, -119412
7645, -119490
7649, -119613
7652, -119712
7654, -119812
7658, -119934
7660, -120020
7662, -120102
7664, -120192
7667, -120273
7669, -120361
7671, -120451
7674, -120544
7676, -120637
7678, -120730
7680, -120826
7683, -120917
7686, -121061
7689, -121175
7691, -121280
7693, -121389
7696, -121504
7698, -121612
7701, -121724
7703, -121846
7707, -122011
7709, -122140
7712, -122259
7714, -122385
7718, -122552
7720, -122666
7722, -122786
7725, -122903
7727, -123016
7729, -123137
7732, -123252
7734, -123379
7737, -123502
7741, -123664
7743, -123768
7745, -123873
7748, -124009
7750, -124117
7753, -124240
7756, -124356
7758, -124473
7761, -124575
7764, -124699
7766, -124807
7769, -124925
7771, -125030
7774, -125130
7776, -125229
7778, -125324
7781, -125427
7783, -125521
7785, -125615
7788, -125704
7790, -125800
7794, -125938
7796, -126031
7798, -126125
7802, -126254
7804, -126346
7807, -126460
7810, -126588
7813, -126675
7815, -126764
7818, -126894
7821, -126981
7823, -127076
7826, -127175
7828, -127259
7831, -127346
7833, -127436
7835, -127521
7838, -127610
7840, -127703
7843, -127812
7846, -127896
7849, -127996
7851, -128089
7854, -128180
7856, -128275
7859, -128379
7862, -128459
7865, -128577
7867, -128657
7869, -128740
7873, -128860
7876, -128981
7879, -129073
7881, -129151
7884, -129230
7886, -129316
7888, -129394
7891, -129475
7893, -129549
7895, -129633
7897, -129708
7900, -129814
7903, -129899
7905, -129992
7908, -130078
7910, -130161
7912, -130237
7915, -130324
7917, -130408
7920, -130486
7923, -130596
7926, -130716
7929, -130801
7931, -130887
7933, -130971
7936, -131062
7939, -131162
7942, -131266
7945, -131368
7947, -131457
7949, -131539
7953, -131658
7956, -131787
7959, -131877
7961, -131971
7964, -132092
7967, -132194
7969, -132282
7973, -132410
7976, -132524
7978, -132609
7980, -132700
7982, -132783
7985, -132884
7988, -132989
7990, -133089
7993, -133183
7995, -133279
7997, -133376
7999, -133469
8002, -133562
8004, -133652
8006, -133749
8009, -133836
8011, -133884
8013, -133918
8016, -133933
8018, -133939
8020, -133926
8024, -133896
8026, -133852
8029, -133813
8032, -133739
8034, -133676
8037, -133598
8040, -133524
8042, -133457
8045, -133386
8047, -133314
8049, -133242
8052, -133157
8055, -133042
8058, -132956
8060, -132877
8063, -132762
8066, -132663
8069, -132564
8072, -132459
8075, -132338
8078, -132251
8080, -132167
8082, -132081
8086, -131962
8088, -131876
8091, -131789
8093, -131703
8096, -131611
8099, -131518
8101, -131417
8104, -131340
8106, -131255
8109, -131172
8111, -131089
8113, -131017
8115, -130939
8118, -130865
8120, -130785
8122, -130710
8125, -130621
8128, -130525
8130, -130449
8132, -130373
8134, -130294
8137, -130210
8139, -130138
8142, -130024
8145, -129947
8147, -129862
8150, -129784
8152, -129700
8156, -129574
8159, -129483
8161, -129403
8164, -129296
8167, -129207
8170, -129119
8172, -129033
8175, -128947
8177, -128851
8180, -128773
8182, -128689
8186, -128576
8188, -128492
8191, -128394
8194, -128304
8197, -128186
8199, -128106
8202, -128004
8205, -127918
8208, -127815
8210, -127719
8213, -127641
8215, -127557
8217, -127472
8220, -127393
8222, -127313
8224, -127238
8226, -127153
8229, -127074
8231, -126990
8233, -126903
8236, -126811
8238, -126719
8241, -126616
8244, -126520
8246, -126433
8248, -126347
8251, -126247
8254, -126131
8257, -126006
8260, -125913
8262, -125822
8265, -125693
8268, -125595
8271, -125481
8273, -125380
8276, -125277
8278, -125185
8281, -125085
8283, -124990
8285, -124887
8288, -124780
8291, -124656
8294, -124547
8296, -124438
8299, -124297
8302, -124172
8306, -124022
8308, -123905
8310, -123800
8313, -123696
8315, -123598
8317, -123491
8319, -123387
8322, -123277
8324, -123173
8326, -123054
8328, -122947
8331, -122840
8333, -122731
8336, -122586
8339, -122427
8342, -122311
8344, -122206
8346, -122094
8349, -121985
8352, -121820
8355, -121695
8358, -121574
8360, -121458
8363, -121356
8366, -121215
8368, -121112
8371, -121000
8373, -120898
8376, -120793
8378, -120702
8381, -120604
8383, -120506
8386, -120401
8389, -120278
8392, -120184
8394, -120102
8396, -120010
8399, -119909
8402, -119805
8405, -119701
8407, -119613
8410, -119522
8412, -119437
8415, -119364
8417, -119280
8419, -119202
8422, -119119
8424, -119045
8427, -118971
8429, -118902
8431, -118831
8433, -118761
8435, -118693
8438, -118618
8440, -118548
8442, -118474
8445, -118404
8447, -118330
8450, -118232
8453, -118159
8455, -118094
8457, -118024
8460, -117953
8462, -117881
8465, -117815
8467, -117747
8469, -117683
8472, -117616
8474, -117553
8476, -117491
8478, -117426
8481, -117364
8483, -117297
8485, -117236
8488, -117163
8490, -117100
8493, -117034
8495, -116969
8497, -116904
8500, -116839
8502, -116773
8504, -116713
8507, -116645
8509, -116585
8512, -116519
8514, -116458
8516, -116390
8519, -116324
8521, -116256
8524, -116190
8527, -116122
8529, -116059
8531, -115996
8534, -115938
8536, -115878
8538, -115814
8541, -115750
8543, -115686
8545, -115630
8548, -115558
8550, -115500
8552, -115439
8555, -115378
8557, -115317
8560, -115250
8562, -115187
8564, -115130
8567, -115062
8569, -115000
8572, -114933
8574, -114865
8577, -114804
8579, -114741
8582, -114657
8586, -114572
8588, -114503
8591, -114417
8594, -114357
8596, -114293
8599, -114228
8601, -114149
8604, -114081
8607, -114006
8610, -113930
8612, -113863
8614, -113797
8617, -113724
8620, -113650
8622, -113574
8625, -113500
8628, -113429
8630, -113367
8632, -113299
8635, -113229
8637, -113162
8639, -113097
8641, -113031
8644, -112963
8646, -112899
8648, -112830
8650, -112761
8653, -112689
8655, -112624
8657, -112552
8660, -112481
8662, -112411
8664, -112342
8666, -112272
8669, -112196
8671, -112127
8673, -112047
8675, -111973
8678, -111895
8680, -111824
8682, -111740
8685, -111645
8689, -111529
8691, -111454
8693, -111371
8697, -111249
8699, -111165
8701, -111072
8704, -110966
8707, -110881
8709, -110778
8713, -110643
8715, -110546
8719, -110406
8721, -110303
8724, -110201
8726, -110086
8729, -109981
8731, -109867
8734, -109748
8737, -109639
8739, -109531
8741, -109424
8744, -109307
8746, -109188
8749, -109067
8752, -108899
8754, -108783
8757, -108661
8759, -108530
8762, -108408
8764, -108277
8766, -108151
8769, -108016
8771, -107895
8773, -107754
8776, -107600
8778, -107454
8781, -107312
8784, -107099
8786, -106950
8790, -106744
8792, -106562
8795, -106411
8797, -106233
8800, -106056
8802, -105898
8805, -105719
8808, -105499
8811, -105359
8813, -105189
8816, -105028
8819, -104864
8822, -104654
8825, -104492
8827, -104344
8831, -104147
8833, -103997
8836, -103855
8838, -103694
8841, -103532
8844, -103394
8846, -103257
8850, -103086
8853, -102903
8857, -102730
8859, -102589
8862, -102469
8864, -102345
8866, -102236
8869, -102118
8871, -102009
8873, -101897
8876, -101788
8878, -101681
8880, -101569
8883, -101466
8885, -101367
8887, -101267
8890, -101158
8892, -101057
8894, -100953
8897, -100842
8899, -100736
8902, -100640
8904, -100540
8906, -100445
8908, -100348
8911, -100255
8913, -100161
8915, -100066
8918, -99976
8920, -99879
8922, -99787
8925, -99676
8928, -99586
8930, -99487
8933, -99390
8936, -99256
8939, -99149
8942, -99055
8944, -98964
8947, -98873
8950, -98768
8952, -98675
8955, -98583
8958, -98462
8961, -98377
8963, -98298
8965, -98218
8967, -98140
8970, -98027
8973, -97936
8976, -97839
8978, -97759
8980, -97681
8983, -97606
8985, -97528
8987, -97454
8989, -97370
8992, -97291
8994, -97207
8997, -97111
8999, -97027
9002, -96926
9005, -96829
9007, -96755
9010, -96675
9012, -96591
9015, -96506
9018, -96393
9021, -96301
9024, -96183
9027, -96105
9029, -96027
9032, -95935
9034, -95843
9038, -95718
9041, -95623
9043, -95546
9046, -95458
9048, -95376
9051, -95281
9054, -95185
9057, -95084
9059, -95004
9061, -94929
9064, -94812
9067, -94729
9070, -94627
9072, -94545
9075, -94453
9077, -94376
9079, -94289
9082, -94210
9084, -94123
9087, -94031
9089, -93946
9091, -93868
9094, -93780
9096, -93697
9099, -93598
9101, -93501
9104, -93408
9106, -93318
9109, -93231
9111, -93146
9113, -93052
9116, -92954
9119, -92832
9122, -92738
9124, -92636
9127, -92545
9129, -92437
9132, -92318
9135, -92212
9137, -92125
9141, -91978
9143, -91885
9146, -91757
9149, -91619
9152, -91520
9154, -91412
9156, -91315
9159, -91208
9162, -91062
9165, -90943
9167, -90843
9169, -90732
9172, -90626
9174, -90505
9176, -90395
9179, -90276
9181, -90168
9184, -90056
9186, -89945
9188, -89838
9191, -89723
9193, -89617
9195, -89510
9198, -89398
9200, -89293
9202, -89189
9206, -89035
9209, -88912
9211, -88808
9213, -88714
9215, -88611
9218, -88515
9221, -88375
9224, -88262
9226, -88165
9229, -88069
9231, -87979
9234, -87879
9236, -87775
9239, -87671
9242, -87569
9245, -87467
9247, -87385
9249, -87300
9251, -87219
9254, -87130
9256, -87045
9259, -86967
9262, -86868
9264, -86787
9266, -86706
9270, -86595
9273, -86493
9275, -86417
9278, -86343
9281, -86239
9284, -86150
9286, -86074
9289, -85993
9292, -85913
9294, -85845
9296, -85777
9299, -85711
9301, -85645
9303, -85583
9305, -85515
9308, -85449
9310, -85382
9312, -85317
9315, -85246
9317, -85180
9320, -85102
9323, -85034
9325, -84962
9327, -84902
9330, -84840
9332, -84779
9334, -84718
9336, -84660
9339, -84597
9342, -84522
9344, -84461
9347, -84380
9350, -84308
9353, -84221
9356, -84159
9358, -84094
9362, -84009
9364, -83947
9366, -83884
9370, -83801
9372, -83735
9375, -83677
9377, -83620
9379, -83563
9382, -83498
9385, -83421
9387, -83365
9389, -83305
9392, -83249
9394, -83190
9396, -83134
9399, -83073
9402, -83005
9404, -82940
9406, -82883
9409, -82829
9411, -82771
9413, -82718
9416, -82657
9418, -82602
9420, -82545
9423, -82487
9425, -82430
9427, -82374
9430, -82315
9432, -82257
9434, -82194
9437, -82138
9439, -82081
9441, -82025
9444, -81973
9446, -81913
9449, -81848
9452, -81774
9454, -81716
9456, -81656
9459, -81602
9462, -81522
9465, -81445
9467, -81387
9470, -81316
9473, -81238
9475, -81176
9478, -81093
9481, -81024
9484, -80954
9486, -80892
9489, -80804
9492, -80742
9494, -80664
9497, -80599
9500, -80526
9502, -80462
9504, -80396
9507, -80332
9509, -80266
9512, -80189
9514, -80119
9517, -80037
9519, -79970
9522, -79901
9524, -79834
9526, -79761
9529, -79692
9531, -79618
9533, -79553
9536, -79481
9538, -79410
9540, -79338
9543, -79268
9545, -79190
9547, -79120
9549, -79051
9552, -78969
9554, -78893
9557, -78816
9559, -78737
9561, -78659
9564, -78580
9566, -78500
9568, -78423
9570, -78344
9573, -78260
9575, -78179
9577, -78098
9580, -78020
9582, -77935
9584, -77842
9587, -77750
9590, -77649
9592, -77545
9595, -77436
9597, -77346
9600, -77216
9604, -77084
9607, -76955
9609, -76862
9611, -76762
9614, -76664
9616, -76559
9618, -76458
9622, -76298
9625, -76172
9627, -76062
9629, -75960
9632, -75837
9634, -75725
9636, -75609
9638, -75498
9641, -75374
9643, -75258
9645, -75123
9648, -74997
9650, -74857
9654, -74670
9656, -74533
9658, -74392
9661, -74243
9663, -74102
9666, -73907
9669, -73709
9672, -73527
9675, -73386
9677, -73237
9680, -73035
9683, -72853
9686, -72704
9688, -72539
9691, -72379
9693, -72238
9696, -72104
9698, -71959
9702, -71758
9704, -71617
9707, -71485
9709, -71362
9712, -71176
9715, -71040
9718, -70866
9721, -70732
9723, -70603
9725, -70482
9729, -70317
9731, -70190
9735, -70025
9738, -69886
9740, -69756
9743, -69650
9745, -69547
9747, -69432
9750, -69332
9752, -69222
9754, -69124
9757, -69020
9759, -68926
9761, -68822
9765, -68682
9768, -68545
9771, -68407
9773, -68315
9776, -68226
9778, -68130
9780, -68029
9783, -67931
9785, -67834
9788, -67732
9791, -67630
9793, -67543
9795, -67454
9798, -67359
9800, -67269
9803, -67175
9805, -67073
9808, -66985
9811, -66866
9814, -66756
9816, -66670
9819, -66577
9823, -66454
9825, -66366
9828, -66272
9830, -66183
9833, -66093
9836, -66002
9839, -65883
9841, -65803
9844, -65702
9848, -65588
9851, -65472
9854, -65392
9856, -65316
9858, -65239
9860, -65165
9863, -65089
9865, -65016
9867, -64938
9870, -64863
9872, -64782
9874, -64708
9876, -64632
9879, -64551
9881, -64466
9884, -64390
9886, -64312
9889, -64220
9891, -64142
9894, -64049
9896, -63972
9899, -63885
9901, -63809
9905, -63708
9907, -63615
9910, -63530
9913, -63442
9915, -63362
9919, -63246
9922, -63125
9925, -63045
9928, -62950
9930, -62869
9933, -62759
9936, -62687
9939, -62583
9941, -62508
9944, -62423
9946, -62348
9948, -62273
9950, -62203
9953, -62126
9955, -62052
9957, -61973
9960, -61902
9962, -61822
9964, -61746
9967, -61665
9969, -61587
9971, -61508
9974, -61433
9976, -61355
9978, -61277
9980, -61202
9983, -61115
9985, -61039
9987, -60958
9990, -60884
9992, -60801
9994, -60722
9996, -60644
9999, -60564
10002, -60440
10005, -60348
10007, -60255
10009, -60169
10012, -60073
10015, -59982
10017, -59871
10020, -59775
10023, -59673
10025, -59586
10027, -59493
10030, -59396
10033, -59260
10035, -59170
10039, -59028
10041, -58937
10043, -58835
10046, -58739
10048, -58624
10051, -58505
10054, -58391
10056, -58286
10058, -58181
10061, -58080
10063, -57971
10065, -57873
10067, -57768
10070, -57667
10072, -57551
10074, -57434
10077, -57325
10079, -57218
10082, -57066
10085, -56946
10087, -56825
10090, -56709
10092, -56608
10096, -56460
10098, -56340
10102, -56199
10104, -56087
10107, -55992
10109, -55894
10112, -55795
10114, -55689
10117, -55571
10120, -55467
10123, -55370
10125, -55287
10127, -55200
10130, -55103
10132, -55012
10135, -54920
10138, -54825
10140, -54746
10142, -54661
10145, -54581
10147, -54499
10150, -54387
10153, -54300
10155, -54227
10158, -54146
10160, -54060
10163, -53962
10166, -53884
10169, -53791
10171, -53721
10173, -53647
10176, -53577
10178, -53502
10180, -53433
10183, -53359
10185, -53293
10187, -53224
10190, -53146
10192, -53072
10195, -53004
10197, -52930
10200, -52849
10202, -52783
10204, -52719
10207, -52658
10209, -52585
10211, -52521
10214, -52451
10216, -52380
10219, -52308
10221, -52238
10224, -52173
10226, -52113
10228, -52039
10231, -51976
10233, -51906
10236, -51846
10238, -51774
10241, -51714
10244, -51627
10247, -51553
10249, -51490
10251, -51424
10254, -51361
10257, -51291
10260, -51201
10264, -51108
10266, -51050
10268, -50989
10271, -50917
10273, -50857
10276, -50802
10278, -50744
10280, -50689
10282, -50628
10285, -50573
10287, -50515
10290, -50447
10292, -50385
10294, -50327
10297, -50266
10300, -50182
10303, -50116
10305, -50055
10308, -49994
10311, -49916
10313, -49857
10316, -49800
10318, -49741
10321, -49674
10323, -49616
10326, -49562
10328, -49506
10330, -49451
10333, -49380
10335, -49326
10338, -49260
10340, -49205
10343, -49141
10345, -49086
10348, -49021
10351, -48939
10354, -48875
10356, -48816
10359, -48751
10362, -48674
10365, -48587
10369, -48498
10372, -48427
10374, -48360
10377, -48300
10379, -48230
10382, -48162
10385, -48074
10388, -47997
10390, -47935
10393, -47872
10395, -47808
10397, -47747
10400, -47679
10402, -47612
10404, -47546
10407, -47484
10409, -47416
10411, -47354
10414, -47269
10417, -47189
10420, -47087
10423, -47015
10425, -46942
10428, -46855
10431, -46753
10434, -46668
10436, -46589
10439, -46513
10441, -46440
10444, -46335
10447, -46252
10450, -46135
10453, -46046
10455, -45965
10459, -45849
10461, -45755
10464, -45651
10468, -45532
10470, -45433
10473, -45341
10475, -45249
10478, -45156
10481, -45028
10483, -44936
10486, -44834
10489, -44730
10491, -44629
10494, -44509
10497, -44398
10500, -44250
10502, -44155
10505, -44050
10507, -43951
10509, -43840
10512, -43737
10514, -43619
10516, -43514
10519, -43396
10521, -43285
10523, -43171
10525, -43053
10529, -42886
10532, -42710
10534, -42575
10537, -42444
10539, -42297
10542, -42157
10544, -42018
10547, -41840
10549, -41691
10552, -41526
10554, -41372
10557, -41228
10560, -41016
10563, -40822
10565, -40656
10567, -40511
10570, -40359
10572, -40196
10574, -40042
10577, -39885
10580, -39706
10582, -39562
10584, -39417
10586, -39281
10589, -39137
10591, -38997
10593, -38867
10595, -38730
10598, -38599
10600, -38468
10602, -38348
10604, -38219
10607, -38092
10609, -37969
10611, -37850
10613, -37725
10616, -37606
10618, -37493
10620, -37373
10622, -37265
10625, -37146
10627, -37027
10629, -36914
10632, -36805
10634, -36695
10636, -36582
10639, -36457
10642, -36335
10644, -36230
10646, -36123
10649, -35975
10653, -35824
10656, -35696
10658, -35586
10661, -35472
10663, -35373
10666, -35253
10669, -35145
10671, -35040
10674, -34947
10676, -34831
10679, -34737
10682, -34604
10684, -34513
10687, -34396
10690, -34303
10692, -34204
10695, -34113
10697, -34010
10700, -33897
10703, -33802
10706, -33700
10709, -33593
10711, -33500
10715, -33367
10718, -33246
10721, -33142
10724, -33053
10726, -32968
10728, -32891
10731, -32800
10733, -32715
10736, -32629
10738, -32550
10740, -32466
10743, -32379
10746, -32279
10748, -32194
10752, -32076
10754, -31999
10756, -31914
10759, -31837
10761, -31753
10764, -31675
10767, -31559
10769, -31473
10772, -31392
10774, -31316
10776, -31240
10779, -31151
10783, -31037
10785, -30951
10787, -30873
10790, -30791
10792, -30710
10796, -30594
10798, -30511
10801, -30420
10803, -30345
10806, -30269
10809, -30159
10812, -30046
10815, -29964
10818, -29848
10821, -29757
10823, -29685
10826, -29601
10828, -29528
10830, -29445
10833, -29369
10835, -29287
10838, -29210
10840, -29131
10842, -29049
10845, -28945
10848, -28857
10850, -28775
10853, -28690
10855, -28606
10858, -28521
10861, -28399
10864, -28295
10867, -28213
10870, -28095
10872, -28015
10875, -27926
10878, -27815
10881, -27693
10884, -27612
10887, -27499
10889, -27420
10892, -27304
10894, -27215
10897, -27113
10899, -27026
10902, -26923
10904, -26833
10907, -26738
10910, -26589
10913, -26479
10917, -26336
10919, -26232
10922, -26128
10924, -26035
10927, -25918
10930, -25792
10932, -25692
10935, -25592
10937, -25490
10939, -25388
10942, -25280
10944, -25180
10946, -25074
10949, -24977
10951, -24860
10953, -24756
10956, -24638
10959, -24487
10962, -24366
10964, -24262
10967, -24147
10969, -24033
10972, -23912
10974, -23813
10977, -23665
10980, -23564
10982, -23458
10986, -23317
10988, -23203
10992, -23061
10994, -22969
10997, -22858
10999, -22757
11002, -22649
11005, -22552
11008, -22419
11010, -22329
11013, -22231
11017, -22103
11019, -22017
11022, -21925
11024, -21846
11026, -21765
11028, -21688
11031, -21601
11033, -21526
11036, -21433
11038, -21356
11041, -21273
11043, -21203
11045, -21127
11048, -21055
11050, -20979
11053, -20899
11055, -20829
11057, -20758
11059, -20693
11062, -20613
11065, -20511
11068, -20435
11070, -20359
11073, -20292
11075, -20221
11078, -20144
11081, -20071
11084, -19975
11087, -19891
11089, -19827
11092, -19762
11094, -19701
11097, -19607
11100, -19537
11103, -19463
11105, -19400
11107, -19338
11110, -19266
11113, -19192
11116, -19117
11119, -19039
11121, -18970
11123, -18913
11126, -18851
11128, -18790
11131, -18725
11133, -18669
11135, -18607
11138, -18548
11140, -18489
11143, -18426
11145, -18364
11148, -18297
11150, -18236
11153, -18177
11155, -18123
11157, -18066
11159, -18015
11162, -17957
11164, -17900
11166, -17842
11169, -17786
11171, -17724
11173, -17670
11176, -17605
11179, -17543
11182, -17466
11184, -17412
11186, -17356
11189, -17302
11191, -17246
11193, -17193
11195, -17139
11198, -17080
11200, -17026
11203, -16961
11205, -16908
11207, -16849
11210, -16795
11212, -16738
11215, -16680
11217, -16624
11219, -16565
11222, -16509
11224, -16451
11227, -16386
11229, -16328
11232, -16271
11234, -16219
11236, -16158
11239, -16102
11241, -16040
11244, -15981
11246, -15908
11249, -15856
11252, -15778
11254, -15715
11257, -15650
11260, -15566
11263, -15506
11265, -15450
11267, -15392
11269, -15336
11272, -15275
11274, -15218
11276, -15154
11279, -15095
11281, -15035
11283, -14974
11286, -14909
11288, -14848
11290, -14782
11293, -14713
11295, -14651
11299, -14558
11301, -14486
11303, -14421
11306, -14355
11308, -14285
11311, -14218
11313, -14148
11316, -14057
11319, -13982
11321, -13912
11323, -13844
11326, -13778
11328, -13702
11331, -13624
11333, -13540
11336, -13448
11339, -13377
11341, -13299
11344, -13218
11346, -13138
11349, -13031
11352, -12941
11354, -12866
11357, -12760
11361, -12646
11363, -12566
11366, -12472
11368, -12379
11371, -12287
11373, -12199
11376, -12120
11378, -12034
11380, -11954
11382, -11863
11385, -11778
11387, -11687
11389, -11598
11391, -11506
11394, -11408
11396, -11298
11400, -11159
11403, -11000
11406, -10902
11408, -10790
11412, -10638
11414, -10511
11417, -10381
11420, -10262
11422, -10129
11426, -9967
11428, -9833
11431, -9712
11433, -9560
11436, -9410
11438, -9283
11441, -9157
11443, -9016
11446, -8880
11448, -8717
11451, -8569
11453, -8418
11456, -8286
11459, -8080
11461, -7925
11465, -7715
11468, -7523
11471, -7356
11473, -7214
11476, -7054
11478, -6905
11481, -6763
11483, -6617
11486, -6476
11488, -6340
11491, -6213
11493, -6085
11495, -5957
11497, -5829
11500, -5707
11502, -5584
11504, -5468
11507, -5350
11509, -5226
11511, -5109
11515, -4949
11517, -4821
11519, -4711
11522, -4585
11525, -4462
11528, -4312
11531, -4161
11534, -4048
11536, -3942
11538, -3835
11541, -3712
11545, -3560
11547, -3446
11550, -3336
11552, -3239
11554, -3145
11557, -3013
11560, -2903
11562, -2806
11565, -2697
11567, -2602
11570, -2495
11573, -2402
11576, -2282
11579, -2149
11581, -2061
11584, -1972
11586, -1886
11588, -1798
11590, -1720
11593, -1635
11595, -1555
11597, -1471
11599, -1388
11602, -1297
11604, -1214
11606, -1135
11609, -1056
11611, -982
11613, -901
11615, -821
11617, -741
11620, -646
11623, -564
11625, -481
11628, -387
11630, -299
11633, -214
11636, -117
11638, -37
11641, 50
11643, 130
11645, 211
11648, 288
11650, 361
11652, 435
11654, 510
11657, 583
11659, 663
11661, 735
11663, 811
11666, 885
11668, 962
11670, 1039
11672, 1113
11675, 1194
11677, 1268
11679, 1344
11681, 1413
11684, 1491
11686, 1563
11688, 1643
11691, 1717
11693, 1793
11695, 1865
11697, 1937
11700, 2014
11702, 2085
11704, 2161
11706, 2234
11709, 2315
11711, 2391
11713, 2470
11716, 2543
11718, 2631
11720, 2703
11723, 2780
11725, 2854
11727, 2927
11730, 3034
11733, 3117
11736, 3213
11738, 3292
11740, 3373
11743, 3451
11745, 3541
11749, 3656
11751, 3734
11754, 3831
11756, 3911
11758, 3991
11761, 4079
11764, 4201
11767, 4306
11770, 4403
11772, 4482
11775, 4590
11779, 4710
11781, 4791
11784, 4908
11787, 5002
11789, 5092
11792, 5186
11794, 5274
11796, 5362
11799, 5479
11802, 5574
11804, 5665
11806, 5752
11809, 5846
11811, 5931
11813, 6022
11816, 6116
11818, 6209
11820, 6300
11822, 6387
11825, 6491
11827, 6592
11830, 6699
11833, 6820
11835, 6934
11837, 7029
11840, 7138
11842, 7236
11845, 7343
11847, 7458
11851, 7612
11853, 7736
11855, 7838
11858, 7945
11860, 8059
11862, 8163
11865, 8285
11867, 8404
11870, 8518
11872, 8616
11876, 8783
11879, 8933
11882, 9094
11885, 9206
11887, 9301
11889, 9403
11892, 9495
11895, 9644
11898, 9768
11901, 9877
11903, 9976
11906, 10090
11909, 10201
11911, 10306
11914, 10409
11917, 10504
11919, 10587
11921, 10668
11923, 10751
11926, 10832
11928, 10912
11930, 10996
11932, 11072
11935, 11153
11937, 11224
11939, 11309
11941, 11380
11944, 11469
11947, 11577
11950, 11652
11952, 11718
11954, 11792
11957, 11871
11959, 11948
11961, 12015
11964, 12097
11967, 12187
11970, 12270
11972, 12333
11975, 12426
11978, 12522
11981, 12585
11983, 12649
11985, 12720
11988, 12781
11990, 12850
11992, 12915
11995, 12986
11997, 13046
11999, 13109
12002, 13166
12004, 13226
12006, 13290
12009, 13335
12011, 13363
12013, 13380
12016, 13386
12018, 13386
12020, 13376
12023, 13363
12025, 13341
12027, 13318
12029, 13288
12031, 13255
12034, 13218
12036, 13175
12038, 13134
12040, 13086
12043, 13028
12045, 12979
12048, 12929
12050, 12865
12053, 12799
12055, 12738
12059, 12651
12061, 12592
12063, 12530
12066, 12467
12068, 12398
12071, 12323
12073, 12249
12076, 12177
12079, 12092
12082, 11996
12084, 11915
12087, 11847
12089, 11774
12091, 11705
12093, 11634
12096, 11551
12099, 11439
12102, 11367
12104, 11288
12107, 11191
12109, 11112
12111, 11031
12114, 10949
12116, 10847
12119, 10755
12121, 10671
12124, 10580
12126, 10494
12128, 10414
12130, 10328
12132, 10245
12134, 10156
12137, 10065
12139, 9973
12141, 9881
12143, 9794
12146, 9700
12148, 9611
12150, 9510
12152, 9413
12154, 9310
12157, 9211
12159, 9105
12161, 9003
12163, 8903
12165, 8798
12167, 8700
12170, 8577
12172, 8468
12175, 8352
12177, 8249
12179, 8137
12182, 8034
12184, 7933
12186, 7828
12188, 7727
12191, 7616
12193, 7517
12195, 7416
12197, 7323
12199, 7228
12201, 7131
12204, 7032
12206, 6935
12208, 6822
12211, 6709
12214, 6565
12217, 6456
12219, 6350
12222, 6255
12224, 6141
12228, 6004
12230, 5893
12233, 5773
12236, 5675
12238, 5585
12241, 5484
12243, 5383
12246, 5256
12250, 5124
12252, 5035
12254, 4945
12257, 4860
12259, 4772
12261, 4687
12263, 4606
12266, 4519
12268, 4437
12270, 4349
12273, 4266
12275, 4181
12278, 4063
12282, 3931
12284, 3851
12286, 3764
12289, 3681
12291, 3599
12294, 3479
12297, 3387
12299, 3307
12301, 3226
12303, 3150
12306, 3063
12309, 2957
12311, 2876
12314, 2757
12317, 2654
12320, 2574
12322, 2494
12324, 2416
12326, 2335
12330, 2214
12333, 2096
12336, 1999
12339, 1886
12341, 1804
12344, 1708
12346, 1627
12349, 1550
12351, 1468
12353, 1394
12356, 1308
12358, 1231
12360, 1137
12363, 1059
12365, 981
12367, 906
12369, 828
12371, 748
12374, 672
12376, 583
12378, 506
12382, 395
12384, 294
12387, 213
12389, 132
12391, 48
12394, -36
12396, -133
12399, -234
12402, -322
12404, -408
12407, -525
12410, -620
12413, -727
12415, -822
12418, -916
12420, -1011
12423, -1121
12426, -1224
12429, -1354
12432, -1454
12434, -1561
12437, -1652
12439, -1757
12442, -1850
12444, -1957
12447, -2074
12450, -2205
12453, -2297
12456, -2441
12459, -2542
12461, -2642
12463, -2739
12466, -2842
12468, -2943
12470, -3047
12473, -3149
12475, -3247
12477, -3361
12480, -3465
12483, -3610
12486, -3740
12488, -3847
12490, -3956
12492, -4061
12495, -4165
12497, -4282
12499, -4390
12501, -4507
12504, -4618
12506, -4741
12508, -4862
12511, -4980
12513, -5096
12515, -5232
12518, -5366
12520, -5491
12522, -5615
12525, -5759
12528, -5957
12531, -6098
12534, -6291
12536, -6436
12539, -6619
12543, -6827
12545, -6994
12548, -7156
12551, -7378
12554, -7520
12556, -7683
12559, -7899
12563, -8122
12566, -8304
12569, -8468
12571, -8606
12573, -8743
12576, -8882
12578, -9024
12580, -9150
12583, -9281
12585, -9422
12587, -9547
12590, -9685
12593, -9826
12596, -9968
12598, -10096
12601, -10247
12603, -10354
12607, -10517
12609, -10632
12612, -10765
12615, -10892
12617, -10997
12620, -11094
12622, -11201
12624, -11288
12627, -11389
12629, -11483
12631, -11582
12634, -11681
12636, -11772
12639, -11874
12643, -12000
12646, -12115
12649, -12224
12651, -12308
12655, -12420
12658, -12538
12660, -12618
12664, -12723
12666, -12798
12668, -12870
12670, -12941
12673, -13022
12675, -13096
12678, -13173
12680, -13240
12683, -13313
12685, -13379
12687, -13449
12689, -13514
12692, -13583
12694, -13649
12696, -13714
12699, -13781
12701, -13845
12703, -13911
12707, -14011
12710, -14080
12712, -14152
12714, -14210
12717, -14271
12719, -14330
12721, -14391
12723, -14452
12726, -14516
12728, -14574
12730, -14632
12733, -14694
12735, -14750
12738, -14813
12740, -14868
12742, -14930
12744, -14985
12747, -15047
12749, -15101
12752, -15160
12754, -15219
12756, -15276
12759, -15335
12761, -15391
12763, -15449
12766, -15508
12768, -15567
12771, -15623
12773, -15682
12775, -15733
12779, -15814
12781, -15867
12784, -15932
12786, -15987
12789, -16049
12791, -16102
12793, -16155
12796, -16208
12798, -16263
12800, -16314
12803, -16369
12805, -16422
12807, -16477
12810, -16527
12812, -16580
12815, -16655
12818, -16718
12820, -16767
12823, -16826
12825, -16881
12828, -16942
12830, -16993
12834, -17074
12836, -17125
12838, -17184
12841, -17236
12843, -17290
12845, -17346
12848, -17415
12851, -17467
12853, -17524
12856, -17587
12858, -17644
12861, -17695
12864, -17774
12866, -17833
12869, -17888
12872, -17967
12875, -18026
12877, -18085
12881, -18160
12883, -18221
12885, -18274
12889, -18365
12892, -18420
12894, -18485
12897, -18561
12900, -18625
12902, -18683
12905, -18739
12907, -18794
12910, -18852
12912, -18910
12914, -18965
12916, -19022
12919, -19081
12921, -19144
12924, -19201
12926, -19263
12929, -19327
12931, -19390
12934, -19458
12936, -19516
12939, -19580
12941, -19637
12944, -19724
12947, -19792
12950, -19864
12952, -19925
12955, -20005
12958, -20098
12961, -20159
12963, -20237
12966, -20310
12968, -20375
12971, -20439
12973, -20514
12976, -20588
12979, -20665
12982, -20763
12985, -20835
12987, -20902
12989, -20978
12992, -21055
12995, -21138
12997, -21221
13000, -21290
13002, -21367
13005, -21440
13007, -21517
13009, -21589
13012, -21664
13014, -21742
13016, -21820
13019, -21898
13021, -21986
13024, -22077
13027, -22165
13029, -22260
13032, -22355
13034, -22442
13037, -22522
13040, -22651
13043, -22752
13046, -22877
13049, -22988
13052, -23074
13055, -23207
13058, -23345
13061, -23444
13064, -23586
13066, -23679
13069, -23779
13071, -23870
13074, -24012
13077, -24124
13079, -24227
13082, -24343
13084, -24441
13088, -24585
13090, -24683
13093, -24797
13096, -24936
13099, -25056
13101, -25146
13104, -25250
13107, -25353
13109, -25469
13113, -25607
13115, -25701
13117, -25791
13120, -25878
13122, -25963
13124, -26058
13127, -26148
13129, -26253
13132, -26341
13134, -26441
13136, -26524
13139, -26624
13142, -26732
13145, -26865
13148, -26954
13150, -27044
13152, -27132
13155, -27231
13158, -27328
13160, -27414
13162, -27500
13166, -27621
13168, -27706
13170, -27788
13173, -27880
13176, -27976
13178, -28073
13181, -28155
13183, -28246
13186, -28330
13188, -28424
13192, -28541
13194, -28630
13197, -28717
13199, -28799
13201, -28874
13205, -28990
13208, -29109
13211, -29188
13214, -29298
13216, -29380
13219, -29472
13222, -29559
13225, -29675
13227, -29753
13230, -29830
13232, -29905
13234, -29985
13236, -30056
13239, -30137
13241, -30218
13244, -30298
13247, -30406
13249, -30486
13251, -30559
13254, -30640
13256, -30722
13259, -30804
13262, -30912
13265, -30998
13267, -31086
13269, -31164
13272, -31262
13275, -31341
13277, -31428
13280, -31509
13282, -31593
13285, -31674
13288, -31791
13290, -31867
13294, -31976
13297, -32074
13299, -32172
13302, -32254
13304, -32345
13307, -32424
13309, -32504
13312, -32587
13314, -32682
13317, -32775
13319, -32856
13321, -32935
13324, -33026
13326, -33102
13329, -33202
13333, -33336
13335, -33425
13338, -33520
13340, -33605
13342, -33685
13344, -33772
13347, -33852
13349, -33942
13351, -34024
13353, -34110
13356, -34198
13358, -34286
13360, -34378
13363, -34473
13365, -34575
13368, -34666
13370, -34762
13372, -34854
13376, -34994
13378, -35105
13381, -35233
13384, -35344
13386, -35441
13389, -35548
13391, -35661
13394, -35784
13397, -35895
13399, -36001
13401, -36105
13405, -36269
13407, -36385
13410, -36506
13412, -36629
13415, -36777
13418, -36890
13421, -37063
13423, -37190
13426, -37325
13430, -37512
13432, -37650
13434, -37781
13437, -37907
13439, -38039
13442, -38196
13445, -38352
13447, -38503
13450, -38650
13452, -38783
13454, -38928
13456, -39077
13459, -39223
13461, -39368
13463, -39520
13466, -39676
13468, -39838
13471, -40017
13473, -40186
13476, -40393
13478, -40548
13481, -40741
13484, -40894
13486, -41049
13488, -41207
13491, -41356
13493, -41498
13495, -41643
13498, -41816
13503, -42088
13505, -42226
13507, -42359
13510, -42496
13512, -42621
13514, -42755
13517, -42878
13519, -42998
13521, -43126
13524, -43248
13526, -43375
13529, -43496
13531, -43613
13533, -43727
13536, -43847
13538, -43961
13541, -44076
13543, -44182
13545, -44287
13548, -44389
13550, -44493
13552, -44588
13555, -44684
13557, -44780
13560, -44885
13562, -44978
13564, -45069
13566, -45164
13569, -45252
13571, -45346
13574, -45446
13577, -45548
13579, -45638
13581, -45726
13584, -45809
13586, -45901
13589, -45982
13591, -46076
13594, -46155
13596, -46238
13598, -46325
13601, -46403
13603, -46486
13606, -46574
13608, -46648
13611, -46738
13614, -46820
13616, -46905
13619, -46975
13621, -47056
13624, -47135
13626, -47212
13628, -47278
13631, -47347
13633, -47410
13635, -47481
13638, -47549
13640, -47620
13642, -47690
13645, -47758
13647, -47834
13650, -47902
13652, -47969
13655, -48045
13657, -48116
13660, -48183
13662, -48256
13665, -48330
13667, -48393
13669, -48458
13672, -48519
13674, -48584
13676, -48644
13679, -48703
13681, -48768
13683, -48828
13686, -48891
13688, -48950
13690, -49016
13693, -49077
13695, -49141
13698, -49205
13700, -49271
13702, -49331
13705, -49394
13707, -49461
13709, -49522
13712, -49592
13715, -49667
13717, -49727
13719, -49786
13722, -49849
13724, -49917
13727, -49988
13729, -50048
13732, -50119
13734, -50180
13737, -50245
13739, -50312
13742, -50373
13744, -50442
13747, -50513
13749, -50574
13752, -50636
13754, -50697
13756, -50764
13759, -50825
13761, -50897
13764, -50966
13766, -51038
13769, -51100
13771, -51166
13773, -51226
13776, -51299
13778, -51358
13781, -51423
13783, -51485
13785, -51551
13788, -51639
13791, -51712
13793, -51783
13796, -51859
13798, -51922
13801, -52000
13803, -52066
13806, -52140
13808, -52202
13810, -52275
13813, -52343
13815, -52412
13818, -52490
13820, -52567
13823, -52639
13825, -52711
13828, -52795
13831, -52878
13833, -52947
13835, -53021
13838, -53101
13840, -53179
13843, -53258
13845, -53339
13848, -53428
13850, -53504
13852, -53581
13855, -53657
13857, -53738
13859, -53813
13862, -53896
13864, -53971
13866, -54053
13868, -54129
13871, -54219
13873, -54300
13875, -54385
13878, -54469
13880, -54559
13883, -54653
13885, -54740
13887, -54832
13890, -54927
13892, -55023
13895, -55124
13897, -55225
13900, -55321
13902, -55423
13904, -55518
13907, -55619
13909, -55722
13912, -55827
13914, -55922
13916, -56031
13919, -56130
13921, -56241
13924, -56348
13926, -56458
13928, -56562
13931, -56682
13933, -56798
13935, -56907
13938, -57013
13940, -57126
13942, -57239
13945, -57344
13947, -57454
13949, -57562
13952, -57685
13954, -57799
13956, -57910
13959, -58014
13961, -58122
13964, -58235
13966, -58349
13968, -58455
13971, -58586
13973, -58689
13976, -58797
13978, -58902
13981, -59037
13984, -59134
13986, -59243
13989, -59346
13991, -59449
13993, -59544
13996, -59644
13998, -59738
14000, -59833
14003, -59934
14005, -60027
14007, -60127
14010, -60223
14013, -60360
14016, -60460
14018, -60548
14020, -60643
14023, -60747
14026, -60883
14030, -61014
14032, -61108
14035, -61191
14037, -61279
14040, -61394
14044, -61524
14046, -61622
14049, -61710
14051, -61798
14054, -61919
14057, -62008
14060, -62120
14063, -62243
14066, -62329
14068, -62414
14071, -62514
14074, -62631
14077, -62720
14080, -62833
14082, -62920
14085, -62997
14087, -63079
14089, -63158
14092, -63258
14095, -63358
14098, -63458
14100, -63541
14102, -63624
14105, -63704
14107, -63792
14110, -63873
14112, -63964
14115, -64046
14117, -64135
14120, -64217
14123, -64334
14126, -64452
14128, -64532
14131, -64625
14133, -64704
14136, -64782
14138, -64870
14141, -64960
14144, -65063
14147, -65170
14149, -65248
14151, -65329
14154, -65408
14156, -65500
14159, -65589
14161, -65681
14164, -65767
14166, -65851
14168, -65934
14172, -66059
14175, -66179
14177, -66266
14180, -66356
14182, -66447
14186, -66570
14188, -66661
14191, -66765
14193, -66862
14196, -66959
14198, -67051
14201, -67148
14204, -67257
14206, -67360
14209, -67471
14212, -67574
14214, -67670
14217, -67773
14219, -67872
14221, -67972
14224, -68070
14226, -68165
14228, -68261
14231, -68359
14233, -68461
14236, -68573
14238, -68674
14241, -68797
14243, -68906
14246, -69010
14248, -69119
14250, -69223
14253, -69344
14256, -69468
14258, -69585
14260, -69690
14263, -69834
14265, -69947
14268, -70071
14271, -70202
14273, -70331
14275, -70446
14278, -70570
14281, -70727
14283, -70855
14286, -70994
14288, -71128
14291, -71273
14294, -71470
14296, -71604
14299, -71749
14302, -71957
14305, -72118
14307, -72264
14311, -72473
14314, -72695
14317, -72866
14319, -73015
14321, -73163
14324, -73313
14326, -73450
14328, -73604
14331, -73747
14333, -73890
14335, -74022
14337, -74161
14340, -74293
14342, -74458
14346, -74648
14348, -74803
14351, -74927
14354, -75085
14356, -75226
14359, -75385
14363, -75565
14365, -75684
14368, -75809
14370, -75917
14372, -76034
14375, -76139
14377, -76259
14380, -76409
14383, -76514
14385, -76624
14388, -76729
14390, -76834
14394, -76975
14396, -77079
14399, -77175
14401, -77265
14403, -77354
14406, -77446
14409, -77575
14413, -77706
14415, -77794
14417, -77879
14420, -77975
14423, -78081
14426, -78163
14429, -78282
14432, -78367
14434, -78442
14437, -78522
14439, -78598
14441, -78669
14444, -78745
14446, -78825
14448, -78899
14451, -78966
14454, -79051
14456, -79118
14459, -79221
14463, -79323
14465, -79390
14467, -79458
14471, -79551
14473, -79622
14476, -79702
14479, -79787
14481, -79849
14484, -79914
14486, -79983
14489, -80047
14491, -80105
14494, -80173
14496, -80238
14498, -80300
14501, -80359
14503, -80422
14506, -80484
14509, -80573
14512, -80642
14514, -80703
14516, -80758
14519, -80823
14522, -80907
14525, -80971
14527, -81031
14530, -81087
14532, -81143
14535, -81222
14539, -81304
14541, -81364
14544, -81425
14546, -81477
14549, -81533
14551, -81585
14553, -81642
14556, -81693
14558, -81750
14560, -81801
14563, -81854
14565, -81905
14567, -81963
14570, -82016
14573, -82093
14576, -82160
14578, -82213
14580, -82262
14583, -82317
14586, -82379
14589, -82457
14592, -82517
14594, -82576
14596, -82625
14599, -82683
14602, -82755
14605, -82827
14607, -82882
14610, -82941
14613, -83007
14615, -83059
14618, -83115
14621, -83188
14623, -83243
14626, -83302
14629, -83377
14631, -83430
14635, -83509
14637, -83563
14639, -83618
14642, -83667
14644, -83720
14646, -83768
14648, -83824
14651, -83876
14653, -83927
14655, -83981
14657, -84036
14660, -84089
14662, -84140
14664, -84202
14667, -84255
14669, -84318
14672, -84370
14674, -84431
14676, -84484
14680, -84569
14682, -84624
14685, -84686
14687, -84748
14690, -84824
14693, -84892
14696, -84958
14698, -85015
14702, -85097
14704, -85156
14706, -85211
14710, -85300
14713, -85384
14716, -85446
14719, -85532
14722, -85618
14725, -85686
14727, -85745
14730, -85817
14732, -85876
14735, -85956
14738, -86015
14741, -86100
14744, -86183
14746, -86249
14748, -86315
14751, -86397
14754, -86470
14756, -86534
14758, -86603
14760, -86671
14763, -86747
14765, -86824
14768, -86897
14770, -86972
14773, -87050
14776, -87150
14779, -87244
14781, -87320
14783, -87394
14786, -87481
14788, -87557
14791, -87642
14794, -87762
14796, -87843
14799, -87932
14801, -88014
14804, -88104
14806, -88191
14809, -88294
14812, -88406
14814, -88519
14817, -88608
14820, -88746
14823, -88845
14826, -88967
14828, -89093
14831, -89189
14833, -89292
14837, -89447
14840, -89575
14842, -89696
14845, -89811
14847, -89906
14850, -90044
14853, -90173
14857, -90319
14860, -90441
14862, -90549
14864, -90650
14867, -90742
14869, -90840
14871, -90930
14873, -91021
14876, -91113
14878, -91205
14881, -91319
14883, -91407
14886, -91525
14888, -91624
14892, -91753
14894, -91850
14896, -91934
14899, -92026
14901, -92115
14903, -92204
14906, -92290
14908, -92378
14910, -92466
14913, -92553
14915, -92642
14917, -92724
14920, -92814
14922, -92900
14925, -92990
14927, -93071
14929, -93152
14931, -93231
14934, -93319
14936, -93401
14939, -93488
14941, -93572
14943, -93649
14945, -93728
14948, -93805
14950, -93895
14953, -93973
14955, -94064
14958, -94152
14961, -94263
14964, -94354
14966, -94432
14970, -94546
14972, -94626
14974, -94705
14977, -94779
14979, -94857
14981, -94934
14984, -95011
14986, -95084
14988, -95156
14991, -95234
14993, -95304
14995, -95383
14997, -95455
15000, -95534
15002, -95606
15005, -95695
15007, -95786
15010, -95878
15013, -95960
15015, -96049
15018, -96124
15021, -96216
15023, -96292
15026, -96379
15028, -96461
15031, -96547
15033, -96626
15035, -96704
15038, -96779
15041, -96896
15045, -97022
15047, -97098
15051, -97215
15053, -97288
15055, -97371
15058, -97458
15061, -97561
15064, -97650
15066, -97728
15069, -97814
15071, -97911
15074, -97995
15076, -98080
15079, -98174
15082, -98258
15084, -98347
15086, -98426
15089, -98501
15091, -98580
15093, -98656
15095, -98740
15097, -98819
15100, -98902
15102, -98981
15104, -99068
15108, -99190
15110, -99289
15113, -99381
15115, -99473
15117, -99555
15121, -99686
15124, -99815
15126, -99904
15129, -100010
15131, -100102
15134, -100195
15136, -100290
15138, -100378
15141, -100484
15144, -100624
15147, -100733
15149, -100830
15152, -100938
15154, -101045
15156, -101148
15159, -101258
15162, -101406
15165, -101512
15167, -101615
15169, -101724
15172, -101841
15174, -101964
15177, -102087
15179, -102207
15182, -102323
15184, -102448
15188, -102610
15190, -102759
15193, -102894
15195, -103021
15198, -103137
15200, -103260
15202, -103394
15205, -103539
15207, -103673
15210, -103807
15212, -103938
15214, -104069
15216, -104204
15219, -104344
15221, -104497
15224, -104648
15226, -104796
15228, -104939
15230, -105093
15233, -105237
15235, -105386
15237, -105559
15240, -105752
15242, -105900
15245, -106067
15247, -106217
15251, -106439
15254, -106653
15256, -106814
15259, -106954
15261, -107110
15263, -107241
15266, -107381
15269, -107573
15272, -107769
15275, -107922
15278, -108113
15281, -108241
15284, -108406
15286, -108532
15289, -108665
15291, -108786
15294, -108923
15296, -109050
15300, -109208
15303, -109367
15306, -109509
15308, -109609
15310, -109708
15313, -109820
15315, -109920
15318, -110025
15320, -110129
15322, -110224
15325, -110323
15327, -110420
15330, -110529
15332, -110620
15335, -110707
15337, -110804
15339, -110889
15342, -110986
15345, -111096
15347, -111181
15350, -111283
15353, -111376
15355, -111457
15358, -111578
15361, -111671
15363, -111747
15366, -111830
15368, -111923
15371, -112000
15373, -112070
15375, -112146
15378, -112231
15380, -112305
15383, -112409
15386, -112490
15388, -112560
15391, -112637
15393, -112711
15395, -112781
15398, -112853
15400, -112929
15403, -113002
15405, -113070
15408, -113164
15411, -113253
15414, -113323
15416, -113394
15419, -113459
15421, -113525
15423, -113590
15425, -113653
15428, -113717
15430, -113781
15432, -113843
15435, -113906
15437, -113974
15440, -114065
15444, -114156
15446, -114226
15449, -114287
15451, -114348
15453, -114412
15456, -114475
15458, -114546
15461, -114625
15464, -114683
15466, -114747
15469, -114818
15472, -114906
15476, -115001
15478, -115073
15481, -115134
15484, -115209
15487, -115291
15489, -115356
15493, -115447
15495, -115509
15497, -115572
15500, -115644
15503, -115709
15506, -115787
15508, -115856
15512, -115945
15514, -116006
15516, -116073
15519, -116132
15521, -116195
15524, -116259
15526, -116322
15528, -116385
15531, -116446
15533, -116512
15535, -116572
15539, -116663
15541, -116731
15544, -116808
15547, -116876
15549, -116938
15552, -117026
15554, -117088
15558, -117184
15560, -117246
15563, -117325
15565, -117390
15569, -117489
15571, -117561
15574, -117639
15576, -117708
15579, -117788
15582, -117877
15585, -117946
15588, -118049
15591, -118137
15594, -118214
15596, -118280
15599, -118363
15601, -118440
15604, -118519
15607, -118631
15609, -118701
15612, -118775
15614, -118849
15616, -118923
15619, -119008
15622, -119112
15624, -119185
15627, -119263
15629, -119336
15631, -119414
15633, -119495
15636, -119574
15638, -119653
15640, -119734
15642, -119822
15645, -119902
15647, -119992
15650, -120081
15653, -120211
15655, -120303
15658, -120393
15660, -120475
15662, -120564
15664, -120657
15667, -120758
15669, -120858
15671, -120952
15674, -121053
15676, -121151
15678, -121253
15681, -121359
15683, -121488
15687, -121653
15690, -121796
15693, -121951
15695, -122067
15699, -122233
15702, -122398
15704, -122507
15707, -122655
15710, -122780
15713, -122910
15715, -123020
15718, -123183
15720, -123291
15723, -123432
15726, -123563
15729, -123693
15731, -123807
15734, -123918
15738, -124114
15740, -124210
15743, -124329
15745, -124426
15747, -124527
15750, -124627
15752, -124726
15754, -124822
15756, -124915
15759, -125011
15761, -125120
15763, -125219
15766, -125310
15768, -125406
15770, -125498
15773, -125601
15775, -125688
15777, -125792
15780, -125890
15782, -125988
15785, -126077
15788, -126215
15791, -126344
15794, -126447
15797, -126538
15799, -126635
15802, -126739
15805, -126859
15808, -126990
15811, -127085
15814, -127181
15816, -127270
15819, -127366
15821, -127451
15824, -127549
15827, -127660
15829, -127748
15831, -127832
15834, -127924
15837, -128046
15840, -128137
15843, -128237
15845, -128317
15847, -128398
15849, -128478
15852, -128559
15854, -128638
15856, -128719
15859, -128804
15861, -128884
15864, -128979
15866, -129055
15869, -129170
15872, -129260
15874, -129346
15877, -129435
15879, -129527
15882, -129605
15884, -129684
15886, -129763
15889, -129875
15893, -129994
15895, -130073
15897, -130154
15900, -130256
15903, -130343
15906, -130461
15909, -130552
15911, -130630
15914, -130715
15916, -130812
15919, -130919
15923, -131041
15926, -131161
15929, -131250
15932, -131373
15934, -131455
15937, -131562
15941, -131684
15944, -131795
15946, -131875
15949, -131979
15951, -132071
15955, -132201
15958, -132330
15960, -132414
15963, -132504
15965, -132590
15967, -132673
15969, -132760
15972, -132844
15974, -132939
15976, -133025
15978, -133119
15981, -133205
15983, -133298
15985, -133391
15988, -133494
15990, -133593
15992, -133691
15995, -133796
15997, -133892
16000, -133994
16002, -134091
16004, -134193
16007, -134273
16009, -134328
16011, -134368
16014, -134382
16016, -134388
16018, -134375
16021, -134356
16023, -134321
16026, -134281
16028, -134234
16030, -134180
16033, -134117
16036, -134023
16038, -133952
16041, -133871
16044, -133789
16046, -133712
16049, -133626
16051, -133536
16054, -133425
16057, -133344
16060, -133246
16062, -133161
16064, -133069
16067, -132989
16069, -132902
16071, -132823
16074, -132740
16076, -132661
16078, -132572
16081, -132487
16083, -132402
16085, -132320
16089, -132199
16091, -132113
16094, -132024
16096, -131944
16098, -131858
16101, -131778
16103, -131685
16106, -131593
16109, -131495
16112, -131402
16114, -131322
16116, -131240
16119, -131157
16121, -131082
16123, -131003
16126, -130918
16128, -130826
16132, -130712
16134, -130630
16137, -130535
16140, -130433
16143, -130323
16146, -130247
16149, -130147
16151, -130059
16154, -129979
16157, -129879
16159, -129787
16162, -129713
16164, -129628
16167, -129535
16170, -129435
16172, -129356
16176, -129240
16178, -129155
16181, -129080
16183, -128998
16185, -128917
16188, -128840
16190, -128756
16193, -128677
16195, -128599
16197, -128522
16200, -128438
16202, -128356
16204, -128274
16208, -128159
16210, -128068
16213, -127985
16215, -127904
16218, -127810
16221, -127712
16223, -127619
16226, -127528
16228, -127444
16231, -127364
16233, -127278
16235, -127191
16238, -127104
16241, -126981
16244, -126896
16246, -126814
16249, -126704
16252, -126584
16256, -126451
16259, -126319
16261, -126235
16264, -126148
16267, -126032
16269, -125933
16272, -125838
16274, -125739
16277, -125652
16279, -125554
16281, -125460
16284, -125368
16287, -125243
16290, -125100
16293, -124993
16295, -124898
16297, -124808
16300, -124714
16302, -124624
16304, -124518
16307, -124418
16309, -124315
16311, -124217
16313, -124118
16316, -124006
16318, -123909
16321, -123787
16323, -123683
16326, -123560
16328, -123446
16330, -123327
16333, -123198
16337, -123033
16340, -122880
16342, -122764
16345, -122637
16347, -122531
16349, -122418
16352, -122292
16354, -122178
16357, -122076
16359, -121949
16362, -121846
16364, -121734
16367, -121615
16370, -121459
16373, -121346
16376, -121198
16378, -121105
16381, -121001
16383, -120910
16386, -120801
16388, -120706
16390, -120615
16393, -120525
16395, -120435
16397, -120345
16400, -120252
16402, -120169
16404, -120082
16407, -119986
16409, -119898
16413, -119783
16415, -119700
16417, -119620
16420, -119527
16422, -119450
16425, -119334
16428, -119255
16430, -119177
16433, -119093
16435, -119006
16438, -118930
16440, -118855
16443, -118772
16445, -118694
16448, -118598
16452, -118492
16454, -118410
16458, -118310
16461, -118223
16463, -118156
16465, -118083
16468, -118015
16470, -117935
16473, -117870
16476, -117772
16478, -117709
16481, -117620
16484, -117557
16487, -117461
16490, -117383
16492, -117313
16495, -117247
16498, -117157
16500, -117089
16503, -117028
16505, -116964
16507, -116905
16509, -116841
16512, -116779
16514, -116720
16516, -116659
16519, -116596
16521, -116530
16523, -116469
16526, -116390
16529, -116330
16531, -116266
16533, -116207
16536, -116124
16540, -116035
16542, -115966
16545, -115904
16547, -115845
16549, -115776
16552, -115713
16555, -115621
16558, -115543
16561, -115470
16563, -115413
16566, -115348
16568, -115291
16570, -115220
16573, -115163
16575, -115101
16578, -115035
16580, -114973
16582, -114907
16585, -114845
16587, -114775
16590, -114706
16592, -114645
16595, -114585
16598, -114491
16601, -114409
16604, -114349
16607, -114253
16610, -114183
16612, -114112
16614, -114052
16617, -113990
16619, -113932
16621, -113869
16623, -113808
16626, -113742
16628, -113681
16630, -113610
16633, -113549
16636, -113457
16638, -113386
16641, -113305
16643, -113240
16646, -113172
16648, -113104
16650, -113033
16653, -112967
16656, -112865
16659, -112787
16661, -112704
16664, -112636
16666, -112551
16669, -112473
16671, -112392
16674, -112313
16676, -112236
16679, -112166
16681, -112087
16683, -112012
16686, -111933
16688, -111855
16690, -111770
16693, -111695
16695, -111617
16697, -111538
16700, -111453
16702, -111355
16706, -111229
16708, -111143
16711, -111053
16713, -110968
16716, -110863
16718, -110767
16721, -110658
16723, -110568
16726, -110468
16728, -110375
16730, -110274
16733, -110181
16735, -110072
16738, -109973
16740, -109872
16742, -109771
16744, -109671
16747, -109552
16750, -109428
16752, -109304
16755, -109195
16758, -109029
16761, -108901
16763, -108787
16765, -108669
16768, -108526
16770, -108395
16773, -108239
16776, -108086
16778, -107960
16781, -107809
16783, -107670
16786, -107505
16788, -107361
16791, -107209
16793, -107061
16795, -106904
16798, -106741
16801, -106520
16804, -106352
16807, -106163
16809, -105997
16812, -105830
16815, -105643
16817, -105480
16820, -105273
16823, -105131
16826, -104940
16828, -104796
16831, -104635
16833, -104488
16835, -104349
16838, -104205
16840, -104064
16842, -103933
16845, -103804
16847, -103665
16849, -103545
16852, -103398
16855, -103265
16858, -103083
16860, -102956
16863, -102838
16865, -102720
16868, -102549
16871, -102430
16873, -102309
16876, -102182
16878, -102073
16880, -101955
16883, -101844
16886, -101691
16888, -101580
16891, -101460
16894, -101348
16896, -101244
16898, -101143
16900, -101047
16903, -100933
16906, -100822
16908, -100714
16910, -100619
16913, -100515
16915, -100400
16919, -100264
16921, -100165
16924, -100056
16927, -99942
16929, -99848
16932, -99733
16936, -99600
16939, -99468
16942, -99357
16944, -99271
16946, -99185
16949, -99101
16951, -99012
16953, -98924
16956, -98840
16958, -98757
16960, -98677
16962, -98594
16965, -98517
16968, -98394
16971, -98304
16973, -98221
16975, -98132
16978, -98043
16980, -97964
16983, -97873
16985, -97784
16988, -97692
16991, -97604
16993, -97515
16995, -97435
16999, -97319
17001, -97229
17004, -97144
17006, -97054
17009, -96977
17011, -96897
17014, -96783
17018, -96661
17021, -96570
17023, -96488
17025, -96413
17028, -96332
17030, -96252
17032, -96170
17035, -96094
17037, -96014
17039, -95939
17042, -95858
17044, -95784
17046, -95707
17048, -95630
17051, -95556
17053, -95470
17055, -95389
17058, -95307
17060, -95233
17062, -95150
17065, -95073
17067, -94990
17070, -94909
17072, -94826
17074, -94750
17077, -94667
17079, -94575
17081, -94497
17084, -94416
17086, -94335
17088, -94253
17091, -94173
17093, -94087
17095, -94009
17098, -93917
17100, -93827
17103, -93736
17105, -93657
17107, -93569
17110, -93478
17112, -93385
17115, -93297
17119, -93158
17121, -93062
17124, -92951
17127, -92856
17129, -92757
17131, -92666
17135, -92536
17137, -92441
17139, -92354
17142, -92263
17144, -92172
17147, -92054
17149, -91949
17152, -91853
17154, -91755
17156, -91653
17159, -91551
17161, -91441
17164, -91336
17166, -91236
17168, -91133
17171, -91020
17174, -90867
17177, -90763
17179, -90651
17181, -90539
17184, -90418
17186, -90301
17189, -90181
17192, -90042
17194, -89923
17198, -89766
17200, -89651
17203, -89535
17205, -89429
17208, -89288
17210, -89189
17214, -89030
17216, -88925
17220, -88773
17222, -88655
17225, -88547
17227, -88449
17230, -88339
17232, -88245
17235, -88154
17237, -88052
17240, -87924
17243, -87818
17246, -87692
17249, -87605
17251, -87514
17254, -87426
17257, -87310
17260, -87214
17262, -87137
17264, -87055
17266, -86976
17269, -86894
17271, -86814
17274, -86730
17276, -86656
17278, -86574
17281, -86498
17283, -86415
17286, -86339
17289, -86231
17292, -86158
17294, -86084
17296, -86016
17298, -85946
17301, -85872
17304, -85790
17307, -85711
17309, -85628
17312, -85565
17314, -85496
17316, -85430
17319, -85355
17321, -85293
17324, -85198
17327, -85136
17330, -85046
17333, -84956
17336, -84879
17339, -84805
17341, -84743
17344, -84680
17347, -84602
17350, -84522
17352, -84459
17355, -84389
17358, -84301
17360, -84244
17364, -84158
17367, -84067
17370, -84001
17372, -83944
17375, -83876
17377, -83818
17379, -83759
17381, -83706
17384, -83643
17386, -83586
17389, -83522
17391, -83467
17393, -83407
17395, -83354
17398, -83276
17402, -83194
17405, -83126
17407, -83063
17409, -83006
17412, -82951
17414, -82890
17417, -82831
17419, -82765
17421, -82711
17424, -82650
17426, -82595
17428, -82533
17431, -82475
17434, -82389
17437, -82329
17439, -82265
17442, -82208
17445, -82123
17449, -82041
17451, -81987
17454, -81901
17457, -81844
17459, -81780
17461, -81726
17465, -81640
17467, -81580
17470, -81515
17472, -81457
17475, -81391
17477, -81331
17479, -81266
17482, -81209
17484, -81137
17487, -81077
17489, -81017
17491, -80961
17494, -80896
17496, -80837
17498, -80770
17501, -80708
17503, -80643
17505, -80579
17508, -80508
17511, -80435
17513, -80370
17516, -80278
17519, -80209
17521, -80146
17524, -80047
17527, -79981
17529, -79905
17532, -79838
17534, -79754
17537, -79684
17539, -79604
17542, -79529
17545, -79423
17548, -79331
17551, -79259
17554, -79149
17557, -79041
17560, -78964
17563, -78872
17565, -78775
17569, -78658
17571, -78584
17574, -78475
17577, -78395
17579, -78300
17582, -78218
17585, -78092
17589, -77966
17591, -77885
17593, -77799
17596, -77710
17598, -77623
17600, -77525
17603, -77432
17605, -77336
17608, -77237
17610, -77127
17613, -77029
17615, -76930
17619, -76788
17621, -76691
17624, -76543
17626, -76446
17629, -76341
17631, -76233
17634, -76073
17637, -75970
17639, -75841
17642, -75721
17644, -75606
17646, -75495
17649, -75380
17651, -75230
17654, -75083
17657, -74909
17660, -74776
17662, -74652
17665, -74443
17668, -74288
17671, -74135
17674, -73935
17676, -73796
17678, -73646
17681, -73506
17683, -73342
17686, -73172
17689, -72986
17692, -72837
17694, -72699
17696, -72568
17698, -72423
17701, -72288
17703, -72142
17706, -71999
17708, -71876
17710, -71737
17712, -71614
17715, -71486
17717, -71368
17719, -71244
17721, -71123
17724, -71000
17726, -70881
17728, -70763
17730, -70638
17733, -70519
17736, -70349
17739, -70232
17741, -70122
17743, -70009
17746, -69890
17748, -69774
17751, -69661
17753, -69545
17756, -69415
17759, -69296
17761, -69187
17764, -69064
17766, -68962
17769, -68847
17771, -68743
17774, -68632
17776, -68537
17779, -68417
17781, -68315
17784, -68208
17787, -68106
17789, -68004
17792, -67910
17795, -67782
17798, -67667
17800, -67575
17803, -67482
17805, -67381
17808, -67286
17810, -67192
17812, -67110
17815, -67023
17817, -66936
17819, -66850
17822, -66761
17824, -66674
17826, -66595
17829, -66505
17831, -66423
17834, -66325
17837, -66232
17839, -66139
17842, -66062
17844, -65983
17847, -65869
17850, -65775
17853, -65685
17856, -65580
17858, -65496
17860, -65419
17864, -65315
17866, -65230
17869, -65143
17871, -65062
17874, -64978
17876, -64900
17878, -64822
17881, -64744
17884, -64642
17887, -64528
17890, -64438
17892, -64364
17895, -64251
17898, -64172
17901, -64069
17904, -63983
17907, -63875
17909, -63800
17911, -63725
17914, -63652
17917, -63559
17919, -63473
17923, -63362
17925, -63284
17927, -63212
17929, -63137
17932, -63059
17934, -62975
17937, -62893
17939, -62812
17942, -62739
17944, -62665
17946, -62587
17948, -62515
17951, -62436
17953, -62361
17955, -62281
17958, -62206
17960, -62129
17963, -62051
17965, -61973
17967, -61899
17971, -61773
17973, -61700
17975, -61622
17978, -61536
17980, -61456
17983, -61372
17985, -61281
17989, -61167
17991, -61085
17993, -61010
17996, -60901
17999, -60811
18002, -60688
18005, -60598
18008, -60497
18010, -60409
18013, -60316
18016, -60206
18019, -60080
18021, -59990
18024, -59894
18026, -59801
18029, -59705
18032, -59568
18036, -59428
18038, -59334
18040, -59234
18043, -59144
18045, -59045
18047, -58946
18050, -58849
18052, -58751
18054, -58657
18057, -58548
18059, -58436
18062, -58326
18065, -58173
18069, -58020
18071, -57912
18073, -57800
18076, -57690
18079, -57547
18082, -57378
18085, -57264
18087, -57127
18090, -57019
18092, -56912
18095, -56763
18099, -56612
18101, -56507
18103, -56392
18106, -56279
18108, -56182
18111, -56074
18113, -55971
18116, -55855
18118, -55770
18121, -55677
18123, -55584
18125, -55493
18128, -55389
18131, -55300
18133, -55216
18135, -55128
18138, -55041
18140, -54956
18142, -54872
18145, -54789
18147, -54708
18149, -54631
18151, -54549
18154, -54475
18156, -54396
18158, -54321
18161, -54240
18163, -54163
18165, -54087
18167, -54015
18170, -53942
18172, -53866
18174, -53798
18177, -53718
18179, -53637
18182, -53565
18184, -53502
18186, -53432
18188, -53366
18191, -53289
18193, -53215
18196, -53140
18199, -53046
18201, -52970
18204, -52895
18207, -52817
18209, -52750
18212, -52678
18214, -52614
18216, -52547
18219, -52471
18222, -52383
18224, -52321
18227, -52236
18230, -52175
18232, -52105
18235, -52021
18238, -51929
18241, -51863
18243, -51798
18245, -51736
18248, -51678
18250, -51616
18252, -51550
18255, -51489
18257, -51423
18259, -51366
18262, -51305
18264, -51242
18267, -51174
18270, -51088
18273, -51017
18275, -50953
18278, -50895
18280, -50838
18283, -50765
18286, -50679
18289, -50615
18291, -50556
18294, -50494
18296, -50430
18299, -50365
18302, -50287
18305, -50200
18308, -50144
18310, -50089
18312, -50027
18316, -49942
18318, -49881
18322, -49797
18324, -49744
18326, -49688
18329, -49624
18332, -49553
18335, -49472
18339, -49382
18341, -49325
18344, -49267
18347, -49195
18349, -49139
18353, -49055
18355, -49000
18357, -48941
18359, -48889
18362, -48829
18364, -48773
18366, -48714
18369, -48653
18371, -48594
18374, -48533
18376, -48470
18379, -48405
18382, -48331
18385, -48256
18387, -48193
18389, -48133
18392, -48072
18394, -48010
18397, -47937
18399, -47874
18402, -47801
18404, -47738
18407, -47656
18409, -47592
18412, -47517
18415, -47436
18418, -47335
18421, -47237
18424, -47170
18426, -47089
18430, -46990
18433, -46902
18435, -46832
18437, -46754
18440, -46684
18442, -46604
18445, -46524
18448, -46410
18450, -46339
18453, -46253
18455, -46175
18458, -46095
18460, -46018
18463, -45923
18465, -45838
18467, -45749
18470, -45671
18472, -45583
18474, -45502
18477, -45411
18479, -45329
18481, -45245
18484, -45157
18486, -45066
18489, -44946
18491, -44852
18494, -44758
18496, -44650
18499, -44553
18501, -44441
18504, -44326
18507, -44205
18509, -44105
18512, -43955
18515, -43852
18517, -43723
18520, -43617
18522, -43478
18525, -43369
18527, -43232
18530, -43111
18532, -42979
18535, -42853
18537, -42722
18539, -42601
18542, -42470
18544, -42320
18547, -42183
18549, -42049
18551, -41900
18554, -41714
18557, -41546
18559, -41398
18562, -41240
18564, -41087
18566, -40931
18569, -40751
18572, -40535
18574, -40388
18577, -40192
18580, -40046
18582, -39898
18584, -39754
18587, -39603
18589, -39461
18591, -39322
18594, -39170
18596, -39034
18598, -38870
18601, -38721
18604, -38518
18607, -38385
18609, -38257
18611, -38129
18614, -37977
18617, -37841
18619, -37717
18622, -37547
18624, -37428
18627, -37295
18629, -37171
18632, -37041
18635, -36870
18638, -36732
18641, -36626
18644, -36462
18647, -36300
18650, -36184
18652, -36065
18655, -35949
18658, -35838
18661, -35691
18664, -35565
18666, -35456
18669, -35355
18671, -35248
18673, -35148
18676, -35057
18678, -34960
18680, -34862
18683, -34750
18687, -34618
18689, -34514
18691, -34425
18694, -34333
18696, -34252
18698, -34162
18700, -34075
18703, -33981
18705, -33893
18707, -33804
18710, -33722
18712, -33630
18715, -33541
18717, -33455
18719, -33368
18721, -33290
18724, -33197
18726, -33116
18729, -33034
18731, -32948
18735, -32823
18737, -32732
18740, -32648
18742, -32560
18744, -32479
18747, -32394
18749, -32312
18752, -32220
18754, -32139
18757, -32061
18759, -31982
18762, -31879
18765, -31764
18768, -31675
18771, -31563
18774, -31483
18776, -31411
18778, -31324
18781, -31238
18784, -31121
18787, -31043
18789, -30959
18792, -30878
18795, -30766
18797, -30689
18801, -30579
18803, -30499
18806, -30421
18808, -30336
18810, -30264
18812, -30190
18815, -30117
18817, -30038
18819, -29957
18822, -29870
18824, -29791
18827, -29704
18830, -29589
18833, -29509
18835, -29434
18837, -29358
18840, -29281
18842, -29197
18845, -29109
18847, -29025
18849, -28947
18852, -28862
18855, -28767
18857, -28690
18859, -28604
18862, -28516
18865, -28423
18867, -28338
18871, -28218
18873, -28132
18876, -28012
18879, -27928
18881, -27848
18884, -27722
18887, -27631
18889, -27540
18893, -27420
18896, -27296
18898, -27207
18900, -27125
18903, -27041
18905, -26956
18907, -26865
18910, -26768
18912, -26684
18914, -26587
18917, -26487
18919, -26391
18922, -26285
18924, -26183
18927, -26086
18929, -25988
18932, -25845
18935, -25722
18938, -25602
18940, -25504
18943, -25397
18945, -25296
18947, -25189
18950, -25083
18952, -24973
18955, -24851
18957, -24748
18960, -24593
18963, -24488
18965, -24386
18967, -24276
18970, -24163
18972, -24056
18974, -23950
18977, -23849
18979, -23742
18981, -23649
18984, -23548
18986, -23457
18988, -23361
18990, -23262
18993, -23165
18995, -23064
18998, -22966
19000, -22872
19002, -22783
19005, -22682
19007, -22586
19010, -22493
19012, -22405
19015, -22311
19017, -22225
19019, -22133
19022, -22051
19024, -21968
19027, -21876
19030, -21757
19033, -21640
19036, -21548
19038, -21470
19041, -21389
19043, -21310
19046, -21214
19049, -21134
19051, -21050
19055, -20945
19057, -20875
19059, -20797
19062, -20712
19065, -20620
19068, -20539
19071, -20439
19074, -20369
19076, -20295
19078, -20228
19082, -20135
19084, -20059
19087, -19989
19089, -19925
19091, -19857
19094, -19784
19097, -19717
19099, -19646
19102, -19554
19105, -19489
19107, -19423
19110, -19346
19113, -19269
19117, -19177
19119, -19110
19121, -19050
19124, -18988
19126, -18929
19128, -18870
19131, -18813
19133, -18757
19135, -18698
19137, -18640
19140, -18581
19142, -18528
19145, -18448
19148, -18386
19151, -18301
19153, -18243
19156, -18183
19158, -18129
19160, -18066
19163, -18004
19166, -17920
19169, -17864
19171, -17803
19174, -17745
19176, -17675
19180, -17593
19183, -17510
19186, -17452
19188, -17398
19190, -17340
19194, -17263
19196, -17199
19198, -17144
19201, -17089
19203, -17032
19205, -16977
19208, -16923
19210, -16862
19212, -16807
19215, -16750
19217, -16695
19219, -16640
19222, -16583
19224, -16526
19227, -16468
19229, -16408
19232, -16353
19234, -16299
19236, -16240
19238, -16186
19241, -16127
19243, -16071
19245, -16014
19248, -15961
19250, -15901
19252, -15848
19254, -15791
19257, -15729
19259, -15667
19262, -15608
19264, -15548
19267, -15485
19270, -15405
19272, -15347
19274, -15288
19277, -15218
19280, -15134
19283, -15066
19285, -15001
19288, -14942
19290, -14877
19293, -14805
19296, -14708
19299, -14648
19301, -14584
19303, -14523
19305, -14459
19308, -14398
19310, -14336
19312, -14273
19314, -14210
19316, -14148
19318, -14086
19321, -14020
19323, -13957
19325, -13881
19328, -13812
19331, -13722
19334, -13633
19336, -13556
19338, -13488
19341, -13415
19343, -13348
19345, -13273
19347, -13202
19350, -13122
19352, -13052
19355, -12956
19357, -12881
19359, -12784
19362, -12699
19365, -12616
19367, -12539
19371, -12418
19373, -12339
19375, -12253
19377, -12173
19380, -12079
19382, -11985
19386, -11846
19388, -11761
19391, -11670
19393, -11556
19396, -11451
19399, -11340
19402, -11217
19404, -11111
19407, -11001
19410, -10849
19414, -10699
19416, -10585
19420, -10423
19422, -10315
19424, -10210
19427, -10076
19430, -9903
19433, -9774
19436, -9624
19438, -9501
19440, -9376
19443, -9242
19445, -9091
19448, -8962
19451, -8796
19453, -8627
19456, -8482
19458, -8351
19460, -8206
19463, -8065
19465, -7926
19467, -7790
19470, -7642
19472, -7502
19474, -7367
19477, -7209
19479, -7064
19483, -6860
19486, -6690
19488, -6553
19491, -6400
19493, -6275
19495, -6139
19498, -6005
19501, -5816
19504, -5677
19506, -5536
19509, -5395
19512, -5231
19515, -5076
19518, -4962
19520, -4833
19523, -4724
19525, -4596
19528, -4488
19530, -4353
19533, -4237
19536, -4103
19538, -4002
19542, -3845
19544, -3721
19547, -3618
19550, -3498
19552, -3399
19554, -3307
19556, -3198
19559, -3108
19561, -3013
19563, -2924
19566, -2822
19568, -2733
19570, -2644
19572, -2550
19575, -2461
19577, -2371
19579, -2282
19581, -2191
19584, -2103
19586, -2003
19589, -1916
19591, -1827
19593, -1739
19596, -1647
19598, -1566
19600, -1483
19602, -1405
19605, -1326
19607, -1243
19609, -1159
19612, -1072
19614, -995
19616, -901
19619, -820
19621, -738
19624, -654
19626, -563
19628, -486
19631, -407
19633, -330
19635, -251
19638, -171
19640, -98
19642, -18
19644, 55
19646, 130
19649, 200
19651, 276
19653, 347
19655, 425
19657, 497
19660, 565
19662, 642
19664, 710
19666, 785
19668, 860
19671, 933
19673, 1006
19675, 1086
19677, 1162
19680, 1233
19682, 1310
19684, 1379
19686, 1452
19688, 1521
19691, 1594
19693, 1666
19695, 1734
19697, 1808
19699, 1877
19702, 1960
19704, 2044
19706, 2119
19709, 2196
19712, 2316
19715, 2397
19717, 2476
19720, 2557
19722, 2635
19724, 2706
19726, 2783
19729, 2854
19731, 2925
19733, 2996
19735, 3065
19737, 3154
19740, 3228
19742, 3317
19745, 3408
19747, 3489
19750, 3580
19753, 3684
19755, 3762
19758, 3843
19760, 3918
19763, 4021
19765, 4106
19767, 4190
19770, 4276
19772, 4360
19775, 4440
19777, 4520
19779, 4603
19781, 4687
19784, 4768
19786, 4851
19788, 4934
19790, 5016
19792, 5098
19795, 5189
19797, 5277
19801, 5401
19803, 5495
19805, 5576
19807, 5669
19810, 5752
19813, 5884
19815, 5974
19818, 6080
19820, 6172
19822, 6268
19824, 6353
19827, 6449
19829, 6557
19832, 6671
19835, 6780
19837, 6892
19840, 7028
19843, 7166
19846, 7279
19849, 7425
19852, 7530
19854, 7630
19856, 7732
19858, 7840
19861, 7944
19863, 8057
19865, 8164
19867, 8273
19870, 8377
19872, 8488
19874, 8604
19877, 8710
19880, 8843
19882, 8961
19884, 9059
19886, 9161
19889, 9260
19891, 9357
19893, 9460
19896, 9565
19898, 9662
19900, 9762
19903, 9867
19905, 9955
19908, 10066
19910, 10160
19913, 10262
19915, 10347
19917, 10441
19920, 10533
19922, 10623
19924, 10711
19927, 10797
19929, 10891
19932, 10985
19934, 11065
19937, 11147
19940, 11257
19942, 11341
19945, 11425
19947, 11503
19949, 11579
19953, 11688
19955, 11760
19957, 11844
19961, 11944
19963, 12015
19966, 12094
19968, 12166
19971, 12244
19973, 12322
19977, 12427
19979, 12492
19981, 12555
19983, 12622
19986, 12693
19988, 12761
19991, 12845
19995, 12938
19997, 13000
19999, 13059
20001, 13116
20004, 13183
20006, 13239
20008, 13302
20010, 13353
20013, 13390
20015, 13417
20017, 13429
20020, 13433
20022, 13428
20025, 13415
20027, 13394
20029, 13371
20032, 13326
20035, 13292
20037, 13255
20039, 13216
20042, 13169
20044, 13118
20046, 13068
20049, 13007
20052, 12930
20055, 12877
20058, 12794
20060, 12733
20063, 12659
20066, 12569
20069, 12500
20071, 12438
20075, 12341
20077, 12273
20080, 12181
20083, 12079
20086, 12014
20088, 11940
20090, 11874
20093, 11782
20096, 11675
20099, 11586
20101, 11512
20104, 11436
20106, 11365
20108, 11284
20110, 11208
20113, 11127
20115, 11043
20117, 10957
20120, 10875
20122, 10793
20125, 10701
20127, 10617
20129, 10533
20131, 10441
20134, 10342
20136, 10251
20138, 10159
20141, 10074
20143, 9976
20145, 9885
20147, 9789
20150, 9698
20152, 9585
20154, 9486
20157, 9389
20159, 9288
20161, 9177
20164, 9023
20168, 8866
20170, 8764
20172, 8655
20175, 8540
20178, 8383
20181, 8250
20183, 8126
20185, 8024
20188, 7918
20190, 7811
20192, 7708
20195, 7600
20197, 7472
20200, 7357
20202, 7253
20204, 7151
20207, 7056
20209, 6954
20212, 6809
20215, 6691
20217, 6590
20220, 6482
20222, 6388
20224, 6293
20226, 6202
20229, 6107
20231, 6018
20233, 5922
20235, 5834
20238, 5742
20240, 5651
20243, 5540
20245, 5442
20247, 5354
20249, 5265
20252, 5178
20254, 5080
20256, 4994
20260, 4869
20263, 4754
20266, 4646
20268, 4558
20270, 4476
20272, 4393
20274, 4312
20277, 4230
20279, 4142
20281, 4060
20284, 3975
20286, 3896
20288, 3811
20290, 3731
20292, 3652
20295, 3564
20297, 3485
20299, 3399
20302, 3320
20304, 3235
20306, 3157
20308, 3074
20311, 2999
20313, 2918
20315, 2840
20317, 2760
20320, 2675
20322, 2597
20324, 2517
20326, 2441
20329, 2360
20331, 2283
20333, 2205
20335, 2126
20337, 2046
20340, 1966
20342, 1890
20344, 1812
20346, 1734
20349, 1652
20351, 1575
20353, 1496
20355, 1420
20357, 1342
20360, 1261
20362, 1182
20365, 1058
20368, 954
20371, 879
20373, 791
20375, 713
20378, 599
20382, 486
20384, 401
20386, 327
20389, 231
20391, 144
20394, 50
20396, -36
20400, -162
20403, -264
20405, -349
20408, -440
20411, -550
20414, -679
20417, -805
20420, -894
20423, -1024
20425, -1118
20428, -1217
20431, -1307
20434, -1445
20436, -1531
20439, -1622
20441, -1716
20443, -1811
20446, -1900
20448, -1988
20450, -2081
20453, -2181
20455, -2275
20457, -2375
20461, -2516
20463, -2629
20466, -2732
20468, -2844
20471, -2944
20473, -3051
20475, -3151
20478, -3254
20480, -3371
20484, -3527
20486, -3626
20488, -3730
20491, -3840
20494, -4001
20497, -4163
20500, -4301
20503, -4437
20505, -4554
20508, -4673
20510, -4797
20512, -4915
20515, -5053
20518, -5233
20521, -5362
20523, -5511
20526, -5642
20528, -5798
20532, -5994
20534, -6156
20537, -6288
20539, -6433
20541, -6574
20544, -6723
20546, -6875
20549, -7029
20551, -7173
20553, -7318
20556, -7476
20558, -7646
20562, -7860
20564, -8029
20567, -8215
20570, -8362
20572, -8509
20575, -8663
20577, -8814
20580, -8978
20583, -9120
20585, -9253
20587, -9383
20590, -9546
20593, -9722
20596, -9850
20599, -9982
20601, -10100
20603, -10213
20606, -10330
20608, -10462
20612, -10623
20614, -10750
20618, -10902
20620, -11010
20623, -11134
20626, -11236
20628, -11351
20631, -11445
20633, -11536
20635, -11634
20639, -11761
20641, -11857
20644, -11955
20646, -12042
20649, -12130
20651, -12218
20654, -12297
20656, -12375
20658, -12457
20661, -12545
20663, -12625
20666, -12702
20668, -12793
20671, -12865
20673, -12933
20675, -13009
20677, -13074
20680, -13146
20682, -13211
20684, -13280
20686, -13348
20689, -13424
20692, -13503
20694, -13580
20697, -13648
20699, -13728
20702, -13803
20704, -13869
20707, -13932
20709, -14004
20712, -14069
20714, -14136
20717, -14212
20719, -14275
20723, -14364
20725, -14429
20728, -14504
20731, -14593
20734, -14662
20736, -14721
20739, -14789
20741, -14847
20744, -14913
20746, -14971
20748, -15023
20751, -15078
20753, -15132
20755, -15192
20757, -15247
20760, -15308
20762, -15364
20765, -15421
20767, -15479
20769, -15535
20772, -15591
20774, -15643
20776, -15701
20779, -15761
20782, -15839
20784, -15894
20787, -15946
20789, -16001
20791, -16053
20794, -16105
20797, -16178
20800, -16259
20803, -16309
20805, -16363
20808, -16429
20811, -16508
20814, -16567
20817, -16638
20819, -16691
20821, -16743
20824, -16806
20828, -16885
20831, -16967
20834, -17028
20836, -17082
20838, -17130
20840, -17182
20843, -17238
20845, -17294
20848, -17353
20850, -17412
20853, -17463
20855, -17515
20857, -17572
20860, -17632
20862, -17684
20865, -17736
20867, -17795
20869, -17846
20872, -17902
20874, -17953
20876, -18007
20879, -18062
20881, -18120
20884, -18177
20886, -18234
20888, -18292
20891, -18353
20893, -18407
20897, -18491
20899, -18555
20902, -18616
20904, -18670
20908, -18751
20911, -18835
20914, -18896
20916, -18957
20919, -19027
20921, -19085
20924, -19149
20927, -19223
20930, -19310
20932, -19366
20935, -19426
20937, -19484
20940, -19549
20943, -19638
20946, -19728
20949, -19787
20951, -19857
20954, -19921
20956, -19993
20960, -20085
20963, -20160
20965, -20221
20967, -20284
20970, -20353
20973, -20438
20975, -20509
20978, -20580
20980, -20647
20983, -20717
20985, -20785
20987, -20850
20990, -20919
20992, -20989
20994, -21054
20996, -21125
20999, -21191
21001, -21265
21004, -21342
21006, -21415
21008, -21493
21011, -21581
21014, -21666
21016, -21755
21019, -21828
21021, -21908
21025, -22032
21027, -22121
21031, -22248
21034, -22357
21037, -22445
21039, -22543
21043, -22667
21045, -22750
21047, -22833
21051, -22970
21053, -23057
21056, -23189
21059, -23278
21061, -23393
21064, -23490
21067, -23631
21069, -23724
21072, -23828
21074, -23919
21077, -24034
21079, -24143
21083, -24290
21085, -24385
21087, -24490
21090, -24588
21092, -24695
21094, -24788
21097, -24892
21099, -24988
21102, -25087
21104, -25179
21106, -25279
21109, -25400
21113, -25543
21116, -25687
21118, -25776
21121, -25866
21123, -25960
21126, -26084
21130, -26212
21132, -26319
21135, -26414
21138, -26545
21141, -26658
21143, -26748
21147, -26873
21149, -26962
21151, -27055
21154, -27141
21157, -27263
21159, -27346
21162, -27446
21164, -27532
21167, -27628
21169, -27711
21172, -27807
21174, -27892
21178, -28016
21181, -28131
21184, -28233
21186, -28319
21189, -28417
21191, -28500
21194, -28575
21196, -28656
21198, -28736
21201, -28817
21203, -28902
21205, -28979
21208, -29062
21211, -29166
21213, -29247
21216, -29341
21218, -29419
21221, -29499
21223, -29586
21226, -29665
21228, -29744
21231, -29844
21234, -29933
21236, -30012
21238, -30091
21242, -30205
21244, -30279
21247, -30382
21250, -30496
21253, -30584
21255, -30658
21258, -30742
21260, -30815
21262, -30904
21266, -31015
21268, -31094
21271, -31171
21274, -31273
21277, -31385
21280, -31496
21283, -31586
21285, -31662
21288, -31747
21291, -31853
21293, -31939
21296, -32028
21299, -32120
21301, -32215
21304, -32290
21306, -32367
21308, -32445
21310, -32523
21313, -32617
21315, -32696
21318, -32778
21320, -32858
21322, -32941
21326, -33058
21328, -33152
21331, -33244
21333, -33333
21335, -33414
21338, -33505
21341, -33627
21344, -33733
21347, -33831
21349, -33926
21352, -34015
21354, -34110
21357, -34213
21360, -34342
21363, -34445
21365, -34544
21368, -34649
21370, -34744
21373, -34849
21375, -34946
21377, -35048
21380, -35143
21382, -35242
21384, -35336
21387, -35435
21389, -35537
21391, -35642
21394, -35742
21396, -35841
21398, -35949
21400, -36044
21403, -36165
21405, -36270
21408, -36382
21410, -36491
21412, -36619
21415, -36729
21417, -36853
21420, -36967
21422, -37090
21424, -37204
21427, -37327
21429, -37452
21431, -37581
21434, -37707
21436, -37832
21438, -37961
21441, -38108
21443, -38245
21445, -38375
21449, -38564
21451, -38708
21453, -38851
21456, -39053
21459, -39221
21461, -39369
21464, -39525
21466, -39680
21468, -39851
21471, -40004
21473, -40168
21476, -40401
21480, -40612
21482, -40778
21484, -40928
21487, -41088
21489, -41271
21492, -41434
21494, -41574
21497, -41722
21499, -41894
21502, -42033
21505, -42230
21508, -42382
21510, -42543
21513, -42677
21515, -42820
21518, -42949
21521, -43130
21524, -43253
21526, -43366
21528, -43483
21532, -43661
21534, -43774
21536, -43890
21539, -44000
21541, -44101
21544, -44224
21546, -44346
21550, -44497
21552, -44613
21555, -44714
21558, -44856
21562, -44992
21564, -45097
21567, -45210
21569, -45301
21572, -45393
21575, -45521
21579, -45648
21581, -45747
21584, -45841
21586, -45936
21589, -46023
21591, -46113
21594, -46200
21597, -46287
21599, -46379
21602, -46457
21604, -46534
21606, -46607
21609, -46710
21612, -46792
21615, -46900
21617, -46973
21620, -47045
21623, -47161
21627, -47266
21630, -47345
21632, -47425
21634, -47493
21637, -47562
21639, -47631
21641, -47697
21644, -47769
21646, -47835
21649, -47909
21651, -47972
21653, -48039
21655, -48100
21658, -48179
21661, -48273
21664, -48345
21667, -48419
21669, -48483
21671, -48545
21674, -48608
21676, -48671
21679, -48764
21682, -48826
21684, -48888
21687, -48956
21689, -49028
21692, -49089
21695, -49179
21698, -49252
21700, -49318
21703, -49379
21705, -49446
21708, -49537
21711, -49607
21713, -49669
21716, -49727
21718, -49791
21721, -49864
21723, -49929
21727, -50018
21730, -50095
21732, -50158
21735, -50222
21737, -50283
21740, -50373
21743, -50435
21746, -50515
21748, -50579
21750, -50638
21753, -50698
21755, -50761
21757, -50824
21760, -50888
21762, -50954
21765, -51017
21767, -51076
21769, -51140
21771, -51198
21774, -51266
21776, -51331
21778, -51398
21782, -51486
21784, -51553
21787, -51626
21790, -51720
21792, -51786
21795, -51859
21797, -51922
21800, -52002
21803, -52086
21805, -52157
21808, -52234
21811, -52311
21813, -52385
21815, -52452
21818, -52518
21821, -52620
21824, -52699
21826, -52776
21830, -52880
21832, -52969
21835, -53051
21838, -53133
21841, -53242
21843, -53320
21846, -53398
21849, -53496
21851, -53571
21853, -53653
21856, -53731
21858, -53811
21860, -53894
21863, -53973
21865, -54056
21867, -54135
21870, -54236
21873, -54340
21875, -54427
21879, -54558
21881, -54642
21883, -54733
21885, -54820
21889, -54942
21891, -55039
21893, -55133
21897, -55263
21899, -55372
21902, -55476
21904, -55578
21907, -55690
21910, -55842
21913, -55940
21915, -56064
21918, -56166
21921, -56300
21923, -56408
21926, -56533
21929, -56698
21932, -56823
21934, -56937
21937, -57058
21939, -57179
21942, -57306
21945, -57450
21948, -57612
21950, -57723
21953, -57833
21955, -57947
21957, -58050
21960, -58163
21962, -58265
21964, -58373
21966, -58473
21969, -58588
21971, -58701
21974, -58808
21976, -58906
21979, -59019
21981, -59139
21984, -59247
21986, -59342
21988, -59444
21991, -59548
21993, -59641
21995, -59735
21998, -59829
22000, -59924
22002, -60013
22004, -60107
22007, -60195
22009, -60293
22012, -60395
22014, -60495
22017, -60588
22019, -60677
22021, -60760
22023, -60844
22026, -60936
22028, -61022
22030, -61120
22033, -61209
22035, -61296
22038, -61386
22040, -61478
22042, -61562
22044, -61647
22047, -61725
22049, -61807
22051, -61893
22054, -61975
22056, -62054
22058, -62132
22060, -62213
22062, -62290
22065, -62378
22067, -62455
22069, -62535
22071, -62612
22074, -62700
22076, -62785
22078, -62866
22081, -62949
22083, -63024
22085, -63113
22089, -63230
22092, -63325
22094, -63423
22097, -63509
22099, -63596
22102, -63675
22105, -63794
22108, -63886
22110, -63985
22113, -64063
22115, -64149
22117, -64227
22120, -64317
22122, -64396
22125, -64504
22129, -64622
22131, -64715
22134, -64794
22136, -64885
22140, -65007
22142, -65087
22145, -65178
22148, -65296
22150, -65380
22153, -65465
22156, -65589
22159, -65689
22161, -65769
22164, -65868
22166, -65950
22170, -66075
22172, -66155
22175, -66252
22177, -66333
22179, -66419
22182, -66504
22184, -66591
22186, -66680
22189, -66767
22191, -66868
22193, -66952
22196, -67047
22198, -67134
22200, -67226
22203, -67318
22205, -67416
22208, -67504
22210, -67599
22212, -67694
22215, -67791
22217, -67885
22219, -67978
22221, -68070
22224, -68166
22226, -68269
22229, -68393
22232, -68508
22234, -68613
22237, -68730
22240, -68880
22242, -68978
22245, -69079
22248, -69224
22250, -69334
22253, -69451
22256, -69617
22259, -69742
22261, -69862
22264, -69995
22266, -70112
22270, -70286
22272, -70411
22275, -70532
22277, -70664
22280, -70815
22282, -70946
22286, -71134
22288, -71262
22290, -71391
22292, -71517
22295, -71647
22297, -71778
22299, -71913
22301, -72054
22304, -72196
22306, -72355
22310, -72562
22312, -72708
22315, -72881
22317, -73036
22319, -73197
22322, -73339
22324, -73479
22327, -73692
22330, -73857
22332, -73998
22335, -74140
22337, -74288
22340, -74440
22342, -74573
22345, -74730
22348, -74921
22351, -75063
22353, -75190
22355, -75314
22359, -75487
22361, -75607
22364, -75769
22367, -75882
22369, -76000
22372, -76134
22375, -76261
22378, -76417
22381, -76545
22383, -76644
22387, -76789
22390, -76928
22392, -77027
22395, -77130
22398, -77239
22400, -77329
22402, -77415
22404, -77496
22407, -77586
22409, -77677
22412, -77763
22414, -77846
22416, -77929
22419, -78010
22422, -78127
22425, -78217
22428, -78318
22430, -78404
22433, -78480
22435, -78557
22437, -78634
22440, -78709
22442, -78779
22444, -78846
22446, -78918
22449, -78986
22451, -79055
22453, -79120
22455, -79187
22458, -79252
22460, -79316
22462, -79383
22465, -79449
22467, -79519
22469, -79582
22472, -79647
22474, -79708
22476, -79771
22478, -79832
22481, -79904
22483, -79967
22485, -80029
22488, -80090
22490, -80161
22493, -80225
22495, -80286
22497, -80345
22500, -80403
22502, -80461
22504, -80515
22506, -80574
22509, -80628
22511, -80690
22513, -80745
22516, -80803
22518, -80860
22522, -80950
22524, -81022
22527, -81083
22530, -81147
22532, -81202
22534, -81255
22537, -81331
22540, -81391
22542, -81444
22545, -81510
22547, -81563
22550, -81616
22553, -81685
22556, -81763
22558, -81813
22561, -81873
22564, -81946
22566, -82000
22569, -82070
22572, -82125
22574, -82175
22577, -82240
22579, -82294
22582, -82352
22584, -82409
22588, -82488
22590, -82538
22593, -82602
22595, -82663
22598, -82722
22600, -82781
22603, -82847
22606, -82917
22609, -82970
22611, -83023
22614, -83093
22616, -83147
22619, -83203
22621, -83257
22623, -83309
22626, -83364
22628, -83418
22630, -83473
22633, -83526
22635, -83579
22638, -83642
22641, -83707
22643, -83768
22647, -83851
22649, -83902
22651, -83956
22653, -84011
22656, -84072
22659, -84151
22662, -84209
22664, -84267
22667, -84324
22669, -84379
22671, -84436
22674, -84502
22678, -84587
22680, -84652
22683, -84710
22685, -84771
22688, -84835
22691, -84921
22694, -84984
22697, -85059
22699, -85113
22702, -85172
22704, -85229
22706, -85285
22709, -85353
22711, -85413
22714, -85475
22716, -85536
22719, -85605
22721, -85668
22724, -85735
22728, -85830
22730, -85902
22733, -85965
22735, -86026
22737, -86096
22740, -86164
22742, -86231
22745, -86293
22747, -86360
22749, -86423
22751, -86490
22754, -86560
22757, -86660
22760, -86738
22763, -86832
22765, -86900
22768, -86979
22770, -87056
22773, -87142
22776, -87252
22779, -87336
22781, -87422
22784, -87503
22786, -87584
22789, -87663
22791, -87740
22793, -87827
22795, -87903
22798, -88005
22801, -88092
22804, -88220
22807, -88350
22810, -88447
22812, -88540
22815, -88632
22818, -88773
22821, -88890
22824, -89007
22827, -89135
22829, -89233
22832, -89329
22834, -89434
22836, -89533
22838, -89634
22841, -89732
22843, -89837
22847, -89986
22849, -90086
22851, -90193
22854, -90302
22857, -90424
22860, -90565
22862, -90667
22865, -90757
22867, -90864
22870, -90969
22873, -91100
22875, -91207
22879, -91345
22881, -91437
22884, -91573
22887, -91673
22889, -91764
22892, -91853
22894, -91942
22896, -92024
22898, -92114
22901, -92197
22903, -92284
22905, -92363
22907, -92452
22910, -92545
22912, -92631
22915, -92723
22918, -92851
22920, -92930
22923, -93036
22927, -93161
22930, -93262
22932, -93344
22934, -93429
22938, -93545
22940, -93623
22942, -93705
22944, -93778
22947, -93853
22949, -93936
22951, -94012
22954, -94098
22956, -94179
22959, -94276
22962, -94393
22965, -94469
22967, -94548
22970, -94648
22973, -94733
22975, -94813
22978, -94898
22980, -94977
22982, -95055
22985, -95129
22987, -95206
22991, -95328
22993, -95420
22996, -95515
22999, -95593
23002, -95703
23005, -95788
23007, -95872
23010, -95953
23012, -96044
23015, -96117
23018, -96229
23020, -96302
23023, -96380
23025, -96453
23027, -96536
23030, -96617
23032, -96695
23035, -96781
23038, -96895
23040, -96969
23043, -97071
23046, -97169
23049, -97252
23051, -97337
23054, -97417
23056, -97490
23058, -97573
23061, -97647
23063, -97725
23065, -97801
23068, -97880
23070, -97959
23073, -98074
23076, -98174
23079, -98268
23081, -98342
23083, -98426
23087, -98542
23089, -98629
23092, -98739
23095, -98846
23098, -98933
23100, -99016
23103, -99125
23106, -99243
23109, -99346
23112, -99469
23114, -99557
23117, -99640
23119, -99743
23123, -99873
23125, -99969
23129, -100109
23131, -100197
23134, -100343
23137, -100447
23140, -100587
23143, -100703
23146, -100832
23149, -100933
23151, -101031
23154, -101190
23157, -101304
23160, -101453
23163, -101561
23165, -101664
23167, -101776
23170, -101881
23172, -101990
23174, -102107
23177, -102221
23179, -102340
23181, -102449
23184, -102580
23187, -102729
23189, -102855
23192, -102995
23195, -103138
23197, -103267
23199, -103392
23203, -103579
23206, -103757
23209, -103914
23211, -104040
23214, -104215
23216, -104367
23219, -104548
23222, -104722
23225, -104919
23227, -105077
23230, -105236
23232, -105409
23235, -105592
23238, -105786
23240, -105947
23243, -106100
23246, -106325
23248, -106487
23252, -106707
23255, -106931
23258, -107092
23260, -107239
23263, -107377
23265, -107524
23268, -107676
23270, -107812
23273, -107974
23275, -108102
23278, -108223
23280, -108350
23282, -108469
23284, -108589
23287, -108706
23289, -108830
23291, -108937
23294, -109050
23296, -109165
23298, -109279
23301, -109384
23303, -109500
23306, -109610
23308, -109719
23310, -109820
23313, -109930
23315, -110033
23318, -110133
23320, -110242
23323, -110332
23325, -110428
23327, -110513
23329, -110606
23332, -110691
23335, -110827
23338, -110922
23340, -111014
23342, -111094
23345, -111186
23347, -111266
23349, -111351
23352, -111445
23354, -111528
23358, -111637
23360, -111718
23363, -111803
23365, -111882
23368, -111970
23370, -112054
23373, -112128
23375, -112209
23377, -112286
23380, -112367
23382, -112440
23385, -112529
23388, -112601
23390, -112676
23392, -112746
23395, -112821
23397, -112884
23399, -112952
23401, -113015
23404, -113081
23406, -113147
23408, -113211
23410, -113280
23413, -113349
23415, -113417
23417, -113477
23420, -113547
23422, -113609
23425, -113685
23428, -113790
23431, -113853
23433, -113918
23436, -114008
23439, -114072
23442, -114147
23445, -114241
23447, -114299
23450, -114363
23453, -114438
23455, -114508
23458, -114578
23460, -114642
23463, -114712
23465, -114776
23468, -114841
23471, -114917
23474, -114988
23476, -115066
23479, -115127
23481, -115186
23484, -115275
23487, -115339
23489, -115400
23492, -115466
23494, -115540
23497, -115599
23499, -115659
23501, -115718
23504, -115784
23506, -115848
23509, -115925
23511, -115984
23514, -116045
23516, -116106
23518, -116166
23521, -116232
23523, -116293
23525, -116359
23528, -116420
23530, -116484
23532, -116542
23535, -116607
23537, -116668
23539, -116729
23541, -116789
23544, -116848
23546, -116915
23549, -116988
23551, -117054
23553, -117120
23556, -117187
23558, -117259
23561, -117324
23563, -117386
23565, -117451
23570, -117578
23572, -117644
23575, -117717
23577, -117786
23580, -117862
23582, -117931
23585, -118009
23587, -118088
23590, -118162
23592, -118228
23594, -118302
23597, -118370
23599, -118439
23602, -118539
23606, -118649
23608, -118725
23611, -118807
23613, -118879
23615, -118958
23618, -119032
23620, -119115
23622, -119190
23625, -119269
23627, -119345
23629, -119422
23631, -119504
23634, -119590
23637, -119699
23639, -119788
23643, -119911
23645, -120009
23648, -120105
23650, -120198
23653, -120299
23656, -120403
23659, -120550
23662, -120654
23664, -120750
23667, -120867
23670, -120967
23672, -121065
23675, -121207
23678, -121321
23680, -121427
23683, -121572
23686, -121709
23688, -121815
23691, -121935
23694, -122076
23696, -122210
23699, -122323
23701, -122453
23704, -122564
23707, -122734
23709, -122856
23712, -122982
23714, -123094
23717, -123223
23719, -123339
23722, -123448
23724, -123550
23726, -123658
23728, -123759
23731, -123867
23733, -123972
23735, -124085
23738, -124180
23740, -124281
23742, -124398
23745, -124509
23747, -124612
23750, -124715
23752, -124831
23755, -124940
23757, -125050
23761, -125195
23763, -125286
23765, -125383
23768, -125479
23770, -125576
23774, -125709
23776, -125818
23778, -125906
23781, -125999
23784, -126136
23787, -126235
23789, -126324
23792, -126431
23795, -126545
23797, -126637
23800, -126721
23802, -126804
23804, -126882
23806, -126968
23808, -127047
23811, -127137
23813, -127225
23816, -127350
23819, -127448
23822, -127544
23825, -127667
23828, -127761
23830, -127844
23832, -127927
23835, -128013
23837, -128094
23839, -128174
23842, -128257
23844, -128342
23846, -128426
23849, -128503
23851, -128588
23853, -128672
23856, -128772
23858, -128850
23861, -128948
23863, -129026
23867, -129150
23870, -129249
23873, -129367
23876, -129460
23878, -129539
23880, -129619
23883, -129697
23885, -129790
23888, -129881
23891, -129977
23893, -130063
23896, -130160
23898, -130240
23901, -130338
23904, -130425
23907, -130551
23909, -130627
23912, -130710
23914, -130791
23917, -130884
23919, -130969
23922, -131066
23925, -131163
23927, -131247
23929, -131325
23932, -131410
23934, -131499
23937, -131595
23939, -131679
23941, -131764
23944, -131852
23946, -131938
23948, -132020
23951, -132108
23953, -132195
23955, -132288
23958, -132376
23960, -132464
23962, -132551
23965, -132643
23967, -132743
23970, -132864
23973, -132954
23976, -133089
23979, -133186
23981, -133285
23984, -133417
23988, -133547
23990, -133642
23993, -133754
23995, -133873
23998, -133973
24000, -134088
24004, -134216
24006, -134325
24008, -134418
24011, -134488
24013, -134534
24015, -134565
24018, -134576
24020, -134580
24022, -134562
24024, -134541
24027, -134505
24029, -134468
24031, -134417
24033, -134367
24036, -134309
24038, -134244
24040, -134179
24043, -134105
24045, -134028
24048, -133949
24050, -133868
24052, -133789
24055, -133713
24057, -133632
24059, -133552
24062, -133462
24064, -133380
24066, -133292
24069, -133205
24071, -133114
24074, -133008
24077, -132917
24079, -132835
24082, -132737
24084, -132657
24086, -132577
24088, -132492
24091, -132412
24093, -132328
24095, -132245
24098, -132163
24100, -132087
24102, -132005
24104, -131925
24107, -131843
24109, -131762
24112, -131667
24114, -131584
24117, -131500
24119, -131425
24121, -131350
24123, -131274
24125, -131203
24128, -131124
24130, -131051
24132, -130967
24135, -130890
24137, -130794
24140, -130719
24142, -130640
24144, -130564
24147, -130486
24149, -130414
24151, -130341
24153, -130264
24156, -130189
24158, -130113
24160, -130035
24163, -129952
24165, -129881
24167, -129805
24169, -129732
24171, -129658
24174, -129586
24176, -129514
24178, -129433
24180, -129364
24183, -129283
24185, -129210
24187, -129133
24190, -129055
24192, -128975
24194, -128899
24197, -128823
24199, -128750
24201, -128674
24203, -128598
24205, -128527
24208, -128448
24210, -128377
24212, -128296
24214, -128222
24217, -128138
24219, -128064
24221, -127989
24223, -127914
24225, -127840
24228, -127757
24230, -127680
24232, -127602
24234, -127528
24237, -127447
24239, -127364
24241, -127281
24244, -127201
24246, -127121
24248, -127037
24250, -126960
24253, -126877
24255, -126803
24257, -126720
24259, -126641
24261, -126558
24264, -126471
24266, -126386
24268, -126294
24271, -126206
24273, -126112
24276, -126026
24278, -125930
24280, -125847
24282, -125759
24285, -125676
24287, -125589
24289, -125500
24291, -125414
24293, -125325
24296, -125240
24298, -125142
24300, -125056
24302, -124958
24305, -124866
24307, -124772
24309, -124681
24311, -124588
24314, -124475
24316, -124386
24318, -124276
24321, -124175
24323, -124065
24325, -123970
24328, -123855
24330, -123756
24332, -123651
24335, -123552
24337, -123450
24339, -123342
24341, -123239
24343, -123123
24346, -123020
24348, -122903
24350, -122794
24353, -122679
24355, -122569
24357, -122462
24359, -122357
24362, -122248
24364, -122134
24366, -122032
24368, -121929
24371, -121833
24373, -121727
24375, -121632
24377, -121531
24380, -121424
24382, -121329
24384, -121233
24386, -121141
24389, -121046
24391, -120953
24393, -120852
24395, -120765
24398, -120671
24400, -120581
24402, -120487
24405, -120401
24407, -120316
24409, -120227
24411, -120146
24414, -120058
24416, -119979
24418, -119895
24420, -119820
24422, -119739
24425, -119664
24427, -119588
24429, -119510
24431, -119433
24434, -119348
24436, -119275
24438, -119194
24441, -119117
24443, -119038
24446, -118964
24448, -118884
24450, -118815
24452, -118743
24455, -118674
24457, -118605
24459, -118535
24461, -118469
24464, -118394
24466, -118329
24468, -118260
24471, -118191
24474, -118089
24476, -118017
24479, -117946
24481, -117867
24484, -117800
24486, -117732
24489, -117660
24491, -117595
24493, -117527
24496, -117461
24498, -117396
24500, -117335
24503, -117266
24505, -117191
24508, -117124
24510, -117055
24513, -116988
24515, -116925
24517, -116863
24520, -116785
24524, -116695
24526, -116633
24528, -116569
24531, -116507
24534, -116415
24538, -116318
24541, -116242
24543, -116171
24546, -116110
24548, -116047
24550, -115987
24553, -115923
24555, -115851
24558, -115789
24560, -115722
24563, -115660
24565, -115602
24567, -115543
24570, -115476
24572, -115410
24576, -115319
24578, -115258
24580, -115200
24583, -115136
24585, -115075
24587, -115016
24590, -114952
24592, -114895
24594, -114829
24596, -114773
24599, -114713
24601, -114654
24603, -114589
24606, -114528
24608, -114467
24610, -114407
24613, -114346
24615, -114280
24617, -114219
24620, -114158
24622, -114101
24624, -114038
24626, -113977
24628, -113911
24631, -113851
24633, -113787
24635, -113724
24638, -113660
24640, -113598
24642, -113537
24644, -113470
24647, -113404
24649, -113330
24651, -113264
24654, -113186
24657, -113093
24660, -113022
24662, -112957
24665, -112864
24667, -112794
24670, -112709
24673, -112619
24675, -112546
24678, -112473
24681, -112365
24684, -112281
24687, -112164
24690, -112075
24692, -112001
24695, -111924
24697, -111851
24700, -111750
24702, -111664
24705, -111563
24707, -111485
24710, -111397
24712, -111312
24715, -111222
24717, -111137
24719, -111046
24722, -110963
24724, -110870
24726, -110781
24729, -110691
24731, -110589
24734, -110483
24737, -110353
24739, -110259
24742, -110158
24744, -110055
24746, -109964
24749, -109855
24751, -109750
24754, -109644
24756, -109540
24758, -109420
24761, -109316
24763, -109196
24766, -109073
24768, -108947
24771, -108821
24773, -108693
24776, -108559
24778, -108436
24781, -108301
24783, -108161
24786, -108002
24788, -107869
24791, -107732
24793, -107582
24796, -107433
24798, -107274
24801, -107111
24803, -106961
24806, -106773
24809, -106587
24811, -106437
24814, -106210
24817, -106053
24819, -105900
24821, -105760
24824, -105617
24826, -105461
24828, -105317
24830, -105173
24833, -105035
24835, -104884
24838, -104732
24841, -104524
24844, -104361
24846, -104224
24849, -104033
24852, -103850
24855, -103702
24858, -103562
24860, -103403
24863, -103286
24866, -103128
24868, -103013
24870, -102893
24872, -102770
24875, -102633
24877, -102522
24880, -102361
24883, -102216
24887, -102054
24890, -101923
24892, -101805
24894, -101696
24897, -101586
24899, -101479
24901, -101378
24904, -101238
24907, -101138
24909, -101024
24912, -100924
24914, -100819
24917, -100703
24920, -100553
24923, -100451
24926, -100328
24928, -100236
24930, -100137
24933, -100042
24935, -99942
24938, -99854
24940, -99763
24942, -99677
24944, -99586
24947, -99493
24949, -99401
24953, -99266
24956, -99152
24958, -99056
24961, -98970
24963, -98889
24967, -98751
24969, -98653
24972, -98563
24975, -98468
24977, -98388
24980, -98267
24983, -98182
24985, -98096
24988, -98001
24990, -97907
24993, -97828
24995, -97745
24997, -97668
25001, -97549
25003, -97467
25006, -97370
25008, -97294
25011, -97202
25014, -97089
25017, -96997
25019, -96909
25023, -96795
25025, -96703
25027, -96627
25030, -96541
25033, -96431
25036, -96335
25039, -96221
25042, -96145
25044, -96068
25046, -95990
25049, -95912
25051, -95831
25053, -95751
25056, -95668
25058, -95589
25060, -95507
25063, -95433
25066, -95308
25069, -95210
25072, -95120
25074, -95036
25077, -94958
25079, -94865
25083, -94752
25085, -94656
25088, -94575
25091, -94472
25093, -94376
25096, -94289
25098, -94202
25101, -94101
25104, -94006
25106, -93921
25108, -93843
25111, -93759
25113, -93683
25115, -93597
25118, -93510
25120, -93422
25123, -93305
25126, -93201
25128, -93118
25130, -93028
25133, -92932
25136, -92812
25138, -92728
25140, -92640
25143, -92544
25145, -92446
25148, -92356
25150, -92255
25152, -92165
25155, -92061
25157, -91964
25160, -91855
25162, -91755
25165, -91633
25168, -91533
25171, -91379
25174, -91256
25176, -91150
25179, -91047
25182, -90896
25184, -90788
25188, -90626
25191, -90460
25194, -90356
25196, -90241
25199, -90076
25202, -89961
25204, -89853
25207, -89737
25209, -89601
25213, -89448
25215, -89340
25218, -89191
25221, -89074
25224, -88955
25226, -88848
25228, -88753
25231, -88645
25233, -88550
25235, -88454
25239, -88311
25242, -88195
25244, -88106
25248, -87966
25250, -87869
25252, -87779
25255, -87677
25257, -87590
25260, -87507
25262, -87422
25264, -87339
25267, -87251
25270, -87148
25273, -87033
25275, -86950
25278, -86867
25280, -86786
25283, -86701
25285, -86626
25288, -86541
25290, -86454
25293, -86373
25295, -86297
25298, -86229
25300, -86154
25302, -86079
25305, -86002
25308, -85922
25310, -85854
25312, -85786
25315, -85711
25318, -85628
25321, -85529
25324, -85457
25326, -85388
25328, -85326
25331, -85254
25334, -85179
25336, -85109
25339, -85039
25342, -84958
25344, -84895
25346, -84829
25349, -84758
25352, -84689
25354, -84623
25358, -84530
25360, -84471
25362, -84411
25364, -84352
25367, -84286
25369, -84227
25372, -84161
25374, -84102
25376, -84041
25379, -83985
25381, -83924
25384, -83846
25387, -83772
25390, -83710
25392, -83650
25394, -83596
25396, -83534
25399, -83478
25401, -83415
25404, -83354
25406, -83294
25408, -83239
25411, -83179
25413, -83121
25415, -83063
25418, -83000
25420, -82943
25423, -82884
25425, -82828
25427, -82771
25430, -82706
25432, -82646
25435, -82576
25439, -82488
25441, -82427
25443, -82372
25446, -82306
25449, -82225
25452, -82150
25455, -82096
25457, -82037
25459, -81985
25462, -81909
25465, -81853
25467, -81787
25470, -81721
25472, -81659
25475, -81602
25477, -81541
25479, -81486
25482, -81422
25484, -81358
25487, -81298
25489, -81242
25491, -81178
25494, -81117
25496, -81047
25499, -80983
25501, -80916
25504, -80841
25507, -80753
25510, -80693
25512, -80616
25515, -80554
25517, -80477
25521, -80383
25524, -80308
25526, -80241
25529, -80146
25532, -80057
25535, -79996
25537, -79920
25541, -79820
25543, -79750
25545, -79685
25548, -79583
25551, -79512
25554, -79412
25557, -79312
25560, -79243
25563, -79142
25565, -79073
25568, -78963
25572, -78851
25574, -78759
25577, -78678
25579, -78601
25581, -78520
25584, -78434
25586, -78353
25589, -78274
25591, -78196
25593, -78113
25595, -78029
25598, -77945
25600, -77862
25602, -77767
25605, -77686
25608, -77568
25610, -77483
25612, -77386
25615, -77300
25617, -77202
25620, -77083
25624, -76938
25626, -76844
25628, -76746
25631, -76601
25634, -76499
25637, -76350
25641, -76195
25643, -76085
25645, -75982
25647, -75866
25650, -75755
25652, -75631
25654, -75522
25657, -75405
25659, -75289
25661, -75164
25664, -75033
25666, -74906
25668, -74771
25671, -74641
25673, -74492
25675, -74359
25678, -74209
25680, -74065
25683, -73915
25685, -73778
25687, -73624
25690, -73476
25692, -73324
25694, -73190
25697, -73048
25699, -72912
25701, -72774
25703, -72633
25706, -72499
25708, -72355
25710, -72221
25713, -72074
25715, -71943
25717, -71810
25720, -71683
25722, -71557
25724, -71431
25726, -71306
25729, -71182
25731, -71058
25733, -70930
25736, -70816
25738, -70689
25740, -70572
25743, -70454
25745, -70345
25747, -70233
25749, -70123
25752, -70016
25754, -69902
25756, -69795
25759, -69686
25761, -69585
25763, -69469
25765, -69370
25768, -69267
25770, -69167
25772, -69061
25775, -68955
25777, -68855
25779, -68761
25782, -68668
25784, -68562
25786, -68471
25789, -68371
25791, -68274
25793, -68177
25797, -68040
25800, -67906
25802, -67814
25805, -67728
25807, -67637
25809, -67552
25812, -67460
25814, -67370
25816, -67282
25819, -67196
25821, -67115
25824, -67011
25826, -66929
25828, -66842
25832, -66723
25834, -66636
25836, -66553
25839, -66466
25841, -66383
25844, -66290
25846, -66210
25848, -66126
25851, -66053
25853, -65963
25855, -65884
25858, -65788
25861, -65711
25863, -65624
25865, -65550
25868, -65457
25870, -65374
25873, -65289
25875, -65216
25878, -65128
25880, -65046
25883, -64946
25887, -64834
25890, -64730
25892, -64655
25894, -64578
25897, -64486
25899, -64405
25902, -64328
25905, -64225
25908, -64137
25910, -64061
25912, -63984
25915, -63910
25917, -63837
25919, -63759
25921, -63683
25924, -63606
25926, -63534
25928, -63454
25931, -63357
25935, -63245
25938, -63131
25941, -63049
25943, -62962
25946, -62888
25948, -62798
25952, -62689
25954, -62608
25957, -62524
25959, -62445
25962, -62366
25964, -62290
25966, -62208
25970, -62095
25972, -62006
25975, -61927
25977, -61855
25979, -61770
25983, -61659
25985, -61581
25988, -61488
25990, -61401
25993, -61319
25996, -61205
25998, -61116
26001, -61028
26004, -60926
26007, -60819
26009, -60734
26012, -60648
26014, -60564
26016, -60487
26018, -60403
26021, -60320
26023, -60230
26025, -60144
26028, -60057
26030, -59968
26032, -59875
26035, -59780
26038, -59647
26040, -59556
26043, -59463
26045, -59351
26048, -59234
26051, -59116
26055, -58972
26057, -58865
26060, -58763
26062, -58659
26065, -58539
26068, -58388
26071, -58275
26073, -58146
26076, -58039
26079, -57913
26081, -57792
26085, -57632
26087, -57518
26090, -57394
26092, -57292
26094, -57178
26096, -57067
26099, -56947
26101, -56834
26104, -56728
26106, -56630
26108, -56531
26110, -56428
26113, -56322
26115, -56213
26118, -56105
26121, -56000
26123, -55894
26125, -55802
26128, -55715
26130, -55625
26132, -55541
26134, -55450
26137, -55364
26139, -55277
26141, -55193
26143, -55108
26146, -55023
26148, -54930
26151, -54844
26154, -54735
26157, -54639
26159, -54550
26161, -54473
26164, -54392
26167, -54296
26169, -54212
26171, -54135
26174, -54059
26176, -53981
26180, -53868
26182, -53789
26185, -53705
26187, -53626
26190, -53541
26192, -53472
26195, -53389
26198, -53284
26201, -53207
26203, -53133
26206, -53053
26208, -52985
26211, -52908
26213, -52838
26215, -52773
26218, -52689
26221, -52616
26224, -52539
26226, -52475
26229, -52376
26232, -52314
26234, -52250
26236, -52188
26238, -52125
26241, -52057
26243, -51991
26245, -51928
26248, -51868
26250, -51799
26252, -51736
26256, -51641
26258, -51579
26261, -51515
26263, -51452
26266, -51385
26269, -51297
26272, -51206
26275, -51142
26278, -51073
26280, -51004
26283, -50938
26286, -50855
26289, -50780
26291, -50721
26293, -50664
26296, -50602
26298, -50545
26302, -50455
26304, -50396
26307, -50332
26309, -50272
26311, -50216
26314, -50162
26316, -50103
26319, -50032
26322, -49957
26324, -49899
26327, -49842
26329, -49779
26332, -49717
26334, -49655
26337, -49592
26340, -49523
26342, -49465
26344, -49406
26347, -49352
26349, -49297
26351, -49239
26354, -49187
26356, -49130
26358, -49077
26360, -49019
26364, -48933
26367, -48866
26370, -48780
26373, -48717
26375, -48654
26378, -48571
26381, -48505
26383, -48444
26386, -48376
26389, -48307
26391, -48246
26393, -48188
26397, -48097
26400, -48006
26403, -47936
26406, -47846
26408, -47787
26410, -47716
26413, -47648
26416, -47567
26419, -47485
26422, -47394
26424, -47329
26426, -47260
26430, -47160
26432, -47083
26436, -46977
26438, -46909
26441, -46822
26443, -46752
26446, -46641
26449, -46557
26452, -46462
26454, -46388
26456, -46310
26459, -46229
26461, -46148
26463, -46073
26466, -45991
26468, -45910
26470, -45824
26473, -45745
26475, -45657
26478, -45572
26480, -45463
26484, -45340
26486, -45245
26489, -45147
26491, -45055
26493, -44966
26497, -44828
26499, -44727
26502, -44626
26504, -44520
26507, -44402
26510, -44290
26513, -44163
26515, -44036
26518, -43925
26521, -43791
26523, -43683
26525, -43565
26529, -43398
26531, -43268
26534, -43152
26536, -43018
26539, -42869
26542, -42731
26545, -42545
26547, -42406
26550, -42260
26553, -42082
26556, -41905
26558, -41763
26562, -41543
26564, -41398
26566, -41243
26569, -41088
26571, -40921
26573, -40762
26576, -40603
26578, -40453
26581, -40278
26583, -40132
26585, -39979
26588, -39790
26591, -39638
26593, -39492
26595, -39348
26598, -39202
26600, -39033
26604, -38839
26606, -38680
26608, -38551
26611, -38403
26613, -38275
26616, -38140
26618, -38012
26620, -37868
26623, -37750
26625, -37624
26628, -37497
26630, -37359
26633, -37234
26636, -37055
26639, -36916
26641, -36799
26644, -36692
26647, -36525
26649, -36413
26652, -36287
26655, -36146
26658, -36037
26661, -35885
26663, -35776
26666, -35655
26670, -35509
26672, -35398
26674, -35303
26677, -35204
26679, -35109
26681, -35008
26684, -34917
26686, -34824
26688, -34733
26690, -34639
26693, -34550
26695, -34452
26698, -34344
26701, -34219
26703, -34134
26706, -34033
26708, -33948
26711, -33861
26713, -33775
26716, -33645
26719, -33549
26722, -33441
26724, -33359
26727, -33268
26729, -33187
26731, -33100
26734, -33024
26736, -32944
26738, -32862
26740, -32779
26743, -32700
26745, -32618
26747, -32536
26750, -32452
26752, -32370
26754, -32294
26757, -32213
26759, -32132
26761, -32050
26764, -31973
26766, -31888
26769, -31811
26771, -31729
26773, -31654
26776, -31569
26778, -31489
26780, -31410
26783, -31334
26785, -31258
26787, -31174
26790, -31095
26792, -31017
26794, -30942
26797, -30861
26799, -30786
26801, -30705
26804, -30630
26806, -30540
26809, -30462
26811, -30375
26814, -30290
26817, -30187
26819, -30114
26821, -30037
26824, -29963
26826, -29877
26829, -29790
26832, -29688
26834, -29613
26837, -29497
26840, -29416
26842, -29338
26845, -29254
26848, -29140
26850, -29057
26853, -28980
26855, -28907
26857, -28821
26860, -28748
26862, -28671
26864, -28595
26866, -28511
26869, -28425
26872, -28313
26874, -28234
26877, -28149
26880, -28029
26882, -27944
26885, -27867
26887, -27776
26890, -27688
26892, -27593
26894, -27509
26897, -27423
26899, -27338
26901, -27247
26904, -27147
26906, -27050
26909, -26964
26912, -26854
26914, -26767
26916, -26672
26919, -26551
26922, -26439
26924, -26349
26927, -26254
26929, -26154
26932, -26045
26935, -25926
26938, -25793
26940, -25697
26942, -25590
26945, -25478
26947, -25364
26951, -25229
26953, -25123
26955, -25008
26958, -24894
26961, -24763
26964, -24605
26967, -24482
26970, -24358
26972, -24233
26974, -24133
26977, -24023
26979, -23916
26982, -23800
26984, -23690
26988, -23536
26990, -23441
26992, -23337
26995, -23240
26997, -23136
27000, -23041
27002, -22939
27004, -22851
27007, -22757
27009, -22670
27011, -22570
27014, -22464
27017, -22345
27020, -22238
27023, -22148
27025, -22070
27027, -21987
27030, -21881
27033, -21792
27035, -21706
27038, -21603
27041, -21526
27043, -21445
27045, -21364
27048, -21282
27050, -21204
27053, -21129
27055, -21049
27058, -20972
27060, -20897
27062, -20823
27066, -20723
27068, -20645
27071, -20566
27074, -20487
27076, -20405
27079, -20326
27082, -20242
27085, -20145
27088, -20064
27090, -20001
27093, -19934
27095, -19859
27098, -19780
27101, -19712
27103, -19643
27106, -19574
27108, -19510
27110, -19452
27113, -19387
27115, -19326
27117, -19260
27120, -19196
27122, -19129
27125, -19069
27127, -19006
27131, -18920
27133, -18858
27136, -18792
27138, -18724
27140, -18666
27143, -18604
27146, -18519
27149, -18445
27151, -18388
27154, -18320
27156, -18263
27159, -18208
27161, -18140
27164, -18074
27167, -18016
27169, -17955
27172, -17887
27174, -17831
27177, -17755
27181, -17673
27183, -17616
27186, -17556
27188, -17492
27190, -17436
27193, -17378
27196, -17310
27198, -17247
27201, -17187
27204, -17103
27206, -17049
27209, -16986
27212, -16902
27215, -16848
27217, -16792
27219, -16739
27222, -16686
27224, -16632
27226, -16576
27228, -16521
27231, -16463
27233, -16407
27236, -16340
27239, -16272
27241, -16216
27244, -16152
27246, -16094
27249, -16026
27252, -15942
27255, -15878
27257, -15821
27260, -15764
27262, -15707
27264, -15647
27267, -15589
27269, -15533
27272, -15462
27274, -15402
27277, -15314
27280, -15255
27282, -15182
27286, -15092
27288, -15024
27291, -14962
27293, -14896
27296, -14836
27298, -14771
27301, -14702
27303, -14622
27306, -14557
27309, -14461
27312, -14398
27314, -14326
27317, -14248
27319, -14172
27322, -14101
27324, -14035
27326, -13972
27329, -13905
27331, -13830
27334, -13757
27336, -13689
27338, -13618
27340, -13551
27343, -13480
27346, -13381
27349, -13273
27351, -13202
27354, -13105
27357, -13027
27359, -12948
27361, -12876
27364, -12787
27367, -12698
27369, -12608
27371, -12532
27374, -12448
27377, -12342
27380, -12217
27383, -12124
27386, -11997
27389, -11889
27391, -11806
27394, -11703
27397, -11588
27399, -11482
27402, -11367
27405, -11260
27407, -11164
27410, -11048
27412, -10949
27415, -10835
27418, -10679
27421, -10559
27423, -10448
27425, -10336
27429, -10181
27431, -10062
27434, -9930
27437, -9752
27440, -9633
27442, -9506
27444, -9378
27447, -9259
27449, -9119
27451, -8990
27454, -8853
27456, -8724
27458, -8574
27461, -8439
27463, -8284
27466, -8130
27468, -7974
27471, -7830
27473, -7681
27475, -7542
27478, -7393
27480, -7249
27483, -7094
27485, -6948
27487, -6817
27490, -6679
27492, -6550
27494, -6413
27497, -6290
27499, -6162
27501, -6040
27503, -5912
27506, -5792
27508, -5669
27510, -5554
27512, -5440
27515, -5320
27517, -5206
27519, -5088
27522, -4965
27524, -4850
27526, -4746
27528, -4635
27531, -4521
27534, -4363
27537, -4225
27539, -4118
27542, -4018
27544, -3898
27548, -3749
27550, -3644
27552, -3551
27555, -3451
27557, -3357
27559, -3260
27561, -3170
27563, -3075
27566, -2978
27568, -2885
27571, -2771
27573, -2678
27576, -2576
27579, -2444
27581, -2359
27584, -2254
27586, -2157
27589, -2066
27591, -1981
27593, -1892
27596, -1797
27598, -1713
27601, -1612
27604, -1500
27606, -1419
27609, -1330
27611, -1228
27614, -1140
27617, -1026
27620, -932
27622, -853
27625, -734
27628, -650
27630, -559
27633, -480
27635, -398
27637, -322
27640, -240
27643, -132
27645, -49
27648, 29
27650, 118
27653, 201
27655, 278
27657, 350
27659, 425
27662, 495
27664, 569
27666, 643
27668, 715
27670, 789
27672, 860
27675, 935
27677, 1012
27679, 1095
27682, 1168
27684, 1254
27687, 1335
27689, 1416
27692, 1493
27695, 1606
27697, 1683
27700, 1765
27703, 1853
27705, 1936
27707, 2006
27710, 2092
27713, 2199
27715, 2285
27718, 2368
27721, 2456
27723, 2530
27726, 2643
27730, 2754
27733, 2867
27736, 2973
27738, 3047
27741, 3127
27743, 3208
27746, 3321
27749, 3414
27751, 3489
27754, 3572
27756, 3649
27759, 3764
27762, 3845
27764, 3939
27767, 4025
27769, 4118
27772, 4193
27774, 4272
27776, 4354
27778, 4433
27781, 4518
27783, 4593
27785, 4677
27787, 4755
27789, 4838
27792, 4917
27794, 4996
27796, 5077
27798, 5154
27800, 5238
27802, 5318
27804, 5403
27807, 5484
27809, 5573
27811, 5663
27813, 5750
27816, 5842
27818, 5932
27820, 6027
27822, 6117
27825, 6213
27827, 6305
27829, 6402
27832, 6496
27834, 6589
27836, 6685
27838, 6775
27841, 6874
27843, 6971
27845, 7078
27848, 7222
27851, 7323
27853, 7437
27855, 7542
27858, 7650
27861, 7804
27865, 7972
27867, 8078
27869, 8182
27871, 8290
27874, 8392
27876, 8497
27878, 8594
27880, 8701
27882, 8803
27884, 8910
27887, 9021
27889, 9127
27892, 9236
27894, 9346
27896, 9444
27899, 9541
27901, 9644
27904, 9748
27906, 9845
27908, 9934
27910, 10026
27912, 10112
27915, 10203
27918, 10320
27920, 10424
27923, 10513
27925, 10608
27928, 10704
27930, 10789
27932, 10867
27936, 10993
27938, 11075
27940, 11157
27944, 11270
27946, 11358
27948, 11433
27951, 11514
27953, 11596
27955, 11674
27958, 11753
27960, 11829
27964, 11934
27967, 12040
27970, 12131
27972, 12198
27976, 12302
27978, 12369
27980, 12437
27982, 12503
27985, 12572
27987, 12638
27990, 12708
27992, 12775
27994, 12836
27996, 12898
27999, 12975
28001, 13042
28004, 13114
28006, 13175
28009, 13226
28011, 13261
28013, 13289
28017, 13303
28019, 13304
28021, 13292
28024, 13277
28027, 13242
28029, 13211
28033, 13165
28036, 13104
28038, 13064
28040, 13018
28043, 12970
28045, 12920
28047, 12867
28050, 12811
28052, 12752
28054, 12698
28056, 12639
28059, 12582
28061, 12518
28064, 12430
28068, 12333
28070, 12268
28072, 12204
28075, 12107
28079, 12011
28081, 11938
28083, 11862
28086, 11778
28088, 11706
28091, 11630
28093, 11546
28096, 11459
28098, 11385
28100, 11306
28103, 11230
28105, 11151
28107, 11073
28109, 10996
28112, 10909
28114, 10829
28116, 10746
28118, 10663
28121, 10576
28123, 10492
28125, 10400
28128, 10297
28130, 10208
28132, 10119
28135, 9991
28138, 9900
28140, 9808
28143, 9667
28146, 9524
28149, 9420
28152, 9263
28154, 9162
28156, 9052
28159, 8944
28162, 8783
28165, 8654
28167, 8533
28170, 8427
28172, 8317
28174, 8199
28178, 8037
28180, 7933
28183, 7786
28186, 7657
28188, 7557
28190, 7450
28194, 7298
28196, 7183
28199, 7073
28202, 6946
28204, 6849
28206, 6750
28208, 6653
28211, 6553
28213, 6460
28215, 6363
28218, 6263
28220, 6171
28222, 6077
28224, 5984
28227, 5867
28229, 5775
28232, 5662
28236, 5524
28238, 5433
28240, 5344
28243, 5229
28246, 5130
28248, 5032
28251, 4939
28253, 4842
28255, 4754
28259, 4632
28261, 4524
28264, 4427
28267, 4299
28270, 4213
28272, 4117
28275, 4022
28277, 3931
28280, 3851
28283, 3727
28286, 3627
28288, 3546
28290, 3464
28293, 3382
28295, 3303
28297, 3211
28300, 3103
28303, 3016
28305, 2938
28307, 2857
28309, 2782
28312, 2697
28314, 2619
28316, 2534
28318, 2458
28321, 2380
28323, 2302
28325, 2224
28328, 2110
28332, 1991
28334, 1905
28337, 1808
28339, 1728
28341, 1643
28344, 1559
28347, 1440
28350, 1361
28352, 1279
28354, 1202
28356, 1120
28359, 1027
28362, 924
28365, 807
28367, 727
28370, 643
28372, 557
28375, 470
28378, 349
28381, 268
28383, 188
28385, 102
28387, 18
28390, -60
28393, -187
28396, -283
28398, -378
28402, -510
28404, -591
28408, -721
28410, -812
28413, -914
28415, -999
28417, -1091
28420, -1177
28422, -1270
28424, -1355
28427, -1452
28429, -1540
28431, -1630
28434, -1721
28436, -1820
28439, -1921
28441, -2018
28444, -2125
28446, -2220
28448, -2318
28452, -2456
28454, -2550
28457, -2667
28459, -2778
28462, -2892
28464, -2993
28468, -3145
28470, -3245
28473, -3398
28477, -3546
28479, -3652
28481, -3755
28484, -3908
28487, -4024
28489, -4131
28492, -4295
28495, -4405
28498, -4578
28500, -4697
28503, -4843
28506, -5016
28510, -5196
28512, -5330
28515, -5452
28517, -5598
28520, -5730
28522, -5872
28524, -6007
28527, -6146
28529, -6279
28531, -6420
28534, -6570
28536, -6724
28539, -6886
28541, -7037
28543, -7186
28546, -7375
28549, -7555
28552, -7737
28554, -7878
28557, -8029
28559, -8170
28561, -8324
28564, -8492
28567, -8666
28570, -8812
28572, -8956
28574, -9083
28577, -9266
28580, -9395
28583, -9580
28586, -9716
28588, -9851
28591, -9968
28593, -10110
28596, -10243
28600, -10420
28602, -10546
28605, -10658
28607, -10774
28610, -10880
28612, -10997
28616, -11138
28618, -11240
28620, -11330
28623, -11428
28625, -11537
28628, -11654
28632, -11782
28634, -11879
28637, -11964
28639, -12048
28641, -12131
28644, -12216
28646, -12298
28649, -12390
28651, -12469
28653, -12554
28656, -12626
28658, -12713
28661, -12786
28664, -12896
28667, -13005
28670, -13074
28672, -13146
28675, -13242
28678, -13321
28681, -13423
28685, -13522
28687, -13590
28689, -13657
28692, -13733
28695, -13807
28697, -13883
28700, -13949
28702, -14014
28704, -14077
28708, -14172
28711, -14264
28715, -14359
28717, -14420
28719, -14480
28722, -14539
28724, -14604
28728, -14693
28730, -14758
28733, -14828
28735, -14884
28737, -14942
28740, -14998
28742, -15052
28744, -15106
28746, -15160
28749, -15218
28751, -15273
28753, -15330
28755, -15383
28758, -15443
28761, -15522
28765, -15607
28768, -15680
28770, -15738
28773, -15801
28775, -15863
28778, -15930
28781, -15982
28783, -16044
28786, -16106
28788, -16159
28792, -16236
28794, -16296
28797, -16349
28799, -16415
28802, -16479
28805, -16539
28807, -16599
28810, -16655
28812, -16711
28815, -16770
28817, -16826
28820, -16878
28822, -16931
28824, -16989
28827, -17046
28829, -17099
28832, -17156
28834, -17211
28836, -17261
28839, -17314
28841, -17370
28843, -17428
28847, -17504
28849, -17563
28852, -17622
28854, -17679
28857, -17732
28859, -17786
28861, -17837
28864, -17891
28866, -17942
28868, -17998
28870, -18050
28873, -18103
28875, -18159
28877, -18212
28880, -18265
28882, -18316
28884, -18372
28886, -18424
28889, -18489
28891, -18542
28894, -18602
28896, -18660
28898, -18717
28901, -18774
28903, -18832
28905, -18885
28908, -18952
28911, -19010
28913, -19068
28915, -19129
28918, -19199
28920, -19257
28923, -19321
28926, -19390
28928, -19455
28932, -19539
28934, -19617
28937, -19677
28939, -19737
28941, -19794
28944, -19866
28946, -19926
28949, -19990
28951, -20057
28954, -20121
28956, -20190
28958, -20254
28961, -20324
28964, -20406
28967, -20485
28969, -20552
28971, -20614
28974, -20682
28976, -20745
28978, -20813
28980, -20877
28983, -20942
28985, -21011
28987, -21078
28989, -21148
28992, -21217
28995, -21323
28998, -21409
29001, -21496
29003, -21581
29006, -21657
29008, -21731
29011, -21821
29014, -21926
29017, -22020
29019, -22103
29021, -22180
29024, -22261
29027, -22375
29029, -22464
29032, -22565
29035, -22664
29037, -22745
29040, -22873
29043, -22969
29046, -23075
29049, -23209
29051, -23298
29053, -23392
29056, -23484
29058, -23577
29060, -23675
29063, -23767
29065, -23874
29067, -23977
29070, -24079
29072, -24171
29074, -24268
29076, -24361
29079, -24463
29081, -24560
29083, -24655
29086, -24753
29088, -24847
29090, -24949
29093, -25043
29095, -25147
29098, -25253
29100, -25356
29102, -25443
29104, -25541
29107, -25636
29110, -25779
29114, -25915
29116, -26004
29119, -26108
29122, -26241
29126, -26375
29128, -26462
29131, -26588
29134, -26707
29137, -26803
29139, -26913
29142, -27017
29146, -27151
29148, -27236
29150, -27322
29153, -27404
29155, -27490
29159, -27627
29161, -27723
29164, -27807
29166, -27902
29169, -27986
29171, -28071
29174, -28170
29176, -28256
29179, -28347
29181, -28430
29184, -28515
29186, -28594
29188, -28670
29191, -28755
29193, -28835
29195, -28915
29198, -28997
29201, -29101
29203, -29178
29206, -29267
29209, -29368
29211, -29453
29214, -29567
29217, -29660
29220, -29742
29222, -29818
29224, -29906
29227, -30005
29230, -30091
29233, -30176
29235, -30272
29238, -30350
29241, -30447
29243, -30529
29246, -30631
29249, -30712
29251, -30800
29254, -30879
29256, -30966
29259, -31048
29262, -31164
29265, -31282
29268, -31356
29270, -31444
29273, -31539
29275, -31620
29278, -31695
29281, -31813
29284, -31901
29286, -31983
29288, -32058
29291, -32138
29293, -32212
29295, -32295
29297, -32368
29300, -32449
29302, -32526
29304, -32606
29306, -32685
29309, -32765
29311, -32845
29313, -32921
29315, -33002
29318, -33083
29320, -33168
29322, -33255
29325, -33350
29328, -33471
29331, -33569
29334, -33673
29336, -33768
29338, -33853
29342, -33984
29345, -34121
29348, -34208
29350, -34318
29353, -34404
29355, -34499
29357, -34589
29359, -34683
29362, -34785
29365, -34902
29367, -35001
29369, -35099
29372, -35199
29374, -35301
29377, -35413
29379, -35525
29382, -35641
29385, -35765
29387, -35866
29390, -36023
29393, -36138
29395, -36256
29398, -36358
29400, -36484
29402, -36592
29405, -36716
29407, -36825
29409, -36941
29412, -37055
29414, -37170
29416, -37302
29419, -37419
29421, -37546
29424, -37726
29427, -37883
29430, -38042
29433, -38209
29435, -38361
29437, -38492
29440, -38648
29442, -38798
29445, -38962
29447, -39107
29450, -39288
29452, -39436
29455, -39602
29458, -39822
29461, -40019
29464, -40218
29466, -40385
29468, -40536
29470, -40688
29474, -40896
29476, -41076
29480, -41295
29482, -41446
29484, -41595
29487, -41765
29490, -41930
29493, -42105
29496, -42285
29498, -42425
29501, -42583
29503, -42719
29506, -42876
29510, -43059
29513, -43214
29515, -43331
29517, -43444
29519, -43556
29522, -43674
29524, -43788
29527, -43918
29529, -44032
29532, -44143
29534, -44252
29537, -44369
29539, -44474
29542, -44593
29545, -44711
29548, -44843
29550, -44953
29553, -45052
29556, -45176
29559, -45308
29562, -45419
29565, -45517
29567, -45601
29569, -45686
29572, -45799
29576, -45924
29578, -46007
29582, -46130
29584, -46222
29587, -46303
29590, -46419
29593, -46505
29596, -46632
29600, -46728
29602, -46805
29604, -46877
29607, -46959
29609, -47030
29611, -47107
29614, -47179
29616, -47262
29619, -47329
29621, -47399
29623, -47463
29625, -47533
29628, -47605
29630, -47675
29633, -47749
29635, -47815
29637, -47881
29640, -47970
29643, -48056
29646, -48130
29649, -48228
29652, -48299
29654, -48361
29656, -48427
29659, -48493
29661, -48567
29664, -48639
29667, -48704
29669, -48766
29671, -48835
29674, -48909
29677, -48973
29679, -49047
29683, -49144
29685, -49206
29688, -49271
29691, -49350
29693, -49418
29696, -49495
29699, -49563
29701, -49624
29703, -49685
29706, -49750
29708, -49813
29710, -49874
29713, -49937
29715, -50002
29718, -50065
29720, -50124
29722, -50189
29725, -50250
29727, -50313
29730, -50390
29732, -50459
29735, -50519
29737, -50583
29740, -50647
29742, -50709
29744, -50775
29746, -50837
29749, -50897
29751, -50960
29753, -51022
29756, -51096
29759, -51177
29762, -51256
29764, -51324
29767, -51391
29769, -51452
29772, -51539
29775, -51632
29778, -51702
29780, -51773
29783, -51840
29785, -51905
29787, -51977
29790, -52055
29794, -52155
29796, -52240
29799, -52306
29801, -52374
29803, -52444
29806, -52535
29809, -52616
29812, -52709
29814, -52779
29817, -52853
29819, -52924
29821, -53005
29824, -53087
29826, -53164
29830, -53276
29833, -53364
29835, -53436
29837, -53516
29841, -53630
29844, -53747
29846, -53828
29849, -53910
29851, -53989
29853, -54079
29856, -54168
29858, -54258
29861, -54343
29863, -54427
29866, -54539
29868, -54628
29871, -54725
29874, -54834
29877, -54978
29879, -55069
29882, -55167
29884, -55259
29887, -55377
29890, -55483
29892, -55596
29894, -55690
29897, -55787
29899, -55882
29901, -55983
29903, -56091
29906, -56207
29908, -56319
29912, -56477
29915, -56635
29918, -56756
29921, -56902
29924, -57049
29926, -57162
29928, -57280
29931, -57393
29933, -57520
29936, -57636
29938, -57752
29940, -57855
29943, -57966
29945, -58076
29947, -58186
29949, -58284
29952, -58403
29954, -58506
29957, -58616
29959, -58721
29961, -58825
29964, -58934
29966, -59032
29968, -59133
29971, -59233
29973, -59338
29975, -59434
29977, -59533
29980, -59636
29982, -59739
29985, -59831
29987, -59931
29989, -60023
29991, -60113
29994, -60206
29997, -60339
30000, -60441
30002, -60539
30004, -60629
30007, -60720
30010, -60838
30013, -60975
30016, -61078
30018, -61172
30021, -61255
30024, -61372
30026, -61456
30029, -61584
30032, -61681
30034, -61766
30036, -61848
30040, -61971
30042, -62071
30045, -62158
30047, -62251
30050, -62347
30052, -62433
30055, -62516
30058, -62638
30061, -62727
30064, -62825
30066, -62911
30068, -62997
30071, -63081
30073, -63166
30076, -63256
30078, -63345
30080, -63422
30083, -63513
30085, -63592
30088, -63679
30090, -63770
30094, -63891
30096, -63970
30099, -64062
30101, -64143
30103, -64226
30106, -64302
30108, -64391
30110, -64471
30113, -64570
30116, -64654
30118, -64742
30121, -64828
30123, -64929
30126, -65007
30129, -65126
30131, -65204
30134, -65287
30136, -65368
30139, -65461
30141, -65557
30145, -65680
30147, -65762
30150, -65860
30153, -65989
30156, -66074
30159, -66206
30162, -66299
30164, -66389
30167, -66473
30169, -66563
30172, -66656
30174, -66759
30177, -66848
30179, -66939
30181, -67022
30183, -67111
30186, -67194
30188, -67287
30191, -67384
30193, -67499
30196, -67586
30198, -67678
30200, -67766
30202, -67862
30205, -67951
30207, -68047
30209, -68144
30211, -68237
30214, -68341
30216, -68437
30218, -68539
30221, -68642
30223, -68757
30226, -68853
30228, -68956
30231, -69107
30234, -69226
30236, -69334
30240, -69499
30242, -69625
30245, -69752
30248, -69903
30250, -70011
30253, -70127
30255, -70264
30258, -70399
30261, -70576
30264, -70722
30266, -70840
30269, -70986
30272, -71174
30275, -71318
30278, -71499
30282, -71695
30284, -71838
30286, -71979
30289, -72130
30291, -72267
30293, -72416
30296, -72563
30298, -72707
30300, -72856
30302, -73005
30305, -73155
30307, -73299
30309, -73449
30312, -73596
30314, -73746
30316, -73883
30319, -74048
30322, -74193
30325, -74382
30328, -74565
30331, -74757
30334, -74889
30336, -75023
30338, -75151
30341, -75285
30345, -75470
30348, -75643
30350, -75758
30353, -75896
30355, -76003
30358, -76124
30361, -76281
30364, -76404
30366, -76505
30369, -76637
30373, -76781
30376, -76931
30379, -77046
30381, -77145
30384, -77244
30386, -77333
30389, -77426
30391, -77515
30394, -77619
30396, -77704
30399, -77806
30401, -77887
30404, -77968
30406, -78045
30408, -78127
30410, -78206
30413, -78283
30415, -78366
30418, -78439
30420, -78519
30423, -78606
30426, -78711
30429, -78819
30432, -78903
30435, -78979
30438, -79079
30441, -79157
30444, -79257
30446, -79324
30449, -79409
30451, -79470
30454, -79550
30458, -79642
30461, -79738
30464, -79812
30466, -79874
30468, -79936
30471, -80004
30474, -80095
30478, -80184
30480, -80257
30483, -80316
30485, -80377
30487, -80434
30491, -80521
30494, -80611
30497, -80679
30499, -80739
30501, -80793
30504, -80857
30507, -80939
30510, -81004
30512, -81066
30515, -81124
30517, -81176
30519, -81235
30522, -81290
30524, -81348
30527, -81402
30529, -81456
30531, -81511
30533, -81564
30536, -81619
30539, -81697
30543, -81772
30545, -81826
30547, -81878
30549, -81932
30552, -81983
30554, -82045
30557, -82117
30560, -82182
30563, -82233
30565, -82288
30567, -82342
30570, -82399
30572, -82457
30576, -82537
30578, -82592
30581, -82660
30583, -82714
30586, -82767
30588, -82829
30591, -82896
30594, -82955
30596, -83009
30599, -83070
30602, -83144
30605, -83203
30607, -83262
30610, -83322
30612, -83372
30615, -83433
30617, -83486
30620, -83549
30622, -83607
30625, -83676
30627, -83726
30630, -83783
30632, -83835
30635, -83899
30637, -83952
30639, -84007
30642, -84061
30644, -84126
30647, -84193
30650, -84248
30652, -84300
30654, -84357
30657, -84416
30659, -84476
30663, -84558
30665, -84615
30667, -84669
30669, -84727
30672, -84788
30674, -84848
30677, -84906
30679, -84960
30682, -85028
30685, -85099
30688, -85177
30690, -85236
30693, -85293
30695, -85353
30697, -85411
30700, -85471
30702, -85538
30705, -85597
30708, -85684
30711, -85752
30713, -85823
30716, -85886
30719, -85976
30721, -86041
30724, -86102
30726, -86168
30729, -86264
30732, -86338
30735, -86412
30737, -86484
30740, -86557
30742, -86624
30744, -86700
30747, -86772
30749, -86841
30751, -86916
30754, -86995
30757, -87093
30760, -87203
30763, -87288
30765, -87366
30768, -87446
30771, -87557
30773, -87638
30777, -87764
30780, -87889
30783, -87968
30785, -88055
30788, -88176
30791, -88274
30794, -88374
30797, -88511
30799, -88602
30802, -88720
30805, -88816
30808, -88955
30812, -89104
30814, -89226
30817, -89348
30820, -89461
30822, -89565
30825, -89666
30828, -89808
30831, -89925
30833, -90022
30835, -90128
30838, -90241
30841, -90388
30844, -90488
30847, -90629
30849, -90729
30852, -90824
30854, -90933
30857, -91032
30859, -91123
30861, -91222
30863, -91313
30866, -91408
30868, -91497
30870, -91592
30873, -91686
30875, -91795
30879, -91931
30882, -92034
30884, -92117
30886, -92211
30889, -92296
30891, -92396
30894, -92489
30896, -92578
30898, -92655
30901, -92747
30903, -92834
30905, -92926
30908, -93015
30910, -93108
30913, -93185
30915, -93269
30917, -93352
30920, -93435
30922, -93519
30924, -93595
30927, -93673
30930, -93785
30932, -93863
30934, -93941
30938, -94056
30941, -94159
30943, -94244
30946, -94324
30948, -94408
30952, -94523
30955, -94635
30958, -94726
30960, -94801
30962, -94874
30965, -94954
30967, -95034
30969, -95108
30972, -95191
30974, -95265
30976, -95342
30980, -95451
30982, -95528
30984, -95603
30987, -95692
30990, -95809
30993, -95884
30995, -95961
30997, -96037
31000, -96112
31002, -96191
31004, -96269
31007, -96344
31009, -96415
31011, -96492
31014, -96577
31016, -96660
31018, -96734
31021, -96820
31023, -96892
31025, -96969
31028, -97047
31030, -97125
31032, -97200
31035, -97275
31037, -97361
31039, -97440
31042, -97523
31044, -97599
31047, -97685
31049, -97765
31051, -97843
31054, -97921
31056, -98013
31059, -98098
31061, -98178
31064, -98273
31066, -98357
31069, -98435
31071, -98522
31074, -98613
31076, -98698
31078, -98778
31080, -98865
31083, -98948
31086, -99074
31089, -99190
31092, -99281
31095, -99393
31098, -99504
31100, -99592
31103, -99710
31106, -99838
31109, -99955
31113, -100088
31115, -100181
31118, -100316
31121, -100439
31124, -100534
31126, -100650
31130, -100789
31132, -100890
31134, -100987
31137, -101117
31140, -101217
31142, -101338
31145, -101444
31148, -101574
31151, -101727
31154, -101858
31156, -101971
31159, -102124
31163, -102292
31165, -102406
31168, -102542
31170, -102671
31173, -102792
31175, -102915
31177, -103039
31180, -103158
31182, -103287
31184, -103414
31187, -103546
31189, -103669
31192, -103859
31194, -103989
31197, -104145
31199, -104286
31202, -104464
31205, -104608
31207, -104779
31211, -104998
31213, -105176
31216, -105338
31218, -105489
31221, -105654
31223, -105824
31226, -106033
31229, -106234
31231, -106389
31234, -106551
31236, -106706
31239, -106845
31241, -107008
31245, -107213
31247, -107372
31249, -107506
31252, -107655
31255, -107810
31258, -108009
31261, -108198
31264, -108318
31266, -108450
31269, -108573
31271, -108686
31273, -108806
31275, -108919
31278, -109032
31280, -109137
31282, -109247
31284, -109355
31287, -109465
31289, -109564
31291, -109665
31293, -109763
31296, -109860
31298, -109960
31300, -110052
31302, -110151
31305, -110243
31307, -110335
31309, -110422
31311, -110514
31314, -110603
31316, -110689
31318, -110778
31320, -110860
31322, -110946
31325, -111028
31327, -111112
31329, -111189
31331, -111272
31334, -111352
31336, -111429
31338, -111509
31340, -111584
31342, -111663
31345, -111737
31347, -111825
31349, -111898
31352, -111979
31354, -112057
31356, -112130
31359, -112201
31361, -112272
31363, -112346
31365, -112415
31368, -112490
31370, -112562
31373, -112640
31375, -112716
31377, -112792
31380, -112864
31382, -112939
31385, -113008
31387, -113080
31389, -113148
31392, -113221
31394, -113288
31397, -113352
31399, -113417
31401, -113488
31403, -113551
31406, -113612
31408, -113678
31410, -113739
31412, -113803
31415, -113865
31417, -113932
31419, -113995
31422, -114061
31424, -114126
31426, -114186
31429, -114245
31431, -114304
31433, -114364
31436, -114426
31438, -114494
31440, -114552
31442, -114612
31445, -114673
31447, -114739
31450, -114797
31452, -114855
31454, -114919
31456, -114978
31459, -115036
31461, -115092
31463, -115153
31465, -115211
31468, -115271
31470, -115327
31472, -115390
31475, -115454
31477, -115517
31479, -115579
31482, -115640
31484, -115705
31486, -115766
31489, -115828
31491, -115892
31493, -115953
31496, -116008
31498, -116074
31500, -116134
31503, -116204
31505, -116262
31508, -116327
31510, -116391
31512, -116453
31514, -116511
31517, -116572
31519, -116633
31521, -116693
31523, -116754
31526, -116812
31528, -116876
31530, -116941
31533, -117007
31535, -117070
31537, -117136
31540, -117197
31542, -117263
31544, -117326
31546, -117386
31549, -117450
31551, -117512
31553, -117578
31555, -117641
31558, -117709
31560, -117774
31562, -117847
31565, -117910
31567, -117978
31569, -118044
31571, -118107
31574, -118182
31576, -118249
31578, -118321
31581, -118388
31583, -118458
31585, -118528
31588, -118604
31590, -118678
31592, -118757
31595, -118835
31597, -118909
31599, -118981
31602, -119056
31604, -119138
31606, -119212
31609, -119295
31611, -119374
31613, -119460
31616, -119537
31618, -119617
31620, -119693
31623, -119780
31625, -119866
31627, -119949
31630, -120044
31632, -120128
31634, -120218
31637, -120305
31639, -120395
31641, -120478
31643, -120570
31645, -120659
31648, -120754
31650, -120845
31652, -120945
31655, -121050
31657, -121161
31661, -121306
31663, -121409
31665, -121517
31668, -121675
31672, -121833
31675, -121999
31678, -122121
31680, -122243
31683, -122358
31685, -122476
31688, -122609
31690, -122741
31694, -122912
31696, -123019
31700, -123229
31704, -123389
31706, -123517
31709, -123640
31711, -123744
31714, -123854
31717, -124005
31720, -124131
31722, -124245
31725, -124360
31727, -124470
31730, -124582
31732, -124694
31735, -124799
31737, -124895
31740, -125001
31742, -125098
31744, -125197
31747, -125301
31749, -125406
31752, -125506
31755, -125647
31758, -125741
31761, -125876
31763, -125968
31766, -126063
31768, -126165
31772, -126291
31774, -126385
31777, -126493
31779, -126598
31782, -126684
31785, -126812
31789, -126940
31791, -127026
31793, -127114
31796, -127208
31798, -127294
31802, -127418
31804, -127507
31806, -127594
31809, -127677
31811, -127775
31814, -127859
31816, -127942
31820, -128071
31822, -128148
31825, -128269
31828, -128388
31831, -128468
31833, -128548
31836, -128657
31838, -128740
31841, -128823
31843, -128902
31845, -128981
31848, -129061
31850, -129145
31852, -129222
31855, -129308
31857, -129381
31861, -129511
31863, -129596
31865, -129676
31868, -129764
31870, -129847
31872, -129921
31876, -130036
31878, -130125
31881, -130209
31883, -130287
31885, -130373
31888, -130462
31891, -130576
31894, -130658
31896, -130754
31899, -130835
31901, -130921
31904, -131010
31907, -131131
31910, -131232
31913, -131334
31916, -131455
31919, -131540
31921, -131623
31923, -131705
31926, -131806
31929, -131906
31931, -131992
31933, -132082
31936, -132163
31938, -132242
31940, -132329
31942, -132414
31945, -132506
31947, -132589
31949, -132682
31952, -132770
31954, -132863
31956, -132955
31959, -133052
31961, -133147
31963, -133241
31966, -133337
31968, -133431
31971, -133536
31973, -133637
31976, -133746
31978, -133847
31981, -133944
31983, -134035
31986, -134163
31989, -134305
31991, -134411
31995, -134557
31997, -134659
32000, -134808
32003, -134910
32006, -135070
32009, -135192
32011, -135313
32014, -135386
32016, -135437
32019, -135473
32021, -135484
32025, -135468
32027, -135441
32030, -135402
32032, -135361
32035, -135295
32037, -135236
32039, -135165
32043, -135057
32045, -134977
32048, -134900
32050, -134813
32052, -134735
32055, -134644
32057, -134558
32060, -134471
32062, -134386
32064, -134295
32067, -134206
32069, -134112
32071, -134024
32074, -133933
32076, -133843
32078, -133761
32081, -133658
32083, -133575
32085, -133488
32087, -133409
32090, -133323
32092, -133239
32094, -133149
32097, -133062
32099, -132973
32102, -132868
32104, -132780
32106, -132698
32109, -132607
32111, -132522
32114, -132441
32116, -132353
32118, -132271
32121, -132185
32123, -132109
32125, -132022
32128, -131944
32130, -131859
32132, -131780
32135, -131684
32138, -131588
32140, -131506
32142, -131432
32145, -131342
32147, -131266
32150, -131152
32153, -131072
32155, -130989
32158, -130914
32160, -130830
32162, -130751
32165, -130669
32167, -130593
32169, -130518
32172, -130441
32174, -130359
32177, -130275
32179, -130187
32182, -130108
32184, -130024
32187, -129921
32190, -129832
32192, -129760
32195, -129673
32197, -129598
32199, -129516
32202, -129438
32204, -129358
32207, -129279
32210, -129171
32212, -129089
32215, -129005
32217, -128921
32220, -128842
32222, -128768
32224, -128691
32227, -128604
32229, -128527
32232, -128433
32234, -128353
32237, -128272
32239, -128193
32242, -128099
32244, -128023
32246, -127944
32249, -127862
32251, -127776
32254, -127686
32256, -127596
32260, -127478
32262, -127398
32264, -127312
32267, -127233
32269, -127157
32271, -127066
32274, -126982
32276, -126894
32278, -126814
32281, -126723
32283, -126640
32285, -126555
32288, -126472
32290, -126377
32292, -126295
32295, -126197
32297, -126111
32300, -126019
32302, -125931
32305, -125799
32309, -125668
32311, -125563
32314, -125476
32317, -125339
32320, -125231
32323, -125112
32326, -124969
32329, -124859
32331, -124749
32334, -124647
32336, -124536
32340, -124392
32342, -124291
32345, -124177
32347, -124072
32349, -123957
32352, -123850
32355, -123720
32357, -123599
32360, -123459
32362, -123352
32365, -123214
32369, -123053
32372, -122869
32375, -122735
32377, -122625
32380, -122515
32382, -122402
32384, -122290
32387, -122178
32389, -122071
32391, -121959
32394, -121860
32396, -121755
32399, -121641
32402, -121473
32405, -121348
32408, -121237
32410, -121137
32412, -121040
32415, -120945
32418, -120804
32421, -120671
32424, -120567
32426, -120472
32429, -120385
32432, -120244
32435, -120144
32438, -120016
32441, -119926
32444, -119814
32446, -119730
32449, -119638
32452, -119520
32455, -119424
32458, -119340
32460, -119252
32463, -119177
32466, -119063
32469, -118954
32472, -118880
32474, -118811
32477, -118720
32479, -118651
32481, -118579
32484, -118499
32487, -118392
32490, -118324
32492, -118255
32494, -118184
32497, -118113
32499, -118046
32501, -117979
32503, -117914
32506, -117847
32508, -117781
32510, -117710
32513, -117645
32515, -117576
32519, -117482
32521, -117413
32523, -117345
32527, -117250
32529, -117188
32531, -117123
32535, -117033
32537, -116967
32539, -116907
32542, -116843
32544, -116777
32546, -116713
32549, -116648
32551, -116585
32553, -116524
32556, -116454
32559, -116379
32561, -116310
32564, -116251
32567, -116157
32569, -116098
32572, -116036
32575, -115954
32577, -115883
32580, -115819
32582, -115757
32584, -115698
32587, -115634
32589, -115568
32592, -115504
32594, -115439
32597, -115375
32599, -115316
32601, -115253
32603, -115193
32606, -115130
32608, -115066
32611, -114998
32613, -114939
32615, -114879
32618, -114814
32621, -114742
32624, -114664
32627, -114571
32629, -114510
32632, -114444
32634, -114384
32637, -114315
32640, -114227
32643, -114133
32646, -114071
32648, -114007
32651, -113927
32653, -113856
32656, -113783
32659, -113710
32661, -113635
32664, -113573
32667, -113475
32669, -113408
32672, -113330
32675, -113256
32677, -113179
32679, -113115
32682, -113039
32684, -112967
32688, -112871
32690, -112795
32693, -112692
32696, -112621
32698, -112544
32701, -112471
32703, -112381
32707, -112264
32710, -112185
32712, -112106
32714, -112034
32716, -111961
32718, -111887
32721, -111812
32723, -111727
32725, -111651
32728, -111558
32730, -111479
32733, -111387
32736, -111270
32739, -111157
32742, -111062
32744, -110978
32746, -110891
32749, -110795
32752, -110684
32754, -110579
32758, -110448
32760, -110358
32762, -110257
32765, -110152
32767, -110041
32771, -109906
32773, -109797
32776, -109685
32778, -109568
32780, -109457
32784, -109312
32787, -109150
32790, -109022
32792, -108904
32795, -108764
32797, -108643
32799, -108521
32802, -108385
32804, -108249
32807, -108115
32809, -107988
32811, -107857
32814, -107716
32816, -107575
32818, -107426
32821, -107292
32823, -107133
32826, -106944
32828, -106789
32831, -106647
32834, -106426
32836, -106268
32839, -106086
32841, -105933
32844, -105763
32846, -105617
32849, -105454
32851, -105315
32853, -105152
32856, -105008
32859, -104834
32861, -104678
32864, -104516
32866, -104376
32869, -104230
32871, -104093
32873, -103956
32877, -103760
32879, -103633
32881, -103508
32883, -103383
32886, -103267
32888, -103129
32890, -103012
32893, -102890
32895, -102778
32897, -102661
32900, -102545
32902, -102427
32904, -102314
32906, -102207
32909, -102100
32911, -101992
32913, -101875
32916, -101765
32918, -101660
32920, -101551
32923, -101440
32925, -101333
32928, -101224
32930, -101121
32932, -101015
32934, -100921
32937, -100824
32939, -100725
32941, -100629
32944, -100529
32946, -100434
32949, -100314
32951, -100223
32953, -100133
32955, -100048
32958, -99959
32960, -99869
32962, -99777
32965, -99691
32967, -99590
32970, -99488
32972, -99387
32975, -99291
32978, -99193
32980, -99092
32983, -99000
32985, -98908
32988, -98816
32991, -98690
32994, -98596
32996, -98513
32998, -98428
33001, -98331
33004, -98220
33007, -98131
33009, -98040
33012, -97956
33014, -97871
33017, -97757
33020, -97664
33023, -97571
33026, -97456
33029, -97373
33031, -97297
33033, -97214
33035, -97140
33038, -97063
33040, -96984
33042, -96908
33044, -96830
33047, -96756
33049, -96676
33051, -96597
33054, -96507
33057, -96394
33060, -96306
33062, -96230
33064, -96148
33067, -96060
33070, -95966
33073, -95860
33076, -95748
33079, -95663
33081, -95584
33084, -95497
33087, -95382
33090, -95289
33092, -95206
33095, -95123
33097, -95044
33100, -94941
33102, -94855
33106, -94736
33108, -94652
33111, -94577
33113, -94489
33115, -94411
33118, -94328
33120, -94244
33123, -94159
33125, -94073
33127, -93995
33130, -93910
33132, -93824
33134, -93736
33137, -93654
33139, -93564
33141, -93483
33144, -93397
33146, -93312
33148, -93227
33150, -93145
33153, -93057
33155, -92967
33157, -92878
33160, -92784
33162, -92698
33164, -92603
33167, -92513
33169, -92418
33172, -92323
33174, -92225
33176, -92133
33179, -92034
33181, -91939
33183, -91839
33187, -91708
33189, -91597
33192, -91488
33194, -91383
33196, -91281
33199, -91163
33202, -91032
33205, -90877
33208, -90755
33210, -90649
33213, -90538
33215, -90412
33219, -90247
33221, -90139
33224, -90008
33226, -89898
33229, -89782
33231, -89667
33234, -89537
33236, -89420
33239, -89303
33241, -89201
33244, -89086
33247, -88945
33250, -88803
33253, -88667
33256, -88558
33258, -88457
33261, -88362
33263, -88265
33265, -88172
33268, -88079
33270, -87986
33272, -87893
33275, -87794
33277, -87711
33280, -87621
33282, -87533
33284, -87447
33287, -87355
33290, -87250
33293, -87149
33295, -87065
33298, -86982
33301, -86880
33303, -86790
33306, -86691
33309, -86604
33311, -86532
33314, -86432
33318, -86323
33320, -86247
33323, -86158
33326, -86076
33328, -86007
33330, -85937
33333, -85850
33336, -85780
33339, -85672
33342, -85585
33345, -85516
33347, -85452
33351, -85343
33354, -85249
33357, -85161
33360, -85094
33362, -85035
33364, -84974
33366, -84914
33369, -84847
33371, -84784
33373, -84720
33376, -84658
33378, -84598
33381, -84531
33383, -84470
33385, -84410
33388, -84347
33390, -84286
33393, -84221
33395, -84161
33397, -84099
33400, -84020
33404, -83941
33406, -83874
33409, -83803
33411, -83745
33414, -83688
33416, -83624
33418, -83566
33421, -83507
33423, -83449
33426, -83387
33428, -83332
33430, -83274
33432, -83220
33435, -83161
33437, -83105
33439, -83046
33442, -82990
33444, -82935
33446, -82882
33448, -82827
33450, -82771
33453, -82717
33455, -82660
33457, -82607
33459, -82549
33462, -82495
33464, -82437
33466, -82383
33468, -82329
33471, -82272
33473, -82218
33475, -82158
33478, -82105
33480, -82049
33482, -81992
33485, -81936
33487, -81883
33489, -81828
33491, -81772
33493, -81718
33496, -81662
33498, -81607
33500, -81549
33502, -81497
33505, -81439
33507, -81385
33509, -81330
33511, -81273
33513, -81217
33515, -81158
33518, -81100
33520, -81035
33523, -80972
33525, -80909
33527, -80850
33530, -80788
33532, -80729
33534, -80667
33536, -80604
33539, -80542
33541, -80479
33543, -80418
33545, -80351
33548, -80293
33550, -80221
33553, -80148
33555, -80081
33557, -80015
33560, -79945
33562, -79879
33565, -79806
33568, -79714
33570, -79642
33572, -79577
33575, -79500
33577, -79428
33580, -79355
33582, -79283
33585, -79193
33587, -79119
33590, -79036
33592, -78955
33595, -78876
33597, -78801
33599, -78725
33602, -78639
33605, -78523
33608, -78433
33610, -78350
33612, -78272
33615, -78187
33617, -78107
33619, -78028
33621, -77946
33624, -77862
33626, -77775
33628, -77693
33630, -77603
33633, -77519
33635, -77427
33637, -77338
33640, -77241
33642, -77148
33644, -77054
33647, -76957
33649, -76864
33651, -76758
33654, -76648
33657, -76528
33659, -76429
33661, -76323
33663, -76227
33666, -76119
33668, -76013
33671, -75847
33674, -75701
33677, -75585
33679, -75474
33681, -75355
33683, -75241
33686, -75115
33688, -74990
33691, -74822
33693, -74697
33696, -74549
33698, -74420
33700, -74272
33703, -74088
33706, -73915
33709, -73756
33711, -73603
33714, -73457
33716, -73308
33718, -73177
33721, -73026
33723, -72887
33725, -72748
33727, -72613
33730, -72468
33732, -72332
33734, -72193
33737, -72057
33739, -71932
33741, -71780
33744, -71651
33746, -71516
33748, -71395
33751, -71262
33753, -71139
33755, -71014
33758, -70887
33760, -70766
33762, -70651
33765, -70524
33767, -70388
33770, -70270
33772, -70152
33775, -70023
33777, -69912
33779, -69804
33782, -69696
33784, -69573
33787, -69457
33789, -69351
33792, -69241
33794, -69142
33796, -69036
33799, -68931
33801, -68820
33804, -68691
33808, -68547
33810, -68452
33812, -68359
33815, -68237
33818, -68137
33821, -68023
33823, -67917
33826, -67819
33828, -67733
33830, -67645
33833, -67553
33835, -67467
33837, -67382
33839, -67298
33842, -67211
33844, -67127
33846, -67042
33848, -66959
33851, -66875
33853, -66791
33855, -66710
33858, -66623
33860, -66542
33862, -66456
33865, -66372
33867, -66286
33869, -66205
33872, -66120
33874, -66044
33876, -65961
33878, -65885
33881, -65801
33884, -65690
33888, -65571
33890, -65493
33892, -65406
33895, -65326
33897, -65244
33900, -65165
33902, -65086
33904, -65004
33907, -64925
33909, -64852
33911, -64774
33914, -64688
33916, -64598
33919, -64512
33922, -64429
33925, -64333
33927, -64251
33929, -64175
33933, -64062
33935, -63977
33938, -63896
33940, -63823
33942, -63741
33945, -63665
33947, -63589
33949, -63514
33952, -63430
33954, -63359
33956, -63275
33959, -63194
33961, -63113
33964, -63038
33966, -62960
33968, -62885
33971, -62808
33973, -62735
33975, -62662
33977, -62584
33980, -62511
33982, -62435
33984, -62355
33988, -62231
33990, -62153
33993, -62076
33995, -62004
33998, -61901
34001, -61796
34004, -61681
34007, -61593
34009, -61519
34012, -61431
34015, -61321
34017, -61240
34020, -61161
34022, -61074
34024, -60998
34027, -60914
34029, -60836
34031, -60748
34033, -60669
34036, -60587
34038, -60501
34040, -60413
34043, -60327
34045, -60238
34047, -60149
34050, -60065
34052, -59973
34054, -59888
34056, -59797
34059, -59711
34061, -59621
34063, -59530
34065, -59440
34068, -59331
34070, -59241
34073, -59142
34075, -59054
34077, -58940
34080, -58850
34082, -58750
34084, -58652
34087, -58545
34089, -58449
34091, -58347
34093, -58243
34096, -58134
34098, -58028
34100, -57928
34104, -57770
34106, -57650
34109, -57528
34111, -57418
34114, -57298
34116, -57179
34119, -57040
34122, -56916
34124, -56799
34126, -56693
34129, -56591
34131, -56486
34134, -56374
34137, -56221
34139, -56124
34142, -56005
34145, -55906
34147, -55798
34150, -55684
34153, -55574
34156, -55459
34158, -55352
34161, -55265
34163, -55173
34165, -55083
34168, -54989
34170, -54904
34173, -54817
34175, -54736
34177, -54650
34179, -54576
34182, -54494
34184, -54416
34186, -54341
34188, -54262
34191, -54187
34193, -54107
34195, -54034
34198, -53955
34200, -53877
34202, -53797
34206, -53681
34209, -53600
34211, -53531
34214, -53426
34217, -53347
34219, -53277
34222, -53187
34224, -53120
34227, -53047
34229, -52981
34231, -52917
34233, -52850
34236, -52787
34238, -52720
34240, -52654
34242, -52586
34245, -52515
34247, -52446
34249, -52381
34252, -52310
34254, -52246
34257, -52178
