9672, -15363.21
9674, -15369.47
9676, -15376.30
9679, -15385.65
9683, -15395.14
9685, -15401.35
9687, -15406.60
9689, -15411.73
9691, -15416.37
9694, -15422.41
9696, -15427.45
9699, -15432.82
9701, -15436.67
9703, -15440.92
9705, -15444.11
9707, -15447.27
9710, -15451.07
9712, -15454.26
9714, -15457.15
9716, -15459.59
9719, -15462.05
9721, -15464.08
9724, -15466.77
9727, -15469.45
9731, -15471.74
9733, -15472.85
9735, -15473.75
9737, -15474.53
9740, -15475.33
9742, -15475.81
9744, -15476.19
9746, -15476.46
9747, -15476.62
9750, -15476.70
9752, -15476.63
9754, -15476.42
9756, -15476.09
9758, -15475.71
9760, -15475.16
9763, -15474.20
9766, -15473.43
9768, -15472.42
9770, -15471.49
9772, -15470.30
9775, -15468.56
9779, -15466.40
9781, -15465.00
9783, -15463.30
9785, -15461.54
9789, -15458.85
9791, -15457.18
9792, -15455.43
9795, -15453.37
9797, -15451.42
9799, -15449.06
9802, -15445.72
9805, -15442.61
9808, -15440.11
9810, -15437.56
9812, -15434.75
9815, -15432.04
9817, -15429.73
9819, -15426.56
9822, -15422.38
9824, -15419.66
9828, -15415.38
9830, -15412.69
9832, -15410.03
9834, -15407.36
9836, -15403.73
9839, -15400.52
9841, -15397.42
9843, -15394.61
9845, -15391.76
9847, -15388.23
9849, -15385.03
9851, -15381.59
9854, -15377.99
9856, -15374.21
9858, -15370.73
9860, -15367.66
9862, -15364.54
9864, -15361.50
9866, -15358.30
9868, -15355.14
9870, -15351.75
9872, -15348.25
9874, -15344.54
9877, -15340.66
9879, -15337.00
9881, -15333.66
9883, -15329.95
9886, -15324.91
9888, -15321.00
9890, -15317.57
9893, -15313.69
9896, -15307.99
9898, -15303.77
9901, -15299.99
9903, -15295.28
9906, -15291.03
9908, -15287.35
9910, -15283.19
9913, -15278.22
9915, -15274.11
9918, -15269.13
9920, -15265.23
9922, -15261.59
9924, -15258.09
9927, -15253.81
9929, -15249.25
9932, -15244.07
9935, -15238.65
9938, -15234.10
9940, -15230.11
9942, -15225.96
9944, -15222.33
9947, -15217.34
9950, -15212.62
9953, -15207.23
9955, -15203.47
9957, -15199.71
9959, -15195.33
9961, -15191.37
9964, -15187.17
9966, -15182.97
9968, -15178.96
9970, -15175.41
9972, -15171.55
9974, -15167.98
9977, -15163.72
9979, -15159.47
9981, -15155.89
9983, -15152.48
9985, -15149.07
9987, -15145.52
9989, -15141.35
9991, -15137.69
9993, -15133.86
9996, -15129.91
9998, -15125.44
10000, -15121.90
10002, -15118.14
10004, -15114.48
10006, -15110.50
10009, -15106.31
10011, -15102.27
10013, -15098.23
10015, -15094.23
10017, -15090.50
10019, -15087.07
10022, -15082.50
10024, -15078.99
10026, -15075.49
10028, -15072.01
10030, -15068.05
10032, -15064.22
10034, -15060.81
10036, -15056.64
10038, -15052.86
10040, -15049.10
10042, -15045.65
10045, -15041.54
10047, -15037.84
10049, -15034.12
10051, -15030.22
10053, -15026.34
10055, -15022.87
10057, -15019.33
10059, -15015.84
10061, -15011.74
10063, -15008.31
10065, -15004.86
10067, -15001.15
10069, -14997.68
10071, -14993.90
10073, -14990.02
10075, -14986.34
10077, -14982.83
10079, -14979.31
10081, -14975.68
10083, -14972.20
10085, -14968.75
10087, -14965.01
10089, -14961.55
10091, -14957.94
10093, -14954.35
10095, -14950.33
10097, -14946.42
10099, -14942.73
10101, -14938.60
10103, -14934.41
10106, -14930.21
10108, -14926.45
10110, -14922.67
10112, -14918.90
10114, -14915.21
10116, -14911.64
10118, -14907.75
10120, -14903.83
10122, -14899.49
10124, -14895.80
10127, -14891.64
10129, -14887.39
10131, -14883.15
10133, -14879.15
10136, -14874.84
10138, -14870.79
10140, -14867.11
10142, -14862.97
10144, -14858.79
10146, -14854.92
10148, -14851.02
10152, -14845.22
10154, -14839.83
10156, -14836.11
10158, -14832.39
10161, -14828.16
10163, -14824.48
10165, -14820.29
10168, -14815.27
10170, -14811.19
10172, -14807.33
10174, -14803.33
10176, -14799.73
10178, -14795.99
10180, -14791.65
10182, -14787.61
10184, -14783.47
10187, -14779.21
10189, -14775.44
10191, -14771.54
10193, -14767.86
10195, -14763.89
10197, -14759.10
10199, -14755.29
10202, -14751.08
10204, -14747.21
10206, -14742.77
10208, -14739.06
10210, -14735.35
10212, -14731.17
10215, -14726.38
10217, -14721.18
10219, -14717.25
10222, -14712.75
10224, -14708.92
10226, -14705.21
10228, -14701.24
10231, -14695.20
10233, -14690.55
10235, -14686.74
10238, -14682.08
10240, -14678.19
10242, -14674.23
10244, -14669.89
10246, -14665.65
10248, -14661.34
10251, -14655.58
10254, -14649.80
10256, -14645.92
10258, -14641.87
10261, -14637.33
10263, -14633.06
10265, -14628.69
10267, -14624.84
10269, -14620.46
10272, -14616.14
10274, -14611.92
10276, -14608.06
10278, -14603.46
10280, -14599.52
10282, -14595.26
10285, -14590.65
10287, -14586.51
10289, -14582.03
10291, -14578.03
10293, -14573.82
10295, -14569.62
10298, -14564.32
10301, -14557.60
10304, -14553.05
10305, -14549.24
10308, -14544.65
10310, -14540.69
10313, -14534.91
10315, -14530.22
10318, -14524.94
10320, -14520.81
10322, -14516.17
10324, -14511.94
10326, -14507.96
10329, -14502.10
10332, -14496.60
10334, -14492.22
10336, -14488.08
10339, -14483.55
10341, -14479.40
10343, -14475.48
10345, -14470.79
10347, -14466.54
10349, -14462.47
10352, -14458.29
10354, -14454.08
10356, -14450.09
10358, -14445.62
10360, -14441.15
10362, -14436.78
10364, -14432.75
10367, -14428.74
10369, -14422.93
10371, -14418.99
10374, -14414.83
10376, -14410.09
10378, -14406.09
10380, -14402.08
10382, -14397.48
10385, -14392.86
10387, -14388.48
10389, -14384.64
10391, -14380.81
10393, -14376.93
10395, -14373.16
10397, -14368.81
10399, -14364.98
10401, -14360.63
10403, -14356.68
10405, -14352.81
10407, -14349.01
10410, -14344.16
10412, -14339.29
10415, -14334.18
10418, -14328.83
10420, -14324.64
10422, -14320.36
10424, -14316.62
10427, -14311.47
10429, -14307.25
10432, -14301.43
10434, -14296.73
10436, -14292.80
10438, -14289.03
10441, -14284.68
10443, -14280.70
10446, -14274.67
10449, -14268.83
10451, -14265.00
10453, -14261.18
10455, -14257.02
10457, -14253.19
10459, -14249.18
10462, -14244.47
10464, -14239.34
10467, -14235.39
10469, -14231.38
10471, -14227.30
10473, -14223.48
10475, -14219.41
10478, -14214.75
10481, -14209.42
10483, -14205.76
10485, -14201.50
10487, -14196.81
10489, -14193.08
10492, -14189.31
10495, -14183.55
10497, -14179.43
10499, -14175.69
10501, -14172.02
10503, -14168.35
10505, -14164.62
10507, -14160.81
10509, -14157.40
10511, -14153.99
10513, -14150.25
10516, -14146.30
10518, -14142.85
10519, -14139.45
10522, -14135.83
10524, -14132.25
10526, -14128.68
10528, -14125.23
10530, -14121.86
10532, -14117.94
10534, -14113.42
10537, -14109.44
10539, -14106.00
10541, -14102.65
10543, -14098.84
10545, -14094.66
10548, -14090.03
10551, -14085.38
10554, -14080.32
10556, -14076.75
10558, -14072.43
10561, -14067.66
10564, -14063.02
10566, -14058.80
10569, -14054.03
10571, -14050.02
10574, -14046.22
10577, -14041.11
10579, -14037.53
10581, -14033.68
10584, -14028.14
10587, -14024.17
10589, -14020.84
10591, -14017.20
10593, -14013.88
10595, -14009.86
10598, -14005.40
10600, -14001.04
10603, -13996.07
10605, -13992.76
10609, -13987.46
10611, -13984.21
10613, -13980.54
10615, -13976.84
10618, -13972.67
10620, -13969.35
10622, -13966.17
10624, -13962.33
10626, -13958.91
10628, -13955.37
10631, -13951.53
10633, -13946.85
10636, -13942.01
10638, -13938.78
10640, -13935.30
10643, -13931.31
10646, -13926.26
10649, -13921.74
10652, -13917.17
10654, -13913.17
10656, -13909.87
10658, -13906.28
10660, -13902.55
10663, -13898.91
10665, -13894.82
10668, -13890.71
10670, -13886.21
10672, -13882.97
10675, -13879.16
10677, -13875.12
10680, -13870.29
10682, -13867.17
10685, -13862.32
10688, -13858.38
10690, -13854.92
10692, -13851.42
10694, -13847.66
10697, -13843.34
10700, -13838.16
10703, -13833.50
10705, -13830.16
10708, -13825.95
10711, -13821.07
10713, -13817.25
10716, -13813.45
10719, -13808.95
10721, -13805.79
10723, -13802.34
10725, -13798.77
10727, -13795.27
10729, -13792.12
10731, -13789.11
10733, -13785.90
10735, -13782.53
10737, -13779.32
10739, -13776.17
10741, -13772.63
10744, -13768.31
10747, -13763.99
10750, -13758.34
10752, -13755.13
10755, -13751.47
10757, -13747.11
10760, -13742.99
10763, -13738.98
10765, -13734.97
10767, -13731.10
10770, -13727.76
10771, -13724.62
10774, -13721.07
10776, -13717.48
10778, -13713.55
10781, -13709.28
10784, -13704.41
10786, -13700.64
10789, -13696.90
10791, -13692.55
10794, -13688.28
10797, -13683.29
10800, -13678.74
10802, -13675.20
10805, -13671.26
10807, -13666.67
10810, -13662.44
10813, -13658.37
10815, -13654.34
10817, -13651.02
10819, -13647.44
10821, -13644.05
10824, -13639.71
10827, -13635.23
10830, -13629.96
10832, -13626.56
10834, -13622.68
10836, -13618.96
10839, -13615.51
10841, -13611.99
10843, -13608.78
10845, -13604.90
10847, -13601.23
10849, -13597.79
10851, -13594.52
10853, -13590.59
10855, -13587.04
10858, -13583.55
10861, -13578.63
10863, -13574.58
10865, -13570.92
10867, -13567.56
10869, -13563.98
10871, -13560.55
10874, -13556.20
10876, -13552.27
10878, -13548.47
10880, -13544.69
10883, -13540.48
10886, -13535.41
10888, -13531.93
10890, -13528.47
10892, -13524.70
10895, -13519.54
10897, -13515.95
10899, -13511.37
10902, -13506.86
10905, -13502.43
10907, -13497.56
10910, -13492.63
10912, -13488.98
10914, -13485.48
10916, -13481.65
10919, -13477.35
10921, -13473.38
10923, -13469.80
10925, -13466.31
10927, -13462.79
10929, -13458.46
10931, -13454.54
10934, -13450.19
10936, -13446.34
10938, -13442.70
10940, -13438.49
10943, -13434.42
10945, -13430.79
10946, -13427.27
10949, -13422.74
10951, -13418.58
10954, -13414.52
10956, -13410.58
10958, -13406.69
10960, -13402.96
10962, -13399.42
10964, -13395.19
10966, -13391.40
10969, -13386.95
10971, -13383.20
10973, -13379.05
10975, -13375.40
10977, -13371.67
10979, -13367.58
10981, -13363.43
10983, -13359.83
10985, -13356.20
10987, -13352.45
10990, -13348.00
10992, -13343.48
10995, -13339.33
10997, -13335.19
10999, -13330.27
11002, -13324.72
11005, -13321.02
11006, -13317.44
11009, -13313.21
11011, -13309.00
11013, -13304.58
11016, -13299.14
11019, -13294.67
11021, -13290.50
11023, -13286.64
11025, -13282.50
11027, -13278.86
11030, -13273.19
11034, -13267.07
11036, -13262.01
11038, -13258.25
11040, -13254.66
11042, -13251.05
11044, -13247.55
11046, -13243.57
11048, -13239.92
11050, -13236.36
11052, -13232.70
11054, -13228.92
11056, -13224.30
11059, -13220.21
11061, -13216.11
11063, -13211.82
11065, -13207.55
11068, -13203.40
11070, -13199.70
11072, -13195.73
11074, -13191.33
11077, -13186.67
11079, -13181.38
11082, -13176.26
11084, -13172.20
11086, -13168.34
11088, -13164.57
11090, -13160.25
11093, -13155.18
11096, -13149.88
11099, -13143.87
11101, -13140.03
11104, -13135.64
11106, -13130.71
11109, -13124.91
11112, -13119.29
11115, -13114.74
11117, -13110.87
11119, -13106.87
11121, -13103.05
11123, -13099.13
11125, -13094.85
11127, -13090.82
11130, -13085.58
11132, -13081.65
11135, -13076.20
11137, -13072.40
11139, -13068.30
11142, -13063.77
11144, -13059.40
11147, -13054.34
11149, -13050.51
11151, -13046.07
11153, -13041.66
11156, -13037.16
11158, -13032.66
11160, -13028.18
11163, -13023.87
11165, -13019.94
11167, -13015.63
11169, -13011.18
11172, -13006.96
11174, -13002.32
11177, -12996.35
11180, -12992.03
11183, -12985.83
11185, -12981.28
11187, -12977.45
11189, -12973.51
11192, -12968.99
11194, -12964.40
11196, -12960.62
11199, -12954.36
11202, -12949.27
11204, -12945.42
11207, -12940.68
11210, -12934.30
11212, -12930.28
11215, -12925.20
11217, -12920.05
11220, -12914.76
11223, -12908.78
11226, -12904.36
11228, -12900.31
11230, -12895.65
11233, -12890.17
11235, -12885.24
11238, -12881.12
11240, -12875.59
11243, -12870.89
11245, -12866.62
11247, -12862.03
11250, -12857.48
11252, -12852.41
11255, -12848.00
11257, -12844.13
11259, -12839.53
11261, -12835.60
11263, -12831.32
11266, -12826.70
11268, -12822.06
11270, -12818.28
11272, -12813.68
11275, -12809.19
11277, -12805.35
11280, -12799.46
11282, -12794.91
11285, -12789.13
11287, -12785.17
11289, -12780.80
11291, -12776.71
11293, -12772.56
11296, -12767.80
11298, -12763.73
11300, -12758.61
11303, -12753.80
11305, -12749.37
11307, -12744.98
11309, -12740.19
11312, -12735.55
11314, -12730.33
11317, -12724.99
11320, -12719.88
11322, -12715.22
11324, -12711.17
11326, -12707.26
11329, -12702.13
11331, -12697.35
11334, -12692.13
11336, -12687.07
11338, -12682.74
11341, -12678.18
11343, -12673.69
11345, -12669.21
11347, -12664.95
11350, -12660.26
11352, -12655.59
11354, -12651.51
11356, -12647.52
11358, -12643.68
11360, -12639.13
11363, -12634.43
11365, -12629.14
11368, -12624.28
11370, -12620.35
11372, -12616.28
11374, -12611.63
11376, -12607.59
11378, -12602.91
11380, -12598.93
11382, -12594.96
11385, -12590.36
11387, -12586.37
11389, -12582.45
11391, -12578.55
11393, -12574.69
11394, -12570.92
11397, -12565.97
11399, -12561.95
11401, -12558.10
11403, -12554.16
11405, -12550.37
11407, -12546.54
11408, -12542.77
11410, -12538.99
11412, -12535.16
11414, -12531.37
11416, -12527.45
11418, -12523.55
11420, -12519.31
11422, -12515.01
11424, -12510.77
11427, -12506.52
11429, -12502.37
11431, -12497.99
11433, -12493.81
11435, -12489.06
11437, -12484.58
11440, -12478.61
11443, -12473.96
11445, -12469.12
11448, -12462.66
11450, -12458.36
11453, -12453.90
11455, -12450.01
11457, -12445.55
11459, -12441.06
11461, -12436.40
11464, -12431.87
11466, -12427.93
11468, -12423.31
11470, -12419.41
11472, -12414.96
11475, -12410.18
11477, -12405.40
11480, -12400.46
11482, -12396.46
11484, -12392.48
11485, -12388.57
11487, -12384.66
11490, -12379.96
11492, -12375.58
11494, -12371.02
11496, -12366.86
11499, -12362.76
11501, -12358.53
11503, -12354.70
11505, -12350.16
11507, -12345.46
11510, -12339.59
11513, -12334.54
11516, -12329.29
11518, -12324.05
11520, -12320.07
11523, -12314.74
11526, -12309.54
11529, -12303.85
11531, -12300.04
11534, -12293.46
11536, -12289.43
11538, -12285.11
11541, -12279.81
11543, -12275.06
11545, -12271.22
11549, -12264.97
11551, -12260.28
11553, -12256.42
11556, -12251.05
11559, -12245.33
11561, -12241.37
11563, -12237.15
11566, -12230.78
11569, -12225.91
11572, -12219.38
11575, -12215.03
11577, -12210.94
11579, -12206.94
11582, -12201.02
11585, -12195.57
11587, -12191.64
11589, -12187.17
11591, -12183.12
11593, -12179.35
11595, -12175.57
11598, -12171.32
11600, -12166.90
11602, -12162.73
11605, -12158.17
11607, -12154.22
11609, -12150.50
11611, -12145.79
11615, -12139.55
11617, -12134.93
11619, -12130.63
11622, -12126.44
11625, -12120.58
11628, -12114.66
11631, -12109.07
11633, -12104.71
11636, -12100.43
11638, -12096.03
11640, -12091.59
11644, -12085.69
11646, -12080.87
11649, -12076.09
11651, -12071.54
11653, -12067.90
11655, -12064.27
11658, -12060.01
11660, -12055.75
11663, -12050.42
11665, -12045.84
11668, -12041.17
11670, -12037.56
11672, -12033.39
11675, -12028.38
11678, -12022.96
11680, -12018.41
11684, -12012.12
11686, -12008.56
11688, -12004.87
11691, -11999.44
11694, -11994.14
11696, -11990.48
11698, -11986.20
11701, -11981.39
11703, -11977.63
11705, -11973.98
11707, -11970.32
11709, -11966.28
11711, -11962.29
11713, -11958.66
11715, -11954.98
11718, -11951.19
11720, -11947.47
11722, -11943.71
11724, -11939.65
11726, -11935.53
11728, -11931.39
11732, -11925.56
11734, -11920.57
11736, -11916.92
11738, -11913.37
11740, -11909.73
11742, -11905.94
11744, -11902.34
11747, -11898.48
11749, -11894.73
11751, -11891.32
11753, -11887.77
11755, -11884.00
11757, -11880.11
11759, -11876.02
11761, -11871.73
11764, -11867.67
11766, -11864.07
11768, -11860.25
11770, -11856.61
11773, -11850.93
11775, -11846.86
11778, -11842.06
11781, -11836.79
11783, -11832.95
11785, -11828.77
11787, -11824.63
11791, -11818.34
11793, -11813.79
11796, -11808.72
11799, -11804.00
11801, -11799.45
11803, -11795.49
11806, -11790.59
11809, -11785.42
11812, -11780.33
11814, -11775.52
11817, -11771.20
11819, -11767.35
11821, -11763.26
11823, -11759.19
11825, -11755.09
11827, -11751.23
11830, -11747.30
11832, -11743.12
11834, -11738.79
11836, -11735.04
11839, -11730.72
11841, -11726.43
11843, -11721.88
11845, -11718.18
11848, -11714.01
11850, -11710.32
11852, -11706.00
11854, -11702.04
11856, -11698.11
11859, -11693.95
11861, -11689.07
11863, -11685.42
11865, -11681.83
11867, -11677.83
11869, -11674.15
11872, -11668.39
11875, -11663.96
11877, -11659.39
11880, -11654.88
11882, -11650.08
11885, -11645.50
11887, -11641.27
11889, -11636.79
11892, -11631.40
11894, -11627.53
11897, -11622.04
11900, -11617.55
11902, -11613.32
11905, -11607.87
11908, -11601.85
11910, -11598.03
11913, -11592.67
11915, -11588.80
11917, -11584.42
11920, -11580.55
11922, -11576.27
11924, -11571.59
11926, -11567.56
11929, -11563.45
11931, -11559.21
11933, -11555.19
11935, -11551.51
11937, -11547.55
11940, -11542.98
11941, -11539.29
11944, -11534.57
11946, -11530.04
11949, -11524.85
11952, -11519.85
11954, -11515.08
11957, -11510.91
11958, -11507.30
11961, -11502.91
11964, -11497.13
11966, -11492.59
11969, -11488.35
11971, -11483.92
11973, -11479.34
11975, -11475.40
11978, -11471.15
11980, -11466.77
11982, -11462.57
11984, -11458.25
11986, -11454.47
11988, -11450.78
11990, -11446.90
11993, -11442.68
11995, -11438.92
11997, -11435.24
12000, -11429.01
12002, -11424.79
12004, -11420.75
12006, -11416.84
12009, -11411.76
12012, -11406.28
12015, -11399.90
12018, -11394.96
12020, -11390.68
12022, -11386.70
12024, -11382.96
12027, -11378.52
12029, -11374.73
12031, -11370.27
12033, -11366.03
12035, -11362.17
12037, -11358.24
12039, -11353.91
12042, -11349.55
12045, -11343.25
12048, -11338.07
12050, -11333.24
12053, -11329.16
12055, -11325.42
12057, -11320.95
12059, -11316.50
12062, -11311.81
12064, -11306.85
12067, -11302.16
12069, -11298.42
12071, -11294.50
12074, -11289.93
12076, -11285.36
12078, -11281.07
12081, -11276.76
12083, -11272.34
12085, -11268.53
12087, -11264.44
12089, -11260.34
12092, -11256.03
12094, -11252.23
12097, -11247.35
12099, -11243.15
12101, -11238.51
12104, -11234.33
12107, -11228.64
12109, -11223.60
12112, -11219.31
12114, -11214.71
12117, -11209.94
12119, -11206.23
12121, -11202.30
12123, -11198.32
12127, -11192.35
12129, -11187.86
12132, -11183.05
12134, -11179.05
12136, -11175.34
12138, -11171.20
12140, -11167.19
12143, -11162.98
12145, -11159.04
12147, -11155.30
12149, -11151.55
12151, -11147.79
12153, -11143.84
12156, -11139.08
12158, -11134.73
12161, -11130.71
12164, -11124.93
12166, -11121.34
12168, -11117.37
12171, -11112.85
12173, -11108.82
12176, -11103.37
12179, -11098.89
12181, -11094.58
12183, -11090.17
12185, -11086.49
12188, -11082.27
12190, -11077.50
12193, -11073.14
12195, -11069.05
12197, -11065.39
12200, -11060.38
12202, -11056.41
12205, -11051.76
12208, -11046.96
12211, -11041.84
12213, -11037.29
12215, -11033.33
12217, -11029.51
12220, -11024.35
12224, -11018.80
12227, -11013.55
12229, -11009.56
12231, -11005.36
12234, -11000.49
12236, -10996.25
12239, -10991.45
12242, -10985.83
12245, -10981.42
12247, -10977.31
12249, -10973.20
12251, -10969.51
12254, -10965.58
12256, -10961.78
12258, -10958.22
12260, -10954.22
12262, -10950.74
12264, -10947.04
12266, -10943.28
12268, -10939.82
12271, -10935.82
12273, -10931.65
12275, -10927.60
12277, -10924.18
12279, -10920.75
12281, -10916.83
12283, -10913.03
12285, -10909.33
12288, -10905.67
12290, -10901.20
12292, -10897.13
12294, -10893.70
12297, -10889.72
12299, -10885.84
12301, -10881.64
12304, -10877.19
12307, -10871.31
12309, -10867.61
12311, -10863.96
12313, -10860.19
12315, -10856.15
12318, -10852.37
12320, -10847.80
12322, -10843.61
12324, -10840.01
12327, -10836.19
12329, -10831.65
12331, -10827.67
12334, -10823.08
12336, -10819.38
12339, -10814.54
12341, -10810.94
12343, -10806.35
12346, -10800.86
12349, -10795.47
12351, -10791.84
12354, -10786.89
12356, -10782.75
12358, -10778.97
12360, -10774.87
12363, -10770.72
12365, -10766.77
12367, -10762.86
12369, -10758.91
12372, -10754.32
12374, -10750.52
12376, -10746.90
12378, -10743.28
12380, -10738.93
12383, -10733.53
12385, -10729.83
12387, -10725.67
12389, -10722.04
12392, -10716.04
12396, -10709.82
12398, -10705.30
12401, -10700.50
12404, -10694.77
12406, -10690.65
12408, -10685.99
12411, -10681.33
12414, -10674.75
12417, -10669.90
12419, -10665.61
12421, -10661.99
12423, -10658.44
12425, -10654.13
12428, -10649.93
12430, -10645.53
12432, -10641.38
12434, -10637.52
12436, -10633.70
12438, -10629.50
12441, -10625.22
12443, -10620.59
12445, -10616.27
12447, -10611.83
12450, -10607.46
12452, -10603.53
12454, -10599.18
12456, -10595.02
12459, -10590.61
12461, -10586.36
12463, -10581.78
12466, -10576.47
12468, -10572.27
12470, -10567.80
12473, -10563.07
12475, -10558.72
12477, -10554.60
12480, -10550.19
12482, -10545.60
12484, -10541.71
12486, -10537.80
12489, -10532.78
12491, -10528.19
12493, -10523.42
12496, -10518.28
12498, -10513.35
12501, -10509.40
12503, -10505.34
12505, -10500.89
12507, -10496.48
12509, -10491.98
12512, -10487.60
12514, -10483.58
12516, -10479.47
12518, -10475.57
12520, -10471.02
12523, -10466.36
12526, -10459.91
12528, -10455.01
12531, -10450.33
12533, -10446.27
12535, -10442.36
12537, -10437.50
12540, -10431.13
12544, -10425.03
12547, -10418.95
12549, -10414.76
12551, -10410.46
12553, -10406.56
12556, -10400.26
12559, -10395.08
12562, -10389.23
12564, -10385.23
12566, -10380.37
12569, -10375.81
12571, -10371.02
12573, -10367.05
12576, -10361.55
12578, -10356.26
12580, -10352.29
12583, -10347.95
12585, -10343.79
12587, -10339.25
12589, -10334.72
12591, -10330.52
12593, -10326.45
12596, -10322.23
12599, -10316.31
12601, -10312.24
12603, -10307.84
12606, -10302.65
12608, -10297.92
12611, -10292.80
12613, -10288.63
12615, -10284.72
12617, -10280.53
12619, -10275.74
12622, -10271.09
12624, -10267.02
12626, -10261.78
12628, -10257.89
12630, -10254.01
12632, -10250.24
12634, -10246.30
12637, -10240.99
12639, -10236.63
12642, -10231.22
12644, -10227.33
12647, -10222.84
12649, -10218.39
12651, -10214.01
12653, -10210.03
12655, -10205.84
12658, -10201.49
12660, -10197.46
12662, -10193.72
12664, -10190.08
12666, -10186.34
12668, -10182.43
12670, -10177.95
12672, -10173.47
12675, -10169.08
12677, -10165.21
12680, -10160.11
12682, -10155.36
12684, -10151.55
12686, -10147.13
12689, -10143.15
12691, -10138.99
12693, -10135.31
12695, -10131.20
12697, -10127.00
12699, -10122.72
12702, -10118.58
12704, -10113.88
12706, -10109.78
12708, -10106.17
12710, -10102.68
12712, -10099.17
12714, -10095.69
12716, -10091.85
12719, -10086.99
12721, -10082.62
12723, -10079.02
12726, -10074.61
12728, -10070.24
12730, -10066.16
12733, -10061.56
12735, -10057.09
12738, -10053.03
12740, -10049.55
12742, -10046.12
12744, -10042.60
12745, -10039.20
12747, -10035.79
12750, -10032.03
12752, -10027.77
12754, -10024.16
12756, -10020.61
12758, -10016.66
12761, -10012.72
12763, -10009.30
12765, -10005.90
12767, -10002.30
12769, -9997.97
12771, -9994.52
12773, -9991.18
12775, -9987.88
12777, -9984.54
12779, -9981.19
12781, -9977.87
12783, -9974.19
12785, -9970.30
12787, -9966.84
12789, -9963.56
12791, -9959.68
12793, -9956.28
12795, -9953.00
12797, -9949.69
12799, -9946.33
12801, -9943.00
12803, -9939.37
12806, -9935.50
12808, -9931.74
12810, -9927.78
12812, -9924.46
12814, -9921.15
12816, -9917.82
12818, -9913.86
12821, -9910.01
12823, -9906.29
12825, -9902.52
12827, -9898.83
12830, -9894.99
12832, -9890.87
12834, -9887.60
12836, -9884.34
12838, -9881.14
12840, -9878.00
12842, -9874.70
12844, -9871.45
12846, -9868.32
12848, -9865.08
12850, -9861.71
12852, -9857.65
12854, -9853.85
12857, -9849.98
12859, -9846.36
12861, -9842.62
12864, -9838.44
12866, -9834.71
12868, -9830.83
12870, -9827.18
12872, -9823.89
12875, -9820.13
12877, -9816.29
12879, -9812.60
12881, -9809.15
12883, -9805.86
12885, -9802.62
12887, -9799.02
12889, -9795.43
12892, -9791.76
12894, -9788.47
12896, -9785.33
12898, -9781.63
12900, -9778.19
12902, -9774.60
12904, -9771.34
12906, -9768.15
12908, -9764.98
12910, -9761.80
12912, -9758.55
12914, -9754.69
12916, -9751.46
12918, -9747.50
12921, -9743.43
12923, -9739.37
12925, -9735.70
12928, -9732.05
12930, -9728.87
12932, -9724.68
12935, -9720.47
12937, -9716.68
12939, -9712.86
12941, -9709.13
12944, -9705.44
12946, -9702.19
12948, -9698.95
12950, -9695.58
12952, -9691.56
12954, -9687.79
12957, -9683.95
12959, -9680.10
12961, -9676.04
12964, -9672.22
12966, -9668.73
12968, -9664.52
12970, -9660.70
12973, -9657.11
12975, -9653.30
12977, -9649.84
12979, -9645.95
12982, -9641.55
12984, -9637.68
12987, -9633.94
12989, -9629.97
12991, -9626.75
12993, -9623.36
12995, -9620.19
12997, -9617.00
12999, -9613.62
13001, -9609.84
13003, -9606.01
13006, -9602.26
13008, -9598.88
13009, -9595.64
13011, -9592.40
13013, -9588.92
13015, -9585.53
13018, -9581.71
13020, -9577.78
13022, -9574.22
13025, -9570.16
13027, -9566.26
13029, -9562.25
13032, -9558.24
13034, -9554.94
13036, -9551.09
13038, -9547.70
13040, -9543.78
13042, -9540.00
13045, -9536.05
13047, -9532.28
13049, -9528.65
13052, -9524.08
13054, -9520.60
13056, -9516.66
13058, -9512.59
13061, -9508.65
13063, -9504.49
13065, -9500.63
13068, -9496.50
13070, -9493.09
13072, -9489.73
13074, -9485.76
13076, -9481.92
13079, -9477.73
13081, -9473.23
13083, -9469.67
13085, -9466.20
13088, -9462.11
13090, -9458.10
13092, -9454.61
13094, -9451.12
13096, -9447.79
13098, -9444.48
13100, -9440.26
13102, -9436.15
13105, -9432.06
13107, -9428.14
13109, -9423.78
13112, -9420.01
13114, -9416.05
13116, -9412.46
13118, -9408.90
13120, -9404.88
13122, -9401.38
13124, -9397.90
13126, -9394.51
13128, -9390.99
13130, -9387.64
13132, -9384.20
13134, -9380.63
13136, -9376.17
13139, -9372.21
13141, -9368.13
13143, -9363.91
13146, -9359.89
13148, -9355.98
13150, -9352.38
13152, -9348.89
13154, -9345.33
13156, -9341.12
13159, -9336.88
13161, -9332.46
13163, -9328.17
13166, -9324.39
13167, -9320.96
13169, -9317.56
13171, -9314.10
13173, -9310.64
13175, -9307.30
13177, -9303.82
13179, -9300.30
13181, -9296.13
13183, -9292.66
13185, -9289.19
13187, -9285.69
13189, -9282.34
13191, -9278.92
13193, -9275.37
13195, -9271.96
13197, -9267.96
13199, -9264.46
13201, -9261.10
13203, -9257.66
13205, -9254.25
13207, -9250.81
13209, -9247.39
13211, -9243.79
13213, -9240.33
13215, -9236.81
13217, -9232.81
13219, -9228.72
13221, -9225.37
13223, -9221.49
13225, -9217.74
13227, -9214.26
13229, -9210.80
13231, -9207.46
13233, -9203.54
13235, -9199.73
13237, -9195.82
13239, -9191.98
13241, -9188.37
13243, -9184.93
13245, -9181.42
13247, -9177.98
13249, -9174.14
13251, -9170.56
13254, -9166.55
13256, -9162.16
13258, -9158.04
13260, -9154.46
13262, -9151.01
13264, -9147.63
13266, -9144.14
13268, -9139.98
13270, -9135.93
13273, -9131.78
13275, -9128.21
13277, -9124.69
13279, -9121.14
13281, -9117.61
13283, -9113.41
13285, -9109.16
13288, -9105.23
13290, -9101.35
13292, -9097.03
13294, -9093.22
13297, -9089.29
13299, -9085.61
13301, -9081.40
13303, -9077.38
13305, -9073.42
13307, -9069.85
13309, -9066.31
13312, -9062.37
13314, -9058.17
13316, -9054.67
13318, -9051.29
13320, -9047.82
13322, -9044.23
13324, -9040.19
13326, -9036.66
13328, -9033.24
13330, -9029.61
13332, -9026.15
13334, -9022.39
13336, -9018.96
13338, -9015.55
13340, -9012.08
13342, -9008.64
13344, -9005.05
13345, -9001.55
13347, -8997.97
13349, -8994.47
13351, -8990.98
13353, -8987.45
13355, -8983.92
13357, -8980.26
13359, -8976.70
13361, -8973.26
13363, -8969.80
13365, -8966.21
13367, -8962.73
13369, -8959.19
13371, -8955.70
13373, -8952.25
13375, -8948.76
13377, -8945.29
13379, -8941.71
13381, -8938.16
13383, -8934.66
13385, -8931.12
13387, -8927.63
13389, -8924.15
13391, -8920.60
13393, -8917.02
13394, -8913.56
13396, -8910.03
13398, -8906.44
13401, -8902.25
13403, -8898.77
13405, -8895.28
13407, -8891.86
13408, -8888.35
13410, -8884.74
13412, -8881.17
13415, -8877.29
13417, -8873.74
13419, -8870.10
13420, -8866.71
13422, -8863.07
13424, -8859.53
13427, -8855.66
13429, -8851.65
13431, -8847.77
13433, -8844.18
13435, -8840.31
13437, -8836.31
13439, -8832.29
13442, -8827.98
13444, -8823.89
13446, -8819.89
13448, -8816.33
13450, -8812.69
13453, -8808.50
13455, -8804.41
13457, -8800.44
13459, -8796.37
13461, -8792.81
13464, -8788.78
13465, -8785.20
13468, -8781.28
13470, -8777.29
13472, -8773.71
13474, -8770.31
13476, -8766.89
13477, -8763.48
13479, -8759.98
13481, -8756.40
13483, -8752.45
13485, -8749.00
13487, -8745.38
13489, -8741.80
13491, -8738.21
13493, -8733.99
13495, -8730.41
13498, -8726.14
13500, -8721.64
13502, -8717.50
13505, -8713.06
13507, -8708.45
13510, -8704.08
13512, -8700.35
13514, -8696.05
13517, -8691.13
13519, -8686.30
13521, -8682.11
13524, -8676.88
13527, -8671.34
13529, -8667.45
13531, -8663.80
13534, -8659.50
13536, -8654.57
13539, -8648.89
13541, -8644.79
13544, -8640.76
13546, -8636.48
13548, -8632.83
13550, -8628.92
13552, -8624.34
13555, -8620.22
13557, -8615.98
13559, -8611.71
13561, -8607.77
13564, -8603.25
13566, -8599.13
13568, -8594.66
13570, -8590.65
13573, -8586.15
13575, -8581.90
13577, -8577.45
13580, -8572.86
13582, -8569.09
13584, -8565.02
13587, -8559.25
13590, -8554.14
13592, -8550.19
13594, -8545.68
13597, -8541.11
13599, -8536.96
13601, -8533.12
13604, -8527.23
13607, -8520.74
13609, -8517.17
13611, -8513.10
13614, -8508.16
13616, -8504.05
13619, -8498.53
13621, -8494.40
13623, -8490.38
13625, -8486.29
13628, -8481.40
13631, -8476.44
13633, -8472.17
13635, -8467.73
13638, -8462.39
13640, -8458.27
13642, -8453.81
13645, -8449.62
13647, -8444.83
13649, -8440.62
13651, -8436.55
13654, -8431.59
13656, -8427.68
13658, -8423.47
13660, -8419.00
13663, -8414.07
13665, -8410.21
13667, -8406.48
13669, -8402.76
13671, -8398.49
13674, -8393.74
13676, -8389.18
13678, -8384.84
13680, -8380.60
13682, -8376.79
13685, -8372.84
13687, -8369.02
13689, -8365.45
13692, -8362.05
13694, -8358.54
13697, -8355.73
13699, -8353.12
13701, -8350.86
13703, -8348.96
13706, -8346.83
13708, -8344.99
13710, -8343.34
13713, -8341.86
13715, -8340.79
13718, -8339.39
13720, -8338.58
13723, -8337.76
13725, -8337.27
13728, -8336.88
13730, -8336.68
13733, -8336.66
13735, -8336.78
13738, -8337.10
13740, -8337.56
13744, -8338.42
13746, -8339.18
13748, -8339.91
13750, -8340.77
13753, -8341.80
13755, -8343.08
13757, -8344.42
13760, -8346.04
13763, -8347.79
13765, -8349.31
13767, -8350.80
13769, -8352.75
13772, -8354.75
13774, -8356.68
13776, -8358.70
13779, -8360.78
13781, -8362.73
13783, -8364.67
13785, -8366.78
13787, -8369.27
13789, -8371.79
13793, -8375.53
13795, -8378.45
13797, -8380.89
13799, -8383.55
13801, -8386.00
13803, -8388.46
13806, -8391.24
13809, -8395.37
13811, -8398.08
13813, -8401.62
13815, -8404.38
13818, -8407.98
13820, -8411.30
13823, -8415.15
13826, -8418.78
13828, -8423.05
13830, -8426.01
13832, -8429.02
13835, -8433.68
13838, -8438.33
13841, -8442.19
13844, -8447.50
13847, -8451.31
13849, -8454.73
13851, -8458.39
13854, -8462.56
13857, -8467.32
13860, -8472.93
13862, -8477.24
13864, -8480.57
13867, -8485.55
13871, -8491.10
13873, -8495.75
13877, -8501.06
13879, -8504.87
13881, -8508.40
13883, -8511.75
13885, -8515.02
13886, -8518.41
13888, -8521.79
13890, -8525.27
13892, -8528.99
13895, -8532.82
13897, -8536.49
13899, -8540.71
13901, -8544.88
13904, -8549.89
13906, -8554.07
13909, -8558.93
13911, -8562.78
13913, -8566.41
13915, -8570.01
13918, -8575.60
13920, -8579.71
13923, -8584.89
13926, -8590.41
13929, -8594.42
13930, -8598.08
13933, -8602.46
13935, -8606.94
13938, -8612.34
13941, -8617.25
13943, -8621.09
13946, -8626.67
13948, -8630.82
13950, -8634.57
13953, -8640.22
13956, -8644.64
13958, -8649.08
13960, -8652.98
13962, -8656.69
13964, -8660.81
13967, -8666.31
13971, -8672.73
13973, -8677.79
13975, -8681.62
13978, -8687.07
13980, -8690.87
13983, -8696.17
13986, -8702.04
13988, -8706.26
13990, -8710.04
13993, -8714.03
13995, -8718.19
13997, -8722.21
13999, -8726.64
14001, -8730.46
14004, -8734.81
14006, -8738.69
14008, -8743.46
14011, -8747.65
14013, -8751.98
14015, -8756.38
14018, -8761.72
14020, -8765.58
14022, -8769.60
14025, -8774.68
14028, -8779.18
14030, -8783.65
14032, -8787.30
14034, -8791.18
14037, -8796.87
14039, -8800.68
14042, -8806.08
14044, -8810.40
14047, -8815.13
14049, -8819.97
14052, -8825.53
14055, -8829.84
14057, -8834.20
14060, -8839.02
14062, -8843.75
14064, -8847.59
14067, -8852.98
14069, -8857.53
14072, -8861.42
14074, -8865.53
14076, -8869.99
14078, -8873.88
14080, -8877.66
14082, -8881.80
14085, -8886.03
14087, -8889.87
14089, -8893.92
14091, -8898.33
14093, -8902.69
14096, -8907.52
14098, -8911.62
14100, -8915.88
14103, -8919.88
14105, -8924.17
14107, -8928.49
14109, -8932.17
14111, -8935.89
14113, -8939.60
14115, -8943.99
14117, -8947.79
14120, -8951.67
14122, -8955.95
14124, -8960.21
14127, -8965.30
14129, -8970.20
14131, -8974.00
14133, -8977.92
14136, -8982.44
14138, -8986.37
14140, -8990.79
14143, -8995.14
14145, -8999.43
14147, -9003.24
14149, -9007.33
14151, -9011.04
14153, -9015.20
14156, -9019.79
14159, -9024.88
14162, -9031.10
14164, -9034.84
14166, -9038.73
14168, -9042.95
14170, -9047.40
14173, -9052.69
14176, -9057.52
14178, -9062.38
14180, -9066.14
14183, -9070.51
14186, -9076.15
14188, -9080.52
14190, -9084.37
14193, -9089.78
14195, -9094.25
14197, -9098.41
14199, -9102.60
14202, -9106.91
14204, -9111.21
14207, -9116.31
14209, -9120.98
14212, -9125.97
14214, -9129.75
14216, -9134.18
14218, -9138.83
14221, -9143.19
14223, -9147.62
14225, -9151.90
14227, -9156.07
14229, -9159.91
14231, -9163.76
14234, -9169.00
14237, -9175.12
14240, -9179.96
14243, -9186.07
14245, -9189.89
14247, -9194.25
14250, -9198.18
14252, -9203.05
14254, -9207.12
14256, -9211.49
14259, -9215.83
14261, -9219.70
14263, -9223.49
14265, -9227.53
14267, -9232.13
14270, -9237.14
14272, -9242.24
14275, -9247.23
14277, -9251.69
14279, -9255.44
14282, -9260.80
14285, -9266.77
14288, -9271.53
14290, -9275.62
14292, -9279.69
14294, -9284.12
14296, -9288.26
14299, -9293.23
14301, -9297.99
14304, -9302.67
14306, -9307.78
14308, -9311.78
14310, -9315.58
14312, -9319.34
14315, -9323.92
14317, -9329.00
14320, -9333.30
14322, -9338.39
14325, -9342.83
14327, -9347.40
14329, -9351.34
14331, -9355.83
14334, -9360.33
14336, -9364.78
14338, -9369.37
14340, -9373.13
14342, -9376.94
14345, -9381.36
14347, -9385.26
14349, -9389.45
14352, -9394.66
14354, -9399.21
14356, -9403.61
14359, -9408.06
14361, -9412.94
14363, -9416.81
14366, -9421.48
14368, -9425.72
14370, -9429.74
14373, -9434.70
14375, -9439.41
14378, -9444.33
14380, -9448.07
14382, -9452.42
14384, -9456.50
14386, -9460.16
14388, -9463.91
14391, -9468.11
14393, -9473.06
14396, -9477.65
14398, -9482.54
14401, -9487.89
14403, -9491.82
14406, -9497.06
14409, -9503.22
14412, -9507.72
14414, -9511.58
14417, -9517.17
14419, -9520.98
14421, -9524.46
14423, -9528.08
14425, -9532.41
14428, -9536.63
14430, -9540.25
14432, -9544.28
14434, -9548.00
14436, -9552.35
14438, -9555.83
14440, -9559.62
14443, -9563.65
14445, -9568.21
14447, -9572.11
14450, -9576.46
14453, -9581.69
14455, -9585.73
14458, -9591.76
14461, -9596.35
14463, -9599.87
14465, -9604.00
14468, -9608.03
14471, -9614.13
14474, -9618.84
14477, -9624.48
14479, -9628.04
14481, -9631.73
14484, -9637.45
14487, -9642.21
14489, -9645.56
14491, -9649.73
14494, -9654.26
14496, -9657.69
14498, -9661.04
14500, -9664.69
14502, -9668.62
14505, -9672.93
14507, -9676.58
14509, -9679.90
14511, -9683.78
14513, -9687.16
14515, -9690.66
14517, -9694.54
14520, -9698.47
14522, -9702.47
14524, -9706.50
14527, -9710.41
14529, -9713.68
14531, -9717.11
14533, -9721.50
14536, -9725.78
14539, -9730.63
14542, -9736.07
14544, -9740.15
14546, -9743.70
14549, -9747.49
14551, -9751.32
14553, -9755.15
14555, -9758.82
14558, -9762.98
14560, -9766.67
14562, -9770.12
14564, -9773.70
14567, -9777.59
14569, -9781.86
14572, -9786.27
14575, -9791.16
14577, -9795.14
14579, -9798.55
14581, -9802.01
14583, -9805.85
14586, -9809.65
14588, -9812.91
14590, -9817.03
14593, -9821.32
14595, -9825.13
14597, -9828.41
14599, -9831.69
14601, -9834.88
14603, -9838.10
14605, -9841.41
14607, -9844.63
14609, -9847.97
14611, -9851.31
14613, -9855.43
14615, -9859.20
14618, -9863.63
14621, -9868.12
14624, -9872.98
14626, -9876.45
14628, -9880.35
14630, -9884.01
14633, -9887.99
14635, -9891.97
14637, -9896.31
14640, -9901.25
14643, -9905.25
14645, -9909.15
14648, -9913.49
14650, -9917.49
14653, -9921.61
14655, -9926.53
14657, -9929.80
14659, -9933.05
14661, -9936.49
14664, -9940.71
14666, -9944.53
14668, -9947.95
14670, -9951.80
14673, -9955.36
14675, -9960.20
14678, -9964.41
14680, -9968.24
14683, -9972.36
14685, -9977.22
14687, -9980.61
14689, -9984.22
14692, -9988.71
14695, -9992.90
14697, -9996.66
14699, -10000.65
14701, -10004.83
14703, -10008.29
14707, -10014.65
14710, -10020.29
14712, -10023.85
14715, -10027.89
14717, -10032.06
14719, -10035.73
14722, -10039.69
14724, -10044.73
14727, -10049.54
14729, -10053.06
14732, -10057.66
14734, -10062.18
14736, -10065.87
14739, -10069.69
14741, -10074.48
14744, -10078.64
14746, -10082.30
14749, -10087.62
14751, -10091.47
14753, -10095.04
14755, -10098.64
14758, -10103.54
14760, -10108.27
14762, -10112.07
14765, -10117.22
14767, -10120.90
14769, -10124.56
14772, -10128.49
14774, -10132.49
14776, -10136.67
14778, -10140.19
14780, -10144.43
14782, -10148.28
14785, -10152.40
14787, -10156.99
14790, -10161.46
14792, -10165.74
14794, -10169.87
14797, -10173.91
14799, -10177.67
14801, -10181.92
14803, -10186.18
14806, -10191.39
14809, -10195.98
14811, -10200.53
14813, -10204.68
14815, -10208.38
14817, -10211.95
14820, -10217.14
14823, -10222.86
14825, -10227.29
14828, -10231.49
14830, -10235.22
14832, -10240.25
14835, -10244.83
14838, -10251.28
14841, -10256.47
14844, -10261.05
14846, -10264.83
14848, -10268.55
14851, -10274.67
14854, -10280.76
14856, -10285.12
14858, -10289.04
14861, -10293.69
14863, -10297.40
14866, -10303.16
14868, -10307.66
14871, -10312.97
14873, -10317.55
14876, -10322.42
14878, -10326.17
14880, -10330.24
14882, -10334.52
14885, -10338.72
14887, -10342.95
14889, -10347.54
14891, -10351.56
14893, -10355.47
14896, -10359.95
14898, -10363.95
14901, -10369.94
14904, -10375.79
14906, -10380.44
14908, -10384.37
14911, -10388.88
14913, -10393.39
14916, -10398.64
14918, -10403.35
14921, -10408.38
14924, -10414.09
14926, -10417.87
14928, -10421.67
14930, -10425.67
14933, -10430.80
14935, -10435.36
14937, -10439.81
14940, -10444.46
14942, -10448.81
14945, -10453.73
14947, -10458.81
14950, -10463.92
14953, -10469.05
14956, -10474.75
14958, -10479.07
14960, -10483.61
14964, -10490.17
14966, -10494.74
14968, -10498.75
14970, -10503.20
14972, -10507.03
14975, -10511.75
14977, -10515.80
14979, -10520.21
14982, -10524.87
14985, -10530.32
14987, -10535.07
14989, -10539.10
14992, -10543.61
14994, -10547.74
14996, -10552.55
14999, -10556.95
15001, -10561.03
15003, -10565.32
15005, -10569.79
15008, -10573.83
15010, -10578.27
15012, -10582.10
15014, -10586.49
15016, -10590.65
15019, -10595.70
15021, -10600.16
15024, -10604.58
15026, -10609.53
15029, -10613.99
15031, -10618.04
15033, -10622.72
15035, -10626.60
15037, -10630.47
15040, -10634.57
15042, -10638.61
15044, -10643.32
15047, -10648.44
15050, -10653.52
15052, -10657.30
15054, -10661.51
15056, -10665.96
15059, -10672.07
15062, -10675.94
15064, -10680.77
15067, -10685.78
15069, -10690.09
15071, -10694.67
15075, -10700.40
15077, -10704.95
15079, -10709.10
15082, -10713.56
15084, -10717.50
15086, -10722.29
15089, -10726.66
15091, -10731.12
15094, -10736.10
15096, -10740.84
15099, -10745.78
15101, -10750.41
15104, -10754.89
15106, -10758.90
15108, -10763.05
15110, -10767.33
15112, -10771.50
15115, -10775.65
15117, -10779.33
15120, -10785.31
15122, -10789.73
15125, -10795.29
15127, -10798.94
15130, -10803.54
15132, -10807.67
15134, -10811.99
15137, -10816.06
15139, -10820.04
15141, -10824.04
15143, -10828.58
15146, -10832.69
15148, -10836.31
15149, -10839.89
15151, -10843.43
15154, -10848.68
15158, -10854.93
15160, -10859.55
15162, -10863.28
15165, -10867.48
15168, -10872.96
15170, -10877.96
15173, -10883.36
15176, -10888.17
15178, -10891.83
15180, -10896.49
15183, -10901.33
15185, -10905.66
15188, -10909.56
15190, -10914.35
15193, -10918.74
15195, -10922.58
15197, -10926.41
15199, -10930.80
15202, -10935.63
15204, -10939.88
15207, -10944.08
15209, -10948.71
15211, -10952.49
15213, -10956.67
15216, -10960.88
15218, -10964.98
15220, -10968.94
15222, -10972.49
15224, -10975.97
15226, -10979.89
15228, -10983.53
15231, -10987.74
15233, -10991.68
15235, -10995.87
15237, -10999.74
15240, -11004.71
15242, -11008.43
15244, -11012.02
15246, -11015.89
15249, -11019.75
15251, -11024.13
15254, -11029.95
15257, -11034.97
15259, -11039.28
15261, -11043.25
15264, -11047.65
15267, -11053.68
15270, -11058.57
15272, -11062.77
15274, -11066.39
15276, -11070.14
15279, -11074.36
15281, -11078.65
15284, -11083.63
15287, -11088.31
15289, -11092.95
15292, -11098.78
15294, -11102.47
15296, -11106.06
15300, -11111.95
15302, -11116.42
15305, -11121.29
15307, -11125.03
15309, -11128.78
15311, -11132.36
15314, -11137.64
15317, -11143.44
15320, -11148.59
15322, -11152.21
15324, -11156.39
15326, -11160.35
15329, -11164.22
15331, -11168.39
15333, -11172.42
15335, -11176.70
15338, -11180.44
15339, -11183.97
15342, -11188.24
15344, -11191.79
15346, -11195.93
15349, -11201.80
15352, -11206.33
15354, -11210.02
15356, -11214.43
15359, -11219.21
15361, -11223.37
15363, -11227.42
15366, -11232.36
15369, -11237.00
15371, -11241.24
15374, -11246.51
15376, -11250.70
15378, -11254.34
15380, -11257.89
15382, -11261.80
15385, -11266.25
15387, -11270.20
15390, -11275.92
15392, -11280.28
15394, -11284.14
15396, -11287.88
15399, -11293.84
15402, -11297.67
15405, -11303.52
15407, -11307.08
15409, -11311.82
15412, -11316.20
15415, -11321.66
15417, -11325.40
15419, -11329.34
15422, -11334.46
15425, -11339.96
15427, -11343.59
15429, -11347.82
15431, -11352.37
15433, -11356.01
15436, -11360.05
15438, -11363.71
15440, -11367.91
15442, -11371.76
15444, -11375.62
15446, -11379.21
15448, -11383.46
15450, -11387.42
15453, -11391.66
15456, -11397.15
15459, -11402.15
15461, -11405.96
15463, -11409.97
15465, -11414.33
15468, -11420.24
15471, -11425.16
15473, -11429.52
15476, -11434.23
15478, -11438.31
15481, -11442.48
15484, -11448.48
15486, -11452.10
15489, -11458.05
15492, -11462.45
15494, -11466.09
15496, -11469.97
15498, -11473.72
15500, -11477.81
15502, -11481.87
15504, -11485.64
15507, -11489.56
15509, -11493.51
15511, -11497.63
15513, -11501.33
15515, -11505.31
15518, -11509.52
15520, -11513.54
15522, -11517.66
15524, -11521.77
15526, -11525.49
15528, -11529.17
15530, -11532.74
15533, -11536.95
15535, -11541.45
15537, -11545.02
15539, -11548.39
15541, -11551.95
15543, -11555.67
15545, -11559.41
15548, -11563.77
15550, -11567.93
15552, -11571.44
15554, -11574.99
15556, -11578.87
15558, -11582.77
15560, -11586.27
15562, -11589.73
15564, -11593.59
15566, -11597.27
15568, -11600.88
15571, -11604.66
15573, -11608.22
15575, -11612.25
15577, -11615.82
15579, -11619.26
15581, -11623.32
15583, -11627.37
15585, -11630.80
15588, -11635.98
15591, -11640.58
15593, -11644.06
15595, -11648.46
15598, -11653.33
15601, -11657.74
15603, -11662.12
15607, -11668.23
15609, -11672.11
15611, -11676.10
15614, -11681.37
15616, -11685.23
15619, -11690.32
15622, -11695.38
15624, -11699.40
15626, -11702.97
15629, -11707.27
15632, -11712.66
15635, -11718.32
15638, -11723.20
15640, -11726.84
15642, -11730.59
15645, -11734.72
15647, -11738.74
15649, -11742.52
15652, -11747.11
15654, -11750.92
15656, -11754.51
15658, -11757.98
15660, -11761.35
15662, -11765.14
15665, -11769.07
15667, -11773.18
15669, -11777.16
15672, -11780.86
15674, -11784.45
15676, -11787.89
15678, -11791.85
15680, -11795.73
15683, -11800.02
15685, -11804.40
15688, -11808.38
15690, -11812.03
15692, -11816.20
15695, -11820.65
15698, -11825.69
15700, -11829.71
15703, -11834.21
15705, -11837.54
15708, -11842.56
15710, -11846.01
15713, -11851.01
15715, -11855.07
15718, -11859.40
15720, -11862.87
15723, -11868.09
15725, -11872.12
15728, -11876.01
15730, -11880.14
15733, -11885.04
15735, -11889.38
15739, -11894.90
15741, -11899.03
15743, -11902.49
15745, -11906.26
15749, -11911.91
15751, -11916.00
15753, -11919.40
15755, -11922.65
15757, -11925.87
15759, -11929.50
15761, -11933.40
15764, -11937.10
15766, -11940.85
15768, -11944.30
15770, -11948.35
15773, -11953.83
15775, -11957.25
15778, -11961.26
15780, -11965.52
15783, -11969.63
15785, -11973.58
15788, -11978.08
15791, -11983.83
15793, -11987.34
15796, -11991.72
15799, -11997.04
15801, -12000.48
15803, -12003.76
15805, -12007.12
15807, -12011.06
15809, -12014.41
15811, -12017.91
15813, -12021.18
15815, -12025.00
15817, -12029.08
15820, -12033.28
15823, -12038.25
15825, -12042.76
15827, -12046.67
15830, -12050.69
15832, -12054.90
15834, -12058.72
15838, -12064.58
15841, -12069.89
15843, -12073.83
15845, -12077.82
15847, -12081.52
15850, -12085.66
15852, -12089.60
15854, -12093.76
15857, -12097.84
15859, -12101.61
15861, -12105.07
15863, -12108.59
15865, -12112.14
15867, -12115.58
15869, -12119.04
15870, -12122.43
15872, -12125.90
15874, -12129.35
15877, -12133.44
15879, -12136.95
15881, -12141.21
15883, -12145.42
15886, -12149.08
15888, -12153.91
15890, -12157.95
15893, -12162.47
15895, -12166.15
15898, -12170.44
15900, -12175.28
15904, -12181.24
15906, -12184.88
15908, -12188.70
15910, -12192.40
15912, -12196.04
15914, -12200.62
15916, -12204.58
15919, -12208.93
15921, -12213.32
15923, -12217.36
15926, -12221.00
15928, -12224.79
15930, -12228.80
15932, -12232.95
15934, -12236.82
15936, -12240.64
15939, -12245.30
15941, -12248.93
15943, -12252.49
15945, -12255.94
15947, -12259.53
15949, -12263.20
15951, -12266.98
15953, -12271.09
15955, -12274.75
15957, -12278.70
15959, -12282.56
15961, -12286.50
15963, -12290.18
15966, -12294.07
15969, -12299.68
15971, -12303.83
15973, -12307.55
15975, -12311.20
15977, -12315.43
15979, -12319.25
15982, -12323.22
15984, -12327.90
15986, -12331.87
15988, -12335.71
15991, -12340.29
15993, -12344.00
15995, -12347.87
15997, -12352.22
16000, -12356.36
16002, -12360.49
16004, -12364.25
16006, -12368.08
16008, -12371.98
16010, -12376.06
16013, -12380.80
16015, -12384.63
16017, -12389.21
16019, -12393.10
16021, -12396.87
16023, -12400.55
16026, -12404.45
16028, -12408.78
16031, -12414.45
16033, -12418.25
16035, -12422.39
16037, -12426.15
16039, -12430.12
16041, -12433.85
16043, -12437.54
16046, -12441.66
16048, -12446.43
16051, -12452.05
16053, -12455.62
16055, -12459.54
16057, -12463.19
16059, -12466.82
16061, -12470.70
16063, -12474.78
16065, -12478.59
16067, -12482.31
16070, -12486.23
16072, -12490.33
16074, -12494.52
16076, -12498.27
16078, -12502.23
16080, -12505.81
16082, -12509.77
16084, -12513.44
16086, -12516.98
16088, -12520.55
16090, -12524.16
16092, -12527.83
16094, -12531.59
16097, -12537.08
16099, -12540.80
16101, -12544.47
16103, -12548.17
16106, -12553.84
16108, -12557.48
16111, -12561.48
16113, -12565.80
16115, -12569.53
16117, -12573.47
16119, -12577.42
16122, -12581.40
16124, -12585.23
16126, -12588.84
16128, -12592.48
16130, -12596.48
16132, -12600.18
16134, -12603.82
16136, -12607.83
16139, -12612.30
16141, -12616.16
16143, -12620.20
16145, -12623.97
16147, -12627.54
16149, -12631.19
16152, -12635.18
16154, -12639.36
16156, -12643.21
16158, -12646.70
16160, -12650.62
16163, -12654.98
16165, -12658.57
16167, -12661.96
16169, -12665.65
16172, -12671.14
16174, -12675.20
16176, -12679.00
16179, -12683.34
16181, -12687.48
16183, -12691.58
16187, -12697.30
16189, -12701.48
16191, -12705.28
16193, -12709.25
16196, -12712.91
16197, -12716.30
16199, -12719.73
16201, -12723.21
16203, -12726.73
16205, -12730.11
16207, -12733.79
16210, -12738.12
16212, -12742.18
16214, -12745.85
16217, -12749.65
16219, -12753.89
16222, -12758.61
16224, -12762.71
16226, -12766.14
16228, -12769.60
16231, -12773.89
16233, -12777.81
16235, -12781.35
16238, -12786.17
16240, -12790.29
16242, -12793.71
16244, -12797.07
16246, -12800.40
16248, -12803.70
16250, -12806.98
16252, -12810.30
16253, -12813.56
16255, -12816.87
16257, -12820.16
16259, -12823.62
16262, -12827.94
16264, -12831.29
16266, -12834.70
16268, -12837.96
16270, -12842.76
16273, -12847.42
16275, -12851.13
16278, -12855.42
16280, -12859.75
16283, -12863.87
16285, -12867.47
16288, -12871.90
16290, -12875.36
16291, -12878.69
16293, -12881.95
16296, -12885.75
16298, -12890.39
16301, -12894.42
16303, -12898.69
16305, -12902.24
16307, -12905.75
16310, -12909.66
16312, -12913.36
16314, -12916.83
16316, -12920.50
16318, -12924.09
16320, -12927.75
16322, -12930.99
16324, -12934.37
16326, -12938.04
16328, -12941.51
16331, -12946.37
16334, -12950.71
16336, -12954.75
16339, -12958.56
16341, -12961.97
16343, -12966.02
16346, -12971.47
16349, -12976.06
16351, -12979.83
16354, -12983.95
16356, -12988.31
16359, -12991.94
16361, -12995.48
16363, -12999.30
16365, -13003.34
16368, -13008.22
16371, -13013.35
16374, -13017.28
16376, -13021.15
16378, -13024.75
16381, -13029.83
16384, -13035.18
16387, -13039.96
16390, -13043.93
16392, -13047.49
16395, -13052.18
16397, -13056.76
16400, -13061.79
16403, -13065.59
16405, -13069.14
16407, -13073.31
16409, -13076.59
16411, -13079.81
16413, -13083.33
16415, -13086.62
16417, -13089.89
16419, -13093.17
16421, -13096.44
16423, -13100.84
16426, -13104.62
16428, -13108.93
16431, -13113.56
16433, -13117.01
16435, -13121.03
16438, -13125.12
16440, -13129.18
16442, -13132.92
16445, -13136.87
16447, -13140.93
16449, -13144.40
16451, -13147.70
16453, -13151.31
16456, -13155.85
16458, -13159.49
16461, -13164.21
16463, -13168.29
16466, -13171.92
16468, -13176.32
16471, -13180.33
16473, -13184.99
16476, -13188.76
16478, -13192.66
16480, -13196.82
16484, -13202.76
16486, -13206.76
16489, -13211.18
16491, -13214.53
16494, -13220.26
16496, -13223.61
16499, -13227.27
16501, -13230.96
16504, -13235.39
16506, -13239.49
16508, -13242.84
16511, -13247.92
16513, -13251.16
16515, -13254.42
16517, -13257.52
16519, -13260.67
16521, -13263.90
16523, -13267.45
16525, -13270.79
16527, -13274.60
16529, -13277.92
16532, -13282.55
16534, -13285.94
16537, -13290.60
16539, -13294.42
16542, -13298.27
16544, -13302.42
16547, -13307.12
16549, -13310.92
16553, -13316.62
16555, -13320.50
16557, -13323.87
16560, -13328.21
16562, -13331.49
16564, -13334.79
16566, -13338.48
16569, -13342.88
16572, -13347.65
16574, -13350.99
16576, -13354.68
16578, -13358.39
16581, -13362.34
16584, -13367.60
16587, -13372.07
16589, -13375.98
16592, -13380.01
16594, -13383.57
16596, -13387.72
16600, -13393.31
16603, -13397.70
16606, -13402.92
16608, -13406.46
16610, -13410.12
16613, -13414.03
16616, -13418.75
16619, -13423.71
16622, -13428.69
16624, -13432.06
16626, -13435.25
16628, -13438.57
16630, -13442.18
16633, -13446.05
16635, -13449.47
16637, -13452.80
16639, -13456.25
16641, -13459.41
16643, -13462.49
16646, -13466.56
16648, -13470.62
16651, -13474.54
16653, -13478.57
16655, -13481.87
16657, -13485.21
16660, -13488.96
16662, -13492.97
16665, -13496.56
16668, -13501.05
16671, -13505.87
16673, -13509.34
16676, -13513.01
16678, -13516.57
16681, -13520.68
16683, -13524.13
16687, -13529.56
16689, -13532.74
16691, -13535.93
16693, -13539.06
16695, -13542.47
16698, -13545.84
16700, -13550.18
16704, -13554.78
16706, -13558.14
16708, -13561.23
16710, -13564.41
16714, -13569.62
16716, -13573.51
16719, -13577.12
16721, -13580.57
16723, -13583.65
16725, -13586.76
16728, -13589.91
16730, -13593.32
16732, -13596.93
16735, -13600.50
16737, -13603.40
16739, -13606.27
16741, -13609.20
16743, -13612.10
16745, -13615.37
16747, -13618.46
16749, -13622.00
16751, -13625.17
16754, -13628.52
16756, -13632.13
16758, -13635.32
16761, -13638.62
16764, -13643.50
16766, -13647.33
16770, -13652.17
16772, -13656.10
16774, -13659.21
16777, -13662.55
16779, -13666.84
16782, -13670.73
16784, -13674.16
16786, -13677.29
16789, -13681.68
16792, -13684.89
16794, -13688.02
16796, -13691.85
16799, -13696.33
16802, -13700.58
16804, -13703.71
16806, -13706.61
16809, -13711.05
16812, -13715.20
16815, -13719.98
16818, -13723.63
16820, -13726.99
16822, -13730.43
16825, -13733.63
16827, -13736.78
16829, -13740.17
16831, -13743.61
16834, -13746.75
16836, -13751.06
16839, -13754.78
16841, -13757.97
16843, -13760.93
16846, -13764.88
16849, -13769.51
16851, -13772.67
16854, -13775.94
16856, -13779.17
16858, -13782.32
16860, -13785.73
16862, -13788.73
16865, -13792.24
16867, -13795.82
16869, -13799.19
16872, -13802.62
16874, -13805.69
16876, -13809.21
16879, -13812.95
16881, -13816.04
16883, -13818.93
16885, -13822.41
16888, -13826.12
16890, -13829.01
16892, -13832.57
16895, -13836.36
16897, -13839.32
16900, -13844.08
16902, -13847.00
16905, -13850.67
16907, -13853.67
16909, -13856.64
16912, -13860.52
16914, -13863.96
16916, -13867.18
16920, -13872.54
16922, -13876.20
16924, -13879.26
16927, -13882.94
16929, -13885.94
16932, -13889.67
16935, -13894.41
16938, -13898.92
16940, -13901.84
16943, -13905.58
16945, -13908.69
16947, -13912.48
16951, -13917.67
16953, -13920.56
16955, -13923.93
16957, -13927.10
16960, -13930.59
16962, -13933.79
16964, -13936.63
16966, -13939.70
16968, -13942.57
16970, -13945.48
16972, -13948.75
16974, -13952.00
16976, -13954.86
16979, -13958.32
16981, -13961.70
16983, -13964.80
16986, -13968.82
16988, -13972.37
16990, -13975.38
16992, -13978.26
16995, -13981.19
16997, -13984.50
17000, -13988.81
17003, -13993.18
17006, -13996.82
17008, -13999.55
17011, -14003.82
17013, -14006.71
17016, -14010.48
17019, -14014.58
17021, -14018.10
17023, -14020.91
17025, -14023.66
17028, -14027.06
17031, -14030.56
17033, -14033.21
17036, -14037.31
17038, -14040.55
17040, -14043.44
17042, -14046.15
17045, -14049.22
17047, -14052.75
17050, -14056.10
17053, -14060.35
17055, -14063.23
17057, -14065.85
17060, -14068.94
17062, -14071.86
17064, -14074.49
17066, -14077.02
17068, -14079.71
17070, -14082.74
17072, -14085.49
17074, -14088.47
17077, -14091.46
17080, -14095.34
17083, -14099.71
17086, -14103.85
17088, -14106.75
17091, -14110.20
17094, -14114.36
17096, -14117.59
17100, -14122.00
17102, -14124.68
17104, -14128.17
17106, -14130.92
17109, -14134.11
17111, -14137.43
17114, -14141.88
17117, -14145.82
17119, -14148.52
17122, -14151.55
17124, -14154.57
17126, -14157.78
17129, -14161.04
17131, -14164.91
17135, -14169.57
17137, -14173.43
17140, -14176.66
17143, -14180.59
17145, -14184.45
17148, -14188.83
17152, -14193.50
17154, -14196.79
17156, -14199.69
17158, -14202.77
17160, -14206.09
17162, -14209.02
17165, -14213.42
17168, -14216.45
17170, -14219.89
17172, -14222.94
17174, -14226.35
17176, -14229.60
17179, -14232.77
17181, -14236.32
17183, -14239.44
17186, -14243.79
17188, -14247.23
17191, -14251.20
17194, -14255.86
17197, -14259.77
17199, -14263.25
17201, -14266.61
17204, -14269.90
17205, -14272.80
17208, -14275.97
17210, -14279.98
17212, -14283.35
17215, -14287.66
17217, -14290.88
17220, -14294.56
17222, -14297.93
17225, -14302.84
17228, -14307.55
17231, -14312.45
17233, -14315.78
17236, -14319.73
17238, -14323.65
17241, -14327.36
17244, -14332.42
17247, -14336.64
17249, -14340.67
17251, -14343.82
17254, -14347.67
17256, -14350.83
17258, -14354.34
17260, -14358.03
17262, -14361.46
17264, -14364.88
17267, -14368.42
17269, -14372.09
17272, -14376.59
17274, -14380.61
17277, -14384.61
17279, -14388.14
17281, -14391.94
17283, -14395.25
17285, -14398.42
17287, -14401.71
17289, -14405.28
17291, -14408.92
17294, -14412.81
17296, -14416.06
17298, -14419.21
17300, -14422.38
17302, -14425.72
17304, -14429.46
17306, -14432.86
17308, -14436.31
17310, -14439.51
17312, -14443.13
17314, -14446.42
17316, -14449.95
17318, -14453.17
17320, -14456.45
17322, -14459.75
17324, -14462.94
17326, -14466.13
17328, -14469.43
17330, -14472.81
17332, -14476.05
17334, -14479.26
17336, -14482.44
17337, -14485.74
17340, -14489.33
17342, -14492.66
17345, -14498.04
17347, -14502.05
17350, -14506.62
17352, -14510.29
17355, -14514.72
17357, -14518.62
17359, -14522.71
17361, -14526.05
17364, -14530.41
17367, -14535.02
17369, -14539.22
17371, -14543.05
17373, -14546.56
17376, -14550.47
17378, -14554.62
17381, -14558.96
17383, -14563.05
17386, -14567.72
17388, -14572.36
17391, -14576.08
17393, -14579.70
17395, -14583.33
17397, -14586.91
17399, -14590.77
17401, -14594.15
17403, -14598.02
17406, -14601.80
17408, -14605.75
17410, -14609.85
17414, -14615.59
17417, -14620.66
17420, -14625.88
17422, -14629.22
17424, -14632.93
17427, -14637.49
17430, -14642.67
17432, -14646.25
17435, -14651.34
17437, -14654.70
17439, -14657.95
17441, -14662.09
17444, -14666.29
17446, -14671.01
17449, -14675.07
17451, -14679.22
17453, -14682.65
17455, -14685.91
17457, -14689.64
17459, -14692.92
17462, -14696.60
17464, -14700.11
17466, -14704.08
17468, -14707.72
17470, -14711.22
17472, -14714.48
17474, -14717.70
17476, -14720.90
17478, -14724.19
17480, -14727.73
17483, -14732.01
17485, -14735.62
17487, -14739.58
17490, -14743.20
17491, -14746.34
17493, -14749.52
17495, -14752.60
17497, -14755.72
17500, -14760.86
17503, -14764.59
17505, -14768.11
17507, -14771.83
17509, -14775.40
17511, -14778.59
17513, -14781.76
17515, -14785.40
17518, -14789.09
17520, -14793.21
17522, -14796.64
17525, -14800.93
17528, -14805.13
17531, -14810.06
17533, -14813.36
17535, -14817.57
17537, -14821.10
17540, -14825.20
17543, -14830.22
17546, -14834.08
17548, -14837.85
17550, -14841.71
17553, -14846.92
17556, -14850.35
17558, -14854.02
17561, -14859.73
17564, -14863.49
17567, -14867.73
17569, -14872.30
17571, -14875.46
17574, -14880.01
17578, -14885.29
17581, -14889.89
17583, -14893.26
17585, -14896.37
17587, -14899.37
17589, -14902.57
17590, -14905.59
17592, -14908.57
17594, -14911.60
17596, -14914.81
17599, -14918.40
17601, -14921.43
17603, -14925.00
17605, -14928.17
17607, -14931.23
17609, -14934.35
17611, -14937.45
17613, -14940.62
17615, -14943.73
17617, -14946.79
17619, -14949.93
17621, -14953.09
17623, -14956.71
17625, -14960.10
17627, -14963.47
17629, -14966.61
17631, -14969.60
17633, -14972.56
17635, -14975.51
17637, -14979.01
17639, -14982.00
17641, -14985.23
17643, -14988.17
17645, -14991.14
17647, -14994.06
17649, -14997.02
17651, -15000.09
17653, -15003.28
17655, -15006.48
17657, -15010.19
17660, -15014.19
17662, -15017.29
17664, -15020.78
17666, -15024.32
17669, -15028.15
17671, -15031.28
17673, -15034.58
17675, -15038.26
17678, -15042.28
17681, -15046.03
17683, -15049.54
17686, -15053.44
17688, -15056.08
17690, -15059.31
17693, -15062.17
17695, -15064.95
17698, -15068.76
17702, -15072.75
17704, -15075.52
17707, -15078.65
17710, -15081.13
17713, -15084.31
17715, -15086.59
17718, -15089.02
17721, -15091.26
17723, -15093.29
17725, -15094.97
17727, -15096.90
17730, -15098.68
17731, -15100.21
17734, -15101.81
17736, -15103.52
17738, -15105.00
17740, -15106.43
17742, -15107.79
17744, -15109.09
17746, -15110.37
17748, -15111.61
17751, -15113.65
17754, -15115.12
17756, -15116.28
17758, -15117.57
17760, -15118.66
17763, -15119.98
17765, -15121.17
17768, -15122.57
17770, -15123.80
17773, -15124.75
17775, -15125.77
17777, -15126.78
17780, -15127.84
17782, -15128.72
17784, -15129.57
17787, -15130.53
17789, -15131.38
17791, -15132.15
17793, -15132.90
17795, -15133.70
17798, -15134.55
17801, -15135.67
17803, -15136.38
17805, -15136.98
17808, -15137.75
17810, -15138.45
17814, -15139.32
17816, -15139.94
17818, -15140.50
17820, -15141.02
17823, -15141.58
17825, -15142.11
17827, -15142.64
17829, -15143.23
17832, -15143.77
17834, -15144.21
17836, -15144.62
17838, -15145.02
17840, -15145.40
17842, -15145.85
17844, -15146.32
17847, -15146.72
17850, -15147.19
17852, -15147.59
17854, -15147.91
17856, -15148.30
17859, -15148.68
17861, -15149.00
17864, -15149.45
17866, -15149.74
17868, -15150.07
17870, -15150.37
17873, -15150.69
17875, -15151.00
17878, -15151.33
17880, -15151.65
17882, -15151.90
17884, -15152.17
17887, -15152.43
17889, -15152.66
17891, -15152.90
17893, -15153.17
17897, -15153.49
17899, -15153.68
17901, -15153.90
17904, -15154.07
17906, -15154.28
17910, -15154.56
17913, -15154.84
17915, -15155.02
17918, -15155.23
17920, -15155.38
17922, -15155.52
17925, -15155.71
17928, -15155.86
17930, -15156.00
17932, -15156.13
17934, -15156.25
17936, -15156.36
17938, -15156.49
17940, -15156.65
17942, -15156.81
17945, -15156.95
17947, -15157.08
17949, -15157.22
17953, -15157.40
17955, -15157.50
17957, -15157.65
17960, -15157.80
17962, -15157.89
17964, -15158.01
17967, -15158.10
17970, -15158.17
17972, -15158.24
17974, -15158.31
17976, -15158.40
17978, -15158.47
17981, -15158.55
17983, -15158.63
17985, -15158.70
17987, -15158.76
17990, -15158.82
17992, -15158.90
17994, -15158.94
17997, -15158.97
18001, -15159.06
18003, -15159.14
18006, -15159.23
18010, -15159.33
18013, -15159.38
18016, -15159.38
18019, -15159.42
18021, -15159.46
18024, -15159.51
18026, -15159.57
18028, -15159.61
18031, -15159.63
18033, -15159.66
18036, -15159.70
18038, -15159.73
18040, -15159.77
18042, -15159.80
18044, -15159.83
18046, -15159.87
18049, -15159.90
18051, -15159.93
18053, -15159.96
18055, -15159.97
18058, -15160.00
18060, -15160.04
18062, -15160.07
18065, -15160.10
18068, -15160.13
18070, -15160.15
18072, -15160.16
18074, -15160.17
18077, -15160.22
18080, -15160.25
18083, -15160.26
18085, -15160.28
18088, -15160.29
18090, -15160.29
18092, -15160.30
18094, -15160.29
18097, -15160.30
18100, -15160.32
18103, -15160.36
18105, -15160.39
18108, -15160.41
18110, -15160.43
18113, -15160.47
18116, -15160.51
18119, -15160.52
18121, -15160.53
18124, -15160.57
18127, -15160.59
18129, -15160.57
18132, -15160.57
18135, -15160.58
18137, -15160.60
18140, -15160.65
18143, -15160.74
18145, -15160.77
18148, -15160.76
18150, -15160.75
18152, -15160.72
18155, -15160.72
18157, -15160.73
18159, -15160.75
18161, -15160.78
18163, -15160.80
18166, -15160.79
18168, -15160.77
18170, -15160.75
18173, -15160.76
18176, -15160.79
18179, -15160.80
18181, -15160.82
18184, -15160.85
18186, -15160.86
18189, -15160.90
18192, -15160.92
18194, -15160.92
18197, -15160.91
18199, -15160.91
18202, -15160.91
18204, -15160.90
18207, -15160.90
18209, -15160.91
18212, -15160.93
18214, -15160.94
18216, -15160.94
18219, -15160.93
18221, -15160.93
18223, -15160.97
18226, -15160.97
18229, -15160.97
18231, -15161.00
18234, -15161.01
18236, -15161.00
18239, -15160.98
18241, -15160.97
18244, -15160.95
18246, -15160.95
18248, -15160.96
18252, -15160.96
18254, -15160.94
18257, -15160.93
18259, -15160.93
18262, -15160.93
18264, -15160.93
18266, -15160.93
18269, -15160.94
18271, -15160.92
18273, -15160.90
18275, -15160.90
18277, -15160.92
18279, -15160.92
18283, -15160.95
18285, -15160.95
18287, -15160.94
18289, -15160.94
18292, -15160.96
18294, -15160.98
18296, -15161.01
18298, -15161.04
18301, -15161.04
18302, -15161.04
18305, -15161.05
18307, -15161.03
18310, -15161.03
18312, -15161.04
18314, -15161.03
18317, -15161.01
18319, -15161.04
18321, -15161.05
18324, -15161.05
18328, -15161.05
18330, -15161.04
18332, -15161.04
18335, -15161.05
18337, -15161.09
18340, -15161.14
18342, -15161.15
18344, -15161.14
18346, -15161.14
18350, -15161.13
18352, -15161.13
18354, -15161.13
18357, -15161.12
18360, -15161.13
18363, -15161.13
18365, -15161.11
18367, -15161.10
18369, -15161.10
18371, -15161.10
18373, -15161.10
18376, -15161.09
18378, -15161.09
18380, -15161.08
18382, -15161.06
18384, -15161.06
18386, -15161.06
18388, -15161.06
18390, -15161.06
18393, -15161.06
18395, -15161.06
18397, -15161.04
18399, -15161.02
18402, -15161.00
18404, -15161.00
18406, -15161.00
18409, -15161.00
18412, -15161.00
18416, -15161.02
18418, -15161.03
18420, -15161.03
18423, -15161.05
18425, -15161.08
18428, -15161.08
18431, -15161.05
18433, -15161.03
18436, -15161.03
18438, -15161.03
18441, -15161.03
18444, -15161.04
18447, -15161.06
18449, -15161.08
18451, -15161.11
18454, -15161.10
18456, -15161.09
18459, -15161.12
18461, -15161.13
18463, -15161.11
18466, -15161.09
18468, -15161.07
18471, -15161.04
18474, -15161.02
18477, -15161.02
18479, -15161.02
18481, -15161.01
18483, -15160.98
18485, -15160.97
18487, -15160.97
18489, -15160.97
18491, -15160.97
18493, -15160.99
18495, -15161.00
18497, -15161.00
18499, -15161.00
18502, -15161.01
18504, -15161.03
18506, -15161.02
18508, -15161.04
18511, -15161.05
18513, -15161.03
18516, -15161.00
18518, -15160.98
18521, -15160.98
18524, -15160.98
18527, -15160.96
18529, -15160.94
18532, -15160.94
18534, -15160.99
18536, -15161.02
18539, -15161.05
18542, -15161.08
18544, -15161.07
18546, -15161.05
18548, -15161.05
18551, -15161.05
18553, -15161.03
18556, -15161.01
18558, -15161.01
18560, -15161.03
18563, -15161.04
18567, -15161.02
18569, -15161.01
18571, -15161.03
18574, -15161.05
18576, -15161.04
18578, -15161.02
18580, -15161.02
18583, -15161.03
18585, -15161.02
18588, -15161.00
18591, -15161.00
18593, -15161.02
18595, -15161.03
18597, -15161.03
18599, -15161.03
18601, -15161.03
18603, -15161.04
18606, -15161.04
18608, -15161.04
18610, -15161.05
18613, -15161.03
18616, -15161.01
18618, -15161.03
18620, -15161.05
18623, -15161.07
18627, -15161.07
18629, -15161.09
18632, -15161.14
18634, -15161.15
18636, -15161.16
18638, -15161.17
18640, -15161.15
18642, -15161.15
18645, -15161.16
18647, -15161.16
18650, -15161.17
18652, -15161.18
18654, -15161.19
18656, -15161.21
18658, -15161.21
18660, -15161.22
18662, -15161.23
18665, -15161.22
18667, -15161.20
18669, -15161.18
18671, -15161.19
18673, -15161.20
18675, -15161.21
18678, -15161.23
18680, -15161.24
18683, -15161.25
18685, -15161.27
18687, -15161.28
18690, -15161.27
18692, -15161.25
18695, -15161.24
18698, -15161.25
18700, -15161.24
18702, -15161.25
18704, -15161.27
18706, -15161.27
18709, -15161.28
18711, -15161.28
18713, -15161.26
18715, -15161.24
18718, -15161.25
18720, -15161.25
18722, -15161.26
18724, -15161.28
18727, -15161.29
18730, -15161.27
18732, -15161.22
18735, -15161.19
18737, -15161.15
18739, -15161.13
18742, -15161.13
18745, -15161.14
18747, -15161.17
18750, -15161.16
18752, -15161.13
18755, -15161.11
18757, -15161.11
18760, -15161.09
18763, -15161.07
18765, -15161.07
18768, -15161.05
18770, -15161.03
18772, -15161.01
18774, -15161.01
18776, -15161.01
18778, -15161.02
18781, -15161.02
18783, -15161.00
18785, -15161.01
18787, -15161.04
18790, -15161.07
18792, -15161.08
18794, -15161.06
18796, -15161.06
18798, -15161.07
18800, -15161.08
18802, -15161.08
18804, -15161.07
18806, -15161.05
18808, -15161.06
18810, -15161.08
18813, -15161.06
18815, -15161.02
18817, -15160.99
18819, -15161.01
18821, -15161.04
18823, -15161.04
18826, -15161.04
18827, -15161.03
18829, -15161.03
18831, -15161.03
18833, -15161.03
18835, -15161.04
18837, -15161.05
18839, -15161.06
18841, -15161.06
18843, -15161.05
18845, -15161.05
18847, -15161.06
18849, -15161.07
18851, -15161.07
18853, -15161.08
18855, -15161.09
18857, -15161.10
18859, -15161.11
18861, -15161.11
18863, -15161.12
18867, -15161.14
18868, -15161.12
18871, -15161.10
18874, -15161.12
18876, -15161.12
18878, -15161.09
18880, -15161.06
18883, -15161.04
18885, -15161.04
18887, -15161.05
18889, -15161.06
18891, -15161.06
18893, -15161.05
18896, -15161.03
18898, -15161.00
18900, -15160.99
18902, -15160.98
18904, -15160.98
18907, -15160.99
18909, -15160.99
18911, -15160.99
18913, -15160.99
18915, -15160.98
18917, -15160.98
18919, -15161.00
18921, -15161.00
18923, -15160.98
18925, -15161.00
18927, -15161.00
18929, -15160.99
18931, -15160.99
18933, -15160.97
18935, -15160.96
18937, -15160.95
18939, -15160.94
18941, -15160.94
18943, -15160.94
18946, -15160.93
18948, -15160.91
18950, -15160.91
18952, -15160.94
18954, -15160.94
18956, -15160.93
18958, -15160.93
18960, -15160.94
18962, -15160.96
18965, -15160.94
18967, -15160.93
18969, -15160.94
18972, -15160.94
18974, -15160.93
18976, -15160.92
18978, -15160.92
18980, -15160.94
18983, -15160.94
18985, -15160.93
18987, -15160.92
18989, -15160.92
18991, -15160.92
18993, -15160.93
18995, -15160.94
18997, -15160.96
19000, -15160.96
19001, -15160.96
19005, -15160.94
19007, -15160.94
19009, -15160.97
19011, -15160.98
19014, -15160.98
19016, -15161.00
19018, -15161.02
19020, -15161.04
19022, -15161.02
19024, -15161.01
19026, -15161.02
19028, -15161.04
19031, -15161.01
19033, -15160.98
19035, -15160.97
19037, -15160.96
19039, -15160.96
19041, -15160.96
19043, -15160.96
19046, -15160.95
19048, -15160.95
19050, -15160.98
19052, -15161.00
19055, -15161.00
19057, -15161.01
19059, -15161.04
19062, -15161.05
19064, -15161.05
19066, -15161.05
19069, -15161.05
19071, -15161.05
19073, -15161.06
19075, -15161.08
19077, -15161.09
19080, -15161.09
19083, -15161.10
19085, -15161.11
19087, -15161.11
19089, -15161.10
19091, -15161.08
19093, -15161.08
19095, -15161.09
19097, -15161.13
19100, -15161.15
19102, -15161.16
19104, -15161.17
19106, -15161.18
19109, -15161.19
19112, -15161.18
19114, -15161.16
19117, -15161.14
19118, -15161.15
19121, -15161.16
19123, -15161.14
19126, -15161.11
19128, -15161.09
19131, -15161.09
19133, -15161.08
19135, -15161.07
19137, -15161.06
19139, -15161.05
19141, -15161.05
19144, -15161.05
19146, -15161.05
19148, -15161.04
19150, -15161.04
19152, -15161.05
19154, -15161.05
19156, -15161.05
19159, -15161.04
19161, -15161.04
19164, -15161.02
19167, -15161.01
19169, -15161.01
19171, -15161.01
19173, -15161.01
19175, -15161.01
19178, -15161.01
19180, -15161.02
19182, -15161.05
19184, -15161.06
19186, -15161.06
19189, -15161.06
19191, -15161.06
19194, -15161.06
19196, -15161.07
19198, -15161.08
19200, -15161.07
19202, -15161.05
19204, -15161.04
19207, -15161.02
19209, -15161.02
19211, -15161.03
19213, -15161.05
19216, -15161.05
19218, -15161.05
19220, -15161.04
19223, -15161.06
19225, -15161.06
19228, -15161.04
19230, -15161.04
19233, -15161.04
19235, -15161.04
19237, -15161.03
19239, -15161.02
19241, -15161.00
19244, -15161.00
19247, -15161.04
19249, -15161.04
19251, -15161.02
19253, -15161.02
19255, -15161.02
19257, -15161.03
19260, -15161.05
19262, -15161.03
19264, -15161.00
19266, -15161.00
19268, -15161.01
19271, -15161.01
19273, -15161.01
19275, -15161.00
19278, -15160.98
19280, -15160.98
19282, -15160.98
19284, -15161.00
19286, -15161.01
19289, -15160.99
19292, -15160.96
19294, -15160.93
19296, -15160.94
19298, -15160.94
19300, -15160.91
19302, -15160.90
19305, -15160.91
19307, -15160.91
19309, -15160.92
19311, -15160.94
19314, -15160.94
19316, -15160.94
19318, -15160.94
19321, -15160.93
19324, -15160.93
19326, -15160.93
19328, -15160.91
19331, -15160.91
19333, -15160.94
19336, -15160.99
19339, -15161.03
19342, -15161.01
19344, -15161.00
19346, -15160.98
19349, -15160.97
19351, -15160.97
19354, -15160.97
19356, -15160.98
19358, -15161.00
19360, -15161.00
19362, -15161.00
19364, -15161.00
19366, -15161.01
19368, -15161.02
19370, -15161.02
19372, -15161.02
19374, -15160.99
19376, -15160.95
19378, -15160.93
19380, -15160.91
19382, -15160.91
19384, -15160.92
19386, -15160.92
19388, -15160.93
19390, -15160.93
19392, -15160.93
19395, -15160.93
19397, -15160.93
19399, -15160.92
19402, -15160.92
19404, -15160.94
19406, -15160.92
19408, -15160.91
19410, -15160.90
19412, -15160.89
19414, -15160.90
19416, -15160.90
19418, -15160.89
19421, -15160.88
19423, -15160.87
19425, -15160.84
19427, -15160.83
19430, -15160.85
19432, -15160.89
19434, -15160.90
19436, -15160.91
19438, -15160.92
19441, -15160.95
19442, -15160.95
19444, -15160.96
19446, -15160.98
19448, -15160.98
19450, -15160.97
19452, -15160.97
19454, -15160.97
19456, -15160.98
19458, -15160.99
19460, -15160.96
19464, -15160.92
19466, -15160.91
19468, -15160.91
19470, -15160.90
19472, -15160.87
19475, -15160.86
19477, -15160.88
19479, -15160.88
19481, -15160.87
19483, -15160.87
19485, -15160.89
19487, -15160.92
19489, -15160.92
19492, -15160.92
19494, -15160.94
19496, -15160.95
19498, -15160.97
19500, -15160.98
19503, -15161.00
19505, -15161.00
19507, -15161.00
19509, -15160.98
19511, -15160.98
19513, -15161.00
19515, -15161.01
19517, -15161.04
19519, -15161.05
19521, -15161.05
19523, -15161.06
19525, -15161.06
19527, -15161.04
19529, -15161.05
19532, -15161.07
19534, -15161.08
19536, -15161.09
19538, -15161.07
19540, -15161.04
19542, -15161.03
19545, -15161.03
19547, -15161.04
19549, -15161.04
19551, -15161.02
19553, -15161.02
19555, -15161.02
19557, -15161.01
19560, -15160.97
19563, -15160.96
19565, -15160.96
19567, -15160.97
19570, -15160.99
19572, -15161.00
19574, -15161.03
19576, -15161.06
19578, -15161.05
19580, -15161.05
19582, -15161.06
19584, -15161.08
19586, -15161.08
19589, -15161.08
19592, -15161.06
19595, -15161.04
19597, -15161.06
19599, -15161.08
19601, -15161.08
19604, -15161.07
19607, -15161.09
19609, -15161.08
19611, -15161.09
19613, -15161.12
19615, -15161.12
19617, -15161.12
19619, -15161.12
19621, -15161.13
19624, -15161.16
19626, -15161.18
19629, -15161.19
19631, -15161.17
19633, -15161.17
19636, -15161.18
19639, -15161.16
19642, -15161.13
19645, -15161.14
19647, -15161.15
19649, -15161.15
19651, -15161.15
19654, -15161.14
19656, -15161.15
19659, -15161.20
19661, -15161.23
19663, -15161.24
19665, -15161.22
19667, -15161.20
19669, -15161.19
19671, -15161.17
19673, -15161.17
19675, -15161.16
19677, -15161.15
19679, -15161.12
19681, -15161.10
19683, -15161.10
19685, -15161.11
19687, -15161.11
19689, -15161.09
19691, -15161.09
19693, -15161.09
19695, -15161.10
19698, -15161.13
19700, -15161.13
19701, -15161.13
19703, -15161.13
19705, -15161.13
19708, -15161.12
19710, -15161.11
19712, -15161.09
19714, -15161.08
19716, -15161.06
19718, -15161.06
19720, -15161.06
19722, -15161.07
19724, -15161.08
19726, -15161.07
19728, -15161.06
19730, -15161.03
19732, -15161.01
19734, -15161.00
19736, -15161.00
19738, -15161.02
19740, -15161.03
19742, -15161.03
19744, -15161.04
19746, -15161.08
19748, -15161.10
19750, -15161.09
19752, -15161.08
19754, -15161.08
19756, -15161.09
19758, -15161.08
19760, -15161.07
19762, -15161.05
19765, -15161.04
19767, -15161.04
19769, -15161.05
19771, -15161.06
19774, -15161.07
19776, -15161.08
19779, -15161.10
19781, -15161.10
19783, -15161.11
19786, -15161.14
19788, -15161.15
19790, -15161.15
19792, -15161.14
19795, -15161.14
19797, -15161.14
19799, -15161.12
19801, -15161.09
19803, -15161.08
19805, -15161.09
19807, -15161.10
19810, -15161.09
19812, -15161.09
19814, -15161.10
19817, -15161.13
19819, -15161.16
19821, -15161.16
19823, -15161.16
19825, -15161.16
19827, -15161.14
19830, -15161.13
19832, -15161.16
19834, -15161.16
19836, -15161.14
19838, -15161.11
19841, -15161.08
19843, -15161.06
19845, -15161.05
19848, -15161.06
19850, -15161.08
19853, -15161.12
19856, -15161.15
19859, -15161.18
19862, -15161.19
19864, -15161.17
19866, -15161.16
19868, -15161.17
19870, -15161.18
19872, -15161.18
19874, -15161.19
19876, -15161.19
19878, -15161.18
19880, -15161.19
19882, -15161.20
19885, -15161.19
19888, -15161.18
19891, -15161.16
19893, -15161.10
19896, -15161.07
19898, -15161.08
19900, -15161.09
19903, -15161.07
19905, -15161.06
19907, -15161.07
19909, -15161.08
19912, -15161.09
19914, -15161.09
19916, -15161.08
19918, -15161.06
19920, -15161.04
19922, -15161.02
19924, -15161.00
19927, -15160.96
19930, -15160.97
19932, -15160.99
19934, -15161.00
19936, -15161.00
19939, -15161.00
19941, -15160.98
19944, -15160.99
19946, -15161.01
19949, -15161.03
19951, -15161.03
19954, -15161.02
19956, -15161.01
19959, -15160.99
19961, -15160.99
19963, -15161.00
19965, -15161.03
19968, -15161.05
19971, -15161.04
19974, -15161.04
19976, -15161.04
19978, -15161.05
19980, -15161.07
19982, -15161.06
19984, -15161.06
19987, -15161.04
19990, -15161.04
19993, -15161.02
19995, -15160.97
19997, -15160.96
19999, -15160.97
20002, -15160.99
20006, -15161.01
20008, -15161.01
20010, -15161.03
20013, -15161.04
20015, -15161.05
20017, -15161.06
20019, -15161.08
20022, -15161.09
20024, -15161.09
20026, -15161.10
20028, -15161.11
20030, -15161.09
20032, -15161.07
20034, -15161.05
20036, -15161.05
20038, -15161.04
20040, -15161.02
20042, -15161.02
20044, -15161.03
20047, -15161.06
20049, -15161.08
20051, -15161.09
20054, -15161.09
20056, -15161.07
20059, -15161.07
20062, -15161.07
20064, -15161.07
20066, -15161.09
20068, -15161.08
20071, -15161.02
20074, -15161.01
20076, -15161.01
20079, -15161.01
20082, -15161.01
20084, -15161.02
20086, -15161.03
20088, -15161.02
20090, -15161.00
20092, -15161.00
20096, -15161.02
20098, -15161.04
20100, -15161.04
20103, -15161.04
20105, -15161.04
20108, -15161.05
20111, -15161.05
20114, -15161.04
20116, -15161.03
20118, -15161.03
20120, -15161.04
20122, -15161.06
20124, -15161.06
20126, -15161.07
20128, -15161.08
20131, -15161.08
20133, -15161.08
20135, -15161.09
20137, -15161.10
20140, -15161.09
20143, -15161.07
20145, -15161.07
20148, -15161.08
20150, -15161.07
20152, -15161.05
20154, -15161.07
20156, -15161.08
20159, -15161.08
20162, -15161.09
20165, -15161.11
20167, -15161.09
20169, -15161.06
20172, -15161.04
20175, -15161.06
20179, -15161.08
20181, -15161.06
20183, -15161.06
20187, -15161.08
20189, -15161.09
20192, -15161.12
20194, -15161.15
20197, -15161.16
20199, -15161.16
20202, -15161.15
20205, -15161.13
20208, -15161.10
20211, -15161.10
20213, -15161.08
20215, -15161.07
20217, -15161.08
20220, -15161.11
20223, -15161.12
20225, -15161.10
20228, -15161.08
20230, -15161.09
20232, -15161.10
20234, -15161.10
20236, -15161.11
20238, -15161.12
20241, -15161.13
20243, -15161.14
20245, -15161.14
20247, -15161.11
20249, -15161.09
20251, -15161.11
20253, -15161.10
20256, -15161.08
20259, -15161.07
20261, -15161.06
20264, -15161.06
20266, -15161.05
20268, -15161.03
20271, -15161.03
20273, -15161.03
20275, -15161.03
20277, -15161.03
20280, -15161.03
20282, -15161.01
20284, -15161.00
20286, -15160.99
20289, -15160.97
20292, -15160.97
20294, -15160.98
20296, -15161.00
20298, -15161.00
20300, -15161.00
20303, -15161.01
20305, -15161.03
20308, -15161.02
20310, -15161.04
20312, -15161.04
20314, -15161.02
20316, -15161.01
20319, -15160.98
20322, -15160.94
20325, -15160.94
20328, -15160.97
20331, -15160.98
20333, -15161.00
20336, -15161.00
20339, -15160.98
20341, -15160.98
20344, -15161.01
20346, -15161.03
20348, -15161.01
20350, -15161.00
20352, -15161.00
20354, -15161.00
20356, -15161.00
20359, -15161.00
20362, -15161.00
20364, -15161.00
20366, -15161.00
20368, -15161.00
20370, -15161.00
20373, -15160.99
20375, -15160.97
20378, -15160.96
20380, -15160.94
20383, -15160.93
20385, -15160.91
20388, -15160.89
20390, -15160.88
20392, -15160.87
20394, -15160.87
20397, -15160.86
20399, -15160.85
20402, -15160.86
20404, -15160.85
20407, -15160.85
20410, -15160.88
20412, -15160.90
20414, -15160.91
20416, -15160.91
20419, -15160.92
20421, -15160.91
20423, -15160.90
20426, -15160.90
20429, -15160.92
20431, -15160.95
20433, -15160.96
20436, -15160.96
20439, -15160.97
20441, -15160.97
20443, -15160.97
20446, -15160.97
20448, -15160.98
20450, -15161.00
20452, -15161.00
20454, -15160.98
20456, -15160.97
20458, -15160.97
20460, -15160.97
20462, -15160.97
20464, -15160.96
20466, -15160.93
20468, -15160.92
20471, -15160.91
20473, -15160.90
20475, -15160.92
20478, -15160.95
20480, -15160.95
20482, -15160.95
20484, -15160.98
20486, -15160.99
20488, -15160.99
20490, -15160.99
20492, -15160.98
20494, -15160.96
20497, -15160.94
20499, -15160.96
20501, -15160.96
20504, -15160.94
20507, -15160.95
20510, -15160.95
20513, -15160.95
20515, -15160.98
20517, -15161.01
20521, -15161.01
20523, -15161.00
20527, -15161.00
20529, -15161.00
20531, -15161.00
20533, -15160.99
20535, -15160.98
20537, -15160.97
20539, -15160.95
20542, -15160.94
20544, -15160.93
20547, -15160.91
20549, -15160.89
20551, -15160.87
20553, -15160.87
20555, -15160.89
20557, -15160.91
20559, -15160.91
20561, -15160.91
20563, -15160.92
20565, -15160.94
20567, -15160.93
20569, -15160.90
20572, -15160.89
20574, -15160.90
20576, -15160.92
20578, -15160.92
20580, -15160.93
20583, -15160.94
20585, -15160.94
20587, -15160.96
20590, -15160.98
20592, -15160.98
20594, -15160.98
20597, -15160.98
20599, -15160.98
20601, -15160.98
20604, -15161.00
20607, -15161.02
20610, -15161.02
20612, -15161.01
20614, -15161.01
20617, -15161.02
20619, -15161.02
20622, -15161.01
20624, -15161.01
20627, -15161.02
20629, -15161.02
20631, -15161.02
20633, -15161.04
20636, -15161.07
20638, -15161.07
20640, -15161.07
20643, -15161.08
20645, -15161.09
20647, -15161.10
20649, -15161.10
20651, -15161.11
20654, -15161.14
20656, -15161.14
20659, -15161.12
20661, -15161.11
20663, -15161.12
20665, -15161.13
20667, -15161.13
20669, -15161.13
20671, -15161.12
20673, -15161.13
20675, -15161.14
20677, -15161.14
20679, -15161.15
20681, -15161.16
20684, -15161.15
20687, -15161.15
20690, -15161.14
20692, -15161.14
20694, -15161.13
20696, -15161.12
20698, -15161.09
20701, -15161.07
20703, -15161.06
20706, -15161.01
20708, -15161.00
20712, -15161.02
20714, -15161.04
20716, -15161.04
20718, -15161.02
20721, -15161.01
20723, -15160.99
20725, -15161.01
20728, -15161.02
20730, -15161.05
20732, -15161.08
20735, -15161.09
20738, -15161.10
20740, -15161.10
20742, -15161.10
20745, -15161.11
20746, -15161.12
20749, -15161.13
20752, -15161.14
20755, -15161.14
20757, -15161.15
20759, -15161.15
20761, -15161.15
20763, -15161.13
20766, -15161.11
20769, -15161.12
20772, -15161.15
20774, -15161.17
20776, -15161.18
20778, -15161.17
20780, -15161.17
20783, -15161.17
20785, -15161.16
20787, -15161.16
20789, -15161.14
20792, -15161.13
20795, -15161.15
20797, -15161.13
20799, -15161.11
20801, -15161.11
20804, -15161.12
20807, -15161.16
20809, -15161.17
20812, -15161.18
20814, -15161.19
20816, -15161.20
20819, -15161.19
20821, -15161.17
20823, -15161.18
20826, -15161.19
20829, -15161.20
20831, -15161.22
20833, -15161.24
20835, -15161.24
20838, -15161.21
20840, -15161.19
20842, -15161.16
20845, -15161.14
20847, -15161.13
20850, -15161.11
20852, -15161.09
20855, -15161.09
20858, -15161.09
20861, -15161.08
20863, -15161.07
20866, -15161.07
20868, -15161.07
20870, -15161.06
20873, -15161.08
20875, -15161.09
20878, -15161.12
20880, -15161.13
20883, -15161.13
20885, -15161.12
20887, -15161.12
20889, -15161.12
20892, -15161.12
20894, -15161.13
20896, -15161.13
20898, -15161.12
20900, -15161.10
20902, -15161.11
20904, -15161.12
20907, -15161.12
20909, -15161.12
20911, -15161.11
20914, -15161.11
20916, -15161.09
20919, -15161.05
20921, -15161.05
20923, -15161.08
20926, -15161.09
20928, -15161.09
20930, -15161.07
20933, -15161.04
20935, -15161.03
20937, -15161.03
20939, -15161.02
20941, -15161.03
20944, -15161.06
20946, -15161.05
20948, -15161.04
20951, -15161.04
20953, -15161.05
20955, -15161.05
20959, -15161.07
20961, -15161.08
20963, -15161.07
20966, -15161.05
20968, -15161.06
20970, -15161.08
20972, -15161.09
20974, -15161.11
20977, -15161.12
20979, -15161.12
20981, -15161.13
20983, -15161.15
20985, -15161.17
20987, -15161.19
20990, -15161.20
20993, -15161.22
20995, -15161.22
20998, -15161.22
21000, -15161.20
21002, -15161.16
21004, -15161.14
21006, -15161.12
21008, -15161.14
21010, -15161.17
21012, -15161.16
21014, -15161.17
21017, -15161.18
21019, -15161.16
21022, -15161.14
21025, -15161.13
21027, -15161.14
21029, -15161.15
21031, -15161.14
21033, -15161.12
21036, -15161.11
21039, -15161.10
21041, -15161.08
21043, -15161.08
21046, -15161.07
21047, -15161.07
21050, -15161.06
21053, -15161.03
21056, -15161.05
21059, -15161.05
21061, -15161.04
21063, -15161.02
21066, -15160.98
21069, -15160.98
21071, -15161.01
21073, -15161.04
21075, -15161.06
21077, -15161.09
21079, -15161.08
21081, -15161.07
21085, -15161.06
21087, -15161.05
21090, -15161.03
21092, -15161.04
21094, -15161.04
21096, -15161.03
21098, -15161.03
21100, -15161.03
21102, -15161.03
21104, -15161.04
21106, -15161.06
21108, -15161.07
21111, -15161.07
21113, -15161.08
21115, -15161.10
21117, -15161.12
21120, -15161.11
21122, -15161.12
21124, -15161.13
21127, -15161.13
21129, -15161.14
21131, -15161.15
21134, -15161.17
21138, -15161.18
21141, -15161.15
21144, -15161.15
21146, -15161.16
21149, -15161.17
21151, -15161.18
21154, -15161.16
21156, -15161.12
21159, -15161.09
21161, -15161.09
21164, -15161.08
21166, -15161.07
21168, -15161.05
21170, -15161.04
21173, -15161.03
21175, -15161.05
21178, -15161.06
21180, -15161.06
21183, -15161.08
21185, -15161.11
21188, -15161.10
21190, -15161.07
21192, -15161.05
21195, -15161.05
21197, -15161.05
21200, -15161.07
21202, -15161.09
21204, -15161.11
21207, -15161.14
21209, -15161.16
21211, -15161.17
21213, -15161.17
21215, -15161.15
21217, -15161.15
21220, -15161.17
21222, -15161.17
21224, -15161.17
21227, -15161.17
21229, -15161.17
21231, -15161.18
21234, -15161.21
21236, -15161.23
21239, -15161.24
21242, -15161.21
21245, -15161.22
21247, -15161.23
21249, -15161.20
21251, -15161.16
21254, -15161.12
21256, -15161.10
21260, -15161.12
21262, -15161.14
21265, -15161.15
21267, -15161.14
21270, -15161.10
21272, -15161.09
21275, -15161.11
21277, -15161.13
21279, -15161.17
21282, -15161.18
21284, -15161.19
21286, -15161.20
21288, -15161.19
21291, -15161.18
21293, -15161.18
21295, -15161.18
21297, -15161.17
21299, -15161.17
21301, -15161.15
21304, -15161.15
21306, -15161.16
21309, -15161.13
21311, -15161.13
21313, -15161.15
21315, -15161.17
21317, -15161.18
21319, -15161.19
21321, -15161.21
21323, -15161.20
21326, -15161.20
21328, -15161.21
21330, -15161.21
21332, -15161.22
21335, -15161.21
21337, -15161.20
21340, -15161.21
21342, -15161.22
21345, -15161.22
21347, -15161.22
21350, -15161.24
21352, -15161.23
21355, -15161.24
21358, -15161.25
21360, -15161.22
21362, -15161.22
21364, -15161.21
21366, -15161.20
21368, -15161.19
21371, -15161.19
21374, -15161.20
21376, -15161.21
21378, -15161.20
21381, -15161.20
21383, -15161.18
21385, -15161.14
21387, -15161.12
21390, -15161.12
21392, -15161.12
21394, -15161.14
21396, -15161.15
21398, -15161.13
21400, -15161.14
21402, -15161.14
21405, -15161.12
21407, -15161.12
21409, -15161.12
21411, -15161.11
21413, -15161.11
21415, -15161.11
21418, -15161.10
21420, -15161.10
21423, -15161.08
21425, -15161.07
21427, -15161.06
21430, -15161.05
21432, -15161.03
21434, -15161.00
21436, -15160.97
21439, -15160.98
21441, -15160.99
21443, -15160.99
21445, -15160.98
21447, -15160.98
21449, -15160.99
21452, -15161.01
21455, -15161.01
21458, -15161.01
21460, -15161.01
21462, -15161.01
21464, -15161.02
21466, -15161.02
21469, -15161.00
21472, -15161.00
21474, -15160.99
21477, -15160.99
21479, -15161.02
21481, -15161.04
21485, -15161.01
21488, -15160.98
21490, -15160.98
21492, -15160.99
21494, -15160.98
21497, -15160.97
21499, -15160.98
21501, -15161.01
21503, -15161.01
21505, -15161.00
21507, -15161.00
21509, -15161.00
21511, -15161.00
21513, -15161.00
21516, -15161.00
21518, -15160.98
21520, -15160.97
21522, -15160.97
21524, -15160.97
21526, -15160.97
21528, -15160.94
21531, -15160.90
21533, -15160.90
21536, -15160.93
21538, -15160.94
21540, -15160.97
21542, -15160.99
21544, -15161.00
21546, -15161.02
21549, -15161.03
21551, -15161.03
21553, -15161.03
21555, -15161.03
21557, -15161.01
21559, -15161.00
21561, -15161.01
21563, -15161.03
21566, -15161.04
21568, -15161.06
21571, -15161.08
21573, -15161.08
21575, -15161.09
21577, -15161.09
21579, -15161.06
21581, -15161.05
21584, -15161.06
21586, -15161.08
21588, -15161.07
21590, -15161.07
21593, -15161.06
21595, -15161.05
21597, -15161.07
21600, -15161.06
21602, -15161.06
21605, -15161.04
21608, -15161.01
21610, -15160.99
21612, -15160.99
21614, -15160.99
21616, -15160.99
21619, -15161.01
21620, -15161.03
21623, -15161.04
21625, -15161.06
21627, -15161.08
21629, -15161.10
21631, -15161.10
21634, -15161.10
21637, -15161.11
21640, -15161.10
21642, -15161.08
21644, -15161.08
21646, -15161.10
21648, -15161.14
21650, -15161.15
21652, -15161.14
21654, -15161.14
21656, -15161.12
21658, -15161.11
21660, -15161.09
21662, -15161.08
21664, -15161.08
21667, -15161.07
21669, -15161.07
21671, -15161.07
21673, -15161.06
21676, -15161.04
21678, -15161.04
21680, -15161.03
21682, -15161.05
21684, -15161.07
21687, -15161.08
21689, -15161.07
21691, -15161.04
21693, -15161.02
21695, -15161.01
21697, -15160.98
21700, -15160.95
21703, -15160.91
21705, -15160.93
21707, -15160.96
21709, -15160.96
21712, -15160.96
21714, -15160.94
21715, -15160.91
21718, -15160.91
21720, -15160.92
21722, -15160.92
21725, -15160.92
21727, -15160.94
21729, -15160.96
21731, -15161.01
21734, -15161.05
21736, -15161.07
21739, -15161.07
21741, -15161.05
21743, -15161.06
21745, -15161.08
21748, -15161.10
21751, -15161.11
21754, -15161.10
21756, -15161.08
21759, -15161.08
21761, -15161.07
21763, -15161.08
21765, -15161.08
21767, -15161.07
21769, -15161.08
21771, -15161.09
21773, -15161.08
21775, -15161.08
21777, -15161.07
21779, -15161.07
21781, -15161.08
21783, -15161.09
21785, -15161.10
21787, -15161.10
21790, -15161.08
21792, -15161.05
21794, -15161.07
21796, -15161.08
21798, -15161.07
21800, -15161.09
21802, -15161.07
21805, -15161.04
21807, -15161.02
21809, -15161.01
21811, -15161.01
21813, -15161.02
21816, -15161.02
21818, -15161.02
21820, -15161.02
21822, -15161.03
21824, -15161.05
21826, -15161.06
21828, -15161.06
21829, -15161.06
21831, -15161.05
21833, -15161.02
21835, -15161.02
21838, -15161.02
21840, -15161.02
21842, -15161.04
21844, -15161.07
21846, -15161.07
21848, -15161.04
21850, -15161.02
21852, -15161.02
21856, -15161.02
21858, -15161.02
21860, -15161.01
21862, -15160.99
21864, -15160.99
21867, -15160.99
21869, -15161.00
21871, -15161.02
21873, -15161.06
21876, -15161.07
21878, -15161.06
21880, -15161.04
21883, -15161.06
21886, -15161.05
21888, -15161.05
21890, -15161.06
21892, -15161.06
21894, -15161.05
21897, -15161.03
21899, -15161.03
21901, -15161.04
21903, -15161.08
21906, -15161.07
21908, -15161.06
21910, -15161.05
21912, -15161.07
21914, -15161.08
21916, -15161.08
21918, -15161.07
21920, -15161.08
21922, -15161.08
21925, -15161.08
21927, -15161.09
21929, -15161.09
21932, -15161.06
21934, -15161.05
21936, -15161.05
21938, -15161.03
21940, -15161.02
21943, -15161.00
21945, -15160.99
21947, -15160.99
21949, -15160.99
21951, -15160.99
21953, -15160.99
21955, -15160.99
21958, -15160.99
21960, -15160.98
21962, -15160.96
21964, -15160.98
21966, -15160.99
21968, -15160.99
21970, -15160.98
21972, -15160.98
21974, -15161.01
21976, -15161.01
21979, -15160.98
21981, -15160.97
21983, -15160.95
21985, -15160.94
21986, -15160.93
21988, -15160.92
21990, -15160.94
21992, -15160.94
21994, -15160.93
21996, -15160.93
21998, -15160.93
22000, -15160.93
22002, -15160.92
22004, -15160.91
22006, -15160.92
22008, -15160.92
22010, -15160.92
22012, -15160.91
22014, -15160.91
22016, -15160.94
22019, -15160.95
22021, -15160.96
22023, -15160.97
22024, -15160.98
22026, -15160.97
22028, -15160.96
22030, -15160.96
22032, -15160.97
22034, -15160.99
22036, -15160.99
22038, -15160.99
22040, -15160.99
22042, -15160.99
22044, -15160.98
22046, -15160.98
22048, -15160.99
22050, -15160.99
22052, -15161.00
22054, -15161.03
22056, -15161.04
22058, -15161.03
22060, -15161.00
22062, -15161.00
22064, -15161.01
22066, -15161.03
22068, -15161.04
22071, -15161.04
22073, -15161.05
22075, -15161.07
22077, -15161.06
22079, -15161.06
22081, -15161.06
22083, -15161.05
22085, -15161.05
22087, -15161.04
22089, -15161.03
22091, -15161.02
22093, -15160.99
22095, -15160.98
22097, -15160.99
22099, -15161.00
22101, -15161.00
22103, -15161.02
22106, -15161.03
22108, -15161.04
22110, -15161.07
22112, -15161.08
22114, -15161.09
22116, -15161.08
22118, -15161.07
22120, -15161.08
22122, -15161.08
22125, -15161.06
22127, -15161.05
22129, -15161.03
22131, -15161.05
22133, -15161.07
22135, -15161.07
22138, -15161.03
22140, -15161.03
22142, -15161.03
22144, -15161.02
22146, -15161.02
22148, -15161.02
22151, -15161.02
22155, -15161.05
22157, -15161.08
22159, -15161.09
22161, -15161.09
22163, -15161.09
22166, -15161.10
22168, -15161.10
22170, -15161.08
22172, -15161.08
22175, -15161.11
22177, -15161.13
22179, -15161.13
22181, -15161.12
22183, -15161.13
22186, -15161.13
22188, -15161.13
22190, -15161.14
22192, -15161.15
22194, -15161.13
22196, -15161.11
22198, -15161.10
22200, -15161.13
22202, -15161.14
22204, -15161.12
22206, -15161.11
22208, -15161.10
22210, -15161.11
22213, -15161.12
22215, -15161.13
22217, -15161.15
22219, -15161.15
22222, -15161.17
22225, -15161.18
22227, -15161.20
22229, -15161.20
22231, -15161.20
22233, -15161.19
22235, -15161.20
22238, -15161.21
22240, -15161.20
22242, -15161.18
22244, -15161.16
22247, -15161.15
22249, -15161.13
22251, -15161.13
22253, -15161.11
22255, -15161.08
22257, -15161.06
22259, -15161.08
22263, -15161.09
22265, -15161.09
22267, -15161.10
22269, -15161.12
22271, -15161.10
22274, -15161.10
22276, -15161.13
22278, -15161.17
22280, -15161.18
22282, -15161.17
22285, -15161.15
22287, -15161.14
22289, -15161.13
22291, -15161.14
22293, -15161.15
22295, -15161.16
22297, -15161.17
22299, -15161.18
22301, -15161.19
22303, -15161.19
22305, -15161.20
22308, -15161.19
22310, -15161.19
22312, -15161.19
22314, -15161.17
22316, -15161.15
22318, -15161.15
22321, -15161.16
22323, -15161.16
22326, -15161.14
22328, -15161.12
22330, -15161.12
22333, -15161.12
22335, -15161.12
22337, -15161.10
22339, -15161.07
22341, -15161.06
22343, -15161.05
22345, -15161.05
22348, -15161.07
22350, -15161.07
22352, -15161.07
22355, -15161.10
22357, -15161.12
22359, -15161.13
22361, -15161.12
22363, -15161.10
22365, -15161.10
22368, -15161.08
22370, -15161.06
22373, -15161.06
22375, -15161.06
22377, -15161.05
22379, -15161.05
22381, -15161.05
22384, -15161.05
22387, -15161.05
22389, -15161.04
22392, -15161.02
22394, -15161.00
22396, -15160.99
22399, -15161.00
22401, -15161.02
22404, -15161.04
22406, -15161.05
22409, -15161.05
22410, -15161.03
22412, -15161.02
22414, -15161.00
22416, -15160.97
22418, -15160.97
22421, -15160.97
22423, -15160.96
22425, -15160.95
22427, -15160.95
22429, -15160.95
22431, -15160.94
22434, -15160.94
22436, -15160.96
22439, -15160.96
22441, -15160.97
22443, -15160.98
22445, -15160.98
22448, -15161.00
22450, -15161.01
22452, -15161.00
22455, -15160.95
22457, -15160.92
22459, -15160.93
22461, -15160.93
22463, -15160.94
22465, -15160.97
22467, -15160.98
22470, -15160.98
22472, -15160.97
22474, -15160.96
22476, -15160.97
22478, -15161.00
22481, -15161.02
22483, -15161.02
22485, -15161.02
22488, -15161.01
22490, -15161.01
22492, -15161.00
22494, -15160.99
22496, -15160.99
22498, -15160.99
22500, -15160.99
22502, -15160.99
22504, -15160.99
22506, -15160.99
22508, -15160.99
22510, -15161.00
22512, -15161.01
22514, -15161.01
22516, -15161.03
22518, -15161.04
22520, -15161.04
22522, -15161.02
22524, -15161.02
22526, -15161.05
22528, -15161.06
22530, -15161.06
22532, -15161.06
22534, -15161.04
22536, -15161.02
22538, -15161.00
22540, -15161.00
22542, -15161.00
22544, -15161.01
22546, -15161.01
22548, -15161.01
22550, -15161.01
22551, -15161.02
22553, -15161.02
22555, -15160.99
22557, -15160.98
22559, -15160.98
22561, -15160.98
22563, -15160.98
22565, -15160.98
22567, -15161.00
22569, -15161.00
22571, -15160.98
22572, -15161.00
22575, -15161.02
22577, -15161.02
22579, -15161.01
22581, -15161.01
22583, -15161.02
22585, -15161.03
22587, -15161.03
22590, -15161.03
22592, -15161.03
22594, -15161.02
22596, -15160.99
22598, -15160.98
22600, -15160.98
22603, -15160.98
22605, -15160.98
22607, -15160.98
22609, -15160.98
22611, -15160.98
22614, -15160.96
22617, -15160.95
22619, -15160.96
22622, -15161.00
22624, -15161.02
22626, -15161.00
22628, -15160.98
22630, -15160.98
22633, -15161.01
22635, -15161.02
22638, -15161.00
22640, -15160.98
22643, -15161.00
22645, -15161.00
22647, -15160.99
22649, -15161.00
22651, -15161.01
22653, -15161.01
22655, -15161.01
22658, -15161.01
22660, -15160.98
22662, -15160.95
22664, -15160.94
22666, -15160.93
22668, -15160.94
22671, -15160.96
22673, -15160.96
22675, -15160.95
22677, -15160.94
22679, -15160.95
22681, -15160.96
22683, -15160.96
22685, -15160.97
22687, -15160.97
22689, -15160.98
22691, -15160.98
22693, -15160.96
22695, -15160.93
22697, -15160.93
22701, -15160.95
22704, -15160.96
22707, -15160.96
22709, -15160.98
22711, -15161.01
22713, -15161.01
22716, -15160.99
22719, -15160.99
22722, -15161.01
22724, -15161.01
22726, -15161.02
22728, -15161.04
22730, -15161.03
22733, -15161.02
22735, -15160.99
22737, -15160.99
22740, -15161.02
22742, -15161.02
22744, -15161.01
22745, -15160.99
22748, -15160.98
22750, -15160.99
22752, -15161.01
22754, -15161.02
22756, -15161.03
22758, -15161.03
22760, -15161.03
22762, -15161.04
22764, -15161.06
22766, -15161.07
22769, -15161.09
22771, -15161.11
22773, -15161.13
22775, -15161.14
22777, -15161.11
22779, -15161.09
22782, -15161.08
22784, -15161.05
22786, -15161.05
22788, -15161.05
22790, -15161.04
22792, -15161.05
22794, -15161.06
22796, -15161.04
22798, -15161.03
22800, -15161.04
22803, -15161.03
22805, -15161.00
22807, -15161.00
22808, -15161.01
22810, -15161.03
22812, -15161.04
22815, -15161.05
22817, -15161.05
22819, -15161.05
22822, -15161.05
22824, -15161.06
22826, -15161.07
22828, -15161.07
22830, -15161.07
22833, -15161.06
22836, -15161.06
22838, -15161.07
22841, -15161.07
22843, -15161.03
22845, -15160.99
22847, -15160.99
22851, -15160.99
22853, -15160.96
22855, -15160.95
22857, -15160.94
22859, -15160.93
22861, -15160.93
22863, -15160.92
22866, -15160.91
22868, -15160.91
22870, -15160.91
22872, -15160.90
22874, -15160.89
22876, -15160.91
22878, -15160.92
22880, -15160.93
22883, -15160.94
22885, -15160.96
22887, -15160.96
22889, -15160.97
22891, -15161.00
22893, -15161.01
22895, -15161.00
22897, -15160.98
22899, -15160.99
22902, -15160.99
22904, -15161.00
22906, -15161.01
22908, -15161.02
22910, -15161.04
22912, -15161.03
22914, -15161.02
22916, -15161.01
22918, -15161.01
22921, -15161.01
22923, -15161.01
22925, -15161.01
22927, -15161.01
22929, -15161.00
22931, -15160.97
22933, -15160.97
22935, -15161.00
22937, -15161.01
22940, -15161.03
22942, -15161.03
22944, -15161.01
22946, -15161.00
22948, -15161.00
22950, -15161.01
22952, -15161.00
22955, -15160.98
22957, -15160.98
22961, -15160.98
22963, -15160.98
22966, -15161.00
22968, -15161.01
22970, -15161.00
22972, -15160.99
22975, -15160.99
22977, -15160.99
22979, -15161.00
22981, -15161.01
22983, -15161.03
22985, -15161.04
22987, -15161.02
22989, -15161.00
22991, -15160.99
22993, -15160.97
22996, -15160.95
22998, -15160.94
23000, -15160.94
23002, -15160.94
23004, -15160.93
23006, -15160.92
23008, -15160.92
23010, -15160.92
23013, -15160.94
23015, -15160.95
23017, -15160.95
23019, -15160.94
23021, -15160.92
23023, -15160.92
23025, -15160.92
23027, -15160.91
23029, -15160.91
23031, -15160.93
23034, -15160.95
23038, -15160.93
23040, -15160.91
23042, -15160.91
23045, -15160.91
23047, -15160.90
23049, -15160.90
23052, -15160.89
23054, -15160.87
23056, -15160.84
23058, -15160.83
23060, -15160.85
23062, -15160.87
23065, -15160.87
23068, -15160.90
23070, -15160.92
23072, -15160.93
23075, -15160.96
23077, -15160.98
23079, -15160.98
23081, -15160.98
23083, -15160.98
23085, -15160.98
23087, -15160.97
23089, -15160.95
23091, -15160.96
23093, -15160.96
23095, -15160.97
23097, -15160.98
23099, -15160.98
23101, -15160.97
23103, -15160.96
23105, -15160.97
23107, -15160.99
23109, -15160.98
23111, -15160.95
23113, -15160.95
23116, -15160.97
23118, -15160.97
23120, -15160.97
23122, -15160.97
23124, -15160.97
23126, -15160.96
23129, -15160.95
23131, -15160.93
23133, -15160.91
23136, -15160.89
23138, -15160.88
23140, -15160.87
23142, -15160.88
23145, -15160.90
23147, -15160.93
23149, -15160.94
23152, -15160.93
23155, -15160.91
23157, -15160.92
23159, -15160.92
23162, -15160.92
23164, -15160.92
23167, -15160.91
23169, -15160.90
23172, -15160.90
23173, -15160.90
23176, -15160.91
23179, -15160.91
23181, -15160.91
23183, -15160.92
23185, -15160.90
23187, -15160.89
23190, -15160.88
23192, -15160.86
23194, -15160.85
23196, -15160.84
23198, -15160.84
23200, -15160.86
23203, -15160.88
23205, -15160.89
23207, -15160.90
23209, -15160.89
23211, -15160.88
23213, -15160.89
23215, -15160.92
23217, -15160.94
23219, -15160.94
23221, -15160.96
23223, -15160.97
23225, -15160.98
23227, -15161.01
23230, -15161.05
23232, -15161.09
23234, -15161.11
23236, -15161.14
23239, -15161.15
23241, -15161.15
23243, -15161.14
23245, -15161.12
23247, -15161.10
23249, -15161.08
23251, -15161.08
23253, -15161.08
23256, -15161.08
23258, -15161.09
23260, -15161.10
23263, -15161.10
23265, -15161.09
23267, -15161.08
23269, -15161.06
23272, -15161.08
23274, -15161.07
23276, -15161.06
23279, -15161.06
23281, -15161.05
23283, -15161.05
23286, -15161.05
23288, -15161.05
23290, -15161.06
23293, -15161.09
23295, -15161.09
23297, -15161.09
23299, -15161.10
23301, -15161.10
23303, -15161.10
23306, -15161.08
23308, -15161.09
23310, -15161.10
23312, -15161.09
23314, -15161.10
23316, -15161.11
23318, -15161.12
23320, -15161.11
23322, -15161.11
23324, -15161.10
23327, -15161.11
23329, -15161.14
23331, -15161.13
23333, -15161.13
23335, -15161.13
23337, -15161.12
23340, -15161.11
23342, -15161.10
23344, -15161.10
23346, -15161.10
23348, -15161.09
23350, -15161.11
23352, -15161.13
23355, -15161.11
23357, -15161.09
23359, -15161.09
23361, -15161.09
23363, -15161.10
23366, -15161.13
23369, -15161.14
23371, -15161.15
23373, -15161.17
23376, -15161.17
23378, -15161.15
23380, -15161.15
23382, -15161.14
23385, -15161.14
23387, -15161.12
23389, -15161.11
23391, -15161.12
23393, -15161.13
23396, -15161.12
23398, -15161.11
23401, -15161.08
23404, -15161.09
23406, -15161.09
23408, -15161.06
23410, -15161.06
23412, -15161.07
23414, -15161.07
23416, -15161.07
23418, -15161.07
23420, -15161.08
23422, -15161.10
23424, -15161.11
23426, -15161.11
23429, -15161.11
23431, -15161.10
23433, -15161.12
23435, -15161.12
23437, -15161.11
23439, -15161.11
23441, -15161.12
23444, -15161.10
23446, -15161.10
23448, -15161.09
23450, -15161.08
23452, -15161.09
23454, -15161.09
23456, -15161.07
23458, -15161.10
23461, -15161.14
23463, -15161.15
23465, -15161.16
23467, -15161.17
23470, -15161.15
23472, -15161.12
23474, -15161.12
23476, -15161.11
23478, -15161.10
23481, -15161.11
23484, -15161.13
23487, -15161.12
23489, -15161.13
23491, -15161.16
23494, -15161.15
23497, -15161.13
23499, -15161.14
23502, -15161.15
23504, -15161.15
23506, -15161.14
23509, -15161.13
23511, -15161.11
23513, -15161.09
23516, -15161.09
23518, -15161.10
23521, -15161.11
23523, -15161.13
23525, -15161.14
23527, -15161.15
23529, -15161.16
23531, -15161.16
23533, -15161.15
23535, -15161.15
23537, -15161.14
23539, -15161.15
23542, -15161.16
23544, -15161.14
23546, -15161.14
23548, -15161.15
23550, -15161.15
23552, -15161.14
23554, -15161.14
23556, -15161.11
23558, -15161.08
23560, -15161.08
23562, -15161.06
23564, -15161.05
23566, -15161.05
23569, -15161.05
23571, -15161.03
23573, -15161.02
23575, -15161.02
23578, -15161.02
23581, -15161.05
23583, -15161.09
23585, -15161.11
23587, -15161.12
23589, -15161.11
23592, -15161.09
23595, -15161.09
23597, -15161.07
23599, -15161.05
23601, -15161.03
23603, -15161.04
23605, -15161.04
23607, -15161.04
23609, -15161.04
23612, -15161.01
23614, -15161.01
23616, -15161.04
23618, -15161.05
23620, -15161.04
23622, -15161.02
23624, -15161.01
23626, -15161.00
23628, -15161.00
23630, -15161.00
23632, -15160.99
23634, -15160.97
23636, -15160.99
23638, -15161.01
23640, -15161.03
23642, -15161.04
23644, -15161.04
23646, -15161.02
23648, -15161.02
23650, -15161.03
23652, -15161.07
23654, -15161.08
23656, -15161.08
23658, -15161.10
23660, -15161.12
23662, -15161.13
23664, -15161.13
23666, -15161.14
23669, -15161.14
23671, -15161.12
23673, -15161.12
23675, -15161.11
23677, -15161.10
23679, -15161.08
23682, -15161.08
23685, -15161.09
23688, -15161.08
23690, -15161.06
23692, -15161.04
23695, -15161.06
23696, -15161.07
23699, -15161.06
23702, -15161.06
23704, -15161.05
23706, -15161.03
23709, -15161.03
23711, -15161.03
23714, -15161.03
23716, -15161.03
23719, -15161.01
23721, -15161.00
23723, -15161.00
23725, -15160.98
23727, -15160.96
23729, -15160.96
23731, -15160.98
23733, -15161.00
23735, -15161.01
23737, -15161.03
23739, -15161.05
23741, -15161.05
23743, -15161.04
23745, -15161.03
23748, -15161.02
23750, -15161.02
23752, -15161.01
23754, -15161.01
23756, -15161.01
23758, -15161.01
23760, -15161.01
23762, -15161.01
23764, -15161.02
23766, -15161.04
23768, -15161.04
23770, -15161.02
23772, -15161.01
23774, -15161.01
23776, -15161.02
23778, -15161.03
23780, -15161.03
23782, -15161.03
23785, -15161.03
23787, -15161.01
23789, -15161.00
23791, -15161.00
23793, -15161.01
23795, -15161.03
23797, -15161.03
23799, -15161.01
23802, -15161.00
23804, -15161.00
23806, -15160.99
23808, -15160.96
23810, -15160.95
23812, -15160.95
23815, -15160.94
23816, -15160.94
23820, -15160.98
23822, -15160.99
23824, -15160.99
23826, -15160.99
23828, -15161.01
23830, -15161.03
23833, -15161.07
23835, -15161.08
23837, -15161.05
23839, -15161.04
23841, -15161.05
23843, -15161.05
23846, -15161.06
23848, -15161.07
23850, -15161.07
23852, -15161.08
23854, -15161.09
23855, -15161.09
23857, -15161.07
23860, -15161.06
23861, -15161.05
23863, -15161.02
23865, -15161.00
23867, -15161.00
23869, -15161.01
23871, -15160.98
23873, -15160.96
23875, -15160.96
23877, -15160.96
23879, -15160.97
23881, -15160.99
23883, -15160.99
23885, -15160.99
23887, -15160.98
23889, -15160.97
23891, -15160.98
23893, -15160.99
23895, -15160.99
23897, -15160.99
23899, -15160.97
23901, -15160.95
23903, -15160.93
23905, -15160.92
23907, -15160.94
23909, -15160.95
23911, -15160.96
23913, -15160.98
23915, -15160.97
23917, -15160.97
23919, -15160.99
23921, -15161.02
23922, -15161.03
23924, -15161.03
23926, -15161.03
23928, -15161.03
23930, -15161.04
23933, -15161.05
23935, -15161.04
23937, -15161.02
23939, -15161.02
23941, -15161.02
23943, -15161.02
23945, -15161.02
23946, -15161.02
23948, -15161.01
23950, -15161.01
23952, -15161.01
23954, -15161.00
23956, -15161.00
23958, -15161.00
23960, -15160.98
23962, -15160.96
23964, -15160.95
23966, -15160.96
23968, -15160.97
23970, -15160.99
23972, -15161.01
23974, -15161.01
23976, -15161.00
23978, -15161.00
23980, -15160.99
23982, -15160.98
23984, -15160.99
23986, -15161.00
23988, -15160.99
23990, -15160.98
23992, -15160.99
23994, -15160.99
23996, -15160.98
23998, -15160.97
24000, -15160.97
24002, -15160.98
24004, -15160.98
24006, -15160.98
24008, -15160.98
24010, -15160.98
24012, -15160.97
24014, -15160.95
24016, -15160.92
24018, -15160.94
24020, -15160.97
24022, -15160.99
24024, -15160.97
24026, -15160.96
24028, -15160.97
24030, -15160.99
24032, -15160.99
24034, -15161.00
24036, -15161.03
24038, -15161.04
24040, -15161.04
24042, -15161.04
24044, -15161.04
24046, -15161.03
24048, -15161.03
24050, -15161.03
24052, -15161.03
24054, -15161.03
24056, -15161.03
24058, -15161.01
24060, -15161.01
24062, -15161.04
24064, -15161.05
24066, -15161.05
24068, -15161.06
24070, -15161.07
24072, -15161.07
24074, -15161.07
24076, -15161.08
24078, -15161.08
24080, -15161.05
24082, -15161.05
24084, -15161.06
24086, -15161.05
24088, -15161.02
24090, -15161.01
24093, -15161.01
24095, -15161.01
24096, -15161.01
24098, -15161.01
24100, -15161.01
24102, -15161.02
24104, -15161.03
24106, -15161.03
24108, -15161.03
24110, -15161.03
24112, -15161.03
24114, -15161.03
24116, -15161.01
24118, -15161.00
24120, -15161.00
24121, -15161.01
24123, -15161.02
24125, -15161.04
24127, -15161.05
24129, -15161.05
24131, -15161.05
24133, -15161.04
24135, -15161.04
24137, -15161.04
24139, -15161.05
24142, -15161.08
24144, -15161.09
24146, -15161.09
24148, -15161.09
24150, -15161.09
24152, -15161.08
24154, -15161.10
24156, -15161.09
24158, -15161.09
24160, -15161.10
24162, -15161.10
24164, -15161.08
24166, -15161.08
24168, -15161.11
24170, -15161.12
24172, -15161.11
24174, -15161.12
24176, -15161.13
24178, -15161.13
24180, -15161.12
24182, -15161.11
24184, -15161.10
24186, -15161.10
24188, -15161.10
24190, -15161.12
24192, -15161.13
24194, -15161.12
24196, -15161.12
24198, -15161.12
24200, -15161.13
24202, -15161.14
24204, -15161.13
24207, -15161.12
24209, -15161.10
24211, -15161.10
24213, -15161.08
24215, -15161.07
24217, -15161.06
24220, -15161.05
24222, -15161.03
24224, -15161.03
24226, -15161.02
24228, -15161.00
24230, -15161.00
24232, -15161.00
24234, -15160.99
24236, -15160.98
24238, -15160.97
24241, -15160.95
24243, -15160.95
24245, -15160.97
24247, -15161.00
24249, -15161.01
24252, -15161.01
24254, -15161.01
24256, -15161.01
24258, -15161.00
24261, -15161.00
24263, -15161.01
24265, -15160.99
24267, -15160.98
24269, -15160.97
24271, -15160.96
24273, -15160.96
24277, -15161.00
24279, -15161.03
24281, -15161.03
24283, -15161.04
24285, -15161.05
24287, -15161.05
24289, -15161.05
24291, -15161.04
24293, -15161.03
24295, -15161.02
24297, -15161.00
24299, -15161.00
24301, -15161.00
24304, -15160.98
24306, -15160.98
24308, -15160.99
24310, -15160.98
24312, -15160.98
24314, -15161.00
24316, -15161.02
24318, -15161.02
24320, -15161.03
24322, -15161.04
24324, -15161.03
24326, -15161.00
24328, -15161.00
24330, -15161.00
24332, -15160.98
24334, -15160.95
24336, -15160.94
24338, -15160.94
24341, -15160.96
24343, -15160.97
24346, -15160.99
24348, -15160.99
24352, -15160.97
24354, -15160.97
24356, -15160.96
24358, -15160.93
24361, -15160.94
24365, -15160.96
24367, -15160.95
24370, -15160.95
24372, -15160.96
24374, -15160.95
24377, -15160.95
24379, -15160.98
24381, -15161.00
24383, -15160.99
24385, -15160.95
24387, -15160.95
24389, -15160.98
24391, -15161.00
24393, -15161.00
24395, -15160.99
24397, -15161.00
24399, -15161.03
24402, -15161.04
24403, -15161.04
24406, -15161.04
24408, -15161.04
24410, -15161.05
24412, -15161.07
24414, -15161.08
24416, -15161.09
24418, -15161.12
24420, -15161.12
24422, -15161.11
24424, -15161.08
24426, -15161.07
24428, -15161.07
24430, -15161.08
24432, -15161.09
24434, -15161.10
24436, -15161.11
24438, -15161.09
24441, -15161.09
24443, -15161.10
24445, -15161.11
24447, -15161.15
24449, -15161.17
24451, -15161.17
24453, -15161.16
24455, -15161.17
24457, -15161.16
24459, -15161.17
24461, -15161.18
24463, -15161.16
24466, -15161.17
24468, -15161.19
24470, -15161.20
24472, -15161.20
24473, -15161.19
24476, -15161.19
24478, -15161.18
24481, -15161.16
24483, -15161.16
24485, -15161.16
24487, -15161.16
24489, -15161.16
24491, -15161.16
24493, -15161.18
24495, -15161.19
24497, -15161.19
24499, -15161.18
24501, -15161.19
24503, -15161.19
24506, -15161.17
24508, -15161.15
24510, -15161.13
24512, -15161.13
24514, -15161.13
24516, -15161.11
24518, -15161.09
24520, -15161.09
24522, -15161.09
24524, -15161.09
24526, -15161.08
24528, -15161.08
24530, -15161.09
24532, -15161.09
24534, -15161.09
24536, -15161.10
24539, -15161.08
24541, -15161.08
24543, -15161.08
24545, -15161.08
24547, -15161.07
24549, -15161.05
24551, -15161.04
24553, -15161.04
24555, -15161.03
24557, -15161.03
24559, -15161.02
24561, -15160.98
24563, -15160.97
24565, -15160.98
24567, -15160.97
24569, -15160.96
24571, -15160.96
24573, -15160.96
24575, -15160.97
24577, -15160.95
24579, -15160.94
24581, -15160.94
24583, -15160.95
24585, -15160.95
24587, -15160.95
24589, -15160.95
24591, -15160.95
24593, -15160.95
24595, -15160.95
24597, -15160.94
24600, -15160.93
24602, -15160.94
24604, -15160.96
24606, -15160.95
24608, -15160.95
24610, -15160.96
24612, -15160.97
24614, -15160.98
24616, -15160.98
24618, -15161.00
24620, -15161.03
24623, -15161.06
24625, -15161.06
24627, -15161.04
24629, -15161.04
24631, -15161.04
24633, -15161.04
24635, -15161.04
24637, -15161.04
24640, -15161.04
24642, -15161.04
24644, -15161.02
24646, -15160.99
24649, -15160.98
24652, -15160.98
24654, -15160.98
24656, -15160.98
24658, -15160.98
24660, -15160.98
24662, -15160.98
24664, -15160.98
24666, -15160.97
24668, -15160.96
24670, -15160.96
24672, -15160.96
24674, -15160.95
24676, -15160.93
24679, -15160.94
24682, -15160.94
24684, -15160.96
24687, -15160.97
24689, -15160.97
24691, -15160.98
24693, -15160.98
24695, -15160.96
24698, -15160.95
24700, -15160.97
24703, -15160.98
24705, -15160.97
24707, -15160.95
24709, -15160.94
24712, -15160.94
24714, -15160.94
24717, -15160.96
24719, -15160.99
24721, -15160.99
24723, -15160.99
24726, -15161.01
24728, -15161.01
24730, -15161.02
24732, -15161.03
24734, -15161.03
24736, -15161.04
24738, -15161.07
24740, -15161.08
24743, -15161.08
24745, -15161.08
24747, -15161.06
24749, -15161.06
24751, -15161.07
24753, -15161.08
24755, -15161.09
24757, -15161.10
24759, -15161.13
24761, -15161.13
24763, -15161.12
24765, -15161.10
24767, -15161.09
24769, -15161.06
24771, -15161.04
24773, -15161.05
24776, -15161.09
24779, -15161.12
24782, -15161.14
24784, -15161.14
24786, -15161.17
24788, -15161.17
24791, -15161.15
24794, -15161.13
24796, -15161.14
24799, -15161.16
24802, -15161.15
24804, -15161.16
24806, -15161.16
24808, -15161.13
24811, -15161.13
24814, -15161.14
24816, -15161.15
24818, -15161.15
24821, -15161.13
24823, -15161.11
24826, -15161.08
24830, -15161.08
24832, -15161.08
24834, -15161.06
24836, -15161.05
24838, -15161.02
24840, -15161.01
24842, -15161.01
24844, -15161.01
24847, -15161.04
24849, -15161.04
24851, -15161.01
24853, -15161.02
24855, -15161.02
24857, -15161.01
24859, -15161.00
24861, -15160.98
24863, -15160.98
24866, -15161.00
24868, -15161.03
24870, -15161.04
24872, -15161.03
24874, -15161.01
24877, -15161.02
24879, -15161.04
24881, -15161.04
24883, -15161.02
24885, -15161.01
24887, -15161.02
24890, -15161.03
24893, -15161.03
24896, -15161.03
24899, -15161.03
24902, -15161.03
24904, -15161.02
24906, -15161.02
24909, -15161.03
24911, -15161.03
24913, -15161.04
24916, -15161.06
24919, -15161.08
24921, -15161.09
24923, -15161.09
24926, -15161.08
24928, -15161.08
24931, -15161.06
24933, -15161.05
24935, -15161.04
24937, -15161.02
24939, -15161.02
24941, -15161.01
24943, -15161.01
24945, -15161.01
24947, -15161.00
24949, -15160.98
24951, -15160.96
24953, -15160.96
24955, -15160.99
24957, -15161.00
24959, -15160.99
24961, -15160.97
24963, -15160.97
24966, -15160.97
24968, -15160.98
24970, -15160.99
24972, -15160.99
24974, -15160.99
24976, -15160.99
24979, -15160.99
24981, -15161.00
24983, -15161.00
24986, -15161.00
24988, -15161.00
24991, -15161.00
24993, -15161.03
24996, -15161.09
24999, -15161.10
25002, -15161.10
25004, -15161.10
25006, -15161.08
25008, -15161.06
25011, -15161.06
25013, -15161.07
25016, -15161.10
25019, -15161.12
25021, -15161.10
25023, -15161.08
25025, -15161.07
25028, -15161.03
25031, -15161.03
25033, -15161.04
25035, -15161.04
25037, -15161.04
25040, -15161.04
25042, -15161.04
25044, -15161.03
25046, -15161.01
25048, -15161.02
25050, -15161.04
25052, -15161.04
25054, -15161.03
25056, -15161.04
25058, -15161.04
25060, -15161.03
25062, -15161.03
25064, -15161.02
25066, -15160.99
25068, -15160.98
25070, -15160.98
25073, -15160.99
25075, -15160.99
25077, -15161.00
25079, -15161.02
25082, -15161.04
25084, -15161.05
25086, -15161.07
25088, -15161.10
25091, -15161.11
25093, -15161.11
25096, -15161.11
25099, -15161.12
25101, -15161.14
25103, -15161.15
25105, -15161.15
25108, -15161.12
25111, -15161.12
25113, -15161.13
25116, -15161.13
25118, -15161.12
25120, -15161.12
25122, -15161.12
25124, -15161.13
25126, -15161.14
25129, -15161.13
25131, -15161.14
25133, -15161.15
25135, -15161.15
25138, -15161.17
25141, -15161.20
25143, -15161.20
25146, -15161.19
