3664, -16611.00, -15919.56
3668, -16614.00, -15956.25
3672, -16611.00, -15990.66
3677, -16613.00, -16022.90
3681, -16611.00, -16054.26
3685, -16613.00, -16083.26
3690, -16610.00, -16110.73
3694, -16613.00, -16136.58
3698, -16611.00, -16163.22
3703, -16614.00, -16188.03
3708, -16612.00, -16212.71
3712, -16611.00, -16233.94
3716, -16611.00, -16253.72
3721, -16612.00, -16272.65
3725, -16613.00, -16290.84
3729, -16614.00, -16307.59
3734, -16612.00, -16325.25
3738, -16612.00, -16340.10
3743, -16614.00, -16355.45
3747, -16612.00, -16368.95
3751, -16612.00, -16381.65
3756, -16612.00, -16393.62
3760, -16611.00, -16404.91
3765, -16614.00, -16416.87
3769, -16612.00, -16426.93
3773, -16611.00, -16436.51
3777, -16611.00, -16445.57
3781, -16614.00, -16454.21
3786, -16612.00, -16462.88
3790, -16611.00, -16470.88
3795, -16613.00, -16478.25
3799, -16614.00, -16485.36
3803, -16613.00, -16492.08
3808, -16614.00, -16498.57
3812, -16615.00, -16504.59
3816, -16613.00, -16510.42
3820, -16614.00, -16515.80
3825, -16613.00, -16520.89
3829, -16612.00, -16525.63
3833, -16612.00, -16530.12
3837, -16612.00, -16534.37
3842, -16613.00, -16538.48
3846, -16611.00, -16542.31
3850, -16614.00, -16545.92
3854, -16613.00, -16549.41
3859, -16612.00, -16552.66
3863, -16611.00, -16555.69
3867, -16612.00, -16558.55
3871, -16614.00, -16561.36
3875, -16612.00, -16564.05
3880, -16612.00, -16566.78
3884, -16612.00, -16569.14
3889, -16614.00, -16571.45
3893, -16615.00, -16573.70
3897, -16613.00, -16575.79
3901, -16615.00, -16577.79
3906, -16613.00, -16579.67
3910, -16612.00, -16581.37
3914, -16611.00, -16582.96
3918, -16613.00, -16584.48
3923, -16611.00, -16585.92
3927, -16614.00, -16587.43
3932, -16614.00, -16588.83
3936, -16613.00, -16590.11
3940, -16614.00, -16591.35
3945, -16614.00, -16592.53
3949, -16612.00, -16593.60
3953, -16613.00, -16594.62
3958, -16611.00, -16595.53
3962, -16613.00, -16596.39
3966, -16611.00, -16597.20
3970, -16613.00, -16597.97
3975, -16611.00, -16598.70
3979, -16613.00, -16599.39
3983, -16612.00, -16600.06
3987, -16609.00, -16600.60
3991, -16612.00, -16601.12
3996, -16614.00, -16601.73
4000, -16612.00, -16602.31
4004, -16613.00, -16602.87
4009, -16617.00, -16603.51
4013, -16617.00, -16604.21
4017, -16612.00, -16604.75
4022, -16608.00, -16605.04
4026, -16606.00, -16605.14
4030, -16598.00, -16604.98
4034, -16595.00, -16604.54
4039, -16591.00, -16603.93
4043, -16581.00, -16602.99
4047, -16582.00, -16601.87
4051, -16575.00, -16600.64
4056, -16571.00, -16599.21
4060, -16568.00, -16597.63
4065, -16560.00, -16595.75
4069, -16555.00, -16593.72
4073, -16552.00, -16591.59
4078, -16546.00, -16589.38
4082, -16541.00, -16586.99
4086, -16537.00, -16584.46
4090, -16531.00, -16581.83
4095, -16526.00, -16579.01
4099, -16521.00, -16576.12
4103, -16515.00, -16572.96
4108, -16510.00, -16569.82
4112, -16505.00, -16566.54
4116, -16499.00, -16563.16
4120, -16496.00, -16559.74
4125, -16490.00, -16556.14
4129, -16485.00, -16552.52
4133, -16483.00, -16548.95
4138, -16476.00, -16545.09
4142, -16470.00, -16541.29
4147, -16466.00, -16537.48
4151, -16461.00, -16533.58
4155, -16455.00, -16529.54
4159, -16452.00, -16525.59
4164, -16445.00, -16521.50
4168, -16439.00, -16517.24
4172, -16436.00, -16513.07
4177, -16430.00, -16508.93
4181, -16427.00, -16504.75
4185, -16421.00, -16500.58
4189, -16414.00, -16496.19
4194, -16411.00, -16491.77
4198, -16408.00, -16487.45
4202, -16400.00, -16483.11
4207, -16396.00, -16478.69
4211, -16390.00, -16474.05
4215, -16385.00, -16469.51
4220, -16381.00, -16464.71
4224, -16372.00, -16460.06
4228, -16371.00, -16455.46
4233, -16366.00, -16450.87
4237, -16361.00, -16446.20
4241, -16354.00, -16441.56
4246, -16351.00, -16436.93
4250, -16346.00, -16432.34
4254, -16341.00, -16427.38
4259, -16335.00, -16422.63
4263, -16331.00, -16417.93
4267, -16326.00, -16413.18
4272, -16320.00, -16408.43
4276, -16314.00, -16403.39
4281, -16311.00, -16397.93
4285, -16305.00, -16393.20
4290, -16298.00, -16388.06
4295, -16296.00, -16382.78
4300, -16289.00, -16377.44
4305, -16282.00, -16371.11
4310, -16273.00, -16365.69
4315, -16270.00, -16359.99
4320, -16266.00, -16354.78
4325, -16258.00, -16348.94
4330, -16252.00, -16343.06
4335, -16249.00, -16337.43
4340, -16243.00, -16332.28
4344, -16236.00, -16326.80
4349, -16230.00, -16321.11
4354, -16227.00, -16316.10
4359, -16221.00, -16310.41
4364, -16211.00, -16304.11
4369, -16207.00, -16298.46
4375, -16204.00, -16292.27
4380, -16197.00, -16286.57
4385, -16190.00, -16281.17
4389, -16185.00, -16276.25
4393, -16182.00, -16271.38
4397, -16175.00, -16266.48
4402, -16174.00, -16261.50
4407, -16167.00, -16255.94
4412, -16160.00, -16250.21
4417, -16154.00, -16244.90
4421, -16150.00, -16239.92
4425, -16145.00, -16235.10
4431, -16137.00, -16229.11
4435, -16135.00, -16224.05
4440, -16128.00, -16218.34
4445, -16120.00, -16212.69
4449, -16117.00, -16207.49
4454, -16114.00, -16202.66
4459, -16107.00, -16197.31
4463, -16102.00, -16192.12
4468, -16099.00, -16186.77
4473, -16090.00, -16181.17
4478, -16085.00, -16175.67
4483, -16080.00, -16170.05
4487, -16076.00, -16165.13
4493, -16069.00, -16158.51
4497, -16061.00, -16153.29
4502, -16060.00, -16147.71
4507, -16054.00, -16142.67
4511, -16047.00, -16137.77
4516, -16043.00, -16132.62
4520, -16037.00, -16127.73
4525, -16031.00, -16121.67
4530, -16026.00, -16116.13
4536, -16021.00, -16110.15
4540, -16017.00, -16105.00
4545, -16009.00, -16099.98
4549, -16006.00, -16094.75
4554, -16002.00, -16089.60
4559, -15995.00, -16083.83
4564, -15989.00, -16078.98
4568, -15986.00, -16074.15
4573, -15979.00, -16068.43
4577, -15974.00, -16063.66
4581, -15970.00, -16058.90
4586, -15963.00, -16053.84
4591, -15957.00, -16048.33
4595, -15955.00, -16043.50
4599, -15947.00, -16038.74
4604, -15942.00, -16033.64
4608, -15941.00, -16028.81
4613, -15932.00, -16022.97
4617, -15928.00, -16018.06
4622, -15924.00, -16013.12
4626, -15920.00, -16008.45
4631, -15912.00, -16002.83
4636, -15910.00, -15997.71
4641, -15904.00, -15992.26
4646, -15897.00, -15986.15
4651, -15888.00, -15980.24
4656, -15885.00, -15975.20
4661, -15880.00, -15969.29
4666, -15873.00, -15963.36
4671, -15867.00, -15958.28
4675, -15863.00, -15952.74
4681, -15858.00, -15946.93
4686, -15850.00, -15941.34
4691, -15844.00, -15935.59
4696, -15841.00, -15929.96
4701, -15836.00, -15924.02
4706, -15827.00, -15918.68
4710, -15822.00, -15913.22
4715, -15817.00, -15907.33
4720, -15812.00, -15902.21
4725, -15805.00, -15896.62
4730, -15801.00, -15890.92
4735, -15796.00, -15885.61
4740, -15788.00, -15879.49
4746, -15780.00, -15872.74
4750, -15776.00, -15867.61
4755, -15771.00, -15862.62
4759, -15767.00, -15857.07
4764, -15760.00, -15851.61
4769, -15758.00, -15846.28
4774, -15751.00, -15840.79
4779, -15743.00, -15834.99
4784, -15739.00, -15829.37
4789, -15733.00, -15823.21
4794, -15727.00, -15817.67
4799, -15717.00, -15811.92
4804, -15717.00, -15806.46
4809, -15711.00, -15801.05
4814, -15703.00, -15794.69
4819, -15696.00, -15789.32
4824, -15690.00, -15783.20
4829, -15688.00, -15776.97
4834, -15681.00, -15771.79
4839, -15672.00, -15766.54
4844, -15668.00, -15760.49
4848, -15664.00, -15755.09
4853, -15656.00, -15750.07
4857, -15653.00, -15744.50
4862, -15647.00, -15738.88
4867, -15641.00, -15733.18
4873, -15633.00, -15726.96
4877, -15631.00, -15721.47
4882, -15624.00, -15715.75
4887, -15617.00, -15710.75
4893, -15610.00, -15703.72
4898, -15605.00, -15697.76
4902, -15602.00, -15692.33
4908, -15597.00, -15686.41
4913, -15586.00, -15680.62
4917, -15584.00, -15675.65
4921, -15578.00, -15670.67
4926, -15572.00, -15665.56
4931, -15569.00, -15659.58
4935, -15563.00, -15654.49
4939, -15556.00, -15649.54
4944, -15552.00, -15644.27
4949, -15549.00, -15638.60
4953, -15541.00, -15633.33
4958, -15537.00, -15627.83
4963, -15534.00, -15622.44
4968, -15525.00, -15616.52
4973, -15519.00, -15611.41
4978, -15514.00, -15605.10
4983, -15509.00, -15599.39
4988, -15503.00, -15594.31
4993, -15498.00, -15588.63
4997, -15494.00, -15583.80
5001, -15489.00, -15578.67
5006, -15483.00, -15573.40
5010, -15479.00, -15568.55
5015, -15474.00, -15563.54
5019, -15468.00, -15558.60
5024, -15464.00, -15553.61
5028, -15460.00, -15548.30
5033, -15452.00, -15543.22
5037, -15450.00, -15538.37
5042, -15444.00, -15533.46
5046, -15438.00, -15528.03
5051, -15434.00, -15523.03
5056, -15429.00, -15517.63
5060, -15422.00, -15512.42
5065, -15418.00, -15507.51
5069, -15415.00, -15502.63
5074, -15408.00, -15497.27
5079, -15404.00, -15491.93
5083, -15399.00, -15486.68
5088, -15393.00, -15481.64
5093, -15387.00, -15476.25
5098, -15382.00, -15470.76
5102, -15377.00, -15465.92
5106, -15369.00, -15461.11
5111, -15370.00, -15455.93
5115, -15362.00, -15451.01
5120, -15355.00, -15446.07
5124, -15353.00, -15441.17
5128, -15347.00, -15436.40
5133, -15343.00, -15431.65
5137, -15338.00, -15426.87
5142, -15333.00, -15421.53
5146, -15326.00, -15416.61
5151, -15323.00, -15410.76
5156, -15317.00, -15405.35
5161, -15310.00, -15399.88
5166, -15304.00, -15394.17
5171, -15301.00, -15388.93
5175, -15294.00, -15384.08
5179, -15289.00, -15379.15
5184, -15287.00, -15374.32
5188, -15279.00, -15369.57
5192, -15277.00, -15364.82
5196, -15272.00, -15360.11
5201, -15265.00, -15355.35
5206, -15261.00, -15349.89
5210, -15258.00, -15345.18
5214, -15251.00, -15340.49
5219, -15249.00, -15335.58
5223, -15245.00, -15330.43
5228, -15237.00, -15325.70
5232, -15233.00, -15320.99
5236, -15229.00, -15316.13
5241, -15223.00, -15310.64
5246, -15219.00, -15305.91
5251, -15211.00, -15299.81
5256, -15205.00, -15293.86
5261, -15199.00, -15288.80
5266, -15194.00, -15283.20
5271, -15191.00, -15277.75
5276, -15184.00, -15272.26
5280, -15179.00, -15267.29
5285, -15175.00, -15262.39
5289, -15170.00, -15257.71
5294, -15162.00, -15252.52
5298, -15160.00, -15247.16
5303, -15155.00, -15242.15
5307, -15146.00, -15237.43
5312, -15145.00, -15232.09
5317, -15140.00, -15226.93
5321, -15133.00, -15222.17
5325, -15129.00, -15217.42
5329, -15125.00, -15212.74
5334, -15119.00, -15208.02
5338, -15117.00, -15203.38
5342, -15112.00, -15198.74
5347, -15106.00, -15194.02
5351, -15103.00, -15189.03
5356, -15096.00, -15184.12
5361, -15090.00, -15178.43
5365, -15087.00, -15173.64
5370, -15081.00, -15168.72
5374, -15075.00, -15163.98
5380, -15072.00, -15157.71
5384, -15064.00, -15152.33
5390, -15059.00, -15146.67
5394, -15052.00, -15141.69
5398, -15051.00, -15136.95
5403, -15045.00, -15132.02
5408, -15038.00, -15126.38
5412, -15036.00, -15121.71
5417, -15031.00, -15116.98
5421, -15026.00, -15112.27
5425, -15024.00, -15107.68
5430, -15015.00, -15102.47
5435, -15010.00, -15097.54
5440, -15006.00, -15092.04
5445, -15003.00, -15086.31
5449, -14997.00, -15081.81
5454, -14993.00, -15077.09
5458, -14988.00, -15072.61
5463, -14982.00, -15067.28
5467, -14974.00, -15062.47
5472, -14973.00, -15057.80
5476, -14968.00, -15052.96
5481, -14963.00, -15048.28
5485, -14960.00, -15043.82
5489, -14956.00, -15039.36
5493, -14949.00, -15034.77
5498, -14946.00, -15030.28
5502, -14938.00, -15025.65
5506, -14935.00, -15021.04
5510, -14931.00, -15016.51
5515, -14925.00, -15011.85
5519, -14923.00, -15007.13
5523, -14917.00, -15002.51
5528, -14913.00, -14997.97
5532, -14907.00, -14992.81
5537, -14901.00, -14987.40
5542, -14896.00, -14982.44
5546, -14892.00, -14977.79
5551, -14888.00, -14973.05
5555, -14881.00, -14968.49
5559, -14876.00, -14963.41
5564, -14876.00, -14958.76
5568, -14867.00, -14954.09
5573, -14864.00, -14949.17
5577, -14859.00, -14944.57
5581, -14854.00, -14939.96
5586, -14850.00, -14935.30
5590, -14844.00, -14930.70
5594, -14840.00, -14925.98
5598, -14836.00, -14921.42
5603, -14832.00, -14916.51
5607, -14826.00, -14911.89
5612, -14823.00, -14907.30
5616, -14815.00, -14902.63
5620, -14812.00, -14897.92
5624, -14808.00, -14893.39
5629, -14803.00, -14888.81
5633, -14799.00, -14884.30
5637, -14796.00, -14879.53
5642, -14787.00, -14874.86
5646, -14785.00, -14870.11
5651, -14780.00, -14865.28
5655, -14772.00, -14860.55
5659, -14771.00, -14855.92
5664, -14763.00, -14851.16
5668, -14759.00, -14846.40
5673, -14756.00, -14841.36
5678, -14749.00, -14835.50
5683, -14744.00, -14830.32
5687, -14742.00, -14825.76
5693, -14734.00, -14819.65
5698, -14729.00, -14814.08
5703, -14720.00, -14808.95
5708, -14716.00, -14802.86
5713, -14712.00, -14797.60
5718, -14707.00, -14792.38
5722, -14700.00, -14787.59
5727, -14697.00, -14782.72
5731, -14693.00, -14778.14
5735, -14686.00, -14773.48
5741, -14679.00, -14767.13
5746, -14677.00, -14761.95
5750, -14671.00, -14757.04
5755, -14664.00, -14751.81
5761, -14658.00, -14745.57
5766, -14655.00, -14740.46
5771, -14649.00, -14735.09
5775, -14642.00, -14729.82
5780, -14638.00, -14724.75
5784, -14633.00, -14719.94
5789, -14627.00, -14714.51
5795, -14622.00, -14708.82
5799, -14616.00, -14703.57
5804, -14611.00, -14698.50
5809, -14604.00, -14693.40
5813, -14602.00, -14688.38
5817, -14596.00, -14683.70
5822, -14591.00, -14678.62
5827, -14587.00, -14673.42
5831, -14582.00, -14668.46
5836, -14577.00, -14663.81
5841, -14571.00, -14658.18
5845, -14566.00, -14653.08
5850, -14561.00, -14647.73
5855, -14554.00, -14642.07
5861, -14550.00, -14636.11
5866, -14545.00, -14630.87
5870, -14539.00, -14625.77
5875, -14532.00, -14620.70
5880, -14530.00, -14615.68
5884, -14522.00, -14610.78
5890, -14515.00, -14604.45
5895, -14513.00, -14599.11
5900, -14507.00, -14593.23
5906, -14501.00, -14586.94
5911, -14494.00, -14581.52
5917, -14485.00, -14574.94
5922, -14481.00, -14569.54
5927, -14475.00, -14563.61
5931, -14471.00, -14558.91
5935, -14467.00, -14554.17
5940, -14464.00, -14549.60
5944, -14454.00, -14544.81
5949, -14451.00, -14539.26
5953, -14445.00, -14534.10
5958, -14439.00, -14528.68
5964, -14433.00, -14522.24
5969, -14425.00, -14516.48
5974, -14424.00, -14511.43
5979, -14416.00, -14505.95
5983, -14410.00, -14501.05
5988, -14408.00, -14495.49
5992, -14401.00, -14490.33
5997, -14395.00, -14485.38
6001, -14393.00, -14480.59
6005, -14386.00, -14475.81
6010, -14380.00, -14470.52
6014, -14377.00, -14465.66
6019, -14371.00, -14460.00
6024, -14365.00, -14455.17
6028, -14362.00, -14450.35
6032, -14357.00, -14445.55
6037, -14352.00, -14440.74
6042, -14347.00, -14435.06
6046, -14342.00, -14430.30
6050, -14337.00, -14425.46
6055, -14332.00, -14420.69
6059, -14328.00, -14415.50
6064, -14320.00, -14410.29
6069, -14317.00, -14405.29
6073, -14314.00, -14400.67
6077, -14305.00, -14395.39
6082, -14302.00, -14390.08
6087, -14298.00, -14385.14
6091, -14292.00, -14379.94
6097, -14285.00, -14374.19
6101, -14282.00, -14369.29
6106, -14277.00, -14363.67
6112, -14269.00, -14357.59
6117, -14262.00, -14352.12
6121, -14259.00, -14346.80
6127, -14254.00, -14340.43
6132, -14246.00, -14334.64
6137, -14240.00, -14329.84
6142, -14235.00, -14324.00
6147, -14230.00, -14317.89
6152, -14224.00, -14312.81
6156, -14217.00, -14307.73
6162, -14215.00, -14302.07
6166, -14208.00, -14297.29
6171, -14202.00, -14291.29
6177, -14194.00, -14284.78
6182, -14191.00, -14279.04
6186, -14186.00, -14274.17
6192, -14179.00, -14267.54
6197, -14172.00, -14262.46
6201, -14169.00, -14257.51
6206, -14164.00, -14251.98
6211, -14156.00, -14246.48
6216, -14149.00, -14240.62
6222, -14146.00, -14234.48
6227, -14142.00, -14228.67
6232, -14134.00, -14223.26
6237, -14129.00, -14217.54
6242, -14121.00, -14211.55
6247, -14117.00, -14206.63
6251, -14109.00, -14201.20
6256, -14106.00, -14195.66
6261, -14102.00, -14190.75
6265, -14098.00, -14185.50
6270, -14092.00, -14180.74
6274, -14089.00, -14175.95
6278, -14082.00, -14171.22
6283, -14078.00, -14166.26
6288, -14072.00, -14160.64
6292, -14065.00, -14155.76
6297, -14058.00, -14150.27
6302, -14056.00, -14144.95
6306, -14049.00, -14139.51
6311, -14043.00, -14133.83
6316, -14039.00, -14128.21
6322, -14033.00, -14122.17
6327, -14028.00, -14116.70
6333, -14021.00, -14110.09
6338, -14012.00, -14104.42
6342, -14008.00, -14099.32
6347, -14005.00, -14093.75
6352, -13997.00, -14088.08
6356, -13995.00, -14083.12
6361, -13989.00, -14077.65
6366, -13983.00, -14072.07
6372, -13976.00, -14065.61
6377, -13969.00, -14059.99
6382, -13967.00, -14054.72
6386, -13960.00, -14049.76
6390, -13954.00, -14044.92
6395, -13949.00, -14039.36
6400, -13946.00, -14034.31
6404, -13940.00, -14029.35
6410, -13933.00, -14023.05
6414, -13931.00, -14018.04
6419, -13922.00, -14013.25
6423, -13919.00, -14008.12
6428, -13913.00, -14002.28
6433, -13908.00, -13997.13
6438, -13900.00, -13991.39
6442, -13898.00, -13986.53
6448, -13891.00, -13980.43
6452, -13885.00, -13975.34
6457, -13878.00, -13969.81
6462, -13872.00, -13963.91
6467, -13869.00, -13958.80
6472, -13860.00, -13952.87
6477, -13857.00, -13947.08
6482, -13852.00, -13941.17
6486, -13845.00, -13936.33
6492, -13838.00, -13930.16
6496, -13837.00, -13925.22
6501, -13830.00, -13920.22
6505, -13824.00, -13914.87
6510, -13821.00, -13909.77
6515, -13816.00, -13904.48
6519, -13808.00, -13899.27
6524, -13806.00, -13894.19
6529, -13801.00, -13888.76
6533, -13794.00, -13883.64
6538, -13787.00, -13878.39
6542, -13784.00, -13873.05
6547, -13779.00, -13868.22
6551, -13772.00, -13863.06
6556, -13766.00, -13857.15
6561, -13761.00, -13851.58
6566, -13754.00, -13846.17
6571, -13749.00, -13840.00
6577, -13744.00, -13834.11
6581, -13740.00, -13828.76
6587, -13732.00, -13822.39
6592, -13723.00, -13816.27
6597, -13720.00, -13811.08
6602, -13717.00, -13805.74
6607, -13710.00, -13800.02
6611, -13702.00, -13794.67
6616, -13699.00, -13789.23
6621, -13693.00, -13783.22
6626, -13684.00, -13777.77
6632, -13679.00, -13771.20
6637, -13674.00, -13765.52
6641, -13672.00, -13760.25
6647, -13665.00, -13754.34
6651, -13658.00, -13749.15
6656, -13653.00, -13743.28
6661, -13648.00, -13737.84
6666, -13640.00, -13732.27
6671, -13635.00, -13726.50
6675, -13632.00, -13721.66
6680, -13626.00, -13716.43
6684, -13619.00, -13711.40
6689, -13617.00, -13706.10
6694, -13610.00, -13700.76
6698, -13603.00, -13695.32
6703, -13600.00, -13690.15
6708, -13592.00, -13684.67
6712, -13586.00, -13679.62
6716, -13584.00, -13674.59
6721, -13578.00, -13668.74
6726, -13572.00, -13663.30
6731, -13567.00, -13657.44
6736, -13563.00, -13652.33
6741, -13557.00, -13646.70
6746, -13549.00, -13640.89
6750, -13545.00, -13635.75
6756, -13540.00, -13629.79
6761, -13533.00, -13623.71
6766, -13525.00, -13618.18
6771, -13522.00, -13612.14
6776, -13516.00, -13606.70
6781, -13509.00, -13600.40
6786, -13503.00, -13594.61
6792, -13498.00, -13588.63
6796, -13492.00, -13583.03
6801, -13485.00, -13577.92
6807, -13481.00, -13571.44
6812, -13473.00, -13565.25
6816, -13470.00, -13560.26
6821, -13463.00, -13554.90
6826, -13456.00, -13549.39
6830, -13454.00, -13544.30
6834, -13449.00, -13539.33
6839, -13440.00, -13533.71
6844, -13438.00, -13528.10
6849, -13433.00, -13522.85
6854, -13425.00, -13517.12
6860, -13418.00, -13510.51
6865, -13412.00, -13504.00
6871, -13407.00, -13497.27
6876, -13400.00, -13491.36
6881, -13393.00, -13486.03
6886, -13387.00, -13479.50
6891, -13382.00, -13474.06
6896, -13376.00, -13468.45
6901, -13370.00, -13462.96
6906, -13365.00, -13457.18
6910, -13362.00, -13452.16
6914, -13354.00, -13447.22
6919, -13348.00, -13441.49
6923, -13345.00, -13436.51
6929, -13338.00, -13430.64
6933, -13332.00, -13425.58
6938, -13328.00, -13419.77
6942, -13323.00, -13414.74
6946, -13316.00, -13409.82
6951, -13312.00, -13404.61
6956, -13307.00, -13398.48
6961, -13299.00, -13393.03
6966, -13295.00, -13387.36
6971, -13290.00, -13381.71
6975, -13286.00, -13376.29
6980, -13276.00, -13370.86
6986, -13270.00, -13363.92
6991, -13267.00, -13358.34
6995, -13260.00, -13353.21
6999, -13256.00, -13348.23
7004, -13251.00, -13342.68
7009, -13243.00, -13336.72
7014, -13236.00, -13331.23
7019, -13234.00, -13325.70
7023, -13230.00, -13320.73
7027, -13223.00, -13315.84
7032, -13217.00, -13310.58
7037, -13212.00, -13304.48
7042, -13206.00, -13298.18
7047, -13197.00, -13292.17
7053, -13192.00, -13286.07
7057, -13187.00, -13280.32
7062, -13182.00, -13274.56
7067, -13174.00, -13269.45
7071, -13172.00, -13264.26
7076, -13167.00, -13258.51
7081, -13159.00, -13252.78
7085, -13156.00, -13247.73
7091, -13148.00, -13241.50
7096, -13142.00, -13235.39
7100, -13134.00, -13229.93
7106, -13128.00, -13223.35
7111, -13125.00, -13217.79
7115, -13119.00, -13212.40
7121, -13108.00, -13206.04
7126, -13105.00, -13199.67
7131, -13100.00, -13193.62
7136, -13093.00, -13188.01
7140, -13087.00, -13182.45
7145, -13086.00, -13177.41
7149, -13078.00, -13172.33
7153, -13072.00, -13167.16
7161, -13063.00, -13158.16
7165, -13058.00, -13153.11
7170, -13054.00, -13147.60
7175, -13049.00, -13141.79
7179, -13043.00, -13136.55
7183, -13036.00, -13131.49
7188, -13030.00, -13126.04
7193, -13023.00, -13119.81
7198, -13023.00, -13114.21
7202, -13014.00, -13108.76
7208, -13006.00, -13102.60
7212, -13004.00, -13097.47
7216, -12998.00, -13092.36
7221, -12990.00, -13087.08
7225, -12989.00, -13081.98
7230, -12983.00, -13076.34
7234, -12976.00, -13070.75
7239, -12969.00, -13064.93
7244, -12964.00, -13059.66
7248, -12959.00, -13054.23
7252, -12956.00, -13049.19
7257, -12952.00, -13044.19
7262, -12944.00, -13038.14
7266, -12937.00, -13032.90
7271, -12936.00, -13027.09
7277, -12928.00, -13020.96
7281, -12920.00, -13015.15
7286, -12917.00, -13009.95
7291, -12911.00, -13004.41
7296, -12905.00, -12998.45
7300, -12900.00, -12992.98
7306, -12895.00, -12986.70
7311, -12890.00, -12981.03
7315, -12883.00, -12975.53
7320, -12879.00, -12969.94
7325, -12871.00, -12963.95
7331, -12866.00, -12957.93
7336, -12861.00, -12952.30
7340, -12853.00, -12947.12
7344, -12851.00, -12941.86
7349, -12844.00, -12936.81
7353, -12841.00, -12931.58
7358, -12835.00, -12926.66
7362, -12829.00, -12921.31
7367, -12824.00, -12916.32
7371, -12819.00, -12911.19
7376, -12813.00, -12905.75
7381, -12806.00, -12899.97
7385, -12803.00, -12894.62
7390, -12799.00, -12889.01
7396, -12791.00, -12882.77
7400, -12786.00, -12877.29
7406, -12781.00, -12871.29
7412, -12774.00, -12864.28
7416, -12767.00, -12859.22
7422, -12759.00, -12852.70
7427, -12756.00, -12847.09
7431, -12750.00, -12841.85
7436, -12744.00, -12836.17
7441, -12738.00, -12830.76
7446, -12734.00, -12825.22
7450, -12730.00, -12820.01
7455, -12721.00, -12814.16
7460, -12716.00, -12808.10
7465, -12713.00, -12802.97
7470, -12706.00, -12797.04
7475, -12700.00, -12791.20
7480, -12694.00, -12785.75
7485, -12690.00, -12780.28
7490, -12684.00, -12774.46
7495, -12675.00, -12768.62
7500, -12674.00, -12763.18
7505, -12668.00, -12757.72
7510, -12661.00, -12751.84
7515, -12655.00, -12746.11
7519, -12651.00, -12740.98
7525, -12644.00, -12734.43
7530, -12639.00, -12728.94
7535, -12631.00, -12722.78
7540, -12625.00, -12717.30
7545, -12622.00, -12711.92
7549, -12614.00, -12706.67
7555, -12607.00, -12700.07
7560, -12605.00, -12694.38
7565, -12599.00, -12689.11
7570, -12591.00, -12682.83
7575, -12585.00, -12677.23
7580, -12582.00, -12671.90
7584, -12576.00, -12666.58
7589, -12570.00, -12661.07
7593, -12565.00, -12656.08
7598, -12563.00, -12651.06
7603, -12554.00, -12645.17
7608, -12549.00, -12640.08
7612, -12547.00, -12635.28
7616, -12539.00, -12630.29
7621, -12534.00, -12625.21
7625, -12532.00, -12620.32
7630, -12525.00, -12614.96
7634, -12519.00, -12609.70
7640, -12513.00, -12603.90
7645, -12508.00, -12597.93
7650, -12502.00, -12592.41
7655, -12498.00, -12586.92
7659, -12492.00, -12581.43
7664, -12484.00, -12576.00
7669, -12480.00, -12570.75
7673, -12477.00, -12565.86
7678, -12473.00, -12560.18
7683, -12465.00, -12554.72
7687, -12461.00, -12549.94
7692, -12454.00, -12545.11
7696, -12448.00, -12539.63
7701, -12443.00, -12534.46
7706, -12440.00, -12528.47
7712, -12435.00, -12522.58
7716, -12425.00, -12517.66
7720, -12422.00, -12512.45
7725, -12419.00, -12506.86
7730, -12412.00, -12501.85
7735, -12407.00, -12496.44
7739, -12403.00, -12491.28
7744, -12395.00, -12486.18
7748, -12391.00, -12481.25
7753, -12385.00, -12475.71
7759, -12380.00, -12469.29
7764, -12372.00, -12463.38
7770, -12364.00, -12456.78
7775, -12359.00, -12450.69
7780, -12357.00, -12444.98
7785, -12351.00, -12439.67
7789, -12342.00, -12434.24
7795, -12338.00, -12428.31
7799, -12334.00, -12423.23
7803, -12329.00, -12418.46
7808, -12322.00, -12413.58
7813, -12320.00, -12408.12
7817, -12311.00, -12403.19
7822, -12309.00, -12397.78
7827, -12303.00, -12392.13
7831, -12298.00, -12387.19
7836, -12291.00, -12382.01
7841, -12286.00, -12375.90
7846, -12281.00, -12369.81
7851, -12273.00, -12364.23
7857, -12266.00, -12357.77
7862, -12260.00, -12352.37
7866, -12257.00, -12346.94
7871, -12251.00, -12341.58
7876, -12245.00, -12335.76
7881, -12241.00, -12330.66
7886, -12237.00, -12324.38
7891, -12230.00, -12318.87
7896, -12223.00, -12313.93
7900, -12220.00, -12309.03
7905, -12213.00, -12303.14
7910, -12206.00, -12297.57
7915, -12203.00, -12292.61
7919, -12198.00, -12287.49
7924, -12193.00, -12281.52
7929, -12185.00, -12276.18
7934, -12180.00, -12270.37
7939, -12177.00, -12265.04
7943, -12170.00, -12260.12
7948, -12166.00, -12255.32
7952, -12161.00, -12250.53
7956, -12155.00, -12245.69
7961, -12151.00, -12240.09
7966, -12145.00, -12235.16
7970, -12140.00, -12230.37
7974, -12140.00, -12225.73
7979, -12132.00, -12220.12
7984, -12124.00, -12214.60
7988, -12121.00, -12209.58
7993, -12117.00, -12204.78
7997, -12110.00, -12199.69
8002, -12107.00, -12194.85
8006, -12101.00, -12190.01
8011, -12094.00, -12184.94
8015, -12090.00, -12180.11
8019, -12085.00, -12174.99
8024, -12081.00, -12170.21
8028, -12077.00, -12165.52
8032, -12072.00, -12160.75
8036, -12067.00, -12156.01
8041, -12062.00, -12151.00
8046, -12057.00, -12145.50
8050, -12052.00, -12140.70
8054, -12047.00, -12135.89
8059, -12043.00, -12130.97
8063, -12036.00, -12125.75
8068, -12031.00, -12121.01
8072, -12027.00, -12116.25
8076, -12020.00, -12111.35
8081, -12020.00, -12106.52
8085, -12012.00, -12101.82
8089, -12007.00, -12096.93
8093, -12005.00, -12092.20
8098, -11996.00, -12087.46
8102, -11994.00, -12082.70
8106, -11988.00, -12077.95
8110, -11982.00, -12073.00
8115, -11980.00, -12068.21
8119, -11976.00, -12063.33
8123, -11969.00, -12058.56
8128, -11965.00, -12053.86
8132, -11961.00, -12049.20
8136, -11954.00, -12044.43
8140, -11952.00, -12039.56
8144, -11944.00, -12034.88
8149, -11940.00, -12029.75
8153, -11937.00, -12025.00
8157, -11929.00, -12020.26
8162, -11927.00, -12015.48
8166, -11921.00, -12010.77
8170, -11916.00, -12005.90
8174, -11913.00, -12001.19
8179, -11907.00, -11996.39
8183, -11900.00, -11991.55
8187, -11899.00, -11986.76
8191, -11891.00, -11981.97
8196, -11887.00, -11977.10
8200, -11884.00, -11972.18
8204, -11878.00, -11967.36
8209, -11874.00, -11962.38
8214, -11870.00, -11957.08
8219, -11862.00, -11951.54
8224, -11854.00, -11945.39
8229, -11853.00, -11940.25
8233, -11846.00, -11935.47
8237, -11841.00, -11930.71
8242, -11838.00, -11925.94
8247, -11830.00, -11920.32
8252, -11826.00, -11914.71
8257, -11819.00, -11908.45
8261, -11814.00, -11903.65
8266, -11808.00, -11898.32
8271, -11804.00, -11893.18
8275, -11800.00, -11887.82
8280, -11794.00, -11882.69
8285, -11785.00, -11877.35
8289, -11783.00, -11872.20
8295, -11777.00, -11865.78
8299, -11773.00, -11861.03
8305, -11763.00, -11854.76
8310, -11761.00, -11848.96
8315, -11757.00, -11843.81
8320, -11749.00, -11837.77
8325, -11744.00, -11832.54
8330, -11740.00, -11827.37
8334, -11734.00, -11822.04
8339, -11726.00, -11816.83
8343, -11721.00, -11811.90
8348, -11718.00, -11806.98
8352, -11713.00, -11802.14
8356, -11707.00, -11797.33
8361, -11705.00, -11792.53
8365, -11695.00, -11787.67
8370, -11692.00, -11781.78
8375, -11688.00, -11776.12
8380, -11680.00, -11770.42
8384, -11678.00, -11765.61
8389, -11671.00, -11760.68
8394, -11667.00, -11754.98
8399, -11659.00, -11749.83
8403, -11655.00, -11744.85
8407, -11651.00, -11740.10
8412, -11643.00, -11734.68
8417, -11640.00, -11729.17
8421, -11637.00, -11724.44
8426, -11631.00, -11718.97
8431, -11625.00, -11713.82
8435, -11622.00, -11708.54
8441, -11614.00, -11702.99
8445, -11608.00, -11697.52
8450, -11602.00, -11692.17
8454, -11601.00, -11687.43
8459, -11593.00, -11682.68
8463, -11590.00, -11677.48
8469, -11585.00, -11671.71
8474, -11577.00, -11665.95
8479, -11571.00, -11660.24
8484, -11566.00, -11654.73
8489, -11561.00, -11649.22
8494, -11554.00, -11643.73
8498, -11550.00, -11638.91
8502, -11546.00, -11634.17
8507, -11541.00, -11629.48
8511, -11536.00, -11624.55
8516, -11533.00, -11619.48
8520, -11528.00, -11614.24
8525, -11520.00, -11609.06
8530, -11517.00, -11604.08
8534, -11512.00, -11599.36
8538, -11503.00, -11594.26
8543, -11502.00, -11589.35
8547, -11496.00, -11584.43
8552, -11488.00, -11579.59
8557, -11484.00, -11572.87
8563, -11480.00, -11567.23
8568, -11474.00, -11561.33
8573, -11465.00, -11556.19
8577, -11461.00, -11550.61
8582, -11455.00, -11544.95
8588, -11448.00, -11538.57
8592, -11443.00, -11533.65
8597, -11439.00, -11528.61
8602, -11435.00, -11523.21
8607, -11425.00, -11517.35
8612, -11420.00, -11510.88
8618, -11414.00, -11504.44
8623, -11409.00, -11498.57
8628, -11403.00, -11493.32
8632, -11398.00, -11488.37
8638, -11391.00, -11481.68
8643, -11388.00, -11476.38
8647, -11380.00, -11471.34
8653, -11374.00, -11464.82
8659, -11366.00, -11458.41
8663, -11365.00, -11453.20
8668, -11358.00, -11447.91
8672, -11351.00, -11442.98
8677, -11350.00, -11438.09
8681, -11344.00, -11433.34
8686, -11333.00, -11426.90
8691, -11331.00, -11421.84
8696, -11327.00, -11416.11
8701, -11320.00, -11410.83
8705, -11313.00, -11405.79
8709, -11311.00, -11400.83
8714, -11305.00, -11395.97
8718, -11300.00, -11390.67
8723, -11296.00, -11385.01
8728, -11288.00, -11379.54
8733, -11281.00, -11373.58
8738, -11276.00, -11367.56
8744, -11271.00, -11361.49
8749, -11267.00, -11355.94
8754, -11256.00, -11349.80
8760, -11251.00, -11342.81
8764, -11246.00, -11337.71
8769, -11243.00, -11332.80
8775, -11236.00, -11326.15
8779, -11230.00, -11321.08
8784, -11227.00, -11315.93
8788, -11220.00, -11310.52
8793, -11213.00, -11304.97
8798, -11212.00, -11299.88
8804, -11204.00, -11293.35
8809, -11198.00, -11287.70
8813, -11191.00, -11282.57
8818, -11187.00, -11276.95
8824, -11183.00, -11270.64
8829, -11176.00, -11264.58
8834, -11169.00, -11259.60
8839, -11165.00, -11253.63
8844, -11158.00, -11247.79
8848, -11153.00, -11242.85
8853, -11147.00, -11237.30
8858, -11141.00, -11231.57
8863, -11139.00, -11226.76
8867, -11130.00, -11221.76
8873, -11124.00, -11215.16
8878, -11121.00, -11209.63
8883, -11116.00, -11204.24
8887, -11108.00, -11199.42
8892, -11105.00, -11193.92
8896, -11098.00, -11188.96
8900, -11092.00, -11184.04
8905, -11090.00, -11178.50
8910, -11085.00, -11173.71
8914, -11078.00, -11168.81
8919, -11074.00, -11163.60
8924, -11070.00, -11157.85
8928, -11063.00, -11152.80
8933, -11056.00, -11147.27
8938, -11053.00, -11141.54
8943, -11048.00, -11136.07
8948, -11041.00, -11130.48
8952, -11037.00, -11125.65
8957, -11032.00, -11120.54
8962, -11026.00, -11114.99
8967, -11020.00, -11109.42
8971, -11015.00, -11104.42
8977, -11010.00, -11098.66
8981, -11002.00, -11093.84
8985, -10999.00, -11088.94
8990, -10993.00, -11083.44
8994, -10987.00, -11078.54
8998, -10984.00, -11073.67
9003, -10979.00, -11068.78
9008, -10972.00, -11063.36
9012, -10967.00, -11057.95
9017, -10965.00, -11052.21
9022, -10955.00, -11046.87
9027, -10950.00, -11041.32
9032, -10944.00, -11035.41
9037, -10940.00, -11029.57
9043, -10933.00, -11023.23
9048, -10928.00, -11017.88
9052, -10924.00, -11013.05
9057, -10920.00, -11007.60
9062, -10911.00, -11001.71
9067, -10905.00, -10995.87
9073, -10898.00, -10988.97
9079, -10895.00, -10983.03
9083, -10890.00, -10977.90
9088, -10880.00, -10972.42
9093, -10876.00, -10966.89
9098, -10870.00, -10961.36
9103, -10865.00, -10955.78
9108, -10860.00, -10950.02
9112, -10855.00, -10944.78
9117, -10849.00, -10939.17
9122, -10843.00, -10933.44
9128, -10837.00, -10926.88
9133, -10833.00, -10921.80
9137, -10827.00, -10916.51
9142, -10820.00, -10911.04
9146, -10816.00, -10906.16
9151, -10810.00, -10901.26
9155, -10806.00, -10896.38
9159, -10802.00, -10891.55
9164, -10797.00, -10886.56
9168, -10790.00, -10881.66
9173, -10785.00, -10876.30
9177, -10781.00, -10871.14
9182, -10774.00, -10865.76
9187, -10770.00, -10860.19
9192, -10765.00, -10854.47
9196, -10761.00, -10849.57
9201, -10753.00, -10844.25
9206, -10748.00, -10838.35
9210, -10744.00, -10833.50
9215, -10737.00, -10828.62
9219, -10733.00, -10823.62
9223, -10730.00, -10818.80
9228, -10722.00, -10813.93
9233, -10718.00, -10808.22
9237, -10714.00, -10802.82
9242, -10708.00, -10797.86
9246, -10703.00, -10792.84
9251, -10698.00, -10787.96
9255, -10691.00, -10783.06
9259, -10689.00, -10777.97
9264, -10682.00, -10772.45
9269, -10676.00, -10767.44
9273, -10673.00, -10762.58
9278, -10668.00, -10757.20
9283, -10664.00, -10751.25
9288, -10655.00, -10745.49
9294, -10647.00, -10739.30
9298, -10645.00, -10733.91
9304, -10640.00, -10727.62
9308, -10630.00, -10722.57
9313, -10629.00, -10717.69
9317, -10623.00, -10712.38
9322, -10614.00, -10707.30
9327, -10611.00, -10701.36
9331, -10608.00, -10696.53
9336, -10599.00, -10691.58
9340, -10598.00, -10686.23
9345, -10591.00, -10681.04
9350, -10584.00, -10675.27
9356, -10577.00, -10668.65
9361, -10572.00, -10663.08
9365, -10570.00, -10658.02
9370, -10562.00, -10652.85
9376, -10554.00, -10646.15
9380, -10549.00, -10640.99
9385, -10547.00, -10635.71
9390, -10538.00, -10629.33
9395, -10531.00, -10623.85
9401, -10525.00, -10617.35
9405, -10522.00, -10612.11
9410, -10515.00, -10606.70
9414, -10510.00, -10601.55
9419, -10507.00, -10596.20
9424, -10498.00, -10590.86
9428, -10492.00, -10585.74
9433, -10489.00, -10580.68
9437, -10484.00, -10575.77
9441, -10476.00, -10570.35
9446, -10475.00, -10565.32
9451, -10469.00, -10559.69
9456, -10461.00, -10553.95
9461, -10455.00, -10548.09
9465, -10450.00, -10542.94
9469, -10444.00, -10537.88
9474, -10437.00, -10531.88
9479, -10435.00, -10526.56
9484, -10429.00, -10520.72
9488, -10420.00, -10515.62
9493, -10419.00, -10510.59
9497, -10412.00, -10505.23
9502, -10405.00, -10500.17
9506, -10404.00, -10495.19
9511, -10396.00, -10489.10
9517, -10388.00, -10482.47
9522, -10381.00, -10476.27
9527, -10377.00, -10470.38
9532, -10373.00, -10464.67
9537, -10363.00, -10458.50
9543, -10357.00, -10451.91
9547, -10354.00, -10446.75
9552, -10347.00, -10440.92
9557, -10339.00, -10435.22
9561, -10336.00, -10429.90
9566, -10332.00, -10423.98
9571, -10323.00, -10418.24
9576, -10317.00, -10412.42
9581, -10312.00, -10406.53
9585, -10308.00, -10401.52
9590, -10301.00, -10395.67
9595, -10295.00, -10389.96
9600, -10290.00, -10384.18
9605, -10284.00, -10377.98
9609, -10278.00, -10372.82
9614, -10275.00, -10367.56
9618, -10269.00, -10362.30
9623, -10261.00, -10357.23
9627, -10261.00, -10351.97
9632, -10253.00, -10346.29
9637, -10247.00, -10340.43
9641, -10242.00, -10335.40
9646, -10240.00, -10330.20
9650, -10230.00, -10324.83
9655, -10225.00, -10319.09
9660, -10222.00, -10313.64
9664, -10215.00, -10308.40
9670, -10210.00, -10301.50
9675, -10202.00, -10295.46
9680, -10200.00, -10290.33
9685, -10193.00, -10284.25
9691, -10186.00, -10277.74
9695, -10180.00, -10272.77
9700, -10177.00, -10267.80
9704, -10172.00, -10262.65
9710, -10162.00, -10255.75
9715, -10160.00, -10249.87
9719, -10155.00, -10244.99
9724, -10149.00, -10239.76
9729, -10144.00, -10234.57
9734, -10137.00, -10227.96
9740, -10134.00, -10221.71
9745, -10126.00, -10216.41
9751, -10121.00, -10209.81
9756, -10111.00, -10203.87
9761, -10108.00, -10198.04
9766, -10102.00, -10192.55
9770, -10095.00, -10187.62
9776, -10089.00, -10180.68
9781, -10087.00, -10175.22
9786, -10080.00, -10169.57
9791, -10074.00, -10163.63
9796, -10069.00, -10158.59
9800, -10063.00, -10153.31
9805, -10058.00, -10147.81
9810, -10051.00, -10142.07
9815, -10048.00, -10136.71
9820, -10043.00, -10131.53
9825, -10038.00, -10125.79
9829, -10029.00, -10120.75
9834, -10028.00, -10115.20
9839, -10022.00, -10109.80
9844, -10015.00, -10104.24
9849, -10012.00, -10099.01
9854, -10008.00, -10093.48
9859, -10000.00, -10088.34
9863, -9993.00, -10083.42
9867, -9991.00, -10078.62
9872, -9986.00, -10073.00
9877, -9978.00, -10067.94
9881, -9977.00, -10063.22
9886, -9969.00, -10057.41
9891, -9963.00, -10051.88
9896, -9961.00, -10047.11
9900, -9956.00, -10042.16
9905, -9950.00, -10037.01
9910, -9940.00, -10031.74
9914, -9938.00, -10026.61
9919, -9934.00, -10021.38
9924, -9927.00, -10015.90
9928, -9924.00, -10011.14
9934, -9920.00, -10004.80
9939, -9914.00, -10000.09
9943, -9905.00, -9995.00
9948, -9903.00, -9989.98
9953, -9898.00, -9984.42
9957, -9890.00, -9979.67
9961, -9888.00, -9974.94
9966, -9883.00, -9969.31
9972, -9874.00, -9963.52
9976, -9871.00, -9958.44
9981, -9866.00, -9952.98
9986, -9859.00, -9947.32
9991, -9853.00, -9942.20
9995, -9850.00, -9937.26
10000, -9846.00, -9932.02
10005, -9836.00, -9926.70
10010, -9832.00, -9921.09
10016, -9828.00, -9914.70
10021, -9820.00, -9909.25
10026, -9813.00, -9903.34
10031, -9808.00, -9897.32
10036, -9803.00, -9891.58
10042, -9798.00, -9885.80
10046, -9791.00, -9880.55
10052, -9784.00, -9874.64
10056, -9781.00, -9869.34
10061, -9777.00, -9864.06
10066, -9771.00, -9858.17
10071, -9762.00, -9852.86
10076, -9757.00, -9847.37
10082, -9753.00, -9841.01
10086, -9746.00, -9835.89
10091, -9740.00, -9830.25
10096, -9737.00, -9824.77
10101, -9731.00, -9819.78
10106, -9725.00, -9814.13
10111, -9720.00, -9808.73
10116, -9715.00, -9802.73
10121, -9709.00, -9797.21
10126, -9702.00, -9791.13
10131, -9696.00, -9785.57
10137, -9690.00, -9779.59
10142, -9688.00, -9773.94
10147, -9679.00, -9768.20
10152, -9674.00, -9763.04
10156, -9670.00, -9757.89
10161, -9666.00, -9753.05
10165, -9658.00, -9747.90
10170, -9654.00, -9743.08
10174, -9650.00, -9738.15
10178, -9646.00, -9733.36
10183, -9640.00, -9727.89
10188, -9635.00, -9722.78
10193, -9627.00, -9717.14
10197, -9623.00, -9712.27
10202, -9622.00, -9707.59
10206, -9616.00, -9702.77
10210, -9609.00, -9697.96
10215, -9607.00, -9692.73
10220, -9599.00, -9687.39
10224, -9592.00, -9682.55
10229, -9591.00, -9677.82
10233, -9583.00, -9673.11
10237, -9580.00, -9668.41
10242, -9575.00, -9663.22
10246, -9571.00, -9658.34
10251, -9563.00, -9652.92
10256, -9559.00, -9647.02
10261, -9554.00, -9642.26
10266, -9548.00, -9636.30
10271, -9540.00, -9630.27
10276, -9538.00, -9625.18
10281, -9532.00, -9619.19
10288, -9525.00, -9612.34
10292, -9517.00, -9607.47
10296, -9516.00, -9602.69
10301, -9509.00, -9596.98
10307, -9502.00, -9591.25
10311, -9497.00, -9586.22
10316, -9492.00, -9580.97
10321, -9487.00, -9575.38
10326, -9481.00, -9570.03
10330, -9476.00, -9564.81
10336, -9469.00, -9558.42
10341, -9464.00, -9553.02
10345, -9457.00, -9547.80
10351, -9450.00, -9541.10
10356, -9448.00, -9536.15
10360, -9442.00, -9531.00
10365, -9436.00, -9525.16
10371, -9431.00, -9519.27
10376, -9426.00, -9513.58
10381, -9419.00, -9507.71
10387, -9415.00, -9501.59
10392, -9406.00, -9496.05
10397, -9402.00, -9490.68
10402, -9397.00, -9484.38
10407, -9391.00, -9479.50
10411, -9384.00, -9474.61
10416, -9380.00, -9469.11
10420, -9374.00, -9464.22
10425, -9370.00, -9459.26
10429, -9366.00, -9454.43
10434, -9360.00, -9449.10
10438, -9351.00, -9443.79
10444, -9347.00, -9437.85
10448, -9344.00, -9432.38
10454, -9335.00, -9426.49
10459, -9329.00, -9419.76
10464, -9322.00, -9414.15
10470, -9318.00, -9407.69
10475, -9313.00, -9402.15
10481, -9304.00, -9395.29
10486, -9296.00, -9389.63
10490, -9295.00, -9384.38
10495, -9290.00, -9378.98
10500, -9283.00, -9373.68
10505, -9276.00, -9367.64
10510, -9273.00, -9362.26
10515, -9267.00, -9356.78
10521, -9259.00, -9350.29
10526, -9253.00, -9344.52
10530, -9252.00, -9339.59
10534, -9244.00, -9334.84
10538, -9236.00, -9329.88
10543, -9235.00, -9324.63
10548, -9229.00, -9319.31
10553, -9221.00, -9313.44
10558, -9217.00, -9307.95
10562, -9214.00, -9303.10
10567, -9207.00, -9297.27
10572, -9203.00, -9291.35
10577, -9199.00, -9286.26
10583, -9189.00, -9279.68
10587, -9182.00, -9274.74
10592, -9177.00, -9268.84
10597, -9171.00, -9263.16
10602, -9167.00, -9257.05
10607, -9162.00, -9251.80
10612, -9155.00, -9246.51
10617, -9150.00, -9240.44
10622, -9146.00, -9234.32
10627, -9138.00, -9229.29
10632, -9132.00, -9223.73
10636, -9130.00, -9218.88
10641, -9123.00, -9213.54
10645, -9117.00, -9208.34
10650, -9112.00, -9203.41
10654, -9109.00, -9198.58
10658, -9103.00, -9193.69
10663, -9100.00, -9188.18
10667, -9093.00, -9183.40
10672, -9087.00, -9178.34
10676, -9083.00, -9173.05
10681, -9075.00, -9167.62
10686, -9070.00, -9161.92
10690, -9068.00, -9156.96
10695, -9060.00, -9151.37
10700, -9054.00, -9146.01
10704, -9051.00, -9141.00
10709, -9046.00, -9136.16
10713, -9039.00, -9131.26
10718, -9035.00, -9125.97
10722, -9031.00, -9120.96
10727, -9023.00, -9115.73
10731, -9018.00, -9110.21
10736, -9017.00, -9105.12
10740, -9006.00, -9099.70
10745, -9002.00, -9094.33
10749, -8998.00, -9089.31
10754, -8994.00, -9083.98
10759, -8986.00, -9078.51
10764, -8981.00, -9072.44
10769, -8977.00, -9066.35
10776, -8969.00, -9059.50
10781, -8960.00, -9053.43
10786, -8954.00, -9047.53
10792, -8949.00, -9040.63
10796, -8944.00, -9035.49
10801, -8939.00, -9030.56
10805, -8933.00, -9024.83
10810, -8928.00, -9019.65
10815, -8922.00, -9013.46
10821, -8914.00, -9007.19
10826, -8909.00, -9000.90
10831, -8904.00, -8995.43
10835, -8898.00, -8990.23
10841, -8890.00, -8984.25
10846, -8886.00, -8978.19
10851, -8880.00, -8972.42
10856, -8873.00, -8966.64
10860, -8870.00, -8961.47
10865, -8865.00, -8955.68
10871, -8858.00, -8949.52
10876, -8852.00, -8943.37
10881, -8843.00, -8937.53
10886, -8839.00, -8931.60
10891, -8833.00, -8925.32
10896, -8830.00, -8919.92
10902, -8821.00, -8913.48
10906, -8816.00, -8908.46
10910, -8813.00, -8903.38
10915, -8804.00, -8898.05
10920, -8796.00, -8891.72
10925, -8793.00, -8885.89
10930, -8789.00, -8880.84
10935, -8784.00, -8875.02
10940, -8775.00, -8868.30
10945, -8771.00, -8862.99
10950, -8765.00, -8856.92
10956, -8757.00, -8850.77
10960, -8752.00, -8845.70
10965, -8749.00, -8840.00
10969, -8742.00, -8834.51
10974, -8737.00, -8829.56
10978, -8733.00, -8824.58
10983, -8727.00, -8818.53
10988, -8719.00, -8812.84
10993, -8713.00, -8807.13
10998, -8711.00, -8801.32
11003, -8704.00, -8795.37
11008, -8696.00, -8789.61
11013, -8690.00, -8784.52
11017, -8687.00, -8779.50
11021, -8681.00, -8774.27
11026, -8677.00, -8769.00
11031, -8672.00, -8763.20
11036, -8664.00, -8756.80
11042, -8656.00, -8750.70
11047, -8652.00, -8744.64
11052, -8646.00, -8738.40
11057, -8642.00, -8732.96
11061, -8635.00, -8727.59
11066, -8630.00, -8722.38
11071, -8623.00, -8716.35
11076, -8617.00, -8711.00
11080, -8611.00, -8705.88
11085, -8608.00, -8700.41
11090, -8602.00, -8694.64
11094, -8592.00, -8688.82
11099, -8591.00, -8682.98
11105, -8584.00, -8676.51
11110, -8578.00, -8671.08
11115, -8571.00, -8665.26
11120, -8566.00, -8659.16
11125, -8562.00, -8653.06
11130, -8553.00, -8647.14
11135, -8546.00, -8641.79
11140, -8542.00, -8635.34
11145, -8537.00, -8629.66
11150, -8532.00, -8624.05
11155, -8520.00, -8617.78
11159, -8518.00, -8612.30
11164, -8514.00, -8606.71
11169, -8508.00, -8600.79
11175, -8497.00, -8594.06
11179, -8498.00, -8588.93
11184, -8489.00, -8583.08
11189, -8484.00, -8577.42
11193, -8479.00, -8572.33
11198, -8474.00, -8566.84
11203, -8469.00, -8561.19
11209, -8460.00, -8554.69
11214, -8454.00, -8548.42
11219, -8449.00, -8542.01
11224, -8443.00, -8535.99
11229, -8437.00, -8530.62
11234, -8430.00, -8524.55
11239, -8424.00, -8518.28
11244, -8419.00, -8513.12
11248, -8413.00, -8507.70
11253, -8411.00, -8502.33
11258, -8405.00, -8496.81
11262, -8396.00, -8491.34
11267, -8391.00, -8485.64
11272, -8387.00, -8479.91
11276, -8382.00, -8474.86
11281, -8375.00, -8469.27
11286, -8372.00, -8464.00
11291, -8366.00, -8458.23
11295, -8360.00, -8453.27
11300, -8353.00, -8447.45
11305, -8349.00, -8441.60
11309, -8343.00, -8436.39
11314, -8340.00, -8431.25
11319, -8333.00, -8424.98
11324, -8325.00, -8419.21
11329, -8319.00, -8412.99
11335, -8311.00, -8406.25
11340, -8307.00, -8400.74
11345, -8302.00, -8394.89
11350, -8296.00, -8388.74
11355, -8288.00, -8382.64
11360, -8286.00, -8377.38
11364, -8279.00, -8371.97
11369, -8271.00, -8365.93
11374, -8268.00, -8360.42
11379, -8262.00, -8354.87
11384, -8255.00, -8349.20
11388, -8250.00, -8344.06
11393, -8248.00, -8338.69
11398, -8242.00, -8332.85
11403, -8234.00, -8327.04
11408, -8226.00, -8321.18
11412, -8224.00, -8316.12
11417, -8219.00, -8310.14
11422, -8213.00, -8305.15
11426, -8210.00, -8300.25
11431, -8202.00, -8294.85
11435, -8196.00, -8289.36
11441, -8192.00, -8283.03
11445, -8189.00, -8277.97
11450, -8180.00, -8272.51
11455, -8174.00, -8266.42
11460, -8173.00, -8261.47
11464, -8164.00, -8255.95
11469, -8159.00, -8250.43
11474, -8153.00, -8244.66
11480, -8148.00, -8238.46
11484, -8141.00, -8233.24
11489, -8135.00, -8227.76
11494, -8132.00, -8222.00
11500, -8125.00, -8215.62
11504, -8118.00, -8210.22
11509, -8112.00, -8204.70
11514, -8108.00, -8198.71
11519, -8105.00, -8193.05
11524, -8099.00, -8187.21
11529, -8090.00, -8181.58
11534, -8084.00, -8176.21
11539, -8082.00, -8170.55
11544, -8074.00, -8165.43
11548, -8068.00, -8160.32
11552, -8064.00, -8155.37
11557, -8058.00, -8149.55
11562, -8052.00, -8144.27
11568, -8047.00, -8137.73
11573, -8042.00, -8132.21
11577, -8036.00, -8126.61
11583, -8028.00, -8119.98
11589, -8022.00, -8113.49
11593, -8018.00, -8108.33
11598, -8012.00, -8103.23
11603, -8006.00, -8097.50
11608, -8002.00, -8091.56
11612, -7998.00, -8086.73
11617, -7989.00, -8081.09
11623, -7982.00, -8074.84
11627, -7981.00, -8069.54
11632, -7974.00, -8064.73
11636, -7967.00, -8059.79
11640, -7966.00, -8054.89
11645, -7958.00, -8049.89
11649, -7953.00, -8044.51
11654, -7950.00, -8039.16
11659, -7944.00, -8033.65
11664, -7935.00, -8028.25
11669, -7929.00, -8021.55
11674, -7929.00, -8016.20
11679, -7921.00, -8010.77
11684, -7911.00, -8005.35
11689, -7908.00, -7998.76
11694, -7905.00, -7993.50
11699, -7900.00, -7988.12
11704, -7891.00, -7982.36
11708, -7886.00, -7977.22
11713, -7884.00, -7971.62
11719, -7876.00, -7965.39
11723, -7867.00, -7960.24
11728, -7865.00, -7954.68
11733, -7861.00, -7949.34
11737, -7852.00, -7944.43
11742, -7848.00, -7939.45
11746, -7846.00, -7934.59
11750, -7836.00, -7929.61
11755, -7833.00, -7924.49
11759, -7830.00, -7919.47
11764, -7820.00, -7914.36
11768, -7819.00, -7909.34
11772, -7813.00, -7904.31
11777, -7807.00, -7899.32
11781, -7803.00, -7894.42
11786, -7798.00, -7888.64
11791, -7791.00, -7882.66
11797, -7783.00, -7875.98
11802, -7776.00, -7870.08
11808, -7773.00, -7863.22
11814, -7767.00, -7856.57
11818, -7758.00, -7851.21
11823, -7751.00, -7846.03
11827, -7751.00, -7840.70
11834, -7740.00, -7833.57
11838, -7736.00, -7828.38
11843, -7731.00, -7823.01
11848, -7725.00, -7816.45
11853, -7719.00, -7810.87
11858, -7714.00, -7805.50
11863, -7706.00, -7799.99
11867, -7704.00, -7794.90
11872, -7697.00, -7789.46
11876, -7692.00, -7784.32
11881, -7687.00, -7778.38
11886, -7682.00, -7773.04
11891, -7675.00, -7767.18
11896, -7670.00, -7761.51
11902, -7664.00, -7754.86
11907, -7658.00, -7748.82
11912, -7651.00, -7743.19
11917, -7644.00, -7737.30
11922, -7640.00, -7731.51
11927, -7639.00, -7726.41
11932, -7629.00, -7720.79
11936, -7623.00, -7715.14
11941, -7621.00, -7709.69
11946, -7615.00, -7704.74
11951, -7608.00, -7699.13
11955, -7605.00, -7693.96
11960, -7601.00, -7688.86
11964, -7592.00, -7683.97
11969, -7589.00, -7678.27
11974, -7584.00, -7673.14
11978, -7576.00, -7668.26
11983, -7572.00, -7662.70
11988, -7568.00, -7656.22
11993, -7562.00, -7651.18
11998, -7555.00, -7645.61
12003, -7550.00, -7639.54
12008, -7546.00, -7634.11
12013, -7540.00, -7628.43
12018, -7548.00, -7623.43
12024, -7554.00, -7618.71
12028, -7556.00, -7615.39
12032, -7562.00, -7612.50
12036, -7568.00, -7610.00
12041, -7572.00, -7607.86
12046, -7579.00, -7605.66
12052, -7588.00, -7604.11
12057, -7592.00, -7603.31
12062, -7595.00, -7602.71
12067, -7604.00, -7602.51
12073, -7610.00, -7602.82
12078, -7618.00, -7603.53
12083, -7625.00, -7604.67
12087, -7629.00, -7605.84
12092, -7635.00, -7607.24
12097, -7640.00, -7609.05
12102, -7644.00, -7611.11
12106, -7653.00, -7613.08
12110, -7656.00, -7615.26
12115, -7660.00, -7617.65
12120, -7666.00, -7620.34
12124, -7674.00, -7623.15
12129, -7677.00, -7626.20
12134, -7686.00, -7629.59
12140, -7688.00, -7633.51
12144, -7699.00, -7636.91
12149, -7700.00, -7640.71
12154, -7707.00, -7644.11
12158, -7712.00, -7647.53
12163, -7717.00, -7651.59
12168, -7722.00, -7655.48
12174, -7730.00, -7660.41
12178, -7736.00, -7664.22
12182, -7739.00, -7668.19
12187, -7744.00, -7672.20
12191, -7751.00, -7676.24
12196, -7755.00, -7681.07
12201, -7759.00, -7685.18
12205, -7767.00, -7689.38
12209, -7769.00, -7693.57
12214, -7775.00, -7697.96
12219, -7780.00, -7702.84
12224, -7786.00, -7707.70
12229, -7791.00, -7712.53
12234, -7798.00, -7717.39
12239, -7804.00, -7722.34
12244, -7810.00, -7728.23
12249, -7812.00, -7732.80
12253, -7821.00, -7737.38
12258, -7827.00, -7742.16
12263, -7830.00, -7747.51
12267, -7834.00, -7751.98
12272, -7842.00, -7757.13
12278, -7849.00, -7763.42
12283, -7851.00, -7768.29
12288, -7859.00, -7773.58
12292, -7864.00, -7778.34
12296, -7865.00, -7782.84
12302, -7872.00, -7788.71
12307, -7879.00, -7794.03
12312, -7886.00, -7799.28
12318, -7889.00, -7805.38
12322, -7894.00, -7810.23
12327, -7903.00, -7815.77
12333, -7910.00, -7821.40
12337, -7913.00, -7826.81
12342, -7917.00, -7831.49
12347, -7922.00, -7837.47
12353, -7931.00, -7843.06
12357, -7937.00, -7848.34
12362, -7938.00, -7853.09
12367, -7947.00, -7859.03
12373, -7955.00, -7865.31
12378, -7960.00, -7871.60
12384, -7964.00, -7877.27
12388, -7968.00, -7882.58
12393, -7978.00, -7887.85
12398, -7978.00, -7892.68
12402, -7986.00, -7897.83
12407, -7991.00, -7902.92
12412, -7996.00, -7908.24
12417, -8003.00, -7914.39
12422, -8008.00, -7919.75
12427, -8014.00, -7925.17
12432, -8021.00, -7930.65
12438, -8026.00, -7937.06
12442, -8029.00, -7941.83
12447, -8036.00, -7947.51
12452, -8043.00, -7953.58
12457, -8047.00, -7958.99
12463, -8052.00, -7965.14
12468, -8059.00, -7971.01
12473, -8066.00, -7976.34
12478, -8071.00, -7982.10
12483, -8074.00, -7987.60
12489, -8082.00, -7993.97
12494, -8089.00, -7999.32
12499, -8097.00, -8005.58
12504, -8099.00, -8010.64
12508, -8104.00, -8015.66
12513, -8112.00, -8020.66
12517, -8115.00, -8025.59
12522, -8119.00, -8031.05
12527, -8125.00, -8036.40
12532, -8134.00, -8042.68
12538, -8140.00, -8049.36
12543, -8141.00, -8054.43
12548, -8150.00, -8060.38
12553, -8155.00, -8065.51
12557, -8160.00, -8070.92
12562, -8165.00, -8076.44
12568, -8171.00, -8082.28
12572, -8178.00, -8087.20
12577, -8181.00, -8092.98
12582, -8188.00, -8098.07
12587, -8194.00, -8103.61
12591, -8198.00, -8108.57
12596, -8202.00, -8114.45
12601, -8209.00, -8119.82
12606, -8218.00, -8125.62
12611, -8220.00, -8131.13
12616, -8226.00, -8136.82
12621, -8230.00, -8141.96
12625, -8236.00, -8146.98
12630, -8242.00, -8152.22
12634, -8248.00, -8157.22
12639, -8253.00, -8162.74
12644, -8256.00, -8167.68
12648, -8264.00, -8172.46
12653, -8269.00, -8178.00
12657, -8270.00, -8183.06
12662, -8278.00, -8187.96
12666, -8287.00, -8193.21
12671, -8288.00, -8199.37
12677, -8294.00, -8205.00
12682, -8300.00, -8210.88
12687, -8308.00, -8216.44
12691, -8310.00, -8221.29
12696, -8317.00, -8226.55
12700, -8324.00, -8231.62
12706, -8328.00, -8238.15
12711, -8334.00, -8244.03
12716, -8340.00, -8249.56
12721, -8346.00, -8255.29
12725, -8351.00, -8260.35
12730, -8354.00, -8265.55
12734, -8361.00, -8270.47
12739, -8366.00, -8275.41
12743, -8370.00, -8280.48
12748, -8378.00, -8285.55
12753, -8384.00, -8291.75
12757, -8386.00, -8296.76
12762, -8392.00, -8302.05
12767, -8401.00, -8307.43
12773, -8405.00, -8314.80
12777, -8408.00, -8319.79
12782, -8414.00, -8325.20
12787, -8424.00, -8331.06
12792, -8426.00, -8336.60
12798, -8432.00, -8342.46
12802, -8439.00, -8347.29
12806, -8444.00, -8352.61
12811, -8449.00, -8357.61
12816, -8455.00, -8363.18
12821, -8463.00, -8368.99
12825, -8465.00, -8374.13
12829, -8469.00, -8379.00
12834, -8478.00, -8384.91
12839, -8483.00, -8390.41
12843, -8487.00, -8395.44
12849, -8493.00, -8401.30
12854, -8501.00, -8407.28
12858, -8504.00, -8412.29
12863, -8509.00, -8417.76
12868, -8517.00, -8423.58
12873, -8522.00, -8429.21
12877, -8526.00, -8434.41
12882, -8531.00, -8439.94
12887, -8538.00, -8445.97
12892, -8541.00, -8451.01
12897, -8549.00, -8456.91
12902, -8555.00, -8462.70
12906, -8560.00, -8467.88
12911, -8565.00, -8473.49
12917, -8570.00, -8479.85
12921, -8580.00, -8485.23
12926, -8585.00, -8490.75
12930, -8589.00, -8496.14
12936, -8595.00, -8502.15
12940, -8600.00, -8507.12
12944, -8604.00, -8512.04
12949, -8612.00, -8518.09
12954, -8617.00, -8523.30
12958, -8620.00, -8528.50
12963, -8627.00, -8533.72
12968, -8635.00, -8539.68
12973, -8640.00, -8546.09
12978, -8643.00, -8551.57
12983, -8650.00, -8557.50
12988, -8658.00, -8563.21
12993, -8661.00, -8569.07
12998, -8665.00, -8574.60
13002, -8671.00, -8579.77
13007, -8679.00, -8585.18
13012, -8684.00, -8591.19
13017, -8689.00, -8597.41
13022, -8697.00, -8603.15
13027, -8703.00, -8608.78
13033, -8706.00, -8615.24
13037, -8712.00, -8620.71
13042, -8719.00, -8626.20
13047, -8725.00, -8632.17
13052, -8729.00, -8637.32
13056, -8734.00, -8642.55
13060, -8741.00, -8647.57
13065, -8744.00, -8652.84
13070, -8750.00, -8658.74
13075, -8759.00, -8663.87
13079, -8761.00, -8669.26
13084, -8766.00, -8674.79
13089, -8774.00, -8680.56
13094, -8781.00, -8686.68
13098, -8780.00, -8691.59
13103, -8789.00, -8697.03
13108, -8796.00, -8702.06
13113, -8800.00, -8707.98
13118, -8805.00, -8714.16
13123, -8811.00, -8719.86
13128, -8819.00, -8725.62
13133, -8821.00, -8731.27
13138, -8826.00, -8736.90
13143, -8835.00, -8742.62
13148, -8843.00, -8748.69
13154, -8847.00, -8755.22
13158, -8853.00, -8760.50
13162, -8857.00, -8765.50
13167, -8863.00, -8771.22
13173, -8867.00, -8777.02
13177, -8873.00, -8782.45
13182, -8879.00, -8787.68
13187, -8886.00, -8793.68
13192, -8890.00, -8799.01
13197, -8897.00, -8805.40
13202, -8904.00, -8811.34
13207, -8910.00, -8816.41
13212, -8911.00, -8821.98
13216, -8918.00, -8827.38
13221, -8928.00, -8833.26
13226, -8930.00, -8838.45
13231, -8935.00, -8844.08
13237, -8943.00, -8850.75
13241, -8950.00, -8855.87
13245, -8951.00, -8860.94
13251, -8958.00, -8867.22
13256, -8965.00, -8872.88
13260, -8970.00, -8878.28
13265, -8975.00, -8883.93
13270, -8983.00, -8889.51
13275, -8988.00, -8894.60
13279, -8990.00, -8899.57
13284, -8997.00, -8905.01
13288, -9002.00, -8910.35
13293, -9004.00, -8915.31
13298, -9013.00, -8921.52
13303, -9019.00, -8927.65
13308, -9025.00, -8932.70
13312, -9028.00, -8937.68
13317, -9035.00, -8943.34
13322, -9042.00, -8949.17
13326, -9044.00, -8954.20
13332, -9048.00, -8960.00
13337, -9060.00, -8965.64
13341, -9064.00, -8971.07
13346, -9067.00, -8976.73
13351, -9073.00, -8982.23
13355, -9080.00, -8987.39
13360, -9083.00, -8992.75
13366, -9089.00, -8999.40
13372, -9098.00, -9006.28
13377, -9104.00, -9011.92
13382, -9109.00, -9017.46
13386, -9114.00, -9022.39
13390, -9120.00, -9027.52
13396, -9127.00, -9034.23
13401, -9131.00, -9039.42
13406, -9135.00, -9045.04
13410, -9142.00, -9050.33
13415, -9149.00, -9056.04
13420, -9153.00, -9062.00
13425, -9158.00, -9067.53
13431, -9167.00, -9074.73
13437, -9173.00, -9081.13
13442, -9180.00, -9086.86
13447, -9184.00, -9092.58
13452, -9189.00, -9098.19
13456, -9195.00, -9103.24
13461, -9200.00, -9108.92
13466, -9204.00, -9114.20
13471, -9212.00, -9119.90
13477, -9220.00, -9126.91
13481, -9224.00, -9132.28
13486, -9231.00, -9137.34
13490, -9236.00, -9142.39
13495, -9241.00, -9148.02
13500, -9245.00, -9154.54
13505, -9253.00, -9160.25
13511, -9260.00, -9166.66
13516, -9265.00, -9172.18
13520, -9271.00, -9177.83
13525, -9275.00, -9183.05
13529, -9283.00, -9188.29
13534, -9287.00, -9194.04
13539, -9291.00, -9199.54
13544, -9299.00, -9205.20
13550, -9305.00, -9212.04
13555, -9311.00, -9218.37
13560, -9314.00, -9223.92
13565, -9320.00, -9229.56
13570, -9330.00, -9235.27
13575, -9332.00, -9240.92
13580, -9337.00, -9246.41
13585, -9345.00, -9253.00
13590, -9351.00, -9258.04
13594, -9355.00, -9263.04
13598, -9362.00, -9268.01
13603, -9369.00, -9273.20
13607, -9370.00, -9278.32
13611, -9376.00, -9283.44
13617, -9384.00, -9289.79
13622, -9390.00, -9296.14
13627, -9394.00, -9301.71
13632, -9400.00, -9307.56
13637, -9406.00, -9313.39
13641, -9412.00, -9318.55
13646, -9415.00, -9324.23
13651, -9423.00, -9330.14
13656, -9430.00, -9335.69
13661, -9433.00, -9341.66
13667, -9439.00, -9347.83
13671, -9446.00, -9353.29
13676, -9451.00, -9358.31
13681, -9457.00, -9364.67
13686, -9464.00, -9370.79
13691, -9469.00, -9376.30
13697, -9478.00, -9383.26
13703, -9483.00, -9389.92
13707, -9488.00, -9395.00
13711, -9494.00, -9400.09
13716, -9499.00, -9405.13
13720, -9502.00, -9410.40
13725, -9509.00, -9415.88
13730, -9517.00, -9421.57
13734, -9516.00, -9426.98
13739, -9526.00, -9432.61
13745, -9533.00, -9439.32
13750, -9536.00, -9444.82
13754, -9539.00, -9450.30
13759, -9548.00, -9456.01
13764, -9554.00, -9461.80
13770, -9562.00, -9468.53
13776, -9566.00, -9474.66
13780, -9573.00, -9480.38
13786, -9578.00, -9486.31
13790, -9586.00, -9491.75
13796, -9591.00, -9498.38
13801, -9596.00, -9504.45
13806, -9602.00, -9509.62
13811, -9608.00, -9516.11
13816, -9615.00, -9521.77
13821, -9619.00, -9527.35
13825, -9626.00, -9532.34
13830, -9631.00, -9537.53
13835, -9636.00, -9543.53
13839, -9641.00, -9548.56
13844, -9650.00, -9554.78
13850, -9654.00, -9561.58
13855, -9660.00, -9567.40
13860, -9666.00, -9572.76
13864, -9673.00, -9578.12
13869, -9677.00, -9583.93
13874, -9680.00, -9589.16
13878, -9688.00, -9594.20
13882, -9691.00, -9599.27
13887, -9697.00, -9604.24
13891, -9705.00, -9609.70
13896, -9710.00, -9615.51
13901, -9713.00, -9621.04
13905, -9720.00, -9626.27
13910, -9726.00, -9631.35
13914, -9729.00, -9636.40
13918, -9736.00, -9641.55
13923, -9740.00, -9646.63
13927, -9744.00, -9651.64
13931, -9751.00, -9656.75
13936, -9755.00, -9661.91
13940, -9759.00, -9666.99
13946, -9768.00, -9673.47
13951, -9776.00, -9680.00
13955, -9778.00, -9685.16
13960, -9784.00, -9690.16
13965, -9790.00, -9695.96
13969, -9796.00, -9701.75
13974, -9800.00, -9706.77
13978, -9808.00, -9712.08
13982, -9810.00, -9717.09
13987, -9817.00, -9722.04
13991, -9821.00, -9727.10
13996, -9827.00, -9732.95
14000, -9831.00, -9738.27
14005, -9840.00, -9743.54
14010, -9846.00, -9750.41
14015, -9848.00, -9756.14
14020, -9856.00, -9761.40
14026, -9863.00, -9768.27
14031, -9871.00, -9774.44
14035, -9870.00, -9779.66
14039, -9879.00, -9784.67
14044, -9885.00, -9789.81
14049, -9889.00, -9795.84
14053, -9896.00, -9800.91
14058, -9902.00, -9806.31
14062, -9904.00, -9811.71
14067, -9911.00, -9817.08
14071, -9918.00, -9822.45
14076, -9921.00, -9828.49
14081, -9927.00, -9833.58
14085, -9934.00, -9838.79
14090, -9937.00, -9844.13
14095, -9941.00, -9850.18
14099, -9951.00, -9855.26
14104, -9956.00, -9861.32
14109, -9959.00, -9866.90
14114, -9965.00, -9872.22
14119, -9975.00, -9878.42
14124, -9977.00, -9883.90
14128, -9982.00, -9889.30
14133, -9988.00, -9894.80
14138, -9993.00, -9900.33
14143, -10000.00, -9906.40
14147, -10003.00, -9911.42
14151, -10013.00, -9916.47
14156, -10014.00, -9921.75
14160, -10019.00, -9927.04
14166, -10030.00, -9933.45
14171, -10034.00, -9939.93
14176, -10038.00, -9945.50
14181, -10045.00, -9951.64
14186, -10053.00, -9957.71
14191, -10059.00, -9963.72
14196, -10063.00, -9969.24
14201, -10068.00, -9975.37
14206, -10076.00, -9980.51
14211, -10080.00, -9986.46
14216, -10082.00, -9992.48
14220, -10092.00, -9997.66
14225, -10100.00, -10003.19
14229, -10101.00, -10008.45
14235, -10108.00, -10014.77
14239, -10116.00, -10020.17
14245, -10121.00, -10027.07
14250, -10125.00, -10032.57
14255, -10131.00, -10038.15
14259, -10137.00, -10043.20
14264, -10142.00, -10049.13
14269, -10148.00, -10054.48
14273, -10156.00, -10059.62
14278, -10161.00, -10066.42
14283, -10166.00, -10071.72
14288, -10171.00, -10077.49
14292, -10178.00, -10082.57
14296, -10180.00, -10087.62
14302, -10187.00, -10093.61
14306, -10193.00, -10098.88
14310, -10197.00, -10103.97
14315, -10203.00, -10108.97
14319, -10209.00, -10114.07
14324, -10212.00, -10119.54
14328, -10218.00, -10124.53
14333, -10225.00, -10130.41
14338, -10231.00, -10136.29
14342, -10236.00, -10141.89
14347, -10241.00, -10147.46
14352, -10248.00, -10152.79
14356, -10252.00, -10158.35
14361, -10257.00, -10163.40
14366, -10266.00, -10169.41
14370, -10267.00, -10174.75
14375, -10274.00, -10180.17
14380, -10283.00, -10186.30
14385, -10287.00, -10192.17
14389, -10291.00, -10197.42
14395, -10296.00, -10204.13
14400, -10305.00, -10209.88
14405, -10312.00, -10215.68
14410, -10316.00, -10221.86
14415, -10320.00, -10227.55
14420, -10329.00, -10233.64
14425, -10336.00, -10240.26
14430, -10338.00, -10245.89
14435, -10346.00, -10252.00
14440, -10352.00, -10257.46
14445, -10356.00, -10263.20
14450, -10362.00, -10269.48
14455, -10369.00, -10274.64
14461, -10377.00, -10281.61
14465, -10380.00, -10286.71
14469, -10384.00, -10291.72
14473, -10391.00, -10296.75
14478, -10396.00, -10302.50
14483, -10400.00, -10307.48
14487, -10407.00, -10313.02
14492, -10412.00, -10318.99
14498, -10418.00, -10325.65
14503, -10423.00, -10331.04
14508, -10430.00, -10337.20
14513, -10436.00, -10342.99
14518, -10441.00, -10349.25
14523, -10446.00, -10354.71
14528, -10455.00, -10360.49
14533, -10460.00, -10366.15
14538, -10465.00, -10371.81
14542, -10469.00, -10376.94
14547, -10476.00, -10382.66
14552, -10479.00, -10387.91
14556, -10485.00, -10393.38
14561, -10492.00, -10398.44
14566, -10497.00, -10404.42
14571, -10504.00, -10410.21
14575, -10507.00, -10415.28
14580, -10514.00, -10420.50
14584, -10516.00, -10425.47
14588, -10522.00, -10430.39
14593, -10530.00, -10436.08
14598, -10533.00, -10442.16
14603, -10538.00, -10447.88
14608, -10544.00, -10453.05
14612, -10549.00, -10458.35
14617, -10554.00, -10463.52
14621, -10559.00, -10468.58
14626, -10566.00, -10474.10
14631, -10566.00, -10478.94
14636, -10575.00, -10484.79
14641, -10582.00, -10490.28
14646, -10588.00, -10496.22
14650, -10589.00, -10501.42
14655, -10598.00, -10506.23
14659, -10602.00, -10511.18
14664, -10605.00, -10516.81
14668, -10612.00, -10521.84
14673, -10618.00, -10527.37
14678, -10621.00, -10533.00
14683, -10627.00, -10538.54
14688, -10633.00, -10543.46
14693, -10639.00, -10548.99
14698, -10642.00, -10554.83
14703, -10650.00, -10560.04
14707, -10656.00, -10565.52
14713, -10662.00, -10572.30
14718, -10666.00, -10577.75
14723, -10670.00, -10582.44
14728, -10676.00, -10588.59
14733, -10682.00, -10593.66
14737, -10686.00, -10598.69
14742, -10693.00, -10603.95
14747, -10701.00, -10610.09
14752, -10704.00, -10615.12
14757, -10708.00, -10620.65
14762, -10713.00, -10626.08
14766, -10719.00, -10630.81
14771, -10722.00, -10635.82
14777, -10726.00, -10642.03
14781, -10735.00, -10646.75
14786, -10741.00, -10652.38
14790, -10745.00, -10657.38
14795, -10752.00, -10662.93
14800, -10755.00, -10667.94
14805, -10759.00, -10672.93
14809, -10767.00, -10678.08
14814, -10773.00, -10682.95
14819, -10777.00, -10688.95
14823, -10782.00, -10693.83
14829, -10788.00, -10699.54
14833, -10795.00, -10705.02
14838, -10797.00, -10709.86
14842, -10804.00, -10714.87
14847, -10809.00, -10720.13
14852, -10813.00, -10725.23
14856, -10818.00, -10730.50
14861, -10826.00, -10736.01
14866, -10831.00, -10741.62
14871, -10835.00, -10746.56
14875, -10841.00, -10751.70
14881, -10848.00, -10758.20
14887, -10855.00, -10764.48
14891, -10858.00, -10769.42
14896, -10865.00, -10774.69
14900, -10869.00, -10779.54
14904, -10871.00, -10784.27
14910, -10879.00, -10790.10
14915, -10884.00, -10795.63
14919, -10889.00, -10800.77
14923, -10895.00, -10805.60
14929, -10901.00, -10812.30
14935, -10909.00, -10818.15
14939, -10911.00, -10823.14
14944, -10916.00, -10828.53
14949, -10925.00, -10834.09
14954, -10930.00, -10839.54
14959, -10932.00, -10845.24
14964, -10939.00, -10850.67
14968, -10947.00, -10855.94
14973, -10950.00, -10861.37
14978, -10954.00, -10866.76
14982, -10959.00, -10871.50
14987, -10966.00, -10876.60
14991, -10969.00, -10881.37
14996, -10977.00, -10886.18
15000, -10979.00, -10891.19
15005, -10984.00, -10896.24
15009, -10992.00, -10901.49
15014, -10996.00, -10906.83
15019, -11000.00, -10911.75
15023, -11006.00, -10916.52
15028, -11011.00, -10922.08
15033, -11014.00, -10927.63
15037, -11020.00, -10932.38
15042, -11029.00, -10938.00
15048, -11033.00, -10944.21
15052, -11036.00, -10949.50
15057, -11043.00, -10954.68
15062, -11051.00, -10959.84
15067, -11056.00, -10966.04
15072, -11061.00, -10971.52
15078, -11069.00, -10978.02
15083, -11073.00, -10983.58
15087, -11078.00, -10988.40
15092, -11082.00, -10994.06
15096, -11090.00, -10999.02
15101, -11095.00, -11004.36
15106, -11099.00, -11009.82
15110, -11105.00, -11014.77
15115, -11112.00, -11020.61
15120, -11114.00, -11025.69
15124, -11119.00, -11030.57
15129, -11128.00, -11035.84
15134, -11131.00, -11041.10
15138, -11135.00, -11045.92
15142, -11141.00, -11050.78
15146, -11147.00, -11055.66
15151, -11151.00, -11060.77
15155, -11156.00, -11065.83
15160, -11161.00, -11070.78
15165, -11166.00, -11076.25
15170, -11174.00, -11082.16
15175, -11178.00, -11087.58
15180, -11181.00, -11093.41
15185, -11189.00, -11098.99
15190, -11194.00, -11104.41
15195, -11202.00, -11110.54
15201, -11206.00, -11117.16
15205, -11211.00, -11122.42
15210, -11219.00, -11127.71
15215, -11226.00, -11133.37
15220, -11230.00, -11138.74
15224, -11235.00, -11143.99
15229, -11240.00, -11149.19
15234, -11246.00, -11154.94
15238, -11251.00, -11160.09
15243, -11256.00, -11165.00
15247, -11261.00, -11170.37
15252, -11265.00, -11175.28
15256, -11273.00, -11180.35
15262, -11279.00, -11187.07
15267, -11283.00, -11193.13
15272, -11288.00, -11198.07
15276, -11296.00, -11203.62
15282, -11303.00, -11210.29
15286, -11305.00, -11215.18
15291, -11310.00, -11220.50
15296, -11317.00, -11225.69
15301, -11321.00, -11231.37
15305, -11327.00, -11236.54
15310, -11333.00, -11241.70
15315, -11340.00, -11247.36
15320, -11341.00, -11252.84
15324, -11349.00, -11257.78
15329, -11356.00, -11263.14
15334, -11358.00, -11269.37
15338, -11364.00, -11274.26
15343, -11371.00, -11279.11
15347, -11375.00, -11284.33
15352, -11380.00, -11289.25
15356, -11387.00, -11294.56
15360, -11388.00, -11299.38
15365, -11395.00, -11304.19
15369, -11402.00, -11309.30
15373, -11403.00, -11314.18
15378, -11411.00, -11319.03
15382, -11416.00, -11324.02
15386, -11418.00, -11329.08
15391, -11425.00, -11334.06
15395, -11431.00, -11339.04
15399, -11434.00, -11343.99
15404, -11441.00, -11348.88
15408, -11444.00, -11353.82
15412, -11449.00, -11358.61
15417, -11455.00, -11364.00
15422, -11461.00, -11369.61
15426, -11465.00, -11374.62
15431, -11473.00, -11379.61
15436, -11476.00, -11385.47
15440, -11479.00, -11390.29
15444, -11487.00, -11395.08
15449, -11490.00, -11400.24
15453, -11494.00, -11405.01
15458, -11500.00, -11410.21
15462, -11506.00, -11415.10
15467, -11511.00, -11420.94
15471, -11516.00, -11425.86
15477, -11524.00, -11432.36
15483, -11531.00, -11438.72
15487, -11534.00, -11444.27
15492, -11539.00, -11449.68
15497, -11547.00, -11454.71
15501, -11550.00, -11460.09
15506, -11554.00, -11465.72
15512, -11563.00, -11471.74
15517, -11571.00, -11477.81
15522, -11573.00, -11483.26
15526, -11579.00, -11488.64
15531, -11585.00, -11493.56
15536, -11591.00, -11499.24
15540, -11593.00, -11504.46
15545, -11601.00, -11509.42
15549, -11605.00, -11514.44
15554, -11609.00, -11519.71
15558, -11616.00, -11525.04
15563, -11622.00, -11529.99
15567, -11624.00, -11534.80
15572, -11629.00, -11540.07
15576, -11636.00, -11544.94
15580, -11638.00, -11550.02
15586, -11647.00, -11555.79
15590, -11654.00, -11561.13
15595, -11658.00, -11566.60
15599, -11661.00, -11571.67
15604, -11670.00, -11576.60
15608, -11671.00, -11581.81
15613, -11676.00, -11586.62
15617, -11684.00, -11591.55
15621, -11685.00, -11596.45
15626, -11693.00, -11602.08
15631, -11698.00, -11607.54
15636, -11704.00, -11613.00
15641, -11707.00, -11618.51
15646, -11714.00, -11624.81
15652, -11722.00, -11631.41
15657, -11730.00, -11637.08
15663, -11733.00, -11643.67
15668, -11739.00, -11649.63
15672, -11743.00, -11654.46
15677, -11750.00, -11659.25
15682, -11755.00, -11665.00
15686, -11757.00, -11669.86
15691, -11767.00, -11674.97
15696, -11772.00, -11681.47
15702, -11775.00, -11687.48
15706, -11782.00, -11692.55
15711, -11787.00, -11697.93
15716, -11795.00, -11703.42
15720, -11798.00, -11708.69
15725, -11804.00, -11714.29
15730, -11810.00, -11719.78
15735, -11814.00, -11725.16
15740, -11818.00, -11730.39
15745, -11825.00, -11735.89
15749, -11831.00, -11740.81
15753, -11834.00, -11745.69
15758, -11840.00, -11750.69
15764, -11848.00, -11757.08
15768, -11851.00, -11762.36
15774, -11855.00, -11768.21
15779, -11863.00, -11773.96
15784, -11869.00, -11779.34
15788, -11872.00, -11784.39
15792, -11878.00, -11789.21
15797, -11884.00, -11794.02
15801, -11886.00, -11798.81
15805, -11893.00, -11803.63
15811, -11901.00, -11810.24
15816, -11903.00, -11815.45
15821, -11910.00, -11821.29
15827, -11916.00, -11827.74
15832, -11922.00, -11833.25
15836, -11926.00, -11838.16
15841, -11931.00, -11842.89
15846, -11937.00, -11849.12
15851, -11945.00, -11854.68
15856, -11950.00, -11860.55
15861, -11954.00, -11866.16
15866, -11962.00, -11871.31
15871, -11965.00, -11876.32
15875, -11970.00, -11881.71
15880, -11975.00, -11886.74
15885, -11983.00, -11892.47
15889, -11987.00, -11897.50
15894, -11991.00, -11903.04
15899, -11998.00, -11908.01
15903, -12001.00, -11912.97
15908, -12005.00, -11918.05
15912, -12012.00, -11922.90
15917, -12017.00, -11927.71
15921, -12022.00, -11932.46
15926, -12028.00, -11938.67
15931, -12035.00, -11944.31
15936, -12039.00, -11949.32
15941, -12043.00, -11955.60
15947, -12051.00, -11961.41
15952, -12058.00, -11967.35
15958, -12066.00, -11974.32
15963, -12070.00, -11980.05
15968, -12074.00, -11985.37
15973, -12081.00, -11991.61
15978, -12091.00, -11997.34
15983, -12092.00, -12003.14
15988, -12098.00, -12008.26
15993, -12103.00, -12013.61
15998, -12111.00, -12019.33
16002, -12114.00, -12024.58
16007, -12121.00, -12029.88
16012, -12124.00, -12035.15
16017, -12123.00, -12040.65
16021, -12125.00, -12045.18
16026, -12124.00, -12049.95
16031, -12123.00, -12054.35
16036, -12123.00, -12058.20
16040, -12121.00, -12061.67
16045, -12124.00, -12065.23
16050, -12123.00, -12068.66
16054, -12124.00, -12071.86
16059, -12124.00, -12074.79
16064, -12123.00, -12077.71
16068, -12125.00, -12080.24
16074, -12124.00, -12083.22
16079, -12125.00, -12085.92
16085, -12122.00, -12088.41
16089, -12126.00, -12090.38
16095, -12124.00, -12092.83
16100, -12123.00, -12094.61
16104, -12124.00, -12096.15
16109, -12125.00, -12097.62
16113, -12124.00, -12099.03
16118, -12126.00, -12100.52
16122, -12125.00, -12101.85
16128, -12124.00, -12103.46
16133, -12124.00, -12104.85
16138, -12122.00, -12105.85
16143, -12124.00, -12106.86
16148, -12124.00, -12107.88
16152, -12126.00, -12108.81
16157, -12125.00, -12109.75
16162, -12124.00, -12110.79
16168, -12122.00, -12111.62
16173, -12124.00, -12112.30
16178, -12124.00, -12112.99
16183, -12123.00, -12113.68
16188, -12124.00, -12114.27
16193, -12123.00, -12114.85
16199, -12123.00, -12115.37
16203, -12124.00, -12115.83
16208, -12124.00, -12116.33
16214, -12124.00, -12116.90
16219, -12123.00, -12117.25
16223, -12123.00, -12117.55
16228, -12124.00, -12117.88
16232, -12124.00, -12118.24
16237, -12124.00, -12118.55
16242, -12122.00, -12118.84
16247, -12123.00, -12119.05
16252, -12123.00, -12119.29
16256, -12124.00, -12119.53
16261, -12124.00, -12119.81
16266, -12125.00, -12120.09
16272, -12122.00, -12120.33
16278, -12124.00, -12120.51
16282, -12126.00, -12120.76
16287, -12124.00, -12121.00
16293, -12123.00, -12121.17
16297, -12124.00, -12121.31
16302, -12123.00, -12121.43
16307, -12123.00, -12121.53
16312, -12123.00, -12121.61
16317, -12123.00, -12121.69
16322, -12124.00, -12121.81
16326, -12124.00, -12121.92
16331, -12124.00, -12122.04
16335, -12124.00, -12122.14
16340, -12122.00, -12122.20
16344, -12123.00, -12122.21
16349, -12122.00, -12122.23
16354, -12124.00, -12122.27
16358, -12122.00, -12122.31
16364, -12124.00, -12122.36
16368, -12124.00, -12122.45
16373, -12123.00, -12122.51
16378, -12124.00, -12122.57
16384, -12124.00, -12122.67
16388, -12124.00, -12122.74
16393, -12124.00, -12122.82
16398, -12123.00, -12122.86
16403, -12124.00, -12122.90
16407, -12122.00, -12122.90
16412, -12124.00, -12122.91
16417, -12124.00, -12122.97
16422, -12123.00, -12123.00
16427, -12124.00, -12123.04
16433, -12124.00, -12123.11
16437, -12125.00, -12123.18
16442, -12124.00, -12123.26
16447, -12125.00, -12123.33
16452, -12124.00, -12123.40
16457, -12123.00, -12123.40
16463, -12123.00, -12123.37
16467, -12124.00, -12123.38
16472, -12124.00, -12123.42
16478, -12124.00, -12123.46
16483, -12124.00, -12123.49
16487, -12124.00, -12123.52
16493, -12123.00, -12123.52
16499, -12124.00, -12123.52
16503, -12124.00, -12123.55
16508, -12124.00, -12123.57
16514, -12123.00, -12123.57
16518, -12123.00, -12123.54
16524, -12126.00, -12123.60
16528, -12122.00, -12123.62
16532, -12125.00, -12123.62
16537, -12124.00, -12123.67
16543, -12123.00, -12123.66
16547, -12124.00, -12123.65
16552, -12121.00, -12123.58
16557, -12124.00, -12123.52
16561, -12124.00, -12123.54
16565, -12122.00, -12123.51
16570, -12124.00, -12123.49
16576, -12125.00, -12123.56
16581, -12125.00, -12123.64
16585, -12123.00, -12123.66
16590, -12124.00, -12123.65
16595, -12123.00, -12123.64
16599, -12124.00, -12123.64
16605, -12125.00, -12123.70
16611, -12123.00, -12123.72
16617, -12124.00, -12123.70
16621, -12123.00, -12123.69
16626, -12123.00, -12123.65
16632, -12123.00, -12123.60
16637, -12124.00, -12123.60
16642, -12125.00, -12123.66
16647, -12123.00, -12123.68
16651, -12124.00, -12123.67
16656, -12123.00, -12123.66
16661, -12123.00, -12123.62
16665, -12125.00, -12123.64
16670, -12124.00, -12123.69
16674, -12123.00, -12123.68
16679, -12123.00, -12123.64
16684, -12121.00, -12123.54
16689, -12122.00, -12123.42
16693, -12123.00, -12123.37
16698, -12124.00, -12123.38
16702, -12122.00, -12123.36
16706, -12124.00, -12123.34
16711, -12124.00, -12123.37
16716, -12122.00, -12123.35
16721, -12125.00, -12123.36
16725, -12124.00, -12123.43
16731, -12124.00, -12123.47
16735, -12125.00, -12123.52
16740, -12123.00, -12123.55
16745, -12123.00, -12123.52
16751, -12124.00, -12123.52
16755, -12123.00, -12123.52
16760, -12124.00, -12123.52
16764, -12124.00, -12123.54
16769, -12125.00, -12123.60
16773, -12123.00, -12123.62
16778, -12123.00, -12123.58
16783, -12123.00, -12123.54
16788, -12124.00, -12123.54
16793, -12124.00, -12123.57
16798, -12123.00, -12123.57
16802, -12124.00, -12123.56
16807, -12126.00, -12123.64
16812, -12124.00, -12123.73
16816, -12123.00, -12123.71
16822, -12122.00, -12123.63
16827, -12124.00, -12123.59
16832, -12123.00, -12123.59
16837, -12124.00, -12123.58
16842, -12124.00, -12123.60
16847, -12123.00, -12123.60
16851, -12124.00, -12123.59
16855, -12122.00, -12123.56
16860, -12125.00, -12123.56
16866, -12124.00, -12123.63
16871, -12123.00, -12123.62
16875, -12124.00, -12123.62
16880, -12124.00, -12123.64
16884, -12125.00, -12123.68
16889, -12124.00, -12123.73
16894, -12126.00, -12123.80
16898, -12124.00, -12123.87
16902, -12124.00, -12123.87
16908, -12123.00, -12123.85
16913, -12123.00, -12123.80
16917, -12124.00, -12123.78
16923, -12123.00, -12123.76
16927, -12124.00, -12123.75
16933, -12123.00, -12123.73
16937, -12126.00, -12123.77
16942, -12125.00, -12123.88
16947, -12124.00, -12123.92
16952, -12122.00, -12123.87
16957, -12124.00, -12123.81
16962, -12123.00, -12123.79
16967, -12123.00, -12123.75
16972, -12123.00, -12123.70
16977, -12124.00, -12123.69
16982, -12124.00, -12123.71
16986, -12123.00, -12123.70
16991, -12124.00, -12123.69
16995, -12123.00, -12123.68
17000, -12124.00, -12123.67
17005, -12124.00, -12123.69
17010, -12124.00, -12123.71
17014, -12124.00, -12123.72
17019, -12122.00, -12123.68
17025, -12121.00, -12123.53
17030, -12123.00, -12123.44
17034, -12123.00, -12123.41
17040, -12126.00, -12123.48
17045, -12123.00, -12123.54
17050, -12124.00, -12123.54
17054, -12123.00, -12123.54
17059, -12124.00, -12123.54
17064, -12124.00, -12123.57
17068, -12123.00, -12123.56
17075, -12123.00, -12123.52
17079, -12124.00, -12123.52
17084, -12125.00, -12123.58
17088, -12124.00, -12123.63
17093, -12123.00, -12123.62
17097, -12124.00, -12123.62
17102, -12122.00, -12123.58
17106, -12122.00, -12123.49
17111, -12125.00, -12123.49
17115, -12125.00, -12123.58
17120, -12124.00, -12123.63
17124, -12125.00, -12123.68
17129, -12124.00, -12123.73
17134, -12123.00, -12123.71
17138, -12123.00, -12123.68
17143, -12123.00, -12123.63
17148, -12124.00, -12123.63
17152, -12123.00, -12123.62
17158, -12124.00, -12123.61
17163, -12124.00, -12123.64
17168, -12125.00, -12123.68
17173, -12124.00, -12123.73
17177, -12122.00, -12123.70
17182, -12124.00, -12123.65
17188, -12124.00, -12123.68
17193, -12124.00, -12123.70
17197, -12124.00, -12123.71
17201, -12123.00, -12123.70
17206, -12124.00, -12123.69
17211, -12123.00, -12123.68
17216, -12122.00, -12123.61
17220, -12124.00, -12123.58
17225, -12123.00, -12123.58
17230, -12123.00, -12123.54
17234, -12123.00, -12123.52
17239, -12125.00, -12123.54
17244, -12125.00, -12123.65
17250, -12123.00, -12123.67
17254, -12125.00, -12123.69
17260, -12123.00, -12123.71
17266, -12124.00, -12123.70
17270, -12124.00, -12123.71
17276, -12123.00, -12123.70
17281, -12123.00, -12123.66
17286, -12124.00, -12123.65
17291, -12122.00, -12123.61
17296, -12124.00, -12123.57
17300, -12124.00, -12123.59
17305, -12123.00, -12123.59
17310, -12124.00, -12123.58
17315, -12124.00, -12123.61
17319, -12124.00, -12123.63
17324, -12124.00, -12123.65
17329, -12124.00, -12123.67
17333, -12124.00, -12123.69
17338, -12124.00, -12123.70
17343, -12122.00, -12123.66
17348, -12124.00, -12123.62
17352, -12124.00, -12123.64
17357, -12124.00, -12123.66
17362, -12123.00, -12123.65
17367, -12125.00, -12123.67
17373, -12124.00, -12123.73
17378, -12125.00, -12123.77
17383, -12122.00, -12123.75
17387, -12123.00, -12123.69
17392, -12124.00, -12123.68
17397, -12122.00, -12123.64
17401, -12124.00, -12123.60
17406, -12124.00, -12123.63
17411, -12125.00, -12123.69
17417, -12123.00, -12123.71
17421, -12124.00, -12123.70
17426, -12123.00, -12123.69
17430, -12124.00, -12123.68
17434, -12125.00, -12123.72
17439, -12124.00, -12123.77
17445, -12123.00, -12123.75
17450, -12123.00, -12123.70
17455, -12124.00, -12123.69
17459, -12124.00, -12123.71
17465, -12124.00, -12123.73
17469, -12123.00, -12123.71
17474, -12124.00, -12123.70
17479, -12124.00, -12123.72
17483, -12124.00, -12123.73
17488, -12123.00, -12123.72
17493, -12122.00, -12123.66
17497, -12122.00, -12123.57
17502, -12123.00, -12123.51
17506, -12124.00, -12123.51
17511, -12123.00, -12123.51
17515, -12123.00, -12123.48
17520, -12125.00, -12123.51
17524, -12123.00, -12123.54
17529, -12123.00, -12123.50
17534, -12124.00, -12123.50
17538, -12123.00, -12123.50
17543, -12123.00, -12123.47
17547, -12124.00, -12123.48
17551, -12124.00, -12123.50
17556, -12125.00, -12123.56
17562, -12123.00, -12123.59
17567, -12124.00, -12123.59
17572, -12124.00, -12123.61
17576, -12123.00, -12123.61
17582, -12124.00, -12123.60
17586, -12123.00, -12123.60
17592, -12122.00, -12123.52
17597, -12125.00, -12123.52
17602, -12124.00, -12123.57
17607, -12123.00, -12123.57
17612, -12124.00, -12123.56
17616, -12123.00, -12123.56
17622, -12124.00, -12123.56
17627, -12124.00, -12123.58
17631, -12123.00, -12123.58
17636, -12124.00, -12123.57
17641, -12124.00, -12123.60
17645, -12124.00, -12123.62
17650, -12124.00, -12123.64
17655, -12122.00, -12123.60
17661, -12124.00, -12123.56
17666, -12124.00, -12123.58
17672, -12124.00, -12123.61
17676, -12124.00, -12123.64
17682, -12123.00, -12123.63
17687, -12123.00, -12123.59
17692, -12125.00, -12123.62
17697, -12123.00, -12123.64
17702, -12125.00, -12123.66
17707, -12125.00, -12123.74
17713, -12125.00, -12123.83
17717, -12124.00, -12123.87
17723, -12124.00, -12123.88
17729, -12125.00, -12123.92
17734, -12125.00, -12123.98
17740, -12123.00, -12123.98
17744, -12125.00, -12123.98
17749, -12124.00, -12124.01
17754, -12121.00, -12123.93
17759, -12125.00, -12123.88
17764, -12124.00, -12123.92
17768, -12123.00, -12123.89
17773, -12125.00, -12123.90
17777, -12124.00, -12123.93
17782, -12124.00, -12123.94
17787, -12123.00, -12123.91
17792, -12123.00, -12123.86
17797, -12124.00, -12123.84
17801, -12123.00, -12123.82
17806, -12123.00, -12123.78
17811, -12123.00, -12123.72
17816, -12125.00, -12123.73
17820, -12124.00, -12123.78
17825, -12123.00, -12123.76
17831, -12123.00, -12123.71
17836, -12123.00, -12123.67
17840, -12124.00, -12123.66
17845, -12122.00, -12123.62
17850, -12124.00, -12123.58
17855, -12124.00, -12123.61
17859, -12124.00, -12123.63
17864, -12123.00, -12123.62
17868, -12124.00, -12123.62
17874, -12124.00, -12123.65
17879, -12124.00, -12123.67
17884, -12124.00, -12123.68
17889, -12122.00, -12123.64
17895, -12122.00, -12123.53
17900, -12123.00, -12123.47
17904, -12124.00, -12123.47
17909, -12124.00, -12123.50
17913, -12123.00, -12123.50
17918, -12124.00, -12123.50
17923, -12125.00, -12123.57
17928, -12123.00, -12123.59
17933, -12123.00, -12123.56
17938, -12123.00, -12123.52
17943, -12125.00, -12123.55
17948, -12124.00, -12123.61
17953, -12123.00, -12123.60
17958, -12124.00, -12123.59
17963, -12123.00, -12123.59
17968, -12125.00, -12123.61
17972, -12125.00, -12123.68
17976, -12123.00, -12123.70
17981, -12124.00, -12123.69
17985, -12123.00, -12123.68
17991, -12123.00, -12123.63
17996, -12123.00, -12123.60
18000, -12124.00, -12123.59
18005, -12124.00, -12123.62
18011, -12123.00, -12123.61
18015, -12123.00, -12123.58
18020, -12124.00, -12123.57
18025, -12124.00, -12123.60
18031, -12123.00, -12123.59
18036, -12124.00, -12123.58
18041, -12123.00, -12123.58
18046, -12123.00, -12123.55
18050, -12124.00, -12123.55
18055, -12123.00, -12123.54
18059, -12124.00, -12123.54
18064, -12123.00, -12123.54
18069, -12125.00, -12123.57
18073, -12124.00, -12123.62
18078, -12125.00, -12123.67
18083, -12123.00, -12123.69
18087, -12122.00, -12123.63
18092, -12124.00, -12123.59
18096, -12124.00, -12123.62
18101, -12124.00, -12123.64
18106, -12124.00, -12123.66
18112, -12123.00, -12123.65
18116, -12124.00, -12123.64
18121, -12125.00, -12123.70
18126, -12124.00, -12123.74
18131, -12124.00, -12123.76
18136, -12125.00, -12123.80
18141, -12124.00, -12123.84
18145, -12123.00, -12123.82
18149, -12123.00, -12123.78
18154, -12123.00, -12123.73
18160, -12124.00, -12123.72
18165, -12124.00, -12123.74
18169, -12124.00, -12123.75
18174, -12121.00, -12123.68
18178, -12123.00, -12123.58
18183, -12122.00, -12123.53
18187, -12125.00, -12123.53
18192, -12124.00, -12123.58
18196, -12124.00, -12123.61
18200, -12124.00, -12123.63
18205, -12123.00, -12123.62
18210, -12123.00, -12123.58
18215, -12122.00, -12123.52
18219, -12123.00, -12123.46
18224, -12124.00, -12123.46
18229, -12125.00, -12123.53
18234, -12123.00, -12123.55
18238, -12124.00, -12123.55
18242, -12125.00, -12123.60
18247, -12124.00, -12123.65
18251, -12123.00, -12123.64
18256, -12125.00, -12123.66
18261, -12123.00, -12123.68
18266, -12123.00, -12123.65
18272, -12124.00, -12123.64
18276, -12124.00, -12123.66
18281, -12123.00, -12123.65
18285, -12123.00, -12123.61
18290, -12122.00, -12123.54
18294, -12124.00, -12123.51
18299, -12124.00, -12123.54
18303, -12123.00, -12123.54
18307, -12124.00, -12123.53
18312, -12125.00, -12123.59
18316, -12125.00, -12123.66
18321, -12124.00, -12123.71
18326, -12125.00, -12123.76
18331, -12124.00, -12123.81
18336, -12124.00, -12123.82
18342, -12123.00, -12123.80
18346, -12123.00, -12123.75
18351, -12124.00, -12123.74
18356, -12123.00, -12123.73
18360, -12124.00, -12123.71
18365, -12124.00, -12123.73
18370, -12123.00, -12123.72
18375, -12124.00, -12123.70
18381, -12123.00, -12123.69
18386, -12124.00, -12123.68
18391, -12124.00, -12123.70
18395, -12123.00, -12123.68
18400, -12123.00, -12123.65
18404, -12123.00, -12123.61
18409, -12124.00, -12123.61
18413, -12123.00, -12123.60
18417, -12125.00, -12123.62
18422, -12125.00, -12123.70
18427, -12123.00, -12123.72
18431, -12123.00, -12123.67
18436, -12123.00, -12123.64
18440, -12123.00, -12123.60
18445, -12124.00, -12123.60
18449, -12122.00, -12123.57
18454, -12124.00, -12123.53
18460, -12123.00, -12123.53
18464, -12123.00, -12123.50
18470, -12123.00, -12123.47
18474, -12124.00, -12123.47
18479, -12123.00, -12123.47
18484, -12123.00, -12123.44
18488, -12124.00, -12123.45
18493, -12124.00, -12123.48
18498, -12123.00, -12123.48
18503, -12124.00, -12123.48
18508, -12123.00, -12123.48
18513, -12124.00, -12123.49
18518, -12123.00, -12123.49
18523, -12123.00, -12123.46
18528, -12123.00, -12123.43
18532, -12122.00, -12123.38
18536, -12123.00, -12123.33
18541, -12124.00, -12123.34
18545, -12124.00, -12123.38
18550, -12124.00, -12123.41
18554, -12123.00, -12123.42
18559, -12124.00, -12123.42
18564, -12124.00, -12123.46
18569, -12125.00, -12123.52
18574, -12123.00, -12123.55
18580, -12124.00, -12123.54
18584, -12124.00, -12123.57
18589, -12124.00, -12123.60
18594, -12123.00, -12123.59
18598, -12123.00, -12123.56
18604, -12123.00, -12123.52
18609, -12123.00, -12123.49
18614, -12124.00, -12123.49
18618, -12122.00, -12123.46
18623, -12124.00, -12123.44
18627, -12123.00, -12123.44
18631, -12124.00, -12123.45
18637, -12124.00, -12123.48
18642, -12124.00, -12123.51
18646, -12123.00, -12123.51
18651, -12124.00, -12123.51
18656, -12124.00, -12123.54
18661, -12124.00, -12123.57
18666, -12124.00, -12123.59
18671, -12123.00, -12123.58
18676, -12124.00, -12123.58
18681, -12124.00, -12123.60
18685, -12124.00, -12123.63
18690, -12125.00, -12123.68
18695, -12124.00, -12123.72
18699, -12123.00, -12123.71
18704, -12124.00, -12123.70
18709, -12125.00, -12123.75
18714, -12124.00, -12123.79
18719, -12125.00, -12123.83
18725, -12124.00, -12123.88
18729, -12125.00, -12123.91
18734, -12125.00, -12123.98
18739, -12124.00, -12124.01
18744, -12123.00, -12123.97
18748, -12124.00, -12123.95
18754, -12123.00, -12123.92
18758, -12124.00, -12123.90
18763, -12124.00, -12123.90
18768, -12125.00, -12123.94
18773, -12123.00, -12123.94
18779, -12123.00, -12123.87
18784, -12123.00, -12123.82
18789, -12124.00, -12123.80
18794, -12123.00, -12123.79
18798, -12123.00, -12123.74
18804, -12124.00, -12123.73
18809, -12123.00, -12123.71
18814, -12125.00, -12123.73
18818, -12123.00, -12123.75
18823, -12124.00, -12123.73
18829, -12125.00, -12123.78
18835, -12122.00, -12123.76
18840, -12126.00, -12123.78
18844, -12125.00, -12123.88
18849, -12124.00, -12123.91
18853, -12124.00, -12123.92
18857, -12125.00, -12123.95
18863, -12123.00, -12123.95
18868, -12124.00, -12123.93
18874, -12123.00, -12123.90
18879, -12122.00, -12123.81
18884, -12124.00, -12123.76
18889, -12123.00, -12123.74
18894, -12124.00, -12123.73
18898, -12124.00, -12123.74
18903, -12123.00, -12123.73
18909, -12123.00, -12123.68
18914, -12124.00, -12123.67
18920, -12123.00, -12123.66
18925, -12124.00, -12123.64
18930, -12124.00, -12123.67
18935, -12122.00, -12123.63
18940, -12124.00, -12123.59
18945, -12123.00, -12123.59
18949, -12124.00, -12123.58
18954, -12124.00, -12123.61
18958, -12123.00, -12123.60
18962, -12124.00, -12123.60
18967, -12124.00, -12123.62
18972, -12123.00, -12123.61
18976, -12124.00, -12123.61
18981, -12123.00, -12123.60
18986, -12125.00, -12123.62
18991, -12124.00, -12123.67
18995, -12123.00, -12123.67
18999, -12124.00, -12123.66
19004, -12124.00, -12123.68
19009, -12123.00, -12123.67
19014, -12124.00, -12123.66
19020, -12124.00, -12123.68
19025, -12124.00, -12123.70
19030, -12123.00, -12123.69
19035, -12123.00, -12123.64
19041, -12124.00, -12123.63
19045, -12124.00, -12123.65
19051, -12124.00, -12123.68
19057, -12124.00, -12123.70
19061, -12124.00, -12123.72
19065, -12123.00, -12123.70
19070, -12125.00, -12123.72
19075, -12124.00, -12123.77
19080, -12124.00, -12123.78
19085, -12124.00, -12123.79
19090, -12124.00, -12123.81
19094, -12123.00, -12123.79
19099, -12124.00, -12123.77
19104, -12124.00, -12123.79
19108, -12123.00, -12123.77
19112, -12124.00, -12123.76
19118, -12124.00, -12123.77
19123, -12124.00, -12123.79
19128, -12124.00, -12123.80
19133, -12124.00, -12123.81
19137, -12124.00, -12123.82
19142, -12124.00, -12123.83
19147, -12124.00, -12123.84
19152, -12123.00, -12123.82
19157, -12123.00, -12123.77
19162, -12124.00, -12123.76
19167, -12124.00, -12123.77
19171, -12124.00, -12123.78
19175, -12123.00, -12123.77
19180, -12123.00, -12123.72
19185, -12123.00, -12123.68
19190, -12124.00, -12123.67
19194, -12124.00, -12123.69
19199, -12123.00, -12123.68
19203, -12124.00, -12123.67
19209, -12124.00, -12123.69
19214, -12124.00, -12123.71
19219, -12124.00, -12123.73
19224, -12123.00, -12123.72
19229, -12124.00, -12123.70
19234, -12124.00, -12123.72
19240, -12124.00, -12123.74
19244, -12125.00, -12123.78
19248, -12124.00, -12123.82
19253, -12123.00, -12123.80
19259, -12123.00, -12123.75
19263, -12124.00, -12123.73
19268, -12123.00, -12123.72
19273, -12124.00, -12123.71
19277, -12122.00, -12123.66
19282, -12124.00, -12123.63
19286, -12125.00, -12123.68
19291, -12123.00, -12123.69
19295, -12123.00, -12123.66
19299, -12125.00, -12123.67
19304, -12124.00, -12123.72
19308, -12125.00, -12123.76
19313, -12124.00, -12123.81
19318, -12121.00, -12123.73
19323, -12122.00, -12123.60
19327, -12123.00, -12123.54
19331, -12123.00, -12123.51
19336, -12124.00, -12123.51
19341, -12123.00, -12123.51
19346, -12124.00, -12123.51
19351, -12124.00, -12123.54
19356, -12124.00, -12123.57
19361, -12124.00, -12123.59
19366, -12123.00, -12123.59
19370, -12123.00, -12123.55
19375, -12123.00, -12123.53
19379, -12124.00, -12123.52
19383, -12124.00, -12123.55
19388, -12123.00, -12123.55
19392, -12124.00, -12123.54
19396, -12124.00, -12123.57
19401, -12123.00, -12123.57
19406, -12126.00, -12123.62
19410, -12124.00, -12123.70
19415, -12124.00, -12123.72
19419, -12126.00, -12123.79
19424, -12123.00, -12123.83
19428, -12123.00, -12123.79
19433, -12122.00, -12123.71
19437, -12124.00, -12123.67
19442, -12124.00, -12123.69
19446, -12124.00, -12123.71
19451, -12123.00, -12123.70
19456, -12123.00, -12123.66
19461, -12124.00, -12123.65
19465, -12123.00, -12123.64
19470, -12124.00, -12123.63
19475, -12123.00, -12123.63
19480, -12124.00, -12123.62
19484, -12124.00, -12123.64
19489, -12124.00, -12123.66
19493, -12124.00, -12123.68
19497, -12124.00, -12123.69
19502, -12122.00, -12123.66
19507, -12125.00, -12123.65
19513, -12123.00, -12123.67
19518, -12124.00, -12123.66
19523, -12124.00, -12123.68
19528, -12122.00, -12123.64
19533, -12124.00, -12123.60
19539, -12123.00, -12123.59
19544, -12123.00, -12123.55
19549, -12123.00, -12123.52
19553, -12124.00, -12123.52
19559, -12123.00, -12123.52
19563, -12126.00, -12123.57
19568, -12124.00, -12123.65
19573, -12124.00, -12123.67
19578, -12122.00, -12123.63
19583, -12123.00, -12123.56
19588, -12124.00, -12123.55
19593, -12123.00, -12123.55
19597, -12123.00, -12123.52
19602, -12123.00, -12123.49
19606, -12124.00, -12123.49
19611, -12125.00, -12123.54
19615, -12124.00, -12123.60
19621, -12124.00, -12123.62
19626, -12123.00, -12123.62
19630, -12123.00, -12123.58
19636, -12125.00, -12123.61
19641, -12124.00, -12123.66
19645, -12124.00, -12123.68
19650, -12127.00, -12123.78
19656, -12124.00, -12123.90
19660, -12124.00, -12123.91
19665, -12123.00, -12123.88
19671, -12123.00, -12123.83
19676, -12124.00, -12123.80
19680, -12123.00, -12123.79
19685, -12124.00, -12123.77
19691, -12124.00, -12123.79
19696, -12124.00, -12123.80
19700, -12124.00, -12123.81
19705, -12122.00, -12123.77
19709, -12123.00, -12123.70
19713, -12124.00, -12123.69
19718, -12122.00, -12123.66
19722, -12122.00, -12123.57
19726, -12124.00, -12123.54
19731, -12124.00, -12123.56
19736, -12124.00, -12123.59
19740, -12124.00, -12123.61
19745, -12124.00, -12123.63
19750, -12124.00, -12123.66
19754, -12124.00, -12123.67
19759, -12124.00, -12123.70
19764, -12125.00, -12123.74
19769, -12123.00, -12123.76
19774, -12123.00, -12123.71
19778, -12123.00, -12123.67
19783, -12124.00, -12123.67
19788, -12123.00, -12123.65
19794, -12125.00, -12123.68
19798, -12125.00, -12123.75
19803, -12122.00, -12123.74
19808, -12123.00, -12123.67
19813, -12124.00, -12123.66
19818, -12122.00, -12123.61
19823, -12124.00, -12123.58
19828, -12124.00, -12123.60
19832, -12123.00, -12123.60
19837, -12124.00, -12123.59
19842, -12124.00, -12123.62
19846, -12124.00, -12123.64
19851, -12123.00, -12123.63
19856, -12124.00, -12123.62
19861, -12123.00, -12123.61
19866, -12124.00, -12123.61
19872, -12121.00, -12123.53
19877, -12124.00, -12123.47
19882, -12124.00, -12123.50
19886, -12123.00, -12123.50
19892, -12124.00, -12123.50
19896, -12124.00, -12123.53
19900, -12124.00, -12123.55
19905, -12123.00, -12123.55
19910, -12124.00, -12123.55
19915, -12123.00, -12123.54
19920, -12123.00, -12123.51
19925, -12125.00, -12123.54
19930, -12125.00, -12123.62
19935, -12122.00, -12123.61
19939, -12124.00, -12123.58
19944, -12123.00, -12123.57
19948, -12123.00, -12123.54
19953, -12124.00, -12123.54
19957, -12124.00, -12123.57
19962, -12124.00, -12123.59
19967, -12123.00, -12123.59
19972, -12123.00, -12123.55
19977, -12125.00, -12123.58
19982, -12125.00, -12123.66
19986, -12124.00, -12123.71
19991, -12123.00, -12123.70
19996, -12124.00, -12123.68
20001, -12124.00, -12123.70
20005, -12124.00, -12123.72
20011, -12124.00, -12123.74
20016, -12124.00, -12123.76
20021, -12124.00, -12123.77
20027, -12123.00, -12123.75
20032, -12125.00, -12123.77
20037, -12123.00, -12123.78
20042, -12124.00, -12123.76
20046, -12125.00, -12123.80
20051, -12124.00, -12123.85
20056, -12123.00, -12123.83
20061, -12125.00, -12123.84
20065, -12123.00, -12123.84
20070, -12124.00, -12123.82
20075, -12125.00, -12123.86
20079, -12124.00, -12123.90
20084, -12124.00, -12123.91
20089, -12124.00, -12123.91
20094, -12123.00, -12123.89
20100, -12123.00, -12123.83
20105, -12124.00, -12123.80
20111, -12122.00, -12123.75
20116, -12125.00, -12123.73
20121, -12122.00, -12123.72
20126, -12124.00, -12123.67
20131, -12124.00, -12123.69
20136, -12126.00, -12123.77
20140, -12124.00, -12123.84
20145, -12125.00, -12123.87
20149, -12123.00, -12123.88
20154, -12122.00, -12123.80
20159, -12122.00, -12123.69
20164, -12123.00, -12123.62
20168, -12124.00, -12123.61
20172, -12124.00, -12123.63
20177, -12124.00, -12123.65
20181, -12123.00, -12123.64
20186, -12122.00, -12123.58
20192, -12123.00, -12123.51
20196, -12122.00, -12123.45
20201, -12123.00, -12123.39
20207, -12123.00, -12123.36
20212, -12124.00, -12123.37
20218, -12125.00, -12123.45
20222, -12124.00, -12123.51
20227, -12124.00, -12123.54
20232, -12124.00, -12123.56
20237, -12123.00, -12123.56
20242, -12124.00, -12123.55
20246, -12123.00, -12123.55
20251, -12123.00, -12123.52
20256, -12123.00, -12123.49
20260, -12124.00, -12123.49
20264, -12123.00, -12123.49
20269, -12122.00, -12123.44
20273, -12124.00, -12123.41
20278, -12123.00, -12123.42
20283, -12122.00, -12123.37
20288, -12124.00, -12123.34
20292, -12125.00, -12123.41
20297, -12124.00, -12123.46
20301, -12124.00, -12123.50
20307, -12123.00, -12123.50
20312, -12124.00, -12123.50
20316, -12123.00, -12123.50
20321, -12125.00, -12123.53
20327, -12123.00, -12123.56
20332, -12123.00, -12123.53
20337, -12124.00, -12123.52
20342, -12124.00, -12123.55
20346, -12124.00, -12123.57
20351, -12124.00, -12123.60
20355, -12124.00, -12123.62
20359, -12124.00, -12123.64
20364, -12124.00, -12123.66
20368, -12122.00, -12123.62
20372, -12123.00, -12123.57
20376, -12124.00, -12123.56
20381, -12124.00, -12123.59
20386, -12123.00, -12123.58
20391, -12122.00, -12123.52
20395, -12125.00, -12123.52
20400, -12124.00, -12123.58
20405, -12124.00, -12123.60
20410, -12123.00, -12123.59
20415, -12124.00, -12123.59
20420, -12124.00, -12123.61
20425, -12124.00, -12123.64
20429, -12123.00, -12123.63
20434, -12124.00, -12123.62
20439, -12124.00, -12123.65
20445, -12125.00, -12123.71
20451, -12124.00, -12123.77
20456, -12124.00, -12123.78
20461, -12124.00, -12123.79
20465, -12125.00, -12123.83
20471, -12124.00, -12123.88
20475, -12124.00, -12123.88
20480, -12122.00, -12123.84
20485, -12125.00, -12123.82
20490, -12124.00, -12123.86
20495, -12123.00, -12123.83
20500, -12124.00, -12123.81
20504, -12124.00, -12123.82
20509, -12124.00, -12123.83
20514, -12125.00, -12123.87
20519, -12124.00, -12123.91
20524, -12124.00, -12123.92
20529, -12124.00, -12123.92
20534, -12124.00, -12123.93
20539, -12125.00, -12123.96
20543, -12124.00, -12123.99
20548, -12124.00, -12123.99
20552, -12123.00, -12123.97
20558, -12124.00, -12123.94
20562, -12124.00, -12123.94
20566, -12124.00, -12123.94
20572, -12123.00, -12123.92
20576, -12124.00, -12123.89
20581, -12123.00, -12123.87
20586, -12124.00, -12123.85
20590, -12123.00, -12123.83
20595, -12124.00, -12123.81
20599, -12124.00, -12123.82
20603, -12126.00, -12123.88
20609, -12122.00, -12123.89
20613, -12124.00, -12123.84
20617, -12124.00, -12123.85
20623, -12124.00, -12123.86
20628, -12124.00, -12123.87
20633, -12124.00, -12123.88
20638, -12124.00, -12123.89
20643, -12122.00, -12123.83
20647, -12123.00, -12123.76
20652, -12124.00, -12123.75
20657, -12125.00, -12123.80
20662, -12125.00, -12123.86
20666, -12123.00, -12123.87
20671, -12123.00, -12123.82
20677, -12124.00, -12123.79
20682, -12124.00, -12123.81
20687, -12123.00, -12123.79
20692, -12123.00, -12123.74
20696, -12123.00, -12123.70
20701, -12123.00, -12123.66
20706, -12124.00, -12123.65
20711, -12124.00, -12123.67
20715, -12125.00, -12123.72
20720, -12126.00, -12123.82
20724, -12124.00, -12123.89
20729, -12124.00, -12123.89
20734, -12124.00, -12123.90
20739, -12124.00, -12123.90
20743, -12124.00, -12123.91
20748, -12123.00, -12123.88
20754, -12124.00, -12123.86
20759, -12124.00, -12123.86
20763, -12122.00, -12123.82
20769, -12126.00, -12123.83
20774, -12124.00, -12123.90
20778, -12122.00, -12123.85
20783, -12123.00, -12123.77
20788, -12124.00, -12123.76
20792, -12124.00, -12123.77
20796, -12124.00, -12123.78
20801, -12124.00, -12123.79
20805, -12123.00, -12123.78
20810, -12123.00, -12123.74
20814, -12124.00, -12123.72
20818, -12124.00, -12123.74
20822, -12122.00, -12123.70
20827, -12122.00, -12123.61
20831, -12124.00, -12123.58
20835, -12124.00, -12123.60
20840, -12124.00, -12123.62
20845, -12124.00, -12123.64
20849, -12125.00, -12123.70
20854, -12123.00, -12123.71
20859, -12124.00, -12123.70
20864, -12123.00, -12123.69
20869, -12124.00, -12123.67
20873, -12123.00, -12123.67
20878, -12124.00, -12123.66
20883, -12123.00, -12123.65
20887, -12122.00, -12123.59
20892, -12123.00, -12123.53
20896, -12122.00, -12123.47
20901, -12123.00, -12123.42
20907, -12124.00, -12123.42
20911, -12124.00, -12123.45
20915, -12125.00, -12123.51
20920, -12124.00, -12123.56
20924, -12124.00, -12123.58
20928, -12125.00, -12123.63
20933, -12123.00, -12123.65
20937, -12123.00, -12123.62
20941, -12125.00, -12123.64
20946, -12123.00, -12123.66
20950, -12125.00, -12123.68
20955, -12125.00, -12123.75
20959, -12121.00, -12123.71
20964, -12123.00, -12123.62
20968, -12125.00, -12123.64
20973, -12123.00, -12123.66
20977, -12124.00, -12123.65
20982, -12123.00, -12123.64
20986, -12124.00, -12123.63
20990, -12123.00, -12123.63
20995, -12122.00, -12123.57
21000, -12123.00, -12123.50
21005, -12124.00, -12123.50
21010, -12124.00, -12123.53
21014, -12123.00, -12123.53
21019, -12123.00, -12123.50
21024, -12123.00, -12123.47
21028, -12123.00, -12123.45
21033, -12123.00, -12123.42
21037, -12123.00, -12123.40
21042, -12121.00, -12123.32
21047, -12124.00, -12123.27
21051, -12124.00, -12123.31
21056, -12124.00, -12123.35
21060, -12124.00, -12123.39
21065, -12123.00, -12123.39
21070, -12123.00, -12123.37
21075, -12124.00, -12123.38
21079, -12123.00, -12123.38
21085, -12124.00, -12123.39
21089, -12124.00, -12123.43
21094, -12122.00, -12123.40
21098, -12124.00, -12123.38
21104, -12124.00, -12123.42
21108, -12124.00, -12123.45
21113, -12124.00, -12123.48
21118, -12125.00, -12123.54
21123, -12124.00, -12123.60
21127, -12123.00, -12123.59
21132, -12124.00, -12123.59
21137, -12123.00, -12123.58
21142, -12122.00, -12123.51
21147, -12122.00, -12123.43
21152, -12123.00, -12123.37
21156, -12125.00, -12123.41
21161, -12122.00, -12123.41
21166, -12125.00, -12123.42
21170, -12125.00, -12123.50
21175, -12123.00, -12123.53
21181, -12124.00, -12123.53
21186, -12125.00, -12123.59
21191, -12124.00, -12123.65
21195, -12124.00, -12123.67
21201, -12125.00, -12123.72
21206, -12123.00, -12123.74
21211, -12124.00, -12123.72
21216, -12124.00, -12123.74
21220, -12124.00, -12123.75
21225, -12123.00, -12123.74
21230, -12122.00, -12123.67
21235, -12124.00, -12123.63
21240, -12124.00, -12123.65
21244, -12123.00, -12123.64
21248, -12122.00, -12123.58
21253, -12123.00, -12123.52
21258, -12124.00, -12123.52
21263, -12124.00, -12123.54
21267, -12123.00, -12123.54
21272, -12125.00, -12123.57
21277, -12122.00, -12123.57
21281, -12124.00, -12123.53
21286, -12124.00, -12123.56
21291, -12124.00, -12123.58
21295, -12123.00, -12123.58
21300, -12124.00, -12123.58
21305, -12123.00, -12123.57
21310, -12124.00, -12123.57
21315, -12122.00, -12123.54
21320, -12125.00, -12123.53
21325, -12124.00, -12123.60
21330, -12123.00, -12123.59
21335, -12126.00, -12123.65
21340, -12124.00, -12123.73
21345, -12124.00, -12123.75
21349, -12125.00, -12123.79
21354, -12124.00, -12123.83
21358, -12124.00, -12123.84
21362, -12124.00, -12123.84
21367, -12124.00, -12123.85
21372, -12125.00, -12123.89
21377, -12122.00, -12123.87
21381, -12123.00, -12123.79
21386, -12124.00, -12123.78
21391, -12126.00, -12123.85
21395, -12124.00, -12123.91
21400, -12124.00, -12123.91
21405, -12125.00, -12123.95
21410, -12124.00, -12123.98
21414, -12124.00, -12123.98
21419, -12121.00, -12123.89
21424, -12124.00, -12123.81
21429, -12125.00, -12123.84
21434, -12121.00, -12123.79
21439, -12123.00, -12123.68
21443, -12124.00, -12123.67
21448, -12122.00, -12123.63
21452, -12124.00, -12123.60
21457, -12125.00, -12123.65
21461, -12123.00, -12123.67
21465, -12124.00, -12123.66
21469, -12124.00, -12123.68
21474, -12122.00, -12123.64
21478, -12124.00, -12123.61
21482, -12124.00, -12123.63
21487, -12124.00, -12123.65
21491, -12123.00, -12123.64
21496, -12122.00, -12123.58
21501, -12124.00, -12123.54
21506, -12124.00, -12123.57
21510, -12125.00, -12123.62
21516, -12123.00, -12123.65
21521, -12124.00, -12123.64
21526, -12124.00, -12123.66
21530, -12122.00, -12123.62
21535, -12126.00, -12123.64
21540, -12123.00, -12123.69
21544, -12124.00, -12123.68
21549, -12125.00, -12123.73
21554, -12123.00, -12123.75
21559, -12124.00, -12123.73
21563, -12123.00, -12123.72
21568, -12124.00, -12123.71
21573, -12125.00, -12123.75
21577, -12123.00, -12123.77
21582, -12123.00, -12123.72
21586, -12123.00, -12123.69
21590, -12124.00, -12123.68
21595, -12123.00, -12123.67
21600, -12123.00, -12123.63
21605, -12125.00, -12123.65
21609, -12124.00, -12123.70
21614, -12123.00, -12123.69
21618, -12122.00, -12123.62
21623, -12124.00, -12123.59
21627, -12124.00, -12123.61
21632, -12124.00, -12123.63
21637, -12124.00, -12123.66
21643, -12122.00, -12123.61
21648, -12123.00, -12123.54
21652, -12123.00, -12123.51
21658, -12125.00, -12123.54
21662, -12124.00, -12123.60
21668, -12123.00, -12123.59
21672, -12124.00, -12123.58
21677, -12123.00, -12123.58
21681, -12124.00, -12123.58
21685, -12124.00, -12123.60
21690, -12124.00, -12123.62
21694, -12124.00, -12123.64
21699, -12124.00, -12123.66
21704, -12124.00, -12123.68
21709, -12123.00, -12123.67
21713, -12123.00, -12123.64
21719, -12126.00, -12123.70
21725, -12123.00, -12123.75
21730, -12124.00, -12123.74
21734, -12124.00, -12123.75
21739, -12124.00, -12123.77
21744, -12121.00, -12123.70
21749, -12124.00, -12123.62
21755, -12122.00, -12123.58
21759, -12124.00, -12123.55
21765, -12122.00, -12123.51
21770, -12123.00, -12123.45
21775, -12123.00, -12123.42
21779, -12122.00, -12123.37
21784, -12124.00, -12123.35
21790, -12124.00, -12123.39
21794, -12123.00, -12123.39
21798, -12124.00, -12123.40
21803, -12122.00, -12123.38
21808, -12125.00, -12123.38
21812, -12123.00, -12123.42
21817, -12123.00, -12123.39
21823, -12124.00, -12123.40
21827, -12124.00, -12123.43
21833, -12125.00, -12123.51
21838, -12124.00, -12123.57
21843, -12125.00, -12123.62
21849, -12123.00, -12123.65
21854, -12124.00, -12123.64
21859, -12124.00, -12123.66
21865, -12122.00, -12123.61
21870, -12124.00, -12123.58
21876, -12125.00, -12123.64
21880, -12124.00, -12123.69
21885, -12122.00, -12123.65
21890, -12123.00, -12123.59
21894, -12123.00, -12123.55
21899, -12125.00, -12123.58
21903, -12125.00, -12123.66
21908, -12124.00, -12123.71
21912, -12123.00, -12123.70
21918, -12123.00, -12123.65
21923, -12123.00, -12123.61
21928, -12122.00, -12123.54
21934, -12123.00, -12123.47
21939, -12124.00, -12123.47
21944, -12124.00, -12123.50
21949, -12123.00, -12123.50
21954, -12122.00, -12123.44
21959, -12124.00, -12123.41
21965, -12124.00, -12123.45
21969, -12124.00, -12123.48
21974, -12124.00, -12123.51
21979, -12124.00, -12123.54
21983, -12124.00, -12123.56
21988, -12125.00, -12123.62
21992, -12124.00, -12123.66
21996, -12124.00, -12123.68
22001, -12124.00, -12123.70
22005, -12123.00, -12123.69
22009, -12124.00, -12123.68
22014, -12124.00, -12123.70
22019, -12123.00, -12123.68
22024, -12124.00, -12123.67
22028, -12125.00, -12123.72
22033, -12124.00, -12123.76
22038, -12124.00, -12123.78
22042, -12123.00, -12123.76
22047, -12124.00, -12123.75
22052, -12122.00, -12123.70
22056, -12123.00, -12123.63
22061, -12122.00, -12123.57
22065, -12124.00, -12123.54
22069, -12122.00, -12123.51
22074, -12123.00, -12123.46
22079, -12123.00, -12123.43
22084, -12124.00, -12123.43
22088, -12123.00, -12123.44
22093, -12122.00, -12123.39
22097, -12125.00, -12123.39
22102, -12124.00, -12123.46
22108, -12123.00, -12123.47
22112, -12125.00, -12123.50
22117, -12123.00, -12123.52
22122, -12124.00, -12123.52
22126, -12124.00, -12123.55
22131, -12124.00, -12123.58
22136, -12124.00, -12123.60
22140, -12124.00, -12123.62
22144, -12125.00, -12123.67
22149, -12124.00, -12123.71
22153, -12125.00, -12123.76
22158, -12124.00, -12123.80
22163, -12123.00, -12123.78
22167, -12123.00, -12123.74
22172, -12124.00, -12123.73
22177, -12124.00, -12123.74
22182, -12124.00, -12123.76
22188, -12124.00, -12123.77
22193, -12124.00, -12123.79
22198, -12121.00, -12123.70
22203, -12123.00, -12123.60
22208, -12124.00, -12123.59
22213, -12124.00, -12123.61
22218, -12124.00, -12123.64
22223, -12122.00, -12123.60
22228, -12124.00, -12123.56
22232, -12124.00, -12123.59
22236, -12123.00, -12123.58
22241, -12124.00, -12123.58
22246, -12124.00, -12123.61
22251, -12125.00, -12123.66
22256, -12120.00, -12123.60
22260, -12123.00, -12123.49
22265, -12123.00, -12123.46
22270, -12124.00, -12123.46
22275, -12124.00, -12123.49
22280, -12123.00, -12123.49
22285, -12122.00, -12123.43
22290, -12123.00, -12123.38
22294, -12124.00, -12123.39
22299, -12124.00, -12123.43
22304, -12124.00, -12123.46
22309, -12124.00, -12123.49
22314, -12123.00, -12123.49
22318, -12124.00, -12123.49
22323, -12124.00, -12123.52
22327, -12125.00, -12123.57
22333, -12123.00, -12123.60
22338, -12123.00, -12123.57
22343, -12124.00, -12123.56
22347, -12124.00, -12123.59
22352, -12122.00, -12123.56
22356, -12123.00, -12123.50
22360, -12124.00, -12123.50
22365, -12124.00, -12123.53
22369, -12123.00, -12123.53
22374, -12124.00, -12123.52
22378, -12124.00, -12123.55
22384, -12122.00, -12123.51
22389, -12122.00, -12123.43
22393, -12124.00, -12123.41
22397, -12124.00, -12123.44
22402, -12124.00, -12123.47
22406, -12124.00, -12123.50
22410, -12124.00, -12123.52
22415, -12124.00, -12123.55
22419, -12123.00, -12123.55
22423, -12124.00, -12123.54
22428, -12124.00, -12123.57
22433, -12124.00, -12123.60
22438, -12125.00, -12123.65
22442, -12123.00, -12123.67
22448, -12123.00, -12123.62
22453, -12125.00, -12123.65
22457, -12124.00, -12123.69
22462, -12123.00, -12123.68
22466, -12123.00, -12123.64
22471, -12123.00, -12123.61
22476, -12122.00, -12123.55
22480, -12124.00, -12123.52
22484, -12124.00, -12123.54
22489, -12124.00, -12123.57
22493, -12124.00, -12123.59
22498, -12123.00, -12123.59
22502, -12123.00, -12123.56
22507, -12123.00, -12123.53
22511, -12123.00, -12123.50
22515, -12124.00, -12123.50
22519, -12124.00, -12123.53
22524, -12124.00, -12123.55
22528, -12124.00, -12123.58
22532, -12124.00, -12123.60
22537, -12124.00, -12123.62
22542, -12124.00, -12123.64
22546, -12123.00, -12123.63
22550, -12122.00, -12123.57
22555, -12123.00, -12123.52
22559, -12124.00, -12123.52
22563, -12124.00, -12123.54
22568, -12124.00, -12123.57
22572, -12124.00, -12123.59
22577, -12124.00, -12123.61
22581, -12124.00, -12123.63
22585, -12124.00, -12123.65
22590, -12123.00, -12123.64
22594, -12124.00, -12123.64
22598, -12124.00, -12123.66
22602, -12123.00, -12123.65
22607, -12125.00, -12123.67
22611, -12123.00, -12123.69
22616, -12124.00, -12123.68
22620, -12123.00, -12123.67
22625, -12124.00, -12123.66
22629, -12123.00, -12123.65
22633, -12123.00, -12123.62
22638, -12123.00, -12123.58
22642, -12124.00, -12123.58
22647, -12125.00, -12123.63
22651, -12124.00, -12123.68
22656, -12124.00, -12123.69
22660, -12122.00, -12123.66
22664, -12123.00, -12123.60
22669, -12125.00, -12123.62
22673, -12123.00, -12123.64
22678, -12123.00, -12123.60
22682, -12125.00, -12123.62
22686, -12125.00, -12123.70
22690, -12124.00, -12123.74
22695, -12124.00, -12123.75
22700, -12123.00, -12123.74
22704, -12124.00, -12123.72
22708, -12123.00, -12123.71
22713, -12124.00, -12123.70
22718, -12123.00, -12123.69
22723, -12123.00, -12123.65
22727, -12124.00, -12123.64
22732, -12124.00, -12123.66
22736, -12124.00, -12123.68
22741, -12124.00, -12123.70
22745, -12124.00, -12123.71
22749, -12123.00, -12123.70
22754, -12125.00, -12123.72
22758, -12124.00, -12123.76
22762, -12124.00, -12123.77
22767, -12126.00, -12123.83
22771, -12122.00, -12123.84
22775, -12123.00, -12123.77
22779, -12124.00, -12123.76
22783, -12122.00, -12123.72
22788, -12124.00, -12123.68
22792, -12124.00, -12123.70
22797, -12124.00, -12123.72
22802, -12124.00, -12123.73
22807, -12124.00, -12123.75
22812, -12124.00, -12123.76
22816, -12123.00, -12123.75
22821, -12122.00, -12123.67
22825, -12123.00, -12123.61
22830, -12123.00, -12123.58
22835, -12124.00, -12123.57
22839, -12125.00, -12123.62
22844, -12122.00, -12123.62
22848, -12124.00, -12123.58
22853, -12122.00, -12123.55
22858, -12124.00, -12123.52
22864, -12123.00, -12123.51
22868, -12124.00, -12123.51
22872, -12126.00, -12123.59
22877, -12123.00, -12123.64
22882, -12123.00, -12123.60
22887, -12123.00, -12123.56
22891, -12125.00, -12123.59
22896, -12124.00, -12123.64
22901, -12122.00, -12123.60
22906, -12124.00, -12123.56
22911, -12124.00, -12123.59
22915, -12124.00, -12123.61
22920, -12122.00, -12123.57
22925, -12124.00, -12123.54
22929, -12123.00, -12123.54
22935, -12123.00, -12123.50
22941, -12123.00, -12123.47
22945, -12124.00, -12123.47
22949, -12123.00, -12123.47
22954, -12126.00, -12123.53
22958, -12124.00, -12123.61
22963, -12124.00, -12123.63
22969, -12123.00, -12123.62
22974, -12124.00, -12123.61
22979, -12124.00, -12123.63
22984, -12123.00, -12123.62
22989, -12124.00, -12123.62
22994, -12124.00, -12123.64
22998, -12123.00, -12123.63
23002, -12124.00, -12123.62
23007, -12123.00, -12123.62
23011, -12124.00, -12123.61
23015, -12124.00, -12123.63
23020, -12124.00, -12123.65
23025, -12124.00, -12123.67
23030, -12123.00, -12123.66
23035, -12123.00, -12123.62
23040, -12124.00, -12123.61
23044, -12124.00, -12123.63
23049, -12124.00, -12123.66
23054, -12123.00, -12123.65
23058, -12126.00, -12123.69
23063, -12124.00, -12123.77
23069, -12124.00, -12123.78
23073, -12123.00, -12123.77
23078, -12124.00, -12123.75
23083, -12123.00, -12123.74
23088, -12123.00, -12123.69
23092, -12124.00, -12123.68
23097, -12122.00, -12123.64
23102, -12124.00, -12123.60
23107, -12123.00, -12123.59
23112, -12123.00, -12123.56
23117, -12124.00, -12123.55
23121, -12124.00, -12123.58
23126, -12126.00, -12123.66
23131, -12122.00, -12123.68
23136, -12122.00, -12123.59
23141, -12124.00, -12123.55
23146, -12124.00, -12123.58
23151, -12124.00, -12123.61
23156, -12124.00, -12123.63
23161, -12123.00, -12123.62
23167, -12122.00, -12123.55
23171, -12124.00, -12123.52
23175, -12124.00, -12123.55
23180, -12124.00, -12123.57
23185, -12124.00, -12123.60
23190, -12123.00, -12123.59
23195, -12122.00, -12123.53
23200, -12125.00, -12123.53
23204, -12123.00, -12123.55
23209, -12124.00, -12123.55
23213, -12124.00, -12123.58
23218, -12124.00, -12123.60
23222, -12123.00, -12123.59
23227, -12124.00, -12123.59
23232, -12123.00, -12123.58
23237, -12124.00, -12123.58
23241, -12125.00, -12123.63
23246, -12123.00, -12123.65
23251, -12124.00, -12123.64
23256, -12123.00, -12123.63
23260, -12124.00, -12123.63
23265, -12124.00, -12123.65
23270, -12123.00, -12123.64
23275, -12123.00, -12123.60
23280, -12124.00, -12123.60
23285, -12123.00, -12123.59
23289, -12125.00, -12123.61
23294, -12123.00, -12123.64
23298, -12124.00, -12123.63
23303, -12124.00, -12123.65
23308, -12124.00, -12123.67
23312, -12124.00, -12123.69
23317, -12124.00, -12123.71
23321, -12123.00, -12123.70
23326, -12122.00, -12123.63
23330, -12123.00, -12123.57
23335, -12124.00, -12123.56
23340, -12122.00, -12123.53
23345, -12124.00, -12123.50
23350, -12122.00, -12123.47
23356, -12124.00, -12123.43
23360, -12123.00, -12123.44
23365, -12124.00, -12123.44
23370, -12124.00, -12123.48
23374, -12123.00, -12123.48
23379, -12124.00, -12123.48
23384, -12124.00, -12123.51
23388, -12124.00, -12123.54
23392, -12122.00, -12123.51
23397, -12123.00, -12123.45
23402, -12124.00, -12123.46
23406, -12123.00, -12123.46
23411, -12124.00, -12123.46
23416, -12124.00, -12123.49
23422, -12124.00, -12123.53
23426, -12123.00, -12123.53
23431, -12124.00, -12123.52
23436, -12124.00, -12123.55
23441, -12124.00, -12123.58
23445, -12124.00, -12123.60
23450, -12124.00, -12123.62
23454, -12124.00, -12123.64
23459, -12124.00, -12123.66
23464, -12124.00, -12123.69
23469, -12123.00, -12123.67
23474, -12126.00, -12123.72
23478, -12124.00, -12123.79
23484, -12122.00, -12123.74
23488, -12124.00, -12123.70
23493, -12124.00, -12123.71
23497, -12124.00, -12123.73
23502, -12124.00, -12123.75
23507, -12123.00, -12123.73
23511, -12124.00, -12123.72
23516, -12124.00, -12123.74
23521, -12124.00, -12123.75
23525, -12124.00, -12123.76
23531, -12123.00, -12123.75
23535, -12124.00, -12123.73
23540, -12124.00, -12123.75
23544, -12125.00, -12123.79
23549, -12123.00, -12123.80
23553, -12124.00, -12123.78
23557, -12123.00, -12123.77
23562, -12124.00, -12123.75
23566, -12124.00, -12123.77
23570, -12124.00, -12123.78
23575, -12124.00, -12123.79
23580, -12124.00, -12123.80
23585, -12122.00, -12123.75
23589, -12124.00, -12123.71
23593, -12123.00, -12123.70
23598, -12124.00, -12123.69
23602, -12124.00, -12123.71
23607, -12125.00, -12123.75
23612, -12124.00, -12123.80
23616, -12124.00, -12123.81
23622, -12124.00, -12123.82
23627, -12123.00, -12123.80
23631, -12124.00, -12123.78
23636, -12124.00, -12123.79
23641, -12123.00, -12123.78
23645, -12122.00, -12123.71
23650, -12123.00, -12123.64
23654, -12124.00, -12123.64
23659, -12124.00, -12123.66
23663, -12124.00, -12123.67
23668, -12124.00, -12123.69
23672, -12126.00, -12123.77
23676, -12123.00, -12123.80
23681, -12125.00, -12123.82
23686, -12123.00, -12123.83
23690, -12123.00, -12123.78
23695, -12124.00, -12123.76
23701, -12124.00, -12123.78
23706, -12123.00, -12123.76
23710, -12124.00, -12123.75
23715, -12123.00, -12123.73
23719, -12123.00, -12123.69
23724, -12123.00, -12123.65
23729, -12123.00, -12123.61
23734, -12124.00, -12123.61
23738, -12124.00, -12123.63
23743, -12124.00, -12123.65
23748, -12123.00, -12123.64
23753, -12124.00, -12123.63
23757, -12124.00, -12123.65
23762, -12124.00, -12123.67
23766, -12124.00, -12123.69
23771, -12124.00, -12123.71
23776, -12126.00, -12123.78
23781, -12123.00, -12123.83
23787, -12124.00, -12123.81
23791, -12123.00, -12123.79
23796, -12124.00, -12123.77
23801, -12123.00, -12123.76
23806, -12124.00, -12123.74
23811, -12124.00, -12123.75
23816, -12125.00, -12123.80
23821, -12125.00, -12123.87
23825, -12123.00, -12123.88
23830, -12122.00, -12123.80
23835, -12122.00, -12123.70
23839, -12126.00, -12123.72
23844, -12123.00, -12123.76
23850, -12125.00, -12123.78
23854, -12123.00, -12123.79
23859, -12124.00, -12123.77
23863, -12124.00, -12123.79
23868, -12123.00, -12123.77
23873, -12124.00, -12123.76
23877, -12123.00, -12123.74
23882, -12125.00, -12123.76
23886, -12124.00, -12123.80
23891, -12124.00, -12123.81
23895, -12123.00, -12123.79
23900, -12124.00, -12123.77
23904, -12124.00, -12123.79
23909, -12124.00, -12123.80
23914, -12124.00, -12123.81
23919, -12124.00, -12123.82
23923, -12126.00, -12123.89
23928, -12124.00, -12123.95
23933, -12124.00, -12123.96
23938, -12123.00, -12123.93
23942, -12124.00, -12123.91
23947, -12125.00, -12123.94
23952, -12123.00, -12123.94
23956, -12121.00, -12123.83
23961, -12124.00, -12123.76
23966, -12124.00, -12123.78
23970, -12123.00, -12123.76
23975, -12123.00, -12123.72
23979, -12123.00, -12123.68
23983, -12124.00, -12123.67
23988, -12123.00, -12123.66
23993, -12124.00, -12123.65
23998, -12125.00, -12123.71
24002, -12124.00, -12123.75
24006, -12122.00, -12123.71
24011, -12123.00, -12123.64
24015, -12124.00, -12123.63
24019, -12123.00, -12123.63
24024, -12123.00, -12123.59
24029, -12124.00, -12123.59
24033, -12125.00, -12123.64
24037, -12123.00, -12123.66
24042, -12122.00, -12123.59
24046, -12123.00, -12123.53
24051, -12124.00, -12123.53
24055, -12124.00, -12123.56
24060, -12122.00, -12123.52
24064, -12122.00, -12123.44
24069, -12124.00, -12123.41
24073, -12123.00, -12123.42
24078, -12124.00, -12123.42
24083, -12125.00, -12123.48
24087, -12124.00, -12123.53
24091, -12124.00, -12123.56
24096, -12123.00, -12123.56
24100, -12123.00, -12123.53
24105, -12124.00, -12123.52
24110, -12124.00, -12123.55
24115, -12123.00, -12123.55
24120, -12122.00, -12123.48
24125, -12124.00, -12123.45
24130, -12124.00, -12123.48
24136, -12122.00, -12123.45
24141, -12124.00, -12123.42
24145, -12125.00, -12123.49
24151, -12124.00, -12123.56
24156, -12123.00, -12123.55
24160, -12124.00, -12123.55
24166, -12124.00, -12123.58
24171, -12123.00, -12123.58
24176, -12123.00, -12123.54
24180, -12124.00, -12123.54
24185, -12124.00, -12123.57
24190, -12124.00, -12123.59
24194, -12124.00, -12123.61
24199, -12123.00, -12123.61
24203, -12123.00, -12123.57
24208, -12124.00, -12123.57
24213, -12123.00, -12123.57
24218, -12124.00, -12123.56
24223, -12125.00, -12123.61
24227, -12124.00, -12123.66
24232, -12124.00, -12123.68
24236, -12124.00, -12123.70
24240, -12125.00, -12123.74
24245, -12123.00, -12123.75
24250, -12124.00, -12123.74
24256, -12124.00, -12123.75
24261, -12126.00, -12123.83
24265, -12123.00, -12123.87
24270, -12125.00, -12123.88
24275, -12124.00, -12123.91
24280, -12123.00, -12123.89
24285, -12123.00, -12123.83
24290, -12123.00, -12123.79
24294, -12124.00, -12123.77
24299, -12124.00, -12123.78
24304, -12123.00, -12123.77
24309, -12124.00, -12123.75
24313, -12123.00, -12123.74
24318, -12123.00, -12123.70
24322, -12122.00, -12123.63
24326, -12124.00, -12123.60
24331, -12126.00, -12123.69
24337, -12125.00, -12123.81
24342, -12124.00, -12123.85
24347, -12124.00, -12123.86
24353, -12124.00, -12123.87
24357, -12124.00, -12123.88
24362, -12124.00, -12123.88
24367, -12123.00, -12123.86
24371, -12123.00, -12123.81
24376, -12122.00, -12123.73
24381, -12124.00, -12123.69
24386, -12122.00, -12123.66
24390, -12125.00, -12123.65
24395, -12124.00, -12123.70
24399, -12124.00, -12123.71
24404, -12123.00, -12123.70
24409, -12124.00, -12123.69
24413, -12124.00, -12123.70
24417, -12123.00, -12123.69
24422, -12124.00, -12123.68
24426, -12124.00, -12123.70
24431, -12124.00, -12123.72
24435, -12125.00, -12123.76
24440, -12123.00, -12123.77
24444, -12125.00, -12123.79
24449, -12124.00, -12123.83
24454, -12124.00, -12123.84
24458, -12124.00, -12123.84
24463, -12124.00, -12123.85
24467, -12124.00, -12123.86
24472, -12124.00, -12123.87
24476, -12123.00, -12123.85
24482, -12123.00, -12123.79
24487, -12124.00, -12123.77
24492, -12124.00, -12123.79
24497, -12123.00, -12123.77
24502, -12124.00, -12123.75
24507, -12124.00, -12123.77
24512, -12121.00, -12123.69
24517, -12125.00, -12123.64
24522, -12123.00, -12123.67
24526, -12123.00, -12123.63
24531, -12123.00, -12123.60
24535, -12124.00, -12123.59
24539, -12122.00, -12123.56
24544, -12123.00, -12123.50
24549, -12123.00, -12123.47
24554, -12124.00, -12123.47
24559, -12124.00, -12123.50
24564, -12124.00, -12123.54
24570, -12123.00, -12123.53
24575, -12124.00, -12123.53
24580, -12125.00, -12123.59
24586, -12123.00, -12123.62
24590, -12125.00, -12123.64
24595, -12124.00, -12123.69
24601, -12124.00, -12123.71
24605, -12122.00, -12123.67
24611, -12123.00, -12123.60
24616, -12124.00, -12123.59
24620, -12124.00, -12123.61
24625, -12123.00, -12123.61
24630, -12124.00, -12123.60
24635, -12124.00, -12123.62
24639, -12123.00, -12123.62
24643, -12125.00, -12123.64
24648, -12124.00, -12123.69
24652, -12122.00, -12123.65
24656, -12122.00, -12123.56
24661, -12123.00, -12123.50
24665, -12124.00, -12123.50
24670, -12121.00, -12123.45
24674, -12123.00, -12123.37
24678, -12124.00, -12123.38
24683, -12122.00, -12123.36
24688, -12123.00, -12123.31
24693, -12122.00, -12123.25
24698, -12124.00, -12123.24
24702, -12126.00, -12123.33
24708, -12124.00, -12123.44
24712, -12123.00, -12123.44
24717, -12123.00, -12123.42
24721, -12123.00, -12123.40
24726, -12124.00, -12123.40
24731, -12122.00, -12123.38
24735, -12122.00, -12123.30
24740, -12123.00, -12123.25
24745, -12123.00, -12123.24
24749, -12123.00, -12123.23
24753, -12122.00, -12123.19
24758, -12124.00, -12123.18
24762, -12124.00, -12123.22
24766, -12124.00, -12123.26
24771, -12125.00, -12123.33
24775, -12124.00, -12123.39
24779, -12124.00, -12123.42
24783, -12123.00, -12123.43
24788, -12123.00, -12123.40
24792, -12124.00, -12123.41
24796, -12124.00, -12123.44
24801, -12124.00, -12123.47
24805, -12124.00, -12123.50
24809, -12123.00, -12123.50
24813, -12124.00, -12123.50
24818, -12123.00, -12123.50
24822, -12124.00, -12123.50
24826, -12123.00, -12123.50
24831, -12123.00, -12123.47
24835, -12122.00, -12123.42
24839, -12124.00, -12123.40
24844, -12122.00, -12123.37
24848, -12122.00, -12123.30
24852, -12124.00, -12123.29
24856, -12124.00, -12123.32
24861, -12123.00, -12123.33
24865, -12124.00, -12123.34
24869, -12124.00, -12123.37
24873, -12124.00, -12123.41
24878, -12124.00, -12123.44
24882, -12124.00, -12123.47
24886, -12124.00, -12123.49
24890, -12124.00, -12123.52
24895, -12123.00, -12123.52
24899, -12123.00, -12123.49
24903, -12124.00, -12123.49
24907, -12123.00, -12123.49
24912, -12124.00, -12123.49
24916, -12124.00, -12123.52
24921, -12123.00, -12123.52
24925, -12124.00, -12123.52
24930, -12124.00, -12123.54
24935, -12124.00, -12123.57
24939, -12123.00, -12123.57
24943, -12124.00, -12123.56
24947, -12122.00, -12123.54
24951, -12123.00, -12123.48
24956, -12124.00, -12123.48
24960, -12122.00, -12123.46
24964, -12123.00, -12123.41
24969, -12124.00, -12123.41
24973, -12125.00, -12123.47
24977, -12124.00, -12123.52
24982, -12124.00, -12123.55
24986, -12123.00, -12123.54
24991, -12122.00, -12123.48
24996, -12124.00, -12123.46
25000, -12123.00, -12123.46
25005, -12125.00, -12123.49
25009, -12125.00, -12123.58
25014, -12124.00, -12123.63
25019, -12122.00, -12123.60
25023, -12124.00, -12123.56
25029, -12124.00, -12123.59
25034, -12123.00, -12123.59
25038, -12124.00, -12123.58
25044, -12124.00, -12123.61
25048, -12123.00, -12123.60
25053, -12124.00, -12123.60
25058, -12123.00, -12123.59
25062, -12123.00, -12123.56
25067, -12123.00, -12123.53
25071, -12124.00, -12123.53
25076, -12124.00, -12123.56
25081, -12123.00, -12123.55
25086, -12124.00, -12123.55
25090, -12124.00, -12123.58
25095, -12124.00, -12123.60
25099, -12124.00, -12123.62
25104, -12124.00, -12123.64
25109, -12123.00, -12123.64
25114, -12124.00, -12123.63
25118, -12124.00, -12123.65
25123, -12124.00, -12123.67
25128, -12123.00, -12123.66
25133, -12125.00, -12123.68
25138, -12125.00, -12123.76
25142, -12124.00, -12123.80
25147, -12122.00, -12123.76
25151, -12124.00, -12123.72
25156, -12123.00, -12123.71
25160, -12123.00, -12123.67
25164, -12124.00, -12123.66
25169, -12124.00, -12123.68
25174, -12124.00, -12123.69
25178, -12124.00, -12123.71
25184, -12126.00, -12123.80
25188, -12123.00, -12123.84
25193, -12123.00, -12123.79
25198, -12124.00, -12123.77
25203, -12125.00, -12123.82
25208, -12124.00, -12123.85
25212, -12124.00, -12123.86
25217, -12123.00, -12123.84
25221, -12124.00, -12123.82
25226, -12123.00, -12123.80
25231, -12125.00, -12123.82
25236, -12123.00, -12123.83
25241, -12124.00, -12123.81
25245, -12123.00, -12123.79
25250, -12125.00, -12123.80
25254, -12124.00, -12123.84
25259, -12123.00, -12123.82
25264, -12124.00, -12123.80
25268, -12123.00, -12123.79
25273, -12124.00, -12123.77
25278, -12123.00, -12123.75
25284, -12124.00, -12123.73
25288, -12123.00, -12123.72
25293, -12123.00, -12123.68
25298, -12124.00, -12123.67
25302, -12124.00, -12123.69
25307, -12123.00, -12123.67
25311, -12124.00, -12123.67
25316, -12124.00, -12123.69
25321, -12125.00, -12123.73
25326, -12124.00, -12123.78
25331, -12124.00, -12123.79
25336, -12124.00, -12123.80
25340, -12123.00, -12123.79
25345, -12123.00, -12123.74
25349, -12124.00, -12123.73
25354, -12123.00, -12123.71
25358, -12124.00, -12123.70
25363, -12125.00, -12123.75
25368, -12124.00, -12123.79
25373, -12123.00, -12123.78
25377, -12124.00, -12123.76
25382, -12124.00, -12123.78
25387, -12123.00, -12123.76
25392, -12124.00, -12123.74
25397, -12121.00, -12123.67
25402, -12123.00, -12123.57
25407, -12123.00, -12123.53
25411, -12124.00, -12123.53
25416, -12125.00, -12123.59
25421, -12122.00, -12123.58
25426, -12124.00, -12123.55
25431, -12124.00, -12123.58
25435, -12124.00, -12123.60
25440, -12124.00, -12123.62
25444, -12123.00, -12123.62
25449, -12123.00, -12123.58
25454, -12123.00, -12123.54
25459, -12126.00, -12123.60
25464, -12125.00, -12123.71
25468, -12123.00, -12123.72
25473, -12123.00, -12123.68
25478, -12124.00, -12123.67
25483, -12124.00, -12123.69
25488, -12124.00, -12123.71
25492, -12122.00, -12123.67
25497, -12125.00, -12123.66
25502, -12125.00, -12123.74
25507, -12125.00, -12123.81
25512, -12122.00, -12123.79
25517, -12122.00, -12123.68
25521, -12123.00, -12123.62
25526, -12123.00, -12123.58
25531, -12123.00, -12123.55
25535, -12124.00, -12123.55
25540, -12125.00, -12123.60
25545, -12122.00, -12123.60
25551, -12123.00, -12123.52
25555, -12124.00, -12123.52
25560, -12124.00, -12123.55
25565, -12123.00, -12123.54
25570, -12124.00, -12123.54
25574, -12124.00, -12123.57
25579, -12125.00, -12123.62
25584, -12123.00, -12123.65
25589, -12124.00, -12123.64
25593, -12124.00, -12123.66
25599, -12123.00, -12123.65
25604, -12124.00, -12123.64
25608, -12124.00, -12123.66
25613, -12123.00, -12123.65
25618, -12124.00, -12123.64
25623, -12124.00, -12123.66
25627, -12123.00, -12123.65
25631, -12123.00, -12123.62
25636, -12123.00, -12123.58
25641, -12124.00, -12123.58
25645, -12123.00, -12123.58
25650, -12122.00, -12123.52
25654, -12123.00, -12123.46
25658, -12124.00, -12123.46
25663, -12123.00, -12123.47
25667, -12125.00, -12123.49
25671, -12123.00, -12123.52
25676, -12124.00, -12123.52
25680, -12123.00, -12123.52
25685, -12123.00, -12123.49
25689, -12124.00, -12123.49
25694, -12123.00, -12123.49
25698, -12124.00, -12123.49
25702, -12125.00, -12123.55
25706, -12124.00, -12123.60
25711, -12123.00, -12123.59
25715, -12124.00, -12123.59
25719, -12124.00, -12123.61
25724, -12123.00, -12123.60
25728, -12123.00, -12123.57
25732, -12124.00, -12123.57
25737, -12125.00, -12123.62
25741, -12123.00, -12123.64
25745, -12126.00, -12123.68
25750, -12124.00, -12123.75
25754, -12124.00, -12123.77
25759, -12123.00, -12123.75
25763, -12124.00, -12123.74
25768, -12124.00, -12123.75
25773, -12124.00, -12123.77
25778, -12124.00, -12123.78
25783, -12123.00, -12123.76
25788, -12122.00, -12123.69
25793, -12124.00, -12123.65
25798, -12121.00, -12123.58
25803, -12123.00, -12123.48
25807, -12123.00, -12123.46
25812, -12124.00, -12123.46
25818, -12122.00, -12123.43
25823, -12124.00, -12123.40
25827, -12123.00, -12123.41
25833, -12122.00, -12123.35
25837, -12123.00, -12123.30
25842, -12124.00, -12123.31
25846, -12123.00, -12123.33
25850, -12124.00, -12123.33
25855, -12124.00, -12123.37
25859, -12124.00, -12123.40
25864, -12123.00, -12123.41
25868, -12124.00, -12123.41
25873, -12124.00, -12123.45
25878, -12124.00, -12123.48
25883, -12123.00, -12123.48
25887, -12123.00, -12123.45
25892, -12125.00, -12123.48
25898, -12122.00, -12123.49
25903, -12124.00, -12123.46
25908, -12124.00, -12123.49
25913, -12123.00, -12123.49
25918, -12124.00, -12123.49
25922, -12124.00, -12123.52
25927, -12123.00, -12123.52
25932, -12124.00, -12123.52
25936, -12125.00, -12123.57
25941, -12125.00, -12123.65
25946, -12123.00, -12123.67
25950, -12123.00, -12123.64
25954, -12124.00, -12123.63
25959, -12124.00, -12123.65
25963, -12121.00, -12123.59
25968, -12124.00, -12123.53
25972, -12125.00, -12123.58
25977, -12123.00, -12123.61
25982, -12123.00, -12123.58
25986, -12123.00, -12123.54
25991, -12124.00, -12123.54
25996, -12123.00, -12123.54
26002, -12123.00, -12123.50
26006, -12125.00, -12123.53
26011, -12124.00, -12123.59
26017, -12125.00, -12123.65
26022, -12126.00, -12123.75
26026, -12124.00, -12123.82
26031, -12124.00, -12123.83
26036, -12123.00, -12123.81
26041, -12123.00, -12123.76
26046, -12124.00, -12123.75
26051, -12124.00, -12123.77
26056, -12123.00, -12123.75
26061, -12122.00, -12123.68
26066, -12122.00, -12123.59
26070, -12123.00, -12123.53
26074, -12124.00, -12123.53
26079, -12125.00, -12123.58
26083, -12123.00, -12123.60
26088, -12124.00, -12123.59
26092, -12122.00, -12123.56
26096, -12124.00, -12123.53
26101, -12123.00, -12123.53
26105, -12124.00, -12123.53
26110, -12126.00, -12123.61
26115, -12123.00, -12123.66
26120, -12122.00, -12123.59
26124, -12122.00, -12123.51
26128, -12125.00, -12123.51
26133, -12124.00, -12123.56
26137, -12124.00, -12123.59
26142, -12124.00, -12123.61
26147, -12124.00, -12123.63
26152, -12123.00, -12123.63
26158, -12125.00, -12123.65
26163, -12124.00, -12123.70
26168, -12124.00, -12123.72
26173, -12122.00, -12123.68
26178, -12125.00, -12123.67
26182, -12124.00, -12123.71
26187, -12124.00, -12123.73
26191, -12124.00, -12123.74
26196, -12125.00, -12123.79
26200, -12125.00, -12123.86
26205, -12124.00, -12123.89
26209, -12124.00, -12123.90
26214, -12124.00, -12123.90
26218, -12123.00, -12123.88
26223, -12125.00, -12123.89
26227, -12124.00, -12123.92
26232, -12123.00, -12123.90
26237, -12123.00, -12123.85
26241, -12124.00, -12123.83
26246, -12124.00, -12123.84
26250, -12125.00, -12123.88
26255, -12125.00, -12123.94
26260, -12123.00, -12123.94
26265, -12123.00, -12123.89
26269, -12123.00, -12123.84
26275, -12124.00, -12123.82
26280, -12122.00, -12123.77
26285, -12125.00, -12123.75
26289, -12123.00, -12123.77
26294, -12125.00, -12123.78
26298, -12124.00, -12123.82
26303, -12123.00, -12123.80
26307, -12124.00, -12123.78
26312, -12122.00, -12123.74
26316, -12123.00, -12123.67
26321, -12124.00, -12123.66
26325, -12124.00, -12123.68
26329, -12124.00, -12123.70
26334, -12125.00, -12123.74
26338, -12124.00, -12123.78
26343, -12122.00, -12123.74
26348, -12125.00, -12123.72
26353, -12123.00, -12123.74
26359, -12122.00, -12123.65
26363, -12124.00, -12123.62
26368, -12124.00, -12123.64
26374, -12124.00, -12123.67
26379, -12124.00, -12123.69
26384, -12123.00, -12123.68
26389, -12125.00, -12123.70
26393, -12124.00, -12123.74
26398, -12125.00, -12123.78
26403, -12124.00, -12123.82
26407, -12124.00, -12123.83
26412, -12123.00, -12123.82
26416, -12122.00, -12123.74
26421, -12124.00, -12123.70
26425, -12125.00, -12123.75
26430, -12122.00, -12123.74
26435, -12122.00, -12123.63
26439, -12125.00, -12123.62
26444, -12124.00, -12123.67
26448, -12123.00, -12123.66
26453, -12124.00, -12123.65
26457, -12124.00, -12123.67
26462, -12125.00, -12123.72
26468, -12124.00, -12123.77
26473, -12122.00, -12123.72
26477, -12124.00, -12123.68
26482, -12124.00, -12123.70
26486, -12124.00, -12123.72
26491, -12124.00, -12123.74
26496, -12127.00, -12123.84
26500, -12124.00, -12123.93
26505, -12124.00, -12123.93
26509, -12124.00, -12123.94
26514, -12123.00, -12123.91
26519, -12124.00, -12123.89
26523, -12123.00, -12123.87
26528, -12124.00, -12123.85
26534, -12122.00, -12123.79
26538, -12123.00, -12123.72
26543, -12123.00, -12123.68
26547, -12122.00, -12123.61
26552, -12125.00, -12123.60
26558, -12122.00, -12123.59
26562, -12123.00, -12123.54
26568, -12124.00, -12123.53
26572, -12124.00, -12123.56
26577, -12124.00, -12123.58
26582, -12124.00, -12123.61
26587, -12125.00, -12123.66
26591, -12123.00, -12123.68
26597, -12123.00, -12123.63
