4624, -17315.00, -16738.91, 35002
4629, -17315.00, -16776.36, 35012
4635, -17318.00, -16811.28, 35062
4640, -17315.00, -16844.21, 35027
4645, -17312.00, -16873.83, 34935
4651, -17311.00, -16902.74, 34781
4656, -17308.00, -16930.29, 34595
4662, -17305.00, -16955.69, 34365
4668, -17302.00, -16980.04, 34106
4673, -17301.00, -17002.51, 33833
4679, -17298.00, -17022.91, 33554
4684, -17293.00, -17040.85, 33234
4690, -17292.00, -17058.67, 32913
4696, -17289.00, -17074.58, 32549
4702, -17287.00, -17089.69, 32203
4707, -17284.00, -17102.48, 31846
4713, -17281.00, -17114.38, 31497
4718, -17278.00, -17125.00, 31162
4723, -17277.00, -17134.50, 30819
4728, -17274.00, -17143.47, 30498
4733, -17272.00, -17151.32, 30172
4738, -17268.00, -17159.03, 29880
4743, -17267.00, -17165.43, 29609
4748, -17267.00, -17171.04, 29341
4753, -17263.00, -17176.47, 29090
4757, -17260.00, -17181.18, 28839
4762, -17260.00, -17185.71, 28609
4766, -17260.00, -17189.72, 28393
4771, -17255.00, -17193.36, 28178
4775, -17253.00, -17196.58, 27970
4779, -17251.00, -17199.53, 27768
4784, -17250.00, -17202.24, 27570
4788, -17247.00, -17204.73, 27381
4792, -17246.00, -17206.95, 27193
4797, -17244.00, -17209.01, 27013
4801, -17242.00, -17210.82, 26824
4806, -17241.00, -17212.60, 26645
4811, -17239.00, -17214.16, 26459
4815, -17236.00, -17215.51, 26285
4820, -17233.00, -17216.58, 26125
4824, -17233.00, -17217.46, 25964
4829, -17232.00, -17218.28, 25806
4833, -17229.00, -17218.96, 25649
4838, -17226.00, -17219.44, 25497
4843, -17226.00, -17219.81, 25321
4848, -17223.00, -17220.11, 25161
4853, -17222.00, -17220.26, 25008
4858, -17218.00, -17220.24, 24866
4862, -17218.00, -17220.12, 24711
4867, -17215.00, -17219.89, 24558
4872, -17213.00, -17219.53, 24402
4878, -17212.00, -17219.07, 24255
4883, -17210.00, -17218.57, 24097
4889, -17207.00, -17217.89, 23954
4894, -17206.00, -17217.16, 23817
4898, -17204.00, -17216.46, 23678
4904, -17201.00, -17215.59, 23536
4909, -17198.00, -17214.56, 23399
4914, -17197.00, -17213.51, 23264
4919, -17194.00, -17212.40, 23138
4924, -17192.00, -17211.25, 23012
4929, -17191.00, -17210.08, 22894
4933, -17191.00, -17208.99, 22768
4938, -17188.00, -17207.84, 22647
4943, -17184.00, -17206.58, 22532
4947, -17184.00, -17205.34, 22418
4952, -17183.00, -17204.14, 22300
4957, -17181.00, -17202.87, 22182
4961, -17180.00, -17201.58, 22037
4967, -17176.00, -17199.93, 21898
4973, -17175.00, -17198.32, 21771
4977, -17174.00, -17196.89, 21647
4982, -17170.00, -17195.38, 21510
4988, -17168.00, -17193.65, 21391
4993, -17167.00, -17192.15, 21256
4998, -17164.00, -17190.43, 21120
5003, -17162.00, -17188.63, 20988
5008, -17160.00, -17186.88, 20857
5014, -17159.00, -17185.18, 20709
5019, -17157.00, -17183.22, 20573
5025, -17155.00, -17181.53, 20440
5030, -17153.00, -17179.85, 20313
5034, -17151.00, -17178.21, 20188
5039, -17149.00, -17176.60, 20062
5044, -17147.00, -17174.95, 19932
5049, -17146.00, -17173.29, 19798
5054, -17143.00, -17171.53, 19655
5059, -17141.00, -17169.73, 19513
5064, -17141.00, -17167.96, 19366
5069, -17137.00, -17166.05, 19217
5074, -17135.00, -17164.19, 19065
5079, -17133.00, -17162.29, 18911
5085, -17132.00, -17160.41, 18754
5090, -17132.00, -17158.60, 18605
5095, -17127.00, -17156.89, 18459
5099, -17126.00, -17155.14, 18300
5104, -17126.00, -17153.36, 18144
5109, -17125.00, -17151.74, 17969
5114, -17122.00, -17149.92, 17794
5120, -17121.00, -17148.13, 17618
5125, -17116.00, -17146.30, 17421
5130, -17115.00, -17144.19, 17222
5136, -17114.00, -17142.22, 17029
5141, -17113.00, -17140.43, 16838
5146, -17110.00, -17138.67, 16639
5151, -17108.00, -17136.83, 16436
5156, -17108.00, -17135.08, 16234
5161, -17105.00, -17133.38, 16004
5166, -17103.00, -17131.43, 15765
5171, -17100.00, -17129.56, 15550
5176, -17099.00, -17127.84, 15309
5181, -17098.00, -17126.02, 15056
5187, -17095.00, -17124.06, 14823
5191, -17092.00, -17122.30, 14565
5197, -17093.00, -17120.30, 14333
5202, -17090.00, -17118.65, 14111
5206, -17089.00, -17116.97, 13889
5211, -17087.00, -17115.28, 13666
5216, -17085.00, -17113.54, 13440
5221, -17083.00, -17111.67, 13226
5226, -17081.00, -17110.02, 13025
5230, -17080.00, -17108.37, 12829
5235, -17078.00, -17106.75, 12639
5239, -17077.00, -17105.18, 12441
5244, -17075.00, -17103.45, 12208
5250, -17072.00, -17101.41, 11987
5255, -17071.00, -17099.44, 11774
5260, -17068.00, -17097.57, 11571
5265, -17066.00, -17095.69, 11363
5271, -17065.00, -17093.73, 11171
5276, -17063.00, -17091.94, 10975
5281, -17062.00, -17090.09, 10771
5286, -17059.00, -17088.18, 10589
5291, -17058.00, -17086.40, 10391
5296, -17057.00, -17084.53, 10197
5302, -17054.00, -17082.66, 10001
5307, -17052.00, -17080.69, 9818
5312, -17049.00, -17078.85, 9637
5317, -17049.00, -17077.02, 9449
5322, -17048.00, -17075.17, 9244
5328, -17046.00, -17073.21, 9054
5334, -17043.00, -17071.33, 8841
5340, -17041.00, -17069.16, 8652
5345, -17039.00, -17067.23, 8454
5351, -17038.00, -17065.22, 8262
5356, -17034.00, -17063.27, 8086
5362, -17033.00, -17061.38, 7903
5367, -17031.00, -17059.53, 7724
5372, -17029.00, -17057.68, 7544
5377, -17027.00, -17055.81, 7373
5382, -17025.00, -17054.01, 7194
5387, -17025.00, -17052.19, 7020
5392, -17022.00, -17050.44, 6849
5397, -17020.00, -17048.66, 6682
5402, -17019.00, -17046.94, 6509
5407, -17017.00, -17045.15, 6335
5412, -17016.00, -17043.44, 6139
5417, -17013.00, -17041.50, 5961
5422, -17012.00, -17039.74, 5768
5428, -17010.00, -17037.89, 5568
5433, -17008.00, -17035.97, 5375
5438, -17007.00, -17034.17, 5185
5444, -17005.00, -17032.42, 4978
5449, -17001.00, -17030.46, 4788
5454, -17002.00, -17028.74, 4598
5459, -16998.00, -17027.03, 4399
5464, -16997.00, -17025.21, 4201
5469, -16996.00, -17023.45, 4005
5474, -16991.00, -17021.71, 3783
5479, -16991.00, -17019.69, 3574
5484, -16991.00, -17017.92, 3340
5490, -16986.00, -17015.96, 3124
5495, -16984.00, -17014.09, 2886
5500, -16982.00, -17012.06, 2645
5505, -16981.00, -17010.04, 2412
5510, -16981.00, -17008.25, 2166
5516, -16978.00, -17006.42, 1914
5521, -16975.00, -17004.52, 1664
5526, -16973.00, -17002.66, 1408
5531, -16973.00, -17000.77, 1109
5537, -16970.00, -16998.75, 828
5542, -16968.00, -16996.82, 534
5547, -16966.00, -16994.88, 236
5553, -16964.00, -16992.96, -80
5559, -16962.00, -16990.86, -438
5564, -16960.00, -16988.77, -806
5570, -16958.00, -16986.64, -1157
5576, -16955.00, -16984.58, -1479
5581, -16953.00, -16982.71, -1818
5586, -16952.00, -16980.65, -2123
5592, -16949.00, -16978.80, -2429
5597, -16947.00, -16976.82, -2707
5602, -16945.00, -16975.00, -2975
5606, -16941.00, -16973.11, -3237
5611, -16941.00, -16971.20, -3510
5617, -16940.00, -16969.19, -3783
5622, -16937.00, -16967.13, -4021
5627, -16934.00, -16965.18, -4251
5632, -16932.00, -16963.24, -4503
5638, -16933.00, -16961.18, -4728
5643, -16931.00, -16959.28, -4957
5649, -16927.00, -16957.30, -5182
5654, -16926.00, -16955.19, -5387
5659, -16924.00, -16953.27, -5595
5665, -16921.00, -16951.16, -5797
5671, -16919.00, -16949.08, -5984
5676, -16918.00, -16947.13, -6163
5681, -16916.00, -16945.19, -6340
5686, -16914.00, -16943.27, -6505
5691, -16912.00, -16941.38, -6670
5696, -16909.00, -16939.49, -6829
5702, -16907.00, -16937.53, -6979
5707, -16905.00, -16935.60, -7126
5711, -16904.00, -16933.78, -7279
5717, -16900.00, -16931.70, -7423
5722, -16899.00, -16929.69, -7574
5727, -16897.00, -16927.67, -7726
5733, -16894.00, -16925.51, -7873
5738, -16894.00, -16923.36, -8013
5743, -16892.00, -16921.49, -8155
5749, -16889.00, -16919.42, -8291
5754, -16888.00, -16917.48, -8428
5759, -16885.00, -16915.43, -8565
5765, -16884.00, -16913.41, -8696
5770, -16881.00, -16911.36, -8835
5776, -16879.00, -16909.30, -8971
5781, -16877.00, -16907.18, -9101
5787, -16873.00, -16905.06, -9224
5792, -16873.00, -16903.04, -9351
5797, -16870.00, -16901.00, -9473
5802, -16868.00, -16898.95, -9594
5808, -16865.00, -16896.90, -9714
5813, -16864.00, -16894.81, -9836
5818, -16861.00, -16892.66, -9953
5824, -16860.00, -16890.66, -10070
5829, -16857.00, -16888.63, -10183
5834, -16855.00, -16886.64, -10303
5839, -16853.00, -16884.55, -10426
5844, -16851.00, -16882.40, -10544
5850, -16850.00, -16880.36, -10656
5855, -16847.00, -16878.42, -10780
5860, -16844.00, -16876.26, -10901
5865, -16843.00, -16874.16, -11017
5871, -16838.00, -16872.02, -11134
5876, -16838.00, -16869.89, -11256
5881, -16834.00, -16867.65, -11385
5887, -16832.00, -16865.19, -11509
5892, -16830.00, -16862.97, -11630
5898, -16827.00, -16860.73, -11749
5903, -16826.00, -16858.58, -11867
5908, -16823.00, -16856.42, -11988
5913, -16821.00, -16854.22, -12103
5918, -16819.00, -16852.17, -12211
5923, -16816.00, -16850.21, -12340
5928, -16814.00, -16847.83, -12472
5934, -16811.00, -16845.43, -12593
5939, -16810.00, -16843.29, -12713
5944, -16808.00, -16841.22, -12830
5949, -16805.00, -16839.19, -12960
5954, -16802.00, -16836.80, -13094
5960, -16799.00, -16834.43, -13233
5965, -16798.00, -16832.04, -13366
5970, -16796.00, -16829.80, -13510
5976, -16792.00, -16827.37, -13651
5981, -16790.00, -16824.95, -13804
5987, -16788.00, -16822.41, -13942
5993, -16784.00, -16819.95, -14100
5998, -16783.00, -16817.48, -14255
6004, -16779.00, -16815.00, -14399
6009, -16776.00, -16812.69, -14541
6014, -16774.00, -16810.42, -14673
6019, -16771.00, -16808.29, -14825
6024, -16770.00, -16805.90, -14964
6028, -16766.00, -16803.77, -15122
6034, -16763.00, -16801.25, -15275
6039, -16760.00, -16798.89, -15444
6044, -16759.00, -16796.39, -15617
6049, -16755.00, -16793.90, -15787
6054, -16755.00, -16791.49, -15958
6059, -16751.00, -16789.16, -16133
6064, -16748.00, -16786.74, -16322
6069, -16746.00, -16784.20, -16511
6075, -16743.00, -16781.70, -16728
6080, -16739.00, -16778.98, -16951
6086, -16737.00, -16776.20, -17167
6091, -16733.00, -16773.59, -17397
6097, -16730.00, -16770.66, -17634
6102, -16727.00, -16767.97, -17861
6107, -16726.00, -16765.34, -18102
6113, -16721.00, -16762.43, -18343
6118, -16718.00, -16759.62, -18566
6123, -16715.00, -16756.97, -18776
6128, -16712.00, -16754.38, -18980
6133, -16711.00, -16751.84, -19206
6138, -16707.00, -16748.95, -19400
6143, -16703.00, -16746.50, -19583
6148, -16703.00, -16744.12, -19765
6152, -16699.00, -16741.70, -19944
6157, -16695.00, -16739.24, -20145
6162, -16692.00, -16736.28, -20372
6168, -16690.00, -16733.09, -20564
6173, -16685.00, -16730.35, -20737
6177, -16684.00, -16727.75, -20932
6183, -16681.00, -16724.83, -21127
6188, -16675.00, -16721.76, -21299
6193, -16673.00, -16719.04, -21495
6198, -16669.00, -16715.75, -21695
6204, -16666.00, -16712.41, -21892
6210, -16662.00, -16709.13, -22079
6215, -16659.00, -16705.96, -22280
6221, -16654.00, -16702.43, -22459
6226, -16651.00, -16699.12, -22638
6231, -16648.00, -16696.02, -22834
6237, -16644.00, -16692.51, -22999
6242, -16639.00, -16689.48, -23167
6247, -16634.00, -16686.14, -23340
6252, -16632.00, -16682.88, -23516
6258, -16628.00, -16679.34, -23689
6263, -16623.00, -16675.96, -23868
6268, -16619.00, -16672.35, -24044
6274, -16616.00, -16668.79, -24220
6279, -16612.00, -16665.16, -24380
6284, -16607.00, -16661.91, -24556
6289, -16603.00, -16658.13, -24733
6295, -16600.00, -16654.34, -24928
6301, -16594.00, -16650.32, -25104
6306, -16590.00, -16646.38, -25282
6311, -16588.00, -16642.77, -25465
6317, -16582.00, -16638.70, -25639
6322, -16578.00, -16635.13, -25811
6328, -16572.00, -16631.25, -26010
6334, -16567.00, -16626.76, -26187
6339, -16562.00, -16622.65, -26377
6344, -16555.00, -16618.39, -26552
6350, -16553.00, -16614.33, -26744
6355, -16547.00, -16609.96, -26940
6361, -16541.00, -16605.47, -27144
6367, -16536.00, -16600.78, -27339
6372, -16533.00, -16596.45, -27540
6378, -16528.00, -16592.01, -27749
6383, -16522.00, -16587.43, -27940
6388, -16517.00, -16583.22, -28132
6393, -16511.00, -16579.00, -28338
6399, -16506.00, -16574.40, -28536
6404, -16500.00, -16569.94, -28751
6409, -16495.00, -16565.32, -28941
6414, -16490.00, -16561.28, -29162
6419, -16484.00, -16556.21, -29366
6424, -16479.00, -16551.98, -29596
6429, -16473.00, -16546.88, -29844
6435, -16466.00, -16541.47, -30076
6440, -16462.00, -16536.89, -30313
6445, -16454.00, -16531.93, -30576
6451, -16449.00, -16526.47, -30829
6456, -16443.00, -16521.42, -31085
6461, -16438.00, -16516.41, -31372
6467, -16431.00, -16510.72, -31652
6472, -16426.00, -16505.62, -31956
6477, -16419.00, -16500.11, -32256
6483, -16412.00, -16494.53, -32557
6488, -16407.00, -16489.36, -32867
6493, -16399.00, -16483.92, -33208
6498, -16394.00, -16478.15, -33570
6504, -16385.00, -16472.18, -33902
6509, -16376.00, -16466.59, -34267
6514, -16368.00, -16460.22, -34610
6520, -16362.00, -16454.06, -34960
6525, -16354.00, -16447.56, -35303
6531, -16348.00, -16440.77, -35665
6537, -16340.00, -16433.86, -35986
6543, -16333.00, -16427.22, -36310
6548, -16324.00, -16420.29, -36606
6554, -16315.00, -16413.33, -36875
6559, -16307.00, -16406.84, -37121
6564, -16300.00, -16400.53, -37348
6569, -16293.00, -16394.64, -37573
6574, -16286.00, -16388.39, -37797
6579, -16279.00, -16382.01, -38013
6584, -16272.00, -16375.54, -38217
6589, -16264.00, -16369.13, -38418
6593, -16256.00, -16362.76, -38614
6598, -16249.00, -16356.17, -38803
6603, -16241.00, -16349.65, -38999
6608, -16231.00, -16342.49, -39185
6613, -16225.00, -16335.52, -39375
6619, -16215.00, -16328.00, -39572
6624, -16206.00, -16320.17, -39740
6629, -16198.00, -16313.00, -39942
6635, -16185.00, -16304.25, -40112
6640, -16177.00, -16296.54, -40288
6646, -16168.00, -16288.23, -40457
6651, -16159.00, -16280.12, -40627
6657, -16149.00, -16271.56, -40793
6662, -16139.00, -16263.31, -40959
6667, -16132.00, -16254.78, -41117
6673, -16121.00, -16246.41, -41270
6678, -16114.00, -16238.28, -41419
6683, -16103.00, -16229.85, -41569
6689, -16093.00, -16221.23, -41704
6694, -16084.00, -16213.31, -41851
6699, -16076.00, -16204.99, -41991
6704, -16066.00, -16196.68, -42115
6708, -16058.00, -16189.16, -42243
6713, -16050.00, -16181.34, -42369
6718, -16040.00, -16173.36, -42490
6723, -16033.00, -16165.67, -42628
6728, -16022.00, -16156.40, -42779
6734, -16011.00, -16146.49, -42912
6739, -16002.00, -16137.81, -43047
6744, -15993.00, -16128.89, -43177
6749, -15983.00, -16120.19, -43315
6755, -15974.00, -16110.88, -43454
6760, -15962.00, -16101.33, -43595
6766, -15951.00, -16091.72, -43726
6771, -15942.00, -16082.74, -43857
6776, -15933.00, -16073.85, -43994
6781, -15923.00, -16063.95, -44120
6786, -15916.00, -16055.70, -44246
6791, -15906.00, -16046.95, -44391
6797, -15895.00, -16036.53, -44530
6802, -15887.00, -16027.35, -44650
6807, -15878.00, -16019.35, -44786
6812, -15869.00, -16009.95, -44929
6818, -15860.00, -15999.98, -45076
6823, -15851.00, -15990.52, -45227
6829, -15841.00, -15980.59, -45386
6834, -15831.00, -15970.24, -45522
6840, -15822.00, -15961.37, -45686
6846, -15810.00, -15950.81, -45833
6851, -15802.00, -15941.50, -45982
6856, -15793.00, -15931.68, -46147
6862, -15782.00, -15921.90, -46304
6868, -15774.00, -15912.27, -46477
6873, -15765.00, -15902.23, -46642
6879, -15758.00, -15892.89, -46796
6884, -15751.00, -15884.15, -46961
6889, -15742.00, -15875.32, -47127
6895, -15733.00, -15866.42, -47290
6900, -15725.00, -15858.06, -47457
6905, -15717.00, -15849.57, -47620
6910, -15710.00, -15841.49, -47783
6914, -15703.00, -15833.68, -47944
6919, -15697.00, -15826.06, -48110
6924, -15690.00, -15818.54, -48277
6928, -15682.00, -15811.14, -48443
6933, -15677.00, -15803.85, -48615
6937, -15668.00, -15796.55, -48818
6942, -15661.00, -15788.16, -49001
6947, -15655.00, -15780.99, -49209
6952, -15648.00, -15772.67, -49405
6957, -15641.00, -15765.76, -49596
6961, -15637.00, -15758.96, -49812
6966, -15630.00, -15751.51, -50018
6970, -15625.00, -15744.83, -50221
6975, -15619.00, -15738.33, -50433
6979, -15614.00, -15731.60, -50673
6984, -15609.00, -15724.06, -50890
6989, -15602.00, -15717.67, -51100
6993, -15596.00, -15711.22, -51329
6998, -15590.00, -15704.21, -51544
7003, -15584.00, -15697.56, -51756
7007, -15577.00, -15690.98, -51957
7012, -15574.00, -15684.77, -52196
7017, -15568.00, -15677.17, -52398
7022, -15561.00, -15671.03, -52606
7027, -15557.00, -15664.25, -52819
7032, -15551.00, -15657.65, -53021
7036, -15546.00, -15651.29, -53217
7041, -15541.00, -15644.87, -53425
7046, -15535.00, -15638.22, -53633
7051, -15530.00, -15631.59, -53819
7056, -15526.00, -15625.60, -54025
7062, -15520.00, -15618.74, -54239
7067, -15514.00, -15611.64, -54432
7072, -15509.00, -15605.70, -54611
7077, -15505.00, -15599.98, -54791
7082, -15499.00, -15594.08, -54979
7087, -15495.00, -15587.96, -55182
7093, -15490.00, -15581.26, -55374
7098, -15484.00, -15575.50, -55548
7103, -15480.00, -15569.91, -55714
7107, -15476.00, -15564.75, -55882
7112, -15471.00, -15559.46, -56041
7117, -15468.00, -15554.42, -56204
7121, -15463.00, -15549.48, -56361
7126, -15461.00, -15544.66, -56523
7131, -15457.00, -15539.74, -56709
7136, -15453.00, -15534.24, -56868
7141, -15446.00, -15529.43, -57039
7146, -15443.00, -15524.23, -57214
7151, -15440.00, -15519.16, -57370
7155, -15435.00, -15514.69, -57543
7160, -15430.00, -15509.58, -57720
7165, -15427.00, -15504.43, -57885
7170, -15425.00, -15499.95, -58061
7175, -15420.00, -15495.12, -58226
7180, -15416.00, -15490.48, -58389
7185, -15413.00, -15486.20, -58566
7190, -15410.00, -15481.36, -58755
7195, -15403.00, -15476.47, -58915
7200, -15401.00, -15472.32, -59082
7205, -15396.00, -15467.98, -59236
7209, -15394.00, -15464.02, -59391
7214, -15391.00, -15460.14, -59549
7218, -15387.00, -15456.22, -59716
7223, -15384.00, -15452.19, -59880
7228, -15380.00, -15448.25, -60045
7232, -15376.00, -15444.29, -60210
7237, -15376.00, -15440.55, -60387
7242, -15372.00, -15436.57, -60565
7246, -15366.00, -15432.54, -60769
7252, -15365.00, -15428.02, -60966
7257, -15360.00, -15423.77, -61178
7263, -15357.00, -15419.53, -61394
7268, -15354.00, -15415.25, -61601
7274, -15352.00, -15411.16, -61792
7278, -15350.00, -15407.82, -62017
7284, -15345.00, -15403.64, -62210
7288, -15343.00, -15400.28, -62442
7294, -15339.00, -15396.32, -62652
7299, -15335.00, -15392.73, -62866
7304, -15334.00, -15389.20, -63075
7309, -15329.00, -15385.89, -63291
7313, -15327.00, -15382.52, -63514
7318, -15325.00, -15379.22, -63744
7323, -15321.00, -15375.83, -63985
7328, -15319.00, -15372.50, -64240
7333, -15316.00, -15368.91, -64490
7338, -15314.00, -15365.81, -64729
7343, -15311.00, -15362.87, -64997
7348, -15309.00, -15359.64, -65271
7352, -15305.00, -15356.50, -65561
7358, -15302.00, -15353.22, -65869
7363, -15300.00, -15349.77, -66228
7369, -15298.00, -15346.20, -66566
7375, -15296.00, -15342.78, -66886
7380, -15291.00, -15339.75, -67264
7385, -15289.00, -15336.18, -67589
7391, -15286.00, -15333.00, -67905
7396, -15283.00, -15329.70, -68261
7403, -15280.00, -15326.16, -68559
7408, -15277.00, -15323.01, -68859
7414, -15274.00, -15319.74, -69132
7419, -15271.00, -15316.70, -69379
7424, -15269.00, -15313.82, -69616
7429, -15266.00, -15311.16, -69829
7433, -15265.00, -15308.60, -70041
7438, -15263.00, -15306.04, -70248
7443, -15260.00, -15303.53, -70447
7447, -15257.00, -15300.96, -70642
7452, -15256.00, -15298.42, -70820
7456, -15254.00, -15296.05, -70994
7461, -15252.00, -15293.68, -71163
7465, -15251.00, -15291.39, -71328
7470, -15249.00, -15289.14, -71487
7474, -15245.00, -15286.85, -71645
7479, -15244.00, -15284.54, -71799
7483, -15242.00, -15282.29, -71954
7488, -15239.00, -15279.89, -72119
7493, -15238.00, -15277.30, -72286
7498, -15235.00, -15274.77, -72450
7504, -15232.00, -15272.05, -72604
7509, -15230.00, -15269.53, -72754
7513, -15230.00, -15267.19, -72898
7518, -15226.00, -15264.88, -73035
7523, -15224.00, -15262.47, -73177
7528, -15222.00, -15260.13, -73315
7533, -15221.00, -15257.81, -73449
7538, -15218.00, -15255.58, -73570
7542, -15216.00, -15253.45, -73696
7547, -15215.00, -15251.28, -73826
7552, -15213.00, -15249.03, -73957
7557, -15211.00, -15246.76, -74087
7562, -15208.00, -15244.40, -74217
7567, -15206.00, -15242.15, -74333
7572, -15204.00, -15240.05, -74466
7577, -15202.00, -15237.63, -74577
7582, -15201.00, -15235.65, -74685
7586, -15199.00, -15233.70, -74804
7591, -15198.00, -15231.53, -74927
7596, -15194.00, -15229.30, -75051
7601, -15193.00, -15227.03, -75181
7607, -15189.00, -15224.49, -75299
7612, -15187.00, -15222.26, -75409
7617, -15186.00, -15220.18, -75519
7622, -15184.00, -15218.05, -75635
7627, -15183.00, -15215.90, -75755
7633, -15181.00, -15213.64, -75876
7638, -15178.00, -15211.41, -75982
7643, -15177.00, -15209.49, -76092
7648, -15175.00, -15207.50, -76197
7652, -15173.00, -15205.56, -76306
7657, -15171.00, -15203.60, -76407
7662, -15169.00, -15201.76, -76527
7667, -15166.00, -15199.50, -76630
7671, -15165.00, -15197.62, -76745
7677, -15163.00, -15195.48, -76874
7682, -15164.00, -15193.31, -76984
7687, -15158.00, -15191.38, -77097
7692, -15159.00, -15189.33, -77227
7698, -15154.00, -15187.08, -77334
7703, -15154.00, -15185.14, -77445
7708, -15152.00, -15183.28, -77547
7712, -15152.00, -15181.59, -77655
7717, -15149.00, -15179.79, -77777
7722, -15146.00, -15177.72, -77902
7727, -15145.00, -15175.64, -78032
7733, -15142.00, -15173.41, -78149
7738, -15142.00, -15171.56, -78259
7742, -15139.00, -15169.85, -78378
7747, -15138.00, -15167.98, -78490
7752, -15136.00, -15166.23, -78603
7756, -15134.00, -15164.48, -78713
7761, -15133.00, -15162.79, -78854
7767, -15130.00, -15160.63, -78972
7771, -15128.00, -15158.87, -79101
7776, -15127.00, -15156.90, -79234
7782, -15125.00, -15154.92, -79372
7787, -15123.00, -15153.02, -79491
7791, -15121.00, -15151.34, -79608
7795, -15120.00, -15149.71, -79727
7800, -15118.00, -15148.08, -79858
7805, -15117.00, -15146.28, -79998
7810, -15115.00, -15144.44, -80149
7815, -15114.00, -15142.58, -80284
7819, -15111.00, -15140.93, -80432
7824, -15110.00, -15139.04, -80593
7830, -15108.00, -15137.11, -80755
7835, -15104.00, -15135.15, -80907
7839, -15103.00, -15133.40, -81076
7844, -15102.00, -15131.42, -81252
7850, -15100.00, -15129.45, -81434
7855, -15098.00, -15127.45, -81625
7861, -15097.00, -15125.48, -81825
7866, -15095.00, -15123.58, -81994
7871, -15094.00, -15121.94, -82168
7875, -15091.00, -15120.34, -82340
7879, -15090.00, -15118.71, -82521
7884, -15088.00, -15117.02, -82726
7889, -15087.00, -15115.30, -82939
7894, -15085.00, -15113.42, -83158
7899, -15085.00, -15111.67, -83375
7905, -15081.00, -15109.77, -83616
7910, -15079.00, -15107.95, -83812
7914, -15078.00, -15106.34, -84018
7919, -15076.00, -15104.61, -84233
7924, -15074.00, -15102.80, -84444
7929, -15073.00, -15100.98, -84647
7934, -15071.00, -15099.24, -84847
7939, -15070.00, -15097.60, -85033
7943, -15068.00, -15095.98, -85222
7948, -15067.00, -15094.37, -85396
7952, -15064.00, -15092.78, -85573
7957, -15064.00, -15091.21, -85744
7961, -15062.00, -15089.67, -85929
7966, -15060.00, -15087.96, -86109
7971, -15060.00, -15086.38, -86279
7975, -15055.00, -15084.80, -86459
7980, -15055.00, -15083.01, -86628
7985, -15055.00, -15081.45, -86795
7989, -15052.00, -15079.90, -86959
7994, -15052.00, -15078.35, -87118
7998, -15048.00, -15076.81, -87279
8003, -15048.00, -15075.21, -87442
8008, -15046.00, -15073.57, -87627
8013, -15043.00, -15071.74, -87792
8018, -15043.00, -15070.07, -87963
8023, -15042.00, -15068.38, -88141
8028, -15039.00, -15066.61, -88331
8033, -15039.00, -15064.77, -88499
8038, -15035.00, -15063.10, -88674
8044, -15033.00, -15061.16, -88858
8049, -15032.00, -15059.32, -89021
8054, -15030.00, -15057.61, -89191
8059, -15028.00, -15055.90, -89377
8065, -15026.00, -15053.87, -89542
8070, -15025.00, -15052.21, -89719
8075, -15023.00, -15050.30, -89903
8081, -15019.00, -15048.36, -90072
8086, -15019.00, -15046.47, -90254
8091, -15017.00, -15044.59, -90438
8097, -15015.00, -15042.75, -90623
8102, -15015.00, -15040.79, -90799
8107, -15011.00, -15039.09, -90974
8113, -15010.00, -15037.21, -91162
8118, -15008.00, -15035.34, -91351
8124, -15005.00, -15033.37, -91540
8130, -15002.00, -15031.34, -91743
8136, -15002.00, -15029.01, -91927
8141, -15000.00, -15027.37, -92124
8147, -14997.00, -15025.38, -92328
8153, -14997.00, -15023.33, -92504
8157, -14994.00, -15021.68, -92702
8163, -14992.00, -15019.65, -92909
8169, -14991.00, -15017.79, -93118
8175, -14988.00, -15015.78, -93310
8180, -14987.00, -15014.06, -93515
8185, -14985.00, -15012.09, -93727
8191, -14981.00, -15010.26, -93953
8196, -14979.00, -15008.10, -94165
8202, -14980.00, -15006.23, -94370
8207, -14976.00, -15004.50, -94557
8211, -14975.00, -15002.91, -94761
8216, -14974.00, -15001.20, -94965
8221, -14972.00, -14999.54, -95207
8227, -14970.00, -14997.63, -95432
8232, -14970.00, -14995.89, -95659
8237, -14966.00, -14994.18, -95891
8242, -14965.00, -14992.34, -96146
8247, -14963.00, -14990.56, -96367
8252, -14960.00, -14988.91, -96599
8256, -14959.00, -14987.26, -96824
8261, -14959.00, -14985.73, -97080
8266, -14957.00, -14984.09, -97341
8271, -14955.00, -14982.40, -97643
8276, -14953.00, -14980.55, -97921
8281, -14951.00, -14978.81, -98219
8286, -14950.00, -14977.11, -98545
8291, -14947.00, -14975.19, -98881
8297, -14945.00, -14973.31, -99200
8302, -14943.00, -14971.59, -99528
8307, -14943.00, -14969.84, -99860
8312, -14940.00, -14968.06, -100201
8317, -14938.00, -14966.20, -100519
8322, -14937.00, -14964.44, -100842
8327, -14934.00, -14962.58, -101169
8333, -14934.00, -14960.64, -101475
8338, -14931.00, -14958.82, -101769
8344, -14931.00, -14957.04, -102066
8349, -14926.00, -14955.06, -102348
8355, -14925.00, -14953.07, -102608
8360, -14925.00, -14951.31, -102870
8366, -14921.00, -14949.39, -103127
8371, -14919.00, -14947.39, -103352
8376, -14917.00, -14945.62, -103562
8381, -14917.00, -14943.90, -103772
8386, -14914.00, -14942.15, -103995
8392, -14911.00, -14940.18, -104194
8397, -14911.00, -14938.37, -104395
8402, -14908.00, -14936.54, -104581
8407, -14908.00, -14934.79, -104774
8412, -14906.00, -14933.00, -104967
8418, -14903.00, -14931.06, -105150
8423, -14900.00, -14929.21, -105325
8428, -14900.00, -14927.36, -105505
8434, -14896.00, -14925.42, -105667
8439, -14896.00, -14923.63, -105840
8444, -14894.00, -14921.71, -106010
8450, -14891.00, -14919.77, -106170
8455, -14890.00, -14917.94, -106338
8460, -14887.00, -14915.92, -106491
8465, -14886.00, -14914.11, -106637
8471, -14885.00, -14912.32, -106795
8476, -14881.00, -14910.37, -106956
8482, -14879.00, -14908.25, -107092
8487, -14878.00, -14906.48, -107243
8492, -14874.00, -14904.46, -107388
8498, -14873.00, -14902.41, -107529
8503, -14872.00, -14900.52, -107673
8508, -14869.00, -14898.52, -107830
8514, -14868.00, -14896.35, -107974
8520, -14865.00, -14894.29, -108111
8525, -14863.00, -14892.34, -108246
8531, -14861.00, -14890.27, -108386
8536, -14860.00, -14888.36, -108525
8542, -14857.00, -14886.26, -108666
8547, -14855.00, -14884.22, -108805
8553, -14853.00, -14882.23, -108940
8558, -14850.00, -14880.21, -109075
8564, -14849.00, -14878.20, -109209
8569, -14845.00, -14876.16, -109346
8574, -14844.00, -14874.06, -109480
8580, -14841.00, -14872.01, -109609
8585, -14840.00, -14870.05, -109739
8590, -14838.00, -14868.08, -109889
8596, -14836.00, -14865.82, -110022
8601, -14834.00, -14863.83, -110156
8607, -14831.00, -14861.83, -110303
8613, -14830.00, -14859.54, -110444
8618, -14826.00, -14857.43, -110592
8624, -14825.00, -14855.29, -110749
8630, -14822.00, -14852.97, -110889
8635, -14820.00, -14850.90, -110994
8641, -14824.00, -14849.00, -111030
8646, -14826.00, -14847.32, -111012
8652, -14828.00, -14845.99, -110963
8657, -14830.00, -14844.96, -110888
8662, -14832.00, -14844.04, -110796
8667, -14834.00, -14843.32, -110696
8673, -14837.00, -14842.83, -110589
8678, -14840.00, -14842.56, -110468
8683, -14841.00, -14842.42, -110348
8688, -14842.00, -14842.37, -110223
8694, -14845.00, -14842.44, -110091
8699, -14847.00, -14842.68, -109949
8705, -14850.00, -14843.08, -109817
8710, -14851.00, -14843.58, -109668
8716, -14854.00, -14844.21, -109535
8721, -14856.00, -14844.91, -109401
8727, -14857.00, -14845.68, -109262
8733, -14861.00, -14846.58, -109130
8738, -14864.00, -14847.57, -108999
8743, -14864.00, -14848.62, -108867
8748, -14867.00, -14849.68, -108738
8753, -14868.00, -14850.80, -108608
8758, -14870.00, -14851.92, -108483
8763, -14871.00, -14853.05, -108363
8768, -14874.00, -14854.18, -108235
8773, -14877.00, -14855.46, -108094
8778, -14878.00, -14856.94, -107955
8784, -14881.00, -14858.38, -107818
8789, -14883.00, -14859.87, -107693
8794, -14885.00, -14861.24, -107549
8799, -14887.00, -14862.92, -107407
8804, -14888.00, -14864.43, -107257
8810, -14890.00, -14866.03, -107104
8815, -14892.00, -14867.72, -106958
8820, -14894.00, -14869.32, -106807
8825, -14896.00, -14870.93, -106641
8831, -14898.00, -14872.79, -106489
8836, -14900.00, -14874.37, -106332
8842, -14901.00, -14876.03, -106170
8847, -14902.00, -14877.67, -106005
8852, -14906.00, -14879.37, -105841
8857, -14906.00, -14881.07, -105661
8863, -14910.00, -14882.90, -105483
8868, -14912.00, -14884.73, -105316
8873, -14914.00, -14886.46, -105138
8878, -14916.00, -14888.23, -104959
8883, -14917.00, -14889.96, -104790
8888, -14920.00, -14891.59, -104598
8893, -14921.00, -14893.47, -104401
8899, -14922.00, -14895.28, -104205
8904, -14924.00, -14896.92, -103989
8909, -14928.00, -14898.82, -103751
8915, -14930.00, -14900.93, -103536
8920, -14930.00, -14902.69, -103314
8925, -14931.00, -14904.42, -103057
8930, -14933.00, -14906.24, -102822
8935, -14936.00, -14907.94, -102525
8941, -14938.00, -14910.05, -102254
8946, -14939.00, -14911.87, -101982
8952, -14941.00, -14913.61, -101690
8957, -14942.00, -14915.39, -101359
8962, -14945.00, -14917.33, -101040
8968, -14948.00, -14919.21, -100668
8974, -14949.00, -14921.30, -100299
8979, -14952.00, -14923.25, -99927
8985, -14954.00, -14925.27, -99577
8990, -14955.00, -14927.15, -99251
8995, -14957.00, -14928.92, -98889
9001, -14958.00, -14930.85, -98557
9006, -14960.00, -14932.64, -98231
9011, -14963.00, -14934.50, -97932
9016, -14963.00, -14936.26, -97635
9021, -14967.00, -14938.05, -97343
9026, -14967.00, -14939.85, -97068
9031, -14971.00, -14941.62, -96814
9036, -14972.00, -14943.33, -96533
9042, -14972.00, -14945.28, -96279
9047, -14975.00, -14946.96, -96014
9052, -14977.00, -14948.89, -95760
9057, -14979.00, -14950.72, -95506
9063, -14981.00, -14952.70, -95268
9068, -14985.00, -14954.55, -94976
9075, -14985.00, -14957.01, -94737
9080, -14987.00, -14958.91, -94533
9085, -14989.00, -14960.57, -94339
9089, -14990.00, -14962.19, -94145
9094, -14993.00, -14963.86, -93962
9098, -14993.00, -14965.46, -93767
9103, -14994.00, -14967.14, -93581
9108, -14998.00, -14968.78, -93387
9113, -14999.00, -14970.71, -93197
9118, -15001.00, -14972.36, -93003
9123, -15004.00, -14974.27, -92801
9129, -15005.00, -14976.34, -92605
9134, -15008.00, -14978.26, -92414
9139, -15009.00, -14980.24, -92229
9145, -15010.00, -14982.14, -92037
9150, -15011.00, -14983.95, -91855
9155, -15013.00, -14985.74, -91663
9161, -15016.00, -14987.72, -91469
9166, -15017.00, -14989.62, -91280
9172, -15019.00, -14991.51, -91094
9177, -15022.00, -14993.39, -90901
9183, -15023.00, -14995.41, -90711
9189, -15026.00, -14997.46, -90526
9194, -15028.00, -14999.34, -90342
9199, -15029.00, -15001.30, -90163
9205, -15032.00, -15003.17, -89986
9210, -15034.00, -15005.04, -89823
9215, -15036.00, -15006.80, -89656
9220, -15036.00, -15008.55, -89482
9225, -15038.00, -15010.34, -89301
9230, -15041.00, -15012.24, -89130
9235, -15043.00, -15014.08, -88939
9241, -15045.00, -15016.15, -88756
9246, -15045.00, -15017.98, -88580
9251, -15047.00, -15019.75, -88401
9257, -15049.00, -15021.60, -88207
9262, -15052.00, -15023.50, -88026
9267, -15054.00, -15025.36, -87838
9273, -15055.00, -15027.24, -87640
9278, -15057.00, -15029.19, -87438
9284, -15060.00, -15031.22, -87247
9289, -15062.00, -15033.12, -87061
9294, -15063.00, -15034.96, -86865
9300, -15065.00, -15036.83, -86688
9304, -15068.00, -15038.55, -86499
9309, -15068.00, -15040.31, -86308
9314, -15072.00, -15042.12, -86121
9319, -15072.00, -15043.86, -85894
9325, -15074.00, -15045.92, -85685
9330, -15074.00, -15047.68, -85487
9335, -15078.00, -15049.37, -85295
9339, -15079.00, -15051.00, -85093
9344, -15082.00, -15052.74, -84895
9349, -15084.00, -15054.42, -84678
9354, -15084.00, -15056.24, -84446
9359, -15087.00, -15058.16, -84224
9364, -15089.00, -15059.85, -83990
9369, -15090.00, -15061.77, -83758
9374, -15093.00, -15063.55, -83527
9379, -15094.00, -15065.42, -83313
9384, -15095.00, -15067.03, -83082
9389, -15098.00, -15068.93, -82851
9394, -15101.00, -15070.84, -82643
9399, -15101.00, -15072.65, -82428
9404, -15104.00, -15074.54, -82185
9410, -15106.00, -15076.80, -81987
9415, -15107.00, -15078.57, -81774
9421, -15109.00, -15080.57, -81576
9426, -15112.00, -15082.54, -81369
9432, -15113.00, -15084.50, -81192
9437, -15116.00, -15086.28, -81014
9442, -15117.00, -15088.21, -80833
9447, -15121.00, -15090.20, -80659
9452, -15120.00, -15092.13, -80486
9458, -15122.00, -15094.00, -80305
9463, -15125.00, -15096.04, -80150
9468, -15127.00, -15097.84, -79980
9474, -15129.00, -15099.89, -79815
9480, -15131.00, -15101.91, -79666
9485, -15133.00, -15103.77, -79496
9490, -15135.00, -15105.94, -79347
9496, -15137.00, -15107.88, -79202
9501, -15141.00, -15109.87, -79046
9507, -15143.00, -15112.06, -78887
9513, -15144.00, -15114.30, -78747
9518, -15147.00, -15116.28, -78613
9523, -15147.00, -15118.16, -78466
9528, -15150.00, -15120.24, -78332
9534, -15152.00, -15122.19, -78197
9539, -15155.00, -15124.18, -78072
9544, -15155.00, -15126.06, -77946
9549, -15158.00, -15127.94, -77811
9554, -15160.00, -15129.97, -77679
9560, -15163.00, -15132.03, -77546
9565, -15165.00, -15134.13, -77419
9570, -15166.00, -15136.11, -77293
9575, -15170.00, -15138.12, -77157
9581, -15171.00, -15140.34, -77030
9586, -15173.00, -15142.35, -76898
9592, -15176.00, -15144.58, -76766
9597, -15178.00, -15146.65, -76641
9602, -15181.00, -15148.67, -76507
9608, -15183.00, -15151.02, -76350
9614, -15184.00, -15153.49, -76215
9620, -15187.00, -15155.65, -76075
9626, -15191.00, -15158.02, -75937
9631, -15193.00, -15160.32, -75803
9637, -15195.00, -15162.60, -75662
9643, -15198.00, -15164.99, -75528
9648, -15200.00, -15167.23, -75399
9653, -15201.00, -15169.33, -75259
9659, -15204.00, -15171.60, -75124
9664, -15206.00, -15173.79, -74995
9669, -15208.00, -15175.82, -74858
9675, -15211.00, -15177.98, -74711
9680, -15215.00, -15180.40, -74578
9685, -15216.00, -15182.53, -74432
9691, -15219.00, -15184.91, -74293
9696, -15221.00, -15187.08, -74148
9701, -15225.00, -15189.39, -73996
9707, -15227.00, -15191.89, -73833
9713, -15229.00, -15194.45, -73668
9718, -15233.00, -15196.88, -73507
9724, -15234.00, -15199.34, -73328
9730, -15236.00, -15202.00, -73161
9735, -15241.00, -15204.35, -72999
9741, -15242.00, -15206.76, -72835
9746, -15245.00, -15209.03, -72668
9751, -15247.00, -15211.35, -72503
9756, -15251.00, -15213.62, -72341
9761, -15253.00, -15215.84, -72167
9766, -15255.00, -15218.23, -71982
9771, -15258.00, -15220.69, -71803
9776, -15259.00, -15222.92, -71615
9781, -15262.00, -15225.26, -71434
9786, -15264.00, -15227.44, -71235
9791, -15267.00, -15229.85, -71032
9796, -15269.00, -15232.21, -70838
9801, -15273.00, -15234.44, -70634
9806, -15275.00, -15236.85, -70413
9811, -15277.00, -15239.38, -70205
9816, -15280.00, -15241.57, -70006
9820, -15281.00, -15243.69, -69797
9825, -15284.00, -15245.87, -69552
9830, -15286.00, -15248.38, -69317
9835, -15288.00, -15250.65, -69048
9840, -15292.00, -15253.20, -68785
9845, -15293.00, -15255.53, -68497
9850, -15297.00, -15258.09, -68215
9855, -15299.00, -15260.49, -67927
9860, -15302.00, -15262.87, -67612
9865, -15305.00, -15265.54, -67266
9871, -15309.00, -15268.31, -66961
9876, -15311.00, -15270.93, -66621
9882, -15314.00, -15273.71, -66327
9887, -15316.00, -15276.19, -66051
9891, -15319.00, -15278.60, -65736
9897, -15322.00, -15281.43, -65435
9903, -15326.00, -15284.35, -65131
9908, -15328.00, -15287.12, -64885
9913, -15330.00, -15289.49, -64645
9917, -15333.00, -15291.88, -64384
9923, -15337.00, -15294.72, -64111
9928, -15341.00, -15297.77, -63866
9933, -15342.00, -15300.47, -63603
9939, -15344.00, -15303.44, -63365
9944, -15349.00, -15306.18, -63110
9950, -15352.00, -15309.25, -62886
9955, -15356.00, -15312.07, -62664
9961, -15359.00, -15314.99, -62450
9966, -15361.00, -15317.81, -62240
9971, -15366.00, -15320.64, -62028
9976, -15369.00, -15323.68, -61819
9981, -15372.00, -15326.72, -61604
9987, -15375.00, -15329.79, -61394
9993, -15379.00, -15333.08, -61186
9998, -15383.00, -15336.18, -60992
10003, -15387.00, -15339.18, -60808
10008, -15391.00, -15342.20, -60637
10013, -15392.00, -15345.03, -60462
10017, -15397.00, -15347.94, -60268
10023, -15400.00, -15351.30, -60068
10029, -15403.00, -15354.81, -59895
10034, -15407.00, -15357.78, -59701
10039, -15411.00, -15361.40, -59510
10045, -15416.00, -15364.86, -59310
10051, -15419.00, -15368.55, -59135
10056, -15422.00, -15371.74, -58944
10062, -15429.00, -15375.61, -58765
10067, -15432.00, -15379.02, -58600
10072, -15435.00, -15382.27, -58440
10076, -15440.00, -15385.41, -58275
10081, -15444.00, -15388.85, -58094
10087, -15449.00, -15392.64, -57905
10092, -15454.00, -15396.79, -57721
10098, -15459.00, -15400.73, -57564
10103, -15462.00, -15404.10, -57384
10108, -15467.00, -15408.31, -57214
10113, -15472.00, -15411.96, -57055
10118, -15475.00, -15415.39, -56877
10123, -15480.00, -15419.46, -56717
10128, -15484.00, -15423.04, -56560
10132, -15489.00, -15426.64, -56379
10138, -15494.00, -15431.05, -56198
10143, -15499.00, -15435.24, -56013
10149, -15502.00, -15439.51, -55832
10154, -15508.00, -15443.72, -55634
10160, -15514.00, -15448.43, -55444
10165, -15517.00, -15452.84, -55266
10170, -15524.00, -15456.99, -55082
10175, -15529.00, -15461.41, -54894
10181, -15534.00, -15465.92, -54701
10186, -15541.00, -15470.77, -54513
10191, -15545.00, -15475.04, -54343
10196, -15550.00, -15479.08, -54155
10201, -15556.00, -15483.77, -53977
10206, -15561.00, -15487.98, -53785
10211, -15565.00, -15492.72, -53587
10216, -15572.00, -15497.50, -53371
10221, -15577.00, -15502.59, -53146
10227, -15587.00, -15508.24, -52924
10233, -15592.00, -15513.48, -52718
10238, -15599.00, -15518.44, -52486
10243, -15606.00, -15524.22, -52251
10249, -15613.00, -15529.93, -52003
10254, -15617.00, -15535.79, -51758
10260, -15626.00, -15541.79, -51507
10265, -15630.00, -15547.30, -51252
10271, -15637.00, -15553.13, -50987
10276, -15643.00, -15558.92, -50712
10282, -15654.00, -15565.41, -50477
10288, -15659.00, -15571.06, -50253
10292, -15666.00, -15576.48, -50041
10297, -15673.00, -15582.00, -49820
10302, -15682.00, -15587.95, -49596
10308, -15689.00, -15594.21, -49373
10313, -15697.00, -15600.71, -49163
10318, -15703.00, -15606.98, -48965
10323, -15711.00, -15612.98, -48779
10328, -15718.00, -15618.98, -48582
10333, -15725.00, -15625.53, -48383
10339, -15734.00, -15632.55, -48180
10344, -15743.00, -15639.58, -47995
10350, -15750.00, -15646.66, -47818
10355, -15760.00, -15653.68, -47610
10361, -15768.00, -15661.89, -47433
10367, -15774.00, -15668.91, -47260
10372, -15784.00, -15676.36, -47085
10377, -15795.00, -15683.75, -46920
10383, -15804.00, -15691.51, -46761
10388, -15814.00, -15698.88, -46614
10393, -15823.00, -15706.08, -46469
10398, -15830.00, -15713.33, -46323
10403, -15839.00, -15720.78, -46174
10408, -15847.00, -15728.46, -46033
10413, -15856.00, -15736.10, -45897
10418, -15866.00, -15743.79, -45758
10423, -15874.00, -15751.16, -45635
10428, -15880.00, -15758.19, -45506
10432, -15887.00, -15765.38, -45373
10437, -15897.00, -15773.02, -45233
10443, -15906.00, -15781.37, -45109
10447, -15914.00, -15788.62, -44983
10452, -15922.00, -15796.21, -44851
10457, -15931.00, -15804.31, -44731
10462, -15941.00, -15811.65, -44596
10467, -15948.00, -15820.25, -44456
10473, -15960.00, -15829.21, -44329
10478, -15969.00, -15837.82, -44190
10483, -15979.00, -15846.34, -44051
10489, -15989.00, -15855.73, -43917
10494, -15999.00, -15864.53, -43782
10499, -16009.00, -15873.48, -43647
10505, -16020.00, -15882.67, -43520
10510, -16029.00, -15891.44, -43381
10515, -16036.00, -15900.69, -43246
10520, -16047.00, -15909.95, -43114
10526, -16057.00, -15918.97, -42979
10531, -16065.00, -15928.06, -42854
10536, -16075.00, -15936.53, -42721
10541, -16084.00, -15945.57, -42585
10546, -16093.00, -15954.64, -42445
10552, -16103.00, -15964.16, -42304
10557, -16112.00, -15973.38, -42162
10562, -16121.00, -15982.92, -42025
10567, -16131.00, -15991.47, -41875
10573, -16140.00, -16001.13, -41725
10578, -16150.00, -16010.68, -41582
10584, -16159.00, -16019.79, -41423
10589, -16171.00, -16029.53, -41264
10595, -16181.00, -16039.60, -41094
10601, -16189.00, -16050.31, -40930
10606, -16197.00, -16059.57, -40755
10612, -16207.00, -16069.44, -40592
10617, -16217.00, -16078.68, -40429
10622, -16224.00, -16087.83, -40253
10628, -16234.00, -16097.27, -40082
10633, -16241.00, -16106.39, -39912
10638, -16251.00, -16115.15, -39746
10643, -16259.00, -16123.64, -39567
10649, -16268.00, -16132.46, -39395
10653, -16276.00, -16140.65, -39229
10658, -16280.00, -16148.46, -39065
10663, -16286.00, -16155.85, -38897
10667, -16294.00, -16163.26, -38706
10672, -16301.00, -16171.40, -38505
10677, -16307.00, -16180.06, -38304
10682, -16317.00, -16187.75, -38075
10688, -16323.00, -16196.66, -37835
10694, -16334.00, -16205.93, -37589
10699, -16340.00, -16214.32, -37346
10704, -16349.00, -16222.81, -37062
10710, -16356.00, -16232.23, -36774
10716, -16364.00, -16241.11, -36464
10722, -16371.00, -16250.18, -36168
10728, -16378.00, -16258.91, -35848
10733, -16384.00, -16266.82, -35527
10739, -16393.00, -16274.95, -35204
10744, -16399.00, -16282.63, -34864
10749, -16405.00, -16290.39, -34540
10754, -16413.00, -16297.76, -34175
10760, -16419.00, -16306.11, -33849
10765, -16425.00, -16313.15, -33546
10770, -16432.00, -16319.86, -33253
10775, -16438.00, -16326.69, -32978
10779, -16442.00, -16333.00, -32697
10784, -16448.00, -16339.57, -32389
10789, -16454.00, -16346.98, -32076
10795, -16461.00, -16354.58, -31802
10800, -16467.00, -16361.10, -31525
10806, -16471.00, -16368.38, -31224
10811, -16478.00, -16375.69, -30955
10817, -16482.00, -16382.52, -30686
10822, -16489.00, -16389.54, -30434
10828, -16493.00, -16396.06, -30197
10833, -16499.00, -16402.19, -29982
10837, -16504.00, -16408.08, -29756
10842, -16508.00, -16414.02, -29540
10847, -16514.00, -16419.99, -29343
10852, -16519.00, -16425.24, -29135
10857, -16525.00, -16431.35, -28923
10862, -16529.00, -16437.32, -28703
10867, -16533.00, -16443.22, -28466
10874, -16540.00, -16450.16, -28256
10879, -16546.00, -16456.08, -28055
10884, -16550.00, -16461.86, -27835
10890, -16554.00, -16468.13, -27637
10895, -16559.00, -16474.01, -27451
10900, -16565.00, -16479.22, -27244
10906, -16570.00, -16485.39, -27042
10911, -16574.00, -16491.32, -26853
10917, -16580.00, -16496.93, -26666
10922, -16583.00, -16502.49, -26473
10928, -16588.00, -16508.10, -26280
10933, -16593.00, -16513.72, -26112
10938, -16597.00, -16518.66, -25944
10943, -16600.00, -16523.44, -25782
10948, -16604.00, -16528.14, -25615
10953, -16608.00, -16532.81, -25445
10958, -16613.00, -16537.70, -25264
10964, -16614.00, -16542.79, -25087
10969, -16619.00, -16547.52, -24929
10974, -16624.00, -16551.77, -24758
10979, -16627.00, -16556.69, -24577
10984, -16632.00, -16561.27, -24392
10990, -16636.00, -16566.51, -24197
10996, -16642.00, -16571.56, -24011
11002, -16645.00, -16576.36, -23824
11007, -16649.00, -16581.15, -23639
11013, -16653.00, -16585.82, -23466
11018, -16656.00, -16590.21, -23285
11023, -16660.00, -16594.51, -23088
11029, -16665.00, -16599.37, -22915
11034, -16667.00, -16603.47, -22717
11040, -16672.00, -16608.27, -22519
11046, -16676.00, -16612.89, -22334
11051, -16680.00, -16616.97, -22154
11056, -16682.00, -16620.89, -21987
11061, -16685.00, -16624.51, -21810
11066, -16688.00, -16628.35, -21613
11071, -16694.00, -16632.50, -21426
11077, -16695.00, -16636.63, -21234
11082, -16699.00, -16640.30, -21041
11087, -16701.00, -16644.08, -20855
11092, -16703.00, -16647.60, -20661
11097, -16706.00, -16651.22, -20477
11102, -16710.00, -16654.51, -20276
11107, -16715.00, -16658.16, -20070
11113, -16717.00, -16661.87, -19850
11118, -16719.00, -16665.59, -19628
11123, -16723.00, -16669.24, -19394
11129, -16726.00, -16673.02, -19158
11135, -16730.00, -16676.71, -18904
11140, -16733.00, -16680.53, -18664
11146, -16735.00, -16684.07, -18420
11151, -16740.00, -16687.58, -18167
11157, -16743.00, -16691.40, -17921
11162, -16745.00, -16694.78, -17692
11168, -16748.00, -16698.07, -17457
11173, -16751.00, -16701.44, -17228
11178, -16751.00, -16704.66, -17004
11184, -16756.00, -16707.90, -16799
11189, -16759.00, -16710.93, -16598
11194, -16762.00, -16713.94, -16404
11199, -16765.00, -16717.06, -16210
11204, -16767.00, -16720.23, -16006
11210, -16772.00, -16723.55, -15830
11214, -16772.00, -16726.27, -15641
11220, -15000.00, -16670.54, -15452
11225, -16778.00, -16617.34, -15281
11231, -16781.00, -16627.65, -15120
11235, -16784.00, -16636.33, -14943
11241, -16785.00, -16646.50, -14762
11247, -16789.00, -16656.31, -14594
11252, -16792.00, -16665.21, -14428
11258, -16794.00, -16674.08, -14265
11263, -16798.00, -16682.29, -14095
11269, -16799.00, -16690.43, -13939
11275, -16802.00, -16697.70, -13785
11280, -16805.00, -16704.69, -13625
11286, -16808.00, -16711.93, -13487
11291, -16811.00, -16717.91, -13345
11296, -16814.00, -16724.12, -13203
11302, -16817.00, -16730.03, -13062
11307, -16817.00, -16735.84, -12928
11312, -16821.00, -16741.05, -12795
11318, -16823.00, -16746.32, -12659
11323, -16825.00, -16751.27, -12513
11329, -16829.00, -16756.80, -12383
11334, -16832.00, -16761.66, -12236
11340, -16833.00, -16766.52, -12107
11346, -16836.00, -16771.09, -11952
11352, -16840.00, -16776.10, -11818
11358, -16841.00, -16780.62, -11680
11363, -16844.00, -16784.71, -11562
11368, -16847.00, -16788.45, -11436
11373, -16848.00, -16792.20, -11314
11378, -16851.00, -16795.74, -11185
11384, -16855.00, -16799.46, -11051
11389, -16856.00, -16803.37, -10917
11395, -16857.00, -16806.98, -10784
11401, -16861.00, -16810.50, -10667
11405, -16863.00, -16813.49, -10542
11411, -16865.00, -16816.79, -10426
11415, -16866.00, -16819.56, -10301
11421, -16869.00, -16822.67, -10172
11426, -16872.00, -16826.00, -10047
11432, -16873.00, -16828.87, -9917
11437, -16876.00, -16831.85, -9796
11442, -16878.00, -16834.60, -9677
11447, -16880.00, -16837.21, -9555
11452, -16884.00, -16839.96, -9415
11458, -16884.00, -16843.04, -9282
11463, -16888.00, -16845.74, -9156
11468, -16889.00, -16848.29, -9027
11473, -16892.00, -16850.89, -8886
11478, -16894.00, -16853.74, -8754
11483, -16896.00, -16856.28, -8620
11488, -16899.00, -16858.78, -8482
11493, -16899.00, -16861.33, -8346
11498, -16901.00, -16863.65, -8203
11504, -16905.00, -16866.17, -8054
11509, -16905.00, -16868.77, -7907
11514, -16907.00, -16871.08, -7759
11519, -16909.00, -16873.44, -7597
11525, -16912.00, -16875.88, -7449
11530, -16914.00, -16878.13, -7296
11535, -16916.00, -16880.51, -7120
11541, -16919.00, -16882.94, -6968
11545, -16921.00, -16885.12, -6803
11551, -16922.00, -16887.43, -6626
11557, -16924.00, -16890.01, -6436
11562, -16928.00, -16892.26, -6243
11567, -16929.00, -16894.78, -6044
11573, -16932.00, -16897.23, -5823
11579, -16933.00, -16899.84, -5619
11585, -16936.00, -16902.09, -5391
11590, -16937.00, -16904.53, -5164
11596, -16941.00, -16906.93, -4931
11602, -16942.00, -16909.27, -4680
11608, -16945.00, -16911.73, -4430
11613, -16948.00, -16914.10, -4173
11619, -16949.00, -16916.43, -3928
11624, -16951.00, -16918.51, -3671
11629, -16953.00, -16920.62, -3402
11634, -16955.00, -16922.73, -3111
11640, -16956.00, -16924.89, -2821
11645, -16959.00, -16927.00, -2509
11650, -16958.00, -16929.00, -2172
11656, -16963.00, -16931.22, -1819
11662, -16964.00, -16933.36, -1467
11667, -16967.00, -16935.59, -1126
11673, -16969.00, -16937.88, -765
11679, -16971.00, -16940.16, -454
11684, -16973.00, -16942.20, -133
11690, -16976.00, -16944.47, 192
11696, -16978.00, -16946.67, 482
11701, -16977.00, -16948.64, 756
11706, -16981.00, -16950.51, 1049
11712, -16983.00, -16952.68, 1319
11717, -16984.00, -16954.69, 1561
11722, -16986.00, -16956.48, 1798
11727, -16988.00, -16958.30, 2031
11732, -16991.00, -16960.21, 2293
11737, -16991.00, -16962.30, 2521
11742, -16995.00, -16964.20, 2737
11747, -16996.00, -16966.09, 2950
11752, -16998.00, -16967.90, 3173
11757, -16999.00, -16969.86, 3372
11762, -16999.00, -16971.52, 3564
11767, -17004.00, -16973.23, 3775
11772, -17004.00, -16975.20, 3997
11778, -17007.00, -16977.26, 4190
11782, -17008.00, -16979.03, 4395
11788, -17010.00, -16980.99, 4597
11793, -17013.00, -16982.97, 4795
11798, -17014.00, -16984.93, 4992
11804, -17016.00, -16986.90, 5207
11810, -17019.00, -16989.04, 5397
11815, -17020.00, -16990.97, 5586
11820, -17022.00, -16992.87, 5773
11825, -17022.00, -16994.76, 5963
11831, -17025.00, -16996.62, 6144
11836, -17026.00, -16998.45, 6322
11841, -17029.00, -17000.27, 6501
11846, -17029.00, -17002.10, 6678
11851, -17031.00, -17003.81, 6880
11857, -17034.00, -17005.87, 7060
11863, -17036.00, -17007.76, 7225
11867, -17037.00, -17009.42, 7403
11873, -17041.00, -17011.34, 7589
11878, -17042.00, -17013.32, 7753
11883, -17044.00, -17015.12, 7950
11889, -17046.00, -17017.24, 8119
11894, -17048.00, -17018.99, 8294
11899, -17049.00, -17020.82, 8471
11904, -17050.00, -17022.65, 8655
11910, -17053.00, -17024.60, 8830
11915, -17054.00, -17026.39, 9015
11920, -17057.00, -17028.26, 9193
11925, -17059.00, -17030.07, 9356
11930, -17061.00, -17031.84, 9540
11935, -17062.00, -17033.69, 9724
11940, -17065.00, -17035.60, 9917
11946, -17064.00, -17037.49, 10092
11950, -17068.00, -17039.20, 10282
11956, -17069.00, -17041.09, 10481
11961, -17071.00, -17043.01, 10657
11966, -17073.00, -17044.72, 10847
11971, -17074.00, -17046.51, 11062
11977, -17076.00, -17048.49, 11257
11982, -17078.00, -17050.26, 11445
11987, -17078.00, -17051.92, 11641
11992, -17081.00, -17053.63, 11844
11997, -17082.00, -17055.37, 12060
12003, -17083.00, -17057.16, 12292
12009, -17087.00, -17059.18, 12499
12013, -17088.00, -17060.85, 12728
12019, -17092.00, -17062.77, 12942
12024, -17093.00, -17064.61, 13173
12029, -17094.00, -17066.51, 13395
12034, -17095.00, -17068.23, 13626
12040, -17097.00, -17069.99, 13857
12044, -17100.00, -17071.70, 14093
12050, -17101.00, -17073.48, 14354
12055, -17104.00, -17075.42, 14589
12060, -17106.00, -17077.18, 14825
12065, -17108.00, -17079.05, 15086
12071, -17109.00, -17081.04, 15330
12076, -17111.00, -17082.98, 15561
12081, -17112.00, -17084.77, 15785
12087, -17114.00, -17086.57, 15990
12091, -17115.00, -17088.21, 16208
12097, -17117.00, -17090.00, 16412
12102, -17119.00, -17091.75, 16625
12107, -17122.00, -17093.67, 16824
12113, -17122.00, -17095.47, 17020
12118, -17125.00, -17097.30, 17209
12123, -17126.00, -17099.17, 17412
12129, -17128.00, -17101.04, 17588
12134, -17132.00, -17102.96, 17776
12140, -17133.00, -17104.91, 17963
12146, -17134.00, -17106.91, 18133
12151, -17137.00, -17108.74, 18321
12157, -17141.00, -17110.95, 18490
12162, -17143.00, -17113.05, 18651
12168, -17143.00, -17114.96, 18805
12173, -17145.00, -17116.80, 18960
12178, -17146.00, -17118.67, 19115
12184, -17148.00, -17120.56, 19262
12189, -17151.00, -17122.39, 19427
12195, -17152.00, -17124.50, 19562
12200, -17155.00, -17126.23, 19706
12205, -17157.00, -17128.23, 19855
12211, -17159.00, -17130.19, 19994
12216, -17161.00, -17132.08, 20128
12221, -17162.00, -17133.93, 20260
12226, -17165.00, -17135.78, 20390
12231, -17166.00, -17137.62, 20538
12237, -17168.00, -17139.75, 20671
12242, -17168.00, -17141.48, 20798
12247, -17172.00, -17143.23, 20920
12252, -17172.00, -17144.93, 21056
12258, -17175.00, -17146.84, 21182
12263, -17177.00, -17148.63, 21312
12268, -17179.00, -17150.59, 21449
12274, -17181.00, -17152.50, 21578
12279, -17184.00, -17154.42, 21701
12284, -17186.00, -17156.27, 21832
12289, -17187.00, -17158.21, 21954
12294, -17189.00, -17160.01, 22080
12299, -17191.00, -17161.88, 22202
12304, -17193.00, -17163.70, 22332
12309, -17197.00, -17165.70, 22449
12314, -17197.00, -17167.52, 22580
12320, -17199.00, -17169.52, 22700
12324, -17201.00, -17171.34, 22826
12329, -17203.00, -17173.20, 22962
12335, -17205.00, -17175.29, 23108
12341, -17207.00, -17177.45, 23243
12346, -17209.00, -17179.37, 23375
12351, -17212.00, -17181.30, 23519
12357, -17214.00, -17183.46, 23661
12362, -17215.00, -17185.45, 23800
12367, -17218.00, -17187.44, 23936
12372, -17218.00, -17189.28, 24066
12377, -17222.00, -17191.09, 24207
12382, -17224.00, -17193.11, 24353
12387, -17227.00, -17195.11, 24503
12393, -17226.00, -17197.16, 24655
12398, -17229.00, -17199.08, 24804
12403, -17232.00, -17201.01, 24969
12408, -17234.00, -17203.14, 25123
12414, -17235.00, -17205.08, 25292
12419, -17238.00, -17207.18, 25457
12424, -17240.00, -17209.16, 25621
12429, -17241.00, -17211.03, 25782
12434, -17243.00, -17212.86, 25961
12439, -17246.00, -17214.92, 26146
12445, -17251.00, -17217.11, 26317
12449, -17250.00, -17218.97, 26505
12454, -17252.00, -17221.02, 26679
12459, -17254.00, -17222.79, 26848
12463, -17257.00, -17224.56, 27051
12469, -17258.00, -17226.66, 27248
12473, -17260.00, -17228.58, 27454
12478, -17263.00, -17230.53, 27685
12484, -17265.00, -17232.76, 27936
12489, -17267.00, -17234.96, 28179
12494, -17269.00, -17237.05, 28407
12499, -17271.00, -17238.94, 28673
12505, -17275.00, -17241.25, 28946
12510, -17276.00, -17243.39, 29218
12515, -17279.00, -17245.47, 29490
12520, -17279.00, -17247.42, 29758
12524, -17282.00, -17249.26, 30033
12529, -17284.00, -17251.14, 30371
12534, -17288.00, -17253.43, 30721
12540, -17291.00, -17255.81, 31059
12545, -17292.00, -17258.04, 31382
12550, -17293.00, -17260.13, 31738
12555, -17297.00, -17262.41, 32039
12560, -17298.00, -17264.45, 32374
12565, -17302.00, -17266.77, 32685
12570, -17304.00, -17269.00, 32989
12575, -17306.00, -17271.23, 33277
12580, -17310.00, -17273.42, 33555
12585, -17312.00, -17275.67, 33811
12590, -17313.00, -17277.71, 34075
12595, -17315.00, -17279.86, 34344
12600, -17318.00, -17282.12, 34615
12605, -17323.00, -17284.71, 34886
12610, -17324.00, -17287.18, 35132
12616, -17327.00, -17289.57, 35357
12620, -17329.00, -17291.68, 35566
12624, -17332.00, -17293.80, 35774
12629, -17334.00, -17295.97, 35977
12634, -17335.00, -17298.08, 36171
12638, -17339.00, -17300.19, 36358
12643, -17336.00, -17302.45, 36440
12648, -17333.00, -17304.50, 36449
12653, -17329.00, -17305.93, 36409
12657, -17328.00, -17307.14, 36332
12662, -17325.00, -17308.24, 36209
12667, -17322.00, -17309.20, 36079
12671, -17321.00, -17309.87, 35922
12676, -17317.00, -17310.39, 35753
12681, -17317.00, -17310.76, 35572
12685, -17312.00, -17310.97, 35386
12690, -17312.00, -17311.03, 35188
12694, -17310.00, -17311.03, 34973
12699, -17306.00, -17310.85, 34763
12703, -17305.00, -17310.56, 34551
12708, -17303.00, -17310.21, 34329
12712, -17300.00, -17309.73, 34070
12717, -17299.00, -17309.10, 33806
12722, -17297.00, -17308.44, 33522
12727, -17294.00, -17307.65, 33239
12732, -17291.00, -17306.76, 32950
12737, -17289.00, -17305.76, 32643
12742, -17286.00, -17304.63, 32310
12747, -17285.00, -17303.39, 31962
12753, -17281.00, -17302.11, 31604
12758, -17280.00, -17300.63, 31234
12764, -17278.00, -17299.21, 30847
12770, -17277.00, -17297.63, 30457
12776, -17272.00, -17295.89, 30113
12781, -17269.00, -17294.19, 29762
12788, -17267.00, -17292.19, 29433
12793, -17265.00, -17290.35, 29087
12799, -17262.00, -17288.40, 28793
12805, -17260.00, -17286.55, 28502
12811, -17257.00, -17284.58, 28273
12815, -17255.00, -17282.98, 28050
12820, -17253.00, -17281.31, 27821
12825, -17251.00, -17279.45, 27605
12830, -17248.00, -17277.66, 27390
12835, -17246.00, -17275.93, 27180
12840, -17244.00, -17274.04, 26997
12844, -17243.00, -17272.36, 26788
12850, -17241.00, -17270.40, 26582
12855, -17238.00, -17268.25, 26367
12861, -17235.00, -17266.15, 26182
12866, -17235.00, -17264.24, 26011
12871, -17232.00, -17262.46, 25845
12875, -17230.00, -17260.60, 25689
12880, -17228.00, -17258.84, 25515
12885, -17225.00, -17256.78, 25340
12891, -17223.00, -17254.65, 25183
12896, -17222.00, -17252.73, 25038
12900, -17219.00, -17250.88, 24871
12906, -17218.00, -17248.68, 24702
12911, -17215.00, -17246.49, 24560
12916, -17212.00, -17244.53, 24414
12921, -17211.00, -17242.57, 24283
12926, -17211.00, -17240.81, 24138
12931, -17208.00, -17238.86, 24006
12936, -17208.00, -17237.00, 23876
12940, -17204.00, -17235.29, 23752
12945, -17203.00, -17233.53, 23607
12950, -17198.00, -17231.33, 23467
12956, -17198.00, -17229.16, 23334
12961, -17196.00, -17227.23, 23204
12966, -17194.00, -17225.20, 23071
12971, -17192.00, -17223.19, 22938
12976, -17190.00, -17221.12, 22820
12981, -17188.00, -17219.28, 22688
12986, -17186.00, -17217.21, 22569
12991, -17186.00, -17215.38, 22449
12996, -17182.00, -17213.59, 22340
13000, -17182.00, -17211.88, 22230
13004, -17179.00, -17210.19, 22122
13009, -17177.00, -17208.46, 22011
13013, -17176.00, -17206.73, 21902
13018, -17175.00, -17205.08, 21790
13022, -17173.00, -17203.37, 21678
13027, -17172.00, -17201.67, 21558
13031, -17170.00, -17199.85, 21441
13036, -17167.00, -17198.10, 21318
13041, -17166.00, -17196.13, 21199
13046, -17164.00, -17194.37, 21086
13050, -17163.00, -17192.65, 20959
13055, -17160.00, -17190.71, 20834
13060, -17158.00, -17188.81, 20703
13066, -17157.00, -17186.84, 20579
13070, -17156.00, -17185.06, 20441
13076, -17153.00, -17183.00, 20301
13081, -17151.00, -17181.04, 20162
13087, -17151.00, -17179.08, 20020
13092, -17147.00, -17177.10, 19879
13097, -17144.00, -17175.07, 19730
13103, -17143.00, -17172.88, 19574
13108, -17140.00, -17170.79, 19431
13114, -17139.00, -17168.79, 19278
13119, -17137.00, -17166.74, 19120
13125, -17135.00, -17164.68, 18969
13130, -17134.00, -17162.77, 18817
13135, -17133.00, -17160.93, 18665
13140, -17130.00, -17159.12, 18488
13146, -17127.00, -17156.99, 18337
13151, -17126.00, -17155.17, 18187
13155, -17124.00, -17153.45, 18009
13161, -17123.00, -17151.39, 17835
13166, -17121.00, -17149.56, 17669
13171, -17119.00, -17147.79, 17468
13177, -17117.00, -17145.68, 17284
13182, -17113.00, -17143.74, 17082
13188, -17113.00, -17141.61, 16867
13193, -17111.00, -17139.61, 16626
13200, -17109.00, -17137.37, 16401
13205, -17104.00, -17135.26, 16179
13211, -17105.00, -17133.26, 15933
13216, -17103.00, -17131.21, 15712
13221, -17101.00, -17129.43, 15479
13227, -17099.00, -17127.60, 15236
13232, -17098.00, -17125.69, 14974
13237, -17096.00, -17123.78, 14734
13242, -17093.00, -17122.03, 14501
13247, -17090.00, -17120.19, 14254
13253, -17090.00, -17118.18, 13980
13258, -17088.00, -17116.13, 13754
13263, -17085.00, -17114.34, 13509
13269, -17083.00, -17112.38, 13285
13274, -17083.00, -17110.57, 13058
13279, -17080.00, -17108.75, 12838
13284, -17077.00, -17106.84, 12606
13290, -17076.00, -17104.80, 12386
13295, -17074.00, -17102.92, 12181
13300, -17072.00, -17101.11, 11969
13305, -17071.00, -17099.22, 11758
13310, -17069.00, -17097.34, 11537
13316, -17067.00, -17095.35, 11332
13321, -17065.00, -17093.45, 11108
13327, -17063.00, -17091.40, 10900
13333, -17062.00, -17089.46, 10697
13338, -17059.00, -17087.54, 10494
13344, -17057.00, -17085.54, 10293
13349, -17055.00, -17083.59, 10094
13355, -17054.00, -17081.65, 9897
13360, -17052.00, -17079.75, 9711
13365, -17050.00, -17077.89, 9529
13370, -17048.00, -17076.16, 9363
13375, -17046.00, -17074.50, 9195
13380, -17045.00, -17072.81, 9033
13384, -17043.00, -17071.15, 8874
13389, -17043.00, -17069.61, 8710
13393, -17041.00, -17068.05, 8550
13398, -17038.00, -17066.44, 8383
13403, -17037.00, -17064.73, 8220
13408, -17035.00, -17063.10, 8056
13412, -17033.00, -17061.42, 7900
13417, -17032.00, -17059.82, 7739
13422, -17030.00, -17058.17, 7564
13427, -17027.00, -17056.35, 7394
13432, -17026.00, -17054.54, 7207
13437, -17023.00, -17052.53, 7019
13442, -17024.00, -17050.62, 6843
13447, -17022.00, -17048.96, 6677
13452, -17019.00, -17047.29, 6509
13457, -17017.00, -17045.52, 6333
13462, -17015.00, -17043.73, 6147
13467, -17014.00, -17041.85, 5955
13473, -17012.00, -17040.02, 5770
13478, -17009.00, -17038.16, 5575
13483, -17008.00, -17036.17, 5382
13488, -17005.00, -17034.35, 5193
13493, -17003.00, -17032.50, 5018
13498, -17004.00, -17030.86, 4805
13504, -17000.00, -17028.90, 4592
13509, -16998.00, -17026.89, 4383
13514, -16996.00, -17024.97, 4162
13520, -16994.00, -17022.93, 3924
13526, -16993.00, -17020.88, 3699
13531, -16990.00, -17018.87, 3444
13537, -16987.00, -17016.67, 3180
13543, -16986.00, -17014.49, 2928
13549, -16983.00, -17012.33, 2681
13555, -16981.00, -17010.37, 2433
13560, -16979.00, -17008.38, 2180
13565, -16978.00, -17006.40, 1940
13570, -16977.00, -17004.69, 1697
13575, -16973.00, -17002.90, 1425
13581, -16973.00, -17000.96, 1193
13585, -16970.00, -16999.37, 947
13590, -16969.00, -16997.69, 696
13594, -16966.00, -16995.99, 450
13599, -16965.00, -16994.36, 202
13603, -16965.00, -16992.79, -64
13608, -16963.00, -16991.19, -350
13612, -16961.00, -16989.48, -665
13617, -16958.00, -16987.61, -997
13623, -16956.00, -16985.67, -1308
13628, -16953.00, -16983.79, -1645
13633, -16952.00, -16981.64, -1997
13639, -16949.00, -16979.55, -2298
13644, -16948.00, -16977.63, -2619
13649, -16947.00, -16975.59, -2941
13655, -16943.00, -16973.44, -3230
13661, -16941.00, -16971.38, -3531
13666, -16940.00, -16969.21, -3787
13672, -16937.00, -16967.31, -4040
13677, -16935.00, -16965.28, -4298
13682, -16933.00, -16963.17, -4545
13688, -16931.00, -16961.02, -4770
13693, -16928.00, -16959.06, -4977
13698, -16927.00, -16957.16, -5168
13703, -16927.00, -16955.41, -5346
13707, -16925.00, -16953.77, -5524
13712, -16923.00, -16952.07, -5687
13717, -16921.00, -16950.44, -5856
13721, -16918.00, -16948.64, -6031
13726, -16918.00, -16946.75, -6188
13731, -16915.00, -16945.06, -6353
13736, -16914.00, -16943.17, -6520
13741, -16912.00, -16941.23, -6685
13746, -16910.00, -16939.34, -6830
13751, -16907.00, -16937.61, -6994
13757, -16906.00, -16935.39, -7144
13762, -16905.00, -16933.70, -7290
13767, -16902.00, -16931.75, -7448
13772, -16899.00, -16929.67, -7590
13778, -16898.00, -16927.72, -7736
13783, -16896.00, -16925.71, -7879
13788, -16893.00, -16923.69, -8022
13794, -16892.00, -16921.61, -8151
13799, -16889.00, -16919.72, -8282
13804, -16889.00, -16917.79, -8411
13809, -16885.00, -16915.83, -8548
13814, -16883.00, -16913.75, -8675
13820, -16881.00, -16911.78, -8801
13825, -16880.00, -16909.81, -8928
13830, -16878.00, -16907.84, -9044
13835, -16875.00, -16906.01, -9171
13840, -16874.00, -16903.92, -9289
13845, -16871.00, -16902.03, -9409
13850, -16870.00, -16900.03, -9539
13856, -16866.00, -16897.79, -9660
13861, -16865.00, -16895.71, -9782
13867, -16864.00, -16893.57, -9909
13873, -16862.00, -16891.53, -10028
13878, -16858.00, -16889.45, -10154
13884, -16856.00, -16887.26, -10273
13889, -16854.00, -16885.20, -10394
13894, -16852.00, -16883.03, -10512
13900, -16850.00, -16880.97, -10633
13905, -16847.00, -16878.86, -10749
13910, -16844.00, -16876.75, -10870
13916, -16843.00, -16874.50, -10991
13921, -16840.00, -16872.36, -11106
13926, -16839.00, -16870.30, -11215
13931, -16836.00, -16868.35, -11322
13936, -16833.00, -16866.39, -11438
13941, -16831.00, -16864.21, -11554
13946, -16829.00, -16862.00, -11682
13952, -16827.00, -16859.64, -11812
13958, -16823.00, -16857.21, -11931
13963, -16823.00, -16855.03, -12045
13968, -16821.00, -16852.98, -12172
13974, -16818.00, -16850.76, -12284
13979, -16815.00, -16848.71, -12393
13983, -16813.00, -16846.76, -12506
13988, -16811.00, -16844.70, -12613
13993, -16809.00, -16842.77, -12720
13997, -16807.00, -16840.86, -12826
14002, -16806.00, -16838.98, -12939
14006, -16803.00, -16837.06, -13054
14011, -16800.00, -16834.99, -13170
14016, -16799.00, -16832.90, -13297
14021, -16796.00, -16830.73, -13421
14026, -16795.00, -16828.66, -13557
14031, -16793.00, -16826.40, -13691
14036, -16789.00, -16824.13, -13826
14042, -16785.00, -16821.71, -13965
14047, -16784.00, -16819.41, -14124
14053, -16780.00, -16816.70, -14272
14058, -16779.00, -16814.29, -14422
14063, -16776.00, -16811.87, -14576
14069, -16775.00, -16809.50, -14733
14075, -16772.00, -16806.96, -14898
14080, -16768.00, -16804.61, -15066
14086, -16765.00, -16801.96, -15235
14091, -16764.00, -16799.52, -15403
14096, -16759.00, -16797.03, -15583
14102, -16756.00, -16794.36, -15778
14108, -16753.00, -16791.53, -15966
14113, -16751.00, -16788.91, -16136
14118, -16749.00, -16786.65, -16355
14124, -16746.00, -16783.73, -16561
14130, -16741.00, -16781.09, -16756
14135, -16742.00, -16778.64, -16971
14140, -16738.00, -16776.08, -17176
14145, -16735.00, -16773.70, -17391
14150, -16731.00, -16771.09, -17616
14155, -16728.00, -16768.48, -17837
14160, -16726.00, -16765.91, -18086
14166, -16722.00, -16763.00, -18334
14172, -16719.00, -16760.07, -18560
14177, -16715.00, -16757.37, -18775
14182, -16713.00, -16754.65, -19025
14188, -16709.00, -16751.48, -19271
14194, -16706.00, -16748.46, -19510
14200, -16703.00, -16745.34, -19748
14206, -16700.00, -16742.21, -19965
14211, -16694.00, -16739.24, -20176
14216, -16691.00, -16736.14, -20393
14222, -16688.00, -16732.93, -20592
14227, -16687.00, -16730.08, -20785
14232, -16681.00, -16727.20, -20976
14238, -16679.00, -16724.26, -21153
14242, -16675.00, -16721.49, -21331
14247, -16672.00, -16718.65, -21526
14253, -16670.00, -16715.45, -21715
14258, -16664.00, -16712.29, -21888
14263, -16662.00, -16709.37, -22056
14268, -16659.00, -16706.50, -22229
14273, -16655.00, -16703.41, -22401
14278, -16653.00, -16700.44, -22557
14282, -16648.00, -16697.67, -22723
14287, -16645.00, -16694.61, -22900
14293, -16642.00, -16691.31, -23078
14298, -16637.00, -16687.88, -23268
14304, -16635.00, -16684.39, -23441
14309, -16630.00, -16681.03, -23634
14315, -16626.00, -16677.36, -23812
14320, -16622.00, -16673.86, -23995
14325, -16617.00, -16670.23, -24177
14331, -16613.00, -16666.38, -24355
14336, -16609.00, -16662.86, -24528
14342, -16604.00, -16659.30, -24698
14347, -16601.00, -16655.71, -24862
14352, -16596.00, -16652.22, -25038
14357, -16591.00, -16648.30, -25215
14363, -16586.00, -16644.51, -25382
14368, -16583.00, -16640.83, -25552
14373, -16578.00, -16637.07, -25722
14378, -16575.00, -16633.33, -25902
14383, -16571.00, -16629.33, -26072
14388, -16566.00, -16625.58, -26244
14393, -16562.00, -16621.82, -26405
14398, -16555.00, -16618.07, -26572
14403, -16551.00, -16614.18, -26737
14408, -16548.00, -16610.53, -26920
14413, -16542.00, -16606.28, -27099
14418, -16540.00, -16602.33, -27301
14424, -16533.00, -16597.82, -27492
14429, -16528.00, -16593.48, -27689
14434, -16522.00, -16589.02, -27879
14439, -16519.00, -16584.91, -28069
14444, -16510.00, -16580.60, -28249
14449, -16508.00, -16576.50, -28433
14454, -16503.00, -16572.50, -28614
14458, -16498.00, -16568.45, -28805
14463, -16493.00, -16564.29, -28996
14467, -16489.00, -16560.25, -29184
14472, -16485.00, -16556.24, -29388
14477, -16480.00, -16551.96, -29597
14482, -16473.00, -16547.40, -29809
14486, -16469.00, -16542.97, -30039
14491, -16463.00, -16538.23, -30279
14497, -16458.00, -16533.19, -30500
14501, -16453.00, -16528.91, -30762
14507, -16446.00, -16523.65, -31015
14512, -16438.00, -16518.44, -31306
14517, -16432.00, -16512.83, -31601
14523, -16424.00, -16507.09, -31873
14528, -16417.00, -16501.96, -32188
14533, -16411.00, -16495.99, -32487
14539, -16406.00, -16490.53, -32791
14543, -16399.00, -16485.40, -33094
14548, -16392.00, -16480.07, -33447
14554, -16384.00, -16473.62, -33808
14559, -16378.00, -16467.79, -34145
14564, -16371.00, -16462.12, -34486
14569, -16365.00, -16456.16, -34824
14575, -16358.00, -16450.17, -35143
14580, -16352.00, -16444.28, -35465
14585, -16344.00, -16437.86, -35792
14590, -16336.00, -16431.49, -36094
14596, -16327.00, -16425.13, -36356
14600, -16322.00, -16419.35, -36625
14605, -16315.00, -16413.15, -36881
14610, -16307.00, -16406.94, -37163
14616, -16300.00, -16399.83, -37443
14622, -16291.00, -16392.39, -37692
14627, -16281.00, -16385.58, -37952
14633, -16271.00, -16377.81, -38180
14638, -16262.00, -16370.76, -38401
14644, -16254.00, -16363.38, -38616
14649, -16247.00, -16356.28, -38810
14654, -16238.00, -16349.48, -39008
14659, -16230.00, -16342.32, -39193
14664, -16220.00, -16335.42, -39364
14668, -16214.00, -16328.68, -39563
14674, -16204.00, -16320.47, -39732
14679, -16197.00, -16313.51, -39887
14683, -16187.00, -16306.81, -40041
14688, -16182.00, -16299.98, -40196
14693, -16173.00, -16292.98, -40357
14697, -16165.00, -16285.60, -40529
14703, -16154.00, -16277.17, -40688
14708, -16145.00, -16269.39, -40833
14713, -16138.00, -16262.05, -40978
14717, -16131.00, -16254.65, -41129
14722, -16121.00, -16246.62, -41265
14727, -16114.00, -16239.45, -41412
14732, -16104.00, -16231.45, -41542
14737, -16095.00, -16224.08, -41670
14741, -16088.00, -16216.75, -41796
14746, -16079.00, -16209.45, -41921
14750, -16070.00, -16202.00, -42044
14755, -16061.00, -16194.53, -42167
14759, -16052.00, -16186.93, -42311
14765, -16042.00, -16177.29, -42439
14769, -16033.00, -16169.32, -42573
14775, -16024.00, -16160.59, -42696
14779, -16015.00, -16152.14, -42831
14785, -16005.00, -16143.32, -42973
14790, -15995.00, -16133.87, -43100
14795, -15986.00, -16125.40, -43231
14800, -15977.00, -16116.55, -43369
14805, -15968.00, -16107.11, -43489
14810, -15959.00, -16099.13, -43603
14814, -15950.00, -16091.28, -43733
14819, -15941.00, -16082.16, -43867
14824, -15931.00, -16073.21, -43995
14830, -15923.00, -16064.22, -44138
14835, -15914.00, -16054.64, -44274
14840, -15902.00, -16044.90, -44416
14846, -15894.00, -16035.19, -44558
14851, -15886.00, -16025.78, -44702
14857, -15876.00, -16015.91, -44856
14863, -15866.00, -16005.63, -44991
14867, -15858.00, -15997.09, -45116
14872, -15848.00, -15988.81, -45241
14877, -15841.00, -15980.70, -45363
14881, -15832.00, -15972.57, -45498
14886, -15823.00, -15963.90, -45627
14891, -15815.00, -15955.61, -45749
14895, -15807.00, -15947.76, -45878
14900, -15798.00, -15939.59, -46003
14904, -15791.00, -15931.80, -46133
14909, -15783.00, -15923.78, -46282
14914, -15776.00, -15914.57, -46421
14919, -15768.00, -15906.58, -46571
14924, -15760.00, -15897.87, -46708
14928, -15754.00, -15890.00, -46866
14934, -15744.00, -15881.18, -47024
14938, -15738.00, -15872.77, -47174
14943, -15732.00, -15864.84, -47333
14948, -15724.00, -15856.35, -47518
14954, -15712.00, -15847.27, -47678
14958, -15706.00, -15839.33, -47862
14964, -15698.00, -15830.45, -48045
14969, -15690.00, -15821.54, -48256
14975, -15682.00, -15812.33, -48461
14980, -15673.00, -15803.00, -48649
14985, -15666.00, -15795.11, -48857
14990, -15660.00, -15786.86, -49047
14995, -15654.00, -15779.57, -49234
14999, -15648.00, -15772.56, -49456
15005, -15640.00, -15764.23, -49667
15009, -15633.00, -15756.95, -49901
15015, -15626.00, -15748.72, -50172
15020, -15618.00, -15739.90, -50396
15025, -15613.00, -15732.85, -50630
15030, -15609.00, -15725.58, -50901
15036, -15599.00, -15716.93, -51156
15041, -15594.00, -15709.33, -51409
15046, -15587.00, -15701.80, -51660
15052, -15583.00, -15694.00, -51918
15057, -15576.00, -15686.20, -52171
15063, -15568.00, -15678.18, -52401
15068, -15563.00, -15671.21, -52660
15074, -15556.00, -15663.18, -52895
15080, -15549.00, -15655.70, -53131
15086, -15543.00, -15647.70, -53359
15091, -15536.00, -15640.84, -53584
15096, -15531.00, -15633.72, -53804
15102, -15526.00, -15626.62, -54009
15107, -15522.00, -15620.04, -54201
15112, -15514.00, -15613.96, -54397
15117, -15510.00, -15607.57, -54602
15123, -15504.00, -15600.29, -54802
15128, -15501.00, -15594.56, -54979
15133, -15496.00, -15588.96, -55169
15138, -15491.00, -15582.78, -55342
15143, -15487.00, -15577.46, -55517
15148, -15481.00, -15571.92, -55718
15153, -15476.00, -15565.45, -55893
15158, -15471.00, -15560.09, -56079
15164, -15466.00, -15554.06, -56278
15169, -15462.00, -15547.90, -56472
15175, -15456.00, -15542.01, -56671
15180, -15451.00, -15535.85, -56881
15186, -15447.00, -15529.54, -57055
15191, -15442.00, -15524.30, -57257
15197, -15437.00, -15518.25, -57445
15203, -15432.00, -15512.60, -57630
15208, -15430.00, -15507.48, -57814
15213, -15425.00, -15502.33, -57988
15218, -15422.00, -15497.49, -58161
15223, -15418.00, -15492.73, -58345
15229, -15413.00, -15487.62, -58508
15233, -15411.00, -15483.45, -58662
15238, -15405.00, -15479.34, -58817
15242, -15403.00, -15475.19, -58972
15247, -15398.00, -15471.06, -59138
15252, -15395.00, -15466.65, -59325
15257, -15392.00, -15462.01, -59492
15262, -15387.00, -15457.69, -59672
15267, -15384.00, -15453.25, -59868
15272, -15381.00, -15448.60, -60036
15277, -15378.00, -15444.73, -60238
15282, -15374.00, -15440.10, -60425
15288, -15370.00, -15435.88, -60610
15292, -15367.00, -15431.87, -60819
15298, -15366.00, -15427.44, -61044
15304, -15361.00, -15422.74, -61259
15309, -15356.00, -15418.59, -61464
15315, -15354.00, -15414.48, -61689
15320, -15350.00, -15410.31, -61896
15325, -15348.00, -15406.54, -62097
15330, -15345.00, -15402.88, -62307
15335, -15341.00, -15399.30, -62518
15340, -15337.00, -15395.59, -62731
15345, -15335.00, -15392.10, -62952
15350, -15331.00, -15388.50, -63167
15355, -15330.00, -15385.11, -63394
15360, -15328.00, -15381.78, -63636
15365, -15322.00, -15378.16, -63864
15370, -15320.00, -15374.81, -64118
15375, -15318.00, -15371.36, -64391
15380, -15314.00, -15367.72, -64671
15386, -15311.00, -15364.10, -64942
15391, -15310.00, -15360.84, -65207
15395, -15308.00, -15357.92, -65489
15400, -15304.00, -15354.78, -65780
15405, -15300.00, -15351.54, -66080
15410, -15299.00, -15348.44, -66366
15415, -15296.00, -15345.57, -66650
15419, -15293.00, -15342.72, -66939
15424, -15292.00, -15339.89, -67215
15428, -15290.00, -15337.24, -67491
15433, -15287.00, -15334.47, -67765
15437, -15284.00, -15331.77, -68030
15442, -15280.00, -15329.02, -68295
15447, -15279.00, -15326.13, -68588
15452, -15277.00, -15323.11, -68829
15456, -15274.00, -15320.48, -69084
15461, -15271.00, -15317.53, -69340
15467, -15270.00, -15314.64, -69608
15472, -15267.00, -15311.61, -69834
15477, -15265.00, -15308.92, -70081
15483, -15262.00, -15305.74, -70309
15487, -15260.00, -15303.07, -70538
15493, -15258.00, -15300.19, -70753
15498, -15254.00, -15297.38, -70980
15504, -15252.00, -15294.25, -71170
15509, -15251.00, -15291.73, -71375
15514, -15247.00, -15288.79, -71569
15520, -15245.00, -15286.04, -71753
15525, -15242.00, -15283.41, -71923
15530, -15240.00, -15280.85, -72079
15534, -15238.00, -15278.46, -72234
15539, -15235.00, -15276.04, -72380
15544, -15234.00, -15273.66, -72525
15548, -15232.00, -15271.39, -72665
15553, -15229.00, -15269.07, -72800
15557, -15227.00, -15266.82, -72947
15563, -15225.00, -15264.32, -73094
15568, -15222.00, -15261.79, -73245
15573, -15221.00, -15259.21, -73385
15578, -15218.00, -15256.77, -73522
15583, -15218.00, -15254.35, -73666
15588, -15215.00, -15251.86, -73818
15594, -15212.00, -15249.21, -73952
15599, -15211.00, -15246.91, -74102
15605, -15000.00, -15237.00, -74245
15611, -15206.00, -15227.84, -74385
15616, -15203.00, -15226.23, -74530
15622, -15201.00, -15224.44, -74657
15627, -15198.00, -15222.94, -74779
15632, -15198.00, -15221.45, -74897
15637, -15194.00, -15219.90, -75009
15642, -15193.00, -15218.40, -75127
15647, -15190.00, -15216.76, -75231
15651, -15190.00, -15215.29, -75334
15656, -15187.00, -15213.83, -75445
15661, -15188.00, -15212.25, -75559
15666, -15185.00, -15210.71, -75678
15671, -15181.00, -15208.88, -75787
15676, -15179.00, -15207.25, -75902
15681, -15178.00, -15205.45, -76018
15686, -15176.00, -15203.62, -76128
15691, -15173.00, -15201.92, -76238
15696, -15170.00, -15200.12, -76359
15701, -15171.00, -15198.13, -76477
15706, -15168.00, -15196.34, -76592
15711, -15167.00, -15194.56, -76710
15717, -15165.00, -15192.76, -76832
15722, -15160.00, -15190.69, -76945
15727, -15159.00, -15188.88, -77063
15732, -15157.00, -15186.90, -77178
15737, -15157.00, -15185.07, -77293
15742, -15155.00, -15183.29, -77399
15747, -15152.00, -15181.62, -77527
15753, -15150.00, -15179.54, -77639
15757, -15148.00, -15177.78, -77755
15762, -15146.00, -15175.91, -77862
15767, -15145.00, -15174.19, -77984
15772, -15144.00, -15172.22, -78105
15777, -15140.00, -15170.43, -78241
15783, -15139.00, -15168.28, -78368
15788, -15138.00, -15166.38, -78496
15793, -15135.00, -15164.57, -78629
15799, -15133.00, -15162.52, -78773
15805, -15131.00, -15160.33, -78902
15809, -15129.00, -15158.57, -79051
15815, -15129.00, -15156.47, -79196
15821, -15126.00, -15154.50, -79338
15826, -15123.00, -15152.56, -79499
15832, -15121.00, -15150.32, -79644
15837, -15121.00, -15148.42, -79788
15843, -15118.00, -15146.61, -79930
15848, -15116.00, -15144.77, -80089
15853, -15114.00, -15142.78, -80243
15858, -15112.00, -15140.88, -80390
15863, -15109.00, -15139.10, -80540
15868, -15109.00, -15137.29, -80701
15873, -15106.00, -15135.40, -80846
15878, -15106.00, -15133.80, -80993
15882, -15103.00, -15132.19, -81142
15887, -15100.00, -15130.51, -81298
15891, -15101.00, -15128.82, -81456
15896, -15098.00, -15127.20, -81613
15900, -15097.00, -15125.58, -81778
15905, -15096.00, -15123.95, -81961
15910, -15092.00, -15122.13, -82137
15915, -15093.00, -15120.44, -82310
15919, -15090.00, -15118.88, -82488
15924, -15087.00, -15117.24, -82709
15929, -15087.00, -15115.18, -82941
15934, -15085.00, -15113.28, -83147
15939, -15083.00, -15111.60, -83369
15944, -15083.00, -15109.77, -83624
15950, -15080.00, -15107.78, -83846
15955, -15078.00, -15106.03, -84042
15960, -15077.00, -15104.45, -84247
15965, -15076.00, -15102.80, -84447
15969, -15074.00, -15101.20, -84650
15974, -15071.00, -15099.51, -84845
15979, -15070.00, -15097.84, -85065
15984, -15068.00, -15095.96, -85260
15989, -15066.00, -15094.23, -85462
15994, -15064.00, -15092.38, -85667
16000, -15063.00, -15090.50, -85869
16005, -15061.00, -15088.76, -86046
16009, -15060.00, -15087.17, -86247
16015, -15057.00, -15085.22, -86438
16020, -15058.00, -15083.56, -86620
16025, -15054.00, -15081.89, -86807
16030, -15052.00, -15080.06, -86982
16035, -15049.00, -15078.35, -87162
16040, -15049.00, -15076.53, -87342
16045, -15047.00, -15074.77, -87532
16050, -15046.00, -15072.93, -87709
16055, -15043.00, -15071.14, -87905
16061, -15042.00, -15069.20, -88083
16066, -15039.00, -15067.39, -88263
16071, -15038.00, -15065.53, -88432
16076, -15036.00, -15063.81, -88590
16081, -15033.00, -15062.13, -88762
16086, -15031.00, -15060.26, -88936
16091, -15030.00, -15058.40, -89103
16096, -15027.00, -15056.54, -89271
16101, -15028.00, -15054.85, -89431
16106, -15025.00, -15053.18, -89599
16111, -15023.00, -15051.40, -89758
16116, -15023.00, -15049.74, -89917
16121, -15020.00, -15048.05, -90076
16125, -15019.00, -15046.44, -90234
16130, -15018.00, -15044.83, -90391
16135, -15015.00, -15043.18, -90556
16140, -15014.00, -15041.47, -90725
16145, -15012.00, -15039.73, -90884
16150, -15009.00, -15038.04, -91040
16154, -15008.00, -15036.40, -91208
16159, -15008.00, -15034.66, -91397
16165, -15005.00, -15032.69, -91599
16171, -15003.00, -15030.65, -91759
16175, -15001.00, -15029.02, -91914
16180, -15000.00, -15027.43, -92072
16184, -14999.00, -15025.91, -92233
16189, -14996.00, -15024.33, -92396
16194, -14994.00, -15022.66, -92557
16198, -14993.00, -15021.04, -92721
16203, -14992.00, -15019.47, -92887
16207, -14991.00, -15017.87, -93079
16213, -14987.00, -15016.03, -93273
16218, -14986.00, -15014.20, -93465
16223, -14985.00, -15012.43, -93635
16227, -14983.00, -15010.89, -93832
16232, -14983.00, -15009.12, -94047
16238, -14980.00, -15007.34, -94255
16243, -14978.00, -15005.52, -94490
16249, -14976.00, -15003.52, -94721
16254, -14974.00, -15001.60, -94947
16260, -14972.00, -14999.76, -95204
16265, -14971.00, -14997.78, -95443
16271, -14969.00, -14996.00, -95673
16276, -14966.00, -14994.25, -95947
16282, -14964.00, -14992.16, -96214
16287, -14963.00, -14990.16, -96475
16292, -14961.00, -14988.42, -96757
16298, -14961.00, -14986.54, -97063
16304, -14956.00, -14984.58, -97344
16309, -14955.00, -14982.74, -97630
16314, -14952.00, -14980.86, -97952
16320, -14951.00, -14978.93, -98250
16325, -14949.00, -14977.19, -98607
16331, -14948.00, -14975.14, -98926
16336, -14946.00, -14973.44, -99257
16341, -14944.00, -14971.70, -99606
16346, -14943.00, -14969.87, -99978
16352, -14940.00, -14967.91, -100300
16357, -14939.00, -14966.18, -100612
16362, -14935.00, -14964.35, -100943
16367, -14935.00, -14962.35, -101288
16373, -14932.00, -14960.34, -101616
16379, -14929.00, -14958.27, -101947
16385, -14928.00, -14956.06, -102217
16390, -14926.00, -14954.21, -102476
16395, -14925.00, -14952.46, -102727
16400, -14923.00, -14950.67, -102960
16405, -14922.00, -14948.99, -103194
16410, -14919.00, -14947.21, -103422
16416, -14916.00, -14945.34, -103633
16420, -14916.00, -14943.60, -103828
16425, -14914.00, -14941.95, -104044
16431, -14911.00, -14939.98, -104308
16437, -14912.00, -14937.74, -104482
16442, -14909.00, -14936.22, -104648
16446, -14906.00, -14934.63, -104811
16451, -14905.00, -14933.04, -104976
16455, -14904.00, -14931.38, -105157
16461, -14901.00, -14929.54, -105321
16466, -14899.00, -14927.78, -105500
16471, -14898.00, -14925.82, -105663
16476, -14895.00, -14924.05, -105848
16482, -14892.00, -14921.93, -106015
16487, -14891.00, -14919.92, -106190
16493, -14890.00, -14917.90, -106359
16498, -14887.00, -14915.93, -106525
16504, -14885.00, -14913.84, -106690
16510, -14883.00, -14911.78, -106838
16515, -14883.00, -14910.03, -106990
16520, -14879.00, -14908.07, -107131
16525, -14877.00, -14906.28, -107259
16530, -14876.00, -14904.61, -107379
16534, -14874.00, -14902.99, -107505
16539, -14873.00, -14901.33, -107629
16544, -14870.00, -14899.59, -107752
16548, -14869.00, -14897.94, -107886
16554, -14868.00, -14895.98, -108010
16558, -14866.00, -14894.35, -108141
16564, -14863.00, -14892.46, -108271
16569, -14862.00, -14890.59, -108389
16573, -14859.00, -14888.90, -108512
16578, -14858.00, -14887.07, -108645
16584, -14855.00, -14885.05, -108780
16589, -14854.00, -14883.04, -108914
16594, -14850.00, -14881.07, -109052
16600, -14849.00, -14878.85, -109189
16605, -14846.00, -14876.83, -109321
16611, -14844.00, -14874.68, -109450
16616, -14843.00, -14872.86, -109564
16620, -14841.00, -14871.14, -109681
16625, -14839.00, -14869.34, -109796
16630, -14838.00, -14867.58, -109934
16635, -14835.00, -14865.53, -110051
16640, -14835.00, -14863.78, -110120
16645, -14838.00, -14862.17, -110143
16650, -14841.00, -14860.67, -110127
16655, -14844.00, -14859.59, -110074
16661, -14846.00, -14858.60, -110005
16665, -14847.00, -14857.88, -109916
16671, -14848.00, -14857.20, -109812
16676, -14852.00, -14856.70, -109691
16682, -14853.00, -14856.41, -109576
16687, -14854.00, -14856.23, -109448
16693, -14858.00, -14856.21, -109317
16699, -14858.00, -14856.34, -109188
16704, -14860.00, -14856.51, -109051
16710, -14862.00, -14856.84, -108909
16715, -14866.00, -14857.30, -108780
16721, -14868.00, -14857.95, -108647
16726, -14870.00, -14858.63, -108526
16731, -14870.00, -14859.31, -108400
16736, -14874.00, -14860.08, -108279
16740, -14876.00, -14860.95, -108153
16745, -14878.00, -14861.91, -108011
16751, -14879.00, -14862.99, -107885
16756, -14882.00, -14864.03, -107760
16760, -14883.00, -14865.08, -107632
16765, -14884.00, -14866.16, -107488
16770, -14887.00, -14867.43, -107353
16775, -14889.00, -14868.65, -107199
16781, -14891.00, -14870.10, -107051
16786, -14893.00, -14871.50, -106914
16791, -14894.00, -14872.74, -106768
16796, -14898.00, -14874.23, -106628
16801, -14897.00, -14875.53, -106485
16805, -14899.00, -14876.87, -106326
16811, -14901.00, -14878.38, -106166
16816, -14904.00, -14879.86, -105992
16821, -14905.00, -14881.54, -105817
16827, -14908.00, -14883.22, -105658
16832, -14909.00, -14884.70, -105502
16837, -14912.00, -14886.19, -105347
16841, -14912.00, -14887.62, -105178
16846, -14915.00, -14889.19, -105012
16851, -14916.00, -14890.68, -104837
16856, -14918.00, -14892.26, -104645
16861, -14920.00, -14893.99, -104447
16866, -14923.00, -14895.74, -104239
16871, -14924.00, -14897.51, -104057
16876, -14926.00, -14899.02, -103843
16882, -14928.00, -14900.93, -103614
16887, -14929.00, -14902.64, -103383
16892, -14932.00, -14904.43, -103126
16898, -14933.00, -14906.37, -102851
16903, -14935.00, -14908.33, -102576
16909, -14938.00, -14910.16, -102320
16914, -14940.00, -14911.91, -102036
16919, -14940.00, -14913.77, -101745
16925, -14942.00, -14915.52, -101417
16931, -14946.00, -14917.58, -101071
16936, -14948.00, -14919.49, -100719
16941, -14949.00, -14921.44, -100386
16946, -14950.00, -14923.16, -100074
16951, -14953.00, -14924.78, -99727
16956, -14955.00, -14926.66, -99419
16961, -14956.00, -14928.25, -99124
16965, -14958.00, -14929.84, -98817
16970, -14961.00, -14931.61, -98518
16975, -14961.00, -14933.31, -98240
16980, -14963.00, -14934.89, -97954
16984, -14965.00, -14936.59, -97692
16989, -14966.00, -14938.18, -97438
16993, -14967.00, -14939.72, -97190
16998, -14968.00, -14941.24, -96952
17002, -14971.00, -14942.77, -96713
17007, -14971.00, -14944.32, -96482
17011, -14974.00, -14945.85, -96250
17016, -14975.00, -14947.46, -96019
17020, -14977.00, -14949.08, -95777
17025, -14979.00, -14950.85, -95536
17031, -14981.00, -14952.71, -95306
17036, -14983.00, -14954.45, -95068
17041, -14984.00, -14956.37, -94840
17046, -14988.00, -14958.20, -94610
17051, -14988.00, -14960.10, -94417
17056, -14988.00, -14961.65, -94230
17060, -14992.00, -14963.22, -94046
17065, -14994.00, -14964.83, -93853
17070, -14995.00, -14966.62, -93630
17075, -14998.00, -14968.69, -93425
17081, -14999.00, -14970.58, -93229
17086, -15000.00, -14972.32, -93060
17090, -15003.00, -14973.93, -92880
17095, -15003.00, -14975.71, -92694
17100, -15005.00, -14977.39, -92524
17105, -15006.00, -14979.00, -92333
17110, -15008.00, -14980.82, -92167
17115, -15010.00, -14982.48, -91953
17121, -15012.00, -14984.52, -91754
17126, -15014.00, -14986.48, -91576
17132, -15017.00, -14988.32, -91377
17137, -15018.00, -14990.34, -91182
17143, -15021.00, -14992.37, -90981
17149, -15022.00, -14994.51, -90790
17154, -15025.00, -14996.36, -90592
17160, -15026.00, -14998.44, -90421
17165, -15027.00, -15000.19, -90228
17171, -15030.00, -15002.14, -90044
17176, -15033.00, -15004.06, -89865
17182, -15034.00, -15006.06, -89669
17188, -15037.00, -15008.04, -89475
17193, -15039.00, -15010.13, -89319
17198, -15039.00, -15011.74, -89141
17203, -15044.00, -15013.72, -88975
17208, -15043.00, -15015.42, -88808
17213, -15046.00, -15017.14, -88623
17219, -15048.00, -15019.18, -88446
17224, -15051.00, -15021.03, -88251
17229, -15052.00, -15023.16, -88069
17235, -15052.00, -15025.01, -87883
17240, -15054.00, -15026.78, -87708
17245, -15056.00, -15028.50, -87502
17251, -15059.00, -15030.53, -87318
17256, -15061.00, -15032.36, -87110
17261, -15061.00, -15034.37, -86907
17267, -15065.00, -15036.29, -86702
17272, -15068.00, -15038.29, -86498
17278, -15068.00, -15040.27, -86294
17283, -15070.00, -15042.11, -86098
17288, -15073.00, -15043.91, -85903
17293, -15074.00, -15045.72, -85678
17299, -15076.00, -15047.75, -85475
17304, -15078.00, -15049.51, -85272
17309, -15079.00, -15051.26, -85076
17313, -15081.00, -15052.86, -84854
17319, -15083.00, -15054.80, -84640
17324, -15085.00, -15056.47, -84410
17329, -15087.00, -15058.43, -84165
17334, -15089.00, -15060.31, -83933
17339, -15092.00, -15062.15, -83723
17344, -15092.00, -15063.83, -83455
17350, -15094.00, -15065.98, -83219
17355, -15098.00, -15067.83, -82976
17361, -15098.00, -15069.85, -82745
17366, -15100.00, -15071.77, -82515
17371, -15102.00, -15073.68, -82303
17377, -15104.00, -15075.61, -82071
17382, -15106.00, -15077.60, -81872
17387, -15109.00, -15079.45, -81679
17393, -15110.00, -15081.32, -81501
17397, -15111.00, -15083.00, -81303
17403, -15115.00, -15085.00, -81140
17407, -15116.00, -15086.72, -80958
17413, -15119.00, -15088.72, -80779
17418, -15120.00, -15090.71, -80624
17423, -15122.00, -15092.43, -80470
17428, -15122.00, -15094.21, -80300
17433, -15125.00, -15096.08, -80131
17438, -15129.00, -15098.17, -79983
17443, -15131.00, -15100.02, -79823
17449, -15133.00, -15102.21, -79663
17454, -15134.00, -15104.22, -79516
17459, -15136.00, -15106.10, -79388
17464, -15138.00, -15107.82, -79240
17469, -15140.00, -15109.82, -79111
17474, -15140.00, -15111.55, -78987
17478, -15143.00, -15113.19, -78855
17483, -15145.00, -15115.04, -78733
17488, -15148.00, -15116.79, -78615
17492, -15149.00, -15118.55, -78480
17498, -15151.00, -15120.63, -78337
17503, -15151.00, -15122.58, -78213
17508, -15154.00, -15124.36, -78082
17513, -15156.00, -15126.29, -77948
17518, -15159.00, -15128.38, -77823
17523, -15161.00, -15130.26, -77707
17528, -15162.00, -15132.03, -77582
17533, -15165.00, -15134.01, -77463
17538, -15166.00, -15135.84, -77345
17543, -15169.00, -15137.74, -77212
17548, -15171.00, -15139.94, -77092
17553, -15172.00, -15141.77, -76965
17558, -15175.00, -15143.83, -76839
17564, -15177.00, -15145.86, -76709
17569, -15179.00, -15148.03, -76584
17574, -15181.00, -15149.99, -76448
17580, -15184.00, -15152.21, -76333
17585, -15186.00, -15154.05, -76220
17589, -15188.00, -15155.96, -76099
17594, -15189.00, -15158.04, -75973
17599, -15192.00, -15159.97, -75856
17604, -15195.00, -15162.00, -75743
17609, -15196.00, -15163.85, -75630
17614, -15197.00, -15165.73, -75504
17619, -15200.00, -15167.77, -75392
17623, -15203.00, -15169.62, -75276
17628, -15204.00, -15171.51, -75161
17632, -15206.00, -15173.36, -75042
17637, -15208.00, -15175.29, -74919
17642, -15211.00, -15177.34, -74799
17647, -15212.00, -15179.28, -74657
17652, -15214.00, -15181.42, -74538
17656, -15217.00, -15183.29, -74396
17662, -15220.00, -15185.57, -74253
17667, -15222.00, -15187.91, -74117
17672, -15223.00, -15189.90, -73956
17678, -15226.00, -15192.34, -73810
17683, -15228.00, -15194.50, -73668
17688, -15232.00, -15196.64, -73522
17693, -15234.00, -15198.92, -73349
17699, -15238.00, -15201.54, -73186
17704, -15240.00, -15203.95, -73025
17709, -15242.00, -15206.31, -72867
17714, -15244.00, -15208.54, -72713
17719, -15247.00, -15210.66, -72553
17724, -15249.00, -15212.96, -72383
17729, -15251.00, -15215.16, -72212
17734, -15254.00, -15217.45, -72042
17738, -15257.00, -15219.63, -71868
17743, -15258.00, -15221.88, -71700
17748, -15261.00, -15223.97, -71505
17753, -15263.00, -15226.43, -71301
17758, -15266.00, -15228.86, -71123
17763, -15268.00, -15231.06, -70904
17768, -15271.00, -15233.54, -70718
17773, -15274.00, -15235.70, -70488
17779, -15275.00, -15238.33, -70280
17783, -15278.00, -15240.51, -70056
17788, -15281.00, -15242.86, -69818
17793, -15282.00, -15245.29, -69559
17799, -15286.00, -15248.01, -69299
17804, -15290.00, -15250.46, -69020
17810, -15292.00, -15253.18, -68735
17815, -15295.00, -15255.85, -68420
17821, -15298.00, -15258.57, -68136
17826, -15302.00, -15261.01, -67803
17831, -15304.00, -15263.94, -67465
17837, -15307.00, -15266.63, -67179
17841, -15309.00, -15268.94, -66898
17846, -15312.00, -15271.32, -66621
17850, -15315.00, -15273.61, -66347
17855, -15317.00, -15275.98, -66053
17860, -15319.00, -15278.70, -65765
17865, -15324.00, -15281.28, -65466
17870, -15324.00, -15283.91, -65190
17875, -15328.00, -15286.51, -64887
17881, -15331.00, -15289.62, -64586
17887, -15335.00, -15292.54, -64306
17892, -15337.00, -15295.44, -64029
17898, -15340.00, -15298.49, -63771
17903, -15344.00, -15301.26, -63507
17909, -15347.00, -15304.31, -63276
17914, -15350.00, -15307.05, -63056
17919, -15354.00, -15309.77, -62830
17924, -15356.00, -15312.65, -62595
17930, -15361.00, -15315.77, -62392
17935, -15362.00, -15318.39, -62201
17939, -15365.00, -15320.98, -62015
17944, -15368.00, -15323.50, -61832
17949, -15371.00, -15326.14, -61639
17953, -15374.00, -15328.91, -61440
17959, -15378.00, -15331.84, -61258
17963, -15379.00, -15334.55, -61056
17969, -15385.00, -15337.79, -60873
17974, -15388.00, -15340.54, -60667
17979, -15391.00, -15343.93, -60488
17984, -15395.00, -15346.87, -60321
17989, -15398.00, -15349.74, -60135
17994, -15403.00, -15353.06, -59964
17999, -15405.00, -15355.97, -59802
18004, -15408.00, -15358.90, -59606
18010, -15413.00, -15362.57, -59415
18015, -15417.00, -15366.13, -59240
18020, -15422.00, -15369.39, -59052
18026, -15426.00, -15373.19, -58861
18031, -15431.00, -15376.88, -58686
18037, -15435.00, -15380.48, -58521
18042, -15438.00, -15383.86, -58355
18047, -15442.00, -15387.20, -58196
18051, -15445.00, -15390.38, -58039
18056, -15451.00, -15393.70, -57885
18061, -15453.00, -15397.00, -57731
18065, -15457.00, -15400.17, -57578
18070, -15462.00, -15403.51, -57425
18074, -15464.00, -15406.82, -57253
18079, -15469.00, -15410.58, -57084
18084, -15473.00, -15414.23, -56921
18089, -15478.00, -15417.83, -56769
18094, -15482.00, -15421.28, -56616
18098, -15487.00, -15424.76, -56459
18103, -15492.00, -15428.57, -56278
18108, -15496.00, -15432.69, -56108
18113, -15501.00, -15436.63, -55926
18119, -15505.00, -15441.08, -55759
18123, -15509.00, -15444.77, -55587
18128, -15514.00, -15448.79, -55415
18133, -15518.00, -15452.85, -55249
18138, -15523.00, -15456.75, -55076
18143, -15530.00, -15460.91, -54887
18148, -15535.00, -15465.43, -54713
18153, -15541.00, -15469.64, -54533
18158, -15546.00, -15474.21, -54358
18162, -15551.00, -15478.45, -54169
18167, -15556.00, -15483.09, -53987
18172, -15562.00, -15487.49, -53801
18177, -15567.00, -15492.31, -53578
18183, -15573.00, -15497.58, -53371
18188, -15579.00, -15502.42, -53190
18193, -15583.00, -15506.78, -52966
18198, -15590.00, -15512.29, -52758
18203, -15596.00, -15517.07, -52530
18209, -15603.00, -15522.65, -52303
18214, -15609.00, -15527.98, -52060
18219, -15615.00, -15533.55, -51816
18225, -15623.00, -15539.19, -51545
18231, -15632.00, -15545.87, -51280
18237, -15639.00, -15551.79, -51035
18242, -15646.00, -15557.44, -50817
18246, -15652.00, -15562.74, -50554
18252, -15659.00, -15569.12, -50339
18257, -15665.00, -15574.28, -50128
18261, -15671.00, -15579.82, -49920
18266, -15679.00, -15585.16, -49722
18271, -15684.00, -15590.61, -49516
18276, -15692.00, -15596.41, -49301
18281, -15699.00, -15602.93, -49087
18286, -15705.00, -15609.11, -48885
18291, -15715.00, -15615.52, -48662
18297, -15722.00, -15622.87, -48466
18303, -15730.00, -15629.51, -48199
18310, -15739.00, -15638.87, -48016
18315, -15751.00, -15645.91, -47851
18320, -15756.00, -15651.82, -47675
18326, -15765.00, -15659.21, -47515
18330, -15771.00, -15665.22, -47337
18336, -15781.00, -15672.65, -47175
18341, -15790.00, -15680.15, -47020
18346, -15799.00, -15686.71, -46853
18351, -15808.00, -15694.59, -46699
18357, -15816.00, -15702.11, -46540
18362, -15825.00, -15709.84, -46391
18367, -15835.00, -15717.45, -46252
18372, -15842.00, -15724.37, -46124
18376, -15850.00, -15731.30, -45980
18382, -15859.00, -15739.05, -45849
18386, -15867.00, -15746.02, -45707
18391, -15876.00, -15753.89, -45568
18397, -15886.00, -15761.93, -45420
18402, -15896.00, -15770.52, -45286
18407, -15906.00, -15778.98, -45153
18412, -15913.00, -15786.84, -45009
18418, -15922.00, -15795.21, -44889
18422, -15932.00, -15802.80, -44749
18428, -15941.00, -15811.37, -44633
18432, -15949.00, -15818.79, -44515
18437, -15957.00, -15826.15, -44397
18441, -15966.00, -15833.71, -44274
18446, -15975.00, -15842.39, -44138
18451, -15983.00, -15850.70, -44020
18456, -15992.00, -15858.37, -43879
18461, -16003.00, -15867.62, -43738
18467, -16013.00, -15877.53, -43597
18473, -16023.00, -15886.54, -43480
18477, -16030.00, -15894.33, -43366
18482, -16039.00, -15901.96, -43240
18487, -16050.00, -15910.77, -43108
18492, -16058.00, -15919.57, -42984
18497, -16066.00, -15928.14, -42855
18502, -16077.00, -15937.13, -42734
18506, -16084.00, -15945.21, -42608
18511, -16093.00, -15953.61, -42471
18517, -16102.00, -15962.91, -42337
18522, -16111.00, -15971.70, -42201
18527, -16121.00, -15980.66, -42058
18532, -16132.00, -15990.39, -41923
18537, -16139.00, -15998.81, -41785
18542, -16147.00, -16007.66, -41625
18548, -16158.00, -16017.89, -41484
18553, -16166.00, -16026.60, -41348
18557, -16176.00, -16034.97, -41203
18562, -16183.00, -16043.71, -41040
18568, -16192.00, -16053.83, -40885
18573, -16202.00, -16062.66, -40718
18579, -16210.00, -16072.45, -40556
18584, -16219.00, -16081.67, -40399
18589, -16227.00, -16089.83, -40247
18594, -16236.00, -16098.27, -40090
18599, -16243.00, -16106.73, -39924
18604, -16249.00, -16115.40, -39754
18609, -16258.00, -16123.94, -39584
18614, -16267.00, -16132.14, -39422
18618, -16273.00, -16139.81, -39251
18623, -16281.00, -16147.88, -39066
18628, -16291.00, -16156.67, -38873
18634, -16297.00, -16165.36, -38685
18638, -16304.00, -16173.23, -38490
18643, -16311.00, -16181.20, -38279
18649, -16319.00, -16189.83, -38082
18653, -16326.00, -16197.30, -37860
18658, -16333.00, -16205.78, -37623
18664, -16340.00, -16214.67, -37362
18669, -16346.00, -16223.10, -37089
18675, -16354.00, -16231.92, -36801
18681, -16362.00, -16240.80, -36519
18686, -16370.00, -16249.11, -36233
18692, -16378.00, -16257.26, -35904
18698, -16385.00, -16266.49, -35575
18703, -16394.00, -16274.45, -35234
18709, -16397.00, -16282.72, -34906
18714, -16406.00, -16290.21, -34557
18720, -16411.00, -16298.13, -34225
18725, -16418.00, -16305.47, -33907
18730, -16423.00, -16312.44, -33596
18735, -16430.00, -16319.50, -33292
18740, -16434.00, -16326.08, -33010
18745, -16441.00, -16332.66, -32696
18750, -16448.00, -16339.99, -32390
18755, -16452.00, -16346.99, -32088
18761, -16460.00, -16354.49, -31771
18767, -16464.00, -16361.92, -31499
18771, -16471.00, -16368.30, -31215
18777, -16477.00, -16375.53, -30975
18782, -16483.00, -16381.62, -30728
18787, -16489.00, -16388.13, -30478
18792, -16495.00, -16394.80, -30221
18798, -16500.00, -16401.92, -29977
18803, -16506.00, -16408.30, -29734
18809, -16510.00, -16415.18, -29499
18814, -16517.00, -16421.32, -29301
18819, -16521.00, -16426.82, -29100
18823, -16525.00, -16432.43, -28893
18828, -16530.00, -16438.21, -28687
18833, -16535.00, -16444.08, -28504
18838, -16539.00, -16449.17, -28328
18843, -16543.00, -16454.33, -28120
18848, -16547.00, -16460.20, -27931
18853, -16553.00, -16465.68, -27734
18858, -16558.00, -16471.51, -27541
18863, -16563.00, -16477.01, -27338
18869, -16567.00, -16483.00, -27152
18874, -16572.00, -16488.34, -26956
18880, -16577.00, -16494.48, -26743
18886, -16580.00, -16500.50, -26560
18891, -16586.00, -16505.77, -26357
18897, -16590.00, -16511.65, -26173
18902, -16595.00, -16516.94, -25991
18908, -16601.00, -16522.30, -25806
18913, -16604.00, -16527.77, -25620
18919, -16609.00, -16533.16, -25437
18925, -16614.00, -16538.37, -25245
18930, -16618.00, -16543.76, -25060
18936, -16622.00, -16549.04, -24882
18941, -16624.00, -16553.74, -24691
18947, -16630.00, -16558.83, -24527
18952, -16633.00, -16563.19, -24355
18957, -16638.00, -16567.76, -24183
18963, -16642.00, -16572.63, -24005
18968, -16645.00, -16577.05, -23830
18973, -16648.00, -16581.50, -23641
18979, -16653.00, -16586.44, -23453
18984, -16657.00, -16590.97, -23275
18990, -16660.00, -16595.36, -23068
18996, -16665.00, -16600.35, -22880
19001, -16668.00, -16604.62, -22697
19007, -16671.00, -16608.94, -22508
19012, -16676.00, -16613.13, -22316
19018, -16678.00, -16617.52, -22122
19023, -16684.00, -16621.70, -21927
19029, -16687.00, -16626.00, -21744
19034, -16689.00, -16629.92, -21558
19039, -16694.00, -16633.74, -21360
19044, -16697.00, -16637.87, -21178
19049, -16701.00, -16641.54, -20992
19054, -16704.00, -16645.20, -20784
19060, -16704.00, -16649.14, -20590
19065, -16709.00, -16652.67, -20382
19070, -16712.00, -16656.53, -20159
19076, -16715.00, -16660.48, -19937
19082, -16718.00, -16664.28, -19716
19087, -16722.00, -16667.82, -19491
19092, -16725.00, -16671.53, -19262
19098, -16728.00, -16675.14, -19037
19103, -16731.00, -16678.57, -18781
19109, -16735.00, -16682.48, -18553
19114, -16737.00, -16685.76, -18311
19119, -16742.00, -16689.35, -18051
19125, -16744.00, -16693.11, -17808
19131, -16747.00, -16696.59, -17578
19136, -16750.00, -16699.85, -17364
19141, -16752.00, -16702.91, -17154
19146, -16755.00, -16705.98, -16952
19151, -16758.00, -16709.01, -16768
19155, -16760.00, -16711.84, -16583
19160, -16762.00, -16714.60, -16408
19164, -16765.00, -16717.30, -16238
19169, -16767.00, -16719.95, -16054
19174, -16771.00, -16722.95, -15870
19179, -16773.00, -16726.09, -15686
19184, -16775.00, -16729.05, -15511
19189, -16778.00, -16732.07, -15337
19194, -16779.00, -16734.97, -15159
19200, -16782.00, -16737.91, -14995
19205, -16786.00, -16740.83, -14823
19210, -16789.00, -16743.88, -14656
19216, -16791.00, -16746.92, -14498
19221, -16793.00, -16749.80, -14348
19226, -16796.00, -16752.52, -14190
19231, -16798.00, -16755.44, -14043
19236, -16801.00, -16758.16, -13892
19242, -16804.00, -16761.09, -13744
19247, -16805.00, -16763.88, -13605
19252, -16808.00, -16766.53, -13455
19258, -16811.00, -16769.39, -13312
19263, -16814.00, -16772.30, -13166
19269, -16816.00, -16775.09, -13033
19274, -16818.00, -16777.71, -12884
19280, -16821.00, -16780.62, -12749
19285, -16824.00, -16783.34, -12613
19290, -16828.00, -16786.14, -12479
19296, -16829.00, -16788.90, -12347
19301, -16832.00, -16791.58, -12216
19306, -16834.00, -16794.25, -12081
19312, -16835.00, -16796.99, -11937
19318, -16839.00, -16799.84, -11806
19323, -16842.00, -16802.47, -11667
19329, -16844.00, -16805.31, -11536
19334, -16848.00, -16808.01, -11412
19339, -16850.00, -16810.52, -11292
19344, -16851.00, -16812.97, -11175
19349, -16854.00, -16815.30, -11058
19354, -16856.00, -16817.68, -10932
19359, -16858.00, -16820.18, -10803
19365, -16860.00, -16822.84, -10681
19370, -16862.00, -16825.13, -10562
19375, -16865.00, -16827.46, -10450
19380, -16866.00, -16829.67, -10330
19385, -16869.00, -16832.00, -10210
19390, -16873.00, -16834.40, -10075
19396, -16874.00, -16837.13, -9941
19401, -16877.00, -16839.71, -9811
19407, -16878.00, -16842.25, -9678
19412, -16880.00, -16844.69, -9542
19417, -16882.00, -16847.01, -9411
19423, -16886.00, -16849.50, -9260
19429, -16887.00, -16852.13, -9126
19434, -16889.00, -16854.36, -8985
19439, -16891.00, -16856.76, -8838
19445, -16895.00, -16859.25, -8696
19450, -16896.00, -16861.63, -8559
19456, -16899.00, -16863.89, -8429
19460, -16900.00, -16865.97, -8297
19465, -16901.00, -16868.00, -8162
19470, -16904.00, -16870.05, -8018
19475, -16906.00, -16872.27, -7870
19481, -16908.00, -16874.50, -7724
19486, -16911.00, -16876.69, -7577
19491, -16912.00, -16878.77, -7411
19496, -16915.00, -16881.14, -7257
19501, -16918.00, -16883.33, -7102
19507, -16920.00, -16885.65, -6912
19512, -16921.00, -16888.08, -6740
19518, -16922.00, -16890.22, -6561
19523, -16925.00, -16892.39, -6375
19529, -16927.00, -16894.76, -6183
19534, -16930.00, -16896.91, -6003
19539, -16931.00, -16898.96, -5815
19544, -16933.00, -16901.07, -5625
19550, -16936.00, -16903.14, -5401
19555, -16938.00, -16905.52, -5194
19561, -16941.00, -16907.66, -4985
19566, -16942.00, -16909.75, -4763
19571, -16943.00, -16911.85, -4547
19576, -16946.00, -16913.83, -4317
19581, -16948.00, -16915.88, -4078
19586, -16950.00, -16917.96, -3828
19591, -16952.00, -16920.02, -3571
19597, -16954.00, -16922.19, -3284
19602, -16956.00, -16924.27, -2973
19608, -16956.00, -16926.55, -2651
19613, -16959.00, -16928.58, -2345
19618, -16962.00, -16930.57, -2033
19623, -16964.00, -16932.61, -1717
19629, -16965.00, -16934.64, -1386
19634, -16966.00, -16936.59, -1078
19639, -16970.00, -16938.58, -757
19644, -16971.00, -16940.62, -431
19650, -16972.00, -16942.70, -143
19655, -16975.00, -16944.54, 137
19660, -16975.00, -16946.37, 419
19665, -16978.00, -16948.26, 677
19670, -16980.00, -16950.03, 961
19675, -16982.00, -16952.09, 1220
19680, -16984.00, -16953.99, 1477
19685, -16987.00, -16956.00, 1727
19690, -16989.00, -16957.98, 1975
19696, -16991.00, -16960.01, 2215
19701, -16992.00, -16961.99, 2461
19706, -16993.00, -16964.05, 2683
19711, -16996.00, -16965.89, 2920
19717, -16998.00, -16967.92, 3130
19721, -16998.00, -16969.70, 3336
19726, -17001.00, -16971.49, 3522
19731, -17001.00, -16973.11, 3711
19736, -17005.00, -16974.80, 3886
19740, -17005.00, -16976.41, 4059
19744, -17006.00, -16977.97, 4231
19749, -17007.00, -16979.51, 4404
19753, -17011.00, -16981.14, 4594
19758, -17012.00, -16983.05, 4781
19763, -17012.00, -16984.80, 4977
19769, -17015.00, -16986.63, 5158
19774, -17016.00, -16988.38, 5349
19779, -17018.00, -16990.21, 5527
19784, -17021.00, -16991.97, 5689
19788, -17021.00, -16993.56, 5846
19793, -17023.00, -16995.11, 6001
19797, -17026.00, -16996.71, 6156
19802, -17028.00, -16998.39, 6312
19806, -17028.00, -17000.02, 6492
19812, -17029.00, -17001.86, 6671
19817, -17032.00, -17003.64, 6822
19821, -17034.00, -17005.24, 7005
19827, -17036.00, -17007.22, 7174
19831, -17038.00, -17009.01, 7340
19836, -17038.00, -17010.71, 7503
19841, -17040.00, -17012.42, 7687
19847, -17042.00, -17014.31, 7843
19851, -17045.00, -17015.90, 8021
19857, -17046.00, -17017.84, 8199
19862, -17048.00, -17019.71, 8370
19867, -17049.00, -17021.51, 8558
19873, -17051.00, -17023.46, 8758
19878, -17053.00, -17025.46, 8956
19884, -17054.00, -17027.42, 9156
19890, -17057.00, -17029.39, 9352
19896, -17059.00, -17031.38, 9542
19901, -17061.00, -17033.28, 9740
19907, -17062.00, -17035.21, 9920
19912, -17065.00, -17036.99, 10118
19917, -17066.00, -17038.91, 10296
19922, -17069.00, -17040.64, 10469
19927, -17071.00, -17042.35, 10648
19932, -17071.00, -17044.08, 10827
19937, -17073.00, -17045.82, 11006
19942, -17075.00, -17047.37, 11175
19946, -17076.00, -17048.90, 11343
19951, -17077.00, -17050.38, 11533
19956, -17081.00, -17052.11, 11711
19960, -17082.00, -17053.76, 11909
19965, -17083.00, -17055.55, 12106
19970, -17086.00, -17057.26, 12284
19975, -17086.00, -17058.81, 12488
19980, -17089.00, -17060.55, 12694
19985, -17091.00, -17062.35, 12917
19990, -17092.00, -17064.24, 13146
19995, -17094.00, -17066.06, 13368
20000, -17095.00, -17067.84, 13591
20005, -17098.00, -17069.58, 13820
20010, -17099.00, -17071.35, 14055
20015, -17101.00, -17073.15, 14292
20020, -17102.00, -17074.87, 14516
20025, -17104.00, -17076.49, 14738
20030, -17105.00, -17078.12, 14972
20035, -17107.00, -17079.83, 15201
20040, -17109.00, -17081.55, 15436
20045, -17111.00, -17083.39, 15664
20050, -17113.00, -17085.22, 15901
20056, -17116.00, -17087.21, 16126
20062, -17117.00, -17089.21, 16351
20067, -17120.00, -17091.16, 16569
20073, -17121.00, -17093.13, 16770
20078, -17124.00, -17095.04, 16971
20084, -17126.00, -17097.02, 17172
20089, -17126.00, -17098.98, 17384
20095, -17129.00, -17101.05, 17568
20101, -17130.00, -17102.96, 17753
20106, -17132.00, -17104.83, 17923
20111, -17135.00, -17106.63, 18104
20117, -17137.00, -17108.68, 18261
20122, -17138.00, -17110.45, 18411
20127, -17139.00, -17112.13, 18553
20132, -17142.00, -17113.78, 18698
20137, -17143.00, -17115.49, 18830
20141, -17144.00, -17117.02, 18957
20146, -17146.00, -17118.54, 19089
20150, -17148.00, -17120.16, 19229
20155, -17150.00, -17121.98, 19373
20161, -17152.00, -17123.79, 19522
20166, -17155.00, -17125.76, 19644
20171, -17155.00, -17127.38, 19774
20175, -17157.00, -17129.07, 19896
20180, -17158.00, -17130.71, 20017
20185, -17160.00, -17132.30, 20140
20189, -17162.00, -17133.98, 20279
20195, -17165.00, -17135.94, 20394
20200, -17165.00, -17137.57, 20519
20205, -17168.00, -17139.34, 20639
20209, -17169.00, -17141.04, 20780
20215, -17171.00, -17143.03, 20905
20220, -17174.00, -17144.81, 21040
20226, -17176.00, -17146.91, 21171
20231, -17176.00, -17148.73, 21289
20236, -17179.00, -17150.45, 21416
20241, -17182.00, -17152.37, 21550
20246, -17183.00, -17154.36, 21670
20251, -17184.00, -17156.09, 21783
20256, -17186.00, -17157.71, 21891
20260, -17189.00, -17159.32, 22002
20265, -17190.00, -17161.04, 22112
20269, -17191.00, -17162.65, 22220
20274, -17194.00, -17164.28, 22326
20278, -17195.00, -17165.89, 22438
20283, -17197.00, -17167.58, 22561
20288, -17199.00, -17169.45, 22685
20293, -17201.00, -17171.42, 22798
20298, -17203.00, -17173.07, 22924
20303, -17206.00, -17175.00, 23056
20308, -17207.00, -17177.02, 23189
20313, -17210.00, -17179.07, 23310
20318, -17212.00, -17180.87, 23447
20323, -17213.00, -17182.94, 23571
20328, -17213.00, -17184.64, 23692
20333, -17216.00, -17186.32, 23811
20337, -17216.00, -17187.94, 23956
20342, -17219.00, -17189.91, 24080
20347, -17222.00, -17191.59, 24215
20352, -17222.00, -17193.40, 24347
20357, -17225.00, -17195.14, 24493
20362, -17227.00, -17197.08, 24630
20367, -17229.00, -17198.88, 24778
20372, -17232.00, -17200.89, 24921
20376, -17232.00, -17202.66, 25068
20382, -17235.00, -17204.59, 25247
20387, -17237.00, -17206.74, 25415
20393, -17238.00, -17208.75, 25595
20398, -17242.00, -17210.88, 25774
20404, -17244.00, -17213.03, 25962
20409, -17247.00, -17215.16, 26153
20415, -17249.00, -17217.37, 26340
20420, -17251.00, -17219.45, 26541
20425, -17254.00, -17221.65, 26738
20431, -17255.00, -17223.76, 26933
20436, -17259.00, -17225.84, 27136
20441, -17260.00, -17227.88, 27364
20446, -17263.00, -17230.15, 27572
20451, -17264.00, -17232.14, 27806
20457, -17266.00, -17234.27, 28039
20462, -17269.00, -17236.40, 28284
20467, -17271.00, -17238.48, 28529
20472, -17272.00, -17240.50, 28776
20477, -17275.00, -17242.47, 29027
20482, -17277.00, -17244.43, 29307
20487, -17279.00, -17246.56, 29593
20492, -17281.00, -17248.61, 29902
20497, -17283.00, -17250.77, 30216
20502, -17287.00, -17252.87, 30512
20507, -17288.00, -17254.81, 30882
20513, -17289.00, -17257.19, 31228
20518, -17294.00, -17259.34, 31574
20523, -17296.00, -17261.77, 31941
20529, -17299.00, -17264.20, 32292
20535, -17302.00, -17266.67, 32625
20540, -17303.00, -17269.02, 32966
20546, -17306.00, -17271.49, 33263
20551, -17309.00, -17273.72, 33537
20556, -17310.00, -17275.83, 33810
20561, -17312.00, -17277.93, 34077
20566, -17317.00, -17280.17, 34341
20571, -17319.00, -17282.46, 34632
20576, -17320.00, -17285.05, 34897
20582, -17325.00, -17287.49, 35127
20586, -17326.00, -17289.66, 35371
20592, -17329.00, -17292.05, 35612
20597, -17332.00, -17294.48, 35864
20602, -17336.00, -17297.21, 36112
20608, -17338.00, -17299.89, 36320
20613, -17340.00, -17302.14, 36528
20618, -17342.00, -17304.45, 36752
20623, -17346.00, -17307.17, 36985
20629, -17350.00, -17309.91, 37186
20634, -17351.00, -17312.38, 37392
20639, -17355.00, -17315.00, 37608
20645, -17352.00, -17317.70, 37702
20650, -17350.00, -17319.79, 37719
20655, -17347.00, -17321.63, 37677
20660, -17345.00, -17323.13, 37596
20666, -17342.00, -17324.44, 37480
20671, -17339.00, -17325.44, 37332
20676, -17337.00, -17326.27, 37168
20681, -17333.00, -17326.83, 36996
20687, -17331.00, -17327.16, 36807
20692, -17328.00, -17327.30, 36614
20697, -17325.00, -17327.26, 36421
20702, -17322.00, -17327.03, 36222
20707, -17322.00, -17326.73, 35999
20712, -17318.00, -17326.30, 35796
20717, -17317.00, -17325.79, 35555
20722, -17314.00, -17325.12, 35311
20727, -17310.00, -17324.28, 35088
20732, -17309.00, -17323.43, 34874
20737, -17305.00, -17322.53, 34622
20742, -17305.00, -17321.45, 34347
20747, -17301.00, -17320.23, 34100
20752, -17300.00, -17319.14, 33810
20757, -17296.00, -17317.72, 33494
20763, -17292.00, -17316.11, 33209
20767, -17291.00, -17314.67, 32936
20772, -17289.00, -17313.31, 32666
20776, -17287.00, -17311.95, 32387
20781, -17284.00, -17310.51, 32078
20786, -17282.00, -17308.90, 31733
20791, -17280.00, -17307.13, 31385
20796, -17277.00, -17305.29, 31060
20801, -17277.00, -17303.58, 30732
20806, -17273.00, -17301.79, 30385
20812, -17272.00, -17299.77, 30067
20817, -17271.00, -17298.00, 29750
20823, -17267.00, -17296.04, 29436
20828, -17265.00, -17294.08, 29149
20833, -17262.00, -17292.14, 28875
20838, -17259.00, -17290.13, 28581
20844, -17258.00, -17287.90, 28328
20849, -17255.00, -17285.93, 28091
20854, -17253.00, -17283.98, 27869
20859, -17250.00, -17282.06, 27657
20864, -17248.00, -17280.15, 27443
20869, -17248.00, -17278.16, 27208
20875, -17244.00, -17275.90, 26981
20880, -17240.00, -17273.63, 26761
20886, -17238.00, -17271.29, 26559
20891, -17238.00, -17269.14, 26358
20897, -17235.00, -17266.98, 26169
20902, -17233.00, -17264.85, 25989
20907, -17232.00, -17262.90, 25801
20913, -17229.00, -17260.70, 25638
20917, -17228.00, -17258.78, 25472
20923, -17224.00, -17256.74, 25303
20928, -17224.00, -17254.66, 25145
20933, -17222.00, -17252.73, 24997
20938, -17220.00, -17250.87, 24837
20943, -17218.00, -17248.81, 24680
20948, -17215.00, -17246.72, 24517
20954, -17213.00, -17244.51, 24363
20959, -17211.00, -17242.36, 24202
20965, -17208.00, -17240.07, 24051
20970, -17206.00, -17237.90, 23882
20977, -17203.00, -17235.40, 23741
20982, -17201.00, -17233.27, 23599
20987, -17200.00, -17231.16, 23461
20992, -17198.00, -17229.10, 23318
20998, -17195.00, -17226.93, 23183
21003, -17195.00, -17224.89, 23040
21009, -17193.00, -17222.76, 22906
21014, -17190.00, -17220.69, 22777
21019, -17189.00, -17218.75, 22652
21024, -17186.00, -17216.85, 22531
21029, -17185.00, -17214.99, 22406
21034, -17182.00, -17213.06, 22271
21040, -17181.00, -17210.98, 22131
21045, -17178.00, -17208.75, 21995
21051, -17175.00, -17206.66, 21872
21056, -17174.00, -17204.72, 21746
21061, -17172.00, -17202.73, 21613
21066, -17170.00, -17200.64, 21471
21072, -17167.00, -17198.44, 21332
21078, -17166.00, -17196.23, 21195
21083, -17164.00, -17194.12, 21052
21089, -17161.00, -17191.96, 20915
21095, -17161.00, -17189.79, 20779
21100, -17158.00, -17187.88, 20639
21105, -17155.00, -17185.74, 20509
21111, -17154.00, -17183.81, 20382
21115, -17153.00, -17181.97, 20252
21121, -17151.00, -17180.11, 20111
21126, -17147.00, -17178.04, 19973
21131, -17146.00, -17175.99, 19836
21137, -17145.00, -17174.09, 19698
21142, -17144.00, -17172.24, 19555
21147, -17139.00, -17170.25, 19419
21152, -17139.00, -17168.38, 19267
21157, -17137.00, -17166.33, 19103
21163, -17135.00, -17164.13, 18951
21169, -17133.00, -17162.25, 18786
21174, -17131.00, -17160.09, 18630
21179, -17130.00, -17158.29, 18477
21185, -17128.00, -17156.48, 18323
21190, -17125.00, -17154.66, 18150
21195, -17122.00, -17152.47, 17979
21200, -17122.00, -17150.56, 17816
21205, -17121.00, -17148.83, 17654
21210, -17117.00, -17147.07, 17487
21215, -17116.00, -17145.24, 17313
21220, -17114.00, -17143.43, 17149
21225, -17114.00, -17141.81, 16979
21229, -17112.00, -17140.16, 16811
21234, -17111.00, -17138.61, 16630
21238, -17109.00, -17136.97, 16442
21243, -17105.00, -17135.18, 16255
21248, -17105.00, -17133.54, 16066
21252, -17104.00, -17131.91, 15862
21257, -17101.00, -17130.20, 15611
21263, -17100.00, -17128.19, 15357
21268, -17098.00, -17126.26, 15106
21274, -17098.00, -17124.35, 14848
21279, -17094.00, -17122.52, 14600
21284, -17092.00, -17120.61, 14339
21290, -17091.00, -17118.70, 14069
21295, -17087.00, -17116.62, 13835
21300, -17086.00, -17114.76, 13583
21306, -17083.00, -17112.70, 13336
21312, -17083.00, -17110.70, 13108
21317, -17080.00, -17108.84, 12879
21322, -17079.00, -17106.95, 12651
21328, -17076.00, -17105.04, 12440
21333, -17075.00, -17103.24, 12237
21337, -17073.00, -17101.48, 12036
21342, -17072.00, -17099.76, 11843
21347, -17070.00, -17098.08, 11662
21352, -17067.00, -17096.46, 11485
21356, -17067.00, -17094.85, 11315
21360, -17065.00, -17093.30, 11141
21365, -17064.00, -17091.71, 10973
21369, -17062.00, -17090.16, 10810
21374, -17059.00, -17088.55, 10643
21378, -17058.00, -17086.93, 10482
21383, -17057.00, -17085.37, 10311
21387, -17055.00, -17083.68, 10136
21392, -17053.00, -17081.95, 9968
21397, -17053.00, -17080.32, 9810
21401, -17051.00, -17078.81, 9655
21405, -17049.00, -17077.27, 9486
21410, -17049.00, -17075.62, 9328
21415, -17047.00, -17074.13, 9141
21420, -17045.00, -17072.28, 8984
21424, -17043.00, -17070.77, 8830
21429, -17041.00, -17069.21, 8680
21433, -17040.00, -17067.67, 8527
21438, -17037.00, -17066.11, 8346
21443, -17036.00, -17064.18, 8190
21447, -17035.00, -17062.64, 8019
21452, -17034.00, -17060.90, 7837
21458, -17031.00, -17059.12, 7660
21463, -17028.00, -17057.15, 7479
21468, -17027.00, -17055.34, 7304
21473, -17025.00, -17053.55, 7128
21478, -17023.00, -17051.73, 6969
21483, -17022.00, -17050.05, 6788
21488, -17020.00, -17048.23, 6597
21494, -17018.00, -17046.21, 6429
21498, -17016.00, -17044.55, 6264
21503, -17015.00, -17042.90, 6094
21508, -17014.00, -17041.23, 5899
21513, -17011.00, -17039.27, 5707
21519, -17009.00, -17037.41, 5501
21524, -17005.00, -17035.37, 5306
21529, -17003.00, -17033.34, 5108
21535, -17003.00, -17031.33, 4906
21540, -17001.00, -17029.49, 4698
21545, -17000.00, -17027.59, 4517
21550, -16997.00, -17025.94, 4315
21555, -16997.00, -17024.14, 4119
21560, -16994.00, -17022.45, 3927
21565, -16992.00, -17020.76, 3739
21569, -16991.00, -17019.13, 3554
21574, -16990.00, -17017.59, 3350
21579, -16987.00, -17015.86, 3140
21584, -16985.00, -17014.07, 2915
21589, -16983.00, -17012.17, 2668
21594, -16981.00, -17010.16, 2431
21599, -16979.00, -17008.31, 2202
21604, -16977.00, -17006.54, 1946
21610, -16976.00, -17004.47, 1682
21615, -16973.00, -17002.64, 1439
21620, -16971.00, -17000.83, 1202
21624, -16971.00, -16999.20, 927
21629, -16969.00, -16997.33, 666
21634, -16967.00, -16995.65, 378
21639, -16965.00, -16993.79, 62
21645, -16962.00, -16991.77, -238
21650, -16962.00, -16989.95, -569
21655, -16959.00, -16987.96, -930
21661, -16956.00, -16985.90, -1231
21666, -16954.00, -16984.10, -1514
21670, -16953.00, -16982.42, -1785
21675, -16951.00, -16980.77, -2075
21679, -16950.00, -16978.96, -2374
21685, -16948.00, -16976.98, -2705
21690, -16944.00, -16975.02, -3016
21696, -16943.00, -16972.85, -3264
21700, -16941.00, -16971.09, -3544
21706, -16938.00, -16969.00, -3828
21712, -16938.00, -16966.80, -4090
21717, -16935.00, -16964.89, -4344
21723, -16933.00, -16962.74, -4557
21727, -16931.00, -16961.03, -4753
21732, -16930.00, -16959.33, -4965
21737, -16927.00, -16957.43, -5156
21742, -16926.00, -16955.59, -5349
21747, -16925.00, -16953.76, -5531
21751, -16922.00, -16951.98, -5736
21757, -16921.00, -16949.96, -5924
21762, -16918.00, -16947.97, -6099
21767, -16918.00, -16946.15, -6262
21772, -16915.00, -16944.43, -6445
21778, -16912.00, -16942.31, -6615
21783, -16910.00, -16940.28, -6765
21788, -16909.00, -16938.49, -6922
21793, -16907.00, -16936.55, -7070
21798, -16904.00, -16934.74, -7240
21804, -16902.00, -16932.31, -7409
21810, -16899.00, -16930.11, -7556
21815, -16899.00, -16928.07, -7715
21821, -16897.00, -16926.07, -7871
21827, -16893.00, -16923.87, -8005
21832, -16893.00, -16921.97, -8153
21837, -16891.00, -16919.86, -8301
21843, -16888.00, -16917.65, -8442
21849, -16886.00, -16915.70, -8581
21854, -16883.00, -16913.53, -8718
21860, -16880.00, -16911.44, -8845
21865, -16878.00, -16909.34, -8980
21871, -16877.00, -16907.21, -9104
21876, -16875.00, -16905.27, -9232
21881, -16875.00, -16903.26, -9350
21886, -16871.00, -16901.42, -9476
21892, -16868.00, -16899.30, -9595
21897, -16866.00, -16897.24, -9716
21902, -16864.00, -16895.17, -9835
21907, -16862.00, -16893.11, -9958
21913, -16860.00, -16890.96, -10078
21918, -16858.00, -16888.87, -10198
21924, -16855.00, -16886.75, -10312
21929, -16854.00, -16884.73, -10424
21934, -16850.00, -16882.76, -10545
21939, -16848.00, -16880.53, -10676
21945, -16846.00, -16878.14, -10791
21950, -16845.00, -16876.12, -10911
21956, -16842.00, -16873.97, -11047
21962, -16839.00, -16871.54, -11166
21967, -16838.00, -16869.42, -11295
21973, -16835.00, -16867.12, -11412
21978, -16831.00, -16864.97, -11535
21983, -16830.00, -16862.67, -11652
21989, -16826.00, -16860.42, -11780
21994, -16824.00, -16857.96, -11896
21999, -16823.00, -16855.91, -12019
22005, -16821.00, -16853.65, -12138
22010, -16817.00, -16851.52, -12243
22014, -16816.00, -16849.57, -12348
22019, -16814.00, -16847.67, -12456
22023, -16812.00, -16845.71, -12569
22028, -16809.00, -16843.58, -12680
22033, -16808.00, -16841.64, -12800
22038, -16806.00, -16839.46, -12929
22043, -16803.00, -16837.30, -13049
22048, -16802.00, -16835.16, -13184
22054, -16798.00, -16832.73, -13322
22059, -16795.00, -16830.40, -13451
22064, -16793.00, -16828.14, -13590
22070, -16791.00, -16825.75, -13737
22075, -16789.00, -16823.29, -13873
22081, -16786.00, -16821.07, -14001
22085, -16783.00, -16818.93, -14134
22090, -16781.00, -16816.76, -14259
22095, -16780.00, -16814.75, -14386
22099, -16777.00, -16812.76, -14512
22104, -16773.00, -16810.70, -14639
22108, -16771.00, -16808.61, -14783
22113, -16770.00, -16806.33, -14915
22117, -16769.00, -16804.34, -15047
22122, -16765.00, -16802.34, -15184
22126, -16763.00, -16800.25, -15330
22131, -16761.00, -16797.98, -15489
22136, -16759.00, -16795.76, -15660
22141, -16757.00, -16793.38, -15833
22146, -16754.00, -16791.03, -15987
22151, -16751.00, -16788.91, -16152
22155, -16749.00, -16786.69, -16330
22161, -16745.00, -16784.15, -16513
22165, -16743.00, -16781.90, -16681
22170, -16742.00, -16779.78, -16858
22174, -16738.00, -16777.60, -17034
22178, -16735.00, -16775.38, -17220
22183, -16734.00, -16773.14, -17409
22187, -16730.00, -16770.88, -17621
22193, -16728.00, -16768.25, -17827
22197, -16726.00, -16765.97, -18044
22202, -16722.00, -16763.43, -18242
22207, -16721.00, -16761.10, -18471
22212, -16717.00, -16758.31, -18704
22217, -16714.00, -16755.59, -18933
22223, -16710.00, -16752.66, -19171
22228, -16709.00, -16749.80, -19368
22233, -16705.00, -16747.33, -19579
22238, -16701.00, -16744.53, -19800
22244, -16699.00, -16741.43, -20008
22249, -16696.00, -16738.77, -20234
22255, -16691.00, -16735.37, -20453
22261, -16688.00, -16732.36, -20654
22266, -16684.00, -16729.42, -20830
22270, -16680.00, -16726.73, -21050
22276, -16677.00, -16723.27, -21227
22281, -16673.00, -16720.42, -21408
22286, -16671.00, -16717.49, -21599
22292, -16667.00, -16714.11, -21778
22297, -16664.00, -16711.28, -21942
22301, -16660.00, -16708.50, -22113
22306, -16657.00, -16705.50, -22272
22311, -16652.00, -16702.42, -22447
22316, -16651.00, -16699.44, -22630
22321, -16646.00, -16696.17, -22802
22326, -16644.00, -16693.04, -22958
22331, -16638.00, -16690.10, -23131
22336, -16636.00, -16686.85, -23311
22341, -16631.00, -16683.25, -23488
22347, -16628.00, -16679.84, -23667
22352, -16624.00, -16676.34, -23823
22357, -16621.00, -16673.28, -23975
22361, -16616.00, -16670.20, -24137
22366, -16614.00, -16666.92, -24318
22372, -16609.00, -16662.97, -24483
22377, -16606.00, -16659.81, -24634
22381, -16601.00, -16656.66, -24792
22386, -16597.00, -16653.33, -24963
22391, -16593.00, -16649.63, -25133
22396, -16589.00, -16645.89, -25296
22401, -16586.00, -16642.50, -25448
22406, -16582.00, -16639.23, -25628
22411, -16576.00, -16635.17, -25789
22416, -16574.00, -16631.78, -25951
22421, -16568.00, -16628.15, -26102
22425, -16564.00, -16624.76, -26258
22430, -16561.00, -16621.24, -26427
22435, -16556.00, -16617.44, -26608
22440, -16549.00, -16613.16, -26792
22446, -16546.00, -16608.96, -26968
22451, -16541.00, -16604.99, -27144
22455, -16537.00, -16601.12, -27318
22460, -16532.00, -16597.13, -27491
22465, -16528.00, -16593.31, -27683
22470, -16523.00, -16589.00, -27900
22476, -16517.00, -16584.17, -28086
22481, -16511.00, -16580.01, -28278
22486, -16507.00, -16575.70, -28510
22492, -16500.00, -16570.51, -28719
22497, -16496.00, -16565.97, -28937
22502, -16489.00, -16561.11, -29164
22508, -16485.00, -16556.21, -29417
22514, -16479.00, -16550.91, -29660
22519, -16473.00, -16545.78, -29931
22526, -16464.00, -16539.63, -30204
22531, -16457.00, -16534.44, -30471
22537, -16452.00, -16528.95, -30755
22543, -15000.00, -16471.89, -31046
22549, -16439.00, -16417.15, -31365
22555, -16432.00, -16418.46, -31635
22560, -16426.00, -16419.10, -31948
22565, -16418.00, -16419.29, -32258
22571, -16411.00, -16418.98, -32553
22576, -16404.00, -16418.30, -32873
22581, -16399.00, -16417.23, -33195
22586, -16390.00, -16415.85, -33583
22592, -16384.00, -16413.77, -33949
22597, -16375.00, -16411.43, -34328
22603, -16369.00, -16408.65, -34690
22609, -16362.00, -16405.83, -35034
22614, -16355.00, -16402.75, -35358
22619, -16347.00, -16399.32, -35697
22625, -16339.00, -16395.34, -36001
22630, -16332.00, -16391.66, -36305
22636, -16325.00, -16387.57, -36585
22641, -16315.00, -16383.22, -36881
22647, -16305.00, -16378.10, -37120
22651, -16298.00, -16373.70, -37343
22656, -16292.00, -16369.31, -37577
22661, -16284.00, -16364.17, -37804
22666, -16276.00, -16359.21, -38044
22671, -16268.00, -16353.36, -38280
22677, -16258.00, -16347.47, -38485
22682, -16251.00, -16341.84, -38686
22687, -16243.00, -16336.02, -38918
22693, -16233.00, -16329.09, -39106
22698, -16226.00, -16322.98, -39329
22704, -16217.00, -16315.62, -39519
22709, -16207.00, -16308.89, -39711
22715, -16198.00, -16301.83, -39910
22720, -16190.00, -16294.25, -40104
22726, -16178.00, -16286.62, -40271
22731, -16169.00, -16279.63, -40430
22736, -16160.00, -16272.74, -40592
22741, -16150.00, -16265.42, -40764
22747, -16141.00, -16257.39, -40924
22752, -16131.00, -16249.48, -41082
22757, -16122.00, -16241.71, -41239
22762, -16112.00, -16233.70, -41388
22768, -16102.00, -16225.69, -41544
22773, -16093.00, -16217.21, -41710
22779, -16083.00, -16208.22, -41849
22784, -16075.00, -16200.52, -41991
22789, -16065.00, -16192.45, -42122
22794, -16057.00, -16184.86, -42247
22798, -16047.00, -16177.37, -42388
22804, -16038.00, -16168.38, -42546
22810, -16027.00, -16158.61, -42691
22815, -16017.00, -16149.55, -42841
22821, -16007.00, -16140.20, -42983
22826, -15995.00, -16131.03, -43112
22831, -15987.00, -16122.51, -43251
22836, -15976.00, -16113.43, -43394
22842, -15965.00, -16103.83, -43527
22847, -15955.00, -16094.93, -43656
22852, -15945.00, -16086.11, -43786
22857, -15937.00, -16077.44, -43908
22862, -15929.00, -16069.22, -44033
22866, -15922.00, -16060.79, -44162
22872, -15912.00, -16051.65, -44297
22877, -15902.00, -16042.88, -44429
22882, -15894.00, -16033.93, -44558
22886, -15885.00, -16025.46, -44698
22892, -15873.00, -16015.68, -44831
22897, -15864.00, -16006.45, -44963
22902, -15857.00, -15997.79, -45100
22907, -15847.00, -15988.47, -45242
22912, -15837.00, -15979.24, -45374
22917, -15830.00, -15970.71, -45516
22922, -15822.00, -15961.59, -45664
22928, -15811.00, -15952.00, -45809
22933, -15803.00, -15942.72, -45965
22939, -15794.00, -15932.98, -46120
22944, -15784.00, -15923.47, -46270
22949, -15776.00, -15914.43, -46430
22954, -15769.00, -15905.30, -46601
22960, -15761.00, -15895.47, -46759
22965, -15752.00, -15886.64, -46920
22971, -15742.00, -15877.94, -47090
22976, -15735.00, -15868.87, -47255
22981, -15727.00, -15860.19, -47414
22986, -15718.00, -15852.21, -47584
22991, -15711.00, -15843.52, -47755
22996, -15702.00, -15835.39, -47936
23001, -15697.00, -15826.68, -48130
23007, -15687.00, -15817.64, -48315
23012, -15680.00, -15809.47, -48509
23017, -15673.00, -15801.25, -48733
23023, -15664.00, -15792.00, -48929
23027, -15658.00, -15784.35, -49141
23033, -15650.00, -15775.79, -49378
23038, -15642.00, -15767.23, -49613
23044, -15635.00, -15758.71, -49842
23049, -15628.00, -15750.98, -50092
23054, -15620.00, -15742.58, -50367
23060, -15615.00, -15733.82, -50614
23065, -15608.00, -15726.21, -50859
23070, -15604.00, -15718.88, -51088
23075, -15594.00, -15711.87, -51333
23080, -15590.00, -15704.32, -51571
23085, -15584.00, -15697.09, -51819
23090, -15578.00, -15689.41, -52048
23095, -15572.00, -15682.45, -52281
23101, -15565.00, -15674.97, -52503
23106, -15561.00, -15668.22, -52744
23112, -15554.00, -15660.46, -52952
23116, -15548.00, -15654.37, -53179
23122, -15542.00, -15646.94, -53379
23127, -15538.00, -15640.43, -53579
23131, -15533.00, -15634.42, -53782
23137, -15527.00, -15627.80, -54002
23142, -15521.00, -15620.86, -54197
23147, -15517.00, -15614.58, -54408
23153, -15509.00, -15607.48, -54613
23158, -15504.00, -15601.02, -54813
23164, -15498.00, -15594.46, -55007
23169, -15492.00, -15588.04, -55209
23174, -15489.00, -15581.53, -55400
23180, -15484.00, -15575.47, -55578
23185, -15479.00, -15569.64, -55754
23189, -15475.00, -15564.24, -55930
23194, -15470.00, -15558.81, -56113
23200, -15466.00, -15553.01, -56285
23205, -15461.00, -15547.51, -56470
23210, -15455.00, -15541.64, -56659
23215, -15451.00, -15536.07, -56851
23221, -15447.00, -15530.09, -57047
23226, -15444.00, -15524.41, -57227
23232, -15439.00, -15519.19, -57409
23237, -15435.00, -15513.98, -57584
23242, -15429.00, -15508.94, -57757
23247, -15427.00, -15504.01, -57943
23252, -15422.00, -15498.74, -58128
23258, -15417.00, -15493.41, -58323
23263, -15413.00, -15488.24, -58514
23269, -15408.00, -15482.97, -58736
23275, -15404.00, -15476.92, -58920
23281, -15400.00, -15472.11, -59100
23286, -15398.00, -15467.55, -59275
23291, -15392.00, -15463.14, -59451
23296, -15392.00, -15458.75, -59640
23301, -15387.00, -15454.38, -59811
23306, -15383.00, -15450.31, -59997
23311, -15378.00, -15445.88, -60172
23316, -15376.00, -15441.90, -60340
23320, -15372.00, -15438.01, -60525
23325, -15368.00, -15433.92, -60701
23330, -15366.00, -15430.13, -60892
23335, -15363.00, -15426.04, -61079
23340, -15360.00, -15422.10, -61264
23345, -15356.00, -15418.51, -61468
23350, -15353.00, -15414.53, -61667
23355, -15350.00, -15410.61, -61885
23360, -15346.00, -15406.44, -62075
23365, -15345.00, -15403.12, -62291
23370, -15341.00, -15399.21, -62529
23376, -15337.00, -15395.16, -62753
23381, -15334.00, -15391.46, -63003
23387, -15333.00, -15387.46, -63264
23392, -15327.00, -15383.36, -63485
23397, -15327.00, -15380.24, -63698
23401, -15322.00, -15377.16, -63914
23406, -15321.00, -15374.16, -64133
23410, -15319.00, -15371.23, -64361
23415, -15315.00, -15368.25, -64612
23420, -15312.00, -15365.03, -64872
23425, -15309.00, -15361.77, -65153
23430, -15305.00, -15358.32, -65447
23435, -15305.00, -15355.04, -65721
23439, -15303.00, -15352.10, -65993
23444, -15300.00, -15349.34, -66284
23449, -15297.00, -15346.40, -66625
23454, -15294.00, -15342.86, -66980
23460, -15290.00, -15339.34, -67315
23465, -15288.00, -15336.14, -67647
23471, -15286.00, -15332.82, -67941
23476, -15282.00, -15329.90, -68220
23481, -15280.00, -15327.04, -68469
23485, -15278.00, -15324.39, -68715
23490, -15275.00, -15321.79, -68947
23494, -15273.00, -15319.22, -69187
23499, -15271.00, -15316.49, -69433
23504, -15269.00, -15313.65, -69655
23508, -15266.00, -15311.10, -69867
23513, -15265.00, -15308.55, -70070
23517, -15262.00, -15306.09, -70299
23523, -15260.00, -15303.12, -70527
23528, -15258.00, -15300.31, -70736
23533, -15255.00, -15297.60, -70933
23538, -15253.00, -15294.95, -71133
23543, -15251.00, -15292.16, -71336
23549, -15248.00, -15289.45, -71511
23553, -15246.00, -15287.03, -71702
23559, -15244.00, -15284.18, -71886
23564, -15241.00, -15281.50, -72070
23570, -15237.00, -15278.71, -72248
23575, -15235.00, -15275.76, -72408
23580, -15235.00, -15273.27, -72580
23586, -15230.00, -15270.57, -72745
23591, -15227.00, -15267.72, -72898
23596, -15227.00, -15265.21, -73056
23602, -15223.00, -15262.59, -73203
23607, -15223.00, -15260.12, -73358
23612, -15219.00, -15257.50, -73498
23617, -15217.00, -15255.06, -73639
23623, -15214.00, -15252.58, -73785
23628, -15213.00, -15249.90, -73926
23633, -15210.00, -15247.48, -74057
23638, -15209.00, -15245.13, -74187
23643, -15207.00, -15242.85, -74314
23648, -15206.00, -15240.63, -74446
23654, -15203.00, -15238.28, -74594
23660, -15200.00, -15235.61, -74716
23665, -15199.00, -15233.41, -74838
23670, -15195.00, -15231.20, -74970
23675, -15194.00, -15228.73, -75094
23681, -15192.00, -15226.40, -75220
23686, -15189.00, -15224.07, -75348
23692, -15187.00, -15221.62, -75465
23697, -15184.00, -15219.36, -75592
23702, -15182.00, -15216.91, -75717
23708, -15180.00, -15214.49, -75848
23714, -15180.00, -15212.07, -75965
23719, -15177.00, -15209.96, -76080
23724, -15175.00, -15207.93, -76191
23729, -15172.00, -15205.88, -76305
23734, -15169.00, -15203.68, -76416
23739, -15168.00, -15201.62, -76523
23743, -15166.00, -15199.63, -76627
23748, -15166.00, -15197.75, -76746
23753, -15164.00, -15195.65, -76857
23758, -15162.00, -15193.73, -76967
23763, -15160.00, -15191.74, -77095
23768, -15158.00, -15189.57, -77222
23774, -15156.00, -15187.36, -77342
23779, -15154.00, -15185.29, -77458
23784, -15152.00, -15183.35, -77591
23790, -15148.00, -15180.96, -77720
23795, -15148.00, -15178.79, -77859
23801, -15146.00, -15176.52, -77980
23806, -15143.00, -15174.53, -78113
23812, -15141.00, -15172.31, -78251
23818, -15140.00, -15170.05, -78392
23823, -15138.00, -15167.99, -78533
23829, -15135.00, -15165.78, -78669
23835, -15133.00, -15163.72, -78801
23840, -15130.00, -15161.65, -78931
23845, -15130.00, -15159.69, -79070
23850, -15127.00, -15157.67, -79202
23855, -15125.00, -15155.71, -79345
23861, -15123.00, -15153.61, -79482
23866, -15121.00, -15151.66, -79627
23871, -15119.00, -15149.57, -79785
23877, -15119.00, -15147.49, -79936
23882, -15116.00, -15145.53, -80083
23887, -15114.00, -15143.63, -80245
23893, -15112.00, -15141.56, -80395
23898, -15110.00, -15139.74, -80561
23903, -15109.00, -15137.77, -80724
23909, -15106.00, -15135.80, -80887
23914, -15105.00, -15133.96, -81055
23919, -15103.00, -15132.02, -81249
23924, -15000.00, -15126.59, -81427
23930, -15098.00, -15121.69, -81604
23935, -15098.00, -15120.22, -81797
23940, -15097.00, -15118.76, -81997
23945, -15094.00, -15117.23, -82198
23951, -15091.00, -15115.63, -82403
23956, -15090.00, -15114.09, -82621
23961, -15088.00, -15112.46, -82835
23966, -15086.00, -15110.87, -83057
23972, -15082.00, -15109.13, -83274
23976, -15082.00, -15107.51, -83495
23981, -15082.00, -15105.94, -83728
23987, -15079.00, -15104.29, -83955
23992, -15076.00, -15102.59, -84173
23997, -15074.00, -15100.90, -84408
24003, -15073.00, -15098.99, -84643
24008, -15071.00, -15097.19, -84855
24013, -15070.00, -15095.51, -85080
24019, -15067.00, -15093.74, -85304
24025, -15066.00, -15091.80, -85523
24030, -15064.00, -15090.08, -85732
24036, -15061.00, -15088.20, -85954
24041, -15060.00, -15086.32, -86145
24046, -15059.00, -15084.67, -86352
24052, -15055.00, -15082.82, -86549
24057, -15055.00, -15081.01, -86735
24062, -15052.00, -15079.30, -86938
24068, -15051.00, -15077.37, -87129
24073, -15049.00, -15075.62, -87309
24078, -15047.00, -15073.96, -87479
24083, -15046.00, -15072.28, -87668
24088, -15043.00, -15070.49, -87852
24094, -15042.00, -15068.70, -88029
24099, -15039.00, -15066.95, -88202
24104, -15038.00, -15065.22, -88377
24109, -15037.00, -15063.46, -88558
24114, -15035.00, -15061.63, -88760
24120, -15032.00, -15059.58, -88938
24126, -15031.00, -15057.85, -89116
24131, -15028.00, -15056.04, -89292
24136, -15027.00, -15054.17, -89480
24142, -15024.00, -15052.21, -89665
24147, -15023.00, -15050.26, -89842
24153, -15021.00, -15048.47, -90019
24158, -15018.00, -15046.59, -90191
24163, -15018.00, -15044.78, -90386
24169, -15017.00, -15042.87, -90576
24175, -15013.00, -15040.95, -90756
24180, -15011.00, -15039.06, -90930
24185, -15010.00, -15037.27, -91126
24191, -15007.00, -15035.29, -91294
24196, -15006.00, -15033.54, -91463
24201, -15004.00, -15031.81, -91629
24206, -15003.00, -15030.14, -91810
24211, -15001.00, -15028.31, -92003
24217, -14998.00, -15026.29, -92195
24222, -14997.00, -15024.34, -92391
24228, -14996.00, -15022.54, -92575
24233, -14994.00, -15020.83, -92775
24239, -14989.00, -15018.77, -92989
24244, -14990.00, -15016.77, -93199
24250, -14988.00, -15014.87, -93401
24255, -14987.00, -15013.10, -93592
24260, -14983.00, -15011.29, -93787
24265, -14981.00, -15009.62, -94004
24271, -14981.00, -15007.68, -94222
24276, -14979.00, -15005.88, -94425
24281, -14975.00, -15004.15, -94645
24287, -14975.00, -15002.18, -94891
24292, -14973.00, -15000.15, -95143
24298, -14971.00, -14998.20, -95375
24303, -14969.00, -14996.47, -95606
24308, -14967.00, -14994.71, -95841
24313, -14966.00, -14992.96, -96088
24319, -14962.00, -14991.15, -96343
24324, -14962.00, -14989.28, -96609
24329, -14960.00, -14987.44, -96869
24334, -14958.00, -14985.71, -97169
24340, -14956.00, -14983.75, -97460
24345, -14954.00, -14981.89, -97741
24350, -14953.00, -14980.19, -98048
24355, -14951.00, -14978.33, -98405
24361, -14948.00, -14976.34, -98700
24366, -14947.00, -14974.72, -98990
24370, -14946.00, -14973.17, -99283
24375, -14944.00, -14971.63, -99580
24379, -14943.00, -14970.08, -99884
24384, -14940.00, -14968.43, -100208
24389, -14938.00, -14966.57, -100537
24394, -14937.00, -14964.79, -100859
24399, -14934.00, -14962.92, -101168
24405, -14934.00, -14961.02, -101473
24410, -14932.00, -14959.24, -101764
24415, -14931.00, -14957.52, -102067
24421, -14926.00, -14955.48, -102336
24426, -14927.00, -14953.61, -102618
24432, -14923.00, -14951.72, -102890
24437, -14922.00, -14949.69, -103231
24445, -14919.00, -14947.11, -103466
24450, -14917.00, -14945.16, -103721
24456, -14916.00, -14943.11, -103946
24462, -14913.00, -14941.21, -104164
24467, -14912.00, -14939.29, -104410
24473, -14906.00, -14936.97, -104603
24479, -14907.00, -14935.04, -104782
24483, -14906.00, -14933.35, -104969
24489, -14903.00, -14931.47, -105153
24494, -14900.00, -14929.56, -105325
24499, -14899.00, -14927.70, -105513
24505, -14898.00, -14925.66, -105694
24510, -14897.00, -14923.78, -105865
24516, -14894.00, -14921.89, -106038
24521, -14892.00, -14920.01, -106211
24527, -14890.00, -14917.99, -106381
24533, -14886.00, -14915.90, -106533
24538, -14884.00, -14913.99, -106698
24543, -14883.00, -14911.90, -106849
24549, -14882.00, -14909.96, -106999
24554, -14879.00, -14908.11, -107149
24560, -14878.00, -14906.10, -107286
24564, -14876.00, -14904.40, -107416
24569, -14872.00, -14902.63, -107543
24574, -14871.00, -14900.83, -107673
24579, -14869.00, -14899.00, -107814
24584, -14869.00, -14897.04, -107948
24590, -14865.00, -14895.06, -108078
24595, -14863.00, -14893.18, -108208
24600, -14862.00, -14891.24, -108331
24604, -14861.00, -14889.54, -108445
24609, -14857.00, -14887.84, -108561
24614, -14858.00, -14886.11, -108689
24619, -14855.00, -14884.26, -108801
24623, -14853.00, -14882.61, -108915
24628, -14851.00, -14880.92, -109033
24633, -14849.00, -14879.11, -109167
24638, -14847.00, -14877.07, -109300
24643, -14844.00, -14875.03, -109428
24649, -14846.00, -14873.01, -109495
24654, -14848.00, -14871.39, -109508
24660, -14851.00, -14869.86, -109474
24665, -14854.00, -14868.74, -109413
24671, -14855.00, -14867.73, -109325
24676, -14857.00, -14866.96, -109222
24682, -14861.00, -14866.39, -109108
24688, -14861.00, -14866.03, -108983
24694, -14863.00, -14865.73, -108856
24699, -14866.00, -14865.65, -108739
24704, -14868.00, -14865.73, -108607
24710, -14871.00, -14865.99, -108486
24715, -14873.00, -14866.35, -108355
24720, -14873.00, -14866.78, -108213
24726, -14874.00, -14867.24, -108088
24731, -14878.00, -14867.75, -107967
24735, -14880.00, -14868.40, -107845
24740, -14882.00, -14869.12, -107723
24745, -14884.00, -14869.90, -107593
24750, -14886.00, -14870.81, -107464
24754, -14886.00, -14871.67, -107337
24759, -14891.00, -14872.63, -107212
24763, -14892.00, -14873.68, -107063
24769, -14892.00, -14874.89, -106920
24774, -14893.00, -14875.98, -106768
24779, -14896.00, -14877.14, -106615
24784, -14898.00, -14878.42, -106458
24790, -14899.00, -14879.71, -106300
24795, -14902.00, -14881.02, -106113
24801, -14905.00, -14882.67, -105942
24806, -14906.00, -14884.18, -105780
24811, -14909.00, -14885.62, -105599
24817, -14910.00, -14887.22, -105424
24822, -14911.00, -14888.68, -105246
24827, -14914.00, -14890.22, -105055
24833, -14916.00, -14891.85, -104870
24838, -14917.00, -14893.40, -104676
24843, -14919.00, -14894.99, -104465
24849, -14922.00, -14896.71, -104267
24854, -14924.00, -14898.41, -104065
24859, -14927.00, -14899.98, -103860
24864, -14929.00, -14901.70, -103652
24869, -14930.00, -14903.35, -103442
24874, -14932.00, -14904.99, -103229
24878, -14931.00, -14906.50, -102981
24884, -14934.00, -14908.20, -102721
24889, -14936.00, -14909.99, -102474
24894, -14939.00, -14911.60, -102178
24900, -14940.00, -14913.52, -101892
24905, -14942.00, -14915.28, -101586
24910, -14943.00, -14917.07, -101238
24916, -14947.00, -14919.04, -100926
24921, -14948.00, -14920.77, -100585
24926, -14948.00, -14922.52, -100221
24932, -14951.00, -14924.29, -99876
24937, -14953.00, -14926.03, -99540
24942, -14956.00, -14927.82, -99209
24947, -14958.00, -14929.59, -98889
24952, -14960.00, -14931.38, -98562
24957, -14961.00, -14933.23, -98248
24963, -14962.00, -14934.99, -97949
24968, -14965.00, -14936.74, -97641
24973, -14966.00, -14938.61, -97354
24978, -14968.00, -14940.37, -97078
24983, -14970.00, -14942.11, -96795
24988, -14972.00, -14943.99, -96517
24994, -14972.00, -14945.79, -96239
24999, -14976.00, -14947.76, -95978
25005, -14978.00, -14949.60, -95720
25010, -14980.00, -14951.51, -95487
25015, -14980.00, -14953.21, -95273
25019, -14983.00, -14954.79, -95046
25024, -14984.00, -14956.58, -94844
25029, -14987.00, -14958.21, -94644
25034, -14989.00, -14959.85, -94453
25038, -14990.00, -14961.49, -94254
25043, -14993.00, -14963.22, -94071
25047, -14994.00, -14964.87, -93892
25052, -14995.00, -14966.51, -93685
25058, -14996.00, -14968.52, -93484
25062, -14998.00, -14970.13, -93284
25067, -14999.00, -14971.94, -93096
25072, -15001.00, -14973.62, -92922
25077, -15003.00, -14975.26, -92730
25082, -15006.00, -14977.08, -92538
25088, -15005.00, -14978.93, -92354
25093, -15010.00, -14980.72, -92172
25098, -15010.00, -14982.56, -91973
25103, -15012.00, -14984.49, -91780
25109, -15014.00, -14986.46, -91595
25114, -15017.00, -14988.30, -91391
25120, -15020.00, -14990.47, -91202
25126, -15020.00, -14992.44, -91029
25131, -15022.00, -14994.19, -90858
25136, -15024.00, -14995.93, -90697
25140, -15025.00, -14997.55, -90537
25145, -15028.00, -14999.28, -90343
25151, -15028.00, -15001.34, -90170
25156, -15033.00, -15003.04, -90001
25161, -15032.00, -15004.85, -89831
25166, -15034.00, -15006.58, -89665
25171, -15037.00, -15008.28, -89477
25176, -15038.00, -15010.21, -89300
25182, -15039.00, -15012.01, -89122
25187, -15042.00, -15013.82, -88929
25192, -15043.00, -15015.79, -88753
25198, -15047.00, -15017.65, -88571
25203, -15048.00, -15019.63, -88371
25209, -15049.00, -15021.59, -88181
25214, -15052.00, -15023.53, -87990
25220, -15053.00, -15025.46, -87796
25225, -15056.00, -15027.41, -87617
25230, -15057.00, -15029.19, -87430
25235, -15059.00, -15030.99, -87218
25241, -15061.00, -15033.11, -87024
25247, -15064.00, -15035.00, -86841
25252, -15065.00, -15036.80, -86655
25257, -15068.00, -15038.59, -86469
25262, -15068.00, -15040.35, -86262
25267, -15069.00, -15042.27, -86056
25272, -15073.00, -15044.04, -85876
25277, -15074.00, -15045.70, -85684
25282, -15075.00, -15047.44, -85468
25287, -15077.00, -15049.32, -85244
25293, -15079.00, -15051.16, -85030
25298, -15081.00, -15052.99, -84797
25303, -15082.00, -15054.83, -84551
25309, -15087.00, -15056.88, -84314
25314, -15087.00, -15058.82, -84056
25320, -15090.00, -15060.87, -83803
25325, -15091.00, -15062.87, -83561
25331, -15094.00, -15064.78, -83308
25336, -15096.00, -15066.84, -83053
25342, -15098.00, -15068.97, -82819
25347, -15100.00, -15070.91, -82594
25353, -15102.00, -15072.86, -82367
25358, -15104.00, -15074.88, -82159
25363, -15105.00, -15076.72, -81953
25369, -15106.00, -15078.58, -81756
25374, -15110.00, -15080.43, -81563
25379, -15112.00, -15082.34, -81379
25384, -15113.00, -15084.22, -81202
25389, -15114.00, -15085.97, -81035
25394, -15117.00, -15087.70, -80846
25399, -15119.00, -15089.75, -80675
25405, -15122.00, -15091.74, -80499
25410, -15124.00, -15093.76, -80332
25415, -15124.00, -15095.67, -80170
25421, -15127.00, -15097.70, -79990
25427, -15129.00, -15099.81, -79839
25431, -15132.00, -15101.68, -79689
25437, -15134.00, -15103.63, -79550
25441, -15135.00, -15105.43, -79420
25446, -15138.00, -15107.17, -79287
25451, -15138.00, -15108.96, -79161
25455, -15140.00, -15110.60, -79034
25460, -15141.00, -15112.32, -78912
25464, -15144.00, -15113.97, -78794
25469, -15145.00, -15115.61, -78675
25473, -15148.00, -15117.32, -78556
25478, -15149.00, -15119.06, -78439
25482, -15150.00, -15120.74, -78318
25487, -15152.00, -15122.47, -78202
25492, -15155.00, -15124.19, -78077
25497, -15157.00, -15126.20, -77939
25502, -15159.00, -15128.27, -77813
25507, -15161.00, -15130.24, -77695
25512, -15163.00, -15132.07, -77569
25517, -15164.00, -15134.02, -77449
25522, -15167.00, -15135.89, -77340
25526, -15168.00, -15137.64, -77215
25532, -15170.00, -15139.60, -77078
25537, -15173.00, -15141.81, -76958
25542, -15176.00, -15143.75, -76839
25547, -15176.00, -15145.69, -76722
25552, -15179.00, -15147.53, -76603
25557, -15180.00, -15149.50, -76479
25562, -15183.00, -15151.45, -76349
25567, -15186.00, -15153.62, -76231
25572, -15188.00, -15155.57, -76118
25577, -15190.00, -15157.47, -75988
25582, -15191.00, -15159.59, -75865
25587, -15194.00, -15161.66, -75739
25592, -15197.00, -15163.82, -75609
25598, -15199.00, -15166.07, -75483
25603, -15201.00, -15168.13, -75333
25609, -15203.00, -15170.60, -75215
25614, -15205.00, -15172.54, -75073
25619, -15208.00, -15174.80, -74944
25624, -15210.00, -15176.90, -74818
25629, -15211.00, -15178.85, -74700
25633, -15213.00, -15180.68, -74578
25638, -15216.00, -15182.59, -74456
25643, -15218.00, -15184.47, -74335
25647, -15221.00, -15186.39, -74203
25652, -15223.00, -15188.54, -74073
25657, -15226.00, -15190.54, -73934
25662, -15227.00, -15192.80, -73779
25667, -15229.00, -15195.09, -73621
25672, -15233.00, -15197.43, -73478
25677, -15235.00, -15199.61, -73338
25682, -15238.00, -15201.69, -73193
25687, -15238.00, -15203.80, -73042
25692, -15241.00, -15205.97, -72897
25696, -15242.00, -15207.97, -72723
25702, -15246.00, -15210.31, -72552
25707, -15249.00, -15212.76, -72380
25712, -15252.00, -15214.99, -72202
25717, -15254.00, -15217.44, -72002
25723, -15258.00, -15220.01, -71829
25728, -15259.00, -15222.33, -71648
25733, -15263.00, -15224.66, -71443
25738, -15265.00, -15227.21, -71238
25743, -15268.00, -15229.80, -71047
25748, -15269.00, -15231.99, -70856
25753, -15272.00, -15234.23, -70621
25758, -15274.00, -15236.94, -70405
25764, -15277.00, -15239.31, -70187
25768, -15279.00, -15241.63, -69952
25774, -15282.00, -15244.13, -69706
25779, -15284.00, -15246.64, -69456
25784, -15288.00, -15249.22, -69153
25790, -15291.00, -15252.14, -68872
25796, -15294.00, -15254.73, -68574
25801, -15296.00, -15257.40, -68261
25807, -15299.00, -15260.12, -67961
25812, -15302.00, -15262.56, -67662
25817, -15303.00, -15264.94, -67380
25821, -15307.00, -15267.19, -67082
25826, -15308.00, -15269.54, -66792
25831, -15312.00, -15271.89, -66472
25836, -15315.00, -15274.61, -66157
25841, -15318.00, -15277.31, -65850
25847, -15321.00, -15280.02, -65571
25852, -15322.00, -15282.51, -65265
25857, -15326.00, -15285.35, -65013
25862, -15329.00, -15287.71, -64730
25867, -15334.00, -15290.70, -64447
25873, -15336.00, -15293.59, -64194
25878, -15338.00, -15296.47, -63921
25884, -15343.00, -15299.33, -63650
25889, -15345.00, -15302.48, -63414
25895, -15350.00, -15305.26, -63194
25899, -15351.00, -15307.95, -62992
25904, -15354.00, -15310.58, -62773
25909, -15357.00, -15313.31, -62575
25914, -15360.00, -15315.80, -62381
25918, -15364.00, -15318.39, -62176
25923, -15368.00, -15321.37, -61988
25928, -15368.00, -15324.02, -61798
25933, -15374.00, -15326.71, -61597
25938, -15376.00, -15329.88, -61390
25943, -15379.00, -15332.82, -61191
25949, -15382.00, -15335.93, -61000
25954, -15387.00, -15338.85, -60821
25958, -15390.00, -15341.81, -60654
25963, -15392.00, -15344.58, -60454
25968, -15396.00, -15347.82, -60265
25974, -15399.00, -15351.05, -60070
25979, -15404.00, -15354.49, -59882
25985, -15407.00, -15357.70, -59685
25990, -15410.00, -15361.26, -59498
25996, -15415.00, -15364.63, -59299
26002, -15419.00, -15368.32, -59114
26007, -15424.00, -15371.86, -58942
26012, -15429.00, -15375.19, -58779
26017, -15431.00, -15378.39, -58611
26022, -15436.00, -15381.73, -58425
26027, -15439.00, -15385.42, -58274
26032, -15443.00, -15388.51, -58120
26036, -15449.00, -15391.65, -57944
26042, -15450.00, -15395.37, -57768
26047, -15457.00, -15399.17, -57594
26052, -15461.00, -15402.95, -57401
26058, -15466.00, -15407.16, -57235
26063, -15471.00, -15410.72, -57049
26068, -15477.00, -15415.04, -56869
26074, -15480.00, -15419.12, -56689
26079, -15485.00, -15423.31, -56507
26084, -15490.00, -15427.40, -56317
26090, -15496.00, -15431.93, -56127
26095, -15500.00, -15436.20, -55930
26101, -15505.00, -15440.80, -55734
26107, -15510.00, -15445.39, -55546
26112, -15515.00, -15449.71, -55361
26117, -15522.00, -15454.18, -55192
26122, -15526.00, -15458.17, -55022
26127, -15531.00, -15462.19, -54833
26132, -15537.00, -15466.75, -54669
26136, -15541.00, -15470.77, -54487
26141, -15546.00, -15475.23, -54281
26147, -15553.00, -15480.24, -54084
26152, -15558.00, -15484.96, -53872
26158, -15564.00, -15490.22, -53667
26163, -15570.00, -15495.05, -53466
26168, -15578.00, -15500.10, -53261
26173, -15583.00, -15505.17, -53055
26178, -15590.00, -15510.10, -52838
26184, -15594.00, -15515.52, -52597
26190, -15602.00, -15521.47, -52348
26195, -15610.00, -15527.09, -52087
26201, -15616.00, -15533.41, -51831
26207, -15623.00, -15539.36, -51603
26212, -15628.00, -15544.49, -51340
26218, -15634.00, -15550.63, -51088
26223, -15643.00, -15556.16, -50842
26228, -15650.00, -15561.91, -50602
26233, -15657.00, -15567.71, -50358
26239, -15664.00, -15573.70, -50133
26244, -15670.00, -15579.35, -49914
26249, -15679.00, -15585.15, -49705
26254, -15684.00, -15590.83, -49481
26259, -15693.00, -15597.23, -49262
26264, -15700.00, -15603.50, -49050
26270, -15709.00, -15610.11, -48853
26275, -15714.00, -15616.54, -48669
26279, -15723.00, -15622.40, -48462
26285, -15731.00, -15629.58, -48246
26291, -15739.00, -15637.17, -48058
26296, -15746.00, -15643.95, -47870
26302, -15756.00, -15650.96, -47677
26308, -15763.00, -15658.57, -47489
26313, -15775.00, -15666.21, -47305
26319, -15785.00, -15674.27, -47118
26325, -15794.00, -15682.50, -46932
26331, -15803.00, -15690.97, -46772
26336, -15811.00, -15698.33, -46623
26341, -15820.00, -15705.58, -46468
26347, -15829.00, -15713.25, -46305
26352, -15837.00, -15721.29, -46157
26357, -15847.00, -15728.92, -46010
26363, -15854.00, -15736.61, -45857
26368, -15866.00, -15745.06, -45710
26373, -15874.00, -15752.93, -45574
26378, -15882.00, -15760.50, -45429
26384, -15895.00, -15769.07, -45277
26390, -15906.00, -15778.19, -45134
26395, -15914.00, -15786.66, -44988
26400, -15925.00, -15795.47, -44836
26406, -15935.00, -15805.14, -44705
26411, -15944.00, -15813.30, -44570
26417, -15951.00, -15822.15, -44425
26422, -15963.00, -15830.91, -44298
26427, -15971.00, -15839.13, -44169
26432, -15979.00, -15847.40, -44034
26437, -15988.00, -15856.38, -43901
26442, -16001.00, -15864.90, -43774
26447, -16009.00, -15873.43, -43636
26453, -16018.00, -15882.47, -43498
26458, -16029.00, -15892.06, -43352
26464, -16040.00, -15901.61, -43222
26469, -16049.00, -15910.36, -43082
26474, -16059.00, -15920.03, -42941
26481, -16071.00, -15930.82, -42734
26489, -16083.00, -15944.78, -42584
26494, -16094.00, -15953.72, -42440
26499, -16105.00, -15963.50, -42291
26505, -16115.00, -15973.37, -42157
26510, -16123.00, -15982.04, -42014
26515, -16133.00, -15991.43, -41865
26520, -16143.00, -16001.32, -41723
26526, -16151.00, -16010.39, -41577
26531, -16162.00, -16019.50, -41416
26536, -16170.00, -16029.66, -41273
26541, -16179.00, -16038.41, -41127
26546, -16188.00, -16047.23, -40988
26551, -16196.00, -16055.47, -40833
26556, -16204.00, -16064.75, -40678
26561, -16212.00, -16073.66, -40532
26566, -16220.00, -16081.61, -40375
26571, -16229.00, -16090.91, -40215
26576, -16236.00, -16099.04, -40053
26581, -16245.00, -16107.94, -39858
26587, -16254.00, -16118.12, -39684
26592, -16260.00, -16126.57, -39514
26597, -16269.00, -16135.10, -39341
26602, -16276.00, -16142.93, -39138
26607, -16283.00, -16152.22, -38948
26613, -16291.00, -16160.76, -38723
26619, -16302.00, -16170.83, -38488
26624, -16310.00, -16180.15, -38263
26630, -16319.00, -16189.24, -38015
26636, -16326.00, -16198.75, -37781
26641, -16336.00, -16207.39, -37534
26647, -16342.00, -16216.14, -37284
26652, -16352.00, -16224.66, -37002
26658, -16357.00, -16233.92, -36721
26664, -16364.00, -16242.35, -36441
26669, -16372.00, -16250.62, -36138
26675, -16381.00, -16259.12, -35829
26680, -16387.00, -16267.30, -35493
26686, -16395.00, -16276.02, -35134
26691, -16401.00, -16284.49, -34773
26697, -16407.00, -16292.95, -34426
26702, -16415.00, -16300.33, -34083
26708, -16421.00, -16308.04, -33749
26714, -16427.00, -16316.18, -33409
26718, -16432.00, -16322.95, -33117
26723, -16438.00, -16329.55, -32824
26728, -16446.00, -16336.38, -32556
26733, -16449.00, -16342.49, -32264
26738, -16454.00, -16349.50, -32005
26743, -16461.00, -16355.62, -31757
26747, -16467.00, -16361.67, -31526
26752, -16471.00, -16367.44, -31300
26756, -16475.00, -16373.10, -31071
26761, -16482.00, -16379.07, -30827
26766, -16487.00, -16385.51, -30594
26770, -16492.00, -16391.49, -30378
26775, -16495.00, -16397.18, -30162
26780, -16500.00, -16403.13, -29932
26785, -16507.00, -16409.31, -29712
26790, -16510.00, -16415.17, -29517
26794, -16515.00, -16420.65, -29313
26799, -16519.00, -16426.11, -29109
26804, -16524.00, -16432.06, -28910
26809, -16529.00, -16437.45, -28710
26814, -16535.00, -16442.99, -28501
26819, -16538.00, -16449.12, -28282
26824, -16544.00, -16455.13, -28100
26829, -16548.00, -16460.44, -27885
26835, -16553.00, -16466.90, -27672
26841, -16559.00, -16472.84, -27467
26846, -16565.00, -16478.76, -27268
26852, -16569.00, -16484.61, -27054
26857, -16573.00, -16490.83, -26871
26863, -16579.00, -16496.31, -26669
26869, -16583.00, -16502.22, -26471
26874, -16588.00, -16507.98, -26296
26879, -16592.00, -16513.08, -26128
26884, -16596.00, -16517.89, -25956
26889, -16600.00, -16522.91, -25782
26895, -16604.00, -16527.91, -25601
26900, -16609.00, -16533.02, -25420
26905, -16613.00, -16538.17, -25262
26910, -16616.00, -16542.54, -25092
26915, -16620.00, -16547.26, -24917
26921, -16625.00, -16552.43, -24725
26926, -16628.00, -16557.30, -24556
26931, -16634.00, -16561.79, -24366
26937, -16636.00, -16566.97, -24192
26942, -16641.00, -16571.53, -23997
26948, -16646.00, -16576.79, -23801
26954, -16648.00, -16581.66, -23626
26959, -16652.00, -16585.91, -23468
26964, -16654.00, -16589.72, -23270
26970, -16660.00, -16594.50, -23105
26975, -16663.00, -16598.45, -22911
26980, -16666.00, -16603.05, -22685
26987, -16673.00, -16608.31, -22522
26991, -16676.00, -16612.10, -22345
26997, -16678.00, -16616.12, -22153
27002, -16684.00, -16620.41, -21976
27007, -16686.00, -16624.41, -21800
27012, -16688.00, -16628.10, -21637
27016, -16692.00, -16631.47, -21460
27021, -16694.00, -16635.19, -21280
27026, -16697.00, -16638.73, -21094
27031, -16702.00, -16642.62, -20895
27037, -16704.00, -16646.50, -20707
27042, -16707.00, -16650.10, -20482
27047, -16711.00, -16654.13, -20277
27053, -16715.00, -16657.98, -20066
27058, -16718.00, -16661.65, -19848
27063, -16721.00, -16665.48, -19637
27068, -16724.00, -16669.05, -19417
27074, -16725.00, -16672.60, -19175
27079, -16730.00, -16676.35, -18940
27085, -16732.00, -16680.08, -18667
27091, -16735.00, -16683.91, -18396
27097, -16740.00, -16687.79, -18154
27102, -16743.00, -16691.36, -17901
27108, -16745.00, -16695.01, -17669
27113, -16749.00, -16698.20, -17431
27119, -16751.00, -16701.84, -17199
27124, -16753.00, -16705.03, -16984
27129, -16757.00, -16708.17, -16760
27135, -16760.00, -16711.61, -16559
27140, -16762.00, -16714.60, -16375
27145, -16764.00, -16717.50, -16194
27149, -16768.00, -16720.26, -15990
27155, -16771.00, -16723.61, -15812
27160, -16772.00, -16726.51, -15611
27166, -16775.00, -16729.82, -15429
27171, -16778.00, -16732.85, -15262
27176, -16781.00, -16735.65, -15095
27181, -16785.00, -16738.70, -14912
27187, -16787.00, -16741.97, -14745
27192, -16791.00, -16745.00, -14566
27198, -16792.00, -16748.33, -14393
27204, -16795.00, -16751.51, -14239
27209, -16798.00, -16754.35, -14091
27215, -16799.00, -16757.13, -13945
27220, -16804.00, -16759.99, -13793
27225, -16806.00, -16762.82, -13645
27230, -16808.00, -16765.76, -13499
27236, -16810.00, -16768.56, -13354
27241, -16812.00, -16771.40, -13212
27247, -16815.00, -16774.15, -13069
27252, -16818.00, -16776.95, -12919
27258, -16821.00, -16779.99, -12786
27263, -16824.00, -16782.61, -12650
27269, -16826.00, -16785.48, -12510
27274, -16829.00, -16788.22, -12384
27279, -16830.00, -16790.75, -12256
27285, -16833.00, -16793.48, -12107
27290, -16835.00, -16796.34, -11984
27295, -16838.00, -16798.76, -11856
27301, -16841.00, -16801.36, -11720
27306, -16843.00, -16804.14, -11596
27311, -16844.00, -16806.62, -11477
27316, -16848.00, -16809.01, -11352
27322, -16849.00, -16811.49, -11225
27327, -16851.00, -16813.98, -11100
27332, -16856.00, -16816.54, -10967
27338, -16858.00, -16819.23, -10849
27343, -16860.00, -16821.61, -10719
27348, -16861.00, -16824.25, -10589
27353, -16864.00, -16826.73, -10470
27359, -16868.00, -16829.15, -10352
27363, -16870.00, -16831.54, -10231
27369, -16870.00, -16833.97, -10111
27374, -16873.00, -16836.28, -9991
27379, -16874.00, -16838.55, -9864
27384, -16876.00, -16840.94, -9740
27389, -16879.00, -16843.16, -9611
27395, -16882.00, -16845.63, -9482
27400, -16883.00, -16847.89, -9347
27405, -16885.00, -16850.31, -9216
27410, -16888.00, -16852.56, -9088
27415, -16889.00, -16854.73, -8953
27420, -16893.00, -16857.04, -8820
27425, -16895.00, -16859.29, -8688
27430, -16895.00, -16861.52, -8556
27435, -16898.00, -16863.65, -8417
27441, -16900.00, -16865.83, -8276
27446, -16903.00, -16868.08, -8145
27451, -16904.00, -16870.15, -8005
27456, -16906.00, -16872.35, -7866
27460, -16909.00, -16874.39, -7721
27465, -16910.00, -16876.52, -7587
27470, -16913.00, -16878.50, -7450
27475, -16916.00, -16880.54, -7316
27479, -16916.00, -16882.48, -7162
27484, -16918.00, -16884.57, -7020
27489, -16920.00, -16886.51, -6867
27494, -16921.00, -16888.50, -6711
27498, -16925.00, -16890.52, -6547
27503, -16927.00, -16892.70, -6382
27508, -16928.00, -16894.77, -6212
27513, -16930.00, -16896.87, -6036
27518, -16932.00, -16898.94, -5870
27523, -16933.00, -16900.79, -5694
27528, -16934.00, -16902.68, -5509
27532, -16937.00, -16904.62, -5331
27537, -16938.00, -16906.46, -5141
27542, -16939.00, -16908.34, -4935
27547, -16942.00, -16910.33, -4715
27552, -16944.00, -16912.41, -4508
27557, -16945.00, -16914.18, -4282
27562, -16947.00, -16916.13, -4071
27566, -16950.00, -16917.91, -3821
27572, -16952.00, -16920.06, -3584
27576, -16953.00, -16921.88, -3333
27581, -16955.00, -16923.79, -3057
27586, -16958.00, -16925.83, -2802
27591, -16959.00, -16927.63, -2546
27595, -16959.00, -16929.35, -2278
27600, -16961.00, -16931.01, -1992
27604, -16963.00, -16932.80, -1697
27609, -16967.00, -16934.66, -1373
27614, -16967.00, -16936.75, -1063
27619, -16969.00, -16938.70, -774
27624, -16971.00, -16940.58, -434
27630, -16973.00, -16942.81, -95
27636, -16976.00, -16945.07, 210
27641, -16977.00, -16947.09, 503
27647, -16979.00, -16949.11, 807
27653, -16981.00, -16951.26, 1067
27658, -16982.00, -16953.10, 1330
27663, -16985.00, -16955.04, 1605
27669, -16987.00, -16957.23, 1864
27674, -16990.00, -16959.20, 2118
27679, -16990.00, -16961.21, 2363
27685, -16994.00, -16963.24, 2614
27690, -16994.00, -16965.35, 2853
27696, -16996.00, -16967.28, 3057
27701, -16999.00, -16969.10, 3263
27706, -16999.00, -16970.99, 3476
27710, -17003.00, -16972.70, 3697
27716, -17004.00, -16974.78, 3883
27720, -17005.00, -16976.43, 4067
27725, -17007.00, -16978.12, 4243
27730, -17008.00, -16979.79, 4452
27735, -17010.00, -16981.68, 4642
27740, -17012.00, -16983.51, 4863
27746, -17014.00, -16985.60, 5049
27751, -17015.00, -16987.38, 5253
27757, -17019.00, -16989.40, 5444
27762, -17019.00, -16991.31, 5644
27768, -17022.00, -16993.32, 5839
27773, -17024.00, -16995.27, 6031
27779, -17026.00, -16997.29, 6203
27784, -17027.00, -16999.08, 6403
27790, -17030.00, -17001.14, 6601
27795, -17031.00, -17003.22, 6764
27800, -17034.00, -17004.87, 6952
27806, -17035.00, -17006.88, 7126
27811, -17038.00, -17008.72, 7310
27816, -17038.00, -17010.63, 7485
27821, -17041.00, -17012.46, 7673
27827, -17042.00, -17014.40, 7837
27832, -17044.00, -17016.10, 8027
27837, -17046.00, -17018.07, 8210
27843, -17048.00, -17020.01, 8380
27848, -17049.00, -17021.69, 8542
27853, -17051.00, -17023.36, 8709
27857, -17054.00, -17025.09, 8872
27862, -17055.00, -17026.77, 9034
27867, -17055.00, -17028.41, 9215
27872, -17058.00, -17030.21, 9390
27877, -17059.00, -17031.94, 9552
27882, -17062.00, -17033.57, 9722
27887, -17063.00, -17035.33, 9891
27891, -17065.00, -17036.97, 10056
27896, -17065.00, -17038.55, 10217
27901, -17068.00, -17040.10, 10377
27905, -17069.00, -17041.62, 10542
27910, -17071.00, -17043.19, 10730
27915, -17073.00, -17045.07, 10911
27920, -17074.00, -17046.71, 11085
27924, -17076.00, -17048.30, 11257
27929, -17078.00, -17049.90, 11434
27933, -17079.00, -17051.54, 11638
27939, -17081.00, -17053.36, 11841
27944, -17083.00, -17055.20, 12052
27949, -17084.00, -17057.05, 12284
27955, -17088.00, -17059.02, 12492
27960, -17088.00, -17060.83, 12717
27966, -17091.00, -17062.78, 12949
27971, -17093.00, -17064.65, 13157
27976, -17093.00, -17066.35, 13376
27981, -17096.00, -17068.05, 13588
27986, -17098.00, -17069.71, 13802
27990, -17100.00, -17071.42, 14022
27995, -17102.00, -17073.11, 14241
28000, -17102.00, -17074.75, 14454
28004, -17104.00, -17076.30, 14666
28009, -17106.00, -17077.88, 14912
28014, -17108.00, -17079.77, 15137
28019, -17110.00, -17081.49, 15354
28024, -17111.00, -17083.25, 15577
28029, -17113.00, -17084.99, 15806
28034, -17114.00, -17086.90, 15999
28039, -17116.00, -17088.46, 16225
28045, -17118.00, -17090.45, 16447
28050, -17121.00, -17092.46, 16659
28056, -17121.00, -17094.30, 16866
28061, -17123.00, -17096.21, 17067
28067, -17126.00, -17098.09, 17252
28072, -17127.00, -17099.92, 17444
28078, -17128.00, -17101.78, 17654
28084, -17132.00, -17104.01, 17840
28089, -17133.00, -17105.87, 17998
28094, -17135.00, -17107.57, 18146
28099, -17136.00, -17109.21, 18298
28104, -17139.00, -17110.90, 18445
28109, -17141.00, -17112.67, 18585
28114, -17142.00, -17114.32, 18731
28119, -17144.00, -17116.07, 18873
28124, -17146.00, -17117.82, 19009
28129, -17147.00, -17119.50, 19145
28134, -17148.00, -17121.21, 19270
28138, -17150.00, -17122.76, 19395
28143, -17152.00, -17124.36, 19546
28148, -17154.00, -17126.31, 19685
28154, -17155.00, -17128.12, 19817
28159, -17158.00, -17129.88, 19968
28165, -17160.00, -17131.96, 20110
28170, -17161.00, -17133.90, 20240
28176, -17163.00, -17135.68, 20378
28181, -17167.00, -17137.67, 20519
28187, -17169.00, -17139.76, 20646
28192, -17170.00, -17141.63, 20766
28197, -17172.00, -17143.38, 20887
28202, -17174.00, -17145.14, 21003
28207, -17176.00, -17146.90, 21126
28212, -17177.00, -17148.71, 21252
28217, -17179.00, -17150.60, 21381
28222, -17179.00, -17152.44, 21501
28227, -17183.00, -17154.17, 21616
28232, -17184.00, -17155.85, 21742
28237, -17186.00, -17157.73, 21858
28242, -17188.00, -17159.45, 21987
28248, -17190.00, -17161.44, 22131
28253, -17192.00, -17163.50, 22248
28258, -17193.00, -17165.23, 22382
28264, -17196.00, -17167.18, 22513
28269, -17198.00, -17169.23, 22642
28274, -17201.00, -17171.12, 22771
28280, -17200.00, -17173.03, 22912
28286, -17203.00, -17175.00, 23037
28291, -17207.00, -17176.87, 23167
28296, -17208.00, -17178.81, 23297
28301, -17211.00, -17180.81, 23444
28307, -17214.00, -17183.01, 23586
28312, -17216.00, -17185.08, 23720
28317, -17217.00, -17187.03, 23852
28322, -17217.00, -17188.86, 23982
28327, -17221.00, -17190.64, 24126
28332, -17221.00, -17192.58, 24267
28338, -17224.00, -17194.48, 24399
28342, -17226.00, -17196.20, 24532
28347, -17229.00, -17198.01, 24662
28352, -17231.00, -17199.78, 24798
28356, -17231.00, -17201.56, 24932
28361, -17233.00, -17203.23, 25066
28365, -17235.00, -17204.91, 25203
28370, -17237.00, -17206.61, 25350
28374, -17238.00, -17208.42, 25499
28379, -17240.00, -17210.19, 25674
28385, -17243.00, -17212.32, 25847
28390, -17244.00, -17214.25, 26035
28395, -17247.00, -17216.33, 26217
28401, -17251.00, -17218.45, 26395
28406, -17253.00, -17220.49, 26586
28411, -17254.00, -17222.67, 26789
28416, -17256.00, -17224.71, 26979
28421, -17258.00, -17226.66, 27192
28427, -17260.00, -17228.81, 27399
28432, -17264.00, -17230.87, 27597
28436, -17264.00, -17232.72, 27794
28441, -17268.00, -17234.57, 28005
28446, -17267.00, -17236.49, 28243
28451, -17270.00, -17238.52, 28484
28456, -17273.00, -17240.53, 28753
28461, -17274.00, -17242.70, 29025
28467, -17277.00, -17244.83, 29323
28472, -17280.00, -17247.10, 29614
28477, -17281.00, -17249.20, 29936
28483, -17285.00, -17251.48, 30298
28489, -17286.00, -17253.93, 30666
28495, -17288.00, -17256.24, 31031
28500, -17292.00, -17258.51, 31365
28505, -17295.00, -17260.73, 31687
28510, -17296.00, -17262.86, 31996
28515, -17299.00, -17264.96, 32330
28521, -17301.00, -17267.27, 32616
28525, -17303.00, -17269.22, 32877
28530, -17306.00, -17271.13, 33131
28534, -17309.00, -17273.09, 33395
28539, -17311.00, -17275.23, 33668
28544, -17311.00, -17277.36, 33907
28548, -17317.00, -17279.33, 34159
28553, -17318.00, -17281.59, 34402
28558, -17320.00, -17283.74, 34652
28563, -17322.00, -17286.00, 34892
28568, -17324.00, -17288.22, 35126
28573, -17328.00, -17290.49, 35381
28578, -17330.00, -17293.03, 35623
28584, -17333.00, -17295.55, 35856
28589, -17333.00, -17297.90, 36088
28594, -17337.00, -17300.30, 36313
28599, -17339.00, -17302.70, 36548
28605, -17343.00, -17305.33, 36777
28610, -17345.00, -17307.96, 36983
28615, -17350.00, -17310.36, 37178
28620, -17350.00, -17312.78, 37401
28626, -17355.00, -17315.53, 37601
28632, -17358.00, -17318.28, 37818
28637, -17360.00, -17321.02, 38015
28643, -17363.00, -17323.69, 38192
28648, -17366.00, -17326.10, 38361
28652, -17364.00, -17328.31, 38456
28657, -17360.00, -17330.27, 38483
28661, -17359.00, -17331.88, 38469
28666, -17358.00, -17333.33, 38413
28671, -17353.00, -17334.63, 38326
28676, -17353.00, -17335.74, 38203
28681, -17349.00, -17336.76, 38049
28687, -17345.00, -17337.48, 37890
28692, -17343.00, -17337.90, 37722
28697, -17339.00, -17338.09, 37540
28703, -17337.00, -17338.08, 37368
28708, -17335.00, -17337.96, 37169
28713, -17332.00, -17337.67, 36965
28718, -17330.00, -17337.24, 36772
28723, -17327.00, -17336.72, 36563
28728, -17324.00, -17336.00, 36340
28734, -17323.00, -17335.19, 36122
28739, -17319.00, -17334.30, 35882
28745, -17316.00, -17333.14, 35631
28750, -17313.00, -17331.91, 35391
28755, -17311.00, -17330.62, 35153
28760, -17309.00, -17329.37, 34891
28766, -17307.00, -17327.95, 34634
28771, -17303.00, -17326.51, 34381
28776, -17302.00, -17325.08, 34103
28781, -17299.00, -17323.47, 33815
28786, -17295.00, -17321.76, 33542
28791, -17294.00, -17320.15, 33268
28796, -17292.00, -17318.62, 32967
28801, -17288.00, -17316.82, 32678
28806, -17287.00, -17315.15, 32352
28811, -17285.00, -17313.28, 31974
28817, -17282.00, -17311.24, 31632
28822, -17281.00, -17309.36, 31250
28828, -17275.00, -17307.14, 30862
28834, -17275.00, -17304.81, 30532
28839, -17272.00, -17302.82, 30186
28845, -17270.00, -17300.58, 29867
28850, -17268.00, -17298.58, 29551
28855, -17265.00, -17296.44, 29239
28861, -17263.00, -17294.22, 28954
28866, -17260.00, -17292.07, 28678
28872, -17257.00, -17289.93, 28417
28877, -17256.00, -17287.74, 28183
28882, -17253.00, -17285.75, 27967
28887, -17252.00, -17283.89, 27764
28891, -17250.00, -17282.06, 27564
28896, -17247.00, -17280.19, 27380
28900, -17246.00, -17278.38, 27192
28905, -17245.00, -17276.53, 26990
28910, -17242.00, -17274.48, 26776
28915, -17241.00, -17272.28, 26571
28921, -17237.00, -17270.12, 26377
28926, -17236.00, -17267.91, 26182
28931, -17234.00, -17265.81, 25993
28937, -17232.00, -17263.64, 25810
28942, -17231.00, -17261.51, 25635
28947, -17227.00, -17259.51, 25456
28953, -17225.00, -17257.23, 25297
28958, -17222.00, -17255.20, 25121
28963, -17221.00, -17252.88, 24963
28969, -17218.00, -17250.82, 24811
28974, -17216.00, -17248.72, 24664
28979, -17215.00, -17246.68, 24514
28984, -17212.00, -17244.54, 24366
28989, -17211.00, -17242.50, 24219
28994, -17208.00, -17240.35, 24075
28999, -17206.00, -17238.31, 23933
29005, -17205.00, -17236.21, 23793
29010, -17202.00, -17234.16, 23664
29015, -17201.00, -17232.24, 23527
29020, -17199.00, -17230.17, 23383
29025, -17198.00, -17228.07, 23266
29030, -17195.00, -17226.31, 23127
29035, -17193.00, -17224.14, 23006
29040, -17191.00, -17222.23, 22871
29046, -17189.00, -17220.07, 22731
29051, -17187.00, -17217.94, 22614
29056, -17185.00, -17216.07, 22476
29062, -17184.00, -17213.94, 22343
29067, -17182.00, -17211.89, 22216
29072, -17180.00, -17209.95, 22091
29077, -17178.00, -17208.03, 21971
29082, -17175.00, -17206.09, 21850
29087, -17173.00, -17204.20, 21730
29092, -17171.00, -17202.30, 21611
29097, -17170.00, -17200.40, 21481
29102, -17168.00, -17198.36, 21368
29107, -17167.00, -17196.62, 21259
29111, -17164.00, -17194.91, 21119
29117, -17162.00, -17192.68, 21006
29122, -17162.00, -17190.97, 20882
29127, -17159.00, -17189.10, 20749
29132, -17157.00, -17187.04, 20619
29137, -17156.00, -17185.17, 20503
29142, -17154.00, -17183.46, 20368
29147, -17153.00, -17181.52, 20233
29153, -17149.00, -17179.51, 20107
29157, -17149.00, -17177.73, 19965
29163, -17147.00, -17175.74, 19834
29168, -17146.00, -17173.98, 19694
29173, -17143.00, -17172.09, 19566
29178, -17142.00, -17170.39, 19442
29182, -17140.00, -17168.75, 19312
29187, -17139.00, -17167.06, 19177
29192, -17137.00, -17165.32, 19037
29197, -17135.00, -17163.55, 18888
29202, -17133.00, -17161.65, 18748
29207, -17131.00, -17159.95, 18615
29212, -17129.00, -17158.29, 18458
29217, -17127.00, -17156.35, 18296
29222, -17127.00, -17154.43, 18141
29227, -17123.00, -17152.71, 17966
29233, -17123.00, -17150.66, 17797
29238, -17121.00, -17148.91, 17627
29243, -17117.00, -17147.00, 17439
29248, -17117.00, -17145.04, 17245
29254, -17114.00, -17143.05, 17051
29259, -17112.00, -17141.10, 16827
29266, -17111.00, -17138.87, 16608
29271, -17108.00, -17136.91, 16378
29277, -17107.00, -17134.86, 16140
29283, -17105.00, -17132.83, 15918
29288, -17103.00, -17131.02, 15681
29293, -17101.00, -17129.11, 15452
29298, -17098.00, -17127.29, 15202
29304, -17097.00, -17125.30, 14943
29309, -17095.00, -17123.37, 14692
29315, -17092.00, -17121.40, 14436
29320, -17090.00, -17119.38, 14183
29325, -17089.00, -17117.43, 13944
29331, -17088.00, -17115.53, 13707
29336, -17085.00, -17113.77, 13473
29341, -17084.00, -17111.92, 13254
29346, -17081.00, -17110.17, 13052
29351, -17079.00, -17108.44, 12841
29355, -17078.00, -17106.68, 12616
29361, -17076.00, -17104.75, 12386
29366, -17074.00, -17102.77, 12175
29371, -17072.00, -17100.92, 11966
29376, -17070.00, -17099.02, 11748
29382, -17068.00, -17097.05, 11525
29388, -17066.00, -17095.00, 11318
29393, -17066.00, -17093.13, 11120
29398, -17063.00, -17091.35, 10923
29403, -17062.00, -17089.49, 10740
29408, -17059.00, -17087.83, 10550
29413, -17059.00, -17086.01, 10358
29418, -17056.00, -17084.18, 10165
29424, -17055.00, -17082.35, 9987
29428, -17052.00, -17080.64, 9800
29434, -17051.00, -17078.75, 9617
29439, -17048.00, -17076.95, 9443
29444, -17048.00, -17075.21, 9257
29449, -17045.00, -17073.36, 9064
29455, -17042.00, -17071.36, 8877
29460, -17042.00, -17069.44, 8685
29466, -17040.00, -17067.47, 8478
29472, -17038.00, -17065.46, 8296
29477, -17036.00, -17063.66, 8096
29482, -17034.00, -17061.65, 7910
29488, -17032.00, -17059.79, 7715
29493, -17030.00, -17057.82, 7530
29499, -17028.00, -17055.95, 7341
29504, -17026.00, -17054.04, 7154
29510, -17024.00, -17052.13, 6966
29515, -17022.00, -17050.21, 6781
29520, -17020.00, -17048.29, 6581
29526, -17018.00, -17046.28, 6404
29531, -17016.00, -17044.44, 6216
29537, -17014.00, -17042.55, 6038
29542, -17012.00, -17040.77, 5862
29546, -17012.00, -17039.05, 5691
29551, -17010.00, -17037.42, 5519
29556, -17008.00, -17035.82, 5324
29561, -17005.00, -17033.84, 5130
29566, -17004.00, -17032.06, 4949
29571, -17003.00, -17030.39, 4748
29576, -16999.00, -17028.54, 4535
29582, -16997.00, -17026.51, 4349
29586, -16996.00, -17024.80, 4158
29591, -16993.00, -17022.97, 3928
29597, -16992.00, -17020.87, 3688
29603, -16991.00, -17018.88, 3487
29608, -16989.00, -17017.16, 3264
29613, -16987.00, -17015.33, 3045
29618, -16986.00, -17013.56, 2810
29623, -16984.00, -17011.71, 2580
29628, -16980.00, -17009.86, 2328
29634, -16980.00, -17007.89, 2079
29639, -16977.00, -17005.99, 1832
29644, -16974.00, -17004.13, 1578
29649, -16972.00, -17002.17, 1311
29654, -16971.00, -17000.24, 1049
29659, -16969.00, -16998.34, 748
29665, -16969.00, -16996.35, 474
29670, -16965.00, -16994.63, 162
29676, -16965.00, -16992.60, -179
29681, -16961.00, -16990.48, -530
29687, -16958.00, -16988.33, -842
29692, -16957.00, -16986.48, -1192
29698, -16955.00, -16984.44, -1559
29703, -16953.00, -16982.28, -1884
29709, -16952.00, -16980.37, -2196
29714, -16949.00, -16978.48, -2492
29719, -16947.00, -16976.59, -2781
29724, -16945.00, -16974.60, -3050
29729, -16943.00, -16972.86, -3313
29734, -16941.00, -16971.00, -3566
29739, -16939.00, -16969.15, -3846
29745, -16938.00, -16967.01, -4102
29750, -16937.00, -16965.01, -4346
29755, -16932.00, -16963.12, -4575
29760, -16933.00, -16961.20, -4789
29765, -16930.00, -16959.41, -4996
29770, -16927.00, -16957.53, -5203
29775, -16925.00, -16955.55, -5414
29781, -16923.00, -16953.42, -5614
29786, -16922.00, -16951.41, -5808
29792, -16919.00, -16949.39, -6000
29797, -16917.00, -16947.29, -6197
29803, -16915.00, -16945.14, -6369
29808, -16913.00, -16943.20, -6557
29814, -16912.00, -16941.06, -6730
29819, -16909.00, -16939.02, -6897
29825, -16908.00, -16936.98, -7071
29830, -16904.00, -16934.86, -7234
29836, -16901.00, -16932.51, -7389
29841, -16901.00, -16930.58, -7526
29846, -16898.00, -16928.73, -7663
29852, -16896.00, -16926.72, -7802
29856, -16895.00, -16924.89, -7938
29862, -16893.00, -16922.93, -8071
29867, -16889.00, -16920.96, -8207
29872, -16887.00, -16918.79, -8332
29877, -16886.00, -16916.92, -8454
29882, -16886.00, -16915.15, -8575
29886, -16884.00, -16913.33, -8696
29891, -16881.00, -16911.47, -8822
29896, -16880.00, -16909.57, -8954
29902, -16876.00, -16907.44, -9065
29907, -16875.00, -16905.67, -9196
29912, -16873.00, -16903.49, -9322
29918, -16871.00, -16901.46, -9435
29922, -16870.00, -16899.64, -9557
29928, -16867.00, -16897.58, -9680
29933, -16864.00, -16895.44, -9797
29938, -16862.00, -16893.44, -9920
29944, -16860.00, -16891.28, -10044
29949, -16858.00, -16889.07, -10157
29954, -16856.00, -16887.15, -10270
29960, -16853.00, -16885.05, -10396
29965, -16851.00, -16882.86, -10513
29970, -16850.00, -16880.85, -10626
29975, -16848.00, -16878.89, -10746
29981, -16847.00, -16876.77, -10871
29986, -16843.00, -16874.68, -10985
29991, -16841.00, -16872.66, -11095
29996, -16838.00, -16870.71, -11210
30001, -16836.00, -16868.57, -11318
30006, -16835.00, -16866.68, -11437
30012, -16832.00, -16864.37, -11549
30016, -16829.00, -16862.48, -11654
30021, -16828.00, -16860.54, -11762
30026, -16826.00, -16858.54, -11880
30031, -16824.00, -16856.43, -11992
30036, -16820.00, -16854.43, -12108
30041, -16819.00, -16852.25, -12232
30046, -16816.00, -16849.95, -12362
30052, -16815.00, -16847.62, -12478
30057, -16811.00, -16845.54, -12586
30061, -16810.00, -16843.63, -12695
30066, -16807.00, -16841.67, -12804
30070, -16807.00, -16839.75, -12924
30075, -16804.00, -16837.71, -13041
30080, -16802.00, -16835.68, -13151
30085, -16799.00, -16833.76, -13264
30089, -16796.00, -16831.76, -13379
30094, -16795.00, -16829.73, -13492
30098, -16793.00, -16827.81, -13610
30103, -16791.00, -16825.82, -13726
30107, -16788.00, -16823.83, -13857
30112, -16787.00, -16821.58, -13993
30117, -16783.00, -16819.36, -14126
30122, -16781.00, -16817.11, -14262
30127, -16779.00, -16814.91, -14411
30132, -16777.00, -16812.46, -14560
30138, -16773.00, -16810.10, -14720
30143, -16770.00, -16807.47, -14877
30149, -16768.00, -16804.98, -15037
30154, -16765.00, -16802.59, -15203
30159, -16763.00, -16800.06, -15378
30165, -16761.00, -16797.48, -15544
30170, -16758.00, -16795.13, -15723
30175, -16754.00, -16792.60, -15907
30181, -16752.00, -16789.89, -16101
30186, -16748.00, -16787.30, -16284
30191, -16748.00, -16784.91, -16479
30197, -16744.00, -16782.30, -16699
30202, -16741.00, -16779.63, -16899
30207, -16737.00, -16777.09, -17131
30213, -16735.00, -16774.28, -17375
30219, -16730.00, -16771.29, -17609
30224, -16728.00, -16768.42, -17866
30230, -16725.00, -16765.49, -18097
30235, -16722.00, -16762.89, -18310
30240, -16720.00, -16760.36, -18527
30245, -16716.00, -16757.89, -18734
30250, -16714.00, -16755.37, -18936
30255, -16711.00, -16752.84, -19137
30259, -16706.00, -16750.29, -19328
30264, -16705.00, -16747.81, -19511
30268, -16702.00, -16745.41, -19724
30274, -16699.00, -16742.44, -19942
30279, -16696.00, -16739.57, -20152
30284, -16694.00, -16736.59, -20346
30289, -16689.00, -16733.87, -20554
30295, -16685.00, -16730.90, -20745
30300, -16682.00, -16727.95, -20937
30305, -16679.00, -16725.01, -21140
30310, -16677.00, -16721.84, -21325
30315, -16673.00, -16719.02, -21513
30321, -16669.00, -16715.92, -21693
30325, -16667.00, -16713.10, -21897
30331, -16663.00, -16709.66, -22078
30336, -16659.00, -16706.67, -22272
30342, -16655.00, -16703.16, -22476
30348, -16650.00, -16699.64, -22658
30353, -16646.00, -16696.38, -22853
30359, -16642.00, -16692.78, -23053
30365, -16638.00, -16688.96, -23232
30370, -16635.00, -16685.55, -23419
30376, -16630.00, -16682.02, -23598
30381, -16627.00, -16678.49, -23775
30386, -16622.00, -16675.01, -23954
30392, -16617.00, -16671.42, -24125
30397, -16615.00, -16667.95, -24292
30402, -16610.00, -16664.47, -24463
30407, -16607.00, -16660.91, -24643
30413, -16602.00, -16657.19, -24816
30418, -16596.00, -16653.43, -24978
30423, -16595.00, -16650.11, -25155
30428, -16589.00, -16646.14, -25347
30434, -16583.00, -16641.86, -25513
30439, -16579.00, -16638.38, -25672
30444, -16574.00, -16634.75, -25840
30449, -16569.00, -16630.71, -26010
30454, -16566.00, -16626.85, -26204
30460, -16562.00, -16622.38, -26405
30466, -16556.00, -16617.91, -26581
30471, -16552.00, -16613.91, -26773
30476, -16548.00, -16609.51, -26981
30482, -16544.00, -16604.97, -27178
30488, -16537.00, -16600.82, -27376
30493, -16530.00, -16596.08, -27588
30499, -16524.00, -16591.39, -27797
30505, -16518.00, -16586.47, -27999
30510, -16513.00, -16582.17, -28187
30515, -16509.00, -16577.92, -28374
30519, -16503.00, -16573.71, -28581
30525, -16499.00, -16568.95, -28796
30530, -16492.00, -16564.30, -29015
30535, -16487.00, -16559.49, -29222
30540, -16482.00, -16555.07, -29432
30545, -16479.00, -16550.51, -29647
30550, -16471.00, -16546.08, -29851
30554, -16468.00, -16541.85, -30057
30559, -16462.00, -16537.61, -30266
30563, -16455.00, -16533.28, -30479
30568, -16452.00, -16528.95, -30721
30573, -16446.00, -16524.00, -30975
30578, -16439.00, -16519.07, -31206
30582, -16435.00, -16514.56, -31442
30587, -16430.00, -16510.05, -31694
30592, -16424.00, -16505.22, -31957
30596, -16418.00, -16500.55, -32248
30601, -16412.00, -16495.18, -32517
30606, -16406.00, -16490.28, -32813
30611, -16400.00, -16485.34, -33089
30615, -16392.00, -16480.55, -33382
30620, -16387.00, -16475.56, -33717
30625, -16382.00, -16469.74, -34067
30630, -16373.00, -16464.00, -34386
30635, -16367.00, -16458.38, -34707
30640, -16361.00, -16452.84, -35017
30645, -16353.00, -16447.09, -35344
30650, -16346.00, -16440.82, -35636
30655, -16340.00, -16434.95, -35965
30660, -16331.00, -16428.20, -36268
30666, -16324.00, -16421.25, -36550
30671, -16316.00, -16415.10, -36822
30676, -16310.00, -16408.67, -37111
30682, -16302.00, -16401.29, -37363
30687, -16290.00, -16394.85, -37603
30692, -16284.00, -16388.14, -37841
30697, -16276.00, -16381.24, -38077
30703, -16267.00, -16374.10, -38300
30708, -16260.00, -16367.08, -38531
30714, -16250.00, -16359.30, -38756
30719, -16241.00, -16351.77, -38959
30724, -16230.00, -16344.51, -39154
30729, -16223.00, -16337.14, -39353
30735, -16214.00, -16329.26, -39540
30740, -16204.00, -16321.80, -39719
30745, -16196.00, -16314.18, -39912
30751, -16187.00, -16305.81, -40090
30756, -16178.00, -16297.89, -40256
30761, -16168.00, -16290.31, -40419
30766, -16160.00, -16282.48, -40583
30771, -16151.00, -16274.69, -40731
30776, -16143.00, -16267.20, -40918
30782, -16134.00, -16257.65, -41072
30787, -16124.00, -16249.80, -41241
30793, -16115.00, -16240.49, -41405
30798, -16104.00, -16231.89, -41555
30804, -16095.00, -16223.29, -41705
30809, -16085.00, -16214.92, -41855
30814, -16075.00, -16206.06, -41999
30820, -16064.00, -16197.46, -42134
30824, -16055.00, -16189.33, -42283
30830, -16044.00, -16179.85, -42418
30835, -16034.00, -16171.06, -42570
30841, -16024.00, -16160.88, -42708
30846, -16014.00, -16152.25, -42844
30851, -16005.00, -16143.30, -42976
30856, -15995.00, -16134.44, -43114
30862, -15985.00, -16125.06, -43260
30867, -15975.00, -16115.10, -43393
30872, -15967.00, -16106.42, -43525
30877, -15958.00, -16097.39, -43659
30883, -15949.00, -16088.19, -43800
30888, -15938.00, -16078.83, -43946
30894, -15927.00, -16068.45, -44104
30900, -15914.00, -16057.79, -44245
30905, -15904.00, -16048.38, -44393
30911, -15893.00, -16037.98, -44537
30916, -15886.00, -16028.02, -44673
30921, -15875.00, -16018.75, -44806
30926, -15867.00, -16009.75, -44946
30932, -15857.00, -15999.87, -45087
30937, -15849.00, -15990.66, -45229
30942, -15839.00, -15981.00, -45370
30947, -15831.00, -15971.97, -45508
30952, -15823.00, -15963.08, -45666
30958, -15813.00, -15952.94, -45799
30963, -15804.00, -15944.78, -45934
30968, -15796.00, -15936.26, -46078
30973, -15790.00, -15927.36, -46210
30977, -15780.00, -15919.42, -46366
30983, -15772.00, -15909.95, -46509
30988, -15764.00, -15901.36, -46653
30992, -15756.00, -15893.35, -46809
30998, -15748.00, -15884.21, -46972
31003, -15740.00, -15875.57, -47139
31008, -15732.00, -15866.53, -47323
31014, -15724.00, -15856.94, -47500
31019, -15715.00, -15848.13, -47679
31024, -15707.00, -15839.30, -47882
31030, -15697.00, -15829.47, -48076
31036, -15690.00, -15820.50, -48266
31041, -15681.00, -15811.97, -48458
31046, -15673.00, -15803.71, -48670
31052, -15665.00, -15794.35, -48883
31057, -15659.00, -15785.68, -49102
31063, -15652.00, -15776.89, -49350
31068, -15644.00, -15768.11, -49567
31073, -15638.00, -15760.38, -49784
31078, -15631.00, -15753.15, -49991
31082, -15624.00, -15746.27, -50211
31087, -15618.00, -15739.13, -50427
31092, -15612.00, -15732.33, -50655
31096, -15606.00, -15725.21, -50871
31101, -15600.00, -15718.57, -51089
31105, -15597.00, -15711.91, -51340
31111, -15590.00, -15704.31, -51555
31115, -15583.00, -15697.50, -51772
31120, -15580.00, -15691.04, -51975
31124, -15576.00, -15684.91, -52202
31129, -15568.00, -15677.72, -52426
31134, -15562.00, -15670.93, -52617
31139, -15558.00, -15664.93, -52807
31143, -15553.00, -15658.95, -52996
31148, -15547.00, -15652.99, -53183
31152, -15541.00, -15647.03, -53387
31157, -15536.00, -15640.20, -53613
31163, -15530.00, -15632.87, -53818
31168, -15527.00, -15626.51, -54023
31173, -15520.00, -15619.97, -54234
31179, -15516.00, -15613.17, -54450
31184, -15510.00, -15606.36, -54621
31189, -15505.00, -15600.94, -54810
31194, -15500.00, -15594.73, -55015
31199, -15495.00, -15588.32, -55189
31204, -15491.00, -15582.81, -55374
31209, -15486.00, -15576.82, -55577
31215, -15478.00, -15570.12, -55766
31220, -15476.00, -15564.30, -55953
31226, -15470.00, -15558.42, -56168
31232, -15464.00, -15551.79, -56335
31236, -15459.00, -15546.57, -56517
31242, -15454.00, -15540.93, -56690
31247, -15452.00, -15535.65, -56859
31251, -15447.00, -15530.53, -57015
31256, -15444.00, -15525.87, -57171
31260, -15441.00, -15521.31, -57336
31265, -15436.00, -15516.43, -57495
31270, -15432.00, -15511.83, -57649
31274, -15428.00, -15507.39, -57818
31279, -15424.00, -15502.31, -57996
31284, -15420.00, -15497.49, -58172
31289, -15418.00, -15492.59, -58361
31295, -15412.00, -15487.03, -58553
31300, -15408.00, -15482.24, -58712
31305, -15404.00, -15477.85, -58904
31311, -15401.00, -15472.73, -59079
31316, -15398.00, -15468.20, -59272
31321, -15392.00, -15463.24, -59469
31327, -15387.00, -15458.29, -59646
31332, -15385.00, -15453.88, -59818
31337, -15382.00, -15449.87, -59998
31342, -15378.00, -15445.60, -60184
31347, -15375.00, -15441.37, -60357
31351, -15373.00, -15437.45, -60546
31356, -15367.00, -15433.28, -60724
31361, -15366.00, -15429.55, -60897
31366, -15362.00, -15425.91, -61085
31371, -15360.00, -15421.94, -61273
31375, -15357.00, -15418.33, -61448
31380, -15354.00, -15414.90, -61634
31384, -15351.00, -15411.35, -61813
31389, -15348.00, -15407.95, -62006
31394, -15344.00, -15404.37, -62226
31399, -15342.00, -15400.45, -62430
31404, -15338.00, -15396.96, -62625
31408, -15335.00, -15393.56, -62846
31413, -15333.00, -15389.90, -63064
31418, -15331.00, -15386.43, -63305
31423, -15329.00, -15382.88, -63549
31429, -15324.00, -15379.17, -63817
31434, -15321.00, -15375.47, -64081
31439, -15318.00, -15371.81, -64330
31444, -15315.00, -15368.50, -64632
31450, -15314.00, -15364.69, -64913
31455, -15311.00, -15361.37, -65221
31461, -15308.00, -15357.83, -65538
31467, -15303.00, -15354.37, -65829
31471, -15302.00, -15351.30, -66109
31476, -15298.00, -15348.43, -66397
31481, -15296.00, -15345.51, -66712
31486, -15293.00, -15342.29, -67049
31491, -15292.00, -15339.05, -67370
31496, -15289.00, -15335.94, -67691
31502, -15286.00, -15332.85, -67991
31507, -15282.00, -15329.73, -68324
31513, -15278.00, -15326.08, -68643
31519, -15275.00, -15322.73, -68915
31524, -15274.00, -15319.68, -69217
31530, -15271.00, -15316.18, -69484
31535, -15268.00, -15313.28, -69752
31541, -15264.00, -15309.98, -70005
31546, -15265.00, -15307.01, -70240
31551, -15261.00, -15304.21, -70466
31557, -15257.00, -15301.16, -70714
31563, -15255.00, -15297.85, -70939
31568, -15252.00, -15295.00, -71170
31574, -15250.00, -15291.77, -71396
31580, -15247.00, -15288.61, -71602
31586, -15246.00, -15285.73, -71789
31591, -15243.00, -15283.10, -71965
31599, -15237.00, -15279.25, -72202
31604, -15235.00, -15276.67, -72359
31608, -15233.00, -15274.15, -72514
31613, -15232.00, -15271.60, -72661
31618, -15229.00, -15269.25, -72814
31623, -15228.00, -15266.73, -72965
31628, -15227.00, -15264.26, -73109
31633, -15222.00, -15261.83, -73243
31638, -15220.00, -15259.55, -73393
31643, -15221.00, -15256.97, -73536
31649, -15215.00, -15254.46, -73680
31654, -15215.00, -15251.96, -73831
31660, -15211.00, -15249.25, -73968
31665, -15210.00, -15246.84, -74095
31670, -15208.00, -15244.60, -74233
31675, -15206.00, -15242.08, -74387
31681, -15203.00, -15239.37, -74512
31686, -15201.00, -15237.11, -74653
31692, -15200.00, -15234.51, -74776
31697, -15198.00, -15232.42, -74894
31702, -15194.00, -15230.19, -75023
31707, -15194.00, -15227.87, -75133
31712, -15190.00, -15225.80, -75240
31716, -15190.00, -15223.80, -75344
31721, -15187.00, -15221.86, -75452
31726, -15186.00, -15219.75, -75558
31730, -15184.00, -15217.84, -75667
31735, -15180.00, -15215.74, -75792
31740, -15180.00, -15213.36, -75900
31745, -15178.00, -15211.39, -76019
31751, -15176.00, -15209.14, -76146
31756, -15175.00, -15206.93, -76280
31762, -15172.00, -15204.51, -76405
31767, -15170.00, -15202.26, -76538
31773, -15166.00, -15199.82, -76674
31779, -15000.00, -15191.33, -76797
31785, -15162.00, -15184.03, -76914
31790, -15161.00, -15182.65, -77035
31795, -15158.00, -15181.14, -77171
31801, -15157.00, -15179.45, -77288
31806, -15155.00, -15177.96, -77417
31812, -15153.00, -15176.34, -77551
31818, -15152.00, -15174.68, -77677
31823, -15147.00, -15173.04, -77795
31828, -15145.00, -15171.37, -77915
31833, -15144.00, -15169.77, -78027
31838, -15142.00, -15168.21, -78154
31843, -15140.00, -15166.46, -78264
31847, -15138.00, -15164.94, -78385
31852, -15138.00, -15163.31, -78496
31857, -15137.00, -15161.90, -78628
31862, -15134.00, -15160.14, -78755
31867, -15132.00, -15158.48, -78882
31872, -15131.00, -15156.83, -79024
31878, -15128.00, -15155.04, -79164
31883, -15126.00, -15153.20, -79308
31889, -15123.00, -15151.29, -79447
31894, -15122.00, -15149.46, -79603
31900, -15120.00, -15147.49, -79749
31905, -15119.00, -15145.61, -79911
31911, -15116.00, -15143.68, -80076
31917, -15115.00, -15141.72, -80232
31922, -15113.00, -15139.99, -80390
31927, -15110.00, -15138.11, -80568
31933, -15108.00, -15136.12, -80721
31938, -15106.00, -15134.41, -80892
31943, -15105.00, -15132.53, -81065
31948, -15103.00, -15130.61, -81244
31953, -15099.00, -15128.79, -81428
31959, -15098.00, -15126.78, -81621
31965, -15097.00, -15124.80, -81808
31969, -15095.00, -15123.09, -82000
31975, -15093.00, -15121.26, -82185
31979, -15090.00, -15119.52, -82370
31984, -15089.00, -15117.80, -82581
31989, -15089.00, -15115.95, -82836
31995, -15086.00, -15113.84, -83068
32001, -15083.00, -15111.93, -83299
32006, -15082.00, -15109.94, -83531
32011, -15082.00, -15108.22, -83750
32016, -15080.00, -15106.57, -84000
32022, -15078.00, -15104.57, -84240
32028, -15075.00, -15102.71, -84461
32033, -15072.00, -15100.88, -84669
32038, -15072.00, -15099.12, -84874
32043, -15069.00, -15097.45, -85091
32048, -15068.00, -15095.48, -85304
32053, -15067.00, -15093.76, -85494
32058, -15065.00, -15092.14, -85685
32063, -15063.00, -15090.42, -85877
32068, -15062.00, -15088.73, -86084
32074, -15059.00, -15086.87, -86292
32079, -15057.00, -15084.86, -86497
32085, -15054.00, -15082.93, -86699
32090, -15052.00, -15080.92, -86897
32096, -15051.00, -15078.97, -87088
32101, -15049.00, -15077.09, -87278
32106, -15047.00, -15075.22, -87500
32113, -15046.00, -15073.01, -87698
32118, -15043.00, -15071.06, -87881
32124, -15042.00, -15069.25, -88053
32129, -15039.00, -15067.52, -88220
32133, -15038.00, -15065.79, -88390
32138, -15037.00, -15064.05, -88558
32143, -15035.00, -15062.38, -88716
32148, -15033.00, -15060.77, -88870
32153, -15032.00, -15059.19, -89019
32157, -15030.00, -15057.66, -89166
32161, -15028.00, -15056.11, -89312
32166, -15025.00, -15054.52, -89489
32171, -15025.00, -15052.58, -89659
32176, -15024.00, -15050.85, -89833
32182, -15021.00, -15049.05, -89984
32186, -15020.00, -15047.49, -90132
32190, -15018.00, -15045.96, -90280
32195, -15016.00, -15044.39, -90445
32200, -15014.00, -15042.64, -90610
32205, -15013.00, -15040.79, -90787
32210, -15012.00, -15038.97, -90951
32215, -15010.00, -15037.33, -91120
32220, -15008.00, -15035.62, -91304
32225, -15006.00, -15033.73, -91489
32231, -15004.00, -15031.83, -91650
32236, -15001.00, -15030.17, -91831
32241, -14999.00, -15028.10, -92025
32246, -14999.00, -15026.23, -92198
32251, -14997.00, -15024.50, -92369
32256, -14996.00, -15022.85, -92564
32262, -14994.00, -15020.79, -92770
32267, -14990.00, -15019.05, -92954
32272, -14991.00, -15017.29, -93122
32277, -14988.00, -15015.75, -93323
32282, -14987.00, -15013.89, -93518
32288, -14986.00, -15012.17, -93741
32293, -14984.00, -15010.26, -93951
32299, -14981.00, -15008.39, -94154
32304, -14979.00, -15006.69, -94377
32309, -14976.00, -15004.77, -94587
32314, -14976.00, -15002.98, -94800
32320, -14972.00, -15001.13, -95032
32325, -14971.00, -14999.10, -95308
32331, -14970.00, -14996.97, -95547
32337, -14967.00, -14995.15, -95832
32343, -14965.00, -14993.00, -96101
32348, -14962.00, -14991.00, -96357
32354, -14962.00, -14989.17, -96622
32359, -14961.00, -14987.38, -96903
32364, -14956.00, -14985.47, -97170
32369, -14956.00, -14983.70, -97449
32374, -14954.00, -14981.90, -97741
32380, -14953.00, -14980.09, -98042
32385, -14949.00, -14978.29, -98340
32390, -14949.00, -14976.56, -98684
32395, -14946.00, -14974.59, -99042
32401, -14944.00, -14972.56, -99396
32406, -14943.00, -14970.68, -99787
32412, -14940.00, -14968.55, -100144
32418, -14939.00, -14966.63, -100466
32423, -14938.00, -14964.92, -100747
32427, -14936.00, -14963.37, -101059
32432, -14935.00, -14961.58, -101335
32437, -14933.00, -14960.00, -101587
32442, -14930.00, -14958.42, -101837
32446, -14928.00, -14956.82, -102077
32451, -14928.00, -14955.20, -102313
32455, -14925.00, -14953.62, -102539
32460, -14923.00, -14951.97, -102759
32464, -14923.00, -14950.39, -102973
32469, -14922.00, -14948.84, -103196
32474, -14919.00, -14947.10, -103442
32479, -14918.00, -14945.19, -103641
32484, -14917.00, -14943.62, -103847
32489, -14914.00, -14941.90, -104055
32494, -14911.00, -14940.02, -104238
32499, -14911.00, -14938.34, -104423
32504, -14910.00, -14936.73, -104624
32509, -14906.00, -14934.85, -104811
32514, -14906.00, -14933.06, -104974
32519, -14903.00, -14931.44, -105155
32524, -14901.00, -14929.51, -105350
32530, -14899.00, -14927.47, -105511
32535, -14898.00, -14925.77, -105691
32540, -14895.00, -14923.74, -105847
32545, -14893.00, -14922.02, -106005
32550, -14892.00, -14920.18, -106170
32556, -14890.00, -14918.26, -106348
32562, -14887.00, -14916.04, -106515
32567, -14884.00, -14914.00, -106663
32572, -14884.00, -14912.13, -106806
32577, -14881.00, -14910.33, -106945
32582, -14880.00, -14908.60, -107083
32587, -14877.00, -14906.72, -107242
32593, -14876.00, -14904.65, -107384
32598, -14875.00, -14902.75, -107519
32603, -14873.00, -14901.04, -107697
32610, -14869.00, -14898.51, -107905
32618, -14866.00, -14895.63, -108037
32624, -14864.00, -14893.51, -108188
32630, -14862.00, -14891.35, -108321
32635, -14860.00, -14889.50, -108460
32640, -14857.00, -14887.44, -108601
32646, -14855.00, -14885.28, -108735
32651, -14854.00, -14883.25, -108877
32657, -14855.00, -14881.21, -108940
32662, -14856.00, -14879.66, -108953
32667, -14860.00, -14878.32, -108925
32673, -14861.00, -14877.11, -108872
32678, -14864.00, -14876.18, -108789
32683, -14866.00, -14875.43, -108700
32688, -14868.00, -14874.90, -108601
32694, -14868.00, -14874.47, -108485
32699, -14870.00, -14874.09, -108374
32704, -14872.00, -14873.91, -108255
32710, -14875.00, -14873.88, -108123
32715, -14876.00, -14873.98, -108007
32720, -14879.00, -14874.19, -107887
32724, -14880.00, -14874.49, -107759
32729, -14882.00, -14874.90, -107623
32734, -14885.00, -14875.44, -107481
32740, -14887.00, -14876.13, -107334
32745, -14889.00, -14876.92, -107187
32751, -14890.00, -14877.71, -107058
32755, -14893.00, -14878.50, -106927
32760, -14893.00, -14879.30, -106797
32764, -14896.00, -14880.15, -106661
32769, -14897.00, -14881.09, -106529
32774, -14899.00, -14882.03, -106397
32778, -14901.00, -14882.99, -106262
32782, -14903.00, -14884.03, -106121
32787, -14905.00, -14885.15, -105961
32792, -14906.00, -14886.42, -105794
32798, -14908.00, -14887.78, -105634
32802, -14909.00, -14888.97, -105458
32808, -14912.00, -14890.39, -105292
32813, -14914.00, -14891.72, -105123
32817, -14915.00, -14893.08, -104950
32822, -14917.00, -14894.45, -104761
32828, -14920.00, -14896.00, -104578
32832, -14921.00, -14897.44, -104383
32838, -14923.00, -14899.02, -104179
32843, -14924.00, -14900.55, -103968
32848, -14926.00, -14902.18, -103732
32854, -14928.00, -14903.80, -103480
32860, -14932.00, -14905.68, -103243
32865, -14933.00, -14907.37, -102981
32871, -14934.00, -14909.18, -102692
32877, -14937.00, -14911.08, -102419
32882, -14938.00, -14912.79, -102172
32887, -14940.00, -14914.29, -101928
32891, -14941.00, -14915.76, -101639
32896, -14944.00, -14917.44, -101335
32901, -14946.00, -14919.16, -100998
32907, -14948.00, -14921.06, -100644
32912, -14950.00, -14922.89, -100315
32917, -14951.00, -14924.54, -99959
32923, -14953.00, -14926.42, -99583
32928, -14957.00, -14928.31, -99239
32934, -14956.00, -14930.11, -98905
32939, -14959.00, -14931.87, -98577
32944, -14961.00, -14933.64, -98241
32950, -14963.00, -14935.51, -97920
32955, -14966.00, -14937.50, -97566
32961, -14966.00, -14939.63, -97242
32967, -14968.00, -14941.45, -96918
32973, -14972.00, -14943.54, -96606
32979, -14973.00, -14945.61, -96343
32984, -14974.00, -14947.36, -96038
32990, -14977.00, -14949.44, -95775
32995, -14979.00, -14951.33, -95527
33001, -14981.00, -14953.17, -95243
33007, -14982.00, -14955.32, -94980
33013, -14985.00, -14957.38, -94744
33018, -14987.00, -14959.16, -94524
33023, -14989.00, -14960.96, -94292
33029, -14990.00, -14962.95, -94077
33034, -14993.00, -14964.71, -93847
33040, -14994.00, -14966.73, -93620
33045, -14997.00, -14968.67, -93415
33051, -14999.00, -14970.57, -93217
33056, -15000.00, -14972.40, -93012
33061, -15002.00, -14974.30, -92811
33067, -15003.00, -14976.15, -92620
33072, -15006.00, -14977.94, -92428
33077, -15008.00, -14979.84, -92240
33083, -15010.00, -14981.77, -92053
33088, -15012.00, -14983.62, -91859
33094, -15014.00, -14985.57, -91676
33099, -15015.00, -14987.49, -91493
33104, -15017.00, -14989.29, -91321
33109, -15021.00, -14991.07, -91146
33114, -15020.00, -14992.89, -90972
33119, -15023.00, -14994.67, -90814
33124, -15026.00, -14996.33, -90657
33128, -15027.00, -14998.03, -90505
33133, -15027.00, -14999.66, -90337
33138, -15028.00, -15001.30, -90180
33142, -15032.00, -15002.91, -90002
33148, -15033.00, -15004.92, -89834
33153, -15034.00, -15006.57, -89665
33158, -15036.00, -15008.29, -89477
33163, -15039.00, -15010.23, -89324
33168, -15040.00, -15011.83, -89137
33173, -15044.00, -15013.89, -88939
33179, -15044.00, -15016.04, -88774
33184, -15047.00, -15017.71, -88616
33188, -15047.00, -15019.36, -88448
33193, -15049.00, -15021.08, -88277
33198, -15050.00, -15022.82, -88089
33204, -15053.00, -15024.77, -87883
33210, -15054.00, -15026.82, -87696
33215, -15056.00, -15028.59, -87514
33220, -15058.00, -15030.33, -87317
33226, -15061.00, -15032.35, -87133
33231, -15063.00, -15034.13, -86951
33236, -15064.00, -15035.91, -86745
33241, -15065.00, -15037.81, -86558
33246, -15068.00, -15039.55, -86374
33251, -15069.00, -15041.27, -86197
33256, -15071.00, -15042.89, -86019
33260, -15074.00, -15044.54, -85835
33265, -15075.00, -15046.26, -85651
33270, -15077.00, -15047.93, -85468
33274, -15078.00, -15049.53, -85285
33278, -15079.00, -15051.10, -85098
33283, -15080.00, -15052.66, -84887
33288, -15082.00, -15054.37, -84660
33293, -15087.00, -15056.28, -84429
33298, -15088.00, -15058.28, -84191
33304, -15088.00, -15060.27, -83929
33309, -15091.00, -15062.24, -83694
33315, -15094.00, -15064.16, -83430
33320, -15095.00, -15066.32, -83174
33326, -15096.00, -15068.31, -82943
33331, -15098.00, -15070.11, -82733
33336, -15099.00, -15071.81, -82507
33342, -15103.00, -15073.75, -82307
33347, -15105.00, -15075.61, -82095
33352, -15106.00, -15077.45, -81907
33357, -15109.00, -15079.26, -81713
33362, -15110.00, -15081.12, -81541
33366, -15111.00, -15082.73, -81370
33371, -15113.00, -15084.43, -81189
33376, -15114.00, -15086.25, -81013
33381, -15117.00, -15088.06, -80858
33386, -15119.00, -15089.73, -80707
33390, -15119.00, -15091.35, -80536
33396, -15122.00, -15093.29, -80359
33401, -15124.00, -15095.21, -80212
33406, -15127.00, -15096.97, -80075
33410, -15128.00, -15098.63, -79921
33415, -15130.00, -15100.56, -79755
33421, -15133.00, -15102.64, -79582
33427, -15133.00, -15104.85, -79430
33432, -15136.00, -15106.80, -79273
33438, -15138.00, -15108.79, -79140
33443, -15140.00, -15110.58, -79010
33448, -15142.00, -15112.38, -78880
33453, -15144.00, -15114.29, -78733
33458, -15147.00, -15116.25, -78615
33462, -15148.00, -15117.98, -78493
33467, -15149.00, -15119.70, -78360
33472, -15151.00, -15121.65, -78228
33478, -15154.00, -15123.65, -78089
33483, -15156.00, -15125.67, -77962
33488, -15159.00, -15127.67, -77826
33494, -15160.00, -15129.84, -77687
33499, -15163.00, -15131.94, -77563
33504, -15165.00, -15133.93, -77428
33510, -15167.00, -15136.06, -77295
33515, -15169.00, -15138.23, -77152
33521, -15172.00, -15140.59, -77005
33527, -15175.00, -15142.93, -76868
33533, -15176.00, -15145.12, -76740
33538, -15179.00, -15147.28, -76604
33544, -15181.00, -15149.44, -76454
33550, -15183.00, -15151.88, -76328
33555, -15186.00, -15153.95, -76207
33560, -15188.00, -15155.94, -76076
33565, -15189.00, -15158.04, -75962
33570, -15192.00, -15159.88, -75835
33575, -15195.00, -15162.08, -75697
33581, -15198.00, -15164.50, -75575
33586, -15199.00, -15166.53, -75447
33591, -15201.00, -15168.69, -75303
33597, -15204.00, -15171.01, -75173
33602, -15206.00, -15173.16, -75044
33607, -15208.00, -15175.19, -74928
33612, -15208.00, -15176.97, -74797
33617, -15212.00, -15179.02, -74668
33622, -15215.00, -15181.05, -74518
33627, -15218.00, -15183.55, -74378
33632, -15221.00, -15185.74, -74239
33637, -15222.00, -15187.99, -74094
33643, -15224.00, -15190.20, -73945
33648, -15225.00, -15192.46, -73798
33653, -15229.00, -15194.65, -73630
33659, -15232.00, -15197.27, -73468
33665, -15235.00, -15199.60, -73315
33670, -15237.00, -15201.86, -73164
33675, -15238.00, -15204.01, -73018
33679, -15243.00, -15206.10, -72873
33684, -15244.00, -15208.20, -72724
33689, -15245.00, -15210.24, -72575
33693, -15249.00, -15212.37, -72418
33698, -15251.00, -15214.47, -72259
33703, -15253.00, -15216.59, -72085
33708, -15255.00, -15218.94, -71915
33712, -15257.00, -15221.03, -71752
33717, -15260.00, -15223.09, -71590
33721, -15261.00, -15225.12, -71394
33727, -15266.00, -15227.59, -71186
33732, -15267.00, -15230.07, -70982
33737, -15271.00, -15232.51, -70783
33742, -15273.00, -15234.83, -70557
33747, -15276.00, -15237.53, -70322
33753, -15278.00, -15240.08, -70080
33758, -15279.00, -15242.71, -69833
33764, -15283.00, -15245.14, -69573
33769, -15285.00, -15247.75, -69333
33774, -15288.00, -15250.02, -69042
33780, -15291.00, -15252.77, -68790
33784, -15294.00, -15255.04, -68540
33789, -15296.00, -15257.24, -68271
33794, -15299.00, -15259.58, -67985
33798, -15301.00, -15261.97, -67678
33803, -15305.00, -15264.51, -67366
33809, -15306.00, -15267.05, -67080
33813, -15309.00, -15269.32, -66809
33818, -15312.00, -15271.55, -66529
33822, -15314.00, -15273.99, -66188
33828, -15317.00, -15276.84, -65904
33833, -15321.00, -15279.36, -65591
33839, -15323.00, -15282.23, -65282
33844, -15327.00, -15285.18, -65001
33850, -15330.00, -15288.04, -64692
33855, -15333.00, -15291.04, -64388
33861, -15336.00, -15294.14, -64125
33867, -15340.00, -15296.98, -63886
33871, -15342.00, -15299.58, -63660
33876, -15346.00, -15302.17, -63422
33881, -15350.00, -15305.08, -63192
33886, -15352.00, -15307.89, -62995
33891, -15355.00, -15310.41, -62790
33896, -15357.00, -15313.01, -62599
33900, -15359.00, -15315.49, -62401
33905, -15362.00, -15318.16, -62177
33910, -15367.00, -15321.22, -61993
33915, -15369.00, -15323.82, -61784
33920, -15372.00, -15326.84, -61564
33926, -15376.00, -15330.08, -61350
33931, -15379.00, -15333.21, -61137
33937, -15384.00, -15336.60, -60929
33943, -15388.00, -15339.90, -60718
33948, -15391.00, -15343.26, -60515
33954, -15395.00, -15346.81, -60281
33960, -15398.00, -15350.54, -60086
33966, -15403.00, -15353.95, -59889
33972, -15409.00, -15357.48, -59714
33977, -15411.00, -15360.71, -59525
33982, -15415.00, -15364.24, -59346
33987, -15420.00, -15367.67, -59167
33993, -15423.00, -15371.10, -58981
33998, -15428.00, -15374.72, -58805
34003, -15431.00, -15378.18, -58632
34009, -15434.00, -15381.61, -58455
34014, -15438.00, -15385.17, -58273
34019, -15443.00, -15388.68, -58104
34024, -15447.00, -15392.12, -57916
34030, -15453.00, -15396.14, -57756
34035, -15455.00, -15399.44, -57593
34039, -15461.00, -15402.87, -57411
34045, -15464.00, -15406.90, -57237
34050, -15469.00, -15410.65, -57066
34055, -15474.00, -15414.37, -56903
34060, -15478.00, -15417.97, -56724
34065, -15484.00, -15422.00, -56543
34071, -15489.00, -15426.35, -56352
34076, -15494.00, -15430.67, -56161
34082, -15499.00, -15435.19, -55971
34087, -15505.00, -15439.60, -55783
34093, -15510.00, -15444.14, -55585
34098, -15515.00, -15448.77, -55399
34104, -15519.00, -15453.22, -55196
34109, -15527.00, -15458.07, -54993
34115, -15531.00, -15462.86, -54811
34120, -15537.00, -15467.17, -54608
34126, -15544.00, -15472.37, -54395
34131, -15550.00, -15477.40, -54201
34137, -15556.00, -15482.23, -54002
34142, -15562.00, -15487.10, -53782
34148, -15569.00, -15492.68, -53578
34153, -15573.00, -15497.63, -53358
34158, -15581.00, -15503.03, -53143
34164, -15587.00, -15508.29, -52914
34169, -15590.00, -15513.78, -52672
34175, -15599.00, -15519.45, -52408
34182, -15607.00, -15525.84, -52157
34187, -15615.00, -15531.74, -51909
34193, -15621.00, -15537.54, -51651
34199, -15628.00, -15543.78, -51396
34204, -15633.00, -15549.33, -51155
34209, -15641.00, -15554.72, -50909
34214, -15648.00, -15560.57, -50664
34220, -15655.00, -15566.44, -50432
34225, -15661.00, -15572.07, -50206
34230, -15667.00, -15577.54, -49999
34234, -15674.00, -15582.80, -49807
34239, -15682.00, -15588.00, -49619
34243, -15687.00, -15593.24, -49427
34248, -15693.00, -15598.83, -49226
34253, -15702.00, -15604.69, -49047
34258, -15710.00, -15610.70, -48858
34263, -15717.00, -15616.82, -48652
34268, -15723.00, -15623.24, -48465
34273, -15731.00, -15629.61, -48292
34278, -15738.00, -15635.80, -48122
34282, -15746.00, -15642.00, -47936
34288, -15754.00, -15649.01, -47765
34293, -15761.00, -15655.50, -47600
34298, -15771.00, -15662.13, -47447
34302, -15778.00, -15668.55, -47275
34308, -15785.00, -15675.96, -47119
34313, -15793.00, -15682.79, -46960
34318, -15802.00, -15690.09, -46798
34323, -15811.00, -15697.55, -46662
34328, -15819.00, -15703.99, -46527
34332, -15826.00, -15710.55, -46385
34337, -15834.00, -15717.89, -46249
34342, -15842.00, -15724.56, -46100
34347, -15852.00, -15732.46, -45964
34352, -15858.00, -15739.63, -45820
34357, -15868.00, -15747.41, -45686
34362, -15878.00, -15755.05, -45545
34367, -15886.00, -15762.93, -45408
34372, -15896.00, -15770.80, -45268
34378, -15905.00, -15779.42, -45135
34382, -15914.00, -15787.04, -44990
34388, -15923.00, -15795.79, -44860
34393, -15934.00, -15803.87, -44723
34398, -15943.00, -15812.46, -44584
34404, -15953.00, -15821.62, -44431
34409, -15963.00, -15831.13, -44288
34415, -15972.00, -15840.15, -44136
34421, -15982.00, -15849.91, -43998
34426, -15992.00, -15859.00, -43855
34432, -16003.00, -15868.44, -43715
34437, -16013.00, -15877.70, -43579
34442, -16024.00, -15886.57, -43450
34447, -16032.00, -15895.22, -43316
34453, -16044.00, -15904.27, -43176
34458, -16054.00, -15913.89, -43033
34464, -16064.00, -15923.77, -42897
34469, -16073.00, -15933.07, -42772
34474, -16082.00, -15941.50, -42645
34479, -16090.00, -15950.01, -42507
34484, -16101.00, -15959.33, -42362
34489, -16111.00, -15969.31, -42211
34495, -16120.00, -15979.60, -42058
34501, -16128.00, -15988.83, -41902
34506, -16138.00, -15998.82, -41756
34512, -16147.00, -16008.05, -41596
34517, -16160.00, -16018.08, -41445
34523, -16169.00, -16027.54, -41270
34529, -16181.00, -16038.40, -41118
34534, -16187.00, -16047.47, -40966
34539, -16198.00, -16056.60, -40802
34544, -16206.00, -16066.31, -40640
34550, -16215.00, -16075.40, -40477
34555, -16222.00, -16084.82, -40304
34560, -16231.00, -16094.18, -40135
34566, -16239.00, -16103.19, -39970
34571, -16247.00, -16111.61, -39805
34576, -16255.00, -16119.95, -39635
34581, -16263.00, -16128.58, -39459
34586, -16271.00, -16137.01, -39276
34591, -16278.00, -16145.47, -39076
34596, -16286.00, -16154.89, -38874
34601, -16295.00, -16163.31, -38662
34607, -16305.00, -16172.95, -38428
34613, -16313.00, -16182.39, -38186
34619, -16323.00, -16191.95, -37958
34624, -16329.00, -16201.01, -37698
34630, -16337.00, -16210.13, -37442
34636, -16346.00, -16218.97, -37179
34642, -16352.00, -16228.20, -36893
34647, -16358.00, -16236.70, -36621
34652, -16368.00, -16244.89, -36344
34657, -16375.00, -16252.80, -36058
34663, -16381.00, -16260.71, -35776
34667, -16386.00, -16267.82, -35467
34673, -16393.00, -16275.63, -35163
34677, -16400.00, -16282.69, -34855
34682, -16406.00, -16289.81, -34519
34688, -16412.00, -16297.47, -34198
34693, -16418.00, -16304.62, -33882
34697, -16424.00, -16311.49, -33572
34703, -16430.00, -16318.63, -33255
34708, -16435.00, -16325.66, -32943
34713, -16443.00, -16333.10, -32642
34718, -16450.00, -16340.05, -32339
34723, -16453.00, -16346.96, -32031
34729, -16461.00, -16354.52, -31721
34735, -16468.00, -16362.19, -31431
34740, -16473.00, -16369.59, -31176
34745, -16479.00, -16375.90, -30942
34750, -16483.00, -16381.88, -30708
34755, -16489.00, -16388.03, -30474
34760, -16494.00, -16394.35, -30244
34764, -16499.00, -16400.42, -30011
34770, -16504.00, -16406.71, -29792
34775, -16510.00, -16412.88, -29550
34780, -16515.00, -16419.51, -29327
34785, -16520.00, -16425.74, -29112
34790, -16525.00, -16431.71, -28889
34796, -16530.00, -16438.06, -28689
34801, -16535.00, -16443.68, -28496
34805, -16538.00, -16449.07, -28303
34810, -16544.00, -16454.54, -28122
34815, -16549.00, -16459.76, -27933
34820, -16553.00, -16465.27, -27719
34826, -16558.00, -16471.71, -27518
34831, -16561.00, -16477.35, -27323
34836, -16567.00, -16482.97, -27124
34842, -16571.00, -16488.72, -26919
34848, -16576.00, -16494.69, -26721
34853, -16581.00, -16500.46, -26531
34859, -16588.00, -16506.33, -26335
34865, -16593.00, -16511.91, -26150
34870, -16595.00, -16517.36, -25954
34876, -16601.00, -16523.04, -25770
34881, -16604.00, -16528.28, -25588
34887, -16609.00, -16533.47, -25401
34892, -16612.00, -16538.61, -25220
34898, -16617.00, -16543.79, -25041
34903, -16621.00, -16548.57, -24858
34909, -16626.00, -16553.70, -24691
34914, -16630.00, -16558.18, -24528
34919, -16634.00, -16562.74, -24342
34924, -16638.00, -16567.72, -24157
34930, -16642.00, -16572.58, -23981
34935, -16645.00, -16577.07, -23794
34941, -16649.00, -16581.85, -23598
34947, -16653.00, -16586.89, -23408
34952, -16656.00, -16591.48, -23197
34959, -16662.00, -16596.77, -22997
34965, -16666.00, -16601.46, -22817
34970, -16670.00, -16605.64, -22645
34975, -16673.00, -16609.62, -22473
34980, -16677.00, -16613.64, -22289
34985, -16681.00, -16617.75, -22118
34990, -16682.00, -16621.57, -21928
34995, -16686.00, -16625.81, -21727
35001, -16689.00, -16629.80, -21537
35006, -16694.00, -16633.79, -21352
35011, -16696.00, -16637.65, -21158
35017, -16699.00, -16641.47, -20977
35021, -16702.00, -16644.92, -20790
35026, -16706.00, -16648.44, -20605
35031, -16709.00, -16651.94, -20395
35037, -16712.00, -16655.95, -20177
35042, -16714.00, -16659.64, -19959
35047, -16720.00, -16663.44, -19734
35053, -16721.00, -16667.25, -19496
35059, -16725.00, -16671.15, -19260
35064, -16729.00, -16674.91, -18999
35070, -16731.00, -16678.96, -18753
35076, -16735.00, -16682.61, -18511
35081, -16737.00, -16686.13, -18244
35087, -16741.00, -16689.89, -18007
35093, -16745.00, -16693.32, -17769
35098, -16746.00, -16696.68, -17527
35104, -16750.00, -16700.30, -17299
35109, -16751.00, -16703.37, -17074
35114, -16756.00, -16706.70, -16865
35119, -16758.00, -16709.73, -16643
35125, -16759.00, -16713.12, -16438
35130, -16764.00, -16716.24, -16239
35135, -16766.00, -16719.42, -16055
35140, -16771.00, -16722.38, -15860
35146, -16773.00, -16725.61, -15686
35151, -16775.00, -16728.60, -15516
35156, -16779.00, -16731.42, -15364
35160, -16779.00, -16734.02, -15209
35165, -16783.00, -16736.79, -15053
35170, -16784.00, -16739.49, -14907
35174, -16786.00, -16742.13, -14757
35179, -16789.00, -16744.71, -14619
35184, -16792.00, -16747.24, -14475
35188, -16793.00, -16749.93, -14335
35193, -16796.00, -16752.57, -14195
35198, -16798.00, -16755.09, -14044
35203, -16800.00, -16757.92, -13885
35209, -16802.00, -16760.89, -13745
35214, -16806.00, -16763.54, -13605
35219, -16809.00, -16766.32, -13462
35225, -16811.00, -16769.17, -13311
35230, -16814.00, -16772.13, -13165
35236, -16816.00, -16774.98, -13025
35241, -16819.00, -16777.78, -12879
35247, -16821.00, -16780.70, -12741
35252, -16824.00, -16783.44, -12594
35258, -16828.00, -16786.46, -12456
35264, -16830.00, -16789.29, -12326
35269, -16832.00, -16791.93, -12188
35275, -16835.00, -16794.89, -12059
35280, -16836.00, -16797.37, -11926
35285, -16839.00, -16800.19, -11796
35291, -16844.00, -16802.80, -11663
35296, -16844.00, -16805.67, -11534
35302, -16848.00, -16808.26, -11395
35308, -16850.00, -16811.17, -11266
35313, -16852.00, -16813.80, -11139
35318, -16854.00, -16816.29, -11019
35323, -16858.00, -16818.71, -10899
35328, -16858.00, -16821.10, -10783
35333, -16861.00, -16823.40, -10671
35338, -16863.00, -16825.55, -10557
35342, -16864.00, -16827.78, -10450
35347, -16867.00, -16829.90, -10332
35352, -16869.00, -16832.23, -10198
35358, -16871.00, -16834.83, -10066
35363, -16874.00, -16837.32, -9942
35369, -16877.00, -16839.78, -9814
35374, -16877.00, -16842.20, -9679
35379, -16878.00, -16844.60, -9540
35385, -15000.00, -16781.14, -9400
35391, -16885.00, -16726.57, -9260
35396, -16888.00, -16737.48, -9134
35401, -16891.00, -16746.51, -9011
35406, -16893.00, -16754.95, -8882
35411, -16893.00, -16763.45, -8759
35416, -16894.00, -16770.82, -8639
35420, -16896.00, -16777.73, -8510
35425, -16900.00, -16785.10, -8380
35430, -16900.00, -16791.58, -8233
35435, -16904.00, -16798.92, -8091
35440, -16905.00, -16805.42, -7939
35446, -16907.00, -16812.15, -7797
35451, -16910.00, -16818.01, -7642
35456, -16913.00, -16824.32, -7491
35461, -16914.00, -16829.76, -7329
35467, -16917.00, -16835.44, -7170
35472, -16920.00, -16840.64, -6991
35478, -16920.00, -16846.15, -6833
35483, -16922.00, -16850.67, -6658
35488, -16925.00, -16855.68, -6453
35494, -16926.00, -16860.81, -6266
35500, -16927.00, -16865.11, -6057
35506, -16931.00, -16869.72, -5872
35511, -16933.00, -16873.66, -5670
35516, -16935.00, -16877.61, -5473
35522, -16938.00, -16881.37, -5258
35527, -16939.00, -16885.16, -5049
35532, -16942.00, -16888.63, -4823
35538, -16943.00, -16892.19, -4568
35543, -16947.00, -16895.97, -4342
35548, -16948.00, -16899.09, -4120
35553, -16948.00, -16901.96, -3869
35559, -16951.00, -16905.05, -3622
35564, -16952.00, -16907.86, -3361
35569, -16955.00, -16910.67, -3088
35574, -16956.00, -16913.50, -2818
35579, -16958.00, -16916.03, -2544
35583, -16962.00, -16918.58, -2208
35589, -16964.00, -16921.74, -1862
35595, -16963.00, -16924.53, -1519
35600, -16965.00, -16927.22, -1183
35606, -16967.00, -16929.90, -851
35611, -16971.00, -16932.45, -562
35616, -16972.00, -16934.79, -264
35622, -16975.00, -16937.26, 51
35627, -16977.00, -16939.91, 343
35632, -16978.00, -16942.28, 600
35637, -16979.00, -16944.38, 866
35642, -16982.00, -16946.60, 1117
35647, -16985.00, -16948.77, 1375
35652, -16986.00, -16951.15, 1639
35658, -16987.00, -16953.56, 1886
35663, -16991.00, -16955.66, 2116
35668, -16991.00, -16957.75, 2364
35673, -16992.00, -16960.00, 2594
35678, -16995.00, -16962.09, 2801
35683, -16997.00, -16964.08, 3043
35689, -16997.00, -16966.33, 3249
35693, -17001.00, -16968.25, 3460
35699, -17003.00, -16970.37, 3679
35704, -17004.00, -16972.53, 3912
35710, -17005.00, -16974.79, 4102
35715, -17007.00, -16976.65, 4291
35720, -17009.00, -16978.48, 4485
35725, -17012.00, -16980.51, 4668
35729, -17011.00, -16982.29, 4852
35735, -17014.00, -16984.19, 5059
35740, -17016.00, -16986.23, 5249
35745, -17017.00, -16988.16, 5418
35750, -17020.00, -16989.90, 5614
35756, -17021.00, -16992.04, 5800
35761, -17023.00, -16993.88, 5982
35766, -17024.00, -16995.78, 6160
35771, -17026.00, -16997.62, 6323
35776, -17029.00, -16999.35, 6493
35781, -17029.00, -17001.14, 6689
35787, -17033.00, -17003.27, 6868
35792, -17034.00, -17005.17, 7040
35797, -17035.00, -17006.96, 7193
35802, -17038.00, -17008.59, 7375
35807, -17039.00, -17010.58, 7544
35812, -17041.00, -17012.35, 7725
35817, -17043.00, -17014.32, 7915
35823, -17045.00, -17016.33, 8104
35829, -17046.00, -17018.31, 8287
35834, -17049.00, -17020.22, 8468
35839, -17050.00, -17022.12, 8659
35845, -17052.00, -17024.12, 8833
35850, -17054.00, -17025.87, 9015
35855, -17056.00, -17027.81, 9193
35861, -17057.00, -17029.60, 9376
35866, -17061.00, -17031.46, 9564
35871, -17062.00, -17033.42, 9762
35877, -17062.00, -17035.42, 9937
35882, -17065.00, -17037.08, 10109
35887, -17067.00, -17038.80, 10290
35892, -17068.00, -17040.57, 10472
35897, -17069.00, -17042.26, 10659
35902, -17073.00, -17044.07, 10872
35908, -17074.00, -17046.18, 11079
35913, -17076.00, -17048.08, 11268
35918, -17078.00, -17049.82, 11482
35924, -17081.00, -17051.87, 11707
35930, -17083.00, -17053.99, 11933
35935, -17083.00, -17056.01, 12152
35941, -17086.00, -17057.90, 12388
35947, -17087.00, -17059.96, 12606
35952, -17089.00, -17061.68, 12815
35957, -17091.00, -17063.40, 13027
35962, -17093.00, -17065.13, 13256
35967, -17096.00, -17066.99, 13481
35972, -17096.00, -17068.81, 13740
35978, -17098.00, -17070.78, 13970
35983, -17102.00, -17072.58, 14208
35988, -17102.00, -17074.37, 14423
35993, -17104.00, -17076.02, 14646
35997, -17105.00, -17077.59, 14877
36002, -17106.00, -17079.29, 15139
36008, -17109.00, -17081.24, 15373
36013, -17111.00, -17083.07, 15598
36018, -17113.00, -17084.90, 15829
36024, -17114.00, -17086.77, 16077
36030, -17117.00, -17088.84, 16285
36035, -17119.00, -17090.65, 16489
36040, -17120.00, -17092.46, 16707
36046, -17122.00, -17094.45, 16910
36051, -17123.00, -17096.30, 17111
36057, -17125.00, -17098.20, 17294
36062, -17127.00, -17099.97, 17496
36068, -17131.00, -17102.03, 17688
36074, -17133.00, -17104.16, 17864
36079, -17135.00, -17106.14, 18027
36084, -17137.00, -17107.99, 18191
36089, -17137.00, -17109.85, 18343
36094, -17139.00, -17111.58, 18497
36100, -17140.00, -17113.33, 18649
36105, -17144.00, -17115.26, 18806
36110, -17145.00, -17117.14, 18943
36115, -17147.00, -17118.81, 19081
36120, -17148.00, -17120.56, 19217
36125, -17148.00, -17122.21, 19350
36130, -17151.00, -17123.83, 19490
36135, -17154.00, -17125.71, 19635
36141, -17156.00, -17127.61, 19771
36146, -17157.00, -17129.45, 19907
36151, -17158.00, -17131.32, 20062
36157, -17161.00, -17133.35, 20196
36163, -17163.00, -17135.23, 20340
36169, -17166.00, -17137.26, 20465
36174, -17168.00, -17139.12, 20586
36179, -17168.00, -17140.84, 20716
36184, -17171.00, -17142.70, 20851
36189, -17172.00, -17144.63, 20980
36195, -17176.00, -17146.59, 21116
36200, -17176.00, -17148.55, 21240
36206, -17179.00, -17150.37, 21363
36211, -17180.00, -17152.17, 21476
36215, -17182.00, -17153.85, 21597
36220, -17185.00, -17155.67, 21725
36226, -17187.00, -17157.72, 21860
36231, -17188.00, -17159.68, 21993
36237, -17190.00, -17161.66, 22129
36243, -17192.00, -17163.65, 22257
36248, -17194.00, -17165.52, 22380
36253, -17196.00, -17167.48, 22532
36260, -17198.00, -17169.70, 22657
36265, -17200.00, -17171.53, 22780
36270, -17203.00, -17173.38, 22906
36275, -17205.00, -17175.28, 23035
36280, -17207.00, -17177.24, 23163
36285, -17208.00, -17179.11, 23292
36290, -17211.00, -17181.02, 23433
36296, -17211.00, -17183.02, 23572
36301, -17214.00, -17184.96, 23700
36306, -17216.00, -17186.75, 23832
36311, -17218.00, -17188.61, 23962
36316, -17219.00, -17190.38, 24108
36321, -17222.00, -17192.36, 24265
36327, -17224.00, -17194.51, 24403
36332, -17225.00, -17196.29, 24558
36338, -17228.00, -17198.29, 24711
36343, -17229.00, -17200.27, 24868
36348, -17231.00, -17202.21, 25034
36354, -17233.00, -17204.36, 25201
36359, -17237.00, -17206.28, 25360
36365, -17239.00, -17208.27, 25516
36369, -17241.00, -17210.17, 25668
36374, -17244.00, -17212.02, 25831
36379, -17246.00, -17214.12, 26010
36384, -17248.00, -17216.13, 26175
36389, -17248.00, -17218.02, 26362
36395, -17251.00, -17220.07, 26542
36400, -17253.00, -17221.99, 26751
36405, -17256.00, -17224.24, 26946
36410, -17258.00, -17226.28, 27139
36415, -17259.00, -17228.21, 27330
36420, -17263.00, -17230.09, 27547
36425, -17264.00, -17232.25, 27763
36430, -17266.00, -17234.19, 27996
36435, -17269.00, -17236.30, 28227
36440, -17272.00, -17238.41, 28466
36445, -17273.00, -17240.53, 28720
36451, -17275.00, -17242.60, 29008
36456, -17278.00, -17244.91, 29266
36461, -17280.00, -17246.91, 29572
36467, -17283.00, -17249.24, 29914
36472, -17282.00, -17251.57, 30232
36478, -17286.00, -17253.62, 30580
36483, -17288.00, -17255.85, 30942
36489, -17292.00, -17258.17, 31288
36494, -17295.00, -17260.48, 31610
36499, -17296.00, -17262.60, 31958
36504, -17299.00, -17264.95, 32274
36509, -17300.00, -17267.04, 32564
36514, -17303.00, -17269.03, 32857
36519, -17306.00, -17271.15, 33160
36524, -17309.00, -17273.46, 33441
36529, -17312.00, -17275.73, 33694
36534, -17312.00, -17277.74, 33937
36538, -17314.00, -17279.64, 34174
36543, -17318.00, -17281.64, 34414
36548, -17319.00, -17283.76, 34677
36553, -17321.00, -17286.15, 34928
36558, -17324.00, -17288.34, 35153
36563, -17328.00, -17290.52, 35370
36567, -17330.00, -17292.66, 35576
36572, -17331.00, -17294.76, 35773
36576, -17335.00, -17296.82, 35968
36581, -17337.00, -17298.96, 36162
36585, -17339.00, -17301.05, 36377
36590, -17342.00, -17303.56, 36580
36595, -17344.00, -17305.90, 36787
36600, -17346.00, -17308.34, 36998
36605, -17350.00, -17310.84, 37199
36610, -17352.00, -17313.30, 37383
36615, -17354.00, -17315.59, 37557
36620, -17357.00, -17317.79, 37741
36625, -17359.00, -17320.24, 37923
36630, -17360.00, -17322.60, 38120
36635, -17365.00, -17325.14, 38281
36639, -17367.00, -17327.38, 38442
36644, -17369.00, -17329.61, 38601
36648, -17373.00, -17331.89, 38773
36653, -17375.00, -17334.48, 38929
36658, -17376.00, -17336.77, 39060
36663, -17373.00, -17339.04, 39119
36668, -17370.00, -17341.14, 39113
36674, -17367.00, -17342.97, 39061
36679, -17365.00, -17344.38, 38969
36684, -17361.00, -17345.64, 38861
36689, -17359.00, -17346.52, 38719
36695, -17355.00, -17347.23, 38570
36700, -17353.00, -17347.65, 38406
36706, -17349.00, -17347.88, 38232
36711, -17346.00, -17347.86, 38060
36716, -17343.00, -17347.65, 37885
36721, -17341.00, -17347.31, 37704
36726, -17339.00, -17346.86, 37514
36731, -17337.00, -17346.31, 37340
36736, -17334.00, -17345.71, 37171
36740, -17333.00, -17345.05, 36996
36744, -17330.00, -17344.31, 36791
36750, -17326.00, -17343.29, 36590
36755, -17326.00, -17342.24, 36365
36760, -17322.00, -17341.02, 36155
36765, -17318.00, -17339.79, 35935
36770, -17317.00, -17338.38, 35688
36776, -17314.00, -17336.80, 35457
36781, -17312.00, -17335.36, 35193
36787, -17308.00, -17333.53, 34910
36793, -17306.00, -17331.62, 34630
36798, -17303.00, -17329.83, 34338
36804, -17301.00, -17327.90, 34050
36809, -17298.00, -17325.99, 33749
36815, -17296.00, -17324.08, 33465
36820, -17292.00, -17322.24, 33126
36826, -17290.00, -17319.99, 32823
36831, -17288.00, -17318.11, 32511
36836, -17285.00, -17316.18, 32169
36841, -17283.00, -17314.10, 31824
36847, -17280.00, -17311.90, 31499
36851, -17278.00, -17310.06, 31203
36856, -17276.00, -17308.17, 30903
36860, -17274.00, -17306.34, 30612
36865, -17273.00, -17304.53, 30334
36869, -17271.00, -17302.72, 30011
36875, -17268.00, -17300.53, 29727
36880, -17266.00, -17298.57, 29440
36885, -17265.00, -17296.46, 29159
36890, -17262.00, -17294.43, 28895
36895, -17260.00, -17292.33, 28625
36901, -17257.00, -17290.12, 28351
36906, -17256.00, -17287.79, 28094
36912, -17252.00, -17285.60, 27842
36917, -17251.00, -17283.24, 27624
36922, -17248.00, -17281.27, 27396
36927, -17246.00, -17279.00, 27170
36933, -17245.00, -17276.75, 26966
36938, -17243.00, -17274.68, 26748
36944, -17240.00, -17272.44, 26565
36949, -17237.00, -17270.46, 26385
36953, -17236.00, -17268.44, 26200
36959, -17234.00, -17266.34, 26033
36963, -17232.00, -17264.39, 25871
36968, -17230.00, -17262.45, 25697
36973, -17227.00, -17260.31, 25530
36978, -17226.00, -17258.23, 25365
36984, -17224.00, -17256.15, 25195
36989, -17222.00, -17253.98, 25029
36994, -17219.00, -17251.79, 24844
37000, -17217.00, -17249.30, 24676
37006, -17215.00, -17246.93, 24520
37011, -17212.00, -17244.82, 24377
37016, -17210.00, -17242.74, 24225
37022, -17209.00, -17240.54, 24063
37028, -17207.00, -17238.25, 23927
37033, -17205.00, -17236.29, 23783
37038, -17205.00, -17234.29, 23627
37044, -17201.00, -17232.02, 23481
37049, -17199.00, -17229.89, 23339
37055, -17196.00, -17227.76, 23205
37060, -17195.00, -17225.67, 23075
37065, -17193.00, -17223.70, 22943
37071, -17191.00, -17221.67, 22813
37076, -17189.00, -17219.60, 22686
37081, -17186.00, -17217.61, 22552
37086, -17185.00, -17215.48, 22428
37092, -17182.00, -17213.51, 22313
37096, -17180.00, -17211.64, 22184
37101, -17180.00, -17209.62, 22056
37107, -17177.00, -17207.60, 21933
37112, -17175.00, -17205.69, 21811
37117, -17173.00, -17203.74, 21673
37123, -17170.00, -17201.52, 21530
37128, -17169.00, -17199.23, 21398
37134, -17166.00, -17197.15, 21276
37139, -17166.00, -17195.26, 21131
37145, -17164.00, -17193.07, 21005
37150, -17162.00, -17191.21, 20883
37155, -17160.00, -17189.41, 20762
37160, -17157.00, -17187.54, 20624
37165, -17157.00, -17185.51, 20492
37170, -17154.00, -17183.59, 20366
37175, -17153.00, -17181.76, 20242
37180, -17150.00, -17179.95, 20099
37186, -17148.00, -17177.80, 19951
37192, -17147.00, -17175.77, 19818
37197, -17145.00, -17173.95, 19684
37202, -17144.00, -17172.13, 19547
37207, -17141.00, -17170.31, 19417
37211, -17139.00, -17168.57, 19278
37216, -17136.00, -17166.64, 19122
37222, -17135.00, -17164.50, 18976
37227, -17133.00, -17162.61, 18842
37232, -17133.00, -17160.93, 18708
37236, -17132.00, -17159.37, 18577
37241, -17128.00, -17157.75, 18413
37246, -17127.00, -17155.79, 18266
37251, -17126.00, -17154.09, 18127
37255, -17126.00, -17152.56, 17974
37260, -17122.00, -17150.90, 17825
37265, -17120.00, -17149.22, 17678
37269, -17119.00, -17147.63, 17527
37274, -17117.00, -17146.02, 17374
37278, -17115.00, -17144.39, 17218
37282, -17113.00, -17142.77, 17060
37287, -17112.00, -17141.15, 16881
37292, -17110.00, -17139.37, 16692
37297, -17109.00, -17137.56, 16495
37302, -17108.00, -17135.78, 16280
37307, -17105.00, -17133.84, 16067
37312, -17104.00, -17132.01, 15867
37317, -17102.00, -17130.39, 15656
37322, -17100.00, -17128.67, 15406
37327, -17098.00, -17126.69, 15175
37332, -17096.00, -17124.85, 14947
37337, -17097.00, -17123.20, 14734
37341, -17094.00, -17121.70, 14490
37347, -17093.00, -17119.93, 14280
37351, -17090.00, -17118.37, 14077
37355, -17090.00, -17116.85, 13846
37360, -17087.00, -17115.10, 13598
37366, -17083.00, -17113.08, 13370
37371, -17083.00, -17111.21, 13150
37377, -17081.00, -17109.29, 12931
37381, -17079.00, -17107.58, 12701
37387, -17078.00, -17105.67, 12492
37392, -17076.00, -17103.93, 12301
37396, -17075.00, -17102.37, 12119
37401, -17071.00, -17100.76, 11906
37406, -17070.00, -17098.78, 11701
37411, -17069.00, -17096.97, 11523
37416, -17067.00, -17095.36, 11304
37421, -17064.00, -17093.33, 11064
37428, -17062.00, -17090.99, 10858
37433, -17061.00, -17089.01, 10677
37438, -17059.00, -17087.33, 10468
37444, -17056.00, -17085.26, 10286
37449, -17055.00, -17083.37, 10075
37454, -17053.00, -17081.37, 9878
37460, -17050.00, -17079.37, 9696
37465, -17051.00, -17077.60, 9505
37470, -17048.00, -17075.77, 9315
37476, -17045.00, -17073.85, 9132
37481, -17043.00, -17071.96, 8946
37486, -17043.00, -17070.03, 8743
37492, -17041.00, -17068.12, 8561
37497, -17039.00, -17066.33, 8379
37503, -17038.00, -17064.48, 8188
37508, -17034.00, -17062.62, 8019
37513, -17033.00, -17060.90, 7850
37518, -17029.00, -17059.12, 7686
37523, -17030.00, -17057.42, 7511
37528, -17028.00, -17055.66, 7315
37534, -17025.00, -17053.60, 7143
37538, -17025.00, -17051.93, 6947
37544, -17021.00, -17049.94, 6771
37549, -17020.00, -17048.13, 6581
37555, -17017.00, -17046.11, 6385
37560, -17017.00, -17044.17, 6173
37566, -17013.00, -17042.06, 5964
37572, -17012.00, -17039.97, 5746
37578, -17010.00, -17037.86, 5564
37583, -17008.00, -17036.11, 5382
37588, -17006.00, -17034.38, 5176
37593, -17004.00, -17032.40, 4983
37598, -17002.00, -17030.57, 4777
37604, -17000.00, -17028.63, 4582
37609, -16997.00, -17026.80, 4387
37614, -16995.00, -17024.92, 4200
37618, -16994.00, -17023.20, 4004
37623, -16992.00, -17021.42, 3811
37628, -16991.00, -17019.69, 3597
37633, -16989.00, -17017.81, 3381
37638, -16987.00, -17015.94, 3153
37644, -16985.00, -17014.07, 2934
37649, -16985.00, -17012.30, 2700
37654, -16982.00, -17010.44, 2464
37659, -16980.00, -17008.61, 2237
37664, -16979.00, -17006.87, 1984
37669, -16976.00, -17005.00, 1736
37674, -16974.00, -17003.14, 1479
37679, -16970.00, -17001.21, 1196
37685, -16970.00, -16999.13, 915
37690, -16969.00, -16997.25, 653
37695, -16966.00, -16995.53, 350
37700, -16963.00, -16993.40, 19
37706, -16963.00, -16991.37, -279
37711, -16962.00, -16989.59, -580
37716, -16958.00, -16987.83, -883
37721, -16956.00, -16986.03, -1215
37726, -16955.00, -16984.02, -1535
37731, -16953.00, -16982.15, -1869
37737, -16952.00, -16980.18, -2218
37742, -16949.00, -16978.13, -2506
37747, -16948.00, -16976.36, -2802
37753, -16944.00, -16974.35, -3115
37758, -16943.00, -16972.28, -3413
37764, -16940.00, -16970.16, -3668
37769, -16938.00, -16968.25, -3935
37775, -16936.00, -16966.07, -4197
37780, -16934.00, -16964.00, -4467
37786, -16932.00, -16961.80, -4722
37792, -16931.00, -16959.64, -4945
37797, -16927.00, -16957.69, -5180
37803, -16925.00, -16955.45, -5405
37809, -16924.00, -16953.28, -5608
37814, -16921.00, -16951.26, -5799
37819, -16919.00, -16949.24, -6000
37825, -16917.00, -16947.09, -6186
37830, -16914.00, -16945.01, -6358
37836, -16913.00, -16943.05, -6526
37841, -16912.00, -16941.14, -6687
37846, -16909.00, -16939.27, -6837
37851, -16909.00, -16937.47, -6977
37855, -16906.00, -16935.77, -7121
37860, -16904.00, -16933.98, -7261
37865, -16902.00, -16932.17, -7393
37869, -16900.00, -16930.39, -7542
37875, -16899.00, -16928.32, -7675
37880, -16898.00, -16926.66, -7806
37884, -16894.00, -16924.82, -7931
37889, -16892.00, -16922.95, -8057
37894, -16891.00, -16921.19, -8188
37899, -16888.00, -16919.24, -8313
37904, -16887.00, -16917.35, -8434
37909, -16884.00, -16915.50, -8545
37913, -16884.00, -16913.78, -8657
37918, -16882.00, -16912.09, -8773
37922, -16880.00, -16910.26, -8893
37927, -16878.00, -16908.42, -9001
37932, -16877.00, -16906.71, -9110
37936, -16875.00, -16904.97, -9229
37941, -16873.00, -16903.10, -9345
37946, -16870.00, -16901.22, -9469
37952, -16867.00, -16899.08, -9588
37957, -16865.00, -16897.02, -9697
37962, -16866.00, -16895.14, -9807
37966, -16863.00, -16893.32, -9933
37972, -16860.00, -16891.11, -10044
37977, -16858.00, -16889.20, -10166
37983, -16857.00, -16887.09, -10292
37988, -16854.00, -16884.93, -10420
37994, -16851.00, -16882.65, -10553
38000, -16849.00, -16880.32, -10681
38006, -16846.00, -16878.00, -10803
38011, -16843.00, -16875.77, -10938
38017, -16841.00, -16873.29, -11059
38022, -16842.00, -16871.31, -11177
38028, -16837.00, -16869.25, -11299
38033, -16835.00, -16867.09, -11421
38038, -16832.00, -16864.90, -11550
38044, -16829.00, -16862.44, -11673
38050, -16826.00, -16860.17, -11796
38055, -16826.00, -16857.91, -11915
38060, -16824.00, -16855.80, -12035
38066, -16821.00, -16853.56, -12159
38071, -16817.00, -16851.39, -12272
38076, -16815.00, -16849.31, -12396
38081, -16813.00, -16847.01, -12507
38086, -16810.00, -16844.98, -12640
38092, -16809.00, -16842.49, -12763
38097, -16806.00, -16840.38, -12893
38102, -16803.00, -16837.94, -13016
38107, -16801.00, -16835.79, -13140
38112, -16800.00, -16833.58, -13278
38118, -16798.00, -16831.31, -13427
38124, -16795.00, -16828.83, -13563
38129, -16792.00, -16826.43, -13705
38134, -16790.00, -16824.20, -13846
38140, -16785.00, -16821.77, -13987
38145, -16784.00, -16819.37, -14132
38150, -16782.00, -16817.03, -14275
38155, -16779.00, -16814.75, -14416
38161, -16776.00, -16812.38, -14566
38166, -16774.00, -16810.03, -14722
38171, -16770.00, -16807.56, -14874
38176, -16768.00, -16805.12, -15033
38182, -16766.00, -16802.73, -15192
38187, -16763.00, -16800.31, -15372
38193, -16761.00, -16797.65, -15538
38198, -16759.00, -16795.33, -15697
38202, -16755.00, -16793.14, -15879
38208, -16753.00, -16790.49, -16063
38213, -16750.00, -16788.07, -16245
38218, -16747.00, -16785.56, -16458
38224, -16744.00, -16782.71, -16657
38229, -16741.00, -16780.28, -16885
38235, -16738.00, -16777.31, -17136
38241, -16734.00, -16774.32, -17348
38246, -16731.00, -16771.73, -17563
38251, -16728.00, -16769.20, -17773
38256, -16725.00, -16766.71, -17991
38261, -16722.00, -16764.10, -18202
38265, -16721.00, -16761.65, -18402
38270, -16718.00, -16759.30, -18594
38274, -16714.00, -16756.96, -18803
38279, -16713.00, -16754.29, -19007
38284, -16710.00, -16751.84, -19224
38289, -16707.00, -16749.16, -19427
38294, -16704.00, -16746.48, -19644
38299, -16701.00, -16743.70, -19874
38305, -16697.00, -16740.53, -20075
38310, -16694.00, -16737.72, -20298
38316, -16689.00, -16734.54, -20520
38322, -16686.00, -16731.19, -20716
38327, -16683.00, -16728.30, -20924
38333, -16680.00, -16725.20, -21110
38338, -16676.00, -16722.32, -21295
38342, -16672.00, -16719.39, -21472
38347, -16669.00, -16716.47, -21660
38353, -16666.00, -16713.30, -21847
38358, -16662.00, -16710.24, -22035
38363, -16660.00, -16707.02, -22223
38369, -16655.00, -16703.73, -22400
38374, -16652.00, -16700.71, -22567
38378, -16648.00, -16697.71, -22724
38383, -16645.00, -16694.91, -22878
38388, -16641.00, -16691.99, -23041
38392, -16637.00, -16688.94, -23204
38397, -16634.00, -16685.83, -23389
38403, -16630.00, -16682.17, -23546
38407, -16626.00, -16679.11, -23704
38412, -16623.00, -16675.99, -23879
38417, -16619.00, -16672.44, -24059
38423, -16614.00, -16668.68, -24223
38428, -16611.00, -16665.41, -24404
38433, -16607.00, -16661.62, -24578
38439, -16603.00, -16657.74, -24768
38444, -16600.00, -16654.11, -24942
38449, -16595.00, -16650.43, -25126
38455, -16589.00, -16646.49, -25300
38460, -16586.00, -16642.73, -25468
38465, -16581.00, -16639.14, -25639
38470, -16578.00, -16635.37, -25806
38475, -16572.00, -16631.70, -25972
38480, -16569.00, -16628.11, -26146
38486, -16564.00, -16624.03, -26331
38491, -16559.00, -16620.06, -26501
38496, -16555.00, -16616.32, -26667
38501, -16551.00, -16612.56, -26845
38506, -16544.00, -16608.51, -27028
38511, -16540.00, -16604.30, -27203
38516, -16536.00, -16600.34, -27402
38521, -16530.00, -16595.82, -27597
38527, -16525.00, -16591.46, -27788
38532, -16520.00, -16587.16, -27997
38537, -16514.00, -16582.39, -28214
38543, -16508.00, -16577.60, -28415
38548, -16503.00, -16573.01, -28662
38554, -16497.00, -16567.52, -28886
38560, -16491.00, -16562.70, -29130
38565, -16486.00, -16557.48, -29380
38571, -16479.00, -16552.09, -29621
38577, -16472.00, -16546.94, -29868
38582, -16466.00, -16541.73, -30097
38587, -16460.00, -16536.96, -30338
38593, -16454.00, -16531.95, -30586
38598, -16448.00, -16526.83, -30855
38603, -16442.00, -16521.41, -31135
38609, -16435.00, -16515.92, -31387
38613, -16430.00, -16511.03, -31691
38619, -16424.00, -16505.19, -32017
38625, -16417.00, -16499.38, -32295
38630, -16411.00, -16494.45, -32608
38635, -16402.00, -16488.69, -32968
38641, -16398.00, -16482.54, -33310
38646, -16390.00, -16476.86, -33683
38652, -16382.00, -16470.58, -34031
38657, -16374.00, -16464.77, -34396
38662, -16368.00, -16458.38, -34732
38668, -16359.00, -16452.44, -35100
38673, -16351.00, -16445.57, -35441
38679, -16344.00, -16438.91, -35795
38685, -16336.00, -16431.79, -36102
38690, -16330.00, -16425.27, -36410
38696, -16321.00, -16418.49, -36703
38701, -16312.00, -16411.61, -36981
38707, -16302.00, -16404.70, -37245
38712, -16295.00, -16397.94, -37494
38717, -16287.00, -16391.25, -37735
38722, -16278.00, -16384.38, -37944
38727, -16272.00, -16378.25, -38193
38733, -16262.00, -16370.24, -38399
38738, -16255.00, -16363.91, -38587
38742, -16248.00, -16357.61, -38774
38747, -16241.00, -16351.22, -38947
38751, -16234.00, -16345.08, -39115
38756, -16226.00, -16338.90, -39293
38760, -16218.00, -16332.02, -39457
38765, -16212.00, -16325.62, -39660
38771, -16201.00, -16317.16, -39828
38775, -16193.00, -16310.37, -39979
38780, -16185.00, -16303.70, -40149
38785, -16175.00, -16296.12, -40326
38790, -16167.00, -16287.74, -40492
38796, -16158.00, -16279.98, -40650
38800, -16149.00, -16272.39, -40800
38805, -16141.00, -16264.82, -40958
38811, -16132.00, -16256.80, -41107
38815, -16121.00, -16249.04, -41267
38821, -16111.00, -16240.15, -41412
38826, -16104.00, -16232.07, -41564
38831, -16094.00, -16223.50, -41716
38836, -16083.00, -16214.80, -41870
38842, -16074.00, -16205.77, -42028
38848, -16062.00, -16196.32, -42185
38853, -16051.00, -16186.59, -42333
38859, -16041.00, -16177.17, -42483
38865, -16030.00, -16166.87, -42650
38871, -16019.00, -16156.56, -42816
38877, -16008.00, -16145.85, -42959
38882, -15999.00, -16136.45, -43104
38888, -15984.00, -16126.58, -43247
38893, -15975.00, -16117.07, -43382
38899, -15965.00, -16107.52, -43519
38904, -15957.00, -16098.29, -43658
38909, -15946.00, -16088.79, -43798
38915, -15938.00, -16078.88, -43952
38921, -15928.00, -16068.71, -44103
38926, -15917.00, -16058.53, -44246
38932, -15907.00, -16048.60, -44380
38937, -15899.00, -16039.55, -44537
38943, -15885.00, -16028.88, -44667
38948, -15876.00, -16020.00, -44794
38953, -15869.00, -16011.55, -44918
38957, -15861.00, -16003.05, -45059
38963, -15850.00, -15992.97, -45192
38968, -15843.00, -15984.72, -45340
38973, -15831.00, -15974.54, -45486
38978, -15822.00, -15965.03, -45640
38984, -15814.00, -15954.95, -45797
38990, -15803.00, -15945.05, -45944
38995, -15794.00, -15935.82, -46106
39001, -15785.00, -15925.75, -46271
39006, -15778.00, -15915.86, -46425
39011, -15769.00, -15906.70, -46593
39017, -15762.00, -15897.10, -46770
39023, -15750.00, -15887.02, -46946
39029, -15740.00, -15877.40, -47127
39034, -15732.00, -15867.51, -47298
39040, -15723.00, -15858.13, -47480
39045, -15713.00, -15848.99, -47686
39051, -15706.00, -15838.81, -47868
39057, -15698.00, -15829.83, -48080
39062, -15691.00, -15820.56, -48271
39068, -15682.00, -15812.00, -48475
39073, -15675.00, -15803.00, -48674
39078, -15666.00, -15794.93, -48885
39083, -15659.00, -15786.27, -49109
39089, -15652.00, -15777.50, -49331
39094, -15643.00, -15769.22, -49543
39099, -15637.00, -15761.53, -49784
39105, -15631.00, -15753.04, -50023
39110, -15625.00, -15745.18, -50289
39115, -15615.00, -15736.70, -50566
39121, -15611.00, -15727.96, -50819
39126, -15603.00, -15720.27, -51072
39132, -15596.00, -15712.53, -51337
39137, -15590.00, -15704.51, -51580
39142, -15584.00, -15697.07, -51823
39148, -15577.00, -15689.23, -52084
39153, -15570.00, -15681.50, -52326
39159, -15563.00, -15673.87, -52562
39164, -15557.00, -15666.56, -52799
39170, -15552.00, -15658.67, -53040
39175, -15545.00, -15651.29, -53260
39181, -15540.00, -15644.24, -53480
39186, -15534.00, -15637.26, -53697
39192, -15529.00, -15630.31, -53908
39197, -15522.00, -15623.66, -54149
39203, -15517.00, -15615.84, -54364
39209, -15511.00, -15608.75, -54566
39214, -15506.00, -15602.42, -54771
39219, -15499.00, -15595.70, -54982
39225, -15493.00, -15588.92, -55158
39230, -15491.00, -15583.35, -55343
39235, -15486.00, -15577.42, -55532
39240, -15481.00, -15571.36, -55717
39245, -15477.00, -15565.52, -55927
39251, -15471.00, -15559.11, -56107
39256, -15466.00, -15553.46, -56290
39262, -15463.00, -15547.78, -56472
39267, -15458.00, -15542.28, -56662
39272, -15453.00, -15536.55, -56837
39277, -15449.00, -15531.31, -57014
39282, -15443.00, -15525.95, -57181
39287, -15440.00, -15521.03, -57358
39292, -15435.00, -15515.81, -57552
39298, -15431.00, -15510.12, -57729
39303, -15427.00, -15505.00, -57913
39308, -15422.00, -15499.89, -58089
39314, -15419.00, -15494.76, -58288
39319, -15413.00, -15489.42, -58472
39325, -15409.00, -15484.30, -58649
39330, -15406.00, -15479.47, -58836
39335, -15400.00, -15474.42, -59031
39341, -15398.00, -15469.23, -59223
39346, -15393.00, -15464.30, -59421
39352, -15390.00, -15459.30, -59601
39357, -15386.00, -15454.96, -59787
39362, -15384.00, -15450.38, -59985
39368, -15380.00, -15445.88, -60189
39374, -15375.00, -15441.03, -60397
39379, -15371.00, -15436.52, -60599
39385, -15367.00, -15432.07, -60808
39390, -15364.00, -15427.60, -60998
39395, -15361.00, -15423.70, -61208
39401, -15357.00, -15419.25, -61418
39406, -15353.00, -15415.22, -61620
39411, -15351.00, -15411.36, -61810
39416, -15348.00, -15407.81, -62024
39421, -15344.00, -15403.91, -62226
39426, -15342.00, -15400.28, -62422
39430, -15339.00, -15396.93, -62641
39435, -15336.00, -15393.13, -62847
39440, -15334.00, -15389.96, -63075
39445, -15331.00, -15386.28, -63310
39450, -15327.00, -15382.73, -63536
39455, -15324.00, -15379.41, -63754
39460, -15321.00, -15376.26, -63988
39464, -15321.00, -15373.07, -64216
39469, -15316.00, -15370.02, -64465
39474, -15314.00, -15366.79, -64713
39478, -15312.00, -15363.64, -64967
39483, -15309.00, -15360.62, -65227
39488, -15307.00, -15357.58, -65483
39492, -15304.00, -15354.75, -65746
39497, -15303.00, -15351.92, -66044
39502, -15298.00, -15348.76, -66326
39506, -15297.00, -15345.96, -66608
39511, -15294.00, -15343.12, -66898
39515, -15291.00, -15340.31, -67179
39520, -15289.00, -15337.55, -67455
39524, -15287.00, -15334.83, -67761
39530, -15285.00, -15331.76, -68021
39534, -15282.00, -15329.13, -68275
39539, -15278.00, -15326.48, -68552
39544, -15277.00, -15323.45, -68833
39549, -15275.00, -15320.39, -69091
39554, -15273.00, -15317.63, -69316
39558, -15270.00, -15315.12, -69554
39563, -15267.00, -15312.26, -69784
39568, -15266.00, -15309.52, -69998
39573, -15264.00, -15307.07, -70199
39577, -15260.00, -15304.60, -70388
39582, -15259.00, -15302.18, -70589
39586, -15258.00, -15299.58, -70774
39591, -15253.00, -15297.19, -70971
39596, -15252.00, -15294.39, -71179
39601, -15250.00, -15291.56, -71380
39607, -15247.00, -15288.66, -71569
39612, -15245.00, -15286.02, -71730
39616, -15241.00, -15283.70, -71889
39621, -15239.00, -15281.24, -72039
39625, -15238.00, -15278.93, -72184
39630, -15237.00, -15276.70, -72335
39635, -15235.00, -15274.33, -72485
39639, -15233.00, -15272.03, -72632
39644, -15230.00, -15269.66, -72785
39649, -15228.00, -15267.08, -72939
39654, -15225.00, -15264.58, -73069
39659, -15224.00, -15262.38, -73211
39664, -15222.00, -15260.02, -73357
39669, -15219.00, -15257.47, -73491
39674, -15218.00, -15255.24, -73615
39678, -15216.00, -15253.10, -73732
39683, -15213.00, -15251.05, -73851
39687, -15211.00, -15248.90, -73971
39692, -15209.00, -15246.67, -74104
39697, -15207.00, -15244.23, -74238
39702, -15206.00, -15241.83, -74362
39707, -15205.00, -15239.72, -74481
39712, -15202.00, -15237.52, -74614
39717, -15199.00, -15235.19, -74731
39722, -15198.00, -15233.00, -74849
39727, -15195.00, -15230.67, -74989
39733, -15192.00, -15228.17, -75110
39738, -15191.00, -15225.94, -75222
39743, -15189.00, -15223.74, -75348
39748, -15187.00, -15221.40, -75479
39754, -15185.00, -15218.97, -75588
39759, -15184.00, -15217.01, -75716
39764, -15181.00, -15214.65, -75836
39770, -15180.00, -15212.42, -75956
39775, -15178.00, -15210.28, -76078
39780, -15175.00, -15208.08, -76189
39785, -15173.00, -15206.08, -76315
39791, -15171.00, -15203.77, -76426
39795, -15170.00, -15201.83, -76530
39800, -15167.00, -15199.95, -76634
39805, -15165.00, -15198.08, -76739
39809, -15164.00, -15196.18, -76853
39814, -15162.00, -15194.19, -76955
39819, -15160.00, -15192.36, -77054
39823, -15000.00, -15186.02, -77172
39828, -15156.00, -15179.42, -77287
39833, -15154.00, -15177.95, -77402
39838, -15153.00, -15176.41, -77510
39843, -15151.00, -15175.07, -77623
39848, -15147.00, -15173.48, -77746
39853, -15147.00, -15171.77, -77861
39858, -15145.00, -15170.30, -77987
39864, -15143.00, -15168.44, -78125
39869, -15142.00, -15166.79, -78244
39874, -15138.00, -15165.17, -78369
39879, -15138.00, -15163.47, -78499
39884, -15136.00, -15161.76, -78632
39890, -15134.00, -15159.94, -78775
39895, -15133.00, -15158.16, -78910
39901, -15129.00, -15156.37, -79039
39906, -15129.00, -15154.69, -79163
39911, -15126.00, -15153.16, -79287
39915, -15125.00, -15151.59, -79410
39920, -15122.00, -15150.00, -79535
39924, -15121.00, -15148.39, -79670
39929, -15118.00, -15146.61, -79804
39934, -15118.00, -15144.96, -79949
39940, -15116.00, -15143.07, -80099
39945, -15114.00, -15141.39, -80238
39949, -15112.00, -15139.76, -80403
39955, -15111.00, -15137.91, -80547
39960, -15109.00, -15136.24, -80700
39964, -15107.00, -15134.62, -80873
39970, -15105.00, -15132.70, -81033
39975, -15104.00, -15131.00, -81195
39980, -15102.00, -15129.37, -81357
39984, -15101.00, -15127.76, -81560
39990, -15099.00, -15125.78, -81750
39996, -15096.00, -15123.96, -81965
40001, -15093.00, -15121.91, -82181
40007, -15092.00, -15119.90, -82409
40013, -15089.00, -15117.83, -82645
40019, -15087.00, -15115.74, -82890
40024, -15086.00, -15113.68, -83126
40030, -15083.00, -15111.71, -83392
40036, -15080.00, -15109.52, -83644
40042, -15080.00, -15107.44, -83883
40047, -15078.00, -15105.54, -84110
40052, -15075.00, -15103.71, -84334
40058, -15074.00, -15101.83, -84549
40063, -15072.00, -15100.03, -84777
40068, -15070.00, -15098.11, -84998
40074, -15068.00, -15096.20, -85212
40079, -15066.00, -15094.33, -85437
40085, -15066.00, -15092.34, -85663
40090, -15062.00, -15090.36, -85877
40096, -15061.00, -15088.46, -86091
40101, -15060.00, -15086.54, -86290
40107, -15058.00, -15084.77, -86491
40112, -15055.00, -15082.92, -86675
40117, -15053.00, -15081.15, -86863
40122, -15052.00, -15079.32, -87045
40127, -15049.00, -15077.56, -87219
40132, -15049.00, -15075.88, -87384
40137, -15047.00, -15074.31, -87546
40142, -15046.00, -15072.73, -87711
40146, -15044.00, -15071.14, -87894
40152, -15042.00, -15069.34, -88075
40157, -15040.00, -15067.49, -88255
40162, -15037.00, -15065.64, -88447
40168, -15036.00, -15063.61, -88637
40174, -15034.00, -15061.65, -88829
40179, -15032.00, -15059.68, -89020
40185, -15030.00, -15057.72, -89208
40190, -15027.00, -15055.71, -89396
40196, -15025.00, -15053.72, -89578
40201, -15025.00, -15051.80, -89757
40207, -15022.00, -15049.96, -89922
40212, -15022.00, -15048.28, -90096
40217, -15018.00, -15046.48, -90280
40223, -15016.00, -15044.43, -90470
40228, -15015.00, -15042.48, -90636
40233, -15013.00, -15040.79, -90799
40238, -15010.00, -15039.07, -90967
40243, -15008.00, -15037.26, -91142
40248, -15007.00, -15035.33, -91325
40254, -15005.00, -15033.43, -91495
40259, -15005.00, -15031.71, -91652
40263, -15003.00, -15030.12, -91809
40268, -15001.00, -15028.57, -91994
40273, -14998.00, -15026.61, -92182
40279, -14996.00, -15024.67, -92370
40284, -14996.00, -15022.84, -92566
40290, -14993.00, -15020.88, -92759
40295, -14992.00, -15019.09, -92958
40300, -14990.00, -15017.23, -93171
40306, -14986.00, -15015.18, -93393
40312, -14986.00, -15013.12, -93588
40317, -14983.00, -15011.31, -93823
40323, -14982.00, -15009.19, -94026
40329, -14980.00, -15007.30, -94263
40334, -14978.00, -15005.39, -94496
40340, -14976.00, -15003.42, -94712
40345, -14975.00, -15001.69, -94939
40351, -14972.00, -14999.79, -95176
40356, -14971.00, -14997.98, -95410
40361, -14969.00, -14996.14, -95657
40367, -14966.00, -14994.28, -95916
40372, -14965.00, -14992.27, -96180
40378, -14962.00, -14990.41, -96437
40383, -14960.00, -14988.53, -96726
40389, -14958.00, -14986.48, -96987
40394, -14957.00, -14984.71, -97276
40399, -14955.00, -14982.73, -97596
40405, -14954.00, -14980.83, -97886
40410, -14951.00, -14979.09, -98230
40416, -14950.00, -14977.07, -98592
40422, -14947.00, -14974.92, -98961
40427, -14944.00, -14973.01, -99340
40433, -14942.00, -14970.89, -99749
40439, -14940.00, -14968.60, -100136
40445, -14940.00, -14966.55, -100498
40451, -14939.00, -14964.67, -100835
40457, -14935.00, -14962.83, -101147
40462, -14933.00, -14960.96, -101443
40467, -14933.00, -14959.23, -101731
40472, -14930.00, -14957.49, -101996
40477, -14929.00, -14955.81, -102279
40483, -14926.00, -14953.92, -102546
40488, -14924.00, -14952.06, -102780
40493, -14922.00, -14950.39, -103019
40498, -14921.00, -14948.53, -103253
40503, -14919.00, -14946.69, -103474
40508, -14917.00, -14944.99, -103688
40513, -14916.00, -14943.24, -103892
40518, -14914.00, -14941.46, -104115
40524, -14910.00, -14939.52, -104324
40529, -14909.00, -14937.53, -104520
40534, -14908.00, -14935.72, -104734
40540, -14905.00, -14933.63, -104924
40546, -14904.00, -14931.73, -105103
40551, -14903.00, -14929.96, -105278
40556, -14901.00, -14928.21, -105445
40561, -14898.00, -14926.46, -105607
40566, -14895.00, -14924.61, -105791
40572, -14894.00, -14922.53, -105953
40577, -14892.00, -14920.67, -106104
40582, -14891.00, -14918.94, -106251
40586, -14889.00, -14917.23, -106392
40591, -14888.00, -14915.53, -106548
40597, -14885.00, -14913.66, -106684
40601, -14883.00, -14911.98, -106821
40606, -14881.00, -14910.21, -106951
40611, -14880.00, -14908.53, -107087
40616, -14877.00, -14906.70, -107226
40621, -14876.00, -14904.88, -107351
40625, -14874.00, -14903.18, -107476
40630, -14872.00, -14901.47, -107605
40635, -14871.00, -14899.64, -107746
40640, -14869.00, -14897.73, -107876
40645, -14865.00, -14895.81, -108027
40651, -14864.00, -14893.53, -108163
40657, -14863.00, -14891.60, -108291
40662, -14861.00, -14889.76, -108398
40667, -14864.00, -14888.04, -108440
40673, -14864.00, -14886.27, -108429
40678, -14868.00, -14884.98, -108388
40684, -14869.00, -14883.94, -108324
40689, -14872.00, -14883.10, -108242
40694, -14873.00, -14882.41, -108134
40700, -14876.00, -14881.87, -108024
40705, -14879.00, -14881.59, -107909
40710, -14880.00, -14881.46, -107793
40715, -14882.00, -14881.43, -107659
40721, -14884.00, -14881.53, -107531
40725, -14885.00, -14881.71, -107403
40730, -14888.00, -14882.00, -107263
40736, -14890.00, -14882.47, -107120
40741, -14891.00, -14882.96, -106965
40747, -14893.00, -14883.58, -106808
40752, -14895.00, -14884.29, -106659
40757, -14896.00, -14884.98, -106511
40762, -14900.00, -14885.79, -106346
40768, -14902.00, -14886.82, -106159
40774, -14903.00, -14887.99, -105998
40779, -14906.00, -14889.02, -105843
40784, -14906.00, -14890.03, -105661
40790, -14909.00, -14891.26, -105493
40795, -14911.00, -14892.40, -105305
40801, -14913.00, -14893.77, -105105
40806, -14916.00, -14895.18, -104903
40812, -14919.00, -14896.73, -104704
40817, -14919.00, -14898.21, -104505
40823, -14921.00, -14899.62, -104305
40828, -14922.00, -14900.99, -104089
40833, -14925.00, -14902.48, -103870
40839, -14927.00, -14904.03, -103646
40844, -14929.00, -14905.56, -103402
40850, -14932.00, -14907.30, -103166
40855, -14932.00, -14908.80, -102904
40861, -14936.00, -14910.56, -102642
40866, -14938.00, -14912.32, -102362
40871, -14939.00, -14914.02, -102093
40876, -14940.00, -14915.60, -101815
40882, -14943.00, -14917.21, -101489
40887, -14945.00, -14919.04, -101174
40892, -14947.00, -14920.74, -100809
40898, -14948.00, -14922.62, -100488
40903, -14950.00, -14924.19, -100158
40908, -14950.00, -14925.79, -99830
40913, -14954.00, -14927.33, -99526
40918, -14956.00, -14928.89, -99223
40922, -14957.00, -14930.45, -98908
40927, -14959.00, -14932.14, -98580
40932, -14961.00, -14933.87, -98263
40938, -14961.00, -14935.64, -97977
40942, -14966.00, -14937.20, -97667
40948, -14966.00, -14939.12, -97371
40953, -14968.00, -14940.83, -97128
40957, -14970.00, -14942.37, -96893
40962, -14972.00, -14943.92, -96652
40966, -14974.00, -14945.53, -96404
40971, -14974.00, -14947.21, -96150
40976, -14977.00, -14949.01, -95868
40982, -14978.00, -14950.98, -95649
40987, -14981.00, -14952.59, -95440
40991, -14981.00, -14954.14, -95224
40996, -14983.00, -14955.75, -94991
41001, -14985.00, -14957.59, -94771
41006, -14986.00, -14959.29, -94554
41011, -14989.00, -14961.10, -94313
41017, -14990.00, -14963.00, -94104
41022, -14993.00, -14964.76, -93905
41027, -14994.00, -14966.53, -93687
41033, -14995.00, -14968.39, -93474
41038, -14998.00, -14970.27, -93283
41043, -15000.00, -14971.97, -93080
41049, -15001.00, -14973.91, -92883
41054, -15003.00, -14975.66, -92702
41059, -15005.00, -14977.43, -92497
41064, -15007.00, -14979.31, -92288
41070, -15010.00, -14981.41, -92112
41075, -15011.00, -14983.16, -91906
41081, -15015.00, -14985.30, -91724
41086, -15015.00, -14987.21, -91548
41091, -15017.00, -14989.00, -91352
41097, -15019.00, -14991.01, -91148
41103, -15020.00, -14993.03, -90952
41109, -15022.00, -14995.01, -90770
41114, -15024.00, -14996.78, -90574
41120, -15028.00, -14998.84, -90399
41125, -15029.00, -15000.67, -90223
41130, -15030.00, -15002.52, -90042
41136, -15034.00, -15004.45, -89855
41141, -15035.00, -15006.47, -89670
41147, -15036.00, -15008.40, -89489
41152, -15038.00, -15010.26, -89305
41158, -15041.00, -15012.26, -89114
41163, -15042.00, -15014.17, -88919
41169, -15045.00, -15016.23, -88739
41174, -15046.00, -15018.13, -88556
41180, -15048.00, -15020.10, -88351
41185, -15050.00, -15022.07, -88171
41191, -15052.00, -15023.93, -87981
41196, -15055.00, -15025.94, -87771
41202, -15057.00, -15028.09, -87582
41207, -15058.00, -15029.98, -87380
41213, -15060.00, -15031.97, -87184
41219, -15062.00, -15033.98, -86960
41224, -15063.00, -15035.98, -86757
41230, -15065.00, -15037.86, -86555
41235, -15067.00, -15039.70, -86347
41241, -15069.00, -15041.57, -86154
41246, -15072.00, -15043.36, -85936
41252, -15074.00, -15045.40, -85733
41257, -15075.00, -15047.20, -85515
41262, -15078.00, -15049.18, -85280
41268, -15079.00, -15051.18, -85046
41273, -15081.00, -15053.13, -84821
41279, -15083.00, -15054.98, -84579
41284, -15086.00, -15057.05, -84334
41290, -15087.00, -15058.93, -84106
41295, -15089.00, -15060.68, -83858
41300, -15090.00, -15062.69, -83609
41306, -15093.00, -15064.56, -83347
41311, -15096.00, -15066.65, -83095
41317, -15097.00, -15068.82, -82851
41323, -15099.00, -15070.70, -82602
41329, -15103.00, -15072.89, -82378
41334, -15103.00, -15074.87, -82162
41339, -15104.00, -15076.72, -81950
41345, -15107.00, -15078.61, -81736
41350, -15109.00, -15080.60, -81538
41356, -15112.00, -15082.60, -81334
41361, -15114.00, -15084.63, -81148
41367, -15115.00, -15086.57, -80959
41372, -15119.00, -15088.58, -80788
41377, -15120.00, -15090.51, -80611
41383, -15124.00, -15092.65, -80421
41389, -15124.00, -15094.82, -80251
41394, -15127.00, -15096.81, -80089
41399, -15128.00, -15098.78, -79939
41404, -15130.00, -15100.64, -79773
41410, -15132.00, -15102.73, -79606
41416, -15134.00, -15104.79, -79439
41422, -15137.00, -15106.99, -79291
41427, -15138.00, -15108.97, -79141
41432, -15141.00, -15111.00, -78989
41438, -15144.00, -15113.20, -78842
41443, -15144.00, -15115.17, -78704
41449, -15147.00, -15117.08, -78575
41453, -15149.00, -15118.94, -78448
41458, -15151.00, -15120.78, -78318
41463, -15152.00, -15122.67, -78191
41468, -15155.00, -15124.55, -78068
41473, -15157.00, -15126.44, -77927
41479, -15159.00, -15128.61, -77809
41484, -15161.00, -15130.41, -77681
41489, -15163.00, -15132.43, -77552
41494, -15164.00, -15134.44, -77415
41500, -15168.00, -15136.63, -77288
41505, -15168.00, -15138.54, -77155
41510, -15171.00, -15140.56, -77014
41516, -15173.00, -15142.89, -76870
41522, -15176.00, -15145.07, -76734
41528, -15180.00, -15147.41, -76593
41534, -15181.00, -15149.67, -76455
41539, -15184.00, -15151.91, -76322
41545, -15186.00, -15154.14, -76189
41550, -15188.00, -15156.30, -76051
41556, -15189.00, -15158.59, -75907
41562, -15194.00, -15160.87, -75776
41567, -15195.00, -15163.09, -75640
41573, -15199.00, -15165.43, -75498
41579, -15201.00, -15167.85, -75371
41584, -15203.00, -15169.93, -75234
41589, -15205.00, -15172.20, -75095
41595, -15207.00, -15174.46, -74950
41600, -15210.00, -15176.74, -74814
41605, -15212.00, -15178.94, -74676
41611, -15215.00, -15181.12, -74531
41616, -15216.00, -15183.45, -74363
41622, -15220.00, -15186.02, -74224
41628, -15222.00, -15188.21, -74078
41633, -15225.00, -15190.48, -73904
41639, -15228.00, -15193.18, -73747
41645, -15230.00, -15195.62, -73579
41650, -15233.00, -15198.08, -73418
41656, -15235.00, -15200.48, -73253
41661, -15238.00, -15202.89, -73093
41666, -15241.00, -15205.20, -72931
41672, -15243.00, -15207.52, -72764
41677, -15245.00, -15209.87, -72593
41682, -15249.00, -15212.23, -72422
41687, -15250.00, -15214.56, -72251
41692, -15252.00, -15216.76, -72067
41698, -15255.00, -15219.23, -71881
41703, -15259.00, -15221.53, -71702
41708, -15262.00, -15223.83, -71518
41713, -15264.00, -15226.24, -71337
41717, -15265.00, -15228.39, -71141
41722, -15268.00, -15230.77, -70932
41728, -15271.00, -15233.25, -70711
41733, -15275.00, -15235.84, -70483
41739, -15277.00, -15238.56, -70249
41744, -15279.00, -15241.11, -69979
41750, -15282.00, -15244.00, -69730
41755, -15284.00, -15246.54, -69447
41761, -15288.00, -15249.38, -69185
41767, -15290.00, -15251.91, -68916
41772, -15293.00, -15254.43, -68627
41777, -15296.00, -15257.02, -68355
41782, -15299.00, -15259.40, -68045
41787, -15301.00, -15262.05, -67747
41792, -15302.00, -15264.41, -67434
41797, -15306.00, -15266.93, -67109
41803, -15309.00, -15269.56, -66794
41808, -15312.00, -15272.05, -66486
41813, -15314.00, -15274.55, -66162
41818, -15318.00, -15277.38, -65869
41823, -15321.00, -15279.89, -65583
41828, -15324.00, -15282.59, -65299
41834, -15326.00, -15285.21, -65006
41839, -15329.00, -15287.98, -64716
41845, -15332.00, -15290.87, -64440
41850, -15336.00, -15293.73, -64166
41855, -15340.00, -15296.65, -63907
41861, -15343.00, -15299.56, -63642
41866, -15346.00, -15302.65, -63380
41872, -15348.00, -15305.69, -63135
41878, -15352.00, -15308.66, -62902
41883, -15355.00, -15311.53, -62661
41889, -15358.00, -15314.71, -62432
41894, -15364.00, -15317.74, -62198
41900, -15367.00, -15321.04, -61982
41905, -15370.00, -15324.12, -61776
41910, -15371.00, -15327.07, -61553
41916, -15376.00, -15330.32, -61333
41922, -15379.00, -15333.52, -61142
41927, -15384.00, -15336.43, -60961
41931, -15386.00, -15339.27, -60791
41936, -15389.00, -15341.94, -60602
41941, -15393.00, -15345.07, -60403
41947, -15397.00, -15348.39, -60210
41952, -15401.00, -15351.77, -60026
41957, -15405.00, -15354.93, -59844
41962, -15408.00, -15358.17, -59666
41968, -15413.00, -15361.46, -59503
41972, -15415.00, -15364.52, -59348
41977, -15419.00, -15367.47, -59196
41981, -15422.00, -15370.33, -59047
41986, -15425.00, -15373.18, -58894
41990, -15430.00, -15376.23, -58741
41995, -15433.00, -15379.28, -58589
41999, -15437.00, -15382.32, -58420
42005, -15441.00, -15386.01, -58260
42009, -15444.00, -15389.10, -58088
42014, -15448.00, -15392.75, -57924
42019, -15454.00, -15396.14, -57772
42024, -15457.00, -15399.41, -57604
42029, -15460.00, -15403.12, -57423
42034, -15466.00, -15407.04, -57254
42039, -15470.00, -15410.79, -57078
42045, -15475.00, -15414.73, -56892
42050, -15480.00, -15418.94, -56727
42055, -15484.00, -15422.59, -56543
42060, -15490.00, -15426.91, -56346
42066, -15493.00, -15431.39, -56177
42071, -15500.00, -15435.14, -55988
42076, -15504.00, -15439.70, -55801
42082, -15508.00, -15443.87, -55616
42087, -15514.00, -15448.24, -55409
42093, -15520.00, -15453.12, -55212
42098, -15526.00, -15457.86, -55030
42103, -15531.00, -15462.21, -54831
42109, -15538.00, -15467.02, -54642
42114, -15542.00, -15471.67, -54445
42119, -15549.00, -15476.40, -54251
42125, -15555.00, -15481.13, -54045
42130, -15561.00, -15486.37, -53835
42135, -15567.00, -15491.37, -53631
42141, -15573.00, -15496.82, -53409
42146, -15578.00, -15501.73, -53193
42152, -15584.00, -15506.84, -52989
42157, -15590.00, -15511.71, -52763
42162, -15595.00, -15517.15, -52527
42168, -15603.00, -15522.70, -52301
42173, -15610.00, -15527.91, -52062
42179, -15618.00, -15534.07, -51796
42184, -15624.00, -15539.96, -51559
42189, -15630.00, -15545.26, -51325
42195, -15638.00, -15550.94, -51048
42200, -15644.00, -15557.18, -50801
42206, -15653.00, -15562.97, -50548
42211, -15661.00, -15569.22, -50302
42216, -15665.00, -15575.36, -50035
42222, -15672.00, -15582.03, -49801
42228, -15679.00, -15588.13, -49584
42233, -15687.00, -15593.93, -49377
42238, -15695.00, -15599.88, -49163
42243, -15702.00, -15606.16, -48964
42248, -15709.00, -15612.22, -48774
42253, -15716.00, -15618.24, -48575
42258, -15725.00, -15624.75, -48391
42263, -15732.00, -15631.22, -48187
42269, -15743.00, -15638.78, -48008
42274, -15749.00, -15644.97, -47815
42280, -15759.00, -15652.55, -47630
42285, -15768.00, -15660.08, -47450
42290, -15777.00, -15667.25, -47281
42296, -15786.00, -15674.77, -47114
42301, -15794.00, -15682.19, -46958
42306, -15803.00, -15689.30, -46813
42311, -15811.00, -15696.11, -46640
42317, -15819.00, -15704.64, -46488
42322, -15828.00, -15712.06, -46341
42327, -15838.00, -15719.49, -46207
42331, -15845.00, -15726.22, -46075
42336, -15853.00, -15733.25, -45935
42341, -15863.00, -15740.71, -45809
42346, -15869.00, -15747.54, -45684
42350, -15878.00, -15754.57, -45560
42355, -15884.00, -15761.52, -45421
42360, -15894.00, -15769.66, -45281
42365, -15905.00, -15778.12, -45138
42370, -15914.00, -15786.30, -45012
42375, -15922.00, -15793.94, -44877
42380, -15932.00, -15802.28, -44738
42386, -15942.00, -15810.96, -44603
42391, -15951.00, -15819.88, -44458
42396, -15961.00, -15828.92, -44328
42401, -15971.00, -15837.19, -44191
42407, -15981.00, -15846.57, -44044
42412, -15991.00, -15855.80, -43899
42418, -15999.00, -15865.41, -43763
42423, -16009.00, -15874.16, -43606
42429, -16021.00, -15884.74, -43454
42435, -16032.00, -15894.75, -43317
42441, -16044.00, -15903.88, -43185
42446, -16052.00, -15913.28, -43053
42451, -16062.00, -15922.02, -42923
42456, -16071.00, -15931.17, -42785
42461, -16082.00, -15940.53, -42647
42467, -16092.00, -15950.29, -42505
42472, -16099.00, -15959.43, -42367
42477, -16111.00, -15968.58, -42233
42482, -16118.00, -15977.39, -42095
42487, -16128.00, -15986.31, -41954
42493, -16137.00, -15995.93, -41814
42497, -16146.00, -16004.63, -41659
42503, -16154.00, -16014.41, -41506
42509, -16165.00, -16024.53, -41350
42514, -16173.00, -16033.79, -41186
42520, -16184.00, -16043.66, -41033
42525, -16192.00, -16052.52, -40870
42530, -16201.00, -16061.98, -40712
42535, -16210.00, -16071.15, -40559
42540, -16218.00, -16079.64, -40365
42547, -16229.00, -16090.79, -40191
42552, -16238.00, -16099.97, -40011
42557, -16248.00, -16109.61, -39843
42563, -16255.00, -16118.44, -39654
42568, -16262.00, -16127.64, -39462
42574, -16271.00, -16137.08, -39276
42579, -16279.00, -16145.72, -39093
42584, -16285.00, -16153.97, -38909
42589, -16294.00, -16162.07, -38698
42594, -16301.00, -16170.93, -38502
42599, -16311.00, -16179.14, -38292
42604, -16317.00, -16187.60, -38085
42609, -16324.00, -16195.67, -37843
42615, -16333.00, -16205.04, -37585
42621, -16341.00, -16214.02, -37338
42626, -16349.00, -16222.26, -37075
42631, -16356.00, -16231.00, -36786
42637, -16364.00, -16240.20, -36477
42643, -16371.00, -16249.21, -36150
42649, -16379.00, -16258.33, -35813
42655, -16385.00, -16267.10, -35479
42660, -16393.00, -16275.35, -35139
42666, -16401.00, -16283.50, -34786
42671, -16409.00, -16291.75, -34420
42677, -16415.00, -16299.84, -34041
42683, -16422.00, -16308.29, -33680
42689, -16429.00, -16316.99, -33262
42695, -16436.00, -16325.81, -32931
42701, -16442.00, -16333.32, -32604
42707, -16450.00, -16341.09, -32308
42712, -16457.00, -16348.22, -32030
42717, -16461.00, -16354.79, -31759
42722, -16467.00, -16361.42, -31487
42727, -16471.00, -16368.22, -31235
42732, -16478.00, -16374.47, -30965
42737, -16484.00, -16381.51, -30720
42742, -16488.00, -16387.93, -30452
42748, -16494.00, -16395.05, -30176
42754, -16500.00, -16402.55, -29923
42759, -16506.00, -16409.40, -29669
42765, -16511.00, -16416.14, -29439
42770, -16517.00, -16422.59, -29209
42776, -16521.00, -16428.77, -28982
42781, -16528.00, -16435.29, -28756
42787, -16533.00, -16441.54, -28552
42792, -16538.00, -16447.25, -28335
42798, -16544.00, -16453.96, -28121
42803, -16549.00, -16459.98, -27919
42808, -16554.00, -16465.69, -27709
42814, -16559.00, -16471.93, -27518
42819, -16563.00, -16477.33, -27328
42824, -16568.00, -16482.91, -27118
42830, -16573.00, -16489.01, -26896
42836, -16579.00, -16495.57, -26720
42841, -16582.00, -16500.79, -26526
42847, -16588.00, -16506.72, -26340
42852, -16591.00, -16511.99, -26169
42857, -16596.00, -16517.06, -25991
42862, -16600.00, -16522.16, -25812
42868, -16605.00, -16527.29, -25648
42872, -16608.00, -16531.91, -25476
42878, -16613.00, -16537.09, -25292
42883, -16615.00, -16542.28, -25118
42888, -16620.00, -16546.85, -24943
42894, -16624.00, -16551.84, -24749
42900, -16629.00, -16557.04, -24582
42905, -16632.00, -16561.51, -24408
42910, -16636.00, -16566.11, -24224
42915, -16641.00, -16571.00, -24032
42921, -16644.00, -16576.05, -23860
42927, -16648.00, -16580.71, -23687
42932, -16651.00, -16584.83, -23496
42937, -16655.00, -16589.53, -23324
42943, -16659.00, -16594.04, -23107
42949, -16664.00, -16598.98, -22928
42954, -16668.00, -16603.28, -22734
42960, -16671.00, -16607.81, -22537
42965, -16673.00, -16612.28, -22340
42971, -16679.00, -16616.68, -22155
42976, -16682.00, -16620.80, -21959
42982, -16685.00, -16625.06, -21753
42988, -16690.00, -16629.46, -21550
42993, -16693.00, -16633.71, -21343
42999, -16697.00, -16637.90, -21148
43004, -16699.00, -16641.76, -20955
43010, -16704.00, -16645.51, -20764
43015, -16706.00, -16649.13, -20582
43019, -16710.00, -16652.59, -20372
43025, -16712.00, -16656.32, -20164
43030, -16714.00, -16659.99, -19949
43035, -16720.00, -16663.79, -19742
43040, -16722.00, -16667.15, -19552
43045, -16723.00, -16670.26, -19354
43050, -16727.00, -16673.38, -19154
43054, -16730.00, -16676.53, -18931
43059, -16733.00, -16680.02, -18694
43065, -16736.00, -16683.48, -18454
43070, -16737.00, -16686.93, -18245
43075, -16740.00, -16689.82, -18039
43079, -16743.00, -16692.71, -17839
43084, -16748.00, -16695.58, -17620
43089, -16751.00, -16698.92, -17402
43094, -16751.00, -16702.21, -17159
43100, -16755.00, -16705.71, -16964
43104, -16757.00, -16708.51, -16782
43109, -16759.00, -16711.23, -16591
43114, -16763.00, -16714.22, -16413
43118, -16763.00, -16716.92, -16240
43123, -16767.00, -16719.59, -16037
43129, -16771.00, -16723.15, -15834
43134, -16773.00, -16726.35, -15675
43138, -16777.00, -16729.04, -15497
43144, -16778.00, -16732.13, -15311
43149, -16780.00, -16735.34, -15149
43154, -16783.00, -16738.11, -15005
43159, -16786.00, -16740.62, -14867
43163, -16788.00, -16743.11, -14728
43168, -16790.00, -16745.62, -14590
43172, -16790.00, -16748.07, -14430
43178, -16793.00, -16750.97, -14283
43183, -16798.00, -16753.67, -14130
43188, -16800.00, -16756.68, -13986
43193, -16802.00, -16759.46, -13812
43199, -16806.00, -16762.74, -13671
43204, -16809.00, -16765.50, -13532
43209, -16810.00, -16768.26, -13396
43215, -16813.00, -16771.04, -13258
43220, -16814.00, -16773.65, -13123
43225, -16818.00, -16776.42, -12971
43231, -16820.00, -16779.32, -12826
43236, -16822.00, -16782.16, -12700
43241, -16824.00, -16784.65, -12576
43246, -16828.00, -16787.12, -12453
43251, -16828.00, -16789.54, -12336
43256, -16832.00, -16791.89, -12204
43261, -16833.00, -16794.53, -12070
43267, -16836.00, -16797.29, -11948
43272, -16840.00, -16799.73, -11807
43278, -16843.00, -16802.66, -11672
43283, -16844.00, -16805.43, -11552
43288, -16847.00, -16807.84, -11415
43294, -16851.00, -16810.72, -11281
43300, -16851.00, -16813.50, -11156
43305, -16854.00, -16815.94, -11034
43310, -16856.00, -16818.39, -10902
43315, -16858.00, -16820.96, -10778
43321, -16861.00, -16823.46, -10649
43326, -16864.00, -16825.98, -10537
43331, -16866.00, -16828.22, -10421
43336, -16866.00, -16830.45, -10302
43341, -16869.00, -16832.77, -10187
43345, -16872.00, -16834.95, -10079
43350, -16873.00, -16837.02, -9971
43355, -16874.00, -16839.06, -9855
43359, -16877.00, -16841.13, -9733
43364, -16880.00, -16843.46, -9607
43369, -16881.00, -16845.73, -9479
43375, -15000.00, -16787.24, -9342
43380, -16886.00, -16732.61, -9205
43386, -16889.00, -16743.54, -9078
43390, -16890.00, -16751.69, -8940
43396, -16893.00, -16761.20, -8797
43401, -16896.00, -16769.77, -8659
43407, -16898.00, -16778.14, -8513
43412, -16898.00, -16785.93, -8351
43418, -16901.00, -16794.22, -8211
43423, -16903.00, -16800.88, -8076
43428, -16905.00, -16806.96, -7942
43433, -16907.00, -16812.60, -7808
43437, -16909.00, -16818.10, -7673
43442, -16912.00, -16823.35, -7542
43447, -16914.00, -16828.33, -7406
43451, -16915.00, -16833.04, -7274
43456, -16916.00, -16837.59, -7129
43460, -16918.00, -16842.11, -6967
43466, -16920.00, -16847.19, -6810
43470, -16921.00, -16851.33, -6629
43476, -16926.00, -16856.24, -6449
43481, -16926.00, -16860.94, -6270
43487, -16930.00, -16865.13, -6083
43492, -16931.00, -16869.34, -5882
43498, -16932.00, -16873.75, -5681
43503, -16935.00, -16877.46, -5476
43508, -16937.00, -16881.31, -5269
43514, -16938.00, -16885.10, -5040
43519, -16942.00, -16888.65, -4844
43524, -16943.00, -16891.80, -4598
43530, -16946.00, -16895.44, -4341
43536, -16948.00, -16899.22, -4093
43541, -16949.00, -16902.31, -3858
43546, -16952.00, -16905.21, -3611
43551, -16953.00, -16908.07, -3349
43556, -16955.00, -16910.99, -3077
43561, -16958.00, -16913.71, -2803
43566, -16958.00, -16916.36, -2515
43571, -16961.00, -16918.94, -2246
43575, -16962.00, -16921.27, -1970
43580, -16964.00, -16923.59, -1685
43584, -16967.00, -16925.97, -1407
43589, -16966.00, -16928.20, -1082
43594, -16969.00, -16930.75, -772
43599, -16971.00, -16933.26, -495
43605, -16974.00, -16935.68, -183
43610, -16975.00, -16938.07, 120
43615, -16976.00, -16940.51, 395
43620, -16979.00, -16942.78, 663
43625, -16980.00, -16945.02, 920
43630, -16984.00, -16947.20, 1194
43635, -16984.00, -16949.65, 1446
43640, -16985.00, -16951.78, 1687
43645, -16989.00, -16953.92, 1934
43650, -16990.00, -16956.15, 2172
43656, -16992.00, -16958.34, 2409
43661, -16993.00, -16960.48, 2647
43666, -16994.00, -16962.64, 2866
43671, -16997.00, -16964.65, 3077
43676, -16997.00, -16966.61, 3283
43681, -17001.00, -16968.58, 3497
43686, -17002.00, -16970.63, 3703
43691, -17004.00, -16972.60, 3918
43697, -17006.00, -16974.73, 4114
43702, -17008.00, -16976.70, 4310
43707, -17009.00, -16978.66, 4494
43711, -17012.00, -16980.50, 4664
43716, -17012.00, -16982.25, 4836
43721, -17015.00, -16984.03, 5041
43726, -17016.00, -16986.14, 5233
43732, -17017.00, -16988.13, 5424
43737, -17020.00, -16990.03, 5609
43742, -17021.00, -16991.96, 5809
43748, -17022.00, -16994.00, 5992
43753, -17026.00, -16995.89, 6174
43758, -17027.00, -16997.85, 6366
43764, -17028.00, -16999.85, 6549
43769, -17031.00, -17001.77, 6728
43774, -17032.00, -17003.74, 6914
43780, -17034.00, -17005.60, 7101
43785, -17035.00, -17007.53, 7278
43790, -17039.00, -17009.38, 7453
43795, -17040.00, -17011.28, 7621
43800, -17041.00, -17013.04, 7799
43806, -17044.00, -17014.94, 7961
43810, -17046.00, -17016.66, 8116
43815, -17047.00, -17018.32, 8283
43820, -17049.00, -17020.12, 8445
43825, -17049.00, -17021.78, 8619
43830, -17051.00, -17023.54, 8799
43835, -17054.00, -17025.48, 8981
43840, -17055.00, -17027.28, 9167
43846, -17058.00, -17029.19, 9348
43851, -17060.00, -17031.11, 9540
43856, -17061.00, -17033.06, 9732
43862, -17063.00, -17035.00, 9923
43867, -17065.00, -17036.91, 10111
43873, -17068.00, -17038.76, 10297
43878, -17069.00, -17040.67, 10480
43883, -17071.00, -17042.47, 10666
43888, -17072.00, -17044.29, 10868
43893, -17076.00, -17046.25, 11061
43899, -17076.00, -17048.13, 11249
43904, -17077.00, -17049.82, 11453
43909, -17079.00, -17051.67, 11639
43914, -17082.00, -17053.34, 11839
43919, -17084.00, -17055.19, 12050
43924, -17083.00, -17057.05, 12262
43929, -17088.00, -17058.82, 12484
43935, -17089.00, -17060.78, 12700
43940, -17091.00, -17062.64, 12918
43945, -17092.00, -17064.44, 13145
43950, -17093.00, -17066.22, 13363
43955, -17095.00, -17067.91, 13610
43961, -17098.00, -17069.84, 13871
43967, -17100.00, -17071.88, 14114
43972, -17101.00, -17073.75, 14373
43977, -17104.00, -17075.60, 14628
43983, -17106.00, -17077.54, 14882
43988, -17107.00, -17079.46, 15124
43993, -17110.00, -17081.33, 15357
43999, -17110.00, -17083.10, 15582
44004, -17111.00, -17084.86, 15814
44009, -17113.00, -17086.63, 16037
44015, -17116.00, -17088.46, 16264
44020, -17120.00, -17090.48, 16490
44026, -17120.00, -17092.57, 16683
44031, -17122.00, -17094.30, 16882
44036, -17124.00, -17096.17, 17067
44042, -17125.00, -17097.95, 17263
44047, -17127.00, -17099.87, 17450
44053, -17130.00, -17101.79, 17669
44059, -17131.00, -17104.04, 17870
44065, -17133.00, -17106.14, 18037
44071, -17136.00, -17108.00, 18200
44076, -17138.00, -17109.82, 18350
44081, -17141.00, -17111.62, 18492
44086, -17140.00, -17113.32, 18632
44091, -17142.00, -17114.93, 18768
44095, -17144.00, -17116.53, 18896
44100, -17145.00, -17118.14, 19033
44105, -17147.00, -17119.79, 19165
44110, -17149.00, -17121.41, 19311
44115, -17150.00, -17123.27, 19454
44120, -17154.00, -17125.14, 19580
44125, -17155.00, -17126.87, 19702
44130, -17157.00, -17128.50, 19849
44135, -17158.00, -17130.49, 19973
44140, -17160.00, -17132.16, 20105
44146, -17162.00, -17134.04, 20231
44150, -17163.00, -17135.74, 20355
44155, -17166.00, -17137.48, 20481
44161, -17166.00, -17139.29, 20618
44166, -17169.00, -17141.22, 20738
44171, -17170.00, -17142.86, 20871
44177, -17172.00, -17144.78, 21008
44182, -17175.00, -17146.72, 21127
44187, -17176.00, -17148.43, 21234
44191, -17177.00, -17149.95, 21342
44196, -17178.00, -17151.45, 21452
44201, -17182.00, -17153.04, 21565
44205, -17184.00, -17154.79, 21685
44210, -17185.00, -17156.57, 21809
44215, -17186.00, -17158.39, 21920
44220, -17189.00, -17160.01, 22044
44225, -17192.00, -17162.00, 22169
44230, -17191.00, -17163.81, 22293
44236, -17193.00, -17165.61, 22424
44241, -17198.00, -17167.58, 22559
44247, -17199.00, -17169.71, 22676
44252, -17201.00, -17171.51, 22813
44257, -17203.00, -17173.59, 22945
44263, -17204.00, -17175.61, 23086
44268, -17207.00, -17177.63, 23231
44274, -17209.00, -17179.73, 23370
44280, -17211.00, -17181.75, 23517
44285, -17213.00, -17183.82, 23664
44291, -17217.00, -17185.96, 23815
44297, -17217.00, -17188.15, 23957
44302, -17220.00, -17190.13, 24106
44307, -17221.00, -17192.13, 24250
44313, -17225.00, -17194.18, 24411
44318, -17227.00, -17196.34, 24550
44323, -17230.00, -17198.27, 24688
44328, -17230.00, -17200.10, 24842
44333, -17233.00, -17202.14, 24985
44338, -17234.00, -17203.98, 25151
44344, -17236.00, -17206.04, 25311
44349, -17239.00, -17208.02, 25460
44354, -17240.00, -17209.85, 25623
44359, -17243.00, -17211.81, 25793
44364, -17245.00, -17213.86, 25967
44369, -17247.00, -17215.88, 26146
44374, -17248.00, -17217.90, 26330
44380, -17252.00, -17219.92, 26509
44385, -17253.00, -17221.91, 26690
44389, -17254.00, -17223.79, 26902
44395, -17256.00, -17225.91, 27123
44401, -17259.00, -17228.07, 27342
44406, -17261.00, -17230.16, 27554
44411, -17263.00, -17232.14, 27770
44416, -17266.00, -17234.12, 27990
44421, -17267.00, -17236.07, 28241
44427, -17270.00, -17238.22, 28494
44432, -17273.00, -17240.36, 28745
44437, -17275.00, -17242.45, 29044
44443, -17276.00, -17244.78, 29322
44448, -17280.00, -17246.87, 29618
44453, -17283.00, -17249.08, 29925
44459, -17285.00, -17251.32, 30231
44463, -17287.00, -17253.42, 30554
44469, -17289.00, -17255.56, 30876
44474, -17291.00, -17257.65, 31202
44479, -17293.00, -17259.76, 31575
44485, -17296.00, -17262.28, 31931
44490, -17300.00, -17264.60, 32268
44495, -17302.00, -17267.01, 32612
44501, -17303.00, -17269.46, 32955
44507, -17306.00, -17271.91, 33263
44512, -17309.00, -17274.21, 33585
44518, -17312.00, -17276.75, 33898
44524, -17315.00, -17279.32, 34164
44529, -17318.00, -17281.65, 34428
44534, -17320.00, -17283.90, 34671
44539, -17322.00, -17286.11, 34932
44544, -17325.00, -17288.56, 35172
44549, -17328.00, -17290.87, 35421
44555, -17332.00, -17293.50, 35656
44560, -17333.00, -17295.85, 35872
44564, -17336.00, -17298.12, 36085
44569, -17338.00, -17300.45, 36314
44575, -17339.00, -17302.90, 36503
44579, -17344.00, -17305.03, 36723
44584, -17345.00, -17307.63, 36912
44589, -17348.00, -17309.80, 37126
44595, -17351.00, -17312.49, 37336
44600, -17354.00, -17315.07, 37551
44605, -17356.00, -17317.77, 37740
44611, -17359.00, -17320.22, 37939
44616, -17361.00, -17322.79, 38121
44621, -17365.00, -17325.21, 38316
44626, -17367.00, -17327.99, 38504
44632, -17371.00, -17330.56, 38680
44637, -17372.00, -17333.09, 38862
44642, -17376.00, -17335.79, 39047
44647, -17380.00, -17338.55, 39214
44652, -17383.00, -17341.13, 39390
44658, -17385.00, -17343.88, 39568
44663, -17385.00, -17346.65, 39665
44668, -17381.00, -17348.83, 39690
44673, -17380.00, -17350.53, 39673
44678, -17376.00, -17352.24, 39606
44683, -17373.00, -17353.81, 39526
44688, -17370.00, -17354.77, 39433
44692, -17369.00, -17355.56, 39310
44697, -17366.00, -17356.31, 39186
44702, -17362.00, -17356.74, 39056
44706, -17361.00, -17357.00, 38917
44711, -17358.00, -17357.14, 38752
44716, -17355.00, -17357.10, 38600
44721, -17352.00, -17356.90, 38422
44726, -17350.00, -17356.51, 38230
44732, -17346.00, -17355.96, 38061
44736, -17345.00, -17355.35, 37862
44742, -17342.00, -17354.56, 37648
44748, -17338.00, -17353.55, 37458
44753, -17336.00, -17352.54, 37245
44758, -17334.00, -17351.34, 37033
44764, -17330.00, -17350.07, 36831
44769, -17327.00, -17348.76, 36614
44774, -17324.00, -17347.19, 36388
44779, -17321.00, -17345.61, 36159
44785, -17319.00, -17343.92, 35934
44790, -17317.00, -17342.29, 35693
44795, -17313.00, -17340.51, 35469
44800, -17312.00, -17338.81, 35222
44806, -17309.00, -17336.94, 34955
44811, -17306.00, -17334.98, 34700
44816, -17304.00, -17333.11, 34452
44821, -17301.00, -17331.29, 34152
44827, -17299.00, -17329.08, 33858
44833, -17297.00, -17327.02, 33572
44838, -17293.00, -17325.04, 33245
44843, -17290.00, -17322.70, 32943
44849, -17289.00, -17320.64, 32596
44854, -17286.00, -17318.36, 32229
44860, -17283.00, -17315.97, 31876
44865, -17281.00, -17313.76, 31531
44871, -17279.00, -17311.61, 31197
44876, -17276.00, -17309.50, 30872
44881, -17274.00, -17307.37, 30559
44886, -17274.00, -17305.38, 30243
44891, -17269.00, -17303.17, 29926
44896, -17268.00, -17300.98, 29625
44901, -17265.00, -17298.83, 29346
44906, -17263.00, -17296.71, 29080
44911, -17261.00, -17294.62, 28802
44917, -17259.00, -17292.29, 28531
44922, -17256.00, -17290.08, 28291
44927, -17255.00, -17287.96, 28050
44932, -17254.00, -17285.88, 27828
44937, -17252.00, -17283.87, 27607
44942, -17248.00, -17281.86, 27389
44947, -17247.00, -17279.70, 27190
44952, -17243.00, -17277.64, 26989
44957, -17242.00, -17275.49, 26765
44963, -17241.00, -17273.04, 26560
44968, -17238.00, -17270.91, 26381
44973, -17235.00, -17268.87, 26208
44978, -17235.00, -17266.90, 26039
44983, -17232.00, -17264.93, 25867
44988, -17229.00, -17262.78, 25700
44993, -17229.00, -17260.81, 25549
44997, -17226.00, -17258.97, 25400
45002, -17225.00, -17257.08, 25251
45007, -17222.00, -17255.09, 25082
45012, -17219.00, -17252.82, 24914
45017, -17218.00, -17250.59, 24773
45022, -17216.00, -17248.67, 24607
45028, -17214.00, -17246.30, 24443
45034, -17213.00, -17244.03, 24296
45039, -17210.00, -17241.98, 24145
45044, -17207.00, -17239.83, 23998
45049, -17205.00, -17237.65, 23856
45055, -17204.00, -17235.49, 23710
45060, -17201.00, -17233.35, 23549
45066, -17200.00, -17230.94, 23414
45071, -17198.00, -17228.92, 23280
45077, -17195.00, -17226.86, 23132
45082, -17193.00, -17224.54, 22994
45088, -17192.00, -17222.37, 22869
45093, -17190.00, -17220.49, 22753
45098, -17189.00, -17218.72, 22630
45103, -17186.00, -17216.78, 22513
45107, -17184.00, -17215.01, 22400
45112, -17182.00, -17213.19, 22289
45116, -17180.00, -17211.43, 22178
45121, -17179.00, -17209.65, 22071
45125, -17178.00, -17207.98, 21952
45130, -17175.00, -17206.11, 21840
45135, -17175.00, -17204.33, 21715
45140, -17173.00, -17202.48, 21581
45146, -17169.00, -17200.27, 21458
45150, -17169.00, -17198.43, 21326
45156, -17165.00, -17196.34, 21187
45162, -17164.00, -17194.13, 21068
45167, -17161.00, -17192.25, 20949
45171, -17159.00, -17190.40, 20819
45177, -17159.00, -17188.28, 20679
45182, -17156.00, -17186.26, 20556
45187, -17152.00, -17184.34, 20428
45192, -17153.00, -17182.34, 20299
45197, -17150.00, -17180.40, 20166
45202, -17148.00, -17178.46, 20042
45207, -17147.00, -17176.61, 19910
45212, -17145.00, -17174.78, 19776
45218, -17144.00, -17172.85, 19635
45223, -17142.00, -17171.01, 19507
45227, -17140.00, -17169.25, 19386
45232, -17139.00, -17167.64, 19258
45237, -17137.00, -17165.90, 19133
45241, -17134.00, -17164.28, 19010
45245, -17133.00, -17162.63, 18876
45250, -17132.00, -17160.93, 18746
45254, -17130.00, -17159.31, 18616
45259, -17129.00, -17157.71, 18467
45264, -17128.00, -17155.96, 18324
45268, -17126.00, -17154.30, 18182
45273, -17124.00, -17152.67, 18043
45277, -17123.00, -17151.09, 17896
45282, -17122.00, -17149.51, 17739
45287, -17117.00, -17147.76, 17569
45292, -17116.00, -17145.82, 17407
45297, -17116.00, -17144.08, 17241
45301, -17114.00, -17142.46, 17049
45307, -17112.00, -17140.51, 16862
45312, -17110.00, -17138.71, 16663
45317, -17110.00, -17136.92, 16486
45321, -17108.00, -17135.37, 16270
45327, -17105.00, -17133.47, 16042
45332, -17103.00, -17131.52, 15823
45337, -17102.00, -17129.75, 15615
45342, -17100.00, -17128.12, 15386
45347, -17099.00, -17126.38, 15156
45352, -17096.00, -17124.64, 14914
45357, -17095.00, -17122.82, 14655
45362, -17093.00, -17120.84, 14402
45368, -17091.00, -17119.00, 14162
45373, -17087.00, -17117.10, 13929
45378, -17087.00, -17115.27, 13685
45383, -17086.00, -17113.33, 13461
45388, -17084.00, -17111.66, 13221
45394, -17083.00, -17109.79, 13002
45399, -17080.00, -17108.05, 12786
45404, -17078.00, -17106.25, 12573
45409, -17075.00, -17104.43, 12359
45414, -17074.00, -17102.54, 12147
45419, -17073.00, -17100.70, 11935
45425, -17071.00, -17098.89, 11738
45429, -17069.00, -17097.14, 11541
45435, -17067.00, -17095.36, 11362
45439, -17065.00, -17093.69, 11183
45444, -17064.00, -17092.05, 11011
45448, -17064.00, -17090.50, 10826
45453, -17061.00, -17088.81, 10653
45458, -17060.00, -17087.21, 10443
45464, -17057.00, -17085.21, 10269
45468, -17054.00, -17083.46, 10083
45474, -17054.00, -17081.64, 9922
45478, -17052.00, -17080.09, 9752
45483, -17050.00, -17078.38, 9572
45488, -17048.00, -17076.59, 9374
45493, -17047.00, -17074.60, 9206
45498, -17044.00, -17072.91, 9026
45503, -17043.00, -17071.09, 8839
45509, -17041.00, -17069.18, 8658
45514, -17039.00, -17067.32, 8479
45519, -17036.00, -17065.42, 8288
45525, -17035.00, -17063.46, 8113
45530, -17033.00, -17061.64, 7950
45534, -17032.00, -17059.96, 7780
45539, -17030.00, -17058.21, 7607
45544, -17029.00, -17056.47, 7441
45549, -17028.00, -17054.76, 7264
45554, -17025.00, -17053.01, 7095
45559, -17023.00, -17051.28, 6920
45564, -17021.00, -17049.53, 6759
45569, -17019.00, -17047.83, 6593
45574, -17018.00, -17046.14, 6435
45578, -17015.00, -17044.50, 6276
45583, -17014.00, -17042.85, 6109
45587, -17013.00, -17041.16, 5938
45592, -17011.00, -17039.44, 5759
45598, -17010.00, -17037.48, 5572
45602, -17008.00, -17035.93, 5402
45607, -17005.00, -17034.25, 5223
45612, -17003.00, -17032.51, 5044
45616, -17003.00, -17030.78, 4837
45622, -17000.00, -17028.83, 4644
45627, -16998.00, -17027.02, 4462
45631, -16997.00, -17025.37, 4271
45636, -16996.00, -17023.68, 4093
45641, -16994.00, -17022.11, 3896
45646, -16992.00, -17020.40, 3704
45650, -16991.00, -17018.78, 3517
45655, -16990.00, -17017.22, 3330
45659, -16988.00, -17015.71, 3126
45664, -16985.00, -17013.96, 2921
45668, -16983.00, -17012.32, 2696
45673, -16982.00, -17010.48, 2484
45678, -16979.00, -17008.78, 2243
45683, -16979.00, -17006.91, 2024
45688, -16976.00, -17005.26, 1781
45693, -16975.00, -17003.44, 1530
45698, -16972.00, -17001.65, 1294
45702, -16971.00, -16999.95, 1031
45707, -16969.00, -16998.15, 765
45712, -16967.00, -16996.32, 492
45717, -16965.00, -16994.54, 229
45722, -16963.00, -16992.79, -83
45727, -16962.00, -16990.75, -393
45732, -16960.00, -16988.96, -700
45737, -16958.00, -16987.15, -986
45742, -16956.00, -16985.48, -1320
45747, -16953.00, -16983.46, -1646
45752, -16951.00, -16981.49, -1975
45758, -16949.00, -16979.39, -2271
45763, -16948.00, -16977.53, -2564
45768, -16946.00, -16975.64, -2848
45773, -16944.00, -16973.77, -3132
45778, -16942.00, -16971.80, -3380
45783, -16940.00, -16970.03, -3622
45787, -16940.00, -16968.32, -3868
45793, -16937.00, -16966.43, -4141
45798, -16934.00, -16964.33, -4358
45803, -16933.00, -16962.56, -4558
45807, -16931.00, -16960.88, -4760
45812, -16930.00, -16959.07, -4974
45817, -16927.00, -16957.23, -5171
45822, -16925.00, -16955.38, -5383
45828, -16924.00, -16953.25, -5593
45833, -16921.00, -16951.24, -5776
45838, -16920.00, -16949.38, -5968
45844, -16917.00, -16947.27, -6151
45849, -16917.00, -16945.32, -6324
45854, -16913.00, -16943.51, -6486
45859, -16912.00, -16941.57, -6644
45864, -16910.00, -16939.73, -6799
45869, -16909.00, -16937.94, -6951
45874, -16906.00, -16936.12, -7098
45879, -16904.00, -16934.27, -7230
45883, -16902.00, -16932.50, -7367
45888, -16901.00, -16930.67, -7515
45893, -16899.00, -16928.76, -7651
45898, -16897.00, -16926.96, -7773
45903, -16895.00, -16925.26, -7914
45908, -16894.00, -16923.31, -8046
45913, -16890.00, -16921.35, -8167
45917, -16890.00, -16919.63, -8300
45923, -16887.00, -16917.61, -8422
45928, -16885.00, -16915.78, -8560
45933, -16884.00, -16913.74, -8692
45938, -16880.00, -16911.65, -8816
45943, -16879.00, -16909.70, -8939
45948, -16878.00, -16907.79, -9054
45953, -16874.00, -16905.94, -9170
45958, -16874.00, -16904.04, -9288
45963, -16872.00, -16902.19, -9398
45968, -16869.00, -16900.32, -9513
45973, -16868.00, -16898.43, -9638
45978, -16866.00, -16896.38, -9753
45983, -16864.00, -16894.44, -9855
45988, -16862.00, -16892.63, -9966
45992, -16859.00, -16890.75, -10076
45997, -16858.00, -16888.84, -10177
46002, -16857.00, -16887.13, -10292
46007, -16855.00, -16885.13, -10406
46012, -16851.00, -16883.19, -10516
46017, -16850.00, -16881.20, -10631
46022, -16847.00, -16879.16, -10757
46028, -16845.00, -16876.90, -10879
46033, -16841.00, -16874.68, -10997
46038, -16841.00, -16872.51, -11109
46043, -16838.00, -16870.54, -11222
46048, -16836.00, -16868.47, -11345
46054, -16834.00, -16866.25, -11454
46059, -16832.00, -16864.30, -11572
46064, -16829.00, -16862.15, -11678
46069, -16826.00, -16859.98, -11801
46074, -16826.00, -16857.89, -11929
46080, -16822.00, -16855.55, -12053
46085, -16821.00, -16853.31, -12166
46090, -16818.00, -16851.32, -12299
46096, -16816.00, -16848.81, -12428
46101, -16814.00, -16846.64, -12536
46106, -16811.00, -16844.65, -12650
46111, -16809.00, -16842.73, -12758
46115, -16806.00, -16840.75, -12875
46120, -16804.00, -16838.64, -13012
46126, -16802.00, -16836.08, -13149
46132, -16798.00, -16833.68, -13284
46137, -16798.00, -16831.46, -13414
46142, -16795.00, -16829.19, -13568
46148, -16791.00, -16826.63, -13695
46153, -16789.00, -16824.43, -13820
46157, -16787.00, -16822.35, -13965
46163, -16783.00, -16819.89, -14092
46167, -16783.00, -16817.82, -14221
46172, -16779.00, -16815.67, -14357
46177, -16777.00, -16813.46, -14493
46182, -16775.00, -16811.23, -14638
46187, -16774.00, -16809.00, -14778
46192, -16769.00, -16806.82, -14936
46197, -16768.00, -16804.36, -15080
46202, -16765.00, -16802.19, -15229
46207, -16763.00, -16799.91, -15401
46212, -16760.00, -16797.35, -15565
46217, -16758.00, -16795.07, -15727
46222, -16754.00, -16792.72, -15924
46228, -16753.00, -16790.01, -16093
46232, -16750.00, -16787.74, -16257
46237, -16747.00, -16785.52, -16425
46241, -16746.00, -16783.40, -16599
46246, -16741.00, -16781.15, -16772
46250, -16742.00, -16778.99, -16964
46255, -16736.00, -16776.65, -17161
46260, -16734.00, -16774.18, -17425
46266, -16731.00, -16771.09, -17621
46271, -16729.00, -16768.82, -17820
46276, -16726.00, -16766.43, -18024
46280, -16723.00, -16764.15, -18219
46284, -16721.00, -16761.88, -18420
46289, -16717.00, -16759.50, -18613
46293, -16716.00, -16757.18, -18806
46298, -16714.00, -16754.84, -19002
46302, -16711.00, -16752.49, -19191
46307, -16707.00, -16750.04, -19390
46312, -16704.00, -16747.47, -19575
46316, -16701.00, -16745.01, -19751
46321, -16699.00, -16742.61, -19929
46325, -16696.00, -16740.14, -20107
46330, -16692.00, -16737.62, -20301
46335, -16690.00, -16734.81, -20491
46339, -16686.00, -16731.96, -20685
46345, -16682.00, -16728.96, -20869
46349, -16680.00, -16726.14, -21046
46354, -16677.00, -16723.44, -21233
46359, -16673.00, -16720.45, -21417
46364, -16671.00, -16717.37, -21597
46369, -16667.00, -16714.58, -21785
46374, -16664.00, -16711.41, -21978
46380, -16660.00, -16708.09, -22160
46385, -16656.00, -16704.88, -22345
46390, -16653.00, -16701.71, -22537
46396, -16648.00, -16698.24, -22733
46402, -16644.00, -16694.69, -22901
46406, -16643.00, -16691.67, -23052
46411, -16637.00, -16688.82, -23220
46416, -16634.00, -16685.58, -23373
46420, -16631.00, -16682.71, -23527
46425, -16627.00, -16679.66, -23692
46430, -16623.00, -16676.37, -23844
46434, -16620.00, -16673.39, -24013
46439, -16616.00, -16669.95, -24191
46445, -16611.00, -16666.24, -24353
46450, -16609.00, -16662.95, -24508
46454, -16604.00, -16659.69, -24672
46459, -16601.00, -16656.20, -24853
46465, -16596.00, -16652.30, -25027
46470, -16591.00, -16648.56, -25202
46476, -16588.00, -16644.69, -25396
46481, -16582.00, -16640.65, -25560
46486, -16579.00, -16637.10, -25723
46491, -16573.00, -16633.37, -25904
46496, -16571.00, -16629.41, -26056
46501, -16565.00, -16625.98, -26233
46506, -16560.00, -16621.98, -26413
