4074, -16575.00, -15951.88, 22293
4079, -16575.00, -15991.22, 22295
4084, -16580.00, -16027.91, 22315
4089, -16574.00, -16060.90, 22305
4094, -16567.00, -16092.79, 22265
4100, -16561.00, -16123.33, 22209
4104, -16553.00, -16148.54, 22144
4109, -16548.00, -16170.98, 22057
4114, -16539.00, -16194.35, 21967
4119, -16531.00, -16214.32, 21843
4125, -16523.00, -16237.12, 21726
4130, -16517.00, -16255.84, 21624
4135, -16509.00, -16269.85, 21489
4141, -16500.00, -16286.32, 21356
4146, -16491.00, -16300.46, 21241
4151, -16488.00, -16311.33, 21119
4156, -16478.00, -16321.71, 20991
4161, -16470.00, -16330.94, 20868
4166, -16465.00, -16339.03, 20746
4170, -16457.00, -16346.14, 20585
4177, -16446.00, -16353.82, 20455
4181, -16440.00, -16359.00, 20330
4186, -16432.00, -16363.36, 20211
4190, -16425.00, -16366.82, 20092
4195, -16419.00, -16369.78, 19967
4199, -16412.00, -16372.23, 19835
4204, -16404.00, -16374.26, 19699
4208, -16397.00, -16375.78, 19559
4213, -16390.00, -16376.79, 19427
4218, -16382.00, -16377.29, 19283
4222, -16378.00, -16377.45, 19126
4227, -16369.00, -16377.20, 18957
4233, -16362.00, -16376.45, 18798
4238, -16352.00, -16375.30, 18605
4243, -16344.00, -16373.36, 18431
4249, -16336.00, -16371.21, 18251
4254, -16329.00, -16368.80, 18069
4259, -16322.00, -16366.12, 17874
4264, -16315.00, -16362.99, 17688
4269, -16307.00, -16359.90, 17455
4275, -16300.00, -16355.78, 17267
4280, -16292.00, -16352.32, 17087
4284, -16284.00, -16348.84, 16857
4290, -16277.00, -16344.28, 16664
4294, -16268.00, -16340.34, 16459
4299, -16261.00, -16336.10, 16226
4304, -16255.00, -16331.20, 16004
4309, -16247.00, -16326.69, 15788
4313, -16240.00, -16322.18, 15574
4318, -16234.00, -16317.54, 15331
4323, -16227.00, -16312.16, 15106
4327, -16220.00, -16307.10, 14874
4332, -16214.00, -16301.66, 14643
4337, -16206.00, -16296.00, 14401
4343, -16199.00, -16290.10, 14172
4348, -16190.00, -16284.16, 13968
4352, -16186.00, -16278.80, 13757
4357, -16179.00, -16273.25, 13494
4363, -16166.00, -16265.65, 13298
4368, -16160.00, -16259.71, 13088
4373, -16153.00, -16253.61, 12879
4378, -16145.00, -16247.16, 12662
4383, -16137.00, -16240.32, 12456
4388, -16128.00, -16233.58, 12266
4393, -16123.00, -16227.33, 12041
4399, -16113.00, -16219.63, 11866
4403, -16109.00, -16213.67, 11676
4408, -16099.00, -16207.01, 11487
4413, -16092.00, -16200.09, 11306
4418, -16085.00, -16193.52, 11098
4424, -16075.00, -16185.75, 10889
4429, -16070.00, -16177.98, 10720
4434, -16060.00, -16171.58, 10511
4440, -16053.00, -16163.45, 10317
4445, -16047.00, -16155.98, 10147
4450, -16039.00, -16149.58, 9941
4456, -16030.00, -16141.36, 9774
4461, -16024.00, -16134.82, 9569
4466, -16015.00, -16126.93, 9377
4472, -16008.00, -16119.21, 9190
4477, -16000.00, -16111.84, 8987
4483, -15990.00, -16103.53, 8799
4488, -15980.00, -16095.88, 8623
4493, -15974.00, -16088.53, 8450
4498, -15966.00, -16081.50, 8292
4503, -15960.00, -16075.08, 8111
4508, -15954.00, -16067.73, 7954
4512, -15945.00, -16061.30, 7795
4517, -15942.00, -16054.83, 7633
4521, -15933.00, -16048.07, 7453
4526, -15924.00, -16040.66, 7289
4531, -15920.00, -16034.01, 7134
4535, -15911.00, -16027.62, 6962
4540, -15902.00, -16020.44, 6800
4545, -15896.00, -16013.83, 6627
4549, -15888.00, -16006.88, 6462
4554, -15883.00, -16000.16, 6296
4558, -15876.00, -15993.72, 6127
4563, -15872.00, -15987.13, 5944
4568, -15863.00, -15980.10, 5756
4573, -15856.00, -15972.77, 5549
4578, -15848.00, -15965.04, 5345
4583, -15840.00, -15957.42, 5151
4588, -15834.00, -15950.29, 4946
4593, -15824.00, -15942.75, 4757
4598, -15819.00, -15935.99, 4559
4602, -15811.00, -15928.80, 4326
4608, -15802.00, -15920.60, 4102
4613, -15794.00, -15912.93, 3897
4618, -15788.00, -15905.98, 3659
4623, -15780.00, -15898.13, 3447
4628, -15772.00, -15891.15, 3216
4633, -15764.00, -15883.72, 2985
4638, -15757.00, -15876.40, 2770
4642, -15750.00, -15869.68, 2512
4647, -15744.00, -15861.87, 2282
4652, -15736.00, -15855.07, 1991
4657, -15726.00, -15846.63, 1673
4663, -15717.00, -15837.65, 1417
4668, -15711.00, -15830.63, 1127
4673, -15704.00, -15822.97, 855
4678, -15696.00, -15815.94, 554
4683, -15689.00, -15808.38, 210
4689, -15681.00, -15799.83, -150
4694, -15669.00, -15791.25, -455
4699, -15663.00, -15784.08, -782
4704, -15656.00, -15776.25, -1067
4709, -15650.00, -15769.48, -1407
4714, -15637.00, -15760.63, -1735
4720, -15630.00, -15752.30, -2033
4725, -15622.00, -15744.44, -2327
4730, -15615.00, -15736.45, -2576
4735, -15610.00, -15729.60, -2816
4739, -15602.00, -15722.81, -3055
4744, -15595.00, -15715.48, -3286
4749, -15588.00, -15708.40, -3510
4753, -15581.00, -15701.39, -3729
4758, -15576.00, -15694.50, -3966
4763, -15565.00, -15685.95, -4172
4768, -15559.00, -15678.95, -4414
4774, -15549.00, -15669.96, -4605
4779, -15546.00, -15663.08, -4780
4783, -15540.00, -15656.46, -4953
4788, -15532.00, -15649.04, -5165
4794, -15524.00, -15640.84, -5326
4799, -15517.00, -15633.91, -5515
4804, -15509.00, -15625.91, -5673
4809, -15500.00, -15618.88, -5839
4814, -15495.00, -15611.16, -5997
4819, -15488.00, -15604.05, -6165
4824, -15478.00, -15595.93, -6323
4829, -15470.00, -15588.44, -6461
4834, -15466.00, -15581.66, -6594
4838, -15458.00, -15575.06, -6721
4843, -15454.00, -15568.67, -6853
4848, -15447.00, -15561.86, -6980
4852, -15439.00, -15555.31, -7106
4857, -15433.00, -15548.46, -7243
4862, -15424.00, -15540.64, -7385
4867, -15417.00, -15533.35, -7524
4872, -15411.00, -15525.77, -7664
4878, -15402.00, -15517.96, -7793
4883, -15395.00, -15510.71, -7929
4888, -15387.00, -15502.98, -8066
4894, -15378.00, -15494.71, -8190
4898, -15372.00, -15487.77, -8309
4903, -15365.00, -15480.67, -8419
4908, -15360.00, -15474.21, -8538
4913, -15352.00, -15467.12, -8649
4917, -15347.00, -15460.48, -8765
4922, -15338.00, -15453.29, -8888
4928, -15330.00, -15445.66, -8996
4932, -15324.00, -15439.03, -9111
4937, -15317.00, -15431.83, -9235
4943, -15308.00, -15423.67, -9344
4947, -15300.00, -15417.08, -9445
4952, -15293.00, -15410.57, -9552
4956, -15286.00, -15403.72, -9656
4961, -15279.00, -15396.99, -9759
4965, -15272.00, -15390.35, -9873
4971, -15266.00, -15382.79, -9993
4976, -15258.00, -15374.95, -10101
4980, -15252.00, -15368.39, -10217
4986, -15244.00, -15360.70, -10326
4990, -15240.00, -15354.09, -10444
4996, -15230.00, -15346.15, -10557
5000, -15224.00, -15339.60, -10682
5006, -15213.00, -15330.85, -10817
5012, -15207.00, -15322.84, -10931
5016, -15201.00, -15315.83, -11049
5022, -15192.00, -15308.16, -11174
5027, -15186.00, -15300.74, -11291
5032, -15180.00, -15293.58, -11410
5037, -15171.00, -15286.33, -11525
5042, -15164.00, -15279.34, -11648
5047, -15158.00, -15271.92, -11769
5052, -15149.00, -15264.49, -11886
5057, -15144.00, -15257.64, -12008
5062, -15135.00, -15250.38, -12134
5067, -15129.00, -15243.16, -12251
5071, -15121.00, -15236.43, -12373
5076, -15115.00, -15229.38, -12503
5081, -15107.00, -15221.98, -12642
5087, -15102.00, -15214.00, -12801
5093, -15093.00, -15205.33, -12934
5098, -15086.00, -15198.46, -13071
5103, -15080.00, -15191.12, -13209
5108, -15070.00, -15183.88, -13350
5114, -15064.00, -15176.44, -13478
5118, -15058.00, -15170.12, -13605
5123, -15051.00, -15163.82, -13742
5128, -15046.00, -15156.87, -13877
5132, -15035.00, -15150.38, -14013
5137, -15031.00, -15143.88, -14174
5142, -15023.00, -15136.02, -14322
5147, -15016.00, -15129.53, -14472
5152, -15010.00, -15122.65, -14617
5156, -15003.00, -15116.21, -14763
5161, -14998.00, -15109.93, -14909
5165, -14994.00, -15103.73, -15061
5169, -14988.00, -15097.63, -15211
5174, -14980.00, -15091.56, -15363
5178, -14974.00, -15085.41, -15525
5183, -14967.00, -15079.06, -15685
5187, -14961.00, -15072.78, -15865
5192, -14954.00, -15066.06, -16047
5197, -14948.00, -15059.53, -16226
5201, -14942.00, -15053.26, -16414
5206, -14935.00, -15046.85, -16601
5210, -14931.00, -15040.58, -16798
5215, -14925.00, -15034.11, -17001
5220, -14919.00, -15027.57, -17218
5225, -14912.00, -15020.70, -17433
5230, -14904.00, -15013.98, -17680
5235, -14895.00, -15006.04, -17915
5241, -14886.00, -14998.31, -18123
5246, -14882.00, -14991.65, -18338
5251, -14872.00, -14984.09, -18547
5256, -14866.00, -14977.37, -18754
5261, -14857.00, -14970.20, -18950
5266, -14851.00, -14963.45, -19153
5271, -14845.00, -14956.05, -19359
5276, -14838.00, -14949.04, -19553
5281, -14830.00, -14942.10, -19754
5286, -14823.00, -14934.68, -19954
5292, -14814.00, -14927.03, -20147
5296, -14806.00, -14920.09, -20332
5301, -14799.00, -14912.89, -20549
5307, -14790.00, -14904.57, -20760
5313, -14783.00, -14896.38, -20947
5318, -14778.00, -14889.05, -21134
5323, -14769.00, -14881.80, -21308
5328, -14761.00, -14874.97, -21463
5333, -14755.00, -14868.53, -21635
5338, -14747.00, -14861.50, -21830
5343, -14740.00, -14853.58, -21996
5348, -14732.00, -14846.86, -22212
5354, -14726.00, -14837.88, -22382
5359, -14717.00, -14830.91, -22558
5364, -14711.00, -14823.73, -22747
5370, -14701.00, -14815.41, -22922
5375, -14694.00, -14808.42, -23126
5381, -14686.00, -14800.01, -23305
5386, -14677.00, -14792.39, -23458
5390, -14672.00, -14785.83, -23625
5395, -14665.00, -14778.92, -23784
5400, -14659.00, -14772.27, -23937
5404, -14652.00, -14765.78, -24091
5409, -14644.00, -14759.28, -24250
5413, -14635.00, -14752.60, -24439
5419, -14628.00, -14744.43, -24622
5425, -14621.00, -14736.45, -24833
5430, -14612.00, -14728.05, -25003
5435, -14607.00, -14720.70, -25214
5442, -14594.00, -14711.58, -25383
5446, -14588.00, -14704.94, -25560
5451, -14581.00, -14697.48, -25776
5457, -14570.00, -14688.44, -25971
5463, -14561.00, -14680.46, -26160
5468, -14554.00, -14672.67, -26377
5474, -14547.00, -14663.90, -26616
5480, -14537.00, -14654.75, -26817
5485, -14531.00, -14647.04, -27023
5491, -14521.00, -14639.12, -27232
5496, -14514.00, -14631.00, -27418
5501, -14509.00, -14624.47, -27605
5505, -14501.00, -14617.70, -27786
5510, -14494.00, -14611.19, -27978
5514, -14487.00, -14604.36, -28189
5519, -14479.00, -14596.83, -28410
5525, -14471.00, -14588.96, -28655
5530, -14463.00, -14581.03, -28865
5535, -14456.00, -14574.19, -29071
5539, -14450.00, -14567.60, -29277
5544, -14441.00, -14561.05, -29492
5548, -14433.00, -14554.16, -29719
5553, -14427.00, -14547.35, -29948
5557, -14422.00, -14540.60, -30179
5562, -14415.00, -14533.93, -30423
5566, -14409.00, -14527.24, -30666
5570, -14402.00, -14520.61, -30942
5575, -14395.00, -14513.35, -31223
5580, -14387.00, -14506.20, -31528
5585, -14381.00, -14498.74, -31801
5590, -14372.00, -14492.12, -32097
5594, -14365.00, -14485.18, -32394
5599, -14356.00, -14478.41, -32716
5603, -14348.00, -14471.18, -33027
5608, -14341.00, -14464.22, -33348
5612, -14337.00, -14457.31, -33657
5617, -14329.00, -14450.51, -34026
5622, -14322.00, -14442.20, -34333
5627, -14314.00, -14435.24, -34624
5631, -14309.00, -14428.48, -34909
5636, -14301.00, -14421.65, -35251
5642, -14291.00, -14412.76, -35542
5646, -14284.00, -14405.48, -35826
5652, -14276.00, -14397.45, -36099
5657, -14268.00, -14389.88, -36416
5663, -14258.00, -14380.53, -36743
5669, -14249.00, -14370.72, -36980
5674, -14242.00, -14362.86, -37216
5679, -14234.00, -14355.16, -37454
5685, -14227.00, -14347.38, -37703
5690, -14219.00, -14338.71, -37901
5695, -14211.00, -14331.63, -38128
5701, -14204.00, -14323.01, -38367
5707, -14194.00, -14314.19, -38566
5712, -14185.00, -14305.98, -38763
5717, -14176.00, -14298.02, -38941
5722, -14171.00, -14290.87, -39101
5726, -14164.00, -14284.12, -39260
5731, -14159.00, -14277.24, -39428
5736, -14148.00, -14269.69, -39606
5741, -14142.00, -14261.74, -39779
5746, -14134.00, -14254.03, -39974
5753, -14122.00, -14244.57, -40148
5758, -14114.00, -14236.30, -40300
5763, -14108.00, -14228.99, -40461
5768, -14098.00, -14220.89, -40607
5773, -14092.00, -14213.52, -40815
5780, -14081.00, -14203.00, -40957
5784, -14071.00, -14195.55, -41102
5789, -14064.00, -14187.68, -41256
5795, -14057.00, -14179.77, -41410
5800, -14050.00, -14171.43, -41555
5805, -14042.00, -14163.74, -41706
5811, -14034.00, -14155.35, -41839
5815, -14026.00, -14148.17, -41963
5820, -14019.00, -14141.36, -42087
5824, -14011.00, -14134.47, -42213
5829, -14002.00, -14127.48, -42338
5833, -13997.00, -14120.11, -42485
5838, -13989.00, -14112.25, -42621
5843, -13978.00, -14104.48, -42754
5848, -13974.00, -14097.17, -42897
5853, -13964.00, -14088.96, -43065
5860, -13953.00, -14079.09, -43207
5864, -13946.00, -14071.57, -43350
5869, -13940.00, -14063.57, -43485
5874, -13929.00, -14055.91, -43628
5879, -13921.00, -14048.03, -43771
5884, -13915.00, -14039.96, -43930
5890, -13906.00, -14031.04, -44083
5895, -13898.00, -14022.81, -44235
5901, -13891.00, -14014.50, -44374
5905, -13883.00, -14006.94, -44533
5911, -13873.00, -13998.20, -44669
5915, -13867.00, -13991.25, -44826
5921, -13858.00, -13982.95, -44972
5926, -13849.00, -13975.18, -45116
5930, -13841.00, -13967.74, -45254
5935, -13835.00, -13960.58, -45419
5940, -13826.00, -13951.82, -45573
5945, -13818.00, -13944.48, -45732
5950, -13811.00, -13936.38, -45893
5955, -13802.00, -13928.51, -46055
5960, -13794.00, -13920.77, -46216
5965, -13785.00, -13913.11, -46422
5971, -13778.00, -13903.44, -46616
5976, -13771.00, -13895.17, -46777
5981, -13760.00, -13888.06, -46953
5986, -13754.00, -13880.22, -47158
5991, -13744.00, -13871.46, -47346
5996, -13738.00, -13863.82, -47557
6001, -13730.00, -13855.32, -47772
6007, -13720.00, -13846.86, -48014
6012, -13712.00, -13838.00, -48250
6018, -13702.00, -13829.08, -48498
6023, -13694.00, -13819.99, -48712
6028, -13687.00, -13812.87, -48951
6033, -13679.00, -13804.77, -49249
6039, -13666.00, -13795.06, -49498
6044, -13660.00, -13787.13, -49750
6049, -13651.00, -13779.01, -50017
6054, -13642.00, -13770.74, -50267
6059, -13635.00, -13762.63, -50517
6064, -13629.00, -13754.99, -50793
6070, -13617.00, -13745.68, -51089
6076, -13610.00, -13736.42, -51307
6080, -13601.00, -13729.23, -51529
6085, -13595.00, -13721.70, -51769
6090, -13587.00, -13713.50, -52021
6096, -13579.00, -13704.77, -52264
6101, -13567.00, -13696.19, -52507
6106, -13562.00, -13687.41, -52748
6112, -13552.00, -13678.81, -52990
6118, -13543.00, -13669.60, -53242
6124, -13534.00, -13660.09, -53460
6129, -13527.00, -13651.98, -53667
6134, -13517.00, -13643.85, -53884
6139, -13506.00, -13634.93, -54118
6145, -13498.00, -13625.47, -54299
6150, -13490.00, -13617.96, -54477
6155, -13483.00, -13610.54, -54665
6160, -13475.00, -13602.56, -54844
6164, -13467.00, -13595.23, -55019
6169, -13460.00, -13587.57, -55221
6174, -13451.00, -13579.02, -55408
6179, -13444.00, -13570.89, -55592
6184, -13435.00, -13562.73, -55808
6190, -13426.00, -13553.09, -55985
6195, -13419.00, -13545.50, -56160
6200, -13410.00, -13537.51, -56328
6205, -13403.00, -13530.24, -56523
6210, -13395.00, -13521.17, -56700
6215, -13387.00, -13513.56, -56888
6221, -13378.00, -13505.02, -57079
6226, -13370.00, -13496.72, -57251
6231, -13363.00, -13489.19, -57428
6236, -13355.00, -13481.20, -57622
6241, -13348.00, -13472.42, -57798
6246, -13339.00, -13464.88, -58000
6252, -13330.00, -13455.71, -58184
6257, -13323.00, -13447.51, -58365
6262, -13314.00, -13439.47, -58548
6267, -13309.00, -13431.47, -58723
6272, -13301.00, -13424.13, -58892
6277, -13292.00, -13416.75, -59062
6281, -13284.00, -13409.70, -59226
6286, -13276.00, -13402.64, -59412
6291, -13266.00, -13394.54, -59586
6295, -13260.00, -13387.13, -59783
6300, -13253.00, -13378.91, -59961
6305, -13248.00, -13371.85, -60170
6310, -13236.00, -13363.36, -60375
6316, -13231.00, -13355.06, -60588
6321, -13223.00, -13346.50, -60790
6326, -13214.00, -13338.98, -61017
6331, -13206.00, -13330.44, -61228
6336, -13197.00, -13322.54, -61450
6342, -13191.00, -13314.52, -61646
6346, -13181.00, -13307.48, -61889
6352, -13173.00, -13298.23, -62170
6358, -13167.00, -13289.16, -62378
6362, -13159.00, -13282.22, -62597
6367, -13150.00, -13274.75, -62831
6372, -13142.00, -13266.98, -63070
6376, -13135.00, -13259.82, -63301
6381, -13127.00, -13252.65, -63596
6387, -13117.00, -13243.21, -63854
6391, -13111.00, -13236.18, -64123
6396, -13103.00, -13228.36, -64463
6402, -13095.00, -13218.97, -64741
6407, -13086.00, -13211.73, -65037
6412, -13080.00, -13203.96, -65344
6417, -13072.00, -13196.09, -65692
6422, -13063.00, -13187.61, -65993
6427, -13055.00, -13180.64, -66362
6433, -13047.00, -13171.74, -66713
6438, -13039.00, -13163.07, -67013
6443, -13029.00, -13155.52, -67380
6449, -13021.00, -13145.80, -67651
6454, -13014.00, -13138.61, -67980
6460, -13004.00, -13128.81, -68300
6465, -12993.00, -13120.09, -68583
6471, -12981.00, -13111.44, -68824
6476, -12975.00, -13103.46, -69061
6480, -12968.00, -13095.66, -69287
6485, -12963.00, -13088.38, -69520
6490, -12953.00, -13080.08, -69726
6495, -12948.00, -13073.04, -69954
6500, -12938.00, -13064.32, -70154
6505, -12931.00, -13056.86, -70380
6511, -12921.00, -13047.74, -70574
6516, -12914.00, -13039.50, -70781
6522, -12905.00, -13030.17, -70993
6527, -12898.00, -13021.52, -71167
6532, -12891.00, -13013.77, -71321
6537, -12883.00, -13006.77, -71504
6542, -12876.00, -12998.18, -71693
6549, -12867.00, -12988.41, -71849
6553, -12860.00, -12981.35, -72028
6560, -12850.00, -12971.97, -72192
6565, -12843.00, -12964.23, -72367
6571, -12832.00, -12954.81, -72512
6576, -12825.00, -12947.04, -72650
6581, -12817.00, -12939.49, -72774
6585, -12812.00, -12932.58, -72898
6590, -12805.00, -12925.65, -73019
6594, -12799.00, -12918.93, -73133
6599, -12793.00, -12912.25, -73249
6603, -12787.00, -12905.47, -73406
6610, -12777.00, -12896.19, -73534
6614, -12771.00, -12888.96, -73641
6619, -12764.00, -12882.49, -73748
6623, -12757.00, -12875.93, -73866
6628, -12749.00, -12868.84, -73977
6632, -12742.00, -12861.92, -74084
6637, -12736.00, -12855.28, -74188
6641, -12729.00, -12848.76, -74292
6646, -12723.00, -12842.00, -74414
6651, -12713.00, -12833.93, -74532
6656, -12707.00, -12826.33, -74642
6661, -12701.00, -12818.93, -74749
6666, -12696.00, -12812.29, -74877
6671, -12683.00, -12803.58, -74985
6676, -12679.00, -12796.67, -75101
6681, -12671.00, -12789.06, -75232
6687, -12663.00, -12780.34, -75360
6693, -12654.00, -12772.12, -75462
6697, -12647.00, -12765.46, -75572
6702, -12640.00, -12758.18, -75675
6707, -12633.00, -12751.50, -75779
6711, -12627.00, -12744.65, -75893
6716, -12620.00, -12737.16, -76016
6722, -12612.00, -12729.15, -76141
6727, -12604.00, -12721.26, -76259
6732, -12596.00, -12713.61, -76400
6739, -12589.00, -12704.29, -76506
6743, -12581.00, -12697.43, -76618
6748, -12573.00, -12690.61, -76731
6753, -12567.00, -12683.40, -76844
6758, -12559.00, -12676.08, -76956
6762, -12553.00, -12669.30, -77079
6768, -12544.00, -12661.40, -77194
6772, -12537.00, -12654.50, -77313
6777, -12530.00, -12647.14, -77462
6784, -12522.00, -12637.84, -77577
6788, -12515.00, -12631.07, -77694
6793, -12508.00, -12624.07, -77804
6798, -12499.00, -12617.43, -77927
6803, -12495.00, -12610.02, -78040
6807, -12486.00, -12603.48, -78159
6812, -12481.00, -12596.42, -78272
6817, -12475.00, -12589.89, -78404
6822, -12468.00, -12582.44, -78530
6827, -12460.00, -12575.31, -78663
6832, -12452.00, -12567.78, -78793
6837, -12446.00, -12560.42, -78927
6842, -12438.00, -12553.27, -79063
6847, -12432.00, -12545.92, -79196
6852, -12426.00, -12539.08, -79319
6856, -12420.00, -12532.80, -79449
6861, -12414.00, -12526.26, -79613
6867, -12406.00, -12518.17, -79765
6872, -12396.00, -12510.79, -79916
6877, -12390.00, -12503.56, -80070
6882, -12383.00, -12496.38, -80225
6887, -12377.00, -12489.25, -80386
6892, -12368.00, -12482.36, -80590
6898, -12361.00, -12473.54, -80773
6904, -12355.00, -12465.77, -80997
6910, -12347.00, -12457.16, -81157
6914, -12338.00, -12450.85, -81318
6919, -12331.00, -12444.57, -81509
6924, -12324.00, -12437.26, -81693
6928, -12318.00, -12430.74, -81899
6934, -12311.00, -12423.25, -82105
6939, -12304.00, -12416.17, -82317
6944, -12296.00, -12409.31, -82560
6949, -12290.00, -12401.09, -82784
6954, -12281.00, -12393.98, -83013
6960, -12275.00, -12386.64, -83202
6964, -12268.00, -12380.40, -83412
6969, -12260.00, -12373.34, -83666
6975, -12254.00, -12364.77, -83889
6980, -12246.00, -12357.27, -84123
6986, -12238.00, -12349.50, -84345
6992, -12228.00, -12341.60, -84565
6997, -12220.00, -12333.63, -84786
7003, -12210.00, -12325.51, -84996
7008, -12203.00, -12317.79, -85179
7013, -12195.00, -12310.81, -85394
7019, -12191.00, -12302.70, -85584
7024, -12182.00, -12295.53, -85751
7028, -12175.00, -12289.05, -85929
7033, -12168.00, -12281.80, -86120
7038, -12160.00, -12274.44, -86285
7043, -12153.00, -12267.69, -86461
7048, -12147.00, -12260.36, -86636
7053, -12138.00, -12253.34, -86845
7059, -12131.00, -12244.67, -87003
7064, -12124.00, -12237.89, -87235
7071, -12116.00, -12228.17, -87420
7076, -12109.00, -12220.81, -87592
7081, -12101.00, -12213.58, -87779
7087, -12094.00, -12205.71, -87939
7092, -12086.00, -12198.89, -88118
7097, -12077.00, -12190.84, -88317
7103, -12066.00, -12182.64, -88525
7109, -12058.00, -12173.52, -88688
7114, -12051.00, -12166.16, -88852
7119, -12043.00, -12159.20, -89052
7125, -12036.00, -12150.21, -89241
7131, -12028.00, -12142.26, -89413
7136, -12021.00, -12135.29, -89570
7140, -12013.00, -12128.79, -89725
7145, -12006.00, -12122.07, -89875
7149, -11998.00, -12115.59, -90054
7154, -11992.00, -12107.97, -90222
7159, -11983.00, -12100.82, -90400
7164, -11976.00, -12093.06, -90577
7169, -11969.00, -12085.71, -90765
7175, -11961.00, -12077.69, -90949
7180, -11953.00, -12069.98, -91113
7185, -11945.00, -12063.07, -91325
7191, -11939.00, -12054.56, -91536
7197, -11930.00, -12045.94, -91729
7202, -11920.00, -12038.15, -91941
7208, -11912.00, -12029.66, -92117
7212, -11905.00, -12022.63, -92292
7217, -11899.00, -12015.98, -92484
7222, -11892.00, -12008.51, -92663
7226, -11885.00, -12001.90, -92874
7232, -11876.00, -11993.96, -93096
7237, -11868.00, -11985.69, -93289
7242, -11860.00, -11978.82, -93477
7247, -11856.00, -11971.91, -93692
7252, -11848.00, -11964.60, -93887
7256, -11840.00, -11958.01, -94100
7261, -11834.00, -11950.83, -94309
7266, -11825.00, -11943.79, -94540
7271, -11818.00, -11936.42, -94777
7276, -11811.00, -11928.95, -95007
7281, -11803.00, -11921.54, -95286
7286, -11795.00, -11913.22, -95522
7291, -11789.00, -11906.29, -95831
7297, -11779.00, -11897.43, -96066
7302, -11773.00, -11890.65, -96381
7307, -11764.00, -11882.28, -96653
7312, -11758.00, -11875.13, -96997
7318, -11747.00, -11866.26, -97297
7323, -11739.00, -11858.91, -97599
7328, -11734.00, -11851.59, -97894
7332, -11727.00, -11844.74, -98254
7338, -11718.00, -11836.65, -98571
7342, -11713.00, -11829.93, -98872
7347, -11704.00, -11823.33, -99188
7352, -11696.00, -11815.85, -99504
7356, -11691.00, -11809.14, -99802
7361, -11683.00, -11802.18, -100127
7366, -11676.00, -11794.55, -100495
7372, -11667.00, -11785.77, -100801
7378, -11660.00, -11777.40, -101113
7383, -11650.00, -11769.79, -101372
7388, -11644.00, -11762.65, -101633
7392, -11637.00, -11755.44, -101920
7398, -11628.00, -11746.98, -102200
7404, -11619.00, -11738.46, -102436
7409, -11611.00, -11730.97, -102677
7414, -11603.00, -11722.94, -102915
7419, -11595.00, -11714.89, -103156
7425, -11586.00, -11706.43, -103373
7430, -11579.00, -11698.53, -103580
7435, -11573.00, -11690.85, -103785
7441, -11564.00, -11683.11, -103969
7445, -11557.00, -11675.83, -104152
7450, -11550.00, -11668.62, -104338
7455, -11542.00, -11661.02, -104511
7460, -11535.00, -11653.70, -104682
7465, -11527.00, -11646.06, -104869
7471, -11519.00, -11638.16, -105033
7476, -11512.00, -11630.37, -105223
7481, -11505.00, -11622.19, -105376
7486, -11495.00, -11615.14, -105554
7492, -11490.00, -11606.79, -105715
7497, -11482.00, -11599.17, -105863
7502, -11475.00, -11591.80, -106041
7508, -11465.00, -11582.81, -106191
7513, -11458.00, -11575.49, -106338
7518, -11450.00, -11567.97, -106482
7523, -11444.00, -11560.65, -106637
7528, -11435.00, -11552.65, -106763
7533, -11428.00, -11546.04, -106890
7537, -11422.00, -11539.35, -107014
7542, -11414.00, -11532.63, -107157
7547, -11406.00, -11524.68, -107287
7552, -11400.00, -11517.33, -107429
7558, -11391.00, -11509.15, -107581
7563, -11381.00, -11500.90, -107702
7568, -11376.00, -11494.02, -107841
7573, -11367.00, -11486.08, -107982
7579, -11358.00, -11478.14, -108110
7583, -11351.00, -11470.68, -108244
7588, -11343.00, -11463.21, -108368
7593, -11338.00, -11456.23, -108515
7599, -11328.00, -11447.83, -108673
7605, -11317.00, -11438.73, -108810
7610, -11310.00, -11430.78, -108956
7615, -11300.00, -11422.40, -109130
7622, -11294.00, -11412.59, -109254
7626, -11285.00, -11405.82, -109383
7631, -11278.00, -11398.52, -109525
7636, -11271.00, -11390.63, -109656
7641, -11263.00, -11383.55, -109776
7646, -11255.00, -11376.81, -109902
7650, -11247.00, -11370.00, -110047
7655, -11239.00, -11361.59, -110188
7660, -11233.00, -11354.23, -110331
7665, -11224.00, -11346.60, -110518
7672, -11217.00, -11336.49, -110653
7676, -11210.00, -11329.59, -110787
7681, -11202.00, -11322.84, -110919
7685, -11193.00, -11316.11, -111061
7690, -11186.00, -11308.83, -111197
7694, -11181.00, -11302.00, -111335
7699, -11174.00, -11294.95, -111482
7704, -11168.00, -11288.19, -111638
7708, -11161.00, -11280.78, -111815
7714, -11152.00, -11272.46, -111982
7719, -11144.00, -11264.58, -112147
7724, -11136.00, -11257.18, -112311
7729, -11131.00, -11250.43, -112490
7734, -11123.00, -11242.57, -112670
7739, -11113.00, -11235.18, -112836
7743, -11107.00, -11228.26, -113024
7748, -11100.00, -11220.51, -113233
7754, -11092.00, -11212.19, -113420
7758, -11085.00, -11205.39, -113642
7764, -11077.00, -11197.05, -113861
7769, -11068.00, -11188.77, -114094
7774, -11061.00, -11181.17, -114334
7780, -11051.00, -11172.94, -114570
7785, -11043.00, -11165.10, -114798
7790, -11037.00, -11157.93, -115028
7794, -11029.00, -11150.47, -115289
7800, -11021.00, -11142.48, -115521
7804, -11016.00, -11135.64, -115764
7809, -11008.00, -11128.17, -116026
7814, -10999.00, -11120.14, -116258
7819, -10992.00, -11112.90, -116483
7824, -10985.00, -11105.80, -116704
7828, -10980.00, -11098.79, -116953
7834, -10970.00, -11090.72, -117201
7839, -10962.00, -11082.53, -117423
7844, -10954.00, -11074.85, -117667
7850, -10945.00, -11066.50, -117889
7855, -10937.00, -11058.78, -118104
7860, -10930.00, -11051.15, -118348
7866, -10919.00, -11042.26, -118536
7870, -10914.00, -11035.33, -118721
7875, -10909.00, -11028.55, -118930
7880, -10900.00, -11020.58, -119137
7885, -10892.00, -11012.60, -119335
7890, -10882.00, -11004.85, -119514
7895, -10878.00, -10998.01, -119702
7900, -10871.00, -10990.64, -119887
7905, -10864.00, -10983.06, -120074
7910, -10855.00, -10975.66, -120249
7914, -10849.00, -10968.64, -120424
7919, -10842.00, -10961.43, -120612
7924, -10835.00, -10953.99, -120805
7929, -10826.00, -10945.97, -121028
7936, -10815.00, -10936.51, -121203
7940, -10809.00, -10929.21, -121410
7946, -10798.00, -10920.23, -121582
7951, -10791.00, -10912.67, -121757
7956, -10784.00, -10905.29, -121933
7961, -10776.00, -10897.47, -122111
7966, -10769.00, -10889.75, -122284
7971, -10762.00, -10882.18, -122450
7976, -10754.00, -10875.01, -122624
7981, -10746.00, -10867.46, -122801
7986, -10739.00, -10859.81, -122960
7990, -10732.00, -10852.93, -123131
7995, -10725.00, -10845.38, -123321
8001, -10717.00, -10837.09, -123513
8007, -10707.00, -10828.43, -123690
8012, -10700.00, -10820.69, -123879
8017, -10693.00, -10812.56, -124041
8022, -10684.00, -10805.71, -124209
8026, -10678.00, -10798.57, -124417
8032, -10670.00, -10789.57, -124594
8037, -10662.00, -10782.37, -124761
8042, -10656.00, -10775.47, -124957
8047, -10647.00, -10767.28, -125152
8052, -10642.00, -10759.46, -125343
8057, -10633.00, -10752.03, -125534
8062, -10623.00, -10744.44, -125718
8067, -10616.00, -10737.25, -125922
8072, -10609.00, -10729.37, -126127
8078, -10602.00, -10721.45, -126374
8084, -10594.00, -10712.37, -126579
8089, -10587.00, -10704.83, -126767
8094, -10595.00, -10697.89, -126847
8098, -10602.00, -10692.16, -126859
8104, -10609.00, -10686.68, -126819
8108, -10615.00, -10682.35, -126749
8113, -10622.00, -10678.86, -126656
8117, -10631.00, -10676.03, -126542
8122, -10636.00, -10673.62, -126415
8126, -10641.00, -10671.71, -126240
8132, -10652.00, -10669.92, -126086
8137, -10659.00, -10669.10, -125917
8142, -10665.00, -10668.65, -125743
8147, -10674.00, -10668.70, -125549
8153, -10680.00, -10669.27, -125379
8158, -10688.00, -10670.14, -125215
8162, -10695.00, -10671.40, -125041
8167, -10701.00, -10672.98, -124865
8173, -10708.00, -10674.99, -124673
8178, -10717.00, -10677.45, -124482
8183, -10724.00, -10680.28, -124312
8188, -10731.00, -10683.16, -124120
8194, -10739.00, -10686.76, -123930
8199, -10745.00, -10690.40, -123761
8204, -10754.00, -10693.96, -123603
8209, -10760.00, -10697.61, -123412
8215, -10768.00, -10702.11, -123254
8219, -10774.00, -10706.04, -123098
8224, -10782.00, -10710.09, -122941
8229, -10788.00, -10714.34, -122791
8233, -10797.00, -10718.63, -122632
8238, -10805.00, -10723.30, -122480
8242, -10812.00, -10728.07, -122323
8247, -10817.00, -10732.86, -122150
8252, -10825.00, -10738.40, -121980
8257, -10833.00, -10743.94, -121814
8262, -10840.00, -10749.48, -121634
8267, -10848.00, -10755.62, -121434
8273, -10856.00, -10762.29, -121248
8278, -10864.00, -10768.72, -121081
8283, -10870.00, -10774.48, -120901
8288, -10877.00, -10780.62, -120717
8294, -10884.00, -10786.96, -120542
8299, -10893.00, -10793.13, -120354
8304, -10901.00, -10799.85, -120181
8309, -10908.00, -10805.94, -119993
8314, -10915.00, -10812.64, -119790
8319, -10923.00, -10819.53, -119621
8324, -10930.00, -10825.60, -119439
8329, -10938.00, -10831.80, -119245
8334, -10946.00, -10838.89, -119037
8339, -10952.00, -10846.18, -118830
8344, -10960.00, -10852.78, -118603
8350, -10967.00, -10860.51, -118366
8356, -10976.00, -10868.32, -118142
8361, -10985.00, -10875.51, -117947
8366, -10991.00, -10881.75, -117755
8370, -10999.00, -10887.97, -117560
8375, -11006.00, -10894.57, -117333
8380, -11013.00, -10901.64, -117068
8386, -11021.00, -10909.58, -116861
8390, -11028.00, -10915.77, -116597
8396, -11036.00, -10923.71, -116370
8400, -11044.00, -10930.29, -116145
8405, -11050.00, -10936.79, -115905
8409, -11058.00, -10943.59, -115667
8414, -11065.00, -10950.57, -115435
8419, -11074.00, -10957.19, -115215
8423, -11081.00, -10963.78, -114913
8430, -11089.00, -10973.08, -114662
8435, -11098.00, -10980.77, -114443
8440, -11104.00, -10987.81, -114246
8444, -11111.00, -10994.32, -114034
8449, -11119.00, -11001.84, -113834
8454, -11127.00, -11008.45, -113648
8458, -11135.00, -11015.15, -113416
8464, -11142.00, -11023.93, -113233
8469, -11151.00, -11030.92, -113057
8473, -11157.00, -11037.73, -112857
8479, -11163.00, -11045.85, -112682
8484, -11173.00, -11053.01, -112479
8489, -11181.00, -11061.39, -112274
8495, -11187.00, -11070.18, -112103
8500, -11196.00, -11077.52, -111911
8506, -11205.00, -11085.94, -111726
8512, -11212.00, -11094.67, -111554
8517, -11221.00, -11102.43, -111378
8522, -11231.00, -11110.72, -111208
8528, -11241.00, -11119.11, -111058
8533, -11247.00, -11126.67, -110906
8538, -11256.00, -11134.22, -110751
8543, -11264.00, -11142.27, -110608
8548, -11273.00, -11149.77, -110475
8552, -11276.00, -11156.61, -110330
8557, -11286.00, -11164.18, -110200
8562, -11292.00, -11171.23, -110060
8567, -11299.00, -11178.94, -109909
8572, -11307.00, -11186.63, -109754
8578, -11317.00, -11195.03, -109609
8583, -11326.00, -11203.07, -109459
8589, -11336.00, -11211.83, -109316
8593, -11342.00, -11219.34, -109166
8599, -11351.00, -11227.47, -109019
8604, -11359.00, -11236.36, -108878
8609, -11368.00, -11243.62, -108722
8615, -11375.00, -11252.28, -108584
8620, -11383.00, -11260.03, -108446
8625, -11392.00, -11267.56, -108321
8629, -11400.00, -11274.69, -108154
8635, -11408.00, -11284.51, -108015
8640, -11414.00, -11291.83, -107857
8646, -11424.00, -11300.93, -107711
8651, -11432.00, -11309.04, -107570
8656, -11438.00, -11316.41, -107443
8661, -11447.00, -11323.31, -107320
8665, -11456.00, -11330.25, -107190
8669, -11463.00, -11337.34, -107060
8674, -11470.00, -11344.61, -106915
8679, -11478.00, -11352.54, -106741
8685, -11488.00, -11362.20, -106594
8690, -11495.00, -11369.44, -106425
8696, -11503.00, -11378.55, -106263
8701, -11511.00, -11386.57, -106116
8706, -11518.00, -11394.08, -105929
8711, -11526.00, -11403.24, -105771
8717, -11535.00, -11411.36, -105584
8722, -11544.00, -11419.79, -105424
8727, -11551.00, -11427.39, -105230
8733, -11561.00, -11436.89, -105062
8738, -11569.00, -11444.84, -104859
8744, -11580.00, -11453.85, -104686
8749, -11588.00, -11461.86, -104510
8753, -11593.00, -11468.91, -104345
8758, -11600.00, -11475.90, -104130
8764, -11609.00, -11485.12, -103945
8768, -11617.00, -11492.30, -103761
8773, -11623.00, -11499.77, -103572
8778, -11630.00, -11506.78, -103377
8782, -11636.00, -11513.89, -103179
8787, -11644.00, -11521.03, -102972
8792, -11651.00, -11528.63, -102738
8797, -11658.00, -11536.02, -102529
8801, -11665.00, -11542.91, -102311
8806, -11673.00, -11549.86, -102055
8811, -11681.00, -11557.95, -101779
8816, -11688.00, -11566.17, -101530
8821, -11694.00, -11573.08, -101239
8826, -11705.00, -11581.13, -100975
8831, -11711.00, -11588.18, -100708
8835, -11718.00, -11595.01, -100421
8840, -11726.00, -11602.50, -100058
8846, -11732.00, -11611.26, -99738
8850, -11741.00, -11618.12, -99410
8855, -11747.00, -11625.53, -99043
8861, -11756.00, -11634.03, -98683
8866, -11765.00, -11642.19, -98320
8871, -11772.00, -11650.48, -97976
8877, -11780.00, -11658.57, -97684
8881, -11787.00, -11665.54, -97379
8886, -11793.00, -11673.53, -97052
8892, -11802.00, -11681.38, -96746
8897, -11808.00, -11688.89, -96454
8902, -11816.00, -11696.55, -96193
8906, -11824.00, -11703.79, -95926
8912, -11833.00, -11711.44, -95649
8917, -11840.00, -11719.12, -95391
8922, -11847.00, -11726.77, -95145
8927, -11855.00, -11734.30, -94869
8932, -11863.00, -11742.79, -94594
8938, -11871.00, -11751.37, -94325
8944, -11881.00, -11760.36, -94084
8949, -11890.00, -11768.24, -93840
8954, -11902.00, -11776.69, -93626
8959, -11906.00, -11784.38, -93390
8965, -11915.00, -11792.79, -93178
8970, -11924.00, -11800.63, -92960
8975, -11931.00, -11808.82, -92727
8981, -11940.00, -11817.56, -92510
8986, -11946.00, -11825.94, -92311
8991, -11954.00, -11833.37, -92107
8997, -11963.00, -11841.39, -91918
9002, -11969.00, -11849.02, -91738
9006, -11977.00, -11856.07, -91529
9012, -11985.00, -11864.63, -91343
9017, -11993.00, -11872.64, -91146
9023, -12000.00, -11880.64, -90966
9027, -12008.00, -11887.97, -90772
9033, -12018.00, -11896.48, -90592
9038, -12024.00, -11903.80, -90394
9044, -12032.00, -11912.36, -90223
9048, -12041.00, -11919.72, -90035
9054, -12049.00, -11928.36, -89833
9060, -12060.00, -11936.85, -89646
9065, -12068.00, -11945.25, -89442
9071, -12077.00, -11954.20, -89253
9076, -12085.00, -11962.66, -89041
9083, -12091.00, -11972.04, -88874
9087, -12099.00, -11979.22, -88710
9092, -12108.00, -11986.46, -88549
9097, -12113.00, -11993.49, -88374
9102, -12123.00, -12001.01, -88208
9107, -12129.00, -12008.32, -88025
9112, -12136.00, -12016.37, -87859
9116, -12145.00, -12023.35, -87687
9122, -12152.00, -12031.16, -87496
9127, -12160.00, -12039.11, -87319
9132, -12167.00, -12046.49, -87134
9137, -12175.00, -12054.63, -86936
9142, -12182.00, -12062.37, -86754
9147, -12194.00, -12070.15, -86533
9153, -12199.00, -12079.05, -86295
9159, -12210.00, -12088.40, -86116
9164, -12216.00, -12095.33, -85918
9169, -12224.00, -12103.06, -85730
9174, -12232.00, -12110.72, -85505
9179, -12240.00, -12118.71, -85256
9186, -12254.00, -12128.58, -85040
9191, -12261.00, -12136.61, -84817
9196, -12272.00, -12144.96, -84611
9201, -12278.00, -12152.59, -84398
9206, -12285.00, -12160.03, -84200
9210, -12291.00, -12166.92, -83973
9215, -12299.00, -12174.83, -83714
9220, -12309.00, -12183.46, -83464
9226, -12317.00, -12191.87, -83182
9232, -12324.00, -12201.33, -82915
9237, -12334.00, -12209.62, -82678
9242, -12342.00, -12217.63, -82459
9247, -12349.00, -12224.90, -82226
9252, -12357.00, -12232.77, -82007
9257, -12365.00, -12240.46, -81785
9262, -12372.00, -12248.28, -81587
9267, -12381.00, -12255.36, -81392
9271, -12388.00, -12262.58, -81179
9276, -12395.00, -12270.82, -80972
9282, -12405.00, -12279.06, -80756
9287, -12412.00, -12287.65, -80588
9291, -12421.00, -12294.66, -80410
9297, -12428.00, -12302.58, -80184
9303, -12435.00, -12312.25, -80019
9307, -12444.00, -12319.37, -79863
9312, -12451.00, -12326.34, -79711
9316, -12459.00, -12333.35, -79560
9321, -12466.00, -12340.51, -79411
9325, -12474.00, -12347.78, -79251
9330, -12482.00, -12355.77, -79094
9335, -12490.00, -12363.64, -78939
9340, -12500.00, -12371.77, -78788
9345, -12506.00, -12379.61, -78641
9351, -12515.00, -12388.12, -78492
9355, -12520.00, -12395.58, -78347
9360, -12531.00, -12403.46, -78187
9366, -12540.00, -12412.46, -78052
9371, -12548.00, -12420.15, -77917
9376, -12554.00, -12427.74, -77779
9381, -12562.00, -12435.78, -77637
9386, -12571.00, -12444.04, -77494
9391, -12580.00, -12453.01, -77341
9397, -12589.00, -12461.82, -77219
9402, -12598.00, -12469.36, -77101
9406, -12605.00, -12476.85, -76955
9412, -12614.00, -12485.87, -76834
9416, -12621.00, -12493.17, -76720
9421, -12628.00, -12500.35, -76593
9426, -12636.00, -12508.40, -76481
9430, -12641.00, -12515.42, -76355
9435, -12649.00, -12523.30, -76240
9440, -12657.00, -12531.01, -76104
9445, -12666.00, -12539.19, -75994
9450, -12671.00, -12546.16, -75873
9455, -12678.00, -12554.19, -75738
9460, -12687.00, -12562.68, -75610
9465, -12697.00, -12570.34, -75487
9470, -12704.00, -12578.24, -75363
9475, -12712.00, -12586.14, -75229
9481, -12721.00, -12594.81, -75111
9485, -12728.00, -12602.32, -74979
9491, -12739.00, -12611.56, -74832
9497, -12748.00, -12620.59, -74681
9503, -12758.00, -12630.52, -74555
9508, -12766.00, -12638.61, -74430
9513, -12775.00, -12646.52, -74278
9519, -12783.00, -12656.87, -74123
9525, -12789.00, -12665.17, -74006
9529, -12796.00, -12672.20, -73887
9534, -12805.00, -12679.34, -73759
9539, -12815.00, -12687.03, -73630
9544, -12820.00, -12694.91, -73496
9548, -12828.00, -12702.53, -73360
9553, -12839.00, -12710.29, -73208
9559, -12847.00, -12719.51, -73044
9564, -12855.00, -12728.23, -72897
9570, -12861.00, -12736.27, -72743
9575, -12870.00, -12744.83, -72558
9581, -12882.00, -12754.63, -72417
9586, -12890.00, -12762.25, -72236
9592, -12900.00, -12771.54, -72068
9597, -12908.00, -12780.01, -71884
9603, -12917.00, -12789.23, -71718
9608, -12925.00, -12797.31, -71530
9613, -12934.00, -12806.21, -71348
9619, -12941.00, -12814.68, -71158
9624, -12951.00, -12822.95, -70962
9629, -12957.00, -12831.62, -70754
9635, -12965.00, -12840.51, -70579
9639, -12975.00, -12847.59, -70408
9644, -12982.00, -12854.70, -70192
9649, -12988.00, -12863.36, -69998
9654, -12996.00, -12870.63, -69775
9659, -13004.00, -12879.02, -69547
9664, -13012.00, -12887.14, -69313
9670, -13020.00, -12895.38, -69073
9675, -13027.00, -12903.55, -68867
9679, -13034.00, -12910.30, -68656
9684, -13043.00, -12917.15, -68429
9688, -13049.00, -12924.31, -68146
9694, -13058.00, -12933.02, -67899
9698, -13065.00, -12939.99, -67627
9703, -13074.00, -12947.63, -67332
9708, -13080.00, -12955.95, -67000
9714, -13089.00, -12964.32, -66663
9719, -13096.00, -12972.83, -66348
9724, -13104.00, -12980.79, -65984
9730, -13112.00, -12989.99, -65698
9735, -13120.00, -12997.37, -65379
9741, -13127.00, -13005.83, -65101
9745, -13133.00, -13012.69, -64807
9750, -13142.00, -13020.78, -64543
9755, -13149.00, -13028.03, -64287
9760, -13156.00, -13034.83, -64041
9764, -13164.00, -13041.91, -63799
9769, -13172.00, -13049.02, -63569
9773, -13180.00, -13056.03, -63344
9778, -13187.00, -13063.01, -63125
9782, -13193.00, -13069.97, -62912
9787, -13199.00, -13076.80, -62705
9791, -13206.00, -13083.56, -62502
9796, -13211.00, -13090.26, -62295
9800, -13217.00, -13097.34, -62095
9805, -13226.00, -13104.09, -61888
9810, -13233.00, -13111.47, -61677
9814, -13241.00, -13119.00, -61477
9819, -13247.00, -13126.32, -61277
9824, -13255.00, -13133.98, -61071
9829, -13261.00, -13141.69, -60852
9835, -13271.00, -13149.80, -60610
9841, -13278.00, -13159.05, -60403
9846, -13287.00, -13167.40, -60188
9852, -13297.00, -13175.80, -60004
9857, -13303.00, -13183.41, -59808
9863, -13314.00, -13191.73, -59640
9867, -13319.00, -13198.55, -59478
9872, -13325.00, -13205.37, -59318
9876, -13330.00, -13212.09, -59155
9881, -13335.00, -13218.85, -59003
9885, -13344.00, -13225.58, -58821
9890, -13351.00, -13233.36, -58669
9895, -13359.00, -13240.35, -58492
9900, -13367.00, -13247.82, -58336
9905, -13374.00, -13254.61, -58133
9911, -13382.00, -13263.56, -57977
9915, -13391.00, -13270.71, -57826
9920, -13396.00, -13277.43, -57651
9925, -13403.00, -13285.16, -57493
9930, -13411.00, -13292.39, -57311
9935, -13416.00, -13300.30, -57135
9941, -13426.00, -13308.08, -56979
9945, -13432.00, -13315.05, -56775
9952, -13441.00, -13324.40, -56555
9958, -13455.00, -13334.26, -56398
9963, -13461.00, -13341.21, -56231
9968, -13470.00, -13349.29, -56047
9974, -13477.00, -13357.65, -55889
9978, -13483.00, -13364.43, -55725
9984, -13492.00, -13372.20, -55540
9989, -13498.00, -13380.28, -55371
9994, -13507.00, -13387.49, -55178
10000, -13513.00, -13396.46, -55004
10005, -13520.00, -13404.16, -54781
10011, -13529.00, -13413.01, -54623
10016, -13534.00, -13419.58, -54439
10021, -13542.00, -13427.34, -54217
10027, -13552.00, -13436.14, -54022
10033, -13560.00, -13444.06, -53830
10038, -13570.00, -13452.07, -53645
10043, -13577.00, -13459.21, -53459
10048, -13584.00, -13466.66, -53285
10052, -13589.00, -13473.26, -53053
10059, -13602.00, -13482.73, -52839
10064, -13610.00, -13490.29, -52640
10069, -13616.00, -13497.68, -52445
10074, -13624.00, -13504.81, -52228
10079, -13630.00, -13512.72, -52004
10084, -13639.00, -13520.26, -51795
10089, -13646.00, -13527.40, -51573
10094, -13656.00, -13534.72, -51327
10099, -13662.00, -13542.98, -51096
10104, -13670.00, -13550.21, -50805
10110, -13677.00, -13559.53, -50562
10115, -13686.00, -13566.51, -50329
10119, -13695.00, -13573.40, -50088
10124, -13702.00, -13580.87, -49818
10130, -13709.00, -13589.05, -49580
10135, -13719.00, -13596.47, -49306
10141, -13724.00, -13605.59, -49065
10146, -13732.00, -13612.96, -48861
10150, -13740.00, -13620.10, -48643
10155, -13747.00, -13627.73, -48391
10161, -13754.00, -13636.32, -48182
10166, -13761.00, -13643.65, -47971
10172, -13771.00, -13651.72, -47769
10177, -13777.00, -13659.08, -47590
10181, -13786.00, -13665.96, -47412
10186, -13794.00, -13672.96, -47225
10191, -13801.00, -13680.88, -47039
10196, -13808.00, -13688.28, -46870
10201, -13817.00, -13695.71, -46683
10206, -13825.00, -13703.73, -46485
10212, -13832.00, -13712.29, -46281
10218, -13843.00, -13721.36, -46124
10223, -13852.00, -13729.28, -45953
10228, -13859.00, -13736.83, -45784
10233, -13867.00, -13744.97, -45599
10239, -13880.00, -13754.38, -45451
10244, -13886.00, -13761.68, -45294
10249, -13895.00, -13770.29, -45138
10254, -13904.00, -13778.04, -44975
10260, -13911.00, -13786.53, -44815
10265, -13918.00, -13795.11, -44677
10270, -13927.00, -13802.70, -44539
10275, -13936.00, -13810.19, -44373
10281, -13942.00, -13819.73, -44243
10285, -13947.00, -13826.63, -44101
10291, -13957.00, -13834.55, -43979
10295, -13964.00, -13841.37, -43846
10300, -13973.00, -13849.26, -43699
10305, -13980.00, -13857.47, -43562
10311, -13987.00, -13865.53, -43434
10316, -13995.00, -13872.92, -43297
10321, -14001.00, -13881.57, -43122
10327, -14011.00, -13890.77, -42988
10333, -14018.00, -13898.82, -42862
10337, -14024.00, -13905.90, -42711
10343, -14034.00, -13914.16, -42562
10349, -14044.00, -13923.32, -42425
10354, -14051.00, -13930.84, -42279
10360, -14062.00, -13939.69, -42151
10365, -14069.00, -13947.05, -42027
10369, -14074.00, -13954.39, -41900
10374, -14080.00, -13961.17, -41752
10380, -14091.00, -13970.22, -41614
10385, -14099.00, -13977.34, -41477
10390, -14106.00, -13984.80, -41343
10394, -14112.00, -13992.24, -41191
10400, -14123.00, -14000.59, -41057
10404, -14129.00, -14007.57, -40927
10409, -14133.00, -14014.31, -40797
10413, -14139.00, -14020.95, -40663
10418, -14146.00, -14027.59, -40511
10423, -14153.00, -14035.09, -40328
10429, -14164.00, -14044.17, -40173
10434, -14172.00, -14051.67, -40008
10439, -14180.00, -14059.67, -39852
10444, -14187.00, -14067.01, -39677
10449, -14197.00, -14075.16, -39511
10455, -14203.00, -14082.96, -39292
10461, -14211.00, -14092.67, -39105
10466, -14219.00, -14100.46, -38923
10472, -14230.00, -14108.35, -38706
10478, -14236.00, -14117.52, -38517
10482, -14242.00, -14124.58, -38294
10488, -14253.00, -14133.24, -38046
10495, -14264.00, -14142.92, -37818
10500, -14272.00, -14151.48, -37602
10505, -14281.00, -14159.20, -37381
10511, -14289.00, -14167.17, -37133
10516, -14295.00, -14175.42, -36916
10521, -14305.00, -14182.34, -36679
10526, -14311.00, -14190.01, -36428
10530, -14319.00, -14197.56, -36190
10535, -14326.00, -14204.60, -35894
10541, -14335.00, -14213.38, -35584
10546, -14341.00, -14221.87, -35295
10551, -14349.00, -14228.81, -34922
10557, -14358.00, -14238.04, -34583
10562, -14363.00, -14245.74, -34268
10567, -14372.00, -14252.73, -33909
10572, -14379.00, -14260.60, -33606
10577, -14388.00, -14267.29, -33263
10582, -14396.00, -14275.14, -32955
10586, -14402.00, -14281.87, -32661
10591, -14411.00, -14288.59, -32343
10596, -14418.00, -14296.07, -32045
10600, -14425.00, -14303.20, -31703
10606, -14434.00, -14311.98, -31373
10611, -14441.00, -14319.93, -31111
10616, -14448.00, -14326.69, -30853
10620, -14454.00, -14333.49, -30571
10626, -14465.00, -14341.62, -30317
10630, -14469.00, -14348.60, -30071
10635, -14476.00, -14355.56, -29812
10640, -14484.00, -14363.35, -29571
10645, -14491.00, -14370.62, -29320
10650, -14501.00, -14378.83, -29071
10655, -14508.00, -14386.60, -28824
10660, -14515.00, -14394.55, -28604
10665, -14521.00, -14401.90, -28394
10670, -14529.00, -14408.99, -28175
10675, -14537.00, -14416.65, -27924
10681, -14546.00, -14425.75, -27705
10686, -14553.00, -14433.91, -27480
10692, -14562.00, -14441.95, -27303
10696, -14569.00, -14448.59, -27128
10701, -14576.00, -14455.32, -26955
10705, -14582.00, -14462.03, -26754
10710, -14589.00, -14469.98, -26564
10715, -14598.00, -14477.62, -26384
10720, -14605.00, -14484.95, -26217
10725, -14609.00, -14491.68, -26054
10729, -14614.00, -14498.13, -25893
10734, -14621.00, -14504.89, -25728
10738, -14628.00, -14511.57, -25561
10743, -14635.00, -14518.78, -25376
10748, -14643.00, -14526.33, -25207
10753, -14649.00, -14533.32, -25030
10759, -14657.00, -14541.19, -24844
10764, -14665.00, -14548.98, -24684
10769, -14672.00, -14555.54, -24534
10773, -14679.00, -14562.11, -24346
10779, -14687.00, -14570.71, -24173
10784, -14696.00, -14577.90, -23972
10790, -14703.00, -14586.86, -23779
10795, -14716.00, -14595.21, -23618
10800, -14719.00, -14602.27, -23469
10805, -14726.00, -14608.83, -23286
10810, -14734.00, -14617.00, -23117
10815, -14741.00, -14624.40, -22965
10820, -14748.00, -14630.97, -22809
10824, -14753.00, -14637.80, -22629
10830, -14761.00, -14645.66, -22472
10834, -14767.00, -14652.11, -22322
10839, -14774.00, -14658.54, -22146
10844, -14781.00, -14666.13, -21980
10849, -14789.00, -14673.00, -21820
10854, -14795.00, -14680.58, -21589
10860, -14804.00, -14689.31, -21410
10865, -14814.00, -14696.66, -21224
10870, -14821.00, -14704.35, -21008
10876, -14833.00, -14713.31, -20811
10882, -14840.00, -14721.28, -20636
10886, -14846.00, -14728.43, -20435
10892, -14854.00, -14736.31, -20236
10897, -14861.00, -14744.08, -20052
10902, -14868.00, -14751.03, -19835
10907, -14877.00, -14759.43, -19613
10913, -14882.00, -14767.47, -19431
10917, -14890.00, -14773.97, -19245
10922, -14898.00, -14780.60, -18988
10928, -14905.00, -14789.91, -18781
10933, -14912.00, -14796.57, -18521
10939, -14921.00, -14805.33, -18312
10944, -14926.00, -14811.98, -18101
10948, -14935.00, -14818.71, -17892
10953, -14942.00, -14825.29, -17685
10957, -14951.00, -14831.89, -17467
10962, -14956.00, -14838.78, -17257
10966, -14963.00, -14845.43, -17033
10971, -14969.00, -14852.63, -16800
10976, -14977.00, -14860.11, -16570
10982, -14987.00, -14867.89, -16374
10986, -14992.00, -14874.62, -16179
10991, -14999.00, -14881.68, -15981
10995, -15005.00, -14888.38, -15790
11000, -15011.00, -14895.24, -15611
11005, -15016.00, -14901.82, -15441
11009, -15024.00, -14908.19, -15270
11014, -15033.00, -14914.85, -15109
11018, -15039.00, -14921.40, -14942
11023, -15046.00, -14928.16, -14789
11027, -15055.00, -14934.72, -14634
11031, -15060.00, -14941.32, -14481
11036, -15064.00, -14948.04, -14327
11041, -15071.00, -14955.12, -14151
11046, -15081.00, -14963.12, -13974
11052, -15089.00, -14970.93, -13819
11057, -15098.00, -14978.39, -13671
11061, -15104.00, -14985.57, -13528
11066, -15109.00, -14992.57, -13377
11071, -15116.00, -14999.89, -13229
11076, -15128.00, -15007.69, -13090
11081, -15133.00, -15014.65, -12956
11086, -15141.00, -15022.26, -12799
11092, -15150.00, -15030.38, -12644
11097, -15157.00, -15038.60, -12520
11102, -15166.00, -15045.58, -12360
11108, -15174.00, -15054.59, -12236
11112, -15181.00, -15061.40, -12118
11117, -15187.00, -15068.07, -11961
11123, -15197.00, -15077.37, -11811
11129, -15203.00, -15085.92, -11696
11133, -15212.00, -15092.59, -11582
11138, -15220.00, -15099.60, -11460
11143, -15228.00, -15106.92, -11331
11148, -15236.00, -15115.24, -11204
11153, -15243.00, -15122.56, -11055
11159, -15251.00, -15131.83, -10893
11165, -15258.00, -15141.26, -10766
11171, -15267.00, -15148.92, -10659
11175, -15273.00, -15155.49, -10552
11179, -15281.00, -15162.10, -10442
11184, -15287.00, -15168.89, -10308
11190, -15295.00, -15177.35, -10160
11196, -15304.00, -15186.15, -10043
11201, -15310.00, -15193.37, -9922
11206, -15321.00, -15201.31, -9793
11211, -15326.00, -15208.75, -9677
11216, -15335.00, -15215.94, -9558
11221, -15341.00, -15223.42, -9430
11226, -15352.00, -15231.75, -9312
11231, -15357.00, -15239.02, -9199
11236, -15365.00, -15245.93, -9077
11241, -15373.00, -15253.48, -8935
11247, -15383.00, -15262.46, -8818
11252, -15389.00, -15269.61, -8700
11256, -15397.00, -15276.69, -8581
11261, -15402.00, -15283.78, -8458
11266, -15409.00, -15291.08, -8333
11271, -15417.00, -15298.45, -8199
11276, -15426.00, -15306.63, -8074
11281, -15433.00, -15313.60, -7956
11286, -15439.00, -15320.33, -7831
11290, -15446.00, -15327.36, -7714
11295, -15454.00, -15334.17, -7589
11299, -15462.00, -15341.09, -7426
11306, -15469.00, -15350.43, -7275
11311, -15477.00, -15358.08, -7144
11315, -15485.00, -15365.01, -6992
11321, -15492.00, -15373.04, -6836
11326, -15500.00, -15380.83, -6701
11331, -15508.00, -15387.76, -6531
11336, -15516.00, -15396.43, -6363
11341, -15523.00, -15404.28, -6188
11347, -15534.00, -15412.92, -6026
11352, -15540.00, -15420.28, -5848
11358, -15549.00, -15428.73, -5674
11363, -15558.00, -15436.15, -5499
11368, -15563.00, -15443.82, -5314
11373, -15574.00, -15451.78, -5092
11379, -15583.00, -15461.19, -4911
11384, -15591.00, -15468.26, -4737
11388, -15597.00, -15475.03, -4555
11393, -15603.00, -15481.99, -4375
11397, -15609.00, -15488.68, -4180
11402, -15615.00, -15495.84, -3982
11406, -15621.00, -15502.74, -3756
11411, -15630.00, -15510.17, -3536
11416, -15635.00, -15517.31, -3269
11422, -15644.00, -15525.67, -2973
11428, -15655.00, -15534.88, -2709
11433, -15663.00, -15542.49, -2434
11438, -15672.00, -15550.31, -2158
11443, -15679.00, -15558.21, -1848
11448, -15687.00, -15565.88, -1537
11453, -15693.00, -15573.66, -1185
11459, -15702.00, -15582.39, -843
11465, -15710.00, -15590.62, -561
11469, -15717.00, -15597.47, -196
11475, -15724.00, -15606.51, 110
11480, -15733.00, -15613.93, 385
11485, -15739.00, -15621.08, 685
11490, -15747.00, -15628.66, 1012
11496, -15753.00, -15637.26, 1265
11501, -15761.00, -15643.98, 1522
11506, -15769.00, -15651.12, 1786
11511, -15777.00, -15658.60, 2008
11515, -15783.00, -15665.16, 2236
11520, -15790.00, -15672.01, 2448
11524, -15797.00, -15678.50, 2727
11530, -15804.00, -15687.18, 2942
11535, -15812.00, -15694.23, 3183
11540, -15819.00, -15701.89, 3434
11546, -15827.00, -15710.36, 3642
11550, -15833.00, -15717.23, 3896
11556, -15841.00, -15725.88, 4133
11562, -15848.00, -15733.92, 4324
11567, -15856.00, -15740.82, 4524
11572, -15864.00, -15748.08, 4725
11577, -15871.00, -15755.58, 4912
11581, -15878.00, -15762.32, 5147
11588, -15889.00, -15771.66, 5383
11594, -15899.00, -15780.61, 5550
11598, -15902.00, -15786.97, 5735
11603, -15911.00, -15794.42, 5935
11609, -15920.00, -15802.55, 6115
11614, -15925.00, -15809.98, 6279
11618, -15934.00, -15816.42, 6436
11623, -15937.00, -15822.81, 6595
11627, -15944.00, -15829.41, 6749
11632, -15949.00, -15835.74, 6934
11637, -15956.00, -15843.46, 7112
11642, -15963.00, -15850.70, 7262
11647, -15970.00, -15856.94, 7419
11651, -15977.00, -15863.64, 7619
11658, -15986.00, -15872.60, 7808
11663, -15995.00, -15880.24, 8008
11669, -16006.00, -15889.34, 8200
11675, -16012.00, -15897.29, 8364
11680, -16019.00, -15904.38, 8538
11685, -16027.00, -15912.02, 8737
11691, -16032.00, -15920.51, 8904
11696, -16040.00, -15927.77, 9072
11701, -16047.00, -15934.82, 9233
11706, -16056.00, -15941.68, 9386
11711, -16062.00, -15948.23, 9534
11715, -16068.00, -15954.55, 9686
11720, -16077.00, -15961.18, 9837
11724, -16082.00, -15967.58, 9997
11729, -16088.00, -15974.32, 10147
11733, -16092.00, -15980.76, 10305
11738, -16099.00, -15987.10, 10468
11743, -16105.00, -15993.92, 10639
11748, -16114.00, -16000.84, 10820
11753, -16120.00, -16008.34, 10997
11758, -16128.00, -16015.43, 11198
11764, -16139.00, -16023.74, 11380
11769, -16144.00, -16030.75, 11539
11773, -16149.00, -16037.00, 11746
11779, -16160.00, -16045.44, 11964
11785, -16170.00, -16053.79, 12162
11790, -16178.00, -16061.52, 12358
11795, -16184.00, -16069.02, 12559
11800, -16192.00, -16076.47, 12774
11806, -16198.00, -16084.34, 12955
11810, -16206.00, -16090.90, 13140
11815, -16212.00, -16097.27, 13334
11819, -16219.00, -16104.08, 13556
11825, -16227.00, -16111.83, 13803
11831, -16235.00, -16120.13, 13997
11835, -16242.00, -16126.48, 14215
11840, -16251.00, -16133.72, 14425
11845, -16256.00, -16140.54, 14644
11849, -16263.00, -16147.33, 14879
11854, -16270.00, -16154.56, 15123
11859, -16278.00, -16161.90, 15359
11864, -16285.00, -16169.21, 15611
11869, -16294.00, -16176.84, 15850
11875, -16301.00, -16184.47, 16113
11880, -16310.00, -16192.72, 16310
11885, -16316.00, -16199.18, 16573
11891, -16323.00, -16208.04, 16797
11896, -16331.00, -16215.73, 16994
11901, -16340.00, -16222.54, 17238
11907, -16345.00, -16231.42, 17447
11912, -16354.00, -16238.93, 17639
11917, -16361.00, -16246.23, 17846
11923, -16369.00, -16254.06, 18013
11927, -16376.00, -16260.76, 18170
11932, -16384.00, -16267.20, 18403
11938, -16391.00, -16276.90, 18567
11943, -16398.00, -16283.85, 18718
11948, -16406.00, -16290.38, 18863
11952, -16413.00, -16296.91, 19002
11957, -16421.00, -16303.30, 19141
11961, -16428.00, -16309.81, 19282
11965, -16436.00, -16316.63, 19445
11971, -16444.00, -16324.71, 19581
11976, -16453.00, -16331.85, 19725
11980, -16459.00, -16338.91, 19901
11986, -16467.00, -16348.24, 20036
11991, -16475.00, -16355.05, 20200
11997, -16483.00, -16363.72, 20360
12003, -16491.00, -16372.35, 20492
12007, -16498.00, -16379.53, 20616
12012, -16505.00, -16386.24, 20737
12016, -16512.00, -16392.79, 20865
12021, -16521.00, -16400.09, 20998
12026, -16530.00, -16407.69, 21114
12030, -16534.00, -16414.30, 21239
12035, -16543.00, -16421.59, 21356
12040, -16548.00, -16428.36, 21485
12045, -16555.00, -16435.91, 21603
12049, -16560.00, -16442.55, 21719
12054, -16565.00, -16449.22, 21833
12058, -16574.00, -16455.82, 21953
12063, -16581.00, -16462.88, 22063
12067, -16588.00, -16469.41, 22174
12072, -16596.00, -16476.11, 22283
12076, -16604.00, -16482.74, 22397
12081, -16611.00, -16489.65, 22511
12085, -16617.00, -16496.58, 22642
12091, -16611.00, -16504.28, 22718
12096, -16602.00, -16511.42, 22729
12102, -16595.00, -16516.78, 22700
12108, -16588.00, -16522.20, 22640
12113, -16580.00, -16526.48, 22577
12118, -16574.00, -16529.27, 22504
12122, -16567.00, -16531.51, 22425
12127, -16560.00, -16533.21, 22336
12131, -16552.00, -16534.46, 22229
12136, -16545.00, -16535.36, 22106
12142, -16537.00, -16535.73, 21995
12147, -16529.00, -16535.57, 21872
12152, -16522.00, -16534.93, 21755
12157, -16514.00, -16533.89, 21629
12162, -16506.00, -16532.41, 21523
12166, -16500.00, -16530.83, 21396
12172, -16491.00, -16528.60, 21268
12177, -16483.00, -16526.00, 21148
12181, -16476.00, -16523.41, 21001
12187, -16469.00, -16519.81, 20844
12193, -16461.00, -16515.94, 20721
12198, -16455.00, -16512.65, 20578
12203, -16447.00, -16508.58, 20407
12209, -16438.00, -16503.56, 20281
12214, -16430.00, -16499.78, 20148
12219, -16424.00, -16495.53, 19975
12225, -16413.00, -16489.69, 19836
12230, -16407.00, -16485.07, 19661
12236, -16395.00, -16478.89, 19528
12240, -16389.00, -16474.12, 19365
12245, -16383.00, -16468.34, 19205
12251, -16373.00, -16462.72, 19012
12257, -16363.00, -16455.52, 18858
12262, -16356.00, -16450.02, 18707
12266, -16347.00, -16444.56, 18521
12272, -16342.00, -16437.66, 18345
12277, -16331.00, -16431.43, 18182
12282, -16325.00, -16425.51, 17994
12287, -16318.00, -16418.97, 17827
12291, -16312.00, -16413.35, 17640
12296, -16304.00, -16407.07, 17431
12302, -16296.00, -16399.95, 17213
12307, -16287.00, -16392.66, 16975
12313, -16279.00, -16385.15, 16771
12318, -16275.00, -16378.63, 16490
12324, -16264.00, -16370.37, 16272
12328, -16258.00, -16364.27, 16046
12333, -16250.00, -16357.72, 15802
12338, -16242.00, -16350.84, 15560
12343, -16236.00, -16343.87, 15313
12349, -16227.00, -16336.92, 15055
12354, -16220.00, -16329.45, 14831
12359, -16212.00, -16322.97, 14619
12363, -16207.00, -16316.68, 14387
12368, -16198.00, -16309.67, 14165
12373, -16191.00, -16302.81, 13946
12378, -16184.00, -16295.93, 13734
12383, -16176.00, -16289.02, 13495
12388, -16169.00, -16281.29, 13287
12393, -16160.00, -16274.43, 13086
12398, -16152.00, -16267.47, 12851
12404, -16145.00, -16258.94, 12596
12410, -16137.00, -16250.58, 12390
12415, -16130.00, -16243.16, 12194
12420, -16121.00, -16236.19, 12021
12424, -16116.00, -16229.82, 11830
12429, -16107.00, -16222.69, 11627
12435, -16098.00, -16214.70, 11445
12439, -16093.00, -16207.78, 11240
12445, -16085.00, -16199.89, 11044
12450, -16076.00, -16192.25, 10845
12456, -16068.00, -16183.93, 10653
12461, -16060.00, -16176.62, 10450
12466, -16050.00, -16168.38, 10285
12471, -16044.00, -16161.71, 10104
12476, -16036.00, -16154.05, 9938
12481, -16032.00, -16147.45, 9780
12485, -16025.00, -16141.01, 9606
12490, -16017.00, -16133.69, 9419
12495, -16008.00, -16125.90, 9250
12500, -16003.00, -16118.85, 9071
12505, -15993.00, -16111.26, 8896
12510, -15987.00, -16104.01, 8725
12515, -15981.00, -16096.87, 8555
12520, -15973.00, -16089.66, 8366
12525, -15963.00, -16081.67, 8175
12531, -15956.00, -16073.59, 7957
12537, -15945.00, -16064.39, 7774
12542, -15935.00, -16056.65, 7613
12547, -15931.00, -16049.73, 7457
12551, -15925.00, -16043.08, 7271
12557, -15916.00, -16035.19, 7076
12562, -15907.00, -16027.02, 6845
12568, -15900.00, -16017.32, 6638
12574, -15891.00, -16008.84, 6462
12579, -15883.00, -16001.91, 6265
12584, -15875.00, -15993.51, 6076
12589, -15868.00, -15986.32, 5887
12594, -15861.00, -15979.01, 5690
12599, -15854.00, -15971.30, 5481
12605, -15846.00, -15963.48, 5288
12610, -15838.00, -15956.30, 5115
12614, -15829.00, -15949.73, 4927
12619, -15823.00, -15942.71, 4711
12624, -15815.00, -15934.65, 4508
12629, -15808.00, -15927.45, 4294
12634, -15801.00, -15919.66, 4076
12639, -15791.00, -15912.27, 3884
12643, -15785.00, -15905.56, 3612
12649, -15778.00, -15896.40, 3337
12655, -15769.00, -15887.35, 3041
12662, -15758.00, -15878.01, 2772
12667, -15747.00, -15869.45, 2495
12673, -15739.00, -15860.06, 2233
12678, -15731.00, -15852.91, 1953
12683, -15722.00, -15844.74, 1690
12688, -15716.00, -15837.14, 1419
12693, -15708.00, -15829.67, 1156
12698, -15701.00, -15822.72, 803
12704, -15693.00, -15813.33, 481
12709, -15686.00, -15805.34, 201
12714, -15678.00, -15798.72, -110
12719, -15670.00, -15790.86, -439
12724, -15661.00, -15783.48, -744
12728, -15654.00, -15776.21, -1037
12733, -15647.00, -15769.16, -1325
12738, -15640.00, -15762.07, -1628
12743, -15632.00, -15754.40, -1951
12748, -15626.00, -15745.99, -2225
12753, -15617.00, -15738.81, -2494
12758, -15608.00, -15731.06, -2751
12763, -15603.00, -15724.07, -3040
12768, -15593.00, -15715.50, -3353
12775, -15585.00, -15705.57, -3588
12779, -15578.00, -15698.53, -3822
12784, -15569.00, -15690.67, -4039
12789, -15564.00, -15683.18, -4256
12795, -15555.00, -15675.39, -4507
12800, -15548.00, -15666.53, -4716
12806, -15541.00, -15658.49, -4900
12811, -15533.00, -15650.81, -5089
12816, -15528.00, -15643.69, -5246
12820, -15519.00, -15637.18, -5400
12825, -15513.00, -15630.53, -5553
12829, -15506.00, -15623.75, -5702
12834, -15498.00, -15617.04, -5863
12839, -15491.00, -15609.63, -6025
12844, -15484.00, -15601.55, -6175
12849, -15477.00, -15594.64, -6332
12854, -15470.00, -15586.82, -6495
12860, -15463.00, -15578.88, -6628
12864, -15455.00, -15572.24, -6765
12869, -15449.00, -15565.10, -6906
12874, -15441.00, -15557.76, -7037
12879, -15435.00, -15550.90, -7190
12885, -15427.00, -15542.58, -7358
12891, -15419.00, -15533.47, -7497
12896, -15411.00, -15526.28, -7611
12900, -15405.00, -15519.89, -7766
12906, -15399.00, -15511.43, -7893
12911, -15390.00, -15504.31, -8023
12916, -15382.00, -15496.85, -8173
12923, -15371.00, -15487.55, -8295
12928, -15364.00, -15480.51, -8410
12932, -15358.00, -15473.99, -8523
12937, -15353.00, -15467.25, -8633
12941, -15346.00, -15460.62, -8743
12946, -15340.00, -15453.73, -8867
12951, -15331.00, -15446.29, -8987
12956, -15324.00, -15438.96, -9102
12961, -15317.00, -15431.80, -9226
12967, -15310.00, -15424.01, -9350
12972, -15301.00, -15416.09, -9460
12977, -15294.00, -15409.41, -9575
12982, -15289.00, -15402.18, -9702
12988, -15279.00, -15394.16, -9847
12994, -15268.00, -15384.68, -9995
13001, -15260.00, -15375.08, -10149
13007, -15253.00, -15366.18, -10258
13012, -15246.00, -15359.37, -10369
13016, -15238.00, -15352.51, -10502
13022, -15230.00, -15344.01, -10620
13027, -15222.00, -15336.82, -10755
13033, -15212.00, -15328.10, -10864
13038, -15206.00, -15321.37, -10970
13042, -15200.00, -15314.96, -11073
13047, -15194.00, -15308.56, -11176
13051, -15187.00, -15302.15, -11289
13056, -15181.00, -15295.18, -11399
13061, -15174.00, -15288.49, -11526
13066, -15167.00, -15280.85, -11639
13071, -15159.00, -15273.96, -11766
13076, -15152.00, -15266.40, -11899
13082, -15145.00, -15258.64, -12015
13086, -15137.00, -15251.78, -12126
13091, -15130.00, -15245.42, -12242
13095, -15124.00, -15238.71, -12384
13101, -15116.00, -15230.48, -12517
13106, -15109.00, -15223.21, -12638
13111, -15102.00, -15216.44, -12770
13116, -15094.00, -15208.85, -12892
13121, -15088.00, -15202.38, -13011
13125, -15080.00, -15195.85, -13139
13130, -15072.00, -15189.08, -13261
13134, -15067.00, -15182.62, -13406
13140, -15059.00, -15174.79, -13544
13144, -15050.00, -15167.89, -13672
13149, -15046.00, -15161.35, -13805
13153, -15042.00, -15154.86, -13938
13158, -15036.00, -15148.53, -14080
13163, -15028.00, -15141.68, -14231
13167, -15022.00, -15134.66, -14396
13173, -15015.00, -15127.12, -14551
13177, -15010.00, -15120.54, -14704
13182, -15002.00, -15113.80, -14894
13188, -14993.00, -15105.71, -15086
13194, -14983.00, -15097.73, -15253
13198, -14979.00, -15090.92, -15432
13203, -14971.00, -15083.86, -15613
13208, -14965.00, -15076.83, -15784
13213, -14959.00, -15070.46, -15973
13218, -14953.00, -15063.49, -16161
13223, -14947.00, -15057.07, -16348
13227, -14940.00, -15050.68, -16558
13232, -14933.00, -15043.55, -16753
13237, -14925.00, -15037.20, -16987
13242, -14918.00, -15029.54, -17207
13247, -14912.00, -15022.62, -17431
13252, -14904.00, -15015.51, -17626
13257, -14897.00, -15009.23, -17819
13261, -14890.00, -15002.88, -18035
13266, -14885.00, -14995.89, -18254
13272, -14877.00, -14988.33, -18456
13276, -14869.00, -14981.92, -18642
13281, -14862.00, -14975.53, -18850
13286, -14854.00, -14968.26, -19060
13291, -14848.00, -14960.76, -19255
13296, -14841.00, -14953.63, -19446
13301, -14834.00, -14947.26, -19660
13306, -14826.00, -14939.44, -19844
13311, -14819.00, -14932.66, -20021
13315, -14813.00, -14926.11, -20219
13321, -14804.00, -14918.59, -20411
13326, -14795.00, -14911.43, -20583
13330, -14789.00, -14904.46, -20774
13335, -14781.00, -14897.16, -20977
13341, -14774.00, -14889.09, -21158
13346, -14767.00, -14881.93, -21342
13351, -14760.00, -14874.44, -21558
13357, -14752.00, -14865.79, -21749
13363, -14746.00, -14858.12, -21937
13368, -14738.00, -14850.36, -22105
13373, -14731.00, -14843.67, -22260
13377, -14725.00, -14837.23, -22440
13383, -14715.00, -14829.80, -22614
13388, -14709.00, -14822.42, -22806
13393, -14701.00, -14814.67, -22969
13398, -14694.00, -14807.68, -23179
13404, -14683.00, -14798.79, -23351
13410, -14674.00, -14790.94, -23528
13415, -14667.00, -14783.65, -23702
13420, -14659.00, -14776.04, -23875
13425, -14651.00, -14768.29, -24037
13430, -14645.00, -14761.57, -24210
13435, -14637.00, -14754.20, -24362
13439, -14632.00, -14747.76, -24530
13444, -14626.00, -14740.64, -24715
13449, -14617.00, -14732.63, -24881
13454, -14609.00, -14725.82, -25059
13459, -14601.00, -14717.94, -25271
13465, -14592.00, -14709.17, -25433
13470, -14584.00, -14702.30, -25615
13475, -14576.00, -14694.70, -25775
13480, -14572.00, -14688.09, -25935
13484, -14564.00, -14681.55, -26100
13489, -14559.00, -14674.90, -26283
13494, -14552.00, -14667.62, -26475
13499, -14545.00, -14660.06, -26661
13504, -14538.00, -14653.02, -26851
13509, -14530.00, -14645.69, -27037
13514, -14522.00, -14638.66, -27215
13518, -14515.00, -14632.01, -27451
13524, -14505.00, -14623.16, -27636
13529, -14500.00, -14616.54, -27816
13533, -14492.00, -14610.04, -28049
13539, -14485.00, -14601.69, -28248
13543, -14479.00, -14594.94, -28467
13548, -14469.00, -14587.49, -28698
13554, -14461.00, -14579.64, -28961
13559, -14453.00, -14571.03, -29186
13564, -14445.00, -14563.87, -29433
13569, -14438.00, -14556.12, -29697
13575, -14429.00, -14548.06, -29940
13580, -14422.00, -14540.83, -30220
13585, -14412.00, -14532.69, -30487
13590, -14407.00, -14525.00, -30761
13595, -14398.00, -14517.88, -31041
13600, -14391.00, -14510.31, -31349
13605, -14381.00, -14502.44, -31659
13610, -14376.00, -14494.67, -31966
13615, -14367.00, -14487.65, -32324
13621, -14358.00, -14479.03, -32699
13626, -14349.00, -14470.90, -33073
13631, -14340.00, -14462.58, -33395
13636, -14332.00, -14455.41, -33769
13642, -14326.00, -14447.06, -34106
13646, -14318.00, -14439.62, -34423
13651, -14310.00, -14432.19, -34769
13657, -14302.00, -14423.94, -35068
13661, -14294.00, -14416.48, -35393
13667, -14287.00, -14408.09, -35707
13672, -14279.00, -14399.86, -35973
13677, -14271.00, -14392.61, -36255
13682, -14263.00, -14384.51, -36497
13687, -14257.00, -14377.38, -36726
13692, -14249.00, -14370.54, -36983
13697, -14240.00, -14362.01, -37233
13703, -14233.00, -14353.79, -37446
13707, -14226.00, -14346.82, -37671
13712, -14216.00, -14339.01, -37925
13718, -14209.00, -14329.82, -38109
13723, -14203.00, -14323.02, -38290
13727, -14194.00, -14316.20, -38483
13732, -14189.00, -14308.71, -38657
13737, -14179.00, -14301.60, -38868
13742, -14173.00, -14293.06, -39033
13747, -14164.00, -14286.21, -39190
13751, -14156.00, -14279.38, -39357
13756, -14149.00, -14272.02, -39514
13761, -14144.00, -14265.11, -39666
13765, -14139.00, -14258.37, -39828
13770, -14131.00, -14251.01, -39979
13775, -14124.00, -14244.03, -40171
13781, -14113.00, -14234.77, -40317
13785, -14107.00, -14227.95, -40483
13791, -14098.00, -14219.49, -40640
13796, -14090.00, -14211.97, -40794
13801, -14082.00, -14204.13, -40945
13806, -14073.00, -14196.26, -41087
13811, -14067.00, -14189.06, -41221
13815, -14062.00, -14182.12, -41359
13820, -14055.00, -14174.84, -41495
13825, -14046.00, -14167.80, -41622
13829, -14038.00, -14160.87, -41759
13834, -14031.00, -14153.36, -41896
13839, -14024.00, -14145.64, -42022
13843, -14016.00, -14138.85, -42142
13848, -14009.00, -14132.07, -42278
13853, -14000.00, -14124.47, -42418
13858, -13991.00, -14116.37, -42594
13864, -13984.00, -14106.65, -42738
13869, -13975.00, -14098.45, -42885
13874, -13970.00, -14090.62, -43030
13880, -13961.00, -14082.58, -43166
13885, -13951.00, -14074.97, -43312
13890, -13942.00, -14066.85, -43457
13895, -13936.00, -14058.58, -43598
13900, -13926.00, -14050.97, -43750
13906, -13919.00, -14042.51, -43877
13910, -13910.00, -14035.51, -44008
13915, -13904.00, -14028.14, -44142
13919, -13897.00, -14020.95, -44279
13924, -13888.00, -14013.51, -44412
13929, -13880.00, -14006.06, -44576
13934, -13872.00, -13997.38, -44720
13939, -13864.00, -13989.45, -44879
13944, -13856.00, -13981.33, -45022
13949, -13848.00, -13973.79, -45185
13955, -13841.00, -13965.46, -45333
13959, -13831.00, -13957.82, -45486
13964, -13824.00, -13949.97, -45679
13970, -13815.00, -13940.31, -45832
13975, -13807.00, -13932.98, -46017
13981, -13797.00, -13923.90, -46197
13986, -13789.00, -13915.32, -46386
13992, -13778.00, -13906.61, -46543
13996, -13773.00, -13899.50, -46751
14002, -13760.00, -13890.00, -46955
14008, -13752.00, -13880.94, -47176
14013, -13744.00, -13871.35, -47411
14020, -13736.00, -13861.68, -47632
14025, -13726.00, -13853.20, -47813
14029, -13720.00, -13846.02, -48005
14034, -13711.00, -13838.63, -48233
14039, -13703.00, -13829.97, -48444
14044, -13695.00, -13822.50, -48681
14049, -13688.00, -13814.06, -48901
14054, -13681.00, -13806.68, -49130
14059, -13674.00, -13799.10, -49365
14064, -13662.00, -13791.57, -49663
14069, -13655.00, -13782.16, -49910
14074, -13648.00, -13774.54, -50177
14080, -13640.00, -13765.97, -50508
14086, -13629.00, -13756.02, -50753
14091, -13622.00, -13748.23, -50984
14095, -13614.00, -13740.73, -51274
14101, -13604.00, -13731.40, -51498
14106, -13598.00, -13724.09, -51737
14111, -13589.00, -13715.91, -51951
14116, -13581.00, -13708.62, -52183
14121, -13574.00, -13700.33, -52390
14125, -13567.00, -13693.05, -52652
14131, -13556.00, -13683.76, -52867
14136, -13547.00, -13675.72, -53077
14141, -13541.00, -13667.95, -53284
14146, -13534.00, -13660.07, -53483
14151, -13525.00, -13652.21, -53683
14156, -13517.00, -13644.38, -53864
14160, -13512.00, -13637.44, -54047
14165, -13502.00, -13630.03, -54220
14169, -13494.00, -13622.79, -54408
14174, -13487.00, -13614.69, -54639
14180, -13479.00, -13605.49, -54820
14185, -13471.00, -13598.01, -54991
14189, -13463.00, -13590.67, -55158
14194, -13456.00, -13583.46, -55324
14198, -13447.00, -13576.11, -55502
14203, -13439.00, -13568.38, -55675
14208, -13432.00, -13560.81, -55854
14213, -13423.00, -13552.06, -56037
14218, -13418.00, -13544.65, -56197
14222, -13410.00, -13537.55, -56386
14228, -13401.00, -13529.01, -56563
14233, -13392.00, -13521.07, -56725
14237, -13388.00, -13513.92, -56887
14242, -13381.00, -13506.82, -57077
14247, -13373.00, -13498.01, -57249
14252, -13366.00, -13490.87, -57417
14256, -13358.00, -13483.32, -57581
14261, -13351.00, -13476.30, -57740
14265, -13344.00, -13469.26, -57898
14270, -13335.00, -13462.18, -58063
14275, -13327.00, -13454.72, -58254
14280, -13320.00, -13446.21, -58437
14285, -13312.00, -13437.74, -58654
14291, -13303.00, -13428.87, -58823
14296, -13295.00, -13421.46, -59015
14301, -13287.00, -13413.25, -59204
14306, -13281.00, -13405.18, -59393
14311, -13272.00, -13397.13, -59621
14317, -13263.00, -13388.01, -59819
14322, -13254.00, -13380.01, -60007
14327, -13247.00, -13372.23, -60234
14333, -13235.00, -13363.04, -60446
14338, -13227.00, -13354.71, -60638
14343, -13217.00, -13346.75, -60864
14348, -13210.00, -13337.69, -61086
14353, -13204.00, -13329.85, -61301
14358, -13193.00, -13321.80, -61504
14363, -13187.00, -13314.23, -61733
14368, -13178.00, -13305.68, -61967
14373, -13171.00, -13297.69, -62180
14378, -13164.00, -13290.26, -62421
14383, -13156.00, -13282.28, -62692
14389, -13145.00, -13273.19, -62938
14394, -13137.00, -13265.26, -63193
14399, -13129.00, -13257.08, -63443
14403, -13121.00, -13249.50, -63693
14408, -13115.00, -13242.14, -63972
14413, -13108.00, -13234.04, -64284
14419, -13096.00, -13225.13, -64568
14423, -13091.00, -13217.42, -64877
14429, -13080.00, -13209.13, -65202
14434, -13072.00, -13200.75, -65534
14439, -13066.00, -13192.56, -65876
14444, -13057.00, -13184.05, -66229
14449, -13047.00, -13175.51, -66530
14454, -13039.00, -13168.08, -66826
14459, -13031.00, -13160.26, -67120
14463, -13025.00, -13153.04, -67425
14468, -13017.00, -13144.91, -67714
14474, -13010.00, -13136.60, -68027
14479, -12999.00, -13127.90, -68291
14484, -12993.00, -13120.54, -68563
14489, -12985.00, -13112.35, -68805
14493, -12976.00, -13104.83, -69071
14499, -12968.00, -13096.21, -69294
14503, -12960.00, -13088.80, -69503
14508, -12957.00, -13081.65, -69721
14513, -12949.00, -13073.97, -69915
14517, -12942.00, -13066.92, -70116
14522, -12933.00, -13059.05, -70361
14528, -12924.00, -13049.59, -70601
14534, -12910.00, -13039.53, -70771
14539, -12906.00, -13032.35, -70944
14544, -12899.00, -13024.71, -71136
14549, -12890.00, -13016.07, -71296
14554, -12882.00, -13008.74, -71451
14559, -12876.00, -13001.12, -71613
14563, -12868.00, -12993.53, -71778
14569, -12860.00, -12985.31, -71937
14574, -12853.00, -12977.59, -72093
14579, -12844.00, -12969.27, -72240
14584, -12840.00, -12961.92, -72370
14588, -12834.00, -12955.16, -72504
14593, -12827.00, -12947.98, -72653
14598, -12819.00, -12939.97, -72823
14604, -12807.00, -12930.43, -72949
14609, -12802.00, -12923.54, -73091
14614, -12793.00, -12915.22, -73245
14620, -12785.00, -12906.23, -73366
14625, -12778.00, -12899.28, -73506
14630, -12769.00, -12891.06, -73623
14635, -12761.00, -12883.64, -73763
14640, -12754.00, -12875.30, -73887
14645, -12746.00, -12867.62, -74019
14651, -12739.00, -12859.16, -74146
14656, -12733.00, -12851.44, -74259
14661, -12724.00, -12844.57, -74383
14666, -12716.00, -12836.50, -74502
14671, -12710.00, -12828.54, -74614
14676, -12702.00, -12821.78, -74727
14681, -12696.00, -12814.23, -74848
14686, -12688.00, -12806.58, -74953
14690, -12680.00, -12799.78, -75061
14695, -12673.00, -12792.76, -75163
14699, -12666.00, -12786.14, -75278
14705, -12657.00, -12778.43, -75385
14709, -12652.00, -12771.45, -75500
14714, -12645.00, -12763.92, -75621
14719, -12636.00, -12755.97, -75738
14724, -12631.00, -12748.48, -75858
14730, -12619.00, -12740.37, -75997
14736, -12612.00, -12731.44, -76106
14740, -12605.00, -12724.53, -76208
14745, -12598.00, -12717.82, -76331
14750, -12589.00, -12709.67, -76478
14756, -12583.00, -12700.46, -76596
14762, -12575.00, -12692.85, -76702
14766, -12568.00, -12686.28, -76806
14770, -12560.00, -12679.71, -76920
14775, -12553.00, -12672.17, -77041
14780, -12547.00, -12664.87, -77159
14785, -12539.00, -12657.59, -77275
14790, -12533.00, -12650.43, -77388
14795, -12525.00, -12643.47, -77509
14800, -12518.00, -12636.19, -77621
14804, -12513.00, -12629.61, -77739
14809, -12506.00, -12622.54, -77865
14814, -12501.00, -12615.25, -78003
14819, -12491.00, -12607.50, -78120
14824, -12485.00, -12600.79, -78274
14830, -12473.00, -12591.58, -78406
14835, -12466.00, -12584.25, -78529
14840, -12461.00, -12577.29, -78671
14845, -12451.00, -12569.24, -78813
14851, -12444.00, -12561.24, -78967
14856, -12435.00, -12553.06, -79115
14862, -12429.00, -12545.16, -79262
14867, -12423.00, -12537.62, -79395
14871, -12416.00, -12530.85, -79530
14876, -12408.00, -12523.85, -79692
14882, -12400.00, -12516.05, -79830
14886, -12394.00, -12509.38, -79972
14891, -12386.00, -12502.53, -80165
14897, -12380.00, -12493.54, -80328
14902, -12372.00, -12486.58, -80488
14907, -12366.00, -12479.66, -80654
14912, -12358.00, -12472.64, -80827
14917, -12352.00, -12465.39, -81005
14922, -12343.00, -12458.27, -81172
14926, -12338.00, -12451.45, -81367
14931, -12329.00, -12444.28, -81558
14936, -12322.00, -12437.11, -81741
14941, -12315.00, -12430.19, -81950
14946, -12307.00, -12422.92, -82171
14951, -12300.00, -12415.46, -82387
14956, -12294.00, -12408.14, -82624
14962, -12286.00, -12400.40, -82816
14966, -12279.00, -12394.04, -83045
14971, -12271.00, -12386.49, -83268
14977, -12264.00, -12378.80, -83476
14981, -12257.00, -12372.13, -83684
14986, -12251.00, -12364.84, -83908
14992, -12244.00, -12357.18, -84117
14997, -12237.00, -12350.27, -84307
15001, -12230.00, -12343.70, -84500
15006, -12222.00, -12336.92, -84678
15010, -12214.00, -12330.49, -84861
15015, -12209.00, -12323.74, -85066
15020, -12200.00, -12315.87, -85246
15025, -12193.00, -12309.17, -85448
15031, -12187.00, -12301.30, -85673
15037, -12177.00, -12292.58, -85852
15041, -12169.00, -12285.59, -86036
15046, -12162.00, -12278.08, -86222
15052, -12156.00, -12270.75, -86404
15057, -12147.00, -12263.28, -86573
15061, -12142.00, -12256.32, -86767
15067, -12134.00, -12248.26, -86962
15073, -12127.00, -12240.26, -87143
15078, -12120.00, -12232.44, -87318
15083, -12113.00, -12225.43, -87480
15088, -12106.00, -12218.73, -87642
15093, -12097.00, -12211.59, -87822
15098, -12090.00, -12203.96, -87996
15103, -12083.00, -12196.59, -88148
15108, -12075.00, -12190.23, -88325
15113, -12068.00, -12182.55, -88526
15119, -12059.00, -12173.91, -88698
15124, -12051.00, -12166.53, -88878
15130, -12044.00, -12158.68, -89045
15134, -12036.00, -12151.83, -89199
15139, -12030.00, -12145.20, -89374
15144, -12023.00, -12137.52, -89574
15150, -12013.00, -12128.79, -89771
15156, -12005.00, -12121.00, -89935
15160, -11996.00, -12113.85, -90149
15167, -11985.00, -12104.28, -90323
15172, -11976.00, -12096.81, -90505
15177, -11971.00, -12089.03, -90717
15183, -11963.00, -12080.18, -90917
15189, -11957.00, -12072.07, -91138
15195, -11946.00, -12062.77, -91316
15200, -11939.00, -12055.61, -91517
15205, -11928.00, -12047.53, -91731
15211, -11918.00, -12038.60, -91898
15216, -11913.00, -12031.81, -92101
15221, -11905.00, -12023.72, -92315
15227, -11896.00, -12014.99, -92502
15232, -11888.00, -12007.75, -92702
15237, -11880.00, -12000.01, -92887
15241, -11874.00, -11993.22, -93080
15246, -11867.00, -11986.02, -93292
15252, -11857.00, -11978.02, -93488
15256, -11852.00, -11971.18, -93703
15261, -11845.00, -11963.55, -93909
15266, -11838.00, -11956.47, -94136
15271, -11830.00, -11948.96, -94374
15277, -11821.00, -11940.71, -94610
15282, -11813.00, -11933.03, -94853
15287, -11805.00, -11925.34, -95076
15291, -11799.00, -11918.44, -95301
15296, -11793.00, -11911.69, -95539
15301, -11785.00, -11904.55, -95795
15305, -11780.00, -11897.25, -96064
15311, -11771.00, -11889.77, -96339
15315, -11763.00, -11882.34, -96631
15321, -11757.00, -11874.81, -96892
15325, -11751.00, -11867.96, -97175
15330, -11744.00, -11861.32, -97453
15334, -11737.00, -11854.62, -97743
15339, -11730.00, -11847.84, -98036
15343, -11722.00, -11841.21, -98378
15348, -11714.00, -11833.59, -98687
15353, -11706.00, -11826.84, -99025
15358, -11700.00, -11819.38, -99431
15364, -11691.00, -11810.26, -99795
15369, -11684.00, -11802.14, -100087
15374, -11676.00, -11795.36, -100382
15379, -11668.00, -11788.20, -100708
15384, -11661.00, -11779.89, -101006
15389, -11654.00, -11772.19, -101284
15394, -11645.00, -11764.82, -101587
15400, -11637.00, -11756.11, -101868
15405, -11629.00, -11748.48, -102142
15411, -11622.00, -11740.26, -102429
15417, -11611.00, -11731.17, -102658
15422, -11605.00, -11723.79, -102934
15428, -11594.00, -11714.39, -103132
15432, -11587.00, -11707.55, -103329
15437, -11578.00, -11700.31, -103523
15442, -11574.00, -11693.23, -103732
15447, -11563.00, -11685.17, -103918
15452, -11558.00, -11678.21, -104092
15456, -11553.00, -11671.16, -104263
15461, -11545.00, -11664.53, -104424
15465, -11540.00, -11657.95, -104603
15470, -11532.00, -11650.40, -104785
15476, -11524.00, -11642.63, -104965
15481, -11515.00, -11634.86, -105173
15487, -11503.00, -11625.14, -105338
15492, -11497.00, -11617.64, -105515
15498, -11486.00, -11609.04, -105707
15504, -11479.00, -11599.80, -105868
15509, -11471.00, -11591.56, -106015
15514, -11464.00, -11584.73, -106167
15519, -11455.00, -11576.64, -106329
15524, -11449.00, -11568.56, -106479
15529, -11442.00, -11560.86, -106611
15534, -11435.00, -11554.11, -106741
15538, -11425.00, -11547.27, -106867
15543, -11420.00, -11540.45, -106997
15547, -11413.00, -11533.51, -107135
15553, -11404.00, -11525.74, -107277
15558, -11397.00, -11517.69, -107431
15564, -11388.00, -11508.98, -107575
15569, -11381.00, -11500.66, -107701
15574, -11373.00, -11493.86, -107831
15579, -11367.00, -11486.41, -107967
15584, -11357.00, -11478.75, -108098
15588, -11350.00, -11471.41, -108241
15594, -11342.00, -11463.02, -108366
15598, -11334.00, -11456.17, -108500
15603, -11327.00, -11448.38, -108643
15609, -11318.00, -11440.22, -108767
15613, -11312.00, -11433.33, -108888
15618, -11303.00, -11426.52, -109013
15622, -11298.00, -11419.48, -109142
15627, -11291.00, -11412.05, -109292
15633, -11281.00, -11403.56, -109437
15638, -11273.00, -11395.76, -109566
15642, -11265.00, -11388.51, -109710
15648, -11258.00, -11380.63, -109857
15653, -11249.00, -11372.60, -110027
15659, -11240.00, -11363.31, -110195
15665, -11232.00, -11353.88, -110350
15670, -11224.00, -11346.24, -110484
15675, -11218.00, -11339.08, -110646
15680, -11209.00, -11330.91, -110796
15685, -11202.00, -11323.21, -110951
15690, -11193.00, -11315.62, -111122
15696, -11184.00, -11306.66, -111301
15701, -11176.00, -11298.20, -111447
15706, -11170.00, -11291.37, -111636
15712, -11159.00, -11282.34, -111814
15717, -11152.00, -11274.04, -111970
15721, -11145.00, -11267.14, -112176
15728, -11134.00, -11257.50, -112360
15733, -11126.00, -11249.66, -112535
15737, -11119.00, -11242.35, -112750
15743, -11108.00, -11233.11, -112948
15749, -11100.00, -11224.90, -113135
15754, -11094.00, -11217.19, -113360
15759, -11084.00, -11208.43, -113586
15764, -11077.00, -11200.12, -113798
15769, -11069.00, -11192.49, -113994
15774, -11062.00, -11185.55, -114193
15778, -11054.00, -11178.69, -114441
15784, -11044.00, -11170.08, -114663
15788, -11039.00, -11162.94, -114921
15794, -11030.00, -11154.57, -115182
15799, -11021.00, -11146.07, -115463
15804, -11013.00, -11138.00, -115742
15810, -11007.00, -11129.44, -116046
15816, -10998.00, -11120.06, -116287
15821, -10990.00, -11112.74, -116558
15826, -10983.00, -11104.04, -116793
15831, -10975.00, -11096.58, -117055
15837, -10967.00, -11087.85, -117293
15842, -10959.00, -11080.48, -117523
15847, -10951.00, -11072.65, -117806
15854, -10937.00, -11062.22, -118026
15858, -10932.00, -11055.09, -118281
15864, -10922.00, -11045.95, -118503
15869, -10914.00, -11037.82, -118736
15875, -10907.00, -11028.94, -118992
15881, -10901.00, -11019.77, -119227
15887, -10889.00, -11011.02, -119436
15892, -10880.00, -11002.46, -119625
15897, -10873.00, -10995.42, -119798
15901, -10867.00, -10988.52, -119981
15906, -10860.00, -10981.19, -120183
15912, -10852.00, -10972.96, -120369
15917, -10842.00, -10965.37, -120543
15921, -10837.00, -10958.42, -120731
15926, -10829.00, -10950.40, -120924
15932, -10821.00, -10942.62, -121114
15937, -10813.00, -10934.84, -121291
15942, -10805.00, -10927.29, -121478
15947, -10797.00, -10918.82, -121701
15953, -10787.00, -10909.36, -121935
15960, -10775.00, -10899.36, -122125
15965, -10767.00, -10891.15, -122321
15970, -10761.00, -10882.76, -122533
15976, -10752.00, -10873.73, -122708
15981, -10745.00, -10866.07, -122905
15987, -10738.00, -10857.76, -123089
15992, -10728.00, -10850.04, -123246
15996, -10722.00, -10843.16, -123426
16002, -10714.00, -10835.18, -123623
16007, -10706.00, -10826.88, -123783
16012, -10699.00, -10820.12, -124002
16018, -10688.00, -10810.42, -124215
16023, -10678.00, -10801.68, -124387
16028, -10673.00, -10794.19, -124604
16034, -10661.00, -10785.04, -124784
16039, -10653.00, -10777.66, -124991
16045, -10644.00, -10768.52, -125226
16051, -10637.00, -10759.34, -125405
16055, -10631.00, -10752.31, -125602
16061, -10621.00, -10744.31, -125861
16067, -10613.00, -10734.40, -126042
16072, -10607.00, -10727.52, -126289
16078, -10597.00, -10718.07, -126518
16083, -10588.00, -10709.82, -126713
16088, -10582.00, -10702.81, -126957
16094, -10578.00, -10694.11, -127104
16099, -10587.00, -10687.22, -127155
16103, -10593.00, -10681.59, -127144
16108, -10600.00, -10676.42, -127081
16114, -10609.00, -10671.74, -126986
16118, -10615.00, -10668.30, -126873
16123, -10621.00, -10665.40, -126737
16128, -10628.00, -10662.97, -126581
16133, -10635.00, -10661.06, -126428
16138, -10642.00, -10659.75, -126268
16143, -10650.00, -10658.96, -126098
16147, -10657.00, -10658.63, -125923
16153, -10663.00, -10658.72, -125748
16157, -10669.00, -10659.15, -125546
16163, -10679.00, -10660.16, -125357
16168, -10686.00, -10661.59, -125148
16175, -10697.00, -10663.85, -124954
16180, -10705.00, -10666.24, -124777
16185, -10714.00, -10668.88, -124613
16190, -10719.00, -10671.60, -124426
16195, -10729.00, -10675.10, -124259
16200, -10736.00, -10678.46, -124100
16204, -10742.00, -10681.85, -123901
16210, -10751.00, -10686.46, -123742
16215, -10758.00, -10690.45, -123573
16220, -10764.00, -10694.44, -123420
16224, -10770.00, -10698.41, -123267
16229, -10774.00, -10702.51, -123103
16234, -10781.00, -10706.92, -122942
16238, -10787.00, -10711.32, -122761
16244, -10797.00, -10716.71, -122588
16249, -10805.00, -10721.83, -122431
16253, -10811.00, -10726.66, -122253
16259, -10817.00, -10732.17, -122091
16263, -10824.00, -10737.36, -121913
16269, -10832.00, -10743.01, -121709
16275, -10844.00, -10750.06, -121521
16280, -10852.00, -10756.72, -121328
16286, -10861.00, -10763.22, -121153
16291, -10868.00, -10769.56, -120966
16296, -10875.00, -10776.34, -120765
16302, -10884.00, -10783.28, -120568
16307, -10890.00, -10790.29, -120366
16313, -10899.00, -10797.33, -120180
16318, -10906.00, -10803.83, -120014
16323, -10913.00, -10809.65, -119847
16327, -10921.00, -10815.66, -119662
16332, -10928.00, -10822.48, -119481
16337, -10935.00, -10828.79, -119249
16343, -10943.00, -10836.72, -119049
16348, -10952.00, -10843.83, -118846
16353, -10956.00, -10850.68, -118657
16358, -10965.00, -10856.82, -118458
16363, -10973.00, -10863.65, -118244
16368, -10980.00, -10870.71, -118048
16373, -10988.00, -10877.40, -117826
16378, -10996.00, -10884.62, -117611
16383, -11002.00, -10891.57, -117396
16388, -11012.00, -10898.35, -117174
16393, -11018.00, -10905.64, -116933
16398, -11025.00, -10912.67, -116716
16403, -11033.00, -10919.28, -116473
16408, -11040.00, -10926.55, -116250
16412, -11046.00, -10932.99, -116024
16417, -11056.00, -10939.67, -115739
16423, -11063.00, -10947.90, -115464
16428, -11070.00, -10955.77, -115215
16433, -11077.00, -10963.02, -114969
16438, -11086.00, -10970.35, -114760
16443, -11094.00, -10977.00, -114527
16448, -11101.00, -10984.42, -114308
16453, -11109.00, -10991.66, -114060
16458, -11116.00, -10999.76, -113828
16464, -11125.00, -11008.21, -113606
16469, -11132.00, -11015.60, -113404
16474, -11141.00, -11023.14, -113177
16480, -11151.00, -11031.84, -112966
16486, -11160.00, -11040.20, -112777
16491, -11167.00, -11047.89, -112595
16496, -11175.00, -11055.54, -112389
16502, -11186.00, -11064.79, -112200
16507, -11192.00, -11072.73, -112044
16512, -11200.00, -11079.51, -111871
16517, -11208.00, -11088.00, -111681
16523, -11216.00, -11096.17, -111517
16528, -11225.00, -11104.05, -111331
16534, -11232.00, -11113.07, -111182
16539, -11239.00, -11120.25, -111047
16543, -11247.00, -11126.92, -110905
16548, -11254.00, -11134.13, -110770
16552, -11262.00, -11140.99, -110635
16557, -11269.00, -11148.06, -110477
16563, -11276.00, -11156.44, -110313
16568, -11285.00, -11164.76, -110179
16573, -11294.00, -11171.69, -110030
16578, -11300.00, -11179.77, -109873
16584, -11309.00, -11188.35, -109725
16589, -11317.00, -11196.09, -109583
16594, -11326.00, -11203.89, -109419
16600, -11334.00, -11212.76, -109246
16606, -11346.00, -11222.25, -109104
16611, -11354.00, -11230.17, -108967
16616, -11362.00, -11237.96, -108838
16620, -11367.00, -11244.86, -108690
16626, -11377.00, -11253.22, -108543
16631, -11386.00, -11261.55, -108411
16636, -11392.00, -11268.73, -108269
16641, -11401.00, -11276.78, -108099
16647, -11413.00, -11286.49, -107965
16652, -11420.00, -11294.16, -107821
16657, -11428.00, -11302.51, -107688
16662, -11436.00, -11310.33, -107541
16667, -11443.00, -11318.23, -107406
16672, -11451.00, -11326.05, -107251
16677, -11459.00, -11334.33, -107117
16682, -11468.00, -11341.93, -106976
16687, -11476.00, -11349.48, -106807
16693, -11483.00, -11358.72, -106667
16698, -11492.00, -11366.11, -106534
16702, -11500.00, -11373.17, -106378
16707, -11505.00, -11381.34, -106211
16713, -11514.00, -11389.98, -106045
16718, -11523.00, -11398.29, -105845
16724, -11531.00, -11408.17, -105690
16729, -11538.00, -11415.50, -105510
16735, -11545.00, -11423.93, -105345
16740, -11555.00, -11431.84, -105176
16745, -11564.00, -11439.61, -104977
16751, -11572.00, -11448.72, -104775
16757, -11583.00, -11458.28, -104600
16761, -11588.00, -11465.38, -104418
16767, -11597.00, -11473.71, -104238
16771, -11603.00, -11480.60, -104070
16776, -11609.00, -11487.33, -103897
16780, -11615.00, -11494.13, -103712
16785, -11624.00, -11501.36, -103493
16790, -11632.00, -11509.78, -103263
16796, -11641.00, -11518.14, -103021
16801, -11649.00, -11526.39, -102795
16807, -11658.00, -11534.76, -102528
16812, -11669.00, -11543.68, -102234
16818, -11678.00, -11552.63, -101930
16824, -11685.00, -11561.98, -101667
16829, -11692.00, -11569.77, -101363
16834, -11699.00, -11578.11, -101065
16840, -11706.00, -11586.12, -100692
16846, -11716.00, -11595.48, -100367
16851, -11726.00, -11603.35, -99980
16857, -11735.00, -11612.52, -99668
16862, -11743.00, -11620.13, -99313
16867, -11751.00, -11627.79, -99008
16871, -11755.00, -11634.66, -98655
16877, -11765.00, -11642.83, -98350
16881, -11770.00, -11649.65, -98041
16886, -11777.00, -11656.82, -97727
16891, -11785.00, -11664.38, -97385
16896, -11793.00, -11672.60, -97079
16901, -11801.00, -11680.20, -96768
16907, -11810.00, -11688.20, -96438
16913, -11823.00, -11697.30, -96143
16918, -11828.00, -11705.55, -95899
16922, -11835.00, -11712.44, -95625
16928, -11843.00, -11720.65, -95331
16934, -11850.00, -11729.97, -95006
16940, -11858.00, -11739.19, -94753
16945, -11866.00, -11747.06, -94500
16951, -11874.00, -11755.39, -94214
16957, -11884.00, -11764.11, -93973
16962, -11893.00, -11772.33, -93744
16967, -11901.00, -11780.28, -93512
16973, -11910.00, -11788.51, -93295
16978, -11919.00, -11796.34, -93084
16983, -11927.00, -11804.09, -92892
16987, -11934.00, -11811.34, -92681
16993, -11943.00, -11819.51, -92494
16997, -11949.00, -11826.50, -92312
17002, -11955.00, -11833.49, -92122
17007, -11961.00, -11840.92, -91894
17013, -11972.00, -11850.20, -91715
17017, -11980.00, -11857.36, -91534
17022, -11987.00, -11864.95, -91348
17028, -11993.00, -11872.69, -91157
17033, -12002.00, -11880.89, -90982
17038, -12011.00, -11888.15, -90781
17044, -12019.00, -11897.35, -90607
17048, -12027.00, -11904.59, -90388
17055, -12033.00, -11914.09, -90165
17061, -12041.00, -11923.30, -89996
17066, -12050.00, -11930.31, -89837
17070, -12057.00, -11937.39, -89612
17077, -12066.00, -11946.96, -89404
17083, -12078.00, -11956.24, -89229
17088, -12087.00, -11963.95, -89044
17093, -12095.00, -11972.44, -88881
17098, -12103.00, -11979.43, -88725
17102, -12108.00, -11986.33, -88566
17107, -12112.00, -11993.25, -88390
17112, -12122.00, -12001.21, -88211
17117, -12128.00, -12008.70, -88039
17122, -12134.00, -12016.22, -87866
17127, -12143.00, -12023.22, -87660
17133, -12154.00, -12032.33, -87479
17138, -12163.00, -12040.03, -87295
17143, -12171.00, -12048.17, -87107
17148, -12178.00, -12056.03, -86916
17153, -12187.00, -12063.96, -86744
17158, -12193.00, -12070.98, -86522
17164, -12202.00, -12080.64, -86335
17169, -12210.00, -12087.76, -86147
17174, -12218.00, -12095.17, -85905
17180, -12227.00, -12105.16, -85714
17185, -12234.00, -12112.09, -85519
17190, -12242.00, -12119.66, -85280
17196, -12250.00, -12129.02, -85060
17201, -12258.00, -12136.48, -84878
17205, -12266.00, -12143.37, -84651
17210, -12274.00, -12151.44, -84436
17216, -12281.00, -12159.26, -84207
17221, -12290.00, -12166.99, -83958
17226, -12298.00, -12175.47, -83695
17232, -12305.00, -12183.96, -83455
17237, -12315.00, -12192.10, -83154
17243, -12326.00, -12201.63, -82915
17248, -12333.00, -12209.39, -82677
17253, -12341.00, -12216.96, -82448
17258, -12349.00, -12224.62, -82173
17264, -12361.00, -12234.44, -81943
17269, -12368.00, -12241.98, -81725
17274, -12375.00, -12250.21, -81480
17280, -12385.00, -12259.58, -81251
17285, -12392.00, -12267.58, -81043
17290, -12402.00, -12275.75, -80852
17295, -12410.00, -12283.86, -80649
17300, -12417.00, -12291.69, -80456
17306, -12424.00, -12299.90, -80258
17311, -12433.00, -12308.43, -80065
17316, -12440.00, -12316.86, -79882
17322, -12449.00, -12324.94, -79726
17326, -12457.00, -12331.85, -79530
17332, -12466.00, -12341.02, -79381
17337, -12474.00, -12348.91, -79196
17342, -12483.00, -12357.46, -79050
17347, -12491.00, -12364.66, -78913
17351, -12497.00, -12371.89, -78761
17357, -12507.00, -12379.91, -78586
17362, -12514.00, -12389.09, -78446
17367, -12521.00, -12396.43, -78275
17373, -12534.00, -12405.93, -78133
17378, -12541.00, -12413.86, -77998
17383, -12547.00, -12421.61, -77871
17387, -12555.00, -12428.70, -77725
17393, -12564.00, -12437.16, -77599
17397, -12569.00, -12444.64, -77465
17402, -12579.00, -12452.66, -77335
17407, -12587.00, -12460.18, -77202
17412, -12593.00, -12468.03, -77081
17417, -12602.00, -12475.52, -76965
17421, -12610.00, -12482.63, -76845
17426, -12619.00, -12490.09, -76731
17430, -12626.00, -12497.28, -76619
17435, -12635.00, -12504.87, -76483
17440, -12642.00, -12513.54, -76359
17445, -12650.00, -12521.18, -76234
17450, -12659.00, -12529.23, -76105
17455, -12666.00, -12537.84, -75986
17460, -12675.00, -12545.31, -75858
17465, -12682.00, -12553.71, -75740
17470, -12690.00, -12561.28, -75629
17474, -12698.00, -12568.48, -75518
17479, -12702.00, -12575.64, -75398
17484, -12711.00, -12583.57, -75284
17488, -12718.00, -12590.74, -75169
17493, -12724.00, -12598.21, -75047
17498, -12732.00, -12606.15, -74936
17502, -12740.00, -12613.33, -74824
17507, -12747.00, -12620.42, -74714
17511, -12754.00, -12627.53, -74597
17516, -12762.00, -12635.05, -74472
17521, -12773.00, -12643.04, -74345
17526, -12779.00, -12651.12, -74218
17531, -12788.00, -12659.16, -74093
17536, -12794.00, -12666.92, -73972
17540, -12803.00, -12674.05, -73843
17545, -12811.00, -12681.97, -73712
17550, -12819.00, -12689.91, -73588
17555, -12826.00, -12697.59, -73423
17561, -12835.00, -12707.16, -73270
17566, -12843.00, -12715.94, -73107
17572, -12851.00, -12725.22, -72961
17577, -12860.00, -12733.24, -72820
17582, -12868.00, -12740.98, -72671
17587, -12875.00, -12748.91, -72494
17593, -12885.00, -12758.74, -72295
17599, -12896.00, -12768.42, -72120
17605, -12906.00, -12777.74, -71929
17611, -12916.00, -12787.71, -71750
17616, -12922.00, -12796.04, -71537
17623, -12931.00, -12805.96, -71318
17629, -12942.00, -12815.71, -71145
17634, -12949.00, -12823.19, -70983
17638, -12956.00, -12830.20, -70785
17644, -12965.00, -12838.91, -70599
17648, -12973.00, -12846.46, -70380
17654, -12981.00, -12855.30, -70146
17660, -12992.00, -12864.74, -69945
17665, -13000.00, -12872.60, -69736
17670, -13009.00, -12880.62, -69505
17675, -13017.00, -12889.14, -69275
17680, -13026.00, -12897.38, -69054
17685, -13032.00, -12905.10, -68776
17691, -13040.00, -12914.69, -68511
17696, -13049.00, -12922.85, -68259
17701, -13055.00, -12930.74, -67970
17707, -13063.00, -12939.11, -67681
17712, -13072.00, -12947.26, -67408
17716, -13079.00, -12954.58, -67041
17723, -13086.00, -12964.48, -66707
17728, -13093.00, -12972.15, -66392
17733, -13102.00, -12979.86, -66070
17738, -13110.00, -12988.00, -65727
17744, -13119.00, -12996.55, -65424
17749, -13125.00, -13004.25, -65131
17754, -13134.00, -13011.98, -64826
17759, -13142.00, -13020.28, -64532
17764, -13151.00, -13028.02, -64288
17769, -13154.00, -13034.72, -63946
17775, -13170.00, -13044.62, -63615
17782, -13178.00, -13055.14, -63364
17787, -13185.00, -13062.55, -63110
17792, -13194.00, -13070.27, -62862
17797, -13201.00, -13078.29, -62647
17802, -13209.00, -13085.37, -62411
17807, -13217.00, -13093.51, -62124
17813, -13224.00, -13103.16, -61914
17818, -13232.00, -13110.23, -61688
17823, -13240.00, -13118.36, -61465
17828, -13248.00, -13126.40, -61270
17833, -13256.00, -13133.45, -61065
17838, -13262.00, -13141.32, -60846
17844, -13269.00, -13149.98, -60629
17849, -13277.00, -13157.49, -60401
17855, -13288.00, -13166.42, -60214
17860, -13297.00, -13174.21, -60024
17865, -13303.00, -13181.80, -59834
17870, -13312.00, -13189.82, -59656
17875, -13318.00, -13197.01, -59459
17880, -13325.00, -13205.30, -59275
17885, -13334.00, -13213.08, -59111
17890, -13340.00, -13219.94, -58951
17894, -13347.00, -13226.85, -58783
17899, -13352.00, -13234.17, -58605
17904, -13361.00, -13241.87, -58410
17910, -13372.00, -13250.52, -58222
17916, -13381.00, -13258.82, -58044
17921, -13391.00, -13267.26, -57883
17926, -13394.00, -13274.33, -57677
17932, -13404.00, -13283.52, -57507
17937, -13414.00, -13291.44, -57349
17942, -13419.00, -13298.45, -57197
17946, -13426.00, -13305.33, -57034
17951, -13434.00, -13312.91, -56872
17956, -13438.00, -13319.97, -56705
17961, -13448.00, -13327.69, -56539
17966, -13455.00, -13334.86, -56385
17970, -13460.00, -13341.58, -56233
17975, -13467.00, -13348.39, -56029
17981, -13477.00, -13357.76, -55858
17986, -13485.00, -13364.92, -55691
17991, -13494.00, -13372.61, -55527
17995, -13497.00, -13379.55, -55370
18000, -13504.00, -13386.28, -55175
18006, -13513.00, -13394.51, -54999
18011, -13523.00, -13402.16, -54830
18015, -13529.00, -13409.45, -54622
18021, -13540.00, -13418.28, -54430
18027, -13548.00, -13426.61, -54233
18032, -13553.00, -13434.57, -54041
18037, -13562.00, -13442.47, -53864
18042, -13569.00, -13449.59, -53675
18047, -13578.00, -13457.30, -53458
18053, -13585.00, -13465.74, -53254
18058, -13593.00, -13473.86, -53044
18064, -13601.00, -13482.06, -52849
18068, -13607.00, -13488.74, -52619
18074, -13615.00, -13497.11, -52404
18079, -13624.00, -13504.80, -52193
18084, -13631.00, -13512.07, -51938
18090, -13638.00, -13520.75, -51693
18095, -13648.00, -13528.69, -51454
18100, -13657.00, -13536.59, -51245
18105, -13663.00, -13543.39, -50973
18111, -13672.00, -13552.10, -50734
18115, -13680.00, -13559.25, -50428
18122, -13692.00, -13569.07, -50176
18127, -13699.00, -13576.55, -49909
18132, -13707.00, -13584.66, -49675
18137, -13714.00, -13592.19, -49404
18142, -13722.00, -13600.99, -49148
18148, -13730.00, -13609.27, -48926
18153, -13737.00, -13616.97, -48697
18158, -13744.00, -13624.86, -48472
18164, -13752.00, -13632.85, -48269
18169, -13761.00, -13640.40, -48047
18174, -13767.00, -13648.62, -47850
18179, -13775.00, -13656.15, -47669
18184, -13783.00, -13663.31, -47472
18189, -13789.00, -13671.04, -47280
18195, -13798.00, -13679.09, -47108
18199, -13806.00, -13685.90, -46937
18204, -13813.00, -13693.13, -46725
18210, -13822.00, -13702.36, -46555
18215, -13829.00, -13709.71, -46381
18220, -13838.00, -13717.78, -46227
18225, -13846.00, -13724.67, -46051
18230, -13855.00, -13733.08, -45893
18235, -13862.00, -13740.77, -45719
18241, -13871.00, -13749.39, -45547
18246, -13880.00, -13757.60, -45362
18253, -13891.00, -13767.27, -45188
18258, -13900.00, -13776.04, -45049
18263, -13907.00, -13783.62, -44876
18269, -13914.00, -13792.64, -44730
18274, -13921.00, -13800.22, -44555
18280, -13930.00, -13809.72, -44412
18285, -13937.00, -13817.50, -44268
18291, -13946.00, -13825.38, -44138
18295, -13955.00, -13832.72, -44009
18300, -13960.00, -13839.91, -43890
18305, -13967.00, -13846.64, -43773
18309, -13975.00, -13853.40, -43638
18314, -13981.00, -13861.11, -43492
18320, -13989.00, -13869.65, -43341
18325, -13998.00, -13877.92, -43191
18331, -14006.00, -13886.51, -43072
18336, -14013.00, -13893.46, -42909
18342, -14024.00, -13903.18, -42762
18348, -14032.00, -13911.58, -42605
18354, -14042.00, -13920.90, -42469
18359, -14048.00, -13928.70, -42326
18364, -14055.00, -13936.95, -42182
18370, -14064.00, -13945.19, -42046
18375, -14072.00, -13953.15, -41915
18380, -14079.00, -13960.49, -41777
18385, -14087.00, -13968.11, -41604
18392, -14099.00, -13978.08, -41445
18397, -14107.00, -13986.30, -41314
18402, -14113.00, -13993.51, -41187
18407, -14119.00, -14000.16, -41062
18411, -14125.00, -14006.91, -40926
18416, -14133.00, -14013.81, -40748
18422, -14143.00, -14023.60, -40558
18428, -14154.00, -14032.92, -40404
18433, -14161.00, -14040.53, -40237
18439, -14170.00, -14049.29, -40047
18445, -14176.00, -14058.08, -39892
18450, -14183.00, -14065.26, -39732
18455, -14192.00, -14072.78, -39532
18461, -14202.00, -14082.06, -39364
18466, -14208.00, -14088.91, -39156
18472, -14218.00, -14098.19, -38948
18478, -14230.00, -14107.17, -38779
18482, -14233.00, -14113.99, -38585
18488, -14241.00, -14121.91, -38401
18493, -14251.00, -14129.73, -38195
18498, -14259.00, -14137.47, -38013
18503, -14264.00, -14144.53, -37821
18507, -14270.00, -14151.27, -37633
18511, -14277.00, -14157.90, -37438
18516, -14282.00, -14164.58, -37238
18521, -14290.00, -14171.40, -37033
18525, -14298.00, -14178.06, -36818
18530, -14306.00, -14184.94, -36596
18534, -14313.00, -14191.90, -36322
18540, -14321.00, -14200.32, -36069
18544, -14327.00, -14207.27, -35799
18549, -14335.00, -14214.84, -35531
18554, -14346.00, -14222.04, -35233
18559, -14352.00, -14229.75, -34915
18564, -14359.00, -14237.52, -34554
18570, -14367.00, -14246.04, -34244
18574, -14374.00, -14252.88, -33902
18579, -14384.00, -14260.65, -33586
18584, -14389.00, -14267.65, -33193
18589, -14397.00, -14276.40, -32870
18594, -14405.00, -14283.50, -32545
18599, -14413.00, -14291.03, -32253
18604, -14420.00, -14297.87, -31912
18609, -14429.00, -14306.10, -31601
18614, -14437.00, -14313.88, -31328
18618, -14445.00, -14320.86, -31053
18623, -14450.00, -14328.18, -30795
18628, -14456.00, -14335.04, -30541
18632, -14462.00, -14342.24, -30242
18638, -14472.00, -14350.59, -29936
18644, -14482.00, -14359.56, -29692
18648, -14488.00, -14366.70, -29412
18654, -14499.00, -14375.77, -29162
18659, -14505.00, -14383.69, -28926
18664, -14512.00, -14391.02, -28679
18670, -14519.00, -14399.37, -28473
18674, -14528.00, -14406.21, -28219
18680, -14536.00, -14415.09, -28000
18685, -14543.00, -14423.11, -27769
18691, -14549.00, -14431.15, -27562
18696, -14556.00, -14438.60, -27341
18702, -14565.00, -14447.20, -27084
18708, -14575.00, -14456.27, -26890
18713, -14583.00, -14463.67, -26699
18718, -14592.00, -14471.39, -26512
18723, -14599.00, -14478.68, -26322
18728, -14604.00, -14486.48, -26141
18733, -14612.00, -14493.62, -25977
18737, -14618.00, -14500.49, -25791
18742, -14625.00, -14508.03, -25614
18748, -14632.00, -14515.47, -25438
18753, -14642.00, -14522.84, -25239
18758, -14650.00, -14531.43, -25046
18764, -14659.00, -14539.53, -24891
18768, -14666.00, -14546.37, -24709
18773, -14673.00, -14554.17, -24506
18780, -14684.00, -14563.61, -24285
18786, -14689.00, -14572.78, -24097
18791, -14698.00, -14580.84, -23919
18797, -14705.00, -14588.43, -23750
18802, -14714.00, -14596.41, -23566
18807, -14722.00, -14604.06, -23382
18813, -14730.00, -14612.09, -23176
18819, -14739.00, -14621.05, -22985
18824, -14748.00, -14629.48, -22811
18829, -14757.00, -14637.27, -22627
18835, -14764.00, -14645.64, -22441
18840, -14770.00, -14653.48, -22267
18845, -14778.00, -14660.66, -22103
18850, -14786.00, -14667.84, -21936
18855, -14794.00, -14674.99, -21760
18860, -14800.00, -14682.33, -21602
18864, -14808.00, -14688.94, -21423
18869, -14815.00, -14696.61, -21245
18874, -14823.00, -14704.00, -21075
18879, -14829.00, -14710.97, -20897
18884, -14834.00, -14718.02, -20675
18890, -14845.00, -14726.95, -20481
18895, -14854.00, -14735.04, -20254
18901, -14859.00, -14743.86, -19992
18908, -14869.00, -14753.00, -19805
18912, -14874.00, -14759.78, -19603
18917, -14882.00, -14767.05, -19379
18923, -14891.00, -14774.98, -19166
18928, -14898.00, -14782.40, -18899
18934, -14909.00, -14791.60, -18633
18940, -14920.00, -14800.63, -18433
18945, -14925.00, -14807.42, -18217
18950, -14935.00, -14814.34, -17989
18955, -14941.00, -14822.13, -17770
18959, -14947.00, -14828.74, -17555
18964, -14953.00, -14835.50, -17266
18970, -14965.00, -14845.01, -17032
18975, -14972.00, -14852.57, -16795
18980, -14979.00, -14860.18, -16581
18985, -14987.00, -14867.50, -16363
18990, -14993.00, -14875.17, -16139
18995, -15001.00, -14882.89, -15916
19001, -15008.00, -14890.97, -15701
19006, -15015.00, -14898.61, -15501
19011, -15023.00, -14906.02, -15259
19017, -15031.00, -14915.25, -15067
19023, -15040.00, -14922.70, -14857
19028, -15047.00, -14931.14, -14699
19033, -15054.00, -14937.75, -14525
19038, -15062.00, -14945.38, -14371
19043, -15067.00, -14951.99, -14221
19047, -15076.00, -14958.62, -14055
19052, -15083.00, -14966.06, -13899
19057, -15093.00, -14973.65, -13735
19062, -15100.00, -14981.37, -13592
19067, -15106.00, -14988.34, -13440
19072, -15114.00, -14995.79, -13282
19078, -15122.00, -15003.90, -13131
19083, -15130.00, -15011.59, -12990
19088, -15137.00, -15018.86, -12824
19094, -15147.00, -15027.73, -12694
19098, -15152.00, -15034.47, -12563
19103, -15160.00, -15041.63, -12422
19108, -15168.00, -15049.44, -12289
19113, -15174.00, -15056.64, -12154
19118, -15183.00, -15064.51, -12025
19123, -15191.00, -15071.71, -11871
19129, -15201.00, -15080.46, -11742
19134, -15207.00, -15088.18, -11582
19141, -15220.00, -15098.68, -11440
19146, -15228.00, -15106.32, -11321
19151, -15235.00, -15113.92, -11189
19156, -15243.00, -15121.82, -11058
19162, -15251.00, -15129.83, -10947
19166, -15258.00, -15136.66, -10821
19171, -15265.00, -15144.78, -10707
19176, -15273.00, -15151.59, -10596
19181, -15279.00, -15158.59, -10476
19186, -15287.00, -15166.33, -10336
19191, -15298.00, -15174.93, -10213
19197, -15302.00, -15183.00, -10089
19201, -15313.00, -15190.44, -9949
19207, -15318.00, -15199.53, -9822
19213, -15325.00, -15207.12, -9673
19219, -15336.00, -15216.47, -9545
19224, -15344.00, -15224.85, -9420
19229, -15352.00, -15232.31, -9282
19236, -15363.00, -15241.63, -9140
19241, -15371.00, -15250.13, -9028
19246, -15379.00, -15257.21, -8882
19252, -15387.00, -15266.38, -8759
19257, -15395.00, -15273.94, -8617
19262, -15402.00, -15282.45, -8462
19269, -15411.00, -15291.77, -8343
19273, -15418.00, -15298.62, -8232
19278, -15425.00, -15305.29, -8115
19282, -15431.00, -15312.25, -7980
19288, -15440.00, -15320.19, -7858
19292, -15447.00, -15326.88, -7738
19297, -15456.00, -15333.78, -7608
19301, -15462.00, -15341.08, -7466
19307, -15470.00, -15349.20, -7311
19312, -15477.00, -15357.48, -7148
19318, -15484.00, -15366.40, -6990
19324, -15492.00, -15374.39, -6833
19329, -15500.00, -15382.04, -6653
19335, -15510.00, -15391.25, -6486
19340, -15519.00, -15399.30, -6324
19345, -15528.00, -15407.01, -6139
19351, -15537.00, -15415.87, -5986
19356, -15545.00, -15423.15, -5800
19362, -15552.00, -15431.66, -5615
19367, -15561.00, -15439.87, -5427
19372, -15569.00, -15447.92, -5237
19378, -15575.00, -15456.14, -5051
19383, -15583.00, -15463.39, -4866
19388, -15592.00, -15471.13, -4672
19393, -15598.00, -15478.59, -4481
19397, -15604.00, -15485.35, -4295
19402, -15614.00, -15492.17, -4076
19407, -15620.00, -15500.18, -3844
19412, -15630.00, -15508.00, -3639
19417, -15636.00, -15515.08, -3418
19421, -15642.00, -15522.07, -3190
19426, -15649.00, -15529.37, -2956
19431, -15656.00, -15536.28, -2704
19436, -15664.00, -15543.81, -2441
19440, -15670.00, -15550.90, -2168
19445, -15676.00, -15558.21, -1896
19450, -15682.00, -15565.25, -1537
19456, -15692.00, -15574.24, -1188
19462, -15703.00, -15582.59, -908
19466, -15708.00, -15589.33, -578
19472, -15719.00, -15597.60, -236
19477, -15725.00, -15606.04, 47
19482, -15732.00, -15612.95, 335
19487, -15740.00, -15620.38, 665
19493, -15748.00, -15628.94, 921
19497, -15753.00, -15635.64, 1170
19502, -15761.00, -15642.35, 1440
19507, -15769.00, -15649.98, 1695
19512, -15775.00, -15657.11, 1929
19516, -15781.00, -15663.77, 2182
19521, -15788.00, -15671.37, 2457
19527, -15798.00, -15679.83, 2688
19532, -15804.00, -15687.04, 2975
19538, -15813.00, -15696.11, 3214
19543, -15818.00, -15703.83, 3426
19548, -15827.00, -15710.70, 3678
19554, -15835.00, -15719.24, 3891
19559, -15841.00, -15726.50, 4075
19563, -15849.00, -15732.88, 4252
19568, -15855.00, -15739.23, 4445
19573, -15863.00, -15746.36, 4627
19577, -15868.00, -15752.84, 4809
19582, -15876.00, -15759.69, 4995
19587, -15884.00, -15766.75, 5173
19591, -15888.00, -15773.35, 5341
19596, -15895.00, -15779.80, 5523
19601, -15901.00, -15786.82, 5686
19605, -15907.00, -15793.12, 5847
19609, -15911.00, -15799.39, 6010
19614, -15920.00, -15805.87, 6201
19619, -15927.00, -15813.71, 6402
19625, -15935.00, -15821.59, 6593
19630, -15941.00, -15829.25, 6791
19636, -15951.00, -15837.55, 6973
19641, -15960.00, -15845.15, 7126
19646, -15967.00, -15851.90, 7312
19651, -15975.00, -15859.53, 7469
19656, -15980.00, -15866.38, 7635
19661, -15987.00, -15873.43, 7834
19667, -15999.00, -15882.25, 7993
19672, -16005.00, -15889.02, 8182
19678, -16012.00, -15897.31, 8338
19682, -16020.00, -15904.10, 8491
19687, -16025.00, -15910.61, 8647
19692, -16031.00, -15917.57, 8812
19697, -16038.00, -15924.66, 8968
19701, -16044.00, -15931.17, 9118
19706, -16048.00, -15937.51, 9270
19710, -16057.00, -15944.02, 9417
19715, -16064.00, -15950.30, 9569
19719, -16069.00, -15956.77, 9746
19725, -16076.00, -15964.39, 9914
19730, -16082.00, -15971.10, 10075
19734, -16090.00, -15978.01, 10250
19739, -16098.00, -15985.10, 10419
19744, -16105.00, -15992.04, 10590
19749, -16111.00, -15999.08, 10762
19754, -16119.00, -16006.20, 10946
19760, -16126.00, -16013.79, 11154
19765, -16132.00, -16021.66, 11334
19771, -16141.00, -16028.86, 11521
19776, -16148.00, -16036.13, 11701
19781, -16155.00, -16043.06, 11893
19786, -16164.00, -16050.61, 12090
19791, -16171.00, -16057.95, 12261
19796, -16178.00, -16064.27, 12458
19801, -16186.00, -16071.55, 12687
19807, -16193.00, -16079.98, 12869
19811, -16200.00, -16086.49, 13051
19816, -16205.00, -16092.84, 13228
19820, -16215.00, -16099.06, 13450
19825, -16221.00, -16106.81, 13643
19830, -16228.00, -16113.30, 13852
19835, -16235.00, -16120.55, 14103
19840, -16243.00, -16128.53, 14315
19845, -16251.00, -16135.31, 14553
19850, -16258.00, -16142.96, 14803
19856, -16266.00, -16150.64, 15061
19861, -16273.00, -16158.30, 15314
19866, -16281.00, -16166.01, 15529
19871, -16287.00, -16172.44, 15810
19877, -16297.00, -16181.07, 16029
19881, -16304.00, -16187.95, 16275
19887, -16312.00, -16196.13, 16505
19892, -16321.00, -16203.76, 16701
19897, -16326.00, -16210.23, 16904
19902, -16333.00, -16217.40, 17146
19908, -16345.00, -16226.36, 17334
19912, -16351.00, -16233.13, 17569
19919, -16361.00, -16242.47, 17796
19924, -16368.00, -16251.26, 17968
19929, -16376.00, -16258.18, 18152
19934, -16383.00, -16265.96, 18334
19939, -16391.00, -16273.31, 18491
19944, -16398.00, -16280.12, 18670
19949, -16406.00, -16288.15, 18862
19955, -16415.00, -16296.71, 19018
19960, -16421.00, -16303.88, 19206
19966, -16429.00, -16312.84, 19374
19972, -16439.00, -16320.85, 19515
19976, -16444.00, -16327.56, 19651
19981, -16451.00, -16334.32, 19833
19987, -16462.00, -16343.46, 19963
19991, -16467.00, -16350.00, 20100
19996, -16475.00, -16357.39, 20237
20001, -16481.00, -16364.40, 20384
20007, -16490.00, -16372.34, 20522
20011, -16498.00, -16379.62, 20679
20017, -16508.00, -16388.44, 20831
20023, -16517.00, -16396.79, 20958
20028, -16524.00, -16403.87, 21089
20033, -16531.00, -16411.30, 21234
20038, -16542.00, -16419.93, 21361
20043, -16549.00, -16427.63, 21501
20048, -16557.00, -16435.62, 21633
20054, -16566.00, -16443.66, 21747
20058, -16573.00, -16450.45, 21863
20063, -16578.00, -16457.52, 22014
20069, -16589.00, -16467.28, 22157
20075, -16595.00, -16475.42, 22283
20080, -16603.00, -16482.96, 22432
20086, -16609.00, -16491.99, 22547
20090, -16617.00, -16498.89, 22656
20095, -16624.00, -16505.44, 22776
20100, -16616.00, -16512.71, 22832
20105, -16611.00, -16518.69, 22843
20110, -16603.00, -16524.29, 22819
20115, -16595.00, -16528.72, 22757
20121, -16589.00, -16533.47, 22678
20127, -16581.00, -16536.89, 22605
20131, -16574.00, -16539.10, 22521
20135, -16565.00, -16540.78, 22434
20140, -16558.00, -16541.92, 22338
20144, -16551.00, -16542.60, 22228
20150, -16544.00, -16542.91, 22114
20155, -16535.00, -16542.71, 22008
20159, -16528.00, -16542.07, 21882
20165, -16522.00, -16540.96, 21757
20170, -16514.00, -16539.47, 21632
20175, -16506.00, -16537.65, 21520
20179, -16499.00, -16535.73, 21409
20184, -16493.00, -16533.58, 21297
20188, -16486.00, -16531.20, 21171
20193, -16478.00, -16528.23, 21056
20198, -16474.00, -16525.38, 20945
20202, -16468.00, -16522.52, 20830
20206, -16461.00, -16519.38, 20707
20211, -16453.00, -16515.83, 20592
20215, -16446.00, -16512.31, 20475
20220, -16439.00, -16508.56, 20354
20224, -16432.00, -16504.68, 20230
20229, -16426.00, -16500.55, 20108
20233, -16421.00, -16496.44, 19985
20237, -16415.00, -16492.23, 19863
20242, -16409.00, -16487.96, 19738
20246, -16401.00, -16483.57, 19596
20251, -16393.00, -16478.40, 19446
20256, -16386.00, -16472.90, 19308
20260, -16379.00, -16467.94, 19168
20265, -16371.00, -16462.82, 19027
20269, -16362.00, -16457.61, 18883
20274, -16359.00, -16452.34, 18736
20278, -16352.00, -16447.07, 18592
20283, -16347.00, -16441.90, 18444
20287, -16340.00, -16436.69, 18296
20291, -16334.00, -16431.40, 18141
20296, -16325.00, -16425.92, 17980
20300, -16317.00, -16420.21, 17817
20305, -16311.00, -16414.48, 17633
20309, -16304.00, -16408.20, 17457
20314, -16297.00, -16402.29, 17267
20319, -16292.00, -16396.07, 17079
20323, -16285.00, -16390.01, 16881
20328, -16277.00, -16383.82, 16686
20332, -16271.00, -16377.84, 16435
20338, -16262.00, -16369.85, 16194
20343, -16254.00, -16363.20, 15912
20349, -16246.00, -16354.99, 15664
20354, -16238.00, -16347.96, 15413
20359, -16230.00, -16340.65, 15121
20366, -16220.00, -16331.98, 14898
20370, -16213.00, -16325.55, 14691
20375, -16207.00, -16319.24, 14476
20379, -16198.00, -16312.73, 14233
20385, -16191.00, -16305.12, 14014
20389, -16184.00, -16298.14, 13799
20394, -16177.00, -16290.95, 13575
20399, -16169.00, -16283.69, 13375
20404, -16161.00, -16276.99, 13143
20410, -16154.00, -16269.15, 12947
20414, -16148.00, -16262.28, 12754
20419, -16141.00, -16255.67, 12545
20424, -16134.00, -16248.21, 12330
20429, -16124.00, -16240.41, 12144
20434, -16117.00, -16233.41, 11899
20440, -16106.00, -16224.30, 11727
20445, -16102.00, -16217.79, 11554
20449, -16094.00, -16211.23, 11332
20455, -16085.00, -16202.31, 11158
20460, -16079.00, -16195.55, 10944
20466, -16071.00, -16187.00, 10768
20471, -16064.00, -16179.94, 10579
20476, -16055.00, -16172.43, 10398
20481, -16048.00, -16164.87, 10235
20485, -16041.00, -16158.37, 10052
20491, -16034.00, -16150.71, 9888
20495, -16025.00, -16143.99, 9727
20500, -16020.00, -16137.33, 9562
20504, -16014.00, -16130.43, 9385
20509, -16007.00, -16122.97, 9208
20514, -15999.00, -16115.68, 9003
20520, -15989.00, -16106.98, 8815
20526, -15980.00, -16099.10, 8652
20530, -15973.00, -16092.17, 8484
20535, -15966.00, -16084.76, 8320
20540, -15960.00, -16077.96, 8162
20544, -15954.00, -16071.36, 8004
20549, -15949.00, -16064.81, 7794
20555, -15938.00, -16055.85, 7624
20560, -15931.00, -16048.70, 7441
20565, -15924.00, -16040.97, 7280
20569, -15917.00, -16034.42, 7088
20575, -15909.00, -16026.35, 6914
20580, -15901.00, -16019.14, 6729
20585, -15893.00, -16011.58, 6555
20590, -15886.00, -16004.14, 6378
20594, -15880.00, -15997.46, 6214
20599, -15874.00, -15990.91, 6049
20603, -15869.00, -15984.49, 5875
20608, -15862.00, -15977.72, 5707
20612, -15854.00, -15971.22, 5511
20617, -15846.00, -15963.69, 5278
20623, -15838.00, -15954.95, 5095
20628, -15831.00, -15948.23, 4917
20632, -15824.00, -15941.62, 4737
20637, -15816.00, -15935.07, 4546
20641, -15809.00, -15928.28, 4363
20646, -15802.00, -15921.68, 4175
20650, -15795.00, -15915.06, 3970
20655, -15789.00, -15907.93, 3770
20659, -15784.00, -15901.21, 3575
20664, -15776.00, -15894.77, 3371
20668, -15771.00, -15888.07, 3170
20672, -15761.00, -15881.59, 2965
20677, -15754.00, -15874.92, 2752
20681, -15748.00, -15868.21, 2467
20687, -15739.00, -15859.03, 2204
20692, -15733.00, -15851.79, 1931
20697, -15726.00, -15843.94, 1611
20703, -15718.00, -15835.25, 1356
20708, -15709.00, -15828.43, 1106
20712, -15702.00, -15821.71, 848
20717, -15695.00, -15815.04, 575
20721, -15687.00, -15808.21, 290
20726, -15680.00, -15801.21, -46
20731, -15670.00, -15792.94, -395
20737, -15663.00, -15784.59, -727
20742, -15657.00, -15776.83, -1053
20747, -15648.00, -15769.03, -1430
20753, -15640.00, -15759.91, -1717
20758, -15633.00, -15752.68, -2070
20764, -15625.00, -15743.57, -2375
20769, -15616.00, -15735.64, -2690
20775, -15607.00, -15726.98, -2925
20780, -15600.00, -15720.13, -3200
20785, -15589.00, -15711.90, -3440
20790, -15583.00, -15704.29, -3687
20795, -15576.00, -15696.32, -3913
20800, -15568.00, -15688.79, -4140
20805, -15559.00, -15680.60, -4339
20810, -15554.00, -15673.67, -4519
20814, -15549.00, -15667.07, -4694
20819, -15543.00, -15660.32, -4862
20823, -15534.00, -15653.73, -5028
20828, -15528.00, -15646.90, -5186
20832, -15521.00, -15640.20, -5354
20837, -15513.00, -15632.95, -5514
20842, -15507.00, -15625.90, -5673
20847, -15498.00, -15618.42, -5839
20852, -15493.00, -15610.97, -6007
20857, -15484.00, -15602.99, -6169
20863, -15477.00, -15595.19, -6320
20868, -15470.00, -15587.83, -6473
20873, -15465.00, -15580.09, -6615
20878, -15456.00, -15573.12, -6755
20883, -15451.00, -15565.74, -6898
20888, -15442.00, -15558.67, -7028
20892, -15436.00, -15551.75, -7153
20897, -15429.00, -15544.94, -7317
20903, -15419.00, -15536.12, -7462
20908, -15414.00, -15528.27, -7593
20914, -15406.00, -15520.75, -7715
20918, -15400.00, -15514.22, -7839
20923, -15392.00, -15507.05, -7960
20928, -15384.00, -15500.29, -8074
20932, -15377.00, -15493.75, -8184
20937, -15371.00, -15486.98, -8305
20942, -15364.00, -15480.15, -8420
20946, -15357.00, -15473.28, -8552
20952, -15348.00, -15465.21, -8678
20957, -15340.00, -15457.52, -8794
20962, -15333.00, -15450.29, -8906
20967, -15327.00, -15443.13, -9046
20973, -15319.00, -15434.46, -9154
20977, -15312.00, -15427.76, -9288
20983, -15306.00, -15419.29, -9430
20989, -15298.00, -15410.63, -9536
20994, -15291.00, -15404.02, -9651
20999, -15283.00, -15397.05, -9759
21004, -15275.00, -15390.15, -9870
21008, -15269.00, -15383.29, -9991
21014, -15261.00, -15375.67, -10113
21019, -15253.00, -15368.10, -10219
21024, -15245.00, -15361.26, -10343
21029, -15238.00, -15353.40, -10463
21034, -15231.00, -15345.97, -10570
21039, -15224.00, -15339.19, -10694
21044, -15219.00, -15331.39, -10801
21049, -15211.00, -15325.06, -10905
21053, -15202.00, -15318.60, -11020
21058, -15197.00, -15311.33, -11141
21063, -15188.00, -15303.76, -11250
21068, -15180.00, -15297.03, -11375
21073, -15173.00, -15289.16, -11492
21078, -15168.00, -15282.14, -11621
21084, -15160.00, -15274.43, -11740
21089, -15153.00, -15267.32, -11858
21093, -15144.00, -15260.35, -11969
21098, -15137.00, -15253.71, -12082
21102, -15131.00, -15247.10, -12218
21108, -15124.00, -15239.22, -12361
21114, -15116.00, -15230.96, -12479
21118, -15108.00, -15224.19, -12635
21124, -15102.00, -15215.64, -12758
21129, -15096.00, -15208.74, -12894
21134, -15088.00, -15201.51, -13026
21139, -15081.00, -15194.42, -13148
21144, -15073.00, -15187.84, -13277
21148, -15067.00, -15181.30, -13405
21153, -15058.00, -15174.57, -13537
21158, -15051.00, -15167.64, -13684
21163, -15044.00, -15160.06, -13828
21168, -15037.00, -15152.99, -13974
21173, -15031.00, -15145.83, -14138
21178, -15024.00, -15138.15, -14290
21183, -15016.00, -15131.19, -14443
21188, -15010.00, -15124.01, -14592
21192, -15004.00, -15117.54, -14759
21197, -14995.00, -15110.25, -14923
21202, -14990.00, -15102.83, -15116
21208, -14982.00, -15095.13, -15292
21213, -14975.00, -15087.97, -15457
21217, -14967.00, -15081.46, -15650
21223, -14962.00, -15073.97, -15826
21227, -14955.00, -15067.55, -16014
21232, -14949.00, -15060.61, -16223
21238, -14940.00, -15053.14, -16418
21242, -14935.00, -15046.67, -16622
21247, -14929.00, -15039.90, -16814
21251, -14923.00, -15033.69, -17016
21256, -14916.00, -15026.80, -17234
21261, -14909.00, -15020.39, -17432
21265, -14905.00, -15014.14, -17657
21271, -14897.00, -15006.77, -17861
21275, -14890.00, -15000.29, -18077
21280, -14883.00, -14993.46, -18296
21286, -14876.00, -14986.33, -18515
21291, -14868.00, -14979.28, -18744
21296, -14860.00, -14971.59, -18946
21301, -14853.00, -14964.54, -19156
21306, -14845.00, -14957.33, -19343
21311, -14839.00, -14950.77, -19535
21316, -14833.00, -14943.61, -19749
21321, -14824.00, -14936.16, -19948
21326, -14815.00, -14929.00, -20123
21331, -14810.00, -14922.60, -20291
21335, -14805.00, -14916.33, -20482
21340, -14796.00, -14909.14, -20669
21346, -14789.00, -14901.94, -20846
21350, -14781.00, -14895.24, -21014
21355, -14773.00, -14888.49, -21177
21359, -14769.00, -14882.03, -21341
21364, -14759.00, -14875.53, -21512
21369, -14753.00, -14868.14, -21694
21374, -14744.00, -14861.01, -21875
21379, -14738.00, -14853.09, -22068
21385, -14730.00, -14845.23, -22254
21390, -14723.00, -14837.38, -22443
21396, -14716.00, -14829.65, -22612
21400, -14708.00, -14822.64, -22811
21406, -14699.00, -14814.42, -23005
21412, -14691.00, -14806.05, -23190
21417, -14682.00, -14798.06, -23360
21422, -14675.00, -14790.87, -23530
21427, -14668.00, -14783.51, -23713
21433, -14659.00, -14775.65, -23876
21437, -14652.00, -14768.78, -24044
21442, -14644.00, -14761.46, -24199
21447, -14639.00, -14754.82, -24368
21452, -14633.00, -14747.66, -24534
21457, -14625.00, -14740.76, -24707
21462, -14617.00, -14733.30, -24867
21466, -14611.00, -14726.62, -25047
21472, -14605.00, -14719.03, -25211
21476, -14595.00, -14712.34, -25385
21481, -14591.00, -14705.12, -25571
21487, -14581.00, -14697.24, -25743
21491, -14574.00, -14690.33, -25926
21497, -14567.00, -14682.90, -26100
21501, -14560.00, -14675.99, -26284
21506, -14551.00, -14668.58, -26470
21511, -14546.00, -14661.23, -26649
21516, -14537.00, -14654.32, -26861
21522, -14530.00, -14646.13, -27056
21527, -14520.00, -14638.59, -27244
21532, -14515.00, -14631.50, -27430
21536, -14508.00, -14624.80, -27637
21541, -14500.00, -14617.18, -27837
21546, -14492.00, -14609.95, -28088
21552, -14484.00, -14601.03, -28296
21557, -14477.00, -14594.11, -28499
21562, -14470.00, -14587.25, -28709
21566, -14462.00, -14580.22, -28945
21572, -14455.00, -14572.36, -29173
21576, -14447.00, -14565.27, -29403
21581, -14440.00, -14557.83, -29642
21586, -14432.00, -14550.76, -29861
21591, -14424.00, -14544.06, -30104
21595, -14416.00, -14536.91, -30379
21601, -14409.00, -14528.91, -30636
21605, -14403.00, -14521.96, -30908
21610, -14392.00, -14514.43, -31240
21616, -14386.00, -14505.68, -31571
21621, -14379.00, -14497.69, -31864
21626, -14371.00, -14490.67, -32209
21632, -14363.00, -14482.16, -32583
21637, -14354.00, -14474.37, -32906
21642, -14347.00, -14467.39, -33265
21647, -14339.00, -14459.57, -33655
21652, -14332.00, -14451.11, -33966
21657, -14323.00, -14444.25, -34330
21662, -14316.00, -14435.78, -34636
21667, -14308.00, -14428.74, -34952
21672, -14300.00, -14421.22, -35225
21677, -14295.00, -14414.39, -35567
21683, -14284.00, -14405.29, -35837
21687, -14277.00, -14398.20, -36090
21692, -14269.00, -14391.22, -36324
21696, -14263.00, -14384.37, -36582
21701, -14255.00, -14376.45, -36818
21706, -14247.00, -14369.41, -37048
21711, -14240.00, -14362.00, -37265
21716, -14233.00, -14354.78, -37468
21720, -14225.00, -14347.89, -37668
21725, -14217.00, -14340.71, -37879
21730, -14210.00, -14332.97, -38082
21735, -14202.00, -14325.42, -38287
21740, -14194.00, -14317.57, -38484
21745, -14186.00, -14309.56, -38658
21749, -14180.00, -14302.63, -38846
21754, -14171.00, -14294.67, -39059
21760, -14165.00, -14285.62, -39252
21766, -14156.00, -14277.41, -39424
21771, -14148.00, -14270.00, -39590
21775, -14139.00, -14262.52, -39771
21781, -14134.00, -14254.12, -39945
21786, -14126.00, -14246.01, -40097
21791, -14117.00, -14238.96, -40264
21796, -14110.00, -14230.82, -40432
21802, -14101.00, -14222.68, -40578
21806, -14093.00, -14215.49, -40724
21811, -14085.00, -14207.94, -40870
21816, -14078.00, -14200.54, -41013
21821, -14070.00, -14192.96, -41157
21826, -14063.00, -14185.54, -41302
21831, -14054.00, -14177.96, -41443
21835, -14047.00, -14170.40, -41574
21840, -14039.00, -14162.91, -41719
21845, -14031.00, -14155.15, -41882
21851, -14024.00, -14145.91, -42027
21856, -14016.00, -14138.10, -42166
21861, -14007.00, -14130.20, -42290
21866, -13999.00, -14123.36, -42410
21870, -13991.00, -14116.45, -42561
21876, -13984.00, -14107.90, -42698
21881, -13976.00, -14099.77, -42854
21886, -13967.00, -14091.31, -42983
21891, -13961.00, -14083.98, -43125
21896, -13953.00, -14075.94, -43280
21902, -13946.00, -14067.69, -43409
21906, -13935.00, -14060.43, -43535
21911, -13927.00, -14053.24, -43678
21916, -13920.00, -14044.91, -43809
21921, -13913.00, -14037.95, -43946
21926, -13904.00, -14030.13, -44098
21931, -13896.00, -14021.52, -44249
21936, -13888.00, -14013.43, -44379
21941, -13880.00, -14006.31, -44560
21947, -13872.00, -13996.40, -44731
21953, -13864.00, -13987.50, -44865
21957, -13858.00, -13980.55, -45017
21962, -13848.00, -13972.38, -45197
21969, -13841.00, -13962.80, -45411
21975, -13827.00, -13952.64, -45555
21980, -13819.00, -13945.12, -45701
21984, -13812.00, -13937.88, -45858
21989, -13806.00, -13930.34, -46005
21994, -13799.00, -13923.35, -46179
21999, -13790.00, -13914.97, -46335
22004, -13783.00, -13907.96, -46491
22008, -13775.00, -13900.74, -46667
22013, -13767.00, -13892.57, -46839
22018, -13760.00, -13885.20, -47016
22023, -13751.00, -13877.68, -47207
22028, -13742.00, -13869.43, -47399
22033, -13736.00, -13861.72, -47604
22038, -13728.00, -13853.75, -47790
22042, -13720.00, -13846.48, -47996
22047, -13713.00, -13838.61, -48199
22052, -13704.00, -13831.09, -48408
22057, -13695.00, -13823.22, -48661
22062, -13689.00, -13814.48, -48902
22068, -13680.00, -13805.78, -49156
22073, -13673.00, -13798.08, -49405
22078, -13666.00, -13790.11, -49669
22083, -13656.00, -13782.09, -49908
22088, -13647.00, -13774.78, -50138
22092, -13640.00, -13767.53, -50374
22097, -13632.00, -13759.92, -50641
22102, -13624.00, -13751.59, -50902
22107, -13616.00, -13743.21, -51144
22112, -13608.00, -13735.37, -51399
22118, -13602.00, -13726.96, -51622
22122, -13592.00, -13719.49, -51872
22128, -13584.00, -13710.82, -52118
22133, -13577.00, -13702.43, -52357
22139, -13566.00, -13693.57, -52624
22144, -13560.00, -13684.62, -52855
22150, -13549.00, -13676.16, -53099
22155, -13538.00, -13666.96, -53345
22161, -13528.00, -13657.23, -53534
22166, -13520.00, -13649.94, -53716
22170, -13515.00, -13642.73, -53917
22175, -13506.00, -13634.58, -54125
22181, -13497.00, -13625.99, -54313
22185, -13490.00, -13618.14, -54499
22190, -13485.00, -13610.72, -54704
22195, -13473.00, -13602.14, -54918
22201, -13465.00, -13592.85, -55097
22206, -13455.00, -13585.05, -55322
22212, -13448.00, -13575.15, -55521
22217, -13439.00, -13566.53, -55705
22222, -13432.00, -13558.64, -55881
22227, -13425.00, -13550.83, -56048
22232, -13417.00, -13543.66, -56233
22237, -13409.00, -13535.52, -56391
22241, -13400.00, -13528.48, -56556
22246, -13393.00, -13521.02, -56764
22252, -13383.00, -13511.41, -56931
22256, -13377.00, -13504.16, -57106
22261, -13368.00, -13496.23, -57266
22266, -13361.00, -13489.13, -57470
22272, -13353.00, -13479.89, -57639
22276, -13346.00, -13472.32, -57833
22282, -13336.00, -13463.55, -58048
22288, -13328.00, -13453.62, -58242
22293, -13322.00, -13445.38, -58453
22299, -13312.00, -13436.42, -58642
22304, -13304.00, -13428.34, -58830
22309, -13296.00, -13420.28, -59031
22315, -13287.00, -13411.76, -59262
22322, -13274.00, -13401.21, -59456
22326, -13266.00, -13393.65, -59669
22332, -13259.00, -13384.17, -59911
22338, -13249.00, -13374.71, -60090
22343, -13243.00, -13367.58, -60283
22348, -13235.00, -13359.83, -60487
22353, -13226.00, -13351.65, -60688
22358, -13218.00, -13344.17, -60899
22363, -13210.00, -13335.79, -61147
22369, -13201.00, -13326.73, -61347
22373, -13192.00, -13319.42, -61614
22379, -13186.00, -13309.66, -61870
22385, -13177.00, -13300.85, -62082
22390, -13169.00, -13293.67, -62360
22396, -13157.00, -13284.07, -62607
22401, -13150.00, -13275.76, -62841
22406, -13143.00, -13268.42, -63109
22411, -13132.00, -13259.76, -63357
22416, -13127.00, -13252.01, -63650
22421, -13117.00, -13243.69, -63903
22426, -13110.00, -13236.22, -64229
22432, -13099.00, -13226.83, -64532
22437, -13092.00, -13218.65, -64863
22443, -13081.00, -13209.47, -65244
22449, -13074.00, -13199.90, -65589
22454, -13065.00, -13191.62, -65878
22458, -13058.00, -13184.48, -66174
22463, -13051.00, -13177.39, -66494
22468, -13042.00, -13169.27, -66802
22473, -13033.00, -13161.66, -67156
22478, -13026.00, -13152.58, -67471
22484, -13017.00, -13143.96, -67771
22489, -13008.00, -13136.05, -68032
22493, -13001.00, -13128.55, -68286
22498, -12992.00, -13121.28, -68552
22503, -12984.00, -13112.93, -68809
22508, -12976.00, -13105.10, -69076
22513, -12968.00, -13096.11, -69299
22518, -12960.00, -13088.85, -69506
22522, -12953.00, -13081.57, -69731
22528, -12944.00, -13073.14, -69954
22533, -12936.00, -13064.89, -70168
22538, -12930.00, -13056.57, -70373
22544, -12922.00, -13047.53, -70583
22548, -12914.00, -13039.78, -70770
22554, -12906.00, -13031.70, -70939
22558, -12899.00, -13024.56, -71099
22563, -12891.00, -13017.47, -71273
22568, -12884.00, -13009.24, -71433
22573, -12876.00, -13001.78, -71620
22578, -12868.00, -12992.58, -71790
22583, -12861.00, -12984.59, -71940
22588, -12852.00, -12977.02, -72097
22594, -12846.00, -12968.73, -72252
22599, -12839.00, -12960.85, -72415
22604, -12830.00, -12952.37, -72593
22611, -12822.00, -12942.56, -72728
22615, -12815.00, -12935.67, -72881
22621, -12807.00, -12927.29, -73021
22626, -12800.00, -12919.25, -73174
22632, -12787.00, -12910.44, -73311
22637, -12779.00, -12902.17, -73448
22643, -12770.00, -12894.00, -73575
22647, -12764.00, -12886.37, -73728
22654, -12755.00, -12876.81, -73872
22659, -12750.00, -12868.40, -74023
22665, -12740.00, -12859.23, -74153
22671, -12734.00, -12851.44, -74264
22675, -12726.00, -12844.40, -74392
22681, -12719.00, -12836.37, -74502
22685, -12710.00, -12829.54, -74605
22690, -12704.00, -12822.87, -74713
22695, -12698.00, -12815.75, -74838
22700, -12689.00, -12807.66, -74946
22705, -12682.00, -12800.80, -75051
22709, -12675.00, -12793.82, -75189
22715, -12667.00, -12785.02, -75314
22721, -12659.00, -12777.09, -75450
22727, -12650.00, -12768.24, -75573
22732, -12641.00, -12760.24, -75696
22737, -12633.00, -12752.37, -75799
22742, -12628.00, -12745.75, -75935
22748, -12618.00, -12736.95, -76059
22753, -12609.00, -12728.81, -76166
22758, -12601.00, -12721.94, -76288
22763, -12591.00, -12713.59, -76409
22768, -12585.00, -12705.63, -76524
22773, -12578.00, -12698.31, -76634
22778, -12572.00, -12691.47, -76738
22782, -12568.00, -12684.88, -76847
22787, -12563.00, -12678.22, -76971
22792, -12552.00, -12670.38, -77095
22797, -12544.00, -12662.67, -77220
22802, -12536.00, -12655.03, -77343
22807, -12530.00, -12647.45, -77469
22813, -12520.00, -12639.63, -77600
22818, -12513.00, -12631.86, -77715
22822, -12507.00, -12625.15, -77840
22827, -12499.00, -12617.61, -77973
22833, -12491.00, -12609.24, -78103
22838, -12485.00, -12602.37, -78245
22843, -12475.00, -12593.93, -78386
22849, -12466.00, -12585.78, -78524
22854, -12460.00, -12578.00, -78683
22860, -12453.00, -12569.10, -78816
22865, -12445.00, -12561.76, -78968
22870, -12437.00, -12554.05, -79092
22875, -12431.00, -12547.42, -79262
22881, -12422.00, -12538.63, -79403
22886, -12415.00, -12531.48, -79537
22890, -12409.00, -12524.88, -79671
22895, -12403.00, -12518.38, -79815
22899, -12394.00, -12511.51, -79960
22904, -12386.00, -12504.52, -80130
22909, -12380.00, -12496.64, -80281
22914, -12373.00, -12490.06, -80444
22919, -12365.00, -12482.52, -80609
22924, -12359.00, -12475.78, -80785
22929, -12351.00, -12468.37, -80955
22933, -12343.00, -12461.47, -81118
22938, -12340.00, -12455.00, -81299
22942, -12332.00, -12448.05, -81469
22947, -12327.00, -12441.62, -81670
22954, -12314.00, -12430.99, -81964
22959, -12306.00, -12423.67, -82162
22964, -12301.00, -12416.86, -82402
22969, -12292.00, -12408.74, -82609
22974, -12287.00, -12401.76, -82812
22979, -12278.00, -12395.14, -83082
22985, -12271.00, -12386.13, -83351
22991, -12265.00, -12377.40, -83578
22996, -12256.00, -12369.80, -83814
23002, -12246.00, -12361.80, -84024
23007, -12241.00, -12354.91, -84210
23011, -12234.00, -12348.39, -84418
23016, -12226.00, -12340.79, -84610
23021, -12220.00, -12334.27, -84801
23026, -12212.00, -12327.26, -84977
23030, -12205.00, -12320.75, -85223
23037, -12197.00, -12311.69, -85453
23043, -12188.00, -12303.05, -85673
23049, -12177.00, -12294.32, -85859
23054, -12169.00, -12286.95, -86031
23058, -12166.00, -12280.07, -86231
23064, -12154.00, -12271.98, -86429
23069, -12147.00, -12263.80, -86599
23074, -12140.00, -12256.86, -86759
23079, -12134.00, -12250.36, -86972
23085, -12124.00, -12241.24, -87154
23090, -12118.00, -12233.48, -87322
23095, -12111.00, -12226.34, -87497
23100, -12103.00, -12218.88, -87653
23105, -12094.00, -12212.12, -87829
23110, -12089.00, -12204.34, -88010
23115, -12081.00, -12196.42, -88175
23120, -12075.00, -12189.66, -88334
23125, -12067.00, -12182.84, -88532
23131, -12059.00, -12174.29, -88718
23136, -12050.00, -12166.28, -88891
23142, -12043.00, -12158.54, -89105
23148, -12033.00, -12149.63, -89273
23153, -12027.00, -12142.22, -89454
23158, -12018.00, -12134.62, -89673
23164, -12005.00, -12125.02, -89853
23170, -11998.00, -12117.34, -90029
23175, -11991.00, -12109.52, -90211
23180, -11982.00, -12101.68, -90375
23185, -11976.00, -12094.74, -90590
23191, -11968.00, -12085.50, -90770
23196, -11960.00, -12077.80, -90932
23201, -11953.00, -12071.03, -91105
23206, -11945.00, -12063.73, -91297
23211, -11938.00, -12055.83, -91491
23216, -11929.00, -12047.84, -91664
23221, -11922.00, -12040.82, -91829
23225, -11915.00, -12034.09, -91998
23230, -11907.00, -12027.36, -92194
23235, -11898.00, -12019.24, -92394
23240, -11892.00, -12011.36, -92627
23246, -11884.00, -12002.53, -92823
23251, -11878.00, -11995.19, -93019
23256, -11870.00, -11988.05, -93253
23262, -11863.00, -11979.56, -93476
23267, -11855.00, -11971.86, -93689
23272, -11846.00, -11964.59, -93934
23278, -11836.00, -11956.08, -94150
23283, -11832.00, -11948.98, -94353
23287, -11824.00, -11942.37, -94598
23292, -11817.00, -11934.45, -94837
23297, -11809.00, -11927.01, -95066
23302, -11801.00, -11920.01, -95312
23307, -11794.00, -11912.53, -95572
23312, -11786.00, -11904.95, -95857
23318, -11777.00, -11896.76, -96158
23323, -11770.00, -11888.38, -96430
23328, -11763.00, -11881.24, -96694
23333, -11754.00, -11874.29, -96973
23337, -11747.00, -11867.09, -97264
23342, -11740.00, -11859.87, -97539
23347, -11734.00, -11853.23, -97875
23352, -11725.00, -11845.44, -98203
23357, -11718.00, -11838.03, -98569
23362, -11710.00, -11829.99, -98957
23368, -11704.00, -11821.37, -99278
23372, -11695.00, -11814.49, -99608
23378, -11687.00, -11806.89, -99971
23383, -11679.00, -11798.57, -100258
23388, -11672.00, -11791.82, -100540
23392, -11665.00, -11784.72, -100891
23398, -11657.00, -11775.67, -101164
23403, -11650.00, -11768.64, -101430
23408, -11644.00, -11761.50, -101690
23413, -11636.00, -11753.99, -101978
23419, -11627.00, -11745.40, -102229
23424, -11619.00, -11738.10, -102503
23429, -11609.00, -11729.27, -102722
23434, -11601.00, -11722.02, -102924
23439, -11598.00, -11715.22, -103118
23443, -11591.00, -11708.66, -103305
23448, -11584.00, -11702.10, -103493
23452, -11576.00, -11695.19, -103677
23457, -11569.00, -11688.19, -103880
23462, -11560.00, -11680.41, -104079
23467, -11554.00, -11672.52, -104266
23472, -11545.00, -11664.90, -104482
23478, -11537.00, -11656.12, -104679
23484, -11528.00, -11647.65, -104837
23489, -11521.00, -11640.75, -104993
23493, -11514.00, -11633.87, -105144
23498, -11509.00, -11627.19, -105308
23503, -11501.00, -11619.67, -105487
23508, -11492.00, -11611.41, -105634
23513, -11484.00, -11604.37, -105801
23518, -11476.00, -11596.24, -105948
23523, -11470.00, -11589.06, -106103
23528, -11461.00, -11581.30, -106242
23533, -11454.00, -11574.12, -106380
23537, -11446.00, -11567.15, -106512
23542, -11439.00, -11560.06, -106662
23547, -11432.00, -11552.22, -106798
23552, -11425.00, -11545.00, -106944
23557, -11416.00, -11536.92, -107112
23563, -11408.00, -11527.75, -107243
23568, -11400.00, -11520.38, -107372
23573, -11392.00, -11513.39, -107509
23578, -11386.00, -11505.49, -107637
23583, -11379.00, -11498.39, -107763
23588, -11371.00, -11491.23, -107884
23592, -11362.00, -11484.39, -108039
23598, -11356.00, -11475.55, -108163
23603, -11348.00, -11468.32, -108307
23608, -11340.00, -11460.44, -108431
23613, -11333.00, -11453.36, -108557
23617, -11325.00, -11446.41, -108683
23622, -11318.00, -11439.15, -108818
23627, -11309.00, -11431.36, -108949
23632, -11300.00, -11424.06, -109072
23636, -11295.00, -11417.15, -109215
23642, -11286.00, -11408.97, -109373
23647, -11278.00, -11400.15, -109501
23652, -11269.00, -11392.84, -109628
23657, -11262.00, -11385.89, -109755
23661, -11256.00, -11378.78, -109884
23666, -11249.00, -11371.83, -110015
23670, -11241.00, -11364.51, -110170
23676, -11234.00, -11356.21, -110314
23681, -11224.00, -11348.05, -110469
23686, -11218.00, -11340.50, -110644
23692, -11207.00, -11331.22, -110792
23697, -11198.00, -11323.46, -110957
23702, -11192.00, -11315.06, -111137
23708, -11185.00, -11306.00, -111294
23713, -11176.00, -11298.47, -111447
23718, -11169.00, -11291.14, -111593
23722, -11160.00, -11284.08, -111751
23727, -11152.00, -11276.54, -111918
23732, -11146.00, -11268.83, -112089
23737, -11137.00, -11260.98, -112258
23742, -11131.00, -11253.18, -112441
23747, -11121.00, -11245.40, -112612
23752, -11114.00, -11238.11, -112827
23758, -11106.00, -11228.94, -113003
23762, -11098.00, -11221.98, -113202
23768, -11092.00, -11213.87, -113401
23772, -11083.00, -11206.49, -113616
23778, -11074.00, -11198.04, -113825
23783, -11068.00, -11190.59, -114055
23788, -11060.00, -11181.69, -114327
23794, -11052.00, -11173.34, -114559
23799, -11044.00, -11166.07, -114779
23803, -11035.00, -11158.96, -115073
23809, -11028.00, -11149.93, -115393
23815, -11017.00, -11140.22, -115627
23820, -11012.00, -11133.24, -115864
23825, -11005.00, -11125.66, -116130
23830, -10996.00, -11117.69, -116383
23835, -10989.00, -11110.10, -116630
23840, -10979.00, -11101.87, -116884
23846, -10971.00, -11093.90, -117137
23851, -10963.00, -11085.40, -117361
23856, -10956.00, -11078.32, -117562
23860, -10950.00, -11071.24, -117804
23866, -10938.00, -11062.87, -118022
23871, -10934.00, -11055.35, -118218
23875, -10927.00, -11048.49, -118409
23880, -10919.00, -11041.55, -118603
23884, -10912.00, -11034.26, -118799
23889, -10904.00, -11027.24, -119047
23895, -10896.00, -11017.84, -119263
23900, -10886.00, -11009.46, -119457
23905, -10880.00, -11001.76, -119669
23911, -10871.00, -10993.50, -119862
23916, -10863.00, -10986.02, -120041
23921, -10857.00, -10978.67, -120244
23926, -10848.00, -10970.27, -120432
23931, -10838.00, -10962.75, -120600
23935, -10835.00, -10955.88, -120798
23941, -10826.00, -10947.70, -121004
23946, -10816.00, -10939.01, -121202
23952, -10808.00, -10930.66, -121418
23958, -10797.00, -10921.30, -121594
23963, -10789.00, -10913.60, -121757
23967, -10783.00, -10906.70, -121934
23972, -10776.00, -10898.90, -122116
23977, -10767.00, -10891.00, -122279
23982, -10761.00, -10884.03, -122453
23987, -10753.00, -10876.17, -122623
23991, -10747.00, -10869.08, -122787
23996, -10740.00, -10861.97, -122975
24001, -10732.00, -10853.81, -123175
24007, -10723.00, -10845.07, -123341
24012, -10716.00, -10838.04, -123515
24017, -10710.00, -10830.54, -123684
24021, -10702.00, -10823.18, -123874
24027, -10694.00, -10815.02, -124043
24031, -10687.00, -10807.93, -124207
24036, -10681.00, -10801.13, -124386
24041, -10673.00, -10793.64, -124551
24045, -10667.00, -10786.90, -124736
24050, -10659.00, -10779.40, -124947
24056, -10649.00, -10770.70, -125131
24061, -10643.00, -10763.30, -125310
24066, -10636.00, -10756.29, -125484
24070, -10628.00, -10749.29, -125687
24075, -10619.00, -10741.38, -125870
24080, -10613.00, -10734.35, -126058
24085, -10606.00, -10727.10, -126277
24090, -10598.00, -10718.65, -126467
24095, -10591.00, -10711.86, -126634
24099, -10600.00, -10705.54, -126728
24105, -10604.00, -10698.61, -126747
24109, -10613.00, -10693.69, -126702
24114, -10619.00, -10688.65, -126631
24119, -10627.00, -10684.93, -126528
24124, -10634.00, -10681.82, -126404
24129, -10642.00, -10679.22, -126248
24134, -10650.00, -10677.03, -126100
24139, -10655.00, -10675.62, -125905
24145, -10664.00, -10674.43, -125726
24150, -10671.00, -10673.99, -125560
24155, -10678.00, -10674.02, -125381
24160, -10685.00, -10674.50, -125181
24166, -10694.00, -10675.54, -125005
24171, -10701.00, -10676.88, -124846
24175, -10708.00, -10678.41, -124678
24180, -10715.00, -10680.35, -124518
24185, -10722.00, -10682.60, -124343
24190, -10731.00, -10685.24, -124171
24195, -10736.00, -10688.27, -123989
24200, -10745.00, -10691.66, -123800
24206, -10753.00, -10695.54, -123625
24211, -10759.00, -10699.23, -123453
24216, -10768.00, -10703.14, -123295
24220, -10773.00, -10706.86, -123096
24226, -10781.00, -10711.85, -122901
24232, -10791.00, -10717.10, -122742
24237, -10798.00, -10721.65, -122563
24242, -10806.00, -10726.55, -122401
24247, -10812.00, -10731.40, -122240
24251, -10819.00, -10736.14, -122069
24256, -10825.00, -10741.42, -121905
24261, -10834.00, -10746.61, -121731
24266, -10841.00, -10752.12, -121579
24271, -10848.00, -10757.36, -121382
24276, -10855.00, -10763.72, -121194
24282, -10864.00, -10769.94, -121040
24286, -10870.00, -10775.15, -120887
24291, -10876.00, -10780.42, -120718
24295, -10885.00, -10786.31, -120542
24300, -10893.00, -10792.44, -120367
24305, -10899.00, -10798.69, -120204
24310, -10908.00, -10804.41, -120037
24314, -10914.00, -10810.36, -119871
24319, -10923.00, -10816.43, -119680
24324, -10930.00, -10823.21, -119495
24329, -10936.00, -10829.76, -119304
24334, -10945.00, -10836.45, -119081
24340, -10951.00, -10844.54, -118869
24345, -10960.00, -10851.62, -118656
24350, -10965.00, -10858.78, -118411
24356, -10975.00, -10867.01, -118217
24361, -10983.00, -10873.34, -117977
24367, -10989.00, -10881.14, -117785
24371, -10997.00, -10887.27, -117537
24377, -11005.00, -10895.14, -117340
24382, -11011.00, -10901.34, -117116
24387, -11018.00, -10908.33, -116880
24392, -11026.00, -10915.21, -116615
24397, -11035.00, -10923.14, -116371
24402, -11043.00, -10930.43, -116077
24408, -11054.00, -10938.77, -115826
24413, -11063.00, -10946.28, -115590
24418, -11068.00, -10952.85, -115369
24422, -11072.00, -10959.29, -115144
24427, -11080.00, -10965.91, -114905
24432, -11087.00, -10973.17, -114671
24437, -11096.00, -10980.30, -114461
24442, -11102.00, -10986.94, -114236
24447, -11109.00, -10994.33, -114042
24451, -11119.00, -11000.79, -113839
24456, -11126.00, -11007.93, -113656
24460, -11133.00, -11014.52, -113451
24466, -11139.00, -11022.20, -113271
24470, -11148.00, -11028.83, -113096
24475, -11155.00, -11035.78, -112903
24480, -11163.00, -11043.35, -112738
24484, -11171.00, -11050.16, -112553
24489, -11178.00, -11057.92, -112379
24495, -11186.00, -11065.65, -112201
24500, -11193.00, -11073.53, -112007
24505, -11201.00, -11082.12, -111819
24511, -11208.00, -11090.71, -111646
24516, -11216.00, -11098.40, -111502
24521, -11225.00, -11105.21, -111344
24526, -11231.00, -11113.13, -111180
24531, -11239.00, -11120.66, -111041
24536, -11247.00, -11127.74, -110892
24541, -11254.00, -11135.13, -110737
24546, -11262.00, -11143.04, -110601
24551, -11271.00, -11150.14, -110449
24556, -11278.00, -11157.76, -110317
24561, -11285.00, -11164.60, -110169
24566, -11293.00, -11173.05, -110027
24571, -11301.00, -11180.07, -109869
24576, -11310.00, -11188.60, -109730
24582, -11317.00, -11196.26, -109599
24586, -11325.00, -11203.25, -109471
24591, -11333.00, -11210.20, -109327
24596, -11339.00, -11218.37, -109191
24601, -11348.00, -11225.64, -109014
24607, -11358.00, -11235.40, -108846
24613, -11368.00, -11244.95, -108716
24618, -11373.00, -11252.06, -108561
24623, -11383.00, -11260.48, -108423
24628, -11389.00, -11268.03, -108289
24633, -11398.00, -11275.46, -108146
24639, -11408.00, -11283.98, -107998
24644, -11416.00, -11292.01, -107863
24649, -11423.00, -11299.60, -107723
24654, -11432.00, -11307.64, -107585
24659, -11439.00, -11315.41, -107457
24663, -11446.00, -11322.37, -107329
24668, -11451.00, -11329.36, -107159
24674, -11464.00, -11339.17, -107012
24679, -11473.00, -11346.78, -106883
24683, -11478.00, -11353.76, -106726
24689, -11486.00, -11362.42, -106566
24694, -11495.00, -11370.60, -106417
24699, -11503.00, -11378.31, -106269
24704, -11510.00, -11386.03, -106108
24709, -11520.00, -11394.20, -105952
24714, -11527.00, -11402.22, -105773
24720, -11536.00, -11411.05, -105589
24726, -11545.00, -11420.20, -105421
24731, -11552.00, -11428.01, -105242
24736, -11561.00, -11436.61, -105061
24742, -11568.00, -11444.84, -104907
24746, -11575.00, -11451.93, -104743
24751, -11582.00, -11458.95, -104585
24755, -11592.00, -11465.87, -104419
24760, -11597.00, -11473.11, -104199
24766, -11608.00, -11482.47, -104015
24771, -11615.00, -11490.12, -103831
24775, -11621.00, -11497.29, -103626
24780, -11630.00, -11505.27, -103434
24785, -11636.00, -11512.42, -103243
24790, -11644.00, -11519.67, -103017
24795, -11651.00, -11527.79, -102791
24800, -11659.00, -11535.33, -102554
24805, -11666.00, -11543.20, -102314
24810, -11673.00, -11550.86, -102048
24815, -11683.00, -11559.16, -101794
24820, -11690.00, -11566.62, -101477
24826, -11700.00, -11575.95, -101196
24831, -11706.00, -11583.81, -100823
24837, -11714.00, -11593.51, -100503
24843, -11721.00, -11601.33, -100163
24848, -11728.00, -11609.15, -99865
24852, -11735.00, -11615.80, -99556
24857, -11743.00, -11622.79, -99212
24862, -11751.00, -11630.62, -98895
24867, -11759.00, -11637.62, -98481
24873, -11766.00, -11646.94, -98123
24878, -11774.00, -11655.12, -97810
24883, -11783.00, -11662.41, -97478
24888, -11790.00, -11670.41, -97139
24894, -11800.00, -11679.01, -96820
24899, -11808.00, -11687.05, -96527
24905, -11816.00, -11694.98, -96255
24909, -11823.00, -11702.24, -95972
24915, -11833.00, -11710.36, -95719
24919, -11837.00, -11717.37, -95491
24924, -11842.00, -11724.00, -95251
24929, -11851.00, -11731.12, -95030
24933, -11858.00, -11737.91, -94817
24938, -11867.00, -11744.69, -94578
24943, -11871.00, -11752.53, -94340
24948, -11880.00, -11760.39, -94126
24952, -11889.00, -11767.12, -93928
24957, -11896.00, -11773.92, -93711
24962, -11902.00, -11781.83, -93507
24967, -11911.00, -11788.74, -93318
24971, -11919.00, -11795.65, -93132
24975, -11925.00, -11802.44, -92917
24981, -11932.00, -11810.59, -92703
24986, -11940.00, -11818.71, -92522
24991, -11948.00, -11825.57, -92346
24995, -11954.00, -11832.47, -92168
25000, -11959.00, -11839.39, -91964
25005, -11969.00, -11847.75, -91765
25010, -11977.00, -11855.72, -91594
25015, -11983.00, -11863.07, -91362
25021, -11995.00, -11872.49, -91160
25027, -12002.00, -11880.88, -90968
25032, -12010.00, -11888.88, -90797
25037, -12016.00, -11896.23, -90576
25043, -12026.00, -11905.56, -90392
25049, -12032.00, -11913.57, -90198
25054, -12042.00, -11921.69, -90018
25059, -12048.00, -11929.42, -89856
25064, -12055.00, -11936.15, -89676
25069, -12065.00, -11944.14, -89470
25075, -12072.00, -11952.95, -89316
25079, -12079.00, -11959.56, -89153
25084, -12086.00, -11966.99, -88993
25089, -12093.00, -11973.65, -88840
25093, -12103.00, -11980.43, -88669
25098, -12109.00, -11987.99, -88494
25103, -12115.00, -11996.03, -88299
25109, -12124.00, -12004.00, -88128
25114, -12132.00, -12011.50, -87945
25119, -12138.00, -12019.60, -87743
25125, -12148.00, -12028.04, -87575
25129, -12155.00, -12035.17, -87392
25135, -12162.00, -12042.93, -87188
25140, -12173.00, -12051.49, -87016
25145, -12179.00, -12058.81, -86840
25150, -12188.00, -12065.83, -86650
25155, -12194.00, -12073.63, -86459
25160, -12201.00, -12081.19, -86259
25165, -12210.00, -12089.13, -86074
25170, -12217.00, -12096.48, -85858
25175, -12227.00, -12104.86, -85652
25181, -12238.00, -12113.13, -85433
25186, -12246.00, -12121.74, -85227
25191, -12253.00, -12129.23, -85020
25196, -12262.00, -12137.24, -84815
25201, -12269.00, -12144.83, -84573
25207, -12280.00, -12153.71, -84342
25212, -12287.00, -12162.18, -84101
25218, -12295.00, -12170.97, -83824
25223, -12302.00, -12179.62, -83590
25228, -12311.00, -12187.51, -83340
25234, -12319.00, -12195.94, -83080
25239, -12328.00, -12203.88, -82811
25244, -12334.00, -12212.51, -82598
25249, -12342.00, -12219.35, -82347
25254, -12351.00, -12227.75, -82099
25260, -12358.00, -12236.09, -81894
25265, -12368.00, -12243.48, -81683
25269, -12374.00, -12250.98, -81425
25275, -12383.00, -12260.20, -81238
25280, -12391.00, -12267.15, -81030
25285, -12398.00, -12275.38, -80822
25290, -12406.00, -12283.33, -80627
25295, -12418.00, -12291.27, -80457
25300, -12424.00, -12298.36, -80296
25304, -12430.00, -12305.30, -80127
25309, -12438.00, -12312.75, -79969
25313, -12444.00, -12319.78, -79808
25318, -12454.00, -12327.59, -79607
25324, -12464.00, -12336.70, -79456
25329, -12471.00, -12344.11, -79311
25333, -12479.00, -12351.22, -79135
25339, -12486.00, -12360.16, -78991
25343, -12494.00, -12367.43, -78831
25349, -12503.00, -12375.68, -78653
25355, -12511.00, -12385.20, -78511
25359, -12520.00, -12392.90, -78355
25365, -12528.00, -12401.16, -78221
25369, -12536.00, -12408.73, -78072
25375, -12545.00, -12417.07, -77935
25379, -12553.00, -12424.98, -77771
25385, -12561.00, -12434.39, -77641
25390, -12569.00, -12442.16, -77494
25396, -12578.00, -12450.98, -77361
25401, -12584.00, -12458.74, -77229
25406, -12594.00, -12466.78, -77087
25411, -12603.00, -12475.29, -76970
25416, -12608.00, -12482.48, -76813
25422, -12620.00, -12492.16, -76689
25426, -12627.00, -12499.98, -76558
25432, -12636.00, -12508.16, -76438
25436, -12643.00, -12515.87, -76287
25442, -12655.00, -12525.62, -76156
25448, -12664.00, -12534.13, -76033
25453, -12672.00, -12542.21, -75904
25458, -12680.00, -12550.63, -75779
25463, -12688.00, -12558.95, -75645
25468, -12697.00, -12567.81, -75515
25474, -12703.00, -12576.28, -75400
25478, -12712.00, -12583.49, -75288
25483, -12718.00, -12590.88, -75167
25488, -12726.00, -12598.61, -75043
25493, -12736.00, -12607.13, -74920
25498, -12744.00, -12615.06, -74790
25503, -12752.00, -12623.53, -74668
25508, -12758.00, -12631.28, -74543
25513, -12768.00, -12639.44, -74407
25518, -12775.00, -12647.95, -74259
25524, -12784.00, -12657.41, -74126
25529, -12791.00, -12665.41, -74010
25534, -12801.00, -12672.50, -73887
25538, -12810.00, -12680.12, -73746
25544, -12815.00, -12688.78, -73624
25548, -12824.00, -12696.03, -73494
25553, -12832.00, -12703.75, -73359
25558, -12839.00, -12711.61, -73199
25564, -12847.00, -12721.15, -73050
25569, -12854.00, -12729.11, -72911
25574, -12865.00, -12736.89, -72757
25579, -12873.00, -12745.34, -72616
25584, -12879.00, -12752.81, -72462
25589, -12888.00, -12760.97, -72313
25594, -12896.00, -12768.74, -72168
25598, -12904.00, -12776.14, -72005
25604, -12912.00, -12784.31, -71858
25608, -12919.00, -12791.57, -71696
25613, -12927.00, -12799.37, -71542
25617, -12933.00, -12806.56, -71386
25622, -12938.00, -12813.58, -71218
25627, -12946.00, -12821.08, -71057
25631, -12952.00, -12828.07, -70867
25636, -12961.00, -12836.33, -70636
25643, -12972.00, -12845.91, -70453
25647, -12978.00, -12853.33, -70263
25652, -12984.00, -12860.94, -70071
25657, -12992.00, -12868.26, -69875
25662, -13000.00, -12875.73, -69685
25666, -13008.00, -12882.90, -69462
25671, -13016.00, -12890.81, -69245
25676, -13021.00, -12898.23, -69027
25681, -13030.00, -12905.62, -68776
25686, -13038.00, -12914.19, -68508
25691, -13045.00, -12922.09, -68240
25697, -13052.00, -12930.17, -67964
25702, -13063.00, -12938.46, -67681
25707, -13068.00, -12946.09, -67426
25711, -13075.00, -12952.92, -67099
25717, -13085.00, -12961.53, -66776
25722, -13092.00, -12969.64, -66470
25727, -13099.00, -12977.10, -66178
25732, -13106.00, -12984.38, -65863
25737, -13115.00, -12992.21, -65566
25742, -13123.00, -12999.90, -65264
25747, -13130.00, -13007.79, -64962
25752, -13138.00, -13015.85, -64655
25758, -13149.00, -13024.34, -64346
25763, -13156.00, -13032.94, -64088
25768, -13164.00, -13040.27, -63850
25772, -13170.00, -13047.21, -63571
25778, -13177.00, -13055.54, -63342
25782, -13186.00, -13062.51, -63100
25787, -13192.00, -13070.10, -62851
25793, -13200.00, -13078.32, -62617
25797, -13207.00, -13085.61, -62359
25803, -13218.00, -13094.29, -62130
25808, -13225.00, -13102.44, -61899
25813, -13235.00, -13110.39, -61694
25818, -13242.00, -13117.98, -61440
25825, -13250.00, -13127.54, -61194
25830, -13259.00, -13136.44, -60999
25835, -13266.00, -13143.81, -60822
25839, -13273.00, -13150.59, -60644
25844, -13282.00, -13157.53, -60466
25848, -13287.00, -13164.54, -60275
25854, -13297.00, -13172.49, -60101
25858, -13299.00, -13179.34, -59903
25863, -13310.00, -13187.49, -59734
25868, -13314.00, -13194.52, -59521
25874, -13327.00, -13203.52, -59350
25879, -13331.00, -13210.61, -59188
25883, -13338.00, -13217.69, -59007
25888, -13345.00, -13225.31, -58824
25894, -13354.00, -13233.17, -58666
25898, -13360.00, -13240.10, -58489
25903, -13368.00, -13247.74, -58327
25908, -13374.00, -13254.96, -58154
25913, -13383.00, -13262.80, -57971
25918, -13390.00, -13270.62, -57784
25924, -13400.00, -13279.16, -57620
25929, -13409.00, -13286.45, -57440
25934, -13416.00, -13294.86, -57284
25939, -13421.00, -13301.66, -57133
25943, -13426.00, -13308.17, -56980
25948, -13433.00, -13315.02, -56832
25952, -13440.00, -13321.59, -56683
25957, -13447.00, -13328.26, -56531
25961, -13453.00, -13335.07, -56364
25966, -13459.00, -13342.38, -56166
25972, -13469.00, -13351.10, -56016
25977, -13476.00, -13357.65, -55843
25982, -13484.00, -13365.62, -55668
25987, -13491.00, -13372.91, -55488
25992, -13499.00, -13380.57, -55313
25997, -13506.00, -13388.05, -55132
26002, -13514.00, -13396.00, -54966
26007, -13520.00, -13403.04, -54740
26013, -13531.00, -13412.31, -54581
26018, -13538.00, -13419.00, -54420
26022, -13543.00, -13425.56, -54251
26027, -13551.00, -13432.48, -54062
26032, -13560.00, -13440.35, -53890
26037, -13565.00, -13447.02, -53725
26041, -13574.00, -13453.78, -53536
26046, -13582.00, -13461.36, -53326
26052, -13589.00, -13469.61, -53116
26057, -13596.00, -13477.18, -52936
26061, -13604.00, -13483.90, -52738
26066, -13612.00, -13491.30, -52530
26071, -13619.00, -13498.86, -52320
26076, -13626.00, -13506.22, -52123
26081, -13635.00, -13513.35, -51882
26086, -13643.00, -13521.67, -51673
26091, -13650.00, -13528.63, -51415
26096, -13659.00, -13537.16, -51172
26101, -13667.00, -13545.07, -50911
26107, -13673.00, -13553.31, -50634
26113, -13682.00, -13562.12, -50364
26118, -13689.00, -13569.76, -50120
26123, -13698.00, -13577.36, -49870
26128, -13705.00, -13584.94, -49579
26134, -13714.00, -13594.10, -49325
26139, -13724.00, -13602.41, -49095
26145, -13732.00, -13610.24, -48840
26150, -13742.00, -13619.19, -48617
26156, -13749.00, -13627.17, -48379
26161, -13756.00, -13636.03, -48188
26166, -13762.00, -13643.05, -48011
26171, -13770.00, -13649.80, -47836
26175, -13779.00, -13656.84, -47648
26180, -13786.00, -13664.17, -47480
26184, -13792.00, -13671.04, -47302
26189, -13799.00, -13678.39, -47132
26194, -13804.00, -13685.46, -46968
26199, -13812.00, -13692.78, -46776
26204, -13821.00, -13700.81, -46601
26209, -13830.00, -13708.67, -46449
26214, -13834.00, -13715.35, -46274
26219, -13843.00, -13723.31, -46113
26224, -13852.00, -13730.91, -45940
26230, -13859.00, -13739.07, -45762
26235, -13871.00, -13747.72, -45581
26241, -13879.00, -13756.90, -45426
26246, -13887.00, -13764.80, -45260
26252, -13893.00, -13773.09, -45089
26258, -13903.00, -13781.89, -44938
26263, -13909.00, -13789.60, -44787
26268, -13918.00, -13797.70, -44640
26274, -13926.00, -13805.93, -44489
26278, -13934.00, -13813.40, -44344
26284, -13941.00, -13821.65, -44207
26289, -13950.00, -13828.96, -44069
26294, -13956.00, -13836.78, -43945
26299, -13963.00, -13844.00, -43780
26305, -13975.00, -13853.20, -43624
26311, -13984.00, -13862.07, -43498
26315, -13991.00, -13869.35, -43355
26321, -13999.00, -13877.91, -43216
26326, -14008.00, -13885.91, -43091
26331, -14015.00, -13893.52, -42933
26337, -14022.00, -13902.56, -42794
26343, -14029.00, -13910.51, -42677
26347, -14037.00, -13917.30, -42525
26353, -14045.00, -13926.27, -42390
26358, -14052.00, -13933.81, -42263
26363, -14059.00, -13941.14, -42133
26368, -14066.00, -13948.66, -41999
26373, -14073.00, -13956.41, -41876
26378, -14082.00, -13963.03, -41733
26383, -14089.00, -13971.34, -41594
26389, -14097.00, -13978.88, -41424
26395, -14106.00, -13988.01, -41283
26400, -14115.00, -13995.64, -41139
26405, -14123.00, -14003.46, -40970
26411, -14134.00, -14012.36, -40816
26416, -14141.00, -14020.41, -40655
26422, -14150.00, -14028.73, -40516
26426, -14156.00, -14035.77, -40378
26431, -14162.00, -14042.62, -40218
26436, -14171.00, -14050.44, -40067
26441, -14180.00, -14058.13, -39904
26446, -14185.00, -14065.71, -39726
26452, -14194.00, -14074.30, -39556
26457, -14202.00, -14082.10, -39373
26462, -14210.00, -14089.90, -39214
26467, -14217.00, -14097.01, -39034
26472, -14225.00, -14104.77, -38861
26477, -14232.00, -14112.11, -38635
26483, -14240.00, -14121.35, -38460
26488, -14247.00, -14128.09, -38273
26493, -14254.00, -14135.65, -38085
26497, -14263.00, -14142.53, -37902
26502, -14270.00, -14149.52, -37703
26507, -14279.00, -14156.91, -37470
26512, -14285.00, -14164.99, -37235
26517, -14293.00, -14172.92, -36945
26524, -14300.00, -14182.67, -36684
26529, -14307.00, -14190.21, -36454
26534, -14315.00, -14196.99, -36194
26539, -14323.00, -14205.16, -35871
26545, -14333.00, -14213.34, -35586
26550, -14340.00, -14220.97, -35281
26555, -14347.00, -14228.60, -34935
26560, -14357.00, -14237.15, -34602
26566, -14366.00, -14245.04, -34219
26571, -14377.00, -14253.83, -33891
26576, -14381.00, -14261.00, -33556
26581, -14389.00, -14268.27, -33214
26586, -14397.00, -14275.82, -32826
26592, -14406.00, -14285.00, -32515
26597, -14414.00, -14292.06, -32213
26601, -14419.00, -14298.91, -31925
26606, -14427.00, -14305.88, -31643
26610, -14431.00, -14312.62, -31361
26615, -14438.00, -14319.70, -31050
26620, -14450.00, -14327.69, -30745
26626, -14456.00, -14335.93, -30483
26630, -14464.00, -14342.95, -30199
26636, -14472.00, -14351.21, -29906
26641, -14482.00, -14359.62, -29673
26646, -14488.00, -14366.59, -29410
26651, -14497.00, -14374.96, -29147
26657, -14505.00, -14383.20, -28929
26661, -14511.00, -14390.22, -28720
26666, -14517.00, -14397.07, -28522
26670, -14523.00, -14403.65, -28307
26675, -14530.00, -14410.94, -28114
26679, -14537.00, -14417.65, -27924
26684, -14546.00, -14424.69, -27725
26689, -14552.00, -14431.82, -27538
26693, -14558.00, -14438.63, -27358
26698, -14567.00, -14445.34, -27150
26703, -14573.00, -14453.64, -26959
26708, -14581.00, -14460.65, -26781
26712, -14589.00, -14467.53, -26578
26718, -14596.00, -14475.94, -26398
26723, -14603.00, -14483.30, -26223
26727, -14611.00, -14490.10, -26030
26733, -14620.00, -14498.41, -25804
26739, -14625.00, -14507.64, -25615
26744, -14633.00, -14515.41, -25439
26749, -14640.00, -14523.23, -25242
26755, -14650.00, -14531.04, -25049
26760, -14658.00, -14539.36, -24837
26766, -14667.00, -14548.27, -24654
26772, -14676.00, -14556.32, -24478
26777, -14685.00, -14564.13, -24270
26783, -14692.00, -14573.52, -24106
26788, -14700.00, -14580.42, -23936
26793, -14707.00, -14587.95, -23771
26798, -14714.00, -14595.31, -23599
26803, -14722.00, -14602.75, -23440
26807, -14728.00, -14609.82, -23280
26812, -14735.00, -14616.78, -23129
26816, -14741.00, -14623.27, -22980
26821, -14746.00, -14629.71, -22821
26825, -14751.00, -14636.46, -22671
26830, -14760.00, -14642.84, -22518
26834, -14766.00, -14649.46, -22328
26840, -14773.00, -14657.60, -22149
26845, -14782.00, -14665.00, -21968
26850, -14788.00, -14672.62, -21763
26856, -14799.00, -14681.12, -21573
26861, -14806.00, -14688.95, -21404
26866, -14813.00, -14695.91, -21205
26872, -14822.00, -14704.10, -21027
26876, -14828.00, -14711.28, -20852
26881, -14835.00, -14718.31, -20662
26886, -14842.00, -14725.66, -20466
26891, -14850.00, -14733.29, -20280
26896, -14858.00, -14740.21, -20049
26902, -14868.00, -14749.27, -19844
26907, -14876.00, -14756.91, -19663
26912, -14884.00, -14763.60, -19418
26918, -14893.00, -14772.79, -19210
26923, -14899.00, -14780.43, -18984
26928, -14908.00, -14788.08, -18776
26933, -14914.00, -14795.63, -18543
26938, -14922.00, -14803.32, -18298
26944, -14930.00, -14811.37, -18089
26948, -14939.00, -14818.11, -17884
26953, -14944.00, -14824.68, -17645
26958, -14953.00, -14832.69, -17420
26962, -14959.00, -14839.53, -17183
26968, -14967.00, -14847.38, -16941
26973, -14974.00, -14855.31, -16720
26978, -14981.00, -14862.43, -16460
26984, -14989.00, -14871.18, -16244
26989, -14997.00, -14878.95, -16036
26994, -15004.00, -14885.97, -15786
27000, -15011.00, -14895.27, -15536
27006, -15020.00, -14904.01, -15349
27011, -15029.00, -14911.07, -15157
27016, -15035.00, -14918.69, -14973
27021, -15044.00, -14926.28, -14810
27026, -15050.00, -14932.85, -14641
27030, -15057.00, -14940.01, -14478
27035, -15065.00, -14947.19, -14316
27040, -15072.00, -14954.34, -14164
27045, -15080.00, -14961.21, -14011
27049, -15086.00, -14968.28, -13851
27055, -15095.00, -14975.92, -13698
27060, -15102.00, -14983.37, -13557
27064, -15110.00, -14990.21, -13420
27069, -15118.00, -14997.01, -13264
27074, -15124.00, -15005.02, -13134
27078, -15133.00, -15011.82, -13003
27083, -15140.00, -15019.06, -12864
27088, -15146.00, -15026.15, -12740
27092, -15151.00, -15032.93, -12613
27097, -15157.00, -15039.64, -12467
27102, -15168.00, -15047.84, -12343
27107, -15173.00, -15054.55, -12225
27111, -15179.00, -15061.14, -12088
27117, -15187.00, -15069.25, -11942
27122, -15196.00, -15077.53, -11808
27127, -15205.00, -15084.97, -11661
27133, -15215.00, -15093.83, -11539
27138, -15222.00, -15101.29, -11404
27144, -15230.00, -15109.65, -11287
27148, -15237.00, -15116.38, -11175
27153, -15241.00, -15123.07, -11054
27158, -15251.00, -15130.71, -10939
27162, -15257.00, -15137.65, -10826
27167, -15263.00, -15144.42, -10675
27173, -15276.00, -15153.90, -10564
27178, -15280.00, -15161.04, -10447
27183, -15287.00, -15168.05, -10304
27188, -15298.00, -15177.05, -10176
27194, -15307.00, -15185.06, -10065
27198, -15313.00, -15192.07, -9941
27204, -15321.00, -15200.05, -9803
27210, -15329.00, -15209.17, -9687
27214, -15338.00, -15216.10, -9542
27220, -15345.00, -15225.60, -9431
27225, -15352.00, -15232.54, -9316
27230, -15361.00, -15239.70, -9198
27235, -15366.00, -15247.21, -9045
27241, -15375.00, -15256.96, -8924
27246, -15381.00, -15263.71, -8761
27253, -15392.00, -15273.87, -8622
27258, -15404.00, -15282.34, -8499
27263, -15409.00, -15289.41, -8383
27267, -15415.00, -15296.06, -8271
27272, -15420.00, -15302.69, -8146
27277, -15428.00, -15309.81, -8017
27282, -15435.00, -15317.30, -7862
27288, -15446.00, -15326.17, -7733
27293, -15454.00, -15333.81, -7592
27298, -15460.00, -15341.41, -7457
27303, -15467.00, -15348.57, -7317
27308, -15476.00, -15356.60, -7165
27313, -15484.00, -15364.27, -6999
27319, -15495.00, -15373.38, -6849
27324, -15503.00, -15380.96, -6707
27329, -15508.00, -15388.39, -6550
27334, -15518.00, -15396.12, -6368
27340, -15526.00, -15405.22, -6215
27345, -15534.00, -15412.56, -6023
27351, -15541.00, -15421.86, -5814
27357, -15549.00, -15430.59, -5662
27361, -15556.00, -15437.26, -5484
27367, -15564.00, -15445.24, -5296
27372, -15571.00, -15452.87, -5116
27377, -15578.00, -15460.09, -4915
27382, -15587.00, -15468.01, -4695
27388, -15597.00, -15477.17, -4469
27393, -15605.00, -15484.89, -4231
27399, -15617.00, -15493.84, -3999
27405, -15623.00, -15502.12, -3753
27410, -15632.00, -15510.48, -3522
27415, -15639.00, -15518.29, -3239
27421, -15645.00, -15527.10, -2958
27427, -15653.00, -15535.46, -2638
27433, -15665.00, -15544.59, -2393
27437, -15668.00, -15551.40, -2109
27442, -15677.00, -15558.88, -1809
27448, -15684.00, -15566.57, -1464
27453, -15694.00, -15574.99, -1094
27460, -15707.00, -15584.54, -793
27464, -15711.00, -15591.44, -492
27469, -15718.00, -15598.79, -205
27474, -15725.00, -15605.98, 86
27479, -15732.00, -15613.24, 355
27483, -15737.00, -15619.85, 610
27488, -15743.00, -15626.36, 889
27493, -15749.00, -15633.57, 1174
27498, -15759.00, -15641.44, 1440
27503, -15767.00, -15648.54, 1737
27509, -15775.00, -15657.42, 2012
27514, -15783.00, -15665.09, 2234
27518, -15789.00, -15671.76, 2486
27524, -15796.00, -15679.34, 2698
27528, -15802.00, -15685.93, 2930
27533, -15808.00, -15693.23, 3161
27538, -15817.00, -15700.74, 3384
27543, -15824.00, -15708.14, 3619
27549, -15833.00, -15716.11, 3811
27553, -15837.00, -15722.54, 4074
27560, -15848.00, -15731.77, 4257
27564, -15855.00, -15738.30, 4459
27569, -15861.00, -15745.72, 4641
27574, -15866.00, -15752.32, 4823
27578, -15873.00, -15758.92, 4995
27583, -15880.00, -15765.23, 5172
27587, -15887.00, -15772.10, 5350
27592, -15893.00, -15778.81, 5511
27596, -15902.00, -15785.14, 5728
27602, -15908.00, -15793.63, 5939
27608, -15916.00, -15801.93, 6105
27613, -15924.00, -15808.60, 6270
27617, -15930.00, -15815.37, 6452
27623, -15937.00, -15822.88, 6605
27627, -15944.00, -15829.33, 6786
27632, -15950.00, -15836.81, 6980
27638, -15959.00, -15844.91, 7154
27643, -15965.00, -15852.32, 7342
27649, -15974.00, -15860.22, 7495
27653, -15979.00, -15866.58, 7694
27659, -15989.00, -15875.04, 7859
27664, -15998.00, -15882.38, 8051
27670, -16008.00, -15890.93, 8235
27676, -16013.00, -15898.90, 8404
27681, -16022.00, -15906.25, 8606
27687, -16029.00, -15915.00, 8793
27692, -16036.00, -15922.93, 8937
27697, -16043.00, -15929.25, 9083
27701, -16050.00, -15935.51, 9257
27706, -16057.00, -15943.02, 9408
27711, -16064.00, -15949.61, 9569
27716, -16071.00, -15956.54, 9742
27721, -16079.00, -15964.08, 9905
27726, -16085.00, -15970.83, 10084
27731, -16093.00, -15978.67, 10276
27737, -16099.00, -15986.62, 10440
27742, -16105.00, -15993.37, 10607
27746, -16114.00, -16000.17, 10799
27752, -16121.00, -16008.18, 10964
27757, -16128.00, -16014.70, 11124
27761, -16136.00, -16021.04, 11331
27767, -16143.00, -16029.77, 11515
27772, -16150.00, -16036.70, 11680
27777, -16157.00, -16043.26, 11887
27782, -16165.00, -16051.09, 12073
27787, -16172.00, -16058.27, 12279
27792, -16179.00, -16065.96, 12460
27797, -16186.00, -16072.82, 12669
27802, -16193.00, -16080.20, 12860
27807, -16200.00, -16087.03, 13065
27812, -16208.00, -16094.10, 13281
27818, -16216.00, -16101.93, 13495
27823, -16223.00, -16108.92, 13692
27827, -16231.00, -16115.89, 13929
27833, -16237.00, -16123.45, 14139
27838, -16245.00, -16130.43, 14370
27842, -16253.00, -16137.61, 14592
27847, -16261.00, -16144.69, 14888
27854, -16268.00, -16153.74, 15140
27859, -16275.00, -16161.13, 15374
27864, -16281.00, -16168.24, 15606
27869, -16290.00, -16175.19, 15829
27873, -16297.00, -16182.10, 16059
27878, -16304.00, -16189.29, 16272
27883, -16312.00, -16196.18, 16502
27888, -16320.00, -16203.76, 16691
27893, -16325.00, -16210.22, 16881
27897, -16333.00, -16216.88, 17092
27903, -16339.00, -16224.41, 17339
27909, -16350.00, -16233.12, 17510
27913, -16358.00, -16239.73, 17676
27917, -16363.00, -16246.28, 17845
27922, -16372.00, -16252.91, 18011
27927, -16379.00, -16259.78, 18168
27931, -16384.00, -16266.37, 18352
27936, -16394.00, -16274.24, 18513
27941, -16401.00, -16281.45, 18676
27946, -16406.00, -16288.50, 18852
27951, -16416.00, -16296.54, 19040
27957, -16424.00, -16305.40, 19195
27962, -16431.00, -16312.90, 19357
27967, -16439.00, -16320.82, 19505
27972, -16446.00, -16327.88, 19637
27977, -16454.00, -16334.51, 19780
27982, -16462.00, -16341.83, 19937
27987, -16468.00, -16350.07, 20082
27992, -16476.00, -16357.59, 20227
27997, -16486.00, -16365.51, 20361
28002, -16493.00, -16372.71, 20507
28007, -16500.00, -16380.78, 20631
28012, -16508.00, -16387.43, 20766
28017, -16514.00, -16395.07, 20905
28022, -16522.00, -16402.87, 21035
28027, -16531.00, -16410.40, 21161
28032, -16538.00, -16417.60, 21278
28036, -16544.00, -16424.24, 21403
28041, -16552.00, -16431.85, 21542
28047, -16561.00, -16439.86, 21675
28052, -16568.00, -16447.81, 21805
28057, -16576.00, -16455.84, 21925
28062, -16581.00, -16462.66, 22052
28067, -16589.00, -16470.32, 22169
28072, -16597.00, -16477.25, 22279
28076, -16602.00, -16484.00, 22406
28081, -16609.00, -16491.43, 22541
28087, -16620.00, -16499.69, 22659
28091, -16626.00, -16506.92, 22799
28097, -16620.00, -16515.28, 22865
28103, -16613.00, -16521.89, 22877
28107, -16605.00, -16526.87, 22858
28112, -16597.00, -16530.88, 22815
28117, -16589.00, -16534.69, 22754
28122, -16582.00, -16537.67, 22686
28126, -16577.00, -16539.92, 22608
28131, -16572.00, -16541.84, 22519
28135, -16567.00, -16543.36, 22429
28140, -16559.00, -16544.44, 22334
28144, -16553.00, -16545.06, 22240
28148, -16545.00, -16545.27, 22139
28153, -16537.00, -16545.04, 22039
28157, -16530.00, -16544.43, 21928
28162, -16522.00, -16543.37, 21821
28166, -16518.00, -16542.10, 21696
28172, -16509.00, -16540.30, 21579
28176, -16503.00, -16538.28, 21459
28181, -16497.00, -16536.09, 21348
28185, -16492.00, -16533.83, 21238
28190, -16485.00, -16531.41, 21105
28195, -16477.00, -16528.17, 20983
28200, -16469.00, -16525.01, 20835
28206, -16462.00, -16520.87, 20705
28211, -16453.00, -16516.89, 20567
28216, -16445.00, -16512.87, 20448
28220, -16440.00, -16509.03, 20316
28225, -16432.00, -16504.79, 20172
28230, -16425.00, -16499.87, 20032
28235, -16417.00, -16495.13, 19895
28240, -16409.00, -16490.21, 19760
28245, -16402.00, -16485.48, 19623
28249, -16396.00, -16480.37, 19469
28254, -16388.00, -16474.94, 19337
28259, -16380.00, -16470.04, 19195
28263, -16373.00, -16464.79, 19050
28268, -16365.00, -16459.31, 18861
28274, -16359.00, -16452.38, 18701
28279, -16349.00, -16446.59, 18515
28284, -16342.00, -16439.69, 18352
28289, -16336.00, -16433.91, 18183
28294, -16328.00, -16427.84, 17966
28300, -16321.00, -16420.41, 17744
28306, -16311.00, -16412.94, 17555
28311, -16303.00, -16406.62, 17335
28316, -16295.00, -16399.28, 17083
28323, -16283.00, -16391.02, 16891
28327, -16277.00, -16384.90, 16691
28332, -16270.00, -16378.63, 16472
28337, -16263.00, -16371.71, 16253
28341, -16258.00, -16365.55, 16040
28346, -16250.00, -16359.40, 15815
28350, -16244.00, -16352.94, 15577
28355, -16236.00, -16346.07, 15354
28360, -16228.00, -16339.44, 15138
28365, -16221.00, -16333.33, 14898
28370, -16215.00, -16326.14, 14679
28374, -16207.00, -16319.61, 14404
28380, -16200.00, -16311.37, 14130
28386, -16192.00, -16302.97, 13902
28391, -16182.00, -16295.89, 13645
28397, -16172.00, -16287.44, 13419
28403, -16163.00, -16279.57, 13212
28407, -16156.00, -16272.37, 13004
28412, -16150.00, -16265.50, 12795
28417, -16142.00, -16258.03, 12591
28422, -16134.00, -16250.85, 12395
28427, -16129.00, -16243.70, 12204
28432, -16121.00, -16236.68, 12001
28437, -16112.00, -16229.26, 11828
28441, -16107.00, -16222.74, 11618
28447, -16099.00, -16214.73, 11411
28453, -16088.00, -16206.51, 11222
28458, -16082.00, -16199.14, 11030
28463, -16073.00, -16191.38, 10855
28468, -16067.00, -16184.29, 10690
28472, -16062.00, -16177.84, 10521
28477, -16055.00, -16170.99, 10359
28481, -16050.00, -16164.57, 10200
28486, -16042.00, -16158.18, 10031
28490, -16034.00, -16151.06, 9829
28496, -16027.00, -16142.86, 9660
28501, -16019.00, -16135.97, 9488
28506, -16014.00, -16128.72, 9297
28511, -16005.00, -16120.80, 9120
28516, -15997.00, -16113.51, 8934
28521, -15989.00, -16105.79, 8776
28526, -15981.00, -16098.99, 8594
28531, -15972.00, -16091.11, 8370
28538, -15963.00, -16081.70, 8206
28542, -15958.00, -16074.87, 8011
28548, -15947.00, -16066.55, 7848
28552, -15942.00, -16059.74, 7660
28558, -15932.00, -16051.42, 7476
28563, -15924.00, -16043.60, 7311
28568, -15918.00, -16036.87, 7123
28573, -15910.00, -16028.69, 6940
28578, -15902.00, -16021.08, 6776
28583, -15896.00, -16014.55, 6600
28587, -15890.00, -16007.35, 6433
28592, -15883.00, -16000.65, 6253
28597, -15874.00, -15993.43, 6081
28601, -15869.00, -15986.53, 5883
28607, -15861.00, -15978.51, 5690
28612, -15854.00, -15971.30, 5490
28617, -15847.00, -15963.74, 5306
28622, -15839.00, -15956.75, 5121
28626, -15832.00, -15949.95, 4946
28631, -15824.00, -15943.42, 4704
28637, -15816.00, -15934.59, 4519
28641, -15809.00, -15927.87, 4324
28646, -15803.00, -15920.95, 4106
28651, -15794.00, -15913.16, 3854
28657, -15786.00, -15904.40, 3643
28661, -15781.00, -15897.73, 3385
28667, -15771.00, -15889.26, 3153
28672, -15763.00, -15881.82, 2922
28677, -15755.00, -15874.56, 2706
28681, -15749.00, -15867.87, 2491
28686, -15741.00, -15861.24, 2249
28691, -15734.00, -15853.92, 2018
28695, -15725.00, -15846.97, 1756
28700, -15718.00, -15839.71, 1324
28708, -15709.00, -15827.95, 1044
28713, -15702.00, -15820.54, 723
28718, -15690.00, -15812.41, 444
28723, -15687.00, -15805.36, 166
28727, -15678.00, -15798.78, -137
28732, -15671.00, -15791.36, -463
28737, -15664.00, -15783.82, -753
28742, -15656.00, -15776.98, -1072
28747, -15650.00, -15769.07, -1398
28752, -15643.00, -15761.52, -1707
28757, -15633.00, -15753.92, -1987
28762, -15625.00, -15746.29, -2323
28768, -15618.00, -15737.19, -2617
28773, -15608.00, -15729.62, -2858
28778, -15602.00, -15722.58, -3091
28782, -15594.00, -15715.77, -3309
28786, -15588.00, -15709.02, -3522
28791, -15580.00, -15702.17, -3752
28796, -15572.00, -15694.36, -3961
28801, -15566.00, -15687.37, -4164
28805, -15559.00, -15680.30, -4364
28810, -15551.00, -15672.88, -4614
28816, -15544.00, -15663.20, -4796
28821, -15538.00, -15656.36, -4977
28826, -15532.00, -15649.06, -5137
28830, -15522.00, -15642.38, -5353
28837, -15517.00, -15633.29, -5505
28841, -15510.00, -15626.69, -5703
28847, -15501.00, -15617.81, -5881
28853, -15493.00, -15609.85, -6025
28857, -15487.00, -15603.12, -6209
28863, -15477.00, -15594.20, -6383
28869, -15466.00, -15585.30, -6529
28874, -15460.00, -15578.23, -6709
28880, -15449.00, -15568.87, -6839
28885, -15443.00, -15561.98, -6977
28890, -15438.00, -15554.70, -7099
28894, -15430.00, -15548.17, -7246
28900, -15421.00, -15539.80, -7384
28905, -15415.00, -15532.23, -7513
28910, -15408.00, -15525.19, -7666
28916, -15401.00, -15516.56, -7813
28921, -15393.00, -15508.13, -7930
28926, -15386.00, -15501.60, -8047
28931, -15378.00, -15494.69, -8184
28936, -15371.00, -15486.57, -8302
28941, -15365.00, -15479.89, -8426
28946, -15359.00, -15472.43, -8541
28951, -15350.00, -15465.68, -8675
28956, -15343.00, -15457.68, -8789
28961, -15336.00, -15450.76, -8915
28966, -15329.00, -15443.12, -9018
28971, -15321.00, -15436.68, -9131
28976, -15314.00, -15429.47, -9236
28980, -15305.00, -15422.87, -9360
28986, -15299.00, -15414.80, -9466
28990, -15292.00, -15408.20, -9593
28996, -15286.00, -15400.15, -9700
29000, -15277.00, -15393.61, -9821
29006, -15270.00, -15385.95, -9923
29010, -15263.00, -15379.37, -10029
29015, -15256.00, -15372.68, -10148
29020, -15249.00, -15365.14, -10251
29024, -15243.00, -15358.65, -10371
29030, -15235.00, -15350.96, -10511
29036, -15226.00, -15342.06, -10618
29040, -15220.00, -15335.41, -10736
29045, -15213.00, -15327.92, -10871
29051, -15204.00, -15319.47, -10992
29056, -15198.00, -15312.05, -11114
29062, -15190.00, -15304.42, -11254
29068, -15185.00, -15296.16, -11371
29073, -15175.00, -15289.02, -11497
29078, -15168.00, -15281.66, -11615
29083, -15162.00, -15274.39, -11738
29088, -15154.00, -15267.14, -11865
29093, -15148.00, -15259.85, -12018
29099, -15135.00, -15251.04, -12169
29105, -15126.00, -15242.09, -12294
29110, -15119.00, -15234.89, -12408
29115, -15114.00, -15228.44, -12521
29119, -15109.00, -15222.08, -12641
29124, -15101.00, -15215.51, -12766
29129, -15095.00, -15208.38, -12924
29135, -15084.00, -15199.52, -13059
29140, -15078.00, -15192.67, -13183
29144, -15072.00, -15186.20, -13324
29149, -15066.00, -15178.80, -13479
29155, -15056.00, -15170.72, -13614
29160, -15050.00, -15164.08, -13765
29165, -15041.00, -15156.34, -13917
29170, -15035.00, -15149.15, -14058
29175, -15030.00, -15142.58, -14202
29179, -15023.00, -15135.91, -14384
29185, -15012.00, -15127.23, -14539
29190, -15007.00, -15120.51, -14716
29196, -14999.00, -15112.46, -14880
29201, -14991.00, -15105.25, -15062
29206, -14983.00, -15097.92, -15219
29210, -14978.00, -15091.50, -15377
29215, -14972.00, -15085.20, -15542
29219, -14968.00, -15078.86, -15708
29224, -14961.00, -15072.58, -15888
29228, -14955.00, -15066.03, -16065
29233, -14948.00, -15059.72, -16243
29237, -14942.00, -15053.34, -16440
29242, -14936.00, -15046.68, -16656
29247, -14928.00, -15039.55, -16853
29252, -14921.00, -15033.24, -17048
29256, -14914.00, -15026.97, -17244
29261, -14908.00, -15020.64, -17440
29265, -14902.00, -15014.41, -17637
29270, -14896.00, -15008.14, -17853
29275, -14889.00, -15001.00, -18064
29280, -14883.00, -14994.08, -18264
29284, -14877.00, -14987.72, -18480
29289, -14869.00, -14980.65, -18725
29295, -14860.00, -14972.28, -18916
29300, -14854.00, -14965.78, -19134
29305, -14844.00, -14957.86, -19335
29310, -14837.00, -14950.92, -19540
29315, -14829.00, -14943.55, -19729
29320, -14824.00, -14936.63, -19931
29325, -14815.00, -14929.27, -20118
29330, -14808.00, -14922.24, -20293
29335, -14802.00, -14915.83, -20465
29339, -14795.00, -14909.16, -20657
29345, -14788.00, -14901.70, -20829
29349, -14783.00, -14895.29, -20993
29354, -14776.00, -14888.96, -21165
29358, -14770.00, -14882.25, -21349
29363, -14760.00, -14874.95, -21539
29369, -14754.00, -14867.17, -21705
29374, -14747.00, -14860.53, -21876
29378, -14740.00, -14853.67, -22055
29384, -14731.00, -14846.11, -22237
29389, -14726.00, -14838.79, -22418
29394, -14717.00, -14831.25, -22592
29399, -14709.00, -14823.70, -22801
29405, -14700.00, -14815.18, -22961
29410, -14692.00, -14808.32, -23169
29416, -14682.00, -14799.34, -23342
29421, -14674.00, -14791.66, -23505
29426, -14666.00, -14784.63, -23714
29432, -14658.00, -14775.54, -23916
29438, -14653.00, -14766.82, -24093
29443, -14643.00, -14759.49, -24273
29448, -14637.00, -14752.01, -24424
29453, -14629.00, -14745.52, -24582
29457, -14621.00, -14738.78, -24747
29462, -14614.00, -14731.60, -24918
29467, -14607.00, -14724.32, -25092
29472, -14598.00, -14717.00, -25252
29477, -14593.00, -14710.28, -25407
29481, -14586.00, -14703.67, -25569
29485, -14580.00, -14697.06, -25726
29490, -14574.00, -14690.53, -25909
29495, -14567.00, -14682.92, -26083
29500, -14559.00, -14675.93, -26284
29505, -14552.00, -14668.19, -26507
29511, -14539.00, -14659.12, -26701
29516, -14533.00, -14651.49, -26900
29522, -14525.00, -14643.82, -27099
29527, -14517.00, -14636.04, -27331
29533, -14511.00, -14627.25, -27545
29538, -14501.00, -14619.21, -27772
29544, -14494.00, -14610.87, -27995
29549, -14487.00, -14603.38, -28190
29553, -14479.00, -14596.69, -28407
29559, -14473.00, -14589.24, -28667
29564, -14464.00, -14580.55, -28879
29569, -14456.00, -14573.67, -29089
29574, -14449.00, -14567.02, -29340
29579, -14439.00, -14558.94, -29615
29585, -14433.00, -14550.60, -29837
29589, -14426.00, -14544.05, -30147
29595, -14417.00, -14534.81, -30425
29600, -14409.00, -14527.28, -30688
29605, -14402.00, -14520.24, -31027
29611, -14390.00, -14511.28, -31313
29616, -14384.00, -14504.01, -31618
29621, -14376.00, -14496.45, -31987
29627, -14367.00, -14487.62, -32365
29633, -14356.00, -14478.72, -32749
29638, -14349.00, -14470.23, -33166
29644, -14340.00, -14461.08, -33487
29649, -14333.00, -14454.15, -33797
29653, -14326.00, -14447.42, -34104
29658, -14317.00, -14440.41, -34399
29662, -14311.00, -14433.57, -34686
29667, -14304.00, -14426.56, -34999
29671, -14298.00, -14419.11, -35273
29676, -14290.00, -14412.15, -35567
29681, -14284.00, -14404.39, -35860
29686, -14276.00, -14396.62, -36149
29692, -14267.00, -14388.40, -36439
29697, -14256.00, -14379.59, -36695
29702, -14250.00, -14372.16, -36917
29707, -14245.00, -14365.17, -37197
29713, -14232.00, -14356.10, -37433
29718, -14226.00, -14348.06, -37632
29722, -14218.00, -14341.14, -37862
29728, -14210.00, -14332.77, -38047
29732, -14204.00, -14325.88, -38231
29737, -14197.00, -14319.04, -38405
29741, -14192.00, -14312.33, -38579
29746, -14185.00, -14305.54, -38749
29750, -14178.00, -14298.46, -38934
29755, -14170.00, -14291.00, -39143
29761, -14162.00, -14282.23, -39324
29766, -14153.00, -14274.09, -39505
29771, -14147.00, -14266.44, -39669
29776, -14137.00, -14258.94, -39844
29782, -14130.00, -14250.84, -40028
29787, -14119.00, -14241.94, -40188
29792, -14110.00, -14234.39, -40365
29798, -14103.00, -14225.54, -40525
29803, -14095.00, -14217.62, -40687
29808, -14086.00, -14209.51, -40843
29814, -14078.00, -14201.22, -40982
29818, -14071.00, -14194.26, -41117
29823, -14064.00, -14186.95, -41268
29828, -14056.00, -14179.13, -41440
29834, -14048.00, -14169.82, -41569
29839, -14042.00, -14162.88, -41708
29844, -14033.00, -14155.21, -41865
29849, -14025.00, -14146.62, -42015
29855, -14017.00, -14138.53, -42134
29859, -14009.00, -14131.81, -42296
29865, -14000.00, -14122.79, -42431
29870, -13992.00, -14115.26, -42577
29875, -13985.00, -14106.71, -42707
29880, -13977.00, -14099.87, -42830
29884, -13971.00, -14093.03, -42954
29889, -13962.00, -14086.09, -43094
29894, -13953.00, -14078.11, -43220
29898, -13946.00, -14071.05, -43361
29903, -13937.00, -14063.02, -43487
29908, -13931.00, -14055.83, -43650
29914, -13921.00, -14046.54, -43797
29919, -13913.00, -14038.36, -43930
29924, -13906.00, -14030.75, -44064
29928, -13897.00, -14023.46, -44230
29934, -13890.00, -14014.05, -44366
29939, -13881.00, -14006.66, -44540
29945, -13874.00, -13997.43, -44689
29950, -13868.00, -13989.10, -44832
29955, -13858.00, -13982.12, -44985
29960, -13850.00, -13973.91, -45156
29966, -13842.00, -13965.33, -45310
29971, -13833.00, -13957.56, -45498
29977, -13823.00, -13947.71, -45680
29983, -13814.00, -13938.81, -45839
29988, -13804.00, -13930.93, -46009
29993, -13795.00, -13922.55, -46168
29998, -13789.00, -13914.97, -46319
30002, -13782.00, -13908.02, -46477
30007, -13777.00, -13900.82, -46665
30012, -13766.00, -13892.13, -46848
30017, -13759.00, -13884.46, -47018
30022, -13752.00, -13877.15, -47239
30028, -13742.00, -13867.79, -47475
30034, -13730.00, -13858.11, -47662
30038, -13725.00, -13850.71, -47874
30043, -13715.00, -13842.48, -48074
30048, -13705.00, -13834.72, -48312
30054, -13698.00, -13825.81, -48532
30059, -13691.00, -13817.65, -48768
30064, -13681.00, -13809.66, -49002
30069, -13674.00, -13801.59, -49276
30075, -13666.00, -13792.56, -49526
30079, -13658.00, -13784.77, -49772
30084, -13651.00, -13777.22, -50010
30089, -13642.00, -13769.72, -50242
30093, -13636.00, -13762.66, -50479
30098, -13629.00, -13755.23, -50799
30104, -13619.00, -13745.01, -51037
30109, -13609.00, -13737.32, -51280
30114, -13603.00, -13729.13, -51506
30119, -13594.00, -13721.65, -51757
30124, -13586.00, -13713.21, -51983
30129, -13578.00, -13705.38, -52201
30134, -13570.00, -13697.78, -52408
30139, -13563.00, -13690.36, -52662
30144, -13553.00, -13681.11, -52884
30149, -13545.00, -13672.83, -53088
30154, -13539.00, -13665.27, -53278
30159, -13530.00, -13658.11, -53485
30164, -13521.00, -13649.98, -53686
30169, -13515.00, -13642.04, -53877
30173, -13507.00, -13634.44, -54086
30179, -13498.00, -13625.92, -54302
30184, -13490.00, -13617.09, -54482
30189, -13481.00, -13609.71, -54688
30194, -13475.00, -13600.83, -54888
30200, -13466.00, -13592.53, -55058
30204, -13458.00, -13585.47, -55250
30209, -13450.00, -13576.78, -55459
30215, -13442.00, -13568.02, -55644
30220, -13434.00, -13560.20, -55827
30225, -13425.00, -13551.92, -56014
30230, -13419.00, -13543.92, -56188
30235, -13410.00, -13536.32, -56364
30240, -13402.00, -13528.64, -56552
30245, -13394.00, -13520.23, -56732
30250, -13386.00, -13512.24, -56896
30255, -13377.00, -13504.96, -57056
30259, -13373.00, -13497.80, -57263
30265, -13362.00, -13488.69, -57441
30270, -13354.00, -13480.88, -57625
30275, -13346.00, -13472.47, -57812
30280, -13339.00, -13464.20, -57973
30285, -13330.00, -13457.14, -58153
30290, -13322.00, -13448.72, -58348
30296, -13314.00, -13440.12, -58520
30300, -13308.00, -13432.86, -58685
30305, -13300.00, -13425.60, -58852
30309, -13293.00, -13418.48, -59017
30314, -13287.00, -13411.50, -59183
30318, -13281.00, -13404.52, -59359
30323, -13275.00, -13396.85, -59539
30328, -13267.00, -13389.90, -59716
30332, -13258.00, -13382.60, -59889
30337, -13250.00, -13375.49, -60091
30342, -13244.00, -13367.06, -60274
30347, -13236.00, -13360.13, -60478
30352, -13228.00, -13352.02, -60677
30357, -13218.00, -13344.43, -60882
30362, -13211.00, -13336.26, -61108
30367, -13204.00, -13328.17, -61302
30372, -13195.00, -13320.93, -61536
30377, -13188.00, -13312.40, -61747
30382, -13179.00, -13304.74, -61980
30387, -13172.00, -13296.53, -62265
30393, -13162.00, -13287.06, -62548
30399, -13150.00, -13277.57, -62769
30404, -13145.00, -13270.47, -63025
30409, -13136.00, -13262.09, -63264
30414, -13129.00, -13254.94, -63500
30418, -13124.00, -13247.91, -63740
30423, -13118.00, -13240.95, -63986
30427, -13108.00, -13233.87, -64282
30432, -13099.00, -13225.44, -64551
30437, -13092.00, -13218.24, -64871
30442, -13084.00, -13209.88, -65242
30448, -13075.00, -13200.51, -65578
30453, -13066.00, -13192.41, -65885
30458, -13059.00, -13184.80, -66256
30464, -13050.00, -13176.01, -66641
30470, -13038.00, -13166.51, -66961
30475, -13029.00, -13158.09, -67253
30480, -13021.00, -13150.37, -67566
30485, -13012.00, -13141.71, -67904
30491, -13003.00, -13132.44, -68233
30496, -12995.00, -13122.83, -68557
30503, -12987.00, -13113.12, -68798
30507, -12979.00, -13105.85, -69069
30513, -12971.00, -13097.04, -69295
30517, -12964.00, -13089.43, -69554
30523, -12955.00, -13080.93, -69780
30528, -12947.00, -13072.52, -70006
30533, -12938.00, -13064.19, -70199
30538, -12931.00, -13056.97, -70375
30543, -12923.00, -13049.84, -70555
30547, -12917.00, -13042.37, -70759
30553, -12909.00, -13033.95, -70933
30557, -12902.00, -13026.38, -71120
30563, -12893.00, -13018.10, -71299
30568, -12886.00, -13009.98, -71468
30573, -12878.00, -13002.03, -71638
30578, -12872.00, -12994.05, -71790
30583, -12863.00, -12986.64, -71932
30588, -12855.00, -12979.53, -72105
30593, -12848.00, -12970.83, -72257
30598, -12840.00, -12962.87, -72402
30603, -12832.00, -12955.25, -72572
30609, -12824.00, -12946.00, -72705
30614, -12817.00, -12938.84, -72853
30619, -12810.00, -12930.66, -73020
30626, -12796.00, -12920.76, -73159
30631, -12789.00, -12912.72, -73288
30636, -12782.00, -12905.24, -73404
30640, -12775.00, -12898.29, -73519
30645, -12771.00, -12891.50, -73633
30649, -12763.00, -12884.67, -73746
30654, -12759.00, -12877.79, -73870
30659, -12751.00, -12870.34, -73988
30663, -12742.00, -12862.94, -74109
30668, -12735.00, -12855.58, -74225
30673, -12727.00, -12848.18, -74337
30678, -12722.00, -12841.00, -74451
30683, -12714.00, -12833.86, -74570
30688, -12705.00, -12825.92, -74708
30694, -12698.00, -12816.96, -74826
30699, -12691.00, -12809.42, -74931
30703, -12683.00, -12802.74, -75040
30708, -12677.00, -12795.37, -75151
30713, -12669.00, -12787.91, -75286
30719, -12661.00, -12779.75, -75405
30724, -12653.00, -12771.66, -75515
30729, -12646.00, -12764.81, -75633
30734, -12639.00, -12757.00, -75739
30739, -12632.00, -12750.32, -75841
30743, -12625.00, -12743.74, -75953
30748, -12619.00, -12736.23, -76067
30753, -12609.00, -12729.13, -76177
30758, -12602.00, -12721.84, -76280
30762, -12596.00, -12715.14, -76395
30767, -12587.00, -12707.56, -76504
30772, -12580.00, -12700.56, -76612
30776, -12572.00, -12693.60, -76752
30782, -12566.00, -12684.46, -76863
30787, -12557.00, -12677.16, -77000
30793, -12551.00, -12668.90, -77144
30799, -12542.00, -12660.07, -77251
30803, -12536.00, -12653.47, -77371
30808, -12528.00, -12646.03, -77481
30813, -12520.00, -12639.36, -77603
30818, -12514.00, -12631.82, -77732
30823, -12506.00, -12624.21, -77883
30829, -12498.00, -12615.44, -78020
30834, -12490.00, -12607.21, -78164
30840, -12482.00, -12599.30, -78298
30845, -12475.00, -12591.71, -78435
30850, -12466.00, -12583.96, -78568
30855, -12461.00, -12576.83, -78691
30860, -12452.00, -12570.13, -78837
30865, -12444.00, -12561.89, -78971
30870, -12438.00, -12555.05, -79096
30874, -12431.00, -12548.48, -79266
30880, -12423.00, -12539.68, -79415
30885, -12415.00, -12532.24, -79588
30891, -12405.00, -12523.48, -79766
30897, -12396.00, -12514.70, -79928
30902, -12390.00, -12507.08, -80119
30908, -12380.00, -12498.22, -80285
30913, -12374.00, -12490.86, -80465
30918, -12368.00, -12483.17, -80641
30924, -12358.00, -12475.71, -80854
30930, -12352.00, -12467.01, -81058
30935, -12343.00, -12459.09, -81262
30941, -12335.00, -12451.01, -81481
30946, -12325.00, -12442.80, -81695
30952, -12315.00, -12434.73, -81891
30956, -12311.00, -12427.78, -82107
30961, -12301.00, -12420.19, -82308
30966, -12297.00, -12413.54, -82542
30971, -12290.00, -12405.63, -82746
30976, -12283.00, -12398.82, -82965
30981, -12275.00, -12391.47, -83179
30986, -12269.00, -12384.52, -83409
30991, -12260.00, -12376.83, -83622
30996, -12254.00, -12369.53, -83815
31000, -12246.00, -12363.01, -84049
31006, -12238.00, -12354.70, -84270
31011, -12230.00, -12346.82, -84453
31016, -12224.00, -12340.29, -84662
31021, -12216.00, -12332.42, -84855
31026, -12208.00, -12325.21, -85041
31031, -12204.00, -12318.49, -85218
31036, -12197.00, -12311.73, -85427
31041, -12188.00, -12303.76, -85592
31045, -12181.00, -12297.37, -85815
31052, -12173.00, -12288.47, -85983
31056, -12168.00, -12281.86, -86170
31061, -12160.00, -12274.39, -86333
31066, -12152.00, -12267.95, -86509
31071, -12146.00, -12260.58, -86671
31075, -12139.00, -12254.14, -86826
31080, -12133.00, -12247.62, -86995
31085, -12125.00, -12240.67, -87163
31090, -12118.00, -12233.43, -87330
31094, -12112.00, -12226.42, -87498
31100, -12104.00, -12219.17, -87660
31104, -12096.00, -12212.43, -87821
31109, -12088.00, -12205.29, -87997
31114, -12081.00, -12197.46, -88161
31119, -12073.00, -12190.72, -88330
31124, -12068.00, -12183.27, -88533
31130, -12059.00, -12174.73, -88710
31135, -12052.00, -12167.15, -88913
31141, -12042.00, -12158.42, -89075
31146, -12034.00, -12151.41, -89239
31151, -12028.00, -12144.50, -89409
31156, -12020.00, -12137.10, -89597
31161, -12012.00, -12129.02, -89758
31166, -12005.00, -12122.22, -89925
31171, -11998.00, -12114.99, -90085
31175, -11991.00, -12108.17, -90259
31180, -11983.00, -12100.69, -90438
31185, -11977.00, -12093.31, -90596
31190, -11969.00, -12086.69, -90758
31195, -11962.00, -12079.71, -90915
31199, -11954.00, -12073.06, -91076
31204, -11947.00, -12066.17, -91255
31209, -11939.00, -12058.55, -91459
31215, -11932.00, -12049.94, -91637
31219, -11923.00, -12042.94, -91828
31224, -11917.00, -12035.24, -92035
31230, -11910.00, -12026.98, -92227
31235, -11900.00, -12019.33, -92454
31241, -11893.00, -12010.42, -92640
31246, -11884.00, -12003.40, -92857
31251, -11876.00, -11995.34, -93051
31256, -11870.00, -11987.93, -93286
31262, -11860.00, -11979.37, -93492
31267, -11853.00, -11971.99, -93698
31272, -11847.00, -11964.80, -93954
31278, -11835.00, -11955.94, -94167
31282, -11829.00, -11948.75, -94385
31287, -11821.00, -11941.13, -94636
31293, -11811.00, -11932.95, -94875
31298, -11804.00, -11925.19, -95105
31303, -11798.00, -11918.01, -95402
31309, -11790.00, -11909.06, -95655
31313, -11781.00, -11901.85, -95897
31318, -11775.00, -11894.80, -96165
31323, -11765.00, -11887.08, -96477
31329, -11756.00, -11878.69, -96742
31333, -11751.00, -11871.79, -97084
31339, -11743.00, -11862.78, -97429
31345, -11736.00, -11854.46, -97740
31349, -11728.00, -11847.36, -98079
31354, -11721.00, -11839.64, -98431
31360, -11712.00, -11831.85, -98775
31365, -11706.00, -11824.52, -99114
31370, -11698.00, -11817.00, -99452
31375, -11691.00, -11809.52, -99780
31380, -11685.00, -11802.18, -100087
31384, -11675.00, -11795.10, -100367
31389, -11668.00, -11788.31, -100639
31394, -11659.00, -11781.02, -100921
31398, -11652.00, -11774.04, -101184
31403, -11647.00, -11766.90, -101438
31407, -11642.00, -11760.07, -101679
31412, -11636.00, -11753.33, -101908
31416, -11629.00, -11746.73, -102164
31422, -11621.00, -11738.74, -102450
31428, -11610.00, -11729.99, -102736
31434, -11600.00, -11720.53, -102953
31439, -11592.00, -11712.93, -103169
31444, -11586.00, -11705.49, -103410
31450, -11579.00, -11696.64, -103608
31455, -11570.00, -11689.28, -103801
31460, -11563.00, -11682.01, -104003
31465, -11554.00, -11674.07, -104178
31470, -11547.00, -11666.99, -104366
31475, -11540.00, -11659.32, -104551
31480, -11533.00, -11651.42, -104718
31485, -11526.00, -11644.62, -104919
31490, -11518.00, -11635.92, -105076
31495, -11509.00, -11628.88, -105254
31501, -11503.00, -11620.81, -105414
31506, -11495.00, -11613.40, -105581
31511, -11487.00, -11605.56, -105725
31515, -11480.00, -11598.89, -105862
31520, -11473.00, -11592.04, -106006
31525, -11465.00, -11584.87, -106154
31530, -11456.00, -11577.23, -106295
31534, -11449.00, -11570.19, -106436
31539, -11443.00, -11562.97, -106571
31544, -11435.00, -11555.91, -106728
31549, -11428.00, -11547.48, -106869
31554, -11419.00, -11539.98, -107012
31560, -11409.00, -11531.91, -107180
31566, -11403.00, -11522.57, -107320
31571, -11396.00, -11515.03, -107450
31576, -11388.00, -11507.53, -107582
31581, -11381.00, -11500.13, -107709
31585, -11374.00, -11492.98, -107844
31590, -11367.00, -11485.48, -107980
31596, -11358.00, -11477.82, -108118
31601, -11351.00, -11470.23, -108250
31606, -11342.00, -11462.62, -108380
31611, -11335.00, -11455.20, -108513
31616, -11328.00, -11447.58, -108647
31620, -11320.00, -11440.36, -108786
31626, -11312.00, -11432.42, -108910
31630, -11304.00, -11425.20, -109039
31635, -11297.00, -11418.22, -109177
31640, -11289.00, -11410.24, -109311
31645, -11281.00, -11402.89, -109442
31650, -11271.00, -11395.32, -109578
31655, -11265.00, -11387.86, -109739
31661, -11258.00, -11378.88, -109876
31665, -11251.00, -11371.64, -110014
31670, -11242.00, -11364.19, -110142
31675, -11234.00, -11357.36, -110288
31680, -11226.00, -11349.38, -110425
31684, -11218.00, -11342.26, -110556
31689, -11213.00, -11335.40, -110706
31694, -11205.00, -11327.53, -110871
31699, -11194.00, -11318.94, -111036
31705, -11189.00, -11310.49, -111194
31710, -11178.00, -11302.51, -111344
31715, -11173.00, -11295.39, -111487
31719, -11165.00, -11288.42, -111652
31724, -11157.00, -11280.41, -111821
31729, -11148.00, -11272.42, -111977
31734, -11141.00, -11264.81, -112144
31739, -11136.00, -11257.60, -112317
31744, -11126.00, -11249.79, -112499
31749, -11119.00, -11241.92, -112674
31754, -11112.00, -11234.52, -112882
31760, -11104.00, -11225.89, -113074
31764, -11094.00, -11218.29, -113257
31769, -11090.00, -11211.23, -113450
31774, -11081.00, -11203.58, -113657
31779, -11073.00, -11196.08, -113859
31784, -11067.00, -11188.87, -114083
31789, -11060.00, -11180.80, -114333
31794, -11048.00, -11172.49, -114597
31800, -11040.00, -11163.65, -114821
31805, -11033.00, -11156.48, -115080
31810, -11025.00, -11148.42, -115327
31815, -11020.00, -11140.93, -115623
31821, -11009.00, -11131.91, -115864
31825, -11000.00, -11124.26, -116127
31831, -10995.00, -11116.30, -116379
31836, -10986.00, -11108.02, -116632
31841, -10979.00, -11100.11, -116874
31846, -10972.00, -11092.61, -117086
31851, -10964.00, -11085.82, -117317
31856, -10955.00, -11077.88, -117582
31862, -10946.00, -11068.91, -117821
31867, -10939.00, -11060.80, -118043
31872, -10932.00, -11052.76, -118297
31878, -10924.00, -11043.70, -118529
31883, -10914.00, -11035.77, -118772
31889, -10903.00, -11026.63, -118962
31894, -10899.00, -11019.51, -119187
31900, -10889.00, -11010.81, -119383
31905, -10881.00, -11003.16, -119564
31909, -10875.00, -10996.32, -119736
31914, -10869.00, -10989.46, -119911
31918, -10862.00, -10982.63, -120098
31923, -10855.00, -10975.16, -120302
31929, -10846.00, -10966.78, -120487
31933, -10839.00, -10959.45, -120657
31938, -10834.00, -10952.60, -120837
31943, -10824.00, -10945.22, -121039
31948, -10816.00, -10936.76, -121226
31954, -10808.00, -10928.95, -121391
31958, -10801.00, -10922.10, -121561
31963, -10793.00, -10914.88, -121723
31967, -10786.00, -10907.75, -121911
31973, -10779.00, -10899.95, -122114
31978, -10771.00, -10891.23, -122302
31984, -10761.00, -10883.24, -122502
31989, -10753.00, -10874.50, -122693
31995, -10744.00, -10866.27, -122875
32000, -10736.00, -10858.38, -123041
32005, -10730.00, -10851.09, -123242
32010, -10720.00, -10842.49, -123432
32016, -10711.00, -10833.74, -123647
32022, -10704.00, -10824.66, -123865
32028, -10693.00, -10815.47, -124051
32033, -10688.00, -10807.72, -124213
32038, -10680.00, -10800.77, -124395
32042, -10673.00, -10793.32, -124557
32047, -10666.00, -10786.57, -124721
32051, -10656.00, -10779.68, -124915
32057, -10650.00, -10771.35, -125128
32062, -10642.00, -10763.14, -125299
32067, -10634.00, -10756.16, -125521
32072, -10626.00, -10747.42, -125742
32078, -10619.00, -10738.82, -125949
32083, -10612.00, -10731.00, -126180
32089, -10602.00, -10722.18, -126400
32095, -10592.00, -10714.11, -126604
32099, -10591.00, -10706.92, -126747
32104, -10598.00, -10700.19, -126804
32109, -10604.00, -10694.23, -126802
32114, -10611.00, -10689.35, -126750
32119, -10618.00, -10684.95, -126661
32124, -10626.00, -10681.14, -126543
32129, -10633.00, -10677.96, -126422
32133, -10641.00, -10675.62, -126250
32139, -10647.00, -10673.46, -126102
32144, -10655.00, -10672.18, -125918
32149, -10663.00, -10671.30, -125753
32154, -10668.00, -10670.95, -125570
32159, -10678.00, -10671.09, -125388
32165, -10683.00, -10671.69, -125203
32170, -10692.00, -10672.70, -125021
32175, -10703.00, -10674.30, -124827
32181, -10710.00, -10676.38, -124665
32185, -10715.00, -10678.41, -124479
32191, -10724.00, -10681.13, -124324
32195, -10730.00, -10683.65, -124160
32200, -10736.00, -10686.53, -123985
32205, -10745.00, -10689.92, -123788
32211, -10754.00, -10694.10, -123610
32216, -10762.00, -10698.19, -123397
32223, -10771.00, -10703.53, -123231
32227, -10778.00, -10707.64, -123057
32232, -10786.00, -10712.20, -122851
32238, -10794.00, -10717.95, -122698
32243, -10800.00, -10722.30, -122493
32249, -10807.00, -10728.19, -122334
32254, -10815.00, -10732.97, -122159
32259, -10823.00, -10738.46, -121991
32264, -10830.00, -10743.71, -121782
32270, -10838.00, -10750.28, -121601
32275, -10847.00, -10756.35, -121418
32280, -10854.00, -10762.31, -121257
32285, -10860.00, -10767.59, -121083
32290, -10868.00, -10773.45, -120886
32296, -10878.00, -10780.40, -120721
32300, -10884.00, -10786.02, -120555
32305, -10889.00, -10791.85, -120354
32311, -10901.00, -10799.04, -120168
32316, -10909.00, -10805.58, -119995
32320, -10914.00, -10811.51, -119808
32326, -10922.00, -10818.27, -119615
32331, -10930.00, -10825.15, -119418
32336, -10939.00, -10831.83, -119194
32342, -10948.00, -10840.09, -118975
32348, -10957.00, -10847.66, -118775
32353, -10963.00, -10854.67, -118568
32358, -10970.00, -10861.79, -118317
32364, -10977.00, -10869.96, -118098
32369, -10985.00, -10877.03, -117905
32374, -10993.00, -10883.32, -117663
32379, -11001.00, -10891.11, -117464
32384, -11008.00, -10897.37, -117270
32388, -11015.00, -10903.53, -117051
32393, -11022.00, -10910.53, -116819
32398, -11031.00, -10917.65, -116582
32403, -11039.00, -10924.70, -116292
32409, -11045.00, -10932.92, -116032
32414, -11054.00, -10940.33, -115812
32419, -11060.00, -10946.66, -115559
32424, -11068.00, -10954.15, -115302
32429, -11076.00, -10961.54, -115077
32434, -11084.00, -10968.18, -114844
32439, -11091.00, -10975.53, -114628
32443, -11099.00, -10982.08, -114421
32448, -11107.00, -10988.92, -114219
32452, -11113.00, -10995.56, -114011
32457, -11121.00, -11002.67, -113815
32462, -11127.00, -11009.44, -113631
32466, -11133.00, -11015.99, -113441
32471, -11139.00, -11023.23, -113257
32476, -11146.00, -11029.75, -113086
32480, -11153.00, -11036.27, -112898
32485, -11160.00, -11043.70, -112714
32490, -11169.00, -11051.15, -112550
32495, -11175.00, -11057.88, -112389
32499, -11182.00, -11064.71, -112207
32505, -11190.00, -11072.64, -112046
32509, -11197.00, -11079.50, -111898
32514, -11204.00, -11086.29, -111746
32519, -11212.00, -11093.13, -111557
32525, -11222.00, -11102.14, -111412
32529, -11228.00, -11109.09, -111265
32534, -11236.00, -11116.19, -111108
32539, -11242.00, -11124.08, -110930
32545, -11252.00, -11133.06, -110785
32550, -11261.00, -11139.92, -110623
32556, -11268.00, -11148.60, -110486
32560, -11274.00, -11155.41, -110348
32565, -11283.00, -11162.51, -110210
32570, -11290.00, -11170.01, -110081
32574, -11296.00, -11176.66, -109953
32579, -11304.00, -11183.57, -109819
32584, -11314.00, -11190.90, -109685
32589, -11322.00, -11198.40, -109558
32593, -11328.00, -11205.28, -109430
32598, -11336.00, -11212.49, -109302
32602, -11342.00, -11219.54, -109180
32607, -11347.00, -11226.32, -109053
32611, -11353.00, -11233.24, -108925
32616, -11361.00, -11240.29, -108796
32621, -11369.00, -11247.43, -108676
32625, -11377.00, -11254.26, -108508
32631, -11386.00, -11263.71, -108372
32636, -11393.00, -11271.41, -108235
32641, -11401.00, -11278.84, -108079
32647, -11412.00, -11287.85, -107936
32652, -11419.00, -11295.77, -107802
32657, -11426.00, -11303.35, -107665
32662, -11434.00, -11311.25, -107529
32667, -11442.00, -11318.72, -107394
32672, -11450.00, -11326.16, -107227
32678, -11461.00, -11335.60, -107095
32682, -11468.00, -11342.87, -106934
32688, -11479.00, -11351.91, -106797
32693, -11484.00, -11359.12, -106645
32698, -11492.00, -11367.37, -106511
32702, -11499.00, -11374.37, -106354
32708, -11508.00, -11382.75, -106204
32713, -11514.00, -11390.41, -106060
32717, -11521.00, -11397.49, -105912
32722, -11529.00, -11405.05, -105765
32726, -11534.00, -11411.96, -105620
32731, -11541.00, -11419.00, -105466
32736, -11548.00, -11426.36, -105278
32741, -11556.00, -11434.85, -105088
32747, -11568.00, -11443.65, -104932
32752, -11573.00, -11450.65, -104764
32757, -11581.00, -11458.34, -104532
32763, -11593.00, -11468.40, -104361
32768, -11600.00, -11475.71, -104186
32772, -11605.00, -11483.05, -103979
32778, -11615.00, -11491.50, -103798
32782, -11621.00, -11498.48, -103598
32788, -11630.00, -11506.37, -103402
32792, -11636.00, -11513.52, -103186
32797, -11643.00, -11521.44, -102972
32802, -11650.00, -11528.97, -102685
32809, -11663.00, -11539.13, -102435
32814, -11670.00, -11546.93, -102198
32819, -11678.00, -11554.27, -101970
32823, -11683.00, -11561.21, -101730
32828, -11691.00, -11568.27, -101470
32833, -11699.00, -11576.02, -101131
32839, -11708.00, -11585.52, -100832
32844, -11716.00, -11593.39, -100545
32849, -11723.00, -11600.52, -100177
32855, -11730.00, -11609.84, -99853
32859, -11736.00, -11616.66, -99521
32864, -11745.00, -11624.12, -99108
32870, -11751.00, -11633.27, -98795
32875, -11760.00, -11640.29, -98445
32880, -11768.00, -11648.42, -98108
32886, -11776.00, -11656.05, -97790
32891, -11783.00, -11663.55, -97455
32896, -11790.00, -11671.64, -97138
32901, -11798.00, -11679.44, -96854
32906, -11805.00, -11686.54, -96577
32911, -11812.00, -11693.65, -96324
32915, -11822.00, -11700.48, -96023
32921, -11829.00, -11708.92, -95784
32925, -11835.00, -11715.75, -95544
32930, -11843.00, -11722.92, -95307
32935, -11851.00, -11729.74, -95068
32939, -11860.00, -11737.19, -94843
32944, -11865.00, -11744.19, -94626
32949, -11872.00, -11751.13, -94385
32954, -11880.00, -11758.94, -94176
32958, -11888.00, -11766.02, -93934
32964, -11897.00, -11774.43, -93704
32969, -11904.00, -11782.47, -93468
32975, -11913.00, -11790.92, -93231
32980, -11920.00, -11799.30, -93031
32985, -11927.00, -11806.88, -92816
32990, -11934.00, -11814.79, -92587
32996, -11944.00, -11823.37, -92342
33002, -11952.00, -11832.64, -92149
33007, -11959.00, -11840.20, -91963
33012, -11967.00, -11847.31, -91751
33018, -11976.00, -11855.90, -91565
33023, -11984.00, -11863.43, -91377
33028, -11991.00, -11871.15, -91216
33032, -11996.00, -11877.85, -91046
33037, -12004.00, -11885.01, -90870
33042, -12012.00, -11892.47, -90699
33047, -12020.00, -11899.68, -90538
33051, -12026.00, -11906.54, -90380
33056, -12035.00, -11913.38, -90212
33061, -12043.00, -11920.76, -90047
33065, -12050.00, -11928.00, -89889
33070, -12057.00, -11935.02, -89733
33075, -12064.00, -11941.84, -89556
33080, -12072.00, -11950.00, -89386
33085, -12081.00, -11957.62, -89205
33090, -12088.00, -11965.55, -89030
33095, -12094.00, -11973.67, -88859
33100, -12102.00, -11980.93, -88695
33105, -12110.00, -11988.22, -88516
33110, -12118.00, -11996.18, -88359
33114, -12124.00, -12003.04, -88153
33120, -12132.00, -12012.03, -87935
33127, -12140.00, -12021.75, -87764
33132, -12147.00, -12028.60, -87586
33137, -12154.00, -12036.22, -87422
33141, -12163.00, -12043.33, -87250
33146, -12170.00, -12050.24, -87084
33151, -12178.00, -12057.15, -86918
33155, -12188.00, -12064.17, -86736
33160, -12194.00, -12071.89, -86566
33165, -12202.00, -12078.77, -86360
33170, -12209.00, -12087.46, -86165
33175, -12216.00, -12094.85, -85987
33180, -12225.00, -12101.90, -85790
33185, -12232.00, -12110.09, -85565
33190, -12242.00, -12118.29, -85362
33195, -12250.00, -12126.27, -85165
33200, -12256.00, -12133.53, -84945
33206, -12264.00, -12142.10, -84736
33210, -12271.00, -12149.23, -84533
33215, -12280.00, -12156.63, -84302
33220, -12287.00, -12164.70, -84092
33225, -12297.00, -12171.70, -83865
33230, -12301.00, -12179.38, -83603
33236, -12312.00, -12188.12, -83349
33241, -12320.00, -12196.61, -83101
33246, -12328.00, -12204.38, -82885
33250, -12334.00, -12211.29, -82662
33255, -12343.00, -12218.63, -82437
33260, -12350.00, -12226.13, -82224
33265, -12358.00, -12233.36, -82006
33269, -12365.00, -12240.91, -81794
33274, -12373.00, -12248.31, -81584
33279, -12380.00, -12256.21, -81380
33284, -12388.00, -12263.84, -81166
33289, -12397.00, -12272.12, -80943
33295, -12406.00, -12280.72, -80736
33300, -12414.00, -12288.90, -80556
33305, -12423.00, -12296.57, -80353
33310, -12432.00, -12305.19, -80174
33316, -12438.00, -12313.24, -79989
33321, -12447.00, -12321.39, -79789
33327, -12454.00, -12330.70, -79627
33331, -12463.00, -12337.93, -79426
33338, -12471.00, -12347.77, -79225
33344, -12482.00, -12357.48, -79076
33349, -12489.00, -12365.12, -78911
33354, -12496.00, -12372.82, -78721
33360, -12511.00, -12382.90, -78581
33365, -12516.00, -12390.31, -78446
33369, -12524.00, -12397.69, -78316
33374, -12529.00, -12404.66, -78189
33378, -12536.00, -12411.58, -78061
33383, -12544.00, -12418.74, -77917
33388, -12552.00, -12426.90, -77753
33394, -12564.00, -12436.48, -77623
33399, -12569.00, -12443.85, -77487
33404, -12578.00, -12451.90, -77357
33409, -12587.00, -12459.75, -77235
33413, -12594.00, -12467.10, -77094
33419, -12601.00, -12475.64, -76936
33425, -12613.00, -12485.41, -76803
33430, -12620.00, -12493.56, -76656
33436, -12633.00, -12503.00, -76513
33441, -12640.00, -12512.20, -76385
33447, -12648.00, -12520.28, -76266
33451, -12655.00, -12528.16, -76123
33457, -12662.00, -12537.06, -75997
33462, -12671.00, -12545.03, -75869
33467, -12679.00, -12553.16, -75758
33472, -12688.00, -12560.25, -75649
33476, -12696.00, -12567.42, -75534
33481, -12704.00, -12574.91, -75407
33486, -12712.00, -12583.58, -75288
33491, -12720.00, -12591.18, -75158
33496, -12727.00, -12599.54, -75041
33501, -12736.00, -12607.47, -74915
33506, -12745.00, -12615.94, -74799
33511, -12751.00, -12623.24, -74680
33515, -12757.00, -12630.83, -74570
33520, -12761.00, -12637.73, -74456
33524, -12770.00, -12644.73, -74340
33529, -12776.00, -12652.27, -74220
33534, -12784.00, -12659.28, -74107
33538, -12791.00, -12666.23, -73989
33543, -12800.00, -12673.35, -73870
33547, -12808.00, -12680.91, -73732
33553, -12816.00, -12689.15, -73609
33557, -12823.00, -12696.34, -73486
33561, -12831.00, -12703.48, -73363
33566, -12838.00, -12710.67, -73225
33571, -12847.00, -12718.79, -73090
33576, -12855.00, -12726.41, -72956
33580, -12862.00, -12733.77, -72826
33585, -12865.00, -12740.89, -72683
33590, -12874.00, -12748.49, -72548
33594, -12881.00, -12755.52, -72402
33599, -12889.00, -12763.18, -72245
33604, -12896.00, -12771.12, -72078
33609, -12904.00, -12779.38, -71933
33614, -12913.00, -12786.59, -71762
33619, -12921.00, -12794.99, -71559
33625, -12930.00, -12804.32, -71386
33630, -12938.00, -12812.19, -71179
33636, -12949.00, -12821.73, -70996
33641, -12958.00, -12829.81, -70810
33646, -12965.00, -12837.66, -70637
33651, -12971.00, -12845.12, -70428
33656, -12982.00, -12853.94, -70230
33661, -12989.00, -12861.89, -70021
33666, -12997.00, -12870.10, -69771
33672, -13006.00, -12879.71, -69565
33677, -13015.00, -12887.29, -69357
33682, -13022.00, -12894.77, -69150
33686, -13027.00, -12901.89, -68907
33692, -13036.00, -12910.48, -68673
33696, -13043.00, -12917.61, -68426
33701, -13049.00, -12925.37, -68152
33707, -13059.00, -12933.85, -67833
33712, -13068.00, -12942.88, -67575
33717, -13076.00, -12950.71, -67285
33722, -13083.00, -12957.86, -66964
33727, -13091.00, -12966.42, -66631
33732, -13099.00, -12974.53, -66275
33738, -13106.00, -12983.76, -65889
33745, -13115.00, -12993.05, -65584
33749, -13122.00, -13000.66, -65241
33755, -13132.00, -13009.58, -64971
33760, -13137.00, -13016.67, -64709
33765, -13145.00, -13023.65, -64376
33771, -13156.00, -13033.00, -64026
33777, -13167.00, -13042.93, -63784
33782, -13173.00, -13049.99, -63515
33787, -13183.00, -13058.45, -63250
33792, -13191.00, -13066.54, -63025
33797, -13198.00, -13073.59, -62805
33801, -13204.00, -13080.83, -62564
33807, -13212.00, -13089.06, -62336
33812, -13221.00, -13096.59, -62118
33816, -13227.00, -13104.03, -61909
33821, -13231.00, -13111.34, -61693
33826, -13240.00, -13118.81, -61493
33831, -13246.00, -13125.91, -61293
33836, -13253.00, -13133.20, -61101
33840, -13261.00, -13140.32, -60918
33845, -13267.00, -13147.06, -60723
33850, -13275.00, -13154.60, -60498
33856, -13284.00, -13163.53, -60309
33860, -13290.00, -13170.70, -60134
33865, -13296.00, -13177.50, -59933
33870, -13306.00, -13185.54, -59744
33875, -13313.00, -13193.32, -59571
33880, -13322.00, -13200.40, -59391
33885, -13329.00, -13208.01, -59198
33890, -13335.00, -13216.04, -59021
33895, -13344.00, -13223.54, -58847
33901, -13352.00, -13231.29, -58674
33906, -13358.00, -13238.85, -58505
33910, -13367.00, -13245.99, -58326
33916, -13374.00, -13254.14, -58168
33920, -13380.00, -13260.91, -58009
33925, -13388.00, -13267.81, -57856
33929, -13395.00, -13274.68, -57678
33935, -13401.00, -13282.63, -57514
33939, -13410.00, -13289.86, -57324
33945, -13417.00, -13298.27, -57162
33950, -13425.00, -13305.71, -56987
33955, -13433.00, -13313.38, -56825
33960, -13440.00, -13321.15, -56604
33967, -13452.00, -13330.74, -56442
33971, -13458.00, -13337.90, -56277
33976, -13466.00, -13345.50, -56074
33983, -13476.00, -13354.75, -55910
33987, -13483.00, -13362.07, -55709
33993, -13491.00, -13371.03, -55536
33998, -13500.00, -13378.63, -55349
34004, -13506.00, -13386.75, -55186
34008, -13515.00, -13393.92, -55015
34013, -13522.00, -13401.41, -54824
34019, -13530.00, -13409.69, -54659
34023, -13536.00, -13416.44, -54477
34028, -13546.00, -13424.01, -54313
34033, -13553.00, -13430.83, -54138
34037, -13560.00, -13438.04, -53945
34043, -13567.00, -13446.03, -53770
34047, -13574.00, -13452.91, -53581
34052, -13580.00, -13460.38, -53342
34058, -13590.00, -13469.93, -53157
34063, -13598.00, -13476.73, -52943
34068, -13604.00, -13484.77, -52759
34073, -13614.00, -13491.52, -52573
34077, -13618.00, -13498.22, -52357
34082, -13628.00, -13506.23, -52113
34088, -13636.00, -13514.64, -51890
34093, -13645.00, -13522.48, -51655
34098, -13652.00, -13530.24, -51433
34103, -13660.00, -13537.79, -51190
34108, -13666.00, -13545.43, -50974
34112, -13674.00, -13552.28, -50669
34119, -13685.00, -13562.12, -50366
34125, -13691.00, -13571.24, -50129
34129, -13700.00, -13578.30, -49873
34135, -13706.00, -13586.38, -49641
34139, -13714.00, -13593.28, -49396
34145, -13722.00, -13601.11, -49163
34150, -13728.00, -13608.90, -48933
34155, -13736.00, -13616.92, -48708
34160, -13744.00, -13624.49, -48509
34165, -13751.00, -13631.55, -48307
34170, -13758.00, -13638.64, -48055
34176, -13768.00, -13648.36, -47865
34181, -13775.00, -13655.47, -47645
34187, -13783.00, -13664.21, -47410
34193, -13796.00, -13674.00, -47216
34198, -13803.00, -13681.43, -47032
34203, -13812.00, -13689.44, -46860
34208, -13818.00, -13696.80, -46706
34212, -13823.00, -13703.49, -46519
34218, -13835.00, -13712.05, -46336
34224, -13843.00, -13720.76, -46175
34228, -13851.00, -13728.03, -46031
34233, -13858.00, -13734.87, -45854
34238, -13866.00, -13743.53, -45697
34243, -13876.00, -13751.43, -45544
34248, -13882.00, -13759.18, -45405
34253, -13888.00, -13766.01, -45264
34258, -13893.00, -13773.17, -45129
34262, -13901.00, -13779.96, -44974
34268, -13909.00, -13788.35, -44807
34273, -13919.00, -13796.93, -44668
34278, -13927.00, -13804.52, -44498
34284, -13938.00, -13814.26, -44363
34289, -13944.00, -13821.53, -44218
34295, -13951.00, -13829.66, -44086
34300, -13957.00, -13837.40, -43938
34305, -13967.00, -13845.52, -43770
34311, -13972.00, -13854.68, -43633
34316, -13982.00, -13862.47, -43501
34321, -13988.00, -13869.96, -43367
34327, -13996.00, -13877.66, -43218
34333, -14005.00, -13886.59, -43081
34337, -14012.00, -13893.99, -42937
34343, -14022.00, -13902.44, -42774
34350, -14032.00, -13912.13, -42653
34354, -14038.00, -13918.96, -42538
34359, -14046.00, -13925.68, -42418
34363, -14052.00, -13932.70, -42296
34368, -14057.00, -13939.62, -42182
34372, -14064.00, -13946.19, -42050
34377, -14071.00, -13953.71, -41909
34383, -14080.00, -13961.72, -41769
34388, -14088.00, -13969.56, -41607
34394, -14099.00, -13978.41, -41475
34399, -14107.00, -13985.95, -41334
34404, -14114.00, -13993.69, -41200
34409, -14120.00, -14000.81, -41062
34414, -14129.00, -14008.09, -40928
34418, -14134.00, -14015.02, -40778
34424, -14143.00, -14023.03, -40640
34428, -14148.00, -14029.91, -40493
34433, -14157.00, -14037.15, -40344
34438, -14164.00, -14044.50, -40172
34444, -14175.00, -14053.35, -40015
34449, -14180.00, -14060.62, -39856
34453, -14187.00, -14067.98, -39712
34458, -14194.00, -14074.83, -39556
34463, -14199.00, -14081.74, -39398
34467, -14206.00, -14088.71, -39228
34472, -14214.00, -14096.07, -39043
34478, -14223.00, -14103.93, -38871
34483, -14229.00, -14111.21, -38680
34488, -14237.00, -14118.83, -38490
34493, -14245.00, -14126.53, -38295
34498, -14252.00, -14133.94, -38101
34503, -14260.00, -14141.36, -37908
34508, -14268.00, -14148.35, -37724
34512, -14273.00, -14155.16, -37476
34518, -14281.00, -14163.63, -37215
34524, -14293.00, -14172.59, -36990
34529, -14299.00, -14179.74, -36709
34535, -14309.00, -14188.63, -36464
34539, -14317.00, -14196.18, -36204
34545, -14327.00, -14203.88, -35955
34549, -14332.00, -14210.87, -35668
34554, -14339.00, -14218.81, -35364
34560, -14347.00, -14226.89, -35028
34565, -14357.00, -14235.35, -34690
34570, -14363.00, -14243.26, -34382
34575, -14372.00, -14250.05, -34052
34580, -14378.00, -14257.71, -33686
34585, -14387.00, -14265.74, -33368
34590, -14395.00, -14272.62, -33057
34594, -14402.00, -14279.60, -32735
34599, -14408.00, -14287.04, -32401
34604, -14418.00, -14295.00, -32102
34609, -14422.00, -14301.81, -31781
34614, -14431.00, -14309.84, -31491
34619, -14437.00, -14316.79, -31226
34623, -14443.00, -14323.48, -30962
34628, -14448.00, -14330.41, -30687
34633, -14458.00, -14337.78, -30411
34638, -14465.00, -14345.18, -30144
34643, -14472.00, -14352.87, -29877
34648, -14479.00, -14360.52, -29591
34653, -14491.00, -14369.00, -29352
34658, -14495.00, -14376.33, -29133
34663, -14504.00, -14383.12, -28903
34668, -14510.00, -14390.62, -28690
34672, -14517.00, -14397.52, -28460
34678, -14526.00, -14405.32, -28262
34682, -14532.00, -14412.08, -28057
34687, -14541.00, -14419.27, -27857
34692, -14547.00, -14426.62, -27645
34697, -14555.00, -14434.27, -27399
34703, -14563.00, -14443.80, -27206
34708, -14570.00, -14450.66, -27005
34713, -14575.00, -14458.30, -26808
34718, -14585.00, -14465.68, -26621
34723, -14593.00, -14473.23, -26439
34727, -14601.00, -14480.46, -26221
34733, -14607.00, -14489.29, -26041
34738, -14615.00, -14496.47, -25857
34743, -14624.00, -14504.17, -25691
34748, -14629.00, -14511.25, -25470
34754, -14641.00, -14520.73, -25267
34760, -14650.00, -14529.26, -25083
34765, -14658.00, -14537.46, -24871
34771, -14667.00, -14546.56, -24697
34776, -14673.00, -14554.05, -24513
34782, -14682.00, -14562.44, -24337
34787, -14689.00, -14569.71, -24174
34792, -14696.00, -14577.13, -24012
34797, -14703.00, -14584.14, -23815
34802, -14711.00, -14592.81, -23602
34809, -14720.00, -14602.04, -23429
34814, -14724.00, -14609.43, -23269
34818, -14733.00, -14616.21, -23080
34824, -14741.00, -14624.51, -22920
34829, -14748.00, -14631.33, -22739
34834, -14757.00, -14639.03, -22573
34839, -14763.00, -14646.31, -22398
34844, -14774.00, -14654.29, -22222
34849, -14780.00, -14661.46, -22052
34854, -14785.00, -14668.63, -21845
34860, -14794.00, -14677.09, -21674
34864, -14801.00, -14684.22, -21481
34870, -14811.00, -14692.32, -21305
34875, -14818.00, -14699.53, -21085
34881, -14829.00, -14708.64, -20908
34886, -14837.00, -14716.23, -20733
34890, -14841.00, -14722.91, -20562
34895, -14848.00, -14729.58, -20362
34900, -14856.00, -14737.66, -20153
34906, -14865.00, -14745.57, -19962
34911, -14873.00, -14753.10, -19735
34916, -14880.00, -14761.79, -19519
34922, -14890.00, -14769.62, -19309
34927, -14896.00, -14777.23, -19063
34932, -14903.00, -14785.93, -18845
34937, -14909.00, -14793.26, -18615
34943, -14918.00, -14800.84, -18380
34948, -14926.00, -14808.66, -18129
34954, -14934.00, -14816.94, -17908
34958, -14940.00, -14823.69, -17656
34964, -14948.00, -14831.61, -17403
34969, -14956.00, -14839.39, -17183
34974, -14963.00, -14846.30, -16959
34979, -14970.00, -14853.50, -16695
34984, -14980.00, -14862.13, -16461
34990, -14987.00, -14869.90, -16251
34995, -14995.00, -14877.11, -16058
34999, -15000.00, -14883.72, -15877
35003, -15007.00, -14890.16, -15696
35008, -15014.00, -14896.85, -15520
35012, -15023.00, -14903.50, -15341
35017, -15029.00, -14910.70, -15148
35022, -15038.00, -14918.42, -14971
35027, -15046.00, -14925.56, -14810
35032, -15053.00, -14932.43, -14627
35037, -15059.00, -14940.36, -14427
35043, -15067.00, -14949.04, -14276
35047, -15074.00, -14955.88, -14115
35052, -15082.00, -14963.31, -13967
35057, -15089.00, -14970.26, -13816
35062, -15097.00, -14977.43, -13678
35066, -15105.00, -14984.17, -13494
35073, -15113.00, -14993.58, -13351
35077, -15120.00, -15000.69, -13202
35083, -15128.00, -15008.60, -13056
35088, -15135.00, -15016.37, -12906
35093, -15140.00, -15023.84, -12766
35098, -15149.00, -15031.37, -12627
35103, -15158.00, -15038.77, -12502
35108, -15165.00, -15045.60, -12358
35113, -15172.00, -15053.84, -12233
35118, -15180.00, -15060.55, -12115
35122, -15189.00, -15067.34, -11997
35127, -15194.00, -15074.23, -11865
35132, -15201.00, -15082.10, -11747
35136, -15208.00, -15088.78, -11628
35141, -15215.00, -15095.83, -11494
35146, -15223.00, -15103.77, -11369
35151, -15234.00, -15111.58, -11235
35157, -15240.00, -15119.67, -11115
35162, -15248.00, -15127.31, -11001
35166, -15254.00, -15134.07, -10857
35172, -15262.00, -15143.08, -10745
35177, -15272.00, -15149.93, -10625
35182, -15278.00, -15157.62, -10514
35186, -15283.00, -15164.29, -10394
35191, -15292.00, -15171.93, -10274
35196, -15299.00, -15179.22, -10153
35201, -15308.00, -15186.97, -10035
35206, -15313.00, -15194.27, -9918
35211, -15321.00, -15201.59, -9788
35217, -15332.00, -15209.98, -9676
35221, -15337.00, -15216.93, -9558
35226, -15343.00, -15224.28, -9438
35231, -15352.00, -15232.26, -9318
35236, -15360.00, -15239.60, -9196
35241, -15368.00, -15247.44, -9073
35246, -15374.00, -15255.08, -8938
35252, -15385.00, -15263.32, -8828
35256, -15390.00, -15270.09, -8700
35262, -15399.00, -15278.05, -8562
35267, -15408.00, -15286.62, -8444
35272, -15413.00, -15293.46, -8328
35276, -15419.00, -15300.27, -8213
35281, -15424.00, -15306.89, -8092
35286, -15433.00, -15313.84, -7952
35291, -15442.00, -15322.25, -7811
35296, -15450.00, -15330.02, -7690
35301, -15456.00, -15336.74, -7563
35305, -15461.00, -15343.78, -7440
35310, -15468.00, -15350.39, -7317
35314, -15475.00, -15357.02, -7186
35319, -15483.00, -15364.04, -7061
35324, -15490.00, -15370.60, -6934
35328, -15499.00, -15377.19, -6804
35332, -15505.00, -15383.94, -6672
35337, -15510.00, -15390.59, -6519
35342, -15518.00, -15398.08, -6377
35346, -15525.00, -15405.00, -6238
35351, -15530.00, -15411.59, -6088
35355, -15535.00, -15418.45, -5936
35360, -15543.00, -15425.34, -5762
35365, -15553.00, -15432.94, -5609
35370, -15559.00, -15439.73, -5452
35374, -15566.00, -15446.50, -5295
35379, -15574.00, -15453.20, -5129
35383, -15582.00, -15460.08, -4937
35388, -15589.00, -15468.11, -4760
35393, -15596.00, -15474.83, -4561
35398, -15604.00, -15482.66, -4314
35404, -15612.00, -15491.88, -4099
35409, -15619.00, -15499.38, -3882
35414, -15626.00, -15507.07, -3603
35420, -15634.00, -15516.02, -3358
35425, -15642.00, -15523.70, -3097
35431, -15649.00, -15531.67, -2825
35436, -15658.00, -15539.71, -2535
35441, -15667.00, -15547.76, -2288
35446, -15671.00, -15554.43, -2037
35450, -15681.00, -15561.02, -1771
35455, -15686.00, -15567.83, -1488
35460, -15693.00, -15574.79, -1211
35464, -15701.00, -15581.59, -881
35470, -15707.00, -15589.82, -543
35475, -15716.00, -15597.55, -268
35480, -15724.00, -15604.52, 69
35485, -15729.00, -15612.65, 368
35490, -15738.00, -15620.16, 675
35496, -15744.00, -15628.01, 1002
35502, -15755.00, -15636.75, 1281
35507, -15761.00, -15644.16, 1553
35512, -15770.00, -15652.17, 1794
35516, -15775.00, -15658.60, 2086
35522, -15786.00, -15667.20, 2305
35527, -15790.00, -15673.84, 2579
35532, -15802.00, -15682.37, 2796
35537, -15806.00, -15689.08, 3023
35542, -15813.00, -15696.37, 3226
35546, -15818.00, -15703.08, 3452
35552, -15826.00, -15710.54, 3649
35556, -15833.00, -15717.20, 3866
35561, -15839.00, -15724.66, 4060
35566, -15847.00, -15731.34, 4243
35570, -15853.00, -15737.74, 4436
35575, -15859.00, -15744.69, 4624
35580, -15868.00, -15751.71, 4827
35585, -15874.00, -15759.15, 5023
35590, -15880.00, -15766.47, 5232
35596, -15889.00, -15774.22, 5440
35601, -15897.00, -15782.39, 5609
35606, -15903.00, -15788.72, 5802
35611, -15910.00, -15796.49, 5970
35616, -15917.00, -15803.17, 6143
35621, -15926.00, -15809.92, 6302
35625, -15933.00, -15816.57, 6455
35630, -15939.00, -15823.09, 6620
35634, -15944.00, -15829.91, 6772
35639, -15954.00, -15836.39, 6929
35643, -15959.00, -15843.35, 7111
35649, -15966.00, -15851.13, 7283
35654, -15974.00, -15858.67, 7457
35659, -15982.00, -15865.80, 7606
35663, -15988.00, -15872.25, 7784
35669, -15994.00, -15880.07, 7946
35674, -16003.00, -15887.07, 8107
35678, -16008.00, -15893.94, 8255
35683, -16014.00, -15900.28, 8431
35688, -16022.00, -15908.16, 8609
35694, -16031.00, -15915.74, 8776
35699, -16037.00, -15923.22, 8947
35704, -16045.00, -15930.62, 9099
35708, -16051.00, -15936.97, 9267
35714, -16059.00, -15944.32, 9438
35719, -16065.00, -15951.71, 9599
35723, -16072.00, -15958.45, 9766
35729, -16079.00, -15965.70, 9937
35733, -16087.00, -15972.82, 10092
35738, -16093.00, -15979.29, 10252
35743, -16099.00, -15986.10, 10430
35748, -16106.00, -15993.44, 10604
35753, -16114.00, -16000.50, 10764
35758, -16119.00, -16007.08, 10944
35763, -16127.00, -16014.41, 11127
35768, -16135.00, -16021.82, 11289
35772, -16139.00, -16027.96, 11447
35777, -16144.00, -16034.07, 11618
35782, -16152.00, -16040.66, 11783
35786, -16160.00, -16046.92, 11943
35790, -16165.00, -16053.04, 12113
35795, -16173.00, -16059.47, 12293
35800, -16182.00, -16066.39, 12474
35804, -16188.00, -16073.01, 12649
35809, -16195.00, -16079.39, 12853
35814, -16202.00, -16086.80, 13039
35818, -16209.00, -16093.48, 13278
35824, -16218.00, -16101.94, 13486
35829, -16225.00, -16109.22, 13692
35834, -16233.00, -16116.17, 13944
35840, -16240.00, -16125.06, 14228
35846, -16247.00, -16133.72, 14473
35851, -16255.00, -16141.46, 14678
35856, -16260.00, -16147.80, 14956
35862, -16270.00, -16156.05, 15254
35868, -16281.00, -16165.10, 15538
35874, -16291.00, -16173.72, 15791
35879, -16298.00, -16181.80, 16022
35884, -16306.00, -16188.91, 16225
35889, -16312.00, -16195.50, 16449
35894, -16319.00, -16202.85, 16697
35900, -16330.00, -16211.49, 16897
35904, -16337.00, -16218.40, 17089
35909, -16342.00, -16225.29, 17290
35914, -16350.00, -16232.65, 17462
35918, -16355.00, -16239.01, 17654
35924, -16365.00, -16247.12, 17860
35929, -16372.00, -16254.75, 18047
35934, -16381.00, -16262.32, 18240
35940, -16388.00, -16270.46, 18419
35945, -16396.00, -16278.34, 18587
35950, -16404.00, -16285.61, 18765
35955, -16412.00, -16293.46, 18923
35960, -16419.00, -16300.70, 19091
35965, -16427.00, -16308.42, 19254
35970, -16434.00, -16316.31, 19393
35975, -16442.00, -16322.92, 19552
35980, -16450.00, -16330.90, 19685
35985, -16456.00, -16337.55, 19837
35990, -16464.00, -16345.80, 19974
35995, -16472.00, -16352.58, 20120
36000, -16479.00, -16360.11, 20291
36006, -16487.00, -16369.23, 20428
36011, -16495.00, -16376.61, 20562
36016, -16503.00, -16383.87, 20714
36021, -16509.00, -16392.20, 20841
36026, -16517.00, -16399.24, 20980
36031, -16525.00, -16406.96, 21137
36037, -16532.00, -16415.77, 21251
36042, -16540.00, -16422.19, 21370
36046, -16548.00, -16429.17, 21522
36052, -16556.00, -16437.93, 21652
36057, -16563.00, -16445.42, 21805
36063, -16572.00, -16454.32, 21950
36069, -16583.00, -16463.17, 22081
36074, -16590.00, -16470.92, 22205
36079, -16598.00, -16478.46, 22335
36085, -16606.00, -16486.30, 22468
36090, -16614.00, -16494.49, 22582
36095, -16621.00, -16501.44, 22695
36099, -16617.00, -16508.09, 22768
36104, -16611.00, -16513.91, 22794
36108, -16604.00, -16519.07, 22786
36113, -16597.00, -16523.79, 22749
36118, -16589.00, -16528.26, 22690
36123, -16583.00, -16531.78, 22600
36129, -16572.00, -16535.12, 22503
36135, -16563.00, -16537.26, 22412
36140, -16558.00, -16538.56, 22319
36144, -16551.00, -16539.43, 22208
36149, -16545.00, -16539.96, 22088
36154, -16536.00, -16540.00, 21978
36159, -16528.00, -16539.53, 21855
36164, -16520.00, -16538.54, 21721
36170, -16511.00, -16536.97, 21608
36175, -16506.00, -16535.37, 21477
36180, -16496.00, -16533.14, 21338
36185, -16488.00, -16530.38, 21213
36190, -16480.00, -16527.58, 21084
36195, -16475.00, -16524.50, 20930
36201, -16465.00, -16520.54, 20794
36207, -16458.00, -16516.85, 20657
36212, -16451.00, -16512.91, 20537
36216, -16444.00, -16509.34, 20410
36221, -16436.00, -16505.45, 20290
36225, -16429.00, -16501.42, 20150
36230, -16421.00, -16496.78, 20025
36235, -16416.00, -16492.57, 19878
36240, -16406.00, -16487.47, 19747
36245, -16401.00, -16482.71, 19588
36250, -16390.00, -16476.96, 19439
36255, -16385.00, -16471.62, 19286
36260, -16376.00, -16465.86, 19135
36265, -16370.00, -16460.63, 18985
36269, -16364.00, -16455.22, 18835
36274, -16358.00, -16449.84, 18650
36280, -16347.00, -16443.15, 18496
36284, -16341.00, -16437.64, 18318
36290, -16334.00, -16431.17, 18134
36295, -16325.00, -16424.93, 17970
36299, -16319.00, -16419.32, 17796
36304, -16312.00, -16413.16, 17606
36309, -16305.00, -16406.96, 17416
36314, -16298.00, -16400.70, 17236
36318, -16291.00, -16394.96, 17039
36323, -16282.00, -16388.49, 16811
36328, -16275.00, -16381.26, 16592
36333, -16267.00, -16374.79, 16340
36339, -16260.00, -16367.14, 16072
36345, -16250.00, -16359.49, 15792
36350, -16240.00, -16351.33, 15548
36355, -16231.00, -16344.19, 15319
36360, -16227.00, -16337.56, 15103
36365, -16219.00, -16331.33, 14832
36370, -16210.00, -16323.16, 14616
36375, -16204.00, -16316.76, 14409
36379, -16199.00, -16310.46, 14205
36384, -16192.00, -16304.16, 13953
36389, -16184.00, -16296.36, 13758
36394, -16178.00, -16290.11, 13545
36399, -16172.00, -16283.16, 13340
36403, -16164.00, -16276.65, 13147
36408, -16156.00, -16270.12, 12959
36412, -16150.00, -16263.68, 12768
36417, -16141.00, -16256.93, 12574
36422, -16133.00, -16249.87, 12393
36426, -16125.00, -16243.44, 12220
36431, -16119.00, -16236.96, 12016
36436, -16112.00, -16229.07, 11828
36441, -16104.00, -16222.11, 11653
36445, -16098.00, -16215.55, 11435
36451, -16088.00, -16206.80, 11240
36456, -16082.00, -16199.19, 11016
36462, -16075.00, -16190.19, 10849
36467, -16066.00, -16183.76, 10631
36473, -16058.00, -16175.00, 10412
36479, -16050.00, -16166.12, 10192
36485, -16042.00, -16157.33, 10024
36489, -16034.00, -16150.51, 9855
36494, -16027.00, -16143.36, 9672
36499, -16020.00, -16135.90, 9513
36504, -16014.00, -16129.46, 9340
36509, -16007.00, -16122.25, 9142
36515, -15997.00, -16114.01, 8958
36520, -15989.00, -16106.45, 8799
36524, -15984.00, -16099.77, 8646
36529, -15977.00, -16093.42, 8490
36533, -15969.00, -16086.81, 8332
36538, -15963.00, -16080.10, 8168
36542, -15953.00, -16073.00, 7982
36548, -15946.00, -16065.10, 7817
36552, -15939.00, -16057.90, 7650
36557, -15932.00, -16051.11, 7467
36562, -15923.00, -16043.24, 7292
36567, -15916.00, -16035.79, 7092
36573, -15909.00, -16027.36, 6880
36579, -15901.00, -16018.61, 6693
36584, -15894.00, -16011.10, 6498
36589, -15887.00, -16003.26, 6300
36595, -15878.00, -15995.33, 6114
36599, -15872.00, -15988.13, 5937
36604, -15864.00, -15981.21, 5714
36610, -15854.00, -15972.43, 5516
36615, -15847.00, -15965.03, 5284
36621, -15837.00, -15956.06, 5089
36626, -15830.00, -15948.81, 4887
36631, -15820.00, -15940.74, 4682
36636, -15814.00, -15933.70, 4482
36641, -15807.00, -15926.39, 4268
36646, -15799.00, -15918.78, 4074
36650, -15794.00, -15912.17, 3844
36656, -15785.00, -15904.28, 3612
36661, -15778.00, -15896.40, 3344
36667, -15767.00, -15887.46, 3123
36672, -15760.00, -15880.27, 2890
36676, -15753.00, -15872.91, 2612
36682, -15743.00, -15864.22, 2324
36688, -15736.00, -15855.57, 2049
36693, -15730.00, -15847.51, 1728
36699, -15722.00, -15838.71, 1460
36704, -15714.00, -15831.42, 1172
36709, -15704.00, -15823.94, 883
36714, -15697.00, -15816.25, 539
36720, -15690.00, -15808.02, 263
36724, -15682.00, -15801.31, -115
36730, -15673.00, -15792.27, -462
36736, -15662.00, -15783.97, -759
36740, -15657.00, -15777.13, -1084
36746, -15649.00, -15769.20, -1422
36751, -15639.00, -15760.71, -1719
36756, -15633.00, -15753.65, -1980
36760, -15626.00, -15746.86, -2237
36765, -15620.00, -15740.06, -2480
36769, -15612.00, -15733.37, -2732
36774, -15607.00, -15726.03, -3008
36779, -15597.00, -15718.21, -3235
36784, -15590.00, -15711.30, -3447
36788, -15582.00, -15704.54, -3659
36793, -15573.00, -15697.58, -3903
36798, -15569.00, -15688.82, -4112
36803, -15561.00, -15681.96, -4323
36808, -15552.00, -15674.10, -4563
36814, -15546.00, -15665.17, -4778
36820, -15539.00, -15657.00, -4952
36824, -15531.00, -15649.97, -5149
36830, -15525.00, -15641.89, -5323
36835, -15517.00, -15634.57, -5487
36839, -15510.00, -15627.45, -5641
36844, -15504.00, -15620.60, -5819
36850, -15496.00, -15612.42, -5982
36855, -15488.00, -15604.69, -6129
36860, -15481.00, -15598.01, -6283
36865, -15474.00, -15590.32, -6422
36869, -15467.00, -15583.69, -6558
36874, -15461.00, -15576.86, -6730
36880, -15452.00, -15568.13, -6867
36885, -15445.00, -15561.08, -6992
36889, -15438.00, -15554.57, -7126
36894, -15432.00, -15547.22, -7257
36899, -15423.00, -15540.30, -7382
36904, -15418.00, -15533.27, -7512
36909, -15408.00, -15526.14, -7639
36914, -15403.00, -15518.81, -7758
36918, -15396.00, -15512.38, -7871
36923, -15388.00, -15505.91, -7984
36927, -15382.00, -15499.28, -8099
36932, -15377.00, -15492.50, -8228
36937, -15368.00, -15484.83, -8355
36942, -15361.00, -15477.43, -8469
36947, -15356.00, -15470.45, -8598
36952, -15346.00, -15462.86, -8707
36957, -15340.00, -15456.12, -8842
36962, -15331.00, -15447.78, -8948
36967, -15325.00, -15441.19, -9059
36972, -15319.00, -15434.20, -9180
36977, -15310.00, -15426.51, -9304
36982, -15303.00, -15418.84, -9412
36987, -15297.00, -15412.01, -9523
36992, -15289.00, -15404.42, -9649
36997, -15281.00, -15396.89, -9769
37002, -15273.00, -15389.43, -9874
37007, -15267.00, -15382.83, -9987
37012, -15262.00, -15375.69, -10107
37017, -15254.00, -15368.34, -10233
37023, -15244.00, -15360.22, -10348
37028, -15236.00, -15352.84, -10472
37033, -15229.00, -15345.05, -10593
37038, -15221.00, -15337.49, -10698
37043, -15215.00, -15330.89, -10816
37048, -15207.00, -15323.17, -10927
37053, -15200.00, -15316.33, -11044
37058, -15194.00, -15309.06, -11166
37063, -15186.00, -15301.67, -11291
37068, -15178.00, -15293.73, -11402
37073, -15170.00, -15286.89, -11526
37078, -15163.00, -15279.26, -11636
37083, -15158.00, -15272.48, -11758
37088, -15150.00, -15265.23, -11884
37093, -15145.00, -15258.02, -12026
37099, -15134.00, -15249.63, -12150
37104, -15127.00, -15242.31, -12272
37108, -15120.00, -15235.48, -12404
37114, -15113.00, -15227.64, -12544
37119, -15106.00, -15219.68, -12671
37124, -15097.00, -15213.00, -12802
37129, -15090.00, -15205.40, -12938
37134, -15082.00, -15197.92, -13067
37139, -15077.00, -15191.17, -13193
37144, -15069.00, -15184.42, -13343
37149, -15062.00, -15176.65, -13476
37154, -15054.00, -15169.61, -13624
37159, -15047.00, -15162.17, -13762
37164, -15042.00, -15155.42, -13913
37169, -15033.00, -15148.09, -14059
37174, -15029.00, -15141.08, -14219
37179, -15019.00, -15133.63, -14367
37184, -15014.00, -15126.81, -14519
37188, -15008.00, -15120.20, -14664
37193, -15000.00, -15113.85, -14810
37197, -14997.00, -15107.58, -14964
37202, -14990.00, -15101.29, -15136
37207, -14984.00, -15094.11, -15323
37212, -14977.00, -15086.83, -15498
37217, -14969.00, -15080.19, -15679
37222, -14963.00, -15073.49, -15902
37228, -14954.00, -15065.27, -16088
37232, -14948.00, -15058.74, -16305
37238, -14939.00, -15051.31, -16496
37242, -14934.00, -15044.90, -16727
37248, -14925.00, -15037.17, -16929
37252, -14922.00, -15030.82, -17162
37258, -14912.00, -15023.23, -17382
37263, -14905.00, -15016.43, -17607
37268, -14896.00, -15008.61, -17835
37273, -14889.00, -15001.91, -18075
37279, -14880.00, -14993.91, -18305
37284, -14872.00, -14986.12, -18498
37289, -14866.00, -14979.73, -18706
37294, -14858.00, -14972.51, -18895
37298, -14855.00, -14966.10, -19079
37303, -14848.00, -14959.80, -19277
37308, -14840.00, -14952.50, -19468
37312, -14834.00, -14946.03, -19651
37317, -14829.00, -14939.46, -19832
37322, -14821.00, -14932.92, -20027
37327, -14814.00, -14925.76, -20202
37331, -14806.00, -14919.37, -20429
37337, -14798.00, -14910.86, -20609
37342, -14791.00, -14903.95, -20807
37348, -14782.00, -14896.29, -20976
37352, -14775.00, -14889.55, -21142
37357, -14770.00, -14883.11, -21303
37361, -14764.00, -14876.74, -21514
37367, -14754.00, -14868.16, -21679
37372, -14749.00, -14861.56, -21849
37377, -14740.00, -14854.68, -22057
37383, -14732.00, -14846.21, -22233
37388, -14724.00, -14838.91, -22392
37392, -14717.00, -14832.26, -22571
37398, -14709.00, -14824.70, -22733
37402, -14701.00, -14817.82, -22889
37407, -14696.00, -14811.26, -23041
37411, -14690.00, -14804.73, -23194
37416, -14683.00, -14798.29, -23373
37421, -14676.00, -14790.67, -23550
37426, -14667.00, -14782.97, -23742
37432, -14658.00, -14774.80, -23935
37437, -14652.00, -14766.83, -24093
37442, -14644.00, -14759.91, -24275
37447, -14637.00, -14752.35, -24464
37453, -14628.00, -14744.35, -24675
37459, -14616.00, -14735.27, -24833
37463, -14611.00, -14728.67, -24990
37468, -14605.00, -14722.00, -25150
37473, -14598.00, -14715.10, -25358
37479, -14587.00, -14706.32, -25560
37484, -14579.00, -14697.71, -25730
37489, -14572.00, -14690.61, -25945
37495, -14562.00, -14681.61, -26125
37500, -14555.00, -14673.87, -26301
37505, -14549.00, -14667.22, -26519
37511, -14540.00, -14658.53, -26732
37516, -14534.00, -14650.09, -26923
37521, -14525.00, -14642.79, -27096
37526, -14517.00, -14636.18, -27284
37530, -14510.00, -14629.06, -27472
37535, -14503.00, -14622.04, -27657
37540, -14496.00, -14615.32, -27863
37545, -14487.00, -14607.51, -28072
37550, -14482.00, -14600.25, -28274
37554, -14473.00, -14593.02, -28475
37559, -14469.00, -14586.35, -28703
37564, -14461.00, -14578.68, -28948
37570, -14451.00, -14570.61, -29185
37575, -14445.00, -14563.09, -29452
37580, -14433.00, -14554.70, -29701
37585, -14426.00, -14546.75, -29956
37590, -14420.00, -14539.34, -30255
37596, -14411.00, -14530.63, -30537
37601, -14405.00, -14522.85, -30815
37606, -14397.00, -14515.37, -31117
37612, -14388.00, -14507.61, -31443
37617, -14381.00, -14499.17, -31744
37622, -14373.00, -14492.35, -32086
37627, -14365.00, -14484.05, -32412
37632, -14357.00, -14477.04, -32766
37637, -14350.00, -14469.23, -33121
37642, -14342.00, -14461.51, -33445
37647, -14333.00, -14454.52, -33785
37652, -14326.00, -14446.95, -34113
37657, -14319.00, -14439.78, -34469
37662, -14310.00, -14431.57, -34823
37668, -14303.00, -14423.00, -35116
37672, -14297.00, -14415.77, -35440
37678, -14288.00, -14407.80, -35732
37683, -14279.00, -14400.00, -35981
37687, -14272.00, -14393.24, -36239
37692, -14265.00, -14385.77, -36528
37698, -14257.00, -14377.30, -36801
37703, -14249.00, -14369.08, -37085
37709, -14239.00, -14359.89, -37318
37714, -14232.00, -14352.36, -37570
37720, -14221.00, -14343.60, -37784
37725, -14214.00, -14335.94, -38003
37730, -14205.00, -14327.93, -38187
37735, -14199.00, -14320.98, -38364
37739, -14192.00, -14314.14, -38537
37744, -14186.00, -14307.28, -38726
37749, -14181.00, -14299.69, -38910
37754, -14171.00, -14292.21, -39082
37759, -14164.00, -14284.86, -39293
37765, -14154.00, -14275.57, -39486
37770, -14146.00, -14267.17, -39649
37775, -14138.00, -14259.65, -39815
37780, -14130.00, -14252.11, -39998
37786, -14120.00, -14243.16, -40154
37791, -14114.00, -14235.83, -40339
37797, -14105.00, -14226.76, -40487
37801, -14097.00, -14219.45, -40637
37806, -14089.00, -14211.95, -40774
37811, -14082.00, -14204.96, -40950
37817, -14072.00, -14195.75, -41087
37821, -14065.00, -14188.49, -41233
37826, -14059.00, -14180.80, -41363
37831, -14050.00, -14173.80, -41522
37836, -14042.00, -14165.28, -41646
37841, -14034.00, -14158.34, -41771
37845, -14028.00, -14151.43, -41901
37850, -14024.00, -14144.32, -42027
37854, -14017.00, -14137.44, -42164
37860, -14008.00, -14129.52, -42310
37865, -13999.00, -14121.40, -42458
37870, -13991.00, -14113.47, -42595
37875, -13984.00, -14105.81, -42740
37880, -13975.00, -14097.83, -42868
37885, -13969.00, -14090.62, -43004
37890, -13959.00, -14083.16, -43139
37895, -13952.00, -14075.35, -43276
37900, -13946.00, -14067.87, -43401
37904, -13938.00, -14061.04, -43527
37909, -13930.00, -14053.84, -43661
37914, -13924.00, -14046.35, -43805
37919, -13915.00, -14038.32, -43968
37924, -13907.00, -14029.57, -44124
37930, -13898.00, -14021.17, -44275
37935, -13887.00, -14012.86, -44427
37941, -13880.00, -14004.47, -44595
37946, -13868.00, -13995.15, -44733
37951, -13861.00, -13987.87, -44878
37956, -13854.00, -13979.94, -45022
37961, -13847.00, -13972.28, -45165
37965, -13840.00, -13965.18, -45317
37970, -13833.00, -13957.38, -45466
37975, -13824.00, -13949.83, -45615
37980, -13818.00, -13942.32, -45786
37985, -13809.00, -13933.89, -45945
37990, -13801.00, -13926.26, -46096
37995, -13795.00, -13919.06, -46269
38000, -13787.00, -13911.11, -46424
38005, -13780.00, -13903.73, -46605
38010, -13770.00, -13895.97, -46796
38015, -13763.00, -13887.40, -46988
38020, -13752.00, -13879.28, -47203
38026, -13743.00, -13870.08, -47384
38030, -13737.00, -13862.74, -47590
38036, -13726.00, -13854.10, -47795
38041, -13719.00, -13846.13, -48008
38046, -13710.00, -13837.77, -48215
38051, -13703.00, -13830.30, -48443
38056, -13695.00, -13821.74, -48665
38061, -13688.00, -13814.28, -48907
38066, -13676.00, -13805.60, -49140
38071, -13674.00, -13798.27, -49361
38075, -13665.00, -13791.18, -49672
38081, -13652.00, -13781.25, -49929
38086, -13645.00, -13773.17, -50167
38091, -13638.00, -13765.51, -50427
38096, -13631.00, -13757.38, -50688
38102, -13622.00, -13749.12, -50945
38107, -13612.00, -13740.78, -51239
38113, -13604.00, -13731.08, -51492
38118, -13597.00, -13722.68, -51703
38122, -13588.00, -13715.65, -51910
38127, -13581.00, -13708.56, -52116
38131, -13574.00, -13701.34, -52325
38136, -13567.00, -13693.94, -52525
38141, -13561.00, -13686.81, -52720
38145, -13555.00, -13679.82, -52951
38150, -13546.00, -13671.30, -53155
38155, -13538.00, -13663.75, -53355
38160, -13531.00, -13656.17, -53600
38166, -13520.00, -13646.76, -53795
38171, -13513.00, -13639.16, -53995
38176, -13503.00, -13630.93, -54177
38180, -13497.00, -13623.77, -54354
38185, -13490.00, -13616.41, -54573
38191, -13482.00, -13607.37, -54770
38196, -13472.00, -13599.23, -54962
38201, -13466.00, -13591.18, -55152
38206, -13456.00, -13583.04, -55330
38211, -13449.00, -13575.43, -55517
38216, -13440.00, -13567.32, -55697
38221, -13434.00, -13559.47, -55882
38226, -13426.00, -13551.34, -56064
38231, -13416.00, -13543.41, -56237
38236, -13410.00, -13535.93, -56400
38240, -13404.00, -13528.57, -56598
38246, -13393.00, -13519.92, -56762
38250, -13389.00, -13512.79, -56920
38255, -13380.00, -13505.85, -57113
38260, -13372.00, -13497.24, -57287
38265, -13364.00, -13489.68, -57467
38270, -13356.00, -13481.75, -57654
38275, -13347.00, -13473.29, -57816
38280, -13341.00, -13466.01, -57979
38285, -13333.00, -13458.88, -58144
38289, -13326.00, -13451.44, -58357
38295, -13317.00, -13442.11, -58518
38300, -13310.00, -13435.00, -58694
38305, -13301.00, -13427.22, -58893
38310, -13294.00, -13418.72, -59059
38314, -13286.00, -13411.65, -59246
38320, -13278.00, -13403.60, -59472
38326, -13269.00, -13393.90, -59660
38331, -13261.00, -13386.26, -59866
38336, -13252.00, -13377.93, -60053
38341, -13245.00, -13370.17, -60235
38345, -13238.00, -13362.87, -60419
38350, -13230.00, -13355.46, -60627
38355, -13221.00, -13347.49, -60826
38360, -13214.00, -13339.86, -61041
38365, -13207.00, -13331.54, -61239
38370, -13198.00, -13324.34, -61475
38375, -13190.00, -13315.67, -61680
38380, -13183.00, -13308.19, -61923
38385, -13174.00, -13299.76, -62125
38390, -13166.00, -13292.61, -62335
38394, -13159.00, -13285.47, -62552
38399, -13153.00, -13278.13, -62775
38404, -13142.00, -13270.80, -63030
38409, -13136.00, -13262.68, -63339
38415, -13128.00, -13253.13, -63578
38419, -13120.00, -13246.01, -63828
38424, -13111.00, -13238.61, -64104
38429, -13102.00, -13230.71, -64394
38434, -13094.00, -13222.33, -64686
38439, -13087.00, -13214.56, -64972
38444, -13079.00, -13206.89, -65285
38449, -13070.00, -13198.98, -65576
38453, -13064.00, -13191.80, -65890
38458, -13056.00, -13183.90, -66197
38462, -13049.00, -13176.57, -66511
38467, -13044.00, -13168.89, -66804
38472, -13035.00, -13161.51, -67109
38477, -13027.00, -13153.64, -67388
38481, -13021.00, -13146.48, -67653
38486, -13015.00, -13139.46, -67934
38491, -13005.00, -13131.63, -68228
38496, -12997.00, -13123.09, -68530
38502, -12987.00, -13114.36, -68760
38506, -12982.00, -13107.29, -68980
38511, -12973.00, -13100.23, -69205
38515, -12965.00, -13092.57, -69424
38520, -12957.00, -13085.27, -69659
38525, -12949.00, -13076.48, -69887
38531, -12942.00, -13068.34, -70080
38535, -12936.00, -13061.12, -70259
38540, -12927.00, -13054.14, -70463
38545, -12919.00, -13045.83, -70669
38550, -12910.00, -13037.20, -70849
38555, -12906.00, -13029.28, -71031
38560, -12897.00, -13021.51, -71210
38565, -12888.00, -13013.29, -71372
38570, -12881.00, -13005.92, -71567
38576, -12873.00, -12996.67, -71713
38581, -12866.00, -12989.54, -71887
38586, -12857.00, -12980.64, -72076
38592, -12848.00, -12971.29, -72253
38598, -12837.00, -12962.10, -72386
38603, -12832.00, -12955.17, -72548
38608, -12823.00, -12946.34, -72700
38614, -12814.00, -12938.02, -72838
38619, -12806.00, -12930.05, -72983
38624, -12799.00, -12921.60, -73113
38629, -12791.00, -12914.39, -73263
38635, -12782.00, -12905.58, -73384
38639, -12776.00, -12898.39, -73529
38645, -12769.00, -12889.71, -73651
38650, -12761.00, -12882.32, -73791
38655, -12755.00, -12874.03, -73904
38660, -12747.00, -12867.15, -74018
38664, -12738.00, -12860.21, -74131
38669, -12730.00, -12853.00, -74267
38675, -12723.00, -12844.29, -74381
38680, -12717.00, -12837.06, -74500
38685, -12709.00, -12829.45, -74605
38689, -12701.00, -12822.41, -74717
38694, -12695.00, -12815.11, -74824
38699, -12689.00, -12808.27, -74942
38704, -12679.00, -12800.21, -75064
38709, -12672.00, -12792.04, -75187
38714, -12665.00, -12784.29, -75291
38719, -12657.00, -12777.43, -75415
38725, -12650.00, -12769.13, -75522
38729, -12642.00, -12762.15, -75648
38735, -12635.00, -12754.13, -75759
38739, -12627.00, -12746.81, -75875
38744, -12620.00, -12739.20, -75980
38749, -12614.00, -12732.46, -76106
38755, -12606.00, -12724.24, -76218
38759, -12598.00, -12716.88, -76341
38765, -12591.00, -12708.92, -76454
38770, -12583.00, -12701.89, -76590
38776, -12577.00, -12692.92, -76703
38780, -12570.00, -12686.05, -76835
38786, -12561.00, -12677.77, -76978
38792, -12553.00, -12668.96, -77113
38798, -12545.00, -12660.77, -77226
38802, -12537.00, -12654.22, -77349
38807, -12529.00, -12646.36, -77505
38814, -12518.00, -12637.19, -77637
38819, -12509.00, -12629.17, -77751
38823, -12504.00, -12622.51, -77883
38829, -12496.00, -12614.49, -78029
38834, -12487.00, -12606.17, -78148
38839, -12479.00, -12599.30, -78263
38843, -12475.00, -12592.64, -78385
38848, -12469.00, -12585.86, -78508
38853, -12464.00, -12579.08, -78650
38858, -12456.00, -12571.51, -78802
38864, -12447.00, -12563.24, -78942
38869, -12439.00, -12555.75, -79088
38874, -12430.00, -12548.18, -79261
38880, -12419.00, -12539.12, -79401
38885, -12413.00, -12532.00, -79544
38889, -12407.00, -12524.77, -79703
38895, -12397.00, -12516.97, -79854
38899, -12392.00, -12510.04, -80018
38905, -12383.00, -12501.91, -80184
38910, -12377.00, -12494.62, -80355
38915, -12369.00, -12487.15, -80516
38919, -12363.00, -12480.31, -80692
38925, -12354.00, -12472.48, -80863
38929, -12349.00, -12465.86, -81050
38934, -12341.00, -12458.42, -81225
38939, -12335.00, -12451.45, -81423
38944, -12328.00, -12444.06, -81615
38949, -12322.00, -12437.29, -81801
38953, -12315.00, -12430.73, -81997
38958, -12309.00, -12423.93, -82196
38962, -12300.00, -12417.15, -82391
38967, -12294.00, -12410.29, -82619
38972, -12287.00, -12402.98, -82864
38978, -12281.00, -12394.93, -83071
38982, -12272.00, -12388.41, -83309
38988, -12264.00, -12380.35, -83533
38993, -12258.00, -12372.96, -83740
38998, -12249.00, -12365.97, -83927
39002, -12244.00, -12359.44, -84161
39008, -12236.00, -12351.36, -84346
39012, -12230.00, -12344.80, -84568
39018, -12220.00, -12336.85, -84810
39024, -12213.00, -12327.86, -84989
39028, -12205.00, -12321.30, -85212
39034, -12199.00, -12313.04, -85417
39039, -12189.00, -12305.21, -85586
39044, -12184.00, -12298.72, -85763
39049, -12176.00, -12291.73, -85960
39054, -12167.00, -12283.33, -86140
39059, -12161.00, -12276.73, -86321
39064, -12153.00, -12269.22, -86500
39069, -12146.00, -12262.12, -86675
39074, -12139.00, -12254.84, -86851
39079, -12131.00, -12247.55, -87030
39084, -12124.00, -12240.08, -87217
39090, -12115.00, -12232.20, -87401
39095, -12106.00, -12224.07, -87563
39100, -12099.00, -12217.04, -87738
39105, -12091.00, -12209.37, -87939
39111, -12082.00, -12200.58, -88109
39116, -12075.00, -12193.04, -88285
39121, -12069.00, -12185.43, -88491
39127, -12061.00, -12176.70, -88687
39133, -12052.00, -12168.25, -88851
39138, -12048.00, -12161.35, -89028
39143, -12038.00, -12153.48, -89199
39148, -12031.00, -12146.41, -89368
39153, -12023.00, -12139.28, -89549
39158, -12016.00, -12131.62, -89742
39164, -12007.00, -12123.15, -89913
39169, -11999.00, -12116.17, -90082
39174, -11991.00, -12108.60, -90256
39179, -11984.00, -12101.13, -90435
39184, -11975.00, -12093.92, -90594
39188, -11970.00, -12086.96, -90807
39195, -11959.00, -12077.82, -90993
39200, -11949.00, -12069.55, -91186
39205, -11943.00, -12061.65, -91377
39211, -11933.00, -12053.58, -91568
39216, -11924.00, -12045.50, -91741
39221, -11919.00, -12038.56, -91962
39227, -11910.00, -12029.54, -92165
39232, -11902.00, -12021.39, -92366
39237, -11894.00, -12013.51, -92602
39243, -11887.00, -12004.42, -92784
39248, -11880.00, -11997.69, -92962
39253, -11873.00, -11990.93, -93157
39257, -11865.00, -11983.81, -93360
39262, -11857.00, -11976.29, -93574
39267, -11851.00, -11968.90, -93785
39272, -11843.00, -11961.58, -93994
39277, -11835.00, -11954.52, -94221
39282, -11827.00, -11946.76, -94440
39287, -11820.00, -11939.39, -94733
39293, -11810.00, -11930.17, -94951
39298, -11804.00, -11923.16, -95211
39303, -11797.00, -11915.41, -95436
39307, -11790.00, -11908.81, -95688
39312, -11781.00, -11901.41, -95978
39318, -11774.00, -11893.26, -96289
39323, -11764.00, -11884.76, -96560
39328, -11759.00, -11877.45, -96849
39333, -11751.00, -11870.17, -97123
39338, -11744.00, -11863.28, -97472
39343, -11735.00, -11854.75, -97765
39348, -11728.00, -11847.88, -98107
39353, -11720.00, -11840.04, -98422
39358, -11714.00, -11833.12, -98814
39364, -11706.00, -11824.49, -99144
39368, -11698.00, -11817.35, -99520
39374, -11690.00, -11809.02, -99809
39378, -11683.00, -11802.46, -100089
39383, -11674.00, -11795.50, -100382
39388, -11669.00, -11788.43, -100666
39392, -11661.00, -11781.44, -100934
39397, -11653.00, -11774.46, -101189
39401, -11644.00, -11767.35, -101481
39407, -11639.00, -11759.13, -101796
39413, -11631.00, -11750.06, -102027
39418, -11624.00, -11743.08, -102294
39423, -11616.00, -11734.86, -102508
39427, -11608.00, -11728.13, -102758
39433, -11603.00, -11719.95, -103000
39439, -11593.00, -11711.72, -103190
39443, -11586.00, -11705.06, -103375
39448, -11580.00, -11698.34, -103573
39453, -11571.00, -11690.64, -103764
39457, -11564.00, -11683.61, -103948
39462, -11557.00, -11676.31, -104137
39467, -11550.00, -11668.98, -104317
39472, -11542.00, -11661.71, -104485
39477, -11533.00, -11654.59, -104674
39482, -11525.00, -11646.17, -104861
39487, -11520.00, -11638.15, -105027
39493, -11511.00, -11630.50, -105179
39497, -11503.00, -11623.81, -105324
39502, -11497.00, -11617.02, -105475
39506, -11491.00, -11609.90, -105616
39511, -11484.00, -11603.17, -105772
39516, -11475.00, -11595.23, -105926
39521, -11469.00, -11588.01, -106084
39526, -11461.00, -11579.89, -106232
39531, -11452.00, -11572.52, -106364
39536, -11447.00, -11565.68, -106497
39540, -11442.00, -11559.07, -106663
39546, -11431.00, -11550.30, -106793
39551, -11426.00, -11543.64, -106917
39555, -11419.00, -11536.96, -107046
39560, -11412.00, -11530.14, -107178
39565, -11404.00, -11522.67, -107302
39569, -11398.00, -11516.00, -107444
39575, -11391.00, -11507.97, -107567
39579, -11383.00, -11501.27, -107684
39584, -11375.00, -11494.71, -107804
39588, -11367.00, -11487.70, -107964
39594, -11359.00, -11478.35, -108106
39599, -11350.00, -11470.81, -108232
39604, -11345.00, -11463.69, -108353
39609, -11337.00, -11456.96, -108471
39613, -11330.00, -11450.25, -108594
39618, -11321.00, -11443.31, -108729
39623, -11313.00, -11435.25, -108862
39628, -11307.00, -11427.90, -109003
39633, -11297.00, -11419.99, -109136
39638, -11291.00, -11412.19, -109299
39644, -11283.00, -11403.11, -109431
39649, -11277.00, -11396.00, -109573
39654, -11267.00, -11388.08, -109747
39660, -11259.00, -11378.55, -109885
39665, -11250.00, -11371.22, -110054
39671, -11240.00, -11361.96, -110206
39676, -11233.00, -11354.36, -110338
39681, -11227.00, -11347.40, -110474
39685, -11219.00, -11340.02, -110612
39690, -11213.00, -11333.24, -110745
39694, -11204.00, -11326.36, -110888
39699, -11197.00, -11319.15, -111019
39704, -11189.00, -11312.40, -111155
39708, -11181.00, -11305.50, -111297
39713, -11176.00, -11298.44, -111441
39717, -11167.00, -11291.42, -111608
39722, -11159.00, -11283.06, -111761
39727, -11152.00, -11275.89, -111911
39731, -11147.00, -11269.05, -112077
39736, -11140.00, -11261.60, -112260
39742, -11131.00, -11253.28, -112476
39748, -11120.00, -11243.69, -112668
39753, -11113.00, -11235.37, -112846
39758, -11104.00, -11228.17, -113062
39764, -11097.00, -11218.93, -113273
39769, -11088.00, -11211.13, -113484
39774, -11081.00, -11203.18, -113719
39780, -11074.00, -11194.33, -113936
39785, -11066.00, -11186.61, -114216
39791, -11054.00, -11177.22, -114456
39796, -11047.00, -11169.18, -114679
39801, -11040.00, -11161.68, -114940
39806, -11032.00, -11153.88, -115192
39812, -11025.00, -11145.87, -115459
39817, -11015.00, -11138.04, -115725
39822, -11008.00, -11129.91, -115959
39827, -11001.00, -11122.66, -116218
39832, -10992.00, -11114.66, -116448
39837, -10984.00, -11106.89, -116676
39842, -10978.00, -11099.86, -116921
39847, -10970.00, -11092.00, -117140
39851, -10963.00, -11084.80, -117416
39857, -10952.00, -11075.47, -117646
39863, -10944.00, -11067.26, -117859
39867, -10937.00, -11060.13, -118137
39874, -10927.00, -11050.23, -118372
39880, -10919.00, -11041.36, -118579
39884, -10912.00, -11033.83, -118803
39890, -10905.00, -11025.70, -119079
39897, -10896.00, -11015.39, -119270
39902, -10888.00, -11007.86, -119463
39906, -10880.00, -11000.95, -119667
39912, -10870.00, -10992.62, -119850
39916, -10864.00, -10985.50, -120028
39921, -10856.00, -10978.18, -120223
39926, -10850.00, -10970.62, -120442
39932, -10840.00, -10961.75, -120611
39936, -10832.00, -10954.78, -120777
39941, -10827.00, -10947.59, -120956
39946, -10818.00, -10940.43, -121125
39950, -10813.00, -10933.31, -121306
39955, -10805.00, -10925.76, -121475
39960, -10798.00, -10918.55, -121638
39965, -10789.00, -10911.48, -121799
39969, -10781.00, -10904.62, -121972
39974, -10774.00, -10897.16, -122152
39979, -10766.00, -10889.23, -122323
39984, -10758.00, -10881.89, -122492
39989, -10752.00, -10874.31, -122717
39995, -10744.00, -10864.70, -122878
40000, -10736.00, -10857.66, -123056
40005, -10729.00, -10849.86, -123249
40010, -10721.00, -10841.59, -123427
40015, -10713.00, -10834.20, -123600
40020, -10704.00, -10826.66, -123758
40025, -10698.00, -10819.80, -123918
40029, -10690.00, -10812.83, -124082
40034, -10685.00, -10805.91, -124244
40038, -10677.00, -10799.05, -124405
40042, -10673.00, -10792.41, -124570
40047, -10667.00, -10785.60, -124739
40052, -10657.00, -10778.40, -124926
40057, -10652.00, -10770.90, -125127
40062, -10645.00, -10763.13, -125300
40067, -10636.00, -10756.30, -125500
40072, -10627.00, -10748.26, -125678
40076, -10621.00, -10741.21, -125882
40082, -10615.00, -10733.67, -126071
40086, -10607.00, -10726.40, -126248
40091, -10598.00, -10719.78, -126502
40097, -10589.00, -10710.14, -126739
40103, -10587.00, -10701.77, -126876
40107, -10593.00, -10695.49, -126937
40113, -10600.00, -10689.11, -126930
40117, -10606.00, -10684.15, -126873
40122, -10613.00, -10679.73, -126785
40127, -10621.00, -10675.99, -126671
40132, -10628.00, -10673.01, -126535
40137, -10636.00, -10670.45, -126371
40142, -10644.00, -10668.46, -126197
40148, -10651.00, -10667.08, -126043
40152, -10658.00, -10666.40, -125892
40157, -10663.00, -10666.08, -125739
40161, -10673.00, -10666.18, -125582
40166, -10678.00, -10666.70, -125424
40170, -10685.00, -10667.53, -125247
40175, -10693.00, -10668.82, -125058
40180, -10700.00, -10670.64, -124886
40185, -10709.00, -10672.67, -124723
40190, -10715.00, -10674.87, -124544
40195, -10723.00, -10677.64, -124373
40200, -10730.00, -10680.71, -124210
40205, -10738.00, -10683.76, -124004
40211, -10744.00, -10687.92, -123852
40215, -10752.00, -10691.18, -123660
40221, -10758.00, -10695.64, -123503
40226, -10766.00, -10699.40, -123324
40231, -10774.00, -10703.87, -123149
40236, -10781.00, -10708.48, -122974
40241, -10789.00, -10713.27, -122817
40246, -10795.00, -10717.72, -122667
40251, -10802.00, -10722.22, -122490
40256, -10810.00, -10727.63, -122332
40260, -10819.00, -10732.44, -122167
40265, -10825.00, -10737.67, -121994
40270, -10832.00, -10743.41, -121803
40276, -10839.00, -10749.55, -121648
40280, -10846.00, -10754.79, -121476
40286, -10853.00, -10760.70, -121275
40291, -10860.00, -10767.27, -121115
40296, -10868.00, -10772.68, -120940
40301, -10876.00, -10778.88, -120746
40306, -10884.00, -10785.62, -120546
40312, -10891.00, -10792.44, -120370
40317, -10898.00, -10798.71, -120186
40322, -10906.00, -10805.26, -119971
40328, -10914.00, -10812.43, -119801
40333, -10921.00, -10818.57, -119618
40337, -10928.00, -10824.84, -119405
40343, -10937.00, -10832.23, -119232
40348, -10943.00, -10838.10, -119010
40354, -10952.00, -10845.97, -118780
40359, -10963.00, -10853.75, -118569
40364, -10971.00, -10860.94, -118369
40370, -10980.00, -10868.03, -118151
40375, -10986.00, -10875.28, -117961
40379, -10992.00, -10881.54, -117746
40384, -11000.00, -10888.48, -117499
40390, -11009.00, -10896.60, -117260
40395, -11017.00, -10904.27, -117052
40400, -11025.00, -10910.64, -116813
40405, -11032.00, -10918.08, -116564
40410, -11040.00, -10925.67, -116342
40415, -11047.00, -10932.12, -116090
40420, -11055.00, -10939.49, -115774
40426, -11063.00, -10948.78, -115532
40431, -11070.00, -10955.69, -115286
40436, -11076.00, -10962.82, -115052
40441, -11085.00, -10969.73, -114830
40446, -11093.00, -10976.72, -114538
40452, -11101.00, -10985.84, -114332
40457, -11109.00, -10992.45, -114119
40462, -11118.00, -10999.73, -113900
40467, -11123.00, -11007.35, -113704
40471, -11131.00, -11014.13, -113511
40476, -11139.00, -11021.12, -113318
40481, -11147.00, -11028.40, -113136
40486, -11154.00, -11035.36, -112951
40491, -11161.00, -11042.70, -112781
40495, -11168.00, -11049.66, -112600
40500, -11177.00, -11057.17, -112433
40505, -11183.00, -11064.24, -112246
40510, -11190.00, -11072.22, -112086
40515, -11199.00, -11079.42, -111933
40520, -11206.00, -11086.23, -111776
40525, -11211.00, -11093.37, -111590
40530, -11221.00, -11102.10, -111448
40535, -11229.00, -11108.90, -111283
40540, -11237.00, -11117.13, -111142
40545, -11242.00, -11123.90, -110997
40550, -11248.00, -11130.89, -110850
40555, -11256.00, -11138.19, -110693
40560, -11268.00, -11146.60, -110551
40565, -11274.00, -11153.73, -110411
40570, -11281.00, -11161.12, -110260
40575, -11290.00, -11168.89, -110111
40580, -11298.00, -11177.04, -109981
40585, -11304.00, -11183.94, -109840
40590, -11311.00, -11191.67, -109712
40594, -11317.00, -11198.35, -109584
40599, -11324.00, -11205.09, -109456
40604, -11332.00, -11212.06, -109301
40609, -11340.00, -11220.61, -109165
40614, -11348.00, -11227.95, -109036
40619, -11356.00, -11235.14, -108903
40624, -11362.00, -11242.38, -108767
40629, -11371.00, -11249.94, -108646
40633, -11377.00, -11256.60, -108516
40638, -11386.00, -11263.96, -108386
40643, -11393.00, -11271.34, -108257
40647, -11401.00, -11278.27, -108128
40652, -11409.00, -11285.75, -107959
40658, -11417.00, -11295.09, -107822
40663, -11424.00, -11303.03, -107671
40669, -11433.00, -11311.39, -107527
40674, -11440.00, -11319.17, -107398
40679, -11448.00, -11326.23, -107262
40684, -11456.00, -11333.85, -107094
40689, -11465.00, -11342.86, -106957
40694, -11472.00, -11350.01, -106816
40699, -11481.00, -11357.76, -106673
40704, -11488.00, -11365.19, -106533
40709, -11498.00, -11372.71, -106393
40713, -11503.00, -11379.97, -106256
40718, -11511.00, -11387.12, -106091
40723, -11518.00, -11395.21, -105923
40729, -11526.00, -11403.91, -105747
40734, -11536.00, -11412.12, -105560
40740, -11544.00, -11421.26, -105375
40746, -11554.00, -11430.06, -105179
40752, -11564.00, -11439.23, -105013
40757, -11573.00, -11446.92, -104824
40762, -11580.00, -11455.92, -104645
40767, -11588.00, -11463.90, -104467
40772, -11596.00, -11471.37, -104301
40777, -11602.00, -11478.35, -104134
40781, -11608.00, -11485.25, -103957
40786, -11615.00, -11492.61, -103776
40790, -11622.00, -11499.52, -103591
40795, -11628.00, -11506.56, -103345
40801, -11639.00, -11515.96, -103147
40806, -11645.00, -11522.90, -102939
40810, -11652.00, -11530.18, -102729
40815, -11657.00, -11537.07, -102523
40819, -11664.00, -11543.83, -102297
40824, -11671.00, -11551.29, -102024
40830, -11679.00, -11559.28, -101782
40834, -11687.00, -11566.41, -101542
40839, -11693.00, -11573.19, -101288
40843, -11701.00, -11580.21, -101020
40848, -11708.00, -11587.52, -100752
40853, -11717.00, -11594.52, -100436
40858, -11723.00, -11602.30, -100127
40863, -11730.00, -11609.76, -99798
40868, -11739.00, -11617.13, -99482
40873, -11747.00, -11624.49, -99096
40878, -11752.00, -11633.22, -98768
40883, -11761.00, -11640.51, -98392
40889, -11768.00, -11649.00, -98051
40894, -11776.00, -11656.77, -97716
40899, -11784.00, -11664.70, -97395
40904, -11790.00, -11672.52, -97063
40910, -11800.00, -11680.66, -96791
40915, -11807.00, -11687.56, -96497
40920, -11815.00, -11695.44, -96243
40924, -11821.00, -11702.09, -96000
40929, -11829.00, -11708.94, -95742
40934, -11837.00, -11716.37, -95474
40939, -11844.00, -11724.18, -95221
40944, -11853.00, -11731.76, -94982
40949, -11860.00, -11739.45, -94675
40955, -11870.00, -11748.89, -94425
40961, -11879.00, -11757.03, -94215
40965, -11884.00, -11763.96, -94000
40970, -11890.00, -11771.45, -93784
40975, -11899.00, -11778.72, -93569
40980, -11905.00, -11785.97, -93338
40985, -11915.00, -11794.42, -93127
40990, -11923.00, -11802.00, -92946
40995, -11929.00, -11808.63, -92744
41000, -11935.00, -11816.37, -92545
41005, -11944.00, -11823.83, -92352
41010, -11951.00, -11831.23, -92178
41014, -11960.00, -11838.07, -91984
41019, -11966.00, -11845.74, -91813
41024, -11975.00, -11852.75, -91625
41029, -11982.00, -11860.69, -91452
41034, -11990.00, -11867.75, -91259
41039, -11995.00, -11876.07, -91094
41044, -12004.00, -11882.85, -90932
41048, -12012.00, -11889.70, -90756
41053, -12020.00, -11897.35, -90560
41059, -12026.00, -11906.04, -90393
41064, -12035.00, -11913.17, -90174
41070, -12042.00, -11922.98, -90004
41075, -12050.00, -11929.91, -89842
41080, -12056.00, -11937.25, -89684
41084, -12064.00, -11943.94, -89531
41088, -12071.00, -11950.74, -89372
41093, -12081.00, -11957.71, -89214
41098, -12087.00, -11964.92, -89060
41102, -12095.00, -11972.02, -88880
41108, -12103.00, -11980.10, -88709
41112, -12109.00, -11987.67, -88522
41118, -12117.00, -11996.12, -88337
41123, -12123.00, -12003.98, -88176
41128, -12131.00, -12010.90, -88011
41133, -12140.00, -12018.22, -87829
41138, -12147.00, -12026.40, -87660
41143, -12155.00, -12033.43, -87498
41147, -12162.00, -12040.48, -87306
41153, -12171.00, -12048.69, -87100
41158, -12179.00, -12057.53, -86914
41164, -12185.00, -12065.29, -86692
41170, -12194.00, -12074.44, -86518
41174, -12201.00, -12081.39, -86328
41179, -12209.00, -12088.71, -86150
41184, -12219.00, -12096.17, -85963
41189, -12224.00, -12103.41, -85736
41194, -12234.00, -12112.18, -85497
41200, -12241.00, -12121.26, -85289
41205, -12249.00, -12128.63, -85054
41211, -12258.00, -12137.42, -84832
41217, -12268.00, -12145.85, -84597
41222, -12276.00, -12153.86, -84367
41227, -12285.00, -12161.80, -84119
41233, -12296.00, -12170.74, -83876
41238, -12303.00, -12178.87, -83647
41243, -12311.00, -12186.33, -83424
41247, -12318.00, -12193.62, -83171
41253, -12326.00, -12201.87, -82910
41258, -12336.00, -12210.40, -82674
41263, -12342.00, -12218.05, -82449
41268, -12350.00, -12225.52, -82231
41273, -12357.00, -12232.94, -81984
41278, -12366.00, -12241.58, -81779
41283, -12373.00, -12248.83, -81559
41288, -12383.00, -12257.12, -81332
41293, -12390.00, -12265.59, -81146
41298, -12397.00, -12272.64, -80943
41303, -12406.00, -12280.65, -80767
41307, -12412.00, -12287.66, -80578
41312, -12420.00, -12295.42, -80365
41318, -12431.00, -12304.81, -80198
41323, -12437.00, -12311.90, -80018
41328, -12447.00, -12319.97, -79848
41333, -12452.00, -12327.74, -79685
41338, -12461.00, -12335.42, -79525
41342, -12467.00, -12342.86, -79380
41347, -12473.00, -12349.79, -79240
41351, -12481.00, -12356.58, -79086
41356, -12488.00, -12364.45, -78942
41361, -12494.00, -12371.43, -78810
41365, -12502.00, -12378.25, -78646
41371, -12510.00, -12387.18, -78496
41376, -12519.00, -12394.66, -78366
41380, -12527.00, -12401.70, -78187
41387, -12537.00, -12411.66, -78045
41392, -12547.00, -12419.86, -77907
41397, -12554.00, -12427.36, -77768
41402, -12562.00, -12435.98, -77611
41407, -12573.00, -12444.71, -77480
41412, -12578.00, -12452.42, -77320
41418, -12591.00, -12462.24, -77187
41423, -12599.00, -12470.31, -77058
41428, -12607.00, -12478.39, -76917
41434, -12615.00, -12487.33, -76788
41439, -12623.00, -12495.31, -76667
41444, -12630.00, -12502.91, -76511
41450, -12641.00, -12513.45, -76380
41455, -12647.00, -12521.18, -76266
41460, -12657.00, -12528.43, -76150
41464, -12664.00, -12535.88, -76039
41469, -12671.00, -12543.02, -75926
41473, -12678.00, -12550.37, -75813
41478, -12685.00, -12557.62, -75692
41483, -12692.00, -12565.24, -75581
41487, -12698.00, -12572.36, -75449
41492, -12705.00, -12580.75, -75334
41497, -12712.00, -12588.01, -75210
41502, -12722.00, -12596.10, -75091
41507, -12729.00, -12603.86, -74962
41512, -12737.00, -12612.03, -74832
41518, -12748.00, -12620.57, -74711
41522, -12754.00, -12628.07, -74581
41528, -12764.00, -12636.86, -74450
41533, -12770.00, -12644.64, -74322
41538, -12779.00, -12652.71, -74189
41543, -12787.00, -12660.91, -74062
41548, -12796.00, -12668.72, -73945
41552, -12801.00, -12675.71, -73789
41559, -12814.00, -12685.57, -73659
41563, -12819.00, -12693.08, -73532
41568, -12828.00, -12700.65, -73405
41573, -12833.00, -12707.85, -73269
41578, -12842.00, -12715.69, -73135
41582, -12849.00, -12723.12, -72991
41587, -12857.00, -12731.29, -72844
41592, -12864.00, -12739.19, -72712
41597, -12873.00, -12746.33, -72566
41602, -12880.00, -12754.00, -72398
41607, -12888.00, -12762.83, -72244
41612, -12896.00, -12770.59, -72090
41617, -12903.00, -12778.44, -71911
41623, -12913.00, -12787.08, -71736
41628, -12924.00, -12795.44, -71577
41633, -12930.00, -12803.10, -71389
41638, -12940.00, -12812.15, -71212
41643, -12949.00, -12820.18, -70978
41650, -12959.00, -12830.57, -70797
41655, -12968.00, -12838.49, -70591
41660, -12976.00, -12847.62, -70356
41666, -12982.00, -12857.19, -70154
41671, -12991.00, -12864.98, -69940
41677, -12997.00, -12873.23, -69739
41681, -13005.00, -12880.61, -69545
41686, -13014.00, -12887.65, -69349
41690, -13022.00, -12894.68, -69141
41695, -13029.00, -12901.96, -68915
41700, -13036.00, -12909.86, -68649
41705, -13046.00, -12918.47, -68420
41710, -13050.00, -12925.57, -68168
41715, -13059.00, -12933.22, -67865
41720, -13066.00, -12942.27, -67570
41725, -13075.00, -12950.18, -67303
41730, -13081.00, -12957.21, -66985
41735, -13090.00, -12965.62, -66653
41741, -13099.00, -12973.97, -66362
41745, -13107.00, -12981.31, -66056
41750, -13114.00, -12989.28, -65718
41756, -13121.00, -12997.79, -65422
41761, -13127.00, -13005.69, -65104
41766, -13137.00, -13013.65, -64790
41772, -13144.00, -13022.20, -64478
41777, -13152.00, -13030.49, -64138
41783, -13161.00, -13040.04, -63846
41789, -13170.00, -13048.31, -63589
41794, -13177.00, -13056.03, -63358
41798, -13184.00, -13062.83, -63119
41803, -13191.00, -13070.48, -62897
41808, -13198.00, -13077.23, -62684
41812, -13205.00, -13084.15, -62465
41817, -13213.00, -13091.64, -62238
41822, -13220.00, -13099.26, -61996
41828, -13228.00, -13107.27, -61797
41832, -13235.00, -13114.44, -61593
41837, -13243.00, -13121.64, -61375
41842, -13249.00, -13129.56, -61170
41847, -13257.00, -13137.02, -60945
41853, -13266.00, -13145.38, -60739
41858, -13273.00, -13153.45, -60552
41863, -13281.00, -13160.35, -60361
41868, -13287.00, -13168.05, -60189
41872, -13295.00, -13174.67, -59993
41877, -13304.00, -13182.63, -59806
41883, -13310.00, -13190.33, -59624
41888, -13318.00, -13197.94, -59426
41893, -13326.00, -13206.01, -59248
41898, -13334.00, -13213.72, -59085
41902, -13341.00, -13220.46, -58932
41907, -13349.00, -13227.21, -58774
41912, -13356.00, -13234.28, -58606
41917, -13365.00, -13242.01, -58437
41921, -13371.00, -13249.31, -58273
41926, -13378.00, -13256.66, -58106
41931, -13386.00, -13264.10, -57909
41937, -13394.00, -13273.13, -57744
41942, -13401.00, -13280.83, -57565
41947, -13409.00, -13288.76, -57411
41952, -13416.00, -13295.52, -57233
41957, -13422.00, -13303.40, -57081
41962, -13431.00, -13310.31, -56912
41967, -13437.00, -13318.13, -56752
41971, -13446.00, -13325.16, -56588
41976, -13453.00, -13332.72, -56430
41981, -13459.00, -13339.73, -56280
41985, -13467.00, -13346.40, -56097
41991, -13474.00, -13354.71, -55941
41996, -13482.00, -13361.76, -55769
42001, -13490.00, -13369.19, -55616
42005, -13495.00, -13375.92, -55464
42009, -13500.00, -13382.46, -55307
42014, -13507.00, -13389.14, -55130
42019, -13514.00, -13396.85, -54940
42024, -13523.00, -13404.69, -54775
42029, -13530.00, -13411.58, -54590
42034, -13537.00, -13419.17, -54399
42040, -13545.00, -13426.99, -54223
42044, -13552.00, -13433.88, -54050
42049, -13560.00, -13440.89, -53841
42054, -13568.00, -13449.19, -53646
42059, -13575.00, -13456.66, -53429
42065, -13586.00, -13465.27, -53218
42070, -13596.00, -13473.17, -53020
42075, -13601.00, -13480.83, -52824
42080, -13610.00, -13488.54, -52567
42086, -13620.00, -13497.73, -52331
42092, -13628.00, -13506.01, -52114
42097, -13637.00, -13513.74, -51872
42102, -13645.00, -13522.05, -51645
42107, -13652.00, -13529.74, -51429
42112, -13658.00, -13536.80, -51217
42116, -13667.00, -13543.62, -50975
42121, -13675.00, -13551.37, -50748
42126, -13682.00, -13558.43, -50516
42130, -13687.00, -13565.54, -50260
42136, -13695.00, -13573.41, -50021
42140, -13704.00, -13580.90, -49786
42145, -13707.00, -13587.68, -49545
42150, -13717.00, -13595.65, -49305
42155, -13723.00, -13602.94, -49076
42160, -13732.00, -13610.79, -48859
42165, -13738.00, -13618.03, -48640
42170, -13747.00, -13626.02, -48420
42175, -13753.00, -13633.39, -48219
42180, -13762.00, -13640.83, -48009
42185, -13770.00, -13649.00, -47824
42190, -13776.00, -13656.16, -47642
42195, -13782.00, -13662.89, -47456
42200, -13790.00, -13670.58, -47276
42205, -13797.00, -13677.82, -47074
42210, -13807.00, -13686.00, -46898
42215, -13815.00, -13693.76, -46737
42220, -13822.00, -13700.71, -46561
42225, -13829.00, -13708.61, -46402
42230, -13838.00, -13715.92, -46249
42234, -13844.00, -13722.86, -46053
42240, -13855.00, -13732.08, -45906
42245, -13860.00, -13739.05, -45751
42250, -13868.00, -13746.72, -45560
42256, -13880.00, -13756.21, -45407
42261, -13888.00, -13763.83, -45263
42266, -13895.00, -13771.23, -45118
42270, -13901.00, -13778.71, -44972
42275, -13908.00, -13786.52, -44830
42280, -13917.00, -13793.87, -44671
42286, -13926.00, -13802.62, -44535
42291, -13933.00, -13810.14, -44402
42296, -13941.00, -13817.79, -44264
42301, -13947.00, -13825.17, -44127
42306, -13956.00, -13833.06, -43982
42311, -13963.00, -13841.23, -43827
42317, -13976.00, -13850.53, -43693
42322, -13981.00, -13858.50, -43564
42327, -13988.00, -13865.66, -43447
42331, -13994.00, -13872.44, -43332
42336, -13998.00, -13879.10, -43204
42341, -14006.00, -13886.56, -43085
42345, -14010.00, -13893.33, -42964
42350, -14018.00, -13900.21, -42832
42355, -14026.00, -13908.11, -42700
42360, -14034.00, -13915.37, -42546
42366, -14044.00, -13924.67, -42398
42372, -14054.00, -13933.04, -42266
42377, -14062.00, -13940.86, -42149
42381, -14068.00, -13947.68, -41996
42387, -14076.00, -13956.64, -41849
42393, -14084.00, -13964.99, -41714
42398, -14093.00, -13972.58, -41584
42403, -14098.00, -13980.11, -41420
42409, -14107.00, -13988.47, -41278
42414, -14115.00, -13996.24, -41106
42420, -14123.00, -14005.33, -40957
42425, -14130.00, -14012.84, -40799
42430, -14139.00, -14020.83, -40649
42436, -14146.00, -14028.45, -40489
42441, -14156.00, -14036.31, -40338
42446, -14162.00, -14043.95, -40193
42451, -14169.00, -14050.70, -40055
42455, -14176.00, -14057.34, -39897
42460, -14183.00, -14064.82, -39731
42465, -14190.00, -14072.43, -39570
42470, -14198.00, -14079.62, -39411
42475, -14207.00, -14086.89, -39246
42480, -14212.00, -14094.22, -39042
42486, -14221.00, -14102.90, -38870
42490, -14228.00, -14109.88, -38707
42495, -14235.00, -14116.57, -38523
42500, -14243.00, -14123.99, -38341
42505, -14251.00, -14131.33, -38138
42510, -14257.00, -14139.10, -37942
42515, -14266.00, -14146.61, -37734
42520, -14273.00, -14153.85, -37524
42525, -14281.00, -14161.25, -37308
42530, -14288.00, -14168.86, -37058
42535, -14296.00, -14177.23, -36781
42541, -14306.00, -14185.63, -36544
42546, -14311.00, -14193.03, -36277
42551, -14319.00, -14200.60, -36039
42556, -14328.00, -14207.41, -35786
42560, -14334.00, -14214.33, -35520
42565, -14342.00, -14221.58, -35227
42570, -14349.00, -14228.79, -34948
42574, -14357.00, -14235.81, -34615
42579, -14365.00, -14243.60, -34294
42584, -14371.00, -14251.12, -33905
42590, -14379.00, -14259.30, -33597
42594, -14387.00, -14266.34, -33223
42600, -14394.00, -14274.37, -32865
42605, -14402.00, -14282.46, -32536
42610, -14411.00, -14289.95, -32167
42616, -14418.00, -14298.48, -31888
42620, -14426.00, -14305.45, -31568
42625, -14434.00, -14313.14, -31295
42630, -14442.00, -14320.16, -30999
42635, -14450.00, -14328.16, -30714
42640, -14455.00, -14335.65, -30455
42645, -14466.00, -14342.96, -30205
42650, -14472.00, -14350.06, -29940
42655, -14480.00, -14357.97, -29698
42660, -14485.00, -14365.15, -29466
42664, -14493.00, -14372.24, -29223
42669, -14501.00, -14380.11, -29005
42674, -14510.00, -14386.95, -28794
42678, -14517.00, -14394.08, -28572
42683, -14525.00, -14401.77, -28351
42688, -14532.00, -14409.39, -28150
42693, -14539.00, -14416.36, -27892
42699, -14547.00, -14425.93, -27649
42705, -14554.00, -14434.51, -27443
42710, -14564.00, -14442.26, -27262
42714, -14571.00, -14449.14, -27073
42719, -14576.00, -14456.40, -26868
42725, -14584.00, -14464.50, -26687
42729, -14593.00, -14471.49, -26478
42735, -14599.00, -14479.96, -26290
42740, -14607.00, -14487.73, -26118
42745, -14614.00, -14494.54, -25942
42749, -14622.00, -14501.80, -25740
42755, -14629.00, -14510.37, -25566
42760, -14635.00, -14517.48, -25408
42764, -14644.00, -14524.14, -25230
42769, -14651.00, -14531.79, -25072
42774, -14658.00, -14538.61, -24902
42779, -14667.00, -14546.08, -24733
42784, -14674.00, -14553.45, -24539
42789, -14680.00, -14561.86, -24384
42794, -14688.00, -14568.58, -24209
42799, -14695.00, -14576.23, -24022
42805, -14703.00, -14584.47, -23859
42809, -14710.00, -14591.60, -23677
42815, -14719.00, -14599.69, -23468
42821, -14725.00, -14608.77, -23299
42826, -14734.00, -14616.04, -23145
42830, -14740.00, -14622.71, -22944
42836, -14748.00, -14631.38, -22775
42841, -14756.00, -14638.86, -22587
42847, -14763.00, -14646.85, -22402
42852, -14771.00, -14654.44, -22206
42858, -14780.00, -14662.96, -22017
42863, -14791.00, -14670.99, -21817
42869, -14799.00, -14679.44, -21641
42874, -14806.00, -14687.09, -21459
42879, -14814.00, -14694.58, -21291
42883, -14820.00, -14701.43, -21127
42888, -14826.00, -14708.04, -20959
42892, -14831.00, -14714.75, -20768
42898, -14841.00, -14722.59, -20555
42903, -14850.00, -14730.90, -20363
42908, -14856.00, -14738.52, -20166
42913, -14864.00, -14745.91, -19967
42919, -14871.00, -14753.51, -19750
42924, -14881.00, -14761.54, -19545
42929, -14888.00, -14769.04, -19333
42934, -14896.00, -14776.83, -19114
42939, -14903.00, -14784.63, -18900
42945, -14909.00, -14792.50, -18687
42949, -14918.00, -14799.25, -18440
42955, -14925.00, -14807.57, -18233
42960, -14933.00, -14814.48, -18015
42964, -14940.00, -14821.38, -17787
42969, -14948.00, -14828.62, -17518
42975, -14954.00, -14837.18, -17306
42979, -14963.00, -14843.79, -17098
42984, -14970.00, -14850.44, -16871
42989, -14976.00, -14857.82, -16660
42993, -14983.00, -14864.89, -16437
42998, -14989.00, -14872.31, -16183
43005, -15000.00, -14881.68, -15975
43010, -15008.00, -14888.74, -15751
43015, -15015.00, -14896.96, -15531
43021, -15022.00, -14905.23, -15336
43026, -15030.00, -14912.62, -15162
43031, -15037.00, -14919.71, -14958
43036, -15045.00, -14927.74, -14792
43041, -15052.00, -14934.80, -14587
43047, -15059.00, -14943.55, -14394
43053, -15069.00, -14952.25, -14216
43058, -15077.00, -14960.20, -14059
43063, -15081.00, -14966.88, -13915
43067, -15089.00, -14973.49, -13754
43073, -15098.00, -14981.38, -13611
43077, -15103.00, -14988.03, -13463
43083, -15112.00, -14995.68, -13302
43088, -15120.00, -15003.65, -13158
43093, -15127.00, -15010.48, -13014
43098, -15136.00, -15018.43, -12865
43103, -15144.00, -15026.01, -12737
43108, -15150.00, -15033.05, -12598
43113, -15159.00, -15040.30, -12454
43118, -15166.00, -15048.22, -12305
43124, -15176.00, -15056.54, -12179
43128, -15181.00, -15063.53, -12050
43133, -15189.00, -15070.97, -11924
43138, -15196.00, -15078.06, -11800
43143, -15205.00, -15085.50, -11670
43148, -15212.00, -15092.99, -11522
43154, -15223.00, -15102.11, -11407
43159, -15229.00, -15109.30, -11283
43164, -15237.00, -15116.62, -11154
43169, -15244.00, -15124.40, -11026
43174, -15254.00, -15132.42, -10914
43179, -15259.00, -15139.33, -10792
43184, -15268.00, -15147.46, -10670
43189, -15274.00, -15154.76, -10558
43194, -15279.00, -15161.33, -10442
43198, -15287.00, -15168.44, -10335
43203, -15293.00, -15175.06, -10229
43207, -15299.00, -15181.63, -10121
43212, -15307.00, -15188.34, -10015
43216, -15312.00, -15194.91, -9907
43221, -15323.00, -15201.59, -9798
43225, -15329.00, -15208.47, -9692
43230, -15336.00, -15215.23, -9584
43234, -15343.00, -15222.06, -9481
43239, -15346.00, -15228.68, -9371
43243, -15354.00, -15235.59, -9257
43248, -15360.00, -15242.63, -9128
43254, -15369.00, -15250.87, -9010
43258, -15377.00, -15257.89, -8894
43263, -15384.00, -15265.13, -8768
43268, -15392.00, -15272.67, -8648
43273, -15397.00, -15279.82, -8517
43278, -15406.00, -15287.97, -8394
43283, -15414.00, -15295.07, -8267
43288, -15422.00, -15302.44, -8152
43293, -15428.00, -15309.16, -8035
43298, -15436.00, -15316.46, -7888
43303, -15444.00, -15324.62, -7746
43308, -15452.00, -15332.50, -7625
43313, -15458.00, -15339.30, -7505
43317, -15466.00, -15346.02, -7361
43322, -15473.00, -15353.70, -7234
43327, -15479.00, -15360.60, -7093
43332, -15488.00, -15368.11, -6949
43337, -15495.00, -15375.70, -6818
43341, -15502.00, -15382.37, -6669
43347, -15510.00, -15389.94, -6520
43352, -15518.00, -15397.57, -6361
43357, -15527.00, -15405.17, -6214
43361, -15534.00, -15412.29, -5921
43370, -15547.00, -15425.91, -5766
43375, -15553.00, -15432.82, -5613
43379, -15559.00, -15439.59, -5418
43385, -15570.00, -15448.31, -5223
43390, -15577.00, -15456.62, -5051
43395, -15583.00, -15463.31, -4823
43401, -15594.00, -15472.65, -4617
43406, -15599.00, -15480.69, -4421
43411, -15608.00, -15487.84, -4201
43417, -15615.00, -15495.97, -3926
43423, -15623.00, -15505.20, -3713
43428, -15631.00, -15512.31, -3507
43432, -15638.00, -15519.02, -3267
43437, -15647.00, -15526.88, -3029
43442, -15654.00, -15533.94, -2770
43447, -15661.00, -15542.07, -2486
43453, -15668.00, -15549.92, -2207
43458, -15677.00, -15557.29, -1919
43463, -15682.00, -15564.81, -1614
43468, -15691.00, -15572.21, -1333
43472, -15698.00, -15579.12, -1035
43477, -15704.00, -15586.54, -704
43482, -15710.00, -15594.27, -375
43488, -15719.00, -15602.04, -91
43493, -15726.00, -15609.19, 224
43498, -15734.00, -15616.73, 526
43503, -15742.00, -15624.40, 786
43508, -15750.00, -15631.25, 1091
43513, -15755.00, -15639.51, 1410
43519, -15764.00, -15647.94, 1661
43524, -15772.00, -15654.95, 1894
43528, -15779.00, -15661.85, 2155
43534, -15785.00, -15669.37, 2374
43538, -15791.00, -15675.85, 2581
43543, -15799.00, -15682.44, 2814
43547, -15807.00, -15689.56, 3016
43552, -15815.00, -15696.14, 3248
43557, -15820.00, -15703.84, 3451
43562, -15828.00, -15710.80, 3658
43567, -15836.00, -15717.79, 3907
43572, -15843.00, -15726.49, 4111
43577, -15850.00, -15733.61, 4330
43583, -15857.00, -15741.49, 4527
43588, -15865.00, -15748.74, 4719
43593, -15872.00, -15755.92, 4918
43598, -15879.00, -15763.23, 5143
43604, -15886.00, -15771.76, 5312
43608, -15893.00, -15778.25, 5499
43613, -15899.00, -15785.58, 5726
43619, -15908.00, -15794.26, 5896
43624, -15914.00, -15800.80, 6062
43629, -15920.00, -15807.58, 6276
43635, -15929.00, -15816.16, 6475
43640, -15939.00, -15823.96, 6660
43646, -15946.00, -15831.68, 6822
43650, -15954.00, -15838.85, 6979
43655, -15958.00, -15845.13, 7133
43659, -15965.00, -15851.55, 7280
43664, -15972.00, -15857.83, 7437
43669, -15979.00, -15864.70, 7600
43673, -15985.00, -15871.64, 7747
43678, -15993.00, -15878.00, 7913
43683, -16000.00, -15885.32, 8122
43689, -16006.00, -15894.02, 8274
43694, -16014.00, -15900.58, 8431
43698, -16022.00, -15907.46, 8603
43704, -16027.00, -15914.80, 8749
43708, -16034.00, -15921.16, 8927
43714, -16042.00, -15928.87, 9090
43718, -16049.00, -15935.62, 9250
43723, -16055.00, -15942.56, 9425
43728, -16062.00, -15949.94, 9625
43734, -16070.00, -15958.31, 9818
43740, -16079.00, -15966.27, 9982
43745, -16086.00, -15973.32, 10152
43750, -16093.00, -15980.40, 10320
43755, -16101.00, -15987.44, 10479
43759, -16107.00, -15993.84, 10685
43766, -16115.00, -16002.59, 10877
43771, -16126.00, -16010.54, 11037
43776, -16131.00, -16017.00, 11242
43781, -16140.00, -16025.22, 11439
43787, -16150.00, -16033.11, 11622
43792, -16155.00, -16040.39, 11797
43797, -16161.00, -16047.19, 11979
43801, -16168.00, -16054.28, 12172
43807, -16177.00, -16061.58, 12345
43811, -16182.00, -16067.94, 12570
43817, -16192.00, -16076.30, 12778
43822, -16200.00, -16084.11, 12986
43827, -16207.00, -16091.33, 13215
43833, -16215.00, -16099.87, 13412
43837, -16223.00, -16106.27, 13618
43842, -16229.00, -16113.41, 13838
43847, -16238.00, -16120.80, 14063
43852, -16244.00, -16128.23, 14282
43857, -16250.00, -16135.27, 14507
43862, -16260.00, -16142.61, 14733
43867, -16266.00, -16149.53, 14948
43871, -16271.00, -16156.09, 15164
43876, -16276.00, -16162.43, 15441
43882, -16288.00, -16170.94, 15677
43887, -16295.00, -16178.23, 15885
43891, -16300.00, -16184.62, 16125
43896, -16307.00, -16192.30, 16360
43902, -16318.00, -16199.90, 16567
43906, -16323.00, -16206.81, 16774
43911, -16330.00, -16213.95, 16989
43916, -16338.00, -16221.56, 17199
43922, -16347.00, -16229.39, 17420
43927, -16355.00, -16237.33, 17636
43933, -16364.00, -16245.89, 17820
43938, -16372.00, -16253.03, 18040
43944, -16380.00, -16261.96, 18227
43949, -16386.00, -16269.75, 18397
43954, -16394.00, -16277.00, 18568
43959, -16401.00, -16284.39, 18771
43965, -16409.00, -16293.10, 18933
43970, -16416.00, -16300.54, 19081
43975, -16424.00, -16307.17, 19239
43980, -16431.00, -16314.80, 19378
43984, -16439.00, -16321.32, 19528
43989, -16447.00, -16328.72, 19686
43995, -16454.00, -16336.70, 19819
43999, -16463.00, -16343.37, 19987
44005, -16471.00, -16352.09, 20116
44010, -16477.00, -16358.93, 20245
44014, -16484.00, -16365.84, 20377
44019, -16491.00, -16372.75, 20512
44024, -16499.00, -16379.99, 20631
44028, -16508.00, -16386.73, 20792
44034, -16516.00, -16395.88, 20920
44039, -16523.00, -16403.11, 21052
44044, -16530.00, -16410.64, 21169
44048, -16538.00, -16417.27, 21302
44054, -16545.00, -16425.02, 21424
44058, -16552.00, -16432.23, 21553
44063, -16561.00, -16439.86, 21676
44068, -16567.00, -16447.31, 21801
44073, -16576.00, -16454.45, 21916
44078, -16581.00, -16461.37, 22034
44082, -16589.00, -16468.67, 22149
44087, -16593.00, -16475.40, 22262
44091, -16599.00, -16482.12, 22380
44096, -16608.00, -16489.06, 22503
44101, -16610.00, -16496.50, 22595
44106, -16603.00, -16503.11, 22630
44111, -16595.00, -16508.83, 22627
44116, -16588.00, -16513.92, 22582
44122, -16579.00, -16518.91, 22527
44127, -16572.00, -16522.05, 22453
44132, -16566.00, -16524.89, 22358
44137, -16556.00, -16527.25, 22269
44141, -16550.00, -16528.70, 22175
44146, -16545.00, -16529.72, 22048
44152, -16533.00, -16530.41, 21942
44157, -16527.00, -16530.38, 21827
44162, -16519.00, -16529.93, 21701
44167, -16511.00, -16528.97, 21573
44172, -16503.00, -16527.57, 21465
44176, -16498.00, -16526.12, 21324
44182, -16489.00, -16523.82, 21207
44187, -16483.00, -16521.72, 21094
44191, -16475.00, -16519.39, 20978
44196, -16470.00, -16516.79, 20850
44201, -16463.00, -16513.77, 20730
44205, -16455.00, -16510.64, 20603
44210, -16447.00, -16507.26, 20462
44215, -16441.00, -16503.21, 20290
44222, -16430.00, -16498.14, 20163
44226, -16424.00, -16494.13, 20040
44231, -16418.00, -16490.21, 19918
44235, -16411.00, -16486.19, 19788
44239, -16402.00, -16481.71, 19623
44245, -16396.00, -16476.14, 19443
44251, -16387.00, -16469.88, 19286
44256, -16379.00, -16464.59, 19133
44261, -16371.00, -16459.14, 18977
44266, -16365.00, -16453.71, 18831
44270, -16358.00, -16448.64, 18687
44275, -16351.00, -16443.53, 18519
44280, -16342.00, -16437.62, 18339
44285, -16333.00, -16431.03, 18173
44290, -16327.00, -16425.47, 18016
44294, -16320.00, -16420.07, 17851
44299, -16312.00, -16414.41, 17683
44303, -16305.00, -16408.67, 17505
44308, -16299.00, -16402.75, 17302
44313, -16291.00, -16395.82, 17112
44317, -16286.00, -16389.92, 16919
44322, -16281.00, -16384.03, 16732
44326, -16273.00, -16378.30, 16536
44331, -16266.00, -16372.35, 16331
44335, -16261.00, -16366.42, 16125
44340, -16250.00, -16360.45, 15845
44345, -16245.00, -16352.46, 15600
44351, -16237.00, -16345.45, 15353
44356, -16229.00, -16338.57, 15070
44362, -16221.00, -16330.31, 14833
44367, -16212.00, -16323.46, 14617
44371, -16206.00, -16317.12, 14383
44376, -16198.00, -16310.05, 14170
44381, -16192.00, -16303.54, 13947
44386, -16184.00, -16296.56, 13753
44390, -16177.00, -16290.35, 13560
44395, -16168.00, -16284.00, 13348
44400, -16160.00, -16276.69, 13154
44404, -16154.00, -16270.25, 12943
44409, -16144.00, -16262.76, 12755
44413, -16140.00, -16256.19, 12574
44418, -16135.00, -16249.83, 12395
44422, -16128.00, -16243.35, 12196
44427, -16120.00, -16236.13, 12001
44432, -16114.00, -16228.91, 11798
44438, -16106.00, -16221.23, 11620
44442, -16099.00, -16214.68, 11434
44447, -16092.00, -16207.49, 11247
44452, -16084.00, -16200.26, 11079
44456, -16079.00, -16193.79, 10920
44461, -16071.00, -16187.36, 10754
44465, -16062.00, -16180.77, 10596
44470, -16056.00, -16174.32, 10438
44474, -16049.00, -16167.84, 10267
44479, -16042.00, -16160.70, 10086
44484, -16035.00, -16153.17, 9918
44488, -16029.00, -16146.34, 9752
44493, -16024.00, -16139.51, 9581
44498, -16017.00, -16132.48, 9406
44503, -16009.00, -16125.35, 9243
44508, -16001.00, -16118.59, 9092
44512, -15995.00, -16112.24, 8917
44517, -15987.00, -16104.78, 8751
44522, -15981.00, -16097.92, 8599
44526, -15974.00, -16091.46, 8447
44530, -15966.00, -16085.02, 8290
44535, -15958.00, -16078.33, 8128
44539, -15951.00, -16071.39, 7973
44544, -15947.00, -16064.86, 7816
44548, -15942.00, -16058.36, 7663
44552, -15935.00, -16051.92, 7511
44557, -15928.00, -16045.50, 7343
44562, -15921.00, -16038.39, 7167
44567, -15913.00, -16031.07, 7011
44571, -15907.00, -16024.58, 6854
44575, -15898.00, -16018.06, 6680
44580, -15890.00, -16010.64, 6489
44585, -15881.00, -16002.94, 6329
44590, -15876.00, -15996.35, 6166
44594, -15871.00, -15989.78, 5984
44599, -15864.00, -15982.37, 5804
44604, -15856.00, -15975.31, 5595
44609, -15848.00, -15967.15, 5403
44614, -15841.00, -15959.90, 5222
44618, -15836.00, -15953.28, 5043
44623, -15829.00, -15946.74, 4847
44628, -15821.00, -15939.33, 4658
44632, -15815.00, -15932.69, 4476
44637, -15807.00, -15926.12, 4272
44642, -15802.00, -15918.87, 4061
44647, -15793.00, -15911.57, 3870
44651, -15786.00, -15905.03, 3674
44655, -15776.00, -15898.35, 3445
44661, -15769.00, -15890.45, 3231
44665, -15762.00, -15883.43, 2989
44670, -15755.00, -15875.50, 2764
44675, -15748.00, -15868.53, 2514
44680, -15740.00, -15860.65, 2281
44685, -15733.00, -15853.78, 2053
44689, -15726.00, -15847.09, 1821
44693, -15722.00, -15840.56, 1584
44698, -15717.00, -15834.10, 1330
44702, -15708.00, -15827.15, 1080
44707, -15701.00, -15820.62, 828
44711, -15694.00, -15814.08, 566
44715, -15687.00, -15807.54, 296
44720, -15681.00, -15800.99, -23
44725, -15672.00, -15793.26, -309
44729, -15666.00, -15786.54, -594
44734, -15661.00, -15779.81, -887
44738, -15654.00, -15773.10, -1208
44744, -15645.00, -15764.99, -1540
44749, -15638.00, -15757.10, -1857
44754, -15627.00, -15748.85, -2152
44759, -15619.00, -15741.05, -2457
44765, -15611.00, -15732.81, -2743
44770, -15602.00, -15724.39, -2998
44775, -15593.00, -15716.97, -3230
44780, -15589.00, -15710.17, -3467
44785, -15582.00, -15702.65, -3684
44789, -15575.00, -15695.68, -3920
44795, -15567.00, -15687.50, -4145
44800, -15559.00, -15679.70, -4353
44804, -15553.00, -15672.37, -4530
44809, -15548.00, -15665.75, -4720
44814, -15539.00, -15658.13, -4895
44819, -15535.00, -15651.51, -5059
44823, -15527.00, -15644.71, -5239
44828, -15520.00, -15637.07, -5424
44834, -15512.00, -15629.21, -5589
44838, -15507.00, -15622.21, -5732
44843, -15498.00, -15615.67, -5877
44847, -15492.00, -15609.10, -6014
44852, -15487.00, -15602.58, -6150
44856, -15478.00, -15596.08, -6283
44861, -15471.00, -15589.56, -6424
44866, -15464.00, -15582.26, -6575
44871, -15457.00, -15574.78, -6706
44875, -15451.00, -15568.14, -6846
44880, -15443.00, -15560.58, -6986
44885, -15436.00, -15553.12, -7121
44890, -15431.00, -15546.14, -7260
44895, -15424.00, -15538.49, -7396
44900, -15415.00, -15531.21, -7519
44905, -15411.00, -15524.65, -7648
44910, -15400.00, -15517.15, -7778
44915, -15395.00, -15510.10, -7891
44919, -15390.00, -15503.63, -8006
44924, -15384.00, -15497.17, -8115
44928, -15378.00, -15490.96, -8237
44933, -15370.00, -15483.81, -8349
44938, -15363.00, -15477.35, -8456
44942, -15356.00, -15470.78, -8574
44947, -15347.00, -15463.92, -8679
44952, -15342.00, -15457.49, -8785
44956, -15333.00, -15450.95, -8890
44960, -15330.00, -15444.50, -8996
44965, -15322.00, -15437.75, -9110
44970, -15316.00, -15430.68, -9225
44975, -15307.00, -15423.34, -9357
44981, -15298.00, -15415.02, -9468
44986, -15292.00, -15407.92, -9574
44990, -15286.00, -15401.28, -9695
44995, -15278.00, -15393.56, -9834
45002, -15268.00, -15384.59, -9940
45006, -15262.00, -15378.05, -10055
45011, -15254.00, -15370.50, -10194
45017, -15245.00, -15361.83, -10301
45022, -15239.00, -15355.15, -10422
45027, -15233.00, -15347.35, -10527
45032, -15225.00, -15340.94, -10632
45036, -15218.00, -15334.32, -10753
45041, -15211.00, -15326.43, -10875
45047, -15203.00, -15318.64, -10999
45052, -15196.00, -15310.97, -11120
45057, -15190.00, -15303.46, -11233
45062, -15182.00, -15296.91, -11345
45067, -15174.00, -15289.75, -11456
45071, -15166.00, -15283.18, -11565
45076, -15161.00, -15276.25, -11709
45082, -15154.00, -15267.69, -11832
45087, -15145.00, -15260.52, -11943
45092, -15139.00, -15253.96, -12062
45097, -15132.00, -15246.83, -12196
45102, -15124.00, -15239.08, -12317
45107, -15119.00, -15232.22, -12463
45113, -15110.00, -15223.90, -12598
45118, -15103.00, -15216.42, -12728
45123, -15096.00, -15209.26, -12885
45129, -15089.00, -15200.90, -13027
45134, -15082.00, -15193.52, -13149
45138, -15074.00, -15187.13, -13303
45144, -15067.00, -15179.22, -13451
45149, -15060.00, -15171.68, -13584
45154, -15053.00, -15165.12, -13734
45159, -15045.00, -15157.64, -13927
45166, -15034.00, -15148.48, -14071
45171, -15028.00, -15141.58, -14223
45176, -15021.00, -15134.19, -14397
45181, -15010.00, -15126.24, -14552
45186, -15006.00, -15119.43, -14712
45191, -14999.00, -15112.25, -14872
45196, -14993.00, -15105.42, -15065
45202, -14983.00, -15097.38, -15224
45206, -14979.00, -15091.01, -15408
45211, -14971.00, -15083.66, -15576
45216, -14965.00, -15077.05, -15754
45220, -14960.00, -15070.67, -15939
45225, -14954.00, -15063.81, -16169
45231, -14942.00, -15055.79, -16357
45236, -14937.00, -15049.37, -16579
45241, -14929.00, -15041.88, -16799
45246, -14922.00, -15034.62, -17002
45251, -14918.00, -15028.27, -17207
45255, -14911.00, -15021.78, -17432
45260, -14904.00, -15014.50, -17664
45266, -14895.00, -15007.33, -17870
45270, -14889.00, -15000.66, -18084
45275, -14881.00, -14993.54, -18331
45281, -14871.00, -14985.37, -18521
45286, -14868.00, -14979.08, -18744
45291, -14859.00, -14971.48, -18969
45297, -14849.00, -14963.48, -19162
45301, -14844.00, -14956.97, -19352
45306, -14838.00, -14950.16, -19557
45311, -14830.00, -14942.73, -19765
45316, -14821.00, -14935.29, -19966
45322, -14813.00, -14927.64, -20171
45327, -14805.00, -14919.98, -20353
45332, -14799.00, -14913.17, -20536
45337, -14792.00, -14906.20, -20715
45342, -14785.00, -14899.06, -20887
45346, -14779.00, -14892.37, -21094
45352, -14767.00, -14884.08, -21290
45358, -14761.00, -14876.10, -21474
45363, -14754.00, -14868.76, -21660
45368, -14746.00, -14861.17, -21850
45373, -14738.00, -14853.53, -22007
45378, -14732.00, -14847.03, -22162
45382, -14726.00, -14840.58, -22326
45387, -14719.00, -14833.87, -22496
45392, -14712.00, -14826.67, -22654
45396, -14707.00, -14820.22, -22810
45401, -14700.00, -14813.66, -22971
45405, -14692.00, -14806.96, -23146
45411, -14687.00, -14799.35, -23304
45415, -14679.00, -14792.79, -23463
45420, -14671.00, -14786.19, -23618
45425, -14664.00, -14779.61, -23786
45430, -14657.00, -14772.40, -23954
45434, -14650.00, -14765.31, -24108
45439, -14643.00, -14758.63, -24270
45444, -14634.00, -14751.81, -24428
45448, -14628.00, -14744.94, -24601
45453, -14620.00, -14737.57, -24773
45458, -14612.00, -14730.22, -24955
45463, -14604.00, -14722.59, -25134
45469, -14599.00, -14714.79, -25311
45474, -14590.00, -14707.46, -25481
45479, -14583.00, -14700.25, -25667
45484, -14575.00, -14692.46, -25833
45488, -14567.00, -14685.77, -25994
45493, -14560.00, -14679.02, -26164
45497, -14553.00, -14672.17, -26330
45502, -14548.00, -14665.59, -26499
45506, -14542.00, -14658.90, -26673
45511, -14537.00, -14652.14, -26883
45517, -14526.00, -14644.02, -27058
45521, -14521.00, -14637.48, -27262
45526, -14514.00, -14629.70, -27472
45532, -14507.00, -14622.16, -27658
45536, -14501.00, -14615.55, -27869
45541, -14491.00, -14607.94, -28122
45547, -14480.00, -14599.14, -28354
45553, -14473.00, -14591.06, -28572
45558, -14464.00, -14583.36, -28813
45563, -14455.00, -14575.48, -29031
45568, -14450.00, -14568.49, -29254
45573, -14442.00, -14561.15, -29530
45578, -14433.00, -14552.55, -29775
45583, -14424.00, -14545.31, -30030
45588, -14416.00, -14537.55, -30317
45594, -14409.00, -14529.26, -30571
45598, -14401.00, -14522.21, -30846
45603, -14396.00, -14514.90, -31107
45608, -14388.00, -14508.22, -31420
45613, -14378.00, -14500.17, -31723
45618, -14371.00, -14492.50, -32057
45623, -14364.00, -14484.75, -32454
45629, -14355.00, -14475.55, -32777
45634, -14347.00, -14468.34, -33141
45639, -14339.00, -14460.41, -33523
45645, -14332.00, -14452.17, -33833
45649, -14325.00, -14445.43, -34154
45654, -14317.00, -14438.10, -34485
45659, -14310.00, -14430.50, -34788
45664, -14301.00, -14423.30, -35100
45669, -14294.00, -14415.56, -35367
45673, -14287.00, -14408.75, -35666
45678, -14277.00, -14400.68, -35962
45684, -14271.00, -14392.44, -36224
45689, -14262.00, -14384.87, -36507
45694, -14256.00, -14376.55, -36803
45700, -14248.00, -14367.39, -37093
45706, -14239.00, -14358.39, -37300
45711, -14233.00, -14351.66, -37498
45715, -14225.00, -14345.00, -37695
45720, -14217.00, -14338.07, -37887
45724, -14210.00, -14331.25, -38078
45729, -14204.00, -14324.21, -38257
45733, -14197.00, -14317.41, -38438
45738, -14191.00, -14310.59, -38625
45743, -14181.00, -14303.18, -38843
45749, -14172.00, -14294.03, -39013
45753, -14165.00, -14286.98, -39176
45758, -14160.00, -14279.93, -39367
45763, -14150.00, -14271.60, -39545
45768, -14142.00, -14263.70, -39700
45773, -14135.00, -14256.58, -39893
45779, -14125.00, -14247.41, -40046
45784, -14118.00, -14240.22, -40220
45789, -14109.00, -14231.91, -40372
45794, -14103.00, -14224.39, -40554
45800, -14094.00, -14215.44, -40699
45805, -14088.00, -14208.29, -40847
45810, -14079.00, -14200.58, -41029
45816, -14071.00, -14191.45, -41169
45820, -14062.00, -14184.28, -41298
45825, -14055.00, -14177.47, -41426
45829, -14049.00, -14170.69, -41560
45834, -14042.00, -14163.43, -41691
45839, -14033.00, -14156.25, -41820
45843, -14027.00, -14149.12, -41970
45849, -14016.00, -14140.75, -42098
45853, -14011.00, -14133.58, -42235
45859, -14003.00, -14125.64, -42366
45863, -13998.00, -14118.73, -42488
45867, -13991.00, -14112.07, -42624
45872, -13984.00, -14104.58, -42745
45877, -13976.00, -14097.88, -42865
45881, -13969.00, -14091.12, -42987
45886, -13960.00, -14084.27, -43114
45890, -13951.00, -14077.05, -43257
45895, -13944.00, -14068.74, -43397
45900, -13937.00, -14061.12, -43532
45905, -13928.00, -14053.25, -43685
45911, -13920.00, -14044.63, -43851
45917, -13913.00, -14035.65, -44008
45922, -13904.00, -14027.12, -44163
45928, -13895.00, -14018.62, -44317
45933, -13886.00, -14010.23, -44448
45938, -13881.00, -14003.25, -44588
45942, -13871.00, -13995.76, -44719
45947, -13865.00, -13988.81, -44852
45951, -13858.00, -13981.76, -44992
45956, -13849.00, -13974.37, -45159
45962, -13841.00, -13965.45, -45302
45966, -13834.00, -13958.42, -45446
45971, -13825.00, -13951.03, -45600
45976, -13817.00, -13943.00, -45755
45981, -13810.00, -13935.43, -45903
45985, -13801.00, -13928.19, -46091
45991, -13794.00, -13919.14, -46289
45997, -13783.00, -13909.94, -46451
46002, -13776.00, -13902.33, -46638
46007, -13770.00, -13893.84, -46828
46012, -13760.00, -13885.82, -47017
46017, -13753.00, -13877.60, -47248
46023, -13743.00, -13868.23, -47446
46028, -13732.00, -13860.19, -47631
46033, -13726.00, -13852.83, -47831
46038, -13720.00, -13844.91, -48069
46044, -13709.00, -13835.95, -48279
46049, -13701.00, -13827.98, -48497
46053, -13695.00, -13820.40, -48722
46058, -13685.00, -13812.57, -48943
46063, -13680.00, -13805.09, -49168
46068, -13672.00, -13797.81, -49386
46072, -13666.00, -13790.79, -49612
46077, -13656.00, -13783.70, -49849
46081, -13650.00, -13776.17, -50079
46086, -13640.00, -13769.01, -50326
46091, -13634.00, -13761.20, -50583
46096, -13625.00, -13752.97, -50839
46101, -13618.00, -13744.35, -51100
46106, -13610.00, -13736.34, -51357
46111, -13600.00, -13727.94, -51630
46117, -13592.00, -13718.76, -51855
46122, -13585.00, -13710.90, -52077
46127, -13576.00, -13703.29, -52328
46133, -13568.00, -13694.46, -52541
46137, -13559.00, -13686.82, -52751
46142, -13554.00, -13679.31, -52969
46147, -13545.00, -13671.22, -53162
46152, -13537.00, -13663.95, -53349
46156, -13529.00, -13656.80, -53562
46161, -13521.00, -13648.43, -53765
46167, -13513.00, -13640.21, -53961
46171, -13505.00, -13632.51, -54169
46177, -13497.00, -13623.88, -54377
46182, -13488.00, -13615.49, -54552
46187, -13480.00, -13608.22, -54729
46191, -13474.00, -13600.77, -54920
46196, -13464.00, -13592.41, -55113
46201, -13456.00, -13584.29, -55287
46206, -13449.00, -13576.74, -55475
46211, -13442.00, -13568.71, -55655
46216, -13432.00, -13560.68, -55844
46221, -13424.00, -13552.34, -56008
46226, -13417.00, -13545.15, -56186
46231, -13409.00, -13536.65, -56365
46236, -13402.00, -13528.93, -56554
46241, -13394.00, -13520.75, -56736
46246, -13387.00, -13512.46, -56924
46251, -13377.00, -13504.31, -57085
46256, -13369.00, -13497.12, -57246
46260, -13363.00, -13489.96, -57406
46265, -13355.00, -13482.78, -57572
46269, -13350.00, -13475.35, -57782
46275, -13340.00, -13465.83, -57982
46281, -13330.00, -13456.64, -58150
46286, -13322.00, -13449.50, -58327
46291, -13315.00, -13441.51, -58541
46297, -13307.00, -13432.05, -58718
46302, -13298.00, -13424.46, -58904
46307, -13291.00, -13416.21, -59110
46312, -13285.00, -13407.60, -59290
46317, -13276.00, -13400.02, -59459
46322, -13268.00, -13393.06, -59684
46328, -13258.00, -13383.58, -59860
46332, -13253.00, -13376.31, -60055
46337, -13244.00, -13368.37, -60251
46342, -13235.00, -13360.71, -60435
46347, -13228.00, -13353.34, -60619
46351, -13222.00, -13346.23, -60828
46357, -13213.00, -13338.04, -61038
46362, -13203.00, -13330.15, -61258
46367, -13197.00, -13321.72, -61463
46372, -13190.00, -13314.48, -61669
46376, -13181.00, -13307.02, -61878
46381, -13173.00, -13299.40, -62091
46386, -13167.00, -13292.12, -62318
46391, -13159.00, -13284.44, -62546
46396, -13150.00, -13276.77, -62785
46401, -13143.00, -13268.72, -63086
46407, -13133.00, -13259.20, -63344
46412, -13126.00, -13251.40, -63620
46417, -13118.00, -13243.02, -63873
46421, -13109.00, -13235.90, -64150
46426, -13099.00, -13227.78, -64442
46431, -13092.00, -13219.60, -64732
46436, -13085.00, -13211.69, -65025
46441, -13078.00, -13204.24, -65314
46446, -13070.00, -13196.94, -65636
46451, -13062.00, -13189.05, -65965
46456, -13055.00, -13180.99, -66265
46460, -13048.00, -13173.55, -66570
46465, -13041.00, -13166.20, -66890
46470, -13033.00, -13158.43, -67191
46475, -13025.00, -13150.81, -67456
46479, -13017.00, -13143.76, -67739
46484, -13010.00, -13136.02, -68036
46489, -13002.00, -13127.74, -68284
46494, -12997.00, -13120.79, -68575
46499, -12986.00, -13112.04, -68827
46504, -12979.00, -13104.40, -69075
46509, -12970.00, -13096.36, -69358
46515, -12960.00, -13086.75, -69601
46521, -12952.00, -13078.23, -69869
46527, -12939.00, -13068.28, -70057
46531, -12933.00, -13061.08, -70254
46536, -12926.00, -13053.19, -70446
46541, -12919.00, -13045.54, -70639
46546, -12912.00, -13037.33, -70813
46551, -12905.00, -13030.05, -70977
46556, -12898.00, -13022.72, -71152
46560, -12892.00, -13015.17, -71327
46566, -12882.00, -13007.01, -71495
46571, -12875.00, -12999.22, -71659
46576, -12868.00, -12991.24, -71813
46581, -12861.00, -12983.89, -71954
46585, -12854.00, -12976.83, -72094
46590, -12846.00, -12969.80, -72242
46595, -12841.00, -12961.86, -72396
46600, -12833.00, -12953.88, -72548
46605, -12825.00, -12945.92, -72698
46610, -12817.00, -12938.12, -72854
46616, -12805.00, -12929.30, -72987
46621, -12797.00, -12921.72, -73118
46626, -12792.00, -12913.99, -73249
46631, -12786.00, -12906.60, -73370
46635, -12780.00, -12899.63, -73496
46640, -12773.00, -12892.26, -73640
46646, -12763.00, -12883.57, -73763
46651, -12755.00, -12876.20, -73901
46657, -12746.00, -12867.57, -74037
46662, -12736.00, -12859.22, -74152
46667, -12730.00, -12852.01, -74257
46671, -12724.00, -12845.12, -74395
46677, -12715.00, -12836.09, -74514
46682, -12707.00, -12828.52, -74629
46687, -12700.00, -12820.94, -74750
46692, -12692.00, -12812.99, -74877
46698, -12685.00, -12804.77, -74991
46703, -12678.00, -12796.81, -75111
46708, -12669.00, -12789.09, -75218
46713, -12663.00, -12782.37, -75326
46717, -12655.00, -12775.32, -75437
46722, -12648.00, -12767.83, -75573
46728, -12641.00, -12758.93, -75682
46733, -12633.00, -12752.04, -75818
46739, -12627.00, -12743.04, -75957
46745, -12617.00, -12734.46, -76060
46749, -12612.00, -12727.90, -76175
46754, -12604.00, -12720.53, -76309
46760, -12595.00, -12711.86, -76431
46765, -12588.00, -12704.48, -76546
46770, -12578.00, -12697.31, -76691
46777, -12571.00, -12687.92, -76802
46781, -12562.00, -12681.09, -76917
46786, -12556.00, -12673.77, -77046
46791, -12547.00, -12665.72, -77163
46796, -12541.00, -12658.46, -77279
46801, -12534.00, -12651.48, -77409
46807, -12525.00, -12643.41, -77523
46811, -12520.00, -12636.80, -77634
46815, -12513.00, -12630.21, -77753
46820, -12507.00, -12623.23, -77863
46825, -12499.00, -12616.80, -77973
46829, -12494.00, -12610.34, -78091
46834, -12484.00, -12603.58, -78239
46839, -12477.00, -12594.80, -78373
46844, -12469.00, -12587.41, -78517
46850, -12462.00, -12579.48, -78672
46855, -12454.00, -12571.11, -78820
46861, -12447.00, -12563.22, -78964
46866, -12438.00, -12555.68, -79100
46871, -12432.00, -12548.68, -79245
46876, -12424.00, -12541.22, -79390
46881, -12416.00, -12533.97, -79538
46886, -12410.00, -12526.45, -79682
46890, -12403.00, -12519.61, -79838
46896, -12395.00, -12512.16, -79995
46900, -12390.00, -12505.03, -80152
46905, -12380.00, -12497.92, -80310
46910, -12373.00, -12490.91, -80496
46916, -12367.00, -12482.65, -80677
46921, -12358.00, -12475.10, -80861
46926, -12351.00, -12467.75, -81025
46930, -12343.00, -12461.13, -81193
46935, -12336.00, -12454.27, -81396
46940, -12328.00, -12446.55, -81609
46945, -12322.00, -12438.64, -81807
46950, -12316.00, -12431.56, -81997
46955, -12308.00, -12425.04, -82214
46960, -12301.00, -12417.51, -82441
46965, -12294.00, -12409.96, -82647
46970, -12287.00, -12403.05, -82862
46975, -12280.00, -12395.88, -83094
46980, -12272.00, -12388.31, -83302
46985, -12263.00, -12381.31, -83516
46990, -12256.00, -12373.66, -83758
46995, -12250.00, -12365.61, -83966
47000, -12243.00, -12358.49, -84168
47005, -12235.00, -12351.23, -84365
47010, -12228.00, -12344.39, -84591
47016, -12222.00, -12336.28, -84788
47021, -12213.00, -12328.86, -84972
47025, -12206.00, -12322.28, -85162
47030, -12199.00, -12315.11, -85331
47034, -12191.00, -12308.60, -85522
47040, -12185.00, -12301.24, -85704
47044, -12176.00, -12293.98, -85891
47049, -12170.00, -12286.58, -86073
47054, -12162.00, -12279.28, -86257
47059, -12155.00, -12271.85, -86419
47064, -12148.00, -12265.17, -86579
47068, -12141.00, -12258.59, -86751
47073, -12133.00, -12251.19, -86941
47079, -12126.00, -12243.11, -87113
47084, -12119.00, -12235.95, -87284
47089, -12112.00, -12228.36, -87486
47095, -12103.00, -12220.03, -87643
47099, -12096.00, -12213.10, -87810
47104, -12089.00, -12205.77, -88001
47110, -12080.00, -12197.74, -88179
47115, -12075.00, -12189.87, -88341
47120, -12066.00, -12183.04, -88547
47126, -12059.00, -12174.23, -88722
47131, -12052.00, -12166.44, -88882
47136, -12043.00, -12159.81, -89047
47141, -12035.00, -12152.37, -89218
47146, -12030.00, -12145.27, -89369
47150, -12021.00, -12138.74, -89522
47155, -12015.00, -12132.10, -89686
47160, -12007.00, -12125.04, -89852
47164, -12001.00, -12117.86, -90019
47169, -11991.00, -12110.78, -90174
47174, -11985.00, -12103.91, -90359
47179, -11977.00, -12096.08, -90545
47184, -11967.00, -12087.81, -90710
47189, -11962.00, -12080.81, -90910
47195, -11954.00, -12072.20, -91081
47200, -11946.00, -12065.09, -91269
47205, -11940.00, -12057.32, -91457
47210, -11932.00, -12049.35, -91647
47215, -11924.00, -12041.88, -91820
47220, -11916.00, -12034.88, -92013
47225, -11908.00, -12027.01, -92185
47230, -11902.00, -12020.29, -92372
47235, -11894.00, -12012.62, -92559
47240, -11886.00, -12005.80, -92741
47244, -11878.00, -11998.42, -92943
47249, -11871.00, -11991.03, -93126
47254, -11864.00, -11984.11, -93337
47259, -11857.00, -11976.56, -93553
47264, -11849.00, -11968.75, -93758
47269, -11843.00, -11961.62, -93984
47274, -11833.00, -11953.73, -94213
47279, -11826.00, -11946.14, -94417
47284, -11819.00, -11939.37, -94650
47289, -11812.00, -11931.73, -94904
47294, -11802.00, -11923.63, -95136
47299, -11796.00, -11916.23, -95418
47304, -11788.00, -11907.82, -95668
47309, -11782.00, -11900.63, -95920
47314, -11773.00, -11893.40, -96188
47319, -11765.00, -11885.91, -96500
47325, -11759.00, -11877.40, -96807
47330, -11751.00, -11869.55, -97108
47335, -11742.00, -11862.07, -97472
47341, -11735.00, -11853.07, -97807
47346, -11728.00, -11845.38, -98136
47351, -11720.00, -11837.87, -98497
47357, -11711.00, -11829.77, -98861
47362, -11705.00, -11822.23, -99180
47366, -11698.00, -11815.33, -99573
47372, -11689.00, -11806.61, -99956
47378, -11678.00, -11797.60, -100274
47383, -11671.00, -11790.23, -100584
47388, -11665.00, -11782.61, -100917
47394, -11655.00, -11774.04, -101198
47399, -11646.00, -11766.54, -101480
47404, -11637.00, -11758.57, -101788
47410, -11631.00, -11749.65, -102022
47415, -11624.00, -11742.66, -102238
47419, -11617.00, -11736.05, -102476
47425, -11608.00, -11728.23, -102683
47429, -11604.00, -11721.64, -102893
47434, -11596.00, -11714.52, -103098
47439, -11591.00, -11707.53, -103288
47443, -11583.00, -11700.86, -103491
47448, -11577.00, -11693.29, -103701
47454, -11567.00, -11685.47, -103896
47458, -11562.00, -11678.20, -104066
47463, -11554.00, -11671.60, -104243
47468, -11547.00, -11664.48, -104420
47473, -11541.00, -11657.33, -104577
47477, -11535.00, -11650.84, -104736
47482, -11526.00, -11644.06, -104888
47486, -11518.00, -11637.34, -105036
47491, -11511.00, -11630.69, -105185
47495, -11503.00, -11623.92, -105331
47500, -11496.00, -11616.93, -105485
47505, -11490.00, -11609.50, -105629
47509, -11485.00, -11602.92, -105766
47513, -11480.00, -11596.45, -105920
47519, -11472.00, -11588.98, -106071
47524, -11462.00, -11581.30, -106229
47529, -11454.00, -11573.47, -106371
47534, -11447.00, -11566.11, -106507
47539, -11440.00, -11559.15, -106667
47544, -11431.00, -11550.45, -106802
47549, -11426.00, -11543.63, -106955
47554, -11415.00, -11535.25, -107106
47560, -11406.00, -11527.00, -107237
47565, -11399.00, -11519.62, -107360
47570, -11392.00, -11512.42, -107485
47574, -11387.00, -11505.69, -107620
47579, -11378.00, -11497.94, -107743
47584, -11373.00, -11491.20, -107868
47588, -11367.00, -11484.27, -107996
47593, -11358.00, -11476.85, -108134
47598, -11351.00, -11469.33, -108265
47603, -11343.00, -11461.80, -108409
47609, -11334.00, -11453.86, -108555
47614, -11325.00, -11445.57, -108679
47619, -11319.00, -11438.71, -108824
47624, -11310.00, -11430.37, -108946
47629, -11303.00, -11423.66, -109078
47634, -11295.00, -11416.03, -109207
47638, -11289.00, -11409.07, -109356
47644, -11281.00, -11400.70, -109489
47649, -11274.00, -11393.42, -109638
47654, -11262.00, -11385.08, -109804
47660, -11253.00, -11375.75, -109936
47665, -11246.00, -11368.69, -110063
47669, -11241.00, -11361.89, -110218
47675, -11230.00, -11353.40, -110352
47680, -11224.00, -11346.22, -110483
47684, -11219.00, -11339.44, -110629
47689, -11209.00, -11331.61, -110776
47694, -11203.00, -11324.36, -110918
47699, -11195.00, -11317.13, -111097
47705, -11185.00, -11307.90, -111247
47709, -11177.00, -11300.45, -111402
47714, -11171.00, -11292.93, -111551
47719, -11164.00, -11285.51, -111713
47724, -11157.00, -11278.03, -111874
47729, -11150.00, -11270.48, -112056
47734, -11141.00, -11262.35, -112214
47739, -11134.00, -11255.41, -112419
47745, -11124.00, -11246.44, -112590
47750, -11117.00, -11239.09, -112779
47755, -11109.00, -11231.29, -112955
47759, -11103.00, -11223.97, -113147
47764, -11095.00, -11216.60, -113353
47769, -11086.00, -11208.55, -113550
47774, -11078.00, -11200.96, -113738
47779, -11074.00, -11193.98, -113993
47785, -11063.00, -11184.93, -114209
47790, -11055.00, -11177.51, -114429
47794, -11047.00, -11170.25, -114646
47799, -11041.00, -11163.14, -114898
47804, -11033.00, -11154.88, -115139
47809, -11027.00, -11147.83, -115387
47814, -11020.00, -11140.34, -115608
47818, -11012.00, -11133.62, -115903
47824, -11002.00, -11124.48, -116162
47830, -10993.00, -11116.15, -116416
47835, -10986.00, -11108.27, -116657
47840, -10978.00, -11100.46, -116941
47846, -10969.00, -11091.32, -117226
47852, -10960.00, -11081.72, -117457
47857, -10952.00, -11073.71, -117737
47864, -10944.00, -11064.32, -117981
47869, -10935.00, -11056.10, -118188
47874, -10928.00, -11048.71, -118379
47878, -10921.00, -11042.03, -118571
47883, -10915.00, -11035.05, -118784
47888, -10906.00, -11027.20, -118992
47893, -10898.00, -11019.35, -119179
47898, -10889.00, -11012.11, -119360
47903, -10883.00, -11005.02, -119537
47907, -10876.00, -10998.15, -119724
47912, -10867.00, -10990.71, -119915
47918, -10860.00, -10981.83, -120114
47922, -10851.00, -10974.91, -120282
47926, -10845.00, -10968.04, -120451
47931, -10837.00, -10961.07, -120617
47935, -10832.00, -10954.15, -120783
47940, -10827.00, -10947.37, -120991
47946, -10816.00, -10938.46, -121171
47951, -10809.00, -10930.79, -121364
47956, -10799.00, -10922.65, -121564
47962, -10790.00, -10913.65, -121743
47967, -10783.00, -10906.17, -121922
47972, -10774.00, -10898.31, -122114
47977, -10767.00, -10889.75, -122287
47982, -10760.00, -10882.70, -122461
47987, -10752.00, -10875.13, -122669
47993, -10744.00, -10865.95, -122852
47998, -10737.00, -10858.13, -123014
48002, -10730.00, -10851.22, -123179
48007, -10721.00, -10843.98, -123365
48012, -10715.00, -10836.07, -123538
48017, -10706.00, -10828.44, -123743
48023, -10698.00, -10819.54, -123924
48028, -10691.00, -10811.71, -124102
48033, -10683.00, -10804.26, -124293
48038, -10676.00, -10796.09, -124491
48044, -10667.00, -10787.79, -124665
48049, -10660.00, -10780.70, -124887
48054, -10653.00, -10771.75, -125077
48060, -10646.00, -10764.19, -125248
48064, -10639.00, -10757.49, -125428
48069, -10629.00, -10750.25, -125624
48074, -10623.00, -10742.60, -125807
48079, -10615.00, -10735.58, -126047
48085, -10606.00, -10726.53, -126247
48090, -10599.00, -10718.97, -126430
48094, -10592.00, -10712.17, -126645
48099, -10584.00, -10704.23, -126870
48105, -10578.00, -10696.37, -127037
48109, -10585.00, -10689.64, -127110
48114, -10592.00, -10683.68, -127114
48119, -10600.00, -10678.28, -127074
48124, -10606.00, -10674.20, -126995
48129, -10614.00, -10670.29, -126881
48134, -10622.00, -10667.14, -126726
48139, -10630.00, -10664.34, -126556
48145, -10635.00, -10662.13, -126406
48150, -10642.00, -10660.81, -126229
48155, -10651.00, -10659.89, -126054
48160, -10659.00, -10659.58, -125879
48165, -10665.00, -10659.73, -125668
48171, -10672.00, -10660.34, -125455
48177, -10685.00, -10661.66, -125287
48182, -10690.00, -10663.17, -125101
48187, -10699.00, -10665.15, -124926
48192, -10705.00, -10667.41, -124758
48197, -10714.00, -10669.91, -124551
48203, -10724.00, -10673.45, -124385
48207, -10728.00, -10676.47, -124231
48212, -10734.00, -10679.51, -124059
48217, -10743.00, -10683.09, -123880
48222, -10750.00, -10687.26, -123700
48227, -10758.00, -10691.40, -123545
48232, -10765.00, -10695.37, -123379
48237, -10772.00, -10699.70, -123212
48242, -10779.00, -10704.34, -123042
48247, -10785.00, -10709.02, -122874
48252, -10795.00, -10713.95, -122714
48256, -10800.00, -10718.71, -122530
48262, -10809.00, -10724.57, -122354
48267, -10817.00, -10729.93, -122187
48272, -10824.00, -10735.54, -122016
48277, -10831.00, -10740.92, -121845
48282, -10837.00, -10746.79, -121678
48287, -10843.00, -10752.07, -121493
48292, -10854.00, -10758.52, -121321
48297, -10860.00, -10764.43, -121137
48302, -10868.00, -10770.80, -120918
48309, -10877.00, -10778.73, -120748
48314, -10885.00, -10784.55, -120574
48318, -10892.00, -10790.72, -120393
48324, -10901.00, -10797.34, -120226
48328, -10907.00, -10803.47, -120041
48333, -10915.00, -10810.17, -119859
48339, -10920.00, -10816.85, -119679
48343, -10928.00, -10822.79, -119509
48348, -10936.00, -10828.82, -119339
48352, -10941.00, -10834.78, -119164
48357, -10946.00, -10840.88, -118969
48362, -10955.00, -10847.70, -118782
48366, -10960.00, -10854.06, -118552
48372, -10972.00, -10862.02, -118327
48378, -10981.00, -10869.54, -118127
48383, -10986.00, -10876.44, -117881
48389, -10996.00, -10884.56, -117635
48394, -11003.00, -10892.53, -117424
48399, -11011.00, -10899.22, -117205
48404, -11018.00, -10906.09, -116979
48409, -11027.00, -10913.10, -116755
48414, -11033.00, -10919.98, -116519
48419, -11042.00, -10927.24, -116250
48424, -11050.00, -10935.04, -116013
48429, -11056.00, -10941.82, -115750
48434, -11063.00, -10949.38, -115490
48440, -11071.00, -10957.17, -115257
48444, -11081.00, -10963.74, -115002
48450, -11087.00, -10971.52, -114745
48455, -11094.00, -10979.59, -114533
48460, -11102.00, -10986.09, -114335
48464, -11109.00, -10992.57, -114119
48469, -11116.00, -10999.93, -113908
48474, -11124.00, -11007.14, -113693
48479, -11131.00, -11014.64, -113451
48485, -11140.00, -11023.48, -113250
48490, -11148.00, -11031.13, -113070
48495, -11155.00, -11037.81, -112899
48500, -11162.00, -11044.82, -112703
48505, -11170.00, -11052.62, -112517
48510, -11176.00, -11060.47, -112337
48515, -11185.00, -11067.98, -112144
48521, -11192.00, -11076.14, -111942
48527, -11201.00, -11084.95, -111785
48532, -11209.00, -11092.09, -111634
48537, -11216.00, -11098.94, -111494
48541, -11223.00, -11105.62, -111356
48546, -11230.00, -11112.18, -111220
48550, -11238.00, -11118.91, -111077
48555, -11245.00, -11125.88, -110945
48559, -11253.00, -11132.57, -110808
48564, -11262.00, -11139.59, -110678
48568, -11268.00, -11146.38, -110529
48573, -11276.00, -11154.26, -110375
48579, -11283.00, -11162.42, -110245
48583, -11290.00, -11169.25, -110118
48588, -11294.00, -11175.91, -109973
48593, -11306.00, -11184.09, -109841
48598, -11309.00, -11190.85, -109714
48602, -11316.00, -11197.57, -109591
48607, -11323.00, -11204.54, -109442
48612, -11331.00, -11212.45, -109298
48617, -11340.00, -11220.13, -109161
48622, -11348.00, -11227.72, -109003
48628, -11359.00, -11236.43, -108851
48634, -11368.00, -11245.00, -108715
48639, -11375.00, -11252.85, -108574
48644, -11384.00, -11260.74, -108445
48649, -11392.00, -11268.16, -108299
48654, -11400.00, -11276.30, -108157
48659, -11409.00, -11284.47, -108025
48664, -11416.00, -11292.20, -107879
48669, -11424.00, -11300.46, -107740
48674, -11431.00, -11308.33, -107609
48679, -11439.00, -11315.60, -107478
48684, -11446.00, -11322.98, -107315
48690, -11455.00, -11332.03, -107170
48695, -11463.00, -11339.99, -107036
48699, -11471.00, -11347.12, -106868
48706, -11479.00, -11356.54, -106690
48711, -11487.00, -11365.47, -106551
48716, -11495.00, -11372.90, -106390
48722, -11502.00, -11381.22, -106226
48727, -11511.00, -11389.39, -106083
48732, -11520.00, -11396.65, -105905
48737, -11527.00, -11405.24, -105719
48743, -11539.00, -11414.34, -105569
48748, -11544.00, -11421.82, -105387
48754, -11555.00, -11430.38, -105217
48759, -11564.00, -11438.55, -105052
48764, -11570.00, -11446.30, -104877
48769, -11576.00, -11454.18, -104676
48775, -11587.00, -11463.09, -104514
48779, -11593.00, -11469.97, -104342
48784, -11600.00, -11477.42, -104157
48789, -11608.00, -11485.06, -103969
48794, -11615.00, -11492.60, -103783
48799, -11623.00, -11500.11, -103586
48803, -11630.00, -11507.73, -103396
48808, -11635.00, -11514.49, -103200
48813, -11642.00, -11521.56, -102992
48817, -11649.00, -11528.95, -102785
48822, -11656.00, -11535.76, -102581
48826, -11664.00, -11542.49, -102369
48831, -11671.00, -11549.41, -102130
48836, -11678.00, -11556.84, -101879
48841, -11685.00, -11564.50, -101623
48846, -11693.00, -11571.85, -101316
48851, -11700.00, -11580.40, -101057
48856, -11708.00, -11587.31, -100733
48861, -11716.00, -11595.71, -100409
48867, -11722.00, -11603.61, -100025
48873, -11733.00, -11612.72, -99717
48877, -11739.00, -11619.54, -99406
48882, -11746.00, -11626.42, -99105
48887, -11753.00, -11633.28, -98769
48892, -11759.00, -11641.07, -98448
48896, -11768.00, -11647.97, -98127
48901, -11775.00, -11655.42, -97778
48907, -11784.00, -11663.66, -97464
48912, -11792.00, -11671.32, -97195
48916, -11798.00, -11678.28, -96854
48922, -11805.00, -11686.73, -96540
48928, -11815.00, -11694.87, -96243
48933, -11822.00, -11702.78, -95981
48938, -11829.00, -11710.14, -95675
48944, -11840.00, -11719.22, -95371
48949, -11849.00, -11727.88, -95124
48954, -11858.00, -11735.48, -94874
48960, -11865.00, -11743.39, -94622
48965, -11875.00, -11751.86, -94382
48970, -11881.00, -11759.70, -94133
48975, -11890.00, -11767.82, -93917
48980, -11897.00, -11775.40, -93700
48985, -11903.00, -11782.90, -93471
48991, -11912.00, -11791.18, -93265
48996, -11921.00, -11798.53, -93058
49001, -11928.00, -11806.11, -92846
49006, -11934.00, -11814.06, -92646
49011, -11943.00, -11821.84, -92459
49016, -11950.00, -11828.93, -92282
49020, -11957.00, -11835.81, -92083
49025, -11967.00, -11843.93, -91908
49030, -11972.00, -11850.79, -91726
49035, -11978.00, -11858.81, -91538
49040, -11988.00, -11866.14, -91364
49045, -11995.00, -11873.70, -91170
49050, -12002.00, -11881.81, -90980
49055, -12011.00, -11889.61, -90792
49061, -12020.00, -11897.74, -90631
49065, -12025.00, -11904.83, -90457
49070, -12033.00, -11912.25, -90266
49076, -12041.00, -11920.59, -90102
49081, -12047.00, -11927.74, -89929
49086, -12056.00, -11935.31, -89710
49092, -12063.00, -11944.76, -89554
49096, -12071.00, -11951.61, -89387
49101, -12079.00, -11959.07, -89232
49106, -12086.00, -11965.80, -89079
49110, -12093.00, -11972.58, -88917
49115, -12099.00, -11979.59, -88718
49121, -12109.00, -11988.59, -88554
49126, -12117.00, -11995.66, -88387
49130, -12123.00, -12003.00, -88218
49135, -12131.00, -12010.28, -88042
49140, -12135.00, -12017.95, -87873
49145, -12145.00, -12025.01, -87706
49150, -12151.00, -12032.28, -87519
49155, -12161.00, -12040.22, -87331
49161, -12169.00, -12048.29, -87112
49167, -12178.00, -12057.79, -86933
49172, -12184.00, -12064.94, -86731
49177, -12195.00, -12073.30, -86523
49183, -12199.00, -12081.84, -86338
49188, -12209.00, -12088.93, -86112
49194, -12216.00, -12097.84, -85881
49199, -12225.00, -12106.63, -85697
49204, -12233.00, -12113.46, -85504
49209, -12240.00, -12120.85, -85311
49214, -12248.00, -12127.88, -85129
49218, -12256.00, -12134.57, -84941
49223, -12262.00, -12141.80, -84726
49228, -12272.00, -12149.20, -84507
49233, -12280.00, -12157.16, -84238
49239, -12288.00, -12166.60, -83983
49244, -12298.00, -12175.02, -83714
49250, -12307.00, -12183.81, -83480
49255, -12316.00, -12191.37, -83242
49260, -12322.00, -12199.19, -83008
49265, -12330.00, -12206.62, -82731
49271, -12340.00, -12215.90, -82434
49277, -12350.00, -12225.70, -82180
49283, -12358.00, -12235.04, -81956
49288, -12367.00, -12242.18, -81693
49294, -12374.00, -12251.61, -81465
49299, -12383.00, -12259.68, -81281
49303, -12390.00, -12266.49, -81073
49309, -12398.00, -12274.67, -80891
49313, -12405.00, -12281.64, -80703
49318, -12414.00, -12289.40, -80531
49323, -12423.00, -12296.49, -80356
49327, -12429.00, -12303.91, -80186
49332, -12436.00, -12311.29, -80028
49336, -12445.00, -12318.27, -79850
49342, -12455.00, -12326.50, -79694
49346, -12463.00, -12333.90, -79532
49351, -12469.00, -12341.97, -79380
49356, -12474.00, -12349.07, -79219
49361, -12484.00, -12357.15, -79076
49365, -12490.00, -12364.32, -78893
49371, -12501.00, -12373.96, -78753
49376, -12508.00, -12381.17, -78620
49380, -12513.00, -12388.27, -78462
49386, -12524.00, -12396.76, -78291
49392, -12536.00, -12406.54, -78157
49396, -12542.00, -12413.86, -78006
49402, -12550.00, -12422.64, -77858
49407, -12558.00, -12431.27, -77730
49412, -12568.00, -12438.50, -77609
49416, -12571.00, -12445.61, -77446
49422, -12584.00, -12455.59, -77321
49427, -12591.00, -12462.92, -77184
49432, -12599.00, -12471.64, -77041
49438, -12606.00, -12480.13, -76918
49443, -12615.00, -12487.85, -76785
49448, -12623.00, -12496.23, -76640
49453, -12630.00, -12505.25, -76512
49458, -12638.00, -12513.04, -76389
49463, -12647.00, -12520.86, -76238
49469, -12655.00, -12530.32, -76109
49475, -12662.00, -12538.37, -75993
49479, -12671.00, -12545.87, -75865
49484, -12679.00, -12553.70, -75740
49489, -12688.00, -12561.67, -75625
49494, -12694.00, -12569.04, -75503
49499, -12702.00, -12577.10, -75374
49504, -12710.00, -12585.06, -75252
49510, -12719.00, -12593.42, -75129
49514, -12726.00, -12600.77, -75007
49519, -12733.00, -12608.88, -74888
49524, -12741.00, -12616.38, -74775
49529, -12751.00, -12623.51, -74654
49534, -12758.00, -12631.29, -74539
49538, -12766.00, -12638.85, -74421
49543, -12774.00, -12646.49, -74293
49548, -12783.00, -12654.51, -74136
49554, -12789.00, -12664.04, -74011
49559, -12797.00, -12671.89, -73876
49564, -12806.00, -12679.78, -73730
49570, -12813.00, -12688.51, -73593
49575, -12821.00, -12696.59, -73464
49579, -12829.00, -12703.82, -73330
49584, -12836.00, -12711.52, -73192
49589, -12845.00, -12719.56, -73045
49595, -12854.00, -12727.61, -72868
49601, -12862.00, -12737.38, -72732
49605, -12870.00, -12744.72, -72584
49610, -12877.00, -12752.29, -72450
49615, -12886.00, -12759.43, -72314
49619, -12894.00, -12766.54, -72160
49624, -12903.00, -12774.42, -72018
49629, -12911.00, -12781.77, -71867
49633, -12918.00, -12789.31, -71715
49638, -12926.00, -12796.72, -71567
49642, -12931.00, -12803.77, -71385
49647, -12941.00, -12812.26, -71223
49652, -12947.00, -12819.61, -71062
49657, -12952.00, -12826.79, -70897
49661, -12960.00, -12834.01, -70710
49666, -12969.00, -12841.95, -70516
49671, -12974.00, -12850.17, -70332
49676, -12984.00, -12857.71, -70129
49681, -12990.00, -12865.41, -69931
49686, -12997.00, -12873.16, -69707
49691, -13008.00, -12881.63, -69503
49696, -13013.00, -12888.76, -69300
49701, -13018.00, -12895.88, -69087
49705, -13028.00, -12903.24, -68854
49710, -13033.00, -12910.82, -68639
49715, -13042.00, -12917.71, -68393
49720, -13050.00, -12925.48, -68143
49724, -13058.00, -12932.83, -67904
49729, -13065.00, -12939.91, -67611
49734, -13073.00, -12947.99, -67348
49738, -13081.00, -12955.10, -67078
49743, -13087.00, -12962.04, -66802
49747, -13095.00, -12969.08, -66514
49752, -13101.00, -12976.74, -66226
49757, -13107.00, -12983.75, -65944
49761, -13114.00, -12990.74, -65673
49766, -13119.00, -12997.65, -65405
49770, -13126.00, -13004.58, -65134
49775, -13136.00, -13011.86, -64860
49780, -13143.00, -13019.15, -64605
49784, -13150.00, -13026.18, -64357
49789, -13158.00, -13033.15, -64110
49793, -13166.00, -13040.45, -63861
49798, -13172.00, -13047.74, -63625
49802, -13177.00, -13054.82, -63392
49807, -13182.00, -13061.73, -63173
49811, -13189.00, -13068.46, -62944
49816, -13196.00, -13075.95, -62710
49821, -13204.00, -13083.10, -62502
49826, -13211.00, -13089.97, -62299
49830, -13220.00, -13096.96, -62102
49835, -13225.00, -13103.77, -61905
49839, -13233.00, -13110.71, -61711
49844, -13241.00, -13117.71, -61519
49848, -13249.00, -13124.65, -61326
49853, -13253.00, -13131.77, -61137
49857, -13259.00, -13138.94, -60950
49862, -13266.00, -13145.76, -60775
49866, -13273.00, -13152.52, -60596
49871, -13279.00, -13159.44, -60400
49876, -13285.00, -13166.99, -60205
49881, -13293.00, -13174.59, -60035
49886, -13302.00, -13181.44, -59835
49891, -13310.00, -13189.67, -59657
49896, -13317.00, -13196.85, -59444
49902, -13325.00, -13205.75, -59284
49906, -13331.00, -13212.44, -59125
49911, -13339.00, -13219.12, -58915
49917, -13348.00, -13228.37, -58745
49922, -13355.00, -13235.73, -58577
49927, -13362.00, -13242.94, -58398
49932, -13371.00, -13250.94, -58225
49937, -13377.00, -13258.46, -58033
49943, -13387.00, -13266.91, -57833
49949, -13399.00, -13276.12, -57666
49954, -13406.00, -13283.76, -57486
49959, -13414.00, -13292.27, -57289
49965, -13420.00, -13300.93, -57142
49969, -13427.00, -13307.58, -56989
49974, -13435.00, -13314.48, -56836
49979, -13442.00, -13321.46, -56677
49983, -13447.00, -13328.70, -56502
49989, -13458.00, -13336.59, -56341
49993, -13464.00, -13343.74, -56148
49999, -13472.00, -13352.79, -55947
50005, -13480.00, -13361.46, -55784
50010, -13489.00, -13368.53, -55614
50015, -13494.00, -13376.19, -55418
50021, -13504.00, -13384.42, -55242
50026, -13510.00, -13392.11, -55031
50032, -13518.00, -13400.92, -54848
50037, -13526.00, -13408.30, -54652
50042, -13536.00, -13416.59, -54480
50047, -13542.00, -13423.39, -54286
50052, -13550.00, -13431.47, -54058
50058, -13561.00, -13440.36, -53883
50063, -13567.00, -13447.36, -53651
50069, -13579.00, -13456.50, -53442
50074, -13588.00, -13464.96, -53239
50079, -13595.00, -13472.81, -53052
50084, -13600.00, -13479.62, -52853
50089, -13609.00, -13487.28, -52653
50093, -13614.00, -13494.29, -52399
50100, -13625.00, -13503.56, -52186
50104, -13634.00, -13511.11, -51972
50109, -13641.00, -13518.35, -51769
50114, -13648.00, -13525.21, -51543
50119, -13655.00, -13532.81, -51325
50123, -13661.00, -13539.81, -51113
50128, -13666.00, -13546.50, -50886
50132, -13674.00, -13553.66, -50640
50137, -13683.00, -13560.96, -50387
50142, -13690.00, -13568.54, -50146
50147, -13696.00, -13576.03, -49869
50153, -13707.00, -13584.55, -49635
50157, -13712.00, -13591.37, -49401
50162, -13720.00, -13598.97, -49138
50168, -13730.00, -13607.61, -48893
50173, -13737.00, -13615.83, -48688
50178, -13744.00, -13623.18, -48472
50183, -13751.00, -13630.60, -48272
50188, -13759.00, -13637.80, -48079
50192, -13766.00, -13645.30, -47895
50197, -13773.00, -13652.09, -47718
50201, -13781.00, -13659.00, -47547
50206, -13789.00, -13665.88, -47377
50210, -13794.00, -13672.85, -47192
50216, -13803.00, -13680.64, -46996
50221, -13812.00, -13689.17, -46824
50226, -13818.00, -13696.45, -46636
50231, -13827.00, -13704.88, -46478
50236, -13836.00, -13711.97, -46331
50240, -13844.00, -13718.90, -46162
50246, -13852.00, -13727.00, -46013
50250, -13859.00, -13734.13, -45858
50255, -13866.00, -13741.77, -45708
50260, -13873.00, -13749.28, -45560
50264, -13880.00, -13756.49, -45423
50269, -13886.00, -13763.37, -45284
50273, -13892.00, -13770.47, -45148
50278, -13899.00, -13777.29, -45015
50283, -13905.00, -13784.30, -44885
50287, -13914.00, -13791.31, -44755
50292, -13921.00, -13798.13, -44630
50296, -13928.00, -13805.03, -44503
50301, -13936.00, -13812.11, -44377
50305, -13943.00, -13819.06, -44252
50310, -13950.00, -13826.11, -44129
50314, -13956.00, -13833.09, -44007
50319, -13962.00, -13840.01, -43886
50323, -13967.00, -13846.73, -43758
50328, -13976.00, -13853.97, -43631
50333, -13980.00, -13861.21, -43499
50338, -13989.00, -13868.82, -43372
50342, -13995.00, -13875.91, -43258
50347, -14003.00, -13882.54, -43128
50352, -14010.00, -13890.06, -43014
50356, -14018.00, -13896.76, -42897
50361, -14026.00, -13903.67, -42781
50365, -14032.00, -13910.49, -42667
50369, -14037.00, -13917.12, -42551
50374, -14042.00, -13923.72, -42438
50378, -14049.00, -13930.40, -42318
50383, -14054.00, -13937.12, -42189
50388, -14063.00, -13944.58, -42069
50393, -14069.00, -13951.45, -41946
50397, -14077.00, -13958.23, -41832
50401, -14085.00, -13964.74, -41708
50406, -14093.00, -13971.75, -41587
50411, -14100.00, -13978.52, -41463
50415, -14107.00, -13985.29, -41341
50419, -14112.00, -13991.95, -41207
50424, -14119.00, -13999.13, -41078
50429, -14124.00, -14005.83, -40950
50433, -14131.00, -14012.48, -40823
50438, -14138.00, -14019.10, -40686
50442, -14146.00, -14025.99, -40555
50447, -14154.00, -14032.67, -40420
50451, -14161.00, -14039.43, -40282
50455, -14168.00, -14046.21, -40144
50460, -14174.00, -14053.02, -40003
50464, -14179.00, -14059.72, -39857
50469, -14186.00, -14066.53, -39708
50473, -14193.00, -14073.42, -39563
50478, -14199.00, -14080.02, -39410
50482, -14208.00, -14086.97, -39255
50487, -14214.00, -14093.82, -39103
50491, -14223.00, -14100.52, -38944
50496, -14229.00, -14107.36, -38779
50500, -14236.00, -14114.21, -38611
50505, -14242.00, -14121.08, -38440
50509, -14247.00, -14127.90, -38269
50514, -14253.00, -14134.55, -38092
50518, -14261.00, -14141.32, -37900
50523, -14268.00, -14148.39, -37716
50527, -14275.00, -14155.12, -37522
50532, -14282.00, -14161.97, -37325
50536, -14290.00, -14168.72, -37126
50541, -14297.00, -14175.41, -36916
50545, -14304.00, -14182.28, -36698
50550, -14309.00, -14188.99, -36475
50554, -14314.00, -14195.71, -36241
50559, -14321.00, -14202.47, -36005
50563, -14329.00, -14209.12, -35761
50568, -14335.00, -14215.79, -35491
50572, -14342.00, -14222.85, -35224
50577, -14351.00, -14229.61, -34939
50581, -14357.00, -14236.57, -34649
50586, -14367.00, -14243.41, -34350
50590, -14371.00, -14250.20, -34042
50595, -14377.00, -14257.02, -33722
50599, -14383.00, -14263.88, -33411
50604, -14390.00, -14270.72, -33105
50608, -14398.00, -14277.44, -32807
50613, -14404.00, -14284.27, -32494
50618, -14411.00, -14291.31, -32200
50622, -14420.00, -14298.24, -31916
50627, -14428.00, -14305.11, -31641
50631, -14434.00, -14311.99, -31372
50636, -14442.00, -14318.84, -31107
50640, -14447.00, -14325.70, -30849
50645, -14452.00, -14332.59, -30595
50649, -14459.00, -14339.69, -30330
50654, -14467.00, -14346.74, -30091
50658, -14473.00, -14353.51, -29861
50663, -14482.00, -14360.51, -29598
50668, -14489.00, -14368.40, -29352
50673, -14497.00, -14375.98, -29135
50678, -14504.00, -14382.79, -28924
50682, -14512.00, -14389.60, -28720
50687, -14519.00, -14396.43, -28521
50691, -14526.00, -14403.24, -28323
50696, -14533.00, -14410.09, -28126
50700, -14539.00, -14417.01, -27931
50705, -14543.00, -14423.94, -27745
50709, -14551.00, -14430.55, -27565
50713, -14556.00, -14437.18, -27386
50718, -14565.00, -14443.99, -27203
50722, -14571.00, -14450.86, -27026
50727, -14579.00, -14457.62, -26849
50731, -14586.00, -14464.58, -26678
50736, -14593.00, -14471.32, -26503
50740, -14598.00, -14478.26, -26337
50745, -14604.00, -14484.91, -26174
50749, -14610.00, -14491.51, -26013
50754, -14617.00, -14498.11, -25844
50758, -14625.00, -14505.26, -25687
50763, -14632.00, -14511.86, -25530
50767, -14640.00, -14518.66, -25370
50772, -14647.00, -14525.52, -25210
50776, -14654.00, -14532.42, -25054
50781, -14659.00, -14539.12, -24898
50785, -14665.00, -14545.83, -24743
50790, -14669.00, -14552.36, -24591
50794, -14677.00, -14558.92, -24441
50799, -14683.00, -14565.48, -24289
50803, -14692.00, -14572.10, -24136
50808, -14698.00, -14578.89, -23985
50812, -14706.00, -14585.53, -23834
50816, -14712.00, -14592.16, -23680
50821, -14718.00, -14598.97, -23528
50825, -14722.00, -14605.61, -23378
50830, -14730.00, -14612.09, -23228
50834, -14735.00, -14618.64, -23078
50839, -14742.00, -14625.13, -22927
50843, -14750.00, -14631.78, -22773
50848, -14757.00, -14638.43, -22618
50852, -14765.00, -14645.20, -22457
50857, -14771.00, -14652.20, -22286
50862, -14778.00, -14659.51, -22129
50866, -14784.00, -14666.18, -21975
50871, -14790.00, -14672.67, -21815
50875, -14795.00, -14679.23, -21655
50880, -14801.00, -14685.74, -21468
50885, -14810.00, -14693.55, -21301
50889, -14817.00, -14700.18, -21137
50894, -14824.00, -14706.77, -20976
50898, -14831.00, -14713.34, -20803
50903, -14839.00, -14720.21, -20635
50907, -14847.00, -14726.94, -20460
50912, -14853.00, -14733.81, -20282
50917, -14861.00, -14740.73, -20082
50922, -14866.00, -14748.28, -19906
50926, -14875.00, -14754.93, -19728
50931, -14879.00, -14761.50, -19547
50935, -14887.00, -14768.49, -19353
50940, -14892.00, -14775.09, -19140
50945, -14898.00, -14782.73, -18938
50950, -14907.00, -14789.51, -18721
50955, -14914.00, -14796.99, -18518
50959, -14919.00, -14803.62, -18306
50964, -14929.00, -14810.42, -18075
50969, -14936.00, -14817.90, -17854
50974, -14943.00, -14824.88, -17612
50979, -14952.00, -14832.77, -17370
50984, -14958.00, -14840.36, -17140
50989, -14965.00, -14847.63, -16932
50993, -14974.00, -14854.23, -16696
50999, -14980.00, -14862.24, -16467
51004, -14988.00, -14869.97, -16239
51009, -14995.00, -14877.68, -16046
51014, -15003.00, -14884.31, -15836
51019, -15010.00, -14892.05, -15630
51024, -15018.00, -14899.65, -15443
51029, -15024.00, -14906.97, -15250
51034, -15033.00, -14914.53, -15058
51039, -15040.00, -14922.31, -14881
51044, -15047.00, -14929.62, -14695
51049, -15054.00, -14937.47, -14539
51054, -15061.00, -14943.99, -14389
51058, -15069.00, -14950.63, -14244
51063, -15076.00, -14957.17, -14100
51067, -15083.00, -14963.92, -13956
51072, -15089.00, -14970.64, -13802
51077, -15097.00, -14978.13, -13662
51081, -15103.00, -14984.88, -13508
51087, -15111.00, -14992.49, -13371
51091, -15116.00, -14999.35, -13240
51096, -15123.00, -15005.89, -13113
51100, -15130.00, -15012.42, -12983
51105, -15137.00, -15019.41, -12859
51109, -15146.00, -15026.00, -12719
51114, -15152.00, -15033.79, -12591
51119, -15159.00, -15040.65, -12463
51124, -15167.00, -15047.56, -12331
51129, -15173.00, -15055.17, -12195
51134, -15182.00, -15062.68, -12062
51139, -15189.00, -15070.67, -11938
51144, -15198.00, -15077.38, -11821
51148, -15205.00, -15084.30, -11688
51154, -15213.00, -15092.47, -11572
51158, -15221.00, -15099.31, -11446
51163, -15228.00, -15107.30, -11314
51168, -15236.00, -15115.15, -11188
51174, -15244.00, -15122.88, -11076
51178, -15251.00, -15129.67, -10967
51182, -15257.00, -15136.43, -10858
51187, -15262.00, -15143.10, -10751
51191, -15268.00, -15149.73, -10644
51196, -15274.00, -15156.30, -10536
51200, -15281.00, -15163.16, -10424
51205, -15288.00, -15169.78, -10318
51209, -15296.00, -15176.49, -10213
51214, -15303.00, -15183.17, -10104
51218, -15310.00, -15189.98, -9997
51223, -15317.00, -15196.74, -9889
51227, -15324.00, -15203.41, -9784
51232, -15327.00, -15210.08, -9677
51236, -15334.00, -15216.58, -9566
51241, -15343.00, -15223.63, -9464
51245, -15350.00, -15230.26, -9361
51250, -15356.00, -15236.98, -9252
51254, -15363.00, -15243.64, -9145
51259, -15370.00, -15250.33, -9038
51263, -15377.00, -15257.00, -8930
51267, -15385.00, -15263.65, -8820
51272, -15388.00, -15270.36, -8711
51276, -15394.00, -15276.89, -8597
51281, -15401.00, -15283.63, -8487
51285, -15408.00, -15290.14, -8376
51290, -15416.00, -15296.81, -8264
51294, -15424.00, -15303.50, -8151
51299, -15432.00, -15310.18, -8034
51303, -15439.00, -15317.18, -7913
51308, -15443.00, -15324.03, -7795
51312, -15449.00, -15330.76, -7675
51317, -15454.00, -15337.34, -7552
51321, -15462.00, -15344.06, -7432
51326, -15468.00, -15350.60, -7311
51330, -15476.00, -15357.32, -7182
51335, -15484.00, -15364.08, -7055
51339, -15492.00, -15370.82, -6926
51344, -15498.00, -15377.56, -6795
51348, -15505.00, -15384.31, -6663
51352, -15509.00, -15390.94, -6523
51357, -15516.00, -15397.75, -6386
51362, -15521.00, -15404.40, -6243
51366, -15529.00, -15410.99, -6095
51371, -15536.00, -15417.88, -5952
51375, -15545.00, -15424.47, -5803
51380, -15551.00, -15431.35, -5650
51384, -15558.00, -15438.08, -5494
51389, -15565.00, -15444.79, -5337
51393, -15571.00, -15451.50, -5173
51397, -15578.00, -15458.21, -5006
51402, -15584.00, -15465.04, -4828
51407, -15590.00, -15471.92, -4655
51411, -15596.00, -15478.46, -4449
51416, -15606.00, -15486.45, -4248
51421, -15612.00, -15493.61, -4045
51426, -15621.00, -15500.63, -3845
51430, -15628.00, -15507.57, -3620
51436, -15634.00, -15515.59, -3387
51441, -15640.00, -15522.61, -3155
51445, -15650.00, -15529.96, -2899
51450, -15657.00, -15537.46, -2613
51456, -15664.00, -15545.68, -2354
51461, -15672.00, -15553.03, -2051
51466, -15679.00, -15561.14, -1752
51471, -15687.00, -15568.54, -1455
51476, -15696.00, -15576.02, -1148
51481, -15700.00, -15583.10, -878
51485, -15710.00, -15589.64, -597
51490, -15717.00, -15596.78, -292
51495, -15723.00, -15604.28, 2
51500, -15731.00, -15611.42, 261
51504, -15738.00, -15618.05, 515
51509, -15744.00, -15624.56, 762
51513, -15747.00, -15630.94, 1006
51517, -15754.00, -15637.37, 1243
51522, -15759.00, -15643.74, 1481
51526, -15767.00, -15650.29, 1710
51531, -15774.00, -15656.76, 1955
51536, -15781.00, -15663.90, 2171
51540, -15788.00, -15670.36, 2407
51545, -15796.00, -15677.67, 2639
51550, -15802.00, -15684.86, 2872
51555, -15810.00, -15692.29, 3087
51560, -15817.00, -15699.41, 3318
51565, -15823.00, -15706.96, 3517
51569, -15833.00, -15713.60, 3706
51574, -15839.00, -15720.18, 3891
51578, -15842.00, -15726.61, 4072
51582, -15848.00, -15733.01, 4256
51587, -15854.00, -15739.44, 4452
51592, -15861.00, -15746.69, 4666
51597, -15868.00, -15754.40, 4868
51602, -15874.00, -15761.50, 5038
51607, -15882.00, -15767.82, 5225
51612, -15889.00, -15775.13, 5396
51616, -15896.00, -15781.58, 5560
51621, -15904.00, -15787.94, 5745
51626, -15910.00, -15795.48, 5915
51630, -15917.00, -15802.04, 6078
51635, -15924.00, -15808.64, 6244
51640, -15932.00, -15815.41, 6400
51644, -15938.00, -15821.86, 6561
51649, -15943.00, -15828.68, 6738
51654, -15949.00, -15836.19, 6923
51660, -15960.00, -15844.17, 7083
51664, -15965.00, -15850.68, 7247
51669, -15972.00, -15857.81, 7412
51674, -15979.00, -15864.91, 7569
51679, -15985.00, -15871.53, 7752
51684, -15993.00, -15879.19, 7926
51689, -16001.00, -15886.64, 8076
51694, -16006.00, -15893.05, 8225
51698, -16011.00, -15899.27, 8397
51703, -16019.00, -15906.75, 8561
51708, -16027.00, -15913.84, 8733
51713, -16034.00, -15920.98, 8896
51718, -16041.00, -15928.07, 9047
51723, -16045.00, -15934.35, 9196
51727, -16052.00, -15940.60, 9339
51732, -16057.00, -15946.73, 9490
51736, -16065.00, -15953.06, 9656
51741, -16072.00, -15960.15, 9804
51746, -16080.00, -15966.37, 9955
51750, -16088.00, -15972.76, 10123
51755, -16095.00, -15980.09, 10284
51760, -16102.00, -15986.71, 10437
51764, -16106.00, -15993.01, 10587
51769, -16113.00, -15999.20, 10746
51773, -16119.00, -16005.87, 10903
51778, -16124.00, -16012.12, 11079
51783, -16130.00, -16019.25, 11259
51788, -16137.00, -16026.09, 11425
51792, -16145.00, -16032.56, 11588
51797, -16151.00, -16038.81, 11765
51802, -16161.00, -16045.94, 11943
51806, -16167.00, -16052.51, 12126
51811, -16173.00, -16059.73, 12333
51817, -16181.00, -16067.47, 12522
51821, -16188.00, -16074.20, 12707
51826, -16197.00, -16080.98, 12892
51831, -16204.00, -16087.53, 13074
51835, -16209.00, -16094.14, 13263
51840, -16215.00, -16100.66, 13488
51845, -16225.00, -16108.41, 13694
51850, -16232.00, -16115.40, 13907
51855, -16238.00, -16122.63, 14131
51860, -16247.00, -16129.91, 14330
51864, -16252.00, -16136.29, 14537
51869, -16256.00, -16142.75, 14745
51873, -16261.00, -16149.03, 14982
51878, -16272.00, -16156.19, 15196
51882, -16276.00, -16162.58, 15426
51887, -16286.00, -16169.73, 15670
51892, -16292.00, -16176.87, 15883
51897, -16301.00, -16183.65, 16111
51902, -16306.00, -16190.90, 16311
51906, -16314.00, -16197.51, 16541
51912, -16322.00, -16205.07, 16745
51916, -16330.00, -16212.09, 16952
51921, -16337.00, -16219.46, 17137
51926, -16344.00, -16226.02, 17316
51930, -16351.00, -16232.57, 17486
51935, -16356.00, -16239.02, 17659
51939, -16362.00, -16245.59, 17826
51944, -16369.00, -16252.23, 17995
51948, -16375.00, -16258.93, 18170
51953, -16382.00, -16266.17, 18332
51958, -16388.00, -16272.95, 18492
51962, -16396.00, -16279.62, 18668
51968, -16405.00, -16287.50, 18826
51972, -16413.00, -16294.47, 18968
51977, -16420.00, -16301.06, 19125
51982, -16427.00, -16308.47, 19279
51987, -16435.00, -16316.00, 19427
51992, -16442.00, -16323.25, 19563
51996, -16448.00, -16329.91, 19696
52001, -16457.00, -16336.53, 19832
52005, -16463.00, -16343.59, 19959
52010, -16468.00, -16350.14, 20102
52015, -16478.00, -16357.76, 20237
52020, -16484.00, -16364.92, 20376
52025, -16490.00, -16372.42, 20507
52029, -16498.00, -16379.39, 20632
52034, -16504.00, -16386.27, 20765
52039, -16511.00, -16393.60, 20885
52043, -16518.00, -16400.36, 21004
52048, -16525.00, -16407.04, 21133
52053, -16533.00, -16414.39, 21248
52057, -16540.00, -16421.06, 21376
52063, -16548.00, -16428.69, 21517
52068, -16556.00, -16436.77, 21635
52072, -16563.00, -16443.60, 21746
52077, -16571.00, -16450.36, 21874
52082, -16578.00, -16458.20, 22001
52087, -16585.00, -16465.76, 22118
52092, -16594.00, -16472.62, 22236
52097, -16600.00, -16479.91, 22346
52101, -16607.00, -16486.52, 22456
52105, -16602.00, -16492.88, 22526
52110, -16598.00, -16498.61, 22558
52115, -16589.00, -16504.40, 22551
52119, -16584.00, -16508.98, 22516
52124, -16577.00, -16513.34, 22457
52129, -16569.00, -16516.94, 22386
52134, -16561.00, -16519.83, 22302
52139, -16555.00, -16522.06, 22213
52144, -16547.00, -16523.76, 22106
52149, -16539.00, -16524.93, 22011
52153, -16532.00, -16525.52, 21910
52158, -16525.00, -16525.68, 21793
52163, -16518.00, -16525.42, 21681
52168, -16510.00, -16524.75, 21575
52172, -16503.00, -16523.78, 21467
52176, -16496.00, -16522.48, 21352
52181, -16489.00, -16520.77, 21236
52186, -16484.00, -16518.86, 21120
52190, -16477.00, -16516.73, 20995
52195, -16469.00, -16514.10, 20879
52199, -16464.00, -16511.52, 20756
52204, -16457.00, -16508.64, 20633
52209, -16449.00, -16505.46, 20506
52214, -16442.00, -16501.97, 20381
52218, -16436.00, -16498.47, 20248
52223, -16427.00, -16494.40, 20119
52228, -16419.00, -16490.49, 19987
52232, -16412.00, -16486.19, 19841
52237, -16406.00, -16481.32, 19698
52242, -16397.00, -16476.50, 19547
52248, -16390.00, -16471.28, 19410
52252, -16383.00, -16466.75, 19270
52257, -16376.00, -16461.89, 19133
52261, -16370.00, -16457.12, 18992
52265, -16364.00, -16452.24, 18834
52270, -16358.00, -16446.80, 18689
52275, -16351.00, -16441.76, 18536
52279, -16344.00, -16436.54, 18366
52284, -16337.00, -16430.72, 18206
52289, -16329.00, -16425.28, 18027
52294, -16321.00, -16418.98, 17853
52299, -16315.00, -16413.33, 17687
52303, -16307.00, -16407.76, 17503
52308, -16300.00, -16401.69, 17312
52313, -16291.00, -16395.40, 17096
52318, -16284.00, -16388.43, 16901
52322, -16277.00, -16382.42, 16709
52327, -16269.00, -16376.56, 16509
52331, -16263.00, -16370.56, 16307
52336, -16258.00, -16364.65, 16053
52341, -16249.00, -16357.29, 15807
52346, -16239.00, -16350.20, 15592
52351, -16236.00, -16344.16, 15378
52355, -16232.00, -16338.17, 15162
52360, -16223.00, -16332.05, 14947
52364, -16217.00, -16325.77, 14727
52369, -16210.00, -16319.44, 14525
52373, -16201.00, -16313.28, 14318
52378, -16194.00, -16306.94, 14096
52383, -16187.00, -16300.04, 13888
52387, -16178.00, -16293.37, 13688
52392, -16171.00, -16286.92, 13483
52396, -16165.00, -16280.01, 13285
52401, -16160.00, -16273.64, 13101
52405, -16156.00, -16267.54, 12915
52410, -16148.00, -16261.25, 12731
52414, -16140.00, -16254.93, 12545
52419, -16134.00, -16248.33, 12368
52423, -16127.00, -16242.01, 12194
52427, -16117.00, -16235.62, 12016
52432, -16112.00, -16229.02, 11843
52436, -16107.00, -16222.54, 11672
52441, -16101.00, -16216.22, 11506
52445, -16095.00, -16209.91, 11338
52449, -16088.00, -16203.44, 11173
52454, -16082.00, -16197.00, 11001
52459, -16075.00, -16190.30, 10814
52464, -16065.00, -16182.69, 10617
52469, -16059.00, -16174.93, 10457
52473, -16051.00, -16168.44, 10278
52478, -16044.00, -16161.09, 10120
52483, -16037.00, -16154.50, 9957
52487, -16028.00, -16147.86, 9796
52492, -16022.00, -16141.07, 9621
52497, -16016.00, -16133.83, 9459
52501, -16011.00, -16127.12, 9302
52506, -16004.00, -16120.59, 9148
52510, -15998.00, -16114.23, 8993
52515, -15992.00, -16107.79, 8840
52519, -15981.00, -16101.22, 8684
52523, -15975.00, -16094.59, 8525
52528, -15969.00, -16087.79, 8362
52532, -15961.00, -16080.92, 8196
52537, -15953.00, -16073.66, 8015
52542, -15947.00, -16065.88, 7836
52548, -15938.00, -16058.27, 7677
52552, -15932.00, -16051.55, 7519
52556, -15928.00, -16044.92, 7346
52561, -15920.00, -16037.53, 7183
52566, -15915.00, -16031.02, 7028
52570, -15909.00, -16024.69, 6869
52575, -15900.00, -16018.17, 6695
52580, -15893.00, -16010.83, 6528
52584, -15886.00, -16004.25, 6362
52589, -15878.00, -15997.56, 6200
52593, -15871.00, -15991.01, 6032
52597, -15865.00, -15984.38, 5847
52602, -15857.00, -15976.94, 5674
52607, -15853.00, -15970.37, 5480
52612, -15844.00, -15962.70, 5290
52616, -15838.00, -15955.77, 5106
52621, -15831.00, -15948.85, 4906
52626, -15824.00, -15941.43, 4689
52631, -15815.00, -15933.67, 4481
52636, -15808.00, -15926.19, 4281
52641, -15803.00, -15919.20, 4069
52646, -15794.00, -15911.76, 3870
52651, -15789.00, -15905.21, 3669
52655, -15780.00, -15898.51, 3446
52660, -15774.00, -15891.03, 3225
52665, -15767.00, -15883.90, 2976
52670, -15758.00, -15876.30, 2737
52675, -15749.00, -15868.73, 2513
52680, -15743.00, -15861.98, 2289
52684, -15735.00, -15855.36, 2058
52689, -15728.00, -15848.44, 1783
52694, -15720.00, -15840.53, 1527
52699, -15711.00, -15833.53, 1246
52704, -15702.00, -15825.72, 988
52708, -15696.00, -15818.86, 720
52713, -15691.00, -15811.95, 455
52717, -15684.00, -15805.34, 175
52721, -15680.00, -15798.62, -153
52727, -15672.00, -15790.81, -470
52732, -15663.00, -15783.17, -805
52737, -15655.00, -15775.44, -1102
52742, -15647.00, -15768.33, -1401
52746, -15642.00, -15761.13, -1668
52751, -15634.00, -15754.37, -1941
52755, -15628.00, -15747.43, -2199
52760, -15620.00, -15740.60, -2447
52764, -15612.00, -15733.85, -2689
52769, -15606.00, -15727.01, -2926
52773, -15596.00, -15720.10, -3153
52778, -15592.00, -15713.26, -3374
52782, -15584.00, -15706.38, -3589
52787, -15579.00, -15699.52, -3792
52791, -15573.00, -15692.81, -3988
52796, -15566.00, -15686.13, -4178
52800, -15559.00, -15679.51, -4361
52804, -15552.00, -15672.74, -4539
52809, -15545.00, -15665.98, -4715
52813, -15540.00, -15659.21, -4884
52818, -15533.00, -15652.49, -5047
52822, -15528.00, -15645.78, -5227
52827, -15521.00, -15638.36, -5400
52833, -15512.00, -15630.64, 