13891, 2052, -120644
13899, 2053, -120566
13908, 2051, -120170
13916, 2044, -119398
13925, 2032, -118452
13934, 2017, -117450
13943, 2001, -116517
13951, 1984, -115700
13959, 1967, -114975
13968, 1949, -114312
13977, 1931, -113726
13985, 1913, -113218
13994, 1897, -112754
14002, 1880, -112336
14010, 1864, -111941
14019, 1848, -111571
14027, 1833, -111207
14035, 1817, -110849
14043, 1802, -110498
14052, 1786, -110121
14060, 1769, -109763
14069, 1752, -109412
14077, 1736, -109070
14085, 1720, -108719
14094, 1703, -108365
14102, 1686, -108010
14110, 1669, -107652
14118, 1652, -107289
14127, 1635, -106928
14135, 1618, -106564
14143, 1601, -106192
14151, 1584, -105806
14159, 1566, -105413
14167, 1549, -105008
14175, 1532, -104604
14183, 1515, -104181
14192, 1497, -103736
14200, 1480, -103265
14208, 1462, -102777
14216, 1444, -102275
14224, 1427, -101762
14232, 1409, -101255
14241, 1391, -100775
14249, 1373, -100310
14257, 1355, -99866
14265, 1337, -99452
14273, 1320, -99062
14281, 1302, -98683
14290, 1284, -98321
14298, 1267, -97979
14306, 1250, -97651
14314, 1233, -97335
14322, 1215, -97038
14331, 1198, -96748
14339, 1181, -96464
14347, 1165, -96182
14355, 1148, -95899
14363, 1131, -95619
14372, 1114, -95341
14380, 1098, -95065
14388, 1081, -94784
14396, 1064, -94504
14404, 1047, -94223
14413, 1030, -93937
14421, 1013, -93641
14429, 996, -93333
14437, 979, -93025
14445, 962, -92711
14453, 944, -92384
14462, 927, -92047
14470, 910, -91694
14478, 892, -91330
14486, 875, -90945
14494, 857, -90537
14503, 839, -90107
14511, 821, -89642
14519, 803, -89138
14527, 785, -88590
14535, 767, -87991
14543, 749, -87322
14551, 730, -86593
14560, 712, -85804
14568, 693, -85012
14576, 675, -84233
14584, 656, -83472
14592, 637, -82754
14600, 618, -82083
14609, 599, -81452
14617, 580, -80858
14625, 561, -80291
14633, 543, -79743
14641, 524, -79225
14649, 505, -78725
14658, 487, -78241
14666, 468, -77771
14674, 450, -77307
14682, 431, -76848
14690, 413, -76400
14698, 395, -75964
14707, 376, -75539
14715, 358, -75123
14723, 341, -74703
14731, 324, -74293
14740, 307, -73871
14748, 290, -73455
14756, 273, -73025
14765, 256, -72595
14773, 239, -72154
14781, 223, -71703
14789, 207, -71233
14797, 191, -70742
14806, 175, -70231
14814, 159, -69705
14822, 143, -69160
14830, 127, -68639
14838, 111, -68140
14846, 96, -67666
14855, 80, -67217
14863, 65, -66783
14871, 50, -66378
14879, 34, -65991
14887, 19, -65623
14895, 3, -65266
14903, -12, -64916
14912, -27, -64581
14920, -43, -64251
14928, -59, -63927
14936, -75, -63606
14944, -91, -63281
14953, -107, -62956
14961, -123, -62632
14969, -140, -62314
14978, -156, -62001
14986, -172, -61694
14994, -188, -61401
15002, -204, -61114
15010, -220, -60830
15018, -235, -60549
15027, -250, -60262
15035, -265, -59980
15043, -280, -59698
15051, -294, -59412
15060, -308, -59115
15068, -322, -58813
15076, -336, -58503
15084, -350, -58187
15093, -363, -57857
15101, -377, -57511
15109, -390, -57144
15117, -404, -56747
15125, -418, -56310
15134, -432, -55826
15142, -447, -55299
15150, -462, -54720
15158, -477, -54089
15166, -491, -53406
15175, -507, -52724
15183, -521, -52053
15191, -536, -51406
15199, -551, -50781
15207, -566, -50170
15216, -581, -49588
15224, -597, -49033
15232, -612, -48507
15240, -628, -48004
15249, -643, -47522
15257, -658, -47072
15265, -674, -46631
15274, -689, -46218
15282, -704, -45811
15290, -720, -45417
15299, -736, -45052
15307, -751, -44705
15315, -765, -44368
15323, -780, -44036
15331, -794, -43709
15339, -809, -43385
15348, -823, -43065
15356, -837, -42752
15364, -851, -42443
15372, -865, -42128
15380, -879, -41808
15389, -894, -41473
15397, -908, -41134
15405, -923, -40785
15413, -938, -40429
15422, -953, -40067
15430, -967, -39699
15438, -982, -39331
15446, -997, -38961
15454, -1011, -38591
15463, -1026, -38217
15471, -1040, -37839
15479, -1054, -37447
15487, -1068, -37059
15496, -1081, -36685
15504, -1094, -36323
15512, -1107, -35974
15520, -1119, -35634
15528, -1132, -35294
15537, -1144, -34960
15545, -1157, -34634
15553, -1169, -34315
15561, -1182, -34009
15569, -1195, -33706
15578, -1208, -33404
15586, -1222, -33107
15594, -1236, -32807
15602, -1250, -32509
15610, -1265, -32212
15619, -1280, -31918
15627, -1295, -31629
15635, -1311, -31350
15643, -1326, -31069
15651, -1343, -30793
15660, -1359, -30510
15668, -1376, -30239
15676, -1392, -29973
15684, -1409, -29713
15692, -1425, -29460
15701, -1441, -29215
15709, -1457, -28981
15717, -1472, -28757
15725, -1488, -28538
15734, -1503, -28311
15742, -1519, -28074
15750, -1534, -27830
15758, -1549, -27577
15766, -1565, -27317
15774, -1580, -27068
15783, -1595, -26835
15791, -1609, -26598
15799, -1624, -26360
15807, -1637, -26131
15815, -1650, -25915
15824, -1664, -25668
15832, -1677, -25437
15840, -1689, -25210
15848, -1702, -24955
15856, -1714, -24700
15865, -1726, -24446
15873, -1738, -24171
15881, -1750, -23896
15889, -1762, -23630
15897, -1773, -23383
15906, -1784, -23133
15914, -1794, -22865
15922, -1805, -22564
15930, -1815, -22259
15938, -1825, -21960
15947, -1835, -21639
15955, -1845, -21314
15963, -1854, -21002
15971, -1864, -20685
15979, -1872, -20357
15988, -1881, -20036
15996, -1890, -19661
16004, -1899, -19340
16012, -1906, -19076
16020, -1914, -18784
16028, -1922, -18435
16037, -1931, -18118
16045, -1938, -17866
16053, -1946, -17631
16061, -1953, -17389
16069, -1960, -17182
16078, -1967, -16959
16086, -1974, -16739
16094, -1981, -16545
16102, -1987, -16382
16110, -1993, -16206
16118, -2000, -15993
16127, -2006, -15808
16135, -2012, -15663
16143, -2018, -15519
16151, -2023, -15371
16159, -2029, -15216
16167, -2035, -15046
16176, -2040, -14933
16184, -2044, -14814
16192, -2050, -14646
16200, -2056, -14470
16208, -2061, -14330
16216, -2066, -14224
16225, -2071, -14167
16233, -2074, -14155
16241, -2077, -14093
16249, -2081, -13929
16257, -2087, -13735
16265, -2092, -13556
16274, -2097, -13461
16282, -2101, -13407
16290, -2104, -13396
16298, -2106, -13415
16306, -2108, -13356
16314, -2112, -13223
16323, -2117, -13076
16331, -2121, -12940
16339, -2126, -12841
16347, -2129, -12794
16355, -2131, -12817
16364, -2132, -12835
16372, -2135, -12778
16380, -2138, -12660
16388, -2141, -12550
16396, -2145, -12444
16405, -2149, -12336
16413, -2152, -12249
16421, -2155, -12209
16429, -2158, -12198
16437, -2159, -12190
16445, -2161, -12182
16454, -2163, -12140
16462, -2166, -12036
16470, -2169, -11909
16479, -2173, -11821
16487, -2177, -11735
16495, -2180, -11682
16503, -2182, -11685
16511, -2183, -11697
16519, -2183, -11753
16528, -2183, -11777
16536, -2185, -11721
16544, -2187, -11588
16552, -2192, -11429
16560, -2196, -11290
16568, -2199, -11269
16577, -2200, -11334
16585, -2199, -11419
16593, -2198, -11530
16601, -2197, -11549
16609, -2198, -11458
16617, -2202, -11290
16625, -2206, -11100
16633, -2210, -11008
16642, -2212, -11044
16650, -2211, -11174
16658, -2208, -11342
16666, -2206, -11412
16674, -2206, -11384
16682, -2207, -11270
16691, -2211, -11080
16699, -2215, -10876
16707, -2221, -10716
16715, -2224, -10689
16723, -2225, -10772
16731, -2224, -10901
16740, -2222, -11042
16748, -2221, -11092
16756, -2221, -11041
16764, -2223, -10896
16772, -2226, -10716
16781, -2230, -10573
16789, -2233, -10548
16797, -2234, -10636
16805, -2232, -10781
16813, -2228, -10958
16821, -2225, -11040
16830, -2224, -11018
16838, -2225, -10927
16846, -2227, -10794
16854, -2231, -10630
16862, -2236, -10453
16870, -2240, -10373
16878, -2241, -10439
16887, -2239, -10607
16895, -2235, -10816
16903, -2232, -10921
16911, -2230, -10911
16919, -2231, -10829
16927, -2233, -10694
16936, -2236, -10512
16944, -2241, -10325
16952, -2244, -10260
16960, -2246, -10312
16968, -2245, -10446
16976, -2243, -10614
16985, -2240, -10724
16993, -2238, -10751
17001, -2238, -10680
17009, -2240, -10532
17017, -2244, -10330
17026, -2250, -10117
17034, -2254, -10050
17042, -2255, -10138
17050, -2252, -10355
17059, -2247, -10624
17067, -2242, -10779
17075, -2239, -10805
17083, -2238, -10739
17091, -2239, -10617
17099, -2242, -10470
17108, -2245, -10312
17116, -2248, -10234
17124, -2250, -10275
17132, -2248, -10411
17140, -2245, -10585
17149, -2242, -10700
17157, -2240, -10703
17165, -2240, -10632
17173, -2242, -10497
17181, -2246, -10303
17189, -2251, -10099
17198, -2255, -10031
17206, -2256, -10110
17214, -2254, -10316
17222, -2249, -10546
17230, -2245, -10634
17238, -2244, -10616
17246, -2244, -10522
17255, -2246, -10379
17263, -2250, -10213
17271, -2254, -10041
17279, -2258, -9987
17287, -2258, -10095
17296, -2255, -10324
17304, -2250, -10596
17312, -2245, -10729
17320, -2242, -10736
17328, -2241, -10662
17336, -2242, -10537
17345, -2245, -10382
17353, -2249, -10234
17361, -2251, -10195
17369, -2251, -10290
17377, -2249, -10430
17385, -2247, -10526
17394, -2245, -10572
17402, -2245, -10510
17410, -2247, -10368
17418, -2251, -10170
17426, -2256, -9947
17435, -2261, -9837
17443, -2264, -9877
17451, -2263, -10018
17459, -2260, -10226
17467, -2255, -10416
17475, -2253, -10459
17484, -2252, -10407
17492, -2253, -10277
17500, -2257, -10077
17508, -2262, -9858
17516, -2266, -9771
19535, -2282, -9996
19543, -2280, -9971
19551, -2278, -9906
19559, -2279, -9800
19568, -2281, -9658
19576, -2284, -9466
19584, -2290, -9225
19592, -2296, -8987
19600, -2303, -8828
19608, -2306, -8816
19617, -2308, -8908
19625, -2308, -8991
19633, -2308, -8983
19641, -2311, -8859
19650, -2316, -8641
19658, -2322, -8414
19666, -2327, -8316
19674, -2330, -8342
19682, -2331, -8423
19691, -2331, -8483
19699, -2332, -8484
19707, -2334, -8370
19715, -2338, -8185
19724, -2344, -7990
19732, -2348, -7862
19740, -2352, -7853
19749, -2354, -7909
19757, -2354, -8003
19765, -2352, -8105
19773, -2352, -8101
19782, -2353, -8005
19790, -2356, -7859
19798, -2360, -7690
19806, -2364, -7521
19814, -2368, -7408
19822, -2371, -7392
19830, -2373, -7439
19839, -2373, -7500
19847, -2372, -7584
19855, -2372, -7620
19863, -2373, -7557
19871, -2375, -7385
19880, -2380, -7182
19888, -2385, -6984
19896, -2389, -6931
19904, -2391, -7021
19912, -2389, -7194
19921, -2386, -7391
19929, -2384, -7460
19937, -2383, -7423
19945, -2384, -7300
19953, -2388, -7093
19962, -2392, -6883
19970, -2397, -6709
19978, -2400, -6670
19986, -2401, -6756
19995, -2401, -6888
20003, -2398, -7048
20011, -2396, -7141
20019, -2395, -7117
20027, -2396, -6995
20036, -2400, -6782
20044, -2405, -6549
20052, -2410, -6390
20060, -2412, -6418
20068, -2412, -6584
20077, -2409, -6759
20085, -2407, -6874
20093, -2406, -6858
20101, -2407, -6729
20109, -2411, -6515
20118, -2415, -6286
20126, -2420, -6118
20134, -2423, -6129
20142, -2423, -6277
20151, -2420, -6481
20159, -2417, -6663
20167, -2415, -6684
20175, -2415, -6595
20183, -2418, -6420
20192, -2422, -6193
20200, -2425, -6081
20208, -2427, -6133
20216, -2425, -6281
20224, -2423, -6471
20233, -2420, -6599
20241, -2418, -6623
20249, -2418, -6534
20257, -2421, -6358
20265, -2424, -6145
20274, -2427, -6046
20282, -2429, -6084
20290, -2428, -6227
20298, -2425, -6401
20307, -2423, -6516
20315, -2421, -6513
20323, -2422, -6407
20331, -2424, -6202
20340, -2428, -5980
20348, -2433, -5810
20356, -2436, -5798
20364, -2436, -5931
20372, -2433, -6145
20381, -2429, -6370
20389, -2426, -6442
20397, -2425, -6401
20405, -2426, -6279
20413, -2428, -6120
20421, -2432, -5949
20429, -2436, -5768
20438, -2439, -5706
20446, -2440, -5798
20454, -2438, -5992
20462, -2435, -6205
20470, -2432, -6284
20478, -2431, -6255
20487, -2432, -6136
20495, -2434, -5982
20503, -2437, -5825
20511, -2440, -5672
20519, -2443, -5631
20527, -2443, -5734
20536, -2441, -5928
20544, -2438, -6156
20552, -2434, -6274
20560, -2432, -6284
20568, -2432, -6209
20576, -2434, -6062
20585, -2437, -5850
20593, -2441, -5621
20601, -2445, -5546
20609, -2446, -5626
20617, -2444, -5832
20625, -2440, -6090
20634, -2436, -6240
20642, -2434, -6254
20650, -2434, -6173
20658, -2435, -6013
20666, -2439, -5795
20674, -2443, -5553
20682, -2447, -5448
20691, -2449, -5511
20699, -2447, -5720
20707, -2443, -5953
20715, -2440, -6108
20723, -2438, -6121
20732, -2438, -6035
20740, -2439, -5893
20748, -2442, -5694
20756, -2447, -5465
20765, -2451, -5320
20773, -2454, -5362
20781, -2452, -5542
20789, -2449, -5804
20797, -2444, -6031
20806, -2441, -6084
20814, -2440, -6027
20822, -2441, -5881
20830, -2444, -5697
20838, -2448, -5518
20846, -2450, -5467
20855, -2450, -5579
20863, -2449, -5740
20871, -2446, -5875
20879, -2444, -5999
20887, -2442, -6005
20895, -2442, -5897
20904, -2445, -5714
20912, -2448, -5504
20920, -2452, -5337
20928, -2455, -5328
20936, -2455, -5433
20944, -2453, -5608
20953, -2450, -5814
20961, -2446, -5935
20969, -2445, -5913
20977, -2445, -5805
20985, -2447, -5660
20994, -2450, -5495
21002, -2454, -5311
21010, -2457, -5236
21018, -2457, -5331
21026, -2455, -5545
21034, -2451, -5804
21043, -2447, -5963
21051, -2444, -5989
21059, -2444, -5921
21067, -2445, -5769
21075, -2448, -5594
21083, -2450, -5483
21091, -2452, -5497
21100, -2451, -5627
21108, -2448, -5794
21116, -2445, -5948
21124, -2443, -5977
21132, -2443, -5907
21140, -2444, -5756
21149, -2447, -5557
21157, -2452, -5334
21165, -2456, -5197
21173, -2458, -5232
21181, -2457, -5410
21189, -2454, -5621
21198, -2451, -5740
21206, -2450, -5725
21214, -2451, -5615
21222, -2453, -5477
21230, -2456, -5348
21239, -2458, -5212
21247, -2460, -5162
21255, -2461, -5233
21263, -2460, -5388
21272, -2458, -5562
21280, -2455, -5677
21288, -2453, -5765
21296, -2452, -5738
21304, -2453, -5599
21313, -2455, -5393
21321, -2459, -5157
21329, -2463, -5036
21337, -2465, -5080
21345, -2464, -5191
21353, -2463, -5337
21362, -2462, -5433
21370, -2460, -5539
21378, -2458, -5610
21386, -2457, -5581
21394, -2458, -5426
21403, -2461, -5237
21411, -2464, -5068
21419, -2466, -5026
21427, -2466, -5138
21435, -2464, -5308
21444, -2462, -5466
21452, -2458, -5638
21460, -2455, -5709
21468, -2454, -5662
21476, -2455, -5514
21484, -2457, -5350
21492, -2460, -5216
21501, -2462, -5109
21509, -2464, -5120
21517, -2463, -5244
21525, -2461, -5433
21533, -2457, -5660
21542, -2453, -5791
21550, -2451, -5801
21558, -2451, -5730
21566, -2452, -5610
21574, -2454, -5446
21582, -2457, -5269
21591, -2459, -5203
21599, -2460, -5284
21607, -2458, -5435
21615, -2456, -5601
21623, -2453, -5756
21632, -2451, -5786
21640, -2450, -5708
21648, -2452, -5563
21656, -2455, -5347
21664, -2459, -5136
21672, -2462, -5080
21681, -2463, -5190
21689, -2461, -5414
21697, -2457, -5657
21705, -2453, -5824
21713, -2450, -5860
21721, -2449, -5798
21730, -2449, -5688
21738, -2451, -5572
21746, -2453, -5432
21754, -2456, -5261
21762, -2459, -5157
21771, -2461, -5210
21779, -2460, -5380
21787, -2457, -5563
21795, -2455, -5675
21803, -2453, -5655
21812, -2454, -5512
21820, -2457, -5299
21828, -2462, -5070
21836, -2465, -4972
21845, -2466, -5038
21853, -2465, -5231
21861, -2462, -5444
21869, -2459, -5557
21878, -2458, -5522
21886, -2460, -5377
21894, -2462, -5205
21902, -2465, -5078
21910, -2467, -5016
21918, -2468, -5075
21927, -2467, -5220
21935, -2464, -5392
21943, -2461, -5556
21951, -2459, -5590
21959, -2458, -5523
21968, -2459, -5397
21976, -2461, -5213
21984, -2465, -4993
21992, -2469, -4858
22001, -2471, -4869
24019, -2467, -5319
24027, -2466, -5294
24035, -2466, -5223
24044, -2468, -5106
24052, -2470, -4957
24060, -2473, -4762
24068, -2478, -4516
24076, -2483, -4289
24085, -2488, -4132
24093, -2492, -3988
24101, -2496, -3886
24109, -2499, -3832
24117, -2502, -3789
24126, -2505, -3692
24134, -2508, -3543
24142, -2513, -3357
24150, -2518, -3162
24158, -2523, -2994
24167, -2527, -2923
24175, -2530, -2916
24183, -2532, -2950
24191, -2533, -2970
24199, -2535, -2944
24208, -2537, -2824
24216, -2540, -2648
24224, -2544, -2490
24232, -2548, -2340
24240, -2552, -2241
24248, -2555, -2199
24257, -2557, -2197
24265, -2559, -2196
24273, -2560, -2225
24281, -2560, -2272
24290, -2561, -2248
24298, -2563, -2126
24306, -2566, -1959
24314, -2570, -1803
24322, -2574, -1665
24330, -2578, -1574
24339, -2580, -1582
24347, -2580, -1679
24355, -2579, -1827
24363, -2578, -1908
24372, -2577, -1893
24380, -2578, -1788
24388, -2581, -1625
24396, -2585, -1439
24405, -2589, -1309
24413, -2592, -1293
24421, -2593, -1355
24429, -2592, -1451
24437, -2591, -1567
24445, -2590, -1588
24454, -2591, -1506
24462, -2593, -1372
24470, -2596, -1249
24478, -2598, -1126
24487, -2601, -1040
24495, -2604, -1010
24503, -2605, -1034
24511, -2605, -1113
24519, -2604, -1226
24528, -2602, -1284
24536, -2602, -1250
24544, -2603, -1179
24552, -2605, -1088
24560, -2607, -975
24569, -2610, -866
24577, -2613, -763
24585, -2616, -711
24593, -2617, -739
24601, -2617, -832
24610, -2616, -966
24618, -2613, -1062
24627, -2612, -1077
24635, -2612, -999
24643, -2614, -869
24651, -2618, -694
24659, -2623, -513
24668, -2627, -433
24676, -2628, -483
24684, -2627, -638
24692, -2624, -834
24701, -2620, -949
24709, -2619, -947
24717, -2619, -877
24725, -2621, -757
24734, -2624, -592
24742, -2628, -424
24750, -2632, -337
24758, -2633, -380
24766, -2632, -525
24774, -2629, -720
24783, -2626, -826
24791, -2624, -831
24799, -2624, -761
24807, -2626, -642
24815, -2629, -467
24824, -2634, -288
24832, -2638, -182
24840, -2640, -198
24848, -2640, -294
24856, -2638, -411
24864, -2637, -496
24873, -2635, -549
24881, -2635, -512
24889, -2636, -398
24897, -2639, -247
24906, -2643, -87
24914, -2646, -10
24922, -2648, -63
24930, -2646, -194
24939, -2644, -360
24947, -2641, -476
24955, -2639, -511
24963, -2638, -468
24972, -2639, -365
24980, -2642, -231
24988, -2645, -82
24996, -2649, -1
25004, -2650, -21
25013, -2650, -94
25021, -2649, -196
25029, -2647, -278
25037, -2646, -320
25046, -2646, -287
25054, -2646, -207
25062, -2648, -104
25070, -2651, 1
25078, -2654, 94
25087, -2656, 117
25095, -2656, 45
25103, -2655, -66
25111, -2653, -153
25119, -2651, -245
25127, -2649, -257
25136, -2649, -193
25144, -2651, -77
25152, -2653, 37
25160, -2656, 130
25169, -2659, 210
25177, -2661, 203
25185, -2661, 109
25193, -2659, -16
25201, -2656, -132
25209, -2653, -235
25218, -2651, -252
25226, -2650, -218
25234, -2650, -162
25242, -2652, -54
25251, -2655, 70
25259, -2658, 138
25267, -2659, 108
25275, -2658, 10
25283, -2656, -115
25291, -2653, -202
25300, -2652, -232
25308, -2651, -200
25317, -2651, -158
25325, -2652, -93
25333, -2653, -20
25341, -2654, 28
25349, -2656, 72
25358, -2657, 129
25366, -2659, 159
25374, -2660, 165
25382, -2661, 136
25390, -2660, 67
25398, -2659, -21
25407, -2657, -94
25415, -2656, -119
25423, -2656, -68
25431, -2657, 23
25439, -2659, 119
25447, -2662, 227
25456, -2664, 291
25464, -2665, 247
25472, -2664, 151
25480, -2662, 32
25488, -2659, -105
25496, -2656, -168
25505, -2655, -141
25513, -2655, -61
25521, -2657, 41
25529, -2659, 149
25537, -2663, 263
25545, -2665, 317
25553, -2666, 264
25562, -2665, 154
25570, -2663, 21
25578, -2659, -112
25586, -2656, -158
25595, -2655, -129
25603, -2656, -41
25611, -2657, 60
25619, -2659, 140
25627, -2662, 230
25636, -2664, 273
25644, -2665, 212
25652, -2663, 103
25660, -2661, -26
25668, -2657, -162
25676, -2654, -213
25684, -2653, -184
25693, -2653, -134
25701, -2653, -69
25709, -2655, 19
25717, -2657, 105
25725, -2659, 190
25733, -2662, 264
25742, -2664, 264
25750, -2664, 168
25758, -2662, 49
25766, -2659, -64
25774, -2656, -168
25782, -2654, -189
25790, -2653, -148
25799, -2654, -79
25807, -2656, 31
25815, -2659, 155
25823, -2662, 244
25831, -2663, 243
25839, -2663, 152
25847, -2661, 40
25855, -2660, -35
25864, -2658, -112
25872, -2656, -137
25880, -2656, -79
25888, -2658, 31
25896, -2660, 142
25905, -2662, 249
25913, -2665, 310
25921, -2666, 290
25929, -2665, 197
25937, -2664, 108
25945, -2662, 21
25954, -2660, -37
25962, -2659, -26
25970, -2660, 50
25978, -2662, 164
25986, -2664, 292
25995, -2667, 369
26003, -2669, 372
26011, -2669, 286
26019, -2668, 172
26027, -2665, 62
26036, -2662, -59
26044, -2659, -108
26052, -2658, -104
26060, -2658, -43
26068, -2659, 44
26077, -2660, 139
26085, -2663, 232
26093, -2665, 308
26101, -2667, 301
26109, -2666, 229
26117, -2665, 115
26125, -2662, -15
26133, -2659, -63
26142, -2659, -39
26150, -2659, 36
26158, -2660, 113
26166, -2662, 196
26174, -2664, 274
26182, -2667, 339
26191, -2669, 350
26199, -2668, 267
26207, -2667, 173
26215, -2665, 102
26223, -2664, 29
26231, -2662, 17
26239, -2663, 74
26248, -2664, 168
26256, -2666, 272
26264, -2668, 334
26272, -2669, 354
26280, -2669, 296
26288, -2669, 210
26296, -2667, 147
26304, -2665, 69
26313, -2663, 24
26321, -2662, 43
26329, -2663, 103
26337, -2664, 194
26345, -2666, 257
26353, -2667, 321
26361, -2669, 364
26370, -2671, 363
26378, -2670, 310
26386, -2669, 229
26394, -2668, 164
26402, -2666, 90
26411, -2664, 30
26419, -2663, 32
26427, -2663, 96
26435, -2665, 184
26443, -2667, 266
26451, -2669, 343
26460, -2670, 362
26468, -2670, 309
26476, -2669, 217
26484, -2667, 116
26492, -2665, 9
26500, -2662, -40
26508, -2661, -19
26516, -2661, 37
26525, -2662, 115
26533, -2663, 202
26541, -2666, 285
26549, -2668, 356
26557, -2669, 354
26566, -2669, 285
26574, -2668, 185
26582, -2666, 75
26590, -2663, -39
26598, -2660, -92
26606, -2659, -65
26615, -2659, 2
26623, -2660, 82
26631, -2662, 173
26639, -2664, 267
26647, -2666, 320
26655, -2668, 315
26663, -2667, 234
26672, -2666, 126
26680, -2664, 46
26688, -2662, -33
26696, -2660, -72
26704, -2659, -36
26712, -2660, 61
26721, -2662, 177
26729, -2665, 258
26737, -2667, 328
26745, -2668, 345
26753, -2669, 275
26762, -2667, 177
26770, -2665, 62
26778, -2662, -24
26786, -2661, -47
26795, -2660, 18
26803, -2661, 106
26811, -2664, 211
26819, -2666, 313
26827, -2669, 364
26835, -2670, 334
26843, -2669, 240
26852, -2667, 133
26860, -2664, 45
26868, -2662, -9
26876, -2662, 24
26884, -2662, 97
26892, -2663, 189
26900, -2665, 266
26909, -2667, 321
26917, -2669, 372
26925, -2670, 379
26933, -2671, 331
26941, -2670, 245
26949, -2668, 156
26957, -2667, 96
26966, -2665, 22
26974, -2663, -15
26982, -2662, 28
26990, -2663, 99
26998, -2664, 169
27007, -2665, 237
27015, -2667, 288
27023, -2668, 353
27031, -2670, 383
27039, -2671, 380
27047, -2672, 324
27056, -2670, 232
27064, -2668, 133
27072, -2665, 28
27080, -2662, -26
27088, -2661, -9
27097, -2661, 38
27105, -2661, 91
27113, -2662, 162
27121, -2664, 227
27129, -2666, 283
27137, -2667, 330
27145, -2669, 332
27154, -2669, 273
27162, -2668, 182
27170, -2666, 84
27178, -2663, -24
27186, -2661, -72
27194, -2660, -36
27202, -2660, 49
27211, -2662, 165
27219, -2665, 286
27227, -2667, 345
27235, -2669, 334
27243, -2668, 242
27251, -2666, 106
27259, -2662, -46
27268, -2659, -110
27276, -2658, -106
27284, -2658, -38
27292, -2659, 53
27300, -2661, 152
27308, -2663, 258
27317, -2666, 341
27325, -2668, 363
27333, -2669, 291
27341, -2667, 180
27349, -2665, 58
27357, -2662, -62
27365, -2659, -104
27374, -2658, -92
27382, -2658, -20
27390, -2659, 64
27398, -2661, 160
27406, -2663, 257
27414, -2666, 311
27422, -2667, 298
27431, -2666, 195
27439, -2664, 68
27447, -2661, -27
27455, -2659, -66
27464, -2659, -43
27472, -2659, 5
27480, -2659, 72
27488, -2661, 149
27496, -2662, 206
27505, -2664, 277
27513, -2666, 319
27521, -2668, 315
27529, -2667, 237
27537, -2666, 141
27545, -2664, 55
27553, -2662, -30
27562, -2660, -80
27570, -2658, -61
27578, -2659, 26
27586, -2661, 118
27594, -2663, 214
27602, -2666, 310
27610, -2668, 358
27618, -2669, 320
27627, -2668, 219
27635, -2666, 97
27643, -2662, -44
27651, -2659, -121
27659, -2657, -122
27668, -2657, -62
27676, -2658, 27
27684, -2660, 130
27692, -2663, 240
27700, -2665, 298
27708, -2666, 269
27716, -2666, 192
27724, -2664, 89
27733, -2661, -33
27741, -2659, -87
27749, -2658, -93
27758, -2657, -49
27766, -2658, 44
27774, -2660, 141
27782, -2662, 222
27790, -2664, 298
27798, -2667, 343
27806, -2668, 314
27814, -2667, 222
27823, -2666, 131
27831, -2664, 56
27839, -2662, -8
27847, -2661, -13
27855, -2661, 44
27863, -2662, 118
27872, -2663, 189
27880, -2665, 236
27888, -2666, 293
27896, -2668, 331
27904, -2669, 338
27912, -2669, 288
27920, -2668, 219
27928, -2667, 152
27937, -2666, 81
27945, -2664, 18
27953, -2662, 12
27961, -2662, 73
27969, -2663, 154
27977, -2665, 242
27985, -2667, 335
27993, -2670, 419
28002, -2672, 438
28010, -2672, 374
28018, -2671, 271
28026, -2669, 167
28034, -2666, 69
28042, -2664, 38
28050, -2663, 72
28059, -2664, 122
28067, -2665, 212
28075, -2667, 314
28084, -2669, 372
28092, -2671, 389
28100, -2671, 341
28108, -2670, 256
28116, -2669, 161
28125, -2666, 60
28133, -2664, 16
28141, -2663, 40
28149, -2662, 83
28157, -2663, 162
28165, -2665, 245
28173, -2667, 303
28181, -2669, 358
28190, -2670, 372
28198, -2670, 333
28206, -2670, 255
28214, -2668, 158
28222, -2666, 93
28230, -2665, 69
28238, -2665, 109
28247, -2665, 190
28255, -2667, 268
28263, -2669, 343
28271, -2671, 421
28279, -2673, 456
28287, -2674, 419
28295, -2673, 331
28304, -2671, 223
28312, -2669, 104
28320, -2666, 38
28328, -2665, 56
28336, -2664, 102
28345, -2665, 170
28353, -2666, 249
28361, -2668, 332
28369, -2670, 378
28377, -2671, 386
28385, -2671, 333
28393, -2671, 258
28401, -2669, 190
28410, -2667, 125
28418, -2666, 96
28426, -2665, 111
28434, -2665, 176
28442, -2667, 258
28450, -2668, 340
28459, -2671, 430
28467, -2673, 484
28475, -2675, 469
28483, -2675, 411
28491, -2673, 293
28500, -2670, 149
28508, -2667, 62
28516, -2665, 71
28524, -2665, 128
28532, -2666, 210
28540, -2668, 301
28549, -2670, 398
28557, -2673, 461
28565, -2674, 452
28573, -2674, 383
28581, -2673, 304
28589, -2672, 240
28597, -2670, 172
28605, -2668, 138
28614, -2667, 146
28622, -2667, 198
28630, -2668, 261
28638, -2670, 320
28646, -2671, 383
28654, -2673, 408
28662, -2674, 391
28671, -2673, 320
28679, -2672, 245
28687, -2671, 193
28695, -2669, 137
28703, -2668, 107
28711, -2666, 116
28720, -2666, 171
28728, -2668, 253
28736, -2669, 340
28744, -2672, 435
28752, -2674, 469
28760, -2675, 448
28768, -2675, 394
28777, -2674, 304
28785, -2671, 197
28793, -2670, 150
28801, -2669, 160
28809, -2669, 223
28817, -2670, 304
28825, -2671, 382
28833, -2673, 442
28841, -2675, 505
28850, -2677, 536
28858, -2678, 501
28866, -2677, 409
28874, -2676, 308
30892, -2658, 130
30901, -2659, 142
30910, -2660, 174
30918, -2662, 223
30927, -2664, 275
30935, -2666, 333
30944, -2668, 399
30952, -2671, 464
30961, -2673, 519
30969, -2676, 596
30978, -2680, 697
30986, -2684, 795
30995, -2688, 887
31003, -2692, 981
31011, -2696, 1070
31020, -2701, 1144
31028, -2705, 1227
31036, -2709, 1280
31046, -2712, 1307
31054, -2715, 1334
31062, -2717, 1378
31071, -2720, 1431
31079, -2723, 1509
31088, -2727, 1583
31096, -2731, 1647
31105, -2734, 1689
31113, -2737, 1746
31121, -2740, 1801
31129, -2743, 1864
31138, -2746, 1908
31146, -2749, 1958
31154, -2752, 2011
31162, -2754, 2046
31170, -2756, 2068
31178, -2759, 2104
31187, -2761, 2139
31195, -2763, 2160
31203, -2765, 2188
31211, -2767, 2240
31219, -2770, 2301
31227, -2773, 2360
31235, -2776, 2401
31243, -2778, 2448
31252, -2781, 2496
31260, -2783, 2525
31268, -2785, 2542
31276, -2787, 2549
31284, -2788, 2553
31292, -2789, 2562
31300, -2790, 2580
31308, -2792, 2621
31317, -2794, 2672
31325, -2796, 2718
31333, -2798, 2750
31341, -2800, 2773
31349, -2801, 2790
31357, -2803, 2816
31365, -2804, 2850
31374, -2806, 2882
31382, -2808, 2925
31390, -2810, 2950
31398, -2812, 2971
31406, -2814, 3009
31414, -2816, 3053
31422, -2818, 3080
31430, -2819, 3094
31439, -2820, 3102
31447, -2821, 3106
31455, -2822, 3107
31463, -2822, 3091
31471, -2822, 3075
31479, -2823, 3076
31487, -2823, 3099
31496, -2824, 3142
31504, -2826, 3194
31512, -2828, 3260
31520, -2831, 3336
31528, -2834, 3385
31536, -2835, 3379
31545, -2836, 3330
31553, -2835, 3268
31561, -2834, 3219
31569, -2833, 3192
31577, -2833, 3214
31585, -2834, 3278
31593, -2837, 3361
31602, -2839, 3446
31610, -2842, 3502
31618, -2844, 3513
31626, -2844, 3483
31634, -2844, 3445
31642, -2844, 3415
31650, -2843, 3380
31658, -2843, 3363
31666, -2842, 3374
31675, -2843, 3413
31683, -2844, 3464
31691, -2846, 3526
31699, -2848, 3590
31707, -2851, 3655
31715, -2853, 3685
31724, -2854, 3660
31732, -2854, 3601
31740, -2853, 3536
31748, -2851, 3466
31756, -2849, 3434
31764, -2848, 3447
31772, -2849, 3494
31780, -2850, 3558
31789, -2852, 3626
31797, -2854, 3692
31805, -2857, 3751
31813, -2859, 3771
31821, -2859, 3731
31829, -2859, 3668
31837, -2858, 3617
31846, -2856, 3556
31854, -2854, 3523
31862, -2854, 3531
31870, -2854, 3580
31878, -2855, 3637
31886, -2857, 3694
31895, -2859, 3759
31903, -2861, 3807
31911, -2863, 3818
31919, -2863, 3777
31927, -2862, 3714
31935, -2860, 3652
31943, -2859, 3590
31952, -2858, 3577
31960, -2858, 3612
31968, -2858, 3665
31976, -2860, 3734
31984, -2862, 3789
31992, -2863, 3849
32001, -2865, 3869
32009, -2866, 3842
32017, -2866, 3790
32025, -2865, 3735
32033, -2864, 3700
32041, -2862, 3651
32050, -2861, 3620
32058, -2860, 3641
32066, -2861, 3698
32074, -2862, 3755
32082, -2864, 3819
32090, -2866, 3883
32099, -2868, 3937
32107, -2870, 3951
32115, -2870, 3914
32123, -2870, 3850
32131, -2868, 3783
32140, -2866, 3705
32148, -2864, 3650
32156, -2863, 3648
32164, -2862, 3687
32172, -2863, 3750
32181, -2865, 3832
32189, -2867, 3912
32197, -2870, 3961
32205, -2871, 3963
32213, -2871, 3907
32221, -2870, 3839
32230, -2869, 3786
32238, -2867, 3736
32246, -2866, 3716
32254, -2865, 3736
32262, -2866, 3798
32271, -2868, 3867
32279, -2870, 3925
32287, -2872, 3973
32295, -2873, 3976
32303, -2873, 3939
32311, -2872, 3876
32319, -2870, 3806
32327, -2868, 3727
32335, -2866, 3687
32344, -2865, 3698
32352, -2865, 3749
32360, -2867, 3833
32368, -2869, 3923
32376, -2871, 3977
32384, -2873, 3994
32393, -2873, 3957
32401, -2873, 3900
32409, -2871, 3834
32417, -2869, 3759
32425, -2867, 3708
32433, -2866, 3704
32441, -2866, 3750
32450, -2867, 3820
32458, -2869, 3892
32466, -2871, 3967
32474, -2873, 4022
32482, -2875, 4027
32490, -2875, 3977
32498, -2873, 3904
32506, -2871, 3829
32515, -2868, 3744
32523, -2866, 3705
32531, -2865, 3706
32539, -2865, 3740
32547, -2866, 3810
32555, -2868, 3891
32564, -2870, 3952
32572, -2872, 3987
32580, -2873, 3981
32588, -2873, 3934
32596, -2872, 3861
32604, -2870, 3784
32613, -2867, 3703
32621, -2865, 3670
32629, -2864, 3682
32637, -2864, 3712
32645, -2865, 3760
32653, -2865, 3808
32661, -2866, 3839
32669, -2867, 3861
32678, -2868, 3882
32686, -2869, 3919
32694, -2870, 3947
32702, -2871, 3958
32710, -2872, 3955
32719, -2872, 3927
32727, -2872, 3883
32735, -2871, 3833
32743, -2869, 3798
32751, -2868, 3756
32759, -2867, 3744
32767, -2867, 3775
32775, -2868, 3829
32783, -2869, 3890
32792, -2870, 3940
32800, -2872, 3966
32808, -2873, 3980
32816, -2873, 3972
32824, -2873, 3928
32832, -2872, 3877
32840, -2871, 3836
32849, -2870, 3790
32857, -2869, 3764
32865, -2868, 3772
32873, -2868, 3814
32881, -2869, 3871
32889, -2870, 3933
32897, -2872, 4000
32906, -2875, 4061
32914, -2876, 4084
32922, -2877, 4053
32930, -2877, 3994
32938, -2876, 3925
32946, -2874, 3854
32954, -2872, 3783
32962, -2870, 3753
32971, -2869, 3771
32979, -2869, 3827
32987, -2871, 3905
32995, -2873, 3994
33003, -2875, 4054
33011, -2877, 4072
33019, -2877, 4030
33027, -2876, 3959
33036, -2875, 3879
33044, -2872, 3797
33052, -2870, 3763
33060, -2869, 3768
33068, -2869, 3803
33076, -2870, 3868
33084, -2871, 3937
33093, -2873, 3980
33101, -2875, 4037
33109, -2876, 4075
33117, -2878, 4073
33125, -2878, 4032
33133, -2877, 3972
33141, -2876, 3897
33150, -2874, 3817
33158, -2871, 3772
33166, -2870, 3769
33174, -2870, 3807
33182, -2870, 3867
33190, -2872, 3927
33198, -2874, 3988
33206, -2876, 4060
33215, -2878, 4097
33223, -2879, 4074
33231, -2879, 4017
33239, -2877, 3948
33247, -2875, 3869
33256, -2873, 3814
33264, -2871, 3801
33272, -2871, 3838
33280, -2872, 3903
33288, -2874, 3977
33296, -2876, 4060
33304, -2878, 4112
33313, -2880, 4108
33321, -2880, 4056
33329, -2878, 3982
33337, -2876, 3900
33345, -2874, 3822
33353, -2872, 3808
33361, -2872, 3847
33370, -2873, 3912
33378, -2874, 3985
33386, -2876, 4047
33394, -2878, 4081
33402, -2879, 4080
33410, -2879, 4036
33419, -2878, 3973
33427, -2876, 3909
33435, -2874, 3839
33443, -2872, 3791
33451, -2871, 3799
33459, -2871, 3847
33468, -2872, 3908
33476, -2873, 3966
33484, -2875, 4009
33492, -2876, 4060
33500, -2878, 4089
33508, -2879, 4074
33516, -2879, 4026
33525, -2878, 3974
33533, -2877, 3916
33541, -2875, 3853
33549, -2872, 3794
33557, -2871, 3777
33565, -2870, 3797
33573, -2870, 3848
33581, -2871, 3914
33590, -2873, 3969
33598, -2875, 4019
33606, -2877, 4066
33614, -2878, 4069
33622, -2878, 4028
33630, -2877, 3969
33639, -2876, 3901
33647, -2874, 3833
33655, -2872, 3798
33663, -2871, 3810
33671, -2871, 3860
33679, -2872, 3932
33687, -2874, 4004
33696, -2877, 4073
33704, -2879, 4114
33712, -2880, 4099
33720, -2880, 4056
33728, -2879, 3993
33736, -2877, 3911
33745, -2875, 3859
33753, -2874, 3845
33761, -2874, 3887
33769, -2875, 3944
33777, -2876, 4001
33785, -2878, 4070
33794, -2880, 4115
33802, -2881, 4122
35820, -2881, 3980
35828, -2880, 3987
35836, -2880, 4003
35845, -2880, 4031
35853, -2881, 4068
35861, -2882, 4109
35869, -2883, 4152
35877, -2885, 4198
35885, -2887, 4249
35893, -2889, 4307
35901, -2892, 4378
35910, -2895, 4466
35918, -2900, 4577
35926, -2904, 4681
35934, -2909, 4771
35942, -2913, 4849
35950, -2918, 4926
35958, -2921, 4972
35966, -2924, 4988
35975, -2926, 4990
35983, -2928, 5001
35991, -2930, 5042
35999, -2933, 5126
36007, -2937, 5228
36015, -2941, 5329
36023, -2945, 5404
36031, -2948, 5482
36040, -2952, 5534
36048, -2955, 5563
36056, -2957, 5575
36064, -2959, 5577
36072, -2960, 5568
36080, -2961, 5570
36088, -2963, 5613
36097, -2966, 5694
36105, -2969, 5779
36113, -2972, 5845
36121, -2974, 5902
36129, -2977, 5959
36137, -2979, 6000
36145, -2981, 6022
36154, -2983, 6034
36162, -2985, 6038
36170, -2986, 6044
36178, -2987, 6055
36186, -2988, 6089
36195, -2990, 6168
36203, -2993, 6259
36211, -2997, 6354
36219, -3000, 6444
36227, -3003, 6476
36235, -3005, 6460
36243, -3005, 6409
36251, -3005, 6330
36259, -3004, 6276
36268, -3003, 6271
36276, -3004, 6327
36284, -3006, 6427
36292, -3009, 6561
36300, -3013, 6702
36308, -3017, 6807
36316, -3020, 6815
36324, -3020, 6760
36333, -3020, 6669
36341, -3018, 6560
36349, -3016, 6503
36357, -3016, 6512
36365, -3016, 6560
36373, -3018, 6646
36381, -3020, 6757
36390, -3023, 6868
36398, -3026, 6969
36406, -3029, 7015
36414, -3030, 6983
36422, -3030, 6893
36430, -3028, 6786
36438, -3026, 6725
36446, -3025, 6716
36454, -3026, 6758
36463, -3027, 6839
36471, -3029, 6945
36479, -3032, 7039
36487, -3034, 7122
36495, -3036, 7146
36503, -3037, 7117
36511, -3037, 7056
36519, -3036, 6976
36528, -3035, 6915
36536, -3034, 6903
36544, -3035, 6968
36552, -3037, 7072
36560, -3039, 7192
36569, -3043, 7317
36577, -3046, 7421
36585, -3048, 7421
36593, -3049, 7344
36601, -3047, 7242
36609, -3046, 7153
36617, -3044, 7051
36625, -3042, 7019
36634, -3042, 7062
36642, -3042, 7130
36650, -3043, 7206
36658, -3045, 7298
36666, -3048, 7395
36675, -3051, 7478
36683, -3053, 7479
36691, -3052, 7395
36699, -3051, 7297
36707, -3049, 7219
36715, -3047, 7157
36724, -3046, 7168
36732, -3047, 7247
36740, -3049, 7369
36748, -3052, 7503
36756, -3055, 7582
36764, -3057, 7562
36773, -3056, 7465
36781, -3055, 7353
36789, -3053, 7281
36797, -3052, 7259
36805, -3052, 7311
36813, -3054, 7416
36821, -3056, 7533
36829, -3059, 7664
36837, -3061, 7723
36845, -3062, 7673
36854, -3061, 7587
36862, -3060, 7489
36870, -3058, 7378
36878, -3056, 7328
36886, -3055, 7362
36894, -3056, 7441
36902, -3057, 7538
36911, -3060, 7641
36919, -3062, 7745
36927, -3065, 7795
36935, -3066, 7765
36943, -3065, 7660
36952, -3063, 7544
36960, -3061, 7433
36968, -3059, 7392
36976, -3058, 7436
36984, -3060, 7537
36992, -3062, 7673
37001, -3065, 7844
37009, -3069, 7953
37017, -3071, 7944
37025, -3072, 7901
37033, -3071, 7812
37041, -3069, 7695
37049, -3066, 7564
37057, -3064, 7512
37066, -3063, 7542
37074, -3064, 7613
37082, -3066, 7737
37090, -3070, 7894
37098, -3072, 7992
37106, -3074, 7980
37114, -3073, 7893
37123, -3071, 7765
37131, -3069, 7631
37139, -3067, 7600
37147, -3067, 7656
37155, -3068, 7779
37163, -3070, 7904
37171, -3073, 7989
37180, -3075, 8048
37188, -3076, 8023
37196, -3076, 7947
37204, -3074, 7842
37212, -3072, 7723
37220, -3070, 7662
37228, -3070, 7690
37237, -3071, 7793
37245, -3073, 7914
37253, -3075, 7990
37261, -3077, 8069
37269, -3079, 8105
37277, -3079, 8049
37286, -3077, 7926
37294, -3075, 7775
37302, -3072, 7681
37310, -3070, 7672
37318, -3070, 7742
37326, -3072, 7842
37335, -3074, 7958
37343, -3076, 8083
37351, -3079, 8146
37359, -3080, 8109
37367, -3079, 8019
37375, -3077, 7916
37383, -3076, 7834
37391, -3074, 7769
37400, -3073, 7775
37408, -3074, 7855
37416, -3075, 7983
37424, -3078, 8126
37432, -3081, 8237
37440, -3083, 8234
37448, -3083, 8179
37457, -3083, 8099
37465, -3081, 8000
37473, -3079, 7881
37481, -3077, 7782
37489, -3075, 7761
37497, -3075, 7829
37505, -3076, 7950
37514, -3079, 8090
37522, -3082, 8233
37530, -3084, 8294
37538, -3085, 8281
37546, -3085, 8192
37555, -3083, 8060
37563, -3080, 7915
37571, -3077, 7808
37579, -3076, 7810
37587, -3076, 7884
37595, -3077, 7992
37603, -3080, 8103
37612, -3082, 8223
37620, -3084, 8289
37628, -3085, 8247
37636, -3084, 8132
37644, -3082, 7996
37653, -3080, 7898
37661, -3078, 7842
37669, -3077, 7869
37677, -3078, 7955
37685, -3080, 8074
37693, -3082, 8209
37701, -3085, 8285
37709, -3086, 8270
39728, -3082, 8019
39736, -3082, 8039
39744, -3082, 8082
39753, -3083, 8139
39761, -3084, 8213
39769, -3086, 8293
39777, -3088, 8385
39785, -3091, 8507
39793, -3095, 8667
39801, -3099, 8842
39810, -3104, 9003
39818, -3108, 9137
39826, -3112, 9268
39834, -3116, 9362
39842, -3120, 9455
39850, -3123, 9547
39858, -3127, 9629
39867, -3129, 9732
39875, -3132, 9797
39883, -3135, 9872
39891, -3139, 10005
39899, -3142, 10121
39907, -3145, 10250
39916, -3149, 10369
39924, -3152, 10515
39932, -3156, 10612
39940, -3158, 10665
39948, -3160, 10673
39956, -3161, 10617
39964, -3161, 10554
39972, -3162, 10580
39980, -3164, 10704
39989, -3168, 10908
39997, -3172, 11145
40005, -3175, 11331
40013, -3179, 11425
40021, -3181, 11432
40029, -3181, 11339
40038, -3181, 11184
40046, -3180, 11108
40054, -3180, 11161
40062, -3182, 11311
40070, -3184, 11533
40078, -3188, 11813
40087, -3192, 12082
40095, -3196, 12325
40103, -3199, 12413
40111, -3201, 12366
40119, -3202, 12248
40127, -3201, 12087
40135, -3200, 11963
40143, -3200, 11953
40152, -3201, 12086
40160, -3204, 12324
40168, -3207, 12589
40176, -3209, 12736
40184, -3211, 12754
40192, -3212, 12680
40200, -3212, 12620
40208, -3212, 12538
40216, -3211, 12457
40225, -3212, 12512
40233, -3213, 12678
40241, -3215, 12897
40249, -3218, 13118
40257, -3222, 13344
40265, -3225, 13508
40274, -3227, 13493
40282, -3227, 13361
40290, -3226, 13199
40298, -3225, 13007
40306, -3224, 12929
40314, -3224, 13023
40323, -3225, 13246
40331, -3229, 13572
40339, -3233, 13914
40347, -3237, 14073
40355, -3239, 14027
40364, -3239, 13888
40372, -3237, 13676
40380, -3236, 13519
40388, -3235, 13485
40396, -3236, 13633
40404, -3238, 13864
40412, -3241, 14124
40420, -3245, 14400
40428, -3248, 14530
40437, -3249, 14483
40445, -3248, 14273
40453, -3247, 13998
40461, -3244, 13840
40469, -3243, 13840
40478, -3243, 13985
40486, -3246, 14237
40494, -3249, 14503
40502, -3251, 14585
40510, -3252, 14499
40518, -3251, 14326
40526, -3250, 14178
40534, -3248, 14026
40543, -3247, 14042
40551, -3248, 14212
40559, -3251, 14467
40567, -3254, 14755
40575, -3257, 14886
40583, -3259, 14824
40592, -3258, 14614
40600, -3256, 14400
40608, -3253, 14219
40616, -3251, 14105
40624, -3250, 14168
40632, -3251, 14361
40640, -3254, 14654
40649, -3259, 14966
40657, -3262, 15107
40665, -3263, 15050
40673, -3263, 14875
40681, -3261, 14697
40689, -3260, 14551
40698, -3258, 14455
40706, -3258, 14531
40714, -3260, 14743
40722, -3263, 15010
40730, -3266, 15270
40739, -3269, 15326
40747, -3269, 15202
40755, -3268, 15006
40763, -3266, 14792
40771, -3263, 14592
40779, -3261, 14561
40788, -3262, 14705
40796, -3264, 14938
40804, -3267, 15186
40812, -3270, 15420
40820, -3273, 15471
40828, -3273, 15336
40836, -3271, 15099
40845, -3268, 14820
40853, -3265, 14677
40861, -3264, 14704
40869, -3265, 14846
40877, -3266, 15036
40885, -3269, 15204
40893, -3271, 15375
40902, -3273, 15445
40910, -3274, 15375
40918, -3273, 15204
40926, -3271, 14980
40934, -3269, 14834
40942, -3267, 14799
40950, -3267, 14935
40959, -3269, 15156
40967, -3272, 15400
40975, -3276, 15629
40983, -3278, 15687
40991, -3279, 15584
40999, -3278, 15386
41007, -3275, 15151
41016, -3272, 14931
41024, -3270, 14907
41032, -3270, 15031
41040, -3272, 15239
41048, -3275, 15477
41056, -3278, 15700
41064, -3281, 15747
41072, -3281, 15652
41081, -3280, 15438
41089, -3277, 15189
41097, -3274, 15004
41105, -3272, 15003
41113, -3272, 15134
41121, -3274, 15340
41129, -3277, 15577
41138, -3280, 15789
41146, -3282, 15825
41154, -3283, 15721
41162, -3281, 15524
41170, -3279, 15293
41178, -3275, 15019
41186, -3272, 14895
41195, -3271, 14941
41203, -3271, 15102
41211, -3273, 15305
41219, -3276, 15514
41227, -3280, 15748
41236, -3283, 15852
41244, -3283, 15765
41252, -3282, 15537
41260, -3279, 15263
41268, -3276, 15092
41276, -3274, 15089
41284, -3274, 15190
41293, -3276, 15366
41301, -3278, 15583
41309, -3281, 15795
41317, -3284, 15860
41325, -3284, 15765
41334, -3282, 15535
41342, -3279, 15250
41350, -3276, 15049
41358, -3274, 15057
41366, -3274, 15172
41374, -3276, 15358
41383, -3278, 15575
41391, -3281, 15786
41399, -3284, 15842
41407, -3284, 15717
41415, -3282, 15479
41424, -3278, 15197
41432, -3275, 15013
41440, -3273, 15012
41448, -3273, 15143
41456, -3275, 15337
41464, -3278, 15563
41473, -3281, 15767
41481, -3283, 15812
41489, -3283, 15685
41497, -3281, 15484
41505, -3279, 15286
41513, -3276, 15076
41521, -3273, 15012
41530, -3273, 15093
41538, -3274, 15257
41546, -3275, 15429
41554, -3277, 15556
41562, -3279, 15663
41570, -3281, 15713
41578, -3282, 15667
41586, -3281, 15518
41595, -3279, 15326
41603, -3277, 15178
41611, -3275, 15118
41619, -3275, 15205
41627, -3276, 15388
41635, -3279, 15599
41644, -3282, 15804
41652, -3284, 15863
41660, -3284, 15751
41668, -3283, 15573
41676, -3281, 15382
41685, -3279, 15193
41693, -3277, 15145
41701, -3277, 15248
41709, -3278, 15446
41717, -3280, 15658
41725, -3283, 15817
41733, -3285, 15892
41742, -3286, 15819
41750, -3285, 15645
41758, -3282, 15449
41766, -3280, 15249
41774, -3278, 15222
41782, -3278, 15355
41790, -3280, 15589
41799, -3284, 15849
41807, -3287, 15990
41815, -3288, 16004
41823, -3288, 15876
41831, -3287, 15700
41839, -3285, 15538
41847, -3282, 15361
41855, -3280, 15260
41863, -3279, 15317
41872, -3280, 15447
41880, -3282, 15646
41888, -3284, 15870
41896, -3287, 16002
41904, -3289, 15986
41912, -3289, 15862
41920, -3287, 15700
41929, -3285, 15516
41937, -3282, 15288
41945, -3279, 15189
41953, -3278, 15247
41961, -3278, 15369
41969, -3279, 15505
41977, -3281, 15654
41986, -3283, 15822
41994, -3286, 15934
42002, -3287, 15928
42010, -3287, 15793
42018, -3285, 15605
42026, -3283, 15473
42034, -3281, 15341
42043, -3280, 15342
42051, -3280, 15459
42059, -3282, 15652
42067, -3285, 15870
42075, -3287, 16016
42083, -3289, 15998
42091, -3289, 15902
42099, -3287, 15697
42108, -3285, 15460
42116, -3282, 15332
42124, -3281, 15352
42132, -3282, 15482
42141, -3283, 15622
42149, -3284, 15737
42157, -3285, 15840
42165, -3287, 15893
42173, -3287, 15874
42181, -3287, 15765
42189, -3286, 15640
42197, -3285, 15549
42206, -3283, 15447
42214, -3282, 15389
42222, -3281, 15428
42230, -3281, 15564
42238, -3283, 15737
42246, -3286, 15892
42255, -3288, 16026
42263, -3290, 16018
44281, -3287, 15676
44289, -3286, 15704
44298, -3287, 15772
44307, -3288, 15871
44315, -3290, 15992
44324, -3292, 16151
44333, -3295, 16330
44341, -3299, 16533
44350, -3304, 16752
44358, -3308, 16928
44366, -3312, 17072
44375, -3317, 17204
44383, -3320, 17342
44391, -3324, 17444
44399, -3328, 17509
44408, -3330, 17561
44416, -3333, 17603
44424, -3335, 17669
44433, -3339, 17812
44442, -3343, 17992
44452, -3348, 18143
44460, -3352, 18260
44468, -3356, 18327
44477, -3358, 18339
44485, -3360, 18320
44493, -3360, 18272
44501, -3361, 18276
44509, -3363, 18352
44517, -3366, 18498
44525, -3369, 18657
44534, -3373, 18777
44542, -3376, 18886
44550, -3379, 18954
44558, -3382, 18991
44566, -3383, 19015
44574, -3385, 19026
44583, -3386, 19005
44591, -3387, 19002
44599, -3388, 19060
44607, -3391, 19182
44615, -3394, 19310
44623, -3398, 19444
44631, -3401, 19527
44640, -3403, 19540
44648, -3405, 19503
44656, -3405, 19459
44664, -3405, 19417
44672, -3404, 19376
44680, -3405, 19425
44688, -3407, 19543
44697, -3411, 19708
44705, -3415, 19897
44713, -3419, 20007
44721, -3421, 19988
44729, -3421, 19879
44737, -3420, 19729
44746, -3418, 19638
44754, -3417, 19623
44762, -3417, 19696
44770, -3420, 19829
44778, -3423, 19996
44786, -3426, 20101
44794, -3428, 20117
44803, -3429, 20059
44811, -3428, 19981
44819, -3428, 19920
44827, -3427, 19875
44835, -3427, 19921
44843, -3429, 20052
44851, -3432, 20238
44860, -3437, 20434
44868, -3442, 20551
44876, -3444, 20580
44884, -3445, 20512
44892, -3445, 20416
44900, -3444, 20339
44908, -3443, 20264
44916, -3442, 20274
44925, -3444, 20366
44933, -3446, 20510
44941, -3450, 20674
44949, -3453, 20750
44957, -3454, 20727
44965, -3454, 20619
44973, -3452, 20482
44982, -3449, 20361
44990, -3447, 20316
44998, -3446, 20340
45006, -3447, 20429
45014, -3450, 20569
45023, -3453, 20724
45031, -3457, 20850
45039, -3460, 20877
45047, -3461, 20850
45055, -3460, 20749
45063, -3458, 20609
45072, -3455, 20497
45080, -3454, 20471
45088, -3453, 20528
45096, -3455, 20637
45104, -3458, 20798
45112, -3463, 20993
45121, -3467, 21108
45129, -3469, 21117
45137, -3470, 21081
45145, -3470, 20995
45153, -3468, 20895
45161, -3466, 20767
45169, -3463, 20693
45178, -3462, 20715
45186, -3463, 20793
45194, -3464, 20887
45202, -3466, 20990
45210, -3469, 21105
45219, -3472, 21163
45227, -3473, 21134
45235, -3472, 21055
45243, -3471, 20960
45251, -3470, 20883
45259, -3469, 20858
45268, -3468, 20907
45276, -3470, 21015
45284, -3473, 21157
45292, -3477, 21312
45300, -3480, 21382
45309, -3482, 21370
45317, -3482, 21302
45325, -3481, 21203
45333, -3479, 21102
45341, -3477, 20991
45349, -3475, 20951
45358, -3475, 21003
45366, -3476, 21133
45374, -3478, 21263
45382, -3481, 21346
45390, -3483, 21433
45398, -3485, 21450
45406, -3485, 21377
45415, -3484, 21251
45423, -3481, 21113
45431, -3478, 21006
45439, -3476, 20994
45447, -3476, 21050
45455, -3477, 21154
45464, -3479, 21287
45472, -3482, 21424
45480, -3485, 21469
45488, -3485, 21409
45496, -3484, 21298
45505, -3482, 21173
45513, -3480, 21055
45521, -3478, 21011
45529, -3477, 21070
45537, -3479, 21195
45545, -3482, 21352
45553, -3486, 21523
45562, -3489, 21591
45570, -3491, 21562
45578, -3490, 21458
45586, -3489, 21364
45594, -3488, 21292
45602, -3486, 21208
45610, -3484, 21170
45619, -3484, 21211
45627, -3485, 21334
45635, -3488, 21478
45643, -3491, 21566
45651, -3492, 21549
45659, -3491, 21480
45668, -3490, 21393
45676, -3489, 21326
45684, -3488, 21267
45692, -3487, 21246
45700, -3486, 21281
45708, -3487, 21357
45716, -3488, 21442
45724, -3490, 21518
45733, -3492, 21593
45741, -3494, 21657
45749, -3496, 21649
45757, -3495, 21558
47775, -3476, 21233
47784, -3478, 21252
47792, -3479, 21301
47800, -3481, 21364
47809, -3484, 21451
47817, -3487, 21548
47826, -3491, 21688
47834, -3496, 21852
47843, -3501, 22000
47851, -3506, 22105
47860, -3510, 22172
47868, -3513, 22225
47877, -3517, 22322
47885, -3521, 22439
47893, -3526, 22534
47901, -3530, 22627
47909, -3534, 22711
47917, -3537, 22762
47925, -3540, 22788
47934, -3542, 22811
47942, -3544, 22858
47950, -3547, 22947
47958, -3551, 23062
47966, -3555, 23181
47975, -3559, 23269
47983, -3562, 23317
47991, -3565, 23343
47999, -3567, 23350
48007, -3568, 23334
48015, -3569, 23320
48023, -3571, 23373
48031, -3574, 23483
48040, -3577, 23599
48048, -3580, 23672
48056, -3582, 23718
48064, -3584, 23748
48072, -3587, 23798
48080, -3589, 23858
48089, -3592, 23906
48097, -3594, 23959
48105, -3596, 24009
48113, -3598, 24044
48121, -3600, 24099
48129, -3602, 24156
48137, -3605, 24213
48146, -3608, 24287
48154, -3610, 24335
48162, -3612, 24354
48170, -3613, 24356
48178, -3614, 24344
48187, -3615, 24319
48195, -3616, 24322
48203, -3617, 24377
48211, -3619, 24466
48219, -3622, 24566
48227, -3625, 24670
48235, -3628, 24735
48243, -3629, 24726
48252, -3630, 24656
48260, -3628, 24561
48268, -3627, 24466
48276, -3625, 24439
48284, -3625, 24491
48292, -3627, 24605
48301, -3631, 24789
48309, -3636, 24980
48317, -3639, 25040
48325, -3640, 24991
48333, -3640, 24893
48341, -3638, 24766
48349, -3636, 24692
48358, -3636, 24693
48366, -3636, 24763
48374, -3638, 24880
48382, -3642, 25030
48390, -3646, 25182
48398, -3648, 25214
48407, -3649, 25144
48415, -3648, 25046
48423, -3647, 24978
48431, -3646, 24903
48439, -3645, 24909
48447, -3647, 25004
48456, -3650, 25166
48464, -3654, 25344
48472, -3657, 25430
48480, -3658, 25395
48488, -3657, 25274
48496, -3655, 25119
48505, -3652, 25023
48513, -3651, 25007
48521, -3651, 25074
48529, -3653, 25199
48537, -3656, 25362
48545, -3660, 25544
48553, -3664, 25643
48561, -3667, 25652
48570, -3667, 25575
48578, -3666, 25452
48586, -3663, 25299
48594, -3661, 25217
48602, -3660, 25219
48610, -3661, 25313
48618, -3663, 25489
48626, -3667, 25670
48635, -3671, 25803
48643, -3674, 25810
48651, -3674, 25758
48659, -3673, 25630
48667, -3670, 25469
48675, -3667, 25356
48683, -3666, 25357
48691, -3666, 25413
48699, -3667, 25503
48708, -3669, 25633
48716, -3673, 25775
48724, -3676, 25884
48732, -3678, 25895
48740, -3678, 25842
48748, -3677, 25751
48756, -3676, 25672
48764, -3675, 25592
48773, -3674, 25595
48781, -3674, 25678
48789, -3677, 25813
48797, -3680, 25973
48805, -3683, 26074
48813, -3685, 26062
48821, -3685, 25993
48829, -3684, 25889
48837, -3682, 25784
48846, -3680, 25672
48854, -3678, 25630
48862, -3678, 25697
48870, -3680, 25824
48878, -3682, 25948
48886, -3685, 26073
48894, -3688, 26144
48902, -3689, 26102
48910, -3688, 26014
48918, -3687, 25899
48927, -3685, 25813
48935, -3684, 25782
48943, -3684, 25852
48951, -3685, 25969
48959, -3688, 26098
48967, -3690, 26223
48975, -3692, 26240
48983, -3693, 26172
48991, -3691, 26043
49000, -3689, 25894
49008, -3686, 25806
49016, -3685, 25804
49024, -3685, 25886
49032, -3687, 25994
49040, -3689, 26111
49048, -3692, 26229
49056, -3693, 26242
49064, -3693, 26161
49072, -3692, 26054
49081, -3690, 25974
49089, -3689, 25898
49097, -3688, 25903
49105, -3689, 25981
49113, -3690, 26100
49121, -3693, 26242
49129, -3695, 26296
49137, -3695, 26243
49145, -3695, 26173
49153, -3693, 26085
49162, -3691, 25972
49170, -3689, 25862
49178, -3687, 25849
49186, -3687, 25929
49194, -3689, 26064
49202, -3692, 26224
49210, -3696, 26386
49218, -3699, 26427
49226, -3699, 26367
49234, -3698, 26224
49243, -3695, 26054
49251, -3692, 25963
49259, -3692, 26022
49267, -3694, 26207
49275, -3698, 26438
49283, -3702, 26555
49292, -3704, 26538
49300, -3703, 26440
49308, -3702, 26315
49316, -3700, 26213
51334, -3679, 25910
51343, -3681, 25937
51351, -3683, 26014
51359, -3686, 26151
51367, -3691, 26372
51375, -3697, 26604
51383, -3702, 26776
51392, -3708, 26934
51400, -3713, 27028
51408, -3717, 27074
51416, -3719, 27066
51424, -3721, 27043
51432, -3723, 27076
51440, -3726, 27229
51449, -3731, 27447
51457, -3737, 27686
51465, -3742, 27825
51473, -3746, 27833
51481, -3747, 27798
51490, -3749, 27774
51498, -3750, 27723
51506, -3750, 27764
51514, -3753, 27898
51522, -3756, 28058
51530, -3760, 28210
51539, -3764, 28358
51547, -3768, 28476
51555, -3771, 28539
51563, -3774, 28567
51571, -3775, 28560
51579, -3776, 28524
51588, -3777, 28516
51596, -3779, 28637
51604, -3783, 28850
51612, -3788, 29076
51620, -3791, 29171
51629, -3793, 29161
51637, -3795, 29153
51645, -3795, 29115
51653, -3796, 29037
51661, -3796, 29042
51670, -3798, 29180
51678, -3801, 29391
51686, -3806, 29605
51694, -3809, 29725
51702, -3812, 29723
51710, -3812, 29677
51718, -3812, 29595
51727, -3812, 29513
51735, -3812, 29579
51743, -3815, 29750
51751, -3819, 29956
51759, -3822, 30076
51767, -3824, 30072
51775, -3824, 30003
51783, -3823, 29890
51792, -3822, 29782
51800, -3822, 29792
51808, -3823, 29912
51816, -3826, 30094
51824, -3830, 30287
51832, -3833, 30379
51840, -3835, 30358
51849, -3835, 30275
51857, -3833, 30153
51865, -3832, 30046
51873, -3831, 30035
51882, -3832, 30141
51890, -3834, 30306
51898, -3838, 30511
51906, -3843, 30734
51914, -3848, 30882
51922, -3851, 30924
51931, -3853, 30865
51939, -3852, 30735
51947, -3850, 30570
51955, -3848, 30470
51963, -3847, 30471
51971, -3849, 30597
51979, -3852, 30760
51988, -3855, 30935
51996, -3859, 31040
52004, -3860, 31029
52012, -3861, 30967
52020, -3860, 30901
52028, -3860, 30860
52036, -3859, 30795
52045, -3859, 30788
52053, -3859, 30868
52061, -3862, 31006
52069, -3865, 31170
52077, -3868, 31252
52085, -3869, 31235
52094, -3869, 31151
52102, -3867, 31039
52110, -3865, 30932
52118, -3864, 30910
52126, -3865, 31010
52134, -3868, 31171
52143, -3871, 31335
52151, -3874, 31396
52159, -3875, 31358
52167, -3874, 31243
52175, -3872, 31118
52183, -3870, 30982
52191, -3868, 30940
52200, -3867, 31010
52208, -3869, 31152
52216, -3873, 31349
52224, -3877, 31577
52232, -3882, 31678
52240, -3884, 31692
52249, -3885, 31648
52257, -3885, 31569
52265, -3884, 31457
52273, -3882, 31327
52281, -3880, 31253
52289, -3879, 31281
52297, -3881, 31429
52306, -3884, 31595
52314, -3887, 31734
52322, -3890, 31766
52330, -3890, 31711
52338, -3889, 31609
52347, -3887, 31479
52355, -3884, 31381
52363, -3883, 31381
52371, -3884, 31508
52379, -3887, 31667
52387, -3890, 31785
52395, -3892, 31796
52403, -3892, 31727
52412, -3891, 31637
52420, -3890, 31556
52428, -3887, 31461
52436, -3886, 31468
52444, -3888, 31584
52453, -3890, 31730
52461, -3893, 31823
52469, -3896, 31915
52477, -3898, 31931
52485, -3898, 31860
52494, -3896, 31773
52502, -3895, 31676
52510, -3893, 31583
52518, -3892, 31584
52526, -3892, 31677
52534, -3895, 31829
52542, -3899, 32011
52551, -3903, 32134
52559, -3905, 32144
54577, -3909, 31933
54586, -3908, 31963
54595, -3909, 32069
54603, -3912, 32256
54612, -3918, 32501
54621, -3925, 32726
54630, -3932, 32885
54638, -3936, 32909
54647, -3938, 32847
54655, -3938, 32796
54664, -3939, 32805
54672, -3942, 32916
54680, -3948, 33097
54689, -3954, 33295
54697, -3959, 33370
54706, -3962, 33359
54714, -3963, 33309
54723, -3963, 33265
54732, -3964, 33302
54742, -3968, 33429
54750, -3973, 33590
54758, -3979, 33755
54767, -3985, 33851
54776, -3988, 33851
54784, -3990, 33819
54792, -3990, 33795
54801, -3991, 33783
54809, -3993, 33839
54817, -3996, 33938
54825, -4000, 34040
54833, -4004, 34131
54841, -4007, 34190
54849, -4010, 34192
54857, -4011, 34171
54866, -4011, 34138
54874, -4011, 34093
54882, -4011, 34117
54890, -4014, 34212
54898, -4017, 34333
54906, -4021, 34404
54915, -4023, 34413
54923, -4023, 34356
54931, -4022, 34274
54939, -4021, 34244
54947, -4022, 34292
54955, -4025, 34418
54963, -4029, 34557
54972, -4034, 34665
54980, -4037, 34694
54988, -4039, 34672
54996, -4039, 34615
55004, -4038, 34541
55013, -4036, 34459
55021, -4035, 34433
55029, -4035, 34498
55037, -4038, 34632
55045, -4043, 34784
55053, -4047, 34858
55062, -4049, 34851
55070, -4049, 34780
55078, -4048, 34705
55086, -4046, 34631
55094, -4044, 34595
55102, -4045, 34655
55111, -4047, 34792
55119, -4053, 34964
55127, -4059, 35141
55135, -4064, 35199
55143, -4067, 35193
55151, -4068, 35154
55159, -4067, 35067
55168, -4065, 34969
55176, -4064, 34923
55184, -4064, 34963
55192, -4067, 35085
55200, -4071, 35214
55209, -4074, 35302
55217, -4077, 35314
55225, -4077, 35268
55233, -4076, 35192
55241, -4074, 35097
55250, -4071, 35033
55258, -4070, 35062
55266, -4072, 35176
55274, -4076, 35316
55282, -4081, 35430
55291, -4084, 35460
55299, -4085, 35416
55307, -4083, 35321
55315, -4081, 35216
55323, -4078, 35133
55331, -4076, 35131
55339, -4077, 35215
55348, -4080, 35347
55356, -4085, 35480
55364, -4088, 35523
55372, -4089, 35493
55380, -4089, 35431
55388, -4088, 35370
55397, -4087, 35330
55405, -4086, 35289
55413, -4085, 35297
55421, -4086, 35360
55429, -4089, 35464
55438, -4093, 35591
55446, -4097, 35670
55454, -4099, 35686
55462, -4100, 35640
55470, -4098, 35558
55478, -4096, 35463
55486, -4093, 35378
55495, -4092, 35403
55503, -4094, 35523
55511, -4098, 35662
55519, -4101, 35732
55527, -4103, 35711
55536, -4102, 35638
55544, -4100, 35550
55552, -4098, 35488
55560, -4096, 35442
55568, -4096, 35480
55576, -4098, 35576
55584, -4101, 35685
55592, -4105, 35820
55601, -4109, 35882
55609, -4111, 35876
55617, -4111, 35811
55625, -4109, 35727
55633, -4107, 35636
55642, -4103, 35528
55650, -4100, 35491
55658, -4100, 35555
55666, -4103, 35698
55674, -4108, 35862
55682, -4112, 35942
55691, -4114, 35939
55699, -4114, 35885
55707, -4113, 35810
55715, -4111, 35724
55723, -4108, 35621
55731, -4105, 35572
55739, -4105, 35632
55748, -4108, 35785
55756, -4113, 35949
55764, -4117, 36011
55772, -4119, 36007
55780, -4119, 35957
55789, -4118, 35882
55797, -4116, 35788
55805, -4113, 35682
55813, -4109, 35623
55821, -4109, 35669
55829, -4111, 35783
55838, -4115, 35920
55846, -4118, 35997
55854, -4120, 35988
55862, -4119, 35917
55870, -4117, 35832
55878, -4115, 35749
55887, -4112, 35664
55895, -4110, 35649
57913, -4119, 35958
57921, -4120, 35962
57930, -4121, 35942
57939, -4120, 35907
57947, -4119, 35858
57956, -4117, 35796
57964, -4114, 35719
57972, -4111, 35618
57980, -4106, 35486
57989, -4100, 35355
57997, -4095, 35271
58006, -4091, 35225
58016, -4088, 35200
58024, -4084, 35158
58033, -4081, 35086
58041, -4077, 35008
58049, -4073, 34923
58058, -4069, 34863
58066, -4066, 34826
58074, -4063, 34787
58082, -4059, 34725
58090, -4056, 34654
58098, -4052, 34611
58106, -4050, 34594
58114, -4048, 34591
58122, -4047, 34614
58131, -4046, 34604
58139, -4044, 34556
58147, -4042, 34494
58155, -4039, 34421
58163, -4036, 34333
58171, -4032, 34276
58179, -4029, 34217
58187, -4026, 34159
58196, -4023, 34125
58204, -4021, 34106
58212, -4019, 34094
58220, -4018, 34093
58228, -4017, 34095
58236, -4016, 34067
58244, -4013, 33986
58252, -4009, 33896
58261, -4005, 33792
58269, -4002, 33731
58277, -4000, 33734
58285, -3999, 33774
58293, -4000, 33829
58301, -4001, 33879
58309, -4001, 33887
58318, -4001, 33871
58326, -4000, 33829
58334, -3997, 33741
58342, -3994, 33654
58350, -3991, 33567
58358, -3988, 33515
58367, -3987, 33514
58375, -3986, 33557
58383, -3987, 33628
58391, -3989, 33686
58399, -3989, 33695
58408, -3989, 33682
58416, -3989, 33645
58424, -3987, 33551
58432, -3983, 33426
58440, -3979, 33309
58448, -3976, 33296
58457, -3976, 33366
58465, -3978, 33465
58473, -3981, 33584
58481, -3983, 33614
58489, -3983, 33601
58497, -3982, 33550
58506, -3981, 33486
58514, -3979, 33420
58522, -3977, 33342
58530, -3974, 33267
58538, -3972, 33200
58546, -3970, 33186
58554, -3969, 33219
58563, -3969, 33265
58571, -3970, 33320
58579, -3971, 33369
58587, -3972, 33368
58595, -3972, 33317
58603, -3970, 33213
58611, -3965, 33053
58619, -3960, 32900
58628, -3957, 32884
58636, -3957, 32968
58644, -3959, 33096
58652, -3962, 33260
58660, -3966, 33343
58668, -3968, 33359
58676, -3968, 33344
58685, -3968, 33281
58693, -3965, 33159
58701, -3962, 33034
58709, -3959, 32935
58717, -3957, 32909
58726, -3956, 32965
58734, -3957, 33040
58742, -3958, 33110
58750, -3960, 33184
58758, -3961, 33210
58766, -3962, 33181
58775, -3961, 33128
58783, -3960, 33064
58791, -3957, 32966
58799, -3954, 32856
58807, -3951, 32752
58815, -3948, 32750
58824, -3948, 32834
58832, -3951, 32971
58840, -3954, 33122
58848, -3957, 33185
58856, -3959, 33196
58864, -3960, 33170
58872, -3959, 33110
58880, -3957, 33005
58889, -3954, 32884
58897, -3951, 32794
58905, -3949, 32802
58913, -3950, 32888
58921, -3952, 33002
58929, -3954, 33098
58937, -3956, 33136
58946, -3956, 33109
58954, -3955, 33025
58962, -3952, 32880
58970, -3948, 32718
58978, -3945, 32644
58986, -3944, 32704
58994, -3946, 32836
59003, -3949, 32994
59011, -3952, 33082
59019, -3954, 33104
59027, -3954, 33088
59035, -3954, 33021
59043, -3951, 32902
59051, -3948, 32784
59059, -3945, 32687
59067, -3943, 32687
59076, -3944, 32779
59084, -3946, 32902
59092, -3948, 32986
59100, -3950, 33022
59108, -3951, 33023
59116, -3951, 32987
59124, -3950, 32889
59132, -3947, 32768
59140, -3944, 32661
59148, -3942, 32649
59157, -3942, 32732
59165, -3944, 32839
59173, -3946, 32913
59181, -3947, 32951
59189, -3948, 32911
59197, -3946, 32819
59205, -3943, 32673
59213, -3939, 32521
59221, -3936, 32494
59229, -3937, 32587
59238, -3939, 32751
59246, -3943, 32938
59254, -3947, 33035
59262, -3950, 33060
59270, -3951, 33041
59278, -3951, 32980
59286, -3949, 32884
59295, -3946, 32754
59303, -3943, 32620
59311, -3941, 32583
59319, -3941, 32649
59327, -3942, 32735
59335, -3943, 32793
59343, -3944, 32852
59351, -3945, 32849
59360, -3943, 32763
59368, -3940, 32619
59376, -3936, 32454
59384, -3933, 32390
59392, -3932, 32461
59400, -3934, 32605
59408, -3937, 32764
59417, -3940, 32825
59425, -3941, 32821
59433, -3942, 32803
59441, -3941, 32770
59449, -3940, 32688
59457, -3938, 32592
59465, -3936, 32526
59473, -3934, 32445
59482, -3931, 32402
59490, -3930, 32437
59498, -3931, 32546
59506, -3934, 32679
59514, -3936, 32746
59523, -3937, 32730
59531, -3936, 32645
59539, -3934, 32503
59547, -3930, 32341
59555, -3926, 32237
59563, -3925, 32290
59571, -3926, 32432
59579, -3929, 32583
59588, -3932, 32694
59596, -3935, 32720
59604, -3935, 32657
59612, -3933, 32529
59620, -3929, 32387
59628, -3926, 32299
59636, -3926, 32346
59644, -3928, 32489
59653, -3931, 32666
59661, -3935, 32768
59669, -3937, 32778
59677, -3937, 32724
59685, -3936, 32616
59693, -3933, 32468
59701, -3929, 32303
59710, -3925, 32203
59718, -3924, 32260
59726, -3925, 32386
59734, -3927, 32518
59742, -3930, 32606
59750, -3931, 32640
59759, -3931, 32585
59767, -3930, 32468
59775, -3927, 32334
59783, -3923, 32194
59791, -3920, 32124
59799, -3918, 32173
59807, -3920, 32314
59815, -3923, 32463
59824, -3926, 32563
59832, -3928, 32566
59840, -3928, 32529
59848, -3928, 32466
59856, -3926, 32355
59864, -3923, 32234
59872, -3920, 32149
59881, -3919, 32182
59889, -3920, 32313
59897, -3923, 32466
59905, -3926, 32551
59913, -3927, 32539
59921, -3927, 32484
59929, -3926, 32411
59937, -3924, 32316
59946, -3922, 32202
59954, -3919, 32131
59962, -3917, 32142
59970, -3918, 32258
59978, -3921, 32389
59986, -3924, 32496
59995, -3925, 32514
60003, -3925, 32445
60011, -3924, 32340
60019, -3921, 32223
60027, -3918, 32101
60035, -3916, 32064
60043, -3916, 32145
60051, -3917, 32260
60060, -3920, 32362
60068, -3922, 32453
60076, -3923, 32438
60084, -3922, 32347
60092, -3920, 32215
60100, -3917, 32076
60109, -3914, 32017
60117, -3913, 32076
60125, -3915, 32221
60133, -3918, 32394
60141, -3922, 32483
60149, -3923, 32485
60157, -3923, 32417
60166, -3922, 32327
60174, -3920, 32222
60182, -3918, 32117
60190, -3915, 32068
60198, -3915, 32105
60206, -3916, 32238
60214, -3919, 32404
60223, -3922, 32489
60231, -3924, 32484
60239, -3923, 32395
60247, -3921, 32266
60255, -3918, 32141
60264, -3915, 32021
60272, -3913, 32005
60280, -3914, 32111
60288, -3916, 32247
60296, -3918, 32338
60304, -3920, 32422
60313, -3921, 32418
60321, -3920, 32323
60329, -3918, 32183
60337, -3914, 32019
60345, -3911, 31911
60353, -3909, 31948
60361, -3910, 32085
60370, -3913, 32238
60378, -3917, 32367
60386, -3919, 32407
60394, -3920, 32363
60402, -3919, 32262
60410, -3916, 32114
60418, -3912, 31957
60427, -3909, 31874
60435, -3908, 31903
60443, -3908, 32017
60451, -3910, 32143
60459, -3913, 32256
60467, -3916, 32365
60476, -3918, 32401
60484, -3919, 32348
60492, -3918, 32260
60500, -3916, 32130
60508, -3912, 31973
60517, -3908, 31876
60525, -3907, 31888
60533, -3907, 31999
60541, -3910, 32140
60549, -3912, 32254
60557, -3914, 32263
60566, -3913, 32164
60574, -3911, 32032
60582, -3908, 31890
60590, -3905, 31814
62608, -3896, 32016
62618, -3899, 32023
62626, -3900, 32011
62635, -3901, 31985
62643, -3902, 31942
62652, -3901, 31887
62660, -3900, 31825
62669, -3899, 31752
62678, -3897, 31660
62688, -3894, 31561
62696, -3891, 31457
62705, -3888, 31315
62713, -3883, 31145
62721, -3878, 30980
62729, -3873, 30854
62737, -3870, 30785
62746, -3867, 30780
62754, -3865, 30767
62763, -3862, 30704
62772, -3859, 30578
62781, -3854, 30419
62790, -3849, 30238
62800, -3845, 30132
62809, -3842, 30079
62817, -3839, 30054
62826, -3838, 30080
62834, -3837, 30116
62842, -3836, 30104
62850, -3835, 30010
62858, -3832, 29865
62866, -3829, 29734
62874, -3826, 29637
62883, -3823, 29558
62891, -3821, 29499
62899, -3819, 29456
62907, -3817, 29419
62915, -3815, 29333
62923, -3813, 29216
62931, -3809, 29089
62940, -3806, 28982
62948, -3803, 28872
62956, -3800, 28773
62964, -3797, 28724
62972, -3795, 28702
62980, -3794, 28727
62988, -3793, 28792
62997, -3794, 28870
63005, -3794, 28890
63013, -3793, 28858
63021, -3793, 28796
63029, -3791, 28709
63037, -3789, 28601
63045, -3786, 28473
63054, -3783, 28349
63062, -3780, 28224
63070, -3777, 28163
63078, -3776, 28181
63086, -3776, 28267
63094, -3777, 28403
63103, -3778, 28505
63111, -3779, 28528
63119, -3780, 28516
63127, -3779, 28467
63135, -3778, 28377
63143, -3776, 28277
63152, -3774, 28166
63160, -3772, 28068
63168, -3770, 27999
63176, -3768, 27924
63184, -3765, 27842
63192, -3763, 27799
63201, -3762, 27801
63209, -3761, 27836
63217, -3761, 27859
63225, -3761, 27899
63233, -3762, 27962
63241, -3762, 27966
63250, -3762, 27916
63258, -3760, 27832
63266, -3758, 27704
63274, -3755, 27572
63282, -3752, 27440
63290, -3750, 27415
63299, -3750, 27488
63307, -3750, 27600
63315, -3751, 27680
63323, -3752, 27715
63331, -3752, 27677
63339, -3751, 27584
63347, -3749, 27464
63355, -3746, 27342
63364, -3743, 27230
63372, -3741, 27214
63380, -3742, 27304
63388, -3743, 27425
63396, -3745, 27544
63404, -3746, 27591
63412, -3747, 27566
63420, -3746, 27472
63429, -3744, 27304
63437, -3740, 27124
63445, -3736, 26985
63453, -3734, 26988
63461, -3734, 27092
63470, -3735, 27225
63478, -3737, 27329
63486, -3739, 27436
63494, -3741, 27477
63502, -3741, 27427
63510, -3740, 27296
63518, -3737, 27127
63527, -3734, 26978
63535, -3731, 26934
63543, -3731, 27019
63551, -3733, 27176
63559, -3736, 27383
63568, -3739, 27518
63576, -3742, 27582
63584, -3744, 27607
63592, -3745, 27577
63600, -3744, 27489
63608, -3743, 27346
63616, -3740, 27218
63625, -3738, 27125
63633, -3737, 27141
63641, -3737, 27228
63649, -3738, 27311
63657, -3740, 27429
63665, -3742, 27519
63674, -3744, 27533
63682, -3744, 27489
63690, -3744, 27428
63698, -3742, 27307
63706, -3739, 27166
63714, -3736, 27038
63723, -3734, 26987
63731, -3733, 27057
63739, -3734, 27180
63747, -3736, 27292
63755, -3738, 27392
63763, -3739, 27381
63772, -3739, 27306
63780, -3737, 27172
63788, -3734, 27034
63796, -3731, 26932
63804, -3730, 26945
63813, -3730, 27076
63821, -3733, 27221
63829, -3735, 27320
63837, -3737, 27361
63845, -3738, 27372
63853, -3739, 27352
63862, -3738, 27265
63870, -3736, 27106
63878, -3732, 26930
63886, -3729, 26859
63894, -3729, 26933
63903, -3730, 27097
63911, -3733, 27297
63919, -3737, 27424
63927, -3739, 27476
63935, -3740, 27462
63943, -3740, 27375
63951, -3737, 27202
63959, -3734, 27020
63968, -3731, 26878
63976, -3729, 26871
63984, -3729, 26982
63992, -3730, 27116
64000, -3732, 27231
64008, -3734, 27344
64016, -3736, 27387
64024, -3737, 27360
64033, -3737, 27311
64041, -3737, 27252
64049, -3736, 27151
64057, -3733, 27047
64065, -3731, 26950
64073, -3729, 26954
64081, -3730, 27047
64089, -3732, 27175
64098, -3734, 27306
64106, -3736, 27338
64114, -3736, 27295
64122, -3736, 27242
64131, -3735, 27192
64139, -3734, 27114
64147, -3732, 27020
64155, -3731, 26946
64163, -3729, 26903
64171, -3728, 26887
64179, -3727, 26902
64188, -3727, 26959
64196, -3727, 27014
64204, -3728, 27058
64212, -3729, 27123
64220, -3730, 27157
64228, -3731, 27136
64236, -3730, 27045
64245, -3728, 26917
64253, -3725, 26801
64261, -3722, 26655
64269, -3719, 26576
64277, -3718, 26624
64285, -3719, 26765
64294, -3721, 26913
64302, -3724, 27051
64310, -3726, 27116
64318, -3728, 27126
64326, -3728, 27088
64334, -3727, 26983
64343, -3725, 26847
64351, -3723, 26763
64359, -3721, 26677
64367, -3719, 26613
64375, -3717, 26629
64384, -3718, 26719
64392, -3719, 26819
64400, -3720, 26882
64408, -3722, 26961
64416, -3724, 27022
64424, -3724, 27000
64432, -3724, 26915
64441, -3722, 26806
64449, -3720, 26706
64457, -3718, 26595
64465, -3716, 26542
64473, -3715, 26579
64481, -3716, 26679
64489, -3717, 26810
64497, -3719, 26906
64506, -3721, 26946
64514, -3721, 26895
64522, -3720, 26800
64530, -3719, 26679
64538, -3716, 26548
64546, -3713, 26460
64555, -3712, 26479
64563, -3712, 26554
64571, -3713, 26640
64579, -3714, 26696
64587, -3715, 26770
64595, -3717, 26821
64604, -3718, 26797
64612, -3717, 26710
64620, -3716, 26609
64628, -3714, 26537
64636, -3712, 26449
64644, -3710, 26407
64653, -3709, 26435
64661, -3710, 26536
64669, -3712, 26651
64677, -3714, 26755
64685, -3716, 26811
64693, -3716, 26777
64701, -3716, 26684
64710, -3714, 26568
64718, -3711, 26440
64726, -3709, 26376
64734, -3708, 26409
64742, -3709, 26511
64750, -3711, 26642
64758, -3714, 26791
64766, -3716, 26862
64775, -3717, 26856
64783, -3717, 26787
64791, -3716, 26683
64799, -3715, 26582
64807, -3713, 26508
64815, -3711, 26451
64823, -3710, 26430
64831, -3709, 26466
64840, -3710, 26552
64848, -3711, 26667
64856, -3713, 26750
64864, -3715, 26790
64872, -3715, 26757
64881, -3714, 26675
64889, -3713, 26570
64897, -3711, 26444
64905, -3708, 26360
64913, -3707, 26349
64921, -3707, 26427
64929, -3708, 26533
64937, -3710, 26610
64945, -3711, 26698
64954, -3713, 26740
64962, -3714, 26713
64970, -3713, 26634
64978, -3712, 26545
64986, -3710, 26463
64994, -3708, 26376
65002, -3706, 26300
65010, -3704, 26302
65019, -3705, 26394
65027, -3707, 26504
65035, -3709, 26614
65043, -3711, 26722
65051, -3713, 26770
65059, -3714, 26717
65067, -3713, 26619
65076, -3711, 26511
65084, -3709, 26425
65092, -3707, 26348
65100, -3706, 26354
65108, -3706, 26430
65116, -3708, 26543
65125, -3711, 26691
65133, -3714, 26796
65141, -3716, 26836
65149, -3717, 26834
65157, -3717, 26765
65165, -3716, 26655
65174, -3714, 26552
65182, -3712, 26489
65190, -3711, 26409
65198, -3709, 26374
65206, -3708, 26421
65214, -3709, 26511
65222, -3710, 26605
65230, -3712, 26683
65239, -3714, 26754
65247, -3715, 26753
65255, -3715, 26687
65263, -3713, 26565
65271, -3711, 26432
65279, -3708, 26303
65287, -3705, 26246
65295, -3704, 26289
65304, -3705, 26378
65312, -3706, 26483
65320, -3708, 26570
65328, -3709, 26627
65336, -3710, 26626
65344, -3710, 26570
65352, -3709, 26499
65361, -3708, 26408
65369, -3706, 26342
65377, -3705, 26310
65385, -3704, 26324
65393, -3705, 26384
65401, -3706, 26470
65409, -3707, 26572
65418, -3709, 26624
65426, -3710, 26613
65434, -3710, 26538
65442, -3708, 26440
65450, -3706, 26338
65459, -3704, 26227
65467, -3701, 26169
65475, -3701, 26223
65483, -3702, 26356
65491, -3705, 26522
65499, -3707, 26606
65507, -3708, 26603
65516, -3708, 26531
65524, -3707, 26432
65532, -3705, 26335
65540, -3703, 26261
65548, -3701, 26193
65556, -3700, 26202
67575, -3706, 26455
67583, -3707, 26454
67592, -3707, 26440
67601, -3707, 26421
67610, -3706, 26396
67619, -3705, 26362
67627, -3704, 26319
67635, -3703, 26269
67643, -3702, 26215
67652, -3700, 26156
67660, -3698, 26085
67668, -3695, 25990
67676, -3692, 25849
67684, -3687, 25678
67692, -3682, 25514
67700, -3678, 25388
67709, -3674, 25312
67717, -3670, 25273
67725, -3668, 25248
67733, -3666, 25230
67741, -3664, 25193
67749, -3661, 25114
67757, -3658, 25005
67766, -3654, 24892
67774, -3650, 24801
67782, -3647, 24731
67790, -3644, 24665
67798, -3641, 24586
67806, -3637, 24515
67814, -3634, 24430
67822, -3631, 24367
67830, -3628, 24334
67839, -3626, 24319
67847, -3625, 24310
67855, -3623, 24288
67863, -3621, 24229
67871, -3618, 24148
67879, -3616, 24070
67887, -3613, 24019
67895, -3611, 23973
67904, -3609, 23937
67912, -3606, 23882
67920, -3604, 23830
67928, -3602, 23773
67936, -3599, 23713
67945, -3597, 23653
67953, -3594, 23584
67961, -3592, 23543
67969, -3590, 23519
67977, -3589, 23509
67985, -3588, 23508
67993, -3586, 23496
68001, -3585, 23468
68010, -3584, 23426
68018, -3582, 23373
68026, -3580, 23317
68034, -3578, 23243
68042, -3575, 23191
68050, -3573, 23132
68058, -3570, 23089
68067, -3569, 23089
68075, -3568, 23112
68083, -3568, 23162
68091, -3569, 23185
68099, -3569, 23185
68107, -3569, 23163
68115, -3568, 23128
68123, -3567, 23080
68132, -3565, 23016
68140, -3563, 22945
68148, -3561, 22883
68156, -3558, 22824
68164, -3556, 22757
68173, -3554, 22725
68181, -3553, 22733
68189, -3552, 22758
68197, -3552, 22815
68205, -3553, 22848
68213, -3553, 22853
68221, -3553, 22825
68230, -3552, 22769
68238, -3550, 22692
68246, -3548, 22628
68254, -3547, 22580
68262, -3545, 22523
68270, -3543, 22468
68278, -3541, 22439
68287, -3540, 22434
68295, -3539, 22456
68303, -3539, 22482
68311, -3539, 22539
68319, -3540, 22577
68327, -3540, 22586
68335, -3541, 22570
68343, -3540, 22534
68352, -3539, 22457
68360, -3537, 22387
68368, -3535, 22343
68376, -3533, 22280
68384, -3532, 22232
68392, -3531, 22222
68401, -3530, 22236
68409, -3529, 22271
68417, -3529, 22312
68425, -3530, 22338
68433, -3530, 22362
68441, -3531, 22401
68450, -3531, 22410
68458, -3532, 22381
68466, -3531, 22329
68474, -3530, 22263
68482, -3528, 22183
68490, -3525, 22094
68499, -3523, 22013
68507, -3521, 22019
68515, -3521, 22076
68523, -3522, 22157
68531, -3523, 22247
68539, -3525, 22289
68547, -3526, 22284
68556, -3525, 22235
68564, -3524, 22159
68572, -3522, 22074
68580, -3520, 21984
68588, -3517, 21897
68597, -3515, 21866
68605, -3515, 21904
68613, -3515, 21968
68621, -3516, 22030
68629, -3517, 22098
68637, -3519, 22130
68645, -3519, 22115
68654, -3518, 22055
68662, -3517, 21980
68670, -3515, 21933
68678, -3514, 21875
68686, -3512, 21816
68694, -3510, 21798
68703, -3510, 21827
68711, -3510, 21884
68719, -3511, 21944
68727, -3513, 22023
68735, -3514, 22072
68743, -3515, 22074
68751, -3515, 22019
68760, -3514, 21935
68768, -3512, 21838
68776, -3510, 21723
68784, -3507, 21646
68792, -3505, 21631
68800, -3505, 21684
68808, -3505, 21757
68817, -3506, 21838
68825, -3508, 21932
68833, -3510, 21995
68841, -3511, 22011
68849, -3512, 21965
68857, -3511, 21886
68865, -3509, 21790
68873, -3507, 21686
68881, -3505, 21630
68890, -3504, 21638
68898, -3504, 21715
68906, -3505, 21805
68914, -3507, 21878
68922, -3508, 21951
68931, -3510, 21990
68939, -3511, 21958
68947, -3510, 21890
68955, -3509, 21810
68963, -3507, 21733
68971, -3505, 21655
68979, -3503, 21593
68988, -3501, 21589
68996, -3501, 21642
69004, -3502, 21726
69012, -3504, 21812
69020, -3506, 21920
69028, -3509, 21988
69037, -3510, 21991
69045, -3511, 21951
69053, -3510, 21887
69061, -3509, 21801
69069, -3507, 21702
69077, -3505, 21646
69085, -3504, 21637
69094, -3503, 21693
69102, -3504, 21772
69110, -3506, 21856
69118, -3508, 21945
69126, -3509, 21989
69134, -3510, 21960
69142, -3510, 21896
69151, -3509, 21821
69159, -3508, 21737
69167, -3505, 21651
69175, -3503, 21585
69183, -3502, 21592
69191, -3502, 21652
69199, -3503, 21740
69207, -3505, 21831
69216, -3507, 21929
69224, -3509, 21973
69232, -3510, 21955
69240, -3510, 21900
69248, -3509, 21825
69256, -3507, 21747
69265, -3506, 21695
69273, -3504, 21628
69281, -3502, 21581
69289, -3501, 21589
69297, -3501, 21652
69305, -3502, 21728
69313, -3503, 21801
69322, -3505, 21869
69330, -3507, 21928
69338, -3508, 21939
69346, -3509, 21901
69354, -3509, 21843
69362, -3507, 21772
69371, -3506, 21685
69379, -3504, 21638
69387, -3503, 21625
69395, -3503, 21661
69403, -3503, 21723
69411, -3504, 21765
69420, -3504, 21824
69428, -3506, 21873
69436, -3507, 21891
69444, -3508, 21872
69452, -3507, 21822
69460, -3506, 21747
69469, -3505, 21671
69477, -3502, 21582
69485, -3500, 21544
69493, -3500, 21577
69501, -3500, 21641
69509, -3502, 21715
69517, -3504, 21806
69525, -3506, 21884
69534, -3507, 21904
69542, -3507, 21862
69550, -3507, 21799
69558, -3506, 21718
69566, -3504, 21645
69574, -3502, 21572
69582, -3500, 21528
69590, -3499, 21548
69598, -3499, 21612
69606, -3500, 21689
69615, -3502, 21780
69623, -3504, 21850
69631, -3505, 21876
69639, -3506, 21843
69647, -3505, 21769
69655, -3504, 21683
69663, -3502, 21588
69671, -3500, 21533
69679, -3499, 21529
69688, -3499, 21587
69696, -3499, 21658
69704, -3501, 21732
69712, -3503, 21811
69720, -3504, 21884
69728, -3506, 21908
69736, -3507, 21880
69744, -3507, 21830
69752, -3506, 21759
69760, -3505, 21691
69768, -3503, 21632
69777, -3502, 21579
69785, -3500, 21562
69793, -3499, 21586
69801, -3500, 21640
69809, -3501, 21697
69817, -3501, 21734
69825, -3502, 21790
69833, -3504, 21842
69841, -3505, 21864
69849, -3506, 21832
69858, -3505, 21760
69866, -3504, 21681
69874, -3502, 21591
69882, -3500, 21538
69890, -3499, 21534
69898, -3500, 21594
69906, -3500, 21659
69914, -3501, 21703
69922, -3502, 21758
69930, -3503, 21818
69938, -3505, 21847
69947, -3505, 21840
69955, -3505, 21793
69963, -3505, 21726
69971, -3503, 21649
69979, -3502, 21593
69987, -3500, 21528
69996, -3498, 21477
70004, -3497, 21483
70012, -3497, 21551
70020, -3498, 21631
70028, -3499, 21690
70036, -3501, 21767
70045, -3502, 21815
70053, -3503, 21819
70061, -3503, 21774
70069, -3503, 21710
70077, -3502, 21634
70085, -3500, 21558
70093, -3498, 21481
70102, -3497, 21446
70110, -3496, 21475
70118, -3496, 21534
70126, -3497, 21603
70135, -3499, 21678
70143, -3500, 21766
70151, -3502, 21823
70159, -3504, 21830
70167, -3504, 21797
70175, -3504, 21732
70184, -3503, 21663
70192, -3502, 21618
70200, -3501, 21559
70208, -3499, 21503
70216, -3497, 21481
70225, -3496, 21510
70233, -3497, 21571
70241, -3498, 21645
70249, -3499, 21735
70257, -3501, 21787
70265, -3502, 21793
70273, -3502, 21741
70281, -3501, 21669
70289, -3500, 21594
70298, -3498, 21501
70306, -3496, 21441
70314, -3495, 21437
72332, -3495, 21632
72342, -3496, 21625
72351, -3496, 21611
72359, -3497, 21601
72367, -3497, 21586
72376, -3497, 21562
72384, -3496, 21527
72392, -3495, 21484
72401, -3494, 21438
72409, -3493, 21378
72418, -3491, 21308
72428, -3489, 21227
72437, -3486, 21162
72445, -3484, 21089
72454, -3480, 20975
72463, -3476, 20850
72472, -3471, 20709
72480, -3467, 20603
72488, -3463, 20497
72496, -3459, 20417
72504, -3457, 20366
72512, -3454, 20331
72521, -3451, 20272
72529, -3448, 20183
72537, -3445, 20076
72545, -3441, 19957
72553, -3436, 19845
72562, -3432, 19754
72570, -3429, 19715
72578, -3427, 19725
72586, -3426, 19733
72594, -3425, 19715
72602, -3423, 19651
72611, -3420, 19553
72619, -3417, 19448
72627, -3415, 19380
72635, -3412, 19338
72643, -3410, 19301
72651, -3408, 19230
72659, -3405, 19156
72668, -3403, 19075
72676, -3400, 19026
72684, -3398, 18989
72692, -3397, 18949
72700, -3394, 18890
72708, -3392, 18799
72717, -3389, 18736
72725, -3387, 18705
72733, -3386, 18690
72741, -3385, 18685
72749, -3384, 18721
72757, -3383, 18730
72765, -3383, 18694
72773, -3381, 18622
72782, -3379, 18529
72790, -3377, 18426
72798, -3374, 18341
72806, -3372, 18283
72814, -3370, 18224
72822, -3368, 18143
72830, -3366, 18082
72839, -3364, 18043
72847, -3363, 18021
72855, -3362, 18014
72863, -3360, 18014
72871, -3360, 18023
72879, -3359, 18027
72888, -3358, 18019
72896, -3357, 17972
72904, -3356, 17884
72912, -3354, 17796
72920, -3352, 17686
72928, -3350, 17617
72936, -3348, 17571
72945, -3346, 17493
72953, -3343, 17419
72961, -3342, 17405
72969, -3341, 17476
72977, -3342, 17560
72985, -3343, 17628
72993, -3344, 17689
73002, -3344, 17685
73010, -3344, 17637
73018, -3343, 17540
73026, -3340, 17398
73034, -3337, 17261
73043, -3336, 17243
73051, -3336, 17313
73059, -3336, 17400
73067, -3338, 17499
73075, -3339, 17537
73083, -3339, 17503
73091, -3338, 17415
73100, -3336, 17279
73108, -3334, 17136
73116, -3331, 17001
73124, -3328, 16896
73132, -3326, 16890
73140, -3326, 16971
73149, -3326, 17077
73157, -3327, 17160
73165, -3328, 17239
73173, -3329, 17304
73181, -3330, 17303
73189, -3330, 17222
73197, -3328, 17080
73205, -3325, 16912
73214, -3322, 16734
73222, -3320, 16677
73230, -3319, 16733
73238, -3320, 16839
73246, -3321, 16954
73254, -3323, 17077
73263, -3324, 17137
73271, -3324, 17105
73279, -3324, 17044
73287, -3323, 16966
73295, -3322, 16871
73303, -3320, 16775
73311, -3318, 16704
73320, -3317, 16602
73328, -3315, 16552
73336, -3314, 16570
73344, -3314, 16641
73352, -3315, 16728
73360, -3316, 16781
73368, -3316, 16853
73377, -3317, 16898
73385, -3318, 16871
73393, -3317, 16794
73401, -3316, 16677
73409, -3314, 16558
73417, -3312, 16424
73425, -3309, 16279
73433, -3307, 16228
73442, -3306, 16283
73450, -3306, 16397
73458, -3308, 16531
73466, -3310, 16677
73474, -3312, 16770
73482, -3314, 16781
73491, -3314, 16721
73499, -3313, 16629
73507, -3311, 16488
73515, -3308, 16315
73523, -3306, 16217
73531, -3305, 16234
73540, -3305, 16302
73548, -3305, 16410
73556, -3307, 16542
73564, -3308, 16635
73572, -3310, 16672
73580, -3310, 16618
73589, -3309, 16496
73597, -3307, 16344
73605, -3304, 16159
73613, -3302, 16063
73621, -3300, 16094
73629, -3300, 16181
73637, -3302, 16309
73646, -3304, 16466
73654, -3306, 16570
73662, -3307, 16567
73670, -3306, 16473
73678, -3305, 16354
73686, -3304, 16274
73695, -3303, 16165
73703, -3301, 16082
73711, -3299, 16052
73719, -3299, 16092
73727, -3299, 16181
73735, -3300, 16284
73744, -3302, 16399
73752, -3304, 16530
73760, -3306, 16598
73768, -3307, 16571
73776, -3306, 16469
73784, -3304, 16310
73792, -3301, 16103
73800, -3299, 15948
73809, -3297, 15933
73817, -3297, 16014
73825, -3298, 16162
73833, -3300, 16331
73841, -3302, 16475
73849, -3304, 16540
73857, -3305, 16514
73866, -3305, 16425
73874, -3304, 16296
73882, -3302, 16162
73890, -3300, 16069
73898, -3299, 15963
73906, -3297, 15932
73914, -3297, 15992
73923, -3297, 16100
73931, -3298, 16208
73939, -3299, 16312
73947, -3301, 16376
73955, -3302, 16395
73963, -3302, 16339
73972, -3301, 16221
73980, -3300, 16095
73988, -3298, 16003
73996, -3296, 15893
74004, -3294, 15840
74012, -3294, 15882
74021, -3294, 16003
74029, -3296, 16130
74037, -3297, 16210
74045, -3298, 16311
74053, -3300, 16369
74061, -3301, 16325
74069, -3300, 16210
74077, -3299, 16086
74086, -3297, 15996
74094, -3296, 15892
74102, -3294, 15844
74110, -3293, 15874
74118, -3294, 15960
74126, -3294, 16046
74134, -3295, 16105
74143, -3296, 16170
74151, -3297, 16263
74159, -3298, 16310
74167, -3299, 16307
74175, -3299, 16241
74184, -3299, 16141
74192, -3298, 16050
74200, -3296, 15965
74208, -3295, 15887
74216, -3294, 15867
74224, -3293, 15908
74232, -3293, 15992
74241, -3294, 16082
74249, -3296, 16185
74257, -3297, 16290
74265, -3299, 16350
74273, -3299, 16314
74281, -3299, 16221
74289, -3298, 16122
74298, -3297, 16057
74306, -3296, 15963
74314, -3294, 15874
74322, -3293, 15840
74330, -3292, 15878
74338, -3292, 15947
74347, -3293, 16047
74355, -3295, 16167
74363, -3297, 16244
74371, -3298, 16265
74379, -3298, 16209
74387, -3297, 16114
74395, -3296, 16015
74404, -3295, 15885
74412, -3293, 15802
74420, -3292, 15780
74428, -3291, 15838
74436, -3292, 15931
74444, -3293, 16052
74452, -3295, 16194
74460, -3297, 16315
74469, -3299, 16351
74477, -3299, 16292
74485, -3299, 16184
74493, -3297, 16048
74502, -3295, 15896
74510, -3293, 15759
74518, -3291, 15709
74526, -3290, 15759
76544, -3294, 16111
76552, -3294, 16107
76560, -3295, 16082
76569, -3295, 16048
76577, -3295, 16004
76585, -3294, 15950
76593, -3293, 15885
76601, -3292, 15812
76609, -3291, 15729
76617, -3289, 15628
76626, -3287, 15513
76634, -3285, 15376
76642, -3282, 15230
76650, -3279, 15049
76658, -3275, 14829
76666, -3271, 14599
76674, -3267, 14406
76683, -3263, 14230
76691, -3259, 14097
76699, -3255, 13960
76707, -3252, 13841
76715, -3249, 13729
76723, -3245, 13565
76731, -3242, 13407
76740, -3239, 13252
76748, -3235, 13073
76756, -3232, 12866
76764, -3228, 12738
76772, -3226, 12672
76780, -3224, 12655
76789, -3222, 12693
76797, -3221, 12677
76805, -3220, 12592
76813, -3218, 12444
76821, -3215, 12266
76829, -3212, 12059
76837, -3209, 11930
76846, -3207, 11848
76854, -3205, 11797
76862, -3203, 11726
76870, -3200, 11601
76878, -3197, 11467
76887, -3195, 11371
76895, -3192, 11266
76903, -3190, 11163
76911, -3188, 11100
76919, -3186, 11054
76927, -3184, 10974
76935, -3181, 10890
76944, -3179, 10791
76952, -3176, 10686
76960, -3174, 10636
76968, -3173, 10608
76976, -3172, 10626
76984, -3171, 10668
76992, -3171, 10679
77001, -3171, 10636
77009, -3169, 10545
77017, -3167, 10428
77025, -3165, 10328
77034, -3163, 10265
77042, -3162, 10227
77050, -3160, 10202
77058, -3159, 10180
77066, -3158, 10127
77075, -3156, 10059
77083, -3154, 9958
77091, -3152, 9869
77099, -3150, 9766
77107, -3147, 9683
77115, -3145, 9659
77123, -3145, 9717
77131, -3145, 9822
77139, -3146, 9918
77148, -3147, 9951
77156, -3147, 9913
77164, -3146, 9834
77172, -3144, 9719
77180, -3142, 9607
77188, -3140, 9532
77196, -3138, 9442
77204, -3136, 9367
77212, -3134, 9332
77221, -3133, 9355
77229, -3133, 9408
77237, -3133, 9472
77245, -3134, 9548
77253, -3135, 9610
77261, -3136, 9617
77269, -3136, 9574
77278, -3135, 9497
77286, -3134, 9384
77294, -3132, 9285
77302, -3130, 9210
77310, -3128, 9125
77318, -3126, 9075
77326, -3124, 9081
77335, -3124, 9137
77343, -3124, 9209
77351, -3125, 9266
77359, -3126, 9312
77367, -3126, 9314
77375, -3126, 9258
77383, -3124, 9170
77392, -3123, 9075
77400, -3121, 9005
77408, -3120, 8942
77416, -3118, 8909
77424, -3117, 8900
77432, -3116, 8921
77441, -3117, 8968
77449, -3117, 9029
77457, -3118, 9091
77465, -3119, 9142
77473, -3120, 9148
77481, -3120, 9092
77489, -3119, 9002
77498, -3117, 8887
77506, -3115, 8762
77514, -3112, 8695
77522, -3111, 8695
77530, -3111, 8775
77538, -3112, 8862
77546, -3113, 8921
77555, -3114, 8993
77563, -3115, 9019
77571, -3115, 8974
77579, -3115, 8896
77587, -3113, 8812
77595, -3111, 8720
77603, -3109, 8615
77611, -3107, 8566
77620, -3107, 8593
77628, -3107, 8669
77636, -3108, 8756
77644, -3109, 8853
77652, -3110, 8904
77660, -3111, 8893
77668, -3110, 8830
77677, -3109, 8740
77685, -3108, 8631
77693, -3106, 8556
77701, -3104, 8518
77709, -3103, 8522
77717, -3103, 8575
77725, -3104, 8656
77734, -3105, 8758
77742, -3107, 8816
77750, -3108, 8825
77758, -3108, 8792
77766, -3108, 8727
77774, -3107, 8640
77782, -3105, 8542
77791, -3103, 8475
77799, -3101, 8436
77807, -3100, 8452
77815, -3101, 8517
77823, -3101, 8601
77832, -3103, 8703
77840, -3105, 8784
77848, -3106, 8803
77856, -3107, 8770
77864, -3106, 8705
77872, -3105, 8610
77881, -3103, 8518
77889, -3101, 8408
77897, -3099, 8342
77905, -3097, 8356
77913, -3098, 8435
77921, -3099, 8544
77930, -3101, 8667
77938, -3104, 8769
77946, -3105, 8800
77954, -3106, 8773
77962, -3106, 8708
77970, -3105, 8621
77978, -3103, 8547
77987, -3102, 8497
77995, -3101, 8438
78003, -3100, 8405
78011, -3099, 8405
78019, -3098, 8438
78027, -3099, 8492
78035, -3100, 8563
78044, -3101, 8641
78052, -3102, 8682
78060, -3103, 8671
78068, -3103, 8621
78076, -3102, 8549
78084, -3100, 8456
78093, -3098, 8351
78101, -3096, 8305
78109, -3095, 8325
78117, -3096, 8394
78125, -3096, 8485
78133, -3097, 8554
78141, -3099, 8592
78150, -3100, 8611
78158, -3100, 8591
78166, -3100, 8529
78174, -3099, 8456
78182, -3097, 8381
78190, -3096, 8304
78198, -3094, 8241
78207, -3092, 8232
78215, -3092, 8285
78223, -3093, 8361
78231, -3095, 8453
78239, -3097, 8571
78247, -3099, 8646
78255, -3100, 8650
78263, -3101, 8615
78271, -3100, 8537
78280, -3099, 8447
78288, -3097, 8350
78296, -3096, 8294
78304, -3095, 8277
78312, -3094, 8316
78320, -3095, 8384
78329, -3096, 8476
78337, -3098, 8576
78345, -3099, 8642
78353, -3100, 8653
78361, -3101, 8597
78369, -3100, 8512
78378, -3098, 8413
78386, -3096, 8310
78394, -3094, 8241
78402, -3093, 8231
78410, -3093, 8293
78419, -3094, 8363
78427, -3095, 8441
78435, -3097, 8524
78443, -3098, 8596
78451, -3100, 8615
78459, -3100, 8578
78467, -3099, 8519
78476, -3098, 8445
78484, -3097, 8351
78492, -3095, 8293
78500, -3094, 8273
78508, -3094, 8303
78516, -3094, 8359
78525, -3094, 8399
78533, -3095, 8432
78541, -3096, 8473
78549, -3096, 8522
78557, -3097, 8540
78565, -3098, 8517
78573, -3097, 8470
78581, -3097, 8400
78590, -3096, 8353
78598, -3095, 8314
78606, -3094, 8261
78614, -3093, 8208
78622, -3091, 8182
78630, -3090, 8192
78638, -3091, 8249
78646, -3091, 8303
78654, -3092, 8339
78663, -3092, 8395
78671, -3094, 8444
78679, -3094, 8465
78687, -3095, 8450
78695, -3095, 8402
78703, -3094, 8335
78711, -3093, 8256
78719, -3091, 8189
78728, -3090, 8156
78736, -3089, 8167
78744, -3089, 8217
78752, -3090, 8285
78760, -3091, 8357
78769, -3093, 8442
78777, -3095, 8512
78785, -3096, 8514
78793, -3096, 8470
78801, -3095, 8388
78810, -3094, 8307
78818, -3093, 8245
78826, -3091, 8164
78834, -3089, 8113
78842, -3088, 8112
78850, -3088, 8169
78859, -3089, 8233
78867, -3090, 8307
78875, -3091, 8383
78883, -3093, 8456
78891, -3094, 8476
78899, -3094, 8432
78907, -3093, 8365
78916, -3093, 8293
78924, -3091, 8228
78932, -3090, 8173
78940, -3089, 8110
78948, -3087, 8093
78956, -3087, 8126
78965, -3087, 8198
78973, -3088, 8271
78981, -3089, 8319
78989, -3090, 8371
78997, -3091, 8403
79005, -3092, 8406
79014, -3093, 8368
79022, -3092, 8306
79030, -3091, 8237
79038, -3089, 8153
79046, -3088, 8084
79054, -3086, 8063
81072, -3082, 8183
81081, -3083, 8180
81089, -3084, 8166
81098, -3084, 8147
81106, -3084, 8123
81115, -3084, 8091
81123, -3084, 8050
81132, -3083, 8004
81140, -3082, 7952
81148, -3080, 7885
81157, -3078, 7818
81166, -3076, 7739
81174, -3073, 7634
81182, -3070, 7535
81190, -3066, 7427
81199, -3062, 7325
81207, -3059, 7237
81215, -3055, 7139
81224, -3051, 7046
81232, -3048, 6974
81241, -3044, 6891
81250, -3040, 6816
81258, -3037, 6770
81266, -3034, 6716
81275, -3031, 6649
81283, -3028, 6578
81291, -3024, 6501
81299, -3021, 6436
81307, -3018, 6361
81315, -3015, 6308
81323, -3012, 6260
81331, -3009, 6209
81339, -3007, 6167
81347, -3004, 6141
81356, -3003, 6124
81364, -3001, 6086
81372, -2998, 6036
81380, -2996, 5989
81388, -2994, 5947
81396, -2991, 5903
81404, -2989, 5853
81412, -2987, 5797
81420, -2984, 5765
81428, -2982, 5750
81437, -2981, 5748
81445, -2980, 5766
81453, -2980, 5771
81461, -2979, 5756
81469, -2979, 5728
81477, -2977, 5676
81485, -2975, 5600
81493, -2972, 5531
81502, -2969, 5457
81510, -2966, 5401
81518, -2964, 5380
81526, -2963, 5395
81534, -2962, 5431
81542, -2963, 5476
81550, -2963, 5511
81558, -2964, 5507
81566, -2963, 5480
81575, -2962, 5431
81583, -2961, 5372
81591, -2958, 5304
81599, -2956, 5226
81607, -2953, 5175
81615, -2951, 5147
81623, -2949, 5137
81631, -2949, 5150
81640, -2948, 5164
81648, -2948, 5200
81656, -2948, 5227
81664, -2948, 5219
81672, -2948, 5183
81680, -2946, 5130
81688, -2944, 5063
81697, -2942, 4996
81705, -2939, 4924
81713, -2936, 4871
81721, -2935, 4859
81729, -2934, 4899
81737, -2935, 4953
81745, -2935, 5007
81753, -2936, 5036
81761, -2936, 5023
81770, -2936, 4984
81778, -2935, 4938
81786, -2933, 4886
81794, -2932, 4833
81802, -2930, 4783
81810, -2928, 4745
81818, -2926, 4690
81827, -2924, 4658
81835, -2922, 4652
81843, -2922, 4676
81851, -2922, 4702
81859, -2922, 4719
81867, -2922, 4746
81875, -2923, 4774
81883, -2923, 4778
81892, -2923, 4750
81900, -2922, 4702
81908, -2920, 4642
81916, -2918, 4577
81924, -2915, 4512
81932, -2913, 4486
81940, -2912, 4505
81949, -2912, 4546
81957, -2913, 4602
81965, -2914, 4660
81973, -2916, 4696
81981, -2917, 4690
81990, -2916, 4643
81998, -2915, 4579
82006, -2913, 4506
82014, -2910, 4427
82022, -2908, 4376
82031, -2906, 4394
82039, -2906, 4448
82047, -2907, 4508
82055, -2909, 4575
82063, -2910, 4619
82071, -2911, 4621
82079, -2911, 4583
82087, -2910, 4522
82096, -2908, 4455
82104, -2906, 4376
82112, -2904, 4327
82120, -2902, 4313
82128, -2902, 4346
82136, -2902, 4393
82145, -2903, 4448
82153, -2905, 4501
82161, -2907, 4552
82169, -2908, 4561
82177, -2908, 4535
82185, -2907, 4495
82193, -2906, 4441
82201, -2905, 4380
82209, -2903, 4332
82218, -2901, 4274
82226, -2899, 4243
82234, -2898, 4245
82242, -2898, 4292
82250, -2898, 4357
82258, -2899, 4401
82266, -2900, 4435
82274, -2902, 4480
82283, -2903, 4497
82291, -2904, 4473
82299, -2903, 4412
82307, -2901, 4338
82315, -2899, 4261
82323, -2896, 4196
82332, -2894, 4180
82340, -2894, 4213
82348, -2894, 4267
82356, -2896, 4322
82364, -2897, 4381
82373, -2898, 4408
82381, -2899, 4396
82389, -2899, 4354
82397, -2897, 4303
82405, -2896, 4243
82413, -2894, 4170
82421, -2891, 4110
82429, -2890, 4100
82438, -2889, 4149
82446, -2890, 4214
82454, -2891, 4285
82462, -2893, 4356
82470, -2895, 4398
82478, -2896, 4392
82486, -2896, 4347
82494, -2896, 4283
82503, -2894, 4211
82511, -2892, 4135
82519, -2889, 4077
82527, -2888, 4059
82535, -2887, 4087
82543, -2887, 4134
82552, -2888, 4185
82560, -2889, 4235
82568, -2891, 4296
82576, -2892, 4325
82584, -2893, 4306
82592, -2893, 4262
82600, -2891, 4205
82609, -2890, 4133
82617, -2888, 4088
82625, -2887, 4072
82633, -2886, 4098
82642, -2887, 4146
82650, -2888, 4203
82658, -2889, 4263
82666, -2890, 4298
82674, -2891, 4298
82682, -2892, 4268
82690, -2891, 4219
82699, -2890, 4161
82707, -2888, 4103
82715, -2886, 4037
82723, -2884, 4007
82731, -2884, 4026
82739, -2884, 4070
82747, -2885, 4127
82755, -2886, 4185
82763, -2888, 4250
82772, -2890, 4284
82780, -2891, 4274
82788, -2891, 4228
82796, -2889, 4160
82804, -2887, 4084
82812, -2885, 4020
82820, -2883, 3996
82829, -2883, 4017
82837, -2883, 4067
82845, -2884, 4128
82853, -2886, 4196
82861, -2888, 4236
82870, -2889, 4250
82878, -2889, 4220
82886, -2889, 4173
82894, -2887, 4119
82902, -2886, 4053
82910, -2884, 4011
82918, -2883, 3997
82927, -2883, 4023
82935, -2883, 4063
82943, -2884, 4116
82951, -2885, 4159
82959, -2886, 4214
82967, -2888, 4249
82975, -2889, 4260
82984, -2890, 4242
82992, -2890, 4194
83000, -2889, 4142
83008, -2887, 4084
83016, -2885, 4026
83024, -2883, 3995
83032, -2882, 3997
83040, -2882, 4036
83049, -2883, 4086
83057, -2884, 4144
83065, -2886, 4201
83073, -2888, 4251
83081, -2889, 4264
83089, -2890, 4245
83098, -2890, 4213
83106, -2889, 4174
83114, -2888, 4131
83122, -2887, 4097
83130, -2886, 4050
83138, -2884, 4021
83146, -2883, 4013
83155, -2883, 4040
83163, -2883, 4082
83171, -2884, 4135
83179, -2886, 4178
83187, -2887, 4233
83196, -2889, 4263
83204, -2890, 4260
83212, -2890, 4219
83220, -2889, 4165
83228, -2888, 4117
83236, -2887, 4076
83244, -2885, 4028
83253, -2884, 4000
83261, -2882, 3996
83269, -2882, 4028
83277, -2883, 4082
83285, -2884, 4143
83293, -2886, 4206
83302, -2888, 4251
83310, -2890, 4259
83318, -2890, 4220
83326, -2889, 4167
83334, -2888, 4110
83343, -2886, 4045
83351, -2884, 3989
83359, -2882, 3968
83367, -2881, 3987
85385, -2885, 4144
85393, -2886, 4143
85401, -2886, 4131
85410, -2885, 4111
85418, -2885, 4086
85426, -2884, 4059
85434, -2883, 4031
85442, -2882, 4000
85450, -2881, 3965
85458, -2879, 3928
85466, -2878, 3885
85474, -2876, 3830
85483, -2873, 3758
85491, -2870, 3677
85499, -2866, 3587
85507, -2861, 3496
85515, -2857, 3423
85523, -2854, 3348
85531, -2850, 3281
85539, -2846, 3216
85548, -2843, 3163
85556, -2839, 3117
85564, -2836, 3057
85572, -2833, 3015
85580, -2830, 2958
85588, -2826, 2894
85596, -2823, 2835
85604, -2819, 2777
85612, -2816, 2724
85621, -2813, 2669
85629, -2810, 2630
85637, -2807, 2580
85645, -2804, 2535
85653, -2802, 2507
85661, -2800, 2489
85669, -2797, 2463
85677, -2795, 2434
85685, -2793, 2413
85693, -2791, 2381
85701, -2789, 2330
85710, -2787, 2277
85718, -2784, 2218
85726, -2781, 2168
85734, -2779, 2113
85742, -2776, 2070
85750, -2774, 2046
85758, -2772, 2033
85766, -2771, 2029
85774, -2769, 2027
85783, -2768, 2018
85791, -2767, 2000
85799, -2766, 1963
85807, -2764, 1922
85815, -2762, 1873
85823, -2760, 1819
85831, -2758, 1775
85839, -2756, 1744
85847, -2754, 1723
85856, -2753, 1706
85864, -2752, 1682
85872, -2750, 1663
85880, -2749, 1637
85888, -2747, 1600
85896, -2746, 1573
85904, -2744, 1552
85912, -2743, 1525
85920, -2741, 1496
85928, -2739, 1467
85937, -2738, 1444
85945, -2737, 1431
85953, -2736, 1423
85961, -2735, 1417
85969, -2734, 1401
85977, -2733, 1371
85985, -2731, 1345
85993, -2730, 1304
86002, -2728, 1258
86010, -2726, 1226
86018, -2725, 1207
86026, -2724, 1198
86034, -2723, 1196
86042, -2722, 1195
86051, -2722, 1195
86059, -2721, 1205
86067, -2721, 1224
86075, -2721, 1229
86083, -2721, 1225
86091, -2721, 1211
86099, -2720, 1189
86107, -2719, 1165
86116, -2718, 1124
86124, -2717, 1093
86132, -2716, 1072
86140, -2715, 1059
86148, -2714, 1051
86156, -2713, 1043
86164, -2713, 1037
86173, -2712, 1017
86181, -2711, 977
86189, -2710, 951
86197, -2709, 930
86205, -2708, 907
86213, -2706, 873
86221, -2705, 844
86230, -2704, 834
86238, -2703, 834
86246, -2702, 848
86254, -2702, 859
86262, -2702, 875
86270, -2702, 899
86278, -2702, 910
86287, -2703, 914
86295, -2703, 906
86303, -2703, 880
86311, -2702, 833
86319, -2700, 770
86327, -2699, 723
86335, -2697, 684
86344, -2696, 624
86352, -2694, 602
86360, -2692, 606
86368, -2692, 636
86376, -2692, 690
86384, -2693, 744
86392, -2694, 803
86400, -2696, 851
86409, -2697, 865
86417, -2698, 832
86425, -2697, 771
86433, -2695, 703
86441, -2693, 628
86449, -2691, 544
86458, -2688, 490
86466, -2687, 500
86474, -2687, 541
86482, -2687, 593
86490, -2688, 636
86498, -2689, 671
86506, -2690, 730
86515, -2691, 758
86523, -2692, 745
86531, -2692, 701
86539, -2691, 630
86547, -2689, 561
86555, -2688, 514
86564, -2686, 454
86572, -2684, 420
86580, -2683, 421
86588, -2683, 474
86596, -2683, 537
86604, -2684, 589
86613, -2686, 630
86621, -2687, 691
86629, -2689, 716
86637, -2689, 697
86645, -2689, 644
86653, -2688, 572
86661, -2686, 493
86669, -2684, 441
86678, -2683, 421
86686, -2682, 441
86694, -2682, 490
86702, -2683, 548
86710, -2684, 611
86718, -2686, 652
86726, -2687, 668
86735, -2687, 637
86743, -2687, 574
86751, -2685, 506
86759, -2683, 434
86767, -2681, 348
86775, -2679, 313
86783, -2678, 335
86791, -2678, 376
86799, -2678, 433
86807, -2679, 485
86815, -2680, 519
86823, -2681, 563
86832, -2682, 595
86840, -2683, 605
86848, -2684, 579
86856, -2683, 514
86864, -2681, 433
86872, -2679, 336
86880, -2677, 274
86888, -2675, 277
86896, -2675, 323
86904, -2676, 371
88922, -2686, 551
88931, -2686, 546
88939, -2685, 514
88947, -2684, 475
88955, -2683, 430
88963, -2681, 377
88971, -2679, 308
88979, -2677, 225
88988, -2674, 139
88996, -2670, 19
89004, -2665, -120
89012, -2660, -245
89020, -2656, -341
89029, -2652, -398
89037, -2650, -422
89045, -2647, -438
89053, -2645, -481
89061, -2641, -576
89069, -2638, -697
89077, -2633, -826
89086, -2628, -964
89094, -2624, -1061
89102, -2620, -1108
89110, -2617, -1125
89119, -2615, -1130
89127, -2614, -1104
89135, -2613, -1091
89143, -2612, -1120
89151, -2610, -1188
89159, -2608, -1281
89168, -2605, -1397
89176, -2602, -1505
89184, -2598, -1609
89192, -2595, -1694
89201, -2592, -1800
89209, -2588, -1868
89217, -2586, -1926
89225, -2583, -2010
89233, -2580, -2053
89242, -2578, -2073
89250, -2577, -2068
89258, -2576, -2036
89266, -2576, -1997
89274, -2575, -2008
89283, -2574, -2096
89291, -2571, -2245
89299, -2568, -2389
89307, -2564, -2534
89315, -2561, -2635
89324, -2558, -2658
89332, -2557, -2637
89340, -2556, -2573
89348, -2557, -2484
89357, -2557, -2410
89365, -2558, -2407
89373, -2557, -2481
89381, -2555, -2609
89389, -2552, -2793
89398, -2549, -3002
89406, -2545, -3125
89414, -2542, -3152
89422, -2541, -3075
89430, -2541, -2962
89439, -2543, -2818
89447, -2545, -2706
89455, -2546, -2672
89463, -2547, -2675
89471, -2547, -2715
89479, -2547, -2808
89488, -2545, -2938
89496, -2542, -3132
89504, -2538, -3349
89512, -2534, -3479
89520, -2531, -3457
89529, -2531, -3348
89537, -2532, -3206
89545, -2534, -3045
89553, -2536, -2961
89561, -2536, -2984
89570, -2536, -3065
89578, -2535, -3195
89586, -2532, -3377
89594, -2529, -3561
89603, -2526, -3709
89611, -2523, -3756
89619, -2522, -3704
89627, -2522, -3575
89635, -2523, -3403
89644, -2525, -3291
89652, -2527, -3263
89660, -2527, -3327
89668, -2526, -3437
89676, -2524, -3605
89684, -2521, -3774
89693, -2518, -3901
89701, -2516, -3933
89709, -2515, -3865
89717, -2516, -3769
89725, -2517, -3659
89733, -2518, -3548
89742, -2519, -3495
89750, -2520, -3552
89758, -2519, -3672
89766, -2517, -3828
89774, -2514, -3995
89783, -2511, -4186
89791, -2507, -4319
89799, -2504, -4329
89807, -2504, -4245
89815, -2504, -4097
89823, -2506, -3940
89831, -2508, -3846
89840, -2509, -3834
89848, -2509, -3903
89856, -2508, -4037
89864, -2506, -4197
89872, -2503, -4351
89880, -2500, -4481
89889, -2498, -4495
89897, -2498, -4418
89905, -2498, -4307
89913, -2499, -4217
89921, -2500, -4120
89929, -2502, -4042
89938, -2503, -4037
89946, -2503, -4138
89954, -2501, -4274
89962, -2499, -4425
89970, -2496, -4588
89978, -2493, -4653
89987, -2492, -4612
89995, -2492, -4493
90003, -2494, -4366
90011, -2495, -4285
90019, -2497, -4202
90027, -2498, -4184
90036, -2498, -4269
90044, -2496, -4424
90052, -2494, -4586
90060, -2492, -4703
90068, -2489, -4815
90076, -2487, -4842
90085, -2486, -4782
90093, -2486, -4668
90101, -2487, -4539
90109, -2490, -4386
90118, -2492, -4310
90126, -2493, -4327
90134, -2493, -4393
90142, -2491, -4538
90150, -2489, -4712
90158, -2486, -4838
90167, -2484, -4893
90175, -2483, -4845
90183, -2483, -4737
90191, -2484, -4612
90199, -2487, -4469
90207, -2489, -4369
90216, -2491, -4388
90224, -2490, -4495
90232, -2488, -4656
90240, -2486, -4824
90248, -2483, -4917
90257, -2481, -4925
90265, -2481, -4843
90273, -2482, -4716
90281, -2484, -4599
90289, -2486, -4453
90298, -2489, -4356
90306, -2490, -4361
90314, -2490, -4457
90322, -2489, -4598
90330, -2487, -4744
90339, -2484, -4901
90347, -2482, -4989
90355, -2480, -4983
90363, -2479, -4923
90371, -2480, -4804
90380, -2481, -4688
90388, -2483, -4590
90396, -2485, -4511
90404, -2486, -4496
90412, -2487, -4572
90421, -2485, -4723
90429, -2483, -4866
90437, -2481, -4964
90445, -2479, -5051
90453, -2477, -5073
90462, -2476, -5010
90470, -2477, -4894
90478, -2478, -4762
90486, -2480, -4675
90494, -2481, -4636
90503, -2482, -4652
90511, -2483, -4728
90519, -2481, -4836
90527, -2480, -4937
90535, -2478, -5021
90544, -2476, -5099
90552, -2474, -5133
90560, -2473, -5095
90568, -2474, -4985
90576, -2475, -4875
90585, -2476, -4803
90593, -2478, -4724
90601, -2479, -4680
90609, -2480, -4680
90617, -2481, -4754
90625, -2480, -4873
90634, -2478, -5002
90642, -2476, -5142
90650, -2473, -5211
90658, -2472, -5206
90666, -2472, -5111
90674, -2473, -4996
90683, -2474, -4884
90691, -2476, -4777
90699, -2478, -4691
90707, -2480, -4674
90715, -2480, -4755
90724, -2479, -4883
90732, -2477, -5026
90740, -2474, -5187
90748, -2471, -5279
92767, -2453, -5276
92775, -2455, -5279
92783, -2457, -5312
92792, -2458, -5351
92801, -2458, -5398
92809, -2458, -5458
92818, -2457, -5538
92826, -2455, -5636
92835, -2453, -5754
92843, -2450, -5902
92852, -2445, -6100
92861, -2440, -6273
92869, -2435, -6429
92877, -2431, -6523
92885, -2428, -6580
92894, -2425, -6602
92902, -2423, -6612
92911, -2421, -6640
92919, -2418, -6716
92928, -2415, -6844
92937, -2410, -6979
92945, -2406, -7135
92955, -2401, -7239
92963, -2398, -7286
92971, -2396, -7294
92980, -2394, -7295
92988, -2392, -7269
92996, -2392, -7258
93004, -2391, -7291
93012, -2389, -7393
93021, -2385, -7545
93029, -2381, -7708
93037, -2377, -7807
93045, -2374, -7834
93054, -2371, -7821
93062, -2370, -7797
93070, -2370, -7751
93078, -2370, -7694
93086, -2370, -7684
93094, -2369, -7755
93103, -2367, -7859
93111, -2364, -7988
93119, -2360, -8116
93127, -2356, -8214
93136, -2354, -8233
93144, -2353, -8172
93152, -2353, -8087
93160, -2354, -7990
93168, -2356, -7955
93177, -2356, -8001
93185, -2355, -8081
93193, -2353, -8201
93201, -2349, -8332
93209, -2346, -8446
93218, -2343, -8487
93226, -2341, -8480
93234, -2341, -8419
93242, -2341, -8338
93251, -2342, -8247
93259, -2344, -8215
93267, -2344, -8269
93275, -2343, -8363
93284, -2341, -8458
93292, -2339, -8536
93300, -2337, -8615
93308, -2334, -8680
93316, -2332, -8753
93324, -2329, -8807
93333, -2327, -8818
93341, -2326, -8785
93349, -2326, -8722
93357, -2326, -8679
93366, -2326, -8658
93374, -2327, -8667
93382, -2326, -8732
93390, -2324, -8845
93399, -2321, -8979
93407, -2318, -9064
93415, -2316, -9083
93423, -2315, -9035
93431, -2315, -8962
93439, -2316, -8910
93448, -2317, -8855
93456, -2317, -8842
93464, -2317, -8894
93472, -2316, -9000
93480, -2313, -9128
93489, -2309, -9264
93497, -2306, -9325
93505, -2304, -9315
93513, -2304, -9243
93521, -2305, -9151
93530, -2306, -9095
93538, -2307, -9031
93546, -2308, -9002
93554, -2308, -9041
93562, -2307, -9142
93571, -2305, -9260
93579, -2302, -9369
93587, -2299, -9481
93595, -2296, -9547
93603, -2294, -9531
93612, -2295, -9442
93620, -2296, -9353
93628, -2297, -9276
93636, -2298, -9215
93644, -2300, -9212
93652, -2300, -9269
93661, -2298, -9364
93669, -2296, -9463
93677, -2294, -9531
93686, -2293, -9611
93694, -2290, -9653
93702, -2289, -9645
93710, -2288, -9590
93719, -2288, -9522
93727, -2289, -9455
93735, -2291, -9387
93743, -2292, -9356
93751, -2293, -9380
93760, -2292, -9469
93768, -2289, -9582
93776, -2286, -9708
93784, -2284, -9762
93792, -2283, -9735
93800, -2282, -9676
93809, -2283, -9596
93817, -2285, -9500
93825, -2287, -9424
93833, -2288, -9397
93841, -2289, -9440
93849, -2289, -9518
93857, -2287, -9623
93866, -2284, -9750
93874, -2282, -9818
93882, -2280, -9817
93890, -2280, -9756
93898, -2281, -9660
93906, -2283, -9544
93915, -2285, -9471
93923, -2286, -9461
93931, -2286, -9519
93939, -2286, -9613
93947, -2284, -9719
93956, -2281, -9822
93964, -2279, -9909
93972, -2277, -9907
93980, -2276, -9850
93989, -2277, -9754
93997, -2279, -9648
94005, -2281, -9555
94013, -2283, -9513
94021, -2284, -9549
94030, -2283, -9643
94038, -2281, -9780
94046, -2278, -9921
94054, -2275, -9978
94063, -2274, -9962
94071, -2274, -9902
94079, -2274, -9833
94087, -2275, -9773
94095, -2276, -9703
94103, -2277, -9663
94112, -2279, -9648
94120, -2279, -9674
94128, -2279, -9744
94136, -2277, -9833
94144, -2275, -9937
94153, -2273, -10019
94161, -2271, -10051
94169, -2270, -10021
94177, -2270, -9945
94185, -2271, -9854
94193, -2273, -9754
94201, -2276, -9669
94210, -2277, -9638
94218, -2278, -9681
94226, -2278, -9764
94234, -2276, -9865
94242, -2274, -9981
94250, -2272, -10048
94259, -2270, -10066
94267, -2269, -10015
94275, -2270, -9929
94283, -2271, -9827
94291, -2274, -9717
94300, -2276, -9631
94308, -2278, -9636
94316, -2279, -9698
94324, -2278, -9792
94332, -2276, -9881
94340, -2275, -9947
94349, -2273, -10019
94357, -2271, -10056
94365, -2270, -10041
94373, -2270, -9970
94381, -2271, -9886
94389, -2272, -9821
94398, -2274, -9747
94406, -2275, -9709
94414, -2276, -9718
94422, -2276, -9791
94430, -2275, -9892
94438, -2272, -9990
94446, -2269, -10107
94455, -2267, -10172
94463, -2265, -10157
94471, -2265, -10091
94479, -2266, -9989
