225695, 51331.60
225697, 51277.94
225699, 51277.94
225701, 51277.94
225703, 50443.53
225706, 51322.81
225708, 51277.94
225711, 51312.17
225713, 51315.87
225715, 51315.41
225717, 51309.86
225720, 51307.54
225723, 51308.01
225726, 51291.82
225729, 51277.94
225731, 51277.94
225733, 51277.94
225736, 51283.96
225738, 51281.64
225741, 51279.33
225743, 51277.94
225746, 51284.42
225748, 51277.94
225750, 51279.33
225753, 51277.94
225755, 51277.94
225757, 50391.26
225759, 51279.33
225760, 51278.87
225762, 51277.94
225764, 51284.42
225766, 51277.94
225768, 50356.11
225770, 51302.46
225772, 51301.07
225773, 51277.94
225775, 51277.94
225777, 51296.44
225779, 51295.06
225781, 51294.59
225783, 51284.42
225785, 51283.96
225786, 51277.94
225788, 51277.94
225790, 50369.52
225792, 51277.94
225794, 51277.94
225795, 51278.40
225797, 51279.33
225799, 51277.94
225801, 51277.94
225803, 51280.25
225804, 51283.96
225806, 51282.57
225808, 51278.87
225810, 51277.94
225812, 51279.33
225814, 51278.40
225815, 51278.40
225817, 51277.94
225819, 51277.94
225821, 51277.94
225823, 51278.87
225825, 51278.40
225827, 51277.94
225828, 51277.94
225830, 51277.94
225832, 51278.40
225834, 51277.94
225836, 51277.94
225838, 51277.94
225839, 51277.94
225841, 51277.94
225843, 51335.30
225845, 51277.94
225847, 51277.94
225849, 51277.94
225850, 51277.94
225852, 51277.94
225854, 51277.94
225856, 51277.94
225858, 51277.94
225859, 51277.94
225861, 51744.18
225863, 51277.94
225865, 51277.94
225867, 51277.94
225869, 51277.94
225871, 51747.88
225872, 51277.94
225874, 51277.94
225876, 51740.48
225878, 51487.01
225880, 51485.62
225882, 51277.94
225883, 51277.94
225885, 51277.94
225887, 51277.94
225889, 51277.94
225891, 51277.94
225893, 51277.94
225894, 50290.43
225896, 51277.94
225898, 51708.56
225900, 51707.64
225902, 51705.79
225904, 51703.94
225906, 51703.01
225907, 52175.26
225909, 53172.48
225911, 52173.41
225913, 53172.48
225915, 53591.08
225917, 53589.69
225919, 53586.91
225920, 53172.48
225922, 53172.48
225924, 53172.48
225926, 53172.48
225928, 53172.48
225930, 53583.21
225931, 53172.48
225933, 53172.48
225935, 53172.48
225937, 53172.48
225939, 52158.61
225941, 53172.48
225942, 53570.26
225944, 53172.48
225946, 53172.48
225948, 53565.64
225950, 53564.71
225952, 53326.51
225953, 53561.01
225955, 53321.88
225957, 53559.62
225959, 53172.48
225961, 53172.48
225962, 53172.48
225964, 53172.48
225966, 53172.48
225968, 53550.84
225970, 53172.48
225972, 52127.16
225973, 53172.48
225975, 52124.38
225977, 53543.90
225979, 53541.59
225981, 53533.72
225982, 53532.33
225984, 53537.42
225986, 53529.56
225988, 53290.89
225990, 53293.20
225991, 53529.56
225993, 53529.10
225995, 53527.71
225997, 53172.48
225999, 53172.48
226000, 53172.48
226002, 53172.48
226004, 53172.48
226006, 53172.48
226008, 53524.01
226010, 53172.48
226011, 53172.48
226013, 53172.48
226015, 53515.22
226017, 53513.37
226019, 53172.48
226021, 53172.48
226023, 53509.67
226025, 53506.90
226027, 53210.41
226029, 53207.17
226031, 53502.73
226033, 53203.01
226035, 53439.37
226037, 53438.90
226039, 53184.97
226041, 53436.13
226042, 53494.41
226044, 53196.07
226046, 53431.96
226048, 53178.50
226050, 53428.26
226052, 53172.48
226054, 53172.48
226056, 53172.48
226058, 53178.50
226060, 53472.67
226062, 53173.87
226063, 53477.29
226065, 53172.48
226067, 53173.41
226069, 53172.48
226071, 53172.95
226073, 53172.48
226075, 53172.48
226077, 53185.90
226079, 53435.20
226081, 53463.88
226083, 53172.48
226085, 52043.90
226087, 53172.48
226089, 52036.50
226090, 53172.48
226092, 53455.55
226094, 53172.48
226096, 53172.48
226098, 53450.93
226100, 53419.01
226102, 53418.55
226103, 53172.48
226105, 53174.80
226107, 53411.15
226109, 53172.48
226111, 53172.48
226113, 53179.42
226115, 53422.25
226117, 53184.51
226120, 53179.88
226122, 53180.81
226124, 53174.80
226126, 53409.76
226128, 53172.48
226130, 53425.49
226132, 53409.30
226134, 53178.03
226136, 53172.48
226138, 53173.87
226140, 53172.48
226142, 53172.48
226144, 53172.48
226146, 53172.48
226148, 53172.48
226151, 53172.48
226153, 53172.48
226155, 53172.48
226157, 53172.48
226159, 53405.60
226161, 53283.49
226163, 53281.64
226165, 53172.48
226168, 53277.94
226169, 53172.48
226171, 53172.48
226173, 51970.82
226175, 53172.48
226177, 53388.95
226179, 53269.15
226181, 53267.76
226183, 53266.84
226185, 53262.21
226186, 53263.14
226188, 53172.48
226190, 53185.43
226192, 53172.48
226194, 53172.48
226196, 53172.48
226198, 53172.48
226200, 51950.47
226202, 53369.98
226203, 53172.48
226205, 51945.84
226207, 53246.49
226209, 53237.24
226211, 53236.31
226213, 53235.39
226215, 53239.09
226217, 53231.69
226219, 53233.54
226221, 53231.69
226223, 53172.48
226225, 53172.48
226226, 53172.48
226228, 53201.16
226230, 53347.32
226232, 53227.99
226234, 53196.07
226236, 53225.21
226237, 53172.48
226239, 53339.46
226241, 53190.98
226243, 53190.06
226245, 53172.48
226247, 53172.48
226249, 53178.03
226250, 53172.48
226252, 53330.67
226254, 53209.95
226256, 53208.56
226258, 53172.48
226260, 53205.32
226262, 53203.01
226263, 53172.48
226265, 53186.36
226267, 53172.48
226269, 53198.85
226271, 53182.66
226273, 53196.53
226275, 53175.26
226277, 53178.96
226279, 53172.48
226281, 53173.41
226282, 53172.48
226284, 53172.48
226286, 53178.96
226288, 53178.03
226290, 53173.41
226292, 53172.95
226293, 53172.48
226295, 53175.72
226297, 53292.74
226299, 53172.48
226301, 53172.48
226303, 53172.48
226305, 53172.48
226307, 53172.48
226309, 53172.48
226311, 53172.48
226312, 53226.60
226314, 53172.48
226316, 53222.90
226318, 53221.51
226320, 53219.66
226323, 53172.48
226325, 53172.48
226327, 53172.48
226329, 53213.19
226331, 53172.48
226333, 53172.48
226335, 53267.76
226337, 53207.64
226339, 53205.32
226341, 53204.40
226344, 53202.09
226346, 53186.36
226348, 53172.48
226350, 53197.00
226352, 53181.73
226355, 53172.48
226357, 53172.48
226359, 53190.98
226361, 53190.06
226363, 53189.13
226365, 53172.48
226367, 53185.43
226369, 53243.25
226371, 53182.20
226373, 53240.94
226375, 53175.72
226377, 51757.59
226379, 53173.87
226380, 53232.61
226382, 53172.48
226384, 53172.48
226386, 53172.48
226388, 53172.48
226390, 53172.48
226391, 53172.48
226393, 51806.16
226395, 53172.48
226397, 53172.48
226399, 53172.48
226401, 53172.48
226402, 51798.29
226404, 51796.91
226406, 53172.48
226408, 53172.48
226410, 51792.74
226412, 51761.29
226414, 53181.27
226415, 53172.48
226417, 53208.56
226419, 53651.21
226421, 53647.04
226423, 53173.41
226425, 53172.48
226426, 53186.36
226428, 53172.48
226430, 51762.68
226432, 53183.12
226434, 53182.20
226436, 53175.72
226438, 53172.48
226439, 51756.67
226441, 53172.48
226443, 53173.41
226445, 53172.48
226447, 53172.48
226449, 53174.80
226451, 53176.18
226453, 53172.48
226455, 51760.83
226456, 53172.48
226458, 53175.72
226460, 53172.48
226462, 53172.48
226464, 53172.48
226466, 53172.48
226468, 53172.48
226470, 53172.48
226472, 53172.48
226474, 53172.48
226476, 53172.48
226478, 53642.42
226480, 53172.48
226481, 53172.48
226483, 53172.48
226485, 53639.64
226487, 53394.96
226489, 53172.48
226491, 53172.48
226493, 53172.48
226495, 53172.48
226497, 53172.48
226498, 53405.60
226500, 53172.48
226502, 53172.48
226504, 53172.48
226506, 53632.24
226508, 53379.70
226510, 53172.48
226512, 53172.48
226514, 53172.48
226516, 53172.48
226517, 53373.22
226519, 53172.48
226521, 53172.48
226523, 53369.06
226525, 53172.48
226527, 53365.82
226529, 53364.90
226531, 53362.12
226532, 53172.48
226534, 53172.48
226536, 53358.42
226538, 53172.48
226540, 53172.48
226542, 53354.26
226544, 53351.02
226546, 53351.02
226548, 53172.48
226550, 53172.48
226552, 53348.25
226554, 53172.48
226556, 53172.48
226558, 53342.70
226560, 53172.48
226561, 53339.46
226563, 53172.48
226565, 53336.22
226567, 53172.48
226569, 53172.48
226571, 53331.59
226574, 53172.48
226576, 53328.36
226577, 53172.48
226579, 53326.51
226581, 53323.73
226583, 53172.48
226585, 53321.42
226587, 53172.48
226589, 53172.48
226591, 53316.79
226593, 53183.12
226595, 53298.29
226597, 53175.72
226599, 53296.44
226601, 53173.87
226603, 53293.67
226605, 53291.35
226606, 53297.37
226608, 53296.90
226610, 53294.59
226612, 53293.20
226614, 53172.95
226616, 53293.67
226618, 53293.20
226620, 53172.48
226622, 53172.48
226624, 53172.48
226626, 53172.48
226627, 53172.48
226629, 53172.48
226631, 53172.48
226633, 53172.48
226635, 53172.48
226637, 53172.48
226639, 53172.48
226640, 53277.94
226642, 53172.48
226644, 53172.48
226646, 53172.48
226648, 53172.48
226650, 53172.48
226651, 53505.97
226653, 53172.48
226655, 53172.48
226658, 53172.48
226659, 53264.06
226661, 53172.48
226663, 53172.48
226665, 53172.48
226667, 53172.48
226669, 53172.48
226670, 53195.15
226672, 53172.48
226674, 53172.48
226676, 53249.26
226678, 53172.48
226680, 53247.41
226681, 53172.48
226683, 53243.71
226685, 53234.46
226687, 53240.01
226689, 53180.35
226691, 53174.80
226692, 53173.41
226694, 53173.87
226696, 53172.48
226698, 53172.48
226700, 53172.48
226702, 53227.99
226703, 53172.48
226705, 53172.48
226707, 53172.48
226709, 53172.48
226711, 53457.40
226713, 53190.06
226715, 53172.48
226716, 53172.48
226718, 53172.48
226720, 53213.65
226722, 53211.34
226724, 53181.27
226726, 53178.96
226728, 53173.41
226729, 53172.48
226731, 53172.95
226733, 53172.48
226735, 53178.50
226737, 53184.05
226739, 53172.48
226741, 53172.95
226742, 53172.48
226744, 53173.41
226746, 53173.87
226748, 53175.26
226750, 53172.48
226752, 53172.48
226754, 53178.03
226755, 53176.18
226757, 53172.48
226759, 53172.48
226761, 53173.41
226763, 53172.48
226765, 53172.48
226766, 53172.48
226768, 53172.48
226770, 53172.48
226772, 53172.48
226774, 53172.48
226776, 53285.34
226777, 53224.29
226779, 53172.48
226781, 53279.79
226783, 53219.66
226785, 53277.48
226787, 53172.48
226789, 53275.17
226791, 53172.48
226793, 53270.54
226795, 53269.62
226797, 53266.84
226799, 53206.25
226801, 53264.53
226803, 53172.48
226805, 53172.48
226806, 53172.48
226808, 53257.59
226810, 53182.20
226812, 53257.59
226814, 53178.96
226816, 53172.48
226817, 53172.48
226819, 53248.34
226821, 53172.48
226823, 53172.48
226825, 53172.48
226827, 53240.94
226829, 53240.94
226831, 53175.72
226832, 53231.69
226834, 53173.41
226836, 53234.46
226838, 53172.48
226840, 53172.48
226842, 53172.48
226843, 53172.48
226845, 53172.48
226847, 53172.48
226849, 53172.48
226851, 53172.48
226853, 53172.48
226854, 53172.48
226856, 53172.48
226858, 53172.48
226860, 53172.48
226862, 53182.20
226864, 53172.95
226866, 53172.48
226867, 53173.87
226869, 53172.48
226871, 53172.95
226873, 53172.48
226875, 53172.48
226877, 53184.05
226879, 53183.58
226880, 53181.73
226883, 53172.48
226885, 53175.26
226887, 53172.95
226888, 53172.48
226890, 53172.48
226893, 53174.80
226895, 53172.95
226897, 53174.33
226899, 53172.48
226901, 53173.41
226903, 53172.48
226905, 53172.48
226908, 53172.48
226910, 53172.48
226912, 53172.48
226914, 53172.48
226916, 53172.48
226918, 53227.99
226919, 53172.48
226922, 53190.98
226924, 53172.48
226926, 53217.81
226928, 53172.48
226930, 53172.48
226932, 53182.66
226934, 53172.48
226936, 53210.41
226937, 53174.33
226939, 53172.48
226941, 53172.48
226943, 53172.95
226945, 53172.48
226947, 53172.48
226949, 53172.48
226950, 53183.58
226953, 53179.88
226954, 53172.48
226956, 53174.80
226958, 53172.48
226960, 53173.41
226962, 53172.48
226964, 53172.48
226966, 53172.48
226968, 53176.18
226970, 53173.41
226972, 53172.48
226974, 53172.95
226976, 53172.48
226978, 53172.48
226980, 53172.48
226982, 53172.48
226984, 53172.48
226986, 53200.23
226988, 53172.48
226990, 53181.73
226992, 53172.48
226994, 53172.48
226995, 53172.48
226998, 53173.41
227000, 53172.48
227002, 53173.87
227004, 53177.11
227006, 53172.48
227009, 53172.48
227011, 53173.41
227013, 53172.48
227015, 53172.48
227017, 53172.48
227018, 53172.48
227020, 53172.48
227022, 53177.11
227024, 53172.48
227026, 53172.95
227028, 53172.48
227029, 53174.80
227031, 53172.48
227033, 53172.95
227035, 53172.48
227037, 53172.48
227039, 53175.26
227041, 53172.95
227043, 53173.41
227044, 53172.48
227046, 53172.48
227048, 53172.48
227050, 53172.48
227052, 53172.48
227054, 53172.48
227055, 53172.48
227057, 53172.48
227059, 53172.48
227061, 53172.48
227063, 53172.48
227065, 53172.48
227067, 53172.48
227069, 53172.48
227071, 53172.48
227073, 53172.48
227074, 53172.48
227077, 53172.48
227078, 53172.48
227080, 53172.48
227082, 53172.48
227084, 53172.48
227086, 53172.48
227088, 53172.48
227090, 53172.48
227092, 53172.48
227093, 53172.48
227095, 53172.48
227097, 53172.48
227099, 53172.48
227101, 53172.48
227103, 53172.48
227105, 53172.48
227107, 53172.48
227109, 53172.48
227111, 53172.48
227113, 53172.48
227114, 53172.48
227116, 53172.48
227118, 53172.48
227120, 53172.48
227122, 53172.48
227124, 53172.48
227126, 53172.48
227129, 53172.48
227131, 53172.48
227133, 53172.48
227135, 53172.48
227136, 53172.48
227138, 53172.48
227140, 53172.48
227142, 53172.48
227144, 53172.48
227146, 53172.48
227148, 53172.48
227149, 53172.48
227151, 53172.48
227153, 53172.48
227155, 53172.48
227157, 53172.48
227159, 52221.51
227161, 53172.48
227163, 53163.23
227164, 53172.48
227166, 53172.48
227168, 53172.48
227170, 53172.48
227172, 53172.48
227174, 53172.48
227176, 53172.48
227177, 53172.48
227179, 53172.48
227181, 53172.48
227183, 53172.48
227185, 53172.48
227187, 53172.48
227189, 53172.48
227191, 53172.48
227192, 53172.48
227194, 53172.48
227196, 53172.48
227198, 53172.48
227200, 53172.48
227202, 53172.48
227204, 53113.28
227205, 53172.48
227207, 53172.48
227209, 53172.48
227211, 53172.48
227213, 53172.48
227215, 53172.48
227216, 53172.48
227218, 53172.48
227220, 53172.48
227222, 53172.48
227224, 53172.48
227226, 53172.48
227228, 53172.48
227229, 53172.48
227231, 53172.48
227233, 53172.48
227235, 53172.48
227237, 53172.48
227239, 53172.48
227240, 52092.47
227242, 53172.48
227244, 53172.48
227246, 53172.48
227248, 53172.48
227250, 53172.48
227252, 53172.48
227253, 53172.48
227255, 53172.48
227257, 53172.48
227259, 53172.48
227261, 53172.48
227263, 53172.48
227265, 53172.48
227266, 53172.48
227268, 53172.48
227270, 53172.48
227272, 53172.48
227274, 53172.48
227276, 53172.48
227278, 53172.48
227279, 53172.48
227281, 53172.48
227283, 53172.48
227285, 53172.48
227287, 53172.48
227289, 53172.48
227291, 53172.48
227292, 53172.48
227294, 53172.48
227296, 53172.48
227298, 53172.48
227300, 53172.48
227302, 53172.48
227304, 53172.48
227306, 53172.48
227307, 53172.48
227309, 53085.53
227311, 53913.93
227313, 55067.02
227315, 55067.02
227317, 55067.02
227318, 54853.33
227320, 55067.02
227322, 55067.02
227324, 55067.02
227326, 55067.02
227328, 54846.86
227330, 55792.28
227331, 56961.56
227333, 56961.56
227335, 56961.56
227337, 56734.00
227339, 56961.56
227341, 56961.56
227343, 55781.18
227345, 55777.94
227346, 55777.94
227348, 56961.56
227350, 56961.56
227352, 56961.56
227354, 56961.56
227356, 56961.56
227358, 56961.56
227359, 56961.56
227361, 56961.56
227363, 56961.56
227365, 56961.56
227367, 56961.56
227369, 56961.56
227371, 56961.56
227373, 56961.56
227374, 56961.56
227376, 56961.56
227378, 56961.56
227380, 56961.56
227382, 56961.56
227384, 56961.56
227386, 56961.56
227387, 56961.56
227389, 56961.56
227391, 56961.56
227393, 56961.56
227395, 56961.56
227397, 56961.56
227399, 56961.56
227401, 56720.12
227403, 57664.62
227404, 58856.10
227406, 58856.10
227408, 58856.10
227410, 58856.10
227412, 57620.21
227414, 58856.10
227416, 58856.10
227418, 58856.10
227419, 58590.61
227421, 59507.82
227423, 60750.65
227425, 60750.65
227427, 60750.65
227429, 60750.65
227431, 60750.65
227432, 60750.65
227434, 60750.65
227436, 60452.77
227438, 60750.65
227440, 60750.65
227442, 60750.65
227444, 60750.65
227446, 60750.65
227448, 60750.65
227450, 60750.65
227452, 60750.65
227454, 60750.65
227456, 60750.65
227459, 60750.65
227461, 60750.65
227464, 60750.65
227466, 60750.65
227470, 59468.50
227471, 60750.65
227473, 60750.65
227475, 60750.65
227477, 60411.14
227479, 60750.65
227481, 60750.65
227483, 60750.65
227485, 60750.65
227487, 60403.28
227489, 60461.10
227492, 61346.85
227494, 62645.19
227496, 62350.09
227498, 62645.19
227500, 62645.19
227501, 62645.19
227503, 62645.19
227505, 62645.19
227507, 62645.19
227509, 62645.19
227511, 62645.19
227513, 62645.19
227515, 62645.19
227516, 62282.56
227518, 62645.19
227520, 62645.19
227522, 62645.19
227524, 62645.19
227527, 62645.19
227529, 62645.19
227531, 62645.19
227533, 62645.19
227535, 62645.19
227537, 62645.19
227540, 62645.19
227542, 62645.19
227544, 62645.19
227546, 62645.19
227548, 62645.19
227550, 62645.19
227552, 62645.19
227554, 62645.19
227557, 62645.19
227559, 62241.86
227561, 62645.19
227563, 62645.19
227565, 62645.19
227567, 62645.19
227570, 62645.19
227572, 62233.07
227574, 62645.19
227577, 62645.19
227579, 62645.19
227581, 62645.19
227582, 62645.19
227584, 62645.19
227586, 62645.19
227589, 62645.19
227591, 62645.19
227593, 62216.42
227595, 62645.19
227597, 62645.19
227599, 62645.19
227601, 62645.19
227603, 62645.19
227605, 62645.19
227606, 62206.71
227608, 62205.77
227610, 62203.47
227612, 62203.01
227614, 62645.19
227616, 62645.19
227618, 62645.19
227620, 62645.19
227622, 62645.19
227624, 62193.76
227626, 63140.09
227628, 62191.91
227630, 63135.93
227632, 62188.21
227635, 63125.76
227637, 62184.51
227639, 63122.52
227641, 63128.99
227643, 62179.87
227645, 62645.19
227647, 62645.19
227649, 62175.25
227652, 63119.74
227654, 62171.55
227657, 62645.19
227659, 62645.19
227661, 62645.19
227663, 62645.19
227664, 62645.19
227667, 62645.19
227669, 62645.19
227671, 62645.19
227674, 62645.19
227676, 62645.19
227678, 62645.19
227680, 62645.19
227682, 62645.19
227685, 62645.19
227687, 62645.19
227689, 62645.19
227692, 62645.19
227693, 62645.19
227696, 62156.75
227698, 62645.19
227700, 62645.19
227702, 62645.19
227705, 62645.19
227707, 62645.19
227709, 62645.19
227711, 62645.19
227713, 62645.19
227715, 62645.19
227716, 62134.55
227718, 62645.19
227720, 62645.19
227722, 62645.19
227724, 62645.19
227726, 62120.21
227728, 62645.19
227730, 62116.51
227732, 62645.19
227734, 62113.27
227736, 62112.81
227738, 62645.19
227740, 62645.19
227742, 62645.19
227744, 62645.19
227746, 62645.19
227748, 62645.19
227750, 62645.19
227752, 62645.19
227754, 62645.19
227756, 62645.19
227758, 62645.19
227760, 62645.19
227762, 62645.19
227764, 62645.19
227766, 62645.19
227768, 62645.19
227770, 62101.25
227772, 62645.19
227774, 62083.67
227776, 62645.19
227778, 62645.19
227780, 62645.19
227782, 62645.19
227784, 62645.19
227787, 62645.19
227789, 62645.19
227791, 62645.19
227793, 62645.19
227795, 62067.94
227797, 62645.19
227799, 62645.19
227801, 62125.30
227803, 62062.39
227805, 62645.19
227807, 62645.19
227809, 62116.05
227811, 62055.92
227813, 62054.99
227815, 62645.19
227817, 62645.19
227819, 62645.19
227821, 62645.19
227823, 62645.19
227825, 62645.19
227827, 62645.19
227829, 62645.19
227831, 62645.19
227833, 62645.19
227835, 62645.19
227837, 62645.19
227840, 62052.22
227843, 62031.87
227845, 62645.19
227847, 62028.16
227850, 62025.39
227852, 62024.00
227856, 62645.19
227858, 62645.19
227860, 62645.19
227863, 62645.19
227866, 62645.19
227869, 62011.05
227873, 62645.19
227875, 62645.19
227877, 62006.89
227880, 62002.26
227883, 61999.49
227886, 61996.71
227890, 61993.94
227892, 62645.19
227895, 62645.19
227898, 62645.19
227900, 62645.19
227904, 61983.30
227907, 62645.19
227909, 62645.19
227911, 62645.19
227915, 62645.19
227918, 61971.74
227921, 61968.96
227924, 61966.19
227926, 62645.19
227930, 62645.19
227932, 62645.19
227934, 62645.19
227935, 62645.19
227937, 62645.19
227939, 62645.19
227941, 62645.19
227943, 62645.19
227945, 62645.19
227948, 62645.19
227949, 62645.19
227952, 62645.19
227954, 61942.60
227956, 62645.19
227959, 61938.43
227962, 61934.73
227965, 62645.19
227969, 62645.19
227972, 62645.19
227975, 62645.19
227977, 62645.19
227979, 62645.19
227982, 62645.19
227985, 62645.19
227988, 62645.19
227991, 62645.19
227993, 62645.19
227995, 62645.19
227997, 62645.19
227999, 62645.19
228000, 62645.19
228002, 62645.19
228004, 62645.19
228006, 62645.19
228008, 62645.19
228010, 62645.19
228012, 61894.49
228014, 62645.19
228018, 62645.19
228021, 62645.19
228023, 62645.19
228025, 61883.85
228027, 62645.19
228030, 61879.23
228034, 61877.84
228037, 62645.19
228039, 62645.19
228041, 61873.68
228043, 62645.19
228045, 62645.19
228047, 62645.19
228049, 62645.19
228051, 62645.19
228052, 62645.19
228054, 61868.13
228056, 62645.19
228058, 62645.19
228060, 62645.19
228062, 61870.90
228065, 62645.19
228067, 62645.19
228070, 62645.19
228072, 62645.19
228075, 62645.19
228077, 62379.23
228079, 63770.99
228081, 63773.31
228083, 63775.62
228084, 64539.73
228086, 64539.73
228088, 64539.73
228090, 64539.73
228092, 64539.73
228094, 64539.73
228096, 64539.73
228098, 64539.73
228101, 64539.73
228103, 64539.73
228105, 64539.73
228108, 64539.73
228109, 64539.73
228112, 64539.73
228114, 64539.73
228116, 64539.73
228118, 64539.73
228120, 64539.73
228123, 64539.73
228125, 64539.73
228127, 64539.73
228130, 64539.73
228132, 64539.73
228135, 64539.73
228137, 64539.73
228139, 64539.73
228141, 64539.73
228143, 64539.73
228145, 64421.32
228147, 64539.73
228149, 63832.98
228152, 64539.73
228153, 64539.73
228155, 64539.73
228157, 64539.73
228159, 64539.73
228161, 64539.73
228163, 64539.73
228166, 64539.73
228167, 64539.73
228169, 64539.73
228171, 64539.73
228173, 64539.73
228175, 64539.73
228178, 64539.73
228180, 64539.73
228182, 64539.73
228185, 64539.73
228187, 64539.73
228189, 64539.73
228192, 64539.73
228194, 64539.73
228195, 64539.73
228197, 64539.73
228199, 64539.73
228202, 64539.73
228204, 64539.73
228206, 64539.73
228209, 64539.73
228211, 64539.73
228213, 64539.73
228215, 64539.73
228217, 64539.73
228219, 64539.73
228221, 64539.73
228223, 64539.73
228225, 64539.73
228228, 64539.73
228230, 64539.73
228232, 63904.20
228234, 64539.73
228236, 64539.73
228238, 64539.73
228241, 64539.73
228243, 64539.73
228245, 64539.73
228247, 64539.73
228249, 64524.93
228251, 65814.01
228253, 65816.32
228255, 66434.27
228257, 66434.27
228259, 66434.27
228262, 66434.27
228264, 66434.27
228266, 66434.27
228268, 66434.27
228270, 66434.27
228272, 66434.27
228274, 66434.27
228276, 66434.27
228278, 66434.27
228280, 66434.27
228282, 66434.27
228284, 66375.07
228286, 67738.62
228289, 67740.00
228291, 68328.81
228293, 67744.63
228295, 67745.55
228297, 67748.33
228299, 67748.79
228301, 68328.81
228303, 68328.81
228305, 68328.81
228307, 68328.81
228309, 68328.81
228312, 68328.81
228314, 68328.81
228316, 68328.81
228318, 68328.81
228320, 68328.81
228322, 67768.68
228324, 67769.14
228326, 67770.99
228328, 67772.84
228330, 67774.23
228332, 67777.00
228335, 68328.81
228337, 68328.81
228339, 67789.03
228341, 68328.81
228343, 67784.87
228345, 68328.81
228347, 68328.81
228349, 68328.81
228351, 68328.81
228354, 68328.81
228356, 68328.81
228358, 68328.81
228360, 67797.82
228362, 67801.06
228365, 67802.44
228367, 67804.29
228369, 67805.22
228371, 67807.07
228373, 67809.38
228375, 68328.81
228377, 67811.23
228379, 67813.08
228380, 67814.47
228382, 67816.78
228384, 68328.81
228387, 68328.81
228389, 68328.81
228391, 68328.81
228393, 68328.81
228395, 67841.29
228398, 67829.27
228400, 67829.73
228402, 68328.81
228404, 68328.81
228406, 67852.39
228408, 67836.67
228411, 67838.06
228413, 67840.83
228415, 67841.29
228417, 67844.08
228420, 67844.99
228422, 68328.81
228424, 68328.81
228426, 68328.81
228428, 68328.81
228430, 68328.81
228432, 68092.45
228434, 68328.81
228437, 66909.29
228439, 66909.76
228441, 68328.81
228443, 68328.81
228446, 66908.82
228448, 66913.91
228450, 65974.97
228452, 65977.75
228454, 65977.75
228456, 65979.60
228458, 65981.90
228460, 65982.37
228462, 65986.07
228465, 65986.54
228467, 65989.31
228470, 65990.70
228472, 65993.01
228474, 65993.94
228477, 66939.82
228479, 66915.31
228481, 66946.76
228483, 66949.53
228485, 66002.26
228487, 66004.57
228489, 66006.42
228491, 66006.89
228493, 66956.47
228495, 66928.26
228497, 66960.63
228500, 66961.09
228502, 66016.14
228504, 66017.99
228506, 66018.91
228508, 66021.69
228510, 66022.15
228512, 66024.92
228515, 66026.31
228517, 66027.70
228518, 66030.47
228520, 66030.01
228522, 66032.79
228524, 66034.17
228526, 66035.10
228528, 66037.41
228530, 66038.34
228532, 66040.19
228534, 66041.58
228536, 66434.27
228539, 66045.74
228541, 66046.66
228543, 66049.90
228546, 66050.83
228548, 66053.14
228549, 66054.06
228551, 66055.91
228554, 66057.76
228556, 66059.61
228558, 66061.93
228560, 66434.27
228562, 66065.16
228565, 66066.55
228567, 66068.86
228570, 66434.27
228572, 66076.26
228574, 66434.27
228576, 66434.27
228578, 66434.27
228580, 66375.07
228582, 66080.43
228584, 66083.20
228586, 66084.59
228589, 67034.63
228591, 67035.57
228593, 67032.32
228595, 66092.91
228597, 66094.76
228599, 66096.61
228601, 66097.55
228603, 66099.85
228605, 66434.27
228607, 66102.63
228609, 66104.95
228611, 66105.40
228613, 66107.71
228615, 66108.65
228617, 66110.96
228618, 66113.73
228620, 66113.73
228622, 66115.58
228624, 66117.90
228626, 66118.36
228628, 66121.13
228630, 66122.06
228631, 66123.45
228633, 66126.22
228637, 66128.07
228640, 66130.85
228642, 66133.16
228644, 66135.01
228646, 66136.40
228649, 66139.63
228652, 66142.41
228655, 66973.58
228658, 67094.77
228660, 66148.42
228662, 66150.73
228665, 66153.97
228668, 66157.21
228672, 66158.60
228674, 66162.30
228676, 66162.76
228678, 66166.00
228681, 66434.27
228684, 66171.08
228687, 66173.40
228690, 66175.71
228692, 66176.64
228694, 66179.41
228696, 66434.27
228697, 66434.27
228699, 66434.27
228702, 66434.27
228706, 66434.27
228708, 66434.27
228709, 66434.27
228712, 66434.27
228715, 66197.45
228718, 67148.88
228721, 67149.34
228723, 67153.04
228725, 67153.51
228728, 67150.27
228731, 68328.81
228735, 67162.76
228738, 66218.26
228740, 66220.57
228742, 66221.04
228744, 66224.27
228747, 67159.06
228750, 66229.36
228753, 66232.61
228755, 66234.46
228757, 66235.37
228759, 66238.16
228762, 66240.01
228765, 66242.77
228768, 66246.47
228771, 66248.32
228773, 66250.17
228775, 66434.27
228778, 66434.27
228781, 66256.66
228784, 66260.36
228786, 66262.21
228789, 66265.91
228791, 66265.91
228794, 67216.88
228797, 66271.46
228800, 67221.96
228803, 66276.54
228805, 66278.86
228807, 66280.24
228809, 66282.56
228811, 66434.27
228813, 66434.27
228815, 66434.27
228818, 66305.68
228820, 66292.73
228822, 66434.27
228824, 66434.27
228826, 66314.01
228828, 66434.27
228831, 66434.27
228834, 66434.27
228837, 66434.27
228839, 66434.27
228841, 66434.27
228844, 66434.27
228847, 66375.07
228850, 66378.30
228853, 67268.68
228856, 66383.38
228858, 66434.27
228860, 66434.27
228863, 66434.27
228865, 66391.72
228869, 67283.48
228872, 67285.33
228874, 68328.81
228876, 68328.81
228880, 68314.01
228882, 68314.93
228885, 68328.81
228888, 68328.81
228891, 68328.81
228893, 68328.81
228896, 68328.81
228898, 68328.81
228901, 68328.81
228904, 68328.81
228906, 68328.81
228908, 68328.81
228911, 68328.81
228913, 68328.81
228915, 68328.81
228917, 68328.81
228919, 68328.81
228921, 68328.81
228923, 68328.81
228926, 68328.81
228928, 68328.81
228930, 68328.81
228933, 68328.81
228936, 68328.81
228939, 68328.81
228941, 68325.11
228944, 68328.81
228946, 68328.81
228949, 68328.81
228952, 68328.81
228955, 68328.81
228957, 68328.81
228959, 68328.81
228962, 68328.81
228965, 68328.81
228968, 68328.81
228972, 68328.81
228974, 68328.81
228976, 68328.81
228978, 68328.81
228981, 68328.81
228984, 68328.81
228987, 68328.81
228989, 68328.81
228991, 68330.20
228993, 68328.81
228997, 68329.27
229000, 68331.58
229003, 68329.27
229006, 68329.73
229008, 68330.66
229010, 68336.21
229013, 68331.58
229016, 68334.36
229019, 68328.81
229022, 68330.20
229024, 68334.82
229026, 68328.81
229028, 68365.81
229030, 68328.81
229032, 68332.51
229034, 68328.81
229036, 68328.81
229038, 68344.07
229039, 68347.77
229041, 68348.70
229043, 68328.81
229045, 68352.86
229047, 68353.32
229049, 68385.23
229051, 68357.02
229053, 68328.81
229055, 68328.81
229057, 68329.27
229059, 68328.81
229061, 68332.05
229063, 68328.81
229065, 68330.20
229067, 68332.97
229068, 68334.82
229070, 68403.73
229072, 68330.20
229074, 68347.77
229077, 68334.36
229080, 68352.86
229083, 68328.81
229086, 68328.81
229088, 68328.81
229090, 68359.80
229093, 68363.03
229096, 68328.81
229099, 68330.20
229102, 68333.90
229104, 68374.13
229107, 68375.52
229108, 68376.91
229110, 68379.22
229113, 68381.53
229117, 68383.85
229120, 68328.81
229122, 68328.81
229124, 68329.27
229128, 68329.27
229131, 68328.81
229134, 68332.51
229136, 68452.77
229138, 68328.81
229140, 68329.73
229142, 68330.20
229144, 68331.12
229146, 68328.81
229149, 68338.52
229152, 68341.30
229155, 68328.81
229157, 68328.81
229159, 68328.81
229161, 68331.12
229164, 68328.81
229167, 68328.81
229171, 68499.02
229173, 68344.53
229175, 68495.32
229178, 68378.76
229181, 68352.86
229184, 68328.81
229187, 68328.81
229189, 68328.81
229192, 68388.93
229195, 68328.81
229198, 68328.81
229200, 68392.63
229203, 68394.02
229206, 68404.67
229208, 68405.13
229209, 68407.90
229213, 68328.81
229215, 68328.81
229218, 68416.69
229221, 68418.54
229223, 68358.41
229225, 68422.24
229228, 68360.72
229231, 68427.79
229234, 68429.64
229236, 68328.81
229239, 68558.69
229240, 68328.81
229242, 68436.58
229244, 68328.81
229246, 68328.81
229248, 68328.81
229250, 68328.81
229253, 68328.81
229255, 68567.94
229257, 68329.73
229259, 68330.66
229263, 68328.81
229265, 68330.20
229268, 68328.81
229271, 68582.28
229273, 68328.81
229275, 68586.90
229278, 68351.01
229280, 68328.81
229282, 68328.81
229284, 68328.81
229286, 68595.23
229289, 68328.81
229291, 68328.81
229294, 68328.81
229295, 68328.81
229297, 68328.81
229300, 68328.81
229303, 68328.81
229305, 68328.81
229307, 68328.81
229310, 68328.81
229312, 68621.13
229314, 68383.38
229316, 68328.81
229318, 68328.81
229320, 68625.75
229322, 68329.27
229324, 68328.81
229327, 68393.57
229330, 68633.15
229332, 68328.81
229335, 68328.81
229339, 68640.55
229341, 68328.81
229343, 68328.81
229346, 68411.13
229348, 68412.07
229351, 68328.81
229354, 68328.81
229356, 68358.87
229358, 68420.39
229360, 68423.17
229362, 68328.81
229364, 68425.48
229366, 68328.81
229369, 68370.43
229372, 68373.21
229374, 68328.81
229376, 68376.91
229379, 68328.81
229381, 68328.81
229384, 68383.85
229388, 68328.81
229390, 68328.81
229392, 68448.14
229395, 68451.84
229398, 68328.81
229401, 68449.99
229404, 68451.84
229406, 68328.81
229408, 68328.81
229412, 68333.43
229415, 68468.03
229418, 68470.81
229421, 68340.37
229423, 68328.81
229425, 68328.81
229427, 68328.81
229429, 68477.28
229432, 68328.81
229435, 68484.68
229438, 68486.53
229440, 68328.81
229443, 68328.81
229445, 68492.54
229448, 68328.81
229451, 68328.81
229454, 68351.93
229456, 68328.81
229458, 68386.17
229460, 68475.43
229462, 68506.42
229464, 68506.42
229465, 68328.81
229468, 68506.42
229470, 68512.43
229471, 68513.82
229473, 68328.81
229475, 68388.93
229477, 68332.97
229479, 68328.81
229481, 68328.81
229483, 68329.27
229485, 68328.81
229486, 68333.90
229488, 68408.83
229490, 68328.81
229492, 68328.81
229494, 68397.27
229496, 68399.58
229497, 68400.97
229499, 68401.88
229501, 68536.49
229503, 68328.81
229505, 68328.81
229506, 68423.63
229509, 68542.49
229511, 68544.34
229512, 68545.74
229514, 68328.81
229516, 68548.98
229518, 68431.49
229520, 68328.81
229522, 68375.98
229524, 68328.81
229525, 68555.91
229527, 68328.81
229529, 68798.75
229531, 68560.08
229533, 68328.81
229535, 68564.70
229538, 68328.81
229540, 68328.81
229543, 68328.81
229546, 68328.81
229549, 68328.81
229552, 68332.51
229555, 68328.81
229556, 68328.81
229559, 66922.71
229563, 68328.81
229565, 68328.81
229567, 68328.81
229569, 66930.57
229571, 68328.81
229572, 68328.81
229575, 66919.92
229578, 68328.81
229581, 68329.27
229582, 68328.81
229584, 68328.81
229586, 68328.81
229588, 68328.81
229590, 66945.83
229593, 68332.97
229596, 68328.81
229599, 68343.61
229602, 68328.81
229605, 66928.26
229607, 66456.93
229610, 66434.27
229612, 66460.17
229614, 66434.27
229616, 66434.27
229619, 66434.73
229622, 66434.27
229625, 66434.73
229628, 66500.88
229631, 66434.27
229634, 65084.59
229636, 66434.27
229639, 66449.07
229641, 66435.19
229644, 66438.89
229646, 66434.27
229648, 65095.69
229651, 66458.78
229653, 66445.83
229655, 66447.68
229658, 66434.27
229660, 66434.27
229663, 66434.27
229666, 66471.27
229669, 66434.27
229671, 66435.65
229673, 66475.89
229676, 66477.74
229678, 65117.89
229680, 65118.36
229681, 66434.27
229683, 66434.27
229686, 65125.29
229689, 66434.27
229691, 65129.92
229693, 66434.27
229696, 66434.27
229700, 66434.27
229703, 66434.27
229705, 66437.04
229708, 66434.27
229711, 66435.65
229713, 66440.28
229715, 66567.48
229719, 66435.65
229721, 66435.19
229723, 66437.04
229725, 66441.67
229728, 66443.05
229731, 66448.14
229734, 66582.28
229738, 66434.27
229740, 66464.79
229742, 66434.27
229745, 66434.27
229747, 66434.27
229750, 66439.82
229753, 66449.53
229756, 66481.44
229758, 66602.63
229760, 66602.63
229763, 66434.27
229766, 65189.13
229769, 66434.27
229771, 65191.44
229773, 64719.65
229775, 64601.70
229778, 64601.24
229780, 63303.84
229784, 64539.73
229787, 64539.73
229789, 63311.24
229791, 64614.65
229793, 64617.44
229795, 64617.44
229797, 64620.20
229800, 64622.52
229803, 64625.75
229805, 64539.73
229807, 64629.00
229809, 64629.92
229812, 64632.24
229815, 64634.55
229818, 64637.79
229820, 64638.70
229822, 64641.02
229825, 64539.73
229828, 64764.51
229831, 64647.50
229834, 64539.73
229836, 63352.40
229838, 64654.44
229840, 64772.85
229842, 64539.73
229844, 63355.64
229847, 62882.01
229850, 62645.19
229852, 62645.19
229854, 62645.19
229856, 62645.19
229858, 62649.35
229861, 62888.48
229864, 62645.19
229866, 62645.19
229868, 62645.19
229870, 62884.32
229872, 62889.41
229874, 62891.72
229875, 62892.64
229877, 62911.14
229879, 62645.19
229881, 61491.63
229883, 62645.19
229885, 62882.01
229887, 62885.24
229889, 62919.47
229891, 62891.26
229893, 62886.17
229895, 62924.09
229898, 62896.81
229900, 62926.87
229901, 62929.64
229903, 61511.05
229905, 62645.19
229907, 62904.67
229911, 62906.98
229914, 62910.68
229916, 61520.30
229920, 62645.65
229922, 62941.21
229924, 62884.77
229927, 62950.92
229930, 62952.31
229933, 62955.55
229936, 61536.49
229938, 61066.56
229940, 60750.65
229944, 59648.89
229945, 60750.65
229948, 60750.65
229951, 60750.65
229954, 59657.21
229956, 59658.14
229959, 59187.74
229961, 57768.22
229965, 57297.36
229968, 56961.56
229970, 55888.95
229972, 56961.56
229974, 56961.56
229977, 56961.56
229980, 56961.56
229984, 56961.56
229987, 56961.56
229989, 55956.01
229992, 57317.72
229994, 57321.42
229997, 57324.19
230000, 57326.04
230003, 57328.82
230005, 57330.20
230007, 55911.15
230009, 55912.54
230011, 55913.92
230013, 56961.56
230015, 56961.56
230018, 55920.86
230021, 56961.56
230023, 56961.56
230025, 56961.56
230028, 55928.72
230031, 55929.65
230034, 55459.25
230037, 55462.03
230039, 55462.95
230041, 54043.43
230043, 54045.75
230045, 54046.67
230048, 53576.28
230051, 52156.29
230054, 51686.36
230055, 52160.00
230058, 52162.31
230061, 51690.99
230064, 51693.30
230067, 51695.15
230070, 51693.76
230072, 51699.31
230073, 50281.18
230075, 50281.18
230079, 49811.25
230082, 49383.40
230085, 48394.04
230087, 47922.72
230089, 46503.66
230091, 47488.86
230094, 47488.86
230097, 47488.86
230100, 46511.99
230103, 46041.13
230105, 44621.15
230107, 44622.07
230109, 44643.35
230111, 45594.32
230113, 45594.32
230115, 44645.20
230117, 45594.32
230118, 45594.32
230120, 45594.32
230122, 45594.32
230124, 45594.32
230126, 45594.32
230128, 45594.32
230130, 45594.32
230133, 45594.32
230135, 45594.32
230137, 45594.32
230140, 45594.32
230142, 45594.32
230145, 45594.32
230147, 45594.32
230151, 45594.32
230153, 45594.32
230155, 45594.32
230158, 45594.32
230161, 45594.32
230165, 45594.32
230167, 45601.72
230169, 45594.32
230171, 45594.32
230173, 45607.27
230175, 45608.20
230177, 44676.65
230179, 45594.32
230183, 45594.32
230186, 45594.32
230188, 45594.32
230191, 45594.32
230194, 45594.32
230197, 45594.78
230199, 45594.32
230203, 45611.43
230205, 45616.98
230208, 45617.91
230210, 45620.68
230214, 45594.32
230216, 45594.32
230219, 45594.32
230221, 45594.32
230223, 45594.32
230225, 45594.32
230227, 45595.71
230229, 45599.87
230231, 45600.80
230234, 45594.32
230236, 45595.71
230238, 44726.61
230241, 45601.26
230243, 44730.31
230246, 45620.22
230248, 44734.93
230252, 44736.32
230254, 45627.62
230256, 45627.62
230259, 45631.32
230262, 45633.64
230265, 45635.95
230267, 44748.35
230270, 45639.65
230272, 44752.51
230274, 45643.81
230278, 44698.85
230280, 44760.37
230281, 44759.91
230283, 44762.68
230285, 45594.32
230287, 44765.46
230290, 45594.32
230293, 45596.17
230295, 45594.32
230298, 45595.25
230301, 45598.02
230304, 45594.32
230306, 45594.78
230309, 45594.78
230311, 45599.87
230314, 45603.57
230317, 45604.96
230320, 44793.67
230322, 44794.14
230324, 44796.45
230325, 44797.84
230327, 44799.22
230329, 44802.00
230331, 44802.92
230333, 44804.77
230336, 45606.35
230338, 45637.80
230340, 44810.32
230343, 45759.91
230346, 45614.21
230349, 44819.58
230352, 44820.04
230354, 44822.81
230356, 45594.32
230359, 44826.98
230362, 44828.36
230365, 45661.39
230368, 45663.24
230370, 45665.55
230372, 44837.61
230374, 44840.85
230377, 44841.78
230380, 44845.94
230383, 44846.87
230386, 45678.96
230388, 44851.03
230391, 44854.27
230394, 45685.90
230397, 45688.22
230400, 45690.99
230402, 45692.38
230404, 44747.88
230406, 44866.75
230410, 44871.38
230413, 44872.77
230416, 45704.87
230419, 44878.78
230421, 44879.71
230423, 44881.56
230425, 44883.87
230429, 45595.71
230432, 45596.17
230434, 45594.32
230437, 45594.32
230439, 45598.48
230441, 45599.87
230442, 45601.26
230444, 45594.32
230446, 45594.32
230448, 45594.32
230450, 45601.72
230452, 45601.72
230454, 45604.96
230456, 44895.89
230458, 45608.20
230461, 45594.32
230464, 45594.32
230467, 45596.63
230469, 45594.32
230471, 45596.63
230473, 45598.48
230475, 45601.26
230478, 44929.66
230482, 44931.97
230485, 45646.12
230487, 45617.91
230489, 44938.91
230492, 44941.22
230495, 44943.07
230498, 45891.27
230501, 45597.10
230503, 44951.40
230505, 44953.71
230507, 44954.17
230510, 45594.32
230514, 45610.97
230517, 45595.25
230519, 45911.62
230521, 45913.93
230523, 45678.04
230526, 45607.73
230530, 45623.92
230533, 45625.31
230535, 45594.32
230537, 45594.32
230539, 45623.92
230543, 45627.62
230546, 45594.32
230549, 45638.72
230551, 45638.72
230553, 45644.74
230555, 45646.59
230557, 45647.51
230559, 45648.90
230561, 45710.42
230563, 45000.89
230564, 45002.74
230566, 45594.32
230569, 45594.32
230570, 45595.71
230572, 45594.32
230575, 45594.32
230577, 45594.32
230580, 45594.32
230582, 45594.32
230584, 45594.32
230587, 45712.73
230589, 45714.58
230592, 45720.59
230594, 45738.63
230598, 45725.22
230601, 45594.32
230603, 45594.32
230606, 45596.17
230610, 45594.32
230613, 45752.97
230615, 45993.03
230618, 45594.32
230620, 45727.99
230623, 45761.30
230625, 45764.53
230629, 45765.92
230631, 45057.78
230633, 45058.24
230635, 45060.56
230636, 45061.48
230638, 45772.40
230640, 45594.32
230642, 45771.93
230644, 45774.25
230646, 45779.80
230648, 45069.81
230651, 45783.96
230653, 45784.42
230656, 45787.66
230658, 45789.51
230661, 45792.29
230663, 45082.30
230665, 45084.61
230667, 45085.53
230669, 46034.65
230671, 45799.22
230674, 45091.08
230677, 45803.85
230678, 45804.77
230681, 45096.17
230683, 45097.10
230685, 46047.60
230687, 45811.25
230689, 45813.56
230692, 45815.41
230695, 45818.65
230699, 46056.39
230702, 45822.81
230704, 45113.75
230706, 45826.98
230708, 45116.99
230711, 45830.21
230715, 45594.32
230718, 45594.32
230720, 45594.32
230722, 45594.32
230724, 45594.32
230728, 45594.32
230731, 45594.78
230734, 45594.32
230736, 45594.32
230738, 45594.32
230740, 45594.78
230743, 45594.32
230747, 45594.32
230750, 45594.32
230752, 45594.32
230754, 45594.32
230756, 45594.32
230760, 45595.71
230763, 45594.32
230766, 45594.32
230769, 45594.32
230771, 45594.32
230773, 45594.32
230774, 45595.71
230776, 45594.32
230778, 44190.99
230781, 45594.32
230785, 45594.78
230786, 45598.48
230788, 45608.20
230790, 45594.32
230794, 45594.32
230797, 45594.32
230800, 45594.32
230802, 45594.32
230804, 45594.78
230806, 45596.17
230809, 45594.32
230813, 45594.32
230816, 45596.17
230818, 45594.32
230820, 45594.32
230822, 45595.71
230825, 45594.32
230828, 45594.32
230832, 45594.32
230834, 45594.32
230836, 45594.32
230838, 45594.32
230841, 45594.32
230844, 45594.32
230847, 45594.32
230850, 45594.32
230852, 45594.32
230854, 45594.32
230857, 45594.32
230860, 45617.45
230863, 45651.67
230866, 45594.32
230868, 45594.32
230870, 45594.32
230872, 45594.32
230875, 45594.32
230878, 45594.32
230881, 45599.87
230884, 45601.26
230886, 45594.32
230888, 45595.25
230889, 44177.12
230891, 44176.19
230893, 44313.56
230895, 43368.14
230897, 44302.00
230899, 44184.52
230901, 43714.12
230903, 42426.89
230905, 43699.78
230907, 43699.78
230910, 43734.47
230913, 43699.78
230915, 43702.56
230918, 43711.81
230920, 42440.30
230922, 41495.34
230926, 41852.88
230929, 42298.76
230931, 42449.55
230933, 42450.47
230935, 43699.78
230937, 43699.78
230941, 43699.78
230944, 43758.98
230947, 43759.45
230950, 43699.78
230953, 42347.33
230955, 43763.15
230959, 42344.55
230961, 42473.60
230963, 41527.26
230967, 42358.89
230969, 42478.69
230971, 43783.96
230974, 42363.98
230977, 43699.78
230979, 43699.78
230981, 43789.51
230983, 42370.92
230985, 42490.72
230987, 42374.62
230989, 42493.95
230991, 42377.86
230993, 42497.19
230994, 42380.63
230997, 43699.78
230999, 43803.39
231001, 43699.78
231003, 42387.11
231005, 42388.50
231007, 42509.68
231009, 42510.60
231012, 43699.78
231016, 43699.78
231018, 43699.78
231020, 43699.78
231024, 43699.78
231026, 43699.78
231028, 42515.69
231030, 42520.32
231032, 42522.17
231034, 42522.17
231036, 43699.78
231038, 43699.78
231040, 43699.78
231042, 43703.02
231043, 42523.09
231045, 42523.56
231047, 43699.78
231049, 42527.72
231051, 42529.57
231053, 43699.78
231055, 43699.78
231057, 43936.60
231059, 43937.06
231060, 44410.23
231062, 45594.32
231064, 45845.48
231066, 44436.13
231068, 44436.13
231070, 44434.75
231072, 44431.97
231073, 43484.70
231075, 43482.85
231077, 43481.00
231079, 43480.08
231081, 44425.03
231083, 44417.17
231085, 44423.18
231087, 43473.14
231089, 44419.95
231091, 43470.83
231093, 44413.01
231095, 43462.96
231097, 43699.78
231099, 43699.78
231101, 42396.36
231103, 41567.03
231105, 41565.65
231107, 42510.60
231109, 42390.81
231111, 41561.02
231113, 41559.63
231115, 41558.25
231117, 42502.74
231119, 42383.87
231121, 43699.78
231123, 42380.63
231124, 42380.17
231126, 41548.53
231128, 41547.61
231130, 41546.68
231132, 42491.64
231134, 42490.72
231135, 42489.33
231137, 43699.78
231139, 43699.78
231141, 42351.49
231143, 42483.78
231145, 42482.39
231147, 42361.21
231148, 43699.78
231150, 42341.32
231152, 42475.45
231154, 43699.78
231156, 42338.08
231158, 43699.78
231160, 42345.02
231161, 42468.98
231163, 41520.32
231165, 42466.66
231167, 42463.89
231169, 43699.78
231171, 43699.78
231173, 43758.98
231175, 42339.00
231177, 42456.49
231178, 43699.78
231180, 42307.55
231182, 41505.52
231184, 42452.79
231186, 42450.94
231188, 42448.16
231190, 41500.43
231192, 41498.12
231194, 42296.91
231196, 41495.80
231199, 42441.22
231200, 41493.03
231202, 41490.72
231204, 42437.06
231206, 42435.21
231208, 42433.82
231210, 41485.17
231212, 41483.78
231214, 42430.12
231215, 41481.00
231217, 41479.15
231219, 41478.23
231221, 41476.38
231224, 41475.91
231226, 42421.34
231228, 42419.02
231230, 41471.29
231232, 41469.44
231234, 41468.05
231235, 41466.66
231237, 42403.76
231240, 42403.30
231242, 42408.38
231244, 42400.06
231246, 42405.61
231248, 42400.06
231251, 43699.78
231253, 42280.26
231255, 42278.87
231257, 41805.24
231259, 41863.52
231261, 41805.24
231263, 41805.24
231265, 41444.46
231267, 42330.22
231269, 41440.76
231272, 41439.37
231274, 41437.52
231276, 41436.14
231278, 41805.24
231280, 41433.82
231282, 41431.51
231284, 41430.59
231286, 41429.20
231288, 41427.35
231291, 41425.96
231293, 42369.07
231295, 41421.34
231297, 42368.14
231298, 42352.42
231300, 41418.56
231302, 41416.71
231304, 42287.20
231306, 42286.74
231308, 42282.11
231310, 43699.78
231313, 42280.26
231315, 42294.60
231317, 43699.78
231319, 42285.81
231320, 42284.42
231322, 43699.78
231324, 42279.80
231326, 43699.78
231328, 43699.78
231330, 43699.78
231332, 43699.78
231334, 43700.24
231336, 43699.78
231338, 42308.01
231340, 41389.88
231342, 41388.50
231344, 41387.57
231346, 41385.72
231348, 41383.41
231350, 41382.95
231352, 41805.24
231354, 41379.71
231356, 41378.78
231357, 41377.40
231359, 41376.47
231361, 41375.08
231363, 41372.77
231365, 41372.31
231367, 41370.92
231369, 41369.07
231370, 41368.14
231372, 41366.29
231374, 41365.37
231376, 41364.44
231378, 41362.13
231380, 41361.21
231381, 42293.21
231383, 41358.43
231385, 41357.97
231387, 41355.66
231389, 41355.66
231391, 41353.34
231393, 41351.49
231395, 41351.03
231396, 41349.64
231398, 41347.33
231400, 41346.41
231402, 42285.35
231404, 42283.50
231406, 42282.57
231407, 42279.34
231409, 41332.07
231411, 41805.24
231413, 41805.24
231415, 41805.24
231416, 41805.24
231418, 41805.24
231420, 41805.24
231422, 41922.72
231424, 41329.75
231426, 41330.22
231428, 41329.75
231429, 41325.59
231431, 41805.24
231433, 41322.35
231435, 41321.43
231437, 41320.04
231439, 41318.19
231440, 41318.19
231442, 41315.88
231444, 41314.95
231446, 41313.57
231448, 41310.79
231450, 41310.79
231452, 41309.87
231454, 41307.55
231455, 41306.63
231457, 41304.78
231459, 41304.31
231461, 41302.46
231463, 41300.15
231465, 41300.15
231467, 41298.30
231468, 41296.45
231470, 41296.45
231472, 41293.68
231474, 41292.75
231476, 41291.36
231478, 41289.05
231480, 41288.59
231482, 41287.20
231484, 41285.35
231486, 41284.43
231488, 41282.11
231490, 41281.65
231491, 41280.26
231493, 41277.95
231495, 41277.49
231497, 41276.56
231499, 41274.25
231501, 42220.13
231503, 41270.55
231505, 41270.09
231507, 41268.70
231509, 41266.85
231511, 41265.00
231513, 41262.69
231516, 41262.69
231518, 41260.37
231520, 41259.45
231522, 41257.14
231524, 41255.29
231527, 41253.90
231530, 41251.59
231532, 41250.20
231534, 41247.42
231536, 42194.69
231538, 42191.92
231540, 41953.25
231542, 41805.24
231545, 41935.67
231547, 42186.37
231550, 41946.77
231552, 41944.92
231554, 41232.62
231556, 42178.97
231559, 41805.24
231562, 41930.12
231565, 41223.83
231568, 42169.25
231570, 41805.24
231573, 41805.24
231576, 41923.65
231578, 41213.20
231582, 41863.98
231584, 41209.50
231586, 41208.57
231589, 41805.24
231592, 41805.24
231594, 41201.17
231597, 41200.71
231599, 41805.24
231601, 41805.24
231603, 41194.69
231606, 42140.58
231608, 41190.07
231612, 41188.68
231614, 41185.91
231615, 41185.91
231618, 41183.59
231620, 41181.28
231622, 41180.36
231625, 41178.04
231629, 41174.34
231630, 42121.15
231634, 41170.64
231636, 41805.24
231638, 41810.33
231642, 41875.54
231645, 41872.77
231647, 42104.50
231649, 41158.62
231651, 41805.24
231653, 41805.24
231655, 41805.24
231656, 41834.38
231660, 42067.50
231662, 41149.37
231664, 41146.13
231667, 41144.74
231669, 41142.43
231672, 41851.49
231675, 41818.65
231677, 41136.88
231679, 41134.56
231681, 41133.18
231683, 41130.86
231686, 41129.94
231688, 41806.63
231690, 41126.24
231692, 41805.24
231695, 41817.27
231698, 41829.75
231700, 41117.91
231702, 42063.80
231705, 42045.29
231707, 41111.90
231709, 41805.24
231712, 41812.18
231714, 41105.89
231716, 41808.48
231718, 41103.11
231721, 41808.01
231723, 41805.70
231725, 41805.24
231727, 41805.24
231730, 41922.26
231731, 41805.24
231733, 41805.24
231736, 41093.86
231738, 41086.46
231740, 41805.24
231743, 41082.76
231746, 41080.45
231749, 41077.67
231751, 41077.21
231753, 41074.90
231754, 41073.05
231756, 41072.59
231758, 41070.27
231760, 41068.88
231762, 41068.42
231764, 41065.18
231766, 41893.12
231768, 41061.95
231770, 41805.24
231772, 41060.10
231775, 41056.86
231777, 41055.93
231780, 41052.70
231783, 41998.12
231785, 41048.53
231788, 41876.01
231789, 41044.37
231791, 41044.37
231793, 41042.06
231796, 41040.21
231799, 41864.91
231800, 41864.44
231803, 41834.38
231806, 41805.24
231807, 41805.24
231810, 41028.18
231813, 41972.68
231815, 41024.48
231817, 41022.63
231820, 41019.86
231822, 41805.24
231824, 41017.08
231827, 41015.69
231829, 41012.46
231831, 41011.53
231833, 41009.22
231835, 41008.29
231838, 41805.24
231840, 41818.19
231843, 41815.88
231846, 40999.97
231848, 41805.24
231850, 41805.24
231852, 40994.88
231855, 41805.24
231858, 41811.71
231860, 40986.55
231862, 40987.48
231865, 41805.24
231867, 41808.48
231869, 40980.54
231871, 40977.77
231873, 41805.24
231874, 41805.24
231877, 41805.24
231878, 41805.24
231882, 40971.29
231883, 40969.44
231885, 40967.59
231888, 40966.66
231891, 40963.89
231893, 41805.24
231896, 41805.24
231898, 40957.88
231900, 41805.24
231903, 40954.64
231906, 40947.24
231908, 41805.24
231911, 41834.84
231914, 41818.65
231916, 41805.24
231918, 41805.24
231920, 40940.76
231922, 40939.84
231925, 40935.67
231928, 41822.82
231930, 41820.50
231933, 41805.24
231935, 40928.27
231938, 40867.68
231941, 41805.24
231944, 41805.24
231946, 41805.24
231948, 40919.49
231950, 41805.24
231952, 41805.24
231956, 41805.24
231959, 41805.24
231961, 41805.24
231963, 41805.24
231966, 41805.24
231968, 41805.24
231971, 41805.24
231973, 40899.60
231976, 40897.28
231978, 40895.90
231980, 40863.98
231982, 40893.12
231984, 41805.70
231986, 40858.43
231987, 40858.43
231989, 41819.58
231992, 40870.92
231994, 40869.53
231995, 40867.22
231997, 41805.24
232000, 40863.52
232001, 41805.24
232003, 40857.97
232005, 41805.24
232007, 41805.70
232009, 40864.44
232011, 41805.24
232013, 40862.13
232015, 41805.24
232017, 41805.70
232020, 41805.24
232022, 41805.24
232025, 41805.24
232027, 41805.24
232029, 41805.24
232031, 40857.51
232033, 41805.24
232035, 41805.24
232037, 41805.24
232040, 41805.24
232044, 41805.24
232046, 41805.24
232049, 41805.24
232051, 41805.24
232053, 41805.24
232056, 42257.60
232058, 42730.77
232060, 42742.33
232063, 42726.61
232066, 44143.81
232068, 44143.81
232071, 43699.78
232073, 42721.06
232076, 43699.78
232078, 43699.78
232081, 43699.78
232083, 43699.78
232086, 42745.11
232089, 42707.18
232091, 44125.77
232093, 44598.48
232095, 44595.71
232097, 46016.15
232099, 46014.76
232101, 46486.55
232103, 47906.07
232105, 48378.31
232107, 49383.40
232110, 48373.69
232113, 48372.30
232115, 48369.99
232117, 48369.53
232120, 49786.73
232122, 49756.67
232125, 49783.49
232127, 49782.11
232130, 49780.26
232132, 49778.41
232134, 49777.48
232137, 49771.01
232140, 49738.63
232142, 49769.62
232145, 49383.40
232148, 49397.28
232150, 49764.07
232152, 49763.14
232154, 49762.22
232157, 49759.44
232159, 49758.52
232162, 49755.74
232166, 49745.57
232168, 48331.14
232169, 49750.65
232172, 49748.34
232174, 49383.40
232176, 49741.87
232179, 49383.40
232182, 49383.40
232184, 49383.40
232186, 49440.76
232188, 49678.04
232190, 48314.02
232191, 48312.17
232194, 48311.25
232196, 49729.38
232199, 49669.71
232200, 49726.14
232202, 49725.68
232204, 49664.62
232206, 49662.77
232208, 49661.85
232210, 49719.66
232212, 50191.45
232214, 51277.94
232216, 51544.82
232219, 51277.94
232221, 51544.82
232223, 51544.36
232226, 51527.25
232229, 51540.66
232232, 51522.16
232233, 51277.94
232235, 51515.22
232237, 51514.76
232239, 51515.68
232242, 51514.76
232244, 51520.77
232247, 51518.92
232250, 51277.94
232252, 51277.94
232254, 51279.79
232257, 51514.76
232260, 51277.94
232263, 51542.97
232265, 51541.59
232267, 51569.80
232270, 51538.35
232273, 51565.64
232275, 52037.42
232278, 53456.48
232280, 53454.17
232282, 53423.18
232284, 53451.39
232286, 53923.64
232289, 55067.02
232291, 55306.62
232294, 55334.83
232296, 55807.54
232298, 57227.98
232300, 57198.38
232302, 57211.80
232303, 57210.87
232305, 57209.02
232307, 56961.56
232309, 56961.56
232311, 57199.77
232313, 56961.56
232315, 57199.31
232317, 57198.84
232319, 56961.56
232321, 56961.56
232324, 56962.03
232327, 57198.38
232329, 57199.77
232331, 56961.56
232333, 56961.56
232335, 56961.56
232337, 56961.56
232339, 56961.56
232340, 56972.66
232342, 57076.74
232344, 57075.35
232346, 55770.54
232348, 57072.11
232350, 55767.76
232352, 55766.38
232355, 57065.17
232358, 57064.25
232360, 57062.40
232363, 57060.55
232365, 57058.23
232367, 57174.79
232371, 56961.56
232374, 57050.83
232376, 56961.56
232379, 56961.56
232382, 55742.79
232384, 55741.40
232387, 57041.12
232389, 57040.19
232391, 55734.92
232393, 55734.46
232396, 55730.76
232398, 55730.30
232400, 55728.91
232402, 55727.06
232405, 55725.21
232407, 55723.36
232409, 55722.90
232410, 55720.58
232412, 55719.66
232415, 56961.56
232416, 55715.03
232419, 55715.03
232421, 55712.72
232423, 55711.33
232426, 57129.93
232428, 57601.25
232430, 57600.79
232432, 59018.92
232434, 58863.04
232436, 57594.77
232438, 58896.35
232442, 59011.05
232444, 59483.76
232447, 59480.99
232449, 60751.57
232451, 60750.65
232454, 60764.52
232457, 60761.28
232459, 59472.66
232461, 59469.89
232465, 60750.65
232466, 60752.03
232469, 60750.65
232470, 60750.65
232474, 60757.12
232476, 60754.35
232478, 60750.65
232481, 60753.88
232483, 60752.50
232486, 60750.65
232487, 60750.65
232489, 60750.65
232492, 60808.92
232494, 61281.63
232497, 62699.76
232499, 62699.30
232501, 62696.53
232503, 62696.06
232505, 62694.68
232508, 63166.00
232511, 63163.69
232513, 64575.34
232516, 64581.35
232518, 64579.50
232519, 64578.58
232522, 64635.47
232524, 65108.18
232526, 65106.33
232528, 65104.94
232530, 65103.56
232532, 65101.24
232534, 66434.27
232536, 65100.32
232539, 65096.62
232542, 65093.84
232544, 65093.38
232548, 66434.73
232550, 66434.73
232552, 66441.20
232554, 66440.74
232557, 66435.19
232560, 66434.27
232563, 66434.27
232565, 66436.12
232567, 66434.27
232570, 66434.27
232573, 66463.41
232576, 66461.09
232579, 66932.88
232581, 66960.63
232583, 66959.24
232586, 68348.23
232589, 68346.85
232591, 66953.23
232595, 68335.28
232597, 66949.07
232599, 68369.05
232603, 68336.21
232605, 68331.12
232609, 66941.67
232612, 66938.43
232614, 68328.81
232616, 68341.76
232618, 68328.81
232620, 68337.60
232622, 68336.21
232625, 68332.05
232627, 66927.32
232629, 68328.81
232631, 68328.81
232633, 68328.81
232635, 68335.28
232637, 68807.06
232639, 70227.05
232641, 70223.35
232643, 70223.35
232645, 70223.35
232648, 70223.35
232650, 70223.35
232652, 70223.35
232654, 70282.09
232657, 70457.39
232660, 70693.75
232662, 70691.44
232664, 70690.50
232666, 70223.35
232669, 70686.80
232672, 70683.57
232674, 70683.10
232677, 70680.79
232678, 70679.40
232680, 70678.49
232682, 70676.17
232685, 70674.79
232688, 70435.19
232690, 70433.80
232692, 70668.77
232695, 70667.84
232698, 70427.78
232700, 70663.68
232702, 70425.02
232705, 70423.63
232708, 70420.85
232711, 70419.00
232713, 70653.50
232715, 70223.35
232717, 70406.05
232720, 70405.12
232723, 70223.35
232726, 70404.20
232727, 70642.87
232729, 70641.94
232731, 70223.35
232733, 70223.35
232735, 70223.35
232737, 70369.51
232739, 70368.58
232741, 70396.80
232743, 70630.84
232746, 70628.99
232748, 70627.60
232751, 70389.40
232753, 70623.44
232756, 70356.10
232758, 70619.74
232762, 70380.61
232764, 70223.35
232766, 70344.53
232769, 70223.35
232772, 70342.22
232774, 70370.90
232777, 70605.40
232780, 70367.20
232782, 70601.70
232784, 70363.96
232787, 70342.68
232789, 70342.68
232792, 70356.56
232795, 70347.31
232797, 70352.86
232799, 70344.07
232802, 70344.99
232804, 70344.53
232808, 70223.35
232811, 70342.22
232813, 70281.16
232815, 70280.24
232818, 70573.49
232820, 70572.56
232822, 70570.25
232824, 70568.86
232827, 70567.01
232829, 70565.16
232831, 70563.78
232833, 70264.51
232835, 70264.51
232837, 70262.20
232840, 70223.35
232843, 70252.95
232845, 70253.87
232848, 70237.69
232850, 70548.04
232852, 70546.19
232854, 70544.81
232856, 70543.88
232858, 70223.35
232861, 70539.73
232864, 70240.00
232866, 70240.00
232868, 70228.44
232871, 70227.97
232873, 70223.35
232877, 70223.35
232880, 70223.81
232882, 70223.35
232884, 70223.35
232887, 70236.76
232889, 70249.71
232892, 70246.94
232895, 70245.55
232898, 70238.15
232899, 70239.54
232901, 70240.00
232903, 70237.22
232907, 70228.44
232909, 70499.48
232911, 70223.35
232913, 70225.20
232915, 70223.81
232918, 70223.81
232920, 70223.81
232923, 70235.37
232925, 70223.35
232928, 70231.21
232930, 70223.35
232932, 70223.81
232934, 70223.35
232937, 70223.35
232940, 70223.35
232943, 70224.74
232946, 70223.35
232948, 70223.35
232950, 70223.35
232952, 70223.35
232954, 70223.35
232956, 70223.35
232958, 70236.76
232961, 70338.06
232963, 70335.74
232965, 70334.36
232967, 70269.14
232969, 70330.19
232972, 70327.88
232974, 70326.03
232977, 70323.26
232979, 70321.87
232981, 70320.48
232985, 70313.54
232988, 70314.01
232990, 70312.16
232993, 70294.57
232995, 70308.46
232997, 70307.07
232999, 70423.63
233002, 70287.64
233004, 70419.00
233008, 70416.22
233010, 70414.83
233012, 70413.45
233014, 70410.22
233017, 70282.56
233020, 70283.94
233022, 70286.72
233025, 70282.56
233027, 70223.35
233029, 70223.35
233031, 70223.35
233033, 70223.35
233035, 70223.35
233037, 70392.63
233040, 70223.35
233042, 70388.01
233045, 70223.35
233047, 70382.92
233050, 70381.07
233052, 70260.81
233056, 70258.50
233058, 70255.72
233060, 70254.34
233062, 70223.35
233064, 70223.35
233066, 70367.66
233068, 70365.35
233071, 70363.96
233073, 70242.77
233076, 70225.66
233079, 70229.36
233081, 70228.90
233083, 70226.59
233086, 70223.81
233088, 70225.66
233090, 70228.44
233093, 70342.22
233096, 70223.35
233098, 70280.71
233101, 70279.31
233103, 70336.21
233105, 70334.36
233107, 70274.22
233109, 70331.12
233111, 70270.06
233114, 70267.29
233116, 70325.57
233118, 70323.26
233120, 70322.33
233122, 70320.48
233124, 70318.17
233126, 70317.71
233128, 70315.39
233130, 70254.80
233132, 70252.95
233134, 70235.37
233137, 70232.14
233140, 70230.75
233142, 70223.35
233145, 70223.35
233147, 70223.35
233149, 70230.29
233153, 70227.51
233156, 70223.35
233158, 70223.35
233161, 70225.20
233163, 70223.35
233165, 70223.35
233167, 70223.35
233169, 70229.36
233171, 70251.10
233173, 70223.35
233175, 70277.01
233178, 70223.35
233180, 70273.31
233182, 70271.91
233184, 70239.54
233186, 70239.07
233188, 70223.35
233191, 70264.51
233194, 70223.35
233196, 70223.35
233198, 70226.12
233201, 70223.35
233203, 70223.35
233205, 70223.35
233208, 70229.36
233210, 70223.35
233213, 70223.35
233215, 70226.12
233217, 70226.12
233218, 70223.35
233221, 70223.81
233224, 70223.35
233226, 70223.35
233228, 70223.35
233230, 70223.35
233232, 70223.81
233234, 70223.35
233238, 70223.35
233241, 70223.35
233243, 70223.35
233245, 70280.24
233247, 69272.84
233249, 70223.35
233251, 70223.35
233253, 70223.35
233255, 70223.35
233257, 70223.35
233259, 70223.35
233261, 70223.35
233263, 70223.35
233265, 70223.35
233268, 70223.35
233271, 70223.35
233273, 70223.35
233276, 70223.35
233279, 70223.35
233281, 70223.35
233282, 70223.35
233284, 70223.35
233286, 70223.35
233288, 70223.35
233291, 70223.35
233294, 70223.35
233297, 70223.35
233299, 70186.35
233301, 70223.35
233303, 70223.35
233306, 70223.35
233309, 70204.85
233311, 70169.23
233313, 70167.85
233315, 70165.53
233317, 70165.06
233320, 70161.36
233322, 70223.35
233324, 70223.35
233326, 70223.35
233328, 70223.35
233330, 70223.35
233332, 70223.35
233334, 70223.35
233336, 70157.21
233339, 70223.35
233342, 70223.35
233343, 70223.35
233345, 70223.35
233347, 70223.35
233349, 70223.35
233352, 70136.40
233355, 70223.35
233358, 70223.35
233360, 70223.35
233363, 70223.35
233365, 70223.35
233368, 69176.63
233371, 70223.35
233374, 70223.35
233376, 70223.35
233379, 70178.02
233381, 70112.80
233383, 70111.41
233386, 70223.35
233388, 70166.92
233391, 70104.94
233392, 70223.35
233394, 70223.35
233396, 70223.35
233398, 70223.35
233400, 70223.35
233402, 70223.35
233404, 70103.09
233406, 70092.91
233409, 70098.00
233411, 70223.35
233413, 70223.35
233415, 70223.35
233417, 70084.13
233419, 70082.28
233421, 70223.35
233424, 70223.35
233426, 70223.35
233429, 70223.35
233432, 70223.35
233434, 70223.35
233436, 70223.35
233438, 70223.35
233441, 70223.35
233443, 70223.35
233446, 70223.35
233448, 70223.35
233450, 70223.35
233452, 70054.99
233454, 70223.35
233457, 70223.35
233460, 70195.13
233463, 70993.93
233465, 72117.89
233466, 72117.89
233470, 71934.26
233472, 71933.34
233473, 71931.95
233476, 71929.64
233479, 72843.60
233481, 72835.28
233483, 72834.35
233485, 74012.43
233487, 72867.20
233490, 72863.96
233494, 71910.68
233496, 72828.80
233498, 74012.43
233500, 74012.43
233502, 74012.43
233504, 72837.13
233506, 71904.19
233508, 72835.75
233510, 72828.34
233512, 74012.43
233514, 74012.43
233516, 74012.43
233518, 74012.43
233520, 72829.73
233523, 74012.43
233526, 72831.11
233529, 72828.34
233531, 72828.34
233533, 72828.80
233536, 72826.49
233539, 72823.71
233541, 71875.06
233545, 72117.89
233547, 71878.29
233549, 72117.89
233551, 71873.67
233554, 72117.89
233556, 72117.89
233558, 72117.89
233561, 72117.89
233563, 72117.89
233565, 71871.82
233568, 71853.32
233571, 72117.89
233573, 72117.89
233576, 72117.89
233579, 71844.99
233581, 71842.22
233583, 71842.22
233586, 71838.52
233588, 71838.52
233591, 71834.82
233594, 71832.97
233596, 71830.65
233598, 71830.19
233601, 71826.95
233603, 71825.57
233606, 71823.25
233609, 72117.89
233611, 72117.89
233613, 71820.02
233615, 71814.93
233617, 71818.63
233619, 72117.89
233621, 71811.23
233624, 71809.84
233626, 72117.89
233628, 72117.89
233630, 72117.89
233632, 71802.44
233634, 71801.05
233637, 71798.74
233640, 71796.43
233642, 71795.97
233644, 72740.00
233646, 74012.43
233648, 74012.43
233651, 74012.43
233654, 74012.43
233656, 74012.43
233659, 74012.43
233662, 73673.86
233664, 73672.93
233667, 74609.56
233670, 74607.71
233672, 73665.07
233675, 73664.14
233677, 73662.29
233678, 73661.37
233680, 73659.06
233684, 74604.94
233686, 74601.69
233688, 75906.97
233691, 75906.97
233693, 75906.97
233695, 75906.97
233697, 75541.56
233700, 75539.25
233702, 75537.40
233706, 75534.16
233708, 75535.10
233710, 75906.97
233713, 75548.05
233715, 75906.97
233717, 75779.31
233719, 75906.97
233721, 75522.14
233724, 75906.97
233726, 75906.97
233727, 75906.97
233729, 75906.97
233731, 75906.97
233733, 75906.97
233737, 75510.58
233739, 75509.65
233741, 75906.97
233744, 75505.95
233746, 75906.97
233748, 75906.97
233752, 75499.01
233754, 75498.09
233758, 75495.78
233761, 75906.97
233763, 74514.74
233765, 73595.69
233768, 73593.37
233770, 73591.06
233772, 74507.34
233774, 73589.21
233776, 73586.44
233778, 73585.51
233780, 73583.20
233782, 74492.54
233784, 74491.62
233786, 74489.30
233790, 75906.97
233793, 74488.84
233795, 74486.07
233797, 74012.43
233800, 74012.43
233802, 72605.40
233805, 72603.55
233808, 72602.16
233810, 71652.58
233812, 72117.89
233814, 72117.89
233817, 71662.29
233819, 71661.83
233822, 72598.46
233824, 71649.81
233826, 72117.89
233829, 72117.89
233831, 72591.53
233833, 72117.89
233835, 72117.89
233836, 70697.45
233838, 70698.37
233841, 72117.89
233844, 72353.78
233846, 71641.02
233848, 71639.62
233850, 71639.17
233852, 72117.89
233855, 71635.47
233857, 71632.22
233860, 71631.31
233862, 71629.46
233864, 72339.44
233866, 71626.67
233868, 71625.76
233870, 71623.91
233873, 72569.33
233876, 72329.27
233878, 71617.89
233880, 71616.51
233883, 71614.65
233886, 72307.99
233887, 71610.95
233891, 71609.10
233893, 71607.25
233895, 71605.86
233897, 71603.55
233901, 71601.70
233903, 71599.85
233906, 71597.54
233909, 72117.89
233911, 71593.84
233913, 72117.89
233915, 72117.89
233917, 71589.21
233919, 71588.29
233921, 71586.44
233923, 71585.05
233925, 71584.12
233927, 72117.89
233929, 72117.89
233931, 72117.89
233933, 72117.89
233935, 72117.89
233937, 71642.41
233939, 71573.02
233941, 71578.57
233944, 71569.79
233946, 71567.47
233948, 71566.55
233950, 71564.23
233954, 72117.89
233956, 71561.00
233959, 71559.15
233961, 71557.30
233963, 71555.45
233966, 72264.05
233969, 71550.82
233971, 71549.43
233974, 71547.58
233977, 71544.35
233979, 71543.88
233981, 71542.50
233983, 71540.18
233985, 71539.26
233987, 72117.89
233990, 71534.63
233993, 71532.78
233995, 71531.86
233997, 71529.55
234000, 72473.12
234002, 72117.89
234005, 72175.71
234008, 71521.22
234010, 71519.83
234012, 71517.06
234014, 71516.60
234017, 71513.82
234021, 71511.96
234024, 71509.20
234026, 71507.81
234028, 71505.96
234029, 71505.50
234032, 71502.71
234035, 71501.33
234038, 71497.63
234040, 71496.70
234042, 71493.93
234044, 71493.93
234046, 71492.08
234048, 71490.23
234050, 71489.76
234053, 71486.06
234055, 71484.68
234057, 72117.89
234060, 72117.89
234062, 72117.89
234065, 72117.89
234067, 71493.93
234070, 71491.15
234072, 71494.40
234074, 71496.25
234076, 71498.10
234079, 72210.40
234081, 72449.07
234084, 72155.81
234086, 71505.96
234089, 71508.73
234091, 72117.89
234093, 71512.90
234095, 71512.90
234097, 71515.67
234100, 71517.52
234102, 72117.89
234104, 72117.89
234107, 72117.89
234109, 72117.89
234112, 71587.82
234114, 71530.01
234117, 71532.32
234120, 71534.17
234122, 71536.95
234125, 71538.33
234128, 71542.50
234130, 72252.95
234132, 72492.54
234136, 72117.89
234137, 72117.89
234139, 72117.89
234141, 72117.89
234144, 71555.45
234146, 71555.91
234149, 72269.60
234152, 72272.37
234154, 71562.85
234156, 72117.89
234158, 72117.89
234160, 72117.89
234162, 72117.89
234164, 72117.89
234166, 71572.56
234168, 71575.34
234170, 72117.89
234174, 72117.89
234177, 72117.89
234179, 72117.89
234181, 72117.89
234184, 71586.90
234186, 71588.75
234189, 71591.06
234192, 71593.84
234194, 71594.76
234196, 71598.00
234199, 72117.89
234201, 72117.89
234203, 72117.89
234206, 71603.55
234209, 71606.32
234211, 71607.71
234213, 71610.49
234216, 71611.41
234217, 71613.72
234221, 71614.65
234223, 71619.27
234225, 71618.81
234228, 71622.06
234230, 71622.51
234232, 72334.82
234234, 71626.21
234237, 71628.52
234239, 71630.84
234243, 71633.62
234245, 71634.54
234247, 72117.89
234249, 72117.89
234253, 71643.79
234255, 72117.89
234258, 71646.11
234261, 71646.57
234263, 72117.89
234265, 70698.84
234267, 70696.99
234269, 70696.99
234271, 70698.37
234274, 69756.18
234277, 70223.35
234279, 70223.35
234281, 70696.99
234284, 70223.35
234286, 68810.76
234289, 68813.55
234292, 68815.40
234294, 68832.05
234296, 68802.91
234298, 70223.35
234300, 70696.99
234302, 70699.30
234304, 70705.31
234306, 69788.57
234308, 70701.15
234310, 70702.54
234312, 70710.40
234314, 69795.50
234316, 69796.43
234319, 70716.87
234322, 69800.59
234324, 69802.44
234326, 69803.83
234328, 69806.14
234330, 70754.34
234332, 72117.89
234335, 72591.53
234339, 72594.30
234341, 74012.43
234343, 74012.43
234345, 74012.43
234346, 72595.23
234349, 72598.46
234351, 74012.43
234354, 74012.43
234356, 74486.07
234358, 74551.28
234359, 73620.66
234361, 73621.59
234365, 74571.63
234368, 75906.97
234370, 75906.97
234373, 75906.97
234375, 74517.52
234377, 74522.60
234379, 74584.58
234381, 73637.31
234383, 73639.16
234385, 73641.01
234388, 73644.26
234392, 73646.11
234394, 73649.34
234396, 73649.81
234398, 73651.19
234400, 73653.51
234403, 73656.27
234405, 73657.67
234407, 73659.52
234409, 73661.82
234412, 73662.76
234415, 74612.79
234417, 73666.92
234420, 74617.43
234422, 73671.08
234424, 73674.78
234426, 73675.24
234428, 73678.02
234430, 73678.94
234433, 74629.91
234437, 73684.96
234439, 73687.27
234441, 73688.66
234444, 74012.43
234446, 74012.43
234449, 74012.43
234452, 72592.91
234454, 71805.68
234457, 71807.99
234460, 72758.04
234462, 72758.96
234464, 71814.93
234467, 71816.32
234469, 71819.09
234471, 71820.48
234474, 71823.72
234477, 72771.45
234478, 72774.69
234482, 74012.43
234484, 72653.97
234486, 71833.43
234488, 71835.28
234490, 71837.13
234492, 71837.59
234494, 72670.62
234496, 71842.22
234498, 71844.99
234500, 71846.38
234504, 71850.08
234506, 72117.89
234508, 71853.32
234510, 71854.71
234512, 71857.02
234515, 72806.14
234517, 72807.99
234520, 72693.28
234522, 71865.34
234524, 71867.66
234527, 71869.04
234529, 71872.74
234531, 71873.21
234533, 71874.59
234536, 71877.83
234539, 72117.89
234542, 71882.46
234544, 71885.69
234546, 72830.20
234549, 74012.43
234552, 72829.73
234554, 71894.48
234557, 71895.41
234560, 71900.03
234562, 71900.96
234564, 71903.74
234567, 71905.59
234569, 72117.89
234572, 72117.89
234575, 71913.44
234577, 72117.89
234579, 72117.89
234582, 72355.17
234585, 70974.97
234588, 70030.00
234591, 70032.79
234593, 70035.56
234595, 70036.49
234597, 70223.35
234599, 70223.35
234601, 70042.04
234603, 70223.35
234606, 70223.35
234608, 69098.93
234610, 69103.09
234612, 69104.02
234614, 69107.25
234616, 68160.45
234618, 68162.76
234620, 68165.07
234622, 68166.00
234624, 68168.77
234626, 68169.23
234628, 68328.81
234630, 68173.86
234632, 68174.78
234635, 68178.02
234637, 68328.81
234639, 68328.81
234641, 68328.81
234643, 68328.81
234645, 68328.81
234647, 68328.81
234649, 68328.81
234652, 68328.81
234655, 68328.81
234658, 68328.81
234660, 68328.81
234662, 68328.81
234665, 68328.81
234668, 68328.81
234670, 68328.81
234673, 68328.81
234675, 68328.81
234677, 68328.81
234679, 68328.81
234681, 68328.81
234683, 68328.81
234685, 68328.81
234687, 68328.81
234688, 68328.81
234691, 68328.81
234692, 68328.81
234694, 68328.81
234696, 68328.81
234698, 68328.81
234700, 68328.81
234703, 68328.81
234706, 68328.81
234708, 68328.81
234711, 68244.62
234713, 68328.81
234715, 68249.26
234718, 68252.96
234721, 68328.81
234724, 68328.81
234726, 68258.51
234728, 68328.81
234730, 68325.11
234734, 68328.81
234737, 68328.81
234739, 68299.67
234741, 68301.06
234743, 68301.98
234745, 68275.62
234747, 68276.07
234750, 68280.24
234753, 68328.81
234755, 68328.81
234757, 68321.87
234759, 68286.72
234761, 68289.03
234763, 68289.96
234765, 68293.19
234768, 68294.58
234770, 68328.81
234772, 68328.81
234775, 68316.32
234777, 68316.78
234780, 68328.81
234783, 68328.81
234785, 68328.81
234788, 68328.81
234791, 68328.81
234793, 68328.81
234795, 68328.81
234797, 68328.81
234799, 68328.81
234801, 68328.81
234804, 68328.81
234806, 68328.81
234808, 68328.81
234810, 68329.73
234812, 68328.81
234814, 68328.81
234816, 68328.81
234818, 68328.81
234820, 68328.81
234821, 68332.51
234823, 68334.36
234825, 68328.81
234827, 68328.81
234829, 68328.81
234831, 68328.81
234833, 68331.58
234836, 68337.13
234838, 68340.37
234841, 68342.68
234843, 68358.41
234845, 68330.20
234848, 68328.81
234850, 68328.81
234852, 68329.73
234855, 68333.43
234859, 68342.68
234860, 68375.06
234864, 68346.38
234866, 68379.22
234868, 68328.81
234871, 68328.81
234873, 68328.81
234875, 68328.81
234877, 68388.47
234880, 68391.72
234882, 68391.72
234884, 68335.28
234887, 68396.80
234889, 68399.12
234892, 68334.36
234894, 68328.81
234896, 68331.12
234898, 68406.05
234901, 68350.08
234904, 68411.60
234907, 68413.45
234909, 68416.23
234911, 68418.54
234913, 68360.26
234915, 68363.03
234917, 68423.17
234919, 68425.48
234921, 68328.81
234924, 68328.81
234927, 68328.81
234929, 68328.81
234931, 68328.81
234934, 68437.97
234936, 68440.28
234938, 68328.81
234942, 68444.90
234944, 68328.81
234946, 68449.53
234949, 68448.60
234952, 68331.12
234954, 68456.00
234957, 68332.05
234959, 68334.36
234961, 68328.81
234963, 68328.81
234966, 68328.81
234968, 68330.66
234971, 68338.06
234974, 68339.91
234976, 68341.76
234978, 68328.81
234980, 68479.59
234982, 68362.11
234985, 68482.83
234988, 68328.81
234990, 68370.43
234992, 68328.81
234994, 68328.81
234997, 68328.81
234999, 68328.81
235002, 68328.81
235005, 68328.81
235008, 68328.81
235010, 68328.81
235012, 68328.81
235014, 68508.27
235016, 68389.40
235019, 68328.81
235022, 68328.81
235024, 68517.53
235026, 68328.81
235028, 68328.81
235030, 68328.81
235032, 68524.93
235034, 68407.90
235036, 68411.60
235038, 68530.48
235040, 68414.84
235042, 68328.81
235044, 68536.03
235046, 68420.39
235049, 68421.32
235052, 68543.43
235054, 68328.81
235056, 68328.81
235059, 68328.81
235061, 68328.81
235064, 68328.81
235067, 68328.81
235069, 68328.81
235071, 68328.81
235074, 68328.81
235077, 68565.63
235079, 68329.27
235082, 68328.81
235084, 68331.12
235087, 68330.20
235090, 68570.71
235092, 68328.81
235094, 68580.89
235096, 68584.13
235099, 68585.05
235102, 68588.29
235104, 68328.81
235106, 68328.81
235109, 68593.38
235111, 68596.61
235113, 68598.00
235115, 68599.85
235118, 68328.81
235120, 68604.48
235122, 68328.81
235125, 68328.81
235127, 68328.81
235129, 68328.81
235132, 68614.65
235135, 68328.81
235137, 68328.81
235139, 68328.81
235141, 68328.81
235143, 68328.81
235144, 68328.81
235147, 68628.07
235150, 68629.92
235152, 68632.69
235154, 68328.81
235157, 68328.81
235159, 68328.81
235161, 68328.81
235164, 68328.81
235167, 68645.18
235168, 68328.81
235171, 68328.81
235173, 68328.81
235175, 68328.81
235176, 68328.81
235179, 68669.70
235181, 68658.59
235183, 68659.05
235186, 68662.29
235189, 68328.81
235191, 68328.81
235193, 68328.81
235196, 68328.81
235198, 68328.81
235200, 68328.81
235203, 68328.81
235206, 68328.81
235208, 68328.81
235210, 68328.81
235212, 68743.70
235214, 68684.96
235216, 68686.81
235218, 68688.66
235220, 68690.97
235222, 68691.90
235225, 68693.29
235226, 68696.06
235228, 68696.99
235230, 68699.30
235234, 68701.15
235236, 68703.46
235238, 68328.81
235240, 68706.70
235242, 68709.01
235244, 68709.94
235246, 68712.25
235248, 68328.81
235250, 68328.81
235252, 68717.34
235254, 68328.81
235256, 68328.81
235258, 68721.50
235260, 68328.81
235262, 68328.81
235264, 68328.81
235266, 68328.81
235268, 68328.81
235271, 68466.64
235274, 68497.17
235276, 68469.88
235279, 68471.27
235282, 68474.51
235283, 68328.81
235286, 68508.27
235290, 68509.19
235292, 68328.81
235294, 68749.25
235295, 68751.10
235297, 68515.67
235301, 68511.04
235303, 68328.81
235306, 68759.89
235308, 68760.81
235310, 68762.20
235312, 68328.81
235313, 68769.14
235317, 68531.39
235319, 68328.81
235321, 68328.81
235323, 68787.65
235325, 68773.76
235327, 68539.73
235329, 68777.46
235330, 68328.81
235334, 68798.75
235336, 68782.55
235339, 68784.86
235341, 68787.65
235343, 68551.75
235345, 68789.95
235348, 68554.99
235350, 68328.81
235352, 68798.75
235354, 68328.81
235357, 68328.81
235359, 68328.81
235361, 68328.81
235363, 67145.18
235364, 66909.29
235366, 66907.91
235368, 66434.27
235370, 65015.67
235373, 66434.73
235375, 65015.67
235377, 65025.38
235379, 65018.92
235381, 65020.30
235383, 65030.02
235386, 66435.65
235389, 66436.12
235391, 66456.01
235393, 66916.69
235396, 66444.91
235398, 66434.27
235400, 65042.03
235403, 65043.43
235405, 65045.28
235407, 65048.05
235409, 65048.52
235412, 66434.27
235413, 66436.12
235416, 66434.27
235419, 66434.27
235421, 66434.27
235423, 66434.27
235425, 66434.27
235427, 65063.32
235430, 65063.78
235432, 65037.88
235435, 64565.17
235437, 63146.58
235439, 63147.96
235441, 64539.73
235444, 64539.73
235446, 63182.19
235449, 64542.50
235452, 64608.19
235455, 64609.57
235458, 64612.34
235460, 63191.90
235463, 63194.68
235466, 62722.90
235468, 62651.66
235470, 61305.22
235472, 61307.54
235474, 61308.46
235476, 61309.39
235477, 61237.69
235480, 60838.53
235483, 60841.76
235485, 59421.32
235488, 59424.56
235491, 59426.87
235493, 60750.65
235495, 60750.65
235498, 60787.19
235500, 60795.05
235502, 60798.29
235505, 60798.75
235507, 60801.52
235509, 60750.65
235511, 59441.67
235513, 60805.69
235515, 60750.65
235517, 60750.65
235518, 59448.61
235520, 59448.15
235522, 59452.31
235524, 59452.77
235526, 59453.70
235528, 59448.15
235529, 60750.65
235531, 60871.37
235533, 59459.71
235535, 59461.10
235537, 59462.95
235539, 60765.45
235540, 59465.26
235542, 59468.04
235544, 59468.50
235547, 58998.57
235551, 58856.10
235554, 57582.29
235556, 57583.21
235558, 58857.03
235560, 57586.45
235562, 57588.30
235564, 58856.10
235567, 57591.54
235570, 57594.31
235573, 58856.10
235575, 57598.01
235577, 57600.79
235579, 57601.71
235582, 57604.02
235583, 57605.87
235585, 57606.34
235587, 57609.11
235589, 57135.48
235591, 56988.85
235593, 56961.56
235595, 57140.56
235597, 55722.43
235600, 56961.56
235603, 55726.60
235606, 56961.56
235609, 56961.56
235611, 56961.56
235614, 55734.46
235617, 55264.53
235620, 55067.02
235623, 55067.02
235625, 53849.63
235627, 53852.41
235630, 53853.33
235633, 55067.02
235636, 55067.02
235638, 53861.20
235641, 55164.62
235643, 55067.02
235645, 55067.02
235648, 55067.02
235651, 55067.02
235653, 55067.02
235655, 55067.02
235658, 55067.02
235660, 55067.02
235662, 55067.02
235665, 55067.02
235667, 55067.02
235669, 55067.02
235671, 55067.02
235674, 55067.02
235676, 53890.80
235678, 53895.89
235680, 55067.02
235682, 53896.81
235684, 53898.20
235686, 53899.59
235689, 55067.02
235692, 55067.02
235694, 55067.02
235696, 55067.02
235699, 55067.02
235702, 55067.02
235705, 55067.02
235707, 55067.02
235709, 55067.02
235711, 53919.94
235713, 55067.02
235716, 55067.02
235719, 55067.02
235721, 55067.02
235723, 55067.02
235725, 55067.02
235728, 55067.02
235731, 55067.02
235734, 55067.02
235736, 55067.02
235738, 55067.02
235741, 55067.02
235743, 55067.02
235745, 55067.02
235749, 55067.02
235751, 55067.02
235752, 55067.02
235755, 55067.02
235757, 55067.02
235759, 55067.02
235762, 55067.02
235765, 53968.04
235767, 55067.02
235769, 55067.02
235772, 55067.02
235774, 55067.02
235776, 55067.02
235779, 55067.02
235781, 55067.02
235784, 55067.02
235787, 55067.02
235789, 55067.02
235791, 55067.02
235793, 55067.02
235795, 55067.02
235797, 55067.02
235799, 55067.02
235801, 55067.02
235803, 55067.02
235806, 55067.02
235808, 55067.02
235810, 54060.55
235812, 55067.02
235815, 54066.10
235817, 55067.02
235819, 55067.02
235821, 55067.02
235823, 55067.02
235825, 55067.02
235827, 55067.02
235830, 55067.02
235832, 55067.02
235835, 55067.02
235838, 55067.02
235841, 55067.02
235842, 55067.02
235845, 55067.02
235847, 55067.02
235850, 55067.02
235853, 55067.02
235856, 55067.02
235858, 55067.02
235861, 55067.02
235863, 55067.02
235865, 55067.02
235867, 55067.02
235870, 55067.02
235872, 55067.02
235874, 55067.02
235876, 55067.02
235878, 55067.02
235880, 55067.02
235881, 55067.02
235884, 55067.02
235888, 55067.02
235890, 55067.02
235892, 55067.02
235894, 55067.02
235896, 55067.02
235898, 55067.02
235900, 55067.02
235903, 55067.02
235905, 55067.02
235907, 55067.02
235909, 55067.02
235911, 55067.02
235914, 55067.02
235917, 55067.02
235919, 55067.02
235921, 55067.02
235924, 55067.02
235926, 55067.02
235928, 55067.02
235931, 55067.02
235934, 55067.02
235936, 55067.02
235939, 55067.02
235941, 55067.02
235943, 55067.02
235945, 55067.02
235948, 55067.02
235950, 55067.02
235953, 55067.02
235956, 55067.02
235958, 55067.02
235960, 54593.39
235964, 55068.41
235967, 54124.38
235969, 54127.15
235972, 54121.14
235974, 54131.32
235976, 55067.02
235979, 54134.55
235982, 55069.34
235985, 54139.18
235988, 54142.42
235990, 54143.80
235992, 55067.02
235995, 55067.02
235998, 54150.28
236002, 54151.67
236005, 55067.02
236007, 55067.02
236009, 54158.61
236011, 55067.02
236013, 55067.02
236014, 55067.02
236016, 55067.02
236019, 55067.02
236021, 54169.71
236023, 54169.71
236025, 54171.56
236027, 54172.48
236030, 55067.02
236033, 55067.02
236036, 54653.06
236038, 55067.02
236040, 55067.02
236042, 55067.02
236046, 54187.28
236049, 55067.02
236052, 55067.02
236054, 55067.02
236056, 55067.02
236058, 55067.02
236061, 55067.02
236064, 55067.02
236067, 55067.02
236069, 55067.02
236071, 55067.02
236073, 55067.02
236075, 55067.02
236077, 54702.55
236079, 55067.02
236081, 55067.02
236084, 55067.02
236085, 55067.02
236089, 54223.36
236091, 54224.29
236094, 54227.99
236096, 55067.02
236099, 55067.02
236101, 55067.02
236104, 55067.02
236106, 55067.02
236108, 54771.00
236111, 55186.36
236113, 54242.79
236116, 55067.02
236118, 55067.02
236120, 55067.02
236122, 55067.02
236124, 55067.02
236126, 55067.02
236128, 55067.02
236131, 55067.02
236133, 55067.02
236135, 55067.02
236138, 55067.02
236141, 55067.02
236143, 55067.02
236146, 54270.08
236148, 54272.39
236151, 54274.24
236154, 54277.01
236156, 54278.86
236157, 54279.33
236159, 54282.57
236162, 55112.35
236164, 55234.00
236166, 54287.19
236169, 54290.89
236173, 55067.02
236175, 55067.02
236177, 55067.02
236179, 55067.02
236181, 54300.14
236183, 55067.02
236185, 55067.02
236187, 54338.07
236189, 54306.62
236191, 55067.02
236193, 55067.02
236195, 55067.02
236197, 55067.02
236199, 55067.02
236201, 55067.02
236203, 55067.02
236205, 55067.02
236207, 55067.02
236208, 55067.02
236210, 55067.02
236212, 54815.40
236214, 54343.62
236216, 55067.02
236218, 55067.02
236220, 55067.02
236222, 55067.02
236223, 55067.02
236225, 55067.02
236227, 55067.02
236229, 54822.81
236231, 54351.95
236233, 55067.02
236235, 55067.02
236236, 55067.02
236238, 55067.02
236241, 55067.02
236243, 55067.02
236245, 55067.02
236246, 55067.02
236248, 55067.02
236250, 55067.02
236252, 55067.02
236254, 55067.02
236256, 55067.02
236258, 55067.02
236260, 54368.60
236262, 54369.52
236264, 55067.02
236265, 55067.02
236267, 55067.02
236269, 55067.02
236271, 55067.02
236273, 54378.77
236275, 54382.01
236277, 54382.47
236279, 54384.32
236281, 54387.10
236282, 54387.56
236285, 55338.07
236288, 54391.72
236289, 54394.50
236291, 54395.42
236293, 54396.81
236295, 54399.59
236297, 55067.02
236299, 55067.02
236301, 55067.02
236303, 55067.02
236305, 55067.02
236307, 54408.37
236309, 55067.02
236311, 55067.02
236312, 55067.02
236315, 55067.02
236317, 55067.02
236319, 55067.02
236321, 55067.02
236322, 55067.02
236324, 55067.02
236326, 55067.02
236328, 55067.02
236330, 55067.02
236332, 55067.02
236334, 55067.02
236335, 55067.02
236337, 55067.02
236339, 55067.02
236341, 55067.02
236343, 55067.02
236345, 55067.02
236348, 55067.02
236350, 55067.02
236353, 55067.02
236355, 55067.02
236357, 55067.02
236359, 55067.02
236362, 55067.02
236364, 55067.02
236366, 55067.02
236369, 55067.02
236371, 55067.02
236373, 55067.02
236375, 55067.02
236377, 55067.02
236379, 55067.02
236381, 55067.02
236384, 55067.02
236386, 55067.02
236388, 54536.03
236389, 54537.88
236391, 55067.02
236393, 55067.02
236395, 55067.02
236397, 55067.02
236399, 55067.02
236402, 55067.02
236404, 54558.24
236407, 55067.02
236409, 55067.02
236411, 55067.02
236413, 54560.09
236414, 55067.02
236418, 55067.02
236419, 55067.02
236422, 55067.02
236424, 55067.02
236425, 55067.02
236428, 55067.02
236431, 55067.02
236434, 55067.02
236435, 55067.02
236437, 55067.02
236440, 55067.02
236442, 55067.02
236445, 55067.02
236448, 55067.02
236450, 55067.02
236452, 55067.02
236454, 55067.02
236456, 55067.02
236458, 55067.02
236460, 55067.02
236463, 55067.02
236466, 55067.02
236467, 55067.02
236470, 55067.02
236472, 55067.02
236474, 55067.02
236476, 55067.02
236479, 55067.02
236481, 55067.02
236484, 55067.02
236487, 55067.02
236488, 55067.02
236490, 55067.02
236493, 55067.02
236495, 55067.02
236497, 55067.02
236499, 55067.02
236501, 55067.02
236503, 55067.02
236505, 55067.02
236507, 55067.02
236509, 55067.02
236512, 54577.66
236515, 54585.99
236517, 55067.02
236519, 55067.02
236521, 55067.02
236522, 55067.02
236524, 55067.02
236526, 55067.02
236528, 55067.02
236530, 55067.02
236532, 55067.02
236534, 55067.02
236535, 54831.59
236537, 54596.16
236539, 54597.09
236541, 55546.67
236543, 54600.79
236545, 55548.52
236547, 54604.03
236549, 54604.49
236552, 55067.02
236555, 53646.58
236557, 55067.02
236559, 54612.81
236561, 55067.02
236563, 55067.02
236565, 54617.44
236567, 54619.29
236569, 54620.22
236571, 54623.45
236573, 54623.45
236575, 54624.84
236577, 55574.42
236579, 54628.54
236581, 55067.02
236583, 53683.58
236584, 53655.37
236586, 53686.82
236588, 53688.21
236590, 52741.86
236592, 52744.18
236594, 52744.64
236596, 52747.41
236599, 52748.80
236602, 52751.58
236604, 53172.48
236607, 53172.48
236608, 53172.48
236610, 52758.51
236612, 52759.90
236614, 52760.36
236616, 52763.14
236618, 52763.60
236620, 52765.45
236622, 52767.77
236624, 52768.23
236625, 52769.62
236627, 53172.48
236629, 53172.48
236631, 52774.70
236633, 52774.70
236635, 52776.55
236636, 52778.87
236638, 53172.48
236640, 52780.72
236642, 53172.48
236644, 52785.80
236646, 52785.80
236648, 53172.48
236649, 52787.65
236651, 52790.43
236653, 52790.89
236655, 52791.82
236657, 53172.48
236658, 52795.05
236660, 52796.44
236662, 52798.29
236664, 52799.22
236666, 53172.48
236668, 52810.78
236669, 53172.48
236671, 52806.16
236673, 52806.62
236675, 52808.01
236677, 52810.78
236679, 52811.24
236680, 52812.63
236682, 52814.48
236684, 53172.48
236686, 53113.74
236688, 52818.18
236690, 53172.48
236692, 53172.48
236694, 53172.48
236696, 52825.12
236698, 52826.97
236700, 53172.48
236702, 53172.48
236704, 53172.48
236706, 52833.91
236708, 53781.64
236710, 52836.22
236712, 53785.80
236715, 52839.92
236717, 52842.23
236718, 52843.16
236720, 52844.08
236722, 52846.86
236724, 53172.48
236726, 51902.36
236728, 50970.82
236730, 51277.94
236733, 50960.18
236734, 51277.94
236737, 51277.94
236739, 51277.94
236741, 51277.94
236743, 51271.47
236745, 50976.37
236747, 51277.94
236749, 51277.94
236751, 51277.94
236753, 51277.94
236755, 51277.94
236757, 51277.94
236759, 51277.94
236761, 51248.34
236763, 50983.77
236764, 50984.70
236766, 50986.55
236768, 51934.74
236770, 51937.05
236772, 51938.90
236774, 53172.48
236776, 53156.76
236778, 52889.87
236780, 53172.48
236781, 52893.11
236783, 53172.48
236785, 53172.48
236787, 52902.36
236789, 53849.63
236791, 55067.02
236793, 54796.44
236796, 55746.49
236798, 56961.56
236800, 56696.07
236802, 57527.71
236804, 58856.10
236806, 57527.24
236808, 57650.28
236810, 57652.13
236813, 57536.03
236816, 58856.10
236819, 58605.87
236821, 59437.97
236823, 59557.31
236825, 59558.23
236827, 59561.01
236829, 59561.01
236831, 60750.65
236835, 60750.65
236837, 60750.65
236839, 60988.85
236841, 60750.65
236844, 60750.65
236846, 60750.65
236848, 60750.65
236851, 60750.65
236854, 60750.65
236856, 60750.65
236858, 60750.65
236861, 60752.03
236863, 59573.96
236866, 59576.27
236868, 59579.05
236870, 59594.77
236872, 58649.35
236875, 59566.56
236877, 60750.65
236879, 60750.65
236880, 59602.63
236882, 58658.14
236884, 58658.14
236886, 58659.53
236888, 58661.84
236890, 58663.23
236892, 58665.08
236894, 59583.67
236896, 59615.59
236900, 59618.36
236902, 59620.67
236905, 58674.79
236907, 59625.30
236909, 58678.49
236911, 58679.88
236913, 59629.46
236915, 58683.12
236917, 58856.10
236919, 58856.10
236921, 57672.02
236923, 57676.18
236925, 57743.71
236928, 57746.95
236931, 57690.06
236933, 56803.84
236936, 56806.15
236939, 57695.61
236941, 57756.66
236943, 56812.17
236946, 56813.09
236948, 56831.13
236950, 56831.13
236951, 56817.72
236953, 56819.57
236955, 56820.95
236957, 57711.33
236959, 57704.39
236961, 57773.31
236963, 57708.09
236966, 57777.47
236969, 57779.32
236971, 57780.71
236972, 56835.29
236974, 56836.22
236976, 56838.07
236978, 56840.38
236981, 56841.77
236985, 56844.54
236987, 56846.39
236989, 56848.71
236991, 56849.17
236992, 56851.48
236994, 56851.94
236996, 56853.79
236998, 56855.64
237000, 56856.11
237002, 56858.42
237004, 56859.81
237005, 56860.73
237007, 56863.04
237009, 56863.97
237011, 56864.89
237013, 56868.13
237015, 56868.13
237016, 56870.44
237018, 56871.83
237020, 56872.29
237022, 56874.61
237024, 56876.00
237026, 56876.92
237028, 56879.70
237030, 56880.62
237033, 57831.13
237035, 57831.13
237037, 57797.36
237039, 56888.02
237041, 56961.56
237044, 55910.69
237046, 55915.77
237048, 55948.61
237050, 55949.08
237051, 55002.73
237053, 55005.04
237055, 55005.97
237057, 55008.28
237059, 55956.01
237061, 56961.56
237063, 55922.25
237065, 55951.85
237066, 55950.00
237068, 55001.34
237070, 55947.23
237072, 54997.64
237075, 55943.99
237078, 55940.75
237082, 55939.36
237084, 54989.78
237087, 55896.35
237089, 56961.56
237092, 57081.82
237095, 56961.56
237098, 56961.56
237100, 56961.56
237102, 56961.56
237104, 56961.56
237106, 55906.52
237108, 55918.55
237110, 56961.56
237111, 55897.74
237113, 55914.85
237115, 55913.92
237117, 55912.07
237119, 56961.56
237120, 55902.36
237122, 55900.51
237125, 56961.56
237127, 55896.35
237129, 56961.56
237131, 57318.64
237134, 57791.81
237138, 58856.10
237139, 58856.10
237142, 58856.10
237145, 58856.10
237147, 57724.75
237150, 57722.43
237153, 57716.42
237156, 57717.35
237159, 57707.63
237162, 57705.78
237165, 58856.10
237169, 57703.47
237171, 58856.10
237173, 58856.10
237177, 58856.10
237179, 58856.10
237182, 59101.71
237185, 59574.42
237187, 59569.33
237189, 59586.45
237192, 60750.65
237194, 60750.65
237197, 60750.65
237198, 60750.65
237202, 60988.85
237204, 61461.56
237206, 61464.34
237209, 62645.19
237212, 62645.19
237213, 61461.10
237215, 62645.19
237217, 62672.94
237219, 61487.46
237221, 61486.54
237223, 60566.09
237225, 60750.65
237226, 59584.13
237228, 60750.65
237230, 59582.28
237232, 59581.82
237234, 60750.65
237236, 60994.40
237237, 61465.72
237239, 61462.49
237241, 62645.19
237244, 62645.19
237247, 62645.19
237250, 62645.19
237253, 62645.19
237255, 62645.19
237257, 62645.19
237259, 61469.42
237261, 61471.27
237264, 61462.95
237267, 61461.56
237269, 62645.19
237271, 62882.47
237273, 61467.11
237275, 61466.65
237278, 62645.19
237281, 62645.19
237283, 61462.95
237286, 62645.19
237288, 62645.19
237290, 62645.19
237293, 62673.86
237296, 61340.38
237299, 60507.35
237300, 60506.89
237302, 60505.50
237304, 60503.65
237306, 60502.26
237308, 60499.95
237310, 61328.35
237313, 61325.58
237315, 60495.33
237317, 61441.21
237319, 60492.09
237321, 60750.65
237323, 59419.01
237324, 59421.78
237326, 59540.66
237328, 59418.55
237330, 60750.65
237332, 59401.90
237334, 58585.52
237336, 58856.10
237338, 58583.21
237339, 58856.10
237341, 58856.10
237343, 58615.59
237346, 58577.20
237348, 58574.88
237351, 59520.30
237353, 59517.99
237355, 58570.26
237357, 58568.87
237359, 58566.56
237361, 58566.56
237363, 58563.78
237365, 58562.40
237367, 58561.01
237369, 58559.62
237371, 58558.69
237372, 58557.31
237374, 58554.99
237376, 58554.99
237378, 58552.68
237380, 58550.83
237382, 58550.37
237384, 58548.06
237386, 58547.13
237387, 58546.21
237389, 58544.36
237391, 58542.97
237393, 58541.58
237395, 59487.93
237397, 59486.54
237399, 58536.96
237401, 58536.49
237403, 58534.64
237404, 58532.33
237406, 59479.60
237408, 60750.65
237411, 60423.17
237414, 61366.74
237416, 61366.28
237418, 62645.19
237420, 62310.31
237422, 62308.92
237424, 62306.61
237426, 63254.34
237428, 62304.30
237430, 62302.91
237431, 62302.45
237433, 62300.13
237435, 62299.67
237437, 62298.28
237439, 63240.00
237441, 63119.28
237443, 63238.62
237445, 64539.73
237448, 64539.73
237451, 64597.54
237453, 65068.40
237455, 64179.41
237458, 65124.83
237461, 65063.32
237464, 65060.08
237466, 65118.82
237468, 65116.97
237470, 65056.38
237472, 64167.85
237474, 64165.07
237476, 64164.61
237477, 64163.22
237479, 64160.91
237481, 64160.45
237483, 64158.60
237485, 64157.21
237487, 64539.73
237490, 63132.69
237492, 62258.04
237495, 62255.27
237498, 63201.15
237501, 63199.30
237503, 63197.45
237505, 62248.33
237507, 62246.94
237510, 62244.63
237511, 62244.17
237513, 62242.32
237515, 62240.93
237519, 63185.43
237520, 63121.59
237522, 62236.31
237524, 63120.21
237527, 63119.74
237529, 64539.73
237531, 63147.49
237534, 63174.33
237537, 63143.79
237538, 62224.74
237540, 62223.36
237542, 63139.63
237544, 62220.12
237546, 62220.12
237548, 62218.27
237549, 62215.96
237551, 62645.19
237553, 62645.19
237555, 61227.98
237557, 61234.92
237559, 60315.40
237560, 60314.01
237562, 60312.63
237564, 60310.77
237566, 60310.77
237568, 60309.39
237570, 60307.07
237572, 60750.65
237574, 60764.06
237575, 60303.84
237579, 61233.53
237582, 61232.14
237584, 61224.28
237587, 60750.65
237589, 59332.05
237591, 59330.20
237594, 59335.75
237597, 60750.65
237599, 59330.20
237601, 59329.74
237604, 58858.88
237606, 58856.10
237609, 58856.10
237612, 58856.10
237615, 58913.00
237617, 58381.08
237619, 58856.10
237621, 58856.10
237623, 58375.53
237626, 59083.21
237629, 59080.90
237631, 58369.06
237634, 58856.10
237636, 58856.10
237637, 58364.89
237639, 58362.12
237642, 59308.46
237644, 58856.10
237646, 58357.49
237648, 58357.03
237650, 59064.71
237652, 59301.53
237654, 58351.48
237656, 59061.47
237658, 58349.63
237661, 58347.32
237662, 58346.85
237664, 58344.08
237666, 58343.62
237668, 58341.77
237670, 58339.92
237672, 58339.92
237674, 58856.10
237675, 58856.10
237679, 59281.64
237682, 58332.52
237684, 59040.66
237686, 58328.35
237688, 59274.24
237691, 59034.18
237694, 59003.19
237697, 59031.41
237699, 58319.10
237701, 58317.71
237703, 58316.33
237705, 58313.55
237709, 58312.16
237711, 59020.77
237713, 58308.46
237715, 58306.61
237718, 59015.68
237720, 58302.45
237722, 59249.26
237726, 58974.98
237728, 59008.28
237730, 58295.05
237732, 58294.59
237735, 58987.00
237737, 58289.96
237740, 58983.76
237743, 58856.10
237745, 58980.06
237747, 58283.49
237749, 58281.17
237751, 58856.10
237753, 58278.86
237755, 58276.55
237758, 58274.70
237760, 58271.46
237762, 59214.57
237764, 58269.15
237766, 58267.76
237768, 59212.72
237770, 58264.06
237772, 58856.10
237774, 58263.14
237776, 58856.10
237778, 58856.10
237781, 58856.10
237783, 58856.10
237786, 58856.10
237788, 58856.10
237790, 58856.10
237793, 58856.10
237795, 58856.10
237797, 58856.10
237799, 58856.10
237802, 58856.10
237804, 58238.16
237806, 58236.77
237810, 58234.46
237812, 58233.07
237813, 58856.10
237817, 58228.91
237819, 58227.06
237821, 58225.67
237823, 58224.28
237826, 59168.32
237827, 58931.50
237830, 59165.54
237832, 58856.10
237834, 58856.10
237836, 58856.10
237838, 58212.26
237841, 58856.10
237843, 58856.10
237846, 58856.10
237849, 58862.12
237852, 58882.47
237854, 58880.62
237856, 58856.10
237858, 58196.99
237860, 58193.76
237862, 58192.83
237864, 58191.91
237865, 58189.59
237867, 58856.10
237869, 58187.74
237871, 58856.10
237873, 58856.10
237875, 58183.12
237877, 58180.80
237880, 59125.30
237882, 58176.64
237886, 58869.06
237888, 59120.21
237889, 58856.10
237891, 58168.78
237894, 58167.39
237897, 58164.62
237899, 59094.31
237902, 58856.10
237904, 58862.58
237906, 58157.22
237908, 58156.29
237910, 58146.11
237912, 58856.10
237914, 58151.20
237917, 59095.70
237919, 58856.10
237921, 58856.10
237923, 58856.10
237926, 58856.10
237929, 58856.10
237931, 58856.10
237934, 58016.60
237936, 58856.10
237938, 58856.10
237941, 58950.00
237944, 58956.01
237947, 58952.77
237950, 58950.00
237952, 58120.67
237954, 58947.69
237956, 58856.10
237958, 58929.18
237960, 58943.06
237962, 58856.10
237964, 58856.10
237966, 58856.10
237968, 58107.72
237970, 58104.95
237972, 58856.10
237974, 58856.10
237975, 58857.49
237977, 58856.10
237979, 58856.10
237981, 58856.10
237984, 58856.10
237986, 58856.10
237988, 58856.10
237990, 58856.10
237994, 58856.10
237996, 58859.80
237999, 58882.01
238001, 58856.10
238003, 58856.10
238005, 58906.98
238008, 58856.10
238011, 58856.10
238013, 58862.58
238016, 58857.49
238018, 58895.88
238020, 58856.57
238022, 58858.88
238024, 58858.42
238025, 59007.82
238027, 58856.10
238029, 58856.10
238031, 58869.06
238033, 59001.80
238035, 58052.68
238037, 58051.29
238041, 58857.95
238044, 58856.10
238047, 58856.57
238049, 58856.10
238052, 58860.27
238054, 58037.42
238058, 58856.10
238061, 58856.10
238064, 58856.10
238066, 58856.10
238069, 58884.78
238071, 58912.53
238074, 58910.22
238077, 58019.38
238081, 58904.67
238082, 57956.01
238084, 57954.63
238086, 58856.10
238088, 58011.52
238090, 57949.54
238092, 57948.15
238094, 58006.89
238095, 58856.10
238097, 58003.19
238100, 58889.41
238102, 58887.09
238104, 58856.10
238106, 58869.06
238110, 58867.67
238113, 57991.17
238116, 58857.49
238119, 58859.80
238121, 58856.10
238123, 58856.10
238126, 58869.06
238129, 58926.41
238132, 58856.57
238135, 58858.88
238136, 58856.10
238140, 58856.10
238143, 58856.10
238145, 58862.58
238147, 58882.01
238150, 58865.82
238153, 58859.34
238155, 58877.38
238158, 58857.49
238161, 58870.91
238164, 58862.12
238167, 58857.03
238170, 58856.10
238172, 58858.88
238175, 58856.10
238177, 58856.10
238181, 58856.10
238184, 58861.65
238186, 58857.49
238188, 58857.49
238190, 58856.57
238192, 58856.10
238194, 58856.57
238196, 58856.10
238198, 58856.10
238199, 58856.10
238201, 58857.95
238203, 58856.10
238206, 58856.10
238208, 58856.10
238210, 58856.10
238213, 58856.10
238216, 58856.10
238219, 58856.10
238221, 58856.10
238224, 59328.81
238226, 58856.10
238229, 59326.96
238232, 59083.67
238235, 59082.28
238237, 59316.79
238239, 59079.05
238241, 59313.09
238245, 59074.88
238248, 59309.39
238251, 58856.10
238253, 59305.69
238255, 58856.10
238258, 58945.37
238261, 58943.99
238264, 59296.90
238267, 59056.84
238270, 59293.20
238272, 58856.10
238273, 58856.10
238275, 57906.98
238278, 59286.72
238281, 59285.34
238284, 59282.10
238286, 59280.25
238288, 59278.86
238291, 59276.09
238295, 59274.70
238298, 59271.46
238300, 59270.54
238301, 58856.10
238303, 58856.10
238305, 58856.10
238307, 58856.10
238309, 58856.10
238310, 58856.10
238312, 58856.10
238314, 57847.78
238316, 59258.05
238318, 57842.23
238320, 58856.10
238322, 58856.10
238323, 58856.10
238326, 58856.10
238328, 57827.43
238330, 57827.43
238331, 59246.48
238333, 59718.27
238335, 61138.25
238337, 60750.65
238339, 60750.65
238341, 61134.55
238343, 60750.65
238345, 59709.94
238347, 59707.17
238349, 60750.65
238351, 61110.50
238353, 61123.91
238355, 61123.45
238358, 61112.35
238360, 61111.42
238364, 61109.11
238365, 61115.58
238367, 61112.81
238369, 61582.28
238371, 63001.80
238373, 63001.33
238375, 63000.87
238379, 62939.36
238382, 62995.78
238385, 62645.19
238387, 62645.19
238390, 62991.17
238392, 62988.38
238394, 62987.46
238396, 62986.53
238398, 62983.76
238400, 62645.19
238402, 61559.62
238405, 62979.60
238409, 62913.92
238412, 62912.07
238414, 62971.27
238416, 62970.81
238418, 62968.50
238420, 62968.03
238422, 62966.18
238424, 63438.43
238426, 64539.73
238427, 64856.10
238429, 64855.17
238431, 64539.73
238433, 64791.81
238435, 64539.73
238437, 64783.02
238438, 64847.77
238440, 64539.73
238442, 64836.21
238444, 64777.01
238446, 64539.73
238448, 64776.55
238451, 64539.73
238453, 64539.73
238455, 64539.73
238458, 64539.73
238461, 64563.78
238464, 64798.28
238467, 64796.43
238469, 64792.73
238473, 64539.73
238475, 64545.74
238477, 64787.18
238480, 64816.32
238482, 64778.40
238483, 64779.32
238485, 64539.73
238487, 64777.93
238489, 64776.55
238492, 64776.55
238494, 64789.50
238496, 64803.83
238499, 64785.80
238501, 64547.13
238503, 64777.01
238507, 64539.73
238509, 64539.73
238512, 64783.48
238515, 64539.73
238518, 64539.73
238520, 64776.55
238522, 64539.73
