4754, -17538.00, -16969.93, 36705
4760, -17538.00, -17009.59, 36717
4765, -17543.00, -17044.69, 36761
4770, -17538.00, -17075.33, 36721
4776, -17534.00, -17106.98, 36633
4781, -17531.00, -17133.55, 36528
4785, -17525.00, -17154.96, 36394
4790, -17522.00, -17176.28, 36215
4796, -17515.00, -17199.63, 36035
4801, -17512.00, -17219.26, 35851
4806, -17508.00, -17237.01, 35677
4811, -17504.00, -17252.35, 35483
4816, -17500.00, -17267.92, 35309
4820, -17496.00, -17280.71, 35119
4825, -17493.00, -17293.78, 34932
4830, -17488.00, -17305.41, 34724
4836, -17485.00, -17317.64, 34522
4841, -17480.00, -17328.35, 34305
4847, -17475.00, -17338.67, 34109
4852, -17472.00, -17347.33, 33893
4858, -17467.00, -17355.96, 33690
4863, -17461.00, -17363.23, 33481
4869, -17458.00, -17369.99, 33287
4875, -17454.00, -17375.63, 33096
4880, -17449.00, -17380.52, 32898
4886, -17446.00, -17385.10, 32716
4891, -17444.00, -17388.90, 32533
4896, -17439.00, -17392.27, 32344
4901, -17436.00, -17395.26, 32159
4907, -17432.00, -17397.78, 31977
4912, -17427.00, -17399.83, 31807
4917, -17426.00, -17401.44, 31637
4922, -17421.00, -17402.79, 31474
4927, -17418.00, -17403.77, 31311
4932, -17413.00, -17404.45, 31156
4936, -17411.00, -17404.88, 30980
4942, -17407.00, -17405.15, 30821
4946, -17407.00, -17405.25, 30667
4951, -17402.00, -17405.21, 30488
4956, -17398.00, -17404.87, 30303
4962, -17396.00, -17404.34, 30142
4967, -17392.00, -17403.74, 29972
4972, -17390.00, -17402.95, 29804
4977, -17387.00, -17402.06, 29635
4982, -17383.00, -17401.03, 29476
4986, -17379.00, -17399.87, 29326
4991, -17377.00, -17398.68, 29174
4995, -17373.00, -17397.38, 29018
5000, -17372.00, -17395.95, 28851
5005, -17369.00, -17394.39, 28694
5010, -17366.00, -17392.94, 28543
5014, -17364.00, -17391.40, 28381
5019, -17362.00, -17389.78, 28207
5024, -17359.00, -17388.00, 28053
5028, -17356.00, -17386.35, 27879
5033, -17353.00, -17384.38, 27700
5038, -17352.00, -17382.48, 27515
5043, -17348.00, -17380.39, 27333
5048, -17347.00, -17378.46, 27141
5053, -17344.00, -17376.38, 26937
5059, -17339.00, -17374.04, 26725
5064, -17337.00, -17371.62, 26524
5070, -17334.00, -17369.31, 26299
5075, -17331.00, -17366.74, 26091
5081, -17328.00, -17364.36, 25897
5085, -17325.00, -17362.20, 25703
5090, -17324.00, -17360.04, 25514
5095, -17321.00, -17357.97, 25302
5100, -17318.00, -17355.63, 25091
5104, -17315.00, -17353.33, 24888
5109, -17315.00, -17351.21, 24687
5113, -17313.00, -17349.20, 24484
5118, -17311.00, -17347.18, 24267
5122, -17308.00, -17345.05, 24037
5127, -17306.00, -17342.83, 23800
5132, -17303.00, -17340.63, 23568
5137, -17302.00, -17338.49, 23325
5141, -17299.00, -17336.28, 23083
5146, -17296.00, -17334.16, 22832
5150, -17294.00, -17332.01, 22548
5155, -17294.00, -17329.67, 22261
5160, -17290.00, -17327.42, 21937
5166, -17288.00, -17324.89, 21632
5170, -17285.00, -17322.62, 21337
5175, -17284.00, -17320.48, 21041
5180, -17281.00, -17318.41, 20716
5185, -17280.00, -17316.08, 20396
5189, -17277.00, -17313.83, 20031
5195, -17275.00, -17311.27, 19712
5200, -17272.00, -17308.96, 19420
5205, -17269.00, -17306.76, 19151
5209, -17269.00, -17304.71, 18881
5214, -17267.00, -17302.61, 18625
5218, -17264.00, -17300.59, 18382
5223, -17262.00, -17298.57, 18118
5228, -17262.00, -17296.36, 17888
5232, -17260.00, -17294.40, 17634
5237, -17257.00, -17292.17, 17383
5243, -17254.00, -17289.84, 17158
5247, -17252.00, -17287.69, 16943
5252, -17251.00, -17285.63, 16710
5257, -17248.00, -17283.31, 16501
5262, -17246.00, -17281.10, 16306
5267, -17244.00, -17279.05, 16094
5272, -17243.00, -17276.69, 15883
5278, -17240.00, -17274.45, 15697
5283, -17237.00, -17272.29, 15494
5288, -17236.00, -17269.87, 15289
5294, -17232.00, -17267.44, 15110
5299, -17231.00, -17265.21, 14918
5304, -17229.00, -17262.80, 14746
5310, -17227.00, -17260.62, 14575
5315, -17225.00, -17258.41, 14406
5320, -17222.00, -17256.18, 14228
5326, -17219.00, -17253.70, 14067
5331, -17219.00, -17251.45, 13907
5337, -17215.00, -17249.21, 13738
5342, -17213.00, -17246.78, 13567
5348, -17212.00, -17244.39, 13415
5353, -17211.00, -17242.23, 13262
5359, -17208.00, -17240.08, 13098
5365, -17206.00, -17237.70, 12955
5370, -17203.00, -17235.51, 12805
5375, -17201.00, -17233.33, 12656
5381, -17198.00, -17231.01, 12527
5386, -17196.00, -17228.97, 12395
5391, -17194.00, -17226.89, 12257
5397, -17192.00, -17224.63, 12122
5402, -17192.00, -17222.47, 11986
5407, -17188.00, -17220.36, 11850
5413, -17187.00, -17218.21, 11719
5418, -17184.00, -17216.12, 11594
5423, -17182.00, -17214.08, 11453
5429, -17181.00, -17211.82, 11332
5434, -17180.00, -17209.97, 11204
5439, -17177.00, -17207.98, 11083
5444, -17175.00, -17206.09, 10963
5449, -17174.00, -17204.19, 10838
5454, -17172.00, -17202.27, 10721
5458, -17171.00, -17200.49, 10607
5463, -17168.00, -17198.74, 10487
5468, -17167.00, -17196.90, 10359
5473, -17164.00, -17194.88, 10218
5479, -17162.00, -17192.71, 10106
5483, -17161.00, -17190.99, 9985
5488, -17160.00, -17189.13, 9847
5494, -17157.00, -17187.11, 9724
5499, -17155.00, -17185.24, 9589
5504, -17154.00, -17183.25, 9458
5509, -17152.00, -17181.33, 9313
5515, -17149.00, -17179.21, 9177
5520, -17147.00, -17177.13, 9033
5526, -17146.00, -17175.18, 8898
5531, -17143.00, -17173.25, 8756
5536, -17142.00, -17171.26, 8607
5541, -17140.00, -17169.25, 8443
5547, -17137.00, -17167.02, 8302
5553, -17137.00, -17165.15, 8156
5558, -17134.00, -17163.30, 8012
5563, -17133.00, -17161.49, 7876
5567, -17130.00, -17159.79, 7722
5573, -17129.00, -17157.89, 7569
5578, -17127.00, -17156.06, 7415
5583, -17126.00, -17154.22, 7251
5588, -17123.00, -17152.34, 7064
5594, -17121.00, -17150.24, 6897
5599, -17119.00, -17148.38, 6703
5604, -17117.00, -17146.27, 6529
5609, -17115.00, -17144.42, 6342
5615, -17115.00, -17142.53, 6146
5620, -17112.00, -17140.63, 5941
5625, -17110.00, -17138.68, 5730
5631, -17108.00, -17136.69, 5520
5636, -17106.00, -17134.77, 5304
5641, -17105.00, -17132.91, 5088
5647, -17103.00, -17131.12, 4859
5652, -17100.00, -17129.19, 4619
5657, -17098.00, -17127.24, 4387
5662, -17097.00, -17125.44, 4161
5667, -17095.00, -17123.71, 3914
5672, -17094.00, -17121.77, 3675
5677, -17092.00, -17120.07, 3441
5682, -17089.00, -17118.25, 3210
5687, -17087.00, -17116.41, 2973
5693, -17087.00, -17114.55, 2713
5698, -17084.00, -17112.53, 2499
5703, -17084.00, -17110.83, 2277
5708, -17081.00, -17109.05, 2048
5714, -17078.00, -17107.11, 1831
5719, -17078.00, -17105.30, 1624
5724, -17075.00, -17103.55, 1403
5729, -17074.00, -17101.64, 1185
5735, -17072.00, -17099.68, 978
5740, -17070.00, -17097.94, 752
5746, -17068.00, -17095.86, 559
5751, -17066.00, -17094.12, 364
5756, -17064.00, -17092.29, 177
5761, -17062.00, -17090.52, -7
5766, -17062.00, -17088.72, -187
5771, -17060.00, -17087.10, -373
5776, -17057.00, -17085.28, -551
5781, -17055.00, -17083.51, -724
5786, -17055.00, -17081.85, -895
5791, -17052.00, -17080.18, -1092
5796, -17051.00, -17078.24, -1277
5802, -17048.00, -17076.38, -1458
5807, -17046.00, -17074.47, -1628
5812, -17045.00, -17072.78, -1793
5816, -17044.00, -17071.17, -1949
5821, -17043.00, -17069.63, -2139
5826, -17041.00, -17067.76, -2307
5831, -17039.00, -17066.12, -2485
5837, -17036.00, -17064.31, -2670
5842, -17035.00, -17062.36, -2854
5847, -17032.00, -17060.51, -3043
5853, -17032.00, -17058.57, -3205
5858, -17028.00, -17056.91, -3396
5863, -17026.00, -17054.87, -3570
5868, -17026.00, -17053.13, -3755
5874, -17025.00, -17051.29, -3935
5879, -17023.00, -17049.56, -4102
5884, -17021.00, -17047.96, -4282
5889, -17018.00, -17046.11, -4475
5895, -17016.00, -17044.08, -4662
5900, -17013.00, -17042.26, -4843
5905, -17013.00, -17040.44, -5030
5910, -17011.00, -17038.62, -5214
5915, -17009.00, -17036.81, -5413
5921, -17008.00, -17034.95, -5638
5927, -17005.00, -17032.89, -5826
5932, -17003.00, -17031.14, -6026
5937, -17001.00, -17029.25, -6247
5943, -16997.00, -17027.15, -6438
5948, -16997.00, -17025.35, -6665
5954, -16994.00, -17023.20, -6886
5959, -16992.00, -17021.27, -7112
5964, -16991.00, -17019.29, -7337
5970, -16988.00, -17017.35, -7573
5976, -16987.00, -17015.23, -7824
5981, -16984.00, -17013.20, -8050
5986, -16983.00, -17011.42, -8268
5991, -16981.00, -17009.71, -8482
5996, -16978.00, -17008.00, -8710
6001, -16978.00, -17006.16, -8937
6005, -16976.00, -17004.50, -9190
6010, -16974.00, -17002.64, -9429
6015, -16972.00, -17000.98, -9658
6020, -16970.00, -16999.34, -9916
6024, -16969.00, -16997.56, -10178
6030, -16965.00, -16995.62, -10476
6035, -16966.00, -16993.78, -10780
6040, -16964.00, -16991.91, -11053
6045, -16960.00, -16990.25, -11320
6049, -16960.00, -16988.61, -11638
6054, -16957.00, -16986.65, -11989
6060, -16954.00, -16984.60, -12279
6064, -16953.00, -16982.86, -12619
6070, -16952.00, -16980.76, -12964
6076, -16949.00, -16978.69, -13268
6081, -16948.00, -16976.83, -13552
6086, -16945.00, -16974.99, -13863
6091, -16943.00, -16972.81, -14148
6097, -16942.00, -16970.88, -14395
6101, -16940.00, -16969.16, -14623
6106, -16938.00, -16967.46, -14842
6111, -16936.00, -16965.78, -15078
6116, -16935.00, -16963.91, -15288
6120, -16933.00, -16962.20, -15515
6125, -16932.00, -16960.35, -15706
6130, -16929.00, -16958.68, -15926
6135, -16926.00, -16956.69, -16136
6141, -16925.00, -16954.67, -16359
6146, -16923.00, -16952.48, -16554
6152, -16922.00, -16950.51, -16738
6157, -16919.00, -16948.69, -16914
6162, -16917.00, -16946.79, -17096
6167, -16915.00, -16944.86, -17278
6173, -16912.00, -16942.74, -17439
6178, -16911.00, -16940.85, -17598
6183, -16909.00, -16938.90, -17757
6188, -16906.00, -16936.87, -17934
6194, -16904.00, -16934.60, -18089
6199, -16902.00, -16932.65, -18246
6205, -16900.00, -16930.53, -18409
6210, -16899.00, -16928.34, -18559
6216, -16896.00, -16926.29, -18700
6221, -16893.00, -16924.32, -18831
6226, -16893.00, -16922.44, -18966
6231, -16891.00, -16920.54, -19098
6236, -16889.00, -16918.69, -19237
6242, -16888.00, -16916.58, -19375
6247, -16884.00, -16914.63, -19496
6252, -16883.00, -16912.79, -19611
6257, -16880.00, -16911.00, -19745
6262, -16879.00, -16908.85, -19857
6267, -16876.00, -16907.11, -19971
6271, -16875.00, -16905.26, -20090
6277, -16872.00, -16903.28, -20199
6281, -16871.00, -16901.48, -20314
6286, -16868.00, -16899.55, -20438
6292, -16867.00, -16897.42, -20554
6297, -16864.00, -16895.41, -20671
6302, -16864.00, -16893.44, -20772
6307, -16861.00, -16891.70, -20895
6312, -16859.00, -16889.59, -21003
6317, -16855.00, -16887.69, -21116
6322, -16855.00, -16885.65, -21236
6328, -16853.00, -16883.53, -21355
6333, -16850.00, -16881.47, -21474
6338, -16847.00, -16879.38, -21595
6344, -16846.00, -16877.15, -21715
6349, -16843.00, -16875.05, -21835
6354, -16842.00, -16872.94, -21947
6359, -16839.00, -16870.98, -22066
6365, -16836.00, -16868.79, -22193
6370, -16834.00, -16866.49, -22313
6376, -16832.00, -16864.27, -22437
6381, -16830.00, -16862.06, -22559
6387, -16827.00, -16859.84, -22690
6392, -16826.00, -16857.51, -22811
6398, -16823.00, -16855.37, -22946
6404, -16819.00, -16852.83, -23076
6409, -16816.00, -16850.52, -23197
6414, -16814.00, -16848.24, -23328
6420, -16812.00, -16845.86, -23450
6425, -16809.00, -16843.64, -23576
6431, -16807.00, -16841.29, -23699
6436, -16805.00, -16839.10, -23821
6441, -16803.00, -16836.95, -23943
6446, -16800.00, -16834.80, -24068
6451, -16798.00, -16832.51, -24196
6456, -16796.00, -16830.36, -24328
6461, -16794.00, -16828.09, -24459
6466, -16790.00, -16825.79, -24599
6472, -16788.00, -16823.40, -24740
6477, -16786.00, -16820.96, -24884
6483, -16783.00, -16818.61, -25035
6488, -16781.00, -16816.13, -25174
6493, -16777.00, -16813.86, -25309
6498, -16776.00, -16811.68, -25458
6503, -16774.00, -16809.28, -25595
6508, -16771.00, -16807.18, -25732
6513, -16770.00, -16805.15, -25868
6517, -16766.00, -16803.10, -26038
6523, -16764.00, -16800.48, -26211
6528, -16761.00, -16797.92, -26396
6534, -16757.00, -16795.24, -26595
6540, -16755.00, -16792.39, -26772
6545, -16751.00, -16789.92, -26968
6551, -16750.00, -16787.24, -27133
6555, -16746.00, -16785.08, -27302
6560, -16744.00, -16782.88, -27476
6564, -16741.00, -16780.62, -27677
6570, -16738.00, -16777.97, -27897
6575, -16736.00, -16775.30, -28105
6580, -16733.00, -16772.77, -28322
6585, -16730.00, -16770.14, -28574
6591, -16726.00, -16767.24, -28819
6596, -16723.00, -16764.40, -29045
6601, -16721.00, -16761.80, -29277
6607, -16718.00, -16759.07, -29519
6612, -16713.00, -16756.10, -29752
6618, -16711.00, -16753.23, -29990
6623, -16709.00, -16750.18, -30224
6629, -16704.00, -16747.27, -30444
6634, -16700.00, -16744.38, -30675
6640, -16699.00, -16741.26, -30910
6646, -16694.00, -16738.06, -31141
6652, -16691.00, -16734.84, -31368
6658, -16686.00, -16731.57, -31580
6663, -16683.00, -16728.33, -31784
6668, -16681.00, -16725.36, -31978
6674, -16677.00, -16722.43, -32162
6679, -16674.00, -16719.55, -32355
6684, -16670.00, -16716.49, -32554
6689, -16666.00, -16713.25, -32738
6695, -16662.00, -16710.21, -32910
6699, -16657.00, -16707.17, -33083
6704, -16654.00, -16704.07, -33273
6710, -16651.00, -16700.59, -33440
6715, -16649.00, -16697.66, -33616
6720, -16644.00, -16694.34, -33805
6725, -16641.00, -16690.98, -33969
6730, -16635.00, -16687.84, -34142
6735, -16632.00, -16684.46, -34323
6741, -16626.00, -16680.63, -34502
6746, -16624.00, -16677.21, -34683
6752, -16621.00, -16673.57, -34861
6757, -16616.00, -16669.86, -35046
6762, -16613.00, -16666.23, -35224
6768, -16609.00, -16662.50, -35404
6773, -16605.00, -16658.97, -35586
6779, -16599.00, -16655.15, -35760
6784, -16597.00, -16651.52, -35942
6790, -16591.00, -16647.66, -36114
6795, -16587.00, -16643.80, -36294
6800, -16582.00, -16640.07, -36455
6805, -16577.00, -16636.56, -36638
6810, -16572.00, -16632.40, -36808
6815, -16569.00, -16628.62, -36986
6821, -16563.00, -16624.49, -37158
6826, -16560.00, -16620.66, -37324
6831, -16555.00, -16616.93, -37515
6836, -16551.00, -16612.66, -37688
6841, -16545.00, -16608.75, -37863
6846, -16540.00, -16604.75, -38054
6852, -16537.00, -16600.33, -38260
6857, -16529.00, -16595.79, -38454
6862, -16525.00, -16591.38, -38671
6868, -16518.00, -16586.50, -38880
6874, -16514.00, -16581.62, -39093
6879, -16510.00, -16577.20, -39314
6885, -16503.00, -16572.29, -39514
6890, -16497.00, -16567.92, -39704
6894, -16493.00, -16563.87, -39897
6899, -16487.00, -16559.67, -40112
6904, -16483.00, -16554.94, -40356
6910, -16476.00, -16549.74, -40573
6915, -16472.00, -16545.26, -40785
6919, -16466.00, -16540.81, -41025
6925, -16461.00, -16535.89, -41249
6930, -16454.00, -16531.25, -41498
6935, -16449.00, -16526.32, -41766
6940, -16442.00, -16520.96, -42022
6945, -16435.00, -16515.96, -42306
6951, -16428.00, -16510.13, -42606
6956, -16423.00, -16504.61, -42908
6962, -16414.00, -16498.79, -43233
6967, -16408.00, -16492.79, -43558
6973, -16401.00, -16487.05, -43895
6978, -16396.00, -16481.14, -44257
6984, -16388.00, -16475.18, -44634
6989, -16380.00, -16468.84, -44983
6995, -16374.00, -16463.01, -45324
7000, -16366.00, -16457.09, -45670
7005, -16361.00, -16450.93, -46016
7011, -16351.00, -16444.61, -46339
7016, -16343.00, -16438.31, -46652
7022, -16334.00, -16431.56, -46973
7027, -16326.00, -16424.97, -47257
7032, -16320.00, -16418.45, -47526
7037, -16311.00, -16412.18, -47775
7042, -16305.00, -16406.13, -48022
7047, -16297.00, -16399.79, -48291
7053, -16290.00, -16392.41, -48545
7058, -16282.00, -16385.49, -48771
7063, -16271.00, -16378.86, -48996
7068, -16265.00, -16371.92, -49200
7073, -16257.00, -16365.47, -49413
7078, -16249.00, -16358.34, -49605
7083, -16241.00, -16351.88, -49781
7087, -16233.00, -16345.51, -49956
7092, -16226.00, -16339.09, -50127
7096, -16218.00, -16332.58, -50313
7102, -16209.00, -16325.03, -50494
7107, -16202.00, -16317.62, -50669
7112, -16193.00, -16310.43, -50837
7117, -16185.00, -16303.10, -51021
7122, -16173.00, -16294.50, -51200
7128, -16166.00, -16286.37, -51363
7133, -16156.00, -16278.15, -51535
7138, -16145.00, -16270.01, -51699
7144, -16138.00, -16261.75, -51863
7149, -16128.00, -16253.24, -52024
7154, -16119.00, -16244.69, -52176
7160, -16109.00, -16236.57, -52327
7165, -16100.00, -16228.37, -52481
7170, -16090.00, -16219.55, -52624
7175, -16082.00, -16211.32, -52765
7180, -16072.00, -16203.16, -52913
7185, -16063.00, -16194.40, -53053
7191, -16052.00, -16185.82, -53194
7196, -16043.00, -16177.10, -53321
7200, -16034.00, -16169.18, -53453
7205, -16023.00, -16160.50, -53586
7211, -16015.00, -16151.87, -53710
7215, -16008.00, -16143.79, -53831
7220, -15999.00, -16135.76, -53962
7225, -15987.00, -16126.95, -54083
7230, -15979.00, -16118.95, -54206
7234, -15970.00, -16110.64, -54326
7239, -15962.00, -16102.48, -54453
7244, -15952.00, -16093.67, -54580
7249, -15944.00, -16084.95, -54718
7254, -15934.00, -16075.35, -54869
7260, -15923.00, -16064.97, -54994
7265, -15916.00, -16056.81, -55132
7270, -15905.00, -16046.87, -55274
7275, -15897.00, -16037.50, -55406
7281, -15887.00, -16028.11, -55542
7286, -15879.00, -16018.82, -55694
7292, -15865.00, -16008.22, -55845
7297, -15855.00, -15998.52, -55976
7302, -15845.00, -15989.78, -56098
7307, -15840.00, -15981.56, -56226
7311, -15831.00, -15973.15, -56362
7316, -15825.00, -15964.28, -56508
7322, -15812.00, -15954.69, -56637
7326, -15808.00, -15946.78, -56769
7331, -15800.00, -15938.65, -56909
7336, -15792.00, -15929.91, -57067
7342, -15780.00, -15920.05, -57211
7347, -15773.00, -15911.32, -57381
7352, -15763.00, -15901.56, -57534
7357, -15755.00, -15892.61, -57680
7362, -15747.00, -15884.36, -57841
7367, -15739.00, -15875.43, -58021
7373, -15728.00, -15865.64, -58187
7378, -15722.00, -15856.80, -58348
7383, -15714.00, -15848.58, -58529
7389, -15705.00, -15839.09, -58736
7395, -15699.00, -15829.33, -58934
7400, -15689.00, -15820.41, -59122
7405, -15682.00, -15811.84, -59336
7411, -15675.00, -15802.62, -59540
7416, -15668.00, -15794.26, -59739
7421, -15661.00, -15786.21, -59951
7427, -15653.00, -15777.70, -60175
7432, -15646.00, -15769.72, -60390
7437, -15640.00, -15762.19, -60631
7442, -15630.00, -15753.51, -60855
7447, -15626.00, -15746.37, -61116
7453, -15617.00, -15737.45, -61394
7459, -15607.00, -15728.67, -61639
7464, -15603.00, -15721.19, -61892
7469, -15597.00, -15713.37, -62142
7474, -15589.00, -15705.41, -62393
7480, -15585.00, -15697.88, -62644
7485, -15578.00, -15690.13, -62896
7491, -15572.00, -15682.14, -63130
7496, -15567.00, -15675.06, -63373
7502, -15561.00, -15667.28, -63628
7507, -15553.00, -15659.73, -63852
7513, -15546.00, -15652.69, -64082
7518, -15540.00, -15645.18, -64316
7524, -15534.00, -15637.76, -64520
7529, -15529.00, -15631.15, -64738
7535, -15524.00, -15624.17, -64944
7540, -15518.00, -15617.60, -65149
7545, -15513.00, -15611.01, -65368
7551, -15507.00, -15604.01, -65568
7556, -15503.00, -15597.27, -65771
7562, -15497.00, -15590.98, -65958
7567, -15491.00, -15585.19, -66133
7572, -15488.00, -15579.40, -66332
7577, -15483.00, -15573.26, -66519
7582, -15477.00, -15567.10, -66709
7587, -15473.00, -15561.44, -66876
7592, -15469.00, -15556.19, -67041
7597, -15466.00, -15551.23, -67225
7602, -15460.00, -15545.49, -67419
7608, -15454.00, -15539.58, -67586
7612, -15451.00, -15534.52, -67780
7618, -15444.00, -15528.40, -67965
7623, -15441.00, -15522.96, -68148
7629, -15437.00, -15517.55, -68323
7634, -15434.00, -15512.51, -68491
7639, -15430.00, -15507.69, -68649
7643, -15424.00, -15503.07, -68830
7648, -15420.00, -15498.04, -69004
7654, -15417.00, -15493.07, -69183
7659, -15414.00, -15488.19, -69355
7664, -15409.00, -15483.55, -69536
7669, -15404.00, -15478.44, -69720
7674, -15401.00, -15473.59, -69898
7680, -15399.00, -15468.92, -70070
7684, -15394.00, -15464.63, -70275
7690, -15390.00, -15459.39, -70460
7696, -15386.00, -15454.88, -70643
7701, -15382.00, -15450.46, -70827
7706, -15379.00, -15446.08, -71029
7712, -15377.00, -15441.40, -71238
7717, -15373.00, -15436.80, -71429
7722, -15368.00, -15432.72, -71627
7728, -15365.00, -15428.40, -71820
7733, -15363.00, -15424.55, -72022
7738, -15358.00, -15420.21, -72235
7743, -15354.00, -15416.15, -72429
7748, -15352.00, -15412.36, -72620
7753, -15350.00, -15408.80, -72813
7758, -15346.00, -15405.33, -73019
7763, -15343.00, -15401.57, -73218
7767, -15341.00, -15398.19, -73421
7772, -15336.00, -15394.62, -73637
7777, -15335.00, -15391.15, -73861
7782, -15332.00, -15387.57, -74104
7788, -15328.00, -15383.65, -74367
7793, -15324.00, -15379.82, -74610
7799, -15321.00, -15376.20, -74888
7804, -15318.00, -15372.30, -75169
7810, -15316.00, -15368.44, -75447
7815, -15312.00, -15364.96, -75758
7821, -15310.00, -15361.09, -76040
7826, -15307.00, -15357.85, -76339
7832, -15306.00, -15354.41, -76680
7837, -15302.00, -15350.97, -76967
7842, -15300.00, -15348.12, -77253
7847, -15297.00, -15345.26, -77540
7851, -15292.00, -15342.44, -77854
7856, -15292.00, -15339.29, -78140
7861, -15289.00, -15336.56, -78442
7866, -15286.00, -15333.51, -78741
7871, -15283.00, -15330.48, -79028
7876, -15281.00, -15327.50, -79313
7881, -15277.00, -15324.50, -79595
7887, -15276.00, -15321.28, -79884
7892, -15273.00, -15318.27, -80135
7897, -15271.00, -15315.43, -80372
7902, -15268.00, -15312.70, -80604
7907, -15267.00, -15310.00, -80824
7912, -15263.00, -15307.28, -81032
7916, -15262.00, -15304.82, -81238
7921, -15259.00, -15302.16, -81459
7927, -15258.00, -15299.32, -81649
7931, -15254.00, -15296.88, -81827
7936, -15252.00, -15294.44, -82035
7941, -15250.00, -15291.46, -82227
7947, -15247.00, -15288.75, -82430
7952, -15245.00, -15285.91, -82630
7958, -15243.00, -15282.97, -82797
7963, -15240.00, -15280.49, -82968
7968, -15239.00, -15277.95, -83120
7973, -15235.00, -15275.56, -83267
7977, -15233.00, -15273.21, -83406
7982, -15231.00, -15270.92, -83559
7987, -15230.00, -15268.31, -83732
7993, -15226.00, -15265.55, -83874
7998, -15225.00, -15263.16, -84027
8003, -15222.00, -15260.58, -84189
8009, -15220.00, -15257.73, -84327
8014, -15218.00, -15255.45, -84477
8020, -15215.00, -15252.68, -84626
8025, -15213.00, -15250.17, -84756
8030, -15211.00, -15247.84, -84894
8035, -15210.00, -15245.41, -85040
8041, -15207.00, -15242.82, -85173
8046, -15205.00, -15240.50, -85315
8052, -15202.00, -15237.91, -85459
8058, -15201.00, -15235.34, -85584
8063, -15197.00, -15233.06, -85712
8068, -15196.00, -15230.70, -85830
8073, -15194.00, -15228.54, -85950
8079, -15191.00, -15226.29, -86062
8083, -15191.00, -15224.21, -86168
8088, -15187.00, -15222.25, -86283
8093, -15186.00, -15220.06, -86392
8098, -15183.00, -15217.97, -86493
8102, -15183.00, -15216.06, -86606
8108, -15180.00, -15213.83, -86716
8112, -15179.00, -15211.93, -86837
8118, -15177.00, -15209.64, -86957
8123, -15175.00, -15207.52, -87069
8128, -15173.00, -15205.49, -87183
8133, -15172.00, -15203.46, -87313
8139, -15168.00, -15201.11, -87425
8143, -15167.00, -15199.10, -87551
8149, -15163.00, -15196.69, -87678
8155, -15163.00, -15194.44, -87800
8160, -15159.00, -15192.28, -87915
8165, -15159.00, -15190.22, -88030
8170, -15157.00, -15188.22, -88148
8176, -15153.00, -15186.08, -88273
8181, -15153.00, -15183.91, -88405
8187, -15151.00, -15181.69, -88528
8192, -15149.00, -15179.63, -88646
8197, -15146.00, -15177.65, -88771
8202, -15145.00, -15175.57, -88891
8208, -15144.00, -15173.67, -89003
8212, -15140.00, -15171.84, -89114
8217, -15140.00, -15170.05, -89231
8222, -15138.00, -15168.18, -89349
8227, -15134.00, -15166.28, -89475
8232, -15133.00, -15164.20, -89615
8237, -15131.00, -15162.01, -89746
8243, -15131.00, -15160.06, -89880
8248, -15128.00, -15158.09, -90015
8253, -15126.00, -15156.10, -90158
8259, -15125.00, -15154.08, -90297
8264, -15122.00, -15152.05, -90449
8270, -15121.00, -15150.00, -90596
8275, -15119.00, -15148.04, -90743
8280, -15115.00, -15146.06, -90885
8285, -15115.00, -15144.16, -91024
8290, -15112.00, -15142.38, -91166
8295, -15112.00, -15140.52, -91319
8300, -15110.00, -15138.71, -91486
8306, -15108.00, -15136.69, -91639
8310, -15105.00, -15134.96, -91806
8316, -15104.00, -15133.00, -91958
8320, -15102.00, -15131.31, -92122
8325, -15101.00, -15129.50, -92287
8330, -15099.00, -15127.73, -92450
8335, -15099.00, -15126.14, -92612
8339, -15095.00, -15124.52, -92788
8344, -15094.00, -15122.73, -92962
8349, -15094.00, -15121.11, -93169
8354, -15091.00, -15119.22, -93379
8359, -15089.00, -15117.34, -93598
8365, -15087.00, -15115.41, -93838
8370, -15083.00, -15113.35, -94074
8376, -15084.00, -15111.34, -94295
8381, -15080.00, -15109.51, -94533
8387, -15078.00, -15107.38, -94783
8392, -15078.00, -15105.43, -94995
8397, -15075.00, -15103.71, -95192
8402, -15074.00, -15102.04, -95384
8406, -15072.00, -15100.44, -95583
8411, -15073.00, -15098.81, -95781
8416, -15070.00, -15097.19, -95964
8421, -15068.00, -15095.66, -96145
8425, -15065.00, -15094.04, -96332
8430, -15065.00, -15092.33, -96534
8435, -15061.00, -15090.48, -96729
8440, -15060.00, -15088.64, -96915
8445, -15059.00, -15086.89, -97112
8450, -15057.00, -15084.98, -97321
8456, -15056.00, -15083.04, -97505
8461, -15053.00, -15081.35, -97694
8466, -15053.00, -15079.52, -97881
8471, -15050.00, -15077.76, -98051
8476, -15048.00, -15076.11, -98238
8482, -15046.00, -15074.18, -98434
8487, -15045.00, -15072.21, -98623
8493, -15044.00, -15070.36, -98801
8498, -15040.00, -15068.57, -98966
8503, -15039.00, -15066.82, -99142
8508, -15037.00, -15064.93, -99319
8513, -15036.00, -15063.21, -99509
8519, -15033.00, -15061.19, -99681
8524, -15033.00, -15059.47, -99837
8529, -15030.00, -15057.85, -100004
8534, -15030.00, -15056.12, -100184
8539, -15026.00, -15054.29, -100352
8544, -15025.00, -15052.52, -100518
8549, -15024.00, -15050.78, -100695
8555, -15021.00, -15048.91, -100855
8560, -15021.00, -15047.27, -101039
8565, -15019.00, -15045.38, -101240
8572, -15015.00, -15043.21, -101425
8577, -15013.00, -15041.26, -101610
8583, -15011.00, -15039.29, -101792
8588, -15009.00, -15037.36, -101966
8593, -15007.00, -15035.49, -102158
8599, -15006.00, -15033.48, -102329
8604, -15005.00, -15031.72, -102496
8609, -15004.00, -15030.04, -102669
8614, -15002.00, -15028.39, -102851
8620, -14998.00, -15026.51, -103014
8625, -14998.00, -15024.80, -103192
8629, -14997.00, -15023.20, -103351
8634, -14995.00, -15021.69, -103535
8639, -14992.00, -15019.86, -103701
8644, -14990.00, -15018.24, -103901
8649, -14989.00, -15016.34, -104095
8655, -14986.00, -15014.47, -104295
8660, -14985.00, -15012.53, -104503
8666, -14984.00, -15010.71, -104737
8672, -14982.00, -15008.68, -104943
8677, -14981.00, -15006.88, -105145
8682, -14976.00, -15005.15, -105376
8688, -14976.00, -15003.16, -105580
8693, -14974.00, -15001.45, -105822
8699, -14971.00, -14999.42, -106058
8704, -14970.00, -14997.51, -106305
8710, -14969.00, -14995.58, -106555
8715, -14966.00, -14993.72, -106815
8721, -14965.00, -14991.78, -107093
8727, -14963.00, -14989.81, -107365
8732, -14961.00, -14987.89, -107641
8738, -14959.00, -14986.08, -107918
8743, -14957.00, -14984.24, -108235
8749, -14956.00, -14982.26, -108556
8755, -14953.00, -14980.32, -108871
8760, -14949.00, -14978.36, -109200
8766, -14950.00, -14976.44, -109450
8772, -14953.00, -14974.66, -109504
8777, -14953.00, -14973.34, -109465
8782, -14955.00, -14972.16, -109342
8787, -14959.00, -14971.10, -109178
8792, -14960.00, -14970.41, -108986
8797, -14962.00, -14969.83, -108766
8802, -14963.00, -14969.36, -108505
8808, -14965.00, -14968.99, -108267
8813, -14967.00, -14968.81, -108012
8818, -14968.00, -14968.73, -107763
8824, -14970.00, -14968.74, -107504
8829, -14974.00, -14968.96, -107245
8834, -14975.00, -14969.32, -106989
8840, -14976.00, -14969.72, -106730
8845, -14978.00, -14970.22, -106484
8851, -14981.00, -14970.81, -106250
8856, -14980.00, -14971.45, -106004
8861, -14984.00, -14972.14, -105775
8867, -14984.00, -14972.90, -105560
8872, -14987.00, -14973.70, -105343
8877, -14990.00, -14974.61, -105143
8882, -14990.00, -14975.52, -104920
8887, -14993.00, -14976.60, -104714
8893, -14995.00, -14977.71, -104507
8898, -14996.00, -14978.87, -104309
8903, -14998.00, -14980.00, -104119
8908, -15000.00, -14981.17, -103918
8913, -15003.00, -14982.50, -103710
8919, -15003.00, -14983.92, -103519
8924, -15006.00, -14985.24, -103317
8930, -15008.00, -14986.74, -103122
8936, -15010.00, -14988.23, -102914
8942, -15011.00, -14989.81, -102735
8947, -15014.00, -14991.25, -102542
8952, -15016.00, -14992.85, -102359
8958, -15016.00, -14994.38, -102173
8963, -15019.00, -14995.91, -101988
8969, -15021.00, -14997.50, -101806
8974, -15024.00, -14999.21, -101622
8979, -15025.00, -15000.81, -101446
8985, -15027.00, -15002.41, -101278
8990, -15027.00, -15003.91, -101116
8994, -15030.00, -15005.35, -100932
9000, -15033.00, -15007.12, -100737
9006, -15034.00, -15009.03, -100565
9011, -15036.00, -15010.59, -100381
9017, -15037.00, -15012.35, -100201
9022, -15039.00, -15014.06, -100019
9027, -15042.00, -15015.71, -99843
9032, -15043.00, -15017.42, -99655
9038, -15045.00, -15019.23, -99470
9043, -15048.00, -15021.05, -99265
9050, -15050.00, -15023.11, -99072
9055, -15050.00, -15024.96, -98889
9061, -15053.00, -15026.67, -98701
9066, -15054.00, -15028.41, -98514
9071, -15057.00, -15030.17, -98337
9076, -15059.00, -15031.88, -98145
9082, -15060.00, -15033.73, -97956
9087, -15063.00, -15035.46, -97770
9092, -15064.00, -15037.22, -97597
9097, -15066.00, -15038.79, -97429
9101, -15068.00, -15040.35, -97245
9106, -15069.00, -15042.09, -97055
9111, -15069.00, -15043.69, -96841
9117, -15073.00, -15045.57, -96638
9122, -15075.00, -15047.33, -96455
9127, -15076.00, -15048.91, -96265
9131, -15079.00, -15050.59, -96047
9137, -15080.00, -15052.47, -95845
9141, -15082.00, -15054.13, -95649
9146, -15083.00, -15055.69, -95429
9151, -15083.00, -15057.40, -95212
9156, -15086.00, -15059.05, -94991
9161, -15088.00, -15060.69, -94745
9167, -15091.00, -15062.67, -94515
9171, -15093.00, -15064.43, -94291
9176, -15095.00, -15066.21, -94077
9181, -15096.00, -15067.96, -93842
9187, -15098.00, -15069.88, -93619
9192, -15099.00, -15071.68, -93406
9197, -15103.00, -15073.50, -93192
9202, -15104.00, -15075.41, -93008
9207, -15106.00, -15077.09, -92831
9211, -15106.00, -15078.69, -92656
9216, -15108.00, -15080.33, -92466
9221, -15110.00, -15082.13, -92292
9226, -15112.00, -15083.77, -92121
9231, -15115.00, -15085.54, -91939
9236, -15116.00, -15087.49, -91764
9241, -15116.00, -15089.28, -91596
9247, -15118.00, -15091.03, -91427
9252, -15123.00, -15092.86, -91248
9257, -15123.00, -15094.97, -91079
9263, -15126.00, -15096.94, -90904
9269, -15130.00, -15099.11, -90741
9274, -15130.00, -15101.21, -90575
9280, -15134.00, -15103.29, -90429
9285, -15135.00, -15105.36, -90280
9291, -15137.00, -15107.29, -90135
9296, -15139.00, -15109.19, -89996
9301, -15141.00, -15111.12, -89850
9306, -15143.00, -15113.23, -89703
9312, -15145.00, -15115.21, -89577
9316, -15145.00, -15116.96, -89445
9322, -15148.00, -15118.80, -89316
9327, -15151.00, -15120.68, -89197
9331, -15153.00, -15122.43, -89083
9336, -15154.00, -15124.12, -88970
9340, -15157.00, -15125.89, -88855
9345, -15158.00, -15127.65, -88743
9349, -15160.00, -15129.38, -88635
9354, -15160.00, -15131.04, -88522
9358, -15162.00, -15132.71, -88387
9364, -15165.00, -15134.92, -88250
9370, -15167.00, -15137.02, -88136
9374, -15168.00, -15138.72, -88012
9380, -15173.00, -15140.73, -87892
9385, -15174.00, -15142.76, -87767
9390, -15177.00, -15144.83, -87651
9395, -15177.00, -15146.74, -87529
9400, -15180.00, -15148.72, -87418
9404, -15184.00, -15150.57, -87310
9409, -15185.00, -15152.44, -87195
9414, -15185.00, -15154.35, -87064
9419, -15188.00, -15156.53, -86940
9424, -15190.00, -15158.54, -86828
9429, -15193.00, -15160.41, -86705
9434, -15193.00, -15162.48, -86571
9440, -15197.00, -15164.76, -86442
9445, -15200.00, -15166.90, -86314
9450, -15202.00, -15169.06, -86170
9456, -15203.00, -15171.45, -86044
9461, -15206.00, -15173.49, -85894
9467, -15208.00, -15175.95, -85763
9473, -15211.00, -15178.09, -85582
9479, -15215.00, -15180.92, -85447
9485, -15216.00, -15183.22, -85296
9490, -15219.00, -15185.50, -85163
9495, -15222.00, -15187.64, -85026
9500, -15223.00, -15189.75, -84880
9506, -15227.00, -15192.12, -84743
9511, -15229.00, -15194.24, -84592
9516, -15231.00, -15196.61, -84454
9521, -15233.00, -15198.63, -84323
9525, -15235.00, -15200.57, -84164
9531, -15238.00, -15203.04, -83988
9537, -15239.00, -15205.57, -83819
9542, -15243.00, -15207.84, -83640
9548, -15245.00, -15210.38, -83466
9553, -15246.00, -15212.71, -83299
9559, -15251.00, -15214.91, -83111
9564, -15253.00, -15217.42, -82890
9571, -15256.00, -15220.29, -82712
9576, -15258.00, -15222.57, -82498
9582, -15262.00, -15225.28, -82279
9587, -15264.00, -15227.96, -82075
9593, -15267.00, -15230.39, -81883
9598, -15271.00, -15232.70, -81683
9603, -15272.00, -15235.03, -81480
9608, -15275.00, -15237.34, -81242
9613, -15276.00, -15239.95, -80998
9619, -15279.00, -15242.57, -80760
9624, -15283.00, -15244.96, -80535
9630, -15285.00, -15247.62, -80273
9634, -15287.00, -15249.79, -80007
9640, -15288.00, -15252.28, -79735
9645, -15294.00, -15254.77, -79457
9650, -15298.00, -15257.34, -79164
9656, -15299.00, -15260.05, -78840
9661, -15303.00, -15262.74, -78555
9666, -15303.00, -15265.03, -78245
9671, -15308.00, -15267.56, -77934
9676, -15309.00, -15270.13, -77613
9681, -15314.00, -15272.76, -77272
9687, -15315.00, -15275.65, -76960
9692, -15317.00, -15278.24, -76639
9698, -15322.00, -15281.17, -76331
9703, -15325.00, -15283.87, -76038
9709, -15328.00, -15286.64, -75749
9714, -15330.00, -15289.41, -75463
9719, -15334.00, -15292.26, -75189
9725, -15338.00, -15295.16, -74932
9730, -15340.00, -15297.99, -74691
9735, -15344.00, -15300.67, -74443
9741, -15346.00, -15303.62, -74195
9746, -15350.00, -15306.51, -73958
9751, -15351.00, -15309.41, -73725
9757, -15356.00, -15312.25, -73516
9762, -15360.00, -15315.02, -73278
9768, -15363.00, -15318.31, -73051
9773, -15365.00, -15321.30, -72847
9778, -15368.00, -15324.04, -72638
9783, -15372.00, -15327.14, -72411
9789, -15374.00, -15330.26, -72213
9794, -15380.00, -15333.17, -71998
9800, -15383.00, -15336.49, -71781
9806, -15387.00, -15339.93, -71596
9811, -15390.00, -15342.89, -71415
9816, -15393.00, -15345.81, -71244
9820, -15398.00, -15348.71, -71076
9825, -15400.00, -15351.54, -70900
9830, -15402.00, -15354.53, -70734
9835, -15405.00, -15357.39, -70568
9840, -15410.00, -15360.30, -70414
9844, -15413.00, -15363.28, -70249
9849, -15416.00, -15366.16, -70085
9854, -15421.00, -15369.24, -69909
9859, -15425.00, -15372.79, -69713
9865, -15429.00, -15376.50, -69531
9870, -15435.00, -15380.19, -69360
9875, -15438.00, -15383.62, -69192
9880, -15443.00, -15387.09, -69007
9886, -15447.00, -15390.98, -68838
9891, -15450.00, -15394.50, -68653
9896, -15457.00, -15398.47, -68467
9902, -15460.00, -15402.62, -68275
9908, -15466.00, -15406.76, -68087
9913, -15470.00, -15411.04, -67881
9919, -15477.00, -15415.50, -67704
9925, -15480.00, -15419.61, -67524
9930, -15485.00, -15423.49, -67349
9935, -15489.00, -15427.45, -67164
9940, -15494.00, -15431.67, -66978
9946, -15500.00, -15435.97, -66808
9951, -15506.00, -15439.92, -66637
9956, -15510.00, -15444.18, -66454
9961, -15514.00, -15448.43, -66278
9966, -15520.00, -15452.60, -66103
9971, -15524.00, -15456.68, -65924
9976, -15530.00, -15460.95, -65745
9981, -15535.00, -15465.33, -65538
9986, -15542.00, -15470.42, -65349
9992, -15547.00, -15475.11, -65155
9997, -15553.00, -15479.82, -64959
10002, -15558.00, -15484.60, -64758
10007, -15565.00, -15489.52, -64555
10013, -15570.00, -15494.56, -64323
10019, -15577.00, -15500.22, -64098
10024, -15583.00, -15505.65, -63872
10030, -15588.00, -15511.15, -63625
10036, -15596.00, -15516.81, -63404
10041, -15602.00, -15522.12, -63154
10047, -15611.00, -15528.01, -62917
10052, -15619.00, -15533.75, -62681
10057, -15624.00, -15539.41, -62440
10063, -15631.00, -15545.15, -62167
10069, -15638.00, -15551.43, -61922
10074, -15644.00, -15557.31, -61664
10079, -15653.00, -15563.20, -61413
10085, -15658.00, -15569.67, -61139
10091, -15665.00, -15576.10, -60908
10096, -15670.00, -15581.82, -60689
10101, -15680.00, -15587.57, -60454
10107, -15689.00, -15594.23, -60231
10112, -15696.00, -15600.74, -60009
10118, -15705.00, -15607.45, -59789
10123, -15711.00, -15614.27, -59587
10129, -15720.00, -15620.89, -59378
10134, -15726.00, -15627.77, -59175
10140, -15736.00, -15634.89, -58992
10145, -15742.00, -15641.37, -58822
10150, -15752.00, -15647.94, -58653
10155, -15757.00, -15654.23, -58494
10160, -15767.00, -15660.53, -58347
10164, -15774.00, -15666.59, -58201
10169, -15781.00, -15672.80, -58057
10173, -15790.00, -15679.17, -57921
10178, -15797.00, -15685.38, -57766
10183, -15806.00, -15692.83, -57606
10188, -15813.00, -15700.23, -57462
10193, -15822.00, -15707.34, -57315
10199, -15831.00, -15714.84, -57161
10204, -15839.00, -15722.94, -57025
10209, -15847.00, -15729.74, -56879
10214, -15855.00, -15737.55, -56739
10219, -15864.00, -15745.25, -56593
10225, -15874.00, -15753.31, -56454
10230, -15882.00, -15761.14, -56307
10235, -15892.00, -15769.54, -56175
10240, -15900.00, -15777.19, -56031
10246, -15911.00, -15785.86, -55898
10251, -15919.00, -15793.89, -55768
10256, -15927.00, -15801.71, -55643
10261, -15936.00, -15809.39, -55496
10267, -15946.00, -15818.90, -55365
10271, -15956.00, -15826.57, -55247
10276, -15965.00, -15834.13, -55108
10282, -15975.00, -15843.31, -54981
10287, -15983.00, -15851.72, -54843
10292, -15993.00, -15860.57, -54705
10298, -16005.00, -15870.06, -54559
10303, -16015.00, -15879.51, -54432
10308, -16024.00, -15887.77, -54299
10313, -16034.00, -15896.95, -54167
10319, -16043.00, -15905.86, -54040
10324, -16052.00, -15914.70, -53904
10329, -16062.00, -15923.82, -53777
10334, -16072.00, -15932.60, -53647
10339, -16080.00, -15941.61, -53499
10345, -16090.00, -15951.71, -53367
10350, -16100.00, -15960.39, -53221
10355, -16107.00, -15970.07, -53083
10361, -16118.00, -15979.03, -52958
10366, -16126.00, -15987.46, -52807
10371, -16136.00, -15997.05, -52663
10376, -16145.00, -16006.14, -52526
10381, -16154.00, -16014.61, -52398
10386, -16161.00, -16022.92, -52260
10390, -16170.00, -16031.00, -52107
10396, -16177.00, -16040.53, -51949
10401, -16188.00, -16050.04, -51792
10407, -16197.00, -16058.95, -51652
10411, -16204.00, -16067.00, -51512
10416, -16213.00, -16074.85, -51370
10420, -16220.00, -16082.86, -51204
10426, -16227.00, -16092.30, -51025
10431, -16236.00, -16101.55, -50846
10437, -16246.00, -16110.93, -50668
10442, -16255.00, -16120.04, -50507
10447, -16263.00, -16128.07, -50318
10453, -16271.00, -16137.34, -50136
10458, -16280.00, -16145.90, -49946
10463, -16288.00, -16155.14, -49736
10469, -16296.00, -16164.20, -49536
10474, -16305.00, -16172.95, -49337
10479, -16312.00, -16181.31, -49143
10484, -16318.00, -16189.03, -48949
10488, -16325.00, -16196.62, -48731
10494, -16333.00, -16204.97, -48443
10501, -16340.00, -16216.81, -48180
10506, -16347.00, -16223.80, -47950
10510, -16354.00, -16231.37, -47717
10515, -16361.00, -16238.80, -47475
10520, -16368.00, -16245.96, -47226
10525, -16374.00, -16253.10, -46947
10530, -16381.00, -16260.97, -46625
10536, -16388.00, -16269.43, -46309
10541, -16394.00, -16277.47, -45959
10546, -16402.00, -16285.49, -45605
10552, -16409.00, -16293.91, -45261
10557, -16415.00, -16301.26, -44918
10563, -16420.00, -16308.82, -44576
10568, -16426.00, -16316.51, -44243
10574, -16434.00, -16323.82, -43937
10579, -16440.00, -16330.83, -43647
10584, -16446.00, -16337.54, -43375
10588, -16451.00, -16344.08, -43063
10594, -16458.00, -16351.57, -42784
10599, -16463.00, -16358.29, -42506
10604, -16468.00, -16365.16, -42264
10609, -16473.00, -16371.06, -41986
10615, -16480.00, -16378.41, -41733
10620, -16486.00, -16384.81, -41485
10625, -16490.00, -16391.48, -41224
10631, -16496.00, -16398.40, -40969
10636, -16502.00, -16405.17, -40749
10641, -16505.00, -16410.91, -40503
10647, -16511.00, -16417.60, -40288
10652, -16516.00, -16423.52, -40055
10657, -16522.00, -16429.98, -39828
10663, -16526.00, -16436.34, -39624
10668, -16532.00, -16441.84, -39433
10673, -16536.00, -16447.38, -39248
10677, -16540.00, -16452.49, -39046
10683, -16545.00, -16458.31, -38873
10687, -16549.00, -16463.24, -38677
10692, -16554.00, -16468.95, -38471
10698, -16560.00, -16474.82, -38302
10702, -16563.00, -16479.66, -38135
10707, -16569.00, -16484.57, -37950
10712, -16572.00, -16490.07, -37764
10718, -16576.00, -16495.54, -37591
10723, -16581.00, -16500.57, -37416
10728, -16584.00, -16505.72, -37225
10733, -16590.00, -16511.19, -37055
10738, -16595.00, -16516.06, -36862
10744, -16601.00, -16521.99, -36679
10750, -16603.00, -16527.30, -36492
10755, -16607.00, -16532.50, -36307
10761, -16612.00, -16537.74, -36117
10767, -16617.00, -16543.61, -35921
10773, -16621.00, -16548.50, -35742
10778, -16625.00, -16553.43, -35545
10784, -16630.00, -16558.85, -35359
10790, -16636.00, -16564.11, -35171
10795, -16638.00, -16568.94, -34989
10801, -16642.00, -16573.75, -34815
10806, -16646.00, -16578.25, -34638
10811, -16649.00, -16582.70, -34453
10817, -16653.00, -16587.35, -34260
10823, -16659.00, -16592.66, -34074
10828, -16662.00, -16596.71, -33905
10833, -16664.00, -16600.79, -33729
10839, -16670.00, -16605.12, -33540
10844, -16673.00, -16609.50, -33363
10850, -16676.00, -16613.68, -33165
10855, -16680.00, -16618.10, -32983
10860, -16682.00, -16622.11, -32819
10865, -16686.00, -16625.55, -32627
10871, -16690.00, -16629.91, -32417
10877, -16693.00, -16634.26, -32198
10883, -16696.00, -16638.72, -31995
10888, -16699.00, -16642.48, -31803
10893, -16701.00, -16646.09, -31602
10898, -16705.00, -16649.79, -31391
10904, -16709.00, -16653.59, -31196
10909, -16712.00, -16657.11, -30990
10914, -16718.00, -16660.93, -30785
10919, -16720.00, -16664.47, -30580
10924, -16721.00, -16667.94, -30380
10929, -16723.00, -16671.03, -30170
10934, -16727.00, -16674.31, -29968
10939, -16729.00, -16677.45, -29742
10944, -16732.00, -16680.82, -29536
10949, -16736.00, -16683.72, -29334
10953, -16737.00, -16686.63, -29133
10958, -16740.00, -16689.48, -28923
10963, -16743.00, -16692.64, -28706
10967, -16748.00, -16695.67, -28480
10973, -16749.00, -16699.04, -28254
10978, -16751.00, -16702.30, -28018
10983, -16755.00, -16705.76, -27814
10988, -16756.00, -16708.77, -27618
10994, -16758.00, -16711.81, -27389
10999, -16763.00, -16715.22, -27181
11005, -16767.00, -16718.52, -26992
11010, -16768.00, -16721.67, -26793
11016, -16771.00, -16724.92, -26618
11021, -16774.00, -16727.80, -26446
11026, -16776.00, -16730.68, -26279
11031, -16778.00, -16733.50, -26130
11035, -16781.00, -16736.10, -25974
11040, -16784.00, -16738.81, -25802
11046, -16786.00, -16742.09, -25624
11052, -16789.00, -16745.17, -25481
11056, -16792.00, -16747.79, -25341
11061, -16794.00, -16750.39, -25176
11067, -16796.00, -16753.50, -25032
11072, -16799.00, -16756.15, -24884
11077, -16802.00, -16759.03, -24722
11083, -16803.00, -16762.11, -24576
11088, -16808.00, -16764.93, -24440
11093, -16809.00, -16767.73, -24291
11099, -16811.00, -16770.50, -24144
11105, -16814.00, -16773.37, -24004
11110, -16816.00, -16776.07, -23864
11116, -16821.00, -16779.00, -23728
11121, -16822.00, -16781.73, -23593
11126, -16825.00, -16784.40, -23465
11131, -16826.00, -16786.98, -23347
11136, -16830.00, -16789.34, -23220
11141, -16832.00, -16792.07, -23085
11147, -16834.00, -16794.75, -22967
11152, -16837.00, -16797.19, -22839
11157, -16837.00, -16799.80, -22714
11162, -16841.00, -16802.27, -22592
11167, -16843.00, -16804.75, -22475
11172, -16845.00, -16807.12, -22364
11177, -16848.00, -16809.32, -22224
11183, -16850.00, -16812.26, -22091
11188, -16853.00, -16814.88, -21977
11193, -16854.00, -16817.12, -21868
11198, -16856.00, -16819.25, -21739
11203, -16859.00, -16821.85, -21626
11208, -16861.00, -16824.07, -21500
11214, -16863.00, -16826.55, -21376
11219, -16866.00, -16828.93, -21262
11224, -16868.00, -16831.16, -21143
11229, -16869.00, -16833.47, -21034
11233, -16871.00, -16835.55, -20921
11238, -16873.00, -16837.72, -20801
11243, -16877.00, -16840.02, -20680
11248, -16879.00, -16842.27, -20542
11254, -16880.00, -16844.88, -20422
11259, -16882.00, -16847.01, -20296
11264, -16885.00, -16849.25, -20178
11268, -16887.00, -16851.35, -20063
11273, -16889.00, -16853.40, -19934
11278, -16892.00, -16855.70, -19796
11284, -16892.00, -16858.11, -19665
11289, -16895.00, -16860.26, -19527
11294, -16896.00, -16862.60, -19388
11299, -16898.00, -16864.77, -19245
11304, -16902.00, -16867.01, -19101
11310, -16903.00, -16869.33, -18949
11315, -16905.00, -16871.63, -18799
11321, -16906.00, -16873.84, -18657
11326, -16909.00, -16875.88, -18494
11331, -16911.00, -16878.22, -18341
11336, -16915.00, -16880.43, -18179
11342, -16917.00, -16882.77, -18016
11347, -16918.00, -16885.01, -17849
11353, -16922.00, -16887.31, -17682
11358, -16922.00, -16889.53, -17506
11363, -16925.00, -16891.74, -17337
11368, -16927.00, -16893.85, -17166
11373, -16930.00, -16895.98, -16995
11378, -16930.00, -16898.00, -16806
11384, -16933.00, -16900.18, -16618
11389, -16935.00, -16902.34, -16404
11394, -16937.00, -16904.65, -16195
11400, -16938.00, -16906.76, -15983
11405, -16941.00, -16908.85, -15752
11411, -16943.00, -16911.12, -15506
11416, -16944.00, -16913.36, -15270
11422, -16948.00, -16915.49, -15008
11427, -16948.00, -16917.75, -14749
11433, -16951.00, -16919.84, -14486
11438, -16954.00, -16921.99, -14172
11444, -16956.00, -16924.38, -13895
11449, -16957.00, -16926.37, -13580
11455, -16959.00, -16928.59, -13258
11460, -16961.00, -16930.61, -12945
11466, -16962.00, -16932.59, -12627
11471, -16963.00, -16934.45, -12314
11476, -16967.00, -16936.35, -12010
11481, -16968.00, -16938.25, -11736
11485, -16970.00, -16939.95, -11462
11490, -16973.00, -16941.74, -11203
11495, -16973.00, -16943.47, -10944
11499, -16975.00, -16945.16, -10694
11504, -16976.00, -16946.82, -10422
11509, -16978.00, -16948.69, -10177
11513, -16982.00, -16950.46, -9872
11519, -16982.00, -16952.69, -9594
11525, -16984.00, -16954.79, -9318
11530, -16986.00, -16956.79, -9069
11535, -16987.00, -16958.65, -8848
11540, -16990.00, -16960.40, -8610
11546, -16991.00, -16962.35, -8352
11551, -16994.00, -16964.42, -8128
11556, -16995.00, -16966.30, -7900
11562, -16996.00, -16968.24, -7671
11567, -16999.00, -16970.08, -7447
11573, -17001.00, -16972.08, -7235
11578, -17003.00, -16973.98, -7022
11583, -17006.00, -16975.96, -6825
11588, -17007.00, -16977.85, -6606
11594, -17010.00, -16979.98, -6399
11599, -17011.00, -16981.99, -6206
11605, -17012.00, -16983.95, -5996
11610, -17013.00, -16985.76, -5784
11616, -17016.00, -16987.80, -5581
11621, -17017.00, -16989.73, -5397
11627, -17020.00, -16991.55, -5197
11632, -17021.00, -16993.55, -5005
11638, -17025.00, -16995.50, -4811
11644, -17027.00, -16997.67, -4618
11649, -17027.00, -16999.59, -4447
11654, -17030.00, -17001.35, -4266
11659, -17031.00, -17003.26, -4072
11665, -17034.00, -17005.28, -3895
11670, -17034.00, -17007.12, -3703
11676, -17036.00, -17009.04, -3514
11682, -17039.00, -17010.98, -3334
11687, -17040.00, -17012.83, -3161
11692, -17042.00, -17014.62, -2982
11697, -17043.00, -17016.40, -2803
11703, -17046.00, -17018.21, -2637
11708, -17048.00, -17019.99, -2469
11713, -17048.00, -17021.63, -2311
11717, -17052.00, -17023.27, -2154
11722, -17053.00, -17024.94, -1983
11727, -17054.00, -17026.67, -1781
11733, -17056.00, -17028.74, -1610
11738, -17058.00, -17030.52, -1420
11744, -17060.00, -17032.41, -1238
11749, -17062.00, -17034.22, -1058
11754, -17065.00, -17036.08, -873
11759, -17065.00, -17037.97, -666
11765, -17067.00, -17039.99, -460
11771, -17069.00, -17041.87, -260
11776, -17071.00, -17043.77, -62
11782, -17072.00, -17045.62, 129
11787, -17076.00, -17047.39, 334
11793, -17078.00, -17049.37, 536
11798, -17079.00, -17051.31, 739
11803, -17081.00, -17053.15, 930
11808, -17082.00, -17054.86, 1131
11814, -17084.00, -17056.65, 1328
11818, -17086.00, -17058.34, 1519
11823, -17089.00, -17060.02, 1711
11828, -17090.00, -17061.71, 1897
11832, -17091.00, -17063.29, 2085
11837, -17092.00, -17064.85, 2273
11841, -17094.00, -17066.36, 2478
11846, -17097.00, -17068.05, 2704
11851, -17097.00, -17069.88, 2927
11856, -17098.00, -17071.54, 3155
11861, -17100.00, -17073.24, 3395
11866, -17103.00, -17075.02, 3619
11871, -17104.00, -17076.67, 3855
11876, -17105.00, -17078.40, 4105
11882, -17108.00, -17080.26, 4333
11887, -17109.00, -17081.99, 4558
11892, -17111.00, -17083.71, 4755
11896, -17112.00, -17085.26, 4944
11901, -17114.00, -17086.80, 5135
11905, -17115.00, -17088.35, 5325
11910, -17116.00, -17089.93, 5499
11915, -17119.00, -17091.43, 5673
11919, -17121.00, -17092.96, 5839
11924, -17124.00, -17094.57, 6004
11928, -17124.00, -17096.15, 6163
11932, -17126.00, -17097.70, 6316
11937, -17126.00, -17099.20, 6466
11941, -17130.00, -17100.72, 6643
11946, -17132.00, -17102.65, 6819
11952, -17131.00, -17104.52, 6972
11956, -17133.00, -17106.10, 7134
11961, -17134.00, -17107.81, 7288
11966, -17137.00, -17109.46, 7439
11971, -17139.00, -17111.20, 7568
11976, -17141.00, -17112.74, 7721
11981, -17142.00, -17114.61, 7874
11986, -17144.00, -17116.36, 8015
11991, -17144.00, -17118.04, 8183
11997, -17147.00, -17120.04, 8331
12002, -17151.00, -17121.95, 8456
12007, -17151.00, -17123.55, 8580
12012, -17154.00, -17125.21, 8724
12017, -17155.00, -17127.15, 8850
12022, -17156.00, -17128.78, 8986
12027, -17158.00, -17130.59, 9129
12033, -17161.00, -17132.61, 9269
12038, -17163.00, -17134.51, 9400
12043, -17165.00, -17136.41, 9528
12049, -17166.00, -17138.31, 9648
12053, -17167.00, -17139.88, 9789
12059, -17171.00, -17141.94, 9924
12065, -17172.00, -17143.99, 10059
12070, -17174.00, -17145.89, 10202
12076, -17176.00, -17147.95, 10340
12082, -17178.00, -17149.97, 10467
12087, -17179.00, -17151.79, 10592
12092, -17181.00, -17153.56, 10716
12098, -17182.00, -17155.32, 10856
12103, -17185.00, -17157.30, 10980
12108, -17188.00, -17159.15, 11118
12114, -17191.00, -17161.23, 11245
12120, -17191.00, -17163.21, 11378
12125, -17195.00, -17165.14, 11508
12130, -17196.00, -17167.11, 11648
12136, -17197.00, -17169.18, 11770
12141, -17201.00, -17171.07, 11914
12147, -17202.00, -17173.20, 12050
12153, -17203.00, -17175.17, 12182
12158, -17206.00, -17177.08, 12313
12163, -17207.00, -17178.97, 12445
12169, -17209.00, -17180.88, 12586
12174, -17213.00, -17182.81, 12726
12179, -17214.00, -17184.84, 12875
12185, -17216.00, -17186.93, 13011
12190, -17218.00, -17188.81, 13149
12195, -17219.00, -17190.70, 13299
12201, -17223.00, -17192.72, 13431
12206, -17225.00, -17194.56, 13592
12212, -17226.00, -17196.74, 13741
12217, -17228.00, -17198.65, 13884
12222, -17230.00, -17200.49, 14034
12227, -17232.00, -17202.37, 14194
12232, -17235.00, -17204.45, 14355
12237, -17237.00, -17206.45, 14504
12242, -17237.00, -17208.23, 14657
12247, -17240.00, -17210.03, 14828
12252, -17240.00, -17211.96, 15003
12258, -17246.00, -17213.97, 15203
12264, -17248.00, -17216.31, 15386
12269, -17250.00, -17218.40, 15586
12275, -17252.00, -17220.67, 15787
12280, -17255.00, -17222.90, 16005
12286, -17257.00, -17225.20, 16212
12291, -17258.00, -17227.30, 16438
12297, -17260.00, -17229.47, 16669
12302, -17263.00, -17231.63, 16893
12308, -17265.00, -17233.71, 17158
12314, -17267.00, -17236.04, 17388
12319, -17270.00, -17238.08, 17636
12324, -17272.00, -17240.13, 17899
12330, -17275.00, -17242.38, 18200
12335, -17277.00, -17244.71, 18485
12341, -17280.00, -17246.92, 18785
12346, -17283.00, -17249.14, 19078
12351, -17284.00, -17251.24, 19383
12356, -17287.00, -17253.33, 19718
12361, -17289.00, -17255.58, 20057
12367, -17291.00, -17257.79, 20389
12372, -17293.00, -17259.93, 20699
12377, -17294.00, -17261.91, 21039
12382, -17296.00, -17264.14, 21360
12387, -17301.00, -17266.25, 21700
12393, -17303.00, -17268.70, 22002
12398, -17305.00, -17270.89, 22296
12403, -17308.00, -17273.09, 22583
12408, -17311.00, -17275.47, 22917
12414, -17313.00, -17278.16, 23215
12420, -17317.00, -17280.60, 23499
12425, -17318.00, -17283.09, 23775
12431, -17322.00, -17285.58, 24018
12436, -17324.00, -17287.86, 24278
12441, -17325.00, -17290.29, 24528
12447, -17329.00, -17292.69, 24783
12452, -17331.00, -17295.23, 25010
12458, -17334.00, -17297.55, 25239
12463, -17337.00, -17300.03, 25473
12468, -17340.00, -17302.59, 25684
12473, -17343.00, -17304.98, 25891
12479, -17345.00, -17307.48, 26111
12484, -17348.00, -17310.03, 26303
12489, -17350.00, -17312.35, 26520
12495, -17353.00, -17315.00, 26720
12500, -17357.00, -17317.60, 26928
12505, -17360.00, -17320.36, 27132
12511, -17363.00, -17323.17, 27302
12516, -17366.00, -17325.51, 27472
12520, -17368.00, -17327.93, 27630
12525, -17371.00, -17330.18, 27808
12530, -17373.00, -17332.83, 27972
12535, -17377.00, -17335.34, 28124
12539, -17377.00, -17337.61, 28274
12544, -17380.00, -17339.82, 28433
12549, -17385.00, -17342.32, 28584
12553, -17386.00, -17344.72, 28739
12558, -17387.00, -17347.11, 28884
12563, -17393.00, -17349.53, 29055
12568, -17395.00, -17352.36, 29227
12573, -17398.00, -17355.16, 29386
12578, -17400.00, -17357.80, 29559
12583, -17405.00, -17360.70, 29728
12588, -17407.00, -17363.55, 29886
12593, -17411.00, -17366.36, 30058
12599, -17414.00, -17369.35, 30210
12603, -17416.00, -17371.96, 30394
12609, -17420.00, -17375.24, 30563
12615, -17424.00, -17378.26, 30725
12620, -17428.00, -17381.19, 30895
12625, -17430.00, -17384.26, 31065
12630, -17434.00, -17387.34, 31230
12635, -17438.00, -17390.39, 31412
12641, -17442.00, -17393.80, 31586
12647, -17446.00, -17397.11, 31745
12652, -17449.00, -17400.17, 31922
12657, -17451.00, -17403.40, 32097
12662, -17457.00, -17406.71, 32278
12668, -17458.00, -17410.28, 32453
12673, -17464.00, -17413.43, 32633
12679, -17467.00, -17416.88, 32823
12684, -17472.00, -17420.41, 32990
12689, -17477.00, -17423.64, 33172
12694, -17479.00, -17427.16, 33360
12700, -17483.00, -17430.77, 33536
12705, -17486.00, -17434.13, 33716
12710, -17492.00, -17437.48, 33918
12716, -17496.00, -17441.39, 34105
12721, -17500.00, -17444.99, 34292
12726, -17505.00, -17448.53, 34510
12732, -17512.00, -17452.95, 34708
12737, -17513.00, -17456.69, 34913
12743, -17519.00, -17460.59, 35116
12748, -17523.00, -17464.39, 35314
12753, -17526.00, -17468.04, 35519
12758, -17531.00, -17471.79, 35716
12763, -17536.00, -17475.41, 35908
12768, -17530.00, -17478.94, 35992
12773, -17526.00, -17481.81, 35997
12778, -17522.00, -17484.55, 35937
12783, -17517.00, -17486.81, 35843
12788, -17513.00, -17488.47, 35712
12793, -17509.00, -17489.92, 35563
12799, -17502.00, -17490.92, 35395
12804, -17499.00, -17491.50, 35224
12809, -17496.00, -17491.88, 35029
12814, -17491.00, -17491.99, 34850
12819, -17487.00, -17491.80, 34664
12824, -17483.00, -17491.38, 34480
12829, -17479.00, -17490.74, 34308
12834, -17475.00, -17489.96, 34140
12839, -17473.00, -17489.07, 33937
12844, -17468.00, -17487.78, 33731
12850, -17463.00, -17486.26, 33560
12855, -17462.00, -17484.92, 33365
12860, -17456.00, -17483.20, 33159
12866, -17451.00, -17481.12, 32974
12871, -17448.00, -17479.08, 32801
12876, -17445.00, -17477.13, 32619
12881, -17440.00, -17474.91, 32445
12886, -17437.00, -17472.66, 32256
12892, -17432.00, -17470.14, 32083
12897, -17428.00, -17467.64, 31910
12902, -17425.00, -17465.07, 31736
12907, -17422.00, -17462.45, 31545
12913, -17418.00, -17459.54, 31363
12918, -17415.00, -17456.70, 31187
12924, -17412.00, -17453.94, 31002
12929, -17408.00, -17451.01, 30814
12935, -17405.00, -17447.98, 30649
12940, -17402.00, -17445.29, 30459
12946, -17398.00, -17442.00, 30268
12951, -17395.00, -17438.94, 30099
12956, -17391.00, -17436.00, 29896
12962, -17388.00, -17432.57, 29714
12968, -17384.00, -17429.57, 29521
12974, -17381.00, -17426.25, 29342
12979, -17378.00, -17423.17, 29151
12985, -17374.00, -17419.98, 28965
12990, -17372.00, -17416.85, 28797
12995, -17368.00, -17414.00, 28613
13000, -17366.00, -17410.95, 28438
13006, -17363.00, -17408.04, 28266
13011, -17360.00, -17405.13, 28090
13016, -17357.00, -17402.36, 27917
13021, -17353.00, -17399.50, 27738
13026, -17352.00, -17396.64, 27571
13030, -17350.00, -17393.97, 27393
13035, -17347.00, -17391.24, 27199
13041, -17344.00, -17388.04, 26989
13046, -17341.00, -17385.11, 26788
13052, -17339.00, -17382.20, 26580
13057, -17335.00, -17379.15, 26363
13063, -17331.00, -17375.97, 26157
13068, -17329.00, -17373.06, 25928
13074, -17327.00, -17369.92, 25686
13080, -17323.00, -17366.71, 25457
13085, -17321.00, -17363.72, 25234
13090, -17319.00, -17360.93, 24994
13096, -17316.00, -17357.98, 24754
13101, -17314.00, -17355.19, 24511
13107, -17309.00, -17352.37, 24270
13112, -17309.00, -17349.62, 24014
13117, -17306.00, -17346.88, 23768
13122, -17303.00, -17344.32, 23501
13127, -17301.00, -17341.60, 23221
13133, -17298.00, -17338.70, 22941
13138, -17296.00, -17336.18, 22660
13143, -17292.00, -17333.56, 22385
13148, -17291.00, -17331.11, 22091
13153, -17288.00, -17328.59, 21770
13158, -17286.00, -17325.89, 21426
13164, -17284.00, -17323.15, 21090
13169, -17281.00, -17320.59, 20750
13174, -17279.00, -17318.03, 20370
13180, -17277.00, -17315.22, 20044
13185, -17274.00, -17312.77, 19702
13190, -17273.00, -17310.16, 19360
13196, -17269.00, -17307.47, 19048
13201, -17269.00, -17305.02, 18760
13206, -17267.00, -17302.74, 18479
13212, -17265.00, -17300.47, 18211
13217, -17261.00, -17298.20, 17965
13221, -17259.00, -17295.96, 17696
13227, -17257.00, -17293.39, 17439
13232, -17256.00, -17291.05, 17215
13237, -17254.00, -17289.00, 16984
13242, -17250.00, -17286.65, 16747
13247, -17247.00, -17284.23, 16537
13252, -17246.00, -17281.94, 16323
13257, -17245.00, -17279.62, 16098
13263, -17242.00, -17277.15, 15895
13268, -17238.00, -17274.80, 15690
13274, -17236.00, -17272.22, 15474
13280, -17234.00, -17269.55, 15300
13284, -17234.00, -17267.55, 15133
13289, -17231.00, -17265.53, 14984
13293, -17229.00, -17263.65, 14820
13298, -17227.00, -17261.52, 14670
13303, -17226.00, -17259.57, 14519
13308, -17225.00, -17257.61, 14371
13312, -17223.00, -17255.72, 14230
13317, -17220.00, -17253.85, 14095
13321, -17218.00, -17251.96, 13952
13326, -17218.00, -17250.00, 13792
13332, -17214.00, -17247.66, 13648
13336, -17213.00, -17245.69, 13498
13342, -17211.00, -17243.50, 13345
13347, -17209.00, -17241.32, 13206
13352, -17208.00, -17239.34, 13063
13357, -17206.00, -17237.28, 12925
13362, -17203.00, -17235.22, 12784
13367, -17202.00, -17233.16, 12640
13373, -17198.00, -17230.96, 12496
13378, -17195.00, -17228.65, 12367
13383, -17195.00, -17226.64, 12236
13389, -17192.00, -17224.53, 12117
13393, -17190.00, -17222.63, 11981
13399, -17189.00, -17220.40, 11863
13403, -17188.00, -17218.56, 11740
13408, -17184.00, -17216.58, 11626
13413, -17183.00, -17214.78, 11511
13418, -17182.00, -17212.94, 11386
13423, -17180.00, -17210.98, 11276
13427, -17178.00, -17209.23, 11168
13432, -17177.00, -17207.52, 11058
13436, -17175.00, -17205.80, 10936
13441, -17173.00, -17203.84, 10805
13446, -17171.00, -17201.80, 10690
13451, -17169.00, -17199.99, 10576
13456, -17168.00, -17198.18, 10441
13461, -17165.00, -17196.03, 10298
13467, -17163.00, -17193.88, 10168
13472, -17162.00, -17191.86, 10053
13477, -17158.00, -17190.07, 9929
13482, -17158.00, -17188.12, 9809
13487, -17156.00, -17186.30, 9674
13492, -17156.00, -17184.27, 9537
13497, -17154.00, -17182.33, 9403
13503, -17151.00, -17180.48, 9286
13507, -17150.00, -17178.83, 9170
13512, -17146.00, -17177.15, 9056
13516, -17145.00, -17175.45, 8940
13520, -17145.00, -17173.80, 8811
13525, -17141.00, -17171.94, 8688
13530, -17141.00, -17170.26, 8562
13534, -17138.00, -17168.53, 8418
13540, -17138.00, -17166.55, 8291
13544, -17136.00, -17164.88, 8127
13550, -17133.00, -17162.77, 7983
13555, -17132.00, -17160.85, 7847
13560, -17130.00, -17159.24, 7714
13564, -17127.00, -17157.53, 7581
13569, -17128.00, -17155.94, 7448
13573, -17126.00, -17154.39, 7312
13577, -17126.00, -17152.88, 7176
13582, -17122.00, -17151.34, 7013
13587, -17120.00, -17149.44, 6846
13592, -17120.00, -17147.64, 6672
13597, -17119.00, -17145.84, 6490
13602, -17116.00, -17144.08, 6334
13607, -17113.00, -17142.48, 6177
13611, -17112.00, -17140.87, 6016
13615, -17111.00, -17139.30, 5851
13620, -17110.00, -17137.78, 5667
13624, -17109.00, -17136.14, 5471
13629, -17105.00, -17134.40, 5292
13634, -17105.00, -17132.81, 5106
13638, -17103.00, -17131.25, 4913
13643, -17101.00, -17129.59, 4700
13648, -17101.00, -17127.95, 4502
13652, -17097.00, -17126.40, 4302
13656, -17097.00, -17124.84, 4068
13661, -17095.00, -17123.07, 3858
13666, -17092.00, -17121.37, 3612
13671, -17090.00, -17119.46, 3379
13676, -17090.00, -17117.66, 3168
13681, -17087.00, -17116.02, 2966
13685, -17086.00, -17114.43, 2772
13689, -17085.00, -17112.90, 2583
13694, -17084.00, -17111.40, 2389
13698, -17083.00, -17109.88, 2165
13704, -17080.00, -17108.06, 1950
13709, -17079.00, -17106.30, 1753
13713, -17076.00, -17104.68, 1572
13718, -17075.00, -17103.11, 1394
13722, -17074.00, -17101.57, 1190
13727, -17071.00, -17099.72, 1005
13732, -17071.00, -17098.12, 818
13737, -17069.00, -17096.45, 621
13742, -17067.00, -17094.68, 442
13746, -17064.00, -17093.07, 269
13751, -17064.00, -17091.43, 77
13756, -17062.00, -17089.66, -96
13761, -17060.00, -17087.97, -297
13766, -17058.00, -17086.09, -486
13771, -17055.00, -17084.20, -682
13777, -17055.00, -17082.25, -873
13782, -17052.00, -17080.43, -1061
13787, -17051.00, -17078.56, -1251
13793, -17048.00, -17076.68, -1439
13798, -17047.00, -17074.73, -1634
13804, -17045.00, -17072.78, -1804
13809, -17043.00, -17071.08, -1969
13813, -17041.00, -17069.43, -2138
13818, -17040.00, -17067.70, -2328
13824, -17038.00, -17065.74, -2522
13830, -17035.00, -17063.69, -2693
13835, -17034.00, -17061.96, -2857
13839, -17033.00, -17060.35, -3010
13844, -17033.00, -17058.82, -3207
13850, -17030.00, -17056.90, -3376
13854, -17027.00, -17055.25, -3548
13860, -17024.00, -17053.32, -3732
13865, -17023.00, -17051.40, -3924
13870, -17021.00, -17049.43, -4120
13876, -17020.00, -17047.44, -4304
13882, -17018.00, -17045.52, -4480
13887, -17015.00, -17043.79, -4675
13892, -17014.00, -17041.74, -4879
13898, -17012.00, -17039.75, -5095
13904, -17009.00, -17037.70, -5290
13909, -17007.00, -17035.78, -5468
13914, -17007.00, -17034.04, -5651
13919, -17004.00, -17032.23, -5850
13924, -17002.00, -17030.41, -6070
13930, -16999.00, -17028.31, -6279
13936, -16998.00, -17026.37, -6508
13942, -16995.00, -17024.22, -6734
13947, -16994.00, -17022.23, -6966
13953, -16992.00, -17020.23, -7162
13957, -16989.00, -17018.52, -7353
13962, -16989.00, -17016.88, -7561
13967, -16987.00, -17015.10, -7805
13972, -16986.00, -17013.19, -8048
13978, -16982.00, -17011.26, -8311
13984, -16981.00, -17009.16, -8586
13990, -16978.00, -17006.97, -8827
13995, -16977.00, -17005.21, -9122
14001, -16973.00, -17003.00, -9391
14006, -16973.00, -17001.04, -9690
14012, -16971.00, -16998.86, -9984
14018, -16969.00, -16997.04, -10283
14023, -16966.00, -16995.09, -10589
14029, -16964.00, -16993.01, -10897
14034, -16962.00, -16991.15, -11188
14039, -16961.00, -16989.38, -11516
14044, -16957.00, -16987.41, -11836
14049, -16956.00, -16985.47, -12135
14054, -16954.00, -16983.68, -12458
14059, -16953.00, -16981.79, -12779
14064, -16951.00, -16979.86, -13093
14070, -16949.00, -16977.97, -13378
14074, -16946.00, -16976.16, -13659
14080, -16944.00, -16974.24, -13934
14085, -16944.00, -16972.37, -14220
14090, -16941.00, -16970.40, -14486
14095, -16939.00, -16968.48, -14727
14100, -16936.00, -16966.60, -14981
14106, -16935.00, -16964.53, -15225
14111, -16933.00, -16962.63, -15464
14116, -16931.00, -16960.57, -15687
14122, -16928.00, -16958.61, -15921
14127, -16927.00, -16956.46, -16143
14133, -16924.00, -16954.36, -16366
14139, -16923.00, -16952.18, -16565
14144, -16921.00, -16950.20, -16765
14150, -16917.00, -16948.09, -16953
14155, -16917.00, -16946.05, -17148
14161, -16913.00, -16943.87, -17331
14166, -16911.00, -16941.70, -17532
14173, -16910.00, -16939.30, -17708
14178, -16907.00, -16937.20, -17870
14184, -16906.00, -16935.18, -18046
14190, -16904.00, -16933.01, -18200
14195, -16900.00, -16931.03, -18352
14200, -16899.00, -16928.98, -18500
14206, -16897.00, -16926.96, -18662
14212, -16894.00, -16924.70, -18802
14217, -16893.00, -16922.75, -18936
14222, -16890.00, -16920.84, -19078
14227, -16888.00, -16918.66, -19209
14232, -16887.00, -16916.75, -19337
14238, -16885.00, -16914.86, -19466
14243, -16883.00, -16912.90, -19603
14248, -16879.00, -16910.75, -19725
14253, -16879.00, -16908.81, -19857
14259, -16877.00, -16906.77, -19989
14264, -16874.00, -16904.63, -20120
14270, -16873.00, -16902.55, -20239
14275, -16870.00, -16900.64, -20372
14281, -16868.00, -16898.40, -20498
14286, -16865.00, -16896.25, -20613
14291, -16864.00, -16894.28, -20723
14296, -16863.00, -16892.46, -20836
14301, -16860.00, -16890.54, -20953
14307, -16857.00, -16888.50, -21069
14312, -16854.00, -16886.34, -21180
14317, -16852.00, -16884.35, -21298
14322, -16851.00, -16882.25, -21405
14327, -16849.00, -16880.35, -21519
14332, -16846.00, -16878.28, -21634
14337, -16844.00, -16876.19, -21754
14343, -16841.00, -16874.02, -21874
14348, -16841.00, -16871.79, -21985
14353, -16838.00, -16869.90, -22113
14359, -16835.00, -16867.45, -22235
14364, -16832.00, -16865.31, -22352
14369, -16831.00, -16863.18, -22471
14375, -16829.00, -16861.07, -22604
14380, -16827.00, -16858.74, -22716
14385, -16824.00, -16856.71, -22842
14391, -16822.00, -16854.30, -22989
14398, -16817.00, -16851.55, -23117
14403, -16818.00, -16849.38, -23248
14409, -16814.00, -16847.01, -23380
14415, -16811.00, -16844.69, -23502
14420, -16810.00, -16842.53, -23623
14425, -16807.00, -16840.42, -23758
14430, -16804.00, -16838.01, -23889
14436, -16801.00, -16835.66, -24009
14441, -16798.00, -16833.51, -24136
14446, -16796.00, -16831.16, -24268
14451, -16794.00, -16828.90, -24399
14456, -16793.00, -16826.64, -24545
14462, -16789.00, -16824.17, -24675
14467, -16788.00, -16821.99, -24806
14472, -16783.00, -16819.74, -24964
14478, -16781.00, -16817.03, -25099
14483, -16780.00, -16814.80, -25240
14489, -16777.00, -16812.46, -25395
14494, -16773.00, -16810.01, -25542
14499, -16771.00, -16807.64, -25686
14504, -16771.00, -16805.46, -25843
14509, -16766.00, -16803.12, -25989
14514, -16765.00, -16800.94, -26141
14519, -16763.00, -16798.72, -26316
14524, -16758.00, -16796.18, -26474
14529, -16756.00, -16793.88, -26625
14534, -16753.00, -16791.70, -26781
14538, -16751.00, -16789.52, -26937
14543, -16749.00, -16787.36, -27101
14547, -16746.00, -16785.16, -27267
14552, -16746.00, -16782.98, -27440
14556, -16742.00, -16780.82, -27628
14561, -16740.00, -16778.43, -27818
14566, -16737.00, -16776.13, -28024
14571, -16734.00, -16773.57, -28238
14576, -16731.00, -16771.14, -28463
14581, -16729.00, -16768.48, -28695
14586, -16727.00, -16765.88, -28918
14592, -16724.00, -16763.37, -29152
14597, -16720.00, -16760.71, -29370
14602, -16718.00, -16758.19, -29591
14607, -16713.00, -16755.54, -29811
14612, -16711.00, -16752.82, -30006
14617, -16708.00, -16750.35, -30221
14622, -16705.00, -16747.62, -30431
14627, -16702.00, -16744.86, -30634
14632, -16700.00, -16742.13, -30839
14637, -16695.00, -16739.40, -31025
14642, -16694.00, -16736.82, -31202
14646, -16690.00, -16734.37, -31393
14651, -16687.00, -16731.53, -31569
14656, -16684.00, -16728.98, -31735
14660, -16681.00, -16726.45, -31902
14665, -16678.00, -16723.89, -32081
14670, -16674.00, -16721.02, -32272
14675, -16671.00, -16718.00, -32433
14679, -16668.00, -16715.32, -32592
14684, -16665.00, -16712.67, -32771
14689, -16660.00, -16709.39, -32961
14694, -16658.00, -16706.12, -33144
14700, -16653.00, -16702.89, -33307
14704, -16650.00, -16700.02, -33466
14709, -16646.00, -16697.16, -33620
14713, -16644.00, -16694.28, -33779
14718, -16640.00, -16691.31, -33939
14723, -16638.00, -16688.30, -34115
14728, -16634.00, -16684.89, -34281
14733, -16630.00, -16681.82, -34452
14738, -16624.00, -16678.22, -34626
14743, -16622.00, -16674.83, -34810
14749, -16617.00, -16671.16, -34977
14754, -16613.00, -16667.69, -35159
14759, -16609.00, -16663.76, -35338
14765, -16605.00, -16660.08, -35506
14770, -16601.00, -16656.37, -35695
14776, -16595.00, -16652.46, -35886
14781, -16590.00, -16648.28, -36072
14787, -16589.00, -16644.17, -36254
14793, -16584.00, -16640.41, -36428
14798, -16578.00, -16636.62, -36600
14803, -16574.00, -16632.83, -36791
14809, -16568.00, -16628.50, -36966
14814, -16564.00, -16624.45, -37148
14819, -16560.00, -16620.44, -37325
14825, -16555.00, -16616.46, -37509
14830, -16549.00, -16612.28, -37688
14835, -16545.00, -16608.17, -37871
14840, -16540.00, -16604.12, -38063
14846, -16535.00, -16599.47, -38246
14851, -16531.00, -16595.68, -38411
14855, -16525.00, -16591.98, -38579
14859, -16520.00, -16588.22, -38746
14864, -16516.00, -16584.44, -38934
14869, -16511.00, -16580.18, -39116
14874, -16508.00, -16576.00, -39322
14879, -16502.00, -16571.54, -39522
14884, -16496.00, -16566.96, -39754
14890, -16490.00, -16561.94, -39952
14894, -16485.00, -16557.72, -40145
14899, -16482.00, -16553.58, -40338
14903, -16477.00, -16549.54, -40531
14908, -16473.00, -16545.52, -40731
14912, -16468.00, -16541.42, -40989
14918, -16459.00, -16535.60, -41265
14924, -16454.00, -16530.02, -41499
14929, -16448.00, -16525.65, -41755
14934, -16441.00, -16520.45, -42028
14939, -16435.00, -16515.05, -42281
14944, -16430.00, -16510.19, -42530
14949, -16425.00, -16505.59, -42778
14953, -16420.00, -16501.03, -43037
14958, -16414.00, -16496.35, -43297
14962, -16407.00, -16491.68, -43566
14967, -16402.00, -16486.89, -43883
14972, -16395.00, -16481.26, -44178
14976, -16389.00, -16476.35, -44499
14981, -16383.00, -16471.00, -44813
14986, -16377.00, -16465.59, -45133
14991, -16372.00, -16460.30, -45453
14996, -16363.00, -16454.65, -45783
15001, -16355.00, -16448.76, -46068
15005, -16348.00, -16443.34, -46362
15011, -16341.00, -16437.18, -46643
15015, -16336.00, -16431.73, -46903
15020, -16329.00, -16426.10, -47197
15025, -16319.00, -16419.45, -47447
15030, -16314.00, -16413.61, -47708
15035, -16306.00, -16407.39, -47951
15039, -16300.00, -16401.34, -48208
15045, -16291.00, -16394.32, -48430
15049, -16284.00, -16388.47, -48635
15054, -16278.00, -16382.61, -48844
15059, -16272.00, -16376.45, -49036
15063, -16264.00, -16370.56, -49226
15067, -16256.00, -16364.48, -49428
15073, -16249.00, -16357.61, -49627
15077, -16242.00, -16350.80, -49820
15082, -16233.00, -16343.95, -50006
15087, -16225.00, -16336.94, -50193
15093, -16215.00, -16329.62, -50379
15097, -16209.00, -16322.60, -50547
15102, -16199.00, -16315.43, -50711
15107, -16192.00, -16308.71, -50859
15111, -16184.00, -16302.19, -51007
15116, -16175.00, -16295.46, -51161
15121, -16166.00, -16288.25, -51321
15126, -16157.00, -16280.40, -51479
15131, -16149.00, -16272.68, -51637
15136, -16140.00, -16264.57, -51792
15141, -16132.00, -16256.86, -51935
15146, -16122.00, -16249.17, -52084
15151, -16114.00, -16241.16, -52224
15156, -16105.00, -16233.17, -52369
15161, -16096.00, -16225.26, -52501
15165, -16088.00, -16217.77, -52639
15170, -16076.00, -16209.06, -52776
15175, -16070.00, -16201.49, -52900
15180, -16063.00, -16194.01, -53024
15184, -16052.00, -16186.35, -53150
15189, -16045.00, -16178.65, -53276
15194, -16036.00, -16170.40, -53407
15198, -16029.00, -16162.33, -53524
15203, -16020.00, -16154.89, -53640
15207, -16010.00, -16147.37, -53762
15212, -16001.00, -16139.20, -53886
15217, -15993.00, -16130.84, -54018
15222, -15983.00, -16122.00, -54156
15227, -15973.00, -16112.82, -54273
15232, -15965.00, -16104.83, -54413
15237, -15956.00, -16095.14, -54555
15243, -15946.00, -16085.35, -54702
15248, -15935.00, -16075.82, -54841
15254, -15926.00, -16066.20, -54986
15259, -15914.00, -16056.09, -55134
15265, -15905.00, -16046.26, -55286
15271, -15893.00, -16035.70, -55431
15276, -15883.00, -16025.44, -55566
15282, -15873.00, -16016.32, -55693
15286, -15865.00, -16007.71, -55838
15292, -15856.00, -15997.72, -55993
15298, -15845.00, -15987.66, -56126
15303, -15838.00, -15978.83, -56269
15308, -15830.00, -15969.58, -56409
15313, -15821.00, -15960.29, -56546
15318, -15812.00, -15951.87, -56678
15323, -15804.00, -15943.55, -56827
15328, -15795.00, -15933.98, -56977
15333, -15787.00, -15924.93, -57108
15338, -15779.00, -15917.21, -57242
15342, -15771.00, -15909.21, -57375
15347, -15763.00, -15901.18, -57524
15352, -15754.00, -15892.52, -57681
15357, -15747.00, -15883.67, -57833
15362, -15739.00, -15874.95, -57991
15367, -15731.00, -15866.80, -58136
15371, -15724.00, -15859.23, -58303
15377, -15717.00, -15850.36, -58457
15381, -15707.00, -15842.76, -58622
15386, -15703.00, -15834.58, -58799
15391, -15693.00, -15826.07, -58980
15396, -15686.00, -15817.41, -59156
15401, -15680.00, -15809.98, -59363
15406, -15673.00, -15800.88, -59559
15411, -15665.00, -15792.87, -59739
15416, -15658.00, -15785.46, -59956
15421, -15651.00, -15776.96, -60191
15427, -15644.00, -15767.75, -60422
15432, -15636.00, -15759.73, -60669
15438, -15631.00, -15751.15, -60921
15443, -15623.00, -15742.98, -61175
15449, -15618.00, -15735.22, -61436
15454, -15611.00, -15727.06, -61707
15460, -15604.00, -15718.89, -61950
15465, -15597.00, -15711.42, -62191
15470, -15590.00, -15703.98, -62462
15476, -15582.00, -15695.30, -62707
15482, -15575.00, -15687.92, -62938
15487, -15569.00, -15680.80, -63155
15491, -15566.00, -15674.04, -63368
15496, -15559.00, -15667.39, -63582
15501, -15553.00, -15660.54, -63813
15507, -15546.00, -15653.05, -64043
15512, -15542.00, -15645.80, -64242
15517, -15536.00, -15639.57, -64454
15523, -15530.00, -15632.52, -64679
15528, -15526.00, -15625.30, -64878
15533, -15520.00, -15619.21, -65095
15539, -15514.00, -15612.15, -65286
15544, -15510.00, -15606.16, -65471
15549, -15505.00, -15600.27, -65668
15554, -15500.00, -15593.79, -65866
15559, -15494.00, -15587.59, -66057
15565, -15490.00, -15581.58, -66252
15570, -15485.00, -15575.35, -66439
15575, -15480.00, -15569.41, -66634
15581, -15474.00, -15563.40, -66817
15586, -15469.00, -15557.62, -66998
15591, -15464.00, -15551.89, -67171
15596, -15461.00, -15546.55, -67341
15601, -15457.00, -15541.40, -67505
15605, -15452.00, -15536.39, -67664
15610, -15450.00, -15531.69, -67821
15614, -15446.00, -15527.04, -67988
15619, -15441.00, -15521.95, -68173
15625, -15437.00, -15516.63, -68355
15630, -15433.00, -15511.26, -68539
15636, -15428.00, -15505.94, -68717
15641, -15424.00, -15501.08, -68914
15646, -15419.00, -15495.44, -69106
15652, -15415.00, -15490.15, -69298
15658, -15410.00, -15484.85, -69474
15663, -15405.00, -15479.81, -69673
15669, -15403.00, -15474.68, -69850
15674, -15398.00, -15470.01, -70032
15679, -15395.00, -15465.15, -70222
15684, -15392.00, -15460.66, -70400
15689, -15387.00, -15456.26, -70580
15695, -15384.00, -15451.79, -70772
15700, -15380.00, -15447.15, -70964
15705, -15377.00, -15442.88, -71136
15710, -15373.00, -15438.90, -71319
15715, -15370.00, -15434.74, -71496
15720, -15367.00, -15430.89, -71670
15724, -15364.00, -15427.25, -71839
15729, -15361.00, -15423.71, -72010
15733, -15358.00, -15420.18, -72207
15738, -15354.00, -15416.18, -72411
15744, -15352.00, -15412.12, -72602
15748, -15349.00, -15408.68, -72802
15753, -15345.00, -15404.89, -73008
15758, -15343.00, -15401.23, -73204
15763, -15340.00, -15397.77, -73421
15768, -15338.00, -15394.21, -73622
15773, -15335.00, -15390.92, -73856
15778, -15331.00, -15387.19, -74062
15783, -15330.00, -15384.01, -74295
15788, -15325.00, -15380.53, -74548
15793, -15322.00, -15376.83, -74790
15798, -15318.00, -15373.34, -75056
15803, -15317.00, -15369.73, -75324
15809, -15313.00, -15366.06, -75599
15814, -15312.00, -15362.84, -75864
15819, -15307.00, -15359.62, -76164
15824, -15306.00, -15356.10, -76447
15829, -15304.00, -15353.07, -76737
15834, -15300.00, -15350.03, -77047
15839, -15297.00, -15346.81, -77347
15844, -15294.00, -15343.73, -77628
15848, -15293.00, -15340.97, -77948
15854, -15290.00, -15337.82, -78277
15859, -15288.00, -15334.68, -78565
15864, -15285.00, -15331.84, -78852
15869, -15283.00, -15328.89, -79172
15874, -15281.00, -15325.70, -79461
15880, -15277.00, -15322.72, -79744
15885, -15274.00, -15319.57, -80032
15891, -15272.00, -15316.46, -80310
15896, -15268.00, -15313.24, -80575
15902, -15265.00, -15310.11, -80836
15908, -15263.00, -15306.79, -81075
15913, -15261.00, -15303.93, -81333
15919, -15258.00, -15300.68, -81542
15924, -15255.00, -15297.93, -81739
15929, -15253.00, -15295.28, -81938
15935, -15250.00, -15292.39, -82141
15940, -15248.00, -15289.68, -82339
15945, -15247.00, -15286.88, -82534
15951, -15242.00, -15284.00, -82723
15956, -15000.00, -15273.18, -82909
15962, -15238.00, -15262.90, -83085
15968, -15236.00, -15261.10, -83259
15973, -15232.00, -15259.38, -83421
15978, -15233.00, -15257.65, -83579
15983, -15230.00, -15255.99, -83733
15988, -15227.00, -15254.26, -83891
15994, -15224.00, -15252.37, -84036
15999, -15222.00, -15250.56, -84178
16004, -15219.00, -15248.72, -84327
16009, -15218.00, -15246.72, -84459
16014, -15215.00, -15244.93, -84584
16019, -15214.00, -15243.21, -84720
16024, -15212.00, -15241.29, -84857
16029, -15209.00, -15239.32, -84986
16034, -15206.00, -15237.36, -85131
16040, -15207.00, -15235.20, -85275
16046, -15203.00, -15233.05, -85411
16051, -15200.00, -15231.00, -85544
16057, -15199.00, -15228.93, -85672
16062, -15196.00, -15226.90, -85796
16067, -15195.00, -15224.93, -85911
16072, -15193.00, -15223.08, -86021
16077, -15191.00, -15221.30, -86132
16082, -15188.00, -15219.48, -86248
16087, -15188.00, -15217.52, -86362
16092, -15185.00, -15215.58, -86480
16097, -15183.00, -15213.56, -86602
16103, -15179.00, -15211.38, -86728
16108, -15178.00, -15209.19, -86852
16114, -15177.00, -15207.07, -86973
16119, -15175.00, -15205.03, -87097
16124, -15173.00, -15202.96, -87223
16130, -15171.00, -15200.86, -87349
16136, -15169.00, -15198.79, -87473
16141, -15166.00, -15196.71, -87595
16147, -15163.00, -15194.56, -87720
16152, -15161.00, -15192.30, -87850
16158, -15160.00, -15190.14, -87973
16163, -15157.00, -15188.08, -88090
16168, -15155.00, -15186.08, -88203
16173, -15154.00, -15184.19, -88315
16178, -15152.00, -15182.33, -88423
16183, -15152.00, -15180.58, -88554
16189, -15149.00, -15178.49, -88673
16194, -15145.00, -15176.55, -88781
16198, -15144.00, -15174.79, -88886
16203, -15145.00, -15173.13, -89019
16208, -15141.00, -15171.07, -89134
16213, -15139.00, -15169.24, -89258
16218, -15137.00, -15167.28, -89388
16224, -15135.00, -15165.25, -89521
16229, -15133.00, -15163.17, -89644
16234, -15131.00, -15161.31, -89777
16239, -15130.00, -15159.28, -89924
16245, -15128.00, -15157.19, -90060
16250, -15125.00, -15155.23, -90203
16256, -15124.00, -15153.07, -90353
16261, -15122.00, -15151.12, -90493
16267, -15121.00, -15149.22, -90649
16272, -15117.00, -15147.15, -90789
16277, -15117.00, -15145.34, -90930
16282, -15116.00, -15143.59, -91083
16288, -15112.00, -15141.60, -91245
16293, -15111.00, -15139.65, -91396
16298, -15109.00, -15137.82, -91572
16304, -15106.00, -15135.70, -91753
16310, -15103.00, -15133.52, -91921
16315, -15102.00, -15131.58, -92083
16320, -15099.00, -15129.72, -92272
16325, -15100.00, -15127.67, -92458
16331, -15098.00, -15125.78, -92661
16336, -15095.00, -15123.79, -92870
16342, -15094.00, -15121.79, -93071
16347, -15092.00, -15119.93, -93285
16353, -15089.00, -15117.96, -93541
16359, -15088.00, -15115.72, -93776
16365, -15087.00, -15113.76, -94005
16370, -15083.00, -15111.92, -94231
16375, -15081.00, -15110.04, -94452
16381, -15079.00, -15108.12, -94682
16386, -15077.00, -15106.25, -94899
16391, -15076.00, -15104.42, -95126
16396, -15074.00, -15102.52, -95348
16401, -15071.00, -15100.61, -95556
16406, -15071.00, -15098.83, -95760
16411, -15069.00, -15097.02, -95963
16416, -15069.00, -15095.35, -96145
16421, -15067.00, -15093.84, -96351
16426, -15065.00, -15091.99, -96555
16431, -15062.00, -15090.25, -96752
16436, -15061.00, -15088.45, -96953
16442, -15060.00, -15086.59, -97145
16447, -15058.00, -15084.91, -97336
16452, -15055.00, -15083.07, -97539
16458, -15053.00, -15081.05, -97743
16463, -15053.00, -15079.22, -97929
16469, -15051.00, -15077.47, -98124
16474, -15047.00, -15075.57, -98311
16479, -15046.00, -15073.65, -98502
16485, -15044.00, -15071.75, -98692
16491, -15042.00, -15069.78, -98876
16496, -15040.00, -15067.94, -99057
16501, -15039.00, -15066.02, -99245
16507, -15036.00, -15064.16, -99424
16512, -15033.00, -15062.23, -99599
16517, -15032.00, -15060.31, -99795
16523, -15030.00, -15058.23, -99964
16528, -15029.00, -15056.43, -100136
16534, -15027.00, -15054.59, -100320
16539, -15024.00, -15052.68, -100492
16545, -15022.00, -15050.71, -100682
16550, -15021.00, -15048.71, -100885
16556, -15017.00, -15046.48, -101070
16562, -15017.00, -15044.42, -101249
16568, -15016.00, -15042.63, -101462
16574, -15015.00, -15040.43, -101645
16579, -15011.00, -15038.68, -101827
16585, -15008.00, -15036.72, -101996
16590, -15008.00, -15034.96, -102177
16595, -15006.00, -15033.11, -102348
16601, -15004.00, -15031.35, -102530
16606, -15002.00, -15029.47, -102695
16611, -15000.00, -15027.81, -102957
16619, -14997.00, -15025.12, -103116
16623, -14997.00, -15023.50, -103291
16628, -14996.00, -15021.87, -103467
16633, -14993.00, -15020.15, -103657
16639, -14991.00, -15018.35, -103858
16644, -14989.00, -15016.39, -104059
16650, -14988.00, -15014.57, -104248
16655, -14985.00, -15012.82, -104441
16660, -14984.00, -15011.05, -104661
16666, -14982.00, -15009.09, -104865
16671, -14980.00, -15007.30, -105093
16677, -14978.00, -15005.32, -105294
16682, -14976.00, -15003.62, -105512
16687, -14975.00, -15001.71, -105731
16692, -14972.00, -14999.98, -105958
16698, -14971.00, -14998.15, -106194
16703, -14969.00, -14996.23, -106439
16708, -14968.00, -14994.43, -106666
16713, -14965.00, -14992.74, -106893
16718, -14963.00, -14991.02, -107138
16723, -14963.00, -14989.27, -107388
16729, -14961.00, -14987.58, -107648
16734, -14959.00, -14985.86, -107897
16739, -14956.00, -14984.18, -108184
16744, -14955.00, -14982.26, -108472
16749, -14953.00, -14980.45, -108786
16755, -14951.00, -14978.53, -109097
16760, -14948.00, -14976.65, -109421
16766, -14946.00, -14974.73, -109750
16771, -14948.00, -14972.84, -109920
16777, -14950.00, -14971.20, -109930
16782, -14954.00, -14970.01, -109841
16787, -14954.00, -14968.94, -109680
16793, -14956.00, -14967.95, -109472
16799, -14957.00, -14967.21, -109221
16804, -14961.00, -14966.65, -108957
16810, -14962.00, -14966.30, -108704
16815, -14964.00, -14966.09, -108455
16820, -14966.00, -14966.03, -108197
16825, -14967.00, -14966.06, -107961
16830, -14968.00, -14966.14, -107732
16834, -14971.00, -14966.33, -107498
16839, -14973.00, -14966.65, -107275
16844, -14974.00, -14967.04, -107057
16848, -14975.00, -14967.46, -106816
16853, -14977.00, -14967.99, -106596
16858, -14980.00, -14968.59, -106362
16863, -14980.00, -14969.32, -106137
16868, -14983.00, -14970.04, -105919
16873, -14984.00, -14970.87, -105706
16878, -14987.00, -14971.74, -105487
16883, -14988.00, -14972.73, -105290
16888, -14990.00, -14973.67, -105103
16893, -14991.00, -14974.63, -104914
16897, -14993.00, -14975.61, -104734
16902, -14994.00, -14976.61, -104515
16907, -14997.00, -14977.90, -104327
16912, -14998.00, -14979.07, -104153
16917, -14999.00, -14980.16, -103977
16922, -15001.00, -14981.31, -103801
16926, -15003.00, -14982.49, -103624
16931, -15005.00, -14983.76, -103464
16936, -15006.00, -14984.94, -103287
16941, -15008.00, -14986.30, -103107
16946, -15010.00, -14987.70, -102929
16951, -15010.00, -14989.11, -102742
16956, -15013.00, -14990.57, -102562
16961, -15015.00, -14992.02, -102405
16966, -15017.00, -14993.37, -102228
16971, -15020.00, -14994.95, -102035
16977, -15022.00, -14996.76, -101863
16982, -15023.00, -14998.37, -101677
16988, -15025.00, -15000.09, -101487
16993, -15026.00, -15001.80, -101307
16999, -15028.00, -15003.49, -101118
17004, -15030.00, -15005.17, -100947
17009, -15031.00, -15006.75, -100771
17015, -15033.00, -15008.49, -100588
17020, -15035.00, -15010.07, -100418
17025, -15038.00, -15011.69, -100243
17030, -15039.00, -15013.41, -100064
17036, -15041.00, -15015.17, -99884
17041, -15043.00, -15016.88, -99708
17046, -15045.00, -15018.59, -99532
17051, -15047.00, -15020.32, -99363
17056, -15049.00, -15021.98, -99191
17061, -15051.00, -15023.72, -99017
17067, -15052.00, -15025.53, -98823
17072, -15055.00, -15027.35, -98635
17078, -15056.00, -15029.23, -98441
17083, -15058.00, -15031.08, -98246
17089, -15059.00, -15032.95, -98044
17094, -15061.00, -15034.78, -97840
17100, -15062.00, -15036.64, -97642
17105, -15065.00, -15038.36, -97460
17110, -15068.00, -15040.05, -97261
17115, -15070.00, -15041.94, -97054
17121, -15071.00, -15043.81, -96821
17127, -15073.00, -15045.88, -96605
17132, -15076.00, -15047.81, -96388
17138, -15078.00, -15049.74, -96158
17144, -15078.00, -15051.73, -95945
17149, -15080.00, -15053.37, -95719
17154, -15084.00, -15055.26, -95468
17160, -15085.00, -15057.28, -95239
17165, -15087.00, -15059.13, -94998
17170, -15089.00, -15061.01, -94744
17176, -15091.00, -15062.96, -94518
17181, -15093.00, -15064.72, -94263
17187, -15094.00, -15066.73, -94015
17192, -15097.00, -15068.68, -93786
17198, -15097.00, -15070.50, -93559
17203, -15101.00, -15072.37, -93356
17208, -15103.00, -15074.12, -93141
17213, -15104.00, -15076.04, -92933
17218, -15109.00, -15078.00, -92709
17224, -15108.00, -15080.13, -92513
17229, -15111.00, -15082.01, -92314
17235, -15113.00, -15083.98, -92127
17241, -15114.00, -15086.11, -91929
17246, -15117.00, -15087.92, -91757
17251, -15117.00, -15089.75, -91599
17256, -15120.00, -15091.38, -91448
17261, -15120.00, -15093.05, -91292
17265, -15124.00, -15094.76, -91137
17270, -15126.00, -15096.61, -90975
17276, -15127.00, -15098.60, -90834
17280, -15129.00, -15100.23, -90678
17286, -15131.00, -15102.18, -90513
17292, -15134.00, -15104.32, -90359
17297, -15135.00, -15106.30, -90203
17303, -15137.00, -15108.35, -90057
17308, -15140.00, -15110.32, -89916
17313, -15142.00, -15112.22, -89768
17319, -15145.00, -15114.30, -89633
17324, -15147.00, -15116.33, -89505
17329, -15150.00, -15118.22, -89353
17335, -15150.00, -15120.47, -89228
17339, -15152.00, -15122.27, -89104
17344, -15154.00, -15124.12, -88986
17349, -15156.00, -15125.92, -88857
17354, -15157.00, -15127.89, -88727
17360, -15159.00, -15129.78, -88604
17365, -15161.00, -15131.61, -88484
17369, -15164.00, -15133.44, -88373
17374, -15166.00, -15135.23, -88262
17379, -15168.00, -15136.99, -88144
17384, -15169.00, -15138.90, -88024
17388, -15172.00, -15140.78, -87903
17393, -15174.00, -15142.78, -87788
17398, -15176.00, -15144.68, -87669
17403, -15178.00, -15146.64, -87547
17408, -15179.00, -15148.61, -87423
17414, -15182.00, -15150.72, -87298
17419, -15184.00, -15152.69, -87170
17424, -15186.00, -15154.80, -87047
17429, -15188.00, -15156.79, -86929
17434, -15190.00, -15158.72, -86803
17439, -15193.00, -15160.80, -86677
17445, -15194.00, -15162.93, -86555
17450, -15196.00, -15164.96, -86418
17455, -15200.00, -15167.17, -86296
17460, -15201.00, -15169.17, -86181
17465, -15203.00, -15171.04, -86054
17470, -15206.00, -15173.15, -85916
17476, -15208.00, -15175.46, -85783
17481, -15210.00, -15177.55, -85643
17486, -15213.00, -15179.78, -85501
17492, -15215.00, -15182.11, -85375
17497, -15217.00, -15184.05, -85249
17501, -15220.00, -15186.02, -85106
17507, -15222.00, -15188.40, -84970
17512, -15225.00, -15190.48, -84835
17517, -15227.00, -15192.57, -84682
17522, -15229.00, -15194.95, -84521
17528, -15233.00, -15197.44, -84366
17533, -15234.00, -15199.81, -84212
17539, -15237.00, -15202.12, -84046
17544, -15239.00, -15204.51, -83888
17549, -15242.00, -15206.84, -83709
17555, -15245.00, -15209.38, -83540
17560, -15246.00, -15211.71, -83376
17565, -15249.00, -15213.90, -83214
17570, -15250.00, -15216.00, -83053
17575, -15254.00, -15218.08, -82877
17580, -15256.00, -15220.35, -82718
17585, -15258.00, -15222.39, -82553
17589, -15261.00, -15224.44, -82381
17594, -15263.00, -15226.58, -82198
17599, -15266.00, -15228.86, -82001
17604, -15268.00, -15231.20, -81794
17609, -15271.00, -15233.72, -81576
17615, -15274.00, -15236.21, -81353
17620, -15276.00, -15238.75, -81148
17625, -15278.00, -15240.92, -80935
17629, -15282.00, -15243.21, -80698
17635, -15283.00, -15245.77, -80473
17639, -15286.00, -15247.98, -80241
17644, -15289.00, -15250.31, -79979
17650, -15291.00, -15252.96, -79667
17656, -15295.00, -15255.78, -79382
17661, -15296.00, -15258.29, -79051
17667, -15300.00, -15261.08, -78738
17672, -15302.00, -15263.66, -78425
17677, -15305.00, -15266.15, -78105
17682, -15307.00, -15268.65, -77811
17687, -15310.00, -15271.01, -77519
17692, -15314.00, -15273.37, -77242
17696, -15315.00, -15275.73, -76923
17702, -15318.00, -15278.44, -76623
17707, -15322.00, -15281.05, -76363
17712, -15323.00, -15283.43, -76100
17716, -15326.00, -15285.80, -75836
17722, -15329.00, -15288.39, -75559
17727, -15333.00, -15291.04, -75306
17732, -15336.00, -15293.72, -75029
17737, -15338.00, -15296.69, -74758
17743, -15343.00, -15299.72, -74506
17748, -15345.00, -15302.63, -74245
17754, -15348.00, -15305.66, -74011
17759, -15352.00, -15308.50, -73794
17764, -15356.00, -15311.26, -73561
17770, -15358.00, -15314.32, -73317
17776, -15362.00, -15317.55, -73089
17781, -15365.00, -15320.63, -72870
17787, -15368.00, -15323.66, -72646
17792, -15371.00, -15326.82, -72440
17798, -15375.00, -15329.79, -72244
17803, -15378.00, -15332.63, -72059
17808, -15383.00, -15335.49, -71872
17813, -15385.00, -15338.45, -71688
17818, -15388.00, -15341.35, -71517
17822, -15392.00, -15344.21, -71340
17827, -15395.00, -15347.09, -71166
17832, -15399.00, -15350.13, -70981
17837, -15401.00, -15353.18, -70785
17843, -15406.00, -15356.58, -70618
17848, -15410.00, -15359.61, -70434
17853, -15413.00, -15363.22, -70249
17859, -15417.00, -15366.52, -70061
17864, -15423.00, -15370.16, -69883
17869, -15426.00, -15373.61, -69696
17875, -15431.00, -15377.32, -69524
17880, -15434.00, -15380.75, -69330
17886, -15439.00, -15384.62, -69137
17892, -15443.00, -15388.59, -68962
17897, -15447.00, -15392.22, -68790
17902, -15452.00, -15395.72, -68633
17906, -15456.00, -15399.02, -68474
17911, -15461.00, -15402.49, -68322
17916, -15464.00, -15405.92, -68167
17920, -15469.00, -15409.24, -68017
17925, -15473.00, -15412.64, -67865
17929, -15476.00, -15416.02, -67715
17934, -15480.00, -15419.44, -67559
17938, -15483.00, -15422.85, -67410
17943, -15488.00, -15426.22, -67242
17948, -15492.00, -15430.25, -67057
17953, -15498.00, -15434.42, -66880
17958, -15502.00, -15438.45, -66702
17963, -15508.00, -15442.58, -66531
17969, -15513.00, -15446.75, -66363
17973, -15518.00, -15450.57, -66202
17978, -15522.00, -15454.48, -66025
17983, -15526.00, -15458.78, -65842
17988, -15533.00, -15463.18, -65659
17993, -15537.00, -15467.48, -65495
17997, -15543.00, -15471.44, -65330
18002, -15547.00, -15475.57, -65154
18006, -15553.00, -15479.79, -64978
18011, -15558.00, -15484.10, -64790
18016, -15564.00, -15488.76, -64609
18021, -15568.00, -15493.17, -64403
18026, -15575.00, -15498.20, -64199
18031, -15580.00, -15503.16, -63999
18036, -15586.00, -15507.91, -63774
18042, -15593.00, -15513.57, -63559
18047, -15598.00, -15518.59, -63327
18052, -15605.00, -15524.20, -63097
18058, -15612.00, -15529.54, -62871
18063, -15618.00, -15535.12, -62620
18068, -15624.00, -15540.67, -62381
18074, -15629.00, -15546.20, -62142
18079, -15636.00, -15551.57, -61884
18084, -15645.00, -15557.48, -61627
18090, -15653.00, -15564.04, -61367
18095, -15660.00, -15569.89, -61146
18100, -15667.00, -15575.51, -60929
18105, -15673.00, -15581.17, -60716
18110, -15680.00, -15586.89, -60509
18115, -15000.00, -15572.13, -60316
18120, -15691.00, -15559.45, -60130
18124, -15698.00, -15566.96, -59955
18129, -15704.00, -15574.38, -59777
18133, -15712.00, -15581.76, -59594
18138, -15717.00, -15589.80, -59418
18143, -15725.00, -15597.21, -59244
18148, -15733.00, -15605.00, -59084
18152, -15740.00, -15612.18, -58932
18156, -15747.00, -15619.24, -58778
18161, -15754.00, -15626.48, -58616
18166, -15762.00, -15634.20, -58468
18170, -15768.00, -15641.35, -58325
18175, -15774.00, -15648.41, -58165
18180, -15782.00, -15656.50, -58010
18185, -15791.00, -15664.50, -57856
18190, -15799.00, -15672.77, -57708
18195, -15807.00, -15680.16, -57578
18199, -15813.00, -15687.21, -57448
18204, -15821.00, -15694.25, -57301
18209, -15830.00, -15702.45, -57173
18213, -15837.00, -15709.74, -57050
18218, -15845.00, -15716.78, -56926
18222, -15853.00, -15724.04, -56804
18227, -15859.00, -15731.21, -56667
18232, -15870.00, -15739.43, -56538
18236, -15876.00, -15747.16, -56403
18242, -15886.00, -15755.52, -56269
18247, -15895.00, -15763.86, -56129
18252, -15905.00, -15772.63, -55998
18257, -15915.00, -15780.98, -55865
18262, -15923.00, -15789.68, -55736
18267, -15932.00, -15797.99, -55597
18273, -15942.00, -15807.43, -55475
18277, -15950.00, -15815.21, -55333
18283, -15957.00, -15824.80, -55199
18288, -15968.00, -15833.60, -55066
18293, -15977.00, -15842.44, -54933
18299, -15988.00, -15851.42, -54757
18306, -15999.00, -15863.32, -54626
18311, -16011.00, -15872.31, -54477
18317, -16020.00, -15882.52, -54332
18323, -16031.00, -15893.78, -54170
18329, -16042.00, -15903.61, -54020
18335, -16052.00, -15913.68, -53878
18340, -16063.00, -15923.29, -53736
18346, -16076.00, -15933.41, -53601
18352, -16085.00, -15943.32, -53461
18357, -16095.00, -15952.88, -53323
18362, -16104.00, -15962.13, -53192
18367, -16112.00, -15970.93, -53057
18372, -16122.00, -15980.16, -52918
18377, -16131.00, -15989.33, -52781
18382, -16139.00, -15998.11, -52639
18388, -16148.00, -16007.41, -52494
18393, -16156.00, -16016.44, -52348
18398, -16164.00, -16025.99, -52176
18404, -16176.00, -16036.59, -52015
18410, -16184.00, -16045.81, -51863
18415, -16193.00, -16055.23, -51708
18420, -16201.00, -16063.69, -51522
18426, -16213.00, -16074.53, -51358
18431, -16223.00, -16083.90, -51198
18437, -16229.00, -16092.75, -51032
18442, -16239.00, -16101.78, -50868
18447, -16247.00, -16110.53, -50706
18452, -16255.00, -16118.92, -50535
18457, -16263.00, -16127.51, -50375
18462, -16270.00, -16135.38, -50211
18466, -16276.00, -16143.30, -50045
18471, -16283.00, -16151.03, -49864
18476, -16290.00, -16159.24, -49682
18481, -16297.00, -16167.12, -49508
18485, -16304.00, -16174.54, -49306
18491, -16312.00, -16183.26, -49109
18495, -16318.00, -16190.67, -48908
18500, -16325.00, -16198.66, -48695
18505, -16331.00, -16206.24, -48493
18510, -16337.00, -16213.36, -48276
18514, -16344.00, -16220.93, -48002
18520, -16350.00, -16229.72, -47743
18525, -16359.00, -16237.73, -47475
18531, -16367.00, -16246.04, -47175
18537, -16376.00, -16254.70, -46857
18542, -16383.00, -16263.32, -46564
18547, -16390.00, -16270.92, -46249
18553, -16397.00, -16278.67, -45903
18558, -16402.00, -16287.11, -45546
18564, -16410.00, -16295.12, -45208
18569, -16415.00, -16302.51, -44889
18574, -16420.00, -16309.48, -44578
18579, -16427.00, -16316.30, -44235
18584, -16433.00, -16323.90, -43918
18590, -16439.00, -16331.26, -43621
18595, -16445.00, -16337.88, -43306
18600, -16451.00, -16345.46, -42996
18606, -16456.00, -16352.84, -42703
18611, -16463.00, -16359.69, -42421
18617, -16471.00, -16366.82, -42132
18622, -16476.00, -16374.02, -41860
18628, -16482.00, -16381.03, -41572
18634, -16487.00, -16388.62, -41314
18639, -16493.00, -16395.36, -41074
18645, -16498.00, -16401.64, -40817
18650, -16505.00, -16408.65, -40576
18656, -16511.00, -16415.28, -40333
18662, -16516.00, -16422.06, -40116
18667, -16522.00, -16428.19, -39896
18672, -16527.00, -16434.67, -39672
18677, -16532.00, -16440.69, -39479
18682, -16536.00, -16446.17, -39296
18687, -16541.00, -16451.42, -39112
18692, -16545.00, -16456.90, -38903
18697, -16550.00, -16462.96, -38689
18703, -16556.00, -16469.25, -38508
18708, -16559.00, -16474.38, -38340
18712, -16563.00, -16479.13, -38153
18718, -16568.00, -16484.90, -37977
18722, -16572.00, -16489.72, -37817
18727, -16576.00, -16494.34, -37655
18732, -16579.00, -16499.28, -37487
18737, -16583.00, -16504.04, -37319
18742, -16589.00, -16508.97, -37152
18746, -16591.00, -16513.76, -36965
18752, -16597.00, -16519.37, -36782
18758, -16601.00, -16524.56, -36600
18763, -16605.00, -16529.71, -36422
18768, -16610.00, -16534.80, -36227
18774, -16614.00, -16540.26, -36052
18780, -16618.00, -16545.19, -35874
18785, -16623.00, -16550.10, -35689
18790, -16627.00, -16555.10, -35516
18796, -16630.00, -16559.86, -35329
18801, -16633.00, -16564.77, -35148
18807, -16638.00, -16569.49, -34963
18812, -16645.00, -16574.39, -34789
18818, -16648.00, -16579.07, -34613
18823, -16651.00, -16583.42, -34437
18828, -16655.00, -16587.87, -34272
18833, -16659.00, -16592.09, -34078
18839, -16661.00, -16596.83, -33905
18844, -16663.00, -16600.86, -33747
18849, -16669.00, -16604.58, -33573
18854, -16672.00, -16608.81, -33395
18859, -16675.00, -16612.89, -33220
18864, -16679.00, -16616.82, -33031
18870, -16682.00, -16621.20, -32831
18875, -16686.00, -16625.42, -32635
18881, -16689.00, -16629.54, -32440
18886, -16692.00, -16633.63, -32242
18892, -16695.00, -16637.58, -32052
18897, -16698.00, -16641.25, -31868
18902, -16701.00, -16644.78, -31685
18907, -16705.00, -16648.26, -31504
18912, -16708.00, -16651.70, -31291
18917, -16710.00, -16655.65, -31070
18923, -16715.00, -16659.47, -30859
18928, -16718.00, -16663.11, -30639
18934, -16720.00, -16666.91, -30405
18940, -16724.00, -16670.88, -30182
18945, -16727.00, -16674.22, -29944
18950, -16730.00, -16677.91, -29700
18956, -16734.00, -16681.55, -29463
18961, -16736.00, -16685.02, -29231
18966, -16739.00, -16688.33, -28996
18971, -16742.00, -16691.64, -28771
18977, -16745.00, -16694.84, -28556
18981, -16747.00, -16697.88, -28358
18986, -16749.00, -16700.68, -28145
18991, -16752.00, -16703.84, -27944
18996, -16755.00, -16706.71, -27768
19000, -16758.00, -16709.39, -27591
19005, -16760.00, -16712.12, -27413
19009, -16762.00, -16714.86, -27231
19014, -16765.00, -16717.74, -27040
19020, -16768.00, -16720.90, -26875
19024, -16771.00, -16723.60, -26694
19029, -16774.00, -16726.75, -26518
19034, -16774.00, -16729.56, -26358
19039, -16778.00, -16732.36, -26194
19044, -16781.00, -16735.14, -26018
19050, -16783.00, -16738.31, -25852
19055, -16786.00, -16741.24, -25689
19061, -16788.00, -16744.35, -25527
19066, -16790.00, -16747.12, -25360
19071, -16793.00, -16750.25, -25211
19076, -16794.00, -16752.91, -25050
19082, -16798.00, -16755.93, -24892
19088, -16800.00, -16758.77, -24739
19093, -16804.00, -16761.80, -24574
19099, -16808.00, -16764.95, -24432
19105, -16809.00, -16767.73, -24298
19110, -16811.00, -16770.33, -24173
19114, -16815.00, -16772.81, -24050
19119, -16816.00, -16775.29, -23925
19124, -16818.00, -16777.78, -23801
19129, -16821.00, -16780.19, -23684
19133, -16822.00, -16782.54, -23571
19138, -16824.00, -16784.81, -23457
19143, -16825.00, -16787.00, -23331
19148, -16830.00, -16789.61, -23207
19153, -16833.00, -16792.21, -23085
19158, -16834.00, -16794.71, -22952
19163, -16836.00, -16797.39, -22827
19169, -16840.00, -16800.07, -22698
19174, -16841.00, -16802.65, -22565
19180, -16845.00, -16805.65, -22435
19185, -16845.00, -16808.02, -22326
19190, -16849.00, -16810.23, -22210
19195, -16850.00, -16812.62, -22082
19200, -16851.00, -16815.08, -21958
19205, -16855.00, -16817.49, -21839
19211, -16857.00, -16819.93, -21721
19215, -16859.00, -16822.17, -21612
19220, -16860.00, -16824.29, -21499
19225, -16863.00, -16826.45, -21390
19229, -16865.00, -16828.55, -21280
19234, -16867.00, -16830.69, -21172
19239, -16870.00, -16832.79, -21064
19243, -16870.00, -16834.91, -20959
19248, -16873.00, -16836.93, -20837
19253, -16875.00, -16839.41, -20713
19258, -16877.00, -16841.53, -20586
19263, -16879.00, -16843.85, -20455
19269, -16881.00, -16846.37, -20317
19274, -16885.00, -16848.71, -20186
19280, -16887.00, -16851.10, -20053
19285, -16888.00, -16853.54, -19898
19291, -16891.00, -16856.14, -19763
19296, -16893.00, -16858.43, -19612
19302, -16897.00, -16861.01, -19471
19307, -16898.00, -16863.37, -19319
19313, -16898.00, -16865.78, -19157
19319, -16903.00, -16868.34, -19009
19325, -16905.00, -16870.65, -18870
19330, -16907.00, -16872.84, -18728
19335, -16909.00, -16874.97, -18565
19340, -16912.00, -16877.41, -18414
19346, -16912.00, -16879.62, -18237
19352, -16915.00, -16882.07, -18071
19357, -16916.00, -16884.24, -17908
19362, -16920.00, -16886.47, -17734
19368, -16922.00, -16888.80, -17563
19373, -16925.00, -16890.92, -17399
19378, -16926.00, -16893.03, -17217
19383, -16928.00, -16895.22, -17044
19388, -16929.00, -16897.26, -16861
19394, -16932.00, -16899.40, -16653
19399, -16935.00, -16901.79, -16455
19405, -16938.00, -16904.02, -16254
19410, -16938.00, -16906.17, -16043
19415, -16941.00, -16908.29, -15794
19421, -16942.00, -16910.81, -15573
19426, -16944.00, -16912.77, -15344
19432, -16946.00, -16914.92, -15093
19437, -16948.00, -16917.01, -14851
19442, -16951.00, -16919.02, -14586
19448, -16952.00, -16921.20, -14317
19453, -16956.00, -16923.29, -14032
19459, -16955.00, -16925.46, -13754
19463, -16958.00, -16927.32, -13479
19468, -16960.00, -16929.15, -13213
19473, -16961.00, -16930.89, -12938
19477, -16963.00, -16932.64, -12595
19483, -16965.00, -16934.77, -12253
19489, -16967.00, -16936.96, -11960
19493, -16969.00, -16938.75, -11622
19499, -16970.00, -16940.88, -11316
19504, -16973.00, -16942.82, -11026
19510, -16975.00, -16944.77, -10711
19515, -16976.00, -16946.85, -10402
19521, -16979.00, -16949.00, -10140
19526, -16980.00, -16950.77, -9862
19531, -16982.00, -16952.76, -9599
19537, -16985.00, -16954.81, -9319
19542, -16987.00, -16956.92, -9036
19548, -16987.00, -16959.02, -8790
19553, -16989.00, -16960.85, -8557
19559, -16992.00, -16962.83, -8298
19564, -16993.00, -16964.81, -8056
19570, -16995.00, -16966.80, -7829
19575, -16998.00, -16968.75, -7598
19580, -17001.00, -16970.77, -7371
19586, -17003.00, -16972.88, -7143
19592, -17003.00, -16974.99, -6931
19597, -17004.00, -16976.79, -6738
19602, -17007.00, -16978.52, -6543
19607, -17009.00, -16980.34, -6350
19612, -17010.00, -16982.13, -6150
19618, -17013.00, -16984.09, -5933
19623, -17015.00, -16986.21, -5731
19629, -17018.00, -16988.19, -5543
19634, -17020.00, -16990.16, -5337
19640, -17020.00, -16992.24, -5155
19645, -17023.00, -16994.05, -4958
19651, -17025.00, -16996.13, -4778
19656, -17026.00, -16998.00, -4606
19661, -17028.00, -16999.80, -4436
19666, -17030.00, -17001.50, -4269
19671, -17032.00, -17003.32, -4098
19676, -17032.00, -17005.08, -3934
19680, -17034.00, -17006.69, -3762
19686, -17037.00, -17008.53, -3605
19690, -17037.00, -17010.10, -3454
19695, -17039.00, -17011.65, -3287
19700, -17040.00, -17013.35, -3106
19705, -17043.00, -17015.23, -2946
19710, -17046.00, -17016.92, -2790
19715, -17046.00, -17018.54, -2602
19721, -17048.00, -17020.58, -2435
19725, -17049.00, -17022.16, -2254
19731, -17052.00, -17024.10, -2072
19736, -17054.00, -17026.00, -1901
19741, -17055.00, -17027.72, -1712
19747, -17058.00, -17029.62, -1511
19753, -17061.00, -17031.79, -1330
19758, -17060.00, -17033.59, -1141
19763, -17063.00, -17035.44, -950
19769, -17064.00, -17037.27, -762
19774, -17066.00, -17039.08, -575
19779, -17069.00, -17040.90, -388
19784, -17069.00, -17042.69, -193
19790, -17072.00, -17044.52, -5
19795, -17074.00, -17046.37, 198
19800, -17075.00, -17048.15, 391
19806, -17077.00, -17049.92, 594
19811, -17079.00, -17051.80, 804
19816, -17083.00, -17053.70, 1015
19822, -17084.00, -17055.76, 1217
19827, -17085.00, -17057.48, 1439
19833, -17086.00, -17059.37, 1661
19838, -17089.00, -17061.26, 1872
19843, -17090.00, -17063.02, 2103
19849, -17092.00, -17064.90, 2321
19854, -17093.00, -17066.67, 2568
19860, -17097.00, -17068.56, 2807
19865, -17098.00, -17070.48, 3054
19871, -17100.00, -17072.37, 3296
19876, -17102.00, -17074.21, 3538
19881, -17105.00, -17076.05, 3780
19886, -17106.00, -17077.91, 4019
19891, -17108.00, -17079.76, 4244
19896, -17109.00, -17081.48, 4457
19901, -17110.00, -17083.12, 4653
19906, -17112.00, -17084.67, 4884
19911, -17115.00, -17086.54, 5113
19917, -17115.00, -17088.52, 5340
19922, -17116.00, -17090.31, 5524
19927, -17119.00, -17091.84, 5699
19931, -17121.00, -17093.40, 5886
19936, -17124.00, -17095.17, 6053
19941, -17126.00, -17096.86, 6216
19945, -17124.00, -17098.39, 6376
19950, -17128.00, -17099.94, 6532
19955, -17129.00, -17101.55, 6689
19959, -17131.00, -17103.17, 6839
19964, -17132.00, -17104.78, 7011
19969, -17133.00, -17106.56, 7166
19974, -17137.00, -17108.30, 7321
19979, -17138.00, -17110.08, 7469
19984, -17139.00, -17111.77, 7622
19989, -17142.00, -17113.58, 7770
19994, -17143.00, -17115.36, 7919
20000, -17145.00, -17117.20, 8067
20005, -17146.00, -17119.00, 8195
20009, -17149.00, -17120.57, 8315
20014, -17149.00, -17122.10, 8453
20019, -17151.00, -17123.85, 8574
20023, -17152.00, -17125.38, 8704
20028, -17155.00, -17127.09, 8845
20034, -17157.00, -17128.95, 8977
20039, -17157.00, -17130.70, 9106
20044, -17160.00, -17132.43, 9237
20049, -17162.00, -17134.22, 9371
20054, -17163.00, -17136.07, 9507
20060, -17164.00, -17137.87, 9635
20065, -17168.00, -17139.65, 9769
20071, -17169.00, -17141.60, 9892
20076, -17170.00, -17143.29, 10026
20081, -17174.00, -17145.20, 10156
20086, -17176.00, -17147.16, 10270
20091, -17178.00, -17148.86, 10386
20096, -17178.00, -17150.59, 10513
20101, -17179.00, -17152.45, 10626
20106, -17182.00, -17154.01, 10751
20111, -17184.00, -17155.82, 10880
20117, -17185.00, -17157.72, 11014
20122, -17187.00, -17159.65, 11138
20127, -17190.00, -17161.49, 11256
20132, -17193.00, -17163.24, 11375
20137, -17194.00, -17165.09, 11491
20142, -17196.00, -17166.81, 11608
20147, -17196.00, -17168.57, 11723
20152, -17200.00, -17170.30, 11839
20157, -17201.00, -17172.11, 11962
20162, -17203.00, -17173.93, 12088
20167, -17205.00, -17175.86, 12218
20172, -17207.00, -17177.79, 12339
20177, -17209.00, -17179.55, 12475
20183, -17212.00, -17181.63, 12603
20188, -17214.00, -17183.59, 12736
20193, -17215.00, -17185.48, 12871
20198, -17216.00, -17187.41, 13006
20203, -17218.00, -17189.25, 13144
20209, -17221.00, -17191.24, 13284
20213, -17224.00, -17193.13, 13424
20219, -17225.00, -17195.11, 13567
20224, -17226.00, -17196.98, 13718
20229, -17229.00, -17199.04, 13865
20234, -17231.00, -17200.92, 14014
20239, -17233.00, -17202.83, 14169
20245, -17235.00, -17204.81, 14330
20250, -17236.00, -17206.77, 14488
20255, -17238.00, -17208.71, 14647
20260, -17241.00, -17210.66, 14830
20266, -17243.00, -17212.73, 15017
20271, -17246.00, -17214.94, 15197
20277, -17248.00, -17217.03, 15387
20282, -17251.00, -17219.23, 15583
20288, -17252.00, -17221.44, 15774
20293, -17254.00, -17223.47, 15974
20299, -17256.00, -17225.51, 16193
20304, -17259.00, -17227.76, 16422
20310, -17262.00, -17230.03, 16633
20315, -17261.00, -17232.01, 16849
20320, -17265.00, -17233.96, 17073
20326, -17267.00, -17235.95, 17323
20331, -17270.00, -17238.16, 17564
20336, -17272.00, -17240.21, 17819
20342, -17274.00, -17242.29, 18074
20347, -17275.00, -17244.31, 18348
20352, -17278.00, -17246.45, 18638
20357, -17281.00, -17248.49, 18922
20362, -17282.00, -17250.49, 19216
20367, -17285.00, -17252.50, 19538
20372, -17287.00, -17254.63, 19859
20378, -17290.00, -17256.75, 20182
20382, -17291.00, -17258.79, 20532
20388, -17294.00, -17261.07, 20830
20393, -17297.00, -17263.00, 21170
20398, -17299.00, -17265.36, 21494
20403, -17303.00, -17267.65, 21787
20408, -17304.00, -17269.77, 22077
20413, -17307.00, -17271.94, 22369
20418, -17309.00, -17274.18, 22627
20423, -17310.00, -17276.16, 22880
20428, -17313.00, -17278.15, 23121
20432, -17316.00, -17280.16, 23352
20437, -17317.00, -17282.14, 23576
20441, -17319.00, -17284.09, 23851
20447, -17323.00, -17286.61, 24108
20452, -17324.00, -17289.02, 24338
20457, -17328.00, -17291.17, 24552
20461, -17329.00, -17293.30, 24764
20466, -17331.00, -17295.44, 24973
20471, -17333.00, -17297.56, 25184
20476, -17336.00, -17299.78, 25391
20481, -17339.00, -17302.02, 25612
20486, -17342.00, -17304.53, 25832
20492, -17344.00, -17307.07, 26069
20498, -17347.00, -17309.85, 26280
20503, -17352.00, -17312.43, 26476
20508, -17353.00, -17314.89, 26673
20513, -17356.00, -17317.42, 26880
20519, -17359.00, -17320.14, 27074
20524, -17360.00, -17322.66, 27268
20529, -17366.00, -17325.29, 27450
20535, -17368.00, -17327.91, 27630
20540, -17372.00, -17330.59, 27820
20545, -17373.00, -17333.29, 27983
20550, -17375.00, -17335.69, 28146
20555, -17379.00, -17338.13, 28304
20560, -17383.00, -17340.61, 28478
20565, -17385.00, -17343.32, 28643
20570, -17389.00, -17346.00, 28810
20575, -17391.00, -17348.71, 28964
20579, -17393.00, -17351.18, 29134
20585, -17396.00, -17353.97, 29300
20590, -17400.00, -17356.69, 29471
20595, -17402.00, -17359.66, 29637
20600, -17406.00, -17362.35, 29804
20606, -17409.00, -17365.25, 29980
20611, -17412.00, -17368.27, 30144
20616, -17414.00, -17371.05, 30322
20622, -17420.00, -17374.19, 30495
20627, -17422.00, -17377.28, 30649
20632, -17423.00, -17379.92, 30809
20637, -17428.00, -17382.68, 30980
20642, -17432.00, -17385.83, 31159
20648, -17435.00, -17388.98, 31329
20653, -17440.00, -17392.11, 31482
20658, -17441.00, -17394.87, 31644
20663, -17445.00, -17397.84, 31817
20668, -17450.00, -17401.06, 31980
20673, -17454.00, -17404.16, 32145
20678, -17457.00, -17407.36, 32320
20684, -17461.00, -17410.64, 32497
20689, -17465.00, -17414.06, 32676
20694, -17469.00, -17417.54, 32862
20700, -17473.00, -17421.04, 33044
20705, -17476.00, -17424.58, 33224
20710, -17483.00, -17428.05, 33399
20715, -17485.00, -17431.48, 33608
20721, -17489.00, -17435.51, 33791
20727, -17493.00, -17438.97, 33992
20732, -17497.00, -17442.79, 34201
20738, -17501.00, -17446.72, 34398
20743, -17507.00, -17450.41, 34611
20749, -17511.00, -17454.44, 34802
20754, -17514.00, -17458.00, 35005
20759, -17520.00, -17461.79, 35209
20764, -17524.00, -17465.61, 35405
20769, -17529.00, -17469.20, 35604
20774, -17525.00, -17472.65, 35719
20779, -17522.00, -17475.79, 35743
20785, -17517.00, -17478.68, 35704
20790, -17513.00, -17480.83, 35622
20795, -17508.00, -17482.61, 35512
20799, -17503.00, -17483.96, 35371
20805, -17500.00, -17485.07, 35227
20809, -17497.00, -17485.86, 35053
20815, -17490.00, -17486.36, 34863
20820, -17487.00, -17486.50, 34680
20826, -17484.00, -17486.44, 34485
20831, -17478.00, -17486.07, 34282
20837, -17475.00, -17485.43, 34102
20842, -17473.00, -17484.74, 33908
20847, -17468.00, -17483.77, 33700
20853, -17464.00, -17482.57, 33511
20858, -17459.00, -17481.18, 33311
20864, -17454.00, -17479.52, 33104
20870, -17450.00, -17477.59, 32915
20875, -17445.00, -17475.52, 32720
20881, -17441.00, -17473.42, 32542
20886, -17437.00, -17471.24, 32359
20891, -17434.00, -17468.95, 32183
20896, -17432.00, -17466.71, 32000
20902, -17428.00, -17464.31, 31822
20907, -17426.00, -17461.91, 31649
20912, -17422.00, -17459.55, 31455
20918, -17418.00, -17456.85, 31274
20923, -17413.00, -17454.07, 31088
20928, -17411.00, -17451.33, 30920
20933, -17407.00, -17448.73, 30752
20939, -17404.00, -17446.08, 30581
20944, -17401.00, -17443.34, 30403
20949, -17397.00, -17440.46, 30233
20954, -17395.00, -17437.67, 30063
20959, -17390.00, -17434.83, 29894
20964, -17388.00, -17432.03, 29727
20969, -17384.00, -17429.26, 29562
20974, -17380.00, -17426.38, 29410
20979, -17379.00, -17423.76, 29245
20984, -17376.00, -17420.98, 29087
20989, -17373.00, -17418.31, 28921
20993, -17371.00, -17415.60, 28755
20998, -17368.00, -17412.80, 28592
21003, -17365.00, -17410.06, 28439
21008, -17363.00, -17407.53, 28278
21012, -17361.00, -17404.88, 28096
21018, -17357.00, -17401.95, 27922
21023, -17356.00, -17399.18, 27728
21028, -17351.00, -17396.14, 27535
21034, -17349.00, -17393.10, 27335
21039, -17346.00, -17390.05, 27144
21044, -17342.00, -17387.11, 26940
21050, -17338.00, -17383.85, 26732
21055, -17338.00, -17380.92, 26540
21060, -17333.00, -17378.14, 26347
21065, -17332.00, -17375.33, 26152
21070, -17329.00, -17372.65, 25964
21075, -17327.00, -17370.09, 25773
21080, -17325.00, -17367.55, 25559
21085, -17323.00, -17364.78, 25357
21090, -17320.00, -17362.26, 25142
21095, -17317.00, -17359.53, 24910
21100, -17315.00, -17356.75, 24702
21105, -17313.00, -17354.31, 24469
21110, -17310.00, -17351.68, 24226
21115, -17307.00, -17348.91, 23974
21120, -17304.00, -17346.16, 23733
21125, -17302.00, -17343.59, 23464
21130, -17301.00, -17340.85, 23176
21136, -17297.00, -17338.01, 22895
21141, -17295.00, -17335.32, 22580
21147, -17294.00, -17332.53, 22262
21152, -17290.00, -17329.82, 21947
21158, -17288.00, -17327.20, 21632
21163, -17285.00, -17324.67, 21221
21169, -17283.00, -17321.48, 20880
21175, -17280.00, -17318.92, 20519
21180, -17277.00, -17316.24, 20151
21186, -17275.00, -17313.44, 19842
21191, -17274.00, -17311.13, 19534
21196, -17271.00, -17308.79, 19235
21201, -17270.00, -17306.47, 18950
21206, -17267.00, -17304.19, 18664
21211, -17265.00, -17301.82, 18409
21215, -17263.00, -17299.71, 18164
21220, -17262.00, -17297.59, 17919
21225, -17260.00, -17295.51, 17695
21229, -17257.00, -17293.48, 17450
21234, -17255.00, -17291.11, 17216
21239, -17253.00, -17288.91, 16976
21245, -17251.00, -17286.43, 16734
21250, -17248.00, -17284.05, 16516
21255, -17246.00, -17281.72, 16306
21260, -17246.00, -17279.48, 16091
21266, -17241.00, -17277.12, 15894
21271, -17239.00, -17274.84, 15715
21275, -17239.00, -17272.76, 15540
21280, -17237.00, -17270.77, 15361
21285, -17234.00, -17268.60, 15188
21290, -17232.00, -17266.51, 15032
21295, -17231.00, -17264.54, 14881
21299, -17230.00, -17262.65, 14727
21304, -17226.00, -17260.71, 14585
21308, -17225.00, -17258.82, 14444
21313, -17222.00, -17256.90, 14285
21318, -17221.00, -17254.67, 14146
21322, -17218.00, -17252.72, 14000
21327, -17218.00, -17250.71, 13858
21332, -17216.00, -17248.73, 13707
21337, -17213.00, -17246.59, 13563
21342, -17211.00, -17244.44, 13407
21348, -17209.00, -17242.14, 13260
21353, -17207.00, -17239.95, 13094
21359, -17204.00, -17237.46, 12956
21364, -17204.00, -17235.40, 12826
21369, -17201.00, -17233.45, 12690
21374, -17199.00, -17231.37, 12540
21380, -17198.00, -17229.10, 12399
21385, -17196.00, -17226.96, 12270
21390, -17194.00, -17225.00, 12133
21395, -17192.00, -17222.89, 12002
21401, -17190.00, -17220.85, 11870
21406, -17187.00, -17218.78, 11754
21411, -17185.00, -17216.92, 11632
21416, -17184.00, -17214.97, 11507
21421, -17182.00, -17213.00, 11381
21426, -17180.00, -17211.03, 11266
21430, -17179.00, -17209.20, 11137
21436, -17176.00, -17207.20, 11020
21440, -17174.00, -17205.31, 10907
21445, -17173.00, -17203.54, 10787
21450, -17170.00, -17201.64, 10676
21455, -17169.00, -17199.82, 10556
21459, -17168.00, -17197.97, 10424
21465, -17165.00, -17195.93, 10307
21469, -17164.00, -17194.11, 10196
21474, -17161.00, -17192.37, 10067
21479, -17161.00, -17190.31, 9929
21485, -17157.00, -17188.25, 9801
21490, -17156.00, -17186.30, 9667
21495, -17154.00, -17184.20, 9525
21501, -17153.00, -17182.18, 9393
21506, -17150.00, -17180.21, 9260
21511, -17147.00, -17178.24, 9131
21516, -17146.00, -17176.30, 9000
21521, -17145.00, -17174.41, 8861
21526, -17143.00, -17172.48, 8734
21531, -17141.00, -17170.70, 8595
21536, -17140.00, -17168.79, 8459
21541, -17140.00, -17167.06, 8315
21547, -17136.00, -17165.19, 8168
21552, -17133.00, -17163.21, 8024
21557, -17133.00, -17161.38, 7877
21562, -17130.00, -17159.48, 7709
21568, -17128.00, -17157.40, 7559
21573, -17128.00, -17155.65, 7402
21578, -17124.00, -17153.75, 7234
21583, -17125.00, -17151.83, 7070
21588, -17121.00, -17150.03, 6898
21594, -17119.00, -17148.05, 6711
21599, -17118.00, -17146.09, 6539
21604, -17116.00, -17144.31, 6352
21610, -17114.00, -17142.41, 6154
21615, -17112.00, -17140.43, 5948
21621, -17111.00, -17138.46, 5753
21626, -17109.00, -17136.70, 5547
21631, -17106.00, -17134.84, 5350
21636, -17105.00, -17133.07, 5146
21641, -17104.00, -17131.39, 4954
21645, -17101.00, -17129.80, 4758
21650, -17099.00, -17128.16, 4547
21655, -17098.00, -17126.46, 4311
21660, -17097.00, -17124.62, 4063
21665, -17095.00, -17122.80, 3818
21670, -17093.00, -17120.95, 3604
21675, -17091.00, -17119.33, 3352
21680, -17090.00, -17117.39, 3098
21686, -17087.00, -17115.44, 2884
21691, -17085.00, -17113.73, 2645
21696, -17084.00, -17111.81, 2404
21702, -17081.00, -17109.82, 2187
21707, -17081.00, -17108.07, 1969
21712, -17078.00, -17106.27, 1729
21718, -17074.00, -17104.17, 1507
21724, -17074.00, -17101.82, 1029
21735, -17070.00, -17098.02, 836
21740, -17068.00, -17096.29, 623
21745, -17067.00, -17094.36, 424
21750, -17066.00, -17092.63, 234
21755, -17063.00, -17090.91, 54
21760, -17060.00, -17089.22, -120
21765, -17059.00, -17087.49, -308
21770, -17058.00, -17085.67, -494
21775, -17056.00, -17083.89, -677
21780, -17055.00, -17082.14, -879
21786, -17053.00, -17080.20, -1060
21791, -17051.00, -17078.42, -1253
21797, -17048.00, -17076.43, -1450
21802, -17047.00, -17074.60, -1643
21808, -17045.00, -17072.61, -1838
21813, -17043.00, -17070.73, -2023
21818, -17041.00, -17068.86, -2200
21824, -17038.00, -17067.04, -2391
21829, -17037.00, -17065.06, -2568
21834, -17035.00, -17063.24, -2748
21840, -17034.00, -17061.37, -2923
21845, -17032.00, -17059.63, -3090
21849, -17031.00, -17058.02, -3255
21854, -17028.00, -17056.33, -3438
21860, -17025.00, -17054.37, -3614
21865, -17024.00, -17052.53, -3785
21870, -17021.00, -17050.70, -3957
21875, -17021.00, -17048.89, -4140
21880, -17020.00, -17047.05, -4323
21885, -17019.00, -17045.21, -4495
21890, -17015.00, -17043.59, -4691
21896, -17013.00, -17041.55, -4875
21901, -17013.00, -17039.77, -5071
21907, -17010.00, -17037.82, -5263
21912, -17008.00, -17036.01, -5473
21918, -17005.00, -17033.96, -5656
21923, -17004.00, -17032.17, -5876
21928, -17000.00, -17030.03, -6079
21934, -16999.00, -17028.08, -6289
21939, -16998.00, -17026.14, -6513
21945, -16997.00, -17024.12, -6734
21950, -16994.00, -17022.20, -6956
21956, -16992.00, -17020.29, -7171
21961, -16990.00, -17018.45, -7408
21967, -16988.00, -17016.38, -7644
21972, -16986.00, -17014.49, -7867
21977, -16984.00, -17012.65, -8106
21982, -16983.00, -17010.77, -8344
21988, -16980.00, -17008.91, -8582
21993, -16978.00, -17007.06, -8819
21998, -16977.00, -17005.27, -9075
22003, -16975.00, -17003.37, -9339
22008, -16972.00, -17001.41, -9650
22015, -16970.00, -16999.15, -9960
22020, -16969.00, -16997.10, -10267
22026, -16967.00, -16995.13, -10573
22032, -16964.00, -16993.08, -10915
22037, -16963.00, -16991.03, -11243
22043, -16959.00, -16989.05, -11603
22049, -16958.00, -16986.88, -11934
22054, -16956.00, -16984.93, -12302
22060, -16952.00, -16982.71, -12637
22065, -16951.00, -16980.61, -12958
22071, -16950.00, -16978.69, -13287
22076, -16947.00, -16976.67, -13593
22081, -16945.00, -16974.66, -13894
22087, -16943.00, -16972.59, -14171
22092, -16941.00, -16970.70, -14460
22098, -16941.00, -16968.62, -14714
22103, -16937.00, -16966.80, -14948
22108, -16933.00, -16964.91, -15156
22112, -16932.00, -16963.13, -15398
22118, -16931.00, -16960.98, -15619
22123, -16929.00, -16959.10, -15852
22129, -16927.00, -16956.93, -16082
22134, -16924.00, -16954.78, -16282
22139, -16922.00, -16952.77, -16506
22146, -16921.00, -16950.48, -16702
22151, -16920.00, -16948.50, -16894
22156, -16916.00, -16946.51, -17077
22162, -16915.00, -16944.47, -17252
22167, -16912.00, -16942.45, -17424
22172, -16911.00, -16940.49, -17580
22177, -16909.00, -16938.62, -17737
22182, -16907.00, -16936.77, -17889
22187, -16906.00, -16934.91, -18034
22192, -16903.00, -16933.07, -18169
22197, -16903.00, -16931.34, -18311
22202, -16900.00, -16929.56, -18452
22207, -16898.00, -16927.64, -18603
22213, -16896.00, -16925.57, -18750
22218, -16895.00, -16923.65, -18872
22222, -16892.00, -16921.98, -19006
22228, -16890.00, -16919.95, -19129
22232, -16889.00, -16918.26, -19253
22237, -16887.00, -16916.41, -19385
22243, -16884.00, -16914.48, -19521
22248, -16883.00, -16912.38, -19639
22253, -16880.00, -16910.48, -19769
22258, -16879.00, -16908.57, -19898
22264, -16875.00, -16906.51, -20027
22269, -16875.00, -16904.42, -20140
22274, -16871.00, -16902.61, -20246
22278, -16871.00, -16900.85, -20365
22284, -16868.00, -16898.82, -20481
22289, -16866.00, -16896.92, -20599
22294, -16862.00, -16894.71, -20720
22299, -16862.00, -16892.65, -20832
22304, -16860.00, -16890.68, -20942
22309, -16858.00, -16888.85, -21057
22314, -16855.00, -16886.74, -21171
22320, -16853.00, -16884.72, -21284
22325, -16851.00, -16882.66, -21403
22330, -16848.00, -16880.47, -21533
22336, -16847.00, -16878.21, -21654
22341, -16845.00, -16876.08, -21773
22347, -16842.00, -16873.98, -21896
22352, -16840.00, -16871.73, -22021
22358, -16837.00, -16869.55, -22154
22364, -16834.00, -16867.08, -22285
22369, -16833.00, -16864.71, -22399
22374, -16828.00, -16862.59, -22518
22380, -16828.00, -16860.31, -22647
22385, -16825.00, -16858.01, -22761
22390, -16822.00, -16855.90, -22872
22395, -16819.00, -16853.79, -22985
22400, -16819.00, -16851.71, -23097
22405, -16816.00, -16849.68, -23207
22410, -16814.00, -16847.64, -23317
22415, -16813.00, -16845.68, -23426
22419, -16810.00, -16843.71, -23536
22424, -16809.00, -16841.81, -23655
22429, -16807.00, -16839.72, -23789
22435, -16803.00, -16837.33, -23907
22440, -16802.00, -16835.23, -24038
22445, -16798.00, -16832.94, -24167
22450, -16796.00, -16830.68, -24299
22456, -16793.00, -16828.32, -24438
22461, -16790.00, -16825.83, -24590
22467, -16789.00, -16823.21, -24733
22472, -16786.00, -16820.85, -24883
22478, -16783.00, -16818.35, -25039
22484, -16780.00, -16815.82, -25177
22489, -16778.00, -16813.57, -25326
22494, -16776.00, -16811.19, -25462
22499, -16773.00, -16809.06, -25602
22504, -16769.00, -16806.84, -25741
22508, -16769.00, -16804.63, -25880
22513, -16767.00, -16802.59, -26018
22518, -16764.00, -16800.56, -26171
22523, -16762.00, -16798.26, -26345
22528, -16760.00, -16795.84, -26497
22533, -16756.00, -16793.60, -26674
22538, -16753.00, -16791.16, -26867
22544, -16750.00, -16788.41, -27061
22549, -16747.00, -16785.78, -27240
22554, -16745.00, -16783.55, -27443
22559, -16742.00, -16780.88, -27663
22565, -16738.00, -16778.05, -27865
22570, -16737.00, -16775.59, -28085
22575, -16732.00, -16772.88, -28307
22580, -16731.00, -16770.27, -28536
22586, -16725.00, -16767.57, -28772
22591, -16724.00, -16764.71, -29008
22596, -16722.00, -16761.99, -29240
22602, -16717.00, -16759.27, -29478
22608, -16715.00, -16756.22, -29717
22613, -16713.00, -16753.47, -29928
22618, -16707.00, -16750.84, -30137
22623, -16705.00, -16748.17, -30346
22628, -16704.00, -16745.47, -30542
22633, -16699.00, -16742.94, -30730
22637, -16696.00, -16740.31, -30930
22642, -16694.00, -16737.45, -31153
22648, -16690.00, -16734.43, -31344
22653, -16687.00, -16731.56, -31546
22658, -16682.00, -16728.63, -31756
22664, -16680.00, -16725.40, -31948
22669, -16678.00, -16722.49, -32137
22674, -16673.00, -16719.50, -32335
22680, -16671.00, -16716.42, -32554
22686, -16666.00, -16712.82, -32730
22691, -16662.00, -16709.91, -32915
22696, -16659.00, -16706.71, -33092
22701, -16655.00, -16703.63, -33291
22707, -16650.00, -16700.06, -33466
22712, -16647.00, -16696.80, -33660
22718, -16644.00, -16693.31, -33819
22722, -16638.00, -16690.37, -34007
22728, -16635.00, -16686.68, -34186
22733, -16632.00, -16683.21, -34359
22738, -16629.00, -16679.93, -34536
22744, -16623.00, -16676.43, -34701
22749, -16620.00, -16673.13, -34861
22753, -16617.00, -16669.93, -35033
22759, -16613.00, -16666.39, -35218
22764, -16609.00, -16662.49, -35400
22770, -16604.00, -16658.82, -35578
22775, -16601.00, -16654.99, -35760
22781, -16594.00, -16651.25, -35933
22786, -16591.00, -16647.50, -36112
22791, -16588.00, -16643.70, -36313
22798, -16580.00, -16639.26, -36487
22803, -16578.00, -16635.46, -36662
22808, -16572.00, -16631.46, -36840
22813, -16568.00, -16627.61, -37022
22819, -16563.00, -16623.49, -37196
22824, -16560.00, -16619.72, -37365
22829, -16554.00, -16615.83, -37543
22834, -16550.00, -16611.89, -37707
22839, -16545.00, -16608.25, -37866
22843, -16541.00, -16604.64, -38026
22848, -16537.00, -16600.95, -38194
22852, -16530.00, -16597.19, -38362
22857, -16527.00, -16593.28, -38549
22862, -16522.00, -16589.00, -38751
22867, -16517.00, -16584.56, -38929
22872, -16512.00, -16580.58, -39133
22877, -16507.00, -16575.95, -39325
22882, -16503.00, -16571.65, -39538
22888, -16497.00, -16567.06, -39762
22893, -16491.00, -16562.00, -39995
22899, -16487.00, -16557.03, -40222
22904, -16480.00, -16552.22, -40467
22910, -16474.00, -16547.18, -40704
22915, -16469.00, -16542.20, -40942
22920, -16462.00, -16537.40, -41185
22926, -16456.00, -16532.37, -41453
22931, -16449.00, -16526.81, -41718
22937, -16443.00, -16521.51, -42001
22942, -16435.00, -16515.98, -42282
22948, -16428.00, -16510.50, -42563
22953, -16423.00, -16505.01, -42845
22958, -16416.00, -16499.75, -43114
22963, -16409.00, -16494.84, -43420
22968, -16403.00, -16489.12, -43727
22973, -16397.00, -16483.66, -44037
22978, -16390.00, -16478.25, -44394
22983, -16383.00, -16472.23, -44733
22988, -16376.00, -16466.55, -45072
22994, -16370.00, -16460.57, -45457
22999, -16364.00, -16453.90, -45780
23004, -16355.00, -16448.15, -46103
23010, -16352.00, -16442.10, -46458
23016, -16342.00, -16435.33, -46764
23021, -16333.00, -16428.91, -47068
23026, -16325.00, -16422.47, -47361
23032, -16317.00, -16415.80, -47639
23037, -16311.00, -16409.31, -47912
23042, -16301.00, -16402.42, -48212
23048, -16291.00, -16394.58, -48467
23054, -16283.00, -16387.26, -48706
23059, -16275.00, -16380.65, -48946
23065, -16267.00, -16372.94, -49181
23070, -16258.00, -16365.97, -49391
23075, -16250.00, -16359.06, -49606
23081, -16242.00, -16351.58, -49815
23086, -16233.00, -16344.14, -50014
23091, -16225.00, -16336.91, -50216
23097, -16214.00, -16328.59, -50409
23102, -16207.00, -16321.21, -50596
23107, -16196.00, -16313.44, -50786
23113, -16186.00, -16305.16, -50967
23118, -16178.00, -16296.92, -51137
23124, -16169.00, -16289.15, -51317
23129, -16160.00, -16280.60, -51501
23135, -16148.00, -16271.70, -51662
23140, -16141.00, -16263.44, -51821
23146, -16130.00, -16255.53, -51969
23151, -16121.00, -16247.42, -52122
23156, -16112.00, -16239.31, -52267
23161, -16104.00, -16231.48, -52403
23165, -16095.00, -16223.77, -52541
23170, -16086.00, -16215.67, -52673
23175, -16077.00, -16208.17, -52812
23180, -16067.00, -16199.87, -52941
23185, -16060.00, -16192.14, -53069
23189, -16051.00, -16184.38, -53209
23195, -16040.00, -16175.10, -53345
23200, -16032.00, -16166.74, -53483
23205, -16022.00, -16157.73, -53611
23210, -16012.00, -16149.35, -53761
23216, -16003.00, -16139.56, -53890
23221, -15993.00, -16131.05, -54038
23227, -15982.00, -16120.61, -54194
23232, -15972.00, -16110.70, -54326
23237, -15962.00, -16101.63, -54467
23243, -15952.00, -16092.12, -54607
23248, -15940.00, -16082.58, -54735
23253, -15931.00, -16073.75, -54861
23258, -15923.00, -16065.06, -54993
23263, -15914.00, -16056.00, -55115
23268, -15906.00, -16047.69, -55240
23273, -15896.00, -16038.92, -55368
23277, -15891.00, -16030.38, -55493
23282, -15880.00, -16021.87, -55612
23287, -15871.00, -16013.86, -55746
23292, -15863.00, -16004.61, -55883
23297, -15854.00, -15995.50, -56021
23302, -15847.00, -15985.99, -56169
23308, -15835.00, -15976.41, -56304
23313, -15826.00, -15967.78, -56447
23318, -15819.00, -15958.58, -56603
23324, -15807.00, -15948.39, -56754
23329, -15799.00, -15938.87, -56908
23335, -15789.00, -15929.25, -57063
23340, -15781.00, -15919.61, -57214
23345, -15772.00, -15910.67, -57367
23350, -15763.00, -15901.42, -57539
23356, -15756.00, -15891.17, -57719
23362, -15747.00, -15881.84, -57881
23367, -15738.00, -15872.88, -58038
23372, -15730.00, -15864.59, -58203
23377, -15723.00, -15856.02, -58367
23382, -15715.00, -15847.71, -58529
23387, -15707.00, -15839.84, -58692
23392, -15700.00, -15831.96, -58859
23396, -15694.00, -15824.09, -59023
23401, -15686.00, -15816.75, -59202
23406, -15679.00, -15808.72, -59386
23411, -15673.00, -15800.73, -59580
23416, -15664.00, -15792.73, -59761
23420, -15657.00, -15785.17, -59967
23425, -15650.00, -15777.17, -60203
23431, -15643.00, -15768.20, -60443
23437, -15637.00, -15759.61, -60676
23442, -15630.00, -15751.67, -60948
23448, -15623.00, -15742.81, -61217
23453, -15615.00, -15734.20, -61457
23458, -15608.00, -15726.78, -61739
23464, -15601.00, -15717.64, -61987
23469, -15594.00, -15710.30, -62231
23475, -15588.00, -15702.76, -62477
23480, -15581.00, -15694.73, -62736
23486, -15575.00, -15686.90, -62991
23491, -15570.00, -15679.10, -63228
23497, -15563.00, -15671.79, -63435
23501, -15558.00, -15665.42, -63652
23507, -15552.00, -15658.58, -63862
23512, -15547.00, -15651.90, -64109
23518, -15541.00, -15643.94, -64316
23523, -15536.00, -15637.65, -64517
23528, -15532.00, -15631.23, -64727
23533, -15524.00, -15624.60, -64921
23538, -15518.00, -15618.30, -65135
23543, -15513.00, -15611.38, -65357
23549, -15507.00, -15604.20, -65553
23555, -15501.00, -15597.77, -65749
23560, -15497.00, -15591.06, -65976
23566, -15492.00, -15584.05, -66167
23571, -15487.00, -15578.14, -66373
23577, -15481.00, -15571.50, -66561
23582, -15476.00, -15565.66, -66749
23587, -15471.00, -15559.82, -66938
23593, -15466.00, -15553.77, -67119
23598, -15463.00, -15548.17, -67301
23603, -15459.00, -15542.65, -67480
23608, -15454.00, -15537.35, -67669
23614, -15448.00, -15531.39, -67847
23619, -15443.00, -15526.18, -68034
23625, -15439.00, -15520.41, -68215
23630, -15435.00, -15514.92, -68395
23635, -15431.00, -15509.89, -68569
23640, -15428.00, -15504.97, -68731
23645, -15424.00, -15500.42, -68896
23650, -15419.00, -15495.73, -69075
23655, -15415.00, -15490.79, -69258
23660, -15411.00, -15485.77, -69442
23665, -15408.00, -15480.75, -69614
23671, -15404.00, -15476.18, -69822
23677, -15398.00, -15470.66, -69993
23681, -15396.00, -15466.26, -70170
23687, -15392.00, -15461.81, -70358
23692, -15388.00, -15457.10, -70524
23697, -15385.00, -15453.01, -70690
23701, -15381.00, -15449.09, -70873
23706, -15378.00, -15444.75, -71045
23711, -15375.00, -15440.76, -71234
23716, -15372.00, -15436.46, -71409
23721, -15368.00, -15432.65, -71577
23726, -15365.00, -15428.94, -71752
23730, -15361.00, -15425.28, -71925
23735, -15359.00, -15421.65, -72109
23740, -15357.00, -15417.82, -72318
23745, -15354.00, -15413.75, -72525
23750, -15349.00, -15409.91, -72737
23756, -15348.00, -15405.85, -72960
23761, -15344.00, -15401.92, -73185
23766, -15341.00, -15398.03, -73413
23772, -15339.00, -15394.24, -73656
23777, -15334.00, -15390.32, -73905
23783, -15331.00, -15386.38, -74141
23788, -15328.00, -15382.83, -74386
23793, -15324.00, -15379.14, -74641
23799, -15321.00, -15375.45, -74912
23805, -15318.00, -15371.57, -75179
23810, -15316.00, -15368.11, -75459
23815, -15312.00, -15364.54, -75754
23821, -15308.00, -15360.82, -76033
23826, -15307.00, -15357.46, -76323
23831, -15305.00, -15354.35, -76623
23836, -15302.00, -15351.16, -76904
23841, -15298.00, -15348.24, -77181
23845, -15295.00, -15345.39, -77488
23850, -15293.00, -15342.29, -77822
23856, -15291.00, -15338.89, -78155
23861, -15289.00, -15335.72, -78487
23867, -15286.00, -15332.46, -78793
23872, -15282.00, -15329.38, -79103
23878, -15281.00, -15326.09, -79445
23884, -15277.00, -15322.63, -79720
23889, -15274.00, -15319.69, -80007
23895, -15273.00, -15316.40, -80278
23900, -15268.00, -15313.48, -80524
23905, -15266.00, -15310.46, -80790
23911, -15264.00, -15307.33, -81026
23916, -15261.00, -15304.35, -81269
23922, -15259.00, -15301.37, -81492
23927, -15256.00, -15298.40, -81726
23933, -15255.00, -15295.44, -81926
23938, -15251.00, -15292.76, -82138
23944, -15248.00, -15289.83, -82336
23949, -15246.00, -15286.96, -82512
23954, -15245.00, -15284.42, -82703
23960, -15000.00, -15273.56, -82901
23966, -15239.00, -15262.67, -83057
23971, -15237.00, -15261.25, -83235
23976, -15234.00, -15259.47, -83402
23982, -15231.00, -15257.69, -83568
23987, -15229.00, -15255.86, -83753
23993, -15227.00, -15253.78, -83905
23999, -15224.00, -15251.96, -84055
24004, -15223.00, -15250.08, -84212
24010, -15220.00, -15248.17, -84373
24015, -15218.00, -15246.10, -84512
24020, -15215.00, -15244.26, -84644
24025, -15213.00, -15242.46, -84762
24030, -15213.00, -15240.83, -84898
24035, -15210.00, -15238.94, -85037
24041, -15207.00, -15236.94, -85172
24046, -15204.00, -15234.90, -85293
24051, -15202.00, -15233.03, -85424
24056, -15201.00, -15230.95, -85550
24061, -15198.00, -15228.96, -85676
24066, -15197.00, -15227.02, -85802
24072, -15194.00, -15225.00, -85918
24077, -15192.00, -15223.11, -86045
24082, -15189.00, -15220.88, -86173
24088, -15188.00, -15218.73, -86305
24094, -15187.00, -15216.49, -86426
24099, -15185.00, -15214.56, -86550
24104, -15181.00, -15212.46, -86677
24110, -15180.00, -15210.28, -86803
24115, -15176.00, -15208.10, -86919
24121, -15175.00, -15206.07, -87054
24127, -15173.00, -15203.73, -87180
24132, -15170.00, -15201.51, -87300
24137, -15169.00, -15199.49, -87425
24143, -15166.00, -15197.34, -87546
24148, -15164.00, -15195.23, -87666
24154, -15164.00, -15193.13, -87801
24159, -15162.00, -15191.07, -87926
24165, -15157.00, -15188.93, -88051
24171, -15157.00, -15186.82, -88162
24175, -15155.00, -15185.01, -88282
24181, -15152.00, -15183.00, -88396
24185, -15151.00, -15181.11, -88503
24190, -15149.00, -15179.36, -88605
24195, -15147.00, -15177.66, -88713
24199, -15146.00, -15175.88, -88816
24204, -15144.00, -15174.22, -88919
24208, -15144.00, -15172.60, -89024
24212, -15141.00, -15170.98, -89134
24217, -15138.00, -15169.21, -89251
24222, -15137.00, -15167.34, -89374
24227, -15135.00, -15165.41, -89499
24232, -15133.00, -15163.48, -89621
24237, -15130.00, -15161.46, -89762
24243, -15130.00, -15159.35, -89892
24248, -15127.00, -15157.40, -90017
24252, -15127.00, -15155.69, -90135
24257, -15125.00, -15154.04, -90259
24262, -15123.00, -15152.28, -90383
24266, -15122.00, -15150.58, -90524
24272, -15119.00, -15148.67, -90654
24276, -15117.00, -15146.96, -90782
24281, -15115.00, -15145.23, -90910
24285, -15114.00, -15143.52, -91055
24291, -15112.00, -15141.61, -91208
24296, -15111.00, -15139.71, -91371
24301, -15108.00, -15137.70, -91526
24306, -15108.00, -15135.93, -91673
24311, -15106.00, -15134.21, -91831
24316, -15104.00, -15132.49, -92010
24321, -15102.00, -15130.51, -92183
24326, -15099.00, -15128.62, -92370
24332, -15098.00, -15126.61, -92558
24337, -15097.00, -15124.73, -92740
24342, -15094.00, -15122.93, -92938
24348, -15093.00, -15120.92, -93159
24354, -15091.00, -15118.97, -93381
24359, -15089.00, -15117.04, -93596
24364, -15088.00, -15115.25, -93806
24369, -15086.00, -15113.51, -94025
24374, -15084.00, -15111.68, -94248
24380, -15083.00, -15109.93, -94466
24385, -15080.00, -15108.21, -94675
24389, -15079.00, -15106.52, -94893
24395, -15074.00, -15104.60, -95103
24399, -15074.00, -15102.87, -95336
24405, -15074.00, -15100.93, -95527
24409, -15071.00, -15099.32, -95754
24415, -15069.00, -15097.35, -95939
24420, -15068.00, -15095.75, -96147
24425, -15067.00, -15093.93, -96365
24430, -15066.00, -15092.09, -96562
24435, -15064.00, -15090.45, -96779
24441, -15062.00, -15088.54, -96973
24446, -15060.00, -15086.83, -97174
24452, -15056.00, -15084.86, -97371
24457, -15055.00, -15083.03, -97587
24463, -15053.00, -15080.91, -97774
24468, -15052.00, -15079.14, -97955
24473, -15048.00, -15077.32, -98142
24479, -15047.00, -15075.36, -98325
24484, -15046.00, -15073.57, -98505
24489, -15044.00, -15071.76, -98670
24494, -15041.00, -15070.04, -98846
24499, -15040.00, -15068.18, -99007
24504, -15038.00, -15066.51, -99176
24509, -15037.00, -15064.73, -99363
24514, -15036.00, -15062.75, -99547
24520, -15033.00, -15060.91, -99727
24525, -15031.00, -15059.03, -99907
24531, -15029.00, -15057.10, -100068
24535, -15026.00, -15055.35, -100247
24541, -15026.00, -15053.42, -100426
24546, -15024.00, -15051.46, -100609
24552, -15023.00, -15049.66, -100772
24557, -15021.00, -15047.98, -100948
24562, -15019.00, -15046.13, -101125
24568, -15016.00, -15044.25, -101303
24573, -15015.00, -15042.35, -101479
24578, -15013.00, -15040.50, -101652
24584, -15010.00, -15038.66, -101829
24589, -15010.00, -15036.81, -102007
24594, -15008.00, -15034.95, -102194
24600, -15006.00, -15033.11, -102370
24605, -15004.00, -15031.30, -102567
24611, -15003.00, -15029.29, -102739
24616, -15001.00, -15027.60, -102930
24622, -14999.00, -15025.75, -103100
24627, -14997.00, -15024.08, -103283
24632, -14995.00, -15022.27, -103459
24637, -14994.00, -15020.56, -103638
24642, -14993.00, -15018.88, -103825
24647, -14990.00, -15017.12, -104032
24653, -14987.00, -15015.19, -104225
24658, -14986.00, -15013.27, -104427
24663, -14984.00, -15011.54, -104612
24668, -14983.00, -15009.83, -104835
24674, -14980.00, -15007.86, -105041
24679, -14978.00, -15006.03, -105240
24685, -14977.00, -15004.26, -105467
24690, -14976.00, -15002.34, -105689
24695, -14973.00, -15000.61, -105902
24700, -14973.00, -14998.92, -106118
24705, -14971.00, -14997.28, -106328
24710, -14968.00, -14995.64, -106542
24715, -14967.00, -14993.98, -106760
24720, -14965.00, -14992.37, -106972
24724, -14962.00, -14990.79, -107184
24729, -14962.00, -14989.22, -107404
24733, -14961.00, -14987.71, -107653
24738, -14958.00, -14985.97, -107915
24743, -14957.00, -14984.21, -108189
24748, -14954.00, -14982.42, -108444
24753, -14954.00, -14980.82, -108750
24759, -14951.00, -14978.88, -109066
24764, -14950.00, -14976.99, -109357
24769, -14948.00, -14975.40, -109705
24775, -14946.00, -14973.43, -110038
24780, -14949.00, -14971.60, -110162
24786, -14950.00, -14970.19, -110156
24791, -14952.00, -14968.91, -110050
24796, -14954.00, -14967.88, -109882
24802, -14955.00, -14966.98, -109671
24807, -14957.00, -14966.27, -109429
24813, -14959.00, -14965.73, -109190
24818, -14960.00, -14965.35, -108906
24823, -14962.00, -14965.05, -108626
24829, -14964.00, -14964.91, -108347
24834, -14966.00, -14964.91, -108073
24840, -14969.00, -14965.08, -107799
24845, -14971.00, -14965.41, -107526
24851, -14972.00, -14965.81, -107274
24856, -14974.00, -14966.26, -107005
24861, -14976.00, -14966.85, -106761
24866, -14978.00, -14967.50, -106507
24872, -14980.00, -14968.26, -106252
24877, -14982.00, -14969.11, -106009
24883, -14983.00, -14970.03, -105769
24888, -14985.00, -14970.94, -105549
24894, -14989.00, -14972.02, -105315
24899, -14989.00, -14973.11, -105106
24904, -14991.00, -14974.15, -104898
24910, -14994.00, -14975.34, -104700
24915, -14995.00, -14976.48, -104519
24919, -14997.00, -14977.57, -104348
24924, -14998.00, -14978.66, -104173
24928, -15000.00, -14979.79, -104003
24933, -15000.00, -14980.92, -103826
24938, -15003.00, -14982.16, -103636
24943, -15006.00, -14983.55, -103472
24947, -15006.00, -14984.77, -103305
24952, -15008.00, -14986.06, -103140
24957, -15009.00, -14987.34, -102979
24961, -15010.00, -14988.60, -102814
24966, -15011.00, -14989.91, -102656
24971, -15014.00, -14991.12, -102504
24975, -15016.00, -14992.39, -102354
24979, -15018.00, -14993.71, -102204
24984, -15018.00, -14995.01, -102054
24988, -15020.00, -14996.29, -101907
24992, -15021.00, -14997.58, -101759
24997, -15025.00, -14998.95, -101608
25001, -15025.00, -15000.38, -101458
25006, -15027.00, -15001.77, -101309
25010, -15028.00, -15003.17, -101158
25015, -15030.00, -15004.60, -101007
25019, -15031.00, -15006.00, -100830
25025, -15032.00, -15007.68, -100661
25030, -15034.00, -15009.27, -100497
25035, -15038.00, -15010.89, -100327
25040, -15040.00, -15012.58, -100159
25045, -15040.00, -15014.26, -99985
25050, -15042.00, -15015.96, -99814
25055, -15043.00, -15017.55, -99646
25060, -15047.00, -15019.23, -99489
25064, -15048.00, -15020.82, -99313
25070, -15048.00, -15022.56, -99146
25075, -15051.00, -15024.16, -98965
25080, -15053.00, -15025.94, -98790
25085, -15054.00, -15027.66, -98609
25090, -15056.00, -15029.37, -98410
25096, -15059.00, -15031.36, -98207
25102, -15060.00, -15033.33, -98036
25106, -15061.00, -15034.83, -97862
25111, -15064.00, -15036.51, -97680
25116, -15066.00, -15038.18, -97478
25122, -15067.00, -15040.09, -97302
25126, -15069.00, -15041.71, -97114
25131, -15072.00, -15043.47, -96922
25136, -15072.00, -15045.23, -96705
25142, -15075.00, -15047.15, -96476
25148, -15075.00, -15049.05, -96250
25153, -15079.00, -15050.97, -96023
25159, -15079.00, -15052.83, -95802
25164, -15081.00, -15054.66, -95549
25170, -15084.00, -15056.59, -95284
25176, -15085.00, -15058.65, -95026
25182, -15089.00, -15060.64, -94799
25187, -15091.00, -15062.41, -94552
25193, -15093.00, -15064.49, -94291
25198, -15095.00, -15066.49, -94043
25204, -15095.00, -15068.56, -93795
25210, -15098.00, -15070.42, -93540
25216, -15103.00, -15072.56, -93303
25222, -15103.00, -15074.78, -93086
25227, -15104.00, -15076.57, -92871
25232, -15105.00, -15078.47, -92671
25237, -15109.00, -15080.25, -92486
25242, -15111.00, -15082.05, -92291
25248, -15114.00, -15084.04, -92112
25253, -15113.00, -15085.85, -91950
25257, -15115.00, -15087.45, -91799
25262, -15117.00, -15089.02, -91647
25267, -15120.00, -15090.87, -91470
25272, -15123.00, -15092.73, -91296
25278, -15123.00, -15094.74, -91157
25282, -15124.00, -15096.33, -90998
25287, -15127.00, -15098.23, -90831
25293, -15130.00, -15100.27, -90686
25298, -15131.00, -15102.07, -90524
25303, -15134.00, -15104.13, -90375
25309, -15136.00, -15106.09, -90234
25314, -15136.00, -15107.92, -90092
25319, -15139.00, -15109.84, -89939
25325, -15141.00, -15111.86, -89806
25330, -15144.00, -15113.71, -89674
25334, -15144.00, -15115.53, -89534
25340, -15149.00, -15117.62, -89396
25345, -15151.00, -15119.73, -89261
25351, -15151.00, -15121.70, -89132
25356, -15154.00, -15123.61, -88995
25361, -15155.00, -15125.75, -88864
25366, -15157.00, -15127.61, -88739
25371, -15158.00, -15129.45, -88620
25376, -15161.00, -15131.24, -88496
25381, -15164.00, -15133.18, -88370
25387, -15166.00, -15135.19, -88241
25392, -15168.00, -15137.33, -88111
25397, -15170.00, -15139.35, -87985
25403, -15172.00, -15141.36, -87853
25408, -15174.00, -15143.58, -87707
25414, -15176.00, -15145.83, -87585
25419, -15178.00, -15147.73, -87458
25425, -15182.00, -15149.81, -87339
25430, -15183.00, -15151.78, -87213
25435, -15184.00, -15153.83, -87079
25441, -15187.00, -15155.99, -86961
25445, -15190.00, -15157.89, -86833
25451, -15192.00, -15160.12, -86708
25456, -15194.00, -15162.20, -86584
25461, -15197.00, -15164.29, -86461
25466, -15198.00, -15166.36, -86333
25472, -15200.00, -15168.46, -86213
25476, -15201.00, -15170.34, -86099
25481, -15206.00, -15172.20, -85987
25485, -15207.00, -15174.06, -85874
25490, -15207.00, -15175.86, -85762
25494, -15210.00, -15177.63, -85638
25499, -15214.00, -15179.67, -85520
25504, -15214.00, -15181.54, -85397
25508, -15218.00, -15183.54, -85261
25514, -15219.00, -15185.76, -85127
25519, -15222.00, -15187.87, -84988
25524, -15223.00, -15190.06, -84832
25530, -15226.00, -15192.48, -84679
25535, -15228.00, -15194.72, -84533
25540, -15230.00, -15196.88, -84401
25545, -15234.00, -15198.84, -84267
25549, -15234.00, -15200.79, -84120
25554, -15238.00, -15202.95, -83947
25560, -15241.00, -15205.54, -83784
25565, -15241.00, -15207.78, -83628
25570, -15246.00, -15209.92, -83473
25575, -15248.00, -15212.12, -83299
25580, -15251.00, -15214.57, -83127
25586, -15252.00, -15216.89, -82949
25591, -15255.00, -15219.20, -82763
25596, -15259.00, -15221.62, -82582
25601, -15260.00, -15223.95, -82401
25606, -15263.00, -15226.22, -82198
25612, -15265.00, -15228.71, -82011
25616, -15267.00, -15230.88, -81799
25622, -15270.00, -15233.44, -81584
25627, -15273.00, -15235.84, -81358
25633, -15276.00, -15238.49, -81135
25638, -15279.00, -15240.86, -80878
25644, -15281.00, -15243.64, -80648
25649, -15284.00, -15246.00, -80406
25654, -15286.00, -15248.52, -80125
25660, -15289.00, -15251.20, -79852
25665, -15292.00, -15253.72, -79594
25670, -15296.00, -15256.12, -79322
25675, -15297.00, -15258.58, -79038
25680, -15300.00, -15261.07, -78750
25684, -15302.00, -15263.29, -78460
25690, -15304.00, -15265.77, -78149
25694, -15308.00, -15268.15, -77851
25699, -15310.00, -15270.57, -77557
25704, -15313.00, -15272.96, -77248
25709, -15314.00, -15275.52, -76966
25714, -15318.00, -15277.90, -76671
25719, -15321.00, -15280.49, -76395
25724, -15323.00, -15282.97, -76103
25729, -15326.00, -15285.70, -75814
25735, -15330.00, -15288.46, -75519
25741, -15333.00, -15291.51, -75235
25746, -15336.00, -15294.36, -74990
25751, -15339.00, -15296.93, -74749
25756, -15342.00, -15299.65, -74518
25761, -15343.00, -15302.19, -74288
25766, -15348.00, -15304.89, -74022
25772, -15352.00, -15308.26, -73783
25778, -15356.00, -15311.25, -73567
25783, -15358.00, -15314.03, -73347
25788, -15363.00, -15316.99, -73116
25794, -15364.00, -15320.30, -72899
25799, -15368.00, -15323.21, -72702
25804, -15370.00, -15325.94, -72506
25809, -15375.00, -15328.77, -72314
25814, -15377.00, -15331.63, -72133
25819, -15382.00, -15334.41, -71958
25823, -15385.00, -15337.17, -71780
25828, -15386.00, -15340.01, -71590
25833, -15391.00, -15343.16, -71382
25839, -15394.00, -15346.54, -71175
25845, -15399.00, -15350.04, -70982
25850, -15401.00, -15353.36, -70800
25855, -15406.00, -15356.51, -70586
25862, -15411.00, -15360.39, -70401
25867, -15415.00, -15363.88, -70203
25873, -15420.00, -15367.71, -70016
25878, -15423.00, -15371.29, -69831
25884, -15428.00, -15374.87, -69654
25889, -15431.00, -15378.41, -69475
25894, -15436.00, -15381.92, -69296
25900, -15440.00, -15385.58, -69119
25905, -15444.00, -15389.35, -68933
25911, -15449.00, -15393.11, -68755
25916, -15452.00, -15396.81, -68567
25922, -15458.00, -15400.77, -68402
25927, -15460.00, -15404.25, -68234
25932, -15465.00, -15407.86, -68057
25937, -15471.00, -15411.70, -67876
25942, -15477.00, -15415.92, -67694
25948, -15480.00, -15419.97, -67517
25953, -15486.00, -15423.82, -67340
25958, -15491.00, -15428.05, -67170
25963, -15496.00, -15431.97, -67010
25968, -15500.00, -15435.65, -66823
25973, -15506.00, -15440.20, -66639
25978, -15511.00, -15444.56, -66461
25983, -15514.00, -15448.75, -66251
25989, -15521.00, -15453.74, -66052
25995, -15527.00, -15458.69, -65852
26001, -15533.00, -15463.49, -65673
26006, -15538.00, -15467.67, -65470
26011, -15541.00, -15472.62, -65286
26016, -15549.00, -15477.02, -65085
26022, -15555.00, -15481.84, -64880
26027, -15559.00, -15487.08, -64682
26032, -15565.00, -15491.53, -64495
26037, -15571.00, -15496.05, -64308
26042, -15576.00, -15500.46, -64105
26047, -15582.00, -15505.47, -63902
26052, -15589.00, -15510.73, -63664
26058, -15595.00, -15516.12, -63439
26063, -15602.00, -15521.49, -63207
26069, -15608.00, -15527.01, -62979
26074, -15615.00, -15532.44, -62730
26080, -15623.00, -15538.43, -62480
26085, -15628.00, -15544.29, -62232
26091, -15636.00, -15550.05, -61962
26096, -15643.00, -15556.13, -61711
26101, -15649.00, -15561.94, -61461
26107, -15657.00, -15568.35, -61190
26113, -15665.00, -15574.76, -60956
26118, -15672.00, -15580.77, -60721
26124, -15680.00, -15587.00, -60480
26129, -15686.00, -15593.82, -60263
26135, -15694.00, -15599.89, -60057
26140, -15702.00, -15606.11, -59835
26145, -15710.00, -15612.86, -59642
26151, -15717.00, -15619.13, -59450
26156, -15725.00, -15625.60, -59260
26161, -15731.00, -15632.01, -59084
26166, -15739.00, -15638.28, -58884
26172, -15747.00, -15646.04, -58685
26178, -15757.00, -15653.14, -58522
26182, -15765.00, -15659.44, -58372
26187, -15772.00, -15665.64, -58203
26193, -15779.00, -15672.98, -58047
26197, -15787.00, -15679.66, -57890
26203, -15797.00, -15686.57, -57721
26208, -15807.00, -15694.46, -57572
26213, -15815.00, -15701.66, -57421
26219, -15824.00, -15709.31, -57259
26224, -15833.00, -15717.35, -57120
26229, -15841.00, -15724.47, -56982
26234, -15850.00, -15731.69, -56835
26239, -15859.00, -15739.89, -56693
26245, -15867.00, -15747.61, -56558
26249, -15877.00, -15755.01, -56425
26254, -15885.00, -15762.77, -56297
26259, -15893.00, -15770.15, -56166
26264, -15903.00, -15777.77, -56020
26270, -15912.00, -15786.76, -55884
26275, -15922.00, -15795.06, -55753
26280, -15931.00, -15803.30, -55631
26285, -15938.00, -15810.65, -55501
26290, -15948.00, -15819.11, -55368
26295, -15958.00, -15827.41, -55230
26301, -15968.00, -15836.53, -55105
26306, -15976.00, -15844.64, -54955
26312, -15987.00, -15854.79, -54812
26317, -15995.00, -15863.56, -54674
26323, -16006.00, -15872.64, -54529
26328, -16017.00, -15882.31, -54399
26333, -16023.00, -15890.93, -54266
26339, -16035.00, -15899.65, -54137
26344, -16045.00, -15908.71, -54003
26349, -16054.00, -15917.38, -53868
26355, -16065.00, -15927.06, -53726
26360, -16076.00, -15936.71, -53594
26365, -16085.00, -15945.63, -53462
26370, -16093.00, -15954.50, -53332
26375, -16102.00, -15963.28, -53202
26380, -16112.00, -15971.99, -53066
26385, -16121.00, -15981.01, -52912
26391, -16129.00, -15991.17, -52762
26397, -16139.00, -16000.61, -52622
26402, -16148.00, -16009.73, -52463
26408, -16158.00, -16019.94, -52303
26413, -16165.00, -16029.27, -52146
26419, -16178.00, -16038.94, -51992
26424, -16188.00, -16048.21, -51828
26430, -16197.00, -16058.02, -51675
26435, -16205.00, -16066.95, -51527
26440, -16213.00, -16075.45, -51376
26445, -16222.00, -16084.06, -51221
26450, -16230.00, -16092.72, -51051
26455, -16238.00, -16102.10, -50884
26460, -16245.00, -16110.77, -50715
26465, -16253.00, -16119.45, -50553
26470, -16260.00, -16127.29, -50397
26475, -16268.00, -16134.90, -50240
26479, -16275.00, -16142.52, -50071
26484, -16282.00, -16150.54, -49871
26490, -16291.00, -16159.43, -49672
26495, -16298.00, -16168.12, -49472
26500, -16306.00, -16176.74, -49273
26505, -16314.00, -16184.97, -49047
26511, -16320.00, -16193.71, -48832
26516, -16329.00, -16201.96, -48582
26522, -16334.00, -16211.36, -48341
26527, -16344.00, -16219.12, -48095
26532, -16350.00, -16227.36, -47812
26538, -16356.00, -16236.19, -47543
26543, -16365.00, -16244.62, -47265
26549, -16372.00, -16252.31, -46995
26554, -16378.00, -16259.74, -46714
26558, -16384.00, -16267.03, -46415
26564, -16391.00, -16274.56, -46106
26569, -16397.00, -16281.91, -45782
26574, -16403.00, -16289.27, -45457
26579, -16411.00, -16296.78, -45115
26585, -16417.00, -16304.58, -44748
26590, -16425.00, -16312.58, -44432
26595, -16432.00, -16319.73, -44125
26600, -16437.00, -16326.82, -43800
26606, -16443.00, -16334.21, -43472
26612, -16450.00, -16342.37, -43177
26617, -16454.00, -16348.95, -42837
26623, -16460.00, -16356.98, -42532
26629, -16467.00, -16364.45, -42257
26634, -16473.00, -16371.33, -41976
26640, -16480.00, -16378.50, -41715
26645, -16484.00, -16385.21, -41463
26650, -16490.00, -16391.98, -41209
26656, -16497.00, -16398.62, -40967
26661, -16503.00, -16405.60, -40707
26667, -16508.00, -16412.49, -40472
26672, -16512.00, -16418.72, -40241
26678, -16517.00, -16425.06, -40024
26683, -16523.00, -16431.05, -39813
26688, -16528.00, -16437.39, -39587
26694, -16532.00, -16443.35, -39392
26699, -16537.00, -16448.83, -39198
26704, -16543.00, -16454.46, -38999
26709, -16547.00, -16460.59, -38795
26714, -16552.00, -16466.02, -38585
26720, -16557.00, -16472.17, -38390
26725, -16562.00, -16477.86, -38191
26731, -16568.00, -16483.88, -38001
26736, -16572.00, -16489.32, -37819
26741, -16577.00, -16494.68, -37642
26747, -16581.00, -16499.93, -37464
26752, -16585.00, -16505.33, -37270
26758, -16589.00, -16510.89, -37086
26763, -16594.00, -16516.51, -36898
26769, -16599.00, -16521.70, -36719
26774, -16603.00, -16526.92, -36531
26780, -16606.00, -16532.27, -36357
26785, -16611.00, -16537.26, -36182
26790, -16616.00, -16542.00, -36009
26795, -16620.00, -16546.84, -35833
26801, -16623.00, -16551.82, -35659
26806, -16626.00, -16556.40, -35505
26811, -16631.00, -16560.62, -35350
26816, -16635.00, -16564.72, -35174
26821, -16638.00, -16569.55, -34992
26827, -16642.00, -16574.16, -34824
26832, -16645.00, -16578.48, -34647
26837, -16650.00, -16582.95, -34461
26843, -16653.00, -16587.65, -34293
26848, -16657.00, -16591.73, -34125
26853, -16662.00, -16596.01, -33937
26858, -16665.00, -16600.47, -33771
26863, -16667.00, -16604.47, -33590
26869, -16671.00, -16608.72, -33395
26874, -16674.00, -16613.03, -33219
26879, -16677.00, -16616.93, -33038
26885, -16681.00, -16620.88, -32842
26890, -16684.00, -16625.14, -32654
26896, -16690.00, -16629.09, -32477
26900, -16691.00, -16632.74, -32304
26905, -16694.00, -16636.22, -32121
26910, -16696.00, -16639.84, -31943
26915, -16699.00, -16643.19, -31768
26920, -16704.00, -16646.66, -31585
26925, -16705.00, -16649.97, -31414
26929, -16708.00, -16653.08, -31237
26934, -16712.00, -16656.36, -31011
26940, -16715.00, -16660.42, -30801
26945, -16717.00, -16663.91, -30584
26950, -16722.00, -16667.50, -30354
26956, -16725.00, -16671.46, -30124
26961, -16729.00, -16674.99, -29884
26967, -16732.00, -16678.93, -29623
26973, -16734.00, -16682.88, -29377
26978, -16737.00, -16686.31, -29148
26983, -16740.00, -16689.54, -28901
26989, -16744.00, -16693.10, -28675
26994, -16745.00, -16696.29, -28457
26999, -16748.00, -16699.37, -28249
27004, -16750.00, -16702.29, -28062
27009, -16753.00, -16705.02, -27865
27014, -16756.00, -16708.00, -27656
27019, -16759.00, -16711.25, -27449
27024, -16762.00, -16714.45, -27257
27029, -16764.00, -16717.37, -27081
27034, -16767.00, -16720.11, -26918
27038, -16770.00, -16722.84, -26727
27044, -16772.00, -16726.01, -26550
27049, -16775.00, -16729.01, -26374
27054, -16778.00, -16732.07, -26191
27060, -16779.00, -16735.19, -26030
27065, -16781.00, -16737.92, -25864
27070, -16785.00, -16740.84, -25692
27076, -16789.00, -16743.96, -25533
27081, -16791.00, -16746.91, -25372
27087, -16793.00, -16749.92, -25221
27092, -16797.00, -16752.76, -25070
27097, -16799.00, -16755.67, -24925
27102, -16800.00, -16758.42, -24787
27107, -16803.00, -16761.05, -24647
27113, -16805.00, -16763.83, -24504
27118, -16808.00, -16766.55, -24362
27123, -16811.00, -16769.22, -24236
27128, -15000.00, -16718.95, -24103
27133, -16815.00, -16667.90, -23957
27139, -16817.00, -16678.47, -23819
27144, -16821.00, -16687.33, -23680
27149, -16823.00, -16696.44, -23548
27155, -16825.00, -16704.57, -23408
27160, -16828.00, -16713.15, -23269
27166, -16830.00, -16720.92, -23136
27172, -16831.00, -16728.49, -22991
27178, -16836.00, -16736.09, -22866
27183, -16840.00, -16742.37, -22734
27189, -16841.00, -16749.26, -22597
27194, -16843.00, -16755.44, -22470
27199, -16844.00, -16761.24, -22344
27205, -16847.00, -16766.66, -22210
27211, -16850.00, -16772.49, -22081
27216, -16851.00, -16777.39, -21955
27221, -16853.00, -16782.32, -21826
27227, -16857.00, -16787.20, -21707
27232, -16860.00, -16791.46, -21582
27237, -16862.00, -16796.00, -21467
27242, -16863.00, -16799.83, -21357
27246, -16865.00, -16803.54, -21229
27252, -16869.00, -16807.80, -21095
27258, -16870.00, -16812.10, -20974
27263, -16872.00, -16815.73, -20850
27268, -16874.00, -16819.45, -20719
27274, -16878.00, -16823.14, -20583
27279, -16880.00, -16827.01, -20449
27285, -16882.00, -16830.51, -20322
27290, -16883.00, -16833.74, -20188
27295, -16886.00, -16837.10, -20040
27301, -16888.00, -16840.61, -19891
27307, -16891.00, -16844.12, -19744
27313, -16894.00, -16847.52, -19597
27318, -16897.00, -16850.91, -19453
27324, -16898.00, -16853.85, -19312
27329, -16900.00, -16856.77, -19172
27334, -16902.00, -16859.58, -19038
27339, -16906.00, -16862.13, -18900
27344, -16905.00, -16864.85, -18759
27349, -16908.00, -16867.32, -18616
27354, -16911.00, -16870.04, -18452
27360, -16912.00, -16872.74, -18320
27364, -16915.00, -16875.01, -18162
27369, -16917.00, -16877.61, -17990
27375, -16920.00, -16880.46, -17824
27380, -16920.00, -16883.00, -17644
27386, -16923.00, -16885.55, -17459
27391, -16925.00, -16888.18, -17291
27396, -16926.00, -16890.45, -17110
27402, -16929.00, -16892.84, -16911
27407, -16930.00, -16895.39, -16726
27413, -16932.00, -16897.62, -16503
27419, -16936.00, -16900.25, -16300
27424, -16937.00, -16902.60, -16071
27430, -16940.00, -16905.11, -15845
27435, -16942.00, -16907.52, -15618
27441, -16944.00, -16909.83, -15398
27446, -16945.00, -16911.97, -15173
27451, -16946.00, -16913.98, -14943
27456, -16948.00, -16916.00, -14705
27461, -16951.00, -16918.02, -14468
27465, -16952.00, -16919.96, -14198
27471, -16953.00, -16922.04, -13933
27475, -16956.00, -16924.00, -13648
27481, -16958.00, -16926.06, -13319
27486, -16962.00, -16928.40, -12991
27492, -16964.00, -16930.72, -12667
27497, -16964.00, -16932.84, -12376
27502, -16966.00, -16934.70, -12022
27508, -16968.00, -16937.04, -11730
27512, -16970.00, -16938.86, -11428
27518, -16973.00, -16940.97, -11100
27523, -16974.00, -16943.20, -10818
27528, -16976.00, -16945.15, -10527
27534, -16978.00, -16947.26, -10226
27539, -16981.00, -16949.41, -9955
27545, -16983.00, -16951.46, -9700
27550, -16984.00, -16953.41, -9469
27554, -16986.00, -16955.19, -9237
27559, -16986.00, -16956.98, -9018
27563, -16989.00, -16958.69, -8774
27569, -16989.00, -16960.71, -8532
27574, -16992.00, -16962.70, -8291
27580, -16994.00, -16964.64, -8051
27585, -16997.00, -16966.68, -7806
27591, -16998.00, -16968.88, -7597
27596, -17000.00, -16970.61, -7376
27601, -17002.00, -16972.67, -7143
27607, -17004.00, -16974.77, -6943
27612, -17006.00, -16976.62, -6711
27618, -17006.00, -16978.76, -6509
27623, -17010.00, -16980.64, -6317
27629, -17011.00, -16982.54, -6109
27634, -17012.00, -16984.49, -5888
27640, -17015.00, -16986.60, -5682
27646, -17018.00, -16988.65, -5506
27651, -17019.00, -16990.43, -5315
27656, -17020.00, -16992.32, -5125
27662, -17023.00, -16994.29, -4935
27667, -17023.00, -16996.16, -4766
27672, -17027.00, -16997.90, -4582
27677, -17027.00, -16999.80, -4393
27683, -17029.00, -17001.71, -4208
27688, -17033.00, -17003.65, -4031
27694, -17034.00, -17005.58, -3842
27699, -17036.00, -17007.56, -3657
27705, -17038.00, -17009.55, -3479
27710, -17040.00, -17011.43, -3306
27715, -17041.00, -17013.25, -3131
27721, -17043.00, -17015.16, -2952
27726, -17045.00, -17017.05, -2771
27731, -17046.00, -17018.82, -2594
27736, -17047.00, -17020.62, -2407
27742, -17051.00, -17022.54, -2236
27747, -17052.00, -17024.28, -2070
27752, -17054.00, -17026.05, -1878
27758, -17055.00, -17028.05, -1696
27763, -17058.00, -17029.84, -1514
27768, -17058.00, -17031.67, -1335
27774, -17061.00, -17033.43, -1141
27779, -17062.00, -17035.32, -954
27785, -17064.00, -17037.17, -762
27790, -17066.00, -17039.00, -578
27795, -17068.00, -17040.80, -395
27800, -17072.00, -17042.62, -197
27806, -17072.00, -17044.57, -10
27811, -17074.00, -17046.35, 174
27816, -17075.00, -17048.04, 357
27821, -17076.00, -17049.69, 541
27826, -17079.00, -17051.36, 742
27831, -17081.00, -17053.23, 960
27837, -17083.00, -17055.20, 1168
27842, -17085.00, -17057.09, 1365
27847, -17087.00, -17058.82, 1557
27852, -17089.00, -17060.53, 1760
27857, -17091.00, -17062.32, 1955
27862, -17091.00, -17063.96, 2155
27866, -17092.00, -17065.58, 2348
27871, -17095.00, -17067.13, 2565
27876, -17097.00, -17068.92, 2764
27881, -17098.00, -17070.48, 3001
27886, -17099.00, -17072.35, 3229
27891, -17100.00, -17073.97, 3452
27896, -17103.00, -17075.56, 3677
27901, -17105.00, -17077.28, 3926
27906, -17105.00, -17079.21, 4164
27911, -17109.00, -17080.88, 4385
27916, -17109.00, -17082.65, 4625
27922, -17111.00, -17084.42, 4855
27927, -17113.00, -17086.24, 5064
27932, -17116.00, -17087.98, 5275
27938, -17117.00, -17089.82, 5483
27943, -17118.00, -17091.59, 5691
27949, -17120.00, -17093.50, 5895
27954, -17122.00, -17095.24, 6102
27960, -17126.00, -17097.28, 6306
27965, -17126.00, -17099.29, 6479
27970, -17128.00, -17100.99, 6648
27976, -17130.00, -17102.73, 6817
27981, -17132.00, -17104.49, 6981
27986, -17133.00, -17106.26, 7151
27991, -17136.00, -17108.13, 7313
27997, -17138.00, -17110.00, 7459
28001, -17140.00, -17111.73, 7612
28007, -17140.00, -17113.52, 7758
28012, -17143.00, -17115.24, 7893
28016, -17144.00, -17116.86, 8036
28022, -17147.00, -17118.69, 8176
28027, -17147.00, -17120.42, 8312
28032, -17149.00, -17122.12, 8460
28037, -17152.00, -17124.01, 8594
28042, -17154.00, -17125.81, 8736
28048, -17155.00, -17127.70, 8868
28053, -17156.00, -17129.44, 9016
28059, -17158.00, -17131.37, 9159
28064, -17160.00, -17133.26, 9305
28070, -17163.00, -17135.27, 9430
28075, -17164.00, -17136.98, 9554
28080, -17167.00, -17138.73, 9685
28086, -17167.00, -17140.59, 9810
28091, -17171.00, -17142.38, 9933
28096, -17172.00, -17144.19, 10051
28101, -17174.00, -17145.88, 10178
28106, -17176.00, -17147.78, 10300
28111, -17178.00, -17149.58, 10412
28116, -17180.00, -17151.27, 10532
28121, -17181.00, -17153.05, 10661
28126, -17183.00, -17154.97, 10779
28131, -17185.00, -17156.69, 10912
28137, -17186.00, -17158.65, 11040
28142, -17189.00, -17160.50, 11171
28148, -17189.00, -17162.41, 11291
28152, -17192.00, -17164.09, 11410
28158, -17194.00, -17165.88, 11533
28163, -17196.00, -17167.68, 11666
28168, -17197.00, -17169.65, 11792
28173, -17200.00, -17171.48, 11928
28179, -17202.00, -17173.56, 12058
28184, -17203.00, -17175.38, 12194
28190, -17208.00, -17177.40, 12326
28195, -17209.00, -17179.39, 12456
28201, -17210.00, -17181.32, 12584
28206, -17212.00, -17183.14, 12709
28210, -17214.00, -17184.92, 12856
28216, -17216.00, -17186.99, 13001
28222, -17218.00, -17189.01, 13144
28227, -17221.00, -17191.03, 13290
28232, -17222.00, -17192.97, 13439
28238, -17225.00, -17195.07, 13589
28243, -17227.00, -17197.00, 13733
28248, -17227.00, -17198.87, 13901
28254, -17231.00, -17201.00, 14075
28260, -17233.00, -17203.22, 14225
28265, -17236.00, -17205.08, 14388
28270, -17236.00, -17207.13, 14553
28276, -17240.00, -17209.15, 14724
28281, -17240.00, -17211.14, 14896
28286, -17244.00, -17213.17, 15072
28292, -17247.00, -17215.26, 15258
28297, -17247.00, -17217.36, 15445
28303, -17249.00, -17219.35, 15623
28308, -17252.00, -17221.28, 15804
28313, -17254.00, -17223.22, 15991
28318, -17257.00, -17225.18, 16191
28323, -17258.00, -17227.22, 16398
28328, -17261.00, -17229.28, 16601
28333, -17262.00, -17231.22, 16804
28338, -17265.00, -17233.15, 17019
28343, -17266.00, -17235.12, 17256
28348, -17269.00, -17237.21, 17476
28353, -17272.00, -17239.13, 17726
28358, -17273.00, -17241.32, 17979
28363, -17276.00, -17243.31, 18263
28369, -17277.00, -17245.57, 18523
28374, -17280.00, -17247.49, 18790
28379, -17282.00, -17249.48, 19103
28384, -17284.00, -17251.64, 19377
28388, -17285.00, -17253.45, 19668
28393, -17289.00, -17255.41, 20019
28399, -17290.00, -17257.74, 20362
28404, -17294.00, -17259.89, 20691
28409, -17295.00, -17262.08, 21036
28415, -17296.00, -17264.30, 21349
28420, -17300.00, -17266.40, 21665
28425, -17304.00, -17268.63, 21944
28430, -17304.00, -17270.67, 22218
28434, -17306.00, -17272.68, 22510
28440, -17310.00, -17274.92, 22777
28444, -17312.00, -17277.05, 23050
28449, -17315.00, -17279.31, 23327
28455, -17317.00, -17281.67, 23593
28460, -17318.00, -17283.96, 23841
28465, -17321.00, -17286.14, 24105
28471, -17324.00, -17288.57, 24362
28476, -17328.00, -17291.08, 24593
28481, -17330.00, -17293.42, 24829
28487, -17333.00, -17295.95, 25071
28492, -17337.00, -17298.47, 25286
28497, -17339.00, -17300.89, 25488
28502, -17341.00, -17303.17, 25707
28507, -17344.00, -17305.79, 25911
28512, -17346.00, -17308.18, 26106
28517, -17349.00, -17310.46, 26324
28523, -17352.00, -17313.23, 26512
28528, -17355.00, -17315.64, 26714
28533, -17357.00, -17318.26, 26889
28538, -17360.00, -17320.57, 27067
28542, -17361.00, -17322.90, 27234
28547, -17365.00, -17325.14, 27411
28552, -17367.00, -17327.71, 27608
28558, -17371.00, -17330.45, 27775
28562, -17373.00, -17332.85, 27951
28568, -17376.00, -17335.49, 28130
28573, -17379.00, -17338.23, 28297
28578, -17383.00, -17340.78, 28472
28583, -17386.00, -17343.69, 28660
28589, -17389.00, -17346.61, 28810
28593, -17391.00, -17349.00, 28978
28599, -17394.00, -17351.79, 29157
28604, -17396.00, -17354.71, 29318
28609, -17399.00, -17357.22, 29503
28615, -17403.00, -17360.29, 29668
28620, -17405.00, -17363.02, 29834
28625, -17409.00, -17365.84, 29989
28630, -17412.00, -17368.45, 30165
28635, -17416.00, -17371.51, 30324
28640, -17418.00, -17374.26, 30477
28645, -17421.00, -17376.91, 30643
28650, -17424.00, -17379.78, 30785
28655, -17427.00, -17382.35, 30933
28659, -17431.00, -17384.90, 31090
28664, -17436.00, -17387.82, 31261
28670, -17439.00, -17391.18, 31435
28675, -17442.00, -17394.33, 31586
28680, -17444.00, -17397.08, 31762
28685, -17450.00, -17400.43, 31933
28691, -17452.00, -17403.68, 32102
28696, -17455.00, -17406.79, 32271
28701, -17459.00, -17409.98, 32460
28707, -17464.00, -17413.53, 32635
28712, -17469.00, -17417.03, 32833
28718, -17473.00, -17420.81, 33028
28724, -17477.00, -17424.60, 33201
28729, -17480.00, -17427.87, 33370
28734, -17484.00, -17431.14, 33533
28738, -17487.00, -17434.28, 33703
28743, -17492.00, -17437.54, 33874
28748, -17496.00, -17440.83, 34065
28753, -17501.00, -17444.59, 34248
28758, -17505.00, -17448.21, 34425
28763, -17508.00, -17451.70, 34625
28769, -17512.00, -17455.48, 34805
28773, -17516.00, -17458.89, 35002
28779, -17520.00, -17462.75, 35195
28784, -17516.00, -17466.24, 35275
28789, -17510.00, -17469.35, 35274
28795, -17508.00, -17471.84, 35219
28800, -17503.00, -17473.86, 35132
28804, -17499.00, -17475.50, 35019
28809, -17494.00, -17476.73, 34876
28815, -17490.00, -17477.71, 34719
28820, -17486.00, -17478.36, 34540
28825, -17481.00, -17478.70, 34366
28830, -17477.00, -17478.72, 34175
28836, -17474.00, -17478.51, 33979
28842, -17469.00, -17478.03, 33798
28847, -17466.00, -17477.38, 33623
28852, -17462.00, -17476.56, 33452
28856, -17457.00, -17475.57, 33277
28862, -17454.00, -17474.33, 33086
28867, -17449.00, -17472.84, 32915
28872, -17447.00, -17471.36, 32749
28877, -17444.00, -17469.82, 32554
28882, -17439.00, -17467.90, 32385
28887, -17437.00, -17466.12, 32232
28892, -17434.00, -17464.41, 32076
28896, -17430.00, -17462.63, 31921
28901, -17428.00, -17460.76, 31752
28906, -17425.00, -17458.60, 31593
28910, -17419.00, -17456.56, 31417
28916, -17416.00, -17454.05, 31245
28921, -17412.00, -17451.51, 31081
28926, -17409.00, -17449.14, 30926
28930, -17407.00, -17446.79, 30748
28936, -17403.00, -17444.03, 30579
28941, -17399.00, -17441.39, 30397
28947, -17398.00, -17438.45, 30209
28952, -17393.00, -17435.53, 30036
28957, -17390.00, -17432.72, 29845
28963, -17386.00, -17429.61, 29666
28969, -17382.00, -17426.62, 29486
28974, -17379.00, -17423.60, 29307
28979, -17377.00, -17420.69, 29129
28984, -17375.00, -17417.79, 28942
28990, -17372.00, -17414.79, 28756
28996, -17369.00, -17411.74, 28572
29001, -17365.00, -17408.90, 28372
29007, -17363.00, -17405.71, 28187
29012, -17359.00, -17402.77, 27987
29018, -17356.00, -17399.61, 27807
29023, -17352.00, -17396.78, 27628
29028, -17350.00, -17393.97, 27447
29033, -17348.00, -17391.20, 27250
29039, -17344.00, -17388.18, 27055
29044, -17341.00, -17385.30, 26880
29049, -17339.00, -17382.71, 26677
29054, -17335.00, -17379.72, 26490
29059, -17335.00, -17377.07, 26292
29064, -17332.00, -17374.36, 26088
29069, -17327.00, -17371.50, 25870
29075, -17325.00, -17368.50, 25670
29080, -17323.00, -17365.79, 25427
29085, -17320.00, -17362.65, 25202
29090, -17319.00, -17359.99, 24983
29096, -17317.00, -17357.39, 24736
29102, -17312.00, -17354.29, 24460
29107, -17311.00, -17351.30, 24221
29112, -17308.00, -17348.76, 23945
29118, -17306.00, -17345.88, 23674
29124, -17303.00, -17342.98, 23406
29129, -17300.00, -17340.47, 23106
29134, -17297.00, -17337.54, 22817
29140, -17294.00, -17334.84, 22511
29145, -17292.00, -17332.04, 22209
29150, -17290.00, -17329.45, 21854
29156, -17287.00, -17326.47, 21525
29162, -17287.00, -17324.02, 21223
29166, -17283.00, -17321.76, 20923
29171, -17281.00, -17319.56, 20606
29176, -17279.00, -17317.22, 20314
29180, -17277.00, -17315.04, 19997
29185, -17274.00, -17312.65, 19709
29190, -17274.00, -17310.50, 19424
29194, -17271.00, -17308.34, 19152
29199, -17269.00, -17306.21, 18872
29204, -17266.00, -17303.90, 18610
29208, -17264.00, -17301.69, 18365
29213, -17263.00, -17299.59, 18086
29218, -17260.00, -17297.13, 17805
29224, -17258.00, -17294.53, 17547
29229, -17255.00, -17292.05, 17291
29235, -17253.00, -17289.58, 17051
29240, -17251.00, -17287.18, 16806
29245, -17248.00, -17284.65, 16588
29251, -17247.00, -17282.28, 16371
29256, -17243.00, -17279.94, 16164
29261, -17243.00, -17277.61, 15945
29267, -17241.00, -17275.21, 15750
29272, -17239.00, -17273.03, 15560
29277, -17237.00, -17270.83, 15371
29282, -17234.00, -17268.57, 15202
29287, -17233.00, -17266.53, 15023
29292, -17231.00, -17264.34, 14849
29297, -17228.00, -17262.14, 14676
29302, -17227.00, -17259.93, 14499
29308, -17225.00, -17257.65, 14342
29313, -17223.00, -17255.63, 14172
29318, -17219.00, -17253.29, 13998
29324, -17217.00, -17250.75, 13851
29329, -17213.00, -17248.67, 13699
29334, -17213.00, -17246.38, 13551
29340, -17211.00, -17244.21, 13404
29345, -17210.00, -17242.04, 13258
29350, -17208.00, -17239.97, 13102
29356, -17205.00, -17237.64, 12964
29361, -17203.00, -17235.56, 12815
29367, -17201.00, -17233.25, 12662
29372, -17199.00, -17231.00, 12523
29377, -17197.00, -17228.85, 12374
29383, -17196.00, -17226.58, 12229
29389, -17192.00, -17224.29, 12100
29394, -17191.00, -17222.25, 11968
29399, -17188.00, -17220.15, 11845
29404, -17186.00, -17218.14, 11722
29409, -17185.00, -17216.13, 11602
29414, -17184.00, -17214.28, 11484
29419, -17181.00, -17212.41, 11358
29424, -17179.00, -17210.40, 11233
29429, -17177.00, -17208.39, 11108
29434, -17178.00, -17206.45, 10984
29440, -17175.00, -17204.58, 10857
29445, -17172.00, -17202.58, 10727
29450, -17168.00, -17200.50, 10590
29456, -17167.00, -17198.24, 10468
29461, -17164.00, -17196.29, 10330
29466, -17163.00, -17194.05, 10208
29471, -17162.00, -17192.14, 10088
29476, -17160.00, -17190.30, 9955
29482, -17157.00, -17188.20, 9817
29487, -17157.00, -17186.08, 9688
29492, -17155.00, -17184.24, 9553
29497, -17154.00, -17182.33, 9418
29503, -17151.00, -17180.38, 9283
29508, -17149.00, -17178.44, 9148
29513, -17148.00, -17176.58, 9015
29518, -17146.00, -17174.76, 8874
29524, -17144.00, -17172.83, 8740
29529, -17141.00, -17170.97, 8607
29533, -17140.00, -17169.14, 8478
29538, -17139.00, -17167.45, 8338
29543, -17135.00, -17165.56, 8193
29549, -17135.00, -17163.61, 8041
29554, -17133.00, -17161.64, 7881
29559, -17131.00, -17159.71, 7722
29565, -17129.00, -17157.67, 7560
29570, -17126.00, -17155.77, 7399
29575, -17124.00, -17153.78, 7239
29581, -17122.00, -17151.80, 7076
29586, -17121.00, -17149.96, 6913
29591, -17120.00, -17148.17, 6748
29596, -17119.00, -17146.40, 6570
29601, -17116.00, -17144.58, 6371
29607, -17114.00, -17142.50, 6190
29612, -17113.00, -17140.74, 5993
29617, -17111.00, -17138.88, 5788
29623, -17109.00, -17136.97, 5590
29628, -17106.00, -17135.16, 5388
29633, -17106.00, -17133.39, 5183
29638, -17104.00, -17131.66, 4971
29643, -17102.00, -17129.89, 4758
29647, -17100.00, -17128.18, 4540
29652, -17098.00, -17126.51, 4304
29657, -17097.00, -17124.68, 4073
29662, -17095.00, -17122.96, 3816
29668, -17093.00, -17121.04, 3578
29673, -17091.00, -17119.21, 3358
29678, -17090.00, -17117.57, 3152
29682, -17087.00, -17115.97, 2935
29687, -17085.00, -17114.23, 2721
29692, -17085.00, -17112.51, 2519
29696, -17083.00, -17110.94, 2293
29702, -17081.00, -17109.04, 2064
29707, -17079.00, -17107.21, 1858
29712, -17077.00, -17105.46, 1651
29717, -17075.00, -17103.62, 1436
29722, -17073.00, -17101.79, 1255
29726, -17072.00, -17100.18, 1061
29731, -17071.00, -17098.44, 848
29737, -17068.00, -17096.60, 677
29741, -17067.00, -17095.04, 486
29746, -17065.00, -17093.27, 285
29751, -17063.00, -17091.32, 112
29756, -17062.00, -17089.76, -77
29761, -17062.00, -17087.97, -274
29766, -17058.00, -17086.16, -451
29771, -17058.00, -17084.51, -640
29777, -17054.00, -17082.63, -840
29782, -17053.00, -17080.70, -1048
29788, -17051.00, -17078.69, -1217
29793, -17049.00, -17076.97, -1399
29798, -17047.00, -17075.22, -1601
29804, -17047.00, -17073.21, -1779
29809, -17043.00, -17071.45, -1984
29815, -17041.00, -17069.35, -2166
29820, -17040.00, -17067.50, -2358
29826, -17037.00, -17065.52, -2550
29831, -17035.00, -17063.52, -2725
29837, -17033.00, -17061.56, -2919
29842, -17031.00, -17059.65, -3099
29847, -17029.00, -17057.67, -3285
29853, -17029.00, -17055.84, -3466
29858, -17026.00, -17054.04, -3640
29863, -17025.00, -17052.29, -3848
29869, -17023.00, -17050.22, -4034
29874, -17020.00, -17048.32, -4212
29880, -17019.00, -17046.48, -4394
29885, -17016.00, -17044.65, -4594
29891, -17015.00, -17042.63, -4784
29896, -17012.00, -17040.64, -5059
29904, -17011.00, -17038.01, -5240
29909, -17006.00, -17036.20, -5457
29915, -17005.00, -17033.97, -5642
29920, -17005.00, -17032.24, -5826
29925, -17003.00, -17030.54, -6020
29930, -17001.00, -17028.77, -6204
29934, -17000.00, -17027.13, -6383
29939, -16998.00, -17025.55, -6580
29944, -16996.00, -17023.80, -6795
29950, -16994.00, -17021.90, -7022
29955, -16991.00, -17019.89, -7217
29960, -16991.00, -17018.30, -7426
29965, -16988.00, -17016.54, -7636
29970, -16986.00, -17014.76, -7860
29975, -16984.00, -17012.91, -8077
29980, -16983.00, -17011.17, -8337
29986, -16981.00, -17009.07, -8578
29991, -16978.00, -17007.24, -8840
29996, -16976.00, -17005.20, -9115
30002, -16975.00, -17003.15, -9390
30007, -16971.00, -17001.11, -9660
30013, -16970.00, -16999.18, -9975
30019, -16968.00, -16997.02, -10286
30024, -16967.00, -16994.93, -10597
30030, -16964.00, -16992.97, -10935
30036, -16960.00, -16990.81, -11253
30041, -16961.00, -16988.84, -11569
30046, -16959.00, -16987.03, -11880
30051, -16956.00, -16985.24, -12179
30056, -16953.00, -16983.46, -12469
30060, -16954.00, -16981.78, -12751
30065, -16951.00, -16980.12, -13020
30070, -16951.00, -16978.51, -13299
30074, -16947.00, -16976.80, -13550
30079, -16945.00, -16975.14, -13824
30084, -16946.00, -16973.29, -14083
30089, -16941.00, -16971.58, -14330
30093, -16941.00, -16969.80, -14552
30098, -16937.00, -16968.14, -14795
30103, -16936.00, -16966.09, -15026
30108, -16935.00, -16964.37, -15242
30112, -16932.00, -16962.56, -15461
30117, -16931.00, -16960.70, -15695
30123, -16928.00, -16958.60, -15914
30128, -16928.00, -16956.63, -16136
30134, -16925.00, -16954.50, -16335
30139, -16923.00, -16952.66, -16533
30144, -16921.00, -16950.67, -16721
30150, -16919.00, -16948.70, -16938
30156, -16916.00, -16946.35, -17109
30161, -16916.00, -16944.51, -17267
30166, -16913.00, -16942.79, -17421
30170, -16910.00, -16940.97, -17567
30175, -16909.00, -16939.20, -17712
30180, -16907.00, -16937.37, -17880
30185, -16907.00, -16935.32, -18022
30190, -16904.00, -16933.60, -18172
30195, -16902.00, -16931.68, -18330
30201, -16900.00, -16929.50, -18490
30206, -16897.00, -16927.46, -18631
30212, -16896.00, -16925.51, -18778
30217, -16892.00, -16923.43, -18921
30222, -16892.00, -16921.34, -19065
30228, -16889.00, -16919.26, -19226
30234, -16886.00, -16916.86, -19357
30239, -16884.00, -16914.86, -19500
30245, -16884.00, -16912.72, -19648
30251, -16881.00, -16910.51, -19786
30257, -16877.00, -16908.34, -19907
30262, -16877.00, -16906.44, -20022
30267, -16872.00, -16904.53, -20136
30271, -16872.00, -16902.67, -20251
30276, -16869.00, -16900.71, -20375
30282, -16869.00, -16898.62, -20496
30287, -16866.00, -16896.64, -20610
30292, -16864.00, -16894.66, -20722
30297, -16862.00, -16892.70, -20831
30302, -16860.00, -16890.84, -20937
30307, -16859.00, -16889.03, -21055
30312, -16856.00, -16886.98, -21167
30317, -16853.00, -16884.99, -21288
30323, -16851.00, -16882.78, -21399
30328, -16849.00, -16880.81, -21522
30333, -16847.00, -16878.53, -21647
30339, -16843.00, -16876.30, -21773
30345, -16843.00, -16874.00, -21892
30350, -16841.00, -16871.93, -22023
30356, -16837.00, -16869.60, -22136
30361, -16836.00, -16867.57, -22260
30366, -16833.00, -16865.35, -22389
30372, -16830.00, -16862.97, -22497
30377, -16829.00, -16861.01, -22603
30382, -16827.00, -16859.13, -22706
30386, -16824.00, -16857.26, -22816
30391, -16820.00, -16855.15, -22933
30396, -16820.00, -16852.95, -23059
30402, -16818.00, -16850.58, -23178
30407, -16815.00, -16848.49, -23303
30413, -16812.00, -16846.05, -23426
30418, -16811.00, -16843.96, -23552
30423, -16807.00, -16841.68, -23671
30428, -16804.00, -16839.42, -23802
30434, -16802.00, -16837.00, -23933
30439, -16800.00, -16834.59, -24062
30444, -16798.00, -16832.28, -24194
30450, -16795.00, -16830.02, -24336
30456, -16793.00, -16827.47, -24470
30461, -16791.00, -16825.26, -24597
30466, -16788.00, -16823.08, -24735
30471, -16786.00, -16820.75, -24874
30476, -16784.00, -16818.49, -25030
30482, -16780.00, -16815.92, -25179
30487, -16779.00, -16813.50, -25323
30493, -16776.00, -16811.25, -25481
30498, -16772.00, -16808.75, -25629
30503, -16771.00, -16806.38, -25780
30508, -16768.00, -16804.17, -25922
30513, -16765.00, -16802.05, -26070
30518, -16764.00, -16799.86, -26218
30522, -16760.00, -16797.67, -26372
30527, -16759.00, -16795.49, -26524
30532, -16756.00, -16793.37, -26689
30537, -16752.00, -16790.97, -26850
30541, -16750.00, -16788.69, -27015
30546, -16749.00, -16786.49, -27197
30551, -16746.00, -16784.12, -27383
30556, -16744.00, -16781.73, -27558
30560, -16739.00, -16779.49, -27771
30566, -16737.00, -16776.81, -27984
30571, -16736.00, -16774.08, -28209
30576, -16732.00, -16771.62, -28429
30582, -16729.00, -16769.02, -28659
30587, -16726.00, -16766.43, -28882
30592, -16723.00, -16763.79, -29121
30597, -16722.00, -16761.07, -29347
30602, -16717.00, -16758.44, -29563
30607, -16715.00, -16755.87, -29774
30612, -16712.00, -16753.36, -29977
30617, -16708.00, -16750.80, -30180
30622, -16704.00, -16748.13, -30380
30627, -16703.00, -16745.57, -30562
30631, -16699.00, -16743.12, -30768
30636, -16696.00, -16740.27, -30980
30642, -16693.00, -16737.21, -31179
30647, -16689.00, -16734.46, -31393
30653, -16686.00, -16731.17, -31593
30658, -16683.00, -16728.26, -31784
30663, -16680.00, -16725.40, -31971
30668, -16677.00, -16722.55, -32166
30673, -16674.00, -16719.51, -32369
30679, -16668.00, -16716.24, -32566
30684, -16665.00, -16712.76, -32766
30690, -16661.00, -16709.52, -32953
30695, -16657.00, -16706.14, -33150
30701, -16654.00, -16702.75, -33345
30706, -16650.00, -16699.17, -33533
30712, -16647.00, -16695.93, -33731
30718, -16644.00, -16692.39, -33917
30723, -16639.00, -16688.90, -34106
30729, -16633.00, -16685.40, -34286
30734, -16629.00, -16681.86, -34468
30739, -16625.00, -16678.23, -34643
30745, -16622.00, -16674.67, -34824
30750, -16617.00, -16671.00, -35002
30756, -16613.00, -16667.34, -35171
30761, -16609.00, -16663.74, -35346
30766, -16605.00, -16660.15, -35516
30771, -16601.00, -16656.53, -35684
30776, -16597.00, -16652.98, -35866
30782, -16592.00, -16648.98, -36025
30787, -16589.00, -16645.69, -36176
30791, -16585.00, -16642.43, -36343
30796, -16581.00, -16638.81, -36528
30802, -16576.00, -16634.53, -36700
30807, -16572.00, -16630.75, -36873
30812, -16567.00, -16626.99, -37062
30818, -16563.00, -16622.72, -37240
30823, -16558.00, -16618.80, -37421
30828, -16553.00, -16614.74, -37607
30834, -16548.00, -16610.50, -37787
30839, -16541.00, -16606.36, -37975
30844, -16538.00, -16602.13, -38168
30850, -16532.00, -16597.61, -38346
30854, -16529.00, -16593.78, -38519
30859, -16525.00, -16590.01, -38712
30864, -16519.00, -16585.65, -38914
30870, -16512.00, -16581.07, -39129
30875, -16506.00, -16576.19, -39353
30881, -16502.00, -16571.20, -39575
30886, -16496.00, -16566.38, -39780
30891, -16489.00, -16561.90, -39998
30897, -16485.00, -16556.94, -40253
30903, -16479.00, -16551.62, -40504
30909, -16473.00, -16546.23, -40769
30914, -16466.00, -16540.80, -41023
30920, -16459.00, -16535.46, -41281
30925, -16452.00, -16530.25, -41541
30931, -16446.00, -16524.85, -41817
30937, -16441.00, -16519.14, -42101
30942, -16434.00, -16513.86, -42414
30948, -16428.00, -16507.95, -42728
30954, -16420.00, -16502.07, -43038
30959, -16413.00, -16496.45, -43340
30964, -16407.00, -16491.05, -43652
30969, -16401.00, -16485.67, -43984
30975, -16392.00, -16479.87, -44350
30980, -16385.00, -16473.57, -44667
30985, -16377.00, -16468.35, -44966
30989, -16374.00, -16463.21, -45266
30994, -16368.00, -16458.13, -45555
30998, -16361.00, -16453.03, -45876
31003, -16355.00, -16447.20, -46164
31008, -16347.00, -16441.71, -46459
31013, -16340.00, -16435.76, -46759
31018, -16333.00, -16429.46, -47047
31023, -16326.00, -16423.26, -47326
31028, -16319.00, -16416.95, -47624
31034, -16311.00, -16410.07, -47885
31039, -16303.00, -16403.65, -48147
31045, -16296.00, -16396.79, -48410
31050, -16287.00, -16389.74, -48653
31055, -16276.00, -16382.69, -48881
31061, -16269.00, -16375.68, -49102
31066, -16261.00, -16368.95, -49304
31071, -16253.00, -16362.25, -49515
31076, -16244.00, -16355.09, -49733
31081, -16234.00, -16347.10, -49931
31086, -16227.00, -16339.93, -50121
31092, -16217.00, -16332.60, -50297
31096, -16210.00, -16325.63, -50483
31102, -16200.00, -16317.73, -50667
31107, -16193.00, -16310.31, -50850
31112, -16185.00, -16302.12, -51028
31118, -16174.00, -16294.28, -51207
31123, -16167.00, -16285.85, -51378
31129, -16156.00, -16277.76, -51568
31135, -16145.00, -16268.40, -51742
31140, -16135.00, -16259.81, -51905
31146, -16127.00, -16251.21, -52069
31151, -16115.00, -16242.56, -52221
31156, -16104.00, -16234.02, -52383
31162, -16095.00, -16224.98, -52521
31167, -16088.00, -16217.13, -52665
31172, -16077.00, -16208.72, -52801
31177, -16067.00, -16200.71, -52947
31182, -16058.00, -16191.63, -53086
31187, -16048.00, -16183.18, -53212
31192, -16040.00, -16175.38, -53347
31197, -16031.00, -16166.65, -53484
31202, -16020.00, -16157.20, -53613
31207, -16012.00, -16149.26, -53742
31212, -16002.00, -16140.62, -53880
31217, -15992.00, -16131.35, -54011
31222, -15984.00, -16122.35, -54146
31227, -15972.00, -16113.36, -54296
31234, -15964.00, -16102.63, -54446
31239, -15954.00, -16093.17, -54600
31245, -15943.00, -16082.80, -54750
31251, -15931.00, -16072.46, -54889
31256, -15921.00, -16062.88, -55044
31262, -15910.00, -16051.96, -55193
31268, -15900.00, -16041.78, -55333
31274, -15890.00, -16031.64, -55487
31279, -15880.00, -16021.27, -55642
31285, -15871.00, -16011.08, -55782
31291, -15860.00, -16001.75, -55922
31296, -15853.00, -15992.70, -56059
31301, -15843.00, -15983.65, -56194
31306, -15832.00, -15974.41, -56332
31311, -15825.00, -15965.52, -56469
31316, -15816.00, -15956.74, -56612
31321, -15807.00, -15947.38, -56760
31326, -15798.00, -15938.19, -56912
31332, -15788.00, -15928.55, -57062
31337, -15780.00, -15919.30, -57213
31342, -15770.00, -15910.37, -57366
31347, -15762.00, -15901.19, -57516
31353, -15756.00, -15892.41, -57669
31357, -15747.00, -15883.92, -57827
31363, -15739.00, -15875.04, -58000
31368, -15731.00, -15865.49, -58171
31374, -15723.00, -15856.68, -58354
31379, -15714.00, -15847.42, -58512
31384, -15708.00, -15839.84, -58676
31388, -15699.00, -15831.86, -58864
31394, -15693.00, -15823.01, -59034
31398, -15685.00, -15815.42, -59199
31403, -15678.00, -15807.99, -59390
31408, -15671.00, -15799.51, -59578
31413, -15664.00, -15791.63, -59795
31418, -15657.00, -15783.23, -59984
31423, -15650.00, -15775.88, -60188
31428, -15644.00, -15768.26, -60414
31433, -15637.00, -15759.91, -60640
31438, -15630.00, -15752.17, -60875
31443, -15624.00, -15744.39, -61120
31448, -15617.00, -15736.55, -61386
31454, -15612.00, -15728.00, -61652
31460, -15604.00, -15719.90, -61934
31466, -15597.00, -15711.65, -62199
31471, -15590.00, -15703.48, -62444
31476, -15584.00, -15696.00, -62710
31482, -15576.00, -15687.71, -62959
31488, -15569.00, -15679.74, -63212
31494, -15563.00, -15672.09, -63437
31499, -15557.00, -15664.75, -63681
31504, -15551.00, -15657.45, -63904
31510, -15547.00, -15650.48, -64115
31515, -15540.00, -15643.87, -64316
31520, -15535.00, -15637.41, -64516
31525, -15530.00, -15631.12, -64729
31530, -15525.00, -15624.21, -64926
31535, -15519.00, -15618.20, -65099
31540, -15514.00, -15612.59, -65294
31545, -15510.00, -15606.27, -65503
31550, -15504.00, -15599.41, -65695
31555, -15499.00, -15593.46, -65890
31561, -15495.00, -15587.01, -66092
31566, -15489.00, -15580.83, -66300
31572, -15483.00, -15574.03, -66505
31578, -15477.00, -15567.39, -66722
31584, -15472.00, -15560.37, -66913
31589, -15469.00, -15554.85, -67106
31595, -15462.00, -15548.76, -67304
31600, -15457.00, -15542.70, -67484
31606, -15452.00, -15537.07, -67662
31611, -15449.00, -15531.76, -67828
31616, -15445.00, -15526.69, -68009
31621, -15441.00, -15521.30, -68186
31626, -15436.00, -15516.21, -68347
31631, -15433.00, -15511.55, -68511
31635, -15428.00, -15506.82, -68668
31640, -15426.00, -15502.39, -68835
31645, -15421.00, -15497.66, -69008
31650, -15418.00, -15492.82, -69175
31655, -15413.00, -15488.24, -69359
31660, -15410.00, -15483.15, -69534
31665, -15407.00, -15478.60, -69719
31671, -15402.00, -15473.74, -69882
31675, -15399.00, -15469.55, -70075
31681, -15395.00, -15464.51, -70272
31687, -15391.00, -15459.60, -70444
31692, -15386.00, -15455.51, -70624
31697, -15385.00, -15451.22, -70824
31702, -15379.00, -15446.35, -71030
31708, -15375.00, -15441.54, -71244
31714, -15370.00, -15436.67, -71443
31719, -15368.00, -15432.25, -71645
31725, -15366.00, -15427.98, -71856
31730, -15361.00, -15423.63, -72056
31735, -15358.00, -15419.53, -72252
31741, -15355.00, -15415.58, -72468
31746, -15352.00, -15411.59, -72696
31752, -15348.00, -15407.32, -72903
31757, -15344.00, -15403.56, -73122
31762, -15343.00, -15399.62, -73348
31767, -15338.00, -15395.77, -73572
31773, -15336.00, -15392.08, -73804
31778, -15331.00, -15388.25, -74056
31784, -15328.00, -15384.10, -74312
31789, -15326.00, -15380.38, -74598
31795, -15322.00, -15376.24, -74881
31801, -15320.00, -15372.34, -75146
31806, -15316.00, -15368.81, -75425
31812, -15313.00, -15365.26, -75720
31817, -15311.00, -15361.55, -76018
31823, -15307.00, -15358.13, -76317
31828, -15304.00, -15354.68, -76648
31834, -15301.00, -15351.04, -76972
31839, -15297.00, -15347.61, -77306
31845, -15295.00, -15344.23, -77639
31850, -15293.00, -15340.94, -77974
31856, -15291.00, -15337.68, -78315
31861, -15287.00, -15334.36, -78635
31867, -15285.00, -15331.26, -78939
31872, -15281.00, -15328.13, -79241
31877, -15279.00, -15324.91, -79541
31883, -15278.00, -15321.86, -79798
31888, -15275.00, -15319.15, -80047
31893, -15271.00, -15316.40, -80276
31897, -15270.00, -15313.85, -80504
31902, -15266.00, -15311.01, -80766
31908, -15264.00, -15307.98, -80989
31913, -15261.00, -15305.19, -81217
31918, -15259.00, -15302.24, -81425
31923, -15256.00, -15299.48, -81635
31928, -15254.00, -15296.67, -81841
31933, -15253.00, -15293.98, -82014
31938, -15250.00, -15291.64, -82196
31943, -15248.00, -15289.04, -82361
31947, -15246.00, -15286.78, -82517
31952, -15244.00, -15284.50, -82687
31957, -15000.00, -15274.53, -82840
31961, -15239.00, -15265.97, -82988
31966, -15237.00, -15264.45, -83131
31970, -15234.00, -15262.83, -83284
31975, -15233.00, -15261.06, -83437
31980, -15230.00, -15259.29, -83576
31985, -15228.00, -15257.63, -83728
31990, -15226.00, -15255.70, -83865
31995, -15225.00, -15253.98, -84010
32000, -15222.00, -15252.06, -84140
32004, -15220.00, -15250.28, -84269
32009, -15219.00, -15248.57, -84394
32014, -15216.00, -15246.84, -84519
32018, -15216.00, -15245.09, -84639
32023, -15215.00, -15243.47, -84754
32027, -15211.00, -15241.81, -84869
32032, -15210.00, -15240.10, -84982
32036, -15208.00, -15238.40, -85124
32042, -15207.00, -15236.17, -85254
32047, -15204.00, -15234.35, -85377
32052, -15201.00, -15232.47, -85489
32056, -15200.00, -15230.67, -85602
32061, -15197.00, -15228.72, -85716
32066, -15195.00, -15226.92, -85822
32070, -15194.00, -15225.16, -85927
32075, -15192.00, -15223.41, -86045
32080, -15189.00, -15221.31, -86153
32084, -15187.00, -15219.46, -86255
32089, -15187.00, -15217.68, -86365
32094, -15184.00, -15215.77, -86478
32099, -15182.00, -15213.77, -86587
32104, -15181.00, -15211.87, -86689
32108, -15179.00, -15210.15, -86792
32113, -15177.00, -15208.34, -86895
32117, -15176.00, -15206.56, -86997
32122, -15174.00, -15204.83, -87113
32127, -15173.00, -15202.79, -87228
32132, -15170.00, -15200.85, -87337
32137, -15167.00, -15198.98, -87471
32144, -15166.00, -15196.33, -87595
32148, -15164.00, -15194.59, -87704
32153, -15163.00, -15192.76, -87818
32158, -15160.00, -15190.79, -87922
32163, -15159.00, -15189.08, -88024
32167, -15157.00, -15187.36, -88126
32172, -15155.00, -15185.62, -88236
32177, -15153.00, -15183.78, -88338
32181, -15152.00, -15182.06, -88456
32186, -15150.00, -15180.07, -88569
32191, -15149.00, -15178.32, -88672
32195, -15145.00, -15176.62, -88776
32200, -15145.00, -15174.93, -88883
32204, -15145.00, -15173.26, -89004
32210, -15141.00, -15171.29, -89131
32215, -15139.00, -15169.23, -89257
32220, -15139.00, -15167.37, -89375
32225, -15135.00, -15165.61, -89485
32229, -15134.00, -15163.92, -89598
32234, -15132.00, -15162.19, -89725
32239, -15130.00, -15160.23, -89850
32244, -15128.00, -15158.38, -89977
32249, -15128.00, -15156.50, -90109
32254, -15127.00, -15154.70, -90229
32259, -15123.00, -15153.08, -90346
32263, -15124.00, -15151.48, -90465
32268, -15121.00, -15149.91, -90590
32272, -15119.00, -15148.23, -90714
32277, -15116.00, -15146.52, -90880
32283, -15116.00, -15144.23, -91024
32288, -15114.00, -15142.54, -91184
32293, -15112.00, -15140.58, -91348
32299, -15109.00, -15138.54, -91518
32304, -15108.00, -15136.56, -91659
32309, -15107.00, -15134.99, -91798
32313, -15104.00, -15133.40, -91944
32317, -15103.00, -15131.76, -92124
32323, -15102.00, -15129.68, -92305
32328, -15099.00, -15127.92, -92492
32334, -15097.00, -15125.97, -92666
32339, -15095.00, -15124.15, -92856
32344, -15093.00, -15122.31, -93043
32349, -15093.00, -15120.51, -93223
32353, -15091.00, -15118.87, -93410
32358, -15089.00, -15117.29, -93589
32362, -15087.00, -15115.72, -93789
32367, -15085.00, -15113.95, -93980
32372, -15083.00, -15112.32, -94173
32376, -15082.00, -15110.70, -94365
32380, -15080.00, -15109.10, -94558
32385, -15080.00, -15107.53, -94752
32389, -15077.00, -15105.95, -94952
32394, -15076.00, -15104.26, -95142
32398, -15075.00, -15102.70, -95332
32403, -15072.00, -15101.00, -95549
32408, -15071.00, -15099.14, -95785
32414, -15070.00, -15097.24, -95994
32419, -15067.00, -15095.42, -96182
32424, -15066.00, -15093.73, -96394
32430, -15064.00, -15091.72, -96595
32434, -15062.00, -15090.06, -96790
32440, -15059.00, -15088.14, -96981
32445, -15059.00, -15086.38, -97172
32450, -15058.00, -15084.62, -97352
32455, -15056.00, -15082.96, -97525
32459, -15054.00, -15081.40, -97694
32464, -15053.00, -15079.80, -97881
32469, -15051.00, -15078.03, -98075
32475, -15048.00, -15076.13, -98246
32480, -15047.00, -15074.43, -98416
32485, -15046.00, -15072.71, -98598
32490, -15043.00, -15070.93, -98765
32495, -15040.00, -15069.14, -98951
32500, -15039.00, -15067.15, -99120
32505, -15036.00, -15065.36, -99279
32510, -15036.00, -15063.71, -99436
32515, -15035.00, -15062.08, -99599
32520, -15033.00, -15060.39, -99768
32525, -15031.00, -15058.64, -99941
32530, -15029.00, -15056.82, -100097
32535, -15027.00, -15055.11, -100278
32540, -15025.00, -15053.14, -100435
32545, -15025.00, -15051.57, -100584
32549, -15023.00, -15050.03, -100731
32554, -15022.00, -15048.50, -100887
32559, -15019.00, -15046.84, -101058
32564, -15018.00, -15045.09, -101233
32569, -15016.00, -15043.24, -101395
32574, -15014.00, -15041.48, -101579
32580, -15012.00, -15039.58, -101737
32585, -15011.00, -15037.96, -101911
32590, -15008.00, -15036.18, -102066
32595, -15008.00, -15034.54, -102227
32599, -15005.00, -15032.92, -102388
32604, -15003.00, -15031.18, -102541
32609, -15002.00, -15029.59, -102699
32613, -15000.00, -15027.96, -102849
32618, -14999.00, -15026.39, -103031
32623, -14997.00, -15024.53, -103209
32628, -14994.00, -15022.73, -103392
32634, -14993.00, -15020.88, -103551
32638, -14992.00, -15019.21, -103727
32643, -14990.00, -15017.61, -103887
32648, -14990.00, -15016.11, -104064
32652, -14987.00, -15014.47, -104261
32658, -14986.00, -15012.61, -104445
32663, -14985.00, -15010.90, -104657
32669, -14983.00, -15009.11, -104862
32674, -14980.00, -15007.45, -105053
32679, -14979.00, -15005.75, -105263
32684, -14978.00, -15004.06, -105450
32688, -14975.00, -15002.50, -105644
32693, -14974.00, -15000.89, -105865
32698, -14972.00, -14999.04, -106083
32703, -14970.00, -14997.36, -106290
32708, -14969.00, -14995.70, -106539
32714, -14965.00, -14993.81, -106744
32718, -14965.00, -14992.15, -107004
32724, -14965.00, -14990.38, -107237
32729, -14961.00, -14988.69, -107478
32733, -14959.00, -14987.04, -107734
32739, -14957.00, -14985.20, -108021
32744, -14956.00, -14983.30, -108273
32749, -14955.00, -14981.67, -108542
32754, -14954.00, -14980.06, -108804
32758, -14952.00, -14978.55, -109085
32763, -14949.00, -14976.90, -109405
32769, -14949.00, -14975.09, -109703
32773, -14947.00, -14973.52, -109983
32778, -14945.00, -14972.04, -110320
32783, -14943.00, -14970.23, -110606
32788, -14945.00, -14968.76, -110744
32792, -14946.00, -14967.50, -110779
32797, -14948.00, -14966.23, -110715
32802, -14949.00, -14965.15, -110596
32807, -14952.00, -14964.36, -110416
32812, -14953.00, -14963.61, -110194
32817, -14954.00, -14962.96, -109960
32822, -14956.00, -14962.51, -109723
32826, -14958.00, -14962.20, -109489
32831, -14959.00, -14962.00, -109241
32835, -14961.00, -14961.89, -108984
32840, -14963.00, -14961.89, -108732
32845, -14965.00, -14962.01, -108451
32850, -14965.00, -14962.21, -108202
32855, -14968.00, -14962.45, -107934
32860, -14968.00, -14962.80, -107652
32865, -14971.00, -14963.25, -107419
32870, -14971.00, -14963.67, -107186
32875, -14976.00, -14964.26, -106965
32879, -14976.00, -14964.90, -106757
32884, -14979.00, -14965.58, -106504
32889, -14981.00, -14966.55, -106282
32894, -14983.00, -14967.47, -106056
32899, -14983.00, -14968.45, -105847
32904, -14985.00, -14969.31, -105647
32909, -14987.00, -14970.27, -105430
32914, -14989.00, -14971.39, -105210
32919, -14990.00, -14972.57, -105021
32924, -14993.00, -14973.64, -104836
32928, -14995.00, -14974.77, -104648
32933, -14997.00, -14976.02, -104474
32938, -14997.00, -14977.19, -104299
32942, -14997.00, -14978.26, -104133
32946, -14999.00, -14979.32, -103968
32951, -15000.00, -14980.41, -103801
32956, -15001.00, -14981.57, -103629
32960, -15003.00, -14982.68, -103472
32964, -15006.00, -14983.85, -103314
32969, -15007.00, -14985.08, -103158
32973, -15010.00, -14986.39, -102958
32979, -15010.00, -14988.01, -102789
32984, -15012.00, -14989.40, -102593
32990, -15014.00, -14991.01, -102407
32995, -15016.00, -14992.58, -102235
33000, -15020.00, -14994.12, -102066
33005, -15019.00, -14995.66, -101895
33010, -15022.00, -14997.19, -101722
33015, -15023.00, -14998.74, -101570
33020, -15025.00, -15000.14, -101394
33025, -15027.00, -15001.78, -101226
33030, -15029.00, -15003.39, -101065
33035, -15031.00, -15004.94, -100891
33040, -15031.00, -15006.63, -100735
33045, -15034.00, -15008.06, -100587
33049, -15035.00, -15009.51, -100437
33054, -15037.00, -15010.97, -100284
33058, -15038.00, -15012.43, -100130
33063, -15040.00, -15013.91, -99980
33067, -15042.00, -15015.41, -99801
33072, -15043.00, -15017.17, -99645
33077, -15045.00, -15018.66, -99494
33082, -15046.00, -15020.13, -99341
33086, -15048.00, -15021.60, -99193
33090, -15050.00, -15023.06, -99041
33095, -15052.00, -15024.59, -98890
33099, -15054.00, -15026.13, -98736
33104, -15054.00, -15027.63, -98582
33108, -15057.00, -15029.14, -98420
33113, -15060.00, -15030.79, -98256
33118, -15060.00, -15032.51, -98077
33122, -15062.00, -15034.21, -97878
33128, -15064.00, -15036.11, -97697
33133, -15066.00, -15037.87, -97515
33138, -15069.00, -15039.82, -97292
33144, -15067.00, -15041.75, -97097
33149, -15071.00, -15043.45, -96922
33154, -15073.00, -15045.03, -96747
33158, -15073.00, -15046.55, -96562
33163, -15075.00, -15048.13, -96383
33167, -15076.00, -15049.64, -96151
33173, -15079.00, -15051.62, -95929
33179, -15082.00, -15053.58, -95705
33184, -15083.00, -15055.37, -95468
33189, -15086.00, -15057.33, -95246
33194, -15086.00, -15059.07, -95009
33200, -15090.00, -15060.92, -94797
33204, -15091.00, -15062.64, -94570
33209, -15092.00, -15064.43, -94360
33214, -15093.00, -15066.01, -94148
33219, -15095.00, -15067.67, -93946
33224, -15098.00, -15069.32, -93743
33228, -15099.00, -15070.91, -93546
33233, -15101.00, -15072.56, -93331
33238, -15103.00, -15074.55, -93111
33244, -15104.00, -15076.42, -92904
33249, -15107.00, -15078.27, -92716
33254, -15108.00, -15080.04, -92528
33259, -15112.00, -15081.89, -92353
33264, -15112.00, -15083.62, -92167
33269, -15114.00, -15085.54, -91996
33274, -15115.00, -15087.24, -91819
33279, -15119.00, -15089.14, -91665
33284, -15120.00, -15090.81, -91520
33288, -15122.00, -15092.47, -91375
33292, -15122.00, -15094.09, -91234
33297, -15125.00, -15095.70, -91091
33302, -15126.00, -15097.46, -90948
33306, -15128.00, -15099.10, -90797
33312, -15129.00, -15100.95, -90649
33317, -15131.00, -15102.76, -90517
33321, -15133.00, -15104.37, -90378
33326, -15135.00, -15106.17, -90236
33331, -15137.00, -15108.04, -90100
33336, -15138.00, -15109.75, -89963
33341, -15140.00, -15111.62, -89819
33347, -15142.00, -15113.51, -89664
33352, -15144.00, -15115.57, -89527
33358, -15148.00, -15117.56, -89395
33363, -15150.00, -15119.44, -89256
33368, -15152.00, -15121.59, -89137
33373, -15152.00, -15123.28, -89023
33377, -15156.00, -15124.98, -88906
33382, -15156.00, -15126.78, -88795
33387, -15159.00, -15128.48, -88676
33391, -15160.00, -15130.33, -88561
33396, -15162.00, -15132.10, -88435
33401, -15165.00, -15134.02, -88296
33407, -15166.00, -15136.23, -88165
33412, -15167.00, -15138.22, -88038
33418, -15170.00, -15140.16, -87901
33423, -15174.00, -15142.40, -87771
33429, -15176.00, -15144.66, -87635
33435, -15178.00, -15146.79, -87501
33440, -15180.00, -15149.00, -87374
33446, -15182.00, -15151.04, -87239
33451, -15184.00, -15153.25, -87110
33457, -15187.00, -15155.34, -86973
33462, -15189.00, -15157.62, -86841
33468, -15192.00, -15159.87, -86707
33474, -15193.00, -15162.11, -86567
33479, -15196.00, -15164.41, -86444
33484, -15200.00, -15166.45, -86309
33490, -15201.00, -15168.84, -86174
33496, -15204.00, -15171.00, -86042
33501, -15205.00, -15173.23, -85906
33506, -15207.00, -15175.34, -85757
33512, -15209.00, -15177.70, -85612
33518, -15214.00, -15180.08, -85462
33524, -15215.00, -15182.37, -85333
33528, -15218.00, -15184.42, -85203
33533, -15220.00, -15186.46, -85073
33538, -15223.00, -15188.55, -84934
33543, -15223.00, -15190.67, -84789
33548, -15226.00, -15192.83, -84641
33554, -15229.00, -15195.08, -84489
33559, -15233.00, -15197.39, -84356
33564, -15233.00, -15199.37, -84212
33569, -15236.00, -15201.48, -84061
33574, -15239.00, -15203.70, -83890
33579, -15241.00, -15206.20, -83731
33584, -15244.00, -15208.48, -83578
33589, -15245.00, -15210.55, -83434
33594, -15249.00, -15212.55, -83286
33598, -15250.00, -15214.58, -83123
33603, -15252.00, -15216.72, -82959
33608, -15256.00, -15218.96, -82784
33613, -15257.00, -15221.28, -82592
33618, -15262.00, -15223.70, -82404
33623, -15264.00, -15226.17, -82178
33629, -15267.00, -15229.08, -81973
33635, -15268.00, -15231.53, -81759
33640, -15272.00, -15234.02, -81540
33646, -15273.00, -15236.57, -81293
33651, -15276.00, -15239.25, -81085
33656, -15279.00, -15241.52, -80869
33661, -15282.00, -15243.86, -80583
33667, -15285.00, -15246.85, -80340
33672, -15286.00, -15249.22, -80046
33678, -15290.00, -15252.05, -79772
33684, -15293.00, -15254.62, -79458
33690, -15297.00, -15257.50, -79145
33695, -15299.00, -15260.26, -78805
33701, -15301.00, -15263.08, -78455
33707, -15305.00, -15265.82, -78137
33712, -15308.00, -15268.41, -77812
33717, -15310.00, -15271.00, -77486
33723, -15314.00, -15273.73, -77178
33728, -15315.00, -15276.31, -76887
33733, -15319.00, -15278.74, -76601
33738, -15322.00, -15281.25, -76316
33743, -15324.00, -15283.89, -76044
33748, -15326.00, -15286.37, -75774
33753, -15330.00, -15288.92, -75511
33758, -15333.00, -15291.52, -75281
33763, -15335.00, -15293.91, -75029
33768, -15339.00, -15296.62, -74800
33772, -15341.00, -15299.08, -74535
33778, -15345.00, -15302.13, -74294
33783, -15348.00, -15304.99, -74052
33789, -15352.00, -15308.06, -73808
33794, -15356.00, -15311.07, -73567
33800, -15359.00, -15314.30, -73327
33806, -15362.00, -15317.57, -73081
33812, -15364.00, -15320.92, -72842
33818, -15367.00, -15324.03, -72625
33823, -15370.00, -15326.92, -72422
33828, -15376.00, -15329.82, -72240
33833, -15378.00, -15332.50, -72038
33839, -15384.00, -15335.74, -71842
33844, -15385.00, -15338.81, -71637
33849, -15388.00, -15342.01, -71450
33854, -15393.00, -15345.03, -71265
33859, -15396.00, -15348.14, -71087
33865, -15401.00, -15351.25, -70906
33870, -15404.00, -15354.38, -70708
33875, -15409.00, -15358.09, -70509
33881, -15413.00, -15361.67, -70327
33886, -15417.00, -15365.17, -70145
33892, -15420.00, -15368.62, -69950
33897, -15426.00, -15372.41, -69772
33903, -15429.00, -15375.90, -69575
33909, -15433.00, -15379.84, -69390
33914, -15438.00, -15383.56, -69212
33919, -15441.00, -15387.15, -69038
33925, -15445.00, -15390.67, -68855
33930, -15450.00, -15394.45, -68679
33935, -15455.00, -15398.21, -68494
33941, -15460.00, -15402.17, -68319
33946, -15465.00, -15406.06, -68125
33952, -15470.00, -15410.46, -67932
33958, -15474.00, -15414.79, -67742
33963, -15479.00, -15418.79, -67564
33969, -15484.00, -15422.88, -67369
33974, -15488.00, -15427.19, -67198
33979, -15494.00, -15431.09, -67020
33984, -15500.00, -15435.16, -66841
33990, -15504.00, -15439.39, -66653
33995, -15508.00, -15443.78, -66455
34001, -15516.00, -15448.48, -66264
34006, -15522.00, -15453.22, -66070
34012, -15527.00, -15457.93, -65861
34017, -15533.00, -15463.10, -65657
34023, -15538.00, -15468.01, -65460
34029, -15543.00, -15472.89, -65238
34035, -15549.00, -15478.15, -65019
34040, -15556.00, -15483.28, -64818
34045, -15562.00, -15488.10, -64626
34050, -15567.00, -15492.77, -64415
34056, -15573.00, -15497.77, -64223
34061, -15579.00, -15502.34, -64041
34065, -15584.00, -15506.77, -63845
34070, -15588.00, -15511.40, -63658
34074, -15595.00, -15515.79, -63466
34079, -15601.00, -15520.54, -63254
34084, -15606.00, -15525.44, -63050
34089, -15612.00, -15530.27, -62829
34094, -15618.00, -15535.59, -62594
34099, -15625.00, -15541.04, -62369
34104, -15631.00, -15546.14, -62128
34109, -15638.00, -15551.88, -61871
34115, -15644.00, -15557.67, -61643
34120, -15650.00, -15562.97, -61389
34125, -15659.00, -15569.20, -61124
34131, -15667.00, -15575.75, -60899
34136, -15673.00, -15581.64, -60673
34141, -15682.00, -15587.86, -60438
34147, -15690.00, -15594.42, -60228
34152, -15697.00, -15600.73, -60007
34158, -15704.00, -15607.32, -59804
34163, -15711.00, -15613.75, -59591
34168, -15718.00, -15620.54, -59390
34174, -15725.00, -15627.18, -59213
34179, -15734.00, -15633.19, -59043
34184, -15742.00, -15639.49, -58882
34188, -15750.00, -15645.56, -58727
34193, -15757.00, -15651.56, -58554
34198, -15764.00, -15658.81, -58374
34204, -15773.00, -15665.92, -58192
34209, -15780.00, -15673.47, -58021
34215, -15789.00, -15681.07, -57850
34220, -15798.00, -15688.59, -57682
34226, -15809.00, -15696.62, -57522
34231, -15817.00, -15704.20, -57368
34237, -15828.00, -15711.78, -57232
34241, -15835.00, -15718.76, -57097
34246, -15844.00, -15725.66, -56964
34251, -15849.00, -15732.89, -56834
34256, -15856.00, -15739.54, -56694
34261, -15866.00, -15747.29, -56566
34265, -15873.00, -15754.10, -56448
34270, -15881.00, -15760.86, -56306
34275, -15891.00, -15769.00, -56167
34281, -15901.00, -15777.37, -56034
34286, -15909.00, -15785.28, -55896
34291, -15918.00, -15793.47, -55759
34296, -15929.00, -15801.85, -55636
34301, -15936.00, -15809.54, -55495
34307, -15947.00, -15818.22, -55361
34312, -15957.00, -15826.96, -55217
34318, -15968.00, -15836.23, -55082
34323, -15978.00, -15845.19, -54948
34328, -15987.00, -15853.91, -54807
34334, -15997.00, -15863.36, -54657
34340, -16008.00, -15873.21, -54520
34345, -16016.00, -15882.22, -54387
34350, -16026.00, -15891.16, -54239
34356, -16037.00, -15901.04, -54097
34362, -16048.00, -15910.56, -53957
34367, -16060.00, -15920.28, -53819
34373, -16071.00, -15930.06, -53679
34378, -16079.00, -15939.70, -53535
34384, -16089.00, -15949.70, -53383
34390, -16097.00, -15959.79, -53238
34395, -16107.00, -15969.16, -53086
34401, -16118.00, -15979.01, -52944
34406, -16128.00, -15988.33, -52794
34412, -16137.00, -15998.03, -52648
34417, -16146.00, -16007.23, -52507
34422, -16156.00, -16016.11, -52361
34427, -16165.00, -16025.39, -52219
34432, -16172.00, -16034.08, -52069
34438, -16182.00, -16043.38, -51909
34443, -16193.00, -16053.01, -51742
34449, -16202.00, -16063.30, -51578
34454, -16210.00, -16072.23, -51419
34460, -16217.00, -16081.33, -51270
34464, -16225.00, -16089.38, -51109
34469, -16233.00, -16098.13, -50942
34475, -16243.00, -16107.57, -50751
34481, -16252.00, -16117.02, -50587
34485, -16260.00, -16125.21, -50413
34491, -16267.00, -16133.99, -50218
34496, -16276.00, -16143.39, -50032
34501, -16282.00, -16151.79, -49839
34507, -16290.00, -16160.61, -49630
34512, -16300.00, -16169.45, -49417
34518, -16308.00, -16178.56, -49196
34523, -16317.00, -16187.40, -48966
34529, -16323.00, -16196.85, -48735
34534, -16331.00, -16205.04, -48513
34539, -16338.00, -16212.87, -48273
34544, -16346.00, -16221.25, -48024
34550, -16352.00, -16229.50, -47751
34555, -16360.00, -16237.97, -47467
34561, -16368.00, -16246.39, -47210
34566, -16373.00, -16253.93, -46942
34571, -16382.00, -16261.20, -46635
34576, -16386.00, -16269.32, -46298
34582, -16394.00, -16277.81, -45953
34587, -16401.00, -16285.86, -45597
34593, -16409.00, -16293.84, -45269
34598, -16416.00, -16301.24, -44949
34603, -16420.00, -16308.32, -44638
34608, -16427.00, -16315.23, -44334
34613, -16433.00, -16322.35, -44027
34618, -16436.00, -16329.08, -43723
34623, -16444.00, -16336.25, -43398
34629, -16450.00, -16343.60, -43117
34634, -16457.00, -16350.37, -42823
34639, -16461.00, -16357.48, -42539
34644, -16468.00, -16364.41, -42245
34650, -16473.00, -16371.68, -41978
34656, -16479.00, -16378.80, -41699
34661, -16485.00, -16385.71, -41417
34667, -16491.00, -16393.07, -41153
34673, -16496.00, -16399.96, -40920
34678, -16502.00, -16406.22, -40680
34683, -16509.00, -16412.76, -40438
34689, -16514.00, -16419.43, -40201
34695, -16521.00, -16426.14, -39968
34700, -16524.00, -16432.63, -39754
34706, -16529.00, -16438.85, -39546
34711, -16536.00, -16444.58, -39349
34716, -16539.00, -16450.18, -39152
34721, -16543.00, -16455.86, -38955
34726, -16547.00, -16461.37, -38750
34732, -16553.00, -16467.54, -38553
34737, -16558.00, -16472.93, -38368
34742, -16562.00, -16478.32, -38171
34747, -16567.00, -16484.06, -37977
34753, -16573.00, -16489.68, -37804
34758, -16576.00, -16494.86, -37618
34763, -16581.00, -16500.46, -37439
34768, -16586.00, -16505.77, -37273
34773, -16589.00, -16510.49, -37088
34779, -16593.00, -16515.92, -36916
34784, -16598.00, -16520.83, -36744
34789, -16602.00, -16525.82, -36571
34794, -16606.00, -16530.90, -36384
34800, -16611.00, -16536.18, -36210
34805, -16614.00, -16541.02, -36041
34810, -16620.00, -16545.79, -35878
34815, -16623.00, -16550.62, -35693
34821, -16626.00, -16555.50, -35515
34826, -16630.00, -16560.37, -35325
34832, -16634.00, -16565.24, -35160
34837, -16639.00, -16569.61, -34999
34842, -16642.00, -16573.85, -34837
34847, -16645.00, -16578.02, -34672
34852, -16648.00, -16582.19, -34491
34858, -16652.00, -16586.86, -34315
34863, -16657.00, -16591.08, -34148
34868, -16659.00, -16595.21, -33966
34873, -16663.00, -16599.77, -33770
34879, -16668.00, -16604.46, -33583
34885, -16672.00, -16608.79, -33397
34890, -16675.00, -16613.14, -33196
34896, -16678.00, -16617.65, -33015
34901, -16680.00, -16621.60, -32821
34907, -16685.00, -16625.74, -32626
34913, -16688.00, -16629.77, -32444
34918, -16692.00, -16633.64, -32256
34923, -16695.00, -16637.46, -32053
34929, -16699.00, -16641.48, -31860
34934, -16703.00, -16645.27, -31663
34940, -16706.00, -16649.38, -31457
34945, -16709.00, -16652.95, -31256
34950, -16711.00, -16656.60, -31059
34955, -16715.00, -16660.12, -30870
34960, -16718.00, -16663.31, -30678
34964, -16721.00, -16666.64, -30460
34970, -16723.00, -16670.33, -30219
34976, -16727.00, -16674.07, -30006
34981, -16729.00, -16677.41, -29767
34986, -16733.00, -16681.02, -29524
34992, -16735.00, -16684.57, -29268
34998, -16738.00, -16688.24, -29019
35003, -16740.00, -16691.65, -28768
35009, -16744.00, -16695.10, -28516
35015, -16748.00, -16698.71, -28289
35020, -16751.00, -16701.98, -28053
35026, -16755.00, -16705.48, -27850
35031, -16757.00, -16708.54, -27629
35036, -16760.00, -16712.01, -27421
35042, -16762.00, -16715.19, -27229
35047, -16765.00, -16718.20, -27044
35052, -16768.00, -16721.10, -26865
35057, -16770.00, -16724.01, -26689
35062, -16773.00, -16726.89, -26525
35066, -16775.00, -16729.63, -26370
35071, -16778.00, -16732.31, -26213
35076, -16780.00, -16734.99, -26052
35081, -16783.00, -16737.86, -25894
35086, -16786.00, -16740.71, -25745
35091, -16789.00, -16743.40, -25586
35096, -16791.00, -16746.51, -25425
35101, -16792.00, -16749.39, -25265
35107, -16795.00, -16752.33, -25117
35112, -16796.00, -16755.07, -24965
35117, -16799.00, -16757.71, -24820
35122, -16803.00, -16760.43, -24686
35127, -16804.00, -16762.95, -24563
35132, -16807.00, -16765.27, -24442
35136, -16810.00, -16767.65, -24317
35141, -16812.00, -16770.23, -24189
35146, -16813.00, -16772.73, -24063
35150, -16816.00, -16775.10, -23927
35156, -16820.00, -16777.93, -23799
35161, -16821.00, -16780.50, -23665
35166, -16824.00, -16783.21, -23545
35171, -16825.00, -16785.59, -23430
35175, -16826.00, -16787.83, -23318
35180, -16829.00, -16790.06, -23193
35185, -16833.00, -16792.59, -23081
35190, -16833.00, -16794.94, -22950
35195, -16838.00, -16797.60, -22834
35200, -16839.00, -16799.92, -22707
35205, -16841.00, -16802.53, -22568
35211, -16844.00, -16805.37, -22440
35217, -16845.00, -16807.94, -22318
35222, -16849.00, -16810.42, -22185
35227, -16851.00, -16813.06, -22054
35233, -16854.00, -16815.75, -21934
35238, -16856.00, -16818.21, -21816
35243, -16857.00, -16820.49, -21704
35248, -16860.00, -16822.69, -21587
35253, -16861.00, -16825.04, -21475
35257, -16863.00, -16827.13, -21345
35263, -16865.00, -16829.62, -21231
35268, -16868.00, -16831.77, -21118
35272, -16869.00, -16833.88, -21004
35277, -16873.00, -16836.14, -20888
35282, -16874.00, -16838.38, -20765
35287, -16876.00, -16840.68, -20630
35293, -16879.00, -16843.18, -20516
35298, -16882.00, -16845.25, -20404
35302, -16883.00, -16847.34, -20271
35308, -16884.00, -16849.75, -20154
35312, -16887.00, -16851.77, -20014
35318, -16890.00, -16854.31, -19864
35324, -16893.00, -16857.00, -19723
35329, -16893.00, -16859.28, -19583
35335, -16896.00, -16861.71, -19425
35341, -16899.00, -16864.29, -19281
35346, -16901.00, -16866.53, -19148
35351, -16903.00, -16868.69, -19001
35356, -16905.00, -16870.99, -18859
35361, -16907.00, -16873.19, -18716
35367, -16908.00, -16875.34, -18567
35372, -16911.00, -16877.47, -18416
35377, -16914.00, -16879.65, -18264
35382, -16916.00, -16881.87, -18087
35388, -16917.00, -16884.32, -17917
35393, -16919.00, -16886.59, -17742
35399, -16921.00, -16888.80, -17563
35404, -16923.00, -16891.01, -17387
35410, -16927.00, -16893.23, -17198
35415, -16927.00, -16895.52, -17010
35421, -16930.00, -16897.67, -16797
35427, -16933.00, -16900.22, -16590
35432, -16934.00, -16902.39, -16364
35438, -16936.00, -16904.74, -16134
35444, -16938.00, -16907.02, -15899
35450, -16941.00, -16909.35, -15665
35455, -16943.00, -16911.53, -15438
35461, -16946.00, -16913.62, -15200
35466, -16947.00, -16915.72, -14973
35471, -16949.00, -16917.66, -14743
35476, -16950.00, -16919.58, -14478
35481, -16953.00, -16921.65, -14214
35486, -16954.00, -16923.61, -13926
35492, -16957.00, -16925.75, -13622
35497, -16958.00, -16927.91, -13317
35503, -16961.00, -16929.92, -12999
35508, -16963.00, -16931.96, -12662
35514, -16965.00, -16934.20, -12338
35519, -16967.00, -16936.16, -12027
35524, -16969.00, -16938.14, -11702
35529, -16970.00, -16940.22, -11408
35534, -16971.00, -16942.10, -11097
35540, -16973.00, -16944.02, -10788
35545, -16975.00, -16946.10, -10513
35550, -16977.00, -16947.91, -10235
35556, -16980.00, -16949.91, -9938
35561, -16981.00, -16951.99, -9672
35566, -16984.00, -16953.89, -9402
35572, -16987.00, -16956.00, -9139
35578, -16988.00, -16958.23, -8857
35584, -16988.00, -16960.33, -8599
35589, -16991.00, -16962.25, -8360
35594, -16993.00, -16964.22, -8130
35600, -16994.00, -16966.10, -7909
35605, -16998.00, -16967.93, -7706
35609, -16999.00, -16969.73, -7504
35614, -17001.00, -16971.53, -7286
35620, -17002.00, -16973.52, -7054
35626, -17004.00, -16975.59, -6854
35631, -17005.00, -16977.36, -6671
35635, -17008.00, -16979.03, -6498
35640, -17009.00, -16980.68, -6325
35645, -17012.00, -16982.37, -6156
35649, -17012.00, -16984.02, -5961
35654, -17014.00, -16985.90, -5780
35659, -17016.00, -16987.63, -5620
35664, -17017.00, -16989.22, -5430
35669, -17020.00, -16991.12, -5233
35675, -17020.00, -16993.08, -5052
35680, -17024.00, -16994.90, -4876
35685, -17024.00, -16996.82, -4702
35690, -17028.00, -16998.56, -4528
35695, -17029.00, -17000.39, -4359
35700, -17029.00, -17002.11, -4195
35705, -17032.00, -17003.81, -4035
35710, -17033.00, -17005.44, -3860
35715, -17036.00, -17007.29, -3692
35720, -17038.00, -17009.13, -3508
35726, -17040.00, -17011.18, -3336
35731, -17040.00, -17012.93, -3175
35736, -17042.00, -17014.59, -3016
35740, -17042.00, -17016.13, -2839
35746, -17046.00, -17017.94, -2680
35750, -17048.00, -17019.63, -2498
35756, -17048.00, -17021.49, -2327
35761, -17051.00, -17023.25, -2154
35766, -17053.00, -17025.08, -1974
35771, -17055.00, -17026.91, -1797
35777, -17056.00, -17028.73, -1609
35782, -17059.00, -17030.66, -1414
35788, -17060.00, -17032.65, -1234
35793, -17063.00, -17034.58, -1028
35799, -17064.00, -17036.58, -840
35804, -17065.00, -17038.39, -647
35810, -17068.00, -17040.28, -464
35815, -17070.00, -17042.05, -283
35820, -17071.00, -17043.79, -96
35825, -17074.00, -17045.63, 112
35831, -17075.00, -17047.54, 296
35836, -17075.00, -17049.20, 479
35841, -17078.00, -17050.85, 665
35845, -17079.00, -17052.49, 854
35850, -17082.00, -17054.17, 1058
35856, -17083.00, -17056.01, 1251
35861, -17085.00, -17057.67, 1456
35866, -17087.00, -17059.45, 1686
35871, -17090.00, -17061.45, 1923
35877, -17091.00, -17063.51, 2160
35883, -17092.00, -17065.44, 2389
35888, -17096.00, -17067.31, 2646
35894, -17098.00, -17069.45, 2883
35900, -17099.00, -17071.33, 3119
35905, -17100.00, -17073.23, 3380
35910, -17102.00, -17075.02, 3643
35916, -17104.00, -17076.95, 3888
35921, -17105.00, -17078.73, 4126
35927, -17108.00, -17080.50, 4363
35932, -17110.00, -17082.37, 4587
35937, -17111.00, -17084.10, 4812
35942, -17113.00, -17085.90, 5027
35948, -17115.00, -17087.66, 5232
35953, -17117.00, -17089.41, 5455
35958, -17118.00, -17091.33, 5682
35964, -17121.00, -17093.36, 5866
35969, -17122.00, -17095.04, 6061
35975, -17126.00, -17096.95, 6247
35980, -17127.00, -17098.84, 6420
35985, -17128.00, -17100.64, 6615
35991, -17129.00, -17102.55, 6803
35996, -17133.00, -17104.49, 6966
36001, -17134.00, -17106.32, 7132
36007, -17134.00, -17108.09, 7288
36012, -17138.00, -17109.88, 7452
36017, -17139.00, -17111.70, 7640
36024, -17143.00, -17113.99, 7913
36033, -17144.00, -17117.30, 8052
36038, -17147.00, -17119.00, 8197
36043, -17149.00, -17120.86, 8333
36048, -17150.00, -17122.58, 8468
36053, -17152.00, -17124.35, 8606
36059, -17154.00, -17126.20, 8740
36064, -17155.00, -17127.93, 8873
36069, -17157.00, -17129.67, 9016
36074, -17159.00, -17131.62, 9140
36079, -17161.00, -17133.23, 9274
36085, -17163.00, -17135.14, 9401
36090, -17164.00, -17136.89, 9523
36095, -17167.00, -17138.61, 9649
36100, -17167.00, -17140.41, 9787
36105, -17169.00, -17142.28, 9911
36110, -17173.00, -17144.05, 10035
36115, -17175.00, -17145.91, 10151
36120, -17175.00, -17147.64, 10267
36125, -17177.00, -17149.32, 10386
36130, -17180.00, -17151.08, 10507
36135, -17180.00, -17152.85, 10636
36141, -17182.00, -17154.71, 10760
36146, -17184.00, -17156.49, 10881
36151, -17185.00, -17158.22, 11005
36156, -17188.00, -17159.98, 11119
36161, -17190.00, -17161.68, 11230
36165, -17191.00, -17163.34, 11338
36170, -17192.00, -17164.87, 11443
36174, -17195.00, -17166.41, 11547
36179, -17198.00, -17168.00, 11650
36183, -17198.00, -17169.61, 11768
36188, -17200.00, -17171.38, 11883
36193, -17203.00, -17173.18, 11998
36198, -17202.00, -17174.87, 12124
36203, -17206.00, -17176.71, 12257
36208, -17207.00, -17178.64, 12384
36213, -17208.00, -17180.48, 12522
36219, -17212.00, -17182.42, 12637
36223, -17213.00, -17184.05, 12751
36228, -17214.00, -17185.63, 12865
36232, -17216.00, -17187.22, 12990
36237, -17217.00, -17188.96, 13119
36242, -17218.00, -17190.64, 13258
36247, -17221.00, -17192.45, 13382
36251, -17224.00, -17194.12, 13525
36257, -17225.00, -17196.08, 13672
36262, -17229.00, -17198.03, 13817
36267, -17229.00, -17199.99, 13970
36272, -17232.00, -17201.92, 14129
36278, -17235.00, -17204.01, 14267
36282, -17234.00, -17205.72, 14444
36288, -17238.00, -17207.85, 14607
36294, -17240.00, -17209.92, 14775
36299, -17242.00, -17211.86, 14938
36304, -17244.00, -17213.79, 15111
36309, -17246.00, -17215.78, 15299
36315, -17248.00, -17217.88, 15468
36319, -17251.00, -17219.73, 15632
36324, -17251.00, -17221.48, 15814
36329, -17254.00, -17223.40, 15992
36334, -17257.00, -17225.25, 16178
36339, -17258.00, -17227.16, 16375
36344, -17261.00, -17229.14, 16575
36349, -17262.00, -17231.09, 16789
36354, -17264.00, -17233.06, 16999
36359, -17267.00, -17235.02, 17239
36364, -17267.00, -17237.15, 17471
36369, -17271.00, -17239.11, 17706
36374, -17274.00, -17241.15, 17970
36380, -17277.00, -17243.37, 18225
36384, -17278.00, -17245.41, 18515
36390, -17280.00, -17247.67, 18833
36396, -17283.00, -17250.03, 19130
36401, -17285.00, -17252.10, 19443
36406, -17286.00, -17254.21, 19786
36411, -17289.00, -17256.43, 20109
36416, -17289.00, -17258.41, 20444
36422, -17294.00, -17260.53, 20793
36427, -17296.00, -17262.87, 21098
36432, -17298.00, -17264.84, 21405
36437, -17301.00, -17266.97, 21704
36442, -17303.00, -17269.11, 22018
36447, -17305.00, -17271.37, 22277
36452, -17307.00, -17273.27, 22551
36457, -17309.00, -17275.35, 22866
36463, -17312.00, -17277.83, 23133
36468, -17315.00, -17280.03, 23415
36473, -17318.00, -17282.59, 23729
36479, -17322.00, -17285.30, 23976
36484, -17322.00, -17287.51, 24197
36489, -17326.00, -17289.61, 24455
36495, -17328.00, -17292.13, 24668
36499, -17331.00, -17294.26, 24894
36504, -17333.00, -17296.64, 25104
36509, -17337.00, -17298.86, 25342
36515, -17339.00, -17301.66, 25566
36520, -17343.00, -17304.17, 25800
36526, -17343.00, -17306.95, 26004
36531, -17346.00, -17309.19, 26235
36537, -17350.00, -17311.99, 26461
36543, -17353.00, -17314.75, 26668
36548, -17355.00, -17317.36, 26872
36554, -17357.00, -17319.88, 27054
36559, -17362.00, -17322.30, 27236
36564, -17364.00, -17324.78, 27434
36569, -17368.00, -17327.58, 27611
36574, -17371.00, -17330.12, 27787
36579, -17372.00, -17332.70, 27973
36585, -17376.00, -17335.47, 28149
36590, -17379.00, -17338.20, 28345
36596, -17383.00, -17341.24, 28523
36601, -17386.00, -17343.97, 28701
36607, -17388.00, -17346.94, 28889
36612, -17391.00, -17349.73, 29068
36618, -17394.00, -17352.64, 29249
36623, -17398.00, -17355.52, 29420
36629, -17401.00, -17358.35, 29577
36634, -17405.00, -17361.03, 29747
36639, -17408.00, -17364.06, 29926
36645, -17411.00, -17367.19, 30089
36650, -17414.00, -17369.90, 30265
36655, -17418.00, -17373.02, 30432
36661, -17421.00, -17375.98, 30597
36666, -17425.00, -17378.94, 30771
36671, -17429.00, -17382.18, 30947
36677, -17431.00, -17385.39, 31109
36682, -17435.00, -17388.29, 31270
36687, -17437.00, -17391.29, 31433
36692, -17442.00, -17394.17, 31596
36697, -17445.00, -17397.22, 31751
36702, -17448.00, -17400.12, 31933
36707, -17453.00, -17403.49, 32096
36712, -17456.00, -17406.61, 32255
36717, -17460.00, -17409.66, 32437
36723, -17463.00, -17413.17, 32650
36729, -17468.00, -17417.14, 32804
36734, -17470.00, -17420.06, 32975
36739, -17475.00, -17423.40, 33174
36745, -17480.00, -17427.11, 33343
36749, -17482.00, -17430.31, 33519
36755, -17487.00, -17433.71, 33713
36760, -17491.00, -17437.53, 33909
36766, -17495.00, -17441.15, 34088
36771, -17501.00, -17444.68, 34304
36777, -17505.00, -17448.85, 34493
36782, -17508.00, -17452.49, 34695
36787, -17513.00, -17456.32, 34903
36793, -17517.00, -17460.29, 35074
36798, -17512.00, -17463.74, 35135
36803, -17508.00, -17466.66, 35123
36809, -17503.00, -17469.26, 35055
36814, -17499.00, -17471.31, 34953
36819, -17494.00, -17472.89, 34819
36825, -17490.00, -17474.15, 34662
36830, -17485.00, -17475.06, 34489
36836, -17481.00, -17475.60, 34321
36841, -17476.00, -17475.78, 34139
36846, -17472.00, -17475.66, 33964
36852, -17468.00, -17475.31, 33789
36857, -17464.00, -17474.74, 33603
36862, -17460.00, -17473.92, 33436
36867, -17458.00, -17473.05, 33240
36872, -17453.00, -17471.88, 33053
36878, -17451.00, -17470.58, 32864
36883, -17445.00, -17469.08, 32672
36889, -17442.00, -17467.36, 32482
36894, -17438.00, -17465.54, 32309
36899, -17436.00, -17463.78, 32133
36904, -17430.00, -17461.88, 31971
36909, -17428.00, -17459.94, 31798
36914, -17423.00, -17457.82, 31648
36919, -17422.00, -17455.89, 31492
36923, -17417.00, -17453.82, 31332
36928, -17414.00, -17451.60, 31167
36933, -17412.00, -17449.27, 30999
36938, -17409.00, -17446.92, 30799
36944, -17404.00, -17443.92, 30638
36949, -17402.00, -17441.54, 30465
36954, -17399.00, -17438.92, 30282
36960, -17395.00, -17436.08, 30112
36965, -17392.00, -17433.46, 29936
36970, -17387.00, -17430.61, 29732
36976, -17386.00, -17427.33, 29564
36981, -17381.00, -17424.65, 29376
36987, -17377.00, -17421.50, 29168
36993, -17374.00, -17418.07, 28998
36998, -17372.00, -17415.31, 28808
37004, -17368.00, -17412.21, 28645
37009, -17366.00, -17409.54, 28468
37014, -17363.00, -17406.64, 28292
37019, -17359.00, -17403.85, 28114
37024, -17358.00, -17401.01, 27944
37029, -17356.00, -17398.40, 27759
37034, -17352.00, -17395.57, 27587
37039, -17349.00, -17392.93, 27417
37044, -17347.00, -17390.36, 27245
37048, -17345.00, -17387.74, 27072
37053, -17343.00, -17385.27, 26899
37058, -17338.00, -17382.74, 26694
37063, -17336.00, -17379.70, 26512
37068, -17334.00, -17377.13, 26299
37074, -17331.00, -17373.96, 26085
37079, -17331.00, -17371.33, 25897
37083, -17326.00, -17368.88, 25676
37089, -17324.00, -17366.03, 25437
37095, -17321.00, -17363.00, 25229
37100, -17319.00, -17360.36, 24980
37105, -17318.00, -17357.52, 24749
37110, -17313.00, -17354.87, 24509
37116, -17310.00, -17352.09, 24281
37120, -17309.00, -17349.55, 24033
37126, -17307.00, -17346.95, 23798
37130, -17304.00, -17344.51, 23524
37136, -17302.00, -17341.70, 23237
37142, -17298.00, -17338.87, 22954
37147, -17296.00, -17336.25, 22673
37152, -17292.00, -17333.64, 22387
37157, -17291.00, -17331.08, 22108
37162, -17289.00, -17328.68, 21782
37167, -17288.00, -17326.04, 21434
37173, -17283.00, -17323.30, 21091
37178, -17281.00, -17320.64, 20747
37183, -17277.00, -17317.92, 20383
37189, -17279.00, -17315.26, 20042
37194, -17274.00, -17312.73, 19730
37199, -17273.00, -17310.41, 19387
37205, -17271.00, -17307.77, 19099
37209, -17267.00, -17305.50, 18825
37214, -17266.00, -17303.22, 18548
37219, -17263.00, -17300.79, 18256
37225, -17262.00, -17298.31, 17992
37230, -17260.00, -17296.04, 17737
37235, -17258.00, -17293.76, 17508
37239, -17256.00, -17291.66, 17293
37244, -17253.00, -17289.60, 17064
37249, -17252.00, -17287.31, 16831
37254, -17250.00, -17284.95, 16604
37260, -17247.00, -17282.65, 16398
37265, -17246.00, -17280.46, 16192
37270, -17242.00, -17278.21, 15973
37275, -17241.00, -17275.66, 15757
37281, -17239.00, -17273.33, 15560
37286, -17236.00, -17270.92, 15350
37292, -17233.00, -17268.42, 15166
37297, -17232.00, -17266.13, 14971
37303, -17228.00, -17263.60, 14783
37308, -17228.00, -17261.20, 14606
37314, -17225.00, -17258.91, 14449
37319, -17223.00, -17256.78, 14292
37324, -17220.00, -17254.67, 14144
37329, -17218.00, -17252.57, 14002
37333, -17216.00, -17250.54, 13869
37338, -17215.00, -17248.64, 13735
37342, -17214.00, -17246.74, 13592
37347, -17212.00, -17244.70, 13463
37352, -17210.00, -17242.81, 13322
37357, -17208.00, -17240.72, 13168
37363, -17207.00, -17238.46, 13031
37367, -17205.00, -17236.49, 12899
37373, -17203.00, -17234.51, 12757
37378, -17200.00, -17232.38, 12622
37383, -17198.00, -17230.32, 12501
37388, -17197.00, -17228.43, 12360
37393, -17194.00, -17226.11, 12231
37398, -17192.00, -17224.12, 12096
37404, -17191.00, -17221.99, 11975
37409, -17189.00, -17220.08, 11848
37414, -17186.00, -17217.93, 11715
37419, -17185.00, -17215.90, 11572
37425, -17183.00, -17213.59, 11433
37430, -17181.00, -17211.54, 11307
37436, -17180.00, -17209.62, 11188
37440, -17177.00, -17207.79, 11076
37445, -17175.00, -17206.01, 10963
37450, -17173.00, -17204.21, 10831
37455, -17171.00, -17202.05, 10701
37460, -17170.00, -17200.08, 10588
37465, -17167.00, -17198.24, 10476
37469, -17164.00, -17196.45, 10365
37474, -17164.00, -17194.66, 10255
37478, -17163.00, -17192.95, 10135
37483, -17161.00, -17191.11, 10016
37488, -17159.00, -17189.28, 9884
37494, -17158.00, -17187.26, 9764
37498, -17154.00, -17185.40, 9630
37504, -17154.00, -17183.38, 9499
37509, -17149.00, -17181.38, 9369
37514, -17150.00, -17179.37, 9240
37519, -17149.00, -17177.57, 9095
37525, -17146.00, -17175.52, 8960
37530, -17144.00, -17173.60, 8804
37536, -17142.00, -17171.44, 8664
37541, -17141.00, -17169.46, 8515
37546, -17139.00, -17167.60, 8365
37552, -17136.00, -17165.58, 8207
37557, -17135.00, -17163.55, 8056
37563, -17132.00, -17161.57, 7897
37568, -17132.00, -17159.61, 7733
37574, -17129.00, -17157.62, 7573
37579, -17126.00, -17155.72, 7420
37584, -17124.00, -17153.86, 7265
37589, -17124.00, -17152.03, 7098
37594, -17120.00, -17150.13, 6926
37600, -17121.00, -17148.22, 6763
37605, -17118.00, -17146.48, 6599
37609, -17118.00, -17144.85, 6436
37614, -17116.00, -17143.25, 6254
37619, -17113.00, -17141.43, 6085
37624, -17112.00, -17139.81, 5892
37629, -17109.00, -17137.95, 5694
37634, -17107.00, -17136.08, 5493
37639, -17106.00, -17134.24, 5265
37645, -17105.00, -17132.23, 5042
37650, -17102.00, -17130.44, 4817
37655, -17100.00, -17128.61, 4597
37660, -17099.00, -17126.86, 4374
37665, -17096.00, -17125.13, 4138
37670, -17094.00, -17123.25, 3907
37675, -17092.00, -17121.45, 3671
37680, -17092.00, -17119.64, 3427
37685, -17089.00, -17117.78, 3185
37691, -17086.00, -17115.79, 2934
37696, -17087.00, -17113.87, 2710
37701, -17084.00, -17112.13, 2477
37706, -17082.00, -17110.28, 2248
37712, -17081.00, -17108.41, 2034
37717, -17080.00, -17106.72, 1829
37721, -17076.00, -17105.03, 1636
37726, -17075.00, -17103.37, 1440
37731, -17075.00, -17101.72, 1259
37735, -17072.00, -17100.18, 1054
37740, -17070.00, -17098.35, 838
37746, -17068.00, -17096.40, 633
37751, -17066.00, -17094.52, 422
37757, -17065.00, -17092.56, 205
37762, -17063.00, -17090.59, 9
37768, -17060.00, -17088.73, -180
37773, -17060.00, -17086.93, -358
37778, -17056.00, -17085.19, -537
37783, -17055.00, -17083.41, -703
37787, -17055.00, -17081.85, -865
37792, -17053.00, -17080.30, -1030
37796, -17051.00, -17078.69, -1194
37801, -17049.00, -17077.06, -1361
37806, -17048.00, -17075.41, -1528
37811, -17045.00, -17073.66, -1698
37815, -17044.00, -17071.96, -1891
37821, -17041.00, -17069.95, -2082
37827, -17041.00, -17068.03, -2275
37832, -17038.00, -17066.06, -2468
37838, -17038.00, -17064.21, -2659
37843, -17034.00, -17062.27, -2836
37849, -17034.00, -17060.49, -3027
37854, -17029.00, -17058.55, -3209
37859, -17029.00, -17056.61, -3387
37865, -17027.00, -17054.81, -3579
37870, -17024.00, -17052.82, -3784
37876, -17022.00, -17050.69, -3966
37882, -17021.00, -17048.77, -4139
37886, -17019.00, -17047.02, -4310
37891, -17017.00, -17045.26, -4485
37897, -17017.00, -17043.51, -4663
37902, -17015.00, -17041.85, -4826
37906, -17012.00, -17040.26, -5005
37911, -17011.00, -17038.44, -5192
37916, -17010.00, -17036.70, -5401
37922, -17007.00, -17034.73, -5601
37928, -17005.00, -17032.85, -5800
37933, -17003.00, -17030.98, -5996
37938, -17001.00, -17029.17, -6221
37944, -16999.00, -17027.10, -6410
37949, -16996.00, -17025.36, -6630
37954, -16996.00, -17023.35, -6851
37960, -16993.00, -17021.42, -7082
37966, -16991.00, -17019.32, -7337
37972, -16989.00, -17017.24, -7587
37978, -16985.00, -17015.00, -7831
37983, -16986.00, -17013.07, -8076
37989, -16983.00, -17011.17, -8310
37994, -16981.00, -17009.30, -8552
37999, -16978.00, -17007.42, -8823
38005, -16976.00, -17005.24, -9078
38010, -16974.00, -17003.39, -9336
38015, -16973.00, -17001.50, -9596
38020, -16969.00, -16999.57, -9853
38025, -16969.00, -16997.79, -10113
38030, -16967.00, -16996.03, -10390
38035, -16966.00, -16994.22, -10705
38041, -16963.00, -16992.16, -11023
38046, -16961.00, -16990.21, -11340
38051, -16958.00, -16988.23, -11689
38057, -16957.00, -16986.09, -12049
38063, -16955.00, -16984.04, -12383
38068, -16954.00, -16982.12, -12743
38074, -16951.00, -16980.02, -13048
38079, -16950.00, -16978.17, -13353
38084, -16946.00, -16976.28, -13663
38090, -16945.00, -16974.19, -13986
38096, -16942.00, -16971.99, -14260
38101, -16940.00, -16970.03, -14524
38106, -16939.00, -16968.12, -14800
38112, -16936.00, -16965.98, -15038
38117, -16934.00, -16964.07, -15291
38122, -16932.00, -16961.97, -15505
38127, -16931.00, -16960.17, -15711
38132, -16930.00, -16958.45, -15902
38137, -16928.00, -16956.77, -16100
38142, -16925.00, -16954.88, -16287
38147, -16924.00, -16953.13, -16489
38152, -16921.00, -16951.10, -16679
38157, -16919.00, -16949.04, -16886
38163, -16918.00, -16946.95, -17072
38168, -16916.00, -16945.01, -17265
38174, -16913.00, -16942.78, -17436
38180, -16911.00, -16940.86, -17600
38185, -16908.00, -16938.89, -17772
38191, -16907.00, -16936.67, -17943
38196, -16903.00, -16934.56, -18110
38202, -16903.00, -16932.35, -18278
38208, -16898.00, -16930.07, -18438
38213, -16899.00, -16927.90, -18600
38219, -16896.00, -16925.75, -18756
38225, -16894.00, -16923.59, -18902
38231, -16891.00, -16921.46, -19048
38236, -16888.00, -16919.35, -19176
38241, -16888.00, -16917.44, -19306
38246, -16886.00, -16915.56, -19431
38251, -16882.00, -16913.64, -19568
38257, -16881.00, -16911.52, -19693
38262, -16879.00, -16909.55, -19818
38267, -16878.00, -16907.60, -19947
38272, -16875.00, -16905.57, -20071
38277, -16872.00, -16903.54, -20190
38282, -16871.00, -16901.58, -20316
38288, -16869.00, -16899.48, -20438
38293, -16866.00, -16897.42, -20550
38298, -16864.00, -16895.45, -20672
38304, -16862.00, -16893.33, -20786
38309, -16862.00, -16891.37, -20900
38314, -16860.00, -16889.46, -21026
38319, -16856.00, -16887.33, -21141
38325, -16853.00, -16885.28, -21255
38330, -16854.00, -16883.27, -21364
38335, -16850.00, -16881.43, -21481
38340, -16848.00, -16879.36, -21594
38345, -16845.00, -16877.31, -21714
38350, -16843.00, -16875.13, -21830
38356, -16841.00, -16873.05, -21941
38360, -16839.00, -16871.08, -22053
38366, -16835.00, -16868.96, -22179
38371, -16835.00, -16866.69, -22295
38376, -16832.00, -16864.56, -22412
38382, -16830.00, -16862.41, -22529
38387, -16827.00, -16860.26, -22657
38393, -16825.00, -16857.84, -22779
38398, -16822.00, -16855.64, -22907
38403, -16821.00, -16853.32, -23024
38408, -16818.00, -16851.25, -23141
38414, -16815.00, -16849.09, -23259
38419, -16813.00, -16846.85, -23384
38424, -16812.00, -16844.63, -23501
38429, -16809.00, -16842.56, -23634
38435, -16807.00, -16840.25, -23749
38439, -16804.00, -16838.24, -23859
38444, -16802.00, -16836.29, -23974
38449, -16799.00, -16834.17, -24086
38453, -16799.00, -16832.24, -24211
38459, -16795.00, -16829.97, -24342
38464, -16793.00, -16827.77, -24466
38469, -16791.00, -16825.55, -24611
38474, -16789.00, -16823.16, -24745
38479, -16786.00, -16820.89, -24874
38484, -16785.00, -16818.87, -25011
38489, -16781.00, -16816.62, -25170
38495, -16779.00, -16814.04, -25311
38500, -16777.00, -16811.81, -25455
38505, -16772.00, -16809.52, -25615
38511, -16770.00, -16806.85, -25777
38516, -16768.00, -16804.37, -25948
38522, -16764.00, -16801.70, -26119
38527, -16762.00, -16799.19, -26287
38533, -16760.00, -16796.71, -26462
38538, -16756.00, -16794.22, -26661
38544, -16754.00, -16791.30, -26872
38550, -16751.00, -16788.59, -27062
38555, -16748.00, -16786.08, -27241
38560, -16746.00, -16783.76, -27426
38565, -16743.00, -16781.38, -27635
38571, -16739.00, -16778.68, -27845
38576, -16736.00, -16776.12, -28049
38581, -16734.00, -16773.68, -28265
38586, -16733.00, -16771.13, -28469
38590, -16729.00, -16768.90, -28679
38595, -16727.00, -16766.50, -28900
38600, -16724.00, -16763.92, -29152
38606, -16720.00, -16761.01, -29398
38612, -16715.00, -16758.03, -29612
38617, -16714.00, -16755.42, -29844
38622, -16710.00, -16752.53, -30084
38628, -16706.00, -16749.45, -30320
38633, -16703.00, -16746.32, -30539
38639, -16700.00, -16743.40, -30767
38645, -16696.00, -16740.23, -30985
38650, -16694.00, -16737.28, -31222
38656, -16690.00, -16733.95, -31431
38662, -16686.00, -16730.88, -31642
38667, -16683.00, -16727.78, -31833
38672, -16678.00, -16724.84, -32016
38677, -16675.00, -16721.95, -32213
38683, -16672.00, -16718.72, -32396
38688, -16669.00, -16715.75, -32577
38693, -16664.00, -16712.72, -32772
38698, -16661.00, -16709.38, -32968
38704, -16657.00, -16705.85, -33161
38710, -16653.00, -16702.32, -33353
38715, -16650.00, -16699.04, -33525
38720, -16646.00, -16695.97, -33699
38725, -16643.00, -16692.78, -33873
38730, -16639.00, -16689.44, -34067
38736, -16634.00, -16685.75, -34241
38741, -16631.00, -16682.47, -34408
38746, -16628.00, -16679.24, -34576
38751, -16623.00, -16675.97, -34749
38756, -16619.00, -16672.46, -34914
38761, -16616.00, -16669.04, -35076
38766, -16613.00, -16665.93, -35244
38771, -16608.00, -16662.39, -35405
38776, -16603.00, -16659.06, -35558
38781, -16601.00, -16655.83, -35703
38785, -16597.00, -16652.76, -35855
38790, -16593.00, -16649.50, -36017
38795, -16588.00, -16645.92, -36175
38800, -16585.00, -16642.45, -36355
38805, -16581.00, -16638.52, -36536
38811, -16576.00, -16634.48, -36716
38816, -16572.00, -16630.53, -36895
38821, -16567.00, -16626.42, -37072
38826, -16562.00, -16622.65, -37244
38832, -16558.00, -16618.77, -37427
38837, -16553.00, -16614.70, -37625
38843, -16546.00, -16610.05, -37815
38848, -16542.00, -16605.49, -38008
38853, -16538.00, -16601.44, -38195
38859, -16531.00, -16597.16, -38374
38864, -16526.00, -16593.12, -38555
38869, -16524.00, -16588.93, -38736
38873, -16519.00, -16585.07, -38913
38878, -16512.00, -16580.96, -39094
38883, -16506.00, -16577.00, -39270
38887, -16503.00, -16572.99, -39449
38892, -16500.00, -16569.06, -39627
38896, -16496.00, -16565.18, -39838
38901, -16491.00, -16560.54, -40038
38906, -16484.00, -16556.32, -40245
38911, -16480.00, -16551.95, -40449
38916, -16475.00, -16547.70, -40679
38921, -16469.00, -16542.85, -40914
38926, -16462.00, -16537.74, -41157
38932, -16456.00, -16532.77, -41390
38936, -16451.00, -16528.15, -41664
38942, -16446.00, -16522.60, -41926
38947, -16439.00, -16517.59, -42231
38954, -16430.00, -16511.26, -42548
38959, -16424.00, -16505.55, -42840
38964, -16416.00, -16500.02, -43154
38970, -16410.00, -16494.10, -43501
38976, -16405.00, -16488.11, -43825
38981, -16395.00, -16482.47, -44147
38986, -16391.00, -16476.95, -44502
38992, -16383.00, -16471.04, -44851
38997, -16376.00, -16465.15, -45200
39002, -16369.00, -16458.99, -45562
39008, -16362.00, -16452.91, -45930
39013, -16352.00, -16446.14, -46249
39019, -16344.00, -16439.96, -46555
39024, -16337.00, -16433.60, -46844
39029, -16329.00, -16427.48, -47136
39034, -16323.00, -16420.98, -47408
39039, -16314.00, -16414.81, -47693
39045, -16308.00, -16407.22, -47993
39051, -16299.00, -16400.16, -48273
39056, -16291.00, -16392.95, -48527
39062, -16283.00, -16385.89, -48757
39067, -16275.00, -16379.17, -49002
39073, -16265.00, -16371.77, -49232
39078, -16257.00, -16364.39, -49458
39084, -16246.00, -16356.75, -49677
39089, -16236.00, -16348.70, -49913
39095, -16228.00, -16340.32, -50116
39101, -16220.00, -16332.66, -50334
39107, -16210.00, -16323.93, -50526
39112, -16201.00, -16316.30, -50714
39118, -16191.00, -16308.27, -50905
39123, -16182.00, -16299.97, -51080
39129, -16172.00, -16292.00, -51259
39134, -16160.00, -16283.27, -51430
39139, -16150.00, -16275.19, -51582
39144, -16145.00, -16267.74, -51727
39149, -16135.00, -16260.41, -51873
39154, -16125.00, -16252.71, -52022
39159, -16117.00, -16244.39, -52167
39164, -16108.00, -16236.67, -52306
39169, -16099.00, -16228.93, -52453
39174, -16088.00, -16220.02, -52606
39179, -16079.00, -16211.50, -52742
39184, -16071.00, -16203.20, -52894
39189, -16062.00, -16194.31, -53040
39195, -16050.00, -16184.94, -53186
39200, -16041.00, -16176.00, -53329
39206, -16030.00, -16166.71, -53473
39211, -16022.00, -16157.34, -53614
39217, -16012.00, -16148.19, -53752
39222, -16002.00, -16138.73, -53892
39227, -15995.00, -16130.01, -54028
39232, -15984.00, -16121.06, -54165
39238, -15974.00, -16111.97, -54304
39243, -15965.00, -16102.37, -54449
39249, -15951.00, -16092.61, -54593
39254, -15941.00, -16082.94, -54735
39260, -15930.00, -16072.60, -54880
39265, -15921.00, -16063.03, -55009
39270, -15912.00, -16054.07, -55164
39276, -15902.00, -16043.29, -55304
39282, -15894.00, -16033.71, -55440
39287, -15883.00, -16024.62, -55575
39292, -15875.00, -16015.64, -55704
39297, -15867.00, -16006.83, -55851
39303, -15857.00, -15996.77, -55997
39308, -15847.00, -15987.46, -56143
39313, -15838.00, -15978.00, -56292
39319, -15827.00, -15968.07, -56439
39324, -15818.00, -15958.69, -56582
39330, -15809.00, -15949.56, -56730
39335, -15799.00, -15940.07, -56867
39340, -15791.00, -15931.70, -57006
39345, -15782.00, -15922.88, -57143
39349, -15776.00, -15914.75, -57274
39354, -15770.00, -15906.94, -57408
39358, -15763.00, -15899.18, -57549
39363, -15755.00, -15891.13, -57703
39368, -15747.00, -15882.43, -57860
39373, -15740.00, -15873.80, -58014
39378, -15733.00, -15865.79, -58189
39384, -15722.00, -15856.29, -58372
39389, -15714.00, -15847.15, -58547
39394, -15706.00, -15838.78, -58729
39400, -15698.00, -15829.60, -58927
39405, -15689.00, -15820.60, -59118
39410, -15682.00, -15811.92, -59313
39416, -15674.00, -15803.38, -59521
39421, -15667.00, -15794.47, -59722
39426, -15658.00, -15786.46, -59923
39431, -15652.00, -15778.53, -60128
39436, -15645.00, -15770.58, -60363
39442, -15639.00, -15761.85, -60574
39446, -15632.00, -15754.74, -60791
39451, -15626.00, -15747.33, -61028
39456, -15620.00, -15739.28, -61286
39462, -15613.00, -15731.39, -61508
39466, -15605.00, -15724.57, -61766
39472, -15600.00, -15716.41, -62008
39477, -15595.00, -15709.04, -62254
39482, -15587.00, -15701.48, -62494
39487, -15582.00, -15693.98, -62764
39493, -15576.00, -15685.79, -63024
39499, -15569.00, -15677.90, -63280
39505, -15562.00, -15669.91, -63524
39511, -15553.00, -15662.19, -63761
39516, -15548.00, -15654.53, -64037
39523, -15543.00, -15645.93, -64258
39528, -15538.00, -15639.01, -64480
39534, -15531.00, -15631.61, -64705
39540, -15525.00, -15624.47, -64929
39545, -15519.00, -15617.88, -65144
39551, -15512.00, -15610.60, -65376
39557, -15505.00, -15603.25, -65578
39562, -15501.00, -15596.77, -65773
39567, -15497.00, -15590.43, -65978
39573, -15491.00, -15583.86, -66167
39578, -15487.00, -15577.92, -66376
39584, -15481.00, -15571.47, -66559
39589, -15478.00, -15565.82, -66729
39594, -15473.00, -15560.54, -66897
39598, -15468.00, -15555.33, -67098
39604, -15462.00, -15548.85, -67310
39610, -15457.00, -15542.36, -67506
39616, -15451.00, -15536.31, -67696
39622, -15447.00, -15530.25, -67890
39627, -15442.00, -15524.51, -68069
39632, -15436.00, -15519.21, -68240
39637, -15435.00, -15514.05, -68435
39643, -15430.00, -15508.49, -68615
39648, -15426.00, -15503.40, -68782
39653, -15424.00, -15498.69, -68945
39658, -15418.00, -15494.30, -69105
39662, -15413.00, -15489.83, -69281
39668, -15411.00, -15484.76, -69470
39673, -15406.00, -15479.83, -69641
39678, -15402.00, -15475.22, -69807
39683, -15399.00, -15470.58, -70005
39689, -15396.00, -15465.67, -70198
39694, -15392.00, -15460.85, -70369
39699, -15389.00, -15456.55, -70580
39705, -15385.00, -15451.49, -70791
39711, -15380.00, -15446.67, -70990
39717, -15376.00, -15442.03, -71204
39722, -15372.00, -15437.13, -71398
39728, -15369.00, -15432.86, -71626
39734, -15365.00, -15428.02, -71829
39739, -15361.00, -15423.59, -72035
39745, -15359.00, -15419.65, -72241
39750, -15355.00, -15415.57, -72447
39755, -15352.00, -15411.47, -72683
39761, -15347.00, -15407.12, -72901
39766, -15344.00, -15403.17, -73121
39772, -15341.00, -15399.24, -73340
39777, -15337.00, -15395.44, -73554
39782, -15336.00, -15391.88, -73786
39787, -15331.00, -15387.95, -74011
39792, -15329.00, -15384.54, -74227
39797, -15327.00, -15381.26, -74491
39803, -15324.00, -15377.37, -74736
39808, -15320.00, -15373.90, -74980
39813, -15319.00, -15370.66, -75217
39817, -15316.00, -15367.63, -75495
39823, -15312.00, -15364.09, -75768
39828, -15309.00, -15360.59, -76089
39834, -15307.00, -15356.95, -76386
39839, -15304.00, -15353.67, -76693
39844, -15301.00, -15350.39, -77030
39850, -15298.00, -15346.77, -77381
39856, -15295.00, -15343.41, -77699
39861, -15292.00, -15340.21, -78027
39866, -15289.00, -15337.10, -78328
39871, -15286.00, -15334.10, -78638
39876, -15284.00, -15330.98, -78916
39881, -15282.00, -15328.14, -79176
39886, -15279.00, -15325.43, -79431
39890, -15278.00, -15322.82, -79672
39895, -15275.00, -15320.25, -79935
39900, -15272.00, -15317.24, -80193
39905, -15270.00, -15314.39, -80431
39910, -15268.00, -15311.64, -80654
39915, -15265.00, -15309.02, -80893
39920, -15263.00, -15306.08, -81135
39926, -15260.00, -15303.01, -81380
39932, -15256.00, -15299.76, -81615
39938, -15255.00, -15296.76, -81844
39943, -15252.00, -15293.75, -82043
39949, -15248.00, -15290.69, -82254
39954, -15248.00, -15287.96, -82451
39960, -15245.00, -15285.11, -82647
39966, -15000.00, -15274.02, -82827
39971, -15239.00, -15264.03, -83004
39976, -15238.00, -15262.38, -83163
39981, -15235.00, -15260.77, -83321
39986, -15233.00, -15259.13, -83474
39991, -15230.00, -15257.47, -83614
39996, -15229.00, -15255.85, -83776
40002, -15226.00, -15253.84, -83939
40007, -15222.00, -15251.90, -84082
40012, -15222.00, -15250.10, -84221
40017, -15220.00, -15248.28, -84378
40023, -15216.00, -15246.17, -84517
40029, -15215.00, -15244.08, -84686
40035, -15212.00, -15241.79, -84845
40041, -15209.00, -15239.48, -84979
40046, -15207.00, -15237.56, -85116
40052, -15206.00, -15235.48, -85257
40057, -15203.00, -15233.34, -85384
40062, -15201.00, -15231.40, -85519
40068, -15198.00, -15229.23, -85661
40074, -15196.00, -15226.90, -85786
40079, -15195.00, -15224.89, -85906
40084, -15194.00, -15223.07, -86021
40089, -15191.00, -15221.17, -86141
40094, -15189.00, -15219.25, -86254
40099, -15187.00, -15217.36, -86357
40104, -15184.00, -15215.59, -86464
40109, -15183.00, -15213.70, -86577
40113, -15182.00, -15211.84, -86684
40118, -15178.00, -15209.99, -86797
40123, -15177.00, -15208.04, -86903
40128, -15175.00, -15206.16, -87013
40133, -15175.00, -15204.35, -87126
40138, -15172.00, -15202.46, -87230
40142, -15170.00, -15200.67, -87334
40147, -15167.00, -15198.87, -87461
40153, -15165.00, -15196.62, -87573
40158, -15163.00, -15194.58, -87703
40163, -15161.00, -15192.33, -87816
40168, -15160.00, -15190.43, -87923
40173, -15158.00, -15188.64, -88031
40178, -15156.00, -15186.81, -88150
40183, -15153.00, -15184.76, -88264
40188, -15153.00, -15182.75, -88377
40193, -15150.00, -15180.94, -88496
40198, -15149.00, -15178.90, -88621
40204, -15148.00, -15176.94, -88745
40209, -15145.00, -15174.96, -88867
40214, -15144.00, -15173.03, -89010
40220, -15141.00, -15170.84, -89141
40226, -15139.00, -15168.73, -89283
40231, -15137.00, -15166.60, -89397
40236, -15136.00, -15164.91, -89525
40241, -15135.00, -15162.96, -89652
40246, -15131.00, -15161.15, -89803
40253, -15128.00, -15158.72, -89960
40259, -15128.00, -15156.54, -90103
40264, -15126.00, -15154.52, -90251
40270, -15123.00, -15152.49, -90407
40276, -15121.00, -15150.34, -90558
40281, -15119.00, -15148.28, -90714
40287, -15117.00, -15146.24, -90877
40293, -15114.00, -15144.06, -91033
40298, -15113.00, -15142.02, -91187
40303, -15111.00, -15140.11, -91353
40309, -15109.00, -15138.04, -91525
40315, -15107.00, -15136.01, -91695
40320, -15105.00, -15134.01, -91865
40325, -15102.00, -15132.05, -92049
40331, -15102.00, -15130.05, -92226
40336, -15101.00, -15128.25, -92398
40341, -15098.00, -15126.49, -92573
40346, -15095.00, -15124.70, -92747
40351, -15095.00, -15122.92, -92944
40356, -15094.00, -15121.09, -93146
40362, -15090.00, -15119.18, -93371
40367, -15088.00, -15117.15, -93598
40373, -15088.00, -15115.20, -93825
40378, -15085.00, -15113.33, -94042
40383, -15083.00, -15111.47, -94291
40389, -15081.00, -15109.43, -94518
40394, -15080.00, -15107.58, -94735
40399, -15077.00, -15105.80, -94976
40405, -15077.00, -15103.78, -95229
40411, -15073.00, -15101.78, -95440
40416, -15071.00, -15099.98, -95636
40420, -15071.00, -15098.30, -95839
40425, -15069.00, -15096.56, -96055
40431, -15067.00, -15094.67, -96264
40436, -15065.00, -15092.77, -96501
40442, -15064.00, -15090.80, -96701
40447, -15060.00, -15088.99, -96881
40452, -15058.00, -15087.25, -97074
40457, -15059.00, -15085.45, -97243
40462, -15057.00, -15083.95, -97415
40466, -15055.00, -15082.32, -97599
40471, -15053.00, -15080.58, -97767
40476, -15050.00, -15078.95, -97929
40481, -15050.00, -15077.30, -98103
40486, -15049.00, -15075.65, -98261
40490, -15046.00, -15074.10, -98429
40495, -15044.00, -15072.32, -98603
40500, -15043.00, -15070.57, -98793
40506, -15041.00, -15068.65, -98951
40510, -15039.00, -15067.04, -99104
40515, -15037.00, -15065.42, -99256
40519, -15038.00, -15063.90, -99408
40524, -15035.00, -15062.35, -99563
40528, -15034.00, -15060.81, -99719
40533, -15032.00, -15059.17, -99887
40538, -15029.00, -15057.42, -100050
40543, -15029.00, -15055.72, -100207
40548, -15027.00, -15054.10, -100377
40553, -15024.00, -15052.30, -100551
40558, -15024.00, -15050.48, -100716
40564, -15021.00, -15048.71, -100901
40569, -15018.00, -15046.75, -101060
40574, -15018.00, -15045.04, -101218
40579, -15017.00, -15043.35, -101407
40585, -15013.00, -15041.43, -101596
40590, -15012.00, -15039.40, -101759
40595, -15010.00, -15037.69, -101968
40602, -15008.00, -15035.46, -102156
40607, -15006.00, -15033.57, -102341
40613, -15004.00, -15031.62, -102518
40618, -15002.00, -15029.78, -102684
40623, -15001.00, -15028.09, -102846
40628, -14998.00, -15026.41, -103015
40633, -14997.00, -15024.66, -103203
40638, -14995.00, -15022.74, -103375
40643, -14994.00, -15021.11, -103553
40648, -14993.00, -15019.40, -103734
40653, -14989.00, -15017.63, -103917
40658, -14989.00, -15015.86, -104102
40664, -14988.00, -15014.12, -104310
40669, -14984.00, -15012.19, -104514
40675, -14983.00, -15010.30, -104708
40680, -14981.00, -15008.58, -104885
40684, -14978.00, -15007.00, -105065
40689, -14978.00, -15005.36, -105251
40693, -14977.00, -15003.79, -105462
40699, -14974.00, -15001.95, -105687
40704, -14973.00, -15000.09, -105902
40709, -14971.00, -14998.34, -106118
40714, -14969.00, -14996.62, -106353
40720, -14968.00, -14994.71, -106595
40725, -14966.00, -14992.93, -106829
40730, -14965.00, -14991.25, -107054
40735, -14963.00, -14989.66, -107290
40740, -14959.00, -14987.94, -107523
40745, -14959.00, -14986.26, -107789
40750, -14957.00, -14984.43, -108070
40755, -14956.00, -14982.63, -108330
40760, -14954.00, -14981.01, -108630
40766, -14953.00, -14979.13, -108958
40771, -14950.00, -14977.23, -109280
40777, -14947.00, -14975.30, -109645
40783, -14946.00, -14973.31, -110004
40788, -14945.00, -14971.35, -110339
40793, -14943.00, -14969.69, -110576
40799, -14947.00, -14968.11, -110649
40804, -14948.00, -14966.80, -110611
40809, -14948.00, -14965.64, -110480
40814, -14952.00, -14964.59, -110284
40820, -14954.00, -14963.81, -110058
40825, -14956.00, -14963.24, -109769
40831, -14957.00, -14962.75, -109483
40837, -14960.00, -14962.46, -109181
40843, -14961.00, -14962.32, -108880
40848, -14964.00, -14962.34, -108592
40854, -14965.00, -14962.48, -108311
40859, -14967.00, -14962.71, -108037
40864, -14969.00, -14963.04, -107760
40869, -14971.00, -14963.50, -107503
40875, -14972.00, -14964.00, -107250
40880, -14974.00, -14964.55, -107027
40884, -14975.00, -14965.11, -106808
40889, -14978.00, -14965.75, -106583
40894, -14980.00, -14966.54, -106375
40898, -14980.00, -14967.27, -106144
40903, -14983.00, -14968.19, -105909
40909, -14984.00, -14969.17, -105713
40913, -14986.00, -14970.04, -105498
40918, -14987.00, -14971.07, -105292
40923, -14990.00, -14972.14, -105082
40928, -14993.00, -14973.34, -104875
40934, -14993.00, -14974.57, -104660
40939, -14995.00, -14975.87, -104464
40944, -14997.00, -14977.11, -104263
40949, -14999.00, -14978.46, -104063
40955, -14999.00, -14979.77, -103870
40960, -15003.00, -14981.09, -103675
40965, -15004.00, -14982.57, -103501
40970, -15006.00, -14983.84, -103328
40975, -15007.00, -14985.17, -103168
40979, -15010.00, -14986.52, -102996
40984, -15011.00, -14987.94, -102816
40989, -15013.00, -14989.43, -102635
40995, -15015.00, -14991.02, -102449
41000, -15015.00, -14992.58, -102270
41005, -15018.00, -14994.12, -102088
41011, -15021.00, -14995.81, -101910
41016, -15023.00, -14997.50, -101723
41022, -15025.00, -14999.23, -101557
41026, -15025.00, -15000.76, -101373
41032, -15026.00, -15002.43, -101184
41038, -15029.00, -15004.16, -101016
41043, -15032.00, -15005.80, -100847
41048, -15033.00, -15007.42, -100668
41053, -15034.00, -15009.17, -100483
41059, -15037.00, -15010.89, -100309
41064, -15038.00, -15012.58, -100115
41070, -15041.00, -15014.47, -99935
41075, -15043.00, -15016.29, -99756
41081, -15043.00, -15018.06, -99569
41086, -15046.00, -15019.79, -99386
41091, -15049.00, -15021.63, -99198
41097, -15050.00, -15023.55, -99004
41103, -15052.00, -15025.39, -98814
41108, -15054.00, -15027.29, -98626
41113, -15056.00, -15029.05, -98436
41119, -15059.00, -15030.96, -98246
41124, -15060.00, -15032.79, -98060
41130, -15060.00, -15034.59, -97739
41138, -15064.00, -15037.42, -97557
41143, -15067.00, -15039.11, -97357
41149, -15067.00, -15040.94, -97161
41154, -15070.00, -15042.69, -96962
41159, -15071.00, -15044.48, -96756
41164, -15074.00, -15046.26, -96545
41170, -15075.00, -15048.10, -96335
41175, -15077.00, -15049.90, -96136
41180, -15080.00, -15051.60, -95911
41186, -15081.00, -15053.54, -95706
41190, -15082.00, -15055.15, -95491
41195, -15084.00, -15056.83, -95294
41200, -15086.00, -15058.37, -95089
41204, -15088.00, -15059.99, -94884
41209, -15091.00, -15061.66, -94655
41214, -15092.00, -15063.56, -94403
41220, -15092.00, -15065.42, -94190
41224, -15095.00, -15067.04, -93966
41229, -15096.00, -15068.85, -93724
41235, -15099.00, -15070.80, -93493
41241, -15101.00, -15072.75, -93270
41246, -15103.00, -15074.68, -93046
41252, -15105.00, -15076.68, -92829
41257, -15107.00, -15078.71, -92625
41263, -15109.00, -15080.65, -92426
41268, -15112.00, -15082.60, -92235
41273, -15112.00, -15084.48, -92039
41279, -15115.00, -15086.52, -91858
41284, -15118.00, -15088.41, -91678
41290, -15118.00, -15090.42, -91493
41296, -15122.00, -15092.40, -91329
41301, -15123.00, -15094.43, -91147
41307, -15125.00, -15096.47, -90982
41312, -15129.00, -15098.41, -90819
41318, -15130.00, -15100.53, -90661
41323, -15132.00, -15102.51, -90510
41328, -15132.00, -15104.36, -90368
41333, -15136.00, -15106.18, -90197
41339, -15137.00, -15108.49, -90036
41345, -15140.00, -15110.57, -89885
41351, -15143.00, -15112.80, -89732
41357, -15145.00, -15114.90, -89583
41362, -15146.00, -15117.04, -89444
41368, -15149.00, -15118.98, -89306
41373, -15152.00, -15121.05, -89150
41379, -15154.00, -15123.40, -89019
41384, -15155.00, -15125.35, -88901
41389, -15158.00, -15127.14, -88777
41394, -15159.00, -15129.17, -88636
41400, -15161.00, -15131.26, -88522
41404, -15163.00, -15132.97, -88404
41409, -15164.00, -15134.78, -88284
41414, -15166.00, -15136.61, -88149
41420, -15169.00, -15138.77, -88025
41425, -15171.00, -15140.70, -87911
41430, -15174.00, -15142.58, -87774
41436, -15176.00, -15144.83, -87646
41441, -15178.00, -15146.89, -87531
41446, -15180.00, -15148.77, -87400
41451, -15181.00, -15150.89, -87263
41457, -15184.00, -15153.12, -87137
41462, -15188.00, -15155.22, -87001
41468, -15190.00, -15157.54, -86866
41474, -15191.00, -15159.94, -86736
41479, -15194.00, -15162.00, -86613
41484, -15195.00, -15164.02, -86473
41490, -15198.00, -15166.32, -86351
41495, -15199.00, -15168.25, -86237
41500, -15203.00, -15170.12, -86125
41504, -15203.00, -15171.95, -86008
41509, -15206.00, -15173.82, -85879
41514, -15208.00, -15175.94, -85730
41520, -15211.00, -15178.38, -85602
41525, -15213.00, -15180.29, -85465
41530, -15215.00, -15182.51, -85341
41535, -15218.00, -15184.39, -85204
41540, -15219.00, -15186.56, -85082
41545, -15222.00, -15188.43, -84928
41551, -15224.00, -15190.91, -84775
41556, -15227.00, -15193.16, -84617
41562, -15230.00, -15195.60, -84457
41567, -15233.00, -15198.09, -84301
41573, -15237.00, -15200.45, -84140
41578, -15237.00, -15202.86, -83977
41584, -15240.00, -15205.28, -83817
41589, -15244.00, -15207.64, -83653
41594, -15245.00, -15209.95, -83465
41600, -15247.00, -15212.50, -83306
41605, -15251.00, -15214.62, -83130
41610, -15253.00, -15217.00, -82970
41614, -15255.00, -15219.10, -82808
41619, -15259.00, -15221.24, -82641
41624, -15260.00, -15223.47, -82450
41629, -15263.00, -15225.90, -82267
41634, -15265.00, -15228.22, -82063
41639, -15267.00, -15230.61, -81880
41644, -15270.00, -15232.77, -81670
41650, -15272.00, -15235.35, -81447
41655, -15275.00, -15237.78, -81247
41659, -15278.00, -15239.99, -81015
41665, -15279.00, -15242.54, -80774
41670, -15281.00, -15245.01, -80554
41675, -15285.00, -15247.17, -80270
41681, -15287.00, -15249.97, -80010
41686, -15291.00, -15252.57, -79739
41691, -15292.00, -15254.96, -79447
41697, -15295.00, -15257.52, -79142
41703, -15300.00, -15260.23, -78806
41708, -15302.00, -15263.03, -78504
41713, -15305.00, -15265.50, -78209
41718, -15306.00, -15267.80, -77925
41722, -15309.00, -15270.02, -77629
41728, -15313.00, -15272.54, -77325
41732, -15314.00, -15274.98, -77060
41737, -15319.00, -15277.22, -76801
41741, -15319.00, -15279.55, -76519
41746, -15322.00, -15282.08, -76234
41751, -15324.00, -15284.56, -75950
41757, -15328.00, -15287.22, -75700
41761, -15331.00, -15289.64, -75427
41767, -15334.00, -15292.44, -75177
41772, -15336.00, -15295.06, -74918
41777, -15340.00, -15297.91, -74659
41783, -15342.00, -15300.70, -74410
41788, -15347.00, -15303.60, -74179
41793, -15349.00, -15306.39, -73938
41799, -15354.00, -15309.45, -73714
41804, -15356.00, -15312.27, -73485
41809, -15360.00, -15315.29, -73262
41815, -15363.00, -15318.28, -73024
41820, -15367.00, -15321.58, -72811
41826, -15369.00, -15324.56, -72603
41831, -15373.00, -15327.52, -72409
41836, -15376.00, -15330.44, -72206
41841, -15378.00, -15333.40, -72008
41846, -15383.00, -15336.36, -71837
41851, -15386.00, -15339.05, -71646
41856, -15388.00, -15342.11, -71474
41861, -15392.00, -15344.82, -71306
41866, -15398.00, -15347.65, -71142
41870, -15400.00, -15350.54, -70983
41875, -15403.00, -15353.36, -70816
41879, -15406.00, -15356.35, -70634
41885, -15410.00, -15359.60, -70469
41889, -15413.00, -15362.66, -70306
41894, -15416.00, -15365.66, -70133
41899, -15421.00, -15368.93, -69967
41904, -15422.00, -15372.07, -69806
41909, -15429.00, -15375.18, -69634
41914, -15432.00, -15378.71, -69470
41919, -15436.00, -15382.01, -69277
41925, -15441.00, -15385.94, -69114
41930, -15444.00, -15389.17, -68946
41935, -15449.00, -15392.70, -68787
41939, -15453.00, -15396.11, -68625
41944, -15457.00, -15399.55, -68448
41950, -15462.00, -15403.49, -68272
41955, -15466.00, -15407.51, -68101
41960, -15470.00, -15411.15, -67928
41965, -15476.00, -15415.04, -67728
41971, -15480.00, -15419.50, -67570
41976, -15485.00, -15423.01, -67393
41981, -15488.00, -15427.10, -67207
41986, -15494.00, -15431.32, -67036
41991, -15498.00, -15435.21, -66873
41996, -15503.00, -15438.98, -66705
42001, -15508.00, -15442.95, -66537
42006, -15513.00, -15446.97, -66367
42011, -15520.00, -15451.08, -66197
42015, -15524.00, -15455.24, -66019
42020, -15528.00, -15459.58, -65848
42025, -15532.00, -15463.69, -65673
42030, -15537.00, -15467.86, -65480
42035, -15543.00, -15472.48, -65312
42040, -15549.00, -15476.74, -65140
42045, -15553.00, -15480.82, -64953
42050, -15559.00, -15485.52, -64770
42054, -15564.00, -15489.90, -64587
42059, -15569.00, -15494.22, -64402
42064, -15574.00, -15498.92, -64213
42069, -15578.00, -15503.20, -64022
42073, -15585.00, -15507.82, -63828
42078, -15590.00, -15512.47, -63633
42083, -15596.00, -15517.08, -63406
42088, -15601.00, -15522.53, -63199
42093, -15608.00, -15527.21, -62972
42098, -15614.00, -15532.66, -62744
42104, -15621.00, -15538.01, -62523
42108, -15627.00, -15543.06, -62282
42114, -15635.00, -15549.05, -62018
42120, -15642.00, -15555.09, -61788
42124, -15647.00, -15560.11, -61540
42130, -15655.00, -15566.06, -61293
42135, -15662.00, -15572.27, -61061
42140, -15669.00, -15578.32, -60837
42145, -15677.00, -15583.95, -60616
42151, -15683.00, -15590.15, -60415
42155, -15689.00, -15595.58, -60197
42161, -15698.00, -15601.97, -59976
42166, -15705.00, -15608.67, -59791
42171, -15712.00, -15614.49, -59606
42176, -15718.00, -15620.52, -59421
42181, -15726.00, -15626.68, -59237
42186, -15733.00, -15633.22, -59059
42191, -15741.00, -15639.48, -58881
42196, -15749.00, -15646.19, -58694
42202, -15757.00, -15653.41, -58521
42207, -15764.00, -15660.13, -58371
42212, -15772.00, -15666.38, -58210
42217, -15780.00, -15673.18, -58036
42222, -15789.00, -15680.62, -57885
42227, -15796.00, -15687.65, -57724
42233, -15804.00, -15695.22, -57540
42239, -15816.00, -15703.31, -57395
42244, -15823.00, -15710.48, -57232
42250, -15834.00, -15718.74, -57078
42255, -15843.00, -15726.67, -56931
42261, -15853.00, -15734.71, -56800
42265, -15861.00, -15741.64, -56674
42270, -15869.00, -15748.71, -56546
42275, -15876.00, -15755.86, -56416
42280, -15886.00, -15763.49, -56288
42284, -15892.00, -15770.78, -56161
42289, -15901.00, -15778.31, -56028
42295, -15910.00, -15786.42, -55888
42300, -15921.00, -15794.67, -55753
42305, -15932.00, -15803.45, -55623
42310, -15940.00, -15811.33, -55505
42315, -15945.00, -15818.56, -55370
42320, -15957.00, -15827.40, -55251
42325, -15964.00, -15834.71, -55118
42330, -15974.00, -15843.27, -54992
42335, -15985.00, -15851.45, -54868
42340, -15993.00, -15859.70, -54737
42345, -16002.00, -15868.47, -54615
42350, -16009.00, -15876.53, -54480
42355, -16021.00, -15885.93, -54352
42360, -16030.00, -15893.98, -54227
42365, -16038.00, -15902.38, -54103
42370, -16047.00, -15910.60, -53987
42374, -16054.00, -15918.37, -53870
42379, -16062.00, -15926.33, -53749
42384, -16071.00, -15934.58, -53629
42389, -16080.00, -15942.71, -53505
42393, -16089.00, -15951.09, -53379
42398, -16097.00, -15959.66, -53249
42403, -16107.00, -15967.96, -53125
42408, -16115.00, -15976.15, -52997
42413, -16123.00, -15984.50, -52859
42418, -16132.00, -15993.55, -52725
42423, -16141.00, -16001.91, -52588
42428, -16148.00, -16010.68, -52463
42432, -16157.00, -16018.42, -52327
42437, -16165.00, -16027.30, -52188
42442, -16176.00, -16035.48, -52046
42447, -16183.00, -16044.43, -51899
42452, -16192.00, -16053.52, -51738
42458, -16199.00, -16062.57, -51596
42462, -16210.00, -16070.83, -51458
42467, -16217.00, -16078.68, -51319
42471, -16224.00, -16086.45, -51171
42476, -16233.00, -16095.00, -51014
42481, -16239.00, -16103.12, -50868
42486, -16247.00, -16110.84, -50716
42490, -16254.00, -16118.75, -50564
42495, -16260.00, -16126.58, -50404
42499, -16267.00, -16134.20, -50243
42504, -16274.00, -16142.27, -50066
42509, -16281.00, -16150.31, -49886
42514, -16290.00, -16158.68, -49698
42519, -16295.00, -16166.81, -49522
42524, -16302.00, -16174.00, -49330
42529, -16310.00, -16182.08, -49125
42534, -16316.00, -16190.18, -48916
42539, -16325.00, -16197.98, -48706
42544, -16331.00, -16205.95, -48472
42549, -16338.00, -16214.58, -48253
42554, -16345.00, -16221.57, -48005
42559, -16353.00, -16230.11, -47739
42565, -16361.00, -16238.41, -47481
42569, -16367.00, -16245.90, -47244
42574, -16372.00, -16252.81, -46962
42579, -16378.00, -16260.58, -46639
42585, -16385.00, -16269.09, -46331
42590, -16394.00, -16276.57, -46046
42595, -16397.00, -16283.17, -45751
42599, -16404.00, -16289.84, -45419
42605, -16412.00, -16297.44, -45121
42610, -16418.00, -16304.58, -44779
42615, -16424.00, -16311.84, -44439
42620, -16430.00, -16319.43, -44163
42625, -16434.00, -16325.66, -43841
42630, -16441.00, -16332.97, -43570
42635, -16446.00, -16339.62, -43286
42640, -16452.00, -16346.06, -43002
42645, -16457.00, -16352.97, -42700
42651, -16465.00, -16360.06, -42420
42656, -16471.00, -16367.15, -42125
42662, -16476.00, -16374.57, -41871
42667, -16483.00, -16381.35, -41625
42672, -16487.00, -16387.68, -41379
42677, -16493.00, -16394.15, -41148
42682, -16498.00, -16400.34, -40902
42688, -16503.00, -16407.13, -40646
42693, -16510.00, -16413.97, -40414
42699, -16513.00, -16420.36, -40200
42704, -16517.00, -16426.17, -39987
42709, -16522.00, -16431.93, -39772
42714, -16529.00, -16437.93, -39578
42719, -16532.00, -16443.39, -39394
42724, -16538.00, -16448.61, -39193
42729, -16543.00, -16454.74, -38984
42735, -16548.00, -16460.68, -38787
42740, -16553.00, -16466.17, -38598
42745, -16556.00, -16471.80, -38393
42750, -16562.00, -16477.66, -38191
42756, -16567.00, -16483.59, -37993
42762, -16572.00, -16489.48, -37796
42767, -16577.00, -16495.22, -37615
42773, -16582.00, -16500.68, -37430
42778, -16586.00, -16506.18, -37240
42784, -16589.00, -16511.75, -37045
42789, -16595.00, -16517.27, -36863
42795, -16597.00, -16522.59, -36675
42800, -16603.00, -16527.77, -36501
42806, -16607.00, -16532.76, -36322
42811, -16611.00, -16537.73, -36143
42817, -16617.00, -16542.86, -35953
42822, -16621.00, -16548.11, -35782
42828, -16624.00, -16552.90, -35603
42833, -16628.00, -16557.71, -35424
42839, -16633.00, -16562.63, -35254
42844, -16636.00, -16567.11, -35092
42849, -16639.00, -16571.37, -34931
42853, -16644.00, -16575.44, -34760
42859, -16647.00, -16579.99, -34578
42864, -16651.00, -16584.49, -34400
42870, -16653.00, -16588.93, -34243
42874, -16659.00, -16592.81, -34061
42880, -16662.00, -16597.45, -33863
42886, -16665.00, -16602.11, -33690
42891, -16669.00, -16606.12, -33499
42897, -16673.00, -16610.76, -33311
42902, -16677.00, -16614.93, -33136
42907, -16680.00, -16618.86, -32959
42912, -16684.00, -16622.82, -32779
42917, -16687.00, -16626.71, -32600
42923, -16690.00, -16630.60, -32407
42928, -16694.00, -16634.54, -32233
42933, -16696.00, -16638.08, -32056
42938, -16698.00, -16641.63, -31877
42942, -16703.00, -16645.12, -31701
42947, -16704.00, -16648.36, -31513
42952, -16706.00, -16651.80, -31337
42957, -16711.00, -16654.96, -31149
42962, -16713.00, -16658.46, -30927
42967, -16717.00, -16662.36, -30718
42972, -16720.00, -16665.81, -30502
42978, -16723.00, -16669.46, -30280
42983, -16726.00, -16673.06, -30043
42989, -16731.00, -16676.85, -29825
42994, -16733.00, -16680.24, -29610
42999, -16734.00, -16683.51, -29385
43004, -16738.00, -16686.68, -29163
43009, -16740.00, -16689.80, -28935
43014, -16743.00, -16693.06, -28705
43019, -16746.00, -16696.31, -28481
43025, -16749.00, -16699.74, -28244
43030, -16753.00, -16703.01, -28023
43035, -16753.00, -16706.27, -27818
43040, -16756.00, -16709.31, -27607
43046, -16759.00, -16712.45, -27413
43051, -16761.00, -16715.35, -27221
43056, -16765.00, -16718.28, -27036
43061, -16767.00, -16721.23, -26856
43066, -16769.00, -16724.11, -26687
43071, -16774.00, -16726.91, -26517
43076, -16776.00, -16729.80, -26346
43081, -16777.00, -16732.70, -26190
43085, -16779.00, -16735.33, -26041
43090, -16782.00, -16737.96, -25896
43095, -16784.00, -16740.46, -25748
43100, -16788.00, -16743.13, -25587
43105, -16790.00, -16746.11, -25443
43110, -16792.00, -16748.75, -25297
43115, -16794.00, -16751.49, -25150
43120, -16796.00, -16754.20, -24985
43126, -16800.00, -16757.28, -24847
43131, -16801.00, -16759.87, -24698
43136, -16805.00, -16762.85, -24551
43142, -15000.00, -16708.14, -24415
43147, -16809.00, -16658.53, -24284
43152, -16811.00, -16667.70, -24147
43157, -16813.00, -16676.95, -24022
43162, -16815.00, -16684.85, -23909
43166, -16819.00, -16692.15, -23790
43171, -16822.00, -16699.49, -23656
43176, -16823.00, -16707.63, -23532
43181, -16825.00, -16714.50, -23399
43187, -16827.00, -16722.09, -23282
43191, -16829.00, -16728.02, -23160
43196, -16833.00, -16734.39, -23042
43201, -16835.00, -16740.37, -22931
43206, -16836.00, -16745.67, -22816
43211, -16840.00, -16751.20, -22685
43216, -16840.00, -16757.22, -22558
43222, -16845.00, -16762.63, -22445
43226, -16846.00, -16767.46, -22336
43231, -16847.00, -16772.10, -22215
43236, -16849.00, -16776.69, -22104
43241, -16852.00, -16780.89, -21990
43246, -16854.00, -16785.19, -21871
43251, -16855.00, -16789.43, -21748
43256, -16858.00, -16793.72, -21622
43261, -16862.00, -16798.14, -21503
43266, -16864.00, -16802.02, -21387
43271, -16865.00, -16805.79, -21260
43277, -16868.00, -16809.71, -21128
43282, -16869.00, -16813.80, -21011
43287, -16872.00, -16817.27, -20900
43292, -16874.00, -16820.56, -20759
43298, -16876.00, -16824.42, -20632
43303, -16880.00, -16827.77, -20517
43308, -16880.00, -16830.71, -20391
43313, -16882.00, -16834.01, -20247
43319, -16886.00, -16837.46, -20127
43324, -16888.00, -16840.34, -19989
43329, -16890.00, -16843.58, -19844
43335, -16893.00, -16846.96, -19707
43340, -16894.00, -16849.90, -19564
43346, -16896.00, -16852.91, -19421
43351, -16898.00, -16855.76, -19277
43357, -16901.00, -16858.71, -19129
43362, -16903.00, -16861.56, -18971
43368, -16906.00, -16864.56, -18823
43373, -16907.00, -16867.29, -18661
43379, -16910.00, -16870.02, -18511
43384, -16913.00, -16872.69, -18350
43389, -16914.00, -16875.45, -18190
43395, -16916.00, -16877.96, -18032
43400, -16919.00, -16880.51, -17855
43406, -16921.00, -16883.27, -17685
43411, -16923.00, -16885.72, -17501
43416, -16926.00, -16888.35, -17323
43422, -16926.00, -16890.79, -17141
43427, -16929.00, -16893.15, -16950
43432, -16929.00, -16895.52, -16756
43438, -16933.00, -16897.86, -16565
43443, -16936.00, -16900.11, -16360
43448, -16937.00, -16902.51, -16149
43454, -16940.00, -16904.96, -15941
43459, -16941.00, -16907.08, -15735
43464, -16943.00, -16909.21, -15513
43469, -16945.00, -16911.37, -15302
43474, -16947.00, -16913.38, -15063
43479, -16949.00, -16915.58, -14806
43485, -16951.00, -16917.96, -14551
43490, -16952.00, -16920.01, -14272
43495, -16955.00, -16922.25, -14009
43500, -16956.00, -16924.27, -13743
43505, -16959.00, -16926.18, -13443
43510, -16961.00, -16928.33, -13117
43516, -16962.00, -16930.64, -12781
43521, -16964.00, -16932.73, -12447
43527, -16966.00, -16934.90, -12122
43532, -16967.00, -16936.91, -11753
43538, -16970.00, -16939.27, -11430
43544, -16972.00, -16941.45, -11072
43550, -16974.00, -16943.89, -10743
43556, -16977.00, -16946.07, -10428
43562, -16979.00, -16948.27, -10126
43567, -16980.00, -16950.43, -9832
43573, -16983.00, -16952.63, -9523
43579, -16984.00, -16954.85, -9213
43586, -16988.00, -16957.29, -8936
43591, -16989.00, -16959.49, -8676
43597, -16991.00, -16961.56, -8434
43602, -16992.00, -16963.49, -8203
43608, -16994.00, -16965.41, -7980
43613, -16997.00, -16967.27, -7775
43617, -16998.00, -16969.05, -7578
43622, -17000.00, -16970.78, -7354
43628, -17001.00, -16972.76, -7167
43632, -17003.00, -16974.40, -6971
43637, -17005.00, -16976.21, -6792
43642, -17009.00, -16977.96, -6591
43647, -17008.00, -16979.92, -6395
43652, -17011.00, -16981.74, -6227
43657, -17012.00, -16983.38, -6057
43661, -17014.00, -16985.05, -5894
43666, -17017.00, -16986.70, -5733
43670, -17017.00, -16988.36, -5557
43675, -17020.00, -16990.17, -5390
43680, -17021.00, -16991.89, -5212
43685, -17022.00, -16993.78, -5037
43690, -17023.00, -16995.50, -4861
43695, -17027.00, -16997.38, -4695
43700, -17027.00, -16999.12, -4523
43705, -17029.00, -17000.82, -4365
43710, -17030.00, -17002.48, -4184
43715, -17032.00, -17004.35, -4013
43720, -17033.00, -17006.08, -3837
43725, -17036.00, -17007.88, -3667
43731, -17037.00, -17009.69, -3494
43736, -17039.00, -17011.51, -3314
43741, -17042.00, -17013.31, -3123
43747, -17043.00, -17015.36, -2950
43752, -17046.00, -17017.18, -2773
43757, -17046.00, -17019.06, -2578
43763, -17049.00, -17021.03, -2407
43768, -17050.00, -17022.78, -2226
43773, -17052.00, -17024.67, -2030
43779, -17054.00, -17026.61, -1833
43785, -17056.00, -17028.60, -1653
43790, -17058.00, -17030.45, -1459
43796, -17061.00, -17032.41, -1279
43801, -17061.00, -17034.23, -1072
43807, -17064.00, -17036.26, -869
43813, -17065.00, -17038.25, -666
43819, -17068.00, -17040.23, -467
43824, -17071.00, -17042.16, -288
43829, -17070.00, -17043.92, -74
43835, -17073.00, -17045.85, 113
43840, -17075.00, -17047.56, 297
43845, -17076.00, -17049.23, 487
43850, -17080.00, -17051.03, 675
43855, -17081.00, -17052.77, 861
43860, -17081.00, -17054.46, 1058
43865, -17083.00, -17056.15, 1253
43870, -17084.00, -17057.80, 1450
43875, -17086.00, -17059.44, 1649
43879, -17089.00, -17061.11, 1878
43885, -17090.00, -17063.06, 2091
43890, -17092.00, -17064.80, 2313
43895, -17095.00, -17066.61, 2540
43901, -17095.00, -17068.41, 2776
43906, -17098.00, -17070.28, 3025
43912, -17102.00, -17072.26, 3286
43917, -17101.00, -17074.29, 3540
43923, -17104.00, -17076.14, 3780
43928, -17105.00, -17077.91, 4055
43934, -17108.00, -17079.99, 4294
43939, -17109.00, -17081.86, 4526
43944, -17110.00, -17083.61, 4752
43950, -17113.00, -17085.36, 4972
43955, -17114.00, -17087.17, 5177
43960, -17116.00, -17088.86, 5392
43965, -17119.00, -17090.73, 5587
43970, -17121.00, -17092.51, 5770
43975, -17122.00, -17094.22, 5939
43979, -17124.00, -17095.79, 6120
43985, -17126.00, -17097.59, 6293
43990, -17124.00, -17099.25, 6481
43995, -17128.00, -17101.00, 6647
44000, -17130.00, -17102.69, 6815
44005, -17132.00, -17104.53, 6981
44010, -17134.00, -17106.26, 7162
44016, -17136.00, -17108.27, 7327
44021, -17137.00, -17110.08, 7490
44027, -17140.00, -17111.97, 7650
44032, -17141.00, -17113.92, 7809
44038, -17143.00, -17115.71, 7955
44043, -17145.00, -17117.49, 8100
44048, -17147.00, -17119.30, 8235
44053, -17149.00, -17121.00, 8372
44058, -17151.00, -17122.77, 8495
44062, -17153.00, -17124.40, 8632
44068, -17155.00, -17126.25, 8757
44072, -17155.00, -17127.94, 8880
44077, -17158.00, -17129.57, 9006
44082, -17159.00, -17131.37, 9136
44087, -17160.00, -17133.05, 9260
44092, -17162.00, -17134.76, 9396
44097, -17164.00, -17136.61, 9525
44103, -17166.00, -17138.45, 9645
44108, -17168.00, -17140.15, 9784
44113, -17171.00, -17142.15, 9907
44118, -17171.00, -17143.90, 10033
44123, -17173.00, -17145.67, 10171
44129, -17175.00, -17147.65, 10293
44134, -17176.00, -17149.37, 10409
44139, -17179.00, -17151.03, 10539
44144, -17181.00, -17152.93, 10657
44149, -17183.00, -17154.66, 10776
44154, -17184.00, -17156.40, 10890
44159, -17185.00, -17158.04, 11012
44164, -17188.00, -17159.80, 11119
44169, -17189.00, -17161.38, 11240
44174, -17191.00, -17163.12, 11348
44178, -17194.00, -17164.76, 11456
44183, -17195.00, -17166.43, 11567
44188, -17196.00, -17168.14, 11687
44192, -17198.00, -17169.83, 11818
44198, -17201.00, -17171.83, 11944
44203, -17203.00, -17173.73, 12075
44208, -17204.00, -17175.65, 12191
44213, -17205.00, -17177.33, 12317
44218, -17208.00, -17179.13, 12449
44224, -17210.00, -17181.09, 12580
44229, -17211.00, -17182.90, 12704
44234, -17215.00, -17184.71, 12830
44238, -17216.00, -17186.50, 12953
44243, -17217.00, -17188.22, 13078
44248, -17220.00, -17189.97, 13202
44253, -17222.00, -17191.77, 13346
44258, -17223.00, -17193.76, 13475
44263, -17225.00, -17195.53, 13635
44268, -17227.00, -17197.61, 13773
44273, -17230.00, -17199.41, 13903
44278, -17232.00, -17201.17, 14064
44283, -17233.00, -17203.25, 14210
44288, -17236.00, -17205.15, 14346
44293, -17236.00, -17206.84, 14487
44297, -17238.00, -17208.51, 14629
44302, -17240.00, -17210.19, 14784
44307, -17242.00, -17212.02, 14947
44312, -17244.00, -17213.91, 15119
44317, -17246.00, -17215.89, 15285
44322, -17247.00, -17217.69, 15467
44327, -17251.00, -17219.69, 15656
44332, -17253.00, -17221.80, 15843
44337, -17254.00, -17223.73, 16035
44343, -17257.00, -17225.86, 16246
44348, -17260.00, -17227.90, 16464
44353, -17261.00, -17230.05, 16660
44358, -17264.00, -17231.92, 16851
44363, -17265.00, -17233.71, 17054
44367, -17267.00, -17235.53, 17256
44372, -17269.00, -17237.31, 17495
44377, -17273.00, -17239.49, 17753
44382, -17274.00, -17241.69, 17983
44387, -17277.00, -17243.59, 18228
44392, -17279.00, -17245.68, 18523
44397, -17281.00, -17247.93, 18807
44403, -17283.00, -17250.10, 19125
44408, -17287.00, -17252.40, 19452
44414, -17289.00, -17254.87, 19775
44419, -17288.00, -17256.87, 20094
44424, -17291.00, -17258.85, 20411
44429, -17295.00, -17260.97, 20736
44434, -17296.00, -17263.07, 21042
44439, -17298.00, -17265.10, 21339
44443, -17299.00, -17267.04, 21648
44449, -17304.00, -17269.25, 21936
44453, -17305.00, -17271.28, 22223
44458, -17307.00, -17273.41, 22506
44463, -17311.00, -17275.57, 22764
44468, -17312.00, -17277.61, 23012
44473, -17313.00, -17279.58, 23251
44477, -17315.00, -17281.49, 23482
44482, -17319.00, -17283.46, 23713
44486, -17321.00, -17285.53, 23947
44491, -17323.00, -17287.67, 24167
44496, -17324.00, -17289.70, 24375
44500, -17327.00, -17291.66, 24583
44505, -17329.00, -17293.69, 24807
44510, -17332.00, -17295.94, 25000
44514, -17335.00, -17297.97, 25203
44519, -17337.00, -17300.19, 25394
44524, -17339.00, -17302.29, 25594
44528, -17343.00, -17304.56, 25803
44534, -17345.00, -17307.05, 25986
44538, -17346.00, -17309.14, 26179
44543, -17350.00, -17311.47, 26367
44548, -17352.00, -17313.79, 26569
44553, -17354.00, -17316.34, 26754
44558, -17358.00, -17318.76, 26955
44564, -17362.00, -17321.57, 27158
44569, -17365.00, -17324.29, 27335
44574, -17366.00, -17326.79, 27513
44579, -17369.00, -17329.26, 27698
44585, -17373.00, -17332.04, 27879
44590, -17375.00, -17334.63, 28039
44595, -17377.00, -17337.14, 28199
44599, -17379.00, -17339.37, 28357
44604, -17383.00, -17341.76, 28509
44608, -17386.00, -17344.13, 28668
44613, -17388.00, -17346.66, 28826
44618, -17392.00, -17349.30, 28985
44623, -17394.00, -17351.84, 29153
44628, -17398.00, -17354.60, 29348
44634, -17400.00, -17357.86, 29510
44639, -17404.00, -17360.56, 29664
44644, -17407.00, -17363.17, 29818
44649, -17408.00, -17365.81, 29980
44654, -17413.00, -17368.57, 30132
44659, -17416.00, -17371.20, 30289
44663, -17419.00, -17374.01, 30444
44668, -17421.00, -17376.73, 30618
44674, -17425.00, -17379.78, 30768
44679, -17428.00, -17382.51, 30922
44683, -17432.00, -17385.24, 31077
44688, -17436.00, -17388.13, 31229
44693, -17436.00, -17390.86, 31384
44698, -17441.00, -17393.65, 31541
44703, -17445.00, -17396.61, 31693
44707, -17449.00, -17399.48, 31853
44712, -17451.00, -17402.52, 31994
44716, -17453.00, -17405.16, 32148
44721, -17458.00, -17408.11, 32317
44727, -17460.00, -17411.52, 32499
44732, -17465.00, -17414.64, 32659
44737, -17467.00, -17417.59, 32824
44742, -17472.00, -17420.80, 33013
44747, -17473.00, -17424.26, 33180
44752, -17479.00, -17427.43, 33360
44757, -17484.00, -17430.84, 33549
44763, -17487.00, -17434.39, 33724
44768, -17491.00, -17437.68, 33915
44773, -17497.00, -17441.55, 34107
44778, -17501.00, -17445.13, 34293
44784, -17506.00, -17448.85, 34471
44788, -17509.00, -17452.22, 34644
44793, -17506.00, -17455.30, 34760
44798, -17503.00, -17458.25, 34790
44803, -17500.00, -17460.91, 34766
44808, -17495.00, -17463.18, 34691
44813, -17490.00, -17465.13, 34586
44818, -17486.00, -17466.54, 34465
44823, -17481.00, -17467.56, 34321
44828, -17477.00, -17468.26, 34154
44834, -17473.00, -17468.72, 33997
44839, -17470.00, -17468.88, 33811
44845, -17466.00, -17468.82, 33633
44850, -17461.00, -17468.48, 33453
44855, -17458.00, -17467.91, 33270
44860, -17453.00, -17467.11, 33097
44865, -17450.00, -17466.16, 32924
44870, -17446.00, -17465.05, 32730
44876, -17443.00, -17463.56, 32533
44882, -17440.00, -17462.13, 32363
44887, -17436.00, -17460.67, 32185
44892, -17432.00, -17458.89, 32011
44897, -17429.00, -17457.22, 31849
44902, -17426.00, -17455.47, 31694
44906, -17423.00, -17453.73, 31539
44911, -17420.00, -17451.91, 31369
44916, -17416.00, -17449.80, 31215
44921, -17411.00, -17447.75, 31046
44926, -17410.00, -17445.40, 30875
44931, -17406.00, -17443.11, 30703
44936, -17402.00, -17440.70, 30552
44941, -17400.00, -17438.42, 30373
44946, -17397.00, -17435.81, 30194
44951, -17394.00, -17433.23, 30025
44957, -17389.00, -17430.63, 29855
44962, -17388.00, -17427.99, 29677
44967, -17384.00, -17425.27, 29496
44972, -17380.00, -17422.42, 29326
44978, -17378.00, -17419.70, 29145
44983, -17375.00, -17416.85, 28962
44988, -17373.00, -17414.09, 28782
44994, -17367.00, -17411.17, 28608
44999, -17365.00, -17408.39, 28417
45004, -17362.00, -17405.37, 28236
45010, -17358.00, -17402.34, 28048
45015, -17355.00, -17399.45, 27857
45021, -17353.00, -17396.44, 27680
45025, -17351.00, -17393.78, 27511
45030, -17347.00, -17391.21, 27340
45035, -17345.00, -17388.59, 27173
45039, -17342.00, -17386.11, 26977
45045, -17341.00, -17383.20, 26797
45050, -17338.00, -17380.64, 26621
45054, -17336.00, -17378.20, 26426
45059, -17331.00, -17375.40, 26205
45065, -17330.00, -17372.36, 26009
45070, -17328.00, -17369.75, 25782
45075, -17326.00, -17366.85, 25550
45081, -17322.00, -17363.88, 25338
45086, -17319.00, -17361.29, 25111
45091, -17318.00, -17358.55, 24858
45097, -17313.00, -17355.52, 24626
45102, -17311.00, -17352.83, 24397
45107, -17310.00, -17350.26, 24129
45113, -17308.00, -17347.33, 23862
45118, -17305.00, -17344.71, 23604
45123, -17302.00, -17342.14, 23343
45128, -17300.00, -17339.59, 23092
45133, -17298.00, -17337.25, 22843
45138, -17296.00, -17335.01, 22595
45142, -17293.00, -17332.80, 22326
45147, -17291.00, -17330.45, 22036
45152, -17289.00, -17328.05, 21754
45156, -17287.00, -17325.78, 21471
45161, -17284.00, -17323.48, 21154
45166, -17282.00, -17321.15, 20866
45170, -17281.00, -17319.02, 20530
45175, -17280.00, -17316.57, 20222
45180, -17277.00, -17314.42, 19930
45185, -17275.00, -17312.28, 19649
45189, -17272.00, -17310.15, 19376
45194, -17272.00, -17308.05, 19101
45198, -17268.00, -17305.89, 18850
45203, -17266.00, -17303.79, 18569
45208, -17265.00, -17301.44, 18288
45213, -17262.00, -17299.03, 18034
45218, -17260.00, -17296.76, 17790
45223, -17258.00, -17294.51, 17491
45229, -17256.00, -17291.76, 17261
45234, -17254.00, -17289.54, 17038
45239, -17252.00, -17287.39, 16810
45244, -17248.00, -17284.95, 16605
45249, -17249.00, -17282.81, 16414
45253, -17244.00, -17280.85, 16232
45258, -17243.00, -17278.76, 16059
45262, -17241.00, -17276.79, 15886
45267, -17239.00, -17274.78, 15717
45271, -17237.00, -17272.77, 15531
45276, -17237.00, -17270.54, 15337
45282, -17235.00, -17268.27, 15167
45286, -17232.00, -17266.20, 15000
45291, -17230.00, -17264.15, 14829
45296, -17227.00, -17261.93, 14664
45301, -17226.00, -17259.74, 14512
45306, -17225.00, -17257.81, 14359
45311, -17221.00, -17255.74, 14200
45316, -17218.00, -17253.40, 14046
45321, -17218.00, -17251.26, 13893
45326, -17216.00, -17249.09, 13730
45332, -17213.00, -17246.81, 13578
45337, -17211.00, -17244.54, 13422
45343, -17210.00, -17242.24, 13275
45348, -17209.00, -17240.18, 13134
45353, -17205.00, -17238.13, 13009
45358, -17204.00, -17236.27, 12881
45363, -17202.00, -17234.24, 12737
45368, -17200.00, -17232.14, 12604
45373, -17198.00, -17230.08, 12474
45378, -17196.00, -17228.01, 12327
45383, -17194.00, -17225.81, 12214
45388, -17193.00, -17224.02, 12074
45394, -17189.00, -17221.78, 11946
45399, -17190.00, -17219.73, 11826
45404, -17186.00, -17217.86, 11703
45409, -17183.00, -17215.69, 11573
45414, -17184.00, -17213.74, 11451
45419, -17181.00, -17211.85, 11324
45424, -17179.00, -17209.86, 11199
45429, -17178.00, -17207.90, 11079
45434, -17175.00, -17206.07, 10964
45439, -17174.00, -17204.24, 10844
45444, -17172.00, -17202.31, 10717
45449, -17170.00, -17200.39, 10601
45454, -17168.00, -17198.55, 10481
45458, -17166.00, -17196.67, 10363
45463, -17164.00, -17194.80, 10254
45468, -17164.00, -17193.11, 10144
45472, -17161.00, -17191.41, 10029
45477, -17159.00, -17189.65, 9916
45482, -17156.00, -17187.85, 9799
45486, -17156.00, -17186.04, 9685
45491, -17154.00, -17184.31, 9560
45496, -17153.00, -17182.42, 9433
45501, -17150.00, -17180.54, 9311
45506, -17150.00, -17178.78, 9175
45511, -17147.00, -17176.84, 9038
45516, -17145.00, -17174.80, 8911
45521, -17144.00, -17173.05, 8775
45526, -17141.00, -17171.10, 8652
45531, -17140.00, -17169.45, 8519
45536, -17139.00, -17167.66, 8392
45540, -17138.00, -17166.01, 8266
45545, -17136.00, -17164.38, 8142
45549, -17133.00, -17162.78, 8004
45554, -17133.00, -17160.97, 7864
45559, -17131.00, -17159.29, 7712
45564, -17129.00, -17157.42, 7573
45569, -17127.00, -17155.80, 7427
45573, -17125.00, -17154.05, 7273
45578, -17124.00, -17152.26, 7123
45583, -17122.00, -17150.58, 6971
45588, -17120.00, -17148.87, 6809
45593, -17119.00, -17147.12, 6647
45598, -17117.00, -17145.42, 6490
45602, -17116.00, -17143.80, 6324
45607, -17113.00, -17142.13, 6146
45612, -17112.00, -17140.34, 5960
45617, -17110.00, -17138.53, 5775
45622, -17109.00, -17136.82, 5592
45626, -17106.00, -17135.16, 5393
45631, -17105.00, -17133.34, 5177
45636, -17102.00, -17131.46, 4948
45642, -17101.00, -17129.49, 4724
45647, -17099.00, -17127.66, 4484
45652, -17097.00, -17125.78, 4245
45657, -17096.00, -17123.95, 3988
45663, -17094.00, -17122.00, 3731
45668, -17092.00, -17120.07, 3494
45673, -17091.00, -17118.34, 3254
45679, -17089.00, -17116.52, 3029
45684, -17088.00, -17114.83, 2801
45689, -17085.00, -17113.12, 2599
45693, -17083.00, -17111.48, 2404
45697, -17082.00, -17109.94, 2211
45702, -17080.00, -17108.36, 2014
45707, -17078.00, -17106.70, 1800
45712, -17076.00, -17104.80, 1586
45717, -17074.00, -17102.97, 1385
45722, -17074.00, -17101.22, 1175
45727, -17070.00, -17099.42, 946
45733, -17069.00, -17097.28, 758
45738, -17067.00, -17095.59, 547
45743, -17066.00, -17093.64, 355
45748, -17065.00, -17091.93, 182
45753, -17062.00, -17090.36, 10
45757, -17062.00, -17088.77, -155
45762, -17060.00, -17087.24, -327
45766, -17057.00, -17085.61, -488
45771, -17057.00, -17084.08, -646
45775, -17055.00, -17082.57, -802
45779, -17054.00, -17081.08, -961
45784, -17051.00, -17079.52, -1122
45788, -17049.00, -17077.87, -1280
45793, -17049.00, -17076.31, -1457
45798, -17047.00, -17074.57, -1622
45803, -17045.00, -17072.83, -1808
45808, -17043.00, -17071.01, -1982
45813, -17041.00, -17069.22, -2149
45818, -17040.00, -17067.59, -2305
45823, -17038.00, -17065.89, -2495
45828, -17035.00, -17063.99, -2671
45833, -17035.00, -17062.14, -2829
45838, -17033.00, -17060.61, -3001
45843, -17032.00, -17058.78, -3172
45848, -17028.00, -17057.11, -3346
45853, -17028.00, -17055.34, -3516
45858, -17024.00, -17053.51, -3681
45863, -17026.00, -17051.87, -3852
45868, -17023.00, -17050.21, -4010
45872, -17020.00, -17048.61, -4168
45877, -17020.00, -17047.00, -4324
45881, -17020.00, -17045.51, -4486
45886, -17017.00, -17043.97, -4643
45890, -17014.00, -17042.42, -4815
45896, -17013.00, -17040.53, -4993
45900, -17010.00, -17038.95, -5169
45905, -17010.00, -17037.14, -5361
45911, -17008.00, -17035.37, -5554
45916, -17005.00, -17033.52, -5728
45920, -17003.00, -17031.84, -5935
45926, -17002.00, -17029.91, -6123
45931, -16999.00, -17028.12, -6316
45936, -16998.00, -17026.35, -6494
45940, -16997.00, -17024.75, -6680
45945, -16995.00, -17023.03, -6883
45950, -16994.00, -17021.36, -7073
45955, -16992.00, -17019.70, -7269
45959, -16991.00, -17018.11, -7464
45964, -16989.00, -17016.49, -7658
45969, -16986.00, -17014.93, -7849
45973, -16984.00, -17013.32, -8043
45977, -16983.00, -17011.72, -8257
45982, -16981.00, -17009.98, -8467
45987, -16978.00, -17008.31, -8674
45991, -16978.00, -17006.67, -8897
45996, -16976.00, -17004.96, -9112
46000, -16974.00, -17003.35, -9329
46005, -16973.00, -17001.75, -9555
46009, -16970.00, -17000.11, -9795
46014, -16968.00, -16998.34, -10042
46018, -16966.00, -16996.54, -10298
46023, -16966.00, -16994.79, -10556
46028, -16964.00, -16993.15, -10814
46032, -16963.00, -16991.53, -11077
46036, -16960.00, -16989.90, -11371
46041, -16958.00, -16988.05, -11670
46046, -16958.00, -16986.29, -11956
46051, -16955.00, -16984.61, -12252
46056, -16953.00, -16982.85, -12554
46060, -16952.00, -16981.03, -12890
46066, -16950.00, -16979.03, -13153
46070, -16948.00, -16977.38, -13460
46076, -16946.00, -16975.43, -13757
46082, -16943.00, -16973.24, -14026
46086, -16943.00, -16971.53, -14295
46091, -16941.00, -16969.69, -14576
46097, -16938.00, -16967.68, -14807
46102, -16935.00, -16965.86, -15016
46106, -16934.00, -16964.16, -15256
46111, -16935.00, -16962.23, -15458
46116, -16931.00, -16960.63, -15653
46120, -16929.00, -16958.93, -15839
46125, -16927.00, -16957.17, -16044
46130, -16924.00, -16955.26, -16227
46135, -16923.00, -16953.43, -16405
46139, -16921.00, -16951.61, -16588
46145, -16919.00, -16949.65, -16767
46149, -16917.00, -16947.77, -16930
46154, -16918.00, -16946.00, -17089
46159, -16914.00, -16944.32, -17258
46164, -16913.00, -16942.36, -17415
46169, -16911.00, -16940.61, -17579
46174, -16909.00, -16938.65, -17744
46179, -16907.00, -16936.66, -17886
46184, -16905.00, -16934.92, -18040
46189, -16902.00, -16932.92, -18173
46194, -16901.00, -16931.21, -18316
46199, -16899.00, -16929.29, -18442
46203, -16898.00, -16927.60, -18586
46208, -16895.00, -16925.61, -18732
46214, -16894.00, -16923.54, -18862
46219, -16892.00, -16921.79, -18994
46224, -16890.00, -16919.86, -19133
46229, -16889.00, -16917.82, -19259
46234, -16885.00, -16916.01, -19381
46239, -16885.00, -16914.25, -19505
46244, -16882.00, -16912.28, -19626
46249, -16879.00, -16910.49, -19740
46253, -16878.00, -16908.65, -19864
46259, -16876.00, -16906.66, -19974
46263, -16875.00, -16904.94, -20089
46268, -16871.00, -16903.01, -20206
46273, -16871.00, -16901.12, -20322
46278, -16869.00, -16899.21, -20433
46283, -16866.00, -16897.34, -20536
46287, -16865.00, -16895.61, -20647
46292, -16863.00, -16893.66, -20754
46297, -16861.00, -16891.75, -20860
46302, -16859.00, -16889.97, -20962
46306, -16857.00, -16888.20, -21078
46312, -16855.00, -16886.12, -21182
46316, -16854.00, -16884.37, -21300
46322, -16851.00, -16882.28, -21412
46327, -16848.00, -16880.31, -21532
