3764, -17345.00, -16641.41
3769, -17347.00, -16681.43
3773, -17346.00, -16717.37
3778, -17347.00, -16752.61
3782, -17346.00, -16783.20
3786, -17347.00, -16812.34
3790, -17347.00, -16841.75
3795, -17348.00, -16869.47
3799, -17346.00, -16894.31
3804, -17346.00, -16918.56
3808, -17347.00, -16940.98
3812, -17348.00, -16962.58
3816, -17347.00, -16982.38
3821, -17346.00, -17002.40
3825, -17345.00, -17020.20
3830, -17346.00, -17037.78
3834, -17345.00, -17054.34
3838, -17346.00, -17069.80
3843, -17347.00, -17084.84
3847, -17347.00, -17098.43
3851, -17346.00, -17111.91
3856, -17349.00, -17125.00
3860, -17345.00, -17136.68
3865, -17348.00, -17148.29
3869, -17350.00, -17158.83
3873, -17347.00, -17169.02
3878, -17348.00, -17178.96
3882, -17345.00, -17187.58
3887, -17347.00, -17196.13
3891, -17346.00, -17203.93
3895, -17346.00, -17211.35
3899, -17347.00, -17218.28
3904, -17349.00, -17225.07
3908, -17345.00, -17231.39
3912, -17346.00, -17237.31
3916, -17347.00, -17242.93
3921, -17347.00, -17248.35
3925, -17345.00, -17253.39
3929, -17346.00, -17258.12
3933, -17346.00, -17262.70
3937, -17349.00, -17267.03
3942, -17348.00, -17271.21
3946, -17346.00, -17275.15
3950, -17350.00, -17278.93
3954, -17347.00, -17282.50
3959, -17347.00, -17285.85
3963, -17346.00, -17289.05
3967, -17347.00, -17292.04
3971, -17346.00, -17294.83
3975, -17347.00, -17297.49
3980, -17347.00, -17300.04
3984, -17349.00, -17302.49
3988, -17345.00, -17304.80
3992, -17347.00, -17306.91
3996, -17347.00, -17308.97
4001, -17348.00, -17310.97
4005, -17347.00, -17312.86
4009, -17352.00, -17314.74
4013, -17354.00, -17316.74
4018, -17348.00, -17318.52
4022, -17345.00, -17319.97
4026, -17338.00, -17321.07
4030, -17333.00, -17321.82
4035, -17331.00, -17322.35
4039, -17325.00, -17322.64
4043, -17318.00, -17322.58
4047, -17316.00, -17322.28
4052, -17309.00, -17321.76
4056, -17303.00, -17320.95
4060, -17302.00, -17319.99
4065, -17296.00, -17318.88
4069, -17290.00, -17317.55
4073, -17288.00, -17316.06
4077, -17279.00, -17314.38
4082, -17275.00, -17312.43
4086, -17271.00, -17310.39
4090, -17265.00, -17308.22
4094, -17262.00, -17305.88
4099, -17257.00, -17303.43
4103, -17249.00, -17300.81
4107, -17247.00, -17298.10
4111, -17240.00, -17295.27
4115, -17235.00, -17292.27
4120, -17231.00, -17289.20
4124, -17225.00, -17286.06
4128, -17222.00, -17282.80
4132, -17217.00, -17279.52
4137, -17209.00, -17276.11
4141, -17206.00, -17272.57
4145, -17200.00, -17268.88
4149, -17196.00, -17265.22
4154, -17192.00, -17261.52
4158, -17185.00, -17257.73
4162, -17179.00, -17253.71
4167, -17177.00, -17249.60
4171, -17169.00, -17245.66
4175, -17165.00, -17241.53
4179, -17162.00, -17237.44
4184, -17154.00, -17233.35
4188, -17153.00, -17229.20
4192, -17147.00, -17225.00
4196, -17140.00, -17220.73
4201, -17138.00, -17216.44
4205, -17130.00, -17212.15
4209, -17126.00, -17207.75
4214, -17123.00, -17203.25
4218, -17114.00, -17198.89
4222, -17112.00, -17194.42
4226, -17106.00, -17189.99
4231, -17099.00, -17185.38
4235, -17095.00, -17180.78
4239, -17092.00, -17176.28
4243, -17086.00, -17171.80
4248, -17083.00, -17167.21
4252, -17076.00, -17162.64
4256, -17071.00, -17158.04
4260, -17066.00, -17153.44
4265, -17059.00, -17148.69
4269, -17058.00, -17144.05
4273, -17052.00, -17139.39
4277, -17045.00, -17134.70
4281, -17043.00, -17130.05
4286, -17037.00, -17125.37
4290, -17031.00, -17120.63
4294, -17029.00, -17115.93
4298, -17020.00, -17111.21
4303, -17017.00, -17106.39
4307, -17012.00, -17101.64
4311, -17006.00, -17096.84
4315, -17002.00, -17091.84
4320, -16999.00, -17087.09
4324, -16992.00, -17082.35
4328, -16988.00, -17077.56
4332, -16982.00, -17072.72
4337, -16977.00, -17067.86
4341, -16972.00, -17062.99
4345, -16967.00, -17058.16
4350, -16963.00, -17053.00
4354, -16958.00, -17048.11
4359, -16949.00, -17042.80
4363, -16945.00, -17037.67
4367, -16940.00, -17032.46
4372, -16935.00, -17027.26
4376, -16931.00, -17022.04
4381, -16925.00, -17016.94
4385, -16920.00, -17012.02
4390, -16913.00, -17006.62
4394, -16910.00, -17001.66
4399, -16904.00, -16996.45
4403, -16900.00, -16991.61
4407, -16896.00, -16986.75
4412, -16888.00, -16981.38
4416, -16885.00, -16976.44
4420, -16880.00, -16971.30
4425, -16871.00, -16965.96
4429, -16869.00, -16960.73
4434, -16864.00, -16955.37
4439, -16856.00, -16949.95
4443, -16851.00, -16944.37
4448, -16849.00, -16939.44
4452, -16843.00, -16934.17
4457, -16836.00, -16928.75
4462, -16833.00, -16923.46
4466, -16825.00, -16918.11
4471, -16821.00, -16912.66
4476, -16816.00, -16907.25
4480, -16809.00, -16901.80
4485, -16802.00, -16896.16
4490, -16799.00, -16890.82
4494, -16794.00, -16885.52
4499, -16788.00, -16880.58
4503, -16786.00, -16875.72
4507, -16781.00, -16870.95
4511, -16772.00, -16865.90
4516, -16772.00, -16860.92
4520, -16764.00, -16855.62
4525, -16758.00, -16850.29
4530, -16755.00, -16844.95
4534, -16750.00, -16839.79
4539, -16742.00, -16834.37
4543, -16737.00, -16829.36
4548, -16734.00, -16824.46
4552, -16727.00, -16819.17
4557, -16722.00, -16813.65
4561, -16718.00, -16808.78
4566, -16711.00, -16803.55
4571, -16707.00, -16797.97
4575, -16703.00, -16792.90
4580, -16696.00, -16787.45
4585, -16691.00, -16782.00
4589, -16686.00, -16776.50
4594, -16680.00, -16771.15
4599, -16673.00, -16765.77
4603, -16671.00, -16760.75
4608, -16665.00, -16755.84
4612, -16656.00, -16750.48
4617, -16655.00, -16745.11
4621, -16649.00, -16739.92
4626, -16640.00, -16734.81
4630, -16641.00, -16729.65
4635, -16635.00, -16724.07
4640, -16627.00, -16718.94
4645, -16623.00, -16713.40
4649, -16617.00, -16708.08
4654, -16611.00, -16702.73
4658, -16607.00, -16697.72
4663, -16602.00, -16692.61
4667, -16595.00, -16687.19
4672, -16591.00, -16682.15
4677, -16586.00, -16676.63
4681, -16579.00, -16671.69
4686, -16573.00, -16665.92
4691, -16567.00, -16660.14
4696, -16562.00, -16654.50
4700, -16558.00, -16648.96
4705, -16552.00, -16643.75
4710, -16547.00, -16638.24
4714, -16542.00, -16633.32
4718, -16535.00, -16628.40
4723, -16530.00, -16623.40
4727, -16524.00, -16618.37
4731, -16519.00, -16613.27
4735, -16518.00, -16608.29
4740, -16509.00, -16603.33
4744, -16506.00, -16598.34
4748, -16503.00, -16593.36
4753, -16493.00, -16588.44
4757, -16490.00, -16583.25
4762, -16485.00, -16576.74
4767, -16479.00, -16571.87
4771, -16475.00, -16566.91
4775, -16470.00, -16562.02
4780, -16461.00, -16556.75
4784, -16459.00, -16551.75
4788, -16453.00, -16546.84
4792, -16447.00, -16541.80
4797, -16445.00, -16536.87
4801, -16438.00, -16531.47
4806, -16431.00, -16525.76
4811, -16426.00, -16520.08
4815, -16420.00, -16515.04
4820, -16414.00, -16509.22
4825, -16410.00, -16503.47
4829, -16404.00, -16497.94
4834, -16398.00, -16492.87
4838, -16393.00, -16487.84
4842, -16390.00, -16482.77
4846, -16383.00, -16477.75
4851, -16380.00, -16472.79
4856, -16374.00, -16467.09
4861, -16367.00, -16461.27
4865, -16362.00, -16456.17
4870, -16358.00, -16450.64
4874, -16350.00, -16444.86
4879, -16345.00, -16439.50
4883, -16342.00, -16434.51
4887, -16334.00, -16429.51
4892, -16330.00, -16423.69
4897, -16325.00, -16418.64
4901, -16319.00, -16413.21
4906, -16312.00, -16407.42
4911, -16308.00, -16401.87
4916, -16305.00, -16396.29
4920, -16295.00, -16390.67
4925, -16291.00, -16384.92
4930, -16288.00, -16379.83
4934, -16280.00, -16374.88
4938, -16277.00, -16369.55
4943, -16272.00, -16364.58
4947, -16264.00, -16359.52
4952, -16261.00, -16353.91
4956, -16257.00, -16348.46
4961, -16248.00, -16342.76
4966, -16243.00, -16337.25
4970, -16240.00, -16331.75
4975, -16235.00, -16326.71
4980, -16227.00, -16321.17
4984, -16226.00, -16316.19
4989, -16219.00, -16310.59
4993, -16211.00, -16305.66
4997, -16208.00, -16300.45
5003, -16201.00, -16294.48
5007, -16194.00, -16288.79
5012, -16190.00, -16282.90
5017, -16187.00, -16277.45
5022, -16180.00, -16271.74
5028, -16173.00, -16264.80
5032, -16167.00, -16259.72
5038, -16163.00, -16253.85
5042, -16156.00, -16248.40
5047, -16147.00, -16243.28
5051, -16146.00, -16237.61
5056, -16140.00, -16232.10
5060, -16133.00, -16227.07
5065, -16130.00, -16221.95
5069, -16124.00, -16216.88
5074, -16118.00, -16211.82
5079, -16114.00, -16205.97
5084, -16109.00, -16199.33
5089, -16102.00, -16194.35
5093, -16097.00, -16189.35
5097, -16093.00, -16184.37
5102, -16086.00, -16179.24
5106, -16082.00, -16174.09
5111, -16078.00, -16168.74
5116, -16069.00, -16163.05
5120, -16064.00, -16157.96
5125, -16062.00, -16152.22
5129, -16055.00, -16147.33
5134, -16048.00, -16142.25
5138, -16046.00, -16137.26
5142, -16041.00, -16132.08
5147, -16034.00, -16127.06
5151, -16034.00, -16122.02
5155, -16025.00, -16117.15
5160, -16020.00, -16112.18
5164, -16016.00, -16107.14
5168, -16011.00, -16102.19
5173, -16005.00, -16097.12
5177, -16000.00, -16092.18
5182, -15994.00, -16087.02
5186, -15990.00, -16082.00
5191, -15985.00, -16076.41
5195, -15979.00, -16071.27
5199, -15975.00, -16066.44
5204, -15969.00, -16061.41
5208, -15963.00, -16056.55
5212, -15959.00, -16051.48
5216, -15954.00, -16046.52
5221, -15948.00, -16041.44
5225, -15944.00, -16036.04
5230, -15940.00, -16030.92
5235, -15933.00, -16025.45
5239, -15929.00, -16020.46
5244, -15923.00, -16014.31
5249, -15917.00, -16008.84
5254, -15912.00, -16003.50
5259, -15906.00, -15996.91
5264, -15899.00, -15991.14
5269, -15894.00, -15985.39
5274, -15887.00, -15979.84
5279, -15882.00, -15974.40
5284, -15877.00, -15968.48
5289, -15870.00, -15962.64
5294, -15865.00, -15957.10
5299, -15862.00, -15951.78
5303, -15856.00, -15946.34
5308, -15846.00, -15941.05
5312, -15845.00, -15935.80
5317, -15837.00, -15929.96
5322, -15833.00, -15924.60
5326, -15828.00, -15919.68
5332, -15824.00, -15913.74
5337, -15815.00, -15907.49
5341, -15809.00, -15902.35
5346, -15807.00, -15897.40
5351, -15799.00, -15891.69
5356, -15794.00, -15885.77
5361, -15788.00, -15880.09
5365, -15785.00, -15874.66
5371, -15778.00, -15868.79
5375, -15770.00, -15863.84
5379, -15770.00, -15858.91
5383, -15762.00, -15854.00
5388, -15756.00, -15848.72
5392, -15754.00, -15843.84
5397, -15746.00, -15838.91
5401, -15738.00, -15833.50
5405, -15739.00, -15828.52
5410, -15731.00, -15823.08
5415, -15725.00, -15818.02
5419, -15721.00, -15812.52
5424, -15715.00, -15807.21
5429, -15708.00, -15801.83
5433, -15704.00, -15796.80
5437, -15699.00, -15791.50
5442, -15692.00, -15786.55
5446, -15690.00, -15781.56
5451, -15683.00, -15776.08
5455, -15677.00, -15770.98
5461, -15671.00, -15764.35
5465, -15667.00, -15758.63
5471, -15659.00, -15752.52
5476, -15653.00, -15746.20
5481, -15645.00, -15740.79
5485, -15644.00, -15735.67
5490, -15636.00, -15730.33
5494, -15631.00, -15724.74
5499, -15625.00, -15719.30
5504, -15618.00, -15713.15
5509, -15613.00, -15707.02
5514, -15606.00, -15701.68
5518, -15603.00, -15696.58
5523, -15595.00, -15690.79
5528, -15592.00, -15684.91
5532, -15587.00, -15679.85
5537, -15581.00, -15674.17
5541, -15575.00, -15669.00
5546, -15570.00, -15663.81
5550, -15564.00, -15658.64
5554, -15560.00, -15653.56
5560, -15554.00, -15646.77
5565, -15550.00, -15641.80
5569, -15540.00, -15636.37
5574, -15538.00, -15630.44
5578, -15534.00, -15625.46
5583, -15527.00, -15619.77
5589, -15519.00, -15613.21
5594, -15512.00, -15606.83
5599, -15509.00, -15601.22
5604, -15502.00, -15595.16
5609, -15493.00, -15589.06
5614, -15492.00, -15583.98
5618, -15485.00, -15578.54
5623, -15480.00, -15573.08
5628, -15475.00, -15567.35
5633, -15471.00, -15561.83
5638, -15466.00, -15555.97
5644, -15457.00, -15549.52
5649, -15450.00, -15543.62
5654, -15445.00, -15537.70
5658, -15442.00, -15532.45
5663, -15433.00, -15526.94
5668, -15428.00, -15521.58
5672, -15424.00, -15516.11
5677, -15418.00, -15511.11
5681, -15414.00, -15506.11
5687, -15408.00, -15499.40
5692, -15402.00, -15493.66
5697, -15392.00, -15487.82
5701, -15392.00, -15482.66
5706, -15385.00, -15476.80
5711, -15378.00, -15471.24
5715, -15371.00, -15466.08
5720, -15367.00, -15460.05
5726, -15361.00, -15453.33
5730, -15355.00, -15448.29
5735, -15350.00, -15442.65
5740, -15346.00, -15437.18
5745, -15342.00, -15431.90
5750, -15333.00, -15425.60
5756, -15328.00, -15419.20
5761, -15323.00, -15413.51
5765, -15315.00, -15408.50
5769, -15311.00, -15403.50
5774, -15305.00, -15397.57
5780, -15298.00, -15390.62
5785, -15295.00, -15385.07
5790, -15286.00, -15379.06
5795, -15281.00, -15374.05
5800, -15277.00, -15368.31
5804, -15272.00, -15363.26
5809, -15264.00, -15357.46
5814, -15260.00, -15352.13
5818, -15255.00, -15346.78
5822, -15252.00, -15342.00
5827, -15245.00, -15336.59
5832, -15241.00, -15330.64
5838, -15232.00, -15324.20
5843, -15225.00, -15318.02
5848, -15221.00, -15312.29
5853, -15216.00, -15307.35
5857, -15212.00, -15301.78
5862, -15205.00, -15296.74
5866, -15200.00, -15291.63
5871, -15194.00, -15286.54
5876, -15189.00, -15280.87
5880, -15185.00, -15275.53
5885, -15178.00, -15270.38
5890, -15173.00, -15264.56
5894, -15168.00, -15259.55
5899, -15162.00, -15254.40
5903, -15157.00, -15249.41
5908, -15153.00, -15243.84
5913, -15147.00, -15238.33
5917, -15141.00, -15233.32
5921, -15138.00, -15228.37
5926, -15135.00, -15222.86
5931, -15124.00, -15217.24
5935, -15123.00, -15212.31
5940, -15116.00, -15206.61
5945, -15109.00, -15201.65
5949, -15106.00, -15196.53
5954, -15102.00, -15191.18
5959, -15097.00, -15185.34
5964, -15088.00, -15180.20
5969, -15082.00, -15173.78
5974, -15078.00, -15167.85
5979, -15071.00, -15162.82
5984, -15064.00, -15156.37
5989, -15060.00, -15150.52
5994, -15057.00, -15145.38
5999, -15050.00, -15139.82
6005, -15044.00, -15133.41
6009, -15038.00, -15128.04
6014, -15035.00, -15122.62
6020, -15028.00, -15116.72
6025, -15021.00, -15111.18
6029, -15017.00, -15105.97
6034, -15012.00, -15100.99
6038, -15005.00, -15095.65
6043, -14999.00, -15090.09
6049, -14994.00, -15084.09
6054, -14989.00, -15077.99
6059, -14984.00, -15072.57
6064, -14976.00, -15066.77
6069, -14972.00, -15060.85
6074, -14966.00, -15055.44
6078, -14962.00, -15050.59
6084, -14953.00, -15044.14
6089, -14951.00, -15038.36
6094, -14944.00, -15033.41
6099, -14939.00, -15027.53
6104, -14932.00, -15021.82
6110, -14926.00, -15015.21
6115, -14921.00, -15009.05
6120, -14915.00, -15003.73
6126, -14908.00, -14997.62
6131, -14901.00, -14991.40
6136, -14895.00, -14985.83
6140, -14892.00, -14980.93
6145, -14886.00, -14975.56
6150, -14879.00, -14970.19
6154, -14877.00, -14965.33
6159, -14869.00, -14959.86
6164, -14862.00, -14953.89
6169, -14859.00, -14948.42
6174, -14853.00, -14942.65
6179, -14847.00, -14937.28
6184, -14841.00, -14931.65
6189, -14837.00, -14925.73
6194, -14832.00, -14920.63
6199, -14825.00, -14914.60
6205, -14816.00, -14907.90
6210, -14813.00, -14902.47
6215, -14808.00, -14896.95
6220, -14799.00, -14891.10
6225, -14795.00, -14885.38
6230, -14790.00, -14879.88
6234, -14786.00, -14874.76
6239, -14779.00, -14869.54
6244, -14776.00, -14864.23
6249, -14770.00, -14858.74
6253, -14764.00, -14853.28
6258, -14757.00, -14848.36
6262, -14755.00, -14843.43
6268, -14749.00, -14837.08
6273, -14741.00, -14831.15
6278, -14735.00, -14826.08
6282, -14734.00, -14820.78
6288, -14725.00, -14814.46
6293, -14720.00, -14808.86
6298, -14713.00, -14803.57
6302, -14710.00, -14798.34
6307, -14704.00, -14792.76
6312, -14696.00, -14787.54
6317, -14694.00, -14782.06
6322, -14687.00, -14776.86
6326, -14681.00, -14771.44
6332, -14674.00, -14765.12
6337, -14667.00, -14758.73
6343, -14663.00, -14752.81
6348, -14658.00, -14746.30
6354, -14651.00, -14740.65
6359, -14643.00, -14734.23
6364, -14637.00, -14728.77
6369, -14636.00, -14723.31
6374, -14627.00, -14717.65
6378, -14622.00, -14712.48
6383, -14618.00, -14707.02
6389, -14612.00, -14700.94
6393, -14606.00, -14695.64
6398, -14598.00, -14689.88
6404, -14594.00, -14683.70
6408, -14589.00, -14678.54
6413, -14584.00, -14673.32
6418, -14576.00, -14667.37
6423, -14574.00, -14661.96
6428, -14568.00, -14657.05
6432, -14560.00, -14651.58
6438, -14555.00, -14645.17
6443, -14552.00, -14639.95
6448, -14544.00, -14633.79
6454, -14537.00, -14627.55
6458, -14530.00, -14622.21
6463, -14528.00, -14616.88
6468, -14522.00, -14611.33
6473, -14515.00, -14605.91
6477, -14512.00, -14601.06
6482, -14506.00, -14595.64
6486, -14500.00, -14590.53
6492, -14492.00, -14584.13
6497, -14487.00, -14578.24
6502, -14483.00, -14572.74
6508, -14475.00, -14566.06
6512, -14469.00, -14560.73
6518, -14464.00, -14554.67
6523, -14461.00, -14548.54
6528, -14451.00, -14543.58
6533, -14445.00, -14536.97
6538, -14438.00, -14530.91
6543, -14435.00, -14525.69
6548, -14430.00, -14520.07
6553, -14423.00, -14514.54
6558, -14417.00, -14508.43
6563, -14414.00, -14502.67
6568, -14406.00, -14496.72
6574, -14399.00, -14490.82
6578, -14393.00, -14485.35
6583, -14388.00, -14480.11
6588, -14384.00, -14474.35
6592, -14378.00, -14469.13
6597, -14373.00, -14463.62
6602, -14369.00, -14458.17
6607, -14361.00, -14452.51
6612, -14354.00, -14446.72
6616, -14352.00, -14441.79
6621, -14346.00, -14436.21
6626, -14338.00, -14430.68
6631, -14333.00, -14425.25
6636, -14330.00, -14419.46
6640, -14322.00, -14414.57
6644, -14317.00, -14409.58
6649, -14316.00, -14404.72
6653, -14306.00, -14399.72
6657, -14305.00, -14394.75
6662, -14300.00, -14389.91
6667, -14292.00, -14383.34
6673, -14287.00, -14377.52
6677, -14283.00, -14372.66
6682, -14278.00, -14366.93
6688, -14269.00, -14360.34
6692, -14264.00, -14355.12
6697, -14260.00, -14349.52
6702, -14253.00, -14343.92
6707, -14246.00, -14338.11
6712, -14241.00, -14332.70
6717, -14237.00, -14326.94
6722, -14231.00, -14320.88
6727, -14224.00, -14315.86
6732, -14219.00, -14310.32
6736, -14214.00, -14304.72
6741, -14208.00, -14299.34
6746, -14199.00, -14293.41
6751, -14197.00, -14287.31
6756, -14192.00, -14282.31
6761, -14185.00, -14276.85
6765, -14179.00, -14271.31
6770, -14176.00, -14265.77
6775, -14169.00, -14260.21
6780, -14160.00, -14254.56
6785, -14156.00, -14248.73
6789, -14155.00, -14243.62
6794, -14146.00, -14238.72
6798, -14141.00, -14233.29
6803, -14137.00, -14228.09
6808, -14131.00, -14222.63
6812, -14125.00, -14217.24
6817, -14122.00, -14211.50
6822, -14116.00, -14206.05
6827, -14107.00, -14200.82
6832, -14105.00, -14195.27
6836, -14101.00, -14190.40
6842, -14092.00, -14183.93
6846, -14083.00, -14178.16
6851, -14082.00, -14173.12
6856, -14077.00, -14167.37
6860, -14069.00, -14162.12
6866, -14063.00, -14155.84
6871, -14060.00, -14150.26
6875, -14053.00, -14144.92
6880, -14046.00, -14139.34
6886, -14043.00, -14132.99
6892, -14035.00, -14126.00
6898, -14029.00, -14119.11
6902, -14024.00, -14113.74
6907, -14017.00, -14108.77
6912, -14013.00, -14102.95
6916, -14009.00, -14097.99
6921, -13999.00, -14092.58
6926, -13997.00, -14087.44
6930, -13992.00, -14082.34
6935, -13985.00, -14076.90
6939, -13980.00, -14071.75
6944, -13977.00, -14066.08
6949, -13969.00, -14061.17
6953, -13963.00, -14056.23
6957, -13961.00, -14051.06
6962, -13954.00, -14046.14
6966, -13950.00, -14040.50
6971, -13946.00, -14035.16
6976, -13939.00, -14030.26
6980, -13931.00, -14024.83
6985, -13928.00, -14018.87
6990, -13924.00, -14013.38
6995, -13916.00, -14007.95
6999, -13911.00, -14003.01
7004, -13907.00, -13997.53
7008, -13899.00, -13992.53
7013, -13895.00, -13986.91
7018, -13891.00, -13981.36
7023, -13883.00, -13975.89
7027, -13878.00, -13970.59
7032, -13873.00, -13965.11
7037, -13869.00, -13959.13
7042, -13862.00, -13953.55
7048, -13853.00, -13947.05
7053, -13849.00, -13941.06
7058, -13844.00, -13935.34
7062, -13838.00, -13930.05
7067, -13830.00, -13924.22
7072, -13828.00, -13919.03
7077, -13822.00, -13913.56
7082, -13816.00, -13906.97
7087, -13808.00, -13901.25
7092, -13806.00, -13896.14
7097, -13798.00, -13889.75
7103, -13790.00, -13883.53
7108, -13784.00, -13877.70
7113, -13779.00, -13870.99
7119, -13774.00, -13864.69
7123, -13768.00, -13859.80
7128, -13762.00, -13854.54
7132, -13758.00, -13849.04
7137, -13752.00, -13843.57
7142, -13745.00, -13838.26
7147, -13740.00, -13832.12
7152, -13736.00, -13826.67
7157, -13730.00, -13820.69
7162, -13724.00, -13815.38
7166, -13719.00, -13809.96
7171, -13714.00, -13804.44
7176, -13709.00, -13799.50
7181, -13700.00, -13793.39
7186, -13696.00, -13787.47
7191, -13691.00, -13781.73
7196, -13684.00, -13776.03
7202, -13675.00, -13769.14
7207, -13671.00, -13762.99
7212, -13666.00, -13757.09
7217, -13660.00, -13751.88
7222, -13653.00, -13746.08
7226, -13648.00, -13740.65
7231, -13646.00, -13735.32
7236, -13638.00, -13730.13
7240, -13632.00, -13724.99
7244, -13628.00, -13719.87
7250, -13622.00, -13713.20
7256, -13614.00, -13707.03
7260, -13610.00, -13702.04
7265, -13606.00, -13695.99
7270, -13600.00, -13690.30
7275, -13593.00, -13684.89
7279, -13588.00, -13679.82
7284, -13584.00, -13674.19
7289, -13576.00, -13669.08
7293, -13573.00, -13664.14
7298, -13568.00, -13658.61
7304, -13559.00, -13651.47
7308, -13552.00, -13646.31
7314, -13549.00, -13640.17
7318, -13543.00, -13634.90
7324, -13537.00, -13628.35
7328, -13529.00, -13622.97
7333, -13527.00, -13617.71
7338, -13521.00, -13612.56
7342, -13514.00, -13607.46
7346, -13512.00, -13602.44
7351, -13507.00, -13597.12
7355, -13497.00, -13591.83
7360, -13495.00, -13586.77
7365, -13490.00, -13581.33
7370, -13481.00, -13575.41
7374, -13477.00, -13570.20
7379, -13472.00, -13564.82
7384, -13466.00, -13559.04
7388, -13459.00, -13553.87
7392, -13456.00, -13548.58
7397, -13450.00, -13543.27
7402, -13442.00, -13537.01
7407, -13438.00, -13530.92
7413, -13433.00, -13524.74
7418, -13426.00, -13518.21
7424, -13418.00, -13511.88
7429, -13409.00, -13506.02
7435, -13404.00, -13498.90
7439, -13400.00, -13493.78
7444, -13393.00, -13487.60
7449, -13385.00, -13481.63
7454, -13383.00, -13475.84
7458, -13378.00, -13470.67
7463, -13371.00, -13465.57
7467, -13367.00, -13460.28
7472, -13361.00, -13454.90
7476, -13355.00, -13449.48
7482, -13348.00, -13443.16
7486, -13344.00, -13437.53
7491, -13339.00, -13432.16
7496, -13332.00, -13426.19
7500, -13328.00, -13421.17
7505, -13322.00, -13415.22
7510, -13314.00, -13409.54
7515, -13307.00, -13403.76
7520, -13303.00, -13397.30
7525, -13298.00, -13392.17
7530, -13291.00, -13386.19
7536, -13283.00, -13378.61
7541, -13278.00, -13372.84
7546, -13274.00, -13367.16
7551, -13265.00, -13360.51
7556, -13256.00, -13354.31
7561, -13255.00, -13348.66
7566, -13249.00, -13342.80
7571, -13242.00, -13337.35
7575, -13238.00, -13332.17
7580, -13233.00, -13325.89
7586, -13227.00, -13319.01
7591, -13220.00, -13313.54
7596, -13211.00, -13307.36
7602, -13206.00, -13300.58
7607, -13200.00, -13294.26
7612, -13196.00, -13288.56
7617, -13186.00, -13282.75
7623, -13180.00, -13275.60
7627, -13176.00, -13270.05
7634, -13170.00, -13262.93
7638, -13163.00, -13257.15
7643, -13154.00, -13251.27
7648, -13151.00, -13245.95
7653, -13147.00, -13239.64
7658, -13139.00, -13234.30
7663, -13130.00, -13228.08
7667, -13130.00, -13222.74
7672, -13121.00, -13217.00
7676, -13115.00, -13211.66
7681, -13111.00, -13206.00
7686, -13106.00, -13200.23
7691, -13097.00, -13194.74
7696, -13092.00, -13188.10
7701, -13088.00, -13182.25
7707, -13079.00, -13175.30
7713, -13073.00, -13168.27
7717, -13066.00, -13162.45
7723, -13058.00, -13155.20
7729, -13053.00, -13148.31
7735, -13045.00, -13141.64
7740, -13040.00, -13135.40
7745, -13033.00, -13129.58
7750, -13025.00, -13123.34
7756, -13020.00, -13115.94
7760, -13015.00, -13110.32
7766, -13010.00, -13104.11
7771, -13000.00, -13097.41
7776, -12992.00, -13091.49
7781, -12991.00, -13085.43
7785, -12983.00, -13080.25
7790, -12977.00, -13074.66
7794, -12973.00, -13068.95
7799, -12969.00, -13063.38
7804, -12959.00, -13057.86
7809, -12955.00, -13051.87
7814, -12951.00, -13044.89
7819, -12945.00, -13038.96
7824, -12936.00, -13033.66
7829, -12932.00, -13027.90
7834, -12926.00, -13020.95
7840, -12920.00, -13014.73
7845, -12913.00, -13008.60
7850, -12906.00, -13002.57
7854, -12902.00, -12996.77
7860, -12896.00, -12990.24
7864, -12890.00, -12985.13
7869, -12883.00, -12979.16
7874, -12881.00, -12973.94
7879, -12874.00, -12967.71
7883, -12866.00, -12962.52
7888, -12864.00, -12957.36
7892, -12858.00, -12952.05
7897, -12851.00, -12946.32
7903, -12846.00, -12939.51
7907, -12841.00, -12934.43
7912, -12835.00, -12928.29
7917, -12828.00, -12922.93
7922, -12822.00, -12916.62
7927, -12818.00, -12911.38
7931, -12811.00, -12905.97
7936, -12806.00, -12900.56
7940, -12803.00, -12895.13
7945, -12795.00, -12889.03
7950, -12790.00, -12883.93
7955, -12785.00, -12877.62
7960, -12780.00, -12871.95
7966, -12771.00, -12865.37
7971, -12764.00, -12859.41
7976, -12761.00, -12853.66
7981, -12755.00, -12847.87
7986, -12749.00, -12841.96
7990, -12742.00, -12836.65
7995, -12740.00, -12831.45
8000, -12733.00, -12825.62
8004, -12726.00, -12820.54
8008, -12725.00, -12815.57
8013, -12716.00, -12809.58
8018, -12710.00, -12803.87
8023, -12705.00, -12798.36
8028, -12701.00, -12792.96
8032, -12693.00, -12787.20
8037, -12686.00, -12781.18
8042, -12684.00, -12776.04
8046, -12679.00, -12771.10
8050, -12672.00, -12766.10
8055, -12670.00, -12761.17
8059, -12663.00, -12756.14
8063, -12658.00, -12751.06
8068, -12655.00, -12746.03
8072, -12649.00, -12740.56
8077, -12643.00, -12735.28
8083, -12635.00, -12728.69
8087, -12631.00, -12723.23
8092, -12625.00, -12718.15
8097, -12618.00, -12711.58
8103, -12612.00, -12704.89
8107, -12607.00, -12699.72
8113, -12600.00, -12693.76
8118, -12592.00, -12687.77
8122, -12591.00, -12682.71
8127, -12586.00, -12677.17
8132, -12577.00, -12671.30
8137, -12573.00, -12665.45
8141, -12569.00, -12660.37
8146, -12563.00, -12654.78
8151, -12554.00, -12648.63
8156, -12550.00, -12642.90
8162, -12545.00, -12635.98
8167, -12539.00, -12630.65
8171, -12530.00, -12625.55
8175, -12531.00, -12620.44
8180, -12524.00, -12615.60
8184, -12517.00, -12610.58
8188, -12515.00, -12605.52
8193, -12508.00, -12600.55
8198, -12501.00, -12594.69
8202, -12499.00, -12589.44
8207, -12492.00, -12584.44
8211, -12485.00, -12579.44
8215, -12482.00, -12574.06
8220, -12477.00, -12569.10
8224, -12470.00, -12563.70
8229, -12466.00, -12557.78
8234, -12462.00, -12552.87
8238, -12456.00, -12547.92
8243, -12450.00, -12542.43
8248, -12444.00, -12535.80
8253, -12438.00, -12530.04
8258, -12431.00, -12524.68
8264, -12426.00, -12518.19
8269, -12422.00, -12512.56
8273, -12416.00, -12507.54
8279, -12407.00, -12500.92
8283, -12404.00, -12495.38
8288, -12398.00, -12489.94
8293, -12391.00, -12484.30
8298, -12386.00, -12478.84
8302, -12383.00, -12473.29
8307, -12377.00, -12468.33
8311, -12369.00, -12462.93
8316, -12366.00, -12457.76
8322, -12359.00, -12451.09
8326, -12353.00, -12445.56
8331, -12346.00, -12439.61
8336, -12344.00, -12434.38
8340, -12336.00, -12429.34
8345, -12330.00, -12423.84
8350, -12328.00, -12418.16
8355, -12322.00, -12412.07
8360, -12315.00, -12406.94
8364, -12310.00, -12401.92
8369, -12304.00, -12396.01
8374, -12300.00, -12390.92
8379, -12291.00, -12384.25
8385, -12286.00, -12378.17
8389, -12283.00, -12372.86
8394, -12275.00, -12366.96
8400, -12267.00, -12360.88
8405, -12262.00, -12354.96
8409, -12260.00, -12350.09
8415, -12253.00, -12343.05
8421, -12246.00, -12336.51
8425, -12241.00, -12331.64
8429, -12237.00, -12326.80
8434, -12231.00, -12321.75
8439, -12224.00, -12316.45
8444, -12220.00, -12310.61
8449, -12215.00, -12304.67
8455, -12209.00, -12298.26
8459, -12200.00, -12293.34
8464, -12197.00, -12286.85
8469, -12192.00, -12281.42
8474, -12186.00, -12275.88
8480, -12178.00, -12269.24
8485, -12172.00, -12264.02
8489, -12171.00, -12259.14
8494, -12164.00, -12253.65
8499, -12159.00, -12248.12
8503, -12155.00, -12243.25
8509, -12148.00, -12236.94
8514, -12143.00, -12230.99
8519, -12136.00, -12225.95
8523, -12132.00, -12221.01
8528, -12125.00, -12215.58
8533, -12117.00, -12209.57
8537, -12115.00, -12204.62
8543, -12110.00, -12198.74
8548, -12104.00, -12193.00
8552, -12096.00, -12187.80
8557, -12094.00, -12182.92
8562, -12090.00, -12177.20
8566, -12080.00, -12172.27
8571, -12076.00, -12166.37
8576, -12073.00, -12160.90
8581, -12066.00, -12155.25
8586, -12058.00, -12149.70
8591, -12055.00, -12144.67
8595, -12051.00, -12139.25
8600, -12043.00, -12133.66
8605, -12038.00, -12128.27
8610, -12034.00, -12122.84
8615, -12027.00, -12117.50
8620, -12020.00, -12110.98
8626, -12015.00, -12104.86
8630, -12012.00, -12100.02
8635, -12006.00, -12094.84
8639, -11999.00, -12089.91
8644, -11996.00, -12084.04
8649, -11990.00, -12078.86
8654, -11982.00, -12073.24
8659, -11976.00, -12067.67
8663, -11975.00, -12062.84
8668, -11968.00, -12057.00
8673, -11962.00, -12052.15
8678, -11956.00, -12045.91
8683, -11952.00, -12040.82
8688, -11947.00, -12035.25
8692, -11941.00, -12030.22
8697, -11936.00, -12024.58
8703, -11930.00, -12018.19
8708, -11924.00, -12012.59
8714, -11915.00, -12006.17
8719, -11911.00, -12000.41
8724, -11908.00, -11995.18
8729, -11900.00, -11989.34
8734, -11892.00, -11983.81
8738, -11891.00, -11978.58
8743, -11883.00, -11973.43
8748, -11877.00, -11967.88
8753, -11870.00, -11961.49
8758, -11868.00, -11956.53
8762, -11863.00, -11951.48
8767, -11856.00, -11946.48
8771, -11851.00, -11941.21
8776, -11847.00, -11936.08
8781, -11842.00, -11930.75
8785, -11838.00, -11925.76
8790, -11831.00, -11920.86
8794, -11825.00, -11915.66
8799, -11821.00, -11909.91
8804, -11817.00, -11905.00
8808, -11809.00, -11899.68
8813, -11804.00, -11894.22
8818, -11799.00, -11888.47
8824, -11793.00, -11882.07
8830, -11786.00, -11875.78
8834, -11780.00, -11870.49
8839, -11776.00, -11865.42
8844, -11771.00, -11860.02
8849, -11764.00, -11854.56
8854, -11757.00, -11848.63
8858, -11753.00, -11843.16
8863, -11749.00, -11837.57
8868, -11743.00, -11832.19
8873, -11738.00, -11827.19
8878, -11730.00, -11821.26
8883, -11726.00, -11815.65
8888, -11716.00, -11810.16
8893, -11714.00, -11804.26
8898, -11708.00, -11798.46
8902, -11702.00, -11793.53
8907, -11696.00, -11787.53
8912, -11692.00, -11782.16
8917, -11688.00, -11776.57
8921, -11681.00, -11771.72
8927, -11674.00, -11765.17
8932, -11668.00, -11759.42
8937, -11665.00, -11753.60
8942, -11657.00, -11748.16
8947, -11652.00, -11742.68
8951, -11648.00, -11737.76
8956, -11642.00, -11732.69
8961, -11636.00, -11726.29
8967, -11629.00, -11720.36
8971, -11626.00, -11715.27
8975, -11621.00, -11710.47
8979, -11616.00, -11705.74
8984, -11610.00, -11700.67
8988, -11606.00, -11695.77
8993, -11601.00, -11690.42
8998, -11595.00, -11684.42
9003, -11589.00, -11679.34
9008, -11581.00, -11673.77
9013, -11575.00, -11667.22
9018, -11572.00, -11661.52
9023, -11565.00, -11656.46
9028, -11559.00, -11650.51
9033, -11556.00, -11644.59
9038, -11551.00, -11639.25
9043, -11542.00, -11633.43
9048, -11536.00, -11627.95
9052, -11532.00, -11622.77
9058, -11527.00, -11616.86
9062, -11521.00, -11611.62
9067, -11515.00, -11605.64
9072, -11512.00, -11600.54
9077, -11505.00, -11594.96
9082, -11498.00, -11589.69
9086, -11496.00, -11584.86
9090, -11490.00, -11579.98
9095, -11482.00, -11574.80
9100, -11479.00, -11569.21
9104, -11476.00, -11564.20
9109, -11467.00, -11558.41
9114, -11461.00, -11552.91
9119, -11458.00, -11547.33
9123, -11452.00, -11542.20
9128, -11445.00, -11536.66
9133, -11442.00, -11531.15
9138, -11435.00, -11525.92
9142, -11427.00, -11520.82
9147, -11425.00, -11515.42
9152, -11419.00, -11509.64
9157, -11413.00, -11503.31
9163, -11407.00, -11497.27
9168, -11400.00, -11491.41
9172, -11395.00, -11486.16
9177, -11390.00, -11480.63
9183, -11382.00, -11473.77
9188, -11377.00, -11468.46
9193, -11372.00, -11462.84
9198, -11368.00, -11456.88
9203, -11359.00, -11451.24
9207, -11355.00, -11446.16
9212, -11351.00, -11441.28
9217, -11342.00, -11435.60
9221, -11338.00, -11430.38
9227, -11331.00, -11424.08
9231, -11328.00, -11418.35
9237, -11322.00, -11412.44
9241, -11314.00, -11407.11
9246, -11309.00, -11401.38
9251, -11304.00, -11395.32
9257, -11297.00, -11388.79
9263, -11289.00, -11382.29
9268, -11284.00, -11376.33
9273, -11279.00, -11370.60
9278, -11272.00, -11364.09
9284, -11267.00, -11357.85
9289, -11259.00, -11352.38
9293, -11256.00, -11346.72
9299, -11249.00, -11340.17
9304, -11243.00, -11334.97
9309, -11235.00, -11329.00
9313, -11231.00, -11323.71
9318, -11229.00, -11318.18
9323, -11221.00, -11313.05
9328, -11214.00, -11307.07
9333, -11211.00, -11301.43
9337, -11206.00, -11296.32
9342, -11199.00, -11290.42
9348, -11191.00, -11283.98
9353, -11189.00, -11278.45
9358, -11184.00, -11272.81
9363, -11176.00, -11267.22
9368, -11169.00, -11261.31
9373, -11166.00, -11255.90
9378, -11160.00, -11250.21
9382, -11152.00, -11244.87
9387, -11149.00, -11239.34
9393, -11142.00, -11232.87
9398, -11135.00, -11226.80
9403, -11128.00, -11221.01
9408, -11123.00, -11215.19
9413, -11120.00, -11209.36
9418, -11113.00, -11204.22
9422, -11106.00, -11198.82
9427, -11102.00, -11193.69
9431, -11099.00, -11188.81
9435, -11091.00, -11183.90
9440, -11089.00, -11178.97
9444, -11083.00, -11174.01
9449, -11073.00, -11167.62
9454, -11073.00, -11162.38
9459, -11066.00, -11156.58
9464, -11058.00, -11150.77
9470, -11054.00, -11144.42
9474, -11048.00, -11139.19
9479, -11045.00, -11134.35
9484, -11037.00, -11128.06
9489, -11030.00, -11122.78
9493, -11027.00, -11117.69
9498, -11021.00, -11111.95
9503, -11013.00, -11106.16
9508, -11007.00, -11100.57
9513, -11005.00, -11095.12
9518, -10998.00, -11089.08
9524, -10990.00, -11082.44
9528, -10987.00, -11077.54
9533, -10982.00, -11072.23
9537, -10975.00, -11067.28
9542, -10971.00, -11061.98
9546, -10968.00, -11057.07
9550, -10960.00, -11052.23
9555, -10956.00, -11046.97
9560, -10951.00, -11041.44
9564, -10946.00, -11035.84
9570, -10938.00, -11030.00
9574, -10935.00, -11025.06
9579, -10930.00, -11019.44
9584, -10921.00, -11013.50
9589, -10918.00, -11008.43
9593, -10912.00, -11003.54
9599, -10904.00, -10996.61
9603, -10899.00, -10991.39
9609, -10894.00, -10984.95
9614, -10887.00, -10978.85
9619, -10883.00, -10973.83
9623, -10875.00, -10968.82
9628, -10871.00, -10962.31
9633, -10865.00, -10957.06
9637, -10858.00, -10952.04
9642, -10856.00, -10946.47
9647, -10851.00, -10940.98
9651, -10845.00, -10935.92
9656, -10839.00, -10930.73
9660, -10835.00, -10925.61
9665, -10828.00, -10920.22
9670, -10823.00, -10914.87
9675, -10818.00, -10909.32
9679, -10814.00, -10903.83
9684, -10807.00, -10898.06
9689, -10800.00, -10892.41
9694, -10796.00, -10887.49
9698, -10791.00, -10882.26
9703, -10784.00, -10876.62
9709, -10778.00, -10870.14
9713, -10773.00, -10865.05
9718, -10767.00, -10859.62
9724, -10759.00, -10852.60
9729, -10757.00, -10846.78
9734, -10751.00, -10841.11
9739, -10743.00, -10835.47
9743, -10738.00, -10830.20
9748, -10734.00, -10824.92
9753, -10729.00, -10819.39
9758, -10723.00, -10813.77
9762, -10717.00, -10808.74
9767, -10713.00, -10803.26
9771, -10707.00, -10798.08
9776, -10698.00, -10792.09
9782, -10695.00, -10786.22
9786, -10691.00, -10780.66
9792, -10682.00, -10774.45
9798, -10673.00, -10767.64
9803, -10669.00, -10761.73
9808, -10665.00, -10755.48
9813, -10659.00, -10750.22
9819, -10652.00, -10743.08
9823, -10647.00, -10738.12
9828, -10640.00, -10732.47
9832, -10637.00, -10727.57
9837, -10629.00, -10722.55
9842, -10627.00, -10716.98
9846, -10622.00, -10711.93
9851, -10612.00, -10706.27
9855, -10610.00, -10701.12
9860, -10606.00, -10696.26
9865, -10598.00, -10690.64
9869, -10592.00, -10685.26
9874, -10589.00, -10679.81
9880, -10581.00, -10672.99
9885, -10574.00, -10666.47
9890, -10570.00, -10661.30
9895, -10565.00, -10655.96
9901, -10558.00, -10649.11
9905, -10550.00, -10643.87
9910, -10543.00, -10637.67
9915, -10540.00, -10631.68
9920, -10535.00, -10626.67
9926, -10526.00, -10619.85
9931, -10518.00, -10612.92
9936, -10513.00, -10607.30
9941, -10506.00, -10601.15
9946, -10501.00, -10595.11
9952, -10494.00, -10588.57
9956, -10490.00, -10583.44
9961, -10485.00, -10577.90
9966, -10477.00, -10572.14
9970, -10471.00, -10566.85
9975, -10469.00, -10561.22
9980, -10462.00, -10555.45
9984, -10454.00, -10550.11
9989, -10451.00, -10544.83
9993, -10446.00, -10539.81
9997, -10439.00, -10534.69
10002, -10435.00, -10529.03
10006, -10429.00, -10523.97
10011, -10421.00, -10518.72
10015, -10418.00, -10513.51
10019, -10413.00, -10508.30
10024, -10407.00, -10503.20
10028, -10403.00, -10498.10
10032, -10396.00, -10492.88
10037, -10391.00, -10487.28
10041, -10387.00, -10481.99
10045, -10380.00, -10476.89
10050, -10376.00, -10471.57
10055, -10371.00, -10465.96
10059, -10363.00, -10460.77
10063, -10359.00, -10455.44
10067, -10355.00, -10450.30
10072, -10347.00, -10444.98
10076, -10344.00, -10439.81
10080, -10340.00, -10434.79
10085, -10331.00, -10429.57
10089, -10332.00, -10424.34
10093, -10323.00, -10419.21
10098, -10317.00, -10413.94
10102, -10314.00, -10408.56
10106, -10307.00, -10403.39
10111, -10301.00, -10398.23
10115, -10298.00, -10393.08
10119, -10292.00, -10387.90
10124, -10286.00, -10382.69
10128, -10283.00, -10377.52
10133, -10275.00, -10371.34
10138, -10268.00, -10365.68
10142, -10266.00, -10360.09
10147, -10260.00, -10354.19
10152, -10253.00, -10348.59
10157, -10248.00, -10342.75
10161, -10243.00, -10337.29
10166, -10233.00, -10331.50
10171, -10230.00, -10325.41
10176, -10229.00, -10320.23
10180, -10221.00, -10315.22
10185, -10213.00, -10309.43
10189, -10211.00, -10304.27
10193, -10205.00, -10299.27
10198, -10199.00, -10294.22
10202, -10196.00, -10289.08
10206, -10188.00, -10283.72
10211, -10183.00, -10277.72
10217, -10177.00, -10271.33
10221, -10171.00, -10265.81
10226, -10166.00, -10260.77
10230, -10161.00, -10255.13
10235, -10156.00, -10249.42
10240, -10151.00, -10244.19
10245, -10144.00, -10238.08
10251, -10137.00, -10231.00
10255, -10132.00, -10225.72
10261, -10128.00, -10219.54
10266, -10119.00, -10213.48
10271, -10115.00, -10207.73
10277, -10110.00, -10201.03
10282, -10104.00, -10195.28
10286, -10096.00, -10190.22
10291, -10093.00, -10184.65
10295, -10088.00, -10179.21
10300, -10082.00, -10173.61
10305, -10075.00, -10168.51
10310, -10073.00, -10162.78
10315, -10065.00, -10157.09
10319, -10058.00, -10151.84
10324, -10054.00, -10145.76
10330, -10048.00, -10139.68
10335, -10043.00, -10134.01
10340, -10037.00, -10128.24
10345, -10032.00, -10122.59
10351, -10025.00, -10115.82
10356, -10021.00, -10110.20
10361, -10013.00, -10104.46
10365, -10008.00, -10098.93
10370, -10004.00, -10093.56
10376, -9997.00, -10086.76
10381, -9990.00, -10081.18
10385, -9985.00, -10076.21
10391, -9982.00, -10069.94
10396, -9976.00, -10064.12
10401, -9969.00, -10058.79
10406, -9963.00, -10053.48
10410, -9961.00, -10048.65
10415, -9954.00, -10043.38
10419, -9949.00, -10038.47
10424, -9943.00, -10032.89
10429, -9940.00, -10027.78
10433, -9933.00, -10022.83
10437, -9931.00, -10018.02
10442, -9924.00, -10012.47
10447, -9918.00, -10007.51
10452, -9912.00, -10002.11
10457, -9908.00, -9995.85
10462, -9903.00, -9990.89
10467, -9896.00, -9985.17
10472, -9888.00, -9979.00
10477, -9887.00, -9974.12
10482, -9882.00, -9968.00
10487, -9873.00, -9962.53
10492, -9868.00, -9957.35
10496, -9865.00, -9952.57
10501, -9858.00, -9946.98
10506, -9850.00, -9941.54
10511, -9847.00, -9936.34
10516, -9840.00, -9930.67
10520, -9835.00, -9925.46
10525, -9830.00, -9920.49
10530, -9823.00, -9913.91
10535, -9819.00, -9908.54
10540, -9812.00, -9902.50
10546, -9804.00, -9896.34
10551, -9801.00, -9890.65
10556, -9796.00, -9885.25
10561, -9788.00, -9879.51
10565, -9783.00, -9874.05
10571, -9779.00, -9868.12
10576, -9772.00, -9862.49
10581, -9766.00, -9856.62
10585, -9760.00, -9851.64
10591, -9756.00, -9845.47
10596, -9748.00, -9839.18
10601, -9742.00, -9833.97
10605, -9737.00, -9828.36
10610, -9733.00, -9823.08
10615, -9726.00, -9817.33
10620, -9719.00, -9811.89
10624, -9719.00, -9807.03
10628, -9712.00, -9802.24
10633, -9705.00, -9797.32
10637, -9703.00, -9792.26
10641, -9697.00, -9787.41
10646, -9691.00, -9781.82
10651, -9686.00, -9776.51
10656, -9683.00, -9771.13
10660, -9677.00, -9766.16
10665, -9671.00, -9760.76
10670, -9666.00, -9755.70
10674, -9659.00, -9750.84
10679, -9655.00, -9745.12
10684, -9653.00, -9739.82
10688, -9645.00, -9735.02
10692, -9640.00, -9729.86
10698, -9635.00, -9723.91
10702, -9629.00, -9719.08
10706, -9623.00, -9714.18
10711, -9622.00, -9709.29
10715, -9615.00, -9704.34
10719, -9610.00, -9699.48
10724, -9607.00, -9694.71
10728, -9600.00, -9689.86
10733, -9594.00, -9684.86
10737, -9592.00, -9680.00
10741, -9585.00, -9674.98
10746, -9579.00, -9670.07
10750, -9575.00, -9664.63
10755, -9569.00, -9659.35
10760, -9563.00, -9653.85
10765, -9561.00, -9648.73
10769, -9554.00, -9643.95
10774, -9546.00, -9638.44
10778, -9544.00, -9633.60
10782, -9538.00, -9628.68
10787, -9533.00, -9623.67
10791, -9530.00, -9618.59
10796, -9523.00, -9613.51
10800, -9517.00, -9608.12
10805, -9514.00, -9603.24
10809, -9508.00, -9598.08
10814, -9501.00, -9593.11
10818, -9497.00, -9588.04
10824, -9493.00, -9581.70
10829, -9485.00, -9575.98
10834, -9478.00, -9570.30
10838, -9476.00, -9565.35
10842, -9470.00, -9560.43
10847, -9465.00, -9554.82
10852, -9461.00, -9549.84
10857, -9454.00, -9544.23
10861, -9447.00, -9539.38
10865, -9444.00, -9534.07
10870, -9438.00, -9528.82
10875, -9432.00, -9523.55
10880, -9427.00, -9517.64
10884, -9423.00, -9512.50
10889, -9415.00, -9507.25
10894, -9409.00, -9501.09
10900, -9405.00, -9495.08
10904, -9400.00, -9489.77
10909, -9393.00, -9484.69
10913, -9388.00, -9479.74
10917, -9384.00, -9474.84
10922, -9378.00, -9469.36
10927, -9372.00, -9463.43
10932, -9370.00, -9458.15
10937, -9362.00, -9452.94
10941, -9355.00, -9447.98
10945, -9351.00, -9442.98
10950, -9347.00, -9437.59
10954, -9341.00, -9432.54
10960, -9333.00, -9426.30
10965, -9329.00, -9420.12
10969, -9322.00, -9415.00
10974, -9316.00, -9409.20
10979, -9312.00, -9403.35
10984, -9308.00, -9397.86
10990, -9299.00, -9391.50
10995, -9293.00, -9384.91
11001, -9286.00, -9378.93
11005, -9283.00, -9373.99
11010, -9277.00, -9368.64
11014, -9267.00, -9362.97
11019, -9266.00, -9357.22
11024, -9260.00, -9351.56
11029, -9254.00, -9345.85
11033, -9248.00, -9340.78
11039, -9244.00, -9334.81
11044, -9238.00, -9328.33
11049, -9229.00, -9323.19
11053, -9227.00, -9318.22
11058, -9221.00, -9312.39
11063, -9214.00, -9306.79
11067, -9208.00, -9301.76
11073, -9204.00, -9295.49
11078, -9199.00, -9289.05
11083, -9190.00, -9283.53
11089, -9182.00, -9276.74
11095, -9176.00, -9269.94
11100, -9172.00, -9263.73
11105, -9165.00, -9257.40
11111, -9160.00, -9250.72
11116, -9151.00, -9245.05
11121, -9144.00, -9238.64
11127, -9139.00, -9232.11
11133, -9133.00, -9225.01
11138, -9128.00, -9219.26
11143, -9120.00, -9213.80
11148, -9114.00, -9207.51
11153, -9111.00, -9201.55
11159, -9105.00, -9195.59
11163, -9097.00, -9189.98
11168, -9091.00, -9184.73
11173, -9088.00, -9179.22
11177, -9081.00, -9174.14
11181, -9074.00, -9168.90
11186, -9071.00, -9163.76
11191, -9066.00, -9157.95
11197, -9057.00, -9151.08
11201, -9054.00, -9145.99
11206, -9047.00, -9140.37
11211, -9042.00, -9134.39
11216, -9033.00, -9127.97
11221, -9027.00, -9122.46
11226, -9025.00, -9116.64
11230, -9019.00, -9111.54
11235, -9011.00, -9106.37
11240, -9008.00, -9100.40
11245, -9002.00, -9094.80
11250, -8994.00, -9088.96
11254, -8989.00, -9083.77
11258, -8986.00, -9078.70
11263, -8978.00, -9072.98
11268, -8973.00, -9067.71
11272, -8969.00, -9062.70
11276, -8962.00, -9057.55
11281, -8958.00, -9051.78
11285, -8954.00, -9046.79
11290, -8947.00, -9041.51
11294, -8940.00, -9035.84
11300, -8936.00, -9029.71
11305, -8931.00, -9023.50
11310, -8921.00, -9017.18
11316, -8913.00, -9009.85
11321, -8910.00, -9004.44
11326, -8906.00, -8998.69
11330, -8898.00, -8993.51
11334, -8895.00, -8988.35
11339, -8890.00, -8983.09
11344, -8881.00, -8977.52
11349, -8874.00, -8971.27
11354, -8871.00, -8965.04
11359, -8864.00, -8958.63
11364, -8859.00, -8952.77
11369, -8849.00, -8946.53
11374, -8847.00, -8940.55
11379, -8842.00, -8934.93
11384, -8834.00, -8929.78
11389, -8828.00, -8923.58
11394, -8825.00, -8917.74
11398, -8820.00, -8912.74
11402, -8813.00, -8907.69
11408, -8807.00, -8901.24
11413, -8803.00, -8895.48
11417, -8793.00, -8889.91
11422, -8787.00, -8883.87
11428, -8782.00, -8877.25
11433, -8778.00, -8871.17
11438, -8770.00, -8865.12
11443, -8762.00, -8858.65
11448, -8757.00, -8852.82
11453, -8755.00, -8846.67
11459, -8745.00, -8840.29
11464, -8738.00, -8834.42
11469, -8733.00, -8828.26
11475, -8726.00, -8821.35
11479, -8722.00, -8815.68
11484, -8714.00, -8810.19
11489, -8709.00, -8804.61
11493, -8706.00, -8799.30
11497, -8698.00, -8794.20
11502, -8693.00, -8788.64
11507, -8686.00, -8782.09
11512, -8683.00, -8776.70
11517, -8673.00, -8771.01
11522, -8667.00, -8763.75
11528, -8662.00, -8757.15
11533, -8657.00, -8751.33
11537, -8649.00, -8745.82
11542, -8644.00, -8740.58
11547, -8640.00, -8733.85
11552, -8633.00, -8728.12
11557, -8625.00, -8722.76
11561, -8622.00, -8717.13
11566, -8616.00, -8711.38
11571, -8608.00, -8705.80
11576, -8601.00, -8698.86
11581, -8597.00, -8693.09
11586, -8592.00, -8687.70
11590, -8585.00, -8681.85
11595, -8581.00, -8676.09
11600, -8576.00, -8670.84
11604, -8568.00, -8665.65
11608, -8564.00, -8660.14
11613, -8560.00, -8654.62
11617, -8551.00, -8649.33
11622, -8546.00, -8643.33
11628, -8540.00, -8636.27
11633, -8536.00, -8630.67
11637, -8527.00, -8625.38
11642, -8521.00, -8618.98
11647, -8519.00, -8612.88
11652, -8511.00, -8607.47
11658, -8503.00, -8600.09
11664, -8495.00, -8592.94
11668, -8490.00, -8587.21
11673, -8488.00, -8581.49
11678, -8479.00, -8575.72
11683, -8474.00, -8570.10
11687, -8469.00, -8564.96
11692, -8462.00, -8558.66
11697, -8455.00, -8552.42
11702, -8452.00, -8546.94
11706, -8447.00, -8541.33
11711, -8438.00, -8535.37
11716, -8434.00, -8530.05
11721, -8428.00, -8524.22
11726, -8422.00, -8518.08
11731, -8414.00, -8511.98
11735, -8412.00, -8506.69
11740, -8407.00, -8501.34
11746, -8398.00, -8494.11
11750, -8393.00, -8488.76
11755, -8389.00, -8483.07
11760, -8382.00, -8476.69
11765, -8376.00, -8470.64
11770, -8368.00, -8465.41
11775, -8363.00, -8458.95
11780, -8359.00, -8453.39
11784, -8351.00, -8447.74
11789, -8347.00, -8441.54
11795, -8339.00, -8435.15
11799, -8335.00, -8430.02
11804, -8326.00, -8423.45
11809, -8324.00, -8418.23
11814, -8319.00, -8412.16
11819, -8311.00, -8406.42
11824, -8304.00, -8400.45
11828, -8302.00, -8395.08
11833, -8295.00, -8389.93
11837, -8287.00, -8384.11
11843, -8283.00, -8377.62
11847, -8280.00, -8372.37
11852, -8272.00, -8367.01
11857, -8268.00, -8361.35
11861, -8262.00, -8355.77
11866, -8255.00, -8350.29
11870, -8251.00, -8345.15
11875, -8247.00, -8340.22
11879, -8242.00, -8334.86
11883, -8234.00, -8329.71
11888, -8231.00, -8324.06
11893, -8225.00, -8318.28
11898, -8217.00, -8312.23
11903, -8212.00, -8306.21
11908, -8208.00, -8300.55
11913, -8201.00, -8294.94
11918, -8192.00, -8288.85
11923, -8189.00, -8282.78
11928, -8185.00, -8277.00
11932, -8178.00, -8271.92
11937, -8172.00, -8266.58
11941, -8169.00, -8261.36
11946, -8162.00, -8255.74
11951, -8154.00, -8250.48
11956, -8151.00, -8243.81
11962, -8145.00, -8237.56
11966, -8139.00, -8232.48
11970, -8134.00, -8227.09
11975, -8130.00, -8221.87
11980, -8123.00, -8216.22
11985, -8115.00, -8210.48
11989, -8113.00, -8205.20
11994, -8105.00, -8198.93
11999, -8099.00, -8193.81
12004, -8094.00, -8187.94
12009, -8090.00, -8181.97
12014, -8084.00, -8175.60
12019, -8089.00, -8170.75
12023, -8092.00, -8166.52
12028, -8099.00, -8162.13
12033, -8106.00, -8158.93
12038, -8112.00, -8155.84
12043, -8115.00, -8153.13
12048, -8123.00, -8151.05
12052, -8130.00, -8149.75
12057, -8134.00, -8148.70
12062, -8138.00, -8147.92
12067, -8143.00, -8147.52
12071, -8152.00, -8147.51
12077, -8156.00, -8147.92
12082, -8161.00, -8148.56
12086, -8169.00, -8149.47
12092, -8177.00, -8151.12
12097, -8180.00, -8152.94
12103, -8187.00, -8154.93
12108, -8191.00, -8156.93
12113, -8201.00, -8159.60
12118, -8204.00, -8161.99
12123, -8210.00, -8164.92
12128, -8217.00, -8167.98
12133, -8223.00, -8170.69
12138, -8230.00, -8174.25
12143, -8236.00, -8178.18
12148, -8241.00, -8181.70
12152, -8246.00, -8184.92
12157, -8251.00, -8188.33
12161, -8256.00, -8191.76
12165, -8264.00, -8195.32
12170, -8266.00, -8199.39
12174, -8272.00, -8203.03
12179, -8280.00, -8207.08
12183, -8281.00, -8210.94
12188, -8286.00, -8215.26
12193, -8296.00, -8219.85
12198, -8298.00, -8224.28
12203, -8302.00, -8228.75
12207, -8310.00, -8233.27
12212, -8318.00, -8237.54
12216, -8320.00, -8241.82
12221, -8325.00, -8246.90
12227, -8333.00, -8252.77
12232, -8341.00, -8257.74
12237, -8345.00, -8262.95
12242, -8352.00, -8268.32
12248, -8359.00, -8274.27
12253, -8366.00, -8279.62
12258, -8370.00, -8285.05
12262, -8374.00, -8289.63
12266, -8383.00, -8294.33
12271, -8385.00, -8299.53
12275, -8389.00, -8304.18
12280, -8397.00, -8309.20
12285, -8401.00, -8314.22
12290, -8407.00, -8319.57
12294, -8414.00, -8324.36
12298, -8420.00, -8329.20
12303, -8424.00, -8334.70
12307, -8430.00, -8339.77
12312, -8436.00, -8344.61
12316, -8439.00, -8349.54
12321, -8446.00, -8355.05
12326, -8451.00, -8360.35
12330, -8455.00, -8365.78
12335, -8461.00, -8371.16
12339, -8471.00, -8376.18
12344, -8472.00, -8381.16
12348, -8477.00, -8386.06
12354, -8485.00, -8392.58
12358, -8491.00, -8397.93
12363, -8495.00, -8403.52
12368, -8501.00, -8409.01
12372, -8507.00, -8414.37
12377, -8512.00, -8419.79
12381, -8516.00, -8424.74
12386, -8525.00, -8430.03
12391, -8528.00, -8435.73
12396, -8534.00, -8441.24
12400, -8541.00, -8446.72
12405, -8545.00, -8452.36
12411, -8553.00, -8459.15
12415, -8557.00, -8464.37
12420, -8566.00, -8469.68
12426, -8571.00, -8476.76
12431, -8575.00, -8482.80
12435, -8581.00, -8488.01
12441, -8588.00, -8495.12
12447, -8596.00, -8502.16
12453, -8605.00, -8509.16
12459, -8608.00, -8515.55
12463, -8615.00, -8521.18
12468, -8619.00, -8526.50
12473, -8627.00, -8532.11
12478, -8630.00, -8537.75
12482, -8636.00, -8543.28
12487, -8643.00, -8548.70
12492, -8648.00, -8554.40
12497, -8652.00, -8560.65
12503, -8661.00, -8567.54
12508, -8669.00, -8573.48
12514, -8676.00, -8580.36
12518, -8680.00, -8585.92
12524, -8685.00, -8592.28
12529, -8691.00, -8597.87
12533, -8699.00, -8603.08
12537, -8701.00, -8608.25
12542, -8707.00, -8614.15
12547, -8714.00, -8619.55
12552, -8719.00, -8625.92
12557, -8724.00, -8631.71
12562, -8732.00, -8637.56
12567, -8738.00, -8643.53
12573, -8746.00, -8650.44
12578, -8747.00, -8655.52
12582, -8753.00, -8660.62
12586, -8761.00, -8665.93
12592, -8766.00, -8672.06
12596, -8769.00, -8677.39
12601, -8776.00, -8682.89
12607, -8785.00, -8689.80
12611, -8788.00, -8695.23
12616, -8793.00, -8701.03
12621, -8801.00, -8706.83
12626, -8805.00, -8712.28
12631, -8810.00, -8717.76
12635, -8814.00, -8723.24
12641, -8824.00, -8729.78
12646, -8830.00, -8735.81
12651, -8835.00, -8741.50
12656, -8841.00, -8747.51
12661, -8846.00, -8753.33
12666, -8852.00, -8758.66
12671, -8856.00, -8765.23
12676, -8864.00, -8770.91
12681, -8871.00, -8776.32
12686, -8876.00, -8782.78
12691, -8879.00, -8787.71
12695, -8887.00, -8792.81
12699, -8890.00, -8797.89
12704, -8896.00, -8803.64
12709, -8901.00, -8808.73
12713, -8907.00, -8814.32
12718, -8913.00, -8819.89
12724, -8920.00, -8826.61
12729, -8928.00, -8832.26
12734, -8931.00, -8838.06
12738, -8934.00, -8843.10
12743, -8942.00, -8848.49
12747, -8949.00, -8854.12
12752, -8954.00, -8859.53
12757, -8959.00, -8865.42
12762, -8966.00, -8871.40
12767, -8971.00, -8876.84
12772, -8976.00, -8883.57
12777, -8982.00, -8889.23
12781, -8987.00, -8894.25
12786, -8993.00, -8899.99
12792, -8998.00, -8906.79
12797, -9005.00, -8912.30
12802, -9012.00, -8917.66
12806, -9016.00, -8923.35
12811, -9019.00, -8928.36
12815, -9028.00, -8933.61
12820, -9032.00, -8939.12
12825, -9035.00, -8944.91
12830, -9042.00, -8950.68
12835, -9049.00, -8956.29
12841, -9057.00, -8963.19
12846, -9062.00, -8969.45
12851, -9064.00, -8974.65
12856, -9074.00, -8980.77
12861, -9081.00, -8986.77
12866, -9084.00, -8992.50
12872, -9091.00, -8999.00
12877, -9097.00, -9005.07
12881, -9104.00, -9010.16
12886, -9107.00, -9015.36
12890, -9113.00, -9020.21
12894, -9119.00, -9025.18
12899, -9123.00, -9030.73
12904, -9130.00, -9036.43
12909, -9135.00, -9042.28
12913, -9140.00, -9047.43
12918, -9145.00, -9053.25
12923, -9152.00, -9058.58
12927, -9156.00, -9063.62
12932, -9160.00, -9068.75
12936, -9168.00, -9073.91
12941, -9175.00, -9079.94
12946, -9176.00, -9085.41
12950, -9185.00, -9090.83
12955, -9190.00, -9096.61
12961, -9197.00, -9102.82
12965, -9200.00, -9107.96
12971, -9210.00, -9114.51
12976, -9215.00, -9120.47
12980, -9219.00, -9126.14
12985, -9223.00, -9131.69
12990, -9229.00, -9137.46
12996, -9237.00, -9144.33
13002, -9246.00, -9150.98
13006, -9249.00, -9156.51
13012, -9258.00, -9163.22
13018, -9262.00, -9169.70
13022, -9271.00, -9175.12
13027, -9272.00, -9180.16
13031, -9279.00, -9185.18
13036, -9286.00, -9190.88
13040, -9288.00, -9196.11
13045, -9294.00, -9201.33
13049, -9302.00, -9206.95
13054, -9307.00, -9212.35
13060, -9309.00, -9218.98
13064, -9318.00, -9223.99
13069, -9326.00, -9230.19
13074, -9329.00, -9236.17
13079, -9334.00, -9242.10
13084, -9341.00, -9247.67
13089, -9348.00, -9253.37
13095, -9355.00, -9260.25
13101, -9360.00, -9267.29
13106, -9364.00, -9273.17
13111, -9372.00, -9278.70
13116, -9381.00, -9284.81
13121, -9385.00, -9290.73
13126, -9389.00, -9296.72
13130, -9395.00, -9301.80
13136, -9402.00, -9308.17
13141, -9407.00, -9314.71
13146, -9413.00, -9320.60
13151, -9419.00, -9325.87
13156, -9425.00, -9331.68
13161, -9432.00, -9338.20
13166, -9436.00, -9343.59
13172, -9443.00, -9350.23
13176, -9449.00, -9355.80
13181, -9453.00, -9360.80
13186, -9459.00, -9366.61
13191, -9467.00, -9373.11
13196, -9475.00, -9378.79
13200, -9476.00, -9383.84
13205, -9481.00, -9388.84
13209, -9488.00, -9393.90
13213, -9492.00, -9399.04
13217, -9499.00, -9404.09
13223, -9506.00, -9410.17
13227, -9509.00, -9415.97
13233, -9514.00, -9422.03
13238, -9521.00, -9428.12
13243, -9530.00, -9433.62
13247, -9531.00, -9438.72
13252, -9536.00, -9444.75
13257, -9544.00, -9449.96
13261, -9548.00, -9455.15
13266, -9552.00, -9460.61
13271, -9561.00, -9466.56
13276, -9567.00, -9472.40
13280, -9570.00, -9477.43
13285, -9575.00, -9483.00
13290, -9584.00, -9488.89
13294, -9585.00, -9493.90
13299, -9592.00, -9499.61
13304, -9599.00, -9505.60
13309, -9605.00, -9510.91
13313, -9609.00, -9515.98
13318, -9616.00, -9521.85
13323, -9623.00, -9527.88
13328, -9626.00, -9533.84
13332, -9631.00, -9538.79
13337, -9637.00, -9543.80
13341, -9641.00, -9548.82
13346, -9648.00, -9554.44
13350, -9654.00, -9559.49
13354, -9656.00, -9564.46
13359, -9662.00, -9569.56
13363, -9670.00, -9574.66
13368, -9674.00, -9580.31
13372, -9678.00, -9585.39
13377, -9686.00, -9591.26
13382, -9691.00, -9596.58
13386, -9696.00, -9601.64
13391, -9703.00, -9607.18
13396, -9708.00, -9613.24
13401, -9711.00, -9619.09
13405, -9719.00, -9624.53
13410, -9727.00, -9630.57
13415, -9731.00, -9636.67
13420, -9735.00, -9641.79
13425, -9743.00, -9648.12
13430, -9749.00, -9653.49
13434, -9752.00, -9659.30
13439, -9758.00, -9664.39
13443, -9767.00, -9669.55
13448, -9768.00, -9675.14
13452, -9776.00, -9680.41
13457, -9781.00, -9685.88
13461, -9787.00, -9691.33
13466, -9791.00, -9696.63
13471, -9800.00, -9702.42
13475, -9804.00, -9708.40
13480, -9809.00, -9713.82
13485, -9815.00, -9719.76
13491, -9824.00, -9726.93
13496, -9828.00, -9733.01
13502, -9833.00, -9739.85
13507, -9840.00, -9745.77
13512, -9846.00, -9751.89
13517, -9854.00, -9757.69
13522, -9858.00, -9763.95
13527, -9864.00, -9769.47
13531, -9872.00, -9774.70
13536, -9875.00, -9780.39
13541, -9880.00, -9787.16
13546, -9887.00, -9792.44
13551, -9895.00, -9798.04
13556, -9899.00, -9804.01
13561, -9903.00, -9809.98
13565, -9911.00, -9815.24
13570, -9917.00, -9821.04
13575, -9920.00, -9826.98
13579, -9927.00, -9832.00
13584, -9933.00, -9837.35
13588, -9938.00, -9843.16
13594, -9944.00, -9849.29
13599, -9948.00, -9855.17
13605, -9959.00, -9862.32
13610, -9963.00, -9868.55
13615, -9969.00, -9874.78
13620, -9974.00, -9881.03
13625, -9981.00, -9886.94
13630, -9988.00, -9892.09
13635, -9992.00, -9898.43
13640, -10000.00, -9904.90
13645, -10007.00, -9910.91
13651, -10014.00, -9917.88
13656, -10019.00, -9924.03
13661, -10025.00, -9930.11
13666, -10030.00, -9935.69
13671, -10039.00, -9941.94
13676, -10042.00, -9947.36
13680, -10045.00, -9952.40
13685, -10053.00, -9958.11
13690, -10059.00, -9963.86
13695, -10064.00, -9969.89
13700, -10070.00, -9975.59
13705, -10080.00, -9981.95
13710, -10081.00, -9987.44
13714, -10087.00, -9992.61
13720, -10093.00, -9999.48
13724, -10102.00, -10005.02
13729, -10104.00, -10010.44
13734, -10108.00, -10016.18
13738, -10117.00, -10021.19
13743, -10120.00, -10026.57
13747, -10126.00, -10031.63
13752, -10134.00, -10037.30
13756, -10137.00, -10042.76
13762, -10143.00, -10049.21
13767, -10147.00, -10055.10
13771, -10155.00, -10060.42
13776, -10160.00, -10066.40
13781, -10166.00, -10071.46
13785, -10173.00, -10076.72
13789, -10176.00, -10081.89
13794, -10180.00, -10086.97
13798, -10188.00, -10092.24
13802, -10191.00, -10097.33
13808, -10198.00, -10104.08
13812, -10204.00, -10109.37
13817, -10210.00, -10114.79
13822, -10214.00, -10120.66
13828, -10221.00, -10127.70
13832, -10229.00, -10132.89
13838, -10238.00, -10139.65
13843, -10241.00, -10146.08
13848, -10247.00, -10152.44
13854, -10255.00, -10159.04
13860, -10261.00, -10166.14
13865, -10270.00, -10171.77
13870, -10277.00, -10178.74
13875, -10279.00, -10184.97
13880, -10285.00, -10190.33
13885, -10296.00, -10196.37
13890, -10299.00, -10202.61
13895, -10304.00, -10208.56
13899, -10309.00, -10213.87
13905, -10318.00, -10220.87
13909, -10321.00, -10226.06
13914, -10326.00, -10231.46
13920, -10335.00, -10238.48
13925, -10343.00, -10244.69
13929, -10345.00, -10249.99
13934, -10351.00, -10255.20
13939, -10357.00, -10262.01
13944, -10365.00, -10268.29
13950, -10371.00, -10275.49
13956, -10375.00, -10281.88
13960, -10383.00, -10287.06
13966, -10389.00, -10293.93
13972, -10401.00, -10301.83
13977, -10403.00, -10307.21
13982, -10407.00, -10312.99
13986, -10412.00, -10318.22
13991, -10421.00, -10324.72
13996, -10425.00, -10330.37
14001, -10430.00, -10336.24
14006, -10439.00, -10341.80
14011, -10441.00, -10347.53
14015, -10447.00, -10353.14
14020, -10450.00, -10359.17
14025, -10460.00, -10364.53
14029, -10462.00, -10369.75
14035, -10468.00, -10375.65
14039, -10477.00, -10381.35
14044, -10479.00, -10387.14
14050, -10487.00, -10393.73
14055, -10490.00, -10399.16
14059, -10500.00, -10404.17
14064, -10501.00, -10409.66
14069, -10508.00, -10416.40
14074, -10515.00, -10421.81
14078, -10521.00, -10426.89
14083, -10524.00, -10432.46
14088, -10530.00, -10437.61
14093, -10539.00, -10443.43
14099, -10543.00, -10450.50
14103, -10547.00, -10455.85
14108, -10554.00, -10461.36
14112, -10559.00, -10466.45
14117, -10564.00, -10472.18
14122, -10568.00, -10477.67
14127, -10575.00, -10483.75
14133, -10582.00, -10489.87
14138, -10589.00, -10496.51
14144, -10594.00, -10502.76
14149, -10597.00, -10508.54
14154, -10605.00, -10514.26
14160, -10612.00, -10520.66
14166, -10620.00, -10527.73
14172, -10625.00, -10534.45
14177, -10630.00, -10540.63
14182, -10635.00, -10546.04
14186, -10643.00, -10550.93
14192, -10648.00, -10557.27
14196, -10651.00, -10562.21
14201, -10658.00, -10567.74
14206, -10664.00, -10573.24
14211, -10667.00, -10578.82
14216, -10672.00, -10584.07
14220, -10677.00, -10589.43
14225, -10683.00, -10594.76
14230, -10687.00, -10599.50
14234, -10694.00, -10604.49
14240, -10701.00, -10610.83
14245, -10703.00, -10616.28
14250, -10710.00, -10622.45
14255, -10715.00, -10627.27
14261, -10722.00, -10633.95
14266, -10730.00, -10639.41
14271, -10735.00, -10645.99
14277, -10738.00, -10651.84
14282, -10745.00, -10657.92
14287, -10752.00, -10663.44
14293, -10760.00, -10670.10
14298, -10764.00, -10675.77
14303, -10769.00, -10681.54
14309, -10777.00, -10687.58
14314, -10782.00, -10693.22
14319, -10790.00, -10698.93
14324, -10793.00, -10705.04
14329, -10799.00, -10710.14
14334, -10805.00, -10715.70
14339, -10811.00, -10721.53
14344, -10815.00, -10726.82
14349, -10820.00, -10732.39
14354, -10827.00, -10738.08
14360, -10837.00, -10745.03
14365, -10839.00, -10750.08
14370, -10843.00, -10756.07
14375, -10851.00, -10761.09
14379, -10856.00, -10766.00
14384, -10860.00, -10771.75
14389, -10866.00, -10776.72
14393, -10872.00, -10782.20
14398, -10876.00, -10787.08
14403, -10881.00, -10793.16
14408, -10887.00, -10798.68
14413, -10895.00, -10804.43
14419, -10901.00, -10810.85
14424, -10904.00, -10816.17
14428, -10910.00, -10820.99
14433, -10916.00, -10826.52
14437, -10921.00, -10831.34
14442, -10926.00, -10836.23
14446, -10929.00, -10841.03
14451, -10935.00, -10846.58
14455, -10940.00, -10851.40
14460, -10946.00, -10856.24
14464, -10950.00, -10861.69
14469, -10956.00, -10866.52
14473, -10961.00, -10871.45
14478, -10964.00, -10876.40
14482, -10970.00, -10881.68
14487, -10979.00, -10887.31
14493, -10984.00, -10893.59
14497, -10986.00, -10898.63
14503, -10995.00, -10905.26
14509, -10999.00, -10911.38
14515, -11008.00, -10917.94
14520, -11015.00, -10924.30
14525, -11020.00, -10929.71
14531, -11026.00, -10936.07
14535, -11032.00, -10941.53
14541, -11041.00, -10947.84
14546, -11043.00, -10953.37
14551, -11049.00, -10958.95
14555, -11054.00, -10963.81
14559, -11060.00, -10968.83
14564, -11063.00, -10973.67
14568, -11069.00, -10978.57
14573, -11076.00, -10984.68
14578, -11081.00, -10990.00
14583, -11085.00, -10995.54
14588, -11093.00, -11001.19
14593, -11098.00, -11007.21
14597, -11100.00, -11012.12
14602, -11109.00, -11017.03
14607, -11113.00, -11022.45
14611, -11116.00, -11027.51
14616, -11125.00, -11033.15
14621, -11132.00, -11039.10
14626, -11136.00, -11044.66
14631, -11140.00, -11050.45
14636, -11146.00, -11055.68
14640, -11154.00, -11061.16
14645, -11155.00, -11066.11
14650, -11162.00, -11071.60
14654, -11169.00, -11076.94
14659, -11173.00, -11082.43
14663, -11176.00, -11087.29
14668, -11185.00, -11092.19
14673, -11189.00, -11098.04
14677, -11195.00, -11102.97
14682, -11203.00, -11108.92
14688, -11208.00, -11115.92
14693, -11213.00, -11121.66
14698, -11217.00, -11127.21
14703, -11224.00, -11132.53
14707, -11230.00, -11137.59
14712, -11233.00, -11143.39
14718, -11240.00, -11150.29
14723, -11247.00, -11155.62
14727, -11254.00, -11160.59
14733, -11259.00, -11167.36
14738, -11264.00, -11173.07
14743, -11270.00, -11178.54
14749, -11278.00, -11185.27
14753, -11282.00, -11190.72
14759, -11291.00, -11197.36
14763, -11294.00, -11202.35
14768, -11299.00, -11207.22
14772, -11302.00, -11212.30
14776, -11308.00, -11217.39
14782, -11316.00, -11223.37
14786, -11320.00, -11228.74
14792, -11324.00, -11234.95
14797, -11333.00, -11240.63
14801, -11342.00, -11246.16
14806, -11344.00, -11251.90
14811, -11348.00, -11257.04
14816, -11353.00, -11262.66
14820, -11360.00, -11267.70
14826, -11367.00, -11274.67
14831, -11371.00, -11280.48
14837, -11379.00, -11287.26
14843, -11388.00, -11293.78
14848, -11394.00, -11300.30
14854, -11401.00, -11307.23
14859, -11403.00, -11313.05
14864, -11409.00, -11318.64
14869, -11417.00, -11324.34
14874, -11421.00, -11329.54
14878, -11426.00, -11334.53
14882, -11433.00, -11339.87
14888, -11439.00, -11345.78
14893, -11442.00, -11351.76
14898, -11449.00, -11357.81
14903, -11456.00, -11363.73
14909, -11463.00, -11370.15
14913, -11468.00, -11375.46
14918, -11470.00, -11380.42
14922, -11477.00, -11385.53
14926, -11481.00, -11390.37
14932, -11487.00, -11397.31
14938, -11493.00, -11403.79
14943, -11500.00, -11409.43
14949, -11508.00, -11416.06
14954, -11512.00, -11421.33
14959, -11520.00, -11427.80
14964, -11526.00, -11433.20
14969, -11532.00, -11438.88
14973, -11535.00, -11443.85
14977, -11540.00, -11448.79
14982, -11547.00, -11454.38
14987, -11550.00, -11459.92
14992, -11555.00, -11465.52
14997, -11562.00, -11470.80
15002, -11571.00, -11477.38
15008, -11577.00, -11484.26
15013, -11580.00, -11489.67
15019, -11588.00, -11496.27
15023, -11595.00, -11501.28
15027, -11597.00, -11506.41
15033, -11605.00, -11512.46
15038, -11608.00, -11518.41
15043, -11619.00, -11524.23
15049, -11625.00, -11531.07
15053, -11627.00, -11536.07
15057, -11635.00, -11541.08
15062, -11641.00, -11546.75
15068, -11645.00, -11553.59
15072, -11650.00, -11558.83
15077, -11655.00, -11563.66
15081, -11661.00, -11569.06
15086, -11666.00, -11574.77
15091, -11671.00, -11579.67
15095, -11677.00, -11585.10
15100, -11679.00, -11590.03
15104, -11686.00, -11594.89
15108, -11691.00, -11599.80
15113, -11696.00, -11604.95
15117, -11700.00, -11610.43
15122, -11710.00, -11616.09
15127, -11713.00, -11621.08
15132, -11718.00, -11627.22
15137, -11725.00, -11632.41
15141, -11731.00, -11638.19
15147, -11734.00, -11644.23
15152, -11740.00, -11649.73
15157, -11747.00, -11656.15
15163, -11753.00, -11662.38
15168, -11757.00, -11667.79
15172, -11764.00, -11673.17
15177, -11770.00, -11678.10
15182, -11775.00, -11684.44
15187, -11781.00, -11690.59
15192, -11787.00, -11696.03
15197, -11792.00, -11700.92
15201, -11796.00, -11706.14
15206, -11801.00, -11711.64
15210, -11808.00, -11716.57
15215, -11813.00, -11721.77
15220, -11816.00, -11727.44
15225, -11822.00, -11733.44
15230, -11830.00, -11738.45
15235, -11834.00, -11743.99
15240, -11839.00, -11750.47
15245, -11845.00, -11755.21
15249, -11852.00, -11760.15
15254, -11856.00, -11765.97
15259, -11862.00, -11771.53
15263, -11869.00, -11776.59
15269, -11872.00, -11782.58
15273, -11876.00, -11787.69
15278, -11883.00, -11793.32
15283, -11891.00, -11798.72
15288, -11895.00, -11804.75
15293, -11900.00, -11809.70
15299, -11905.00, -11816.64
15303, -11915.00, -11821.75
15308, -11916.00, -11827.51
15313, -11920.00, -11832.63
15318, -11928.00, -11837.83
15322, -11934.00, -11842.72
15326, -11936.00, -11847.68
15331, -11943.00, -11853.49
15336, -11952.00, -11859.21
15342, -11954.00, -11865.12
15347, -11960.00, -11871.47
15352, -11966.00, -11876.97
15357, -11975.00, -11882.63
15362, -11977.00, -11887.80
15367, -11983.00, -11893.35
15371, -11987.00, -11898.74
15376, -11994.00, -11903.61
15382, -12000.00, -11910.12
15387, -12005.00, -11916.56
15392, -12011.00, -11922.13
15398, -12019.00, -11928.30
15402, -12024.00, -11933.20
15408, -12030.00, -11939.97
15413, -12034.00, -11945.18
15418, -12041.00, -11951.62
15423, -12047.00, -11956.86
15428, -12049.00, -11962.23
15432, -12057.00, -11967.20
15437, -12063.00, -11972.27
15442, -12068.00, -11977.80
15447, -12073.00, -11983.50
15452, -12081.00, -11989.12
15458, -12086.00, -11996.33
15463, -12093.00, -12001.67
15468, -12097.00, -12007.48
15472, -12104.00, -12012.66
15477, -12109.00, -12017.63
15482, -12113.00, -12023.32
15486, -12118.00, -12028.39
15491, -12126.00, -12034.27
15496, -12129.00, -12039.82
15501, -12134.00, -12045.48
15507, -12140.00, -12051.56
15511, -12149.00, -12056.88
15516, -12155.00, -12062.40
15522, -12159.00, -12068.51
15526, -12165.00, -12073.40
15531, -12171.00, -12079.44
15536, -12176.00, -12085.20
15541, -12181.00, -12090.93
15545, -12187.00, -12095.91
15551, -12193.00, -12101.66
15555, -12197.00, -12107.26
15560, -12203.00, -12112.16
15564, -12209.00, -12117.39
15569, -12214.00, -12123.01
15574, -12218.00, -12128.56
15578, -12226.00, -12133.54
15583, -12230.00, -12138.52
15587, -12235.00, -12143.48
15592, -12241.00, -12148.80
15596, -12246.00, -12153.86
15601, -12250.00, -12159.35
15606, -12256.00, -12164.74
15610, -12264.00, -12170.01
15615, -12267.00, -12175.65
15620, -12275.00, -12181.41
15625, -12279.00, -12187.01
15629, -12285.00, -12192.22
15635, -12290.00, -12199.02
15641, -12298.00, -12205.94
15645, -12305.00, -12211.00
15650, -12308.00, -12215.97
15654, -12314.00, -12220.97
15658, -12320.00, -12226.10
15663, -12325.00, -12231.91
15669, -12331.00, -12238.55
15674, -12336.00, -12244.64
15679, -12345.00, -12250.34
15684, -12350.00, -12256.17
15689, -12355.00, -12262.47
15694, -12358.00, -12267.46
15699, -12367.00, -12273.15
15703, -12372.00, -12278.76
15708, -12377.00, -12284.36
15713, -12383.00, -12289.60
15718, -12389.00, -12295.30
15722, -12394.00, -12300.81
15727, -12399.00, -12306.45
15732, -12408.00, -12311.89
15737, -12415.00, -12318.80
15742, -12417.00, -12323.91
15747, -12425.00, -12329.81
15751, -12433.00, -12335.44
15756, -12436.00, -12340.80
15760, -12440.00, -12346.38
15765, -12447.00, -12352.32
15771, -12455.00, -12358.76
15775, -12458.00, -12363.92
15780, -12464.00, -12369.63
15786, -12472.00, -12376.65
15791, -12480.00, -12382.69
15796, -12484.00, -12389.45
15802, -12491.00, -12396.42
15807, -12495.00, -12402.46
15813, -12505.00, -12408.50
15818, -12512.00, -12415.34
15824, -12518.00, -12422.53
15830, -12524.00, -12428.96
15836, -12530.00, -12436.13
15840, -12537.00, -12441.22
15845, -12546.00, -12447.52
15850, -12547.00, -12453.96
15855, -12554.00, -12459.53
15860, -12560.00, -12465.32
15865, -12568.00, -12471.17
15869, -12572.00, -12476.50
15874, -12576.00, -12482.74
15880, -12585.00, -12489.18
15885, -12591.00, -12494.85
15890, -12598.00, -12501.67
15895, -12603.00, -12507.67
15900, -12609.00, -12513.87
15906, -12617.00, -12520.79
15911, -12625.00, -12526.82
15916, -12627.00, -12532.72
15921, -12634.00, -12538.30
15925, -12642.00, -12543.56
15931, -12648.00, -12550.54
15935, -12652.00, -12556.39
15941, -12659.00, -12562.54
15945, -12666.00, -12568.28
15951, -12671.00, -12575.05
15957, -12677.00, -12582.03
15962, -12683.00, -12588.49
15966, -12691.00, -12593.68
15971, -12693.00, -12598.85
15975, -12700.00, -12604.01
15980, -12706.00, -12609.46
15984, -12712.00, -12615.00
15989, -12717.00, -12621.06
15994, -12725.00, -12627.27
16000, -12732.00, -12634.53
16005, -12739.00, -12640.76
16010, -12739.00, -12646.01
16015, -12741.00, -12652.35
16020, -12740.00, -12657.75
16025, -12740.00, -12662.25
16030, -12740.00, -12667.67
16037, -12742.00, -12673.15
16041, -12739.00, -12676.98
16046, -12741.00, -12680.50
16051, -12740.00, -12684.04
16057, -12740.00, -12688.10
16062, -12741.00, -12691.45
16067, -12740.00, -12694.61
16072, -12739.00, -12697.26
16076, -12741.00, -12699.54
16081, -12740.00, -12701.78
16086, -12740.00, -12704.03
16091, -12740.00, -12706.24
16095, -12740.00, -12708.08
16100, -12739.00, -12709.98
16106, -12739.00, -12712.08
16111, -12740.00, -12713.81
16117, -12740.00, -12715.50
16121, -12739.00, -12716.77
16125, -12740.00, -12717.95
16130, -12741.00, -12719.25
16135, -12740.00, -12720.58
16139, -12741.00, -12721.64
16145, -12741.00, -12722.89
16150, -12741.00, -12724.00
16155, -12738.00, -12724.93
16160, -12740.00, -12725.81
16165, -12741.00, -12726.72
16170, -12738.00, -12727.55
16175, -12740.00, -12728.16
16180, -12740.00, -12728.91
16185, -12740.00, -12729.66
16190, -12739.00, -12730.23
16194, -12740.00, -12730.72
16199, -12741.00, -12731.24
16203, -12742.00, -12731.82
16208, -12742.00, -12732.36
16213, -12740.00, -12732.89
16217, -12741.00, -12733.32
16223, -12739.00, -12733.78
16228, -12740.00, -12734.13
16233, -12739.00, -12734.45
16239, -12740.00, -12734.81
16244, -12740.00, -12735.14
16249, -12740.00, -12735.45
16254, -12738.00, -12735.66
16259, -12742.00, -12735.90
16264, -12742.00, -12736.28
16268, -12740.00, -12736.54
16273, -12740.00, -12736.75
16278, -12741.00, -12736.96
16282, -12739.00, -12737.13
16288, -12740.00, -12737.28
16292, -12742.00, -12737.48
16297, -12741.00, -12737.71
16302, -12739.00, -12737.86
16307, -12741.00, -12737.98
16311, -12742.00, -12738.18
16317, -12739.00, -12738.34
16322, -12740.00, -12738.41
16326, -12739.00, -12738.46
16331, -12740.00, -12738.52
16336, -12741.00, -12738.66
16341, -12741.00, -12738.78
16345, -12741.00, -12738.90
16350, -12740.00, -12738.99
16354, -12741.00, -12739.07
16358, -12741.00, -12739.17
16364, -12743.00, -12739.35
16369, -12740.00, -12739.48
16373, -12741.00, -12739.54
16379, -12740.00, -12739.61
16385, -12739.00, -12739.60
16390, -12741.00, -12739.63
16395, -12740.00, -12739.68
16400, -12740.00, -12739.70
16405, -12739.00, -12739.68
16409, -12739.00, -12739.65
16413, -12738.00, -12739.59
16418, -12740.00, -12739.55
16422, -12741.00, -12739.61
16426, -12739.00, -12739.63
16431, -12742.00, -12739.67
16435, -12740.00, -12739.74
16440, -12739.00, -12739.73
16444, -12742.00, -12739.77
16448, -12740.00, -12739.83
16453, -12740.00, -12739.84
16457, -12739.00, -12739.83
16462, -12740.00, -12739.81
16467, -12740.00, -12739.82
16471, -12741.00, -12739.86
16476, -12739.00, -12739.87
16481, -12740.00, -12739.84
16486, -12741.00, -12739.89
16490, -12739.00, -12739.89
16496, -12742.00, -12739.93
16500, -12740.00, -12739.99
16506, -12740.00, -12739.99
16511, -12740.00, -12739.99
16516, -12739.00, -12739.96
16520, -12740.00, -12739.94
16525, -12740.00, -12739.94
16529, -12740.00, -12739.94
16534, -12740.00, -12739.95
16539, -12739.00, -12739.92
16543, -12739.00, -12739.87
16548, -12741.00, -12739.88
16552, -12739.00, -12739.88
16557, -12740.00, -12739.86
16561, -12740.00, -12739.87
16567, -12741.00, -12739.91
16572, -12740.00, -12739.95
16578, -12740.00, -12739.95
16583, -12740.00, -12739.95
16588, -12740.00, -12739.96
16594, -12740.00, -12739.96
16599, -12740.00, -12739.96
16604, -12739.00, -12739.94
16609, -12740.00, -12739.91
16614, -12741.00, -12739.95
16618, -12740.00, -12739.97
16622, -12740.00, -12739.98
16627, -12740.00, -12739.98
16632, -12739.00, -12739.95
16636, -12741.00, -12739.95
16640, -12741.00, -12740.01
16645, -12740.00, -12740.04
16649, -12741.00, -12740.06
16654, -12739.00, -12740.06
16658, -12740.00, -12740.03
16663, -12742.00, -12740.08
16667, -12740.00, -12740.13
16672, -12740.00, -12740.12
16677, -12741.00, -12740.14
16682, -12741.00, -12740.20
16688, -12740.00, -12740.22
16692, -12741.00, -12740.24
16698, -12739.00, -12740.22
16704, -12741.00, -12740.21
16709, -12740.00, -12740.22
16714, -12740.00, -12740.21
16720, -12740.00, -12740.19
16724, -12738.00, -12740.13
16729, -12740.00, -12740.06
16735, -12741.00, -12740.09
16740, -12739.00, -12740.09
16744, -12741.00, -12740.08
16749, -12742.00, -12740.17
16754, -12741.00, -12740.24
16758, -12740.00, -12740.26
16764, -12739.00, -12740.21
16769, -12741.00, -12740.20
16773, -12741.00, -12740.24
16778, -12740.00, -12740.26
16783, -12741.00, -12740.27
16789, -12740.00, -12740.29
16794, -12740.00, -12740.27
16799, -12739.00, -12740.22
16804, -12740.00, -12740.18
16809, -12741.00, -12740.20
16814, -12740.00, -12740.22
16819, -12740.00, -12740.21
16824, -12741.00, -12740.22
16829, -12741.00, -12740.27
16834, -12741.00, -12740.32
16839, -12740.00, -12740.33
16845, -12739.00, -12740.27
16850, -12740.00, -12740.23
16854, -12739.00, -12740.19
16858, -12740.00, -12740.15
16863, -12740.00, -12740.14
16868, -12740.00, -12740.13
16872, -12740.00, -12740.13
16878, -12741.00, -12740.15
16883, -12740.00, -12740.17
16887, -12740.00, -12740.16
16892, -12741.00, -12740.18
16897, -12741.00, -12740.23
16902, -12740.00, -12740.25
16906, -12740.00, -12740.23
16912, -12739.00, -12740.18
16916, -12740.00, -12740.15
16922, -12740.00, -12740.14
16928, -12741.00, -12740.16
16933, -12740.00, -12740.18
16938, -12741.00, -12740.20
16943, -12739.00, -12740.19
16948, -12740.00, -12740.15
16953, -12740.00, -12740.14
16957, -12740.00, -12740.14
16962, -12740.00, -12740.13
16966, -12740.00, -12740.12
16970, -12740.00, -12740.12
16974, -12739.00, -12740.08
16979, -12743.00, -12740.14
16984, -12740.00, -12740.22
16989, -12739.00, -12740.17
16994, -12739.00, -12740.11
16998, -12740.00, -12740.07
17004, -12740.00, -12740.07
17009, -12740.00, -12740.06
17014, -12741.00, -12740.09
17018, -12741.00, -12740.14
17023, -12740.00, -12740.16
17028, -12739.00, -12740.12
17034, -12740.00, -12740.08
17039, -12740.00, -12740.07
17043, -12740.00, -12740.07
17048, -12740.00, -12740.06
17054, -12738.00, -12739.99
17059, -12741.00, -12739.96
17064, -12741.00, -12740.02
17069, -12741.00, -12740.08
17074, -12741.00, -12740.14
17078, -12742.00, -12740.21
17083, -12740.00, -12740.26
17088, -12739.00, -12740.21
17092, -12741.00, -12740.20
17097, -12741.00, -12740.25
17102, -12742.00, -12740.32
17106, -12740.00, -12740.36
17111, -12741.00, -12740.37
17117, -12740.00, -12740.38
17121, -12739.00, -12740.33
17126, -12740.00, -12740.28
17132, -12739.00, -12740.22
17137, -12740.00, -12740.18
17141, -12741.00, -12740.20
17147, -12742.00, -12740.29
17152, -12740.00, -12740.33
17156, -12742.00, -12740.36
17161, -12741.00, -12740.43
17166, -12742.00, -12740.50
17171, -12740.00, -12740.52
17176, -12740.00, -12740.49
17182, -12740.00, -12740.46
17186, -12739.00, -12740.40
17191, -12740.00, -12740.35
17195, -12740.00, -12740.33
17201, -12741.00, -12740.34
17205, -12740.00, -12740.35
17210, -12739.00, -12740.30
17216, -12740.00, -12740.25
17221, -12740.00, -12740.23
17226, -12742.00, -12740.27
17231, -12738.00, -12740.26
17235, -12740.00, -12740.18
17240, -12741.00, -12740.20
17245, -12739.00, -12740.19
17249, -12741.00, -12740.18
17254, -12740.00, -12740.20
17259, -12741.00, -12740.22
17265, -12740.00, -12740.24
17269, -12741.00, -12740.25
17274, -12740.00, -12740.26
17279, -12740.00, -12740.25
17283, -12740.00, -12740.24
17288, -12740.00, -12740.22
17293, -12740.00, -12740.21
17298, -12739.00, -12740.17
17303, -12741.00, -12740.16
17307, -12741.00, -12740.20
17313, -12740.00, -12740.22
17318, -12740.00, -12740.21
17322, -12740.00, -12740.20
17327, -12741.00, -12740.22
17332, -12741.00, -12740.27
17338, -12741.00, -12740.32
17343, -12739.00, -12740.30
17348, -12740.00, -12740.25
17353, -12740.00, -12740.23
17358, -12740.00, -12740.22
17363, -12740.00, -12740.20
17368, -12740.00, -12740.19
17373, -12739.00, -12740.15
17378, -12740.00, -12740.11
17383, -12740.00, -12740.11
17388, -12740.00, -12740.10
17394, -12739.00, -12740.06
17399, -12740.00, -12740.03
17404, -12740.00, -12740.03
17408, -12739.00, -12740.00
17412, -12742.00, -12740.02
17417, -12740.00, -12740.08
17422, -12740.00, -12740.08
17426, -12740.00, -12740.08
17431, -12741.00, -12740.10
17436, -12741.00, -12740.16
17441, -12740.00, -12740.18
17445, -12742.00, -12740.22
17450, -12738.00, -12740.21
17455, -12740.00, -12740.13
17459, -12740.00, -12740.13
17464, -12741.00, -12740.15
17469, -12741.00, -12740.20
17473, -12741.00, -12740.24
17478, -12739.00, -12740.23
17483, -12740.00, -12740.18
17488, -12740.00, -12740.17
17493, -12742.00, -12740.22
17498, -12740.00, -12740.27
17503, -12741.00, -12740.28
17508, -12741.00, -12740.32
17513, -12739.00, -12740.30
17517, -12740.00, -12740.26
17522, -12739.00, -12740.22
17526, -12740.00, -12740.18
17531, -12739.00, -12740.14
17536, -12740.00, -12740.10
17541, -12740.00, -12740.09
17546, -12742.00, -12740.15
17552, -12741.00, -12740.24
17557, -12740.00, -12740.26
17562, -12741.00, -12740.27
17567, -12740.00, -12740.29
17571, -12739.00, -12740.25
17576, -12741.00, -12740.23
17581, -12740.00, -12740.25
17586, -12739.00, -12740.21
17591, -12740.00, -12740.16
17596, -12740.00, -12740.15
17601, -12741.00, -12740.17
17605, -12740.00, -12740.19
17610, -12741.00, -12740.21
17615, -12740.00, -12740.22
17619, -12740.00, -12740.21
17623, -12741.00, -12740.23
17627, -12740.00, -12740.24
17632, -12740.00, -12740.23
17637, -12740.00, -12740.21
17642, -12742.00, -12740.26
17647, -12741.00, -12740.34
17652, -12741.00, -12740.38
17656, -12740.00, -12740.38
17662, -12741.00, -12740.39
17667, -12742.00, -12740.46
17671, -12740.00, -12740.49
17677, -12741.00, -12740.49
17682, -12739.00, -12740.46
17687, -12741.00, -12740.43
17691, -12740.00, -12740.44
17696, -12741.00, -12740.44
17701, -12740.00, -12740.44
17705, -12741.00, -12740.45
17710, -12741.00, -12740.48
17715, -12742.00, -12740.53
17719, -12740.00, -12740.56
17723, -12741.00, -12740.55
17727, -12740.00, -12740.55
17732, -12739.00, -12740.50
17737, -12740.00, -12740.43
17741, -12741.00, -12740.43
17746, -12738.00, -12740.39
17752, -12739.00, -12740.25
17756, -12739.00, -12740.19
17761, -12738.00, -12740.08
17767, -12741.00, -12740.04
17771, -12739.00, -12740.03
17777, -12741.00, -12740.03
17783, -12743.00, -12740.16
17787, -12740.00, -12740.24
17792, -12739.00, -12740.20
17797, -12740.00, -12740.16
17802, -12740.00, -12740.15
17807, -12742.00, -12740.19
17811, -12740.00, -12740.24
17816, -12740.00, -12740.23
17821, -12740.00, -12740.21
17825, -12739.00, -12740.17
17830, -12741.00, -12740.16
17835, -12740.00, -12740.18
17840, -12741.00, -12740.20
17845, -12740.00, -12740.22
17849, -12739.00, -12740.18
17854, -12741.00, -12740.17
17859, -12740.00, -12740.19
17864, -12741.00, -12740.21
17869, -12741.00, -12740.25
17874, -12740.00, -12740.27
17879, -12740.00, -12740.25
17883, -12740.00, -12740.24
17888, -12742.00, -12740.28
17893, -12741.00, -12740.36
17899, -12739.00, -12740.34
17903, -12739.00, -12740.27
17909, -12739.00, -12740.18
17914, -12740.00, -12740.14
17918, -12739.00, -12740.10
17923, -12739.00, -12740.04
17928, -12740.00, -12740.01
17932, -12742.00, -12740.06
17937, -12740.00, -12740.12
17942, -12741.00, -12740.14
17947, -12740.00, -12740.17
17952, -12741.00, -12740.18
17956, -12739.00, -12740.17
17962, -12741.00, -12740.16
17967, -12741.00, -12740.21
17971, -12741.00, -12740.25
17976, -12739.00, -12740.24
17980, -12740.00, -12740.20
17986, -12741.00, -12740.22
17990, -12740.00, -12740.23
17996, -12740.00, -12740.22
18001, -12741.00, -12740.23
18005, -12740.00, -12740.25
18012, -12740.00, -12740.23
18017, -12740.00, -12740.21
18021, -12738.00, -12740.15
18027, -12741.00, -12740.11
18033, -12739.00, -12740.10
18038, -12740.00, -12740.06
18043, -12739.00, -12740.03
18048, -12739.00, -12739.96
18053, -12740.00, -12739.93
18058, -12741.00, -12739.96
18063, -12741.00, -12740.02
18067, -12739.00, -12740.02
18072, -12740.00, -12739.99
18077, -12740.00, -12739.99
18082, -12741.00, -12740.02
18087, -12739.00, -12740.02
18092, -12740.00, -12739.99
18097, -12740.00, -12739.99
18102, -12741.00, -12740.03
18107, -12741.00, -12740.08
18112, -12741.00, -12740.13
18117, -12741.00, -12740.19
18121, -12741.00, -12740.23
18126, -12740.00, -12740.25
18131, -12740.00, -12740.23
18136, -12739.00, -12740.19
18141, -12741.00, -12740.18
18146, -12740.00, -12740.20
18151, -12740.00, -12740.18
18157, -12741.00, -12740.20
18161, -12740.00, -12740.22
18165, -12740.00, -12740.21
18170, -12740.00, -12740.19
18175, -12741.00, -12740.21
18181, -12740.00, -12740.23
18186, -12741.00, -12740.25
18191, -12740.00, -12740.26
18196, -12740.00, -12740.25
18202, -12742.00, -12740.30
18207, -12739.00, -12740.31
18213, -12740.00, -12740.25
18217, -12740.00, -12740.24
18222, -12740.00, -12740.23
18227, -12740.00, -12740.21
18231, -12742.00, -12740.26
18236, -12742.00, -12740.36
18241, -12742.00, -12740.46
18246, -12740.00, -12740.49
18251, -12740.00, -12740.46
18255, -12740.00, -12740.43
18261, -12741.00, -12740.44
18266, -12741.00, -12740.47
18271, -12740.00, -12740.48
18276, -12741.00, -12740.48
18281, -12740.00, -12740.48
18286, -12739.00, -12740.41
18291, -12740.00, -12740.36
18296, -12740.00, -12740.34
18300, -12742.00, -12740.37
18305, -12740.00, -12740.41
18310, -12741.00, -12740.41
18314, -12740.00, -12740.42
18318, -12741.00, -12740.42
18324, -12742.00, -12740.49
18329, -12739.00, -12740.49
18334, -12740.00, -12740.43
18338, -12741.00, -12740.43
18344, -12741.00, -12740.47
18349, -12741.00, -12740.50
18354, -12739.00, -12740.48
18360, -12740.00, -12740.41
18365, -12741.00, -12740.41
18370, -12741.00, -12740.45
18375, -12740.00, -12740.45
18380, -12742.00, -12740.48
18384, -12739.00, -12740.49
18389, -12741.00, -12740.46
18394, -12740.00, -12740.46
18399, -12741.00, -12740.46
18404, -12739.00, -12740.44
18409, -12743.00, -12740.47
18415, -12740.00, -12740.54
18420, -12742.00, -12740.57
18424, -12740.00, -12740.60
18429, -12740.00, -12740.56
18435, -12739.00, -12740.49
18439, -12740.00, -12740.44
18444, -12741.00, -12740.44
18449, -12740.00, -12740.45
18454, -12741.00, -12740.45
18458, -12740.00, -12740.45
18463, -12740.00, -12740.42
18468, -12741.00, -12740.43
18473, -12740.00, -12740.43
18477, -12740.00, -12740.41
18482, -12739.00, -12740.35
18487, -12740.00, -12740.30
18492, -12741.00, -12740.31
18497, -12741.00, -12740.35
18501, -12738.00, -12740.30
18506, -12739.00, -12740.21
18510, -12740.00, -12740.17
18516, -12740.00, -12740.16
18520, -12739.00, -12740.12
18525, -12741.00, -12740.11
18530, -12740.00, -12740.14
18535, -12739.00, -12740.10
18541, -12741.00, -12740.09
18546, -12739.00, -12740.09
18551, -12741.00, -12740.08
18556, -12740.00, -12740.11
18561, -12740.00, -12740.10
18565, -12740.00, -12740.10
18570, -12740.00, -12740.09
18575, -12741.00, -12740.12
18581, -12740.00, -12740.15
18586, -12741.00, -12740.17
18590, -12741.00, -12740.21
18596, -12740.00, -12740.23
18600, -12740.00, -12740.22
18605, -12740.00, -12740.21
18610, -12738.00, -12740.14
18614, -12740.00, -12740.07
18619, -12741.00, -12740.09
18623, -12740.00, -12740.12
18628, -12739.00, -12740.08
18633, -12740.00, -12740.05
18637, -12741.00, -12740.08
18642, -12739.00, -12740.07
18647, -12740.00, -12740.03
18652, -12739.00, -12740.00
18657, -12741.00, -12740.00
18662, -12741.00, -12740.07
18667, -12740.00, -12740.09
18671, -12740.00, -12740.08
18676, -12741.00, -12740.11
18680, -12739.00, -12740.10
18685, -12740.00, -12740.06
18690, -12741.00, -12740.09
18695, -12740.00, -12740.11
18701, -12740.00, -12740.11
18706, -12741.00, -12740.13
18711, -12740.00, -12740.15
18715, -12742.00, -12740.20
18720, -12741.00, -12740.27
18725, -12741.00, -12740.31
18729, -12739.00, -12740.29
18734, -12740.00, -12740.25
18738, -12738.00, -12740.18
18743, -12740.00, -12740.11
18749, -12741.00, -12740.14
18753, -12741.00, -12740.18
18758, -12740.00, -12740.20
18762, -12741.00, -12740.22
18766, -12739.00, -12740.21
18771, -12742.00, -12740.22
18776, -12740.00, -12740.26
18780, -12740.00, -12740.25
18784, -12740.00, -12740.24
18789, -12740.00, -12740.22
18794, -12740.00, -12740.21
18799, -12739.00, -12740.17
18803, -12740.00, -12740.13
18808, -12740.00, -12740.12
18813, -12740.00, -12740.12
18817, -12739.00, -12740.08
18821, -12741.00, -12740.08
18826, -12740.00, -12740.10
18830, -12741.00, -12740.12
18834, -12741.00, -12740.17
18839, -12739.00, -12740.16
18844, -12740.00, -12740.12
18849, -12739.00, -12740.09
18853, -12739.00, -12740.03
18859, -12740.00, -12739.99
18864, -12740.00, -12739.99
18869, -12741.00, -12740.02
18874, -12741.00, -12740.09
18879, -12740.00, -12740.12
18884, -12742.00, -12740.17
18889, -12740.00, -12740.22
18895, -12741.00, -12740.24
18900, -12740.00, -12740.26
18905, -12740.00, -12740.24
18911, -12740.00, -12740.23
18916, -12741.00, -12740.24
18920, -12740.00, -12740.26
18925, -12740.00, -12740.24
18930, -12741.00, -12740.26
18934, -12740.00, -12740.27
18939, -12742.00, -12740.31
18944, -12739.00, -12740.32
18948, -12740.00, -12740.28
18953, -12741.00, -12740.29
18958, -12739.00, -12740.27
18963, -12741.00, -12740.25
18969, -12739.00, -12740.24
18973, -12741.00, -12740.22
18978, -12740.00, -12740.24
18983, -12742.00, -12740.28
18988, -12740.00, -12740.33
18992, -12742.00, -12740.36
18997, -12741.00, -12740.42
19002, -12741.00, -12740.46
19007, -12742.00, -12740.52
19012, -12741.00, -12740.59
19017, -12741.00, -12740.61
19023, -12742.00, -12740.68
19028, -12741.00, -12740.73
19033, -12740.00, -12740.71
19038, -12740.00, -12740.67
19042, -12740.00, -12740.64
19046, -12741.00, -12740.63
19051, -12742.00, -12740.68
19056, -12740.00, -12740.70
19060, -12741.00, -12740.69
19065, -12739.00, -12740.65
19069, -12740.00, -12740.59
19075, -12740.00, -12740.55
19080, -12739.00, -12740.47
19085, -12740.00, -12740.42
19091, -12741.00, -12740.42
19096, -12740.00, -12740.43
19101, -12741.00, -12740.43
19107, -12740.00, -12740.44
19112, -12741.00, -12740.44
19117, -12740.00, -12740.45
19122, -12740.00, -12740.42
19128, -12741.00, -12740.42
19133, -12741.00, -12740.46
19139, -12741.00, -12740.50
19143, -12741.00, -12740.52
19148, -12740.00, -12740.52
19152, -12741.00, -12740.52
19157, -12742.00, -12740.57
19161, -12740.00, -12740.60
19165, -12741.00, -12740.59
19170, -12740.00, -12740.59
19174, -12740.00, -12740.56
19179, -12739.00, -12740.49
19184, -12740.00, -12740.43
19188, -12739.00, -12740.38
19194, -12740.00, -12740.32
19200, -12739.00, -12740.27
19204, -12741.00, -12740.25
19210, -12741.00, -12740.30
19214, -12742.00, -12740.37
19219, -12740.00, -12740.40
19224, -12740.00, -12740.37
19230, -12741.00, -12740.38
19235, -12741.00, -12740.42
19240, -12741.00, -12740.46
19245, -12741.00, -12740.49
19251, -12740.00, -12740.49
19255, -12740.00, -12740.46
19260, -12740.00, -12740.44
19265, -12740.00, -12740.41
19269, -12742.00, -12740.44
19274, -12740.00, -12740.48
19279, -12742.00, -12740.51
19284, -12741.00, -12740.56
19289, -12740.00, -12740.56
19294, -12742.00, -12740.59
19299, -12741.00, -12740.65
19304, -12741.00, -12740.67
19310, -12740.00, -12740.66
19315, -12740.00, -12740.62
19320, -12740.00, -12740.58
19325, -12740.00, -12740.55
19330, -12740.00, -12740.51
19335, -12741.00, -12740.51
19341, -12740.00, -12740.51
19345, -12740.00, -12740.48
19351, -12743.00, -12740.55
19355, -12740.00, -12740.60
19361, -12741.00, -12740.59
19365, -12740.00, -12740.58
19369, -12740.00, -12740.55
19374, -12742.00, -12740.58
19379, -12740.00, -12740.61
19384, -12740.00, -12740.57
19389, -12740.00, -12740.53
19394, -12740.00, -12740.50
19399, -12739.00, -12740.45
19403, -12741.00, -12740.42
19409, -12739.00, -12740.39
19415, -12739.00, -12740.29
19419, -12740.00, -12740.25
19424, -12741.00, -12740.26
19428, -12741.00, -12740.30
19433, -12740.00, -12740.32
19438, -12739.00, -12740.27
19442, -12740.00, -12740.23
19447, -12740.00, -12740.22
19452, -12740.00, -12740.20
19457, -12740.00, -12740.19
19463, -12739.00, -12740.14
19467, -12739.00, -12740.08
19472, -12739.00, -12740.02
19477, -12742.00, -12740.05
19481, -12740.00, -12740.10
19485, -12739.00, -12740.07
19490, -12740.00, -12740.03
19496, -12742.00, -12740.09
19501, -12740.00, -12740.15
19505, -12739.00, -12740.11
19510, -12740.00, -12740.08
19515, -12740.00, -12740.07
19519, -12740.00, -12740.07
19524, -12740.00, -12740.06
19529, -12740.00, -12740.06
19534, -12740.00, -12740.06
19539, -12739.00, -12740.03
19544, -12740.00, -12739.99
19549, -12740.00, -12739.99
19554, -12742.00, -12740.06
19560, -12740.00, -12740.12
19565, -12741.00, -12740.14
19570, -12740.00, -12740.17
19574, -12739.00, -12740.13
19580, -12739.00, -12740.05
19585, -12741.00, -12740.05
19589, -12740.00, -12740.07
19594, -12743.00, -12740.16
19599, -12740.00, -12740.24
19604, -12743.00, -12740.31
19608, -12740.00, -12740.37
19613, -12740.00, -12740.35
19618, -12739.00, -12740.30
19623, -12743.00, -12740.34
19628, -12741.00, -12740.44
19633, -12741.00, -12740.48
19637, -12740.00, -12740.48
19642, -12741.00, -12740.48
19646, -12741.00, -12740.51
19651, -12740.00, -12740.51
19655, -12741.00, -12740.51
19660, -12740.00, -12740.51
19664, -12740.00, -12740.48
19669, -12740.00, -12740.45
19674, -12741.00, -12740.45
19679, -12740.00, -12740.46
19684, -12739.00, -12740.40
19689, -12740.00, -12740.34
19693, -12740.00, -12740.32
19698, -12740.00, -12740.31
19702, -12739.00, -12740.26
19708, -12737.00, -12740.11
19712, -12740.00, -12740.02
19717, -12740.00, -12740.02
19723, -12739.00, -12739.98
19728, -12740.00, -12739.95
19733, -12739.00, -12739.93
19738, -12740.00, -12739.90
19742, -12740.00, -12739.91
19748, -12740.00, -12739.91
19753, -12742.00, -12739.98
19758, -12740.00, -12740.04
19762, -12739.00, -12740.01
19767, -12740.00, -12739.98
19773, -12740.00, -12739.99
19777, -12740.00, -12739.99
19783, -12741.00, -12740.02
19788, -12740.00, -12740.05
19794, -12740.00, -12740.05
19798, -12739.00, -12740.02
19803, -12740.00, -12739.99
19807, -12740.00, -12739.99
19813, -12741.00, -12740.02
19817, -12739.00, -12740.02
19822, -12742.00, -12740.05
19827, -12740.00, -12740.10
19832, -12743.00, -12740.19
19837, -12740.00, -12740.28
19842, -12740.00, -12740.26
19847, -12740.00, -12740.25
19851, -12740.00, -12740.23
19856, -12741.00, -12740.25
19861, -12741.00, -12740.29
19865, -12739.00, -12740.28
19870, -12741.00, -12740.26
19875, -12741.00, -12740.30
19879, -12740.00, -12740.31
19884, -12741.00, -12740.32
19888, -12740.00, -12740.33
19892, -12740.00, -12740.31
19897, -12740.00, -12740.30
19901, -12742.00, -12740.33
19905, -12740.00, -12740.37
19910, -12739.00, -12740.32
19915, -12740.00, -12740.27
19919, -12740.00, -12740.26
19924, -12741.00, -12740.27
19929, -12742.00, -12740.34
19933, -12740.00, -12740.38
19938, -12741.00, -12740.39
19943, -12739.00, -12740.37
19949, -12740.00, -12740.31
19953, -12742.00, -12740.35
19959, -12740.00, -12740.39
19964, -12739.00, -12740.34
19968, -12741.00, -12740.32
19973, -12740.00, -12740.33
19978, -12739.00, -12740.27
19983, -12740.00, -12740.23
19988, -12740.00, -12740.22
19993, -12741.00, -12740.23
19998, -12740.00, -12740.25
20003, -12741.00, -12740.27
20008, -12740.00, -12740.28
20013, -12741.00, -12740.29
20017, -12741.00, -12740.33
20022, -12740.00, -12740.34
20026, -12740.00, -12740.32
20031, -12740.00, -12740.31
20035, -12741.00, -12740.32
20040, -12740.00, -12740.33
20045, -12740.00, -12740.31
20049, -12741.00, -12740.32
20054, -12739.00, -12740.30
20060, -12739.00, -12740.21
20065, -12740.00, -12740.17
20071, -12741.00, -12740.19
20077, -12741.00, -12740.25
20082, -12742.00, -12740.33
20087, -12739.00, -12740.34
20092, -12740.00, -12740.29
20097, -12740.00, -12740.27
20102, -12741.00, -12740.29
20109, -12739.00, -12740.26
20113, -12740.00, -12740.22
20118, -12741.00, -12740.23
20123, -12738.00, -12740.19
20128, -12741.00, -12740.15
20133, -12740.00, -12740.17
20138, -12740.00, -12740.16
20143, -12741.00, -12740.18
20148, -12740.00, -12740.20
20153, -12740.00, -12740.19
20158, -12739.00, -12740.15
20163, -12739.00, -12740.08
20167, -12740.00, -12740.05
20173, -12740.00, -12740.05
20177, -12740.00, -12740.04
20184, -12740.00, -12740.04
20189, -12741.00, -12740.07
20193, -12741.00, -12740.12
20198, -12742.00, -12740.20
20203, -12740.00, -12740.25
20208, -12742.00, -12740.30
20212, -12742.00, -12740.39
20217, -12740.00, -12740.43
20221, -12741.00, -12740.43
20225, -12740.00, -12740.43
20231, -12741.00, -12740.44
20235, -12741.00, -12740.47
20239, -12740.00, -12740.47
20245, -12741.00, -12740.47
20249, -12740.00, -12740.47
20254, -12740.00, -12740.45
20258, -12739.00, -12740.39
20264, -12740.00, -12740.34
20268, -12740.00, -12740.32
20273, -12741.00, -12740.33
20278, -12739.00, -12740.31
20283, -12741.00, -12740.29
20288, -12740.00, -12740.30
20293, -12740.00, -12740.28
20298, -12742.00, -12740.33
20303, -12742.00, -12740.43
20308, -12740.00, -12740.47
20313, -12743.00, -12740.53
20317, -12743.00, -12740.66
20322, -12740.00, -12740.71
20327, -12740.00, -12740.67
20332, -12742.00, -12740.69
20336, -12740.00, -12740.71
20342, -12741.00, -12740.69
20348, -12740.00, -12740.68
20352, -12741.00, -12740.67
20357, -12740.00, -12740.66
20363, -12740.00, -12740.62
20367, -12740.00, -12740.58
20372, -12740.00, -12740.55
20377, -12740.00, -12740.51
20382, -12739.00, -12740.45
20387, -12740.00, -12740.40
20392, -12740.00, -12740.37
20397, -12740.00, -12740.35
20401, -12741.00, -12740.36
20405, -12740.00, -12740.37
20411, -12741.00, -12740.38
20415, -12740.00, -12740.38
20419, -12740.00, -12740.36
20424, -12741.00, -12740.37
20429, -12739.00, -12740.35
20433, -12740.00, -12740.30
20439, -12740.00, -12740.28
20443, -12740.00, -12740.27
20448, -12741.00, -12740.28
20453, -12741.00, -12740.32
20458, -12740.00, -12740.33
20462, -12740.00, -12740.31
20467, -12740.00, -12740.30
20472, -12740.00, -12740.28
20476, -12742.00, -12740.32
20481, -12740.00, -12740.35
20486, -12742.00, -12740.39
20490, -12740.00, -12740.42
20494, -12741.00, -12740.43
20499, -12741.00, -12740.46
20504, -12740.00, -12740.46
20509, -12740.00, -12740.43
20513, -12742.00, -12740.46
20518, -12739.00, -12740.47
20522, -12741.00, -12740.44
20527, -12741.00, -12740.47
20532, -12739.00, -12740.45
20536, -12741.00, -12740.42
20541, -12740.00, -12740.43
20545, -12741.00, -12740.43
20549, -12741.00, -12740.46
20554, -12740.00, -12740.46
20559, -12740.00, -12740.44
20564, -12740.00, -12740.41
20568, -12740.00, -12740.39
20573, -12740.00, -12740.37
20577, -12740.00, -12740.35
20582, -12740.00, -12740.33
20586, -12739.00, -12740.28
20590, -12740.00, -12740.24
20595, -12743.00, -12740.32
20600, -12742.00, -12740.43
20604, -12740.00, -12740.46
20609, -12740.00, -12740.44
20614, -12740.00, -12740.41
20618, -12741.00, -12740.42
20622, -12741.00, -12740.45
20627, -12741.00, -12740.48
20632, -12741.00, -12740.51
20636, -12741.00, -12740.54
20641, -12742.00, -12740.59
20646, -12740.00, -12740.62
20651, -12740.00, -12740.58
20655, -12739.00, -12740.52
20660, -12740.00, -12740.47
20664, -12742.00, -12740.50
20669, -12740.00, -12740.53
20674, -12740.00, -12740.50
20678, -12740.00, -12740.47
20683, -12741.00, -12740.47
20687, -12738.00, -12740.42
20692, -12741.00, -12740.37
20696, -12740.00, -12740.38
20700, -12740.00, -12740.36
20705, -12739.00, -12740.30
20711, -12738.00, -12740.19
20715, -12740.00, -12740.12
20720, -12740.00, -12740.12
20725, -12740.00, -12740.11
20729, -12741.00, -12740.13
20734, -12740.00, -12740.15
20739, -12740.00, -12740.14
20744, -12739.00, -12740.11
20748, -12740.00, -12740.07
20753, -12740.00, -12740.07
20758, -12740.00, -12740.06
20763, -12741.00, -12740.09
20767, -12741.00, -12740.14
20772, -12740.00, -12740.16
20777, -12740.00, -12740.15
20782, -12740.00, -12740.14
20786, -12740.00, -12740.14
20791, -12740.00, -12740.13
20796, -12740.00, -12740.12
20800, -12739.00, -12740.09
20806, -12740.00, -12740.05
20810, -12741.00, -12740.07
20815, -12740.00, -12740.10
20820, -12742.00, -12740.15
20826, -12740.00, -12740.21
20831, -12740.00, -12740.20
20836, -12740.00, -12740.19
20841, -12740.00, -12740.18
20847, -12741.00, -12740.20
20852, -12740.00, -12740.22
20858, -12738.00, -12740.13
20862, -12740.00, -12740.07
20867, -12741.00, -12740.09
20873, -12739.00, -12740.08
20878, -12740.00, -12740.04
20883, -12740.00, -12740.04
20888, -12740.00, -12740.04
20892, -12740.00, -12740.04
20897, -12739.00, -12740.01
20901, -12740.00, -12739.98
20907, -12740.00, -12739.98
20912, -12740.00, -12739.98
20916, -12740.00, -12739.98
20921, -12739.00, -12739.95
20927, -12741.00, -12739.96
20932, -12742.00, -12740.05
20936, -12742.00, -12740.16
20941, -12740.00, -12740.21
20946, -12740.00, -12740.19
20950, -12741.00, -12740.21
20955, -12740.00, -12740.23
20960, -12740.00, -12740.21
20964, -12740.00, -12740.20
20969, -12741.00, -12740.22
20974, -12741.00, -12740.27
20979, -12740.00, -12740.28
20983, -12740.00, -12740.27
20988, -12740.00, -12740.25
20992, -12739.00, -12740.21
20996, -12739.00, -12740.15
21001, -12740.00, -12740.11
21006, -12740.00, -12740.11
21011, -12740.00, -12740.10
21015, -12740.00, -12740.09
21019, -12740.00, -12740.09
21023, -12739.00, -12740.06
21028, -12739.00, -12740.00
21033, -12741.00, -12740.00
21037, -12741.00, -12740.05
21042, -12739.00, -12740.05
21047, -12739.00, -12739.97
21052, -12742.00, -12740.00
21058, -12740.00, -12740.07
21062, -12739.00, -12740.04
21066, -12740.00, -12740.01
21071, -12740.00, -12740.01
21076, -12741.00, -12740.04
21081, -12741.00, -12740.10
21087, -12741.00, -12740.16
21093, -12739.00, -12740.15
21097, -12741.00, -12740.14
21103, -12738.00, -12740.10
21108, -12741.00, -12740.06
21112, -12740.00, -12740.08
21117, -12740.00, -12740.08
21122, -12739.00, -12740.05
21126, -12740.00, -12740.02
21131, -12739.00, -12739.99
21136, -12740.00, -12739.96
21140, -12738.00, -12739.90
21145, -12741.00, -12739.88
21149, -12740.00, -12739.91
21154, -12740.00, -12739.92
21159, -12740.00, -12739.92
21164, -12741.00, -12739.96
21170, -12739.00, -12739.96
21175, -12741.00, -12739.96
21180, -12739.00, -12739.97
21185, -12740.00, -12739.94
21189, -12740.00, -12739.94
21194, -12739.00, -12739.92
21198, -12740.00, -12739.89
21203, -12741.00, -12739.93
21208, -12740.00, -12739.96
21213, -12740.00, -12739.97
21218, -12741.00, -12740.00
21223, -12740.00, -12740.03
21228, -12740.00, -12740.03
21232, -12740.00, -12740.02
21236, -12740.00, -12740.02
21241, -12740.00, -12740.02
21247, -12739.00, -12739.99
21251, -12741.00, -12739.99
21257, -12740.00, -12740.02
21262, -12740.00, -12740.02
21267, -12740.00, -12740.02
21272, -12740.00, -12740.02
21277, -12740.00, -12740.02
21282, -12740.00, -12740.02
21287, -12740.00, -12740.01
21292, -12741.00, -12740.04
21297, -12741.00, -12740.10
21302, -12740.00, -12740.13
21307, -12742.00, -12740.18
21311, -12739.00, -12740.20
21316, -12740.00, -12740.16
21320, -12740.00, -12740.15
21326, -12740.00, -12740.14
21331, -12739.00, -12740.10
21335, -12740.00, -12740.07
21339, -12740.00, -12740.07
21344, -12740.00, -12740.07
21348, -12740.00, -12740.06
21352, -12741.00, -12740.09
21358, -12739.00, -12740.08
21363, -12740.00, -12740.05
21367, -12740.00, -12740.05
21372, -12742.00, -12740.10
21376, -12742.00, -12740.21
21381, -12741.00, -12740.28
21385, -12740.00, -12740.29
21390, -12740.00, -12740.27
21395, -12740.00, -12740.26
21399, -12740.00, -12740.24
21405, -12740.00, -12740.23
21410, -12741.00, -12740.24
21414, -12740.00, -12740.26
21419, -12741.00, -12740.27
21424, -12739.00, -12740.26
21430, -12741.00, -12740.24
21434, -12740.00, -12740.25
21438, -12741.00, -12740.27
21443, -12740.00, -12740.28
21447, -12741.00, -12740.29
21451, -12740.00, -12740.30
21457, -12740.00, -12740.28
21462, -12742.00, -12740.33
21466, -12742.00, -12740.42
21471, -12740.00, -12740.46
21476, -12742.00, -12740.49
21481, -12741.00, -12740.55
21486, -12740.00, -12740.54
21491, -12740.00, -12740.52
21496, -12740.00, -12740.49
21501, -12740.00, -12740.46
21506, -12742.00, -12740.49
21510, -12741.00, -12740.54
21515, -12741.00, -12740.57
21521, -12742.00, -12740.64
21526, -12740.00, -12740.66
21530, -12740.00, -12740.62
21536, -12740.00, -12740.58
21540, -12741.00, -12740.58
21546, -12740.00, -12740.57
21550, -12739.00, -12740.51
21555, -12739.00, -12740.43
21560, -12740.00, -12740.37
21564, -12741.00, -12740.38
21569, -12741.00, -12740.41
21574, -12740.00, -12740.42
21578, -12741.00, -12740.42
21583, -12740.00, -12740.43
21587, -12739.00, -12740.37
21592, -12740.00, -12740.33
21597, -12740.00, -12740.30
21601, -12742.00, -12740.34
21606, -12741.00, -12740.41
21611, -12740.00, -12740.42
21615, -12740.00, -12740.39
21620, -12740.00, -12740.37
21625, -12740.00, -12740.35
21630, -12740.00, -12740.33
21635, -12740.00, -12740.31
21640, -12741.00, -12740.32
21645, -12740.00, -12740.33
21650, -12740.00, -12740.31
21655, -12740.00, -12740.29
21660, -12740.00, -12740.28
21664, -12739.00, -12740.23
21669, -12740.00, -12740.19
21674, -12741.00, -12740.21
21679, -12741.00, -12740.27
21684, -12740.00, -12740.28
21690, -12740.00, -12740.26
21696, -12742.00, -12740.31
21700, -12741.00, -12740.37
21705, -12740.00, -12740.38
21711, -12740.00, -12740.36
21716, -12739.00, -12740.31
21720, -12740.00, -12740.26
21726, -12741.00, -12740.28
21731, -12740.00, -12740.29
21736, -12740.00, -12740.27
21740, -12740.00, -12740.26
21745, -12741.00, -12740.27
21750, -12739.00, -12740.25
21755, -12740.00, -12740.21
21760, -12741.00, -12740.23
21765, -12742.00, -12740.30
21770, -12740.00, -12740.34
21774, -12740.00, -12740.32
21780, -12740.00, -12740.30
21785, -12740.00, -12740.28
21790, -12740.00, -12740.26
21794, -12741.00, -12740.28
21798, -12740.00, -12740.29
21804, -12741.00, -12740.30
21809, -12742.00, -12740.37
21813, -12741.00, -12740.44
21818, -12740.00, -12740.44
21824, -12740.00, -12740.41
21830, -12740.00, -12740.38
21835, -12742.00, -12740.42
21840, -12741.00, -12740.49
21846, -12740.00, -12740.49
21850, -12741.00, -12740.49
21856, -12740.00, -12740.49
21860, -12741.00, -12740.49
21865, -12741.00, -12740.52
21870, -12739.00, -12740.49
21875, -12740.00, -12740.44
21880, -12740.00, -12740.41
21884, -12741.00, -12740.41
21889, -12740.00, -12740.42
21894, -12741.00, -12740.42
21898, -12741.00, -12740.45
21903, -12740.00, -12740.46
21908, -12740.00, -12740.43
21912, -12741.00, -12740.43
21917, -12739.00, -12740.41
21922, -12741.00, -12740.38
21928, -12742.00, -12740.46
21933, -12740.00, -12740.49
21938, -12740.00, -12740.46
21944, -12739.00, -12740.39
21949, -12741.00, -12740.37
21953, -12739.00, -12740.35
21959, -12739.00, -12740.26
21963, -12740.00, -12740.22
21969, -12740.00, -12740.20
21975, -12740.00, -12740.19
21980, -12740.00, -12740.18
21984, -12740.00, -12740.17
21989, -12740.00, -12740.16
21994, -12742.00, -12740.21
21999, -12740.00, -12740.25
22004, -12741.00, -12740.27
22009, -12741.00, -12740.31
22014, -12739.00, -12740.29
22018, -12740.00, -12740.25
22023, -12741.00, -12740.26
22028, -12740.00, -12740.28
22033, -12741.00, -12740.29
22037, -12741.00, -12740.33
22041, -12737.00, -12740.26
22046, -12742.00, -12740.22
22050, -12740.00, -12740.26
22055, -12740.00, -12740.25
22059, -12739.00, -12740.20
22064, -12740.00, -12740.17
22068, -12741.00, -12740.18
22072, -12740.00, -12740.20
22077, -12740.00, -12740.19
22081, -12741.00, -12740.20
22085, -12740.00, -12740.22
22090, -12740.00, -12740.21
22094, -12741.00, -12740.22
22099, -12740.00, -12740.24
22103, -12740.00, -12740.23
22110, -12740.00, -12740.21
22114, -12740.00, -12740.20
22119, -12742.00, -12740.24
22124, -12740.00, -12740.29
22129, -12740.00, -12740.27
22134, -12740.00, -12740.26
22140, -12741.00, -12740.27
22145, -12741.00, -12740.32
22150, -12741.00, -12740.36
22156, -12740.00, -12740.37
22161, -12741.00, -12740.38
22166, -12740.00, -12740.39
22170, -12738.00, -12740.31
22176, -12740.00, -12740.23
22180, -12740.00, -12740.21
22185, -12741.00, -12740.23
22189, -12740.00, -12740.25
22194, -12742.00, -12740.29
22199, -12740.00, -12740.33
22204, -12740.00, -12740.31
22208, -12740.00, -12740.30
22213, -12740.00, -12740.28
22217, -12741.00, -12740.29
22222, -12741.00, -12740.33
22227, -12742.00, -12740.41
22231, -12740.00, -12740.44
22236, -12740.00, -12740.41
22241, -12740.00, -12740.39
22245, -12742.00, -12740.42
22250, -12739.00, -12740.43
22255, -12740.00, -12740.37
22260, -12740.00, -12740.35
22265, -12740.00, -12740.33
22269, -12740.00, -12740.31
22274, -12743.00, -12740.38
22279, -12740.00, -12740.44
22284, -12741.00, -12740.45
22289, -12741.00, -12740.48
22294, -12740.00, -12740.48
22300, -12742.00, -12740.52
22305, -12740.00, -12740.54
22310, -12740.00, -12740.51
22314, -12742.00, -12740.54
22318, -12741.00, -12740.59
22323, -12740.00, -12740.58
22327, -12740.00, -12740.55
22332, -12739.00, -12740.50
22336, -12739.00, -12740.42
22342, -12740.00, -12740.35
22346, -12741.00, -12740.36
22352, -12741.00, -12740.41
22357, -12739.00, -12740.38
22362, -12739.00, -12740.30
22367, -12739.00, -12740.22
22372, -12741.00, -12740.21
22378, -12741.00, -12740.26
22383, -12740.00, -12740.28
22388, -12739.00, -12740.23
22393, -12739.00, -12740.15
22399, -12740.00, -12740.11
22404, -12740.00, -12740.10
22409, -12739.00, -12740.07
22413, -12740.00, -12740.04
22418, -12740.00, -12740.04
22423, -12740.00, -12740.03
22428, -12740.00, -12740.03
22432, -12740.00, -12740.03
22436, -12739.00, -12740.00
22441, -12740.00, -12739.97
22445, -12741.00, -12740.00
22450, -12740.00, -12740.03
22454, -12740.00, -12740.03
22458, -12740.00, -12740.03
22463, -12739.00, -12740.00
22467, -12742.00, -12740.02
22471, -12739.00, -12740.05
22476, -12741.00, -12740.05
22480, -12741.00, -12740.10
22485, -12740.00, -12740.12
22489, -12742.00, -12740.17
22494, -12741.00, -12740.24
22498, -12741.00, -12740.28
22502, -12742.00, -12740.35
22507, -12740.00, -12740.38
22511, -12739.00, -12740.33
22516, -12740.00, -12740.28
22520, -12740.00, -12740.27
22525, -12739.00, -12740.23
22529, -12740.00, -12740.19
22533, -12741.00, -12740.20
22538, -12741.00, -12740.25
22542, -12740.00, -12740.26
22546, -12739.00, -12740.22
22551, -12740.00, -12740.18
22555, -12740.00, -12740.17
22560, -12740.00, -12740.16
22564, -12739.00, -12740.13
22568, -12742.00, -12740.15
22573, -12740.00, -12740.19
22577, -12740.00, -12740.18
22581, -12741.00, -12740.20
22586, -12740.00, -12740.22
22590, -12740.00, -12740.20
22594, -12740.00, -12740.19
22598, -12739.00, -12740.16
22603, -12740.00, -12740.12
22608, -12741.00, -12740.14
22613, -12740.00, -12740.16
22618, -12742.00, -12740.21
22623, -12740.00, -12740.27
22628, -12740.00, -12740.25
22633, -12740.00, -12740.24
22638, -12740.00, -12740.22
22644, -12740.00, -12740.21
22648, -12741.00, -12740.22
22654, -12740.00, -12740.24
22660, -12740.00, -12740.22
22665, -12740.00, -12740.21
22669, -12740.00, -12740.20
22674, -12739.00, -12740.16
22678, -12740.00, -12740.12
22683, -12739.00, -12740.09
22687, -12740.00, -12740.06
22692, -12740.00, -12740.05
22697, -12741.00, -12740.08
22702, -12740.00, -12740.10
22707, -12740.00, -12740.10
22711, -12741.00, -12740.12
22716, -12740.00, -12740.14
22721, -12741.00, -12740.17
22726, -12739.00, -12740.16
22730, -12741.00, -12740.15
22735, -12740.00, -12740.17
22740, -12742.00, -12740.22
22744, -12741.00, -12740.29
22749, -12741.00, -12740.33
22754, -12742.00, -12740.40
22758, -12740.00, -12740.43
22763, -12740.00, -12740.40
22768, -12740.00, -12740.38
22773, -12740.00, -12740.36
22778, -12742.00, -12740.39
22783, -12740.00, -12740.43
22787, -12739.00, -12740.38
22792, -12740.00, -12740.33
22796, -12740.00, -12740.31
22801, -12740.00, -12740.29
22806, -12740.00, -12740.27
22811, -12740.00, -12740.26
22816, -12740.00, -12740.24
22821, -12743.00, -12740.31
22826, -12741.00, -12740.43
22831, -12740.00, -12740.43
22837, -12740.00, -12740.40
22842, -12741.00, -12740.41
22847, -12741.00, -12740.45
22852, -12740.00, -12740.45
22857, -12740.00, -12740.42
22861, -12740.00, -12740.40
22866, -12741.00, -12740.41
22871, -12741.00, -12740.44
22876, -12740.00, -12740.45
22881, -12740.00, -12740.42
22886, -12741.00, -12740.42
22891, -12743.00, -12740.51
22895, -12742.00, -12740.62
22900, -12740.00, -12740.64
22904, -12742.00, -12740.66
22909, -12740.00, -12740.68
22914, -12739.00, -12740.61
22918, -12740.00, -12740.55
22923, -12742.00, -12740.58
22928, -12740.00, -12740.60
22932, -12742.00, -12740.63
22937, -12740.00, -12740.65
22942, -12740.00, -12740.61
22947, -12739.00, -12740.54
22952, -12741.00, -12740.51
22957, -12740.00, -12740.51
22961, -12740.00, -12740.48
22966, -12742.00, -12740.51
22970, -12740.00, -12740.54
22975, -12740.00, -12740.51
22980, -12740.00, -12740.48
22984, -12740.00, -12740.46
22988, -12739.00, -12740.40
22992, -12740.00, -12740.36
22997, -12742.00, -12740.39
23002, -12741.00, -12740.45
23006, -12740.00, -12740.45
23011, -12739.00, -12740.40
23015, -12740.00, -12740.35
23020, -12740.00, -12740.33
23025, -12743.00, -12740.40
23029, -12738.00, -12740.40
23034, -12740.00, -12740.32
23038, -12739.00, -12740.28
23043, -12740.00, -12740.23
23047, -12740.00, -12740.22
23052, -12740.00, -12740.21
23057, -12740.00, -12740.19
23061, -12740.00, -12740.18
23065, -12739.00, -12740.15
23070, -12740.00, -12740.11
23074, -12739.00, -12740.08
23079, -12739.00, -12740.02
23083, -12741.00, -12740.02
23088, -12741.00, -12740.07
23092, -12740.00, -12740.09
23096, -12740.00, -12740.09
23101, -12740.00, -12740.08
