6865, 2048, 5, 2048
6869, 2047, 5, 2046
6872, 2047, 5, 2047
6875, 2047, 5, 2047
6879, 2047, 4, 2047
6882, 2047, 0, 2048
6887, 2047, -8, 2047
6890, 2047, -13, 2047
6894, 2047, -19, 2047
6897, 2047, -26, 2047
6901, 2047, -34, 2047
6904, 2046, -49, 2046
6908, 2046, -69, 2046
6912, 2046, -96, 2045
6916, 2045, -112, 2044
6919, 2045, -129, 2044
6923, 2044, -148, 2044
6926, 2043, -179, 2042
6930, 2043, -209, 2041
6933, 2042, -236, 2040
6937, 2041, -258, 2041
6940, 2041, -281, 2041
6943, 2040, -309, 2038
6946, 2039, -348, 2035
6950, 2038, -386, 2035
6953, 2036, -418, 2035
6956, 2035, -449, 2034
6960, 2034, -477, 2033
6963, 2033, -513, 2032
6967, 2032, -567, 2028
6970, 2031, -609, 2029
6974, 2030, -645, 2028
6977, 2029, -684, 2028
6981, 2027, -724, 2026
6985, 2027, -777, 2026
6989, 2026, -831, 2023
6992, 2025, -873, 2024
6995, 2024, -922, 2023
7000, 2023, -959, 2021
7003, 2022, -1005, 2020
7007, 2021, -1066, 2019
7011, 2020, -1132, 2017
7015, 2018, -1173, 2016
7019, 2017, -1210, 2015
7022, 2016, -1251, 2015
7025, 2015, -1304, 2013
7029, 2014, -1360, 2011
7032, 2013, -1407, 2011
7036, 2012, -1453, 2012
7040, 2011, -1496, 2011
7043, 2010, -1558, 2009
7048, 2009, -1624, 2006
7051, 2008, -1678, 2004
7054, 2007, -1721, 2005
7058, 2006, -1762, 2006
7061, 2005, -1808, 2004
7064, 2004, -1861, 2001
7068, 2003, -1940, 1999
7072, 2001, -1995, 1999
7076, 2000, -2039, 1998
7079, 1999, -2080, 1999
7082, 1998, -2142, 1995
7086, 1996, -2207, 1991
7090, 1995, -2266, 1993
7093, 1993, -2314, 1990
7097, 1992, -2370, 1992
7101, 1990, -2428, 1987
7105, 1989, -2487, 1986
7109, 1988, -2547, 1985
7112, 1986, -2611, 1984
7117, 1985, -2670, 1984
7121, 1984, -2717, 1983
7124, 1983, -2768, 1980
7128, 1981, -2830, 1978
7131, 1980, -2883, 1976
7135, 1978, -2927, 1977
7138, 1977, -2968, 1977
7141, 1977, -3010, 1977
7145, 1976, -3064, 1973
7148, 1975, -3125, 1971
7152, 1974, -3173, 1972
7155, 1973, -3214, 1972
7158, 1971, -3253, 1970
7161, 1970, -3304, 1969
7165, 1969, -3376, 1965
7170, 1968, -3434, 1965
7174, 1966, -3477, 1965
7177, 1965, -3517, 1965
7181, 1964, -3557, 1961
7184, 1963, -3605, 1961
7187, 1962, -3662, 1958
7191, 1960, -3714, 1957
7195, 1959, -3768, 1958
7199, 1958, -3809, 1957
7203, 1956, -3857, 1954
7207, 1955, -3925, 1952
7211, 1954, -3990, 1950
7216, 1952, -4040, 1951
7221, 1951, -4085, 1949
7225, 1949, -4148, 1946
7229, 1948, -4202, 1945
7233, 1947, -4256, 1944
7237, 1945, -4290, 1945
7240, 1944, -4326, 1943
7244, 1943, -4369, 1941
7247, 1942, -4423, 1938
7251, 1941, -4471, 1938
7254, 1939, -4506, 1938
7258, 1938, -4539, 1939
7261, 1937, -4579, 1935
7265, 1936, -4624, 1933
7268, 1935, -4676, 1931
7272, 1933, -4717, 1931
7275, 1932, -4765, 1931
7280, 1931, -4812, 1929
7284, 1929, -4855, 1926
7288, 1928, -4905, 1924
7291, 1926, -4944, 1924
7295, 1925, -4978, 1924
7298, 1924, -5012, 1924
7301, 1923, -5046, 1922
7305, 1922, -5092, 1919
7308, 1921, -5139, 1917
7312, 1919, -5187, 1917
7316, 1918, -5222, 1916
7320, 1917, -5255, 1917
7323, 1916, -5302, 1914
7327, 1915, -5351, 1911
7331, 1913, -5403, 1910
7335, 1912, -5437, 1910
7339, 1911, -5470, 1911
7343, 1910, -5519, 1908
7347, 1908, -5569, 1904
7351, 1907, -5615, 1905
7355, 1906, -5660, 1904
7360, 1904, -5701, 1903
7364, 1903, -5745, 1900
7368, 1901, -5788, 1897
7371, 1900, -5836, 1896
7376, 1898, -5867, 1896
7379, 1897, -5897, 1897
7383, 1896, -5932, 1894
7386, 1894, -5975, 1890
7390, 1893, -6014, 1890
7393, 1892, -6046, 1890
7396, 1890, -6073, 1889
7399, 1889, -6101, 1889
7403, 1889, -6132, 1887
7406, 1888, -6171, 1885
7409, 1886, -6208, 1883
7412, 1885, -6239, 1884
7416, 1884, -6266, 1883
7419, 1883, -6293, 1881
7422, 1882, -6324, 1880
7425, 1881, -6363, 1879
7429, 1880, -6405, 1877
7433, 1878, -6439, 1877
7436, 1878, -6465, 1877
7439, 1876, -6490, 1874
7442, 1875, -6517, 1874
7445, 1874, -6553, 1872
7449, 1873, -6591, 1869
7452, 1872, -6624, 1871
7455, 1871, -6651, 1870
7458, 1870, -6675, 1869
7461, 1869, -6698, 1869
7465, 1869, -6725, 1868
7468, 1868, -6754, 1866
7471, 1867, -6788, 1863
7474, 1866, -6819, 1864
7478, 1865, -6844, 1865
7481, 1864, -6865, 1864
7484, 1863, -6883, 1863
7488, 1863, -6902, 1861
7491, 1862, -6924, 1861
7494, 1861, -6949, 1859
7497, 1860, -6979, 1857
7501, 1859, -7008, 1858
7504, 1858, -7031, 1857
7507, 1857, -7050, 1857
7511, 1857, -7066, 1857
7514, 1857, -7085, 1856
7519, 1856, -7101, 1855
7523, 1856, -7121, 1855
7527, 1855, -7146, 1852
7530, 1853, -7183, 1851
7535, 1852, -7210, 1850
7539, 1851, -7231, 1850
7542, 1850, -7250, 1850
7546, 1850, -7263, 1849
7549, 1849, -7274, 1850
7553, 1849, -7284, 1850
7556, 1849, -7294, 1849
7560, 1849, -7305, 1848
7564, 1849, -7317, 1849
7568, 1848, -7332, 1847
7571, 1847, -7352, 1845
7576, 1846, -7377, 1843
7580, 1845, -7398, 1843
7583, 1844, -7414, 1843
7586, 1843, -7428, 1844
7590, 1843, -7440, 1843
7593, 1843, -7450, 1842
7597, 1843, -7459, 1844
7600, 1843, -7468, 1843
7605, 1843, -7474, 1843
7608, 1843, -7480, 1843
7612, 1843, -7485, 1843
7615, 1843, -7490, 1843
7618, 1842, -7496, 1842
7622, 1842, -7503, 1842
7625, 1842, -7510, 1842
7628, 1842, -7518, 1842
7632, 1841, -7527, 1840
7635, 1841, -7539, 1840
7639, 1840, -7551, 1839
7642, 1839, -7564, 1837
7645, 1838, -7583, 1837
7650, 1838, -7598, 1838
7654, 1837, -7608, 1837
7657, 1837, -7617, 1836
7661, 1836, -7624, 1835
7664, 1836, -7630, 1837
7668, 1836, -7635, 1838
7671, 1836, -7640, 1836
7675, 1836, -7643, 1836
7678, 1836, -7645, 1836
7682, 1836, -7648, 1837
7685, 1836, -7651, 1836
7689, 1836, -7653, 1836
7693, 1836, -7655, 1836
7697, 1836, -7657, 1836
7700, 1836, -7658, 1836
7704, 1836, -7660, 1837
7708, 1836, -7662, 1836
7711, 1836, -7663, 1837
7715, 1836, -7665, 1836
7718, 1836, -7667, 1836
7721, 1836, -7670, 1836
7725, 1836, -7673, 1836
7728, 1835, -7676, 1835
7731, 1835, -7682, 1835
7735, 1835, -7688, 1836
7739, 1835, -7695, 1835
7743, 1835, -7703, 1835
7747, 1834, -7710, 1833
7751, 1834, -7718, 1833
7755, 1833, -7729, 1833
7759, 1833, -7737, 1832
7763, 1832, -7747, 1831
7767, 1832, -7755, 1832
7771, 1832, -7765, 1832
7775, 1831, -7773, 1832
7780, 1831, -7780, 1830
7783, 1831, -7788, 1831
7788, 1831, -7793, 1830
7791, 1830, -7799, 1830
7794, 1830, -7804, 1830
7798, 1830, -7810, 1830
7801, 1829, -7814, 1829
7804, 1829, -7818, 1830
7808, 1830, -7821, 1831
7811, 1829, -7823, 1829
7814, 1830, -7825, 1831
7818, 1830, -7826, 1829
7821, 1829, -7827, 1829
7824, 1829, -7827, 1830
7827, 1829, -7828, 1830
7831, 1829, -7828, 1830
7834, 1829, -7828, 1830
7837, 1829, -7828, 1829
7840, 1829, -7829, 1830
7845, 1829, -7830, 1830
7850, 1829, -7830, 1829
7853, 1829, -7830, 1830
7857, 1829, -7830, 1829
7861, 1829, -7830, 1829
7865, 1829, -7830, 1830
7869, 1829, -7830, 1830
7873, 1829, -7830, 1830
7877, 1829, -7830, 1829
7881, 1829, -7830, 1829
7885, 1829, -7830, 1830
7889, 1829, -7830, 1829
7892, 1829, -7830, 1830
7896, 1829, -7830, 1830
7899, 1830, -7829, 1831
7904, 1830, -7829, 1830
7908, 1830, -7829, 1829
7912, 1830, -7829, 1831
7915, 1830, -7829, 1829
7918, 1829, -7829, 1829
7922, 1829, -7829, 1829
7926, 1829, -7829, 1829
7930, 1829, -7830, 1829
7933, 1829, -7830, 1829
7936, 1829, -7829, 1829
7940, 1829, -7829, 1829
7943, 1829, -7829, 1829
7947, 1829, -7829, 1829
7950, 1829, -7829, 1829
7954, 1829, -7828, 1830
7958, 1829, -7828, 1829
7962, 1829, -7828, 1830
7965, 1829, -7828, 1829
7970, 1829, -7829, 1831
7973, 1829, -7829, 1829
7978, 1829, -7830, 1829
7981, 1829, -7830, 1830
7986, 1829, -7830, 1829
7989, 1829, -7830, 1828
7993, 1829, -7830, 1830
7996, 1829, -7830, 1830
8001, 1829, -7830, 1831
8004, 1829, -7830, 1829
8008, 1830, -7830, 1830
8011, 1830, -7830, 1830
8016, 1830, -7831, 1830
8020, 1829, -7831, 1830
8024, 1829, -7832, 1829
8027, 1829, -7832, 1830
8031, 1829, -7832, 1829
8035, 1829, -7833, 1829
8039, 1829, -7833, 1830
8042, 1829, -7833, 1830
8045, 1829, -7833, 1829
8049, 1829, -7833, 1831
8052, 1830, -7833, 1831
8055, 1830, -7833, 1830
8058, 1830, -7833, 1830
8062, 1830, -7833, 1830
8067, 1830, -7833, 1830
8071, 1830, -7833, 1830
8074, 1829, -7833, 1829
8079, 1830, -7834, 1831
8083, 1830, -7834, 1830
8087, 1830, -7834, 1830
8090, 1830, -7834, 1830
8094, 1830, -7834, 1831
8098, 1830, -7834, 1829
8102, 1830, -7834, 1830
8105, 1830, -7834, 1830
8109, 1830, -7835, 1830
8112, 1829, -7835, 1830
8116, 1830, -7835, 1830
8120, 1830, -7836, 1830
8124, 1829, -7836, 1829
8128, 1829, -7836, 1829
8131, 1829, -7836, 1830
8135, 1829, -7836, 1829
8139, 1829, -7836, 1830
8142, 1829, -7836, 1829
8147, 1829, -7835, 1829
8150, 1829, -7835, 1830
8154, 1829, -7836, 1829
8157, 1829, -7836, 1829
8161, 1829, -7837, 1830
8164, 1829, -7837, 1831
8167, 1829, -7838, 1830
8171, 1829, -7839, 1829
8174, 1829, -7839, 1829
8177, 1829, -7839, 1830
8181, 1829, -7840, 1828
8185, 1829, -7840, 1830
8188, 1829, -7841, 1830
8192, 1829, -7841, 1829
8195, 1829, -7841, 1830
8199, 1829, -7841, 1830
8203, 1829, -7842, 1829
8206, 1829, -7843, 1829
8209, 1829, -7843, 1828
8214, 1829, -7843, 1829
8217, 1829, -7843, 1830
8221, 1829, -7843, 1829
8226, 1829, -7844, 1830
8230, 1829, -7844, 1831
8234, 1829, -7844, 1828
8237, 1829, -7844, 1829
8241, 1829, -7844, 1830
8246, 1829, -7845, 1829
8249, 1829, -7845, 1830
8253, 1829, -7845, 1829
8257, 1829, -7845, 1829
8260, 1829, -7846, 1829
8264, 1829, -7847, 1828
8267, 1828, -7847, 1829
10280, 1828, -7867, 1829
10284, 1829, -7866, 1830
10287, 1829, -7866, 1829
10291, 1829, -7867, 1829
10294, 1829, -7868, 1829
10298, 1828, -7872, 1827
10301, 1828, -7884, 1826
10304, 1826, -7902, 1823
10308, 1825, -7917, 1824
10311, 1824, -7930, 1823
10314, 1823, -7944, 1823
10317, 1822, -7968, 1821
10321, 1821, -7994, 1817
10324, 1820, -8020, 1816
10327, 1818, -8042, 1816
10331, 1817, -8062, 1816
10334, 1816, -8080, 1816
10337, 1815, -8103, 1814
10340, 1815, -8132, 1813
10343, 1813, -8164, 1810
10347, 1812, -8192, 1810
10350, 1811, -8219, 1809
10354, 1810, -8244, 1809
10358, 1809, -8275, 1809
10362, 1808, -8319, 1804
10367, 1807, -8347, 1804
10370, 1806, -8370, 1805
10373, 1805, -8399, 1803
10378, 1803, -8439, 1800
10383, 1801, -8473, 1797
10386, 1800, -8503, 1798
10389, 1799, -8529, 1797
10393, 1797, -8557, 1796
10398, 1796, -8584, 1794
10401, 1795, -8614, 1792
10405, 1794, -8649, 1792
10409, 1792, -8685, 1789
10413, 1791, -8707, 1790
10417, 1790, -8732, 1789
10420, 1789, -8764, 1785
10424, 1787, -8801, 1785
10428, 1786, -8826, 1785
10432, 1785, -8847, 1785
10435, 1784, -8869, 1783
10439, 1783, -8894, 1781
10442, 1782, -8928, 1778
10445, 1780, -8957, 1777
10449, 1779, -8981, 1777
10452, 1777, -9002, 1776
10455, 1776, -9023, 1776
10458, 1776, -9049, 1775
10462, 1774, -9080, 1770
10465, 1773, -9108, 1772
10469, 1772, -9130, 1771
10472, 1771, -9150, 1771
10475, 1770, -9176, 1769
10479, 1770, -9207, 1767
10483, 1768, -9240, 1764
10487, 1767, -9269, 1764
10490, 1765, -9298, 1764
10495, 1764, -9321, 1763
10498, 1763, -9347, 1762
10502, 1762, -9381, 1758
10506, 1761, -9417, 1758
10510, 1759, -9441, 1757
10514, 1758, -9463, 1757
10517, 1757, -9489, 1755
10521, 1755, -9521, 1751
10525, 1754, -9551, 1752
10529, 1753, -9578, 1751
10532, 1752, -9598, 1751
10535, 1750, -9618, 1748
10539, 1750, -9652, 1749
10543, 1748, -9686, 1744
10547, 1747, -9712, 1744
10550, 1745, -9737, 1743
10554, 1744, -9762, 1744
10558, 1743, -9790, 1741
10562, 1741, -9817, 1737
10565, 1740, -9841, 1737
10568, 1739, -9865, 1737
10572, 1737, -9883, 1737
10575, 1736, -9903, 1736
10578, 1736, -9927, 1734
10582, 1735, -9958, 1732
10585, 1734, -9987, 1732
10589, 1733, -10013, 1731
10593, 1731, -10039, 1730
10597, 1730, -10061, 1728
10600, 1729, -10088, 1726
10604, 1727, -10122, 1722
10608, 1725, -10153, 1723
10613, 1724, -10179, 1723
10618, 1723, -10205, 1722
10621, 1721, -10240, 1719
10625, 1720, -10275, 1717
10629, 1719, -10300, 1718
10633, 1718, -10321, 1717
10637, 1717, -10348, 1715
10641, 1715, -10380, 1710
10645, 1714, -10410, 1710
10649, 1712, -10439, 1710
10653, 1710, -10462, 1709
10657, 1709, -10487, 1708
10660, 1708, -10520, 1706
10664, 1707, -10553, 1702
10668, 1705, -10584, 1703
10672, 1704, -10603, 1702
10675, 1702, -10623, 1701
10679, 1701, -10646, 1701
10682, 1700, -10676, 1696
10685, 1699, -10703, 1696
10689, 1698, -10725, 1697
10692, 1697, -10746, 1696
10695, 1696, -10776, 1695
10700, 1695, -10807, 1692
10704, 1693, -10837, 1689
10707, 1692, -10861, 1689
10711, 1690, -10888, 1689
10715, 1689, -10911, 1687
10719, 1688, -10938, 1687
10723, 1687, -10971, 1684
10726, 1685, -10998, 1682
10729, 1684, -11023, 1684
10733, 1683, -11045, 1680
10737, 1682, -11066, 1680
10740, 1680, -11091, 1677
10743, 1679, -11129, 1675
10748, 1677, -11154, 1676
10751, 1676, -11174, 1676
10755, 1675, -11195, 1674
10759, 1674, -11231, 1671
10763, 1673, -11271, 1669
10767, 1671, -11296, 1669
10771, 1670, -11316, 1670
10774, 1669, -11338, 1668
10778, 1668, -11360, 1665
10781, 1667, -11387, 1664
10784, 1665, -11414, 1662
10788, 1664, -11437, 1662
10791, 1662, -11457, 1660
10795, 1661, -11481, 1659
10799, 1660, -11508, 1658
10802, 1658, -11541, 1655
10806, 1657, -11566, 1655
10809, 1656, -11588, 1653
10812, 1655, -11610, 1655
10816, 1654, -11630, 1653
10819, 1653, -11655, 1650
10823, 1652, -11685, 1649
10826, 1651, -11711, 1648
10830, 1649, -11735, 1647
10834, 1648, -11757, 1647
10838, 1647, -11783, 1646
10841, 1646, -11812, 1643
10845, 1644, -11842, 1641
10848, 1643, -11868, 1642
10852, 1642, -11887, 1641
10855, 1641, -11907, 1640
10859, 1640, -11930, 1638
10862, 1639, -11961, 1634
10866, 1637, -11988, 1635
10869, 1636, -12011, 1635
10873, 1635, -12032, 1634
10876, 1634, -12056, 1633
10880, 1633, -12082, 1631
10883, 1632, -12110, 1628
10886, 1631, -12135, 1629
10889, 1629, -12154, 1626
10893, 1628, -12173, 1626
10896, 1626, -12193, 1625
10899, 1626, -12216, 1624
10903, 1624, -12248, 1620
10906, 1623, -12275, 1620
10909, 1622, -12297, 1621
10913, 1621, -12317, 1620
10916, 1620, -12340, 1619
10920, 1619, -12366, 1616
10923, 1618, -12395, 1614
10926, 1616, -12418, 1615
10929, 1615, -12438, 1612
10932, 1613, -12457, 1612
10936, 1612, -12478, 1610
10940, 1611, -12505, 1609
10943, 1609, -12535, 1606
10946, 1608, -12562, 1607
10949, 1607, -12584, 1606
10952, 1606, -12603, 1606
10956, 1606, -12623, 1605
10959, 1605, -12648, 1602
10962, 1603, -12679, 1600
10966, 1602, -12705, 1600
10970, 1601, -12727, 1599
10973, 1600, -12745, 1600
10976, 1599, -12766, 1598
10979, 1598, -12791, 1594
10983, 1596, -12821, 1592
10986, 1595, -12849, 1593
10989, 1594, -12872, 1593
10992, 1592, -12891, 1592
10996, 1591, -12911, 1589
10999, 1591, -12934, 1589
11002, 1589, -12964, 1585
11005, 1588, -12989, 1585
11009, 1586, -13011, 1585
11012, 1585, -13032, 1585
11016, 1584, -13056, 1584
11019, 1584, -13084, 1581
11023, 1582, -13116, 1579
11026, 1581, -13144, 1578
11030, 1580, -13167, 1578
11033, 1578, -13188, 1578
11037, 1577, -13209, 1576
11040, 1576, -13238, 1574
11044, 1575, -13270, 1571
11047, 1574, -13299, 1572
11051, 1573, -13320, 1572
11054, 1572, -13342, 1571
11057, 1571, -13366, 1569
11061, 1570, -13398, 1566
11065, 1568, -13430, 1565
11068, 1567, -13451, 1565
11071, 1565, -13470, 1564
11075, 1564, -13490, 1564
11078, 1563, -13514, 1560
11081, 1562, -13546, 1559
11085, 1561, -13577, 1558
11088, 1559, -13601, 1558
11092, 1558, -13623, 1557
11096, 1557, -13646, 1555
11099, 1556, -13670, 1553
11102, 1554, -13700, 1551
11105, 1553, -13726, 1551
11109, 1552, -13747, 1550
11112, 1551, -13769, 1550
11116, 1550, -13792, 1548
11119, 1549, -13821, 1547
11123, 1548, -13852, 1545
11126, 1546, -13880, 1544
11129, 1545, -13903, 1544
11132, 1544, -13924, 1541
11135, 1543, -13944, 1542
11139, 1542, -13969, 1539
11143, 1540, -14002, 1537
11146, 1539, -14032, 1537
11149, 1538, -14054, 1537
11153, 1537, -14077, 1535
11156, 1536, -14102, 1534
11159, 1535, -14128, 1532
11163, 1533, -14160, 1529
11166, 1531, -14186, 1529
11170, 1530, -14210, 1529
11173, 1529, -14231, 1529
11177, 1528, -14255, 1528
11180, 1528, -14285, 1525
11184, 1526, -14320, 1522
11187, 1525, -14348, 1523
11191, 1524, -14372, 1522
11194, 1522, -14393, 1522
11197, 1521, -14416, 1519
11200, 1520, -14443, 1517
11203, 1519, -14472, 1516
11207, 1518, -14497, 1516
11210, 1516, -14519, 1515
11213, 1516, -14538, 1516
11216, 1515, -14561, 1513
11219, 1514, -14589, 1510
11223, 1512, -14621, 1508
11226, 1511, -14650, 1509
11229, 1509, -14675, 1508
11233, 1508, -14697, 1507
11236, 1507, -14719, 1506
11239, 1506, -14746, 1503
11242, 1505, -14778, 1502
11246, 1503, -14806, 1501
11249, 1502, -14830, 1501
11252, 1501, -14852, 1501
11255, 1501, -14875, 1500
11258, 1500, -14902, 1498
11262, 1499, -14933, 1495
11265, 1497, -14962, 1495
11268, 1496, -14986, 1495
11271, 1495, -15008, 1493
11275, 1494, -15030, 1493
11278, 1493, -15057, 1491
11282, 1492, -15095, 1488
11285, 1490, -15125, 1487
11288, 1489, -15151, 1488
11291, 1488, -15174, 1489
11295, 1487, -15195, 1486
11298, 1486, -15221, 1484
11301, 1485, -15251, 1482
11304, 1484, -15283, 1481
11307, 1482, -15309, 1481
11311, 1482, -15332, 1482
11314, 1481, -15355, 1480
11317, 1480, -15380, 1477
11320, 1479, -15412, 1475
11324, 1477, -15444, 1474
11327, 1475, -15472, 1473
11330, 1474, -15494, 1474
11333, 1473, -15516, 1473
11336, 1473, -15539, 1472
11340, 1472, -15568, 1469
11343, 1470, -15604, 1466
11346, 1469, -15633, 1466
11349, 1468, -15658, 1467
11352, 1466, -15682, 1466
11356, 1466, -15705, 1465
11359, 1465, -15733, 1463
11362, 1463, -15767, 1458
11365, 1462, -15799, 1459
11368, 1460, -15824, 1458
11372, 1459, -15847, 1458
11375, 1458, -15871, 1459
11378, 1458, -15899, 1456
11381, 1456, -15933, 1452
11384, 1455, -15967, 1453
11388, 1454, -15994, 1452
11391, 1453, -16017, 1452
11394, 1451, -16039, 1450
11398, 1451, -16068, 1448
11401, 1449, -16103, 1447
11404, 1448, -16138, 1445
11407, 1447, -16167, 1446
11411, 1446, -16193, 1444
11414, 1445, -16217, 1446
11417, 1444, -16243, 1442
11420, 1443, -16274, 1440
11423, 1442, -16310, 1438
11427, 1441, -16344, 1439
11431, 1439, -16372, 1438
11434, 1438, -16397, 1437
11437, 1437, -16425, 1436
11440, 1436, -16457, 1432
11444, 1435, -16495, 1432
11447, 1433, -16526, 1431
11451, 1432, -16553, 1432
11454, 1431, -16578, 1428
11457, 1429, -16607, 1426
11460, 1428, -16641, 1425
11464, 1427, -16680, 1424
11467, 1425, -16710, 1425
11470, 1425, -16736, 1425
11473, 1424, -16760, 1423
11476, 1423, -16786, 1421
11480, 1422, -16819, 1418
11483, 1420, -16859, 1416
11486, 1419, -16892, 1417
11489, 1417, -16920, 1416
11492, 1416, -16945, 1416
11496, 1416, -16973, 1415
11499, 1415, -17004, 1412
11502, 1413, -17042, 1410
11505, 1412, -17077, 1410
11508, 1411, -17105, 1409
11512, 1409, -17132, 1408
11515, 1409, -17159, 1409
11518, 1408, -17190, 1405
11521, 1406, -17227, 1403
11524, 1405, -17265, 1402
11528, 1404, -17295, 1401
11531, 1402, -17321, 1402
11534, 1401, -17348, 1401
11537, 1401, -17380, 1399
11541, 1400, -17418, 1397
11544, 1398, -17458, 1395
11547, 1397, -17490, 1395
11550, 1396, -17517, 1395
11553, 1395, -17543, 1394
11557, 1394, -17573, 1395
11560, 1394, -17609, 1391
11563, 1392, -17651, 1389
11566, 1391, -17686, 1388
11569, 1390, -17715, 1390
11573, 1389, -17744, 1388
11576, 1388, -17774, 1386
11579, 1387, -17809, 1384
11582, 1385, -17851, 1381
11585, 1384, -17889, 1382
11589, 1382, -17923, 1380
11592, 1381, -17951, 1381
11595, 1380, -17980, 1380
11599, 1380, -18015, 1377
11602, 1378, -18057, 1374
11605, 1377, -18097, 1373
11608, 1375, -18129, 1375
11611, 1374, -18157, 1374
11615, 1373, -18187, 1372
11618, 1373, -18219, 1371
11621, 1372, -18259, 1368
11624, 1370, -18299, 1369
11627, 1369, -18334, 1367
11631, 1368, -18363, 1367
11634, 1367, -18391, 1365
11637, 1366, -18423, 1364
11640, 1365, -18461, 1362
11643, 1363, -18504, 1361
11647, 1362, -18540, 1361
11650, 1361, -18569, 1360
11653, 1360, -18597, 1360
11656, 1360, -18627, 1359
11659, 1359, -18663, 1356
11663, 1357, -18705, 1352
11666, 1356, -18742, 1353
11669, 1354, -18773, 1353
11672, 1353, -18800, 1352
11675, 1352, -18829, 1352
11679, 1351, -18862, 1349
11682, 1350, -18903, 1347
11685, 1349, -18939, 1347
11688, 1348, -18969, 1345
11691, 1346, -18998, 1346
11695, 1345, -19026, 1344
11698, 1344, -19058, 1342
11701, 1343, -19096, 1340
11704, 1342, -19135, 1338
11708, 1340, -19165, 1339
11711, 1339, -19192, 1339
11714, 1338, -19219, 1338
11717, 1338, -19250, 1336
11721, 1337, -19286, 1334
11724, 1335, -19323, 1332
11727, 1334, -19356, 1332
11731, 1333, -19382, 1332
11734, 1332, -19408, 1331
11737, 1331, -19436, 1328
11740, 1330, -19470, 1327
11743, 1328, -19507, 1325
11747, 1327, -19538, 1324
11750, 1326, -19563, 1326
11753, 1325, -19588, 1324
11756, 1324, -19615, 1323
11760, 1323, -19653, 1321
11763, 1322, -19692, 1319
11767, 1321, -19723, 1319
11770, 1319, -19749, 1317
11773, 1318, -19773, 1317
11776, 1317, -19798, 1315
11779, 1316, -19828, 1314
11783, 1315, -19865, 1312
11786, 1314, -19896, 1312
11789, 1312, -19922, 1310
11792, 1311, -19945, 1310
11795, 1310, -19971, 1308
11799, 1309, -19998, 1307
11802, 1307, -20033, 1303
11805, 1306, -20064, 1304
11808, 1305, -20091, 1303
11811, 1303, -20115, 1301
11815, 1302, -20139, 1302
11818, 1302, -20167, 1301
11821, 1301, -20199, 1298
11824, 1299, -20232, 1297
11827, 1299, -20260, 1297
11831, 1298, -20283, 1297
11834, 1297, -20306, 1296
11837, 1296, -20334, 1294
11841, 1295, -20365, 1291
11844, 1293, -20397, 1291
11847, 1292, -20424, 1290
11850, 1291, -20448, 1290
11854, 1290, -20473, 1288
11857, 1289, -20501, 1287
11861, 1288, -20531, 1285
11864, 1286, -20563, 1282
11867, 1284, -20590, 1282
11870, 1283, -20613, 1283
11874, 1282, -20634, 1281
11877, 1281, -20658, 1280
11880, 1280, -20685, 1278
11883, 1279, -20718, 1276
11886, 1278, -20745, 1276
11890, 1277, -20770, 1276
11893, 1276, -20791, 1277
11896, 1275, -20814, 1274
11899, 1275, -20842, 1272
11903, 1273, -20873, 1269
11906, 1272, -20900, 1270
11909, 1270, -20922, 1269
11912, 1269, -20943, 1269
11915, 1269, -20965, 1268
11919, 1268, -20992, 1264
11922, 1266, -21022, 1262
11925, 1265, -21050, 1262
11929, 1263, -21074, 1263
11932, 1262, -21095, 1261
11936, 1261, -21119, 1260
11939, 1260, -21147, 1257
11942, 1259, -21177, 1255
11946, 1257, -21203, 1255
11949, 1256, -21226, 1255
11952, 1255, -21247, 1254
11955, 1254, -21268, 1254
11959, 1253, -21292, 1251
11962, 1252, -21320, 1249
11965, 1251, -21346, 1248
11968, 1250, -21369, 1249
11971, 1249, -21391, 1248
11975, 1248, -21411, 1247
11978, 1247, -21434, 1245
11981, 1246, -21461, 1242
11984, 1244, -21489, 1241
11988, 1243, -21513, 1240
11991, 1241, -21535, 1241
11995, 1241, -21555, 1241
11998, 1240, -21577, 1237
12001, 1238, -21604, 1235
12004, 1237, -21633, 1233
12008, 1235, -21656, 1232
12011, 1234, -21675, 1234
12014, 1233, -21695, 1232
12017, 1232, -21717, 1230
12021, 1231, -21743, 1229
12024, 1230, -21771, 1227
12027, 1229, -21793, 1227
12030, 1228, -21813, 1228
12033, 1227, -21831, 1225
12036, 1226, -21851, 1225
12040, 1225, -21874, 1222
12043, 1224, -21901, 1220
12046, 1222, -21925, 1221
12049, 1221, -21945, 1220
12052, 1220, -21963, 1220
12056, 1220, -21982, 1219
12059, 1219, -22004, 1216
12062, 1217, -22030, 1214
12065, 1216, -22054, 1214
12068, 1215, -22074, 1214
12072, 1214, -22093, 1212
12075, 1213, -22110, 1211
12078, 1212, -22130, 1210
12081, 1210, -22156, 1207
12084, 1209, -22183, 1206
12088, 1207, -22203, 1205
12091, 1206, -22222, 1205
12094, 1205, -22240, 1205
12097, 1204, -22259, 1202
12101, 1204, -22283, 1203
12104, 1202, -22312, 1199
12108, 1201, -22332, 1200
12111, 1200, -22348, 1199
12114, 1200, -22365, 1199
12117, 1198, -22385, 1197
12120, 1197, -22409, 1194
12124, 1196, -22434, 1192
12127, 1194, -22455, 1192
12130, 1193, -22474, 1193
12133, 1192, -22491, 1190
12136, 1191, -22509, 1190
12140, 1190, -22531, 1187
12143, 1189, -22557, 1185
12146, 1187, -22579, 1185
12149, 1186, -22597, 1186
12153, 1185, -22614, 1185
12156, 1185, -22631, 1184
12159, 1184, -22651, 1181
12162, 1183, -22677, 1179
12165, 1181, -22700, 1178
12169, 1180, -22719, 1179
12172, 1179, -22736, 1178
12175, 1178, -22754, 1177
12178, 1177, -22774, 1175
12182, 1176, -22797, 1174
12185, 1175, -22820, 1172
12188, 1173, -22839, 1170
12191, 1172, -22857, 1172
12195, 1171, -22873, 1170
12198, 1170, -22891, 1169
12201, 1169, -22914, 1167
12204, 1168, -22938, 1164
12207, 1166, -22958, 1164
12211, 1165, -22975, 1165
12214, 1165, -22991, 1165
12217, 1164, -23011, 1163
12221, 1163, -23034, 1159
12224, 1162, -23058, 1158
12227, 1160, -23077, 1157
12231, 1159, -23094, 1159
12234, 1158, -23110, 1157
12237, 1157, -23128, 1156
12240, 1156, -23150, 1152
12244, 1155, -23173, 1153
12247, 1153, -23194, 1150
12250, 1152, -23211, 1151
12253, 1151, -23227, 1150
12257, 1150, -23244, 1149
12260, 1149, -23265, 1146
12263, 1148, -23289, 1145
12266, 1146, -23308, 1144
12270, 1145, -23325, 1144
12273, 1144, -23340, 1143
12276, 1143, -23356, 1143
12279, 1142, -23378, 1139
12283, 1141, -23401, 1137
12286, 1140, -23421, 1138
12289, 1139, -23439, 1138
12292, 1138, -23454, 1138
12296, 1137, -23471, 1136
12299, 1136, -23491, 1134
12302, 1135, -23514, 1131
12305, 1134, -23534, 1131
12308, 1132, -23552, 1130
12312, 1131, -23567, 1130
12315, 1130, -23583, 1129
12318, 1129, -23601, 1128
12321, 1128, -23623, 1125
12325, 1127, -23645, 1124
12328, 1126, -23663, 1125
12331, 1125, -23678, 1125
12334, 1124, -23694, 1123
12338, 1123, -23712, 1121
12341, 1122, -23734, 1119
12344, 1121, -23757, 1117
12347, 1119, -23776, 1118
12351, 1118, -23792, 1117
12354, 1117, -23808, 1116
12357, 1116, -23825, 1115
12360, 1115, -23846, 1113
12364, 1114, -23869, 1110
12367, 1113, -23889, 1112
12370, 1112, -23903, 1110
12373, 1111, -23917, 1110
12377, 1110, -23933, 1108
12380, 1109, -23954, 1106
12383, 1107, -23979, 1104
12387, 1106, -23999, 1103
12390, 1104, -24016, 1103
12393, 1103, -24031, 1102
12396, 1102, -24047, 1100
12399, 1101, -24065, 1099
12403, 1100, -24088, 1097
12406, 1098, -24108, 1096
12409, 1097, -24124, 1096
12412, 1097, -24138, 1097
12416, 1096, -24153, 1094
12419, 1095, -24171, 1092
12422, 1094, -24193, 1091
12425, 1092, -24214, 1090
12428, 1091, -24231, 1089
12432, 1090, -24247, 1089
12435, 1089, -24262, 1089
12438, 1088, -24280, 1086
12441, 1087, -24301, 1084
12445, 1086, -24321, 1084
12448, 1084, -24338, 1081
12451, 1083, -24353, 1083
12454, 1083, -24367, 1083
12458, 1082, -24383, 1081
12461, 1081, -24404, 1078
12464, 1080, -24426, 1078
12467, 1079, -24445, 1077
12471, 1078, -24461, 1078
12474, 1077, -24477, 1076
12477, 1076, -24494, 1073
12480, 1075, -24514, 1073
12483, 1074, -24537, 1071
12487, 1072, -24555, 1071
12490, 1071, -24571, 1069
12493, 1070, -24588, 1069
12497, 1069, -24607, 1068
12500, 1068, -24627, 1065
12504, 1066, -24649, 1063
12507, 1065, -24669, 1063
12510, 1064, -24684, 1063
12514, 1063, -24701, 1061
12518, 1062, -24719, 1060
12521, 1060, -24742, 1057
12525, 1059, -24766, 1058
12528, 1058, -24784, 1057
12531, 1057, -24801, 1056
12535, 1057, -24818, 1057
12538, 1056, -24836, 1054
12542, 1055, -24862, 1052
12545, 1053, -24885, 1050
12549, 1052, -24903, 1050
12552, 1051, -24919, 1049
12556, 1050, -24937, 1049
12560, 1048, -24960, 1046
12564, 1047, -24986, 1043
12568, 1046, -25009, 1043
12572, 1044, -25026, 1042
12575, 1043, -25042, 1043
12578, 1042, -25060, 1040
12581, 1041, -25081, 1038
12585, 1039, -25102, 1036
12588, 1038, -25119, 1037
12591, 1037, -25133, 1036
12594, 1036, -25148, 1036
12597, 1036, -25165, 1035
12601, 1035, -25187, 1031
12604, 1033, -25210, 1029
12608, 1032, -25228, 1030
12611, 1030, -25246, 1029
12615, 1029, -25262, 1028
12618, 1028, -25281, 1026
12622, 1027, -25304, 1025
12625, 1026, -25326, 1024
12629, 1025, -25343, 1023
12632, 1023, -25358, 1021
12635, 1022, -25373, 1021
12638, 1021, -25392, 1020
12642, 1020, -25413, 1016
12645, 1018, -25433, 1015
12648, 1017, -25451, 1016
12652, 1016, -25468, 1017
12655, 1015, -25484, 1014
12659, 1014, -25503, 1012
12662, 1013, -25526, 1010
12665, 1012, -25547, 1011
12668, 1011, -25565, 1010
12672, 1010, -25581, 1011
12675, 1010, -25596, 1009
12679, 1009, -25615, 1007
12682, 1008, -25640, 1004
12686, 1006, -25663, 1003
12689, 1005, -25682, 1004
12693, 1004, -25697, 1003
12696, 1003, -25712, 1002
12699, 1002, -25730, 999
12703, 1000, -25752, 996
12706, 999, -25773, 997
12709, 997, -25790, 995
12712, 996, -25805, 996
12715, 995, -25820, 993
12719, 994, -25842, 992
12723, 993, -25867, 992
12726, 992, -25888, 990
12730, 991, -25905, 990
12733, 990, -25921, 989
12737, 989, -25939, 987
12740, 988, -25961, 985
12744, 986, -25985, 983
12747, 985, -26003, 984
12750, 984, -26018, 984
12754, 983, -26032, 982
12757, 982, -26049, 981
12760, 982, -26069, 979
12764, 980, -26094, 977
12767, 979, -26112, 977
12770, 977, -26127, 975
12773, 976, -26143, 975
12777, 976, -26160, 976
12781, 974, -26183, 971
12784, 973, -26206, 970
12788, 972, -26223, 971
12791, 971, -26237, 971
12794, 970, -26252, 970
12797, 969, -26268, 967
12800, 969, -26288, 967
12804, 967, -26311, 964
12807, 966, -26329, 964
12811, 965, -26345, 963
12814, 964, -26360, 963
12817, 963, -26377, 962
12821, 962, -26399, 958
12824, 960, -26420, 958
12828, 959, -26439, 958
12831, 958, -26456, 958
12835, 957, -26472, 957
12838, 957, -26492, 955
12842, 955, -26516, 951
12845, 954, -26540, 951
12849, 952, -26560, 950
12853, 951, -26576, 950
12856, 950, -26593, 948
12859, 949, -26612, 947
12862, 947, -26635, 944
12866, 946, -26656, 944
12869, 945, -26675, 944
12872, 944, -26692, 943
12876, 943, -26711, 942
12880, 942, -26732, 939
12883, 941, -26757, 938
12887, 940, -26778, 938
12890, 938, -26795, 937
12893, 937, -26810, 937
12896, 937, -26827, 936
12900, 936, -26849, 934
12903, 934, -26877, 930
12907, 933, -26897, 931
12910, 932, -26915, 931
12914, 931, -26934, 931
12918, 930, -26953, 928
12921, 929, -26975, 926
12924, 928, -26998, 925
12927, 926, -27016, 923
12931, 925, -27033, 925
12934, 924, -27049, 923
12937, 923, -27067, 922
12941, 922, -27092, 919
12944, 921, -27116, 916
12948, 919, -27136, 918
12951, 918, -27153, 918
12954, 917, -27169, 916
12957, 916, -27187, 916
12961, 915, -27210, 911
12964, 914, -27233, 911
12967, 913, -27253, 913
12970, 912, -27269, 911
12974, 911, -27285, 911
12977, 911, -27303, 909
12980, 910, -27324, 907
12983, 908, -27347, 904
12987, 907, -27368, 905
12990, 905, -27385, 904
12993, 904, -27401, 904
12996, 903, -27419, 901
13000, 903, -27442, 901
13003, 901, -27468, 896
13006, 899, -27490, 897
13010, 898, -27510, 898
13013, 898, -27526, 898
13017, 897, -27543, 897
13020, 896, -27563, 894
13023, 895, -27588, 891
13026, 894, -27609, 892
13029, 893, -27627, 891
13033, 891, -27646, 890
13036, 890, -27666, 890
13040, 890, -27690, 888
13043, 888, -27716, 885
13047, 887, -27737, 886
13050, 886, -27755, 885
13053, 885, -27771, 885
13057, 884, -27791, 883
13060, 884, -27813, 881
13063, 882, -27840, 879
13067, 881, -27861, 878
13070, 879, -27879, 877
13073, 878, -27896, 878
13076, 877, -27915, 877
13080, 876, -27937, 874
13083, 875, -27962, 872
13086, 874, -27984, 872
13089, 873, -28003, 872
13092, 872, -28020, 871
13095, 871, -28037, 870
13099, 870, -28057, 868
13102, 869, -28083, 866
13106, 868, -28108, 865
13109, 866, -28126, 864
13112, 865, -28143, 866
13115, 865, -28161, 864
13118, 864, -28183, 864
13122, 863, -28208, 860
13125, 862, -28233, 859
13128, 861, -28253, 859
13131, 860, -28271, 859
13135, 859, -28289, 859
13138, 858, -28308, 855
13141, 857, -28332, 854
13144, 855, -28357, 851
13147, 854, -28377, 852
13151, 853, -28396, 853
13154, 852, -28413, 851
13157, 851, -28433, 851
13160, 850, -28457, 847
13164, 849, -28485, 846
13167, 848, -28507, 846
13170, 847, -28527, 846
13173, 846, -28544, 845
13176, 845, -28564, 843
13180, 844, -28586, 842
13183, 843, -28613, 840
13186, 841, -28637, 839
13189, 840, -28657, 840
13192, 839, -28676, 838
13196, 839, -28695, 838
13199, 838, -28718, 835
13202, 836, -28745, 831
13205, 835, -28770, 833
13208, 834, -28791, 833
13212, 832, -28809, 832
13215, 832, -28827, 831
13218, 831, -28848, 829
13221, 830, -28874, 826
13225, 828, -28902, 826
13228, 827, -28924, 826
13231, 826, -28944, 825
13234, 825, -28963, 825
13237, 825, -28984, 824
13240, 824, -29008, 821
13244, 822, -29036, 819
13247, 821, -29058, 819
13250, 820, -29078, 820
13253, 819, -29096, 820
13256, 819, -29114, 817
13259, 818, -29139, 815
13263, 817, -29168, 813
13266, 815, -29195, 813
13269, 814, -29218, 812
13272, 813, -29237, 813
13276, 812, -29258, 811
13279, 811, -29282, 810
13282, 810, -29310, 806
13285, 809, -29337, 807
13289, 808, -29358, 807
13292, 807, -29377, 806
13295, 806, -29397, 805
13298, 805, -29420, 804
13301, 804, -29451, 802
13305, 803, -29481, 799
13308, 801, -29505, 799
13311, 800, -29526, 800
13314, 799, -29547, 799
13318, 799, -29569, 798
13321, 798, -29596, 795
13324, 797, -29626, 794
13327, 796, -29652, 795
13331, 795, -29672, 793
13334, 794, -29693, 793
13337, 793, -29718, 790
13340, 792, -29746, 790
13344, 790, -29777, 788
13347, 789, -29803, 788
13350, 788, -29825, 787
13353, 788, -29845, 788
13356, 787, -29867, 786
13360, 786, -29894, 782
13363, 785, -29927, 782
13366, 784, -29955, 782
13369, 782, -29980, 781
13373, 781, -30002, 780
13376, 781, -30025, 780
13379, 780, -30050, 778
13382, 778, -30081, 773
13385, 777, -30110, 775
13389, 776, -30134, 774
13392, 774, -30155, 773
13395, 773, -30177, 773
13398, 773, -30205, 771
13402, 772, -30237, 769
13405, 770, -30268, 768
13408, 769, -30296, 768
13412, 769, -30320, 769
13415, 768, -30341, 766
13418, 767, -30368, 766
13422, 766, -30400, 762
13425, 764, -30434, 761
13428, 763, -30461, 761
13431, 762, -30484, 762
13434, 761, -30509, 760
13438, 760, -30536, 759
13441, 759, -30567, 757
13444, 758, -30601, 755
13447, 757, -30627, 755
13451, 756, -30650, 755
13454, 755, -30673, 753
13457, 754, -30700, 754
13460, 753, -30732, 751
13463, 752, -30767, 748
13467, 751, -30797, 750
13470, 750, -30823, 749
13473, 749, -30847, 748
13476, 748, -30871, 747
13479, 747, -30901, 744
13483, 746, -30938, 744
13486, 745, -30972, 742
13489, 743, -31000, 741
13492, 742, -31026, 741
13496, 741, -31052, 740
13499, 740, -31081, 738
13502, 739, -31118, 737
13505, 738, -31153, 736
13508, 737, -31182, 736
13512, 736, -31208, 736
13515, 736, -31234, 736
13518, 735, -31264, 734
13521, 734, -31300, 729
13524, 733, -31336, 731
13528, 731, -31365, 729
13531, 730, -31390, 731
13534, 730, -31414, 730
13537, 729, -31445, 725
13540, 728, -31480, 725
13544, 726, -31519, 721
13547, 724, -31552, 723
13550, 723, -31581, 722
13553, 722, -31607, 722
13556, 721, -31634, 721
13560, 721, -31669, 719
13563, 720, -31711, 718
13566, 719, -31751, 717
13569, 718, -31782, 717
13573, 717, -31809, 716
13576, 716, -31837, 715
13579, 715, -31868, 712
13582, 714, -31912, 711
13585, 712, -31951, 710
13589, 711, -31984, 711
13592, 710, -32012, 710
13595, 710, -32042, 709
13598, 709, -32074, 708
13601, 708, -32115, 706
13605, 707, -32157, 704
13608, 706, -32192, 704
13611, 705, -32222, 703
13614, 704, -32253, 704
13618, 703, -32288, 703
13621, 702, -32328, 699
13624, 701, -32370, 698
13627, 700, -32407, 697
13630, 698, -32438, 697
13634, 697, -32467, 695
13637, 696, -32501, 696
13640, 695, -32540, 692
13643, 694, -32587, 691
13646, 692, -32626, 690
13650, 692, -32659, 692
13653, 691, -32689, 690
13656, 690, -32725, 690
13659, 689, -32764, 687
13663, 688, -32811, 685
13666, 687, -32854, 684
13669, 686, -32889, 684
13672, 684, -32921, 684
13675, 684, -32954, 683
13679, 683, -32992, 681
13682, 682, -33040, 680
13685, 681, -33085, 678
13688, 679, -33124, 677
13691, 678, -33158, 678
13694, 678, -33192, 678
13698, 677, -33233, 675
13701, 676, -33281, 673
13704, 675, -33331, 671
13707, 674, -33371, 673
13711, 673, -33406, 674
13714, 672, -33441, 671
13717, 671, -33479, 670
13720, 671, -33526, 667
13723, 669, -33578, 666
13727, 668, -33624, 666
13730, 667, -33662, 666
13733, 666, -33698, 666
13736, 665, -33738, 664
13739, 665, -33784, 663
13743, 663, -33839, 660
13746, 662, -33889, 659
13749, 660, -33931, 658
13752, 660, -33969, 660
13755, 659, -34008, 658
13759, 658, -34054, 656
13762, 657, -34111, 653
13765, 655, -34166, 652
13768, 654, -34212, 651
13772, 652, -34251, 651
13775, 651, -34290, 652
13778, 651, -34335, 649
13781, 650, -34391, 648
13785, 649, -34448, 647
13788, 648, -34495, 646
13791, 647, -34536, 647
13794, 646, -34577, 646
13797, 646, -34620, 645
13801, 645, -34676, 643
13804, 644, -34735, 640
13807, 643, -34786, 641
13810, 641, -34827, 639
13813, 640, -34867, 640
13817, 639, -34909, 638
13820, 638, -34960, 635
13823, 637, -35022, 634
13826, 636, -35073, 634
13830, 635, -35115, 634
13833, 633, -35154, 632
13836, 633, -35198, 631
13839, 632, -35246, 630
13843, 630, -35303, 625
13846, 629, -35355, 627
13849, 628, -35399, 627
13852, 627, -35437, 627
13855, 626, -35477, 625
13859, 626, -35522, 624
13862, 624, -35576, 621
13865, 623, -35629, 620
13868, 622, -35672, 621
13872, 621, -35711, 620
13875, 620, -35748, 620
13878, 620, -35792, 619
13881, 619, -35844, 616
13884, 617, -35896, 613
13888, 616, -35941, 615
13891, 615, -35979, 614
13894, 614, -36017, 613
13898, 613, -36058, 612
13901, 612, -36107, 610
13904, 611, -36159, 608
13907, 610, -36202, 609
13910, 609, -36239, 607
13914, 608, -36274, 606
13917, 607, -36312, 605
13920, 606, -36357, 604
13923, 604, -36407, 602
13926, 603, -36451, 602
13929, 602, -36489, 600
13933, 601, -36523, 600
13936, 600, -36561, 600
13939, 600, -36601, 599
13942, 599, -36650, 596
13945, 598, -36695, 595
13949, 597, -36733, 596
13952, 596, -36766, 594
13955, 595, -36800, 594
13958, 594, -36838, 592
13961, 592, -36883, 588
13964, 591, -36930, 589
13968, 590, -36969, 589
13971, 589, -37005, 589
13974, 588, -37037, 588
13977, 588, -37075, 587
13981, 587, -37118, 585
13984, 586, -37166, 583
13987, 585, -37205, 582
13990, 584, -37240, 583
13994, 583, -37271, 582
13997, 581, -37305, 579
14000, 580, -37345, 578
14003, 579, -37392, 575
14006, 578, -37432, 577
14010, 577, -37465, 577
14013, 576, -37497, 576
14016, 576, -37530, 575
14019, 575, -37567, 571
14022, 574, -37612, 571
14026, 572, -37653, 570
14029, 571, -37689, 570
14032, 570, -37719, 569
14035, 569, -37750, 569
14039, 569, -37786, 567
14042, 568, -37828, 565
14045, 566, -37870, 564
14048, 565, -37906, 564
14051, 564, -37937, 563
14055, 563, -37965, 563
14058, 563, -38000, 561
14061, 561, -38041, 558
14064, 560, -38084, 557
14068, 559, -38119, 559
14071, 558, -38152, 557
14074, 557, -38183, 556
14078, 556, -38217, 554
14081, 555, -38257, 552
14084, 554, -38300, 551
14088, 552, -38337, 550
14092, 551, -38367, 550
14095, 550, -38400, 549
14099, 549, -38433, 548
14102, 548, -38474, 545
14105, 547, -38514, 543
14108, 545, -38546, 543
14112, 544, -38574, 543
14115, 543, -38604, 544
14118, 542, -38639, 540
14122, 541, -38686, 537
14126, 540, -38728, 539
14129, 539, -38759, 537
14133, 537, -38788, 536
14136, 537, -38818, 537
14139, 536, -38850, 534
14143, 535, -38891, 532
14146, 534, -38927, 533
14149, 533, -38956, 533
14152, 532, -38981, 532
14155, 532, -39008, 531
14158, 531, -39039, 529
14162, 530, -39076, 526
14165, 528, -39113, 525
14168, 527, -39143, 526
14171, 526, -39170, 526
14174, 525, -39195, 525
14177, 525, -39223, 523
14181, 524, -39257, 522
14184, 523, -39298, 519
14187, 521, -39329, 520
14190, 520, -39357, 518
14194, 519, -39382, 519
14197, 518, -39409, 517
14200, 517, -39441, 515
14203, 516, -39478, 513
14206, 515, -39511, 513
14210, 514, -39538, 513
14213, 513, -39564, 511
14216, 512, -39591, 512
14219, 511, -39621, 509
14222, 510, -39659, 509
14226, 509, -39694, 507
14229, 508, -39722, 507
14232, 507, -39746, 506
14236, 507, -39773, 506
14239, 505, -39804, 503
14242, 504, -39840, 501
14245, 503, -39873, 502
14249, 502, -39901, 501
14252, 501, -39927, 501
14255, 501, -39951, 500
14258, 500, -39979, 498
14261, 499, -40013, 495
14265, 497, -40050, 494
14268, 496, -40079, 495
14271, 494, -40104, 492
14274, 494, -40128, 494
14278, 493, -40155, 492
14281, 492, -40189, 491
14284, 491, -40223, 488
14287, 490, -40251, 488
14290, 489, -40275, 488
14294, 488, -40297, 489
14297, 487, -40323, 486
14300, 487, -40354, 484
14303, 485, -40389, 482
14306, 484, -40418, 482
14310, 483, -40443, 482
14313, 482, -40465, 481
14316, 481, -40490, 481
14319, 480, -40517, 478
14322, 479, -40552, 474
14326, 478, -40584, 478
14329, 477, -40612, 474
14332, 476, -40635, 476
14335, 475, -40658, 474
14338, 475, -40684, 474
14341, 473, -40715, 469
14345, 472, -40747, 470
14348, 471, -40773, 469
14351, 470, -40795, 468
14354, 469, -40818, 469
14358, 468, -40845, 468
14361, 467, -40876, 465
14364, 466, -40910, 463
14367, 465, -40937, 463
14370, 464, -40961, 463
14374, 463, -40983, 463
14377, 462, -41007, 462
14380, 461, -41036, 458
14383, 460, -41071, 458
14387, 459, -41099, 457
14390, 458, -41125, 456
14393, 457, -41147, 457
14396, 456, -41170, 456
14399, 455, -41196, 453
14402, 454, -41229, 449
14406, 452, -41259, 449
14409, 451, -41283, 449
14412, 450, -41304, 451
14415, 449, -41325, 449
14419, 449, -41352, 448
14422, 448, -41383, 445
14425, 447, -41413, 444
14428, 445, -41440, 443
14432, 445, -41466, 445
14436, 444, -41490, 443
14439, 443, -41516, 442
14442, 442, -41546, 437
14445, 441, -41576, 438
14448, 439, -41601, 437
14452, 438, -41624, 439
14455, 437, -41646, 437
14458, 437, -41671, 435
14461, 436, -41701, 433
14465, 435, -41732, 432
14468, 433, -41756, 432
14471, 432, -41777, 430
14474, 431, -41798, 431
14478, 430, -41821, 429
14481, 430, -41850, 428
14484, 428, -41882, 425
14487, 428, -41908, 427
14490, 427, -41931, 426
14494, 426, -41953, 425
14497, 425, -41975, 423
14500, 424, -42003, 421
14503, 423, -42034, 420
14507, 421, -42061, 420
14510, 420, -42082, 419
14513, 420, -42103, 420
14516, 419, -42125, 419
14519, 419, -42151, 417
14523, 417, -42183, 413
14526, 416, -42211, 414
14529, 415, -42234, 414
14532, 414, -42255, 413
14535, 413, -42277, 413
14539, 412, -42301, 410
14542, 411, -42332, 407
14545, 410, -42360, 407
14548, 409, -42384, 408
14552, 407, -42406, 407
14555, 407, -42426, 406
14558, 406, -42449, 403
14561, 405, -42477, 401
14564, 403, -42506, 400
14568, 402, -42531, 400
14571, 401, -42551, 402
14574, 400, -42570, 400
14577, 400, -42591, 398
14581, 399, -42619, 395
14584, 398, -42650, 395
14587, 396, -42675, 395
14590, 395, -42697, 396
14593, 394, -42717, 393
14597, 394, -42738, 393
14600, 393, -42761, 391
14603, 392, -42791, 388
14606, 390, -42815, 387
14610, 389, -42836, 390
14613, 389, -42854, 389
14616, 388, -42874, 387
14619, 387, -42899, 386
14622, 387, -42929, 383
14625, 385, -42957, 382
14629, 384, -42981, 382
14632, 383, -43001, 382
14635, 382, -43021, 381
14638, 381, -43044, 380
14641, 380, -43074, 376
14645, 378, -43101, 375
14648, 377, -43125, 377
14651, 376, -43145, 376
14654, 376, -43165, 376
14657, 375, -43188, 373
14661, 375, -43215, 373
14664, 373, -43246, 369
14667, 372, -43271, 372
14670, 371, -43292, 370
14674, 370, -43312, 370
14677, 369, -43333, 367
14680, 369, -43357, 366
14683, 367, -43387, 364
14686, 366, -43413, 364
14689, 365, -43435, 364
14693, 364, -43456, 364
14696, 363, -43477, 363
14699, 363, -43502, 361
14703, 362, -43532, 358
14706, 360, -43558, 358
14709, 359, -43580, 358
14712, 358, -43599, 359
14716, 357, -43618, 356
14719, 357, -43642, 355
14722, 356, -43671, 353
14725, 355, -43699, 352
14728, 353, -43723, 353
14732, 353, -43743, 352
14735, 352, -43762, 352
14738, 351, -43784, 350
14741, 350, -43811, 347
14744, 349, -43840, 347
14748, 348, -43863, 345
14751, 347, -43883, 346
14755, 345, -43906, 344
14758, 345, -43929, 344
14761, 344, -43957, 341
14765, 343, -43988, 340
14768, 342, -44012, 341
14771, 341, -44034, 341
14775, 340, -44054, 340
14778, 339, -44077, 337
14781, 339, -44104, 336
14784, 337, -44133, 333
14788, 336, -44156, 334
14791, 334, -44176, 334
14794, 334, -44197, 334
14798, 333, -44218, 332
14801, 332, -44247, 329
14804, 331, -44277, 327
14807, 330, -44302, 329
14811, 329, -44322, 328
14814, 327, -44342, 326
14817, 327, -44363, 326
14821, 326, -44390, 323
14824, 325, -44419, 322
14827, 323, -44442, 322
14830, 323, -44463, 322
14833, 322, -44482, 322
14836, 321, -44503, 321
14840, 321, -44527, 318
14843, 319, -44556, 315
14846, 318, -44581, 315
14849, 316, -44604, 315
14853, 315, -44624, 315
14856, 314, -44643, 314
14859, 314, -44667, 313
14862, 313, -44698, 310
14866, 312, -44725, 309
14869, 311, -44748, 310
14872, 310, -44771, 308
14876, 309, -44793, 308
14880, 308, -44818, 308
14883, 307, -44848, 304
14886, 306, -44873, 303
14889, 305, -44894, 303
14893, 304, -44913, 302
14896, 302, -44934, 302
14899, 302, -44960, 301
14903, 301, -44990, 297
14906, 300, -45017, 298
14909, 298, -45039, 296
14912, 298, -45060, 299
14916, 297, -45081, 298
14919, 297, -45104, 295
14922, 296, -45135, 293
14925, 295, -45162, 291
14929, 293, -45183, 291
14932, 292, -45203, 292
14935, 291, -45223, 291
14938, 290, -45246, 288
14942, 289, -45274, 287
14945, 288, -45303, 285
14948, 287, -45327, 286
14951, 286, -45348, 286
14955, 285, -45370, 284
14958, 284, -45395, 283
14962, 283, -45426, 280
14965, 282, -45455, 280
14969, 281, -45481, 279
14973, 280, -45503, 279
14976, 279, -45524, 279
14980, 278, -45553, 277
14983, 277, -45583, 272
14986, 276, -45610, 274
14989, 275, -45632, 273
14993, 273, -45652, 272
14996, 272, -45672, 272
14999, 272, -45697, 271
15002, 271, -45727, 269
15006, 270, -45754, 268
15009, 269, -45777, 267
15012, 268, -45797, 267
15015, 267, -45817, 266
15018, 266, -45841, 265
15022, 265, -45872, 261
15025, 264, -45904, 261
15029, 262, -45927, 261
15032, 261, -45947, 260
15036, 260, -45969, 259
15039, 259, -45996, 258
15043, 258, -46030, 256
15046, 257, -46058, 256
15049, 257, -46083, 256
15053, 256, -46103, 255
15056, 255, -46126, 255
15059, 254, -46152, 251
15063, 253, -46184, 250
15066, 252, -46212, 250
15070, 251, -46237, 249
15074, 249, -46260, 249
15077, 248, -46282, 246
15080, 248, -46310, 247
15083, 247, -46341, 244
15087, 245, -46369, 243
15091, 244, -46394, 243
15094, 244, -46414, 243
15097, 242, -46437, 241
15100, 241, -46467, 239
15104, 240, -46501, 238
15108, 239, -46529, 238
15112, 238, -46553, 237
15115, 237, -46579, 236
15119, 236, -46605, 234
15122, 235, -46639, 231
15126, 233, -46667, 231
15129, 232, -46690, 231
15132, 231, -46710, 231
15135, 230, -46730, 229
15139, 230, -46755, 229
15142, 229, -46786, 227
15145, 228, -46816, 225
15148, 227, -46841, 225
15151, 226, -46863, 226
15155, 225, -46885, 222
15158, 224, -46912, 222
15162, 223, -46948, 220
15166, 222, -46981, 220
15169, 220, -47007, 220
15173, 220, -47028, 219
15176, 219, -47052, 217
15180, 218, -47083, 216
15183, 217, -47120, 213
15187, 215, -47148, 213
15190, 214, -47174, 212
15194, 213, -47198, 212
15198, 212, -47225, 211
15201, 211, -47259, 208
15205, 209, -47293, 206
15208, 208, -47320, 206
15212, 207, -47346, 207
15215, 206, -47369, 205
15219, 205, -47394, 205
15222, 205, -47426, 203
15225, 204, -47460, 201
15229, 203, -47487, 201
15233, 202, -47509, 201
15236, 201, -47534, 199
15240, 200, -47566, 198
15243, 199, -47604, 196
15247, 197, -47633, 195
15250, 196, -47658, 194
15253, 195, -47681, 194
15257, 194, -47705, 195
15260, 193, -47733, 190
15263, 192, -47768, 188
15267, 191, -47796, 189
15270, 190, -47820, 188
15273, 188, -47842, 188
15276, 188, -47868, 188
15280, 187, -47901, 186
15283, 186, -47934, 182
15287, 185, -47964, 182
15290, 184, -47991, 182
15294, 183, -48016, 183
15298, 181, -48041, 180
15301, 181, -48074, 178
15304, 179, -48110, 176
15308, 178, -48138, 177
15311, 177, -48162, 177
15314, 176, -48190, 176
15318, 176, -48216, 175
15321, 175, -48251, 173
15325, 174, -48290, 171
15329, 173, -48321, 172
15333, 172, -48347, 170
15336, 171, -48373, 170
15340, 170, -48403, 168
15343, 169, -48437, 165
15346, 167, -48467, 166
15349, 166, -48492, 164
15353, 165, -48514, 166
15356, 165, -48538, 164
15359, 164, -48568, 163
15362, 163, -48604, 159
15366, 162, -48637, 159
15369, 161, -48666, 160
15373, 160, -48691, 160
15376, 159, -48718, 158
15380, 158, -48748, 155
15383, 157, -48788, 155
15387, 156, -48821, 154
15390, 155, -48849, 153
15394, 154, -48874, 154
15397, 153, -48900, 152
15400, 152, -48933, 150
15404, 151, -48971, 148
15407, 150, -49004, 149
15411, 149, -49031, 148
15415, 148, -49059, 148
15418, 147, -49089, 145
15422, 146, -49127, 142
15425, 145, -49165, 142
15428, 143, -49195, 141
15432, 142, -49221, 142
15435, 141, -49245, 140
15438, 141, -49273, 140
15442, 140, -49310, 137
15445, 138, -49349, 135
15448, 137, -49384, 136
15453, 136, -49417, 135
15457, 135, -49447, 132
15460, 134, -49483, 132
15464, 133, -49523, 131
15467, 132, -49555, 131
15470, 131, -49582, 130
15474, 130, -49607, 130
15477, 130, -49636, 128
15480, 129, -49670, 126
15484, 127, -49707, 124
15487, 126, -49739, 124
15490, 125, -49766, 123
15493, 124, -49792, 124
15497, 123, -49821, 123
15500, 123, -49859, 121
15504, 121, -49905, 118
15508, 121, -49941, 119
15511, 119, -49968, 117
15514, 118, -49995, 118
15517, 117, -50023, 116
15521, 116, -50059, 113
15524, 115, -50099, 111
15527, 114, -50137, 112
15531, 113, -50168, 113
15534, 112, -50199, 112
15538, 111, -50234, 110
15542, 111, -50281, 109
15545, 110, -50319, 107
15549, 108, -50355, 106
15553, 107, -50385, 107
15556, 106, -50414, 105
15559, 105, -50451, 104
15563, 104, -50494, 101
15566, 103, -50534, 101
15570, 102, -50568, 100
15574, 101, -50602, 100
15577, 100, -50635, 98
15581, 99, -50672, 96
15584, 97, -50719, 95
15588, 96, -50753, 94
15591, 95, -50781, 93
15594, 94, -50808, 94
15597, 93, -50839, 93
15601, 93, -50878, 91
15604, 92, -50920, 89
15607, 91, -50958, 89
15611, 90, -50991, 88
15614, 88, -51022, 87
15618, 88, -51058, 87
15622, 86, -51111, 83
15625, 85, -51151, 83
15629, 84, -51186, 84
15632, 84, -51218, 83
15635, 83, -51248, 82
15639, 82, -51281, 79
15642, 81, -51323, 79
15645, 79, -51367, 76
15649, 78, -51400, 78
15652, 77, -51428, 76
15655, 77, -51460, 77
15659, 76, -51497, 74
15663, 75, -51544, 71
15666, 74, -51581, 72
15670, 73, -51614, 72
15673, 72, -51641, 71
15676, 71, -51670, 69
15680, 70, -51707, 67
15683, 68, -51746, 64
15686, 67, -51780, 66
15690, 66, -51808, 65
15693, 65, -51838, 65
15697, 65, -51866, 65
15700, 64, -51901, 61
15703, 63, -51941, 60
15706, 62, -51974, 59
15710, 60, -52004, 59
15713, 59, -52031, 60
15716, 59, -52056, 58
15720, 58, -52091, 56
15723, 57, -52137, 54
15727, 56, -52171, 55
15730, 55, -52199, 53
15733, 54, -52225, 53
15737, 53, -52256, 51
15741, 52, -52289, 51
15744, 51, -52326, 48
15747, 50, -52356, 49
15751, 49, -52382, 49
15754, 48, -52408, 47
15757, 47, -52434, 46
15760, 47, -52465, 45
15763, 46, -52502, 43
15767, 44, -52534, 40
15771, 43, -52561, 42
15774, 42, -52585, 42
15777, 41, -52610, 40
15781, 40, -52642, 37
15784, 39, -52678, 37
15787, 38, -52707, 36
15790, 37, -52732, 35
15793, 36, -52755, 36
15797, 35, -52779, 35
15800, 35, -52807, 34
15803, 34, -52841, 30
15806, 33, -52872, 31
15809, 32, -52898, 31
15813, 31, -52921, 30
15816, 30, -52945, 29
15819, 29, -52972, 27
15823, 28, -53006, 25
15826, 27, -53038, 24
15830, 26, -53067, 25
15833, 24, -53088, 23
15836, 24, -53112, 23
15840, 23, -53140, 21
15843, 22, -53176, 18
15846, 20, -53208, 19
15850, 19, -53234, 18
15854, 18, -53260, 17
15857, 17, -53287, 17
15861, 17, -53319, 14
15865, 15, -53353, 12
15868, 14, -53379, 13
15871, 13, -53401, 13
15875, 12, -53425, 12
15878, 11, -53454, 9
15882, 10, -53487, 7
15886, 9, -53518, 6
15889, 8, -53543, 7
15893, 7, -53568, 7
15897, 6, -53591, 7
15900, 6, -53616, 4
15903, 5, -53648, 1
15906, 4, -53675, 2
15910, 3, -53699, 2
15913, 2, -53720, 1
15916, 1, -53742, 0
15920, 0, -53767, 4094
15923, 0, -53796, 4091
15926, -1, -53826, 4093
15930, -2, -53849, 4093
15933, -3, -53869, 4090
15937, -4, -53891, 4089
15940, -5, -53918, 4087
15944, -7, -53950, 4086
15947, -8, -53977, 4086
15951, -9, -54000, 4086
15954, -10, -54021, 4085
15958, -10, -54046, 4084
15961, -11, -54078, 4080
15965, -13, -54106, 4079
15969, -14, -54129, 4080
15972, -15, -54148, 4080
15975, -16, -54167, 4079
15978, -16, -54191, 4078
15982, -17, -54221, 4076
15985, -18, -54249, 4074
15989, -19, -54273, 4074
15992, -21, -54294, 4073
15996, -22, -54315, 4073
15999, -23, -54338, 4071
16002, -24, -54367, 4068
16006, -25, -54393, 4068
16009, -26, -54417, 4067
16013, -27, -54437, 4068
16017, -28, -54457, 4066
16020, -29, -54482, 4065
16023, -30, -54511, 4061
16027, -31, -54536, 4063
16030, -32, -54556, 4062
16033, -33, -54574, 4062
16036, -34, -54595, 4061
16040, -34, -54620, 4058
16044, -36, -54653, 4057
16048, -36, -54678, 4058
16051, -37, -54701, 4057
16055, -39, -54720, 4055
16059, -39, -54743, 4055
16062, -40, -54772, 4052
16066, -42, -54797, 4050
16069, -43, -54819, 4050
16073, -44, -54839, 4050
16077, -45, -54859, 4049
16080, -47, -54884, 4046
16084, -48, -54913, 4044
16088, -49, -54936, 4045
16091, -50, -54957, 4046
16095, -50, -54976, 4045
16098, -51, -54996, 4042
16102, -52, -55021, 4041
16105, -53, -55046, 4039
16109, -54, -55067, 4040
16112, -56, -55084, 4038
16116, -56, -55105, 4038
16120, -57, -55128, 4036
16124, -58, -55156, 4034
16127, -60, -55177, 4034
16131, -61, -55196, 4032
16134, -62, -55213, 4034
16137, -62, -55232, 4032
16141, -63, -55254, 4030
16144, -64, -55279, 4028
16147, -65, -55300, 4028
16150, -66, -55318, 4029
16154, -67, -55336, 4027
16157, -68, -55356, 4027
16161, -69, -55381, 4023
16165, -70, -55405, 4022
16169, -71, -55426, 4022
16172, -72, -55443, 4022
16176, -74, -55460, 4021
16179, -74, -55483, 4019
16183, -75, -55508, 4017
16186, -76, -55532, 4017
16190, -77, -55551, 4018
16194, -78, -55570, 4015
16198, -79, -55590, 4016
16201, -80, -55615, 4012
16205, -82, -55638, 4009
16209, -83, -55656, 4010
16212, -84, -55671, 4009
16215, -85, -55688, 4011
16219, -86, -55709, 4008
16223, -87, -55733, 4006
16226, -88, -55756, 4006
16230, -88, -55775, 4005
16233, -90, -55793, 4005
16237, -90, -55810, 4004
16240, -91, -55830, 4001
16244, -93, -55854, 4000
16247, -94, -55873, 4000
16250, -94, -55890, 4001
16254, -95, -55903, 4000
16257, -96, -55918, 3999
16261, -96, -55939, 3997
16264, -97, -55966, 3994
16268, -99, -55987, 3995
16272, -100, -56005, 3995
16276, -101, -56021, 3994
16279, -102, -56039, 3992
16282, -103, -56064, 3989
16286, -103, -56085, 3991
16290, -104, -56102, 3990
16293, -106, -56118, 3988
16297, -107, -56134, 3987
16300, -107, -56153, 3987
16304, -108, -56177, 3984
16308, -109, -56196, 3985
16311, -110, -56214, 3984
16315, -111, -56229, 3983
16318, -112, -56247, 3981
16322, -113, -56269, 3980
16325, -114, -56291, 3978
16329, -115, -56308, 3980
16332, -116, -56323, 3980
16335, -117, -56340, 3977
16339, -118, -56359, 3975
16343, -119, -56383, 3973
16346, -120, -56403, 3974
16349, -121, -56418, 3973
16353, -122, -56432, 3972
16356, -123, -56446, 3972
16359, -124, -56464, 3968
16363, -125, -56487, 3968
16366, -126, -56508, 3968
16369, -127, -56527, 3968
16373, -128, -56544, 3967
16377, -128, -56561, 3966
16380, -129, -56581, 3964
16384, -130, -56606, 3963
16387, -131, -56626, 3962
16391, -132, -56642, 3962
16394, -133, -56658, 3962
16398, -134, -56672, 3959
16401, -135, -56692, 3958
16404, -136, -56716, 3956
16408, -137, -56735, 3957
16412, -138, -56751, 3957
16415, -139, -56767, 3956
16419, -140, -56787, 3954
16423, -140, -56811, 3952
16426, -142, -56831, 3951
16429, -143, -56848, 3951
16433, -144, -56864, 3951
16436, -145, -56881, 3950
16440, -145, -56901, 3948
16443, -146, -56923, 3947
16447, -147, -56942, 3946
16451, -148, -56958, 3946
16455, -149, -56974, 3944
16458, -150, -56992, 3944
16462, -152, -57013, 3940
16465, -153, -57040, 3940
16470, -154, -57060, 3939
16474, -155, -57075, 3939
16477, -157, -57091, 3937
16481, -157, -57110, 3936
16484, -159, -57132, 3934
16487, -159, -57151, 3936
16491, -160, -57166, 3934
16494, -161, -57180, 3934
16498, -162, -57196, 3931
16502, -163, -57217, 3930
16505, -164, -57237, 3929
16508, -165, -57254, 3929
16512, -166, -57270, 3930
16515, -166, -57284, 3929
16518, -167, -57302, 3927
16522, -168, -57323, 3925
16525, -169, -57345, 3924
16529, -170, -57365, 3922
16533, -171, -57381, 3923
16536, -172, -57398, 3923
16540, -173, -57416, 3922
16543, -174, -57438, 3918
16547, -175, -57458, 3918
16551, -176, -57475, 3918
16555, -177, -57488, 3917
16558, -178, -57505, 3917
16562, -179, -57526, 3914
16565, -180, -57549, 3914
16569, -181, -57567, 3912
16573, -182, -57581, 3913
16576, -182, -57596, 3913
16579, -183, -57614, 3911
16583, -184, -57636, 3907
16586, -185, -57655, 3907
16590, -186, -57671, 3908
16593, -187, -57684, 3908
16596, -188, -57696, 3907
16600, -189, -57713, 3905
16603, -190, -57735, 3902
16607, -191, -57756, 3903
16611, -192, -57772, 3902
16614, -193, -57788, 3902
16618, -194, -57803, 3899
16621, -195, -57823, 3899
16625, -196, -57846, 3897
16628, -197, -57864, 3896
16632, -198, -57879, 3897
16636, -198, -57894, 3897
16639, -199, -57912, 3895
16643, -200, -57934, 3891
16647, -201, -57952, 3892
16650, -202, -57965, 3892
16653, -203, -57977, 3894
16657, -204, -57994, 3891
16661, -204, -58015, 3888
16665, -205, -58037, 3886
16669, -207, -58053, 3886
16672, -208, -58067, 3887
16676, -209, -58081, 3887
16679, -209, -58096, 3885
16682, -210, -58116, 3883
16686, -211, -58135, 3882
16689, -212, -58150, 3882
16692, -213, -58164, 3881
16696, -214, -58176, 3881
16699, -214, -58190, 3880
16702, -215, -58209, 3877
16706, -216, -58228, 3879
16710, -217, -58242, 3877
16713, -218, -58255, 3877
16717, -218, -58267, 3876
16720, -219, -58283, 3874
16724, -221, -58302, 3871
16727, -221, -58319, 3873
16731, -222, -58333, 3873
16734, -223, -58346, 3873
16738, -223, -58361, 3871
16742, -223, -58379, 3871
16745, -224, -58397, 3868
16749, -225, -58412, 3869
16753, -226, -58423, 3869
16756, -227, -58435, 3866
16759, -228, -58448, 3866
16763, -229, -58462, 3864
16766, -230, -58475, 3865
16769, -230, -58485, 3865
16772, -231, -58494, 3865
16776, -231, -58503, 3863
16779, -231, -58514, 3863
16782, -232, -58527, 3861
16786, -233, -58539, 3862
16789, -234, -58550, 3861
16792, -234, -58559, 3863
16796, -234, -58568, 3861
16799, -234, -58579, 3860
16802, -235, -58592, 3859
16805, -235, -58604, 3858
16809, -236, -58615, 3859
16813, -237, -58625, 3857
16816, -237, -58634, 3858
16819, -238, -58645, 3857
16823, -238, -58659, 3856
16826, -239, -58670, 3855
16829, -239, -58680, 3856
16833, -240, -58689, 3855
16836, -240, -58698, 3855
16839, -241, -58708, 3853
16843, -241, -58719, 3853
16846, -242, -58728, 3852
16850, -242, -58735, 3853
16853, -243, -58742, 3853
16856, -243, -58749, 3852
16860, -244, -58758, 3850
16863, -244, -58769, 3851
16866, -244, -58777, 3851
16870, -245, -58785, 3850
16873, -245, -58792, 3851
16876, -245, -58800, 3849
16879, -246, -58808, 3849
16883, -246, -58819, 3848
16886, -246, -58827, 3849
16890, -247, -58835, 3846
16893, -248, -58841, 3845
16896, -249, -58848, 3846
16900, -249, -58857, 3847
16903, -250, -58868, 3846
16906, -249, -58876, 3847
16910, -249, -58883, 3846
16914, -249, -58891, 3845
16917, -250, -58899, 3844
16921, -250, -58909, 3844
16925, -251, -58918, 3843
16929, -252, -58926, 3843
16932, -252, -58932, 3844
16935, -252, -58939, 3842
16939, -253, -58946, 3842
16942, -253, -58955, 3840
16946, -254, -58963, 3840
16949, -254, -58968, 3842
16953, -255, -58974, 3841
16957, -255, -58980, 3840
16960, -255, -58987, 3839
16964, -255, -58994, 3839
16968, -256, -58999, 3840
16971, -256, -59004, 3839
16974, -257, -59009, 3838
16978, -257, -59017, 3837
16982, -257, -59025, 3838
16985, -258, -59032, 3837
16989, -258, -59038, 3837
16992, -259, -59043, 3836
16996, -259, -59049, 3837
16999, -259, -59056, 3836
17003, -259, -59064, 3835
17006, -260, -59070, 3835
17009, -260, -59076, 3834
17013, -261, -59081, 3834
17016, -261, -59087, 3834
17019, -261, -59093, 3834
17023, -262, -59100, 3833
17026, -262, -59107, 3833
17029, -263, -59113, 3831
17033, -263, -59120, 3833
17037, -263, -59126, 3832
17040, -264, -59132, 3831
17043, -264, -59140, 3832
17047, -264, -59146, 3832
17050, -264, -59151, 3830
17053, -265, -59156, 3830
17057, -265, -59162, 3830
17060, -265, -59169, 3831
17063, -266, -59177, 3829
17067, -266, -59183, 3830
17070, -266, -59189, 3829
17073, -266, -59194, 3829
17077, -267, -59200, 3827
17080, -267, -59207, 3828
17083, -268, -59214, 3827
17087, -268, -59220, 3828
17090, -268, -59224, 3827
17093, -268, -59227, 3826
17097, -269, -59232, 3827
17100, -269, -59238, 3825
17103, -270, -59245, 3825
17107, -270, -59251, 3825
17111, -270, -59255, 3824
17114, -271, -59260, 3824
17117, -271, -59265, 3825
17121, -271, -59272, 3823
17124, -271, -59280, 3825
17127, -272, -59286, 3823
17132, -272, -59291, 3824
17135, -272, -59297, 3823
17139, -272, -59304, 3822
17142, -273, -59312, 3822
17146, -273, -59317, 3821
17149, -274, -59323, 3822
17153, -274, -59329, 3820
17156, -274, -59334, 3822
17160, -274, -59341, 3821
17163, -275, -59349, 3820
17167, -275, -59354, 3820
17171, -275, -59360, 3820
17174, -275, -59366, 3820
17178, -275, -59372, 3821
17181, -276, -59380, 3817
17185, -276, -59387, 3818
17189, -277, -59392, 3818
17192, -277, -59397, 3817
17196, -278, -59402, 3818
17199, -278, -59408, 3818
17203, -278, -59416, 3816
17207, -278, -59422, 3817
17210, -278, -59427, 3817
17214, -279, -59432, 3816
17217, -279, -59438, 3817
17221, -279, -59445, 3816
17224, -279, -59452, 3817
17228, -279, -59458, 3815
17231, -280, -59462, 3814
17234, -280, -59467, 3815
17238, -281, -59473, 3814
17241, -281, -59480, 3813
17244, -282, -59485, 3813
17248, -282, -59489, 3813
17252, -282, -59493, 3813
17255, -283, -59498, 3812
17258, -283, -59504, 3813
17262, -283, -59510, 3811
17266, -283, -59515, 3813
17269, -284, -59520, 3811
17273, -284, -59524, 3812
17276, -284, -59529, 3812
17279, -284, -59535, 3810
17282, -285, -59542, 3810
17286, -285, -59548, 3810
17290, -285, -59553, 3810
17293, -286, -59559, 3810
17297, -286, -59566, 3810
17301, -286, -59574, 3808
17304, -287, -59582, 3807
17308, -287, -59588, 3807
17312, -288, -59593, 3808
17315, -288, -59599, 3808
17319, -288, -59605, 3807
17322, -289, -59613, 3805
17325, -289, -59620, 3805
17329, -289, -59626, 3806
17333, -290, -59633, 3805
17336, -290, -59637, 3807
17339, -290, -59643, 3806
17343, -290, -59652, 3804
17346, -290, -59658, 3804
17349, -291, -59664, 3804
17352, -291, -59669, 3805
17356, -291, -59676, 3804
17359, -291, -59683, 3804
17363, -292, -59692, 3801
17366, -292, -59700, 3802
17370, -293, -59706, 3804
17374, -293, -59713, 3803
17377, -293, -59720, 3802
17381, -293, -59727, 3801
17384, -293, -59734, 3801
17387, -294, -59739, 3801
17391, -295, -59743, 3800
17394, -295, -59747, 3801
17397, -295, -59752, 3800
17401, -296, -59759, 3798
17404, -296, -59765, 3798
17408, -296, -59770, 3799
17412, -297, -59775, 3799
17415, -297, -59780, 3798
17419, -297, -59785, 3798
17422, -298, -59792, 3796
17426, -298, -59797, 3798
17429, -298, -59801, 3797
17432, -298, -59805, 3798
17436, -298, -59811, 3797
17440, -298, -59817, 3797
17444, -298, -59824, 3797
17447, -298, -59828, 3798
17451, -299, -59832, 3796
17454, -299, -59836, 3796
17457, -299, -59840, 3795
17461, -299, -59846, 3796
17464, -300, -59852, 3796
17467, -300, -59855, 3796
17471, -300, -59859, 3794
17474, -300, -59863, 3794
17478, -301, -59867, 3795
17481, -301, -59873, 3794
17484, -302, -59878, 3793
17487, -302, -59882, 3794
17491, -302, -59885, 3794
17494, -302, -59889, 3793
17497, -302, -59893, 3793
17501, -303, -59899, 3791
17504, -303, -59904, 3792
17507, -303, -59908, 3794
17511, -303, -59911, 3794
17514, -303, -59916, 3792
17517, -303, -59920, 3792
17521, -303, -59926, 3792
17524, -303, -59931, 3791
17527, -304, -59935, 3791
17530, -304, -59939, 3791
17534, -304, -59943, 3792
17537, -304, -59947, 3791
17540, -304, -59953, 3791
17544, -304, -59959, 3791
17547, -305, -59963, 3790
17550, -305, -59966, 3789
17554, -305, -59971, 3790
17557, -306, -59975, 3789
17560, -306, -59980, 3788
17564, -307, -59986, 3789
17567, -307, -59989, 3788
17570, -307, -59991, 3789
17574, -307, -59994, 3788
17577, -307, -59997, 3789
17580, -307, -60001, 3789
17584, -307, -60007, 3787
17587, -307, -60009, 3788
17591, -307, -60013, 3788
17594, -308, -60016, 3787
17597, -308, -60020, 3788
17601, -308, -60025, 3787
17604, -308, -60029, 3788
17607, -308, -60033, 3787
17611, -308, -60036, 3786
17614, -309, -60039, 3786
17617, -309, -60043, 3785
17621, -310, -60047, 3785
17624, -310, -60052, 3785
17627, -310, -60055, 3786
17631, -311, -60058, 3784
17634, -310, -60061, 3786
17637, -310, -60065, 3785
17641, -311, -60070, 3783
17644, -311, -60074, 3785
17648, -311, -60078, 3783
17651, -312, -60080, 3784
17654, -312, -60084, 3783
17658, -312, -60088, 3783
17661, -312, -60093, 3784
17665, -312, -60097, 3783
17668, -312, -60100, 3783
17671, -312, -60103, 3783
17674, -312, -60106, 3783
17678, -313, -60111, 3782
17681, -313, -60115, 3782
17684, -313, -60119, 3782
17687, -313, -60122, 3783
17691, -313, -60124, 3782
17694, -313, -60128, 3782
17698, -313, -60132, 3782
17701, -313, -60137, 3782
17705, -314, -60141, 3780
17708, -314, -60145, 3780
17712, -315, -60148, 3781
17716, -315, -60152, 3780
17719, -315, -60157, 3781
17723, -315, -60163, 3779
17726, -316, -60167, 3779
17730, -316, -60170, 3779
17734, -316, -60174, 3779
17737, -317, -60178, 3779
17741, -317, -60184, 3778
17744, -317, -60189, 3778
17747, -317, -60193, 3780
17751, -317, -60196, 3779
17754, -317, -60201, 3778
17758, -317, -60206, 3777
17761, -317, -60213, 3777
17765, -318, -60217, 3777
17768, -319, -60221, 3776
17771, -319, -60225, 3776
17775, -319, -60230, 3777
17778, -319, -60235, 3775
17782, -320, -60242, 3776
17785, -320, -60246, 3775
17789, -320, -60250, 3776
17792, -320, -60254, 3777
17796, -320, -60259, 3775
17800, -320, -60264, 3774
17803, -320, -60270, 3774
17807, -321, -60274, 3774
17810, -321, -60278, 3774
17814, -322, -60282, 3773
17817, -322, -60287, 3774
17820, -322, -60292, 3773
17824, -322, -60299, 3773
17827, -322, -60303, 3773
17830, -322, -60307, 3773
17834, -323, -60312, 3772
17837, -323, -60317, 3773
17841, -323, -60324, 3771
17844, -324, -60329, 3771
17848, -324, -60333, 3772
17851, -324, -60337, 3772
17854, -324, -60342, 3771
17858, -324, -60347, 3771
17861, -324, -60353, 3770
17864, -325, -60359, 3770
17868, -325, -60364, 3769
17872, -326, -60368, 3770
17875, -326, -60373, 3770
17879, -326, -60378, 3770
17882, -326, -60385, 3767
17885, -327, -60390, 3768
17889, -327, -60394, 3767
17892, -328, -60398, 3768
17895, -328, -60403, 3769
17899, -328, -60409, 3768
17902, -328, -60415, 3766
17905, -328, -60421, 3765
17909, -329, -60425, 3767
17912, -329, -60431, 3766
17916, -329, -60436, 3767
17919, -329, -60443, 3766
17923, -329, -60451, 3766
17926, -329, -60456, 3766
17930, -330, -60461, 3765
17933, -330, -60467, 3764
17937, -331, -60472, 3763
17940, -331, -60479, 3764
17943, -332, -60487, 3764
17947, -332, -60493, 3762
17950, -332, -60498, 3764
17953, -332, -60503, 3764
17957, -332, -60507, 3762
17960, -333, -60513, 3762
17963, -333, -60520, 3762
17967, -333, -60525, 3762
17970, -333, -60529, 3763
17973, -334, -60533, 3761
17976, -334, -60538, 3760
17980, -334, -60544, 3762
17983, -334, -60552, 3760
17986, -335, -60557, 3761
17989, -335, -60562, 3761
17993, -335, -60567, 3760
17996, -335, -60572, 3760
17999, -335, -60578, 3759
18002, -336, -60585, 3758
18006, -337, -60591, 3758
18009, -337, -60596, 3760
18012, -337, -60601, 3759
18016, -337, -60606, 3759
18019, -337, -60613, 3757
18022, -337, -60620, 3756
18025, -338, -60626, 3758
18029, -338, -60631, 3757
18032, -339, -60636, 3757
18035, -339, -60642, 3756
18038, -339, -60648, 3756
18042, -339, -60655, 3755
18045, -340, -60663, 3755
18048, -340, -60668, 3755
18051, -341, -60674, 3754
18055, -341, -60679, 3755
18058, -341, -60686, 3755
18061, -341, -60695, 3753
18065, -342, -60703, 3753
18068, -342, -60710, 3753
18071, -342, -60716, 3753
18074, -343, -60722, 3753
18078, -343, -60729, 3753
18081, -343, -60738, 3752
18084, -343, -60748, 3751
18087, -343, -60755, 3753
18091, -344, -60760, 3751
18094, -344, -60766, 3751
18097, -344, -60773, 3752
18101, -344, -60781, 3751
18104, -344, -60791, 3751
18107, -344, -60798, 3751
18110, -345, -60805, 3749
18114, -345, -60810, 3752
18117, -345, -60817, 3748
18120, -346, -60825, 3746
18123, -347, -60834, 3747
18126, -348, -60842, 3746
18130, -349, -60848, 3746
18133, -349, -60855, 3747
18136, -349, -60861, 3746
18139, -350, -60868, 3744
18143, -350, -60879, 3744
18146, -351, -60887, 3744
18149, -351, -60894, 3746
18153, -351, -60899, 3745
18156, -351, -60906, 3745
18159, -351, -60915, 3744
18163, -351, -60926, 3742
18166, -352, -60935, 3743
18169, -352, -60941, 3742
18173, -353, -60948, 3742
18176, -354, -60954, 3741
18179, -354, -60963, 3741
18182, -354, -60975, 3741
18186, -355, -60985, 3739
18189, -355, -60993, 3740
18192, -356, -61000, 3739
18196, -356, -61009, 3738
18199, -356, -61017, 3740
18203, -357, -61027, 3737
18206, -357, -61035, 3739
18209, -357, -61042, 3738
18212, -357, -61048, 3738
18216, -358, -61055, 3737
18219, -358, -61062, 3737
18222, -359, -61072, 3735
18225, -359, -61080, 3736
18229, -359, -61087, 3736
18232, -360, -61093, 3735
18235, -360, -61100, 3736
18239, -360, -61107, 3736
18242, -360, -61117, 3734
18246, -361, -61126, 3734
18249, -361, -61131, 3734
18253, -361, -61138, 3733
18256, -362, -61144, 3734
18260, -362, -61152, 3734
18263, -362, -61161, 3732
18267, -363, -61168, 3732
18270, -363, -61174, 3733
18273, -363, -61180, 3733
18277, -363, -61186, 3731
18280, -364, -61195, 3731
18283, -364, -61204, 3731
18286, -364, -61212, 3730
18290, -365, -61219, 3730
18293, -365, -61225, 3730
18297, -366, -61233, 3729
18300, -366, -61241, 3730
18304, -366, -61251, 3730
18307, -366, -61258, 3728
18310, -366, -61265, 3729
18314, -366, -61271, 3729
18317, -367, -61278, 3726
18320, -368, -61286, 3728
18324, -368, -61294, 3726
18327, -368, -61300, 3727
18330, -369, -61306, 3726
18333, -369, -61311, 3725
18337, -370, -61318, 3726
18340, -370, -61325, 3725
18344, -370, -61335, 3724
18347, -371, -61341, 3725
18351, -371, -61347, 3724
18354, -371, -61353, 3724
18358, -371, -61359, 3724
18361, -372, -61366, 3723
18364, -372, -61374, 3722
18367, -372, -61379, 3723
18371, -372, -61383, 3724
18374, -373, -61389, 3723
18377, -373, -61395, 3723
18380, -373, -61402, 3722
18384, -373, -61409, 3721
18387, -374, -61414, 3720
18390, -374, -61419, 3721
18393, -375, -61424, 3720
18397, -375, -61430, 3721
18400, -375, -61437, 3720
18403, -375, -61445, 3721
18407, -375, -61451, 3720
18410, -375, -61456, 3719
18413, -376, -61461, 3719
18416, -376, -61467, 3719
18420, -377, -61475, 3718
18423, -377, -61485, 3718
18426, -377, -61491, 3719
18430, -377, -61497, 3718
18433, -377, -61503, 3718
18436, -377, -61509, 3718
18439, -378, -61516, 3717
18443, -378, -61524, 3717
18446, -378, -61530, 3717
18449, -378, -61535, 3717
18452, -379, -61540, 3715
18456, -379, -61546, 3717
18459, -379, -61553, 3716
18462, -380, -61561, 3714
18465, -380, -61567, 3715
18469, -380, -61572, 3715
18472, -380, -61577, 3716
18475, -381, -61583, 3714
18479, -381, -61589, 3715
18482, -381, -61598, 3714
18485, -381, -61604, 3713
18489, -382, -61609, 3713
18492, -382, -61614, 3713
18495, -383, -61619, 3712
18499, -383, -61625, 3711
18502, -383, -61632, 3712
18505, -383, -61639, 3713
18508, -384, -61643, 3712
18511, -384, -61648, 3711
18515, -384, -61654, 3711
18518, -384, -61660, 3710
18521, -385, -61668, 3711
18524, -385, -61675, 3710
18528, -385, -61681, 3711
18531, -385, -61686, 3711
18534, -385, -61691, 3711
18537, -385, -61698, 3709
18541, -385, -61706, 3709
18544, -386, -61717, 3706
18547, -387, -61725, 3708
18551, -387, -61732, 3709
18554, -387, -61738, 3710
18557, -388, -61746, 3707
18561, -388, -61756, 3706
18564, -388, -61767, 3707
18567, -388, -61775, 3706
18570, -389, -61782, 3708
18574, -389, -61789, 3706
18577, -389, -61797, 3706
18581, -389, -61807, 3705
18584, -390, -61818, 3704
18588, -391, -61826, 3704
18591, -391, -61833, 3705
18595, -391, -61840, 3704
18598, -391, -61849, 3704
18601, -391, -61860, 3704
18605, -392, -61869, 3700
18609, -393, -61877, 3701
18613, -393, -61884, 3702
18616, -394, -61890, 3701
18619, -395, -61899, 3700
18623, -395, -61910, 3699
18627, -395, -61919, 3701
18630, -395, -61926, 3702
18634, -395, -61932, 3699
18637, -396, -61940, 3699
18640, -396, -61950, 3697
18644, -397, -61964, 3698
18647, -398, -61973, 3697
18651, -398, -61982, 3697
18654, -399, -61990, 3696
18657, -399, -62000, 3697
18661, -399, -62013, 3696
18664, -400, -62026, 3694
18668, -400, -62035, 3696
18671, -400, -62044, 3696
18675, -400, -62054, 3694
18679, -401, -62064, 3694
18682, -401, -62077, 3694
18685, -401, -62088, 3693
18688, -402, -62097, 3693
18692, -403, -62106, 3691
18695, -403, -62115, 3692
18699, -404, -62126, 3690
18703, -404, -62139, 3690
18706, -405, -62150, 3690
18710, -405, -62159, 3690
18713, -406, -62168, 3690
18717, -406, -62178, 3689
18721, -406, -62193, 3687
18724, -407, -62210, 3688
18728, -407, -62222, 3688
18732, -408, -62233, 3686
18735, -409, -62245, 3686
18739, -409, -62259, 3685
18743, -410, -62278, 3684
18746, -411, -62294, 3684
18749, -411, -62308, 3683
18753, -412, -62319, 3683
18756, -412, -62332, 3683
18760, -412, -62347, 3683
18764, -413, -62365, 3681
18767, -413, -62379, 3682
18771, -414, -62391, 3680
18775, -414, -62403, 3681
18778, -415, -62416, 3680
18782, -416, -62435, 3677
18785, -417, -62454, 3677
18789, -417, -62469, 3676
18792, -418, -62483, 3677
18796, -419, -62496, 3676
18799, -420, -62511, 3674
18802, -420, -62533, 3674
18806, -421, -62552, 3674
18810, -421, -62568, 3675
18813, -422, -62581, 3673
18817, -422, -62596, 3674
18821, -422, -62614, 3672
18824, -423, -62635, 3670
18828, -424, -62652, 3670
18832, -424, -62665, 3670
18835, -425, -62679, 3671
18839, -426, -62695, 3669
18843, -426, -62719, 3666
18846, -427, -62739, 3666
18849, -428, -62756, 3667
18853, -429, -62771, 3666
18856, -430, -62788, 3665
18860, -430, -62805, 3665
18863, -430, -62826, 3663
18866, -431, -62844, 3663
18870, -432, -62858, 3663
18873, -432, -62871, 3662
18876, -433, -62884, 3661
18880, -434, -62900, 3660
18883, -434, -62921, 3660
18887, -435, -62940, 3661
18890, -435, -62955, 3660
18893, -436, -62969, 3658
18897, -436, -62984, 3658
18900, -437, -63003, 3657
18903, -438, -63026, 3655
18907, -439, -63044, 3655
18910, -440, -63060, 3655
18914, -440, -63077, 3656
18917, -440, -63095, 3655
18921, -441, -63114, 3654
18924, -441, -63135, 3652
18928, -442, -63151, 3652
18931, -443, -63165, 3651
18935, -444, -63179, 3650
18938, -445, -63194, 3650
18942, -445, -63219, 3650
18946, -446, -63241, 3647
18949, -446, -63257, 3649
18952, -447, -63273, 3649
18955, -447, -63288, 3649
18959, -447, -63305, 3648
18962, -448, -63324, 3645
18965, -449, -63343, 3644
18968, -449, -63359, 3645
18972, -450, -63372, 3645
18975, -451, -63384, 3646
18978, -451, -63398, 3643
18981, -451, -63414, 3642
18984, -452, -63434, 3642
18988, -453, -63449, 3642
18991, -454, -63462, 3641
18995, -454, -63474, 3641
18998, -454, -63489, 3641
19001, -454, -63511, 3641
19005, -455, -63531, 3638
19009, -455, -63547, 3640
19012, -456, -63561, 3639
19016, -456, -63574, 3639
19019, -457, -63589, 3638
19022, -457, -63610, 3637
19026, -458, -63625, 3636
19030, -458, -63639, 3636
19033, -459, -63650, 3635
19037, -460, -63662, 3635
19040, -460, -63677, 3634
19043, -461, -63694, 3635
19047, -461, -63707, 3634
19050, -461, -63717, 3633
19054, -462, -63727, 3634
19057, -462, -63739, 3633
19060, -462, -63755, 3632
19064, -463, -63774, 3630
19067, -464, -63786, 3630
19070, -464, -63797, 3632
19074, -464, -63809, 3632
19077, -465, -63823, 3630
19081, -465, -63840, 3631
19084, -465, -63855, 3630
19088, -465, -63866, 3630
19091, -466, -63876, 3629
19094, -466, -63887, 3629
19097, -466, -63898, 3628
19101, -467, -63910, 3627
19104, -467, -63924, 3628
19107, -468, -63934, 3627
19110, -468, -63943, 3626
19114, -469, -63952, 3627
19117, -469, -63961, 3626
19120, -469, -63974, 3627
19123, -470, -63988, 3624
19127, -470, -64000, 3625
19130, -470, -64009, 3624
19133, -471, -64019, 3625
19137, -471, -64032, 3623
19141, -472, -64048, 3623
19144, -472, -64065, 3623
19148, -472, -64075, 3623
19151, -473, -64086, 3622
19155, -473, -64098, 3622
19159, -473, -64112, 3621
19162, -474, -64127, 3620
19165, -474, -64138, 3622
19168, -475, -64148, 3620
19172, -475, -64157, 3621
19175, -475, -64167, 3620
19179, -475, -64178, 3620
19182, -476, -64191, 3619
19185, -476, -64201, 3619
19188, -476, -64209, 3618
19192, -477, -64217, 3619
19195, -477, -64225, 3619
19198, -477, -64235, 3618
19201, -478, -64249, 3616
19205, -478, -64262, 3616
19209, -478, -64271, 3617
19212, -479, -64280, 3616
19216, -479, -64292, 3617
19220, -479, -64305, 3615
19223, -480, -64321, 3614
19227, -480, -64334, 3615
19230, -480, -64344, 3615
19234, -481, -64354, 3614
19237, -481, -64366, 3614
19241, -481, -64379, 3614
19244, -482, -64392, 3612
19247, -482, -64401, 3614
19250, -482, -64410, 3613
19254, -483, -64420, 3612
19258, -483, -64430, 3611
19261, -483, -64442, 3611
19264, -484, -64454, 3610
19267, -484, -64463, 3612
19271, -485, -64472, 3610
19274, -485, -64480, 3611
19278, -485, -64493, 3610
19281, -485, -64508, 3610
19284, -486, -64523, 3609
19288, -486, -64533, 3609
19291, -486, -64543, 3609
19295, -487, -64555, 3608
19298, -487, -64570, 3607
19302, -488, -64588, 3607
19305, -488, -64603, 3606
19308, -488, -64614, 3608
19312, -488, -64624, 3608
19315, -488, -64636, 3607
19319, -489, -64651, 3605
19322, -489, -64668, 3604
19326, -490, -64681, 3604
19330, -491, -64692, 3605
19333, -491, -64701, 3603
19336, -492, -64710, 3604
19339, -492, -64722, 3602
19343, -492, -64739, 3602
19346, -493, -64751, 3602
19349, -493, -64762, 3602
19353, -494, -64771, 3602
19356, -493, -64782, 3603
19359, -494, -64798, 3601
19362, -494, -64815, 3602
19366, -494, -64829, 3600
19369, -495, -64841, 3599
19372, -496, -64852, 3598
19376, -496, -64864, 3599
19379, -497, -64881, 3599
19383, -497, -64899, 3598
19386, -497, -64912, 3598
19390, -497, -64923, 3598
19393, -498, -64934, 3597
19397, -498, -64947, 3596
19401, -498, -64963, 3597
19404, -499, -64980, 3596
19408, -499, -64991, 3597
19411, -499, -65001, 3595
19415, -500, -65013, 3595
19418, -500, -65027, 3595
19421, -500, -65046, 3594
19425, -501, -65063, 3593
19428, -501, -65077, 3594
19432, -501, -65089, 3595
19435, -502, -65102, 3593
19439, -502, -65120, 3592
19443, -502, -65140, 3592
19446, -503, -65154, 3591
19449, -504, -65166, 3592
19453, -504, -65178, 3591
19457, -504, -65189, 3590
19460, -505, -65203, 3590
19463, -505, -65222, 3589
19467, -506, -65236, 3589
19471, -506, -65247, 3590
19475, -506, -65260, 3589
19478, -507, -65274, 3588
19482, -507, -65297, 3588
19486, -507, -65312, 3587
19489, -508, -65325, 3587
19492, -508, -65337, 3586
19496, -509, -65351, 3587
19499, -509, -65368, 3586
19503, -510, -65393, 3584
19507, -510, -65407, 3585
19510, -510, -65421, 3584
19514, -511, -65433, 3584
19517, -511, -65447, 3584
19520, -511, -65464, 3585
19524, -512, -65484, 3583
19527, -512, -65498, 3584
19531, -512, -65510, 3583
19534, -512, -65522, 3582
19537, -513, -65538, 3581
19541, -513, -65560, 3581
19544, -514, -65582, 3580
19547, -515, -65598, 3581
19551, -515, -65614, 3579
19554, -516, -65630, 3579
19558, -516, -65650, 3577
19562, -517, -65674, 3577
19566, -518, -65693, 3576
19569, -518, -65708, 3578
19573, -518, -65722, 3578
19576, -518, -65738, 3577
19580, -519, -65759, 3574
19584, -519, -65785, 3574
19587, -520, -65803, 3576
19591, -520, -65819, 3576
19595, -521, -65835, 3575
19598, -521, -65857, 3574
19602, -521, -65881, 3572
19606, -522, -65900, 3571
19609, -523, -65916, 3572
19612, -524, -65929, 3571
19615, -524, -65943, 3573
19619, -524, -65961, 3570
19622, -524, -65983, 3570
19626, -525, -66002, 3570
19630, -525, -66016, 3570
19633, -526, -66030, 3569
19636, -526, -66047, 3569
19640, -526, -66065, 3569
19643, -527, -66090, 3567
19647, -527, -66107, 3569
19651, -528, -66121, 3566
19654, -528, -66137, 3568
19658, -528, -66156, 3566
19662, -528, -66179, 3567
19666, -529, -66196, 3565
19669, -529, -66209, 3566
19673, -530, -66221, 3566
19676, -530, -66236, 3565
19680, -530, -66255, 3564
19683, -531, -66277, 3564
19687, -531, -66295, 3564
19691, -531, -66309, 3564
19694, -532, -66323, 3563
19698, -532, -66342, 3562
19702, -533, -66364, 3561
19705, -533, -66385, 3562
19709, -534, -66401, 3560
19713, -535, -66417, 3560
19717, -535, -66433, 3559
19720, -535, -66453, 3560
19724, -536, -66474, 3559
19727, -536, -66489, 3560
19730, -536, -66503, 3559
19734, -536, -66516, 3559
19737, -537, -66532, 3557
19740, -537, -66554, 3557
19744, -538, -66579, 3556
19747, -539, -66597, 3556
19751, -539, -66613, 3557
19754, -539, -66631, 3558
19758, -539, -66651, 3556
19762, -539, -66677, 3555
19765, -539, -66696, 3555
19769, -540, -66713, 3555
19772, -541, -66727, 3553
19776, -541, -66743, 3553
19779, -542, -66762, 3552
19782, -543, -66789, 3552
19786, -543, -66807, 3553
19790, -543, -66824, 3554
19794, -543, -66841, 3551
19798, -544, -66859, 3550
19801, -544, -66883, 3550
19804, -545, -66904, 3549
19808, -546, -66919, 3550
19812, -546, -66935, 3549
19815, -546, -66951, 3550
19819, -546, -66970, 3549
19823, -547, -66995, 3547
19826, -547, -67010, 3548
19830, -547, -67022, 3549
19833, -547, -67035, 3548
19836, -548, -67050, 3546
19840, -548, -67069, 3547
19843, -549, -67092, 3545
19847, -549, -67106, 3546
19850, -549, -67118, 3547
19853, -549, -67131, 3546
19857, -550, -67146, 3545
19860, -550, -67164, 3545
19863, -550, -67187, 3544
19867, -551, -67199, 3544
19870, -551, -67211, 3544
19874, -551, -67222, 3544
19877, -552, -67237, 3544
19881, -552, -67258, 3543
19884, -552, -67276, 3543
19888, -552, -67289, 3543
19892, -553, -67302, 3541
19896, -553, -67318, 3542
19900, -554, -67337, 3541
19903, -554, -67361, 3539
19906, -555, -67374, 3540
19910, -555, -67387, 3540
19913, -555, -67402, 3541
19917, -556, -67420, 3540
19921, -556, -67443, 3539
19925, -556, -67460, 3539
19929, -556, -67472, 3539
19932, -556, -67483, 3540
19936, -556, -67497, 3539
19939, -557, -67513, 3538
19942, -557, -67535, 3537
19946, -558, -67549, 3536
19950, -558, -67561, 3536
19953, -559, -67574, 3536
19957, -559, -67589, 3536
19960, -560, -67607, 3536
19963, -560, -67626, 3536
19967, -560, -67639, 3536
19970, -560, -67651, 3535
19974, -560, -67664, 3535
19977, -560, -67679, 3534
19980, -561, -67697, 3534
19984, -561, -67717, 3534
19988, -561, -67730, 3535
19991, -561, -67742, 3536
19995, -561, -67755, 3533
19999, -561, -67773, 3533
20002, -562, -67794, 3531
20005, -563, -67808, 3532
20009, -564, -67820, 3530
20012, -564, -67833, 3532
20016, -564, -67850, 3532
20020, -564, -67870, 3530
20023, -565, -67893, 3530
20027, -565, -67908, 3531
20030, -565, -67920, 3529
20034, -566, -67934, 3529
20037, -566, -67950, 3528
20041, -567, -67969, 3528
20044, -567, -67990, 3527
20048, -567, -68002, 3530
20051, -567, -68014, 3529
20055, -567, -68027, 3529
20058, -567, -68045, 3527
20062, -567, -68068, 3526
20065, -568, -68086, 3526
20069, -569, -68099, 3526
20072, -570, -68111, 3524
20075, -570, -68126, 3525
20079, -570, -68144, 3525
20082, -571, -68166, 3524
20085, -571, -68184, 3524
20089, -571, -68198, 3525
20093, -571, -68213, 3523
20096, -572, -68228, 3522
20100, -572, -68248, 3522
20104, -573, -68271, 3521
20107, -574, -68287, 3522
20111, -574, -68301, 3522
20114, -574, -68317, 3521
20118, -574, -68337, 3521
20122, -575, -68365, 3518
20126, -575, -68384, 3520
20130, -576, -68402, 3519
20133, -576, -68416, 3520
20137, -576, -68432, 3519
20140, -577, -68451, 3516
20143, -577, -68475, 3517
20147, -578, -68492, 3518
20151, -578, -68506, 3516
20154, -579, -68523, 3517
20158, -579, -68544, 3516
20162, -579, -68572, 3515
20166, -580, -68593, 3515
20169, -580, -68609, 3513
20173, -581, -68626, 3516
20176, -581, -68645, 3514
20180, -581, -68666, 3514
20183, -582, -68690, 3512
20187, -582, -68708, 3513
20190, -583, -68723, 3512
20194, -583, -68738, 3512
20197, -583, -68755, 3512
20200, -584, -68777, 3510
20204, -585, -68802, 3509
20207, -585, -68818, 3511
20210, -585, -68833, 3511
20214, -586, -68850, 3508
20217, -586, -68871, 3508
20221, -587, -68897, 3507
20225, -588, -68918, 3506
20228, -588, -68935, 3507
20232, -589, -68950, 3507
20235, -589, -68963, 3506
20239, -589, -68982, 3506
20242, -589, -69005, 3505
20245, -590, -69022, 3505
20249, -590, -69035, 3506
20252, -590, -69049, 3505
20256, -590, -69064, 3505
20260, -591, -69084, 3503
20263, -591, -69108, 3503
20267, -592, -69123, 3504
20271, -592, -69136, 3503
20274, -593, -69149, 3502
20278, -593, -69165, 3501
20281, -593, -69185, 3502
20285, -594, -69205, 3501
20288, -594, -69217, 3502
20292, -594, -69229, 3502
20295, -594, -69241, 3500
20298, -595, -69256, 3499
20302, -595, -69274, 3500
20305, -595, -69289, 3500
20308, -596, -69300, 3499
20312, -596, -69312, 3500
20316, -596, -69326, 3498
20319, -596, -69343, 3499
20323, -597, -69363, 3497
20326, -597, -69377, 3497
20330, -598, -69390, 3497
20334, -598, -69402, 3496
20337, -599, -69417, 3496
20341, -599, -69434, 3496
20344, -600, -69451, 3494
20348, -600, -69461, 3495
20351, -600, -69471, 3496
20354, -600, -69482, 3496
20358, -601, -69494, 3494
20361, -601, -69510, 3494
20364, -601, -69525, 3494
20368, -601, -69536, 3493
20371, -602, -69545, 3493
20375, -602, -69558, 3493
20379, -603, -69574, 3492
20382, -603, -69594, 3490
20386, -604, -69604, 3491
20389, -604, -69613, 3492
20392, -604, -69622, 3492
20396, -604, -69634, 3491
20399, -604, -69649, 3491
20402, -604, -69667, 3490
20406, -605, -69677, 3490
20409, -605, -69686, 3491
20412, -605, -69697, 3490
20416, -606, -69711, 3489
20420, -606, -69725, 3488
20423, -606, -69740, 3488
20427, -607, -69748, 3488
20430, -607, -69756, 3488
20433, -607, -69764, 3489
20436, -607, -69775, 3488
20440, -608, -69790, 3487
20443, -608, -69807, 3486
20446, -608, -69817, 3487
20449, -609, -69827, 3486
20453, -609, -69836, 3485
20456, -610, -69849, 3486
20460, -610, -69864, 3485
20463, -610, -69882, 3484
20466, -611, -69894, 3484
20469, -611, -69904, 3485
20473, -611, -69915, 3485
20476, -611, -69928, 3484
20479, -611, -69944, 3484
20483, -612, -69963, 3481
20486, -612, -69975, 3483
20490, -613, -69987, 3482
20493, -614, -69997, 3480
20496, -614, -70010, 3483
20500, -614, -70025, 3481
20503, -614, -70046, 3480
20506, -615, -70061, 3480
20510, -615, -70073, 3478
20513, -616, -70085, 3479
20516, -616, -70099, 3479
20520, -617, -70117, 3477
20523, -618, -70142, 3476
20526, -618, -70160, 3476
20529, -619, -70175, 3477
20533, -619, -70190, 3476
20536, -619, -70208, 3476
20540, -620, -70227, 3475
20543, -620, -70251, 3473
20546, -621, -70272, 3474
20550, -621, -70288, 3475
20554, -621, -70304, 3474
20557, -622, -70322, 3473
20561, -622, -70346, 3472
20564, -623, -70373, 3470
20567, -624, -70395, 3470
20570, -625, -70413, 3470
20574, -625, -70431, 3469
20577, -626, -70450, 3468
20580, -627, -70473, 3468
20584, -627, -70505, 3467
20587, -628, -70528, 3468
20591, -628, -70548, 3467
20594, -628, -70569, 3466
20598, -629, -70591, 3464
20601, -630, -70623, 3464
20605, -631, -70654, 3462
20609, -632, -70678, 3461
20612, -633, -70700, 3462
20616, -634, -70721, 3461
20619, -634, -70743, 3461
20622, -635, -70773, 3459
20625, -636, -70803, 3457
20629, -636, -70826, 3458
20632, -637, -70848, 3457
20636, -638, -70870, 3456
20639, -639, -70897, 3456
20643, -640, -70933, 3453
20646, -641, -70962, 3452
20650, -642, -70986, 3453
20653, -642, -71007, 3454
20657, -643, -71030, 3453
20660, -643, -71057, 3451
20663, -644, -71092, 3449
20667, -644, -71120, 3449
20670, -645, -71143, 3449
20674, -646, -71167, 3448
20677, -647, -71191, 3446
20681, -648, -71221, 3445
20684, -649, -71253, 3443
20688, -650, -71277, 3444
20691, -651, -71298, 3444
20694, -652, -71319, 3443
20698, -652, -71341, 3443
20701, -653, -71368, 3441
20704, -653, -71400, 3441
20708, -654, -71426, 3440
20711, -655, -71448, 3440
20715, -655, -71469, 3439
20718, -656, -71490, 3438
20722, -657, -71516, 3437
20725, -658, -71545, 3435
20728, -659, -71565, 3436
20731, -659, -71583, 3437
20735, -660, -71601, 3435
20738, -660, -71621, 3433
20741, -661, -71647, 3434
20744, -661, -71675, 3433
20748, -662, -71696, 3432
20751, -662, -71714, 3434
20754, -663, -71732, 3432
20758, -663, -71750, 3432
20761, -664, -71771, 3429
20764, -664, -71794, 3429
20767, -665, -71810, 3429
20771, -666, -71825, 3430
20774, -667, -71840, 3427
20777, -667, -71856, 3427
20780, -668, -71877, 3427
20784, -668, -71901, 3425
20787, -669, -71919, 3427
20791, -669, -71934, 3425
20794, -670, -71949, 3425
20798, -670, -71966, 3425
20801, -671, -71985, 3423
20804, -672, -72006, 3422
20807, -672, -72021, 3422
20811, -673, -72033, 3422
20814, -673, -72045, 3423
20817, -674, -72060, 3420
20821, -674, -72078, 3420
20824, -675, -72098, 3419
20827, -675, -72113, 3419
20831, -676, -72126, 3419
20835, -676, -72140, 3419
20838, -677, -72156, 3419
20841, -677, -72176, 3416
20845, -678, -72196, 3414
20848, -678, -72209, 3418
20852, -679, -72222, 3416
20855, -680, -72236, 3415
20858, -680, -72252, 3415
20862, -680, -72270, 3414
20865, -681, -72287, 3413
20868, -681, -72299, 3414
20871, -682, -72310, 3413
20875, -682, -72322, 3412
20878, -683, -72335, 3413
20881, -683, -72355, 3412
20885, -683, -72373, 3411
20889, -684, -72385, 3409
20892, -684, -72397, 3411
20895, -685, -72410, 3410
20899, -686, -72425, 3408
20902, -687, -72444, 3407
20905, -687, -72459, 3407
20909, -688, -72471, 3407
20912, -688, -72483, 3407
20916, -689, -72495, 3407
20919, -689, -72509, 3406
20922, -689, -72527, 3405
20926, -690, -72541, 3405
20929, -690, -72551, 3404
20933, -691, -72562, 3405
20936, -691, -72573, 3405
20939, -691, -72587, 3404
20943, -691, -72605, 3403
20946, -692, -72619, 3403
20950, -692, -72630, 3403
20953, -692, -72641, 3403
20957, -693, -72654, 3402
20960, -693, -72669, 3402
20963, -694, -72689, 3398
20966, -695, -72703, 3400
20970, -695, -72715, 3399
20973, -696, -72727, 3400
20977, -696, -72742, 3399
20980, -697, -72758, 3397
20984, -697, -72777, 3396
20987, -698, -72790, 3397
20990, -698, -72799, 3398
20994, -699, -72808, 3396
20997, -699, -72821, 3395
21001, -700, -72837, 3394
21004, -700, -72851, 3395
21008, -701, -72860, 3395
21011, -701, -72870, 3393
21015, -701, -72880, 3395
21019, -701, -72894, 3394
21022, -702, -72908, 3391
21025, -703, -72920, 3392
21028, -703, -72928, 3392
21032, -703, -72935, 3393
21035, -704, -72945, 3391
21038, -704, -72957, 3391
21042, -704, -72971, 3391
21045, -704, -72981, 3390
21049, -705, -72988, 3390
21052, -705, -72996, 3389
21056, -705, -73005, 3391
21059, -706, -73017, 3390
21063, -706, -73030, 3388
21066, -706, -73036, 3389
21070, -706, -73042, 3390
21073, -706, -73048, 3390
21077, -706, -73055, 3389
21080, -706, -73064, 3388
21083, -707, -73075, 3386
21087, -707, -73079, 3389
21090, -708, -73084, 3385
21094, -708, -73090, 3388
21097, -709, -73097, 3386
21100, -709, -73106, 3385
21104, -710, -73115, 3386
21107, -709, -73119, 3387
21110, -710, -73124, 3386
21113, -710, -73129, 3385
21117, -710, -73137, 3385
21120, -710, -73147, 3385
21124, -711, -73157, 3384
21127, -711, -73163, 3385
21130, -711, -73168, 3385
21134, -711, -73174, 3383
21137, -711, -73182, 3384
21140, -712, -73193, 3382
21144, -712, -73206, 3383
21148, -712, -73213, 3384
21151, -713, -73220, 3381
21155, -713, -73228, 3382
21158, -713, -73238, 3382
21161, -714, -73250, 3380
21165, -715, -73261, 3380
21168, -715, -73268, 3379
21171, -715, -73275, 3381
21175, -715, -73284, 3382
21178, -715, -73294, 3379
21181, -716, -73306, 3379
21185, -716, -73318, 3378
21189, -716, -73324, 3378
21192, -717, -73332, 3378
21196, -717, -73340, 3379
21199, -718, -73349, 3377
21202, -718, -73362, 3376
21206, -718, -73371, 3376
21209, -719, -73378, 3377
21213, -719, -73385, 3375
21216, -719, -73394, 3377
21220, -720, -73406, 3375
21223, -720, -73420, 3375
21226, -720, -73430, 3374
21230, -720, -73437, 3375
21233, -721, -73445, 3373
21237, -722, -73455, 3373
21240, -722, -73468, 3373
21244, -723, -73482, 3370
21247, -723, -73490, 3373
21250, -723, -73499, 3373
21253, -724, -73508, 3371
21257, -724, -73519, 3371
21260, -724, -73531, 3370
21263, -725, -73545, 3369
21267, -725, -73554, 3370
21270, -726, -73562, 3370
21273, -726, -73570, 3369
21277, -727, -73579, 3367
21280, -727, -73591, 3369
21283, -727, -73605, 3367
21287, -727, -73613, 3369
21290, -728, -73621, 3367
21293, -728, -73628, 3366
21296, -728, -73636, 3368
21299, -728, -73648, 3366
21303, -729, -73662, 3365
21306, -730, -73672, 3365
21309, -730, -73680, 3364
21313, -731, -73688, 3365
21316, -731, -73697, 3364
21319, -731, -73709, 3364
21322, -732, -73724, 3362
21326, -732, -73735, 3363
21329, -732, -73744, 3363
21332, -733, -73752, 3363
21335, -733, -73763, 3362
21339, -733, -73775, 3363
21342, -734, -73792, 3359
21345, -735, -73805, 3358
21349, -735, -73814, 3360
21352, -736, -73823, 3360
21355, -736, -73833, 3360
21358, -736, -73843, 3358
21362, -737, -73857, 3357
21365, -737, -73872, 3357
21368, -738, -73881, 3358
21371, -738, -73889, 3357
21375, -739, -73898, 3356
21378, -739, -73910, 3356
21381, -739, -73924, 3355
21384, -740, -73939, 3355
21388, -740, -73950, 3355
21391, -741, -73960, 3354
21394, -741, -73970, 3353
21398, -742, -73983, 3353
21401, -742, -73998, 3351
21404, -743, -74014, 3350
21408, -744, -74024, 3351
21411, -744, -74033, 3353
21414, -745, -74043, 3350
21417, -745, -74055, 3350
21421, -745, -74068, 3350
21424, -745, -74081, 3349
21427, -746, -74089, 3349
21430, -746, -74097, 3350
21434, -746, -74105, 3349
21437, -746, -74115, 3349
21440, -747, -74126, 3347
21444, -747, -74138, 3347
21447, -747, -74145, 3349
21450, -748, -74152, 3347
21454, -748, -74159, 3347
21457, -748, -74167, 3347
21460, -749, -74180, 3344
21464, -749, -74193, 3347
21468, -749, -74200, 3346
21471, -750, -74207, 3346
21474, -750, -74213, 3345
21478, -750, -74223, 3345
21481, -751, -74235, 3343
21485, -751, -74248, 3344
21488, -751, -74255, 3344
21492, -752, -74263, 3344
21496, -752, -74272, 3342
21499, -752, -74284, 3342
21503, -753, -74298, 3340
21506, -754, -74307, 3342
21509, -754, -74314, 3341
21513, -754, -74321, 3342
21516, -755, -74329, 3340
21520, -755, -74341, 3339
21523, -756, -74353, 3338
21527, -756, -74361, 3339
21531, -757, -74367, 3339
21534, -757, -74374, 3338
21537, -757, -74384, 3338
21541, -758, -74395, 3336
21545, -758, -74407, 3337
21548, -758, -74413, 3337
21551, -759, -74420, 3335
21554, -760, -74428, 3335
21558, -760, -74437, 3335
21561, -760, -74450, 3335
21564, -761, -74462, 3335
21568, -761, -74470, 3334
21571, -761, -74479, 3334
21575, -761, -74489, 3334
21579, -762, -74500, 3333
21582, -762, -74515, 3332
21585, -763, -74527, 3332
21588, -763, -74534, 3332
21592, -764, -74543, 3331
21595, -764, -74552, 3332
21599, -764, -74565, 3330
21602, -765, -74580, 3329
21606, -765, -74589, 3330
21610, -766, -74597, 3329
21613, -766, -74604, 3329
21617, -766, -74612, 3329
21620, -767, -74622, 3327
21623, -767, -74634, 3327
21627, -767, -74642, 3329
21630, -768, -74648, 3328
21634, -768, -74656, 3328
21637, -768, -74665, 3324
21641, -769, -74676, 3325
21644, -769, -74687, 3326
21647, -769, -74694, 3328
21651, -770, -74701, 3326
21654, -770, -74708, 3324
21657, -770, -74716, 3325
21661, -770, -74728, 3325
21664, -771, -74740, 3324
21668, -771, -74745, 3324
21671, -771, -74751, 3323
21674, -772, -74759, 3323
21678, -772, -74768, 3322
21681, -773, -74781, 3322
21685, -773, -74792, 3323
21688, -773, -74799, 3322
21692, -773, -74806, 3322
21695, -773, -74813, 3322
21699, -774, -74823, 3320
21702, -774, -74836, 3320
21706, -775, -74844, 3319
21709, -775, -74850, 3320
21713, -776, -74856, 3319
21716, -776, -74865, 3319
21720, -776, -74874, 3319
21723, -777, -74886, 3316
21726, -778, -74893, 3317
21730, -778, -74898, 3318
21733, -778, -74904, 3316
21736, -779, -74912, 3316
21740, -779, -74922, 3315
21743, -780, -74936, 3314
21746, -780, -74944, 3315
21750, -780, -74950, 3316
21753, -781, -74956, 3315
21756, -781, -74964, 3314
21759, -781, -74975, 3313
21763, -782, -74990, 3311
21766, -782, -74999, 3313
21769, -783, -75007, 3312
21772, -783, -75014, 3312
21776, -784, -75025, 3312
21779, -784, -75037, 3311
21783, -784, -75053, 3309
21786, -785, -75064, 3309
21789, -785, -75072, 3310
21793, -786, -75080, 3310
21796, -786, -75090, 3308
21799, -786, -75101, 3309
21802, -787, -75114, 3307
21806, -787, -75124, 3308
21809, -788, -75132, 3307
21812, -788, -75139, 3308
21816, -788, -75147, 3308
21819, -788, -75157, 3307
21822, -789, -75171, 3305
21826, -789, -75181, 3305
21829, -790, -75188, 3305
21832, -790, -75195, 3305
21835, -790, -75203, 3306
21839, -791, -75213, 3303
21842, -791, -75226, 3302
21845, -792, -75234, 3303
21849, -792, -75240, 3304
21852, -793, -75246, 3303
21855, -793, -75254, 3302
21859, -793, -75264, 3302
21862, -793, -75277, 3300
21865, -794, -75286, 3300
21869, -795, -75292, 3301
21872, -795, -75298, 3302
21875, -795, -75306, 3301
21879, -795, -75317, 3300
21882, -795, -75329, 3298
21885, -795, -75337, 3300
21888, -796, -75342, 3300
21892, -796, -75348, 3299
21895, -796, -75354, 3299
21898, -796, -75361, 3299
21901, -797, -75371, 3296
21905, -797, -75379, 3298
21908, -798, -75383, 3298
21911, -798, -75387, 3298
21915, -798, -75393, 3296
21918, -799, -75401, 3295
21921, -799, -75410, 3296
21924, -799, -75418, 3296
21927, -800, -75422, 3295
21931, -800, -75425, 3296
21934, -800, -75430, 3295
21937, -800, -75437, 3294
21941, -801, -75446, 3294
21944, -801, -75455, 3293
21948, -801, -75459, 3295
21951, -802, -75464, 3294
21955, -802, -75469, 3292
21959, -802, -75476, 3293
21962, -802, -75486, 3292
21965, -803, -75492, 3291
21969, -804, -75497, 3292
21972, -804, -75502, 3292
21976, -804, -75507, 3292
21979, -804, -75518, 3291
21983, -805, -75529, 3288
21987, -805, -75535, 3291
21990, -805, -75540, 3290
21994, -805, -75547, 3291
21998, -806, -75555, 3288
22001, -806, -75566, 3288
22004, -806, -75577, 3289
22008, -807, -75582, 3288
22012, -807, -75589, 3288
22016, -807, -75597, 3289
22020, -807, -75608, 3288
22024, -808, -75618, 3287
22027, -808, -75622, 3287
22030, -808, -75627, 3286
22033, -809, -75632, 3287
22037, -809, -75639, 3287
22040, -809, -75648, 3286
22044, -809, -75657, 3285
22047, -810, -75661, 3285
22051, -810, -75665, 3286
22054, -810, -75670, 3285
22058, -811, -75677, 3284
22061, -811, -75686, 3284
22065, -811, -75693, 3284
22068, -811, -75697, 3284
22072, -812, -75701, 3283
22075, -812, -75706, 3284
22079, -812, -75713, 3281
22082, -813, -75721, 3282
22085, -813, -75727, 3281
22089, -814, -75730, 3282
22093, -814, -75735, 3281
22097, -814, -75741, 3281
22100, -815, -75749, 3280
22103, -815, -75759, 3279
22107, -815, -75762, 3282
22110, -815, -75765, 3280
22114, -815, -75770, 3280
22118, -815, -75777, 3280
22121, -815, -75789, 3280
22125, -816, -75795, 3279
22129, -816, -75797, 3279
22132, -816, -75801, 3279
22136, -816, -75808, 3280
22140, -817, -75817, 3277
22143, -817, -75828, 3278
22147, -817, -75832, 3279
22151, -817, -75836, 3279
22154, -818, -75842, 3277
22158, -818, -75850, 3277
22162, -818, -75859, 3275
22165, -818, -75865, 3278
22169, -819, -75868, 3278
22172, -819, -75872, 3276
22175, -819, -75879, 3278
22179, -819, -75887, 3274
22183, -819, -75896, 3275
22186, -820, -75898, 3276
22190, -820, -75902, 3275
22193, -821, -75906, 3275
22197, -821, -75912, 3273
22200, -821, -75919, 3273
22203, -822, -75928, 3273
22207, -822, -75932, 3273
22211, -822, -75935, 3274
22215, -822, -75940, 3274
22218, -822, -75948, 3273
22222, -823, -75956, 3271
22225, -823, -75960, 3273
22229, -823, -75963, 3272
22232, -823, -75966, 3273
22236, -824, -75971, 3271
22239, -824, -75978, 3271
22243, -824, -75988, 3270
22246, -824, -75992, 3272
22250, -825, -75995, 3271
22253, -825, -75999, 3271
22256, -825, -76006, 3269
22260, -825, -76016, 3269
22264, -826, -76026, 3270
22267, -826, -76029, 3269
22271, -826, -76032, 3271
22274, -826, -76038, 3268
22277, -826, -76045, 3269
22281, -827, -76054, 3267
22284, -827, -76062, 3268
22287, -828, -76066, 3267
22290, -828, -76070, 3267
22294, -828, -76076, 3267
22297, -829, -76084, 3266
22301, -829, -76095, 3267
22304, -829, -76104, 3265
22308, -829, -76107, 3267
22311, -829, -76112, 3267
22315, -829, -76117, 3266
22318, -830, -76125, 3264
22321, -830, -76134, 3264
22325, -830, -76143, 3265
22328, -831, -76146, 3265
22332, -831, -76151, 3265
22336, -831, -76157, 3263
22339, -831, -76166, 3264
22343, -832, -76177, 3261
22346, -833, -76181, 3262
22350, -833, -76185, 3262
22353, -833, -76191, 3262
22357, -834, -76198, 3262
22361, -834, -76207, 3262
22364, -834, -76215, 3261
22368, -834, -76220, 3260
22371, -834, -76224, 3262
22375, -835, -76230, 3260
22378, -835, -76238, 3259
22381, -836, -76248, 3259
22385, -836, -76256, 3258
22388, -836, -76261, 3261
22391, -837, -76265, 3258
22395, -837, -76271, 3259
22398, -837, -76280, 3258
22402, -837, -76292, 3255
22405, -838, -76300, 3257
22409, -838, -76305, 3258
22412, -838, -76311, 3258
22416, -839, -76319, 3256
22419, -839, -76330, 3255
22423, -840, -76343, 3253
22426, -840, -76350, 3254
22429, -841, -76356, 3255
22433, -841, -76362, 3254
22436, -841, -76370, 3255
22439, -841, -76380, 3253
22442, -842, -76393, 3253
22446, -842, -76401, 3253
22450, -842, -76407, 3252
22454, -843, -76415, 3253
22457, -843, -76422, 3252
22461, -843, -76432, 3251
22464, -844, -76442, 3250
22467, -844, -76447, 3251
22470, -845, -76453, 3251
22474, -845, -76458, 3249
22477, -845, -76465, 3251
22480, -845, -76474, 3249
22484, -846, -76485, 3248
22487, -847, -76490, 3248
22490, -847, -76495, 3249
22494, -847, -76500, 3248
22497, -847, -76508, 3248
22500, -848, -76517, 3246
22504, -848, -76528, 3245
22507, -849, -76534, 3247
22510, -849, -76539, 3246
22514, -850, -76545, 3246
22517, -850, -76553, 3246
22520, -850, -76563, 3245
22523, -850, -76575, 3244
22527, -850, -76582, 3246
22530, -850, -76587, 3245
22533, -851, -76594, 3245
22536, -851, -76602, 3244
22540, -851, -76613, 3243
22543, -852, -76625, 3242
22546, -852, -76632, 3243
22550, -853, -76638, 3242
22553, -853, -76644, 3242
22556, -853, -76652, 3243
22560, -853, -76661, 3241
22563, -854, -76672, 3238
22567, -855, -76678, 3241
22570, -854, -76682, 3243
22573, -855, -76688, 3240
22577, -855, -76696, 3240
22581, -855, -76704, 3239
22584, -856, -76713, 3238
22588, -856, -76718, 3240
22591, -856, -76723, 3240
22595, -857, -76728, 3238
22599, -857, -76736, 3237
22602, -857, -76745, 3237
22605, -858, -76751, 3237
22608, -858, -76754, 3238
22612, -858, -76757, 3238
22615, -858, -76762, 3238
22618, -858, -76768, 3236
22622, -858, -76777, 3236
22625, -859, -76782, 3234
22629, -860, -76785, 3236
22632, -860, -76789, 3237
22635, -860, -76794, 3236
22638, -860, -76801, 3235
22642, -860, -76810, 3235
22645, -860, -76816, 3237
22648, -860, -76819, 3235
22652, -860, -76822, 3235
22655, -860, -76827, 3236
22658, -860, -76833, 3234
22661, -861, -76844, 3233
22665, -861, -76850, 3234
22668, -861, -76852, 3234
22672, -862, -76856, 3234
22675, -862, -76861, 3233
22678, -862, -76868, 3232
22682, -863, -76878, 3231
22685, -863, -76884, 3233
22688, -863, -76886, 3233
22692, -863, -76889, 3233
22695, -863, -76893, 3231
22698, -864, -76901, 3230
22701, -864, -76909, 3230
22705, -865, -76915, 3231
22708, -865, -76918, 3231
22711, -865, -76920, 3232
22714, -865, -76925, 3231
22718, -865, -76931, 3230
22721, -865, -76938, 3229
22724, -865, -76945, 3230
22728, -866, -76947, 3230
22731, -866, -76950, 3229
22734, -866, -76954, 3229
22737, -866, -76961, 3228
22741, -867, -76967, 3228
22744, -867, -76973, 3229
22747, -867, -76975, 3227
22750, -868, -76977, 3227
22754, -868, -76981, 3228
22757, -868, -76987, 3227
22760, -869, -76993, 3226
22764, -869, -77000, 3225
22767, -869, -77002, 3227
22770, -869, -77005, 3227
22774, -869, -77007, 3226
22777, -869, -77012, 3226
22780, -869, -77019, 3225
22783, -870, -77026, 3224
22787, -870, -77029, 3226
22790, -870, -77032, 3225
22793, -871, -77035, 3225
22797, -871, -77041, 3225
22801, -870, -77051, 3225
22804, -871, -77056, 3225
22808, -871, -77058, 3224
22811, -871, -77062, 3223
22814, -872, -77066, 3223
22818, -872, -77073, 3223
22821, -872, -77083, 3223
22825, -873, -77088, 3223
22829, -873, -77090, 3223
22832, -872, -77094, 3224
22836, -872, -77100, 3223
22839, -873, -77108, 3222
22843, -873, -77117, 3222
22846, -873, -77119, 3223
22850, -873, -77122, 3222
22853, -873, -77125, 3222
22857, -874, -77132, 3221
22860, -874, -77140, 3221
22864, -874, -77147, 3220
22868, -874, -77148, 3222
22871, -875, -77150, 3221
22875, -875, -77153, 3220
22878, -875, -77158, 3221
22882, -875, -77166, 3220
22885, -875, -77170, 3220
22889, -875, -77172, 3220
22892, -875, -77175, 3220
22896, -876, -77180, 3219
22900, -876, -77188, 3218
22904, -876, -77194, 3219
22908, -877, -77196, 3218
22911, -877, -77198, 3219
22915, -877, -77201, 3218
22918, -877, -77206, 3218
22921, -877, -77213, 3218
22925, -877, -77216, 3218
22928, -878, -77218, 3218
22932, -877, -77220, 3219
22935, -878, -77223, 3217
22938, -878, -77229, 3218
22942, -878, -77235, 3216
22945, -878, -77238, 3216
22949, -879, -77240, 3218
22952, -879, -77242, 3217
22956, -879, -77246, 3216
22959, -879, -77251, 3215
22963, -880, -77257, 3214
22967, -880, -77258, 3216
22971, -880, -77260, 3215
22974, -881, -77262, 3215
22977, -880, -77266, 3216
22981, -880, -77272, 3215
22985, -880, -77278, 3215
22988, -880, -77279, 3215
22992, -881, -77282, 3214
22995, -881, -77285, 3215
22999, -881, -77291, 3213
23002, -882, -77300, 3213
23006, -882, -77303, 3213
23010, -882, -77306, 3212
23013, -883, -77309, 3214
23017, -883, -77313, 3213
23020, -883, -77321, 3213
23024, -883, -77328, 3212
23027, -882, -77330, 3214
23031, -883, -77332, 3213
23034, -883, -77336, 3211
23037, -883, -77341, 3212
23041, -883, -77349, 3211
23044, -884, -77356, 3211
23047, -884, -77358, 3211
23051, -885, -77361, 3210
23055, -885, -77365, 3210
23058, -885, -77373, 3210
23062, -886, -77383, 3209
23065, -886, -77388, 3211
23068, -886, -77390, 3209
23072, -886, -77394, 3209
23076, -886, -77398, 3209
23079, -886, -77406, 3208
23083, -887, -77415, 3207
23086, -887, -77419, 3208
23091, -887, -77422, 3209
23094, -888, -77427, 3208
23097, -888, -77432, 3208
23101, -888, -77439, 3207
23104, -888, -77445, 3206
23107, -888, -77448, 3207
23111, -888, -77451, 3208
23115, -888, -77455, 3209
23118, -888, -77461, 3208
23122, -888, -77469, 3206
23125, -888, -77473, 3207
23128, -888, -77475, 3206
23132, -889, -77478, 3207
23135, -889, -77481, 3206
23139, -889, -77487, 3206
23142, -889, -77493, 3206
23145, -889, -77496, 3206
23149, -890, -77498, 3206
23152, -890, -77501, 3206
23156, -890, -77505, 3204
23160, -891, -77511, 3202
23163, -891, -77517, 3203
23167, -892, -77519, 3204
23170, -892, -77521, 3204
23173, -892, -77523, 3205
23177, -892, -77527, 3204
23180, -892, -77533, 3203
23184, -892, -77539, 3201
23187, -893, -77540, 3202
23191, -893, -77542, 3203
23194, -893, -77545, 3202
23198, -893, -77551, 3203
23202, -893, -77558, 3201
23205, -893, -77561, 3202
23208, -894, -77562, 3202
23212, -894, -77564, 3202
23216, -894, -77568, 3202
23220, -894, -77577, 3200
23224, -894, -77583, 3200
23228, -895, -77585, 3201
23231, -895, -77587, 3201
23234, -895, -77591, 3200
23238, -895, -77597, 3199
23241, -895, -77605, 3200
23245, -895, -77611, 3201
23249, -896, -77612, 3199
23252, -896, -77614, 3200
23256, -896, -77618, 3199
23259, -896, -77625, 3200
23262, -897, -77633, 3197
23266, -897, -77636, 3199
23269, -897, -77637, 3200
23273, -897, -77640, 3199
23276, -897, -77645, 3199
23281, -897, -77653, 3198
23284, -897, -77660, 3198
23288, -897, -77661, 3197
23291, -897, -77663, 3199
23295, -898, -77666, 3198
23298, -898, -77673, 3196
23302, -898, -77680, 3196
23305, -898, -77685, 3199
23309, -899, -77686, 3195
23313, -899, -77690, 3196
23317, -899, -77695, 3196
23321, -899, -77702, 3195
23324, -900, -77707, 3196
23327, -900, -77708, 3197
23331, -899, -77709, 3197
23334, -899, -77712, 3197
23338, -899, -77717, 3195
23341, -900, -77724, 3194
23345, -900, -77729, 3196
23349, -900, -77730, 3194
23352, -901, -77732, 3195
23355, -901, -77734, 3195
23359, -901, -77739, 3193
23362, -902, -77745, 3193
23366, -902, -77748, 3194
23369, -902, -77748, 3195
23372, -902, -77750, 3194
23376, -902, -77753, 3194
23379, -901, -77758, 3194
23382, -902, -77764, 3193
23386, -902, -77766, 3192
23390, -902, -77767, 3193
23393, -903, -77769, 3193
23397, -903, -77774, 3194
23400, -903, -77779, 3191
23404, -903, -77783, 3192
23408, -903, -77783, 3193
23411, -903, -77784, 3192
23415, -904, -77787, 3192
23419, -903, -77792, 3192
23422, -904, -77798, 3191
23426, -904, -77801, 3191
23430, -904, -77802, 3192
23433, -904, -77804, 3190
23437, -905, -77809, 3191
23441, -905, -77817, 3191
23444, -905, -77821, 3191
23448, -905, -77822, 3191
23451, -905, -77823, 3190
23455, -905, -77826, 3191
23459, -905, -77832, 3190
23462, -906, -77839, 3188
23465, -906, -77841, 3190
23469, -906, -77842, 3190
23472, -906, -77844, 3189
23476, -906, -77848, 3189
23479, -906, -77853, 3189
23482, -907, -77862, 3188
23486, -907, -77863, 3190
23490, -907, -77864, 3188
23494, -907, -77866, 3189
23497, -907, -77871, 3188
23500, -907, -77878, 3187
23504, -908, -77885, 3187
23507, -908, -77885, 3188
23511, -908, -77886, 3188
23514, -908, -77888, 3187
23517, -908, -77892, 3188
23520, -908, -77899, 3186
23524, -909, -77905, 3185
23527, -909, -77905, 3187
23530, -909, -77906, 3187
23534, -909, -77910, 3186
23538, -909, -77916, 3186
23542, -909, -77923, 3186
23546, -909, -77925, 3187
23549, -909, -77925, 3186
23553, -910, -77927, 3185
23556, -909, -77932, 3187
23560, -910, -77938, 3184
23564, -910, -77944, 3184
23568, -910, -77944, 3186
23571, -910, -77946, 3185
23575, -911, -77950, 3184
23578, -911, -77954, 3185
23582, -911, -77960, 3184
23585, -911, -77964, 3185
23588, -911, -77965, 3186
23592, -910, -77966, 3186
23595, -911, -77969, 3184
23599, -911, -77975, 3184
23603, -911, -77981, 3184
23606, -911, -77983, 3184
23611, -912, -77985, 3183
23615, -912, -77988, 3184
23618, -912, -77992, 3182
23621, -913, -77996, 3182
23625, -913, -78000, 3184
23628, -913, -78001, 3183
23632, -913, -78003, 3182
23636, -913, -78007, 3182
23640, -913, -78012, 3183
23644, -913, -78017, 3181
23648, -914, -78018, 3182
23652, -913, -78021, 3183
23655, -913, -78024, 3182
23659, -914, -78029, 3181
23663, -914, -78036, 3180
23667, -914, -78036, 3180
23670, -915, -78037, 3181
23674, -915, -78040, 3180
23677, -916, -78045, 3179
23681, -916, -78051, 3179
23685, -916, -78055, 3181
23688, -916, -78056, 3181
23691, -915, -78058, 3181
23695, -915, -78060, 3179
23698, -915, -78065, 3179
23701, -916, -78074, 3179
23706, -916, -78077, 3178
23710, -917, -78078, 3179
23714, -917, -78081, 3180
23718, -917, -78086, 3178
23721, -917, -78094, 3178
23725, -917, -78097, 3179
23728, -917, -78098, 3179
23733, -917, -78100, 3177
23737, -917, -78105, 3178
23740, -917, -78114, 3178
23744, -918, -78121, 3177
23748, -918, -78123, 3178
23753, -918, -78127, 3178
23757, -918, -78132, 3176
23760, -918, -78140, 3177
23764, -918, -78145, 3177
23768, -919, -78147, 3177
23771, -919, -78150, 3176
23775, -919, -78156, 3176
23780, -919, -78163, 3175
23784, -920, -78169, 3175
23788, -920, -78171, 3175
23793, -920, -78174, 3175
23796, -920, -78178, 3176
23800, -920, -78184, 3175
23803, -921, -78191, 3172
23806, -921, -78193, 3174
23810, -921, -78194, 3175
23813, -921, -78196, 3175
23816, -922, -78200, 3174
23820, -921, -78205, 3174
23823, -921, -78212, 3173
23826, -922, -78213, 3174
23829, -922, -78214, 3175
23833, -922, -78216, 3173
23836, -922, -78220, 3173
23839, -922, -78225, 3172
23842, -923, -78231, 3171
23846, -923, -78233, 3173
23849, -923, -78234, 3173
23853, -923, -78237, 3173
23858, -923, -78242, 3171
23861, -923, -78248, 3171
23865, -924, -78252, 3171
23869, -924, -78253, 3172
23874, -924, -78256, 3171
23878, -924, -78260, 3172
23881, -924, -78266, 3170
23885, -925, -78269, 3170
23889, -925, -78271, 3171
23893, -925, -78273, 3171
23898, -925, -78277, 3171
23901, -925, -78282, 3170
23905, -925, -78285, 3171
23908, -925, -78286, 3172
23912, -925, -78288, 3170
23915, -925, -78292, 3168
23919, -925, -78299, 3170
23924, -926, -78304, 3168
23928, -927, -78306, 3169
23931, -927, -78307, 3168
23935, -927, -78311, 3169
23939, -927, -78317, 3167
23943, -928, -78323, 3166
23947, -928, -78324, 3170
23950, -928, -78326, 3168
23954, -928, -78330, 3169
23959, -928, -78335, 3166
23962, -928, -78343, 3166
23966, -928, -78345, 3168
23970, -928, -78347, 3168
23975, -929, -78351, 3167
23979, -929, -78358, 3166
23983, -929, -78366, 3165
23987, -929, -78368, 3167
23991, -929, -78370, 3166
23995, -930, -78373, 3166
23998, -930, -78379, 3166
24002, -930, -78390, 3165
24006, -930, -78392, 3166
24010, -930, -78394, 3166
24014, -930, -78398, 3166
24017, -930, -78403, 3165
24021, -930, -78410, 3164
24024, -931, -78416, 3164
24027, -931, -78418, 3165
24031, -931, -78420, 3165
24035, -931, -78425, 3163
24040, -932, -78433, 3163
24043, -932, -78440, 3163
24047, -932, -78442, 3165
24051, -932, -78445, 3164
24056, -932, -78450, 3163
24059, -932, -78458, 3163
24064, -932, -78464, 3162
24068, -932, -78465, 3164
24071, -933, -78468, 3162
24075, -933, -78472, 3161
24079, -933, -78478, 3163
24083, -933, -78485, 3161
24087, -934, -78488, 3163
24090, -934, -78490, 3162
24094, -934, -78494, 3161
24099, -934, -78500, 3160
24103, -934, -78508, 3160
24106, -935, -78510, 3160
24110, -935, -78511, 3161
24114, -936, -78515, 3159
24118, -936, -78519, 3159
24121, -936, -78524, 3159
24124, -936, -78529, 3159
24128, -937, -78531, 3159
24131, -936, -78533, 3160
24135, -936, -78536, 3159
24138, -937, -78540, 3158
24141, -937, -78546, 3158
24145, -937, -78550, 3157
24148, -937, -78552, 3159
24152, -938, -78554, 3158
24155, -938, -78558, 3157
24159, -938, -78565, 3157
24163, -938, -78572, 3156
24166, -939, -78574, 3157
24170, -939, -78576, 3157
24173, -939, -78579, 3156
24177, -939, -78584, 3156
24181, -939, -78592, 3156
24185, -940, -78597, 3155
24189, -940, -78599, 3156
24193, -940, -78602, 3157
24197, -940, -78607, 3156
24200, -940, -78614, 3155
24203, -940, -78622, 3154
24207, -940, -78624, 3154
24210, -941, -78626, 3156
24213, -941, -78629, 3154
24217, -941, -78635, 3154
24220, -941, -78642, 3154
24223, -941, -78651, 3153
24226, -942, -78654, 3154
24230, -942, -78657, 3153
24233, -942, -78661, 3154
24236, -942, -78666, 3153
24240, -942, -78672, 3152
24243, -943, -78682, 3152
24246, -943, -78687, 3153
24249, -943, -78689, 3151
24253, -944, -78692, 3152
24256, -943, -78697, 3153
24259, -943, -78703, 3152
24263, -944, -78711, 3150
24266, -944, -78715, 3152
24269, -944, -78717, 3151
24272, -944, -78720, 3151
24276, -945, -78725, 3150
24279, -945, -78732, 3150
24282, -945, -78740, 3149
24286, -945, -78743, 3151
24290, -946, -78746, 3150
24293, -946, -78749, 3149
24297, -946, -78754, 3148
24300, -946, -78760, 3148
24304, -947, -78766, 3149
24307, -947, -78769, 3150
24310, -947, -78771, 3150
24314, -946, -78773, 3149
24317, -946, -78777, 3148
24321, -947, -78784, 3147
24324, -947, -78790, 3147
24328, -948, -78792, 3148
24332, -948, -78794, 3149
24335, -948, -78798, 3147
24338, -948, -78803, 3148
24341, -948, -78810, 3145
24345, -948, -78815, 3148
24348, -949, -78818, 3146
24352, -949, -78820, 3147
24355, -949, -78824, 3147
24359, -949, -78830, 3144
24362, -950, -78838, 3146
24365, -950, -78841, 3145
24369, -950, -78843, 3147
24372, -950, -78845, 3145
24375, -950, -78850, 3144
24379, -951, -78856, 3144
24383, -951, -78866, 3144
24386, -951, -78869, 3145
24390, -952, -78872, 3142
24393, -952, -78876, 3142
24397, -952, -78883, 3143
24400, -953, -78891, 3143
24404, -953, -78900, 3142
24408, -953, -78904, 3142
24412, -953, -78907, 3143
24416, -953, -78914, 3143
24419, -953, -78921, 3141
24423, -954, -78931, 3141
24426, -954, -78936, 3141
24430, -954, -78940, 3142
24433, -955, -78944, 3140
24436, -955, -78950, 3141
24440, -955, -78957, 3140
24443, -955, -78966, 3139
24447, -956, -78971, 3140
24451, -955, -78974, 3141
24455, -956, -78979, 3139
24458, -956, -78986, 3139
24461, -956, -78993, 3138
24465, -957, -78999, 3138
24468, -957, -79002, 3138
24471, -957, -79005, 3139
24475, -957, -79011, 3139
24479, -957, -79018, 3138
24483, -958, -79027, 3136
24486, -958, -79031, 3137
24490, -958, -79034, 3137
24493, -958, -79038, 3138
24497, -959, -79043, 3136
24500, -959, -79049, 3136
24504, -959, -79056, 3134
24507, -959, -79059, 3137
24511, -960, -79062, 3137
24514, -960, -79065, 3136
24517, -960, -79070, 3135
24520, -960, -79076, 3135
24524, -961, -79083, 3132
24527, -961, -79086, 3135
24531, -961, -79089, 3134
24535, -962, -79093, 3134
24538, -962, -79099, 3134
24542, -961, -79108, 3134
24546, -962, -79114, 3134
24549, -962, -79116, 3134
24553, -962, -79120, 3133
24556, -962, -79125, 3134
24559, -962, -79132, 3133
24563, -963, -79141, 3131
24566, -963, -79145, 3131
24569, -963, -79148, 3133
24573, -964, -79151, 3131
24576, -964, -79157, 3131
24579, -964, -79165, 3132
24583, -964, -79174, 3132
24586, -964, -79177, 3131
24590, -964, -79181, 3131
24593, -964, -79185, 3131
24596, -964, -79190, 3131
24600, -965, -79198, 3129
24603, -965, -79208, 3130
24607, -965, -79212, 3130
24610, -966, -79214, 3129
24613, -966, -79218, 3129
24617, -966, -79224, 3128
24620, -967, -79231, 3128
24623, -967, -79238, 3129
24627, -967, -79242, 3128
24630, -967, -79245, 3128
24633, -967, -79248, 3130
24637, -967, -79253, 3128
24640, -967, -79260, 3127
24643, -968, -79267, 3126
24647, -968, -79270, 3129
24650, -968, -79274, 3128
24653, -968, -79278, 3126
24657, -969, -79282, 3125
24660, -969, -79288, 3125
24663, -970, -79295, 3125
24667, -970, -79298, 3127
24670, -970, -79301, 3126
24673, -970, -79304, 3124
24677, -970, -79308, 3125
24680, -970, -79314, 3124
24683, -971, -79322, 3124
24686, -971, -79325, 3124
24690, -971, -79328, 3124
24693, -972, -79331, 3124
24696, -972, -79336, 3124
24699, -972, -79341, 3122
24703, -972, -79350, 3124
24706, -972, -79353, 3122
24709, -972, -79356, 3124
24713, -973, -79360, 3123
24716, -973, -79364, 3122
24719, -973, -79371, 3121
24722, -973, -79381, 3121
24726, -974, -79387, 3121
24729, -974, -79390, 3121
24732, -974, -79394, 3123
24736, -974, -79402, 3121
24740, -974, -79411, 3121
24744, -975, -79421, 3119
24748, -975, -79426, 3120
24752, -975, -79433, 3121
24756, -976, -79440, 3119
24760, -976, -79450, 3119
24764, -976, -79462, 3117
24769, -977, -79467, 3119
24772, -977, -79472, 3117
24776, -978, -79478, 3118
24780, -978, -79490, 3117
24784, -978, -79498, 3117
24788, -978, -79502, 3118
24791, -978, -79507, 3117
24795, -979, -79512, 3116
24798, -979, -79519, 3116
24802, -979, -79527, 3116
24805, -979, -79533, 3116
24809, -980, -79538, 3116
24812, -980, -79542, 3115
24816, -980, -79548, 3114
24820, -980, -79554, 3115
24823, -981, -79561, 3113
24826, -982, -79566, 3113
24830, -982, -79570, 3114
24834, -982, -79574, 3114
24838, -982, -79580, 3112
24841, -982, -79589, 3113
24845, -983, -79595, 3112
24849, -983, -79599, 3112
24852, -983, -79604, 3113
24856, -983, -79610, 3112
24860, -984, -79618, 3111
24863, -984, -79630, 3110
24868, -984, -79635, 3112
24872, -984, -79640, 3111
24876, -985, -79650, 3110
24880, -985, -79659, 3109
24884, -985, -79669, 3109
24887, -986, -79674, 3108
24891, -987, -79679, 3109
24894, -987, -79685, 3108
24897, -987, -79693, 3109
24901, -987, -79701, 3107
24904, -988, -79712, 3107
24907, -988, -79717, 3107
24911, -988, -79722, 3109
24915, -988, -79729, 3108
24918, -988, -79737, 3106
24922, -988, -79749, 3106
24926, -988, -79756, 3107
24930, -989, -79761, 3106
24934, -990, -79768, 3105
24939, -990, -79776, 3104
24943, -990, -79788, 3104
24947, -991, -79792, 3104
24951, -991, -79798, 3104
24955, -992, -79804, 3104
24959, -992, -79812, 3102
24963, -992, -79823, 3104
24967, -992, -79828, 3103
24971, -992, -79833, 3103
24975, -993, -79839, 3102
24979, -993, -79846, 3101
24982, -994, -79855, 3101
24986, -994, -79863, 3101
24990, -994, -79868, 3101
24994, -995, -79873, 3101
24997, -995, -79879, 3101
25001, -995, -79887, 3100
25004, -995, -79897, 3098
25007, -996, -79903, 3099
25011, -996, -79909, 3100
25015, -996, -79917, 3100
25019, -997, -79929, 3098
25023, -997, -79941, 3096
25027, -997, -79947, 3099
25030, -997, -79953, 3098
25033, -998, -79959, 3097
25037, -998, -79967, 3098
25040, -998, -79977, 3097
25044, -999, -79989, 3095
25049, -999, -79996, 3097
25052, -999, -80003, 3096
25056, -1000, -80009, 3095
25059, -1000, -80018, 3095
25063, -1000, -80031, 3095
25067, -1000, -80037, 3095
25072, -1001, -80042, 3095
25075, -1001, -80047, 3092
25079, -1002, -80055, 3092
25083, -1002, -80066, 3092
25088, -1003, -80070, 3093
25091, -1003, -80075, 3093
25095, -1003, -80081, 3092
25099, -1003, -80091, 3092
25103, -1003, -80099, 3091
25107, -1004, -80104, 3091
25110, -1004, -80108, 3091
25113, -1004, -80112, 3092
25117, -1004, -80117, 3091
25120, -1005, -80125, 3090
25123, -1005, -80134, 3089
25127, -1005, -80138, 3089
25130, -1006, -80143, 3089
25134, -1007, -80148, 3088
25138, -1007, -80155, 3089
25141, -1007, -80164, 3089
25144, -1007, -80173, 3087
25148, -1007, -80177, 3088
25151, -1007, -80182, 3088
25154, -1008, -80188, 3087
25158, -1008, -80196, 3087
25161, -1008, -80206, 3086
25165, -1009, -80215, 3087
25168, -1009, -80219, 3088
25172, -1009, -80225, 3087
25176, -1009, -80232, 3086
25179, -1009, -80244, 3086
25184, -1009, -80253, 3084
25188, -1010, -80259, 3085
25191, -1010, -80264, 3085
25195, -1010, -80270, 3086
25199, -1011, -80277, 3083
25202, -1011, -80287, 3083
25207, -1011, -80292, 3085
25210, -1012, -80296, 3082
25214, -1012, -80301, 3083
25218, -1012, -80308, 3083
25221, -1013, -80315, 3082
25225, -1013, -80322, 3082
25228, -1013, -80325, 3083
25232, -1013, -80329, 3083
25235, -1013, -80334, 3083
25239, -1013, -80340, 3082
25242, -1013, -80349, 3081
25246, -1014, -80354, 3080
25249, -1014, -80358, 3082
25254, -1014, -80364, 3081
25259, -1015, -80372, 3079
25262, -1015, -80381, 3079
25266, -1016, -80386, 3078
25269, -1016, -80391, 3079
25274, -1017, -80396, 3078
25278, -1017, -80403, 3079
25281, -1017, -80412, 3078
25284, -1017, -80421, 3079
25288, -1017, -80426, 3079
25292, -1017, -80432, 3079
25297, -1017, -80439, 3077
25300, -1017, -80448, 3077
25304, -1018, -80458, 3077
25308, -1018, -80463, 3077
25312, -1019, -80468, 3077
25315, -1019, -80476, 3077
25319, -1019, -80486, 3076
25323, -1019, -80498, 3075
25327, -1020, -80503, 3075
25330, -1020, -80507, 3075
25334, -1021, -80513, 3074
25337, -1021, -80519, 3075
25340, -1021, -80526, 3073
25344, -1021, -80533, 3074
25347, -1022, -80538, 3073
25350, -1022, -80542, 3074
25354, -1022, -80547, 3075
25358, -1022, -80553, 3073
25361, -1022, -80564, 3072
25366, -1023, -80569, 3071
25369, -1023, -80574, 3073
25374, -1023, -80578, 3073
25377, -1024, -80584, 3071
25381, -1024, -80590, 3071
25384, -1024, -80598, 3070
25387, -1024, -80602, 3071
25391, -1025, -80606, 3071
25395, -1025, -80611, 3071
25398, -1025, -80618, 3069
25402, -1026, -80626, 3068
25405, -1026, -80633, 3070
25409, -1026, -80638, 3069
25414, -1026, -80644, 3070
25418, -1027, -80654, 3067
25423, -1027, -80666, 3067
25426, -1028, -80671, 3067
25429, -1028, -80676, 3067
25433, -1028, -80682, 3068
25437, -1028, -80691, 3067
25441, -1028, -80701, 3067
25444, -1028, -80711, 3067
25447, -1029, -80717, 3066
25451, -1029, -80722, 3067
25454, -1029, -80729, 3065
25457, -1030, -80737, 3065
25461, -1030, -80747, 3065
25464, -1030, -80759, 3065
25468, -1030, -80767, 3066
25473, -1031, -80772, 3064
25476, -1031, -80779, 3065
25480, -1031, -80789, 3062
25484, -1032, -80802, 3061
25488, -1033, -80807, 3063
25492, -1033, -80812, 3062
25495, -1034, -80818, 3062
25499, -1034, -80827, 3062
25503, -1034, -80836, 3061
25506, -1034, -80843, 3061
25510, -1035, -80849, 3059
25514, -1035, -80856, 3060
25518, -1035, -80865, 3060
25522, -1036, -80874, 3058
25526, -1036, -80883, 3060
25529, -1036, -80889, 3058
25534, -1037, -80897, 3059
25538, -1037, -80906, 3059
25542, -1037, -80917, 3059
25545, -1037, -80926, 3058
25548, -1037, -80933, 3057
25552, -1038, -80939, 3057
25555, -1038, -80946, 3057
25558, -1039, -80955, 3056
25562, -1039, -80965, 3056
25565, -1039, -80976, 3056
25568, -1039, -80984, 3057
25572, -1040, -80990, 3055
25575, -1040, -80998, 3054
25579, -1040, -81011, 3055
25583, -1041, -81023, 3053
25587, -1041, -81030, 3055
25591, -1041, -81037, 3054
25594, -1042, -81044, 3053
25598, -1042, -81052, 3053
25602, -1042, -81061, 3053
25605, -1043, -81070, 3051
25609, -1043, -81077, 3053
25613, -1043, -81084, 3052
25618, -1043, -81094, 3052
25623, -1044, -81104, 3051
25626, -1044, -81111, 3050
25631, -1045, -81116, 3050
25635, -1045, -81123, 3050
25638, -1045, -81130, 3050
25642, -1046, -81140, 3049
25646, -1046, -81149, 3049
25650, -1046, -81153, 3049
25653, -1046, -81159, 3050
25656, -1046, -81165, 3049
25660, -1047, -81173, 3048
25663, -1047, -81184, 3046
25666, -1048, -81189, 3047
25670, -1048, -81194, 3047
25673, -1049, -81200, 3046
25677, -1049, -81208, 3047
25680, -1049, -81216, 3046
25683, -1049, -81226, 3045
25687, -1049, -81232, 3047
25691, -1049, -81237, 3046
25695, -1050, -81244, 3046
25698, -1050, -81253, 3046
25703, -1050, -81265, 3044
25707, -1050, -81269, 3046
25711, -1050, -81273, 3045
25714, -1051, -81280, 3044
25718, -1051, -81288, 3044
25722, -1051, -81299, 3043
25726, -1052, -81305, 3042
25729, -1052, -81310, 3043
25733, -1052, -81316, 3044
25738, -1052, -81323, 3044
25742, -1053, -81331, 3041
25745, -1053, -81337, 3043
25748, -1052, -81341, 3044
25753, -1053, -81346, 3042
25757, -1053, -81352, 3041
25761, -1053, -81358, 3042
25764, -1054, -81363, 3041
25768, -1054, -81367, 3041
25771, -1055, -81370, 3040
25775, -1055, -81375, 3041
25778, -1055, -81381, 3040
25782, -1055, -81387, 3041
25785, -1055, -81393, 3039
25789, -1056, -81396, 3039
25792, -1056, -81398, 3039
25796, -1056, -81403, 3040
25799, -1056, -81411, 3039
25803, -1057, -81420, 3038
25808, -1057, -81424, 3039
25812, -1056, -81429, 3041
25817, -1057, -81435, 3038
25821, -1057, -81442, 3038
25824, -1057, -81450, 3038
25828, -1057, -81453, 3040
25833, -1057, -81458, 3039
25837, -1057, -81465, 3038
25841, -1057, -81471, 3038
25844, -1057, -81478, 3038
25848, -1058, -81481, 3037
25852, -1058, -81484, 3036
25856, -1058, -81490, 3037
25859, -1059, -81500, 3036
25864, -1059, -81508, 3035
25867, -1059, -81511, 3038
25871, -1059, -81514, 3036
25875, -1060, -81519, 3035
25878, -1060, -81524, 3033
25882, -1060, -81531, 3034
25885, -1061, -81535, 3035
25888, -1061, -81538, 3035
25892, -1061, -81542, 3035
25896, -1061, -81547, 3035
25899, -1061, -81554, 3033
25904, -1061, -81560, 3033
25907, -1061, -81563, 3035
25911, -1062, -81565, 3034
25915, -1062, -81571, 3032
25920, -1062, -81577, 3033
25923, -1063, -81584, 3031
25926, -1063, -81586, 3033
25931, -1063, -81589, 3033
25935, -1063, -81593, 3033
25940, -1063, -81599, 3032
25943, -1063, -81607, 3031
25947, -1063, -81610, 3032
25951, -1064, -81612, 3032
25955, -1064, -81617, 3032
25959, -1064, -81622, 3032
25963, -1064, -81630, 3031
25967, -1064, -81632, 3031
25970, -1064, -81635, 3031
25975, -1065, -81639, 3030
25979, -1065, -81645, 3029
25983, -1066, -81653, 3029
25986, -1066, -81655, 3030
25990, -1066, -81657, 3029
25993, -1066, -81660, 3030
25997, -1066, -81664, 3029
26000, -1066, -81670, 3029
26003, -1067, -81678, 3028
26007, -1066, -81681, 3030
26010, -1067, -81683, 3029
26014, -1066, -81688, 3030
26018, -1067, -81695, 3028
26022, -1067, -81703, 3026
26026, -1067, -81707, 3028
26030, -1068, -81708, 3027
26033, -1068, -81711, 3028
26036, -1068, -81716, 3028
26040, -1068, -81724, 3028
26043, -1068, -81733, 3025
26048, -1068, -81735, 3027
26051, -1069, -81738, 3027
26055, -1069, -81743, 3027
26058, -1069, -81752, 3027
26063, -1069, -81762, 3026
26068, -1069, -81766, 3028
26073, -1069, -81769, 3026
26076, -1069, -81774, 3026
26079, -1069, -81780, 3025
26083, -1070, -81788, 3025
26088, -1070, -81791, 3026
26092, -1070, -81795, 3025
26096, -1070, -81799, 3025
26099, -1070, -81805, 3025
26103, -1071, -81813, 3024
26106, -1071, -81817, 3025
26109, -1071, -81819, 3025
26113, -1071, -81822, 3024
26117, -1071, -81827, 3024
26120, -1071, -81834, 3023
26124, -1072, -81840, 3023
26127, -1072, -81843, 3025
26131, -1072, -81845, 3024
26134, -1072, -81848, 3023
26138, -1072, -81854, 3023
26142, -1072, -81861, 3021
26145, -1073, -81865, 3022
26150, -1073, -81868, 3022
26154, -1074, -81871, 3022
26158, -1074, -81877, 3022
26162, -1074, -81884, 3022
26165, -1074, -81889, 3022
26168, -1074, -81891, 3021
26172, -1074, -81894, 3023
26176, -1074, -81897, 3021
26179, -1074, -81906, 3021
26184, -1074, -81912, 3020
26188, -1074, -81914, 3021
26191, -1075, -81917, 3021
26195, -1075, -81922, 3020
26199, -1075, -81929, 3019
26203, -1076, -81937, 3018
26208, -1076, -81938, 3021
26211, -1076, -81941, 3019
26214, -1077, -81944, 3018
26218, -1077, -81949, 3018
26221, -1077, -81956, 3019
26224, -1077, -81962, 3019
26228, -1077, -81964, 3019
26231, -1077, -81967, 3018
26235, -1077, -81972, 3018
26238, -1077, -81978, 3018
26242, -1077, -81986, 3018
26245, -1078, -81991, 3018
26250, -1078, -81993, 3017
26253, -1078, -81996, 3019
26257, -1078, -82003, 3018
26261, -1078, -82012, 3018
26265, -1078, -82017, 3018
26269, -1078, -82020, 3017
26272, -1078, -82023, 3018
26276, -1078, -82028, 3016
26279, -1078, -82036, 3017
26283, -1079, -82045, 3015
26288, -1079, -82047, 3016
26292, -1080, -82050, 3016
26296, -1080, -82056, 3016
26300, -1080, -82062, 3015
26303, -1080, -82069, 3015
26307, -1080, -82071, 3016
26310, -1080, -82074, 3015
26314, -1080, -82077, 3015
26318, -1080, -82083, 3015
26321, -1081, -82089, 3014
26324, -1081, -82095, 3014
26328, -1081, -82097, 3015
26333, -1081, -82100, 3014
26336, -1081, -82105, 3015
26340, -1082, -82110, 3012
26343, -1082, -82118, 3012
26347, -1082, -82120, 3014
26351, -1082, -82123, 3014
26356, -1083, -82127, 3012
26359, -1083, -82133, 3012
26363, -1083, -82141, 3011
26368, -1083, -82143, 3012
26371, -1084, -82147, 3012
26375, -1084, -82151, 3011
26379, -1084, -82158, 3011
26383, -1084, -82165, 3010
26387, -1084, -82168, 3012
26391, -1085, -82170, 3011
26395, -1084, -82174, 3012
26398, -1085, -82181, 3009
26403, -1085, -82190, 3010
26408, -1085, -82193, 3011
26411, -1085, -82196, 3010
26415, -1086, -82201, 3010
26419, -1086, -82207, 3008
26422, -1086, -82215, 3009
26426, -1086, -82219, 3010
26429, -1086, -82221, 3010
26432, -1086, -82223, 3010
26436, -1086, -82229, 3009
26439, -1086, -82236, 3009
26442, -1086, -82245, 3010
26446, -1086, -82249, 3008
26449, -1087, -82252, 3008
26452, -1087, -82257, 3009
26457, -1087, -82263, 3010
26460, -1087, -82271, 3007
26464, -1087, -82280, 3007
26468, -1087, -82283, 3008
26473, -1088, -82288, 3008
26476, -1088, -82293, 3008
26479, -1088, -82303, 3006
26484, -1088, -82311, 3006
26488, -1089, -82314, 3006
26492, -1089, -82318, 3006
26495, -1090, -82324, 3006
26499, -1090, -82334, 3006
26504, -1090, -82343, 3004
26508, -1090, -82347, 3006
26511, -1090, -82351, 3005
26515, -1091, -82357, 3004
26519, -1091, -82365, 3004
26523, -1091, -82374, 3004
26527, -1091, -82378, 3004
26530, -1092, -82381, 3003
26533, -1092, -82384, 3004
26537, -1092, -82390, 3003
26540, -1092, -82396, 3003
26543, -1093, -82405, 3002
26547, -1093, -82408, 3003
26550, -1093, -82412, 3002
26554, -1093, -82418, 3001
26558, -1094, -82424, 3002
26562, -1094, -82436, 3001
26567, -1094, -82441, 3003
26570, -1094, -82446, 3002
26574, -1094, -82451, 3001
26578, -1094, -82459, 3001
26582, -1094, -82472, 3000
26586, -1095, -82478, 3001
26590, -1095, -82483, 3000
26593, -1095, -82488, 3000
26597, -1096, -82496, 2999
26601, -1096, -82506, 2998
26605, -1096, -82516, 3000
26608, -1096, -82521, 2999
26612, -1097, -82526, 2998
26615, -1097, -82533, 2998
26619, -1097, -82542, 2997
26622, -1098, -82553, 2998
26626, -1098, -82560, 2996
26631, -1098, -82565, 2998
26635, -1098, -82572, 2999
26639, -1098, -82580, 2996
26643, -1099, -82589, 2996
26646, -1099, -82595, 2996
26650, -1099, -82598, 2995
26653, -1100, -82603, 2997
26657, -1100, -82609, 2994
26660, -1100, -82617, 2995
26664, -1101, -82627, 2994
26668, -1101, -82631, 2995
26671, -1101, -82634, 2996
26674, -1100, -82639, 2996
26678, -1101, -82645, 2994
26682, -1101, -82655, 2994
26686, -1101, -82661, 2993
26690, -1101, -82665, 2994
26694, -1102, -82670, 2994
26698, -1102, -82677, 2993
26702, -1102, -82685, 2992
26705, -1103, -82691, 2992
26708, -1103, -82695, 2994
26712, -1103, -82698, 2993
26715, -1103, -82703, 2992
26718, -1103, -82710, 2992
26722, -1103, -82718, 2990
26725, -1104, -82726, 2992
26729, -1104, -82730, 2991
26733, -1104, -82735, 2991
26736, -1105, -82742, 2991
26739, -1105, -82750, 2990
26743, -1105, -82761, 2990
26747, -1105, -82765, 2990
26751, -1105, -82768, 2990
26754, -1106, -82773, 2990
26757, -1106, -82780, 2989
26761, -1106, -82788, 2989
26764, -1106, -82796, 2989
26767, -1106, -82801, 2989
26772, -1107, -82805, 2989
26775, -1107, -82811, 2989
26779, -1107, -82818, 2989
26782, -1107, -82829, 2989
26786, -1107, -82833, 2988
26791, -1107, -82836, 2988
26794, -1107, -82841, 2987
26798, -1108, -82849, 2987
26802, -1108, -82859, 2987
26806, -1108, -82862, 2987
26810, -1108, -82866, 2988
26813, -1108, -82870, 2987
26817, -1109, -82878, 2986
26821, -1109, -82885, 2987
26825, -1109, -82892, 2987
26828, -1109, -82894, 2987
26831, -1109, -82897, 2985
26835, -1109, -82901, 2987
26838, -1109, -82907, 2986
26842, -1110, -82915, 2984
26846, -1110, -82920, 2986
26849, -1110, -82922, 2986
26852, -1110, -82925, 2986
26856, -1110, -82932, 2986
26861, -1110, -82939, 2984
26864, -1111, -82946, 2982
26867, -1111, -82949, 2986
26871, -1111, -82952, 2985
26874, -1111, -82956, 2984
26877, -1112, -82961, 2983
26880, -1111, -82967, 2984
26884, -1112, -82976, 2983
26887, -1112, -82978, 2983
26891, -1112, -82980, 2983
26894, -1112, -82984, 2984
26897, -1113, -82990, 2982
26900, -1113, -82998, 2982
26904, -1113, -83007, 2982
26907, -1113, -83011, 2982
26912, -1113, -83015, 2983
26916, -1113, -83020, 2983
26920, -1113, -83027, 2982
26923, -1114, -83036, 2980
26927, -1114, -83039, 2981
26930, -1114, -83042, 2980
26934, -1115, -83047, 2981
26937, -1115, -83054, 2980
26941, -1115, -83062, 2981
26944, -1115, -83069, 2980
26948, -1115, -83071, 2980
26951, -1115, -83074, 2980
26954, -1115, -83077, 2980
26958, -1116, -83084, 2979
26961, -1116, -83094, 2980
26966, -1116, -83098, 2980
26969, -1116, -83101, 2979
26973, -1116, -83104, 2980
26976, -1116, -83108, 2978
26979, -1117, -83115, 2978
26983, -1117, -83123, 2978
26986, -1117, -83127, 2978
26990, -1117, -83129, 2979
26994, -1117, -83133, 2978
26997, -1117, -83139, 2979
27001, -1117, -83145, 2977
27004, -1118, -83152, 2977
27008, -1118, -83155, 2976
27011, -1118, -83159, 2978
27016, -1119, -83164, 2977
27019, -1119, -83170, 2977
27022, -1119, -83178, 2975
27026, -1119, -83182, 2976
27029, -1119, -83184, 2977
27032, -1119, -83187, 2976
27036, -1119, -83192, 2977
27039, -1119, -83200, 2975
27043, -1120, -83208, 2975
27047, -1120, -83212, 2975
27050, -1120, -83215, 2975
27054, -1121, -83219, 2975
27058, -1121, -83227, 2975
27062, -1121, -83237, 2974
27066, -1121, -83244, 2974
27070, -1121, -83249, 2975
27074, -1121, -83253, 2974
27078, -1121, -83260, 2974
27081, -1122, -83269, 2973
27084, -1122, -83275, 2974
27088, -1122, -83278, 2974
27091, -1122, -83282, 2974
27094, -1122, -83287, 2974
27097, -1122, -83295, 2972
27101, -1122, -83304, 2973
27105, -1123, -83310, 2972
27109, -1123, -83313, 2973
27113, -1123, -83316, 2972
27116, -1123, -83321, 2973
27119, -1123, -83329, 2972
27122, -1123, -83337, 2971
27126, -1124, -83341, 2971
27130, -1124, -83344, 2972
27133, -1124, -83348, 2971
27137, -1124, -83353, 2972
27140, -1124, -83360, 2972
27144, -1124, -83368, 2970
27147, -1125, -83371, 2969
27151, -1125, -83374, 2971
27154, -1125, -83377, 2969
27157, -1126, -83383, 2971
27161, -1126, -83390, 2969
27165, -1125, -83395, 2971
27168, -1126, -83397, 2970
27171, -1126, -83399, 2969
27175, -1126, -83403, 2970
27178, -1126, -83408, 2969
27181, -1127, -83414, 2967
27185, -1127, -83419, 2968
27188, -1127, -83421, 2969
27191, -1127, -83423, 2968
27194, -1128, -83427, 2968
27198, -1127, -83432, 2968
27201, -1127, -83440, 2968
27204, -1128, -83447, 2968
27208, -1128, -83449, 2968
27211, -1128, -83451, 2968
27215, -1128, -83454, 2968
27218, -1128, -83459, 2968
27221, -1128, -83467, 2967
27224, -1128, -83473, 2966
27228, -1129, -83477, 2966
27231, -1129, -83481, 2968
27235, -1129, -83487, 2967
27239, -1129, -83493, 2966
27242, -1129, -83501, 2966
27246, -1129, -83507, 2966
27249, -1129, -83509, 2966
27253, -1129, -83513, 2968
27256, -1129, -83519, 2966
27260, -1129, -83527, 2965
27263, -1130, -83536, 2964
27267, -1130, -83540, 2965
27271, -1130, -83542, 2966
27274, -1130, -83546, 2966
27277, -1130, -83553, 2965
27281, -1131, -83560, 2963
27284, -1131, -83569, 2964
27287, -1131, -83571, 2965
27291, -1132, -83574, 2963
27294, -1132, -83577, 2963
27297, -1132, -83583, 2962
27301, -1133, -83590, 2962
27305, -1133, -83597, 2964
27308, -1133, -83600, 2964
27311, -1133, -83603, 2961
27315, -1133, -83608, 2962
27319, -1133, -83616, 2962
27322, -1133, -83623, 2962
27326, -1134, -83627, 2962
27329, -1134, -83629, 2962
27332, -1134, -83632, 2962
27336, -1134, -83636, 2962
27339, -1134, -83643, 2962
27342, -1134, -83649, 2960
27346, -1134, -83653, 2961
27349, -1134, -83655, 2961
27353, -1134, -83658, 2962
27357, -1135, -83664, 2961
27361, -1134, -83670, 2961
27364, -1135, -83677, 2960
27368, -1135, -83679, 2961
27371, -1135, -83682, 2959
27374, -1135, -83685, 2960
27377, -1136, -83690, 2960
27381, -1136, -83696, 2959
27384, -1136, -83702, 2960
27387, -1136, -83705, 2959
27391, -1136, -83708, 2960
27394, -1136, -83712, 2958
27398, -1136, -83718, 2959
27401, -1137, -83724, 2958
27404, -1137, -83731, 2959
27408, -1137, -83733, 2960
27411, -1137, -83736, 2959
27414, -1136, -83739, 2960
27417, -1136, -83746, 2958
27421, -1137, -83755, 2958
27425, -1137, -83761, 2957
27429, -1137, -83765, 2959
27432, -1137, -83768, 2959
27436, -1137, -83773, 2959
27439, -1137, -83780, 2957
27443, -1138, -83789, 2956
27447, -1138, -83791, 2958
27450, -1138, -83794, 2956
27453, -1139, -83797, 2957
27457, -1139, -83801, 2957
27460, -1139, -83807, 2956
27463, -1139, -83815, 2955
27467, -1139, -83818, 2956
27470, -1140, -83819, 2956
27474, -1140, -83822, 2956
27477, -1140, -83828, 2955
27480, -1140, -83834, 2954
27484, -1140, -83840, 2955
27487, -1140, -83842, 2956
27490, -1140, -83844, 2956
27494, -1140, -83847, 2955
27497, -1140, -83853, 2955
27501, -1140, -83859, 2954
27504, -1140, -83866, 2956
27508, -1141, -83868, 2955
27511, -1141, -83870, 2955
27514, -1141, -83874, 2955
27518, -1141, -83879, 2954
27521, -1141, -83885, 2953
27524, -1141, -83891, 2955
27527, -1141, -83893, 2954
27531, -1142, -83896, 2954
27535, -1141, -83900, 2955
27538, -1141, -83905, 2954
27542, -1142, -83911, 2953
27545, -1142, -83916, 2954
27549, -1142, -83917, 2953
27552, -1142, -83920, 2953
27555, -1142, -83923, 2953
27558, -1142, -83928, 2953
27562, -1143, -83935, 2953
27565, -1143, -83939, 2951
27568, -1143, -83941, 2953
27571, -1143, -83944, 2952
27575, -1143, -83948, 2953
27578, -1144, -83953, 2951
27582, -1144, -83960, 2950
27585, -1144, -83964, 2952
27589, -1144, -83965, 2953
27592, -1144, -83967, 2951
27595, -1144, -83971, 2952
27598, -1144, -83977, 2951
27602, -1144, -83985, 2951
27606, -1144, -83989, 2952
27609, -1144, -83991, 2951
27612, -1145, -83993, 2950
27615, -1145, -83998, 2951
27619, -1145, -84005, 2950
27623, -1146, -84012, 2948
27626, -1146, -84015, 2951
27629, -1146, -84016, 2950
27633, -1146, -84019, 2949
27636, -1146, -84024, 2948
27639, -1146, -84031, 2950
27642, -1146, -84039, 2949
27646, -1147, -84044, 2949
27650, -1147, -84045, 2948
27653, -1147, -84049, 2949
27657, -1147, -84054, 2949
27660, -1147, -84061, 2948
27664, -1147, -84068, 2947
27667, -1147, -84071, 2948
27671, -1148, -84074, 2948
27674, -1148, -84077, 2949
27677, -1148, -84083, 2948
27680, -1147, -84088, 2948
27684, -1148, -84096, 2947
27687, -1148, -84099, 2948
27691, -1148, -84103, 2946
27695, -1148, -84108, 2947
27698, -1148, -84113, 2948
27701, -1149, -84121, 2946
27705, -1149, -84126, 2947
27708, -1149, -84128, 2947
27712, -1149, -84132, 2947
27715, -1149, -84136, 2946
27718, -1149, -84141, 2946
27721, -1149, -84148, 2946
27725, -1150, -84154, 2945
27728, -1150, -84157, 2946
27731, -1150, -84160, 2945
27735, -1150, -84164, 2944
27738, -1150, -84169, 2946
27741, -1151, -84176, 2944
27744, -1151, -84182, 2944
27748, -1151, -84185, 2945
27752, -1151, -84189, 2945
27756, -1151, -84195, 2945
27759, -1151, -84201, 2943
27763, -1151, -84210, 2943
27766, -1152, -84214, 2942
27770, -1152, -84218, 2943
27774, -1153, -84222, 2943
27777, -1153, -84227, 2942
27780, -1153, -84234, 2942
27783, -1154, -84242, 2940
27787, -1154, -84246, 2942
27790, -1154, -84249, 2942
27793, -1154, -84253, 2942
27797, -1154, -84259, 2941
27800, -1154, -84266, 2941
27803, -1154, -84274, 2941
27807, -1154, -84278, 2941
27810, -1155, -84282, 2940
27814, -1155, -84287, 2941
27817, -1155, -84294, 2941
27821, -1155, -84302, 2941
27824, -1155, -84310, 2939
27828, -1155, -84313, 2940
27832, -1155, -84318, 2941
27835, -1155, -84323, 2940
27839, -1156, -84329, 2939
27842, -1156, -84337, 2939
27845, -1156, -84343, 2940
27848, -1156, -84346, 2940
27852, -1156, -84350, 2940
27855, -1156, -84354, 2939
27858, -1156, -84361, 2938
27862, -1157, -84369, 2938
27865, -1157, -84375, 2939
27869, -1157, -84378, 2937
27873, -1157, -84382, 2940
27876, -1157, -84388, 2938
27880, -1157, -84394, 2937
27884, -1158, -84402, 2936
27887, -1158, -84405, 2937
27890, -1159, -84408, 2936
27893, -1159, -84412, 2936
27897, -1159, -84417, 2936
27900, -1159, -84424, 2936
27904, -1160, -84431, 2936
27908, -1159, -84435, 2937
27911, -1159, -84438, 2936
27915, -1159, -84442, 2936
27918, -1159, -84448, 2936
27922, -1159, -84457, 2936
27926, -1160, -84462, 2934
27929, -1160, -84465, 2934
27933, -1161, -84468, 2934
27937, -1161, -84473, 2935
27940, -1162, -84479, 2933
27943, -1161, -84487, 2935
27947, -1161, -84491, 2935
27950, -1161, -84494, 2934
27953, -1161, -84497, 2934
27957, -1161, -84503, 2934
27960, -1162, -84509, 2933
27963, -1162, -84517, 2932
27967, -1162, -84520, 2933
27970, -1163, -84523, 2933
27973, -1163, -84527, 2933
27977, -1163, -84533, 2933
27980, -1163, -84540, 2931
27984, -1164, -84548, 2930
27988, -1164, -84551, 2933
27991, -1164, -84554, 2932
27994, -1164, -84559, 2932
27997, -1164, -84565, 2931
28001, -1164, -84571, 2931
28004, -1164, -84579, 2931
28007, -1164, -84582, 2933
28011, -1164, -84585, 2931
28014, -1164, -84590, 2931
28018, -1164, -84595, 2930
28021, -1165, -84602, 2930
28024, -1165, -84608, 2930
28028, -1165, -84611, 2931
28031, -1166, -84615, 2929
28034, -1166, -84619, 2929
28038, -1166, -84626, 2929
28041, -1166, -84633, 2929
28044, -1167, -84640, 2929
28048, -1166, -84643, 2930
28052, -1166, -84646, 2930
28055, -1166, -84651, 2928
28059, -1166, -84658, 2929
28062, -1167, -84665, 2928
28066, -1167, -84670, 2929
28069, -1167, -84673, 2929
28072, -1167, -84676, 2928
28075, -1167, -84680, 2927
28079, -1168, -84687, 2927
28083, -1168, -84696, 2928
28087, -1168, -84699, 2926
28090, -1169, -84703, 2926
28093, -1169, -84706, 2927
28096, -1169, -84710, 2927
28100, -1169, -84717, 2927
28103, -1169, -84724, 2925
28106, -1169, -84728, 2925
28110, -1170, -84731, 2925
28113, -1170, -84735, 2925
28116, -1170, -84741, 2926
28119, -1170, -84746, 2925
28123, -1171, -84754, 2924
28126, -1170, -84758, 2926
28129, -1170, -84761, 2925
28133, -1171, -84764, 2925
28136, -1171, -84769, 2925
28139, -1170, -84775, 2925
28142, -1171, -84782, 2923
28146, -1171, -84787, 2924
28149, -1172, -84790, 2923
28152, -1172, -84794, 2924
28155, -1172, -84798, 2924
28159, -1172, -84803, 2924
28162, -1172, -84810, 2922
28165, -1172, -84816, 2923
28168, -1172, -84819, 2924
28171, -1172, -84821, 2923
28175, -1173, -84826, 2923
28178, -1172, -84830, 2923
28181, -1173, -84837, 2922
28184, -1173, -84843, 2920
28187, -1174, -84846, 2922
28191, -1174, -84849, 2921
28194, -1174, -84853, 2921
28197, -1175, -84858, 2921
28200, -1175, -84865, 2920
28204, -1175, -84872, 2920
28207, -1175, -84876, 2919
28210, -1175, -84879, 2922
28214, -1175, -84883, 2920
28217, -1175, -84888, 2921
28220, -1175, -84894, 2920
28223, -1175, -84901, 2919
28227, -1176, -84905, 2920
28230, -1176, -84908, 2919
28233, -1176, -84912, 2919
28236, -1176, -84916, 2920
28240, -1176, -84922, 2919
28243, -1177, -84929, 2918
28246, -1177, -84933, 2918
28250, -1177, -84936, 2919
28253, -1177, -84940, 2919
28256, -1177, -84945, 2917
28259, -1177, -84951, 2918
28263, -1178, -84958, 2917
28266, -1178, -84963, 2917
28270, -1178, -84966, 2917
28273, -1178, -84970, 2918
28276, -1178, -84975, 2917
28279, -1179, -84981, 2916
28283, -1179, -84989, 2916
28286, -1179, -84994, 2915
28289, -1180, -84998, 2915
28293, -1180, -85002, 2916
28296, -1180, -85007, 2916
28299, -1180, -85013, 2914
28302, -1180, -85021, 2915
28306, -1180, -85028, 2915
28309, -1181, -85032, 2914
28312, -1181, -85037, 2915
28315, -1181, -85043, 2914
28319, -1181, -85050, 2914
28322, -1182, -85058, 2913
28325, -1182, -85066, 2912
28328, -1183, -85071, 2912
28332, -1183, -85076, 2914
28335, -1183, -85082, 2912
28338, -1183, -85088, 2912
28341, -1183, -85097, 2911
28344, -1184, -85106, 2911
28348, -1184, -85112, 2912
28351, -1184, -85117, 2911
28354, -1184, -85122, 2911
28358, -1185, -85129, 2910
28361, -1185, -85137, 2910
28364, -1185, -85146, 2909
28367, -1186, -85153, 2910
28371, -1186, -85158, 2910
28374, -1186, -85164, 2911
28377, -1186, -85170, 2910
28380, -1186, -85179, 2909
28384, -1186, -85189, 2908
28387, -1186, -85196, 2908
28390, -1187, -85202, 2908
28393, -1188, -85208, 2907
28396, -1188, -85215, 2909
28400, -1188, -85223, 2907
28403, -1188, -85234, 2905
28406, -1189, -85242, 2906
28410, -1189, -85248, 2906
28413, -1189, -85254, 2907
28416, -1190, -85262, 2906
28419, -1189, -85270, 2906
28423, -1190, -85280, 2904
28426, -1190, -85289, 2905
28429, -1190, -85296, 2905
28432, -1191, -85301, 2904
28436, -1191, -85308, 2904
28439, -1191, -85317, 2903
28442, -1192, -85326, 2903
28445, -1192, -85335, 2904
28449, -1192, -85342, 2904
28452, -1192, -85347, 2902
28455, -1193, -85354, 2901
28459, -1193, -85361, 2900
28462, -1194, -85371, 2903
28465, -1194, -85379, 2901
28468, -1195, -85385, 2900
28472, -1195, -85391, 2900
28475, -1195, -85396, 2900
28478, -1195, -85402, 2901
28482, -1195, -85410, 2900
28485, -1195, -85418, 2900
28488, -1195, -85424, 2900
28491, -1196, -85429, 2898
28495, -1196, -85435, 2898
28498, -1197, -85441, 2899
28501, -1197, -85449, 2899
28504, -1197, -85458, 2898
28507, -1197, -85464, 2899
28511, -1197, -85468, 2898
28514, -1197, -85473, 2898
28517, -1198, -85479, 2897
28521, -1198, -85486, 2897
28524, -1198, -85495, 2896
28527, -1199, -85500, 2897
28530, -1199, -85505, 2896
28534, -1199, -85510, 2896
28537, -1200, -85516, 2895
28540, -1200, -85523, 2896
28543, -1200, -85531, 2894
28547, -1200, -85536, 2895
28550, -1201, -85540, 2894
28553, -1201, -85545, 2896
28556, -1201, -85551, 2895
28560, -1201, -85557, 2894
28563, -1201, -85566, 2894
28566, -1201, -85572, 2893
28570, -1201, -85576, 2895
28573, -1202, -85581, 2893
28576, -1202, -85586, 2894
28580, -1202, -85592, 2892
28583, -1202, -85600, 2893
28586, -1203, -85605, 2891
28589, -1203, -85609, 2891
28593, -1204, -85614, 2893
28596, -1204, -85619, 2891
28600, -1204, -85626, 2891
28603, -1204, -85634, 2891
28606, -1204, -85639, 2891
28610, -1205, -85644, 2891
28613, -1205, -85648, 2891
28616, -1204, -85653, 2892
28620, -1204, -85658, 2891
28623, -1205, -85667, 2890
28627, -1205, -85673, 2889
28630, -1205, -85677, 2890
28633, -1206, -85681, 2890
28636, -1206, -85687, 2890
28640, -1206, -85694, 2890
28643, -1206, -85702, 2888
28647, -1207, -85707, 2887
28650, -1207, -85714, 2888
28655, -1207, -85719, 2888
28658, -1208, -85725, 2889
28662, -1208, -85733, 2886
28665, -1208, -85741, 2888
28669, -1208, -85747, 2887
28672, -1208, -85751, 2886
28675, -1209, -85757, 2888
28679, -1209, -85763, 2886
28682, -1209, -85771, 2886
28685, -1209, -85778, 2885
28689, -1209, -85783, 2886
28693, -1210, -85788, 2885
28696, -1210, -85794, 2885
28700, -1210, -85804, 2885
28705, -1211, -85814, 2884
28709, -1211, -85819, 2885
28712, -1211, -85823, 2883
28716, -1211, -85828, 2884
28719, -1212, -85835, 2883
28722, -1212, -85843, 2883
28726, -1213, -85849, 2882
28729, -1213, -85855, 2883
28734, -1213, -85861, 2882
28738, -1213, -85866, 2882
28741, -1213, -85874, 2882
28744, -1214, -85882, 2880
28749, -1214, -85888, 2881
28754, -1214, -85893, 2882
28758, -1215, -85898, 2880
28761, -1215, -85905, 2880
28765, -1215, -85913, 2880
28768, -1215, -85917, 2879
28772, -1216, -85923, 2879
28775, -1216, -85930, 2879
28780, -1217, -85939, 2878
28784, -1217, -85949, 2878
28789, -1217, -85953, 2880
28793, -1217, -85960, 2878
28798, -1217, -85968, 2878
28802, -1217, -85976, 2877
28806, -1218, -85984, 2876
28810, -1219, -85990, 2876
28814, -1219, -85996, 2876
28818, -1219, -86002, 2876
28821, -1220, -86009, 2876
28825, -1220, -86017, 2874
28829, -1220, -86022, 2876
28832, -1220, -86028, 2876
28836, -1220, -86033, 2874
28839, -1221, -86040, 2874
28843, -1221, -86050, 2875
28848, -1221, -86057, 2874
28852, -1221, -86062, 2875
28856, -1221, -86068, 2875
28859, -1221, -86076, 2872
28864, -1222, -86085, 2872
28868, -1222, -86092, 2874
28872, -1223, -86097, 2871
28875, -1223, -86103, 2872
28880, -1224, -86113, 2870
28884, -1224, -86121, 2871
28888, -1225, -86126, 2871
28891, -1225, -86131, 2870
28895, -1225, -86138, 2871
28899, -1225, -86145, 2872
28903, -1225, -86154, 2869
28907, -1225, -86163, 2870
28912, -1226, -86169, 2868
28916, -1226, -86177, 2870
28920, -1227, -86185, 2867
28924, -1227, -86195, 2867
28927, -1228, -86204, 2867
28932, -1228, -86210, 2866
28935, -1229, -86217, 2866
28938, -1229, -86223, 2866
28942, -1229, -86233, 2866
28945, -1230, -86245, 2865
28949, -1230, -86253, 2866
28952, -1230, -86262, 2866
28957, -1231, -86270, 2862
28960, -1231, -86280, 2864
28964, -1232, -86292, 2862
28967, -1232, -86303, 2862
28971, -1233, -86313, 2862
28975, -1233, -86324, 2861
28979, -1234, -86336, 2861
28983, -1234, -86350, 2861
28987, -1234, -86364, 2861
28990, -1235, -86373, 2859
28994, -1236, -86382, 2858
28998, -1236, -86393, 2857
29001, -1237, -86407, 2857
29006, -1238, -86423, 2856
29009, -1239, -86437, 2857
29014, -1239, -86447, 2855
29017, -1239, -86459, 2856
29021, -1240, -86480, 2854
29026, -1241, -86500, 2852
29031, -1242, -86517, 2851
29035, -1243, -86529, 2851
29039, -1244, -86541, 2851
29042, -1245, -86557, 2849
29046, -1246, -86577, 2848
29049, -1246, -86592, 2848
29052, -1247, -86607, 2848
29057, -1247, -86621, 2848
29060, -1248, -86640, 2847
29065, -1249, -86663, 2843
29068, -1250, -86687, 2843
29072, -1251, -86704, 2843
29076, -1252, -86721, 2842
29080, -1253, -86742, 2840
29084, -1254, -86767, 2838
29088, -1255, -86789, 2838
29091, -1256, -86810, 2838
29095, -1257, -86829, 2838
29099, -1258, -86854, 2836
29104, -1259, -86884, 2832
29108, -1260, -86913, 2834
29113, -1261, -86933, 2831
29116, -1263, -86950, 2831
29120, -1264, -86972, 2830
29124, -1265, -87001, 2826
29128, -1267, -87028, 2824
29131, -1268, -87047, 2825
29135, -1270, -87064, 2824
29138, -1271, -87082, 2824
29142, -1272, -87108, 2822
29146, -1273, -87138, 2819
29149, -1274, -87159, 2819
29153, -1275, -87179, 2819
29157, -1276, -87197, 2818
29160, -1277, -87218, 2817
29163, -1278, -87243, 2813
29167, -1280, -87274, 2813
29171, -1281, -87294, 2812
29175, -1282, -87314, 2812
29179, -1284, -87341, 2810
29183, -1285, -87373, 2806
29187, -1286, -87398, 2806
29191, -1288, -87421, 2806
29195, -1289, -87439, 2805
29199, -1290, -87460, 2804
29202, -1291, -87487, 2802
29206, -1292, -87512, 2799
29209, -1294, -87533, 2800
29212, -1295, -87551, 2800
29216, -1295, -87569, 2800
29219, -1296, -87588, 2797
29223, -1297, -87615, 2794
29226, -1299, -87640, 2794
29230, -1300, -87661, 2793
29233, -1301, -87679, 2793
29237, -1302, -87698, 2792
29241, -1303, -87730, 2789
29246, -1305, -87765, 2786
29250, -1306, -87792, 2787
29255, -1308, -87813, 2786
29259, -1309, -87833, 2784
29262, -1311, -87856, 2781
29266, -1312, -87881, 2780
29269, -1313, -87904, 2781
29273, -1315, -87920, 2779
29276, -1316, -87937, 2778
29280, -1316, -87966, 2778
29285, -1318, -87998, 2773
29289, -1319, -88022, 2773
29292, -1321, -88040, 2773
29296, -1322, -88061, 2772
29300, -1323, -88087, 2771
29304, -1324, -88114, 2767
29308, -1326, -88137, 2767
29312, -1327, -88159, 2765
29316, -1329, -88181, 2764
29320, -1330, -88203, 2764
29324, -1332, -88228, 2758
29327, -1333, -88257, 2760
29332, -1335, -88278, 2759
29336, -1336, -88298, 2759
29340, -1337, -88325, 2756
29344, -1338, -88359, 2753
29349, -1339, -88383, 2754
29353, -1341, -88401, 2753
29356, -1342, -88422, 2752
29361, -1343, -88452, 2749
29366, -1345, -88477, 2746
29369, -1346, -88500, 2746
29373, -1348, -88516, 2746
29376, -1349, -88532, 2745
29379, -1350, -88551, 2744
29383, -1351, -88575, 2742
29387, -1352, -88598, 2739
29390, -1354, -88617, 2740
29394, -1355, -88635, 2740
29398, -1356, -88656, 2738
29401, -1357, -88677, 2735
29405, -1359, -88701, 2731
29409, -1360, -88729, 2734
29414, -1361, -88747, 2734
29417, -1363, -88766, 2731
29421, -1364, -88790, 2729
29425, -1365, -88824, 2726
29430, -1366, -88843, 2727
29434, -1368, -88859, 2725
29437, -1369, -88882, 2725
29442, -1370, -88906, 2723
29446, -1372, -88930, 2719
29450, -1374, -88955, 2717
29454, -1375, -88972, 2719
29458, -1376, -88999, 2718
29463, -1378, -89025, 2714
29467, -1379, -89051, 2713
29471, -1381, -89075, 2711
29476, -1382, -89096, 2711
29480, -1384, -89115, 2708
29484, -1385, -89139, 2708
29487, -1387, -89160, 2707
29491, -1388, -89177, 2706
29494, -1389, -89191, 2706
29498, -1389, -89207, 2704
29501, -1390, -89226, 2703
29504, -1392, -89250, 2700
29508, -1393, -89272, 2700
29511, -1394, -89289, 2701
29515, -1395, -89307, 2699
29519, -1396, -89323, 2697
29522, -1397, -89342, 2695
29525, -1399, -89365, 2693
29529, -1400, -89384, 2693
29532, -1401, -89400, 2693
29535, -1402, -89414, 2692
29539, -1403, -89430, 2690
29542, -1405, -89448, 2687
29545, -1406, -89470, 2687
29549, -1407, -89488, 2687
29552, -1408, -89503, 2686
29555, -1409, -89517, 2685
29558, -1410, -89536, 2683
29562, -1411, -89557, 2682
29565, -1412, -89578, 2681
29569, -1413, -89596, 2680
29573, -1415, -89614, 2679
29576, -1416, -89629, 2678
29580, -1417, -89647, 2677
29584, -1418, -89671, 2673
29588, -1419, -89695, 2675
29592, -1421, -89711, 2672
29595, -1421, -89725, 2674
29599, -1423, -89743, 2670
29603, -1424, -89767, 2668
29606, -1425, -89788, 2667
29610, -1427, -89805, 2666
29613, -1428, -89820, 2666
29616, -1429, -89836, 2666
29620, -1430, -89855, 2664
29624, -1431, -89876, 2660
29627, -1432, -89901, 2661
29632, -1433, -89917, 2660
29636, -1435, -89934, 2659
29640, -1436, -89953, 2657
29644, -1437, -89982, 2655
29649, -1439, -90009, 2654
29654, -1440, -90025, 2653
29657, -1441, -90041, 2654
29661, -1442, -90066, 2650
29665, -1444, -90089, 2647
29669, -1445, -90107, 2649
29672, -1446, -90123, 2647
29676, -1447, -90141, 2648
29680, -1448, -90164, 2645
29685, -1450, -90189, 2640
29689, -1451, -90211, 2641
29693, -1453, -90227, 2641
29697, -1455, -90246, 2638
29702, -1456, -90267, 2637
29705, -1457, -90289, 2635
29709, -1458, -90307, 2635
29712, -1459, -90322, 2636
29715, -1460, -90336, 2634
29719, -1461, -90350, 2632
29722, -1462, -90368, 2630
29725, -1464, -90389, 2628
29729, -1465, -90407, 2628
29732, -1466, -90422, 2628
29736, -1467, -90435, 2627
29739, -1468, -90450, 2626
29742, -1469, -90468, 2624
29746, -1470, -90495, 2621
29750, -1472, -90515, 2621
29755, -1473, -90528, 2622
29758, -1474, -90550, 2621
29763, -1476, -90570, 2615
29766, -1477, -90590, 2615
29770, -1478, -90606, 2616
29773, -1479, -90620, 2616
29776, -1480, -90634, 2614
29781, -1481, -90651, 2612
29784, -1482, -90673, 2612
29788, -1483, -90692, 2608
29791, -1485, -90708, 2609
29795, -1486, -90723, 2608
29799, -1487, -90737, 2608
29803, -1488, -90757, 2605
29806, -1489, -90780, 2603
29810, -1490, -90802, 2604
29815, -1491, -90816, 2602
29819, -1492, -90831, 2603
29822, -1494, -90849, 2598
29826, -1495, -90868, 2598
29829, -1496, -90884, 2598
29832, -1497, -90897, 2598
29836, -1498, -90909, 2595
29839, -1499, -90924, 2595
29842, -1500, -90941, 2594
29846, -1501, -90966, 2592
29851, -1502, -90986, 2591
29855, -1503, -91003, 2590
29860, -1504, -91019, 2589
29863, -1506, -91040, 2587
29867, -1507, -91064, 2586
29872, -1508, -91080, 2585
29875, -1509, -91093, 2586
29879, -1510, -91109, 2584
29883, -1511, -91128, 2581
29886, -1513, -91149, 2579
29890, -1513, -91169, 2581
29895, -1515, -91184, 2580
29899, -1516, -91203, 2577
29904, -1517, -91231, 2575
29908, -1518, -91249, 2574
29912, -1520, -91265, 2574
29916, -1521, -91276, 2574
29919, -1522, -91290, 2572
29922, -1523, -91308, 2570
29926, -1524, -91327, 2568
29929, -1525, -91347, 2569
29934, -1526, -91362, 2569
29937, -1527, -91375, 2568
29941, -1528, -91393, 2564
29945, -1529, -91421, 2561
29950, -1531, -91442, 2563
29955, -1532, -91457, 2563
29959, -1533, -91471, 2561
29962, -1534, -91488, 2558
29965, -1535, -91508, 2556
29969, -1537, -91525, 2556
29973, -1538, -91538, 2556
29976, -1539, -91550, 2556
29979, -1540, -91564, 2554
29983, -1541, -91581, 2551
29986, -1542, -91603, 2550
29990, -1543, -91618, 2551
29993, -1544, -91630, 2550
29996, -1545, -91643, 2550
30000, -1546, -91665, 2548
30005, -1547, -91688, 2544
30009, -1549, -91709, 2543
30014, -1550, -91724, 2545
30018, -1551, -91741, 2544
30022, -1552, -91757, 2541
30025, -1553, -91776, 2538
30029, -1554, -91793, 2540
30033, -1555, -91806, 2538
30036, -1556, -91818, 2539
30039, -1557, -91832, 2536
30043, -1558, -91852, 2534
30047, -1559, -91875, 2534
30052, -1560, -91891, 2533
30056, -1562, -91903, 2533
30059, -1563, -91919, 2531
30064, -1564, -91944, 2528
30068, -1565, -91962, 2529
30073, -1566, -91977, 2528
30076, -1567, -91991, 2527
30080, -1568, -92012, 2525
30085, -1569, -92035, 2522
30089, -1571, -92057, 2522
30093, -1572, -92071, 2521
30097, -1573, -92087, 2521
30101, -1575, -92104, 2517
30105, -1576, -92130, 2517
30110, -1577, -92150, 2516
30114, -1578, -92163, 2516
30118, -1580, -92177, 2514
30122, -1581, -92198, 2511
30126, -1582, -92224, 2510
30130, -1583, -92240, 2510
30134, -1585, -92252, 2510
30137, -1586, -92264, 2509
30141, -1586, -92278, 2508
30144, -1587, -92297, 2504
30148, -1588, -92315, 2505
30151, -1589, -92328, 2506
30154, -1590, -92341, 2505
30158, -1591, -92356, 2504
30162, -1591, -92373, 2502
30165, -1592, -92395, 2500
30169, -1593, -92412, 2500
30173, -1594, -92425, 2500
30176, -1596, -92439, 2498
30180, -1597, -92455, 2497
30184, -1598, -92480, 2494
30188, -1599, -92498, 2494
30192, -1600, -92514, 2494
30196, -1601, -92527, 2495
30199, -1602, -92545, 2492
30204, -1603, -92567, 2487
30208, -1604, -92587, 2489
30212, -1605, -92603, 2489
30216, -1607, -92619, 2488
30221, -1608, -92640, 2487
30225, -1608, -92658, 2483
30228, -1610, -92676, 2483
30233, -1611, -92690, 2483
30236, -1612, -92703, 2482
30240, -1613, -92723, 2481
30244, -1614, -92743, 2478
30248, -1615, -92760, 2478
30251, -1616, -92775, 2478
30255, -1617, -92788, 2478
30258, -1618, -92801, 2476
30262, -1619, -92817, 2474
30265, -1620, -92835, 2473
30268, -1621, -92849, 2473
30272, -1622, -92863, 2472
30275, -1623, -92876, 2472
30279, -1623, -92894, 2471
30284, -1625, -92916, 2467
30288, -1626, -92933, 2467
30292, -1627, -92945, 2468
30296, -1627, -92962, 2468
30301, -1629, -92983, 2465
30305, -1629, -93003, 2464
30308, -1630, -93021, 2463
30312, -1631, -93035, 2463
30316, -1632, -93052, 2462
30321, -1633, -93067, 2461
30324, -1634, -93085, 2459
30328, -1635, -93107, 2458
30333, -1636, -93121, 2457
30336, -1637, -93133, 2457
30340, -1638, -93147, 2456
30344, -1640, -93170, 2452
30348, -1641, -93192, 2452
30353, -1642, -93207, 2451
30356, -1643, -93220, 2452
30360, -1644, -93234, 2450
30363, -1645, -93252, 2448
30366, -1646, -93271, 2448
30370, -1647, -93286, 2447
30373, -1647, -93300, 2448
30377, -1648, -93312, 2448
30380, -1648, -93330, 2445
30384, -1650, -93351, 2442
30388, -1651, -93368, 2442
30391, -1652, -93383, 2442
30395, -1653, -93400, 2442
30400, -1654, -93417, 2440
30404, -1655, -93440, 2437
30408, -1656, -93467, 2436
30413, -1657, -93483, 2437
30417, -1659, -93499, 2435
30420, -1660, -93515, 2433
30424, -1661, -93542, 2431
30428, -1662, -93565, 2432
30433, -1663, -93581, 2430
30436, -1664, -93596, 2430
30440, -1665, -93619, 2429
30445, -1666, -93647, 2425
30450, -1668, -93668, 2426
30454, -1669, -93683, 2425
30458, -1670, -93704, 2424
30463, -1672, -93727, 2420
30466, -1673, -93751, 2420
30470, -1674, -93769, 2420
30473, -1675, -93783, 2420
30477, -1676, -93798, 2419
30480, -1676, -93815, 2418
30483, -1677, -93836, 2415
30487, -1678, -93856, 2414
30490, -1679, -93874, 2415
30494, -1680, -93891, 2414
30498, -1682, -93911, 2412
30503, -1683, -93931, 2410
30506, -1684, -93954, 2407
30509, -1686, -93973, 2407
30513, -1687, -93989, 2409
30517, -1688, -94005, 2407
30520, -1688, -94023, 2407
30524, -1689, -94052, 2402
30528, -1690, -94077, 2402
30533, -1692, -94094, 2402
30536, -1693, -94114, 2402
30541, -1694, -94133, 2400
30545, -1695, -94161, 2398
30549, -1696, -94185, 2397
30555, -1697, -94200, 2398
30558, -1698, -94218, 2396
30562, -1699, -94244, 2394
30566, -1700, -94268, 2391
30570, -1701, -94286, 2392
30574, -1703, -94302, 2391
30577, -1704, -94316, 2391
30580, -1705, -94332, 2389
30584, -1706, -94352, 2387
30587, -1707, -94371, 2387
30591, -1708, -94386, 2386
30594, -1708, -94400, 2387
30597, -1709, -94412, 2386
30601, -1709, -94428, 2385
30604, -1711, -94449, 2381
30607, -1712, -94469, 2381
30611, -1712, -94486, 2383
30614, -1713, -94501, 2381
30618, -1714, -94517, 2381
30621, -1714, -94538, 2381
30625, -1715, -94560, 2377
30629, -1716, -94580, 2377
30632, -1717, -94596, 2378
30636, -1718, -94610, 2377
30639, -1719, -94623, 2376
30642, -1719, -94641, 2373
30646, -1720, -94662, 2373
30649, -1721, -94679, 2373
30653, -1722, -94695, 2373
30656, -1723, -94711, 2370
30660, -1724, -94729, 2368
30664, -1725, -94751, 2367
30667, -1727, -94772, 2367
30671, -1728, -94790, 2367
30674, -1728, -94807, 2367
30678, -1729, -94825, 2366
30682, -1729, -94844, 2364
30685, -1731, -94865, 2361
30689, -1732, -94882, 2362
30692, -1732, -94896, 2363
30696, -1733, -94910, 2362
30699, -1734, -94924, 2361
30702, -1734, -94943, 2358
30706, -1736, -94966, 2356
30710, -1737, -94988, 2357
30714, -1738, -95009, 2358
30719, -1739, -95028, 2355
30723, -1740, -95050, 2352
30726, -1741, -95076, 2352
30730, -1742, -95099, 2352
30735, -1743, -95116, 2352
30739, -1744, -95135, 2350
30743, -1745, -95156, 2347
30747, -1746, -95176, 2347
30750, -1747, -95191, 2348
30753, -1748, -95205, 2347
30757, -1748, -95220, 2347
30761, -1749, -95239, 2346
30764, -1749, -95264, 2343
30768, -1750, -95286, 2343
30771, -1751, -95305, 2342
30775, -1752, -95321, 2342
30778, -1754, -95337, 2339
30782, -1755, -95357, 2339
30785, -1756, -95380, 2338
30789, -1757, -95403, 2337
30794, -1757, -95419, 2338
30797, -1758, -95433, 2337
30801, -1759, -95451, 2335
30805, -1760, -95477, 2332
30809, -1761, -95500, 2333
30812, -1762, -95516, 2333
30815, -1762, -95532, 2333
30819, -1763, -95552, 2331
30823, -1764, -95575, 2330
30826, -1765, -95598, 2327
30830, -1766, -95621, 2328
30834, -1767, -95639, 2327
30838, -1768, -95657, 2326
30842, -1769, -95675, 2324
30845, -1770, -95704, 2323
30850, -1771, -95726, 2323
30854, -1772, -95743, 2324
30858, -1772, -95767, 2323
30862, -1773, -95791, 2321
30865, -1774, -95823, 2317
30870, -1775, -95848, 2317
30874, -1776, -95865, 2318
30877, -1778, -95882, 2317
30881, -1779, -95903, 2314
30885, -1780, -95931, 2313
30889, -1781, -95958, 2313
30893, -1782, -95981, 2312
30898, -1783, -96007, 2311
30903, -1784, -96035, 2308
30906, -1785, -96063, 2308
30909, -1786, -96085, 2309
30913, -1787, -96106, 2308
30916, -1788, -96123, 2306
30920, -1788, -96142, 2306
30923, -1789, -96166, 2303
30926, -1791, -96199, 2302
30931, -1792, -96222, 2303
30935, -1792, -96243, 2302
30939, -1794, -96263, 2299
30942, -1795, -96289, 2299
30946, -1796, -96322, 2297
30949, -1797, -96348, 2298
30953, -1798, -96368, 2296
30956, -1799, -96388, 2295
30960, -1800, -96410, 2294
30964, -1801, -96442, 2291
30968, -1802, -96472, 2291
30971, -1803, -96497, 2292
30975, -1804, -96524, 2290
30980, -1805, -96553, 2288
30984, -1806, -96587, 2286
30987, -1807, -96617, 2286
30991, -1809, -96643, 2285
30995, -1809, -96669, 2286
30999, -1810, -96691, 2283
31003, -1812, -96724, 2280
31007, -1813, -96768, 2279
31012, -1814, -96797, 2279
31015, -1816, -96819, 2279
31019, -1816, -96842, 2279
31022, -1817, -96871, 2277
31026, -1818, -96903, 2274
31029, -1819, -96928, 2275
31032, -1820, -96950, 2275
31036, -1821, -96970, 2274
31039, -1821, -96993, 2273
31042, -1822, -97025, 2270
31046, -1824, -97060, 2267
31049, -1825, -97091, 2269
31053, -1826, -97117, 2268
31056, -1827, -97149, 2267
31061, -1828, -97182, 2265
31066, -1829, -97224, 2263
31069, -1830, -97253, 2264
31073, -1831, -97289, 2263
31078, -1832, -97323, 2261
31082, -1833, -97357, 2261
31086, -1835, -97401, 2256
31090, -1836, -97428, 2257
31095, -1837, -97457, 2257
31098, -1838, -97481, 2257
31102, -1840, -97513, 2253
31105, -1841, -97550, 2251
31108, -1842, -97581, 2252
31111, -1843, -97607, 2252
31115, -1844, -97631, 2252
31118, -1844, -97656, 2251
31122, -1845, -97684, 2247
31125, -1846, -97721, 2247
31128, -1847, -97752, 2246
31131, -1848, -97781, 2246
31135, -1849, -97805, 2246
31138, -1850, -97830, 2243
31141, -1851, -97864, 2242
31145, -1852, -97898, 2239
31148, -1854, -97929, 2240
31152, -1855, -97954, 2240
31155, -1855, -97979, 2240
31159, -1856, -98007, 2239
31162, -1857, -98043, 2236
31166, -1858, -98096, 2233
31171, -1859, -98126, 2235
31174, -1860, -98154, 2234
31178, -1861, -98189, 2233
31183, -1862, -98245, 2231
31188, -1863, -98284, 2229
31192, -1864, -98314, 2230
31195, -1865, -98339, 2229
31199, -1866, -98366, 2229
31202, -1867, -98401, 2226
31206, -1868, -98444, 2225
31210, -1869, -98487, 2225
31215, -1870, -98511, 2224
31218, -1871, -98541, 2223
31222, -1872, -98580, 2221
31225, -1873, -98626, 2218
31229, -1875, -98666, 2219
31234, -1876, -98690, 2218
31237, -1877, -98715, 2218
31240, -1878, -98744, 2217
31244, -1878, -98785, 2214
31247, -1880, -98823, 2212
31250, -1881, -98853, 2214
31254, -1882, -98880, 2213
31257, -1882, -98907, 2213
31260, -1883, -98940, 2211
31264, -1884, -98983, 2207
31267, -1885, -99024, 2208
31271, -1886, -99055, 2207
31275, -1887, -99087, 2208
31278, -1888, -99118, 2208
31282, -1889, -99155, 2204
31286, -1890, -99199, 2203
31289, -1890, -99244, 2204
31294, -1891, -99278, 2204
31297, -1892, -99306, 2202
31301, -1893, -99343, 2201
31305, -1894, -99394, 2198
31308, -1895, -99440, 2199
31313, -1896, -99477, 2198
31318, -1897, -99510, 2197
31321, -1898, -99555, 2195
31326, -1899, -99607, 2194
31329, -1900, -99653, 2193
31334, -1901, -99685, 2192
31338, -1902, -99726, 2193
31342, -1903, -99765, 2190
31346, -1904, -99813, 2189
31349, -1905, -99848, 2189
31352, -1906, -99879, 2189
31356, -1907, -99906, 2187
31359, -1907, -99936, 2187
31362, -1908, -99975, 2184
31366, -1910, -100024, 2183
31370, -1911, -100062, 2184
31373, -1912, -100103, 2182
31377, -1913, -100134, 2182
31381, -1913, -100171, 2181
31384, -1914, -100220, 2178
31388, -1915, -100271, 2179
31393, -1916, -100302, 2179
31396, -1917, -100331, 2178
31400, -1917, -100366, 2179
31404, -1918, -100424, 2174
31408, -1919, -100465, 2175
31412, -1919, -100495, 2175
31415, -1920, -100534, 2174
31420, -1921, -100573, 2174
31424, -1922, -100630, 2168
31428, -1924, -100677, 2168
31433, -1925, -100709, 2170
31436, -1926, -100736, 2168
31440, -1927, -100768, 2167
31443, -1928, -100811, 2165
31447, -1929, -100852, 2164
31450, -1930, -100886, 2164
31453, -1931, -100914, 2163
31457, -1932, -100942, 2164
31460, -1932, -100972, 2161
31464, -1933, -101015, 2160
31467, -1934, -101056, 2158
31470, -1935, -101087, 2160
31474, -1936, -101116, 2158
31477, -1937, -101144, 2158
31481, -1937, -101175, 2157
31484, -1938, -101216, 2154
31487, -1939, -101254, 2155
31491, -1940, -101285, 2155
31494, -1941, -101311, 2153
31498, -1941, -101349, 2154
31502, -1942, -101389, 2150
31506, -1943, -101429, 2150
31509, -1944, -101471, 2150
31514, -1945, -101503, 2149
31518, -1946, -101531, 2149
31522, -1947, -101565, 2146
31525, -1948, -101605, 2144
31528, -1949, -101638, 2146
31532, -1950, -101665, 2145
31535, -1951, -101694, 2142
31539, -1952, -101726, 2143
31543, -1952, -101770, 2141
31547, -1954, -101811, 2137
31550, -1955, -101841, 2140
31554, -1955, -101868, 2140
31557, -1956, -101894, 2138
31561, -1957, -101927, 2138
31564, -1958, -101965, 2134
31568, -1958, -101998, 2136
31571, -1960, -102027, 2133
31574, -1960, -102052, 2135
31578, -1961, -102080, 2134
31581, -1962, -102113, 2132
31584, -1963, -102152, 2130
31588, -1963, -102185, 2130
31591, -1964, -102218, 2130
31595, -1965, -102243, 2130
31599, -1966, -102269, 2128
31602, -1967, -102301, 2127
31605, -1968, -102340, 2124
31609, -1969, -102372, 2124
31612, -1970, -102399, 2126
31615, -1971, -102432, 2123
31620, -1972, -102461, 2123
31623, -1972, -102500, 2120
31627, -1973, -102537, 2119
31630, -1975, -102568, 2120
31634, -1975, -102595, 2119
31638, -1976, -102623, 2119
31642, -1977, -102657, 2116
31645, -1978, -102695, 2114
31648, -1979, -102726, 2114
31652, -1980, -102753, 2114
31655, -1981, -102776, 2114
31659, -1982, -102803, 2113
31662, -1982, -102836, 2111
31665, -1984, -102875, 2108
31669, -1984, -102906, 2110
31672, -1986, -102933, 2108
31675, -1986, -102957, 2110
31678, -1987, -102982, 2107
31682, -1988, -103015, 2105
31685, -1989, -103053, 2104
31688, -1990, -103085, 2104
31692, -1991, -103113, 2104
31695, -1992, -103141, 2101
31699, -1993, -103170, 2102
31702, -1993, -103204, 2100
31706, -1995, -103242, 2098
31709, -1996, -103273, 2098
31713, -1996, -103298, 2098
31717, -1997, -103325, 2098
31720, -1998, -103354, 2095
31724, -1999, -103391, 2093
31727, -2000, -103427, 2092
31731, -2001, -103456, 2094
31734, -2002, -103479, 2092
31738, -2003, -103505, 2091
31741, -2004, -103534, 2089
31745, -2005, -103571, 2086
31748, -2007, -103603, 2087
31751, -2007, -103629, 2088
31755, -2008, -103653, 2088
31758, -2009, -103678, 2086
31762, -2009, -103708, 2084
31765, -2010, -103744, 2083
31769, -2011, -103775, 2083
31772, -2012, -103797, 2081
31776, -2013, -103819, 2082
31779, -2014, -103843, 2081
31782, -2015, -103872, 2078
31785, -2016, -103905, 2076
31789, -2017, -103932, 2077
31792, -2018, -103958, 2077
31796, -2019, -103980, 2075
31799, -2019, -104002, 2076
31802, -2020, -104029, 2073
31806, -2021, -104063, 2070
31809, -2022, -104089, 2073
31812, -2023, -104119, 2072
31816, -2024, -104143, 2070
31820, -2024, -104168, 2071
31824, -2025, -104199, 2068
31827, -2026, -104228, 2065
31830, -2027, -104252, 2068
31834, -2028, -104272, 2066
31837, -2029, -104295, 2066
31841, -2030, -104327, 2063
31845, -2031, -104361, 2061
31848, -2032, -104388, 2062
31852, -2033, -104410, 2062
31855, -2034, -104431, 2062
31859, -2034, -104457, 2060
31863, -2035, -104487, 2058
31866, -2036, -104517, 2056
31869, -2037, -104542, 2056
31873, -2039, -104561, 2055
31876, -2039, -104580, 2056
31880, -2040, -104604, 2054
31883, -2041, -104635, 2053
31886, -2042, -104664, 2051
31890, -2042, -104687, 2052
31893, -2043, -104707, 2053
31896, -2044, -104727, 2050
31899, -2044, -104748, 2050
31903, -2045, -104777, 2049
31907, -2046, -104808, 2045
31910, -2048, -104830, 2046
31914, -2048, -104851, 2047
31917, -2049, -104870, 2045
31920, -2050, -104892, 2046
31924, -2051, -104924, 2041
31927, -2052, -104951, 2041
31931, -2053, -104975, 2040
31934, -2054, -104995, 2042
31938, -2055, -105014, 2040
31941, -2055, -105036, 2039
31944, -2056, -105065, 2037
31948, -2057, -105093, 2036
31951, -2058, -105115, 2036
31954, -2059, -105136, 2036
31958, -2060, -105160, 2034
31962, -2061, -105186, 2033
31965, -2062, -105214, 2030
31969, -2063, -105240, 2032
31972, -2064, -105262, 2031
31976, -2064, -105282, 2031
31980, -2065, -105303, 2028
31983, -2066, -105329, 2027
31986, -2067, -105365, 2025
31991, -2068, -105395, 2026
31995, -2069, -105414, 2027
31998, -2070, -105433, 2025
32002, -2070, -105457, 2023
32005, -2071, -105486, 2021
32008, -2072, -105511, 2021
32011, -2074, -105532, 2020
32015, -2074, -105553, 2021
32019, -2075, -105570, 2020
32022, -2075, -105594, 2019
32025, -2076, -105622, 2017
32028, -2077, -105647, 2016
32032, -2078, -105674, 2015
32036, -2079, -105693, 2015
32040, -2080, -105714, 2013
32043, -2081, -105742, 2012
32047, -2082, -105773, 2011
32051, -2083, -105794, 2012
32054, -2084, -105816, 2011
32058, -2084, -105832, 2010
32062, -2085, -105856, 2008
32065, -2086, -105885, 2006
32069, -2087, -105908, 2006
32072, -2088, -105926, 2006
32076, -2089, -105944, 2006
32079, -2090, -105963, 2004
32082, -2091, -105987, 2002
32086, -2092, -106013, 2001
32089, -2093, -106037, 2001
32093, -2094, -106058, 2001
32097, -2094, -106082, 2001
32102, -2095, -106112, 1998
32107, -2096, -106139, 1995
32110, -2097, -106160, 1997
32113, -2098, -106178, 1997
32117, -2099, -106195, 1997
32120, -2099, -106213, 1996
32123, -2100, -106243, 1993
32128, -2101, -106271, 1991
32132, -2102, -106290, 1991
32136, -2103, -106307, 1993
32140, -2104, -106326, 1990
32143, -2105, -106361, 1988
32148, -2106, -106390, 1987
32153, -2107, -106411, 1987
32157, -2108, -106435, 1987
32161, -2109, -106460, 1985
32165, -2110, -106493, 1983
32170, -2111, -106517, 1982
32174, -2112, -106536, 1982
32178, -2113, -106556, 1982
32182, -2114, -106585, 1980
32186, -2115, -106609, 1978
32190, -2116, -106630, 1977
32194, -2117, -106651, 1978
32198, -2118, -106671, 1977
32202, -2119, -106702, 1975
32207, -2120, -106730, 1973
32211, -2120, -106748, 1973
32215, -2121, -106763, 1974
32218, -2122, -106780, 1973
32222, -2123, -106800, 1972
32225, -2123, -106823, 1969
32229, -2124, -106843, 1970
32232, -2125, -106858, 1970
32235, -2126, -106871, 1969
32239, -2126, -106887, 1969
32243, -2127, -106911, 1966
32246, -2128, -106938, 1964
32250, -2129, -106959, 1965
32254, -2130, -106974, 1964
32258, -2131, -106995, 1964
32262, -2132, -107016, 1963
32266, -2132, -107041, 1960
32270, -2133, -107058, 1961
32274, -2134, -107080, 1960
32278, -2134, -107096, 1962
32282, -2135, -107121, 1959
32287, -2136, -107150, 1956
32292, -2137, -107167, 1956
32295, -2138, -107182, 1956
32299, -2139, -107203, 1955
32304, -2141, -107234, 1952
32308, -2141, -107259, 1952
32313, -2142, -107274, 1953
32316, -2143, -107288, 1952
32319, -2144, -107304, 1950
32323, -2145, -107327, 1947
32327, -2146, -107350, 1946
32331, -2147, -107364, 1946
32334, -2148, -107377, 1947
32337, -2149, -107390, 1947
32340, -2149, -107406, 1946
32344, -2150, -107428, 1943
32347, -2150, -107449, 1943
32350, -2151, -107469, 1943
32354, -2152, -107484, 1942
32358, -2153, -107500, 1941
32362, -2154, -107519, 1941
32365, -2154, -107541, 1939
32368, -2155, -107560, 1939
32372, -2156, -107578, 1939
32376, -2156, -107593, 1939
32379, -2157, -107609, 1936
32383, -2158, -107632, 1937
32387, -2159, -107656, 1934
32391, -2160, -107672, 1934
32395, -2161, -107689, 1934
32399, -2161, -107710, 1934
32403, -2162, -107736, 1930
32407, -2163, -107760, 1929
32411, -2164, -107776, 1930
32414, -2165, -107791, 1929
32418, -2166, -107806, 1931
32421, -2166, -107826, 1928
32425, -2167, -107855, 1925
32430, -2168, -107873, 1924
32434, -2169, -107890, 1925
32438, -2170, -107909, 1925
32442, -2171, -107929, 1923
32445, -2172, -107953, 1921
32449, -2173, -107973, 1921
32453, -2173, -107990, 1921
32456, -2175, -108006, 1919
32460, -2175, -108023, 1919
32463, -2176, -108053, 1916
32468, -2177, -108073, 1917
32471, -2178, -108089, 1915
32475, -2179, -108105, 1915
32479, -2180, -108122, 1915
32483, -2181, -108144, 1912
32487, -2182, -108165, 1911
32490, -2183, -108187, 1911
32495, -2184, -108205, 1911
32499, -2185, -108223, 1909
32503, -2186, -108244, 1908
32506, -2187, -108271, 1905
32511, -2188, -108290, 1907
32515, -2188, -108306, 1907
32519, -2189, -108322, 1905
32522, -2190, -108340, 1903
32526, -2191, -108368, 1901
32530, -2192, -108386, 1903
32534, -2193, -108401, 1902
32538, -2194, -108415, 1900
32541, -2194, -108433, 1900
32545, -2195, -108467, 1899
32550, -2196, -108487, 1899
32553, -2196, -108504, 1898
32557, -2197, -108519, 1897
32560, -2198, -108537, 1895
32564, -2199, -108562, 1893
32567, -2201, -108585, 1892
32571, -2202, -108602, 1892
32574, -2203, -108620, 1893
32578, -2203, -108640, 1892
32582, -2204, -108662, 1889
32586, -2205, -108690, 1888
32590, -2206, -108711, 1887
32593, -2207, -108731, 1887
32598, -2208, -108751, 1886
32602, -2209, -108772, 1883
32606, -2210, -108805, 1883
32610, -2211, -108826, 1882
32614, -2212, -108844, 1884
32618, -2213, -108862, 1882
32622, -2214, -108890, 1879
32626, -2215, -108915, 1877
32630, -2216, -108937, 1877
32634, -2217, -108953, 1878
32638, -2218, -108977, 1876
32643, -2220, -109003, 1872
32647, -2221, -109027, 1872
32650, -2222, -109048, 1872
32654, -2223, -109070, 1872
32659, -2224, -109088, 1870
32663, -2225, -109111, 1869
32666, -2226, -109135, 1866
32670, -2227, -109154, 1867
32673, -2228, -109169, 1867
32676, -2229, -109183, 1866
32680, -2230, -109200, 1864
32683, -2230, -109225, 1863
32686, -2231, -109250, 1861
32690, -2233, -109273, 1861
32694, -2234, -109292, 1861
32698, -2234, -109310, 1861
32702, -2235, -109333, 1858
32705, -2236, -109358, 1857
32709, -2237, -109380, 1857
32713, -2238, -109398, 1856
32716, -2239, -109414, 1856
32720, -2239, -109433, 1855
32723, -2240, -109459, 1852
32727, -2242, -109485, 1851
32731, -2243, -109505, 1850
32734, -2244, -109523, 1850
32737, -2245, -109543, 1852
32741, -2245, -109574, 1848
32746, -2246, -109608, 1846
32751, -2247, -109628, 1846
32754, -2248, -109646, 1845
32758, -2250, -109666, 1845
32762, -2251, -109694, 1843
32766, -2252, -109722, 1840
32770, -2253, -109742, 1840
32774, -2254, -109759, 1841
32778, -2255, -109776, 1841
32781, -2256, -109796, 1838
32785, -2256, -109823, 1836
32788, -2257, -109845, 1835
32791, -2259, -109864, 1834
32795, -2260, -109880, 1835
32798, -2261, -109903, 1834
32803, -2261, -109924, 1833
32806, -2263, -109951, 1829
32810, -2263, -109970, 1830
32813, -2264, -109988, 1831
32817, -2265, -110007, 1829
32820, -2266, -110026, 1828
32824, -2267, -110052, 1824
32828, -2268, -110073, 1825
32831, -2269, -110091, 1826
32834, -2270, -110108, 1826
32837, -2270, -110123, 1825
32841, -2271, -110143, 1822
32844, -2272, -110169, 1819
32848, -2273, -110196, 1819
32852, -2275, -110219, 1820
32857, -2276, -110236, 1819
32860, -2277, -110256, 1818
32864, -2277, -110289, 1815
32868, -2278, -110315, 1815
32872, -2279, -110339, 1814
32877, -2280, -110356, 1814
32881, -2282, -110376, 1812
32884, -2283, -110402, 1809
32887, -2284, -110425, 1809
32891, -2285, -110444, 1809
32894, -2286, -110459, 1808
32898, -2287, -110474, 1806
32901, -2288, -110494, 1806
32904, -2289, -110518, 1804
32908, -2290, -110548, 1803
32912, -2291, -110569, 1804
32916, -2292, -110588, 1803
32920, -2293, -110607, 1801
32923, -2294, -110632, 1799
32927, -2295, -110662, 1797
32931, -2296, -110682, 1799
32935, -2297, -110698, 1798
32938, -2298, -110720, 1797
32943, -2299, -110752, 1794
32947, -2299, -110783, 1793
32952, -2301, -110804, 1792
32956, -2302, -110822, 1792
32959, -2303, -110841, 1791
32963, -2304, -110878, 1788
32968, -2306, -110904, 1787
32972, -2307, -110922, 1787
32975, -2307, -110944, 1788
32980, -2308, -110964, 1786
32984, -2310, -110992, 1781
32987, -2311, -111023, 1782
32992, -2312, -111047, 1783
32997, -2313, -111066, 1782
33000, -2314, -111084, 1779
33004, -2315, -111112, 1779
33008, -2316, -111138, 1777
33011, -2317, -111159, 1777
33015, -2318, -111177, 1777
33018, -2318, -111194, 1776
33022, -2319, -111217, 1774
33026, -2320, -111247, 1772
33030, -2321, -111268, 1772
33033, -2323, -111287, 1771
33037, -2324, -111311, 1770
33042, -2325, -111336, 1769
33046, -2326, -111364, 1766
33049, -2327, -111385, 1766
33053, -2328, -111408, 1767
33057, -2329, -111431, 1766
33062, -2330, -111452, 1764
33065, -2331, -111484, 1760
33069, -2332, -111506, 1762
33073, -2333, -111528, 1761
33078, -2334, -111545, 1762
33081, -2335, -111568, 1759
33085, -2336, -111603, 1756
33089, -2336, -111626, 1758
33093, -2337, -111645, 1757
33096, -2339, -111662, 1754
33100, -2340, -111684, 1754
33103, -2341, -111709, 1752
33107, -2342, -111732, 1751
33110, -2343, -111752, 1750
33113, -2344, -111768, 1750
33117, -2345, -111786, 1750
33120, -2346, -111805, 1748
33124, -2347, -111839, 1745
33128, -2348, -111868, 1744
33133, -2349, -111889, 1746
33136, -2350, -111909, 1744
33140, -2351, -111934, 1742
33144, -2352, -111960, 1741
33148, -2353, -111990, 1739
33152, -2355, -112014, 1739
33157, -2356, -112032, 1738
33160, -2356, -112052, 1739
33164, -2358, -112078, 1735
33167, -2359, -112103, 1733
33170, -2360, -112126, 1735
33174, -2360, -112143, 1735
33178, -2361, -112169, 1734
33182, -2362, -112196, 1732
33187, -2363, -112227, 1728
33190, -2364, -112248, 1729
33194, -2365, -112266, 1729
33197, -2366, -112290, 1728
33202, -2368, -112318, 1725
33206, -2369, -112354, 1724
33211, -2370, -112375, 1723
33214, -2371, -112394, 1723
33218, -2372, -112413, 1722
33221, -2373, -112435, 1721
33225, -2374, -112465, 1718
33228, -2375, -112488, 1718
33231, -2376, -112509, 1718
33235, -2377, -112526, 1718
33239, -2378, -112548, 1716
33243, -2379, -112572, 1714
33246, -2380, -112609, 1712
33251, -2381, -112631, 1713
33254, -2382, -112656, 1713
33259, -2383, -112678, 1711
33262, -2384, -112704, 1710
33266, -2385, -112731, 1707
33269, -2386, -112754, 1708
33273, -2387, -112774, 1708
33276, -2387, -112791, 1708
33280, -2388, -112812, 1706
33283, -2389, -112840, 1704
33287, -2390, -112867, 1702
33290, -2391, -112890, 1703
33293, -2392, -112909, 1701
33297, -2393, -112927, 1701
33300, -2394, -112949, 1700
33303, -2395, -112985, 1697
33308, -2396, -113017, 1698
33313, -2397, -113038, 1696
33316, -2398, -113058, 1695
33320, -2399, -113079, 1695
33324, -2400, -113109, 1692
33327, -2402, -113137, 1691
33331, -2403, -113158, 1691
33334, -2404, -113177, 1691
33338, -2405, -113197, 1690
33341, -2405, -113221, 1688
33345, -2406, -113258, 1687
33349, -2407, -113284, 1686
33353, -2408, -113302, 1686
33357, -2409, -113327, 1686
33361, -2410, -113351, 1683
33365, -2411, -113386, 1682
33369, -2412, -113412, 1680
33373, -2413, -113432, 1682
33376, -2414, -113452, 1680
33380, -2415, -113482, 1679
33384, -2416, -113513, 1675
33388, -2418, -113544, 1674
33393, -2419, -113565, 1676
33396, -2420, -113585, 1673
33400, -2421, -113608, 1673
33404, -2422, -113646, 1672
33408, -2423, -113680, 1670
33413, -2424, -113709, 1671
33417, -2424, -113728, 1670
33421, -2425, -113759, 1668
33425, -2427, -113792, 1665
33430, -2428, -113824, 1666
33435, -2429, -113844, 1664
33438, -2430, -113863, 1664
33441, -2431, -113884, 1662
33445, -2432, -113916, 1660
33448, -2434, -113943, 1660
33451, -2434, -113966, 1661
33455, -2435, -113987, 1660
33458, -2436, -114009, 1658
33462, -2436, -114036, 1657
33466, -2437, -114064, 1656
33470, -2438, -114090, 1655
33473, -2439, -114111, 1656
33477, -2440, -114130, 1654
33481, -2441, -114154, 1651
33484, -2442, -114184, 1650
33488, -2443, -114219, 1650
33493, -2445, -114248, 1650
33497, -2446, -114268, 1649
33501, -2446, -114288, 1647
33504, -2447, -114326, 1645
33509, -2448, -114349, 1645
33513, -2449, -114370, 1645
33516, -2450, -114387, 1645
33520, -2451, -114410, 1643
33523, -2452, -114446, 1641
33528, -2453, -114482, 1641
33533, -2453, -114502, 1642
33536, -2454, -114521, 1639
33539, -2455, -114541, 1639
33543, -2456, -114565, 1639
33546, -2457, -114591, 1635
33550, -2458, -114612, 1636
33553, -2459, -114632, 1636
33557, -2459, -114657, 1635
33562, -2461, -114681, 1633
33565, -2461, -114712, 1631
33569, -2462, -114737, 1631
33573, -2463, -114762, 1631
33577, -2464, -114780, 1630
33581, -2465, -114800, 1628
33584, -2466, -114829, 1626
33588, -2468, -114853, 1625
33591, -2468, -114873, 1627
33595, -2469, -114893, 1626
33598, -2469, -114912, 1627
33602, -2470, -114939, 1624
33605, -2470, -114968, 1623
33609, -2471, -114997, 1623
33613, -2472, -115014, 1623
33616, -2473, -115034, 1621
33620, -2473, -115056, 1621
33624, -2475, -115089, 1617
33628, -2476, -115114, 1617
33631, -2477, -115142, 1618
33636, -2477, -115161, 1618
33639, -2478, -115184, 1616
33643, -2479, -115212, 1614
33646, -2480, -115238, 1612
33650, -2481, -115265, 1613
33654, -2482, -115284, 1612
33657, -2483, -115304, 1612
33660, -2484, -115325, 1611
33664, -2484, -115354, 1609
33667, -2485, -115381, 1609
33671, -2486, -115408, 1609
33676, -2486, -115430, 1608
33679, -2487, -115453, 1607
33683, -2488, -115479, 1605
33686, -2489, -115512, 1603
33690, -2490, -115536, 1603
33693, -2491, -115554, 1604
33696, -2492, -115572, 1603
33700, -2493, -115594, 1602
33703, -2493, -115623, 1599
33707, -2494, -115651, 1600
33710, -2495, -115674, 1599
33714, -2496, -115694, 1599
33717, -2497, -115721, 1598
33722, -2497, -115748, 1597
33725, -2498, -115778, 1594
33728, -2499, -115803, 1594
33732, -2500, -115827, 1595
33736, -2501, -115846, 1594
33739, -2501, -115866, 1594
33742, -2502, -115899, 1591
33747, -2503, -115933, 1589
33750, -2504, -115958, 1590
33754, -2505, -115979, 1590
33757, -2506, -115998, 1589
33760, -2506, -116023, 1589
33764, -2507, -116055, 1585
33767, -2508, -116085, 1584
33771, -2509, -116108, 1585
33774, -2510, -116128, 1584
33778, -2511, -116150, 1584
33781, -2512, -116176, 1583
33785, -2512, -116213, 1581
33789, -2513, -116243, 1580
33793, -2514, -116273, 1580
33797, -2515, -116302, 1580
33802, -2516, -116327, 1577
33805, -2517, -116360, 1576
33808, -2518, -116388, 1576
33812, -2519, -116415, 1576
33816, -2520, -116436, 1574
33820, -2520, -116459, 1574
33823, -2521, -116497, 1572
33827, -2522, -116535, 1571
33832, -2523, -116560, 1571
33835, -2524, -116589, 1569
33840, -2525, -116613, 1569
33844, -2526, -116644, 1566
33847, -2527, -116676, 1566
33851, -2528, -116702, 1566
33854, -2529, -116723, 1567
33858, -2530, -116747, 1565
33861, -2530, -116776, 1565
33865, -2531, -116810, 1560
33868, -2532, -116834, 1563
33872, -2533, -116859, 1561
33875, -2533, -116877, 1562
33879, -2534, -116898, 1561
33882, -2535, -116927, 1558
33886, -2536, -116959, 1557
33890, -2537, -116985, 1557
33893, -2538, -117011, 1557
33898, -2538, -117039, 1558
33903, -2539, -117067, 1554
33906, -2540, -117101, 1553
33910, -2541, -117130, 1552
33914, -2542, -117151, 1553
33918, -2543, -117173, 1553
33922, -2543, -117204, 1552
33926, -2544, -117237, 1548
33929, -2544, -117265, 1550
33933, -2545, -117286, 1549
33937, -2546, -117311, 1548
33941, -2547, -117344, 1546
33945, -2548, -117380, 1544
33950, -2549, -117403, 1544
33953, -2550, -117426, 1545
33958, -2551, -117446, 1544
33961, -2552, -117470, 1541
33965, -2553, -117500, 1539
33968, -2554, -117525, 1540
33971, -2555, -117546, 1539
33975, -2556, -117565, 1539
33978, -2556, -117584, 1539
33981, -2557, -117605, 1537
33985, -2558, -117631, 1536
33988, -2558, -117653, 1535
33991, -2559, -117672, 1535
33994, -2560, -117688, 1535
33998, -2561, -117705, 1533
34001, -2562, -117727, 1532
34004, -2563, -117755, 1530
34008, -2564, -117778, 1530
34011, -2565, -117798, 1530
34014, -2565, -117814, 1529
34018, -2566, -117830, 1529
34021, -2566, -117852, 1528
34024, -2567, -117876, 1526
34028, -2568, -117899, 1527
34031, -2569, -117919, 1525
34034, -2569, -117935, 1525
34038, -2570, -117952, 1526
34041, -2570, -117970, 1524
34044, -2571, -117995, 1522
34047, -2572, -118022, 1522
34051, -2573, -118040, 1521
34054, -2574, -118057, 1521
34057, -2574, -118075, 1521
34061, -2575, -118094, 1520
34064, -2576, -118122, 1517
34068, -2576, -118145, 1517
34071, -2578, -118166, 1515
34074, -2578, -118181, 1517
34078, -2579, -118196, 1516
34081, -2580, -118217, 1515
34084, -2581, -118243, 1511
34088, -2581, -118265, 1513
34091, -2582, -118285, 1512
34094, -2583, -118303, 1513
34098, -2584, -118320, 1511
34101, -2584, -118344, 1509
34105, -2585, -118367, 1506
34108, -2586, -118390, 1508
34111, -2587, -118409, 1507
34114, -2588, -118425, 1506
34118, -2589, -118440, 1507
34121, -2589, -118460, 1506
34124, -2590, -118485, 1502
34128, -2591, -118508, 1503
34131, -2591, -118528, 1503
34134, -2592, -118544, 1502
34138, -2593, -118560, 1501
34141, -2594, -118579, 1501
34144, -2595, -118602, 1498
34147, -2596, -118624, 1497
34151, -2597, -118643, 1497
34154, -2597, -118658, 1499
34157, -2598, -118673, 1497
34161, -2598, -118691, 1496
34164, -2599, -118715, 1493
34167, -2600, -118736, 1493
34171, -2601, -118754, 1493
34174, -2602, -118771, 1494
34177, -2602, -118787, 1493
34181, -2603, -118808, 1491
34184, -2604, -118833, 1489
34187, -2605, -118858, 1488
34191, -2606, -118878, 1489
34195, -2607, -118896, 1487
34198, -2607, -118911, 1488
34202, -2608, -118931, 1486
34205, -2609, -118954, 1485
34208, -2610, -118975, 1483
34212, -2610, -118993, 1484
34215, -2611, -119010, 1483
34219, -2612, -119027, 1482
34222, -2613, -119049, 1481
34226, -2614, -119077, 1479
34230, -2615, -119097, 1479
34233, -2615, -119113, 1480
34236, -2616, -119128, 1478
34240, -2617, -119145, 1478
34243, -2617, -119166, 1476
34246, -2618, -119189, 1474
34250, -2619, -119208, 1475
34253, -2620, -119224, 1474
34256, -2621, -119239, 1474
34260, -2622, -119259, 1473
34263, -2622, -119286, 1470
34267, -2624, -119312, 1468
34271, -2625, -119335, 1469
34275, -2626, -119353, 1469
34279, -2627, -119370, 1468
34283, -2628, -119392, 1465
34286, -2629, -119421, 1464
34291, -2629, -119442, 1465
34296, -2631, -119453, 1463
34299, -2631, -119471, 1464
34303, -2632, -119501, 1462
34307, -2633, -119527, 1460
34311, -2634, -119545, 1459
34315, -2634, -119560, 1461
34318, -2635, -119576, 1459
34321, -2636, -119594, 1457
34325, -2638, -119616, 1454
34328, -2639, -119637, 1454
34332, -2640, -119656, 1453
34335, -2641, -119671, 1454
34339, -2642, -119692, 1453
34343, -2643, -119712, 1451
34347, -2643, -119738, 1451
34351, -2644, -119755, 1449
34355, -2645, -119772, 1451
34360, -2646, -119791, 1448
34363, -2646, -119819, 1447
34368, -2648, -119841, 1445
34372, -2649, -119860, 1444
34376, -2650, -119880, 1445
34380, -2651, -119902, 1444
34385, -2652, -119929, 1441
34390, -2653, -119946, 1440
34393, -2653, -119961, 1441
34397, -2654, -119981, 1440
34401, -2655, -120001, 1439
34405, -2656, -120023, 1437
34409, -2657, -120041, 1436
34412, -2658, -120056, 1437
34416, -2658, -120068, 1438
34419, -2659, -120085, 1436
34423, -2660, -120104, 1433
34426, -2661, -120125, 1431
34429, -2661, -120145, 1433
34434, -2662, -120161, 1433
34438, -2663, -120176, 1431
34441, -2664, -120197, 1429
34446, -2665, -120221, 1428
34450, -2666, -120237, 1428
34454, -2667, -120255, 1427
34458, -2668, -120269, 1426
34462, -2669, -120294, 1425
34467, -2670, -120315, 1421
34470, -2671, -120332, 1423
34474, -2672, -120344, 1422
34477, -2673, -120360, 1422
34481, -2674, -120380, 1420
34486, -2675, -120401, 1418
34489, -2676, -120418, 1418
34493, -2676, -120431, 1418
34496, -2678, -120448, 1416
34501, -2678, -120465, 1418
34504, -2679, -120491, 1413
34509, -2680, -120507, 1413
34513, -2681, -120521, 1414
34517, -2681, -120535, 1413
34520, -2683, -120549, 1412
34523, -2683, -120567, 1410
34527, -2684, -120584, 1409
34530, -2685, -120598, 1410
34533, -2686, -120611, 1408
34537, -2687, -120624, 1407
34540, -2687, -120642, 1408
34545, -2688, -120665, 1405
34549, -2689, -120682, 1405
34553, -2690, -120697, 1404
34556, -2690, -120712, 1404
34561, -2692, -120729, 1402
34565, -2692, -120750, 1401
34568, -2694, -120767, 1399
34572, -2695, -120784, 1398
34577, -2696, -120800, 1399
34581, -2697, -120815, 1397
34584, -2698, -120834, 1396
34587, -2699, -120859, 1395
34592, -2699, -120879, 1396
34597, -2700, -120892, 1395
34600, -2701, -120912, 1393
34605, -2701, -120935, 1392
34610, -2702, -120952, 1391
34613, -2703, -120964, 1390
34617, -2704, -120975, 1390
34620, -2705, -120989, 1389
34624, -2706, -121008, 1386
34627, -2707, -121027, 1387
34631, -2708, -121040, 1385
34634, -2709, -121051, 1387
34637, -2710, -121062, 1385
34641, -2710, -121078, 1385
34644, -2711, -121098, 1381
34647, -2712, -121116, 1381
34651, -2713, -121130, 1380
34654, -2714, -121144, 1381
34658, -2715, -121158, 1379
34662, -2715, -121173, 1380
34665, -2716, -121189, 1378
34669, -2716, -121205, 1378
34672, -2717, -121220, 1377
34677, -2718, -121233, 1377
34681, -2719, -121249, 1375
34684, -2720, -121267, 1372
34688, -2721, -121288, 1372
34692, -2722, -121300, 1374
34696, -2722, -121315, 1373
34700, -2723, -121332, 1371
34704, -2724, -121355, 1368
34709, -2725, -121374, 1368
34712, -2726, -121392, 1369
34717, -2727, -121410, 1369
34721, -2728, -121427, 1366
34725, -2729, -121453, 1363
34730, -2730, -121468, 1362
34733, -2731, -121484, 1364
34738, -2732, -121496, 1362
34742, -2733, -121511, 1360
34746, -2734, -121534, 1359
34749, -2735, -121549, 1359
34753, -2736, -121562, 1359
34756, -2737, -121575, 1357
34760, -2738, -121589, 1356
34763, -2739, -121606, 1353
34766, -2740, -121625, 1354
34770, -2741, -121643, 1354
34773, -2742, -121656, 1353
34776, -2742, -121670, 1352
34780, -2743, -121690, 1352
34785, -2744, -121710, 1348
34788, -2745, -121728, 1348
34793, -2746, -121744, 1348
34797, -2747, -121760, 1348
34802, -2748, -121778, 1346
34805, -2749, -121797, 1343
34809, -2750, -121817, 1344
34813, -2751, -121832, 1343
34817, -2752, -121845, 1343
34821, -2753, -121862, 1340
34825, -2754, -121887, 1338
34829, -2755, -121903, 1339
34833, -2756, -121920, 1339
34837, -2757, -121935, 1338
34841, -2757, -121953, 1337
34845, -2758, -121977, 1334
34850, -2759, -121993, 1334
34853, -2760, -122007, 1334
34857, -2761, -122020, 1333
34860, -2762, -122032, 1332
34863, -2763, -122049, 1331
34867, -2764, -122067, 1327
34870, -2765, -122081, 1329
34873, -2766, -122095, 1327
34877, -2767, -122107, 1329
34880, -2768, -122122, 1327
34884, -2768, -122142, 1324
34887, -2770, -122159, 1323
34891, -2770, -122173, 1323
34894, -2772, -122187, 1323
34898, -2772, -122200, 1324
34902, -2773, -122215, 1321
34905, -2773, -122234, 1320
34909, -2774, -122249, 1320
34912, -2775, -122265, 1319
34916, -2776, -122276, 1320
34919, -2776, -122294, 1318
34924, -2777, -122318, 1314
34929, -2779, -122338, 1313
34933, -2780, -122351, 1314
34936, -2781, -122367, 1315
34941, -2782, -122383, 1312
34944, -2783, -122407, 1310
34949, -2784, -122427, 1308
34952, -2785, -122442, 1309
34955, -2786, -122457, 1307
34960, -2788, -122472, 1306
34964, -2789, -122491, 1303
34967, -2790, -122508, 1303
34970, -2791, -122524, 1302
34974, -2792, -122535, 1304
34977, -2793, -122546, 1302
34980, -2793, -122561, 1301
34984, -2794, -122580, 1300
34987, -2795, -122599, 1298
34991, -2796, -122614, 1298
34994, -2797, -122630, 1298
34999, -2797, -122644, 1297
35002, -2798, -122668, 1296
35007, -2799, -122694, 1294
35012, -2800, -122708, 1294
35015, -2801, -122719, 1292
35019, -2802, -122733, 1291
35022, -2803, -122750, 1290
35026, -2805, -122775, 1287
35030, -2806, -122791, 1288
35034, -2807, -122804, 1287
35038, -2808, -122816, 1287
35041, -2809, -122834, 1284
35045, -2810, -122853, 1283
35049, -2811, -122870, 1283
35052, -2812, -122885, 1281
35055, -2813, -122897, 1282
35059, -2814, -122911, 1281
35062, -2814, -122928, 1280
35065, -2815, -122948, 1277
35069, -2816, -122964, 1279
35072, -2816, -122980, 1279
35076, -2817, -122991, 1277
35079, -2818, -123005, 1276
35083, -2819, -123021, 1273
35086, -2820, -123040, 1273
35090, -2821, -123061, 1272
35095, -2823, -123077, 1271
35099, -2824, -123091, 1271
35103, -2825, -123114, 1268
35108, -2826, -123134, 1267
35111, -2827, -123153, 1268
35116, -2828, -123165, 1266
35120, -2829, -123184, 1266
35125, -2830, -123204, 1263
35128, -2830, -123222, 1263
35132, -2831, -123237, 1263
35136, -2832, -123251, 1261
35141, -2834, -123267, 1260
35144, -2835, -123286, 1258
35148, -2836, -123304, 1258
35152, -2837, -123321, 1256
35156, -2838, -123332, 1257
35159, -2839, -123345, 1256
35163, -2839, -123367, 1255
35168, -2840, -123387, 1253
35171, -2841, -123407, 1253
35175, -2842, -123419, 1251
35179, -2843, -123432, 1251
35182, -2844, -123448, 1250
35186, -2845, -123469, 1248
35189, -2846, -123484, 1247
35193, -2847, -123500, 1248
35197, -2847, -123513, 1249
35201, -2848, -123529, 1247
35205, -2849, -123554, 1243
35210, -2850, -123569, 1242
35214, -2851, -123583, 1242
35218, -2853, -123599, 1241
35222, -2854, -123622, 1239
35227, -2856, -123649, 1236
35231, -2857, -123664, 1237
35236, -2858, -123679, 1237
35239, -2859, -123694, 1236
35243, -2860, -123718, 1234
35248, -2860, -123738, 1233
35251, -2861, -123754, 1232
35255, -2862, -123766, 1232
35259, -2863, -123782, 1231
35263, -2865, -123806, 1227
35268, -2866, -123825, 1227
35271, -2867, -123842, 1227
35276, -2868, -123859, 1225
35280, -2869, -123877, 1225
35284, -2870, -123897, 1222
35287, -2872, -123916, 1221
35291, -2873, -123931, 1222
35294, -2873, -123945, 1222
35297, -2874, -123958, 1220
35301, -2875, -123974, 1219
35304, -2875, -123993, 1218
35307, -2877, -124010, 1216
35311, -2878, -124025, 1216
35314, -2879, -124036, 1216
35317, -2879, -124049, 1215
35321, -2880, -124065, 1214
35324, -2881, -124083, 1211
35328, -2882, -124101, 1211
35331, -2883, -124116, 1212
35335, -2884, -124131, 1211
35338, -2885, -124146, 1210
35342, -2885, -124172, 1207
35347, -2887, -124196, 1204
35351, -2888, -124219, 1205
35355, -2890, -124236, 1204
35360, -2891, -124254, 1202
35364, -2893, -124276, 1200
35367, -2894, -124296, 1199
35371, -2895, -124316, 1200
35376, -2896, -124331, 1198
35380, -2897, -124346, 1198
35383, -2897, -124369, 1196
35388, -2899, -124390, 1193
35391, -2900, -124412, 1192
35396, -2901, -124428, 1193
35399, -2902, -124443, 1192
35403, -2904, -124463, 1190
35406, -2905, -124483, 1188
35409, -2905, -124501, 1188
35413, -2906, -124516, 1188
35416, -2907, -124530, 1187
35420, -2908, -124547, 1187
35424, -2909, -124572, 1183
35428, -2910, -124590, 1181
35431, -2912, -124607, 1182
35435, -2913, -124627, 1181
35441, -2914, -124647, 1179
35444, -2916, -124671, 1177
35448, -2917, -124694, 1175
35452, -2918, -124712, 1175
35455, -2919, -124731, 1175
35460, -2920, -124748, 1174
35463, -2921, -124772, 1172
35467, -2922, -124793, 1171
35471, -2923, -124815, 1170
35476, -2924, -124830, 1171
35479, -2925, -124843, 1169
35482, -2926, -124867, 1166
35487, -2928, -124892, 1164
35491, -2929, -124912, 1164
35494, -2930, -124928, 1164
35498, -2931, -124947, 1163
35502, -2933, -124974, 1160
35506, -2934, -125002, 1158
35511, -2935, -125020, 1160
35514, -2936, -125036, 1158
35518, -2937, -125055, 1157
35521, -2938, -125073, 1155
35525, -2939, -125094, 1152
35528, -2941, -125114, 1152
35532, -2942, -125131, 1151
35535, -2943, -125148, 1151
35539, -2945, -125168, 1149
35543, -2946, -125192, 1147
35546, -2947, -125222, 1146
35551, -2948, -125243, 1146
35554, -2949, -125260, 1145
35558, -2950, -125277, 1144
35562, -2951, -125299, 1142
35566, -2952, -125330, 1140
35570, -2953, -125353, 1140
35574, -2954, -125371, 1141
35578, -2956, -125387, 1137
35582, -2956, -125409, 1138
35586, -2958, -125443, 1134
35590, -2959, -125463, 1135
35594, -2960, -125486, 1134
35599, -2961, -125504, 1131
35602, -2963, -125530, 1130
35606, -2964, -125559, 1127
35611, -2966, -125584, 1128
35616, -2967, -125603, 1126
35620, -2968, -125622, 1128
35623, -2969, -125645, 1122
35627, -2971, -125669, 1120
35630, -2972, -125688, 1123
35633, -2973, -125707, 1122
35637, -2974, -125726, 1121
35640, -2975, -125745, 1119
35644, -2975, -125777, 1116
35649, -2977, -125800, 1116
35652, -2978, -125818, 1117
35656, -2979, -125841, 1115
35660, -2980, -125860, 1113
35664, -2981, -125885, 1110
35668, -2982, -125911, 1111
35671, -2984, -125934, 1110
35675, -2985, -125956, 1109
35680, -2986, -125980, 1107
35684, -2988, -126011, 1103
35688, -2989, -126033, 1103
35691, -2991, -126051, 1102
35694, -2992, -126068, 1102
35698, -2993, -126085, 1102
35701, -2994, -126105, 1100
35705, -2995, -126130, 1097
35708, -2996, -126151, 1098
35711, -2997, -126170, 1098
35715, -2998, -126188, 1096
35718, -2998, -126207, 1097
35722, -2999, -126233, 1094
35725, -3000, -126259, 1091
35729, -3002, -126282, 1090
35732, -3003, -126303, 1092
35735, -3004, -126319, 1090
35739, -3005, -126338, 1088
35742, -3006, -126360, 1087
35745, -3007, -126384, 1084
35749, -3009, -126405, 1086
35752, -3010, -126425, 1085
35755, -3010, -126445, 1084
35759, -3011, -126466, 1083
35763, -3012, -126499, 1081
35767, -3013, -126526, 1079
35771, -3014, -126556, 1079
35776, -3016, -126577, 1078
35780, -3017, -126598, 1078
35783, -3018, -126627, 1074
35787, -3019, -126653, 1072
35791, -3021, -126676, 1072
35794, -3022, -126696, 1072
35798, -3023, -126714, 1071
35801, -3025, -126739, 1068
35805, -3026, -126768, 1066
35809, -3027, -126795, 1067
35812, -3028, -126814, 1067
35815, -3029, -126832, 1066
35818, -3029, -126850, 1065
35822, -3030, -126882, 1062
35826, -3032, -126910, 1059
35830, -3033, -126934, 1061
35833, -3034, -126954, 1059
35836, -3036, -126972, 1059
35839, -3036, -126997, 1058
35843, -3037, -127032, 1056
35848, -3039, -127059, 1053
35851, -3040, -127084, 1054
35855, -3041, -127105, 1054
35859, -3042, -127126, 1052
35863, -3043, -127159, 1051
35867, -3044, -127190, 1048
35871, -3045, -127215, 1048
35874, -3046, -127234, 1047
35878, -3048, -127255, 1046
35882, -3049, -127282, 1045
35885, -3050, -127322, 1042
35890, -3051, -127349, 1042
35894, -3052, -127377, 1041
35898, -3054, -127403, 1040
35902, -3055, -127440, 1039
35907, -3056, -127474, 1035
35911, -3058, -127501, 1035
35914, -3059, -127523, 1036
35918, -3060, -127545, 1034
35921, -3061, -127572, 1032
35925, -3062, -127601, 1029
35928, -3064, -127626, 1029
35932, -3065, -127647, 1029
35935, -3066, -127668, 1029
35939, -3067, -127691, 1029
35942, -3067, -127720, 1025
35946, -3069, -127752, 1023
35949, -3070, -127778, 1021
35952, -3072, -127802, 1022
35956, -3073, -127826, 1023
35960, -3074, -127852, 1021
35963, -3075, -127885, 1017
35967, -3076, -127916, 1017
35971, -3077, -127947, 1017
35975, -3078, -127972, 1016
35979, -3079, -127999, 1014
35983, -3080, -128030, 1012
35986, -3082, -128075, 1009
35991, -3083, -128110, 1010
35996, -3085, -128140, 1010
36000, -3086, -128164, 1008
36004, -3087, -128198, 1005
36007, -3088, -128233, 1003
36011, -3090, -128270, 1004
36016, -3091, -128296, 1003
36020, -3092, -128323, 1001
36023, -3094, -128366, 998
36028, -3095, -128403, 998
36032, -3096, -128430, 997
36036, -3097, -128455, 997
36040, -3098, -128486, 997
36044, -3099, -128535, 993
36049, -3100, -128567, 992
36052, -3101, -128593, 992
36055, -3103, -128617, 990
36059, -3104, -128643, 991
36063, -3105, -128677, 989
36066, -3106, -128713, 986
36069, -3107, -128742, 986
36073, -3108, -128773, 985
36077, -3109, -128800, 985
36081, -3111, -128835, 982
36085, -3112, -128882, 980
36090, -3113, -128912, 979
36094, -3114, -128949, 980
36098, -3116, -128975, 979
36102, -3117, -129010, 975
36105, -3118, -129061, 974
36110, -3119, -129097, 973
36114, -3121, -129124, 973
36118, -3122, -129159, 972
36122, -3123, -129207, 969
36127, -3125, -129248, 968
36131, -3126, -129285, 966
36134, -3127, -129319, 967
36139, -3129, -129359, 965
36144, -3130, -129400, 961
36147, -3132, -129442, 961
36151, -3133, -129477, 961
36155, -3134, -129514, 960
36160, -3135, -129546, 959
36163, -3136, -129584, 957
36167, -3138, -129624, 953
36170, -3139, -129657, 955
36173, -3140, -129684, 954
36177, -3141, -129711, 953
36180, -3142, -129745, 952
36184, -3143, -129786, 950
36187, -3144, -129828, 948
36191, -3145, -129859, 949
36194, -3146, -129888, 948
36197, -3147, -129915, 948
36201, -3148, -129947, 945
36204, -3149, -129989, 944
36207, -3150, -130039, 943
36211, -3151, -130080, 942
36216, -3153, -130113, 941
36220, -3154, -130154, 940
36224, -3155, -130205, 938
36228, -3156, -130248, 935
36231, -3158, -130285, 936
36235, -3159, -130330, 936
36240, -3160, -130369, 933
36244, -3161, -130430, 931
36248, -3162, -130473, 930
36252, -3164, -130518, 930
36257, -3165, -130552, 928
36261, -3167, -130598, 925
36265, -3168, -130659, 923
36270, -3169, -130707, 925
36273, -3171, -130744, 923
36277, -3172, -130775, 922
36280, -3173, -130816, 922
36284, -3174, -130865, 918
36287, -3175, -130911, 918
36291, -3176, -130948, 918
36294, -3177, -130983, 917
36298, -3178, -131017, 918
36301, -3178, -131062, 915
36305, -3180, -131114, 911
36309, -3181, -131160, 911
36312, -3182, -131209, 912
36317, -3184, -131250, 910
36321, -3185, -131295, 908
36324, -3186, -131364, 906
36329, -3188, -131410, 904
36332, -3189, -131450, 904
36336, -3190, -131490, 905
36340, -3191, -131545, 902
36345, -3193, -131619, 899
36349, -3194, -131669, 900
36353, -3195, -131711, 898
36357, -3196, -131750, 898
36361, -3197, -131816, 897
36365, -3199, -131889, 892
36370, -3200, -131937, 892
36373, -3201, -131982, 892
36377, -3203, -132037, 891
36382, -3205, -132108, 888
36387, -3206, -132168, 885
36390, -3207, -132218, 885
36394, -3209, -132258, 886
36397, -3210, -132304, 886
36401, -3210, -132351, 884
36404, -3211, -132415, 880
36408, -3213, -132470, 879
36411, -3214, -132519, 880
36415, -3215, -132559, 880
36418, -3216, -132602, 878
36421, -3217, -132650, 876
36425, -3218, -132714, 873
36428, -3220, -132769, 873
36432, -3221, -132818, 874
36435, -3222, -132859, 873
36438, -3222, -132906, 873
36442, -3223, -132981, 869
36446, -3224, -133052, 868
36450, -3226, -133105, 867
36454, -3227, -133162, 868
36458, -3228, -133226, 867
36463, -3229, -133287, 863
36466, -3230, -133350, 861
36470, -3232, -133420, 861
36475, -3233, -133476, 861
36480, -3235, -133527, 858
36483, -3236, -133610, 856
36488, -3237, -133668, 855
36492, -3239, -133727, 855
36496, -3240, -133768, 854
36500, -3241, -133812, 852
36503, -3242, -133868, 851
36507, -3244, -133932, 848
36510, -3245, -133980, 849
36514, -3246, -134019, 848
36517, -3247, -134060, 848
36520, -3248, -134106, 845
36524, -3249, -134183, 843
36529, -3250, -134236, 843
36532, -3251, -134283, 842
36536, -3253, -134327, 842
36540, -3254, -134377, 840
36544, -3255, -134431, 838
36547, -3256, -134495, 836
36551, -3257, -134541, 837
36555, -3258, -134595, 836
36559, -3259, -134638, 835
36563, -3260, -134691, 832
36567, -3262, -134753, 829
36571, -3263, -134811, 830
36575, -3264, -134849, 830
36579, -3266, -134889, 827
36582, -3267, -134948, 826
36587, -3268, -135004, 824
36590, -3269, -135049, 824
36594, -3271, -135085, 823
36597, -3272, -135128, 823
36601, -3273, -135185, 821
36605, -3274, -135255, 817
36610, -3275, -135300, 818
36614, -3276, -135339, 817
36617, -3278, -135375, 817
36620, -3279, -135414, 813
36624, -3280, -135465, 811
36627, -3282, -135510, 810
36631, -3283, -135554, 810
36634, -3285, -135585, 811
36638, -3285, -135619, 809
36641, -3286, -135660, 809
36645, -3287, -135709, 805
36648, -3288, -135755, 804
36651, -3289, -135796, 805
36655, -3290, -135829, 803
36659, -3292, -135864, 803
36662, -3292, -135906, 801
36666, -3294, -135958, 798
36669, -3295, -136010, 798
36673, -3296, -136040, 799
36677, -3297, -136073, 797
36680, -3298, -136119, 795
36684, -3299, -136169, 792
36688, -3301, -136213, 791
36691, -3303, -136257, 790
36695, -3304, -136294, 791
36700, -3305, -136351, 789
36705, -3306, -136403, 786
36708, -3307, -136445, 785
36712, -3309, -136488, 784
36716, -3310, -136520, 786
36720, -3311, -136556, 783
36723, -3312, -136597, 780
36727, -3313, -136644, 778
36730, -3314, -136681, 780
36734, -3316, -136713, 778
36737, -3317, -136745, 777
36741, -3318, -136783, 776
36745, -3319, -136843, 773
36749, -3320, -136880, 773
36753, -3321, -136912, 773
36756, -3322, -136943, 771
36760, -3323, -136992, 771
36765, -3325, -137037, 767
36768, -3326, -137071, 767
36772, -3327, -137107, 765
36775, -3328, -137147, 766
36780, -3330, -137187, 765
36784, -3331, -137233, 761
36788, -3332, -137272, 759
36791, -3334, -137313, 759
36796, -3335, -137345, 759
36800, -3337, -137378, 757
36803, -3338, -137424, 754
36807, -3339, -137477, 754
36812, -3340, -137517, 752
36816, -3342, -137546, 752
36820, -3343, -137576, 752
36823, -3344, -137615, 748
36827, -3345, -137656, 747
36830, -3346, -137691, 747
36834, -3348, -137722, 746
36837, -3349, -137752, 746
36840, -3350, -137782, 744
36844, -3351, -137818, 741
36847, -3352, -137855, 741
36850, -3353, -137885, 742
36854, -3354, -137910, 740
36857, -3355, -137937, 739
36860, -3356, -137966, 738
36864, -3357, -138006, 736
36867, -3358, -138049, 733
36871, -3360, -138087, 734
36876, -3361, -138119, 732
36880, -3362, -138151, 731
36883, -3364, -138191, 729
36887, -3365, -138231, 726
36891, -3366, -138272, 728
36895, -3367, -138305, 728
36899, -3368, -138342, 725
36904, -3370, -138389, 722
36908, -3371, -138426, 720
36912, -3372, -138454, 722
36915, -3374, -138485, 721
36919, -3375, -138519, 719
36923, -3376, -138566, 715
36928, -3377, -138601, 714
36931, -3379, -138629, 715
36935, -3380, -138660, 715
36942, -3381, -138725, 712
36947, -3383, -138768, 709
36950, -3384, -138797, 708
36954, -3385, -138821, 709
36957, -3387, -138845, 706
36960, -3388, -138873, 706
36964, -3389, -138907, 703
36967, -3390, -138943, 704
36970, -3391, -138973, 702
36974, -3392, -139001, 702
36978, -3393, -139030, 702
36981, -3394, -139058, 699
36984, -3395, -139091, 697
36988, -3397, -139125, 695
36991, -3398, -139151, 696
36995, -3399, -139183, 695
37000, -3401, -139220, 692
37004, -3402, -139268, 690
37009, -3403, -139300, 689
37012, -3404, -139331, 690
37016, -3406, -139356, 688
37020, -3407, -139391, 687
37024, -3408, -139427, 684
37028, -3409, -139460, 683
37031, -3411, -139493, 683
37036, -3412, -139523, 682
37040, -3413, -139553, 680
37043, -3414, -139596, 678
37048, -3416, -139628, 677
37052, -3417, -139660, 675
37056, -3419, -139681, 674
37060, -3420, -139708, 675
37063, -3421, -139744, 672
37067, -3423, -139778, 669
37070, -3423, -139805, 671
37073, -3424, -139829, 669
37077, -3425, -139852, 670
37080, -3426, -139879, 668
37084, -3427, -139913, 664
37088, -3429, -139944, 664
37091, -3430, -139977, 664
37096, -3431, -140003, 663
37100, -3432, -140033, 662
37103, -3433, -140067, 658
37107, -3435, -140099, 657
37110, -3436, -140128, 657
37114, -3438, -140158, 656
37119, -3439, -140182, 655
37122, -3440, -140222, 652
37127, -3441, -140257, 651
37131, -3443, -140288, 651
37134, -3444, -140312, 651
37138, -3445, -140338, 649
37141, -3446, -140374, 647
37146, -3447, -140410, 645
37150, -3448, -140436, 645
37154, -3450, -140459, 644
37157, -3451, -140481, 644
37161, -3452, -140516, 641
37165, -3453, -140555, 638
37169, -3454, -140585, 639
37172, -3456, -140608, 638
37176, -3457, -140628, 638
37179, -3458, -140653, 636
37182, -3459, -140680, 633
37186, -3460, -140712, 631
37190, -3461, -140745, 633
37193, -3463, -140777, 631
37198, -3464, -140800, 629
37201, -3465, -140826, 628
37205, -3466, -140866, 626
37210, -3468, -140901, 625
37214, -3469, -140922, 625
37218, -3470, -140944, 624
37221, -3471, -140978, 622
37226, -3473, -141014, 618
37230, -3474, -141040, 618
37233, -3475, -141067, 619
37237, -3477, -141091, 617
37240, -3478, -141123, 616
37245, -3479, -141154, 613
37248, -3480, -141188, 613
37253, -3481, -141215, 612
37258, -3482, -141238, 612
37261, -3484, -141265, 608
37265, -3486, -141297, 605
37268, -3487, -141327, 605
37272, -3488, -141351, 606
37275, -3490, -141372, 605
37278, -3490, -141393, 605
37282, -3491, -141417, 603
37285, -3492, -141454, 599
37289, -3493, -141485, 599
37293, -3494, -141507, 600
37297, -3496, -141527, 598
37300, -3497, -141552, 597
37304, -3498, -141583, 595
37307, -3499, -141616, 591
37311, -3501, -141642, 591
37314, -3502, -141667, 593
37318, -3503, -141688, 592
37321, -3504, -141721, 589
37326, -3505, -141752, 587
37329, -3506, -141786, 586
37334, -3507, -141817, 587
37338, -3509, -141848, 585
37343, -3510, -141875, 582
37346, -3512, -141909, 580
37350, -3513, -141932, 581
37353, -3514, -141954, 579
37357, -3515, -141973, 580
37360, -3516, -141997, 576
37364, -3517, -142029, 575
37368, -3519, -142061, 572
37371, -3520, -142092, 573
37376, -3522, -142114, 573
37379, -3523, -142141, 572
37383, -3524, -142170, 568
37386, -3525, -142201, 567
37390, -3526, -142225, 568
37393, -3527, -142243, 567
37396, -3529, -142263, 565
37400, -3529, -142289, 565
37404, -3530, -142328, 562
37408, -3532, -142357, 561
37411, -3533, -142390, 561
37416, -3534, -142414, 560
37420, -3535, -142444, 558
37424, -3537, -142481, 554
37429, -3538, -142508, 553
37433, -3540, -142535, 554
37437, -3541, -142555, 555
37440, -3542, -142589, 551
37445, -3543, -142626, 548
37449, -3544, -142669, 549
37454, -3546, -142689, 547
37457, -3547, -142708, 548
37461, -3548, -142741, 545
37466, -3549, -142776, 542
37469, -3551, -142812, 543
37474, -3552, -142842, 541
37479, -3554, -142874, 539
37484, -3555, -142907, 536
37487, -3557, -142935, 535
37490, -3559, -142959, 534
37494, -3560, -142978, 535
37497, -3561, -142996, 534
37500, -3562, -143019, 532
37504, -3563, -143051, 530
37507, -3564, -143086, 529
37511, -3565, -143115, 528
37515, -3566, -143137, 527
37519, -3567, -143161, 527
37522, -3569, -143189, 524
37526, -3570, -143221, 522
37529, -3571, -143247, 522
37533, -3572, -143267, 521
37537, -3574, -143287, 520
37540, -3575, -143313, 520
37544, -3576, -143355, 517
37548, -3577, -143386, 515
37552, -3578, -143417, 515
37557, -3580, -143443, 513
37560, -3581, -143472, 511
37565, -3583, -143504, 508
37568, -3584, -143532, 509
37572, -3586, -143556, 507
37576, -3587, -143579, 508
37579, -3588, -143603, 506
37583, -3589, -143633, 504
37586, -3590, -143666, 502
37590, -3591, -143690, 502
37593, -3592, -143712, 502
37596, -3593, -143733, 502
37600, -3594, -143756, 499
37603, -3595, -143782, 498
37606, -3596, -143814, 495
37609, -3598, -143840, 495
37613, -3599, -143862, 495
37616, -3600, -143883, 495
37619, -3601, -143907, 494
37623, -3602, -143934, 490
37626, -3603, -143963, 488
37629, -3605, -143988, 488
37633, -3606, -144009, 488
37636, -3607, -144028, 488
37639, -3608, -144049, 485
37643, -3609, -144078, 483
37646, -3610, -144113, 482
37650, -3612, -144141, 482
37653, -3612, -144166, 484
37657, -3613, -144189, 482
37660, -3614, -144211, 480
37663, -3615, -144237, 477
37667, -3616, -144264, 477
37670, -3617, -144288, 476
37673, -3619, -144311, 475
37677, -3620, -144330, 474
37680, -3621, -144357, 472
37683, -3622, -144399, 472
37688, -3623, -144432, 468
37692, -3625, -144458, 469
37695, -3625, -144481, 470
37699, -3626, -144516, 468
37704, -3628, -144558, 463
37709, -3629, -144587, 463
37712, -3631, -144613, 461
37716, -3632, -144638, 463
37719, -3634, -144661, 459
37723, -3635, -144689, 458
37726, -3636, -144723, 456
37730, -3637, -144749, 456
37733, -3639, -144773, 456
37737, -3640, -144797, 453
37741, -3641, -144835, 453
37745, -3642, -144876, 449
37750, -3644, -144905, 449
37753, -3645, -144934, 449
37757, -3646, -144956, 447
37760, -3648, -144981, 445
37764, -3649, -145012, 443
37768, -3650, -145044, 442
37771, -3652, -145077, 442
37776, -3653, -145102, 442
37780, -3654, -145131, 440
37784, -3655, -145167, 435
37788, -3657, -145202, 434
37792, -3658, -145240, 435
37797, -3660, -145264, 435
37800, -3661, -145296, 433
37805, -3662, -145337, 430
37809, -3663, -145370, 429
37812, -3664, -145401, 429
37817, -3666, -145425, 428
37820, -3667, -145453, 426
37824, -3668, -145486, 424
37827, -3670, -145516, 422
37830, -3671, -145541, 422
37834, -3672, -145563, 422
37837, -3673, -145587, 421
37841, -3674, -145617, 420
37844, -3676, -145660, 415
37849, -3677, -145697, 415
37853, -3678, -145722, 416
37856, -3680, -145748, 414
37860, -3681, -145783, 414
37864, -3682, -145821, 409
37868, -3683, -145854, 409
37872, -3685, -145879, 408
37875, -3686, -145904, 408
37879, -3687, -145931, 407
37883, -3688, -145964, 404
37886, -3690, -146002, 403
37890, -3691, -146029, 401
37893, -3692, -146053, 403
37896, -3693, -146076, 401
37900, -3694, -146101, 400
37903, -3695, -146132, 397
37907, -3697, -146166, 394
37910, -3698, -146197, 396
37914, -3699, -146227, 395
37917, -3700, -146255, 395
37921, -3701, -146286, 392
37925, -3702, -146323, 389
37928, -3704, -146356, 387
37932, -3705, -146384, 389
37935, -3707, -146407, 388
37939, -3708, -146431, 387
37942, -3708, -146460, 385
37945, -3709, -146495, 382
37948, -3711, -146526, 381
37952, -3712, -146552, 383
37955, -3713, -146576, 382
37959, -3714, -146604, 381
37962, -3715, -146633, 378
37965, -3716, -146671, 376
37969, -3717, -146714, 375
37973, -3719, -146740, 374
37977, -3720, -146768, 373
37981, -3722, -146798, 372
37984, -3723, -146839, 368
37988, -3724, -146875, 369
37992, -3725, -146906, 369
37995, -3727, -146934, 367
37999, -3728, -146965, 365
38002, -3729, -146994, 365
38005, -3730, -147030, 361
38009, -3732, -147063, 362
38012, -3733, -147089, 362
38015, -3733, -147112, 361
38019, -3735, -147142, 359
38022, -3735, -147174, 358
38026, -3736, -147215, 356
38029, -3738, -147250, 356
38033, -3739, -147278, 354
38036, -3740, -147303, 354
38040, -3741, -147330, 352
38043, -3742, -147365, 351
38047, -3744, -147405, 347
38050, -3745, -147438, 347
38053, -3746, -147471, 349
38057, -3747, -147500, 347
38061, -3749, -147530, 345
38064, -3750, -147567, 341
38067, -3751, -147604, 339
38071, -3753, -147642, 341
38075, -3754, -147672, 340
38079, -3756, -147703, 338
38082, -3757, -147749, 336
38087, -3758, -147791, 334
38090, -3759, -147823, 334
38094, -3760, -147851, 335
38097, -3761, -147879, 333
38100, -3762, -147910, 332
38104, -3763, -147957, 329
38108, -3765, -147998, 326
38111, -3766, -148030, 327
38115, -3767, -148058, 327
38118, -3769, -148088, 326
38122, -3770, -148121, 324
38125, -3770, -148167, 322
38129, -3771, -148206, 322
38133, -3773, -148239, 321
38136, -3774, -148267, 320
38139, -3775, -148301, 318
38143, -3776, -148339, 316
38147, -3778, -148383, 314
38150, -3779, -148417, 313
38153, -3780, -148445, 315
38157, -3781, -148474, 314
38160, -3782, -148506, 312
38163, -3783, -148544, 309
38166, -3784, -148585, 308
38170, -3785, -148621, 308
38173, -3787, -148661, 307
38178, -3788, -148695, 306
38182, -3789, -148732, 303
38185, -3791, -148779, 299
38189, -3793, -148821, 300
38192, -3794, -148853, 299
38195, -3795, -148883, 301
38199, -3796, -148920, 297
38203, -3797, -148962, 296
38206, -3798, -149007, 293
38210, -3799, -149046, 294
38213, -3801, -149090, 294
38218, -3802, -149122, 291
38221, -3803, -149159, 290
38225, -3804, -149208, 287
38229, -3806, -149252, 285
38232, -3808, -149288, 287
38235, -3809, -149319, 286
38239, -3810, -149350, 285
38242, -3811, -149388, 282
38246, -3812, -149436, 280
38249, -3813, -149475, 280
38253, -3814, -149508, 279
38256, -3816, -149539, 279
38259, -3817, -149571, 277
38262, -3818, -149607, 275
38266, -3819, -149649, 273
38269, -3820, -149688, 273
38272, -3821, -149729, 273
38277, -3823, -149763, 271
38280, -3824, -149796, 269
38284, -3825, -149841, 266
38288, -3827, -149884, 265
38291, -3828, -149933, 266
38296, -3829, -149964, 265
38299, -3831, -149995, 263
38303, -3832, -150036, 261
38307, -3833, -150081, 260
38310, -3834, -150128, 260
38315, -3835, -150161, 259
38319, -3836, -150194, 257
38323, -3837, -150247, 255
38328, -3839, -150290, 252
38331, -3841, -150322, 251
38335, -3842, -150353, 252
38338, -3844, -150385, 250
38342, -3845, -150433, 248
38347, -3846, -150478, 245
38350, -3848, -150515, 245
38354, -3849, -150553, 245
38359, -3851, -150592, 242
38363, -3852, -150627, 241
38367, -3853, -150664, 240
38370, -3855, -150697, 237
38374, -3856, -150726, 239
38378, -3857, -150760, 237
38381, -3858, -150792, 235
38385, -3860, -150828, 232
38388, -3861, -150863, 232
38392, -3862, -150900, 231
38396, -3863, -150927, 231
38399, -3864, -150964, 230
38404, -3866, -151012, 226
38409, -3867, -151058, 225
38413, -3869, -151086, 223
38417, -3870, -151111, 224
38420, -3872, -151149, 222
38425, -3873, -151187, 220
38429, -3874, -151225, 217
38432, -3876, -151257, 217
38436, -3877, -151288, 217
38440, -3879, -151327, 214
38445, -3880, -151370, 211
38449, -3882, -151404, 211
38453, -3883, -151437, 212
38458, -3884, -151472, 209
38462, -3886, -151501, 206
38466, -3887, -151538, 203
38469, -3889, -151579, 204
38474, -3890, -151608, 204
38478, -3892, -151634, 202
38482, -3893, -151663, 200
38485, -3894, -151699, 197
38489, -3895, -151728, 198
38492, -3897, -151754, 197
38496, -3898, -151778, 195
38499, -3899, -151805, 196
38503, -3900, -151845, 192
38507, -3902, -151878, 189
38511, -3903, -151904, 189
38515, -3905, -151931, 189
38519, -3906, -151965, 188
38523, -3907, -151994, 187
38527, -3908, -152026, 184
38530, -3909, -152057, 183
38534, -3911, -152086, 183
38538, -3912, -152111, 183
38542, -3913, -152142, 180
38546, -3914, -152175, 178
38550, -3915, -152213, 179
38554, -3916, -152237, 176
38558, -3918, -152260, 175
38562, -3919, -152292, 173
38566, -3921, -152333, 169
38570, -3923, -152361, 171
38574, -3924, -152385, 170
38578, -3925, -152409, 169
38581, -3927, -152436, 166
38585, -3928, -152471, 163
38589, -3930, -152499, 162
38593, -3931, -152520, 163
38596, -3932, -152541, 162
38599, -3933, -152563, 161
38603, -3935, -152591, 157
38606, -3936, -152621, 156
38610, -3937, -152646, 157
38613, -3938, -152667, 156
38616, -3939, -152689, 156
38620, -3940, -152712, 153
38623, -3941, -152739, 151
38627, -3942, -152773, 150
38631, -3944, -152799, 150
38634, -3945, -152820, 149
38638, -3946, -152843, 148
38642, -3947, -152869, 145
38646, -3949, -152902, 143
38649, -3950, -152927, 145
38653, -3951, -152949, 143
38656, -3952, -152969, 143
38660, -3953, -152990, 140
38663, -3953, -153014, 140
38666, -3955, -153042, 136
38669, -3957, -153067, 136
38673, -3958, -153093, 136
38677, -3959, -153116, 135
38681, -3961, -153141, 132
38685, -3962, -153170, 131
38688, -3963, -153194, 129
38692, -3964, -153214, 129
38695, -3965, -153235, 130
38699, -3966, -153254, 127
38702, -3968, -153279, 125
38706, -3969, -153307, 122
38709, -3971, -153339, 121
38714, -3972, -153359, 121
38718, -3974, -153379, 121
38721, -3975, -153412, 120
38726, -3976, -153443, 116
38730, -3977, -153466, 114
38734, -3979, -153487, 114
38737, -3980, -153508, 114
38741, -3981, -153538, 113
38746, -3983, -153564, 108
38749, -3984, -153591, 108
38753, -3985, -153617, 108
38758, -3987, -153640, 106
38762, -3988, -153664, 106
38765, -3989, -153693, 103
38769, -3991, -153718, 102
38773, -3992, -153744, 102
38778, -3993, -153763, 100
38781, -3994, -153786, 99
38785, -3996, -153815, 95
38788, -3997, -153843, 95
38793, -3999, -153863, 94
38796, -4000, -153881, 94
38799, -4001, -153900, 93
38803, -4002, -153926, 90
38807, -4004, -153952, 89
38810, -4005, -153973, 89
38814, -4006, -153991, 88
38817, -4007, -154009, 86
38820, -4008, -154029, 85
38824, -4009, -154056, 83
38828, -4011, -154083, 81
38832, -4012, -154105, 82
38835, -4013, -154129, 81
38840, -4014, -154153, 80
38844, -4016, -154178, 76
38848, -4017, -154206, 75
38852, -4018, -154231, 74
38856, -4020, -154251, 73
38860, -4022, -154276, 71
38864, -4023, -154302, 69
38868, -4025, -154334, 67
38873, -4026, -154353, 67
38876, -4027, -154370, 67
38880, -4029, -154397, 64
38885, -4030, -154424, 61
38888, -4032, -154447, 61
38892, -4033, -154468, 61
38896, -4034, -154485, 59
38899, -4036, -154512, 57
38904, -4037, -154541, 56
38908, -4038, -154565, 54
38912, -4040, -154585, 54
38915, -4041, -154602, 54
38918, -4042, -154619, 52
38922, -4043, -154639, 50
38925, -4044, -154664, 47
38928, -4045, -154687, 48
38932, -4047, -154707, 47
38936, -4048, -154726, 46
38940, -4049, -154745, 45
38944, -4050, -154773, 41
38948, -4052, -154799, 40
38951, -4053, -154823, 40
38956, -4055, -154840, 39
38959, -4056, -154863, 39
38964, -4057, -154887, 35
38967, -4058, -154912, 33
38971, -4060, -154932, 34
38975, -4061, -154952, 33
38978, -4062, -154970, 34
38982, -4063, -155000, 30
38987, -4064, -155030, 27
38991, -4065, -155051, 27
38995, -4067, -155069, 27
38999, -4069, -155091, 24
39003, -4070, -155112, 23
39007, -4071, -155136, 21
39010, -4073, -155157, 20
39014, -4074, -155175, 20
39018, -4075, -155193, 18
39021, -4076, -155211, 17
39025, -4078, -155233, 14
39028, -4079, -155257, 14
39032, -4080, -155275, 14
39035, -4081, -155290, 12
39038, -4083, -155307, 11
39042, -4084, -155327, 9
39045, -4085, -155349, 6
39049, -4087, -155369, 7
39052, -4088, -155387, 6
39056, -4089, -155403, 6
39059, -4090, -155421, 5
39063, -4091, -155443, 1
39066, -4092, -155466, 4095
39070, -4093, -155487, 0
39073, -4095, -155508, 0
39078, -4096, -155529, 4095
39082, -4097, -155557, 4091
39087, -4098, -155589, 4089
39091, -4100, -155612, 4089
39096, -4102, -155630, 4086
39100, -4103, -155651, 4087
39104, -4105, -155675, 4083
39107, -4106, -155701, 4082
39111, -4108, -155722, 4081
39115, -4109, -155738, 4082
39119, -4110, -155757, 4081
39123, -4111, -155777, 4078
39126, -4112, -155802, 4076
39130, -4113, -155823, 4077
39134, -4114, -155839, 4076
39137, -4115, -155854, 4074
39140, -4116, -155872, 4073
39143, -4118, -155892, 4070
39147, -4119, -155915, 4069
39150, -4120, -155935, 4070
39154, -4122, -155951, 4068
39157, -4123, -155968, 4068
39161, -4124, -155988, 4065
39164, -4125, -156010, 4063
39168, -4126, -156040, 4062
39173, -4128, -156062, 4062
39177, -4129, -156081, 4061
39181, -4130, -156100, 4059
39185, -4132, -156132, 4056
39190, -4133, -156153, 4055
39193, -4134, -156172, 4056
39197, -4135, -156189, 4055
39201, -4137, -156216, 4052
39206, -4138, -156238, 4048
39209, -4140, -156264, 4049
39214, -4141, -156281, 4048
39217, -4143, -156301, 4046
39221, -4145, -156327, 4044
39226, -4146, -156351, 4042
39229, -4147, -156370, 4043
39233, -4148, -156387, 4042
39236, -4149, -156403, 4040
39240, -4150, -156420, 4041
39243, -4151, -156440, 4037
39246, -4153, -156463, 4035
39250, -4154, -156482, 4036
39253, -4155, -156498, 4034
39256, -4157, -156513, 4033
39260, -4158, -156530, 4031
39263, -4159, -156551, 4031
39267, -4160, -156581, 4028
39271, -4161, -156605, 4029
39276, -4162, -156621, 4027
39279, -4163, -156639, 4027
39283, -4165, -156664, 4023
39287, -4166, -156691, 4022
39291, -4168, -156710, 4021
39295, -4169, -156728, 4022
39299, -4170, -156752, 4020
39303, -4171, -156781, 4017
39308, -4173, -156802, 4014
39311, -4174, -156822, 4014
39315, -4176, -156838, 4014
39319, -4177, -156860, 4013
39323, -4179, -156881, 4010
39327, -4180, -156907, 4008
39331, -4181, -156933, 4008
39335, -4182, -156952, 4008
39340, -4183, -156976, 4007
39344, -4185, -156999, 4004
39348, -4186, -157022, 4001
39351, -4187, -157040, 4002
39355, -4189, -157057, 4001
39358, -4190, -157073, 4000
39362, -4191, -157092, 3998
39365, -4192, -157114, 3995
39369, -4194, -157136, 3996
39372, -4195, -157157, 3994
39377, -4196, -157173, 3994
39380, -4197, -157191, 3992
39384, -4199, -157213, 3988
39388, -4200, -157238, 3989
39391, -4201, -157255, 3988
39394, -4203, -157271, 3987
39398, -4204, -157290, 3986
39402, -4205, -157316, 3984
39407, -4206, -157339, 3981
39410, -4208, -157359, 3982
39414, -4209, -157375, 3981
39418, -4210, -157396, 3979
39423, -4211, -157416, 3978
39426, -4212, -157437, 3976
39430, -4214, -157462, 3976
39434, -4215, -157480, 3974
39438, -4216, -157497, 3975
39442, -4217, -157518, 3973
39445, -4219, -157543, 3967
39449, -4220, -157570, 3968
39454, -4221, -157587, 3968
39457, -4223, -157603, 3966
39461, -4225, -157621, 3966
39464, -4225, -157643, 3964
39467, -4226, -157665, 3962
39471, -4228, -157685, 3962
39474, -4228, -157702, 3963
39478, -4229, -157719, 3961
39481, -4230, -157739, 3958
39485, -4232, -157764, 3955
39489, -4233, -157792, 3955
39493, -4235, -157813, 3954
39497, -4237, -157832, 3953
39501, -4238, -157852, 3952
39505, -4239, -157876, 3949
39508, -4240, -157900, 3948
39512, -4242, -157918, 3948
39516, -4243, -157935, 3947
39519, -4244, -157960, 3948
39524, -4245, -157988, 3943
39528, -4246, -158013, 3941
39532, -4247, -158038, 3942
39536, -4249, -158060, 3941
39541, -4251, -158086, 3937
39546, -4252, -158110, 3936
39549, -4253, -158134, 3935
39553, -4255, -158153, 3935
39557, -4256, -158172, 3934
39561, -4257, -158195, 3931
39565, -4259, -158220, 3929
39569, -4260, -158245, 3929
39572, -4261, -158263, 3928
39575, -4263, -158279, 3927
39579, -4263, -158297, 3928
39582, -4264, -158316, 3925
39585, -4266, -158340, 3920
39589, -4267, -158361, 3921
39592, -4268, -158384, 3922
39597, -4270, -158402, 3921
39600, -4271, -158422, 3920
39604, -4271, -158448, 3918
39608, -4272, -158479, 3915
39612, -4274, -158499, 3916
39616, -4275, -158517, 3914
39620, -4277, -158543, 3912
39624, -4278, -158572, 3910
39628, -4279, -158597, 3909
39632, -4281, -158621, 3910
39637, -4282, -158641, 3908
39641, -4283, -158668, 3907
39645, -4284, -158694, 3902
39649, -4286, -158718, 3903
39653, -4287, -158739, 3903
39656, -4288, -158756, 3901
39660, -4290, -158774, 3900
39663, -4291, -158797, 3897
39666, -4292, -158823, 3895
39670, -4294, -158847, 3895
39674, -4295, -158865, 3896
39677, -4296, -158882, 3893
39681, -4297, -158901, 3893
39684, -4298, -158926, 3891
39688, -4299, -158950, 3889
39691, -4301, -158969, 3889
39694, -4302, -158988, 3887
39698, -4303, -159006, 3887
39701, -4304, -159027, 3886
39705, -4305, -159053, 3882
39708, -4307, -159079, 3883
39712, -4308, -159100, 3882
39716, -4309, -159124, 3881
39720, -4310, -159150, 3880
39725, -4311, -159176, 3876
39728, -4313, -159199, 3876
39731, -4314, -159219, 3876
39735, -4315, -159237, 3876
39738, -4316, -159262, 3874
39743, -4317, -159286, 3872
39746, -4318, -159321, 3869
39751, -4319, -159348, 3870
39756, -4321, -159368, 3868
39759, -4322, -159387, 3867
39762, -4324, -159408, 3866
39766, -4325, -159434, 3862
39769, -4327, -159457, 3861
39773, -4328, -159478, 3863
39777, -4329, -159499, 3862
39781, -4330, -159520, 3860
39784, -4331, -159546, 3858
39787, -4332, -159574, 3856
39791, -4333, -159597, 3856
39795, -4334, -159616, 3857
39798, -4335, -159634, 3856
39801, -4336, -159662, 3853
39806, -4337, -159691, 3850
39809, -4338, -159717, 3850
39813, -4340, -159738, 3849
39817, -4341, -159760, 3850
39821, -4343, -159784, 3846
39824, -4344, -159811, 3844
39828, -4345, -159840, 3843
39832, -4346, -159869, 3843
39837, -4348, -159889, 3842
39840, -4349, -159916, 3840
39845, -4351, -159945, 3837
39848, -4352, -159973, 3836
39852, -4354, -159998, 3835
39856, -4355, -160019, 3835
39860, -4356, -160043, 3833
39863, -4358, -160072, 3831
39867, -4359, -160108, 3830
39872, -4360, -160137, 3830
39877, -4361, -160158, 3829
39881, -4362, -160189, 3827
39885, -4364, -160218, 3822
39889, -4365, -160245, 3824
39892, -4366, -160266, 3824
39896, -4368, -160287, 3822
39899, -4369, -160309, 3821
39903, -4370, -160333, 3819
39906, -4371, -160361, 3817
39909, -4372, -160384, 3817
39913, -4373, -160404, 3817
39916, -4374, -160424, 3817
39920, -4375, -160454, 3815
39925, -4376, -160485, 3812
39928, -4377, -160512, 3811
39931, -4378, -160540, 3811
39936, -4380, -160561, 3811
39939, -4381, -160591, 3809
39944, -4382, -160623, 3805
39948, -4384, -160651, 3804
39951, -4385, -160673, 3804
39954, -4387, -160698, 3803
39959, -4388, -160725, 3803
39963, -4389, -160756, 3801
39967, -4390, -160789, 3797
39971, -4391, -160821, 3800
39975, -4392, -160845, 3798
39979, -4393, -160877, 3796
39984, -4395, -160905, 3793
39987, -4396, -160934, 3792
39990, -4397, -160964, 3793
39995, -4398, -160986, 3792
39999, -4400, -161009, 3790
40002, -4400, -161036, 3789
40005, -4402, -161067, 3786
40009, -4403, -161094, 3785
40012, -4404, -161117, 3786
40015, -4405, -161138, 3785
40019, -4406, -161166, 3785
40023, -4407, -161204, 3782
40028, -4408, -161239, 3780
40031, -4409, -161266, 3779
40035, -4411, -161287, 3779
40038, -4412, -161317, 3778
40043, -4413, -161352, 3775
40047, -4415, -161385, 3774
40051, -4416, -161416, 3773
40054, -4417, -161439, 3773
40058, -4418, -161462, 3772
40062, -4419, -161488, 3770
40065, -4421, -161523, 3767
40068, -4422, -161555, 3766
40072, -4423, -161582, 3767
40075, -4424, -161614, 3767
40080, -4425, -161647, 3765
40085, -4427, -161679, 3760
40088, -4428, -161712, 3760
40092, -4429, -161741, 3760
40096, -4431, -161767, 3759
40100, -4432, -161807, 3758
40104, -4433, -161853, 3755
40109, -4434, -161888, 3754
40113, -4436, -161914, 3754
40116, -4437, -161938, 3753
40120, -4438, -161970, 3753
40124, -4439, -162007, 3749
40127, -4440, -162042, 3748
40131, -4441, -162071, 3748
40134, -4442, -162097, 3748
40138, -4444, -162132, 3745
40142, -4445, -162162, 3744
40146, -4446, -162200, 3742
40149, -4447, -162236, 3742
40153, -4449, -162267, 3741
40158, -4450, -162293, 3741
40161, -4451, -162324, 3739
40165, -4452, -162363, 3735
40168, -4454, -162408, 3734
40173, -4455, -162438, 3735
40177, -4456, -162468, 3733
40181, -4458, -162500, 3733
40185, -4459, -162541, 3730
40188, -4460, -162580, 3728
40192, -4461, -162615, 3728
40196, -4462, -162651, 3729
40200, -4463, -162693, 3726
40205, -4465, -162735, 3722
40208, -4466, -162779, 3723
40212, -4467, -162814, 3723
40216, -4468, -162846, 3722
40221, -4470, -162882, 3719
40224, -4471, -162919, 3716
40228, -4473, -162957, 3715
40231, -4474, -162987, 3715
40234, -4475, -163013, 3716
40237, -4476, -163040, 3714
40241, -4477, -163072, 3714
40244, -4478, -163119, 3710
40248, -4479, -163161, 3709
40252, -4480, -163196, 3709
40255, -4482, -163234, 3707
40260, -4483, -163276, 3707
40264, -4485, -163323, 3703
40268, -4486, -163370, 3702
40272, -4487, -163407, 3702
40275, -4488, -163439, 3702
40279, -4490, -163474, 3700
40283, -4491, -163524, 3697
40287, -4492, -163572, 3696
40290, -4493, -163614, 3697
40294, -4494, -163648, 3697
40298, -4495, -163690, 3694
40302, -4496, -163745, 3692
40307, -4498, -163813, 3690
40312, -4499, -163861, 3690
40316, -4501, -163896, 3689
40320, -4502, -163934, 3688
40324, -4503, -163987, 3685
40328, -4505, -164037, 3683
40331, -4506, -164090, 3683
40336, -4507, -164122, 3683
40339, -4508, -164157, 3683
40342, -4509, -164199, 3680
40346, -4510, -164251, 3677
40349, -4512, -164295, 3676
40352, -4513, -164332, 3676
40356, -4515, -164367, 3676
40359, -4516, -164404, 3673
40363, -4517, -164450, 3673
40367, -4518, -164529, 3671
40371, -4519, -164584, 3670
40376, -4520, -164626, 3670
40380, -4521, -164674, 3668
40384, -4522, -164742, 3667
40388, -4524, -164811, 3663
40393, -4525, -164855, 3664
40397, -4527, -164899, 3663
40401, -4528, -164958, 3661
40405, -4530, -165019, 3657
40409, -4531, -165081, 3657
40413, -4533, -165132, 3657
40417, -4534, -165188, 3655
40422, -4536, -165259, 3653
40427, -4537, -165329, 3651
40431, -4538, -165388, 3650
40435, -4540, -165443, 3651
40440, -4541, -165510, 3649
40445, -4543, -165574, 3643
40448, -4544, -165628, 3644
40452, -4545, -165673, 3644
40455, -4547, -165712, 3644
40458, -4548, -165753, 3642
40462, -4549, -165802, 3640
40465, -4550, -165863, 3638
40469, -4551, -165937, 3638
40473, -4552, -165983, 3638
40477, -4553, -166029, 3637
40480, -4554, -166074, 3635
40484, -4555, -166131, 3633
40487, -4557, -166194, 3631
40491, -4558, -166247, 3631
40495, -4559, -166290, 3631
40498, -4560, -166336, 3630
40502, -4562, -166394, 3627
40506, -4563, -166457, 3624
40510, -4564, -166514, 3624
40513, -4566, -166562, 3623
40517, -4567, -166618, 3623
40522, -4569, -166688, 3620
40527, -4570, -166750, 3616
40531, -4571, -166815, 3619
40536, -4572, -166865, 3618
40540, -4574, -166908, 3615
40543, -4576, -166963, 3612
40547, -4577, -167018, 3611
40551, -4578, -167064, 3612
40554, -4579, -167101, 3612
40557, -4580, -167139, 3611
40561, -4581, -167182, 3608
40564, -4581, -167232, 3608
40568, -4583, -167298, 3606
40572, -4584, -167339, 3605
40576, -4585, -167380, 3604
40579, -4587, -167421, 3602
40583, -4588, -167472, 3599
40587, -4590, -167525, 3599
40590, -4591, -167576, 3598
40594, -4592, -167615, 3598
40598, -4593, -167666, 3597
40602, -4594, -167729, 3595
40607, -4596, -167778, 3592
40610, -4597, -167821, 3592
40614, -4598, -167857, 3591
40617, -4599, -167904, 3592
40622, -4601, -167948, 3587
40626, -4602, -168005, 3585
40630, -4603, -168052, 3586
40634, -4605, -168095, 3585
40638, -4606, -168141, 3586
40642, -4607, -168191, 3580
40646, -4609, -168246, 3578
40650, -4610, -168299, 3579
40655, -4611, -168332, 3580
40658, -4613, -168367, 3577
40661, -4614, -168402, 3576
40665, -4615, -168448, 3573
40668, -4616, -168493, 3572
40671, -4617, -168529, 3573
40675, -4619, -168562, 3571
40678, -4620, -168598, 3571
40682, -4620, -168643, 3570
40686, -4621, -168695, 3566
40690, -4623, -168749, 3565
40695, -4624, -168785, 3566
40698, -4625, -168823, 3564
40702, -4627, -168868, 3562
40706, -4628, -168922, 3559
40710, -4629, -168966, 3560
40714, -4631, -169005, 3557
40718, -4632, -169038, 3558
40722, -4633, -169088, 3557
40727, -4635, -169141, 3553
40731, -4636, -169179, 3552
40734, -4637, -169217, 3553
40738, -4638, -169250, 3551
40742, -4640, -169294, 3549
40746, -4641, -169345, 3546
40750, -4642, -169387, 3547
40754, -4644, -169419, 3546
40757, -4645, -169454, 3546
40762, -4646, -169499, 3542
40766, -4648, -169541, 3539
40769, -4649, -169577, 3540
40773, -4650, -169609, 3539
40776, -4652, -169639, 3540
40779, -4653, -169671, 3537
40783, -4653, -169706, 3535
40786, -4655, -169749, 3534
40790, -4655, -169790, 3535
40794, -4657, -169819, 3532
40797, -4658, -169848, 3532
40801, -4659, -169892, 3531
40806, -4660, -169939, 3527
40809, -4662, -169978, 3527
40813, -4663, -170011, 3527
40817, -4664, -170049, 3526
40821, -4665, -170097, 3525
40826, -4666, -170146, 3521
40830, -4668, -170183, 3521
40834, -4669, -170214, 3521
40838, -4670, -170253, 3518
40842, -4672, -170287, 3516
40846, -4674, -170334, 3514
40850, -4675, -170378, 3515
40855, -4676, -170409, 3513
40859, -4677, -170442, 3513
40862, -4678, -170478, 3512
40866, -4680, -170523, 3507
40870, -4681, -170566, 3507
40875, -4682, -170594, 3507
40878, -4684, -170621, 3505
40881, -4686, -170652, 3503
40885, -4687, -170691, 3502
40888, -4688, -170725, 3501
40891, -4689, -170754, 3501
40895, -4690, -170779, 3499
40898, -4691, -170805, 3499
40901, -4692, -170834, 3498
40905, -4693, -170871, 3495
40908, -4695, -170906, 3494
40911, -4696, -170936, 3494
40915, -4696, -170963, 3495
40919, -4697, -170993, 3494
40922, -4698, -171025, 3490
40926, -4699, -171063, 3488
40929, -4701, -171095, 3488
40933, -4702, -171124, 3488
40936, -4704, -171153, 3486
40940, -4705, -171187, 3485
40944, -4706, -171223, 3483
40947, -4707, -171259, 3481
40951, -4708, -171288, 3483
40954, -4709, -171314, 3482
40957, -4709, -171338, 3482
40961, -4710, -171365, 3479
40964, -4711, -171400, 3477
40968, -4713, -171434, 3475
40971, -4714, -171461, 3474
40974, -4716, -171486, 3475
40977, -4717, -171519, 3474
40982, -4718, -171560, 3471
40987, -4719, -171600, 3470
40990, -4720, -171629, 3470
40994, -4721, -171653, 3470
40997, -4722, -171677, 3467
41000, -4723, -171705, 3466
41004, -4724, -171741, 3463
41007, -4726, -171775, 3461
41011, -4728, -171806, 3463
41015, -4728, -171833, 3463
41019, -4729, -171867, 3461
41024, -4731, -171902, 3456
41027, -4732, -171939, 3456
41030, -4733, -171967, 3458
41034, -4734, -171995, 3456
41038, -4735, -172019, 3455
41041, -4736, -172048, 3454
41045, -4737, -172083, 3451
41048, -4738, -172125, 3450
41053, -4740, -172152, 3449
41057, -4741, -172183, 3449
41061, -4742, -172221, 3447
41066, -4744, -172261, 3443
41070, -4745, -172291, 3443
41073, -4746, -172316, 3444
41076, -4748, -172339, 3442
41080, -4749, -172364, 3442
41083, -4749, -172393, 3440
41086, -4751, -172427, 3437
41090, -4752, -172454, 3437
41093, -4753, -172480, 3435
41097, -4755, -172503, 3435
41100, -4756, -172528, 3435
41104, -4757, -172558, 3433
41107, -4758, -172591, 3431
41111, -4758, -172618, 3432
41114, -4759, -172640, 3432
41118, -4760, -172662, 3429
41121, -4761, -172697, 3428
41126, -4763, -172734, 3424
41129, -4764, -172766, 3425
41134, -4765, -172794, 3425
41137, -4766, -172825, 3424
41142, -4768, -172854, 3421
41146, -4769, -172891, 3418
41150, -4770, -172920, 3419
41153, -4771, -172946, 3419
41157, -4773, -172977, 3416
41161, -4774, -173005, 3416
41165, -4775, -173040, 3411
41169, -4777, -173079, 3412
41174, -4778, -173103, 3411
41177, -4779, -173133, 3411
41182, -4781, -173160, 3408
41185, -4782, -173199, 3405
41190, -4783, -173229, 3406
41194, -4784, -173254, 3407
41197, -4786, -173277, 3404
41201, -4787, -173300, 3403
41204, -4788, -173331, 3400
41207, -4789, -173362, 3399
41211, -4791, -173388, 3399
41215, -4792, -173408, 3399
41218, -4793, -173428, 3397
41221, -4794, -173462, 3396
41226, -4795, -173499, 3393
41230, -4796, -173524, 3394
41233, -4797, -173551, 3393
41238, -4798, -173581, 3392
41242, -4799, -173607, 3389
41246, -4801, -173642, 3386
41250, -4802, -173666, 3388
41253, -4803, -173690, 3387
41257, -4805, -173718, 3385
41262, -4806, -173744, 3383
41265, -4807, -173775, 3382
41268, -4808, -173803, 3380
41272, -4809, -173832, 3381
41277, -4811, -173854, 3379
41280, -4811, -173877, 3379
41284, -4813, -173906, 3376
41287, -4814, -173936, 3375
41291, -4815, -173961, 3376
41294, -4816, -173982, 3373
41298, -4817, -174003, 3372
41301, -4818, -174026, 3371
41305, -4819, -174058, 3369
41308, -4821, -174087, 3367
41311, -4822, -174110, 3368
41314, -4823, -174130, 3369
41318, -4824, -174150, 3365
41321, -4825, -174181, 3366
41326, -4826, -174218, 3362
41329, -4827, -174245, 3362
41333, -4828, -174269, 3362
41337, -4829, -174296, 3361
41341, -4830, -174321, 3360
41345, -4831, -174355, 3357
41349, -4832, -174391, 3357
41353, -4833, -174413, 3356
41356, -4835, -174432, 3354
41360, -4836, -174454, 3353
41364, -4837, -174489, 3351
41368, -4839, -174522, 3349
41372, -4840, -174547, 3349
41375, -4841, -174569, 3350
41379, -4842, -174603, 3347
41384, -4844, -174634, 3344
41388, -4845, -174662, 3343
41391, -4846, -174691, 3343
41395, -4848, -174714, 3343
41399, -4849, -174745, 3340
41404, -4850, -174774, 3338
41407, -4852, -174804, 3336
41411, -4853, -174831, 3337
41415, -4854, -174854, 3336
41418, -4855, -174876, 3336
41422, -4856, -174902, 3335
41425, -4857, -174931, 3330
41429, -4858, -174956, 3331
41432, -4859, -174977, 3331
41435, -4860, -174997, 3329
41439, -4862, -175018, 3328
41442, -4862, -175043, 3329
41445, -4863, -175076, 3324
41449, -4865, -175106, 3325
41453, -4866, -175133, 3324
41457, -4866, -175160, 3325
41461, -4868, -175184, 3322
41465, -4869, -175222, 3318
41469, -4870, -175250, 3318
41473, -4871, -175273, 3318
41477, -4873, -175295, 3317
41480, -4874, -175327, 3315
41485, -4876, -175369, 3312
41490, -4877, -175405, 3312
41495, -4878, -175432, 3312
41499, -4879, -175454, 3311
41503, -4881, -175483, 3308
41507, -4882, -175516, 3306
41510, -4883, -175546, 3306
41515, -4884, -175569, 3307
41519, -4885, -175596, 3304
41523, -4887, -175624, 3302
41527, -4888, -175656, 3300
41530, -4889, -175681, 3300
41534, -4890, -175702, 3300
41537, -4892, -175719, 3298
41541, -4893, -175741, 3297
41544, -4893, -175769, 3297
41547, -4895, -175797, 3293
41551, -4896, -175821, 3294
41554, -4897, -175842, 3293
41557, -4898, -175868, 3292
41562, -4899, -175894, 3290
41566, -4900, -175934, 3288
41570, -4902, -175966, 3287
41575, -4903, -175988, 3287
41579, -4904, -176010, 3286
41582, -4905, -176036, 3284
41586, -4907, -176076, 3281
41590, -4908, -176103, 3282
41594, -4908, -176125, 3283
41598, -4910, -176154, 3280
41602, -4911, -176183, 3279
41606, -4912, -176223, 3276
41611, -4913, -176249, 3274
41615, -4915, -176270, 3276
41618, -4916, -176298, 3274
41623, -4917, -176327, 3272
41626, -4919, -176359, 3269
41630, -4919, -176385, 3270
41633, -4921, -176407, 3270
41637, -4921, -176434, 3270
41641, -4923, -176459, 3266
41645, -4924, -176488, 3263
41648, -4925, -176514, 3264
41651, -4926, -176536, 3264
41655, -4928, -176555, 3263
41658, -4929, -176576, 3261
41661, -4929, -176599, 3261
41665, -4930, -176628, 3258
41668, -4931, -176657, 3258
41671, -4932, -176683, 3258
41675, -4933, -176709, 3257
41679, -4934, -176733, 3255
41683, -4935, -176759, 3254
41687, -4936, -176791, 3252
41691, -4938, -176819, 3251
41695, -4939, -176842, 3251
41698, -4940, -176866, 3250
41702, -4941, -176893, 3247
41706, -4943, -176928, 3245
41709, -4944, -176955, 3245
41713, -4945, -176978, 3244
41716, -4947, -177003, 3244
41721, -4947, -177028, 3243
41724, -4948, -177063, 3240
41728, -4949, -177100, 3240
41733, -4950, -177123, 3239
41736, -4952, -177146, 3237
41740, -4953, -177178, 3237
41745, -4954, -177216, 3234
41749, -4956, -177252, 3233
41754, -4957, -177274, 3232
41757, -4958, -177294, 3232
41760, -4959, -177318, 3231
41764, -4960, -177347, 3228
41767, -4961, -177378, 3228
41770, -4962, -177405, 3227
41774, -4964, -177432, 3226
41778, -4965, -177455, 3226
41782, -4965, -177485, 3224
41786, -4967, -177526, 3221
41790, -4968, -177559, 3221
41795, -4969, -177583, 3221
41799, -4970, -177614, 3220
41803, -4972, -177641, 3217
41807, -4973, -177684, 3215
41811, -4974, -177712, 3214
41815, -4976, -177739, 3214
41819, -4977, -177761, 3213
41823, -4978, -177792, 3212
41826, -4979, -177827, 3209
41830, -4980, -177864, 3208
41835, -4982, -177887, 3208
41839, -4983, -177911, 3205
41842, -4985, -177942, 3205
41846, -4986, -177977, 3201
41850, -4987, -178004, 3203
41853, -4989, -178029, 3201
41857, -4989, -178051, 3201
41861, -4990, -178077, 3201
41864, -4991, -178109, 3197
41868, -4992, -178141, 3196
41871, -4994, -178168, 3195
41875, -4995, -178191, 3195
41878, -4996, -178217, 3194
41882, -4997, -178249, 3192
41886, -4998, -178281, 3190
41889, -5000, -178308, 3189
41892, -5001, -178333, 3188
41896, -5002, -178355, 3189
41899, -5003, -178378, 3187
41902, -5004, -178406, 3187
41906, -5005, -178440, 3183
41909, -5006, -178470, 3183
41912, -5007, -178495, 3182
41916, -5008, -178518, 3184
41919, -5009, -178549, 3182
41924, -5010, -178581, 3178
41927, -5011, -178616, 3176
41931, -5012, -178648, 3176
41935, -5014, -178674, 3177
41939, -5015, -178707, 3175
41943, -5016, -178742, 3172
41947, -5017, -178779, 3171
41951, -5019, -178816, 3170
41956, -5020, -178848, 3169
41960, -5021, -178874, 3169
41964, -5022, -178905, 3167
41967, -5024, -178941, 3164
41970, -5025, -178972, 3165
41974, -5026, -178999, 3164
41978, -5027, -179024, 3163
41981, -5028, -179050, 3161
41984, -5029, -179095, 3158
41989, -5031, -179128, 3159
41993, -5032, -179154, 3158
41996, -5033, -179186, 3158
42001, -5034, -179216, 3157
42004, -5035, -179254, 3152
42008, -5036, -179288, 3152
42011, -5037, -179316, 3152
42015, -5039, -179351, 3152
42020, -5040, -179388, 3150
42025, -5041, -179426, 3145
42028, -5043, -179461, 3145
42031, -5044, -179490, 3145
42035, -5046, -179519, 3145
42039, -5047, -179549, 3142
42043, -5048, -179581, 3140
42046, -5050, -179619, 3138
42050, -5051, -179653, 3138
42053, -5052, -179689, 3139
42058, -5053, -179719, 3136
42062, -5054, -179754, 3137
42065, -5055, -179799, 3132
42070, -5056, -179841, 3132
42074, -5058, -179868, 3133
42078, -5059, -179895, 3131
42081, -5060, -179926, 3130
42085, -5061, -179964, 3127
42088, -5062, -180000, 3127
42091, -5063, -180030, 3126
42095, -5065, -180059, 3125
42099, -5066, -180090, 3124
42102, -5067, -180123, 3122
42106, -5068, -180161, 3120
42109, -5070, -180195, 3119
42113, -5071, -180225, 3120
42116, -5072, -180253, 3117
42120, -5073, -180283, 3117
42123, -5074, -180319, 3116
42127, -5075, -180362, 3114
42130, -5076, -180395, 3114
42134, -5077, -180425, 3114
42137, -5078, -180452, 3112
42141, -5079, -180483, 3109
42144, -5080, -180538, 3107
42149, -5082, -180581, 3107
42153, -5083, -180610, 3107
42156, -5085, -180641, 3105
42161, -5086, -180680, 3103
42165, -5087, -180730, 3102
42169, -5088, -180769, 3101
42173, -5089, -180802, 3100
42176, -5091, -180832, 3099
42180, -5092, -180874, 3097
42185, -5093, -180923, 3095
42188, -5095, -180963, 3094
42192, -5096, -181001, 3093
42196, -5097, -181034, 3094
42199, -5098, -181065, 3090
42203, -5099, -181099, 3090
42206, -5101, -181152, 3087
42211, -5102, -181188, 3087
42214, -5103, -181220, 3088
42218, -5104, -181259, 3085
42222, -5105, -181302, 3084
42226, -5107, -181349, 3081
42230, -5108, -181387, 3079
42233, -5110, -181422, 3081
42237, -5110, -181455, 3081
42241, -5111, -181493, 3079
42245, -5113, -181544, 3074
42248, -5114, -181592, 3074
42253, -5115, -181634, 3073
42257, -5117, -181672, 3073
42262, -5119, -181713, 3071
42265, -5120, -181775, 3068
42270, -5121, -181827, 3066
42275, -5123, -181863, 3067
42279, -5124, -181897, 3066
42282, -5125, -181942, 3064
42286, -5127, -182005, 3061
42291, -5128, -182047, 3060
42295, -5130, -182080, 3059
42298, -5131, -182112, 3059
42301, -5132, -182147, 3059
42305, -5133, -182192, 3056
42308, -5134, -182234, 3054
42312, -5135, -182272, 3055
42315, -5136, -182302, 3055
42319, -5137, -182335, 3053
42322, -5138, -182378, 3051
42326, -5139, -182426, 3049
42329, -5140, -182466, 3048
42333, -5142, -182501, 3048
42337, -5143, -182543, 3045
42342, -5145, -182585, 3044
42345, -5147, -182627, 3040
42349, -5148, -182679, 3041
42353, -5149, -182723, 3043
42358, -5150, -182758, 3041
42362, -5151, -182801, 3039
42366, -5152, -182858, 3035
42371, -5153, -182905, 3034
42375, -5155, -182937, 3034
42379, -5157, -182972, 3033
42383, -5158, -183014, 3032
42387, -5159, -183059, 3029
42390, -5160, -183095, 3028
42394, -5162, -183130, 3028
42398, -5163, -183172, 3028
42403, -5164, -183211, 3024
42406, -5165, -183250, 3023
42410, -5166, -183284, 3023
42413, -5167, -183315, 3023
42417, -5169, -183341, 3021
42420, -5170, -183370, 3019
42423, -5171, -183402, 3018
42426, -5172, -183440, 3015
42430, -5174, -183480, 3016
42434, -5175, -183515, 3014
42438, -5176, -183547, 3013
42442, -5178, -183584, 3012
42446, -5179, -183623, 3010
42449, -5180, -183667, 3010
42454, -5181, -183697, 3009
42458, -5182, -183726, 3007
42462, -5183, -183765, 3007
42466, -5185, -183817, 3002
42471, -5186, -183850, 3002
42474, -5187, -183880, 3003
42478, -5189, -183921, 3001
42483, -5190, -183954, 2999
42486, -5191, -183989, 2996
42490, -5193, -184024, 2996
42494, -5194, -184060, 2995
42498, -5196, -184097, 2994
42503, -5197, -184129, 2991
42506, -5198, -184169, 2990
42510, -5200, -184201, 2989
42514, -5201, -184229, 2989
42518, -5202, -184256, 2988
42522, -5203, -184286, 2985
42525, -5205, -184321, 2982
42529, -5206, -184352, 2982
42532, -5208, -184377, 2983
42535, -5209, -184401, 2981
42539, -5210, -184426, 2980
42542, -5211, -184452, 2979
42545, -5212, -184490, 2975
42549, -5214, -184521, 2975
42552, -5215, -184547, 2975
42556, -5216, -184576, 2974
42560, -5217, -184605, 2972
42564, -5218, -184647, 2971
42568, -5220, -184687, 2968
42573, -5221, -184713, 2967
42576, -5222, -184739, 2968
42580, -5224, -184768, 2966
42584, -5225, -184810, 2963
42589, -5226, -184853, 2963
42594, -5227, -184886, 2963
42598, -5229, -184911, 2959
42602, -5230, -184938, 2959
42605, -5232, -184972, 2955
42609, -5233, -185009, 2956
42614, -5235, -185036, 2956
42617, -5236, -185060, 2954
42621, -5237, -185090, 2953
42625, -5238, -185123, 2950
42629, -5239, -185156, 2949
42633, -5241, -185180, 2949
42636, -5242, -185200, 2949
42639, -5243, -185223, 2948
42643, -5244, -185250, 2944
42646, -5245, -185281, 2942
42650, -5247, -185307, 2942
42653, -5248, -185330, 2943
42656, -5249, -185352, 2942
42660, -5250, -185376, 2940
42663, -5251, -185411, 2938
42668, -5252, -185448, 2936
42672, -5253, -185472, 2936
42676, -5255, -185494, 2935
42680, -5256, -185519, 2933
42684, -5257, -185558, 2932
42688, -5259, -185598, 2928
42693, -5260, -185624, 2928
42696, -5262, -185647, 2928
42700, -5263, -185674, 2927
42704, -5265, -185706, 2923
42708, -5266, -185738, 2921
42712, -5268, -185761, 2921
42716, -5269, -185787, 2921
42720, -5271, -185819, 2919
42725, -5272, -185853, 2916
42729, -5273, -185881, 2914
42732, -5275, -185904, 2915
42735, -5276, -185923, 2914
42739, -5277, -185943, 2912
42742, -5278, -185966, 2912
42745, -5279, -185993, 2910
42749, -5280, -186017, 2909
42752, -5281, -186038, 2909
42755, -5282, -186059, 2908
42759, -5283, -186083, 2906
42763, -5284, -186110, 2905
42767, -5286, -186150, 2901
42771, -5287, -186177, 2902
42776, -5289, -186199, 2901
42779, -5290, -186226, 2898
42784, -5292, -186256, 2897
42788, -5293, -186292, 2895
42793, -5295, -186314, 2894
42796, -5296, -186335, 2894
42800, -5297, -186364, 2892
42805, -5299, -186402, 2890
42810, -5300, -186432, 2888
42814, -5301, -186458, 2887
42818, -5303, -186483, 2888
42823, -5304, -186508, 2886
42826, -5306, -186537, 2881
42830, -5307, -186567, 2882
42834, -5308, -186590, 2881
42838, -5310, -186614, 2880
42842, -5311, -186637, 2878
42846, -5312, -186665, 2875
42849, -5314, -186689, 2875
42852, -5315, -186709, 2874
42856, -5316, -186727, 2874
42859, -5317, -186744, 2874
42862, -5318, -186767, 2872
42866, -5319, -186801, 2869
42870, -5320, -186828, 2868
42875, -5321, -186849, 2868
42878, -5323, -186876, 2865
42883, -5325, -186900, 2864
42886, -5326, -186934, 2861
42891, -5328, -186959, 2862
42895, -5329, -186979, 2860
42899, -5330, -187005, 2860
42904, -5332, -187029, 2857
42907, -5333, -187057, 2855
42911, -5334, -187082, 2855
42915, -5335, -187108, 2854
42920, -5337, -187129, 2853
42923, -5338, -187153, 2851
42927, -5339, -187185, 2849
42931, -5341, -187211, 2847
42935, -5342, -187229, 2848
42938, -5343, -187249, 2846
42942, -5345, -187271, 2845
42946, -5346, -187304, 2841
42950, -5347, -187330, 2841
42954, -5349, -187350, 2840
42958, -5350, -187368, 2839
42961, -5352, -187391, 2837
42965, -5353, -187417, 2835
42968, -5355, -187441, 2834
42972, -5356, -187461, 2834
42975, -5357, -187478, 2834
42979, -5357, -187497, 2834
42982, -5358, -187519, 2831
42986, -5359, -187547, 2828
42990, -5361, -187571, 2828
42994, -5362, -187592, 2827
42998, -5364, -187616, 2826
43002, -5365, -187638, 2824
43006, -5366, -187673, 2821
43010, -5368, -187698, 2820
43014, -5369, -187717, 2820
43018, -5371, -187739, 2820
43022, -5372, -187760, 2817
43025, -5373, -187783, 2814
43029, -5375, -187810, 2813
43033, -5376, -187828, 2814
43036, -5378, -187851, 2812
43041, -5379, -187877, 2811
43045, -5380, -187904, 2807
43049, -5381, -187928, 2807
43052, -5383, -187948, 2807
43056, -5384, -187971, 2805
43060, -5386, -187992, 2804
43064, -5387, -188014, 2802
43068, -5388, -188036, 2799
43071, -5389, -188056, 2801
43074, -5390, -188074, 2801
43078, -5391, -188091, 2798
43081, -5392, -188112, 2797
43085, -5394, -188134, 2793
43088, -5395, -188167, 2793
43093, -5397, -188185, 2793
43096, -5398, -188209, 2792
43101, -5399, -188228, 2792
43104, -5400, -188258, 2788
43109, -5401, -188282, 2786
43112, -5403, -188300, 2786
43116, -5404, -188319, 2786
43120, -5406, -188344, 2784
43125, -5407, -188370, 2781
43128, -5408, -188394, 2779
43132, -5410, -188416, 2779
43135, -5411, -188433, 2778
43139, -5413, -188453, 2777
43142, -5414, -188474, 2776
43146, -5415, -188499, 2773
43149, -5416, -188522, 2772
43153, -5417, -188543, 2773
43156, -5419, -188559, 2771
43160, -5420, -188576, 2771
43163, -5421, -188598, 2768
43167, -5422, -188631, 2765
43172, -5423, -188652, 2766
43175, -5425, -188670, 2765
43179, -5426, -188688, 2763
43182, -5427, -188708, 2762
43185, -5429, -188731, 2759
43189, -5430, -188752, 2760
43192, -5431, -188771, 2758
43195, -5432, -188789, 2759
43199, -5433, -188813, 2757
43204, -5434, -188838, 2753
43208, -5436, -188866, 2751
43211, -5437, -188884, 2752
43215, -5439, -188901, 2752
43218, -5440, -188919, 2751
43221, -5441, -188940, 2749
43225, -5442, -188966, 2746
43229, -5443, -188991, 2744
43232, -5445, -189011, 2745
43236, -5446, -189029, 2744
43240, -5447, -189049, 2743
43243, -5448, -189074, 2740
43248, -5450, -189104, 2737
43252, -5451, -189131, 2737
43257, -5453, -189150, 2738
43261, -5454, -189172, 2736
43265, -5456, -189206, 2732
43269, -5457, -189235, 2732
43274, -5458, -189256, 2732
43278, -5459, -189279, 2730
43283, -5461, -189299, 2727
43286, -5462, -189322, 2725
43289, -5464, -189343, 2725
43293, -5465, -189361, 2724
43296, -5467, -189377, 2723
43299, -5468, -189393, 2722
43303, -5469, -189412, 2721
43306, -5470, -189439, 2717
43310, -5471, -189465, 2718
43313, -5472, -189485, 2718
43317, -5474, -189505, 2716
43321, -5475, -189529, 2714
43325, -5476, -189555, 2712
43329, -5477, -189580, 2711
43332, -5479, -189599, 2710
43336, -5480, -189621, 2711
43341, -5481, -189643, 2709
43345, -5483, -189670, 2704
43348, -5484, -189697, 2704
43352, -5485, -189717, 2704
43356, -5487, -189736, 2704
43360, -5488, -189756, 2702
43363, -5489, -189778, 2699
43367, -5490, -189807, 2697
43371, -5492, -189827, 2697
43375, -5493, -189850, 2697
43380, -5495, -189868, 2695
43383, -5496, -189892, 2692
43387, -5497, -189918, 2690
43391, -5499, -189940, 2690
43395, -5500, -189958, 2690
43398, -5502, -189976, 2688
43402, -5502, -189996, 2688
43405, -5503, -190019, 2685
43408, -5505, -190041, 2683
43412, -5506, -190060, 2684
43415, -5507, -190078, 2684
43419, -5508, -190101, 2681
43423, -5509, -190123, 2679
43427, -5511, -190146, 2676
43431, -5512, -190167, 2677
43435, -5514, -190192, 2676
43439, -5515, -190212, 2673
43443, -5517, -190233, 2672
43446, -5518, -190258, 2669
43450, -5519, -190279, 2671
43453, -5520, -190298, 2671
43457, -5521, -190315, 2669
43460, -5522, -190333, 2667
43463, -5523, -190357, 2666
43467, -5525, -190383, 2662
43471, -5526, -190402, 2664
43475, -5527, -190423, 2663
43478, -5529, -190443, 2660
43483, -5530, -190466, 2660
43486, -5531, -190498, 2657
43491, -5532, -190522, 2656
43494, -5534, -190549, 2656
43499, -5535, -190572, 2653
43504, -5537, -190598, 2652
43507, -5538, -190621, 2649
43511, -5540, -190641, 2648
43514, -5541, -190658, 2649
43517, -5542, -190674, 2648
43521, -5543, -190695, 2647
43524, -5544, -190719, 2644
43528, -5545, -190746, 2644
43532, -5547, -190773, 2642
43536, -5547, -190794, 2644
43540, -5549, -190814, 2640
43543, -5550, -190838, 2639
43547, -5551, -190867, 2636
43551, -5553, -190887, 2636
43555, -5554, -190909, 2636
43559, -5555, -190931, 2635
43564, -5557, -190961, 2631
43567, -5558, -190991, 2630
43571, -5560, -191014, 2628
43575, -5561, -191033, 2629
43578, -5563, -191060, 2627
43583, -5564, -191088, 2625
43587, -5565, -191114, 2622
43591, -5566, -191135, 2623
43595, -5568, -191159, 2623
43599, -5569, -191181, 2619
43603, -5571, -191202, 2618
43606, -5572, -191229, 2616
43610, -5573, -191253, 2616
43613, -5575, -191273, 2615
43616, -5576, -191292, 2615
43620, -5577, -191311, 2613
43623, -5578, -191333, 2611
43627, -5579, -191358, 2608
43630, -5580, -191380, 2610
43634, -5582, -191406, 2608
43638, -5583, -191430, 2606
43643, -5584, -191459, 2605
43647, -5585, -191489, 2604
43651, -5586, -191513, 2603
43654, -5587, -191533, 2603
43658, -5588, -191552, 2601
43661, -5589, -191577, 2600
43665, -5591, -191605, 2595
43669, -5593, -191635, 2595
43674, -5594, -191658, 2595
43678, -5596, -191679, 2594
43682, -5597, -191700, 2592
43685, -5598, -191730, 2590
43689, -5600, -191761, 2588
43693, -5601, -191786, 2589
43697, -5602, -191807, 2588
43700, -5603, -191827, 2587
43703, -5604, -191853, 2585
43707, -5605, -191881, 2582
43711, -5607, -191905, 2583
43714, -5608, -191924, 2582
43718, -5609, -191944, 2580
43722, -5610, -191967, 2579
43725, -5611, -191995, 2578
43728, -5613, -192023, 2575
43732, -5614, -192054, 2576
43737, -5615, -192077, 2574
43741, -5617, -192101, 2572
43744, -5618, -192128, 2571
43748, -5619, -192159, 2569
43753, -5621, -192181, 2568
43756, -5622, -192201, 2568
43760, -5623, -192227, 2566
43764, -5625, -192266, 2564
43769, -5626, -192301, 2560
43773, -5628, -192327, 2562
43777, -5629, -192350, 2562
43781, -5630, -192374, 2560
43785, -5631, -192404, 2557
43789, -5632, -192438, 2556
43793, -5634, -192458, 2554
43796, -5635, -192486, 2554
43801, -5637, -192512, 2553
43805, -5638, -192546, 2550
43808, -5639, -192585, 2550
43813, -5640, -192610, 2549
43817, -5641, -192635, 2550
43821, -5643, -192661, 2546
43825, -5644, -192689, 2543
43828, -5646, -192716, 2542
43832, -5647, -192742, 2543
43835, -5648, -192765, 2543
43839, -5649, -192789, 2541
43842, -5650, -192814, 2539
43846, -5651, -192843, 2536
43849, -5653, -192874, 2535
43853, -5654, -192899, 2536
43857, -5655, -192921, 2535
43861, -5657, -192945, 2532
43865, -5658, -192980, 2531
43869, -5659, -193018, 2528
43873, -5661, -193045, 2528
43877, -5662, -193070, 2529
43881, -5663, -193099, 2526
43884, -5664, -193130, 2525
43888, -5666, -193163, 2522
43892, -5667, -193191, 2522
43896, -5668, -193219, 2522
43900, -5669, -193247, 2521
43904, -5671, -193291, 2518
43909, -5672, -193326, 2515
43913, -5673, -193356, 2515
43917, -5675, -193381, 2514
43921, -5676, -193406, 2514
43925, -5678, -193447, 2511
43929, -5679, -193479, 2510
43933, -5680, -193511, 2509
43937, -5681, -193535, 2509
43940, -5682, -193563, 2508
43944, -5684, -193594, 2504
43948, -5685, -193626, 2502
43951, -5687, -193653, 2502
43954, -5688, -193675, 2502
43957, -5689, -193697, 2501
43961, -5690, -193723, 2499
43964, -5691, -193769, 2497
43969, -5693, -193800, 2494
43972, -5695, -193828, 2494
43975, -5696, -193853, 2495
43979, -5697, -193884, 2494
43983, -5698, -193915, 2491
43987, -5699, -193962, 2489
43991, -5700, -193992, 2488
43995, -5702, -194022, 2487
43999, -5703, -194050, 2487
44003, -5704, -194083, 2485
44006, -5706, -194117, 2483
44009, -5707, -194152, 2482
44013, -5708, -194179, 2481
44017, -5709, -194212, 2481
44021, -5711, -194243, 2478
44025, -5712, -194284, 2476
44029, -5713, -194324, 2476
44033, -5714, -194362, 2476
44037, -5716, -194397, 2474
44042, -5717, -194427, 2472
44046, -5718, -194467, 2469
44049, -5720, -194501, 2468
44052, -5721, -194533, 2469
44056, -5722, -194559, 2468
44059, -5723, -194590, 2467
44063, -5724, -194628, 2465
44067, -5725, -194666, 2462
44070, -5727, -194701, 2463
44074, -5728, -194728, 2462
44077, -5729, -194756, 2460
44081, -5730, -194786, 2459
44084, -5731, -194824, 2459
44088, -5732, -194867, 2456
44091, -5734, -194901, 2456
44095, -5735, -194929, 2455
44098, -5736, -194958, 2454
44102, -5737, -194992, 2453
44105, -5738, -195039, 2451
44109, -5739, -195079, 2449
44113, -5740, -195117, 2449
44117, -5742, -195151, 2447
44121, -5743, -195184, 2448
44124, -5744, -195226, 2446
44128, -5745, -195271, 2442
44132, -5747, -195308, 2442
44135, -5748, -195347, 2442
44140, -5750, -195384, 2438
44143, -5751, -195435, 2437
44148, -5753, -195490, 2436
44153, -5754, -195529, 2435
44157, -5755, -195562, 2435
44160, -5756, -195596, 2433
44164, -5758, -195636, 2431
44167, -5759, -195678, 2428
44170, -5761, -195716, 2428
44174, -5762, -195749, 2429
44177, -5763, -195782, 2429
44181, -5764, -195818, 2425
44184, -5765, -195860, 2423
44188, -5766, -195908, 2422
44191, -5768, -195943, 2421
44194, -5769, -195977, 2422
44198, -5770, -196011, 2421
44201, -5770, -196052, 2420
44205, -5772, -196097, 2416
44208, -5773, -196143, 2416
44211, -5774, -196193, 2415
44216, -5775, -196232, 2414
44220, -5776, -196270, 2415
44224, -5777, -196317, 2411
44227, -5779, -196380, 2408
44232, -5780, -196430, 2409
44236, -5781, -196465, 2408
44239, -5783, -196509, 2406
44243, -5784, -196562, 2406
44248, -5785, -196626, 2402
44253, -5787, -196672, 2402
44256, -5788, -196710, 2402
44260, -5790, -196756, 2398
44263, -5792, -196820, 2396
44268, -5793, -196874, 2395
44272, -5794, -196919, 2396
44275, -5796, -196958, 2395
44279, -5796, -196997, 2394
44282, -5797, -197041, 2392
44285, -5799, -197098, 2388
44289, -5800, -197148, 2388
44293, -5802, -197192, 2387
44296, -5803, -197231, 2388
44299, -5804, -197275, 2387
44303, -5805, -197342, 2384
44308, -5806, -197400, 2381
44311, -5807, -197466, 2381
44316, -5809, -197512, 2381
44320, -5810, -197561, 2380
44324, -5812, -197619, 2376
44327, -5813, -197692, 2374
44332, -5814, -197743, 2376
44335, -5816, -197802, 2374
44340, -5817, -197854, 2373
44344, -5818, -197922, 2372
44348, -5819, -197984, 2369
44351, -5820, -198034, 2368
44355, -5822, -198087, 2368
44359, -5823, -198140, 2367
44363, -5824, -198199, 2365
44367, -5826, -198273, 2362
44371, -5827, -198336, 2362
44375, -5828, -198388, 2362
44378, -5829, -198442, 2360
44383, -5831, -198496, 2359
44386, -5832, -198558, 2356
44389, -5833, -198616, 2355
44392, -5835, -198664, 2355
44396, -5836, -198707, 2355
44399, -5837, -198757, 2353
44403, -5838, -198821, 2351
44407, -5839, -198889, 2349
44410, -5840, -198949, 2349
44414, -5842, -198996, 2348
44417, -5843, -199047, 2348
44422, -5844, -199103, 2346
44425, -5845, -199167, 2343
44429, -5846, -199239, 2342
44433, -5847, -199307, 2342
44438, -5849, -199367, 2341
44443, -5851, -199430, 2337
44447, -5852, -199495, 2337
44451, -5853, -199550, 2335
44454, -5855, -199606, 2335
44458, -5856, -199657, 2333
44463, -5857, -199729, 2331
44467, -5859, -199810, 2328
44472, -5861, -199862, 2327
44476, -5862, -199911, 2327
44480, -5864, -199957, 2326
44484, -5865, -200028, 2324
44488, -5866, -200087, 2322
44492, -5868, -200137, 2321
44495, -5869, -200176, 2320
44499, -5870, -200217, 2319
44502, -5872, -200261, 2317
44505, -5873, -200314, 2317
44509, -5874, -200365, 2314
44512, -5875, -200410, 2316
44515, -5876, -200448, 2314
44519, -5877, -200500, 2313
44524, -5878, -200551, 2310
44527, -5879, -200610, 2309
44531, -5881, -200657, 2308
44534, -5882, -200711, 2308
44539, -5883, -200762, 2306
44543, -5885, -200823, 2303
44548, -5886, -200895, 2302
44553, -5887, -200940, 2302
44557, -5889, -200980, 2300
44560, -5890, -201018, 2299
44563, -5891, -201067, 2298
44567, -5893, -201123, 2295
44571, -5894, -201173, 2296
44575, -5895, -201213, 2296
44578, -5896, -201249, 2294
44582, -5897, -201293, 2291
44586, -5898, -201345, 2289
44589, -5900, -201388, 2289
44592, -5901, -201426, 2288
44596, -5903, -201463, 2288
44599, -5903, -201499, 2287
44603, -5905, -201549, 2283
44607, -5906, -201605, 2282
44611, -5907, -201646, 2282
44614, -5909, -201683, 2281
44617, -5910, -201715, 2280
44621, -5911, -201750, 2278
44624, -5912, -201792, 2276
44627, -5914, -201843, 2275
44631, -5915, -201894, 2274
44636, -5916, -201940, 2274
44640, -5918, -201977, 2271
44644, -5919, -202018, 2270
44647, -5920, -202072, 2268
44652, -5922, -202111, 2267
44655, -5923, -202144, 2268
44659, -5924, -202177, 2266
44662, -5925, -202222, 2264
44666, -5926, -202276, 2262
44670, -5927, -202315, 2261
44674, -5929, -202346, 2261
44677, -5930, -202376, 2260
44680, -5931, -202407, 2260
44684, -5932, -202451, 2256
44687, -5933, -202497, 2255
44691, -5935, -202533, 2253
44694, -5936, -202570, 2254
44698, -5938, -202609, 2252
44703, -5939, -202652, 2251
44706, -5940, -202699, 2249
44710, -5941, -202741, 2247
44713, -5942, -202776, 2247
44717, -5944, -202816, 2245
44722, -5945, -202852, 2244
44725, -5947, -202893, 2240
44729, -5948, -202933, 2241
44732, -5949, -202968, 2242
44735, -5950, -202997, 2241
44739, -5951, -203030, 2239
44743, -5952, -203071, 2237
44746, -5953, -203114, 2234
44750, -5955, -203152, 2233
44753, -5956, -203193, 2233
44758, -5958, -203224, 2232
44762, -5959, -203271, 2230
44766, -5960, -203325, 2228
44771, -5961, -203360, 2228
44774, -5963, -203392, 2226
44778, -5964, -203424, 2227
44782, -5965, -203463, 2223
44787, -5967, -203513, 2220
44790, -5968, -203551, 2221
44794, -5969, -203588, 2221
44798, -5971, -203627, 2219
44803, -5972, -203661, 2217
44806, -5973, -203708, 2214
44810, -5975, -203746, 2213
44813, -5976, -203781, 2213
44818, -5978, -203821, 2212
44823, -5979, -203860, 2209
44827, -5981, -203902, 2207
44830, -5982, -203937, 2207
44834, -5983, -203966, 2207
44837, -5985, -203993, 2205
44840, -5986, -204022, 2204
44844, -5986, -204059, 2203
44848, -5988, -204101, 2199
44851, -5990, -204135, 2199
44855, -5991, -204164, 2200
44859, -5992, -204196, 2198
44863, -5993, -204229, 2196
44866, -5994, -204268, 2194
44870, -5995, -204307, 2194
44874, -5997, -204339, 2193
44877, -5998, -204368, 2192
44881, -5999, -204395, 2191
44884, -6000, -204441, 2189
44889, -6001, -204481, 2186
44893, -6003, -204521, 2186
44897, -6004, -204555, 2185
44901, -6006, -204588, 2184
44905, -6008, -204625, 2179
44908, -6009, -204659, 2180
44912, -6010, -204691, 2179
44916, -6012, -204725, 2178
44921, -6013, -204758, 2177
44924, -6014, -204797, 2175
44928, -6015, -204842, 2172
44933, -6017, -204884, 2172
44938, -6018, -204915, 2173
44942, -6019, -204948, 2170
44946, -6021, -204984, 2165
44949, -6022, -205018, 2166
44953, -6023, -205048, 2167
44956, -6025, -205074, 2164
44959, -6026, -205103, 2164
44963, -6027, -205132, 2161
44966, -6028, -205167, 2160
44970, -6030, -205197, 2160
44974, -6031, -205224, 2159
44977, -6032, -205249, 2157
44980, -6033, -205277, 2155
44984, -6035, -205319, 2154
44988, -6036, -205353, 2153
44991, -6038, -205381, 2151
44995, -6039, -205415, 2152
45000, -6040, -205441, 2149
45004, -6041, -205476, 2147
45007, -6043, -205521, 2145
45012, -6044, -205555, 2145
45015, -6045, -205584, 2145
45019, -6047, -205612, 2143
45023, -6048, -205641, 2141
45027, -6049, -205687, 2139
45032, -6050, -205722, 2138
45036, -6052, -205747, 2135
45039, -6054, -205774, 2135
45043, -6055, -205805, 2134
45046, -6057, -205840, 2132
45050, -6058, -205870, 2132
45053, -6059, -205895, 2132
45056, -6059, -205918, 2132
45060, -6060, -205941, 2130
45063, -6061, -205976, 2128
45067, -6062, -206011, 2124
45071, -6064, -206039, 2126
45074, -6065, -206066, 2123
45078, -6067, -206103, 2123
45082, -6068, -206136, 2120
45086, -6070, -206170, 2118
45090, -6071, -206199, 2117
45093, -6073, -206225, 2117
45097, -6074, -206255, 2116
45102, -6075, -206285, 2114
45105, -6076, -206320, 2112
45109, -6078, -206360, 2110
45113, -6079, -206393, 2112
45118, -6080, -206421, 2108
45122, -6081, -206450, 2109
45126, -6083, -206487, 2104
45131, -6084, -206517, 2103
45134, -6086, -206542, 2103
45138, -6088, -206568, 2101
45142, -6089, -206603, 2102
45146, -6091, -206638, 2096
45150, -6092, -206668, 2097
45153, -6093, -206692, 2097
45157, -6094, -206714, 2096
45160, -6096, -206737, 2094
45164, -6096, -206766, 2092
45167, -6098, -206799, 2090
45170, -6099, -206829, 2091
45174, -6100, -206854, 2091
45177, -6101, -206878, 2090
45181, -6102, -206905, 2086
45184, -6103, -206944, 2084
45189, -6105, -206977, 2084
45193, -6106, -206999, 2083
45196, -6108, -207022, 2082
45200, -6109, -207046, 2080
45203, -6110, -207075, 2079
45206, -6112, -207111, 2075
45210, -6113, -207139, 2076
45213, -6114, -207166, 2077
45217, -6115, -207189, 2075
45221, -6116, -207217, 2073
45225, -6117, -207251, 2071
45229, -6118, -207281, 2070
45232, -6120, -207308, 2069
45236, -6122, -207341, 2067
45241, -6123, -207369, 2065
45244, -6125, -207400, 2064
45248, -6126, -207433, 2062
45252, -6128, -207466, 2061
45256, -6129, -207489, 2062
45259, -6130, -207513, 2061
45263, -6131, -207537, 2058
45266, -6132, -207571, 2055
45270, -6133, -207599, 2056
45273, -6135, -207623, 2055
45276, -6136, -207645, 2055
45280, -6137, -207668, 2054
45283, -6137, -207698, 2052
45287, -6139, -207735, 2048
45291, -6140, -207763, 2050
45295, -6141, -207791, 2048
45299, -6142, -207816, 2048
45303, -6144, -207852, 2046
45307, -6145, -207887, 2042
45311, -6146, -207917, 2042
45314, -6147, -207947, 2043
45319, -6149, -207970, 2041
45323, -6150, -207999, 2038
45326, -6152, -208038, 2036
45331, -6153, -208067, 2035
45334, -6155, -208095, 2035
45339, -6156, -208125, 2033
45343, -6158, -208164, 2031
45348, -6159, -208207, 2028
45353, -6161, -208236, 2028
45357, -6162, -208266, 2026
45361, -6164, -208292, 2026
45365, -6165, -208335, 2023
45370, -6167, -208367, 2022
45373, -6168, -208392, 2022
45376, -6169, -208414, 2022
45380, -6170, -208436, 2019
45383, -6171, -208465, 2017
45387, -6173, -208497, 2015
45390, -6174, -208520, 2016
45394, -6175, -208544, 2016
45398, -6176, -208569, 2013
45402, -6177, -208596, 2011
45405, -6179, -208630, 2009
45408, -6180, -208663, 2009
45412, -6182, -208691, 2008
45415, -6183, -208713, 2007
45419, -6184, -208738, 2005
45422, -6185, -208763, 2002
45426, -6187, -208791, 2001
45429, -6189, -208818, 2000
45432, -6190, -208842, 2001
45436, -6191, -208865, 1999
45439, -6192, -208889, 1999
45442, -6192, -208915, 1997
45446, -6193, -208946, 1995
45449, -6195, -208976, 1995
45452, -6196, -208999, 1994
45456, -6197, -209021, 1993
45459, -6198, -209043, 1992
45462, -6199, -209069, 1990
45466, -6200, -209103, 1987
45469, -6202, -209133, 1987
45473, -6203, -209159, 1986
45476, -6204, -209182, 1987
45480, -6205, -209205, 1985
45483, -6206, -209230, 1983
45486, -6207, -209263, 1980
45490, -6209, -209295, 1980
45494, -6210, -209318, 1979
45498, -6211, -209342, 1979
45501, -6213, -209375, 1977
45505, -6214, -209414, 1973
45509, -6215, -209445, 1973
45513, -6217, -209469, 1973
45516, -6218, -209500, 1973
45521, -6219, -209525, 1970
45525, -6220, -209567, 1968
45529, -6221, -209600, 1967
45533, -6223, -209633, 1965
45538, -6225, -209659, 1964
45542, -6226, -209693, 1964
45546, -6228, -209730, 1959
45550, -6229, -209760, 1959
45553, -6231, -209789, 1959
45558, -6232, -209816, 1958
45562, -6233, -209842, 1956
45565, -6235, -209885, 1953
45570, -6236, -209919, 1953
45574, -6237, -209946, 1953
45578, -6239, -209972, 1950
45581, -6240, -210004, 1949
45585, -6242, -210045, 1944
45590, -6243, -210082, 1945
45595, -6245, -210108, 1944
45598, -6246, -210131, 1944
45602, -6248, -210156, 1943
45605, -6249, -210189, 1938
45608, -6250, -210221, 1938
45612, -6252, -210247, 1936
45615, -6253, -210273, 1938
45619, -6254, -210299, 1937
45622, -6255, -210324, 1934
45626, -6256, -210358, 1932
45629, -6257, -210394, 1932
45634, -6259, -210425, 1930
45638, -6260, -210454, 1931
45642, -6261, -210486, 1927
45645, -6263, -210519, 1923
45649, -6265, -210549, 1924
45652, -6266, -210573, 1924
45656, -6268, -210595, 1922
45659, -6269, -210620, 1922
45663, -6269, -210653, 1920
45666, -6270, -210700, 1918
45671, -6272, -210732, 1916
45675, -6273, -210768, 1917
45679, -6274, -210793, 1916
45683, -6276, -210829, 1912
45688, -6277, -210862, 1910
45691, -6279, -210897, 1910
45695, -6280, -210930, 1911
45700, -6282, -210957, 1907
45703, -6283, -210988, 1907
45707, -6284, -211022, 1903
45710, -6285, -211053, 1903
45714, -6287, -211079, 1903
45717, -6288, -211105, 1902
45721, -6289, -211133, 1900
45724, -6291, -211169, 1897
45728, -6292, -211208, 1896
45732, -6294, -211243, 1895
45737, -6295, -211274, 1894
45741, -6297, -211304, 1892
45745, -6298, -211349, 1890
45749, -6300, -211384, 1889
45753, -6301, -211414, 1890
45757, -6302, -211444, 1887
45761, -6303, -211473, 1887
45764, -6304, -211505, 1884
45768, -6306, -211543, 1881
45771, -6307, -211576, 1882
45775, -6309, -211602, 1881
45779, -6310, -211630, 1880
45783, -6312, -211671, 1876
45787, -6313, -211715, 1874
45791, -6314, -211747, 1875
45794, -6316, -211774, 1874
45798, -6317, -211801, 1873
45802, -6318, -211844, 1871
45807, -6319, -211882, 1868
45810, -6321, -211912, 1866
45813, -6323, -211940, 1867
45817, -6324, -211966, 1867
45820, -6325, -211995, 1867
45824, -6326, -212026, 1863
45827, -6327, -212063, 1860
45831, -6328, -212100, 1861
45835, -6329, -212134, 1860
45839, -6331, -212164, 1858
45843, -6332, -212195, 1857
45846, -6334, -212243, 1853
45851, -6336, -212285, 1852
45855, -6337, -212314, 1852
45859, -6339, -212350, 1850
45863, -6340, -212390, 1849
45867, -6342, -212444, 1846
45872, -6343, -212474, 1845
45876, -6345, -212514, 1845
45881, -6346, -212553, 1843
45885, -6348, -212602, 1839
45890, -6350, -212635, 1838
45893, -6351, -212674, 1839
45898, -6352, -212708, 1838
45902, -6354, -212742, 1836
45906, -6355, -212780, 1831
45909, -6357, -212826, 1831
45914, -6358, -212858, 1832
45917, -6359, -212896, 1831
45922, -6361, -212928, 1828
45925, -6362, -212967, 1826
45929, -6363, -213004, 1825
45932, -6365, -213036, 1825
45935, -6366, -213066, 1825
45939, -6367, -213095, 1823
45942, -6368, -213128, 1821
45946, -6369, -213168, 1818
45949, -6371, -213204, 1818
45953, -6372, -213238, 1818
45956, -6373, -213265, 1816
45960, -6375, -213299, 1815
45963, -6376, -213345, 1813
45968, -6377, -213388, 1811
45972, -6379, -213426, 1810
45976, -6380, -213459, 1810
45979, -6381, -213499, 1808
45984, -6382, -213538, 1807
45987, -6384, -213578, 1802
45991, -6385, -213620, 1805
45994, -6387, -213659, 1803
45999, -6388, -213693, 1802
46003, -6389, -213730, 1800
46006, -6390, -213781, 1796
46011, -6392, -213827, 1796
46015, -6393, -213859, 1797
46019, -6395, -213894, 1795
46022, -6396, -213937, 1793
46027, -6398, -213995, 1789
46031, -6399, -214033, 1789
46035, -6401, -214064, 1789
46038, -6402, -214096, 1788
46042, -6403, -214134, 1787
46045, -6404, -214177, 1784
46049, -6406, -214220, 1782
46052, -6407, -214255, 1782
46055, -6408, -214286, 1781
46059, -6410, -214321, 1780
46063, -6411, -214362, 1779
46066, -6412, -214423, 1775
46071, -6414, -214469, 1775
46075, -6415, -214506, 1774
46079, -6416, -214540, 1774
46082, -6418, -214579, 1772
46086, -6419, -214643, 1768
46091, -6421, -214694, 1767
46095, -6422, -214727, 1767
46099, -6424, -214763, 1766
46103, -6425, -214808, 1763
46106, -6427, -214867, 1760
46111, -6428, -214909, 1760
46115, -6430, -214951, 1759
46119, -6431, -214987, 1759
46123, -6433, -215033, 1757
46127, -6434, -215085, 1754
46131, -6435, -215123, 1754
46134, -6436, -215157, 1755
46138, -6437, -215194, 1753
46142, -6438, -215230, 1751
46145, -6440, -215272, 1747
46148, -6441, -215315, 1746
46152, -6443, -215350, 1747
46155, -6444, -215380, 1746
46158, -6445, -215412, 1745
46162, -6446, -215445, 1742
46165, -6448, -215506, 1740
46170, -6449, -215546, 1739
46173, -6451, -215579, 1739
46177, -6452, -215615, 1740
46181, -6453, -215659, 1737
46186, -6454, -215716, 1731
46190, -6456, -215758, 1732
46194, -6457, -215801, 1733
46199, -6459, -215833, 1731
46202, -6460, -215880, 1729
46207, -6462, -215927, 1725
46211, -6463, -215965, 1726
46215, -6464, -215998, 1726
46219, -6466, -216029, 1723
46222, -6467, -216062, 1721
46226, -6469, -216101, 1719
46229, -6470, -216135, 1718
46232, -6472, -216170, 1718
46236, -6473, -216198, 1718
46239, -6474, -216227, 1715
46243, -6475, -216259, 1716
46246, -6476, -216300, 1709
46250, -6478, -216335, 1712
46254, -6479, -216366, 1710
46257, -6480, -216392, 1710
46260, -6482, -216422, 1708
46264, -6482, -216455, 1706
46267, -6484, -216491, 1704
46271, -6486, -216523, 1702
46274, -6487, -216552, 1703
46278, -6488, -216580, 1702
46281, -6489, -216623, 1701
46286, -6491, -216659, 1697
46289, -6492, -216690, 1697
46293, -6493, -216725, 1697
46297, -6494, -216754, 1696
46301, -6495, -216784, 1695
46305, -6496, -216825, 1691
46309, -6498, -216861, 1689
46312, -6500, -216892, 1688
46316, -6501, -216919, 1690
46319, -6503, -216944, 1687
46323, -6503, -216977, 1687
46327, -6504, -217021, 1684
46331, -6506, -217055, 1682
46335, -6507, -217085, 1682
46339, -6508, -217110, 1681
46342, -6510, -217139, 1678
46346, -6512, -217183, 1676
46350, -6513, -217212, 1675
46354, -6515, -217237, 1675
46357, -6516, -217260, 1673
46360, -6517, -217286, 1673
46364, -6518, -217319, 1671
46368, -6520, -217352, 1667
46371, -6521, -217384, 1668
46375, -6522, -217410, 1668
46379, -6524, -217435, 1666
46382, -6525, -217469, 1664
46387, -6526, -217504, 1661
46391, -6528, -217536, 1661
46395, -6529, -217564, 1660
46398, -6531, -217596, 1659
46403, -6532, -217627, 1657
46407, -6533, -217665, 1654
46411, -6535, -217693, 1655
46414, -6536, -217722, 1653
46419, -6537, -217748, 1652
46423, -6539, -217779, 1650
46427, -6540, -217812, 1647
46430, -6542, -217846, 1647
46435, -6543, -217876, 1648
46439, -6544, -217901, 1645
46443, -6546, -217927, 1643
46446, -6547, -217966, 1640
46451, -6548, -217994, 1640
46455, -6550, -218019, 1640
46458, -6552, -218041, 1637
46462, -6553, -218065, 1637
46465, -6554, -218096, 1633
46469, -6556, -218124, 1632
46472, -6557, -218149, 1632
46476, -6559, -218171, 1630
46479, -6560, -218193, 1631
46483, -6561, -218227, 1628
46488, -6562, -218264, 1627
46492, -6563, -218287, 1626
46495, -6564, -218311, 1626
46499, -6565, -218333, 1624
46502, -6567, -218358, 1622
46506, -6568, -218388, 1618
46509, -6570, -218423, 1618
46514, -6571, -218452, 1619
46519, -6573, -218473, 1617
46522, -6574, -218496, 1616
46526, -6575, -218528, 1612
46529, -6577, -218561, 1610
46534, -6579, -218584, 1610
46538, -6580, -218607, 1610
46542, -6581, -218633, 1609
46546, -6583, -218668, 1605
46550, -6584, -218699, 1604
46554, -6585, -218719, 1605
46558, -6587, -218742, 1602
46562, -6588, -218773, 1602
46566, -6590, -218803, 1597
46570, -6591, -218829, 1597
46574, -6593, -218850, 1595
46577, -6594, -218869, 1595
46580, -6596, -218889, 1595
46584, -6597, -218912, 1592
46587, -6598, -218939, 1590
46590, -6599, -218963, 1590
46594, -6600, -218986, 1590
46598, -6601, -219008, 1589
46602, -6603, -219032, 1586
46605, -6604, -219057, 1584
46609, -6605, -219081, 1583
46612, -6607, -219103, 1583
46616, -6608, -219128, 1582
46620, -6609, -219151, 1581
46624, -6610, -219184, 1578
46629, -6612, -219210, 1575
46632, -6613, -219235, 1575
46636, -6615, -219257, 1574
46641, -6616, -219279, 1575
46644, -6617, -219304, 1572
46647, -6618, -219330, 1570
46651, -6620, -219354, 1569
46654, -6621, -219373, 1569
46658, -6622, -219394, 1567
46662, -6624, -219415, 1565
46665, -6625, -219440, 1563
46668, -6626, -219464, 1562
46672, -6628, -219485, 1562
46675, -6629, -219505, 1562
46679, -6630, -219524, 1560
46682, -6631, -219544, 1559
46686, -6632, -219569, 1557
46689, -6633, -219592, 1555
46692, -6634, -219612, 1556
46696, -6635, -219630, 1554
46699, -6637, -219649, 1553
46702, -6638, -219669, 1550
46706, -6639, -219694, 1548
46709, -6641, -219719, 1548
46713, -6642, -219738, 1548
46716, -6643, -219755, 1547
46719, -6644, -219774, 1546
46723, -6645, -219796, 1543
46726, -6646, -219820, 1542
46730, -6648, -219842, 1541
46733, -6649, -219861, 1541
46736, -6650, -219881, 1540
46741, -6651, -219903, 1538
46744, -6653, -219927, 1534
46748, -6654, -219952, 1534
46751, -6656, -219973, 1534
46754, -6657, -219991, 1533
46758, -6658, -220008, 1532
46761, -6659, -220027, 1529
46765, -6661, -220050, 1527
46768, -6662, -220074, 1525
46771, -6664, -220100, 1525
46776, -6665, -220117, 1525
46779, -6666, -220134, 1525
46783, -6667, -220157, 1523
46786, -6668, -220183, 1518
46790, -6670, -220207, 1519
46794, -6671, -220225, 1520
46797, -6672, -220244, 1518
46801, -6673, -220263, 1517
46804, -6674, -220284, 1515
46807, -6675, -220308, 1512
46811, -6677, -220330, 1512
46814, -6678, -220347, 1511
46818, -6679, -220366, 1511
46821, -6680, -220385, 1510
46825, -6681, -220407, 1507
46828, -6683, -220431, 1504
46831, -6684, -220454, 1504
46835, -6686, -220472, 1505
46839, -6687, -220490, 1504
46842, -6688, -220509, 1502
46846, -6689, -220532, 1498
46849, -6690, -220554, 1497
46852, -6692, -220573, 1496
46856, -6694, -220589, 1497
46859, -6695, -220607, 1497
46862, -6695, -220626, 1496
46866, -6696, -220650, 1492
46869, -6697, -220672, 1489
46873, -6699, -220691, 1489
46876, -6700, -220708, 1490
46880, -6702, -220728, 1488
46883, -6703, -220748, 1486
46887, -6704, -220770, 1483
46890, -6705, -220791, 1484
46893, -6707, -220810, 1482
46897, -6708, -220827, 1482
46900, -6709, -220845, 1481
46904, -6710, -220866, 1480
46907, -6711, -220889, 1477
46910, -6712, -220908, 1476
46914, -6714, -220924, 1476
46917, -6715, -220940, 1476
46920, -6716, -220957, 1474
46923, -6717, -220975, 1472
46927, -6718, -221002, 1470
46931, -6719, -221022, 1470
46934, -6720, -221038, 1470
46937, -6721, -221054, 1469
46940, -6722, -221072, 1467
46944, -6723, -221092, 1465
46947, -6725, -221115, 1462
46950, -6727, -221135, 1462
46953, -6728, -221152, 1461
46957, -6729, -221168, 1462
46960, -6730, -221186, 1460
46963, -6731, -221212, 1458
46968, -6732, -221236, 1456
46971, -6734, -221256, 1454
46975, -6735, -221272, 1454
46978, -6736, -221288, 1454
46981, -6738, -221306, 1452
46985, -6739, -221333, 1450
46989, -6740, -221356, 1448
46992, -6741, -221374, 1448
46996, -6743, -221394, 1446
47000, -6744, -221411, 1445
47003, -6745, -221430, 1444
47006, -6747, -221454, 1442
47010, -6748, -221476, 1441
47013, -6749, -221494, 1441
47017, -6750, -221510, 1440
47020, -6751, -221528, 1437
47023, -6753, -221545, 1436
47027, -6754, -221572, 1433
47031, -6756, -221594, 1434
47034, -6757, -221611, 1435
47038, -6758, -221628, 1432
47041, -6759, -221646, 1431
47044, -6759, -221668, 1429
47048, -6761, -221691, 1427
47051, -6763, -221709, 1426
47055, -6764, -221725, 1426
47058, -6765, -221741, 1426
47061, -6766, -221760, 1424
47064, -6767, -221788, 1421
47069, -6768, -221810, 1420
47072, -6770, -221829, 1419
47076, -6771, -221848, 1419
47080, -6773, -221872, 1416
47084, -6774, -221893, 1416
47088, -6775, -221917, 1412
47091, -6777, -221937, 1412
47095, -6778, -221958, 1411
47100, -6779, -221984, 1410
47105, -6781, -222015, 1407
47109, -6782, -222038, 1406
47113, -6784, -222061, 1405
47117, -6785, -222080, 1405
47121, -6787, -222098, 1402
47125, -6788, -222124, 1399
47129, -6790, -222147, 1398
47132, -6791, -222165, 1398
47135, -6793, -222181, 1397
47139, -6794, -222198, 1396
47142, -6795, -222216, 1395
47145, -6796, -222239, 1393
47149, -6797, -222262, 1391
47152, -6798, -222282, 1391
47156, -6800, -222300, 1390
47159, -6801, -222319, 1389
47163, -6802, -222345, 1386
47168, -6804, -222377, 1384
47172, -6805, -222396, 1383
47176, -6807, -222413, 1383
47179, -6808, -222433, 1383
47183, -6809, -222456, 1379
47187, -6811, -222480, 1377
47191, -6812, -222503, 1377
47194, -6813, -222522, 1377
47198, -6815, -222540, 1375
47202, -6816, -222563, 1373
47206, -6817, -222587, 1370
47209, -6819, -222615, 1370
47214, -6820, -222637, 1370
47219, -6822, -222657, 1366
47223, -6823, -222676, 1365
47226, -6825, -222699, 1363
47229, -6826, -222720, 1362
47233, -6828, -222739, 1364
47236, -6828, -222757, 1362
47240, -6829, -222775, 1361
47243, -6830, -222794, 1358
47247, -6831, -222818, 1357
47251, -6833, -222845, 1355
47255, -6834, -222864, 1355
47259, -6836, -222883, 1353
47263, -6838, -222901, 1350
47266, -6839, -222922, 1349
47269, -6841, -222941, 1348
47272, -6842, -222957, 1348
47276, -6843, -222972, 1347
47279, -6844, -222988, 1347
47282, -6845, -223006, 1344
47285, -6846, -223032, 1342
47289, -6847, -223054, 1341
47292, -6848, -223072, 1342
47296, -6850, -223090, 1341
47300, -6851, -223111, 1339
47303, -6852, -223134, 1337
47307, -6853, -223159, 1334
47311, -6854, -223182, 1335
47315, -6856, -223201, 1334
47318, -6857, -223217, 1331
47322, -6858, -223243, 1332
47326, -6860, -223276, 1326
47331, -6862, -223304, 1326
47335, -6863, -223322, 1326
47338, -6864, -223340, 1326
47342, -6866, -223359, 1323
47346, -6867, -223384, 1321
47349, -6868, -223407, 1320
47352, -6870, -223425, 1320
47355, -6871, -223441, 1319
47359, -6872, -223460, 1319
47363, -6873, -223485, 1315
47366, -6875, -223511, 1312
47370, -6876, -223537, 1312
47374, -6877, -223555, 1313
47377, -6879, -223581, 1311
47382, -6880, -223604, 1310
47386, -6881, -223631, 1306
47390, -6883, -223655, 1305
47394, -6884, -223679, 1306
47398, -6885, -223697, 1305
47402, -6887, -223725, 1302
47406, -6888, -223753, 1298
47410, -6890, -223779, 1299
47414, -6891, -223801, 1299
47418, -6893, -223825, 1297
47422, -6894, -223849, 1294
47426, -6896, -223883, 1291
47431, -6897, -223905, 1291
47434, -6899, -223928, 1290
47439, -6900, -223950, 1290
47443, -6902, -223971, 1287
47446, -6903, -223998, 1284
47450, -6905, -224022, 1284
47453, -6906, -224041, 1285
47456, -6907, -224061, 1282
47460, -6909, -224083, 1280
47464, -6910, -224106, 1279
47468, -6911, -224142, 1277
47472, -6912, -224164, 1278
47476, -6914, -224183, 1276
47479, -6915, -224208, 1275
47484, -6916, -224236, 1273
47488, -6917, -224264, 1270
47492, -6919, -224287, 1270
47495, -6920, -224306, 1269
47498, -6921, -224326, 1269
47502, -6923, -224348, 1266
47505, -6924, -224372, 1263
47508, -6926, -224397, 1262
47512, -6927, -224418, 1262
47516, -6928, -224438, 1263
47519, -6929, -224459, 1261
47523, -6930, -224484, 1258
47526, -6932, -224514, 1256
47530, -6933, -224549, 1256
47535, -6934, -224575, 1255
47540, -6936, -224598, 1253
47543, -6937, -224631, 1251
47548, -6939, -224658, 1248
47551, -6941, -224685, 1248
47556, -6942, -224704, 1248
47559, -6943, -224723, 1246
47563, -6945, -224746, 1245
47566, -6946, -224774, 1241
47569, -6947, -224800, 1242
47573, -6949, -224824, 1241
47576, -6950, -224844, 1240
47580, -6951, -224874, 1238
47585, -6952, -224911, 1236
47590, -6954, -224941, 1234
47593, -6955, -224964, 1236
47597, -6956, -224986, 1233
47601, -6957, -225011, 1232
47605, -6959, -225042, 1228
47609, -6960, -225072, 1228
47612, -6962, -225104, 1226
47617, -6964, -225128, 1226
47620, -6965, -225149, 1224
47624, -6967, -225173, 1220
47628, -6968, -225206, 1220
47631, -6970, -225237, 1220
47636, -6971, -225258, 1220
47639, -6972, -225281, 1217
47643, -6973, -225318, 1214
47647, -6975, -225348, 1214
47651, -6976, -225372, 1212
47654, -6978, -225394, 1212
47658, -6979, -225414, 1211
47661, -6980, -225438, 1210
47665, -6981, -225477, 1207
47670, -6982, -225511, 1206
47673, -6984, -225536, 1205
47677, -6985, -225557, 1204
47680, -6987, -225583, 1202
47684, -6988, -225610, 1200
47687, -6990, -225641, 1198
47691, -6991, -225668, 1199
47694, -6992, -225695, 1197
47699, -6994, -225717, 1196
47702, -6995, -225743, 1195
47706, -6996, -225778, 1192
47710, -6997, -225812, 1191
47714, -6998, -225843, 1192
47718, -7000, -225865, 1190
47721, -7001, -225895, 1189
47726, -7002, -225934, 1184
47730, -7004, -225963, 1185
47734, -7005, -225987, 1185
47738, -7006, -226009, 1183
47741, -7008, -226040, 1182
47746, -7009, -226083, 1178
47750, -7010, -226116, 1178
47754, -7012, -226141, 1178
47758, -7013, -226163, 1176
47761, -7015, -226189, 1175
47765, -7016, -226218, 1172
47768, -7017, -226248, 1172
47771, -7019, -226273, 1170
47775, -7020, -226296, 1171
47778, -7020, -226319, 1171
47782, -7021, -226343, 1168
47785, -7023, -226373, 1165
47788, -7024, -226403, 1164
47791, -7025, -226426, 1165
47795, -7027, -226447, 1163
47798, -7027, -226468, 1164
47801, -7028, -226491, 1162
47805, -7029, -226521, 1159
47808, -7031, -226554, 1157
47812, -7032, -226581, 1158
47815, -7033, -226612, 1157
47820, -7034, -226640, 1156
47824, -7035, -226681, 1154
47828, -7036, -226719, 1152
47833, -7038, -226749, 1151
47837, -7039, -226771, 1150
47841, -7040, -226798, 1150
47845, -7041, -226841, 1148
47849, -7043, -226874, 1145
47853, -7044, -226902, 1145
47857, -7045, -226931, 1144
47861, -7047, -226960, 1142
47865, -7049, -227003, 1139
47869, -7050, -227038, 1140
47873, -7051, -227065, 1138
47877, -7052, -227089, 1137
47881, -7053, -227127, 1137
47885, -7055, -227163, 1133
47889, -7056, -227201, 1132
47893, -7057, -227226, 1132
47897, -7058, -227249, 1132
47900, -7060, -227273, 1130
47904, -7061, -227304, 1127
47907, -7062, -227341, 1125
47910, -7064, -227372, 1125
47914, -7065, -227406, 1124
47918, -7066, -227432, 1126
47922, -7067, -227462, 1122
47926, -7068, -227500, 1119
47929, -7070, -227542, 1119
47933, -7071, -227578, 1119
47938, -7072, -227607, 1119
47942, -7073, -227639, 1116
47945, -7074, -227675, 1113
47949, -7076, -227707, 1112
47952, -7077, -227734, 1112
47955, -7079, -227758, 1112
47958, -7079, -227784, 1112
47962, -7080, -227813, 1111
47965, -7081, -227861, 1107
47969, -7082, -227902, 1107
47973, -7083, -227930, 1107
47977, -7084, -227958, 1105
47981, -7086, -227999, 1104
47985, -7087, -228043, 1101
47990, -7088, -228085, 1101
47993, -7089, -228114, 1100
47996, -7090, -228141, 1100
48000, -7092, -228170, 1098
48003, -7093, -228203, 1096
48006, -7094, -228244, 1095
48010, -7095, -228281, 1094
48013, -7096, -228319, 1093
48018, -7098, -228348, 1091
48021, -7099, -228380, 1090
48025, -7100, -228420, 1088
48028, -7102, -228470, 1087
48033, -7103, -228505, 1088
48037, -7104, -228534, 1086
48041, -7105, -228577, 1085
48045, -7106, -228635, 1081
48050, -7107, -228685, 1081
48054, -7109, -228720, 1080
48058, -7111, -228751, 1078
48062, -7112, -228801, 1077
48067, -7113, -228862, 1075
48071, -7115, -228909, 1073
48076, -7116, -228942, 1074
48080, -7117, -228988, 1072
48085, -7119, -229031, 1069
48088, -7121, -229081, 1066
48092, -7122, -229129, 1069
48096, -7123, -229161, 1067
48100, -7124, -229195, 1066
48103, -7125, -229234, 1063
48107, -7126, -229283, 1062
48110, -7128, -229323, 1062
48114, -7129, -229356, 1060
48117, -7130, -229389, 1061
48120, -7131, -229422, 1059
48124, -7132, -229467, 1057
48128, -7133, -229519, 1054
48131, -7134, -229557, 1057
48134, -7135, -229590, 1055
48138, -7136, -229622, 1054
48141, -7137, -229658, 1054
48144, -7138, -229702, 1050
48148, -7139, -229755, 1048
48151, -7141, -229798, 1049
48155, -7142, -229834, 1049
48158, -7143, -229869, 1047
48162, -7144, -229918, 1047
48166, -7145, -229973, 1043
48170, -7146, -230026, 1043
48173, -7147, -230064, 1042
48177, -7148, -230112, 1042
48181, -7150, -230152, 1040
48185, -7151, -230213, 1038
48189, -7152, -230273, 1036
48193, -7153, -230326, 1037
48198, -7154, -230364, 1035
48201, -7156, -230405, 1033
48205, -7157, -230455, 1031
48208, -7159, -230510, 1029
48211, -7160, -230557, 1029
48215, -7161, -230606, 1030
48219, -7162, -230647, 1028
48223, -7163, -230695, 1025
48226, -7165, -230752, 1023
48229, -7166, -230805, 1023
48233, -7167, -230850, 1023
48236, -7168, -230885, 1024
48239, -7168, -230925, 1023
48243, -7169, -230973, 1020
48246, -7170, -231058, 1018
48251, -7171, -231109, 1018
48255, -7172, -231153, 1018
48258, -7174, -231205, 1015
48263, -7175, -231272, 1014
48267, -7176, -231332, 1011
48270, -7178, -231385, 1011
48274, -7179, -231442, 1011
48278, -7180, -231487, 1009
48282, -7182, -231536, 1008
48286, -7182, -231596, 1007
48289, -7184, -231650, 1004
48293, -7185, -231699, 1005
48296, -7186, -231746, 1003
48300, -7187, -231788, 1003
48303, -7188, -231838, 1001
48307, -7189, -231904, 999
48311, -7191, -231958, 997
48315, -7192, -232001, 999
48318, -7193, -232039, 997
48321, -7194, -232082, 995
48325, -7195, -232137, 993
48328, -7196, -232190, 993
48331, -7198, -232237, 992
48335, -7199, -232278, 991
48339, -7200, -232323, 990
48342, -7201, -232373, 987
48346, -7203, -232434, 985
48350, -7204, -232482, 986
48353, -7205, -232525, 986
48357, -7205, -232563, 987
48360, -7206, -232611, 984
48364, -7207, -232677, 979
48369, -7208, -232732, 980
48373, -7210, -232778, 980
48377, -7211, -232817, 978
48380, -7213, -232857, 977
48384, -7214, -232904, 975
48387, -7215, -232955, 973
48390, -7217, -232997, 972
48394, -7218, -233035, 973
48397, -7219, -233069, 972
48400, -7219, -233108, 972
48404, -7220, -233158, 968
48407, -7221, -233214, 966
48411, -7223, -233256, 967
48415, -7224, -233291, 966
48418, -7225, -233327, 966
48422, -7226, -233369, 962
48425, -7227, -233420, 961
48429, -7228, -233466, 961
48432, -7229, -233504, 961
48435, -7231, -233536, 958
48438, -7231, -233569, 960
48442, -7232, -233606, 958
48445, -7233, -233655, 954
48448, -7235, -233700, 952
48452, -7236, -233738, 953
48455, -7238, -233770, 952
48459, -7239, -233808, 952
48462, -7240, -233850, 951
48466, -7241, -233921, 947
48471, -7242, -233965, 947
48475, -7243, -234003, 946
48479, -7244, -234042, 946
48483, -7246, -234099, 944
48488, -7247, -234151, 941
48492, -7248, -234192, 941
48495, -7249, -234236, 941
48500, -7250, -234279, 941
48504, -7252, -234331, 936
48508, -7253, -234386, 934
48513, -7254, -234431, 934
48518, -7256, -234462, 935
48521, -7258, -234496, 931
48524, -7259, -234538, 930
48528, -7260, -234583, 928
48531, -7261, -234629, 928
48536, -7263, -234664, 928
48540, -7264, -234695, 926
48543, -7265, -234732, 925
48547, -7266, -234774, 923
48550, -7267, -234810, 922
48553, -7268, -234844, 921
48557, -7269, -234873, 922
48560, -7270, -234918, 921
48565, -7271, -234965, 916
48569, -7273, -235011, 915
48573, -7274, -235044, 916
48576, -7275, -235082, 917
48581, -7276, -235120, 912
48585, -7277, -235163, 911
48589, -7279, -235210, 909
48593, -7280, -235247, 910
48597, -7281, -235279, 909
48601, -7283, -235310, 906
48604, -7284, -235363, 906
48609, -7285, -235409, 903
48613, -7286, -235445, 902
48617, -7288, -235473, 902
48620, -7288, -235513, 903
48625, -7290, -235565, 898
48630, -7291, -235606, 896
48634, -7293, -235639, 896
48637, -7294, -235667, 895
48641, -7296, -235708, 895
48645, -7297, -235752, 891
48649, -7298, -235790, 891
48652, -7299, -235820, 890
48656, -7300, -235846, 889
48659, -7302, -235875, 889
48663, -7302, -235911, 887
48667, -7304, -235951, 884
48670, -7305, -235985, 884
48673, -7306, -236014, 885
48677, -7307, -236040, 883
48680, -7308, -236068, 882
48683, -7309, -236100, 881
48687, -7310, -236140, 878
48690, -7311, -236173, 878
48693, -7312, -236202, 877
48697, -7313, -236228, 877
48700, -7315, -236256, 875
48704, -7315, -236289, 875
48707, -7317, -236327, 871
48710, -7318, -236366, 871
48715, -7319, -236397, 871
48719, -7320, -236430, 870
48723, -7321, -236474, 868
48728, -7322, -236514, 866
48731, -7323, -236544, 866
48734, -7325, -236571, 864
48738, -7326, -236596, 864
48741, -7327, -236628, 861
48745, -7329, -236669, 859
48749, -7331, -236706, 857
48753, -7332, -236738, 859
48756, -7333, -236767, 859
48760, -7334, -236795, 856
48764, -7335, -236829, 854
48767, -7336, -236868, 852
48771, -7337, -236898, 852
48774, -7338, -236924, 852
48778, -7339, -236950, 851
48781, -7340, -236988, 850
48786, -7341, -237029, 846
48790, -7342, -237063, 847
48793, -7344, -237090, 845
48797, -7345, -237113, 845
48800, -7346, -237140, 845
48804, -7347, -237175, 843
48808, -7348, -237214, 839
48811, -7349, -237246, 839
48815, -7351, -237278, 838
48819, -7352, -237307, 838
48823, -7353, -237340, 837
48827, -7354, -237374, 834
48830, -7356, -237406, 833
48834, -7357, -237437, 833
48838, -7358, -237465, 831
48842, -7359, -237503, 830
48847, -7361, -237540, 827
48850, -7362, -237578, 827
48855, -7364, -237606, 825
48859, -7365, -237634, 825
48863, -7366, -237673, 824
48867, -7367, -237711, 820
48871, -7369, -237740, 820
48875, -7370, -237763, 820
48878, -7371, -237785, 819
48881, -7372, -237812, 818
48885, -7373, -237843, 816
48888, -7374, -237878, 813
48892, -7376, -237903, 814
48895, -7377, -237923, 814
48898, -7378, -237946, 813
48902, -7378, -237977, 812
48906, -7379, -238011, 808
48909, -7381, -238048, 807
48914, -7382, -238079, 808
48918, -7383, -238103, 806
48922, -7385, -238131, 805
48926, -7386, -238164, 803
48929, -7387, -238205, 802
48934, -7388, -238231, 803
48938, -7389, -238261, 801
48943, -7390, -238298, 798
48947, -7392, -238332, 795
48951, -7393, -238360, 796
48955, -7395, -238386, 795
48959, -7396, -238411, 795
48963, -7397, -238448, 793
48968, -7398, -238483, 790
48971, -7399, -238511, 790
48975, -7400, -238541, 791
48979, -7401, -238570, 789
48984, -7402, -238599, 786
48987, -7404, -238630, 784
48991, -7405, -238656, 784
48994, -7406, -238676, 783
48997, -7408, -238695, 782
49001, -7409, -238717, 781
49004, -7410, -238747, 780
49008, -7411, -238782, 777
49012, -7412, -238810, 779
49016, -7413, -238834, 778
49020, -7414, -238858, 776
49024, -7415, -238888, 774
49028, -7416, -238926, 772
49032, -7417, -238955, 771
49037, -7418, -238976, 773
49040, -7420, -239007, 769
49045, -7421, -239040, 767
49049, -7422, -239071, 766
49053, -7424, -239094, 764
49057, -7425, -239115, 767
49060, -7426, -239138, 765
49064, -7427, -239174, 763
49069, -7428, -239204, 760
49073, -7429, -239232, 760
49077, -7430, -239250, 759
49081, -7432, -239274, 758
49085, -7433, -239303, 756
49088, -7434, -239336, 754
49093, -7436, -239360, 753
49097, -7437, -239380, 753
49100, -7438, -239398, 753
49103, -7439, -239421, 751
49107, -7440, -239448, 748
49110, -7441, -239472, 748
49113, -7442, -239491, 748
49117, -7443, -239509, 749
49120, -7444, -239529, 746
49123, -7445, -239553, 744
49127, -7446, -239582, 743
49130, -7446, -239606, 744
49133, -7448, -239627, 742
49137, -7449, -239645, 742
49140, -7449, -239665, 741
49143, -7450, -239687, 739
49147, -7452, -239714, 736
49150, -7452, -239737, 739
49153, -7453, -239757, 738
49156, -7454, -239775, 738
49160, -7454, -239794, 736
49163, -7454, -239816, 735
49166, -7456, -239844, 732
49169, -7457, -239868, 732
49173, -7458, -239888, 732
49176, -7459, -239908, 732
49180, -7460, -239928, 731
49183, -7460, -239950, 729
49186, -7462, -239977, 726
49190, -7463, -240001, 727
49193, -7464, -240020, 725
49196, -7465, -240038, 726
49200, -7466, -240057, 724
49203, -7466, -240081, 724
49207, -7468, -240111, 721
49210, -7468, -240132, 721
49214, -7469, -240152, 722
49217, -7470, -240169, 719
49220, -7471, -240190, 719
49224, -7472, -240212, 718
49227, -7473, -240237, 716
49230, -7474, -240259, 715
49233, -7475, -240278, 715
49237, -7476, -240297, 713
49240, -7477, -240315, 715
49243, -7477, -240337, 713
49247, -7478, -240363, 710
49250, -7479, -240385, 711
49253, -7480, -240404, 710
49257, -7481, -240422, 708
49260, -7482, -240440, 708
49263, -7483, -240461, 705
49266, -7485, -240486, 704
49269, -7486, -240508, 704
49273, -7487, -240530, 703
49276, -7488, -240546, 704
49279, -7488, -240564, 703
49283, -7488, -240584, 702
49286, -7490, -240611, 698
49289, -7490, -240634, 699
49293, -7492, -240655, 698
49296, -7493, -240673, 697
49299, -7494, -240693, 697
49302, -7494, -240714, 696
49306, -7495, -240740, 694
49309, -7496, -240763, 694
49312, -7497, -240783, 692
49316, -7498, -240801, 693
49319, -7499, -240819, 692
49322, -7499, -240840, 690
49326, -7501, -240867, 688
49329, -7501, -240891, 688
49332, -7503, -240912, 687
49336, -7503, -240931, 688
49339, -7504, -240950, 686
49342, -7505, -240971, 685
49345, -7506, -240995, 683
49349, -7507, -241020, 681
49352, -7508, -241040, 683
49355, -7509, -241057, 682
49359, -7510, -241075, 680
49362, -7510, -241095, 680
49365, -7511, -241121, 678
49369, -7512, -241147, 676
49372, -7514, -241167, 676
49375, -7514, -241186, 676
49379, -7516, -241205, 674
49382, -7516, -241226, 675
49385, -7517, -241250, 671
49389, -7518, -241275, 670
49392, -7520, -241295, 670
49395, -7520, -241312, 670
49399, -7521, -241330, 670
49402, -7522, -241352, 668
49405, -7523, -241376, 665
49409, -7524, -241403, 664
49412, -7525, -241423, 665
49415, -7526, -241442, 664
49419, -7527, -241462, 664
49422, -7528, -241483, 662
49425, -7528, -241507, 661
49429, -7529, -241534, 660
49432, -7530, -241554, 659
49435, -7531, -241572, 659
49439, -7532, -241590, 658
49442, -7533, -241610, 657
49445, -7534, -241637, 655
49449, -7535, -241664, 654
49452, -7536, -241685, 652
49455, -7537, -241704, 653
49459, -7538, -241723, 653
49462, -7539, -241745, 651
49465, -7540, -241768, 650
49468, -7541, -241794, 647
49472, -7542, -241816, 647
49475, -7543, -241834, 647
49479, -7544, -241855, 647
49482, -7545, -241877, 647
49485, -7545, -241906, 644
49489, -7546, -241933, 642
49492, -7547, -241955, 641
49495, -7548, -241976, 643
49499, -7549, -241996, 642
49502, -7550, -242018, 639
49506, -7551, -242046, 637
49509, -7552, -242071, 635
49512, -7554, -242091, 635
49516, -7555, -242111, 636
49519, -7556, -242130, 635
49522, -7557, -242153, 634
49526, -7558, -242181, 630
49529, -7559, -242208, 630
49532, -7560, -242230, 630
49536, -7561, -242250, 630
49539, -7562, -242268, 626
49542, -7563, -242289, 628
49545, -7564, -242315, 625
49549, -7565, -242343, 624
49552, -7566, -242364, 625
49555, -7567, -242382, 623
49559, -7568, -242401, 622
49562, -7568, -242423, 622
49565, -7569, -242450, 619
49568, -7571, -242478, 618
49572, -7572, -242502, 616
49575, -7573, -242521, 617
49578, -7574, -242540, 619
49582, -7574, -242561, 616
49585, -7575, -242588, 613
49589, -7576, -242620, 612
49592, -7577, -242643, 613
49595, -7578, -242662, 613
49599, -7579, -242683, 611
49602, -7580, -242706, 611
49605, -7581, -242736, 606
49609, -7582, -242763, 606
49612, -7584, -242784, 606
49615, -7585, -242802, 605
49619, -7586, -242822, 605
49622, -7586, -242843, 605
49625, -7587, -242870, 603
49628, -7588, -242900, 599
49632, -7589, -242923, 600
49635, -7590, -242945, 600
49639, -7592, -242967, 598
49642, -7593, -242991, 598
49645, -7593, -243021, 595
49649, -7595, -243047, 594
49652, -7596, -243069, 595
49655, -7596, -243089, 594
49659, -7597, -243108, 593
49662, -7598, -243131, 591
49665, -7599, -243159, 590
49669, -7600, -243189, 590
49672, -7601, -243213, 589
49675, -7602, -243235, 588
49679, -7603, -243255, 586
49682, -7604, -243277, 587
49685, -7605, -243304, 583
49689, -7606, -243332, 583
49692, -7607, -243353, 583
49695, -7608, -243374, 582
49698, -7609, -243393, 581
49701, -7610, -243416, 581
49705, -7611, -243444, 577
49708, -7612, -243474, 576
49711, -7613, -243498, 576
49714, -7614, -243519, 577
49718, -7615, -243540, 575
49721, -7616, -243562, 573
49724, -7617, -243587, 572
49728, -7618, -243617, 570
49731, -7619, -243642, 571
49734, -7620, -243663, 570
49737, -7621, -243682, 570
49741, -7622, -243705, 569
49744, -7622, -243733, 568
49747, -7623, -243763, 565
49751, -7624, -243790, 565
49754, -7625, -243811, 565
49757, -7626, -243829, 566
49761, -7627, -243850, 562
49764, -7628, -243874, 561
49767, -7629, -243905, 558
49770, -7631, -243931, 558
49774, -7632, -243953, 558
49777, -7633, -243974, 557
49780, -7634, -243996, 557
49783, -7634, -244022, 556
49787, -7635, -244053, 555
49790, -7636, -244078, 553
49793, -7637, -244099, 552
49797, -7638, -244119, 554
49800, -7638, -244140, 552
49803, -7639, -244165, 550
49806, -7641, -244199, 547
49810, -7642, -244229, 547
49813, -7643, -244252, 548
49817, -7644, -244274, 546
49820, -7645, -244296, 547
49823, -7645, -244322, 543
49826, -7647, -244351, 541
49830, -7648, -244378, 541
49833, -7649, -244402, 541
49836, -7650, -244423, 541
49840, -7651, -244445, 540
49843, -7651, -244471, 540
49846, -7652, -244503, 536
49849, -7653, -244531, 534
49853, -7655, -244555, 534
49856, -7656, -244576, 535
49859, -7657, -244596, 534
49862, -7658, -244621, 532
49866, -7659, -244652, 530
49869, -7659, -244682, 530
49872, -7660, -244707, 530
49875, -7661, -244730, 529
49879, -7662, -244753, 528
49882, -7663, -244777, 527
49885, -7664, -244808, 525
49889, -7665, -244838, 524
49892, -7666, -244862, 524
49895, -7667, -244883, 523
49898, -7668, -244906, 522
49902, -7669, -244932, 521
49905, -7670, -244964, 519
49908, -7671, -244997, 517
49912, -7672, -245025, 518
49915, -7673, -245048, 516
49918, -7674, -245073, 516
49922, -7675, -245098, 515
49925, -7676, -245127, 513
49928, -7677, -245162, 511
49932, -7678, -245189, 512
49935, -7679, -245213, 510
49938, -7680, -245238, 510
49942, -7681, -245265, 508
49945, -7682, -245296, 506
49948, -7684, -245331, 505
49952, -7685, -245358, 505
49955, -7686, -245380, 505
49958, -7686, -245404, 505
49962, -7687, -245431, 501
49965, -7689, -245462, 499
49968, -7690, -245498, 499
49972, -7691, -245525, 499
49975, -7692, -245552, 499
49978, -7693, -245577, 498
49982, -7693, -245602, 496
49985, -7695, -245633, 493
49988, -7696, -245669, 493
49992, -7697, -245695, 493
49995, -7698, -245719, 493
49998, -7699, -245747, 491
50002, -7700, -245775, 490
50005, -7701, -245809, 486
50008, -7703, -245843, 485
50012, -7704, -245871, 487
50015, -7704, -245894, 488
50018, -7705, -245917, 486
50022, -7705, -245944, 486
50025, -7705, -245977, 484
50028, -7706, -246014, 482
50031, -7708, -246043, 482
50035, -7708, -246068, 482
50038, -7709, -246093, 481
50041, -7711, -246117, 478
50044, -7712, -246148, 477
50048, -7713, -246183, 475
50051, -7714, -246214, 475
50054, -7716, -246240, 475
50057, -7717, -246264, 473
50060, -7717, -246292, 473
50064, -7718, -246322, 471
50067, -7719, -246357, 469
50070, -7720, -246388, 470
50073, -7721, -246415, 470
50077, -7722, -246439, 469
50080, -7723, -246464, 466
50083, -7724, -246494, 465
50086, -7725, -246533, 463
50090, -7726, -246566, 464
50093, -7727, -246594, 464
50096, -7728, -246619, 462
50099, -7728, -246643, 463
50103, -7729, -246673, 460
50106, -7730, -246711, 457
50109, -7732, -246748, 458
50113, -7733, -246779, 456
50116, -7734, -246806, 458
50119, -7735, -246834, 455
50123, -7736, -246867, 453
50126, -7737, -246905, 451
50130, -7738, -246942, 451
50133, -7739, -246974, 452
50137, -7740, -247005, 450
50141, -7741, -247035, 449
50144, -7742, -247077, 447
50148, -7743, -247121, 445
50152, -7745, -247157, 444
50156, -7746, -247187, 444
50159, -7747, -247215, 443
50163, -7748, -247251, 442
50167, -7749, -247298, 439
50170, -7750, -247336, 438
50174, -7752, -247366, 438
50177, -7753, -247393, 438
50180, -7754, -247441, 437
50185, -7754, -247482, 435
50189, -7755, -247523, 434
50192, -7756, -247558, 433
50196, -7757, -247586, 432
50199, -7758, -247615, 432
50202, -7759, -247648, 432
50205, -7760, -247687, 429
50209, -7761, -247725, 427
50212, -7762, -247756, 428
50215, -7763, -247785, 427
50219, -7764, -247815, 426
50222, -7765, -247846, 426
50225, -7766, -247885, 421
50228, -7767, -247924, 421
50232, -7769, -247955, 421
50235, -7770, -247982, 420
50238, -7771, -248008, 420
50242, -7771, -248039, 419
50245, -7772, -248079, 416
50248, -7774, -248118, 414
50252, -7775, -248150, 414
50255, -7776, -248178, 413
50258, -7778, -248205, 413
50262, -7778, -248240, 413
50266, -7779, -248281, 410
50269, -7780, -248318, 408
50272, -7781, -248349, 408
50276, -7782, -248377, 408
50279, -7783, -248403, 407
50282, -7784, -248434, 405
50286, -7785, -248472, 403
50289, -7787, -248510, 402
50293, -7788, -248542, 402
50296, -7789, -248570, 402
50299, -7790, -248597, 401
50303, -7790, -248625, 399
50306, -7792, -248660, 396
50309, -7793, -248693, 395
50312, -7794, -248720, 396
50316, -7795, -248745, 396
50319, -7796, -248773, 395
50323, -7797, -248805, 393
50326, -7797, -248839, 391
50329, -7798, -248873, 391
50332, -7800, -248901, 389
50336, -7801, -248927, 389
50339, -7802, -248952, 388
50343, -7803, -248980, 388
50346, -7804, -249016, 383
50349, -7805, -249047, 383
50353, -7806, -249073, 384
50356, -7807, -249098, 384
50359, -7808, -249123, 382
50363, -7809, -249150, 382
50366, -7810, -249182, 378
50369, -7811, -249212, 378
50372, -7812, -249237, 377
50376, -7813, -249260, 378
50379, -7814, -249284, 376
50382, -7815, -249311, 375
50385, -7816, -249343, 373
50389, -7817, -249375, 372
50392, -7818, -249401, 372
50395, -7819, -249424, 372
50398, -7820, -249445, 371
50401, -7820, -249467, 369
50405, -7821, -249496, 367
50408, -7823, -249530, 365
50411, -7824, -249557, 366
50414, -7825, -249580, 365
50418, -7826, -249603, 363
50421, -7827, -249629, 363
50425, -7828, -249661, 361
50428, -7829, -249692, 360
50432, -7831, -249720, 358
50435, -7831, -249742, 359
50438, -7832, -249764, 359
50442, -7833, -249791, 357
50445, -7834, -249823, 354
50449, -7835, -249854, 352
50452, -7836, -249880, 354
50456, -7838, -249901, 353
50459, -7839, -249921, 352
50462, -7839, -249946, 351
50466, -7840, -249977, 348
50469, -7841, -250004, 347
50472, -7842, -250026, 348
50476, -7843, -250046, 348
50479, -7844, -250066, 347
50482, -7845, -250090, 345
50485, -7846, -250119, 342
50488, -7847, -250147, 341
50492, -7848, -250171, 341
50495, -7850, -250193, 341
50498, -7850, -250214, 341
50502, -7851, -250236, 339
50505, -7852, -250264, 336
50509, -7853, -250293, 335
50512, -7854, -250316, 336
50515, -7855, -250337, 335
50518, -7856, -250356, 335
50522, -7857, -250382, 332
50525, -7858, -250410, 330
50529, -7859, -250436, 331
50532, -7860, -250459, 328
50535, -7862, -250478, 328
50539, -7862, -250497, 329
50542, -7863, -250518, 325
50545, -7865, -250544, 324
50548, -7866, -250572, 322
50551, -7867, -250595, 323
50555, -7868, -250615, 323
50558, -7869, -250635, 322
50561, -7870, -250655, 320
50565, -7870, -250682, 319
50568, -7872, -250710, 316
50572, -7873, -250732, 317
50575, -7874, -250752, 317
50578, -7875, -250771, 315
50582, -7876, -250790, 315
50585, -7876, -250816, 313
50588, -7877, -250842, 312
50591, -7878, -250864, 312
50595, -7879, -250881, 312
50598, -7880, -250901, 310
50601, -7881, -250922, 308
50604, -7882, -250945, 306
50608, -7883, -250973, 305
50612, -7885, -250997, 304
50615, -7886, -251017, 304
50618, -7887, -251034, 304
50622, -7888, -251054, 302
50625, -7889, -251079, 301
50628, -7889, -251105, 300
50632, -7890, -251127, 300
50635, -7891, -251145, 300
50638, -7892, -251166, 297
50641, -7893, -251188, 297
50645, -7894, -251211, 294
50648, -7896, -251236, 292
50652, -7897, -251256, 293
50655, -7898, -251276, 294
50659, -7899, -251295, 292
50663, -7899, -251317, 290
50666, -7900, -251345, 287
50670, -7901, -251369, 288
50673, -7903, -251388, 286
50677, -7904, -251405, 286
50680, -7905, -251424, 285
50683, -7906, -251445, 282
50686, -7908, -251470, 281
50690, -7909, -251492, 281
50693, -7910, -251513, 281
50697, -7910, -251533, 281
50701, -7911, -251551, 279
50704, -7912, -251577, 276
50708, -7913, -251603, 275
50711, -7914, -251623, 275
50715, -7916, -251641, 273
50718, -7917, -251659, 274
50721, -7917, -251676, 274
50725, -7918, -251701, 270
50728, -7920, -251724, 268
50731, -7921, -251743, 269
50735, -7922, -251761, 267
50738, -7923, -251777, 267
50741, -7924, -251796, 267
50745, -7925, -251819, 264
50748, -7926, -251843, 263
50752, -7927, -251863, 263
50755, -7928, -251880, 261
50758, -7929, -251896, 261
50761, -7930, -251914, 260
50765, -7931, -251936, 259
50768, -7932, -251962, 256
50772, -7933, -251983, 256
50775, -7934, -252000, 257
50778, -7935, -252016, 255
50782, -7936, -252034, 254
50785, -7937, -252055, 253
50788, -7938, -252080, 250
50792, -7939, -252100, 250
50795, -7940, -252117, 250
50799, -7941, -252133, 250
50802, -7942, -252153, 248
50805, -7943, -252177, 246
50809, -7944, -252200, 245
50812, -7945, -252220, 244
50815, -7946, -252236, 243
50818, -7947, -252252, 244
50822, -7948, -252269, 243
50825, -7949, -252291, 239
50828, -7950, -252314, 238
50832, -7951, -252333, 239
50835, -7952, -252350, 238
50839, -7953, -252368, 237
50842, -7954, -252388, 235
50846, -7955, -252413, 233
50849, -7957, -252435, 232
50853, -7958, -252452, 231
50856, -7959, -252469, 231
50859, -7960, -252485, 230
50862, -7961, -252504, 229
50866, -7962, -252523, 227
50869, -7963, -252544, 227
50873, -7964, -252562, 226
50876, -7965, -252579, 225
50879, -7966, -252595, 224
50883, -7967, -252614, 221
50887, -7968, -252639, 220
50890, -7970, -252661, 219
50893, -7971, -252678, 219
50896, -7972, -252694, 219
50900, -7973, -252711, 218
50903, -7973, -252730, 216
50906, -7974, -252751, 214
50910, -7975, -252772, 215
50913, -7976, -252788, 214
50916, -7977, -252803, 214
50919, -7978, -252818, 213
50923, -7978, -252839, 210
50927, -7980, -252864, 208
50930, -7981, -252884, 208
50933, -7982, -252901, 208
50937, -7983, -252918, 207
50940, -7984, -252935, 207
50943, -7985, -252953, 204
50947, -7986, -252976, 201
50950, -7988, -252996, 201
50953, -7989, -253014, 202
50956, -7990, -253027, 201
50960, -7991, -253045, 200
50963, -7991, -253063, 200
50967, -7992, -253085, 195
50970, -7993, -253104, 197
50973, -7994, -253121, 194
50977, -7995, -253137, 196
50980, -7996, -253152, 194
50983, -7997, -253171, 192
50986, -7999, -253193, 189
50990, -8000, -253213, 189
50993, -8001, -253231, 188
50996, -8002, -253247, 189
50999, -8003, -253262, 188
51003, -8004, -253280, 186
51006, -8005, -253301, 184
51009, -8006, -253320, 183
51012, -8007, -253336, 183
51016, -8008, -253351, 183
51019, -8009, -253366, 181
51022, -8010, -253384, 179
51026, -8011, -253405, 177
51029, -8012, -253425, 176
51032, -8013, -253442, 178
51036, -8014, -253456, 176
51039, -8015, -253471, 176
51042, -8016, -253490, 173
51046, -8017, -253511, 170
51049, -8019, -253531, 170
51052, -8019, -253547, 172
51055, -8021, -253561, 170
51059, -8021, -253577, 170
51063, -8022, -253596, 166
51066, -8023, -253617, 166
51069, -8024, -253635, 165
51073, -8025, -253652, 164
51076, -8027, -253667, 164
51079, -8027, -253681, 163
51083, -8028, -253699, 162
51086, -8029, -253723, 159
51090, -8030, -253746, 159
51093, -8031, -253764, 159
51097, -8032, -253779, 158
51100, -8033, -253794, 158
51103, -8034, -253811, 155
51107, -8035, -253834, 151
51111, -8037, -253854, 153
51114, -8038, -253871, 153
51118, -8039, -253885, 151
51121, -8040, -253902, 148
51125, -8041, -253924, 147
51128, -8043, -253946, 146
51131, -8044, -253964, 147
51135, -8045, -253981, 146
51138, -8045, -253997, 145
51142, -8046, -254016, 145
51145, -8047, -254039, 142
51149, -8048, -254058, 139
51153, -8049, -254075, 140
51156, -8050, -254090, 140
51159, -8052, -254104, 139
51163, -8052, -254121, 138
51166, -8053, -254145, 135
51170, -8054, -254165, 135
51173, -8055, -254180, 134
51177, -8056, -254195, 135
51180, -8058, -254211, 131
51183, -8058, -254230, 131
51187, -8060, -254252, 127
51190, -8061, -254271, 127
51193, -8063, -254288, 128
51196, -8064, -254302, 127
51200, -8065, -254318, 126
51203, -8065, -254334, 125
51206, -8066, -254355, 122
51210, -8067, -254375, 122
51213, -8068, -254391, 122
51216, -8069, -254406, 122
51220, -8070, -254421, 121
51223, -8071, -254439, 117
51226, -8072, -254460, 116
51230, -8074, -254481, 114
51233, -8075, -254497, 116
51236, -8076, -254512, 116
51239, -8076, -254528, 114
51243, -8077, -254545, 112
51246, -8078, -254565, 110
51249, -8079, -254584, 109
51252, -8081, -254600, 110
51255, -8081, -254614, 110
51259, -8082, -254628, 108
51262, -8083, -254643, 107
51265, -8084, -254664, 105
51269, -8085, -254688, 104
51272, -8086, -254706, 103
51276, -8087, -254723, 102
51280, -8088, -254739, 102
51283, -8089, -254758, 100
51287, -8091, -254783, 98
51290, -8092, -254802, 97
51293, -8093, -254817, 98
51297, -8094, -254831, 96
51300, -8095, -254847, 95
51304, -8096, -254865, 92
51307, -8097, -254887, 90
51310, -8099, -254908, 91
51314, -8100, -254926, 91
51318, -8101, -254940, 89
51321, -8102, -254958, 87
51325, -8103, -254980, 86
51328, -8104, -255005, 84
51332, -8106, -255025, 84
51335, -8106, -255041, 85
51338, -8107, -255056, 83
51341, -8108, -255074, 82
51345, -8109, -255095, 81
51349, -8110, -255116, 78
51352, -8111, -255132, 78
51355, -8112, -255147, 77
51359, -8114, -255163, 76
51362, -8115, -255180, 75
51365, -8116, -255201, 74
51368, -8117, -255223, 71
51372, -8118, -255241, 72
51375, -8119, -255257, 72
51378, -8120, -255273, 71
51381, -8121, -255290, 69
51385, -8121, -255310, 67
51388, -8123, -255332, 66
51391, -8124, -255350, 65
51394, -8125, -255367, 66
51398, -8126, -255382, 64
51401, -8127, -255397, 64
51404, -8127, -255416, 62
51407, -8129, -255438, 59
51411, -8130, -255456, 59
51414, -8131, -255473, 60
51418, -8132, -255488, 59
51421, -8132, -255506, 59
51424, -8133, -255526, 56
51428, -8135, -255548, 51
51431, -8136, -255568, 53
51434, -8137, -255585, 52
51438, -8139, -255598, 53
51441, -8140, -255614, 51
51444, -8140, -255632, 47
51447, -8142, -255654, 46
51451, -8143, -255671, 46
51454, -8144, -255685, 46
51457, -8145, -255700, 47
51460, -8146, -255716, 45
51464, -8146, -255734, 43
51467, -8147, -255757, 41
51470, -8148, -255777, 41
51473, -8150, -255795, 40
51477, -8151, -255811, 39
51480, -8152, -255826, 39
51483, -8152, -255844, 37
51486, -8154, -255866, 33
51490, -8155, -255886, 34
51493, -8157, -255902, 32
51496, -8158, -255917, 32
51500, -8159, -255933, 31
51503, -8160, -255952, 29
51506, -8161, -255975, 28
51509, -8162, -255999, 27
51513, -8163, -256017, 26
51516, -8164, -256033, 26
51519, -8165, -256049, 26
51522, -8166, -256068, 24
51526, -8167, -256091, 22
51529, -8168, -256111, 21
51532, -8169, -256129, 20
51535, -8170, -256146, 20
51539, -8171, -256161, 18
51542, -8172, -256179, 17
51545, -8173, -256200, 16
51548, -8174, -256224, 15
51552, -8176, -256243, 14
51555, -8176, -256261, 14
51558, -8177, -256279, 12
51561, -8178, -256298, 12
51565, -8179, -256319, 9
51568, -8181, -256341, 8
51571, -8182, -256361, 8
51574, -8183, -256377, 8
51578, -8184, -256391, 7
51581, -8185, -256410, 4
51584, -8186, -256432, 2
51588, -8187, -256457, 2
51591, -8188, -256477, 1
51594, -8190, -256495, 1
51597, -8190, -256512, 1
51601, -8191, -256531, 4094
51604, -8192, -256554, 4093
51607, -8193, -256579, 4090
51611, -8195, -256601, 4089
51614, -8196, -256620, 4090
51617, -8197, -256636, 4089
51621, -8198, -256653, 4089
51624, -8199, -256673, 4088
51627, -8200, -256698, 4084
51631, -8201, -256719, 4083
51634, -8202, -256737, 4083
51637, -8203, -256753, 4083
51640, -8205, -256773, 4081
51644, -8206, -256795, 4080
51647, -8207, -256819, 4077
51650, -8208, -256842, 4077
51654, -8209, -256861, 4079
51657, -8210, -256879, 4076
51660, -8211, -256896, 4075
51663, -8212, -256917, 4073
51667, -8213, -256940, 4071
51670, -8214, -256961, 4071
51673, -8216, -256980, 4070
51676, -8217, -256997, 4070
51680, -8217, -257018, 4070
51683, -8218, -257041, 4067
51686, -8219, -257068, 4065
51690, -8220, -257091, 4064
51693, -8221, -257111, 4065
51696, -8223, -257129, 4064
51700, -8223, -257146, 4063
51703, -8224, -257166, 4062
51706, -8225, -257189, 4058
51709, -8227, -257211, 4058
51712, -8228, -257232, 4057
51716, -8229, -257249, 4057
51719, -8230, -257268, 4056
51722, -8231, -257291, 4055
51726, -8232, -257316, 4052
51729, -8233, -257342, 4052
51732, -8234, -257363, 4051
51735, -8236, -257380, 4050
51739, -8237, -257399, 4049
51742, -8237, -257419, 4049
51745, -8239, -257444, 4046
51749, -8240, -257468, 4045
51752, -8241, -257488, 4044
51755, -8242, -257507, 4044
51758, -8243, -257526, 4044
51762, -8244, -257547, 4041
51765, -8245, -257573, 4040
51768, -8246, -257601, 4038
51771, -8248, -257623, 4037
51775, -8249, -257642, 4039
51778, -8250, -257660, 4036
51781, -8250, -257679, 4036
51784, -8251, -257702, 4033
51788, -8252, -257730, 4032
51791, -8254, -257754, 4032
51794, -8254, -257774, 4033
51798, -8255, -257794, 4033
51801, -8256, -257813, 4030
51804, -8256, -257838, 4028
51807, -8258, -257867, 4025
51811, -8259, -257889, 4025
51814, -8261, -257910, 4025
51817, -8262, -257928, 4024
51820, -8263, -257946, 4025
51824, -8264, -257968, 4021
51827, -8265, -257997, 4019
51830, -8266, -258022, 4020
51833, -8267, -258043, 4019
51837, -8268, -258063, 4018
51840, -8269, -258085, 4017
51843, -8270, -258109, 4015
51847, -8271, -258137, 4012
51850, -8272, -258160, 4014
51853, -8273, -258182, 4013
51857, -8275, -258200, 4011
51860, -8275, -258220, 4011
51863, -8276, -258242, 4008
51866, -8278, -258272, 4006
51870, -8279, -258302, 4007
51873, -8280, -258325, 4005
51876, -8281, -258344, 4006
51880, -8282, -258366, 4005
51883, -8283, -258389, 4002
51886, -8284, -258417, 3999
51889, -8285, -258442, 3999
51893, -8287, -258462, 3999
51896, -8288, -258482, 4001
51899, -8289, -258500, 3997
51902, -8289, -258525, 3997
51906, -8290, -258555, 3994
51909, -8291, -258584, 3992
51912, -8293, -258609, 3993
51915, -8294, -258630, 3994
51919, -8295, -258652, 3991
51922, -8296, -258675, 3990
51925, -8297, -258702, 3987
51929, -8298, -258731, 3987
51932, -8299, -258755, 3986
51935, -8301, -258775, 3984
51938, -8302, -258796, 3986
51942, -8302, -258821, 3983
51945, -8303, -258851, 3982
51948, -8305, -258880, 3979
51951, -8306, -258904, 3980
51955, -8307, -258925, 3980
51958, -8308, -258945, 3979
51961, -8309, -258966, 3977
51964, -8309, -258995, 3977
51968, -8310, -259027, 3973
51971, -8312, -259055, 3973
51974, -8313, -259081, 3974
51977, -8314, -259104, 3972
51981, -8315, -259127, 3971
51984, -8316, -259155, 3970
51987, -8317, -259185, 3967
51990, -8318, -259212, 3967
51994, -8319, -259237, 3967
51997, -8320, -259259, 3967
52000, -8321, -259282, 3966
52003, -8321, -259311, 3964
52007, -8323, -259345, 3961
52010, -8324, -259374, 3960
52013, -8325, -259400, 3961
52017, -8326, -259423, 3960
52020, -8327, -259447, 3959
52023, -8328, -259472, 3958
52027, -8329, -259507, 3954
52030, -8330, -259538, 3955
52033, -8331, -259562, 3955
52037, -8333, -259587, 3953
52040, -8333, -259612, 3954
52043, -8334, -259640, 3951
52047, -8335, -259674, 3948
52050, -8337, -259703, 3947
52053, -8338, -259728, 3949
52056, -8339, -259751, 3947
52060, -8340, -259775, 3945
52063, -8341, -259803, 3945
52066, -8342, -259840, 3942
52069, -8343, -259872, 3942
52073, -8344, -259901, 3942
52076, -8345, -259925, 3942
52079, -8346, -259950, 3940
52083, -8347, -259977, 3939
52086, -8348, -260014, 3935
52089, -8349, -260048, 3936
52093, -8350, -260077, 3937
52096, -8351, -260103, 3935
52099, -8352, -260129, 3934
52102, -8353, -260157, 3933
52106, -8354, -260193, 3930
52109, -8355, -260228, 3929
52112, -8357, -260257, 3929
52116, -8358, -260280, 3928
52119, -8359, -260307, 3929
52122, -8359, -260337, 3926
52125, -8360, -260376, 3924
52129, -8362, -260413, 3923
52132, -8363, -260443, 3922
52135, -8364, -260470, 3922
52139, -8365, -260496, 3922
52142, -8366, -260526, 3920
52145, -8367, -260567, 3917
52148, -8368, -260606, 3916
52152, -8369, -260639, 3916
52155, -8371, -260669, 3916
52159, -8372, -260698, 3914
52162, -8373, -260727, 3912
52165, -8374, -260764, 3911
52168, -8375, -260804, 3910
52172, -8376, -260837, 3910
52175, -8377, -260866, 3910
52178, -8378, -260896, 3909
52182, -8378, -260929, 3907
52185, -8379, -260970, 3905
52189, -8381, -261010, 3902
52192, -8382, -261043, 3903
52195, -8383, -261072, 3904
52199, -8385, -261102, 3901
52202, -8385, -261135, 3901
52205, -8386, -261173, 3899
52208, -8387, -261214, 3897
52212, -8389, -261251, 3895
52216, -8390, -261283, 3896
52219, -8391, -261313, 3895
52222, -8392, -261350, 3895
52226, -8393, -261395, 3891
52229, -8394, -261435, 3892
52232, -8395, -261468, 3890
52236, -8396, -261498, 3891
52239, -8397, -261529, 3890
52243, -8398, -261569, 3887
52246, -8399, -261617, 3885
52250, -8400, -261661, 3885
52253, -8401, -261699, 3884
52257, -8403, -261730, 3884
52260, -8403, -261761, 3883
52263, -8404, -261797, 3880
52266, -8406, -261848, 3879
52270, -8407, -261893, 3877
52274, -8408, -261929, 3878
52277, -8409, -261960, 3877
52280, -8410, -261994, 3877
52283, -8411, -262034, 3875
52287, -8412, -262083, 3873
52290, -8413, -262132, 3872
52294, -8414, -262172, 3872
52298, -8415, -262206, 3871
52301, -8416, -262243, 3869
52305, -8417, -262290, 3868
52308, -8418, -262342, 3866
52312, -8420, -262388, 3866
52316, -8421, -262428, 3865
52319, -8422, -262463, 3863
52323, -8423, -262502, 3862
52326, -8424, -262556, 3860
52329, -8426, -262604, 3860
52333, -8427, -262642, 3859
52336, -8428, -262678, 3859
52339, -8428, -262715, 3859
52343, -8429, -262761, 3857
52346, -8430, -262817, 3854
52350, -8431, -262863, 3853
52353, -8432, -262903, 3854
52356, -8433, -262941, 3853
52360, -8434, -262979, 3852
52363, -8435, -263025, 3849
52367, -8437, -263080, 3847
52370, -8438, -263128, 3847
52373, -8439, -263168, 3847
52376, -8440, -263206, 3846
52380, -8441, -263241, 3846
52383, -8442, -263286, 3843
52386, -8443, -263345, 3841
52390, -8444, -263397, 3842
52393, -8445, -263440, 3841
52396, -8446, -263479, 3842
52400, -8446, -263517, 3840
52403, -8447, -263559, 3839
52406, -8448, -263620, 3835
52409, -8450, -263676, 3834
52413, -8451, -263724, 3835
52417, -8452, -263763, 3834
52420, -8453, -263804, 3834
52423, -8454, -263855, 3832
52427, -8455, -263915, 3830
52430, -8456, -263972, 3829
52433, -8456, -264018, 3831
52437, -8457, -264057, 3830
52440, -8458, -264098, 3827
52443, -8459, -264146, 3825
52446, -8460, -264205, 3824
52450, -8462, -264256, 3824
52453, -8463, -264300, 3824
52456, -8464, -264341, 3823
52460, -8464, -264382, 3821
52463, -8465, -264428, 3821
52466, -8467, -264491, 3816
52470, -8468, -264541, 3816
52473, -8469, -264584, 3817
52476, -8470, -264625, 3816
52479, -8471, -264665, 3816
52483, -8472, -264710, 3814
52486, -8473, -264766, 3810
52489, -8474, -264819, 3811
52493, -8475, -264864, 3811
52497, -8476, -264907, 3810
52500, -8477, -264947, 3811
52503, -8478, -264993, 3807
52506, -8479, -265048, 3806
52510, -8480, -265096, 3804
52513, -8481, -265136, 3806
52516, -8482, -265174, 3805
52520, -8483, -265213, 3803
52523, -8484, -265252, 3801
52526, -8485, -265300, 3799
52529, -8486, -265349, 3798
52532, -8488, -265390, 3797
52536, -8489, -265427, 3799
52539, -8489, -265463, 3799
52542, -8490, -265503, 3796
52546, -8491, -265552, 3793
52549, -8491, -265599, 3794
52552, -8493, -265639, 3792
52556, -8494, -265675, 3791
52559, -8495, -265711, 3791
52562, -8496, -265749, 3790
52566, -8497, -265796, 3788
52569, -8498, -265845, 3787
52572, -8499, -265887, 3787
52576, -8500, -265919, 3787
52579, -8500, -265953, 3787
52582, -8501, -265989, 3784
52585, -8502, -266038, 3783
52589, -8503, -266085, 3780
52592, -8504, -266121, 3782
52595, -8506, -266155, 3781
52599, -8506, -266186, 3781
52602, -8507, -266222, 3780
52605, -8508, -266266, 3776
52609, -8509, -266315, 3775
52612, -8510, -266349, 3775
52615, -8511, -266382, 3775
52619, -8513, -266412, 3774
52622, -8513, -266446, 3772
52625, -8514, -266485, 3771
52628, -8515, -266530, 3771
52632, -8516, -266563, 3770
52635, -8517, -266594, 3771
52638, -8517, -266623, 3769
52641, -8518, -266660, 3769
52645, -8519, -266700, 3766
52648, -8520, -266742, 3764
52651, -8521, -266778, 3764
52654, -8522, -266811, 3764
52658, -8523, -266844, 3764
52661, -8524, -266877, 3761
52665, -8525, -266923, 3759
52669, -8527, -266970, 3757
52672, -8528, -267004, 3758
52676, -8529, -267033, 3758
52679, -8530, -267062, 3758
52682, -8530, -267094, 3756
52686, -8531, -267134, 3753
52689, -8532, -267176, 3752
52693, -8533, -267215, 3753
52696, -8534, -267243, 3753
52700, -8535, -267275, 3751
52703, -8536, -267308, 3751
52706, -8537, -267345, 3745
52709, -8538, -267380, 3747
52713, -8540, -267412, 3746
52716, -8541, -267441, 3746
52719, -8542, -267470, 3746
52722, -8542, -267502, 3742
52726, -8543, -267540, 3741
52729, -8545, -267578, 3740
52732, -8546, -267610, 3741
52735, -8547, -267637, 3741
52738, -8547, -267663, 3740
52742, -8548, -267693, 3737
52745, -8548, -267732, 3737
52748, -8550, -267771, 3734
52751, -8551, -267803, 3735
52755, -8552, -267830, 3733
52758, -8553, -267857, 3733
52761, -8554, -267886, 3732
52765, -8555, -267921, 3730
52768, -8556, -267963, 3728
52772, -8557, -267997, 3730
52775, -8558, -268029, 3729
52779, -8559, -268060, 3728
52783, -8560, -268096, 3725
52786, -8561, -268133, 3723
52790, -8562, -268172, 3723
52794, -8563, -268202, 3722
52797, -8564, -268229, 3723
52801, -8565, -268260, 3721
52804, -8566, -268294, 3719
52808, -8567, -268332, 3716
52811, -8568, -268364, 3717
52815, -8569, -268392, 3718
52819, -8570, -268418, 3716
52822, -8571, -268452, 3715
52826, -8572, -268489, 3713
52829, -8573, -268524, 3711
52832, -8575, -268553, 3710
52836, -8576, -268579, 3710
52839, -8577, -268603, 3711
52842, -8577, -268631, 3709
52846, -8578, -268667, 3707
52849, -8579, -268702, 3706
52853, -8580, -268729, 3706
52856, -8581, -268755, 3705
52859, -8582, -268781, 3704
52863, -8583, -268808, 3703
52866, -8584, -268842, 3700
52869, -8585, -268875, 3699
52873, -8586, -268901, 3700
52876, -8587, -268923, 3700
52879, -8588, -268945, 3700
52882, -8588, -268975, 3697
52886, -8589, -269015, 3695
52890, -8590, -269052, 3696
52894, -8591, -269079, 3694
52897, -8593, -269103, 3693
52900, -8593, -269129, 3693
52904, -8594, -269162, 3690
52908, -8596, -269194, 3688
52911, -8597, -269224, 3689
52914, -8598, -269250, 3689
52918, -8599, -269277, 3687
52922, -8600, -269308, 3685
52926, -8601, -269344, 3683
52929, -8602, -269376, 3683
52932, -8603, -269403, 3684
52935, -8604, -269427, 3681
52939, -8605, -269451, 3681
52942, -8606, -269478, 3681
52946, -8607, -269512, 3678
52949, -8608, -269549, 3676
52952, -8609, -269575, 3677
52956, -8610, -269600, 3676
52959, -8611, -269622, 3676
52962, -8612, -269646, 3673
52966, -8613, -269679, 3672
52969, -8614, -269710, 3669
52973, -8615, -269736, 3671
52976, -8616, -269755, 3671
52979, -8617, -269779, 3670
52983, -8618, -269809, 3668
52986, -8619, -269847, 3665
52990, -8620, -269875, 3666
52994, -8621, -269901, 3665
52997, -8622, -269927, 3665
53001, -8623, -269952, 3663
53004, -8624, -269980, 3661
53008, -8625, -270013, 3661
53011, -8626, -270043, 3659
53015, -8627, -270070, 3659
53018, -8628, -270095, 3659
53021, -8629, -270120, 3657
53025, -8630, -270153, 3655
53028, -8631, -270184, 3653
53032, -8632, -270216, 3654
53036, -8633, -270238, 3653
53040, -8634, -270259, 3653
53043, -8635, -270286, 3650
53046, -8636, -270318, 3647
53049, -8638, -270348, 3647
53053, -8639, -270372, 3648
53056, -8640, -270394, 3647
53059, -8641, -270416, 3646
53063, -8641, -270439, 3644
53066, -8643, -270472, 3640
53070, -8644, -270500, 3641
53073, -8645, -270524, 3642
53076, -8646, -270547, 3640
53080, -8647, -270575, 3639
53084, -8647, -270608, 3639
53088, -8649, -270643, 3634
53091, -8650, -270670, 3637
53095, -8651, -270695, 3634
53099, -8652, -270718, 3633
53102, -8653, -270739, 3633
53106, -8654, -270768, 3630
53109, -8656, -270800, 3630
53113, -8656, -270830, 3630
53117, -8657, -270857, 3629
53121, -8658, -270886, 3628
53124, -8659, -270917, 3625
53128, -8660, -270951, 3624
53132, -8662, -270977, 3623
53136, -8663, -271000, 3624
53140, -8664, -271027, 3622
53144, -8665, -271054, 3620
53147, -8666, -271091, 3619
53151, -8667, -271119, 3618
53154, -8668, -271143, 3618
53157, -8670, -271167, 3615
53161, -8671, -271190, 3614
53164, -8672, -271214, 3614
53167, -8673, -271243, 3612
53170, -8674, -271269, 3611
53174, -8675, -271290, 3611
53177, -8676, -271312, 3611
53180, -8677, -271335, 3608
53183, -8678, -271370, 3606
53188, -8680, -271403, 3604
53191, -8681, -271428, 3606
53194, -8682, -271450, 3605
53198, -8683, -271470, 3604
53201, -8683, -271491, 3602
53204, -8684, -271514, 3600
53208, -8686, -271550, 3598
53211, -8687, -271578, 3600
53214, -8688, -271600, 3598
53218, -8689, -271623, 3598
53221, -8690, -271648, 3595
53225, -8691, -271676, 3594
53228, -8692, -271707, 3592
53231, -8693, -271731, 3593
53234, -8695, -271752, 3591
53238, -8695, -271773, 3591
53241, -8696, -271794, 3590
53244, -8697, -271819, 3588
53248, -8698, -271851, 3586
53251, -8699, -271880, 3586
53254, -8700, -271906, 3587
53258, -8701, -271927, 3584
53261, -8702, -271949, 3583
53265, -8703, -271975, 3583
53268, -8704, -272002, 3580
53271, -8706, -272024, 3579
53275, -8707, -272043, 3579
53278, -8708, -272062, 3578
53281, -8709, -272083, 3577
53284, -8710, -272112, 3576
53288, -8711, -272142, 3573
53291, -8712, -272170, 3574
53294, -8713, -272192, 3574
53297, -8714, -272213, 3571
53301, -8715, -272236, 3571
53304, -8716, -272259, 3570
53307, -8717, -272291, 3567
53311, -8718, -272315, 3567
53314, -8719, -272337, 3567
53318, -8720, -272360, 3568
53321, -8721, -272383, 3564
53324, -8722, -272411, 3564
53328, -8723, -272440, 3561
53331, -8724, -272467, 3560
53334, -8726, -272487, 3561
53338, -8726, -272508, 3561
53341, -8727, -272530, 3558
53344, -8729, -272557, 3555
53347, -8730, -272587, 3555
53351, -8731, -272615, 3554
53354, -8732, -272636, 3555
53357, -8733, -272657, 3553
53360, -8734, -272678, 3553
53364, -8734, -272702, 3551
53367, -8736, -272730, 3548
53370, -8737, -272757, 3548
53373, -8738, -272778, 3547
53377, -8739, -272797, 3547
53380, -8740, -272812, 3547
53383, -8741, -272829, 3545
53386, -8741, -272848, 3546
53390, -8742, -272871, 3543
53393, -8743, -272899, 3541
53396, -8745, -272923, 3540
53400, -8745, -272943, 3541
53403, -8746, -272959, 3541
53406, -8747, -272977, 3541
53409, -8747, -272988, 3541
53413, -8747, -273006, 3540
53416, -8747, -273023, 3538
53419, -8748, -273041, 3537
53423, -8749, -273063, 3536
53426, -8751, -273084, 3534
53429, -8752, -273099, 3534
53432, -8752, -273114, 3535
53436, -8753, -273126, 3535
53439, -8753, -273138, 3535
53442, -8753, -273151, 3534
53446, -8753, -273162, 3533
53449, -8754, -273176, 3532
53452, -8755, -273191, 3531
53456, -8756, -273211, 3529
53459, -8757, -273230, 3529
53462, -8758, -273249, 3528
53466, -8759, -273266, 3528
53469, -8759, -273279, 3527
53472, -8760, -273289, 3528
53476, -8760, -273298, 3528
53479, -8760, -273306, 3529
53482, -8760, -273315, 3527
53486, -8760, -273321, 3528
53489, -8760, -273328, 3527
53492, -8760, -273334, 3527
53495, -8761, -273341, 3526
53499, -8761, -273350, 3525
53502, -8762, -273358, 3524
53505, -8763, -273370, 3523
53508, -8764, -273381, 3522
53512, -8765, -273396, 3521
53515, -8765, -273410, 3521
53518, -8766, -273425, 3520
53522, -8767, -273437, 3521
53525, -8767, -273447, 3522
53528, -8767, -273457, 3521
53532, -8767, -273464, 3521
53535, -8766, -273470, 3521
53538, -8766, -273475, 3522
53541, -8766, -273479, 3521
53545, -8766, -273481, 3521
53548, -8766, -273486, 3521
53552, -8767, -273490, 3520
53555, -8767, -273493, 3520
53558, -8767, -273499, 3521
53562, -8767, -273503, 3520
53565, -8768, -273507, 3519
53569, -8768, -273513, 3519
53572, -8768, -273520, 3519
53576, -8769, -273528, 3518
53579, -8769, -273535, 3519
53582, -8769, -273542, 3518
53586, -8769, -273551, 3518
53590, -8770, -273560, 3516
53593, -8770, -273569, 3517
53596, -8771, -273577, 3515
53600, -8772, -273585, 3514
53603, -8773, -273596, 3513
53606, -8773, -273605, 3514
53610, -8774, -273613, 3514
53614, -8774, -273617, 3514
53618, -8774, -273622, 3513
53621, -8774, -273625, 3513
53625, -8774, -273627, 3515
53628, -8774, -273628, 3515
53632, -8773, -273631, 3515
53636, -8773, -273632, 3515
53640, -8773, -273632, 3514
53643, -8773, -273633, 3514
53646, -8773, -273635, 3513
53650, -8774, -273635, 3514
53653, -8774, -273637, 3514
53656, -8774, -273637, 3515
53660, -8774, -273637, 3514
53664, -8773, -273637, 3515
53668, -8773, -273639, 3514
53671, -8773, -273639, 3516
53675, -8773, -273641, 3513
53679, -8773, -273642, 3514
53682, -8773, -273643, 3514
53685, -8774, -273644, 3513
53689, -8774, -273645, 3514
53692, -8774, -273646, 3514
53695, -8774, -273646, 3514
53699, -8774, -273648, 3513
53702, -8774, -273650, 3513
53705, -8774, -273651, 3514
53709, -8774, -273653, 3513
53712, -8774, -273656, 3513
53716, -8774, -273660, 3514
53719, -8774, -273661, 3513
53723, -8774, -273664, 3513
53726, -8774, -273668, 3513
53729, -8774, -273671, 3513
53733, -8775, -273674, 3512
53736, -8775, -273677, 3513
53740, -8775, -273681, 3512
53744, -8775, -273684, 3512
53747, -8775, -273689, 3512
53751, -8776, -273694, 3511
53755, -8776, -273699, 3511
53758, -8776, -273704, 3511
53762, -8776, -273709, 3511
53767, -8777, -273713, 3511
53771, -8777, -273718, 3510
53774, -8777, -273724, 3511
53778, -8777, -273728, 3509
53782, -8777, -273731, 3511
53786, -8777, -273734, 3510
53789, -8777, -273740, 3510
53793, -8778, -273743, 3510
53796, -8777, -273746, 3511
53800, -8778, -273749, 3509
53803, -8778, -273752, 3509
53807, -8778, -273754, 3509
53810, -8778, -273757, 3509
53814, -8779, -273758, 3508
55827, -8779, -273765, 3509
55830, -8779, -273764, 3509
55834, -8779, -273764, 3510
55838, -8778, -273765, 3510
55841, -8778, -273768, 3509
55845, -8779, -273775, 3507
55848, -8779, -273789, 3506
55851, -8780, -273806, 3505
55855, -8782, -273819, 3503
55858, -8783, -273832, 3503
55861, -8783, -273840, 3505
55864, -8784, -273845, 3504
55868, -8783, -273843, 3506
55871, -8783, -273837, 3507
55874, -8782, -273828, 3508
55877, -8781, -273821, 3507
55881, -8780, -273810, 3509
55884, -8779, -273793, 3510
55888, -8778, -273770, 3513
55891, -8777, -273745, 3516
55894, -8775, -273723, 3516
55898, -8773, -273703, 3516
55901, -8772, -273684, 3518
55904, -8771, -273664, 3518
55907, -8770, -273638, 3520
55911, -8769, -273609, 3521
55914, -8768, -273583, 3522
55918, -8767, -273561, 3523
55921, -8766, -273539, 3523
55925, -8765, -273510, 3525
55928, -8763, -273481, 3528
55932, -8762, -273452, 3529
55935, -8761, -273428, 3529
55939, -8760, -273403, 3529
55942, -8758, -273378, 3532
55946, -8757, -273346, 3533
55950, -8756, -273310, 3535
55954, -8755, -273280, 3535
55957, -8753, -273252, 3536
55961, -8752, -273229, 3538
55964, -8751, -273204, 3537
55967, -8750, -273177, 3540
55971, -8749, -273143, 3543
55974, -8747, -273116, 3543
55978, -8746, -273088, 3543
55982, -8745, -273061, 3544
55985, -8744, -273031, 3546
55989, -8743, -272996, 3549
55992, -8741, -272969, 3549
55995, -8740, -272946, 3550
55999, -8739, -272924, 3550
56002, -8738, -272901, 3551
56005, -8737, -272875, 3553
56008, -8736, -272845, 3555
56012, -8734, -272814, 3557
56015, -8733, -272788, 3557
56019, -8732, -272762, 3558
56022, -8730, -272737, 3560
56026, -8729, -272709, 3560
56029, -8728, -272677, 3563
56032, -8727, -272649, 3563
56035, -8725, -272623, 3565
56039, -8725, -272602, 3564
56042, -8724, -272579, 3565
56045, -8723, -272553, 3568
56049, -8721, -272514, 3571
56053, -8720, -272483, 3571
56056, -8719, -272458, 3570
56059, -8717, -272435, 3572
56063, -8716, -272411, 3572
56066, -8715, -272384, 3576
56069, -8714, -272352, 3578
56073, -8713, -272320, 3577
56076, -8711, -272292, 3579
56080, -8710, -272264, 3580
56084, -8709, -272238, 3580
56087, -8708, -272205, 3583
56091, -8706, -272173, 3585
56094, -8705, -272148, 3584
56098, -8705, -272124, 3583
56101, -8703, -272102, 3586
56104, -8702, -272072, 3588
56108, -8701, -272035, 3591
56112, -8700, -272001, 3592
56115, -8698, -271976, 3591
56119, -8697, -271948, 3593
56122, -8695, -271922, 3594
56126, -8694, -271895, 3596
56129, -8693, -271861, 3599
56132, -8691, -271830, 3599
56136, -8690, -271805, 3598
56140, -8689, -271775, 3600
56143, -8688, -271749, 3601
56147, -8687, -271720, 3604
56150, -8686, -271688, 3605
56153, -8685, -271661, 3605
56156, -8683, -271635, 3607
56160, -8682, -271613, 3607
56163, -8681, -271583, 3609
56167, -8680, -271551, 3610
56170, -8679, -271518, 3612
56173, -8678, -271489, 3612
56176, -8676, -271463, 3613
56180, -8675, -271438, 3614
56183, -8674, -271409, 3615
56187, -8673, -271373, 3618
56191, -8672, -271339, 3620
56194, -8670, -271310, 3620
56198, -8669, -271280, 3621
56201, -8668, -271253, 3620
56205, -8666, -271221, 3625
56209, -8665, -271184, 3626
56212, -8664, -271150, 3626
56216, -8663, -271124, 3627
56219, -8661, -271099, 3627
56222, -8661, -271072, 3629
56226, -8660, -271037, 3630
56230, -8659, -270999, 3632
56233, -8657, -270967, 3634
56237, -8656, -270942, 3634
56240, -8655, -270918, 3635
56243, -8653, -270890, 3637
56247, -8652, -270860, 3639
56250, -8651, -270824, 3640
56253, -8649, -270792, 3641
56256, -8648, -270765, 3640
56260, -8647, -270737, 3642
56263, -8646, -270708, 3643
56267, -8645, -270678, 3646
56270, -8644, -270642, 3648
56273, -8642, -270610, 3647
56277, -8641, -270583, 3649
56280, -8639, -270558, 3651
56283, -8639, -270525, 3650
56287, -8637, -270489, 3654
56291, -8636, -270452, 3655
56294, -8635, -270421, 3654
56297, -8634, -270393, 3655
56300, -8633, -270368, 3655
56304, -8632, -270337, 3658
56307, -8631, -270297, 3660
56311, -8629, -270261, 3663
56314, -8628, -270228, 3662
56318, -8627, -270199, 3662
56321, -8625, -270169, 3664
56325, -8624, -270137, 3665
56328, -8623, -270098, 3669
56332, -8622, -270060, 3669
56335, -8621, -270029, 3668
56339, -8619, -270001, 3670
56342, -8618, -269971, 3671
56346, -8618, -269938, 3672
56349, -8616, -269899, 3676
56353, -8614, -269863, 3677
56356, -8613, -269832, 3676
56359, -8612, -269806, 3677
56363, -8611, -269777, 3679
56366, -8609, -269744, 3682
56369, -8608, -269706, 3682
56372, -8607, -269672, 3682
56376, -8606, -269642, 3683
56379, -8605, -269613, 3683
56383, -8604, -269583, 3686
56386, -8603, -269550, 3687
56389, -8602, -269509, 3690
56393, -8600, -269470, 3690
56396, -8599, -269434, 3691
56400, -8598, -269402, 3692
56404, -8596, -269371, 3693
56407, -8595, -269334, 3695
56410, -8594, -269294, 3696
56413, -8593, -269258, 3697
56416, -8592, -269229, 3697
56420, -8591, -269198, 3699
56423, -8590, -269164, 3701
56427, -8588, -269124, 3702
56430, -8587, -269081, 3704
56434, -8586, -269047, 3704
56437, -8584, -269017, 3706
56440, -8583, -268987, 3708
56443, -8582, -268955, 3708
56447, -8581, -268919, 3709
56450, -8579, -268877, 3711
56453, -8578, -268842, 3711
56457, -8577, -268809, 3712
56460, -8576, -268776, 3714
56464, -8575, -268741, 3714
56467, -8574, -268701, 3717
56470, -8572, -268657, 3719
56473, -8571, -268623, 3718
56477, -8570, -268592, 3718
56480, -8569, -268563, 3719
56483, -8568, -268528, 3722
56487, -8567, -268485, 3724
56490, -8566, -268439, 3725
56494, -8565, -268401, 3725
56497, -8563, -268370, 3727
56500, -8562, -268339, 3728
56503, -8561, -268302, 3728
56507, -8560, -268262, 3729
56510, -8559, -268220, 3733
56513, -8557, -268180, 3733
56517, -8556, -268147, 3733
56520, -8555, -268115, 3734
56523, -8554, -268079, 3735
56527, -8553, -268033, 3738
56530, -8552, -267983, 3740
56534, -8550, -267944, 3740
56537, -8549, -267907, 3742
56541, -8547, -267875, 3742
56544, -8546, -267838, 3744
56547, -8545, -267794, 3746
56551, -8544, -267748, 3746
56554, -8543, -267707, 3745
56557, -8542, -267674, 3748
56561, -8541, -267641, 3748
56564, -8540, -267603, 3751
56567, -8539, -267559, 3752
56570, -8537, -267511, 3754
56574, -8536, -267470, 3754
56577, -8535, -267433, 3754
56580, -8534, -267399, 3756
56584, -8532, -267360, 3758
56587, -8531, -267315, 3759
56590, -8530, -267262, 3763
56594, -8528, -267221, 3761
56597, -8527, -267184, 3762
56600, -8526, -267146, 3763
56603, -8525, -267109, 3765
56607, -8524, -267066, 3766
56610, -8523, -267012, 3768
56613, -8522, -266969, 3768
56617, -8521, -266931, 3768
56620, -8520, -266895, 3770
56623, -8519, -266857, 3770
56626, -8518, -266812, 3774
56630, -8516, -266760, 3775
56633, -8515, -266708, 3775
56636, -8514, -266667, 3776
56640, -8512, -266631, 3777
56643, -8511, -266587, 3778
56646, -8510, -266542, 3780
56650, -8509, -266488, 3782
56653, -8508, -266440, 3782
56656, -8507, -266397, 3782
56659, -8506, -266356, 3783
56663, -8505, -266312, 3785
56666, -8504, -266265, 3788
56670, -8502, -266212, 3790
56673, -8500, -266162, 3791
56676, -8499, -266118, 3791
56679, -8498, -266078, 3790
56683, -8497, -266030, 3793
56687, -8496, -265975, 3795
56690, -8494, -265915, 3798
56694, -8493, -265865, 3798
56697, -8491, -265818, 3797
56701, -8490, -265773, 3798
56704, -8489, -265728, 3800
56707, -8488, -265674, 3803
56710, -8487, -265617, 3803
56714, -8486, -265568, 3803
56717, -8485, -265528, 3803
56720, -8484, -265484, 3806
56724, -8483, -265432, 3808
56728, -8482, -265371, 3810
56731, -8480, -265305, 3812
56735, -8478, -265254, 3811
56738, -8477, -265209, 3812
56741, -8476, -265161, 3813
56745, -8475, -265108, 3815
56748, -8474, -265041, 3818
56752, -8472, -264979, 3818
56755, -8471, -264926, 3819
56759, -8470, -264878, 3819
56762, -8469, -264824, 3821
56766, -8467, -264762, 3824
56770, -8466, -264686, 3824
56773, -8465, -264631, 3826
56776, -8464, -264582, 3824
56780, -8463, -264535, 3827
56783, -8462, -264482, 3827
56787, -8461, -264419, 3830
56790, -8459, -264347, 3833
56793, -8458, -264291, 3832
56797, -8456, -264241, 3834
56800, -8455, -264193, 3834
56803, -8454, -264141, 3835
56806, -8453, -264085, 3838
56810, -8451, -264014, 3840
56813, -8450, -263949, 3840
56817, -8449, -263894, 3839
56820, -8448, -263849, 3842
56823, -8447, -263800, 3842
56827, -8446, -263745, 3845
56830, -8445, -263680, 3847
56833, -8443, -263623, 3846
56836, -8442, -263575, 3847
56839, -8441, -263530, 3847
56843, -8440, -263481, 3849
56846, -8439, -263427, 3852
56849, -8438, -263364, 3854
56852, -8436, -263307, 3855
56856, -8435, -263262, 3854
56859, -8434, -263218, 3853
56862, -8433, -263168, 3857
56866, -8432, -263115, 3858
56869, -8431, -263055, 3860
56872, -8430, -263000, 3862
56876, -8428, -262955, 3862
56879, -8427, -262912, 3861
56882, -8426, -262866, 3864
56885, -8425, -262816, 3865
56889, -8424, -262760, 3867
56892, -8422, -262706, 3869
56895, -8421, -262660, 3869
56898, -8420, -262619, 3870
56902, -8418, -262576, 3871
56905, -8418, -262530, 3871
56908, -8416, -262475, 3875
56911, -8415, -262421, 3876
56915, -8414, -262377, 3876
56918, -8413, -262336, 3875
56921, -8412, -262297, 3878
56925, -8411, -262256, 3880
56928, -8409, -262204, 3882
56931, -8408, -262152, 3883
56934, -8407, -262111, 3882
56938, -8406, -262073, 3883
56941, -8405, -262034, 3884
56944, -8404, -261993, 3886
56947, -8403, -261945, 3889
56951, -8401, -261895, 3889
56954, -8400, -261850, 3890
56957, -8399, -261812, 3890
56960, -8398, -261775, 3890
56964, -8397, -261737, 3893
56967, -8396, -261693, 3895
56970, -8395, -261641, 3895
56973, -8394, -261599, 3897
56977, -8392, -261562, 3898
56980, -8391, -261527, 3897
56983, -8390, -261492, 3899
56986, -8389, -261451, 3902
56990, -8387, -261400, 3905
56993, -8386, -261359, 3904
56996, -8385, -261322, 3904
56999, -8383, -261287, 3906
57003, -8383, -261249, 3906
57006, -8382, -261210, 3909
57009, -8381, -261162, 3910
57013, -8379, -261119, 3911
57016, -8378, -261084, 3911
57020, -8377, -261051, 3913
57023, -8376, -261015, 3914
57026, -8375, -260977, 3916
57029, -8373, -260930, 3919
57033, -8372, -260892, 3917
57036, -8371, -260858, 3919
57040, -8370, -260825, 3919
57043, -8368, -260790, 3922
57046, -8368, -260753, 3923
57049, -8366, -260707, 3926
57053, -8365, -260670, 3925
57056, -8363, -260639, 3926
57059, -8362, -260608, 3927
57063, -8361, -260574, 3928
57066, -8360, -260537, 3930
57069, -8359, -260493, 3932
57073, -8358, -260455, 3933
57076, -8356, -260423, 3933
57079, -8355, -260396, 3933
57083, -8354, -260362, 3936
57086, -8353, -260326, 3936
57089, -8352, -260282, 3939
57093, -8351, -260245, 3939
57096, -8349, -260214, 3941
57099, -8348, -260186, 3941
57103, -8347, -260155, 3943
57106, -8346, -260123, 3944
57109, -8344, -260083, 3947
57112, -8343, -260044, 3947
57116, -8342, -260014, 3947
57119, -8341, -259986, 3948
57122, -8340, -259957, 3949
57125, -8339, -259926, 3951
57129, -8338, -259889, 3953
57132, -8337, -259852, 3954
57136, -8335, -259820, 3955
57140, -8334, -259787, 3954
57143, -8333, -259756, 3957
57147, -8332, -259719, 3959
57150, -8330, -259681, 3962
57154, -8329, -259650, 3961
57157, -8327, -259622, 3962
57160, -8326, -259596, 3963
57164, -8325, -259564, 3964
57167, -8324, -259525, 3967
57171, -8323, -259484, 3968
57175, -8322, -259449, 3968
57178, -8320, -259418, 3969
57182, -8319, -259390, 3971
57186, -8318, -259357, 3974
57189, -8316, -259317, 3976
57193, -8315, -259284, 3975
57197, -8313, -259254, 3975
57200, -8312, -259224, 3977
57204, -8311, -259191, 3979
57208, -8310, -259154, 3981
57212, -8309, -259120, 3983
57215, -8307, -259094, 3982
57218, -8306, -259069, 3981
57221, -8305, -259044, 3985
57225, -8304, -259011, 3986
57229, -8303, -258972, 3990
57232, -8302, -258935, 3988
57236, -8300, -258905, 3990
57240, -8299, -258878, 3991
57244, -8297, -258849, 3993
57247, -8296, -258820, 3995
57251, -8294, -258787, 3997
57254, -8293, -258757, 3997
57258, -8292, -258729, 3998
57261, -8290, -258699, 3999
57265, -8290, -258666, 3999
57269, -8288, -258630, 4004
57273, -8287, -258602, 4004
57276, -8285, -258578, 4005
57279, -8284, -258553, 4004
57283, -8283, -258525, 4008
57287, -8282, -258492, 4008
57290, -8281, -258459, 4010
57294, -8279, -258428, 4011
57297, -8278, -258402, 4010
57301, -8277, -258377, 4013
57305, -8276, -258352, 4015
57308, -8274, -258320, 4018
57312, -8273, -258288, 4019
57315, -8271, -258262, 4019
57319, -8270, -258239, 4019
57322, -8269, -258216, 4020
57325, -8268, -258190, 4021
57329, -8267, -258154, 4023
57332, -8266, -258124, 4023
57336, -8265, -258097, 4025
57340, -8264, -258074, 4026
57343, -8263, -258049, 4028
57347, -8261, -258019, 4029
57350, -8259, -257989, 4034
57354, -8258, -257961, 4032
57357, -8257, -257934, 4032
57361, -8255, -257910, 4035
57365, -8254, -257881, 4036
57368, -8253, -257850, 4038
57372, -8251, -257823, 4040
57375, -8250, -257798, 4040
57379, -8249, -257775, 4041
57383, -8247, -257754, 4042
57386, -8246, -257726, 4044
57390, -8245, -257695, 4046
57393, -8244, -257666, 4046
57397, -8243, -257641, 4047
57400, -8241, -257619, 4049
57403, -8240, -257596, 4049
57407, -8239, -257569, 4051
57410, -8238, -257543, 4054
57414, -8236, -257517, 4054
57417, -8235, -257495, 4054
57421, -8234, -257475, 4054
57424, -8233, -257452, 4055
57427, -8233, -257426, 4058
57430, -8231, -257397, 4061
57434, -8230, -257373, 4060
57437, -8229, -257351, 4061
57440, -8227, -257329, 4063
57444, -8226, -257308, 4063
57447, -8225, -257284, 4067
57450, -8223, -257255, 4069
57454, -8222, -257229, 4068
57457, -8221, -257208, 4068
57461, -8219, -257185, 4071
57464, -8218, -257163, 4072
57468, -8217, -257135, 4073
57471, -8216, -257108, 4076
57474, -8214, -257084, 4077
57478, -8213, -257064, 4075
57481, -8212, -257042, 4078
57485, -8211, -257018, 4079
57488, -8210, -256990, 4081
57492, -8208, -256963, 4083
57495, -8207, -256940, 4082
57499, -8206, -256920, 4082
57502, -8205, -256898, 4084
57506, -8204, -256873, 4087
57509, -8203, -256846, 4089
57513, -8201, -256820, 4089
57516, -8200, -256800, 4090
57519, -8198, -256781, 4091
57523, -8197, -256761, 4092
57526, -8197, -256739, 4093
57529, -8195, -256711, 1
57533, -8194, -256687, 0
57536, -8193, -256667, 1
57539, -8191, -256647, 3
57543, -8190, -256627, 3
57546, -8189, -256604, 5
57549, -8188, -256575, 7
57553, -8187, -256552, 7
57556, -8186, -256532, 7
57560, -8184, -256512, 10
57563, -8184, -256491, 9
57566, -8183, -256467, 11
57570, -8181, -256441, 14
57573, -8179, -256417, 17
57576, -8179, -256396, 14
57580, -8177, -256377, 16
57583, -8176, -256355, 17
57587, -8175, -256330, 19
57590, -8174, -256305, 23
57593, -8172, -256282, 21
57597, -8171, -256261, 23
57600, -8170, -256241, 24
57604, -8168, -256222, 25
57607, -8168, -256196, 26
57611, -8166, -256171, 29
57614, -8165, -256149, 29
57617, -8164, -256130, 30
57620, -8163, -256111, 30
57624, -8162, -256090, 32
57627, -8160, -256068, 35
57630, -8159, -256042, 37
57633, -8158, -256021, 36
57637, -8156, -256001, 38
57640, -8155, -255983, 38
57644, -8154, -255964, 39
57647, -8153, -255941, 40
57650, -8152, -255917, 44
57653, -8150, -255894, 45
57657, -8149, -255875, 43
57660, -8148, -255856, 44
57663, -8147, -255835, 47
57667, -8146, -255815, 48
57670, -8145, -255791, 50
57673, -8143, -255770, 52
57677, -8142, -255751, 51
57680, -8141, -255733, 53
57684, -8140, -255714, 54
57687, -8138, -255688, 56
57691, -8137, -255664, 57
57694, -8136, -255642, 58
57698, -8135, -255621, 59
57701, -8134, -255601, 60
57705, -8132, -255579, 63
57709, -8131, -255551, 64
57713, -8129, -255526, 66
57716, -8128, -255506, 66
57720, -8126, -255488, 67
57724, -8125, -255467, 68
57727, -8124, -255441, 70
57731, -8123, -255413, 73
57734, -8121, -255391, 74
57738, -8120, -255372, 73
57742, -8119, -255350, 75
57745, -8117, -255328, 76
57749, -8116, -255301, 79
57752, -8115, -255280, 80
57756, -8114, -255261, 80
57759, -8112, -255245, 81
57762, -8111, -255224, 82
57766, -8110, -255204, 84
57769, -8109, -255179, 87
57773, -8107, -255157, 88
57776, -8106, -255136, 88
57779, -8105, -255119, 88
57782, -8104, -255098, 89
57786, -8103, -255072, 92
57790, -8101, -255048, 95
57793, -8100, -255028, 95
57796, -8098, -255008, 95
57800, -8097, -254987, 97
57804, -8096, -254968, 98
57807, -8095, -254946, 99
57810, -8093, -254921, 102
57814, -8092, -254898, 102
57818, -8091, -254877, 102
57821, -8090, -254857, 105
57825, -8088, -254832, 105
57829, -8087, -254803, 110
57833, -8085, -254779, 109
57837, -8084, -254756, 110
57841, -8082, -254735, 112
57844, -8081, -254712, 112
57848, -8080, -254685, 115
57852, -8079, -254659, 116
57856, -8077, -254638, 117
57859, -8076, -254619, 116
57863, -8075, -254596, 119
57867, -8074, -254571, 122
57870, -8072, -254547, 124
57874, -8071, -254525, 124
57877, -8069, -254506, 124
57880, -8068, -254488, 125
57884, -8067, -254469, 126
57887, -8066, -254445, 128
57891, -8065, -254416, 131
57895, -8064, -254392, 130
57898, -8062, -254374, 132
57902, -8061, -254353, 134
57906, -8059, -254330, 135
57909, -8058, -254305, 137
57912, -8056, -254281, 138
57916, -8055, -254261, 139
57920, -8054, -254241, 140
57923, -8053, -254220, 141
57927, -8051, -254195, 143
57930, -8050, -254170, 147
57934, -8048, -254149, 146
57937, -8047, -254130, 145
57940, -8046, -254110, 147
57944, -8045, -254089, 149
57947, -8044, -254063, 151
57951, -8043, -254037, 152
57955, -8041, -254017, 153
57958, -8040, -253999, 154
57962, -8039, -253977, 154
57966, -8038, -253953, 157
57970, -8036, -253926, 159
57973, -8035, -253902, 160
57977, -8033, -253881, 161
57980, -8032, -253862, 163
57984, -8030, -253842, 163
57987, -8029, -253818, 166
57991, -8027, -253793, 169
57994, -8026, -253771, 167
57998, -8025, -253750, 167
58001, -8024, -253730, 169
58005, -8023, -253707, 172
58009, -8022, -253680, 174
58012, -8020, -253656, 175
58016, -8019, -253633, 175
58020, -8017, -253615, 176
58023, -8016, -253594, 177
58026, -8015, -253571, 180
58030, -8014, -253543, 181
58033, -8013, -253518, 181
58037, -8011, -253498, 183
58041, -8010, -253479, 184
58045, -8009, -253457, 186
58048, -8007, -253430, 188
58052, -8005, -253403, 190
58056, -8004, -253380, 189
58059, -8003, -253361, 191
58063, -8002, -253339, 192
58066, -8001, -253314, 193
58070, -7999, -253288, 196
58073, -7998, -253263, 196
58077, -7997, -253245, 197
58080, -7996, -253226, 197
58083, -7994, -253208, 200
58086, -7994, -253185, 200
58090, -7992, -253159, 204
58093, -7991, -253136, 204
58097, -7989, -253115, 204
58100, -7988, -253094, 206
58104, -7987, -253071, 207
58108, -7985, -253043, 210
58111, -7984, -253018, 211
58115, -7983, -252996, 211
58118, -7981, -252974, 212
58122, -7980, -252954, 214
58126, -7979, -252931, 216
58129, -7977, -252902, 219
58133, -7975, -252876, 220
58136, -7974, -252856, 218
58140, -7973, -252837, 219
58143, -7972, -252814, 221
58147, -7971, -252791, 223
58150, -7971, -252763, 224
58154, -7969, -252741, 226
58157, -7968, -252720, 226
58161, -7966, -252699, 228
58164, -7965, -252674, 230
58168, -7963, -252645, 232
58172, -7962, -252617, 232
58176, -7960, -252592, 234
58179, -7959, -252573, 235
58183, -7958, -252553, 236
58186, -7956, -252530, 239
58189, -7955, -252504, 239
58192, -7954, -252480, 240
58196, -7953, -252459, 240
58199, -7952, -252441, 241
58202, -7951, -252420, 243
58206, -7950, -252393, 245
58210, -7948, -252365, 248
58213, -7947, -252339, 248
58217, -7945, -252318, 248
58220, -7944, -252297, 250
58223, -7943, -252277, 251
58227, -7941, -252251, 254
58230, -7940, -252220, 256
58234, -7938, -252196, 256
58237, -7937, -252170, 255
58241, -7936, -252150, 256
58245, -7935, -252124, 258
58248, -7934, -252094, 261
58252, -7933, -252067, 262
58255, -7932, -252043, 262
58259, -7930, -252019, 264
58262, -7929, -251998, 265
58266, -7928, -251973, 267
58270, -7926, -251941, 270
58273, -7924, -251917, 270
58276, -7923, -251896, 271
58280, -7922, -251874, 270
58284, -7921, -251848, 272
58287, -7920, -251816, 276
58291, -7918, -251781, 277
58296, -7917, -251755, 277
58299, -7916, -251734, 278
58302, -7914, -251713, 280
58306, -7913, -251686, 281
58309, -7912, -251656, 284
58313, -7910, -251631, 285
58316, -7909, -251608, 284
58319, -7908, -251587, 285
58323, -7906, -251560, 288
58326, -7905, -251531, 290
58330, -7904, -251502, 291
58333, -7902, -251472, 292
58337, -7901, -251449, 293
58341, -7900, -251424, 294
58345, -7899, -251399, 295
58348, -7897, -251370, 298
58352, -7896, -251339, 299
58356, -7895, -251313, 299
58359, -7893, -251289, 301
58363, -7892, -251265, 301
58366, -7891, -251239, 302
58370, -7890, -251206, 307
58373, -7888, -251174, 306
58377, -7887, -251150, 307
58380, -7886, -251128, 307
58384, -7885, -251105, 308
58387, -7884, -251074, 312
58391, -7882, -251040, 313
58395, -7881, -251010, 314
58398, -7879, -250982, 314
58402, -7878, -250956, 316
58406, -7877, -250929, 317
58410, -7875, -250898, 321
58413, -7874, -250871, 322
58416, -7872, -250844, 322
58420, -7871, -250820, 322
58423, -7869, -250794, 324
58426, -7869, -250765, 325
58430, -7867, -250729, 328
58434, -7866, -250698, 329
58437, -7865, -250672, 328
58441, -7863, -250643, 331
58445, -7862, -250614, 331
58449, -7861, -250578, 335
58452, -7860, -250544, 335
58456, -7858, -250516, 336
58460, -7857, -250493, 336
58463, -7856, -250468, 338
58466, -7855, -250436, 340
58470, -7853, -250400, 343
58474, -7852, -250366, 342
58478, -7850, -250338, 343
58482, -7849, -250307, 344
58485, -7848, -250276, 347
58489, -7847, -250244, 349
58492, -7845, -250212, 350
58495, -7844, -250180, 350
58499, -7842, -250152, 351
58503, -7841, -250125, 351
58507, -7840, -250087, 354
58511, -7839, -250045, 356
58514, -7838, -250013, 358
58518, -7836, -249983, 358
58522, -7835, -249956, 358
58525, -7833, -249927, 361
58528, -7832, -249890, 363
58532, -7831, -249856, 364
58535, -7829, -249827, 365
58538, -7828, -249798, 365
58542, -7827, -249771, 365
58546, -7826, -249736, 369
58549, -7825, -249696, 371
58553, -7823, -249665, 371
58556, -7822, -249637, 373
58559, -7820, -249607, 373
58563, -7819, -249579, 373
58566, -7818, -249546, 378
58570, -7817, -249506, 378
58573, -7816, -249469, 378
58577, -7814, -249437, 379
58581, -7813, -249406, 380
58584, -7812, -249377, 381
58587, -7811, -249342, 383
58591, -7810, -249301, 386
58594, -7809, -249263, 385
58598, -7807, -249231, 386
58601, -7806, -249202, 387
58605, -7805, -249167, 389
58609, -7804, -249126, 392
58612, -7802, -249088, 393
58615, -7801, -249054, 394
58619, -7799, -249025, 394
58622, -7798, -248991, 395
58626, -7797, -248952, 398
58630, -7795, -248909, 401
58633, -7794, -248874, 401
58636, -7792, -248843, 401
58640, -7791, -248814, 401
58643, -7790, -248783, 403
58646, -7789, -248744, 405
58650, -7788, -248702, 408
58653, -7786, -248666, 409
58656, -7785, -248634, 409
58659, -7784, -248603, 408
58663, -7783, -248570, 411
58666, -7781, -248536, 414
58669, -7780, -248490, 416
58673, -7779, -248447, 416
58677, -7777, -248410, 416
58680, -7776, -248377, 417
58683, -7775, -248340, 418
58687, -7774, -248289, 420
58691, -7773, -248237, 422
58695, -7772, -248197, 423
58698, -7770, -248160, 423
58702, -7769, -248124, 423
58706, -7768, -248080, 427
58709, -7766, -248029, 430
58713, -7765, -247985, 429
58716, -7764, -247945, 430
58720, -7762, -247906, 431
58724, -7761, -247865, 431
58727, -7760, -247819, 435
58731, -7759, -247763, 436
58735, -7758, -247722, 437
58739, -7756, -247685, 439
58742, -7754, -247647, 439
58746, -7753, -247608, 440
58749, -7752, -247563, 444
58752, -7750, -247519, 446
58756, -7749, -247478, 445
58759, -7748, -247444, 445
58763, -7746, -247404, 447
58767, -7745, -247355, 449
58770, -7744, -247304, 451
58774, -7743, -247263, 452
58777, -7741, -247227, 452
58781, -7740, -247194, 454
58784, -7739, -247146, 455
58788, -7738, -247097, 456
58791, -7736, -247051, 460
58795, -7735, -247013, 458
58798, -7734, -246980, 459
58802, -7733, -246943, 461
58805, -7732, -246904, 462
58809, -7730, -246858, 466
58812, -7729, -246814, 464
58816, -7728, -246776, 466
58819, -7727, -246741, 467
58823, -7725, -246704, 468
58826, -7724, -246663, 471
58830, -7722, -246613, 474
58834, -7721, -246572, 472
58837, -7720, -246537, 474
58840, -7718, -246504, 475
58844, -7717, -246462, 476
58848, -7716, -246423, 479
58851, -7715, -246381, 479
58854, -7714, -246344, 480
58858, -7713, -246309, 481
58861, -7711, -246279, 482
58864, -7710, -246241, 484
58868, -7709, -246195, 487
58871, -7707, -246154, 487
58875, -7706, -246120, 488
58878, -7705, -246085, 488
58882, -7704, -246055, 490
58885, -7703, -246017, 492
58889, -7701, -245968, 496
58893, -7699, -245922, 495
58897, -7698, -245888, 496
58900, -7696, -245858, 497
58903, -7695, -245826, 498
58907, -7695, -245790, 499
58910, -7693, -245744, 503
58914, -7692, -245707, 503
58917, -7690, -245675, 503
58921, -7689, -245639, 505
58925, -7688, -245600, 506
58929, -7686, -245559, 509
58932, -7685, -245520, 511
58936, -7683, -245489, 511
58939, -7682, -245453, 511
58943, -7681, -245417, 512
58947, -7679, -245381, 516
58950, -7678, -245341, 516
58953, -7677, -245306, 516
58956, -7676, -245276, 517
58960, -7675, -245248, 517
58963, -7674, -245217, 520
58966, -7674, -245180, 520
58970, -7672, -245136, 525
58974, -7670, -245100, 524
58977, -7669, -245070, 525
58981, -7668, -245039, 526
58984, -7666, -245004, 527
58988, -7665, -244964, 530
58991, -7664, -244923, 532
58995, -7662, -244892, 533
58998, -7660, -244861, 534
59001, -7659, -244830, 533
59005, -7658, -244795, 536
59009, -7657, -244755, 539
59012, -7656, -244720, 538
59016, -7655, -244686, 539
59019, -7653, -244655, 541
59023, -7652, -244622, 542
59027, -7651, -244587, 543
59030, -7649, -244548, 547
59033, -7648, -244513, 546
59037, -7647, -244479, 547
59041, -7645, -244449, 548
59044, -7644, -244419, 549
59048, -7643, -244381, 552
59051, -7641, -244344, 555
59055, -7640, -244310, 554
59058, -7639, -244283, 555
59062, -7637, -244257, 556
59065, -7636, -244225, 558
59068, -7635, -244190, 560
59071, -7634, -244155, 561
59075, -7632, -244124, 562
59078, -7631, -244096, 561
59081, -7630, -244069, 564
59085, -7629, -244034, 564
59088, -7628, -243999, 568
59092, -7626, -243965, 569
59095, -7625, -243930, 568
59099, -7624, -243901, 570
59103, -7622, -243871, 571
59106, -7621, -243837, 573
59110, -7620, -243800, 576
59113, -7618, -243767, 576
59117, -7617, -243736, 576
59120, -7616, -243708, 578
59124, -7615, -243676, 579
59128, -7613, -243637, 583
59131, -7612, -243598, 583
59135, -7610, -243566, 584
59139, -7609, -243539, 583
59142, -7608, -243508, 584
59146, -7607, -243473, 587
59150, -7606, -243433, 591
59154, -7604, -243400, 591
59157, -7603, -243370, 591
59161, -7601, -243342, 592
59165, -7600, -243311, 594
59168, -7599, -243276, 597
59171, -7597, -243243, 597
59175, -7596, -243215, 598
59178, -7595, -243190, 599
59181, -7593, -243165, 600
59185, -7592, -243137, 602
59188, -7591, -243102, 603
59192, -7590, -243065, 605
59195, -7589, -243036, 605
59199, -7588, -243007, 605
59202, -7587, -242980, 607
59206, -7585, -242947, 609
59209, -7584, -242910, 612
59213, -7582, -242875, 613
59217, -7581, -242847, 613
59220, -7580, -242818, 613
59224, -7578, -242788, 617
59227, -7577, -242756, 617
59231, -7576, -242718, 620
59234, -7574, -242690, 620
59238, -7573, -242659, 620
59242, -7572, -242629, 621
59246, -7570, -242597, 625
59250, -7569, -242556, 627
59253, -7568, -242525, 627
59257, -7566, -242495, 628
59260, -7564, -242470, 629
59264, -7564, -242442, 629
59267, -7562, -242405, 633
59271, -7561, -242367, 635
59275, -7560, -242336, 634
59279, -7558, -242305, 635
59283, -7557, -242276, 637
59286, -7556, -242246, 639
59290, -7554, -242212, 641
59293, -7553, -242183, 642
59296, -7551, -242158, 643
59300, -7550, -242132, 642
59303, -7549, -242105, 644
59307, -7548, -242070, 647
59310, -7547, -242033, 649
59314, -7545, -242005, 649
59317, -7544, -241976, 649
59321, -7543, -241950, 650
59325, -7542, -241921, 652
59328, -7540, -241887, 656
59331, -7539, -241855, 655
59335, -7538, -241825, 657
59339, -7536, -241798, 658
59342, -7535, -241770, 659
59346, -7534, -241740, 661
59349, -7532, -241705, 664
59353, -7530, -241674, 664
59356, -7529, -241647, 663
59360, -7528, -241621, 664
59363, -7527, -241593, 666
59367, -7526, -241560, 669
59371, -7525, -241524, 670
59374, -7524, -241492, 670
59378, -7522, -241467, 671
59381, -7521, -241439, 673
59385, -7520, -241410, 675
59388, -7518, -241378, 677
59392, -7517, -241343, 678
59395, -7515, -241315, 679
59399, -7514, -241290, 679
59402, -7513, -241264, 681
59405, -7512, -241238, 682
59409, -7511, -241204, 684
59412, -7509, -241171, 685
59416, -7508, -241144, 684
59419, -7507, -241119, 686
59423, -7506, -241093, 689
59426, -7505, -241063, 689
59429, -7504, -241030, 691
59433, -7502, -240998, 693
59436, -7500, -240970, 694
59440, -7499, -240941, 694
59444, -7498, -240913, 694
59447, -7497, -240883, 697
59451, -7496, -240848, 701
59454, -7495, -240816, 699
59458, -7493, -240791, 700
59461, -7491, -240765, 704
59465, -7490, -240735, 703
59469, -7489, -240700, 707
59472, -7487, -240666, 707
59476, -7486, -240639, 707
59479, -7485, -240614, 709
59483, -7484, -240586, 710
59487, -7483, -240545, 712
59491, -7481, -240511, 715
59494, -7479, -240482, 715
59498, -7478, -240454, 714
59501, -7477, -240427, 717
59505, -7476, -240396, 718
59509, -7474, -240358, 722
59512, -7473, -240327, 722
59516, -7471, -240300, 724
59519, -7470, -240276, 722
59523, -7469, -240250, 723
59526, -7468, -240220, 726
59530, -7467, -240180, 728
59534, -7466, -240147, 730
59537, -7464, -240119, 729
59541, -7463, -240094, 731
59544, -7462, -240067, 732
59548, -7460, -240034, 736
59551, -7458, -240001, 738
59555, -7457, -239971, 738
59558, -7455, -239943, 738
59562, -7454, -239917, 740
59565, -7453, -239888, 740
59569, -7452, -239854, 744
59572, -7450, -239822, 744
59576, -7449, -239792, 744
59579, -7448, -239764, 746
59583, -7447, -239736, 747
59586, -7446, -239706, 749
59590, -7444, -239669, 751
59594, -7443, -239635, 752
59597, -7441, -239607, 752
59601, -7440, -239581, 752
59604, -7439, -239554, 754
59608, -7438, -239521, 757
59611, -7437, -239487, 759
59615, -7435, -239460, 759
59619, -7434, -239432, 761
59622, -7432, -239407, 762
59625, -7431, -239378, 763
59629, -7430, -239345, 763
59632, -7428, -239314, 767
59635, -7427, -239286, 767
59639, -7426, -239262, 766
59642, -7425, -239237, 768
59645, -7424, -239209, 769
59649, -7423, -239174, 772
59652, -7422, -239140, 774
59655, -7420, -239113, 774
59659, -7419, -239086, 774
59662, -7418, -239057, 776
59666, -7416, -239023, 778
59670, -7415, -238982, 780
59674, -7414, -238953, 781
59678, -7412, -238924, 783
59681, -7411, -238898, 783
59684, -7409, -238869, 785
59688, -7408, -238837, 788
59691, -7406, -238804, 787
59694, -7406, -238775, 786
59698, -7405, -238749, 789
59701, -7404, -238724, 789
59704, -7403, -238698, 792
59707, -7402, -238665, 793
59711, -7400, -238629, 794
59714, -7399, -238599, 795
59717, -7398, -238573, 796
59721, -7397, -238548, 797
59724, -7395, -238521, 799
59727, -7394, -238488, 801
59731, -7392, -238451, 803
59735, -7391, -238417, 804
59738, -7389, -238388, 804
59742, -7388, -238358, 805
59746, -7387, -238324, 807
59749, -7385, -238283, 811
59753, -7384, -238249, 810
59756, -7383, -238215, 809
59761, -7382, -238187, 811
59765, -7381, -238154, 812
59768, -7380, -238116, 817
59772, -7378, -238079, 817
59776, -7377, -238048, 817
59779, -7375, -238020, 818
59782, -7374, -237989, 819
59786, -7373, -237957, 821
59789, -7372, -237920, 824
59793, -7370, -237880, 825
59797, -7369, -237848, 825
59801, -7368, -237817, 825
59805, -7366, -237781, 828
59809, -7365, -237741, 831
59812, -7364, -237707, 831
59815, -7362, -237674, 832
59819, -7360, -237644, 834
59823, -7359, -237615, 835
59826, -7358, -237581, 836
59830, -7357, -237544, 838
59833, -7355, -237511, 839
59836, -7354, -237483, 840
59839, -7353, -237455, 840
59843, -7352, -237428, 842
59846, -7351, -237396, 842
59850, -7350, -237355, 846
59853, -7349, -237318, 845
59857, -7347, -237288, 846
59860, -7346, -237256, 848
59864, -7345, -237222, 848
59868, -7344, -237182, 851
59871, -7342, -237145, 854
59875, -7341, -237110, 854
59878, -7339, -237081, 855
59882, -7338, -237052, 855
59885, -7337, -237017, 857
59889, -7335, -236979, 860
59892, -7334, -236940, 861
59896, -7333, -236906, 861
59900, -7332, -236872, 861
59904, -7330, -236836, 863
59907, -7329, -236797, 867
59911, -7328, -236754, 868
59915, -7326, -236717, 869
59918, -7324, -236685, 869
59922, -7323, -236649, 871
59926, -7322, -236608, 871
59930, -7320, -236562, 876
59934, -7319, -236521, 875
59937, -7318, -236492, 875
59941, -7317, -236461, 876
59944, -7315, -236427, 879
59947, -7315, -236389, 880
59951, -7313, -236346, 882
59954, -7312, -236309, 882
59958, -7310, -236279, 883
59961, -7310, -236243, 882
59965, -7309, -236206, 886
59969, -7307, -236161, 890
59972, -7306, -236117, 889
59976, -7304, -236079, 890
59980, -7302, -236044, 891
59984, -7301, -236011, 893
59987, -7300, -235969, 895
59991, -7298, -235924, 897
59994, -7297, -235885, 898
59998, -7295, -235853, 899
60002, -7294, -235816, 899
60005, -7293, -235778, 901
60009, -7291, -235731, 905
60013, -7290, -235684, 904
60016, -7289, -235648, 904
60020, -7288, -235616, 905
60023, -7286, -235577, 908
60027, -7285, -235531, 910
60031, -7284, -235487, 912
60034, -7282, -235450, 911
60037, -7281, -235417, 912
60041, -7280, -235385, 915
60044, -7279, -235351, 915
60047, -7278, -235310, 917
60050, -7276, -235263, 920
60054, -7274, -235226, 919
60057, -7274, -235191, 919
60061, -7273, -235156, 920
60064, -7271, -235122, 923
60067, -7271, -235079, 923
60070, -7270, -235032, 925
60074, -7268, -234989, 927
60077, -7266, -234954, 928
60081, -7265, -234916, 928
60084, -7264, -234880, 930
60088, -7262, -234838, 933
60091, -7261, -234791, 934
60094, -7260, -234753, 933
60097, -7259, -234717, 935
60101, -7257, -234683, 936
60104, -7257, -234646, 937
60107, -7255, -234603, 941
60110, -7254, -234557, 941
60114, -7252, -234516, 941
60117, -7251, -234476, 942
60121, -7250, -234436, 942
60124, -7249, -234395, 946
60128, -7248, -234348, 947
60131, -7246, -234297, 950
60135, -7245, -234254, 949
60138, -7243, -234214, 950
60142, -7242, -234173, 950
60145, -7241, -234131, 953
60149, -7240, -234080, 954
60152, -7239, -234032, 956
60155, -7238, -233991, 957
60159, -7236, -233955, 957
60162, -7235, -233917, 958
60165, -7234, -233876, 961
60168, -7233, -233829, 962
60172, -7231, -233777, 963
60175, -7230, -233734, 965
60178, -7228, -233692, 965
60182, -7228, -233648, 965
60186, -7227, -233600, 967
60189, -7225, -233543, 971
60193, -7224, -233492, 969
60196, -7223, -233447, 972
60200, -7222, -233407, 970
60203, -7221, -233366, 973
60206, -7220, -233318, 975
60209, -7218, -233261, 977
60213, -7217, -233204, 978
60217, -7215, -233159, 979
60220, -7214, -233118, 978
60223, -7213, -233075, 980
60227, -7212, -233024, 983
60230, -7210, -232969, 986
60233, -7209, -232920, 986
60237, -7208, -232875, 985
60240, -7206, -232835, 986
60243, -7205, -232792, 988
60246, -7205, -232743, 990
60250, -7203, -232684, 992
60253, -7202, -232632, 992
60256, -7201, -232589, 991
60260, -7200, -232544, 992
60263, -7199, -232492, 995
60267, -7198, -232434, 997
60270, -7197, -232374, 1000
60274, -7195, -232325, 1000
60277, -7193, -232281, 1000
60280, -7192, -232239, 1001
60283, -7191, -232192, 1003
60287, -7190, -232132, 1006
60290, -7188, -232069, 1006
60293, -7187, -232012, 1008
60297, -7186, -231963, 1006
60301, -7185, -231910, 1008
60305, -7184, -231853, 1009
60308, -7183, -231788, 1012
60312, -7182, -231717, 1014
60315, -7180, -231661, 1016
60319, -7178, -231617, 1015
60322, -7177, -231563, 1017
60326, -7175, -231496, 1019
60330, -7174, -231426, 1021
60333, -7173, -231364, 1021
60337, -7172, -231309, 1022
60341, -7170, -231255, 1024
60345, -7169, -231189, 1025
60349, -7168, -231120, 1028
60352, -7166, -231059, 1029
60356, -7165, -231001, 1029
60360, -7164, -230947, 1029
60363, -7163, -230892, 1030
60367, -7161, -230833, 1034
60370, -7160, -230768, 1036
60374, -7159, -230707, 1036
60378, -7157, -230659, 1036
60381, -7156, -230614, 1038
60384, -7154, -230563, 1040
60388, -7153, -230498, 1042
60392, -7152, -230434, 1043
60396, -7150, -230383, 1045
60399, -7149, -230340, 1045
60402, -7147, -230296, 1046
60406, -7146, -230241, 1048
60410, -7145, -230181, 1049
60413, -7144, -230129, 1049
60416, -7143, -230084, 1052
60420, -7142, -230040, 1052
60423, -7141, -229995, 1053
60427, -7139, -229944, 1056
60430, -7137, -229886, 1058
60434, -7136, -229833, 1057
60437, -7135, -229791, 1059
60441, -7134, -229747, 1059
60445, -7133, -229702, 1061
60448, -7132, -229648, 1063
60452, -7130, -229590, 1064
60455, -7129, -229542, 1067
60460, -7127, -229493, 1066
60463, -7126, -229446, 1069
60467, -7124, -229402, 1070
60470, -7123, -229348, 1073
60474, -7122, -229299, 1072
60478, -7120, -229255, 1073
60482, -7119, -229214, 1074
60485, -7118, -229177, 1075
60488, -7117, -229128, 1078
60491, -7116, -229081, 1080
60495, -7114, -229042, 1080
60498, -7113, -229006, 1079
60501, -7112, -228967, 1082
60505, -7111, -228922, 1084
60509, -7109, -228872, 1086
60512, -7108, -228823, 1087
60516, -7106, -228784, 1088
60520, -7105, -228746, 1088
60524, -7104, -228706, 1090
60527, -7103, -228665, 1090
60530, -7102, -228618, 1093
60534, -7101, -228573, 1094
60537, -7099, -228538, 1094
60541, -7098, -228502, 1096
60544, -7097, -228461, 1097
60548, -7095, -228416, 1101
60552, -7094, -228369, 1101
60556, -7092, -228330, 1101
60559, -7091, -228297, 1102
60562, -7090, -228262, 1105
60566, -7089, -228218, 1106
60570, -7087, -228172, 1109
60574, -7085, -228132, 1109
60577, -7084, -228100, 1110
60581, -7083, -228063, 1110
60584, -7081, -228022, 1113
60588, -7080, -227979, 1115
60592, -7079, -227939, 1114
60595, -7078, -227906, 1115
60598, -7077, -227878, 1116
60602, -7076, -227847, 1118
60605, -7075, -227813, 1120
60608, -7073, -227773, 1122
60612, -7072, -227732, 1124
60615, -7070, -227700, 1123
60618, -7069, -227671, 1124
60622, -7068, -227637, 1125
60626, -7067, -227599, 1128
60630, -7066, -227549, 1130
60634, -7064, -227509, 1130
60637, -7063, -227477, 1131
60640, -7061, -227446, 1133
60644, -7060, -227413, 1135
60648, -7059, -227375, 1135
60651, -7057, -227336, 1137
60655, -7056, -227304, 1138
60658, -7055, -227274, 1138
60662, -7054, -227245, 1141
60665, -7052, -227213, 1142
60668, -7051, -227176, 1144
60672, -7049, -227140, 1146
60676, -7048, -227108, 1146
60680, -7047, -227081, 1146
60683, -7046, -227050, 1148
60687, -7044, -227015, 1150
60690, -7043, -226974, 1153
60694, -7042, -226939, 1153
60697, -7040, -226911, 1154
60701, -7038, -226885, 1156
60704, -7037, -226857, 1156
60707, -7036, -226826, 1158
60711, -7035, -226789, 1160
60714, -7033, -226759, 1161
60717, -7033, -226731, 1160
60721, -7031, -226704, 1162
60724, -7030, -226676, 1163
60728, -7029, -226641, 1166
60731, -7028, -226607, 1168
60735, -7026, -226580, 1169
60738, -7025, -226555, 1166
60742, -7024, -226527, 1170
60745, -7023, -226494, 1172
60749, -7021, -226459, 1175
60752, -7020, -226425, 1176
60756, -7018, -226390, 1175
60760, -7017, -226363, 1176
60764, -7016, -226333, 1177
60768, -7014, -226296, 1182
60772, -7013, -226260, 1182
60776, -7012, -226230, 1183
60779, -7010, -226207, 1184
60782, -7008, -226182, 1185
60786, -7007, -226154, 1187
60789, -7006, -226121, 1190
60793, -7005, -226091, 1189
60797, -7004, -226064, 1189
60800, -7002, -226040, 1191
60804, -7001, -226010, 1192
60808, -7000, -225971, 1196
60812, -6999, -225936, 1197
60816, -6997, -225908, 1197
60819, -6996, -225884, 1197
60823, -6995, -225860, 1198
60826, -6993, -225832, 1202
60830, -6992, -225802, 1204
60833, -6991, -225775, 1204
60836, -6989, -225751, 1205
60840, -6988, -225727, 1205
60843, -6987, -225698, 1207
60847, -6986, -225671, 1209
60850, -6984, -225637, 1211
60854, -6983, -225610, 1211
60858, -6982, -225584, 1212
60862, -6980, -225563, 1213
60865, -6979, -225539, 1215
60869, -6978, -225508, 1218
60872, -6976, -225476, 1218
60876, -6975, -225448, 1219
60880, -6974, -225423, 1220
60884, -6972, -225397, 1222
60888, -6971, -225366, 1225
60891, -6969, -225336, 1225
60895, -6968, -225311, 1225
60899, -6967, -225289, 1227
60903, -6966, -225264, 1228
60907, -6965, -225236, 1230
60910, -6963, -225206, 1233
60913, -6961, -225178, 1233
60917, -6960, -225155, 1233
60920, -6959, -225133, 1235
60924, -6958, -225111, 1236
60927, -6957, -225086, 1237
60930, -6955, -225058, 1241
60934, -6954, -225036, 1241
60937, -6953, -225016, 1240
60941, -6951, -224997, 1243
60944, -6950, -224975, 1243
60947, -6949, -224946, 1246
60951, -6947, -224918, 1249
60954, -6946, -224893, 1248
60958, -6945, -224871, 1249
60961, -6944, -224850, 1248
60965, -6943, -224826, 1249
60968, -6942, -224798, 1253
60972, -6941, -224770, 1255
60976, -6940, -224749, 1255
60979, -6938, -224728, 1255
60983, -6936, -224706, 1258
60987, -6935, -224679, 1258
60990, -6934, -224650, 1262
60994, -6933, -224625, 1261
60997, -6932, -224604, 1261
61001, -6931, -224583, 1262
61004, -6929, -224561, 1266
61008, -6928, -224537, 1268
61011, -6927, -224510, 1268
61015, -6925, -224486, 1269
61019, -6924, -224469, 1269
61022, -6923, -224448, 1270
61025, -6922, -224425, 1273
61029, -6920, -224398, 1276
61032, -6919, -224371, 1277
61036, -6917, -224349, 1276
61039, -6916, -224330, 1277
61043, -6915, -224312, 1278
61046, -6914, -224293, 1280
61049, -6913, -224266, 1284
61052, -6911, -224240, 1282
61056, -6910, -224220, 1282
61060, -6909, -224202, 1284
61063, -6908, -224180, 1286
61067, -6907, -224155, 1288
61070, -6906, -224128, 1289
61074, -6904, -224104, 1290
61078, -6903, -224080, 1291
61082, -6902, -224059, 1291
61085, -6901, -224036, 1294
61089, -6899, -224011, 1297
61093, -6898, -223985, 1297
61097, -6896, -223965, 1297
61100, -6895, -223946, 1299
61103, -6894, -223924, 1299
61107, -6893, -223900, 1302
61110, -6891, -223875, 1304
61114, -6890, -223852, 1305
61117, -6889, -223832, 1304
61121, -6887, -223815, 1306
61124, -6887, -223796, 1306
61128, -6885, -223771, 1310
61131, -6884, -223747, 1310
61135, -6883, -223727, 1312
61138, -6882, -223711, 1312
61141, -6880, -223693, 1313
61145, -6879, -223673, 1315
61148, -6878, -223649, 1318
61151, -6876, -223625, 1319
61155, -6875, -223601, 1320
61158, -6873, -223582, 1320
61162, -6872, -223562, 1321
61166, -6871, -223538, 1323
61170, -6870, -223511, 1326
61174, -6868, -223490, 1326
61177, -6867, -223472, 1327
61181, -6866, -223454, 1327
61184, -6865, -223434, 1328
61187, -6864, -223411, 1332
61191, -6862, -223384, 1333
61194, -6861, -223360, 1333
61198, -6860, -223340, 1332
61202, -6859, -223321, 1334
61205, -6857, -223300, 1339
61209, -6856, -223276, 1340
61213, -6854, -223254, 1341
61216, -6853, -223236, 1341
61219, -6851, -223219, 1342
61223, -6850, -223197, 1343
61227, -6849, -223174, 1346
61231, -6848, -223150, 1348
61234, -6846, -223127, 1348
61238, -6845, -223106, 1348
61242, -6844, -223089, 1350
61245, -6843, -223070, 1351
61248, -6842, -223049, 1353
61251, -6840, -223027, 1355
61255, -6839, -223008, 1355
61258, -6838, -222992, 1354
61262, -6837, -222975, 1357
61265, -6836, -222956, 1359
61269, -6834, -222930, 1362
61273, -6833, -222908, 1363
61276, -6831, -222889, 1363
61279, -6830, -222872, 1363
61283, -6828, -222852, 1365
61286, -6827, -222831, 1367
61290, -6826, -222810, 1369
61293, -6825, -222789, 1369
61297, -6824, -222771, 1370
61301, -6823, -222752, 1370
61305, -6821, -222733, 1373
61308, -6820, -222708, 1376
61312, -6818, -222686, 1377
61315, -6817, -222668, 1377
61318, -6816, -222649, 1377
61322, -6815, -222630, 1378
61325, -6814, -222606, 1381
61329, -6813, -222575, 1382
61334, -6811, -222546, 1384
61339, -6810, -222526, 1385
61343, -6808, -222501, 1387
61348, -6806, -222471, 1390
61353, -6804, -222447, 1391
61357, -6803, -222429, 1390
61360, -6802, -222412, 1392
61363, -6800, -222393, 1394
61367, -6799, -222372, 1395
61370, -6798, -222348, 1398
61373, -6796, -222327, 1398
61377, -6795, -222309, 1398
61380, -6794, -222292, 1398
61384, -6793, -222268, 1403
61388, -6791, -222242, 1406
61392, -6789, -222220, 1406
61395, -6788, -222202, 1405
61399, -6787, -222185, 1405
61402, -6786, -222166, 1408
61406, -6785, -222143, 1410
61410, -6783, -222117, 1413
61413, -6782, -222092, 1413
61417, -6780, -222075, 1415
61421, -6779, -222057, 1414
61424, -6777, -222038, 1416
61428, -6776, -222012, 1418
61432, -6775, -221985, 1420
61436, -6774, -221962, 1420
61440, -6772, -221943, 1422
61444, -6771, -221918, 1423
61449, -6769, -221891, 1426
61452, -6768, -221866, 1427
61456, -6767, -221848, 1427
61460, -6765, -221827, 1428
61464, -6764, -221799, 1430
61469, -6763, -221775, 1433
61472, -6761, -221754, 1435
61476, -6760, -221736, 1434
61479, -6758, -221721, 1436
61482, -6757, -221704, 1437
61486, -6755, -221685, 1439
61489, -6754, -221662, 1441
61492, -6753, -221641, 1441
61496, -6752, -221619, 1442
61500, -6750, -221600, 1443
61503, -6749, -221581, 1446
61507, -6748, -221559, 1447
61510, -6746, -221535, 1448
61514, -6745, -221514, 1449
61517, -6744, -221498, 1449
61521, -6743, -221479, 1452
61525, -6741, -221458, 1453
61529, -6740, -221432, 1456
61532, -6738, -221407, 1457
61536, -6737, -221387, 1456
61540, -6736, -221365, 1458
61544, -6734, -221335, 1460
61549, -6733, -221305, 1464
61553, -6731, -221280, 1464
61557, -6730, -221258, 1463
61562, -6728, -221238, 1466
61566, -6726, -221218, 1469
61570, -6725, -221187, 1471
61574, -6723, -221161, 1472
61579, -6721, -221141, 1473
61583, -6720, -221122, 1474
61586, -6718, -221102, 1476
61589, -6717, -221079, 1479
61593, -6716, -221056, 1478
61596, -6714, -221038, 1480
61599, -6713, -221022, 1480
61603, -6712, -221005, 1480
61606, -6712, -220986, 1482
61609, -6710, -220961, 1486
61613, -6709, -220938, 1486
61617, -6708, -220918, 1486
61620, -6706, -220899, 1487
61624, -6705, -220879, 1489
61628, -6703, -220853, 1494
61632, -6702, -220828, 1493
61635, -6700, -220807, 1493
61639, -6699, -220789, 1493
61642, -6698, -220769, 1495
61646, -6697, -220749, 1498
61650, -6696, -220725, 1500
61653, -6694, -220702, 1500
61657, -6693, -220682, 1500
61661, -6692, -220664, 1502
61664, -6691, -220645, 1502
61668, -6690, -220621, 1506
61671, -6688, -220598, 1506
61675, -6687, -220576, 1507
61679, -6686, -220555, 1509
61682, -6684, -220534, 1510
61686, -6683, -220511, 1513
61690, -6681, -220484, 1515
61693, -6679, -220464, 1515
61697, -6678, -220446, 1517
61700, -6676, -220429, 1517
61704, -6675, -220410, 1517
61707, -6674, -220389, 1520
61710, -6673, -220364, 1521
61714, -6672, -220340, 1522
61717, -6671, -220316, 1522
61722, -6670, -220295, 1524
61725, -6669, -220274, 1526
61729, -6667, -220245, 1529
61733, -6666, -220218, 1529
61738, -6664, -220195, 1530
61742, -6662, -220176, 1532
61746, -6661, -220155, 1533
61749, -6660, -220131, 1536
61753, -6658, -220105, 1538
61756, -6656, -220082, 1539
61760, -6655, -220065, 1537
61763, -6654, -220047, 1540
61766, -6652, -220026, 1542
61770, -6651, -220001, 1544
61773, -6650, -219980, 1545
61777, -6649, -219960, 1544
61780, -6648, -219943, 1545
61783, -6647, -219925, 1547
61786, -6646, -219903, 1548
61790, -6645, -219877, 1551
61793, -6643, -219857, 1550
61796, -6642, -219836, 1552
61800, -6641, -219818, 1553
61803, -6640, -219796, 1553
61807, -6639, -219773, 1555
61810, -6637, -219749, 1558
61813, -6636, -219727, 1559
61817, -6635, -219709, 1558
61820, -6634, -219691, 1560
61824, -6632, -219671, 1561
61827, -6631, -219648, 1563
61831, -6630, -219622, 1566
61834, -6628, -219599, 1566
61838, -6627, -219579, 1566
61841, -6626, -219558, 1568
61845, -6625, -219537, 1568
61848, -6624, -219513, 1570
61851, -6623, -219487, 1573
61855, -6621, -219465, 1573
61859, -6620, -219444, 1575
61862, -6618, -219423, 1575
61866, -6617, -219400, 1576
61869, -6616, -219373, 1580
61873, -6614, -219349, 1580
61876, -6613, -219326, 1581
61880, -6612, -219304, 1581
61884, -6611, -219282, 1582
61887, -6610, -219257, 1586
61891, -6608, -219231, 1588
61894, -6607, -219207, 1587
61898, -6605, -219186, 1588
61901, -6604, -219168, 1589
61905, -6603, -219143, 1589
61909, -6602, -219118, 1595
61912, -6600, -219093, 1595
61915, -6599, -219070, 1596
61919, -6597, -219052, 1596
61922, -6596, -219031, 1597
61925, -6595, -219007, 1600
61929, -6594, -218982, 1601
61932, -6593, -218957, 1601
61935, -6591, -218935, 1602
61939, -6590, -218916, 1602
61942, -6590, -218896, 1604
61945, -6589, -218873, 1606
61948, -6587, -218848, 1608
61952, -6586, -218821, 1609
61955, -6584, -218799, 1610
61958, -6583, -218779, 1611
61962, -6582, -218759, 1611
61965, -6581, -218735, 1614
61968, -6579, -218710, 1616
61972, -6578, -218685, 1617
61975, -6577, -218662, 1617
61978, -6575, -218641, 1618
61982, -6574, -218620, 1620
61985, -6573, -218597, 1621
61988, -6572, -218569, 1623
61992, -6570, -218543, 1624
61995, -6569, -218520, 1626
61998, -6568, -218501, 1624
62001, -6567, -218481, 1627
62004, -6566, -218457, 1628
62008, -6565, -218433, 1630
62011, -6563, -218406, 1633
62014, -6562, -218381, 1631
62018, -6561, -218361, 1631
62021, -6560, -218340, 1632
62024, -6559, -218316, 1635
62028, -6558, -218289, 1637
62031, -6557, -218261, 1639
62034, -6555, -218236, 1638
62037, -6554, -218215, 1639
62040, -6553, -218195, 1640
62044, -6552, -218173, 1642
62047, -6551, -218147, 1642
62050, -6550, -218117, 1646
62054, -6549, -218092, 1645
62057, -6547, -218069, 1646
62060, -6546, -218048, 1647
62063, -6545, -218025, 1650
62067, -6544, -217999, 1651
62070, -6542, -217970, 1653
62073, -6541, -217944, 1654
62076, -6539, -217922, 1653
62079, -6538, -217900, 1655
62083, -6538, -217876, 1655
62086, -6537, -217852, 1657
62089, -6535, -217820, 1661
62092, -6534, -217793, 1660
62096, -6533, -217768, 1661
62099, -6532, -217746, 1661
62102, -6530, -217723, 1663
62106, -6530, -217696, 1665
62109, -6528, -217666, 1666
62112, -6527, -217637, 1668
62115, -6526, -217613, 1667
62119, -6525, -217591, 1668
62122, -6524, -217570, 1669
62125, -6523, -217541, 1672
62128, -6522, -217511, 1673
62132, -6520, -217480, 1675
62135, -6519, -217454, 1674
62138, -6517, -217430, 1677
62142, -6516, -217407, 1677
62145, -6515, -217381, 1679
62148, -6514, -217348, 1681
62152, -6512, -217317, 1684
62155, -6511, -217293, 1682
62158, -6510, -217269, 1683
62161, -6509, -217245, 1685
62164, -6508, -217220, 1685
62168, -6507, -217190, 1688
62171, -6505, -217155, 1690
62174, -6504, -217128, 1690
62178, -6503, -217104, 1690
62181, -6502, -217080, 1691
62184, -6501, -217056, 1692
62187, -6500, -217026, 1695
62191, -6499, -216989, 1697
62194, -6497, -216960, 1697
62197, -6496, -216933, 1698
62200, -6494, -216907, 1700
62204, -6493, -216881, 1699
62207, -6492, -216851, 1702
62210, -6491, -216817, 1705
62213, -6489, -216786, 1705
62217, -6489, -216757, 1704
62220, -6487, -216731, 1705
62223, -6486, -216705, 1707
62226, -6486, -216675, 1709
62230, -6484, -216641, 1711
62233, -6483, -216609, 1710
62236, -6482, -216580, 1712
62239, -6481, -216556, 1712
62243, -6480, -216529, 1715
62246, -6479, -216497, 1716
62249, -6477, -216460, 1718
62253, -6476, -216425, 1718
62256, -6474, -216397, 1719
62259, -6473, -216372, 1721
62262, -6472, -216343, 1722
62266, -6471, -216313, 1724
62269, -6469, -216277, 1726
62272, -6468, -216240, 1727
62275, -6466, -216209, 1727
62279, -6465, -216181, 1729
62282, -6464, -216152, 1728
62285, -6464, -216120, 1729
62289, -6462, -216078, 1734
62293, -6461, -216039, 1734
62296, -6460, -216008, 1734
62300, -6459, -215978, 1734
62303, -6457, -215949, 1737
62306, -6456, -215916, 1738
62310, -6455, -215874, 1741
62313, -6453, -215837, 1741
62316, -6452, -215803, 1742
62319, -6451, -215776, 1741
62323, -6450, -215744, 1743
62327, -6449, -215703, 1745
62330, -6448, -215658, 1749
62334, -6447, -215617, 1747
62337, -6445, -215579, 1749
62341, -6444, -215534, 1750
62346, -6442, -215493, 1752
62349, -6441, -215434, 1756
62354, -6439, -215387, 1755
62358, -6438, -215341, 1754
62363, -6437, -215304, 1758
62366, -6435, -215268, 1760
62370, -6434, -215222, 1763
62373, -6432, -215181, 1763
62376, -6430, -215148, 1763
62380, -6429, -215115, 1765
62383, -6428, -215071, 1766
62388, -6426, -215021, 1769
62391, -6425, -214973, 1770
62395, -6423, -214928, 1771
62400, -6422, -214874, 1770
62405, -6421, -214834, 1773
62408, -6420, -214790, 1776
62412, -6418, -214749, 1779
62415, -6416, -214710, 1779
62418, -6415, -214678, 1778
62422, -6414, -214639, 1778
62426, -6412, -214598, 1782
62429, -6411, -214550, 1785
62433, -6410, -214505, 1785
62437, -6408, -214465, 1786
62440, -6407, -214428, 1787
62444, -6406, -214384, 1787
62448, -6405, -214340, 1790
62452, -6403, -214285, 1793
62456, -6401, -214250, 1794
62460, -6400, -214214, 1794
62464, -6398, -214175, 1795
62467, -6397, -214127, 1797
62471, -6396, -214083, 1800
62475, -6395, -214043, 1798
62478, -6394, -214012, 1800
62482, -6392, -213979, 1802
62485, -6391, -213943, 1802
62488, -6390, -213901, 1806
62492, -6388, -213861, 1807
62495, -6387, -213819, 1808
62500, -6385, -213786, 1809
62503, -6384, -213749, 1810
62508, -6382, -213688, 1813
62512, -6381, -213636, 1814
62517, -6379, -213594, 1815
62521, -6378, -213562, 1815
62525, -6377, -213521, 1817
62529, -6375, -213480, 1822
62534, -6373, -213422, 1822
62537, -6372, -213389, 1822
62541, -6370, -213345, 1823
62546, -6369, -213310, 1825
62549, -6367, -213262, 1829
62553, -6366, -213224, 1829
62557, -6365, -213193, 1829
62560, -6363, -213154, 1830
62565, -6362, -213109, 1832
62569, -6360, -213064, 1836
62573, -6359, -213019, 1836
62577, -6358, -212986, 1836
62581, -6356, -212951, 1839
62585, -6354, -212920, 1840
62588, -6353, -212882, 1843
62592, -6351, -212843, 1843
62595, -6350, -212812, 1844
62598, -6349, -212783, 1843
62602, -6348, -212755, 1846
62605, -6347, -212721, 1847
62608, -6346, -212681, 1850
62612, -6344, -212636, 1852
62616, -6342, -212602, 1851
62620, -6341, -212574, 1852
62624, -6340, -212539, 1854
62628, -6338, -212495, 1857
62632, -6337, -212459, 1858
62635, -6336, -212428, 1859
62638, -6334, -212398, 1859
62642, -6333, -212368, 1860
62645, -6332, -212338, 1862
62649, -6331, -212300, 1865
62652, -6329, -212257, 1866
62656, -6328, -212216, 1866
62661, -6327, -212177, 1866
62666, -6325, -212147, 1869
62669, -6324, -212108, 1872
62673, -6322, -212069, 1874
62677, -6321, -212039, 1873
62680, -6319, -212013, 1874
62683, -6318, -211984, 1876
62686, -6317, -211954, 1878
62690, -6315, -211916, 1880
62693, -6314, -211883, 1881
62696, -6313, -211854, 1880
62700, -6311, -211828, 1882
62703, -6310, -211797, 1883
62707, -6310, -211763, 1884
62710, -6308, -211726, 1887
62714, -6307, -211695, 1887
62717, -6306, -211666, 1888
62721, -6305, -211637, 1889
62724, -6303, -211606, 1891
62728, -6302, -211572, 1892
62731, -6301, -211530, 1895
62735, -6299, -211494, 1895
62739, -6298, -211460, 1897
62744, -6296, -211431, 1898
62748, -6294, -211397, 1901
62751, -6293, -211352, 1901
62756, -6292, -211318, 1903
62760, -6290, -211292, 1904
62763, -6289, -211259, 1906
62767, -6287, -211225, 1907
62771, -6286, -211189, 1910
62775, -6284, -211158, 1910
62778, -6283, -211130, 1911
62781, -6281, -211104, 1913
62785, -6280, -211071, 1914
62789, -6279, -211026, 1915
62793, -6278, -210997, 1917
62796, -6276, -210970, 1917
62800, -6275, -210943, 1918
62803, -6274, -210917, 1919
62807, -6273, -210885, 1921
62810, -6272, -210850, 1925
62813, -6270, -210819, 1924
62817, -6269, -210790, 1923
62820, -6268, -210763, 1926
62823, -6267, -210736, 1927
62827, -6266, -210705, 1929
62830, -6265, -210671, 1930
62834, -6263, -210641, 1932
62837, -6262, -210614, 1932
62841, -6261, -210589, 1932
62845, -6259, -210549, 1935
62849, -6258, -210502, 1938
62854, -6256, -210475, 1939
62857, -6255, -210446, 1939
62861, -6253, -210415, 1942
62865, -6251, -210387, 1944
62869, -6250, -210347, 1946
62873, -6248, -210312, 1946
62876, -6246, -210282, 1948
62880, -6245, -210246, 1949
62885, -6244, -210219, 1950
62888, -6242, -210179, 1953
62892, -6241, -210137, 1955
62898, -6239, -210109, 1955
62901, -6238, -210083, 1955
62905, -6237, -210057, 1957
62908, -6236, -210023, 1958
62912, -6234, -209984, 1961
62916, -6233, -209955, 1961
62919, -6232, -209931, 1962
62922, -6230, -209905, 1964
62926, -6229, -209879, 1964
62929, -6228, -209839, 1968
62933, -6226, -209808, 1969
62937, -6225, -209777, 1970
62940, -6223, -209753, 1970
62944, -6222, -209724, 1972
62948, -6221, -209690, 1974
62952, -6219, -209647, 1977
62956, -6218, -209618, 1976
62960, -6216, -209586, 1977
62965, -6215, -209557, 1981
62968, -6213, -209522, 1983
62972, -6211, -209485, 1984
62976, -6210, -209450, 1984
62981, -6208, -209420, 1985
62984, -6207, -209386, 1987
62989, -6206, -209345, 1988
62993, -6205, -209306, 1991
62998, -6203, -209275, 1991
63002, -6202, -209245, 1992
63006, -6200, -209214, 1994
63010, -6199, -209181, 1997
63014, -6197, -209149, 1999
63017, -6196, -209120, 1998
63021, -6194, -209096, 2000
63024, -6192, -209065, 2002
63028, -6191, -209038, 2003
63031, -6190, -209003, 2005
63034, -6188, -208975, 2006
63038, -6187, -208947, 2006
63042, -6186, -208919, 2008
63046, -6185, -208889, 2009
63049, -6183, -208854, 2012
63053, -6182, -208818, 2012
63057, -6181, -208782, 2013
63062, -6179, -208745, 2015
63067, -6178, -208706, 2017
63072, -6176, -208669, 2019
63076, -6175, -208639, 2020
63079, -6173, -208606, 2020
63084, -6172, -208574, 2022
63088, -6170, -208528, 2026
63093, -6168, -208494, 2028
63096, -6167, -208467, 2027
63100, -6165, -208437, 2028
63104, -6164, -208408, 2031
63108, -6162, -208375, 2032
63112, -6161, -208341, 2035
63116, -6159, -208303, 2035
63120, -6158, -208275, 2036
63124, -6157, -208249, 2037
63127, -6155, -208220, 2041
63131, -6154, -208187, 2041
63134, -6152, -208161, 2043
63138, -6151, -208137, 2043
63141, -6149, -208113, 2043
63145, -6149, -208083, 2045
63148, -6147, -208053, 2047
63151, -6146, -208020, 2050
63155, -6145, -207990, 2049
63158, -6144, -207963, 2049
63162, -6142, -207938, 2051
63165, -6141, -207908, 2054
63169, -6140, -207874, 2057
63173, -6138, -207841, 2058
63176, -6136, -207813, 2056
63180, -6135, -207781, 2057
63185, -6134, -207752, 2060
63188, -6133, -207721, 2062
63192, -6132, -207688, 2063
63195, -6131, -207661, 2063
63198, -6129, -207635, 2064
63202, -6128, -207607, 2066
63206, -6127, -207581, 2068
63210, -6125, -207544, 2071
63213, -6124, -207511, 2071
63217, -6122, -207483, 2071
63220, -6121, -207459, 2073
63223, -6120, -207431, 2073
63227, -6119, -207400, 2077
63231, -6117, -207358, 2077
63236, -6116, -207329, 2079
63239, -6115, -207303, 2079
63243, -6113, -207280, 2080
63246, -6112, -207253, 2084
63249, -6110, -207219, 2086
63253, -6109, -207188, 2086
63256, -6107, -207159, 2085
63260, -6106, -207134, 2088
63263, -6105, -207105, 2088
63267, -6104, -207073, 2090
63271, -6103, -207037, 2093
63275, -6101, -207004, 2094
63278, -6100, -206979, 2093
63281, -6099, -206950, 2095
63285, -6097, -206922, 2097
63289, -6096, -206890, 2100
63292, -6094, -206848, 2102
63297, -6092, -206819, 2102
63301, -6091, -206793, 2103
63305, -6090, -206763, 2103
63308, -6088, -206729, 2106
63312, -6087, -206694, 2107
63316, -6086, -206664, 2107
63320, -6085, -206634, 2110
63323, -6084, -206613, 2110
63327, -6082, -206584, 2112
63330, -6081, -206550, 2115
63334, -6079, -206517, 2115
63337, -6078, -206489, 2115
63341, -6077, -206453, 2118
63346, -6075, -206421, 2119
63350, -6074, -206389, 2122
63353, -6073, -206358, 2121
63357, -6071, -206334, 2124
63360, -6070, -206307, 2123
63363, -6069, -206276, 2125
63367, -6068, -206243, 2127
63370, -6066, -206209, 2128
63374, -6065, -206180, 2129
63377, -6064, -206152, 2129
63380, -6063, -206128, 2131
63384, -6062, -206099, 2131
63387, -6061, -206068, 2135
63391, -6059, -206032, 2136
63394, -6058, -206001, 2137
63398, -6057, -205971, 2136
63402, -6055, -205947, 2139
63405, -6054, -205918, 2140
63408, -6053, -205887, 2143
63412, -6051, -205848, 2144
63416, -6049, -205820, 2145
63419, -6048, -205794, 2145
63422, -6047, -205769, 2145
63426, -6046, -205739, 2147
63429, -6045, -205695, 2150
63433, -6044, -205663, 2151
63436, -6043, -205637, 2151
63440, -6041, -205611, 2152
63443, -6040, -205586, 2154
63447, -6039, -205546, 2155
63451, -6037, -205507, 2159
63454, -6036, -205476, 2159
63457, -6035, -205451, 2158
63461, -6034, -205427, 2159
63464, -6032, -205399, 2161
63467, -6032, -205369, 2163
63470, -6030, -205333, 2165
63474, -6029, -205302, 2166
63477, -6027, -205271, 2166
63481, -6026, -205245, 2168
63485, -6025, -205215, 2169
63488, -6024, -205182, 2170
63491, -6023, -205147, 2171
63495, -6022, -205118, 2172
63498, -6020, -205089, 2174
63501, -6019, -205064, 2175
63504, -6018, -205035, 2176
63508, -6017, -205001, 2178
63511, -6015, -204962, 2180
63515, -6014, -204929, 2180
63518, -6013, -204900, 2181
63522, -6011, -204872, 2183
63525, -6010, -204841, 2184
63529, -6009, -204806, 2187
63532, -6007, -204770, 2188
63535, -6006, -204739, 2188
63539, -6005, -204712, 2187
63542, -6004, -204680, 2188
63545, -6003, -204649, 2192
63549, -6002, -204613, 2193
63552, -6001, -204579, 2195
63555, -5999, -204550, 2195
63559, -5997, -204521, 2197
63562, -5996, -204491, 2197
63565, -5995, -204457, 2198
63569, -5994, -204418, 2200
63572, -5993, -204379, 2203
63576, -5992, -204350, 2202
63579, -5990, -204322, 2203
63582, -5989, -204293, 2204
63586, -5988, -204258, 2206
63589, -5987, -204220, 2209
63593, -5985, -204181, 2209
63596, -5984, -204149, 2210
63600, -5983, -204111, 2211
63604, -5982, -204079, 2211
63607, -5980, -204043, 2215
63611, -5979, -204002, 2215
63614, -5978, -203966, 2216
63618, -5977, -203930, 2218
63621, -5975, -203898, 2218
63625, -5974, -203862, 2220
63629, -5973, -203820, 2223
63632, -5971, -203781, 2225
63636, -5970, -203749, 2222
63639, -5969, -203721, 2224
63642, -5968, -203692, 2225
63646, -5967, -203659, 2227
63649, -5966, -203619, 2229
63652, -5964, -203577, 2231
63656, -5963, -203545, 2230
63659, -5962, -203517, 2231
63662, -5961, -203489, 2233
63665, -5960, -203455, 2235
63669, -5958, -203413, 2237
63672, -5957, -203374, 2238
63675, -5955, -203340, 2238
63679, -5954, -203309, 2238
63682, -5953, -203278, 2240
63685, -5953, -203242, 2240
63689, -5952, -203198, 2244
63692, -5950, -203156, 2246
63695, -5948, -203122, 2246
63699, -5947, -203091, 2246
63702, -5946, -203060, 2246
63705, -5945, -203024, 2250
63709, -5944, -202979, 2252
63712, -5942, -202934, 2253
63716, -5941, -202897, 2253
63720, -5939, -202863, 2253
63723, -5938, -202827, 2255
63727, -5937, -202776, 2258
63731, -5936, -202729, 2260
63734, -5935, -202690, 2259
63738, -5933, -202648, 2260
63742, -5932, -202613, 2261
63745, -5931, -202579, 2263
63748, -5930, -202536, 2267
63752, -5928, -202485, 2267
63756, -5927, -202443, 2267
63759, -5925, -202411, 2268
63762, -5924, -202377, 2270
63766, -5923, -202341, 2271
63769, -5922, -202297, 2274
63772, -5920, -202252, 2274
63776, -5919, -202214, 2274
63779, -5918, -202181, 2275
63782, -5917, -202145, 2276
63785, -5916, -202106, 2278
63789, -5915, -202063, 2280
63792, -5914, -202016, 2281
63795, -5912, -201973, 2282
63799, -5911, -201934, 2283
63802, -5910, -201896, 2283
63806, -5909, -201852, 2286
63809, -5907, -201801, 2289
63813, -5906, -201752, 2289
63816, -5904, -201708, 2289
63820, -5903, -201671, 2289
63823, -5902, -201618, 2291
63828, -5901, -201565, 2295
63832, -5899, -201512, 2297
63835, -5898, -201469, 2296
63839, -5896, -201432, 2299
63842, -5895, -201391, 2297
63846, -5894, -201345, 2300
63849, -5893, -201288, 2303
63853, -5891, -201236, 2302
63857, -5890, -201190, 2304
63860, -5889, -201134, 2306
63865, -5887, -201085, 2306
63869, -5886, -201031, 2310
63872, -5884, -200972, 2311
63876, -5883, -200918, 2312
63880, -5882, -200871, 2311
63884, -5880, -200825, 2313
63888, -5879, -200772, 2317
63891, -5877, -200717, 2321
63894, -5875, -200670, 2319
63898, -5874, -200629, 2319
63901, -5872, -200588, 2321
63904, -5872, -200548, 2320
63907, -5871, -200494, 2324
63911, -5869, -200427, 2327
63915, -5868, -200372, 2325
63918, -5867, -200329, 2326
63922, -5866, -200283, 2328
63926, -5865, -200213, 2329
63930, -5864, -200140, 2332
63934, -5862, -200087, 2333
63938, -5861, -200024, 2333
63943, -5859, -199970, 2335
63947, -5857, -199910, 2338
63950, -5856, -199846, 2341
63954, -5854, -199789, 2340
63957, -5853, -199743, 2340
63961, -5851, -199692, 2342
63964, -5850, -199641, 2343
63968, -5850, -199579, 2345
63971, -5848, -199509, 2349
63975, -5847, -199451, 2346
63978, -5845, -199405, 2348
63982, -5844, -199352, 2350
63986, -5843, -199293, 2351
63989, -5842, -199207, 2355
63994, -5840, -199127, 2354
63998, -5839, -199077, 2354
64001, -5838, -199024, 2356
64005, -5836, -198969, 2360
64009, -5834, -198898, 2362
64012, -5833, -198813, 2362
64017, -5831, -198733, 2363
64022, -5830, -198675, 2363
64025, -5828, -198617, 2366
64029, -5827, -198525, 2367
64034, -5826, -198455, 2371
64037, -5824, -198402, 2370
64041, -5823, -198334, 2371
64046, -5821, -198260, 2373
64050, -5819, -198168, 2376
64055, -5818, -198105, 2378
64058, -5816, -198051, 2378
64062, -5815, -197980, 2378
64067, -5813, -197905, 2381
64071, -5812, -197835, 2385
64075, -5810, -197779, 2385
64078, -5809, -197717, 2384
64083, -5807, -197667, 2387
64087, -5806, -197602, 2389
64090, -5804, -197531, 2391
64094, -5803, -197478, 2392
64097, -5802, -197419, 2391
64102, -5800, -197367, 2394
64106, -5799, -197305, 2395
64110, -5797, -197244, 2400
64113, -5796, -197185, 2399
64117, -5794, -197138, 2400
64121, -5793, -197088, 2401
64124, -5791, -197042, 2401
64128, -5791, -196991, 2403
64131, -5789, -196933, 2406
64135, -5788, -196877, 2407
64138, -5786, -196831, 2409
64142, -5785, -196783, 2409
64146, -5783, -196729, 2411
64150, -5782, -196654, 2414
64154, -5781, -196604, 2412
64158, -5780, -196548, 2414
64163, -5778, -196505, 2416
64167, -5777, -196437, 2418
64171, -5775, -196381, 2421
64175, -5774, -196320, 2420
64179, -5772, -196270, 2422
64184, -5770, -196230, 2425
64187, -5769, -196186, 2425
64190, -5768, -196136, 2427
64194, -5766, -196080, 2428
64198, -5765, -196028, 2429
64203, -5764, -195991, 2431
64206, -5762, -195938, 2431
64210, -5761, -195885, 2434
64214, -5759, -195843, 2436
64217, -5758, -195800, 2436
64221, -5757, -195764, 2438
64225, -5755, -195726, 2438
64228, -5754, -195684, 2441
64231, -5752, -195637, 2444
64235, -5751, -195597, 2443
64238, -5750, -195563, 2444
64241, -5748, -195528, 2445
64245, -5747, -195477, 2446
64249, -5746, -195422, 2450
64253, -5744, -195376, 2451
64257, -5743, -195329, 2450
64262, -5742, -195284, 2451
64266, -5740, -195241, 2455
64270, -5739, -195197, 2455
64273, -5738, -195147, 2457
64278, -5736, -195110, 2458
64282, -5735, -195074, 2459
64285, -5734, -195032, 2460
64289, -5732, -194972, 2464
64294, -5731, -194927, 2464
64298, -5729, -194895, 2464
64302, -5728, -194862, 2466
64306, -5726, -194816, 2468
64310, -5725, -194766, 2472
64314, -5723, -194727, 2472
64317, -5721, -194693, 2473
64321, -5720, -194656, 2473
64325, -5718, -194624, 2476
64328, -5717, -194579, 2477
64332, -5716, -194536, 2479
64336, -5714, -194502, 2481
64339, -5713, -194472, 2480
64342, -5712, -194442, 2482
64346, -5711, -194405, 2482
64350, -5709, -194368, 2486
64353, -5708, -194331, 2487
64356, -5707, -194300, 2487
64360, -5706, -194268, 2488
64364, -5704, -194236, 2489
64367, -5703, -194193, 2492
64371, -5702, -194153, 2494
64375, -5700, -194120, 2494
64379, -5699, -194090, 2493
64382, -5698, -194064, 2495
64385, -5697, -194029, 2497
64389, -5696, -193976, 2500
64394, -5694, -193941, 2501
64397, -5693, -193908, 2501
64401, -5691, -193876, 2502
64405, -5690, -193845, 2503
64409, -5689, -193811, 2507
64412, -5687, -193766, 2509
64416, -5686, -193728, 2509
64421, -5684, -193699, 2510
64424, -5682, -193670, 2511
64428, -5681, -193636, 2515
64432, -5679, -193598, 2516
64435, -5678, -193565, 2515
64439, -5677, -193539, 2516
64442, -5676, -193514, 2518
64446, -5675, -193475, 2519
64450, -5674, -193428, 2522
64455, -5672, -193393, 2523
64458, -5670, -193364, 2524
64462, -5669, -193336, 2524
64466, -5668, -193303, 2527
64470, -5666, -193268, 2529
64473, -5665, -193236, 2531
64477, -5663, -193207, 2530
64480, -5662, -193171, 2530
64485, -5661, -193137, 2533
64489, -5659, -193100, 2537
64493, -5658, -193059, 2539
64498, -5656, -193026, 2537
64503, -5655, -192995, 2539
64507, -5653, -192961, 2542
64510, -5651, -192923, 2545
64514, -5650, -192883, 2545
64519, -5648, -192857, 2545
64523, -5647, -192831, 2548
64526, -5645, -192793, 2548
64531, -5644, -192751, 2550
64536, -5643, -192721, 2553
64539, -5641, -192699, 2553
64543, -5640, -192673, 2554
64546, -5638, -192646, 2556
64549, -5637, -192615, 2558
64553, -5636, -192585, 2559
64556, -5634, -192561, 2560
64560, -5633, -192539, 2560
64563, -5632, -192512, 2562
64567, -5631, -192477, 2564
64571, -5629, -192445, 2567
64574, -5628, -192418, 2565
64578, -5627, -192386, 2567
64582, -5625, -192362, 2569
64586, -5624, -192332, 2572
64590, -5622, -192300, 2573
64594, -5621, -192272, 2574
64597, -5619, -192242, 2575
64602, -5618, -192218, 2576
64605, -5617, -192193, 2576
64608, -5616, -192164, 2579
64612, -5614, -192128, 2581
64616, -5613, -192100, 2583
64619, -5611, -192076, 2584
64623, -5609, -192053, 2584
64626, -5608, -192029, 2585
64630, -5607, -192000, 2588
64633, -5606, -191973, 2589
64637, -5604, -191949, 2590
64640, -5603, -191927, 2591
64643, -5602, -191905, 2590
64647, -5601, -191879, 2593
64650, -5599, -191850, 2597
64653, -5598, -191823, 2595
64657, -5597, -191800, 2597
64660, -5596, -191780, 2597
64664, -5594, -191758, 2600
64667, -5594, -191735, 2600
64670, -5592, -191706, 2604
64674, -5591, -191682, 2604
64677, -5589, -191659, 2604
64680, -5588, -191639, 2605
64683, -5587, -191617, 2607
64687, -5586, -191592, 2608
64690, -5585, -191563, 2611
64693, -5583, -191539, 2612
64697, -5582, -191518, 2611
64700, -5581, -191498, 2613
64703, -5579, -191477, 2615
64707, -5578, -191454, 2615
64710, -5577, -191424, 2617
64713, -5576, -191399, 2619
64717, -5575, -191377, 2619
64720, -5574, -191356, 2619
64724, -5573, -191333, 2621
64727, -5571, -191310, 2623
64730, -5570, -191283, 2626
64734, -5568, -191260, 2627
64737, -5567, -191238, 2628
64740, -5566, -191219, 2626
64743, -5564, -191199, 2629
64747, -5563, -191177, 2631
64750, -5562, -191150, 2635
64753, -5561, -191124, 2633
64757, -5559, -191102, 2634
64760, -5558, -191083, 2634
64763, -5557, -191063, 2635
64766, -5557, -191040, 2638
64770, -5555, -191013, 2641
64773, -5554, -190985, 2641
64777, -5552, -190965, 2642
64781, -5551, -190942, 2642
64784, -5550, -190917, 2644
64788, -5548, -190886, 2647
64792, -5547, -190858, 2650
64796, -5545, -190830, 2649
64800, -5544, -190806, 2650
64804, -5542, -190785, 2651
64808, -5541, -190761, 2654
64811, -5540, -190734, 2655
64815, -5538, -190705, 2656
64819, -5537, -190679, 2655
64824, -5536, -190657, 2658
64827, -5535, -190633, 2659
64831, -5533, -190599, 2663
64835, -5532, -190576, 2663
64839, -5531, -190552, 2662
64843, -5529, -190531, 2666
64846, -5527, -190502, 2667
64851, -5526, -190471, 2671
64855, -5525, -190447, 2669
64858, -5523, -190429, 2672
64862, -5522, -190408, 2671
64865, -5520, -190385, 2673
64869, -5519, -190357, 2678
64873, -5517, -190331, 2679
64876, -5516, -190311, 2677
64880, -5515, -190290, 2678
64883, -5513, -190270, 2680
64887, -5512, -190247, 2683
64890, -5511, -190222, 2686
64894, -5509, -190199, 2684
64897, -5508, -190178, 2686
64901, -5507, -190158, 2686
64905, -5505, -190136, 2689
64908, -5504, -190109, 2691
64912, -5503, -190080, 2691
64916, -5502, -190055, 2692
64920, -5500, -190036, 2693
64924, -5499, -190013, 2694
64928, -5498, -189987, 2698
64932, -5496, -189961, 2699
64936, -5495, -189935, 2700
64939, -5493, -189910, 2700
64944, -5492, -189889, 2702
64948, -5491, -189858, 2704
64952, -5489, -189822, 2708
64957, -5487, -189792, 2708
64962, -5486, -189771, 2708
64966, -5484, -189750, 2712
64969, -5482, -189718, 2714
64974, -5480, -189694, 2715
64978, -5479, -189670, 2715
64982, -5477, -189648, 2717
64986, -5476, -189626, 2719
64989, -5474, -189600, 2721
64993, -5473, -189574, 2721
64996, -5472, -189553, 2722
64999, -5470, -189533, 2723
65003, -5469, -189516, 2724
65006, -5468, -189495, 2726
65009, -5467, -189468, 2728
65013, -5466, -189444, 2729
65016, -5464, -189424, 2729
65020, -5463, -189403, 2731
65024, -5462, -189383, 2732
65027, -5461, -189361, 2734
65030, -5459, -189334, 2738
65034, -5457, -189308, 2737
65038, -5456, -189281, 2737
65043, -5455, -189259, 2739
65047, -5453, -189237, 2741
65050, -5452, -189212, 2744
65053, -5451, -189188, 2744
65057, -5449, -189162, 2745
65062, -5448, -189139, 2746
65066, -5446, -189109, 2748
65070, -5445, -189081, 2751
65074, -5443, -189051, 2752
65079, -5442, -189027, 2753
65083, -5440, -189005, 2755
65086, -5438, -188979, 2755
65090, -5437, -188944, 2758
65095, -5435, -188922, 2760
65098, -5434, -188902, 2761
65102, -5433, -188883, 2761
65106, -5431, -188861, 2763
65109, -5430, -188837, 2765
65113, -5428, -188812, 2766
65116, -5427, -188785, 2767
65120, -5426, -188764, 2768
65124, -5424, -188743, 2770
65128, -5423, -188717, 2770
65131, -5422, -188686, 2775
65136, -5420, -188664, 2775
65139, -5418, -188641, 2776
65143, -5417, -188623, 2777
65147, -5415, -188594, 2778
65151, -5414, -188565, 2781
65155, -5413, -188542, 2782
65159, -5412, -188521, 2782
65162, -5410, -188499, 2783
65166, -5409, -188470, 2784
65171, -5407, -188439, 2790
65175, -5406, -188416, 2791
65178, -5404, -188390, 2790
65183, -5402, -188368, 2792
65186, -5400, -188342, 2794
65190, -5399, -188316, 2796
65194, -5398, -188285, 2798
65199, -5396, -188261, 2798
65203, -5395, -188240, 2799
65206, -5394, -188220, 2798
65210, -5392, -188194, 2803
65213, -5391, -188172, 2803
65216, -5390, -188149, 2806
65220, -5389, -188130, 2804
65223, -5387, -188111, 2806
65226, -5386, -188080, 2808
65231, -5384, -188043, 2812
65236, -5383, -188021, 2812
65239, -5382, -188000, 2812
65243, -5380, -187976, 2813
65247, -5379, -187953, 2816
65251, -5378, -187925, 2817
65255, -5377, -187901, 2817
65258, -5375, -187874, 2819
65263, -5374, -187853, 2820
65266, -5372, -187827, 2823
65270, -5371, -187802, 2826
65273, -5369, -187776, 2825
65277, -5368, -187751, 2826
65281, -5366, -187724, 2828
65286, -5365, -187700, 2830
65289, -5363, -187664, 2833
65294, -5362, -187633, 2833
65299, -5360, -187613, 2834
65302, -5358, -187593, 2836
65306, -5357, -187569, 2837
65310, -5355, -187540, 2841
65313, -5354, -187512, 2841
65317, -5352, -187491, 2841
65320, -5351, -187471, 2842
65324, -5350, -187450, 2843
65327, -5349, -187419, 2845
65332, -5348, -187386, 2848
65336, -5346, -187365, 2848
65339, -5345, -187338, 2850
65344, -5343, -187317, 2850
65347, -5342, -187293, 2853
65350, -5340, -187264, 2855
65354, -5339, -187235, 2857
65358, -5337, -187208, 2856
65363, -5336, -187186, 2858
65367, -5334, -187158, 2861
65371, -5333, -187119, 2863
65376, -5331, -187089, 2864
65381, -5329, -187062, 2865
65385, -5327, -187036, 2868
65389, -5326, -186998, 2870
65393, -5324, -186969, 2870
65397, -5323, -186948, 2871
65400, -5321, -186927, 2873
65404, -5320, -186906, 2873
65407, -5319, -186882, 2874
65411, -5318, -186840, 2878
65416, -5316, -186816, 2878
65419, -5315, -186795, 2880
65422, -5314, -186774, 2879
65426, -5312, -186751, 2882
65429, -5311, -186724, 2885
65432, -5309, -186698, 2886
65436, -5308, -186675, 2886
65439, -5307, -186654, 2886
65442, -5305, -186636, 2888
65445, -5305, -186614, 2889
65449, -5304, -186586, 2890
65452, -5302, -186558, 2893
65456, -5301, -186533, 2893
65459, -5300, -186512, 2893
65463, -5299, -186490, 2895
65466, -5297, -186464, 2897
65470, -5296, -186431, 2898
65474, -5295, -186402, 2899
65477, -5294, -186376, 2900
65481, -5293, -186352, 2900
65485, -5291, -186329, 2904
65488, -5290, -186298, 2905
65492, -5289, -186267, 2905
65496, -5288, -186232, 2906
65501, -5286, -186206, 2909
65505, -5285, -186182, 2910
65508, -5283, -186154, 2913
65512, -5281, -186122, 2914
65516, -5280, -186089, 2914
65520, -5278, -186065, 2915
65524, -5277, -186040, 2917
65528, -5276, -186012, 2918
65531, -5274, -185978, 2922
65535, -5273, -185949, 2922
65538, -5271, -185926, 2922
65542, -5270, -185902, 2923
65546, -5269, -185876, 2925
65550, -5268, -185838, 2928
65554, -5266, -185810, 2928
65557, -5265, -185776, 2930
65561, -5263, -185752, 2932
65565, -5261, -185715, 2934
65570, -5259, -185682, 2938
65573, -5257, -185650, 2937
65577, -5256, -185624, 2937
65581, -5255, -185597, 2937
65585, -5254, -185571, 2940
65588, -5253, -185538, 2942
65592, -5252, -185503, 2944
65595, -5250, -185475, 2944
65599, -5249, -185440, 2945
65603, -5247, -185416, 2948
65607, -5246, -185384, 2949
65611, -5244, -185346, 2952
65615, -5242, -185311, 2952
65620, -5241, -185274, 2952
65625, -5240, -185242, 2955
65628, -5238, -185200, 2956
65633, -5237, -185169, 2959
65636, -5235, -185140, 2960
65640, -5233, -185116, 2961
65643, -5232, -185089, 2961
65647, -5231, -185063, 2964
65650, -5229, -185029, 2966
65653, -5228, -184997, 2966
65657, -5227, -184961, 2966
65661, -5226, -184934, 2968
65665, -5225, -184905, 2969
65668, -5223, -184874, 2972
65672, -5222, -184838, 2974
65675, -5220, -184800, 2975
65680, -5219, -184772, 2975
65683, -5217, -184744, 2976
65687, -5216, -184709, 2977
65691, -5215, -184665, 2981
65695, -5214, -184623, 2981
65699, -5212, -184594, 2982
65703, -5211, -184566, 2983
65706, -5209, -184537, 2986
65710, -5207, -184501, 2989
65713, -5206, -184465, 2989
65716, -5205, -184436, 2988
65720, -5203, -184410, 2989
65723, -5203, -184381, 2990
65727, -5202, -184347, 2992
65731, -5201, -184304, 2995
65734, -5199, -184262, 2995
65739, -5198, -184223, 2997
65743, -5196, -184188, 2999
65747, -5194, -184156, 3002
65750, -5192, -184120, 3003
65754, -5191, -184084, 3003
65758, -5190, -184054, 3003
65761, -5188, -184025, 3005
65764, -5188, -183992, 3005
65768, -5187, -183956, 3008
65771, -5185, -183913, 3010
65775, -5184, -183871, 3010
65779, -5183, -183837, 3011
65783, -5181, -183802, 3013
65787, -5180, -183764, 3015
65791, -5178, -183715, 3017
65795, -5177, -183677, 3018
65798, -5175, -183646, 3019
65802, -5174, -183615, 3020
65805, -5173, -183583, 3021
65809, -5171, -183537, 3024
65813, -5170, -183494, 3025
65816, -5168, -183456, 3026
65820, -5167, -183411, 3026
65825, -5166, -183364, 3028
65830, -5164, -183314, 3031
65834, -5163, -183265, 3032
65838, -5162, -183220, 3032
65842, -5160, -183186, 3035
65846, -5158, -183149, 3036
65849, -5157, -183099, 3039
65853, -5155, -183043, 3039
65858, -5154, -182996, 3039
65863, -5153, -182963, 3041
65866, -5151, -182923, 3043
65870, -5150, -182875, 3047
65873, -5148, -182832, 3046
65877, -5147, -182794, 3047
65880, -5146, -182752, 3047
65885, -5144, -182709, 3051
65888, -5143, -182662, 3053
65892, -5141, -182615, 3053
65896, -5140, -182579, 3053
65899, -5139, -182545, 3055
65902, -5138, -182511, 3056
65906, -5137, -182470, 3057
65909, -5135, -182425, 3061
65912, -5134, -182379, 3061
65916, -5132, -182333, 3063
65920, -5131, -182289, 3062
65923, -5129, -182248, 3065
65927, -5128, -182201, 3066
65931, -5127, -182138, 3068
65935, -5126, -182092, 3069
65938, -5124, -182055, 3069
65942, -5123, -182019, 3071
65945, -5122, -181976, 3073
65949, -5120, -181918, 3076
65953, -5119, -181870, 3075
65957, -5117, -181822, 3076
65961, -5116, -181780, 3077
65965, -5115, -181726, 3079
65969, -5114, -181675, 3081
65973, -5112, -181631, 3084
65976, -5111, -181592, 3084
65980, -5109, -181556, 3084
65983, -5108, -181517, 3086
65987, -5107, -181471, 3086
65990, -5106, -181427, 3090
65994, -5104, -181373, 3091
65998, -5103, -181326, 3092
66003, -5101, -181285, 3093
66006, -5099, -181244, 3095
66010, -5098, -181177, 3097
66015, -5096, -181129, 3099
66019, -5095, -181090, 3098
66023, -5094, -181048, 3099
66027, -5093, -180991, 3102
66032, -5091, -180940, 3105
66036, -5090, -180891, 3106
66040, -5088, -180849, 3106
66044, -5086, -180809, 3107
66048, -5085, -180753, 3110
66053, -5083, -180709, 3113
66056, -5082, -180667, 3112
66060, -5081, -180623, 3113
66065, -5079, -180582, 3117
66068, -5077, -180537, 3119
66072, -5075, -180493, 3120
66076, -5074, -180454, 3118
66080, -5073, -180410, 3120
66085, -5072, -180372, 3121
66088, -5071, -180333, 3124
66091, -5070, -180291, 3127
66095, -5068, -180256, 3126
66098, -5067, -180222, 3127
66102, -5065, -180190, 3130
66105, -5063, -180153, 3131
66109, -5062, -180109, 3132
66113, -5061, -180064, 3135
66116, -5059, -180030, 3135
66120, -5058, -179998, 3135
66123, -5057, -179966, 3137
66127, -5056, -179928, 3138
66130, -5055, -179882, 3140
66134, -5053, -179844, 3142
66137, -5052, -179810, 3142
66141, -5051, -179780, 3143
66145, -5049, -179746, 3145
66148, -5048, -179709, 3147
66151, -5046, -179665, 3149
66155, -5045, -179615, 3149
66160, -5044, -179579, 3150
66164, -5042, -179549, 3153
66167, -5041, -179515, 3152
66170, -5039, -179475, 3157
66174, -5038, -179439, 3156
66177, -5037, -179408, 3156
66181, -5036, -179377, 3158
66184, -5035, -179348, 3158
66187, -5034, -179315, 3160
66191, -5032, -179274, 3164
66194, -5031, -179240, 3164
66197, -5029, -179209, 3165
66201, -5028, -179179, 3164
66204, -5027, -179150, 3166
66207, -5026, -179117, 3168
66211, -5025, -179077, 3170
66214, -5024, -179041, 3171
66218, -5023, -179011, 3170
66221, -5022, -178981, 3171
66225, -5021, -178951, 3173
66228, -5019, -178917, 3176
66231, -5018, -178863, 3177
66236, -5017, -178820, 3178
66240, -5015, -178793, 3180
66244, -5013, -178762, 3181
66247, -5012, -178720, 3184
66251, -5010, -178680, 3186
66255, -5008, -178650, 3185
66258, -5007, -178620, 3186
66262, -5006, -178590, 3188
66265, -5005, -178558, 3188
66269, -5004, -178518, 3191
66273, -5002, -178482, 3193
66276, -5001, -178444, 3192
66281, -5000, -178412, 3195
66284, -4998, -178382, 3195
66288, -4997, -178347, 3197
66291, -4996, -178308, 3199
66295, -4994, -178275, 3201
66298, -4993, -178246, 3201
66302, -4992, -178213, 3201
66306, -4991, -178184, 3203
66309, -4989, -178150, 3206
66312, -4988, -178114, 3208
66316, -4987, -178084, 3207
66319, -4985, -178059, 3208
66322, -4984, -178032, 3210
66325, -4982, -178003, 3213
66329, -4981, -177957, 3215
66333, -4980, -177921, 3213
66337, -4978, -177891, 3216
66340, -4977, -177862, 3217
66344, -4976, -177835, 3217
66347, -4975, -177805, 3218
66350, -4974, -177769, 3221
66354, -4973, -177736, 3221
66357, -4972, -177710, 3222
66360, -4971, -177683, 3223
66364, -4969, -177657, 3225
66367, -4968, -177627, 3226
66370, -4966, -177589, 3230
66374, -4965, -177555, 3229
66377, -4964, -177527, 3229
66381, -4962, -177501, 3232
66384, -4961, -177473, 3232
66388, -4960, -177432, 3235
66392, -4959, -177393, 3236
66396, -4957, -177355, 3237
66400, -4956, -177326, 3239
66404, -4955, -177294, 3238
66408, -4953, -177254, 3243
66412, -4951, -177218, 3244
66415, -4950, -177188, 3245
66419, -4949, -177162, 3244
66422, -4947, -177135, 3245
66425, -4947, -177106, 3247
66428, -4945, -177074, 3250
66432, -4944, -177040, 3251
66435, -4943, -177010, 3251
66439, -4942, -176976, 3251
66443, -4940, -176948, 3253
66447, -4939, -176918, 3257
66450, -4937, -176881, 3259
66454, -4936, -176845, 3259
66457, -4934, -176809, 3260
66462, -4933, -176779, 3260
66466, -4931, -176748, 3264
66469, -4930, -176710, 3265
66473, -4928, -176675, 3267
66477, -4927, -176639, 3267
66481, -4926, -176614, 3267
66485, -4924, -176578, 3271
66489, -4923, -176533, 3273
66494, -4921, -176497, 3273
66497, -4920, -176463, 3273
66502, -4918, -176437, 3276
66505, -4917, -176399, 3276
66510, -4916, -176361, 3279
66513, -4915, -176323, 3280
66517, -4913, -176294, 3280
66521, -4912, -176266, 3284
66525, -4910, -176235, 3284
66529, -4908, -176203, 3288
66532, -4907, -176169, 3288
66535, -4905, -176141, 3289
66539, -4904, -176113, 3289
66543, -4903, -176085, 3289
66546, -4902, -176057, 3291
66549, -4901, -176021, 3295
66553, -4900, -175985, 3295
66557, -4898, -175957, 3297
66561, -4897, -175926, 3296
66564, -4895, -175890, 3299
66569, -4894, -175855, 3302
66572, -4892, -175822, 3304
66576, -4891, -175784, 3304
66580, -4889, -175753, 3305
66585, -4887, -175720, 3306
66589, -4886, -175674, 3310
66593, -4884, -175632, 3311
66598, -4883, -175603, 3311
66602, -4882, -175573, 3312
66606, -4880, -175541, 3313
66609, -4879, -175508, 3318
66613, -4877, -175474, 3319
66617, -4875, -175446, 3319
66620, -4874, -175414, 3319
66625, -4872, -175374, 3322
66629, -4871, -175337, 3324
66634, -4870, -175299, 3326
66637, -4868, -175271, 3326
66641, -4867, -175242, 3327
66644, -4865, -175216, 3328
66648, -4864, -175187, 3329
66651, -4863, -175153, 3332
66654, -4862, -175123, 3334
66658, -4861, -175097, 3332
66661, -4859, -175073, 3334
66664, -4858, -175036, 3335
66669, -4857, -174997, 3339
66673, -4856, -174956, 3340
66677, -4854, -174924, 3340
66682, -4852, -174896, 3343
66685, -4851, -174867, 3343
66689, -4849, -174831, 3347
66692, -4847, -174788, 3348
66697, -4846, -174752, 3348
66702, -4845, -174719, 3348
66706, -4843, -174689, 3350
66709, -4842, -174650, 3354
66713, -4841, -174612, 3355
66718, -4839, -174582, 3357
66721, -4837, -174556, 3355
66725, -4836, -174524, 3357
66729, -4835, -174477, 3360
66733, -4833, -174445, 3363
66737, -4832, -174418, 3363
66740, -4831, -174388, 3362
66745, -4829, -174349, 3366
66749, -4827, -174308, 3369
66753, -4826, -174273, 3369
66757, -4824, -174247, 3370
66760, -4823, -174221, 3371
66764, -4821, -174194, 3373
66767, -4820, -174165, 3375
66770, -4818, -174128, 3378
66774, -4817, -174097, 3377
66778, -4815, -174060, 3378
66782, -4814, -174033, 3379
66786, -4813, -174005, 3380
66789, -4812, -173971, 3383
66793, -4811, -173929, 3385
66797, -4809, -173895, 3384
66802, -4808, -173868, 3386
66805, -4806, -173833, 3388
66809, -4805, -173785, 3391
66814, -4803, -173753, 3393
66818, -4801, -173719, 3393
66822, -4800, -173692, 3393
66826, -4798, -173657, 3396
66830, -4797, -173617, 3399
66834, -4795, -173586, 3400
66838, -4794, -173556, 3399
66841, -4793, -173529, 3400
66845, -4791, -173491, 3403
66849, -4790, -173457, 3405
66853, -4789, -173423, 3407
66856, -4787, -173393, 3406
66860, -4786, -173364, 3406
66864, -4785, -173334, 3408
66867, -4784, -173304, 3410
66870, -4783, -173268, 3413
66874, -4781, -173237, 3414
66877, -4780, -173208, 3414
66881, -4779, -173180, 3414
66885, -4777, -173151, 3417
66888, -4776, -173113, 3419
66892, -4775, -173077, 3421
66896, -4773, -173044, 3422
66899, -4771, -173012, 3422
66904, -4770, -172973, 3424
66908, -4769, -172928, 3425
66913, -4767, -172882, 3428
66918, -4766, -172848, 3429
66922, -4764, -172816, 3431
66925, -4763, -172776, 3432
66930, -4760, -172739, 3436
66933, -4759, -172707, 3436
66937, -4757, -172679, 3436
66940, -4756, -172653, 3437
66944, -4755, -172624, 3438
66947, -4755, -172592, 3438
66950, -4753, -172554, 3442
66954, -4752, -172523, 3442
66957, -4751, -172495, 3443
66960, -4750, -172467, 3445
66964, -4748, -172433, 3446
66968, -4747, -172399, 3449
66971, -4745, -172360, 3450
66975, -4743, -172327, 3451
66979, -4742, -172299, 3451
66982, -4741, -172273, 3452
66985, -4740, -172243, 3453
66989, -4739, -172209, 3456
66992, -4737, -172174, 3459
66995, -4736, -172145, 3457
66998, -4735, -172117, 3458
67002, -4734, -172088, 3459
67005, -4733, -172058, 3460
67008, -4732, -172024, 3463
67012, -4731, -171986, 3464
67015, -4729, -171955, 3465
67019, -4728, -171925, 3464
67022, -4727, -171895, 3466
67026, -4726, -171864, 3470
67029, -4724, -171826, 3471
67032, -4723, -171789, 3472
67036, -4721, -171757, 3472
67040, -4720, -171726, 3472
67043, -4719, -171696, 3474
67047, -4718, -171661, 3477
67050, -4717, -171618, 3480
67054, -4715, -171580, 3479
67058, -4713, -171547, 3481
67061, -4712, -171518, 3481
67065, -4711, -171488, 3482
67068, -4710, -171454, 3484
67071, -4709, -171415, 3486
67075, -4708, -171382, 3485
67078, -4707, -171354, 3487
67081, -4706, -171326, 3487
67084, -4705, -171295, 3488
67088, -4704, -171262, 3491
67091, -4702, -171223, 3493
67094, -4701, -171189, 3493
67097, -4700, -171157, 3493
67101, -4699, -171128, 3494
67104, -4698, -171097, 3496
67108, -4697, -171059, 3499
67111, -4695, -171016, 3501
67115, -4693, -170980, 3501
67118, -4692, -170950, 3502
67121, -4690, -170922, 3503
67125, -4689, -170891, 3504
67128, -4688, -170855, 3506
67131, -4687, -170816, 3508
67134, -4686, -170779, 3508
67138, -4685, -170746, 3509
67142, -4683, -170712, 3511
67145, -4682, -170677, 3512
67149, -4681, -170634, 3514
67152, -4679, -170588, 3516
67156, -4678, -170549, 3515
67160, -4677, -170515, 3517
67164, -4675, -170483, 3519
67167, -4674, -170448, 3520
67170, -4673, -170408, 3523
67173, -4671, -170369, 3522
67176, -4670, -170338, 3522
67180, -4669, -170305, 3524
67183, -4668, -170270, 3527
67187, -4667, -170232, 3528
67190, -4665, -170183, 3530
67194, -4664, -170144, 3530
67198, -4662, -170108, 3532
67201, -4661, -170077, 3531
67204, -4660, -170044, 3534
67208, -4659, -170006, 3536
67211, -4658, -169963, 3536
67214, -4657, -169926, 3537
67217, -4655, -169892, 3538
67221, -4654, -169862, 3539
67224, -4654, -169830, 3539
67227, -4652, -169794, 3543
67230, -4651, -169748, 3544
67234, -4650, -169708, 3544
67237, -4648, -169671, 3546
67240, -4647, -169636, 3547
67244, -4646, -169603, 3548
67247, -4645, -169566, 3550
67250, -4643, -169521, 3551
67253, -4642, -169478, 3552
67257, -4641, -169443, 3553
67260, -4639, -169411, 3555
67263, -4639, -169375, 3553
67267, -4638, -169338, 3557
67270, -4636, -169293, 3559
67273, -4635, -169248, 3559
67277, -4634, -169211, 3559
67280, -4633, -169177, 3560
67283, -4632, -169139, 3562
67287, -4631, -169100, 3562
67290, -4630, -169055, 3567
67293, -4628, -169011, 3567
67296, -4627, -168973, 3567
67300, -4625, -168941, 3568
67303, -4624, -168904, 3569
67306, -4623, -168865, 3571
67309, -4622, -168819, 3573
67312, -4621, -168774, 3574
67316, -4619, -168732, 3574
67319, -4618, -168697, 3576
67322, -4617, -168658, 3576
67326, -4616, -168619, 3576
67329, -4615, -168572, 3581
67332, -4613, -168524, 3582
67335, -4612, -168484, 3582
67339, -4611, -168447, 3582
67342, -4609, -168409, 3584
67345, -4609, -168367, 3585
67349, -4608, -168320, 3587
67352, -4606, -168267, 3588
67355, -4605, -168223, 3590
67359, -4604, -168186, 3589
67362, -4603, -168148, 3591
67365, -4602, -168108, 3591
67368, -4601, -168061, 3594
67371, -4600, -168010, 3595
67375, -4598, -167965, 3597
67378, -4597, -167926, 3598
67381, -4595, -167886, 3597
67384, -4594, -167841, 3599
67388, -4593, -167794, 3600
67391, -4592, -167736, 3604
67394, -4591, -167690, 3604
67398, -4589, -167650, 3605
67401, -4588, -167610, 3605
67404, -4587, -167568, 3607
67407, -4586, -167521, 3608
67411, -4584, -167465, 3611
67414, -4583, -167417, 3611
67417, -4582, -167374, 3612
67420, -4581, -167337, 3612
67424, -4580, -167294, 3613
67427, -4579, -167248, 3616
67430, -4577, -167190, 3618
67433, -4576, -167137, 3618
67437, -4575, -167093, 3617
67440, -4574, -167049, 3620
67443, -4573, -167006, 3621
67447, -4572, -166956, 3623
67450, -4570, -166894, 3626
67453, -4569, -166841, 3625
67457, -4568, -166794, 3625
67460, -4567, -166751, 3626
67463, -4566, -166705, 3628
67467, -4565, -166653, 3630
67470, -4563, -166594, 3632
67473, -4562, -166535, 3632
67477, -4561, -166488, 3633
67480, -4560, -166440, 3633
67483, -4559, -166394, 3635
67487, -4557, -166341, 3638
67490, -4556, -166273, 3639
67494, -4555, -166194, 3640
67498, -4553, -166138, 3642
67502, -4551, -166086, 3642
67506, -4550, -166027, 3644
67510, -4549, -165950, 3647
67513, -4547, -165872, 3648
67518, -4546, -165814, 3648
67522, -4544, -165765, 3649
67525, -4543, -165712, 3651
67529, -4541, -165645, 3655
67532, -4540, -165578, 3655
67536, -4539, -165526, 3655
67539, -4537, -165478, 3656
67543, -4536, -165424, 3656
67547, -4535, -165349, 3659
67551, -4534, -165283, 3663
67555, -4532, -165211, 3662
67559, -4531, -165163, 3663
67563, -4529, -165109, 3666
67567, -4527, -165054, 3667
67570, -4526, -164991, 3668
67574, -4525, -164919, 3669
67579, -4524, -164858, 3670
67583, -4522, -164810, 3672
67586, -4521, -164752, 3674
67590, -4519, -164692, 3677
67594, -4518, -164625, 3677
67598, -4516, -164574, 3678
67602, -4515, -164525, 3678
67606, -4514, -164464, 3678
67610, -4513, -164392, 3684
67615, -4511, -164339, 3685
67619, -4509, -164291, 3686
67622, -4508, -164242, 3686
67627, -4506, -164178, 3689
67631, -4504, -164120, 3692
67634, -4502, -164075, 3693
67638, -4501, -164031, 3692
67642, -4500, -163993, 3693
67645, -4499, -163954, 3693
67648, -4498, -163906, 3697
67652, -4497, -163856, 3699
67655, -4496, -163806, 3698
67659, -4494, -163760, 3699
67663, -4493, -163717, 3700
67667, -4492, -163675, 3703
67670, -4490, -163607, 3706
67675, -4489, -163549, 3705
67679, -4487, -163510, 3708
67683, -4485, -163470, 3709
67686, -4484, -163424, 3710
67690, -4483, -163376, 3713
67694, -4481, -163318, 3714
67698, -4480, -163279, 3713
67702, -4479, -163228, 3715
67707, -4477, -163174, 3719
67711, -4475, -163127, 3721
67715, -4474, -163086, 3720
67718, -4472, -163053, 3721
67722, -4471, -163014, 3722
67725, -4470, -162973, 3724
67729, -4469, -162929, 3727
67733, -4467, -162888, 3728
67736, -4466, -162853, 3728
67739, -4464, -162823, 3729
67743, -4463, -162790, 3729
67746, -4463, -162752, 3731
67749, -4461, -162709, 3734
67753, -4460, -162667, 3735
67757, -4459, -162630, 3735
67760, -4457, -162599, 3737
67764, -4456, -162566, 3738
67767, -4455, -162524, 3740
67771, -4453, -162480, 3743
67774, -4451, -162440, 3743
67778, -4450, -162409, 3742
67781, -4449, -162379, 3744
67784, -4448, -162347, 3745
67788, -4447, -162306, 3747
67792, -4446, -162261, 3750
67795, -4444, -162228, 3751
67798, -4443, -162197, 3751
67801, -4442, -162167, 3751
67805, -4441, -162138, 3752
67808, -4439, -162105, 3756
67811, -4438, -162068, 3757
67814, -4437, -162035, 3757
67818, -4436, -162004, 3757
67821, -4435, -161974, 3758
67824, -4434, -161945, 3760
67828, -4433, -161910, 3762
67831, -4431, -161871, 3765
67835, -4430, -161838, 3764
67838, -4429, -161811, 3763
67842, -4428, -161784, 3766
67845, -4427, -161755, 3766
67848, -4426, -161720, 3770
67852, -4424, -161679, 3771
67855, -4423, -161649, 3770
67858, -4422, -161621, 3772
67862, -4420, -161596, 3774
67865, -4419, -161567, 3774
67868, -4418, -161532, 3777
67872, -4416, -161493, 3780
67875, -4415, -161462, 3778
67879, -4414, -161437, 3780
67882, -4412, -161409, 3781
67885, -4411, -161381, 3783
67889, -4410, -161349, 3785
67892, -4409, -161315, 3786
67896, -4407, -161284, 3786
67899, -4406, -161259, 3788
67903, -4405, -161228, 3789
67906, -4404, -161196, 3789
67910, -4402, -161161, 3794
67913, -4401, -161129, 3794
67917, -4400, -161103, 3794
67920, -4399, -161080, 3794
67923, -4397, -161054, 3796
67927, -4397, -161022, 3797
67930, -4395, -160979, 3802
67935, -4394, -160942, 3801
67939, -4392, -160911, 3801
67943, -4391, -160872, 3802
67947, -4389, -160839, 3806
67951, -4388, -160796, 3810
67956, -4386, -160767, 3809
67959, -4384, -160733, 3810
67964, -4382, -160704, 3811
67968, -4381, -160671, 3815
67972, -4380, -160637, 3815
67975, -4378, -160607, 3817
67979, -4377, -160582, 3816
67982, -4376, -160558, 3817
67986, -4375, -160533, 3819
67989, -4374, -160501, 3821
67993, -4372, -160467, 3824
67996, -4371, -160438, 3823
68000, -4369, -160412, 3824
68003, -4368, -160383, 3826
68007, -4367, -160345, 3828
68012, -4365, -160313, 3831
68015, -4364, -160288, 3830
68019, -4362, -160264, 3831
68022, -4361, -160241, 3831
68026, -4360, -160206, 3834
68030, -4359, -160171, 3838
68033, -4357, -160133, 3838
68038, -4356, -160105, 3838
68042, -4354, -160079, 3840
68046, -4352, -160045, 3842
68051, -4351, -160014, 3845
68054, -4350, -159984, 3845
68058, -4348, -159954, 3845
68063, -4347, -159924, 3846
68067, -4345, -159893, 3850
68071, -4344, -159861, 3852
68074, -4343, -159826, 3852
68079, -4341, -159804, 3852
68083, -4340, -159781, 3854
68086, -4339, -159758, 3854
68089, -4337, -159729, 3859
68093, -4336, -159699, 3858
68096, -4335, -159675, 3859
68100, -4334, -159649, 3860
68104, -4332, -159619, 3863
68108, -4331, -159592, 3865
68111, -4329, -159555, 3868
68116, -4327, -159532, 3867
68119, -4326, -159511, 3867
68123, -4325, -159490, 3868
68126, -4323, -159468, 3871
68130, -4322, -159438, 3874
68133, -4321, -159410, 3874
68136, -4319, -159379, 3874
68141, -4318, -159357, 3874
68144, -4317, -159333, 3876
68148, -4316, -159304, 3881
68152, -4314, -159274, 3881
68156, -4313, -159251, 3882
68160, -4311, -159224, 3883
68164, -4309, -159198, 3884
68168, -4308, -159167, 3886
68172, -4307, -159136, 3888
68176, -4306, -159112, 3889
68179, -4304, -159089, 3890
68183, -4303, -159068, 3890
68186, -4302, -159047, 3892
68189, -4300, -159021, 3895
68193, -4299, -158988, 3896
68198, -4298, -158966, 3897
68202, -4296, -158941, 3897
68206, -4295, -158916, 3899
68209, -4293, -158877, 3903
68214, -4292, -158850, 3904
68218, -4290, -158826, 3905
68222, -4288, -158806, 3905
68225, -4287, -158785, 3907
68229, -4285, -158760, 3910
68233, -4284, -158732, 3911
68236, -4283, -158712, 3911
68240, -4281, -158687, 3912
68244, -4280, -158664, 3913
68248, -4279, -158633, 3916
68252, -4278, -158605, 3917
68255, -4277, -158577, 3917
68260, -4275, -158554, 3918
68264, -4274, -158533, 3920
68268, -4273, -158505, 3923
68271, -4271, -158479, 3926
68275, -4269, -158453, 3924
68279, -4268, -158427, 3926
68284, -4266, -158405, 3929
68288, -4265, -158380, 3930
68291, -4263, -158353, 3932
68295, -4262, -158331, 3932
68298, -4261, -158312, 3932
68301, -4260, -158291, 3933
68305, -4259, -158271, 3936
68308, -4258, -158248, 3937
68312, -4256, -158223, 3939
68316, -4255, -158201, 3939
68319, -4253, -158182, 3940
68323, -4252, -158158, 3941
68327, -4251, -158126, 3944
68332, -4249, -158096, 3947
68336, -4248, -158074, 3947
68339, -4246, -158054, 3948
68343, -4245, -158030, 3948
68347, -4243, -158006, 3951
68351, -4242, -157981, 3954
68354, -4241, -157955, 3954
68359, -4239, -157936, 3955
68363, -4238, -157909, 3955
68367, -4236, -157885, 3958
68371, -4235, -157858, 3961
68374, -4234, -157834, 3961
68378, -4232, -157810, 3962
68382, -4231, -157789, 3963
68386, -4229, -157770, 3964
68389, -4228, -157745, 3967
68393, -4227, -157720, 3969
68397, -4226, -157699, 3967
68400, -4224, -157683, 3970
68404, -4223, -157665, 3971
68407, -4222, -157645, 3972
68410, -4220, -157619, 3976
68414, -4219, -157598, 3974
68417, -4218, -157579, 3975
68420, -4217, -157562, 3977
68424, -4215, -157545, 3979
68427, -4215, -157523, 3979
68431, -4213, -157499, 3984
68434, -4211, -157480, 3983
68437, -4210, -157455, 3984
68442, -4209, -157436, 3984
68446, -4207, -157417, 3986
68449, -4206, -157389, 3989
68453, -4205, -157366, 3990
68457, -4204, -157341, 3991
68461, -4202, -157323, 3992
68465, -4201, -157301, 3993
68469, -4199, -157277, 3996
68472, -4198, -157249, 3998
68477, -4196, -157231, 3998
68480, -4195, -157214, 3999
68484, -4193, -157196, 4000
68488, -4192, -157175, 4001
68491, -4191, -157150, 4004
68495, -4190, -157127, 4004
68498, -4189, -157109, 4004
68502, -4188, -157088, 4005
68506, -4187, -157059, 4008
68510, -4185, -157034, 4012
68514, -4183, -157013, 4012
68517, -4182, -156995, 4012
68520, -4180, -156979, 4013
68524, -4179, -156962, 4013
68527, -4178, -156942, 4016
68530, -4177, -156916, 4018
68534, -4176, -156894, 4018
68537, -4175, -156876, 4018
68541, -4174, -156859, 4020
68544, -4172, -156834, 4022
68549, -4171, -156809, 4024
68552, -4170, -156781, 4026
68557, -4168, -156761, 4027
68560, -4166, -156744, 4027
68563, -4165, -156725, 4028
68567, -4164, -156699, 4030
68572, -4162, -156675, 4034
68575, -4161, -156653, 4032
68579, -4160, -156632, 4034
68583, -4158, -156607, 4036
68588, -4157, -156584, 4037
68591, -4156, -156553, 4040
68596, -4154, -156529, 4041
68600, -4152, -156512, 4042
68603, -4151, -156493, 4043
68607, -4150, -156467, 4044
68611, -4148, -156441, 4048
68615, -4147, -156420, 4048
68619, -4145, -156401, 4049
68622, -4144, -156383, 4050
68626, -4142, -156363, 4051
68629, -4141, -156338, 4053
68632, -4140, -156315, 4055
68636, -4139, -156296, 4056
68639, -4138, -156278, 4055
68642, -4137, -156261, 4056
68646, -4136, -156240, 4058
68650, -4134, -156216, 4062
68653, -4133, -156191, 4062
68658, -4132, -156171, 4061
68662, -4130, -156149, 4063
68666, -4129, -156128, 4065
68669, -4128, -156105, 4068
68673, -4127, -156073, 4068
68678, -4125, -156052, 4069
68681, -4124, -156033, 4070
68685, -4122, -156008, 4072
68689, -4121, -155985, 4076
68693, -4119, -155958, 4076
68697, -4118, -155937, 4076
68701, -4116, -155918, 4078
68705, -4115, -155890, 4078
68710, -4113, -155856, 4083
68715, -4112, -155832, 4085
68719, -4110, -155811, 4085
68723, -4108, -155789, 4085
68729, -4106, -155746, 4090
68734, -4104, -155725, 4091
68737, -4103, -155708, 4091
68740, -4102, -155691, 4091
68744, -4100, -155674, 4093
68747, -4099, -155652, 4095
68751, -4098, -155624, 1
68755, -4097, -155600, 1
68759, -4096, -155579, 2
68763, -4094, -155559, 4
68766, -4093, -155538, 6
68770, -4091, -155504, 8
68775, -4090, -155482, 9
68778, -4088, -155464, 9
68782, -4087, -155446, 10
68786, -4086, -155419, 11
68790, -4085, -155393, 15
68794, -4083, -155369, 17
68797, -4081, -155349, 18
68801, -4080, -155332, 18
68804, -4078, -155314, 18
68808, -4077, -155294, 20
68811, -4076, -155270, 22
68814, -4075, -155249, 24
68817, -4074, -155232, 23
68821, -4073, -155216, 24
68824, -4072, -155200, 25
68827, -4071, -155180, 29
68831, -4069, -155154, 30
68834, -4068, -155133, 31
68838, -4066, -155115, 31
68841, -4065, -155096, 32
68845, -4064, -155076, 33
68849, -4063, -155049, 37
68852, -4061, -155025, 38
68856, -4060, -155003, 36
68859, -4059, -154985, 38
68862, -4058, -154967, 39
68866, -4057, -154946, 40
68870, -4056, -154921, 44
68873, -4054, -154898, 46
68877, -4053, -154877, 44
68880, -4052, -154859, 46
68884, -4050, -154839, 48
68888, -4049, -154815, 49
68891, -4048, -154789, 52
68895, -4046, -154761, 51
68899, -4045, -154742, 53
68903, -4044, -154723, 54
68906, -4042, -154695, 56
68911, -4041, -154664, 60
68915, -4039, -154640, 59
68919, -4038, -154620, 59
68923, -4037, -154602, 61
68926, -4036, -154582, 61
68930, -4035, -154555, 65
68933, -4033, -154532, 65
68937, -4032, -154512, 66
68940, -4031, -154494, 66
68943, -4030, -154475, 67
68946, -4029, -154455, 71
68950, -4027, -154430, 73
68953, -4026, -154404, 72
68957, -4024, -154387, 73
68960, -4023, -154370, 74
68963, -4022, -154352, 75
68967, -4021, -154330, 77
68970, -4020, -154305, 80
68973, -4018, -154282, 81
68977, -4017, -154261, 80
68980, -4016, -154239, 82
68984, -4015, -154219, 81
68988, -4014, -154197, 85
68991, -4012, -154171, 88
68995, -4011, -154147, 87
68998, -4010, -154126, 88
69002, -4009, -154107, 87
69005, -4007, -154087, 91
69009, -4006, -154063, 94
69012, -4005, -154035, 94
69016, -4004, -154014, 94
69019, -4002, -153995, 93
69022, -4001, -153975, 97
69026, -4001, -153952, 97
69030, -3999, -153925, 101
69033, -3998, -153898, 102
69037, -3996, -153877, 102
69041, -3995, -153857, 103
69044, -3993, -153834, 104
69048, -3992, -153809, 106
69052, -3991, -153779, 109
69055, -3990, -153754, 107
69059, -3989, -153733, 109
69062, -3987, -153712, 110
69066, -3986, -153693, 112
69069, -3985, -153670, 115
69072, -3983, -153644, 116
69076, -3982, -153623, 116
69079, -3981, -153605, 116
69082, -3980, -153586, 117
69086, -3979, -153564, 118
69089, -3978, -153541, 120
69092, -3977, -153515, 124
69095, -3975, -153493, 122
69099, -3975, -153474, 121
69102, -3974, -153454, 123
69105, -3973, -153434, 125
69108, -3972, -153410, 128
69112, -3970, -153381, 131
69115, -3968, -153357, 130
69119, -3967, -153338, 131
69122, -3965, -153318, 132
69126, -3964, -153292, 134
69129, -3963, -153264, 135
69133, -3962, -153236, 137
69136, -3961, -153213, 135
69140, -3960, -153192, 138
69144, -3959, -153169, 139
69147, -3958, -153140, 141
69151, -3956, -153107, 144
69155, -3955, -153082, 143
69159, -3953, -153062, 144
69162, -3952, -153042, 145
69166, -3951, -153016, 146
69169, -3950, -152989, 150
69172, -3948, -152962, 151
69176, -3947, -152938, 151
69179, -3946, -152917, 152
69182, -3945, -152897, 151
69186, -3944, -152873, 154
69189, -3942, -152847, 158
69192, -3941, -152818, 159
69195, -3940, -152796, 158
69199, -3938, -152776, 158
69202, -3937, -152754, 160
69206, -3936, -152726, 161
69209, -3935, -152698, 165
69213, -3934, -152669, 165
69216, -3932, -152642, 165
69220, -3931, -152619, 166
69223, -3930, -152596, 167
69227, -3929, -152568, 170
69231, -3927, -152535, 173
69234, -3926, -152508, 171
69237, -3925, -152487, 171
69241, -3924, -152465, 173
69244, -3923, -152443, 176
69247, -3922, -152417, 177
69250, -3920, -152386, 179
69254, -3919, -152357, 180
69257, -3917, -152334, 180
69261, -3916, -152313, 180
69264, -3915, -152286, 182
69268, -3915, -152253, 183
69272, -3913, -152223, 188
69275, -3912, -152197, 186
69278, -3911, -152175, 186
69281, -3909, -152150, 189
69285, -3908, -152124, 189
69289, -3907, -152095, 192
69292, -3906, -152063, 193
69295, -3904, -152038, 194
69299, -3903, -152015, 194
69302, -3902, -151993, 194
69305, -3901, -151965, 196
69309, -3900, -151932, 201
69313, -3899, -151897, 200
69316, -3897, -151867, 201
69320, -3896, -151842, 201
69323, -3895, -151816, 202
69327, -3894, -151791, 205
69330, -3893, -151755, 206
69334, -3891, -151723, 208
69337, -3890, -151697, 207
69340, -3889, -151672, 209
69344, -3888, -151648, 209
69347, -3887, -151618, 211
69350, -3886, -151583, 214
69354, -3884, -151556, 216
69357, -3883, -151530, 214
69360, -3882, -151505, 215
69364, -3880, -151478, 217
69368, -3879, -151443, 219
69371, -3878, -151403, 222
69375, -3877, -151368, 222
69379, -3875, -151341, 223
69382, -3874, -151317, 222
69385, -3873, -151288, 223
69389, -3872, -151255, 226
69392, -3871, -151222, 229
69395, -3870, -151191, 229
69398, -3868, -151165, 230
69402, -3867, -151140, 230
69405, -3866, -151112, 231
69408, -3865, -151080, 235
69411, -3863, -151045, 235
69415, -3863, -151013, 234
69418, -3862, -150987, 235
69421, -3860, -150958, 239
69425, -3859, -150926, 240
69429, -3858, -150889, 241
69432, -3856, -150850, 243
69436, -3854, -150816, 243
69439, -3854, -150786, 241
69443, -3853, -150755, 247
69447, -3851, -150720, 247
69450, -3850, -150681, 249
69453, -3849, -150640, 251
69457, -3847, -150610, 250
69461, -3846, -150582, 251
69464, -3845, -150554, 254
69467, -3843, -150522, 255
69470, -3842, -150480, 257
69474, -3841, -150443, 258
69478, -3839, -150411, 258
69481, -3838, -150383, 258
69485, -3837, -150347, 260
69488, -3837, -150306, 261
69492, -3835, -150262, 265
69495, -3834, -150227, 265
69498, -3832, -150198, 265
69502, -3831, -150167, 266
69505, -3830, -150130, 268
69509, -3829, -150087, 270
69512, -3827, -150045, 272
69516, -3826, -150012, 271
69519, -3825, -149982, 272
69522, -3824, -149951, 273
69525, -3823, -149918, 276
69529, -3822, -149877, 275
69532, -3820, -149830, 280
69536, -3819, -149791, 280
69539, -3817, -149759, 280
69543, -3816, -149725, 281
69546, -3815, -149689, 280
69549, -3814, -149640, 285
69553, -3813, -149598, 285
69556, -3812, -149564, 286
69559, -3811, -149534, 286
69562, -3810, -149502, 288
69566, -3809, -149469, 289
69569, -3808, -149423, 291
69573, -3806, -149376, 293
69576, -3805, -149342, 294
69579, -3803, -149310, 294
69583, -3802, -149277, 296
69586, -3801, -149238, 295
69589, -3800, -149195, 299
69593, -3799, -149150, 301
69596, -3797, -149112, 300
69600, -3797, -149073, 300
69604, -3795, -149038, 303
69607, -3794, -149000, 305
69610, -3793, -148954, 306
69614, -3791, -148908, 308
69617, -3790, -148870, 308
69621, -3789, -148838, 308
69624, -3788, -148804, 309
69627, -3786, -148767, 313
69631, -3785, -148723, 315
69634, -3784, -148683, 314
69637, -3782, -148649, 315
69641, -3781, -148617, 317
69645, -3780, -148578, 318
69648, -3779, -148536, 320
69652, -3777, -148491, 322
69655, -3776, -148456, 321
69658, -3775, -148423, 322
69662, -3774, -148392, 323
69665, -3773, -148357, 324
69668, -3772, -148320, 328
69672, -3770, -148280, 329
69675, -3769, -148247, 328
69678, -3768, -148218, 330
69681, -3766, -148187, 331
69685, -3766, -148154, 330
69688, -3765, -148110, 334
69692, -3763, -148068, 337
69695, -3762, -148031, 337
69699, -3760, -148000, 338
69702, -3759, -147967, 338
69706, -3757, -147932, 341
69710, -3756, -147888, 343
69713, -3755, -147842, 344
69717, -3754, -147806, 344
69721, -3752, -147775, 345
69724, -3751, -147741, 347
69728, -3750, -147698, 348
69732, -3749, -147656, 351
69735, -3747, -147623, 350
69738, -3746, -147592, 350
69742, -3746, -147565, 351
69745, -3744, -147531, 357
69748, -3743, -147496, 356
69752, -3741, -147458, 358
69755, -3739, -147415, 359
69760, -3738, -147388, 358
69763, -3738, -147356, 358
69767, -3736, -147322, 363
69770, -3735, -147282, 365
69773, -3734, -147247, 364
69777, -3733, -147214, 365
69780, -3731, -147186, 366
69784, -3730, -147156, 367
69787, -3729, -147125, 371
69790, -3727, -147082, 372
69794, -3726, -147038, 371
69798, -3725, -147008, 373
69801, -3724, -146978, 373
69805, -3723, -146931, 376
69810, -3721, -146887, 379
69814, -3720, -146852, 379
69817, -3718, -146820, 380
69821, -3717, -146781, 381
69826, -3715, -146737, 382
69831, -3714, -146692, 386
69834, -3712, -146657, 387
69837, -3711, -146630, 387
69841, -3710, -146603, 388
69845, -3708, -146572, 390
69848, -3707, -146541, 393
69851, -3705, -146502, 394
69855, -3704, -146467, 392
69859, -3703, -146439, 393
69862, -3702, -146413, 394
69865, -3701, -146385, 398
69869, -3700, -146344, 400
69873, -3699, -146299, 400
69877, -3697, -146270, 401
69881, -3695, -146242, 402
69884, -3694, -146204, 403
69889, -3693, -146166, 407
69893, -3691, -146121, 409
69897, -3689, -146092, 410
69900, -3688, -146063, 408
69904, -3686, -146024, 412
69909, -3685, -145985, 414
69913, -3684, -145949, 415
69916, -3683, -145917, 416
69920, -3681, -145885, 416
69924, -3680, -145850, 418
69928, -3679, -145818, 420
69932, -3677, -145770, 422
69936, -3676, -145731, 422
69941, -3674, -145703, 424
69944, -3673, -145678, 425
69948, -3671, -145643, 428
69952, -3670, -145606, 430
69955, -3668, -145578, 430
69959, -3667, -145550, 430
69962, -3665, -145526, 433
69965, -3665, -145499, 432
69969, -3664, -145466, 435
69972, -3662, -145428, 437
69976, -3661, -145400, 437
69980, -3660, -145373, 438
69983, -3658, -145346, 439
69987, -3657, -145311, 441
69991, -3656, -145273, 444
69995, -3655, -145240, 443
69998, -3653, -145213, 445
70002, -3652, -145185, 445
70006, -3651, -145158, 447
70009, -3650, -145125, 449
70013, -3648, -145089, 450
70017, -3647, -145056, 450
70020, -3646, -145029, 452
70024, -3645, -145003, 453
70027, -3643, -144976, 456
70031, -3642, -144941, 459
70034, -3640, -144909, 457
70038, -3639, -144882, 458
70042, -3638, -144853, 460
70045, -3636, -144827, 462
70048, -3636, -144796, 463
70052, -3634, -144765, 464
70055, -3633, -144738, 465
70058, -3632, -144712, 466
70062, -3631, -144686, 466
70065, -3630, -144660, 467
70069, -3629, -144631, 471
70072, -3627, -144595, 473
70076, -3626, -144557, 472
70081, -3624, -144532, 473
70085, -3623, -144502, 474
70088, -3622, -144465, 478
70092, -3620, -144420, 479
70097, -3619, -144395, 481
70101, -3617, -144365, 481
70105, -3615, -144329, 483
70110, -3613, -144285, 487
70114, -3612, -144254, 487
70117, -3611, -144226, 487
70121, -3609, -144199, 489
70125, -3608, -144162, 488
70130, -3607, -144127, 493
70133, -3606, -144098, 493
70137, -3604, -144066, 493
70141, -3603, -144031, 494
70146, -3602, -144005, 497
70149, -3600, -143961, 501
70154, -3598, -143922, 501
70159, -3597, -143898, 501
70162, -3595, -143875, 502
70166, -3594, -143849, 503
70169, -3593, -143815, 506
70173, -3591, -143778, 509
70177, -3590, -143748, 509
70180, -3588, -143724, 510
70184, -3587, -143701, 510
70187, -3585, -143660, 513
70192, -3584, -143617, 515
70196, -3583, -143590, 516
70200, -3581, -143564, 518
70205, -3579, -143528, 519
70209, -3578, -143496, 520
70212, -3576, -143464, 524
70216, -3575, -143435, 523
70220, -3574, -143406, 522
70224, -3573, -143374, 524
70228, -3571, -143341, 528
70233, -3570, -143296, 529
70237, -3569, -143268, 529
70241, -3568, -143246, 529
70244, -3566, -143219, 531
70248, -3565, -143185, 534
70252, -3564, -143143, 536
70257, -3562, -143120, 537
70261, -3560, -143087, 539
70265, -3558, -143058, 540
70269, -3557, -143017, 542
70274, -3556, -142985, 542
70277, -3554, -142957, 543
70281, -3554, -142935, 543
70284, -3553, -142910, 544
70288, -3552, -142882, 547
70291, -3550, -142851, 552
70294, -3548, -142824, 551
70298, -3547, -142800, 551
70301, -3545, -142774, 551
70305, -3544, -142748, 552
70308, -3544, -142711, 554
70312, -3543, -142672, 556
70317, -3541, -142641, 558
70321, -3540, -142618, 560
70324, -3538, -142591, 561
70328, -3536, -142565, 562
70331, -3535, -142527, 563
70335, -3534, -142491, 563
70340, -3533, -142466, 565
70343, -3532, -142435, 567
70348, -3530, -142406, 568
70351, -3529, -142365, 570
70356, -3527, -142339, 572
70360, -3526, -142312, 572
70364, -3525, -142280, 572
70369, -3523, -142246, 577
70372, -3521, -142210, 578
70376, -3520, -142174, 578
70381, -3519, -142141, 579
70385, -3517, -142116, 579
70389, -3516, -142088, 582
70392, -3515, -142055, 585
70396, -3514, -142025, 583
70399, -3513, -142001, 586
70403, -3511, -141977, 586
70406, -3510, -141950, 589
70409, -3509, -141914, 590
70414, -3507, -141883, 591
70417, -3506, -141858, 591
70421, -3505, -141829, 593
70425, -3504, -141795, 595
70430, -3502, -141761, 599
70433, -3500, -141729, 598
70437, -3499, -141704, 599
70440, -3498, -141680, 599
70443, -3497, -141656, 600
70447, -3496, -141628, 603
70450, -3494, -141595, 606
70454, -3493, -141567, 605
70457, -3492, -141544, 606
70461, -3490, -141519, 607
70464, -3489, -141493, 607
70468, -3489, -141464, 610
70471, -3487, -141426, 612
70475, -3486, -141391, 613
70480, -3485, -141363, 612
70483, -3483, -141332, 614
70488, -3482, -141302, 617
70492, -3481, -141255, 619
70496, -3479, -141226, 620
70500, -3478, -141202, 619
70503, -3477, -141177, 620
70507, -3476, -141147, 622
70510, -3474, -141114, 627
70514, -3473, -141088, 626
70517, -3471, -141063, 626
70521, -3470, -141034, 626
70525, -3469, -141000, 629
70529, -3468, -140961, 632
70533, -3467, -140920, 632
70538, -3465, -140897, 633
70541, -3464, -140874, 633
70545, -3463, -140846, 635
70549, -3462, -140802, 637
70553, -3460, -140763, 639
70558, -3459, -140738, 640
70561, -3457, -140711, 641
70565, -3455, -140682, 644
70569, -3454, -140639, 644
70573, -3453, -140599, 645
70578, -3451, -140575, 647
70581, -3450, -140542, 649
70586, -3449, -140507, 649
70590, -3447, -140469, 653
70594, -3445, -140439, 654
70597, -3444, -140413, 654
70601, -3443, -140387, 655
70605, -3441, -140356, 656
70608, -3440, -140326, 658
70612, -3439, -140290, 661
70615, -3437, -140258, 661
70619, -3436, -140235, 660
70622, -3435, -140207, 661
70626, -3434, -140178, 663
70630, -3433, -140143, 667
70633, -3432, -140111, 668
70636, -3430, -140083, 667
70640, -3429, -140050, 668
70645, -3428, -140017, 670
70649, -3426, -139982, 673
70652, -3425, -139934, 674
70657, -3424, -139899, 674
70661, -3422, -139871, 675
70665, -3421, -139835, 675
70670, -3420, -139794, 680
70673, -3419, -139760, 679
70677, -3418, -139722, 681
70682, -3416, -139684, 682
70687, -3415, -139650, 683
70691, -3413, -139604, 687
70695, -3412, -139569, 686
70699, -3410, -139534, 688
70704, -3409, -139506, 690
70708, -3407, -139472, 692
70711, -3405, -139432, 695
70715, -3404, -139394, 695
70719, -3402, -139366, 696
70722, -3401, -139340, 697
70726, -3400, -139297, 697
70730, -3398, -139261, 701
70734, -3397, -139224, 701
70738, -3396, -139197, 702
70741, -3395, -139168, 702
70745, -3394, -139135, 704
70748, -3392, -139089, 707
70753, -3391, -139051, 708
70757, -3390, -139010, 709
70762, -3388, -138977, 710
70766, -3387, -138939, 710
70770, -3385, -138896, 715
70774, -3384, -138850, 715
70778, -3383, -138820, 714
70782, -3381, -138790, 717
70785, -3380, -138763, 718
70789, -3379, -138726, 721
70792, -3378, -138677, 720
70797, -3376, -138633, 722
70801, -3375, -138604, 724
70805, -3373, -138566, 725
70810, -3372, -138520, 727
70813, -3370, -138482, 728
70817, -3369, -138450, 729
70820, -3368, -138423, 731
70824, -3367, -138394, 730
70827, -3365, -138360, 733
70830, -3364, -138322, 736
70834, -3363, -138287, 735
70837, -3362, -138255, 735
70840, -3360, -138218, 737
70845, -3359, -138184, 738
70849, -3358, -138141, 741
70852, -3357, -138089, 743
70857, -3355, -138046, 742
70862, -3354, -138012, 744
70866, -3353, -137977, 745
70869, -3351, -137934, 747
70873, -3350, -137879, 749
70878, -3349, -137846, 750
70881, -3347, -137815, 750
70884, -3346, -137771, 752
70889, -3344, -137731, 755
70893, -3343, -137675, 758
70897, -3342, -137642, 755
70901, -3340, -137610, 757
70904, -3339, -137565, 758
70909, -3338, -137510, 762
70914, -3336, -137462, 764
70918, -3335, -137426, 763
70921, -3333, -137384, 764
70926, -3332, -137333, 766
70931, -3330, -137290, 769
70934, -3330, -137248, 768
70938, -3328, -137211, 770
70941, -3327, -137178, 770
70944, -3326, -137145, 773
70948, -3324, -137107, 776
70951, -3323, -137058, 776
70955, -3321, -137007, 776
70960, -3320, -136971, 777
70963, -3319, -136938, 780
70967, -3317, -136893, 782
70971, -3316, -136833, 783
70975, -3314, -136782, 784
70980, -3313, -136737, 784
70984, -3312, -136686, 785
70989, -3311, -136628, 789
70994, -3309, -136576, 791
70998, -3308, -136539, 790
71001, -3306, -136495, 792
71006, -3304, -136440, 794
71010, -3303, -136392, 798
71013, -3301, -136349, 797
71017, -3300, -136310, 798
71020, -3299, -136275, 798
71024, -3297, -136234, 800
71027, -3297, -136192, 802
71031, -3295, -136141, 804
71034, -3294, -136095, 804
71037, -3293, -136059, 804
71041, -3292, -136026, 804
71044, -3291, -135988, 807
71048, -3290, -135943, 809
71051, -3289, -135884, 810
71055, -3288, -135828, 810
71059, -3286, -135774, 810
71064, -3285, -135732, 814
71068, -3284, -135677, 816
71072, -3282, -135610, 817
71076, -3281, -135570, 818
71079, -3279, -135529, 819
71083, -3278, -135491, 820
71086, -3277, -135450, 821
71090, -3275, -135399, 824
71093, -3274, -135348, 825
71096, -3273, -135307, 825
71099, -3271, -135268, 827
71103, -3270, -135225, 827
71107, -3269, -135169, 828
71111, -3268, -135101, 831
71115, -3267, -135038, 832
71120, -3266, -134988, 831
71124, -3264, -134926, 834
71128, -3263, -134863, 837
71132, -3261, -134788, 838
71137, -3260, -134740, 838
71140, -3258, -134694, 839
71144, -3257, -134640, 842
71149, -3255, -134562, 844
71153, -3254, -134505, 846
71157, -3252, -134457, 847
71160, -3251, -134415, 846
71164, -3249, -134368, 848
71167, -3248, -134320, 850
71170, -3247, -134258, 852
71174, -3246, -134182, 853
71179, -3245, -134127, 852
71182, -3243, -134074, 854
71186, -3242, -134016, 855
71190, -3241, -133928, 860
71195, -3240, -133861, 859
71199, -3238, -133812, 858
71203, -3237, -133753, 861
71207, -3236, -133698, 862
71211, -3234, -133623, 866
71215, -3233, -133548, 866
71219, -3231, -133486, 867
71224, -3230, -133415, 868
71229, -3228, -133344, 872
71233, -3226, -133263, 874
71237, -3225, -133207, 874
71240, -3223, -133138, 874
71245, -3222, -133077, 874
71249, -3221, -133007, 878
71253, -3219, -132936, 881
71257, -3218, -132877, 880
71260, -3217, -132831, 881
71263, -3215, -132783, 882
71267, -3214, -132728, 883
71270, -3213, -132642, 888
71275, -3212, -132569, 886
71279, -3210, -132519, 887
71283, -3209, -132473, 888
71286, -3208, -132422, 889
71290, -3207, -132332, 895
71295, -3205, -132260, 894
71299, -3204, -132216, 894
71302, -3202, -132164, 895
71306, -3200, -132106, 898
71310, -3200, -132040, 899
71314, -3198, -131980, 901
71318, -3197, -131930, 899
71321, -3196, -131882, 901
71325, -3195, -131817, 902
71330, -3194, -131754, 907
71333, -3192, -131679, 907
71338, -3191, -131636, 907
71342, -3189, -131583, 909
71346, -3187, -131529, 911
71350, -3186, -131463, 915
71354, -3185, -131400, 913
71358, -3183, -131354, 914
71362, -3182, -131310, 916
71366, -3180, -131267, 918
71369, -3179, -131207, 920
71373, -3178, -131151, 921
71377, -3176, -131109, 921
71380, -3175, -131071, 923
71383, -3174, -131031, 923
71387, -3173, -130983, 923
71390, -3172, -130927, 927
71394, -3171, -130878, 927
71398, -3170, -130836, 928
71402, -3169, -130788, 929
71406, -3167, -130738, 930
71410, -3166, -130686, 934
71413, -3165, -130639, 934
71417, -3163, -130601, 934
71420, -3162, -130563, 935
71424, -3161, -130523, 937
71428, -3160, -130476, 938
71432, -3158, -130412, 943
71436, -3157, -130369, 941
71440, -3155, -130336, 943
71443, -3154, -130300, 942
71447, -3153, -130260, 944
71450, -3152, -130213, 946
71454, -3151, -130168, 949
71457, -3150, -130130, 948
71460, -3148, -130098, 949
71464, -3147, -130053, 950
71468, -3146, -130004, 953
71472, -3145, -129956, 955
71476, -3143, -129920, 956
71479, -3142, -129888, 956
71482, -3140, -129857, 956
71486, -3139, -129820, 958
71490, -3138, -129776, 961
71493, -3137, -129733, 960
71496, -3136, -129697, 962
71500, -3135, -129663, 962
71503, -3134, -129634, 964
71506, -3133, -129601, 965
71510, -3132, -129562, 967
71513, -3130, -129521, 968
71516, -3129, -129486, 967
71520, -3129, -129456, 968
71523, -3128, -129425, 969
71526, -3127, -129390, 972
71530, -3126, -129348, 973
71534, -3124, -129310, 976
71537, -3123, -129280, 975
71540, -3121, -129248, 975
71544, -3121, -129218, 976
71547, -3119, -129182, 979
71551, -3119, -129142, 980
71554, -3117, -129106, 981
71558, -3116, -129078, 981
71561, -3115, -129051, 983
71564, -3114, -129021, 983
71568, -3113, -128985, 986
71571, -3111, -128943, 988
71575, -3110, -128905, 987
71579, -3110, -128875, 986
71582, -3109, -128848, 987
71585, -3108, -128820, 990
71589, -3107, -128788, 994
71592, -3105, -128752, 995
71595, -3103, -128720, 995
71598, -3102, -128691, 995
71602, -3100, -128662, 997
71606, -3100, -128631, 997
71609, -3099, -128594, 1000
71613, -3097, -128561, 1002
71616, -3096, -128532, 1002
71620, -3095, -128507, 1002
71623, -3094, -128482, 1003
71626, -3093, -128453, 1004
71630, -3092, -128416, 1008
71633, -3091, -128382, 1008
71636, -3089, -128352, 1008
71640, -3088, -128327, 1008
71643, -3087, -128302, 1011
71646, -3086, -128276, 1013
71650, -3085, -128241, 1014
71653, -3083, -128206, 1015
71657, -3082, -128178, 1015
71660, -3081, -128153, 1016
71663, -3081, -128125, 1015
71667, -3080, -128096, 1019
71670, -3078, -128064, 1022
71674, -3077, -128030, 1022
71677, -3076, -128004, 1021
71681, -3074, -127982, 1023
71684, -3073, -127954, 1024
71688, -3073, -127924, 1025
71691, -3071, -127890, 1028
71694, -3070, -127860, 1027
71697, -3069, -127835, 1028
71701, -3068, -127812, 1030
71704, -3067, -127789, 1030
71707, -3066, -127764, 1032
71710, -3065, -127729, 1033
71714, -3063, -127700, 1036
71717, -3062, -127675, 1036
71721, -3061, -127650, 1036
71724, -3060, -127626, 1037
71727, -3059, -127595, 1039
71731, -3057, -127562, 1043
71734, -3056, -127535, 1042
71738, -3055, -127512, 1041
71741, -3054, -127490, 1042
71744, -3053, -127468, 1044
71748, -3053, -127441, 1044
71751, -3052, -127406, 1048
71755, -3051, -127375, 1047
71758, -3049, -127350, 1049
71762, -3048, -127327, 1050
71765, -3047, -127303, 1050
71768, -3045, -127276, 1055
71772, -3044, -127247, 1056
71775, -3042, -127223, 1056
71778, -3041, -127201, 1056
71782, -3040, -127179, 1056
71785, -3039, -127156, 1057
71788, -3039, -127128, 1059
71791, -3038, -127097, 1062
71795, -3036, -127071, 1062
71798, -3035, -127048, 1062
71802, -3034, -127027, 1062
71805, -3033, -127004, 1064
71808, -3032, -126979, 1068
71812, -3031, -126950, 1069
71815, -3029, -126925, 1068
71818, -3028, -126905, 1068
71821, -3027, -126882, 1070
71825, -3026, -126860, 1071
71828, -3025, -126834, 1074
71831, -3024, -126806, 1075
71834, -3022, -126782, 1076
71838, -3022, -126761, 1074
71841, -3020, -126741, 1077
71844, -3020, -126720, 1078
71848, -3019, -126694, 1080
71851, -3017, -126665, 1083
71854, -3015, -126638, 1083
71858, -3014, -126614, 1083
71861, -3013, -126593, 1083
71865, -3012, -126572, 1086
71868, -3011, -126547, 1086
71871, -3010, -126519, 1089
71874, -3009, -126496, 1090
71878, -3008, -126474, 1089
71881, -3007, -126454, 1089
71885, -3006, -126433, 1093
71888, -3005, -126406, 1094
71892, -3004, -126376, 1095
71895, -3002, -126349, 1095
71899, -3001, -126324, 1098
71903, -3000, -126305, 1098
71906, -2999, -126280, 1099
71910, -2997, -126254, 1102
71913, -2996, -126225, 1103
71917, -2995, -126204, 1103
71921, -2994, -126186, 1103
71924, -2993, -126166, 1104
71927, -2992, -126143, 1106
71931, -2991, -126116, 1109
71934, -2989, -126091, 1111
71937, -2988, -126066, 1109
71941, -2987, -126044, 1110
71945, -2985, -126022, 1112
71948, -2984, -126000, 1114
71951, -2984, -125974, 1115
71955, -2982, -125952, 1116
71958, -2981, -125933, 1116
71961, -2980, -125915, 1117
71964, -2979, -125896, 1118
71968, -2978, -125872, 1121
71971, -2977, -125845, 1123
71974, -2975, -125821, 1123
71978, -2974, -125801, 1123
71981, -2973, -125783, 1125
71984, -2972, -125764, 1124
71987, -2971, -125743, 1128
71991, -2970, -125718, 1130
71994, -2968, -125696, 1129
71997, -2968, -125675, 1129
72001, -2966, -125656, 1131
72004, -2965, -125636, 1132
72008, -2965, -125612, 1134
72011, -2963, -125587, 1137
72015, -2962, -125563, 1136
72018, -2960, -125544, 1138
72021, -2959, -125525, 1137
72024, -2958, -125506, 1139
72028, -2958, -125485, 1140
72031, -2956, -125459, 1143
72034, -2955, -125436, 1142
72038, -2954, -125416, 1142
72042, -2953, -125397, 1144
72045, -2952, -125377, 1145
72048, -2952, -125355, 1147
72052, -2950, -125330, 1151
72055, -2948, -125307, 1150
72058, -2947, -125287, 1150
72062, -2946, -125269, 1152
72065, -2944, -125248, 1153
72069, -2944, -125226, 1155
72072, -2943, -125202, 1155
72075, -2941, -125183, 1156
72078, -2940, -125164, 1157
72082, -2940, -125145, 1157
72086, -2939, -125125, 1158
72089, -2938, -125102, 1162
72092, -2936, -125077, 1162
72096, -2935, -125056, 1164
72099, -2934, -125037, 1164
72102, -2932, -125017, 1165
72106, -2931, -124997, 1166
72109, -2930, -124974, 1169
72113, -2929, -124947, 1171
72117, -2927, -124928, 1171
72120, -2926, -124910, 1171
72123, -2925, -124894, 1172
72127, -2924, -124875, 1173
72130, -2923, -124850, 1175
72133, -2922, -124827, 1178
72137, -2921, -124808, 1176
72140, -2920, -124788, 1178
72144, -2918, -124767, 1180
72148, -2917, -124746, 1181
72151, -2916, -124718, 1183
72155, -2915, -124696, 1183
72158, -2914, -124680, 1183
72162, -2913, -124664, 1184
72165, -2912, -124646, 1187
72168, -2911, -124627, 1188
72171, -2909, -124604, 1190
72175, -2908, -124584, 1190
72178, -2907, -124567, 1190
72181, -2906, -124552, 1191
72184, -2905, -124533, 1192
72188, -2904, -124513, 1193
72191, -2903, -124482, 1199
72196, -2901, -124463, 1197
72199, -2900, -124446, 1198
72202, -2898, -124430, 1199
72206, -2897, -124414, 1200
72209, -2896, -124393, 1203
72212, -2895, -124369, 1204
72215, -2894, -124350, 1204
72219, -2893, -124333, 1204
72222, -2891, -124316, 1206
72225, -2891, -124298, 1205
72228, -2890, -124277, 1208
72231, -2889, -124254, 1211
72235, -2888, -124235, 1210
72238, -2887, -124218, 1210
72241, -2886, -124203, 1211
72244, -2885, -124185, 1213
72248, -2884, -124164, 1215
72251, -2882, -124140, 1218
72254, -2881, -124119, 1218
72258, -2879, -124103, 1218
72261, -2878, -124087, 1218
72264, -2877, -124069, 1219
72268, -2877, -124048, 1220
72271, -2876, -124024, 1224
72274, -2875, -124004, 1222
72277, -2874, -123987, 1225
72281, -2872, -123970, 1226
72284, -2871, -123952, 1226
72287, -2870, -123932, 1229
72291, -2868, -123909, 1230
72294, -2867, -123888, 1231
72297, -2866, -123870, 1231
72301, -2865, -123855, 1231
72304, -2865, -123838, 1232
72307, -2864, -123818, 1235
72310, -2862, -123796, 1238
72314, -2861, -123774, 1237
72317, -2860, -123754, 1237
72320, -2859, -123738, 1238
72323, -2858, -123722, 1239
72327, -2857, -123704, 1241
72330, -2856, -123682, 1244
72333, -2854, -123661, 1246
72337, -2853, -123642, 1245
72340, -2851, -123626, 1245
72343, -2850, -123610, 1247
72346, -2849, -123591, 1248
72350, -2849, -123569, 1250
72353, -2848, -123547, 1250
72356, -2846, -123527, 1251
72359, -2845, -123510, 1253
72363, -2844, -123493, 1252
72366, -2844, -123475, 1254
72369, -2842, -123454, 1256
72373, -2841, -123431, 1259
72376, -2840, -123413, 1258
72379, -2839, -123397, 1258
72382, -2838, -123381, 1258
72386, -2837, -123361, 1261
72389, -2836, -123339, 1263
72392, -2835, -123316, 1264
72395, -2833, -123295, 1265
72399, -2832, -123279, 1265
72402, -2831, -123264, 1266
72405, -2830, -123246, 1266
72409, -2829, -123224, 1269
72412, -2828, -123201, 1270
72415, -2827, -123182, 1273
72418, -2826, -123167, 1270
72422, -2825, -123149, 1272
72425, -2824, -123132, 1274
72429, -2823, -123108, 1276
72432, -2822, -123085, 1277
72435, -2820, -123065, 1278
72439, -2819, -123048, 1278
72443, -2818, -123025, 1280
72447, -2817, -123003, 1282
72451, -2815, -122974, 1284
72454, -2814, -122951, 1285
72458, -2812, -122934, 1285
72461, -2811, -122918, 1285
72465, -2810, -122902, 1288
72468, -2809, -122882, 1289
72471, -2808, -122859, 1291
72475, -2806, -122838, 1293
72478, -2805, -122820, 1293
72482, -2804, -122801, 1293
72486, -2803, -122771, 1294
72491, -2801, -122737, 1298
72495, -2800, -122716, 1298
72499, -2799, -122694, 1299
72503, -2798, -122671, 1298
72508, -2797, -122645, 1302
72512, -2795, -122618, 1305
72516, -2794, -122598, 1306
72519, -2792, -122579, 1305
72523, -2791, -122554, 1306
72528, -2789, -122532, 1310
72531, -2788, -122499, 1312
72536, -2786, -122474, 1313
72541, -2785, -122455, 1312
72544, -2783, -122437, 1314
72548, -2782, -122411, 1316
72552, -2781, -122378, 1319
72556, -2780, -122359, 1318
72560, -2778, -122341, 1319
72563, -2777, -122323, 1320
72567, -2776, -122296, 1322
72571, -2775, -122270, 1326
72575, -2773, -122250, 1324
72578, -2772, -122229, 1326
72582, -2771, -122212, 1326
72585, -2769, -122192, 1329
72589, -2768, -122171, 1332
72592, -2767, -122144, 1332
72596, -2765, -122125, 1332
72599, -2764, -122106, 1333
72603, -2763, -122081, 1335
72608, -2762, -122057, 1336
72612, -2760, -122030, 1340
72616, -2759, -121999, 1340
72620, -2757, -121981, 1340
72623, -2756, -121960, 1341
72627, -2755, -121936, 1342
72631, -2754, -121911, 1346
72635, -2753, -121885, 1346
72639, -2751, -121863, 1346
72644, -2750, -121839, 1347
72647, -2749, -121817, 1349
72651, -2748, -121788, 1352
72655, -2746, -121763, 1353
72659, -2745, -121737, 1354
72663, -2743, -121717, 1354
72667, -2742, -121684, 1356
72672, -2740, -121656, 1359
72676, -2739, -121631, 1360
72681, -2738, -121610, 1360
72684, -2736, -121590, 1362
72688, -2735, -121570, 1363
72691, -2733, -121546, 1367
72694, -2732, -121524, 1367
72698, -2731, -121503, 1366
72701, -2730, -121487, 1366
72705, -2729, -121466, 1369
72708, -2728, -121440, 1371
72712, -2727, -121411, 1373
72716, -2726, -121391, 1371
72719, -2724, -121367, 1372
72723, -2723, -121342, 1375
72728, -2722, -121316, 1377
72731, -2721, -121286, 1380
72735, -2719, -121264, 1380
72739, -2717, -121239, 1380
72743, -2716, -121219, 1383
72747, -2714, -121194, 1384
72751, -2713, -121166, 1387
72754, -2711, -121141, 1388
72758, -2710, -121118, 1387
72762, -2709, -121098, 1387
72766, -2708, -121075, 1390
72769, -2706, -121045, 1394
72774, -2705, -121016, 1393
72777, -2704, -120993, 1394
72781, -2702, -120974, 1396
72785, -2701, -120951, 1396
72788, -2700, -120927, 1398
72791, -2699, -120898, 1400
72795, -2698, -120877, 1400
72798, -2696, -120856, 1402
72802, -2695, -120837, 1402
72805, -2694, -120806, 1404
72810, -2693, -120773, 1407
72814, -2691, -120744, 1409
72818, -2690, -120718, 1407
72822, -2688, -120693, 1409
72827, -2687, -120666, 1411
72831, -2686, -120635, 1413
72835, -2685, -120610, 1415
72838, -2683, -120582, 1416
72843, -2681, -120560, 1416
72847, -2680, -120535, 1419
72850, -2678, -120498, 1420
72855, -2677, -120470, 1421
72859, -2676, -120445, 1420
72863, -2675, -120423, 1423
72867, -2674, -120400, 1425
72870, -2672, -120364, 1428
72875, -2671, -120335, 1428
72879, -2669, -120313, 1427
72883, -2668, -120285, 1429
72888, -2667, -120252, 1433
72892, -2665, -120223, 1435
72895, -2664, -120196, 1435
72899, -2662, -120174, 1436
72902, -2661, -120154, 1435
72906, -2660, -120129, 1438
72909, -2659, -120102, 1440
72912, -2658, -120073, 1441
72916, -2656, -120047, 1442
72919, -2655, -120023, 1444
72923, -2654, -119999, 1443
72927, -2652, -119971, 1446
72931, -2651, -119931, 1448
72935, -2650, -119903, 1449
72939, -2648, -119875, 1450
72944, -2647, -119848, 1451
72948, -2645, -119820, 1454
72952, -2644, -119782, 1455
72956, -2643, -119757, 1455
72959, -2641, -119736, 1456
72963, -2640, -119710, 1457
72967, -2639, -119670, 1459
72971, -2638, -119629, 1462
72976, -2636, -119603, 1463
72979, -2635, -119580, 1463
72982, -2634, -119552, 1463
72988, -2632, -119517, 1465
72992, -2631, -119480, 1469
72996, -2630, -119451, 1469
72999, -2629, -119425, 1469
73003, -2627, -119401, 1471
73006, -2626, -119376, 1472
73010, -2624, -119343, 1475
73014, -2623, -119312, 1476
73017, -2622, -119287, 1476
73020, -2620, -119267, 1477
73023, -2620, -119238, 1476
73027, -2619, -119209, 1480
73031, -2617, -119174, 1483
73035, -2616, -119144, 1483
73038, -2615, -119119, 1483
73042, -2613, -119093, 1483
73045, -2612, -119067, 1486
73049, -2611, -119037, 1489
73052, -2609, -118999, 1490
73056, -2608, -118969, 1490
73059, -2606, -118944, 1491
73063, -2605, -118914, 1491
73067, -2605, -118876, 1493
73072, -2603, -118837, 1496
73076, -2602, -118808, 1496
73079, -2601, -118783, 1497
73083, -2600, -118751, 1498
73087, -2598, -118714, 1500
73091, -2597, -118666, 1504
73096, -2595, -118628, 1503
73100, -2594, -118603, 1504
73103, -2592, -118576, 1506
73107, -2591, -118545, 1507
73111, -2589, -118508, 1511
73114, -2588, -118474, 1511
73118, -2586, -118446, 1512
73121, -2585, -118420, 1511
73124, -2584, -118392, 1512
73128, -2584, -118361, 1514
73131, -2582, -118323, 1518
73135, -2581, -118292, 1518
73138, -2580, -118262, 1518
73141, -2578, -118235, 1518
73145, -2577, -118207, 1520
73148, -2577, -118174, 1521
73151, -2576, -118138, 1523
73155, -2574, -118107, 1525
73158, -2573, -118077, 1523
73162, -2572, -118052, 1524
73165, -2571, -118024, 1528
73168, -2570, -117992, 1527
73171, -2569, -117953, 1532
73175, -2567, -117916, 1531
73178, -2566, -117886, 1532
73182, -2565, -117857, 1532
73185, -2563, -117825, 1534
73189, -2563, -117785, 1536
73192, -2561, -117742, 1539
73196, -2560, -117703, 1538
73200, -2558, -117671, 1539
73204, -2557, -117636, 1541
73208, -2555, -117585, 1544
73213, -2554, -117540, 1545
73217, -2553, -117507, 1544
73220, -2552, -117477, 1546
73224, -2550, -117444, 1548
73227, -2549, -117406, 1549
73231, -2548, -117361, 1553
73234, -2546, -117322, 1551
73238, -2545, -117284, 1552
73242, -2544, -117243, 1554
73246, -2542, -117198, 1556
73250, -2541, -117139, 1558
73255, -2540, -117086, 1559
73260, -2538, -117050, 1560
73264, -2537, -117014, 1560
73267, -2535, -116968, 1565
73271, -2534, -116906, 1566
73276, -2532, -116867, 1567
73279, -2531, -116835, 1567
73283, -2529, -116791, 1568
73287, -2528, -116747, 1570
73291, -2527, -116685, 1572
73296, -2526, -116643, 1573
73299, -2524, -116601, 1574
73304, -2523, -116566, 1575
73308, -2521, -116521, 1578
73312, -2520, -116475, 1580
73315, -2518, -116435, 1579
73318, -2517, -116395, 1581
73322, -2516, -116349, 1581
73327, -2515, -116305, 1584
73331, -2513, -116254, 1586
73335, -2512, -116214, 1587
73338, -2511, -116181, 1587
73341, -2509, -116150, 1587
73345, -2508, -116114, 1589
73348, -2507, -116075, 1593
73351, -2505, -116018, 1595
73356, -2504, -115979, 1594
73360, -2502, -115941, 1595
73364, -2501, -115906, 1596
73367, -2500, -115855, 1600
73372, -2498, -115798, 1602
73376, -2497, -115759, 1601
73380, -2496, -115728, 1600
73384, -2494, -115693, 1603
73388, -2493, -115636, 1605
73393, -2492, -115590, 1609
73397, -2490, -115550, 1609
73400, -2488, -115519, 1610
73404, -2487, -115485, 1610
73408, -2486, -115446, 1611
73411, -2485, -115400, 1615
73415, -2483, -115362, 1616
73418, -2482, -115330, 1615
73422, -2481, -115298, 1617
73425, -2480, -115266, 1617
73429, -2478, -115228, 1621
73432, -2477, -115187, 1621
73435, -2476, -115153, 1621
73438, -2475, -115121, 1623
73442, -2474, -115091, 1623
73446, -2473, -115060, 1625
73449, -2472, -115022, 1628
73452, -2470, -114981, 1629
73456, -2469, -114944, 1629
73460, -2467, -114910, 1630
73464, -2466, -114876, 1630
73468, -2465, -114825, 1633
73472, -2464, -114772, 1636
73477, -2463, -114740, 1635
73481, -2462, -114702, 1636
73485, -2460, -114661, 1638
73490, -2458, -114620, 1642
73493, -2457, -114576, 1643
73497, -2455, -114535, 1643
73502, -2454, -114497, 1644
73506, -2452, -114465, 1645
73510, -2451, -114420, 1648
73514, -2449, -114380, 1651
73518, -2448, -114338, 1651
73523, -2446, -114308, 1651
73526, -2445, -114276, 1653
73529, -2443, -114240, 1655
73533, -2442, -114188, 1658
73538, -2441, -114161, 1658
73541, -2439, -114125, 1657
73546, -2438, -114077, 1661
73551, -2436, -114032, 1664
73555, -2435, -113998, 1665
73558, -2433, -113969, 1665
73562, -2432, -113944, 1665
73565, -2430, -113916, 1667
73568, -2430, -113883, 1668
73572, -2428, -113845, 1672
73575, -2427, -113812, 1671
73579, -2426, -113782, 1671
73582, -2425, -113755, 1673
73586, -2423, -113722, 1674
73590, -2422, -113675, 1677
73594, -2421, -113637, 1678
73598, -2419, -113602, 1679
73602, -2418, -113569, 1679
73607, -2417, -113535, 1680
73610, -2415, -113497, 1685
73614, -2414, -113460, 1685
73618, -2413, -113424, 1685
73622, -2412, -113396, 1685
73626, -2410, -113365, 1689
73629, -2409, -113329, 1689
73633, -2407, -113290, 1693
73637, -2406, -113261, 1692
73640, -2405, -113227, 1691
73645, -2404, -113196, 1694
73649, -2402, -113150, 1697
73653, -2401, -113111, 1700
73657, -2400, -113077, 1698
73661, -2398, -113050, 1701
73665, -2396, -113024, 1702
73668, -2395, -112993, 1703
73672, -2394, -112952, 1706
73676, -2392, -112920, 1707
73679, -2391, -112896, 1707
73683, -2389, -112861, 1708
73687, -2388, -112818, 1711
73692, -2386, -112779, 1714
73696, -2385, -112745, 1714
73700, -2383, -112717, 1714
73703, -2382, -112685, 1714
73708, -2381, -112642, 1718
73713, -2379, -112597, 1721
73717, -2378, -112560, 1721
73722, -2377, -112528, 1720
73726, -2375, -112493, 1724
73730, -2373, -112458, 1727
73734, -2372, -112422, 1728
73738, -2370, -112387, 1727
73743, -2368, -112359, 1730
73747, -2367, -112329, 1732
73750, -2365, -112284, 1734
73755, -2364, -112250, 1735
73758, -2362, -112222, 1735
73763, -2361, -112192, 1736
73766, -2360, -112165, 1737
73770, -2359, -112134, 1740
73773, -2358, -112103, 1741
73776, -2356, -112075, 1742
73780, -2355, -112051, 1743
73783, -2354, -112024, 1744
73787, -2352, -111989, 1746
73791, -2351, -111952, 1749
73795, -2349, -111921, 1749
73799, -2348, -111889, 1749
73803, -2347, -111862, 1749
73807, -2346, -111830, 1751
73811, -2345, -111794, 1755
73814, -2344, -111760, 1755
73818, -2343, -111729, 1755
73823, -2341, -111698, 1758
73827, -2339, -111671, 1759
73830, -2338, -111640, 1762
73833, -2336, -111609, 1763
73837, -2335, -111580, 1762
73841, -2334, -111552, 1764
73845, -2332, -111527, 1765
73848, -2332, -111488, 1766
73852, -2330, -111446, 1771
73857, -2328, -111419, 1770
73861, -2327, -111387, 1771
73865, -2325, -111360, 1773
73869, -2324, -111323, 1774
73873, -2323, -111284, 1776
73877, -2321, -111258, 1777
73880, -2320, -111235, 1779
73884, -2319, -111211, 1779
73887, -2317, -111180, 1781
73891, -2315, -111142, 1785
73895, -2314, -111112, 1786
73898, -2312, -111086, 1785
73902, -2311, -111062, 1785
73906, -2310, -111035, 1788
73909, -2309, -110997, 1791
73914, -2307, -110958, 1792
73918, -2306, -110926, 1791
73922, -2305, -110893, 1793
73927, -2303, -110863, 1795
73931, -2302, -110819, 1799
73936, -2300, -110787, 1799
73939, -2299, -110763, 1798
73943, -2297, -110737, 1800
73947, -2296, -110707, 1802
73950, -2295, -110670, 1806
73954, -2293, -110638, 1806
73958, -2292, -110606, 1806
73962, -2290, -110580, 1808
73966, -2289, -110548, 1809
73971, -2287, -110510, 1813
73974, -2286, -110478, 1813
73978, -2284, -110452, 1814
73981, -2283, -110428, 1813
73985, -2282, -110401, 1816
73988, -2281, -110373, 1817
73992, -2279, -110340, 1821
73995, -2278, -110311, 1820
73999, -2276, -110286, 1822
74002, -2275, -110263, 1821
74006, -2274, -110237, 1822
74009, -2273, -110209, 1826
74012, -2272, -110178, 1827
74015, -2271, -110151, 1827
74019, -2270, -110127, 1827
74022, -2268, -110094, 1829
74027, -2268, -110067, 1830
74031, -2266, -110029, 1834
74034, -2265, -109999, 1834
74038, -2263, -109965, 1834
74043, -2262, -109937, 1836
74047, -2261, -109907, 1837
74051, -2259, -109864, 1842
74055, -2258, -109835, 1841
74059, -2256, -109809, 1843
74063, -2254, -109781, 1843
74066, -2253, -109748, 1846
74071, -2251, -109704, 1849
74076, -2250, -109673, 1848
74079, -2248, -109647, 1850
74083, -2247, -109620, 1850
74087, -2246, -109589, 1853
74091, -2244, -109545, 1855
74096, -2243, -109515, 1856
74099, -2242, -109492, 1856
74102, -2240, -109469, 1858
74105, -2239, -109443, 1858
74109, -2238, -109408, 1861
74113, -2236, -109377, 1863
74116, -2235, -109343, 1864
74121, -2234, -109311, 1864
74125, -2232, -109282, 1866
74129, -2230, -109249, 1869
74133, -2229, -109210, 1871
74137, -2227, -109180, 1872
74141, -2226, -109150, 1871
74145, -2225, -109122, 1872
74149, -2223, -109078, 1876
74154, -2222, -109043, 1878
74158, -2221, -109011, 1878
74162, -2219, -108987, 1879
74165, -2217, -108962, 1880
74169, -2216, -108929, 1884
74173, -2214, -108895, 1886
74176, -2213, -108867, 1885
74180, -2212, -108844, 1885
74183, -2210, -108820, 1886
74186, -2209, -108794, 1889
74189, -2208, -108764, 1891
74193, -2207, -108731, 1892
74196, -2206, -108703, 1892
74200, -2205, -108681, 1891
74203, -2204, -108657, 1894
74206, -2203, -108632, 1895
74209, -2202, -108600, 1897
74213, -2200, -108568, 1900
74216, -2198, -108541, 1900
74219, -2197, -108519, 1899
74223, -2196, -108496, 1901
74226, -2195, -108472, 1902
74229, -2194, -108441, 1906
74233, -2193, -108406, 1907
74237, -2191, -108379, 1908
74240, -2190, -108353, 1907
74244, -2188, -108326, 1910
74247, -2187, -108297, 1910
74251, -2186, -108261, 1914
74255, -2185, -108229, 1914
74259, -2183, -108201, 1915
74262, -2182, -108168, 1915
74267, -2180, -108130, 1918
74272, -2179, -108083, 1922
74277, -2177, -108052, 1922
74281, -2176, -108021, 1922
74284, -2174, -107996, 1924
74288, -2172, -107956, 1926
74292, -2171, -107921, 1928
74296, -2170, -107885, 1930
74301, -2168, -107852, 1931
74305, -2166, -107825, 1932
74309, -2165, -107792, 1934
74312, -2163, -107754, 1937
74316, -2161, -107726, 1937
74319, -2160, -107702, 1937
74323, -2159, -107677, 1938
74326, -2158, -107649, 1940
74329, -2157, -107615, 1943
74333, -2155, -107574, 1944
74337, -2154, -107544, 1944
74341, -2152, -107513, 1946
74345, -2151, -107485, 1946
74349, -2150, -107438, 1950
74353, -2148, -107404, 1950
74357, -2147, -107369, 1950
74361, -2146, -107335, 1953
74366, -2144, -107303, 1955
74370, -2143, -107269, 1957
74373, -2141, -107231, 1959
74377, -2139, -107194, 1960
74381, -2137, -107160, 1960
74386, -2136, -107131, 1962
74389, -2135, -107087, 1964
74394, -2133, -107040, 1966
74399, -2132, -107009, 1966
74402, -2130, -106983, 1968
74406, -2129, -106945, 1970
74410, -2127, -106897, 1973
74415, -2125, -106864, 1974
74418, -2124, -106839, 1975
74422, -2122, -106811, 1975
74425, -2121, -106782, 1977
74429, -2120, -106745, 1979
74432, -2118, -106709, 1981
74436, -2117, -106676, 1981
74439, -2116, -106650, 1981
74443, -2115, -106624, 1981
74446, -2114, -106591, 1984
74450, -2113, -106553, 1986
74453, -2112, -106517, 1987
74457, -2110, -106479, 1989
74461, -2109, -106451, 1989
74465, -2107, -106419, 1991
74469, -2106, -106382, 1992
74472, -2104, -106332, 1996
74477, -2103, -106296, 1997
74481, -2101, -106266, 1997
74485, -2100, -106236, 1998
74488, -2098, -106189, 2000
74493, -2097, -106150, 2003
74496, -2095, -106116, 2004
74500, -2094, -106080, 2003
74505, -2092, -106046, 2006
74509, -2091, -106003, 2008
74513, -2089, -105961, 2011
74516, -2088, -105929, 2010
74520, -2086, -105894, 2011
74524, -2085, -105864, 2014
74528, -2083, -105818, 2015
74532, -2082, -105776, 2018
74536, -2080, -105740, 2019
74540, -2079, -105707, 2018
74543, -2077, -105676, 2021
74547, -2076, -105642, 2022
74550, -2075, -105602, 2025
74554, -2073, -105565, 2027
74557, -2071, -105535, 2026
74560, -2070, -105506, 2027
74564, -2069, -105474, 2028
74567, -2068, -105440, 2028
74571, -2067, -105388, 2033
74575, -2066, -105354, 2034
74579, -2064, -105322, 2034
74582, -2063, -105283, 2035
74587, -2061, -105232, 2039
74592, -2059, -105185, 2040
74595, -2058, -105148, 2040
74599, -2057, -105110, 2041
74603, -2055, -105078, 2041
74607, -2054, -105038, 2045
74611, -2053, -104994, 2047
74614, -2051, -104946, 2048
74619, -2050, -104904, 2048
74623, -2048, -104868, 2051
74627, -2046, -104834, 2053
74630, -2045, -104792, 2055
74634, -2043, -104746, 2055
74637, -2041, -104711, 2057
74641, -2040, -104680, 2057
74645, -2039, -104646, 2058
74648, -2038, -104608, 2059
74652, -2037, -104561, 2062
74655, -2036, -104521, 2063
74659, -2034, -104486, 2064
74662, -2033, -104455, 2064
74666, -2032, -104420, 2065
74669, -2031, -104366, 2069
74674, -2029, -104322, 2072
74677, -2027, -104287, 2072
74681, -2026, -104241, 2071
74685, -2024, -104204, 2073
74689, -2023, -104161, 2076
74692, -2022, -104111, 2077
74696, -2021, -104069, 2078
74700, -2019, -104028, 2079
74704, -2018, -103993, 2080
74708, -2016, -103950, 2083
74711, -2014, -103886, 2086
74716, -2013, -103842, 2086
74720, -2011, -103808, 2086
74724, -2010, -103772, 2088
74727, -2008, -103718, 2090
74732, -2007, -103655, 2094
74736, -2005, -103614, 2093
74740, -2004, -103576, 2094
74743, -2002, -103536, 2095
74747, -2001, -103481, 2097
74752, -2000, -103428, 2100
74755, -1998, -103387, 2101
74759, -1997, -103348, 2100
74762, -1996, -103314, 2102
74765, -1994, -103275, 2104
74769, -1993, -103226, 2105
74773, -1992, -103170, 2109
74777, -1990, -103125, 2108
74780, -1989, -103084, 2109
74784, -1987, -103046, 2111
74787, -1986, -102992, 2112
74792, -1985, -102932, 2115
74796, -1983, -102885, 2116
74799, -1982, -102845, 2116
74803, -1980, -102808, 2117
74806, -1979, -102764, 2119
74810, -1978, -102710, 2122
74813, -1976, -102655, 2124
74817, -1975, -102606, 2123
74821, -1973, -102566, 2125
74825, -1972, -102524, 2126
74828, -1971, -102472, 2127
74832, -1969, -102408, 2132
74836, -1967, -102364, 2132
74840, -1966, -102319, 2132
74843, -1964, -102273, 2134
74847, -1963, -102228, 2134
74850, -1962, -102153, 2137
74855, -1961, -102103, 2138
74858, -1959, -102055, 2139
74862, -1958, -102011, 2140
74866, -1957, -101966, 2141
74869, -1955, -101913, 2144
74873, -1954, -101859, 2146
74876, -1952, -101812, 2146
74879, -1951, -101772, 2146
74883, -1950, -101729, 2148
74887, -1948, -101678, 2151
74890, -1947, -101615, 2152
74894, -1946, -101558, 2153
74897, -1944, -101499, 2153
74902, -1943, -101444, 2153
74906, -1942, -101387, 2156
74910, -1941, -101323, 2160
74914, -1939, -101264, 2163
74917, -1937, -101215, 2160
74921, -1936, -101154, 2161
74926, -1934, -101104, 2165
74929, -1932, -101037, 2168
74933, -1931, -100966, 2169
74937, -1929, -100910, 2169
74941, -1928, -100860, 2169
74945, -1926, -100811, 2171
74948, -1926, -100730, 2172
74953, -1924, -100655, 2177
74957, -1923, -100590, 2176
74961, -1921, -100545, 2177
74965, -1919, -100496, 2179
74968, -1918, -100419, 2181
74972, -1916, -100344, 2184
74976, -1915, -100288, 2184
74980, -1913, -100240, 2184
74984, -1912, -100189, 2184
74987, -1911, -100139, 2187
74990, -1910, -100078, 2190
74993, -1908, -100017, 2191
74997, -1907, -99961, 2192
75001, -1905, -99900, 2193
75005, -1904, -99839, 2194
75009, -1902, -99775, 2197
75013, -1901, -99704, 2198
75017, -1899, -99648, 2200
75021, -1898, -99588, 2199
75025, -1896, -99537, 2202
75029, -1895, -99484, 2204
75032, -1894, -99417, 2205
75036, -1892, -99361, 2207
75040, -1891, -99316, 2206
75043, -1889, -99252, 2209
75048, -1888, -99180, 2212
75053, -1886, -99115, 2214
75057, -1885, -99061, 2214
75060, -1883, -99007, 2215
75065, -1881, -98948, 2217
75069, -1880, -98888, 2220
75073, -1878, -98829, 2223
75077, -1876, -98786, 2221
75080, -1875, -98746, 2221
75083, -1874, -98707, 2224
75087, -1873, -98663, 2225
75090, -1872, -98612, 2228
75093, -1870, -98561, 2229
75097, -1869, -98516, 2229
75100, -1867, -98463, 2231
75105, -1866, -98421, 2232
75108, -1865, -98373, 2234
75112, -1863, -98316, 2238
75116, -1861, -98257, 2236
75120, -1860, -98209, 2237
75125, -1859, -98164, 2240
75129, -1857, -98101, 2243
75133, -1855, -98049, 2245
75137, -1853, -97994, 2246
75142, -1852, -97951, 2246
75146, -1850, -97907, 2247
75150, -1848, -97859, 2252
75153, -1847, -97795, 2253
75158, -1845, -97750, 2253
75162, -1844, -97711, 2255
75166, -1842, -97674, 2256
75169, -1841, -97629, 2258
75173, -1839, -97577, 2260
75177, -1837, -97535, 2262
75181, -1836, -97497, 2261
75184, -1835, -97460, 2263
75188, -1833, -97422, 2265
75191, -1832, -97377, 2267
75194, -1831, -97339, 2268
75198, -1829, -97307, 2268
75201, -1828, -97275, 2268
75204, -1827, -97239, 2270
75208, -1826, -97194, 2274
75212, -1825, -97152, 2274
75215, -1823, -97113, 2275
75219, -1822, -97079, 2276
75222, -1820, -97047, 2277
75226, -1820, -97006, 2277
75230, -1819, -96961, 2280
75233, -1817, -96918, 2283
75237, -1816, -96872, 2283
75242, -1814, -96837, 2284
75246, -1812, -96804, 2287
75249, -1810, -96752, 2289
75254, -1809, -96703, 2290
75258, -1807, -96665, 2291
75262, -1806, -96635, 2292
75265, -1805, -96600, 2293
75269, -1804, -96551, 2294
75274, -1802, -96504, 2298
75278, -1800, -96469, 2299
75282, -1799, -96431, 2299
75286, -1797, -96385, 2301
75291, -1795, -96343, 2304
75295, -1794, -96308, 2304
75298, -1793, -96279, 2306
75302, -1791, -96251, 2306
75305, -1790, -96216, 2309
75309, -1788, -96181, 2311
75312, -1787, -96144, 2313
75316, -1785, -96111, 2313
75319, -1784, -96079, 2314
75323, -1782, -96051, 2316
75327, -1781, -96023, 2317
75330, -1780, -95989, 2319
75333, -1778, -95944, 2321
75338, -1777, -95904, 2321
75343, -1775, -95874, 2323
75346, -1774, -95833, 2323
75351, -1772, -95786, 2328
75355, -1771, -95751, 2328
75359, -1769, -95725, 2330
75363, -1768, -95693, 2330
75367, -1766, -95651, 2332
75371, -1765, -95605, 2335
75376, -1763, -95566, 2336
75381, -1761, -95534, 2338
75385, -1760, -95502, 2338
75390, -1758, -95466, 2343
75393, -1756, -95429, 2344
75397, -1754, -95396, 2343
75401, -1753, -95362, 2344
75406, -1752, -95334, 2346
75409, -1750, -95303, 2349
75412, -1749, -95273, 2351
75416, -1748, -95243, 2350
75420, -1746, -95217, 2352
75423, -1745, -95192, 2353
75427, -1743, -95162, 2355
75431, -1742, -95127, 2359
75434, -1740, -95092, 2359
75438, -1739, -95066, 2359
75441, -1737, -95040, 2360
75445, -1736, -95010, 2362
75449, -1735, -94970, 2365
75454, -1733, -94939, 2367
75457, -1731, -94913, 2367
75462, -1730, -94883, 2367
75466, -1728, -94853, 2370
75469, -1727, -94823, 2372
75473, -1726, -94792, 2374
75476, -1724, -94764, 2375
75480, -1723, -94736, 2374
75485, -1721, -94708, 2376
75489, -1720, -94682, 2379
75492, -1719, -94651, 2381
75495, -1717, -94624, 2381
75499, -1716, -94601, 2383
75502, -1714, -94565, 2383
75507, -1713, -94541, 2385
75510, -1712, -94514, 2388
75514, -1710, -94480, 2389
75518, -1709, -94456, 2389
75522, -1707, -94432, 2391
75526, -1706, -94407, 2392
75529, -1705, -94381, 2394
75532, -1703, -94352, 2395
75536, -1702, -94326, 2395
75539, -1701, -94303, 2396
75543, -1700, -94280, 2398
75546, -1699, -94254, 2400
75550, -1697, -94224, 2403
75554, -1696, -94196, 2403
75558, -1694, -94170, 2405
75562, -1692, -94145, 2405
75566, -1691, -94117, 2408
75570, -1689, -94079, 2411
75574, -1688, -94052, 2411
75578, -1686, -94023, 2412
75582, -1685, -94001, 2413
75586, -1683, -93969, 2415
75591, -1682, -93936, 2418
75595, -1680, -93905, 2419
75599, -1679, -93881, 2420
75604, -1677, -93854, 2420
75608, -1676, -93823, 2423
75612, -1674, -93792, 2425
75616, -1673, -93760, 2427
75620, -1671, -93740, 2428
75624, -1669, -93716, 2428
75628, -1668, -93691, 2431
75632, -1666, -93664, 2434
75635, -1665, -93638, 2433
75639, -1664, -93618, 2434
75642, -1662, -93598, 2435
75645, -1661, -93578, 2437
75649, -1660, -93555, 2437
75652, -1659, -93528, 2441
75655, -1657, -93503, 2441
75659, -1656, -93482, 2442
75663, -1655, -93461, 2443
75666, -1653, -93432, 2445
75671, -1652, -93397, 2447
75676, -1651, -93372, 2448
75679, -1649, -93351, 2449
75683, -1648, -93328, 2451
75687, -1646, -93303, 2452
75691, -1645, -93271, 2455
75695, -1643, -93238, 2456
75700, -1642, -93215, 2456
75704, -1640, -93188, 2459
75709, -1638, -93163, 2462
75712, -1636, -93135, 2464
75716, -1634, -93106, 2466
75721, -1632, -93076, 2465
75726, -1631, -93046, 2467
75731, -1629, -93011, 2471
75736, -1628, -92981, 2471
75741, -1626, -92963, 2472
75744, -1625, -92945, 2474
75747, -1623, -92925, 2474
75751, -1622, -92899, 2478
75754, -1620, -92876, 2479
75757, -1619, -92856, 2478
75761, -1618, -92837, 2480
75764, -1616, -92818, 2481
75768, -1615, -92794, 2483
75771, -1614, -92767, 2485
75775, -1613, -92744, 2484
75779, -1612, -92725, 2487
75782, -1610, -92705, 2488
75786, -1609, -92678, 2488
75791, -1608, -92649, 2492
75795, -1606, -92623, 2493
75799, -1604, -92600, 2495
75803, -1603, -92581, 2494
75806, -1602, -92558, 2495
75810, -1600, -92526, 2500
75815, -1599, -92498, 2501
75819, -1597, -92474, 2501
75824, -1596, -92456, 2502
75827, -1594, -92427, 2504
75832, -1593, -92401, 2507
75836, -1591, -92376, 2508
75840, -1590, -92359, 2508
75843, -1588, -92342, 2509
75846, -1587, -92321, 2511
75850, -1585, -92298, 2516
75853, -1584, -92274, 2515
75856, -1582, -92255, 2516
75860, -1581, -92236, 2516
75863, -1580, -92215, 2517
75867, -1579, -92191, 2520
75872, -1577, -92153, 2523
75877, -1576, -92129, 2524
75882, -1574, -92108, 2524
75886, -1572, -92087, 2527
75889, -1570, -92063, 2528
75893, -1569, -92039, 2531
75896, -1568, -92018, 2529
75900, -1566, -92000, 2532
75904, -1565, -91983, 2532
75907, -1564, -91965, 2534
75911, -1563, -91941, 2536
75914, -1561, -91920, 2539
75917, -1560, -91903, 2538
75921, -1559, -91887, 2538
75924, -1557, -91871, 2540
75927, -1556, -91853, 2541
75931, -1555, -91831, 2545
75934, -1554, -91809, 2546
75937, -1552, -91792, 2545
75940, -1551, -91776, 2546
75943, -1550, -91760, 2546
75947, -1549, -91742, 2549
75950, -1548, -91722, 2550
75953, -1547, -91701, 2553
75956, -1545, -91684, 2553
75959, -1544, -91669, 2553
75963, -1543, -91653, 2555
75966, -1542, -91636, 2555
75969, -1541, -91616, 2558
75972, -1540, -91593, 2559
75976, -1538, -91573, 2559
75979, -1537, -91556, 2560
75982, -1536, -91539, 2563
75985, -1535, -91522, 2563
75989, -1534, -91502, 2565
75992, -1532, -91480, 2566
75995, -1531, -91461, 2568
75998, -1530, -91445, 2568
76001, -1529, -91430, 2568
76005, -1528, -91414, 2570
76008, -1526, -91395, 2572
76011, -1525, -91371, 2575
76014, -1523, -91350, 2576
76018, -1522, -91332, 2575
76021, -1521, -91316, 2576
76024, -1520, -91299, 2577
76027, -1519, -91279, 2578
76031, -1518, -91257, 2580
76034, -1517, -91236, 2581
76037, -1516, -91218, 2584
76040, -1515, -91202, 2582
76043, -1513, -91186, 2584
76047, -1512, -91166, 2586
76051, -1511, -91140, 2589
76054, -1509, -91116, 2590
76058, -1508, -91096, 2591
76061, -1506, -91080, 2592
76065, -1505, -91062, 2593
76068, -1504, -91042, 2594
76072, -1502, -91015, 2597
76075, -1501, -90993, 2598
76079, -1500, -90976, 2598
76082, -1498, -90959, 2599
76085, -1497, -90941, 2600
76089, -1496, -90920, 2603
76092, -1494, -90896, 2606
76096, -1493, -90876, 2606
76099, -1491, -90858, 2606
76102, -1490, -90842, 2606
76106, -1489, -90823, 2608
76109, -1488, -90802, 2610
76112, -1487, -90778, 2613
76116, -1486, -90757, 2613
76119, -1484, -90738, 2614
76123, -1483, -90719, 2614
76126, -1482, -90702, 2615
76130, -1480, -90681, 2620
76133, -1479, -90659, 2620
76136, -1478, -90638, 2619
76140, -1477, -90621, 2621
76144, -1475, -90603, 2621
76147, -1475, -90584, 2623
76150, -1473, -90561, 2628
76153, -1471, -90538, 2628
76157, -1470, -90519, 2628
76160, -1469, -90503, 2628
76163, -1467, -90486, 2629
76166, -1467, -90468, 2632
76170, -1465, -90447, 2635
76173, -1464, -90426, 2635
76176, -1462, -90407, 2636
76179, -1461, -90391, 2636
76183, -1460, -90375, 2636
76186, -1459, -90357, 2639
76189, -1458, -90333, 2641
76193, -1457, -90309, 2643
76196, -1455, -90289, 2644
76199, -1454, -90271, 2643
76203, -1453, -90253, 2643
76206, -1452, -90235, 2646
76209, -1450, -90212, 2650
76213, -1449, -90188, 2650
76216, -1448, -90170, 2650
76220, -1446, -90152, 2651
76224, -1445, -90135, 2652
76227, -1444, -90115, 2653
76231, -1443, -90090, 2658
76234, -1441, -90069, 2657
76237, -1440, -90051, 2659
76240, -1438, -90034, 2659
76244, -1437, -90016, 2661
76247, -1436, -89996, 2662
76250, -1435, -89970, 2664
76254, -1434, -89943, 2664
76259, -1433, -89924, 2664
76263, -1432, -89906, 2666
76266, -1430, -89881, 2669
76271, -1429, -89855, 2672
76275, -1427, -89830, 2672
76278, -1425, -89809, 2673
76282, -1423, -89790, 2675
76286, -1422, -89768, 2676
76290, -1421, -89744, 2678
76294, -1419, -89719, 2679
76297, -1418, -89700, 2680
76300, -1417, -89682, 2682
76304, -1415, -89664, 2682
76308, -1414, -89644, 2684
76311, -1413, -89618, 2687
76315, -1411, -89594, 2686
76319, -1411, -89569, 2686
76323, -1409, -89549, 2689
76328, -1408, -89520, 2691
76332, -1406, -89491, 2694
76336, -1405, -89464, 2694
76341, -1403, -89446, 2696
76344, -1401, -89426, 2697
76348, -1400, -89402, 2699
76352, -1398, -89378, 2702
76356, -1397, -89354, 2701
76360, -1395, -89335, 2702
76364, -1394, -89317, 2703
76367, -1393, -89296, 2706
76371, -1392, -89268, 2708
76375, -1390, -89244, 2708
76378, -1389, -89221, 2709
76383, -1387, -89202, 2711
76387, -1386, -89176, 2713
76391, -1384, -89152, 2717
76395, -1382, -89132, 2716
76398, -1381, -89114, 2715
76401, -1380, -89098, 2716
76404, -1379, -89080, 2718
76408, -1379, -89059, 2719
76411, -1378, -89035, 2722
76415, -1376, -89012, 2724
76419, -1374, -88992, 2723
76422, -1374, -88973, 2722
76426, -1372, -88955, 2725
76429, -1371, -88931, 2729
76433, -1370, -88906, 2729
76437, -1369, -88886, 2730
76440, -1367, -88867, 2729
76444, -1366, -88846, 2733
76448, -1365, -88816, 2734
76453, -1363, -88791, 2735
76456, -1362, -88769, 2736
76460, -1361, -88749, 2736
76464, -1360, -88727, 2739
76468, -1358, -88704, 2742
76472, -1356, -88672, 2744
76477, -1355, -88650, 2744
76481, -1353, -88631, 2744
76485, -1352, -88612, 2745
76488, -1351, -88591, 2748
76492, -1349, -88560, 2751
76496, -1348, -88533, 2750
76501, -1347, -88515, 2750
76504, -1345, -88498, 2752
76508, -1344, -88478, 2754
76511, -1343, -88453, 2758
76514, -1342, -88431, 2756
76518, -1340, -88410, 2757
76522, -1339, -88393, 2758
76525, -1338, -88376, 2759
76529, -1337, -88355, 2762
76532, -1336, -88329, 2763
76535, -1334, -88306, 2764
76539, -1333, -88286, 2765
76543, -1332, -88267, 2765
76547, -1330, -88236, 2769
76552, -1329, -88202, 2771
76557, -1328, -88177, 2770
76561, -1326, -88158, 2772
76565, -1325, -88139, 2772
76568, -1323, -88111, 2776
76573, -1322, -88085, 2778
76576, -1321, -88059, 2777
76581, -1319, -88039, 2778
76585, -1318, -88013, 2780
76589, -1317, -87987, 2781
76593, -1316, -87961, 2783
76597, -1314, -87940, 2786
76600, -1313, -87919, 2785
76605, -1311, -87898, 2786
76609, -1310, -87876, 2788
76612, -1309, -87851, 2790
76616, -1308, -87826, 2790
76619, -1307, -87805, 2790
76623, -1306, -87787, 2791
76626, -1305, -87768, 2793
76630, -1304, -87742, 2795
76633, -1302, -87718, 2798
76637, -1301, -87697, 2798
76640, -1299, -87675, 2797
76644, -1298, -87658, 2799
76647, -1297, -87633, 2801
76652, -1296, -87599, 2803
76656, -1295, -87575, 2804
76660, -1293, -87555, 2804
76663, -1292, -87531, 2804
76668, -1291, -87504, 2807
76672, -1290, -87475, 2811
76676, -1288, -87452, 2811
76679, -1287, -87427, 2810
76684, -1285, -87404, 2812
76688, -1284, -87374, 2815
76692, -1282, -87345, 2818
76696, -1281, -87316, 2817
76700, -1280, -87294, 2816
76704, -1278, -87271, 2820
76708, -1277, -87246, 2820
76712, -1276, -87214, 2824
76716, -1275, -87187, 2823
76720, -1273, -87163, 2825
76724, -1272, -87142, 2826
76727, -1270, -87120, 2828
76731, -1269, -87093, 2829
76734, -1268, -87067, 2830
76737, -1267, -87046, 2832
76741, -1265, -87027, 2832
76744, -1265, -87006, 2832
76748, -1263, -86976, 2836
76752, -1262, -86945, 2837
76755, -1261, -86921, 2836
76759, -1260, -86901, 2836
76762, -1259, -86880, 2840
76765, -1258, -86850, 2841
76770, -1256, -86810, 2843
76775, -1255, -86785, 2845
76778, -1253, -86757, 2844
76783, -1252, -86735, 2845
76786, -1251, -86706, 2847
76791, -1250, -86674, 2849
76795, -1248, -86636, 2851
76799, -1247, -86606, 2850
76804, -1246, -86584, 2853
76808, -1244, -86550, 2854
76812, -1243, -86519, 2857
76816, -1241, -86485, 2857
76820, -1240, -86463, 2858
76824, -1238, -86441, 2860
76827, -1237, -86411, 2860
76831, -1236, -86376, 2863
76835, -1234, -86347, 2866
76839, -1233, -86322, 2865
76842, -1232, -86301, 2864
76845, -1231, -86279, 2867
76849, -1229, -86248, 2869
76852, -1229, -86216, 2869
76856, -1228, -86187, 2870
76859, -1226, -86161, 2871
76863, -1225, -86138, 2873
76867, -1224, -86112, 2873
76870, -1223, -86077, 2878
76874, -1221, -86045, 2877
76878, -1220, -86014, 2878
76882, -1218, -85990, 2880
76885, -1217, -85964, 2881
76889, -1216, -85932, 2883
76893, -1214, -85895, 2885
76898, -1213, -85855, 2885
76901, -1212, -85827, 2885
76905, -1211, -85798, 2886
76909, -1209, -85757, 2891
76914, -1208, -85718, 2890
76918, -1207, -85686, 2891
76922, -1206, -85656, 2892
76926, -1204, -85625, 2893
76930, -1203, -85589, 2897
76934, -1202, -85551, 2897
76938, -1200, -85516, 2898
76943, -1199, -85489, 2899
76946, -1197, -85461, 2901
76950, -1196, -85427, 2904
76953, -1194, -85393, 2904
76956, -1193, -85363, 2903
76960, -1192, -85339, 2907
76963, -1191, -85314, 2906
76967, -1190, -85286, 2907
76970, -1189, -85240, 2910
76975, -1187, -85203, 2911
76979, -1187, -85170, 2911
76983, -1185, -85143, 2912
76986, -1184, -85114, 2912
76990, -1183, -85080, 2916
76994, -1182, -85011, 2918
77001, -1180, -84978, 2918
77004, -1179, -84950, 2919
77008, -1177, -84919, 2921
77011, -1175, -84879, 2925
77015, -1174, -84846, 2924
77018, -1173, -84818, 2925
77021, -1172, -84791, 2924
77025, -1171, -84765, 2926
77028, -1170, -84733, 2929
77031, -1169, -84693, 2929
77035, -1168, -84658, 2930
77038, -1167, -84627, 2930
77042, -1166, -84596, 2932
77045, -1165, -84561, 2934
77050, -1163, -84510, 2936
77054, -1162, -84468, 2937
77058, -1160, -84436, 2938
77062, -1159, -84407, 2938
77065, -1158, -84378, 2938
77068, -1157, -84341, 2942
77072, -1156, -84294, 2944
77076, -1154, -84258, 2944
77080, -1153, -84214, 2945
77085, -1151, -84181, 2946
77088, -1150, -84141, 2948
77092, -1149, -84098, 2951
77096, -1147, -84048, 2952
77100, -1146, -84015, 2951
77105, -1145, -83976, 2952
77108, -1144, -83937, 2954
77112, -1142, -83893, 2958
77115, -1141, -83853, 2958
77119, -1140, -83811, 2957
77124, -1138, -83779, 2959
77128, -1137, -83734, 2962
77132, -1136, -83689, 2964
77135, -1134, -83649, 2965
77139, -1133, -83615, 2963
77143, -1132, -83574, 2966
77148, -1130, -83531, 2968
77152, -1129, -83477, 2971
77156, -1128, -83439, 2971
77160, -1126, -83398, 2970
77165, -1125, -83362, 2972
77168, -1124, -83322, 2975
77172, -1122, -83281, 2978
77175, -1121, -83248, 2979
77179, -1119, -83216, 2978
77182, -1118, -83185, 2978
77186, -1117, -83153, 2980
77189, -1116, -83111, 2982
77193, -1115, -83068, 2984
77197, -1114, -83027, 2985
77202, -1113, -82996, 2984
77205, -1111, -82964, 2987
77209, -1110, -82927, 2988
77212, -1109, -82884, 2991
77216, -1108, -82838, 2990
77220, -1106, -82811, 2990
77224, -1106, -82782, 2991
77228, -1104, -82740, 2994
77232, -1103, -82700, 2997
77235, -1102, -82665, 2997
77239, -1100, -82634, 2998
77242, -1099, -82604, 2998
77246, -1098, -82572, 2999
77250, -1097, -82535, 3003
77253, -1096, -82500, 3002
77256, -1095, -82472, 3003
77259, -1094, -82444, 3002
77263, -1093, -82416, 3004
77267, -1092, -82387, 3006
77270, -1091, -82353, 3008
77273, -1090, -82314, 3010
77277, -1088, -82284, 3010
77280, -1087, -82256, 3011
77283, -1086, -82230, 3011
77287, -1085, -82202, 3013
77290, -1084, -82168, 3015
77293, -1082, -82131, 3016
77297, -1081, -82101, 3017
77300, -1080, -82073, 3016
77304, -1079, -82036, 3017
77308, -1079, -82003, 3018
77312, -1078, -81965, 3022
77315, -1077, -81925, 3022
77320, -1075, -81895, 3024
77324, -1074, -81863, 3024
77328, -1072, -81832, 3027
77331, -1070, -81794, 3029
77335, -1069, -81758, 3029
77339, -1068, -81728, 3030
77343, -1067, -81700, 3030
77347, -1066, -81662, 3032
77351, -1064, -81612, 3036
77356, -1063, -81579, 3034
77360, -1062, -81552, 3037
77363, -1060, -81520, 3037
77368, -1059, -81479, 3039
77372, -1058, -81443, 3042
77376, -1056, -81415, 3043
77379, -1055, -81390, 3043
77382, -1054, -81365, 3043
77386, -1053, -81338, 3044
77389, -1052, -81306, 3046
77393, -1051, -81269, 3048
77396, -1050, -81240, 3049
77399, -1048, -81214, 3049
77403, -1047, -81190, 3049
77406, -1046, -81165, 3051
77410, -1045, -81135, 3053
77413, -1044, -81104, 3055
77417, -1043, -81066, 3056
77421, -1042, -81035, 3055
77425, -1040, -81007, 3057
77429, -1039, -80965, 3058
77434, -1038, -80928, 3062
77438, -1037, -80895, 3060
77442, -1036, -80872, 3062
77445, -1035, -80847, 3063
77448, -1033, -80816, 3065
77452, -1032, -80782, 3067
77455, -1031, -80752, 3068
77458, -1029, -80726, 3069
77462, -1028, -80700, 3069
77466, -1027, -80676, 3070
77469, -1026, -80648, 3073
77472, -1025, -80616, 3074
77476, -1024, -80587, 3074
77479, -1023, -80565, 3074
77482, -1021, -80542, 3077
77486, -1020, -80518, 3077
77489, -1019, -80488, 3080
77493, -1018, -80441, 3080
77497, -1017, -80406, 3081
77502, -1016, -80381, 3081
77506, -1014, -80353, 3084
77510, -1013, -80324, 3087
77513, -1011, -80293, 3088
77516, -1010, -80264, 3088
77520, -1009, -80234, 3088
77524, -1008, -80209, 3089
77527, -1007, -80176, 3090
77532, -1006, -80145, 3095
77535, -1005, -80108, 3093
77540, -1003, -80085, 3094
77543, -1002, -80051, 3094
77548, -1001, -80009, 3098
77553, -1000, -79975, 3100
77556, -998, -79948, 3100
77560, -997, -79922, 3101
77564, -995, -79897, 3102
77568, -994, -79869, 3105
77571, -993, -79830, 3107
77576, -991, -79791, 3107
77580, -990, -79767, 3108
77584, -988, -79742, 3109
77587, -987, -79707, 3112
77592, -986, -79675, 3114
77595, -984, -79645, 3114
77599, -983, -79617, 3115
77604, -981, -79594, 3116
77607, -980, -79568, 3117
77611, -979, -79534, 3119
77614, -978, -79505, 3120
77618, -977, -79480, 3121
77621, -976, -79458, 3122
77624, -975, -79435, 3122
77628, -974, -79408, 3124
77632, -972, -79371, 3128
77635, -971, -79339, 3126
77640, -970, -79314, 3128
77644, -969, -79289, 3129
77648, -967, -79256, 3130
77652, -966, -79224, 3133
77655, -965, -79193, 3132
77659, -964, -79166, 3132
77663, -963, -79138, 3134
77667, -962, -79103, 3138
77672, -961, -79070, 3139
77676, -959, -79043, 3139
77679, -958, -79011, 3139
77684, -956, -78980, 3142
77688, -955, -78950, 3144
77692, -954, -78917, 3145
77695, -952, -78885, 3146
77700, -951, -78862, 3146
77704, -949, -78830, 3150
77708, -948, -78792, 3151
77713, -946, -78759, 3153
77716, -945, -78733, 3152
77720, -944, -78709, 3152
77723, -943, -78685, 3156
77727, -942, -78661, 3156
77730, -941, -78632, 3159
77734, -939, -78602, 3160
77737, -937, -78572, 3161
77742, -936, -78550, 3160
77745, -935, -78527, 3162
77749, -934, -78487, 3163
77753, -933, -78451, 3166
77757, -932, -78423, 3166
77761, -931, -78400, 3167
77764, -930, -78376, 3167
77768, -928, -78340, 3171
77773, -927, -78308, 3173
77776, -925, -78282, 3173
77780, -924, -78259, 3173
77784, -923, -78232, 3174
77787, -922, -78202, 3175
77791, -921, -78170, 3180
77795, -919, -78136, 3180
77799, -918, -78107, 3180
77804, -917, -78083, 3180
77808, -915, -78055, 3183
77811, -914, -78016, 3187
77816, -912, -77985, 3187
77819, -911, -77957, 3187
77823, -909, -77927, 3187
77828, -908, -77901, 3190
77831, -907, -77870, 3193
77835, -906, -77843, 3193
77838, -904, -77823, 3194
77841, -903, -77802, 3194
77845, -902, -77780, 3195
77848, -901, -77749, 3197
77852, -900, -77715, 3200
77855, -898, -77686, 3201
77859, -897, -77665, 3199
77862, -896, -77632, 3201
77867, -895, -77604, 3202
77871, -894, -77568, 3206
77875, -893, -77543, 3206
77878, -891, -77521, 3206
77882, -890, -77500, 3206
77886, -889, -77471, 3209
77889, -888, -77442, 3212
77893, -886, -77410, 3213
77896, -885, -77383, 3212
77900, -884, -77361, 3213
77903, -882, -77337, 3216
77907, -882, -77313, 3215
77910, -881, -77274, 3219
77915, -879, -77246, 3219
77918, -878, -77219, 3220
77922, -877, -77195, 3221
77926, -875, -77164, 3222
77930, -874, -77133, 3226
77934, -873, -77094, 3226
77938, -871, -77072, 3227
77942, -870, -77050, 3226
77945, -869, -77028, 3228
77949, -868, -76998, 3232
77952, -866, -76966, 3234
77956, -865, -76936, 3234
77959, -863, -76912, 3233
77963, -862, -76887, 3235
77967, -861, -76858, 3235
77971, -860, -76824, 3239
77975, -859, -76793, 3239
77978, -858, -76769, 3239
77982, -857, -76742, 3241
77986, -855, -76714, 3243
77990, -854, -76682, 3245
77994, -853, -76640, 3247
77999, -851, -76611, 3247
78003, -850, -76581, 3247
78007, -849, -76548, 3249
78012, -847, -76514, 3252
78015, -846, -76488, 3253
78019, -845, -76464, 3252
78022, -844, -76438, 3254
78026, -842, -76408, 3256
78030, -841, -76375, 3260
78034, -839, -76345, 3260
78037, -838, -76321, 3259
78040, -837, -76298, 3260
78044, -835, -76266, 3262
78049, -835, -76237, 3264
78052, -833, -76205, 3266
78056, -832, -76177, 3266
78059, -831, -76153, 3267
78063, -830, -76129, 3267
78066, -828, -76105, 3270
78069, -827, -76069, 3271
78074, -826, -76040, 3273
78077, -825, -76014, 3273
78081, -824, -75992, 3273
78084, -823, -75965, 3273
78088, -822, -75935, 3276
78092, -821, -75901, 3279
78095, -820, -75872, 3278
78099, -819, -75842, 3279
78103, -817, -75817, 3281
78107, -816, -75791, 3283
78111, -814, -75750, 3287
78115, -813, -75717, 3285
78119, -811, -75685, 3287
78124, -810, -75657, 3287
78128, -808, -75630, 3290
78131, -807, -75600, 3293
78134, -806, -75571, 3293
78138, -804, -75546, 3293
78141, -803, -75525, 3294
78145, -802, -75496, 3294
78149, -801, -75454, 3298
78154, -800, -75419, 3299
78158, -799, -75391, 3299
78162, -798, -75369, 3300
78165, -796, -75346, 3300
78168, -795, -75319, 3304
78172, -794, -75288, 3307
78175, -792, -75262, 3306
78178, -791, -75237, 3306
78182, -789, -75206, 3308
78187, -788, -75174, 3309
78191, -787, -75140, 3313
78194, -786, -75102, 3312
78199, -785, -75069, 3312
78204, -784, -75041, 3314
78208, -782, -75003, 3315
78212, -781, -74959, 3321
78217, -779, -74922, 3319
78221, -778, -74897, 3319
78225, -776, -74870, 3322
78229, -775, -74830, 3323
78233, -774, -74786, 3326
78238, -772, -74759, 3326
78242, -771, -74734, 3326
78246, -770, -74697, 3328
78250, -768, -74659, 3331
78254, -767, -74623, 3333
78258, -766, -74598, 3331
78262, -764, -74572, 3333
78265, -763, -74548, 3334
78268, -762, -74520, 3336
78272, -761, -74486, 3338
78275, -760, -74455, 3339
78279, -758, -74430, 3339
78282, -757, -74400, 3341
78286, -756, -74364, 3340
78291, -755, -74330, 3345
78294, -754, -74301, 3345
78297, -752, -74276, 3345
78301, -751, -74252, 3346
78304, -750, -74228, 3347
78307, -749, -74200, 3349
78311, -747, -74163, 3354
78315, -746, -74129, 3352
78318, -745, -74099, 3352
78322, -744, -74071, 3352
78326, -743, -74032, 3354
78331, -742, -73997, 3357
78334, -741, -73963, 3360
78338, -739, -73936, 3360
78341, -738, -73910, 3359
78345, -736, -73875, 3361
78349, -735, -73839, 3364
78353, -734, -73792, 3364
78358, -733, -73757, 3365
78363, -732, -73728, 3365
78367, -730, -73689, 3368
78371, -729, -73653, 3372
78374, -727, -73620, 3371
78378, -726, -73592, 3371
78381, -725, -73565, 3371
78385, -724, -73535, 3373
78389, -723, -73501, 3376
78392, -722, -73462, 3376
78396, -721, -73422, 3377
78401, -720, -73396, 3378
78404, -718, -73368, 3380
78408, -717, -73332, 3381
78412, -716, -73295, 3383
78415, -714, -73253, 3385
78420, -713, -73227, 3384
78423, -712, -73195, 3384
78427, -711, -73160, 3388
78431, -709, -73120, 3391
78435, -708, -73078, 3390
78440, -707, -73048, 3390
78443, -705, -73016, 3392
78447, -704, -72979, 3395
78451, -703, -72938, 3397
78455, -701, -72898, 3397
78459, -700, -72867, 3398
78463, -699, -72837, 3398
78467, -698, -72802, 3399
78471, -697, -72756, 3402
78475, -695, -72716, 3404
78479, -694, -72677, 3404
78483, -693, -72651, 3404
78487, -692, -72621, 3406
78490, -690, -72582, 3409
78493, -689, -72545, 3411
78497, -688, -72508, 3410
78501, -686, -72480, 3410
78505, -685, -72447, 3411
78508, -684, -72411, 3414
78512, -683, -72368, 3416
78516, -682, -72334, 3415
78519, -681, -72307, 3415
78522, -680, -72280, 3417
78526, -679, -72249, 3419
78529, -678, -72209, 3421
78533, -677, -72164, 3423
78537, -675, -72122, 3422
78541, -674, -72089, 3424
78545, -673, -72061, 3425
78548, -672, -72026, 3426
78552, -671, -71982, 3428
78555, -669, -71945, 3429
78559, -668, -71912, 3428
78563, -668, -71872, 3429
78567, -667, -71825, 3431
78572, -665, -71768, 3435
78577, -664, -71729, 3435
78581, -662, -71700, 3436
78584, -661, -71662, 3436
78589, -660, -71621, 3438
78592, -658, -71577, 3441
78596, -657, -71541, 3440
78599, -656, -71507, 3442
78603, -655, -71476, 3442
78607, -654, -71439, 3443
78610, -653, -71395, 3445
78614, -652, -71353, 3447
78617, -651, -71318, 3448
78621, -649, -71287, 3448
78624, -648, -71258, 3449
78628, -647, -71222, 3451
78631, -646, -71173, 3453
78635, -644, -71129, 3455
78639, -643, -71095, 3455
78642, -642, -71063, 3455
78646, -641, -71031, 3456
78649, -640, -70992, 3458
78652, -639, -70948, 3459
78656, -638, -70912, 3461
78659, -637, -70879, 3459
78662, -636, -70847, 3460
78666, -635, -70815, 3462
78669, -635, -70777, 3463
78672, -634, -70733, 3466
78676, -632, -70696, 3465
78679, -631, -70665, 3466
78682, -630, -70633, 3467
78685, -629, -70601, 3468
78689, -628, -70563, 3470
78692, -627, -70517, 3474
78695, -626, -70476, 3470
78699, -625, -70439, 3471
78703, -624, -70405, 3472
78706, -623, -70370, 3474
78709, -623, -70326, 3476
78713, -621, -70276, 3479
78716, -620, -70237, 3478
78720, -619, -70200, 3478
78724, -617, -70168, 3480
78727, -616, -70129, 3481
78730, -616, -70083, 3483
78734, -614, -70025, 3486
78738, -613, -69981, 3484
78742, -612, -69936, 3485
78747, -611, -69893, 3486
78751, -610, -69842, 3489
78754, -609, -69792, 3491
78758, -607, -69751, 3490
78761, -607, -69715, 3489
78765, -605, -69675, 3493
78768, -604, -69625, 3494
78772, -603, -69555, 3496
78777, -602, -69499, 3497
78782, -600, -69464, 3497
78785, -599, -69413, 3499
78790, -598, -69354, 3500
78794, -596, -69295, 3504
78798, -595, -69241, 3503
78802, -594, -69205, 3504
78806, -593, -69154, 3504
78810, -591, -69101, 3507
78813, -590, -69045, 3509
78817, -589, -69001, 3509
78821, -588, -68965, 3508
78824, -587, -68928, 3508
78827, -587, -68884, 3511
78831, -586, -68823, 3514
78834, -584, -68772, 3515
78838, -583, -68723, 3514
78842, -582, -68682, 3514
78846, -581, -68637, 3518
78849, -580, -68577, 3519
78853, -578, -68511, 3522
78857, -577, -68458, 3521
78861, -575, -68419, 3521
78865, -575, -68377, 3522
78868, -573, -68309, 3525
78873, -572, -68236, 3527
78877, -571, -68171, 3526
78882, -570, -68113, 3526
78887, -569, -68056, 3530
78891, -567, -67993, 3532
78894, -566, -67921, 3533
78898, -565, -67874, 3534
78902, -563, -67823, 3534
78906, -562, -67771, 3535
78910, -561, -67709, 3538
78914, -560, -67640, 3539
78917, -559, -67589, 3539
78921, -558, -67540, 3538
78925, -557, -67494, 3539
78928, -556, -67442, 3542
78932, -555, -67380, 3545
78935, -554, -67323, 3543
78939, -553, -67274, 3544
78942, -552, -67228, 3545
78946, -551, -67182, 3547
78949, -550, -67099, 3548
78954, -549, -67033, 3551
78958, -547, -66982, 3550
78962, -546, -66926, 3550
78967, -545, -66859, 3552
78972, -544, -66798, 3557
78975, -543, -66745, 3555
78978, -542, -66688, 3555
78983, -540, -66635, 3559
78988, -538, -66577, 3561
78992, -537, -66504, 3563
78996, -535, -66441, 3563
79001, -534, -66392, 3563
79006, -533, -66340, 3563
79010, -532, -66289, 3566
79014, -531, -66230, 3569
79017, -530, -66184, 3569
79021, -529, -66147, 3568
79025, -527, -66110, 3569
79028, -526, -66069, 3571
79031, -525, -66016, 3574
79035, -524, -65970, 3575
79038, -523, -65932, 3572
79041, -522, -65899, 3575
79045, -521, -65863, 3576
79048, -521, -65816, 3577
79052, -520, -65763, 3580
79056, -518, -65717, 3579
79059, -517, -65680, 3580
79063, -516, -65648, 3581
79066, -515, -65615, 3582
79069, -514, -65567, 3584
79073, -513, -65517, 3585
79077, -512, -65467, 3586
79081, -511, -65433, 3587
79085, -510, -65389, 3588
79090, -508, -65341, 3590
79094, -507, -65281, 3590
79098, -506, -65241, 3591
79102, -505, -65206, 3592
79106, -504, -65166, 3593
79110, -503, -65122, 3596
79113, -502, -65075, 3597
79117, -501, -65031, 3596
79122, -500, -64992, 3598
79127, -499, -64947, 3598
79131, -497, -64900, 3602
79135, -496, -64858, 3603
79138, -495, -64828, 3601
79142, -494, -64799, 3602
79145, -493, -64769, 3603
79149, -492, -64729, 3607
79153, -491, -64683, 3608
79156, -490, -64649, 3608
79159, -489, -64612, 3607
79164, -488, -64575, 3609
79168, -487, -64542, 3610
79172, -486, -64497, 3613
79175, -485, -64450, 3614
79180, -484, -64413, 3614
79184, -483, -64381, 3613
79188, -482, -64348, 3616
79192, -481, -64296, 3618
79196, -480, -64255, 3619
79201, -479, -64226, 3619
79205, -477, -64198, 3620
79208, -476, -64161, 3622
79212, -475, -64117, 3625
79216, -473, -64082, 3625
79220, -472, -64054, 3626
79224, -471, -64026, 3626
79227, -470, -63987, 3626
79232, -469, -63946, 3630
79236, -468, -63902, 3630
79240, -467, -63874, 3631
79244, -466, -63845, 3631
79248, -465, -63818, 3633
79251, -464, -63784, 3635
79254, -462, -63753, 3636
79258, -461, -63726, 3636
79262, -461, -63699, 3635
79265, -460, -63673, 3638
79269, -459, -63635, 3637
79273, -458, -63598, 3641
79277, -457, -63568, 3642
79280, -456, -63542, 3640
79284, -455, -63511, 3642
79289, -454, -63478, 3644
79293, -453, -63436, 3645
79297, -452, -63407, 3646
79300, -451, -63381, 3646
79304, -450, -63354, 3647
79308, -449, -63322, 3650
79312, -448, -63287, 3650
79316, -447, -63252, 3652
79320, -445, -63226, 3652
79324, -444, -63200, 3653
79328, -443, -63172, 3654
79331, -442, -63137, 3657
79335, -441, -63106, 3656
79339, -440, -63077, 3658
79342, -439, -63054, 3658
79346, -438, -63031, 3659
79349, -437, -63002, 3661
79353, -436, -62969, 3662
79356, -435, -62940, 3662
79360, -434, -62914, 3663
79364, -433, -62892, 3663
79367, -432, -62867, 3666
79371, -431, -62834, 3667
79374, -430, -62803, 3669
79377, -429, -62779, 3670
79381, -428, -62757, 3668
79384, -427, -62726, 3669
79389, -426, -62694, 3672
79393, -425, -62660, 3675
79396, -424, -62620, 3674
79401, -422, -62591, 3676
79405, -421, -62567, 3676
79408, -420, -62539, 3678
79412, -419, -62495, 3680
79417, -417, -62465, 3681
79422, -417, -62441, 3680
79425, -415, -62415, 3682
79429, -414, -62383, 3683
79433, -413, -62339, 3687
79438, -412, -62310, 3687
79441, -411, -62280, 3686
79446, -410, -62249, 3687
79450, -408, -62217, 3691
79454, -407, -62187, 3693
79457, -406, -62155, 3692
79462, -404, -62130, 3693
79466, -403, -62101, 3694
79470, -402, -62070, 3698
79473, -400, -62039, 3699
79477, -399, -62011, 3698
79481, -398, -61987, 3698
79484, -397, -61964, 3701
79488, -396, -61939, 3702
79491, -395, -61905, 3704
79495, -394, -61867, 3704
79500, -392, -61844, 3705
79503, -391, -61820, 3707
79507, -390, -61793, 3709
79511, -389, -61762, 3709
79514, -387, -61732, 3711
79519, -386, -61706, 3711
79522, -385, -61681, 3711
79527, -384, -61648, 3714
79531, -383, -61612, 3716
79535, -382, -61575, 3715
79540, -381, -61552, 3717
79543, -380, -61526, 3718
79548, -378, -61497, 3721
79552, -377, -61468, 3723
79555, -375, -61443, 3724
79558, -374, -61421, 3723
79561, -373, -61401, 3724
79565, -372, -61379, 3725
79569, -371, -61354, 3727
79572, -370, -61313, 3730
79577, -369, -61282, 3729
79581, -367, -61258, 3730
79585, -366, -61238, 3730
79588, -365, -61215, 3733
79592, -364, -61185, 3736
79595, -363, -61158, 3735
79599, -362, -61136, 3735
79602, -360, -61117, 3737
79606, -359, -61095, 3738
79609, -359, -61065, 3740
79613, -358, -61025, 3740
79618, -356, -60994, 3742
79623, -355, -60974, 3741
79626, -354, -60953, 3744
79630, -353, -60926, 3746
79633, -351, -60888, 3748
79638, -350, -60865, 3748
79642, -349, -60842, 3749
79646, -348, -60811, 3749
79651, -346, -60781, 3754
79654, -345, -60753, 3755
79658, -343, -60729, 3754
79662, -342, -60707, 3754
79666, -341, -60679, 3756
79670, -340, -60652, 3758
79674, -339, -60620, 3760
79678, -338, -60599, 3759
79681, -337, -60574, 3760
79685, -336, -60547, 3762
79690, -334, -60519, 3765
79694, -333, -60493, 3766
79697, -332, -60471, 3766
79701, -330, -60451, 3767
79704, -329, -60432, 3768
79708, -328, -60410, 3769
79711, -327, -60376, 3774
79715, -325, -60345, 3773
79720, -324, -60323, 3773
79724, -323, -60304, 3774
79727, -322, -60270, 3775
79732, -321, -60243, 3779
79736, -319, -60217, 3780
79741, -318, -60194, 3779
79744, -317, -60170, 3780
79748, -315, -60147, 3783
79752, -314, -60111, 3785
79756, -313, -60086, 3785
79761, -312, -60060, 3786
79765, -310, -60032, 3788
79770, -309, -60005, 3790
79773, -308, -59976, 3791
79777, -306, -59949, 3792
79782, -305, -59924, 3793
79787, -303, -59901, 3796
79791, -302, -59874, 3798
79794, -300, -59850, 3797
79797, -299, -59829, 3798
79801, -298, -59807, 3798
79805, -297, -59787, 3801
79808, -297, -59764, 3799
79812, -296, -59736, 3803
79815, -295, -59707, 3804
79820, -293, -59687, 3805
79824, -292, -59668, 3806
79827, -290, -59648, 3808
79830, -289, -59621, 3810
79834, -288, -59594, 3811
79838, -286, -59574, 3811
79841, -285, -59556, 3811
79844, -285, -59537, 3811
79848, -284, -59514, 3814
79851, -283, -59486, 3816
79855, -282, -59463, 3817
79858, -280, -59441, 3818
79862, -279, -59417, 3818
79867, -278, -59390, 3820
79871, -276, -59364, 3823
79875, -275, -59334, 3823
79879, -274, -59315, 3824
79883, -273, -59295, 3824
79887, -272, -59273, 3826
79890, -270, -59247, 3830
79894, -269, -59215, 3830
79898, -267, -59197, 3831
79902, -266, -59178, 3831
79905, -265, -59161, 3832
79909, -264, -59138, 3834
79912, -263, -59114, 3835
79915, -262, -59093, 3838
79919, -260, -59075, 3838
79922, -259, -59058, 3838
79925, -258, -59040, 3838
79929, -257, -59018, 3840
79932, -256, -58991, 3842
79936, -256, -58968, 3842
79940, -255, -58949, 3842
79943, -253, -58925, 3845
79948, -252, -58897, 3847
79952, -250, -58870, 3850
79956, -249, -58848, 3849
79960, -247, -58825, 3850
79964, -246, -58807, 3850
79967, -245, -58786, 3854
79971, -244, -58760, 3855
79974, -242, -58729, 3858
79979, -241, -58708, 3857
79983, -239, -58689, 3859
79986, -238, -58668, 3858
79990, -237, -58643, 3862
79993, -236, -58614, 3863
79997, -235, -58594, 3863
80001, -234, -58575, 3864
80004, -232, -58556, 3865
80008, -232, -58533, 3865
80012, -230, -58505, 3869
80015, -229, -58484, 3868
80018, -229, -58463, 3868
80022, -228, -58446, 3870
80025, -226, -58428, 3871
80029, -225, -58407, 3874
80032, -224, -58381, 3874
80036, -223, -58359, 3876
80039, -221, -58341, 3877
80042, -220, -58323, 3877
80046, -219, -58297, 3879
80050, -217, -58269, 3882
80054, -216, -58245, 3882
80057, -215, -58224, 3883
80061, -214, -58200, 3884
80066, -212, -58174, 3886
80070, -211, -58145, 3887
80074, -210, -58120, 3889
80078, -209, -58100, 3888
80081, -208, -58083, 3889
80084, -207, -58063, 3890
80088, -206, -58034, 3893
80093, -205, -58001, 3895
80097, -203, -57979, 3896
80101, -202, -57958, 3896
80105, -200, -57937, 3898
80109, -199, -57916, 3900
80112, -197, -57890, 3901
80115, -196, -57868, 3901
80119, -195, -57849, 3902
80122, -194, -57830, 3903
80125, -193, -57812, 3905
80129, -192, -57790, 3908
80132, -190, -57765, 3909
80135, -189, -57743, 3909
80138, -188, -57723, 3909
80142, -187, -57706, 3908
80145, -186, -57685, 3911
80149, -186, -57662, 3912
80152, -185, -57635, 3914
80156, -184, -57608, 3915
80161, -182, -57584, 3917
80165, -181, -57558, 3916
80170, -179, -57532, 3919
80173, -178, -57499, 3922
80178, -176, -57477, 3923
80181, -175, -57458, 3923
80185, -173, -57440, 3924
80188, -172, -57418, 3927
80192, -170, -57386, 3929
80196, -169, -57357, 3928
80201, -168, -57336, 3930
80204, -167, -57319, 3930
80208, -165, -57297, 3934
80211, -164, -57273, 3936
80214, -162, -57242, 3936
80219, -161, -57224, 3936
80222, -160, -57199, 3936
80227, -159, -57179, 3938
80230, -158, -57156, 3940
80233, -157, -57129, 3942
80237, -156, -57108, 3943
80240, -155, -57090, 3942
80244, -154, -57072, 3943
80247, -153, -57053, 3944
80250, -152, -57030, 3947
80253, -151, -57005, 3948
80257, -149, -56984, 3949
80260, -148, -56964, 3948
80264, -147, -56939, 3949
80268, -146, -56915, 3953
80272, -144, -56890, 3957
80275, -143, -56868, 3956
80279, -142, -56849, 3955
80282, -140, -56831, 3956
80285, -139, -56813, 3958
80288, -139, -56792, 3959
80292, -138, -56765, 3962
80295, -136, -56740, 3963
80299, -135, -56721, 3962
80302, -134, -56700, 3963
80306, -133, -56680, 3965
80309, -132, -56658, 3966
80312, -131, -56632, 3968
80316, -130, -56604, 3968
80320, -129, -56586, 3968
80324, -127, -56566, 3971
80327, -126, -56545, 3972
80330, -125, -56521, 3974
80334, -124, -56495, 3975
80337, -122, -56474, 3975
80341, -121, -56454, 3976
80344, -120, -56434, 3976
80348, -119, -56412, 3980
80351, -118, -56385, 3980
80355, -117, -56360, 3983
80358, -115, -56340, 3982
80361, -114, -56320, 3982
80365, -113, -56301, 3984
80368, -112, -56278, 3987
80372, -111, -56253, 3988
80375, -110, -56228, 3988
80379, -109, -56207, 3988
80382, -108, -56188, 3988
80386, -107, -56167, 3991
80389, -106, -56143, 3993
80393, -105, -56117, 3994
80396, -104, -56093, 3994
80400, -102, -56074, 3996
80403, -101, -56053, 3995
80407, -100, -56030, 3999
80410, -99, -56004, 4001
80414, -97, -55978, 4002
80417, -96, -55954, 4001
80421, -95, -55935, 4002
80424, -94, -55915, 4004
80427, -93, -55892, 4004
80431, -92, -55864, 4007
80435, -91, -55835, 4007
80439, -90, -55814, 4007
80442, -89, -55794, 4010
80445, -87, -55766, 4011
80450, -86, -55731, 4011
80455, -85, -55705, 4015
80458, -83, -55683, 4015
80461, -82, -55664, 4015
80465, -81, -55644, 4018
80468, -79, -55621, 4019
80472, -78, -55593, 4021
80475, -77, -55569, 4021
80478, -76, -55548, 4021
80482, -75, -55529, 4022
80485, -74, -55508, 4024
80488, -73, -55484, 4025
80492, -72, -55453, 4027
80496, -70, -55421, 4028
80500, -69, -55397, 4029
80504, -68, -55375, 4029
80508, -67, -55350, 4032
80512, -65, -55311, 4034
80516, -64, -55280, 4033
80521, -63, -55258, 4035
80525, -62, -55234, 4035
80529, -61, -55202, 4038
80533, -59, -55171, 4041
80537, -57, -55146, 4042
80540, -56, -55120, 4041
80545, -55, -55096, 4042
80549, -53, -55062, 4045
80553, -52, -55031, 4048
80557, -51, -55008, 4047
80560, -49, -54986, 4050
80564, -48, -54964, 4049
80567, -47, -54940, 4050
80571, -46, -54911, 4053
80574, -45, -54884, 4052
80577, -44, -54861, 4052
80580, -43, -54841, 4055
80584, -42, -54818, 4055
80587, -41, -54793, 4057
80591, -40, -54763, 4059
80594, -38, -54735, 4060
80598, -37, -54711, 4061
80601, -36, -54689, 4061
80605, -35, -54668, 4062
80608, -34, -54644, 4063
80611, -33, -54614, 4067
80614, -32, -54581, 4067
80619, -30, -54557, 4068
80622, -29, -54536, 4068
80625, -28, -54511, 4069
80629, -27, -54482, 4071
80632, -26, -54449, 4073
80636, -25, -54419, 4073
80640, -24, -54394, 4073
80644, -23, -54364, 4075
80648, -22, -54334, 4076
80652, -20, -54297, 4080
80656, -19, -54261, 4079
80661, -17, -54236, 4081
80665, -16, -54208, 4081
80668, -15, -54181, 4083
80672, -14, -54150, 4086
80675, -12, -54122, 4086
80678, -11, -54098, 4086
80681, -10, -54076, 4087
80685, -9, -54052, 4088
80688, -8, -54024, 4090
80691, -7, -53989, 4093
80695, -6, -53950, 4092
80700, -4, -53917, 4093
80705, -3, -53891, 4095
80708, -2, -53853, 4095
80713, -1, -53818, 4
80716, 0, -53783, 3
80720, 1, -53751, 4
80725, 3, -53713, 7
80730, 5, -53680, 8
80733, 6, -53645, 10
80737, 7, -53616, 9
80740, 8, -53588, 10
80744, 9, -53564, 12
80747, 10, -53537, 12
80750, 11, -53504, 16
80754, 13, -53468, 16
80757, 14, -53439, 16
80761, 15, -53412, 16
80764, 16, -53385, 18
80768, 17, -53354, 20
80771, 18, -53320, 23
80774, 19, -53288, 22
80778, 21, -53258, 24
80781, 22, -53234, 24
80784, 23, -53208, 24
80788, 24, -53176, 26
80791, 25, -53141, 29
80794, 26, -53108, 28
80798, 27, -53080, 29
80801, 28, -53047, 30
80805, 29, -53019, 31
80809, 30, -52986, 33
80812, 31, -52945, 36
80815, 33, -52902, 37
80820, 34, -52872, 36
80824, 35, -52835, 37
80828, 37, -52800, 39
80831, 37, -52758, 40
80835, 39, -52721, 43
80839, 40, -52689, 42
80843, 41, -52659, 44
80846, 42, -52620, 44
80851, 44, -52575, 47
80854, 45, -52531, 48
80858, 46, -52500, 48
80862, 47, -52463, 49
80866, 48, -52423, 52
80870, 50, -52369, 56
80875, 52, -52331, 55
80878, 53, -52299, 56
80881, 55, -52268, 57
80885, 56, -52235, 58
80889, 57, -52191, 60
80893, 58, -52150, 61
80896, 59, -52113, 61
80899, 60, -52081, 61
80903, 61, -52053, 64
80906, 62, -52019, 64
80909, 63, -51981, 66
80913, 64, -51938, 68
80916, 66, -51892, 68
80920, 67, -51860, 69
80923, 68, -51829, 70
80927, 69, -51787, 70
80931, 70, -51726, 75
80935, 72, -51684, 76
80939, 73, -51649, 75
80943, 74, -51613, 76
80946, 76, -51565, 78
80951, 76, -51504, 79
80955, 78, -51450, 82
80960, 79, -51415, 82
80963, 80, -51368, 82
80968, 82, -51326, 85
80972, 83, -51261, 88
80976, 85, -51209, 88
80981, 86, -51170, 88
80984, 87, -51134, 90
80988, 89, -51093, 92
80992, 90, -51038, 95
80995, 91, -50975, 94
81001, 93, -50939, 95
81004, 94, -50905, 97
81007, 95, -50866, 97
81011, 97, -50818, 102
81014, 98, -50776, 101
81017, 99, -50740, 101
81021, 100, -50705, 103
81024, 102, -50668, 104
81028, 102, -50626, 104
81031, 103, -50575, 107
81035, 105, -50529, 108
81039, 106, -50493, 108
81042, 107, -50450, 109
81047, 108, -50411, 110
81050, 109, -50351, 113
81055, 110, -50306, 114
81059, 112, -50270, 115
81062, 113, -50226, 115
81067, 114, -50188, 117
81070, 116, -50128, 120
81075, 117, -50074, 120
81080, 118, -50039, 121
81083, 120, -49995, 122
81088, 121, -49958, 125
81091, 123, -49895, 128
81096, 124, -49852, 127
81100, 125, -49819, 127
81103, 127, -49788, 129
81107, 128, -49754, 130
81110, 129, -49713, 133
81113, 130, -49673, 134
81117, 132, -49638, 135
81120, 133, -49607, 134
81123, 134, -49577, 135
81127, 134, -49541, 136
81130, 135, -49503, 139
81133, 136, -49451, 140
81138, 138, -49418, 141
81142, 139, -49382, 142
81146, 141, -49349, 143
81149, 142, -49312, 144
81153, 143, -49263, 146
81156, 144, -49222, 146
81161, 145, -49188, 147
81164, 146, -49156, 149
81168, 147, -49114, 150
81172, 149, -49063, 153
81176, 150, -49025, 153
81180, 152, -48985, 155
81184, 153, -48952, 155
81188, 154, -48912, 157
81192, 156, -48864, 160
81196, 157, -48823, 161
81200, 159, -48789, 162
81204, 160, -48753, 162
81208, 161, -48719, 164
81211, 162, -48681, 165
81215, 164, -48646, 167
81218, 164, -48616, 166
81221, 165, -48588, 167
81225, 166, -48557, 168
81228, 167, -48525, 170
81231, 168, -48474, 173
81236, 170, -48438, 173
81240, 171, -48410, 174
81243, 172, -48382, 173
81246, 173, -48344, 175
81251, 174, -48294, 179
81255, 176, -48254, 180
81259, 177, -48224, 181
81263, 179, -48184, 182
81267, 181, -48148, 183
81271, 182, -48101, 186
81275, 183, -48057, 187
81280, 185, -48024, 188
81284, 186, -47987, 187
81288, 187, -47954, 190
81292, 189, -47910, 193
81296, 190, -47868, 193
81301, 191, -47833, 194
81305, 193, -47804, 195
81308, 194, -47773, 197
81312, 195, -47733, 199
81315, 196, -47689, 199
81320, 197, -47660, 199
81323, 199, -47634, 202
81327, 200, -47605, 203
81330, 201, -47567, 206
81334, 203, -47532, 207
81337, 204, -47503, 206
81340, 205, -47471, 207
81344, 207, -47446, 209
81348, 208, -47416, 211
81351, 209, -47379, 212
81354, 210, -47346, 214
81358, 212, -47316, 214
81361, 212, -47289, 213
81365, 213, -47260, 215
81369, 214, -47229, 217
81372, 215, -47194, 220
81375, 216, -47152, 219
81380, 218, -47121, 220
81384, 219, -47096, 221
81387, 220, -47068, 223
81391, 221, -47032, 224
81394, 223, -46997, 227
81398, 224, -46967, 227
81401, 225, -46943, 227
81404, 226, -46919, 228
81407, 227, -46890, 230
81411, 228, -46856, 232
81414, 230, -46821, 233
81418, 231, -46795, 233
81421, 232, -46767, 235
81425, 233, -46736, 236
81429, 235, -46705, 238
81432, 236, -46671, 238
81435, 237, -46640, 239
81439, 238, -46615, 239
81442, 239, -46589, 241
81446, 240, -46563, 243
81449, 241, -46533, 243
81452, 242, -46496, 246
81456, 243, -46463, 245
81460, 244, -46433, 245
81464, 245, -46408, 249
81467, 246, -46376, 249
81471, 248, -46337, 253
81475, 250, -46298, 254
81479, 251, -46272, 253
81483, 252, -46238, 255
81488, 254, -46207, 257
81491, 255, -46160, 260
81496, 256, -46130, 259
81499, 258, -46106, 260
81502, 259, -46080, 260
81506, 260, -46049, 262
81510, 261, -46014, 265
81514, 262, -45976, 266
81518, 264, -45949, 268
81521, 265, -45922, 267
81525, 266, -45893, 268
81529, 267, -45863, 270
81532, 269, -45820, 274
81537, 270, -45790, 273
81540, 271, -45757, 273
81545, 272, -45732, 274
81548, 274, -45705, 276
81551, 275, -45672, 279
81555, 276, -45643, 279
81558, 277, -45617, 281
81561, 278, -45593, 279
81565, 279, -45570, 281
81568, 280, -45542, 284
81571, 282, -45509, 285
81575, 283, -45479, 286
81578, 284, -45448, 288
81582, 286, -45415, 288
81587, 287, -45387, 290
81590, 288, -45353, 292
81594, 290, -45312, 294
81598, 291, -45285, 292
81602, 292, -45258, 293
81606, 293, -45232, 297
81609, 294, -45199, 298
81613, 295, -45156, 299
81618, 297, -45129, 298
81621, 298, -45104, 300
81624, 299, -45080, 302
81628, 300, -45053, 303
81631, 301, -45016, 306
81635, 303, -44984, 307
81639, 305, -44958, 307
81642, 306, -44935, 307
81645, 307, -44902, 309
81650, 308, -44865, 312
81654, 309, -44833, 312
81657, 310, -44805, 312
81661, 311, -44781, 313
81664, 312, -44756, 314
81668, 313, -44728, 318
81671, 315, -44696, 321
81674, 317, -44667, 320
81678, 318, -44642, 320
81681, 320, -44620, 322
81684, 320, -44596, 321
81687, 321, -44570, 323
81691, 322, -44540, 325
81694, 323, -44509, 326
81697, 324, -44481, 327
81701, 325, -44456, 327
81704, 326, -44433, 328
81708, 327, -44408, 330
81711, 329, -44378, 334
81714, 330, -44338, 334
81719, 332, -44311, 334
81722, 333, -44288, 334
81725, 334, -44261, 336
81729, 335, -44230, 339
81733, 336, -44196, 340
81736, 338, -44168, 341
81740, 339, -44143, 340
81743, 340, -44120, 342
81746, 341, -44095, 343
81750, 342, -44065, 346
81753, 343, -44030, 346
81757, 344, -44002, 346
81760, 345, -43969, 346
81765, 346, -43944, 348
81768, 347, -43917, 351
81771, 348, -43885, 353
81775, 350, -43855, 353
81778, 351, -43828, 352
81782, 352, -43802, 354
81785, 353, -43778, 356
81788, 354, -43751, 356
81791, 355, -43713, 359
81795, 357, -43675, 360
81800, 358, -43647, 361
81804, 359, -43623, 363
81807, 361, -43595, 364
81811, 362, -43558, 366
81815, 364, -43522, 367
81818, 365, -43494, 368
81822, 366, -43462, 368
81827, 367, -43432, 370
81831, 369, -43390, 372
81835, 370, -43355, 374
81839, 371, -43321, 373
81843, 372, -43289, 375
81848, 374, -43261, 378
81851, 376, -43225, 380
81855, 377, -43183, 379
81859, 378, -43154, 379
81863, 379, -43128, 383
81867, 381, -43098, 385
81871, 382, -43051, 386
81876, 384, -43012, 387
81880, 385, -42986, 388
81883, 387, -42963, 389
81887, 388, -42935, 390
81890, 389, -42906, 393
81893, 390, -42875, 393
81897, 392, -42846, 395
81900, 393, -42819, 395
81904, 394, -42790, 395
81908, 395, -42761, 398
81911, 397, -42728, 402
81915, 398, -42689, 400
81919, 399, -42664, 401
81923, 400, -42636, 402
81927, 402, -42608, 405
81930, 402, -42576, 406
81934, 404, -42542, 409
81937, 406, -42514, 408
81940, 407, -42490, 408
81944, 407, -42466, 408
81947, 408, -42439, 411
81950, 409, -42401, 414
81954, 411, -42359, 415
81959, 412, -42330, 416
81963, 414, -42297, 416
81967, 415, -42261, 418
81972, 417, -42217, 421
81976, 418, -42187, 421
81979, 419, -42162, 421
81983, 420, -42134, 423
81986, 422, -42105, 424
81990, 423, -42074, 427
81993, 424, -42039, 428
81996, 426, -42005, 428
82000, 427, -41973, 429
82004, 428, -41947, 431
82008, 429, -41920, 432
82011, 431, -41884, 435
82014, 432, -41852, 435
82018, 433, -41823, 435
82022, 434, -41797, 436
82025, 435, -41761, 437
82029, 436, -41716, 439
82034, 437, -41678, 442
82038, 439, -41650, 442
82041, 440, -41618, 443
82045, 442, -41582, 445
82050, 443, -41535, 447
82054, 445, -41498, 451
82058, 447, -41466, 450
82062, 448, -41432, 449
82066, 449, -41402, 452
82070, 451, -41367, 454
82073, 452, -41322, 457
82078, 453, -41291, 455
82081, 455, -41254, 457
82086, 456, -41222, 460
82089, 458, -41190, 462
82093, 459, -41151, 461
82097, 460, -41116, 463
82100, 462, -41090, 465
82103, 463, -41064, 464
82107, 464, -41033, 467
82110, 465, -40992, 468
82114, 467, -40944, 471
82119, 468, -40915, 470
82122, 469, -40887, 471
82126, 470, -40853, 473
82130, 472, -40807, 476
82134, 473, -40768, 478
82138, 475, -40733, 477
82141, 476, -40695, 477
82146, 477, -40659, 479
82150, 478, -40620, 483
82154, 480, -40579, 485
82157, 481, -40549, 484
82161, 482, -40520, 483
82164, 484, -40490, 486
82168, 485, -40458, 487
82171, 486, -40405, 491
82176, 487, -40368, 491
82180, 488, -40335, 489
82183, 490, -40304, 493
82187, 491, -40273, 494
82190, 492, -40232, 496
82194, 494, -40181, 498
82199, 496, -40150, 499
82202, 497, -40123, 499
82205, 498, -40094, 499
82208, 499, -40062, 501
82212, 500, -40023, 505
82215, 501, -39986, 504
82218, 502, -39955, 505
82222, 504, -39926, 505
82225, 505, -39890, 506
82229, 505, -39853, 509
82233, 506, -39798, 509
82237, 508, -39765, 511
82241, 509, -39723, 513
82245, 511, -39691, 513
82249, 512, -39652, 516
82252, 514, -39609, 519
82256, 516, -39568, 519
82260, 517, -39532, 519
82263, 518, -39503, 520
82267, 519, -39466, 522
82271, 520, -39420, 524
82274, 522, -39366, 525
82279, 523, -39327, 525
82283, 524, -39287, 526
82287, 525, -39253, 529
82291, 527, -39196, 532
82295, 528, -39153, 532
82299, 530, -39112, 533
82303, 532, -39074, 534
82307, 533, -39038, 536
82311, 534, -38996, 537
82314, 536, -38955, 540
82317, 537, -38920, 540
82320, 538, -38888, 540
82324, 539, -38854, 541
82327, 540, -38819, 541
82331, 541, -38763, 545
82335, 542, -38719, 547
82339, 544, -38682, 547
82342, 545, -38647, 546
82346, 546, -38608, 549
82350, 548, -38551, 552
82354, 549, -38502, 553
82358, 550, -38463, 553
82361, 552, -38427, 555
82365, 553, -38381, 555
82370, 554, -38330, 558
82374, 556, -38269, 561
82378, 557, -38220, 560
82383, 559, -38173, 562
82387, 561, -38132, 564
82391, 562, -38081, 566
82394, 563, -38021, 567
82399, 565, -37980, 568
82403, 566, -37943, 569
82406, 567, -37898, 569
82410, 569, -37846, 574
82414, 570, -37784, 574
82419, 571, -37745, 573
82422, 573, -37711, 575
82425, 574, -37674, 576
82428, 575, -37633, 578
82432, 576, -37583, 581
82435, 578, -37538, 582
82438, 580, -37500, 583
82442, 581, -37461, 582
82445, 582, -37421, 586
82449, 583, -37359, 586
82453, 585, -37308, 588
82456, 586, -37264, 588
82460, 587, -37225, 588
82463, 587, -37187, 589
82467, 588, -37143, 591
82470, 589, -37093, 593
82473, 591, -37042, 595
82477, 592, -36998, 595
82480, 594, -36959, 596
82483, 595, -36918, 597
82487, 596, -36873, 598
82490, 597, -36816, 600
82494, 598, -36747, 603
82499, 600, -36700, 604
82502, 601, -36658, 604
82506, 603, -36606, 605
82510, 604, -36536, 608
82514, 606, -36466, 610
82519, 607, -36422, 610
82522, 608, -36382, 610
82526, 609, -36338, 611
82529, 611, -36287, 614
82532, 611, -36231, 614
82535, 613, -36181, 616
82539, 614, -36136, 616
82542, 615, -36077, 618
82547, 616, -36027, 619
82550, 618, -35971, 622
82554, 619, -35911, 624
82557, 621, -35856, 622
82561, 622, -35797, 624
82566, 623, -35745, 625
82569, 624, -35685, 628
82573, 625, -35604, 630
82578, 627, -35535, 631
82582, 629, -35489, 632
82586, 630, -35438, 633
82590, 632, -35349, 635
82594, 633, -35273, 637
82599, 634, -35225, 637
82602, 635, -35180, 636
82606, 637, -35123, 640
82610, 638, -35034, 642
82614, 639, -34968, 643
82618, 641, -34915, 645
82621, 643, -34868, 645
82625, 644, -34806, 646
82629, 645, -34735, 648
82633, 647, -34667, 651
82636, 648, -34610, 651
82640, 649, -34563, 651
82643, 650, -34516, 651
82647, 651, -34463, 653
82650, 652, -34403, 656
82653, 654, -34337, 659
82657, 655, -34281, 658
82660, 656, -34221, 658
82665, 658, -34173, 661
82668, 660, -34115, 664
82672, 661, -34029, 665
82677, 662, -33973, 665
82680, 664, -33914, 665
82685, 665, -33865, 666
82689, 666, -33796, 669
82693, 667, -33720, 672
82697, 669, -33672, 673
82701, 670, -33628, 672
82704, 671, -33578, 673
82708, 673, -33526, 675
82712, 674, -33460, 677
82715, 675, -33408, 678
82719, 676, -33361, 679
82723, 678, -33316, 681
82726, 679, -33271, 682
82730, 680, -33202, 683
82734, 682, -33144, 687
82738, 683, -33085, 686
82743, 684, -33045, 686
82746, 685, -33004, 687
82749, 687, -32952, 691
82753, 688, -32901, 692
82756, 689, -32855, 692
82759, 691, -32817, 693
82763, 692, -32780, 694
82766, 693, -32736, 696
82770, 694, -32687, 697
82773, 696, -32635, 700
82777, 697, -32582, 699
82781, 698, -32534, 701
82786, 700, -32493, 703
82789, 701, -32448, 705
82792, 702, -32386, 706
82797, 704, -32343, 706
82800, 705, -32305, 707
82804, 706, -32256, 708
82808, 707, -32213, 710
82812, 709, -32150, 714
82816, 710, -32103, 713
82820, 712, -32065, 715
82824, 713, -32032, 715
82827, 714, -31994, 717
82831, 715, -31933, 719
82835, 717, -31889, 721
82839, 718, -31852, 722
82842, 720, -31820, 722
82845, 721, -31786, 723
82849, 722, -31745, 726
82853, 724, -31696, 728
82856, 725, -31657, 728
82859, 726, -31623, 728
82862, 727, -31591, 729
82866, 728, -31559, 731
82869, 729, -31521, 733
82872, 731, -31479, 735
82876, 732, -31441, 733
82879, 733, -31406, 735
82882, 734, -31377, 736
82886, 735, -31346, 737
82889, 736, -31313, 739
82892, 737, -31274, 740
82895, 738, -31236, 742
82898, 740, -31206, 743
82902, 741, -31177, 743
82905, 742, -31147, 745
82908, 743, -31116, 745
82911, 744, -31077, 748
82914, 746, -31039, 749
82918, 747, -31008, 748
82921, 748, -30981, 751
82924, 749, -30953, 750
82927, 750, -30921, 752
82931, 751, -30884, 754
82934, 752, -30847, 757
82937, 753, -30815, 755
82940, 755, -30789, 757
82944, 756, -30763, 758
82947, 757, -30735, 759
82950, 758, -30697, 762
82954, 760, -30654, 764
82957, 761, -30619, 764
82961, 762, -30584, 762
82965, 763, -30557, 763
82968, 764, -30525, 768
82972, 765, -30488, 769
82975, 766, -30452, 769
82979, 767, -30413, 770
82984, 769, -30381, 772
82988, 770, -30345, 773
82992, 772, -30300, 776
82996, 773, -30264, 777
82999, 775, -30237, 778
83003, 776, -30211, 779
83007, 778, -30180, 780
83010, 779, -30145, 783
83013, 780, -30110, 784
83017, 781, -30077, 783
83020, 782, -30046, 784
83025, 783, -30011, 785
83029, 785, -29975, 790
83033, 786, -29934, 791
83037, 788, -29902, 791
83041, 789, -29875, 790
83044, 790, -29841, 792
83048, 792, -29813, 796
83052, 793, -29777, 799
83057, 795, -29737, 798
83060, 796, -29714, 798
83063, 798, -29692, 799
83066, 799, -29665, 801
83070, 799, -29632, 803
83073, 801, -29587, 805
83078, 802, -29559, 806
83081, 804, -29536, 807
83085, 805, -29512, 806
83088, 806, -29484, 809
83091, 807, -29455, 811
83095, 809, -29424, 813
83098, 810, -29398, 812
83102, 811, -29373, 813
83105, 812, -29347, 814
83108, 813, -29314, 816
83112, 814, -29282, 818
83116, 815, -29251, 818
83120, 817, -29226, 819
83124, 818, -29200, 820
83127, 819, -29175, 822
83131, 820, -29144, 824
83134, 822, -29109, 828
83138, 824, -29074, 827
83142, 825, -29051, 827
83146, 826, -29016, 828
83151, 828, -28982, 832
83154, 829, -28954, 834
83158, 830, -28929, 833
83161, 832, -28901, 835
83166, 834, -28868, 836
83171, 835, -28832, 838
83174, 836, -28803, 840
83178, 838, -28779, 841
83181, 839, -28757, 841
83184, 840, -28735, 842
83188, 841, -28712, 844
83191, 842, -28684, 846
83194, 844, -28656, 847
83197, 845, -28633, 847
83201, 846, -28610, 848
83204, 847, -28580, 849
83209, 848, -28545, 852
83213, 850, -28506, 854
83218, 851, -28482, 855
83221, 853, -28460, 855
83225, 854, -28436, 856
83229, 856, -28399, 860
83234, 857, -28364, 862
83238, 859, -28340, 862
83241, 860, -28317, 861
83245, 861, -28286, 863
83249, 862, -28255, 866
83253, 864, -28226, 869
83257, 865, -28202, 868
83260, 867, -28176, 869
83265, 868, -28152, 871
83269, 870, -28119, 873
83273, 871, -28084, 875
83277, 873, -28058, 877
83281, 874, -28031, 877
83285, 876, -28009, 878
83289, 877, -27985, 881
83292, 879, -27958, 883
83296, 880, -27931, 882
83299, 881, -27911, 883
83303, 882, -27891, 885
83306, 883, -27868, 886
83310, 884, -27840, 888
83313, 886, -27803, 890
83318, 888, -27777, 891
83322, 889, -27758, 892
83325, 890, -27734, 892
83329, 892, -27709, 895
83332, 893, -27678, 897
83337, 894, -27655, 898
83340, 896, -27628, 898
83345, 897, -27603, 898
83349, 898, -27572, 902
83353, 900, -27538, 905
83357, 901, -27508, 905
83362, 903, -27482, 905
83367, 904, -27461, 907
83370, 906, -27436, 909
83373, 907, -27403, 910
83378, 908, -27377, 912
83382, 910, -27354, 913
83386, 911, -27333, 914
83390, 912, -27307, 915
83393, 914, -27271, 918
83398, 915, -27245, 919
83402, 917, -27222, 919
83406, 918, -27201, 922
83410, 920, -27178, 924
83413, 922, -27153, 926
83416, 923, -27131, 926
83419, 925, -27113, 927
83423, 926, -27094, 927
83427, 927, -27070, 930
83430, 928, -27041, 932
83434, 929, -27013, 933
83438, 931, -26992, 933
83441, 932, -26968, 933
83446, 933, -26943, 936
83450, 934, -26917, 938
83454, 936, -26890, 942
83457, 938, -26867, 941
83461, 939, -26848, 942
83464, 941, -26828, 943
83468, 942, -26806, 943
83471, 943, -26781, 946
83475, 944, -26758, 948
83478, 945, -26738, 948
83481, 946, -26716, 948
83485, 948, -26697, 951
83489, 949, -26674, 951
83492, 950, -26640, 955
83497, 951, -26613, 954
83502, 953, -26593, 955
83505, 954, -26573, 957
83509, 956, -26549, 960
83512, 957, -26521, 961
83516, 959, -26498, 963
83520, 960, -26480, 961
83523, 961, -26463, 964
83526, 962, -26445, 965
83530, 964, -26423, 967
83533, 965, -26400, 969
83536, 966, -26380, 968
83540, 967, -26356, 968
83544, 968, -26336, 971
83548, 969, -26313, 972
83552, 971, -26286, 976
83555, 972, -26261, 976
83559, 974, -26235, 976
83564, 975, -26216, 978
83568, 977, -26196, 980
83571, 978, -26165, 982
83576, 979, -26141, 983
83580, 981, -26121, 983
83583, 982, -26102, 984
83587, 983, -26080, 986
83591, 984, -26053, 988
83594, 986, -26026, 990
83598, 987, -26004, 990
83602, 989, -25983, 993
83606, 990, -25961, 993
83610, 992, -25936, 996
83614, 994, -25910, 999
83617, 996, -25891, 999
83621, 996, -25874, 997
83624, 998, -25856, 1000
83627, 999, -25837, 1001
83631, 1000, -25814, 1003
83634, 1001, -25789, 1007
83637, 1003, -25769, 1004
83640, 1003, -25750, 1004
83644, 1005, -25731, 1008
83647, 1006, -25712, 1008
83651, 1007, -25689, 1012
83654, 1009, -25667, 1013
83658, 1010, -25642, 1013
83662, 1011, -25622, 1013
83666, 1013, -25602, 1014
83669, 1013, -25576, 1016
83673, 1015, -25544, 1019
83678, 1016, -25517, 1020
83683, 1017, -25498, 1020
83686, 1019, -25478, 1022
83690, 1021, -25447, 1024
83694, 1022, -25425, 1027
83698, 1024, -25407, 1028
83701, 1025, -25390, 1028
83704, 1027, -25373, 1029
83708, 1028, -25351, 1031
83711, 1029, -25319, 1032
83716, 1030, -25294, 1034
83719, 1032, -25268, 1035
83724, 1033, -25249, 1036
83727, 1034, -25229, 1037
83731, 1036, -25207, 1040
83734, 1038, -25185, 1042
83737, 1039, -25166, 1041
83741, 1040, -25148, 1043
83744, 1041, -25131, 1043
83747, 1042, -25112, 1045
83751, 1043, -25088, 1047
83754, 1045, -25065, 1049
83757, 1046, -25046, 1049
83760, 1047, -25029, 1049
83763, 1049, -25012, 1052
83767, 1050, -24994, 1051
83770, 1051, -24971, 1054
83773, 1052, -24948, 1056
83777, 1054, -24926, 1057
83780, 1055, -24909, 1057
83783, 1056, -24890, 1057
83787, 1057, -24871, 1058
83791, 1058, -24840, 1061
83795, 1059, -24816, 1064
83799, 1060, -24793, 1062
83802, 1062, -24775, 1065
83806, 1063, -24750, 1066
83810, 1065, -24724, 1068
83814, 1066, -24698, 1070
83818, 1068, -24673, 1071
83822, 1069, -24657, 1072
83825, 1071, -24641, 1074
83828, 1072, -24619, 1075
83832, 1074, -24593, 1078
83835, 1075, -24569, 1078
83839, 1076, -24550, 1079
83842, 1077, -24533, 1079
83845, 1078, -24514, 1080
83849, 1079, -24494, 1082
83852, 1081, -24470, 1085
83855, 1082, -24447, 1084
83859, 1083, -24422, 1086
83864, 1084, -24399, 1087
83868, 1086, -24379, 1088
83871, 1087, -24346, 1092
83876, 1089, -24323, 1093
83879, 1090, -24298, 1094
83884, 1092, -24279, 1094
83887, 1093, -24252, 1094
83892, 1095, -24219, 1100
83897, 1096, -24196, 1101
83900, 1097, -24175, 1100
83904, 1099, -24152, 1103
83908, 1101, -24124, 1105
83913, 1103, -24099, 1107
83916, 1104, -24077, 1106
83920, 1105, -24052, 1108
83924, 1106, -24027, 1108
83929, 1107, -24005, 1110
83932, 1109, -23978, 1114
83936, 1111, -23956, 1115
83940, 1112, -23932, 1115
83944, 1114, -23910, 1116
83948, 1116, -23891, 1120
83951, 1117, -23868, 1121
83954, 1118, -23844, 1122
83957, 1120, -23825, 1122
83961, 1121, -23807, 1122
83964, 1122, -23789, 1123
83967, 1123, -23770, 1126
83971, 1124, -23746, 1129
83974, 1125, -23722, 1129
83977, 1127, -23701, 1130
83980, 1128, -23682, 1130
83984, 1130, -23662, 1132
83988, 1131, -23643, 1134
83991, 1132, -23620, 1135
83994, 1133, -23592, 1138
83999, 1135, -23568, 1136
84003, 1136, -23542, 1138
84007, 1137, -23519, 1140
84011, 1139, -23486, 1144
84016, 1140, -23462, 1145
84019, 1142, -23442, 1145
84023, 1144, -23422, 1146
84026, 1145, -23402, 1147
84030, 1146, -23371, 1150
84035, 1147, -23344, 1150
84038, 1149, -23321, 1153
84042, 1150, -23301, 1153
84046, 1152, -23280, 1155
84049, 1153, -23255, 1154
84053, 1155, -23224, 1160
84057, 1156, -23202, 1158
84060, 1157, -23185, 1159
84064, 1158, -23167, 1161
84067, 1160, -23148, 1164
84070, 1161, -23127, 1165
84073, 1162, -23102, 1165
84076, 1164, -23081, 1166
84080, 1165, -23061, 1166
84083, 1165, -23042, 1167
84086, 1167, -23023, 1171
84090, 1168, -23000, 1172
84093, 1169, -22974, 1173
84096, 1171, -22950, 1174
84100, 1173, -22930, 1175
84103, 1174, -22911, 1177
84107, 1175, -22891, 1177
84110, 1176, -22859, 1178
84114, 1177, -22833, 1181
84118, 1178, -22810, 1180
84122, 1179, -22791, 1181
84125, 1180, -22771, 1183
84128, 1182, -22749, 1185
84132, 1183, -22718, 1187
84136, 1184, -22693, 1188
84139, 1186, -22671, 1188
84143, 1187, -22644, 1190
84148, 1189, -22619, 1192
84151, 1190, -22590, 1193
84155, 1191, -22562, 1196
84159, 1193, -22537, 1196
84163, 1194, -22512, 1197
84168, 1196, -22488, 1200
84171, 1198, -22461, 1203
84174, 1199, -22436, 1203
84178, 1201, -22413, 1203
84182, 1202, -22393, 1203
84185, 1203, -22372, 1205
84188, 1204, -22350, 1207
84192, 1205, -22323, 1211
84195, 1207, -22294, 1209
84199, 1208, -22270, 1211
84203, 1209, -22249, 1211
84206, 1211, -22229, 1213
84209, 1211, -22202, 1214
84213, 1213, -22169, 1218
84217, 1214, -22145, 1217
84220, 1216, -22118, 1218
84225, 1217, -22088, 1220
84230, 1219, -22058, 1223
84233, 1220, -22028, 1225
84237, 1222, -21997, 1227
84241, 1224, -21971, 1225
84246, 1225, -21947, 1228
84249, 1227, -21921, 1230
84253, 1228, -21882, 1232
84257, 1229, -21853, 1233
84261, 1231, -21827, 1232
84266, 1232, -21805, 1234
84269, 1233, -21778, 1236
84273, 1235, -21737, 1240
84277, 1236, -21709, 1240
84281, 1238, -21688, 1240
84284, 1239, -21666, 1241
84288, 1241, -21638, 1244
84291, 1242, -21611, 1246
84294, 1243, -21583, 1247
84298, 1245, -21558, 1247
84301, 1246, -21536, 1248
84304, 1247, -21510, 1249
84308, 1248, -21476, 1252
84313, 1250, -21442, 1254
84317, 1251, -21412, 1253
84320, 1252, -21380, 1255
84325, 1254, -21353, 1257
84329, 1255, -21326, 1259
84332, 1257, -21291, 1262
84336, 1259, -21258, 1262
84340, 1260, -21224, 1262
84345, 1262, -21199, 1266
84348, 1263, -21173, 1266
84351, 1264, -21129, 1268
84356, 1266, -21099, 1269
84360, 1267, -21076, 1270
84363, 1268, -21046, 1270
84367, 1269, -21019, 1272
84371, 1271, -20975, 1274
84375, 1272, -20941, 1276
84379, 1273, -20917, 1277
84382, 1275, -20893, 1277
84386, 1276, -20868, 1280
84389, 1278, -20839, 1281
84393, 1279, -20804, 1283
84396, 1281, -20775, 1284
84399, 1282, -20747, 1285
84403, 1283, -20722, 1284
84406, 1284, -20695, 1285
84410, 1285, -20660, 1289
84413, 1286, -20624, 1291
84417, 1288, -20595, 1291
84420, 1289, -20570, 1293
84424, 1291, -20546, 1292
84427, 1292, -20518, 1295
84430, 1293, -20479, 1297
84434, 1295, -20441, 1298
84438, 1296, -20411, 1298
84442, 1297, -20377, 1300
84446, 1298, -20349, 1301
84450, 1300, -20314, 1304
84453, 1302, -20272, 1307
84457, 1303, -20240, 1306
84461, 1305, -20203, 1307
84466, 1306, -20175, 1309
84469, 1307, -20140, 1310
84473, 1309, -20099, 1315
84476, 1311, -20056, 1315
84481, 1312, -20021, 1312
84485, 1313, -19993, 1315
84489, 1315, -19960, 1318
84492, 1316, -19920, 1321
84495, 1317, -19885, 1321
84499, 1319, -19855, 1323
84502, 1320, -19828, 1321
84506, 1321, -19799, 1323
84509, 1322, -19767, 1325
84512, 1324, -19729, 1328
84516, 1325, -19695, 1329
84519, 1326, -19660, 1328
84523, 1327, -19632, 1329
84526, 1329, -19599, 1331
84530, 1330, -19548, 1333
84535, 1331, -19509, 1336
84538, 1332, -19478, 1335
84541, 1334, -19439, 1335
84546, 1335, -19406, 1339
84550, 1337, -19365, 1340
84553, 1338, -19320, 1344
84557, 1340, -19281, 1344
84561, 1342, -19241, 1345
84566, 1343, -19205, 1346
84569, 1345, -19168, 1349
84573, 1347, -19122, 1351
84576, 1348, -19072, 1351
84581, 1349, -19039, 1351
84585, 1351, -19005, 1354
84588, 1352, -18965, 1355
84592, 1353, -18907, 1357
84596, 1354, -18863, 1357
84600, 1356, -18831, 1359
84604, 1357, -18800, 1360
84607, 1359, -18767, 1362
84610, 1360, -18727, 1364
84614, 1362, -18681, 1365
84617, 1363, -18645, 1366
84620, 1364, -18612, 1366
84623, 1365, -18580, 1367
84627, 1366, -18539, 1369
84631, 1368, -18485, 1373
84635, 1369, -18439, 1373
84639, 1370, -18390, 1372
84643, 1372, -18344, 1375
84648, 1373, -18299, 1376
84652, 1375, -18245, 1380
84656, 1377, -18204, 1383
84659, 1379, -18169, 1381
84663, 1380, -18131, 1383
84667, 1382, -18078, 1385
84672, 1384, -18013, 1390
84677, 1385, -17973, 1389
84680, 1387, -17936, 1389
84684, 1388, -17903, 1390
84688, 1389, -17848, 1391
84692, 1391, -17794, 1396
84697, 1392, -17742, 1396
84701, 1393, -17704, 1396
84705, 1395, -17671, 1398
84708, 1397, -17632, 1400
84712, 1398, -17585, 1403
84715, 1400, -17547, 1403
84719, 1401, -17513, 1403
84722, 1402, -17484, 1404
84725, 1404, -17453, 1407
84728, 1404, -17417, 1407
84732, 1406, -17371, 1410
84736, 1407, -17326, 1411
84739, 1409, -17282, 1413
84744, 1410, -17246, 1411
84748, 1412, -17207, 1415
84752, 1413, -17161, 1418
84756, 1414, -17118, 1417
84759, 1416, -17075, 1419
84764, 1417, -17041, 1420
84768, 1419, -17002, 1422
84771, 1420, -16950, 1424
84776, 1422, -16913, 1426
84779, 1423, -16882, 1426
84783, 1424, -16850, 1426
84787, 1426, -16810, 1428
84790, 1427, -16758, 1431
84795, 1428, -16720, 1433
84798, 1430, -16687, 1433
84802, 1432, -16650, 1435
84806, 1433, -16616, 1437
84811, 1435, -16557, 1439
84815, 1437, -16515, 1441
84819, 1438, -16475, 1441
84823, 1440, -16447, 1442
84827, 1441, -16418, 1443
84830, 1442, -16384, 1447
84833, 1444, -16345, 1448
84837, 1445, -16312, 1448
84840, 1447, -16283, 1449
84843, 1448, -16256, 1449
84846, 1449, -16215, 1451
84851, 1450, -16175, 1455
84855, 1452, -16138, 1457
84858, 1453, -16110, 1456
84861, 1455, -16084, 1456
84864, 1456, -16057, 1459
84867, 1457, -16027, 1461
84871, 1458, -15992, 1462
84874, 1460, -15954, 1465
84877, 1462, -15923, 1464
84881, 1463, -15894, 1465
84885, 1464, -15865, 1467
84888, 1465, -15830, 1468
84892, 1467, -15779, 1471
84896, 1468, -15736, 1470
84901, 1469, -15708, 1471
84904, 1470, -15678, 1473
84908, 1472, -15644, 1476
84912, 1473, -15595, 1479
84917, 1475, -15559, 1480
84920, 1477, -15531, 1479
84924, 1479, -15502, 1481
84927, 1480, -15463, 1483
84932, 1481, -15425, 1486
84935, 1483, -15392, 1488
84938, 1484, -15365, 1486
84942, 1486, -15339, 1489
84946, 1487, -15309, 1489
84949, 1488, -15276, 1491
84952, 1489, -15240, 1494
84956, 1491, -15198, 1494
84960, 1492, -15163, 1495
84965, 1494, -15136, 1497
84968, 1495, -15107, 1499
84971, 1497, -15061, 1502
84976, 1498, -15027, 1501
84980, 1500, -14998, 1502
84983, 1501, -14969, 1503
84987, 1502, -14938, 1505
84990, 1503, -14894, 1508
84995, 1505, -14862, 1509
84998, 1507, -14832, 1510
85002, 1508, -14807, 1511
85005, 1510, -14781, 1512
85009, 1511, -14740, 1515
85013, 1513, -14705, 1518
85017, 1514, -14668, 1516
85021, 1515, -14634, 1518
85026, 1517, -14607, 1521
85029, 1518, -14575, 1521
85033, 1520, -14538, 1526
85036, 1522, -14506, 1525
85040, 1523, -14471, 1526
85044, 1524, -14444, 1526
85048, 1526, -14417, 1530
85051, 1527, -14385, 1531
85054, 1529, -14354, 1532
85058, 1530, -14328, 1533
85061, 1532, -14302, 1534
85065, 1533, -14277, 1535
85068, 1534, -14247, 1537
85072, 1535, -14211, 1539
85075, 1537, -14178, 1540
85079, 1538, -14149, 1541
85083, 1539, -14119, 1542
85087, 1541, -14081, 1543
85092, 1542, -14048, 1548
85095, 1544, -14016, 1549
85099, 1546, -13985, 1548
85102, 1547, -13955, 1549
85107, 1549, -13923, 1552
85111, 1550, -13887, 1553
85115, 1551, -13854, 1556
85118, 1553, -13827, 1556
85122, 1554, -13796, 1557
85127, 1556, -13764, 1558
85130, 1557, -13722, 1561
85135, 1558, -13689, 1562
85138, 1560, -13658, 1564
85142, 1561, -13627, 1564
85147, 1563, -13598, 1566
85150, 1565, -13561, 1570
85155, 1567, -13529, 1571
85158, 1568, -13502, 1571
85161, 1569, -13479, 1571
85164, 1571, -13456, 1573
85168, 1572, -13429, 1575
85171, 1573, -13399, 1577
85174, 1574, -13368, 1578
85178, 1576, -13342, 1578
85181, 1577, -13318, 1580
85185, 1578, -13294, 1581
85188, 1580, -13266, 1583
85191, 1581, -13228, 1584
85196, 1583, -13186, 1587
85200, 1584, -13159, 1586
85204, 1585, -13133, 1588
85207, 1587, -13109, 1590
85211, 1588, -13078, 1592
85214, 1590, -13045, 1595
85218, 1591, -13019, 1594
85221, 1593, -12994, 1596
85225, 1594, -12969, 1596
85228, 1596, -12936, 1599
85232, 1597, -12902, 1602
85236, 1599, -12871, 1602
85239, 1600, -12847, 1603
85243, 1601, -12820, 1602
85247, 1602, -12788, 1605
85251, 1604, -12749, 1608
85255, 1605, -12718, 1610
85258, 1607, -12693, 1610
85262, 1608, -12671, 1609
85265, 1609, -12647, 1611
85268, 1610, -12620, 1614
85272, 1612, -12590, 1617
85275, 1613, -12552, 1617
85280, 1615, -12520, 1616
85285, 1616, -12497, 1620
85288, 1618, -12463, 1620
85292, 1619, -12419, 1626
85297, 1621, -12387, 1624
85300, 1622, -12362, 1624
85304, 1624, -12329, 1626
85309, 1626, -12300, 1630
85312, 1627, -12266, 1633
85316, 1628, -12233, 1631
85320, 1630, -12201, 1632
85324, 1631, -12176, 1633
85328, 1633, -12140, 1636
85332, 1634, -12108, 1640
85336, 1636, -12073, 1639
85340, 1638, -12043, 1642
85345, 1639, -12017, 1642
85349, 1641, -11987, 1645
85352, 1643, -11943, 1647
85357, 1644, -11906, 1647
85361, 1645, -11874, 1648
85366, 1647, -11849, 1651
85369, 1649, -11823, 1653
85373, 1651, -11790, 1656
85377, 1652, -11760, 1655
85380, 1654, -11737, 1656
85384, 1655, -11713, 1657
85387, 1656, -11685, 1659
85391, 1657, -11641, 1662
85396, 1659, -11610, 1663
85399, 1660, -11586, 1662
85403, 1661, -11558, 1663
85407, 1663, -11527, 1666
85411, 1664, -11491, 1669
85415, 1666, -11462, 1670
85418, 1667, -11435, 1671
85422, 1669, -11404, 1671
85426, 1670, -11375, 1673
85430, 1672, -11341, 1676
85434, 1673, -11309, 1678
85437, 1675, -11283, 1677
85441, 1676, -11260, 1678
85445, 1677, -11237, 1680
85448, 1679, -11205, 1682
85452, 1680, -11173, 1686
85455, 1682, -11140, 1686
85459, 1684, -11115, 1686
85462, 1685, -11091, 1686
85466, 1686, -11056, 1688
85471, 1687, -11013, 1692
85476, 1689, -10984, 1693
85479, 1690, -10959, 1694
85482, 1692, -10937, 1694
85485, 1693, -10914, 1695
85489, 1695, -10887, 1699
85492, 1696, -10855, 1701
85495, 1698, -10827, 1702
85498, 1699, -10803, 1700
85502, 1700, -10782, 1702
85505, 1701, -10760, 1703
85508, 1702, -10735, 1704
85512, 1703, -10701, 1707
85515, 1704, -10669, 1708
85519, 1706, -10644, 1709
85522, 1707, -10622, 1709
85525, 1708, -10597, 1710
85529, 1709, -10569, 1713
85532, 1711, -10535, 1716
85536, 1712, -10504, 1715
85540, 1714, -10479, 1718
85543, 1716, -10457, 1718
85547, 1717, -10427, 1719
85550, 1718, -10391, 1722
85554, 1720, -10357, 1724
85558, 1721, -10324, 1724
85562, 1722, -10300, 1724
85566, 1724, -10276, 1726
85569, 1725, -10250, 1728
85572, 1726, -10213, 1732
85576, 1728, -10179, 1731
85580, 1729, -10149, 1730
85584, 1730, -10124, 1733
85588, 1732, -10098, 1736
85591, 1733, -10067, 1738
85594, 1735, -10038, 1739
85598, 1737, -10013, 1740
85601, 1738, -9991, 1739
85604, 1739, -9970, 1739
85608, 1739, -9944, 1742
85611, 1741, -9906, 1746
85615, 1742, -9872, 1747
85619, 1744, -9847, 1747
85622, 1746, -9824, 1748
85625, 1747, -9800, 1748
85629, 1748, -9764, 1752
85633, 1749, -9729, 1753
85637, 1750, -9701, 1753
85640, 1752, -9673, 1754
85644, 1753, -9647, 1757
85647, 1755, -9621, 1758
85651, 1756, -9589, 1759
85654, 1757, -9557, 1761
85658, 1759, -9523, 1761
85662, 1760, -9492, 1763
85667, 1761, -9462, 1765
85670, 1763, -9427, 1766
85674, 1764, -9385, 1768
85678, 1766, -9354, 1768
85682, 1767, -9330, 1769
85685, 1768, -9305, 1770
85689, 1769, -9264, 1773
85693, 1771, -9226, 1776
85697, 1772, -9199, 1776
85701, 1774, -9174, 1777
85704, 1775, -9150, 1777
85707, 1777, -9122, 1779
85711, 1778, -9086, 1781
85714, 1779, -9054, 1783
85717, 1781, -9025, 1785
85721, 1782, -9000, 1784
85724, 1783, -8976, 1785
85728, 1784, -8947, 1786
85732, 1785, -8911, 1789
85735, 1786, -8874, 1790
85739, 1788, -8837, 1792
85744, 1789, -8814, 1792
85747, 1791, -8793, 1794
85750, 1792, -8770, 1793
85754, 1793, -8743, 1795
85757, 1794, -8711, 1796
85761, 1795, -8682, 1799
85765, 1796, -8658, 1799
85768, 1797, -8632, 1799
85773, 1798, -8614, 1800
85777, 1799, -8592, 1800
85781, 1799, -8570, 1801
85785, 1800, -8548, 1802
85789, 1801, -8520, 1805
85793, 1802, -8488, 1806
85797, 1804, -8466, 1806
85801, 1805, -8444, 1806
85805, 1806, -8430, 1807
85808, 1806, -8419, 1806
85812, 1806, -8409, 1807
85815, 1806, -8398, 1807
85818, 1806, -8386, 1807
85822, 1807, -8373, 1808
85825, 1807, -8359, 1810
85829, 1808, -8338, 1812
85832, 1809, -8318, 1812
85836, 1811, -8296, 1813
85840, 1812, -8271, 1813
85844, 1812, -8256, 1814
85847, 1813, -8242, 1814
85851, 1813, -8231, 1814
85855, 1813, -8222, 1814
85858, 1813, -8215, 1812
85862, 1813, -8207, 1815
85866, 1813, -8202, 1814
85870, 1813, -8196, 1814
85873, 1814, -8189, 1815
85877, 1814, -8179, 1815
85881, 1815, -8169, 1817
85885, 1815, -8160, 1815
85889, 1815, -8146, 1816
85893, 1816, -8132, 1818
85897, 1816, -8118, 1818
85901, 1817, -8104, 1819
85905, 1818, -8090, 1820
85908, 1819, -8075, 1822
85912, 1820, -8062, 1821
85915, 1820, -8051, 1821
85919, 1820, -8044, 1820
85922, 1821, -8037, 1822
85925, 1821, -8032, 1822
85929, 1821, -8029, 1821
85932, 1821, -8025, 1821
85935, 1821, -8021, 1822
85938, 1821, -8019, 1820
85942, 1821, -8018, 1821
85946, 1821, -8015, 1822
85950, 1821, -8015, 1820
85954, 1820, -8013, 1821
85957, 1821, -8010, 1822
85962, 1821, -8008, 1821
85967, 1821, -8006, 1821
85970, 1821, -8004, 1822
85975, 1821, -8000, 1822
85980, 1821, -7996, 1822
85983, 1821, -7990, 1822
85987, 1822, -7986, 1822
85991, 1822, -7981, 1822
85995, 1822, -7976, 1822
85999, 1822, -7971, 1823
86002, 1822, -7967, 1822
86006, 1822, -7962, 1823
86009, 1822, -7957, 1824
86012, 1823, -7951, 1824
86016, 1823, -7944, 1824
86021, 1824, -7937, 1825
86025, 1824, -7931, 1824
86028, 1824, -7925, 1825
86031, 1824, -7919, 1824
86035, 1824, -7913, 1826
86038, 1824, -7908, 1825
86042, 1825, -7902, 1826
86045, 1825, -7896, 1827
86049, 1826, -7891, 1827
86052, 1826, -7886, 1826
86056, 1826, -7880, 1826
86061, 1826, -7875, 1827
86064, 1826, -7871, 1828
86067, 1827, -7867, 1828
86071, 1827, -7863, 1828
86075, 1827, -7859, 1828
86078, 1828, -7855, 1829
