3854, -17911.00, -17200.74
3858, -17911.00, -17240.53
3863, -17911.00, -17279.37
3868, -17910.00, -17318.64
3873, -17911.00, -17349.55
3877, -17911.00, -17380.21
3882, -17911.00, -17414.11
3887, -17910.00, -17440.62
3891, -17911.00, -17467.57
3896, -17911.00, -17493.99
3901, -17911.00, -17515.88
3905, -17912.00, -17539.52
3910, -17910.00, -17561.53
3915, -17911.00, -17580.56
3919, -17910.00, -17597.88
3924, -17910.00, -17615.72
3928, -17911.00, -17631.64
3933, -17910.00, -17647.54
3938, -17910.00, -17663.57
3943, -17910.00, -17678.24
3948, -17911.00, -17693.19
3952, -17911.00, -17705.00
3957, -17911.00, -17716.18
3961, -17910.00, -17726.86
3966, -17912.00, -17736.73
3970, -17910.00, -17746.00
3974, -17911.00, -17754.59
3979, -17908.00, -17762.69
3983, -17910.00, -17770.64
3987, -17911.00, -17777.81
3991, -17912.00, -17784.66
3996, -17910.00, -17791.22
4000, -17910.00, -17797.52
4004, -17911.00, -17803.48
4009, -17913.00, -17809.84
4013, -17910.00, -17815.22
4018, -17902.00, -17819.96
4022, -17898.00, -17824.14
4026, -17894.00, -17827.84
4030, -17888.00, -17831.13
4035, -17881.00, -17833.96
4039, -17874.00, -17836.37
4044, -17868.00, -17838.22
4048, -17859.00, -17839.67
4054, -17855.00, -17840.84
4059, -17847.00, -17841.43
4063, -17840.00, -17841.54
4068, -17832.00, -17841.20
4074, -17826.00, -17840.35
4079, -17815.00, -17839.12
4084, -17809.00, -17837.51
4089, -17802.00, -17835.57
4093, -17796.00, -17833.62
4098, -17788.00, -17831.32
4103, -17780.00, -17828.23
4107, -17773.00, -17825.47
4112, -17767.00, -17822.48
4116, -17762.00, -17819.25
4121, -17755.00, -17816.04
4125, -17746.00, -17812.61
4129, -17742.00, -17809.04
4133, -17732.00, -17805.29
4138, -17727.00, -17801.24
4142, -17722.00, -17796.96
4147, -17716.00, -17792.62
4152, -17708.00, -17787.98
4156, -17704.00, -17783.68
4160, -17695.00, -17779.20
4165, -17687.00, -17773.77
4170, -17679.00, -17768.80
4174, -17671.00, -17763.45
4179, -17664.00, -17758.47
4183, -17658.00, -17753.36
4187, -17653.00, -17748.21
4192, -17649.00, -17743.08
4196, -17642.00, -17737.98
4200, -17633.00, -17732.71
4205, -17627.00, -17727.10
4209, -17618.00, -17721.36
4213, -17611.00, -17715.76
4218, -17607.00, -17710.23
4222, -17601.00, -17704.70
4226, -17594.00, -17699.17
4231, -17587.00, -17692.94
4235, -17578.00, -17687.14
4239, -17571.00, -17681.29
4244, -17565.00, -17675.34
4248, -17557.00, -17669.14
4253, -17552.00, -17662.79
4257, -17546.00, -17656.79
4261, -17540.00, -17650.59
4266, -17532.00, -17644.57
4270, -17526.00, -17638.58
4274, -17517.00, -17632.55
4278, -17511.00, -17626.31
4283, -17505.00, -17620.15
4287, -17499.00, -17613.95
4291, -17494.00, -17607.82
4295, -17486.00, -17601.70
4300, -17480.00, -17595.44
4304, -17470.00, -17589.15
4309, -17463.00, -17582.14
4313, -17458.00, -17575.77
4317, -17451.00, -17569.19
4322, -17446.00, -17562.87
4326, -17438.00, -17556.28
4330, -17431.00, -17550.02
4334, -17422.00, -17543.71
4339, -17414.00, -17536.71
4344, -17408.00, -17529.80
4348, -17402.00, -17522.67
4353, -17396.00, -17515.51
4358, -17390.00, -17508.66
4362, -17381.00, -17501.91
4366, -17375.00, -17495.21
4371, -17367.00, -17488.73
4375, -17360.00, -17482.05
4380, -17352.00, -17474.97
4385, -17344.00, -17466.26
4391, -17335.00, -17458.21
4395, -17329.00, -17450.64
4400, -17321.00, -17443.85
4405, -17314.00, -17435.62
4410, -17306.00, -17428.94
4415, -17299.00, -17420.79
4420, -17290.00, -17412.93
4424, -17281.00, -17405.97
4429, -17274.00, -17398.39
4434, -17268.00, -17390.82
4439, -17260.00, -17383.43
4444, -17255.00, -17376.37
4448, -17246.00, -17369.02
4453, -17240.00, -17361.48
4458, -17230.00, -17353.43
4463, -17224.00, -17345.74
4468, -17216.00, -17338.33
4473, -17211.00, -17331.80
4477, -17204.00, -17324.76
4482, -17196.00, -17317.26
4487, -17186.00, -17309.62
4492, -17179.00, -17302.38
4497, -17175.00, -17294.53
4502, -17165.00, -17287.07
4506, -17156.00, -17280.45
4510, -17148.00, -17273.57
4515, -17141.00, -17266.76
4519, -17136.00, -17260.08
4523, -17129.00, -17253.36
4528, -17126.00, -17246.74
4532, -17119.00, -17240.25
4536, -17110.00, -17233.80
4540, -17101.00, -17227.12
4545, -17095.00, -17220.34
4549, -17089.00, -17213.57
4553, -17084.00, -17206.90
4558, -17076.00, -17200.04
4562, -17073.00, -17193.51
4566, -17064.00, -17186.82
4571, -17057.00, -17180.27
4575, -17049.00, -17173.29
4579, -17043.00, -17166.67
4584, -17037.00, -17160.03
4588, -17032.00, -17153.31
4592, -17026.00, -17146.75
4597, -17019.00, -17140.20
4601, -17010.00, -17133.63
4605, -17003.00, -17127.04
4609, -16996.00, -17120.32
4614, -16993.00, -17113.73
4618, -16987.00, -17107.14
4622, -16980.00, -17100.74
4627, -16975.00, -17094.02
4631, -16967.00, -17087.42
4635, -16958.00, -17080.90
4640, -16951.00, -17073.74
4644, -16947.00, -17067.11
4649, -16942.00, -17060.62
4653, -16935.00, -17053.96
4658, -16928.00, -17046.93
4662, -16921.00, -17040.25
4667, -16914.00, -17033.19
4672, -16906.00, -17026.35
4676, -16899.00, -17019.82
4680, -16892.00, -17013.36
4684, -16889.00, -17006.91
4689, -16882.00, -17000.35
4693, -16875.00, -16993.99
4698, -16869.00, -16987.03
4702, -16863.00, -16980.34
4707, -16856.00, -16973.66
4712, -16848.00, -16966.64
4716, -16841.00, -16959.78
4721, -16833.00, -16951.76
4727, -16826.00, -16944.08
4732, -16818.00, -16935.61
4737, -16810.00, -16928.37
4742, -16804.00, -16922.00
4746, -16794.00, -16914.84
4751, -16789.00, -16907.80
4756, -16781.00, -16900.95
4760, -16773.00, -16893.81
4765, -16766.00, -16886.12
4770, -16760.00, -16879.66
4774, -16754.00, -16872.75
4779, -16748.00, -16865.78
4784, -16738.00, -16857.76
4789, -16733.00, -16851.13
4793, -16727.00, -16844.39
4798, -16722.00, -16837.69
4803, -16711.00, -16830.53
4808, -16705.00, -16823.01
4813, -16700.00, -16815.95
4818, -16691.00, -16808.09
4823, -16686.00, -16800.61
4828, -16676.00, -16793.76
4834, -16670.00, -16785.19
4839, -16660.00, -16777.49
4844, -16653.00, -16770.31
4849, -16644.00, -16761.87
4854, -16638.00, -16755.14
4858, -16632.00, -16748.72
4864, -16624.00, -16740.19
4869, -16616.00, -16733.65
4873, -16609.00, -16726.81
4878, -16602.00, -16719.76
4883, -16595.00, -16712.72
4887, -16588.00, -16706.02
4892, -16579.00, -16699.54
4896, -16573.00, -16692.50
4901, -16567.00, -16685.83
4906, -16559.00, -16677.89
4911, -16552.00, -16670.57
4916, -16544.00, -16663.49
4922, -16538.00, -16654.79
4926, -16530.00, -16647.67
4931, -16523.00, -16640.79
4936, -16513.00, -16632.87
4941, -16507.00, -16625.82
4946, -16499.00, -16617.80
4952, -16492.00, -16609.56
4957, -16485.00, -16602.07
4961, -16477.00, -16595.58
4966, -16471.00, -16588.38
4972, -16464.00, -16580.11
4977, -16454.00, -16572.98
4982, -16447.00, -16565.79
4986, -16441.00, -16559.43
4990, -16435.00, -16552.64
4995, -16430.00, -16545.75
5001, -16419.00, -16537.33
5006, -16413.00, -16530.05
5011, -16405.00, -16523.02
5016, -16397.00, -16515.02
5022, -16387.00, -16506.26
5026, -16381.00, -16499.30
5032, -16374.00, -16491.43
5037, -16366.00, -16483.76
5041, -16359.00, -16477.22
5046, -16351.00, -16469.95
5052, -16344.00, -16461.13
5057, -16337.00, -16453.47
5062, -16331.00, -16446.25
5067, -16325.00, -16439.12
5073, -16314.00, -16431.13
5078, -16308.00, -16424.09
5083, -16300.00, -16416.95
5088, -16293.00, -16409.48
5093, -16287.00, -16402.34
5097, -16280.00, -16395.55
5102, -16271.00, -16388.76
5107, -16264.00, -16381.48
5112, -16259.00, -16373.86
5117, -16249.00, -16366.32
5122, -16245.00, -16359.89
5126, -16239.00, -16353.73
5130, -16234.00, -16347.55
5134, -16228.00, -16341.45
5139, -16222.00, -16334.26
5145, -16214.00, -16326.79
5150, -16206.00, -16318.98
5155, -16201.00, -16312.95
5159, -16194.00, -16306.94
5163, -16187.00, -16300.37
5168, -16178.00, -16294.10
5172, -16171.00, -16287.27
5177, -16164.00, -16280.97
5181, -16158.00, -16274.16
5186, -16152.00, -16267.39
5191, -16147.00, -16260.85
5195, -16139.00, -16253.85
5200, -16132.00, -16247.08
5205, -16128.00, -16240.15
5209, -16121.00, -16233.98
5214, -16113.00, -16227.81
5218, -16106.00, -16221.08
5223, -16101.00, -16214.24
5228, -16093.00, -16207.21
5232, -16086.00, -16201.06
5237, -16079.00, -16194.63
5241, -16073.00, -16188.44
5246, -16069.00, -16181.51
5251, -16062.00, -16174.37
5256, -16050.00, -16166.70
5261, -16044.00, -16159.34
5266, -16035.00, -16151.95
5271, -16030.00, -16144.82
5277, -16022.00, -16136.99
5282, -16012.00, -16129.71
5287, -16005.00, -16121.71
5291, -15999.00, -16115.30
5296, -15994.00, -16108.02
5301, -15986.00, -16100.81
5307, -15979.00, -16093.44
5311, -15972.00, -16087.18
5316, -15965.00, -16080.23
5320, -15958.00, -16073.94
5325, -15952.00, -16067.45
5329, -15946.00, -16060.51
5335, -15938.00, -16052.26
5340, -15930.00, -16045.22
5345, -15924.00, -16038.60
5349, -15917.00, -16032.36
5353, -15907.00, -16026.03
5358, -15902.00, -16019.45
5362, -15895.00, -16012.29
5367, -15890.00, -16005.70
5372, -15882.00, -15998.44
5377, -15876.00, -15991.73
5381, -15868.00, -15984.75
5386, -15862.00, -15977.17
5391, -15856.00, -15970.81
5395, -15850.00, -15964.58
5399, -15844.00, -15958.44
5404, -15834.00, -15951.63
5409, -15830.00, -15945.06
5413, -15824.00, -15938.74
5418, -15816.00, -15932.18
5422, -15808.00, -15925.56
5426, -15802.00, -15919.04
5431, -15797.00, -15912.84
5435, -15791.00, -15906.62
5439, -15784.00, -15900.21
5444, -15777.00, -15893.81
5449, -15769.00, -15886.28
5454, -15763.00, -15879.41
5458, -15755.00, -15873.04
5463, -15748.00, -15865.89
5467, -15743.00, -15859.52
5471, -15738.00, -15853.21
5477, -15730.00, -15845.76
5481, -15723.00, -15838.77
5486, -15717.00, -15832.14
5490, -15710.00, -15825.89
5495, -15704.00, -15818.26
5500, -15696.00, -15811.12
5505, -15688.00, -15804.09
5510, -15681.00, -15796.84
5515, -15674.00, -15789.77
5520, -15666.00, -15782.69
5525, -15659.00, -15775.99
5529, -15652.00, -15769.70
5533, -15645.00, -15762.79
5538, -15638.00, -15755.73
5543, -15630.00, -15748.87
5547, -15627.00, -15742.38
5552, -15617.00, -15734.95
5557, -15613.00, -15728.44
5561, -15607.00, -15722.08
5566, -15599.00, -15714.98
5571, -15591.00, -15707.90
5576, -15584.00, -15700.42
5581, -15577.00, -15693.01
5586, -15569.00, -15685.94
5590, -15563.00, -15679.28
5595, -15556.00, -15672.18
5600, -15548.00, -15665.18
5605, -15543.00, -15658.03
5610, -15533.00, -15651.06
5614, -15524.00, -15643.94
5619, -15518.00, -15636.74
5624, -15510.00, -15630.14
5629, -15503.00, -15622.52
5633, -15495.00, -15616.01
5637, -15493.00, -15609.59
5642, -15484.00, -15602.58
5646, -15480.00, -15596.17
5651, -15473.00, -15589.94
5656, -15465.00, -15582.67
5661, -15458.00, -15575.18
5665, -15450.00, -15568.36
5670, -15443.00, -15561.12
5675, -15434.00, -15554.59
5680, -15428.00, -15546.71
5684, -15418.00, -15539.79
5689, -15412.00, -15532.80
5693, -15407.00, -15526.35
5698, -15400.00, -15519.85
5702, -15394.00, -15512.58
5707, -15387.00, -15506.15
5711, -15384.00, -15499.30
5716, -15375.00, -15492.83
5720, -15367.00, -15485.84
5725, -15360.00, -15479.30
5729, -15352.00, -15472.75
5733, -15346.00, -15466.21
5738, -15341.00, -15459.75
5742, -15335.00, -15453.37
5746, -15330.00, -15446.95
5751, -15322.00, -15440.66
5755, -15315.00, -15433.75
5760, -15308.00, -15427.23
5764, -15301.00, -15420.32
5769, -15293.00, -15412.68
5774, -15286.00, -15406.16
5779, -15278.00, -15397.67
5784, -15272.00, -15390.03
5789, -15263.00, -15383.24
5794, -15257.00, -15375.72
5799, -15249.00, -15368.67
5804, -15241.00, -15360.80
5809, -15236.00, -15353.69
5814, -15225.00, -15345.25
5819, -15218.00, -15338.06
5823, -15215.00, -15331.55
5829, -15204.00, -15323.27
5834, -15196.00, -15315.56
5839, -15192.00, -15308.89
5844, -15182.00, -15300.94
5849, -15173.00, -15293.47
5853, -15169.00, -15286.94
5858, -15161.00, -15279.33
5864, -15152.00, -15271.63
5868, -15149.00, -15265.08
5872, -15143.00, -15258.83
5877, -15134.00, -15251.97
5882, -15128.00, -15244.60
5886, -15120.00, -15238.04
5891, -15114.00, -15230.95
5897, -15106.00, -15223.20
5901, -15098.00, -15216.57
5905, -15092.00, -15210.11
5911, -15084.00, -15201.89
5916, -15074.00, -15194.52
5921, -15068.00, -15187.21
5926, -15061.00, -15179.85
5931, -15054.00, -15171.95
5936, -15046.00, -15164.54
5941, -15038.00, -15157.40
5945, -15031.00, -15150.62
5950, -15025.00, -15143.96
5955, -15019.00, -15136.72
5960, -15008.00, -15128.96
5964, -15001.00, -15122.09
5969, -14998.00, -15115.15
5973, -14993.00, -15108.72
5979, -14984.00, -15100.84
5984, -14975.00, -15092.41
5989, -14968.00, -15085.92
5994, -14961.00, -15078.31
5998, -14954.00, -15071.62
6004, -14946.00, -15063.13
6009, -14936.00, -15056.09
6014, -14933.00, -15049.09
6019, -14923.00, -15041.70
6024, -14917.00, -15034.22
6028, -14909.00, -15027.80
6034, -14901.00, -15019.46
6039, -14892.00, -15011.91
6043, -14887.00, -15005.12
6048, -14879.00, -14998.16
6053, -14874.00, -14990.79
6057, -14866.00, -14984.05
6063, -14858.00, -14976.11
6068, -14848.00, -14967.84
6073, -14844.00, -14961.42
6077, -14836.00, -14954.58
6082, -14829.00, -14948.13
6086, -14820.00, -14941.33
6091, -14813.00, -14933.99
6096, -14805.00, -14926.40
6101, -14800.00, -14919.03
6105, -14794.00, -14911.96
6111, -14785.00, -14903.37
6116, -14775.00, -14896.90
6121, -14770.00, -14888.59
6125, -14761.00, -14881.87
6130, -14754.00, -14874.59
6135, -14746.00, -14866.79
6140, -14739.00, -14860.02
6145, -14733.00, -14852.44
6150, -14723.00, -14844.95
6155, -14718.00, -14837.37
6160, -14712.00, -14830.29
6165, -14701.00, -14822.58
6170, -14694.00, -14813.80
6175, -14688.00, -14807.10
6180, -14680.00, -14799.90
6184, -14674.00, -14792.88
6189, -14668.00, -14786.36
6194, -14661.00, -14778.98
6199, -14651.00, -14770.44
6204, -14643.00, -14763.61
6209, -14637.00, -14756.37
6214, -14630.00, -14748.55
6219, -14624.00, -14741.82
6223, -14614.00, -14734.85
6229, -14607.00, -14726.10
6234, -14597.00, -14718.08
6239, -14593.00, -14711.56
6244, -14583.00, -14702.86
6250, -14571.00, -14694.06
6255, -14565.00, -14686.42
6261, -14554.00, -14677.73
6266, -14546.00, -14669.56
6271, -14541.00, -14662.29
6276, -14531.00, -14654.24
6281, -14523.00, -14646.17
6286, -14515.00, -14638.72
6291, -14508.00, -14631.20
6295, -14503.00, -14624.41
6300, -14496.00, -14617.69
6305, -14487.00, -14609.85
6310, -14479.00, -14601.90
6315, -14474.00, -14594.89
6319, -14467.00, -14587.73
6324, -14459.00, -14580.96
6329, -14451.00, -14572.73
6334, -14441.00, -14564.78
6339, -14436.00, -14558.11
6344, -14428.00, -14550.49
6348, -14419.00, -14542.92
6354, -14411.00, -14534.61
6359, -14403.00, -14526.34
6364, -14393.00, -14518.51
6370, -14386.00, -14509.59
6374, -14380.00, -14502.41
6379, -14373.00, -14495.18
6384, -14365.00, -14487.00
6389, -14358.00, -14479.88
6394, -14351.00, -14473.08
6398, -14344.00, -14466.00
6403, -14337.00, -14458.79
6408, -14329.00, -14451.55
6412, -14322.00, -14444.81
6418, -14312.00, -14435.86
6422, -14305.00, -14429.12
6426, -14300.00, -14422.43
6432, -14293.00, -14414.01
6437, -14284.00, -14406.44
6441, -14279.00, -14399.71
6446, -14271.00, -14392.12
6452, -14263.00, -14383.81
6456, -14257.00, -14377.09
6462, -14248.00, -14367.89
6468, -14240.00, -14359.33
6472, -14232.00, -14352.52
6478, -14225.00, -14343.91
6484, -14218.00, -14335.66
6488, -14210.00, -14329.17
6494, -14201.00, -14320.33
6500, -14195.00, -14312.12
6504, -14188.00, -14305.16
6509, -14180.00, -14298.65
6513, -14173.00, -14292.08
6518, -14164.00, -14284.65
6522, -14160.00, -14277.94
6527, -14153.00, -14270.85
6532, -14146.00, -14263.44
6537, -14138.00, -14256.36
6543, -14133.00, -14247.72
6549, -14125.00, -14239.47
6553, -14116.00, -14232.83
6559, -14109.00, -14225.02
6564, -14101.00, -14217.44
6569, -14096.00, -14210.20
6574, -14088.00, -14202.53
6580, -14081.00, -14194.35
6585, -14074.00, -14186.75
6590, -14068.00, -14179.88
6594, -14062.00, -14173.80
6599, -14055.00, -14167.06
6604, -14049.00, -14160.33
6609, -14042.00, -14153.48
6613, -14036.00, -14147.07
6618, -14028.00, -14141.02
6622, -14020.00, -14134.83
6626, -14017.00, -14128.72
6631, -14011.00, -14121.79
6636, -14005.00, -14115.77
6641, -13998.00, -14108.55
6646, -13992.00, -14101.75
6651, -13983.00, -14094.86
6655, -13978.00, -14088.62
6661, -13968.00, -14080.38
6665, -13964.00, -14074.21
6670, -13957.00, -14067.95
6675, -13950.00, -14060.50
6680, -13940.00, -14053.78
6684, -13935.00, -14047.64
6689, -13928.00, -14040.88
6694, -13920.00, -14034.20
6698, -13913.00, -14027.55
6703, -13906.00, -14020.33
6708, -13896.00, -14013.37
6712, -13890.00, -14007.15
6717, -13886.00, -14000.80
6721, -13881.00, -13994.48
6726, -13874.00, -13988.28
6730, -13867.00, -13982.00
6734, -13861.00, -13975.91
6738, -13853.00, -13969.72
6743, -13843.00, -13962.92
6747, -13839.00, -13956.62
6751, -13835.00, -13950.44
6756, -13829.00, -13943.87
6760, -13824.00, -13937.84
6765, -13817.00, -13931.49
6769, -13809.00, -13925.24
6773, -13800.00, -13918.71
6778, -13794.00, -13911.76
6783, -13787.00, -13904.33
6787, -13780.00, -13897.95
6792, -13773.00, -13890.69
6798, -13766.00, -13882.18
6803, -13759.00, -13874.63
6808, -13751.00, -13867.67
6814, -13744.00, -13859.29
6819, -13736.00, -13851.34
6824, -13730.00, -13844.74
6828, -13723.00, -13837.96
6833, -13716.00, -13830.82
6838, -13710.00, -13824.61
6843, -13702.00, -13817.58
6847, -13697.00, -13811.39
6851, -13694.00, -13805.29
6856, -13686.00, -13799.12
6860, -13679.00, -13792.24
6865, -13674.00, -13785.96
6870, -13666.00, -13778.99
6874, -13659.00, -13772.38
6880, -13651.00, -13764.84
6884, -13645.00, -13758.64
6889, -13636.00, -13752.05
6893, -13629.00, -13745.46
6899, -13622.00, -13737.42
6903, -13616.00, -13730.75
6909, -13607.00, -13722.70
6915, -13601.00, -13714.07
6919, -13593.00, -13707.43
6924, -13585.00, -13700.86
6930, -13579.00, -13692.46
6934, -13572.00, -13685.78
6939, -13564.00, -13679.12
6944, -13558.00, -13672.44
6949, -13550.00, -13665.31
6953, -13545.00, -13658.68
6958, -13538.00, -13652.03
6963, -13532.00, -13645.01
6967, -13523.00, -13638.57
6972, -13519.00, -13632.33
6976, -13513.00, -13625.58
6981, -13505.00, -13618.47
6986, -13499.00, -13611.98
6991, -13493.00, -13605.23
6996, -13484.00, -13598.16
7000, -13478.00, -13591.74
7005, -13468.00, -13585.21
7009, -13463.00, -13578.44
7014, -13455.00, -13572.09
7019, -13448.00, -13564.53
7024, -13441.00, -13557.27
7029, -13433.00, -13549.06
7034, -13427.00, -13542.04
7040, -13420.00, -13533.26
7046, -13410.00, -13525.89
7050, -13404.00, -13519.47
7054, -13396.00, -13512.94
7059, -13389.00, -13506.33
7063, -13383.00, -13499.99
7068, -13378.00, -13493.71
7072, -13374.00, -13487.45
7077, -13364.00, -13479.56
7082, -13359.00, -13472.83
7086, -13353.00, -13466.70
7091, -13345.00, -13460.55
7095, -13338.00, -13453.60
7101, -13330.00, -13445.35
7107, -13323.00, -13437.46
7111, -13318.00, -13430.88
7116, -13309.00, -13423.39
7121, -13300.00, -13416.60
7125, -13292.00, -13410.25
7130, -13287.00, -13402.86
7135, -13279.00, -13395.59
7140, -13271.00, -13388.40
7145, -13265.00, -13381.30
7150, -13258.00, -13374.15
7155, -13249.00, -13366.81
7159, -13243.00, -13360.47
7164, -13236.00, -13354.05
7168, -13232.00, -13347.66
7173, -13226.00, -13340.35
7177, -13218.00, -13334.17
7183, -13210.00, -13326.36
7187, -13204.00, -13320.06
7191, -13197.00, -13313.77
7196, -13191.00, -13306.48
7201, -13184.00, -13299.43
7205, -13176.00, -13292.99
7210, -13167.00, -13285.74
7215, -13158.00, -13278.98
7219, -13152.00, -13272.20
7224, -13145.00, -13265.09
7230, -13134.00, -13256.35
7235, -13130.00, -13249.09
7240, -13122.00, -13240.46
7245, -13114.00, -13233.84
7250, -13105.00, -13225.89
7254, -13100.00, -13219.34
7259, -13091.00, -13212.25
7264, -13086.00, -13204.43
7269, -13079.00, -13197.59
7273, -13071.00, -13190.67
7279, -13063.00, -13182.88
7283, -13059.00, -13176.49
7287, -13055.00, -13170.26
7292, -13046.00, -13162.63
7298, -13035.00, -13154.49
7303, -13027.00, -13147.23
7308, -13021.00, -13139.67
7313, -13014.00, -13131.75
7318, -13005.00, -13124.18
7323, -12997.00, -13117.02
7328, -12990.00, -13109.61
7332, -12984.00, -13103.01
7337, -12977.00, -13095.94
7341, -12969.00, -13089.35
7346, -12960.00, -13082.26
7351, -12953.00, -13074.54
7357, -12947.00, -13066.21
7361, -12939.00, -13059.01
7367, -12931.00, -13050.33
7372, -12924.00, -13042.69
7377, -12917.00, -13035.06
7382, -12908.00, -13027.80
7387, -12903.00, -13021.04
7392, -12894.00, -13013.86
7396, -12885.00, -13006.59
7401, -12878.00, -12999.09
7406, -12872.00, -12991.59
7412, -12863.00, -12983.34
7417, -12855.00, -12975.72
7422, -12846.00, -12968.40
7426, -12839.00, -12961.61
7430, -12832.00, -12954.97
7435, -12824.00, -12947.64
7441, -12816.00, -12938.84
7446, -12808.00, -12930.01
7451, -12802.00, -12922.59
7456, -12794.00, -12915.41
7461, -12782.00, -12907.48
7466, -12777.00, -12899.19
7473, -12771.00, -12889.83
7478, -12760.00, -12882.14
7483, -12754.00, -12873.38
7488, -12746.00, -12866.10
7493, -12737.00, -12859.35
7498, -12730.00, -12851.77
7502, -12724.00, -12845.03
7507, -12717.00, -12837.92
7511, -12708.00, -12831.24
7517, -12700.00, -12822.42
7521, -12693.00, -12815.46
7527, -12685.00, -12806.67
7532, -12677.00, -12798.48
7537, -12669.00, -12791.65
7542, -12663.00, -12783.87
7547, -12654.00, -12776.68
7552, -12647.00, -12769.20
7557, -12637.00, -12760.32
7562, -12632.00, -12752.60
7568, -12623.00, -12744.62
7573, -12613.00, -12735.61
7578, -12609.00, -12728.03
7583, -12600.00, -12721.15
7588, -12594.00, -12713.76
7593, -12587.00, -12706.64
7598, -12577.00, -12697.87
7603, -12571.00, -12691.29
7607, -12564.00, -12684.76
7612, -12556.00, -12677.79
7617, -12549.00, -12670.36
7622, -12541.00, -12662.30
7628, -12534.00, -12653.32
7632, -12524.00, -12646.22
7637, -12518.00, -12639.17
7641, -12510.00, -12632.43
7646, -12505.00, -12625.36
7651, -12495.00, -12618.33
7655, -12490.00, -12611.18
7660, -12482.00, -12603.86
7665, -12478.00, -12597.20
7669, -12471.00, -12590.62
7674, -12464.00, -12583.59
7679, -12456.00, -12575.51
7684, -12450.00, -12568.54
7688, -12442.00, -12561.30
7693, -12436.00, -12554.50
7697, -12429.00, -12547.96
7702, -12421.00, -12541.31
7706, -12414.00, -12534.72
7711, -12407.00, -12528.07
7716, -12401.00, -12520.42
7720, -12396.00, -12514.09
7726, -12386.00, -12505.40
7731, -12377.00, -12497.16
7736, -12370.00, -12490.45
7740, -12363.00, -12483.05
7745, -12357.00, -12475.85
7750, -12347.00, -12467.98
7756, -12340.00, -12459.99
7760, -12336.00, -12453.56
7766, -12325.00, -12444.71
7771, -12319.00, -12436.98
7776, -12312.00, -12430.33
7781, -12303.00, -12422.71
7785, -12297.00, -12416.10
7789, -12293.00, -12409.74
7794, -12285.00, -12403.36
7798, -12279.00, -12396.95
7802, -12272.00, -12390.59
7807, -12266.00, -12384.18
7812, -12259.00, -12376.68
7816, -12250.00, -12369.75
7821, -12247.00, -12363.23
7825, -12237.00, -12356.89
7830, -12232.00, -12349.46
7834, -12225.00, -12343.03
7839, -12218.00, -12335.87
7844, -12213.00, -12329.54
7849, -12204.00, -12321.01
7854, -12197.00, -12313.80
7859, -12190.00, -12306.20
7864, -12182.00, -12299.26
7869, -12174.00, -12292.70
7874, -12169.00, -12284.46
7879, -12160.00, -12277.00
7884, -12153.00, -12269.81
7890, -12145.00, -12261.90
7895, -12138.00, -12254.67
7899, -12131.00, -12247.46
7904, -12124.00, -12240.44
7909, -12117.00, -12233.00
7915, -12109.00, -12224.51
7920, -12101.00, -12218.12
7924, -12093.00, -12211.41
7928, -12086.00, -12205.03
7933, -12082.00, -12198.11
7937, -12074.00, -12191.79
7942, -12067.00, -12185.37
7948, -12059.00, -12176.65
7952, -12053.00, -12169.75
7957, -12045.00, -12162.76
7961, -12038.00, -12156.48
7966, -12032.00, -12149.57
7970, -12026.00, -12142.82
7975, -12018.00, -12136.08
7980, -12011.00, -12128.40
7985, -12004.00, -12121.86
7990, -11995.00, -12113.26
7996, -11989.00, -12104.69
8001, -11979.00, -12097.61
8007, -11970.00, -12088.58
8011, -11975.00, -12082.41
8017, -11981.00, -12075.96
8022, -11990.00, -12070.45
8027, -11997.00, -12065.09
8032, -12003.00, -12061.45
8036, -12009.00, -12058.42
8041, -12014.00, -12055.64
8046, -12022.00, -12053.59
8050, -12027.00, -12051.90
8055, -12034.00, -12050.71
8060, -12042.00, -12049.90
8065, -12049.00, -12049.63
8070, -12056.00, -12049.82
8076, -12065.00, -12050.55
8081, -12071.00, -12051.53
8086, -12079.00, -12052.94
8091, -12083.00, -12054.66
8095, -12090.00, -12056.48
8100, -12098.00, -12058.78
8106, -12107.00, -12061.77
8111, -12114.00, -12064.54
8116, -12117.00, -12067.90
8121, -12125.00, -12070.96
8126, -12131.00, -12074.22
8130, -12140.00, -12077.72
8135, -12146.00, -12081.26
8140, -12154.00, -12085.74
8145, -12160.00, -12089.78
8150, -12167.00, -12094.29
8154, -12174.00, -12098.47
8158, -12181.00, -12102.64
8163, -12187.00, -12107.57
8168, -12194.00, -12111.93
8173, -12202.00, -12117.30
8178, -12208.00, -12122.81
8183, -12216.00, -12128.12
8188, -12222.00, -12133.38
8193, -12229.00, -12138.92
8198, -12237.00, -12145.54
8204, -12245.00, -12152.29
8209, -12252.00, -12157.83
8215, -12259.00, -12164.59
8220, -12266.00, -12170.81
8226, -12277.00, -12177.85
8231, -12281.00, -12184.02
8236, -12287.00, -12189.98
8240, -12296.00, -12195.58
8246, -12303.00, -12202.81
8250, -12310.00, -12208.46
8255, -12315.00, -12213.92
8259, -12323.00, -12220.22
8264, -12329.00, -12225.99
8268, -12338.00, -12231.68
8274, -12344.00, -12238.87
8279, -12351.00, -12245.50
8283, -12358.00, -12251.94
8288, -12365.00, -12257.63
8292, -12370.00, -12263.79
8298, -12380.00, -12271.90
8303, -12387.00, -12278.14
8308, -12393.00, -12285.52
8314, -12402.00, -12293.67
8319, -12408.00, -12299.72
8324, -12417.00, -12307.29
8330, -12422.00, -12314.50
8334, -12430.00, -12320.51
8340, -12438.00, -12328.37
8345, -12443.00, -12335.18
8349, -12452.00, -12341.63
8354, -12459.00, -12348.30
8359, -12465.00, -12354.91
8363, -12472.00, -12360.96
8368, -12480.00, -12367.64
8372, -12486.00, -12373.80
8378, -12493.00, -12381.10
8382, -12498.00, -12387.15
8387, -12505.00, -12393.71
8391, -12513.00, -12399.70
8395, -12519.00, -12405.72
8400, -12526.00, -12412.33
8404, -12533.00, -12418.41
8408, -12538.00, -12424.43
8412, -12542.00, -12430.45
8417, -12549.00, -12436.39
8421, -12555.00, -12442.50
8425, -12562.00, -12448.59
8430, -12570.00, -12455.08
8434, -12577.00, -12461.26
8438, -12584.00, -12467.45
8443, -12589.00, -12473.83
8447, -12594.00, -12480.03
8451, -12601.00, -12486.13
8456, -12608.00, -12492.28
8460, -12614.00, -12498.52
8465, -12622.00, -12505.49
8469, -12628.00, -12511.82
8473, -12634.00, -12518.16
8478, -12640.00, -12524.36
8482, -12646.00, -12530.74
8486, -12651.00, -12536.81
8490, -12657.00, -12543.02
8495, -12664.00, -12549.23
8499, -12674.00, -12555.84
8504, -12678.00, -12562.11
8508, -12683.00, -12568.31
8512, -12689.00, -12574.55
8517, -12695.00, -12580.83
8521, -12702.00, -12586.98
8525, -12710.00, -12593.12
8529, -12716.00, -12599.53
8534, -12721.00, -12605.77
8538, -12727.00, -12611.96
8542, -12732.00, -12618.18
8547, -12740.00, -12624.41
8552, -12748.00, -12631.56
8556, -12754.00, -12638.20
8560, -12758.00, -12644.36
8565, -12768.00, -12650.61
8569, -12775.00, -12657.57
8574, -12779.00, -12663.84
8578, -12783.00, -12669.97
8582, -12789.00, -12676.16
8587, -12795.00, -12682.23
8592, -12801.00, -12689.22
8596, -12812.00, -12695.34
8600, -12818.00, -12701.74
8605, -12824.00, -12708.87
8610, -12831.00, -12715.83
8615, -12839.00, -12723.00
8619, -12845.00, -12729.40
8624, -12851.00, -12736.23
8629, -12856.00, -12743.31
8633, -12862.00, -12749.59
8638, -12869.00, -12756.32
8642, -12874.00, -12762.33
8647, -12882.00, -12768.34
8651, -12888.00, -12774.72
8656, -12891.00, -12781.46
8660, -12902.00, -12787.89
8665, -12909.00, -12794.29
8669, -12915.00, -12800.78
8674, -12920.00, -12806.83
8679, -12927.00, -12814.05
8683, -12932.00, -12820.46
8688, -12939.00, -12827.70
8694, -12950.00, -12834.94
8698, -12953.00, -12841.07
8702, -12959.00, -12847.03
8707, -12965.00, -12853.37
8711, -12972.00, -12859.56
8715, -12980.00, -12865.82
8720, -12987.00, -12872.64
8725, -12994.00, -12879.38
8729, -13000.00, -12885.81
8734, -13007.00, -12892.80
8739, -13013.00, -12899.08
8743, -13017.00, -12905.62
8748, -13025.00, -12912.49
8753, -13032.00, -12919.16
8758, -13038.00, -12926.14
8762, -13042.00, -12932.44
8767, -13054.00, -12938.77
8772, -13059.00, -12946.06
8776, -13067.00, -12952.66
8781, -13073.00, -12958.91
8786, -13081.00, -12965.93
8790, -13086.00, -12972.18
8795, -13094.00, -12979.22
8799, -13101.00, -12985.46
8805, -13109.00, -12993.85
8809, -13114.00, -13000.20
8814, -13120.00, -13006.91
8819, -13128.00, -13013.55
8823, -13134.00, -13020.08
8828, -13138.00, -13026.67
8832, -13147.00, -13032.76
8838, -13154.00, -13040.28
8843, -13161.00, -13048.54
8849, -13168.00, -13056.40
8854, -13176.00, -13063.34
8858, -13185.00, -13069.68
8863, -13188.00, -13075.87
8868, -13195.00, -13082.80
8872, -13204.00, -13088.87
8877, -13211.00, -13096.03
8881, -13218.00, -13102.82
8886, -13224.00, -13109.79
8891, -13231.00, -13116.65
8896, -13238.00, -13123.62
8900, -13245.00, -13129.87
8905, -13250.00, -13136.11
8909, -13255.00, -13142.23
8914, -13264.00, -13150.15
8920, -13273.00, -13157.80
8925, -13278.00, -13164.89
8929, -13286.00, -13171.62
8934, -13292.00, -13177.95
8938, -13300.00, -13184.43
8943, -13305.00, -13191.33
8948, -13313.00, -13198.62
8954, -13320.00, -13206.47
8959, -13327.00, -13213.60
8965, -13338.00, -13222.26
8970, -13345.00, -13230.01
8976, -13355.00, -13238.41
8980, -13361.00, -13245.23
8985, -13370.00, -13252.42
8990, -13375.00, -13258.97
8994, -13379.00, -13265.14
8998, -13384.00, -13271.37
9003, -13392.00, -13277.60
9007, -13398.00, -13283.68
9011, -13405.00, -13289.90
9016, -13413.00, -13296.20
9020, -13418.00, -13302.39
9025, -13424.00, -13309.11
9029, -13427.00, -13315.39
9033, -13435.00, -13321.52
9038, -13442.00, -13327.67
9042, -13449.00, -13333.86
9046, -13456.00, -13340.11
9051, -13462.00, -13346.41
9056, -13470.00, -13354.91
9061, -13478.00, -13361.67
9066, -13484.00, -13368.17
9070, -13492.00, -13374.84
9075, -13497.00, -13381.58
9080, -13505.00, -13389.50
9085, -13513.00, -13396.90
9090, -13518.00, -13403.82
9095, -13525.00, -13411.17
9100, -13533.00, -13417.88
9105, -13540.00, -13425.08
9109, -13546.00, -13431.33
9114, -13551.00, -13438.15
9119, -13560.00, -13445.04
9124, -13567.00, -13452.10
9128, -13573.00, -13458.91
9133, -13580.00, -13465.32
9138, -13587.00, -13472.61
9143, -13593.00, -13479.99
9147, -13602.00, -13486.36
9152, -13609.00, -13493.09
9157, -13616.00, -13500.36
9161, -13622.00, -13506.74
9166, -13628.00, -13512.94
9170, -13633.00, -13519.47
9176, -13643.00, -13527.87
9181, -13650.00, -13534.69
9186, -13655.00, -13541.60
9191, -13667.00, -13549.96
9197, -13672.00, -13557.35
9201, -13679.00, -13564.27
9206, -13687.00, -13571.55
9211, -13690.00, -13578.75
9216, -13700.00, -13585.50
9221, -13710.00, -13592.91
9226, -13714.00, -13599.29
9230, -13719.00, -13606.17
9235, -13725.00, -13612.58
9240, -13732.00, -13619.53
9246, -13742.00, -13627.63
9250, -13749.00, -13634.68
9256, -13754.00, -13642.05
9261, -13763.00, -13649.16
9265, -13768.00, -13655.42
9270, -13776.00, -13662.21
9275, -13783.00, -13669.06
9280, -13791.00, -13676.70
9284, -13797.00, -13683.18
9289, -13805.00, -13689.39
9294, -13812.00, -13696.64
9298, -13820.00, -13703.06
9304, -13828.00, -13711.34
9308, -13834.00, -13718.09
9313, -13840.00, -13724.88
9318, -13850.00, -13731.69
9322, -13858.00, -13738.15
9326, -13861.00, -13744.49
9331, -13867.00, -13750.82
9335, -13874.00, -13757.81
9340, -13881.00, -13764.98
9345, -13888.00, -13772.19
9350, -13896.00, -13778.51
9354, -13901.00, -13784.97
9359, -13910.00, -13791.77
9364, -13915.00, -13799.06
9368, -13923.00, -13805.59
9373, -13931.00, -13812.38
9378, -13938.00, -13820.11
9383, -13946.00, -13827.73
9388, -13952.00, -13834.72
9393, -13960.00, -13842.77
9398, -13968.00, -13849.54
9402, -13973.00, -13856.01
9407, -13982.00, -13863.55
9412, -13988.00, -13871.05
9417, -13996.00, -13877.70
9421, -14001.00, -13884.06
9425, -14006.00, -13890.25
9430, -14013.00, -13896.45
9434, -14020.00, -13902.69
9438, -14028.00, -13909.45
9443, -14035.00, -13916.89
9448, -14042.00, -13923.45
9453, -14047.00, -13931.15
9458, -14055.00, -13938.34
9463, -14064.00, -13945.79
9468, -14072.00, -13952.86
9473, -14076.00, -13960.36
9478, -14085.00, -13967.30
9482, -14090.00, -13974.04
9487, -14097.00, -13981.13
9492, -14108.00, -13988.67
9497, -14110.00, -13996.20
9503, -14121.00, -14003.98
9508, -14130.00, -14011.63
9513, -14135.00, -14019.78
9518, -14145.00, -14027.21
9524, -14153.00, -14034.97
9528, -14157.00, -14041.29
9533, -14165.00, -14048.28
9538, -14172.00, -14055.83
9543, -14180.00, -14062.68
9547, -14186.00, -14069.76
9553, -14194.00, -14078.02
9558, -14203.00, -14085.73
9563, -14210.00, -14093.05
9569, -14218.00, -14102.06
9575, -14226.00, -14109.97
9580, -14233.00, -14117.16
9584, -14240.00, -14123.92
9589, -14247.00, -14131.19
9595, -14254.00, -14139.59
9600, -14262.00, -14146.25
9606, -14269.00, -14154.63
9612, -14280.00, -14163.19
9617, -14287.00, -14171.16
9622, -14296.00, -14178.30
9627, -14303.00, -14185.84
9631, -14309.00, -14192.34
9636, -14316.00, -14199.53
9641, -14324.00, -14206.61
9646, -14330.00, -14214.17
9651, -14339.00, -14221.37
9656, -14345.00, -14228.18
9662, -14353.00, -14236.59
9667, -14361.00, -14244.59
9671, -14367.00, -14250.97
9677, -14377.00, -14258.90
9682, -14382.00, -14266.04
9687, -14394.00, -14274.40
9692, -14396.00, -14280.90
9697, -14404.00, -14288.04
9701, -14409.00, -14294.25
9705, -14418.00, -14300.52
9710, -14424.00, -14306.89
9714, -14430.00, -14313.28
9718, -14439.00, -14319.88
9723, -14445.00, -14326.91
9728, -14451.00, -14334.22
9733, -14459.00, -14341.96
9738, -14466.00, -14348.29
9743, -14470.00, -14355.51
9747, -14477.00, -14362.59
9753, -14488.00, -14370.81
9757, -14492.00, -14377.12
9763, -14501.00, -14384.92
9767, -14506.00, -14391.26
9772, -14513.00, -14398.62
9777, -14519.00, -14405.79
9782, -14526.00, -14412.31
9787, -14532.00, -14418.93
9792, -14542.00, -14427.20
9797, -14547.00, -14433.93
9802, -14553.00, -14440.71
9807, -14559.00, -14448.11
9812, -14568.00, -14454.76
9817, -14573.00, -14461.56
9822, -14582.00, -14469.48
9827, -14591.00, -14476.86
9832, -14597.00, -14483.96
9837, -14603.00, -14490.66
9842, -14612.00, -14497.87
9847, -14616.00, -14504.61
9852, -14622.00, -14511.44
9857, -14630.00, -14518.02
9861, -14637.00, -14524.52
9867, -14646.00, -14533.48
9873, -14655.00, -14541.46
9878, -14659.00, -14547.71
9882, -14665.00, -14554.37
9888, -14673.00, -14562.04
9892, -14678.00, -14568.49
9897, -14685.00, -14574.60
9903, -14693.00, -14582.42
9908, -14703.00, -14589.82
9912, -14707.00, -14596.45
9917, -14713.00, -14602.93
9922, -14719.00, -14608.98
9926, -14726.00, -14615.27
9930, -14731.00, -14621.23
9936, -14739.00, -14628.43
9940, -14746.00, -14634.75
9945, -14753.00, -14641.59
9950, -14759.00, -14647.96
9954, -14764.00, -14653.89
9958, -14770.00, -14659.94
9963, -14775.00, -14666.02
9967, -14781.00, -14672.21
9972, -14786.00, -14678.17
9976, -14793.00, -14684.60
9981, -14801.00, -14690.62
9986, -14806.00, -14697.43
9991, -14816.00, -14704.67
9996, -14822.00, -14711.97
10002, -14828.00, -14719.93
10006, -14834.00, -14726.03
10012, -14841.00, -14733.98
10017, -14848.00, -14740.44
10022, -14855.00, -14746.82
10026, -14862.00, -14753.08
10031, -14868.00, -14759.09
10035, -14877.00, -14765.25
10040, -14882.00, -14771.88
10045, -14888.00, -14778.69
10049, -14894.00, -14784.83
10055, -14903.00, -14793.07
10061, -14911.00, -14800.45
10065, -14915.00, -14806.97
10071, -14923.00, -14814.55
10076, -14929.00, -14821.42
10080, -14938.00, -14827.44
10086, -14943.00, -14835.15
10092, -14951.00, -14842.75
10096, -14957.00, -14849.13
10101, -14965.00, -14855.06
10105, -14971.00, -14861.04
10110, -14978.00, -14868.05
10114, -14984.00, -14874.06
10119, -14990.00, -14880.77
10124, -14995.00, -14887.62
10129, -15003.00, -14893.72
10133, -15007.00, -14899.69
10138, -15013.00, -14905.53
10142, -15020.00, -14911.46
10146, -15027.00, -14917.26
10151, -15033.00, -14923.47
10155, -15039.00, -14929.41
10159, -15045.00, -14935.25
10163, -15049.00, -14941.10
10168, -15056.00, -14946.82
10172, -15060.00, -14952.54
10176, -15069.00, -14958.35
10181, -15074.00, -14965.06
10186, -15082.00, -14971.83
10191, -15088.00, -14978.71
10195, -15095.00, -14984.96
10200, -15101.00, -14991.00
10204, -15105.00, -14997.03
10209, -15113.00, -15003.79
10214, -15120.00, -15010.31
10219, -15128.00, -15017.42
10224, -15134.00, -15024.26
10228, -15140.00, -15030.46
10233, -15144.00, -15036.84
10238, -15153.00, -15043.74
10243, -15156.00, -15049.91
10247, -15165.00, -15055.79
10252, -15171.00, -15062.46
10257, -15178.00, -15069.11
10262, -15184.00, -15075.98
10266, -15191.00, -15081.96
10272, -15198.00, -15089.96
10278, -15207.00, -15097.43
10283, -15214.00, -15105.46
10288, -15220.00, -15111.44
10293, -15230.00, -15119.08
10299, -15237.00, -15126.81
10304, -15245.00, -15134.10
10309, -15254.00, -15141.30
10314, -15259.00, -15147.99
10320, -15267.00, -15156.09
10326, -15276.00, -15164.21
10331, -15284.00, -15171.00
10336, -15291.00, -15178.18
10341, -15297.00, -15185.25
10345, -15306.00, -15191.74
10350, -15312.00, -15198.57
10354, -15316.00, -15204.63
10359, -15323.00, -15210.89
10364, -15329.00, -15217.94
10369, -15336.00, -15225.52
10374, -15344.00, -15231.79
10379, -15349.00, -15238.66
10383, -15356.00, -15245.42
10388, -15363.00, -15252.39
10393, -15371.00, -15258.89
10399, -15377.00, -15266.68
10404, -15386.00, -15274.31
10409, -15394.00, -15281.17
10414, -15401.00, -15288.33
10420, -15411.00, -15296.68
10426, -15420.00, -15305.30
10431, -15426.00, -15312.03
10436, -15434.00, -15319.78
10440, -15440.00, -15326.01
10445, -15446.00, -15333.11
10450, -15452.00, -15339.69
10455, -15461.00, -15346.94
10459, -15465.00, -15353.08
10464, -15471.00, -15359.18
10468, -15477.00, -15365.33
10473, -15484.00, -15372.21
10477, -15492.00, -15378.38
10482, -15499.00, -15385.30
10486, -15504.00, -15391.37
10493, -15514.00, -15400.02
10497, -15520.00, -15406.29
10501, -15525.00, -15412.75
10506, -15533.00, -15419.20
10511, -15541.00, -15426.65
10517, -15548.00, -15434.24
10522, -15556.00, -15442.67
10527, -15562.00, -15449.10
10532, -15569.00, -15455.94
10536, -15575.00, -15462.13
10542, -15585.00, -15470.51
10546, -15592.00, -15477.00
10551, -15597.00, -15483.75
10556, -15605.00, -15490.40
10561, -15612.00, -15497.91
10565, -15620.00, -15504.32
10570, -15623.00, -15510.48
10575, -15632.00, -15517.92
10579, -15638.00, -15524.14
10584, -15643.00, -15531.18
10590, -15652.00, -15539.27
10595, -15661.00, -15546.75
10600, -15666.00, -15553.18
10605, -15673.00, -15560.14
10610, -15682.00, -15568.07
10615, -15689.00, -15574.53
10621, -15698.00, -15582.98
10626, -15708.00, -15590.72
10631, -15714.00, -15597.94
10636, -15719.00, -15604.80
10641, -15730.00, -15612.42
10645, -15733.00, -15618.83
10650, -15742.00, -15626.14
10655, -15747.00, -15633.04
10660, -15753.00, -15639.45
10665, -15763.00, -15647.76
10670, -15770.00, -15655.07
10675, -15778.00, -15662.36
10680, -15782.00, -15668.57
10684, -15790.00, -15675.30
10690, -15796.00, -15682.55
10694, -15804.00, -15689.58
10699, -15811.00, -15696.26
10704, -15816.00, -15702.91
10708, -15824.00, -15709.32
10713, -15832.00, -15715.60
10717, -15838.00, -15722.48
10722, -15845.00, -15729.55
10727, -15853.00, -15736.20
10732, -15860.00, -15743.51
10737, -15866.00, -15750.90
10741, -15872.00, -15757.19
10746, -15877.00, -15763.55
10750, -15884.00, -15770.63
10755, -15890.00, -15777.14
10760, -15896.00, -15783.55
10764, -15903.00, -15790.28
10769, -15911.00, -15797.28
10775, -15918.00, -15805.80
10780, -15926.00, -15812.40
10785, -15932.00, -15819.95
10790, -15940.00, -15826.88
10795, -15946.00, -15833.51
10799, -15952.00, -15839.55
10803, -15959.00, -15845.65
10808, -15968.00, -15852.65
10813, -15974.00, -15858.99
10818, -15980.00, -15866.07
10823, -15990.00, -15874.60
10828, -15994.00, -15880.83
10833, -16003.00, -15888.20
10839, -16009.00, -15896.70
10844, -16017.00, -15904.07
10849, -16024.00, -15911.50
10854, -16031.00, -15918.29
10860, -16040.00, -15926.53
10865, -16049.00, -15934.27
10870, -16054.00, -15940.97
10875, -16061.00, -15948.51
10881, -16070.00, -15955.86
10885, -16077.00, -15962.91
10892, -16089.00, -15971.81
10896, -16095.00, -15978.92
10901, -16101.00, -15985.20
10905, -16104.00, -15991.35
10910, -16112.00, -15998.50
10915, -16118.00, -16005.43
10921, -16129.00, -16013.59
10926, -16134.00, -16020.65
10930, -16142.00, -16026.94
10935, -16149.00, -16033.67
10940, -16156.00, -16041.19
10944, -16163.00, -16047.79
10950, -16171.00, -16055.71
10955, -16178.00, -16063.11
10960, -16186.00, -16070.74
10965, -16194.00, -16077.67
10970, -16200.00, -16084.63
10975, -16207.00, -16092.05
10979, -16215.00, -16098.50
10984, -16222.00, -16105.05
10989, -16229.00, -16113.38
10994, -16236.00, -16120.03
10998, -16245.00, -16126.40
11004, -16251.00, -16134.94
11009, -16259.00, -16141.85
11013, -16266.00, -16148.35
11018, -16273.00, -16155.14
11022, -16279.00, -16161.50
11027, -16286.00, -16168.45
11032, -16295.00, -16176.35
11037, -16301.00, -16183.67
11042, -16307.00, -16190.16
11046, -16313.00, -16196.97
11050, -16319.00, -16203.17
11055, -16326.00, -16209.32
11059, -16331.00, -16216.01
11064, -16341.00, -16222.55
11068, -16348.00, -16228.81
11072, -16353.00, -16235.16
11076, -16358.00, -16241.50
11081, -16364.00, -16248.56
11087, -16376.00, -16257.11
11093, -16385.00, -16266.08
11098, -16393.00, -16273.85
11104, -16401.00, -16281.68
11108, -16408.00, -16288.34
11113, -16416.00, -16295.82
11118, -16422.00, -16303.22
11123, -16428.00, -16310.47
11127, -16435.00, -16317.15
11132, -16442.00, -16324.19
11137, -16450.00, -16331.53
11141, -16455.00, -16337.98
11146, -16462.00, -16344.44
11151, -16469.00, -16351.62
11155, -16476.00, -16358.43
11160, -16483.00, -16365.63
11165, -16491.00, -16372.28
11170, -16498.00, -16380.79
11175, -16507.00, -16387.29
11180, -16514.00, -16394.63
11184, -16522.00, -16401.25
11189, -16530.00, -16409.36
11194, -16537.00, -16416.43
11200, -16543.00, -16424.92
11206, -16552.00, -16433.87
11210, -16560.00, -16440.87
11215, -16568.00, -16447.44
11219, -16574.00, -16454.31
11224, -16582.00, -16461.46
11228, -16588.00, -16468.04
11233, -16596.00, -16474.71
11237, -16601.00, -16481.45
11241, -16606.00, -16487.77
11246, -16613.00, -16494.20
11250, -16620.00, -16500.54
11254, -16628.00, -16507.01
11259, -16636.00, -16514.31
11263, -16643.00, -16520.94
11268, -16648.00, -16527.59
11272, -16653.00, -16534.66
11277, -16660.00, -16541.15
11282, -16669.00, -16549.13
11288, -16680.00, -16557.85
11293, -16685.00, -16565.28
11298, -16694.00, -16573.09
11304, -16704.00, -16582.23
11309, -16712.00, -16590.58
11315, -16720.00, -16598.93
11321, -16728.00, -16607.83
11325, -16735.00, -16614.80
11330, -16743.00, -16621.91
11334, -16751.00, -16628.52
11340, -16758.00, -16637.16
11344, -16765.00, -16643.93
11349, -16774.00, -16650.55
11354, -16780.00, -16657.88
11358, -16786.00, -16664.44
11362, -16791.00, -16670.99
11366, -16797.00, -16677.38
11372, -16806.00, -16685.61
11376, -16811.00, -16692.44
11381, -16821.00, -16699.37
11386, -16828.00, -16706.49
11391, -16834.00, -16714.46
11395, -16844.00, -16721.25
11401, -16851.00, -16729.57
11405, -16859.00, -16736.16
11410, -16866.00, -16743.47
11414, -16874.00, -16750.21
11420, -16881.00, -16758.72
11425, -16889.00, -16766.33
11429, -16896.00, -16773.36
11435, -16905.00, -16781.61
11439, -16913.00, -16789.27
11444, -16921.00, -16796.39
11449, -16928.00, -16804.50
11454, -16937.00, -16811.89
11459, -16940.00, -16818.97
11463, -16948.00, -16825.90
11469, -16958.00, -16834.59
11474, -16966.00, -16842.11
11479, -16975.00, -16850.14
11483, -16980.00, -16857.43
11488, -16988.00, -16865.10
11493, -16996.00, -16872.33
11498, -17006.00, -16880.90
11503, -17013.00, -16888.32
11508, -17018.00, -16895.08
11513, -17029.00, -16903.15
11519, -17037.00, -16912.36
11523, -17045.00, -16919.58
11528, -17052.00, -16927.23
11533, -17057.00, -16934.42
11538, -17068.00, -16942.06
11543, -17075.00, -16950.24
11549, -17085.00, -16959.39
11554, -17094.00, -16967.58
11559, -17100.00, -16975.53
11564, -17109.00, -16983.03
11568, -17116.00, -16990.64
11573, -17122.00, -16998.27
11578, -17129.00, -17004.96
11583, -17137.00, -17013.04
11587, -17144.00, -17020.39
11593, -17150.00, -17028.33
11598, -17162.00, -17037.41
11603, -17169.00, -17044.60
11609, -17178.00, -17053.30
11614, -17187.00, -17061.50
11618, -17192.00, -17068.57
11623, -17199.00, -17075.58
11629, -17209.00, -17084.69
11634, -17216.00, -17092.19
11638, -17222.00, -17099.48
11643, -17231.00, -17107.04
11648, -17236.00, -17114.50
11653, -17243.00, -17121.95
11658, -17253.00, -17130.11
11663, -17261.00, -17137.27
11667, -17267.00, -17144.38
11672, -17272.00, -17151.43
11676, -17280.00, -17158.03
11681, -17288.00, -17164.68
11685, -17298.00, -17172.17
11690, -17303.00, -17179.70
11695, -17309.00, -17186.59
11699, -17316.00, -17193.76
11704, -17324.00, -17201.39
11709, -17328.00, -17208.72
11714, -17336.00, -17215.46
11719, -17344.00, -17223.80
11723, -17350.00, -17230.21
11728, -17356.00, -17237.26
11733, -17363.00, -17244.11
11738, -17370.00, -17252.56
11743, -17376.00, -17259.29
11749, -17386.00, -17267.51
11753, -17392.00, -17274.68
11758, -17400.00, -17282.22
11763, -17403.00, -17288.98
11769, -17416.00, -17297.32
11773, -17422.00, -17304.26
11778, -17426.00, -17310.77
11783, -17435.00, -17317.85
11788, -17443.00, -17325.38
11792, -17450.00, -17331.92
11798, -17456.00, -17339.80
11803, -17464.00, -17347.41
11808, -17471.00, -17354.45
11812, -17478.00, -17361.35
11818, -17487.00, -17369.66
11823, -17492.00, -17376.44
11827, -17499.00, -17382.72
11833, -17508.00, -17391.25
11838, -17515.00, -17398.70
11842, -17522.00, -17405.33
11848, -17528.00, -17413.45
11853, -17535.00, -17420.67
11858, -17543.00, -17427.23
11862, -17548.00, -17434.09
11868, -17557.00, -17442.12
11873, -17563.00, -17449.19
11878, -17571.00, -17456.26
11882, -17578.00, -17463.05
11887, -17583.00, -17470.08
11892, -17591.00, -17476.95
11896, -17597.00, -17483.14
11902, -17605.00, -17490.86
11907, -17610.00, -17497.84
11911, -17616.00, -17504.41
11917, -17623.00, -17512.36
11922, -17629.00, -17518.46
11926, -17634.00, -17524.39
11932, -17642.00, -17532.27
11936, -17648.00, -17538.88
11941, -17654.00, -17545.66
11947, -17660.00, -17552.87
11952, -17669.00, -17559.93
11958, -17673.00, -17567.96
11963, -17680.00, -17574.90
11968, -17686.00, -17581.16
11974, -17693.00, -17589.38
11979, -17700.00, -17595.47
11983, -17706.00, -17601.27
11989, -17713.00, -17608.68
11993, -17720.00, -17614.51
11998, -17725.00, -17621.14
12003, -17733.00, -17626.84
12007, -17739.00, -17632.64
12012, -17746.00, -17638.96
12016, -17737.00, -17644.50
12020, -17733.00, -17649.36
12025, -17726.00, -17653.98
12030, -17719.00, -17657.70
12034, -17713.00, -17660.74
12039, -17706.00, -17663.57
12043, -17699.00, -17665.63
12048, -17691.00, -17667.26
12052, -17685.00, -17668.39
12056, -17677.00, -17669.08
12061, -17668.00, -17669.28
12066, -17663.00, -17669.07
12071, -17656.00, -17668.50
12075, -17651.00, -17667.66
12080, -17645.00, -17666.59
12084, -17637.00, -17665.07
12089, -17631.00, -17663.21
12094, -17623.00, -17661.08
12099, -17616.00, -17658.52
12104, -17610.00, -17656.04
12108, -17600.00, -17653.23
12113, -17594.00, -17650.22
12117, -17589.00, -17647.12
12121, -17581.00, -17643.75
12126, -17574.00, -17640.22
12131, -17567.00, -17636.01
12135, -17559.00, -17631.73
12140, -17554.00, -17627.27
12145, -17546.00, -17622.92
12150, -17540.00, -17618.17
12155, -17531.00, -17613.20
12160, -17524.00, -17608.21
12165, -17515.00, -17602.22
12170, -17508.00, -17596.49
12175, -17501.00, -17591.19
12179, -17494.00, -17586.20
12184, -17486.00, -17580.89
12189, -17479.00, -17574.42
12194, -17471.00, -17569.03
12199, -17464.00, -17562.33
12204, -17456.00, -17556.28
12208, -17449.00, -17550.83
12213, -17441.00, -17544.82
12217, -17432.00, -17538.80
12222, -17426.00, -17532.83
12226, -17420.00, -17527.10
12231, -17412.00, -17519.99
12237, -17402.00, -17512.19
12242, -17395.00, -17505.56
12247, -17388.00, -17498.44
12252, -17380.00, -17491.32
12257, -17373.00, -17485.04
12262, -17364.00, -17477.54
12267, -17356.00, -17470.37
12271, -17350.00, -17463.90
12276, -17343.00, -17457.73
12282, -17333.00, -17449.11
12286, -17326.00, -17442.13
12291, -17320.00, -17435.45
12297, -17311.00, -17427.07
12301, -17304.00, -17420.32
12306, -17296.00, -17413.20
12312, -17288.00, -17405.50
12317, -17278.00, -17397.42
12323, -17269.00, -17388.51
12328, -17263.00, -17380.98
12332, -17254.00, -17374.17
12337, -17247.00, -17367.68
12341, -17241.00, -17360.72
12347, -17233.00, -17352.94
12351, -17226.00, -17346.07
12356, -17223.00, -17338.89
12360, -17212.00, -17332.40
12366, -17206.00, -17324.55
12371, -17197.00, -17316.06
12376, -17189.00, -17309.39
12381, -17182.00, -17301.44
12385, -17175.00, -17294.95
12390, -17168.00, -17287.49
12396, -17161.00, -17279.01
12401, -17151.00, -17271.71
12406, -17142.00, -17263.03
12412, -17132.00, -17254.95
12416, -17128.00, -17247.92
12421, -17120.00, -17240.49
12426, -17111.00, -17233.49
12430, -17105.00, -17226.82
12434, -17098.00, -17220.25
12440, -17090.00, -17212.39
12444, -17083.00, -17205.30
12449, -17074.00, -17198.57
12453, -17068.00, -17190.97
12458, -17060.00, -17184.30
12462, -17054.00, -17177.47
12468, -17046.00, -17169.13
12473, -17035.00, -17160.64
12477, -17032.00, -17153.91
12482, -17024.00, -17146.97
12487, -17019.00, -17139.55
12491, -17012.00, -17132.71
12497, -17003.00, -17124.13
12503, -16992.00, -17114.77
12508, -16986.00, -17107.67
12512, -16980.00, -17100.81
12517, -16972.00, -17092.62
12522, -16967.00, -17086.10
12526, -16963.00, -17079.17
12531, -16954.00, -17072.44
12536, -16947.00, -17064.30
12541, -16939.00, -17057.64
12546, -16930.00, -17049.89
12551, -16925.00, -17042.24
12556, -16919.00, -17035.87
12560, -16912.00, -17029.50
12566, -16903.00, -17021.09
12571, -16893.00, -17013.72
12575, -16888.00, -17006.91
12581, -16880.00, -16997.78
12586, -16871.00, -16990.08
12591, -16865.00, -16983.14
12597, -16857.00, -16974.69
12603, -16845.00, -16965.78
12607, -16841.00, -16958.85
12612, -16834.00, -16952.37
12617, -16827.00, -16944.16
12621, -16820.00, -16937.84
12627, -16812.00, -16930.22
12631, -16807.00, -16923.29
12636, -16800.00, -16916.07
12641, -16793.00, -16909.28
12645, -16787.00, -16903.02
12650, -16779.00, -16896.57
12654, -16771.00, -16890.07
12658, -16762.00, -16883.61
12664, -16756.00, -16875.08
12669, -16748.00, -16867.20
12674, -16743.00, -16860.43
12679, -16734.00, -16851.99
12685, -16729.00, -16843.96
12689, -16719.00, -16837.58
12694, -16712.00, -16830.68
12699, -16705.00, -16822.86
12704, -16698.00, -16816.04
12708, -16690.00, -16809.39
12713, -16685.00, -16802.12
12719, -16675.00, -16793.55
12724, -16667.00, -16786.42
12728, -16660.00, -16779.54
12733, -16655.00, -16772.44
12737, -16649.00, -16765.98
12742, -16643.00, -16759.12
12747, -16637.00, -16751.96
12752, -16628.00, -16745.27
12756, -16622.00, -16738.24
12761, -16616.00, -16731.30
12765, -16608.00, -16725.08
12770, -16601.00, -16717.69
12775, -16594.00, -16711.19
12780, -16585.00, -16703.76
12785, -16579.00, -16696.51
12790, -16574.00, -16689.28
12796, -16564.00, -16680.74
12800, -16557.00, -16674.08
12805, -16550.00, -16667.04
12811, -16542.00, -16658.49
12815, -16535.00, -16652.03
12821, -16527.00, -16643.95
12825, -16520.00, -16637.19
12830, -16512.00, -16629.60
12836, -16505.00, -16621.90
12840, -16498.00, -16614.77
12845, -16490.00, -16607.79
12850, -16483.00, -16600.07
12856, -16475.00, -16591.90
12861, -16466.00, -16584.06
12866, -16459.00, -16576.37
12871, -16453.00, -16569.89
12875, -16444.00, -16563.49
12880, -16439.00, -16556.19
12886, -16433.00, -16547.98
12890, -16423.00, -16541.06
12895, -16414.00, -16534.71
12900, -16408.00, -16527.35
12905, -16399.00, -16518.62
12910, -16393.00, -16511.54
12916, -16386.00, -16503.19
12921, -16379.00, -16495.69
12925, -16371.00, -16489.31
12930, -16364.00, -16482.16
12936, -16357.00, -16473.81
12940, -16348.00, -16467.05
12945, -16341.00, -16460.59
12950, -16334.00, -16452.10
12956, -16326.00, -16444.01
12962, -16321.00, -16435.41
12966, -16312.00, -16428.27
12971, -16305.00, -16422.07
12976, -16300.00, -16414.66
12980, -16291.00, -16407.79
12985, -16284.00, -16401.02
12990, -16276.00, -16394.19
12994, -16270.00, -16387.39
12999, -16264.00, -16381.11
13003, -16258.00, -16374.13
13008, -16255.00, -16367.91
13012, -16247.00, -16361.77
13016, -16241.00, -16355.62
13021, -16234.00, -16349.39
13025, -16227.00, -16343.19
13029, -16220.00, -16336.91
13033, -16216.00, -16330.69
13038, -16208.00, -16323.28
13043, -16202.00, -16316.41
13048, -16194.00, -16309.15
13053, -16189.00, -16302.02
13058, -16181.00, -16295.45
13062, -16175.00, -16288.97
13067, -16168.00, -16282.09
13072, -16162.00, -16275.03
13078, -16152.00, -16266.80
13083, -16144.00, -16259.04
13088, -16139.00, -16251.79
13093, -16131.00, -16245.03
13097, -16125.00, -16238.91
13102, -16119.00, -16232.65
13106, -16111.00, -16226.38
13111, -16103.00, -16219.75
13115, -16097.00, -16213.37
13120, -16088.00, -16205.79
13124, -16085.00, -16199.52
13130, -16077.00, -16191.76
13136, -16068.00, -16183.33
13140, -16060.00, -16176.93
13146, -16052.00, -16168.39
13151, -16046.00, -16160.44
13156, -16037.00, -16153.54
13160, -16033.00, -16147.19
13165, -16023.00, -16140.75
13170, -16017.00, -16133.69
13174, -16010.00, -16127.02
13179, -16005.00, -16120.19
13184, -15998.00, -16112.80
13189, -15992.00, -16105.75
13193, -15985.00, -16099.60
13198, -15979.00, -16093.40
13202, -15971.00, -16087.11
13206, -15965.00, -16080.75
13211, -15956.00, -16074.33
13215, -15949.00, -16067.23
13220, -15943.00, -16060.10
13224, -15937.00, -16053.83
13230, -15931.00, -16046.34
13234, -15923.00, -16039.24
13239, -15918.00, -16032.14
13244, -15910.00, -16025.19
13249, -15902.00, -16017.83
13254, -15895.00, -16010.71
13259, -15888.00, -16004.16
13264, -15880.00, -15995.80
13269, -15871.00, -15988.53
13274, -15868.00, -15982.10
13279, -15860.00, -15974.73
13283, -15855.00, -15968.55
13288, -15845.00, -15961.08
13294, -15838.00, -15953.57
13299, -15830.00, -15945.31
13305, -15819.00, -15937.00
13309, -15815.00, -15930.45
13314, -15806.00, -15923.29
13319, -15799.00, -15915.72
13324, -15794.00, -15909.35
13328, -15788.00, -15903.11
13334, -15779.00, -15894.72
13339, -15772.00, -15887.96
13344, -15763.00, -15879.64
13349, -15754.00, -15871.94
13354, -15749.00, -15865.44
13360, -15740.00, -15857.08
13365, -15733.00, -15849.55
13369, -15725.00, -15842.79
13375, -15717.00, -15834.34
13381, -15706.00, -15825.20
13386, -15699.00, -15818.25
13390, -15695.00, -15811.58
13396, -15687.00, -15803.70
13400, -15681.00, -15797.38
13405, -15675.00, -15790.54
13409, -15668.00, -15783.87
13414, -15662.00, -15776.90
13419, -15655.00, -15770.15
13423, -15647.00, -15763.89
13428, -15640.00, -15757.06
13432, -15633.00, -15750.48
13437, -15626.00, -15743.90
13441, -15619.00, -15737.45
13447, -15612.00, -15728.98
13452, -15604.00, -15721.35
13456, -15596.00, -15714.53
13461, -15590.00, -15707.40
13466, -15582.00, -15700.36
13471, -15575.00, -15693.37
13476, -15567.00, -15684.96
13481, -15561.00, -15678.44
13486, -15555.00, -15671.24
13490, -15547.00, -15664.81
13495, -15541.00, -15657.08
13500, -15535.00, -15650.64
13505, -15527.00, -15643.54
13510, -15520.00, -15636.07
13514, -15514.00, -15629.58
13519, -15508.00, -15622.98
13523, -15499.00, -15616.29
13529, -15490.00, -15608.58
13533, -15485.00, -15602.30
13538, -15477.00, -15594.81
13543, -15469.00, -15587.53
13548, -15462.00, -15579.83
13554, -15454.00, -15571.24
13558, -15446.00, -15564.35
13564, -15438.00, -15556.55
13569, -15431.00, -15549.10
13573, -15423.00, -15542.62
13578, -15417.00, -15535.74
13583, -15409.00, -15528.28
13588, -15400.00, -15520.66
13592, -15392.00, -15513.70
13597, -15386.00, -15506.15
13602, -15378.00, -15499.11
13606, -15371.00, -15492.10
13611, -15364.00, -15484.88
13616, -15358.00, -15477.37
13620, -15353.00, -15470.89
13625, -15348.00, -15464.51
13629, -15341.00, -15458.20
13633, -15334.00, -15451.79
13638, -15328.00, -15444.71
13644, -15317.00, -15436.61
13649, -15311.00, -15429.23
13654, -15305.00, -15420.95
13659, -15297.00, -15413.47
13664, -15289.00, -15406.14
13669, -15283.00, -15399.08
13674, -15275.00, -15392.46
13678, -15266.00, -15385.34
13684, -15259.00, -15377.14
13688, -15254.00, -15370.55
13694, -15245.00, -15361.96
13699, -15238.00, -15355.59
13704, -15231.00, -15348.16
13708, -15223.00, -15341.30
13714, -15214.00, -15332.88
13719, -15211.00, -15325.26
13724, -15200.00, -15317.84
13729, -15192.00, -15310.58
13733, -15187.00, -15304.18
13738, -15177.00, -15297.37
13742, -15171.00, -15290.92
13747, -15164.00, -15284.12
13751, -15160.00, -15277.73
13755, -15153.00, -15271.30
13760, -15145.00, -15264.73
13765, -15139.00, -15257.22
13769, -15133.00, -15250.70
13774, -15124.00, -15244.00
13779, -15116.00, -15236.55
13783, -15111.00, -15230.08
13788, -15104.00, -15223.12
13793, -15096.00, -15215.53
13797, -15088.00, -15208.29
13803, -15080.00, -15200.54
13808, -15073.00, -15192.97
13813, -15066.00, -15184.43
13818, -15058.00, -15177.58
13822, -15050.00, -15170.79
13828, -15043.00, -15162.47
13833, -15038.00, -15155.20
13838, -15028.00, -15147.67
13844, -15021.00, -15139.13
13848, -15013.00, -15132.19
13853, -15006.00, -15124.84
13858, -14998.00, -15117.47
13863, -14991.00, -15110.44
13868, -14984.00, -15102.85
13873, -14976.00, -15094.98
13878, -14969.00, -15087.34
13883, -14961.00, -15080.06
13888, -14952.00, -15072.21
13893, -14946.00, -15064.43
13898, -14939.00, -15057.31
13904, -14929.00, -15049.11
13909, -14922.00, -15041.67
13914, -14916.00, -15034.27
13919, -14909.00, -15026.38
13924, -14901.00, -15018.27
13929, -14894.00, -15011.66
13934, -14885.00, -15003.43
13939, -14880.00, -14996.89
13943, -14870.00, -14990.38
13948, -14864.00, -14983.40
13954, -14856.00, -14974.88
13958, -14848.00, -14967.87
13963, -14841.00, -14960.36
13968, -14833.00, -14952.60
13973, -14828.00, -14946.15
13977, -14821.00, -14939.51
13982, -14813.00, -14931.83
13987, -14805.00, -14924.23
13993, -14795.00, -14915.60
13998, -14788.00, -14908.68
14003, -14780.00, -14900.08
14008, -14771.00, -14892.81
14014, -14768.00, -14884.27
14020, -14758.00, -14875.29
14025, -14751.00, -14868.40
14029, -14742.00, -14861.35
14035, -14737.00, -14852.94
14040, -14727.00, -14846.37
14045, -14720.00, -14838.91
14050, -14712.00, -14831.43
14054, -14705.00, -14824.49
14059, -14698.00, -14817.27
14064, -14688.00, -14809.44
14069, -14683.00, -14801.87
14074, -14674.00, -14794.39
14079, -14666.00, -14787.02
14084, -14659.00, -14779.54
14088, -14652.00, -14772.81
14093, -14645.00, -14765.64
14098, -14639.00, -14758.81
14103, -14631.00, -14751.27
14108, -14623.00, -14743.72
14112, -14616.00, -14737.13
14116, -14613.00, -14730.45
14121, -14604.00, -14723.42
14127, -14595.00, -14714.81
14132, -14587.00, -14707.21
14137, -14579.00, -14699.78
14143, -14569.00, -14691.01
14148, -14561.00, -14682.98
14153, -14554.00, -14675.16
14158, -14548.00, -14668.12
14163, -14537.00, -14659.87
14168, -14531.00, -14652.44
14173, -14523.00, -14645.13
14178, -14516.00, -14637.31
14182, -14510.00, -14630.80
14186, -14500.00, -14623.84
14192, -14495.00, -14616.06
14196, -14487.00, -14609.25
14201, -14481.00, -14601.96
14205, -14472.00, -14595.31
14210, -14466.00, -14588.21
14216, -14458.00, -14578.90
14221, -14448.00, -14571.63
14225, -14441.00, -14564.13
14231, -14432.00, -14555.28
14236, -14423.00, -14547.20
14242, -14415.00, -14538.71
14246, -14408.00, -14532.08
14250, -14400.00, -14525.32
14256, -14393.00, -14517.13
14260, -14384.00, -14510.41
14264, -14379.00, -14503.63
14269, -14369.00, -14496.40
14273, -14367.00, -14489.69
14277, -14360.00, -14482.69
14282, -14352.00, -14475.24
14287, -14346.00, -14467.79
14291, -14338.00, -14461.19
14296, -14332.00, -14454.44
14300, -14324.00, -14447.17
14305, -14317.00, -14440.33
14309, -14310.00, -14433.64
14314, -14303.00, -14426.05
14319, -14297.00, -14419.15
14323, -14291.00, -14412.35
14329, -14282.00, -14403.65
14334, -14275.00, -14395.54
14339, -14267.00, -14388.71
14343, -14261.00, -14381.27
14348, -14255.00, -14374.76
14353, -14250.00, -14367.29
14359, -14237.00, -14358.32
14364, -14231.00, -14350.75
14368, -14225.00, -14344.15
14374, -14215.00, -14335.56
14378, -14210.00, -14328.64
14383, -14202.00, -14321.17
14388, -14197.00, -14314.67
14392, -14190.00, -14308.20
14397, -14183.00, -14301.06
14401, -14178.00, -14294.56
14406, -14170.00, -14288.23
14410, -14162.00, -14281.24
14415, -14155.00, -14274.22
14420, -14148.00, -14267.11
14424, -14142.00, -14260.33
14429, -14134.00, -14253.11
14434, -14130.00, -14246.25
14438, -14125.00, -14239.75
14443, -14116.00, -14232.49
14449, -14107.00, -14224.27
14453, -14101.00, -14217.88
14458, -14097.00, -14210.69
14463, -14090.00, -14203.50
14468, -14085.00, -14197.28
14472, -14076.00, -14190.40
14477, -14071.00, -14183.47
14482, -14065.00, -14177.30
14487, -14057.00, -14170.25
14492, -14051.00, -14163.29
14497, -14044.00, -14155.67
14502, -14037.00, -14148.36
14507, -14032.00, -14141.68
14511, -14024.00, -14135.60
14516, -14017.00, -14129.37
14520, -14011.00, -14123.31
14526, -14003.00, -14115.32
14530, -13996.00, -14109.06
14536, -13986.00, -14101.35
14540, -13979.00, -14094.42
14545, -13975.00, -14088.11
14550, -13965.00, -14079.93
14555, -13958.00, -14073.16
14560, -13954.00, -14066.38
14564, -13949.00, -14060.32
14569, -13941.00, -14053.16
14574, -13932.00, -14046.22
14580, -13923.00, -14038.17
14585, -13916.00, -14031.10
14590, -13909.00, -14023.33
14595, -13902.00, -14016.48
14600, -13893.00, -14009.01
14605, -13888.00, -14002.18
14609, -13879.00, -13995.30
14614, -13873.00, -13987.97
14619, -13867.00, -13981.29
14624, -13860.00, -13974.67
14629, -13853.00, -13966.64
14635, -13843.00, -13958.54
14640, -13836.00, -13951.63
14645, -13829.00, -13944.34
14650, -13821.00, -13937.38
14654, -13815.00, -13931.10
14659, -13809.00, -13923.89
14664, -13803.00, -13917.02
14668, -13794.00, -13910.48
14673, -13790.00, -13904.00
14677, -13782.00, -13897.11
14683, -13775.00, -13889.22
14687, -13769.00, -13882.85
14693, -13762.00, -13874.93
14698, -13754.00, -13868.20
14702, -13746.00, -13861.29
14707, -13738.00, -13854.51
14712, -13732.00, -13847.56
14716, -13724.00, -13841.05
14721, -13718.00, -13834.52
14725, -13713.00, -13828.34
14729, -13708.00, -13822.03
14734, -13702.00, -13815.77
14738, -13695.00, -13809.59
14743, -13689.00, -13802.72
14747, -13682.00, -13796.36
14752, -13674.00, -13789.33
14757, -13670.00, -13782.63
14761, -13659.00, -13775.98
14766, -13653.00, -13769.08
14770, -13647.00, -13762.64
14775, -13641.00, -13755.77
14780, -13633.00, -13748.70
14784, -13629.00, -13742.56
14790, -13620.00, -13734.97
14795, -13613.00, -13727.79
14799, -13607.00, -13721.07
14804, -13601.00, -13714.67
14809, -13594.00, -13707.30
14814, -13588.00, -13700.42
14818, -13581.00, -13694.07
14823, -13574.00, -13687.91
14827, -13567.00, -13681.57
14832, -13558.00, -13674.69
14836, -13552.00, -13667.99
14841, -13545.00, -13661.13
14846, -13537.00, -13654.06
14850, -13534.00, -13647.86
14855, -13528.00, -13641.27
14860, -13521.00, -13634.38
14864, -13514.00, -13627.91
14869, -13507.00, -13621.47
14874, -13499.00, -13613.33
14879, -13494.00, -13606.60
14884, -13485.00, -13599.51
14889, -13479.00, -13592.60
14894, -13470.00, -13585.58
14899, -13465.00, -13578.51
14903, -13458.00, -13572.40
14908, -13449.00, -13565.55
14912, -13443.00, -13559.21
14917, -13436.00, -13551.99
14922, -13428.00, -13543.97
14927, -13423.00, -13537.62
14932, -13414.00, -13530.37
14936, -13407.00, -13523.96
14940, -13402.00, -13517.71
14946, -13392.00, -13509.91
14950, -13388.00, -13503.07
14955, -13383.00, -13496.87
14959, -13377.00, -13490.38
14964, -13369.00, -13483.23
14969, -13361.00, -13476.87
14974, -13354.00, -13468.90
14978, -13347.00, -13462.69
14984, -13340.00, -13454.55
14990, -13330.00, -13446.28
14995, -13324.00, -13439.10
15000, -13314.00, -13431.08
15006, -13306.00, -13422.40
15011, -13299.00, -13415.57
15016, -13288.00, -13407.42
15021, -13284.00, -13400.65
15026, -13278.00, -13393.62
15031, -13267.00, -13385.19
15036, -13263.00, -13378.29
15042, -13252.00, -13370.00
15046, -13247.00, -13363.72
15051, -13238.00, -13356.25
15056, -13233.00, -13349.57
15060, -13227.00, -13342.76
15065, -13219.00, -13335.22
15070, -13213.00, -13328.74
15075, -13206.00, -13321.40
15080, -13199.00, -13313.94
15085, -13191.00, -13306.64
15091, -13180.00, -13298.20
15096, -13172.00, -13290.49
15101, -13163.00, -13282.88
15106, -13157.00, -13275.59
15111, -13149.00, -13268.08
15116, -13140.00, -13260.28
15121, -13134.00, -13253.22
15125, -13129.00, -13246.42
15130, -13122.00, -13239.11
15135, -13113.00, -13231.82
15141, -13105.00, -13223.57
15146, -13098.00, -13216.01
15151, -13089.00, -13209.11
15155, -13084.00, -13201.82
15160, -13076.00, -13194.54
15166, -13068.00, -13186.53
15170, -13061.00, -13179.38
15175, -13053.00, -13172.55
15180, -13046.00, -13165.54
15184, -13039.00, -13158.79
15189, -13033.00, -13151.07
15195, -13023.00, -13142.49
15200, -13016.00, -13135.62
15205, -13010.00, -13127.85
15210, -12999.00, -13120.25
15215, -12993.00, -13112.54
15220, -12984.00, -13105.55
15225, -12980.00, -13098.24
15230, -12970.00, -13090.69
15234, -12965.00, -13083.50
15239, -12955.00, -13075.94
15245, -12949.00, -13068.16
15249, -12940.00, -13061.09
15254, -12933.00, -13053.35
15260, -12924.00, -13044.58
15265, -12916.00, -13037.17
15269, -12910.00, -13030.57
15274, -12902.00, -13023.97
15278, -12894.00, -13016.93
15283, -12886.00, -13009.17
15288, -12878.00, -13001.69
15294, -12871.00, -12992.49
15300, -12863.00, -12983.79
15304, -12856.00, -12977.00
15310, -12848.00, -12968.04
15315, -12839.00, -12960.79
15319, -12834.00, -12954.25
15323, -12825.00, -12947.77
15328, -12818.00, -12941.18
15332, -12812.00, -12934.67
15336, -12807.00, -12928.04
15341, -12800.00, -12921.51
15345, -12794.00, -12914.78
15350, -12785.00, -12907.28
15355, -12779.00, -12899.84
15359, -12772.00, -12893.35
15364, -12764.00, -12885.82
15368, -12756.00, -12879.15
15373, -12749.00, -12871.52
15377, -12741.00, -12864.92
15383, -12733.00, -12856.94
15387, -12729.00, -12850.33
15392, -12720.00, -12842.70
15397, -12715.00, -12835.52
15401, -12708.00, -12828.40
15406, -12700.00, -12821.52
15412, -12692.00, -12812.27
15416, -12683.00, -12805.47
15421, -12678.00, -12797.90
15427, -12669.00, -12789.67
15432, -12660.00, -12781.92
15436, -12654.00, -12775.16
15441, -12648.00, -12768.61
15445, -12638.00, -12761.13
15450, -12631.00, -12753.63
15456, -12626.00, -12745.45
15462, -12617.00, -12736.69
15466, -12608.00, -12729.85
15471, -12601.00, -12722.55
15476, -12592.00, -12715.11
15482, -12585.00, -12706.15
15486, -12577.00, -12699.26
15490, -12570.00, -12692.70
15495, -12563.00, -12685.22
15500, -12555.00, -12677.71
15505, -12550.00, -12670.03
15510, -12540.00, -12662.12
15516, -12533.00, -12653.82
15520, -12526.00, -12647.09
15525, -12519.00, -12639.69
15530, -12510.00, -12632.21
15534, -12505.00, -12625.20
15540, -12497.00, -12616.48
15545, -12489.00, -12609.11
15550, -12481.00, -12601.20
15555, -12473.00, -12593.86
15561, -12466.00, -12584.68
15566, -12459.00, -12578.07
15571, -12450.00, -12570.36
15576, -12442.00, -12562.99
15580, -12435.00, -12556.42
15585, -12427.00, -12549.27
15590, -12421.00, -12541.97
15594, -12414.00, -12534.46
15599, -12407.00, -12526.89
15604, -12399.00, -12519.54
15609, -12391.00, -12512.93
15613, -12385.00, -12505.67
15618, -12380.00, -12499.16
15623, -12372.00, -12491.76
15627, -12368.00, -12485.01
15633, -12356.00, -12475.75
15638, -12347.00, -12468.20
15643, -12343.00, -12461.27
15648, -12336.00, -12454.23
15653, -12328.00, -12446.99
15658, -12318.00, -12438.29
15664, -12311.00, -12430.66
15668, -12305.00, -12423.40
15674, -12297.00, -12414.98
15681, -12286.00, -12404.57
15685, -12279.00, -12397.92
15690, -12273.00, -12391.36
15696, -12265.00, -12382.51
15701, -12257.00, -12375.41
15706, -12250.00, -12367.72
15710, -12242.00, -12361.29
15715, -12235.00, -12354.12
15719, -12228.00, -12347.62
15724, -12223.00, -12341.00
15729, -12216.00, -12333.74
15733, -12208.00, -12326.55
15738, -12203.00, -12320.01
15743, -12196.00, -12312.83
15748, -12190.00, -12305.76
15752, -12183.00, -12299.51
15756, -12177.00, -12292.76
15761, -12168.00, -12285.95
15766, -12161.00, -12279.03
15771, -12156.00, -12271.97
15775, -12147.00, -12265.61
15780, -12140.00, -12258.42
15784, -12133.00, -12251.70
15789, -12128.00, -12244.53
15794, -12120.00, -12236.89
15799, -12112.00, -12229.49
15804, -12104.00, -12222.00
15810, -12097.00, -12214.11
15815, -12088.00, -12205.89
15820, -12082.00, -12199.56
15824, -12074.00, -12192.33
15829, -12068.00, -12185.09
15834, -12060.00, -12178.41
15838, -12056.00, -12171.71
15843, -12048.00, -12164.40
15849, -12040.00, -12156.74
15853, -12035.00, -12150.36
15858, -12028.00, -12142.64
15864, -12018.00, -12134.55
15868, -12011.00, -12128.01
15873, -12005.00, -12120.68
15879, -11994.00, -12112.77
15883, -11988.00, -12105.99
15889, -11979.00, -12097.51
15894, -11971.00, -12089.63
15900, -11962.00, -12081.81
15905, -11957.00, -12074.37
15910, -11949.00, -12065.98
15915, -11938.00, -12059.10
15921, -11933.00, -12050.34
15925, -11924.00, -12043.47
15930, -11917.00, -12037.00
15934, -11912.00, -12030.37
15939, -11907.00, -12023.68
15943, -11900.00, -12017.21
15947, -11892.00, -12010.90
15952, -11885.00, -12004.40
15957, -11877.00, -11995.74
15963, -11868.00, -11987.05
15968, -11861.00, -11980.36
15972, -11857.00, -11973.93
15977, -11846.00, -11967.17
15982, -11841.00, -11958.69
15987, -11834.00, -11951.79
15992, -11825.00, -11944.23
15997, -11816.00, -11936.78
16001, -11810.00, -11930.05
16006, -11802.00, -11923.31
16011, -11797.00, -11915.84
16015, -11789.00, -11909.12
16020, -11796.00, -11902.45
16024, -11803.00, -11896.90
16029, -11809.00, -11891.53
16034, -11814.00, -11887.02
16038, -11823.00, -11883.43
16043, -11829.00, -11879.83
16048, -11835.00, -11877.12
16052, -11842.00, -11875.07
16057, -11848.00, -11873.39
16062, -11858.00, -11872.03
16067, -11863.00, -11871.41
16072, -11871.00, -11871.11
16077, -11878.00, -11871.31
16082, -11883.00, -11871.92
16088, -11892.00, -11872.93
16092, -11899.00, -11874.23
16098, -11906.00, -11876.17
16103, -11915.00, -11878.10
16108, -11919.00, -11880.45
16113, -11928.00, -11883.36
16118, -11932.00, -11885.86
16122, -11941.00, -11888.62
16127, -11948.00, -11892.06
16132, -11955.00, -11895.75
16137, -11960.00, -11898.99
16141, -11966.00, -11902.63
16145, -11972.00, -11906.10
16150, -11979.00, -11909.71
16154, -11983.00, -11913.48
16158, -11987.00, -11917.24
16164, -11998.00, -11922.12
16168, -12004.00, -11926.26
16173, -12010.00, -11931.02
16178, -12017.00, -11936.74
16183, -12023.00, -11941.77
16189, -12030.00, -11947.08
16193, -12037.00, -11952.03
16199, -12046.00, -11957.97
16204, -12051.00, -11963.37
16209, -12060.00, -11968.86
16214, -12066.00, -11975.02
16220, -12074.00, -11981.75
16224, -12080.00, -11986.83
16230, -12087.00, -11993.20
16234, -12092.00, -11998.45
16240, -12101.00, -12005.25
16244, -12106.00, -12010.44
16248, -12112.00, -12015.67
16253, -12119.00, -12021.75
16258, -12126.00, -12027.06
16262, -12136.00, -12032.69
16266, -12139.00, -12038.24
16272, -12148.00, -12045.48
16277, -12156.00, -12052.19
16282, -12161.00, -12057.72
16286, -12166.00, -12063.49
16291, -12176.00, -12070.62
16297, -12183.00, -12077.57
16301, -12189.00, -12083.36
16306, -12195.00, -12089.33
16310, -12203.00, -12095.68
16315, -12209.00, -12101.63
16319, -12214.00, -12107.60
16324, -12220.00, -12113.67
16328, -12227.00, -12119.45
16332, -12233.00, -12125.53
16337, -12240.00, -12131.34
16341, -12244.00, -12137.08
16345, -12250.00, -12142.85
16350, -12256.00, -12148.60
16355, -12263.00, -12155.28
16359, -12270.00, -12161.30
16363, -12275.00, -12167.14
16368, -12284.00, -12173.48
16373, -12289.00, -12180.91
16378, -12297.00, -12186.79
16382, -12303.00, -12192.78
16387, -12312.00, -12199.80
16392, -12318.00, -12206.45
16396, -12322.00, -12212.37
16400, -12328.00, -12218.33
16404, -12333.00, -12224.21
16409, -12340.00, -12230.08
16413, -12348.00, -12236.56
16418, -12355.00, -12243.20
16423, -12361.00, -12249.56
16428, -12367.00, -12256.41
16432, -12375.00, -12263.14
16438, -12383.00, -12270.33
16443, -12389.00, -12277.55
16448, -12398.00, -12285.25
16453, -12403.00, -12291.74
16457, -12411.00, -12297.78
16462, -12416.00, -12305.14
16467, -12424.00, -12311.37
16471, -12429.00, -12317.55
16476, -12436.00, -12324.40
16481, -12444.00, -12331.46
16485, -12450.00, -12337.87
16490, -12457.00, -12344.91
16496, -12466.00, -12352.95
16501, -12471.00, -12359.22
16505, -12476.00, -12365.70
16510, -12484.00, -12372.66
16515, -12491.00, -12379.18
16520, -12500.00, -12386.13
16525, -12507.00, -12392.88
16530, -12515.00, -12400.80
16534, -12520.00, -12407.16
16540, -12531.00, -12415.03
16544, -12536.00, -12421.39
16549, -12542.00, -12427.74
16553, -12548.00, -12433.92
16559, -12557.00, -12442.49
16564, -12564.00, -12449.28
16569, -12572.00, -12456.42
16574, -12580.00, -12464.21
16579, -12586.00, -12471.93
16584, -12594.00, -12478.39
16589, -12600.00, -12485.74
16593, -12608.00, -12491.99
16598, -12614.00, -12498.78
16603, -12621.00, -12505.58
16608, -12631.00, -12513.26
16613, -12637.00, -12521.00
16618, -12644.00, -12528.21
16624, -12653.00, -12536.73
16629, -12659.00, -12544.06
16634, -12667.00, -12550.74
16639, -12674.00, -12558.28
16643, -12682.00, -12564.60
16648, -12688.00, -12571.71
16653, -12696.00, -12579.26
16659, -12704.00, -12587.40
16663, -12710.00, -12593.82
16669, -12718.00, -12602.19
16673, -12725.00, -12608.56
16678, -12732.00, -12615.54
16682, -12739.00, -12622.25
16687, -12744.00, -12628.45
16692, -12752.00, -12636.22
16696, -12757.00, -12642.45
16701, -12762.00, -12649.17
16707, -12772.00, -12657.30
16712, -12779.00, -12664.69
16716, -12786.00, -12670.92
16722, -12794.00, -12678.65
16726, -12800.00, -12685.59
16732, -12809.00, -12693.16
16737, -12817.00, -12701.36
16742, -12821.00, -12708.27
16747, -12832.00, -12716.07
16752, -12837.00, -12722.82
16757, -12844.00, -12729.79
16762, -12853.00, -12737.50
16767, -12859.00, -12744.58
16772, -12868.00, -12751.91
16777, -12873.00, -12758.58
16782, -12879.00, -12765.55
16787, -12887.00, -12772.66
16792, -12892.00, -12779.50
16796, -12896.00, -12785.53
16800, -12905.00, -12791.63
16805, -12911.00, -12797.81
16810, -12918.00, -12806.04
16815, -12925.00, -12812.17
16820, -12934.00, -12819.65
16825, -12940.00, -12827.37
16831, -12946.00, -12834.73
16836, -12955.00, -12841.75
16840, -12960.00, -12848.29
16845, -12969.00, -12855.78
16850, -12975.00, -12862.23
16855, -12982.00, -12868.58
16860, -12987.00, -12876.80
16865, -12997.00, -12882.99
16869, -13003.00, -12889.46
16874, -13010.00, -12896.02
16879, -13019.00, -12904.05
16884, -13026.00, -12911.30
16890, -13033.00, -12919.66
16895, -13039.00, -12926.74
16900, -13047.00, -12933.53
16904, -13054.00, -12939.58
16909, -13061.00, -12945.85
16913, -13067.00, -12952.15
16917, -13074.00, -12958.50
16922, -13079.00, -12965.54
16927, -13086.00, -12972.70
16932, -13092.00, -12979.48
16937, -13100.00, -12986.43
16942, -13108.00, -12993.65
16947, -13115.00, -13000.98
16952, -13121.00, -13007.49
16957, -13129.00, -13015.48
16964, -13140.00, -13024.49
16968, -13147.00, -13031.49
16973, -13154.00, -13038.22
16978, -13160.00, -13045.61
16983, -13164.00, -13051.98
16988, -13172.00, -13059.54
16992, -13179.00, -13065.74
16997, -13185.00, -13072.41
17002, -13192.00, -13079.40
17007, -13200.00, -13086.43
17012, -13207.00, -13093.53
17017, -13213.00, -13100.27
17021, -13221.00, -13107.05
17026, -13227.00, -13113.24
17030, -13234.00, -13119.98
17035, -13242.00, -13127.25
17041, -13250.00, -13135.52
17046, -13256.00, -13142.46
17051, -13263.00, -13149.76
17057, -13270.00, -13157.96
17062, -13279.00, -13165.65
17068, -13288.00, -13174.06
17073, -13296.00, -13180.73
17079, -13305.00, -13189.39
17084, -13313.00, -13196.65
17089, -13320.00, -13203.88
17095, -13327.00, -13212.23
17100, -13335.00, -13219.54
17104, -13341.00, -13225.77
17108, -13347.00, -13232.00
17113, -13353.00, -13238.63
17118, -13360.00, -13245.67
17122, -13366.00, -13251.90
17127, -13373.00, -13259.22
17132, -13379.00, -13265.52
17136, -13389.00, -13271.76
17141, -13396.00, -13279.08
17147, -13401.00, -13287.38
17151, -13409.00, -13294.10
17156, -13416.00, -13300.94
17162, -13424.00, -13309.15
17166, -13431.00, -13315.46
17170, -13440.00, -13321.79
17176, -13445.00, -13330.65
17181, -13452.00, -13337.12
17186, -13460.00, -13344.04
17191, -13466.00, -13351.36
17197, -13474.00, -13359.70
17202, -13481.00, -13367.14
17206, -13487.00, -13373.20
17210, -13496.00, -13379.42
17215, -13503.00, -13385.85
17219, -13508.00, -13392.17
17223, -13513.00, -13398.43
17228, -13519.00, -13404.51
17232, -13525.00, -13410.77
17237, -13532.00, -13417.92
17242, -13539.00, -13424.72
17246, -13546.00, -13431.64
17252, -13554.00, -13439.17
17257, -13562.00, -13446.42
17262, -13568.00, -13453.59
17266, -13574.00, -13459.83
17271, -13585.00, -13467.08
17277, -13591.00, -13475.53
17281, -13595.00, -13481.87
17287, -13604.00, -13489.55
17292, -13610.00, -13497.09
17297, -13619.00, -13504.09
17302, -13625.00, -13511.26
17308, -13634.00, -13519.84
17312, -13639.00, -13526.07
17317, -13646.00, -13532.48
17322, -13654.00, -13539.59
17327, -13663.00, -13546.88
17331, -13667.00, -13553.62
17336, -13675.00, -13560.08
17340, -13681.00, -13566.93
17345, -13691.00, -13573.32
17349, -13693.00, -13579.55
17354, -13699.00, -13585.83
17358, -13706.00, -13592.45
17363, -13714.00, -13599.18
17368, -13722.00, -13606.81
17373, -13727.00, -13613.08
17377, -13735.00, -13619.85
17382, -13739.00, -13626.49
17387, -13748.00, -13634.26
17392, -13755.00, -13640.61
17397, -13763.00, -13647.59
17402, -13772.00, -13655.02
17407, -13778.00, -13662.93
17411, -13786.00, -13669.25
17417, -13794.00, -13677.87
17422, -13801.00, -13684.34
17427, -13809.00, -13691.82
17431, -13816.00, -13698.28
17436, -13822.00, -13705.47
17441, -13830.00, -13712.23
17445, -13836.00, -13718.60
17449, -13841.00, -13724.96
17454, -13847.00, -13731.39
17458, -13854.00, -13737.66
17463, -13860.00, -13744.11
17468, -13868.00, -13751.87
17472, -13875.00, -13758.06
17477, -13882.00, -13764.83
17481, -13891.00, -13771.18
17485, -13897.00, -13777.85
17490, -13903.00, -13784.19
17494, -13908.00, -13791.29
17499, -13914.00, -13797.50
17504, -13923.00, -13804.75
17509, -13929.00, -13812.51
17513, -13937.00, -13819.21
17518, -13944.00, -13826.00
17523, -13950.00, -13833.22
17528, -13959.00, -13840.63
17533, -13963.00, -13847.80
17537, -13971.00, -13854.56
17542, -13979.00, -13861.59
17547, -13988.00, -13868.66
17551, -13994.00, -13875.27
17557, -14001.00, -13883.86
17562, -14006.00, -13890.32
17566, -14014.00, -13897.23
17571, -14021.00, -13903.94
17576, -14030.00, -13911.37
17581, -14035.00, -13918.38
17585, -14043.00, -13925.39
17591, -14050.00, -13933.00
17596, -14057.00, -13940.68
17600, -14064.00, -13947.36
17605, -14071.00, -13954.25
17610, -14079.00, -13962.03
17615, -14084.00, -13968.48
17620, -14093.00, -13975.75
17625, -14100.00, -13984.18
17630, -14107.00, -13991.11
17635, -14114.00, -13998.37
17640, -14122.00, -14005.29
17645, -14129.00, -14012.09
17650, -14137.00, -14020.29
17656, -14145.00, -14029.30
17661, -14153.00, -14035.80
17665, -14159.00, -14042.55
17670, -14165.00, -14049.25
17675, -14172.00, -14056.03
17679, -14179.00, -14062.87
17684, -14187.00, -14070.14
17690, -14195.00, -14078.32
17694, -14201.00, -14084.86
17699, -14205.00, -14091.50
17705, -14215.00, -14099.97
17710, -14225.00, -14107.81
17715, -14230.00, -14114.72
17720, -14238.00, -14122.14
17725, -14246.00, -14128.93
17730, -14251.00, -14135.98
17734, -14258.00, -14142.19
17738, -14266.00, -14148.60
17743, -14273.00, -14155.01
17747, -14280.00, -14161.51
17752, -14286.00, -14168.47
17756, -14292.00, -14175.35
17762, -14302.00, -14183.27
17766, -14309.00, -14190.36
17771, -14314.00, -14196.93
17776, -14321.00, -14204.30
17780, -14326.00, -14210.90
17785, -14335.00, -14217.90
17790, -14341.00, -14224.94
17795, -14349.00, -14232.08
17800, -14357.00, -14239.23
17805, -14364.00, -14246.56
17810, -14369.00, -14253.73
17814, -14379.00, -14260.36
17819, -14384.00, -14267.53
17824, -14393.00, -14275.60
17829, -14399.00, -14282.99
17834, -14408.00, -14289.89
17839, -14414.00, -14297.36
17844, -14422.00, -14304.62
17850, -14429.00, -14313.26
17856, -14437.00, -14321.48
17862, -14447.00, -14330.69
17866, -14456.00, -14337.18
17871, -14459.00, -14343.44
17876, -14467.00, -14350.62
17880, -14472.00, -14357.06
17884, -14478.00, -14363.22
17889, -14486.00, -14369.45
17893, -14491.00, -14375.63
17897, -14498.00, -14381.88
17902, -14504.00, -14388.66
17906, -14512.00, -14395.48
17911, -14516.00, -14401.85
17915, -14522.00, -14408.42
17920, -14529.00, -14414.79
17925, -14537.00, -14422.04
17930, -14541.00, -14428.63
17934, -14548.00, -14435.49
17939, -14555.00, -14442.54
17945, -14563.00, -14450.19
17950, -14570.00, -14456.87
17954, -14578.00, -14463.65
17959, -14584.00, -14470.98
17964, -14588.00, -14477.66
17969, -14600.00, -14484.84
17975, -14605.00, -14493.25
17980, -14614.00, -14499.89
17984, -14619.00, -14506.59
17990, -14625.00, -14514.00
17995, -14634.00, -14521.20
18000, -14640.00, -14528.28
18004, -14647.00, -14534.42
18009, -14653.00, -14541.11
18013, -14658.00, -14547.08
18018, -14667.00, -14554.06
18023, -14673.00, -14561.11
18028, -14680.00, -14568.13
18033, -14687.00, -14574.88
18038, -14694.00, -14581.86
18042, -14700.00, -14588.01
18047, -14707.00, -14594.87
18053, -14715.00, -14602.98
18057, -14721.00, -14609.30
18062, -14728.00, -14616.06
18068, -14734.00, -14623.94
18073, -14742.00, -14630.66
18078, -14749.00, -14638.03
18084, -14754.00, -14645.92
18089, -14763.00, -14652.94
18094, -14770.00, -14659.56
18099, -14776.00, -14667.02
18104, -14783.00, -14673.90
18108, -14791.00, -14679.97
18113, -14796.00, -14686.10
18117, -14802.00, -14692.12
18122, -14806.00, -14698.04
18126, -14814.00, -14704.71
18131, -14820.00, -14711.14
18137, -14828.00, -14718.71
18141, -14832.00, -14724.95
18146, -14839.00, -14730.78
18150, -14844.00, -14737.02
18155, -14852.00, -14743.24
18160, -14858.00, -14750.12
18165, -14865.00, -14756.69
18169, -14872.00, -14762.79
18175, -14877.00, -14770.06
18179, -14887.00, -14776.21
18184, -14891.00, -14783.45
18189, -14899.00, -14789.85
18194, -14905.00, -14796.43
18199, -14912.00, -14804.19
18205, -14921.00, -14811.25
18210, -14926.00, -14818.76
18215, -14933.00, -14825.24
18219, -14940.00, -14831.39
18224, -14946.00, -14837.18
18228, -14953.00, -14843.70
18233, -14960.00, -14850.11
18238, -14965.00, -14857.16
18243, -14972.00, -14864.03
18248, -14978.00, -14870.38
18253, -14985.00, -14877.69
18259, -14993.00, -14884.53
18263, -15001.00, -14890.59
18268, -15007.00, -14898.27
18274, -15015.00, -14905.26
18279, -15024.00, -14912.37
18284, -15030.00, -14919.34
18289, -15034.00, -14926.58
18294, -15043.00, -14933.64
18299, -15050.00, -14940.49
18304, -15056.00, -14947.52
18310, -15063.00, -14954.82
18314, -15070.00, -14961.15
18319, -15078.00, -14967.45
18325, -15082.00, -14975.31
18329, -15091.00, -14981.57
18334, -15097.00, -14988.19
18339, -15107.00, -14995.09
18343, -15111.00, -15001.20
18348, -15119.00, -15007.51
18353, -15125.00, -15014.46
18358, -15131.00, -15022.01
18363, -15136.00, -15027.87
18368, -15143.00, -15034.59
18372, -15150.00, -15040.47
18376, -15156.00, -15046.35
18381, -15162.00, -15052.30
18385, -15167.00, -15059.08
18390, -15177.00, -15065.21
18394, -15180.00, -15071.53
18399, -15189.00, -15077.97
18405, -15196.00, -15086.04
18410, -15203.00, -15092.90
18415, -15211.00, -15099.87
18419, -15218.00, -15105.89
18424, -15225.00, -15112.91
18429, -15231.00, -15119.42
18433, -15237.00, -15125.37
18437, -15240.00, -15131.34
18442, -15246.00, -15137.68
18446, -15255.00, -15143.60
18451, -15259.00, -15149.92
18455, -15268.00, -15156.06
18460, -15274.00, -15162.42
18464, -15280.00, -15168.32
18469, -15286.00, -15175.27
18474, -15295.00, -15181.95
18478, -15301.00, -15188.37
18483, -15309.00, -15195.42
18488, -15315.00, -15202.28
18493, -15322.00, -15209.46
18498, -15330.00, -15216.85
18503, -15336.00, -15223.99
18508, -15343.00, -15230.90
18513, -15349.00, -15237.04
18517, -15355.00, -15243.37
18522, -15360.00, -15249.97
18527, -15368.00, -15257.23
18532, -15375.00, -15264.18
18537, -15382.00, -15270.29
18541, -15389.00, -15276.37
18546, -15396.00, -15283.16
18550, -15401.00, -15289.23
18554, -15410.00, -15295.29
18559, -15416.00, -15301.90
18564, -15424.00, -15309.10
18568, -15428.00, -15315.32
18574, -15438.00, -15323.23
18578, -15442.00, -15329.67
18583, -15447.00, -15336.15
18588, -15455.00, -15343.05
18593, -15463.00, -15350.51
18598, -15468.00, -15357.12
18603, -15479.00, -15365.12
18608, -15485.00, -15372.11
18613, -15492.00, -15378.62
18618, -15499.00, -15385.90
18624, -15508.00, -15393.79
18628, -15511.00, -15400.16
18633, -15521.00, -15407.39
18638, -15529.00, -15414.55
18643, -15535.00, -15421.50
18647, -15541.00, -15427.61
18652, -15547.00, -15434.17
18656, -15554.00, -15440.33
18661, -15561.00, -15446.64
18666, -15569.00, -15453.96
18670, -15575.00, -15460.50
18675, -15582.00, -15467.33
18679, -15588.00, -15473.61
18685, -15596.00, -15482.11
18690, -15603.00, -15488.62
18694, -15611.00, -15495.03
18700, -15618.00, -15502.92
18705, -15625.00, -15510.53
18710, -15631.00, -15517.08
18714, -15638.00, -15524.04
18720, -15647.00, -15531.52
18724, -15652.00, -15538.46
18729, -15657.00, -15544.53
18734, -15664.00, -15551.52
18739, -15674.00, -15558.69
18743, -15679.00, -15565.68
18749, -15688.00, -15572.97
18755, -15698.00, -15581.64
18759, -15703.00, -15587.86
18764, -15710.00, -15594.93
18768, -15714.00, -15601.28
18773, -15720.00, -15607.71
18777, -15728.00, -15614.32
18783, -15735.00, -15622.07
18787, -15746.00, -15628.57
18792, -15748.00, -15635.78
18797, -15757.00, -15642.42
18802, -15766.00, -15650.09
18807, -15771.00, -15656.28
18811, -15780.00, -15662.49
18816, -15785.00, -15669.68
18822, -15793.00, -15678.43
18830, -15807.00, -15689.79
18835, -15813.00, -15697.36
18839, -15818.00, -15703.51
18843, -15826.00, -15709.85
18848, -15829.00, -15716.38
18852, -15836.00, -15722.45
18857, -15843.00, -15729.06
18861, -15851.00, -15735.21
18866, -15857.00, -15742.23
18870, -15865.00, -15748.67
18875, -15870.00, -15755.63
18879, -15874.00, -15761.83
18884, -15882.00, -15767.98
18889, -15892.00, -15776.08
18894, -15897.00, -15782.50
18898, -15902.00, -15788.73
18903, -15909.00, -15795.62
18908, -15915.00, -15802.85
18913, -15922.00, -15809.16
18918, -15930.00, -15816.53
18923, -15938.00, -15824.32
18928, -15945.00, -15830.87
18933, -15951.00, -15837.61
18938, -15958.00, -15844.71
18943, -15966.00, -15852.58
18948, -15973.00, -15859.05
18953, -15982.00, -15866.74
18958, -15989.00, -15874.10
18963, -15994.00, -15880.62
18968, -16002.00, -15888.04
18973, -16008.00, -15895.38
18977, -16017.00, -15901.85
18982, -16023.00, -15908.68
18987, -16029.00, -15915.19
18991, -16037.00, -15921.99
18996, -16045.00, -15928.34
19000, -16050.00, -15934.55
19006, -16060.00, -15943.08
19010, -16065.00, -15949.59
19016, -16072.00, -15957.74
19022, -16081.00, -15966.17
19027, -16089.00, -15973.55
19032, -16096.00, -15980.51
19037, -16102.00, -15988.07
19042, -16110.00, -15995.30
19047, -16120.00, -16002.85
19053, -16126.00, -16011.10
19058, -16133.00, -16018.33
19062, -16141.00, -16024.62
19068, -16146.00, -16032.50
19073, -16154.00, -16039.52
19077, -16162.00, -16046.26
19083, -16168.00, -16054.22
19088, -16177.00, -16061.83
19093, -16184.00, -16068.59
19097, -16191.00, -16075.22
19102, -16198.00, -16081.65
19106, -16207.00, -16088.22
19111, -16213.00, -16094.76
19116, -16219.00, -16103.28
19122, -16229.00, -16111.09
19127, -16234.00, -16118.91
19132, -16243.00, -16126.13
19137, -16251.00, -16134.08
19142, -16257.00, -16140.90
19147, -16264.00, -16148.07
19152, -16271.00, -16154.92
19157, -16280.00, -16162.63
19161, -16287.00, -16169.02
19167, -16296.00, -16177.00
19172, -16302.00, -16185.58
19177, -16309.00, -16192.18
19183, -16316.00, -16200.63
19187, -16325.00, -16207.44
19192, -16331.00, -16215.06
19197, -16339.00, -16221.69
19201, -16347.00, -16228.19
19206, -16353.00, -16235.07
19210, -16359.00, -16241.50
19215, -16366.00, -16248.71
19220, -16372.00, -16256.34
19226, -16383.00, -16264.21
19231, -16391.00, -16271.57
19235, -16395.00, -16277.99
19239, -16402.00, -16284.38
19244, -16408.00, -16290.79
19248, -16416.00, -16297.26
19253, -16421.00, -16303.89
19259, -16429.00, -16312.60
19264, -16438.00, -16320.27
19269, -16446.00, -16327.79
19274, -16454.00, -16336.10
19280, -16461.00, -16343.83
19285, -16470.00, -16351.63
19291, -16482.00, -16360.82
19295, -16485.00, -16367.44
19300, -16493.00, -16373.76
19304, -16500.00, -16380.76
19309, -16506.00, -16387.68
19314, -16514.00, -16394.68
19318, -16519.00, -16401.59
19323, -16529.00, -16408.43
19327, -16536.00, -16414.90
19333, -16545.00, -16423.70
19338, -16553.00, -16430.94
19342, -16559.00, -16438.08
19348, -16567.00, -16447.12
19353, -16575.00, -16454.67
19358, -16583.00, -16461.27
19362, -16590.00, -16468.50
19367, -16596.00, -16476.04
19373, -16604.00, -16485.20
19378, -16612.00, -16491.90
19383, -16620.00, -16499.44
19387, -16629.00, -16505.93
19391, -16633.00, -16512.45
19396, -16641.00, -16519.54
19402, -16652.00, -16528.26
19407, -16660.00, -16536.34
19411, -16664.00, -16543.17
19417, -16673.00, -16551.06
19422, -16681.00, -16558.82
19426, -16687.00, -16565.53
19431, -16693.00, -16572.41
19436, -16701.00, -16581.18
19441, -16709.00, -16587.98
19445, -16713.00, -16594.56
19450, -16721.00, -16602.05
19456, -16730.00, -16610.06
19460, -16736.00, -16616.53
19466, -16746.00, -16625.13
19471, -16754.00, -16633.22
19476, -16762.00, -16640.52
19481, -16770.00, -16648.48
19486, -16777.00, -16656.62
19491, -16785.00, -16663.92
19496, -16793.00, -16671.81
19502, -16803.00, -16680.60
19507, -16810.00, -16688.05
19511, -16817.00, -16695.22
19516, -16827.00, -16702.90
19521, -16829.00, -16709.47
19525, -16836.00, -16716.21
19530, -16844.00, -16723.46
19535, -16852.00, -16730.27
19539, -16860.00, -16737.69
19544, -16868.00, -16744.40
19548, -16875.00, -16751.31
19554, -16884.00, -16760.14
19559, -16891.00, -16767.56
19564, -16899.00, -16775.19
19568, -16907.00, -16782.35
19573, -16914.00, -16789.77
19577, -16921.00, -16796.50
19582, -16926.00, -16803.54
19587, -16933.00, -16811.00
19591, -16941.00, -16818.44
19596, -16949.00, -16826.31
19601, -16957.00, -16833.46
19606, -16964.00, -16841.38
19611, -16972.00, -16848.88
19616, -16980.00, -16856.30
19621, -16992.00, -16865.12
19626, -16997.00, -16872.24
19630, -17002.00, -16879.23
19635, -17011.00, -16886.74
19640, -17019.00, -16893.53
19644, -17025.00, -16900.30
19648, -17036.00, -16907.14
19654, -17044.00, -16916.07
19658, -17050.00, -16923.40
19663, -17056.00, -16931.38
19668, -17067.00, -16939.22
19674, -17076.00, -16948.06
19678, -17083.00, -16955.01
19684, -17090.00, -16963.71
19688, -17099.00, -16971.03
19693, -17105.00, -16978.05
19697, -17111.00, -16985.18
19703, -17121.00, -16994.27
19707, -17125.00, -17001.28
19712, -17134.00, -17009.29
19717, -17139.00, -17015.98
19722, -17150.00, -17024.97
19727, -17158.00, -17032.41
19733, -17167.00, -17041.21
19737, -17173.00, -17048.33
19742, -17178.00, -17055.39
19747, -17186.00, -17062.64
19751, -17195.00, -17069.42
19755, -17199.00, -17076.49
19760, -17207.00, -17083.22
19766, -17215.00, -17092.63
19771, -17225.00, -17101.10
19776, -17231.00, -17108.54
19781, -17239.00, -17116.53
19786, -17246.00, -17124.41
19792, -17256.00, -17132.48
19798, -17265.00, -17141.60
19803, -17274.00, -17150.27
19808, -17279.00, -17157.18
19813, -17289.00, -17166.07
19819, -17299.00, -17174.63
19824, -17306.00, -17182.44
19829, -17312.00, -17190.35
19835, -17322.00, -17198.97
19840, -17330.00, -17206.54
19844, -17336.00, -17213.74
19850, -17343.00, -17223.15
19855, -17351.00, -17230.65
19860, -17357.00, -17237.34
19865, -17367.00, -17245.22
19870, -17373.00, -17252.31
19875, -17380.00, -17259.73
19880, -17389.00, -17267.87
19886, -17395.00, -17276.97
19891, -17402.00, -17284.45
19896, -17410.00, -17291.53
19900, -17416.00, -17298.38
19906, -17425.00, -17306.13
19910, -17430.00, -17313.07
19915, -17438.00, -17319.66
19920, -17448.00, -17327.05
19925, -17452.00, -17334.40
19930, -17461.00, -17342.54
19935, -17468.00, -17350.13
19941, -17473.00, -17358.30
19946, -17484.00, -17365.71
19951, -17490.00, -17372.83
19955, -17497.00, -17379.68
19960, -17503.00, -17387.02
19965, -17511.00, -17393.95
19970, -17518.00, -17400.78
19974, -17524.00, -17407.70
19979, -17531.00, -17414.55
19984, -17539.00, -17421.80
19990, -17546.00, -17430.49
19994, -17552.00, -17437.02
20000, -17561.00, -17445.02
20005, -17567.00, -17452.10
20009, -17574.00, -17458.46
20014, -17577.00, -17464.56
20019, -17587.00, -17472.26
20024, -17580.00, -17479.37
20029, -17572.00, -17485.44
20035, -17564.00, -17491.26
20041, -17557.00, -17495.98
20045, -17549.00, -17499.18
20051, -17542.00, -17502.36
20057, -17532.00, -17505.02
20062, -17524.00, -17506.43
20067, -17516.00, -17507.20
20072, -17512.00, -17507.60
20076, -17503.00, -17507.59
20081, -17496.00, -17507.17
20085, -17488.00, -17506.31
20090, -17479.00, -17505.09
20095, -17470.00, -17503.10
20100, -17465.00, -17500.86
20105, -17457.00, -17498.43
20110, -17450.00, -17495.83
20115, -17442.00, -17492.72
20121, -17433.00, -17489.07
20125, -17427.00, -17485.76
20130, -17420.00, -17482.03
20135, -17412.00, -17477.90
20140, -17403.00, -17473.50
20145, -17395.00, -17469.01
20151, -17389.00, -17463.75
20155, -17380.00, -17459.56
20160, -17373.00, -17454.92
20165, -17364.00, -17449.33
20170, -17357.00, -17444.19
20175, -17350.00, -17438.82
20180, -17342.00, -17433.40
20184, -17337.00, -17428.29
20188, -17332.00, -17423.28
20193, -17324.00, -17418.06
20199, -17314.00, -17410.88
20204, -17309.00, -17405.10
20208, -17302.00, -17399.66
20213, -17294.00, -17394.01
20217, -17288.00, -17388.50
20222, -17281.00, -17382.59
20226, -17272.00, -17377.05
20231, -17265.00, -17370.74
20236, -17257.00, -17364.17
20241, -17250.00, -17357.22
20246, -17241.00, -17350.55
20251, -17234.00, -17343.56
20257, -17225.00, -17335.08
20263, -17216.00, -17326.35
20269, -17205.00, -17317.97
20274, -17198.00, -17311.18
20280, -17190.00, -17303.16
20285, -17181.00, -17295.71
20290, -17171.00, -17288.59
20295, -17164.00, -17281.23
20299, -17160.00, -17274.82
20303, -17153.00, -17268.62
20308, -17149.00, -17262.40
20312, -17139.00, -17255.53
20317, -17132.00, -17249.11
20322, -17125.00, -17241.01
20327, -17116.00, -17233.99
20333, -17107.00, -17225.08
20339, -17098.00, -17216.20
20344, -17087.00, -17208.74
20349, -17082.00, -17201.40
20355, -17071.00, -17192.55
20359, -17063.00, -17185.50
20364, -17057.00, -17178.15
20370, -17050.00, -17169.48
20374, -17043.00, -17162.51
20379, -17034.00, -17155.27
20385, -17025.00, -17146.51
20390, -17017.00, -17138.41
20395, -17012.00, -17131.42
20399, -17005.00, -17124.57
20404, -16998.00, -17117.18
20409, -16992.00, -17110.64
20414, -16985.00, -17103.53
20419, -16977.00, -17094.84
20424, -16969.00, -17088.06
20429, -16962.00, -17080.95
20435, -16953.00, -17071.82
20439, -16947.00, -17065.11
20444, -16939.00, -17057.63
20450, -16929.00, -17048.85
20456, -16918.00, -17039.63
20461, -16914.00, -17032.73
20465, -16906.00, -17025.79
20470, -16900.00, -17019.07
20474, -16893.00, -17012.44
20480, -16885.00, -17003.59
20485, -16878.00, -16997.07
20490, -16874.00, -16989.64
20494, -16864.00, -16982.75
20500, -16857.00, -16974.76
20504, -16851.00, -16967.80
20509, -16846.00, -16961.47
20513, -16839.00, -16955.33
20518, -16832.00, -16948.14
20522, -16825.00, -16941.81
20527, -16817.00, -16935.20
20532, -16807.00, -16927.01
20537, -16800.00, -16920.01
20541, -16794.00, -16913.31
20546, -16786.00, -16906.04
20552, -16780.00, -16897.20
20557, -16771.00, -16890.04
20562, -16766.00, -16882.04
20568, -16757.00, -16873.93
20573, -16749.00, -16866.20
20579, -16739.00, -16857.32
20584, -16734.00, -16850.23
20589, -16727.00, -16842.83
20594, -16719.00, -16835.04
20600, -16708.00, -16826.99
20605, -16699.00, -16818.66
20611, -16691.00, -16810.48
20615, -16685.00, -16803.66
20620, -16680.00, -16796.65
20624, -16673.00, -16790.24
20629, -16665.00, -16782.85
20634, -16659.00, -16775.95
20640, -16651.00, -16768.05
20644, -16645.00, -16761.51
20648, -16639.00, -16755.24
20653, -16630.00, -16748.96
20657, -16623.00, -16742.18
20661, -16617.00, -16735.77
20666, -16610.00, -16729.36
20670, -16605.00, -16723.02
20674, -16600.00, -16716.53
20679, -16592.00, -16709.10
20684, -16587.00, -16702.37
20688, -16580.00, -16696.14
20694, -16572.00, -16688.35
20699, -16565.00, -16681.10
20703, -16559.00, -16674.31
20708, -16550.00, -16667.77
20713, -16541.00, -16660.38
20719, -16535.00, -16651.54
20724, -16528.00, -16644.20
20728, -16519.00, -16637.38
20733, -16512.00, -16630.43
20737, -16505.00, -16623.86
20742, -16498.00, -16617.30
20746, -16491.00, -16610.45
20752, -16482.00, -16601.71
20757, -16475.00, -16594.71
20762, -16468.00, -16586.33
20768, -16460.00, -16577.80
20773, -16452.00, -16570.91
20777, -16446.00, -16563.95
20782, -16437.00, -16556.77
20786, -16432.00, -16550.39
20791, -16425.00, -16543.95
20795, -16420.00, -16536.96
20800, -16413.00, -16529.73
20805, -16406.00, -16523.12
20811, -16397.00, -16514.30
20816, -16390.00, -16507.30
20821, -16380.00, -16498.92
20827, -16372.00, -16490.60
20832, -16363.00, -16482.38
20837, -16357.00, -16476.00
20842, -16348.00, -16468.23
20846, -16345.00, -16461.86
20850, -16340.00, -16455.40
20855, -16332.00, -16448.55
20861, -16323.00, -16440.39
20865, -16319.00, -16433.96
20870, -16311.00, -16426.68
20875, -16305.00, -16420.23
20881, -16296.00, -16411.62
20885, -16290.00, -16405.05
20890, -16283.00, -16398.27
20894, -16277.00, -16391.51
20899, -16270.00, -16385.07
20904, -16262.00, -16377.95
20909, -16255.00, -16370.87
20914, -16248.00, -16363.41
20918, -16240.00, -16356.84
20923, -16233.00, -16349.88
20929, -16226.00, -16341.59
20933, -16219.00, -16334.93
20939, -16212.00, -16326.93
20944, -16204.00, -16319.67
20949, -16197.00, -16312.84
20953, -16190.00, -16305.98
20958, -16183.00, -16299.41
20962, -16175.00, -16293.00
20966, -16171.00, -16286.75
20972, -16164.00, -16279.20
20977, -16154.00, -16271.71
20982, -16145.00, -16263.92
20987, -16140.00, -16256.31
20991, -16133.00, -16249.95
20996, -16128.00, -16243.01
21002, -16117.00, -16234.69
21006, -16114.00, -16228.39
21012, -16105.00, -16220.15
21018, -16096.00, -16211.45
21023, -16087.00, -16204.22
21028, -16081.00, -16196.87
21033, -16072.00, -16189.05
21038, -16066.00, -16181.89
21042, -16059.00, -16175.59
21048, -16051.00, -16167.47
21054, -16044.00, -16159.26
21058, -16035.00, -16152.92
21063, -16030.00, -16146.12
21068, -16023.00, -16138.76
21072, -16017.00, -16132.00
21077, -16009.00, -16124.44
21083, -16001.00, -16116.81
21088, -15993.00, -16108.45
21093, -15985.00, -16101.77
21098, -15980.00, -16094.73
21103, -15971.00, -16087.06
21108, -15964.00, -16080.28
21113, -15955.00, -16072.50
21119, -15948.00, -16063.55
21124, -15943.00, -16057.19
21129, -15933.00, -16049.83
21134, -15927.00, -16042.68
21139, -15917.00, -16035.34
21144, -15912.00, -16027.57
21150, -15905.00, -16019.34
21154, -15898.00, -16012.91
21160, -15889.00, -16004.94
21164, -15883.00, -15998.63
21169, -15876.00, -15991.75
21173, -15866.00, -15985.04
21177, -15861.00, -15978.67
21183, -15854.00, -15971.18
21187, -15849.00, -15964.86
21192, -15843.00, -15958.03
21197, -15834.00, -15949.74
21203, -15823.00, -15941.60
21207, -15819.00, -15935.17
21212, -15811.00, -15928.02
21217, -15807.00, -15921.31
21222, -15798.00, -15913.94
21227, -15792.00, -15906.87
21232, -15782.00, -15898.85
21238, -15772.00, -15890.17
21243, -15764.00, -15882.47
21248, -15756.00, -15875.13
21253, -15750.00, -15867.59
21258, -15742.00, -15860.21
21263, -15735.00, -15852.42
21268, -15729.00, -15845.59
21273, -15723.00, -15838.65
21277, -15716.00, -15832.34
21282, -15711.00, -15825.99
21286, -15703.00, -15819.04
21291, -15697.00, -15812.71
21296, -15689.00, -15804.90
21302, -15680.00, -15796.52
21306, -15675.00, -15790.17
21312, -15666.00, -15781.94
21318, -15657.00, -15773.50
21322, -15649.00, -15766.37
21327, -15642.00, -15759.46
21332, -15636.00, -15751.88
21338, -15627.00, -15743.59
21343, -15619.00, -15735.87
21349, -15610.00, -15727.37
21355, -15602.00, -15719.01
21359, -15595.00, -15712.17
21364, -15586.00, -15705.70
21369, -15579.00, -15697.60
21373, -15572.00, -15691.01
21378, -15566.00, -15684.44
21383, -15560.00, -15677.15
21387, -15554.00, -15670.89
21392, -15547.00, -15663.36
21398, -15539.00, -15655.08
21403, -15532.00, -15648.22
21407, -15529.00, -15641.97
21412, -15516.00, -15634.43
21417, -15508.00, -15626.85
21422, -15501.00, -15620.09
21427, -15496.00, -15612.42
21432, -15486.00, -15604.58
21437, -15479.00, -15597.28
21442, -15471.00, -15589.78
21448, -15463.00, -15581.22
21453, -15456.00, -15573.79
21457, -15449.00, -15567.29
21462, -15442.00, -15560.06
21467, -15435.00, -15552.29
21472, -15428.00, -15545.49
21477, -15420.00, -15537.92
21482, -15412.00, -15530.08
21487, -15406.00, -15523.49
21492, -15399.00, -15516.38
21496, -15392.00, -15510.00
21500, -15384.00, -15503.62
21505, -15375.00, -15496.88
21510, -15370.00, -15489.14
21514, -15363.00, -15482.63
21519, -15357.00, -15475.82
21523, -15349.00, -15469.16
21528, -15341.00, -15461.61
21533, -15337.00, -15454.38
21538, -15327.00, -15446.93
21544, -15316.00, -15437.48
21550, -15310.00, -15428.81
21554, -15302.00, -15422.17
21559, -15294.00, -15414.98
21564, -15288.00, -15408.22
21568, -15283.00, -15401.64
21572, -15280.00, -15395.16
21577, -15272.00, -15388.31
21582, -15265.00, -15381.28
21587, -15257.00, -15373.19
21592, -15247.00, -15366.00
21598, -15240.00, -15357.52
21602, -15235.00, -15350.99
21607, -15228.00, -15344.26
21611, -15219.00, -15337.80
21616, -15213.00, -15330.60
21621, -15206.00, -15323.94
21626, -15197.00, -15316.43
21631, -15189.00, -15309.28
21636, -15182.00, -15300.84
21641, -15175.00, -15294.24
21646, -15167.00, -15286.81
21651, -15161.00, -15279.21
21655, -15153.00, -15272.80
21660, -15145.00, -15264.58
21666, -15137.00, -15256.83
21670, -15130.00, -15249.71
21675, -15122.00, -15242.29
21681, -15114.00, -15234.06
21685, -15106.00, -15227.57
21690, -15100.00, -15220.56
21695, -15094.00, -15211.96
21700, -15086.00, -15204.32
21705, -15079.00, -15197.49
21710, -15071.00, -15190.34
21715, -15063.00, -15182.84
21720, -15057.00, -15175.30
21725, -15049.00, -15167.42
21730, -15040.00, -15160.01
21735, -15034.00, -15152.67
21739, -15027.00, -15146.12
21744, -15021.00, -15138.82
21749, -15016.00, -15132.44
21753, -15010.00, -15125.46
21758, -15003.00, -15118.63
21763, -14995.00, -15112.01
21767, -14986.00, -15105.00
21772, -14981.00, -15098.17
21776, -14972.00, -15091.76
21781, -14964.00, -15084.87
21786, -14956.00, -15076.93
21791, -14949.00, -15068.84
21796, -14943.00, -15061.13
21802, -14933.00, -15053.00
21807, -14926.00, -15045.31
21812, -14919.00, -15038.15
21817, -14912.00, -15030.80
21822, -14906.00, -15023.39
21826, -14898.00, -15016.99
21831, -14888.00, -15009.61
21836, -14881.00, -15001.70
21841, -14874.00, -14995.03
21846, -14865.00, -14987.26
21851, -14860.00, -14979.70
21855, -14853.00, -14973.17
21859, -14848.00, -14966.65
21864, -14841.00, -14960.03
21870, -14831.00, -14951.22
21875, -14822.00, -14943.24
21881, -14815.00, -14934.53
21886, -14806.00, -14925.78
21891, -14798.00, -14918.54
21896, -14792.00, -14911.93
21902, -14784.00, -14902.52
21907, -14775.00, -14895.29
21911, -14768.00, -14888.17
21916, -14760.00, -14880.67
21921, -14754.00, -14873.47
21926, -14747.00, -14866.76
21930, -14740.00, -14859.77
21935, -14736.00, -14853.35
21939, -14729.00, -14846.89
21943, -14723.00, -14840.58
21949, -14714.00, -14832.11
21954, -14706.00, -14825.05
21958, -14700.00, -14818.58
21962, -14693.00, -14812.00
21968, -14685.00, -14803.76
21972, -14677.00, -14797.03
21977, -14671.00, -14790.45
21982, -14662.00, -14782.46
21987, -14654.00, -14775.55
21992, -14647.00, -14767.58
21997, -14639.00, -14758.99
22003, -14630.00, -14751.25
22008, -14622.00, -14743.59
22013, -14616.00, -14735.52
22018, -14607.00, -14727.31
22023, -14600.00, -14719.94
22029, -14593.00, -14711.58
22034, -14585.00, -14704.39
22038, -14579.00, -14697.75
22043, -14570.00, -14690.54
22047, -14560.00, -14683.96
22051, -14554.00, -14677.26
22056, -14547.00, -14670.58
22061, -14539.00, -14662.82
22066, -14534.00, -14655.42
22070, -14527.00, -14648.35
22075, -14520.00, -14641.10
22080, -14514.00, -14633.80
22086, -14502.00, -14624.86
22091, -14494.00, -14616.89
22095, -14488.00, -14610.20
22100, -14482.00, -14603.49
22104, -14476.00, -14596.79
22110, -14466.00, -14588.24
22114, -14460.00, -14581.21
22119, -14452.00, -14573.69
22124, -14442.00, -14565.37
22129, -14434.00, -14557.92
22135, -14427.00, -14549.79
22139, -14419.00, -14543.08
22144, -14409.00, -14534.25
22149, -14402.00, -14527.41
22154, -14397.00, -14519.99
22158, -14388.00, -14512.59
22163, -14379.00, -14504.85
22168, -14374.00, -14498.02
22172, -14367.00, -14491.23
22178, -14358.00, -14482.50
22182, -14350.00, -14475.27
22187, -14343.00, -14467.62
22191, -14339.00, -14460.89
22196, -14331.00, -14454.18
22201, -14324.00, -14446.35
22205, -14317.00, -14439.14
22210, -14311.00, -14432.45
22216, -14303.00, -14423.73
22220, -14296.00, -14416.77
22225, -14291.00, -14409.63
22230, -14283.00, -14402.68
22235, -14275.00, -14394.09
22240, -14267.00, -14386.77
22246, -14256.00, -14378.08
22251, -14250.00, -14370.47
22256, -14243.00, -14363.34
22261, -14235.00, -14355.73
22265, -14230.00, -14348.49
22270, -14223.00, -14341.79
22275, -14215.00, -14334.23
22280, -14207.00, -14326.66
22286, -14196.00, -14317.71
22291, -14191.00, -14310.69
22296, -14184.00, -14302.37
22301, -14177.00, -14295.65
22305, -14170.00, -14289.08
22310, -14165.00, -14282.05
22315, -14157.00, -14274.14
22320, -14149.00, -14266.76
22325, -14144.00, -14259.37
22330, -14138.00, -14252.55
22335, -14126.00, -14244.46
22340, -14120.00, -14237.04
22345, -14114.00, -14229.93
22351, -14104.00, -14221.84
22357, -14096.00, -14213.40
22361, -14091.00, -14207.15
22367, -14082.00, -14198.56
22371, -14077.00, -14192.14
22375, -14072.00, -14185.90
22380, -14066.00, -14179.68
22384, -14060.00, -14173.50
22388, -14054.00, -14167.30
22393, -14046.00, -14160.96
22399, -14039.00, -14152.53
22403, -14032.00, -14146.17
22409, -14024.00, -14138.20
22414, -14018.00, -14130.89
22418, -14011.00, -14124.61
22423, -14003.00, -14117.30
22428, -13997.00, -14110.33
22433, -13988.00, -14103.48
22437, -13984.00, -14097.24
22442, -13979.00, -14090.72
22447, -13971.00, -14083.66
22451, -13964.00, -14077.44
22456, -13961.00, -14070.57
22461, -13952.00, -14063.73
22466, -13942.00, -14056.59
22471, -13938.00, -14050.27
22475, -13932.00, -14044.22
22479, -13924.00, -14038.17
22484, -13916.00, -14030.86
22489, -13909.00, -14024.06
22494, -13900.00, -14016.02
22500, -13894.00, -14008.15
22504, -13886.00, -14001.88
22510, -13879.00, -13993.79
22515, -13873.00, -13986.75
22520, -13865.00, -13979.40
22525, -13858.00, -13972.20
22530, -13852.00, -13964.87
22535, -13843.00, -13957.25
22540, -13834.00, -13949.98
22546, -13826.00, -13941.21
22551, -13818.00, -13934.30
22557, -13810.00, -13926.28
22561, -13805.00, -13919.99
22567, -13793.00, -13911.62
22571, -13789.00, -13904.83
22576, -13782.00, -13898.55
22582, -13774.00, -13889.64
22586, -13768.00, -13883.22
22590, -13761.00, -13876.91
22595, -13755.00, -13870.09
22600, -13747.00, -13863.21
22604, -13740.00, -13856.85
22609, -13733.00, -13849.21
22616, -13725.00, -13840.41
22620, -13718.00, -13833.59
22625, -13711.00, -13826.43
22630, -13705.00, -13819.30
22635, -13695.00, -13811.66
22640, -13689.00, -13804.54
22646, -13683.00, -13796.73
22651, -13675.00, -13789.30
22655, -13667.00, -13782.62
22660, -13660.00, -13775.43
22666, -13654.00, -13766.99
22671, -13646.00, -13760.45
22676, -13639.00, -13752.56
22681, -13632.00, -13746.27
22685, -13623.00, -13739.60
22690, -13619.00, -13733.14
22695, -13610.00, -13726.13
22700, -13601.00, -13718.75
22704, -13594.00, -13712.21
22710, -13589.00, -13703.96
22715, -13582.00, -13696.44
22720, -13574.00, -13689.31
22725, -13567.00, -13681.76
22730, -13559.00, -13674.41
22735, -13552.00, -13667.17
22740, -13544.00, -13660.20
22745, -13539.00, -13653.03
22750, -13532.00, -13646.22
22754, -13522.00, -13639.66
22759, -13515.00, -13632.38
22764, -13508.00, -13625.34
22769, -13501.00, -13617.97
22775, -13495.00, -13609.73
22780, -13487.00, -13601.88
22785, -13478.00, -13594.75
22790, -13471.00, -13587.92
22794, -13465.00, -13580.75
22800, -13456.00, -13573.22
22804, -13451.00, -13566.74
22808, -13445.00, -13560.55
22813, -13438.00, -13553.61
22818, -13432.00, -13547.19
22823, -13424.00, -13539.87
22827, -13419.00, -13533.72
22831, -13413.00, -13527.27
22836, -13407.00, -13520.77
22840, -13398.00, -13514.55
22845, -13391.00, -13507.28
22850, -13384.00, -13500.03
22856, -13375.00, -13491.71
22861, -13369.00, -13483.48
22867, -13361.00, -13475.69
22871, -13354.00, -13469.43
22877, -13347.00, -13460.94
22882, -13339.00, -13454.19
22886, -13333.00, -13447.94
22890, -13324.00, -13441.56
22895, -13317.00, -13434.51
22900, -13308.00, -13426.92
22906, -13304.00, -13418.69
22910, -13295.00, -13412.26
22915, -13285.00, -13404.93
22920, -13280.00, -13398.50
22924, -13274.00, -13391.43
22929, -13268.00, -13384.69
22934, -13260.00, -13377.53
22938, -13255.00, -13371.16
22942, -13250.00, -13364.79
22948, -13242.00, -13357.26
22952, -13236.00, -13351.06
22957, -13227.00, -13343.70
22961, -13220.00, -13337.45
22967, -13212.00, -13329.18
22972, -13205.00, -13321.49
22977, -13195.00, -13314.24
22982, -13191.00, -13306.87
22986, -13183.00, -13300.40
22991, -13177.00, -13293.55
22997, -13168.00, -13285.20
23001, -13159.00, -13278.53
23006, -13153.00, -13271.11
23011, -13146.00, -13264.13
23016, -13137.00, -13256.35
23021, -13129.00, -13249.53
23025, -13123.00, -13242.28
23030, -13115.00, -13235.63
23034, -13108.00, -13228.86
23039, -13103.00, -13222.36
23044, -13093.00, -13213.67
23050, -13086.00, -13205.90
23054, -13079.00, -13199.41
23059, -13073.00, -13192.00
23064, -13064.00, -13183.83
23069, -13060.00, -13177.01
23074, -13052.00, -13169.81
23079, -13041.00, -13162.14
23085, -13033.00, -13153.48
23089, -13026.00, -13146.61
23094, -13021.00, -13139.21
23099, -13009.00, -13130.91
23105, -12999.00, -13121.95
23110, -12994.00, -13114.94
23116, -12984.00, -13106.03
23120, -12976.00, -13098.99
23126, -12970.00, -13090.79
23131, -12963.00, -13083.03
23135, -12956.00, -13076.42
23139, -12949.00, -13069.83
23144, -12945.00, -13063.18
23149, -12938.00, -13056.04
23153, -12930.00, -13049.31
23159, -12921.00, -13040.85
23164, -12912.00, -13032.78
23169, -12906.00, -13025.67
23174, -12897.00, -13017.27
23180, -12887.00, -13009.33
23185, -12881.00, -13001.95
23189, -12873.00, -12994.57
23196, -12862.00, -12984.72
23200, -12856.00, -12977.51
23206, -12848.00, -12969.83
23210, -12844.00, -12963.22
23214, -12838.00, -12956.76
23219, -12830.00, -12949.91
23224, -12822.00, -12942.09
23229, -12815.00, -12934.66
23234, -12807.00, -12927.01
23239, -12800.00, -12919.97
23244, -12790.00, -12911.51
23249, -12785.00, -12904.62
23253, -12778.00, -12897.67
23258, -12770.00, -12891.17
23262, -12762.00, -12883.81
23267, -12755.00, -12876.45
23272, -12747.00, -12869.04
23277, -12742.00, -12862.20
23281, -12733.00, -12855.15
23286, -12725.00, -12848.51
23290, -12719.00, -12840.97
23296, -12708.00, -12832.11
23301, -12701.00, -12824.83
23307, -12695.00, -12815.75
23311, -12686.00, -12808.95
23316, -12680.00, -12801.31
23322, -12670.00, -12792.49
23328, -12662.00, -12783.46
23334, -12654.00, -12774.76
23338, -12647.00, -12767.39
23343, -12641.00, -12760.84
23349, -12630.00, -12751.54
23355, -12622.00, -12742.57
23359, -12616.00, -12736.05
23364, -12608.00, -12729.30
23368, -12601.00, -12722.32
23373, -12594.00, -12715.60
23377, -12586.00, -12709.04
23381, -12579.00, -12702.42
23385, -12572.00, -12695.73
23390, -12568.00, -12689.14
23394, -12563.00, -12682.70
23398, -12556.00, -12676.00
23403, -12548.00, -12669.12
23407, -12541.00, -12662.55
23412, -12535.00, -12656.02
23416, -12527.00, -12649.36
23420, -12522.00, -12642.79
23424, -12515.00, -12636.27
23429, -12510.00, -12629.81
23433, -12503.00, -12623.40
23437, -12495.00, -12616.82
23442, -12489.00, -12610.24
23446, -12483.00, -12603.75
23450, -12478.00, -12597.09
23455, -12471.00, -12590.05
23459, -12464.00, -12583.63
23464, -12457.00, -12577.16
23468, -12452.00, -12570.64
23472, -12443.00, -12564.25
23476, -12438.00, -12557.77
23481, -12430.00, -12551.30
23485, -12427.00, -12544.79
23489, -12421.00, -12538.46
23494, -12413.00, -12532.17
23498, -12405.00, -12525.72
23502, -12400.00, -12518.81
23507, -12391.00, -12512.42
23511, -12386.00, -12505.98
23515, -12380.00, -12499.44
23520, -12376.00, -12493.08
23524, -12368.00, -12486.70
23528, -12362.00, -12480.21
23533, -12354.00, -12472.88
23537, -12348.00, -12466.49
23542, -12340.00, -12460.13
23546, -12334.00, -12453.66
23550, -12329.00, -12447.10
23555, -12322.00, -12439.75
23560, -12315.00, -12433.44
23564, -12308.00, -12426.23
23569, -12301.00, -12419.28
23574, -12296.00, -12412.07
23578, -12288.00, -12405.51
23583, -12280.00, -12399.14
23588, -12272.00, -12391.79
23592, -12266.00, -12385.30
23596, -12261.00, -12378.84
23601, -12256.00, -12372.58
23605, -12248.00, -12365.32
23610, -12240.00, -12358.71
23615, -12234.00, -12351.27
23620, -12227.00, -12344.17
23625, -12218.00, -12336.96
23629, -12214.00, -12330.67
23633, -12207.00, -12324.10
23638, -12200.00, -12316.83
23643, -12190.00, -12309.62
23648, -12185.00, -12302.62
23653, -12180.00, -12294.96
23658, -12169.00, -12288.18
23663, -12162.00, -12280.65
23667, -12157.00, -12274.16
23672, -12147.00, -12266.62
23677, -12142.00, -12259.27
23681, -12137.00, -12253.01
23686, -12130.00, -12245.83
23691, -12123.00, -12238.77
23696, -12117.00, -12232.12
23700, -12111.00, -12225.79
23705, -12103.00, -12219.15
23710, -12096.00, -12211.69
23715, -12089.00, -12204.42
23720, -12080.00, -12197.18
23724, -12073.00, -12190.83
23728, -12068.00, -12184.46
23733, -12060.00, -12177.98
23737, -12054.00, -12171.37
23742, -12046.00, -12164.00
23747, -12040.00, -12156.75
23752, -12033.00, -12150.06
23756, -12027.00, -12143.76
23760, -12021.00, -12137.49
23764, -12014.00, -12131.31
23769, -12007.00, -12124.88
23773, -11999.00, -12118.52
23778, -11992.00, -12111.74
23783, -11985.00, -12104.25
23788, -11977.00, -12096.70
23793, -11970.00, -12088.83
23797, -11962.00, -12081.93
23802, -11956.00, -12075.48
23806, -11953.00, -12069.11
23811, -11946.00, -12062.50
23815, -11937.00, -12055.76
23821, -11930.00, -12047.45
23826, -11922.00, -12039.61
23831, -11915.00, -12032.90
23836, -11907.00, -12025.19
23841, -11898.00, -12017.60
23846, -11890.00, -12010.03
23850, -11884.00, -12003.57
23854, -11878.00, -11997.25
23859, -11870.00, -11989.79
23864, -11862.00, -11983.22
23868, -11855.00, -11976.58
23873, -11848.00, -11969.37
23878, -11841.00, -11961.94
23883, -11834.00, -11954.57
23887, -11830.00, -11948.07
23892, -11823.00, -11941.03
23897, -11814.00, -11932.98
23902, -11808.00, -11925.84
23907, -11797.00, -11918.01
23911, -11792.00, -11911.43
23916, -11787.00, -11904.89
23921, -11779.00, -11897.59
23925, -11771.00, -11890.45
23930, -11765.00, -11883.08
23935, -11757.00, -11876.64
23940, -11750.00, -11868.06
23946, -11742.00, -11860.13
23950, -11736.00, -11853.57
23956, -11731.00, -11845.60
23960, -11721.00, -11839.22
23965, -11715.00, -11831.85
23970, -11708.00, -11824.53
23975, -11701.00, -11817.83
23979, -11696.00, -11811.56
23983, -11687.00, -11805.26
23988, -11681.00, -11798.68
23993, -11676.00, -11791.53
23997, -11669.00, -11784.50
24002, -11662.00, -11777.78
24007, -11657.00, -11770.87
24013, -11646.00, -11762.39
24017, -11643.00, -11755.84
24022, -11635.00, -11748.89
24027, -11635.00, -11742.12
24032, -11643.00, -11735.94
24037, -11652.00, -11730.40
24043, -11661.00, -11725.37
24048, -11669.00, -11721.61
24052, -11674.00, -11718.81
24057, -11684.00, -11716.36
24062, -11689.00, -11714.49
24067, -11697.00, -11713.33
24072, -11704.00, -11712.58
24077, -11712.00, -11712.31
24082, -11721.00, -11712.59
24087, -11726.00, -11713.25
24092, -11737.00, -11714.38
24097, -11742.00, -11715.95
24102, -11750.00, -11717.81
24107, -11758.00, -11720.03
24112, -11765.00, -11722.61
24117, -11772.00, -11725.17
24121, -11777.00, -11727.89
24126, -11787.00, -11730.95
24130, -11794.00, -11734.09
24135, -11801.00, -11737.47
24140, -11808.00, -11742.04
24146, -11814.00, -11746.48
24150, -11823.00, -11750.53
24155, -11828.00, -11754.90
24160, -11836.00, -11759.79
24165, -11842.00, -11764.65
24170, -11849.00, -11769.16
24176, -11857.00, -11775.09
24181, -11865.00, -11780.58
24186, -11872.00, -11786.44
24192, -11880.00, -11792.67
24197, -11888.00, -11798.25
24202, -11894.00, -11803.34
24207, -11904.00, -11809.99
24213, -11910.00, -11816.27
24217, -11916.00, -11821.48
24222, -11924.00, -11827.29
24227, -11931.00, -11833.65
24232, -11938.00, -11839.19
24236, -11941.00, -11844.67
24241, -11948.00, -11849.97
24245, -11957.00, -11855.57
24249, -11965.00, -11861.14
24254, -11969.00, -11867.83
24259, -11976.00, -11873.54
24264, -11982.00, -11879.59
24268, -11988.00, -11885.52
24274, -11999.00, -11893.25
24279, -12004.00, -11899.49
24283, -12008.00, -11905.04
24287, -12016.00, -11910.71
24292, -12019.00, -11916.63
24296, -12029.00, -11922.43
24301, -12035.00, -11928.17
24305, -12039.00, -11934.03
24309, -12047.00, -11939.74
24314, -12052.00, -11945.99
24319, -12059.00, -11952.62
24324, -12066.00, -11959.06
24329, -12073.00, -11966.24
24334, -12080.00, -11972.17
24338, -12086.00, -11978.43
24343, -12091.00, -11984.46
24347, -12098.00, -11990.37
24352, -12104.00, -11996.36
24356, -12110.00, -12002.60
24360, -12117.00, -12008.44
24365, -12124.00, -12014.55
24370, -12131.00, -12021.40
24375, -12140.00, -12028.71
24381, -12146.00, -12036.75
24386, -12154.00, -12043.63
24391, -12162.00, -12050.11
24396, -12167.00, -12057.51
24400, -12174.00, -12063.61
24405, -12182.00, -12069.99
24410, -12189.00, -12076.95
24415, -12195.00, -12083.58
24419, -12200.00, -12089.99
24424, -12207.00, -12096.19
24428, -12211.00, -12102.12
24432, -12219.00, -12108.37
24437, -12224.00, -12114.36
24442, -12233.00, -12121.37
24446, -12238.00, -12127.82
24451, -12245.00, -12133.86
24456, -12253.00, -12140.54
24460, -12260.00, -12147.31
24465, -12268.00, -12153.45
24469, -12271.00, -12159.58
24473, -12277.00, -12165.64
24478, -12284.00, -12171.73
24482, -12290.00, -12178.08
24486, -12295.00, -12184.18
24491, -12303.00, -12190.67
24496, -12310.00, -12197.83
24501, -12318.00, -12204.20
24505, -12323.00, -12210.33
24510, -12331.00, -12216.98
24514, -12337.00, -12223.74
24519, -12341.00, -12230.18
24524, -12350.00, -12237.48
24529, -12356.00, -12243.88
24533, -12362.00, -12249.97
24538, -12369.00, -12257.02
24544, -12377.00, -12264.99
24548, -12383.00, -12271.14
24554, -12392.00, -12279.21
24559, -12398.00, -12286.25
24563, -12405.00, -12292.82
24568, -12413.00, -12299.75
24573, -12420.00, -12306.56
24578, -12424.00, -12312.80
24582, -12432.00, -12318.94
24587, -12441.00, -12325.72
24591, -12445.00, -12332.59
24596, -12455.00, -12339.25
24601, -12460.00, -12346.05
24606, -12468.00, -12354.02
24611, -12474.00, -12360.81
24616, -12481.00, -12367.26
24621, -12489.00, -12374.47
24626, -12498.00, -12382.66
24631, -12505.00, -12389.66
24636, -12510.00, -12396.50
24641, -12519.00, -12404.16
24646, -12525.00, -12410.74
24651, -12534.00, -12418.46
24657, -12540.00, -12426.27
24661, -12549.00, -12432.59
24665, -12555.00, -12439.23
24670, -12564.00, -12446.53
24675, -12568.00, -12453.08
24680, -12576.00, -12459.95
24685, -12582.00, -12467.50
24690, -12591.00, -12475.22
24695, -12599.00, -12482.44
24699, -12604.00, -12488.71
24704, -12609.00, -12495.56
24709, -12617.00, -12502.38
24714, -12624.00, -12509.55
24720, -12633.00, -12517.60
24725, -12640.00, -12524.77
24730, -12649.00, -12532.82
24735, -12655.00, -12539.92
24740, -12663.00, -12547.32
24745, -12670.00, -12554.32
24749, -12675.00, -12560.64
24754, -12682.00, -12567.44
24760, -12691.00, -12575.64
24765, -12697.00, -12582.69
24769, -12703.00, -12589.52
24774, -12711.00, -12596.57
24780, -12720.00, -12604.95
24785, -12729.00, -12611.93
24789, -12733.00, -12618.38
24794, -12739.00, -12624.57
24798, -12746.00, -12630.79
24803, -12754.00, -12637.76
24807, -12760.00, -12644.80
24812, -12767.00, -12651.42
24817, -12774.00, -12658.01
24822, -12780.00, -12665.71
24826, -12788.00, -12671.90
24831, -12794.00, -12678.93
24836, -12804.00, -12686.34
24841, -12810.00, -12693.53
24846, -12815.00, -12700.19
24850, -12822.00, -12707.02
24855, -12827.00, -12713.95
24861, -12838.00, -12722.35
24866, -12843.00, -12728.89
24871, -12851.00, -12736.54
24877, -12861.00, -12745.27
24881, -12866.00, -12751.55
24886, -12874.00, -12758.24
24892, -12882.00, -12766.48
24896, -12888.00, -12773.56
24901, -12895.00, -12779.76
24905, -12899.00, -12786.02
24910, -12906.00, -12792.38
24914, -12910.00, -12798.74
24919, -12919.00, -12806.12
24924, -12926.00, -12813.16
24929, -12934.00, -12819.39
24933, -12939.00, -12826.28
24938, -12949.00, -12833.22
24943, -12955.00, -12840.39
24948, -12959.00, -12846.71
24952, -12969.00, -12853.65
24957, -12973.00, -12859.86
24961, -12982.00, -12866.07
24966, -12986.00, -12872.43
24971, -12993.00, -12879.77
24976, -13002.00, -12887.39
24981, -13008.00, -12894.28
24987, -13017.00, -12902.76
24992, -13026.00, -12910.04
24996, -13032.00, -12916.81
25001, -13038.00, -12923.39
25006, -13046.00, -12930.25
25010, -13051.00, -12936.47
25014, -13056.00, -12942.61
25019, -13064.00, -12949.02
25023, -13070.00, -12955.71
25028, -13076.00, -12962.94
25033, -13084.00, -12969.57
25038, -13092.00, -12976.72
25043, -13099.00, -12984.12
25048, -13104.00, -12990.29
25053, -13112.00, -12997.47
25057, -13119.00, -13003.74
25061, -13127.00, -13010.40
25066, -13130.00, -13016.86
25070, -13135.00, -13023.28
25075, -13142.00, -13029.62
25080, -13150.00, -13036.71
25085, -13156.00, -13044.22
25090, -13165.00, -13051.35
25096, -13173.00, -13059.01
25101, -13182.00, -13067.26
25106, -13187.00, -13073.89
25111, -13194.00, -13080.41
25115, -13201.00, -13087.10
25120, -13206.00, -13093.54
25125, -13215.00, -13100.37
25130, -13222.00, -13108.08
25134, -13228.00, -13114.56
25139, -13234.00, -13121.59
25144, -13243.00, -13128.22
25148, -13250.00, -13134.49
25154, -13259.00, -13143.03
25160, -13266.00, -13151.38
25165, -13274.00, -13158.06
25170, -13279.00, -13165.19
25175, -13286.00, -13172.39
25179, -13296.00, -13179.35
25184, -13301.00, -13185.62
25188, -13307.00, -13191.95
25192, -13315.00, -13198.05
25197, -13320.00, -13204.57
25201, -13324.00, -13210.77
25205, -13332.00, -13216.89
25210, -13338.00, -13224.08
25215, -13346.00, -13230.66
25219, -13353.00, -13236.82
25224, -13361.00, -13243.20
25228, -13366.00, -13249.56
25232, -13374.00, -13255.86
25236, -13376.00, -13262.10
25241, -13383.00, -13268.16
25245, -13388.00, -13274.26
25249, -13396.00, -13280.62
25254, -13403.00, -13287.27
25259, -13410.00, -13294.25
25263, -13416.00, -13300.99
25268, -13425.00, -13307.70
25273, -13429.00, -13314.50
25277, -13436.00, -13320.86
25281, -13441.00, -13327.00
25285, -13446.00, -13333.08
25290, -13456.00, -13339.28
25294, -13462.00, -13345.95
25299, -13469.00, -13352.80
25304, -13476.00, -13360.30
25308, -13482.00, -13366.55
25313, -13490.00, -13373.56
25318, -13496.00, -13380.62
25323, -13504.00, -13387.66
25328, -13510.00, -13394.50
25332, -13516.00, -13400.79
25337, -13523.00, -13407.94
25341, -13532.00, -13414.57
25346, -13534.00, -13421.27
25351, -13544.00, -13428.70
25356, -13549.00, -13435.04
25361, -13557.00, -13442.45
25365, -13564.00, -13448.98
25370, -13570.00, -13455.23
25374, -13580.00, -13462.16
25379, -13584.00, -13469.25
25384, -13592.00, -13475.75
25388, -13598.00, -13482.23
25393, -13604.00, -13488.49
25397, -13610.00, -13494.82
25401, -13615.00, -13501.02
25406, -13619.00, -13507.37
25410, -13628.00, -13513.90
25415, -13634.00, -13520.55
25419, -13643.00, -13526.68
25424, -13648.00, -13533.78
25429, -13656.00, -13540.16
25433, -13661.00, -13546.80
25437, -13667.00, -13552.88
25442, -13672.00, -13558.90
25446, -13679.00, -13565.11
25450, -13686.00, -13571.41
25455, -13693.00, -13577.49
25459, -13700.00, -13583.57
25463, -13705.00, -13589.87
25468, -13711.00, -13596.45
25472, -13718.00, -13602.94
25477, -13725.00, -13609.39
25481, -13730.00, -13615.76
25486, -13738.00, -13622.59
25490, -13744.00, -13629.30
25496, -13752.00, -13637.36
25500, -13761.00, -13643.58
25505, -13767.00, -13650.38
25510, -13775.00, -13658.61
25515, -13781.00, -13664.86
25520, -13789.00, -13671.91
25524, -13796.00, -13679.08
25529, -13805.00, -13686.07
25534, -13810.00, -13692.79
25539, -13819.00, -13700.36
25544, -13825.00, -13707.87
25548, -13831.00, -13714.22
25553, -13840.00, -13721.63
25559, -13849.00, -13730.23
25563, -13855.00, -13736.85
25568, -13862.00, -13743.98
25572, -13867.00, -13750.30
25577, -13874.00, -13756.66
25581, -13879.00, -13763.22
25586, -13886.00, -13770.10
25590, -13894.00, -13776.48
25595, -13901.00, -13783.28
25599, -13908.00, -13789.64
25604, -13915.00, -13796.55
25609, -13923.00, -13804.34
25614, -13928.00, -13810.95
25618, -13936.00, -13817.97
25623, -13942.00, -13825.42
25628, -13950.00, -13832.21
25632, -13955.00, -13838.48
25638, -13964.00, -13846.67
25642, -13970.00, -13853.45
25647, -13974.00, -13859.62
25651, -13983.00, -13865.86
25655, -13990.00, -13872.39
25660, -13998.00, -13879.31
25664, -14004.00, -13885.68
25669, -14010.00, -13892.61
25673, -14016.00, -13899.16
25678, -14023.00, -13906.16
25683, -14030.00, -13912.68
25687, -14034.00, -13919.22
25692, -14042.00, -13926.10
25697, -14049.00, -13932.82
25701, -14056.00, -13939.70
25706, -14063.00, -13946.84
25711, -14071.00, -13954.20
25716, -14079.00, -13961.31
25722, -14087.00, -13969.62
25726, -14094.00, -13976.80
25731, -14101.00, -13983.21
25735, -14107.00, -13990.05
25740, -14115.00, -13997.27
25745, -14121.00, -14003.99
25749, -14127.00, -14010.67
25754, -14135.00, -14017.06
25760, -14142.00, -14025.71
25764, -14151.00, -14032.17
25768, -14153.00, -14038.35
25773, -14162.00, -14045.32
25778, -14170.00, -14053.12
25783, -14175.00, -14059.55
25787, -14182.00, -14066.00
25792, -14187.00, -14072.70
25796, -14195.00, -14079.00
25801, -14203.00, -14085.97
25805, -14209.00, -14092.38
25810, -14216.00, -14099.15
25814, -14223.00, -14105.42
25819, -14229.00, -14112.44
25824, -14234.00, -14119.07
25828, -14240.00, -14125.71
25833, -14247.00, -14132.41
25839, -14258.00, -14140.93
25844, -14263.00, -14148.31
25848, -14272.00, -14154.63
25853, -14275.00, -14161.60
25859, -14286.00, -14169.93
25863, -14292.00, -14176.35
25867, -14299.00, -14182.81
25873, -14308.00, -14191.43
25878, -14315.00, -14198.02
25883, -14323.00, -14206.30
25889, -14331.00, -14214.10
25894, -14338.00, -14221.04
25898, -14344.00, -14227.67
25903, -14351.00, -14234.72
25907, -14359.00, -14241.01
25912, -14365.00, -14248.02
25916, -14372.00, -14254.51
25921, -14380.00, -14261.77
25926, -14387.00, -14268.29
25930, -14394.00, -14274.73
25935, -14399.00, -14281.60
25940, -14408.00, -14289.23
25945, -14417.00, -14297.52
25950, -14424.00, -14305.28
25955, -14430.00, -14312.20
25961, -14438.00, -14320.57
25965, -14444.00, -14327.44
25970, -14451.00, -14334.65
25975, -14459.00, -14341.86
25980, -14464.00, -14348.20
25984, -14469.00, -14354.49
25988, -14475.00, -14360.81
25993, -14482.00, -14368.12
25998, -14488.00, -14374.48
26002, -14495.00, -14380.68
26007, -14502.00, -14386.93
26011, -14508.00, -14393.13
26015, -14515.00, -14399.36
26020, -14521.00, -14405.87
26024, -14526.00, -14412.08
26028, -14531.00, -14418.31
26033, -14539.00, -14425.16
26039, -14546.00, -14433.39
26045, -14557.00, -14442.21
26050, -14563.00, -14448.78
26054, -14570.00, -14455.51
26060, -14578.00, -14463.03
26064, -14584.00, -14469.59
26068, -14587.00, -14475.76
26073, -14595.00, -14482.40
26078, -14603.00, -14489.51
26083, -14608.00, -14496.34
26087, -14616.00, -14502.41
26092, -14621.00, -14509.03
26097, -14630.00, -14515.57
26101, -14636.00, -14521.97
26106, -14642.00, -14528.93
26110, -14648.00, -14535.23
26115, -14654.00, -14541.98
26120, -14661.00, -14548.99
26125, -14667.00, -14555.87
26129, -14673.00, -14561.87
26134, -14678.00, -14568.12
26138, -14683.00, -14574.05
26143, -14692.00, -14581.10
26147, -14697.00, -14587.02
26152, -14705.00, -14593.90
26158, -14711.00, -14601.84
26163, -14718.00, -14608.14
26168, -14726.00, -14615.88
26173, -14730.00, -14622.93
26178, -14740.00, -14629.42
26183, -14747.00, -14635.87
26189, -14753.00, -14643.85
26194, -14761.00, -14651.09
26199, -14768.00, -14658.26
26205, -14776.00, -14665.83
26210, -14781.00, -14672.68
26214, -14787.00, -14678.68
26218, -14794.00, -14684.50
26223, -14800.00, -14691.16
26228, -14808.00, -14697.35
26233, -14813.00, -14704.18
26237, -14820.00, -14710.52
26241, -14829.00, -14716.50
26246, -14833.00, -14722.68
26251, -14841.00, -14729.75
26256, -14847.00, -14737.00
26261, -14852.00, -14743.12
26265, -14859.00, -14749.12
26270, -14864.00, -14756.05
26274, -14872.00, -14761.88
26279, -14878.00, -14767.77
26283, -14883.00, -14774.54
26289, -14890.00, -14781.71
26293, -14896.00, -14787.56
26297, -14904.00, -14793.59
26303, -14912.00, -14800.74
26308, -14918.00, -14808.44
26313, -14923.00, -14814.78
26318, -14932.00, -14822.05
26323, -14937.00, -14828.83
26328, -14943.00, -14835.22
26332, -14950.00, -14841.41
26337, -14957.00, -14847.92
26341, -14962.00, -14854.09
26346, -14968.00, -14859.96
26350, -14974.00, -14866.17
26355, -14979.00, -14872.17
26360, -14988.00, -14879.12
26364, -14993.00, -14885.19
26369, -15000.00, -14891.03
26373, -15007.00, -14896.93
26378, -15014.00, -14903.69
26383, -15022.00, -14910.48
26388, -15027.00, -14917.89
26393, -15034.00, -14925.20
26398, -15039.00, -14931.48
26404, -15048.00, -14939.31
26410, -15057.00, -14947.22
26414, -15061.00, -14953.67
26420, -15070.00, -14961.13
26425, -15078.00, -14968.90
26430, -15084.00, -14975.24
26435, -15093.00, -14981.69
26439, -15097.00, -14987.67
26443, -15103.00, -14993.61
26448, -15111.00, -14999.89
26452, -15117.00, -15006.10
26457, -15122.00, -15012.32
26461, -15128.00, -15018.25
26465, -15134.00, -15024.16
26470, -15138.00, -15030.29
26475, -15146.00, -15036.60
26479, -15152.00, -15042.59
26483, -15159.00, -15048.48
26487, -15167.00, -15054.41
26492, -15173.00, -15060.34
26496, -15178.00, -15066.53
26501, -15184.00, -15073.11
26507, -15192.00, -15081.16
26511, -15198.00, -15087.12
26515, -15202.00, -15093.36
26521, -15210.00, -15100.67
26526, -15219.00, -15107.49
26530, -15223.00, -15113.71
26534, -15231.00, -15119.67
26540, -15238.00, -15127.60
26544, -15246.00, -15133.74
26549, -15251.00, -15140.28
26554, -15258.00, -15146.78
26558, -15266.00, -15152.82
26562, -15272.00, -15159.14
26567, -15277.00, -15165.71
26572, -15284.00, -15172.08
26576, -15289.00, -15178.68
26581, -15296.00, -15184.79
26586, -15303.00, -15191.43
26591, -15312.00, -15199.57
26596, -15319.00, -15205.87
26602, -15329.00, -15214.44
26607, -15337.00, -15222.60
26612, -15343.00, -15229.05
26617, -15348.00, -15235.74
26621, -15356.00, -15242.59
26626, -15362.00, -15249.68
26632, -15370.00, -15257.10
26637, -15379.00, -15265.24
26643, -15386.00, -15272.52
26647, -15392.00, -15278.92
26652, -15399.00, -15285.85
26656, -15404.00, -15292.09
26661, -15411.00, -15298.73
26666, -15416.00, -15305.30
26670, -15425.00, -15311.93
26675, -15429.00, -15318.03
26679, -15438.00, -15324.34
26684, -15443.00, -15331.04
26689, -15450.00, -15337.96
26694, -15460.00, -15344.94
26699, -15467.00, -15352.37
26704, -15474.00, -15359.29
26708, -15480.00, -15366.03
26713, -15488.00, -15373.08
26718, -15494.00, -15379.98
26723, -15500.00, -15386.87
26728, -15507.00, -15393.41
26733, -15515.00, -15400.68
26738, -15524.00, -15408.60
26742, -15528.00, -15414.79
26747, -15535.00, -15421.54
26752, -15541.00, -15428.23
26756, -15547.00, -15434.44
26761, -15552.00, -15440.77
26765, -15558.00, -15447.11
26770, -15567.00, -15453.18
26774, -15572.00, -15459.70
26779, -15580.00, -15465.88
26783, -15587.00, -15472.14
26787, -15593.00, -15478.46
26792, -15597.00, -15485.02
26797, -15605.00, -15491.69
26802, -15612.00, -15499.03
26808, -15622.00, -15507.33
26812, -15627.00, -15513.64
26817, -15636.00, -15520.66
26822, -15641.00, -15527.73
26827, -15648.00, -15534.65
26832, -15654.00, -15541.78
26837, -15664.00, -15549.47
26842, -15672.00, -15556.60
26848, -15680.00, -15565.12
26853, -15686.00, -15571.81
26858, -15697.00, -15579.63
26862, -15701.00, -15586.03
26867, -15707.00, -15592.95
26872, -15714.00, -15599.54
26876, -15718.00, -15606.24
26881, -15727.00, -15612.55
26886, -15735.00, -15619.32
26890, -15739.00, -15625.50
26894, -15749.00, -15632.16
26899, -15757.00, -15638.75
26903, -15762.00, -15645.15
26908, -15766.00, -15651.43
26912, -15772.00, -15657.70
26917, -15779.00, -15664.38
26921, -15786.00, -15671.39
26926, -15794.00, -15678.51
26931, -15800.00, -15685.28
26936, -15808.00, -15692.90
26941, -15815.00, -15699.64
26946, -15822.00, -15706.32
26950, -15827.00, -15712.51
26954, -15835.00, -15718.78
26958, -15844.00, -15725.13
26963, -15849.00, -15731.56
26967, -15852.00, -15737.83
26971, -15859.00, -15743.92
26976, -15866.00, -15750.15
26980, -15872.00, -15756.31
26984, -15879.00, -15762.49
26988, -15884.00, -15768.76
26993, -15891.00, -15774.98
26997, -15894.00, -15781.04
27001, -15900.00, -15787.06
27005, -15907.00, -15793.08
27010, -15913.00, -15799.12
27014, -15920.00, -15805.15
27018, -15927.00, -15811.28
27022, -15931.00, -15817.43
27027, -15939.00, -15823.59
27031, -15943.00, -15829.68
27035, -15951.00, -15835.86
27039, -15958.00, -15842.10
27044, -15963.00, -15848.30
27048, -15970.00, -15854.51
27052, -15976.00, -15860.80
27057, -15980.00, -15866.98
27061, -15986.00, -15873.09
27065, -15993.00, -15879.17
27069, -16000.00, -15885.29
27074, -16006.00, -15891.43
27078, -16010.00, -15897.69
27082, -16017.00, -15903.79
27087, -16022.00, -15909.79
27091, -16029.00, -15915.80
27095, -16037.00, -15921.97
27099, -16044.00, -15928.13
27104, -16050.00, -15934.29
27108, -16054.00, -15940.41
27113, -16062.00, -15947.78
27118, -16069.00, -15954.23
27122, -16075.00, -15960.92
27126, -16080.00, -15967.01
27131, -16087.00, -15973.99
27136, -16095.00, -15980.72
27141, -16104.00, -15988.06
27146, -16109.00, -15995.28
27151, -16116.00, -16002.33
27156, -16124.00, -16009.32
27161, -16131.00, -16016.00
27165, -16139.00, -16022.83
27170, -16145.00, -16029.88
27175, -16153.00, -16037.10
27179, -16161.00, -16043.53
27185, -16168.00, -16051.13
27190, -16175.00, -16058.61
27194, -16183.00, -16065.24
27199, -16189.00, -16072.20
27204, -16194.00, -16078.94
27208, -16200.00, -16085.50
27213, -16206.00, -16092.13
27217, -16215.00, -16098.58
27222, -16220.00, -16105.05
27226, -16227.00, -16111.54
27231, -16234.00, -16118.07
27235, -16242.00, -16124.59
27240, -16249.00, -16131.30
27244, -16255.00, -16137.71
27248, -16260.00, -16143.97
27253, -16268.00, -16151.40
27258, -16274.00, -16158.10
27263, -16280.00, -16165.31
27268, -16289.00, -16172.54
27272, -16294.00, -16178.76
27276, -16302.00, -16185.08
27281, -16310.00, -16191.46
27286, -16315.00, -16198.71
27290, -16324.00, -16205.68
27295, -16332.00, -16212.08
27299, -16337.00, -16218.70
27304, -16341.00, -16225.29
27308, -16348.00, -16231.58
27312, -16354.00, -16237.81
27316, -16363.00, -16244.13
27321, -16369.00, -16250.51
27326, -16376.00, -16257.68
27331, -16383.00, -16265.16
27335, -16390.00, -16272.34
27340, -16400.00, -16279.48
27345, -16406.00, -16287.31
27350, -16413.00, -16294.41
27355, -16424.00, -16301.64
27360, -16429.00, -16308.79
27365, -16437.00, -16317.54
27370, -16445.00, -16324.66
27375, -16453.00, -16332.55
27381, -16461.00, -16340.59
27386, -16468.00, -16347.92
27391, -16475.00, -16355.69
27396, -16482.00, -16364.20
27402, -16490.00, -16372.31
27406, -16498.00, -16378.87
27411, -16505.00, -16385.64
27416, -16516.00, -16393.26
27421, -16523.00, -16400.41
27425, -16529.00, -16407.92
27430, -16534.00, -16414.73
27434, -16541.00, -16421.30
27439, -16546.00, -16428.10
27443, -16553.00, -16434.65
27448, -16561.00, -16441.69
27453, -16567.00, -16448.85
27459, -16575.00, -16457.42
27463, -16585.00, -16464.43
27469, -16593.00, -16473.24
27475, -16604.00, -16481.87
27479, -16607.00, -16488.44
27484, -16615.00, -16495.59
27489, -16623.00, -16502.90
27493, -16629.00, -16509.49
27498, -16636.00, -16516.85
27503, -16645.00, -16524.75
27508, -16652.00, -16531.38
27513, -16660.00, -16538.94
27518, -16669.00, -16547.75
27523, -16675.00, -16554.67
27528, -16683.00, -16562.27
27532, -16689.00, -16568.78
27537, -16698.00, -16575.23
27541, -16704.00, -16582.24
27546, -16711.00, -16589.00
27550, -16719.00, -16596.04
27555, -16725.00, -16603.30
27559, -16731.00, -16610.29
27564, -16737.00, -16616.74
27568, -16744.00, -16623.21
27574, -16751.00, -16631.96
27579, -16759.00, -16639.17
27584, -16769.00, -16647.79
27590, -16779.00, -16656.27
27594, -16784.00, -16662.96
27599, -16793.00, -16670.32
27605, -16803.00, -16679.44
27609, -16804.00, -16686.00
27614, -16814.00, -16693.53
27620, -16822.00, -16701.80
27624, -16830.00, -16708.67
27628, -16835.00, -16715.17
27633, -16844.00, -16722.45
27638, -16850.00, -16729.46
27642, -16859.00, -16736.47
27647, -16868.00, -16743.34
27652, -16873.00, -16750.65
27656, -16882.00, -16757.55
27660, -16888.00, -16764.35
27665, -16892.00, -16770.97
27670, -16899.00, -16778.54
27674, -16907.00, -16785.12
27678, -16914.00, -16791.76
27683, -16921.00, -16799.46
27688, -16931.00, -16806.66
27693, -16938.00, -16813.64
27698, -16945.00, -16822.60
27703, -16954.00, -16829.87
27708, -16962.00, -16837.86
27713, -16969.00, -16845.16
27718, -16979.00, -16853.94
27723, -16988.00, -16860.72
27727, -16994.00, -16867.91
27732, -17003.00, -16875.21
27736, -17009.00, -16882.18
27741, -17015.00, -16889.39
27745, -17020.00, -16896.39
27750, -17027.00, -16903.50
27754, -17034.00, -16910.36
27759, -17042.00, -16917.20
27763, -17050.00, -16924.32
27767, -17058.00, -16931.18
27772, -17068.00, -16938.14
27776, -17072.00, -16945.18
27780, -17078.00, -16952.22
27786, -17089.00, -16961.21
27791, -17099.00, -16969.34
27796, -17104.00, -16977.03
27800, -17109.00, -16983.89
27805, -17116.00, -16991.17
27809, -17122.00, -16998.31
27814, -17132.00, -17005.06
27819, -17139.00, -17013.79
27825, -17148.00, -17022.16
27830, -17154.00, -17030.70
27835, -17162.00, -17037.86
27840, -17171.00, -17045.77
27845, -17181.00, -17054.90
27850, -17188.00, -17061.73
27855, -17195.00, -17069.63
27860, -17200.00, -17077.04
27864, -17209.00, -17084.28
27868, -17214.00, -17090.88
27873, -17222.00, -17098.02
27878, -17231.00, -17105.13
27882, -17237.00, -17111.89
27886, -17244.00, -17119.03
27891, -17249.00, -17126.29
27896, -17256.00, -17133.87
27901, -17265.00, -17141.76
27906, -17272.00, -17149.74
27911, -17280.00, -17157.29
27917, -17288.00, -17165.78
27921, -17297.00, -17172.83
27926, -17300.00, -17179.47
27930, -17308.00, -17186.04
27935, -17315.00, -17193.67
27940, -17322.00, -17200.86
27944, -17329.00, -17207.41
27948, -17335.00, -17214.44
27953, -17343.00, -17221.39
27958, -17352.00, -17228.92
27962, -17358.00, -17235.75
27967, -17365.00, -17242.54
27971, -17371.00, -17249.46
27976, -17376.00, -17256.14
27980, -17383.00, -17262.77
27985, -17389.00, -17269.61
27989, -17396.00, -17276.72
27994, -17402.00, -17283.60
27999, -17410.00, -17290.92
28004, -17418.00, -17297.93
28008, -17424.00, -17304.87
28013, -17431.00, -17312.61
28019, -17439.00, -17320.68
28024, -17447.00, -17328.62
28029, -17454.00, -17336.05
28035, -17446.00, -17343.65
28041, -17434.00, -17351.21
28046, -17425.00, -17356.05
28051, -17417.00, -17359.83
28055, -17413.00, -17362.84
28060, -17405.00, -17365.28
28065, -17398.00, -17367.45
28070, -17391.00, -17369.14
28074, -17384.00, -17370.13
28079, -17375.00, -17370.64
28083, -17367.00, -17370.66
28088, -17359.00, -17370.23
28092, -17353.00, -17369.47
28096, -17346.00, -17368.41
28101, -17344.00, -17367.19
28105, -17336.00, -17365.73
28109, -17329.00, -17363.97
28114, -17322.00, -17361.71
28119, -17314.00, -17358.99
28124, -17305.00, -17356.10
28129, -17299.00, -17352.70
28134, -17289.00, -17349.11
28139, -17282.00, -17345.35
28145, -17274.00, -17340.79
28150, -17266.00, -17336.23
28156, -17258.00, -17331.13
28160, -17251.00, -17326.99
28165, -17242.00, -17321.65
28171, -17234.00, -17316.22
28175, -17228.00, -17311.70
28181, -17221.00, -17305.89
28186, -17210.00, -17299.84
28191, -17204.00, -17294.78
28195, -17195.00, -17289.33
28200, -17188.00, -17284.20
28204, -17180.00, -17278.55
28209, -17175.00, -17272.81
28213, -17164.00, -17267.18
28218, -17158.00, -17261.40
28223, -17151.00, -17254.71
28227, -17145.00, -17249.07
28232, -17137.00, -17242.90
28237, -17130.00, -17236.20
28241, -17122.00, -17230.19
28246, -17112.00, -17223.25
28251, -17106.00, -17216.72
28257, -17097.00, -17208.38
28262, -17091.00, -17201.83
28266, -17084.00, -17195.46
28271, -17076.00, -17188.84
28275, -17069.00, -17182.54
28280, -17062.00, -17176.22
28284, -17056.00, -17169.65
28289, -17048.00, -17162.71
28294, -17041.00, -17156.17
28298, -17032.00, -17149.40
28303, -17026.00, -17142.99
28307, -17022.00, -17136.38
28312, -17017.00, -17130.21
28316, -17010.00, -17124.03
28321, -17002.00, -17116.93
28325, -16994.00, -17110.71
28330, -16989.00, -17104.14
28335, -16981.00, -17096.85
28339, -16974.00, -17090.62
28343, -16967.00, -17084.09
28348, -16960.00, -17076.91
28353, -16951.00, -17069.88
28357, -16946.00, -17063.38
28362, -16941.00, -17057.09
28366, -16936.00, -17050.61
28371, -16928.00, -17043.70
28375, -16921.00, -17037.51
28380, -16914.00, -17030.97
28385, -16906.00, -17022.93
28390, -16899.00, -17016.48
28394, -16891.00, -17009.91
28399, -16885.00, -17003.00
28403, -16876.00, -16996.10
28408, -16871.00, -16988.75
28413, -16867.00, -16982.30
28417, -16859.00, -16975.36
28422, -16851.00, -16967.91
28427, -16846.00, -16961.25
28432, -16838.00, -16954.47
28436, -16832.00, -16947.79
28441, -16825.00, -16941.37
28445, -16818.00, -16934.65
28450, -16810.00, -16927.88
28455, -16804.00, -16920.69
28459, -16796.00, -16914.28
28465, -16786.00, -16905.66
28470, -16780.00, -16898.48
28474, -16772.00, -16891.89
28479, -16766.00, -16884.59
28484, -16758.00, -16877.05
28489, -16750.00, -16869.76
28493, -16744.00, -16862.99
28498, -16738.00, -16856.04
