3784, -17759.00, -17042.27, -420
3789, -17761.00, -17089.36, -420
3794, -17760.00, -17131.85, -420
3800, -17760.00, -17176.83, -420
3806, -17760.00, -17219.40, -420
3812, -17761.00, -17255.54, -420
3817, -17759.00, -17289.23, -420
3823, -17759.00, -17320.43, -420
3828, -17761.00, -17348.85, -419
3833, -17760.00, -17371.40, -419
3837, -17761.00, -17392.84, -419
3842, -17761.00, -17412.62, -419
3846, -17760.00, -17431.34, -419
3850, -17761.00, -17449.11, -419
3855, -17760.00, -17465.71, -419
3859, -17758.00, -17481.55, -419
3864, -17761.00, -17496.65, -419
3869, -17761.00, -17513.14, -419
3874, -17760.00, -17528.37, -418
3879, -17759.00, -17543.83, -418
3884, -17760.00, -17557.46, -418
3889, -17759.00, -17569.77, -418
3895, -17760.00, -17581.57, -418
3900, -17761.00, -17592.65, -418
3905, -17761.00, -17604.16, -417
3910, -17761.00, -17613.84, -417
3915, -17759.00, -17622.78, -417
3921, -17761.00, -17632.11, -417
3926, -17760.00, -17640.10, -417
3931, -17760.00, -17647.71, -417
3936, -17761.00, -17654.49, -417
3941, -17761.00, -17660.42, -417
3945, -17761.00, -17665.82, -417
3950, -17759.00, -17670.81, -417
3954, -17759.00, -17675.71, -416
3959, -17759.00, -17680.28, -416
3963, -17760.00, -17684.54, -416
3968, -17760.00, -17688.93, -416
3973, -17760.00, -17693.36, -416
3978, -17760.00, -17697.36, -416
3983, -17761.00, -17701.51, -416
3988, -17760.00, -17705.27, -416
3994, -17761.00, -17708.81, -416
3999, -17760.00, -17712.09, -416
4004, -17760.00, -17715.28, -400
4010, -17774.00, -17718.66, -294
4015, -17784.00, -17722.41, -110
4020, -17795.00, -17726.93, 118
4025, -17805.00, -17731.38, 374
4031, -17814.00, -17736.35, 659
4036, -17826.00, -17741.78, 954
4041, -17833.00, -17747.20, 1266
4046, -17842.00, -17752.91, 1665
4052, -17854.00, -17759.93, 1957
4057, -17862.00, -17765.17, 2262
4061, -17870.00, -17770.60, 2567
4065, -17877.00, -17776.04, 2878
4070, -17885.00, -17781.71, 3185
4074, -17894.00, -17787.44, 3495
4079, -17901.00, -17793.38, 3793
4083, -17910.00, -17799.47, 4130
4088, -17918.00, -17806.44, 4448
4093, -17927.00, -17813.28, 4777
4098, -17936.00, -17820.76, 5077
4103, -17946.00, -17827.83, 5393
4108, -17956.00, -17835.74, 5684
4113, -17964.00, -17843.43, 5978
4118, -17975.00, -17851.42, 6264
4124, -17985.00, -17859.55, 6545
4129, -17996.00, -17868.13, 6799
4134, -18003.00, -17876.02, 7050
4139, -18013.00, -17884.17, 7306
4144, -18023.00, -17892.89, 7572
4150, -18033.00, -17902.12, 7804
4155, -18044.00, -17910.46, 8056
4161, -18052.00, -17919.91, 8278
4166, -18062.00, -17928.38, 8505
4171, -18071.00, -17937.08, 8685
4175, -18080.00, -17944.49, 8865
4180, -18090.00, -17952.02, 9040
4184, -18097.00, -17959.50, 9216
4188, -18105.00, -17967.12, 9386
4193, -18111.00, -17974.59, 9578
4198, -18120.00, -17983.36, 9790
4204, -18134.00, -17993.21, 9971
4208, -18140.00, -18001.71, 10159
4214, -18150.00, -18010.69, 10342
4219, -18159.00, -18019.46, 10524
4224, -18168.00, -18028.34, 10723
4229, -18180.00, -18038.57, 10896
4234, -18187.00, -18047.22, 11069
4239, -18198.00, -18056.20, 11239
4244, -18207.00, -18065.10, 11410
4249, -18215.00, -18074.03, 11583
4254, -18224.00, -18082.99, 11748
4259, -18231.00, -18091.61, 11917
4264, -18241.00, -18100.33, 12084
4269, -18250.00, -18109.27, 12257
4275, -18260.00, -18118.48, 12432
4280, -18268.00, -18127.84, 12608
4285, -18277.00, -18137.19, 12767
4290, -18284.00, -18145.48, 12913
4294, -18291.00, -18153.04, 13057
4299, -18299.00, -18160.72, 13203
4303, -18306.00, -18168.43, 13348
4308, -18312.00, -18175.93, 13491
4312, -18319.00, -18183.35, 13663
4317, -18327.00, -18192.49, 13835
4322, -18336.00, -18201.01, 14014
4328, -18343.00, -18210.24, 14180
4333, -18352.00, -18218.39, 14370
4338, -18361.00, -18228.11, 14552
4344, -18370.00, -18237.21, 14738
4349, -18379.00, -18246.44, 14917
4355, -18386.00, -18254.91, 15066
4359, -18392.00, -18262.03, 15216
4363, -18397.00, -18269.13, 15369
4368, -18403.00, -18276.22, 15524
4372, -18409.00, -18283.30, 15694
4377, -18416.00, -18291.05, 15875
4382, -18424.00, -18299.10, 16063
4387, -18430.00, -18307.21, 16250
4393, -18438.00, -18315.19, 16412
4397, -18444.00, -18321.82, 16569
4401, -18448.00, -18328.35, 16733
4406, -18455.00, -18335.02, 16901
4410, -18462.00, -18341.69, 17071
4414, -18467.00, -18348.35, 17276
4420, -18474.00, -18356.45, 17494
4425, -18480.00, -18364.45, 17701
4431, -18486.00, -18371.90, 17917
4436, -18492.00, -18379.51, 18139
4441, -18498.00, -18386.91, 18343
4446, -18503.00, -18393.53, 18564
4451, -18511.00, -18400.82, 18796
4456, -18516.00, -18407.97, 19035
4462, -18523.00, -18415.08, 19257
4467, -18528.00, -18421.75, 19466
4471, -18531.00, -18427.65, 19675
4476, -18537.00, -18433.78, 19898
4481, -18542.00, -18440.20, 20142
4486, -18548.00, -18447.38, 20371
4492, -18554.00, -18454.10, 20595
4497, -18559.00, -18460.68, 20818
4503, -18566.00, -18467.43, 21001
4507, -18570.00, -18472.90, 21180
4512, -18576.00, -18478.53, 21392
4517, -18579.00, -18485.28, 21562
4522, -18584.00, -18490.46, 21754
4527, -18590.00, -18496.78, 21944
4532, -18596.00, -18503.17, 22134
4538, -18599.00, -18509.11, 22312
4543, -18605.00, -18515.02, 22496
4548, -18609.00, -18521.24, 22706
4555, -18616.00, -18528.39, 22873
4560, -18619.00, -18534.08, 23034
4565, -18623.00, -18539.43, 23166
4570, -18629.00, -18544.11, 23308
4574, -18633.00, -18549.09, 23449
4579, -18638.00, -18554.08, 23579
4584, -18640.00, -18558.72, 23715
4588, -18644.00, -18563.53, 23848
4593, -18648.00, -18568.38, 23992
4598, -18652.00, -18573.54, 24124
4603, -18655.00, -18578.11, 24262
4608, -18659.00, -18582.99, 24377
4612, -18663.00, -18587.11, 24492
4617, -18668.00, -18591.25, 24606
4621, -18671.00, -18595.41, 24731
4626, -18675.00, -18600.25, 24870
4631, -18677.00, -18604.95, 24993
4636, -18683.00, -18609.35, 25118
4641, -18686.00, -18613.84, 25240
4646, -18689.00, -18618.22, 25365
4651, -18694.00, -18622.75, 25495
4656, -18698.00, -18627.28, 25622
4661, -18699.00, -18631.80, 25740
4666, -18704.00, -18635.77, 25855
4671, -18706.00, -18639.69, 25979
4676, -18711.00, -18643.88, 26098
4680, -18714.00, -18647.87, 26209
4685, -18717.00, -18651.57, 26337
4690, -18720.00, -18655.84, 26454
4695, -18723.00, -18659.58, 26586
4700, -18727.00, -18663.89, 26707
4705, -18729.00, -18667.71, 26836
4710, -18734.00, -18671.76, 26950
4715, -18738.00, -18675.33, 27090
4720, -18740.00, -18679.75, 27220
4726, -18742.00, -18683.70, 27348
4731, -18747.00, -18687.55, 27484
4736, -18749.00, -18691.58, 27605
4741, -18753.00, -18695.00, 27721
4746, -18757.00, -18698.34, 27853
4751, -18760.00, -18702.17, 27992
4756, -18763.00, -18706.11, 28131
4762, -18764.00, -18709.77, 28265
4767, -18769.00, -18713.25, 28401
4772, -18770.00, -18716.72, 28558
4778, -18776.00, -18720.72, 28693
4783, -18778.00, -18724.12, 28821
4787, -18781.00, -18727.27, 28961
4792, -18783.00, -18730.67, 29116
4798, -18787.00, -18734.15, 29285
4804, -18791.00, -18738.07, 29455
4809, -18793.00, -18741.93, 29614
4815, -18795.00, -18745.32, 29778
4820, -18799.00, -18748.79, 29917
4825, -18801.00, -18751.51, 30051
4829, -18804.00, -18754.21, 30189
4833, -18807.00, -18756.96, 30330
4838, -18809.00, -18759.69, 30472
4842, -18810.00, -18762.32, 30620
4846, -18814.00, -18764.99, 30769
4851, -18815.00, -18767.61, 30949
4856, -18818.00, -18770.69, 31106
4860, -18820.00, -18773.31, 31268
4865, -18824.00, -18775.95, 31437
4869, -18824.00, -18778.63, 31603
4874, -18828.00, -18781.15, 31800
4879, -18831.00, -18784.12, 32002
4884, -18832.00, -18786.99, 32218
4889, -18836.00, -18790.04, 32433
4894, -18838.00, -18792.82, 32667
4899, -18840.00, -18795.84, 32881
4904, -18843.00, -18798.48, 33126
4909, -18845.00, -18801.30, 33403
4915, -18848.00, -18804.40, 33667
4920, -18852.00, -18807.24, 33948
4925, -18853.00, -18810.15, 34235
4930, -18856.00, -18812.94, 34554
4936, -18859.00, -18815.91, 34876
4941, -18861.00, -18818.76, 35163
4946, -18863.00, -18821.13, 35459
4950, -18865.00, -18823.52, 35775
4955, -18865.00, -18826.04, 36125
4961, -18871.00, -18828.81, 36442
4966, -18873.00, -18831.41, 36748
4970, -18874.00, -18833.82, 37062
4975, -18878.00, -18836.45, 37395
4981, -18882.00, -18839.38, 37711
4986, -18882.00, -18842.12, 37996
4991, -18885.00, -18844.63, 38309
4997, -18888.00, -18847.60, 38616
5003, -18891.00, -18850.38, 38899
5008, -18893.00, -18853.11, 39182
5013, -18895.00, -18855.82, 39447
5018, -18898.00, -18858.36, 39709
5024, -18899.00, -18861.01, 39976
5030, -18902.00, -18863.97, 40242
5035, -18904.00, -18866.41, 40479
5040, -18906.00, -18868.86, 40718
5046, -18911.00, -18871.47, 40914
5050, -18912.00, -18873.61, 41099
5055, -18913.00, -18875.66, 41283
5059, -18916.00, -18877.73, 41464
5063, -18917.00, -18879.79, 41642
5068, -18919.00, -18881.82, 41820
5072, -18922.00, -18883.90, 41996
5076, -18923.00, -18885.98, 42192
5081, -18924.00, -18888.29, 42381
5086, -18927.00, -18890.51, 42596
5092, -18930.00, -18893.08, 42785
5097, -18933.00, -18895.41, 42992
5103, -18934.00, -18898.03, 43202
5108, -18936.00, -18900.51, 43387
5113, -18939.00, -18902.81, 43593
5119, -18941.00, -18905.40, 43790
5125, -18944.00, -18907.98, 43964
5129, -18945.00, -18909.95, 44117
5133, -18946.00, -18911.84, 44294
5139, -18950.00, -18914.08, 44466
5143, -18952.00, -18916.30, 44645
5148, -18954.00, -18918.54, 44821
5153, -18955.00, -18920.73, 44978
5158, -18958.00, -18922.66, 45131
5162, -18959.00, -18924.57, 45281
5167, -18961.00, -18926.46, 45436
5171, -18964.00, -18928.41, 45588
5175, -18964.00, -18930.29, 45737
5180, -18967.00, -18932.16, 45886
5184, -18969.00, -18934.04, 46057
5189, -18971.00, -18936.22, 46227
5194, -18973.00, -18938.35, 46403
5199, -18974.00, -18940.52, 46583
5204, -18979.00, -18942.75, 46761
5209, -18979.00, -18944.98, 46933
5214, -18980.00, -18947.02, 47113
5219, -18983.00, -18949.15, 47291
5224, -18985.00, -18951.27, 47490
5230, -18987.00, -18953.64, 47660
5234, -18989.00, -18955.63, 47846
5240, -18991.00, -18957.83, 48013
5244, -18992.00, -18959.64, 48172
5248, -18995.00, -18961.44, 48335
5253, -18997.00, -18963.30, 48498
5257, -18998.00, -18965.12, 48663
5261, -19000.00, -18966.92, 48830
5266, -19003.00, -18968.79, 49000
5270, -19002.00, -18970.59, 49173
5275, -19006.00, -18972.42, 49342
5279, -19005.00, -18974.17, 49511
5283, -19008.00, -18975.89, 49718
5288, -19010.00, -18977.95, 49911
5293, -19012.00, -18979.87, 50113
5298, -19013.00, -18981.84, 50316
5303, -19015.00, -18983.75, 50533
5308, -19018.00, -18985.78, 50747
5313, -19020.00, -18987.76, 50975
5318, -19022.00, -18989.84, 51205
5323, -19023.00, -18991.88, 51441
5328, -19026.00, -18993.89, 51677
5333, -19028.00, -18995.91, 51911
5338, -19029.00, -18997.86, 52149
5343, -19030.00, -18999.78, 52398
5349, -19033.00, -19001.79, 52628
5353, -19035.00, -19003.72, 52857
5358, -19038.00, -19005.73, 53081
5364, -19038.00, -19007.76, 53318
5369, -19042.00, -19009.81, 53531
5374, -19043.00, -19011.74, 53713
5378, -19043.00, -19013.40, 53890
5382, -19046.00, -19015.04, 54067
5387, -19048.00, -19016.76, 54235
5391, -19050.00, -19018.47, 54409
5396, -19051.00, -19020.24, 54573
5400, -19053.00, -19021.93, 54733
5404, -19054.00, -19023.63, 54892
5409, -19056.00, -19025.32, 55061
5414, -19058.00, -19027.20, 55240
5419, -19059.00, -19029.21, 55406
5424, -19063.00, -19031.15, 55577
5429, -19063.00, -19033.13, 55722
5433, -19066.00, -19034.82, 55862
5438, -19067.00, -19036.51, 55998
5442, -19068.00, -19038.16, 56130
5446, -19069.00, -19039.77, 56265
5451, -19071.00, -19041.40, 56395
5455, -19074.00, -19043.07, 56525
5460, -19075.00, -19044.74, 56650
5464, -19078.00, -19046.41, 56778
5468, -19079.00, -19048.11, 56905
5473, -19079.00, -19049.78, 57033
5477, -19082.00, -19051.43, 57171
5482, -19083.00, -19053.32, 57310
5487, -19084.00, -19055.10, 57451
5492, -19087.00, -19056.95, 57592
5497, -19089.00, -19058.83, 57730
5502, -19090.00, -19060.68, 57870
5507, -19093.00, -19062.60, 58006
5512, -19094.00, -19064.42, 58139
5517, -19097.00, -19066.29, 58278
5522, -19099.00, -19068.27, 58418
5527, -19099.00, -19070.17, 58552
5532, -19101.00, -19071.96, 58682
5537, -19104.00, -19073.75, 58821
5542, -19106.00, -19075.69, 58956
5547, -19108.00, -19077.59, 59089
5552, -19111.00, -19079.52, 59226
5557, -19112.00, -19081.46, 59350
5561, -19114.00, -19083.21, 59472
5566, -19116.00, -19084.96, 59599
5570, -19116.00, -19086.73, 59717
5575, -19118.00, -19088.34, 59845
5579, -19120.00, -19090.10, 59972
5584, -19122.00, -19091.88, 60103
5589, -19123.00, -19093.67, 60230
5594, -19125.00, -19095.40, 60350
5598, -19127.00, -19097.04, 60471
5602, -19129.00, -19098.69, 60607
5607, -19130.00, -19100.51, 60731
5612, -19132.00, -19102.13, 60858
5616, -19134.00, -19103.77, 60982
5620, -19135.00, -19105.41, 61110
5625, -19137.00, -19107.04, 61253
5630, -19139.00, -19108.90, 61388
5634, -19140.00, -19110.55, 61529
5639, -19144.00, -19112.35, 61666
5643, -19145.00, -19114.10, 61817
5648, -19145.00, -19115.92, 61962
5652, -19148.00, -19117.61, 62112
5657, -19151.00, -19119.44, 62271
5662, -19150.00, -19121.27, 62431
5667, -19153.00, -19123.11, 62600
5672, -19155.00, -19124.92, 62773
5677, -19156.00, -19126.86, 62955
5682, -19159.00, -19128.71, 63127
5687, -19161.00, -19130.51, 63292
5691, -19162.00, -19132.18, 63463
5696, -19164.00, -19133.87, 63639
5700, -19166.00, -19135.61, 63821
5705, -19169.00, -19137.40, 64035
5710, -19169.00, -19139.45, 64234
5715, -19171.00, -19141.27, 64429
5719, -19173.00, -19142.92, 64655
5724, -19176.00, -19144.89, 64878
5729, -19178.00, -19146.84, 65105
5734, -19179.00, -19148.67, 65354
5739, -19181.00, -19150.66, 65615
5745, -19183.00, -19152.65, 65916
5751, -19186.00, -19155.02, 66231
5756, -19188.00, -19157.11, 66506
5761, -19190.00, -19158.94, 66813
5766, -19191.00, -19160.96, 67102
5771, -19194.00, -19162.76, 67447
5776, -19195.00, -19164.85, 67826
5782, -19198.00, -19166.99, 68153
5787, -19200.00, -19168.86, 68507
5792, -19202.00, -19170.88, 68916
5797, -19204.00, -19173.09, 69272
5803, -19206.00, -19175.12, 69647
5808, -19208.00, -19177.27, 69996
5813, -19210.00, -19179.33, 70317
5818, -19211.00, -19181.15, 70595
5823, -19215.00, -19182.87, 70885
5828, -19216.00, -19184.80, 71163
5832, -19217.00, -19186.59, 71421
5837, -19219.00, -19188.34, 71703
5842, -19222.00, -19190.29, 71988
5847, -19223.00, -19192.33, 72238
5852, -19224.00, -19194.13, 72505
5857, -19227.00, -19196.16, 72767
5862, -19229.00, -19198.15, 73019
5867, -19232.00, -19200.17, 73253
5872, -19233.00, -19202.11, 73492
5877, -19235.00, -19204.15, 73726
5883, -19237.00, -19206.17, 73962
5888, -19241.00, -19208.31, 74191
5893, -19240.00, -19210.41, 74400
5898, -19244.00, -19212.33, 74605
5903, -19245.00, -19214.31, 74820
5909, -19246.00, -19216.33, 74995
5913, -19248.00, -19217.96, 75163
5917, -19251.00, -19219.66, 75348
5922, -19253.00, -19221.59, 75524
5927, -19255.00, -19223.45, 75698
5932, -19256.00, -19225.31, 75869
5936, -19259.00, -19227.12, 76036
5941, -19260.00, -19228.95, 76205
5946, -19262.00, -19230.80, 76372
5951, -19263.00, -19232.65, 76538
5956, -19265.00, -19234.56, 76701
5960, -19269.00, -19236.36, 76865
5965, -19270.00, -19238.31, 77033
5970, -19273.00, -19240.31, 77209
5975, -19273.00, -19242.42, 77389
5981, -19275.00, -19244.47, 77563
5986, -19278.00, -19246.44, 77751
5991, -19280.00, -19248.68, 77942
5997, -19282.00, -19250.89, 78100
6002, -19284.00, -19252.76, 78270
6007, -19287.00, -19254.86, 78451
6012, -19289.00, -19257.08, 78640
6018, -19290.00, -19259.31, 78800
6023, -19293.00, -19261.21, 78967
6028, -19295.00, -19263.26, 79131
6033, -19297.00, -19265.33, 79291
6038, -19300.00, -19267.19, 79440
6042, -19300.00, -19269.03, 79598
6047, -19303.00, -19270.93, 79747
6052, -19304.00, -19272.71, 79925
6057, -19307.00, -19274.90, 80091
6062, -19308.00, -19276.89, 80279
6068, -19311.00, -19279.11, 80476
6074, -19313.00, -19281.49, 80664
6079, -19317.00, -19283.77, 80849
6085, -19320.00, -19286.17, 81036
6090, -19321.00, -19288.37, 81217
6096, -19323.00, -19290.56, 81395
6101, -19325.00, -19292.55, 81581
6106, -19326.00, -19294.77, 81787
6112, -19329.00, -19297.00, 81994
6117, -19333.00, -19299.35, 82170
6122, -19335.00, -19301.40, 82347
6127, -19336.00, -19303.37, 82516
6132, -19338.00, -19305.23, 82700
6136, -19341.00, -19307.28, 82893
6141, -19342.00, -19309.37, 83065
6146, -19345.00, -19311.20, 83241
6150, -19347.00, -19313.06, 83458
6156, -19349.00, -19315.44, 83680
6161, -19350.00, -19317.62, 83874
6166, -19355.00, -19319.66, 84108
6172, -19355.00, -19322.07, 84344
6177, -19359.00, -19324.46, 84565
6182, -19362.00, -19326.63, 84785
6187, -19362.00, -19328.83, 85003
6192, -19367.00, -19331.02, 85231
6198, -19369.00, -19333.43, 85438
6203, -19371.00, -19335.64, 85652
6208, -19372.00, -19337.95, 85858
6213, -19375.00, -19340.16, 86057
6218, -19376.00, -19342.39, 86258
6223, -19380.00, -19344.66, 86470
6229, -19383.00, -19347.23, 86661
6235, -19384.00, -19349.61, 86823
6239, -19385.00, -19351.62, 86970
6244, -19389.00, -19353.61, 87107
6248, -19389.00, -19355.50, 87250
6253, -19392.00, -19357.62, 87397
6258, -19394.00, -19359.88, 87526
6264, -19394.00, -19361.98, 87646
6268, -19396.00, -19363.99, 87757
6274, -19396.00, -19365.95, 87871
6279, -19398.00, -19368.07, 87967
6284, -19400.00, -19370.03, 88071
6290, -19402.00, -19372.22, 88159
6296, -19404.00, -19374.20, 88245
6301, -19405.00, -19376.14, 88327
6306, -19407.00, -19378.04, 88406
6311, -19407.00, -19379.85, 88484
6316, -19409.00, -19381.65, 88563
6322, -19411.00, -19383.46, 88634
6327, -19411.00, -19385.15, 88706
6332, -19411.00, -19386.70, 88774
6337, -19414.00, -19388.25, 88845
6342, -19416.00, -19389.93, 88907
6346, -19415.00, -19391.37, 88970
6351, -19417.00, -19392.83, 89034
6356, -19419.00, -19394.31, 89100
6361, -19420.00, -19395.83, 89163
6366, -19421.00, -19397.26, 89220
6370, -19421.00, -19398.54, 89283
6375, -19422.00, -19399.99, 89356
6381, -19426.00, -19401.67, 89410
6385, -19425.00, -19402.95, 89474
6391, -19429.00, -19404.46, 89533
6395, -19428.00, -19405.87, 89590
6400, -19431.00, -19407.19, 89647
6405, -19430.00, -19408.57, 89704
6409, -19433.00, -19409.84, 89765
6414, -19433.00, -19411.27, 89824
6419, -19434.00, -19412.52, 89884
6424, -19436.00, -19413.88, 89938
6428, -19438.00, -19415.11, 89993
6433, -19440.00, -19416.41, 90048
6437, -19441.00, -19417.69, 90110
6442, -19444.00, -19419.18, 90177
6447, -19444.00, -19420.71, 90242
6452, -19446.00, -19422.17, 90310
6457, -19448.00, -19423.65, 90378
6462, -19449.00, -19425.12, 90452
6467, -19452.00, -19426.65, 90517
6471, -19455.00, -19428.06, 90584
6475, -19455.00, -19429.49, 90653
6480, -19457.00, -19430.89, 90723
6484, -19460.00, -19432.36, 90795
6488, -19462.00, -19433.88, 90869
6493, -19463.00, -19435.42, 90945
6497, -19465.00, -19436.93, 91042
6503, -19469.00, -19438.93, 91133
6508, -19471.00, -19440.86, 91229
6513, -19476.00, -19442.84, 91322
6518, -19477.00, -19444.91, 91410
6522, -19481.00, -19446.70, 91497
6526, -19482.00, -19448.56, 91585
6531, -19485.00, -19450.47, 91686
6536, -19488.00, -19452.69, 91785
6541, -19492.00, -19454.91, 91887
6546, -19493.00, -19457.21, 91993
6551, -19498.00, -19459.59, 92093
6556, -19502.00, -19462.00, 92199
6561, -19505.00, -19464.59, 92307
6566, -19508.00, -19467.23, 92413
6571, -19512.00, -19469.82, 92524
6576, -19517.00, -19472.67, 92633
6582, -19519.00, -19475.56, 92739
6586, -19523.00, -19478.26, 92832
6591, -19526.00, -19480.74, 92925
6595, -19528.00, -19483.21, 93019
6600, -19532.00, -19485.72, 93115
6604, -19535.00, -19488.36, 93209
6608, -19538.00, -19490.92, 93319
6614, -19541.00, -19493.94, 93430
6619, -19547.00, -19496.94, 93543
6624, -19551.00, -19500.15, 93656
6629, -19553.00, -19503.30, 93774
6634, -19559.00, -19506.60, 93890
6639, -19560.00, -19509.82, 93994
6643, -19564.00, -19512.62, 94099
6648, -19570.00, -19515.61, 94223
6653, -19575.00, -19519.24, 94347
6658, -19578.00, -19522.84, 94473
6663, -19583.00, -19526.40, 94600
6668, -19588.00, -19530.03, 94737
6674, -19592.00, -19534.00, 94877
6679, -19597.00, -19538.04, 95007
6684, -19601.00, -19541.48, 95123
6688, -19605.00, -19544.78, 95246
6693, -19609.00, -19548.20, 95366
6697, -19615.00, -19551.62, 95490
6701, -19618.00, -19555.10, 95613
6706, -19622.00, -19558.54, 95736
6710, -19627.00, -19562.09, 95858
6714, -19631.00, -19565.62, 95985
6719, -19636.00, -19569.26, 96112
6723, -19640.00, -19572.90, 96262
6728, -19644.00, -19577.20, 96419
6733, -19650.00, -19581.48, 96580
6738, -19656.00, -19585.99, 96741
6743, -19662.00, -19590.48, 96918
6749, -19667.00, -19595.24, 97086
6754, -19672.00, -19599.97, 97264
6759, -19677.00, -19604.54, 97452
6764, -19684.00, -19609.49, 97627
6769, -19689.00, -19613.93, 97801
6774, -19693.00, -19618.36, 98013
6779, -19701.00, -19623.77, 98216
6784, -19707.00, -19628.54, 98410
6789, -19712.00, -19633.28, 98637
6794, -19718.00, -19638.50, 98841
6799, -19726.00, -19643.29, 99042
6803, -19729.00, -19647.80, 99263
6808, -19738.00, -19652.76, 99474
6813, -19741.00, -19657.36, 99709
6817, -19748.00, -19662.43, 99973
6823, -19755.00, -19668.06, 100257
6828, -19760.00, -19673.85, 100518
6832, -19767.00, -19678.82, 100826
6838, -19774.00, -19684.97, 101134
6843, -19782.00, -19690.86, 101458
6849, -19788.00, -19697.29, 101760
6854, -19796.00, -19703.32, 102089
6860, -19804.00, -19709.98, 102409
6865, -19810.00, -19716.55, 102667
6870, -19818.00, -19722.05, 102961
6875, -19826.00, -19728.68, 103237
6880, -19833.00, -19734.98, 103485
6885, -19839.00, -19740.77, 103732
6890, -19849.00, -19746.75, 103958
6894, -19854.00, -19752.57, 104217
6900, -19861.00, -19759.25, 104464
6905, -19869.00, -19766.05, 104697
6910, -19877.00, -19772.34, 104904
6914, -19885.00, -19778.29, 105110
6919, -19892.00, -19784.35, 105319
6924, -19900.00, -19790.84, 105555
6929, -19909.00, -19798.44, 105750
6933, -19915.00, -19804.48, 105956
6938, -19923.00, -19811.39, 106169
6943, -19933.00, -19818.70, 106354
6948, -19940.00, -19825.08, 106527
6952, -19945.00, -19831.27, 106722
6957, -19954.00, -19838.54, 106912
6962, -19961.00, -19845.60, 107085
6967, -19970.00, -19852.30, 107273
6972, -19977.00, -19859.71, 107439
6976, -19985.00, -19866.32, 107606
6981, -19992.00, -19873.19, 107761
6985, -20001.00, -19879.76, 107928
6990, -20008.00, -19887.05, 108101
6995, -20017.00, -19894.60, 108267
7000, -20025.00, -19902.15, 108455
7005, -20035.00, -19910.69, 108636
7011, -20044.00, -19918.98, 108810
7016, -20052.00, -19927.06, 108980
7021, -20061.00, -19935.10, 109154
7026, -20071.00, -19943.61, 109301
7031, -20078.00, -19950.69, 109444
7035, -20085.00, -19957.63, 109595
7040, -20093.00, -19965.17, 109755
7045, -20103.00, -19973.55, 109903
7049, -20110.00, -19980.69, 110053
7054, -20119.00, -19988.44, 110202
7059, -20127.00, -19996.05, 110374
7064, -20136.00, -20005.06, 110552
7070, -20145.00, -20014.26, 110731
7075, -20154.00, -20023.51, 110895
7080, -20161.00, -20031.91, 111046
7085, -20173.00, -20039.88, 111216
7091, -20180.00, -20048.83, 111371
7096, -20188.00, -20057.14, 111527
7101, -20196.00, -20065.37, 111706
7106, -20206.00, -20074.70, 111871
7112, -20213.00, -20083.33, 112027
7117, -20222.00, -20091.54, 112182
7122, -20230.00, -20099.62, 112341
7127, -20239.00, -20107.95, 112478
7131, -20246.00, -20115.02, 112613
7135, -20253.00, -20122.16, 112749
7140, -20260.00, -20129.21, 112883
7144, -20265.00, -20136.18, 113022
7148, -20272.00, -20143.23, 113163
7153, -20280.00, -20150.45, 113303
7157, -20287.00, -20157.46, 113445
7161, -20293.00, -20164.47, 113587
7166, -20300.00, -20171.47, 113730
7170, -20308.00, -20178.47, 113875
7174, -20314.00, -20185.49, 114027
7179, -20321.00, -20192.73, 114181
7183, -20327.00, -20199.97, 114332
7188, -20333.00, -20206.91, 114485
7192, -20339.00, -20213.85, 114653
7197, -20349.00, -20221.42, 114815
7201, -20354.00, -20228.86, 114990
7206, -20362.00, -20236.29, 115172
7211, -20367.00, -20244.22, 115348
7216, -20377.00, -20251.75, 115552
7221, -20385.00, -20260.03, 115753
7227, -20390.00, -20268.03, 115958
7232, -20400.00, -20275.98, 116159
7237, -20406.00, -20283.66, 116357
7241, -20414.00, -20291.08, 116561
7246, -20419.00, -20298.49, 116781
7251, -20426.00, -20306.19, 116976
7256, -20433.00, -20312.78, 117178
7260, -20440.00, -20319.62, 117376
7265, -20445.00, -20326.17, 117603
7270, -20454.00, -20333.69, 117855
7275, -20461.00, -20341.90, 118092
7280, -20467.00, -20349.73, 118331
7286, -20474.00, -20357.62, 118566
7291, -20482.00, -20365.50, 118809
7297, -20488.00, -20373.80, 119037
7302, -20496.00, -20381.45, 119274
7308, -20504.00, -20389.82, 119485
7313, -20510.00, -20397.27, 119698
7319, -20517.00, -20405.09, 119932
7325, -20525.00, -20413.72, 120137
7330, -20532.00, -20421.36, 120331
7336, -20536.00, -20428.82, 120538
7342, -20545.00, -20436.78, 120722
7347, -20550.00, -20443.84, 120905
7352, -20556.00, -20451.05, 121055
7357, -20564.00, -20456.98, 121194
7361, -20568.00, -20462.71, 121336
7366, -20572.00, -20468.64, 121484
7370, -20578.00, -20474.73, 121625
7375, -20583.00, -20480.82, 121779
7380, -20588.00, -20487.38, 121931
7385, -20595.00, -20493.93, 122081
7391, -20600.00, -20500.53, 122233
7396, -20605.00, -20506.96, 122382
7401, -20609.00, -20513.34, 122522
7406, -20615.00, -20519.29, 122646
7411, -20620.00, -20525.01, 122775
7415, -20625.00, -20530.26, 122894
7420, -20628.00, -20535.46, 123028
7425, -20634.00, -20541.30, 123159
7429, -20637.00, -20546.87, 123299
7435, -20643.00, -20552.88, 123435
7440, -20649.00, -20558.89, 123559
7445, -20653.00, -20564.12, 123676
7449, -20656.00, -20569.14, 123803
7454, -20660.00, -20574.57, 123939
7460, -20666.00, -20580.30, 124076
7465, -20670.00, -20586.04, 124192
7470, -20674.00, -20590.77, 124304
7474, -20679.00, -20595.37, 124416
7478, -20681.00, -20599.85, 124525
7483, -20684.00, -20604.25, 124636
7487, -20688.00, -20608.60, 124746
7491, -20691.00, -20612.94, 124859
7496, -20697.00, -20617.34, 124982
7501, -20700.00, -20622.17, 125105
7505, -20704.00, -20626.90, 125231
7510, -20708.00, -20631.71, 125356
7515, -20713.00, -20636.36, 125468
7520, -20716.00, -20640.51, 125578
7524, -20719.00, -20644.61, 125701
7529, -20723.00, -20649.15, 125834
7534, -20727.00, -20654.07, 125960
7539, -20730.00, -20658.41, 126092
7544, -20733.00, -20662.96, 126214
7549, -20737.00, -20666.92, 126334
7553, -20741.00, -20670.85, 126452
7557, -20744.00, -20674.69, 126569
7562, -20747.00, -20678.48, 126690
7566, -20750.00, -20682.30, 126811
7571, -20752.00, -20685.98, 126934
7575, -20756.00, -20689.60, 127054
7579, -20758.00, -20693.13, 127179
7584, -20761.00, -20696.68, 127303
7588, -20764.00, -20700.14, 127432
7592, -20769.00, -20703.74, 127584
7598, -20772.00, -20707.93, 127733
7603, -20775.00, -20711.88, 127892
7608, -20777.00, -20715.92, 128052
7613, -20782.00, -20719.86, 128216
7618, -20785.00, -20723.81, 128384
7623, -20788.00, -20727.69, 128551
7628, -20790.00, -20731.54, 128725
7633, -20795.00, -20735.16, 128906
7638, -20798.00, -20739.03, 129089
7643, -20802.00, -20742.81, 129264
7648, -20803.00, -20746.18, 129455
7653, -20806.00, -20749.83, 129648
7658, -20811.00, -20753.47, 129852
7663, -20811.00, -20756.98, 130067
7668, -20816.00, -20760.53, 130283
7673, -20819.00, -20764.05, 130501
7678, -20821.00, -20767.39, 130721
7683, -20826.00, -20770.78, 130950
7688, -20829.00, -20774.15, 131185
7693, -20830.00, -20777.37, 131451
7698, -20834.00, -20780.87, 131708
7703, -20836.00, -20784.13, 131955
7708, -20839.00, -20787.02, 132199
7712, -20842.00, -20789.88, 132455
7716, -20844.00, -20792.73, 132719
7721, -20847.00, -20795.57, 132993
7725, -20850.00, -20798.42, 133303
7730, -20852.00, -20801.69, 133678
7736, -20854.00, -20805.07, 134018
7741, -20857.00, -20808.13, 134360
7746, -20862.00, -20811.32, 134701
7751, -20864.00, -20814.50, 135026
7756, -20867.00, -20817.60, 135350
7761, -20870.00, -20820.72, 135667
7766, -20873.00, -20823.78, 135975
7771, -20875.00, -20826.86, 136271
7776, -20877.00, -20829.88, 136577
7781, -20879.00, -20832.91, 136874
7786, -20882.00, -20835.90, 137164
7791, -20884.00, -20838.93, 137410
7796, -20889.00, -20841.54, 137645
7800, -20890.00, -20844.13, 137866
7805, -20890.00, -20846.55, 138087
7809, -20894.00, -20848.98, 138304
7813, -20896.00, -20851.47, 138513
7818, -20897.00, -20853.87, 138720
7822, -20901.00, -20856.27, 138924
7826, -20902.00, -20858.68, 139130
7831, -20903.00, -20861.08, 139327
7835, -20906.00, -20863.42, 139540
7840, -20909.00, -20866.06, 139769
7846, -20910.00, -20868.86, 139974
7850, -20915.00, -20871.46, 140174
7855, -20916.00, -20874.05, 140375
7860, -20918.00, -20876.61, 140559
7865, -20920.00, -20879.00, 140748
7870, -20922.00, -20881.45, 140951
7875, -20925.00, -20884.25, 141152
7880, -20927.00, -20886.81, 141359
7886, -20929.00, -20889.58, 141543
7891, -20932.00, -20892.08, 141728
7896, -20935.00, -20894.65, 141904
7901, -20938.00, -20897.11, 142091
7906, -20939.00, -20899.88, 142256
7911, -20941.00, -20902.16, 142420
7915, -20944.00, -20904.43, 142595
7920, -20945.00, -20906.90, 142772
7925, -20948.00, -20909.29, 142975
7931, -20949.00, -20912.15, 143153
7937, -20953.00, -20914.59, 143340
7942, -20953.00, -20917.17, 143526
7948, -20957.00, -20919.74, 143683
7952, -20960.00, -20921.86, 143830
7957, -20962.00, -20923.98, 143981
7961, -20963.00, -20926.12, 144143
7966, -20965.00, -20928.34, 144322
7971, -20968.00, -20930.89, 144497
7977, -20969.00, -20933.33, 144655
7981, -20971.00, -20935.38, 144823
7986, -20974.00, -20937.65, 145017
7992, -20975.00, -20940.32, 145205
7998, -20978.00, -20942.77, 145398
8004, -20979.00, -20945.32, 145578
8009, -20982.00, -20947.60, 145768
8015, -20983.00, -20950.02, 145903
8019, -20983.00, -20951.87, 145967
8024, -20980.00, -20953.54, 145986
8029, -20978.00, -20954.99, 145959
8033, -20978.00, -20956.31, 145904
8038, -20975.00, -20957.50, 145813
8043, -20972.00, -20958.52, 145705
8048, -20972.00, -20959.34, 145574
8054, -20968.00, -20960.05, 145431
8059, -20967.00, -20960.55, 145272
8065, -20964.00, -20960.89, 145119
8070, -20963.00, -20961.06, 144942
8076, -20960.00, -20961.09, 144767
8082, -20957.00, -20960.91, 144601
8088, -20954.00, -20960.55, 144424
8093, -20952.00, -20960.02, 144280
8098, -20952.00, -20959.57, 144118
8103, -20949.00, -20959.00, 143942
8109, -20947.00, -20958.25, 143739
8115, -20946.00, -20957.34, 143563
8121, -20944.00, -20956.49, 143381
8126, -20941.00, -20955.54, 143206
8132, -20938.00, -20954.46, 143056
8136, -20935.00, -20953.49, 142912
8141, -20933.00, -20952.42, 142756
8146, -20931.00, -20951.23, 142580
8151, -20929.00, -20949.77, 142405
8157, -20927.00, -20948.40, 142238
8161, -20923.00, -20947.00, 142061
8167, -20922.00, -20945.20, 141855
8173, -20918.00, -20943.52, 141686
8178, -20916.00, -20941.97, 141522
8183, -20915.00, -20940.43, 141340
8188, -20913.00, -20938.74, 141182
8192, -20910.00, -20937.29, 141024
8197, -20909.00, -20935.80, 140853
8201, -20907.00, -20934.21, 140677
8206, -20904.00, -20932.52, 140508
8210, -20903.00, -20930.94, 140336
8215, -20900.00, -20929.30, 140150
8220, -20899.00, -20927.60, 139954
8225, -20895.00, -20925.71, 139765
8229, -20893.00, -20923.92, 139557
8234, -20891.00, -20921.95, 139358
8239, -20888.00, -20920.05, 139134
8245, -20885.00, -20917.90, 138932
8249, -20883.00, -20915.89, 138685
8255, -20882.00, -20913.76, 138467
8260, -20878.00, -20911.76, 138256
8264, -20877.00, -20909.89, 138006
8269, -20874.00, -20907.67, 137781
8274, -20873.00, -20905.80, 137542
8279, -20869.00, -20903.79, 137253
8284, -20867.00, -20901.38, 136978
8289, -20863.00, -20899.12, 136683
8295, -20861.00, -20896.68, 136375
8300, -20858.00, -20894.29, 136059
8305, -20854.00, -20891.83, 135747
8310, -20853.00, -20889.43, 135418
8316, -20850.00, -20887.03, 135049
8321, -20847.00, -20884.39, 134696
8326, -20842.00, -20881.81, 134345
8332, -20840.00, -20879.25, 133986
8337, -20838.00, -20876.60, 133632
8343, -20835.00, -20873.93, 133312
8348, -20832.00, -20871.35, 133008
8352, -20830.00, -20869.04, 132742
8357, -20827.00, -20866.81, 132490
8361, -20825.00, -20864.63, 132245
8366, -20823.00, -20862.48, 132008
8370, -20820.00, -20860.31, 131731
8375, -20817.00, -20857.60, 131505
8380, -20814.00, -20855.36, 131277
8384, -20810.00, -20852.95, 131045
8389, -20808.00, -20850.29, 130786
8395, -20804.00, -20847.29, 130583
8399, -20802.00, -20844.87, 130365
8404, -20798.00, -20842.11, 130157
8409, -20796.00, -20839.47, 129974
8413, -20794.00, -20837.06, 129785
8418, -20789.00, -20834.42, 129586
8423, -20786.00, -20831.51, 129388
8429, -20781.00, -20828.31, 129199
8434, -20782.00, -20825.48, 129026
8439, -20777.00, -20822.78, 128847
8444, -20773.00, -20819.77, 128688
8448, -20770.00, -20817.10, 128539
8453, -20768.00, -20814.40, 128384
8457, -20764.00, -20811.71, 128214
8463, -20760.00, -20808.52, 128076
8467, -20758.00, -20805.87, 127924
8472, -20755.00, -20802.93, 127790
8476, -20751.00, -20800.28, 127660
8481, -20747.00, -20797.54, 127530
8485, -20746.00, -20794.80, 127399
8490, -20743.00, -20792.05, 127263
8494, -20738.00, -20789.05, 127132
8499, -20734.00, -20786.12, 127007
8503, -20732.00, -20783.21, 126883
8508, -20728.00, -20780.30, 126750
8513, -20725.00, -20777.10, 126622
8517, -20722.00, -20774.07, 126496
8522, -20717.00, -20770.92, 126371
8527, -20715.00, -20767.78, 126246
8532, -20711.00, -20764.52, 126124
8536, -20709.00, -20761.33, 125999
8541, -20703.00, -20758.00, 125874
8546, -20700.00, -20754.61, 125751
8551, -20696.00, -20751.20, 125631
8556, -20691.00, -20747.88, 125507
8561, -20687.00, -20744.35, 125392
8565, -20684.00, -20741.08, 125278
8570, -20681.00, -20737.88, 125171
8574, -20675.00, -20734.72, 125058
8579, -20671.00, -20731.38, 124948
8583, -20669.00, -20728.08, 124841
8587, -20664.00, -20724.84, 124713
8593, -20660.00, -20720.86, 124588
8597, -20656.00, -20717.03, 124455
8603, -20651.00, -20713.02, 124330
8608, -20649.00, -20709.18, 124198
8613, -20643.00, -20705.16, 124073
8618, -20637.00, -20701.17, 123942
8623, -20632.00, -20696.92, 123812
8629, -20627.00, -20692.55, 123678
8634, -20623.00, -20688.37, 123552
8639, -20616.00, -20684.14, 123414
8644, -20612.00, -20679.59, 123294
8649, -20606.00, -20675.63, 123182
8653, -20603.00, -20671.85, 123071
8657, -20599.00, -20668.10, 122955
8662, -20595.00, -20664.24, 122843
8666, -20590.00, -20660.43, 122725
8670, -20585.00, -20656.46, 122594
8676, -20581.00, -20651.95, 122458
8680, -20575.00, -20647.48, 122331
8685, -20570.00, -20643.19, 122189
8690, -20563.00, -20638.28, 122043
8696, -20558.00, -20633.33, 121904
8701, -20554.00, -20628.58, 121754
8706, -20548.00, -20623.54, 121584
8712, -20542.00, -20618.01, 121432
8717, -20534.00, -20613.00, 121293
8721, -20530.00, -20608.58, 121157
8726, -20526.00, -20604.19, 121002
8731, -20518.00, -20599.13, 120828
8737, -20511.00, -20593.45, 120647
8742, -20506.00, -20587.55, 120480
8747, -20500.00, -20582.49, 120295
8753, -20491.00, -20576.59, 120114
8758, -20484.00, -20570.97, 119937
8763, -20479.00, -20565.54, 119750
8768, -20472.00, -20559.72, 119547
8773, -20466.00, -20553.91, 119360
8778, -20461.00, -20548.62, 119186
8783, -20454.00, -20543.68, 119012
8787, -20447.00, -20538.72, 118831
8791, -20443.00, -20533.70, 118647
8796, -20436.00, -20528.69, 118457
8800, -20429.00, -20523.53, 118265
8805, -20424.00, -20518.29, 118044
8810, -20417.00, -20512.31, 117825
8814, -20411.00, -20506.45, 117599
8820, -20404.00, -20500.34, 117368
8825, -20396.00, -20493.84, 117147
8830, -20387.00, -20487.62, 116914
8835, -20379.00, -20480.78, 116694
8840, -20372.00, -20474.10, 116476
8846, -20366.00, -20467.52, 116294
8850, -20358.00, -20461.79, 116118
8854, -20353.00, -20456.18, 115945
8859, -20346.00, -20450.53, 115774
8863, -20341.00, -20444.82, 115605
8867, -20332.00, -20439.05, 115440
8872, -20328.00, -20433.29, 115274
8876, -20320.00, -20427.46, 115108
8881, -20312.00, -20421.34, 114927
8886, -20305.00, -20414.53, 114754
8890, -20296.00, -20407.92, 114577
8895, -20289.00, -20400.98, 114397
8900, -20281.00, -20393.73, 114213
8906, -20274.00, -20386.37, 114022
8911, -20263.00, -20378.17, 113842
8916, -20256.00, -20370.84, 113653
8922, -20246.00, -20362.74, 113490
8927, -20238.00, -20355.70, 113335
8931, -20229.00, -20348.86, 113140
8937, -20222.00, -20340.17, 112962
8943, -20213.00, -20332.12, 112803
8947, -20203.00, -20324.91, 112647
8952, -20196.00, -20317.55, 112486
8957, -20188.00, -20309.98, 112308
8963, -20179.00, -20301.49, 112135
8968, -20170.00, -20293.24, 111981
8973, -20161.00, -20285.75, 111829
8977, -20152.00, -20278.34, 111680
8982, -20145.00, -20270.76, 111539
8987, -20136.00, -20263.41, 111377
8992, -20128.00, -20255.56, 111240
8996, -20121.00, -20248.65, 111075
9002, -20111.00, -20239.59, 110904
9007, -20103.00, -20231.50, 110738
9012, -20094.00, -20223.06, 110569
9017, -20086.00, -20214.43, 110403
9022, -20075.00, -20205.88, 110236
9028, -20066.00, -20197.08, 110057
9033, -20056.00, -20188.14, 109899
9038, -20049.00, -20179.80, 109722
9044, -20039.00, -20170.81, 109536
9049, -20028.00, -20161.59, 109362
9055, -20019.00, -20152.44, 109185
9060, -20009.00, -20143.59, 109012
9065, -20000.00, -20135.16, 108858
9069, -19994.00, -20127.56, 108661
9075, -19983.00, -20117.90, 108496
9080, -19974.00, -20109.95, 108303
9085, -19965.00, -20100.61, 108088
9091, -19955.00, -20090.42, 107915
9096, -19947.00, -20082.37, 107700
9102, -19937.00, -20072.45, 107510
9107, -19928.00, -20063.85, 107290
9113, -19920.00, -20054.00, 107082
9118, -19911.00, -20045.18, 106864
9124, -19901.00, -20035.63, 106631
9129, -19891.00, -20025.93, 106395
9135, -19883.00, -20016.31, 106182
9140, -19874.00, -20007.88, 105981
9145, -19865.00, -19999.56, 105788
9149, -19861.00, -19992.29, 105575
9154, -19852.00, -19983.90, 105333
9160, -19844.00, -19974.92, 105082
9165, -19836.00, -19965.93, 104858
9170, -19829.00, -19958.23, 104613
9175, -19821.00, -19949.98, 104361
9180, -19813.00, -19941.32, 104086
9186, -19804.00, -19932.72, 103796
9192, -19797.00, -19923.58, 103522
9197, -19790.00, -19915.45, 103248
9202, -19783.00, -19907.59, 102980
9206, -19776.00, -19900.32, 102697
9211, -19769.00, -19892.74, 102438
9215, -19763.00, -19886.02, 102108
9221, -19754.00, -19877.33, 101826
9225, -19750.00, -19870.63, 101506
9231, -19742.00, -19862.44, 101185
9236, -19735.00, -19854.65, 100870
9241, -19728.00, -19846.62, 100580
9246, -19721.00, -19839.21, 100270
9252, -19715.00, -19831.17, 99996
9257, -19709.00, -19823.99, 99741
9261, -19703.00, -19817.20, 99497
9266, -19697.00, -19810.47, 99254
9271, -19692.00, -19803.65, 99039
9275, -19685.00, -19797.40, 98777
9281, -19679.00, -19789.56, 98537
9286, -19673.00, -19782.48, 98317
9291, -19667.00, -19775.64, 98114
9296, -19662.00, -19769.24, 97915
9301, -19657.00, -19762.89, 97724
9305, -19653.00, -19756.67, 97535
9310, -19645.00, -19750.39, 97332
9316, -19640.00, -19743.35, 97167
9320, -19634.00, -19737.65, 97000
9324, -19630.00, -19731.76, 96833
9329, -19626.00, -19725.73, 96662
9334, -19619.00, -19719.60, 96510
9338, -19616.00, -19714.18, 96363
9343, -19612.00, -19708.82, 96214
9347, -19606.00, -19703.33, 96077
9352, -19601.00, -19698.10, 95924
9356, -19599.00, -19692.27, 95764
9362, -19593.00, -19686.17, 95612
9367, -19588.00, -19680.39, 95463
9372, -19583.00, -19674.52, 95324
9376, -19579.00, -19669.14, 95181
9381, -19575.00, -19663.53, 95041
9386, -19571.00, -19658.12, 94904
9391, -19566.00, -19652.74, 94769
9396, -19562.00, -19647.44, 94648
9401, -19559.00, -19642.75, 94530
9405, -19553.00, -19638.11, 94414
9409, -19549.00, -19633.45, 94281
9414, -19545.00, -19628.09, 94148
9420, -19541.00, -19622.77, 94018
9425, -19537.00, -19617.70, 93891
9430, -19534.00, -19612.66, 93761
9435, -19527.00, -19607.60, 93645
9439, -19525.00, -19603.11, 93537
9443, -19522.00, -19598.82, 93431
9448, -19519.00, -19594.71, 93325
9452, -19514.00, -19590.51, 93220
9457, -19510.00, -19586.32, 93115
9461, -19508.00, -19582.12, 93003
9466, -19503.00, -19577.85, 92888
9470, -19501.00, -19573.34, 92774
9475, -19498.00, -19569.08, 92666
9480, -19495.00, -19565.11, 92557
9484, -19491.00, -19561.02, 92448
9489, -19487.00, -19557.04, 92326
9494, -19484.00, -19552.52, 92218
9498, -19481.00, -19548.71, 92115
9503, -19477.00, -19545.03, 92009
9507, -19474.00, -19541.29, 91904
9512, -19472.00, -19537.62, 91801
9516, -19470.00, -19534.15, 91697
9520, -19466.00, -19530.66, 91574
9525, -19463.00, -19526.40, 91456
9530, -19460.00, -19522.58, 91335
9535, -19457.00, -19518.64, 91206
9541, -19453.00, -19514.53, 91072
9546, -19448.00, -19510.32, 90946
9551, -19447.00, -19506.40, 90822
9556, -19442.00, -19502.40, 90685
9561, -19439.00, -19498.61, 90573
9566, -19438.00, -19495.42, 90461
9570, -19434.00, -19492.28, 90348
9574, -19432.00, -19489.14, 90230
9579, -19430.00, -19485.94, 90108
9584, -19427.00, -19482.74, 89964
9589, -19423.00, -19478.96, 89813
9595, -19420.00, -19475.00, 89667
9600, -19415.00, -19471.45, 89527
9605, -19414.00, -19467.99, 89377
9610, -19410.00, -19464.21, 89238
9615, -19410.00, -19461.29, 89110
9619, -19406.00, -19458.34, 88976
9624, -19403.00, -19455.47, 88815
9629, -19399.00, -19451.89, 88658
9634, -19398.00, -19448.59, 88484
9640, -19395.00, -19445.04, 88312
9645, -19392.00, -19441.76, 88144
9651, -19389.00, -19438.12, 87956
9656, -19387.00, -19434.92, 87796
9661, -19384.00, -19432.02, 87649
9665, -19382.00, -19429.34, 87506
9670, -19380.00, -19426.79, 87360
9674, -19377.00, -19424.24, 87209
9678, -19374.00, -19421.63, 87051
9683, -19373.00, -19419.01, 86877
9688, -19370.00, -19416.15, 86700
9692, -19369.00, -19413.46, 86521
9697, -19365.00, -19410.80, 86342
9702, -19366.00, -19408.26, 86157
9706, -19361.00, -19405.73, 85961
9711, -19359.00, -19403.09, 85768
9716, -19358.00, -19400.57, 85576
9720, -19356.00, -19398.22, 85389
9724, -19354.00, -19395.92, 85173
9729, -19350.00, -19393.24, 84949
9735, -19348.00, -19390.47, 84706
9740, -19347.00, -19387.54, 84481
9745, -19345.00, -19384.96, 84252
9751, -19342.00, -19382.25, 84034
9756, -19339.00, -19379.70, 83805
9761, -19336.00, -19376.88, 83588
9766, -19334.00, -19374.21, 83375
9772, -19332.00, -19371.57, 83151
9777, -19328.00, -19368.73, 82973
9782, -19328.00, -19366.53, 82805
9786, -19325.00, -19364.38, 82638
9790, -19324.00, -19362.24, 82469
9795, -19322.00, -19360.10, 82308
9799, -19321.00, -19358.07, 82148
9804, -19319.00, -19356.04, 81965
9809, -19316.00, -19353.67, 81788
9814, -19314.00, -19351.38, 81601
9819, -19312.00, -19348.92, 81425
9824, -19310.00, -19346.63, 81247
9829, -19308.00, -19344.27, 81068
9834, -19304.00, -19341.83, 80892
9839, -19304.00, -19339.48, 80711
9845, -19301.00, -19337.09, 80545
9849, -19299.00, -19334.85, 80391
9854, -19298.00, -19332.83, 80232
9859, -19295.00, -19330.71, 80087
9863, -19294.00, -19328.79, 79944
9868, -19293.00, -19326.91, 79778
9873, -19290.00, -19324.69, 79617
9878, -19287.00, -19322.53, 79451
9883, -19283.00, -19320.16, 79283
9888, -19283.00, -19317.83, 79110
9893, -19282.00, -19315.47, 78943
9898, -19280.00, -19313.34, 78799
9903, -19277.00, -19311.47, 78659
9907, -19276.00, -19309.59, 78517
9912, -19274.00, -19307.76, 78378
9916, -19272.00, -19305.91, 78237
9920, -19272.00, -19304.11, 78098
9925, -19269.00, -19302.32, 77944
9929, -19267.00, -19300.28, 77786
9934, -19264.00, -19298.23, 77639
9939, -19265.00, -19296.35, 77479
9944, -19263.00, -19294.40, 77329
9948, -19261.00, -19292.58, 77171
9953, -19259.00, -19290.62, 77003
9959, -19257.00, -19288.55, 76836
9964, -19255.00, -19286.48, 76668
9969, -19253.00, -19284.44, 76501
9974, -19250.00, -19282.38, 76345
9979, -19250.00, -19280.54, 76195
9983, -19247.00, -19278.81, 76040
9988, -19245.00, -19276.96, 75893
9992, -19244.00, -19275.25, 75731
9997, -19243.00, -19273.42, 75579
10001, -19241.00, -19271.74, 75415
10006, -19240.00, -19269.96, 75245
10011, -19237.00, -19268.15, 75075
10015, -19236.00, -19266.36, 74907
10020, -19234.00, -19264.59, 74739
10024, -19233.00, -19262.90, 74533
10030, -19231.00, -19260.75, 74328
10035, -19230.00, -19258.95, 74122
10040, -19225.00, -19256.96, 73925
10045, -19226.00, -19255.13, 73717
10050, -19224.00, -19253.28, 73509
10055, -19220.00, -19251.44, 73276
10060, -19220.00, -19249.40, 73075
10065, -19218.00, -19247.71, 72849
10070, -19216.00, -19245.84, 72621
10075, -19216.00, -19244.04, 72379
10080, -19213.00, -19242.22, 72137
10085, -19211.00, -19240.40, 71883
10090, -19208.00, -19238.46, 71652
10094, -19206.00, -19236.73, 71387
10099, -19205.00, -19234.78, 71147
10104, -19203.00, -19233.12, 70902
10108, -19203.00, -19231.50, 70612
10113, -19200.00, -19229.61, 70303
10119, -19198.00, -19227.65, 69983
10124, -19196.00, -19225.66, 69616
10130, -19194.00, -19223.55, 69277
10135, -19193.00, -19221.63, 68973
10139, -19190.00, -19219.98, 68684
10144, -19187.00, -19218.25, 68331
10149, -19188.00, -19216.19, 68001
10155, -19185.00, -19214.30, 67700
10159, -19182.00, -19212.50, 67371
10165, -19182.00, -19210.40, 67027
10171, -19179.00, -19208.16, 66693
10177, -19179.00, -19206.13, 66409
10182, -19176.00, -19204.28, 66140
10188, -19173.00, -19202.39, 65851
10193, -19171.00, -19200.23, 65596
10199, -19169.00, -19198.26, 65369
10204, -19169.00, -19196.48, 65136
10209, -19167.00, -19194.69, 64932
10214, -19164.00, -19193.04, 64731
10219, -19163.00, -19191.23, 64529
10223, -19162.00, -19189.51, 64327
10229, -19158.00, -19187.64, 64145
10234, -19158.00, -19185.86, 63945
10239, -19156.00, -19184.01, 63766
10244, -19154.00, -19182.23, 63585
10249, -19152.00, -19180.41, 63417
10254, -19151.00, -19178.67, 63240
10259, -19149.00, -19176.80, 63077
10264, -19148.00, -19175.07, 62913
10269, -19145.00, -19173.29, 62757
10274, -19145.00, -19171.56, 62599
10280, -19141.00, -19169.76, 62451
10285, -19140.00, -19168.01, 62298
10290, -19139.00, -19166.21, 62155
10295, -19136.00, -19164.51, 62011
10300, -19137.00, -19162.80, 61866
10305, -19134.00, -19161.10, 61718
10310, -19132.00, -19159.29, 61582
10315, -19129.00, -19157.57, 61442
10320, -19129.00, -19155.76, 61302
10325, -19127.00, -19153.95, 61171
10330, -19125.00, -19152.36, 61045
10335, -19124.00, -19150.76, 60912
10340, -19120.00, -19148.96, 60795
10344, -19121.00, -19147.44, 60655
10350, -19119.00, -19145.57, 60530
10355, -19118.00, -19143.95, 60403
10360, -19115.00, -19142.24, 60273
10365, -19113.00, -19140.50, 60148
10370, -19112.00, -19138.75, 60028
10375, -19110.00, -19137.14, 59889
10381, -19108.00, -19135.21, 59756
10386, -19104.00, -19133.33, 59590
10393, -19102.00, -19130.87, 59456
10398, -19100.00, -19128.83, 59299
10404, -19099.00, -19126.72, 59144
10410, -19096.00, -19124.51, 59007
10416, -19095.00, -19122.64, 58888
10421, -19094.00, -19120.98, 58765
10425, -19091.00, -19119.31, 58649
10430, -19089.00, -19117.59, 58530
10435, -19088.00, -19115.93, 58409
10440, -19087.00, -19114.24, 58281
10445, -19086.00, -19112.53, 58156
10450, -19084.00, -19110.87, 58022
10455, -19081.00, -19109.05, 57893
10460, -19079.00, -19107.27, 57761
10465, -19077.00, -19105.38, 57617
10471, -19075.00, -19103.38, 57472
10476, -19075.00, -19101.52, 57332
10482, -19070.00, -19099.59, 57188
10487, -19069.00, -19097.59, 57046
10493, -19068.00, -19095.72, 56903
10498, -19065.00, -19093.83, 56766
10503, -19064.00, -19092.00, 56602
10509, -19063.00, -19089.92, 56479
10513, -19061.00, -19088.42, 56340
10519, -19058.00, -19086.62, 56201
10523, -19057.00, -19084.89, 56066
10528, -19056.00, -19083.23, 55925
10533, -19053.00, -19081.54, 55770
10539, -19052.00, -19079.56, 55624
10543, -19052.00, -19078.06, 55461
10549, -19049.00, -19076.25, 55290
10554, -19047.00, -19074.34, 55103
10560, -19045.00, -19072.36, 54920
10565, -19043.00, -19070.45, 54710
10572, -19041.00, -19068.29, 54534
10577, -19039.00, -19066.57, 54343
10582, -19037.00, -19064.61, 54130
10588, -19036.00, -19062.70, 53948
10593, -19034.00, -19061.08, 53745
10598, -19033.00, -19059.28, 53499
10604, -19029.00, -19057.17, 53263
10610, -19028.00, -19055.20, 53012
10616, -19023.00, -19053.08, 52765
10621, -19022.00, -19051.00, 52524
10627, -19020.00, -19049.02, 52302
10632, -19019.00, -19047.26, 52069
10637, -19016.00, -19045.36, 51843
10642, -19014.00, -19043.57, 51632
10647, -19014.00, -19041.87, 51413
10652, -19012.00, -19040.08, 51177
10657, -19010.00, -19038.12, 50952
10662, -19008.00, -19036.28, 50713
10668, -19006.00, -19034.19, 50487
10673, -19003.00, -19032.35, 50272
10679, -19002.00, -19030.43, 50044
10684, -19000.00, -19028.39, 49830
10690, -18997.00, -19026.38, 49642
10695, -18996.00, -19024.67, 49454
10699, -18993.00, -19022.86, 49258
10705, -18992.00, -19020.96, 49044
10710, -18992.00, -19018.94, 48850
10716, -18988.00, -19017.10, 48635
10721, -18985.00, -19014.93, 48448
10727, -18983.00, -19013.00, 48240
10732, -18981.00, -19010.84, 48065
10737, -18979.00, -19008.96, 47891
10742, -18977.00, -19007.05, 47696
10748, -18975.00, -19004.85, 47503
10754, -18972.00, -19002.77, 47310
10759, -18972.00, -19000.67, 47128
10765, -18968.00, -18998.64, 46968
10769, -18966.00, -18996.86, 46825
10774, -18966.00, -18995.18, 46662
10779, -18963.00, -18993.40, 46490
10784, -18962.00, -18991.43, 46325
10789, -18959.00, -18989.51, 46156
10794, -18956.00, -18987.47, 45993
10799, -18954.00, -18985.46, 45830
10804, -18952.00, -18983.48, 45657
10810, -18950.00, -18981.33, 45505
10814, -18950.00, -18979.54, 45348
10819, -18947.00, -18977.74, 45176
10825, -18945.00, -18975.58, 44986
10830, -18943.00, -18973.44, 44803
10836, -18942.00, -18971.33, 44603
10842, -18938.00, -18968.98, 44424
10848, -18938.00, -18966.92, 44225
10854, -18933.00, -18964.61, 44022
10860, -18930.00, -18962.16, 43848
10865, -18928.00, -18960.06, 43673
10870, -18926.00, -18957.99, 43514
10875, -18925.00, -18956.15, 43352
10880, -18924.00, -18954.26, 43184
10884, -18922.00, -18952.46, 43009
10889, -18918.00, -18950.48, 42849
10894, -18918.00, -18948.65, 42673
10899, -18916.00, -18946.74, 42500
10904, -18912.00, -18944.79, 42307
10909, -18912.00, -18942.69, 42118
10914, -18909.00, -18940.65, 41884
10921, -18907.00, -18938.10, 41660
10926, -18904.00, -18935.86, 41434
10932, -18902.00, -18933.56, 41212
10938, -18901.00, -18931.37, 41036
10942, -18897.00, -18929.67, 40858
10947, -18895.00, -18927.87, 40680
10951, -18894.00, -18926.10, 40481
10956, -18893.00, -18924.20, 40295
10960, -18890.00, -18922.46, 40109
10964, -18887.00, -18920.66, 39916
10969, -18885.00, -18918.79, 39724
10973, -18883.00, -18916.95, 39503
10978, -18881.00, -18914.87, 39260
10983, -18879.00, -18912.66, 39027
10988, -18877.00, -18910.62, 38809
10992, -18875.00, -18908.75, 38564
10997, -18871.00, -18906.61, 38312
11002, -18871.00, -18904.49, 38037
11008, -18869.00, -18902.26, 37744
11013, -18866.00, -18900.00, 37464
11018, -18865.00, -18897.95, 37161
11023, -18863.00, -18895.71, 36827
11029, -18859.00, -18893.36, 36528
11034, -18856.00, -18891.26, 36189
11039, -18853.00, -18888.80, 35897
11044, -18853.00, -18886.72, 35603
11049, -18850.00, -18884.63, 35337
11053, -18849.00, -18882.69, 35043
11058, -18846.00, -18880.50, 34767
11063, -18843.00, -18878.36, 34485
11068, -18841.00, -18876.05, 34228
11074, -18840.00, -18873.80, 33944
11079, -18836.00, -18871.52, 33663
11085, -18832.00, -18868.92, 33391
11090, -18830.00, -18866.31, 33170
11095, -18829.00, -18864.21, 32970
11099, -18825.00, -18862.17, 32777
11104, -18824.00, -18860.13, 32585
11108, -18822.00, -18858.08, 32388
11113, -18819.00, -18855.82, 32163
11119, -18816.00, -18853.21, 31974
11124, -18816.00, -18851.05, 31785
11129, -18812.00, -18848.83, 31604
11134, -18810.00, -18846.50, 31401
11139, -18805.00, -18843.76, 31209
11145, -18802.00, -18841.23, 31034
11150, -18800.00, -18838.73, 30862
11155, -18799.00, -18836.29, 30691
11160, -18794.00, -18833.71, 30522
11165, -18791.00, -18831.13, 30338
11171, -18788.00, -18828.05, 30178
11176, -18786.00, -18825.62, 30035
11181, -18784.00, -18823.22, 29889
11186, -18781.00, -18820.80, 29741
11191, -18777.00, -18818.25, 29602
11196, -18775.00, -18815.75, 29464
11201, -18772.00, -18813.24, 29320
11206, -18769.00, -18810.56, 29180
11211, -18766.00, -18807.90, 29039
11216, -18763.00, -18805.16, 28909
11221, -18760.00, -18802.58, 28792
11225, -18759.00, -18800.28, 28669
11230, -18755.00, -18797.77, 28543
11235, -18753.00, -18795.18, 28403
11240, -18749.00, -18792.20, 28262
11246, -18746.00, -18789.28, 28116
11252, -18742.00, -18786.06, 27985
11257, -18740.00, -18783.26, 27874
11261, -18736.00, -18780.72, 27759
11266, -18735.00, -18778.10, 27639
11271, -18730.00, -18775.39, 27513
11276, -18726.00, -18772.26, 27361
11283, -18723.00, -18768.69, 27225
11288, -18721.00, -18765.55, 27099
11293, -18716.00, -18762.57, 26969
11299, -18713.00, -18759.41, 26860
11303, -18709.00, -18756.82, 26754
11308, -18706.00, -18754.19, 26629
11313, -18703.00, -18751.07, 26498
11318, -18700.00, -18747.81, 26376
11323, -18695.00, -18744.77, 26242
11329, -18693.00, -18741.40, 26117
11334, -18688.00, -18738.22, 25978
11339, -18683.00, -18734.57, 25852
11344, -18679.00, -18731.25, 25725
11350, -18675.00, -18727.87, 25599
11355, -18672.00, -18724.46, 25468
11360, -18667.00, -18721.01, 25349
11365, -18664.00, -18717.78, 25220
11370, -18660.00, -18714.34, 25104
11374, -18655.00, -18711.14, 24981
11379, -18653.00, -18707.72, 24845
11385, -18648.00, -18703.94, 24702
11391, -18646.00, -18699.89, 24562
11396, -18640.00, -18696.19, 24433
11401, -18635.00, -18692.71, 24318
11405, -18631.00, -18689.51, 24199
11410, -18627.00, -18686.12, 24070
11415, -18624.00, -18682.55, 23938
11420, -18620.00, -18678.87, 23813
11424, -18615.00, -18675.43, 23673
11429, -18609.00, -18671.39, 23546
11434, -18606.00, -18667.92, 23411
11439, -18604.00, -18664.25, 23269
11444, -18599.00, -18660.47, 23123
11449, -18594.00, -18656.58, 22968
11454, -18589.00, -18652.46, 22820
11459, -18586.00, -18648.63, 22653
11464, -18581.00, -18644.37, 22497
11469, -18574.00, -18640.37, 22351
11473, -18569.00, -18636.46, 22183
11478, -18565.00, -18632.30, 22008
11484, -18559.00, -18627.85, 21814
11489, -18555.00, -18623.05, 21633
11494, -18547.00, -18618.61, 21451
11499, -18542.00, -18614.09, 21266
11504, -18537.00, -18609.63, 21074
11509, -18533.00, -18605.14, 20905
11513, -18528.00, -18601.21, 20729
11518, -18524.00, -18597.19, 20543
11522, -18518.00, -18592.89, 20349
11527, -18514.00, -18588.63, 20159
11531, -18509.00, -18584.47, 19968
11536, -18505.00, -18580.34, 19761
11541, -18497.00, -18575.68, 19530
11546, -18492.00, -18570.59, 19313
11551, -18486.00, -18565.69, 19091
11556, -18479.00, -18560.54, 18876
11561, -18474.00, -18555.47, 18657
11566, -18469.00, -18550.23, 18469
11570, -18463.00, -18545.71, 18282
11575, -18456.00, -18541.03, 18099
11579, -18451.00, -18536.32, 17921
11583, -18446.00, -18531.64, 17723
11588, -18439.00, -18526.29, 17527
11593, -18434.00, -18520.96, 17329
11598, -18426.00, -18515.35, 17143
11603, -18419.00, -18509.97, 16952
11608, -18413.00, -18504.19, 16764
11613, -18405.00, -18498.34, 16569
11618, -18399.00, -18492.16, 16370
11624, -18391.00, -18485.75, 16183
11629, -18385.00, -18479.57, 16001
11634, -18378.00, -18473.42, 15840
11639, -18371.00, -18467.99, 15689
11643, -18364.00, -18462.56, 15542
11647, -18358.00, -18457.14, 15396
11652, -18351.00, -18451.75, 15253
11656, -18344.00, -18446.23, 15096
11661, -18339.00, -18440.19, 14937
11666, -18329.00, -18433.81, 14775
11671, -18322.00, -18427.36, 14613
11676, -18314.00, -18420.50, 14451
11681, -18308.00, -18413.93, 14289
11686, -18299.00, -18407.15, 14118
11691, -18292.00, -18399.85, 13956
11696, -18284.00, -18392.87, 13799
11701, -18276.00, -18385.86, 13642
11706, -18268.00, -18379.09, 13481
11711, -18259.00, -18371.78, 13322
11716, -18252.00, -18364.58, 13166
11721, -18244.00, -18357.47, 13012
11726, -18236.00, -18350.25, 12859
11731, -18228.00, -18343.25, 12703
11736, -18219.00, -18335.93, 12549
11741, -18210.00, -18328.55, 12402
11746, -18203.00, -18321.57, 12265
11750, -18196.00, -18315.02, 12127
11755, -18187.00, -18308.37, 11989
11759, -18181.00, -18301.71, 11842
11764, -18173.00, -18294.48, 11678
11769, -18166.00, -18286.74, 11513
11774, -18155.00, -18278.68, 11350
11779, -18145.00, -18270.50, 11172
11785, -18135.00, -18261.77, 11009
11790, -18128.00, -18254.02, 10851
11795, -18117.00, -18246.27, 10700
11799, -18111.00, -18239.03, 10531
11804, -18100.00, -18230.52, 10355
11809, -18093.00, -18222.43, 10161
11815, -18082.00, -18213.34, 9967
11820, -18072.00, -18204.30, 9772
11826, -18063.00, -18195.36, 9560
11832, -18054.00, -18185.79, 9369
11837, -18043.00, -18177.17, 9174
11842, -18033.00, -18168.73, 8984
11847, -18026.00, -18160.32, 8801
11851, -18016.00, -18152.50, 8601
11856, -18009.00, -18144.02, 8411
11861, -17999.00, -18135.96, 8216
11866, -17992.00, -18127.79, 8009
11871, -17982.00, -18119.34, 7763
11876, -17973.00, -18109.43, 7538
11881, -17963.00, -18100.55, 7310
11887, -17954.00, -18091.73, 7101
11891, -17946.00, -18084.02, 6896
11895, -17939.00, -18076.49, 6670
11900, -17931.00, -18068.24, 6414
11905, -17923.00, -18059.27, 6148
11911, -17912.00, -18050.19, 5888
11916, -17906.00, -18041.45, 5632
11921, -17904.00, -18033.18, 5419
11926, -17904.00, -18025.00, 5264
11931, -17903.00, -18017.46, 5150
11936, -17903.00, -18010.35, 5060
11941, -17903.00, -18003.45, 4996
11947, -17902.00, -17997.08, 4947
11952, -17903.00, -17990.99, 4909
11958, -17903.00, -17984.78, 4884
11963, -17903.00, -17979.63, 4868
11967, -17903.00, -17975.53, 4856
11972, -17903.00, -17971.68, 4847
11976, -17903.00, -17968.02, 4840
11980, -17901.00, -17964.52, 4835
11985, -17903.00, -17961.21, 4830
11989, -17903.00, -17958.10, 4826
11993, -17901.00, -17955.05, 4823
11998, -17903.00, -17952.23, 4821
12002, -17903.00, -17949.63, 4819
12006, -17903.00, -17947.13, 4817
12011, -17903.00, -17944.53, 4817
12016, -17908.00, -17942.07, 4870
12021, -17918.00, -17940.39, 4988
12026, -17925.00, -17939.23, 5150
12031, -17935.00, -17938.66, 5349
12036, -17942.00, -17938.65, 5544
12041, -17952.00, -17939.11, 5782
12046, -17961.00, -17940.25, 6039
12052, -17972.00, -17941.95, 6281
12057, -17983.00, -17944.14, 6503
12061, -17989.00, -17946.50, 6739
12066, -17999.00, -17949.39, 6960
12071, -18009.00, -17952.46, 7184
12076, -18017.00, -17955.98, 7406
12081, -18026.00, -17959.81, 7628
12085, -18034.00, -17963.94, 7830
12090, -18043.00, -17967.94, 8054
12095, -18053.00, -17972.95, 8255
12100, -18061.00, -17977.75, 8458
12104, -18069.00, -17982.68, 8655
12109, -18078.00, -17987.90, 8866
12114, -18089.00, -17993.89, 9082
12120, -18098.00, -18000.47, 9293
12125, -18109.00, -18007.03, 9520
12131, -18120.00, -18014.60, 9726
12136, -18129.00, -18021.83, 9902
12141, -18138.00, -18028.06, 10101
12146, -18148.00, -18035.44, 10294
12151, -18159.00, -18042.97, 10483
12156, -18166.00, -18050.37, 10681
12162, -18178.00, -18058.75, 10877
12167, -18186.00, -18066.95, 11063
12173, -18199.00, -18075.14, 11246
12178, -18206.00, -18083.32, 11402
12182, -18215.00, -18090.22, 11554
12187, -18223.00, -18097.02, 11702
12191, -18230.00, -18103.89, 11881
12196, -18240.00, -18112.24, 12041
12201, -18249.00, -18119.81, 12212
12206, -18256.00, -18127.98, 12389
12211, -18265.00, -18136.55, 12572
12217, -18275.00, -18145.45, 12741
12222, -18282.00, -18153.60, 12907
12227, -18291.00, -18161.59, 13066
12232, -18298.00, -18169.30, 13219
12236, -18306.00, -18176.73, 13365
12241, -18314.00, -18183.88, 13532
12246, -18322.00, -18192.07, 13700
12251, -18329.00, -18200.36, 13889
12256, -18339.00, -18209.69, 14067
12262, -18348.00, -18218.23, 14268
12268, -18355.00, -18227.96, 14450
12273, -18364.00, -18236.61, 14619
12278, -18372.00, -18244.66, 14790
12283, -18381.00, -18252.85, 14957
12288, -18386.00, -18260.43, 15121
12293, -18395.00, -18268.13, 15275
12297, -18401.00, -18275.12, 15436
12302, -18408.00, -18282.51, 15592
12306, -18413.00, -18289.34, 15783
12312, -18420.00, -18297.75, 15939
12316, -18426.00, -18304.43, 16097
12320, -18429.00, -18310.96, 16275
12325, -18438.00, -18318.30, 16452
12330, -18444.00, -18325.56, 16641
12335, -18451.00, -18333.09, 16833
12340, -18456.00, -18340.47, 17025
12345, -18464.00, -18347.76, 17222
12350, -18470.00, -18355.13, 17422
12356, -18476.00, -18362.50, 17627
12361, -18483.00, -18369.67, 17837
12366, -18488.00, -18376.88, 18050
12371, -18495.00, -18384.04, 18272
12376, -18502.00, -18391.23, 18495
12381, -18506.00, -18398.29, 18743
12387, -18515.00, -18405.87, 18971
12392, -18519.00, -18412.63, 19200
12397, -18525.00, -18419.37, 19441
12402, -18531.00, -18426.27, 19665
12407, -18538.00, -18432.75, 19867
12411, -18540.00, -18438.52, 20061
12416, -18546.00, -18444.12, 20251
12420, -18549.00, -18449.67, 20440
12424, -18554.00, -18455.14, 20621
12429, -18560.00, -18460.55, 20804
12433, -18564.00, -18466.06, 20980
12438, -18569.00, -18471.39, 21151
12442, -18574.00, -18476.81, 21324
12446, -18576.00, -18482.07, 21491
12451, -18581.00, -18487.28, 21658
12455, -18587.00, -18492.59, 21816
12460, -18591.00, -18497.73, 21976
12464, -18596.00, -18502.99, 22128
12468, -18599.00, -18508.01, 22278
12473, -18604.00, -18513.01, 22424
12477, -18608.00, -18517.98, 22568
12482, -18610.00, -18522.81, 22708
12486, -18614.00, -18527.56, 22855
12491, -18619.00, -18532.60, 22990
12495, -18623.00, -18537.30, 23122
12499, -18626.00, -18541.92, 23255
12504, -18628.00, -18546.48, 23385
12508, -18633.00, -18550.94, 23521
12513, -18639.00, -18555.85, 23667
12518, -18644.00, -18561.25, 23798
12522, -18647.00, -18565.86, 23927
12527, -18651.00, -18570.53, 24047
12531, -18653.00, -18574.88, 24192
12537, -18658.00, -18580.30, 24322
12542, -18662.00, -18584.88, 24442
12546, -18666.00, -18589.11, 24563
12551, -18669.00, -18593.54, 24686
12555, -18672.00, -18597.93, 24807
12560, -18676.00, -18602.55, 24938
12565, -18680.00, -18606.99, 25060
12570, -18684.00, -18611.46, 25181
12575, -18687.00, -18615.85, 25302
12580, -18690.00, -18620.02, 25421
12584, -18695.00, -18624.21, 25533
12589, -18699.00, -18628.24, 25644
12593, -18699.00, -18632.03, 25757
12598, -18704.00, -18635.95, 25868
12602, -18707.00, -18639.66, 25974
12606, -18709.00, -18643.28, 26088
12611, -18714.00, -18647.13, 26207
12616, -18715.00, -18651.12, 26320
12620, -18719.00, -18654.71, 26427
12625, -18722.00, -18658.20, 26535
12629, -18725.00, -18661.69, 26657
12634, -18730.00, -18665.73, 26776
12639, -18732.00, -18669.46, 26887
12643, -18734.00, -18672.90, 26996
12648, -18737.00, -18676.29, 27121
12653, -18740.00, -18680.16, 27232
12657, -18743.00, -18683.46, 27340
12662, -18745.00, -18686.66, 27449
12666, -18749.00, -18689.88, 27558
12670, -18753.00, -18693.17, 27667
12675, -18756.00, -18696.44, 27778
12679, -18757.00, -18699.62, 27895
12683, -18761.00, -18702.87, 28009
12688, -18764.00, -18706.08, 28126
12692, -18765.00, -18709.23, 28256
12697, -18768.00, -18712.69, 28380
12702, -18771.00, -18715.96, 28503
12706, -18775.00, -18719.05, 28629
12711, -18776.00, -18722.27, 28765
12716, -18779.00, -18725.63, 28892
12721, -18781.00, -18728.64, 29033
12726, -18785.00, -18731.96, 29169
12730, -18788.00, -18735.09, 29315
12735, -18790.00, -18738.42, 29449
12740, -18792.00, -18741.33, 29597
12745, -18797.00, -18744.59, 29757
12750, -18799.00, -18748.08, 29913
12755, -18801.00, -18751.20, 30085
12761, -18803.00, -18754.59, 30247
12766, -18807.00, -18757.81, 30431
12772, -18809.00, -18761.25, 30625
12777, -18813.00, -18764.70, 30812
12783, -18815.00, -18768.01, 31008
12788, -18819.00, -18771.29, 31193
12794, -18821.00, -18774.35, 31393
12799, -18825.00, -18777.64, 31586
12804, -18828.00, -18780.57, 31834
12811, -18831.00, -18784.42, 32057
12816, -18835.00, -18787.68, 32300
12822, -18837.00, -18791.02, 32532
12827, -18839.00, -18794.04, 32736
12831, -18841.00, -18796.53, 32952
12836, -18843.00, -18799.13, 33180
12841, -18846.00, -18801.77, 33438
12846, -18848.00, -18804.67, 33672
12851, -18852.00, -18807.19, 33955
12856, -18854.00, -18810.14, 34264
12862, -18856.00, -18813.12, 34571
12867, -18859.00, -18816.11, 34946
12873, -18862.00, -18819.24, 35273
12878, -18864.00, -18821.99, 35602
12883, -18867.00, -18824.69, 36000
12889, -18870.00, -18828.00, 36366
12895, -18873.00, -18830.98, 36700
12900, -18875.00, -18833.79, 37070
12906, -18879.00, -18836.91, 37407
12912, -18881.00, -18839.76, 37697
12917, -18881.00, -18842.19, 37973
12921, -18885.00, -18844.59, 38265
12927, -18886.00, -18847.17, 38516
12931, -18890.00, -18849.50, 38806
12937, -18892.00, -18852.25, 39059
12942, -18894.00, -18854.68, 39327
12947, -18896.00, -18857.33, 39580
12952, -18900.00, -18859.76, 39824
12957, -18901.00, -18862.28, 40053
12962, -18902.00, -18864.61, 40322
12968, -18905.00, -18867.40, 40546
12973, -18908.00, -18869.77, 40779
12978, -18910.00, -18872.32, 41009
12984, -18914.00, -18874.92, 41226
12988, -18916.00, -18877.27, 41446
12994, -18917.00, -18879.86, 41686
13000, -18920.00, -18882.56, 41909
13005, -18923.00, -18885.23, 42104
13010, -18925.00, -18887.54, 42315
13015, -18927.00, -18890.06, 42510
13021, -18928.00, -18892.36, 42702
13026, -18930.00, -18894.59, 42876
13030, -18934.00, -18896.71, 43043
13034, -18934.00, -18898.69, 43203
13039, -18936.00, -18900.60, 43370
13043, -18939.00, -18902.64, 43526
13048, -18940.00, -18904.59, 43679
13052, -18941.00, -18906.47, 43836
13056, -18944.00, -18908.40, 43996
13061, -18946.00, -18910.42, 44169
13066, -18948.00, -18912.65, 44330
13070, -18950.00, -18914.60, 44497
13075, -18953.00, -18916.78, 44659
13080, -18955.00, -18918.85, 44851
13085, -18956.00, -18921.34, 45021
13090, -18958.00, -18923.43, 45212
13095, -18960.00, -18925.78, 45382
13100, -18963.00, -18927.88, 45547
13105, -18964.00, -18929.96, 45710
13110, -18966.00, -18931.98, 45878
13115, -18969.00, -18934.08, 46039
13119, -18970.00, -18936.08, 46197
13124, -18973.00, -18938.04, 46372
13129, -18974.00, -18940.21, 46543
13134, -18976.00, -18942.27, 46699
13138, -18978.00, -18944.17, 46865
13143, -18979.00, -18946.15, 47029
13147, -18982.00, -18948.07, 47192
13152, -18984.00, -18950.07, 47356
13157, -18986.00, -18952.04, 47534
13162, -18987.00, -18954.14, 47706
13167, -18991.00, -18956.22, 47870
13171, -18990.00, -18958.09, 48063
13177, -18993.00, -18960.31, 48238
13181, -18995.00, -18962.22, 48439
13187, -18999.00, -18964.55, 48610
13191, -19000.00, -18966.48, 48816
13197, -19000.00, -18968.75, 49006
13202, -19002.00, -18970.70, 49196
13207, -19005.00, -18972.66, 49410
13212, -19007.00, -18974.96, 49640
13218, -19010.00, -18977.26, 49836
13223, -19011.00, -18979.19, 50062
13228, -19013.00, -18981.44, 50295
13234, -19015.00, -18983.60, 50493
13239, -19016.00, -18985.39, 50737
13244, -19020.00, -18987.74, 50998
13250, -19021.00, -18990.01, 51220
13255, -19024.00, -18991.94, 51460
13260, -19025.00, -18994.05, 51711
13266, -19026.00, -18996.06, 51974
13271, -19029.00, -18998.17, 52226
13276, -19032.00, -19000.25, 52488
13282, -19033.00, -19002.45, 52761
13288, -19037.00, -19004.77, 52980
13293, -19036.00, -19006.59, 53189
13297, -19040.00, -19008.40, 53394
13302, -19041.00, -19010.26, 53622
13308, -19043.00, -19012.39, 53863
13313, -19044.00, -19014.57, 54093
13319, -19046.00, -19016.64, 54262
13323, -19049.00, -19018.29, 54428
13328, -19051.00, -19019.99, 54619
13333, -19052.00, -19021.98, 54788
13338, -19055.00, -19023.77, 54950
13342, -19056.00, -19025.54, 55101
13347, -19058.00, -19027.23, 55252
13351, -19059.00, -19028.92, 55399
13355, -19060.00, -19030.55, 55540
13360, -19063.00, -19032.18, 55679
13364, -19064.00, -19033.83, 55813
13368, -19067.00, -19035.49, 55952
13373, -19068.00, -19037.23, 56082
13377, -19070.00, -19038.90, 56212
13381, -19071.00, -19040.56, 56343
13386, -19072.00, -19042.21, 56474
13390, -19074.00, -19043.86, 56600
13394, -19075.00, -19045.47, 56724
13399, -19078.00, -19047.10, 56849
13403, -19078.00, -19048.74, 56972
13407, -19080.00, -19050.33, 57095
13412, -19082.00, -19051.96, 57218
13416, -19082.00, -19053.56, 57345
13420, -19086.00, -19055.25, 57469
13425, -19086.00, -19056.89, 57590
13429, -19089.00, -19058.51, 57711
13434, -19091.00, -19060.19, 57832
13438, -19092.00, -19061.87, 57952
13442, -19093.00, -19063.51, 58072
13447, -19094.00, -19065.10, 58202
13452, -19097.00, -19066.91, 58334
13456, -19098.00, -19068.72, 58470
13461, -19100.00, -19070.59, 58607
13467, -19103.00, -19072.54, 58746
13471, -19106.00, -19074.43, 58891
13477, -19106.00, -19076.50, 59031
13482, -19108.00, -19078.40, 59169
13487, -19112.00, -19080.36, 59305
13492, -19113.00, -19082.28, 59427
13497, -19114.00, -19084.02, 59553
13501, -19115.00, -19085.68, 59678
13506, -19118.00, -19087.42, 59804
13510, -19118.00, -19089.10, 59930
13515, -19120.00, -19090.81, 60049
13519, -19123.00, -19092.41, 60193
13525, -19124.00, -19094.49, 60334
13530, -19127.00, -19096.40, 60471
13535, -19128.00, -19098.26, 60616
13540, -19130.00, -19100.18, 60766
13545, -19133.00, -19102.19, 60915
13550, -19133.00, -19104.11, 61063
13555, -19138.00, -19106.07, 61206
13560, -19138.00, -19107.98, 61340
13565, -19140.00, -19109.66, 61471
13569, -19142.00, -19111.34, 61605
13573, -19143.00, -19113.01, 61737
13578, -19144.00, -19114.63, 61900
13583, -19147.00, -19116.61, 62066
13588, -19151.00, -19118.63, 62248
13594, -19150.00, -19120.82, 62420
13599, -19153.00, -19122.71, 62571
13603, -19154.00, -19124.38, 62719
13608, -19157.00, -19126.04, 62869
13612, -19157.00, -19127.67, 63026
13616, -19160.00, -19129.33, 63189
13621, -19162.00, -19131.05, 63353
13625, -19163.00, -19132.74, 63519
13629, -19166.00, -19134.45, 63692
13634, -19167.00, -19136.18, 63879
13639, -19168.00, -19137.99, 64082
13644, -19170.00, -19139.87, 64264
13648, -19171.00, -19141.53, 64456
13652, -19173.00, -19143.17, 64663
13657, -19176.00, -19144.98, 64883
13662, -19179.00, -19146.91, 65125
13667, -19180.00, -19148.94, 65361
13672, -19183.00, -19150.87, 65619
13677, -19183.00, -19152.85, 65883
13682, -19185.00, -19154.80, 66166
13687, -19187.00, -19156.79, 66448
13693, -19190.00, -19158.78, 66755
13698, -19192.00, -19160.77, 67061
13703, -19193.00, -19162.69, 67373
13707, -19196.00, -19164.56, 67663
13712, -19197.00, -19166.26, 67965
13716, -19198.00, -19167.93, 68266
13721, -19200.00, -19169.58, 68604
13725, -19200.00, -19171.36, 68907
13730, -19204.00, -19172.98, 69208
13734, -19205.00, -19174.68, 69542
13739, -19208.00, -19176.60, 69904
13744, -19209.00, -19178.71, 70235
13750, -19211.00, -19180.64, 70541
13754, -19214.00, -19182.53, 70847
13759, -19215.00, -19184.46, 71155
13765, -19218.00, -19186.51, 71470
13770, -19219.00, -19188.62, 71761
13775, -19222.00, -19190.62, 72049
13781, -19224.00, -19192.75, 72322
13786, -19226.00, -19194.78, 72582
13791, -19227.00, -19196.75, 72810
13795, -19229.00, -19198.45, 73021
13800, -19232.00, -19200.15, 73231
13804, -19232.00, -19201.88, 73432
13808, -19235.00, -19203.56, 73633
13813, -19236.00, -19205.26, 73824
13817, -19239.00, -19206.97, 74014
13822, -19239.00, -19208.68, 74219
13826, -19241.00, -19210.52, 74418
13831, -19243.00, -19212.38, 74603
13836, -19246.00, -19214.15, 74784
13840, -19247.00, -19215.92, 74967
13845, -19249.00, -19217.77, 75145
13850, -19251.00, -19219.61, 75322
13854, -19251.00, -19221.37, 75491
13859, -19254.00, -19223.10, 75669
13864, -19256.00, -19224.99, 75841
13868, -19258.00, -19226.81, 76020
13873, -19260.00, -19228.79, 76189
13878, -19260.00, -19230.61, 76362
13883, -19264.00, -19232.50, 76533
13888, -19265.00, -19234.51, 76708
13893, -19269.00, -19236.51, 76874
13898, -19270.00, -19238.46, 77051
13903, -19273.00, -19240.57, 77223
13908, -19274.00, -19242.60, 77391
13913, -19274.00, -19244.54, 77557
13918, -19277.00, -19246.41, 77722
13923, -19280.00, -19248.35, 77880
13928, -19282.00, -19250.27, 78029
13933, -19283.00, -19252.05, 78179
13937, -19285.00, -19253.85, 78344
13942, -19286.00, -19255.82, 78501
13947, -19289.00, -19257.64, 78640
13952, -19289.00, -19259.32, 78783
13956, -19293.00, -19261.01, 78923
13960, -19294.00, -19262.74, 79065
13965, -19295.00, -19264.45, 79209
13969, -19297.00, -19266.22, 79370
13974, -19300.00, -19268.11, 79521
13979, -19300.00, -19269.91, 79685
13984, -19305.00, -19271.92, 79846
13989, -19306.00, -19273.92, 80005
13993, -19308.00, -19275.88, 80163
13998, -19309.00, -19277.77, 80330
14003, -19312.00, -19279.81, 80483
14008, -19313.00, -19281.60, 80629
14012, -19316.00, -19283.39, 80776
14017, -19318.00, -19285.20, 80953
14022, -19320.00, -19287.41, 81126
14027, -19322.00, -19289.47, 81303
14032, -19323.00, -19291.61, 81478
14037, -19325.00, -19293.53, 81634
14042, -19328.00, -19295.32, 81788
14046, -19329.00, -19297.10, 81944
14050, -19331.00, -19298.86, 82104
14057, -19333.00, -19301.63, 82367
14062, -19336.00, -19303.58, 82537
14067, -19338.00, -19305.36, 82718
14072, -19341.00, -19307.40, 82918
14077, -19344.00, -19309.60, 83097
14081, -19346.00, -19311.60, 83292
14086, -19349.00, -19313.73, 83501
14092, -19350.00, -19316.07, 83709
14097, -19352.00, -19318.19, 83942
14102, -19354.00, -19320.65, 84154
14107, -19358.00, -19322.71, 84358
14112, -19358.00, -19324.77, 84569
14117, -19362.00, -19326.85, 84784
14122, -19363.00, -19328.98, 84990
14126, -19365.00, -19331.05, 85184
14131, -19368.00, -19332.93, 85366
14135, -19369.00, -19334.83, 85551
14140, -19371.00, -19336.71, 85730
14144, -19374.00, -19338.63, 85905
14148, -19376.00, -19340.54, 86080
14153, -19379.00, -19342.54, 86269
14158, -19381.00, -19344.80, 86466
14163, -19382.00, -19347.15, 86632
14167, -19385.00, -19349.19, 86802
14172, -19387.00, -19351.41, 86951
14177, -19388.00, -19353.38, 87106
14182, -19389.00, -19355.49, 87252
14187, -19392.00, -19357.60, 87393
14192, -19393.00, -19359.87, 87531
14197, -19395.00, -19362.08, 87654
14202, -19396.00, -19364.13, 87759
14207, -19397.00, -19366.05, 87855
14212, -19398.00, -19367.96, 87937
14217, -19399.00, -19369.68, 88015
14222, -19400.00, -19371.39, 88092
14227, -19401.00, -19373.16, 88165
14232, -19401.00, -19374.83, 88231
14236, -19404.00, -19376.44, 88291
14241, -19403.00, -19377.91, 88350
14245, -19406.00, -19379.41, 88416
14251, -19407.00, -19381.11, 88480
14256, -19407.00, -19382.69, 88546
14261, -19409.00, -19384.29, 88610
14266, -19410.00, -19385.84, 88678
14271, -19411.00, -19387.46, 88743
14276, -19413.00, -19388.98, 88804
14281, -19413.00, -19390.38, 88866
14286, -19415.00, -19391.81, 88933
14292, -19417.00, -19393.42, 88995
14297, -19418.00, -19394.90, 89067
14302, -19418.00, -19396.46, 89134
14307, -19420.00, -19397.88, 89189
14312, -19420.00, -19399.07, 89250
14317, -19422.00, -19400.40, 89315
14322, -19423.00, -19401.82, 89384
14328, -19427.00, -19403.39, 89458
14333, -19427.00, -19405.04, 89526
14339, -19428.00, -19406.49, 89599
14344, -19431.00, -19408.10, 89666
14350, -19434.00, -19409.65, 89740
14355, -19434.00, -19411.31, 89810
14361, -19436.00, -19412.88, 89880
14366, -19438.00, -19414.33, 89939
14370, -19439.00, -19415.61, 90009
14375, -19441.00, -19417.16, 90081
14380, -19443.00, -19418.69, 90160
14385, -19443.00, -19420.25, 90236
14391, -19447.00, -19421.89, 90329
14397, -19448.00, -19423.72, 90425
14403, -19452.00, -19425.65, 90508
14408, -19455.00, -19427.45, 90594
14414, -19456.00, -19429.32, 90690
14420, -19458.00, -19431.33, 90783
14425, -19462.00, -19433.29, 90864
14430, -19464.00, -19435.02, 90942
14435, -19466.00, -19436.73, 91036
14440, -19469.00, -19438.72, 91126
14445, -19472.00, -19440.64, 91233
14451, -19475.00, -19442.97, 91329
14456, -19478.00, -19445.09, 91424
14461, -19479.00, -19447.08, 91517
14466, -19483.00, -19449.03, 91607
14470, -19487.00, -19451.04, 91701
14475, -19488.00, -19453.19, 91802
14480, -19491.00, -19455.38, 91911
14485, -19496.00, -19457.88, 92015
14491, -19497.00, -19460.35, 92128
14496, -19502.00, -19463.03, 92231
14501, -19507.00, -19465.43, 92328
14506, -19508.00, -19467.85, 92432
14511, -19512.00, -19470.38, 92542
14516, -19516.00, -19473.13, 92647
14521, -19518.00, -19475.85, 92760
14526, -19521.00, -19478.71, 92882
14532, -19526.00, -19481.87, 92990
14537, -19530.00, -19484.69, 93107
14543, -19536.00, -19488.09, 93237
14549, -19539.00, -19491.49, 93351
14554, -19543.00, -19494.61, 93472
14559, -19547.00, -19497.96, 93601
14565, -19552.00, -19501.51, 93724
14570, -19557.00, -19504.94, 93848
14576, -19558.00, -19508.40, 93966
14581, -19565.00, -19511.59, 94073
14585, -19568.00, -19514.62, 94194
14590, -19573.00, -19518.05, 94314
14595, -19576.00, -19521.45, 94439
14600, -19581.00, -19524.93, 94565
14605, -19587.00, -19528.52, 94691
14610, -19590.00, -19532.12, 94823
14615, -19595.00, -19535.88, 94960
14620, -19600.00, -19539.76, 95090
14625, -19606.00, -19543.50, 95226
14630, -19610.00, -19547.40, 95357
14635, -19616.00, -19551.09, 95489
14640, -19618.00, -19555.00, 95632
14645, -19622.00, -19558.94, 95766
14649, -19628.00, -19562.81, 95916
14654, -19633.00, -19566.94, 96055
14659, -19637.00, -19570.98, 96202
14664, -19642.00, -19575.02, 96347
14669, -19649.00, -19579.05, 96498
14674, -19652.00, -19583.31, 96656
14679, -19658.00, -19587.62, 96827
14684, -19664.00, -19592.37, 96993
14689, -19671.00, -19596.91, 97153
14694, -19674.00, -19601.15, 97305
14698, -19679.00, -19605.16, 97461
14702, -19683.00, -19609.23, 97637
14707, -19690.00, -19613.72, 97821
14712, -19695.00, -19618.30, 98029
14717, -19701.00, -19623.54, 98229
14722, -19708.00, -19628.39, 98445
14727, -19713.00, -19633.52, 98675
14733, -19721.00, -19638.92, 98897
14738, -19726.00, -19644.00, 99188
14744, -19735.00, -19650.66, 99459
14749, -19740.00, -19656.47, 99719
14755, -19748.00, -19661.96, 99991
14760, -19754.00, -19667.65, 100269
14765, -19761.00, -19673.12, 100533
14769, -19766.00, -19678.19, 100821
14774, -19775.00, -19683.73, 101119
14779, -19781.00, -19689.51, 101424
14785, -19787.00, -19695.44, 101725
14789, -19795.00, -19701.21, 102042
14795, -19803.00, -19707.57, 102341
14800, -19811.00, -19713.77, 102617
14805, -19817.00, -19719.66, 102884
14809, -19824.00, -19725.46, 103144
14814, -19833.00, -19731.57, 103397
14819, -19839.00, -19737.21, 103648
14824, -19848.00, -19743.67, 103922
14829, -19854.00, -19750.33, 104224
14835, -19862.00, -19758.12, 104478
14840, -19871.00, -19764.91, 104719
14845, -19880.00, -19771.76, 104995
14851, -19890.00, -19780.30, 105231
14856, -19897.00, -19786.93, 105464
14861, -19906.00, -19794.13, 105693
14866, -19914.00, -19801.28, 105889
14871, -19923.00, -19807.73, 106105
14876, -19929.00, -19815.24, 106320
14881, -19938.00, -19822.82, 106513
14886, -19947.00, -19829.39, 106718
14891, -19955.00, -19837.20, 106922
14896, -19962.00, -19844.76, 107150
14902, -19975.00, -19853.71, 107333
14907, -19981.00, -19861.02, 107532
14912, -19991.00, -19869.11, 107696
14917, -19999.00, -19876.30, 107874
14922, -20007.00, -19883.60, 108054
14927, -20015.00, -19891.38, 108254
14932, -20025.00, -19900.40, 108411
14937, -20033.00, -19907.43, 108593
14942, -20043.00, -19915.90, 108759
14947, -20051.00, -19923.36, 108944
14952, -20061.00, -19932.27, 109111
14958, -20068.00, -19940.35, 109296
14963, -20079.00, -19949.59, 109486
14969, -20087.00, -19958.54, 109678
14975, -20097.00, -19968.02, 109849
14980, -20108.00, -19977.05, 110053
14986, -20119.00, -19986.96, 110196
14991, -20127.00, -19994.22, 110338
14995, -20134.00, -20001.44, 110478
14999, -20142.00, -20008.70, 110634
15004, -20149.00, -20016.80, 110787
15009, -20158.00, -20024.60, 110927
15013, -20164.00, -20031.95, 111074
15018, -20174.00, -20039.59, 111212
15022, -20180.00, -20046.86, 111368
15027, -20189.00, -20055.03, 111516
15032, -20196.00, -20062.81, 111656
15036, -20203.00, -20070.18, 111813
15041, -20212.00, -20078.54, 111961
15045, -20220.00, -20086.22, 112121
15051, -20228.00, -20095.07, 112282
15056, -20235.00, -20103.05, 112441
15061, -20244.00, -20111.31, 112581
15065, -20251.00, -20118.63, 112724
15069, -20259.00, -20126.16, 112885
15075, -20266.00, -20134.60, 113046
15079, -20275.00, -20142.70, 113211
15085, -20283.00, -20151.14, 113370
15089, -20291.00, -20159.19, 113544
15095, -20299.00, -20167.94, 113741
15101, -20308.00, -20177.78, 113931
15106, -20317.00, -20186.54, 114114
15111, -20324.00, -20195.16, 114286
15116, -20333.00, -20203.28, 114471
15121, -20340.00, -20211.66, 114658
15127, -20350.00, -20220.27, 114826
15131, -20355.00, -20227.54, 114989
15136, -20361.00, -20234.63, 115152
15140, -20369.00, -20241.61, 115336
15145, -20373.00, -20249.25, 115537
15150, -20382.00, -20257.69, 115730
15155, -20391.00, -20265.15, 115918
15160, -20397.00, -20272.59, 116109
15165, -20404.00, -20280.02, 116290
15169, -20410.00, -20286.78, 116488
15174, -20416.00, -20294.02, 116675
15178, -20422.00, -20300.64, 116865
15182, -20429.00, -20307.28, 117065
15187, -20436.00, -20314.11, 117274
15191, -20443.00, -20321.12, 117493
15196, -20448.00, -20328.31, 117722
15201, -20457.00, -20335.81, 117949
15206, -20462.00, -20343.27, 118185
15211, -20470.00, -20351.14, 118412
15216, -20476.00, -20358.57, 118649
15222, -20485.00, -20366.73, 118862
15227, -20491.00, -20373.96, 119100
15233, -20498.00, -20382.89, 119314
15238, -20506.00, -20389.90, 119512
15243, -20511.00, -20397.04, 119694
15247, -20517.00, -20403.75, 119878
15252, -20523.00, -20410.66, 120058
15257, -20528.00, -20417.27, 120229
15262, -20535.00, -20423.82, 120399
15266, -20542.00, -20430.37, 120554
15271, -20546.00, -20436.57, 120723
15276, -20551.00, -20443.27, 120877
15280, -20557.00, -20449.45, 121028
15285, -20561.00, -20455.49, 121180
15289, -20567.00, -20461.73, 121348
15295, -20573.00, -20468.74, 121506
15300, -20578.00, -20475.45, 121660
15305, -20584.00, -20481.86, 121811
15310, -20590.00, -20488.43, 121967
15315, -20594.00, -20495.13, 122121
15321, -20602.00, -20501.70, 122267
15326, -20606.00, -20507.99, 122425
15331, -20610.00, -20515.00, 122556
15336, -20617.00, -20520.44, 122701
15342, -20623.00, -20527.31, 122844
15346, -20628.00, -20533.13, 122977
15351, -20631.00, -20538.94, 123100
15356, -20635.00, -20544.25, 123222
15361, -20640.00, -20549.47, 123342
15365, -20645.00, -20554.61, 123460
15370, -20649.00, -20559.80, 123582
15374, -20652.00, -20564.99, 123701
15379, -20657.00, -20570.21, 123850
15385, -20664.00, -20576.50, 123984
15390, -20667.00, -20582.27, 124102
15395, -20672.00, -20587.01, 124259
15401, -20677.00, -20593.57, 124387
15406, -20680.00, -20598.73, 124513
15411, -20684.00, -20603.83, 124636
15416, -20690.00, -20608.74, 124769
15421, -20693.00, -20614.21, 124890
15426, -20698.00, -20618.85, 125019
15431, -20701.00, -20623.87, 125146
15436, -20704.00, -20628.63, 125280
15441, -20708.00, -20633.63, 125405
15446, -20712.00, -20638.18, 125538
15451, -20718.00, -20643.14, 125653
15456, -20721.00, -20647.30, 125766
15461, -20725.00, -20651.77, 125887
15465, -20729.00, -20655.79, 126025
15471, -20731.00, -20660.76, 126151
15475, -20735.00, -20664.85, 126291
15481, -20740.00, -20669.67, 126418
15485, -20744.00, -20673.71, 126565
15491, -20745.00, -20678.61, 126697
15496, -20748.00, -20682.47, 126831
15501, -20754.00, -20686.57, 126975
15506, -20755.00, -20690.86, 127129
15511, -20761.00, -20695.38, 127267
15516, -20765.00, -20699.31, 127422
15521, -20768.00, -20703.70, 127569
15526, -20770.00, -20707.63, 127728
15532, -20774.00, -20711.83, 127870
15536, -20777.00, -20715.37, 128039
15542, -20781.00, -20719.62, 128198
15547, -20783.00, -20723.36, 128357
15552, -20787.00, -20727.05, 128522
15557, -20790.00, -20730.77, 128684
15561, -20793.00, -20734.29, 128852
15566, -20796.00, -20737.83, 129016
15571, -20800.00, -20741.20, 129189
15576, -20801.00, -20744.67, 129378
15581, -20807.00, -20748.34, 129549
15585, -20808.00, -20751.58, 129721
15590, -20812.00, -20754.71, 129931
15595, -20815.00, -20758.54, 130154
15600, -20818.00, -20762.25, 130374
15606, -20820.00, -20765.99, 130619
15611, -20824.00, -20769.59, 130853
15616, -20827.00, -20773.03, 131083
15621, -20829.00, -20776.22, 131319
15625, -20834.00, -20779.43, 131591
15631, -20835.00, -20783.05, 131849
15636, -20839.00, -20786.16, 132114
15640, -20840.00, -20789.31, 132410
15646, -20844.00, -20792.61, 132732
15651, -20847.00, -20796.07, 133039
15656, -20850.00, -20799.22, 133369
15661, -20851.00, -20802.43, 133695
15666, -20856.00, -20805.46, 134030
15671, -20858.00, -20808.55, 134372
15676, -20861.00, -20811.68, 134702
15681, -20861.00, -20814.67, 135004
15685, -20865.00, -20817.32, 135287
15690, -20868.00, -20819.94, 135566
15694, -20870.00, -20822.56, 135841
15698, -20874.00, -20825.22, 136106
15703, -20874.00, -20827.80, 136369
15707, -20876.00, -20830.34, 136619
15711, -20880.00, -20832.88, 136901
15717, -20881.00, -20835.81, 137175
15721, -20885.00, -20838.62, 137453
15727, -20888.00, -20841.61, 137716
15732, -20889.00, -20844.53, 137975
15737, -20892.00, -20847.37, 138233
15742, -20896.00, -20850.27, 138472
15747, -20897.00, -20853.01, 138706
15752, -20900.00, -20855.76, 138951
15757, -20902.00, -20858.63, 139184
15762, -20904.00, -20861.40, 139411
15767, -20907.00, -20864.15, 139640
15772, -20909.00, -20866.94, 139858
15777, -20913.00, -20869.67, 140069
15783, -20915.00, -20872.44, 140284
15788, -20916.00, -20875.13, 140489
15793, -20920.00, -20877.91, 140697
15798, -20921.00, -20880.51, 140868
15802, -20923.00, -20882.74, 141037
15807, -20926.00, -20884.98, 141200
15811, -20927.00, -20887.19, 141368
15816, -20931.00, -20889.45, 141530
15820, -20931.00, -20891.70, 141689
15824, -20933.00, -20893.85, 141865
15829, -20933.00, -20896.20, 142034
15834, -20938.00, -20898.54, 142218
15839, -20939.00, -20901.06, 142409
15845, -20944.00, -20903.69, 142601
15850, -20946.00, -20906.49, 142785
15856, -20947.00, -20909.07, 142961
15861, -20950.00, -20911.51, 143135
15866, -20952.00, -20913.95, 143288
15870, -20955.00, -20916.09, 143435
15875, -20956.00, -20918.18, 143605
15880, -20957.00, -20920.59, 143770
15885, -20960.00, -20922.82, 143941
15890, -20961.00, -20925.18, 144109
15895, -20964.00, -20927.46, 144285
15900, -20967.00, -20929.92, 144432
15904, -20969.00, -20931.96, 144579
15909, -20968.00, -20933.88, 144726
15913, -20972.00, -20935.83, 144871
15917, -20974.00, -20937.81, 145017
15922, -20975.00, -20939.78, 145162
15926, -20978.00, -20941.74, 145324
15931, -20979.00, -20943.95, 145496
15936, -20981.00, -20946.21, 145661
15941, -20982.00, -20948.31, 145826
15946, -20986.00, -20950.43, 145992
15951, -20987.00, -20952.60, 146156
15956, -20990.00, -20954.74, 146314
15961, -20990.00, -20956.73, 146463
15965, -20994.00, -20958.63, 146613
15969, -20993.00, -20960.49, 146765
15974, -20995.00, -20962.29, 146914
15978, -20997.00, -20964.07, 147066
15982, -20999.00, -20965.91, 147224
15987, -21002.00, -20967.79, 147376
15991, -21001.00, -20969.59, 147535
15996, -21006.00, -20971.40, 147707
16000, -21005.00, -20973.42, 147887
16005, -21007.00, -20975.37, 148067
16010, -21010.00, -20977.35, 148249
16015, -21012.00, -20979.31, 148437
16020, -21009.00, -20981.20, 148552
16025, -21009.00, -20982.75, 148595
16029, -21007.00, -20984.11, 148597
16033, -21007.00, -20985.32, 148561
16038, -21005.00, -20986.41, 148500
16042, -21002.00, -20987.32, 148415
16046, -21002.00, -20988.11, 148307
16051, -21000.00, -20988.86, 148170
16056, -20998.00, -20989.50, 148025
16061, -20998.00, -20990.03, 147852
16067, -20995.00, -20990.47, 147695
16072, -20992.00, -20990.66, 147529
16077, -20989.00, -20990.65, 147355
16083, -20989.00, -20990.54, 147186
16088, -20987.00, -20990.39, 147022
16093, -20984.00, -20990.09, 146851
16098, -20983.00, -20989.68, 146686
16103, -20979.00, -20989.15, 146516
16108, -20979.00, -20988.51, 146355
16113, -20977.00, -20987.85, 146185
16118, -20974.00, -20987.11, 146026
16123, -20973.00, -20986.28, 145859
16128, -20971.00, -20985.38, 145682
16134, -20969.00, -20984.36, 145535
16138, -20968.00, -20983.49, 145395
16143, -20965.00, -20982.58, 145256
16147, -20963.00, -20981.59, 145116
16151, -20961.00, -20980.53, 144980
16156, -20959.00, -20979.44, 144840
16160, -20960.00, -20978.38, 144667
16166, -20956.00, -20976.96, 144506
16171, -20953.00, -20975.61, 144351
16176, -20952.00, -20974.23, 144192
16181, -20950.00, -20972.78, 144034
16186, -20946.00, -20971.29, 143875
16191, -20945.00, -20969.70, 143719
16196, -20944.00, -20968.20, 143561
16201, -20941.00, -20966.64, 143408
16205, -20939.00, -20965.10, 143271
16210, -20938.00, -20963.71, 143131
16214, -20936.00, -20962.29, 142992
16218, -20934.00, -20960.86, 142848
16223, -20934.00, -20959.43, 142708
16227, -20932.00, -20958.01, 142566
16231, -20928.00, -20956.52, 142425
16236, -20927.00, -20955.00, 142281
16240, -20926.00, -20953.50, 142134
16244, -20922.00, -20951.91, 141979
16249, -20923.00, -20950.29, 141829
16253, -20919.00, -20948.72, 141655
16258, -20917.00, -20946.80, 141476
16263, -20915.00, -20944.89, 141302
16268, -20912.00, -20942.98, 141124
16273, -20910.00, -20941.07, 140939
16278, -20909.00, -20939.12, 140767
16283, -20906.00, -20937.34, 140574
16288, -20903.00, -20935.26, 140380
16293, -20902.00, -20933.26, 140182
16298, -20899.00, -20931.22, 139977
16303, -20897.00, -20929.15, 139771
16309, -20893.00, -20926.99, 139563
16314, -20890.00, -20924.81, 139358
16319, -20889.00, -20922.68, 139138
16324, -20885.00, -20920.48, 138913
16329, -20882.00, -20918.19, 138711
16333, -20881.00, -20916.15, 138498
16338, -20879.00, -20914.06, 138285
16343, -20876.00, -20912.02, 138027
16348, -20873.00, -20909.54, 137764
16353, -20871.00, -20907.11, 137487
16359, -20869.00, -20904.66, 137208
16364, -20866.00, -20902.23, 136951
16369, -20861.00, -20900.04, 136702
16373, -20863.00, -20897.98, 136443
16378, -20860.00, -20895.95, 136168
16383, -20855.00, -20893.75, 135826
16388, -20853.00, -20891.05, 135492
16393, -20849.00, -20888.49, 135109
16399, -20846.00, -20885.55, 134745
16405, -20843.00, -20882.86, 134395
16410, -20841.00, -20880.25, 134014
16416, -20838.00, -20877.42, 133719
16420, -20835.00, -20875.19, 133409
16425, -20833.00, -20872.70, 133095
16430, -20830.00, -20870.15, 132827
16435, -20826.00, -20867.90, 132575
16439, -20825.00, -20865.63, 132302
16444, -20822.00, -20863.15, 132063
16448, -20820.00, -20860.92, 131830
16452, -20818.00, -20858.67, 131602
16457, -20814.00, -20856.38, 131364
16462, -20811.00, -20853.82, 131131
16467, -20808.00, -20851.20, 130879
16472, -20805.00, -20848.29, 130646
16477, -20802.00, -20845.52, 130423
16482, -20800.00, -20842.77, 130220
16487, -20796.00, -20840.16, 130022
16492, -20794.00, -20837.50, 129820
16497, -20790.00, -20834.71, 129635
16501, -20788.00, -20832.06, 129463
16506, -20784.00, -20829.53, 129301
16510, -20781.00, -20827.04, 129109
16516, -20777.00, -20823.79, 128917
16521, -20774.00, -20820.67, 128731
16526, -20770.00, -20817.48, 128563
16532, -20767.00, -20814.41, 128409
16536, -20764.00, -20811.74, 128271
16540, -20763.00, -20809.19, 128131
16545, -20757.00, -20806.54, 127977
16550, -20757.00, -20803.51, 127826
16555, -20753.00, -20800.58, 127687
16559, -20750.00, -20797.84, 127558
16564, -20746.00, -20795.18, 127433
16568, -20743.00, -20792.49, 127307
16572, -20740.00, -20789.75, 127182
16577, -20735.00, -20786.92, 127061
16581, -20735.00, -20784.16, 126925
16586, -20729.00, -20781.00, 126785
16591, -20726.00, -20777.67, 126654
16596, -20723.00, -20774.46, 126522
16601, -20719.00, -20771.26, 126385
16606, -20715.00, -20767.84, 126258
16612, -20712.00, -20764.44, 126131
16617, -20706.00, -20761.07, 126007
16621, -20704.00, -20757.72, 125883
16626, -20700.00, -20754.32, 125760
16632, -20697.00, -20750.85, 125632
16637, -20690.00, -20747.35, 125519
16641, -20687.00, -20744.11, 125405
16646, -20685.00, -20740.88, 125280
16651, -20681.00, -20737.31, 125158
16656, -20678.00, -20733.78, 125037
16661, -20673.00, -20730.32, 124925
16665, -20668.00, -20727.05, 124818
16669, -20665.00, -20723.83, 124710
16674, -20661.00, -20720.58, 124604
16678, -20657.00, -20717.30, 124495
16682, -20653.00, -20713.98, 124386
16687, -20649.00, -20710.54, 124274
16691, -20645.00, -20707.09, 124152
16696, -20640.00, -20703.18, 124041
16701, -20635.00, -20699.59, 123924
16705, -20632.00, -20695.80, 123808
16710, -20628.00, -20692.06, 123680
16715, -20624.00, -20688.00, 123566
16720, -20621.00, -20684.34, 123452
16724, -20613.00, -20680.65, 123340
16729, -20611.00, -20676.92, 123218
16733, -20605.00, -20672.94, 123100
16738, -20599.00, -20668.91, 122978
16743, -20596.00, -20664.80, 122856
16748, -20590.00, -20660.67, 122726
16752, -20585.00, -20656.36, 122598
16757, -20581.00, -20651.95, 122470
16762, -20574.00, -20647.66, 122340
16767, -20570.00, -20643.21, 122210
16771, -20565.00, -20638.88, 122082
16776, -20560.00, -20634.57, 121939
16781, -20555.00, -20629.67, 121803
16786, -20549.00, -20625.13, 121673
16791, -20544.00, -20620.83, 121546
16795, -20540.00, -20616.64, 121420
16799, -20535.00, -20612.44, 121285
16804, -20530.00, -20607.98, 121154
16808, -20524.00, -20603.70, 120995
16813, -20517.00, -20598.41, 120840
16818, -20512.00, -20593.41, 120684
16823, -20506.00, -20588.41, 120522
16828, -20500.00, -20583.03, 120354
16833, -20493.00, -20577.91, 120183
16838, -20487.00, -20572.46, 120011
16843, -20483.00, -20567.31, 119818
16848, -20476.00, -20561.55, 119634
16854, -20468.00, -20556.06, 119445
16858, -20463.00, -20550.67, 119274
16863, -20458.00, -20545.83, 119094
16867, -20452.00, -20540.79, 118896
16872, -20444.00, -20535.31, 118671
16878, -20438.00, -20529.19, 118460
16882, -20430.00, -20523.56, 118236
16887, -20423.00, -20517.54, 118012
16893, -20417.00, -20511.55, 117793
16897, -20409.00, -20505.66, 117594
16902, -20403.00, -20500.22, 117399
16906, -20397.00, -20494.88, 117206
16911, -20391.00, -20489.38, 117014
16915, -20383.00, -20483.89, 116826
16919, -20377.00, -20478.31, 116638
16924, -20370.00, -20472.64, 116436
16929, -20364.00, -20466.30, 116237
16934, -20357.00, -20459.99, 116038
16939, -20349.00, -20453.55, 115844
16943, -20341.00, -20447.19, 115644
16949, -20333.00, -20440.32, 115452
16954, -20325.00, -20433.54, 115261
16959, -20318.00, -20426.63, 115073
16964, -20310.00, -20419.77, 114885
16969, -20301.00, -20412.75, 114705
16974, -20294.00, -20405.82, 114525
16979, -20287.00, -20398.71, 114343
16984, -20277.00, -20391.52, 114155
16989, -20269.00, -20383.79, 113987
16994, -20263.00, -20376.83, 113817
16999, -20252.00, -20369.68, 113660
17003, -20246.00, -20363.07, 113510
17008, -20239.00, -20356.57, 113362
17012, -20231.00, -20350.13, 113214
17016, -20225.00, -20343.66, 113068
17021, -20216.00, -20337.10, 112922
17025, -20210.00, -20330.45, 112762
17030, -20202.00, -20322.82, 112588
17035, -20192.00, -20314.84, 112422
17041, -20183.00, -20306.91, 112243
17046, -20175.00, -20298.57, 112093
17050, -20166.00, -20291.48, 111950
17055, -20158.00, -20284.51, 111810
17059, -20151.00, -20277.61, 111658
17064, -20142.00, -20269.66, 111493
17069, -20134.00, -20261.71, 111337
17074, -20125.00, -20253.89, 111156
17080, -20116.00, -20244.63, 110994
17085, -20107.00, -20236.51, 110821
17090, -20097.00, -20227.61, 110653
17095, -20088.00, -20218.88, 110479
17101, -20078.00, -20210.17, 110334
17105, -20072.00, -20202.94, 110194
17109, -20064.00, -20195.75, 110051
17114, -20057.00, -20188.44, 109907
17118, -20049.00, -20181.20, 109766
17122, -20041.00, -20174.04, 109621
17127, -20033.00, -20166.63, 109458
17132, -20023.00, -20158.06, 109263
17138, -20014.00, -20148.31, 109075
17143, -20004.00, -20138.83, 108877
17149, -19992.00, -20129.03, 108701
17154, -19984.00, -20120.54, 108546
17158, -19976.00, -20112.93, 108386
17163, -19970.00, -20105.26, 108188
17169, -19959.00, -20095.63, 107992
17174, -19949.00, -20086.36, 107772
17180, -19939.00, -20075.98, 107557
17186, -19930.00, -20066.40, 107349
17191, -19920.00, -20057.20, 107136
17196, -19912.00, -20047.91, 106930
17202, -19905.00, -20038.97, 106701
17207, -19895.00, -20029.45, 106498
17212, -19886.00, -20021.24, 106320
17216, -19880.00, -20013.96, 106138
17221, -19874.00, -20006.64, 105953
17225, -19865.00, -19999.32, 105762
17230, -19858.00, -19991.90, 105570
17234, -19852.00, -19984.62, 105371
17238, -19846.00, -19977.34, 105172
17243, -19837.00, -19970.02, 104927
17248, -19829.00, -19961.23, 104674
17253, -19822.00, -19952.48, 104416
17258, -19815.00, -19943.95, 104193
17263, -19807.00, -19936.77, 103965
17267, -19801.00, -19929.74, 103738
17272, -19796.00, -19922.77, 103504
17276, -19788.00, -19915.81, 103257
17280, -19782.00, -19908.69, 103007
17285, -19774.00, -19901.69, 102752
17289, -19770.00, -19894.76, 102488
17293, -19763.00, -19887.91, 102223
17298, -19758.00, -19881.20, 101938
17303, -19752.00, -19873.94, 101657
17307, -19745.00, -19867.10, 101361
17312, -19739.00, -19859.64, 101091
17316, -19733.00, -19853.08, 100794
17321, -19729.00, -19845.67, 100505
17326, -19722.00, -19838.18, 100216
17331, -19715.00, -19830.90, 99948
17336, -19708.00, -19823.83, 99690
17341, -19702.00, -19816.62, 99423
17346, -19695.00, -19809.29, 99160
17351, -19687.00, -19801.80, 98912
17357, -19681.00, -19794.41, 98673
17362, -19676.00, -19787.25, 98444
17367, -19671.00, -19780.38, 98225
17372, -19664.00, -19773.46, 97975
17378, -19657.00, -19765.39, 97775
17382, -19653.00, -19758.90, 97585
17387, -19648.00, -19752.60, 97376
17393, -19642.00, -19745.54, 97177
17398, -19635.00, -19738.68, 96993
17403, -19630.00, -19732.00, 96794
17408, -19624.00, -19725.15, 96615
17413, -19618.00, -19718.62, 96426
17419, -19612.00, -19711.64, 96244
17424, -19607.00, -19705.04, 96077
17430, -19601.00, -19698.59, 95909
17435, -19596.00, -19692.30, 95743
17440, -19591.00, -19685.90, 95603
17445, -19587.00, -19680.56, 95471
17449, -19584.00, -19675.46, 95332
17454, -19580.00, -19670.12, 95199
17458, -19574.00, -19664.77, 95067
17463, -19570.00, -19659.58, 94912
17468, -19565.00, -19653.45, 94788
17473, -19560.00, -19648.43, 94636
17478, -19558.00, -19642.40, 94510
17483, -19553.00, -19637.52, 94374
17488, -19549.00, -19632.17, 94244
17493, -19544.00, -19626.97, 94113
17498, -19539.00, -19621.86, 93985
17503, -19535.00, -19616.80, 93841
17509, -19531.00, -19611.04, 93715
17513, -19526.00, -19606.13, 93596
17518, -19524.00, -19601.42, 93483
17523, -19519.00, -19596.94, 93357
17528, -19516.00, -19591.97, 93243
17533, -19511.00, -19587.40, 93130
17537, -19509.00, -19583.06, 93017
17542, -19505.00, -19578.75, 92912
17547, -19501.00, -19574.54, 92785
17552, -19496.00, -19569.74, 92654
17557, -19495.00, -19564.88, 92540
17562, -19490.00, -19560.60, 92411
17567, -19488.00, -19555.96, 92280
17573, -19482.00, -19551.27, 92143
17578, -19480.00, -19546.51, 92026
17583, -19475.00, -19542.46, 91902
17588, -19471.00, -19538.04, 91787
17593, -19469.00, -19534.10, 91668
17598, -19465.00, -19530.12, 91548
17603, -19462.00, -19526.05, 91434
17608, -19459.00, -19522.27, 91312
17613, -19457.00, -19518.40, 91176
17618, -19452.00, -19514.10, 91054
17623, -19450.00, -19510.34, 90924
17628, -19445.00, -19506.30, 90803
17633, -19442.00, -19502.62, 90682
17638, -19440.00, -19499.12, 90562
17642, -19437.00, -19495.69, 90434
17647, -19434.00, -19492.05, 90298
17652, -19430.00, -19488.35, 90163
17658, -19428.00, -19484.66, 90016
17663, -19424.00, -19480.58, 89861
17669, -19421.00, -19476.87, 89698
17675, -19417.00, -19472.68, 89563
17679, -19415.00, -19469.59, 89437
17683, -19411.00, -19466.55, 89311
17688, -19409.00, -19463.53, 89174
17693, -19406.00, -19460.27, 89033
17697, -19405.00, -19457.17, 88891
17702, -19401.00, -19454.06, 88719
17708, -19398.00, -19450.26, 88536
17713, -19394.00, -19446.39, 88361
17719, -19392.00, -19442.83, 88194
17724, -19389.00, -19439.51, 88004
17730, -19387.00, -19435.81, 87835
17735, -19384.00, -19432.55, 87659
17741, -19381.00, -19429.31, 87476
17746, -19379.00, -19425.99, 87325
17751, -19378.00, -19423.48, 87172
17755, -19375.00, -19420.95, 86970
17761, -19371.00, -19417.53, 86803
17765, -19370.00, -19415.00, 86601
17771, -19367.00, -19411.87, 86378
17777, -19364.00, -19408.56, 86195
17781, -19362.00, -19406.13, 86000
17786, -19360.00, -19403.50, 85785
17791, -19357.00, -19400.69, 85549
17797, -19353.00, -19397.59, 85326
17802, -19354.00, -19394.86, 85094
17807, -19351.00, -19392.05, 84848
17813, -19347.00, -19389.06, 84631
17818, -19346.00, -19386.54, 84396
17823, -19344.00, -19383.84, 84185
17828, -19340.00, -19381.30, 83984
17833, -19337.00, -19378.85, 83758
17838, -19335.00, -19375.97, 83547
17843, -19335.00, -19373.46, 83357
17848, -19331.00, -19371.13, 83165
17853, -19330.00, -19368.75, 82937
17859, -19326.00, -19365.86, 82726
17864, -19325.00, -19363.13, 82533
17869, -19324.00, -19360.78, 82330
17875, -19320.00, -19358.23, 82137
17880, -19319.00, -19355.77, 81956
17885, -19317.00, -19353.51, 81781
17890, -19314.00, -19351.26, 81620
17894, -19312.00, -19349.19, 81450
17899, -19309.00, -19346.90, 81287
17904, -19306.00, -19344.65, 81113
17909, -19307.00, -19342.34, 80934
17914, -19306.00, -19340.03, 80766
17919, -19301.00, -19337.82, 80597
17924, -19300.00, -19335.54, 80421
17929, -19298.00, -19333.18, 80253
17934, -19296.00, -19330.96, 80083
17939, -19293.00, -19328.69, 79924
17944, -19291.00, -19326.53, 79766
17949, -19290.00, -19324.43, 79605
17954, -19289.00, -19322.29, 79435
17959, -19286.00, -19320.08, 79274
17964, -19284.00, -19317.95, 79098
17970, -19282.00, -19315.62, 78940
17975, -19279.00, -19313.52, 78766
17980, -19278.00, -19311.22, 78608
17985, -19276.00, -19309.18, 78466
17989, -19274.00, -19307.31, 78311
17994, -19274.00, -19305.31, 78148
17999, -19269.00, -19303.26, 77992
18004, -19268.00, -19301.18, 77840
18009, -19266.00, -19299.26, 77692
18013, -19265.00, -19297.35, 77530
18018, -19262.00, -19295.27, 77368
18023, -19262.00, -19293.21, 77193
18029, -19258.00, -19291.06, 77036
18034, -19255.00, -19289.00, 76883
18039, -19257.00, -19287.06, 76720
18043, -19253.00, -19285.13, 76551
18049, -19251.00, -19283.03, 76382
18054, -19250.00, -19281.01, 76192
18059, -19247.00, -19278.78, 76021
18064, -19246.00, -19276.81, 75831
18070, -19243.00, -19274.59, 75645
18075, -19241.00, -19272.52, 75456
18081, -19240.00, -19270.39, 75264
18086, -19239.00, -19268.45, 75059
18092, -19235.00, -19266.32, 74875
18096, -19233.00, -19264.44, 74706
18101, -19233.00, -19262.72, 74522
18105, -19231.00, -19260.95, 74332
18110, -19230.00, -19259.14, 74152
18115, -19226.00, -19257.46, 73938
18120, -19226.00, -19255.44, 73716
18125, -19223.00, -19253.44, 73499
18130, -19221.00, -19251.52, 73271
18136, -19219.00, -19249.48, 73046
18141, -19218.00, -19247.61, 72800
18146, -19214.00, -19245.52, 72566
18151, -19214.00, -19243.65, 72324
18156, -19213.00, -19241.78, 72088
18161, -19209.00, -19239.97, 71831
18166, -19209.00, -19238.07, 71557
18171, -19206.00, -19236.04, 71277
18177, -19204.00, -19234.09, 70995
18182, -19203.00, -19232.20, 70687
18187, -19199.00, -19230.13, 70387
18192, -19199.00, -19228.21, 70070
18197, -19198.00, -19226.35, 69742
18203, -19196.00, -19224.49, 69385
18208, -19192.00, -19222.48, 69026
18213, -19191.00, -19220.46, 68723
18218, -19190.00, -19218.79, 68410
18223, -19186.00, -19216.94, 68089
18228, -19186.00, -19215.08, 67797
18232, -19184.00, -19213.38, 67514
18237, -19182.00, -19211.66, 67248
18242, -19181.00, -19209.98, 66950
18247, -19180.00, -19208.10, 66664
18252, -19178.00, -19206.27, 66384
18257, -19176.00, -19204.42, 66127
18262, -19173.00, -19202.48, 65884
18267, -19171.00, -19200.84, 65669
18271, -19170.00, -19199.20, 65422
18277, -19169.00, -19197.26, 65194
18282, -19166.00, -19195.46, 64968
18287, -19163.00, -19193.51, 64750
18292, -19162.00, -19191.58, 64568
18296, -19161.00, -19189.97, 64391
18301, -19161.00, -19188.43, 64223
18305, -19158.00, -19186.88, 64059
18309, -19158.00, -19185.36, 63899
18314, -19155.00, -19183.81, 63740
18318, -19154.00, -19182.26, 63589
18322, -19152.00, -19180.72, 63439
18327, -19151.00, -19179.17, 63286
18331, -19151.00, -19177.60, 63125
18336, -19148.00, -19175.93, 62977
18341, -19147.00, -19174.35, 62823
18346, -19144.00, -19172.64, 62669
18351, -19142.00, -19170.84, 62519
18355, -19142.00, -19169.14, 62369
18360, -19140.00, -19167.43, 62222
18365, -19139.00, -19165.71, 62071
18371, -19135.00, -19163.85, 61929
18375, -19134.00, -19162.15, 61800
18380, -19134.00, -19160.62, 61660
18385, -19130.00, -19158.84, 61528
18390, -19131.00, -19157.22, 61380
18395, -19127.00, -19155.25, 61229
18401, -19126.00, -19153.43, 61104
18405, -19125.00, -19151.80, 60969
18411, -19121.00, -19149.98, 60827
18416, -19120.00, -19148.12, 60701
18421, -19120.00, -19146.46, 60585
18425, -19118.00, -19144.93, 60468
18430, -19115.00, -19143.32, 60350
18435, -19114.00, -19141.66, 60222
18440, -19113.00, -19139.87, 60067
18446, -19110.00, -19137.76, 59930
18451, -19107.00, -19135.81, 59813
18456, -19107.00, -19134.23, 59704
18460, -19105.00, -19132.71, 59582
18465, -19102.00, -19130.96, 59449
18471, -19100.00, -19129.04, 59317
18476, -19100.00, -19127.21, 59195
18481, -19098.00, -19125.54, 59086
18485, -19097.00, -19124.03, 58961
18490, -19094.00, -19122.31, 58815
18496, -19093.00, -19120.26, 58683
18501, -19091.00, -19118.46, 58530
18507, -19088.00, -19116.32, 58375
18513, -19087.00, -19114.17, 58244
18518, -19082.00, -19112.33, 58102
18524, -19081.00, -19110.17, 57973
18529, -19080.00, -19108.46, 57859
18533, -19078.00, -19106.86, 57740
18538, -19078.00, -19105.21, 57614
18543, -19076.00, -19103.55, 57499
18547, -19074.00, -19102.01, 57370
18552, -19071.00, -19100.22, 57230
18557, -19070.00, -19098.31, 57093
18563, -19068.00, -19096.43, 56942
18568, -19067.00, -19094.50, 56801
18574, -19065.00, -19092.66, 56638
18579, -19063.00, -19090.60, 56494
18585, -19061.00, -19088.74, 56348
18590, -19059.00, -19086.88, 56186
18596, -19057.00, -19084.89, 56041
18601, -19055.00, -19083.17, 55887
18606, -19054.00, -19081.29, 55748
18611, -19052.00, -19079.71, 55594
18616, -19051.00, -19077.91, 55427
18621, -19049.00, -19076.10, 55255
18627, -19047.00, -19074.23, 55083
18632, -19045.00, -19072.40, 54907
18637, -19043.00, -19070.58, 54718
18643, -19040.00, -19068.62, 54541
18648, -19040.00, -19066.85, 54369
18653, -19038.00, -19065.18, 54191
18658, -19035.00, -19063.51, 54017
18662, -19034.00, -19061.87, 53807
18668, -19031.00, -19059.90, 53607
18673, -19030.00, -19058.08, 53372
18679, -19028.00, -19056.03, 53155
18684, -19024.00, -19054.15, 52926
18689, -19024.00, -19052.24, 52688
18695, -19022.00, -19050.20, 52442
18700, -19020.00, -19048.36, 52194
18705, -19016.00, -19046.33, 51957
18711, -19015.00, -19044.38, 51723
18716, -19015.00, -19042.39, 51485
18721, -19013.00, -19040.65, 51219
18727, -19010.00, -19038.48, 50975
18733, -19007.00, -19036.33, 50753
18738, -19007.00, -19034.59, 50544
18743, -19004.00, -19032.76, 50344
18748, -19003.00, -19031.06, 50151
18753, -19001.00, -19029.37, 49957
18758, -18999.00, -19027.57, 49778
18762, -18996.00, -19025.94, 49573
18768, -18994.00, -19023.93, 49385
18773, -18994.00, -19022.11, 49166
18779, -18991.00, -19020.02, 48950
18784, -18988.00, -19017.87, 48738
18790, -18987.00, -19015.75, 48551
18795, -18985.00, -19013.92, 48369
18800, -18982.00, -19012.05, 48209
18805, -18981.00, -19010.33, 48028
18810, -18980.00, -19008.42, 47831
18816, -18977.00, -19006.41, 47648
18821, -18975.00, -19004.46, 47461
18826, -18972.00, -19002.38, 47295
18831, -18971.00, -19000.51, 47108
18837, -18970.00, -18998.51, 46923
18842, -18966.00, -18996.45, 46754
18848, -18964.00, -18994.50, 46572
18853, -18962.00, -18992.38, 46382
18859, -18960.00, -18990.09, 46208
18864, -18958.00, -18988.16, 46045
18869, -18958.00, -18986.33, 45900
18874, -18954.00, -18984.71, 45756
18878, -18953.00, -18983.03, 45594
18883, -18950.00, -18981.07, 45425
18888, -18949.00, -18979.10, 45253
18893, -18946.00, -18977.06, 45073
18899, -18944.00, -18974.92, 44891
18905, -18941.00, -18972.70, 44714
18910, -18941.00, -18970.63, 44551
18915, -18938.00, -18968.72, 44375
18920, -18935.00, -18966.62, 44199
18926, -18932.00, -18964.35, 44020
18931, -18932.00, -18962.30, 43848
18936, -18929.00, -18960.33, 43670
18942, -18928.00, -18958.21, 43480
18947, -18923.00, -18956.08, 43307
18952, -18922.00, -18954.03, 43132
18957, -18921.00, -18952.00, 42967
18962, -18920.00, -18950.24, 42808
18967, -18916.00, -18948.42, 42635
18971, -18915.00, -18946.52, 42451
18977, -18912.00, -18944.40, 42259
18982, -18910.00, -18942.30, 42067
18987, -18908.00, -18940.19, 41873
18992, -18906.00, -18938.07, 41685
18997, -18904.00, -18936.11, 41466
19003, -18902.00, -18933.76, 41218
19009, -18900.00, -18931.33, 40998
19014, -18897.00, -18929.16, 40771
19020, -18894.00, -18926.87, 40555
19025, -18892.00, -18924.66, 40327
19031, -18890.00, -18922.51, 40090
19036, -18888.00, -18920.27, 39865
19041, -18884.00, -18918.17, 39638
19046, -18883.00, -18915.98, 39371
19052, -18880.00, -18913.54, 39083
19058, -18877.00, -18910.99, 38821
19064, -18875.00, -18908.71, 38539
19069, -18873.00, -18906.29, 38273
19074, -18871.00, -18904.15, 37994
19080, -18867.00, -18901.88, 37743
19084, -18866.00, -18899.98, 37499
19089, -18863.00, -18898.07, 37217
19094, -18862.00, -18895.92, 36915
19099, -18859.00, -18893.72, 36603
19104, -18859.00, -18891.55, 36280
19109, -18856.00, -18889.33, 35954
19114, -18852.00, -18887.04, 35630
19120, -18851.00, -18884.71, 35322
19125, -18847.00, -18882.44, 35055
19130, -18845.00, -18880.39, 34778
19135, -18843.00, -18878.14, 34485
19140, -18841.00, -18875.78, 34184
19146, -18837.00, -18873.20, 33901
19151, -18836.00, -18870.76, 33616
19158, -18834.00, -18868.11, 33349
19163, -18830.00, -18865.77, 33096
19168, -18826.00, -18863.23, 32895
19173, -18824.00, -18861.16, 32684
19178, -18823.00, -18858.91, 32483
19183, -18820.00, -18856.71, 32265
19188, -18817.00, -18854.19, 32054
19193, -18815.00, -18851.68, 31869
19198, -18812.00, -18849.45, 31691
19203, -18810.00, -18847.23, 31521
19208, -18810.00, -18845.10, 31363
19212, -18805.00, -18843.07, 31194
19217, -18803.00, -18840.73, 31011
19222, -18799.00, -18838.06, 30811
19228, -18796.00, -18835.21, 30648
19233, -18794.00, -18832.75, 30469
19239, -18791.00, -18829.98, 30277
19245, -18788.00, -18826.93, 30107
19251, -18785.00, -18824.24, 29937
19256, -18782.00, -18821.41, 29769
19262, -18777.00, -18818.46, 29612
19268, -18776.00, -18815.74, 29469
19273, -18772.00, -18813.18, 29329
19277, -18770.00, -18810.66, 29198
19282, -18767.00, -18808.19, 29062
19287, -18763.00, -18805.59, 28926
19292, -18761.00, -18802.85, 28783
19298, -18758.00, -18799.98, 28643
19303, -18753.00, -18796.98, 28498
19309, -18752.00, -18794.14, 28384
19313, -18751.00, -18791.86, 28259
19318, -18746.00, -18789.29, 28136
19323, -18745.00, -18786.65, 28017
19328, -18740.00, -18784.10, 27893
19333, -18736.00, -18781.21, 27755
19338, -18734.00, -18778.06, 27633
19343, -18732.00, -18775.24, 27484
19350, -18727.00, -18771.86, 27350
19355, -18724.00, -18768.75, 27211
19361, -18719.00, -18765.42, 27080
19366, -18715.00, -18762.23, 26952
19372, -18712.00, -18759.11, 26835
19376, -18710.00, -18756.34, 26716
19381, -18705.00, -18753.43, 26603
19386, -18701.00, -18750.61, 26497
19390, -18701.00, -18747.98, 26387
19395, -18695.00, -18745.23, 26280
19399, -18692.00, -18742.46, 26173
19403, -18689.00, -18739.71, 26068
19408, -18687.00, -18736.98, 25955
19412, -18682.00, -18734.00, 25848
19417, -18680.00, -18731.20, 25734
19421, -18676.00, -18728.13, 25604
19427, -18673.00, -18724.69, 25492
19431, -18669.00, -18721.81, 25369
19436, -18666.00, -18718.48, 25256
19440, -18662.00, -18715.53, 25148
19445, -18658.00, -18712.55, 25027
19450, -18654.00, -18709.22, 24899
19455, -18652.00, -18705.63, 24778
19459, -18647.00, -18702.49, 24668
19464, -18643.00, -18699.44, 24559
19468, -18640.00, -18696.35, 24438
19473, -18636.00, -18692.95, 24322
19477, -18633.00, -18689.76, 24208
19482, -18628.00, -18686.59, 24097
19486, -18626.00, -18683.45, 23983
19490, -18619.00, -18680.23, 23866
19495, -18618.00, -18676.89, 23746
19499, -18615.00, -18673.63, 23615
19504, -18609.00, -18669.96, 23484
19509, -18605.00, -18666.36, 23360
19513, -18601.00, -18662.94, 23234
19518, -18597.00, -18659.56, 23088
19523, -18592.00, -18655.52, 22952
19527, -18588.00, -18651.93, 22820
19531, -18585.00, -18648.45, 22630
19538, -18579.00, -18643.42, 22462
19543, -18573.00, -18639.03, 22303
19548, -18568.00, -18635.06, 22132
19553, -18562.00, -18630.58, 21956
19558, -18557.00, -18626.18, 21803
19563, -18553.00, -18622.34, 21617
19568, -18547.00, -18617.64, 21420
19573, -18544.00, -18612.96, 21250
19578, -18538.00, -18609.12, 21075
19582, -18531.00, -18604.93, 20901
19587, -18528.00, -18600.88, 20727
19591, -18524.00, -18596.90, 20548
19595, -18519.00, -18592.89, 20364
19600, -18513.00, -18588.76, 20177
19604, -18510.00, -18584.65, 19985
19608, -18504.00, -18580.49, 19786
19613, -18498.00, -18576.10, 19569
19618, -18492.00, -18571.15, 19342
19623, -18487.00, -18566.09, 19147
19627, -18483.00, -18561.78, 18950
19632, -18476.00, -18557.23, 18764
19636, -18472.00, -18552.85, 18550
19641, -18463.00, -18547.53, 18350
19646, -18460.00, -18542.56, 18138
19651, -18453.00, -18537.18, 17922
19656, -18445.00, -18531.57, 17740
19661, -18440.00, -18526.81, 17566
19665, -18434.00, -18522.07, 17394
19670, -18428.00, -18517.21, 17224
19674, -18422.00, -18512.28, 17039
19679, -18415.00, -18506.70, 16849
19684, -18410.00, -18500.87, 16661
19689, -18402.00, -18495.21, 16498
19693, -18395.00, -18489.95, 16339
19698, -18389.00, -18484.70, 16158
19703, -18383.00, -18478.55, 15991
19707, -18376.00, -18472.88, 15836
19712, -18368.00, -18467.49, 15688
19716, -18363.00, -18462.14, 15537
19720, -18357.00, -18456.59, 15388
19725, -18351.00, -18450.99, 15241
19729, -18343.00, -18445.40, 15094
19734, -18336.00, -18439.76, 14953
19738, -18330.00, -18434.15, 14807
19742, -18324.00, -18428.38, 14667
19747, -18317.00, -18422.65, 14526
19751, -18311.00, -18416.87, 14387
19755, -18304.00, -18411.06, 14244
19760, -18297.00, -18405.01, 14107
19764, -18291.00, -18399.04, 13967
19769, -18284.00, -18393.12, 13831
19773, -18277.00, -18387.14, 13694
19777, -18271.00, -18381.09, 13557
19782, -18262.00, -18374.96, 13424
19786, -18258.00, -18368.94, 13290
19790, -18250.00, -18362.82, 13156
19795, -18243.00, -18356.63, 13024
19799, -18235.00, -18350.50, 12890
19803, -18228.00, -18344.17, 12753
19808, -18221.00, -18337.78, 12617
19812, -18214.00, -18331.12, 12477
19817, -18207.00, -18324.69, 12345
19821, -18201.00, -18318.32, 12207
19825, -18193.00, -18311.84, 12073
19830, -18184.00, -18305.29, 11938
19834, -18179.00, -18298.80, 11799
19838, -18169.00, -18292.16, 11662
19843, -18163.00, -18285.44, 11526
19847, -18156.00, -18278.73, 11370
19852, -18147.00, -18271.13, 11226
19856, -18138.00, -18264.08, 11086
19861, -18131.00, -18257.23, 10945
19865, -18124.00, -18250.37, 10801
19869, -18116.00, -18243.39, 10653
19874, -18109.00, -18236.36, 10505
19878, -18100.00, -18229.29, 10353
19882, -18094.00, -18222.18, 10201
19887, -18086.00, -18215.16, 10045
19891, -18076.00, -18207.96, 9888
19896, -18068.00, -18200.64, 9730
19900, -18061.00, -18193.29, 9567
19904, -18053.00, -18185.94, 9406
19909, -18045.00, -18178.72, 9240
19913, -18037.00, -18171.34, 9071
19918, -18030.00, -18163.94, 8902
19922, -18023.00, -18156.63, 8727
19926, -18014.00, -18149.16, 8556
19931, -18006.00, -18141.78, 8381
19935, -17999.00, -18134.36, 8202
19939, -17991.00, -18126.93, 8020
19944, -17984.00, -18119.55, 7829
19948, -17974.00, -18111.91, 7640
19952, -17967.00, -18104.37, 7449
19957, -17958.00, -18096.88, 7249
19961, -17953.00, -18089.24, 7051
19966, -17946.00, -18081.82, 6846
19970, -17937.00, -18074.29, 6632
19974, -17929.00, -18066.72, 6419
19979, -17921.00, -18059.27, 6196
19983, -17915.00, -18051.66, 5968
19987, -17908.00, -18044.14, 5743
19992, -17904.00, -18036.59, 5542
19996, -17904.00, -18029.60, 5389
20001, -17904.00, -18022.96, 5269
20005, -17906.00, -18016.70, 5174
20009, -17904.00, -18010.67, 5102
20014, -17904.00, -18005.05, 5046
20018, -17903.00, -17999.68, 5000
20022, -17906.00, -17994.55, 4988
20027, -17911.00, -17990.05, 5035
20031, -17918.00, -17985.98, 5129
20035, -17928.00, -17982.63, 5260
20040, -17937.00, -17979.94, 5417
20044, -17946.00, -17977.89, 5592
20048, -17953.00, -17976.38, 5785
20053, -17960.00, -17975.30, 5982
20057, -17967.00, -17974.67, 6184
20062, -17976.00, -17974.50, 6394
20066, -17984.00, -17974.79, 6599
20070, -17993.00, -17975.52, 6805
20075, -18002.00, -17976.69, 7010
20079, -18009.00, -17978.22, 7214
20084, -18017.00, -17980.09, 7414
20088, -18026.00, -17982.29, 7614
20092, -18034.00, -17984.96, 7819
20097, -18041.00, -17987.76, 8012
20101, -18049.00, -17990.83, 8198
20105, -18058.00, -17994.12, 8387
20110, -18067.00, -17997.80, 8570
20114, -18076.00, -18001.71, 8749
20119, -18081.00, -18005.75, 8929
20123, -18091.00, -18010.06, 9105
20127, -18101.00, -18014.69, 9278
20132, -18108.00, -18019.50, 9450
20136, -18116.00, -18024.48, 9620
20140, -18123.00, -18029.55, 9794
20145, -18134.00, -18035.04, 9959
20149, -18139.00, -18040.45, 10131
20154, -18150.00, -18046.33, 10300
20159, -18158.00, -18052.35, 10469
20163, -18165.00, -18058.43, 10635
20168, -18175.00, -18064.72, 10792
20172, -18184.00, -18070.89, 10944
20177, -18191.00, -18077.13, 11119
20182, -18200.00, -18084.61, 11295
20187, -18210.00, -18091.91, 11503
20193, -18219.00, -18100.71, 11687
20198, -18229.00, -18108.85, 11870
20203, -18237.00, -18116.95, 12039
20208, -18246.00, -18124.37, 12198
20213, -18255.00, -18131.56, 12360
20218, -18262.00, -18139.08, 12543
20223, -18272.00, -18147.60, 12707
20228, -18280.00, -18155.19, 12879
20233, -18291.00, -18163.30, 13055
20239, -18298.00, -18171.74, 13232
20244, -18306.00, -18180.16, 13400
20249, -18315.00, -18188.12, 13587
20255, -18325.00, -18197.61, 13772
20260, -18334.00, -18205.93, 13943
20265, -18344.00, -18214.17, 14109
20270, -18350.00, -18222.24, 14262
20275, -18356.00, -18229.36, 14411
20279, -18360.00, -18236.34, 14557
20283, -18368.00, -18243.07, 14703
20288, -18375.00, -18249.85, 14859
20292, -18382.00, -18257.13, 15007
20297, -18388.00, -18263.87, 15155
20301, -18398.00, -18270.72, 15304
20305, -18400.00, -18277.48, 15456
20309, -18406.00, -18284.13, 15606
20314, -18412.00, -18290.69, 15758
20318, -18418.00, -18297.22, 15909
20322, -18424.00, -18303.73, 16066
20327, -18430.00, -18310.27, 16224
20331, -18437.00, -18316.82, 16386
20335, -18442.00, -18323.37, 16547
20340, -18447.00, -18329.84, 16711
20344, -18453.00, -18336.22, 16879
20349, -18458.00, -18342.74, 17060
20353, -18464.00, -18349.57, 17251
20358, -18470.00, -18356.66, 17434
20363, -18478.00, -18363.16, 17631
20368, -18483.00, -18370.29, 17848
20373, -18490.00, -18377.63, 18045
20378, -18496.00, -18384.23, 18226
20382, -18501.00, -18390.26, 18436
20387, -18505.00, -18396.94, 18643
20392, -18511.00, -18403.25, 18845
20396, -18518.00, -18409.45, 19058
20401, -18522.00, -18415.74, 19294
20406, -18528.00, -18422.73, 19510
20411, -18534.00, -18429.19, 19734
20415, -18539.00, -18435.22, 19966
20421, -18542.00, -18442.00, 20195
20426, -18550.00, -18448.56, 20404
20431, -18556.00, -18454.83, 20613
20436, -18560.00, -18460.97, 20791
20440, -18564.00, -18466.39, 20969
20444, -18569.00, -18471.68, 21141
20449, -18572.00, -18476.90, 21306
20453, -18578.00, -18482.17, 21474
20458, -18582.00, -18487.36, 21635
20462, -18586.00, -18492.47, 21808
20467, -18590.00, -18498.03, 21981
20472, -18596.00, -18503.68, 22136
20476, -18599.00, -18508.64, 22303
20481, -18603.00, -18514.26, 22471
20486, -18608.00, -18519.87, 22622
20490, -18612.00, -18524.76, 22764
20495, -18618.00, -18529.59, 22920
20500, -18621.00, -18535.13, 23077
20505, -18625.00, -18540.60, 23218
20509, -18630.00, -18545.38, 23363
20514, -18634.00, -18550.67, 23514
20519, -18640.00, -18555.97, 23665
20525, -18644.00, -18561.48, 23813
20530, -18647.00, -18566.71, 23959
20535, -18652.00, -18572.07, 24088
20540, -18656.00, -18576.68, 24213
20544, -18659.00, -18581.37, 24348
20549, -18662.00, -18586.10, 24486
20555, -18668.00, -18591.19, 24611
20559, -18669.00, -18595.57, 24757
20565, -18675.00, -18600.83, 24889
20570, -18679.00, -18605.63, 25030
20576, -18682.00, -18610.68, 25167
20581, -18687.00, -18615.64, 25301
20587, -18690.00, -18620.32, 25423
20591, -18694.00, -18624.51, 25531
20596, -18697.00, -18628.27, 25649
20600, -18700.00, -18632.33, 25756
20605, -18704.00, -18636.00, 25863
20609, -18707.00, -18639.70, 25970
20613, -18710.00, -18643.35, 26078
20618, -18713.00, -18647.11, 26187
20622, -18718.00, -18650.72, 26293
20627, -18720.00, -18654.38, 26401
20631, -18723.00, -18657.92, 26508
20635, -18725.00, -18661.39, 26620
20640, -18726.00, -18665.04, 26736
20644, -18730.00, -18668.55, 26857
20649, -18733.00, -18672.25, 26963
20654, -18736.00, -18675.50, 27068
20658, -18739.00, -18678.78, 27175
20662, -18744.00, -18682.09, 27283
20667, -18744.00, -18685.40, 27420
20672, -18748.00, -18689.48, 27532
20677, -18750.00, -18692.78, 27668
20682, -18755.00, -18696.72, 27809
20687, -18757.00, -18700.62, 27940
20693, -18760.00, -18704.20, 28068
20698, -18763.00, -18707.68, 28211
20703, -18767.00, -18711.46, 28339
20708, -18770.00, -18714.74, 28465
20712, -18772.00, -18718.00, 28592
20717, -18775.00, -18721.18, 28717
20722, -18778.00, -18724.32, 28851
20727, -18779.00, -18727.49, 28980
20731, -18783.00, -18730.49, 29126
20736, -18786.00, -18733.86, 29251
20741, -18789.00, -18736.74, 29397
20746, -18792.00, -18740.06, 29538
20750, -18794.00, -18743.11, 29670
20755, -18796.00, -18745.93, 29803
20759, -18798.00, -18748.67, 29934
20764, -18802.00, -18751.36, 30082
20768, -18804.00, -18754.33, 30237
20773, -18807.00, -18757.46, 30381
20778, -18810.00, -18760.23, 30528
20782, -18811.00, -18762.90, 30673
20786, -18814.00, -18765.51, 30846
20791, -18817.00, -18768.55, 31023
20796, -18820.00, -18771.66, 31208
20802, -18823.00, -18774.81, 31401
20807, -18824.00, -18777.87, 31571
20811, -18827.00, -18780.43, 31763
20816, -18830.00, -18783.32, 31941
20821, -18832.00, -18785.92, 32134
20825, -18834.00, -18788.62, 32330
20830, -18837.00, -18791.25, 32523
20834, -18838.00, -18793.80, 32743
20839, -18842.00, -18796.52, 32960
20844, -18845.00, -18799.23, 33175
20848, -18847.00, -18801.77, 33389
20853, -18847.00, -18804.16, 33615
20857, -18850.00, -18806.57, 33893
20863, -18854.00, -18809.60, 34173
20868, -18856.00, -18812.37, 34468
20873, -18858.00, -18815.07, 34756
20878, -18859.00, -18817.66, 35094
20883, -18863.00, -18820.52, 35443
20888, -18866.00, -18823.43, 35737
20893, -18867.00, -18825.80, 36036
20898, -18871.00, -18828.25, 36371
20903, -18872.00, -18831.01, 36679
20908, -18874.00, -18833.46, 36959
20912, -18877.00, -18835.77, 37268
20917, -18879.00, -18838.38, 37535
20922, -18881.00, -18840.66, 37823
20927, -18883.00, -18843.14, 38073
20931, -18886.00, -18845.36, 38314
20935, -18887.00, -18847.52, 38549
20940, -18889.00, -18849.66, 38781
20944, -18892.00, -18851.83, 39003
20948, -18895.00, -18854.01, 39224
20952, -18895.00, -18856.17, 39438
20957, -18897.00, -18858.26, 39650
20961, -18899.00, -18860.36, 39856
20965, -18900.00, -18862.43, 40064
20970, -18903.00, -18864.55, 40264
20974, -18905.00, -18866.62, 40461
20979, -18905.00, -18868.67, 40655
20983, -18908.00, -18870.68, 40845
20987, -18910.00, -18872.70, 41033
20992, -18913.00, -18874.78, 41235
20996, -18915.00, -18877.10, 41429
21001, -18916.00, -18879.26, 41621
21006, -18919.00, -18881.41, 41804
21010, -18921.00, -18883.54, 41985
21015, -18922.00, -18885.65, 42163
21019, -18926.00, -18887.78, 42341
21024, -18928.00, -18889.95, 42516
21028, -18928.00, -18892.08, 42689
21033, -18930.00, -18894.11, 42864
21037, -18933.00, -18896.22, 43033
21042, -18935.00, -18898.29, 43220
21047, -18936.00, -18900.61, 43410
21052, -18939.00, -18902.95, 43600
21058, -18941.00, -18905.44, 43800
21063, -18943.00, -18907.79, 43983
21068, -18946.00, -18910.09, 44174
21074, -18949.00, -18912.52, 44358
21079, -18950.00, -18914.86, 44543
21084, -18953.00, -18917.18, 44726
21089, -18953.00, -18919.45, 44886
21094, -18956.00, -18921.37, 45037
21098, -18958.00, -18923.25, 45202
21103, -18960.00, -18925.33, 45357
21107, -18961.00, -18927.27, 45529
21112, -18963.00, -18929.34, 45682
21116, -18966.00, -18931.20, 45833
21121, -18968.00, -18933.10, 45987
21125, -18970.00, -18935.08, 46145
21130, -18972.00, -18937.04, 46315
21135, -18973.00, -18939.16, 46473
21139, -18977.00, -18941.14, 46627
21144, -18978.00, -18943.08, 46780
21148, -18980.00, -18944.99, 46954
21153, -18981.00, -18947.16, 47125
21158, -18982.00, -18949.13, 47297
21163, -18985.00, -18951.21, 47462
21167, -18986.00, -18953.10, 47660
21173, -18989.00, -18955.46, 47826
21178, -18992.00, -18957.50, 48020
21183, -18993.00, -18959.67, 48194
21187, -18994.00, -18961.61, 48376
21192, -18997.00, -18963.62, 48553
21197, -18999.00, -18965.62, 48754
21202, -19000.00, -18967.84, 48965
21208, -19003.00, -18970.04, 49169
21213, -19006.00, -18972.31, 49375
21218, -19008.00, -18974.49, 49590
21224, -19010.00, -18976.74, 49793
21229, -19010.00, -18978.80, 50032
21235, -19013.00, -18981.09, 50242
21240, -19015.00, -18983.09, 50449
21244, -19016.00, -18984.98, 50655
21249, -19019.00, -18986.86, 50866
21254, -19020.00, -18988.78, 51084
21259, -19022.00, -18990.70, 51317
21264, -19025.00, -18992.73, 51551
21269, -19026.00, -18994.72, 51793
21274, -19029.00, -18996.80, 52053
21279, -19030.00, -18998.89, 52270
21284, -19033.00, -19000.66, 52481
21288, -19034.00, -19002.43, 52687
21293, -19036.00, -19004.18, 52906
21297, -19036.00, -19006.04, 53125
21302, -19040.00, -19007.95, 53320
21307, -19041.00, -19009.67, 53519
21311, -19043.00, -19011.48, 53700
21315, -19044.00, -19013.17, 53877
21320, -19046.00, -19014.84, 54067
21324, -19048.00, -19016.68, 54266
21330, -19049.00, -19018.65, 54456
21334, -19052.00, -19020.58, 54646
21340, -19052.00, -19022.56, 54813
21344, -19055.00, -19024.22, 54969
21348, -19056.00, -19025.90, 55131
21353, -19058.00, -19027.65, 55293
21358, -19061.00, -19029.51, 55486
21364, -19063.00, -19031.85, 55649
21369, -19065.00, -19033.72, 55799
21373, -19067.00, -19035.57, 55949
21378, -19068.00, -19037.41, 56097
21383, -19070.00, -19039.27, 56238
21387, -19071.00, -19041.02, 56369
21392, -19072.00, -19042.64, 56519
21397, -19075.00, -19044.52, 56673
21402, -19077.00, -19046.52, 56831
21407, -19079.00, -19048.59, 56972
21412, -19081.00, -19050.49, 57115
21417, -19082.00, -19052.36, 57262
21423, -19084.00, -19054.34, 57404
21428, -19086.00, -19056.20, 57542
21432, -19088.00, -19058.02, 57670
21437, -19089.00, -19059.70, 57793
21441, -19091.00, -19061.34, 57919
21446, -19093.00, -19063.05, 58047
21451, -19094.00, -19064.76, 58173
21455, -19097.00, -19066.54, 58308
21460, -19098.00, -19068.39, 58439
21465, -19100.00, -19070.18, 58572
21470, -19102.00, -19072.01, 58696
21474, -19104.00, -19073.70, 58817
21479, -19106.00, -19075.38, 58934
21483, -19108.00, -19077.07, 59062
21488, -19109.00, -19078.85, 59180
21492, -19110.00, -19080.48, 59296
21496, -19112.00, -19082.09, 59432
21501, -19115.00, -19084.02, 59554
21506, -19116.00, -19085.68, 59673
21510, -19118.00, -19087.36, 59809
21515, -19119.00, -19089.31, 59957
21520, -19121.00, -19091.26, 60087
21525, -19123.00, -19093.01, 60223
21530, -19125.00, -19094.96, 60370
21536, -19130.00, -19097.11, 60517
21541, -19130.00, -19099.13, 60659
21546, -19132.00, -19101.09, 60816
21551, -19133.00, -19103.20, 60957
21556, -19135.00, -19105.02, 61123
21562, -19138.00, -19107.20, 61368
21570, -19140.00, -19110.36, 61515
21575, -19142.00, -19112.19, 61697
21581, -19146.00, -19114.51, 61866
21586, -19147.00, -19116.58, 62015
21591, -19150.00, -19118.41, 62169
21596, -19151.00, -19120.29, 62324
21601, -19151.00, -19122.05, 62470
21605, -19153.00, -19123.64, 62617
21609, -19155.00, -19125.24, 62784
21614, -19156.00, -19127.04, 62939
21619, -19160.00, -19128.68, 63096
21623, -19161.00, -19130.40, 63259
21627, -19162.00, -19132.06, 63423
21632, -19163.00, -19133.68, 63613
21637, -19168.00, -19135.61, 63787
21641, -19167.00, -19137.31, 63959
21645, -19170.00, -19138.94, 64135
21650, -19171.00, -19140.60, 64318
21654, -19173.00, -19142.27, 64506
21658, -19176.00, -19143.97, 64699
21663, -19175.00, -19145.63, 64907
21667, -19179.00, -19147.39, 65114
21672, -19180.00, -19149.11, 65334
21676, -19181.00, -19150.84, 65569
21681, -19183.00, -19152.63, 65811
21685, -19185.00, -19154.42, 66070
21690, -19186.00, -19156.25, 66372
21696, -19187.00, -19158.26, 66633
21700, -19190.00, -19159.89, 66903
21705, -19192.00, -19161.61, 67194
21709, -19194.00, -19163.41, 67492
21714, -19197.00, -19165.18, 67803
21718, -19198.00, -19166.98, 68133
21723, -19199.00, -19168.88, 68480
21728, -19203.00, -19170.78, 68790
21733, -19204.00, -19172.52, 69092
21737, -19205.00, -19174.22, 69386
21741, -19206.00, -19175.90, 69682
21746, -19209.00, -19177.57, 69972
21750, -19209.00, -19179.24, 70252
21754, -19212.00, -19180.90, 70535
21759, -19214.00, -19182.64, 70804
21763, -19215.00, -19184.34, 71067
21767, -19217.00, -19186.03, 71321
21772, -19218.00, -19187.73, 71570
21776, -19221.00, -19189.42, 71819
21781, -19222.00, -19191.17, 72057
21785, -19224.00, -19192.89, 72291
21790, -19225.00, -19194.60, 72531
21794, -19227.00, -19196.40, 72753
21799, -19229.00, -19198.09, 72964
21803, -19228.00, -19199.71, 73171
21807, -19232.00, -19201.32, 73380
21812, -19234.00, -19203.04, 73576
21816, -19236.00, -19204.72, 73770
21820, -19238.00, -19206.44, 73963
21825, -19238.00, -19208.14, 74149
21829, -19241.00, -19209.81, 74331
21834, -19241.00, -19211.47, 74516
21838, -19245.00, -19213.27, 74700
21843, -19246.00, -19215.00, 74878
21847, -19248.00, -19216.79, 75058
21852, -19250.00, -19218.60, 75230
21856, -19251.00, -19220.43, 75409
21861, -19254.00, -19222.21, 75580
21866, -19255.00, -19224.01, 75740
21870, -19256.00, -19225.69, 75900
21874, -19259.00, -19227.41, 76057
21879, -19260.00, -19229.13, 76211
21883, -19261.00, -19230.83, 76367
21888, -19263.00, -19232.52, 76516
21892, -19266.00, -19234.29, 76668
21896, -19267.00, -19236.00, 76817
21901, -19269.00, -19237.69, 76965
21905, -19270.00, -19239.38, 77111
21909, -19271.00, -19241.03, 77256
21914, -19275.00, -19242.71, 77402
21918, -19273.00, -19244.37, 77543
21922, -19276.00, -19245.95, 77687
21927, -19279.00, -19247.61, 77829
21931, -19280.00, -19249.31, 77975
21935, -19283.00, -19251.02, 78123
21940, -19283.00, -19252.77, 78279
21945, -19286.00, -19254.63, 78431
21949, -19288.00, -19256.45, 78578
21954, -19290.00, -19258.27, 78724
21958, -19291.00, -19260.03, 78871
21963, -19292.00, -19261.81, 79024
21968, -19294.00, -19263.58, 79177
21972, -19297.00, -19265.40, 79328
21977, -19299.00, -19267.26, 79478
21981, -19302.00, -19269.12, 79627
21986, -19302.00, -19270.94, 79781
21991, -19305.00, -19272.79, 79930
21995, -19306.00, -19274.60, 80083
22000, -19308.00, -19276.47, 80236
22005, -19311.00, -19278.32, 80391
22009, -19311.00, -19280.18, 80544
22014, -19314.00, -19281.96, 80693
22018, -19317.00, -19283.82, 80840
22023, -19318.00, -19285.62, 80992
22027, -19320.00, -19287.44, 81143
22032, -19321.00, -19289.24, 81299
22036, -19324.00, -19291.09, 81469
22041, -19325.00, -19293.08, 81640
22046, -19327.00, -19295.05, 81826
22051, -19331.00, -19297.21, 82006
22056, -19334.00, -19299.42, 82233
22062, -19335.00, -19301.98, 82431
22068, -19338.00, -19304.30, 82651
22073, -19339.00, -19306.65, 82823
22078, -19342.00, -19308.48, 83006
22083, -19345.00, -19310.52, 83200
22088, -19347.00, -19312.65, 83377
22092, -19349.00, -19314.54, 83567
22097, -19350.00, -19316.57, 83768
22102, -19353.00, -19318.64, 83963
22106, -19354.00, -19320.56, 84159
22111, -19356.00, -19322.50, 84354
22115, -19358.00, -19324.41, 84573
22120, -19361.00, -19326.56, 84796
22125, -19362.00, -19328.68, 84999
22130, -19365.00, -19330.67, 85217
22135, -19368.00, -19332.85, 85403
22139, -19370.00, -19334.80, 85591
22144, -19372.00, -19336.77, 85768
22148, -19377.00, -19338.78, 85976
22153, -19376.00, -19341.18, 86151
22158, -19377.00, -19343.10, 86346
22163, -19380.00, -19345.27, 86518
22167, -19384.00, -19347.35, 86705
22173, -19385.00, -19349.70, 86881
22178, -19387.00, -19352.04, 87056
22184, -19389.00, -19354.48, 87220
22189, -19391.00, -19356.81, 87375
22194, -19393.00, -19359.13, 87515
22200, -19394.00, -19361.45, 87643
22205, -19396.00, -19363.56, 87754
22210, -19397.00, -19365.67, 87853
22215, -19398.00, -19367.60, 87954
22221, -19399.00, -19369.74, 88036
22226, -19401.00, -19371.46, 88110
22230, -19400.00, -19373.07, 88181
22235, -19403.00, -19374.67, 88264
22240, -19403.00, -19376.57, 88335
22245, -19406.00, -19378.27, 88408
22251, -19407.00, -19380.05, 88478
22256, -19406.00, -19381.65, 88542
22260, -19408.00, -19383.05, 88601
22264, -19410.00, -19384.46, 88663
22269, -19411.00, -19385.84, 88722
22273, -19412.00, -19387.19, 88791
22278, -19413.00, -19388.78, 88858
22283, -19415.00, -19390.31, 88924
22288, -19417.00, -19391.82, 88991
22293, -19418.00, -19393.36, 89055
22297, -19419.00, -19394.72, 89120
22302, -19422.00, -19396.15, 89181
22306, -19422.00, -19397.56, 89254
22312, -19424.00, -19399.23, 89319
22317, -19425.00, -19400.71, 89391
22322, -19427.00, -19402.30, 89465
22327, -19429.00, -19403.96, 89537
22332, -19429.00, -19405.46, 89599
22336, -19431.00, -19406.77, 89665
22341, -19432.00, -19408.17, 89733
22346, -19435.00, -19409.63, 89799
22350, -19436.00, -19411.02, 89868
22355, -19436.00, -19412.45, 89941
22360, -19439.00, -19413.94, 90018
22365, -19441.00, -19415.55, 90094
22370, -19444.00, -19417.15, 90168
22374, -19444.00, -19418.69, 90248
22379, -19447.00, -19420.36, 90325
22384, -19449.00, -19421.93, 90417
22390, -19452.00, -19423.86, 90502
22395, -19453.00, -19425.64, 90582
22400, -19455.00, -19427.29, 90661
22404, -19458.00, -19428.97, 90743
22409, -19460.00, -19430.73, 90821
22413, -19463.00, -19432.39, 90898
22418, -19465.00, -19434.08, 90976
22422, -19467.00, -19435.79, 91056
22427, -19470.00, -19437.53, 91138
22431, -19470.00, -19439.26, 91219
22435, -19475.00, -19441.02, 91304
22440, -19477.00, -19442.94, 91395
22445, -19480.00, -19445.01, 91480
22449, -19482.00, -19446.90, 91577
22454, -19485.00, -19449.13, 91675
22459, -19488.00, -19451.34, 91766
22463, -19492.00, -19453.41, 91854
22467, -19494.00, -19455.52, 91944
22472, -19497.00, -19457.62, 92033
22476, -19499.00, -19459.74, 92125
22480, -19502.00, -19461.95, 92217
22485, -19505.00, -19464.16, 92310
22489, -19507.00, -19466.44, 92406
22494, -19511.00, -19468.80, 92507
22498, -19515.00, -19471.34, 92603
22503, -19517.00, -19473.78, 92703
22508, -19520.00, -19476.31, 92802
22512, -19525.00, -19478.93, 92902
22517, -19526.00, -19481.61, 93002
22522, -19530.00, -19484.24, 93097
22526, -19534.00, -19486.77, 93193
22530, -19538.00, -19489.39, 93289
22535, -19540.00, -19492.04, 93389
22539, -19545.00, -19494.79, 93495
22544, -19549.00, -19497.76, 93597
22548, -19552.00, -19500.62, 93703
22553, -19555.00, -19503.52, 93808
22557, -19559.00, -19506.50, 93912
22562, -19563.00, -19509.40, 94015
22566, -19567.00, -19512.32, 94118
22570, -19569.00, -19515.27, 94224
22574, -19575.00, -19518.25, 94329
22579, -19579.00, -19521.32, 94439
22583, -19581.00, -19524.42, 94549
22587, -19586.00, -19527.57, 94662
22592, -19589.00, -19530.74, 94775
22596, -19594.00, -19533.96, 94889
22600, -19596.00, -19537.18, 95004
22605, -19603.00, -19540.44, 95123
22609, -19607.00, -19543.88, 95242
22613, -19610.00, -19547.31, 95364
22618, -19615.00, -19550.76, 95490
22622, -19619.00, -19554.34, 95632
22627, -19625.00, -19558.41, 95757
22631, -19629.00, -19562.04, 95882
22636, -19632.00, -19565.61, 96010
22640, -19637.00, -19569.29, 96141
22644, -19641.00, -19572.98, 96278
22649, -19646.00, -19576.92, 96428
22654, -19651.00, -19581.07, 96578
22658, -19655.00, -19585.11, 96722
22663, -19661.00, -19589.05, 96871
22667, -19665.00, -19593.04, 97033
22672, -19671.00, -19597.46, 97197
22677, -19676.00, -19601.76, 97360
22681, -19680.00, -19605.98, 97527
22686, -19686.00, -19610.36, 97698
22690, -19693.00, -19614.75, 97873
22695, -19697.00, -19618.97, 98048
22699, -19703.00, -19623.26, 98226
22703, -19707.00, -19627.55, 98410
22708, -19713.00, -19631.90, 98604
22712, -19719.00, -19636.40, 98799
22716, -19725.00, -19640.96, 98999
22721, -19731.00, -19645.58, 99207
22725, -19736.00, -19650.25, 99419
22729, -19741.00, -19654.89, 99643
22734, -19748.00, -19659.67, 99874
22738, -19752.00, -19664.54, 100125
22743, -19760.00, -19669.62, 100386
22747, -19765.00, -19674.86, 100666
22752, -19771.00, -19680.25, 100939
22756, -19778.00, -19685.45, 101243
22761, -19783.00, -19691.24, 101554
22767, -19792.00, -19697.36, 101831
22771, -19799.00, -19702.67, 102129
22776, -19804.00, -19708.73, 102428
22781, -19813.00, -19714.91, 102689
22786, -19820.00, -19720.46, 102953
22790, -19827.00, -19726.26, 103209
22795, -19835.00, -19732.10, 103461
22799, -19842.00, -19738.08, 103707
22804, -19847.00, -19743.94, 103963
22809, -19856.00, -19750.41, 104218
22814, -19863.00, -19756.96, 104449
22818, -19871.00, -19763.19, 104691
22823, -19878.00, -19769.91, 104904
22828, -19886.00, -19775.88, 105110
22832, -19893.00, -19781.94, 105309
22836, -19901.00, -19788.03, 105511
22841, -19907.00, -19794.33, 105705
22845, -19915.00, -19800.55, 105895
22850, -19923.00, -19806.81, 106083
22854, -19929.00, -19813.18, 106268
22858, -19937.00, -19819.54, 106449
22863, -19944.00, -19825.97, 106628
22867, -19951.00, -19832.38, 106801
22871, -19959.00, -19838.84, 106980
22876, -19965.00, -19845.65, 107158
22880, -19974.00, -19852.60, 107333
22885, -19984.00, -19859.61, 107508
22890, -19991.00, -19866.95, 107682
22894, -19998.00, -19874.02, 107847
22899, -20005.00, -19881.03, 108016
22903, -20013.00, -19888.25, 108181
22908, -20021.00, -19895.43, 108341
22912, -20028.00, -19902.53, 108503
22917, -20037.00, -19909.80, 108672
22922, -20046.00, -19917.54, 108836
22927, -20054.00, -19925.31, 108997
22931, -20062.00, -19932.95, 109144
22936, -20068.00, -19939.97, 109292
22940, -20078.00, -19947.12, 109438
22944, -20087.00, -19954.26, 109586
22949, -20094.00, -19961.75, 109736
22953, -20103.00, -19969.32, 109886
22958, -20109.00, -19976.81, 110033
22962, -20117.00, -19984.29, 110179
22967, -20125.00, -19991.71, 110323
22971, -20132.00, -19999.10, 110470
22976, -20142.00, -20006.68, 110625
22980, -20149.00, -20014.79, 110780
22985, -20157.00, -20022.88, 110923
22990, -20166.00, -20030.20, 111064
22994, -20175.00, -20037.63, 111202
22998, -20181.00, -20045.03, 111343
23003, -20188.00, -20052.40, 111483
23007, -20195.00, -20059.81, 111623
23011, -20203.00, -20067.25, 111764
23016, -20209.00, -20074.65, 111903
23020, -20217.00, -20081.93, 112044
23024, -20224.00, -20089.31, 112185
23029, -20231.00, -20096.68, 112326
23033, -20239.00, -20104.06, 112471
23037, -20245.00, -20111.55, 112618
23042, -20253.00, -20119.26, 112765
23047, -20260.00, -20126.93, 112911
23051, -20270.00, -20134.49, 113056
23056, -20276.00, -20142.05, 113206
23060, -20283.00, -20149.71, 113353
23065, -20290.00, -20157.12, 113520
23069, -20296.00, -20165.29, 113681
23074, -20306.00, -20173.08, 113855
23079, -20314.00, -20181.80, 114032
23085, -20322.00, -20190.30, 114193
23089, -20328.00, -20197.58, 114365
23094, -20334.00, -20205.60, 114553
23099, -20344.00, -20214.35, 114731
23104, -20352.00, -20222.09, 114927
23110, -20359.00, -20231.03, 115129
23115, -20367.00, -20239.50, 115307
23119, -20375.00, -20247.02, 115483
23124, -20381.00, -20254.22, 115662
23129, -20387.00, -20261.45, 115865
23134, -20395.00, -20269.54, 116068
23139, -20403.00, -20277.48, 116273
23144, -20410.00, -20285.38, 116492
23149, -20417.00, -20293.45, 116707
23154, -20424.00, -20301.11, 116931
23159, -20431.00, -20308.91, 117151
23164, -20438.00, -20316.38, 117390
23169, -20446.00, -20324.53, 117610
23174, -20453.00, -20331.40, 117811
23178, -20459.00, -20338.02, 118007
23182, -20464.00, -20344.52, 118224
23187, -20471.00, -20351.87, 118441
23192, -20478.00, -20358.96, 118633
23196, -20485.00, -20365.62, 118827
23201, -20489.00, -20372.22, 119012
23205, -20495.00, -20378.79, 119222
23210, -20501.00, -20386.12, 119405
23215, -20507.00, -20392.54, 119585
23219, -20511.00, -20398.96, 119755
23224, -20519.00, -20405.20, 119929
23228, -20524.00, -20411.75, 120110
23233, -20530.00, -20418.53, 120282
23238, -20536.00, -20425.15, 120466
23243, -20543.00, -20432.48, 120625
23248, -20549.00, -20438.70, 120812
23253, -20554.00, -20446.47, 120977
23258, -20559.00, -20452.89, 121124
23263, -20564.00, -20458.83, 121272
23267, -20571.00, -20464.86, 121416
23272, -20576.00, -20470.92, 121563
23277, -20581.00, -20477.23, 121716
23282, -20586.00, -20483.85, 121868
23287, -20592.00, -20490.48, 122021
23292, -20597.00, -20497.01, 122159
23297, -20602.00, -20503.03, 122304
23302, -20609.00, -20509.31, 122439
23307, -20613.00, -20515.24, 122583
23312, -20619.00, -20521.43, 122723
23317, -20622.00, -20527.67, 122859
23322, -20627.00, -20533.46, 123002
23327, -20632.00, -20539.76, 123146
23333, -20637.00, -20545.99, 123296
23338, -20641.00, -20552.25, 123451
23344, -20647.00, -20558.83, 123577
23349, -20652.00, -20564.07, 123689
23353, -20658.00, -20568.90, 123799
23357, -20659.00, -20573.65, 123911
23362, -20664.00, -20578.30, 124032
23367, -20670.00, -20583.56, 124154
23371, -20673.00, -20588.56, 124276
23376, -20677.00, -20593.66, 124403
23381, -20683.00, -20598.86, 124515
23385, -20685.00, -20603.40, 124627
23390, -20689.00, -20608.04, 124744
23394, -20693.00, -20612.60, 124871
23399, -20698.00, -20617.67, 124999
23405, -20701.00, -20622.71, 125118
23409, -20703.00, -20627.19, 125243
23414, -20707.00, -20631.89, 125381
23420, -20712.00, -20637.13, 125501
23424, -20715.00, -20641.49, 125617
23429, -20720.00, -20645.87, 125733
23433, -20723.00, -20649.97, 125861
23439, -20726.00, -20654.60, 125979
23443, -20730.00, -20658.71, 126097
23448, -20734.00, -20662.80, 126222
23452, -20737.00, -20667.02, 126348
23457, -20741.00, -20671.21, 126466
23462, -20743.00, -20674.96, 126602
23467, -20748.00, -20679.47, 126728
23471, -20750.00, -20683.24, 126870
23477, -20753.00, -20687.65, 127012
23482, -20757.00, -20691.78, 127159
23487, -20762.00, -20696.06, 127307
23492, -20764.00, -20700.31, 127462
23497, -20769.00, -20704.61, 127614
23502, -20772.00, -20708.70, 127755
23507, -20776.00, -20712.42, 127908
23512, -20779.00, -20716.35, 128078
23518, -20781.00, -20720.57, 128220
23522, -20785.00, -20723.96, 128401
23528, -20789.00, -20728.28, 128564
23533, -20791.00, -20731.95, 128731
23537, -20795.00, -20735.53, 128900
23542, -20798.00, -20739.12, 129055
23546, -20801.00, -20742.31, 129213
23551, -20802.00, -20745.47, 129379
23555, -20806.00, -20748.67, 129564
23560, -20809.00, -20752.19, 129736
23565, -20810.00, -20755.25, 129916
23569, -20816.00, -20758.41, 130095
23573, -20817.00, -20761.49, 130288
23578, -20820.00, -20764.67, 130493
23583, -20821.00, -20767.87, 130711
23588, -20825.00, -20771.14, 130967
23593, -20828.00, -20774.79, 131188
23598, -20831.00, -20777.84, 131435
23603, -20834.00, -20781.16, 131704
23608, -20838.00, -20784.79, 131999
23613, -20840.00, -20788.19, 132278
23618, -20843.00, -20791.41, 132558
23623, -20845.00, -20794.49, 132888
23628, -20849.00, -20797.95, 133187
23633, -20851.00, -20801.00, 133564
23639, -20854.00, -20804.51, 133859
23643, -20855.00, -20807.22, 134149
23647, -20858.00, -20809.82, 134445
23652, -20861.00, -20812.45, 134737
23656, -20864.00, -20815.17, 135029
23661, -20866.00, -20817.84, 135310
23665, -20868.00, -20820.47, 135650
23670, -20870.00, -20823.63, 135946
23675, -20873.00, -20826.48, 136247
23680, -20877.00, -20829.45, 136539
23685, -20879.00, -20832.34, 136799
23690, -20881.00, -20834.97, 137041
23694, -20883.00, -20837.49, 137299
23699, -20886.00, -20840.19, 137540
23703, -20888.00, -20842.77, 137791
23708, -20890.00, -20845.51, 138040
23713, -20892.00, -20848.26, 138319
23719, -20895.00, -20851.37, 138557
23724, -20898.00, -20854.08, 138800
23729, -20900.00, -20856.89, 139038
23734, -20903.00, -20859.69, 139244
23738, -20906.00, -20862.17, 139478
23744, -20909.00, -20865.07, 139709
23749, -20910.00, -20867.94, 139915
23754, -20912.00, -20870.50, 140118
23759, -20914.00, -20873.07, 140310
23763, -20916.00, -20875.43, 140522
23769, -20920.00, -20878.27, 140714
23774, -20922.00, -20880.76, 140907
23779, -20924.00, -20883.32, 141095
23784, -20926.00, -20885.80, 141266
23788, -20929.00, -20888.10, 141449
23793, -20932.00, -20890.66, 141643
23798, -20932.00, -20893.31, 141816
23803, -20936.00, -20895.72, 141990
23808, -20937.00, -20898.12, 142165
23813, -20940.00, -20900.56, 142364
23819, -20942.00, -20903.36, 142547
23824, -20945.00, -20905.92, 142708
23828, -20945.00, -20908.05, 142863
23833, -20948.00, -20910.20, 143015
23837, -20952.00, -20912.32, 143190
23842, -20952.00, -20914.78, 143354
23847, -20954.00, -20917.04, 143522
23852, -20957.00, -20919.33, 143672
23857, -20959.00, -20921.40, 143818
23861, -20960.00, -20923.41, 143969
23865, -20963.00, -20925.53, 144134
23870, -20965.00, -20927.83, 144298
23875, -20968.00, -20930.20, 144473
23880, -20969.00, -20932.58, 144618
23885, -20970.00, -20934.55, 144772
23889, -20972.00, -20936.63, 144936
23894, -20975.00, -20938.84, 145086
23899, -20976.00, -20940.85, 145245
23904, -20978.00, -20942.92, 145407
23908, -20980.00, -20945.08, 145558
23913, -20981.00, -20946.97, 145750
23919, -20982.00, -20949.36, 145904
23923, -20985.00, -20951.26, 146070
23928, -20988.00, -20953.33, 146234
23933, -20988.00, -20955.39, 146402
23938, -20992.00, -20957.44, 146583
23943, -20994.00, -20959.72, 146754
23948, -20996.00, -20961.78, 146932
23953, -20998.00, -20963.96, 147133
23959, -20999.00, -20966.39, 147312
23963, -21002.00, -20968.38, 147485
23968, -21004.00, -20970.42, 147664
23973, -21005.00, -20972.45, 147865
23978, -21008.00, -20974.66, 148053
23983, -21009.00, -20976.69, 148227
23988, -21011.00, -20978.58, 148414
23993, -21012.00, -20980.44, 148588
23997, -21015.00, -20982.25, 148762
24001, -21015.00, -20983.99, 148932
24006, -21020.00, -20985.75, 149108
24010, -21019.00, -20987.54, 149305
24015, -21023.00, -20989.54, 149514
24020, -21022.00, -20991.52, 149721
24025, -21024.00, -20993.41, 149917
24030, -21024.00, -20995.21, 150022
24035, -21021.00, -20996.87, 150051
24039, -21021.00, -20998.21, 150025
24044, -21019.00, -20999.51, 149955
24049, -21017.00, -21000.63, 149856
24054, -21016.00, -21001.53, 149717
24059, -21014.00, -21002.44, 149562
24065, -21011.00, -21003.10, 149386
24070, -21010.00, -21003.59, 149242
24074, -21006.00, -21003.82, 149071
24080, -21006.00, -21003.96, 148898
24085, -21005.00, -21004.05, 148733
24089, -21002.00, -21004.02, 148559
24094, -21001.00, -21003.87, 148371
24100, -21000.00, -21003.65, 148205
24104, -20998.00, -21003.38, 148036
24109, -20996.00, -21003.02, 147869
24114, -20995.00, -21002.58, 147707
24118, -20993.00, -21002.11, 147547
24123, -20991.00, -21001.54, 147382
24128, -20987.00, -21000.76, 147206
24133, -20987.00, -20999.96, 147039
24138, -20986.00, -20999.17, 146877
24142, -20982.00, -20998.29, 146690
24148, -20979.00, -20997.03, 146529
24153, -20979.00, -20996.03, 146356
24158, -20976.00, -20994.79, 146182
24163, -20974.00, -20993.61, 146023
24168, -20973.00, -20992.40, 145872
24172, -20971.00, -20991.29, 145733
24177, -20970.00, -20990.18, 145593
24181, -20968.00, -20989.06, 145435
24186, -20967.00, -20987.76, 145295
24190, -20964.00, -20986.59, 145156
24195, -20962.00, -20985.34, 145019
24199, -20961.00, -20984.08, 144878
24203, -20960.00, -20982.82, 144740
24208, -20956.00, -20981.50, 144601
24212, -20957.00, -20980.17, 144462
24217, -20954.00, -20978.84, 144317
24221, -20951.00, -20977.38, 144162
24226, -20951.00, -20975.82, 144022
24230, -20947.00, -20974.38, 143879
24235, -20946.00, -20972.86, 143735
24239, -20944.00, -20971.30, 143589
24244, -20942.00, -20969.76, 143448
24248, -20941.00, -20968.24, 143304
24253, -20938.00, -20966.64, 143128
24258, -20935.00, -20964.68, 142976
24263, -20934.00, -20962.99, 142807
24268, -20932.00, -20961.12, 142655
24273, -20928.00, -20959.32, 142474
24278, -20927.00, -20957.19, 142311
24283, -20925.00, -20955.36, 142143
24288, -20923.00, -20953.46, 141973
24293, -20920.00, -20951.51, 141795
24298, -20918.00, -20949.43, 141617
24303, -20917.00, -20947.50, 141441
24308, -20914.00, -20945.49, 141235
24314, -20911.00, -20943.18, 141044
24319, -20909.00, -20940.97, 140839
24325, -20906.00, -20938.83, 140644
24330, -20904.00, -20936.68, 140463
24335, -20902.00, -20934.75, 140290
24339, -20899.00, -20932.87, 140114
24343, -20900.00, -20931.10, 139943
24348, -20897.00, -20929.39, 139768
24352, -20894.00, -20927.61, 139573
24357, -20892.00, -20925.62, 139392
24361, -20888.00, -20923.74, 139187
24366, -20885.00, -20921.57, 138999
24370, -20885.00, -20919.63, 138806
24375, -20884.00, -20917.77, 138611
24379, -20881.00, -20915.91, 138396
24384, -20877.00, -20913.80, 138169
24388, -20876.00, -20911.60, 137947
24393, -20875.00, -20909.60, 137702
24398, -20870.00, -20907.36, 137449
24403, -20868.00, -20905.07, 137188
24408, -20866.00, -20902.71, 136919
24413, -20863.00, -20900.42, 136642
24418, -20861.00, -20898.10, 136384
24422, -20859.00, -20896.03, 136115
24427, -20856.00, -20893.90, 135855
24431, -20852.00, -20891.78, 135578
24435, -20851.00, -20889.58, 135285
24440, -20848.00, -20887.40, 134964
24445, -20846.00, -20884.96, 134619
24450, -20844.00, -20882.43, 134306
24455, -20840.00, -20880.19, 134003
24459, -20837.00, -20877.73, 133645
24465, -20835.00, -20875.00, 133331
24470, -20833.00, -20872.56, 133048
24474, -20830.00, -20870.23, 132765
24479, -20827.00, -20867.80, 132485
24484, -20824.00, -20865.31, 132235
24488, -20820.00, -20862.96, 131998
24493, -20818.00, -20860.63, 131772
24497, -20816.00, -20858.33, 131550
24501, -20813.00, -20856.02, 131305
24506, -20811.00, -20853.32, 131092
24511, -20809.00, -20851.03, 130862
24516, -20806.00, -20848.38, 130657
24520, -20801.00, -20845.88, 130457
24525, -20801.00, -20843.47, 130250
24530, -20798.00, -20840.79, 130064
24534, -20795.00, -20838.36, 129878
24539, -20790.00, -20835.82, 129706
24543, -20790.00, -20833.37, 129529
24548, -20785.00, -20830.76, 129357
24552, -20783.00, -20828.15, 129187
24557, -20780.00, -20825.33, 129005
24562, -20776.00, -20822.42, 128843
24567, -20774.00, -20819.76, 128676
24572, -20771.00, -20816.94, 128512
24577, -20768.00, -20814.09, 128361
24581, -20763.00, -20811.32, 128204
24586, -20759.00, -20808.32, 128055
24591, -20756.00, -20805.30, 127908
24596, -20755.00, -20802.47, 127762
24601, -20750.00, -20799.48, 127615
24606, -20746.00, -20796.37, 127471
24611, -20745.00, -20793.24, 127335
24615, -20740.00, -20790.44, 127208
24620, -20737.00, -20787.53, 127081
24624, -20734.00, -20784.71, 126959
24629, -20732.00, -20781.88, 126834
24633, -20727.00, -20778.99, 126713
24638, -20722.00, -20775.99, 126593
24642, -20721.00, -20773.00, 126478
24647, -20717.00, -20770.09, 126360
24651, -20715.00, -20767.12, 126248
24656, -20711.00, -20764.23, 126141
24660, -20709.00, -20761.38, 126030
24664, -20705.00, -20758.47, 125922
24669, -20702.00, -20755.53, 125815
24673, -20698.00, -20752.55, 125707
24677, -20696.00, -20749.61, 125602
24682, -20691.00, -20746.66, 125492
24686, -20687.00, -20743.50, 125385
24690, -20682.00, -20740.36, 125279
24695, -20680.00, -20737.21, 125173
24699, -20677.00, -20734.13, 125067
24703, -20672.00, -20730.96, 124960
24708, -20670.00, -20727.78, 124856
24712, -20665.00, -20724.60, 124749
24716, -20664.00, -20721.42, 124644
24721, -20658.00, -20718.25, 124537
24725, -20655.00, -20714.95, 124426
24730, -20651.00, -20711.50, 124313
24734, -20648.00, -20708.02, 124199
24739, -20642.00, -20704.49, 124087
24743, -20637.00, -20700.81, 123971
24748, -20634.00, -20697.11, 123848
24753, -20629.00, -20693.12, 123735
24758, -20627.00, -20689.55, 123623
24762, -20621.00, -20685.90, 123510
24767, -20616.00, -20682.22, 123397
24771, -20612.00, -20678.49, 123266
24776, -20606.00, -20674.12, 123149
24781, -20600.00, -20670.11, 123026
24786, -20598.00, -20665.94, 122907
24790, -20593.00, -20662.04, 122791
24795, -20588.00, -20658.16, 122675
24799, -20584.00, -20654.33, 122557
24803, -20578.00, -20650.35, 122440
24808, -20575.00, -20646.36, 122322
24812, -20571.00, -20642.44, 122202
24816, -20566.00, -20638.56, 122085
24821, -20562.00, -20634.58, 121962
24825, -20555.00, -20630.55, 121841
24829, -20551.00, -20626.45, 121714
24834, -20545.00, -20622.21, 121587
24838, -20541.00, -20617.96, 121456
24843, -20535.00, -20613.54, 121319
24847, -20530.00, -20608.89, 121173
24852, -20524.00, -20604.29, 121015
24857, -20517.00, -20599.09, 120870
24862, -20512.00, -20594.32, 120718
24866, -20508.00, -20589.52, 120565
24871, -20502.00, -20584.80, 120413
24876, -20495.00, -20579.90, 120252
24880, -20491.00, -20575.01, 120089
24885, -20484.00, -20570.04, 119919
24890, -20478.00, -20564.78, 119745
24894, -20472.00, -20559.72, 119580
24899, -20465.00, -20554.87, 119411
24903, -20460.00, -20549.87, 119241
24908, -20456.00, -20544.98, 119064
24912, -20448.00, -20540.02, 118883
24916, -20443.00, -20535.02, 118698
24921, -20437.00, -20529.89, 118494
24925, -20432.00, -20524.49, 118293
24930, -20426.00, -20519.22, 118093
24934, -20419.00, -20513.91, 117891
24939, -20412.00, -20508.52, 117692
24943, -20406.00, -20503.10, 117492
24948, -20400.00, -20497.56, 117297
24952, -20394.00, -20492.18, 117107
24956, -20387.00, -20486.81, 116916
24961, -20381.00, -20481.31, 116727
24965, -20374.00, -20475.70, 116545
24970, -20368.00, -20470.13, 116363
24974, -20361.00, -20464.54, 116182
24978, -20355.00, -20458.82, 116003
24983, -20347.00, -20452.96, 115828
24987, -20339.00, -20447.13, 115658
24991, -20333.00, -20441.25, 115484
24996, -20326.00, -20435.21, 115311
25000, -20321.00, -20429.06, 115137
25005, -20314.00, -20422.78, 114942
25010, -20304.00, -20415.53, 114748
25015, -20297.00, -20408.20, 114577
25020, -20288.00, -20401.56, 114408
25025, -20282.00, -20394.89, 114216
25030, -20274.00, -20387.30, 114037
25035, -20265.00, -20380.04, 113855
25040, -20256.00, -20372.37, 113675
25046, -20246.00, -20364.65, 113493
25051, -20239.00, -20356.89, 113336
25056, -20230.00, -20349.90, 113155
25061, -20220.00, -20342.05, 112985
25066, -20213.00, -20334.23, 112817
25071, -20203.00, -20326.75, 112670
25075, -20196.00, -20319.89, 112509
25080, -20188.00, -20312.21, 112328
25085, -20178.00, -20303.69, 112164
25091, -20172.00, -20295.83, 111998
25096, -20162.00, -20287.74, 111844
25100, -20153.00, -20280.17, 111680
25105, -20145.00, -20272.07, 111517
25110, -20136.00, -20264.18, 111355
25115, -20126.00, -20256.08, 111187
25121, -20118.00, -20247.54, 111028
25125, -20107.00, -20239.55, 110884
25130, -20102.00, -20232.19, 110742
25134, -20093.00, -20224.94, 110601
25139, -20084.00, -20217.70, 110442
25144, -20075.00, -20209.30, 110284
25148, -20068.00, -20201.22, 110134
25153, -20058.00, -20193.58, 109976
25158, -20051.00, -20185.22, 109815
25163, -20042.00, -20176.94, 109669
25167, -20035.00, -20169.63, 109494
25173, -20024.00, -20160.52, 109297
25178, -20014.00, -20150.60, 109144
25183, -20008.00, -20143.04, 108969
25188, -19997.00, -20134.29, 108791
25193, -19989.00, -20125.38, 108592
25198, -19981.00, -20116.09, 108434
25203, -19970.00, -20108.47, 108264
25208, -19963.00, -20100.31, 108099
25212, -19954.00, -20092.47, 107913
25217, -19945.00, -20083.56, 107729
25222, -19938.00, -20075.16, 107558
25226, -19931.00, -20067.67, 107390
25231, -19924.00, -20060.17, 107194
25236, -19916.00, -20051.59, 106995
25241, -19906.00, -20042.74, 106788
25246, -19898.00, -20034.16, 106584
25251, -19889.00, -20025.67, 106364
25256, -19881.00, -20016.38, 106167
25261, -19874.00, -20008.64, 105935
25266, -19865.00, -19999.37, 105732
25271, -19858.00, -19991.62, 105489
25277, -19849.00, -19982.41, 105278
25281, -19841.00, -19974.68, 105055
25286, -19834.00, -19966.74, 104815
25291, -19826.00, -19958.28, 104577
25296, -19819.00, -19950.16, 104332
25301, -19811.00, -19942.10, 104105
25305, -19805.00, -19934.94, 103876
25309, -19800.00, -19927.89, 103635
25314, -19792.00, -19920.64, 103384
25319, -19785.00, -19913.22, 103116
25323, -19778.00, -19905.56, 102818
25328, -19771.00, -19897.57, 102557
25333, -19765.00, -19890.67, 102281
25337, -19761.00, -19883.72, 101998
25342, -19754.00, -19876.69, 101696
25347, -19747.00, -19869.11, 101384
25352, -19741.00, -19861.62, 101068
25357, -19734.00, -19853.67, 100766
25362, -19727.00, -19846.23, 100464
25367, -19719.00, -19838.38, 100179
25372, -19713.00, -19830.84, 99882
25377, -19705.00, -19822.85, 99616
25382, -19700.00, -19815.56, 99343
25388, -19693.00, -19807.81, 99106
25392, -19687.00, -19801.32, 98859
25398, -19681.00, -19793.72, 98630
25402, -19675.00, -19787.09, 98404
25407, -19669.00, -19780.09, 98194
25412, -19665.00, -19773.37, 97958
25418, -19657.00, -19766.06, 97759
25422, -19651.00, -19759.54, 97579
25427, -19648.00, -19753.56, 97396
25431, -19641.00, -19747.34, 97219
25436, -19637.00, -19741.17, 97040
25441, -19632.00, -19735.01, 96847
25446, -19624.00, -19728.13, 96659
25451, -19619.00, -19721.24, 96470
25457, -19616.00, -19714.41, 96316
25461, -19608.00, -19708.88, 96169
25466, -19606.00, -19703.37, 96029
25470, -19601.00, -19698.07, 95888
25474, -19596.00, -19692.70, 95735
25479, -19591.00, -19686.71, 95578
25484, -19586.00, -19680.67, 95438
25489, -19582.00, -19675.12, 95294
25494, -19578.00, -19669.41, 95148
25499, -19572.00, -19663.66, 95018
25504, -19568.00, -19658.59, 94882
25508, -19564.00, -19653.12, 94761
25513, -19559.00, -19648.23, 94638
25517, -19556.00, -19643.37, 94520
25522, -19553.00, -19638.45, 94377
25527, -19546.00, -19632.63, 94242
25532, -19543.00, -19627.37, 94116
25537, -19538.00, -19622.37, 93997
25541, -19536.00, -19617.60, 93863
25546, -19530.00, -19612.22, 93743
25551, -19527.00, -19607.60, 93616
25556, -19524.00, -19602.44, 93490
25561, -19519.00, -19597.65, 93375
25566, -19515.00, -19592.99, 93254
25571, -19513.00, -19588.25, 93125
25576, -19508.00, -19583.13, 93014
25580, -19504.00, -19578.94, 92891
25586, -19501.00, -19574.23, 92765
25591, -19497.00, -19569.38, 92634
25596, -19493.00, -19564.56, 92513
25601, -19489.00, -19560.09, 92390
25606, -19485.00, -19555.41, 92268
25611, -19483.00, -19551.13, 92157
25616, -19480.00, -19547.20, 92033
25621, -19476.00, -19542.82, 91917
25626, -19473.00, -19538.83, 91802
25631, -19468.00, -19534.81, 91685
25636, -19466.00, -19530.87, 91573
25640, -19463.00, -19527.10, 91457
25645, -19460.00, -19523.25, 91342
25650, -19456.00, -19519.44, 91215
25655, -19453.00, -19515.46, 91106
25659, -19451.00, -19512.01, 90995
25664, -19446.00, -19508.56, 90884
25668, -19444.00, -19505.14, 90758
25673, -19442.00, -19501.33, 90636
25678, -19439.00, -19497.69, 90507
25683, -19436.00, -19494.10, 90390
25687, -19434.00, -19490.96, 90265
25692, -19429.00, -19487.56, 90135
25697, -19427.00, -19484.00, 90010
25701, -19424.00, -19480.75, 89871
25706, -19420.00, -19477.17, 89751
25711, -19419.00, -19474.12, 89628
25715, -19416.00, -19471.11, 89492
25720, -19411.00, -19467.73, 89365
25724, -19410.00, -19464.70, 89240
25728, -19406.00, -19461.74, 89106
25733, -19406.00, -19458.63, 88955
25738, -19402.00, -19455.29, 88822
25742, -19399.00, -19452.42, 88689
25747, -19396.00, -19449.54, 88551
25751, -19396.00, -19446.64, 88417
25755, -19394.00, -19443.92, 88270
25760, -19391.00, -19441.03, 88117
25765, -19388.00, -19437.97, 87967
25769, -19386.00, -19435.12, 87806
25774, -19384.00, -19432.10, 87642
25779, -19381.00, -19429.07, 87470
25785, -19378.00, -19425.94, 87307
25789, -19378.00, -19423.16, 87128
25795, -19373.00, -19420.15, 86942
25800, -19369.00, -19417.02, 86774
25804, -19369.00, -19414.39, 86587
25809, -19367.00, -19411.57, 86402
25814, -19366.00, -19408.95, 86216
25819, -19363.00, -19406.43, 86021
25823, -19360.00, -19403.83, 85837
25828, -19358.00, -19401.46, 85652
25832, -19356.00, -19399.09, 85466
25836, -19355.00, -19396.80, 85276
25841, -19352.00, -19394.50, 85078
25845, -19349.00, -19392.06, 84879
25850, -19347.00, -19389.65, 84674
25855, -19347.00, -19387.14, 84475
25859, -19345.00, -19384.90, 84286
25863, -19342.00, -19382.70, 84093
25868, -19340.00, -19380.39, 83909
25872, -19337.00, -19378.16, 83722
25877, -19336.00, -19375.88, 83542
25881, -19334.00, -19373.70, 83360
25886, -19332.00, -19371.45, 83184
25890, -19331.00, -19369.29, 83010
25894, -19326.00, -19367.11, 82835
25899, -19326.00, -19364.87, 82665
25903, -19324.00, -19362.71, 82493
25908, -19322.00, -19360.51, 82324
25912, -19320.00, -19358.31, 82150
25917, -19318.00, -19356.02, 81975
25922, -19316.00, -19353.79, 81806
25926, -19314.00, -19351.59, 81640
25931, -19312.00, -19349.40, 81474
25936, -19311.00, -19347.26, 81319
25940, -19309.00, -19345.22, 81154
25945, -19307.00, -19343.07, 80989
25950, -19305.00, -19340.93, 80830
25954, -19302.00, -19338.80, 80666
25959, -19300.00, -19336.59, 80503
25964, -19298.00, -19334.36, 80336
25969, -19297.00, -19332.13, 80175
25974, -19295.00, -19330.01, 80016
25979, -19293.00, -19327.92, 79869
25983, -19293.00, -19326.05, 79728
25987, -19290.00, -19324.21, 79583
25992, -19287.00, -19322.29, 79445
25996, -19286.00, -19320.42, 79300
26000, -19283.00, -19318.48, 79160
26005, -19282.00, -19316.56, 79020
26009, -19280.00, -19314.68, 78878
26013, -19278.00, -19312.75, 78738
26018, -19278.00, -19310.90, 78597
26022, -19276.00, -19309.07, 78457
26027, -19274.00, -19307.26, 78308
26031, -19272.00, -19305.31, 78159
26036, -19270.00, -19303.36, 78011
26040, -19269.00, -19301.49, 77864
26045, -19267.00, -19299.59, 77714
26050, -19264.00, -19297.67, 77566
26054, -19263.00, -19295.74, 77419
26059, -19262.00, -19293.88, 77270
26063, -19260.00, -19292.03, 77131
26068, -19258.00, -19290.23, 76978
26073, -19255.00, -19288.28, 76809
26078, -19255.00, -19286.11, 76641
26083, -19253.00, -19284.11, 76475
26088, -19250.00, -19282.16, 76327
26092, -19248.00, -19280.35, 76181
26097, -19246.00, -19278.56, 76027
26101, -19245.00, -19276.74, 75876
26106, -19243.00, -19274.97, 75716
26110, -19242.00, -19273.14, 75550
26115, -19240.00, -19271.29, 75377
26120, -19239.00, -19269.43, 75204
26125, -19237.00, -19267.61, 75031
26129, -19234.00, -19265.81, 74855
26134, -19233.00, -19263.94, 74670
26139, -19231.00, -19262.08, 74489
26143, -19228.00, -19260.26, 74317
26148, -19229.00, -19258.57, 74145
26152, -19227.00, -19256.95, 73964
26156, -19225.00, -19255.30, 73784
26161, -19224.00, -19253.68, 73595
26165, -19221.00, -19251.99, 73407
26169, -19220.00, -19250.32, 73217
26174, -19218.00, -19248.67, 73022
26178, -19217.00, -19247.00, 72824
26182, -19216.00, -19245.38, 72612
26187, -19213.00, -19243.65, 72391
26192, -19212.00, -19241.80, 72158
26197, -19211.00, -19240.11, 71934
26201, -19207.00, -19238.42, 71708
26205, -19208.00, -19236.76, 71478
26210, -19207.00, -19235.19, 71222
26215, -19204.00, -19233.45, 70962
26219, -19202.00, -19231.73, 70675
26224, -19200.00, -19229.83, 70371
26229, -19198.00, -19227.88, 70074
26234, -19198.00, -19226.14, 69751
26239, -19195.00, -19224.27, 69391
26245, -19192.00, -19222.20, 69061
26250, -19192.00, -19220.35, 68724
26255, -19189.00, -19218.49, 68378
26260, -19187.00, -19216.55, 68037
26266, -19185.00, -19214.58, 67707
26271, -19183.00, -19212.60, 67391
26276, -19180.00, -19210.61, 67085
26281, -19180.00, -19208.64, 66787
26287, -19177.00, -19206.69, 66489
26292, -19176.00, -19204.68, 66216
26297, -19176.00, -19202.87, 65978
26302, -19173.00, -19201.26, 65759
26307, -19172.00, -19199.71, 65551
26311, -19169.00, -19198.14, 65350
26315, -19169.00, -19196.59, 65151
26320, -19166.00, -19195.00, 64943
26325, -19165.00, -19193.27, 64747
26329, -19162.00, -19191.60, 64567
26334, -19160.00, -19189.96, 64375
26338, -19159.00, -19188.15, 64203
26343, -19158.00, -19186.55, 64021
26348, -19156.00, -19184.79, 63842
26353, -19154.00, -19182.98, 63678
26357, -19154.00, -19181.41, 63497
26362, -19152.00, -19179.62, 63326
26367, -19149.00, -19177.86, 63140
26373, -19149.00, -19175.92, 62997
26377, -19148.00, -19174.44, 62856
26382, -19145.00, -19172.92, 62716
26386, -19143.00, -19171.37, 62582
26390, -19142.00, -19169.83, 62446
26395, -19139.00, -19168.26, 62314
26399, -19138.00, -19166.66, 62183
26404, -19135.00, -19165.01, 62046
26408, -19135.00, -19163.28, 61914
26413, -19134.00, -19161.71, 61789
26417, -19132.00, -19160.17, 61655
26422, -19134.00, -19158.57, 61532
26426, -19129.00, -19157.14, 61408
26431, -19129.00, -19155.61, 61288
26435, -19126.00, -19154.08, 61159
26440, -19125.00, -19152.41, 61026
26445, -19123.00, -19150.68, 60908
26450, -19122.00, -19149.12, 60786
26454, -19121.00, -19147.60, 60670
26459, -19119.00, -19146.06, 60548
26464, -19117.00, -19144.37, 60424
26468, -19114.00, -19142.66, 60307
26473, -19113.00, -19140.99, 60197
26478, -19111.00, -19139.43, 60069
26483, -19110.00, -19137.61, 59950
26487, -19108.00, -19135.94, 59838
26492, -19108.00, -19134.46, 59705
26497, -19104.00, -19132.60, 59590
26502, -19104.00, -19131.00, 59455
26507, -19101.00, -19129.13, 59325
26512, -19099.00, -19127.26, 59206
26517, -19097.00, -19125.62, 59092
26522, -19096.00, -19123.98, 58954
26527, -19094.00, -19122.08, 58837
26532, -19092.00, -19120.44, 58717
26536, -19090.00, -19118.73, 58606
26541, -19089.00, -19117.17, 58492
26545, -19087.00, -19115.52, 58368
26550, -19086.00, -19113.82, 58242
26555, -19085.00, -19112.11, 58118
26560, -19083.00, -19110.43, 57998
26565, -19081.00, -19108.82, 57871
26570, -19079.00, -19107.08, 57735
26575, -19078.00, -19105.20, 57609
26580, -19076.00, -19103.57, 57486
26585, -19074.00, -19101.93, 57345
26590, -19073.00, -19100.06, 57203
26595, -19070.00, -19098.19, 57075
26600, -19069.00, -19096.52, 56955
26605, -19068.00, -19094.99, 56834
26609, -19065.00, -19093.41, 56714
26614, -19063.00, -19091.83, 56592
26618, -19062.00, -19090.21, 56456
26623, -19060.00, -19088.45, 56326
26628, -19060.00, -19086.85, 56196
26632, -19057.00, -19085.28, 56073
26636, -19057.00, -19083.79, 55931
26641, -19054.00, -19082.10, 55787
26646, -19051.00, -19080.32, 55654
26651, -19051.00, -19078.76, 55509
26655, -19048.00, -19077.04, 55371
26660, -19048.00, -19075.44, 55223
26664, -19045.00, -19073.84, 55066
26669, -19044.00, -19072.04, 54909
26674, -19042.00, -19070.41, 54740
26679, -19042.00, -19068.67, 54585
26684, -19041.00, -19067.18, 54408
26689, -19037.00, -19065.46, 54184
26695, -19036.00, -19063.27, 53967
26701, -19033.00, -19061.29, 53727
26707, -19031.00, -19059.03, 53494
26713, -19027.00, -19056.93, 53293
26718, -19028.00, -19055.17, 53072
26723, -19026.00, -19053.39, 52835
26728, -19023.00, -19051.51, 52587
26734, -19020.00, -19049.53, 52360
26739, -19021.00, -19047.74, 52147
26743, -19017.00, -19046.08, 51926
26748, -19018.00, -19044.39, 51696
26753, -19014.00, -19042.58, 51494
26758, -19010.00, -19040.88, 51296
26763, -19011.00, -19039.19, 51106
26767, -19008.00, -19037.61, 50920
26771, -19008.00, -19036.04, 50739
26776, -19006.00, -19034.51, 50561
26780, -19004.00, -19032.96, 50383
26784, -19003.00, -19031.37, 50204
26789, -19000.00, -19029.79, 50011
26793, -19000.00, -19028.04, 49827
26798, -18996.00, -19026.29, 49648
26803, -18996.00, -19024.62, 49457
26808, -18993.00, -19022.82, 49276
26812, -18992.00, -19021.04, 49103
26817, -18989.00, -19019.29, 48905
26822, -18987.00, -19017.28, 48700
26828, -18987.00, -19015.23, 48500
26833, -18985.00, -19013.29, 48346
26838, -18982.00, -19011.72, 48166
26843, -18982.00, -19009.89, 47983
26848, -18978.00, -19007.96, 47806
26853, -18976.00, -19006.01, 47633
26858, -18974.00, -19004.14, 47476
26863, -18973.00, -19002.46, 47324
26867, -18970.00, -19000.76, 47165
26872, -18970.00, -18998.97, 47002
26877, -18966.00, -18997.16, 46850
26881, -18964.00, -18995.38, 46693
26886, -18962.00, -18993.48, 46544
26890, -18961.00, -18991.74, 46377
26896, -18960.00, -18989.76, 46221
26900, -18958.00, -18988.01, 46041
26906, -18956.00, -18985.90, 45872
26911, -18953.00, -18983.89, 45704
26916, -18952.00, -18981.95, 45544
26921, -18951.00, -18980.10, 45382
26926, -18948.00, -18978.22, 45224
26931, -18945.00, -18976.34, 45060
26936, -18944.00, -18974.38, 44918
26941, -18942.00, -18972.71, 44777
26945, -18940.00, -18971.03, 44630
26949, -18938.00, -18969.28, 44471
26954, -18937.00, -18967.38, 44327
26959, -18934.00, -18965.63, 44166
26964, -18933.00, -18963.74, 44021
26968, -18931.00, -18962.07, 43875
26972, -18930.00, -18960.36, 43727
26977, -18928.00, -18958.67, 43569
26981, -18925.00, -18956.87, 43400
26986, -18924.00, -18954.89, 43242
26991, -18922.00, -18953.14, 43082
26996, -18920.00, -18951.27, 42920
27000, -18919.00, -18949.54, 42752
27005, -18916.00, -18947.69, 42597
27009, -18915.00, -18945.97, 42397
27015, -18913.00, -18943.76, 42223
27020, -18910.00, -18941.89, 42049
27024, -18908.00, -18940.06, 41874
27029, -18907.00, -18938.23, 41704
27033, -18904.00, -18936.44, 41507
27039, -18903.00, -18934.33, 41306
27044, -18899.00, -18932.29, 41104
27048, -18898.00, -18930.25, 40879
27054, -18894.00, -18927.93, 40680
27059, -18894.00, -18925.92, 40468
27064, -18892.00, -18923.86, 40253
27069, -18888.00, -18921.82, 40025
27074, -18886.00, -18919.53, 39808
27079, -18883.00, -18917.51, 39600
27084, -18882.00, -18915.52, 39378
27088, -18881.00, -18913.57, 39151
27093, -18878.00, -18911.55, 38915
27098, -18876.00, -18909.55, 38700
27102, -18874.00, -18907.72, 38478
27107, -18872.00, -18905.88, 38251
27111, -18871.00, -18904.04, 37999
27116, -18866.00, -18901.97, 37746
27121, -18866.00, -18899.90, 37464
27126, -18863.00, -18897.72, 37202
27130, -18861.00, -18895.82, 36919
27135, -18861.00, -18893.76, 36615
27140, -18858.00, -18891.70, 36297
27145, -18856.00, -18889.48, 36022
27150, -18853.00, -18887.57, 35685
27155, -18851.00, -18885.13, 35384
27160, -18847.00, -18882.86, 35055
27166, -18845.00, -18880.42, 34799
27170, -18844.00, -18878.45, 34556
27175, -18842.00, -18876.53, 34304
27179, -18838.00, -18874.40, 34066
27184, -18838.00, -18872.39, 33845
27188, -18834.00, -18870.46, 33629
27193, -18833.00, -18868.46, 33410
27197, -18830.00, -18866.34, 33192
27202, -18829.00, -18864.24, 32981
27207, -18827.00, -18862.16, 32755
27212, -18824.00, -18859.86, 32562
27217, -18820.00, -18857.76, 32372
27221, -18818.00, -18855.57, 32179
27226, -18817.00, -18853.28, 31998
27231, -18815.00, -18851.19, 31810
27236, -18811.00, -18848.86, 31627
27241, -18809.00, -18846.54, 31443
27246, -18806.00, -18844.13, 31285
27250, -18803.00, -18841.95, 31109
27255, -18801.00, -18839.46, 30939
27260, -18800.00, -18837.05, 30784
27265, -18797.00, -18834.88, 30639
27269, -18795.00, -18832.80, 30498
27274, -18792.00, -18830.71, 30357
27278, -18788.00, -18828.46, 30219
27283, -18786.00, -18826.21, 30066
27288, -18784.00, -18823.67, 29937
27292, -18782.00, -18821.53, 29793
27297, -18781.00, -18819.06, 29663
27301, -18776.00, -18816.92, 29539
27306, -18774.00, -18814.70, 29408
27310, -18772.00, -18812.33, 29258
27316, -18769.00, -18809.59, 29123
27321, -18765.00, -18807.02, 28977
27326, -18762.00, -18804.06, 28815
27332, -18758.00, -18800.94, 28669
27338, -18755.00, -18797.92, 28533
27343, -18753.00, -18795.19, 28400
27348, -18750.00, -18792.44, 28260
27354, -18747.00, -18789.51, 28131
27359, -18743.00, -18786.78, 28009
27363, -18741.00, -18784.15, 27897
27368, -18737.00, -18781.63, 27786
27372, -18734.00, -18779.08, 27677
27377, -18732.00, -18776.56, 27565
27382, -18728.00, -18773.91, 27417
27388, -18725.00, -18770.44, 27287
27393, -18723.00, -18767.41, 27165
27398, -18717.00, -18764.57, 27056
27402, -18715.00, -18761.90, 26949
27407, -18711.00, -18759.29, 26844
27411, -18709.00, -18756.66, 26735
27416, -18708.00, -18754.09, 26616
27421, -18702.00, -18751.06, 26505
27425, -18698.00, -18748.36, 26398
27429, -18697.00, -18745.67, 26280
27434, -18692.00, -18742.62, 26159
27439, -18689.00, -18739.55, 26036
27444, -18685.00, -18736.32, 25923
27449, -18683.00, -18733.42, 25817
27453, -18678.00, -18730.63, 25696
27458, -18674.00, -18727.40, 25559
27463, -18672.00, -18723.74, 25444
27468, -18668.00, -18720.76, 25328
27472, -18664.00, -18717.63, 25215
27477, -18660.00, -18714.50, 25094
27482, -18657.00, -18711.28, 24974
27487, -18653.00, -18708.01, 24856
27491, -18650.00, -18704.70, 24722
27497, -18645.00, -18701.04, 24601
27501, -18641.00, -18697.69, 24488
27506, -18637.00, -18694.47, 24370
27510, -18633.00, -18691.16, 24240
27515, -18629.00, -18687.51, 24123
27520, -18626.00, -18684.18, 23992
27525, -18621.00, -18680.41, 23854
27530, -18617.00, -18676.57, 23727
27535, -18611.00, -18673.08, 23597
27539, -18609.00, -18669.47, 23444
27545, -18603.00, -18665.17, 23309
27550, -18601.00, -18661.60, 23170
27554, -18595.00, -18657.92, 23040
27559, -18590.00, -18654.37, 22910
27563, -18587.00, -18650.87, 22766
27568, -18581.00, -18646.94, 22608
27573, -18578.00, -18642.78, 22457
27578, -18573.00, -18638.94, 22314
27582, -18568.00, -18635.32, 22156
27587, -18564.00, -18631.18, 21993
27592, -18558.00, -18627.02, 21819
27597, -18555.00, -18622.81, 21635
27602, -18548.00, -18618.39, 21450
27607, -18543.00, -18613.66, 21272
27612, -18537.00, -18609.61, 21100
27616, -18535.00, -18605.62, 20926
27621, -18527.00, -18601.54, 20740
27625, -18524.00, -18597.24, 20553
27630, -18518.00, -18592.97, 20357
27634, -18515.00, -18588.72, 20163
27639, -18508.00, -18584.39, 19967
27643, -18503.00, -18580.16, 19755
27648, -18496.00, -18575.46, 19533
27653, -18492.00, -18570.38, 19327
27658, -18486.00, -18565.67, 19106
27663, -18482.00, -18560.77, 18903
27667, -18475.00, -18556.09, 18683
27673, -18468.00, -18550.80, 18472
27678, -18463.00, -18545.67, 18272
27682, -18456.00, -18540.63, 18061
27687, -18450.00, -18535.22, 17869
27692, -18443.00, -18530.16, 17688
27697, -18438.00, -18525.26, 17511
27701, -18429.00, -18520.33, 17336
27705, -18426.00, -18515.27, 17151
27710, -18419.00, -18509.78, 16972
27715, -18414.00, -18504.51, 16808
27719, -18407.00, -18499.52, 16648
27724, -18402.00, -18494.52, 16474
27728, -18394.00, -18488.82, 16310
27733, -18388.00, -18483.34, 16147
27738, -18381.00, -18477.81, 15973
27742, -18375.00, -18471.84, 15805
27747, -18368.00, -18466.04, 15638
27752, -18361.00, -18459.98, 15470
27757, -18353.00, -18453.69, 15299
27762, -18344.00, -18447.21, 15137
27767, -18339.00, -18440.94, 14960
27772, -18330.00, -18433.86, 14671
27781, -18317.00, -18422.11, 14501
27787, -18310.00, -18415.22, 14320
27792, -18302.00, -18407.76, 14162
27797, -18293.00, -18401.00, 14012
27802, -18287.00, -18394.64, 13866
27807, -18279.00, -18388.25, 13712
27812, -18271.00, -18381.46, 13560
27817, -18264.00, -18374.53, 13399
27822, -18256.00, -18367.26, 13241
27827, -18246.00, -18360.22, 13109
27831, -18240.00, -18354.01, 12974
27835, -18234.00, -18347.80, 12841
27840, -18227.00, -18341.54, 12705
27844, -18220.00, -18335.25, 12572
27849, -18212.00, -18328.86, 12436
27853, -18205.00, -18322.45, 12303
27857, -18198.00, -18316.07, 12169
27862, -18191.00, -18309.62, 12025
27866, -18183.00, -18302.90, 11890
27870, -18176.00, -18296.41, 11752
27875, -18169.00, -18289.88, 11616
27879, -18160.00, -18283.21, 11481
27883, -18153.00, -18276.53, 11343
27888, -18146.00, -18269.79, 11201
27892, -18138.00, -18262.91, 11052
27897, -18129.00, -18255.62, 10900
27901, -18122.00, -18248.24, 10746
27906, -18114.00, -18240.94, 10592
27910, -18106.00, -18233.57, 10434
27915, -18096.00, -18226.12, 10270
27920, -18088.00, -18218.42, 10110
27924, -18081.00, -18211.01, 9945
27929, -18071.00, -18203.46, 9777
27934, -18063.00, -18195.76, 9602
27938, -18053.00, -18187.72, 9424
27943, -18045.00, -18179.48, 9243
27948, -18037.00, -18171.41, 9059
27953, -18027.00, -18163.31, 8877
27957, -18020.00, -18155.28, 8674
27963, -18011.00, -18146.56, 8464
27968, -18002.00, -18137.68, 8248
27973, -17993.00, -18128.94, 8066
27977, -17984.00, -18121.46, 7881
27982, -17978.00, -18113.99, 7694
27986, -17969.00, -18106.53, 7494
27990, -17963.00, -18098.82, 7288
27995, -17955.00, -18090.94, 7069
28000, -17946.00, -18082.71, 6835
28005, -17937.00, -18074.25, 6592
28010, -17927.00, -18065.57, 6355
28014, -17920.00, -18057.54, 6137
28019, -17913.00, -18050.04, 5912
28023, -17906.00, -18042.58, 5677
28028, -17911.00, -18034.65, 5548
28033, -17921.00, -18027.72, 5523
28037, -17929.00, -18021.79, 5586
28043, -17938.00, -18015.83, 5700
28048, -17948.00, -18011.53, 5848
28053, -17956.00, -18008.02, 6009
28057, -17964.00, -18005.44, 6212
28062, -17975.00, -18003.18, 6413
28067, -17983.00, -18001.78, 6624
28072, -17991.00, -18000.92, 6852
28077, -18001.00, -18000.62, 7074
28082, -18010.00, -18000.91, 7289
28086, -18019.00, -18001.69, 7532
28092, -18030.00, -18003.27, 7751
28097, -18040.00, -18005.11, 7968
28102, -18048.00, -18007.44, 8191
28107, -18059.00, -18010.46, 8425
28113, -18070.00, -18014.00, 8624
28117, -18078.00, -18017.44, 8854
28123, -18088.00, -18021.98, 9058
28128, -18097.00, -18026.34, 9246
28133, -18106.00, -18030.53, 9428
28137, -18114.00, -18035.03, 9600
28142, -18122.00, -18039.55, 9772
28146, -18131.00, -18044.34, 9940
28151, -18139.00, -18049.28, 10115
28155, -18149.00, -18054.71, 10287
28160, -18156.00, -18060.26, 10458
28165, -18165.00, -18065.92, 10628
28170, -18174.00, -18072.00, 10799
28174, -18183.00, -18078.26, 10953
28179, -18191.00, -18084.07, 11123
28184, -18202.00, -18090.82, 11297
28189, -18210.00, -18097.82, 11474
28194, -18219.00, -18105.17, 11630
28198, -18226.00, -18111.41, 11783
28203, -18235.00, -18118.07, 11948
28207, -18244.00, -18125.07, 12113
28212, -18251.00, -18132.31, 12282
28217, -18259.00, -18139.88, 12456
28223, -18270.00, -18147.87, 12630
28228, -18277.00, -18155.55, 12795
28233, -18286.00, -18163.53, 12971
28238, -18294.00, -18171.40, 13158
28244, -18306.00, -18180.35, 13318
28248, -18313.00, -18187.53, 13493
28254, -18321.00, -18196.05, 13671
28259, -18329.00, -18204.30, 13824
28263, -18336.00, -18211.27, 13972
28268, -18343.00, -18218.11, 14120
28272, -18350.00, -18225.07, 14274
28277, -18356.00, -18232.28, 14424
28281, -18363.00, -18239.13, 14573
28286, -18370.00, -18246.05, 14744
28291, -18377.00, -18253.87, 14909
28296, -18384.00, -18261.38, 15082
28301, -18392.00, -18269.27, 15248
28305, -18398.00, -18276.56, 15398
28310, -18404.00, -18283.18, 15553
28314, -18411.00, -18289.97, 15706
28319, -18418.00, -18296.54, 15878
28323, -18425.00, -18304.01, 16054
28328, -18432.00, -18311.57, 16234
28333, -18436.00, -18318.93, 16415
28338, -18444.00, -18326.21, 16600
28343, -18450.00, -18333.51, 16765
28348, -18455.00, -18339.79, 16931
28352, -18460.00, -18346.12, 17104
28357, -18465.00, -18352.57, 17306
28362, -18472.00, -18359.89, 17509
28367, -18479.00, -18367.06, 17722
28372, -18485.00, -18374.24, 17902
28376, -18491.00, -18380.31, 18089
28381, -18496.00, -18386.55, 18311
28386, -18502.00, -18393.60, 18506
28390, -18509.00, -18399.78, 18704
28395, -18512.00, -18405.77, 18916
28400, -18519.00, -18412.08, 19133
28404, -18523.00, -18418.49, 19338
28409, -18529.00, -18424.25, 19536
28413, -18534.00, -18429.96, 19731
28417, -18538.00, -18435.53, 19926
28422, -18541.00, -18441.06, 20117
28426, -18548.00, -18446.54, 20306
28431, -18552.00, -18452.10, 20497
28435, -18558.00, -18457.71, 20678
28439, -18560.00, -18463.11, 20881
28444, -18566.00, -18469.26, 21062
28449, -18571.00, -18474.59, 21251
28454, -18576.00, -18480.51, 21419
28458, -18579.00, -18485.69, 21581
28462, -18586.00, -18490.78, 21739
28467, -18587.00, -18495.82, 21894
28471, -18592.00, -18500.73, 22066
28476, -18597.00, -18506.39, 22227
28480, -18602.00, -18511.61, 22375
28485, -18605.00, -18516.51, 22538
28490, -18610.00, -18522.06, 22702
28495, -18614.00, -18527.58, 22845
28499, -18620.00, -18532.41, 22995
28504, -18624.00, -18537.72, 23135
28509, -18628.00, -18542.59, 23268
28513, -18630.00, -18547.38, 23410
28518, -18635.00, -18552.34, 23570
28523, -18641.00, -18557.92, 23714
28528, -18643.00, -18563.07, 23841
28533, -18649.00, -18567.60, 23971
28538, -18652.00, -18572.51, 24119
28543, -18657.00, -18577.79, 24247
28548, -18661.00, -18582.40, 24386
28553, -18664.00, -18587.54, 24520
28558, -18668.00, -18592.42, 24662
28563, -18673.00, -18597.50, 24783
28568, -18675.00, -18601.87, 24913
28573, -18680.00, -18606.65, 25043
28578, -18682.00, -18611.27, 25162
28583, -18687.00, -18615.40, 25277
28588, -18690.00, -18619.52, 25396
28592, -18693.00, -18623.71, 25521
28597, -18696.00, -18628.00, 25648
28603, -18700.00, -18632.47, 25769
28607, -18704.00, -18636.50, 25885
28612, -18708.00, -18640.42, 25993
28616, -18710.00, -18644.15, 26105
28621, -18713.00, -18647.81, 26210
28625, -18717.00, -18651.35, 26329
28630, -18719.00, -18655.25, 26451
28635, -18723.00, -18659.43, 26578
28640, -18725.00, -18663.29, 26702
28645, -18731.00, -18667.20, 26825
28650, -18733.00, -18671.12, 26934
28654, -18734.00, -18674.46, 27050
28659, -18739.00, -18677.90, 27174
28664, -18740.00, -18681.65, 27297
28669, -18746.00, -18685.44, 27423
28674, -18748.00, -18689.20, 27551
28679, -18753.00, -18693.09, 27677
28684, -18753.00, -18696.73, 27793
28689, -18757.00, -18699.89, 27910
28693, -18760.00, -18703.17, 28028
28698, -18763.00, -18706.37, 28161
28703, -18766.00, -18709.99, 28277
28707, -18767.00, -18712.98, 28408
28712, -18772.00, -18716.36, 28526
28716, -18775.00, -18719.46, 28665
28722, -18778.00, -18722.97, 28785
28726, -18780.00, -18725.99, 28910
28730, -18783.00, -18729.00, 29037
28735, -18786.00, -18732.07, 29175
28740, -18787.00, -18735.32, 29315
28745, -18790.00, -18738.44, 29458
28750, -18793.00, -18741.63, 29599
28754, -18795.00, -18744.64, 29732
28759, -18800.00, -18747.49, 29873
28763, -18799.00, -18750.39, 30020
28768, -18804.00, -18753.40, 30175
28773, -18807.00, -18756.51, 30334
28778, -18808.00, -18759.55, 30497
28783, -18811.00, -18762.57, 30651
28787, -18813.00, -18765.29, 30817
28792, -18817.00, -18768.27, 30979
28797, -18820.00, -18771.04, 31137
28801, -18820.00, -18773.70, 31317
28806, -18825.00, -18776.66, 31522
28812, -18826.00, -18779.97, 31707
28816, -18829.00, -18782.62, 31925
28822, -18831.00, -18785.81, 32125
28827, -18833.00, -18788.56, 32330
28832, -18836.00, -18791.29, 32523
28836, -18840.00, -18793.78, 32741
28841, -18840.00, -18796.56, 32969
28846, -18843.00, -18799.21, 33177
28850, -18847.00, -18801.66, 33397
28854, -18849.00, -18804.12, 33618
28859, -18851.00, -18806.57, 33851
28863, -18852.00, -18809.01, 34088
28868, -18856.00, -18811.42, 34333
28872, -18858.00, -18813.82, 34607
28877, -18858.00, -18816.39, 34883
28881, -18860.00, -18818.77, 35196
28886, -18864.00, -18821.40, 35533
28891, -18866.00, -18824.10, 35818
28896, -18867.00, -18826.39, 36130
28901, -18871.00, -18828.97, 36484
28906, -18875.00, -18831.90, 36835
28912, -18875.00, -18834.78, 37127
28916, -18877.00, -18837.17, 37427
28921, -18879.00, -18839.62, 37687
28926, -18883.00, -18841.85, 37946
28930, -18885.00, -18844.16, 38196
28935, -18888.00, -18846.45, 38444
28939, -18888.00, -18848.72, 38692
28944, -18889.00, -18851.04, 38934
28948, -18894.00, -18853.22, 39179
28953, -18897.00, -18855.72, 39405
28958, -18896.00, -18857.98, 39630
28962, -18900.00, -18860.16, 39839
28967, -18901.00, -18862.31, 40068
28971, -18904.00, -18864.72, 40281
28976, -18905.00, -18866.97, 40481
28980, -18908.00, -18869.06, 40678
28985, -18910.00, -18871.28, 40884
28990, -18911.00, -18873.50, 41103
28995, -18915.00, -18875.98, 41313
29000, -18916.00, -18878.34, 41514
29004, -18917.00, -18880.56, 41708
29009, -18920.00, -18882.77, 41890
29014, -18923.00, -18884.92, 42085
29019, -18923.00, -18887.23, 42286
29024, -18927.00, -18889.58, 42502
29029, -18927.00, -18892.07, 42692
29034, -18930.00, -18894.31, 42906
29040, -18934.00, -18896.92, 43084
29045, -18936.00, -18899.08, 43259
29049, -18938.00, -18901.23, 43434
29054, -18939.00, -18903.52, 43640
29060, -18942.00, -18906.06, 43812
29065, -18944.00, -18908.18, 43999
29070, -18945.00, -18910.47, 44169
29075, -18948.00, -18912.63, 44342
29080, -18950.00, -18914.71, 44496
29084, -18951.00, -18916.60, 44647
29088, -18953.00, -18918.46, 44798
29092, -18955.00, -18920.33, 44950
29097, -18958.00, -18922.25, 45112
29101, -18960.00, -18924.34, 45268
29106, -18961.00, -18926.34, 45434
29111, -18963.00, -18928.43, 45597
29116, -18965.00, -18930.48, 45760
29120, -18968.00, -18932.47, 45934
29125, -18968.00, -18934.64, 46100
29130, -18972.00, -18936.67, 46278
29135, -18972.00, -18938.88, 46452
29140, -18977.00, -18941.11, 46631
29145, -18978.00, -18943.33, 46821
29150, -18978.00, -18945.59, 46996
29155, -18984.00, -18947.71, 47164
29160, -18982.00, -18949.72, 47327
29165, -18986.00, -18951.67, 47492
29169, -18986.00, -18953.56, 47658
29174, -18989.00, -18955.49, 47819
29178, -18991.00, -18957.37, 47986
29183, -18993.00, -18959.31, 48151
29187, -18994.00, -18961.19, 48340
29193, -18997.00, -18963.38, 48513
29197, -18998.00, -18965.31, 48695
29202, -19000.00, -18967.26, 48866
29206, -19003.00, -18969.12, 49070
29212, -19004.00, -18971.37, 49257
29217, -19007.00, -18973.35, 49475
29222, -19008.00, -18975.66, 49691
29227, -19010.00, -18977.79, 49884
29232, -19011.00, -18979.68, 50095
29237, -19015.00, -18981.74, 50304
29242, -19016.00, -18983.78, 50491
29247, -19018.00, -18985.55, 50681
29251, -19018.00, -18987.26, 50884
29255, -19021.00, -18989.10, 51105
29260, -19022.00, -18991.04, 51320
29265, -19025.00, -18992.83, 51533
29269, -19026.00, -18994.65, 51744
29274, -19029.00, -18996.42, 51955
29278, -19029.00, -18998.15, 52164
29283, -19031.00, -18999.85, 52394
29288, -19033.00, -19001.80, 52647
29293, -19035.00, -19003.90, 52857
29297, -19037.00, -19005.62, 53076
29302, -19039.00, -19007.57, 53300
29307, -19042.00, -19009.60, 53526
29312, -19042.00, -19011.62, 53744
29318, -19043.00, -19013.60, 53966
29323, -19046.00, -19015.68, 54174
29328, -19049.00, -19017.67, 54385
29334, -19051.00, -19019.76, 54577
29339, -19052.00, -19021.73, 54773
29344, -19054.00, -19023.72, 54953
29349, -19056.00, -19025.66, 55138
29354, -19057.00, -19027.65, 55293
29359, -19059.00, -19029.29, 55440
29363, -19060.00, -19030.89, 55586
29368, -19064.00, -19032.58, 55737
29372, -19067.00, -19034.49, 55903
29378, -19068.00, -19036.59, 56067
29383, -19068.00, -19038.63, 56233
29388, -19071.00, -19040.67, 56387
29393, -19073.00, -19042.61, 56538
29399, -19075.00, -19044.55, 56682
29403, -19077.00, -19046.39, 56814
29408, -19079.00, -19048.15, 56943
29412, -19080.00, -19049.85, 57070
29417, -19081.00, -19051.53, 57195
29421, -19084.00, -19053.19, 57318
29426, -19084.00, -19054.81, 57440
29430, -19087.00, -19056.44, 57568
29434, -19089.00, -19058.20, 57688
29439, -19090.00, -19059.87, 57822
29444, -19092.00, -19061.70, 57941
29448, -19093.00, -19063.33, 58064
29452, -19094.00, -19064.94, 58182
29457, -19098.00, -19066.63, 58330
29462, -19099.00, -19068.71, 58448
29466, -19100.00, -19070.35, 58587
29472, -19103.00, -19072.28, 58719
29476, -19103.00, -19074.13, 58856
29481, -19105.00, -19075.92, 58978
29486, -19108.00, -19077.59, 59108
29491, -19112.00, -19079.46, 59226
29495, -19111.00, -19081.24, 59354
29500, -19113.00, -19082.90, 59488
29505, -19115.00, -19084.78, 59634
29510, -19118.00, -19086.86, 59766
29515, -19120.00, -19088.68, 59916
29520, -19122.00, -19090.86, 60053
29525, -19124.00, -19092.78, 60182
29530, -19124.00, -19094.62, 60321
29535, -19126.00, -19096.50, 60479
29541, -19129.00, -19098.62, 60612
29545, -19131.00, -19100.39, 60741
29550, -19132.00, -19102.13, 60875
29554, -19134.00, -19103.88, 61009
29559, -19137.00, -19105.75, 61145
29564, -19138.00, -19107.48, 61289
29569, -19140.00, -19109.44, 61451
29574, -19141.00, -19111.48, 61608
29579, -19144.00, -19113.35, 61767
29584, -19145.00, -19115.31, 61922
29589, -19146.00, -19117.14, 62064
29594, -19150.00, -19118.79, 62202
29598, -19149.00, -19120.42, 62353
29603, -19154.00, -19122.17, 62519
29608, -19156.00, -19124.13, 62677
29612, -19156.00, -19125.93, 62852
29617, -19158.00, -19127.84, 63018
29622, -19160.00, -19129.66, 63185
29627, -19161.00, -19131.38, 63385
29632, -19165.00, -19133.53, 63595
29637, -19164.00, -19135.48, 63771
29642, -19167.00, -19137.11, 63948
29646, -19169.00, -19138.78, 64154
29651, -19171.00, -19140.70, 64367
29656, -19173.00, -19142.60, 64605
29662, -19175.00, -19144.68, 64841
29667, -19177.00, -19146.72, 65086
29672, -19180.00, -19148.69, 65332
29677, -19181.00, -19150.66, 65607
29683, -19184.00, -19152.81, 65870
29688, -19184.00, -19154.68, 66172
29693, -19187.00, -19156.80, 66452
29698, -19189.00, -19158.74, 66769
29704, -19192.00, -19160.73, 67056
29708, -19194.00, -19162.59, 67370
29713, -19195.00, -19164.51, 67705
29718, -19198.00, -19166.52, 68031
29723, -19198.00, -19168.28, 68368
29728, -19201.00, -19170.20, 68757
29733, -19202.00, -19172.24, 69082
29738, -19205.00, -19173.99, 69387
29742, -19205.00, -19175.67, 69677
29747, -19207.00, -19177.29, 69989
29751, -19210.00, -19179.08, 70312
29757, -19211.00, -19181.00, 70637
29762, -19214.00, -19182.96, 70904
29766, -19216.00, -19184.68, 71165
29770, -19217.00, -19186.38, 71442
29775, -19220.00, -19188.30, 71692
29780, -19222.00, -19190.15, 71979
29785, -19224.00, -19192.15, 72250
29790, -19224.00, -19194.15, 72514
29795, -19227.00, -19196.05, 72765
29800, -19228.00, -19197.98, 72989
29805, -19231.00, -19199.78, 73232
29810, -19234.00, -19201.84, 73452
29815, -19235.00, -19203.68, 73676
29820, -19237.00, -19205.64, 73892
29824, -19239.00, -19207.54, 74090
29829, -19240.00, -19209.34, 74278
29833, -19244.00, -19211.13, 74486
29839, -19244.00, -19213.21, 74707
29844, -19247.00, -19215.29, 74910
29849, -19249.00, -19217.39, 75114
29854, -19251.00, -19219.46, 75330
29860, -19253.00, -19221.69, 75500
29865, -19254.00, -19223.46, 75706
29870, -19257.00, -19225.67, 75886
29875, -19258.00, -19227.57, 76052
29880, -19261.00, -19229.36, 76206
29884, -19261.00, -19231.09, 76365
29889, -19263.00, -19232.76, 76517
29893, -19266.00, -19234.52, 76707
29899, -19268.00, -19236.70, 76871
29904, -19270.00, -19238.60, 77022
29908, -19270.00, -19240.27, 77168
29912, -19272.00, -19241.88, 77315
29917, -19273.00, -19243.52, 77461
29921, -19275.00, -19245.14, 77622
29926, -19278.00, -19247.02, 77774
29930, -19280.00, -19248.80, 77922
29935, -19282.00, -19250.51, 78067
29939, -19283.00, -19252.25, 78223
29944, -19284.00, -19254.04, 78392
29949, -19287.00, -19256.05, 78556
29954, -19290.00, -19258.04, 78722
29959, -19292.00, -19260.08, 78882
29964, -19294.00, -19262.02, 79051
29969, -19297.00, -19264.21, 79213
29974, -19298.00, -19266.13, 79362
29979, -19300.00, -19267.96, 79535
29984, -19302.00, -19270.08, 79712
29990, -19303.00, -19272.26, 79867
29994, -19305.00, -19274.08, 80049
30000, -19308.00, -19276.23, 80206
30004, -19310.00, -19278.09, 80373
30009, -19313.00, -19280.14, 80533
30014, -19312.00, -19282.02, 80722
30020, -19317.00, -19284.33, 80886
30025, -19318.00, -19286.27, 81058
30030, -19320.00, -19288.29, 81247
30035, -19323.00, -19290.49, 81428
30041, -19325.00, -19292.59, 81615
30046, -19327.00, -19294.75, 81804
30051, -19331.00, -19296.95, 81997
30056, -19332.00, -19299.20, 82209
30062, -19335.00, -19301.60, 82412
30068, -19337.00, -19303.88, 82587
30072, -19339.00, -19305.81, 82757
30077, -19340.00, -19307.61, 82922
30081, -19342.00, -19309.37, 83090
30085, -19345.00, -19311.16, 83279
30090, -19347.00, -19313.21, 83469
30095, -19349.00, -19315.16, 83647
30099, -19352.00, -19317.02, 83828
30103, -19353.00, -19318.90, 84009
30108, -19356.00, -19320.77, 84202
30112, -19357.00, -19322.78, 84420
30117, -19359.00, -19324.92, 84642
30122, -19362.00, -19327.05, 84834
30126, -19363.00, -19328.94, 85027
30131, -19366.00, -19330.88, 85222
30135, -19368.00, -19332.84, 85443
30141, -19371.00, -19335.14, 85626
30145, -19372.00, -19337.07, 85822
30150, -19375.00, -19339.26, 86009
30154, -19378.00, -19341.28, 86221
30160, -19380.00, -19343.90, 86408
30165, -19382.00, -19346.00, 86595
30170, -19384.00, -19348.25, 86753
30174, -19385.00, -19350.26, 86908
30179, -19389.00, -19352.34, 87075
30184, -19390.00, -19354.65, 87239
30189, -19392.00, -19357.11, 87379
30194, -19394.00, -19359.27, 87519
30200, -19395.00, -19361.59, 87638
30205, -19396.00, -19363.62, 87756
30210, -19397.00, -19365.76, 87856
30215, -19399.00, -19367.68, 87964
30221, -19400.00, -19369.90, 88056
30226, -19403.00, -19371.89, 88140
30231, -19402.00, -19373.67, 88217
30236, -19406.00, -19375.52, 88298
30241, -19405.00, -19377.47, 88376
30246, -19405.00, -19379.24, 88453
30252, -19407.00, -19380.96, 88531
30257, -19409.00, -19382.74, 88604
30262, -19409.00, -19384.42, 88676
30267, -19411.00, -19386.04, 88736
30272, -19413.00, -19387.43, 88795
30276, -19414.00, -19388.83, 88854
30281, -19415.00, -19390.23, 88913
30285, -19417.00, -19391.61, 88970
30289, -19417.00, -19392.94, 89028
30294, -19419.00, -19394.30, 89102
30299, -19420.00, -19395.93, 89167
30304, -19420.00, -19397.28, 89235
30309, -19422.00, -19398.75, 89299
30314, -19423.00, -19400.14, 89372
30319, -19424.00, -19401.70, 89436
30324, -19426.00, -19403.07, 89501
30328, -19429.00, -19404.42, 89574
30334, -19430.00, -19405.99, 89651
30339, -19433.00, -19407.69, 89724
30344, -19433.00, -19409.24, 89810
30350, -19436.00, -19411.07, 89884
30355, -19437.00, -19412.57, 89970
30361, -19441.00, -19414.39, 90047
30366, -19441.00, -19416.02, 90135
30371, -19445.00, -19417.80, 90218
30376, -19447.00, -19419.54, 90298
30381, -19449.00, -19421.20, 90380
30386, -19451.00, -19422.88, 90475
30391, -19456.00, -19425.02, 90562
30396, -19456.00, -19426.81, 90674
30402, -19459.00, -19429.17, 90767
30408, -19461.00, -19431.14, 90858
30413, -19465.00, -19433.08, 90960
30418, -19467.00, -19435.34, 91061
30424, -19469.00, -19437.40, 91167
30429, -19473.00, -19439.66, 91281
30435, -19476.00, -19442.14, 91381
30440, -19481.00, -19444.35, 91469
30444, -19481.00, -19446.31, 91566
30449, -19485.00, -19448.49, 91655
30454, -19488.00, -19450.49, 91743
30458, -19491.00, -19452.55, 91832
30462, -19493.00, -19454.66, 91922
30467, -19496.00, -19456.76, 92012
30471, -19499.00, -19458.90, 92104
30475, -19502.00, -19461.13, 92198
30480, -19504.00, -19463.40, 92290
30484, -19508.00, -19465.66, 92395
30489, -19511.00, -19468.27, 92493
30493, -19515.00, -19470.79, 92591
30498, -19517.00, -19473.29, 92691
30503, -19520.00, -19475.89, 92799
30508, -19525.00, -19478.71, 92900
30512, -19529.00, -19481.46, 93009
30517, -19532.00, -19484.47, 93119
30522, -19535.00, -19487.50, 93228
30527, -19538.00, -19490.39, 93342
30533, -19543.00, -19493.61, 93471
30538, -19546.00, -19497.00, 93599
30544, -19552.00, -19500.51, 93726
30549, -19556.00, -19504.01, 93841
30554, -19560.00, -19507.17, 93969
30559, -19565.00, -19510.78, 94082
30564, -19568.00, -19513.96, 94215
30569, -19573.00, -19517.67, 94340
30574, -19578.00, -19521.16, 94459
30579, -19583.00, -19524.55, 94585
30584, -19586.00, -19528.15, 94733
30590, -19592.00, -19532.46, 94868
30594, -19597.00, -19536.14, 95013
30600, -19604.00, -19540.40, 95157
30605, -19607.00, -19544.50, 95312
30611, -19613.00, -19548.98, 95466
30616, -19620.00, -19553.32, 95613
30621, -19624.00, -19557.57, 95764
30627, -19630.00, -19562.25, 95919
30632, -19635.00, -19566.40, 96064
30636, -19639.00, -19570.50, 96199
30641, -19643.00, -19574.29, 96335
30645, -19647.00, -19578.05, 96472
30649, -19651.00, -19581.77, 96614
30654, -19657.00, -19585.61, 96758
30658, -19661.00, -19589.55, 96909
30662, -19668.00, -19593.59, 97080
30667, -19672.00, -19598.28, 97256
30672, -19679.00, -19602.91, 97430
30677, -19684.00, -19607.35, 97613
30682, -19691.00, -19612.10, 97803
30687, -19695.00, -19616.86, 97999
30692, -19701.00, -19621.64, 98184
30696, -19706.00, -19626.09, 98400
30701, -19713.00, -19631.18, 98607
30706, -19719.00, -19636.00, 98810
30710, -19725.00, -19640.65, 99042
30715, -19730.00, -19645.90, 99263
30720, -19736.00, -19650.70, 99489
30724, -19742.00, -19655.52, 99721
30728, -19748.00, -19660.33, 99958
30733, -19756.00, -19665.29, 100232
30738, -19761.00, -19670.90, 100529
30743, -19768.00, -19676.65, 100836
30748, -19776.00, -19682.61, 101114
30752, -19782.00, -19687.89, 101426
30758, -19790.00, -19693.96, 101704
30762, -19796.00, -19699.35, 102030
30768, -19805.00, -19706.29, 102359
30773, -19813.00, -19712.74, 102658
30778, -19820.00, -19719.14, 102952
30783, -19827.00, -19725.63, 103254
30788, -19836.00, -19732.53, 103526
30793, -19843.00, -19738.96, 103806
30799, -19852.00, -19745.94, 104041
30803, -19859.00, -19751.80, 104264
30807, -19866.00, -19757.70, 104487
30812, -19872.00, -19763.71, 104702
30816, -19879.00, -19769.68, 104916
30820, -19885.00, -19775.77, 105134
30825, -19894.00, -19782.10, 105347
30830, -19902.00, -19788.65, 105552
30834, -19909.00, -19795.16, 105754
30839, -19918.00, -19801.58, 105946
30843, -19924.00, -19807.95, 106137
30847, -19932.00, -19814.43, 106339
30852, -19941.00, -19821.59, 106546
30857, -19948.00, -19829.05, 106733
30862, -19956.00, -19835.76, 106929
30867, -19965.00, -19843.32, 107116
30871, -19972.00, -19850.34, 107287
30876, -19980.00, -19857.04, 107464
30880, -19989.00, -19864.41, 107657
30885, -19997.00, -19872.35, 107859
30891, -20006.00, -19880.80, 108026
30895, -20013.00, -19887.97, 108219
30901, -20025.00, -19896.50, 108391
30906, -20033.00, -19904.29, 108571
30911, -20041.00, -19912.46, 108728
30915, -20048.00, -19919.74, 108916
30921, -20057.00, -19928.53, 109090
30926, -20068.00, -19936.78, 109258
30931, -20076.00, -19945.12, 109420
30935, -20084.00, -19952.80, 109576
30940, -20094.00, -19960.64, 109727
30944, -20101.00, -19968.06, 109891
30950, -20109.00, -19976.42, 110052
30954, -20118.00, -19984.58, 110210
30959, -20128.00, -19992.74, 110392
30965, -20138.00, -20002.09, 110573
30970, -20146.00, -20011.59, 110730
30975, -20155.00, -20019.34, 110879
30980, -20164.00, -20027.78, 111054
30985, -20172.00, -20036.29, 111200
30989, -20180.00, -20044.20, 111344
30994, -20189.00, -20051.60, 111485
30998, -20196.00, -20059.05, 111626
31002, -20204.00, -20066.56, 111766
31007, -20211.00, -20073.98, 111913
31011, -20218.00, -20081.88, 112068
31016, -20226.00, -20090.07, 112230
31021, -20232.00, -20098.50, 112374
31025, -20241.00, -20105.81, 112529
31030, -20247.00, -20113.96, 112673
31035, -20256.00, -20121.30, 112816
31039, -20264.00, -20128.73, 112961
31043, -20270.00, -20136.15, 113124
31048, -20281.00, -20144.69, 113277
31053, -20288.00, -20152.54, 113443
31058, -20295.00, -20160.92, 113599
31062, -20303.00, -20168.37, 113746
31067, -20308.00, -20175.57, 113897
31071, -20315.00, -20182.79, 114058
31076, -20322.00, -20190.49, 114257
31081, -20332.00, -20199.90, 114426
31086, -20339.00, -20207.72, 114615
31092, -20347.00, -20216.84, 114811
31097, -20355.00, -20225.17, 114998
31102, -20362.00, -20233.26, 115188
31107, -20370.00, -20241.82, 115388
31112, -20377.00, -20249.81, 115585
31117, -20386.00, -20257.90, 115760
31121, -20393.00, -20265.00, 115939
31126, -20397.00, -20272.17, 116123
31130, -20405.00, -20279.15, 116333
31135, -20411.00, -20287.04, 116534
31140, -20420.00, -20294.53, 116750
31145, -20426.00, -20302.31, 116980
31151, -20433.00, -20311.02, 117235
31156, -20441.00, -20319.06, 117449
31161, -20449.00, -20325.96, 117654
31165, -20455.00, -20332.82, 117854
31169, -20461.00, -20339.45, 118054
31174, -20464.00, -20346.02, 118255
31178, -20472.00, -20352.60, 118447
31182, -20477.00, -20359.01, 118634
31187, -20483.00, -20365.36, 118819
31191, -20488.00, -20371.67, 119008
31195, -20496.00, -20378.29, 119210
31200, -20502.00, -20385.54, 119401
31205, -20507.00, -20392.30, 119606
31210, -20514.00, -20399.70, 119799
31215, -20519.00, -20406.84, 120009
31221, -20527.00, -20414.81, 120204
31226, -20533.00, -20422.00, 120388
31231, -20539.00, -20429.14, 120577
31237, -20546.00, -20436.73, 120764
31242, -20553.00, -20444.09, 120930
31247, -20559.00, -20450.92, 121106
31252, -20564.00, -20457.89, 121274
31258, -20571.00, -20465.01, 121422
31262, -20575.00, -20471.05, 121579
31267, -20581.00, -20477.84, 121730
31272, -20586.00, -20484.10, 121866
31277, -20590.00, -20489.89, 122001
31281, -20596.00, -20495.68, 122135
31286, -20600.00, -20501.41, 122264
31291, -20606.00, -20507.06, 122394
31295, -20610.00, -20512.66, 122536
31300, -20616.00, -20518.96, 122660
31305, -20620.00, -20524.31, 122791
31309, -20625.00, -20530.03, 122916
31314, -20630.00, -20535.53, 123066
31320, -20635.00, -20542.21, 123211
31325, -20642.00, -20548.29, 123340
31330, -20645.00, -20553.94, 123454
31334, -20649.00, -20558.88, 123572
31339, -20654.00, -20563.89, 123686
31343, -20656.00, -20568.93, 123808
31348, -20660.00, -20573.99, 123921
31352, -20664.00, -20578.67, 124040
31357, -20669.00, -20583.63, 124158
31361, -20672.00, -20588.65, 124271
31366, -20677.00, -20593.18, 124382
31370, -20681.00, -20597.81, 124495
31375, -20684.00, -20602.34, 124607
31379, -20688.00, -20606.79, 124715
31383, -20692.00, -20611.17, 124825
31388, -20695.00, -20615.55, 124938
31392, -20699.00, -20619.95, 125063
31397, -20703.00, -20625.04, 125200
31402, -20706.00, -20630.13, 125342
31408, -20712.00, -20635.54, 125471
31413, -20716.00, -20640.40, 125617
31419, -20719.00, -20645.78, 125738
31424, -20721.00, -20650.20, 125860
31429, -20727.00, -20654.68, 125990
31434, -20731.00, -20659.15, 126144
31439, -20737.00, -20664.44, 126268
31444, -20738.00, -20668.67, 126421
31450, -20742.00, -20673.69, 126553
31455, -20747.00, -20677.93, 126692
31460, -20749.00, -20682.29, 126823
31465, -20753.00, -20686.37, 126967
31470, -20756.00, -20690.69, 127109
31475, -20762.00, -20694.95, 127257
31480, -20764.00, -20699.27, 127405
31486, -20766.00, -20703.33, 127534
31490, -20771.00, -20706.79, 127671
31494, -20773.00, -20710.40, 127803
31499, -20776.00, -20713.84, 127937
31503, -20780.00, -20717.30, 128077
31508, -20781.00, -20720.69, 128214
31512, -20785.00, -20723.96, 128359
31516, -20787.00, -20727.40, 128521
31521, -20790.00, -20731.06, 128679
31526, -20795.00, -20734.48, 128831
31530, -20797.00, -20737.79, 128984
31535, -20798.00, -20740.97, 129168
31540, -20803.00, -20744.71, 129336
31544, -20805.00, -20747.92, 129520
31549, -20807.00, -20751.39, 129703
31554, -20810.00, -20754.75, 129911
31559, -20813.00, -20758.32, 130100
31564, -20818.00, -20761.57, 130316
31569, -20819.00, -20765.10, 130536
31574, -20824.00, -20768.50, 130754
31579, -20826.00, -20771.77, 130981
31584, -20829.00, -20775.14, 131256
31589, -20830.00, -20778.92, 131508
31594, -20834.00, -20782.05, 131749
31599, -20837.00, -20785.03, 132004
31603, -20840.00, -20788.09, 132313
31609, -20842.00, -20791.59, 132590
31614, -20846.00, -20794.64, 132859
31618, -20847.00, -20797.62, 133196
31623, -20851.00, -20800.77, 133485
31628, -20853.00, -20803.52, 133804
31633, -20857.00, -20806.55, 134160
31638, -20857.00, -20809.86, 134482
31643, -20862.00, -20812.68, 134792
31647, -20864.00, -20815.53, 135115
31652, -20868.00, -20818.56, 135436
31657, -20869.00, -20821.60, 135720
31662, -20872.00, -20824.30, 136009
31666, -20874.00, -20827.10, 136270
31671, -20876.00, -20829.64, 136523
31675, -20878.00, -20832.16, 136775
31679, -20880.00, -20834.65, 137017
31684, -20882.00, -20837.10, 137264
31688, -20885.00, -20839.63, 137498
31693, -20888.00, -20842.15, 137720
31697, -20890.00, -20844.61, 137939
31701, -20893.00, -20847.08, 138158
31706, -20894.00, -20849.55, 138375
31710, -20895.00, -20852.00, 138600
31715, -20898.00, -20854.54, 138812
31719, -20900.00, -20856.96, 139017
31724, -20904.00, -20859.40, 139215
31728, -20905.00, -20861.83, 139409
31732, -20908.00, -20864.23, 139599
31737, -20908.00, -20866.55, 139787
31741, -20911.00, -20868.84, 139983
31746, -20913.00, -20871.32, 140175
31751, -20915.00, -20873.88, 140376
31755, -20918.00, -20876.30, 140559
31760, -20920.00, -20878.70, 140747
31765, -20923.00, -20881.18, 140929
31769, -20923.00, -20883.59, 141099
31774, -20928.00, -20885.83, 141262
31778, -20926.00, -20888.01, 141430
31783, -20932.00, -20890.27, 141604
31787, -20933.00, -20892.71, 141778
31792, -20936.00, -20895.18, 141963
31798, -20937.00, -20897.88, 142128
31802, -20940.00, -20900.06, 142282
31806, -20942.00, -20902.26, 142434
31811, -20944.00, -20904.44, 142587
31815, -20947.00, -20906.61, 142737
31819, -20947.00, -20908.73, 142892
31824, -20948.00, -20910.85, 143042
31828, -20949.00, -20912.84, 143190
31832, -20952.00, -20914.82, 143336
31837, -20955.00, -20916.88, 143486
31841, -20955.00, -20918.90, 143638
31846, -20958.00, -20920.95, 143791
31850, -20961.00, -20923.10, 143946
31855, -20962.00, -20925.27, 144097
31859, -20964.00, -20927.32, 144249
31864, -20965.00, -20929.40, 144403
31868, -20968.00, -20931.49, 144558
31873, -20969.00, -20933.59, 144707
31877, -20971.00, -20935.57, 144875
31883, -20974.00, -20937.85, 145051
31888, -20977.00, -20940.27, 145212
31892, -20977.00, -20942.37, 145397
31898, -20980.00, -20944.85, 145571
31903, -20982.00, -20947.10, 145765
31909, -20984.00, -20949.57, 145921
31914, -20987.00, -20951.58, 146096
31919, -20989.00, -20953.90, 146286
31924, -20991.00, -20956.35, 146468
31930, -20994.00, -20958.68, 146657
31935, -20995.00, -20961.01, 146841
31940, -20996.00, -20963.23, 147017
31945, -20999.00, -20965.24, 147176
31949, -20999.00, -20967.05, 147333
31954, -21002.00, -20968.82, 147502
31958, -21005.00, -20970.78, 147690
31964, -21005.00, -20972.93, 147875
31968, -21008.00, -20974.92, 148051
31973, -21009.00, -20976.79, 148237
31978, -21012.00, -20978.77, 148406
31982, -21013.00, -20980.56, 148577
31987, -21015.00, -20982.35, 148755
31991, -21016.00, -20984.12, 148959
31996, -21018.00, -20986.14, 149170
32001, -21020.00, -20988.14, 149356
32005, -21020.00, -20989.89, 149566
32010, -21023.00, -20991.76, 149772
32015, -21026.00, -20993.65, 150000
32020, -21028.00, -20995.71, 150223
32025, -21031.00, -20997.79, 150454
32030, -21031.00, -20999.91, 150630
32036, -21030.00, -21002.01, 150684
32040, -21027.00, -21003.44, 150682
32045, -21025.00, -21004.74, 150632
32050, -21025.00, -21005.88, 150551
32054, -21022.00, -21006.85, 150447
32059, -21019.00, -21007.57, 150309
32064, -21019.00, -21008.27, 150172
32068, -21017.00, -21008.79, 150028
32072, -21017.00, -21009.22, 149855
32077, -21014.00, -21009.61, 149695
32082, -21011.00, -21009.77, 149538
32086, -21010.00, -21009.80, 149376
32090, -21009.00, -21009.79, 149214
32095, -21009.00, -21009.75, 149053
32099, -21006.00, -21009.63, 148893
32104, -21003.00, -21009.35, 148731
32108, -21002.00, -21008.98, 148575
32112, -21001.00, -21008.59, 148418
32117, -21000.00, -21008.16, 148260
32121, -20997.00, -21007.65, 148101
32125, -20996.00, -21007.04, 147933
32130, -20994.00, -21006.36, 147765
32135, -20992.00, -21005.58, 147594
32140, -20990.00, -21004.71, 147438
32144, -20989.00, -21003.90, 147285
32148, -20988.00, -21003.08, 147113
32154, -20984.00, -21002.02, 146949
32158, -20984.00, -21001.01, 146797
32163, -20981.00, -20999.99, 146617
32168, -20979.00, -20998.65, 146436
32173, -20977.00, -20997.34, 146282
32178, -20977.00, -20996.22, 146120
32183, -20974.00, -20994.96, 145957
32188, -20972.00, -20993.65, 145801
32193, -20971.00, -20992.35, 145646
32197, -20969.00, -20991.08, 145494
32202, -20965.00, -20989.71, 145324
32207, -20963.00, -20988.03, 145160
32212, -20961.00, -20986.45, 144991
32217, -20960.00, -20984.80, 144833
32222, -20958.00, -20983.22, 144681
32227, -20956.00, -20981.72, 144534
32232, -20954.00, -20980.24, 144383
32236, -20952.00, -20978.65, 144243
32241, -20952.00, -20977.23, 144088
32246, -20949.00, -20975.64, 143938
32250, -20946.00, -20974.05, 143800
32255, -20945.00, -20972.54, 143664
32259, -20944.00, -20971.05, 143522
32263, -20940.00, -20969.50, 143366
32268, -20939.00, -20967.67, 143211
32273, -20938.00, -20965.98, 143051
32278, -20935.00, -20964.23, 142903
32282, -20933.00, -20962.60, 142758
32287, -20932.00, -20960.97, 142603
32292, -20929.00, -20959.23, 142431
32297, -20926.00, -20957.14, 142262
32302, -20925.00, -20955.24, 142085
32307, -20922.00, -20953.23, 141919
32312, -20920.00, -20951.32, 141740
32317, -20918.00, -20949.30, 141577
32322, -20915.00, -20947.48, 141405
32327, -20914.00, -20945.45, 141227
32332, -20911.00, -20943.49, 141055
32336, -20910.00, -20941.61, 140877
32341, -20907.00, -20939.65, 140675
32347, -20905.00, -20937.42, 140489
32351, -20903.00, -20935.44, 140282
32357, -20900.00, -20933.19, 140069
32362, -20897.00, -20930.93, 139849
32367, -20894.00, -20928.69, 139640
32373, -20892.00, -20926.43, 139416
32378, -20890.00, -20924.11, 139189
32383, -20888.00, -20921.87, 138962
32388, -20883.00, -20919.56, 138730
32394, -20881.00, -20917.18, 138490
32399, -20879.00, -20914.78, 138226
32405, -20878.00, -20912.30, 137971
32410, -20874.00, -20909.94, 137714
32415, -20870.00, -20907.63, 137482
32419, -20868.00, -20905.52, 137254
32424, -20866.00, -20903.46, 137006
32428, -20864.00, -20901.29, 136739
32433, -20861.00, -20898.99, 136465
32438, -20858.00, -20896.68, 136198
32443, -20855.00, -20894.48, 135908
32447, -20853.00, -20892.08, 135600
32452, -20852.00, -20889.70, 135306
32457, -20848.00, -20887.49, 135005
32461, -20846.00, -20885.28, 134666
32466, -20843.00, -20882.76, 134357
32471, -20840.00, -20880.44, 134061
32476, -20838.00, -20878.15, 133751
32480, -20837.00, -20875.80, 133456
32485, -20834.00, -20873.53, 133177
32489, -20831.00, -20871.24, 132905
32494, -20828.00, -20868.92, 132643
32498, -20826.00, -20866.63, 132387
32503, -20822.00, -20864.30, 132131
32508, -20820.00, -20861.87, 131870
32513, -20818.00, -20859.26, 131584
32518, -20816.00, -20856.40, 131327
32523, -20811.00, -20853.69, 131088
32528, -20809.00, -20851.07, 130854
32533, -20803.00, -20848.32, 130621
32539, -20803.00, -20845.42, 130410
32543, -20800.00, -20842.84, 130190
32549, -20797.00, -20839.99, 129966
32554, -20792.00, -20837.01, 129788
32559, -20789.00, -20834.44, 129583
32564, -20786.00, -20831.36, 129384
32569, -20783.00, -20828.25, 129203
32574, -20781.00, -20825.54, 129036
32579, -20778.00, -20822.88, 128878
32583, -20775.00, -20820.30, 128718
32588, -20770.00, -20817.56, 128561
32593, -20767.00, -20814.72, 128406
32598, -20763.00, -20811.82, 128253
32602, -20760.00, -20808.89, 128077
32608, -20757.00, -20805.44, 127923
32613, -20754.00, -20802.34, 127783
32618, -20752.00, -20799.63, 127650
32622, -20749.00, -20796.96, 127523
32627, -20747.00, -20794.34, 127398
32631, -20742.00, -20791.69, 127262
32636, -20740.00, -20788.66, 127135
32640, -20737.00, -20785.82, 127009
32645, -20733.00, -20783.09, 126890
32649, -20729.00, -20780.33, 126773
32653, -20726.00, -20777.53, 126657
32658, -20724.00, -20774.72, 126527
32663, -20719.00, -20771.49, 126407
32667, -20717.00, -20768.52, 126290
32672, -20712.00, -20765.54, 126165
32677, -20709.00, -20762.06, 126037
32682, -20705.00, -20758.60, 125904
32688, -20701.00, -20755.02, 125792
32692, -20697.00, -20752.00, 125687
32696, -20694.00, -20749.03, 125570
32701, -20689.00, -20745.73, 125448
32706, -20687.00, -20742.17, 125330
32711, -20681.00, -20738.81, 125206
32716, -20678.00, -20735.19, 125098
32720, -20675.00, -20731.98, 124987
32725, -20670.00, -20728.83, 124861
32730, -20666.00, -20724.88, 124726
32735, -20662.00, -20720.96, 124597
32740, -20657.00, -20717.09, 124462
32746, -20653.00, -20713.02, 124343
32751, -20647.00, -20709.31, 124213
32756, -20643.00, -20705.20, 124100
32760, -20639.00, -20701.68, 123985
32765, -20634.00, -20698.03, 123858
32770, -20629.00, -20693.84, 123742
32775, -20624.00, -20690.10, 123618
32780, -20620.00, -20686.00, 123483
32785, -20613.00, -20681.49, 123343
32790, -20610.00, -20676.77, 123215
32795, -20606.00, -20672.59, 123081
32801, -20600.00, -20668.24, 122956
32805, -20595.00, -20664.09, 122836
32810, -20591.00, -20660.12, 122702
32815, -20585.00, -20655.79, 122586
32819, -20579.00, -20651.86, 122466
32824, -20575.00, -20647.82, 122349
32828, -20572.00, -20643.88, 122229
32832, -20567.00, -20639.92, 122095
32837, -20561.00, -20635.31, 121962
32842, -20555.00, -20630.96, 121842
32846, -20552.00, -20626.91, 121709
32851, -20545.00, -20622.37, 121555
32856, -20539.00, -20617.14, 121420
32861, -20535.00, -20612.85, 121268
32866, -20528.00, -20607.84, 121124
32870, -20523.00, -20603.07, 120984
32875, -20516.00, -20598.54, 120830
32880, -20511.00, -20593.48, 120659
32885, -20507.00, -20588.03, 120494
32890, -20499.00, -20582.90, 120313
32896, -20492.00, -20577.05, 120141
32900, -20487.00, -20571.91, 119954
32906, -20479.00, -20566.22, 119788
32910, -20474.00, -20561.17, 119613
32915, -20466.00, -20555.98, 119434
32920, -20461.00, -20550.74, 119251
32924, -20454.00, -20545.36, 119052
32929, -20450.00, -20539.75, 118855
32934, -20441.00, -20534.31, 118655
32939, -20437.00, -20528.90, 118454
32943, -20432.00, -20523.49, 118253
32948, -20423.00, -20518.25, 118038
32952, -20417.00, -20512.55, 117821
32957, -20410.00, -20506.67, 117600
32962, -20404.00, -20500.66, 117347
32968, -20395.00, -20493.49, 117098
32974, -20387.00, -20486.59, 116912
32978, -20381.00, -20481.20, 116726
32982, -20374.00, -20475.66, 116545
32987, -20368.00, -20470.16, 116366
32991, -20361.00, -20464.62, 116179
32996, -20355.00, -20458.64, 116004
33000, -20346.00, -20452.94, 115827
33004, -20341.00, -20447.05, 115656
33009, -20334.00, -20441.23, 115487
33013, -20328.00, -20435.45, 115307
33018, -20321.00, -20429.02, 115138
33022, -20315.00, -20422.94, 114964
33027, -20306.00, -20416.55, 114792
33031, -20296.00, -20410.11, 114629
33036, -20291.00, -20403.77, 114460
33040, -20282.00, -20397.16, 114301
33045, -20276.00, -20390.81, 114144
33049, -20267.00, -20384.46, 113988
33054, -20261.00, -20377.96, 113835
33058, -20255.00, -20371.54, 113673
33063, -20248.00, -20364.81, 113511
33067, -20236.00, -20357.87, 113352
33072, -20229.00, -20350.82, 113184
33077, -20222.00, -20343.35, 113030
33081, -20216.00, -20336.44, 112870
33086, -20207.00, -20329.32, 112711
33091, -20197.00, -20322.02, 112557
33095, -20189.00, -20314.75, 112405
33100, -20181.00, -20307.60, 112249
33104, -20175.00, -20300.07, 112089
33109, -20166.00, -20292.53, 111932
33114, -20158.00, -20284.76, 111769
33119, -20149.00, -20276.91, 111608
33124, -20140.00, -20268.93, 111446
33129, -20132.00, -20260.83, 111286
33134, -20122.00, -20252.95, 111134
33138, -20115.00, -20245.36, 110981
33143, -20106.00, -20237.61, 110838
33147, -20099.00, -20230.41, 110697
33152, -20091.00, -20223.22, 110554
33156, -20082.00, -20215.76, 110392
33161, -20072.00, -20207.46, 110245
33166, -20064.00, -20200.03, 110102
33170, -20059.00, -20192.64, 109952
33174, -20049.00, -20185.09, 109795
33179, -20041.00, -20177.02, 109625
33184, -20031.00, -20168.03, 109451
33189, -20022.00, -20159.34, 109303
33194, -20015.00, -20151.86, 109128
33199, -20005.00, -20142.93, 108938
33204, -19995.00, -20133.39, 108756
33209, -19987.00, -20124.48, 108556
33215, -19977.00, -20114.83, 108387
33220, -19968.00, -20106.69, 108215
33224, -19961.00, -20098.62, 108030
33229, -19952.00, -20090.00, 107822
33235, -19941.00, -20079.98, 107626
33240, -19931.00, -20071.30, 107454
33245, -19926.00, -20063.55, 107261
33250, -19918.00, -20054.95, 107086
33254, -19911.00, -20047.46, 106909
33258, -19903.00, -20039.70, 106700
33263, -19894.00, -20030.99, 106485
33269, -19885.00, -20022.11, 106279
33274, -19879.00, -20013.72, 106050
33279, -19868.00, -20004.33, 105800
33285, -19861.00, -19994.84, 105565
33290, -19851.00, -19985.99, 105336
33295, -19843.00, -19977.46, 105094
33300, -19835.00, -19968.72, 104852
33305, -19825.00, -19960.21, 104611
33310, -19818.00, -19951.95, 104366
33315, -19812.00, -19943.97, 104122
33320, -19807.00, -19936.18, 103861
33325, -19798.00, -19928.01, 103595
33329, -19790.00, -19920.28, 103354
33334, -19786.00, -19913.32, 103076
33338, -19778.00, -19905.50, 102789
33343, -19770.00, -19897.71, 102516
33348, -19764.00, -19890.66, 102247
33352, -19758.00, -19883.75, 101969
33356, -19752.00, -19876.84, 101643
33362, -19743.00, -19868.66, 101355
33366, -19739.00, -19861.60, 101085
33371, -19735.00, -19854.98, 100807
33375, -19728.00, -19848.08, 100549
33379, -19722.00, -19841.58, 100267
33384, -19715.00, -19834.21, 99993
33389, -19708.00, -19826.76, 99713
33394, -19702.00, -19819.39, 99466
33399, -19696.00, -19812.21, 99189
33404, -19689.00, -19804.59, 98949
33409, -19684.00, -19797.66, 98737
33414, -19678.00, -19791.32, 98504
33419, -19670.00, -19784.06, 98273
33424, -19666.00, -19776.93, 98045
33429, -19660.00, -19769.58, 97815
33435, -19653.00, -19762.02, 97601
33440, -19648.00, -19755.06, 97404
33445, -19643.00, -19748.38, 97210
33450, -19636.00, -19741.62, 97000
33455, -19629.00, -19734.16, 96807
33461, -19623.00, -19727.31, 96622
33466, -19618.00, -19720.51, 96444
33471, -19613.00, -19713.90, 96266
33476, -19607.00, -19707.35, 96115
33481, -19603.00, -19701.74, 95973
33485, -19600.00, -19696.37, 95832
33490, -19595.00, -19691.05, 95697
33494, -19591.00, -19685.83, 95566
33498, -19586.00, -19680.69, 95421
33503, -19582.00, -19674.95, 95287
33508, -19578.00, -19669.80, 95162
33512, -19573.00, -19664.84, 95036
33516, -19568.00, -19659.78, 94906
33521, -19564.00, -19654.52, 94780
33525, -19561.00, -19649.45, 94654
33530, -19557.00, -19644.40, 94530
33534, -19553.00, -19639.45, 94399
33539, -19548.00, -19634.21, 94267
33544, -19545.00, -19628.95, 94136
33549, -19540.00, -19623.81, 93999
33554, -19536.00, -19618.33, 93871
33559, -19531.00, -19613.29, 93721
33565, -19527.00, -19607.31, 93592
33570, -19521.00, -19602.21, 93473
33575, -19519.00, -19597.26, 93352
33580, -19515.00, -19592.64, 93215
33585, -19512.00, -19587.14, 93096
33590, -19508.00, -19582.65, 92977
33595, -19503.00, -19578.07, 92857
33600, -19500.00, -19573.47, 92727
33605, -19496.00, -19568.44, 92610
33610, -19494.00, -19564.25, 92483
33616, -19488.00, -19559.43, 92369
33620, -19485.00, -19555.40, 92241
33625, -19483.00, -19550.71, 92121
33630, -19479.00, -19546.59, 92004
33635, -19475.00, -19542.50, 91895
33640, -19471.00, -19538.63, 91777
33645, -19467.00, -19534.50, 91669
33649, -19465.00, -19530.81, 91550
33654, -19460.00, -19526.70, 91438
33658, -19460.00, -19522.97, 91320
33663, -19456.00, -19519.17, 91200
33668, -19453.00, -19515.37, 91089
33673, -19449.00, -19511.83, 90959
33678, -19447.00, -19507.76, 90842
33682, -19444.00, -19504.30, 90717
33687, -19440.00, -19500.48, 90598
33692, -19438.00, -19497.09, 90479
33696, -19436.00, -19493.79, 90357
33701, -19431.00, -19490.39, 90233
33706, -19427.00, -19486.95, 90102
33710, -19425.00, -19483.37, 89981
33715, -19423.00, -19480.12, 89850
33720, -19421.00, -19476.85, 89714
33724, -19417.00, -19473.46, 89589
33729, -19416.00, -19470.39, 89452
33734, -19412.00, -19467.10, 89288
33739, -19409.00, -19463.22, 89135
33744, -19406.00, -19459.74, 88999
33749, -19401.00, -19456.67, 88843
33754, -19400.00, -19453.15, 88682
33759, -19398.00, -19449.71, 88533
33764, -19395.00, -19446.65, 88391
33768, -19392.00, -19443.74, 88247
33773, -19391.00, -19440.86, 88105
33777, -19387.00, -19438.07, 87965
33782, -19385.00, -19435.30, 87825
33786, -19384.00, -19432.62, 87681
33790, -19382.00, -19429.96, 87537
33795, -19381.00, -19427.38, 87382
33799, -19377.00, -19424.63, 87207
33804, -19376.00, -19421.64, 87052
33809, -19373.00, -19419.16, 86875
33814, -19370.00, -19416.27, 86694
33819, -19368.00, -19413.47, 86517
33823, -19366.00, -19410.89, 86341
33828, -19362.00, -19408.31, 86128
33833, -19362.00, -19405.24, 85908
33838, -19358.00, -19402.42, 85697
33843, -19355.00, -19399.63, 85473
33848, -19353.00, -19396.73, 85234
33854, -19352.00, -19393.70, 84998
33859, -19348.00, -19390.96, 84773
33864, -19349.00, -19388.29, 84541
33870, -19347.00, -19385.69, 84319
33875, -19342.00, -19383.04, 84098
33880, -19340.00, -19380.48, 83871
33885, -19337.00, -19377.69, 83679
33890, -19336.00, -19375.42, 83485
33895, -19333.00, -19373.06, 83285
33900, -19331.00, -19370.56, 83106
33904, -19330.00, -19368.39, 82933
33908, -19328.00, -19366.26, 82758
33913, -19326.00, -19364.09, 82589
33917, -19323.00, -19361.94, 82411
33922, -19322.00, -19359.66, 82213
33928, -19320.00, -19357.14, 82039
33932, -19316.00, -19354.91, 81850
33937, -19316.00, -19352.43, 81687
33942, -19312.00, -19350.34, 81505
33947, -19311.00, -19347.94, 81350
33952, -19309.00, -19345.69, 81184
33956, -19307.00, -19343.69, 81029
33961, -19306.00, -19341.62, 80876
33965, -19303.00, -19339.63, 80713
33970, -19300.00, -19337.35, 80548
33975, -19298.00, -19334.99, 80381
33980, -19297.00, -19332.87, 80223
33984, -19295.00, -19330.74, 80068
33989, -19294.00, -19328.69, 79904
33994, -19291.00, -19326.49, 79750
33999, -19290.00, -19324.46, 79586
34004, -19288.00, -19322.30, 79426
34009, -19284.00, -19320.14, 79267
34013, -19283.00, -19317.98, 79104
34018, -19281.00, -19315.78, 78960
34023, -19280.00, -19313.86, 78816
34027, -19278.00, -19311.96, 78677
34032, -19276.00, -19310.08, 78529
34036, -19274.00, -19308.16, 78390
34041, -19274.00, -19306.35, 78249
34045, -19269.00, -19304.50, 78104
34049, -19270.00, -19302.55, 77937
34055, -19266.00, -19300.37, 77785
34059, -19266.00, -19298.41, 77636
34064, -19264.00, -19296.52, 77482
34069, -19261.00, -19294.54, 77336
34073, -19259.00, -19292.66, 77193
34078, -19259.00, -19290.80, 77031
34083, -19256.00, -19288.68, 76860
34088, -19255.00, -19286.59, 76694
34093, -19252.00, -19284.59, 76550
34097, -19252.00, -19282.86, 76406
34102, -19249.00, -19281.14, 76254
34106, -19248.00, -19279.31, 76105
34111, -19246.00, -19277.59, 75950
34115, -19246.00, -19275.85, 75800
34119, -19243.00, -19274.18, 75649
34124, -19241.00, -19272.48, 75495
34128, -19239.00, -19270.77, 75330
34133, -19240.00, -19269.03, 75163
34137, -19238.00, -19267.34, 74998
34142, -19235.00, -19265.69, 74828
34146, -19234.00, -19263.94, 74663
34151, -19231.00, -19262.29, 74491
34155, -19230.00, -19260.58, 74308
34160, -19228.00, -19258.78, 74103
34165, -19226.00, -19256.81, 73906
34169, -19225.00, -19255.00, 73716
34174, -19221.00, -19253.22, 73525
34179, -19222.00, -19251.46, 73312
34183, -19219.00, -19249.64, 73112
34188, -19219.00, -19247.96, 72897
34193, -19217.00, -19246.16, 72655
34198, -19215.00, -19244.28, 72414
34203, -19212.00, -19242.40, 72184
34208, -19212.00, -19240.63, 71939
34213, -19209.00, -19238.81, 71690
34218, -19207.00, -19236.97, 71446
34222, -19205.00, -19235.24, 71214
34226, -19204.00, -19233.59, 70971
34231, -19203.00, -19231.98, 70725
34235, -19203.00, -19230.45, 70449
34240, -19198.00, -19228.73, 70163
34245, -19197.00, -19226.89, 69881
34249, -19196.00, -19225.22, 69576
34254, -19193.00, -19223.45, 69278
34259, -19192.00, -19221.72, 68940
34264, -19192.00, -19219.89, 68643
34268, -19189.00, -19218.27, 68360
34272, -19189.00, -19216.71, 68054
34277, -19186.00, -19214.98, 67775
34282, -19184.00, -19213.37, 67489
34287, -19182.00, -19211.56, 67225
34291, -19179.00, -19209.87, 66953
34296, -19178.00, -19208.01, 66692
34301, -19177.00, -19206.24, 66418
34306, -19175.00, -19204.36, 66147
34311, -19174.00, -19202.46, 65865
34317, -19172.00, -19200.40, 65607
34322, -19171.00, -19198.54, 65364
34327, -19168.00, -19196.67, 65157
34332, -19167.00, -19195.04, 64928
34337, -19165.00, -19193.16, 64715
34342, -19162.00, -19191.33, 64526
34347, -19163.00, -19189.70, 64348
34351, -19161.00, -19188.17, 64174
34356, -19159.00, -19186.61, 63995
34361, -19156.00, -19184.88, 63817
34366, -19155.00, -19183.20, 63655
34370, -19153.00, -19181.60, 63474
34375, -19149.00, -19179.66, 63323
34380, -19149.00, -19178.02, 63172
34384, -19148.00, -19176.40, 63025
34389, -19146.00, -19174.80, 62877
34393, -19144.00, -19173.13, 62730
34398, -19142.00, -19171.43, 62579
34403, -19142.00, -19169.66, 62439
34407, -19141.00, -19168.08, 62305
34412, -19138.00, -19166.56, 62178
34416, -19137.00, -19165.03, 62044
34420, -19136.00, -19163.45, 61914
34425, -19135.00, -19161.92, 61770
34430, -19132.00, -19160.18, 61626
34435, -19131.00, -19158.36, 61498
34440, -19129.00, -19156.81, 61359
34445, -19127.00, -19154.99, 61221
34450, -19125.00, -19153.20, 61084
34455, -19124.00, -19151.47, 60963
34459, -19123.00, -19149.91, 60845
34464, -19121.00, -19148.39, 60725
34468, -19118.00, -19146.77, 60613
34473, -19118.00, -19145.20, 60495
34478, -19116.00, -19143.60, 60378
34482, -19115.00, -19141.96, 60246
34488, -19111.00, -19140.13, 60129
34492, -19110.00, -19138.46, 60000
34497, -19109.00, -19136.63, 59878
34502, -19106.00, -19134.88, 59760
34507, -19106.00, -19133.25, 59643
34512, -19104.00, -19131.63, 59528
34516, -19103.00, -19130.06, 59415
34521, -19100.00, -19128.49, 59302
34525, -19099.00, -19126.88, 59185
34530, -19096.00, -19125.22, 59076
34534, -19095.00, -19123.64, 58967
34539, -19097.00, -19122.17, 58859
34543, -19094.00, -19120.77, 58749
34547, -19093.00, -19119.32, 58642
34551, -19091.00, -19117.89, 58535
34556, -19088.00, -19116.40, 58425
34560, -19087.00, -19114.87, 58317
34564, -19086.00, -19113.37, 58207
34569, -19083.00, -19111.84, 58091
34573, -19083.00, -19110.22, 57975
34578, -19081.00, -19108.67, 57862
34582, -19079.00, -19107.11, 57749
34587, -19078.00, -19105.58, 57636
34591, -19075.00, -19104.03, 57524
34595, -19075.00, -19102.49, 57407
34600, -19073.00, -19100.94, 57285
34605, -19072.00, -19099.31, 57158
34609, -19068.00, -19097.61, 57036
34614, -19068.00, -19095.93, 56912
34618, -19067.00, -19094.36, 56792
34623, -19064.00, -19092.76, 56669
34627, -19064.00, -19091.19, 56547
34632, -19062.00, -19089.63, 56417
34637, -19059.00, -19087.99, 56287
34641, -19058.00, -19086.33, 56155
34646, -19057.00, -19084.73, 56023
34650, -19056.00, -19083.15, 55888
34655, -19054.00, -19081.58, 55754
34659, -19051.00, -19080.02, 55611
34664, -19050.00, -19078.25, 55466
34669, -19050.00, -19076.71, 55315
34673, -19048.00, -19075.07, 55142
34679, -19045.00, -19073.21, 54969
34684, -19043.00, -19071.37, 54785
34690, -19040.00, -19069.37, 54609
34695, -19040.00, -19067.58, 54448
34699, -19038.00, -19066.01, 54287
34703, -19036.00, -19064.44, 54117
34708, -19034.00, -19062.73, 53934
34713, -19032.00, -19061.02, 53756
34718, -19032.00, -19059.37, 53577
34722, -19029.00, -19057.78, 53386
34727, -19028.00, -19056.08, 53181
34732, -19026.00, -19054.40, 52988
34736, -19026.00, -19052.85, 52767
34741, -19024.00, -19051.13, 52562
34746, -19021.00, -19049.51, 52327
34751, -19020.00, -19047.67, 52120
34755, -19016.00, -19046.05, 51884
34761, -19016.00, -19044.12, 51686
34765, -19014.00, -19042.56, 51464
34770, -19013.00, -19040.75, 51251
34775, -19011.00, -19039.02, 51061
34779, -19009.00, -19037.49, 50862
34784, -19006.00, -19035.76, 50674
34789, -19006.00, -19034.02, 50474
34793, -19004.00, -19032.43, 50289
34798, -19001.00, -19030.78, 50112
34802, -19001.00, -19029.16, 49940
34807, -18999.00, -19027.60, 49741
34812, -18996.00, -19025.74, 49544
34817, -18994.00, -19023.85, 49364
34822, -18994.00, -19022.11, 49182
34827, -18990.00, -19020.34, 48983
34832, -18990.00, -19018.37, 48786
34837, -18986.00, -19016.37, 48599
34842, -18984.00, -19014.49, 48431
34847, -18983.00, -19012.74, 48265
34851, -18982.00, -19011.03, 48102
34856, -18977.00, -19009.26, 47942
34861, -18979.00, -19007.53, 47763
34866, -18976.00, -19005.63, 47609
34870, -18973.00, -19003.97, 47441
34875, -18971.00, -19002.06, 47290
34879, -18970.00, -19000.36, 47123
34884, -18968.00, -18998.46, 46967
34889, -18967.00, -18996.71, 46811
34894, -18965.00, -18994.96, 46664
34898, -18963.00, -18993.31, 46521
34902, -18961.00, -18991.65, 46370
34907, -18959.00, -18989.90, 46228
34911, -18958.00, -18988.25, 46083
34916, -18955.00, -18986.54, 45938
34920, -18955.00, -18984.85, 45778
34925, -18951.00, -18982.88, 45607
34930, -18951.00, -18980.93, 45446
34935, -18950.00, -18979.10, 45291
34940, -18946.00, -18977.29, 45116
34945, -18944.00, -18975.16, 44956
34950, -18943.00, -18973.34, 44799
34955, -18941.00, -18971.53, 44585
34962, -18937.00, -18968.84, 44376
34968, -18935.00, -18966.44, 44215
34973, -18932.00, -18964.45, 44051
34977, -18932.00, -18962.49, 43863
34983, -18929.00, -18960.31, 43685
34988, -18927.00, -18958.28, 43520
34993, -18925.00, -18956.39, 43356
34998, -18923.00, -18954.50, 43182
35003, -18920.00, -18952.46, 43008
35008, -18919.00, -18950.48, 42829
35013, -18917.00, -18948.47, 42671
35017, -18915.00, -18946.74, 42508
35022, -18913.00, -18944.94, 42351
35026, -18911.00, -18943.20, 42188
35030, -18909.00, -18941.42, 42007
35035, -18908.00, -18939.45, 41819
35040, -18906.00, -18937.47, 41629
35045, -18904.00, -18935.52, 41433
35050, -18901.00, -18933.51, 41254
35055, -18899.00, -18931.70, 41059
35060, -18898.00, -18929.71, 40866
35065, -18895.00, -18927.73, 40653
35069, -18895.00, -18925.78, 40448
35074, -18891.00, -18923.82, 40258
35079, -18889.00, -18921.98, 40057
35084, -18886.00, -18919.98, 39853
35088, -18885.00, -18918.08, 39617
35093, -18881.00, -18915.80, 39385
35098, -18881.00, -18913.73, 39113
35104, -18877.00, -18911.33, 38858
35109, -18876.00, -18909.09, 38572
35115, -18872.00, -18906.68, 38321
35120, -18870.00, -18904.63, 38077
35124, -18869.00, -18902.64, 37822
35129, -18866.00, -18900.63, 37567
35134, -18865.00, -18898.66, 37307
35138, -18863.00, -18896.76, 37013
35143, -18860.00, -18894.51, 36715
35148, -18858.00, -18892.47, 36352
35154, -18855.00, -18889.94, 36049
35159, -18853.00, -18887.76, 35726
35164, -18852.00, -18885.49, 35437
35169, -18848.00, -18883.29, 35079
35175, -18846.00, -18880.68, 34778
35180, -18844.00, -18878.41, 34481
35186, -18841.00, -18876.00, 34221
35191, -18838.00, -18873.86, 33978
35195, -18836.00, -18871.78, 33729
35200, -18834.00, -18869.51, 33500
35205, -18832.00, -18867.42, 33290
35209, -18830.00, -18865.47, 33091
35214, -18828.00, -18863.50, 32890
35218, -18824.00, -18861.48, 32686
35223, -18823.00, -18859.23, 32495
35227, -18819.00, -18857.18, 32316
35232, -18818.00, -18855.15, 32137
35236, -18817.00, -18853.07, 31957
35241, -18813.00, -18850.85, 31761
35246, -18810.00, -18848.36, 31554
35252, -18807.00, -18845.71, 31374
35257, -18806.00, -18843.34, 31204
35261, -18802.00, -18841.04, 31055
35266, -18801.00, -18838.95, 30904
35270, -18798.00, -18836.82, 30761
35275, -18796.00, -18834.71, 30599
35280, -18793.00, -18832.25, 30440
35285, -18789.00, -18829.71, 30301
35289, -18788.00, -18827.51, 30162
35293, -18786.00, -18825.28, 30028
35298, -18784.00, -18823.12, 29892
35302, -18781.00, -18820.87, 29754
35307, -18778.00, -18818.48, 29597
35313, -18775.00, -18815.67, 29456
35318, -18773.00, -18813.17, 29327
35322, -18770.00, -18810.90, 29207
35326, -18767.00, -18808.64, 29088
35331, -18766.00, -18806.43, 28970
35335, -18763.00, -18804.20, 28854
35339, -18760.00, -18801.94, 28739
35344, -18758.00, -18799.66, 28611
35349, -18754.00, -18797.02, 28483
35354, -18752.00, -18794.40, 28353
35358, -18749.00, -18791.78, 28232
35363, -18746.00, -18789.20, 28114
35368, -18742.00, -18786.61, 27997
35372, -18739.00, -18784.07, 27880
35377, -18737.00, -18781.40, 27763
35382, -18734.00, -18778.70, 27637
35387, -18731.00, -18775.83, 27502
35393, -18727.00, -18772.54, 27379
35398, -18723.00, -18769.81, 27267
35402, -18721.00, -18767.14, 27155
35407, -18717.00, -18764.45, 27038
35412, -18716.00, -18761.63, 26909
35417, -18711.00, -18758.53, 26786
35422, -18706.00, -18755.45, 26669
35427, -18703.00, -18752.54, 26559
35431, -18701.00, -18749.83, 26450
35435, -18698.00, -18747.07, 26343
35440, -18695.00, -18744.37, 26231
35444, -18691.00, -18741.53, 26125
35449, -18689.00, -18738.83, 26018
35453, -18685.00, -18736.03, 25906
35457, -18683.00, -18733.19, 25800
35462, -18678.00, -18730.40, 25691
35466, -18675.00, -18727.55, 25583
35471, -18674.00, -18724.69, 25474
35475, -18670.00, -18721.90, 25343
35480, -18667.00, -18718.47, 25223
35485, -18661.00, -18715.25, 25107
35490, -18658.00, -18712.10, 24981
35495, -18654.00, -18708.71, 24870
35499, -18650.00, -18705.69, 24757
35503, -18646.00, -18702.55, 24640
35508, -18642.00, -18699.26, 24524
35513, -18638.00, -18695.98, 24407
35517, -18634.00, -18692.66, 24289
35522, -18632.00, -18689.21, 24162
35527, -18627.00, -18685.76, 24029
35532, -18622.00, -18681.93, 23901
35536, -18619.00, -18678.37, 23780
35541, -18614.00, -18675.06, 23661
35545, -18611.00, -18671.70, 23541
35550, -18607.00, -18668.39, 23417
35554, -18603.00, -18664.98, 23288
35559, -18598.00, -18661.33, 23153
35563, -18594.00, -18657.79, 23017
35568, -18590.00, -18654.04, 22880
35572, -18586.00, -18650.35, 22736
35577, -18582.00, -18646.63, 22590
35581, -18577.00, -18642.79, 22443
35586, -18574.00, -18638.88, 22284
35591, -18569.00, -18634.98, 22133
35596, -18563.00, -18631.17, 21973
35600, -18558.00, -18627.08, 21805
35605, -18553.00, -18622.86, 21632
35610, -18549.00, -18618.59, 21463
35615, -18543.00, -18614.42, 21285
35620, -18537.00, -18609.94, 21094
35624, -18533.00, -18605.57, 20922
35629, -18529.00, -18601.59, 20750
35633, -18524.00, -18597.64, 20568
35637, -18519.00, -18593.51, 20384
35642, -18513.00, -18589.38, 20197
35646, -18510.00, -18585.23, 20009
35651, -18504.00, -18581.04, 19816
35655, -18498.00, -18576.79, 19622
35659, -18494.00, -18572.47, 19429
35664, -18489.00, -18568.16, 19231
35668, -18484.00, -18563.69, 19031
35673, -18477.00, -18559.04, 18829
35677, -18474.00, -18554.28, 18631
35682, -18468.00, -18549.63, 18439
35687, -18462.00, -18544.87, 18246
35691, -18457.00, -18540.09, 18055
35696, -18451.00, -18535.27, 17867
35700, -18442.00, -18530.20, 17683
35705, -18438.00, -18525.20, 17508
35709, -18431.00, -18520.30, 17334
35714, -18425.00, -18515.30, 17153
35719, -18419.00, -18509.93, 16971
35723, -18412.00, -18504.44, 16798
35728, -18406.00, -18499.04, 16627
35733, -18401.00, -18493.65, 16454
35737, -18394.00, -18488.07, 16281
35742, -18387.00, -18482.43, 16118
35747, -18381.00, -18476.88, 15954
35751, -18373.00, -18471.15, 15789
35756, -18367.00, -18465.31, 15624
35761, -18361.00, -18459.33, 15466
35766, -18354.00, -18453.54, 15306
35770, -18346.00, -18447.43, 15149
35775, -18339.00, -18441.36, 14993
35780, -18332.00, -18435.16, 14820
35785, -18323.00, -18428.27, 14656
35790, -18316.00, -18421.52, 14506
35795, -18310.00, -18415.55, 14368
35799, -18303.00, -18409.80, 14229
35803, -18297.00, -18403.93, 14069
35809, -18289.00, -18397.05, 13924
35813, -18282.00, -18390.79, 13773
35818, -18275.00, -18384.23, 13629
35823, -18267.00, -18377.83, 13483
35827, -18260.00, -18371.32, 13338
35832, -18253.00, -18364.65, 13198
35836, -18246.00, -18358.34, 13043
35842, -18237.00, -18350.99, 12904
35846, -18230.00, -18344.56, 12747
35851, -18222.00, -18337.11, 12600
35856, -18215.00, -18330.32, 12431
35862, -18205.00, -18322.22, 12282
35866, -18197.00, -18315.31, 12138
35871, -18189.00, -18308.37, 11978
35876, -18180.00, -18300.73, 11828
35881, -18171.00, -18293.48, 11684
35885, -18164.00, -18286.52, 11545
35890, -18155.00, -18279.58, 11407
35894, -18147.00, -18272.76, 11242
35899, -18140.00, -18264.64, 11098
35904, -18132.00, -18257.67, 10937
35909, -18123.00, -18249.84, 10777
35913, -18115.00, -18242.13, 10615
35918, -18105.00, -18234.26, 10441
35923, -18098.00, -18226.19, 10272
35928, -18088.00, -18218.08, 10075
35934, -18079.00, -18208.80, 9894
35939, -18069.00, -18200.82, 9715
35944, -18060.00, -18192.73, 9537
35948, -18051.00, -18184.63, 9343
35954, -18042.00, -18175.97, 9170
35958, -18035.00, -18168.31, 8999
35962, -18027.00, -18161.04, 8832
35967, -18019.00, -18153.74, 8663
35971, -18010.00, -18146.35, 8486
35975, -18003.00, -18138.95, 8309
35980, -17996.00, -18131.56, 8105
35985, -17987.00, -18123.20, 7896
35990, -17979.00, -18114.49, 7682
35995, -17971.00, -18106.34, 7478
35999, -17960.00, -18098.20, 7279
36004, -17954.00, -18090.66, 7069
36008, -17946.00, -18082.82, 6863
36013, -17938.00, -18075.37, 6656
36017, -17931.00, -18067.89, 6442
36021, -17922.00, -18060.36, 6224
36026, -17914.00, -18052.86, 6005
36030, -17918.00, -18045.63, 5859
36035, -17927.00, -18038.62, 5815
36039, -17936.00, -18032.57, 5842
36044, -17944.00, -18027.45, 5924
36048, -17952.00, -18023.00, 6047
36053, -17961.00, -18019.13, 6202
36058, -17968.00, -18015.96, 6372
36062, -17977.00, -18013.52, 6552
36067, -17986.00, -18011.71, 6756
36072, -17996.00, -18010.47, 6958
36077, -18004.00, -18009.88, 7153
36081, -18013.00, -18009.80, 7362
36086, -18022.00, -18010.25, 7580
36091, -18034.00, -18011.33, 7787
36096, -18042.00, -18012.90, 7998
36100, -18050.00, -18014.82, 8204
36105, -18059.00, -18017.13, 8429
36111, -18070.00, -18020.22, 8632
36115, -18079.00, -18023.45, 8835
36120, -18088.00, -18027.10, 9020
36125, -18094.00, -18030.72, 9199
36129, -18104.00, -18034.36, 9385
36134, -18112.00, -18038.66, 9569
36139, -18121.00, -18043.22, 9754
36144, -18130.00, -18047.99, 9938
36149, -18140.00, -18053.24, 10106
36153, -18148.00, -18058.12, 10286
36158, -18158.00, -18063.76, 10465
36163, -18166.00, -18069.73, 10626
36167, -18175.00, -18075.10, 10801
36172, -18183.00, -18081.39, 10955
36177, -18193.00, -18087.14, 11131
36182, -18201.00, -18093.84, 11292
36186, -18208.00, -18100.08, 11467
36192, -18219.00, -18107.42, 11635
36196, -18227.00, -18113.96, 11826
36202, -18237.00, -18122.56, 12002
36207, -18245.00, -18129.54, 12157
36212, -18253.00, -18135.95, 12318
36216, -18261.00, -18142.98, 12463
36221, -18270.00, -18149.63, 12637
36226, -18279.00, -18157.46, 12820
36231, -18287.00, -18165.79, 12989
36236, -18295.00, -18173.43, 13147
36241, -18305.00, -18180.83, 13316
36246, -18312.00, -18188.54, 13493
36251, -18321.00, -18196.89, 13667
36257, -18328.00, -18204.87, 13830
36262, -18336.00, -18212.62, 13997
36266, -18345.00, -18220.24, 14170
36272, -18352.00, -18228.29, 14331
36277, -18358.00, -18235.80, 14508
36282, -18368.00, -18244.00, 14686
36287, -18374.00, -18251.96, 14855
36292, -18384.00, -18259.70, 15023
36297, -18389.00, -18267.28, 15188
36302, -18396.00, -18274.52, 15336
36306, -18402.00, -18281.10, 15488
36310, -18407.00, -18287.65, 15638
36315, -18414.00, -18294.17, 15795
36319, -18419.00, -18300.75, 15951
36323, -18427.00, -18307.34, 16105
36328, -18431.00, -18313.82, 16282
36333, -18438.00, -18320.98, 16460
36338, -18445.00, -18328.16, 16642
36342, -18452.00, -18335.26, 16810
36347, -18457.00, -18341.71, 16978
36351, -18462.00, -18348.02, 17154
36356, -18468.00, -18354.44, 17337
36360, -18474.00, -18361.18, 17518
36365, -18478.00, -18367.43, 17706
36370, -18485.00, -18373.93, 17904
36374, -18490.00, -18380.59, 18088
36379, -18496.00, -18386.66, 18288
36383, -18501.00, -18393.05, 18503
36389, -18506.00, -18400.02, 18743
36394, -18514.00, -18407.05, 18973
36399, -18520.00, -18413.69, 19183
36403, -18525.00, -18419.78, 19424
36409, -18531.00, -18426.99, 19654
36414, -18536.00, -18433.32, 19878
36419, -18543.00, -18439.77, 20115
36424, -18547.00, -18446.55, 20312
36429, -18552.00, -18452.38, 20514
36433, -18559.00, -18458.20, 20694
36438, -18562.00, -18463.64, 20873
36442, -18566.00, -18468.94, 21065
36447, -18573.00, -18474.91, 21251
36451, -18576.00, -18480.55, 21422
36456, -18580.00, -18485.85, 21598
36461, -18584.00, -18491.48, 21771
36465, -18590.00, -18496.83, 21942
36470, -18594.00, -18502.39, 22097
36474, -18599.00, -18507.41, 22249
36479, -18601.00, -18512.37, 22399
36483, -18608.00, -18517.44, 22552
36488, -18611.00, -18522.55, 22698
36492, -18615.00, -18527.51, 22874
36498, -18621.00, -18533.77, 23030
36503, -18624.00, -18539.03, 23181
36508, -18629.00, -18544.52, 23334
36513, -18633.00, -18549.83, 23483
36518, -18637.00, -18555.08, 23630
36523, -18642.00, -18560.26, 23779
36529, -18647.00, -18565.69, 23919
36533, -18649.00, -18570.56, 24056
36538, -18654.00, -18575.46, 24201
36544, -18660.00, -18580.72, 24337
36549, -18664.00, -18585.74, 24460
36553, -18667.00, -18590.23, 24578
36558, -18669.00, -18594.52, 24704
36563, -18673.00, -18599.03, 24822
36567, -18677.00, -18603.34, 24944
36572, -18681.00, -18607.65, 25064
36577, -18683.00, -18612.02, 25186
36582, -18689.00, -18616.36, 25296
36586, -18691.00, -18620.26, 25412
36591, -18694.00, -18624.38, 25528
36595, -18698.00, -18628.44, 25638
36600, -18700.00, -18632.21, 25753
36604, -18704.00, -18636.17, 25874
36609, -18706.00, -18640.24, 25980
36614, -18711.00, -18643.92, 26092
36618, -18713.00, -18647.56, 26214
36623, -18717.00, -18651.68, 26331
36628, -18720.00, -18655.46, 26441
36632, -18723.00, -18659.02, 26549
36636, -18725.00, -18662.45, 26678
36642, -18729.00, -18666.69, 26795
36646, -18732.00, -18670.21, 26906
36651, -18736.00, -18673.70, 27014
36655, -18739.00, -18677.09, 27130
36660, -18740.00, -18680.63, 27252
36665, -18745.00, -18684.39, 27363
36669, -18746.00, -18687.70, 27482
36674, -18750.00, -18691.30, 27624
36680, -18753.00, -18695.38, 27753
36685, -18757.00, -18698.97, 27878
36689, -18760.00, -18702.54, 27996
36694, -18761.00, -18705.78, 28120
36699, -18765.00, -18708.99, 28239
36703, -18767.00, -18712.10, 28371
36708, -18771.00, -18715.53, 28503
36713, -18771.00, -18718.85, 28646
36718, -18776.00, -18722.26, 28773
36723, -18780.00, -18725.49, 28898
36727, -18782.00, -18728.46, 29023
36732, -18784.00, -18731.38, 29145
36736, -18787.00, -18734.23, 29269
36740, -18789.00, -18737.07, 29396
36744, -18793.00, -18739.90, 29538
36749, -18796.00, -18743.19, 29680
36754, -18797.00, -18746.26, 29825
36759, -18800.00, -18749.34, 29990
36764, -18803.00, -18752.61, 30134
36769, -18805.00, -18755.46, 30288
36773, -18809.00, -18758.51, 30434
36778, -18810.00, -18761.27, 30592
36783, -18813.00, -18764.12, 30751
36787, -18815.00, -18767.08, 30917
36792, -18818.00, -18769.89, 31098
36797, -18821.00, -18773.06, 31284
36802, -18823.00, -18775.92, 31453
36807, -18826.00, -18778.62, 31638
36812, -18827.00, -18781.48, 31822
36816, -18829.00, -18784.21, 32034
36821, -18831.00, -18787.01, 32230
36826, -18836.00, -18789.68, 32424
36831, -18837.00, -18792.25, 32631
36835, -18840.00, -18794.88, 32833
36840, -18842.00, -18797.43, 33052
36844, -18845.00, -18800.01, 33280
36849, -18849.00, -18802.76, 33510
36854, -18850.00, -18805.32, 33759
36858, -18852.00, -18807.98, 34003
36863, -18854.00, -18810.47, 34248
36867, -18857.00, -18812.89, 34501
36872, -18859.00, -18815.28, 34765
36876, -18860.00, -18817.70, 35040
36881, -18861.00, -18819.99, 35317
36885, -18865.00, -18822.29, 35602
36889, -18866.00, -18824.63, 35893
36894, -18869.00, -18826.96, 36173
36898, -18870.00, -18829.24, 36455
36902, -18873.00, -18831.48, 36734
36907, -18876.00, -18833.80, 37016
36911, -18878.00, -18836.20, 37300
36916, -18879.00, -18838.62, 37577
36921, -18882.00, -18841.00, 37848
36925, -18884.00, -18843.38, 38104
36930, -18885.00, -18845.64, 38358
36935, -18886.00, -18847.91, 38620
36939, -18891.00, -18850.28, 38894
36944, -18892.00, -18852.84, 39132
36949, -18896.00, -18855.18, 39369
36954, -18896.00, -18857.51, 39636
36959, -18899.00, -18860.11, 39862
36964, -18902.00, -18862.43, 40085
36969, -18904.00, -18864.77, 40291
36973, -18905.00, -18866.94, 40502
36978, -18908.00, -18869.15, 40767
36984, -18910.00, -18872.07, 41000
36989, -18912.00, -18874.70, 41267
36995, -18915.00, -18877.54, 41454
37000, -18916.00, -18879.56, 41640
37004, -18918.00, -18881.62, 41819
37009, -18920.00, -18883.62, 41992
37013, -18921.00, -18885.56, 42162
37017, -18924.00, -18887.50, 42335
37022, -18925.00, -18889.50, 42520
37026, -18929.00, -18891.68, 42708
37031, -18932.00, -18894.03, 42877
37036, -18933.00, -18896.13, 43061
37041, -18934.00, -18898.35, 43238
37045, -18937.00, -18900.50, 43399
37050, -18939.00, -18902.53, 43560
37054, -18942.00, -18904.57, 43721
37059, -18942.00, -18906.65, 43893
37063, -18946.00, -18908.79, 44051
37068, -18946.00, -18910.79, 44229
37073, -18947.00, -18913.02, 44416
37078, -18952.00, -18915.33, 44578
37083, -18952.00, -18917.37, 44758
37088, -18956.00, -18919.72, 44939
37093, -18957.00, -18922.03, 45100
37098, -18958.00, -18923.96, 45259
37102, -18962.00, -18925.94, 45425
37107, -18964.00, -18928.15, 45612
37112, -18965.00, -18930.46, 45807
37118, -18968.00, -18933.01, 45978
37123, -18969.00, -18935.09, 46167
37128, -18971.00, -18937.35, 46339
37133, -18974.00, -18939.41, 46503
37138, -18975.00, -18941.49, 46674
37142, -18978.00, -18943.46, 46833
37147, -18979.00, -18945.42, 46994
37151, -18982.00, -18947.32, 47147
37156, -18984.00, -18949.22, 47306
37160, -18983.00, -18951.05, 47459
37164, -18987.00, -18952.83, 47614
37169, -18989.00, -18954.73, 47796
37174, -18990.00, -18956.86, 47963
37178, -18992.00, -18958.71, 48138
37183, -18994.00, -18960.71, 48314
37188, -18995.00, -18962.71, 48482
37192, -18997.00, -18964.50, 48647
37197, -19000.00, -18966.34, 48817
37201, -19001.00, -18968.18, 49000
37206, -19001.00, -18970.09, 49174
37210, -19004.00, -18971.88, 49354
37215, -19007.00, -18973.73, 49534
37219, -19008.00, -18975.59, 49755
37225, -19010.00, -18977.82, 49971
37230, -19012.00, -18979.91, 50173
37235, -19015.00, -18981.89, 50368
37240, -19015.00, -18983.74, 50579
37245, -19019.00, -18985.74, 50825
37250, -19021.00, -18988.03, 51029
37255, -19021.00, -18989.85, 51245
37259, -19024.00, -18991.76, 51483
37264, -19026.00, -18993.78, 51715
37269, -19027.00, -18995.71, 51945
37274, -19029.00, -18997.56, 52169
37279, -19031.00, -18999.42, 52407
37283, -19034.00, -19001.40, 52633
37288, -19036.00, -19003.36, 52848
37293, -19037.00, -19005.22, 53061
37297, -19037.00, -19007.03, 53257
37302, -19042.00, -19008.77, 53444
37306, -19042.00, -19010.52, 53656
37311, -19043.00, -19012.47, 53840
37316, -19046.00, -19014.21, 54024
37320, -19047.00, -19015.94, 54196
37324, -19049.00, -19017.63, 54374
37329, -19050.00, -19019.41, 54554
37334, -19052.00, -19021.26, 54722
37338, -19053.00, -19022.96, 54881
37342, -19057.00, -19024.66, 55059
37348, -19057.00, -19026.70, 55215
37352, -19059.00, -19028.38, 55363
37356, -19061.00, -19030.06, 55508
37361, -19064.00, -19031.79, 55653
37365, -19064.00, -19033.50, 55792
37369, -19065.00, -19035.16, 55932
37374, -19067.00, -19036.80, 56065
37378, -19069.00, -19038.46, 56199
37383, -19072.00, -19040.20, 56335
37387, -19072.00, -19041.92, 56468
37391, -19074.00, -19043.58, 56598
37396, -19076.00, -19045.28, 56728
37400, -19077.00, -19046.93, 56852
37404, -19078.00, -19048.53, 56978
37409, -19079.00, -19050.12, 57101
37413, -19083.00, -19051.74, 57225
37417, -19084.00, -19053.41, 57347
37422, -19085.00, -19055.05, 57470
37426, -19087.00, -19056.71, 57593
37430, -19088.00, -19058.35, 57714
37435, -19090.00, -19059.97, 57838
37439, -19092.00, -19061.65, 57957
37443, -19093.00, -19063.28, 58084
37448, -19097.00, -19065.04, 58201
37452, -19097.00, -19066.74, 58333
37457, -19098.00, -19068.54, 58460
37462, -19102.00, -19070.34, 58582
37466, -19103.00, -19072.06, 58702
37471, -19104.00, -19073.76, 58822
37475, -19105.00, -19075.39, 58947
37480, -19108.00, -19077.15, 59070
37484, -19110.00, -19078.88, 59190
37488, -19109.00, -19080.54, 59333
37494, -19112.00, -19082.46, 59461
37498, -19115.00, -19084.23, 59590
37503, -19117.00, -19086.00, 59714
37507, -19118.00, -19087.74, 59842
37512, -19121.00, -19089.55, 59973
37517, -19123.00, -19091.49, 60105
37522, -19124.00, -19093.34, 60222
37526, -19126.00, -19095.01, 60345
37531, -19128.00, -19096.73, 60470
37535, -19128.00, -19098.45, 60615
37540, -19130.00, -19100.44, 60750
37545, -19132.00, -19102.11, 60881
37549, -19134.00, -19103.83, 61024
37554, -19135.00, -19105.68, 61166
37559, -19136.00, -19107.44, 61312
37564, -19141.00, -19109.29, 61442
37568, -19141.00, -19110.97, 61572
37573, -19142.00, -19112.60, 61704
37577, -19144.00, -19114.21, 61840
37581, -19146.00, -19115.83, 61975
37586, -19149.00, -19117.51, 62114
37590, -19149.00, -19119.16, 62253
37594, -19150.00, -19120.76, 62396
37599, -19152.00, -19122.36, 62544
37603, -19155.00, -19124.03, 62696
37607, -19157.00, -19125.76, 62847
37612, -19158.00, -19127.46, 63003
37616, -19160.00, -19129.17, 63164
37621, -19161.00, -19130.87, 63333
37625, -19163.00, -19132.63, 63513
37630, -19164.00, -19134.38, 63697
37635, -19166.00, -19136.14, 63883
37639, -19169.00, -19137.92, 64069
37644, -19170.00, -19139.70, 64250
37648, -19171.00, -19141.32, 64439
37653, -19173.00, -19142.98, 64638
37657, -19175.00, -19144.70, 64837
37662, -19177.00, -19146.35, 65039
37666, -19179.00, -19148.04, 65253
37670, -19181.00, -19149.76, 65466
37675, -19182.00, -19151.43, 65689
37679, -19184.00, -19153.11, 65919
37683, -19185.00, -19154.77, 66169
37688, -19188.00, -19156.57, 66425
37692, -19190.00, -19158.34, 66690
37697, -19191.00, -19160.12, 66959
37701, -19193.00, -19161.84, 67243
37706, -19193.00, -19163.54, 67542
37710, -19197.00, -19165.28, 67869
37715, -19198.00, -19167.19, 68184
37720, -19199.00, -19168.89, 68496
37724, -19200.00, -19170.55, 68803
37728, -19204.00, -19172.21, 69107
37733, -19205.00, -19173.95, 69405
37737, -19206.00, -19175.65, 69704
37742, -19207.00, -19177.29, 69994
37746, -19210.00, -19178.96, 70276
37750, -19212.00, -19180.65, 70551
37755, -19213.00, -19182.35, 70818
37759, -19214.00, -19183.99, 71078
37763, -19218.00, -19185.69, 71331
37768, -19219.00, -19187.44, 71580
37772, -19220.00, -19189.13, 71829
37776, -19222.00, -19190.90, 72068
37781, -19224.00, -19192.62, 72308
37785, -19225.00, -19194.41, 72540
37790, -19228.00, -19196.21, 72774
37795, -19229.00, -19198.01, 73017
37800, -19231.00, -19199.97, 73253
37805, -19233.00, -19201.91, 73481
37810, -19236.00, -19203.90, 73689
37814, -19237.00, -19205.69, 73905
37819, -19239.00, -19207.65, 74106
37824, -19242.00, -19209.49, 74316
37829, -19242.00, -19211.45, 74522
37834, -19244.00, -19213.41, 74728
37839, -19246.00, -19215.35, 74913
37844, -19248.00, -19217.31, 75136
37849, -19250.00, -19219.45, 75315
37854, -19251.00, -19221.14, 75480
37858, -19253.00, -19222.80, 75648
37863, -19255.00, -19224.52, 75809
37867, -19258.00, -19226.26, 75982
37872, -19257.00, -19228.12, 76142
37876, -19260.00, -19229.73, 76322
37882, -19264.00, -19231.78, 76486
37886, -19265.00, -19233.65, 76635
37891, -19265.00, -19235.31, 76797
37895, -19267.00, -19237.11, 76951
37900, -19270.00, -19238.84, 77103
37904, -19272.00, -19240.56, 77252
37909, -19273.00, -19242.33, 77412
37913, -19274.00, -19244.08, 77557
37918, -19277.00, -19245.76, 77738
37923, -19279.00, -19247.88, 77909
37928, -19282.00, -19249.93, 78078
37933, -19283.00, -19251.93, 78257
37939, -19286.00, -19254.05, 78418
37944, -19287.00, -19255.98, 78575
37949, -19290.00, -19257.92, 78740
37953, -19292.00, -19259.90, 78905
37959, -19293.00, -19261.92, 79064
37963, -19296.00, -19263.84, 79219
37968, -19298.00, -19265.73, 79371
37973, -19299.00, -19267.61, 79528
37978, -19299.00, -19269.45, 79694
37983, -19305.00, -19271.42, 79846
37987, -19306.00, -19273.37, 80020
37992, -19309.00, -19275.50, 80190
37998, -19307.00, -19277.56, 80347
38002, -19312.00, -19279.35, 80502
38007, -19313.00, -19281.21, 80648
38011, -19314.00, -19282.94, 80819
38016, -19317.00, -19284.96, 80982
38021, -19319.00, -19286.88, 81147
38026, -19322.00, -19288.82, 81300
38030, -19325.00, -19290.68, 81451
38034, -19326.00, -19292.53, 81604
38039, -19327.00, -19294.34, 81778
38044, -19331.00, -19296.40, 81955
38049, -19331.00, -19298.47, 82116
38053, -19333.00, -19300.27, 82280
38057, -19335.00, -19302.08, 82449
38062, -19338.00, -19303.99, 82618
38066, -19340.00, -19305.88, 82799
38071, -19342.00, -19307.93, 82973
38076, -19344.00, -19309.84, 83148
38080, -19345.00, -19311.71, 83328
38084, -19348.00, -19313.63, 83524
38089, -19349.00, -19315.76, 83719
38094, -19352.00, -19317.75, 83944
38099, -19354.00, -19320.00, 84149
38104, -19357.00, -19322.06, 84363
38109, -19359.00, -19324.25, 84578
38114, -19361.00, -19326.41, 84844
38120, -19364.00, -19329.00, 85043
38125, -19366.00, -19331.03, 85247
38129, -19368.00, -19333.09, 85451
38134, -19370.00, -19335.17, 85696
38140, -19374.00, -19337.78, 85879
38144, -19375.00, -19339.80, 86057
38149, -19378.00, -19341.79, 86230
38153, -19379.00, -19343.79, 86400
38158, -19382.00, -19345.76, 86564
38162, -19383.00, -19347.75, 86736
38167, -19386.00, -19349.92, 86893
38172, -19387.00, -19351.99, 87039
38176, -19389.00, -19353.96, 87190
38181, -19391.00, -19356.13, 87321
38186, -19394.00, -19358.11, 87439
38190, -19395.00, -19360.04, 87551
38194, -19396.00, -19361.93, 87667
38199, -19397.00, -19363.99, 87773
38204, -19399.00, -19365.91, 87874
38208, -19400.00, -19367.81, 87967
38213, -19400.00, -19369.64, 88054
38217, -19401.00, -19371.29, 88151
38223, -19403.00, -19373.27, 88238
38227, -19404.00, -19375.02, 88313
38232, -19405.00, -19376.59, 88389
38236, -19407.00, -19378.20, 88463
38241, -19408.00, -19379.78, 88543
38246, -19410.00, -19381.55, 88624
38251, -19412.00, -19383.34, 88702
38256, -19414.00, -19385.12, 88783
38261, -19415.00, -19386.94, 88858
38266, -19417.00, -19388.69, 88931
38271, -19417.00, -19390.39, 89011
38276, -19418.00, -19392.12, 89095
38281, -19421.00, -19393.82, 89164
38286, -19421.00, -19395.40, 89243
38291, -19423.00, -19397.10, 89312
38295, -19427.00, -19398.66, 89377
38300, -19426.00, -19400.16, 89446
38305, -19427.00, -19401.67, 89511
38309, -19429.00, -19403.08, 89580
38314, -19432.00, -19404.66, 89651
38318, -19432.00, -19406.19, 89718
38323, -19433.00, -19407.60, 89787
38327, -19434.00, -19409.00, 89857
38332, -19437.00, -19410.47, 89925
38336, -19440.00, -19411.94, 89994
38340, -19441.00, -19413.45, 90066
38345, -19443.00, -19414.97, 90140
38349, -19446.00, -19416.53, 90217
38353, -19447.00, -19418.22, 90294
38358, -19449.00, -19419.82, 90376
38363, -19452.00, -19421.59, 90461
38367, -19452.00, -19423.31, 90541
38372, -19456.00, -19424.99, 90620
38376, -19457.00, -19426.66, 90698
38380, -19461.00, -19428.37, 90779
38385, -19461.00, -19430.09, 90859
38389, -19464.00, -19431.80, 90940
38393, -19466.00, -19433.53, 91024
38398, -19468.00, -19435.33, 91110
38402, -19471.00, -19437.23, 91198
38407, -19475.00, -19439.16, 91282
38411, -19476.00, -19441.06, 91366
38415, -19478.00, -19442.95, 91454
38419, -19482.00, -19444.90, 91541
38424, -19485.00, -19446.93, 91629
38428, -19487.00, -19448.97, 91719
38432, -19488.00, -19451.03, 91808
38437, -19490.00, -19453.03, 91898
38441, -19496.00, -19455.12, 91988
38445, -19498.00, -19457.33, 92080
38450, -19501.00, -19459.58, 92172
38454, -19506.00, -19461.89, 92266
38458, -19508.00, -19464.30, 92360
38463, -19509.00, -19466.65, 92453
38467, -19512.00, -19468.95, 92545
38471, -19515.00, -19471.30, 92641
38476, -19520.00, -19473.76, 92734
38480, -19522.00, -19476.25, 92827
38484, -19526.00, -19478.77, 92935
38489, -19530.00, -19481.76, 93034
38494, -19533.00, -19484.42, 93138
38498, -19536.00, -19487.37, 93245
38503, -19541.00, -19490.23, 93354
38508, -19544.00, -19493.28, 93458
38512, -19547.00, -19496.15, 93560
38517, -19551.00, -19498.99, 93668
38521, -19554.00, -19501.98, 93779
38526, -19560.00, -19505.18, 93883
38530, -19560.00, -19508.09, 93989
38535, -19566.00, -19511.06, 94099
38539, -19571.00, -19514.29, 94219
38544, -19574.00, -19517.68, 94342
38549, -19579.00, -19521.19, 94460
38554, -19583.00, -19524.53, 94579
38558, -19585.00, -19528.02, 94704
38563, -19591.00, -19531.37, 94824
38568, -19595.00, -19534.84, 94972
38573, -19600.00, -19538.94, 95110
38578, -19605.00, -19542.90, 95250
38583, -19610.00, -19546.83, 95383
38588, -19614.00, -19550.48, 95515
38592, -19619.00, -19554.22, 95667
38598, -19625.00, -19558.70, 95813
38603, -19630.00, -19562.77, 95946
38607, -19634.00, -19566.54, 96089
38612, -19639.00, -19570.52, 96235
38616, -19645.00, -19574.61, 96397
38621, -19648.00, -19579.01, 96566
38627, -19656.00, -19583.82, 96725
38632, -19661.00, -19588.24, 96884
38636, -19666.00, -19592.33, 97072
38642, -19674.00, -19597.49, 97245
38647, -19678.00, -19602.13, 97438
38652, -19685.00, -19607.19, 97631
38657, -19689.00, -19612.04, 97834
38662, -19695.00, -19617.00, 98028
38667, -19703.00, -19621.78, 98228
38672, -19708.00, -19626.79, 98454
38677, -19713.00, -19631.96, 98710
38683, -19723.00, -19638.23, 98973
38688, -19729.00, -19644.00, 99220
38693, -19735.00, -19649.41, 99478
38698, -19743.00, -19654.90, 99738
38703, -19749.00, -19660.62, 99990
38708, -19754.00, -19665.61, 100285
38713, -19764.00, -19671.62, 100576
38718, -19771.00, -19677.31, 100879
38723, -19776.00, -19683.25, 101192
38728, -19785.00, -19689.23, 101475
38732, -19790.00, -19694.60, 101741
38737, -19797.00, -19699.79, 102023
38741, -19803.00, -19705.46, 102308
38746, -19811.00, -19711.26, 102568
38750, -19820.00, -19716.83, 102848
38755, -19825.00, -19723.14, 103142
38760, -19834.00, -19729.73, 103428
38765, -19840.00, -19736.28, 103687
38770, -19849.00, -19742.61, 103932
38775, -19856.00, -19748.62, 104168
38779, -19863.00, -19754.71, 104392
38784, -19868.00, -19760.68, 104643
38789, -19877.00, -19767.50, 104860
38793, -19885.00, -19773.63, 105087
38798, -19893.00, -19780.30, 105306
38802, -19900.00, -19786.90, 105537
38808, -19909.00, -19794.21, 105765
38812, -19918.00, -19801.36, 105964
38817, -19926.00, -19808.04, 106175
38822, -19934.00, -19815.46, 106396
38827, -19943.00, -19823.05, 106592
38832, -19950.00, -19830.22, 106784
38836, -19959.00, -19837.23, 106993
38842, -19968.00, -19845.21, 107176
38846, -19976.00, -19852.31, 107367
38851, -19985.00, -19859.98, 107537
38856, -19991.00, -19867.08, 107706
38860, -20001.00, -19873.91, 107874
38864, -20009.00, -19881.13, 108041
38869, -20017.00, -19888.43, 108207
38874, -20023.00, -19895.77, 108391
38879, -20031.00, -19903.88, 108560
38883, -20040.00, -19911.48, 108731
38888, -20050.00, -19919.55, 108895
38893, -20058.00, -19927.05, 109070
38898, -20068.00, -19935.42, 109222
38902, -20074.00, -19942.88, 109382
38907, -20084.00, -19950.71, 109552
38912, -20091.00, -19958.99, 109696
38917, -20102.00, -19966.32, 109860
38921, -20109.00, -19974.60, 110015
38926, -20117.00, -19982.55, 110183
38931, -20127.00, -19991.25, 110356
38936, -20135.00, -19999.96, 110510
38941, -20144.00, -20007.85, 110681
38946, -20155.00, -20016.69, 110826
38950, -20162.00, -20024.30, 110985
38955, -20171.00, -20032.73, 111153
38961, -20180.00, -20041.75, 111306
38965, -20186.00, -20049.83, 111475
38970, -20196.00, -20058.81, 111638
38975, -20204.00, -20067.29, 111806
38981, -20214.00, -20076.33, 111982
38986, -20222.00, -20085.37, 112157
38991, -20231.00, -20094.66, 112327
38997, -20241.00, -20103.81, 112486
39001, -20248.00, -20111.91, 112661
39007, -20256.00, -20121.20, 112844
39012, -20266.00, -20130.34, 113001
39017, -20274.00, -20138.71, 113183
39023, -20284.00, -20148.08, 113363
39028, -20292.00, -20157.03, 113525
39033, -20298.00, -20164.99, 113713
39038, -20306.00, -20173.97, 113887
39043, -20315.00, -20182.39, 114099
39049, -20324.00, -20192.62, 114292
39055, -20333.00, -20201.46, 114488
39060, -20342.00, -20210.40, 114683
39066, -20351.00, -20219.86, 114894
39071, -20359.00, -20228.65, 115087
39076, -20368.00, -20237.07, 115283
39081, -20376.00, -20245.34, 115464
39086, -20382.00, -20252.83, 115641
39090, -20388.00, -20260.16, 115830
39095, -20394.00, -20267.66, 116015
39100, -20402.00, -20274.82, 116197
39104, -20408.00, -20281.75, 116389
39109, -20413.00, -20289.07, 116585
39113, -20420.00, -20296.09, 116776
39117, -20428.00, -20302.92, 116972
39122, -20434.00, -20309.82, 117176
39126, -20440.00, -20316.66, 117399
39131, -20446.00, -20324.28, 117623
39136, -20453.00, -20331.53, 117828
39140, -20458.00, -20338.24, 118034
39145, -20465.00, -20344.88, 118233
39149, -20471.00, -20351.47, 118452
39154, -20478.00, -20358.81, 118673
39159, -20483.00, -20366.24, 118859
39163, -20491.00, -20372.74, 119049
39168, -20496.00, -20379.29, 119255
39173, -20502.00, -20386.66, 119435
39177, -20508.00, -20392.93, 119608
39182, -20514.00, -20399.19, 119777
39186, -20521.00, -20405.56, 119967
39191, -20526.00, -20412.94, 120150
39196, -20531.00, -20419.82, 120313
39200, -20537.00, -20425.98, 120502
39206, -20544.00, -20433.39, 120675
39211, -20549.00, -20440.29, 120839
39216, -20555.00, -20446.80, 121006
39221, -20562.00, -20454.19, 121182
39226, -20568.00, -20460.96, 121348
39231, -20572.00, -20467.87, 121498
39236, -20578.00, -20474.02, 121640
39241, -20584.00, -20480.18, 121800
39246, -20591.00, -20487.26, 121944
39251, -20594.00, -20493.31, 122088
39256, -20600.00, -20499.63, 122229
39260, -20603.00, -20505.54, 122371
39265, -20610.00, -20511.68, 122510
39270, -20614.00, -20517.66, 122642
39275, -20619.00, -20523.58, 122782
39280, -20624.00, -20529.55, 122903
39285, -20629.00, -20534.68, 123036
39289, -20634.00, -20540.40, 123163
39294, -20638.00, -20546.11, 123290
39299, -20642.00, -20551.42, 123407
39304, -20647.00, -20556.70, 123542
39309, -20650.00, -20562.22, 123664
39313, -20655.00, -20567.38, 123793
39318, -20660.00, -20572.90, 123917
39323, -20667.00, -20578.20, 124043
39328, -20669.00, -20583.54, 124163
39333, -20674.00, -20588.48, 124276
39337, -20676.00, -20593.21, 124401
39342, -20681.00, -20598.20, 124523
39347, -20685.00, -20603.24, 124638
39351, -20689.00, -20607.86, 124755
39356, -20692.00, -20612.50, 124884
39361, -20697.00, -20617.52, 125007
39366, -20702.00, -20622.41, 125127
39370, -20705.00, -20627.07, 125241
39375, -20708.00, -20631.49, 125370
39380, -20712.00, -20636.32, 125489
