7409, 2042, -3, 2042
7413, 2042, -3, 2042
7416, 2042, -3, 2042
7420, 2042, -3, 2043
7424, 2042, -5, 2043
7428, 2042, -9, 2043
7431, 2042, -16, 2043
7435, 2042, -21, 2042
7439, 2042, -27, 2043
7443, 2042, -34, 2042
7447, 2042, -45, 2041
7450, 2041, -68, 2041
7454, 2041, -92, 2039
7458, 2040, -112, 2038
7462, 2039, -130, 2038
7465, 2038, -151, 2038
7469, 2038, -184, 2037
7473, 2037, -222, 2034
7476, 2036, -254, 2034
7480, 2035, -279, 2032
7483, 2033, -304, 2032
7487, 2032, -339, 2032
7491, 2031, -387, 2029
7495, 2030, -432, 2028
7498, 2030, -469, 2029
7502, 2029, -500, 2029
7505, 2028, -535, 2026
7509, 2027, -578, 2025
7512, 2026, -628, 2023
7515, 2025, -672, 2025
7519, 2024, -708, 2024
7522, 2023, -742, 2021
7525, 2022, -780, 2021
7529, 2022, -826, 2019
7532, 2020, -888, 2017
7536, 2019, -934, 2017
7539, 2018, -986, 2017
7543, 2017, -1028, 2015
7547, 2016, -1073, 2014
7550, 2014, -1130, 2011
7554, 2013, -1199, 2010
7558, 2012, -1256, 2010
7562, 2011, -1298, 2010
7566, 2010, -1355, 2009
7570, 2008, -1436, 2005
7575, 2007, -1509, 2004
7579, 2006, -1560, 2003
7583, 2005, -1617, 2004
7588, 2003, -1691, 2000
7593, 2001, -1758, 1997
7596, 2000, -1809, 1997
7600, 1999, -1854, 1997
7603, 1997, -1894, 1996
7606, 1996, -1944, 1995
7610, 1995, -2002, 1992
7613, 1994, -2065, 1991
7617, 1992, -2120, 1990
7620, 1991, -2166, 1991
7624, 1990, -2211, 1990
7628, 1989, -2281, 1987
7632, 1988, -2345, 1984
7636, 1987, -2414, 1983
7641, 1985, -2458, 1984
7644, 1984, -2505, 1983
7648, 1983, -2566, 1982
7652, 1981, -2645, 1977
7657, 1981, -2696, 1979
7660, 1979, -2751, 1978
7665, 1978, -2800, 1976
7669, 1976, -2877, 1974
7674, 1975, -2937, 1971
7677, 1974, -2996, 1972
7682, 1972, -3040, 1970
7685, 1971, -3099, 1970
7690, 1969, -3174, 1965
7695, 1968, -3240, 1963
7699, 1966, -3296, 1964
7704, 1965, -3341, 1964
7708, 1963, -3384, 1961
7711, 1961, -3442, 1957
7715, 1960, -3496, 1958
7718, 1959, -3535, 1958
7722, 1958, -3574, 1956
7725, 1957, -3612, 1956
7728, 1956, -3658, 1954
7732, 1954, -3716, 1950
7735, 1953, -3764, 1952
7739, 1952, -3817, 1951
7744, 1951, -3864, 1949
7748, 1949, -3915, 1947
7752, 1948, -3973, 1944
7755, 1946, -4019, 1943
7759, 1945, -4058, 1945
7763, 1944, -4095, 1944
7766, 1943, -4139, 1942
7770, 1942, -4187, 1938
7773, 1941, -4240, 1937
7777, 1939, -4282, 1937
7780, 1938, -4320, 1936
7784, 1936, -4354, 1936
7787, 1935, -4392, 1933
7790, 1934, -4439, 1931
7794, 1933, -4482, 1931
7797, 1932, -4518, 1930
7800, 1931, -4551, 1930
7803, 1930, -4585, 1929
7807, 1929, -4624, 1928
7810, 1928, -4669, 1924
7813, 1926, -4714, 1922
7817, 1925, -4749, 1923
7820, 1924, -4782, 1923
7823, 1923, -4816, 1923
7827, 1922, -4859, 1920
7831, 1921, -4910, 1917
7834, 1920, -4966, 1917
7839, 1918, -5010, 1917
7843, 1917, -5048, 1917
7847, 1916, -5087, 1914
7851, 1915, -5141, 1910
7855, 1913, -5195, 1911
7860, 1912, -5241, 1909
7864, 1910, -5272, 1909
7867, 1909, -5323, 1906
7872, 1907, -5376, 1903
7876, 1906, -5426, 1903
7881, 1904, -5459, 1903
7884, 1903, -5504, 1901
7889, 1901, -5561, 1898
7894, 1900, -5607, 1897
7897, 1899, -5642, 1896
7901, 1897, -5681, 1897
7906, 1896, -5725, 1894
7910, 1894, -5769, 1890
7914, 1893, -5808, 1891
7917, 1892, -5841, 1890
7921, 1890, -5868, 1889
7924, 1889, -5898, 1889
7927, 1889, -5932, 1887
7931, 1887, -5978, 1884
7935, 1886, -6023, 1883
7939, 1885, -6064, 1885
7943, 1884, -6092, 1882
7947, 1883, -6128, 1881
7950, 1881, -6167, 1878
7954, 1880, -6208, 1876
7957, 1878, -6243, 1876
7961, 1877, -6272, 1877
7964, 1876, -6301, 1875
7968, 1875, -6338, 1873
7971, 1874, -6378, 1870
7975, 1873, -6413, 1870
7978, 1871, -6443, 1870
7981, 1870, -6472, 1870
7985, 1869, -6504, 1869
7989, 1869, -6545, 1866
7994, 1867, -6597, 1863
7998, 1866, -6630, 1863
8002, 1864, -6655, 1862
8005, 1863, -6685, 1862
8009, 1862, -6717, 1860
8014, 1861, -6749, 1859
8018, 1860, -6783, 1857
8021, 1858, -6818, 1856
8025, 1857, -6848, 1856
8030, 1856, -6869, 1855
8034, 1855, -6887, 1854
8037, 1855, -6903, 1856
8041, 1855, -6923, 1854
8044, 1854, -6946, 1852
8047, 1853, -6976, 1850
8051, 1852, -7006, 1849
8054, 1850, -7029, 1849
8058, 1849, -7054, 1849
8063, 1849, -7072, 1849
8067, 1849, -7084, 1849
8070, 1849, -7100, 1849
8075, 1849, -7116, 1849
8079, 1848, -7130, 1847
8083, 1848, -7146, 1846
8086, 1847, -7165, 1844
8089, 1845, -7190, 1843
8093, 1844, -7217, 1843
8097, 1843, -7236, 1843
8101, 1843, -7254, 1843
8105, 1842, -7270, 1842
8110, 1842, -7283, 1841
8114, 1842, -7291, 1843
8118, 1842, -7300, 1843
8123, 1842, -7308, 1842
8127, 1842, -7317, 1842
8131, 1842, -7328, 1841
8134, 1841, -7338, 1839
8137, 1840, -7349, 1839
8141, 1840, -7362, 1839
8144, 1839, -7377, 1837
8147, 1838, -7393, 1837
8151, 1837, -7411, 1835
8154, 1836, -7425, 1836
8159, 1836, -7436, 1836
8162, 1836, -7443, 1837
8165, 1836, -7450, 1837
8169, 1836, -7456, 1834
8172, 1836, -7460, 1836
8176, 1836, -7465, 1836
8179, 1835, -7468, 1836
8182, 1835, -7471, 1836
8186, 1836, -7475, 1836
8189, 1836, -7477, 1836
8192, 1836, -7480, 1837
8195, 1836, -7482, 1835
8198, 1835, -7485, 1835
8201, 1835, -7488, 1835
8205, 1835, -7491, 1836
8208, 1835, -7496, 1834
8211, 1835, -7502, 1835
8215, 1834, -7508, 1834
8218, 1834, -7515, 1834
8221, 1834, -7524, 1833
8225, 1833, -7533, 1831
8228, 1832, -7543, 1831
8231, 1832, -7552, 1832
8235, 1831, -7566, 1831
8239, 1831, -7576, 1830
8243, 1830, -7585, 1830
8246, 1830, -7595, 1829
8249, 1830, -7602, 1830
8253, 1829, -7614, 1828
8257, 1829, -7624, 1829
8262, 1828, -7633, 1828
8266, 1828, -7638, 1829
8269, 1828, -7644, 1829
8274, 1828, -7647, 1829
8278, 1828, -7650, 1827
8283, 1828, -7652, 1829
8287, 1828, -7653, 1829
8290, 1828, -7654, 1829
8295, 1828, -7655, 1828
8299, 1828, -7657, 1829
8303, 1828, -7657, 1828
8306, 1828, -7658, 1828
8311, 1828, -7659, 1829
8316, 1828, -7659, 1828
8320, 1828, -7661, 1829
8325, 1828, -7661, 1829
8329, 1828, -7661, 1827
8333, 1828, -7661, 1828
8337, 1828, -7661, 1829
8342, 1828, -7662, 1829
8346, 1828, -7662, 1829
8350, 1828, -7661, 1829
8354, 1828, -7661, 1827
8357, 1828, -7661, 1828
8360, 1828, -7661, 1829
8364, 1828, -7661, 1828
8367, 1828, -7661, 1828
8371, 1828, -7662, 1829
8374, 1828, -7662, 1830
8379, 1828, -7663, 1829
8383, 1829, -7665, 1829
8387, 1829, -7664, 1828
8392, 1829, -7665, 1829
8396, 1828, -7666, 1829
8400, 1828, -7666, 1829
8404, 1828, -7667, 1829
8408, 1828, -7667, 1828
8412, 1828, -7667, 1828
8417, 1828, -7668, 1828
8421, 1828, -7668, 1828
8425, 1828, -7669, 1829
8430, 1828, -7669, 1828
8433, 1828, -7670, 1828
8438, 1828, -7671, 1828
8443, 1828, -7673, 1828
8447, 1828, -7674, 1828
8450, 1828, -7675, 1828
8455, 1828, -7678, 1828
8460, 1827, -7679, 1827
8465, 1827, -7682, 1827
8468, 1827, -7683, 1828
8471, 1827, -7685, 1828
8475, 1827, -7687, 1828
8478, 1827, -7690, 1827
8482, 1827, -7692, 1827
8485, 1827, -7694, 1827
8489, 1827, -7696, 1828
8494, 1827, -7698, 1827
8497, 1827, -7701, 1826
8501, 1827, -7704, 1827
8505, 1827, -7705, 1827
8509, 1826, -7707, 1826
8512, 1826, -7709, 1826
8517, 1826, -7712, 1826
8521, 1826, -7713, 1826
8525, 1826, -7716, 1826
8529, 1826, -7717, 1826
8533, 1826, -7720, 1827
8538, 1826, -7721, 1825
8543, 1826, -7723, 1826
8547, 1826, -7725, 1826
8551, 1826, -7728, 1826
8556, 1825, -7729, 1826
10570, 1825, -7737, 1825
10574, 1825, -7736, 1826
10577, 1825, -7735, 1825
10580, 1825, -7735, 1826
10583, 1825, -7737, 1826
10586, 1825, -7742, 1823
10590, 1824, -7755, 1822
10593, 1823, -7778, 1820
10596, 1822, -7797, 1819
10599, 1820, -7814, 1820
10602, 1819, -7830, 1818
10606, 1819, -7848, 1818
10609, 1818, -7871, 1815
10612, 1816, -7902, 1813
10615, 1815, -7929, 1813
10619, 1814, -7953, 1813
10622, 1813, -7974, 1811
10625, 1812, -7997, 1812
10628, 1811, -8023, 1808
10631, 1809, -8056, 1805
10635, 1808, -8084, 1805
10638, 1807, -8109, 1806
10641, 1806, -8131, 1806
10644, 1805, -8152, 1804
10648, 1804, -8178, 1803
10651, 1803, -8211, 1799
10654, 1802, -8244, 1798
10657, 1800, -8272, 1799
10661, 1799, -8294, 1798
10664, 1798, -8316, 1798
10667, 1797, -8340, 1796
10670, 1796, -8368, 1793
10673, 1795, -8402, 1791
10677, 1794, -8429, 1793
10680, 1793, -8451, 1792
10683, 1792, -8474, 1792
10686, 1791, -8499, 1788
10690, 1790, -8527, 1788
10693, 1788, -8557, 1783
10696, 1787, -8585, 1786
10699, 1786, -8610, 1786
10702, 1785, -8631, 1784
10706, 1784, -8652, 1782
10709, 1783, -8680, 1780
10712, 1782, -8714, 1778
10715, 1780, -8744, 1778
10719, 1779, -8769, 1778
10722, 1778, -8788, 1777
10725, 1777, -8810, 1775
10728, 1776, -8836, 1773
10732, 1775, -8867, 1772
10735, 1773, -8895, 1771
10738, 1772, -8918, 1771
10741, 1771, -8940, 1771
10744, 1770, -8961, 1769
10748, 1769, -8987, 1767
10751, 1768, -9019, 1765
10754, 1767, -9048, 1763
10757, 1765, -9075, 1764
10760, 1764, -9097, 1765
10764, 1764, -9117, 1764
10767, 1763, -9139, 1761
10770, 1762, -9165, 1758
10773, 1761, -9196, 1757
10776, 1759, -9222, 1758
10779, 1758, -9245, 1757
10783, 1757, -9267, 1756
10786, 1756, -9290, 1754
10789, 1755, -9316, 1751
10792, 1753, -9346, 1751
10795, 1752, -9372, 1749
10799, 1750, -9394, 1749
10802, 1749, -9417, 1749
10806, 1749, -9438, 1747
10809, 1748, -9464, 1746
10812, 1746, -9496, 1741
10815, 1745, -9524, 1743
10818, 1744, -9548, 1743
10822, 1743, -9569, 1742
10825, 1742, -9589, 1742
10828, 1741, -9613, 1738
10831, 1740, -9641, 1735
10834, 1738, -9667, 1737
10838, 1737, -9689, 1736
10841, 1736, -9708, 1737
10844, 1736, -9727, 1735
10847, 1735, -9750, 1733
10850, 1734, -9780, 1731
10854, 1732, -9810, 1728
10857, 1731, -9834, 1729
10860, 1729, -9856, 1728
10864, 1728, -9876, 1728
10867, 1728, -9897, 1727
10870, 1727, -9922, 1724
10873, 1725, -9952, 1721
10876, 1724, -9976, 1722
10880, 1723, -9997, 1723
10883, 1721, -10017, 1719
10886, 1721, -10040, 1720
10889, 1720, -10066, 1716
10892, 1718, -10096, 1716
10896, 1717, -10123, 1714
10899, 1716, -10144, 1715
10902, 1714, -10164, 1713
10905, 1714, -10183, 1713
10908, 1713, -10206, 1710
10912, 1711, -10237, 1707
10915, 1710, -10265, 1709
10918, 1709, -10290, 1707
10921, 1708, -10311, 1707
10925, 1707, -10332, 1706
10928, 1706, -10355, 1705
10931, 1705, -10383, 1701
10934, 1703, -10410, 1700
10937, 1702, -10431, 1700
10941, 1701, -10450, 1700
10944, 1700, -10469, 1700
10947, 1699, -10491, 1698
10950, 1698, -10519, 1694
10953, 1697, -10550, 1693
10957, 1695, -10576, 1693
10960, 1694, -10598, 1693
10963, 1693, -10617, 1692
10966, 1692, -10639, 1690
10969, 1691, -10664, 1688
10973, 1689, -10692, 1686
10976, 1688, -10717, 1686
10979, 1687, -10738, 1685
10982, 1686, -10757, 1686
10986, 1685, -10779, 1685
10989, 1684, -10804, 1682
10992, 1683, -10835, 1680
10995, 1682, -10863, 1680
10998, 1681, -10885, 1679
11002, 1680, -10904, 1679
11005, 1679, -10922, 1677
11008, 1678, -10944, 1675
11011, 1676, -10972, 1673
11014, 1675, -11000, 1672
11018, 1673, -11025, 1671
11021, 1672, -11045, 1671
11024, 1671, -11067, 1670
11027, 1670, -11091, 1668
11031, 1669, -11119, 1666
11034, 1667, -11147, 1664
11037, 1666, -11169, 1664
11040, 1665, -11187, 1665
11043, 1664, -11206, 1663
11046, 1663, -11226, 1663
11050, 1662, -11252, 1659
11053, 1661, -11281, 1658
11056, 1660, -11307, 1658
11059, 1659, -11329, 1657
11062, 1657, -11349, 1655
11066, 1656, -11371, 1654
11069, 1655, -11396, 1652
11072, 1653, -11424, 1651
11075, 1652, -11448, 1651
11078, 1651, -11469, 1650
11082, 1650, -11487, 1650
11085, 1650, -11505, 1648
11088, 1649, -11529, 1647
11091, 1648, -11559, 1645
11094, 1646, -11587, 1644
11098, 1645, -11610, 1645
11101, 1644, -11631, 1642
11104, 1643, -11650, 1642
11107, 1642, -11672, 1641
11110, 1641, -11697, 1638
11113, 1639, -11724, 1636
11117, 1638, -11747, 1637
11120, 1637, -11766, 1636
11123, 1636, -11785, 1634
11126, 1635, -11807, 1634
11129, 1634, -11836, 1631
11133, 1633, -11866, 1631
11136, 1632, -11891, 1630
11139, 1630, -11913, 1628
11142, 1629, -11932, 1628
11146, 1629, -11953, 1628
11149, 1627, -11976, 1625
11152, 1626, -12005, 1622
11155, 1625, -12030, 1622
11158, 1623, -12051, 1621
11162, 1622, -12071, 1622
11165, 1621, -12092, 1620
11168, 1620, -12117, 1619
11171, 1619, -12146, 1616
11174, 1618, -12174, 1614
11178, 1616, -12196, 1615
11181, 1615, -12215, 1614
11184, 1614, -12234, 1614
11187, 1613, -12257, 1612
11191, 1613, -12290, 1610
11194, 1611, -12318, 1606
11198, 1610, -12342, 1609
11201, 1609, -12363, 1609
11204, 1608, -12385, 1607
11207, 1607, -12408, 1605
11210, 1606, -12437, 1602
11214, 1605, -12468, 1602
11217, 1603, -12490, 1600
11221, 1601, -12511, 1600
11224, 1600, -12532, 1599
11227, 1599, -12554, 1598
11231, 1598, -12584, 1595
11234, 1597, -12614, 1593
11237, 1595, -12640, 1593
11241, 1594, -12663, 1593
11245, 1593, -12687, 1592
11248, 1592, -12712, 1590
11252, 1590, -12744, 1586
11255, 1589, -12772, 1586
11259, 1588, -12795, 1586
11262, 1586, -12816, 1586
11266, 1585, -12841, 1584
11269, 1584, -12867, 1582
11272, 1583, -12898, 1579
11276, 1582, -12925, 1580
11279, 1580, -12951, 1579
11283, 1579, -12973, 1579
11287, 1578, -12996, 1576
11290, 1577, -13023, 1574
11293, 1575, -13053, 1570
11296, 1574, -13077, 1573
11299, 1573, -13100, 1572
11303, 1572, -13121, 1572
11306, 1571, -13144, 1569
11309, 1570, -13171, 1567
11313, 1569, -13202, 1565
11316, 1567, -13226, 1566
11319, 1566, -13247, 1566
11322, 1565, -13266, 1564
11327, 1564, -13293, 1561
11330, 1563, -13322, 1559
11333, 1561, -13355, 1559
11337, 1560, -13384, 1558
11340, 1558, -13408, 1557
11344, 1558, -13431, 1557
11347, 1557, -13455, 1554
11351, 1555, -13484, 1552
11354, 1554, -13512, 1550
11357, 1552, -13536, 1550
11361, 1551, -13556, 1551
11364, 1550, -13577, 1550
11367, 1549, -13602, 1547
11371, 1548, -13636, 1544
11375, 1547, -13670, 1543
11378, 1545, -13697, 1542
11382, 1543, -13720, 1542
11385, 1542, -13742, 1541
11389, 1541, -13770, 1539
11393, 1540, -13806, 1537
11396, 1539, -13835, 1537
11399, 1537, -13857, 1535
11403, 1536, -13880, 1536
11406, 1535, -13904, 1533
11409, 1534, -13931, 1532
11412, 1533, -13961, 1530
11416, 1532, -13989, 1529
11419, 1530, -14011, 1529
11422, 1529, -14030, 1529
11425, 1529, -14054, 1528
11429, 1527, -14082, 1524
11432, 1526, -14114, 1522
11435, 1525, -14143, 1522
11439, 1523, -14167, 1521
11442, 1522, -14189, 1522
11445, 1521, -14211, 1521
11448, 1520, -14236, 1518
11451, 1519, -14265, 1516
11455, 1518, -14293, 1514
11458, 1516, -14317, 1515
11461, 1515, -14338, 1515
11464, 1514, -14359, 1514
11467, 1514, -14385, 1512
11470, 1513, -14414, 1509
11474, 1511, -14446, 1508
11477, 1510, -14473, 1508
11480, 1509, -14495, 1510
11483, 1508, -14515, 1507
11486, 1507, -14537, 1505
11490, 1506, -14566, 1503
11493, 1505, -14599, 1500
11496, 1503, -14627, 1501
11499, 1501, -14652, 1500
11502, 1500, -14674, 1499
11506, 1499, -14698, 1498
11509, 1498, -14725, 1496
11512, 1497, -14755, 1494
11515, 1496, -14783, 1494
11518, 1495, -14806, 1493
11522, 1494, -14827, 1493
11525, 1493, -14850, 1492
11528, 1492, -14878, 1489
11531, 1490, -14911, 1487
11534, 1489, -14943, 1486
11538, 1488, -14970, 1486
11541, 1487, -14994, 1487
11544, 1486, -15018, 1485
11548, 1485, -15049, 1482
11552, 1483, -15087, 1479
11555, 1482, -15121, 1479
11559, 1480, -15150, 1479
11563, 1479, -15175, 1478
11566, 1478, -15203, 1477
11570, 1477, -15236, 1473
11573, 1475, -15269, 1472
11576, 1474, -15295, 1472
11580, 1473, -15319, 1473
11583, 1472, -15340, 1471
11586, 1471, -15367, 1469
11589, 1470, -15395, 1466
11592, 1469, -15430, 1466
11596, 1467, -15463, 1465
11599, 1466, -15488, 1464
11602, 1465, -15511, 1464
11606, 1464, -15535, 1464
11609, 1463, -15565, 1461
11612, 1462, -15605, 1458
11616, 1461, -15638, 1458
11619, 1459, -15667, 1456
11623, 1458, -15691, 1457
11626, 1456, -15717, 1455
11629, 1456, -15746, 1454
11632, 1454, -15779, 1449
11636, 1453, -15809, 1450
11639, 1451, -15835, 1450
11642, 1450, -15858, 1451
11645, 1449, -15884, 1448
11648, 1449, -15913, 1447
11652, 1448, -15951, 1444
11655, 1446, -15985, 1443
11658, 1444, -16011, 1442
11661, 1443, -16035, 1443
11664, 1442, -16060, 1441
11668, 1441, -16090, 1440
11671, 1440, -16126, 1438
11674, 1439, -16160, 1435
11678, 1438, -16190, 1436
11681, 1436, -16216, 1435
11684, 1435, -16241, 1435
11687, 1434, -16267, 1433
11690, 1433, -16302, 1430
11694, 1432, -16338, 1428
11697, 1431, -16367, 1430
11700, 1429, -16393, 1428
11703, 1428, -16418, 1428
11707, 1428, -16450, 1426
11710, 1427, -16493, 1423
11714, 1425, -16533, 1423
11717, 1424, -16565, 1422
11721, 1423, -16594, 1421
11725, 1421, -16627, 1420
11729, 1420, -16662, 1418
11733, 1419, -16710, 1415
11736, 1417, -16748, 1414
11740, 1416, -16777, 1415
11743, 1415, -16802, 1413
11747, 1413, -16832, 1412
11750, 1413, -16867, 1411
11753, 1411, -16907, 1408
11756, 1410, -16942, 1408
11760, 1409, -16974, 1407
11763, 1408, -17002, 1406
11767, 1406, -17035, 1405
11770, 1405, -17075, 1402
11774, 1404, -17113, 1400
11777, 1402, -17145, 1401
11780, 1401, -17174, 1400
11784, 1400, -17200, 1399
11787, 1399, -17231, 1397
11790, 1398, -17272, 1395
11794, 1397, -17318, 1394
11797, 1395, -17351, 1393
11801, 1394, -17384, 1393
11804, 1393, -17416, 1390
11808, 1392, -17451, 1390
11811, 1390, -17495, 1387
11815, 1389, -17537, 1387
11818, 1388, -17569, 1387
11822, 1387, -17601, 1385
11825, 1386, -17632, 1384
11829, 1384, -17675, 1381
11833, 1383, -17725, 1378
11836, 1381, -17766, 1380
11840, 1380, -17800, 1379
11844, 1379, -17830, 1377
11847, 1378, -17864, 1376
11851, 1377, -17907, 1374
11854, 1375, -17950, 1372
11857, 1374, -17986, 1371
11861, 1372, -18020, 1371
11865, 1371, -18053, 1370
11868, 1370, -18093, 1368
11872, 1369, -18139, 1365
11875, 1367, -18181, 1365
11879, 1366, -18216, 1364
11882, 1365, -18248, 1364
11886, 1363, -18279, 1361
11889, 1363, -18319, 1363
11893, 1362, -18368, 1358
11897, 1360, -18410, 1358
11900, 1359, -18445, 1358
11904, 1358, -18478, 1357
11908, 1357, -18515, 1354
11911, 1355, -18556, 1350
11915, 1353, -18599, 1350
11918, 1352, -18633, 1350
11922, 1350, -18661, 1349
11925, 1349, -18694, 1349
11929, 1348, -18734, 1346
11933, 1347, -18781, 1345
11936, 1346, -18820, 1344
11940, 1345, -18851, 1344
11943, 1344, -18880, 1342
11947, 1342, -18913, 1339
11950, 1341, -18952, 1339
11954, 1340, -18998, 1337
11957, 1338, -19030, 1336
11961, 1337, -19058, 1336
11964, 1336, -19088, 1334
11968, 1335, -19121, 1335
11971, 1334, -19162, 1329
11974, 1332, -19201, 1329
11978, 1331, -19232, 1329
11981, 1330, -19259, 1328
11985, 1328, -19288, 1327
11988, 1327, -19319, 1326
11992, 1326, -19357, 1321
11995, 1324, -19391, 1322
11998, 1323, -19424, 1322
12002, 1322, -19452, 1321
12005, 1321, -19479, 1320
12009, 1321, -19513, 1320
12012, 1319, -19552, 1315
12016, 1318, -19586, 1316
12019, 1317, -19612, 1315
12022, 1315, -19636, 1313
12026, 1314, -19663, 1313
12029, 1313, -19699, 1310
12033, 1311, -19743, 1307
12037, 1310, -19776, 1307
12040, 1308, -19801, 1307
12043, 1307, -19826, 1306
12046, 1306, -19851, 1306
12050, 1305, -19883, 1303
12053, 1304, -19917, 1301
12056, 1303, -19948, 1302
12059, 1302, -19973, 1301
12063, 1301, -19996, 1299
12066, 1300, -20022, 1297
12069, 1299, -20051, 1298
12072, 1297, -20085, 1293
12075, 1295, -20114, 1292
12079, 1294, -20140, 1293
12082, 1294, -20163, 1294
12085, 1292, -20187, 1292
12088, 1292, -20214, 1289
12092, 1291, -20252, 1287
12095, 1290, -20286, 1288
12099, 1288, -20311, 1288
12102, 1287, -20337, 1285
12106, 1286, -20366, 1284
12110, 1285, -20397, 1281
12113, 1283, -20430, 1281
12117, 1282, -20459, 1279
12120, 1281, -20484, 1280
12124, 1279, -20510, 1278
12128, 1278, -20541, 1276
12131, 1277, -20576, 1273
12135, 1275, -20609, 1272
12138, 1274, -20636, 1272
12142, 1272, -20658, 1271
12146, 1271, -20681, 1270
12149, 1270, -20708, 1268
12152, 1269, -20741, 1266
12156, 1268, -20769, 1265
12159, 1267, -20794, 1266
12162, 1265, -20815, 1264
12166, 1264, -20844, 1262
12169, 1263, -20875, 1261
12173, 1262, -20910, 1258
12177, 1260, -20936, 1259
12180, 1259, -20957, 1258
12184, 1258, -20978, 1256
12187, 1257, -21002, 1255
12190, 1256, -21031, 1254
12193, 1255, -21061, 1252
12197, 1253, -21085, 1252
12200, 1252, -21106, 1251
12203, 1252, -21129, 1252
12207, 1251, -21154, 1248
12211, 1249, -21184, 1245
12214, 1248, -21213, 1244
12217, 1246, -21237, 1244
12221, 1245, -21257, 1245
12224, 1244, -21279, 1244
12227, 1243, -21304, 1241
12231, 1242, -21334, 1239
12234, 1241, -21364, 1238
12238, 1240, -21389, 1238
12242, 1238, -21411, 1237
12246, 1237, -21433, 1235
12249, 1236, -21464, 1232
12253, 1234, -21494, 1229
12256, 1232, -21518, 1231
12260, 1231, -21540, 1231
12263, 1230, -21560, 1229
12267, 1229, -21586, 1228
12270, 1228, -21616, 1224
12274, 1226, -21647, 1222
12278, 1225, -21671, 1224
12282, 1224, -21691, 1223
12285, 1222, -21712, 1221
12289, 1222, -21737, 1220
12292, 1220, -21765, 1216
12295, 1219, -21789, 1216
12299, 1217, -21810, 1216
12302, 1216, -21829, 1216
12305, 1215, -21850, 1214
12309, 1214, -21876, 1212
12312, 1213, -21903, 1210
12316, 1212, -21927, 1209
12319, 1211, -21948, 1210
12323, 1209, -21966, 1208
12326, 1209, -21988, 1208
12330, 1208, -22013, 1206
12333, 1206, -22040, 1202
12336, 1205, -22064, 1204
12340, 1204, -22083, 1204
12343, 1203, -22102, 1201
12347, 1202, -22126, 1200
12350, 1201, -22154, 1198
12354, 1199, -22178, 1195
12357, 1198, -22199, 1196
12360, 1197, -22217, 1196
12364, 1195, -22238, 1194
12368, 1194, -22258, 1192
12371, 1193, -22285, 1190
12374, 1192, -22311, 1188
12378, 1190, -22334, 1188
12382, 1189, -22353, 1188
12386, 1188, -22374, 1186
12389, 1186, -22398, 1184
12393, 1185, -22423, 1182
12396, 1184, -22447, 1181
12400, 1183, -22466, 1183
12403, 1182, -22484, 1181
12406, 1181, -22503, 1180
12409, 1180, -22526, 1178
12413, 1179, -22553, 1175
12416, 1177, -22574, 1175
12420, 1176, -22592, 1174
12423, 1175, -22611, 1174
12427, 1174, -22632, 1172
12430, 1173, -22658, 1170
12434, 1171, -22684, 1167
12437, 1170, -22704, 1167
12441, 1168, -22721, 1167
12444, 1167, -22738, 1165
12448, 1166, -22761, 1165
12451, 1165, -22787, 1162
12455, 1163, -22813, 1160
12459, 1162, -22833, 1161
12462, 1161, -22851, 1160
12466, 1160, -22869, 1159
12469, 1159, -22890, 1156
12472, 1158, -22914, 1154
12476, 1156, -22936, 1155
12479, 1155, -22952, 1154
12482, 1154, -22969, 1153
12486, 1153, -22990, 1152
12490, 1152, -23017, 1149
12494, 1151, -23043, 1147
12497, 1149, -23063, 1148
12501, 1148, -23080, 1147
12504, 1147, -23096, 1145
12507, 1146, -23118, 1145
12511, 1145, -23144, 1141
12515, 1143, -23168, 1141
12518, 1142, -23187, 1140
12522, 1141, -23202, 1140
12525, 1140, -23220, 1139
12529, 1139, -23239, 1136
12532, 1137, -23265, 1133
12535, 1136, -23287, 1133
12539, 1134, -23307, 1133
12543, 1133, -23325, 1133
12546, 1132, -23342, 1130
12549, 1131, -23365, 1129
12553, 1130, -23392, 1128
12557, 1129, -23414, 1127
12561, 1128, -23431, 1126
12564, 1127, -23447, 1126
12567, 1126, -23465, 1124
12571, 1125, -23492, 1122
12575, 1123, -23516, 1120
12578, 1122, -23536, 1120
12582, 1121, -23554, 1120
12585, 1120, -23573, 1120
12589, 1119, -23596, 1116
12593, 1117, -23621, 1113
12597, 1116, -23643, 1113
12600, 1114, -23660, 1112
12604, 1113, -23678, 1112
12607, 1111, -23695, 1109
12610, 1110, -23717, 1108
12614, 1109, -23743, 1106
12618, 1108, -23763, 1106
12621, 1106, -23781, 1105
12625, 1105, -23797, 1104
12628, 1104, -23816, 1103
12632, 1103, -23839, 1100
12635, 1102, -23860, 1100
12638, 1101, -23877, 1100
12641, 1100, -23892, 1100
12645, 1099, -23910, 1097
12648, 1098, -23929, 1096
12652, 1097, -23952, 1092
12655, 1095, -23974, 1093
12659, 1094, -23994, 1092
12663, 1092, -24011, 1091
12666, 1091, -24030, 1090
12670, 1091, -24053, 1089
12673, 1089, -24075, 1087
12677, 1088, -24095, 1086
12680, 1087, -24110, 1086
12683, 1086, -24125, 1085
12687, 1085, -24143, 1083
12690, 1084, -24166, 1081
12694, 1082, -24191, 1079
12698, 1081, -24212, 1079
12702, 1080, -24227, 1078
12705, 1078, -24245, 1076
12709, 1077, -24268, 1074
12712, 1076, -24294, 1073
12716, 1074, -24314, 1072
12719, 1073, -24331, 1072
12723, 1072, -24347, 1072
12726, 1071, -24364, 1070
12729, 1070, -24383, 1068
12732, 1069, -24407, 1065
12736, 1068, -24427, 1065
12739, 1066, -24445, 1066
12743, 1065, -24462, 1065
12746, 1064, -24480, 1062
12750, 1063, -24502, 1061
12754, 1062, -24527, 1059
12757, 1061, -24547, 1059
12761, 1060, -24564, 1059
12764, 1059, -24580, 1057
12767, 1057, -24598, 1055
12771, 1056, -24621, 1054
12774, 1055, -24645, 1051
12778, 1054, -24666, 1053
12782, 1052, -24683, 1051
12786, 1051, -24703, 1049
12789, 1050, -24723, 1047
12793, 1048, -24745, 1043
12796, 1047, -24766, 1046
12799, 1046, -24783, 1045
12803, 1045, -24800, 1045
12807, 1044, -24820, 1042
12810, 1043, -24846, 1039
12814, 1041, -24870, 1038
12818, 1040, -24889, 1039
12822, 1039, -24905, 1038
12825, 1038, -24923, 1037
12829, 1037, -24945, 1033
12832, 1035, -24968, 1031
12836, 1034, -24988, 1033
12839, 1032, -25004, 1030
12842, 1031, -25020, 1032
12845, 1031, -25037, 1029
12849, 1030, -25056, 1028
12852, 1028, -25080, 1025
12855, 1027, -25100, 1024
12859, 1026, -25118, 1024
12862, 1025, -25132, 1024
12865, 1024, -25148, 1023
12868, 1023, -25166, 1021
12872, 1022, -25188, 1019
12875, 1021, -25210, 1019
12879, 1019, -25229, 1017
12882, 1019, -25244, 1019
12885, 1018, -25259, 1016
12888, 1017, -25278, 1014
12892, 1015, -25303, 1010
12895, 1014, -25325, 1011
12899, 1012, -25344, 1012
12903, 1011, -25362, 1009
12906, 1010, -25381, 1011
12910, 1010, -25403, 1007
12913, 1008, -25425, 1005
12916, 1007, -25445, 1004
12920, 1006, -25461, 1004
12923, 1004, -25478, 1003
12927, 1003, -25496, 1002
12930, 1002, -25520, 999
12934, 1001, -25545, 997
12938, 999, -25565, 998
12941, 998, -25583, 997
12945, 997, -25599, 996
12948, 996, -25617, 994
12951, 995, -25640, 993
12955, 994, -25661, 990
12958, 992, -25679, 990
12962, 991, -25697, 990
12965, 990, -25714, 990
12969, 989, -25736, 987
12972, 988, -25760, 985
12976, 987, -25781, 985
12980, 986, -25800, 984
12983, 984, -25816, 982
12987, 983, -25834, 981
12990, 982, -25857, 980
12993, 980, -25879, 977
12997, 979, -25898, 978
13000, 978, -25913, 976
13003, 977, -25928, 977
13006, 976, -25946, 975
13010, 975, -25970, 973
13014, 974, -25994, 970
13018, 973, -26014, 972
13022, 972, -26031, 972
13025, 971, -26048, 970
13029, 970, -26069, 966
13032, 969, -26093, 965
13036, 967, -26116, 964
13040, 965, -26134, 964
13044, 964, -26150, 963
13047, 963, -26171, 961
13051, 962, -26191, 960
13054, 961, -26213, 958
13058, 960, -26232, 958
13061, 958, -26247, 956
13064, 957, -26264, 955
13067, 956, -26284, 955
13071, 955, -26307, 952
13074, 953, -26329, 951
13077, 952, -26347, 950
13081, 951, -26363, 950
13084, 950, -26380, 951
13087, 950, -26397, 949
13090, 949, -26419, 945
13094, 947, -26442, 943
13097, 946, -26462, 944
13100, 944, -26480, 942
13104, 943, -26496, 943
13107, 942, -26512, 941
13110, 942, -26534, 940
13113, 940, -26558, 938
13117, 939, -26578, 937
13120, 938, -26594, 937
13123, 937, -26610, 937
13126, 936, -26628, 935
13130, 936, -26649, 934
13133, 934, -26673, 930
13136, 933, -26693, 931
13139, 932, -26710, 932
13142, 931, -26727, 930
13146, 930, -26747, 929
13150, 929, -26771, 927
13153, 928, -26796, 925
13157, 927, -26816, 925
13160, 926, -26833, 924
13163, 924, -26848, 923
13166, 923, -26865, 922
13169, 922, -26885, 919
13173, 921, -26910, 918
13176, 919, -26933, 917
13180, 918, -26952, 918
13183, 917, -26969, 917
13187, 916, -26989, 914
13190, 915, -27010, 912
13193, 914, -27034, 910
13196, 912, -27055, 911
13199, 911, -27072, 911
13202, 910, -27089, 909
13206, 910, -27108, 909
13210, 909, -27130, 905
13213, 907, -27157, 905
13217, 906, -27180, 903
13220, 905, -27197, 904
13224, 903, -27216, 902
13227, 903, -27240, 901
13231, 901, -27267, 898
13235, 900, -27292, 896
13238, 898, -27313, 897
13242, 897, -27331, 896
13246, 896, -27350, 895
13249, 895, -27370, 894
13252, 894, -27397, 891
13256, 893, -27422, 891
13260, 892, -27443, 891
13263, 891, -27463, 889
13267, 890, -27483, 888
13270, 888, -27505, 885
13273, 887, -27530, 883
13276, 885, -27552, 884
13280, 884, -27571, 884
13283, 883, -27589, 883
13286, 883, -27606, 881
13290, 882, -27628, 881
13293, 881, -27654, 878
13296, 880, -27676, 879
13299, 879, -27695, 876
13302, 878, -27712, 877
13306, 876, -27731, 874
13309, 876, -27754, 874
13312, 874, -27782, 871
13316, 873, -27805, 872
13319, 872, -27825, 871
13322, 871, -27841, 871
13325, 870, -27858, 869
13329, 870, -27879, 868
13332, 868, -27904, 864
13335, 867, -27928, 864
13338, 865, -27948, 864
13341, 864, -27966, 864
13345, 863, -27985, 862
13348, 863, -28010, 861
13351, 861, -28035, 858
13355, 860, -28059, 857
13358, 859, -28080, 857
13361, 858, -28097, 858
13364, 857, -28115, 856
13367, 856, -28134, 854
13371, 855, -28163, 853
13375, 854, -28189, 850
13378, 852, -28210, 851
13381, 851, -28229, 851
13384, 850, -28247, 849
13387, 849, -28269, 848
13391, 848, -28294, 845
13394, 847, -28320, 843
13397, 845, -28341, 844
13400, 844, -28361, 844
13403, 843, -28377, 843
13406, 843, -28396, 842
13410, 842, -28420, 840
13413, 841, -28452, 838
13416, 840, -28476, 837
13419, 838, -28496, 837
13423, 837, -28515, 837
13426, 837, -28536, 836
13429, 836, -28558, 833
13432, 834, -28586, 831
13436, 833, -28611, 830
13439, 832, -28630, 831
13442, 831, -28649, 831
13445, 830, -28667, 829
13448, 829, -28690, 828
13452, 828, -28719, 825
13455, 827, -28747, 824
13458, 826, -28771, 824
13461, 825, -28791, 824
13465, 823, -28811, 822
13468, 823, -28834, 821
13471, 822, -28862, 819
13474, 820, -28888, 818
13478, 819, -28909, 818
13481, 818, -28928, 818
13484, 818, -28947, 817
13487, 817, -28970, 815
13491, 815, -28999, 811
13494, 814, -29029, 811
13497, 813, -29053, 812
13501, 812, -29076, 811
13504, 811, -29097, 810
13507, 810, -29118, 809
13510, 809, -29144, 805
13514, 808, -29176, 805
13517, 806, -29199, 804
13520, 805, -29221, 805
13523, 804, -29241, 803
13527, 804, -29264, 803
13530, 803, -29294, 801
13533, 802, -29325, 799
13537, 800, -29349, 798
13540, 799, -29372, 798
13543, 798, -29391, 797
13546, 797, -29413, 796
13550, 796, -29439, 794
13553, 795, -29472, 791
13556, 793, -29500, 790
13559, 792, -29524, 791
13563, 791, -29546, 790
13566, 790, -29571, 789
13569, 789, -29598, 786
13573, 788, -29628, 786
13576, 787, -29655, 785
13579, 786, -29679, 785
13582, 785, -29701, 785
13586, 784, -29728, 783
13590, 783, -29762, 780
13594, 782, -29802, 779
13597, 781, -29832, 778
13601, 779, -29856, 778
13604, 778, -29880, 776
13608, 777, -29905, 775
13611, 776, -29936, 773
13614, 774, -29971, 772
13618, 773, -30001, 770
13622, 772, -30026, 772
13625, 771, -30052, 771
13629, 770, -30083, 768
13632, 769, -30115, 767
13635, 768, -30146, 765
13639, 767, -30175, 765
13643, 766, -30198, 765
13646, 765, -30222, 763
13649, 763, -30254, 761
13653, 762, -30290, 760
13656, 761, -30324, 758
13659, 760, -30351, 759
13663, 759, -30377, 758
13666, 758, -30403, 757
13670, 757, -30437, 753
13674, 755, -30477, 752
13677, 754, -30510, 752
13681, 753, -30538, 752
13684, 752, -30562, 751
13688, 751, -30594, 749
13691, 750, -30628, 748
13694, 749, -30662, 745
13697, 747, -30694, 745
13701, 746, -30722, 745
13705, 745, -30752, 745
13709, 744, -30785, 742
13712, 743, -30823, 738
13715, 742, -30858, 740
13718, 740, -30887, 739
13722, 739, -30912, 739
13725, 738, -30938, 738
13728, 738, -30970, 736
13732, 737, -31015, 733
13736, 735, -31059, 732
13740, 734, -31093, 732
13744, 733, -31124, 732
13747, 732, -31153, 731
13751, 731, -31193, 729
13754, 730, -31233, 729
13757, 729, -31268, 725
13761, 728, -31297, 727
13764, 727, -31326, 725
13768, 725, -31361, 723
13771, 724, -31405, 720
13775, 723, -31447, 720
13779, 721, -31479, 719
13782, 720, -31509, 719
13785, 719, -31539, 718
13789, 718, -31579, 717
13792, 717, -31625, 714
13796, 716, -31664, 713
13800, 715, -31698, 713
13803, 714, -31728, 713
13807, 712, -31762, 711
13810, 712, -31805, 710
13814, 710, -31849, 706
13817, 709, -31885, 706
13820, 708, -31916, 708
13824, 707, -31945, 705
13827, 705, -31980, 704
13830, 705, -32022, 703
13834, 704, -32068, 701
13837, 702, -32106, 700
13840, 701, -32140, 700
13844, 700, -32172, 700
13847, 699, -32211, 697
13851, 698, -32260, 695
13854, 697, -32309, 694
13858, 696, -32351, 696
13862, 695, -32387, 694
13866, 694, -32426, 693
13870, 693, -32475, 689
13873, 692, -32526, 688
13876, 690, -32567, 687
13880, 688, -32610, 686
13884, 687, -32645, 687
13887, 686, -32682, 684
13891, 685, -32738, 682
13895, 684, -32794, 681
13899, 682, -32838, 680
13902, 681, -32876, 681
13906, 680, -32915, 679
13909, 679, -32961, 678
13913, 678, -33013, 675
13916, 677, -33063, 675
13920, 676, -33106, 673
13924, 675, -33151, 674
13928, 673, -33191, 672
13931, 672, -33243, 670
13934, 671, -33295, 668
13938, 670, -33344, 668
13941, 669, -33382, 668
13944, 668, -33419, 667
13948, 667, -33460, 665
13951, 666, -33513, 663
13954, 664, -33567, 661
13957, 663, -33613, 661
13961, 662, -33655, 661
13964, 661, -33697, 659
13968, 660, -33748, 658
13972, 659, -33815, 656
13976, 657, -33872, 655
13979, 656, -33916, 654
13982, 655, -33956, 654
13986, 654, -33998, 653
13989, 653, -34048, 652
13992, 652, -34106, 649
13996, 651, -34159, 649
13999, 650, -34210, 649
14003, 649, -34256, 647
14006, 648, -34307, 647
14010, 647, -34371, 644
14014, 645, -34431, 641
14017, 644, -34483, 642
14020, 643, -34529, 641
14024, 641, -34571, 641
14027, 641, -34621, 640
14031, 640, -34685, 637
14034, 638, -34751, 635
14038, 637, -34805, 636
14042, 636, -34851, 636
14045, 635, -34891, 633
14048, 634, -34938, 632
14051, 633, -34997, 631
14055, 632, -35054, 631
14058, 631, -35102, 628
14062, 630, -35147, 630
14065, 629, -35193, 627
14069, 628, -35250, 626
14073, 627, -35306, 624
14076, 626, -35357, 624
14079, 624, -35400, 623
14083, 623, -35443, 622
14086, 622, -35491, 620
14090, 621, -35546, 618
14094, 619, -35609, 616
14097, 618, -35659, 617
14101, 617, -35702, 616
14105, 616, -35743, 616
14108, 615, -35789, 613
14111, 614, -35846, 611
14115, 613, -35902, 611
14119, 612, -35947, 609
14122, 610, -35987, 609
14126, 609, -36032, 609
14130, 608, -36089, 606
14133, 607, -36149, 604
14137, 606, -36197, 604
14141, 605, -36236, 602
14144, 603, -36275, 602
14148, 602, -36319, 601
14151, 601, -36374, 598
14155, 600, -36421, 597
14158, 599, -36461, 597
14161, 598, -36499, 597
14165, 597, -36535, 596
14168, 596, -36576, 594
14171, 595, -36627, 591
14175, 593, -36673, 589
14178, 592, -36713, 591
14181, 591, -36751, 590
14185, 589, -36788, 588
14188, 589, -36829, 587
14192, 588, -36878, 585
14195, 586, -36922, 583
14198, 585, -36962, 584
14201, 584, -36994, 583
14205, 583, -37027, 582
14208, 582, -37071, 580
14212, 581, -37125, 579
14215, 580, -37175, 577
14219, 579, -37213, 577
14223, 577, -37248, 576
14226, 577, -37285, 576
14230, 576, -37335, 575
14233, 575, -37386, 571
14237, 573, -37428, 570
14241, 572, -37464, 571
14245, 571, -37499, 571
14248, 570, -37542, 568
14252, 569, -37591, 566
14256, 568, -37637, 565
14259, 567, -37674, 565
14263, 565, -37709, 563
14266, 564, -37742, 564
14270, 563, -37782, 560
14273, 562, -37829, 560
14277, 561, -37871, 559
14280, 560, -37904, 558
14283, 558, -37934, 557
14287, 558, -37969, 557
14290, 556, -38013, 553
14294, 555, -38061, 552
14297, 554, -38096, 553
14301, 553, -38131, 552
14305, 552, -38161, 551
14308, 551, -38196, 548
14312, 550, -38242, 546
14315, 548, -38282, 545
14318, 547, -38315, 546
14322, 546, -38345, 547
14325, 545, -38378, 544
14329, 544, -38419, 542
14333, 543, -38464, 539
14336, 542, -38505, 539
14340, 540, -38537, 539
14344, 539, -38567, 538
14347, 538, -38599, 537
14350, 537, -38637, 533
14354, 536, -38678, 533
14357, 534, -38717, 532
14361, 533, -38746, 534
14364, 532, -38774, 530
14367, 531, -38806, 529
14371, 530, -38849, 528
14375, 529, -38890, 525
14378, 527, -38923, 526
14381, 527, -38951, 527
14384, 526, -38979, 525
14388, 525, -39009, 524
14391, 524, -39047, 521
14394, 523, -39085, 520
14398, 522, -39117, 520
14401, 521, -39150, 520
14405, 520, -39177, 519
14408, 519, -39210, 517
14412, 517, -39252, 513
14415, 516, -39287, 513
14418, 515, -39316, 513
14422, 513, -39342, 513
14425, 513, -39372, 513
14429, 512, -39405, 510
14432, 511, -39451, 508
14436, 510, -39488, 507
14440, 509, -39517, 507
14443, 507, -39545, 507
14447, 506, -39575, 505
14450, 505, -39615, 503
14454, 504, -39655, 499
14457, 502, -39688, 500
14461, 501, -39717, 500
14465, 500, -39746, 500
14469, 499, -39779, 497
14472, 498, -39816, 495
14475, 497, -39851, 494
14479, 495, -39881, 493
14482, 494, -39907, 493
14485, 493, -39935, 492
14489, 492, -39965, 491
14492, 491, -40005, 488
14496, 490, -40039, 489
14499, 489, -40066, 488
14502, 488, -40090, 486
14506, 487, -40118, 485
14509, 486, -40149, 484
14512, 485, -40188, 482
14516, 483, -40221, 482
14519, 483, -40248, 482
14523, 481, -40275, 479
14527, 480, -40302, 479
14530, 479, -40339, 476
14534, 478, -40377, 474
14537, 476, -40406, 475
14540, 475, -40432, 475
14544, 474, -40456, 474
14547, 474, -40488, 473
14551, 473, -40525, 470
14555, 472, -40561, 469
14558, 471, -40590, 469
14562, 469, -40617, 467
14566, 468, -40645, 467
14570, 467, -40679, 465
14573, 466, -40718, 463
14577, 464, -40751, 461
14581, 463, -40778, 463
14584, 462, -40803, 460
14588, 461, -40832, 460
14591, 460, -40870, 457
14595, 459, -40906, 456
14598, 457, -40933, 454
14602, 456, -40956, 456
14605, 455, -40980, 454
14608, 455, -41006, 455
14611, 453, -41039, 450
14615, 452, -41072, 449
14618, 451, -41098, 450
14622, 450, -41123, 449
14625, 449, -41148, 449
14629, 448, -41177, 447
14632, 447, -41213, 443
14636, 446, -41246, 444
14639, 445, -41272, 442
14643, 443, -41298, 443
14646, 442, -41321, 442
14650, 442, -41349, 439
14653, 440, -41384, 438
14656, 439, -41413, 437
14659, 438, -41439, 437
14663, 437, -41463, 437
14667, 436, -41490, 435
14670, 435, -41521, 432
14674, 434, -41556, 430
14678, 433, -41585, 431
14681, 431, -41609, 430
14685, 430, -41632, 429
14688, 429, -41660, 427
14692, 428, -41693, 425
14695, 426, -41724, 423
14698, 425, -41748, 423
14701, 424, -41770, 424
14704, 423, -41792, 423
14708, 423, -41817, 422
14711, 422, -41848, 418
14714, 420, -41878, 417
14717, 419, -41904, 417
14721, 418, -41926, 419
14724, 417, -41948, 417
14727, 417, -41972, 416
14730, 416, -42001, 413
14733, 415, -42032, 412
14737, 413, -42059, 411
14740, 412, -42083, 412
14744, 411, -42104, 411
14747, 411, -42128, 410
14750, 410, -42155, 409
14753, 409, -42186, 406
14756, 408, -42212, 406
14759, 407, -42235, 405
14763, 406, -42255, 404
14766, 405, -42277, 404
14769, 404, -42301, 403
14772, 403, -42331, 399
14775, 401, -42357, 399
14779, 400, -42380, 399
14782, 399, -42398, 399
14785, 399, -42419, 399
14788, 397, -42443, 393
14791, 396, -42472, 393
14794, 395, -42500, 393
14798, 394, -42524, 393
14801, 393, -42545, 393
14804, 392, -42566, 392
14808, 392, -42590, 390
14811, 391, -42623, 388
14815, 389, -42655, 386
14818, 388, -42681, 386
14822, 387, -42703, 385
14825, 385, -42723, 384
14828, 385, -42748, 384
14832, 384, -42781, 381
14835, 382, -42809, 380
14838, 381, -42833, 379
14841, 380, -42853, 378
14844, 379, -42874, 379
14848, 378, -42898, 378
14851, 378, -42927, 376
14854, 376, -42957, 372
14858, 376, -42982, 375
14861, 374, -43003, 373
14864, 373, -43024, 372
14867, 372, -43049, 372
14871, 372, -43081, 370
14874, 371, -43110, 368
14878, 370, -43136, 368
14881, 369, -43157, 369
14884, 368, -43176, 367
14888, 367, -43199, 365
14891, 366, -43227, 362
14894, 364, -43257, 360
14897, 363, -43281, 362
14901, 362, -43302, 362
14904, 361, -43322, 361
14907, 360, -43344, 359
14910, 360, -43370, 357
14913, 359, -43403, 356
14917, 358, -43429, 357
14921, 357, -43452, 356
14924, 356, -43474, 354
14928, 355, -43499, 353
14931, 354, -43527, 350
14934, 352, -43556, 349
14937, 351, -43581, 349
14940, 349, -43602, 348
14944, 348, -43622, 347
14947, 348, -43643, 347
14950, 347, -43669, 344
14953, 345, -43698, 342
14956, 344, -43723, 343
14960, 343, -43747, 343
14963, 342, -43767, 342
14966, 342, -43788, 340
14969, 341, -43814, 340
14973, 340, -43844, 336
14976, 339, -43870, 337
14979, 337, -43894, 336
14982, 336, -43913, 334
14986, 335, -43932, 334
14989, 334, -43956, 333
14992, 333, -43986, 331
14995, 332, -44014, 330
14998, 331, -44037, 329
15002, 330, -44058, 330
15005, 329, -44078, 329
15008, 329, -44102, 329
15011, 328, -44130, 324
15014, 327, -44157, 324
15018, 326, -44180, 324
15021, 325, -44199, 324
15024, 324, -44218, 324
15027, 323, -44240, 321
15030, 322, -44267, 321
15034, 322, -44298, 320
15037, 321, -44322, 319
15040, 319, -44344, 318
15043, 319, -44364, 317
15047, 318, -44386, 316
15050, 317, -44412, 317
15053, 316, -44441, 312
15056, 315, -44466, 313
15059, 314, -44488, 312
15063, 313, -44508, 313
15066, 312, -44530, 311
15070, 311, -44558, 308
15073, 310, -44588, 306
15076, 308, -44613, 306
15079, 307, -44635, 306
15082, 306, -44654, 304
15086, 305, -44674, 304
15089, 304, -44698, 303
15092, 303, -44727, 300
15095, 302, -44754, 299
15098, 301, -44776, 300
15101, 300, -44797, 300
15105, 299, -44817, 300
15108, 299, -44840, 298
15111, 298, -44868, 295
15114, 297, -44897, 294
15117, 296, -44920, 294
15121, 294, -44942, 293
15124, 293, -44961, 293
15127, 293, -44982, 292
15130, 292, -45008, 290
15133, 291, -45038, 287
15137, 290, -45067, 288
15140, 288, -45088, 287
15144, 287, -45110, 286
15147, 286, -45132, 285
15150, 286, -45158, 284
15153, 284, -45188, 280
15156, 283, -45213, 281
15160, 282, -45234, 282
15163, 281, -45253, 281
15166, 280, -45274, 279
15169, 280, -45300, 277
15173, 278, -45333, 275
15176, 277, -45362, 275
15179, 276, -45385, 276
15183, 275, -45406, 275
15186, 275, -45427, 274
15189, 274, -45455, 272
15193, 273, -45488, 269
15196, 272, -45515, 270
15200, 270, -45538, 268
15203, 269, -45559, 269
15207, 268, -45583, 266
15210, 267, -45612, 266
15213, 266, -45646, 262
15217, 265, -45673, 263
15221, 263, -45698, 262
15224, 262, -45720, 261
15228, 261, -45745, 261
15232, 261, -45778, 258
15235, 259, -45806, 256
15238, 258, -45830, 256
15241, 257, -45852, 257
15245, 256, -45873, 257
15248, 256, -45897, 254
15251, 255, -45925, 251
15254, 254, -45954, 251
15257, 252, -45978, 250
15260, 251, -45999, 251
15264, 250, -46019, 251
15267, 250, -46041, 248
15270, 249, -46069, 245
15274, 248, -46103, 245
15277, 246, -46130, 244
15280, 245, -46154, 243
15284, 244, -46177, 243
15287, 243, -46203, 243
15291, 242, -46231, 240
15294, 241, -46261, 237
15297, 240, -46286, 237
15300, 239, -46311, 238
15304, 238, -46333, 238
15308, 237, -46357, 235
15311, 236, -46389, 234
15315, 235, -46425, 231
15318, 234, -46451, 232
15322, 232, -46474, 232
15326, 232, -46500, 231
15329, 231, -46527, 230
15332, 230, -46564, 227
15336, 229, -46595, 228
15340, 228, -46619, 227
15343, 227, -46643, 226
15347, 226, -46670, 224
15351, 225, -46703, 222
15354, 223, -46734, 218
15358, 222, -46759, 220
15361, 220, -46781, 220
15364, 220, -46802, 220
15367, 219, -46827, 219
15371, 219, -46859, 216
15374, 217, -46893, 214
15378, 216, -46922, 215
15381, 215, -46948, 214
15385, 214, -46972, 213
15388, 213, -46999, 210
15392, 212, -47032, 209
15395, 210, -47063, 208
15398, 209, -47087, 208
15402, 208, -47110, 208
15405, 208, -47137, 207
15409, 207, -47168, 205
15413, 206, -47205, 202
15416, 204, -47237, 201
15420, 203, -47263, 201
15424, 201, -47285, 200
15427, 201, -47309, 201
15430, 200, -47341, 198
15434, 199, -47381, 196
15437, 198, -47411, 196
15441, 197, -47437, 195
15445, 196, -47463, 195
15448, 195, -47493, 193
15452, 193, -47529, 190
15456, 192, -47562, 189
15459, 191, -47590, 189
15463, 190, -47614, 190
15466, 189, -47642, 188
15470, 188, -47672, 186
15473, 187, -47707, 184
15476, 186, -47736, 183
15480, 185, -47760, 184
15483, 184, -47782, 184
15486, 183, -47807, 182
15490, 182, -47840, 181
15493, 182, -47879, 179
15497, 180, -47911, 178
15501, 179, -47939, 178
15504, 178, -47968, 178
15508, 177, -47998, 174
15512, 176, -48038, 172
15516, 174, -48071, 171
15519, 173, -48097, 171
15523, 171, -48124, 171
15526, 171, -48152, 170
15530, 170, -48189, 169
15534, 169, -48229, 167
15537, 168, -48261, 166
15541, 167, -48288, 165
15545, 166, -48315, 164
15548, 165, -48343, 163
15552, 163, -48381, 159
15555, 162, -48418, 159
15559, 160, -48454, 158
15563, 159, -48479, 159
15566, 158, -48506, 159
15570, 158, -48539, 155
15573, 157, -48578, 154
15577, 156, -48610, 154
15580, 155, -48636, 154
15584, 154, -48660, 154
15587, 153, -48688, 151
15590, 152, -48723, 150
15594, 151, -48761, 147
15597, 150, -48791, 148
15600, 148, -48819, 148
15604, 148, -48847, 147
15608, 147, -48879, 147
15612, 146, -48920, 142
15615, 145, -48957, 142
15618, 143, -48988, 141
15622, 142, -49013, 141
15625, 141, -49040, 142
15629, 141, -49071, 139
15632, 139, -49112, 136
15636, 138, -49150, 136
15639, 137, -49183, 136
15643, 136, -49209, 136
15646, 135, -49241, 134
15650, 134, -49276, 132
15654, 133, -49317, 129
15657, 132, -49349, 130
15660, 131, -49380, 130
15664, 130, -49412, 130
15668, 129, -49446, 126
15672, 128, -49490, 124
15675, 126, -49526, 124
15679, 125, -49555, 125
15682, 124, -49581, 124
15685, 124, -49608, 124
15688, 123, -49639, 122
15692, 122, -49681, 118
15695, 121, -49722, 118
15699, 119, -49754, 117
15702, 118, -49784, 117
15706, 117, -49812, 117
15709, 116, -49845, 115
15712, 115, -49886, 109
15716, 114, -49925, 112
15719, 113, -49956, 112
15722, 112, -49984, 112
15725, 111, -50014, 110
15729, 111, -50046, 109
15732, 109, -50087, 106
15735, 108, -50127, 105
15739, 107, -50162, 106
15743, 106, -50194, 106
15746, 105, -50227, 104
15750, 104, -50268, 102
15753, 103, -50310, 100
15757, 102, -50349, 102
15760, 101, -50382, 100
15764, 100, -50414, 100
15768, 99, -50449, 97
15771, 98, -50491, 95
15774, 97, -50531, 94
15777, 96, -50565, 94
15781, 94, -50599, 93
15785, 94, -50632, 94
15788, 93, -50670, 91
15792, 92, -50720, 89
15795, 91, -50762, 89
15799, 90, -50800, 88
15803, 88, -50828, 87
15806, 88, -50860, 87
15809, 87, -50897, 85
15813, 85, -50942, 82
15816, 84, -50982, 83
15819, 83, -51015, 82
15822, 82, -51046, 81
15826, 81, -51076, 81
15829, 81, -51112, 79
15833, 80, -51162, 77
15836, 79, -51202, 78
15840, 78, -51237, 76
15844, 76, -51272, 74
15847, 75, -51307, 74
15851, 74, -51352, 71
15855, 72, -51397, 69
15858, 71, -51433, 71
15862, 70, -51465, 69
15866, 69, -51495, 68
15869, 68, -51531, 66
15873, 67, -51576, 64
15876, 66, -51616, 65
15880, 65, -51651, 64
15884, 64, -51681, 64
15887, 63, -51714, 62
15891, 63, -51755, 61
15894, 61, -51794, 57
15898, 60, -51828, 59
15901, 59, -51857, 58
15905, 58, -51889, 58
15909, 57, -51924, 55
15912, 56, -51969, 52
15916, 55, -52004, 52
15919, 54, -52032, 53
15922, 52, -52058, 52
15926, 51, -52086, 50
15929, 51, -52116, 48
15932, 49, -52153, 46
15936, 48, -52188, 46
15939, 47, -52219, 45
15943, 46, -52246, 46
15946, 45, -52276, 45
15950, 44, -52312, 41
15953, 43, -52351, 40
15957, 42, -52383, 40
15960, 41, -52409, 40
15964, 40, -52433, 40
15967, 39, -52462, 37
15971, 38, -52498, 35
15974, 37, -52537, 34
15978, 35, -52567, 33
15981, 34, -52594, 34
15985, 33, -52621, 33
15988, 33, -52652, 31
15992, 31, -52692, 27
15995, 30, -52724, 28
15999, 29, -52756, 28
16003, 28, -52783, 29
16006, 27, -52811, 27
16010, 27, -52843, 24
16014, 26, -52880, 22
16017, 24, -52913, 22
16021, 23, -52936, 23
16024, 22, -52958, 22
16027, 22, -52984, 21
16031, 21, -53017, 18
16034, 20, -53049, 16
16037, 18, -53076, 16
16041, 17, -53100, 15
16044, 16, -53122, 16
16047, 15, -53148, 16
16051, 15, -53183, 12
16055, 14, -53216, 12
16058, 13, -53242, 12
16062, 12, -53264, 12
16065, 11, -53287, 9
16068, 10, -53312, 8
16071, 9, -53346, 4
16075, 7, -53375, 5
16078, 6, -53399, 4
16082, 5, -53422, 5
16085, 4, -53446, 3
16089, 3, -53472, 1
16092, 2, -53504, 0
16096, 1, -53533, 4093
16099, 0, -53559, 4094
16103, -1, -53585, 4095
16106, -1, -53607, 4093
16110, -2, -53633, 4091
16113, -3, -53665, 4088
16116, -4, -53691, 4089
16120, -6, -53715, 4089
16123, -7, -53735, 4088
16126, -8, -53756, 4086
16130, -8, -53783, 4085
16133, -9, -53814, 4083
16136, -11, -53839, 4083
16140, -11, -53862, 4084
16143, -12, -53884, 4082
16147, -13, -53907, 4081
16150, -14, -53937, 4079
16154, -15, -53968, 4077
16158, -17, -53994, 4076
16161, -18, -54015, 4077
16165, -19, -54035, 4076
16168, -19, -54058, 4075
16171, -20, -54086, 4073
16175, -21, -54118, 4071
16179, -22, -54144, 4071
16183, -23, -54165, 4071
16186, -24, -54184, 4071
16190, -25, -54210, 4067
16193, -27, -54242, 4065
16197, -28, -54268, 4066
16200, -29, -54290, 4066
16204, -30, -54310, 4066
16207, -30, -54335, 4063
16211, -31, -54367, 4061
16215, -33, -54394, 4058
16219, -34, -54417, 4060
16222, -35, -54436, 4059
16226, -36, -54457, 4058
16230, -37, -54485, 4057
16234, -38, -54516, 4053
16237, -40, -54539, 4053
16241, -41, -54561, 4053
16244, -42, -54583, 4054
16248, -43, -54605, 4052
16251, -44, -54630, 4048
16255, -45, -54656, 4047
16258, -46, -54678, 4048
16262, -47, -54696, 4047
16265, -48, -54717, 4047
16269, -49, -54741, 4044
16273, -50, -54771, 4042
16277, -51, -54798, 4044
16280, -52, -54818, 4042
16284, -53, -54835, 4042
16287, -54, -54854, 4040
16290, -54, -54878, 4038
16294, -56, -54903, 4035
16297, -57, -54923, 4036
16300, -59, -54941, 4036
16303, -59, -54956, 4036
16307, -60, -54975, 4034
16310, -61, -54999, 4032
16313, -62, -55025, 4030
16317, -63, -55047, 4030
16320, -64, -55065, 4030
16323, -65, -55082, 4030
16326, -66, -55101, 4028
16330, -67, -55124, 4026
16333, -68, -55152, 4026
16337, -69, -55174, 4024
16340, -70, -55192, 4023
16344, -71, -55208, 4023
16347, -72, -55227, 4022
16351, -73, -55253, 4020
16354, -74, -55278, 4020
16358, -75, -55300, 4019
16361, -76, -55316, 4018
16364, -77, -55333, 4017
16368, -78, -55351, 4016
16371, -79, -55374, 4014
16374, -80, -55398, 4012
16377, -81, -55419, 4013
16381, -82, -55436, 4012
16385, -83, -55454, 4012
16388, -84, -55475, 4010
16392, -85, -55501, 4007
16396, -86, -55523, 4008
16399, -87, -55542, 4008
16402, -88, -55558, 4007
16405, -89, -55574, 4005
16409, -89, -55593, 4005
16412, -91, -55618, 4000
16415, -92, -55640, 4002
16418, -93, -55659, 4001
16422, -94, -55675, 4001
16425, -95, -55691, 4001
16429, -95, -55716, 3998
16433, -96, -55742, 3995
16437, -97, -55768, 3996
16441, -99, -55786, 3995
16445, -100, -55809, 3994
16449, -101, -55831, 3992
16453, -102, -55859, 3990
16457, -104, -55879, 3989
16460, -105, -55897, 3989
16464, -106, -55913, 3989
16467, -107, -55930, 3986
16471, -108, -55952, 3986
16474, -109, -55974, 3983
16477, -110, -55995, 3983
16481, -111, -56014, 3985
16485, -112, -56033, 3983
16489, -113, -56061, 3981
16494, -114, -56091, 3977
16498, -115, -56117, 3977
16503, -116, -56135, 3978
16506, -118, -56156, 3977
16511, -119, -56194, 3973
16516, -120, -56220, 3973
16521, -121, -56241, 3973
16525, -122, -56258, 3972
16529, -124, -56278, 3969
16532, -125, -56311, 3967
16537, -126, -56338, 3968
16541, -127, -56356, 3965
16545, -129, -56374, 3965
16549, -129, -56399, 3966
16553, -131, -56429, 3961
16558, -132, -56451, 3961
16561, -133, -56468, 3960
16565, -134, -56485, 3959
16569, -136, -56503, 3958
16572, -137, -56527, 3954
16575, -139, -56549, 3954
16579, -140, -56567, 3955
16583, -141, -56584, 3954
16586, -142, -56606, 3952
16591, -142, -56633, 3951
16594, -144, -56657, 3948
16598, -145, -56677, 3950
16602, -146, -56701, 3948
16607, -147, -56719, 3947
16611, -148, -56741, 3944
16615, -149, -56772, 3943
16620, -150, -56797, 3944
16624, -152, -56816, 3942
16629, -153, -56840, 3940
16633, -154, -56872, 3938
16637, -155, -56897, 3938
16642, -156, -56919, 3938
16647, -158, -56945, 3935
16652, -160, -56979, 3931
16657, -161, -57000, 3931
16661, -162, -57019, 3932
16665, -164, -57040, 3930
16670, -165, -57071, 3927
16674, -167, -57097, 3925
16678, -168, -57116, 3925
16682, -169, -57133, 3925
16685, -171, -57150, 3923
16689, -171, -57170, 3923
16692, -172, -57195, 3920
16696, -174, -57217, 3919
16700, -175, -57240, 3920
16704, -176, -57256, 3918
16709, -177, -57279, 3916
16712, -178, -57300, 3914
16716, -179, -57322, 3915
16719, -180, -57341, 3913
16723, -181, -57358, 3914
16727, -182, -57374, 3913
16730, -183, -57395, 3910
16734, -184, -57421, 3908
16737, -185, -57442, 3908
16741, -186, -57459, 3909
16744, -187, -57475, 3907
16748, -188, -57500, 3906
16753, -189, -57527, 3903
16757, -190, -57546, 3902
16760, -192, -57563, 3902
16764, -193, -57583, 3902
16768, -194, -57602, 3899
16772, -195, -57629, 3896
16776, -197, -57657, 3896
16780, -197, -57680, 3898
16785, -199, -57700, 3895
16789, -200, -57721, 3894
16793, -201, -57743, 3889
16796, -202, -57765, 3890
16800, -204, -57781, 3890
16804, -205, -57795, 3889
16807, -206, -57812, 3889
16811, -207, -57835, 3887
16814, -208, -57865, 3884
16819, -209, -57888, 3885
16824, -210, -57905, 3885
16828, -211, -57923, 3884
16831, -212, -57954, 3881
16836, -213, -57979, 3880
16840, -214, -57995, 3878
16844, -215, -58014, 3879
16848, -217, -58032, 3876
16852, -218, -58058, 3874
16856, -219, -58082, 3874
16860, -220, -58104, 3873
16865, -222, -58120, 3873
16869, -223, -58139, 3870
16872, -224, -58170, 3868
16877, -225, -58192, 3868
16880, -226, -58211, 3867
16884, -228, -58227, 3867
16888, -229, -58243, 3865
16891, -229, -58263, 3864
16895, -231, -58284, 3862
16898, -231, -58300, 3863
16901, -232, -58314, 3863
16905, -233, -58329, 3862
16908, -233, -58345, 3861
16912, -234, -58368, 3858
16915, -235, -58396, 3857
16920, -237, -58417, 3857
16925, -238, -58433, 3857
16929, -239, -58455, 3856
16933, -240, -58479, 3852
16936, -241, -58503, 3851
16940, -242, -58520, 3852
16944, -243, -58533, 3851
16948, -245, -58552, 3848
16952, -246, -58573, 3846
16955, -247, -58593, 3847
16959, -248, -58610, 3846
16963, -249, -58623, 3848
16966, -249, -58637, 3845
16969, -249, -58653, 3845
16972, -250, -58674, 3842
16976, -251, -58693, 3842
16979, -253, -58710, 3841
16982, -253, -58725, 3843
16986, -254, -58746, 3840
16991, -255, -58768, 3838
16995, -256, -58794, 3837
16999, -257, -58809, 3836
17003, -258, -58822, 3837
17006, -259, -58835, 3837
17009, -260, -58850, 3833
17013, -261, -58870, 3832
17016, -262, -58887, 3831
17020, -263, -58903, 3830
17023, -264, -58919, 3830
17027, -265, -58933, 3830
17031, -266, -58961, 3827
17036, -267, -58986, 3826
17040, -268, -59003, 3827
17045, -268, -59019, 3826
17048, -270, -59040, 3824
17053, -271, -59067, 3821
17057, -272, -59086, 3821
17061, -273, -59100, 3821
17065, -274, -59118, 3820
17069, -275, -59141, 3818
17074, -276, -59163, 3817
17078, -277, -59181, 3817
17081, -278, -59200, 3815
17086, -280, -59221, 3813
17090, -281, -59243, 3813
17094, -282, -59264, 3811
17098, -283, -59281, 3811
17102, -284, -59295, 3810
17106, -285, -59311, 3810
17109, -286, -59328, 3808
17113, -287, -59347, 3806
17116, -287, -59364, 3807
17119, -288, -59378, 3806
17123, -289, -59391, 3806
17126, -289, -59404, 3807
17130, -290, -59420, 3803
17133, -291, -59441, 3801
17136, -292, -59459, 3802
17139, -292, -59473, 3803
17143, -294, -59487, 3800
17146, -294, -59501, 3802
17149, -294, -59518, 3799
17153, -295, -59540, 3797
17157, -296, -59558, 3798
17161, -297, -59573, 3796
17165, -298, -59588, 3797
17169, -299, -59603, 3795
17172, -300, -59623, 3793
17176, -301, -59638, 3794
17179, -301, -59652, 3793
17182, -302, -59663, 3793
17185, -302, -59675, 3793
17189, -303, -59695, 3792
17193, -304, -59722, 3789
17198, -305, -59742, 3788
17202, -305, -59758, 3789
17206, -306, -59772, 3788
17210, -308, -59794, 3786
17215, -309, -59816, 3784
17220, -309, -59830, 3785
17223, -310, -59841, 3784
17226, -311, -59854, 3783
17230, -312, -59870, 3782
17234, -313, -59888, 3781
17238, -313, -59900, 3781
17242, -314, -59912, 3781
17245, -314, -59924, 3781
17249, -315, -59939, 3779
17253, -316, -59961, 3778
17257, -316, -59975, 3778
17261, -317, -59991, 3778
17266, -318, -60003, 3776
17269, -318, -60017, 3776
17274, -319, -60036, 3774
17278, -320, -60052, 3775
17282, -321, -60062, 3774
17285, -321, -60075, 3774
17290, -322, -60091, 3772
17294, -322, -60109, 3771
17299, -323, -60120, 3771
17302, -324, -60132, 3770
17307, -325, -60143, 3771
17310, -325, -60162, 3769
17315, -326, -60175, 3767
17319, -327, -60189, 3767
17323, -327, -60201, 3767
17327, -328, -60214, 3766
17332, -329, -60230, 3765
17335, -330, -60244, 3764
17338, -330, -60255, 3765
17341, -331, -60265, 3764
17345, -331, -60275, 3764
17348, -332, -60287, 3763
17351, -332, -60300, 3762
17355, -333, -60313, 3760
17359, -334, -60324, 3760
17362, -334, -60334, 3761
17366, -335, -60344, 3759
17369, -336, -60354, 3760
17372, -336, -60367, 3759
17376, -336, -60379, 3759
17380, -336, -60388, 3759
17384, -337, -60397, 3758
17387, -337, -60406, 3758
17391, -338, -60417, 3755
17394, -339, -60429, 3755
17398, -339, -60438, 3755
17401, -340, -60446, 3755
17405, -341, -60457, 3755
17410, -341, -60468, 3754
17413, -341, -60485, 3753
17418, -342, -60496, 3753
17422, -342, -60507, 3754
17426, -342, -60518, 3753
17430, -343, -60530, 3751
17433, -343, -60543, 3750
17437, -344, -60555, 3751
17441, -345, -60564, 3750
17444, -345, -60573, 3749
17448, -346, -60582, 3749
17451, -346, -60596, 3749
17455, -347, -60608, 3747
17458, -348, -60617, 3746
17462, -348, -60626, 3748
17465, -348, -60637, 3746
17470, -349, -60652, 3746
17475, -349, -60663, 3745
17478, -350, -60672, 3744
17482, -351, -60680, 3744
17485, -351, -60688, 3745
17489, -351, -60699, 3743
17492, -352, -60712, 3743
17496, -352, -60723, 3743
17499, -352, -60733, 3742
17503, -353, -60742, 3742
17507, -353, -60754, 3742
17511, -354, -60771, 3740
17515, -354, -60789, 3740
17520, -355, -60800, 3740
17524, -355, -60811, 3739
17527, -356, -60826, 3739
17532, -357, -60845, 3736
17537, -357, -60856, 3737
17540, -358, -60867, 3736
17544, -359, -60879, 3736
17549, -360, -60894, 3734
17553, -360, -60907, 3734
17557, -361, -60919, 3733
17560, -361, -60928, 3734
17563, -362, -60937, 3733
17567, -362, -60948, 3732
17570, -363, -60960, 3732
17574, -363, -60974, 3731
17577, -364, -60986, 3731
17581, -364, -61000, 3730
17586, -365, -61011, 3730
17589, -365, -61024, 3729
17592, -366, -61041, 3729
17596, -366, -61057, 3728
17601, -367, -61068, 3728
17604, -367, -61078, 3728
17608, -368, -61089, 3726
17611, -368, -61108, 3726
17616, -369, -61121, 3725
17619, -370, -61131, 3723
17623, -371, -61142, 3725
17627, -371, -61157, 3723
17632, -372, -61172, 3721
17636, -373, -61188, 3721
17640, -373, -61199, 3721
17644, -374, -61212, 3721
17649, -375, -61224, 3720
17652, -375, -61241, 3718
17656, -376, -61256, 3718
17660, -377, -61272, 3718
17665, -377, -61283, 3719
17668, -378, -61296, 3717
17671, -378, -61312, 3716
17675, -379, -61327, 3715
17678, -379, -61339, 3716
17682, -380, -61350, 3716
17685, -380, -61364, 3716
17690, -380, -61379, 3713
17694, -381, -61394, 3711
17697, -382, -61405, 3713
17700, -382, -61418, 3713
17705, -383, -61431, 3712
17710, -384, -61444, 3711
17713, -384, -61461, 3709
17717, -385, -61477, 3710
17722, -385, -61492, 3709
17726, -386, -61509, 3709
17731, -387, -61532, 3707
17736, -387, -61553, 3706
17740, -388, -61567, 3706
17744, -389, -61580, 3705
17748, -390, -61598, 3704
17753, -391, -61622, 3703
17758, -392, -61642, 3702
17763, -392, -61654, 3703
17766, -393, -61665, 3703
17769, -393, -61678, 3700
17773, -394, -61697, 3698
17776, -395, -61713, 3697
17779, -396, -61726, 3698
17783, -397, -61738, 3698
17786, -398, -61757, 3696
17791, -399, -61777, 3694
17794, -399, -61798, 3696
17798, -400, -61822, 3695
17803, -401, -61843, 3694
17808, -401, -61861, 3693
17811, -402, -61880, 3691
17814, -403, -61900, 3690
17818, -404, -61921, 3690
17823, -405, -61938, 3690
17827, -405, -61955, 3690
17830, -406, -61985, 3688
17835, -407, -62016, 3685
17840, -408, -62035, 3685
17843, -409, -62053, 3685
17847, -410, -62071, 3684
17850, -411, -62094, 3683
17854, -412, -62118, 3682
17857, -412, -62138, 3682
17860, -414, -62156, 3679
17864, -414, -62171, 3681
17867, -415, -62194, 3681
17872, -416, -62223, 3674
17875, -418, -62250, 3675
17878, -418, -62272, 3676
17882, -419, -62293, 3676
17886, -420, -62312, 3676
17889, -420, -62336, 3673
17893, -421, -62367, 3671
17896, -422, -62399, 3671
17901, -423, -62421, 3671
17905, -424, -62443, 3670
17910, -426, -62470, 3667
17913, -427, -62515, 3665
17918, -428, -62540, 3666
17922, -429, -62567, 3666
17926, -430, -62595, 3665
17931, -431, -62632, 3662
17935, -432, -62665, 3660
17940, -433, -62691, 3660
17944, -434, -62717, 3659
17949, -436, -62748, 3658
17953, -437, -62784, 3656
17956, -438, -62817, 3655
17961, -439, -62849, 3655
17965, -440, -62872, 3654
17969, -441, -62906, 3653
17973, -442, -62939, 3650
17977, -443, -62976, 3651
17982, -444, -62999, 3650
17986, -445, -63022, 3648
17989, -446, -63049, 3647
17993, -448, -63082, 3643
17996, -449, -63111, 3643
17999, -451, -63135, 3644
18003, -451, -63155, 3644
18006, -452, -63177, 3643
18009, -453, -63203, 3641
18012, -453, -63240, 3639
18016, -454, -63273, 3639
18020, -456, -63299, 3638
18023, -456, -63327, 3639
18027, -457, -63361, 3638
18032, -458, -63396, 3634
18035, -459, -63439, 3633
18040, -460, -63465, 3634
18044, -461, -63497, 3633
18049, -463, -63541, 3631
18053, -464, -63592, 3627
18058, -465, -63624, 3628
18062, -466, -63652, 3628
18066, -468, -63685, 3626
18071, -469, -63723, 3623
18074, -470, -63769, 3623
18079, -471, -63807, 3623
18083, -472, -63844, 3623
18088, -473, -63882, 3620
18093, -474, -63925, 3617
18096, -476, -63958, 3617
18100, -477, -63986, 3617
18103, -478, -64012, 3616
18107, -479, -64041, 3616
18110, -480, -64076, 3614
18114, -481, -64128, 3611
18118, -482, -64168, 3611
18123, -483, -64197, 3611
18127, -484, -64224, 3609
18130, -486, -64278, 3607
18135, -487, -64333, 3604
18140, -488, -64366, 3606
18144, -489, -64396, 3606
18148, -490, -64442, 3604
18153, -492, -64501, 3600
18157, -492, -64541, 3601
18161, -494, -64581, 3598
18166, -495, -64622, 3598
18170, -497, -64664, 3595
18174, -499, -64723, 3592
18179, -500, -64768, 3595
18184, -501, -64810, 3594
18189, -502, -64847, 3591
18192, -503, -64891, 3590
18195, -504, -64930, 3589
18199, -505, -64962, 3589
18202, -506, -64990, 3588
18205, -507, -65018, 3587
18209, -508, -65055, 3586
18212, -509, -65101, 3584
18215, -510, -65141, 3582
18218, -511, -65175, 3584
18222, -512, -65205, 3582
18225, -513, -65234, 3582
18229, -514, -65273, 3580
18232, -515, -65321, 3577
18235, -516, -65365, 3578
18239, -517, -65399, 3578
18242, -517, -65430, 3578
18246, -518, -65465, 3576
18249, -519, -65512, 3574
18253, -520, -65561, 3572
18257, -521, -65605, 3572
18260, -522, -65639, 3572
18264, -523, -65672, 3572
18267, -524, -65706, 3568
18270, -525, -65750, 3568
18274, -526, -65802, 3568
18277, -527, -65843, 3567
18280, -528, -65877, 3566
18284, -529, -65910, 3565
18287, -529, -65943, 3566
18290, -530, -65987, 3562
18294, -532, -66043, 3560
18297, -533, -66086, 3562
18301, -533, -66122, 3562
18304, -534, -66156, 3560
18307, -535, -66194, 3559
18311, -536, -66243, 3556
18314, -537, -66298, 3555
18318, -539, -66340, 3555
18321, -540, -66376, 3555
18324, -540, -66410, 3555
18327, -541, -66447, 3553
18331, -542, -66495, 3551
18334, -543, -66549, 3549
18337, -544, -66593, 3549
18340, -545, -66629, 3549
18344, -546, -66666, 3550
18347, -546, -66707, 3549
18351, -547, -66764, 3546
18354, -548, -66836, 3546
18359, -549, -66882, 3543
18363, -550, -66931, 3544
18367, -551, -66974, 3542
18371, -553, -67033, 3540
18374, -554, -67099, 3538
18378, -555, -67158, 3539
18383, -556, -67201, 3539
18387, -557, -67260, 3537
18391, -558, -67341, 3534
18396, -559, -67392, 3534
18400, -560, -67438, 3534
18403, -562, -67490, 3531
18408, -563, -67555, 3530
18413, -564, -67617, 3528
18416, -566, -67663, 3527
18420, -567, -67703, 3527
18423, -568, -67739, 3528
18426, -568, -67776, 3527
18429, -569, -67822, 3525
18433, -570, -67880, 3522
18436, -571, -67926, 3521
18440, -572, -67967, 3522
18443, -573, -68002, 3521
18447, -574, -68042, 3521
18450, -575, -68087, 3520
18453, -575, -68146, 3517
18457, -576, -68188, 3517
18460, -577, -68227, 3516
18464, -579, -68266, 3515
18467, -579, -68306, 3516
18471, -580, -68358, 3512
18474, -581, -68411, 3512
18478, -582, -68463, 3512
18482, -583, -68510, 3510
18487, -585, -68566, 3508
18492, -586, -68626, 3505
18496, -587, -68679, 3506
18500, -589, -68728, 3506
18504, -590, -68771, 3505
18509, -591, -68835, 3503
18514, -591, -68904, 3501
18518, -592, -68955, 3501
18523, -594, -68988, 3499
18527, -595, -69025, 3500
18531, -596, -69090, 3496
18535, -597, -69148, 3495
18540, -599, -69186, 3494
18543, -600, -69217, 3495
18547, -601, -69249, 3493
18550, -602, -69291, 3491
18554, -603, -69342, 3489
18557, -604, -69384, 3490
18561, -605, -69420, 3489
18565, -606, -69466, 3487
18570, -607, -69517, 3486
18574, -608, -69565, 3485
18578, -609, -69615, 3484
18582, -611, -69657, 3483
18587, -612, -69693, 3482
18590, -613, -69740, 3481
18595, -614, -69799, 3479
18599, -615, -69837, 3478
18603, -616, -69870, 3478
18607, -617, -69906, 3478
18611, -618, -69957, 3474
18615, -619, -70001, 3473
18619, -621, -70036, 3471
18622, -622, -70069, 3472
18626, -624, -70111, 3470
18631, -625, -70171, 3468
18635, -626, -70213, 3468
18639, -626, -70245, 3469
18642, -627, -70275, 3467
18646, -628, -70304, 3466
18649, -629, -70342, 3464
18653, -630, -70390, 3461
18657, -632, -70429, 3462
18660, -633, -70463, 3461
18664, -634, -70506, 3460
18669, -635, -70543, 3459
18673, -636, -70592, 3456
18676, -637, -70630, 3456
18680, -638, -70671, 3455
18685, -639, -70710, 3456
18690, -640, -70748, 3453
18693, -642, -70804, 3449
18698, -643, -70837, 3451
18702, -644, -70874, 3451
18706, -645, -70906, 3449
18710, -646, -70957, 3447
18715, -647, -70998, 3443
18718, -649, -71028, 3444
18722, -650, -71054, 3445
18725, -651, -71080, 3444
18728, -652, -71132, 3442
18734, -653, -71172, 3438
18737, -654, -71205, 3441
18740, -655, -71242, 3439
18745, -656, -71270, 3438
18749, -657, -71307, 3435
18753, -658, -71346, 3434
18756, -660, -71377, 3433
18759, -661, -71404, 3434
18763, -662, -71428, 3432
18766, -662, -71451, 3433
18769, -663, -71481, 3432
18772, -664, -71517, 3429
18775, -665, -71550, 3428
18779, -666, -71576, 3428
18782, -667, -71601, 3426
18785, -668, -71625, 3428
18789, -669, -71658, 3425
18792, -670, -71700, 3422
18796, -671, -71732, 3424
18800, -671, -71763, 3424
18803, -672, -71799, 3422
18808, -673, -71831, 3421
18812, -674, -71878, 3419
18817, -675, -71920, 3416
18822, -677, -71950, 3417
18826, -678, -71977, 3416
18829, -679, -72020, 3414
18834, -681, -72066, 3412
18839, -682, -72098, 3411
18843, -683, -72124, 3411
18847, -684, -72150, 3410
18851, -685, -72191, 3408
18855, -687, -72232, 3405
18859, -687, -72265, 3407
18862, -689, -72289, 3405
18866, -690, -72312, 3404
18869, -691, -72339, 3403
18872, -692, -72374, 3400
18876, -693, -72403, 3402
18879, -694, -72429, 3400
18883, -695, -72458, 3400
18888, -695, -72492, 3399
18892, -696, -72528, 3396
18895, -698, -72561, 3395
18899, -698, -72594, 3396
18904, -699, -72620, 3395
18908, -701, -72644, 3392
18912, -702, -72694, 3391
18917, -703, -72732, 3388
18922, -704, -72758, 3390
18925, -706, -72781, 3388
18928, -707, -72815, 3387
18933, -708, -72859, 3383
18938, -709, -72886, 3384
18942, -711, -72914, 3382
18947, -712, -72948, 3383
18952, -714, -72993, 3378
18956, -714, -73023, 3379
18960, -715, -73058, 3379
18965, -716, -73089, 3378
18969, -717, -73114, 3377
18973, -719, -73145, 3372
18976, -720, -73171, 3374
18979, -721, -73192, 3373
18983, -722, -73213, 3373
18987, -723, -73236, 3373
18990, -723, -73267, 3369
18994, -724, -73301, 3369
18997, -725, -73334, 3367
19002, -727, -73358, 3367
19006, -728, -73379, 3367
19009, -729, -73403, 3364
19013, -730, -73446, 3362
19018, -731, -73475, 3363
19021, -732, -73495, 3363
19025, -733, -73518, 3363
19028, -733, -73545, 3360
19032, -734, -73578, 3357
19036, -735, -73605, 3358
19039, -737, -73627, 3357
19043, -738, -73647, 3357
19046, -739, -73676, 3356
19051, -739, -73716, 3353
19055, -741, -73747, 3352
19060, -741, -73778, 3353
19065, -743, -73802, 3350
19068, -744, -73834, 3350
19073, -746, -73866, 3345
19076, -747, -73895, 3347
19081, -748, -73915, 3347
19085, -749, -73934, 3345
19088, -750, -73955, 3344
19091, -751, -73986, 3342
19095, -752, -74016, 3341
19098, -753, -74039, 3341
19102, -754, -74058, 3341
19106, -754, -74083, 3341
19109, -755, -74107, 3338
19113, -756, -74146, 3335
19118, -757, -74171, 3336
19122, -758, -74190, 3336
19126, -760, -74214, 3334
19130, -761, -74249, 3332
19135, -762, -74282, 3331
19139, -763, -74309, 3331
19143, -764, -74328, 3330
19146, -765, -74356, 3330
19151, -766, -74386, 3327
19155, -767, -74414, 3325
19159, -768, -74436, 3325
19162, -769, -74459, 3325
19167, -771, -74480, 3323
19171, -772, -74514, 3322
19175, -773, -74542, 3320
19178, -773, -74566, 3321
19182, -774, -74590, 3321
19186, -775, -74621, 3319
19191, -776, -74650, 3315
19195, -777, -74674, 3316
19198, -778, -74694, 3315
19202, -780, -74713, 3314
19205, -781, -74733, 3313
19209, -782, -74756, 3312
19212, -783, -74784, 3308
19216, -785, -74811, 3308
19219, -785, -74830, 3310
19222, -786, -74848, 3308
19226, -787, -74868, 3309
19230, -788, -74894, 3305
19233, -788, -74923, 3304
19237, -790, -74947, 3304
19241, -790, -74965, 3305
19244, -791, -74982, 3304
19248, -792, -75004, 3302
19252, -793, -75047, 3299
19257, -794, -75076, 3299
19261, -795, -75102, 3298
19266, -797, -75127, 3297
19270, -798, -75151, 3296
19274, -799, -75183, 3293
19278, -800, -75205, 3295
19283, -801, -75226, 3293
19287, -802, -75249, 3290
19292, -804, -75287, 3289
19297, -804, -75316, 3289
19301, -806, -75334, 3288
19305, -807, -75352, 3288
19308, -808, -75372, 3286
19311, -809, -75397, 3284
19315, -810, -75419, 3284
19318, -810, -75438, 3284
19322, -811, -75454, 3283
19325, -812, -75470, 3283
19329, -813, -75496, 3281
19333, -814, -75528, 3279
19337, -815, -75552, 3279
19341, -815, -75572, 3279
19345, -816, -75593, 3278
19350, -818, -75617, 3274
19353, -819, -75652, 3273
19358, -820, -75672, 3274
19362, -821, -75697, 3274
19367, -822, -75714, 3272
19370, -823, -75743, 3271
19375, -824, -75770, 3267
19379, -825, -75794, 3268
19383, -826, -75818, 3269
19388, -827, -75840, 3266
19392, -829, -75877, 3264
19397, -829, -75905, 3265
19401, -830, -75928, 3264
19406, -831, -75946, 3262
19409, -833, -75974, 3260
19414, -834, -76000, 3259
19418, -835, -76018, 3258
19421, -836, -76034, 3257
19425, -837, -76051, 3258
19428, -838, -76070, 3257
19431, -839, -76095, 3253
19435, -840, -76127, 3252
19439, -841, -76146, 3252
19443, -842, -76165, 3253
19447, -843, -76183, 3251
19450, -844, -76205, 3249
19454, -845, -76233, 3248
19458, -846, -76253, 3248
19462, -847, -76269, 3247
19466, -848, -76286, 3248
19470, -848, -76310, 3246
19476, -849, -76361, 3245
19480, -850, -76379, 3244
19484, -851, -76397, 3242
19488, -852, -76415, 3241
19491, -853, -76439, 3240
19494, -855, -76462, 3238
19498, -856, -76479, 3238
19501, -857, -76493, 3237
19504, -857, -76507, 3238
19508, -858, -76522, 3237
19511, -859, -76544, 3235
19514, -859, -76568, 3234
19518, -860, -76585, 3234
19521, -861, -76602, 3234
19524, -862, -76619, 3232
19528, -863, -76635, 3231
19531, -863, -76659, 3230
19534, -864, -76684, 3229
19538, -865, -76704, 3229
19542, -866, -76724, 3229
19546, -867, -76746, 3227
19551, -868, -76778, 3223
19556, -869, -76798, 3224
19560, -870, -76812, 3223
19563, -872, -76831, 3223
19568, -873, -76858, 3222
19573, -874, -76885, 3217
19576, -875, -76912, 3219
19581, -876, -76935, 3219
19585, -877, -76958, 3217
19590, -878, -76979, 3216
19594, -878, -77008, 3216
19599, -879, -77026, 3214
19602, -880, -77045, 3214
19607, -881, -77067, 3213
19612, -882, -77103, 3209
19617, -883, -77128, 3212
19622, -884, -77144, 3209
19625, -885, -77161, 3208
19629, -886, -77182, 3208
19633, -888, -77209, 3203
19636, -889, -77228, 3206
19640, -890, -77244, 3205
19643, -891, -77260, 3203
19647, -892, -77282, 3203
19652, -892, -77305, 3200
19655, -894, -77325, 3199
19659, -895, -77347, 3200
19664, -895, -77367, 3200
19668, -896, -77385, 3199
19672, -897, -77413, 3197
19676, -897, -77436, 3196
19679, -898, -77454, 3195
19683, -899, -77471, 3195
19687, -900, -77487, 3194
19690, -901, -77506, 3192
19694, -902, -77529, 3192
19697, -903, -77544, 3191
19701, -904, -77558, 3191
19705, -905, -77575, 3189
19709, -905, -77598, 3188
19713, -906, -77630, 3187
19718, -907, -77653, 3187
19723, -908, -77674, 3187
19728, -909, -77699, 3185
19732, -910, -77721, 3181
19736, -912, -77741, 3180
19739, -913, -77756, 3182
19742, -914, -77769, 3182
19746, -914, -77783, 3181
19749, -915, -77801, 3180
19753, -915, -77824, 3179
19757, -916, -77843, 3177
19760, -917, -77860, 3178
19764, -918, -77874, 3176
19768, -918, -77899, 3177
19772, -919, -77924, 3173
19776, -920, -77953, 3173
19781, -921, -77968, 3173
19785, -922, -77989, 3172
19789, -923, -78012, 3170
19794, -924, -78039, 3170
19798, -925, -78054, 3169
19802, -926, -78072, 3168
19807, -927, -78088, 3167
19811, -928, -78113, 3166
19815, -929, -78141, 3165
19819, -930, -78162, 3163
19824, -930, -78182, 3165
19829, -931, -78200, 3163
19833, -932, -78230, 3160
19837, -933, -78250, 3161
19841, -934, -78269, 3161
19846, -935, -78285, 3160
19849, -936, -78301, 3158
19852, -936, -78320, 3156
19856, -937, -78337, 3156
19859, -939, -78350, 3154
19863, -940, -78364, 3155
19866, -941, -78385, 3154
19871, -941, -78409, 3153
19875, -942, -78432, 3151
19878, -943, -78454, 3152
19883, -943, -78474, 3152
19887, -944, -78493, 3150
19891, -945, -78514, 3148
19895, -946, -78533, 3146
19898, -947, -78552, 3147
19903, -948, -78568, 3148
19907, -949, -78583, 3146
19910, -949, -78607, 3145
19915, -950, -78635, 3143
19920, -951, -78655, 3143
19924, -952, -78678, 3141
19929, -953, -78705, 3139
19934, -955, -78732, 3139
19938, -955, -78752, 3139
19941, -956, -78772, 3138
19946, -957, -78793, 3137
19951, -958, -78816, 3134
19954, -959, -78838, 3133
19958, -960, -78855, 3134
19961, -961, -78869, 3134
19965, -962, -78884, 3132
19968, -963, -78903, 3132
19972, -963, -78927, 3129
19975, -965, -78949, 3128
19979, -966, -78975, 3129
19983, -966, -78997, 3130
19988, -967, -79016, 3128
19992, -968, -79045, 3124
19996, -969, -79069, 3124
20001, -970, -79084, 3123
20005, -971, -79100, 3123
20008, -972, -79116, 3122
20012, -973, -79140, 3120
20015, -974, -79170, 3118
20020, -975, -79193, 3119
20024, -976, -79216, 3118
20029, -977, -79242, 3117
20033, -978, -79267, 3114
20037, -979, -79287, 3115
20041, -980, -79304, 3114
20045, -981, -79320, 3115
20048, -981, -79337, 3113
20052, -982, -79363, 3109
20056, -983, -79386, 3111
20059, -984, -79406, 3109
20063, -985, -79428, 3110
20068, -986, -79446, 3108
20071, -987, -79470, 3106
20075, -988, -79492, 3105
20078, -989, -79509, 3106
20081, -990, -79523, 3104
20085, -991, -79545, 3104
20089, -991, -79564, 3103
20093, -992, -79591, 3099
20097, -993, -79610, 3101
20100, -994, -79632, 3101
20105, -995, -79650, 3100
20109, -996, -79677, 3098
20113, -996, -79706, 3096
20117, -997, -79732, 3096
20122, -999, -79751, 3095
20125, -1000, -79771, 3094
20129, -1001, -79793, 3094
20133, -1001, -79825, 3092
20138, -1002, -79844, 3092
20142, -1003, -79864, 3090
20146, -1004, -79879, 3091
20149, -1005, -79909, 3089
20154, -1006, -79940, 3085
20158, -1007, -79965, 3086
20162, -1008, -79984, 3086
20165, -1009, -79999, 3085
20169, -1010, -80027, 3084
20173, -1011, -80053, 3081
20177, -1012, -80074, 3081
20180, -1013, -80092, 3082
20183, -1014, -80108, 3081
20187, -1014, -80126, 3081
20191, -1015, -80154, 3079
20195, -1016, -80180, 3077
20198, -1017, -80201, 3077
20201, -1017, -80218, 3078
20205, -1018, -80236, 3075
20208, -1019, -80255, 3074
20212, -1020, -80281, 3072
20215, -1021, -80306, 3073
20219, -1022, -80325, 3072
20223, -1023, -80341, 3072
20226, -1024, -80364, 3070
20231, -1024, -80399, 3069
20236, -1026, -80428, 3067
20240, -1027, -80447, 3067
20244, -1028, -80471, 3067
20249, -1029, -80498, 3064
20253, -1030, -80526, 3063
20257, -1031, -80549, 3064
20261, -1032, -80572, 3062
20266, -1033, -80594, 3060
20271, -1034, -80619, 3059
20275, -1035, -80646, 3058
20278, -1036, -80664, 3058
20282, -1037, -80681, 3058
20285, -1038, -80697, 3057
20289, -1038, -80716, 3055
20292, -1039, -80742, 3054
20296, -1040, -80773, 3053
20301, -1041, -80796, 3052
20305, -1042, -80813, 3053
20308, -1043, -80839, 3052
20313, -1044, -80872, 3049
20318, -1044, -80893, 3050
20322, -1045, -80909, 3049
20325, -1046, -80931, 3047
20330, -1048, -80964, 3045
20335, -1048, -80997, 3045
20339, -1049, -81016, 3045
20343, -1050, -81039, 3045
20348, -1051, -81067, 3043
20352, -1052, -81092, 3040
20356, -1053, -81118, 3041
20361, -1054, -81139, 3040
20366, -1055, -81158, 3039
20370, -1056, -81179, 3038
20373, -1057, -81204, 3036
20377, -1058, -81230, 3036
20382, -1059, -81249, 3035
20386, -1060, -81267, 3035
20389, -1060, -81285, 3035
20392, -1061, -81308, 3032
20396, -1062, -81328, 3033
20400, -1062, -81346, 3032
20403, -1063, -81360, 3032
20406, -1063, -81374, 3032
20410, -1064, -81391, 3031
20413, -1064, -81414, 3029
20417, -1065, -81430, 3030
20420, -1065, -81443, 3030
20424, -1066, -81458, 3029
20428, -1066, -81475, 3028
20431, -1067, -81498, 3026
20435, -1068, -81521, 3025
20440, -1069, -81540, 3026
20445, -1070, -81559, 3025
20449, -1070, -81576, 3025
20453, -1071, -81600, 3023
20457, -1071, -81619, 3023
20462, -1072, -81632, 3022
20466, -1073, -81646, 3022
20469, -1073, -81665, 3021
20474, -1074, -81688, 3019
20478, -1075, -81701, 3020
20482, -1075, -81714, 3019
20486, -1076, -81726, 3018
20490, -1077, -81745, 3018
20493, -1077, -81766, 3017
20497, -1078, -81779, 3018
20501, -1078, -81791, 3018
20504, -1078, -81803, 3017
20508, -1078, -81818, 3016
20511, -1079, -81834, 3014
20515, -1080, -81851, 3013
20518, -1081, -81866, 3014
20523, -1082, -81877, 3013
20526, -1082, -81890, 3013
20530, -1083, -81905, 3011
20534, -1083, -81923, 3011
20539, -1084, -81933, 3012
20542, -1084, -81945, 3012
20546, -1084, -81959, 3011
20550, -1085, -81974, 3009
20553, -1085, -81992, 3009
20557, -1086, -82004, 3009
20560, -1086, -82014, 3010
20564, -1086, -82025, 3009
20567, -1086, -82038, 3009
20570, -1087, -82052, 3005
20573, -1088, -82069, 3006
20577, -1089, -82081, 3006
20580, -1089, -82090, 3005
20583, -1090, -82101, 3006
20587, -1090, -82114, 3004
20591, -1091, -82131, 3003
20594, -1091, -82145, 3004
20598, -1091, -82156, 3005
20602, -1091, -82166, 3005
20606, -1092, -82176, 3003
20609, -1092, -82188, 3001
20612, -1093, -82203, 3000
20615, -1094, -82213, 3001
20619, -1094, -82223, 3001
20623, -1095, -82230, 3000
20626, -1095, -82240, 3002
20629, -1095, -82258, 3000
20634, -1095, -82278, 3000
20638, -1095, -82289, 2999
20642, -1096, -82301, 2999
20646, -1096, -82317, 2998
20651, -1097, -82337, 2997
20655, -1098, -82350, 2996
20659, -1098, -82361, 2996
20664, -1099, -82374, 2996
20668, -1100, -82391, 2995
20673, -1100, -82408, 2994
20677, -1101, -82422, 2994
20681, -1101, -82435, 2995
20686, -1101, -82446, 2994
20690, -1102, -82466, 2992
20695, -1102, -82485, 2992
20699, -1103, -82498, 2991
20704, -1104, -82511, 2991
20708, -1104, -82530, 2991
20713, -1105, -82553, 2988
20718, -1105, -82566, 2991
20721, -1105, -82577, 2990
20725, -1106, -82589, 2989
20728, -1106, -82602, 2989
20732, -1106, -82621, 2987
20735, -1107, -82633, 2986
20739, -1108, -82644, 2987
20742, -1108, -82654, 2988
20746, -1109, -82667, 2984
20750, -1109, -82684, 2986
20754, -1110, -82699, 2983
20758, -1111, -82715, 2984
20763, -1111, -82729, 2984
20767, -1111, -82742, 2984
20771, -1112, -82761, 2982
20775, -1112, -82781, 2982
20780, -1113, -82793, 2982
20783, -1113, -82805, 2982
20787, -1114, -82817, 2980
20790, -1114, -82841, 2981
20795, -1115, -82859, 2978
20800, -1116, -82871, 2979
20803, -1116, -82883, 2979
20807, -1116, -82895, 2979
20811, -1117, -82908, 2977
20814, -1117, -82923, 2977
20818, -1118, -82931, 2977
20821, -1118, -82941, 2978
20825, -1118, -82950, 2977
20828, -1119, -82963, 2976
20831, -1119, -82977, 2976
20835, -1119, -82990, 2975
20838, -1120, -82999, 2976
20842, -1120, -83009, 2974
20845, -1120, -83020, 2975
20849, -1121, -83031, 2974
20852, -1121, -83048, 2972
20855, -1122, -83060, 2973
20859, -1122, -83071, 2972
20863, -1123, -83081, 2972
20866, -1123, -83096, 2973
20871, -1123, -83112, 2971
20875, -1124, -83128, 2971
20879, -1124, -83136, 2971
20883, -1124, -83146, 2971
20886, -1125, -83156, 2970
20890, -1125, -83177, 2969
20895, -1126, -83189, 2968
20900, -1126, -83199, 2969
20905, -1127, -83208, 2968
20909, -1127, -83223, 2968
20913, -1128, -83240, 2966
20917, -1128, -83249, 2968
20922, -1128, -83257, 2968
20926, -1128, -83268, 2967
20929, -1129, -83284, 2966
20934, -1129, -83299, 2965
20939, -1129, -83310, 2966
20944, -1130, -83316, 2966
20947, -1130, -83327, 2964
20950, -1131, -83338, 2964
20954, -1131, -83348, 2965
20957, -1131, -83354, 2964
20961, -1131, -83362, 2964
20964, -1131, -83369, 2965
20967, -1131, -83378, 2964
20971, -1132, -83388, 2963
20974, -1132, -83396, 2963
20977, -1132, -83401, 2964
20981, -1132, -83409, 2963
20985, -1133, -83419, 2962
20990, -1133, -83430, 2961
20994, -1133, -83440, 2961
20999, -1134, -83445, 2962
21002, -1134, -83452, 2961
21007, -1134, -83461, 2961
21011, -1135, -83470, 2960
21014, -1135, -83479, 2959
21018, -1135, -83484, 2961
21021, -1135, -83487, 2961
21025, -1135, -83497, 2961
21030, -1135, -83512, 2959
21034, -1135, -83521, 2959
21038, -1136, -83525, 2960
21042, -1136, -83531, 2958
21045, -1137, -83543, 2958
21050, -1137, -83558, 2956
21054, -1137, -83566, 2959
21058, -1138, -83570, 2958
21061, -1138, -83575, 2958
21065, -1138, -83582, 2957
21068, -1138, -83590, 2958
21071, -1138, -83601, 2955
21074, -1139, -83608, 2957
21078, -1139, -83612, 2957
21082, -1139, -83617, 2957
21085, -1139, -83624, 2956
21089, -1139, -83632, 2954
21093, -1140, -83643, 2955
21098, -1140, -83645, 2955
21101, -1140, -83650, 2956
21105, -1141, -83656, 2955
21109, -1141, -83666, 2954
21114, -1141, -83674, 2954
21118, -1141, -83677, 2955
21121, -1141, -83681, 2955
21125, -1141, -83689, 2954
21128, -1141, -83698, 2954
21133, -1141, -83707, 2953
21137, -1142, -83710, 2953
21141, -1142, -83713, 2954
21144, -1142, -83718, 2954
21148, -1142, -83725, 2954
21152, -1142, -83736, 2951
21156, -1143, -83740, 2952
21161, -1143, -83744, 2951
21164, -1144, -83748, 2952
21168, -1144, -83754, 2952
21171, -1144, -83764, 2951
21174, -1144, -83769, 2951
21178, -1144, -83771, 2951
21181, -1144, -83775, 2951
21184, -1144, -83781, 2952
21188, -1145, -83788, 2950
21191, -1145, -83796, 2950
21195, -1145, -83802, 2949
21198, -1145, -83805, 2951
21202, -1145, -83808, 2951
21205, -1145, -83814, 2950
21208, -1145, -83822, 2950
21212, -1145, -83832, 2949
21215, -1146, -83837, 2949
21219, -1147, -83839, 2947
21223, -1147, -83844, 2948
21226, -1147, -83853, 2948
21230, -1148, -83862, 2948
21234, -1148, -83870, 2949
21238, -1147, -83871, 2949
21241, -1147, -83876, 2949
21245, -1147, -83881, 2948
21248, -1147, -83888, 2948
21251, -1148, -83895, 2946
21255, -1148, -83900, 2947
21258, -1148, -83903, 2949
21261, -1148, -83906, 2947
21265, -1148, -83911, 2947
21268, -1148, -83917, 2946
21271, -1149, -83925, 2945
21274, -1149, -83931, 2946
21278, -1150, -83933, 2946
21281, -1150, -83936, 2946
21284, -1150, -83940, 2946
21287, -1150, -83947, 2946
21291, -1150, -83954, 2945
21295, -1150, -83960, 2946
21298, -1150, -83963, 2945
21302, -1150, -83967, 2945
21306, -1150, -83972, 2945
21310, -1151, -83980, 2943
21313, -1151, -83987, 2943
21317, -1151, -83989, 2945
21321, -1151, -83992, 2945
21324, -1152, -83997, 2944
21328, -1151, -84005, 2944
21332, -1151, -84016, 2943
21336, -1152, -84019, 2944
21340, -1152, -84022, 2944
21344, -1152, -84028, 2943
21348, -1152, -84039, 2942
21353, -1153, -84048, 2941
21356, -1153, -84052, 2943
21360, -1153, -84056, 2942
21364, -1154, -84064, 2942
21369, -1154, -84072, 2941
21372, -1154, -84081, 2940
21376, -1154, -84085, 2942
21380, -1155, -84089, 2940
21383, -1155, -84094, 2940
21387, -1155, -84102, 2940
21390, -1155, -84112, 2939
21394, -1156, -84120, 2941
21399, -1156, -84125, 2940
21403, -1156, -84129, 2940
21407, -1156, -84139, 2939
21412, -1156, -84151, 2938
21416, -1157, -84156, 2938
21420, -1157, -84161, 2940
21423, -1157, -84168, 2938
21428, -1157, -84178, 2938
21432, -1158, -84186, 2936
21436, -1158, -84191, 2938
21440, -1158, -84194, 2939
21443, -1158, -84201, 2937
21447, -1158, -84208, 2936
21451, -1158, -84218, 2936
21456, -1159, -84223, 2936
21460, -1159, -84227, 2936
21465, -1160, -84233, 2936
21468, -1160, -84240, 2935
21472, -1160, -84250, 2934
21477, -1160, -84254, 2935
21481, -1160, -84258, 2936
21485, -1161, -84263, 2935
21488, -1161, -84272, 2934
21492, -1161, -84280, 2933
21496, -1161, -84285, 2934
21499, -1161, -84289, 2935
21504, -1162, -84294, 2933
21510, -1162, -84306, 2932
21513, -1162, -84315, 2933
21517, -1162, -84318, 2933
21520, -1163, -84323, 2933
21524, -1163, -84331, 2933
21529, -1163, -84339, 2933
21532, -1163, -84349, 2931
21536, -1163, -84355, 2932
21540, -1163, -84359, 2932
21543, -1163, -84365, 2933
21547, -1164, -84373, 2931
21551, -1164, -84382, 2931
21554, -1164, -84389, 2931
21558, -1164, -84393, 2930
21562, -1165, -84398, 2931
21565, -1165, -84406, 2930
21569, -1165, -84415, 2929
21573, -1166, -84424, 2929
21576, -1166, -84431, 2931
21581, -1166, -84435, 2931
21585, -1166, -84443, 2929
21589, -1166, -84451, 2928
21593, -1166, -84460, 2927
21596, -1167, -84464, 2928
21600, -1168, -84468, 2927
21603, -1168, -84474, 2926
21607, -1169, -84481, 2926
21610, -1169, -84494, 2927
21615, -1169, -84502, 2926
21619, -1169, -84506, 2926
21623, -1170, -84511, 2925
21627, -1169, -84518, 2927
21630, -1170, -84528, 2925
21634, -1170, -84537, 2925
21637, -1170, -84541, 2926
21641, -1170, -84546, 2925
21644, -1170, -84552, 2925
21647, -1171, -84558, 2923
21651, -1171, -84567, 2925
21654, -1171, -84575, 2923
21657, -1172, -84579, 2923
21660, -1172, -84582, 2924
21664, -1172, -84588, 2923
21667, -1173, -84594, 2922
21670, -1173, -84602, 2922
21673, -1173, -84610, 2923
21677, -1173, -84614, 2922
21680, -1173, -84619, 2922
21683, -1173, -84623, 2922
21686, -1174, -84629, 2921
21690, -1174, -84636, 2922
21693, -1174, -84643, 2922
21696, -1174, -84648, 2922
21701, -1174, -84652, 2921
21704, -1174, -84657, 2920
21707, -1175, -84664, 2920
21710, -1175, -84671, 2920
21714, -1176, -84679, 2918
21718, -1176, -84684, 2920
21722, -1176, -84690, 2920
21726, -1176, -84697, 2919
21730, -1176, -84709, 2919
21735, -1176, -84715, 2918
21739, -1176, -84719, 2920
21743, -1177, -84725, 2918
21748, -1177, -84735, 2919
21752, -1177, -84744, 2918
21756, -1177, -84750, 2918
21760, -1177, -84756, 2918
21765, -1178, -84762, 2917
21768, -1178, -84772, 2917
21772, -1178, -84783, 2916
21776, -1179, -84791, 2916
21781, -1179, -84796, 2916
21785, -1179, -84803, 2916
21788, -1180, -84813, 2915
21792, -1180, -84827, 2915
21797, -1180, -84833, 2915
21800, -1180, -84841, 2915
21805, -1181, -84851, 2915
21810, -1181, -84865, 2913
21815, -1181, -84873, 2913
21818, -1182, -84879, 2914
21821, -1182, -84884, 2914
21825, -1182, -84891, 2913
21828, -1182, -84900, 2913
21832, -1183, -84910, 2911
21836, -1183, -84917, 2912
21839, -1183, -84923, 2912
21843, -1184, -84930, 2911
21847, -1184, -84937, 2910
21850, -1185, -84945, 2910
21853, -1185, -84955, 2909
21857, -1186, -84960, 2910
21860, -1186, -84965, 2910
21863, -1186, -84970, 2909
21867, -1186, -84976, 2910
21870, -1186, -84984, 2909
21873, -1187, -84994, 2907
21876, -1187, -85000, 2908
21880, -1187, -85005, 2908
21883, -1188, -85010, 2907
21886, -1188, -85016, 2908
21890, -1188, -85025, 2907
21893, -1188, -85035, 2906
21896, -1189, -85041, 2907
21900, -1189, -85046, 2907
21903, -1189, -85052, 2905
21906, -1189, -85058, 2907
21910, -1189, -85067, 2906
21913, -1190, -85078, 2905
21916, -1190, -85084, 2905
21919, -1190, -85090, 2905
21923, -1191, -85097, 2904
21927, -1191, -85106, 2904
21930, -1191, -85114, 2905
21933, -1192, -85124, 2902
21936, -1192, -85131, 2902
21940, -1192, -85136, 2903
21943, -1193, -85142, 2903
21947, -1193, -85150, 2903
21950, -1193, -85159, 2901
21954, -1193, -85169, 2902
21957, -1194, -85174, 2901
21960, -1194, -85179, 2902
21964, -1194, -85186, 2901
21967, -1194, -85192, 2901
21970, -1195, -85202, 2900
21974, -1195, -85210, 2900
21978, -1195, -85217, 2902
21982, -1195, -85222, 2899
21986, -1196, -85228, 2898
21990, -1196, -85240, 2899
21995, -1196, -85247, 2899
21998, -1197, -85252, 2899
22003, -1197, -85258, 2898
22006, -1197, -85265, 2897
22010, -1197, -85273, 2899
22014, -1198, -85281, 2897
22017, -1198, -85285, 2897
22021, -1198, -85289, 2899
22025, -1198, -85298, 2897
22029, -1198, -85308, 2897
22034, -1198, -85314, 2897
22037, -1199, -85317, 2895
22041, -1199, -85321, 2895
22044, -1200, -85324, 2896
22047, -1200, -85329, 2897
22051, -1200, -85339, 2894
22056, -1200, -85342, 2895
22059, -1200, -85346, 2894
22063, -1200, -85349, 2896
22066, -1201, -85355, 2896
22070, -1201, -85363, 2894
22074, -1201, -85369, 2893
22077, -1201, -85375, 2896
22082, -1201, -85378, 2893
22085, -1202, -85383, 2894
22089, -1202, -85389, 2893
22092, -1202, -85395, 2893
22095, -1203, -85399, 2892
22098, -1202, -85402, 2894
22102, -1203, -85405, 2893
22105, -1203, -85410, 2892
22109, -1203, -85416, 2891
22112, -1203, -85424, 2892
22116, -1204, -85429, 2892
22121, -1204, -85432, 2891
22125, -1204, -85439, 2892
22130, -1204, -85444, 2891
22133, -1205, -85451, 2889
22138, -1205, -85456, 2891
22142, -1205, -85461, 2890
22147, -1205, -85466, 2891
22150, -1205, -85472, 2890
22154, -1205, -85477, 2889
22157, -1206, -85480, 2890
22160, -1206, -85483, 2889
22164, -1206, -85487, 2890
22167, -1206, -85494, 2890
22172, -1206, -85501, 2888
22176, -1206, -85505, 2890
22180, -1206, -85508, 2889
22185, -1206, -85513, 2889
22189, -1207, -85519, 2889
22192, -1207, -85525, 2886
22196, -1207, -85529, 2888
22201, -1208, -85533, 2888
22205, -1208, -85539, 2888
22210, -1208, -85545, 2888
22213, -1208, -85552, 2886
22218, -1208, -85555, 2888
22222, -1208, -85559, 2886
22227, -1209, -85566, 2887
22231, -1209, -85572, 2887
22235, -1209, -85577, 2886
22239, -1209, -85580, 2886
22244, -1209, -85583, 2885
22247, -1210, -85588, 2885
22251, -1210, -85593, 2885
22254, -1210, -85599, 2886
22258, -1210, -85601, 2886
22261, -1210, -85604, 2884
22266, -1210, -85610, 2885
22271, -1211, -85616, 2884
22274, -1211, -85621, 2884
22278, -1211, -85624, 2884
22283, -1211, -85628, 2884
22287, -1212, -85633, 2883
22291, -1212, -85639, 2883
22294, -1212, -85644, 2883
22299, -1212, -85645, 2883
22303, -1213, -85649, 2883
22307, -1213, -85653, 2882
22310, -1213, -85658, 2882
22314, -1213, -85664, 2884
22319, -1213, -85666, 2883
22323, -1213, -85669, 2882
22326, -1213, -85674, 2883
22330, -1213, -85681, 2883
22335, -1213, -85685, 2881
22339, -1213, -85688, 2882
22344, -1214, -85691, 2881
22349, -1214, -85699, 2882
22353, -1214, -85704, 2881
22357, -1214, -85705, 2881
22360, -1214, -85708, 2883
22363, -1214, -85711, 2882
22367, -1214, -85714, 2882
22370, -1214, -85719, 2881
22373, -1214, -85724, 2878
22377, -1215, -85726, 2881
22381, -1215, -85729, 2879
22386, -1216, -85732, 2880
22390, -1216, -85740, 2878
22395, -1216, -85744, 2879
22399, -1217, -85746, 2879
22404, -1217, -85750, 2878
22407, -1217, -85756, 2878
22412, -1217, -85763, 2879
22416, -1217, -85766, 2879
22420, -1217, -85769, 2878
22425, -1217, -85774, 2878
22430, -1217, -85782, 2877
22434, -1218, -85787, 2877
22438, -1218, -85789, 2878
22443, -1218, -85793, 2877
22447, -1218, -85800, 2877
22452, -1219, -85807, 2876
22456, -1219, -85810, 2876
22460, -1219, -85814, 2876
22465, -1220, -85819, 2875
22468, -1220, -85823, 2876
22471, -1220, -85828, 2875
22475, -1220, -85832, 2875
22479, -1220, -85835, 2876
22482, -1220, -85837, 2876
22485, -1220, -85841, 2875
22489, -1220, -85846, 2874
22492, -1220, -85851, 2875
22496, -1221, -85854, 2875
22499, -1221, -85855, 2875
22502, -1221, -85858, 2874
22506, -1221, -85862, 2874
22509, -1221, -85867, 2874
22513, -1222, -85873, 2873
22516, -1222, -85875, 2874
22519, -1222, -85876, 2874
22522, -1222, -85879, 2873
22526, -1222, -85882, 2874
22529, -1222, -85886, 2874
22532, -1222, -85891, 2872
22536, -1223, -85893, 2872
22539, -1223, -85895, 2872
22543, -1223, -85898, 2874
22546, -1223, -85901, 2872
22549, -1223, -85905, 2873
22552, -1223, -85909, 2871
22556, -1223, -85912, 2872
22559, -1224, -85913, 2871
22562, -1224, -85916, 2873
22565, -1224, -85919, 2870
22569, -1224, -85923, 2870
22572, -1225, -85929, 2871
22576, -1225, -85931, 2871
22579, -1225, -85933, 2871
22582, -1225, -85936, 2871
22585, -1225, -85939, 2871
22589, -1225, -85943, 2871
22592, -1225, -85949, 2869
22596, -1226, -85951, 2868
22599, -1226, -85954, 2870
22602, -1226, -85955, 2869
22606, -1226, -85959, 2871
22609, -1226, -85963, 2870
22612, -1226, -85968, 2868
22615, -1226, -85970, 2869
22619, -1226, -85972, 2869
22622, -1227, -85974, 2869
22625, -1227, -85978, 2869
22629, -1227, -85982, 2869
22632, -1227, -85987, 2868
22635, -1227, -85989, 2869
22639, -1227, -85991, 2869
22642, -1227, -85992, 2868
22645, -1227, -85996, 2867
22648, -1227, -86000, 2868
22652, -1228, -86004, 2868
22655, -1228, -86008, 2868
22658, -1228, -86009, 2867
22661, -1228, -86012, 2869
22665, -1228, -86015, 2868
22668, -1228, -86018, 2866
22671, -1228, -86024, 2867
22675, -1228, -86028, 2868
22678, -1229, -86030, 2866
22681, -1229, -86032, 2867
22684, -1229, -86035, 2866
22688, -1229, -86040, 2866
22691, -1229, -86044, 2866
22694, -1229, -86048, 2866
22697, -1230, -86049, 2866
22701, -1229, -86051, 2867
22704, -1229, -86053, 2867
22707, -1229, -86058, 2865
22710, -1230, -86063, 2865
22714, -1230, -86067, 2864
22717, -1230, -86069, 2867
22720, -1230, -86072, 2866
22724, -1230, -86075, 2866
22727, -1230, -86079, 2864
22730, -1230, -86083, 2864
22733, -1231, -86089, 2864
22737, -1231, -86091, 2864
22740, -1232, -86093, 2864
22743, -1232, -86095, 2864
22746, -1232, -86100, 2864
22749, -1232, -86105, 2863
22753, -1232, -86111, 2861
22756, -1233, -86114, 2863
22759, -1233, -86116, 2863
22762, -1233, -86119, 2862
22766, -1233, -86123, 2862
22769, -1233, -86128, 2862
22772, -1233, -86134, 2862
22776, -1234, -86138, 2862
22779, -1234, -86140, 2862
22782, -1234, -86144, 2862
22785, -1234, -86148, 2862
22789, -1234, -86153, 2861
22792, -1234, -86160, 2860
22795, -1234, -86163, 2861
22798, -1235, -86167, 2860
22802, -1235, -86169, 2860
22805, -1236, -86173, 2859
22808, -1236, -86178, 2859
22812, -1236, -86183, 2858
22815, -1236, -86188, 2861
22818, -1236, -86191, 2860
22821, -1236, -86195, 2860
22824, -1236, -86198, 2859
22828, -1236, -86203, 2860
22831, -1236, -86208, 2860
22834, -1236, -86214, 2858
22837, -1236, -86217, 2859
22841, -1237, -86220, 2858
22844, -1237, -86224, 2857
22847, -1237, -86228, 2859
22851, -1238, -86234, 2857
22854, -1238, -86239, 2858
22857, -1238, -86242, 2858
22860, -1238, -86246, 2858
22864, -1238, -86249, 2857
22867, -1238, -86254, 2857
22870, -1239, -86259, 2854
22873, -1239, -86266, 2856
22876, -1239, -86270, 2857
22880, -1240, -86274, 2855
22883, -1240, -86277, 2855
22886, -1240, -86283, 2855
22889, -1240, -86288, 2855
22893, -1241, -86295, 2853
22896, -1241, -86300, 2855
22899, -1241, -86305, 2854
22902, -1241, -86308, 2854
22906, -1242, -86313, 2854
22909, -1241, -86319, 2854
22912, -1242, -86327, 2852
22915, -1242, -86333, 2852
22919, -1243, -86338, 2853
22922, -1243, -86342, 2852
22925, -1243, -86346, 2853
22929, -1243, -86353, 2852
22932, -1243, -86361, 2851
22935, -1244, -86367, 2852
22938, -1244, -86372, 2851
22942, -1244, -86377, 2850
22945, -1245, -86382, 2849
22948, -1245, -86388, 2851
22951, -1245, -86396, 2850
22955, -1246, -86403, 2850
22958, -1245, -86410, 2851
22961, -1245, -86414, 2850
22964, -1245, -86419, 2850
22968, -1246, -86426, 2849
22971, -1246, -86433, 2847
22974, -1247, -86441, 2847
22978, -1247, -86447, 2848
22981, -1248, -86452, 2849
22984, -1248, -86458, 2847
22988, -1248, -86464, 2847
22991, -1248, -86473, 2846
22994, -1249, -86481, 2846
22997, -1249, -86486, 2845
23001, -1250, -86492, 2845
23004, -1250, -86498, 2846
23007, -1250, -86505, 2845
23011, -1251, -86513, 2843
23014, -1251, -86522, 2843
23017, -1251, -86530, 2844
23020, -1252, -86537, 2843
23024, -1252, -86544, 2843
23027, -1252, -86552, 2843
23030, -1253, -86560, 2842
23034, -1253, -86572, 2840
23038, -1254, -86582, 2840
23042, -1254, -86593, 2842
23047, -1255, -86602, 2841
23050, -1255, -86613, 2839
23054, -1256, -86626, 2836
23057, -1256, -86640, 2839
23062, -1257, -86652, 2838
23066, -1258, -86660, 2835
23070, -1259, -86675, 2836
23074, -1259, -86696, 2834
23079, -1260, -86709, 2834
23082, -1261, -86722, 2834
23086, -1261, -86737, 2834
23091, -1262, -86762, 2831
23096, -1263, -86780, 2830
23099, -1264, -86795, 2830
23103, -1265, -86813, 2829
23108, -1266, -86832, 2828
23113, -1267, -86855, 2824
23116, -1269, -86873, 2824
23119, -1270, -86889, 2824
23123, -1271, -86903, 2825
23126, -1272, -86917, 2823
23129, -1272, -86935, 2821
23133, -1273, -86956, 2820
23136, -1274, -86975, 2818
23140, -1275, -86992, 2819
23143, -1276, -87007, 2819
23146, -1277, -87023, 2817
23150, -1278, -87047, 2816
23154, -1279, -87074, 2813
23158, -1280, -87094, 2812
23162, -1281, -87115, 2813
23166, -1282, -87138, 2812
23171, -1284, -87161, 2809
23175, -1285, -87186, 2807
23178, -1286, -87210, 2808
23183, -1287, -87233, 2807
23187, -1288, -87253, 2805
23191, -1290, -87287, 2803
23196, -1291, -87317, 2801
23201, -1292, -87337, 2801
23205, -1294, -87362, 2799
23210, -1295, -87391, 2798
23214, -1297, -87424, 2796
23219, -1298, -87445, 2794
23223, -1299, -87461, 2795
23226, -1300, -87481, 2794
23230, -1302, -87512, 2791
23235, -1303, -87540, 2788
23239, -1304, -87561, 2788
23242, -1306, -87578, 2788
23246, -1307, -87594, 2787
23249, -1308, -87613, 2786
23252, -1309, -87636, 2783
23255, -1311, -87661, 2781
23259, -1312, -87681, 2781
23263, -1313, -87703, 2780
23267, -1315, -87724, 2780
23271, -1316, -87749, 2777
23275, -1317, -87776, 2775
23279, -1318, -87805, 2775
23284, -1319, -87825, 2774
23288, -1321, -87848, 2773
23292, -1322, -87882, 2769
23297, -1323, -87915, 2770
23302, -1325, -87934, 2768
23305, -1326, -87956, 2766
23310, -1328, -87984, 2765
23314, -1329, -88017, 2762
23319, -1331, -88045, 2761
23324, -1333, -88069, 2761
23329, -1334, -88098, 2759
23334, -1336, -88124, 2755
23337, -1338, -88145, 2754
23341, -1339, -88164, 2755
23344, -1340, -88182, 2754
23347, -1342, -88200, 2752
23351, -1343, -88220, 2750
23354, -1344, -88247, 2749
23358, -1345, -88273, 2748
23363, -1346, -88296, 2748
23368, -1348, -88317, 2745
23371, -1349, -88341, 2742
23375, -1351, -88367, 2741
23379, -1352, -88393, 2741
23384, -1354, -88411, 2740
23388, -1355, -88433, 2739
23392, -1356, -88466, 2736
23396, -1357, -88489, 2735
23400, -1359, -88507, 2734
23404, -1360, -88530, 2734
23409, -1361, -88558, 2732
23414, -1363, -88593, 2727
23419, -1365, -88614, 2727
23422, -1366, -88635, 2728
23427, -1368, -88660, 2726
23431, -1369, -88690, 2723
23436, -1370, -88719, 2722
23441, -1371, -88740, 2722
23446, -1373, -88757, 2720
23449, -1375, -88776, 2718
23452, -1376, -88800, 2715
23456, -1378, -88822, 2714
23459, -1379, -88840, 2715
23463, -1380, -88856, 2714
23466, -1381, -88873, 2714
23470, -1382, -88892, 2711
23473, -1383, -88918, 2707
23477, -1385, -88945, 2707
23482, -1386, -88964, 2708
23486, -1388, -88980, 2706
23490, -1389, -89006, 2704
23494, -1390, -89034, 2701
23499, -1392, -89057, 2701
23503, -1393, -89077, 2701
23507, -1394, -89099, 2700
23511, -1396, -89127, 2697
23516, -1397, -89155, 2694
23521, -1398, -89177, 2694
23526, -1400, -89194, 2692
23529, -1402, -89213, 2692
23533, -1403, -89237, 2689
23536, -1405, -89263, 2687
23541, -1406, -89280, 2687
23545, -1407, -89295, 2686
23548, -1409, -89313, 2686
23552, -1410, -89337, 2682
23556, -1411, -89359, 2680
23559, -1413, -89376, 2681
23563, -1413, -89390, 2682
23566, -1415, -89406, 2679
23570, -1416, -89425, 2678
23573, -1417, -89447, 2675
23577, -1418, -89474, 2674
23582, -1419, -89493, 2675
23587, -1421, -89508, 2673
23590, -1422, -89527, 2671
23593, -1423, -89549, 2669
23597, -1424, -89575, 2669
23602, -1425, -89591, 2670
23605, -1426, -89606, 2667
23609, -1427, -89629, 2666
23613, -1429, -89657, 2661
23618, -1430, -89676, 2663
23622, -1432, -89694, 2661
23626, -1433, -89711, 2661
23630, -1435, -89738, 2659
23635, -1436, -89761, 2656
23638, -1437, -89783, 2655
23643, -1438, -89799, 2655
23647, -1440, -89821, 2654
23652, -1442, -89844, 2650
23655, -1443, -89870, 2650
23660, -1444, -89892, 2649
23665, -1445, -89912, 2649
23670, -1447, -89930, 2646
23673, -1448, -89951, 2643
23676, -1450, -89970, 2643
23680, -1451, -89985, 2644
23683, -1452, -89999, 2642
23686, -1453, -90011, 2642
23690, -1453, -90030, 2640
23694, -1455, -90061, 2637
23699, -1456, -90079, 2636
23702, -1457, -90094, 2637
23706, -1459, -90111, 2635
23710, -1460, -90135, 2634
23715, -1461, -90157, 2629
23718, -1462, -90175, 2633
23722, -1463, -90191, 2630
23726, -1465, -90210, 2628
23730, -1466, -90229, 2626
23734, -1467, -90252, 2625
23738, -1469, -90270, 2625
23742, -1470, -90289, 2625
23746, -1471, -90304, 2622
23750, -1472, -90322, 2620
23754, -1473, -90346, 2619
23758, -1475, -90370, 2618
23762, -1476, -90385, 2617
23766, -1478, -90398, 2615
23770, -1479, -90415, 2615
23773, -1480, -90437, 2612
23777, -1481, -90457, 2612
23781, -1483, -90473, 2611
23784, -1483, -90485, 2612
23788, -1484, -90500, 2611
23791, -1485, -90518, 2607
23794, -1486, -90539, 2607
23798, -1487, -90556, 2606
23801, -1488, -90569, 2606
23805, -1489, -90582, 2605
23808, -1490, -90596, 2604
23812, -1491, -90617, 2600
23815, -1493, -90635, 2599
23818, -1494, -90651, 2598
23822, -1495, -90664, 2600
23825, -1496, -90684, 2599
23830, -1497, -90700, 2595
23834, -1498, -90720, 2594
23837, -1499, -90737, 2595
23840, -1500, -90750, 2594
23843, -1501, -90763, 2595
23847, -1501, -90775, 2593
23850, -1502, -90790, 2590
23853, -1504, -90810, 2587
23856, -1505, -90828, 2588
23860, -1506, -90844, 2588
23864, -1507, -90856, 2588
23867, -1508, -90869, 2587
23870, -1509, -90885, 2584
23873, -1510, -90903, 2583
23877, -1511, -90921, 2581
23880, -1512, -90941, 2582
23885, -1513, -90960, 2582
23890, -1514, -90978, 2579
23894, -1516, -90998, 2575
23897, -1517, -91014, 2577
23900, -1518, -91028, 2576
23903, -1519, -91039, 2574
23907, -1520, -91051, 2574
23910, -1521, -91068, 2574
23914, -1522, -91088, 2570
23917, -1523, -91105, 2570
23921, -1524, -91120, 2571
23924, -1525, -91131, 2569
23927, -1526, -91146, 2569
23931, -1527, -91165, 2565
23935, -1528, -91188, 2564
23939, -1529, -91203, 2565
23942, -1530, -91216, 2563
23945, -1532, -91232, 2563
23950, -1532, -91252, 2562
23954, -1533, -91275, 2559
23958, -1534, -91297, 2559
23962, -1535, -91309, 2558
23966, -1536, -91321, 2558
23969, -1538, -91335, 2556
23972, -1539, -91354, 2554
23976, -1540, -91373, 2553
23980, -1541, -91390, 2553
23983, -1542, -91404, 2552
23987, -1543, -91423, 2550
23992, -1544, -91449, 2548
23997, -1546, -91467, 2546
24000, -1547, -91482, 2547
24004, -1548, -91495, 2545
24007, -1549, -91508, 2545
24011, -1550, -91523, 2545
24014, -1551, -91542, 2540
24017, -1552, -91558, 2541
24021, -1553, -91571, 2540
24025, -1554, -91589, 2540
24029, -1556, -91610, 2538
24034, -1557, -91630, 2535
24038, -1558, -91646, 2534
24041, -1559, -91663, 2535
24046, -1560, -91680, 2534
24051, -1562, -91698, 2532
24055, -1562, -91717, 2531
24058, -1563, -91732, 2530
24062, -1564, -91746, 2530
24066, -1565, -91759, 2529
24070, -1566, -91777, 2528
24073, -1567, -91801, 2524
24078, -1569, -91819, 2524
24081, -1570, -91832, 2524
24084, -1571, -91844, 2523
24088, -1572, -91857, 2523
24091, -1573, -91873, 2520
24094, -1574, -91892, 2518
24097, -1575, -91908, 2519
24101, -1576, -91922, 2518
24104, -1577, -91939, 2519
24109, -1578, -91959, 2516
24114, -1579, -91980, 2513
24117, -1580, -91998, 2513
24121, -1581, -92012, 2513
24124, -1582, -92025, 2512
24128, -1583, -92039, 2512
24131, -1584, -92057, 2509
24135, -1585, -92076, 2507
24138, -1586, -92091, 2510
24141, -1586, -92103, 2509
24145, -1587, -92115, 2507
24148, -1588, -92129, 2507
24152, -1588, -92144, 2503
24155, -1590, -92162, 2502
24158, -1591, -92177, 2502
24162, -1592, -92190, 2502
24165, -1594, -92202, 2501
24168, -1594, -92214, 2501
24172, -1595, -92230, 2498
24175, -1596, -92248, 2496
24178, -1597, -92264, 2497
24182, -1598, -92282, 2498
24186, -1599, -92296, 2495
24190, -1600, -92312, 2493
24194, -1601, -92330, 2491
24198, -1602, -92346, 2491
24201, -1603, -92360, 2493
24205, -1604, -92374, 2492
24209, -1604, -92388, 2490
24212, -1605, -92404, 2487
24216, -1606, -92420, 2485
24219, -1607, -92432, 2487
24222, -1608, -92443, 2487
24226, -1609, -92453, 2486
24229, -1609, -92465, 2486
24232, -1610, -92480, 2482
24235, -1611, -92497, 2480
24239, -1612, -92510, 2482
24242, -1613, -92522, 2483
24246, -1614, -92535, 2481
24250, -1615, -92548, 2479
24254, -1615, -92569, 2478
24257, -1616, -92582, 2477
24261, -1617, -92594, 2478
24264, -1618, -92604, 2477
24267, -1618, -92615, 2477
24271, -1619, -92627, 2475
24274, -1620, -92642, 2473
24277, -1620, -92654, 2475
24280, -1621, -92665, 2473
24284, -1622, -92674, 2473
24287, -1622, -92685, 2472
24290, -1623, -92697, 2470
24294, -1625, -92712, 2467
24297, -1625, -92725, 2470
24301, -1626, -92735, 2469
24304, -1627, -92745, 2469
24307, -1627, -92755, 2468
24311, -1627, -92769, 2466
24314, -1628, -92787, 2465
24318, -1629, -92800, 2465
24321, -1630, -92811, 2465
24324, -1630, -92820, 2465
24328, -1631, -92830, 2464
24331, -1632, -92843, 2461
24334, -1632, -92859, 2461
24338, -1633, -92871, 2462
24341, -1634, -92886, 2461
24346, -1635, -92898, 2460
24350, -1635, -92910, 2460
24353, -1636, -92929, 2456
24358, -1637, -92945, 2457
24362, -1638, -92956, 2455
24366, -1639, -92966, 2455
24370, -1640, -92983, 2455
24374, -1641, -93004, 2453
24379, -1642, -93017, 2452
24382, -1642, -93028, 2452
24386, -1643, -93044, 2451
24390, -1644, -93064, 2451
24395, -1645, -93086, 2447
24400, -1646, -93100, 2448
24404, -1647, -93116, 2446
24408, -1648, -93133, 2446
24413, -1650, -93152, 2442
24417, -1650, -93166, 2444
24420, -1651, -93177, 2444
24424, -1652, -93192, 2443
24429, -1653, -93209, 2441
24433, -1654, -93228, 2438
24436, -1655, -93243, 2437
24440, -1656, -93254, 2437
24444, -1657, -93266, 2439
24447, -1658, -93278, 2438
24450, -1658, -93294, 2436
24454, -1659, -93314, 2433
24457, -1660, -93332, 2434
24462, -1661, -93347, 2433
24465, -1662, -93359, 2433
24469, -1663, -93372, 2432
24472, -1663, -93397, 2429
24477, -1664, -93416, 2429
24481, -1665, -93432, 2428
24485, -1666, -93445, 2429
24489, -1668, -93462, 2425
24493, -1669, -93486, 2424
24497, -1670, -93508, 2424
24502, -1671, -93525, 2423
24506, -1672, -93542, 2422
24510, -1673, -93561, 2422
24513, -1674, -93589, 2418
24518, -1675, -93614, 2418
24523, -1676, -93634, 2418
24528, -1677, -93654, 2416
24532, -1679, -93677, 2414
24536, -1680, -93703, 2412
24541, -1681, -93720, 2412
24545, -1683, -93733, 2410
24548, -1684, -93749, 2411
24552, -1685, -93771, 2409
24556, -1686, -93794, 2407
24559, -1687, -93812, 2407
24563, -1687, -93829, 2407
24567, -1688, -93847, 2406
24570, -1690, -93865, 2403
24574, -1691, -93886, 2402
24578, -1692, -93908, 2402
24582, -1693, -93922, 2402
24586, -1694, -93937, 2401
24590, -1694, -93953, 2399
24593, -1696, -93977, 2396
24598, -1696, -93997, 2398
24603, -1697, -94015, 2397
24607, -1699, -94034, 2395
24612, -1700, -94060, 2392
24617, -1700, -94080, 2394
24621, -1701, -94097, 2393
24625, -1702, -94115, 2393
24629, -1703, -94135, 2392
24634, -1703, -94154, 2389
24638, -1704, -94169, 2389
24642, -1705, -94184, 2389
24646, -1706, -94200, 2389
24651, -1707, -94222, 2386
24656, -1708, -94238, 2384
24659, -1709, -94252, 2384
24663, -1710, -94265, 2384
24667, -1711, -94280, 2384
24670, -1712, -94295, 2382
24674, -1713, -94323, 2380
24678, -1713, -94345, 2382
24683, -1714, -94360, 2380
24687, -1715, -94374, 2379
24690, -1716, -94397, 2378
24695, -1717, -94421, 2375
24700, -1718, -94439, 2374
24704, -1719, -94451, 2375
24707, -1721, -94468, 2372
24712, -1722, -94495, 2371
24717, -1723, -94514, 2370
24720, -1724, -94535, 2371
24725, -1725, -94555, 2370
24730, -1726, -94575, 2367
24734, -1727, -94596, 2364
24737, -1728, -94622, 2367
24742, -1729, -94643, 2365
24746, -1730, -94661, 2365
24751, -1731, -94679, 2363
24755, -1732, -94700, 2360
24758, -1733, -94721, 2360
24763, -1734, -94739, 2360
24768, -1735, -94753, 2360
24771, -1736, -94770, 2359
24774, -1736, -94792, 2357
24778, -1737, -94810, 2356
24781, -1738, -94825, 2356
24784, -1739, -94839, 2356
24788, -1740, -94855, 2355
24792, -1740, -94883, 2353
24796, -1741, -94903, 2351
24800, -1742, -94919, 2352
24804, -1743, -94937, 2351
24809, -1744, -94953, 2351
24813, -1745, -94971, 2348
24816, -1746, -94989, 2348
24820, -1746, -95006, 2348
24825, -1747, -95020, 2348
24829, -1748, -95034, 2348
24833, -1748, -95054, 2345
24836, -1749, -95080, 2345
24841, -1750, -95096, 2344
24845, -1751, -95109, 2343
24849, -1752, -95125, 2343
24853, -1752, -95153, 2341
24858, -1753, -95172, 2340
24863, -1754, -95185, 2342
24866, -1755, -95198, 2339
24870, -1756, -95211, 2338
24873, -1756, -95227, 2337
24876, -1757, -95243, 2336
24880, -1758, -95255, 2336
24883, -1759, -95266, 2335
24887, -1759, -95279, 2337
24890, -1760, -95293, 2333
24893, -1761, -95314, 2332
24897, -1762, -95333, 2333
24900, -1762, -95348, 2331
24903, -1764, -95361, 2331
24907, -1764, -95376, 2331
24910, -1764, -95393, 2331
24913, -1765, -95414, 2328
24917, -1766, -95431, 2328
24920, -1767, -95446, 2327
24923, -1767, -95459, 2328
24926, -1768, -95472, 2327
24930, -1769, -95488, 2325
24933, -1770, -95510, 2323
24937, -1770, -95529, 2325
24940, -1771, -95543, 2323
24944, -1772, -95563, 2323
24949, -1772, -95584, 2322
24953, -1773, -95611, 2319
24957, -1774, -95635, 2319
24961, -1775, -95660, 2320
24966, -1776, -95679, 2318
24970, -1777, -95698, 2317
24974, -1778, -95720, 2314
24977, -1779, -95739, 2315
24981, -1780, -95756, 2314
24984, -1781, -95771, 2312
24988, -1782, -95786, 2313
24991, -1783, -95819, 2310
24996, -1784, -95851, 2310
25001, -1785, -95871, 2309
25004, -1786, -95893, 2308
25009, -1787, -95917, 2307
25013, -1788, -95951, 2303
25018, -1789, -95971, 2306
25022, -1790, -95993, 2305
25027, -1791, -96015, 2303
25031, -1792, -96046, 2301
25036, -1793, -96076, 2299
25040, -1794, -96099, 2301
25043, -1795, -96120, 2300
25047, -1796, -96139, 2299
25051, -1796, -96166, 2297
25054, -1797, -96196, 2295
25059, -1798, -96220, 2295
25063, -1800, -96240, 2294
25067, -1801, -96259, 2294
25070, -1801, -96283, 2293
25074, -1803, -96318, 2289
25078, -1804, -96355, 2289
25082, -1805, -96377, 2289
25086, -1806, -96398, 2290
25089, -1807, -96422, 2287
25093, -1808, -96452, 2284
25096, -1809, -96476, 2284
25100, -1810, -96499, 2284
25103, -1811, -96517, 2284
25107, -1812, -96539, 2283
25110, -1813, -96575, 2280
25115, -1814, -96610, 2279
25118, -1815, -96635, 2278
25122, -1816, -96659, 2278
25125, -1817, -96691, 2277
25130, -1818, -96719, 2275
25134, -1819, -96752, 2273
25137, -1820, -96783, 2274
25141, -1821, -96812, 2273
25146, -1822, -96837, 2273
25150, -1823, -96868, 2271
25154, -1824, -96915, 2268
25158, -1825, -96950, 2268
25163, -1826, -96972, 2268
25167, -1827, -96992, 2266
25170, -1829, -97030, 2265
25175, -1830, -97075, 2262
25180, -1831, -97104, 2261
25183, -1832, -97126, 2262
25187, -1833, -97148, 2261
25190, -1835, -97174, 2259
25193, -1835, -97205, 2258
25196, -1836, -97234, 2256
25200, -1837, -97256, 2258
25203, -1838, -97277, 2256
25206, -1839, -97297, 2256
25210, -1839, -97326, 2255
25213, -1841, -97376, 2250
25218, -1842, -97406, 2251
25221, -1843, -97434, 2251
25226, -1844, -97461, 2251
25230, -1845, -97487, 2249
25233, -1846, -97525, 2246
25237, -1847, -97565, 2247
25242, -1848, -97594, 2246
25245, -1849, -97619, 2245
25249, -1850, -97652, 2244
25253, -1851, -97700, 2241
25258, -1852, -97732, 2241
25262, -1853, -97755, 2241
25265, -1854, -97778, 2242
25269, -1855, -97816, 2239
25274, -1856, -97858, 2235
25277, -1857, -97899, 2236
25282, -1858, -97927, 2236
25286, -1859, -97965, 2235
25291, -1861, -97996, 2232
25294, -1862, -98046, 2230
25299, -1863, -98079, 2232
25303, -1864, -98113, 2231
25308, -1865, -98141, 2228
25311, -1866, -98175, 2228
25314, -1867, -98212, 2225
25318, -1868, -98243, 2226
25321, -1869, -98267, 2227
25325, -1869, -98291, 2225
25328, -1870, -98318, 2225
25331, -1871, -98362, 2222
25336, -1872, -98406, 2220
25339, -1873, -98440, 2220
25343, -1874, -98477, 2221
25348, -1875, -98511, 2219
25352, -1876, -98557, 2216
25356, -1878, -98609, 2214
25361, -1879, -98649, 2214
25366, -1880, -98680, 2213
25370, -1882, -98711, 2212
25373, -1883, -98757, 2210
25377, -1884, -98795, 2211
25381, -1885, -98832, 2209
25385, -1885, -98861, 2210
25389, -1886, -98903, 2208
25394, -1887, -98962, 2204
25398, -1888, -98997, 2205
25402, -1889, -99026, 2206
25405, -1890, -99063, 2206
25410, -1891, -99114, 2203
25415, -1892, -99161, 2199
25419, -1893, -99196, 2201
25422, -1894, -99226, 2199
25426, -1896, -99252, 2198
25429, -1897, -99282, 2198
25432, -1897, -99323, 2198
25435, -1898, -99366, 2195
25439, -1899, -99400, 2194
25442, -1900, -99439, 2194
25447, -1901, -99481, 2194
25451, -1902, -99520, 2191
25455, -1903, -99579, 2189
25460, -1904, -99627, 2190
25464, -1905, -99662, 2189
25468, -1906, -99697, 2187
25472, -1907, -99757, 2186
25477, -1908, -99804, 2186
25481, -1909, -99838, 2186
25485, -1910, -99880, 2185
25489, -1910, -99930, 2183
25494, -1912, -99993, 2180
25499, -1913, -100034, 2180
25503, -1914, -100075, 2180
25507, -1915, -100119, 2179
25512, -1917, -100172, 2176
25516, -1918, -100220, 2175
25520, -1919, -100263, 2175
25525, -1920, -100304, 2174
25529, -1921, -100338, 2173
25533, -1922, -100382, 2170
25536, -1923, -100422, 2170
25539, -1924, -100456, 2170
25543, -1925, -100486, 2168
25546, -1926, -100515, 2169
25550, -1927, -100549, 2168
25553, -1927, -100593, 2166
25557, -1928, -100647, 2165
25561, -1929, -100678, 2165
25565, -1930, -100710, 2165
25569, -1931, -100744, 2163
25572, -1932, -100799, 2161
25577, -1933, -100838, 2160
25580, -1934, -100871, 2160
25584, -1935, -100913, 2160
25589, -1936, -100960, 2158
25594, -1937, -101015, 2155
25599, -1938, -101050, 2155
25603, -1939, -101088, 2155
25607, -1940, -101124, 2154
25611, -1941, -101176, 2153
25616, -1942, -101215, 2150
25620, -1943, -101258, 2149
25625, -1944, -101283, 2150
25628, -1946, -101313, 2148
25631, -1947, -101347, 2147
25635, -1948, -101389, 2146
25638, -1948, -101422, 2146
25641, -1949, -101449, 2146
25645, -1950, -101474, 2145
25648, -1951, -101501, 2142
25651, -1951, -101535, 2142
25655, -1953, -101574, 2139
25658, -1954, -101609, 2140
25661, -1955, -101638, 2141
25665, -1955, -101666, 2140
25668, -1956, -101699, 2138
25672, -1956, -101734, 2137
25675, -1958, -101775, 2134
25678, -1959, -101807, 2135
25682, -1960, -101837, 2135
25686, -1960, -101865, 2135
25689, -1961, -101896, 2133
25692, -1962, -101934, 2132
25696, -1963, -101971, 2129
25699, -1964, -102003, 2129
25702, -1965, -102029, 2129
25706, -1966, -102054, 2129
25709, -1967, -102083, 2127
25712, -1968, -102122, 2126
25715, -1969, -102160, 2123
25719, -1970, -102194, 2123
25722, -1971, -102221, 2125
25726, -1971, -102248, 2124
25729, -1972, -102278, 2122
25732, -1973, -102316, 2119
25736, -1974, -102358, 2118
25739, -1975, -102387, 2119
25743, -1976, -102411, 2119
25746, -1977, -102436, 2118
25749, -1978, -102466, 2116
25753, -1978, -102501, 2115
25756, -1979, -102536, 2113
25759, -1981, -102565, 2113
25763, -1981, -102589, 2114
25766, -1982, -102614, 2112
25769, -1983, -102641, 2112
25773, -1984, -102679, 2109
25776, -1984, -102715, 2109
25779, -1986, -102743, 2108
25783, -1986, -102767, 2108
25786, -1987, -102792, 2108
25790, -1988, -102821, 2107
25793, -1989, -102859, 2104
25796, -1989, -102893, 2104
25799, -1991, -102920, 2101
25803, -1992, -102946, 2104
25806, -1993, -102969, 2102
25810, -1993, -102996, 2101
25813, -1994, -103031, 2098
25816, -1995, -103063, 2098
25819, -1996, -103089, 2098
25823, -1997, -103112, 2099
25826, -1998, -103136, 2096
25829, -1998, -103162, 2096
25832, -1999, -103196, 2093
25836, -2001, -103230, 2091
25839, -2002, -103258, 2093
25842, -2003, -103282, 2091
25846, -2004, -103305, 2091
25849, -2004, -103330, 2090
25852, -2005, -103364, 2088
25855, -2006, -103398, 2087
25859, -2007, -103425, 2089
25862, -2007, -103449, 2088
25865, -2008, -103474, 2085
25869, -2009, -103501, 2085
25872, -2010, -103535, 2082
25876, -2011, -103569, 2081
25879, -2012, -103597, 2083
25883, -2013, -103620, 2082
25886, -2014, -103643, 2080
25890, -2014, -103672, 2081
25893, -2015, -103705, 2076
25897, -2017, -103734, 2076
25900, -2018, -103757, 2076
25903, -2019, -103778, 2076
25906, -2020, -103799, 2076
25910, -2020, -103825, 2074
25913, -2021, -103858, 2072
25916, -2022, -103890, 2071
25920, -2023, -103914, 2072
25923, -2023, -103934, 2072
25926, -2024, -103956, 2071
25930, -2025, -103981, 2069
25933, -2026, -104010, 2066
25936, -2026, -104036, 2068
25939, -2027, -104058, 2067
25943, -2028, -104076, 2066
25946, -2029, -104094, 2065
25949, -2029, -104114, 2066
25952, -2030, -104141, 2063
25955, -2031, -104168, 2062
25959, -2032, -104191, 2063
25962, -2033, -104210, 2061
25965, -2033, -104228, 2062
25968, -2034, -104249, 2061
25972, -2035, -104274, 2058
25975, -2036, -104301, 2058
25978, -2036, -104323, 2059
25981, -2037, -104343, 2057
25986, -2038, -104363, 2057
25989, -2038, -104384, 2055
25993, -2039, -104411, 2053
25996, -2041, -104435, 2053
25999, -2041, -104454, 2054
26002, -2042, -104472, 2053
26006, -2042, -104489, 2054
26009, -2042, -104508, 2053
26012, -2043, -104533, 2051
26015, -2044, -104558, 2048
26019, -2045, -104579, 2048
26022, -2046, -104595, 2049
26025, -2047, -104609, 2048
26029, -2047, -104627, 2048
26032, -2048, -104650, 2046
26035, -2048, -104678, 2045
26038, -2049, -104699, 2045
26042, -2050, -104717, 2044
26045, -2051, -104733, 2043
26048, -2052, -104751, 2043
26052, -2052, -104775, 2042
26055, -2053, -104800, 2041
26058, -2054, -104819, 2041
26061, -2054, -104838, 2041
26065, -2055, -104852, 2039
26068, -2056, -104867, 2038
26071, -2056, -104889, 2037
26074, -2058, -104915, 2035
26078, -2058, -104937, 2037
26081, -2059, -104957, 2036
26084, -2059, -104975, 2036
26087, -2060, -104994, 2035
26091, -2060, -105016, 2033
26094, -2061, -105041, 2033
26097, -2062, -105062, 2032
26100, -2063, -105080, 2030
26104, -2064, -105096, 2030
26107, -2065, -105112, 2029
26110, -2066, -105132, 2028
26113, -2067, -105160, 2027
26117, -2068, -105184, 2026
26120, -2068, -105204, 2026
26124, -2069, -105223, 2026
26127, -2069, -105241, 2026
26130, -2070, -105261, 2023
26133, -2071, -105287, 2022
26137, -2072, -105310, 2022
26140, -2072, -105329, 2023
26143, -2073, -105347, 2022
26146, -2074, -105362, 2020
26150, -2075, -105381, 2018
26153, -2075, -105407, 2018
26156, -2077, -105431, 2016
26159, -2078, -105452, 2016
26163, -2079, -105471, 2016
26166, -2079, -105487, 2016
26169, -2080, -105506, 2015
26172, -2080, -105532, 2013
26176, -2081, -105555, 2011
26179, -2082, -105574, 2014
26182, -2083, -105591, 2011
26185, -2083, -105608, 2012
26189, -2084, -105624, 2012
26192, -2084, -105645, 2008
26195, -2085, -105669, 2008
26198, -2086, -105688, 2009
26202, -2087, -105705, 2008
26205, -2087, -105721, 2008
26208, -2088, -105738, 2007
26212, -2088, -105758, 2005
26215, -2089, -105781, 2004
26218, -2090, -105800, 2003
26221, -2091, -105816, 2003
26225, -2092, -105831, 2003
26228, -2092, -105847, 2003
26231, -2093, -105867, 2001
26234, -2094, -105888, 1999
26238, -2095, -105905, 1998
26241, -2096, -105921, 1999
26244, -2097, -105935, 1997
26247, -2098, -105951, 1997
26250, -2098, -105970, 1997
26254, -2099, -105993, 1995
26257, -2099, -106014, 1996
26260, -2100, -106030, 1995
26263, -2100, -106047, 1995
26267, -2101, -106062, 1993
26270, -2101, -106080, 1992
26273, -2102, -106103, 1991
26276, -2104, -106124, 1989
26280, -2105, -106141, 1990
26283, -2105, -106155, 1990
26286, -2106, -106169, 1989
26289, -2107, -106189, 1987
26293, -2107, -106213, 1986
26296, -2108, -106237, 1985
26299, -2109, -106257, 1985
26303, -2110, -106272, 1984
26306, -2111, -106287, 1984
26309, -2111, -106306, 1983
26313, -2112, -106332, 1981
26316, -2113, -106356, 1979
26320, -2114, -106375, 1980
26323, -2115, -106391, 1980
26327, -2115, -106405, 1981
26330, -2116, -106425, 1978
26334, -2116, -106451, 1977
26337, -2117, -106472, 1976
26340, -2118, -106489, 1977
26344, -2119, -106506, 1975
26347, -2120, -106522, 1975
26350, -2120, -106539, 1974
26353, -2121, -106562, 1972
26357, -2122, -106581, 1971
26360, -2123, -106598, 1971
26363, -2124, -106613, 1972
26367, -2124, -106627, 1970
26370, -2125, -106643, 1970
26373, -2125, -106663, 1968
26377, -2126, -106680, 1968
26380, -2127, -106694, 1969
26383, -2127, -106709, 1967
26387, -2128, -106722, 1967
26390, -2128, -106738, 1966
26393, -2129, -106759, 1965
26396, -2130, -106786, 1963
26402, -2131, -106799, 1964
26405, -2131, -106812, 1963
26408, -2132, -106827, 1962
26412, -2133, -106844, 1961
26415, -2134, -106864, 1959
26418, -2134, -106879, 1961
26422, -2135, -106891, 1960
26425, -2135, -106903, 1960
26428, -2136, -106915, 1959
26432, -2136, -106933, 1958
26435, -2137, -106953, 1956
26438, -2138, -106970, 1956
26442, -2139, -106984, 1956
26445, -2140, -106997, 1954
26448, -2140, -107012, 1954
26452, -2141, -107029, 1954
26455, -2142, -107048, 1952
26458, -2142, -107064, 1952
26461, -2143, -107078, 1952
26465, -2143, -107090, 1952
26468, -2144, -107106, 1951
26471, -2144, -107123, 1949
26475, -2145, -107144, 1948
26478, -2146, -107159, 1948
26481, -2147, -107172, 1947
26485, -2148, -107184, 1947
26488, -2148, -107200, 1947
26491, -2149, -107219, 1944
26495, -2150, -107242, 1942
26498, -2151, -107261, 1943
26502, -2152, -107283, 1943
26506, -2153, -107304, 1943
26511, -2153, -107330, 1941
26516, -2154, -107356, 1939
26519, -2154, -107377, 1940
26523, -2155, -107393, 1939
26527, -2156, -107408, 1939
26530, -2157, -107423, 1936
26534, -2158, -107445, 1934
26537, -2159, -107466, 1934
26540, -2160, -107482, 1935
26544, -2161, -107497, 1934
26547, -2162, -107515, 1932
26551, -2162, -107539, 1932
26555, -2163, -107563, 1930
26559, -2164, -107584, 1930
26563, -2165, -107603, 1929
26568, -2166, -107622, 1929
26571, -2167, -107641, 1927
26575, -2167, -107663, 1926
26578, -2168, -107679, 1926
26582, -2168, -107693, 1928
26585, -2169, -107709, 1926
26590, -2170, -107736, 1923
26595, -2171, -107766, 1920
26600, -2172, -107785, 1921
26604, -2173, -107802, 1921
26608, -2175, -107816, 1920
26611, -2175, -107834, 1919
26615, -2176, -107857, 1916
26618, -2177, -107875, 1917
26622, -2178, -107894, 1916
26627, -2179, -107913, 1915
26631, -2180, -107933, 1914
26636, -2181, -107953, 1912
26639, -2182, -107968, 1912
26642, -2183, -107980, 1912
26646, -2183, -107995, 1911
26650, -2184, -108014, 1912
26653, -2184, -108035, 1910
26656, -2185, -108054, 1908
26660, -2186, -108069, 1907
26663, -2186, -108084, 1909
26667, -2187, -108099, 1907
26670, -2188, -108116, 1906
26674, -2189, -108136, 1904
26678, -2190, -108153, 1904
26681, -2191, -108169, 1904
26685, -2191, -108182, 1904
26688, -2192, -108194, 1903
26691, -2193, -108212, 1900
26695, -2194, -108233, 1898
26698, -2194, -108251, 1901
26701, -2195, -108265, 1899
26705, -2196, -108278, 1898
26708, -2197, -108293, 1899
26711, -2197, -108311, 1896
26715, -2198, -108334, 1895
26718, -2199, -108351, 1895
26721, -2199, -108367, 1896
26724, -2200, -108380, 1895
26728, -2201, -108394, 1892
26731, -2202, -108414, 1892
26734, -2203, -108435, 1888
26737, -2204, -108452, 1891
26741, -2205, -108466, 1890
26744, -2205, -108481, 1890
26747, -2206, -108494, 1890
26750, -2206, -108511, 1887
26754, -2207, -108534, 1885
26757, -2208, -108551, 1885
26760, -2209, -108569, 1885
26763, -2210, -108583, 1885
26767, -2211, -108597, 1885
26770, -2211, -108615, 1883
26773, -2212, -108636, 1882
26776, -2213, -108655, 1880
26780, -2214, -108672, 1880
26783, -2214, -108687, 1881
26787, -2215, -108701, 1880
26790, -2216, -108719, 1878
26794, -2217, -108743, 1876
26798, -2217, -108763, 1878
26802, -2218, -108779, 1877
26806, -2218, -108795, 1877
26809, -2219, -108813, 1873
26813, -2220, -108833, 1873
26816, -2221, -108851, 1872
26819, -2222, -108866, 1873
26822, -2223, -108881, 1872
26826, -2224, -108895, 1870
26829, -2224, -108912, 1870
26833, -2225, -108935, 1869
26836, -2226, -108953, 1866
26840, -2227, -108968, 1868
26843, -2227, -108981, 1868
26847, -2228, -108996, 1866
26851, -2229, -109016, 1866
26854, -2230, -109042, 1862
26858, -2231, -109062, 1863
26861, -2232, -109078, 1861
26865, -2233, -109093, 1862
26868, -2234, -109108, 1861
26871, -2234, -109128, 1859
26874, -2236, -109151, 1856
26878, -2236, -109172, 1858
26882, -2237, -109188, 1858
26885, -2238, -109203, 1857
26888, -2238, -109218, 1857
26892, -2239, -109240, 1853
26895, -2240, -109266, 1852
26899, -2241, -109285, 1853
26902, -2242, -109302, 1853
26906, -2243, -109317, 1853
26909, -2243, -109335, 1850
26912, -2244, -109356, 1848
26915, -2245, -109380, 1848
26919, -2246, -109398, 1847
26922, -2247, -109414, 1848
26925, -2248, -109429, 1847
26928, -2249, -109446, 1845
26932, -2249, -109465, 1844
26935, -2250, -109488, 1842
26938, -2251, -109508, 1843
26942, -2252, -109527, 1843
26946, -2253, -109544, 1842
26949, -2253, -109564, 1841
26953, -2254, -109588, 1837
26956, -2256, -109610, 1837
26959, -2257, -109627, 1837
26963, -2258, -109643, 1838
26966, -2259, -109658, 1836
26969, -2259, -109676, 1835
26973, -2260, -109699, 1834
26976, -2261, -109719, 1832
26979, -2262, -109736, 1832
26982, -2263, -109751, 1832
26986, -2264, -109766, 1830
26989, -2264, -109784, 1830
26993, -2265, -109810, 1828
26997, -2266, -109834, 1827
27000, -2267, -109853, 1826
27004, -2268, -109869, 1827
27007, -2269, -109884, 1827
27010, -2269, -109903, 1825
27013, -2270, -109926, 1821
27017, -2271, -109947, 1822
27020, -2272, -109965, 1821
27023, -2273, -109980, 1822
27026, -2274, -109992, 1821
27030, -2274, -110009, 1821
27033, -2275, -110031, 1818
27036, -2276, -110052, 1817
27039, -2277, -110070, 1816
27042, -2278, -110085, 1816
27046, -2279, -110100, 1817
27049, -2279, -110117, 1817
27052, -2280, -110138, 1814
27055, -2281, -110161, 1811
27059, -2281, -110180, 1812
27062, -2282, -110197, 1812
27065, -2283, -110212, 1813
27068, -2284, -110228, 1810
27072, -2285, -110247, 1808
27075, -2286, -110270, 1807
27078, -2286, -110289, 1808
27081, -2288, -110304, 1806
27085, -2289, -110318, 1806
27088, -2289, -110335, 1804
27091, -2290, -110356, 1804
27095, -2291, -110382, 1801
27098, -2292, -110403, 1802
27101, -2293, -110421, 1801
27104, -2294, -110438, 1801
27108, -2295, -110455, 1800
27111, -2295, -110475, 1798
27114, -2296, -110499, 1796
27118, -2297, -110520, 1796
27121, -2298, -110538, 1796
27124, -2299, -110553, 1796
27127, -2300, -110569, 1794
27131, -2300, -110590, 1794
27134, -2301, -110616, 1791
27137, -2303, -110637, 1790
27141, -2304, -110655, 1790
27144, -2304, -110672, 1791
27147, -2305, -110690, 1789
27151, -2306, -110710, 1787
27154, -2307, -110734, 1785
27157, -2308, -110755, 1786
27160, -2309, -110771, 1785
27164, -2310, -110786, 1785
27167, -2311, -110802, 1784
27170, -2311, -110825, 1782
27174, -2312, -110854, 1780
27178, -2313, -110877, 1781
27182, -2314, -110895, 1780
27185, -2315, -110912, 1780
27189, -2316, -110932, 1779
27192, -2316, -110958, 1776
27196, -2318, -110983, 1775
27199, -2318, -111002, 1776
27203, -2319, -111019, 1776
27207, -2320, -111036, 1773
27210, -2321, -111056, 1773
27214, -2322, -111082, 1771
27217, -2323, -111104, 1771
27221, -2324, -111121, 1769
27225, -2325, -111138, 1770
27228, -2326, -111157, 1769
27232, -2326, -111181, 1767
27235, -2328, -111208, 1764
27239, -2329, -111229, 1765
27243, -2329, -111249, 1766
27246, -2330, -111267, 1764
27250, -2331, -111288, 1764
27254, -2332, -111315, 1759
27258, -2333, -111338, 1760
27262, -2334, -111356, 1759
27265, -2335, -111373, 1759
27269, -2337, -111391, 1758
27272, -2337, -111415, 1755
27275, -2338, -111441, 1755
27279, -2339, -111461, 1755
27282, -2340, -111478, 1755
27285, -2340, -111494, 1756
27288, -2341, -111514, 1752
27292, -2342, -111539, 1751
27296, -2343, -111565, 1748
27299, -2344, -111584, 1750
27303, -2346, -111600, 1749
27306, -2346, -111616, 1749
27310, -2347, -111640, 1746
27314, -2348, -111670, 1745
27318, -2349, -111694, 1744
27321, -2350, -111716, 1744
27325, -2351, -111739, 1744
27330, -2352, -111762, 1742
27334, -2353, -111790, 1739
27338, -2354, -111820, 1739
27343, -2355, -111844, 1740
27348, -2356, -111864, 1738
27351, -2357, -111888, 1736
27355, -2358, -111924, 1736
27360, -2359, -111952, 1735
27364, -2359, -111968, 1736
27368, -2360, -111993, 1735
27373, -2361, -112026, 1731
27377, -2362, -112049, 1730
27381, -2363, -112069, 1730
27385, -2365, -112091, 1728
27389, -2366, -112116, 1727
27394, -2368, -112144, 1724
27398, -2369, -112165, 1723
27401, -2371, -112184, 1723
27405, -2371, -112203, 1724
27408, -2372, -112223, 1722
27412, -2373, -112247, 1722
27415, -2374, -112273, 1719
27419, -2374, -112293, 1720
27422, -2375, -112315, 1720
27426, -2376, -112332, 1718
27430, -2377, -112351, 1716
27434, -2378, -112381, 1712
27437, -2380, -112411, 1713
27442, -2381, -112432, 1714
27445, -2382, -112453, 1712
27450, -2383, -112483, 1712
27454, -2383, -112519, 1710
27459, -2384, -112540, 1709
27463, -2385, -112560, 1709
27467, -2386, -112585, 1707
27471, -2388, -112618, 1705
27476, -2389, -112652, 1703
27481, -2390, -112673, 1703
27484, -2391, -112698, 1703
27489, -2392, -112720, 1702
27493, -2394, -112753, 1698
27497, -2395, -112782, 1698
27501, -2396, -112802, 1698
27504, -2397, -112825, 1698
27509, -2398, -112844, 1697
27512, -2399, -112870, 1694
27516, -2400, -112896, 1693
27519, -2401, -112917, 1693
27522, -2402, -112935, 1693
27526, -2403, -112957, 1692
27530, -2403, -112979, 1691
27534, -2404, -113008, 1687
27537, -2405, -113032, 1688
27540, -2407, -113058, 1687
27545, -2408, -113082, 1687
27550, -2408, -113102, 1687
27553, -2409, -113132, 1683
27557, -2410, -113165, 1683
27562, -2411, -113188, 1685
27566, -2411, -113214, 1683
27571, -2413, -113242, 1680
27575, -2414, -113273, 1678
27579, -2415, -113297, 1678
27583, -2416, -113320, 1678
27587, -2417, -113340, 1677
27591, -2419, -113363, 1674
27595, -2420, -113400, 1673
27599, -2420, -113429, 1674
27604, -2421, -113457, 1673
27609, -2423, -113489, 1670
27614, -2424, -113521, 1667
27618, -2425, -113546, 1667
27621, -2427, -113567, 1668
27624, -2428, -113583, 1668
27628, -2428, -113601, 1667
27631, -2429, -113624, 1665
27634, -2430, -113653, 1662
27638, -2431, -113676, 1663
27641, -2432, -113701, 1662
27645, -2432, -113722, 1664
27650, -2433, -113749, 1661
27653, -2434, -113778, 1659
27657, -2435, -113805, 1658
27660, -2436, -113826, 1657
27664, -2437, -113848, 1658
27668, -2438, -113872, 1655
27672, -2439, -113906, 1654
27676, -2440, -113943, 1652
27681, -2441, -113964, 1654
27685, -2442, -113989, 1653
27689, -2443, -114019, 1651
27694, -2444, -114057, 1649
27699, -2445, -114081, 1647
27702, -2446, -114103, 1649
27706, -2447, -114128, 1647
27711, -2448, -114161, 1645
27716, -2449, -114185, 1643
27719, -2450, -114209, 1644
27723, -2451, -114234, 1643
27727, -2452, -114262, 1641
27732, -2453, -114288, 1640
27735, -2454, -114314, 1639
27739, -2455, -114335, 1639
27742, -2456, -114354, 1637
27745, -2457, -114369, 1638
27749, -2458, -114389, 1637
27752, -2458, -114415, 1635
27756, -2459, -114443, 1635
27759, -2460, -114464, 1635
27763, -2460, -114482, 1635
27766, -2461, -114500, 1635
27770, -2461, -114521, 1632
27773, -2462, -114548, 1631
27777, -2463, -114573, 1629
27781, -2464, -114596, 1629
27784, -2466, -114619, 1629
27789, -2466, -114644, 1628
27793, -2467, -114674, 1626
27797, -2468, -114699, 1627
27801, -2468, -114726, 1626
27805, -2469, -114750, 1626
27810, -2470, -114774, 1623
27813, -2471, -114807, 1621
27817, -2472, -114839, 1621
27822, -2473, -114864, 1621
27827, -2474, -114882, 1620
27830, -2475, -114905, 1618
27834, -2476, -114943, 1617
27838, -2477, -114975, 1616
27843, -2478, -114995, 1616
27846, -2479, -115013, 1616
27850, -2480, -115036, 1615
27853, -2481, -115064, 1612
27857, -2482, -115089, 1611
27860, -2483, -115111, 1611
27864, -2484, -115132, 1609
27867, -2485, -115153, 1610
27871, -2486, -115184, 1609
27875, -2486, -115211, 1607
27879, -2487, -115238, 1608
27883, -2488, -115260, 1606
27886, -2488, -115286, 1607
27891, -2489, -115324, 1604
27896, -2490, -115355, 1602
27899, -2491, -115385, 1604
27904, -2492, -115402, 1602
27907, -2493, -115423, 1602
27911, -2494, -115450, 1599
27915, -2495, -115486, 1598
27919, -2496, -115510, 1598
27923, -2497, -115539, 1597
27927, -2498, -115569, 1597
27932, -2499, -115599, 1595
27936, -2499, -115629, 1594
27939, -2500, -115658, 1594
27944, -2501, -115685, 1594
27949, -2502, -115717, 1593
27954, -2502, -115752, 1591
27957, -2503, -115777, 1589
27961, -2505, -115799, 1588
27965, -2506, -115821, 1589
27968, -2507, -115842, 1588
27972, -2508, -115875, 1586
27975, -2508, -115915, 1585
27980, -2509, -115938, 1586
27984, -2510, -115957, 1583
27987, -2511, -115986, 1584
27992, -2512, -116028, 1581
27996, -2513, -116065, 1579
28000, -2514, -116090, 1581
28004, -2514, -116115, 1581
28008, -2516, -116144, 1578
28013, -2516, -116179, 1577
28017, -2517, -116215, 1575
28022, -2518, -116241, 1575
28026, -2520, -116269, 1575
28031, -2521, -116296, 1573
28035, -2522, -116332, 1571
28038, -2522, -116362, 1572
28042, -2523, -116393, 1572
28047, -2524, -116421, 1569
28051, -2525, -116454, 1568
28056, -2526, -116495, 1566
28060, -2527, -116524, 1566
28065, -2529, -116547, 1566
28068, -2529, -116568, 1565
28072, -2530, -116595, 1565
28075, -2531, -116625, 1562
28078, -2532, -116648, 1562
28082, -2533, -116671, 1561
28085, -2533, -116690, 1562
28089, -2534, -116710, 1561
28092, -2535, -116753, 1559
28097, -2536, -116782, 1557
28100, -2536, -116812, 1558
28105, -2537, -116839, 1558
28110, -2538, -116864, 1554
28113, -2540, -116894, 1553
28117, -2540, -116919, 1553
28120, -2541, -116948, 1553
28125, -2543, -116974, 1552
28130, -2543, -117000, 1552
28134, -2544, -117035, 1547
28138, -2545, -117068, 1548
28142, -2546, -117090, 1550
28146, -2546, -117106, 1549
28149, -2547, -117136, 1547
28154, -2548, -117171, 1546
28158, -2548, -117197, 1545
28162, -2549, -117219, 1544
28166, -2551, -117242, 1543
28170, -2552, -117271, 1541
28175, -2553, -117302, 1540
28178, -2554, -117326, 1541
28181, -2555, -117349, 1540
28185, -2555, -117369, 1540
28189, -2556, -117391, 1538
28192, -2556, -117415, 1538
28195, -2557, -117440, 1535
28199, -2558, -117462, 1536
28202, -2559, -117480, 1536
28206, -2559, -117497, 1536
28209, -2560, -117517, 1534
28213, -2561, -117542, 1531
28216, -2562, -117572, 1531
28219, -2563, -117595, 1530
28223, -2564, -117615, 1531
28226, -2565, -117632, 1530
28230, -2566, -117654, 1528
28234, -2567, -117682, 1525
28237, -2568, -117706, 1526
28241, -2569, -117724, 1526
28244, -2569, -117747, 1527
28249, -2570, -117775, 1524
28254, -2571, -117807, 1521
28257, -2572, -117834, 1521
28262, -2573, -117855, 1521
28266, -2574, -117879, 1520
28270, -2575, -117900, 1519
28273, -2576, -117932, 1518
28277, -2577, -117959, 1516
28281, -2578, -117983, 1517
28286, -2578, -117998, 1517
28289, -2579, -118017, 1516
28293, -2580, -118042, 1514
28296, -2581, -118066, 1511
28299, -2582, -118086, 1512
28303, -2582, -118101, 1513
28306, -2583, -118118, 1512
28309, -2584, -118138, 1510
28312, -2584, -118162, 1509
28316, -2585, -118185, 1509
28320, -2586, -118201, 1508
28323, -2587, -118220, 1507
28328, -2588, -118245, 1506
28332, -2589, -118272, 1505
28336, -2590, -118305, 1503
28341, -2591, -118330, 1503
28346, -2592, -118351, 1503
28350, -2592, -118373, 1502
28354, -2594, -118408, 1498
28358, -2595, -118430, 1499
28362, -2596, -118448, 1498
28366, -2596, -118468, 1499
28370, -2598, -118488, 1496
28374, -2598, -118517, 1494
28377, -2599, -118541, 1494
28381, -2600, -118563, 1493
28385, -2601, -118581, 1495
28388, -2602, -118599, 1492
28392, -2603, -118620, 1491
28395, -2604, -118645, 1489
28399, -2604, -118665, 1489
28402, -2606, -118681, 1488
28405, -2606, -118696, 1489
28408, -2607, -118713, 1489
28412, -2608, -118733, 1485
28415, -2608, -118760, 1485
28419, -2609, -118788, 1485
28423, -2610, -118811, 1485
28428, -2611, -118829, 1482
28431, -2612, -118850, 1481
28435, -2613, -118878, 1479
28439, -2614, -118900, 1480
28443, -2615, -118918, 1479
28446, -2616, -118932, 1478
28450, -2617, -118952, 1477
28453, -2618, -118976, 1475
28456, -2619, -118994, 1474
28460, -2620, -119010, 1474
28463, -2621, -119026, 1474
28466, -2621, -119040, 1474
28470, -2622, -119059, 1472
28473, -2623, -119083, 1471
28476, -2623, -119105, 1470
28479, -2625, -119123, 1468
28483, -2625, -119137, 1470
28486, -2626, -119152, 1468
28489, -2627, -119169, 1468
28492, -2627, -119188, 1467
28495, -2628, -119209, 1465
28499, -2629, -119226, 1465
28502, -2630, -119240, 1464
28505, -2630, -119251, 1465
28508, -2631, -119267, 1463
28511, -2632, -119286, 1462
28515, -2633, -119309, 1460
28518, -2634, -119327, 1460
28521, -2635, -119344, 1459
28525, -2635, -119359, 1461
28528, -2636, -119373, 1460
28531, -2636, -119390, 1457
28534, -2637, -119411, 1455
28538, -2638, -119430, 1457
28541, -2639, -119444, 1454
28544, -2640, -119458, 1455
28547, -2641, -119470, 1454
28551, -2641, -119490, 1454
28554, -2642, -119510, 1451
28557, -2643, -119528, 1451
28561, -2644, -119543, 1450
28564, -2644, -119558, 1452
28568, -2645, -119574, 1450
28571, -2645, -119593, 1449
28575, -2646, -119616, 1446
28578, -2647, -119635, 1447
28581, -2648, -119651, 1447
28585, -2649, -119664, 1446
28588, -2650, -119678, 1444
28591, -2650, -119693, 1445
28595, -2651, -119714, 1443
28598, -2652, -119729, 1442
28601, -2652, -119745, 1442
28604, -2653, -119758, 1440
28608, -2654, -119772, 1441
28611, -2655, -119785, 1439
28614, -2656, -119803, 1438
28617, -2657, -119821, 1437
28620, -2657, -119836, 1437
28624, -2658, -119850, 1438
28627, -2658, -119862, 1437
28631, -2659, -119881, 1436
28634, -2659, -119909, 1433
28639, -2660, -119931, 1433
28644, -2661, -119945, 1432
28648, -2662, -119960, 1432
28652, -2663, -119975, 1431
28655, -2664, -119993, 1430
28658, -2665, -120015, 1430
28663, -2665, -120029, 1429
28667, -2666, -120041, 1428
28670, -2667, -120057, 1428
28673, -2668, -120077, 1423
28677, -2669, -120095, 1424
28681, -2670, -120109, 1425
28684, -2671, -120124, 1425
28689, -2671, -120145, 1424
28694, -2672, -120166, 1420
28698, -2673, -120183, 1419
28701, -2674, -120200, 1420
28706, -2675, -120216, 1419
28711, -2677, -120238, 1417
28715, -2677, -120260, 1416
28720, -2678, -120279, 1416
28725, -2679, -120294, 1415
28729, -2680, -120309, 1414
28732, -2681, -120326, 1413
28736, -2682, -120342, 1412
28739, -2682, -120356, 1412
28743, -2683, -120368, 1411
28746, -2684, -120381, 1412
28749, -2684, -120395, 1410
28753, -2685, -120415, 1408
28757, -2686, -120436, 1408
28761, -2686, -120449, 1408
28764, -2688, -120459, 1406
28768, -2688, -120477, 1406
28772, -2689, -120498, 1405
28777, -2690, -120514, 1404
28780, -2691, -120528, 1404
28784, -2691, -120545, 1402
28789, -2692, -120560, 1403
28793, -2693, -120578, 1400
28796, -2694, -120595, 1398
28800, -2695, -120611, 1399
28805, -2696, -120626, 1398
28809, -2697, -120642, 1397
28812, -2698, -120663, 1396
28816, -2699, -120686, 1395
28821, -2699, -120698, 1395
28825, -2700, -120710, 1395
28828, -2701, -120722, 1394
28832, -2702, -120736, 1391
28835, -2702, -120751, 1392
28838, -2703, -120762, 1390
28842, -2704, -120774, 1391
28845, -2705, -120784, 1391
28848, -2705, -120795, 1389
28852, -2706, -120812, 1388
28855, -2706, -120827, 1388
28859, -2707, -120840, 1388
28862, -2708, -120852, 1386
28865, -2708, -120863, 1386
28869, -2709, -120875, 1385
28872, -2710, -120890, 1384
28875, -2711, -120907, 1382
28879, -2712, -120925, 1383
28883, -2712, -120937, 1382
28886, -2713, -120950, 1381
28890, -2714, -120961, 1381
28893, -2715, -120977, 1378
28896, -2716, -120992, 1378
28899, -2716, -121003, 1378
28903, -2717, -121012, 1378
28906, -2718, -121026, 1377
28910, -2718, -121045, 1376
28915, -2719, -121066, 1376
28920, -2719, -121079, 1374
28923, -2720, -121088, 1374
28926, -2721, -121099, 1373
28930, -2722, -121112, 1373
28933, -2723, -121131, 1371
28937, -2723, -121156, 1370
28941, -2724, -121174, 1370
28946, -2725, -121187, 1369
28950, -2726, -121202, 1367
28954, -2728, -121219, 1364
28957, -2728, -121234, 1366
28961, -2730, -121248, 1364
28965, -2731, -121259, 1364
28968, -2731, -121269, 1364
28971, -2731, -121290, 1364
28976, -2732, -121311, 1360
28981, -2733, -121325, 1360
28984, -2734, -121336, 1361
28988, -2734, -121353, 1361
28992, -2736, -121379, 1356
28997, -2737, -121396, 1355
29001, -2738, -121410, 1356
29004, -2739, -121427, 1356
29009, -2740, -121447, 1356
29014, -2741, -121467, 1352
29017, -2741, -121488, 1352
29022, -2742, -121502, 1351
29027, -2743, -121517, 1352
29031, -2744, -121532, 1350
29035, -2745, -121556, 1347
29039, -2746, -121575, 1347
29044, -2747, -121588, 1348
29048, -2748, -121601, 1346
29051, -2749, -121617, 1343
29055, -2750, -121636, 1343
29059, -2751, -121651, 1342
29063, -2752, -121662, 1343
29066, -2753, -121675, 1342
29070, -2753, -121694, 1341
29074, -2754, -121717, 1339
29079, -2755, -121731, 1338
29083, -2756, -121743, 1337
29086, -2757, -121753, 1336
29090, -2758, -121770, 1337
29095, -2759, -121788, 1334
29098, -2760, -121805, 1334
29103, -2761, -121822, 1334
29107, -2761, -121837, 1333
29112, -2763, -121853, 1330
29116, -2764, -121874, 1328
29121, -2765, -121889, 1330
29125, -2766, -121901, 1329
29129, -2767, -121915, 1327
29133, -2768, -121938, 1326
29137, -2768, -121958, 1326
29142, -2769, -121970, 1326
29146, -2770, -121984, 1325
29149, -2770, -122002, 1323
29154, -2772, -122024, 1320
29159, -2773, -122040, 1321
29163, -2774, -122049, 1319
29166, -2775, -122060, 1319
29169, -2776, -122073, 1319
29173, -2777, -122089, 1317
29176, -2778, -122105, 1316
29180, -2778, -122119, 1316
29183, -2779, -122132, 1316
29187, -2780, -122149, 1314
29191, -2781, -122165, 1312
29195, -2782, -122183, 1311
29199, -2783, -122200, 1312
29202, -2784, -122217, 1311
29207, -2784, -122234, 1311
29212, -2785, -122252, 1308
29216, -2786, -122273, 1306
29221, -2787, -122286, 1305
29224, -2788, -122300, 1306
29229, -2790, -122314, 1305
29233, -2791, -122339, 1302
29238, -2792, -122354, 1302
29241, -2792, -122367, 1301
29245, -2793, -122380, 1302
29249, -2794, -122399, 1300
29254, -2795, -122417, 1297
29257, -2796, -122435, 1297
29261, -2797, -122449, 1297
29265, -2798, -122464, 1296
29269, -2799, -122476, 1296
29272, -2800, -122493, 1294
29275, -2801, -122509, 1292
29279, -2801, -122520, 1294
29282, -2802, -122530, 1293
29286, -2803, -122540, 1292
29289, -2803, -122551, 1291
29293, -2804, -122568, 1289
29297, -2805, -122584, 1289
29300, -2806, -122596, 1288
29304, -2807, -122608, 1287
29308, -2808, -122620, 1286
29311, -2809, -122633, 1285
29314, -2809, -122650, 1285
29318, -2810, -122665, 1285
29322, -2811, -122683, 1284
29326, -2811, -122698, 1285
29331, -2811, -122714, 1282
29335, -2813, -122731, 1279
29339, -2814, -122746, 1280
29342, -2814, -122759, 1280
29346, -2815, -122768, 1280
29349, -2816, -122779, 1277
29353, -2817, -122795, 1276
29356, -2818, -122808, 1275
29359, -2819, -122819, 1275
29362, -2820, -122831, 1275
29366, -2821, -122842, 1274
29370, -2821, -122853, 1273
29373, -2822, -122873, 1271
29377, -2823, -122889, 1271
29381, -2823, -122901, 1272
29385, -2824, -122912, 1271
29388, -2825, -122922, 1270
29391, -2825, -122937, 1268
29395, -2826, -122953, 1266
29398, -2827, -122965, 1267
29401, -2828, -122976, 1267
29405, -2829, -122990, 1266
29409, -2829, -123002, 1265
29412, -2830, -123016, 1264
29416, -2831, -123030, 1262
29419, -2832, -123040, 1263
29422, -2832, -123051, 1263
29426, -2833, -123062, 1263
29430, -2833, -123074, 1261
29433, -2834, -123085, 1260
29436, -2835, -123098, 1258
29440, -2835, -123113, 1259
29444, -2836, -123121, 1258
29448, -2837, -123132, 1259
29451, -2838, -123142, 1256
29454, -2838, -123157, 1254
29457, -2839, -123169, 1255
29461, -2840, -123181, 1255
29464, -2841, -123193, 1254
29469, -2841, -123210, 1253
29474, -2842, -123230, 1251
29479, -2843, -123241, 1251
29483, -2843, -123259, 1252
29488, -2844, -123274, 1251
29492, -2845, -123285, 1250
29496, -2845, -123297, 1247
29499, -2846, -123305, 1248
29503, -2847, -123313, 1247
29506, -2848, -123322, 1246
29509, -2849, -123331, 1246
29513, -2849, -123340, 1245
29516, -2850, -123353, 1244
29520, -2851, -123368, 1244
29524, -2851, -123376, 1244
29528, -2852, -123388, 1242
29532, -2853, -123404, 1241
29536, -2854, -123423, 1239
29541, -2854, -123432, 1240
29544, -2855, -123442, 1241
29548, -2855, -123458, 1240
29553, -2856, -123478, 1238
29558, -2856, -123490, 1237
29562, -2857, -123502, 1237
29566, -2858, -123518, 1236
29571, -2859, -123535, 1233
29575, -2861, -123552, 1232
29580, -2861, -123566, 1233
29585, -2862, -123577, 1233
29590, -2863, -123589, 1231
29593, -2864, -123608, 1228
29598, -2865, -123625, 1229
29603, -2866, -123638, 1228
29608, -2867, -123649, 1227
29611, -2868, -123663, 1227
29615, -2868, -123676, 1225
29618, -2869, -123689, 1225
29621, -2870, -123700, 1224
29624, -2871, -123709, 1224
29628, -2871, -123722, 1223
29632, -2872, -123738, 1221
29636, -2873, -123758, 1220
29640, -2874, -123773, 1220
29645, -2875, -123783, 1220
29649, -2875, -123798, 1220
29654, -2876, -123814, 1218
29657, -2877, -123830, 1217
29662, -2877, -123842, 1216
29666, -2878, -123855, 1217
29671, -2879, -123874, 1216
29675, -2880, -123894, 1213
29680, -2881, -123908, 1213
29685, -2881, -123918, 1212
29688, -2882, -123929, 1212
29691, -2884, -123943, 1210
29696, -2885, -123964, 1208
29700, -2885, -123980, 1209
29704, -2886, -123994, 1208
29708, -2887, -124011, 1208
29713, -2888, -124032, 1204
29718, -2889, -124046, 1206
29722, -2890, -124057, 1204
29725, -2890, -124066, 1204
29728, -2891, -124076, 1203
29732, -2892, -124089, 1202
29735, -2893, -124104, 1200
29739, -2894, -124116, 1200
29742, -2895, -124126, 1200
29746, -2895, -124136, 1200
29750, -2896, -124147, 1197
29753, -2897, -124163, 1197
29757, -2898, -124178, 1196
29760, -2899, -124190, 1195
29763, -2899, -124200, 1196
29767, -2900, -124212, 1195
29770, -2900, -124226, 1194
29774, -2902, -124245, 1190
29778, -2902, -124261, 1192
29782, -2903, -124277, 1192
29786, -2904, -124293, 1191
29791, -2905, -124311, 1189
29795, -2905, -124329, 1187
29799, -2906, -124346, 1187
29804, -2908, -124361, 1186
29809, -2909, -124378, 1185
29814, -2910, -124395, 1181
29817, -2911, -124410, 1182
29820, -2912, -124424, 1182
29824, -2913, -124433, 1182
29827, -2914, -124444, 1182
29830, -2914, -124458, 1180
29833, -2915, -124476, 1177
29837, -2916, -124500, 1177
29842, -2917, -124518, 1178
29847, -2918, -124531, 1176
29850, -2919, -124547, 1175
29854, -2920, -124572, 1173
29859, -2921, -124591, 1171
29863, -2922, -124604, 1172
29867, -2924, -124621, 1169
29872, -2925, -124645, 1168
29877, -2926, -124663, 1168
29881, -2927, -124676, 1167
29884, -2928, -124689, 1166
29889, -2929, -124709, 1166
29893, -2930, -124733, 1162
29897, -2931, -124756, 1162
29902, -2932, -124777, 1162
29907, -2933, -124793, 1160
29911, -2934, -124810, 1161
29915, -2935, -124837, 1157
29920, -2936, -124856, 1157
29924, -2937, -124869, 1157
29928, -2938, -124882, 1155
29931, -2940, -124900, 1153
29935, -2941, -124920, 1152
29938, -2942, -124936, 1152
29942, -2943, -124950, 1152
29945, -2943, -124965, 1152
29949, -2944, -124981, 1150
29953, -2945, -125010, 1147
29957, -2946, -125030, 1147
29961, -2947, -125047, 1147
29965, -2948, -125061, 1148
29969, -2949, -125083, 1145
29973, -2950, -125106, 1142
29977, -2951, -125126, 1142
29981, -2952, -125143, 1142
29986, -2953, -125161, 1141
29990, -2954, -125185, 1139
29995, -2955, -125210, 1137
29999, -2956, -125233, 1137
30003, -2958, -125248, 1135
30007, -2959, -125268, 1135
30012, -2960, -125289, 1132
30015, -2962, -125319, 1131
30020, -2963, -125338, 1132
30024, -2964, -125360, 1130
30029, -2965, -125376, 1128
30032, -2966, -125404, 1127
30037, -2967, -125424, 1126
30041, -2969, -125440, 1124
30044, -2970, -125454, 1124
30048, -2970, -125470, 1125
30051, -2971, -125490, 1123
30054, -2972, -125514, 1120
30058, -2973, -125535, 1121
30061, -2974, -125551, 1120
30065, -2975, -125568, 1119
30068, -2976, -125586, 1119
30072, -2977, -125607, 1116
30075, -2978, -125631, 1115
30079, -2979, -125648, 1114
30083, -2980, -125662, 1114
30086, -2981, -125676, 1114
30089, -2982, -125690, 1112
30092, -2983, -125711, 1110
30096, -2984, -125738, 1107
30100, -2985, -125759, 1109
30103, -2986, -125773, 1108
30107, -2987, -125790, 1108
30110, -2988, -125809, 1107
30113, -2988, -125833, 1104
30117, -2990, -125853, 1102
30121, -2991, -125878, 1104
30125, -2992, -125899, 1102
30130, -2993, -125916, 1101
30133, -2994, -125947, 1097
30138, -2995, -125973, 1098
30143, -2996, -125990, 1098
30147, -2998, -126008, 1096
30151, -2999, -126027, 1095
30154, -3000, -126052, 1093
30157, -3001, -126073, 1092
30161, -3002, -126092, 1091
30164, -3003, -126109, 1093
30168, -3004, -126126, 1090
30171, -3005, -126149, 1088
30175, -3006, -126180, 1087
30180, -3007, -126198, 1086
30184, -3008, -126214, 1086
30187, -3009, -126231, 1085
30190, -3010, -126251, 1084
30194, -3011, -126278, 1082
30197, -3012, -126304, 1081
30201, -3013, -126323, 1081
30204, -3014, -126339, 1081
30207, -3015, -126356, 1079
30211, -3015, -126375, 1079
30214, -3017, -126398, 1074
30217, -3018, -126419, 1076
30220, -3019, -126436, 1076
30224, -3020, -126452, 1074
30227, -3020, -126469, 1076
30231, -3021, -126499, 1072
30235, -3022, -126536, 1069
30240, -3024, -126564, 1069
30244, -3025, -126583, 1069
30248, -3027, -126608, 1066
30253, -3028, -126643, 1065
30258, -3029, -126666, 1063
30261, -3030, -126684, 1064
30264, -3031, -126700, 1063
30268, -3032, -126717, 1062
30271, -3033, -126740, 1060
30275, -3034, -126768, 1059
30278, -3035, -126793, 1059
30282, -3036, -126814, 1058
30285, -3037, -126840, 1057
30290, -3038, -126863, 1054
30294, -3040, -126894, 1052
30298, -3041, -126919, 1052
30301, -3042, -126944, 1053
30306, -3043, -126966, 1052
30310, -3044, -126991, 1049
30314, -3045, -127022, 1046
30318, -3046, -127056, 1046
30322, -3048, -127077, 1047
30326, -3049, -127098, 1045
30330, -3050, -127122, 1044
30333, -3051, -127149, 1042
30336, -3052, -127173, 1040
30340, -3053, -127192, 1041
30343, -3054, -127209, 1040
30346, -3055, -127234, 1039
30351, -3056, -127268, 1037
30355, -3057, -127300, 1035
30359, -3058, -127326, 1035
30363, -3060, -127347, 1033
30366, -3061, -127369, 1033
30370, -3062, -127390, 1032
30373, -3063, -127420, 1028
30377, -3065, -127444, 1029
30380, -3065, -127465, 1029
30383, -3066, -127485, 1029
30387, -3067, -127504, 1027
30390, -3068, -127537, 1026
30394, -3069, -127575, 1023
30398, -3070, -127603, 1023
30402, -3071, -127633, 1022
30407, -3072, -127661, 1022
30411, -3074, -127687, 1020
30415, -3075, -127720, 1018
30419, -3076, -127752, 1017
30423, -3077, -127775, 1015
30427, -3079, -127799, 1015
30431, -3080, -127832, 1013
30435, -3082, -127875, 1010
30439, -3083, -127908, 1010
30444, -3084, -127933, 1009
30448, -3085, -127954, 1009
30451, -3087, -127985, 1007
30455, -3087, -128024, 1006
30459, -3089, -128051, 1004
30463, -3089, -128076, 1005
30467, -3090, -128107, 1004
30471, -3092, -128147, 1001
30476, -3093, -128186, 998
30480, -3094, -128211, 998
30484, -3096, -128233, 998
30487, -3097, -128254, 998
30491, -3098, -128284, 997
30494, -3099, -128319, 993
30498, -3100, -128350, 993
30501, -3101, -128375, 992
30505, -3102, -128406, 992
30509, -3103, -128438, 991
30514, -3104, -128474, 988
30517, -3106, -128516, 987
30522, -3107, -128548, 987
30527, -3108, -128573, 986
30530, -3109, -128604, 985
30534, -3110, -128649, 982
30539, -3111, -128689, 982
30543, -3113, -128712, 980
30547, -3114, -128742, 980
30551, -3115, -128786, 977
30556, -3117, -128835, 974
30561, -3118, -128868, 976
30565, -3119, -128893, 976
30568, -3120, -128930, 973
30573, -3122, -128977, 970
30577, -3122, -129014, 972
30581, -3123, -129045, 971
30585, -3125, -129078, 969
30590, -3126, -129111, 967
30594, -3127, -129148, 964
30597, -3129, -129185, 964
30601, -3130, -129211, 962
30604, -3131, -129235, 964
30607, -3133, -129261, 961
30611, -3133, -129298, 961
30615, -3135, -129342, 957
30618, -3136, -129388, 957
30623, -3137, -129417, 958
30627, -3138, -129447, 957
30631, -3139, -129486, 954
30635, -3140, -129544, 951
30640, -3141, -129590, 951
30644, -3143, -129621, 951
30648, -3144, -129662, 950
30653, -3146, -129716, 947
30657, -3147, -129765, 944
30662, -3148, -129806, 945
30667, -3150, -129847, 943
30672, -3151, -129887, 943
30675, -3153, -129936, 939
30679, -3154, -129979, 940
30684, -3155, -130018, 938
30689, -3156, -130062, 936
30693, -3158, -130110, 935
30697, -3159, -130166, 933
30702, -3160, -130200, 934
30705, -3162, -130229, 932
30709, -3162, -130265, 932
30713, -3164, -130315, 928
30716, -3165, -130358, 927
30720, -3166, -130394, 928
30723, -3167, -130424, 927
30726, -3168, -130459, 926
30730, -3169, -130498, 926
30734, -3170, -130548, 922
30737, -3171, -130606, 922
30742, -3172, -130651, 921
30747, -3173, -130685, 920
30750, -3175, -130726, 917
30754, -3176, -130794, 916
30759, -3178, -130845, 916
30764, -3179, -130893, 914
30768, -3180, -130929, 914
30772, -3182, -130979, 909
30776, -3183, -131039, 909
30780, -3184, -131089, 910
30784, -3186, -131136, 907
30789, -3187, -131186, 907
30793, -3188, -131240, 903
30797, -3190, -131291, 902
30801, -3191, -131340, 902
30805, -3193, -131385, 901
30810, -3194, -131440, 900
30814, -3195, -131498, 897
30818, -3196, -131543, 897
30821, -3197, -131583, 897
30824, -3198, -131620, 896
30828, -3199, -131660, 894
30831, -3200, -131705, 892
30835, -3202, -131775, 891
30839, -3203, -131836, 891
30844, -3204, -131880, 889
30847, -3205, -131918, 889
30851, -3206, -131975, 888
30855, -3207, -132053, 885
30860, -3209, -132105, 884
30864, -3209, -132145, 885
30867, -3210, -132192, 884
30871, -3212, -132263, 882
30876, -3213, -132331, 879
30880, -3214, -132390, 880
30885, -3215, -132449, 878
30889, -3217, -132519, 876
30894, -3218, -132585, 873
30898, -3220, -132657, 873
30902, -3221, -132715, 872
30907, -3223, -132775, 871
30912, -3224, -132854, 869
30917, -3225, -132932, 866
30922, -3227, -132992, 866
30926, -3228, -133037, 866
30930, -3229, -133086, 864
30933, -3231, -133145, 860
30937, -3232, -133201, 861
30940, -3233, -133250, 860
30944, -3235, -133294, 860
30947, -3235, -133336, 860
30950, -3236, -133401, 857
30955, -3237, -133484, 854
30960, -3238, -133534, 855
30964, -3239, -133579, 856
30967, -3241, -133632, 853
30972, -3242, -133691, 852
30976, -3243, -133760, 848
30980, -3244, -133813, 850
30984, -3246, -133867, 847
30989, -3247, -133913, 847
30992, -3249, -133977, 843
30996, -3249, -134051, 844
31001, -3251, -134110, 843
31006, -3252, -134146, 841
31010, -3254, -134188, 838
31013, -3255, -134246, 837
31017, -3256, -134299, 838
31020, -3257, -134342, 837
31024, -3258, -134381, 836
31027, -3259, -134422, 836
31031, -3260, -134470, 832
31035, -3261, -134530, 831
31038, -3263, -134573, 830
31042, -3264, -134612, 831
31045, -3265, -134648, 828
31048, -3266, -134685, 828
31051, -3267, -134732, 827
31055, -3268, -134786, 824
31058, -3269, -134830, 824
31062, -3270, -134867, 823
31065, -3271, -134908, 823
31069, -3273, -134964, 821
31074, -3274, -135032, 818
31079, -3275, -135071, 817
31082, -3276, -135107, 819
31085, -3277, -135143, 817
31089, -3278, -135198, 816
31094, -3279, -135251, 812
31098, -3281, -135299, 811
31101, -3282, -135335, 812
31104, -3283, -135368, 811
31108, -3284, -135408, 811
31111, -3285, -135455, 809
31115, -3286, -135521, 805
31120, -3287, -135568, 805
31124, -3289, -135610, 805
31129, -3290, -135649, 803
31132, -3292, -135711, 801
31137, -3293, -135770, 801
31142, -3294, -135813, 799
31147, -3295, -135847, 797
31150, -3297, -135885, 797
31153, -3298, -135931, 794
31157, -3299, -135975, 794
31160, -3301, -136013, 792
31164, -3302, -136047, 793
31167, -3303, -136091, 791
31172, -3304, -136137, 790
31176, -3305, -136194, 786
31180, -3306, -136227, 787
31183, -3307, -136258, 787
31187, -3308, -136298, 786
31191, -3310, -136351, 784
31196, -3311, -136394, 781
31199, -3312, -136430, 781
31203, -3313, -136460, 781
31206, -3314, -136489, 780
31209, -3315, -136521, 778
31212, -3317, -136561, 775
31216, -3318, -136599, 774
31219, -3319, -136632, 774
31222, -3321, -136660, 773
31226, -3322, -136691, 774
31229, -3322, -136724, 771
31233, -3323, -136766, 771
31236, -3324, -136806, 767
31240, -3325, -136837, 768
31243, -3327, -136868, 768
31247, -3327, -136901, 767
31251, -3329, -136943, 765
31254, -3329, -136986, 763
31258, -3330, -137023, 763
31261, -3332, -137056, 762
31265, -3333, -137085, 761
31268, -3334, -137116, 760
31271, -3335, -137150, 758
31275, -3337, -137197, 754
31279, -3338, -137239, 757
31283, -3339, -137269, 755
31286, -3340, -137311, 754
31291, -3341, -137344, 751
31294, -3342, -137382, 750
31298, -3344, -137417, 750
31301, -3345, -137454, 748
31306, -3346, -137480, 749
31309, -3347, -137511, 747
31313, -3348, -137568, 744
31318, -3350, -137615, 742
31323, -3351, -137641, 743
31326, -3352, -137670, 743
31330, -3353, -137716, 741
31335, -3355, -137765, 736
31339, -3356, -137800, 737
31343, -3357, -137832, 736
31347, -3358, -137867, 736
31351, -3360, -137909, 733
31355, -3361, -137947, 730
31359, -3362, -137980, 732
31363, -3363, -138010, 730
31366, -3365, -138041, 730
31370, -3366, -138073, 726
31374, -3367, -138112, 725
31377, -3368, -138146, 725
31380, -3369, -138175, 725
31384, -3370, -138203, 725
31388, -3371, -138230, 722
31391, -3372, -138277, 720
31396, -3374, -138317, 717
31400, -3375, -138349, 718
31403, -3377, -138375, 717
31407, -3378, -138400, 716
31410, -3379, -138431, 715
31414, -3380, -138465, 712
31417, -3381, -138496, 711
31420, -3383, -138527, 711
31424, -3384, -138551, 711
31427, -3384, -138577, 711
31430, -3385, -138608, 708
31434, -3387, -138652, 704
31438, -3388, -138689, 705
31443, -3389, -138717, 706
31447, -3390, -138745, 704
31450, -3391, -138784, 702
31455, -3392, -138831, 699
31460, -3394, -138864, 699
31464, -3395, -138889, 698
31467, -3397, -138911, 696
31471, -3398, -138952, 695
31475, -3399, -138996, 693
31479, -3401, -139028, 692
31483, -3402, -139054, 692
31486, -3403, -139080, 690
31490, -3404, -139107, 690
31493, -3405, -139143, 687
31497, -3406, -139174, 687
31501, -3408, -139204, 685
31504, -3409, -139238, 686
31509, -3410, -139269, 684
31513, -3411, -139302, 683
31516, -3412, -139344, 681
31521, -3413, -139371, 679
31524, -3415, -139398, 678
31528, -3416, -139422, 678
31532, -3417, -139459, 676
31536, -3419, -139503, 673
31541, -3420, -139534, 674
31545, -3421, -139559, 674
31549, -3422, -139598, 672
31553, -3423, -139641, 669
31558, -3424, -139669, 668
31561, -3425, -139695, 668
31565, -3427, -139724, 667
31570, -3428, -139761, 665
31574, -3430, -139798, 662
31578, -3431, -139828, 661
31581, -3432, -139861, 661
31586, -3434, -139894, 661
31590, -3435, -139919, 658
31594, -3437, -139950, 654
31597, -3438, -139982, 655
31601, -3439, -140005, 656
31604, -3440, -140026, 656
31607, -3441, -140047, 654
31610, -3441, -140074, 653
31614, -3442, -140109, 648
31618, -3444, -140145, 649
31622, -3445, -140171, 648
31626, -3447, -140194, 647
31630, -3448, -140222, 646
31633, -3449, -140268, 642
31638, -3450, -140298, 643
31641, -3452, -140326, 642
31646, -3453, -140358, 641
31651, -3454, -140387, 639
31655, -3455, -140422, 636
31658, -3457, -140456, 634
31663, -3458, -140488, 637
31668, -3460, -140512, 633
31672, -3461, -140557, 632
31676, -3463, -140594, 628
31680, -3464, -140628, 629
31685, -3465, -140655, 629
31689, -3467, -140690, 626
31694, -3468, -140721, 624
31698, -3469, -140753, 623
31703, -3471, -140778, 623
31706, -3472, -140798, 622
31710, -3473, -140823, 620
31713, -3474, -140853, 618
31717, -3476, -140882, 616
31720, -3477, -140906, 615
31723, -3479, -140928, 616
31727, -3479, -140950, 616
31730, -3480, -140973, 615
31734, -3481, -141003, 611
31737, -3482, -141030, 610
31741, -3483, -141056, 610
31745, -3485, -141080, 609
31748, -3486, -141108, 609
31752, -3487, -141137, 605
31756, -3488, -141180, 603
31761, -3490, -141212, 603
31765, -3491, -141233, 603
31769, -3492, -141264, 602
31773, -3494, -141308, 598
31778, -3495, -141340, 598
31782, -3496, -141362, 598
31786, -3497, -141386, 597
31790, -3498, -141423, 596
31795, -3500, -141454, 591
31798, -3501, -141484, 591
31802, -3503, -141511, 590
31807, -3504, -141540, 590
31811, -3506, -141574, 588
31815, -3507, -141605, 584
31819, -3508, -141632, 585
31822, -3509, -141652, 585
31825, -3510, -141675, 584
31828, -3512, -141695, 582
31832, -3512, -141720, 581
31835, -3514, -141760, 578
31840, -3515, -141787, 579
31844, -3516, -141806, 578
31847, -3517, -141823, 577
31850, -3518, -141862, 575
31855, -3520, -141905, 570
31860, -3521, -141933, 573
31863, -3523, -141954, 570
31867, -3524, -141982, 571
31871, -3525, -142018, 569
31876, -3526, -142051, 566
31880, -3527, -142083, 565
31885, -3529, -142106, 564
31888, -3530, -142138, 564
31893, -3532, -142173, 559
31897, -3533, -142211, 559
31902, -3535, -142242, 559
31907, -3536, -142264, 559
31910, -3537, -142290, 555
31914, -3539, -142334, 552
31919, -3540, -142366, 554
31923, -3541, -142390, 553
31927, -3542, -142411, 553
31930, -3543, -142436, 549
31934, -3544, -142468, 547
31937, -3546, -142493, 547
31940, -3547, -142515, 546
31944, -3549, -142535, 546
31947, -3549, -142561, 545
31951, -3550, -142597, 542
31956, -3552, -142638, 540
31961, -3553, -142664, 540
31965, -3554, -142695, 539
31969, -3556, -142724, 536
31974, -3557, -142760, 536
31978, -3559, -142793, 534
31983, -3560, -142821, 533
31988, -3561, -142844, 532
31991, -3563, -142876, 529
31995, -3565, -142908, 527
31998, -3566, -142941, 527
32003, -3567, -142962, 527
32006, -3569, -142990, 525
32011, -3570, -143020, 524
32015, -3571, -143061, 520
32020, -3572, -143098, 521
32025, -3574, -143123, 519
32029, -3575, -143157, 519
32034, -3577, -143189, 515
32037, -3578, -143216, 514
32041, -3580, -143240, 513
32044, -3581, -143261, 513
32047, -3582, -143283, 512
32051, -3583, -143310, 510
32054, -3584, -143347, 508
32059, -3585, -143372, 508
32063, -3587, -143397, 507
32067, -3588, -143421, 506
32070, -3589, -143454, 504
32075, -3590, -143492, 501
32079, -3592, -143523, 501
32083, -3593, -143546, 501
32086, -3594, -143567, 499
32090, -3596, -143593, 498
32093, -3596, -143625, 497
32097, -3598, -143655, 494
32101, -3599, -143684, 495
32106, -3600, -143714, 493
32110, -3602, -143751, 491
32115, -3604, -143786, 487
32119, -3605, -143820, 488
32124, -3606, -143848, 489
32129, -3608, -143879, 485
32133, -3609, -143920, 483
32137, -3610, -143958, 481
32142, -3612, -143987, 482
32146, -3613, -144012, 480
32150, -3615, -144039, 479
32154, -3616, -144067, 475
32157, -3617, -144095, 475
32160, -3619, -144120, 476
32164, -3619, -144140, 476
32167, -3621, -144171, 472
32172, -3622, -144215, 470
32177, -3623, -144247, 469
32180, -3625, -144272, 468
32183, -3626, -144298, 468
32188, -3627, -144326, 468
32192, -3628, -144362, 465
32196, -3630, -144392, 461
32199, -3631, -144416, 462
32203, -3632, -144444, 461
32208, -3634, -144477, 460
32212, -3636, -144506, 456
32215, -3637, -144546, 456
32220, -3638, -144580, 455
32225, -3639, -144602, 456
32228, -3640, -144636, 453
32233, -3642, -144679, 450
32238, -3643, -144720, 448
32243, -3644, -144745, 450
32246, -3646, -144769, 447
32250, -3648, -144807, 444
32255, -3649, -144847, 443
32259, -3650, -144870, 442
32263, -3652, -144892, 443
32266, -3653, -144914, 441
32269, -3654, -144940, 440
32273, -3655, -144972, 437
32276, -3656, -145006, 436
32280, -3658, -145035, 435
32283, -3659, -145064, 435
32288, -3660, -145087, 433
32291, -3661, -145119, 432
32296, -3663, -145154, 428
32299, -3664, -145184, 429
32302, -3665, -145208, 429
32306, -3667, -145230, 427
32309, -3668, -145257, 427
32313, -3669, -145286, 423
32316, -3670, -145318, 422
32319, -3671, -145344, 422
32322, -3672, -145366, 422
32326, -3674, -145385, 421
32329, -3674, -145411, 420
32332, -3675, -145438, 417
32335, -3677, -145470, 415
32338, -3678, -145498, 417
32342, -3679, -145523, 416
32345, -3679, -145546, 416
32348, -3680, -145569, 414
32351, -3681, -145599, 412
32355, -3682, -145633, 409
32358, -3684, -145660, 409
32361, -3685, -145685, 408
32364, -3686, -145707, 409
32367, -3687, -145732, 406
32371, -3688, -145759, 406
32374, -3689, -145790, 403
32377, -3691, -145822, 401
32381, -3692, -145852, 401
32385, -3693, -145876, 400
32389, -3695, -145901, 399
32392, -3696, -145932, 397
32395, -3697, -145968, 395
32399, -3699, -146000, 394
32403, -3699, -146029, 396
32406, -3700, -146057, 395
32410, -3701, -146084, 392
32413, -3702, -146119, 389
32417, -3703, -146151, 391
32420, -3705, -146180, 388
32424, -3706, -146211, 387
32428, -3707, -146245, 386
32432, -3708, -146284, 384
32436, -3710, -146319, 382
32440, -3711, -146348, 383
32443, -3712, -146371, 382
32447, -3713, -146400, 381
32450, -3714, -146430, 378
32454, -3716, -146466, 375
32457, -3718, -146502, 374
32460, -3719, -146527, 375
32464, -3720, -146554, 375
32467, -3721, -146590, 373
32472, -3722, -146636, 369
32477, -3723, -146681, 369
32481, -3725, -146707, 368
32484, -3726, -146733, 369
32488, -3728, -146760, 365
32491, -3729, -146795, 364
32495, -3730, -146833, 363
32498, -3731, -146865, 362
32502, -3732, -146903, 362
32507, -3734, -146942, 359
32512, -3735, -146980, 358
32515, -3737, -147026, 354
32520, -3738, -147066, 356
32525, -3739, -147097, 355
32528, -3740, -147127, 353
32532, -3742, -147168, 351
32536, -3743, -147218, 348
32541, -3745, -147248, 348
32544, -3746, -147279, 347
32548, -3748, -147321, 346
32553, -3749, -147375, 344
32558, -3750, -147412, 342
32561, -3751, -147443, 343
32565, -3752, -147470, 342
32569, -3754, -147506, 338
32573, -3755, -147545, 337
32577, -3757, -147595, 334
32581, -3759, -147629, 334
32585, -3760, -147658, 334
32589, -3761, -147689, 335
32592, -3762, -147727, 331
32596, -3763, -147769, 329
32599, -3764, -147802, 329
32602, -3765, -147831, 328
32606, -3767, -147861, 327
32609, -3768, -147889, 326
32612, -3769, -147928, 323
32616, -3771, -147982, 320
32621, -3772, -148016, 321
32624, -3774, -148046, 320
32628, -3775, -148079, 321
32631, -3776, -148129, 318
32636, -3777, -148171, 315
32640, -3778, -148216, 316
32645, -3779, -148252, 314
32649, -3781, -148299, 312
32654, -3783, -148349, 308
32657, -3784, -148394, 308
32661, -3786, -148436, 308
32666, -3787, -148477, 308
32671, -3789, -148532, 303
32676, -3790, -148583, 302
32680, -3791, -148636, 301
32684, -3793, -148667, 301
32688, -3794, -148711, 300
32693, -3796, -148758, 296
32697, -3797, -148817, 294
32702, -3799, -148855, 294
32705, -3800, -148884, 294
32708, -3801, -148914, 293
32711, -3803, -148954, 290
32715, -3804, -148997, 287
32718, -3805, -149033, 288
32721, -3807, -149069, 287
32726, -3808, -149106, 286
32729, -3809, -149145, 284
32734, -3810, -149193, 282
32737, -3812, -149236, 280
32741, -3813, -149280, 281
32745, -3814, -149315, 280
32748, -3815, -149346, 278
32752, -3816, -149395, 277
32756, -3818, -149447, 273
32761, -3819, -149490, 274
32764, -3821, -149522, 273
32768, -3822, -149565, 272
32772, -3823, -149620, 269
32777, -3825, -149674, 267
32782, -3826, -149718, 267
32786, -3827, -149752, 266
32790, -3829, -149803, 265
32795, -3830, -149856, 261
32799, -3831, -149900, 262
32804, -3833, -149937, 260
32809, -3834, -149974, 259
32813, -3836, -150014, 256
32816, -3838, -150054, 253
32819, -3839, -150087, 255
32823, -3840, -150113, 254
32826, -3841, -150141, 253
32829, -3842, -150172, 251
32833, -3843, -150209, 248
32836, -3845, -150261, 245
32841, -3847, -150298, 246
32845, -3848, -150325, 246
32848, -3850, -150353, 244
32852, -3851, -150401, 244
32856, -3852, -150452, 239
32861, -3853, -150482, 240
32864, -3854, -150510, 239
32868, -3856, -150552, 238
32873, -3858, -150602, 234
32878, -3859, -150643, 233
32881, -3860, -150673, 232
32886, -3862, -150710, 232
32890, -3863, -150748, 230
32894, -3865, -150796, 227
32899, -3866, -150838, 228
32904, -3867, -150872, 226
32909, -3869, -150905, 224
32913, -3870, -150954, 221
32918, -3872, -151001, 220
32923, -3874, -151034, 219
32927, -3875, -151060, 219
32930, -3876, -151087, 217
32933, -3878, -151119, 214
32937, -3879, -151152, 212
32940, -3881, -151179, 212
32943, -3882, -151207, 212
32947, -3883, -151241, 211
32952, -3885, -151284, 208
32957, -3886, -151323, 207
32960, -3887, -151352, 206
32964, -3888, -151385, 205
32969, -3890, -151421, 203
32973, -3891, -151463, 200
32978, -3893, -151499, 199
32982, -3894, -151531, 199
32986, -3896, -151557, 198
32990, -3897, -151595, 195
32995, -3899, -151641, 191
33000, -3901, -151675, 192
33005, -3902, -151708, 192
33009, -3904, -151741, 190
33014, -3905, -151788, 187
33019, -3906, -151817, 185
33022, -3908, -151847, 185
33027, -3910, -151879, 183
33032, -3911, -151920, 181
33036, -3913, -151952, 179
33040, -3914, -151977, 179
33043, -3915, -152000, 179
33047, -3917, -152022, 177
33050, -3918, -152049, 175
33054, -3919, -152077, 174
33057, -3920, -152106, 172
33061, -3922, -152129, 172
33064, -3923, -152155, 170
33068, -3924, -152179, 170
33071, -3925, -152215, 167
33077, -3927, -152249, 166
33080, -3928, -152281, 165
33085, -3929, -152303, 165
33088, -3930, -152326, 163
33092, -3932, -152356, 160
33096, -3933, -152396, 159
33101, -3935, -152429, 158
33105, -3936, -152454, 157
33110, -3938, -152484, 155
33114, -3939, -152519, 152
33118, -3941, -152553, 152
33123, -3942, -152581, 152
33128, -3944, -152613, 149
33133, -3945, -152653, 147
33138, -3947, -152688, 144
33141, -3948, -152714, 144
33145, -3950, -152739, 144
33150, -3951, -152761, 142
33153, -3953, -152788, 139
33157, -3955, -152817, 136
33161, -3956, -152841, 139
33164, -3957, -152862, 137
33168, -3958, -152884, 136
33171, -3959, -152918, 134
33176, -3960, -152946, 131
33180, -3962, -152970, 131
33183, -3963, -152995, 131
33188, -3964, -153025, 130
33193, -3966, -153052, 125
33197, -3967, -153090, 125
33201, -3969, -153114, 124
33205, -3970, -153141, 123
33210, -3972, -153163, 121
33214, -3973, -153199, 118
33218, -3975, -153231, 117
33223, -3976, -153254, 117
33228, -3978, -153282, 116
33232, -3979, -153317, 113
33237, -3981, -153351, 109
33242, -3983, -153372, 110
33245, -3984, -153398, 109
33250, -3986, -153422, 107
33254, -3988, -153459, 104
33259, -3989, -153483, 103
33262, -3990, -153500, 103
33266, -3992, -153518, 102
33269, -3993, -153537, 102
33272, -3994, -153560, 98
33276, -3995, -153588, 98
33279, -3996, -153609, 97
33282, -3997, -153629, 98
33286, -3998, -153651, 96
33290, -3999, -153673, 95
33293, -4000, -153698, 92
33297, -4001, -153727, 91
33301, -4003, -153753, 90
33306, -4004, -153771, 90
33309, -4006, -153792, 87
33313, -4007, -153820, 85
33317, -4009, -153855, 83
33322, -4010, -153875, 83
33325, -4012, -153893, 82
33329, -4013, -153914, 80
33333, -4015, -153949, 77
33338, -4016, -153972, 77
33341, -4017, -153994, 76
33345, -4018, -154013, 76
33349, -4019, -154041, 75
33354, -4020, -154066, 72
33357, -4022, -154091, 70
33361, -4023, -154113, 69
33365, -4024, -154137, 70
33369, -4026, -154157, 66
33373, -4028, -154180, 65
33376, -4029, -154203, 63
33379, -4030, -154225, 63
33383, -4032, -154241, 63
33386, -4033, -154257, 61
33389, -4033, -154285, 61
33394, -4035, -154313, 57
33398, -4036, -154345, 57
33403, -4037, -154369, 55
33408, -4039, -154389, 55
33412, -4040, -154419, 52
33416, -4042, -154448, 49
33420, -4043, -154467, 50
33424, -4045, -154486, 47
33428, -4046, -154505, 48
33431, -4048, -154528, 46
33435, -4049, -154553, 43
33439, -4050, -154582, 43
33443, -4051, -154606, 42
33448, -4053, -154627, 41
33452, -4054, -154649, 38
33456, -4056, -154681, 35
33460, -4057, -154707, 37
33465, -4058, -154724, 35
33469, -4060, -154741, 33
33472, -4061, -154761, 31
33475, -4062, -154787, 30
33479, -4064, -154806, 29
33482, -4065, -154823, 29
33485, -4066, -154839, 28
33489, -4067, -154862, 27
33493, -4068, -154887, 25
33497, -4070, -154910, 21
33500, -4071, -154933, 22
33505, -4072, -154951, 21
33509, -4074, -154973, 19
33513, -4076, -154997, 17
33516, -4077, -155025, 16
33521, -4078, -155047, 15
33525, -4079, -155064, 15
33529, -4080, -155082, 13
33532, -4082, -155111, 11
33537, -4083, -155135, 7
33541, -4085, -155158, 9
33545, -4086, -155176, 8
33549, -4087, -155200, 7
33553, -4089, -155225, 3
33557, -4090, -155251, 2
33562, -4091, -155271, 1
33565, -4093, -155292, 4095
33570, -4095, -155320, 4094
33575, -4097, -155346, 4090
33579, -4098, -155368, 4091
33582, -4099, -155386, 4091
33585, -4100, -155401, 4090
33589, -4102, -155419, 4088
33592, -4103, -155439, 4084
33595, -4104, -155462, 4084
33599, -4106, -155486, 4084
33603, -4107, -155508, 4084
33608, -4108, -155527, 4081
33611, -4109, -155548, 4080
33615, -4110, -155579, 4078
33620, -4112, -155604, 4077
33624, -4113, -155620, 4076
33628, -4114, -155639, 4075
33631, -4116, -155661, 4072
33635, -4117, -155687, 4071
33639, -4119, -155711, 4070
33643, -4120, -155728, 4070
33647, -4121, -155750, 4069
33651, -4122, -155772, 4067
33655, -4124, -155798, 4064
33659, -4125, -155821, 4063
33662, -4126, -155843, 4063
33667, -4128, -155868, 4061
33672, -4130, -155890, 4057
33676, -4132, -155922, 4055
33681, -4133, -155942, 4055
33684, -4135, -155958, 4056
33688, -4136, -155976, 4055
33691, -4137, -155996, 4053
33695, -4138, -156020, 4051
33698, -4139, -156044, 4050
33702, -4140, -156060, 4050
33705, -4141, -156077, 4049
33709, -4142, -156095, 4046
33712, -4144, -156119, 4045
33716, -4145, -156151, 4042
33721, -4147, -156175, 4041
33726, -4148, -156191, 4042
33729, -4150, -156211, 4040
33733, -4151, -156242, 4036
33738, -4152, -156269, 4037
33742, -4153, -156287, 4036
33746, -4155, -156311, 4034
33751, -4157, -156331, 4032
33754, -4158, -156364, 4029
33759, -4159, -156388, 4030
33763, -4161, -156410, 4028
33768, -4163, -156428, 4025
33772, -4164, -156448, 4024
33775, -4166, -156474, 4022
33779, -4168, -156501, 4021
33784, -4169, -156519, 4021
33787, -4170, -156535, 4020
33790, -4171, -156555, 4018
33794, -4173, -156589, 4015
33799, -4174, -156610, 4016
33802, -4175, -156627, 4015
33806, -4176, -156643, 4012
33809, -4177, -156661, 4013
33813, -4178, -156682, 4010
33816, -4180, -156704, 4007
33819, -4182, -156724, 4008
33823, -4182, -156743, 4008
33827, -4184, -156760, 4007
33830, -4185, -156779, 4004
33834, -4186, -156804, 4002
33837, -4187, -156825, 4001
33840, -4189, -156844, 4001
33844, -4190, -156859, 4000
33848, -4191, -156879, 4000
33851, -4192, -156906, 3997
33856, -4193, -156935, 3994
33861, -4195, -156957, 3994
33864, -4196, -156979, 3993
33869, -4198, -157005, 3990
33874, -4200, -157031, 3987
33878, -4201, -157054, 3987
33881, -4203, -157073, 3987
33884, -4204, -157094, 3986
33890, -4206, -157115, 3983
33893, -4207, -157136, 3981
33897, -4208, -157165, 3980
33902, -4210, -157190, 3980
33906, -4211, -157207, 3978
33910, -4212, -157227, 3977
33914, -4214, -157249, 3974
33917, -4215, -157273, 3973
33921, -4217, -157293, 3973
33924, -4218, -157309, 3972
33928, -4219, -157325, 3972
33931, -4220, -157346, 3970
33935, -4221, -157379, 3966
33940, -4222, -157401, 3966
33944, -4224, -157419, 3965
33947, -4225, -157443, 3964
33952, -4227, -157471, 3963
33956, -4228, -157499, 3958
33960, -4230, -157518, 3959
33964, -4231, -157542, 3959
33969, -4232, -157568, 3957
33973, -4234, -157592, 3955
33976, -4235, -157620, 3953
33980, -4237, -157646, 3951
33985, -4238, -157665, 3952
33989, -4239, -157685, 3950
33992, -4241, -157715, 3947
33997, -4243, -157747, 3944
34002, -4244, -157771, 3945
34006, -4246, -157791, 3944
34010, -4247, -157811, 3942
34013, -4249, -157846, 3940
34018, -4250, -157875, 3938
34023, -4251, -157896, 3938
34026, -4253, -157913, 3936
34030, -4254, -157932, 3936
34033, -4255, -157955, 3934
34037, -4257, -157981, 3930
34040, -4258, -158003, 3932
34044, -4259, -158021, 3930
34048, -4260, -158045, 3930
34052, -4262, -158072, 3926
34056, -4263, -158102, 3924
34061, -4265, -158126, 3924
34064, -4266, -158145, 3923
34068, -4268, -158167, 3922
34072, -4269, -158196, 3920
34076, -4270, -158229, 3917
34081, -4272, -158252, 3916
34085, -4273, -158270, 3917
34088, -4275, -158289, 3914
34092, -4276, -158311, 3912
34095, -4278, -158338, 3910
34098, -4279, -158367, 3910
34103, -4280, -158392, 3910
34108, -4282, -158412, 3908
34111, -4282, -158441, 3908
34116, -4284, -158469, 3902
34119, -4285, -158496, 3904
34124, -4287, -158515, 3902
34128, -4288, -158542, 3902
34133, -4290, -158569, 3899
34136, -4291, -158595, 3896
34139, -4293, -158617, 3896
34143, -4294, -158635, 3895
34146, -4295, -158654, 3895
34149, -4296, -158674, 3894
34153, -4297, -158697, 3891
34156, -4299, -158725, 3889
34160, -4300, -158750, 3889
34164, -4301, -158769, 3889
34168, -4302, -158796, 3888
34172, -4304, -158827, 3884
34177, -4305, -158857, 3882
34181, -4307, -158881, 3882
34184, -4308, -158907, 3882
34189, -4310, -158932, 3879
34194, -4312, -158971, 3875
34198, -4313, -158999, 3875
34203, -4314, -159024, 3876
34208, -4316, -159049, 3873
34212, -4317, -159074, 3873
34215, -4318, -159101, 3870
34218, -4319, -159125, 3869
34222, -4321, -159152, 3869
34226, -4322, -159174, 3868
34230, -4323, -159196, 3866
34234, -4325, -159233, 3863
34239, -4326, -159263, 3863
34243, -4327, -159283, 3861
34247, -4329, -159305, 3861
34251, -4330, -159329, 3859
34254, -4332, -159360, 3856
34258, -4333, -159388, 3856
34261, -4334, -159410, 3857
34265, -4335, -159438, 3854
34270, -4336, -159468, 3854
34274, -4338, -159497, 3848
34278, -4339, -159531, 3848
34283, -4341, -159558, 3848
34287, -4343, -159582, 3846
34291, -4345, -159609, 3844
34295, -4346, -159638, 3842
34298, -4347, -159670, 3842
34303, -4349, -159697, 3840
34308, -4350, -159719, 3840
34311, -4351, -159752, 3838
34316, -4353, -159791, 3834
34321, -4354, -159816, 3836
34324, -4355, -159836, 3835
34328, -4356, -159857, 3833
34331, -4358, -159881, 3832
34334, -4359, -159909, 3828
34338, -4360, -159934, 3829
34341, -4361, -159955, 3829
34345, -4362, -159977, 3829
34348, -4363, -159999, 3827
34352, -4364, -160027, 3826
34356, -4365, -160060, 3822
34359, -4366, -160085, 3823
34363, -4368, -160106, 3822
34366, -4369, -160127, 3821
34369, -4370, -160148, 3820
34373, -4371, -160173, 3817
34376, -4372, -160201, 3817
34380, -4373, -160232, 3816
34384, -4374, -160251, 3817
34388, -4375, -160272, 3814
34392, -4377, -160297, 3811
34395, -4378, -160337, 3810
34400, -4379, -160364, 3810
34404, -4381, -160391, 3809
34408, -4382, -160417, 3809
34412, -4383, -160453, 3805
34417, -4385, -160479, 3802
34421, -4386, -160508, 3804
34425, -4387, -160534, 3803
34430, -4389, -160568, 3801
34435, -4390, -160610, 3798
34440, -4391, -160636, 3797
34444, -4392, -160668, 3797
34449, -4394, -160692, 3797
34452, -4395, -160717, 3794
34456, -4397, -160749, 3789
34460, -4398, -160773, 3791
34463, -4399, -160795, 3791
34467, -4401, -160817, 3790
34470, -4402, -160842, 3789
34474, -4402, -160872, 3786
34477, -4403, -160900, 3785
34480, -4405, -160923, 3784
34484, -4406, -160944, 3784
34487, -4407, -160964, 3784
34490, -4408, -160987, 3783
34494, -4409, -161017, 3779
34497, -4410, -161047, 3779
34500, -4411, -161070, 3779
34504, -4412, -161089, 3779
34507, -4413, -161110, 3779
34510, -4413, -161133, 3777
34513, -4414, -161161, 3774
34517, -4415, -161189, 3773
34520, -4416, -161212, 3773
34523, -4418, -161230, 3773
34526, -4418, -161250, 3774
34529, -4419, -161271, 3772
34533, -4420, -161297, 3768
34536, -4421, -161330, 3767
34539, -4422, -161357, 3768
34542, -4423, -161379, 3767
34546, -4425, -161400, 3765
34549, -4425, -161423, 3766
34552, -4426, -161461, 3763
34557, -4427, -161496, 3762
34561, -4428, -161522, 3760
34565, -4429, -161551, 3761
34569, -4430, -161587, 3760
34574, -4432, -161625, 3756
34578, -4434, -161660, 3753
34581, -4434, -161687, 3756
34585, -4436, -161709, 3754
34588, -4437, -161732, 3754
34592, -4438, -161759, 3751
34595, -4439, -161798, 3749
34599, -4440, -161840, 3749
34604, -4441, -161877, 3749
34609, -4443, -161905, 3746
34612, -4444, -161947, 3746
34617, -4445, -161991, 3742
34621, -4447, -162024, 3742
34626, -4448, -162057, 3742
34631, -4449, -162101, 3739
34636, -4451, -162152, 3738
34641, -4452, -162183, 3737
34644, -4453, -162216, 3737
34649, -4454, -162253, 3735
34653, -4456, -162302, 3732
34658, -4457, -162345, 3731
34663, -4459, -162383, 3730
34668, -4460, -162422, 3729
34673, -4462, -162462, 3726
34676, -4464, -162515, 3724
34681, -4465, -162553, 3723
34686, -4467, -162587, 3723
34691, -4468, -162618, 3723
34694, -4469, -162657, 3718
34697, -4471, -162694, 3718
34700, -4472, -162723, 3718
34704, -4473, -162750, 3718
34707, -4474, -162777, 3717
34710, -4474, -162812, 3716
34714, -4475, -162872, 3713
34719, -4477, -162910, 3711
34723, -4478, -162941, 3712
34726, -4479, -162969, 3710
34730, -4481, -163015, 3709
34734, -4482, -163068, 3705
34738, -4483, -163112, 3706
34743, -4485, -163152, 3705
34747, -4486, -163190, 3705
34752, -4487, -163228, 3703
34755, -4488, -163275, 3699
34758, -4489, -163319, 3699
34762, -4491, -163362, 3699
34767, -4492, -163397, 3697
34771, -4494, -163445, 3696
34775, -4495, -163508, 3693
34780, -4496, -163555, 3692
34785, -4498, -163586, 3691
34788, -4499, -163620, 3691
34792, -4500, -163667, 3689
34797, -4501, -163728, 3688
34800, -4503, -163765, 3686
34803, -4503, -163797, 3687
34807, -4504, -163828, 3686
34810, -4506, -163870, 3683
34814, -4507, -163919, 3681
34817, -4508, -163968, 3680
34821, -4509, -164004, 3681
34824, -4510, -164039, 3681
34827, -4511, -164074, 3679
34832, -4513, -164125, 3674
34835, -4514, -164191, 3673
34840, -4516, -164240, 3673
34844, -4517, -164289, 3673
34849, -4519, -164331, 3672
34852, -4519, -164398, 3670
34857, -4521, -164454, 3667
34861, -4522, -164507, 3667
34865, -4523, -164556, 3667
34870, -4524, -164616, 3665
34875, -4526, -164692, 3662
34879, -4527, -164737, 3660
34883, -4529, -164783, 3661
34887, -4530, -164834, 3660
34891, -4532, -164907, 3657
34896, -4533, -164967, 3654
34900, -4534, -165029, 3654
34905, -4536, -165076, 3654
34909, -4537, -165138, 3653
34914, -4538, -165198, 3651
34917, -4540, -165251, 3647
34921, -4541, -165295, 3648
34924, -4542, -165334, 3648
34927, -4543, -165377, 3647
34931, -4544, -165426, 3646
34934, -4545, -165506, 3642
34939, -4547, -165562, 3641
34943, -4548, -165609, 3640
34946, -4550, -165657, 3641
34950, -4551, -165725, 3640
34955, -4552, -165795, 3635
34959, -4553, -165852, 3636
34963, -4554, -165908, 3634
34967, -4556, -165964, 3634
34972, -4557, -166022, 3633
34976, -4558, -166082, 3629
34979, -4560, -166147, 3629
34984, -4561, -166197, 3629
34988, -4562, -166240, 3626
34992, -4564, -166291, 3625
34995, -4565, -166349, 3624
34999, -4566, -166418, 3622
35004, -4567, -166471, 3624
35008, -4568, -166512, 3622
35012, -4570, -166559, 3618
35015, -4571, -166611, 3617
35018, -4572, -166658, 3617
35022, -4573, -166700, 3618
35025, -4575, -166736, 3615
35028, -4575, -166772, 3614
35031, -4576, -166816, 3612
35035, -4578, -166871, 3610
35038, -4580, -166915, 3609
35042, -4581, -166954, 3610
35045, -4581, -166989, 3611
35048, -4582, -167027, 3608
35052, -4583, -167075, 3606
35055, -4584, -167125, 3603
35058, -4585, -167170, 3603
35062, -4587, -167221, 3604
35067, -4588, -167268, 3603
35071, -4589, -167313, 3599
35075, -4590, -167373, 3597
35079, -4592, -167433, 3597
35083, -4593, -167480, 3598
35088, -4594, -167516, 3595
35091, -4595, -167558, 3594
35095, -4597, -167613, 3591
35099, -4598, -167670, 3592
35104, -4599, -167703, 3590
35107, -4600, -167751, 3590
35112, -4602, -167813, 3586
35116, -4603, -167873, 3584
35121, -4605, -167912, 3584
35125, -4606, -167943, 3584
35128, -4607, -167979, 3584
35132, -4608, -168020, 3581
35135, -4609, -168068, 3578
35138, -4610, -168111, 3579
35142, -4612, -168146, 3578
35146, -4613, -168193, 3577
35151, -4614, -168232, 3576
35154, -4615, -168279, 3573
35158, -4616, -168323, 3572
35162, -4618, -168360, 3572
35165, -4619, -168393, 3572
35169, -4620, -168429, 3570
35172, -4621, -168471, 3569
35176, -4622, -168519, 3566
35180, -4623, -168559, 3566
35184, -4624, -168591, 3565
35187, -4625, -168622, 3565
35190, -4627, -168661, 3563
35194, -4628, -168709, 3560
35198, -4629, -168750, 3562
35201, -4630, -168782, 3560
35204, -4631, -168810, 3560
35208, -4632, -168837, 3557
35211, -4632, -168873, 3557
35214, -4634, -168915, 3554
35217, -4635, -168952, 3553
35221, -4637, -168983, 3554
35224, -4637, -169011, 3554
35227, -4638, -169037, 3553
35230, -4639, -169068, 3551
35234, -4639, -169107, 3549
35237, -4641, -169147, 3547
35240, -4642, -169178, 3547
35243, -4643, -169207, 3549
35247, -4644, -169237, 3547
35251, -4645, -169271, 3542
35254, -4646, -169314, 3542
35258, -4647, -169351, 3541
35261, -4649, -169383, 3542
35265, -4650, -169412, 3540
35268, -4651, -169445, 3539
35272, -4652, -169490, 3537
35276, -4653, -169531, 3534
35280, -4655, -169563, 3535
35283, -4655, -169589, 3536
35287, -4656, -169627, 3534
35291, -4658, -169661, 3531
35295, -4659, -169701, 3528
35298, -4660, -169734, 3529
35301, -4661, -169763, 3529
35305, -4663, -169790, 3528
35308, -4664, -169823, 3526
35312, -4664, -169855, 3525
35315, -4665, -169897, 3524
35319, -4666, -169932, 3523
35322, -4667, -169960, 3523
35326, -4668, -169986, 3522
35329, -4669, -170013, 3521
35332, -4670, -170051, 3518
35336, -4671, -170090, 3517
35340, -4672, -170119, 3518
35343, -4674, -170145, 3515
35346, -4675, -170170, 3515
35350, -4676, -170199, 3514
35353, -4677, -170234, 3512
35356, -4679, -170271, 3509
35360, -4679, -170302, 3511
35363, -4680, -170337, 3510
35368, -4681, -170375, 3509
35373, -4683, -170412, 3506
35376, -4683, -170450, 3505
35380, -4685, -170489, 3504
35384, -4686, -170522, 3505
35389, -4687, -170550, 3501
35392, -4689, -170593, 3500
35397, -4690, -170639, 3497
35402, -4692, -170676, 3497
35407, -4693, -170704, 3496
35410, -4695, -170745, 3494
35415, -4696, -170794, 3492
35420, -4698, -170832, 3491
35424, -4699, -170855, 3491
35427, -4700, -170890, 3490
35432, -4701, -170940, 3488
35437, -4702, -170975, 3486
35441, -4703, -171002, 3486
35444, -4705, -171037, 3485
35449, -4706, -171074, 3483
35454, -4708, -171110, 3480
35457, -4709, -171141, 3479
35461, -4710, -171166, 3479
35464, -4712, -171193, 3479
35468, -4713, -171217, 3477
35471, -4714, -171250, 3476
35475, -4715, -171291, 3472
35479, -4716, -171330, 3474
35484, -4717, -171357, 3474
35488, -4718, -171381, 3472
35491, -4719, -171410, 3471
35495, -4720, -171458, 3468
35500, -4721, -171493, 3467
35504, -4723, -171518, 3467
35508, -4724, -171551, 3465
35512, -4726, -171592, 3463
35517, -4727, -171623, 3461
35520, -4728, -171656, 3460
35525, -4730, -171685, 3461
35530, -4731, -171723, 3458
35534, -4732, -171758, 3456
35538, -4733, -171786, 3456
35541, -4734, -171811, 3455
35544, -4736, -171835, 3455
35548, -4736, -171858, 3454
35551, -4737, -171884, 3451
35554, -4739, -171915, 3449
35557, -4740, -171944, 3448
35561, -4742, -171967, 3448
35564, -4743, -171989, 3449
35567, -4743, -172014, 3448
35571, -4744, -172039, 3445
35574, -4745, -172072, 3444
35577, -4746, -172101, 3444
35581, -4747, -172125, 3443
35584, -4748, -172147, 3442
35588, -4749, -172171, 3442
35591, -4749, -172198, 3441
35595, -4751, -172230, 3437
35598, -4752, -172260, 3438
35602, -4753, -172283, 3436
35605, -4754, -172303, 3436
35608, -4755, -172325, 3435
35612, -4756, -172357, 3434
35615, -4757, -172390, 3430
35619, -4758, -172423, 3432
35624, -4759, -172449, 3430
35628, -4760, -172472, 3430
35632, -4762, -172498, 3428
35635, -4762, -172529, 3426
35639, -4764, -172561, 3426
35643, -4764, -172584, 3426
35646, -4765, -172605, 3425
35650, -4767, -172638, 3422
35654, -4768, -172674, 3419
35658, -4769, -172711, 3421
35663, -4770, -172732, 3419
35667, -4771, -172765, 3420
35672, -4772, -172795, 3417
35676, -4773, -172825, 3414
35679, -4775, -172850, 3415
35683, -4776, -172872, 3413
35686, -4777, -172894, 3413
35690, -4778, -172916, 3411
35693, -4780, -172943, 3408
35697, -4781, -172981, 3408
35702, -4782, -173015, 3407
35707, -4783, -173038, 3407
35710, -4785, -173062, 3405
35714, -4786, -173102, 3402
35719, -4787, -173136, 3401
35724, -4788, -173158, 3401
35727, -4790, -173178, 3400
35731, -4791, -173202, 3400
35734, -4792, -173234, 3396
35738, -4793, -173264, 3397
35742, -4794, -173285, 3397
35745, -4795, -173303, 3395
35748, -4796, -173323, 3394
35751, -4796, -173347, 3394
35755, -4798, -173374, 3390
35758, -4799, -173400, 3389
35762, -4800, -173420, 3389
35765, -4801, -173445, 3389
35770, -4802, -173470, 3389
35774, -4803, -173504, 3385
35779, -4804, -173538, 3385
35783, -4805, -173560, 3385
35787, -4806, -173579, 3385
35790, -4807, -173600, 3382
35793, -4808, -173625, 3379
35797, -4810, -173649, 3379
35800, -4811, -173670, 3379
35803, -4812, -173689, 3379
35807, -4813, -173706, 3378
35810, -4813, -173728, 3377
35814, -4814, -173762, 3373
35818, -4816, -173789, 3372
35821, -4817, -173810, 3374
35825, -4818, -173829, 3372
35828, -4819, -173849, 3371
35832, -4820, -173872, 3368
35835, -4821, -173900, 3368
35838, -4822, -173925, 3367
35841, -4823, -173944, 3367
35845, -4824, -173962, 3366
35848, -4825, -173987, 3365
35853, -4826, -174023, 3364
35857, -4827, -174047, 3363
35860, -4827, -174075, 3363
35865, -4828, -174097, 3362
35869, -4829, -174124, 3361
35873, -4830, -174158, 3357
35878, -4832, -174193, 3356
35882, -4833, -174213, 3356
35886, -4835, -174235, 3354
35890, -4836, -174264, 3355
35895, -4837, -174300, 3351
35899, -4838, -174323, 3351
35903, -4839, -174343, 3350
35907, -4840, -174364, 3350
35910, -4841, -174385, 3349
35914, -4842, -174414, 3346
35917, -4844, -174447, 3344
35922, -4845, -174470, 3345
35926, -4846, -174487, 3346
35929, -4847, -174508, 3344
35933, -4848, -174535, 3339
35936, -4849, -174562, 3340
35940, -4850, -174583, 3339
35943, -4851, -174603, 3340
35947, -4852, -174622, 3338
35950, -4853, -174646, 3336
35954, -4854, -174675, 3335
35958, -4855, -174700, 3335
35961, -4856, -174720, 3333
35964, -4857, -174737, 3334
35967, -4858, -174755, 3332
35971, -4859, -174776, 3331
35974, -4860, -174802, 3327
35977, -4861, -174827, 3329
35981, -4862, -174848, 3327
35984, -4863, -174874, 3328
35989, -4864, -174896, 3326
35993, -4864, -174927, 3326
35996, -4866, -174952, 3323
36000, -4866, -174975, 3323
36003, -4867, -174994, 3323
36007, -4868, -175013, 3322
36010, -4869, -175034, 3320
36014, -4870, -175062, 3319
36017, -4872, -175087, 3316
36020, -4873, -175108, 3315
36024, -4874, -175128, 3316
36027, -4875, -175152, 3315
36032, -4877, -175188, 3312
36037, -4878, -175224, 3311
36041, -4879, -175246, 3311
36045, -4880, -175264, 3309
36048, -4881, -175282, 3308
36052, -4882, -175315, 3308
36057, -4883, -175343, 3305
36060, -4885, -175365, 3305
36063, -4885, -175381, 3306
36066, -4886, -175408, 3304
36071, -4887, -175435, 3303
36075, -4888, -175463, 3300
36078, -4889, -175491, 3301
36082, -4890, -175516, 3301
36087, -4891, -175536, 3298
36091, -4892, -175556, 3298
36094, -4893, -175583, 3295
36098, -4894, -175615, 3295
36103, -4896, -175639, 3294
36107, -4897, -175657, 3293
36110, -4898, -175678, 3292
36114, -4899, -175704, 3290
36117, -4900, -175728, 3289
36120, -4901, -175748, 3291
36124, -4902, -175766, 3288
36127, -4902, -175787, 3288
36131, -4903, -175817, 3286
36135, -4904, -175845, 3284
36139, -4906, -175866, 3284
36142, -4907, -175885, 3283
36146, -4908, -175909, 3282
36150, -4909, -175941, 3280
36155, -4910, -175972, 3279
36159, -4911, -175999, 3278
36163, -4912, -176026, 3278
36167, -4913, -176045, 3276
36171, -4914, -176070, 3275
36175, -4915, -176100, 3274
36179, -4916, -176131, 3273
36183, -4918, -176152, 3272
36187, -4918, -176176, 3272
36191, -4920, -176201, 3269
36195, -4921, -176240, 3267
36200, -4922, -176263, 3266
36203, -4923, -176281, 3267
36207, -4925, -176300, 3265
36210, -4926, -176322, 3264
36214, -4927, -176352, 3261
36218, -4928, -176377, 3262
36221, -4929, -176397, 3260
36224, -4930, -176415, 3261
36227, -4931, -176432, 3259
36231, -4932, -176455, 3258
36234, -4933, -176482, 3256
36237, -4933, -176506, 3257
36240, -4934, -176529, 3256
36244, -4935, -176549, 3256
36248, -4936, -176569, 3254
36251, -4936, -176595, 3253
36255, -4938, -176629, 3251
36259, -4939, -176664, 3250
36264, -4940, -176685, 3250
36267, -4941, -176713, 3248
36272, -4942, -176740, 3247
36276, -4944, -176777, 3244
36280, -4945, -176798, 3244
36284, -4946, -176817, 3244
36288, -4947, -176840, 3243
36292, -4948, -176868, 3241
36295, -4949, -176897, 3239
36299, -4951, -176921, 3238
36302, -4952, -176944, 3239
36306, -4952, -176970, 3239
36310, -4953, -176993, 3237
36314, -4954, -177031, 3234
36319, -4955, -177059, 3234
36322, -4956, -177082, 3233
36326, -4958, -177101, 3232
36330, -4959, -177123, 3230
36333, -4960, -177149, 3230
36336, -4961, -177179, 3228
36340, -4962, -177202, 3228
36343, -4963, -177223, 3227
36347, -4964, -177251, 3226
36351, -4965, -177288, 3225
36356, -4966, -177321, 3222
36360, -4967, -177346, 3223
36363, -4968, -177367, 3222
36367, -4969, -177387, 3220
36370, -4970, -177411, 3219
36374, -4972, -177444, 3216
36378, -4973, -177475, 3216
36382, -4974, -177500, 3215
36385, -4975, -177522, 3216
36389, -4976, -177545, 3213
36392, -4977, -177571, 3211
36396, -4979, -177604, 3209
36399, -4980, -177628, 3211
36403, -4981, -177654, 3211
36408, -4981, -177685, 3209
36412, -4983, -177724, 3205
36417, -4984, -177760, 3203
36422, -4985, -177786, 3204
36425, -4987, -177807, 3202
36429, -4988, -177837, 3202
36433, -4990, -177876, 3199
36438, -4991, -177906, 3198
36442, -4992, -177929, 3197
36445, -4993, -177952, 3197
36449, -4994, -177977, 3196
36453, -4995, -178007, 3194
36456, -4996, -178036, 3193
36459, -4997, -178061, 3193
36463, -4998, -178091, 3192
36468, -4999, -178119, 3191
36472, -5000, -178146, 3189
36476, -5001, -178187, 3186
36481, -5003, -178220, 3187
36485, -5004, -178243, 3185
36489, -5005, -178267, 3185
36492, -5007, -178306, 3182
36497, -5008, -178344, 3181
36502, -5009, -178368, 3181
36505, -5010, -178388, 3180
36509, -5011, -178412, 3179
36512, -5012, -178452, 3177
36517, -5013, -178483, 3176
36521, -5014, -178511, 3175
36525, -5015, -178542, 3175
36529, -5016, -178576, 3173
36534, -5018, -178609, 3170
36537, -5019, -178638, 3169
36541, -5021, -178667, 3168
36545, -5022, -178690, 3169
36549, -5023, -178716, 3169
36552, -5024, -178744, 3165
36555, -5025, -178778, 3164
36559, -5025, -178805, 3165
36562, -5026, -178828, 3163
36566, -5028, -178849, 3162
36569, -5029, -178870, 3161
36572, -5030, -178899, 3159
36576, -5031, -178931, 3159
36579, -5032, -178967, 3158
36584, -5033, -178997, 3158
36588, -5034, -179023, 3156
36592, -5035, -179062, 3154
36597, -5036, -179098, 3152
36600, -5037, -179134, 3152
36605, -5039, -179156, 3151
36609, -5040, -179191, 3151
36614, -5041, -179231, 3145
36617, -5043, -179264, 3146
36621, -5044, -179291, 3145
36625, -5045, -179319, 3145
36628, -5047, -179345, 3144
36632, -5047, -179373, 3142
36635, -5048, -179405, 3140
36638, -5049, -179433, 3141
36642, -5050, -179460, 3140
36645, -5051, -179483, 3139
36648, -5052, -179507, 3139
36652, -5053, -179541, 3136
36655, -5054, -179580, 3136
36659, -5055, -179613, 3135
36663, -5056, -179640, 3133
36666, -5057, -179663, 3132
36670, -5058, -179688, 3132
36673, -5059, -179721, 3129
36676, -5061, -179754, 3128
36679, -5062, -179782, 3129
36683, -5062, -179817, 3128
36687, -5064, -179845, 3126
36691, -5065, -179883, 3124
36695, -5066, -179925, 3122
36699, -5067, -179965, 3122
36704, -5069, -179993, 3121
36708, -5070, -180026, 3121
36712, -5071, -180060, 3119
36715, -5072, -180109, 3117
36720, -5073, -180142, 3115
36724, -5074, -180168, 3115
36727, -5076, -180200, 3114
36732, -5077, -180249, 3112
36737, -5079, -180293, 3108
36741, -5080, -180331, 3109
36745, -5081, -180359, 3109
36749, -5083, -180391, 3107
36753, -5084, -180426, 3105
36756, -5085, -180470, 3104
36760, -5086, -180502, 3103
36763, -5087, -180526, 3103
36767, -5088, -180558, 3102
36771, -5089, -180591, 3100
36774, -5090, -180628, 3098
36777, -5092, -180665, 3097
36781, -5093, -180697, 3098
36784, -5094, -180725, 3095
36788, -5095, -180757, 3095
36792, -5096, -180794, 3093
36796, -5097, -180851, 3091
36800, -5099, -180897, 3089
36805, -5100, -180925, 3090
36809, -5101, -180966, 3089
36814, -5102, -181019, 3087
36818, -5104, -181059, 3085
36821, -5104, -181090, 3086
36825, -5105, -181121, 3084
36829, -5107, -181151, 3083
36832, -5108, -181189, 3081
36835, -5109, -181230, 3079
36839, -5110, -181261, 3080
36842, -5111, -181304, 3079
36847, -5112, -181346, 3077
36852, -5114, -181382, 3075
36855, -5115, -181422, 3073
36858, -5116, -181464, 3073
36862, -5118, -181498, 3071
36866, -5119, -181529, 3071
36869, -5120, -181563, 3071
36873, -5121, -181610, 3067
36877, -5122, -181660, 3067
36881, -5123, -181698, 3067
36885, -5124, -181725, 3065
36888, -5126, -181758, 3064
36892, -5126, -181795, 3064
36895, -5127, -181840, 3061
36899, -5129, -181883, 3061
36902, -5130, -181918, 3060
36906, -5131, -181949, 3058
36910, -5132, -181986, 3059
36913, -5133, -182027, 3055
36917, -5135, -182073, 3053
36921, -5136, -182109, 3053
36924, -5137, -182143, 3053
36928, -5138, -182184, 3052
36932, -5139, -182237, 3050
36937, -5141, -182287, 3047
36942, -5142, -182327, 3048
36946, -5143, -182357, 3046
36949, -5144, -182402, 3045
36954, -5146, -182451, 3041
36958, -5147, -182492, 3041
36962, -5148, -182527, 3043
36966, -5149, -182571, 3041
36971, -5151, -182614, 3037
36975, -5152, -182668, 3035
36980, -5153, -182707, 3035
36983, -5155, -182735, 3035
36987, -5156, -182764, 3035
36990, -5157, -182800, 3032
36994, -5158, -182840, 3031
36997, -5159, -182889, 3029
37002, -5161, -182926, 3028
37006, -5162, -182955, 3029
37010, -5163, -183001, 3025
37015, -5165, -183054, 3023
37020, -5166, -183090, 3023
37024, -5167, -183120, 3021
37027, -5169, -183147, 3021
37031, -5170, -183189, 3019
37036, -5171, -183240, 3017
37041, -5173, -183275, 3015
37044, -5174, -183309, 3016
37049, -5175, -183348, 3014
37053, -5177, -183388, 3011
37057, -5178, -183424, 3010
37061, -5179, -183465, 3010
37065, -5181, -183497, 3008
37070, -5182, -183532, 3008
37074, -5184, -183581, 3004
37079, -5185, -183624, 3003
37084, -5186, -183658, 3003
37088, -5187, -183686, 3003
37092, -5189, -183715, 2999
37095, -5190, -183750, 2998
37098, -5191, -183780, 2998
37102, -5193, -183807, 2996
37105, -5194, -183833, 2995
37108, -5195, -183859, 2995
37112, -5196, -183887, 2993
37115, -5198, -183924, 2991
37118, -5199, -183956, 2991
37122, -5199, -183980, 2993
37125, -5200, -184003, 2990
37129, -5201, -184025, 2989
37132, -5202, -184054, 2986
37135, -5203, -184089, 2986
37139, -5205, -184118, 2984
37142, -5206, -184145, 2985
37145, -5207, -184166, 2983
37149, -5207, -184190, 2983
37152, -5209, -184217, 2980
37155, -5210, -184250, 2978
37158, -5211, -184274, 2979
37162, -5212, -184296, 2979
37165, -5213, -184317, 2977
37168, -5214, -184338, 2977
37171, -5214, -184364, 2975
37175, -5216, -184395, 2972
37178, -5217, -184425, 2972
37181, -5218, -184450, 2971
37184, -5219, -184469, 2971
37188, -5220, -184491, 2970
37191, -5221, -184516, 2970
37194, -5222, -184544, 2966
37197, -5223, -184573, 2966
37201, -5224, -184598, 2966
37204, -5225, -184619, 2965
37207, -5226, -184641, 2963
37211, -5227, -184666, 2963
37214, -5228, -184694, 2960
37217, -5230, -184721, 2959
37220, -5231, -184743, 2958
37224, -5232, -184765, 2959
37227, -5233, -184787, 2959
37230, -5233, -184813, 2957
37234, -5234, -184841, 2954
37237, -5235, -184867, 2953
37240, -5236, -184891, 2953
37243, -5238, -184912, 2953
37247, -5239, -184932, 2950
37250, -5240, -184955, 2950
37253, -5241, -184981, 2949
37256, -5242, -185009, 2947
37260, -5243, -185033, 2947
37263, -5244, -185055, 2946
37266, -5245, -185073, 2946
37269, -5246, -185094, 2943
37273, -5247, -185120, 2942
37276, -5248, -185150, 2940
37279, -5249, -185175, 2940
37283, -5251, -185195, 2940
37286, -5251, -185215, 2939
37289, -5252, -185236, 2938
37292, -5253, -185260, 2935
37296, -5254, -185287, 2934
37299, -5256, -185312, 2934
37302, -5257, -185332, 2933
37305, -5258, -185350, 2933
37309, -5259, -185372, 2931
37312, -5259, -185395, 2930
37315, -5261, -185423, 2927
37319, -5262, -185447, 2928
37322, -5263, -185468, 2926
37325, -5264, -185486, 2927
37328, -5265, -185505, 2925
37332, -5266, -185527, 2924
37335, -5267, -185555, 2921
37338, -5268, -185579, 2922
37342, -5269, -185601, 2921
37345, -5270, -185620, 2920
37348, -5271, -185641, 2919
37351, -5272, -185662, 2917
37354, -5274, -185689, 2912
37358, -5275, -185715, 2913
37361, -5277, -185734, 2914
37364, -5278, -185752, 2913
37368, -5279, -185770, 2913
37371, -5279, -185790, 2911
37374, -5280, -185816, 2909
37377, -5281, -185842, 2908
37381, -5282, -185864, 2907
37384, -5283, -185883, 2907
37387, -5284, -185903, 2906
37391, -5285, -185923, 2905
37394, -5286, -185947, 2902
37397, -5287, -185970, 2902
37400, -5288, -185990, 2901
37404, -5290, -186009, 2900
37407, -5291, -186029, 2899
37410, -5292, -186051, 2898
37413, -5293, -186074, 2896
37417, -5294, -186100, 2896
37420, -5295, -186120, 2895
37423, -5296, -186136, 2894
37426, -5297, -186154, 2892
37430, -5298, -186175, 2891
37433, -5299, -186198, 2890
37436, -5301, -186224, 2887
37439, -5302, -186245, 2890
37443, -5303, -186264, 2887
37446, -5304, -186281, 2886
37449, -5304, -186300, 2886
37453, -5305, -186323, 2884
37456, -5307, -186352, 2881
37460, -5308, -186374, 2883
37463, -5308, -186393, 2882
37466, -5310, -186413, 2880
37470, -5311, -186434, 2879
37473, -5311, -186457, 2877
37476, -5313, -186482, 2874
37480, -5315, -186503, 2875
37483, -5316, -186523, 2874
37487, -5317, -186540, 2874
37490, -5318, -186561, 2872
37494, -5319, -186586, 2870
37497, -5320, -186610, 2868
37501, -5321, -186631, 2868
37504, -5322, -186651, 2869
37508, -5323, -186671, 2867
37511, -5324, -186696, 2865
37515, -5325, -186723, 2862
37519, -5327, -186747, 2862
37522, -5328, -186765, 2861
37525, -5329, -186781, 2861
37528, -5330, -186801, 2860
37532, -5331, -186820, 2858
37535, -5333, -186847, 2855
37539, -5334, -186872, 2854
37542, -5335, -186891, 2855
37546, -5336, -186908, 2854
37549, -5338, -186925, 2852
37553, -5339, -186947, 2850
37556, -5340, -186972, 2849
37559, -5341, -186993, 2848
37562, -5342, -187011, 2848
37566, -5343, -187027, 2848
37569, -5344, -187045, 2846
37572, -5345, -187065, 2843
37575, -5346, -187087, 2842
37579, -5348, -187108, 2841
37582, -5349, -187124, 2842
37585, -5350, -187142, 2841
37588, -5351, -187160, 2839
37592, -5351, -187182, 2838
37595, -5352, -187207, 2837
37598, -5354, -187231, 2834
37602, -5355, -187250, 2836
37605, -5356, -187266, 2835
37608, -5356, -187285, 2834
37611, -5358, -187303, 2831
37614, -5359, -187327, 2829
37618, -5360, -187352, 2829
37621, -5361, -187368, 2828
37625, -5363, -187384, 2828
37628, -5363, -187402, 2827
37631, -5364, -187421, 2825
37635, -5365, -187445, 2823
37638, -5367, -187468, 2820
37641, -5368, -187484, 2823
37644, -5369, -187502, 2821
37648, -5370, -187519, 2820
37651, -5371, -187536, 2817
37654, -5372, -187559, 2816
37657, -5374, -187581, 2813
37660, -5375, -187600, 2815
37664, -5376, -187617, 2815
37667, -5377, -187633, 2813
37670, -5378, -187651, 2812
37674, -5379, -187674, 2810
37677, -5380, -187697, 2808
37680, -5382, -187716, 2807
37683, -5382, -187734, 2809
37686, -5383, -187750, 2808
37690, -5384, -187768, 2806
37693, -5385, -187788, 2804
37696, -5386, -187809, 2802
37700, -5387, -187829, 2801
37703, -5389, -187845, 2802
37706, -5390, -187862, 2799
37709, -5391, -187878, 2800
37712, -5392, -187899, 2797
37716, -5393, -187923, 2794
37719, -5395, -187943, 2795
37722, -5396, -187959, 2794
37726, -5397, -187976, 2795
37729, -5397, -187993, 2793
37732, -5398, -188013, 2791
37735, -5399, -188035, 2789
37738, -5400, -188053, 2790
37742, -5401, -188069, 2789
37745, -5402, -188085, 2788
37748, -5403, -188102, 2787
37751, -5404, -188121, 2785
37755, -5405, -188144, 2782
37758, -5407, -188166, 2782
37761, -5408, -188184, 2782
37764, -5409, -188200, 2782
37768, -5410, -188216, 2780
37771, -5411, -188235, 2778
37774, -5412, -188257, 2777
37777, -5413, -188280, 2774
37781, -5415, -188298, 2776
37784, -5416, -188312, 2773
37787, -5417, -188326, 2774
37790, -5418, -188345, 2772
37794, -5419, -188365, 2769
37797, -5420, -188385, 2769
37800, -5421, -188405, 2769
37803, -5422, -188420, 2768
37807, -5423, -188437, 2768
37810, -5424, -188456, 2765
37813, -5425, -188478, 2764
37816, -5426, -188499, 2761
37820, -5428, -188520, 2761
37825, -5429, -188549, 2761
37828, -5430, -188565, 2759
37832, -5432, -188583, 2757
37835, -5433, -188604, 2756
37838, -5434, -188625, 2755
37841, -5435, -188642, 2756
37845, -5436, -188656, 2754
37848, -5437, -188670, 2753
37851, -5438, -188689, 2751
37854, -5439, -188714, 2749
37858, -5441, -188737, 2748
37861, -5442, -188755, 2749
37864, -5443, -188773, 2747
37867, -5444, -188790, 2747
37871, -5445, -188808, 2743
37874, -5446, -188828, 2742
37877, -5447, -188848, 2742
37880, -5448, -188865, 2742
37884, -5450, -188881, 2741
37887, -5450, -188896, 2741
37890, -5450, -188914, 2740
37893, -5451, -188936, 2737
37897, -5453, -188959, 2734
37900, -5454, -188978, 2737
37903, -5455, -188995, 2734
37906, -5456, -189011, 2735
37910, -5457, -189027, 2733
37913, -5458, -189047, 2730
37916, -5459, -189070, 2729
37919, -5460, -189087, 2729
37923, -5462, -189102, 2729
37926, -5463, -189117, 2727
37929, -5464, -189135, 2726
37932, -5464, -189154, 2725
37936, -5466, -189175, 2723
37939, -5467, -189195, 2721
37942, -5468, -189213, 2721
37945, -5470, -189227, 2720
37949, -5471, -189245, 2720
37952, -5472, -189265, 2716
37955, -5473, -189286, 2715
37958, -5475, -189308, 2714
37962, -5475, -189325, 2716
37965, -5476, -189340, 2715
37968, -5477, -189356, 2713
37971, -5478, -189375, 2711
37975, -5479, -189394, 2709
37978, -5480, -189416, 2709
37981, -5482, -189435, 2708
37984, -5483, -189453, 2708
37987, -5484, -189467, 2706
37991, -5484, -189487, 2706
37994, -5485, -189509, 2703
37997, -5487, -189531, 2702
38000, -5488, -189550, 2702
38004, -5489, -189569, 2701
38007, -5490, -189586, 2701
38010, -5491, -189604, 2698
38014, -5492, -189623, 2697
38017, -5493, -189642, 2695
38020, -5494, -189660, 2695
38023, -5496, -189675, 2695
38027, -5497, -189690, 2693
38030, -5497, -189707, 2693
38033, -5498, -189730, 2690
38036, -5500, -189754, 2687
38040, -5501, -189774, 2689
38043, -5502, -189790, 2688
38046, -5503, -189806, 2687
38050, -5504, -189824, 2686
38053, -5505, -189845, 2683
38056, -5506, -189867, 2682
38060, -5508, -189884, 2682
38063, -5509, -189900, 2682
38066, -5510, -189917, 2679
38070, -5511, -189934, 2680
38073, -5511, -189954, 2678
38076, -5513, -189976, 2676
38079, -5514, -189995, 2676
38083, -5514, -190012, 2676
38086, -5516, -190029, 2673
38089, -5517, -190046, 2672
38093, -5518, -190065, 2670
38096, -5520, -190088, 2669
38099, -5521, -190107, 2669
38102, -5522, -190123, 2669
38106, -5523, -190139, 2666
38109, -5524, -190154, 2667
38112, -5524, -190173, 2665
38115, -5526, -190196, 2663
38119, -5527, -190214, 2661
38122, -5528, -190232, 2661
38125, -5530, -190248, 2660
38128, -5531, -190267, 2659
38132, -5532, -190288, 2657
38135, -5533, -190312, 2656
38138, -5534, -190334, 2655
38141, -5535, -190352, 2655
38145, -5536, -190369, 2655
38148, -5537, -190386, 2654
38151, -5538, -190404, 2651
38154, -5539, -190425, 2650
38157, -5540, -190447, 2648
38161, -5541, -190466, 2649
38164, -5542, -190480, 2648
38167, -5543, -190496, 2648
38170, -5544, -190516, 2644
38174, -5545, -190539, 2642
38177, -5547, -190564, 2642
38180, -5548, -190585, 2642
38183, -5549, -190602, 2641
38186, -5550, -190618, 2641
38190, -5550, -190635, 2640
38193, -5551, -190656, 2638
38196, -5553, -190677, 2635
38199, -5553, -190698, 2637
38203, -5555, -190714, 2634
38206, -5556, -190732, 2635
38209, -5557, -190751, 2633
38212, -5558, -190772, 2630
38216, -5559, -190797, 2629
38219, -5560, -190817, 2630
38222, -5562, -190835, 2628
38226, -5563, -190853, 2628
38229, -5563, -190870, 2626
38232, -5564, -190890, 2626
38235, -5566, -190912, 2622
38239, -5567, -190932, 2623
38242, -5568, -190950, 2621
38245, -5569, -190966, 2621
38248, -5570, -190984, 2620
38251, -5571, -191004, 2619
38255, -5572, -191028, 2616
38258, -5573, -191053, 2616
38261, -5575, -191071, 2614
38264, -5575, -191089, 2617
38267, -5576, -191106, 2614
38271, -5577, -191125, 2612
38274, -5578, -191147, 2610
38277, -5580, -191168, 2607
38281, -5581, -191188, 2609
38284, -5582, -191206, 2609
38287, -5583, -191223, 2608
38290, -5584, -191240, 2607
38294, -5584, -191263, 2605
38297, -5585, -191289, 2602
38300, -5586, -191309, 2604
38303, -5587, -191329, 2603
38306, -5588, -191346, 2602
38310, -5589, -191365, 2601
38313, -5590, -191388, 2598
38316, -5592, -191411, 2596
38320, -5593, -191433, 2595
38323, -5594, -191451, 2598
38326, -5595, -191468, 2596
38330, -5596, -191486, 2594
38333, -5596, -191509, 2593
38336, -5597, -191535, 2590
38339, -5599, -191558, 2591
38343, -5600, -191577, 2591
38346, -5601, -191596, 2589
38349, -5602, -191616, 2587
38352, -5603, -191638, 2586
38356, -5604, -191663, 2583
38359, -5606, -191684, 2583
38362, -5607, -191703, 2584
38365, -5608, -191720, 2583
38369, -5609, -191737, 2581
38372, -5609, -191758, 2580
38375, -5611, -191782, 2577
38378, -5612, -191808, 2578
38381, -5613, -191829, 2577
38385, -5614, -191847, 2576
38388, -5615, -191866, 2575
38391, -5616, -191886, 2573
38394, -5617, -191909, 2571
38398, -5619, -191930, 2569
38401, -5620, -191950, 2571
38404, -5621, -191967, 2571
38407, -5621, -191986, 2570
38410, -5622, -192006, 2567
38414, -5623, -192031, 2565
38417, -5624, -192059, 2564
38420, -5626, -192081, 2564
38423, -5627, -192101, 2564
38427, -5628, -192122, 2562
38430, -5629, -192143, 2560
38433, -5630, -192165, 2559
38436, -5631, -192191, 2558
38440, -5632, -192214, 2558
38443, -5633, -192231, 2557
38446, -5634, -192249, 2557
38450, -5634, -192269, 2556
38453, -5636, -192298, 2551
38456, -5637, -192326, 2551
38459, -5638, -192351, 2553
38463, -5639, -192372, 2551
38466, -5640, -192391, 2550
38469, -5641, -192411, 2548
38472, -5642, -192435, 2547
38476, -5643, -192462, 2545
38479, -5645, -192484, 2545
38482, -5646, -192503, 2543
38485, -5647, -192521, 2543
38489, -5648, -192544, 2542
38492, -5649, -192570, 2540
38495, -5650, -192599, 2539
38498, -5651, -192625, 2539
38502, -5652, -192648, 2537
38505, -5653, -192666, 2537
38508, -5654, -192685, 2536
38511, -5655, -192709, 2534
38515, -5656, -192736, 2533
38518, -5657, -192762, 2531
38521, -5658, -192787, 2533
38524, -5659, -192808, 2531
38528, -5660, -192829, 2530
38531, -5661, -192853, 2529
38534, -5662, -192882, 2525
38537, -5664, -192910, 2524
38541, -5665, -192935, 2525
38544, -5666, -192955, 2523
38547, -5668, -192975, 2523
38550, -5668, -192997, 2523
38554, -5669, -193024, 2519
38557, -5670, -193056, 2518
38560, -5672, -193082, 2517
38563, -5673, -193103, 2518
38567, -5674, -193124, 2517
38570, -5674, -193147, 2516
38573, -5675, -193174, 2514
38576, -5676, -193204, 2513
38579, -5677, -193226, 2512
38583, -5678, -193248, 2512
38586, -5679, -193267, 2511
38589, -5680, -193292, 2510
38592, -5681, -193320, 2508
38596, -5682, -193353, 2505
38599, -5684, -193381, 2504
38602, -5685, -193404, 2505
38605, -5686, -193426, 2506
38609, -5687, -193448, 2503
38612, -5688, -193473, 2502
38615, -5689, -193505, 2499
38618, -5690, -193534, 2497
38622, -5692, -193559, 2499
38625, -5693, -193584, 2497
38628, -5694, -193607, 2497
38631, -5695, -193634, 2495
38635, -5696, -193665, 2492
38638, -5697, -193693, 2492
38641, -5698, -193718, 2493
38644, -5699, -193739, 2493
38647, -5699, -193763, 2492
38651, -5700, -193790, 2488
38654, -5701, -193822, 2487
38657, -5702, -193855, 2487
38661, -5704, -193885, 2486
38664, -5705, -193908, 2485
38667, -5706, -193932, 2484
38670, -5707, -193958, 2482
38674, -5708, -193990, 2482
38677, -5709, -194022, 2478
38680, -5711, -194050, 2478
38683, -5712, -194073, 2479
38687, -5713, -194099, 2478
38690, -5714, -194126, 2476
38693, -5715, -194155, 2473
38696, -5716, -194190, 2473
38699, -5717, -194220, 2473
38703, -5718, -194244, 2472
38706, -5719, -194267, 2471
38709, -5720, -194293, 2469
38712, -5721, -194326, 2469
38716, -5722, -194363, 2466
38719, -5723, -194396, 2466
38722, -5724, -194424, 2466
38726, -5725, -194450, 2465
38729, -5726, -194478, 2465
38732, -5727, -194509, 2462
38735, -5728, -194550, 2460
38739, -5729, -194584, 2460
38742, -5730, -194613, 2459
38745, -5732, -194638, 2458
38748, -5733, -194666, 2458
38752, -5733, -194697, 2457
38755, -5734, -194735, 2454
38758, -5736, -194769, 2453
38761, -5737, -194799, 2452
38765, -5738, -194825, 2451
38768, -5740, -194850, 2450
38771, -5740, -194881, 2450
38774, -5742, -194918, 2446
38777, -5743, -194954, 2445
38781, -5744, -194986, 2445
38784, -5745, -195013, 2446
38787, -5746, -195042, 2445
38790, -5747, -195074, 2444
38794, -5747, -195113, 2441
38797, -5748, -195154, 2440
38800, -5750, -195188, 2439
38803, -5751, -195217, 2438
38807, -5753, -195245, 2437
38810, -5753, -195277, 2437
38813, -5754, -195316, 2435
38816, -5756, -195357, 2432
38820, -5757, -195392, 2432
38823, -5758, -195424, 2433
38826, -5759, -195454, 2431
38829, -5760, -195483, 2429
38833, -5761, -195520, 2428
38836, -5762, -195564, 2426
38839, -5764, -195604, 2426
38842, -5764, -195638, 2427
38846, -5765, -195669, 2425
38849, -5766, -195701, 2423
38852, -5767, -195738, 2422
38855, -5768, -195787, 2420
38859, -5770, -195826, 2419
38862, -5771, -195859, 2419
38865, -5772, -195891, 2419
38868, -5773, -195925, 2417
38872, -5773, -195962, 2417
38875, -5775, -196016, 2412
38879, -5776, -196058, 2413
38882, -5777, -196091, 2413
38885, -5778, -196124, 2412
38888, -5779, -196157, 2412
38892, -5780, -196195, 2409
38895, -5781, -196241, 2406
38898, -5783, -196285, 2406
38901, -5784, -196322, 2406
38905, -5785, -196355, 2406
38908, -5786, -196389, 2405
38911, -5786, -196429, 2403
38914, -5787, -196478, 2402
38917, -5788, -196523, 2400
38921, -5789, -196561, 2401
38924, -5790, -196596, 2400
38927, -5791, -196629, 2398
38930, -5792, -196668, 2397
38934, -5793, -196714, 2395
38937, -5795, -196763, 2393
38940, -5797, -196807, 2392
38943, -5798, -196845, 2393
38946, -5798, -196880, 2394
38950, -5799, -196919, 2391
38953, -5800, -196964, 2389
38956, -5801, -197020, 2387
38959, -5802, -197065, 2386
38963, -5804, -197102, 2387
38966, -5805, -197141, 2385
38969, -5806, -197183, 2385
38972, -5806, -197233, 2383
38976, -5808, -197288, 2380
38979, -5809, -197338, 2380
38982, -5810, -197376, 2381
38985, -5811, -197416, 2379
38989, -5812, -197460, 2377
38992, -5813, -197508, 2375
38995, -5814, -197568, 2374
38998, -5816, -197619, 2374
39002, -5817, -197662, 2371
39005, -5818, -197702, 2372
39008, -5819, -197743, 2371
39011, -5820, -197791, 2370
39015, -5822, -197849, 2366
39018, -5822, -197903, 2367
39021, -5824, -197948, 2366
39024, -5824, -197989, 2367
39027, -5825, -198031, 2365
39031, -5826, -198082, 2363
39034, -5827, -198143, 2362
39037, -5828, -198204, 2360
39040, -5829, -198253, 2361
39044, -5830, -198297, 2360
39047, -5831, -198341, 2358
39050, -5832, -198391, 2357
39054, -5833, -198448, 2356
39057, -5835, -198507, 2353
39060, -5836, -198558, 2353
39063, -5837, -198601, 2353
39067, -5838, -198645, 2353
39070, -5839, -198694, 2352
39073, -5840, -198750, 2349
39076, -5841, -198811, 2345
39080, -5843, -198864, 2346
39083, -5844, -198909, 2347
39087, -5845, -198956, 2346
39090, -5846, -199003, 2344
39093, -5847, -199057, 2341
39097, -5848, -199115, 2340
39100, -5849, -199170, 2340
39104, -5851, -199221, 2340
39108, -5852, -199282, 2338
39113, -5853, -199360, 2335
39117, -5854, -199425, 2333
39121, -5856, -199472, 2332
39125, -5858, -199529, 2332
39129, -5859, -199594, 2331
39134, -5860, -199660, 2328
39138, -5862, -199719, 2326
39142, -5863, -199774, 2327
39146, -5864, -199829, 2325
39151, -5866, -199883, 2323
39155, -5868, -199945, 2319
39159, -5869, -200009, 2321
39163, -5870, -200054, 2321
39167, -5871, -200104, 2318
39172, -5873, -200150, 2316
39175, -5874, -200207, 2313
39179, -5875, -200260, 2313
39182, -5877, -200304, 2314
39186, -5878, -200343, 2314
39189, -5878, -200386, 2312
39194, -5879, -200467, 2308
39198, -5881, -200525, 2307
39203, -5882, -200567, 2307
39207, -5884, -200618, 2306
39211, -5885, -200666, 2303
39215, -5887, -200738, 2299
39220, -5888, -200785, 2301
39223, -5890, -200839, 2300
39228, -5892, -200881, 2297
39232, -5893, -200944, 2296
39236, -5894, -201006, 2293
39241, -5896, -201063, 2293
39246, -5897, -201114, 2292
39251, -5899, -201162, 2289
39255, -5901, -201229, 2288
39259, -5902, -201278, 2287
39263, -5903, -201327, 2285
39268, -5905, -201363, 2284
39272, -5906, -201404, 2282
39275, -5908, -201458, 2280
39279, -5909, -201506, 2280
39283, -5910, -201543, 2280
39286, -5912, -201579, 2278
39290, -5912, -201612, 2278
39293, -5913, -201653, 2275
39296, -5915, -201697, 2273
39300, -5916, -201737, 2272
39303, -5917, -201776, 2273
39306, -5919, -201811, 2272
39310, -5919, -201863, 2271
39315, -5921, -201925, 2266
39320, -5922, -201965, 2266
39323, -5923, -202005, 2266
39327, -5925, -202048, 2266
39332, -5926, -202102, 2262
39337, -5928, -202149, 2260
39340, -5929, -202205, 2260
39345, -5930, -202236, 2258
39349, -5932, -202281, 2257
39354, -5934, -202328, 2254
39358, -5935, -202382, 2253
39362, -5937, -202417, 2253
39366, -5938, -202461, 2252
39370, -5939, -202507, 2251
39375, -5941, -202567, 2246
39380, -5942, -202605, 2247
39383, -5944, -202637, 2244
39387, -5945, -202669, 2245
39391, -5947, -202708, 2243
39395, -5948, -202750, 2241
39398, -5949, -202790, 2239
39401, -5950, -202821, 2240
39404, -5951, -202855, 2239
39408, -5952, -202885, 2238
39412, -5953, -202922, 2235
39416, -5955, -202968, 2232
39420, -5956, -203011, 2232
39424, -5958, -203053, 2233
39428, -5959, -203084, 2231
39432, -5960, -203134, 2228
39437, -5962, -203176, 2226
39441, -5963, -203218, 2227
39445, -5964, -203256, 2225
39449, -5966, -203299, 2223
39454, -5967, -203354, 2222
39459, -5968, -203393, 2221
39462, -5970, -203422, 2218
39466, -5971, -203461, 2219
39470, -5972, -203507, 2216
39475, -5974, -203547, 2212
39478, -5976, -203584, 2213
39482, -5977, -203625, 2213
39486, -5978, -203655, 2212
39490, -5979, -203683, 2211
39493, -5980, -203718, 2208
39497, -5982, -203757, 2205
39500, -5983, -203787, 2206
39503, -5985, -203814, 2204
39507, -5986, -203842, 2204
39510, -5987, -203887, 2204
39515, -5988, -203931, 2200
39519, -5989, -203967, 2200
39523, -5990, -203997, 2199
39527, -5991, -204032, 2198
39531, -5993, -204068, 2196
39535, -5995, -204109, 2192
39539, -5996, -204143, 2192
39543, -5997, -204181, 2193
39547, -5999, -204209, 2191
39551, -6000, -204242, 2188
39555, -6002, -204299, 2185
39560, -6003, -204345, 2186
39565, -6004, -204383, 2186
39570, -6006, -204411, 2183
39573, -6007, -204459, 2182
39578, -6009, -204506, 2178
39582, -6010, -204542, 2178
39587, -6012, -204579, 2177
39592, -6014, -204626, 2175
39597, -6016, -204672, 2172
39602, -6017, -204703, 2172
39605, -6019, -204729, 2169
39609, -6020, -204758, 2170
39613, -6021, -204792, 2168
39616, -6023, -204828, 2165
39620, -6024, -204859, 2165
39623, -6025, -204889, 2165
39627, -6026, -204922, 2164
39631, -6028, -204956, 2161
39635, -6029, -204994, 2157
39639, -6030, -205038, 2159
39644, -6032, -205065, 2157
39648, -6034, -205096, 2156
39651, -6035, -205129, 2154
39655, -6036, -205174, 2152
39660, -6038, -205215, 2151
39665, -6039, -205250, 2151
39670, -6040, -205288, 2149
39675, -6042, -205332, 2145
39679, -6044, -205371, 2144
39683, -6045, -205404, 2145
39687, -6046, -205436, 2145
39692, -6048, -205475, 2140
39697, -6050, -205510, 2136
39701, -6051, -205542, 2138
39705, -6052, -205567, 2137
39708, -6054, -205602, 2136
39713, -6056, -205633, 2133
39716, -6057, -205667, 2129
39720, -6058, -205698, 2131
39724, -6060, -205723, 2130
39727, -6061, -205747, 2128
39730, -6063, -205774, 2127
39734, -6064, -205809, 2124
39738, -6065, -205845, 2125
39742, -6066, -205878, 2124
39746, -6067, -205904, 2122
39749, -6068, -205937, 2122
39754, -6069, -205975, 2118
39758, -6071, -206018, 2116
39762, -6073, -206051, 2117
39767, -6074, -206079, 2116
39771, -6075, -206109, 2114
39775, -6077, -206142, 2110
39779, -6078, -206181, 2109
39783, -6080, -206211, 2110
39787, -6082, -206235, 2107
39791, -6083, -206261, 2107
39795, -6084, -206303, 2105
39800, -6085, -206340, 2105
39804, -6086, -206374, 2104
39809, -6087, -206408, 2102
39814, -6089, -206449, 2099
39819, -6091, -206480, 2095
39822, -6092, -206509, 2097
39826, -6094, -206533, 2096
39830, -6095, -206558, 2095
39833, -6097, -206590, 2091
39837, -6098, -206621, 2090
39840, -6099, -206650, 2090
39844, -6101, -206681, 2089
39849, -6102, -206715, 2088
39854, -6103, -206749, 2085
39858, -6104, -206795, 2084
39862, -6106, -206825, 2083
39867, -6107, -206853, 2082
39871, -6109, -206884, 2079
39874, -6111, -206926, 2077
39879, -6112, -206963, 2076
39884, -6114, -206985, 2076
39888, -6115, -207009, 2075
39892, -6116, -207035, 2074
39895, -6118, -207067, 2069
39899, -6119, -207104, 2069
39903, -6120, -207130, 2069
39906, -6122, -207162, 2069
39911, -6123, -207201, 2066
39916, -6125, -207233, 2062
39919, -6126, -207261, 2062
39923, -6127, -207289, 2062
39928, -6129, -207322, 2061
39933, -6131, -207360, 2058
39937, -6132, -207393, 2055
39941, -6133, -207418, 2055
39944, -6135, -207441, 2056
39947, -6136, -207466, 2053
39951, -6137, -207492, 2053
39955, -6138, -207527, 2050
39959, -6140, -207564, 2048
39963, -6141, -207587, 2048
39967, -6142, -207612, 2048
39972, -6144, -207649, 2045
39976, -6145, -207695, 2042
39981, -6147, -207731, 2042
39986, -6148, -207758, 2042
39990, -6150, -207793, 2039
39995, -6152, -207831, 2035
39999, -6153, -207860, 2035
40002, -6154, -207889, 2036
40007, -6156, -207921, 2035
40012, -6157, -207960, 2031
40017, -6158, -208000, 2029
40021, -6160, -208034, 2029
40026, -6161, -208063, 2028
40030, -6163, -208091, 2026
40034, -6164, -208121, 2024
40038, -6166, -208153, 2023
40042, -6167, -208182, 2021
40045, -6169, -208206, 2021
40049, -6170, -208230, 2020
40052, -6171, -208257, 2019
40055, -6172, -208288, 2015
40059, -6173, -208313, 2016
40062, -6175, -208335, 2015
40066, -6176, -208362, 2014
40070, -6177, -208391, 2013
40074, -6178, -208426, 2010
40078, -6180, -208456, 2008
40081, -6181, -208483, 2009
40085, -6182, -208505, 2007
40088, -6184, -208537, 2006
40093, -6185, -208564, 2003
40096, -6186, -208595, 2001
40100, -6188, -208618, 2003
40103, -6189, -208638, 2001
40106, -6190, -208663, 2001
40110, -6191, -208695, 1999
40114, -6192, -208736, 1995
40119, -6193, -208771, 1995
40123, -6195, -208798, 1995
40127, -6196, -208828, 1993
40132, -6198, -208862, 1991
40136, -6199, -208910, 1988
40141, -6201, -208944, 1988
40146, -6202, -208975, 1987
40150, -6204, -209001, 1984
40154, -6206, -209038, 1980
40158, -6208, -209069, 1981
40162, -6209, -209095, 1982
40166, -6210, -209119, 1981
40169, -6211, -209143, 1978
40173, -6212, -209171, 1977
40176, -6213, -209206, 1975
40180, -6215, -209246, 1974
40185, -6216, -209270, 1973
40188, -6217, -209293, 1974
40192, -6218, -209326, 1971
40196, -6220, -209367, 1967
40201, -6221, -209396, 1968
40205, -6222, -209422, 1966
40209, -6224, -209453, 1965
40213, -6226, -209494, 1963
40218, -6227, -209530, 1960
40222, -6229, -209566, 1960
40227, -6230, -209596, 1960
40231, -6232, -209635, 1957
40236, -6234, -209683, 1953
40241, -6235, -209716, 1954
40246, -6236, -209751, 1953
40250, -6238, -209780, 1950
40254, -6240, -209819, 1948
40259, -6241, -209855, 1949
40263, -6242, -209884, 1946
40268, -6244, -209908, 1944
40272, -6246, -209935, 1943
40275, -6247, -209970, 1939
40279, -6249, -210005, 1940
40282, -6250, -210030, 1940
40285, -6251, -210053, 1939
40289, -6252, -210077, 1938
40293, -6253, -210115, 1936
40297, -6254, -210159, 1933
40301, -6256, -210187, 1933
40305, -6257, -210222, 1933
40310, -6259, -210264, 1930
40315, -6261, -210298, 1926
40319, -6262, -210324, 1924
40322, -6264, -210356, 1926
40327, -6266, -210388, 1924
40331, -6267, -210416, 1922
40335, -6268, -210449, 1920
40338, -6269, -210479, 1920
40341, -6270, -210503, 1920
40345, -6271, -210536, 1919
40349, -6272, -210571, 1917
40354, -6274, -210618, 1912
40358, -6276, -210657, 1911
40363, -6278, -210682, 1911
40367, -6279, -210709, 1912
40371, -6281, -210746, 1906
40375, -6283, -210791, 1905
40380, -6284, -210824, 1905
40383, -6285, -210847, 1905
40387, -6287, -210876, 1903
40391, -6288, -210907, 1902
40394, -6289, -210940, 1898
40397, -6290, -210973, 1899
40401, -6292, -211003, 1898
40405, -6293, -211032, 1898
40409, -6294, -211062, 1896
40413, -6295, -211104, 1893
40417, -6297, -211139, 1889
40421, -6298, -211176, 1890
40426, -6300, -211201, 1888
40429, -6302, -211235, 1889
40434, -6303, -211277, 1885
40438, -6304, -211325, 1884
40443, -6306, -211356, 1884
40447, -6307, -211389, 1883
40451, -6308, -211419, 1881
40455, -6310, -211467, 1878
40460, -6311, -211502, 1876
40463, -6313, -211528, 1877
40466, -6314, -211553, 1876
40470, -6316, -211577, 1872
40473, -6317, -211608, 1871
40476, -6319, -211642, 1869
40480, -6320, -211669, 1870
40483, -6321, -211694, 1870
40486, -6322, -211718, 1869
40489, -6323, -211747, 1866
40493, -6324, -211780, 1865
40496, -6325, -211819, 1862
40500, -6327, -211851, 1863
40503, -6328, -211881, 1863
40507, -6329, -211907, 1861
40510, -6330, -211933, 1860
40514, -6331, -211973, 1857
40518, -6332, -212011, 1856
40521, -6334, -212043, 1855
40525, -6335, -212071, 1855
40528, -6336, -212096, 1853
40531, -6337, -212124, 1852
40534, -6339, -212158, 1849
40537, -6340, -212192, 1848
40541, -6342, -212221, 1848
40544, -6343, -212246, 1848
40547, -6344, -212280, 1846
40552, -6345, -212315, 1844
40556, -6346, -212369, 1841
40561, -6347, -212413, 1842
40565, -6349, -212447, 1841
40570, -6351, -212487, 1837
40574, -6352, -212541, 1836
40579, -6354, -212585, 1834
40584, -6356, -212616, 1832
40588, -6357, -212644, 1833
40591, -6358, -212676, 1831
40595, -6360, -212718, 1827
40598, -6362, -212754, 1827
40602, -6363, -212787, 1827
40605, -6364, -212821, 1827
40609, -6365, -212867, 1825
40614, -6366, -212910, 1822
40618, -6367, -212944, 1820
40621, -6369, -212975, 1821
40625, -6370, -213006, 1819
40629, -6372, -213038, 1817
40633, -6373, -213077, 1817
40636, -6374, -213118, 1813
40639, -6376, -213154, 1813
40643, -6377, -213187, 1814
40647, -6378, -213218, 1811
40650, -6379, -213254, 1810
40654, -6381, -213311, 1807
40659, -6382, -213363, 1805
40664, -6384, -213395, 1805
40668, -6385, -213424, 1804
40671, -6387, -213474, 1803
40676, -6388, -213534, 1799
40681, -6389, -213579, 1800
40685, -6391, -213620, 1798
40690, -6393, -213665, 1795
40695, -6395, -213709, 1791
40698, -6397, -213748, 1791
40702, -6398, -213783, 1792
40705, -6400, -213812, 1791
40709, -6401, -213848, 1790
40712, -6401, -213892, 1787
40716, -6403, -213934, 1784
40719, -6404, -213975, 1785
40723, -6405, -214006, 1785
40726, -6407, -214038, 1783
40730, -6408, -214073, 1783
40733, -6409, -214116, 1779
40737, -6410, -214162, 1776
40741, -6412, -214214, 1779
40746, -6413, -214248, 1778
40749, -6414, -214287, 1775
40753, -6415, -214331, 1773
40757, -6417, -214395, 1769
40762, -6418, -214429, 1771
40766, -6420, -214463, 1770
40769, -6421, -214499, 1769
40773, -6423, -214539, 1765
40776, -6424, -214581, 1765
40779, -6425, -214618, 1764
40783, -6426, -214651, 1764
40786, -6428, -214683, 1762
40789, -6428, -214716, 1761
40793, -6430, -214760, 1759
40797, -6431, -214811, 1757
40800, -6432, -214850, 1757
40804, -6434, -214884, 1756
40807, -6435, -214914, 1755
40810, -6436, -214950, 1754
40814, -6437, -214993, 1751
40817, -6438, -215035, 1750
40820, -6439, -215070, 1751
40824, -6441, -215102, 1749
40827, -6442, -215135, 1748
40830, -6443, -215165, 1746
40833, -6444, -215201, 1743
40837, -6446, -215257, 1743
40841, -6447, -215294, 1743
40845, -6448, -215339, 1741
40850, -6449, -215378, 1741
40854, -6451, -215421, 1736
40857, -6452, -215463, 1735
40862, -6454, -215511, 1737
40866, -6455, -215544, 1734
40870, -6457, -215580, 1732
40874, -6458, -215625, 1729
40878, -6460, -215675, 1728
40882, -6461, -215707, 1729
40887, -6463, -215741, 1727
40891, -6464, -215775, 1725
40894, -6465, -215829, 1723
40899, -6466, -215870, 1722
40903, -6468, -215911, 1721
40908, -6469, -215950, 1720
40913, -6471, -216001, 1716
40918, -6473, -216042, 1714
40921, -6475, -216072, 1713
40924, -6476, -216098, 1714
40929, -6478, -216134, 1711
40932, -6479, -216166, 1710
40935, -6480, -216203, 1708
40939, -6482, -216238, 1707
40943, -6483, -216277, 1706
40947, -6485, -216317, 1704
40952, -6486, -216349, 1704
40955, -6487, -216385, 1701
40959, -6489, -216429, 1699
40964, -6490, -216464, 1698
40968, -6492, -216489, 1698
40972, -6493, -216532, 1695
40976, -6495, -216583, 1692
40981, -6497, -216615, 1691
40984, -6498, -216640, 1691
40988, -6500, -216665, 1691
40992, -6501, -216708, 1690
40997, -6502, -216747, 1684
41000, -6503, -216779, 1686
41004, -6504, -216814, 1685
41009, -6506, -216853, 1684
41014, -6508, -216887, 1681
41018, -6509, -216924, 1679
41021, -6510, -216954, 1679
41025, -6511, -216987, 1678
41030, -6513, -217012, 1675
41033, -6515, -217043, 1673
41037, -6516, -217077, 1671
41040, -6518, -217106, 1672
41044, -6519, -217133, 1671
41047, -6520, -217157, 1669
41051, -6521, -217182, 1668
41054, -6522, -217215, 1666
41058, -6524, -217253, 1665
41062, -6525, -217286, 1664
41067, -6526, -217311, 1664
41071, -6528, -217336, 1661
41074, -6529, -217379, 1660
41079, -6530, -217418, 1659
41083, -6531, -217445, 1657
41087, -6533, -217476, 1656
41092, -6534, -217504, 1654
41095, -6536, -217545, 1650
41100, -6538, -217576, 1651
41104, -6539, -217605, 1651
41109, -6541, -217631, 1647
41112, -6543, -217658, 1646
41116, -6544, -217690, 1643
41119, -6546, -217726, 1643
41124, -6547, -217747, 1643
41127, -6548, -217770, 1642
41131, -6549, -217798, 1640
41135, -6551, -217839, 1637
41140, -6552, -217865, 1636
41143, -6553, -217887, 1637
41147, -6554, -217909, 1636
41150, -6555, -217932, 1635
41153, -6557, -217960, 1631
41157, -6558, -217989, 1629
41160, -6559, -218015, 1631
41164, -6561, -218041, 1629
41168, -6562, -218062, 1627
41172, -6563, -218086, 1626
41175, -6564, -218115, 1624
41178, -6566, -218149, 1623
41183, -6567, -218174, 1621
41187, -6568, -218196, 1622
41190, -6570, -218224, 1619
41195, -6571, -218254, 1617
41199, -6573, -218283, 1615
41202, -6574, -218307, 1616
41206, -6575, -218335, 1615
41211, -6577, -218367, 1612
41216, -6578, -218397, 1609
41220, -6579, -218427, 1609
41223, -6581, -218456, 1607
41229, -6583, -218486, 1606
41233, -6585, -218517, 1604
41237, -6586, -218551, 1601
41242, -6588, -218574, 1602
41246, -6589, -218601, 1601
41250, -6591, -218622, 1597
41254, -6592, -218648, 1596
41257, -6594, -218677, 1594
41261, -6595, -218699, 1595
41264, -6597, -218717, 1593
41268, -6597, -218736, 1594
41271, -6598, -218761, 1590
41275, -6600, -218799, 1588
41280, -6601, -218830, 1589
41284, -6602, -218849, 1587
41288, -6604, -218876, 1584
41293, -6605, -218911, 1584
41298, -6607, -218936, 1580
41301, -6609, -218962, 1580
41305, -6610, -218984, 1579
41309, -6612, -219012, 1577
41314, -6614, -219038, 1574
41318, -6615, -219073, 1574
41323, -6616, -219100, 1574
41327, -6617, -219128, 1572
41332, -6619, -219151, 1570
41336, -6620, -219187, 1567
41341, -6622, -219216, 1567
41345, -6623, -219235, 1566
41349, -6625, -219254, 1563
41352, -6627, -219282, 1562
41357, -6628, -219318, 1559
41362, -6630, -219340, 1559
41365, -6631, -219357, 1559
41369, -6632, -219376, 1558
41372, -6633, -219397, 1556
41376, -6635, -219424, 1553
41379, -6636, -219455, 1552
41384, -6637, -219474, 1553
41387, -6638, -219493, 1552
41391, -6640, -219523, 1550
41396, -6641, -219556, 1546
41400, -6642, -219577, 1545
41404, -6644, -219602, 1545
41409, -6646, -219621, 1543
41412, -6648, -219650, 1541
41417, -6649, -219676, 1538
41420, -6651, -219705, 1537
41425, -6652, -219725, 1538
41429, -6654, -219752, 1535
41434, -6656, -219779, 1532
41438, -6657, -219811, 1531
41443, -6658, -219838, 1531
41448, -6660, -219862, 1529
41452, -6662, -219891, 1526
41457, -6663, -219919, 1524
41461, -6665, -219939, 1524
41464, -6666, -219956, 1523
41467, -6667, -219973, 1524
41471, -6668, -219992, 1521
41474, -6670, -220017, 1517
41478, -6671, -220048, 1517
41483, -6673, -220069, 1516
41487, -6674, -220091, 1515
41491, -6676, -220117, 1513
41496, -6677, -220150, 1510
41500, -6679, -220170, 1510
41504, -6680, -220187, 1509
41507, -6681, -220204, 1509
41511, -6683, -220232, 1507
41515, -6684, -220262, 1504
41520, -6685, -220287, 1502
41523, -6687, -220310, 1503
41528, -6688, -220333, 1501
41533, -6690, -220358, 1498
41537, -6692, -220383, 1496
41540, -6693, -220411, 1496
41545, -6695, -220430, 1494
41549, -6696, -220451, 1493
41553, -6698, -220481, 1491
41558, -6699, -220512, 1487
41563, -6701, -220537, 1489
41567, -6702, -220556, 1488
41571, -6704, -220574, 1483
41574, -6706, -220596, 1482
41578, -6707, -220618, 1482
41581, -6708, -220637, 1482
41584, -6710, -220653, 1481
41588, -6710, -220672, 1481
41591, -6711, -220697, 1479
41596, -6712, -220728, 1473
41601, -6714, -220748, 1473
41604, -6715, -220764, 1475
41607, -6717, -220780, 1472
41611, -6719, -220800, 1471
41614, -6720, -220822, 1469
41618, -6721, -220846, 1468
41621, -6722, -220865, 1467
41624, -6723, -220882, 1467
41628, -6724, -220901, 1466
41631, -6725, -220920, 1465
41635, -6726, -220942, 1461
41638, -6728, -220964, 1460
41642, -6729, -220983, 1460
41645, -6731, -220999, 1459
41648, -6732, -221017, 1458
41652, -6733, -221035, 1457
41655, -6734, -221056, 1454
41658, -6735, -221077, 1453
41661, -6737, -221094, 1453
41665, -6738, -221110, 1453
41668, -6739, -221125, 1451
41671, -6740, -221144, 1449
41675, -6741, -221168, 1446
41678, -6743, -221190, 1446
41682, -6744, -221209, 1446
41685, -6745, -221226, 1445
41689, -6746, -221243, 1444
41692, -6747, -221272, 1442
41697, -6749, -221303, 1438
41702, -6750, -221323, 1438
41705, -6752, -221340, 1438
41709, -6753, -221366, 1435
41714, -6755, -221396, 1434
41719, -6756, -221421, 1432
41722, -6757, -221444, 1432
41727, -6759, -221461, 1431
41731, -6760, -221487, 1428
41735, -6762, -221519, 1426
41740, -6763, -221545, 1425
41745, -6765, -221569, 1424
41750, -6767, -221589, 1422
41754, -6769, -221615, 1418
41758, -6770, -221643, 1418
41762, -6772, -221661, 1418
41765, -6773, -221677, 1416
41769, -6774, -221696, 1416
41772, -6775, -221716, 1413
41776, -6777, -221748, 1411
41781, -6778, -221772, 1411
41785, -6779, -221790, 1410
41789, -6781, -221815, 1408
41794, -6782, -221836, 1406
41797, -6784, -221859, 1403
41800, -6786, -221879, 1403
41804, -6787, -221896, 1403
41807, -6788, -221912, 1403
41810, -6789, -221929, 1400
41814, -6790, -221950, 1398
41817, -6791, -221973, 1398
41820, -6792, -221992, 1397
41824, -6794, -222008, 1396
41827, -6795, -222023, 1395
41831, -6796, -222043, 1393
41834, -6797, -222064, 1392
41837, -6799, -222088, 1389
41841, -6800, -222107, 1390
41844, -6801, -222124, 1390
41847, -6802, -222140, 1387
41851, -6803, -222159, 1386
41854, -6804, -222181, 1383
41857, -6806, -222210, 1382
41862, -6807, -222233, 1383
41867, -6809, -222250, 1381
41870, -6810, -222269, 1379
41874, -6811, -222300, 1378
41879, -6813, -222330, 1374
41883, -6814, -222349, 1374
41887, -6816, -222368, 1373
41891, -6818, -222396, 1371
41896, -6819, -222428, 1369
41900, -6821, -222453, 1368
41904, -6822, -222468, 1368
41908, -6823, -222486, 1367
41912, -6824, -222506, 1365
41915, -6826, -222529, 1362
41919, -6827, -222552, 1362
41923, -6828, -222577, 1360
41928, -6830, -222601, 1360
41932, -6832, -222625, 1356
41936, -6833, -222649, 1355
41940, -6834, -222673, 1355
41945, -6836, -222698, 1354
41950, -6837, -222715, 1351
41953, -6839, -222744, 1348
41958, -6841, -222771, 1347
41962, -6842, -222795, 1347
41967, -6844, -222818, 1345
41972, -6845, -222846, 1344
41977, -6847, -222877, 1340
41981, -6848, -222898, 1341
41985, -6850, -222915, 1340
41988, -6851, -222934, 1338
41992, -6852, -222957, 1337
41996, -6854, -222984, 1333
41999, -6855, -223007, 1333
42003, -6857, -223025, 1333
42007, -6858, -223043, 1332
42010, -6859, -223064, 1331
42014, -6860, -223088, 1327
42017, -6862, -223111, 1325
42021, -6864, -223131, 1324
42024, -6865, -223148, 1326
42027, -6866, -223166, 1324
42031, -6867, -223185, 1323
42034, -6868, -223206, 1321
42037, -6869, -223232, 1318
42041, -6871, -223254, 1319
42045, -6872, -223272, 1317
42049, -6873, -223293, 1318
42053, -6874, -223328, 1314
42058, -6876, -223360, 1311
42062, -6877, -223380, 1311
42066, -6879, -223398, 1309
42069, -6881, -223423, 1309
42074, -6883, -223455, 1305
42079, -6884, -223485, 1305
42083, -6885, -223505, 1305
42087, -6886, -223522, 1304
42091, -6888, -223549, 1300
42096, -6889, -223579, 1297
42099, -6891, -223603, 1297
42103, -6893, -223623, 1296
42106, -6895, -223649, 1295
42111, -6896, -223672, 1294
42115, -6897, -223698, 1291
42119, -6898, -223733, 1290
42124, -6900, -223754, 1289
42128, -6901, -223772, 1289
42131, -6903, -223792, 1286
42135, -6904, -223821, 1284
42139, -6905, -223848, 1283
42142, -6907, -223869, 1282
42146, -6908, -223896, 1282
42150, -6910, -223918, 1279
42154, -6911, -223945, 1277
42158, -6913, -223970, 1274
42162, -6914, -223998, 1276
42167, -6916, -224016, 1274
42170, -6917, -224045, 1272
42175, -6918, -224085, 1270
42180, -6919, -224118, 1270
42185, -6921, -224140, 1268
42189, -6922, -224161, 1266
42192, -6924, -224192, 1264
42197, -6926, -224226, 1262
42202, -6927, -224253, 1261
42206, -6929, -224280, 1261
42211, -6931, -224314, 1257
42216, -6933, -224342, 1254
42219, -6934, -224374, 1253
42224, -6936, -224394, 1253
42227, -6938, -224415, 1252
42231, -6939, -224437, 1250
42234, -6940, -224463, 1249
42238, -6942, -224487, 1246
42241, -6943, -224510, 1247
42245, -6944, -224531, 1247
42249, -6945, -224553, 1246
42253, -6946, -224581, 1242
42256, -6947, -224618, 1240
42261, -6948, -224650, 1241
42265, -6950, -224674, 1239
42269, -6952, -224695, 1236
42273, -6953, -224719, 1235
42276, -6955, -224745, 1232
42279, -6956, -224775, 1234
42284, -6958, -224795, 1232
42287, -6959, -224814, 1231
42291, -6960, -224848, 1229
42295, -6961, -224883, 1226
42299, -6963, -224911, 1225
42303, -6964, -224941, 1225
42308, -6966, -224969, 1223
42312, -6968, -224996, 1221
42316, -6969, -225026, 1219
42320, -6970, -225059, 1218
42325, -6972, -225089, 1218
42329, -6973, -225123, 1216
42334, -6975, -225156, 1213
42338, -6976, -225185, 1211
42341, -6978, -225208, 1212
42345, -6979, -225231, 1211
42348, -6980, -225253, 1210
42352, -6981, -225282, 1207
42356, -6983, -225325, 1205
42361, -6984, -225352, 1205
42365, -6986, -225376, 1203
42368, -6987, -225402, 1202
42372, -6988, -225436, 1201
42376, -6990, -225471, 1197
42380, -6992, -225496, 1197
42384, -6993, -225520, 1198
42388, -6994, -225549, 1197
42393, -6995, -225580, 1192
42397, -6997, -225614, 1190
42400, -6998, -225648, 1190
42405, -7000, -225679, 1189
42409, -7002, -225713, 1189
42414, -7003, -225745, 1184
42418, -7005, -225781, 1183
42423, -7006, -225812, 1184
42428, -7007, -225835, 1181
42431, -7009, -225865, 1180
42435, -7010, -225913, 1178
42440, -7012, -225944, 1177
42444, -7013, -225970, 1177
42448, -7014, -225992, 1174
42451, -7016, -226016, 1174
42455, -7017, -226047, 1170
42458, -7018, -226078, 1171
42462, -7020, -226103, 1170
42465, -7021, -226127, 1170
42469, -7022, -226151, 1168
42472, -7022, -226182, 1167
42476, -7024, -226215, 1163
42480, -7025, -226248, 1165
42484, -7026, -226269, 1164
42488, -7027, -226295, 1162
42492, -7029, -226323, 1159
42496, -7030, -226359, 1157
42499, -7031, -226388, 1159
42503, -7033, -226414, 1158
42507, -7034, -226438, 1157
42510, -7034, -226471, 1155
42515, -7036, -226508, 1151
42519, -7037, -226543, 1152
42524, -7038, -226563, 1151
42527, -7040, -226585, 1150
42531, -7041, -226608, 1149
42534, -7042, -226638, 1147
42537, -7043, -226671, 1145
42541, -7045, -226699, 1143
42544, -7046, -226721, 1145
42548, -7047, -226744, 1142
42551, -7048, -226769, 1142
42554, -7049, -226802, 1140
42558, -7050, -226833, 1139
42561, -7051, -226859, 1138
42564, -7052, -226881, 1138
42568, -7053, -226905, 1138
42571, -7054, -226930, 1135
42574, -7055, -226960, 1134
42577, -7056, -226989, 1132
42581, -7057, -227015, 1132
42584, -7058, -227038, 1133
42587, -7059, -227060, 1131
42591, -7060, -227086, 1129
42594, -7061, -227119, 1126
42597, -7063, -227151, 1126
42600, -7064, -227180, 1127
42604, -7065, -227213, 1126
42609, -7066, -227239, 1124
42612, -7067, -227280, 1120
42617, -7069, -227319, 1118
42621, -7070, -227356, 1120
42625, -7072, -227391, 1118
42630, -7073, -227431, 1118
42635, -7074, -227469, 1114
42638, -7075, -227512, 1114
42643, -7076, -227547, 1114
42647, -7077, -227573, 1111
42651, -7079, -227602, 1111
42655, -7080, -227655, 1107
42659, -7082, -227701, 1107
42664, -7083, -227731, 1106
42668, -7084, -227757, 1107
42671, -7085, -227787, 1104
42675, -7087, -227825, 1101
42678, -7088, -227863, 1100
42681, -7089, -227892, 1100
42685, -7090, -227921, 1101
42688, -7091, -227949, 1100
42692, -7092, -227985, 1095
42695, -7093, -228022, 1095
42699, -7094, -228054, 1095
42702, -7096, -228083, 1094
42705, -7097, -228109, 1093
42709, -7098, -228140, 1093
42712, -7098, -228171, 1091
42716, -7100, -228213, 1089
42719, -7101, -228248, 1089
42723, -7102, -228279, 1088
42727, -7103, -228310, 1087
42730, -7104, -228342, 1086
42734, -7105, -228387, 1084
42738, -7106, -228431, 1081
42741, -7108, -228467, 1081
42745, -7109, -228498, 1082
42749, -7110, -228531, 1079
42753, -7111, -228574, 1078
42756, -7112, -228625, 1076
42760, -7114, -228663, 1075
42763, -7115, -228694, 1075
42767, -7116, -228725, 1073
42771, -7117, -228761, 1073
42775, -7118, -228807, 1070
42778, -7120, -228848, 1068
42782, -7121, -228882, 1070
42785, -7122, -228913, 1069
42788, -7123, -228946, 1068
42792, -7123, -228983, 1066
42795, -7124, -229028, 1064
42799, -7126, -229069, 1063
42802, -7127, -229105, 1063
42806, -7128, -229138, 1062
42810, -7129, -229177, 1061
42814, -7130, -229224, 1058
42817, -7131, -229269, 1057
42821, -7133, -229310, 1057
42825, -7134, -229343, 1057
42828, -7135, -229375, 1055
42831, -7135, -229414, 1055
42834, -7137, -229459, 1051
42838, -7138, -229504, 1052
42841, -7139, -229542, 1051
42844, -7140, -229575, 1050
42847, -7141, -229609, 1050
42851, -7141, -229646, 1049
42854, -7143, -229691, 1045
42857, -7144, -229738, 1046
42861, -7145, -229775, 1045
42864, -7146, -229808, 1044
42867, -7147, -229841, 1043
42870, -7148, -229881, 1042
42874, -7149, -229929, 1040
42878, -7150, -229983, 1039
42881, -7151, -230023, 1037
42885, -7153, -230062, 1037
42889, -7154, -230104, 1036
42892, -7155, -230146, 1035
42895, -7156, -230199, 1033
42898, -7157, -230246, 1032
42902, -7158, -230290, 1033
42905, -7159, -230327, 1031
42909, -7160, -230363, 1031
42912, -7160, -230405, 1029
42915, -7162, -230459, 1026
42918, -7163, -230509, 1025
42922, -7164, -230549, 1026
42925, -7165, -230588, 1025
42929, -7166, -230629, 1025
42932, -7167, -230679, 1022
42936, -7168, -230738, 1020
42939, -7169, -230788, 1020
42943, -7170, -230834, 1019
42947, -7172, -230877, 1019
42950, -7173, -230926, 1016
42954, -7174, -230982, 1015
42957, -7175, -231053, 1013
42962, -7176, -231111, 1014
42966, -7178, -231150, 1012
42969, -7179, -231191, 1011
42972, -7180, -231238, 1009
42976, -7181, -231298, 1009
42979, -7182, -231348, 1007
42982, -7183, -231388, 1008
42985, -7183, -231427, 1008
42988, -7184, -231466, 1005
42992, -7185, -231509, 1003
42995, -7186, -231568, 1002
42998, -7188, -231620, 1002
43002, -7189, -231662, 1001
43005, -7190, -231699, 1000
43008, -7191, -231736, 1000
43011, -7191, -231778, 999
43015, -7193, -231836, 995
43018, -7194, -231886, 995
43021, -7195, -231927, 995
43025, -7196, -231962, 995
43028, -7197, -231999, 992
43031, -7198, -232044, 993
43035, -7199, -232095, 989
43038, -7200, -232144, 989
43041, -7201, -232183, 989
43044, -7202, -232220, 988
43048, -7203, -232255, 987
43051, -7204, -232294, 985
43054, -7205, -232342, 984
43057, -7206, -232393, 982
43061, -7207, -232438, 984
43064, -7208, -232475, 982
43068, -7209, -232516, 981
43072, -7210, -232558, 980
43075, -7211, -232612, 977
43079, -7213, -232659, 975
43082, -7213, -232699, 978
43086, -7214, -232738, 977
43089, -7216, -232778, 973
43093, -7216, -232824, 973
43096, -7218, -232873, 969
43100, -7219, -232913, 970
43103, -7220, -232951, 971
43106, -7221, -232986, 969
43110, -7222, -233022, 968
43113, -7223, -233065, 967
43117, -7224, -233113, 965
43120, -7225, -233155, 964
43123, -7226, -233189, 964
43127, -7227, -233223, 964
43130, -7228, -233263, 961
43134, -7229, -233310, 960
43137, -7230, -233360, 957
43141, -7232, -233399, 958
43145, -7233, -233435, 958
43148, -7234, -233470, 957
43152, -7235, -233510, 955
43155, -7236, -233558, 952
43159, -7237, -233602, 951
43163, -7238, -233645, 951
43167, -7239, -233680, 952
43171, -7240, -233722, 950
43174, -7241, -233765, 947
43178, -7243, -233813, 945
43181, -7244, -233848, 945
43185, -7245, -233884, 946
43189, -7246, -233921, 944
43192, -7247, -233966, 941
43196, -7249, -234017, 939
43200, -7250, -234056, 940
43204, -7251, -234087, 939
43207, -7252, -234116, 939
43210, -7253, -234150, 937
43214, -7254, -234199, 935
43218, -7255, -234248, 933
43222, -7256, -234283, 934
43225, -7257, -234313, 932
43228, -7259, -234342, 930
43232, -7260, -234375, 930
43235, -7261, -234418, 927
43238, -7262, -234460, 928
43242, -7263, -234492, 927
43245, -7264, -234526, 926
43250, -7265, -234560, 925
43253, -7266, -234598, 922
43257, -7268, -234645, 920
43260, -7269, -234683, 921
43264, -7270, -234718, 919
43268, -7271, -234745, 919
43271, -7272, -234781, 917
43275, -7273, -234820, 915
43278, -7275, -234860, 914
43282, -7276, -234891, 915
43285, -7277, -234920, 914
43289, -7277, -234954, 913
43293, -7278, -234994, 911
43296, -7279, -235036, 908
43300, -7281, -235069, 907
43303, -7282, -235102, 909
43307, -7283, -235134, 907
43311, -7284, -235171, 905
43315, -7286, -235214, 902
43318, -7287, -235250, 902
43322, -7288, -235282, 902
43325, -7289, -235309, 902
43329, -7290, -235339, 900
43332, -7291, -235373, 898
43336, -7292, -235411, 895
43339, -7294, -235444, 894
43342, -7295, -235473, 895
43346, -7296, -235501, 895
43349, -7297, -235529, 894
43352, -7298, -235564, 892
43356, -7299, -235607, 888
43360, -7300, -235640, 889
43363, -7301, -235668, 890
43366, -7302, -235696, 889
43370, -7303, -235730, 886
43374, -7304, -235770, 884
43378, -7305, -235808, 882
43381, -7307, -235842, 881
43385, -7309, -235869, 881
43389, -7310, -235899, 882
43392, -7310, -235932, 880
43396, -7311, -235975, 877
43400, -7312, -236010, 877
43403, -7313, -236040, 876
43407, -7314, -236068, 877
43411, -7315, -236102, 874
43415, -7317, -236141, 870
43419, -7318, -236178, 871
43422, -7319, -236208, 870
43426, -7320, -236233, 871
43429, -7322, -236260, 868
43432, -7322, -236291, 868
43436, -7323, -236329, 865
43439, -7325, -236362, 863
43443, -7326, -236388, 864
43446, -7327, -236416, 863
43450, -7328, -236442, 862
43453, -7329, -236479, 859
43457, -7330, -236516, 858
43460, -7332, -236546, 858
43463, -7333, -236571, 858
43467, -7334, -236596, 856
43470, -7335, -236626, 853
43474, -7336, -236663, 853
43478, -7337, -236700, 851
43482, -7339, -236731, 849
43485, -7340, -236755, 851
43488, -7341, -236780, 850
43492, -7342, -236808, 848
43495, -7343, -236844, 845
43498, -7344, -236876, 845
43502, -7345, -236905, 845
43506, -7346, -236929, 845
43509, -7347, -236955, 842
43513, -7348, -236990, 841
43516, -7349, -237029, 839
43520, -7351, -237059, 838
43523, -7352, -237084, 838
43527, -7353, -237107, 838
43530, -7354, -237133, 836
43533, -7355, -237164, 834
43537, -7356, -237199, 831
43540, -7357, -237226, 835
43543, -7358, -237249, 832
43547, -7359, -237271, 831
43550, -7360, -237295, 829
43553, -7361, -237325, 828
43556, -7362, -237359, 826
43560, -7363, -237387, 827
43563, -7364, -237411, 827
43566, -7365, -237432, 826
43569, -7366, -237455, 824
43573, -7366, -237482, 822
43576, -7368, -237516, 820
43579, -7369, -237543, 820
43582, -7370, -237568, 820
43586, -7371, -237589, 819
43589, -7372, -237611, 819
43592, -7373, -237636, 817
43595, -7374, -237667, 814
43598, -7375, -237695, 814
43602, -7376, -237720, 815
43605, -7377, -237740, 813
43609, -7378, -237764, 812
43612, -7379, -237791, 810
43615, -7380, -237823, 808
43619, -7381, -237851, 808
43622, -7383, -237875, 807
43625, -7384, -237896, 806
43629, -7385, -237921, 806
43632, -7386, -237949, 803
43636, -7387, -237984, 802
43640, -7388, -238014, 801
43643, -7389, -238039, 801
43647, -7390, -238063, 802
43650, -7391, -238086, 799
43654, -7392, -238116, 797
43657, -7393, -238147, 795
43661, -7394, -238174, 796
43664, -7395, -238195, 796
43668, -7396, -238215, 795
43671, -7397, -238239, 793
43674, -7398, -238269, 790
43678, -7399, -238301, 789
43682, -7400, -238327, 789
43685, -7402, -238351, 789
43689, -7403, -238378, 787
43693, -7404, -238408, 786
43697, -7404, -238438, 785
43701, -7405, -238464, 785
43704, -7406, -238484, 784
43707, -7407, -238502, 783
43711, -7408, -238528, 781
43715, -7409, -238560, 778
43718, -7411, -238590, 777
43722, -7412, -238615, 777
43726, -7413, -238638, 778
43729, -7414, -238659, 776
43733, -7415, -238687, 775
43736, -7416, -238719, 772
43740, -7417, -238744, 772
43743, -7418, -238766, 772
43747, -7419, -238789, 771
43751, -7420, -238814, 770
43755, -7421, -238846, 766
43759, -7423, -238875, 766
43762, -7424, -238896, 766
43766, -7425, -238916, 766
43769, -7426, -238936, 765
43772, -7427, -238961, 762
43776, -7428, -238990, 759
43779, -7429, -239012, 761
43783, -7430, -239033, 761
43786, -7431, -239053, 759
43790, -7432, -239076, 758
43793, -7432, -239104, 757
43797, -7434, -239136, 753
43801, -7435, -239159, 755
43805, -7436, -239179, 754
43808, -7437, -239197, 753
43812, -7438, -239219, 752
43815, -7439, -239248, 748
43819, -7440, -239275, 749
43823, -7442, -239299, 748
43826, -7443, -239319, 748
43830, -7444, -239340, 747
43834, -7444, -239367, 744
43837, -7445, -239398, 744
43841, -7446, -239421, 743
43845, -7448, -239446, 742
43849, -7448, -239468, 743
43853, -7449, -239496, 741
43857, -7450, -239525, 738
43860, -7451, -239549, 738
43864, -7452, -239568, 738
43868, -7453, -239587, 737
43871, -7454, -239610, 736
43875, -7455, -239636, 733
43878, -7456, -239662, 733
43881, -7457, -239682, 732
43885, -7459, -239702, 731
43888, -7460, -239722, 731
43891, -7460, -239746, 729
43895, -7462, -239771, 727
43898, -7463, -239793, 726
43902, -7464, -239814, 726
43905, -7465, -239831, 725
43908, -7466, -239851, 725
43911, -7466, -239873, 724
43915, -7467, -239900, 722
43918, -7469, -239923, 719
43921, -7469, -239945, 721
43925, -7470, -239964, 721
43929, -7471, -239984, 719
43932, -7472, -240005, 718
43936, -7473, -240031, 715
43939, -7474, -240055, 717
43942, -7475, -240074, 715
43946, -7476, -240094, 715
43950, -7476, -240114, 714
43953, -7477, -240138, 713
43957, -7478, -240168, 710
43961, -7479, -240192, 710
43964, -7480, -240212, 710
43968, -7481, -240230, 709
43971, -7482, -240250, 708
43974, -7483, -240280, 705
43978, -7484, -240303, 705
43982, -7485, -240324, 704
43986, -7486, -240341, 704
43989, -7487, -240360, 704
43993, -7488, -240385, 701
43996, -7489, -240413, 698
44000, -7490, -240434, 700
44003, -7491, -240454, 699
44006, -7492, -240472, 698
44010, -7493, -240492, 698
44013, -7493, -240517, 696
44017, -7495, -240544, 693
44020, -7496, -240566, 693
44024, -7497, -240586, 693
44028, -7498, -240606, 692
44032, -7499, -240630, 690
44035, -7501, -240656, 687
44038, -7502, -240681, 687
44042, -7503, -240701, 688
44045, -7504, -240719, 688
44049, -7504, -240739, 686
44052, -7505, -240765, 684
44056, -7506, -240796, 683
44060, -7507, -240820, 682
44064, -7508, -240837, 682
44067, -7509, -240855, 681
44071, -7510, -240877, 681
44074, -7511, -240905, 679
44078, -7512, -240933, 677
44081, -7513, -240954, 677
44085, -7514, -240975, 675
44089, -7515, -240995, 676
44092, -7516, -241021, 673
44096, -7517, -241047, 670
44099, -7519, -241069, 671
44103, -7519, -241087, 671
44106, -7520, -241105, 671
44109, -7521, -241124, 670
44113, -7521, -241147, 668
44116, -7522, -241175, 667
44120, -7523, -241203, 665
44124, -7524, -241225, 666
44127, -7525, -241246, 666
44131, -7526, -241268, 663
44135, -7527, -241295, 661
44138, -7529, -241318, 659
44141, -7530, -241340, 660
44145, -7531, -241359, 660
44149, -7532, -241382, 659
44153, -7533, -241411, 657
44156, -7534, -241442, 653
44160, -7535, -241464, 654
44163, -7536, -241484, 655
44167, -7537, -241502, 654
44170, -7538, -241523, 651
44174, -7539, -241548, 651
44177, -7540, -241575, 648
44181, -7541, -241599, 648
44184, -7542, -241620, 649
44188, -7543, -241641, 648
44192, -7544, -241667, 645
44196, -7545, -241699, 644
44199, -7546, -241725, 643
44203, -7547, -241749, 643
44206, -7548, -241768, 643
44210, -7549, -241789, 641
44213, -7550, -241812, 639
44216, -7551, -241838, 637
44219, -7552, -241862, 637
44223, -7553, -241884, 637
44227, -7554, -241904, 637
44230, -7555, -241929, 635
44234, -7556, -241956, 632
44237, -7557, -241984, 631
44241, -7558, -242007, 632
44244, -7559, -242028, 632
44248, -7560, -242050, 631
44252, -7561, -242077, 628
44256, -7562, -242110, 625
44259, -7563, -242137, 626
44263, -7564, -242158, 626
44267, -7566, -242180, 625
44271, -7567, -242204, 623
44274, -7568, -242232, 619
44277, -7569, -242264, 619
44281, -7570, -242291, 620
44285, -7572, -242316, 619
44289, -7573, -242339, 618
44293, -7573, -242368, 616
44297, -7575, -242399, 612
44301, -7576, -242425, 613
44304, -7577, -242446, 612
44307, -7578, -242466, 613
44311, -7580, -242493, 610
44315, -7580, -242527, 608
44318, -7582, -242556, 607
44322, -7583, -242578, 607
44325, -7584, -242598, 607
44329, -7585, -242618, 606
44332, -7586, -242642, 603
44335, -7587, -242671, 602
44339, -7588, -242702, 600
44342, -7589, -242726, 601
44346, -7590, -242747, 601
44350, -7591, -242774, 599
44354, -7592, -242806, 597
44358, -7593, -242838, 594
44362, -7594, -242862, 595
44365, -7596, -242885, 594
44369, -7597, -242906, 592
44372, -7598, -242931, 591
44375, -7599, -242961, 590
44378, -7600, -242987, 590
44382, -7601, -243012, 589
44385, -7602, -243035, 588
44389, -7603, -243061, 588
44393, -7604, -243088, 585
44396, -7605, -243118, 582
44400, -7606, -243144, 583
44403, -7608, -243166, 582
44406, -7609, -243187, 582
44410, -7610, -243206, 581
44413, -7610, -243233, 579
44417, -7611, -243265, 578
44420, -7612, -243293, 576
44424, -7613, -243318, 578
44427, -7614, -243341, 576
44431, -7615, -243364, 574
44434, -7616, -243393, 574
44437, -7617, -243421, 570
44441, -7619, -243446, 570
44444, -7620, -243468, 572
44447, -7620, -243487, 570
44451, -7621, -243510, 569
44454, -7622, -243539, 567
44457, -7623, -243568, 564
44461, -7625, -243594, 564
44464, -7625, -243616, 567
44468, -7626, -243638, 564
44471, -7627, -243661, 563
44474, -7628, -243690, 559
44478, -7629, -243720, 558
44481, -7631, -243746, 559
44485, -7632, -243769, 559
44489, -7633, -243793, 557
44492, -7634, -243821, 556
44496, -7634, -243855, 555
44499, -7635, -243884, 555
44503, -7636, -243907, 554
44507, -7637, -243926, 552
44510, -7638, -243950, 552
44514, -7639, -243984, 548
44518, -7641, -244019, 547
44521, -7642, -244047, 547
44525, -7643, -244067, 548
44528, -7644, -244089, 546
44531, -7645, -244113, 544
44534, -7646, -244141, 542
44538, -7647, -244171, 541
44541, -7649, -244196, 542
44544, -7650, -244216, 540
44548, -7651, -244235, 540
44551, -7651, -244263, 539
44554, -7652, -244296, 536
44558, -7654, -244327, 534
44561, -7655, -244352, 535
44564, -7656, -244375, 535
44568, -7657, -244398, 534
44571, -7657, -244420, 533
44574, -7658, -244447, 531
44577, -7659, -244476, 529
44581, -7660, -244501, 530
44584, -7661, -244522, 529
44587, -7662, -244547, 528
44590, -7663, -244569, 527
44594, -7664, -244599, 525
44597, -7665, -244631, 523
44600, -7666, -244656, 525
44603, -7667, -244678, 524
44607, -7667, -244697, 524
44610, -7668, -244719, 522
44613, -7669, -244747, 520
44616, -7670, -244783, 518
44620, -7671, -244812, 519
44623, -7672, -244837, 517
44626, -7673, -244860, 517
44630, -7674, -244883, 516
44633, -7675, -244913, 515
44637, -7676, -244949, 511
44640, -7677, -244978, 512
44644, -7678, -245002, 514
44648, -7679, -245025, 511
44651, -7680, -245050, 509
44654, -7681, -245083, 507
44658, -7682, -245115, 506
44661, -7684, -245144, 506
44664, -7685, -245166, 505
44668, -7685, -245187, 507
44671, -7686, -245214, 503
44675, -7687, -245247, 501
44678, -7688, -245282, 500
44682, -7689, -245307, 500
44685, -7691, -245331, 500
44689, -7692, -245356, 499
44692, -7692, -245383, 498
44695, -7693, -245412, 495
44698, -7694, -245440, 494
44702, -7695, -245463, 495
44705, -7697, -245483, 493
44708, -7697, -245508, 494
44711, -7698, -245536, 493
44714, -7699, -245570, 490
44718, -7700, -245605, 489
44721, -7701, -245629, 489
44724, -7702, -245653, 487
44727, -7703, -245675, 488
44731, -7704, -245699, 486
44734, -7705, -245732, 483
44737, -7706, -245762, 484
44741, -7707, -245791, 484
44744, -7708, -245815, 483
44747, -7708, -245837, 483
44750, -7708, -245864, 483
44754, -7709, -245895, 479
44757, -7711, -245928, 477
44760, -7712, -245956, 478
44763, -7713, -245981, 478
44767, -7714, -246004, 477
44770, -7715, -246028, 475
44773, -7715, -246058, 473
44776, -7717, -246091, 472
44780, -7718, -246121, 472
44783, -7719, -246147, 472
44786, -7719, -246170, 472
44790, -7720, -246194, 471
44793, -7720, -246223, 469
44796, -7721, -246257, 468
44800, -7722, -246290, 467
44803, -7723, -246315, 466
44806, -7724, -246338, 466
44809, -7725, -246366, 464
44812, -7726, -246393, 464
44816, -7727, -246430, 461
44819, -7728, -246459, 461
44822, -7730, -246484, 459
44826, -7731, -246509, 460
44829, -7732, -246532, 457
44832, -7733, -246562, 456
44835, -7734, -246596, 456
44839, -7735, -246631, 456
44842, -7736, -246659, 455
44845, -7736, -246684, 455
44848, -7737, -246709, 453
44852, -7737, -246736, 452
44855, -7738, -246771, 451
44858, -7740, -246805, 449
44861, -7741, -246833, 449
44865, -7742, -246859, 449
44868, -7742, -246886, 449
44871, -7743, -246914, 446
44874, -7744, -246949, 443
44878, -7745, -246984, 444
44881, -7747, -247014, 442
44884, -7748, -247040, 443
44888, -7749, -247066, 442
44891, -7749, -247096, 441
44894, -7750, -247130, 439
44897, -7751, -247168, 438
44901, -7752, -247197, 437
44904, -7753, -247224, 438
44907, -7754, -247249, 437
44910, -7754, -247279, 436
44914, -7755, -247315, 433
44917, -7756, -247353, 432
44920, -7757, -247387, 433
44923, -7758, -247415, 432
44927, -7759, -247441, 431
44930, -7760, -247468, 430
44933, -7761, -247501, 429
44936, -7762, -247538, 427
44940, -7763, -247568, 427
44943, -7764, -247594, 427
44946, -7764, -247622, 427
44950, -7765, -247650, 425
44953, -7766, -247682, 422
44956, -7767, -247719, 420
44959, -7769, -247751, 421
44963, -7770, -247778, 421
44966, -7771, -247802, 420
44969, -7772, -247829, 418
44973, -7772, -247862, 418
44976, -7773, -247899, 415
44979, -7775, -247930, 414
44982, -7775, -247958, 417
44985, -7776, -247982, 414
44989, -7777, -248007, 414
44992, -7777, -248037, 412
44995, -7778, -248076, 410
44998, -7780, -248108, 409
45002, -7781, -248135, 409
45005, -7782, -248159, 410
45008, -7782, -248183, 408
45011, -7783, -248211, 407
45015, -7784, -248244, 405
45018, -7785, -248275, 405
45021, -7786, -248301, 404
45024, -7787, -248324, 404
45028, -7787, -248349, 404
45031, -7788, -248375, 401
45034, -7789, -248408, 399
45037, -7790, -248440, 398
45041, -7791, -248468, 399
45044, -7793, -248490, 398
45047, -7793, -248513, 398
45050, -7794, -248539, 396
45054, -7795, -248570, 392
45057, -7796, -248604, 392
45060, -7797, -248631, 393
45064, -7798, -248655, 394
45067, -7799, -248677, 393
45070, -7799, -248703, 391
45074, -7800, -248734, 388
45077, -7801, -248766, 386
45081, -7802, -248795, 388
45084, -7804, -248821, 387
45088, -7805, -248847, 386
45092, -7805, -248871, 384
45095, -7806, -248903, 381
45098, -7808, -248933, 382
45102, -7809, -248957, 380
45105, -7810, -248979, 382
45108, -7811, -249002, 380
45112, -7811, -249028, 378
45115, -7812, -249057, 376
45118, -7813, -249088, 377
45122, -7814, -249112, 377
45125, -7815, -249137, 375
45129, -7816, -249164, 374
45133, -7817, -249194, 371
45136, -7818, -249229, 370
45140, -7820, -249257, 370
45144, -7821, -249281, 370
45147, -7822, -249301, 369
45150, -7822, -249324, 368
45154, -7823, -249354, 366
45157, -7824, -249386, 364
45161, -7825, -249416, 364
45165, -7826, -249441, 364
45169, -7827, -249467, 364
45172, -7828, -249495, 361
45176, -7829, -249526, 359
45179, -7830, -249556, 359
45183, -7831, -249579, 358
45187, -7833, -249606, 357
45191, -7834, -249633, 356
45194, -7835, -249668, 353
45198, -7836, -249699, 352
45202, -7838, -249724, 351
45205, -7839, -249743, 352
45209, -7840, -249763, 352
45212, -7840, -249788, 350
45215, -7841, -249817, 346
45219, -7842, -249847, 346
45223, -7844, -249871, 346
45227, -7845, -249892, 344
45230, -7847, -249918, 343
45234, -7847, -249949, 343
45238, -7849, -249980, 339
45242, -7850, -250004, 341
45245, -7850, -250024, 341
45249, -7851, -250047, 339
45253, -7852, -250075, 336
45256, -7853, -250108, 334
45260, -7855, -250136, 334
45264, -7856, -250155, 335
45267, -7857, -250178, 333
45271, -7858, -250203, 332
45275, -7859, -250234, 330
45279, -7860, -250267, 328
45283, -7861, -250289, 329
45287, -7862, -250312, 328
45290, -7863, -250334, 327
45294, -7865, -250363, 323
45298, -7866, -250389, 321
45301, -7867, -250412, 322
45305, -7869, -250432, 322
45308, -7870, -250454, 322
45312, -7870, -250477, 320
45316, -7871, -250507, 318
45319, -7872, -250529, 316
45322, -7873, -250550, 316
45326, -7874, -250569, 316
45329, -7875, -250590, 316
45333, -7876, -250611, 313
45336, -7877, -250640, 312
45339, -7878, -250663, 312
45343, -7879, -250683, 311
45347, -7880, -250702, 309
45350, -7881, -250725, 309
45354, -7882, -250753, 307
45358, -7883, -250781, 305
45362, -7884, -250802, 306
45365, -7885, -250820, 306
45369, -7886, -250842, 303
45373, -7887, -250871, 301
45377, -7889, -250896, 299
45380, -7890, -250922, 298
45384, -7892, -250945, 299
45388, -7892, -250966, 299
45392, -7893, -250988, 297
45395, -7894, -251011, 294
45398, -7895, -251035, 293
45402, -7896, -251054, 294
45405, -7897, -251074, 293
45409, -7898, -251093, 292
45413, -7900, -251119, 288
45417, -7901, -251146, 287
45421, -7902, -251171, 289
45424, -7903, -251188, 288
45427, -7904, -251206, 286
45431, -7905, -251226, 285
45434, -7905, -251249, 283
45437, -7907, -251271, 282
45441, -7908, -251291, 282
45444, -7909, -251311, 283
45448, -7909, -251329, 281
45452, -7910, -251351, 279
45455, -7912, -251377, 275
45459, -7913, -251400, 275
45463, -7915, -251421, 275
45466, -7916, -251440, 275
45470, -7917, -251459, 273
45473, -7918, -251480, 272
45477, -7918, -251507, 271
45481, -7920, -251527, 269
45484, -7921, -251547, 269
45488, -7922, -251563, 268
45491, -7923, -251583, 267
45495, -7924, -251606, 263
45499, -7926, -251629, 263
45503, -7927, -251651, 262
45506, -7928, -251670, 264
45509, -7929, -251690, 262
45513, -7930, -251712, 259
45516, -7931, -251738, 257
45520, -7932, -251759, 258
45523, -7933, -251779, 258
45527, -7934, -251795, 256
45530, -7935, -251813, 255
45534, -7936, -251832, 253
45537, -7937, -251855, 252
45540, -7938, -251877, 252
45544, -7939, -251896, 253
45548, -7939, -251915, 251
45551, -7940, -251932, 249
45554, -7941, -251955, 247
45558, -7943, -251978, 245
45561, -7944, -251998, 245
45565, -7945, -252016, 246
45568, -7946, -252035, 244
45572, -7947, -252054, 243
45575, -7948, -252079, 240
45579, -7949, -252102, 240
45583, -7950, -252121, 240
45587, -7951, -252138, 239
45590, -7953, -252155, 236
45593, -7954, -252177, 234
45597, -7955, -252201, 234
45600, -7956, -252222, 233
45604, -7958, -252240, 233
45608, -7958, -252259, 232
45612, -7959, -252281, 229
45615, -7961, -252304, 227
45619, -7962, -252324, 229
45622, -7963, -252340, 227
45625, -7964, -252354, 227
45629, -7964, -252372, 227
45632, -7965, -252387, 224
45636, -7966, -252413, 221
45639, -7967, -252438, 222
45643, -7969, -252458, 221
45647, -7970, -252474, 220
45650, -7971, -252491, 219
45654, -7972, -252512, 218
45657, -7973, -252534, 215
45661, -7974, -252553, 216
45664, -7975, -252567, 215
45667, -7976, -252581, 214
45671, -7977, -252600, 214
45675, -7978, -252623, 211
45679, -7979, -252648, 209
45683, -7980, -252666, 209
45686, -7981, -252684, 208
45690, -7983, -252703, 207
45693, -7984, -252723, 205
45697, -7985, -252745, 204
45700, -7986, -252770, 202
45704, -7988, -252788, 202
45708, -7989, -252804, 202
45711, -7989, -252823, 201
45715, -7991, -252847, 197
45719, -7992, -252868, 198
45723, -7992, -252884, 198
45726, -7993, -252900, 198
45729, -7994, -252915, 195
45733, -7995, -252934, 195
45737, -7996, -252960, 192
45740, -7997, -252978, 192
45743, -7998, -252996, 192
45747, -7999, -253013, 191
45751, -8000, -253034, 190
45755, -8001, -253057, 187
45759, -8002, -253077, 187
45762, -8004, -253091, 185
45765, -8004, -253106, 187
45769, -8005, -253120, 185
45772, -8006, -253136, 184
45775, -8007, -253157, 180
45778, -8008, -253178, 180
45782, -8010, -253196, 180
45786, -8011, -253208, 180
45789, -8012, -253224, 179
45793, -8013, -253244, 176
45796, -8014, -253268, 174
45800, -8015, -253288, 175
45804, -8016, -253303, 174
45807, -8017, -253320, 174
45811, -8018, -253336, 171
45815, -8019, -253355, 169
45818, -8020, -253375, 169
45822, -8021, -253392, 168
45826, -8023, -253407, 168
45829, -8024, -253423, 166
45833, -8025, -253445, 164
45837, -8026, -253468, 163
45841, -8027, -253487, 162
45845, -8028, -253505, 163
45849, -8029, -253522, 161
45852, -8029, -253538, 162
45855, -8030, -253558, 159
45859, -8031, -253576, 158
45862, -8032, -253595, 156
45866, -8033, -253609, 156
45870, -8035, -253624, 155
45873, -8036, -253641, 154
45877, -8037, -253664, 151
45881, -8038, -253684, 152
45884, -8039, -253700, 152
45887, -8040, -253715, 151
45891, -8040, -253732, 150
45894, -8041, -253755, 148
45898, -8042, -253777, 145
45902, -8044, -253794, 146
45906, -8045, -253809, 145
45909, -8046, -253827, 144
45913, -8047, -253845, 142
45917, -8048, -253866, 141
45920, -8049, -253882, 141
45924, -8050, -253894, 140
45927, -8051, -253905, 138
45930, -8052, -253922, 138
45934, -8053, -253944, 135
45938, -8055, -253963, 133
45942, -8056, -253980, 135
45945, -8057, -253996, 133
45949, -8058, -254013, 132
45953, -8059, -254031, 130
45956, -8060, -254054, 129
45960, -8061, -254072, 130
45963, -8062, -254087, 129
45967, -8063, -254100, 127
45970, -8063, -254113, 126
45973, -8064, -254130, 125
45977, -8065, -254152, 124
45980, -8067, -254167, 123
45983, -8067, -254179, 124
45987, -8068, -254191, 122
45990, -8069, -254207, 121
45993, -8070, -254226, 120
45997, -8071, -254247, 117
46000, -8072, -254263, 118
46004, -8073, -254280, 117
46008, -8074, -254296, 117
46011, -8075, -254314, 114
46015, -8076, -254337, 112
46019, -8077, -254358, 113
46023, -8078, -254373, 113
46026, -8079, -254388, 112
46030, -8079, -254401, 111
46033, -8080, -254419, 107
46037, -8082, -254441, 105
46041, -8083, -254459, 107
46044, -8085, -254472, 105
46048, -8086, -254486, 105
46051, -8086, -254503, 104
46054, -8087, -254522, 102
46058, -8088, -254543, 101
46061, -8089, -254564, 101
46065, -8090, -254577, 101
46069, -8091, -254596, 100
46072, -8092, -254614, 97
46076, -8093, -254632, 95
46079, -8094, -254648, 95
46083, -8095, -254662, 95
46086, -8096, -254675, 95
46089, -8097, -254689, 93
46093, -8098, -254705, 91
46096, -8099, -254726, 89
46100, -8100, -254741, 89
46103, -8101, -254755, 89
46106, -8102, -254771, 89
46109, -8103, -254787, 88
46113, -8104, -254806, 85
46116, -8105, -254828, 84
46120, -8106, -254850, 83
46124, -8107, -254864, 84
46127, -8108, -254877, 81
46131, -8109, -254892, 81
46134, -8110, -254914, 80
46138, -8111, -254935, 78
46142, -8112, -254951, 79
46145, -8113, -254964, 77
46149, -8114, -254981, 76
46153, -8115, -255001, 75
46157, -8116, -255023, 73
46160, -8117, -255044, 73
46164, -8118, -255060, 71
46168, -8119, -255074, 71
46171, -8120, -255090, 70
46174, -8121, -255109, 68
46178, -8123, -255132, 65
46182, -8124, -255150, 66
46186, -8125, -255164, 66
46189, -8126, -255179, 65
46193, -8127, -255199, 62
46196, -8128, -255220, 61
46200, -8129, -255234, 61
46203, -8130, -255248, 60
46206, -8131, -255264, 60
46210, -8131, -255278, 59
46213, -8132, -255298, 58
46217, -8133, -255319, 54
46220, -8134, -255336, 55
46223, -8135, -255352, 56
46227, -8136, -255367, 54
46231, -8137, -255384, 53
46234, -8138, -255402, 51
46238, -8139, -255422, 49
46242, -8140, -255440, 49
46245, -8141, -255454, 49
46248, -8142, -255466, 48
46252, -8143, -255484, 46
46256, -8144, -255509, 44
46260, -8146, -255529, 42
46264, -8147, -255547, 44
46267, -8148, -255562, 43
46271, -8149, -255579, 41
46274, -8150, -255600, 39
46278, -8151, -255619, 37
46281, -8152, -255636, 38
46285, -8153, -255651, 37
46289, -8154, -255668, 37
46292, -8155, -255686, 34
46296, -8156, -255709, 31
46300, -8157, -255729, 32
46304, -8159, -255745, 31
46308, -8160, -255762, 30
46311, -8161, -255780, 29
46315, -8162, -255806, 27
46318, -8163, -255827, 26
46322, -8164, -255843, 26
46325, -8165, -255858, 24
46328, -8166, -255873, 25
46331, -8167, -255888, 22
46335, -8168, -255911, 21
46339, -8169, -255932, 22
46342, -8170, -255949, 20
46346, -8171, -255964, 20
46349, -8171, -255983, 20
46353, -8172, -256003, 16
46357, -8174, -256029, 14
46360, -8175, -256052, 14
46365, -8176, -256072, 13
46368, -8178, -256090, 13
46372, -8179, -256110, 10
46376, -8180, -256136, 9
46379, -8181, -256157, 7
46383, -8182, -256171, 8
46386, -8183, -256187, 8
46389, -8184, -256202, 7
46393, -8185, -256220, 5
46396, -8186, -256243, 2
46399, -8187, -256262, 2
46403, -8188, -256277, 0
46406, -8189, -256292, 2
46409, -8190, -256309, 0
46412, -8191, -256331, 4095
46416, -8192, -256356, 4093
46420, -8193, -256379, 4093
46424, -8194, -256398, 4092
46427, -8195, -256414, 4092
46430, -8196, -256430, 4090
46434, -8197, -256450, 4088
46437, -8198, -256473, 4084
46440, -8199, -256492, 4087
46443, -8201, -256507, 4085
46447, -8202, -256522, 4085
46450, -8203, -256540, 4084
46453, -8203, -256561, 4082
46456, -8205, -256585, 4079
46460, -8206, -256607, 4080
46463, -8207, -256626, 4079
46466, -8208, -256641, 4079
46470, -8209, -256659, 4078
46473, -8209, -256677, 4075
46476, -8211, -256700, 4072
46479, -8212, -256722, 4074
46483, -8213, -256740, 4075
46486, -8214, -256759, 4074
46490, -8214, -256777, 4072
46494, -8215, -256800, 4069
46497, -8216, -256825, 4068
46500, -8218, -256848, 4067
46503, -8219, -256867, 4067
46507, -8220, -256884, 4066
46510, -8221, -256902, 4066
46513, -8222, -256924, 4063
46517, -8223, -256950, 4062
46521, -8224, -256973, 4060
46524, -8225, -256988, 4062
46528, -8226, -257006, 4060
46531, -8227, -257025, 4058
46534, -8228, -257049, 4056
46538, -8230, -257072, 4054
46541, -8231, -257094, 4055
46544, -8232, -257111, 4055
46547, -8233, -257129, 4053
46551, -8234, -257146, 4053
46554, -8234, -257169, 4051
46557, -8235, -257191, 4049
46560, -8237, -257211, 4049
46564, -8238, -257229, 4048
46567, -8239, -257246, 4048
46571, -8240, -257266, 4046
46574, -8241, -257292, 4044
46578, -8242, -257323, 4041
46582, -8243, -257345, 4042
46585, -8245, -257367, 4042
46589, -8246, -257387, 4041
46592, -8247, -257409, 4039
46596, -8247, -257434, 4037
46599, -8249, -257457, 4036
46603, -8250, -257479, 4036
46606, -8251, -257498, 4034
46610, -8252, -257518, 4035
46614, -8253, -257545, 4032
46618, -8254, -257576, 4032
46622, -8255, -257597, 4030
46625, -8256, -257617, 4030
46628, -8257, -257636, 4029
46632, -8258, -257660, 4028
46635, -8259, -257688, 4025
46639, -8260, -257714, 4025
46643, -8261, -257735, 4024
46646, -8263, -257752, 4023
46650, -8264, -257772, 4023
46654, -8264, -257797, 4021
46657, -8266, -257826, 4019
46660, -8267, -257850, 4017
46664, -8268, -257869, 4018
46667, -8269, -257889, 4017
46670, -8270, -257913, 4016
46674, -8271, -257943, 4013
46678, -8272, -257967, 4012
46682, -8273, -257989, 4013
46685, -8274, -258008, 4013
46689, -8275, -258029, 4011
46692, -8276, -258052, 4009
46696, -8277, -258084, 4006
46699, -8279, -258111, 4006
46703, -8280, -258131, 4006
46706, -8281, -258153, 4006
46710, -8282, -258177, 4003
46714, -8283, -258206, 4002
46718, -8284, -258237, 4001
46721, -8285, -258261, 4000
46725, -8287, -258281, 3999
46729, -8288, -258300, 3998
46733, -8289, -258327, 3995
46736, -8290, -258357, 3994
46740, -8292, -258388, 3993
46744, -8293, -258412, 3995
46748, -8294, -258433, 3993
46751, -8295, -258457, 3990
46755, -8296, -258488, 3989
46759, -8297, -258517, 3987
46762, -8298, -258539, 3987
46766, -8300, -258558, 3987
46769, -8300, -258580, 3986
46772, -8301, -258605, 3984
46776, -8302, -258635, 3983
46779, -8303, -258663, 3982
46782, -8304, -258686, 3982
46786, -8305, -258707, 3981
46789, -8306, -258729, 3981
46792, -8306, -258752, 3980
46796, -8308, -258781, 3975
46799, -8309, -258809, 3976
46803, -8310, -258835, 3976
46807, -8311, -258858, 3975
46811, -8313, -258882, 3973
46814, -8313, -258912, 3971
46818, -8315, -258946, 3970
46821, -8316, -258973, 3969
46825, -8317, -258997, 3969
46829, -8318, -259020, 3969
46832, -8319, -259047, 3966
46836, -8320, -259083, 3964
46840, -8321, -259114, 3963
46844, -8322, -259139, 3964
46847, -8323, -259160, 3964
46850, -8324, -259184, 3961
46854, -8325, -259212, 3960
46857, -8326, -259242, 3958
46860, -8327, -259268, 3959
46863, -8328, -259289, 3958
46867, -8329, -259310, 3958
46870, -8330, -259332, 3955
46873, -8331, -259360, 3953
46877, -8332, -259393, 3952
46880, -8334, -259422, 3952
46883, -8335, -259446, 3952
46887, -8336, -259470, 3951
46890, -8336, -259492, 3950
46893, -8337, -259519, 3947
46896, -8338, -259554, 3946
46900, -8340, -259583, 3946
46903, -8341, -259607, 3946
46907, -8342, -259630, 3944
46910, -8343, -259655, 3943
46913, -8343, -259683, 3944
46916, -8344, -259715, 3940
46920, -8345, -259745, 3942
46923, -8346, -259768, 3940
46926, -8347, -259790, 3939
46930, -8348, -259816, 3938
46934, -8349, -259851, 3936
46937, -8350, -259889, 3933
46941, -8352, -259920, 3933
46944, -8353, -259948, 3933
46948, -8354, -259975, 3933
46952, -8355, -260004, 3931
46955, -8356, -260039, 3929
46959, -8357, -260077, 3928
46962, -8358, -260106, 3928
46966, -8359, -260132, 3928
46970, -8360, -260159, 3926
46973, -8360, -260192, 3926
46977, -8362, -260230, 3921
46980, -8363, -260262, 3923
46983, -8364, -260286, 3922
46987, -8365, -260310, 3921
46990, -8366, -260336, 3919
46993, -8367, -260368, 3919
46996, -8368, -260408, 3917
47000, -8369, -260441, 3916
47003, -8370, -260479, 3917
47008, -8371, -260514, 3916
47013, -8372, -260547, 3912
47016, -8373, -260591, 3910
47020, -8375, -260637, 3910
47025, -8376, -260675, 3911
47029, -8378, -260709, 3907
47033, -8379, -260743, 3906
47037, -8380, -260783, 3904
47040, -8381, -260822, 3904
47044, -8383, -260851, 3904
47048, -8383, -260882, 3903
47051, -8384, -260930, 3901
47056, -8386, -260972, 3898
47059, -8387, -261011, 3898
47064, -8388, -261045, 3897
47067, -8389, -261074, 3897
47071, -8391, -261121, 3895
47076, -8392, -261170, 3892
47080, -8393, -261212, 3894
47083, -8394, -261242, 3892
47086, -8395, -261271, 3892
47090, -8395, -261307, 3891
47094, -8396, -261345, 3888
47097, -8398, -261389, 3886
47101, -8399, -261425, 3887
47104, -8400, -261457, 3886
47108, -8401, -261493, 3885
47112, -8402, -261529, 3884
47115, -8403, -261587, 3881
47120, -8404, -261637, 3881
47124, -8405, -261672, 3880
47128, -8406, -261708, 3880
47132, -8408, -261761, 3878
47137, -8409, -261821, 3875
47142, -8410, -261870, 3875
47146, -8411, -261901, 3875
47150, -8412, -261947, 3873
47154, -8414, -262009, 3868
47159, -8415, -262054, 3870
47163, -8417, -262087, 3868
47166, -8418, -262130, 3868
47171, -8420, -262183, 3866
47176, -8420, -262232, 3864
47179, -8421, -262273, 3865
47182, -8423, -262318, 3862
47187, -8424, -262348, 3863
47190, -8425, -262382, 3861
47193, -8426, -262421, 3859
47197, -8427, -262468, 3858
47200, -8428, -262508, 3857
47203, -8429, -262544, 3857
47207, -8430, -262577, 3856
47210, -8430, -262614, 3858
47213, -8431, -262654, 3854
47216, -8432, -262702, 3852
47220, -8433, -262748, 3851
47224, -8434, -262788, 3852
47227, -8435, -262827, 3852
47231, -8436, -262889, 3850
47236, -8437, -262948, 3847
47240, -8438, -263008, 3846
47245, -8439, -263046, 3846
47249, -8441, -263098, 3845
47254, -8442, -263162, 3842
47258, -8444, -263218, 3841
47262, -8444, -263270, 3842
47266, -8446, -263320, 3839
47271, -8447, -263359, 3840
47274, -8448, -263430, 3836
47279, -8449, -263497, 3836
47284, -8450, -263551, 3835
47288, -8451, -263589, 3834
47292, -8453, -263657, 3833
47297, -8454, -263720, 3828
47300, -8456, -263772, 3830
47304, -8457, -263814, 3830
47307, -8457, -263853, 3830
47311, -8458, -263898, 3829
47314, -8459, -263954, 3826
47318, -8460, -264008, 3823
47321, -8461, -264052, 3824
47325, -8462, -264104, 3824
47330, -8464, -264144, 3823
47333, -8464, -264205, 3822
47337, -8465, -264263, 3819
47341, -8466, -264321, 3818
47346, -8467, -264360, 3819
47350, -8469, -264405, 3817
47353, -8470, -264469, 3816
47358, -8471, -264537, 3813
47363, -8472, -264587, 3813
47367, -8473, -264639, 3813
47372, -8474, -264703, 3811
47377, -8476, -264762, 3809
47381, -8477, -264807, 3809
47385, -8478, -264855, 3808
47389, -8479, -264904, 3808
47394, -8480, -264954, 3804
47398, -8481, -265004, 3802
47401, -8483, -265056, 3802
47406, -8484, -265092, 3802
47410, -8485, -265132, 3802
47414, -8486, -265177, 3799
47417, -8487, -265222, 3797
47420, -8488, -265266, 3797
47424, -8489, -265301, 3796
47427, -8490, -265334, 3797
47431, -8491, -265369, 3796
47434, -8492, -265411, 3794
47438, -8493, -265462, 3792
47441, -8493, -265500, 3792
47445, -8494, -265535, 3793
47448, -8495, -265571, 3791
47452, -8496, -265611, 3790
47456, -8497, -265659, 3786
47459, -8498, -265704, 3787
47464, -8499, -265743, 3787
47467, -8501, -265785, 3785
47472, -8502, -265835, 3784
47477, -8503, -265886, 3782
47480, -8504, -265934, 3782
47485, -8505, -265978, 3782
47490, -8506, -266024, 3780
47495, -8507, -266065, 3778
47498, -8508, -266108, 3777
47502, -8509, -266149, 3777
47507, -8510, -266185, 3775
47511, -8511, -266225, 3774
47515, -8512, -266266, 3773
47519, -8514, -266315, 3771
47523, -8515, -266347, 3771
47528, -8516, -266379, 3770
47531, -8517, -266412, 3769
47535, -8518, -266448, 3769
47538, -8519, -266490, 3766
47542, -8519, -266521, 3768
47545, -8520, -266550, 3766
47549, -8521, -266580, 3766
47553, -8522, -266624, 3763
47557, -8523, -266664, 3761
47561, -8524, -266696, 3761
47564, -8525, -266730, 3760
47569, -8527, -266756, 3760
47572, -8527, -266790, 3759
47576, -8528, -266830, 3758
47580, -8529, -266876, 3756
47585, -8530, -266910, 3756
47589, -8531, -266940, 3755
47593, -8532, -266977, 3754
47596, -8533, -267028, 3752
47601, -8534, -267070, 3752
47606, -8535, -267100, 3751
47609, -8536, -267129, 3749
47614, -8537, -267170, 3748
47618, -8538, -267212, 3746
47621, -8539, -267245, 3747
47625, -8540, -267271, 3746
47629, -8541, -267307, 3746
47634, -8542, -267355, 3742
47638, -8543, -267392, 3741
47642, -8544, -267418, 3742
47645, -8545, -267443, 3742
47649, -8546, -267468, 3740
47652, -8547, -267499, 3740
47656, -8548, -267535, 3736
47659, -8549, -267568, 3737
47663, -8550, -267598, 3735
47666, -8551, -267625, 3735
47670, -8552, -267666, 3734
47675, -8553, -267711, 3733
47679, -8554, -267746, 3730
47683, -8555, -267772, 3731
47687, -8556, -267804, 3731
47692, -8557, -267843, 3728
47697, -8559, -267894, 3725
47701, -8559, -267921, 3726
47705, -8561, -267946, 3725
47708, -8562, -267979, 3725
47713, -8563, -268007, 3723
47717, -8564, -268044, 3721
47720, -8565, -268083, 3721
47725, -8565, -268118, 3721
47729, -8567, -268151, 3719
47734, -8568, -268183, 3717
47738, -8569, -268219, 3714
47741, -8571, -268244, 3714
47745, -8572, -268270, 3716
47748, -8572, -268295, 3716
47752, -8573, -268323, 3713
47756, -8574, -268371, 3711
47760, -8574, -268400, 3711
47764, -8575, -268422, 3711
47767, -8576, -268451, 3710
47772, -8577, -268486, 3709
47777, -8578, -268525, 3705
47781, -8580, -268555, 3704
47784, -8581, -268584, 3705
47789, -8582, -268616, 3704
47794, -8584, -268647, 3702
47798, -8585, -268688, 3700
47802, -8585, -268718, 3700
47807, -8586, -268748, 3700
47812, -8588, -268775, 3696
47815, -8589, -268819, 3696
47820, -8590, -268855, 3696
47825, -8591, -268886, 3694
47829, -8592, -268917, 3694
47834, -8593, -268958, 3691
47839, -8595, -268995, 3690
47843, -8596, -269019, 3691
47847, -8597, -269042, 3689
47850, -8598, -269066, 3689
47854, -8599, -269094, 3685
47857, -8600, -269126, 3685
47860, -8601, -269149, 3685
47864, -8602, -269174, 3686
47867, -8603, -269206, 3682
47872, -8604, -269242, 3682
47877, -8605, -269275, 3680
47880, -8606, -269312, 3679
47885, -8607, -269342, 3679
47890, -8608, -269367, 3678
47893, -8609, -269396, 3676
47897, -8610, -269437, 3674
47902, -8611, -269467, 3675
47907, -8612, -269490, 3675
47911, -8613, -269512, 3672
47914, -8614, -269554, 3670
47919, -8615, -269592, 3670
47924, -8616, -269615, 3670
47927, -8618, -269633, 3668
47931, -8619, -269665, 3667
47935, -8620, -269707, 3665
47940, -8621, -269741, 3663
47945, -8622, -269760, 3665
47949, -8623, -269787, 3662
47953, -8624, -269817, 3661
47957, -8625, -269849, 3660
47960, -8626, -269872, 3660
47964, -8627, -269894, 3659
47967, -8628, -269914, 3660
47971, -8629, -269938, 3656
47975, -8630, -269965, 3655
47978, -8631, -269991, 3654
47981, -8632, -270014, 3654
47985, -8633, -270035, 3653
47988, -8634, -270052, 3652
47992, -8635, -270080, 3651
47995, -8636, -270112, 3648
47999, -8637, -270140, 3649
48002, -8638, -270162, 3648
48005, -8639, -270181, 3647
48009, -8640, -270200, 3648
48012, -8640, -270222, 3646
48015, -8641, -270245, 3644
48018, -8642, -270269, 3644
48021, -8643, -270290, 3643
48025, -8644, -270309, 3643
48028, -8645, -270328, 3641
48031, -8645, -270351, 3640
48034, -8646, -270377, 3640
48038, -8647, -270404, 3637
48041, -8648, -270428, 3638
48044, -8649, -270451, 3637
48048, -8650, -270471, 3637
48051, -8651, -270493, 3636
48054, -8651, -270521, 3633
48058, -8652, -270553, 3633
48062, -8653, -270582, 3632
48067, -8654, -270601, 3632
48070, -8655, -270623, 3632
48074, -8656, -270649, 3629
48077, -8657, -270680, 3627
48080, -8658, -270702, 3626
48084, -8659, -270721, 3628
48088, -8660, -270748, 3626
48092, -8661, -270770, 3624
48096, -8662, -270803, 3622
48099, -8663, -270827, 3623
48103, -8664, -270845, 3622
48106, -8665, -270872, 3621
48111, -8666, -270896, 3619
48114, -8667, -270930, 3616
48119, -8669, -270969, 3616
48123, -8670, -270996, 3615
48128, -8671, -271017, 3615
48131, -8673, -271043, 3613
48135, -8674, -271081, 3611
48140, -8675, -271114, 3610
48144, -8676, -271137, 3611
48148, -8677, -271157, 3609
48151, -8678, -271186, 3608
48156, -8679, -271223, 3604
48161, -8680, -271250, 3604
48164, -8682, -271272, 3605
48167, -8683, -271291, 3603
48171, -8684, -271321, 3602
48176, -8685, -271352, 3597
48180, -8686, -271383, 3599
48183, -8688, -271407, 3599
48187, -8689, -271431, 3597
48190, -8690, -271454, 3597
48194, -8690, -271479, 3594
48197, -8692, -271510, 3593
48201, -8693, -271541, 3594
48206, -8694, -271564, 3591
48210, -8695, -271586, 3590
48214, -8696, -271626, 3589
48218, -8697, -271664, 3588
48223, -8699, -271685, 3586
48226, -8700, -271709, 3586
48230, -8701, -271732, 3585
48234, -8702, -271766, 3583
48239, -8703, -271794, 3581
48242, -8704, -271817, 3581
48246, -8705, -271844, 3581
48251, -8707, -271877, 3579
48256, -8708, -271910, 3574
48259, -8710, -271941, 3575
48263, -8711, -271971, 3575
48268, -8712, -271997, 3574
48273, -8714, -272033, 3572
48278, -8715, -272072, 3569
48282, -8716, -272101, 3569
48288, -8717, -272125, 3568
48291, -8719, -272146, 3567
48295, -8720, -272175, 3564
48298, -8722, -272204, 3562
48302, -8723, -272229, 3563
48305, -8724, -272258, 3563
48310, -8725, -272281, 3561
48313, -8726, -272306, 3559
48317, -8727, -272338, 3557
48321, -8728, -272370, 3556
48325, -8730, -272392, 3557
48329, -8731, -272416, 3556
48333, -8732, -272449, 3553
48337, -8733, -272485, 3550
48341, -8734, -272511, 3550
48346, -8736, -272542, 3551
48351, -8737, -272563, 3549
48354, -8738, -272587, 3547
48358, -8739, -272622, 3545
48362, -8740, -272646, 3546
48366, -8741, -272666, 3545
48369, -8742, -272691, 3543
48374, -8743, -272720, 3542
48379, -8744, -272761, 3540
48384, -8746, -272795, 3538
48389, -8747, -272819, 3539
48394, -8748, -272839, 3539
48398, -8749, -272856, 3538
48402, -8750, -272870, 3536
48406, -8750, -272892, 3535
48409, -8752, -272920, 3532
48413, -8753, -272943, 3532
48416, -8754, -272963, 3531
48420, -8755, -272979, 3532
48425, -8756, -272998, 3533
48429, -8756, -273010, 3531
48432, -8756, -273024, 3531
48436, -8756, -273038, 3529
48439, -8757, -273052, 3529
48443, -8758, -273069, 3528
48446, -8759, -273087, 3525
48450, -8760, -273104, 3526
48453, -8761, -273119, 3525
48456, -8762, -273131, 3526
48460, -8762, -273141, 3526
48463, -8762, -273154, 3527
48468, -8762, -273166, 3526
48473, -8761, -273172, 3526
48478, -8762, -273182, 3525
48482, -8762, -273194, 3523
48486, -8763, -273215, 3522
48491, -8764, -273236, 3521
48495, -8766, -273260, 3519
48500, -8767, -273276, 3520
48504, -8767, -273295, 3519
48509, -8768, -273305, 3520
48512, -8768, -273313, 3519
48515, -8768, -273316, 3518
48519, -8769, -273322, 3519
48522, -8769, -273329, 3518
48526, -8769, -273334, 3518
48530, -8769, -273339, 3518
48534, -8770, -273344, 3517
48538, -8770, -273351, 3518
48543, -8770, -273357, 3517
48547, -8770, -273365, 3517
48551, -8770, -273376, 3517
48556, -8771, -273383, 3514
48559, -8772, -273387, 3515
48562, -8772, -273398, 3513
48566, -8773, -273409, 3514
48571, -8774, -273422, 3512
48575, -8774, -273432, 3512
48579, -8775, -273442, 3513
48582, -8775, -273456, 3513
48587, -8775, -273465, 3512
48590, -8775, -273469, 3513
48594, -8775, -273471, 3511
48598, -8775, -273476, 3512
48603, -8776, -273477, 3512
48607, -8775, -273480, 3513
48611, -8775, -273481, 3513
48616, -8775, -273482, 3512
48621, -8775, -273483, 3512
48625, -8775, -273484, 3512
48628, -8775, -273485, 3512
48632, -8776, -273486, 3512
48636, -8776, -273490, 3512
48639, -8775, -273492, 3513
48644, -8775, -273493, 3512
48647, -8775, -273495, 3512
48651, -8775, -273497, 3512
48655, -8775, -273498, 3513
48659, -8776, -273501, 3511
48663, -8776, -273508, 3511
48667, -8776, -273511, 3512
48671, -8776, -273517, 3510
48674, -8777, -273522, 3510
48678, -8777, -273530, 3511
48682, -8777, -273535, 3511
48685, -8777, -273538, 3510
48690, -8777, -273542, 3510
48693, -8777, -273547, 3509
48697, -8778, -273549, 3508
48701, -8779, -273557, 3508
48706, -8779, -273562, 3509
48710, -8779, -273568, 3507
48715, -8780, -273573, 3507
48718, -8780, -273577, 3508
48722, -8780, -273580, 3508
48726, -8780, -273585, 3507
48729, -8780, -273587, 3508
48733, -8780, -273590, 3507
48736, -8780, -273594, 3507
48741, -8780, -273598, 3508
48745, -8780, -273600, 3506
48749, -8781, -273606, 3507
48754, -8781, -273611, 3506
48758, -8781, -273614, 3508
48762, -8781, -273617, 3506
48765, -8781, -273618, 3506
48770, -8781, -273622, 3507
48774, -8781, -273623, 3507
48778, -8781, -273625, 3507
48782, -8781, -273629, 3508
48786, -8781, -273632, 3506
48790, -8781, -273633, 3506
48795, -8781, -273634, 3505
48799, -8781, -273635, 3506
48802, -8782, -273637, 3507
50816, -8782, -273643, 3505
50819, -8782, -273643, 3505
50823, -8782, -273643, 3505
50827, -8782, -273644, 3507
50831, -8782, -273648, 3506
50835, -8782, -273655, 3504
50838, -8783, -273670, 3502
50842, -8784, -273685, 3501
50846, -8785, -273697, 3501
50850, -8786, -273705, 3502
50853, -8786, -273706, 3502
50857, -8786, -273699, 3504
50861, -8785, -273691, 3505
50864, -8784, -273685, 3506
50868, -8783, -273669, 3506
50873, -8782, -273654, 3507
50876, -8781, -273630, 3509
50880, -8779, -273604, 3514
50884, -8778, -273583, 3513
50888, -8776, -273557, 3514
50892, -8775, -273534, 3515
50896, -8773, -273502, 3518
50900, -8772, -273469, 3519
50904, -8771, -273437, 3518
50909, -8769, -273406, 3521
50914, -8768, -273374, 3522
50918, -8767, -273328, 3525
50923, -8765, -273301, 3527
50927, -8763, -273280, 3526
50930, -8762, -273257, 3527
50934, -8761, -273231, 3529
50937, -8760, -273199, 3531
50940, -8759, -273172, 3532
50944, -8757, -273145, 3533
50947, -8756, -273123, 3533
50951, -8755, -273096, 3535
50954, -8754, -273064, 3536
50958, -8752, -273021, 3539
50963, -8751, -272984, 3538
50968, -8750, -272957, 3541
50972, -8748, -272929, 3542
50975, -8747, -272886, 3544
50980, -8745, -272843, 3547
50984, -8744, -272811, 3546
50989, -8742, -272778, 3547
50994, -8741, -272739, 3550
50999, -8739, -272703, 3553
51003, -8738, -272670, 3553
51007, -8736, -272642, 3555
51011, -8734, -272608, 3555
51016, -8733, -272573, 3558
51019, -8731, -272542, 3560
51023, -8730, -272508, 3561
51028, -8729, -272474, 3561
51032, -8727, -272446, 3562
51036, -8726, -272412, 3565
51040, -8725, -272380, 3566
51043, -8723, -272353, 3567
51046, -8722, -272327, 3567
51050, -8721, -272300, 3569
51053, -8720, -272274, 3570
51057, -8718, -272243, 3575
51060, -8717, -272211, 3574
51063, -8715, -272178, 3575
51068, -8714, -272156, 3575
51072, -8713, -272126, 3576
51076, -8712, -272082, 3579
51080, -8710, -272044, 3582
51085, -8709, -272015, 3580
51089, -8708, -271989, 3582
51092, -8706, -271955, 3584
51097, -8704, -271917, 3588
51101, -8703, -271886, 3587
51105, -8702, -271860, 3589
51109, -8700, -271824, 3590
51114, -8699, -271788, 3591
51118, -8697, -271745, 3595
51123, -8696, -271708, 3595
51128, -8694, -271673, 3595
51132, -8693, -271642, 3597
51136, -8691, -271610, 3600
51139, -8690, -271576, 3602
51143, -8689, -271541, 3601
51147, -8687, -271516, 3602
51151, -8686, -271489, 3604
51154, -8685, -271461, 3605
51157, -8684, -271426, 3608
51161, -8682, -271398, 3609
51164, -8681, -271372, 3609
51167, -8680, -271350, 3608
51171, -8679, -271320, 3610
51175, -8678, -271277, 3613
51179, -8677, -271238, 3615
51183, -8675, -271209, 3615
51187, -8674, -271173, 3617
51191, -8672, -271137, 3619
51196, -8670, -271103, 3620
51199, -8669, -271069, 3621
51203, -8668, -271040, 3623
51206, -8666, -271013, 3623
51209, -8665, -270988, 3624
51213, -8664, -270963, 3625
51216, -8663, -270934, 3629
51219, -8661, -270885, 3630
51224, -8660, -270845, 3630
51229, -8659, -270820, 3631
51232, -8657, -270788, 3631
51236, -8656, -270741, 3635
51241, -8655, -270700, 3637
51245, -8653, -270664, 3637
51250, -8652, -270627, 3639
51255, -8650, -270580, 3640
51260, -8648, -270541, 3643
51263, -8647, -270514, 3642
51266, -8646, -270487, 3644
51270, -8645, -270457, 3645
51273, -8643, -270429, 3647
51277, -8642, -270393, 3649
51280, -8641, -270358, 3650
51283, -8639, -270330, 3651
51287, -8638, -270298, 3651
51291, -8637, -270259, 3652
51296, -8636, -270218, 3656
51300, -8634, -270181, 3658
51304, -8633, -270137, 3657
51308, -8631, -270100, 3659
51313, -8629, -270053, 3661
51318, -8628, -270002, 3664
51323, -8627, -269959, 3664
51327, -8625, -269927, 3666
51331, -8623, -269894, 3667
51335, -8622, -269844, 3669
51340, -8620, -269790, 3671
51345, -8619, -269756, 3672
51349, -8617, -269724, 3674
51353, -8616, -269687, 3674
51357, -8614, -269650, 3677
51360, -8612, -269613, 3679
51364, -8611, -269581, 3679
51367, -8610, -269549, 3680
51371, -8609, -269518, 3680
51374, -8608, -269471, 3682
51379, -8606, -269420, 3685
51384, -8605, -269386, 3685
51388, -8604, -269341, 3686
51393, -8602, -269305, 3688
51396, -8600, -269250, 3692
51401, -8599, -269211, 3693
51405, -8597, -269167, 3694
51409, -8595, -269133, 3694
51413, -8594, -269085, 3695
51418, -8593, -269025, 3699
51423, -8591, -268982, 3700
51428, -8590, -268938, 3701
51432, -8588, -268903, 3702
51436, -8586, -268849, 3704
51440, -8585, -268804, 3706
51444, -8584, -268757, 3707
51449, -8582, -268728, 3709
51452, -8581, -268683, 3709
51457, -8579, -268628, 3713
51462, -8577, -268577, 3715
51467, -8575, -268543, 3715
51470, -8574, -268507, 3716
51474, -8572, -268468, 3718
51477, -8571, -268423, 3720
51481, -8570, -268384, 3721
51484, -8569, -268348, 3720
51488, -8567, -268315, 3722
51491, -8566, -268267, 3723
51496, -8565, -268223, 3725
51499, -8564, -268181, 3727
51503, -8563, -268139, 3727
51507, -8561, -268092, 3729
51512, -8560, -268053, 3730
51515, -8559, -268010, 3732
51519, -8557, -267964, 3735
51522, -8555, -267923, 3735
51526, -8554, -267887, 3734
51530, -8553, -267851, 3735
51533, -8552, -267812, 3739
51537, -8551, -267761, 3740
51541, -8550, -267714, 3742
51544, -8548, -267678, 3743
51548, -8546, -267639, 3743
51552, -8545, -267594, 3744
51556, -8544, -267531, 3746
51561, -8543, -267478, 3749
51564, -8542, -267439, 3748
51568, -8540, -267398, 3750
51572, -8539, -267344, 3752
51577, -8537, -267295, 3754
51580, -8536, -267249, 3755
51583, -8534, -267210, 3756
51587, -8533, -267177, 3756
51590, -8532, -267135, 3759
51594, -8530, -267088, 3761
51598, -8529, -267025, 3762
51602, -8527, -266978, 3763
51605, -8526, -266926, 3763
51610, -8525, -266888, 3765
51614, -8524, -266838, 3767
51618, -8522, -266780, 3769
51622, -8521, -266718, 3770
51626, -8519, -266664, 3770
51631, -8518, -266617, 3773
51636, -8516, -266541, 3775
51641, -8515, -266486, 3776
51644, -8513, -266432, 3777
51648, -8512, -266388, 3777
51652, -8511, -266327, 3779
51657, -8509, -266265, 3783
51661, -8507, -266198, 3785
51666, -8506, -266151, 3783
51669, -8505, -266093, 3785
51674, -8503, -266025, 3788
51679, -8502, -265960, 3789
51683, -8500, -265895, 3791
51688, -8498, -265846, 3793
51692, -8497, -265799, 3794
51695, -8495, -265748, 3796
51698, -8493, -265689, 3797
51702, -8492, -265636, 3797
51706, -8491, -265588, 3798
51709, -8490, -265546, 3799
51713, -8489, -265477, 3801
51717, -8488, -265417, 3804
51721, -8486, -265359, 3806
51724, -8485, -265296, 3805
51729, -8483, -265234, 3807
51734, -8481, -265173, 3809
51738, -8480, -265104, 3812
51741, -8479, -265048, 3812
51745, -8477, -264981, 3813
51750, -8475, -264912, 3815
51755, -8474, -264829, 3817
51760, -8472, -264758, 3819
51764, -8471, -264701, 3819
51767, -8470, -264646, 3820
51771, -8468, -264595, 3822
51775, -8467, -264527, 3824
51779, -8466, -264436, 3825
51784, -8464, -264378, 3826
51787, -8463, -264311, 3827
51792, -8461, -264231, 3829
51797, -8460, -264148, 3833
51801, -8458, -264081, 3834
51805, -8457, -264026, 3832
51808, -8455, -263973, 3834
51812, -8454, -263914, 3836
51816, -8453, -263847, 3839
51819, -8451, -263780, 3840
51823, -8449, -263716, 3842
51827, -8448, -263648, 3842
51832, -8447, -263590, 3842
51835, -8445, -263531, 3846
51839, -8444, -263461, 3846
51842, -8443, -263384, 3846
51847, -8442, -263327, 3849
51851, -8440, -263275, 3850
51855, -8439, -263205, 3852
51859, -8437, -263122, 3854
51863, -8435, -263068, 3856
51867, -8434, -263004, 3856
51872, -8432, -262948, 3858
51875, -8431, -262891, 3860
51879, -8429, -262814, 3861
51883, -8428, -262752, 3861
51888, -8427, -262698, 3863
51892, -8426, -262634, 3863
51896, -8425, -262576, 3867
51900, -8423, -262520, 3869
51903, -8422, -262472, 3867
51906, -8421, -262429, 3868
51910, -8419, -262386, 3871
51913, -8418, -262340, 3873
51917, -8417, -262282, 3875
51921, -8415, -262228, 3877
51924, -8413, -262183, 3877
51927, -8412, -262143, 3877
51931, -8411, -262098, 3876
51935, -8410, -262043, 3880
51938, -8409, -261982, 3882
51942, -8408, -261926, 3883
51946, -8407, -261873, 3882
51951, -8405, -261827, 3885
51954, -8404, -261760, 3887
51959, -8403, -261708, 3888
51963, -8401, -261649, 3890
51967, -8400, -261605, 3889
51971, -8398, -261552, 3892
51976, -8397, -261504, 3895
51979, -8395, -261438, 3897
51984, -8394, -261394, 3896
51988, -8392, -261340, 3896
51993, -8391, -261292, 3900
51997, -8389, -261240, 3903
52001, -8388, -261178, 3904
52005, -8386, -261129, 3903
52010, -8385, -261080, 3904
52014, -8383, -261031, 3907
52018, -8382, -260969, 3910
52023, -8381, -260930, 3910
52026, -8379, -260896, 3911
52030, -8377, -260859, 3913
52033, -8376, -260819, 3914
52037, -8375, -260776, 3916
52040, -8373, -260735, 3917
52043, -8372, -260689, 3916
52048, -8371, -260652, 3919
52052, -8370, -260614, 3919
52055, -8369, -260571, 3922
52059, -8367, -260513, 3925
52063, -8366, -260474, 3925
52067, -8364, -260438, 3926
52071, -8362, -260405, 3928
52075, -8361, -260351, 3928
52079, -8360, -260302, 3932
52083, -8358, -260254, 3932
52088, -8357, -260210, 3934
52093, -8356, -260164, 3934
52097, -8353, -260114, 3939
52101, -8352, -260067, 3939
52105, -8351, -260033, 3938
52109, -8350, -259993, 3939
52114, -8348, -259956, 3942
52118, -8347, -259912, 3944
52121, -8346, -259876, 3945
52124, -8344, -259846, 3946
52128, -8343, -259817, 3947
52131, -8341, -259785, 3949
52135, -8340, -259749, 3950
52138, -8338, -259712, 3955
52141, -8337, -259677, 3953
52145, -8336, -259638, 3953
52150, -8335, -259609, 3954
52153, -8333, -259574, 3957
52157, -8332, -259520, 3960
52162, -8331, -259474, 3959
52167, -8330, -259444, 3960
52171, -8328, -259405, 3960
52175, -8327, -259367, 3964
52179, -8326, -259318, 3966
52184, -8324, -259274, 3966
52188, -8323, -259237, 3968
52193, -8321, -259197, 3969
52198, -8319, -259160, 3972
52201, -8318, -259118, 3974
52206, -8316, -259085, 3974
52211, -8314, -259051, 3977
52215, -8312, -259014, 3980
52218, -8310, -258966, 3981
52223, -8309, -258931, 3982
52227, -8307, -258896, 3983
52232, -8306, -258871, 3983
52235, -8304, -258841, 3987
52238, -8303, -258804, 3988
52242, -8302, -258774, 3988
52245, -8301, -258746, 3988
52248, -8299, -258722, 3990
52252, -8298, -258695, 3992
52255, -8298, -258661, 3992
52259, -8296, -258618, 3995
52264, -8295, -258589, 3994
52267, -8294, -258556, 3996
52272, -8293, -258517, 3997
52277, -8291, -258481, 4001
52280, -8290, -258448, 4001
52284, -8289, -258420, 4000
52288, -8287, -258387, 4005
52293, -8285, -258362, 4004
52296, -8284, -258322, 4010
52300, -8282, -258280, 4009
52305, -8280, -258247, 4009
52310, -8279, -258219, 4011
52313, -8277, -258194, 4012
52317, -8276, -258152, 4015
52321, -8275, -258117, 4015
52326, -8274, -258085, 4017
52331, -8272, -258056, 4018
52335, -8270, -258026, 4021
52339, -8269, -257982, 4023
52343, -8267, -257956, 4023
52347, -8266, -257932, 4024
52350, -8264, -257908, 4025
52354, -8263, -257880, 4026
52357, -8262, -257850, 4029
52361, -8261, -257814, 4029
52366, -8260, -257788, 4030
52369, -8258, -257761, 4032
52373, -8257, -257723, 4034
52378, -8255, -257681, 4036
52383, -8254, -257653, 4036
52387, -8252, -257623, 4038
52391, -8251, -257599, 4040
52395, -8249, -257569, 4043
52399, -8247, -257536, 4045
52402, -8246, -257509, 4044
52406, -8245, -257485, 4043
52410, -8243, -257460, 4046
52413, -8243, -257433, 4047
52417, -8242, -257400, 4050
52421, -8240, -257366, 4051
52426, -8238, -257336, 4052
52430, -8237, -257310, 4053
52435, -8235, -257282, 4057
52438, -8233, -257243, 4058
52443, -8232, -257210, 4058
52448, -8231, -257187, 4059
52452, -8229, -257162, 4062
52455, -8228, -257138, 4062
52458, -8226, -257108, 4065
52462, -8225, -257083, 4065
52465, -8224, -257063, 4065
52469, -8223, -257042, 4067
52472, -8221, -257011, 4069
52477, -8220, -256970, 4072
52482, -8218, -256942, 4073
52485, -8217, -256913, 4074
52490, -8215, -256884, 4074
52495, -8214, -256856, 4075
52499, -8212, -256828, 4080
52502, -8211, -256798, 4079
52507, -8210, -256771, 4080
52511, -8208, -256749, 4082
52515, -8206, -256722, 4085
52518, -8205, -256686, 4086
52523, -8204, -256655, 4087
52528, -8202, -256628, 4086
52532, -8201, -256607, 4090
52536, -8199, -256573, 4092
52540, -8198, -256539, 4093
52545, -8197, -256510, 4093
52550, -8195, -256488, 4095
52554, -8194, -256455, 1
52559, -8192, -256421, 3
52563, -8191, -256398, 4
52566, -8189, -256377, 4
52569, -8188, -256357, 7
52573, -8186, -256334, 9
52577, -8185, -256306, 10
52580, -8183, -256280, 12
52584, -8181, -256260, 13
52587, -8180, -256242, 14
52591, -8179, -256222, 14
52594, -8178, -256200, 16
52597, -8176, -256174, 19
52601, -8175, -256147, 19
52604, -8174, -256128, 19
52608, -8173, -256107, 22
52611, -8172, -256084, 21
52615, -8171, -256061, 24
52618, -8169, -256035, 26
52622, -8168, -256013, 27
52625, -8167, -255993, 26
52628, -8166, -255975, 27
52632, -8165, -255954, 29
52635, -8164, -255929, 31
52638, -8162, -255905, 34
52642, -8161, -255882, 34
52645, -8159, -255865, 33
52648, -8158, -255847, 35
52651, -8157, -255827, 36
52655, -8156, -255807, 38
52658, -8155, -255783, 40
52661, -8154, -255761, 39
52664, -8153, -255743, 40
52667, -8152, -255726, 41
52671, -8151, -255709, 43
52674, -8150, -255688, 44
52677, -8149, -255664, 46
52680, -8147, -255643, 47
52684, -8146, -255622, 47
52687, -8145, -255604, 48
52690, -8144, -255587, 49
52693, -8143, -255569, 51
52697, -8142, -255548, 53
52700, -8140, -255524, 55
52703, -8139, -255506, 54
52706, -8138, -255488, 55
52710, -8137, -255471, 56
52713, -8136, -255452, 58
52716, -8135, -255425, 60
52720, -8133, -255401, 62
52723, -8132, -255381, 62
52726, -8131, -255361, 62
52730, -8130, -255342, 62
52733, -8129, -255325, 65
52736, -8128, -255303, 67
52739, -8127, -255281, 69
52743, -8125, -255262, 69
52746, -8124, -255245, 69
52749, -8122, -255227, 72
52752, -8122, -255209, 71
52756, -8121, -255188, 74
52759, -8119, -255163, 76
52762, -8118, -255142, 74
52765, -8117, -255123, 76
52769, -8116, -255106, 78
52772, -8115, -255087, 79
52775, -8114, -255066, 81
52778, -8112, -255043, 83
52782, -8111, -255023, 83
52785, -8110, -255005, 83
52788, -8109, -254987, 85
52791, -8108, -254970, 86
52794, -8107, -254951, 87
52798, -8105, -254927, 90
52801, -8104, -254904, 88
52804, -8103, -254884, 90
52807, -8102, -254866, 92
52811, -8101, -254849, 94
52814, -8100, -254827, 95
52817, -8098, -254806, 96
52820, -8097, -254785, 97
52824, -8096, -254767, 97
52827, -8095, -254751, 99
52830, -8094, -254733, 98
52833, -8093, -254714, 101
52837, -8092, -254689, 103
52840, -8090, -254665, 106
52843, -8089, -254645, 105
52847, -8088, -254625, 105
52851, -8086, -254604, 107
52854, -8085, -254579, 109
52858, -8084, -254552, 111
52861, -8083, -254530, 111
52865, -8081, -254512, 113
52868, -8080, -254495, 112
52871, -8079, -254477, 115
52874, -8078, -254458, 117
52878, -8076, -254433, 120
52881, -8075, -254409, 119
52884, -8074, -254390, 118
52888, -8073, -254373, 120
52891, -8072, -254353, 121
52895, -8071, -254331, 124
52898, -8070, -254308, 127
52901, -8068, -254287, 126
52905, -8067, -254268, 127
52908, -8065, -254249, 128
52911, -8064, -254231, 128
52915, -8064, -254209, 131
52918, -8062, -254181, 133
52922, -8061, -254156, 134
52926, -8060, -254135, 133
52929, -8058, -254115, 135
52933, -8057, -254095, 136
52936, -8056, -254071, 140
52940, -8055, -254046, 141
52943, -8053, -254028, 141
52946, -8052, -254011, 141
52950, -8051, -253993, 142
52953, -8050, -253973, 144
52956, -8049, -253949, 146
52960, -8048, -253926, 147
52963, -8046, -253906, 147
52966, -8045, -253888, 148
52969, -8044, -253870, 150
52973, -8043, -253850, 151
52976, -8042, -253826, 154
52980, -8040, -253803, 154
52983, -8039, -253784, 155
52986, -8038, -253765, 155
52990, -8037, -253746, 156
52993, -8036, -253726, 157
52996, -8035, -253702, 162
53000, -8033, -253676, 162
53003, -8032, -253654, 163
53007, -8030, -253636, 163
53010, -8029, -253616, 164
53014, -8028, -253594, 166
53017, -8027, -253570, 169
53020, -8026, -253546, 167
53024, -8024, -253527, 170
53027, -8023, -253511, 171
53030, -8022, -253492, 172
53033, -8021, -253472, 173
53037, -8019, -253447, 176
53040, -8018, -253426, 178
53043, -8016, -253404, 177
53046, -8015, -253387, 178
53050, -8014, -253367, 179
53053, -8013, -253347, 179
53057, -8012, -253323, 184
53060, -8011, -253301, 183
53063, -8010, -253281, 185
53066, -8008, -253264, 185
53070, -8007, -253248, 188
53073, -8006, -253228, 187
53076, -8005, -253205, 189
53079, -8004, -253181, 190
53083, -8003, -253160, 191
53086, -8002, -253142, 193
53089, -8000, -253123, 193
53092, -7999, -253105, 195
53095, -7998, -253081, 197
53099, -7997, -253057, 197
53102, -7996, -253034, 197
53105, -7994, -253015, 200
53108, -7994, -252998, 198
53112, -7993, -252979, 200
53115, -7992, -252957, 203
53118, -7991, -252932, 204
53121, -7990, -252909, 205
53125, -7988, -252890, 206
53128, -7986, -252872, 208
53131, -7985, -252852, 208
53135, -7984, -252830, 210
53138, -7983, -252805, 211
53141, -7981, -252783, 214
53144, -7980, -252763, 213
53148, -7979, -252744, 215
53151, -7978, -252725, 215
53154, -7977, -252704, 217
53158, -7976, -252675, 220
53161, -7974, -252653, 220
53164, -7973, -252632, 221
53168, -7972, -252613, 221
53171, -7971, -252593, 223
53174, -7970, -252571, 224
53177, -7969, -252546, 226
53181, -7967, -252520, 228
53184, -7966, -252490, 227
53189, -7965, -252463, 228
53194, -7964, -252430, 231
53199, -7962, -252390, 236
53204, -7960, -252362, 237
53208, -7958, -252340, 236
53212, -7956, -252315, 238
53216, -7954, -252278, 239
53221, -7953, -252242, 241
53226, -7952, -252220, 242
53229, -7951, -252198, 243
53233, -7949, -252175, 246
53236, -7948, -252150, 247
53240, -7946, -252120, 250
53244, -7945, -252098, 248
53247, -7944, -252079, 249
53250, -7942, -252055, 252
53254, -7941, -252019, 254
53259, -7940, -251981, 256
53264, -7938, -251958, 257
53268, -7936, -251929, 257
53272, -7935, -251905, 260
53276, -7933, -251879, 262
53280, -7932, -251844, 264
53284, -7930, -251813, 264
53288, -7929, -251791, 265
53292, -7927, -251760, 267
53296, -7926, -251727, 270
53300, -7924, -251693, 272
53305, -7922, -251670, 272
53309, -7921, -251641, 272
53313, -7920, -251612, 274
53317, -7918, -251572, 279
53322, -7916, -251544, 279
53325, -7915, -251523, 278
53329, -7914, -251503, 279
53332, -7913, -251480, 280
53335, -7912, -251454, 283
53339, -7911, -251425, 285
53342, -7909, -251400, 285
53346, -7908, -251380, 286
53349, -7907, -251360, 286
53352, -7906, -251336, 288
53355, -7904, -251310, 291
53359, -7903, -251280, 294
53362, -7901, -251254, 293
53366, -7900, -251229, 293
53370, -7899, -251208, 293
53373, -7898, -251183, 297
53376, -7897, -251158, 299
53379, -7895, -251128, 300
53383, -7894, -251101, 301
53386, -7892, -251078, 299
53390, -7892, -251052, 301
53394, -7891, -251020, 303
53398, -7889, -250989, 308
53401, -7888, -250960, 307
53405, -7886, -250928, 308
53409, -7885, -250896, 309
53414, -7883, -250869, 311
53418, -7882, -250823, 315
53423, -7880, -250784, 315
53428, -7879, -250751, 315
53433, -7877, -250726, 317
53436, -7875, -250697, 320
53439, -7874, -250664, 321
53443, -7873, -250635, 322
53447, -7871, -250609, 323
53450, -7870, -250583, 324
53453, -7868, -250552, 326
53458, -7867, -250507, 329
53462, -7865, -250478, 330
53466, -7864, -250452, 330
53469, -7862, -250424, 331
53473, -7861, -250389, 333
53478, -7859, -250349, 337
53482, -7858, -250319, 338
53486, -7856, -250283, 337
53490, -7855, -250251, 337
53495, -7854, -250216, 341
53498, -7852, -250180, 343
53502, -7851, -250150, 343
53505, -7850, -250125, 344
53508, -7848, -250103, 345
53511, -7847, -250077, 346
53515, -7846, -250046, 348
53518, -7845, -250015, 350
53521, -7844, -249985, 351
53525, -7842, -249961, 352
53528, -7841, -249927, 352
53532, -7840, -249887, 353
53537, -7839, -249837, 357
53542, -7837, -249804, 358
53545, -7836, -249777, 358
53549, -7835, -249751, 359
53552, -7833, -249723, 360
53556, -7832, -249688, 363
53559, -7831, -249655, 364
53563, -7829, -249626, 366
53566, -7828, -249593, 367
53570, -7826, -249565, 366
53573, -7825, -249524, 369
53577, -7824, -249474, 371
53582, -7822, -249435, 373
53586, -7821, -249396, 373
53591, -7820, -249364, 374
53594, -7818, -249318, 376
53599, -7817, -249274, 379
53603, -7815, -249229, 380
53608, -7814, -249200, 380
53611, -7812, -249170, 381
53615, -7811, -249136, 384
53618, -7809, -249082, 386
53623, -7808, -249046, 387
53626, -7806, -249005, 388
53631, -7805, -248962, 389
53636, -7803, -248908, 393
53641, -7801, -248854, 394
53645, -7800, -248820, 395
53650, -7798, -248773, 396
53654, -7796, -248734, 398
53658, -7795, -248694, 402
53661, -7793, -248655, 402
53665, -7792, -248622, 402
53668, -7790, -248590, 403
53672, -7789, -248553, 406
53675, -7787, -248500, 408
53680, -7786, -248454, 409
53684, -7785, -248414, 408
53688, -7784, -248369, 409
53692, -7782, -248323, 412
53697, -7781, -248272, 415
53701, -7779, -248228, 417
53705, -7778, -248181, 416
53709, -7776, -248141, 418
53714, -7774, -248087, 420
53718, -7773, -248039, 423
53722, -7771, -247986, 424
53726, -7770, -247940, 424
53731, -7768, -247889, 427
53736, -7766, -247823, 428
53741, -7765, -247772, 428
53745, -7764, -247728, 430
53749, -7763, -247687, 432
53753, -7762, -247633, 432
53758, -7760, -247573, 438
53762, -7758, -247522, 438
53766, -7756, -247482, 438
53769, -7755, -247446, 439
53772, -7753, -247411, 440
53776, -7752, -247367, 443
53779, -7751, -247321, 445
53783, -7749, -247277, 445
53786, -7748, -247241, 445
53789, -7747, -247199, 447
53794, -7745, -247143, 449
53798, -7744, -247092, 453
53802, -7742, -247031, 453
53807, -7741, -246984, 452
53811, -7739, -246942, 454
53816, -7738, -246893, 458
53819, -7737, -246834, 458
53824, -7735, -246775, 459
53829, -7733, -246741, 462
53832, -7732, -246694, 463
53837, -7730, -246638, 465
53841, -7729, -246582, 464
53846, -7728, -246542, 466
53850, -7726, -246492, 468
53855, -7725, -246435, 471
53859, -7723, -246374, 473
53864, -7721, -246326, 474
53868, -7719, -246284, 475
53873, -7718, -246232, 477
53878, -7716, -246186, 481
53881, -7714, -246145, 481
53885, -7713, -246110, 481
53888, -7711, -246076, 482
53892, -7710, -246042, 484
53895, -7709, -246000, 484
53899, -7708, -245950, 489
53902, -7706, -245900, 488
53907, -7705, -245858, 489
53912, -7703, -245821, 491
53916, -7701, -245778, 495
53919, -7700, -245720, 496
53924, -7698, -245684, 496
53928, -7697, -245649, 497
53932, -7695, -245599, 498
53937, -7694, -245539, 501
53942, -7693, -245499, 503
53945, -7691, -245465, 504
53949, -7689, -245428, 505
53953, -7688, -245379, 505
53958, -7686, -245334, 509
53962, -7685, -245292, 509
53966, -7684, -245254, 511
53970, -7682, -245210, 512
53974, -7680, -245159, 515
53979, -7678, -245111, 519
53983, -7677, -245067, 518
53988, -7675, -245031, 519
53992, -7673, -245000, 521
53995, -7672, -244965, 522
53999, -7671, -244923, 525
54002, -7669, -244891, 525
54005, -7668, -244862, 526
54008, -7667, -244834, 526
54012, -7666, -244804, 527
54015, -7665, -244767, 529
54019, -7664, -244725, 531
54022, -7663, -244690, 532
54025, -7662, -244661, 531
54029, -7660, -244626, 534
54033, -7659, -244592, 536
54037, -7657, -244554, 539
54040, -7656, -244504, 540
54045, -7654, -244473, 541
54048, -7652, -244434, 541
54053, -7651, -244402, 543
54056, -7650, -244355, 545
54061, -7648, -244315, 547
54064, -7647, -244283, 546
54068, -7646, -244251, 547
54072, -7645, -244211, 550
54077, -7643, -244162, 553
54081, -7641, -244114, 555
54086, -7640, -244083, 554
54090, -7638, -244054, 556
54093, -7636, -244019, 558
54097, -7635, -243984, 560
54100, -7634, -243947, 562
54104, -7632, -243914, 562
54107, -7631, -243873, 562
54112, -7630, -243840, 564
54116, -7628, -243805, 566
54119, -7627, -243755, 568
54124, -7626, -243718, 569
54129, -7624, -243686, 570
54133, -7623, -243653, 571
54136, -7621, -243620, 576
54139, -7619, -243583, 577
54143, -7617, -243543, 577
54148, -7616, -243516, 576
54151, -7615, -243489, 579
54154, -7614, -243448, 579
54160, -7613, -243395, 583
54164, -7611, -243364, 584
54167, -7610, -243327, 584
54172, -7608, -243290, 586
54177, -7607, -243239, 587
54182, -7605, -243194, 592
54186, -7604, -243157, 591
54191, -7602, -243119, 593
54196, -7600, -243084, 596
54199, -7598, -243050, 597
54203, -7597, -243020, 598
54206, -7595, -242992, 600
54210, -7594, -242963, 599
54213, -7592, -242934, 602
54217, -7591, -242893, 605
54221, -7590, -242858, 604
54225, -7588, -242816, 607
54230, -7587, -242788, 605
54233, -7586, -242747, 609
54238, -7584, -242699, 611
54243, -7583, -242667, 613
54246, -7582, -242640, 612
54250, -7580, -242612, 614
54253, -7578, -242581, 616
54257, -7577, -242544, 617
54261, -7576, -242512, 619
54264, -7574, -242484, 620
54268, -7573, -242457, 622
54271, -7571, -242428, 623
54275, -7570, -242396, 625
54278, -7568, -242356, 627
54282, -7567, -242315, 626
54287, -7566, -242277, 627
54292, -7565, -242249, 630
54296, -7563, -242218, 632
54299, -7562, -242171, 633
54304, -7560, -242132, 634
54308, -7559, -242106, 635
54312, -7557, -242081, 638
54315, -7556, -242049, 640
54319, -7554, -242014, 641
54322, -7552, -241983, 642
54326, -7551, -241958, 643
54329, -7550, -241932, 642
54333, -7549, -241903, 645
54337, -7548, -241850, 647
54342, -7547, -241811, 648
54347, -7545, -241780, 651
54350, -7543, -241743, 651
54355, -7541, -241712, 654
54359, -7540, -241665, 656
54364, -7538, -241631, 656
54368, -7537, -241596, 658
54372, -7535, -241568, 660
54376, -7533, -241523, 662
54381, -7532, -241488, 662
54385, -7531, -241449, 663
54389, -7529, -241415, 665
54394, -7528, -241381, 668
54398, -7526, -241334, 671
54403, -7524, -241304, 670
54407, -7523, -241267, 671
54412, -7521, -241233, 673
54416, -7520, -241188, 675
54421, -7518, -241153, 678
54424, -7517, -241125, 678
54428, -7515, -241098, 679
54432, -7514, -241068, 680
54435, -7512, -241036, 684
54439, -7510, -241003, 685
54442, -7509, -240976, 684
54445, -7508, -240950, 686
54449, -7507, -240925, 686
54452, -7506, -240899, 688
54456, -7505, -240870, 690
54459, -7503, -240838, 693
54462, -7502, -240806, 693
54466, -7500, -240782, 693
54469, -7499, -240758, 694
54472, -7498, -240732, 694
54476, -7497, -240702, 697
54479, -7496, -240669, 700
54482, -7495, -240640, 700
54485, -7493, -240616, 701
54489, -7492, -240593, 702
54492, -7491, -240569, 701
54495, -7490, -240538, 704
54499, -7489, -240506, 707
54502, -7488, -240475, 706
54505, -7487, -240450, 707
54509, -7485, -240426, 709
54512, -7484, -240402, 710
54515, -7483, -240373, 711
54518, -7481, -240339, 715
54522, -7480, -240310, 713
54525, -7479, -240285, 714
54528, -7478, -240260, 715
54532, -7477, -240234, 716
54535, -7476, -240206, 718
54538, -7475, -240173, 721
54542, -7473, -240144, 721
54545, -7472, -240118, 722
54548, -7471, -240092, 723
54552, -7470, -240056, 723
54556, -7468, -240021, 727
54561, -7467, -239985, 728
54564, -7466, -239956, 729
54568, -7464, -239920, 730
54572, -7462, -239890, 732
54576, -7461, -239857, 734
54580, -7460, -239814, 735
54584, -7458, -239778, 737
54589, -7457, -239748, 737
54593, -7455, -239718, 740
54597, -7454, -239672, 741
54602, -7452, -239628, 743
54607, -7451, -239591, 744
54611, -7449, -239563, 746
54615, -7447, -239518, 748
54620, -7445, -239475, 750
54624, -7444, -239446, 750
54628, -7442, -239419, 752
54632, -7441, -239379, 753
54636, -7440, -239344, 755
54641, -7438, -239309, 758
54644, -7436, -239282, 759
54648, -7435, -239256, 759
54651, -7433, -239227, 760
54654, -7432, -239198, 762
54658, -7431, -239164, 765
54661, -7429, -239133, 765
54665, -7428, -239103, 765
54669, -7427, -239074, 767
54673, -7426, -239045, 768
54676, -7425, -238997, 770
54682, -7423, -238961, 773
54685, -7422, -238931, 772
54689, -7420, -238902, 773
54693, -7419, -238864, 776
54698, -7417, -238814, 779
54703, -7416, -238777, 779
54707, -7414, -238744, 782
54711, -7412, -238714, 782
54715, -7410, -238667, 784
54720, -7409, -238632, 787
54723, -7407, -238595, 789
54728, -7406, -238565, 788
54732, -7404, -238530, 790
54736, -7402, -238492, 793
54740, -7401, -238445, 795
54745, -7399, -238412, 795
54749, -7398, -238381, 796
54753, -7396, -238351, 798
54756, -7395, -238319, 799
54759, -7394, -238286, 801
54763, -7392, -238257, 802
54766, -7391, -238229, 803
54769, -7390, -238202, 803
54773, -7389, -238161, 805
54778, -7388, -238118, 807
54782, -7386, -238083, 809
54785, -7385, -238044, 809
54790, -7384, -238007, 810
54795, -7382, -237971, 813
54799, -7380, -237929, 816
54802, -7379, -237895, 817
54806, -7377, -237857, 816
54811, -7376, -237826, 817
54815, -7374, -237792, 821
54818, -7373, -237742, 823
54823, -7372, -237703, 822
54828, -7370, -237672, 824
54832, -7369, -237641, 824
54835, -7367, -237592, 828
54840, -7366, -237541, 831
54845, -7364, -237509, 831
54849, -7363, -237470, 830
54853, -7361, -237425, 835
54858, -7359, -237374, 838
54863, -7357, -237341, 837
54866, -7356, -237315, 837
54870, -7354, -237287, 840
54873, -7353, -237256, 840
54877, -7352, -237217, 845
54880, -7350, -237179, 844
54884, -7349, -237146, 843
54887, -7348, -237103, 846
54892, -7347, -237069, 847
54896, -7346, -237031, 849
54899, -7344, -236981, 852
54904, -7342, -236939, 852
54909, -7341, -236905, 852
54913, -7339, -236872, 856
54917, -7338, -236817, 858
54921, -7336, -236770, 858
54926, -7335, -236741, 861
54929, -7333, -236705, 861
54934, -7331, -236658, 863
54938, -7330, -236602, 866
54943, -7328, -236564, 866
54947, -7327, -236521, 867
54952, -7325, -236477, 870
54957, -7323, -236433, 872
54960, -7322, -236389, 875
54964, -7320, -236345, 874
54969, -7319, -236304, 874
54974, -7317, -236265, 877
54977, -7315, -236222, 881
54981, -7314, -236182, 881
54985, -7313, -236146, 880
54988, -7312, -236113, 881
54992, -7310, -236078, 883
54996, -7309, -236041, 886
54999, -7308, -235995, 888
55003, -7306, -235949, 888
55007, -7305, -235907, 888
55012, -7303, -235870, 892
55016, -7302, -235811, 893
55021, -7300, -235770, 895
55024, -7299, -235725, 895
55029, -7297, -235693, 896
55032, -7296, -235645, 898
55037, -7294, -235602, 902
55040, -7293, -235544, 903
55045, -7291, -235510, 902
55049, -7290, -235464, 904
55054, -7288, -235411, 906
55059, -7286, -235350, 911
55063, -7285, -235300, 909
55068, -7283, -235264, 911
55072, -7282, -235229, 913
55075, -7280, -235190, 913
55078, -7279, -235145, 917
55082, -7277, -235105, 918
55085, -7276, -235071, 915
55089, -7275, -235037, 919
55092, -7274, -235003, 920
55095, -7273, -234964, 922
55099, -7272, -234917, 924
55102, -7270, -234877, 923
55106, -7269, -234830, 924
55110, -7268, -234790, 925
55114, -7267, -234745, 928
55118, -7265, -234679, 931
55123, -7264, -234637, 931
55126, -7262, -234602, 932
55129, -7261, -234567, 933
55133, -7259, -234527, 934
55136, -7258, -234483, 937
55140, -7257, -234438, 938
55143, -7255, -234399, 939
55146, -7254, -234364, 939
55150, -7253, -234328, 940
55153, -7252, -234290, 941
55156, -7251, -234244, 944
55159, -7250, -234198, 945
55163, -7249, -234158, 945
55166, -7247, -234122, 947
55169, -7246, -234086, 947
55172, -7245, -234049, 949
55176, -7244, -234002, 950
55179, -7242, -233949, 953
55183, -7241, -233904, 953
55186, -7240, -233868, 953
55189, -7239, -233830, 955
55193, -7237, -233786, 957
55196, -7236, -233737, 959
55200, -7235, -233687, 961
55203, -7233, -233646, 961
55206, -7232, -233607, 961
55210, -7231, -233559, 962
55214, -7230, -233508, 964
55218, -7229, -233433, 965
55222, -7228, -233374, 966
55227, -7226, -233328, 969
55231, -7225, -233266, 969
55236, -7223, -233195, 973
55241, -7221, -233120, 976
55246, -7219, -233058, 975
55251, -7217, -232994, 979
55256, -7215, -232920, 980
55260, -7213, -232865, 981
55264, -7212, -232801, 983
55269, -7210, -232736, 984
55274, -7209, -232667, 985
55278, -7207, -232604, 989
55282, -7205, -232534, 990
55287, -7204, -232475, 990
55291, -7202, -232426, 992
55295, -7201, -232374, 994
55298, -7199, -232312, 996
55302, -7198, -232257, 996
55305, -7196, -232212, 998
55309, -7195, -232161, 999
55312, -7194, -232112, 999
55316, -7193, -232048, 1001
55320, -7192, -231963, 1003
55325, -7190, -231915, 1004
55328, -7189, -231867, 1005
55332, -7188, -231813, 1007
55336, -7186, -231723, 1009
55341, -7184, -231638, 1011
55346, -7183, -231583, 1011
55350, -7181, -231512, 1013
55354, -7180, -231440, 1015
55359, -7178, -231352, 1017
55363, -7177, -231278, 1018
55368, -7175, -231209, 1019
55373, -7173, -231129, 1022
55378, -7172, -231048, 1024
55382, -7170, -230968, 1026
55387, -7168, -230912, 1027
55390, -7166, -230844, 1028
55395, -7165, -230785, 1030
55399, -7163, -230696, 1032
55404, -7162, -230643, 1033
55407, -7160, -230598, 1033
55410, -7159, -230550, 1037
55414, -7157, -230494, 1036
55418, -7156, -230421, 1040
55421, -7155, -230362, 1039
55425, -7153, -230294, 1040
55430, -7152, -230239, 1042
55434, -7150, -230181, 1045
55438, -7149, -230101, 1048
55443, -7147, -230038, 1047
55447, -7146, -229990, 1048
55451, -7144, -229943, 1049
55454, -7143, -229869, 1052
55459, -7142, -229795, 1054
55464, -7140, -229727, 1055
55469, -7138, -229662, 1056
55474, -7137, -229595, 1058
55479, -7135, -229521, 1061
55484, -7133, -229475, 1062
55487, -7132, -229420, 1063
55492, -7130, -229362, 1064
55497, -7128, -229283, 1068
55501, -7126, -229234, 1069
55505, -7125, -229193, 1069
55509, -7124, -229149, 1070
55512, -7122, -229105, 1072
55516, -7121, -229056, 1073
55519, -7120, -229006, 1076
55523, -7118, -228965, 1076
55526, -7117, -228930, 1076
55530, -7116, -228892, 1079
55533, -7114, -228852, 1079
55536, -7113, -228806, 1082
55540, -7112, -228759, 1084
55543, -7110, -228720, 1085
55546, -7109, -228683, 1084
55550, -7107, -228646, 1086
55553, -7107, -228605, 1086
55557, -7106, -228562, 1089
55560, -7105, -228519, 1090
55563, -7103, -228478, 1090
55567, -7102, -228442, 1092
55570, -7101, -228405, 1093
55574, -7100, -228369, 1095
55577, -7098, -228326, 1098
55580, -7096, -228285, 1098
55583, -7095, -228248, 1098
55587, -7094, -228205, 1098
55591, -7093, -228157, 1101
55596, -7092, -228110, 1104
55600, -7090, -228052, 1105
55605, -7089, -228004, 1105
55609, -7087, -227968, 1107
55613, -7086, -227932, 1108
55617, -7084, -227886, 1111
55621, -7083, -227838, 1113
55624, -7081, -227797, 1114
55628, -7080, -227763, 1114
55632, -7078, -227727, 1115
55636, -7077, -227689, 1118
55639, -7076, -227648, 1118
55642, -7075, -227612, 1120
55646, -7073, -227580, 1120
55649, -7072, -227550, 1121
55652, -7071, -227519, 1122
55655, -7070, -227484, 1124
55659, -7069, -227446, 1128
55662, -7067, -227413, 1128
55665, -7066, -227384, 1128
55669, -7064, -227345, 1129
55673, -7063, -227298, 1130
55677, -7062, -227254, 1134
55682, -7060, -227207, 1135
55687, -7059, -227166, 1135
55692, -7057, -227127, 1137
55696, -7055, -227083, 1140
55700, -7054, -227030, 1143
55705, -7052, -226988, 1142
55709, -7051, -226954, 1143
55714, -7049, -226910, 1145
55718, -7047, -226859, 1149
55723, -7046, -226819, 1150
55727, -7044, -226785, 1151
55732, -7042, -226742, 1152
55736, -7040, -226693, 1156
55741, -7039, -226661, 1155
55744, -7037, -226635, 1157
55748, -7036, -226610, 1158
55751, -7035, -226580, 1159
55755, -7034, -226543, 1160
55759, -7032, -226507, 1164
55762, -7031, -226477, 1164
55765, -7029, -226449, 1165
55769, -7028, -226420, 1165
55773, -7027, -226388, 1167
55777, -7025, -226348, 1170
55781, -7024, -226312, 1172
55784, -7022, -226276, 1172
55789, -7021, -226247, 1171
55793, -7020, -226213, 1174
55797, -7018, -226177, 1177
55801, -7017, -226141, 1179
55805, -7016, -226116, 1178
55808, -7014, -226081, 1180
55813, -7012, -226043, 1182
55818, -7011, -226008, 1186
55821, -7009, -225978, 1186
55824, -7008, -225944, 1186
55829, -7006, -225910, 1187
55834, -7005, -225883, 1189
55837, -7003, -225853, 1193
55841, -7002, -225819, 1192
55844, -7001, -225793, 1194
55848, -6999, -225767, 1195
55851, -6998, -225741, 1196
55855, -6997, -225702, 1197
55859, -6995, -225665, 1202
55864, -6993, -225637, 1202
55867, -6992, -225612, 1201
55871, -6991, -225578, 1203
55876, -6989, -225543, 1206
55880, -6987, -225505, 1209
55884, -6986, -225478, 1208
55888, -6985, -225446, 1208
55892, -6983, -225415, 1210
55897, -6982, -225388, 1215
55900, -6980, -225356, 1215
55904, -6979, -225324, 1214
55909, -6978, -225297, 1216
55914, -6976, -225269, 1219
55917, -6975, -225229, 1221
55922, -6973, -225194, 1221
55926, -6972, -225167, 1222
55930, -6970, -225143, 1225
55934, -6969, -225109, 1226
55939, -6967, -225069, 1230
55943, -6965, -225046, 1230
55947, -6963, -225020, 1230
55951, -6962, -224997, 1231
55954, -6961, -224972, 1233
55958, -6960, -224941, 1236
55961, -6959, -224915, 1235
55964, -6957, -224894, 1237
55968, -6956, -224867, 1236
55972, -6955, -224837, 1239
55977, -6953, -224806, 1244
55981, -6952, -224777, 1244
55984, -6950, -224754, 1244
55987, -6948, -224725, 1245
55992, -6947, -224702, 1248
55996, -6946, -224676, 1249
55999, -6944, -224643, 1250
56004, -6943, -224613, 1251
56009, -6941, -224594, 1253
56012, -6940, -224572, 1253
56016, -6939, -224545, 1257
56019, -6937, -224507, 1258
56024, -6935, -224480, 1260
56028, -6934, -224458, 1258
56031, -6933, -224437, 1260
56035, -6932, -224405, 1262
56039, -6931, -224371, 1265
56044, -6930, -224349, 1265
56048, -6928, -224330, 1266
56051, -6926, -224308, 1268
56055, -6925, -224274, 1270
56059, -6923, -224246, 1273
56063, -6922, -224222, 1272
56066, -6920, -224204, 1273
56070, -6919, -224184, 1274
56073, -6918, -224162, 1275
56077, -6917, -224137, 1279
56080, -6916, -224110, 1279
56084, -6914, -224084, 1280
56088, -6913, -224065, 1280
56092, -6911, -224043, 1283
56096, -6910, -224013, 1284
56100, -6909, -223977, 1286
56105, -6908, -223955, 1286
56108, -6906, -223932, 1287
56112, -6905, -223910, 1289
56116, -6904, -223875, 1292
56121, -6902, -223843, 1294
56125, -6900, -223825, 1295
56129, -6898, -223807, 1296
56132, -6897, -223788, 1298
56135, -6895, -223767, 1300
56139, -6894, -223740, 1301
56142, -6892, -223716, 1301
56146, -6891, -223695, 1303
56149, -6890, -223676, 1303
56152, -6889, -223657, 1303
56155, -6888, -223636, 1307
56159, -6887, -223614, 1309
56162, -6885, -223594, 1309
56165, -6884, -223577, 1309
56168, -6883, -223560, 1309
56171, -6882, -223542, 1311
56175, -6881, -223522, 1313
56178, -6880, -223497, 1316
56181, -6879, -223475, 1316
56184, -6877, -223456, 1316
56188, -6876, -223437, 1315
56191, -6875, -223420, 1318
56194, -6875, -223400, 1319
56197, -6874, -223378, 1322
56200, -6872, -223355, 1323
56204, -6871, -223335, 1323
56207, -6869, -223318, 1324
56211, -6868, -223297, 1325
56215, -6867, -223276, 1328
56218, -6866, -223247, 1330
56223, -6864, -223219, 1330
56227, -6863, -223196, 1331
56231, -6861, -223176, 1333
56235, -6860, -223151, 1334
56239, -6858, -223122, 1338
56243, -6857, -223101, 1339
56246, -6855, -223083, 1339
56250, -6854, -223061, 1340
56254, -6852, -223032, 1341
56259, -6851, -223006, 1345
56263, -6850, -222984, 1345
56267, -6848, -222964, 1345
56271, -6847, -222937, 1346
56275, -6846, -222908, 1349
56280, -6844, -222882, 1352
56283, -6843, -222863, 1352
56287, -6841, -222847, 1353
56290, -6839, -222832, 1355
56293, -6838, -222814, 1355
56297, -6837, -222790, 1358
56300, -6835, -222762, 1361
56305, -6834, -222738, 1358
56309, -6833, -222718, 1360
56313, -6832, -222698, 1363
56317, -6830, -222664, 1365
56322, -6829, -222636, 1367
56327, -6827, -222618, 1367
56330, -6826, -222601, 1367
56334, -6824, -222578, 1370
56338, -6823, -222547, 1374
56343, -6822, -222523, 1372
56347, -6821, -222503, 1372
56351, -6819, -222477, 1376
56356, -6817, -222445, 1378
56361, -6816, -222419, 1380
56365, -6814, -222393, 1381
56369, -6812, -222369, 1383
56374, -6810, -222349, 1385
56378, -6808, -222318, 1388
56382, -6807, -222290, 1388
56387, -6805, -222269, 1388
56392, -6804, -222250, 1391
56395, -6802, -222229, 1392
56399, -6801, -222203, 1395
56402, -6800, -222182, 1393
56406, -6798, -222162, 1395
56409, -6798, -222146, 1395
56412, -6796, -222128, 1398
56416, -6796, -222106, 1399
56419, -6794, -222076, 1402
56424, -6792, -222056, 1403
56428, -6791, -222039, 1403
56431, -6789, -222017, 1405
56436, -6787, -221987, 1409
56440, -6786, -221957, 1409
56445, -6784, -221938, 1410
56449, -6783, -221914, 1411
56454, -6781, -221892, 1413
56457, -6780, -221861, 1415
56462, -6778, -221838, 1417
56465, -6777, -221815, 1418
56470, -6775, -221796, 1419
56474, -6774, -221770, 1421
56479, -6772, -221736, 1423
56483, -6770, -221710, 1425
56488, -6769, -221692, 1425
56492, -6768, -221668, 1426
56496, -6766, -221637, 1429
56501, -6765, -221613, 1430
56504, -6763, -221595, 1432
56507, -6762, -221578, 1432
56511, -6760, -221560, 1433
56514, -6759, -221541, 1435
56518, -6757, -221517, 1439
56522, -6756, -221488, 1439
56527, -6755, -221467, 1439
56530, -6753, -221449, 1440
56534, -6752, -221429, 1441
56537, -6751, -221398, 1445
56542, -6749, -221374, 1446
56546, -6748, -221355, 1446
56549, -6747, -221337, 1447
56553, -6745, -221312, 1448
56558, -6744, -221280, 1453
56563, -6742, -221253, 1453
56567, -6741, -221229, 1453
56572, -6739, -221204, 1455
56576, -6737, -221178, 1459
56580, -6735, -221153, 1461
56584, -6734, -221129, 1461
56589, -6732, -221103, 1462
56593, -6730, -221083, 1463
56597, -6729, -221059, 1467
56601, -6728, -221039, 1467
56604, -6726, -221022, 1468
56607, -6725, -221006, 1468
56610, -6724, -220990, 1469
56614, -6723, -220971, 1472
56617, -6722, -220949, 1472
56620, -6720, -220927, 1475
56624, -6719, -220908, 1474
56627, -6718, -220891, 1475
56630, -6717, -220872, 1477
56634, -6716, -220852, 1478
56637, -6714, -220829, 1482
56640, -6713, -220808, 1482
56644, -6711, -220790, 1482
56647, -6710, -220774, 1483
56650, -6709, -220757, 1483
56654, -6709, -220738, 1484
56657, -6708, -220716, 1488
56660, -6706, -220693, 1488
56663, -6705, -220673, 1490
56667, -6704, -220657, 1490
56670, -6702, -220640, 1490
56673, -6702, -220621, 1492
56677, -6700, -220598, 1496
56680, -6699, -220568, 1495
56685, -6698, -220546, 1497
56690, -6696, -220523, 1497
56694, -6694, -220495, 1501
56699, -6693, -220466, 1502
56703, -6692, -220436, 1502
56708, -6690, -220419, 1504
56711, -6689, -220401, 1505
56714, -6688, -220381, 1507
56718, -6686, -220353, 1510
56722, -6684, -220328, 1510
56726, -6683, -220307, 1510
56730, -6682, -220287, 1512
56734, -6681, -220259, 1513
56739, -6679, -220230, 1517
56742, -6677, -220207, 1519
56746, -6676, -220187, 1518
56750, -6674, -220161, 1521
56755, -6672, -220139, 1524
56758, -6670, -220108, 1524
56763, -6669, -220081, 1525
56767, -6668, -220055, 1526
56772, -6666, -220036, 1529
56775, -6665, -220017, 1530
56779, -6663, -219993, 1532
56782, -6662, -219971, 1532
56785, -6660, -219951, 1533
56789, -6660, -219934, 1533
56792, -6658, -219915, 1536
56796, -6657, -219894, 1538
56799, -6656, -219866, 1539
56803, -6654, -219844, 1540
56806, -6653, -219824, 1540
56809, -6652, -219804, 1542
56813, -6651, -219785, 1544
56816, -6650, -219764, 1544
56820, -6648, -219740, 1548
56823, -6647, -219721, 1547
56826, -6646, -219702, 1547
56830, -6645, -219684, 1548
56833, -6644, -219662, 1550
56836, -6643, -219638, 1553
56840, -6641, -219610, 1555
56844, -6639, -219586, 1555
56847, -6638, -219568, 1554
56851, -6637, -219547, 1557
56855, -6636, -219525, 1558
56858, -6635, -219499, 1561
56862, -6633, -219474, 1561
56866, -6632, -219454, 1562
56870, -6631, -219426, 1562
56874, -6629, -219399, 1565
56879, -6628, -219368, 1569
56883, -6626, -219335, 1569
56888, -6624, -219308, 1571
56892, -6623, -219284, 1571
56896, -6621, -219254, 1574
56900, -6619, -219222, 1576
56905, -6618, -219195, 1576
56910, -6617, -219173, 1578
56913, -6615, -219151, 1580
56917, -6613, -219115, 1582
56922, -6612, -219086, 1583
56926, -6610, -219063, 1583
56930, -6609, -219043, 1586
56933, -6608, -219022, 1586
56937, -6606, -218996, 1589
56941, -6604, -218966, 1592
56944, -6603, -218943, 1591
56948, -6602, -218922, 1592
56952, -6600, -218893, 1593
56956, -6599, -218858, 1595
56961, -6598, -218831, 1597
56965, -6597, -218809, 1598
56968, -6595, -218787, 1599
56972, -6594, -218765, 1600
56975, -6592, -218738, 1603
56979, -6591, -218709, 1605
56983, -6589, -218685, 1604
56986, -6588, -218663, 1606
56990, -6586, -218641, 1608
56994, -6585, -218616, 1610
56997, -6584, -218577, 1611
57002, -6582, -218547, 1612
57006, -6581, -218520, 1612
57011, -6580, -218491, 1615
57015, -6578, -218462, 1619
57019, -6576, -218424, 1620
57024, -6575, -218401, 1619
57028, -6573, -218374, 1622
57032, -6571, -218342, 1624
57037, -6569, -218303, 1626
57042, -6568, -218274, 1627
57045, -6566, -218252, 1628
57049, -6565, -218229, 1629
57053, -6564, -218206, 1629
57056, -6563, -218177, 1632
57060, -6561, -218148, 1634
57063, -6560, -218123, 1634
57067, -6559, -218097, 1635
57071, -6557, -218070, 1636
57074, -6556, -218040, 1638
57079, -6555, -218006, 1642
57082, -6553, -217976, 1643
57086, -6551, -217950, 1642
57091, -6550, -217925, 1643
57094, -6549, -217896, 1645
57098, -6547, -217860, 1648
57102, -6546, -217828, 1649
57106, -6545, -217803, 1649
57110, -6543, -217778, 1651
57114, -6542, -217747, 1652
57118, -6540, -217710, 1656
57122, -6539, -217675, 1657
57127, -6537, -217650, 1656
57130, -6536, -217623, 1659
57134, -6534, -217588, 1659
57138, -6533, -217555, 1663
57142, -6531, -217527, 1665
57145, -6530, -217500, 1664
57149, -6528, -217467, 1666
57154, -6527, -217439, 1667
57157, -6525, -217410, 1670
57160, -6524, -217379, 1670
57164, -6523, -217351, 1672
57168, -6521, -217326, 1672
57171, -6520, -217291, 1673
57176, -6519, -217255, 1675
57180, -6518, -217220, 1678
57183, -6516, -217190, 1680
57187, -6515, -217157, 1679
57192, -6513, -217128, 1681
57196, -6511, -217093, 1683
57200, -6510, -217056, 1686
57203, -6509, -217024, 1686
57207, -6507, -216997, 1686
57211, -6506, -216969, 1687
57214, -6504, -216940, 1691
57218, -6503, -216891, 1692
57223, -6502, -216853, 1693
57227, -6500, -216818, 1693
57232, -6499, -216781, 1695
57237, -6497, -216734, 1699
57242, -6495, -216694, 1701
57246, -6494, -216665, 1699
57249, -6493, -216629, 1701
57254, -6491, -216586, 1703
57258, -6489, -216546, 1707
57262, -6488, -216510, 1708
57266, -6486, -216483, 1708
57269, -6485, -216456, 1708
57272, -6483, -216429, 1711
57276, -6482, -216399, 1712
57279, -6481, -216359, 1715
57282, -6480, -216329, 1714
57286, -6478, -216300, 1714
57289, -6477, -216266, 1716
57293, -6476, -216235, 1718
57297, -6475, -216194, 1721
57301, -6473, -216144, 1723
57306, -6471, -216110, 1723
57309, -6470, -216079, 1724
57313, -6469, -216039, 1724
57317, -6467, -215982, 1729
57322, -6466, -215943, 1729
57326, -6464, -215915, 1731
57329, -6463, -215874, 1731
57334, -6461, -215825, 1732
57339, -6460, -215782, 1736
57343, -6458, -215745, 1737
57346, -6457, -215702, 1737
57351, -6455, -215659, 1739
57356, -6453, -215613, 1742
57360, -6452, -215569, 1744
57363, -6450, -215519, 1744
57368, -6449, -215477, 1746
57373, -6447, -215442, 1747
57376, -6446, -215400, 1749
57380, -6444, -215356, 1751
57383, -6443, -215317, 1751
57387, -6442, -215285, 1752
57390, -6440, -215241, 1754
57395, -6439, -215193, 1756
57399, -6437, -215133, 1759
57404, -6436, -215092, 1759
57407, -6434, -215050, 1760
57412, -6432, -215012, 1762
57416, -6431, -214951, 1764
57420, -6429, -214906, 1767
57424, -6428, -214871, 1766
57427, -6427, -214836, 1766
57431, -6425, -214801, 1768
57434, -6424, -214758, 1771
57438, -6423, -214708, 1773
57442, -6421, -214666, 1774
57446, -6420, -214628, 1774
57449, -6418, -214589, 1776
57453, -6417, -214552, 1777
57456, -6416, -214495, 1779
57461, -6414, -214436, 1780
57466, -6413, -214395, 1780
57470, -6412, -214359, 1781
57473, -6411, -214319, 1784
57477, -6409, -214273, 1787
57481, -6407, -214217, 1789
57485, -6406, -214182, 1788
57489, -6404, -214147, 1788
57492, -6403, -214109, 1791
57496, -6402, -214068, 1793
57499, -6400, -214026, 1796
57502, -6399, -213989, 1795
57506, -6398, -213939, 1795
57511, -6396, -213906, 1797
57514, -6395, -213866, 1799
57518, -6394, -213808, 1802
57523, -6392, -213758, 1803
57527, -6391, -213722, 1804
57531, -6389, -213692, 1805
57535, -6387, -213643, 1808
57539, -6386, -213586, 1810
57544, -6384, -213544, 1810
57548, -6383, -213512, 1810
57551, -6382, -213471, 1812
57556, -6380, -213420, 1815
57560, -6379, -213366, 1817
57565, -6377, -213321, 1817
57570, -6376, -213279, 1819
57574, -6374, -213237, 1822
57578, -6372, -213188, 1823
57582, -6371, -213139, 1824
57587, -6369, -213101, 1826
57591, -6367, -213070, 1827
57595, -6366, -213031, 1829
57599, -6364, -212993, 1831
57602, -6363, -212954, 1832
57605, -6361, -212922, 1832
57608, -6360, -212895, 1833
57612, -6359, -212865, 1835
57615, -6358, -212829, 1836
57619, -6356, -212790, 1840
57622, -6355, -212754, 1839
57625, -6354, -212722, 1839
57629, -6353, -212693, 1840
57632, -6352, -212660, 1842
57636, -6351, -212623, 1845
57639, -6349, -212582, 1847
57643, -6348, -212546, 1845
57646, -6347, -212517, 1846
57650, -6345, -212488, 1848
57653, -6344, -212460, 1850
57656, -6343, -212425, 1852
57660, -6342, -212387, 1854
57663, -6340, -212352, 1854
57667, -6339, -212327, 1855
57670, -6338, -212300, 1855
57673, -6337, -212274, 1857
57676, -6336, -212241, 1859
57679, -6334, -212204, 1861
57683, -6333, -212175, 1861
57686, -6332, -212147, 1862
57689, -6331, -212121, 1862
57692, -6330, -212091, 1864
57696, -6328, -212059, 1867
57699, -6327, -212017, 1869
57702, -6326, -211984, 1868
57705, -6324, -211959, 1869
57709, -6323, -211932, 1869
57712, -6322, -211901, 1871
57715, -6322, -211869, 1873
57719, -6320, -211833, 1876
57722, -6319, -211802, 1875
57725, -6317, -211772, 1876
57728, -6316, -211747, 1878
57732, -6315, -211719, 1878
57735, -6314, -211688, 1880
57738, -6313, -211652, 1883
57741, -6311, -211617, 1884
57745, -6310, -211588, 1883
57748, -6309, -211561, 1885
57751, -6308, -211538, 1884
57754, -6307, -211506, 1887
57758, -6306, -211471, 1890
57761, -6304, -211438, 1891
57764, -6303, -211413, 1892
57767, -6301, -211388, 1891
57771, -6300, -211359, 1892
57774, -6300, -211331, 1894
57777, -6298, -211298, 1897
57780, -6297, -211266, 1898
57784, -6296, -211240, 1898
57787, -6294, -211214, 1899
57790, -6293, -211188, 1900
57793, -6292, -211158, 1901
57797, -6291, -211127, 1903
57800, -6290, -211093, 1906
57803, -6288, -211067, 1906
57806, -6287, -211043, 1906
57810, -6286, -211018, 1905
57813, -6285, -210992, 1908
57816, -6285, -210960, 1909
57819, -6284, -210925, 1912
57823, -6282, -210896, 1913
57826, -6280, -210868, 1914
57829, -6279, -210843, 1914
57832, -6278, -210818, 1914
57836, -6277, -210786, 1918
57839, -6276, -210753, 1920
57842, -6274, -210723, 1920
57845, -6273, -210698, 1921
57849, -6271, -210673, 1922
57852, -6271, -210646, 1922
57855, -6270, -210619, 1925
57858, -6268, -210585, 1926
57862, -6267, -210554, 1927
57865, -6266, -210528, 1928
57868, -6265, -210505, 1928
57871, -6264, -210485, 1931
57875, -6263, -210457, 1931
57878, -6261, -210420, 1935
57881, -6260, -210388, 1935
57885, -6258, -210360, 1935
57888, -6257, -210334, 1936
57891, -6256, -210308, 1935
57894, -6256, -210284, 1939
57897, -6254, -210253, 1941
57901, -6253, -210221, 1942
57904, -6252, -210195, 1942
57907, -6250, -210169, 1944
57910, -6249, -210144, 1944
57914, -6248, -210115, 1946
57917, -6247, -210084, 1949
57920, -6245, -210051, 1950
57924, -6244, -210026, 1950
57927, -6242, -210004, 1951
57930, -6241, -209980, 1951
57933, -6241, -209954, 1952
57937, -6240, -209924, 1956
57940, -6238, -209890, 1957
57943, -6237, -209858, 1957
57946, -6236, -209834, 1958
57950, -6235, -209811, 1957
57953, -6234, -209784, 1960
57956, -6233, -209757, 1962
57959, -6231, -209728, 1964
57963, -6230, -209698, 1964
57966, -6229, -209674, 1964
57969, -6228, -209652, 1966
57972, -6227, -209627, 1967
57975, -6225, -209600, 1970
57979, -6224, -209568, 1972
57982, -6222, -209539, 1971
57985, -6221, -209513, 1972
57989, -6220, -209490, 1973
57992, -6219, -209468, 1974
57995, -6218, -209440, 1977
57998, -6217, -209406, 1979
58002, -6215, -209375, 1979
58005, -6214, -209347, 1980
58008, -6213, -209324, 1979
58012, -6212, -209298, 1982
58015, -6211, -209271, 1984
58018, -6210, -209241, 1985
58021, -6208, -209212, 1986
58024, -6207, -209187, 1985
58028, -6206, -209162, 1987
58031, -6205, -209136, 1988
58034, -6204, -209107, 1991
58038, -6203, -209076, 1993
58041, -6201, -209047, 1993
58044, -6200, -209022, 1994
58047, -6198, -209000, 1995
58051, -6198, -208979, 1995
58054, -6197, -208954, 1996
58057, -6196, -208922, 1999
58060, -6194, -208888, 2002
58064, -6193, -208861, 2002
58067, -6191, -208835, 2003
58070, -6190, -208810, 2004
58074, -6188, -208783, 2005
58077, -6187, -208754, 2008
58080, -6186, -208724, 2009
58083, -6185, -208699, 2008
58087, -6184, -208673, 2009
58090, -6183, -208651, 2010
58093, -6182, -208625, 2013
58097, -6180, -208595, 2016
58100, -6179, -208563, 2016
58103, -6177, -208536, 2016
58106, -6176, -208514, 2016
58110, -6175, -208489, 2017
58113, -6175, -208455, 2018
58118, -6173, -208419, 2024
58121, -6172, -208386, 2024
58125, -6170, -208361, 2025
58129, -6168, -208325, 2025
58134, -6167, -208294, 2026
58137, -6166, -208263, 2029
58141, -6165, -208233, 2030
58144, -6164, -208208, 2030
58147, -6162, -208184, 2031
58151, -6161, -208158, 2033
58154, -6160, -208119, 2035
58159, -6158, -208082, 2037
58163, -6157, -208041, 2039
58168, -6155, -208007, 2041
58172, -6153, -207972, 2041
58177, -6151, -207938, 2044
58181, -6150, -207899, 2045
58185, -6148, -207869, 2047
58189, -6147, -207838, 2046
58194, -6146, -207800, 2048
58199, -6144, -207764, 2052
58202, -6142, -207732, 2053
58206, -6142, -207698, 2051
58210, -6140, -207664, 2053
58215, -6138, -207632, 2057
58219, -6137, -207594, 2059
58223, -6136, -207559, 2060
58226, -6134, -207523, 2061
58231, -6132, -207497, 2063
58235, -6130, -207456, 2064
58240, -6129, -207416, 2067
58244, -6127, -207381, 2067
58249, -6126, -207357, 2068
58252, -6124, -207332, 2070
58256, -6123, -207300, 2073
58259, -6121, -207263, 2073
58263, -6120, -207234, 2074
58266, -6119, -207204, 2075
58271, -6118, -207167, 2075
58276, -6116, -207138, 2082
58279, -6114, -207091, 2082
58284, -6112, -207053, 2082
58289, -6111, -207016, 2082
58294, -6109, -206988, 2086
58297, -6108, -206952, 2087
58301, -6106, -206910, 2090
58306, -6105, -206876, 2089
58311, -6103, -206850, 2091
58314, -6102, -206808, 2093
58319, -6100, -206767, 2096
58323, -6099, -206731, 2096
58327, -6097, -206705, 2097
58331, -6096, -206677, 2098
58334, -6094, -206646, 2101
58338, -6092, -206610, 2104
58342, -6091, -206579, 2103
58345, -6089, -206552, 2105
58349, -6088, -206527, 2104
58352, -6087, -206501, 2105
58356, -6086, -206469, 2109
58359, -6085, -206437, 2112
58363, -6083, -206409, 2111
58366, -6082, -206384, 2111
58369, -6080, -206361, 2113
58373, -6080, -206335, 2113
58376, -6079, -206304, 2117
58379, -6077, -206270, 2118
58383, -6076, -206237, 2119
58387, -6074, -206208, 2119
58391, -6073, -206179, 2119
58395, -6072, -206150, 2122
58399, -6071, -206104, 2124
58404, -6070, -206072, 2124
58407, -6069, -206046, 2126
58411, -6067, -206005, 2128
58416, -6065, -205961, 2131
58421, -6063, -205922, 2133
58425, -6062, -205892, 2132
58428, -6060, -205859, 2132
58433, -6059, -205819, 2136
58438, -6057, -205771, 2139
58443, -6056, -205727, 2138
58447, -6054, -205692, 2141
58452, -6052, -205667, 2142
58456, -6051, -205633, 2144
58459, -6049, -205584, 2147
58464, -6047, -205543, 2149
58469, -6046, -205515, 2147
58472, -6044, -205486, 2150
58476, -6043, -205451, 2151
58479, -6041, -205415, 2154
58483, -6040, -205380, 2154
58486, -6039, -205344, 2154
58491, -6038, -205315, 2157
58495, -6036, -205280, 2157
58499, -6035, -205232, 2161
58503, -6034, -205192, 2161
58508, -6032, -205161, 2162
58512, -6031, -205124, 2164
58516, -6029, -205090, 2167
58520, -6027, -205050, 2169
58524, -6026, -205017, 2168
58528, -6024, -204986, 2169
58531, -6023, -204955, 2170
58535, -6022, -204915, 2173
58540, -6020, -204869, 2176
58544, -6019, -204828, 2177
58548, -6017, -204802, 2176
58552, -6015, -204765, 2179
58556, -6014, -204724, 2181
58560, -6012, -204674, 2183
58565, -6011, -204641, 2184
58568, -6009, -204615, 2184
58572, -6008, -204588, 2184
58575, -6007, -204556, 2188
58578, -6005, -204519, 2191
58582, -6004, -204483, 2191
58585, -6003, -204454, 2190
58588, -6001, -204424, 2191
58592, -6001, -204395, 2192
58595, -6000, -204357, 2195
58599, -5999, -204303, 2197
58604, -5997, -204256, 2198
58608, -5996, -204225, 2198
58612, -5994, -204192, 2200
58616, -5992, -204160, 2203
58619, -5991, -204122, 2204
58622, -5990, -204089, 2205
58625, -5988, -204059, 2205
58629, -5987, -204029, 2207
58632, -5986, -204001, 2206
58635, -5985, -203965, 2209
58639, -5984, -203925, 2211
58642, -5983, -203892, 2211
58645, -5982, -203863, 2211
58649, -5980, -203834, 2214
58652, -5979, -203805, 2214
58655, -5978, -203771, 2217
58659, -5976, -203732, 2220
58662, -5975, -203697, 2218
58665, -5974, -203666, 2220
58668, -5972, -203637, 2221
58672, -5972, -203606, 2221
58675, -5971, -203575, 2224
58678, -5969, -203534, 2226
58681, -5968, -203496, 2226
58684, -5967, -203464, 2226
58688, -5966, -203435, 2228
58691, -5965, -203403, 2228
58694, -5964, -203373, 2230
58698, -5962, -203333, 2234
58701, -5961, -203293, 2234
58704, -5960, -203257, 2232
58707, -5959, -203228, 2235
58711, -5957, -203192, 2236
58715, -5957, -203141, 2238
58719, -5955, -203085, 2240
58724, -5954, -203046, 2241
58728, -5952, -203008, 2243
58732, -5950, -202964, 2244
58736, -5949, -202908, 2247
58741, -5947, -202863, 2249
58744, -5945, -202827, 2248
58748, -5944, -202784, 2248
58752, -5943, -202734, 2252
58757, -5941, -202686, 2255
58761, -5940, -202639, 2256
58765, -5939, -202594, 2254
58770, -5937, -202547, 2256
58774, -5936, -202508, 2259
58778, -5934, -202458, 2263
58782, -5933, -202412, 2263
58786, -5931, -202372, 2263
58789, -5929, -202332, 2264
58793, -5928, -202295, 2267
58796, -5926, -202254, 2269
58799, -5925, -202208, 2269
58803, -5924, -202170, 2270
58806, -5923, -202136, 2270
58809, -5922, -202102, 2272
58813, -5921, -202066, 2272
58817, -5920, -202016, 2276
58820, -5918, -201965, 2277
58824, -5917, -201928, 2278
58827, -5915, -201895, 2278
58830, -5914, -201859, 2279
58833, -5913, -201819, 2281
58837, -5912, -201775, 2284
58840, -5910, -201724, 2284
58843, -5909, -201684, 2285
58846, -5908, -201649, 2285
58850, -5907, -201617, 2287
58853, -5906, -201574, 2288
58857, -5904, -201523, 2291
58860, -5903, -201456, 2293
58865, -5901, -201397, 2292
58870, -5900, -201362, 2292
58873, -5899, -201318, 2294
58877, -5898, -201240, 2299
58882, -5896, -201184, 2299
58886, -5895, -201144, 2300
58889, -5893, -201100, 2300
58893, -5892, -201043, 2302
58898, -5890, -200975, 2307
58902, -5889, -200928, 2305
58905, -5887, -200885, 2308
58909, -5886, -200841, 2307
58913, -5884, -200794, 2309
58917, -5884, -200736, 2311
58920, -5882, -200670, 2315
58924, -5880, -200623, 2314
58928, -5879, -200580, 2315
58932, -5877, -200536, 2317
58935, -5876, -200475, 2319
58939, -5874, -200408, 2321
58943, -5873, -200360, 2321
58947, -5872, -200314, 2322
58950, -5870, -200254, 2323
58955, -5869, -200179, 2325
58960, -5868, -200112, 2329
58964, -5866, -200058, 2328
58967, -5865, -200004, 2329
58972, -5863, -199941, 2331
58976, -5862, -199865, 2333
58981, -5860, -199785, 2336
58986, -5859, -199716, 2336
58990, -5857, -199662, 2336
58994, -5855, -199610, 2340
58998, -5853, -199526, 2343
59002, -5852, -199448, 2342
59007, -5851, -199394, 2343
59011, -5849, -199347, 2345
59014, -5848, -199294, 2347
59018, -5846, -199228, 2350
59021, -5844, -199164, 2352
59025, -5842, -199114, 2352
59028, -5841, -199067, 2351
59031, -5840, -199014, 2353
59035, -5839, -198954, 2356
59039, -5838, -198879, 2356
59043, -5837, -198815, 2358
59046, -5835, -198762, 2358
59050, -5834, -198703, 2359
59053, -5833, -198648, 2361
59057, -5832, -198576, 2364
59060, -5830, -198510, 2366
59064, -5828, -198450, 2366
59068, -5827, -198391, 2366
59071, -5826, -198316, 2367
59076, -5825, -198224, 2369
59081, -5823, -198136, 2373
59086, -5822, -198083, 2373
59089, -5820, -198031, 2374
59093, -5819, -197958, 2376
59097, -5817, -197871, 2379
59102, -5815, -197791, 2381
59107, -5814, -197738, 2380
59110, -5812, -197670, 2381
59115, -5811, -197590, 2384
59120, -5809, -197505, 2388
59124, -5808, -197452, 2387
59128, -5806, -197405, 2387
59131, -5805, -197357, 2389
59134, -5803, -197308, 2391
59137, -5802, -197247, 2393
59141, -5801, -197191, 2395
59144, -5799, -197136, 2395
59148, -5798, -197075, 2396
59153, -5796, -197023, 2397
59156, -5795, -196970, 2399
59160, -5794, -196912, 2402
59163, -5793, -196842, 2401
59168, -5791, -196797, 2402
59171, -5790, -196752, 2405
59175, -5789, -196701, 2405
59179, -5787, -196624, 2409
59184, -5786, -196560, 2409
59188, -5784, -196505, 2411
59193, -5782, -196460, 2412
59197, -5781, -196382, 2414
59202, -5779, -196322, 2417
59205, -5777, -196270, 2417
59210, -5776, -196210, 2418
59215, -5774, -196139, 2420
59220, -5773, -196070, 2423
59224, -5771, -196023, 2424
59228, -5770, -195971, 2425
59233, -5768, -195925, 2428
59237, -5766, -195875, 2429
59240, -5764, -195826, 2431
59243, -5763, -195777, 2430
59247, -5762, -195742, 2431
59252, -5761, -195681, 2434
59256, -5759, -195633, 2435
59260, -5758, -195581, 2438
59264, -5756, -195530, 2438
59268, -5755, -195483, 2440
59272, -5753, -195442, 2441
59276, -5751, -195395, 2444
59280, -5750, -195341, 2446
59284, -5748, -195293, 2446
59288, -5747, -195252, 2446
59292, -5746, -195213, 2447
59296, -5745, -195168, 2450
59299, -5743, -195107, 2453
59304, -5742, -195065, 2454
59308, -5740, -195019, 2453
59313, -5738, -194983, 2456
59316, -5737, -194929, 2458
59321, -5735, -194882, 2461
59325, -5734, -194831, 2460
59329, -5732, -194795, 2462
59333, -5730, -194743, 2465
59338, -5729, -194683, 2467
59343, -5727, -194637, 2467
59347, -5726, -194606, 2469
59351, -5724, -194573, 2469
59355, -5723, -194532, 2472
59358, -5721, -194486, 2474
59362, -5720, -194449, 2474
59365, -5719, -194417, 2474
59369, -5718, -194386, 2476
59372, -5716, -194351, 2478
59377, -5715, -194306, 2480
59380, -5713, -194265, 2483
59383, -5712, -194229, 2482
59387, -5711, -194190, 2482
59392, -5709, -194159, 2485
59395, -5708, -194114, 2487
59400, -5706, -194068, 2490
59404, -5705, -194021, 2490
59409, -5703, -193991, 2490
59412, -5702, -193950, 2493
59417, -5700, -193903, 2494
59421, -5699, -193865, 2497
59425, -5698, -193836, 2496
59428, -5696, -193801, 2498
59433, -5695, -193758, 2500
59437, -5693, -193709, 2502
59442, -5691, -193672, 2505
59446, -5690, -193644, 2505
59449, -5688, -193618, 2506
59452, -5687, -193591, 2506
59455, -5686, -193560, 2508
59459, -5684, -193518, 2511
59463, -5683, -193482, 2512
59466, -5682, -193447, 2511
59471, -5681, -193417, 2513
59474, -5679, -193387, 2515
59478, -5678, -193338, 2518
59483, -5676, -193295, 2519
59487, -5675, -193268, 2519
59491, -5673, -193239, 2520
59494, -5672, -193199, 2521
59499, -5671, -193152, 2526
59504, -5669, -193123, 2526
59507, -5668, -193098, 2527
59511, -5666, -193065, 2528
59515, -5664, -193021, 2529
59520, -5663, -192981, 2533
59524, -5661, -192946, 2534
59528, -5660, -192916, 2534
59532, -5658, -192883, 2537
59536, -5656, -192849, 2539
59540, -5654, -192812, 2542
59544, -5653, -192782, 2541
59548, -5651, -192748, 2542
59553, -5650, -192720, 2543
59556, -5649, -192689, 2546
59559, -5648, -192656, 2548
59563, -5646, -192630, 2548
59566, -5645, -192603, 2548
59570, -5644, -192578, 2550
59574, -5643, -192553, 2551
59577, -5641, -192523, 2554
59580, -5640, -192489, 2555
59584, -5638, -192458, 2556
59588, -5637, -192431, 2555
59591, -5636, -192407, 2557
59594, -5635, -192381, 2559
59598, -5634, -192349, 2563
59601, -5632, -192310, 2563
59606, -5631, -192284, 2563
59610, -5629, -192252, 2565
59615, -5627, -192213, 2568
59620, -5626, -192170, 2571
59625, -5624, -192139, 2571
59629, -5622, -192107, 2571
59633, -5621, -192074, 2573
59638, -5619, -192035, 2576
59642, -5618, -192000, 2578
59647, -5616, -191974, 2579
59651, -5615, -191942, 2579
59655, -5613, -191912, 2582
59660, -5611, -191868, 2585
59665, -5610, -191841, 2585
59668, -5608, -191821, 2586
59671, -5607, -191799, 2587
59675, -5605, -191775, 2589
59678, -5604, -191744, 2591
59681, -5603, -191715, 2592
59685, -5601, -191679, 2592
59690, -5600, -191654, 2593
59694, -5599, -191630, 2595
59697, -5598, -191602, 2597
59701, -5596, -191573, 2601
59704, -5594, -191548, 2600
59708, -5593, -191525, 2600
59712, -5592, -191503, 2601
59715, -5590, -191477, 2605
59719, -5589, -191445, 2607
59723, -5587, -191415, 2608
59727, -5586, -191384, 2608
59731, -5584, -191354, 2609
59736, -5583, -191318, 2613
59741, -5581, -191288, 2616
59745, -5579, -191256, 2615
59750, -5578, -191225, 2615
59755, -5576, -191194, 2620
59759, -5574, -191156, 2621
59764, -5573, -191124, 2622
59768, -5571, -191098, 2623
59773, -5569, -191074, 2625
59776, -5568, -191047, 2627
59780, -5566, -191017, 2629
59784, -5565, -190995, 2629
59787, -5564, -190972, 2629
59791, -5562, -190953, 2632
59794, -5561, -190930, 2633
59798, -5560, -190894, 2636
59802, -5558, -190860, 2636
59807, -5557, -190839, 2636
59810, -5556, -190818, 2638
59814, -5554, -190787, 2641
59819, -5553, -190752, 2643
59823, -5551, -190726, 2644
59827, -5550, -190697, 2644
59832, -5548, -190672, 2645
59835, -5547, -190647, 2649
59839, -5545, -190617, 2651
59843, -5544, -190585, 2651
59848, -5542, -190565, 2652
59851, -5540, -190542, 2653
59855, -5539, -190519, 2655
59859, -5538, -190480, 2658
59864, -5536, -190454, 2658
59868, -5535, -190435, 2659
59871, -5534, -190414, 2660
59875, -5532, -190390, 2662
59879, -5531, -190360, 2665
59882, -5529, -190334, 2665
59886, -5528, -190311, 2667
59889, -5527, -190292, 2666
59893, -5525, -190271, 2668
59896, -5524, -190250, 2671
59899, -5523, -190224, 2673
59903, -5522, -190202, 2672
59906, -5520, -190181, 2674
59910, -5519, -190162, 2674
59913, -5518, -190142, 2675
59916, -5517, -190118, 2678
59920, -5515, -190093, 2681
59924, -5514, -190066, 2682
59927, -5512, -190049, 2681
59930, -5511, -190033, 2682
59934, -5510, -190015, 2683
59937, -5509, -189992, 2686
59940, -5508, -189968, 2688
59943, -5506, -189946, 2689
59947, -5505, -189925, 2689
59951, -5503, -189897, 2690
59956, -5502, -189873, 2692
59959, -5501, -189843, 2695
59963, -5499, -189820, 2696
59967, -5498, -189794, 2696
59971, -5496, -189775, 2699
59975, -5494, -189749, 2700
59979, -5493, -189721, 2702
59983, -5492, -189690, 2702
59988, -5490, -189666, 2704
59992, -5489, -189637, 2704
59997, -5488, -189611, 2708
60000, -5486, -189587, 2709
60004, -5484, -189564, 2711
60007, -5483, -189544, 2710
60011, -5481, -189525, 2713
60014, -5480, -189505, 2713
60018, -5479, -189470, 2715
60022, -5478, -189445, 2717
60026, -5477, -189427, 2717
60030, -5475, -189400, 2720
60034, -5473, -189367, 2722
60039, -5472, -189339, 2724
60043, -5470, -189313, 2725
60047, -5468, -189290, 2725
60051, -5467, -189272, 2728
60054, -5465, -189252, 2729
60058, -5464, -189226, 2730
60061, -5463, -189203, 2733
60065, -5461, -189174, 2733
60069, -5460, -189147, 2733
60074, -5459, -189126, 2735
60078, -5457, -189092, 2739
60082, -5456, -189059, 2740
60087, -5454, -189036, 2740
60091, -5452, -189008, 2742
60096, -5451, -188977, 2743
60101, -5449, -188942, 2748
60106, -5447, -188923, 2749
60109, -5446, -188903, 2747
60113, -5444, -188880, 2749
60116, -5443, -188857, 2752
60120, -5441, -188832, 2754
60123, -5440, -188809, 2756
60126, -5439, -188789, 2753
60130, -5438, -188763, 2755
60135, -5436, -188739, 2758
60139, -5435, -188710, 2761
60143, -5434, -188685, 2762
60146, -5432, -188659, 2762
60151, -5430, -188637, 2764
60155, -5429, -188612, 2766
60159, -5427, -188584, 2769
60162, -5426, -188560, 2769
60165, -5424, -188535, 2770
60170, -5422, -188509, 2772
60175, -5421, -188478, 2774
60180, -5419, -188444, 2776
60185, -5418, -188422, 2777
60188, -5416, -188398, 2778
60192, -5415, -188372, 2779
60197, -5413, -188337, 2781
60202, -5412, -188303, 2783
60207, -5410, -188280, 2785
60211, -5409, -188251, 2786
60215, -5407, -188227, 2789
60219, -5405, -188199, 2792
60223, -5403, -188178, 2791
60226, -5402, -188159, 2791
60229, -5400, -188138, 2793
60233, -5399, -188115, 2796
60237, -5398, -188091, 2796
60240, -5397, -188067, 2798
60243, -5395, -188045, 2799
60247, -5394, -188023, 2798
60251, -5393, -188001, 2802
60255, -5392, -187976, 2802
60259, -5390, -187948, 2805
60262, -5389, -187921, 2807
60267, -5387, -187894, 2806
60271, -5386, -187872, 2808
60275, -5384, -187839, 2811
60280, -5382, -187812, 2814
60283, -5381, -187789, 2813
60287, -5380, -187770, 2813
60293, -5378, -187739, 2816
60296, -5377, -187713, 2819
60300, -5375, -187677, 2822
60305, -5373, -187653, 2821
60309, -5372, -187621, 2822
60314, -5370, -187586, 2825
60319, -5368, -187552, 2829
60324, -5367, -187522, 2828
60329, -5365, -187501, 2829
60332, -5363, -187483, 2830
60335, -5362, -187459, 2833
60339, -5361, -187431, 2833
60342, -5360, -187407, 2834
60346, -5358, -187386, 2836
60349, -5357, -187357, 2837
60354, -5356, -187329, 2838
60358, -5354, -187298, 2841
60362, -5353, -187267, 2843
60367, -5351, -187238, 2843
60371, -5349, -187215, 2846
60376, -5348, -187188, 2847
60379, -5346, -187152, 2849
60384, -5345, -187123, 2850
60388, -5343, -187100, 2850
60393, -5342, -187076, 2852
60396, -5340, -187049, 2855
60400, -5339, -187020, 2858
60404, -5337, -186994, 2859
60408, -5335, -186972, 2859
60412, -5333, -186949, 2861
60415, -5332, -186923, 2861
60419, -5331, -186894, 2863
60422, -5330, -186870, 2865
60426, -5329, -186849, 2865
60429, -5328, -186827, 2866
60433, -5326, -186795, 2868
60438, -5325, -186768, 2871
60441, -5323, -186743, 2873
60444, -5322, -186720, 2872
60448, -5320, -186700, 2874
60451, -5319, -186677, 2873
60455, -5318, -186655, 2876
60458, -5317, -186628, 2878
60461, -5316, -186601, 2879
60465, -5314, -186569, 2881
60470, -5313, -186547, 2881
60473, -5311, -186524, 2882
60477, -5310, -186495, 2885
60480, -5308, -186453, 2887
60485, -5307, -186428, 2888
60489, -5306, -186405, 2888
60493, -5304, -186380, 2889
60497, -5303, -186350, 2892
60500, -5301, -186320, 2895
60504, -5300, -186292, 2895
60508, -5298, -186264, 2895
60512, -5297, -186235, 2897
60516, -5295, -186210, 2900
60520, -5294, -186173, 2903
60525, -5292, -186140, 2903
60530, -5291, -186110, 2902
60534, -5289, -186085, 2905
60538, -5287, -186052, 2909
60541, -5286, -186020, 2910
60545, -5284, -185995, 2910
60549, -5282, -185973, 2912
60552, -5281, -185952, 2911
60556, -5280, -185927, 2914
60559, -5279, -185895, 2915
60562, -5278, -185870, 2918
60566, -5277, -185846, 2916
60569, -5275, -185823, 2919
60573, -5274, -185800, 2919
60576, -5273, -185770, 2922
60580, -5272, -185733, 2924
60584, -5270, -185697, 2924
60588, -5269, -185672, 2925
60593, -5267, -185638, 2927
60597, -5265, -185606, 2931
60601, -5264, -185566, 2931
60605, -5262, -185535, 2932
60609, -5261, -185504, 2933
60614, -5259, -185473, 2935
60618, -5258, -185428, 2939
60623, -5256, -185396, 2939
60627, -5255, -185366, 2939
60631, -5253, -185343, 2942
60635, -5251, -185316, 2942
60638, -5250, -185270, 2946
60643, -5249, -185241, 2946
60646, -5247, -185216, 2947
60650, -5246, -185190, 2948
60653, -5244, -185166, 2949
60656, -5243, -185138, 2951
60660, -5242, -185105, 2953
60663, -5240, -185078, 2955
60666, -5239, -185053, 2955
60670, -5238, -185029, 2954
60673, -5237, -185002, 2956
60676, -5236, -184972, 2960
60680, -5234, -184940, 2961
60683, -5233, -184904, 2961
60688, -5232, -184876, 2961
60691, -5230, -184848, 2963
60695, -5229, -184817, 2965
60698, -5228, -184772, 2968
60703, -5226, -184730, 2969
60708, -5225, -184703, 2968
60711, -5224, -184667, 2970
60716, -5222, -184623, 2972
60721, -5221, -184585, 2976
60725, -5219, -184553, 2976
60728, -5218, -184522, 2976
60732, -5216, -184481, 2979
60737, -5214, -184436, 2982
60741, -5212, -184392, 2983
60746, -5211, -184352, 2983
60751, -5209, -184313, 2985
60756, -5207, -184276, 2988
60759, -5206, -184224, 2989
60764, -5204, -184183, 2991
60769, -5203, -184142, 2990
60774, -5201, -184110, 2994
60778, -5199, -184074, 2997
60781, -5198, -184032, 2997
60785, -5196, -183999, 2999
60789, -5195, -183971, 2998
60792, -5193, -183943, 3000
60795, -5192, -183895, 3002
60800, -5191, -183843, 3006
60805, -5190, -183806, 3004
60809, -5188, -183766, 3006
60813, -5186, -183725, 3008
60818, -5185, -183672, 3010
60822, -5183, -183634, 3013
60826, -5182, -183590, 3013
60831, -5180, -183545, 3015
60836, -5178, -183505, 3017
60839, -5176, -183453, 3019
60844, -5175, -183406, 3020
60849, -5173, -183365, 3021
60854, -5171, -183326, 3024
60858, -5170, -183268, 3026
60862, -5168, -183218, 3027
60867, -5167, -183185, 3027
60870, -5165, -183150, 3029
60874, -5164, -183102, 3030
60879, -5162, -183037, 3035
60884, -5161, -182997, 3034
60887, -5159, -182963, 3035
60891, -5157, -182931, 3037
60894, -5156, -182893, 3037
60897, -5155, -182851, 3041
60901, -5153, -182808, 3042
60904, -5152, -182765, 3040
60908, -5151, -182726, 3041
60912, -5150, -182681, 3045
60917, -5149, -182635, 3047
60920, -5148, -182585, 3047
60924, -5146, -182544, 3048
60928, -5144, -182497, 3050
60933, -5143, -182458, 3052
60936, -5142, -182417, 3053
60939, -5140, -182368, 3055
60943, -5139, -182312, 3055
60948, -5137, -182261, 3056
60952, -5136, -182210, 3059
60957, -5134, -182147, 3061
60962, -5133, -182097, 3063
60965, -5131, -182058, 3063
60969, -5129, -182018, 3066
60972, -5128, -181982, 3066
60975, -5127, -181944, 3067
60978, -5125, -181897, 3070
60982, -5124, -181852, 3070
60985, -5123, -181814, 3071
60988, -5122, -181778, 3072
60992, -5121, -181742, 3072
60995, -5120, -181700, 3074
60998, -5118, -181652, 3077
61002, -5117, -181608, 3078
61005, -5116, -181567, 3077
61008, -5115, -181531, 3079
61012, -5114, -181495, 3079
61015, -5113, -181456, 3082
61018, -5111, -181413, 3085
61022, -5110, -181371, 3085
61025, -5109, -181333, 3084
61028, -5107, -181297, 3085
61031, -5106, -181263, 3087
61035, -5105, -181225, 3090
61038, -5104, -181179, 3092
61041, -5102, -181130, 3093
61045, -5100, -181083, 3094
61049, -5099, -181038, 3094
61054, -5098, -180995, 3097
61058, -5096, -180942, 3099
61062, -5095, -180898, 3100
61065, -5094, -180859, 3100
61069, -5092, -180823, 3101
61073, -5091, -180782, 3102
61076, -5090, -180740, 3105
61080, -5089, -180691, 3107
61083, -5087, -180651, 3107
61087, -5086, -180616, 3109
61091, -5084, -180571, 3110
61095, -5083, -180515, 3111
61100, -5082, -180453, 3113
61105, -5080, -180413, 3116
61108, -5078, -180381, 3117
61112, -5077, -180347, 3116
61115, -5076, -180310, 3118
61119, -5074, -180267, 3123
61122, -5073, -180228, 3121
61125, -5072, -180193, 3121
61129, -5071, -180150, 3122
61133, -5069, -180104, 3124
61138, -5068, -180060, 3128
61142, -5067, -180019, 3130
61145, -5065, -179985, 3130
61148, -5063, -179955, 3129
61152, -5062, -179911, 3131
61156, -5061, -179873, 3134
61159, -5060, -179816, 3136
61164, -5059, -179772, 3135
61169, -5057, -179740, 3136
61172, -5056, -179704, 3138
61176, -5055, -179650, 3140
61181, -5053, -179595, 3144
61185, -5051, -179563, 3143
61189, -5050, -179532, 3144
61192, -5048, -179490, 3146
61197, -5046, -179434, 3150
61202, -5045, -179381, 3150
61207, -5044, -179338, 3150
61212, -5042, -179295, 3153
61217, -5040, -179254, 3157
61220, -5038, -179212, 3158
61223, -5036, -179178, 3160
61227, -5034, -179145, 3158
61231, -5033, -179111, 3159
61235, -5032, -179078, 3162
61238, -5031, -179034, 3165
61242, -5030, -178995, 3165
61246, -5028, -178953, 3166
61250, -5027, -178909, 3167
61255, -5025, -178873, 3170
61259, -5024, -178820, 3172
61264, -5022, -178781, 3172
61268, -5021, -178741, 3173
61272, -5019, -178700, 3175
61277, -5018, -178649, 3177
61282, -5016, -178597, 3181
61286, -5014, -178564, 3180
61290, -5013, -178525, 3182
61295, -5011, -178479, 3184
61299, -5009, -178428, 3187
61304, -5007, -178390, 3188
61308, -5006, -178351, 3188
61313, -5004, -178322, 3190
61316, -5003, -178286, 3192
61320, -5001, -178247, 3194
61324, -5000, -178204, 3194
61328, -4999, -178172, 3194
61332, -4997, -178142, 3197
61335, -4996, -178109, 3199
61339, -4994, -178069, 3203
61342, -4993, -178035, 3202
61346, -4991, -178005, 3203
61349, -4989, -177972, 3205
61354, -4988, -177936, 3205
61358, -4987, -177896, 3208
61361, -4985, -177849, 3210
61366, -4984, -177814, 3210
61370, -4983, -177782, 3211
61374, -4982, -177749, 3211
61378, -4980, -177699, 3215
61383, -4979, -177655, 3216
61387, -4978, -177620, 3217
61391, -4976, -177586, 3219
61395, -4974, -177556, 3221
61399, -4972, -177522, 3224
61402, -4971, -177488, 3223
61406, -4969, -177458, 3224
61409, -4968, -177428, 3225
61413, -4967, -177400, 3227
61417, -4966, -177365, 3229
61420, -4964, -177328, 3231
61424, -4963, -177299, 3232
61427, -4961, -177272, 3233
61430, -4960, -177246, 3234
61433, -4959, -177220, 3234
61437, -4958, -177189, 3237
61440, -4956, -177154, 3238
61443, -4955, -177123, 3238
61446, -4954, -177097, 3239
61450, -4953, -177069, 3241
61454, -4952, -177038, 3243
61457, -4951, -177006, 3244
61460, -4949, -176970, 3247
61464, -4947, -176929, 3246
61469, -4946, -176895, 3247
61473, -4945, -176866, 3250
61477, -4943, -176827, 3251
61481, -4942, -176777, 3253
61486, -4940, -176742, 3255
61490, -4939, -176715, 3255
61494, -4938, -176685, 3256
61497, -4936, -176638, 3260
61502, -4934, -176601, 3262
61506, -4933, -176571, 3262
61510, -4931, -176541, 3264
61514, -4929, -176501, 3263
61519, -4928, -176462, 3268
61522, -4927, -176431, 3268
61525, -4925, -176399, 3269
61530, -4924, -176362, 3270
61534, -4922, -176332, 3271
61538, -4921, -176295, 3273
61541, -4920, -176261, 3275
61545, -4919, -176224, 3276
61550, -4917, -176195, 3277
61553, -4916, -176166, 3278
61557, -4914, -176133, 3281
61560, -4913, -176101, 3283
61564, -4911, -176071, 3284
61567, -4910, -176044, 3284
61571, -4908, -176020, 3286
61574, -4907, -175990, 3287
61577, -4906, -175946, 3289
61582, -4905, -175912, 3289
61585, -4903, -175879, 3291
61590, -4902, -175851, 3292
61594, -4901, -175809, 3293
61599, -4899, -175774, 3298
61602, -4897, -175733, 3298
61607, -4896, -175698, 3298
61611, -4894, -175668, 3300
61615, -4893, -175637, 3301
61618, -4891, -175591, 3305
61623, -4890, -175551, 3306
61628, -4888, -175516, 3307
61632, -4886, -175478, 3307
61637, -4884, -175437, 3311
61641, -4883, -175395, 3313
61646, -4882, -175367, 3312
61649, -4880, -175333, 3314
61654, -4878, -175300, 3316
61658, -4877, -175254, 3318
61663, -4875, -175221, 3321
61666, -4874, -175194, 3321
61670, -4872, -175165, 3322
61674, -4870, -175134, 3324
61678, -4869, -175095, 3326
61681, -4868, -175053, 3327
61686, -4866, -175024, 3327
61690, -4865, -174997, 3330
61693, -4863, -174964, 3331
61697, -4862, -174920, 3333
61702, -4860, -174886, 3335
61706, -4859, -174859, 3334
61709, -4858, -174828, 3336
61713, -4857, -174790, 3337
61718, -4855, -174740, 3341
61723, -4854, -174696, 3342
61728, -4852, -174669, 3344
61732, -4850, -174632, 3345
61736, -4848, -174597, 3346
61740, -4846, -174562, 3350
61744, -4845, -174524, 3348
61748, -4843, -174491, 3352
61753, -4842, -174460, 3353
61757, -4840, -174426, 3354
61760, -4839, -174382, 3356
61765, -4837, -174347, 3357
61769, -4836, -174315, 3359
61773, -4834, -174287, 3360
61777, -4833, -174253, 3362
61781, -4831, -174217, 3364
61784, -4830, -174186, 3364
61788, -4829, -174161, 3364
61791, -4827, -174135, 3367
61794, -4826, -174093, 3368
61799, -4825, -174046, 3370
61804, -4823, -174013, 3372
61808, -4822, -173987, 3372
61811, -4820, -173949, 3374
61816, -4819, -173906, 3376
61821, -4817, -173870, 3380
61824, -4815, -173837, 3379
61829, -4814, -173808, 3380
61833, -4812, -173769, 3381
61837, -4811, -173733, 3385
61841, -4810, -173690, 3385
61846, -4808, -173657, 3386
61850, -4807, -173622, 3388
61855, -4805, -173591, 3390
61858, -4803, -173545, 3392
61863, -4802, -173504, 3394
61868, -4800, -173472, 3395
61872, -4798, -173437, 3396
61876, -4796, -173398, 3400
61881, -4794, -173350, 3401
61886, -4793, -173319, 3402
61890, -4791, -173292, 3402
61893, -4790, -173262, 3404
61897, -4788, -173230, 3407
61900, -4787, -173195, 3409
61903, -4786, -173165, 3408
61907, -4784, -173137, 3409
61910, -4783, -173102, 3409
61915, -4782, -173060, 3412
61919, -4781, -173021, 3415
61923, -4780, -172988, 3415
61927, -4778, -172949, 3417
61932, -4776, -172918, 3417
61936, -4775, -172888, 3419
61939, -4774, -172852, 3422
61943, -4772, -172809, 3424
61947, -4771, -172775, 3423
61952, -4769, -172748, 3426
61955, -4767, -172716, 3427
61959, -4766, -172679, 3430
61962, -4764, -172637, 3430
61967, -4763, -172596, 3430
61972, -4761, -172561, 3434
61976, -4760, -172516, 3435
61981, -4759, -172477, 3436
61984, -4757, -172437, 3437
61989, -4755, -172405, 3439
61993, -4754, -172365, 3440
61998, -4753, -172329, 3443
62001, -4751, -172293, 3445
62005, -4749, -172262, 3444
62008, -4748, -172236, 3446
62011, -4747, -172209, 3446
62015, -4746, -172174, 3448
62019, -4745, -172134, 3451
62022, -4743, -172098, 3452
62026, -4741, -172065, 3454
62030, -4740, -172037, 3453
62033, -4739, -171996, 3455
62038, -4737, -171960, 3458
62041, -4736, -171926, 3460
62045, -4735, -171891, 3459
62048, -4733, -171861, 3460
62052, -4732, -171832, 3461
62055, -4731, -171797, 3463
62059, -4730, -171748, 3467
62063, -4728, -171716, 3467
62067, -4727, -171690, 3466
62070, -4725, -171664, 3469
62073, -4724, -171634, 3468
62076, -4723, -171597, 3472
62080, -4722, -171558, 3474
62084, -4720, -171523, 3474
62087, -4719, -171492, 3474
62091, -4718, -171461, 3476
62095, -4717, -171427, 3476
62098, -4716, -171391, 3479
62101, -4714, -171354, 3481
62105, -4713, -171324, 3481
62108, -4712, -171296, 3481
62111, -4711, -171265, 3483
62115, -4709, -171234, 3485
62118, -4708, -171197, 3487
62121, -4707, -171161, 3489
62125, -4705, -171129, 3488
62128, -4704, -171101, 3490
62131, -4703, -171073, 3490
62134, -4702, -171027, 3492
62139, -4700, -170980, 3496
62143, -4699, -170944, 3495
62146, -4698, -170903, 3495
62151, -4696, -170860, 3499
62156, -4695, -170825, 3499
62159, -4693, -170765, 3503
62164, -4692, -170723, 3503
62168, -4690, -170681, 3504
62173, -4689, -170648, 3506
62177, -4687, -170593, 3508
62181, -4685, -170551, 3511
62185, -4684, -170506, 3511
62190, -4682, -170462, 3511
62194, -4681, -170414, 3513
62199, -4679, -170355, 3516
62204, -4678, -170319, 3517
62207, -4677, -170287, 3518
62211, -4675, -170253, 3519
62214, -4673, -170215, 3521
62218, -4672, -170172, 3523
62222, -4671, -170129, 3523
62225, -4669, -170090, 3525
62229, -4668, -170052, 3525
62233, -4667, -170004, 3528
62238, -4665, -169958, 3531
62242, -4664, -169903, 3531
62246, -4662, -169854, 3532
62251, -4660, -169819, 3534
62254, -4659, -169771, 3536
62259, -4657, -169710, 3540
62264, -4656, -169659, 3538
62269, -4654, -169614, 3540
62273, -4652, -169564, 3542
62278, -4651, -169500, 3545
62283, -4649, -169454, 3548
62286, -4647, -169416, 3546
62290, -4646, -169370, 3548
62295, -4644, -169315, 3549
62300, -4643, -169265, 3554
62303, -4641, -169221, 3554
62307, -4640, -169167, 3553
62312, -4638, -169119, 3556
62317, -4636, -169071, 3559
62320, -4635, -169019, 3561
62323, -4633, -168979, 3562
62327, -4632, -168940, 3562
62331, -4630, -168902, 3563
62334, -4629, -168863, 3565
62338, -4628, -168818, 3567
62341, -4627, -168762, 3568
62345, -4625, -168708, 3569
62350, -4624, -168660, 3571
62354, -4622, -168615, 3571
62358, -4621, -168545, 3576
62363, -4619, -168499, 3576
62366, -4618, -168447, 3576
62371, -4616, -168406, 3578
62375, -4614, -168347, 3580
62379, -4613, -168290, 3583
62383, -4612, -168227, 3581
62388, -4610, -168185, 3585
62391, -4609, -168130, 3586
62396, -4607, -168060, 3588
62401, -4605, -167991, 3591
62406, -4603, -167932, 3591
62410, -4602, -167891, 3592
62414, -4600, -167839, 3595
62418, -4598, -167779, 3597
62421, -4597, -167726, 3598
62425, -4596, -167679, 3598
62429, -4594, -167638, 3598
62432, -4593, -167593, 3601
62436, -4592, -167544, 3604
62439, -4590, -167486, 3606
62443, -4589, -167437, 3604
62446, -4588, -167395, 3605
62449, -4587, -167356, 3606
62453, -4586, -167311, 3607
62457, -4585, -167251, 3611
62460, -4583, -167186, 3613
62464, -4582, -167120, 3613
62469, -4580, -167073, 3614
62473, -4578, -167024, 3616
62476, -4577, -166968, 3618
62480, -4576, -166908, 3619
62483, -4574, -166858, 3620
62486, -4573, -166816, 3619
62490, -4572, -166774, 3621
62493, -4571, -166730, 3622
62496, -4570, -166676, 3625
62500, -4569, -166618, 3627
62503, -4567, -166565, 3627
62506, -4566, -166518, 3627
62509, -4565, -166474, 3629
62512, -4563, -166431, 3631
62516, -4562, -166378, 3632
62519, -4561, -166316, 3634
62522, -4560, -166261, 3633
62525, -4559, -166215, 3635
62529, -4557, -166169, 3637
62532, -4556, -166123, 3637
62535, -4555, -166071, 3639
62538, -4554, -166009, 3640
62541, -4553, -165953, 3641
62545, -4552, -165902, 3641
62548, -4551, -165851, 3643
62552, -4550, -165803, 3642
62555, -4549, -165741, 3647
62559, -4547, -165651, 3651
62564, -4545, -165582, 3650
62568, -4544, -165527, 3650
62572, -4542, -165479, 3651
62575, -4541, -165402, 3653
62580, -4539, -165326, 3657
62584, -4538, -165267, 3658
62587, -4537, -165219, 3656
62591, -4535, -165165, 3658
62595, -4534, -165088, 3661
62599, -4532, -165020, 3664
62603, -4531, -164959, 3663
62607, -4530, -164896, 3664
62612, -4528, -164838, 3665
62616, -4527, -164775, 3668
62619, -4525, -164706, 3671
62623, -4524, -164634, 3669
62628, -4523, -164582, 3672
62632, -4521, -164537, 3674
62636, -4519, -164482, 3677
62640, -4518, -164399, 3678
62644, -4516, -164345, 3679
62648, -4514, -164303, 3680
62652, -4513, -164263, 3681
62655, -4511, -164212, 3683
62659, -4510, -164156, 3684
62662, -4509, -164103, 3686
62666, -4508, -164049, 3686
62670, -4506, -164006, 3689
62674, -4505, -163961, 3689
62677, -4503, -163887, 3691
62682, -4502, -163829, 3693
62686, -4501, -163784, 3693
62690, -4499, -163744, 3695
62694, -4498, -163687, 3695
62698, -4497, -163618, 3699
62703, -4495, -163565, 3700
62707, -4494, -163512, 3701
62712, -4492, -163473, 3702
62715, -4490, -163414, 3704
62720, -4489, -163360, 3708
62724, -4487, -163309, 3708
62728, -4486, -163271, 3708
62731, -4484, -163222, 3709
62736, -4482, -163175, 3713
62740, -4481, -163112, 3715
62744, -4480, -163069, 3715
62748, -4478, -163017, 3716
62752, -4476, -162978, 3718
62756, -4475, -162930, 3720
62760, -4473, -162881, 3723
62764, -4472, -162835, 3722
62768, -4471, -162798, 3722
62772, -4469, -162761, 3724
62775, -4468, -162724, 3726
62778, -4467, -162681, 3730
62782, -4465, -162628, 3731
62786, -4463, -162590, 3731
62790, -4462, -162557, 3732
62794, -4460, -162520, 3732
62797, -4460, -162465, 3734
62802, -4458, -162422, 3737
62806, -4458, -162385, 3735
62809, -4456, -162344, 3738
62814, -4455, -162294, 3739
62819, -4453, -162247, 3743
62823, -4452, -162209, 3744
62826, -4450, -162169, 3745
62831, -4448, -162125, 3745
62836, -4446, -162085, 3749
62840, -4445, -162026, 3752
62844, -4443, -161980, 3753
62849, -4441, -161938, 3753
62854, -4439, -161906, 3754
62857, -4438, -161859, 3756
62862, -4437, -161808, 3759
62867, -4436, -161765, 3758
62871, -4434, -161736, 3760
62875, -4433, -161702, 3762
62878, -4431, -161661, 3764
62882, -4429, -161623, 3767
62886, -4428, -161594, 3765
62889, -4427, -161563, 3766
62893, -4426, -161521, 3768
62898, -4424, -161470, 3772
62903, -4423, -161436, 3773
62906, -4421, -161404, 3773
62910, -4420, -161369, 3774
62915, -4418, -161327, 3776
62919, -4416, -161287, 3780
62923, -4415, -161243, 3780
62927, -4413, -161212, 3781
62931, -4412, -161177, 3782
62935, -4410, -161147, 3785
62939, -4409, -161099, 3787
62944, -4407, -161060, 3788
62948, -4406, -161031, 3787
62952, -4404, -160999, 3790
62956, -4403, -160952, 3792
62961, -4401, -160907, 3795
62966, -4400, -160881, 3795
62969, -4398, -160856, 3796
62972, -4397, -160830, 3796
62976, -4396, -160801, 3798
62979, -4394, -160764, 3801
62983, -4393, -160731, 3802
62986, -4392, -160704, 3801
62990, -4390, -160679, 3804
62993, -4389, -160641, 3804
62998, -4388, -160607, 3808
63001, -4387, -160574, 3808
63006, -4385, -160545, 3809
63009, -4384, -160509, 3810
63014, -4382, -160479, 3812
63017, -4381, -160436, 3815
63022, -4379, -160404, 3817
63026, -4377, -160371, 3817
63031, -4376, -160346, 3818
63034, -4374, -160310, 3819
63039, -4373, -160263, 3824
63044, -4371, -160229, 3824
63047, -4370, -160193, 3825
63052, -4368, -160164, 3827
63056, -4366, -160124, 3828
63061, -4365, -160094, 3831
63064, -4363, -160063, 3831
63069, -4362, -160039, 3832
63073, -4361, -160002, 3833
63078, -4359, -159965, 3838
63082, -4357, -159932, 3838
63086, -4356, -159904, 3838
63089, -4354, -159880, 3840
63093, -4353, -159853, 3841
63097, -4351, -159826, 3844
63100, -4350, -159785, 3845
63105, -4349, -159758, 3845
63109, -4347, -159734, 3846
63112, -4346, -159702, 3847
63117, -4345, -159662, 3852
63122, -4343, -159632, 3854
63126, -4341, -159606, 3853
63129, -4340, -159579, 3853
63134, -4338, -159546, 3855
63139, -4337, -159503, 3859
63143, -4336, -159475, 3860
63147, -4334, -159453, 3860
63150, -4332, -159431, 3862
63153, -4331, -159408, 3864
63157, -4329, -159382, 3865
63160, -4328, -159352, 3867
63164, -4327, -159328, 3867
63168, -4325, -159306, 3868
63171, -4324, -159285, 3870
63175, -4323, -159263, 3871
63178, -4322, -159230, 3874
63182, -4320, -159201, 3875
63186, -4319, -159174, 3874
63189, -4317, -159153, 3877
63193, -4316, -159131, 3876
63196, -4315, -159106, 3880
63200, -4314, -159079, 3882
63203, -4312, -159057, 3881
63206, -4312, -159037, 3881
63210, -4310, -159017, 3882
63213, -4309, -158992, 3885
63217, -4308, -158954, 3887
63222, -4307, -158916, 3889
63227, -4305, -158887, 3889
63231, -4303, -158858, 3891
63236, -4302, -158832, 3892
63240, -4300, -158795, 3897
63244, -4299, -158766, 3896
63249, -4297, -158740, 3897
63254, -4296, -158712, 3898
63258, -4293, -158673, 3903
63263, -4292, -158641, 3903
63267, -4291, -158621, 3903
63271, -4289, -158594, 3904
63275, -4288, -158564, 3906
63280, -4286, -158530, 3910
63285, -4285, -158507, 3911
63288, -4283, -158481, 3910
63293, -4281, -158452, 3915
63298, -4279, -158418, 3917
63302, -4277, -158393, 3919
63306, -4276, -158372, 3918
63309, -4274, -158351, 3919
63313, -4273, -158329, 3921
63317, -4272, -158297, 3923
63321, -4271, -158272, 3924
63325, -4269, -158251, 3925
63329, -4268, -158231, 3926
63333, -4266, -158201, 3928
63337, -4265, -158171, 3931
63341, -4263, -158138, 3933
63346, -4262, -158114, 3931
63350, -4260, -158096, 3934
63354, -4259, -158067, 3935
63359, -4257, -158033, 3940
63363, -4256, -158010, 3938
63366, -4254, -157985, 3939
63371, -4253, -157959, 3940
63376, -4251, -157924, 3944
63381, -4250, -157889, 3947
63385, -4248, -157864, 3946
63390, -4247, -157840, 3948
63394, -4245, -157820, 3949
63398, -4243, -157789, 3953
63402, -4242, -157764, 3954
63407, -4240, -157738, 3954
63411, -4238, -157719, 3956
63415, -4237, -157697, 3958
63418, -4235, -157672, 3960
63421, -4234, -157647, 3961
63425, -4233, -157628, 3960
63428, -4232, -157608, 3961
63432, -4231, -157590, 3962
63435, -4230, -157567, 3966
63440, -4228, -157532, 3969
63444, -4226, -157512, 3968
63448, -4225, -157488, 3969
63453, -4223, -157469, 3970
63456, -4222, -157435, 3973
63461, -4220, -157404, 3976
63466, -4219, -157378, 3976
63470, -4217, -157358, 3977
63474, -4215, -157338, 3979
63478, -4214, -157318, 3980
63481, -4213, -157296, 3983
63484, -4211, -157277, 3982
63488, -4210, -157260, 3983
63491, -4209, -157245, 3984
63494, -4208, -157226, 3986
63498, -4207, -157205, 3988
63501, -4206, -157183, 3988
63504, -4204, -157162, 3990
63508, -4203, -157145, 3991
63511, -4202, -157126, 3992
63515, -4201, -157106, 3993
63518, -4199, -157082, 3996
63522, -4198, -157060, 3996
63525, -4197, -157043, 3997
63528, -4196, -157027, 3998
63532, -4194, -157010, 3999
63535, -4194, -156991, 4000
63539, -4192, -156967, 4003
63542, -4191, -156944, 4005
63546, -4189, -156918, 4004
63550, -4188, -156895, 4006
63555, -4186, -156873, 4009
63558, -4185, -156842, 4009
63563, -4184, -156814, 4011
63567, -4182, -156795, 4012
63571, -4181, -156778, 4014
63575, -4179, -156750, 4015
63580, -4178, -156719, 4018
63584, -4176, -156700, 4019
63588, -4175, -156680, 4018
63591, -4174, -156655, 4020
63596, -4172, -156624, 4023
63601, -4170, -156597, 4026
63604, -4169, -156577, 4025
63608, -4167, -156552, 4027
63613, -4166, -156529, 4029
63617, -4164, -156506, 4032
63621, -4162, -156476, 4033
63625, -4161, -156453, 4032
63630, -4160, -156426, 4034
63635, -4158, -156408, 4036
63638, -4157, -156382, 4038
63641, -4156, -156361, 4039
63645, -4154, -156342, 4039
63648, -4153, -156325, 4040
63652, -4152, -156307, 4041
63655, -4151, -156284, 4044
63659, -4150, -156253, 4046
63664, -4148, -156232, 4046
63668, -4147, -156215, 4047
63671, -4145, -156197, 4048
63675, -4144, -156168, 4050
63680, -4143, -156142, 4054
63683, -4141, -156115, 4054
63687, -4139, -156088, 4055
63692, -4138, -156068, 4057
63696, -4136, -156047, 4058
63700, -4134, -156021, 4062
63704, -4133, -155996, 4060
63708, -4132, -155971, 4062
63713, -4130, -155945, 4064
63718, -4128, -155917, 4068
63722, -4127, -155893, 4068
63726, -4125, -155872, 4069
63730, -4124, -155846, 4069
63734, -4123, -155825, 4071
63738, -4121, -155797, 4075
63742, -4120, -155773, 4076
63746, -4118, -155756, 4075
63749, -4117, -155739, 4076
63753, -4116, -155720, 4077
63757, -4115, -155698, 4079
63760, -4114, -155675, 4083
63763, -4112, -155651, 4082
63767, -4111, -155632, 4083
63771, -4109, -155614, 4084
63774, -4108, -155587, 4086
63779, -4107, -155561, 4089
63783, -4106, -155539, 4088
63786, -4104, -155521, 4089
63790, -4103, -155504, 4091
63793, -4102, -155486, 4093
63797, -4101, -155465, 4094
63800, -4099, -155443, 1
63803, -4097, -155423, 0
63806, -4096, -155406, 0
63810, -4095, -155390, 2
63813, -4094, -155372, 3
63816, -4094, -155351, 4
63820, -4092, -155327, 8
63823, -4091, -155307, 7
63826, -4090, -155289, 8
63829, -4088, -155272, 9
63833, -4087, -155256, 11
63836, -4086, -155235, 12
63839, -4085, -155211, 15
63843, -4083, -155187, 14
63847, -4082, -155167, 15
63851, -4081, -155147, 16
63854, -4080, -155124, 19
63858, -4078, -155101, 22
63861, -4077, -155078, 21
63865, -4076, -155059, 22
63868, -4074, -155042, 23
63871, -4074, -155025, 22
63875, -4073, -155007, 25
63878, -4072, -154985, 28
63881, -4070, -154962, 28
63885, -4069, -154942, 28
63889, -4068, -154927, 30
63892, -4066, -154908, 32
63895, -4066, -154890, 31
63898, -4064, -154866, 35
63902, -4063, -154840, 37
63905, -4061, -154821, 36
63908, -4060, -154804, 37
63912, -4059, -154785, 38
63915, -4058, -154766, 40
63918, -4057, -154742, 44
63922, -4055, -154720, 43
63925, -4054, -154699, 43
63929, -4053, -154680, 44
63933, -4051, -154658, 47
63937, -4051, -154632, 48
63941, -4049, -154604, 50
63944, -4048, -154582, 51
63948, -4046, -154562, 51
63952, -4045, -154543, 53
63955, -4044, -154523, 55
63959, -4042, -154500, 56
63962, -4041, -154479, 57
63965, -4040, -154459, 58
63969, -4039, -154442, 57
63972, -4038, -154424, 60
63975, -4037, -154403, 62
63978, -4036, -154379, 63
63982, -4034, -154356, 65
63985, -4033, -154337, 64
63988, -4032, -154318, 66
63992, -4031, -154298, 66
63996, -4030, -154273, 69
63999, -4028, -154247, 73
64003, -4026, -154225, 72
64007, -4025, -154206, 71
64010, -4024, -154186, 72
64014, -4023, -154165, 74
64017, -4022, -154142, 79
64021, -4021, -154115, 79
64024, -4019, -154093, 79
64028, -4017, -154071, 80
64032, -4016, -154051, 80
64035, -4016, -154028, 82
64039, -4014, -153999, 85
64042, -4013, -153980, 86
64046, -4012, -153960, 85
64050, -4011, -153939, 87
64053, -4009, -153917, 89
64057, -4008, -153891, 92
64061, -4006, -153864, 93
64064, -4005, -153842, 92
64067, -4004, -153823, 93
64071, -4003, -153804, 95
64074, -4002, -153782, 96
64077, -4001, -153758, 99
64081, -3999, -153733, 99
64084, -3998, -153714, 99
64087, -3997, -153695, 101
64091, -3996, -153676, 102
64094, -3995, -153652, 102
64098, -3994, -153625, 105
64102, -3992, -153599, 107
64105, -3991, -153576, 108
64109, -3989, -153557, 109
64112, -3988, -153535, 109
64116, -3986, -153509, 113
64120, -3985, -153480, 114
64123, -3984, -153458, 114
64127, -3983, -153440, 114
64130, -3981, -153420, 116
64133, -3981, -153399, 117
64136, -3980, -153376, 117
64140, -3979, -153348, 121
64143, -3977, -153324, 120
64147, -3977, -153304, 120
64150, -3975, -153285, 123
64153, -3974, -153264, 124
64157, -3973, -153239, 126
64160, -3972, -153210, 127
64164, -3970, -153186, 130
64168, -3968, -153162, 129
64172, -3967, -153142, 130
64175, -3966, -153120, 132
64178, -3964, -153092, 135
64181, -3963, -153067, 136
64185, -3962, -153044, 135
64188, -3961, -153025, 135
64191, -3960, -153005, 136
64195, -3959, -152982, 139
64198, -3959, -152958, 140
64201, -3957, -152929, 143
64205, -3956, -152907, 142
64208, -3955, -152889, 141
64211, -3954, -152869, 144
64214, -3953, -152846, 145
64218, -3952, -152820, 148
64221, -3950, -152791, 150
64224, -3948, -152768, 149
64228, -3947, -152748, 150
64231, -3946, -152729, 151
64234, -3945, -152706, 153
64237, -3944, -152680, 155
64241, -3942, -152650, 157
64244, -3941, -152628, 156
64247, -3940, -152607, 157
64251, -3939, -152586, 158
64254, -3938, -152563, 159
64257, -3937, -152537, 161
64261, -3936, -152509, 163
64264, -3935, -152487, 164
64267, -3934, -152467, 162
64270, -3933, -152446, 165
64274, -3931, -152422, 167
64277, -3930, -152397, 169
64280, -3929, -152369, 171
64283, -3927, -152345, 171
64287, -3926, -152322, 170
64290, -3925, -152299, 172
64293, -3924, -152276, 172
64297, -3924, -152248, 175
64300, -3922, -152217, 178
64304, -3921, -152189, 177
64307, -3920, -152166, 177
64310, -3918, -152143, 180
64313, -3917, -152119, 179
64317, -3917, -152092, 182
64320, -3915, -152060, 185
64324, -3913, -152035, 185
64327, -3912, -152011, 185
64330, -3911, -151988, 186
64333, -3910, -151965, 187
64337, -3909, -151938, 190
64340, -3908, -151907, 192
64343, -3906, -151881, 192
64346, -3905, -151857, 192
64350, -3904, -151835, 193
64353, -3903, -151813, 195
64356, -3902, -151787, 197
64359, -3900, -151755, 199
64362, -3899, -151728, 198
64366, -3898, -151703, 198
64369, -3898, -151681, 198
64372, -3897, -151658, 201
64375, -3896, -151629, 202
64379, -3895, -151595, 204
64383, -3893, -151561, 206
64386, -3892, -151539, 206
64389, -3891, -151515, 206
64392, -3890, -151490, 207
64396, -3889, -151460, 209
64399, -3887, -151426, 213
64402, -3886, -151396, 213
64405, -3885, -151369, 213
64409, -3883, -151345, 214
64412, -3882, -151320, 215
64415, -3881, -151291, 216
64419, -3880, -151258, 220
64422, -3879, -151226, 220
64425, -3877, -151199, 221
64429, -3876, -151174, 221
64432, -3875, -151150, 222
64435, -3874, -151120, 224
64438, -3873, -151089, 226
64441, -3872, -151054, 226
64445, -3871, -151024, 227
64448, -3869, -150988, 229
64452, -3868, -150962, 230
64456, -3867, -150931, 231
64459, -3866, -150897, 233
64462, -3864, -150865, 234
64466, -3863, -150835, 235
64469, -3862, -150809, 235
64472, -3861, -150781, 237
64475, -3860, -150751, 238
64479, -3859, -150715, 239
64482, -3858, -150683, 241
64485, -3856, -150652, 241
64489, -3855, -150626, 242
64492, -3854, -150599, 244
64495, -3853, -150570, 244
64498, -3852, -150531, 248
64502, -3851, -150495, 247
64505, -3849, -150466, 249
64508, -3848, -150439, 249
64511, -3847, -150411, 250
64515, -3846, -150379, 252
64518, -3845, -150343, 254
64521, -3843, -150308, 256
64524, -3842, -150274, 257
64528, -3841, -150243, 256
64531, -3839, -150214, 258
64534, -3839, -150182, 258
64538, -3838, -150144, 261
64541, -3836, -150104, 263
64544, -3835, -150071, 262
64547, -3834, -150041, 264
64551, -3833, -150010, 264
64554, -3832, -149978, 266
64557, -3831, -149939, 269
64560, -3829, -149899, 270
64564, -3828, -149863, 269
64567, -3827, -149833, 270
64570, -3826, -149804, 271
64573, -3825, -149771, 272
64577, -3824, -149735, 276
64580, -3823, -149692, 276
64583, -3821, -149657, 277
64587, -3820, -149624, 278
64590, -3818, -149594, 279
64593, -3818, -149559, 279
64596, -3817, -149520, 282
64600, -3815, -149476, 285
64603, -3814, -149437, 285
64606, -3813, -149407, 284
64609, -3811, -149376, 285
64613, -3810, -149342, 287
64616, -3810, -149302, 288
64619, -3809, -149258, 291
64623, -3807, -149216, 291
64626, -3806, -149183, 293
64629, -3805, -149150, 292
64633, -3804, -149115, 292
64636, -3803, -149076, 297
64639, -3801, -149033, 298
64642, -3800, -148991, 297
64646, -3799, -148957, 297
64649, -3798, -148927, 298
64652, -3797, -148893, 301
64656, -3797, -148854, 302
64659, -3795, -148807, 306
64662, -3793, -148768, 305
64666, -3792, -148733, 306
64669, -3790, -148701, 307
64672, -3789, -148669, 308
64675, -3788, -148633, 310
64679, -3787, -148592, 313
64682, -3785, -148551, 313
64685, -3784, -148519, 314
64688, -3783, -148490, 314
64692, -3782, -148458, 315
64695, -3781, -148423, 315
64698, -3780, -148380, 320
64701, -3779, -148341, 320
64705, -3778, -148307, 320
64708, -3777, -148275, 320
64711, -3775, -148245, 322
64714, -3775, -148211, 323
64718, -3774, -148171, 325
64721, -3772, -148131, 327
64724, -3771, -148096, 327
64727, -3770, -148067, 328
64731, -3768, -148037, 329
64734, -3768, -148002, 329
64737, -3766, -147962, 333
64741, -3765, -147921, 334
64744, -3764, -147886, 335
64747, -3763, -147858, 334
64750, -3761, -147829, 336
64754, -3760, -147795, 338
64757, -3759, -147760, 338
64760, -3758, -147718, 343
64764, -3756, -147685, 342
64767, -3755, -147655, 341
64771, -3754, -147623, 344
64774, -3753, -147593, 344
64777, -3752, -147554, 345
64781, -3751, -147513, 348
64784, -3750, -147476, 348
64787, -3749, -147448, 349
64791, -3748, -147421, 350
64794, -3746, -147392, 351
64797, -3745, -147352, 353
64801, -3744, -147314, 356
64804, -3742, -147282, 356
64807, -3741, -147251, 356
64811, -3740, -147222, 358
64814, -3739, -147191, 358
64817, -3737, -147151, 363
64821, -3736, -147114, 363
64824, -3735, -147082, 363
64827, -3733, -147056, 364
64830, -3732, -147030, 365
64834, -3732, -147000, 364
64837, -3731, -146966, 368
64840, -3729, -146929, 370
64843, -3728, -146896, 369
64846, -3728, -146869, 369
64850, -3726, -146842, 373
64853, -3725, -146815, 373
64856, -3724, -146784, 375
64859, -3722, -146746, 376
64863, -3721, -146714, 376
64866, -3720, -146686, 378
64869, -3719, -146662, 378
64872, -3718, -146631, 381
64876, -3717, -146601, 381
64879, -3715, -146563, 384
64882, -3714, -146529, 384
64886, -3713, -146502, 385
64889, -3712, -146476, 385
64892, -3711, -146445, 386
64896, -3710, -146418, 388
64899, -3709, -146383, 391
64902, -3707, -146349, 392
64905, -3706, -146315, 392
64909, -3705, -146289, 392
64913, -3703, -146257, 395
64916, -3702, -146201, 395
64922, -3701, -146167, 399
64925, -3700, -146138, 398
64928, -3699, -146112, 398
64931, -3697, -146087, 401
64934, -3696, -146059, 403
64938, -3695, -146027, 404
64941, -3693, -145993, 406
64944, -3692, -145964, 404
64947, -3691, -145938, 406
64951, -3690, -145914, 407
64954, -3689, -145887, 409
64957, -3688, -145854, 412
64961, -3686, -145820, 414
64964, -3685, -145791, 411
64967, -3684, -145763, 413
64970, -3683, -145740, 415
64974, -3682, -145714, 417
64977, -3681, -145682, 419
64980, -3679, -145646, 420
64983, -3677, -145616, 420
64987, -3676, -145586, 421
64990, -3675, -145562, 421
64993, -3675, -145539, 423
64996, -3674, -145511, 424
65000, -3672, -145479, 428
65003, -3671, -145448, 427
65006, -3670, -145421, 428
65009, -3669, -145398, 427
65013, -3668, -145372, 430
65016, -3667, -145344, 431
65019, -3666, -145310, 434
65022, -3664, -145282, 434
65026, -3663, -145255, 435
65029, -3662, -145230, 435
65032, -3661, -145206, 437
65035, -3660, -145177, 438
65039, -3658, -145144, 442
65042, -3657, -145113, 441
65045, -3656, -145085, 441
65049, -3655, -145062, 442
65052, -3654, -145036, 443
65055, -3653, -145009, 445
65058, -3652, -144975, 448
65062, -3650, -144945, 449
65065, -3649, -144919, 450
65068, -3647, -144896, 450
65071, -3646, -144872, 450
65075, -3645, -144841, 452
65079, -3644, -144807, 455
65082, -3643, -144773, 455
65086, -3642, -144750, 456
65089, -3641, -144723, 457
65092, -3639, -144699, 458
65096, -3639, -144671, 459
65099, -3637, -144638, 462
65102, -3636, -144612, 463
65106, -3635, -144588, 463
65109, -3634, -144561, 463
65112, -3632, -144534, 466
65116, -3631, -144503, 466
65120, -3630, -144471, 470
65123, -3629, -144443, 470
65126, -3627, -144419, 470
65129, -3626, -144396, 471
65133, -3625, -144374, 473
65136, -3624, -144349, 473
65139, -3623, -144315, 477
65142, -3621, -144284, 477
65146, -3620, -144257, 477
65149, -3619, -144233, 478
65153, -3618, -144204, 478
65156, -3617, -144176, 481
65160, -3616, -144135, 484
65164, -3614, -144109, 485
65167, -3613, -144088, 484
65170, -3612, -144066, 485
65174, -3611, -144035, 486
65178, -3610, -143996, 489
65181, -3609, -143958, 490
65186, -3607, -143934, 491
65190, -3606, -143907, 491
65193, -3605, -143883, 494
65197, -3603, -143853, 497
65201, -3601, -143818, 498
65204, -3600, -143786, 498
65208, -3598, -143751, 499
65213, -3597, -143723, 500
65216, -3596, -143695, 502
65220, -3595, -143664, 505
65223, -3593, -143637, 505
65226, -3592, -143614, 506
65229, -3591, -143591, 505
65233, -3590, -143561, 508
65237, -3589, -143516, 511
65242, -3587, -143481, 513
65246, -3586, -143453, 512
65249, -3584, -143426, 513
65254, -3583, -143387, 515
65259, -3581, -143352, 519
65262, -3580, -143325, 520
65265, -3578, -143300, 520
65269, -3577, -143267, 520
65274, -3575, -143239, 522
65277, -3574, -143211, 525
65280, -3573, -143181, 525
65284, -3572, -143154, 526
65287, -3571, -143132, 525
65290, -3570, -143111, 527
65294, -3569, -143085, 530
65297, -3568, -143055, 531
65300, -3566, -143022, 533
65304, -3565, -142996, 532
65307, -3564, -142974, 533
65310, -3563, -142951, 534
65314, -3562, -142924, 537
65317, -3561, -142893, 538
65320, -3559, -142863, 541
65324, -3558, -142837, 539
65327, -3557, -142814, 539
65331, -3556, -142788, 542
65334, -3555, -142763, 544
65338, -3554, -142734, 546
65341, -3552, -142704, 548
65345, -3550, -142677, 548
65348, -3549, -142655, 548
65352, -3548, -142630, 550
65355, -3547, -142600, 551
65359, -3545, -142557, 554
65363, -3544, -142520, 555
65368, -3543, -142495, 555
65372, -3542, -142472, 555
65375, -3540, -142438, 558
65380, -3539, -142392, 560
65384, -3538, -142367, 561
65388, -3537, -142343, 561
65391, -3535, -142320, 562
65395, -3534, -142288, 564
65399, -3532, -142251, 568
65403, -3531, -142223, 567
65406, -3530, -142193, 569
65410, -3528, -142162, 569
65415, -3527, -142133, 571
65418, -3526, -142102, 574
65422, -3524, -142063, 575
65427, -3523, -142032, 575
65432, -3522, -142002, 575
65436, -3520, -141964, 578
65440, -3519, -141922, 581
65445, -3517, -141887, 582
65450, -3516, -141859, 582
65454, -3514, -141825, 584
65458, -3512, -141779, 587
65463, -3511, -141749, 589
65467, -3510, -141722, 588
65470, -3508, -141689, 590
65475, -3507, -141654, 591
65480, -3505, -141620, 595
65483, -3504, -141590, 595
65487, -3502, -141557, 595
65492, -3501, -141525, 598
65497, -3499, -141490, 601
65500, -3497, -141459, 603
65503, -3496, -141429, 601
65507, -3495, -141407, 602
65510, -3493, -141386, 605
65514, -3492, -141360, 605
65517, -3492, -141331, 607
65521, -3490, -141299, 608
65525, -3489, -141260, 609
65529, -3488, -141235, 609
65533, -3487, -141206, 611
65537, -3486, -141170, 613
65541, -3484, -141126, 615
65546, -3483, -141101, 615
65549, -3482, -141073, 616
65553, -3480, -141044, 618
65557, -3478, -141002, 622
65562, -3477, -140974, 621
65565, -3476, -140948, 622
65569, -3474, -140923, 623
65572, -3473, -140890, 623
65577, -3472, -140860, 627
65581, -3471, -140824, 630
65585, -3469, -140798, 628
65588, -3468, -140775, 630
65591, -3466, -140751, 631
65595, -3465, -140722, 632
65598, -3464, -140686, 635
65602, -3463, -140657, 636
65605, -3461, -140635, 637
65609, -3460, -140610, 636
65612, -3459, -140586, 638
65616, -3458, -140556, 640
65619, -3457, -140518, 642
65623, -3456, -140485, 642
65627, -3455, -140451, 643
65631, -3453, -140421, 645
65636, -3452, -140392, 647
65639, -3450, -140346, 650
65644, -3449, -140308, 649
65649, -3447, -140281, 650
65653, -3446, -140247, 653
65657, -3444, -140205, 654
65662, -3443, -140163, 656
65666, -3442, -140135, 656
65670, -3440, -140102, 658
65675, -3439, -140071, 661
65679, -3437, -140025, 663
65683, -3435, -139992, 664
65687, -3434, -139961, 664
65691, -3432, -139936, 666
65694, -3431, -139898, 666
65699, -3430, -139858, 670
65703, -3428, -139823, 670
65706, -3427, -139798, 669
65709, -3427, -139768, 670
65714, -3425, -139731, 673
65719, -3424, -139694, 676
65722, -3423, -139663, 677
65726, -3421, -139634, 676
65730, -3420, -139607, 677
65733, -3419, -139581, 679
65736, -3418, -139551, 681
65740, -3416, -139503, 685
65744, -3415, -139468, 683
65749, -3413, -139438, 684
65752, -3412, -139410, 685
65756, -3411, -139364, 687
65761, -3410, -139326, 690
65765, -3408, -139295, 692
65768, -3407, -139268, 691
65772, -3405, -139233, 691
65777, -3404, -139192, 695
65781, -3402, -139154, 697
65784, -3401, -139126, 698
65788, -3400, -139094, 698
65793, -3398, -139057, 699
65797, -3397, -139020, 702
65800, -3396, -138982, 703
65804, -3395, -138939, 703
65809, -3393, -138905, 704
65813, -3392, -138872, 706
65817, -3391, -138838, 708
65820, -3389, -138787, 711
65825, -3388, -138753, 711
65829, -3386, -138727, 711
65832, -3385, -138699, 712
65836, -3384, -138667, 715
65839, -3383, -138628, 716
65843, -3381, -138596, 718
65846, -3380, -138568, 719
65849, -3378, -138539, 718
65853, -3377, -138506, 722
65857, -3376, -138467, 721
65861, -3375, -138428, 724
65864, -3374, -138393, 725
65868, -3372, -138364, 727
65872, -3371, -138328, 727
65876, -3370, -138289, 727
65880, -3368, -138237, 730
65884, -3367, -138200, 732
65888, -3366, -138165, 733
65892, -3365, -138134, 733
65896, -3363, -138088, 735
65900, -3361, -138035, 738
65905, -3360, -137999, 739
65909, -3359, -137969, 738
65912, -3358, -137938, 739
65916, -3357, -137904, 741
65919, -3355, -137849, 744
65924, -3354, -137812, 744
65928, -3353, -137770, 745
65932, -3352, -137736, 746
65936, -3350, -137693, 749
65940, -3348, -137645, 752
65944, -3347, -137612, 751
65947, -3346, -137585, 751
65950, -3344, -137556, 753
65954, -3343, -137524, 754
65957, -3342, -137486, 757
65960, -3341, -137430, 759
65965, -3339, -137391, 759
65969, -3338, -137358, 759
65973, -3337, -137326, 760
65976, -3336, -137284, 761
65980, -3335, -137226, 764
65985, -3334, -137187, 766
65989, -3332, -137151, 765
65993, -3331, -137105, 766
65997, -3329, -137045, 771
66002, -3328, -137002, 772
66006, -3326, -136968, 773
66009, -3325, -136921, 773
66014, -3323, -136873, 775
66019, -3321, -136811, 778
66023, -3320, -136773, 778
66027, -3319, -136740, 779
66030, -3318, -136710, 779
66033, -3316, -136676, 782
66036, -3315, -136636, 784
66040, -3314, -136578, 785
66045, -3313, -136526, 785
66049, -3311, -136491, 787
66053, -3310, -136451, 789
66057, -3309, -136410, 789
66060, -3307, -136363, 792
66063, -3306, -136325, 792
66067, -3305, -136290, 792
66070, -3304, -136255, 793
66073, -3303, -136219, 794
66077, -3302, -136156, 797
66082, -3301, -136103, 799
66086, -3299, -136061, 798
66089, -3298, -136012, 800
66094, -3296, -135955, 803
66099, -3295, -135894, 804
66103, -3294, -135850, 805
66106, -3292, -135797, 806
66111, -3291, -135744, 806
66116, -3289, -135700, 810
66119, -3288, -135635, 813
66124, -3286, -135579, 812
66129, -3285, -135534, 813
66133, -3283, -135492, 815
66136, -3282, -135447, 817
66140, -3280, -135376, 820
66144, -3279, -135323, 820
66149, -3277, -135285, 819
66152, -3276, -135228, 822
66157, -3275, -135183, 824
66160, -3273, -135129, 827
66164, -3272, -135082, 828
66167, -3270, -135043, 826
66170, -3269, -135004, 827
66174, -3268, -134962, 828
66177, -3268, -134912, 831
66180, -3267, -134857, 831
66184, -3265, -134811, 834
66187, -3264, -134770, 832
66191, -3263, -134730, 834
66194, -3262, -134685, 835
66197, -3261, -134634, 838
66201, -3260, -134578, 839
66204, -3259, -134534, 839
66207, -3258, -134494, 839
66211, -3257, -134448, 840
66214, -3256, -134391, 843
66219, -3254, -134328, 845
66222, -3253, -134278, 845
66225, -3252, -134235, 845
66229, -3251, -134194, 847
66232, -3250, -134142, 848
66236, -3249, -134073, 848
66240, -3248, -134003, 852
66244, -3246, -133937, 852
66249, -3245, -133887, 853
66253, -3243, -133825, 856
66257, -3241, -133754, 858
66261, -3240, -133690, 860
66265, -3238, -133640, 861
66269, -3236, -133590, 861
66272, -3235, -133541, 861
66276, -3234, -133487, 863
66279, -3233, -133402, 866
66284, -3232, -133343, 866
66287, -3231, -133287, 867
66291, -3230, -133242, 867
66295, -3229, -133168, 868
66299, -3227, -133096, 873
66303, -3226, -133017, 873
66308, -3225, -132963, 874
66311, -3223, -132897, 874
66316, -3221, -132835, 877
66320, -3220, -132758, 880
66324, -3219, -132679, 878
66328, -3218, -132616, 880
66333, -3216, -132561, 881
66337, -3215, -132496, 884
66341, -3214, -132407, 887
66345, -3212, -132341, 887
66350, -3210, -132276, 887
66355, -3209, -132220, 889
66358, -3207, -132162, 893
66361, -3206, -132106, 893
66365, -3204, -132056, 894
66368, -3203, -132010, 894
66371, -3202, -131969, 895
66374, -3201, -131922, 895
66378, -3200, -131863, 898
66381, -3199, -131802, 900
66385, -3198, -131756, 900
66388, -3197, -131707, 900
66392, -3196, -131646, 902
66397, -3194, -131574, 905
66401, -3193, -131512, 907
66405, -3191, -131455, 908
66409, -3190, -131400, 907
66414, -3188, -131347, 911
66418, -3187, -131290, 911
66422, -3186, -131220, 913
66427, -3185, -131163, 913
66431, -3183, -131120, 915
66435, -3182, -131071, 917
66439, -3180, -130999, 920
66443, -3178, -130938, 921
66448, -3177, -130898, 921
66452, -3175, -130837, 922
66457, -3174, -130767, 923
66462, -3173, -130702, 928
66467, -3171, -130662, 927
66470, -3170, -130621, 928
66474, -3168, -130577, 930
66478, -3167, -130505, 932
66483, -3165, -130459, 934
66486, -3164, -130422, 933
66490, -3163, -130385, 934
66493, -3162, -130343, 937
66497, -3160, -130286, 939
66501, -3159, -130240, 940
66505, -3157, -130197, 941
66508, -3156, -130160, 940
66512, -3155, -130126, 941
66515, -3155, -130085, 943
66519, -3153, -130030, 947
66523, -3152, -129986, 947
66527, -3151, -129948, 945
66530, -3150, -129913, 947
66534, -3148, -129864, 950
66539, -3147, -129803, 952
66543, -3146, -129756, 952
66547, -3145, -129719, 954
66551, -3143, -129673, 956
66556, -3142, -129620, 956
66561, -3140, -129573, 960
66564, -3139, -129537, 958
66567, -3138, -129505, 960
66571, -3136, -129474, 962
66574, -3135, -129442, 964
66577, -3134, -129405, 965
66581, -3132, -129365, 966
66584, -3131, -129319, 967
66589, -3130, -129279, 967
66593, -3129, -129244, 969
66597, -3128, -129206, 971
66600, -3126, -129168, 973
66603, -3125, -129132, 972
66607, -3124, -129100, 972
66611, -3123, -129073, 975
66614, -3122, -129042, 976
66617, -3121, -129003, 979
66621, -3119, -128957, 981
66625, -3117, -128924, 980
66628, -3116, -128895, 981
66632, -3115, -128866, 981
66636, -3114, -128831, 985
66639, -3113, -128786, 986
66643, -3112, -128741, 986
66647, -3111, -128709, 987
66651, -3109, -128678, 987
66655, -3108, -128644, 991
66659, -3107, -128596, 993
66663, -3105, -128554, 994
66668, -3104, -128516, 994
66673, -3102, -128486, 995
66676, -3101, -128452, 997
66680, -3100, -128414, 999
66684, -3098, -128371, 1001
66688, -3097, -128344, 1002
66692, -3096, -128310, 1001
66696, -3094, -128262, 1004
66701, -3093, -128224, 1007
66705, -3091, -128195, 1007
66708, -3091, -128168, 1006
66712, -3089, -128142, 1008
66715, -3088, -128117, 1009
66718, -3087, -128083, 1013
66722, -3086, -128050, 1013
66725, -3084, -128020, 1013
66729, -3083, -127986, 1014
66733, -3082, -127956, 1016
66737, -3081, -127910, 1018
66742, -3080, -127867, 1019
66746, -3078, -127833, 1020
66751, -3076, -127810, 1023
66754, -3075, -127774, 1022
66759, -3074, -127726, 1026
66764, -3072, -127692, 1026
66768, -3071, -127665, 1027
66771, -3070, -127631, 1028
66776, -3068, -127590, 1030
66781, -3067, -127555, 1032
66785, -3066, -127521, 1033
66789, -3064, -127489, 1035
66794, -3062, -127453, 1036
66799, -3061, -127418, 1039
66802, -3059, -127378, 1040
66807, -3058, -127344, 1039
66812, -3057, -127313, 1041
66816, -3055, -127285, 1044
66820, -3053, -127254, 1047
66823, -3052, -127225, 1048
66827, -3051, -127197, 1045
66831, -3049, -127173, 1048
66834, -3048, -127148, 1049
66837, -3047, -127121, 1051
66841, -3046, -127082, 1053
66845, -3045, -127056, 1053
66849, -3043, -127034, 1055
66853, -3042, -127002, 1055
66857, -3041, -126972, 1058
66861, -3040, -126943, 1059
66864, -3038, -126914, 1060
66867, -3037, -126892, 1060
66871, -3036, -126871, 1061
66874, -3035, -126848, 1064
66877, -3034, -126822, 1065
66881, -3032, -126793, 1067
66884, -3031, -126768, 1067
66887, -3030, -126746, 1066
66891, -3029, -126716, 1067
66896, -3028, -126688, 1070
66900, -3027, -126647, 1072
66905, -3026, -126622, 1075
66908, -3024, -126593, 1073
66912, -3023, -126571, 1074
66916, -3022, -126549, 1076
66919, -3020, -126523, 1080
66922, -3019, -126498, 1080
66925, -3018, -126476, 1080
66929, -3016, -126456, 1080
66932, -3015, -126435, 1083
66936, -3014, -126410, 1084
66939, -3013, -126382, 1086
66942, -3012, -126354, 1087
66945, -3010, -126333, 1087
66949, -3009, -126314, 1087
66952, -3008, -126295, 1089
66955, -3008, -126274, 1090
66958, -3006, -126248, 1093
66962, -3005, -126223, 1092
66965, -3004, -126202, 1093
66968, -3003, -126182, 1094
66972, -3003, -126162, 1093
66975, -3002, -126138, 1096
66978, -3001, -126111, 1099
66982, -2999, -126087, 1099
66985, -2998, -126065, 1100
66988, -2997, -126046, 1100
66991, -2996, -126027, 1100
66995, -2995, -126002, 1103
66999, -2994, -125974, 1107
67003, -2992, -125946, 1106
67006, -2991, -125924, 1107
67010, -2990, -125906, 1106
67013, -2989, -125884, 1109
67017, -2988, -125857, 1111
67021, -2986, -125828, 1114
67024, -2985, -125803, 1113
67028, -2983, -125783, 1114
67032, -2982, -125764, 1115
67035, -2981, -125741, 1115
67038, -2981, -125716, 1118
67042, -2979, -125692, 1119
67045, -2978, -125671, 1120
67048, -2978, -125654, 1118
67051, -2976, -125633, 1121
67055, -2975, -125609, 1124
67059, -2974, -125579, 1125
67063, -2973, -125550, 1126
67067, -2971, -125530, 1125
67071, -2970, -125511, 1128
67074, -2969, -125484, 1130
67079, -2967, -125450, 1132
67083, -2966, -125425, 1132
67087, -2965, -125404, 1133
67091, -2963, -125376, 1134
67096, -2962, -125344, 1136
67100, -2961, -125319, 1140
67104, -2959, -125295, 1139
67108, -2958, -125268, 1140
67112, -2956, -125242, 1141
67117, -2955, -125216, 1144
67121, -2953, -125184, 1147
67125, -2952, -125158, 1147
67130, -2951, -125137, 1146
67134, -2949, -125116, 1149
67138, -2948, -125081, 1151
67142, -2947, -125047, 1152
67147, -2946, -125023, 1152
67151, -2944, -125005, 1154
67154, -2942, -124985, 1157
67158, -2941, -124964, 1158
67161, -2940, -124943, 1159
67164, -2938, -124923, 1160
67168, -2937, -124905, 1159
67171, -2936, -124888, 1160
67175, -2935, -124859, 1163
67179, -2934, -124831, 1166
67183, -2933, -124811, 1166
67186, -2931, -124784, 1167
67191, -2930, -124759, 1168
67196, -2928, -124738, 1171
67199, -2927, -124713, 1173
67203, -2925, -124683, 1173
67208, -2924, -124660, 1173
67212, -2923, -124642, 1175
67216, -2921, -124619, 1177
67219, -2920, -124585, 1179
67224, -2919, -124561, 1179
67228, -2918, -124543, 1180
67232, -2916, -124526, 1181
67235, -2915, -124498, 1182
67240, -2914, -124465, 1187
67245, -2912, -124444, 1187
67248, -2911, -124427, 1187
67252, -2909, -124404, 1189
67257, -2907, -124372, 1192
67262, -2906, -124348, 1193
67265, -2905, -124330, 1193
67268, -2903, -124313, 1194
67272, -2902, -124297, 1194
67275, -2902, -124278, 1196
67278, -2900, -124256, 1200
67282, -2899, -124233, 1198
67285, -2898, -124213, 1200
67289, -2897, -124189, 1200
67294, -2896, -124163, 1201
67298, -2895, -124139, 1205
67302, -2893, -124109, 1207
67307, -2892, -124091, 1205
67310, -2890, -124070, 1208
67315, -2889, -124048, 1210
67319, -2887, -124015, 1212
67323, -2886, -123993, 1212
67327, -2885, -123975, 1213
67331, -2883, -123955, 1215
67335, -2882, -123927, 1216
67339, -2881, -123902, 1218
67343, -2879, -123881, 1219
67346, -2878, -123860, 1220
67350, -2877, -123837, 1221
67355, -2876, -123814, 1222
67359, -2874, -123789, 1224
67363, -2873, -123761, 1226
67367, -2872, -123736, 1226
67372, -2870, -123718, 1228
67375, -2869, -123698, 1229
67379, -2868, -123673, 1231
67382, -2867, -123652, 1231
67385, -2865, -123634, 1232
67389, -2864, -123620, 1233
67392, -2863, -123603, 1235
67395, -2862, -123585, 1235
67399, -2861, -123561, 1239
67402, -2859, -123538, 1239
67406, -2858, -123520, 1240
67409, -2857, -123502, 1240
67413, -2856, -123481, 1241
67416, -2855, -123459, 1244
67421, -2853, -123425, 1246
67425, -2852, -123400, 1246
67430, -2851, -123381, 1248
67434, -2849, -123361, 1249
67437, -2848, -123338, 1251
67441, -2846, -123311, 1254
67445, -2845, -123290, 1253
67448, -2843, -123272, 1254
67452, -2842, -123255, 1254
67455, -2841, -123234, 1257
67459, -2840, -123212, 1259
67462, -2839, -123191, 1260
67466, -2837, -123172, 1261
67469, -2836, -123155, 1259
67472, -2835, -123138, 1262
67476, -2835, -123119, 1263
67479, -2833, -123093, 1267
67483, -2832, -123071, 1266
67486, -2831, -123054, 1266
67490, -2830, -123036, 1265
67493, -2829, -123018, 1270
67497, -2828, -122999, 1270
67500, -2827, -122976, 1273
67503, -2826, -122954, 1272
67507, -2824, -122927, 1273
67512, -2823, -122906, 1275
67517, -2822, -122884, 1277
67520, -2820, -122851, 1280
67525, -2819, -122825, 1280
67530, -2817, -122807, 1280
67533, -2816, -122786, 1283
67537, -2814, -122755, 1285
67542, -2813, -122725, 1286
67547, -2811, -122706, 1288
67550, -2810, -122687, 1288
67554, -2808, -122661, 1290
67559, -2807, -122630, 1291
67564, -2806, -122603, 1293
67568, -2804, -122586, 1295
67572, -2803, -122561, 1295
67577, -2801, -122531, 1298
67581, -2799, -122508, 1301
67584, -2798, -122490, 1299
67587, -2797, -122467, 1300
67592, -2796, -122443, 1301
67597, -2795, -122421, 1304
67600, -2793, -122394, 1307
67604, -2792, -122373, 1307
67607, -2790, -122355, 1307
67611, -2789, -122335, 1309
67615, -2788, -122316, 1310
67618, -2787, -122293, 1312
67621, -2785, -122263, 1313
67626, -2784, -122244, 1314
67629, -2783, -122226, 1314
67633, -2782, -122205, 1315
67637, -2781, -122172, 1318
67642, -2779, -122147, 1321
67646, -2778, -122128, 1320
67650, -2777, -122112, 1321
67653, -2775, -122094, 1322
67656, -2774, -122075, 1325
67659, -2773, -122049, 1327
67663, -2771, -122027, 1326
67667, -2770, -122008, 1327
67670, -2769, -121993, 1327
67673, -2768, -121975, 1329
67677, -2767, -121943, 1332
67681, -2766, -121915, 1334
67686, -2764, -121886, 1334
67691, -2763, -121867, 1334
67694, -2761, -121842, 1337
67699, -2760, -121806, 1339
67703, -2759, -121775, 1341
67708, -2757, -121758, 1343
67711, -2756, -121742, 1340
67715, -2754, -121723, 1343
67718, -2753, -121698, 1347
67721, -2751, -121676, 1348
67725, -2751, -121657, 1347
67728, -2749, -121634, 1348
67733, -2748, -121612, 1349
67737, -2747, -121590, 1351
67740, -2746, -121556, 1354
67745, -2745, -121530, 1353
67750, -2743, -121510, 1355
67753, -2742, -121483, 1356
67758, -2740, -121454, 1360
67762, -2739, -121424, 1361
67767, -2737, -121398, 1360
67771, -2736, -121373, 1362
67776, -2734, -121340, 1364
67781, -2733, -121312, 1367
67785, -2731, -121283, 1369
67790, -2729, -121261, 1369
67794, -2728, -121229, 1371
67799, -2725, -121203, 1375
67803, -2724, -121171, 1374
67807, -2723, -121150, 1375
67811, -2721, -121124, 1376
67816, -2720, -121100, 1378
67820, -2719, -121075, 1380
67823, -2718, -121051, 1381
67827, -2716, -121029, 1381
67830, -2715, -121011, 1381
67834, -2714, -120988, 1383
67837, -2713, -120958, 1386
67842, -2712, -120926, 1389
67846, -2710, -120903, 1388
67850, -2709, -120882, 1389
67854, -2707, -120857, 1390
67858, -2706, -120820, 1393
67863, -2705, -120795, 1394
67866, -2704, -120774, 1394
67870, -2702, -120755, 1396
67874, -2701, -120731, 1397
67877, -2699, -120705, 1400
67881, -2698, -120679, 1400
67884, -2696, -120655, 1403
67888, -2695, -120636, 1402
67892, -2694, -120614, 1402
67896, -2693, -120592, 1404
67899, -2692, -120554, 1407
67904, -2691, -120523, 1408
67908, -2690, -120497, 1408
67913, -2688, -120473, 1409
67917, -2687, -120438, 1413
67922, -2685, -120404, 1415
67926, -2684, -120378, 1415
67930, -2682, -120357, 1415
67934, -2680, -120337, 1418
67937, -2679, -120314, 1420
67940, -2678, -120287, 1422
67944, -2676, -120262, 1421
67947, -2675, -120241, 1422
67951, -2674, -120223, 1422
67955, -2673, -120192, 1424
67959, -2672, -120163, 1428
67963, -2671, -120134, 1428
67966, -2670, -120111, 1428
67970, -2668, -120082, 1430
67975, -2667, -120056, 1431
67979, -2665, -120026, 1435
67982, -2664, -119996, 1436
67986, -2662, -119965, 1436
67991, -2661, -119945, 1436
67994, -2659, -119912, 1438
67999, -2658, -119870, 1441
68004, -2657, -119838, 1443
68009, -2656, -119817, 1442
68012, -2654, -119790, 1444
68017, -2652, -119760, 1446
68020, -2651, -119729, 1449
68024, -2650, -119702, 1449
68028, -2648, -119678, 1449
68032, -2647, -119653, 1448
68035, -2646, -119627, 1452
68039, -2645, -119594, 1455
68042, -2644, -119567, 1454
68046, -2643, -119544, 1455
68050, -2641, -119522, 1457
68053, -2640, -119499, 1457
68056, -2639, -119473, 1460
68060, -2637, -119445, 1462
68063, -2636, -119418, 1463
68067, -2635, -119393, 1462
68071, -2634, -119371, 1463
68074, -2633, -119337, 1464
68079, -2631, -119303, 1469
68083, -2630, -119273, 1468
68086, -2629, -119245, 1468
68090, -2628, -119224, 1468
68094, -2627, -119198, 1472
68098, -2626, -119164, 1474
68101, -2624, -119128, 1475
68105, -2623, -119093, 1475
68110, -2621, -119068, 1477
68114, -2620, -119039, 1478
68118, -2618, -119005, 1481
68122, -2617, -118967, 1483
68126, -2615, -118939, 1482
68130, -2614, -118915, 1482
68134, -2613, -118889, 1485
68138, -2612, -118843, 1488
68142, -2611, -118806, 1488
68146, -2609, -118779, 1489
68150, -2608, -118752, 1489
68154, -2607, -118725, 1490
68157, -2606, -118694, 1493
68161, -2604, -118660, 1495
68164, -2603, -118632, 1494
68167, -2602, -118612, 1497
68171, -2600, -118590, 1497
68174, -2599, -118560, 1499
68178, -2598, -118512, 1502
68183, -2596, -118481, 1502
68186, -2595, -118444, 1502
68191, -2594, -118414, 1503
68195, -2593, -118376, 1505
68199, -2591, -118334, 1509
68203, -2590, -118295, 1508
68208, -2589, -118258, 1509
68213, -2587, -118226, 1510
68217, -2586, -118180, 1514
68221, -2584, -118137, 1516
68226, -2583, -118100, 1515
68230, -2581, -118075, 1516
68234, -2580, -118047, 1517
68237, -2579, -118015, 1520
68241, -2577, -117966, 1523
68245, -2576, -117934, 1524
68249, -2574, -117905, 1523
68253, -2573, -117867, 1523
68257, -2571, -117817, 1528
68262, -2570, -117778, 1529
68266, -2569, -117747, 1529
68269, -2568, -117719, 1530
68272, -2566, -117692, 1531
68276, -2565, -117660, 1534
68279, -2564, -117622, 1536
68282, -2562, -117585, 1536
68286, -2561, -117556, 1536
68290, -2560, -117516, 1538
68295, -2558, -117481, 1541
68298, -2557, -117438, 1544
68302, -2555, -117393, 1543
68306, -2554, -117352, 1544
68311, -2552, -117321, 1545
68314, -2551, -117286, 1546
68318, -2550, -117243, 1548
68322, -2549, -117203, 1549
68325, -2548, -117169, 1550
68328, -2547, -117139, 1551
68332, -2546, -117106, 1551
68336, -2545, -117067, 1554
68340, -2543, -117017, 1556
68344, -2542, -116977, 1557
68347, -2540, -116942, 1558
68351, -2539, -116908, 1558
68354, -2538, -116860, 1560
68359, -2536, -116814, 1563
68363, -2535, -116775, 1564
68366, -2534, -116743, 1564
68369, -2533, -116702, 1564
68374, -2531, -116667, 1567
68377, -2530, -116627, 1568
68380, -2529, -116583, 1570
68384, -2528, -116546, 1570
68387, -2527, -116511, 1570
68390, -2525, -116478, 1573
68394, -2525, -116444, 1572
68397, -2524, -116408, 1575
68400, -2522, -116355, 1577
68404, -2521, -116313, 1576
68408, -2520, -116271, 1577
68412, -2519, -116235, 1580
68416, -2517, -116179, 1581
68421, -2516, -116128, 1584
68425, -2514, -116089, 1584
68428, -2513, -116047, 1585
68433, -2511, -116009, 1587
68436, -2510, -115954, 1588
68441, -2509, -115899, 1591
68446, -2507, -115861, 1591
68450, -2506, -115820, 1592
68454, -2504, -115786, 1594
68457, -2503, -115745, 1595
68461, -2502, -115702, 1597
68464, -2500, -115666, 1598
68467, -2499, -115634, 1599
68470, -2498, -115604, 1599
68474, -2497, -115559, 1601
68479, -2495, -115510, 1604
68482, -2494, -115460, 1605
68487, -2493, -115428, 1606
68490, -2491, -115398, 1606
68494, -2490, -115363, 1608
68497, -2488, -115321, 1611
68501, -2487, -115279, 1611
68504, -2486, -115239, 1613
68508, -2484, -115209, 1613
68511, -2484, -115168, 1612
68516, -2483, -115130, 1616
68520, -2481, -115078, 1619
68524, -2480, -115041, 1619
68528, -2479, -115012, 1619
68531, -2477, -114984, 1621
68535, -2476, -114937, 1622
68539, -2475, -114882, 1624
68544, -2474, -114836, 1624
68548, -2472, -114795, 1626
68553, -2471, -114753, 1628
68558, -2469, -114706, 1632
68562, -2467, -114661, 1632
68566, -2466, -114618, 1631
68570, -2465, -114580, 1632
68575, -2463, -114536, 1637
68580, -2461, -114490, 1639
68584, -2460, -114443, 1640
68589, -2458, -114403, 1639
68594, -2456, -114368, 1643
68597, -2455, -114334, 1644
68601, -2453, -114295, 1646
68604, -2452, -114263, 1645
68607, -2451, -114236, 1647
68611, -2450, -114208, 1648
68614, -2449, -114177, 1649
68618, -2447, -114139, 1652
68621, -2446, -114099, 1654
68625, -2444, -114061, 1653
68629, -2443, -114032, 1653
68633, -2443, -113998, 1653
68637, -2442, -113954, 1657
68642, -2440, -113913, 1661
68645, -2439, -113877, 1659
68649, -2437, -113847, 1661
68653, -2436, -113810, 1661
68657, -2434, -113775, 1665
68661, -2433, -113726, 1667
68666, -2431, -113683, 1667
68670, -2430, -113653, 1667
68674, -2428, -113619, 1670
68678, -2427, -113583, 1674
68681, -2425, -113545, 1674
68685, -2424, -113514, 1675
68689, -2422, -113487, 1675
68692, -2421, -113458, 1676
68696, -2420, -113426, 1677
68700, -2419, -113385, 1682
68703, -2417, -113350, 1681
68707, -2416, -113322, 1682
68710, -2415, -113293, 1683
68714, -2413, -113265, 1683
68717, -2412, -113232, 1687
68721, -2411, -113197, 1688
68724, -2410, -113166, 1689
68728, -2408, -113130, 1689
68732, -2407, -113102, 1691
68736, -2406, -113066, 1692
68740, -2404, -113020, 1695
68744, -2403, -112982, 1695
68749, -2402, -112954, 1696
68753, -2401, -112928, 1697
68756, -2399, -112883, 1698
68761, -2398, -112835, 1703
68766, -2397, -112803, 1701
68770, -2395, -112766, 1702
68775, -2394, -112726, 1705
68780, -2392, -112683, 1709
68783, -2391, -112645, 1708
68787, -2389, -112611, 1708
68792, -2388, -112574, 1710
68797, -2386, -112542, 1714
68801, -2384, -112507, 1717
68804, -2383, -112469, 1716
68809, -2381, -112435, 1717
68814, -2379, -112404, 1719
68818, -2378, -112367, 1721
68821, -2376, -112334, 1723
68825, -2375, -112306, 1723
68828, -2374, -112280, 1723
68831, -2373, -112256, 1724
68835, -2372, -112230, 1727
68838, -2371, -112197, 1727
68842, -2369, -112155, 1730
68846, -2368, -112126, 1731
68850, -2366, -112095, 1731
68855, -2365, -112057, 1734
68859, -2363, -112012, 1736
68864, -2362, -111983, 1738
68867, -2360, -111956, 1737
68871, -2359, -111922, 1739
68876, -2357, -111884, 1741
68880, -2356, -111847, 1745
68884, -2354, -111818, 1745
68888, -2353, -111792, 1744
68891, -2351, -111766, 1746
68895, -2350, -111736, 1749
68898, -2349, -111692, 1751
68903, -2347, -111651, 1751
68908, -2346, -111619, 1751
68913, -2344, -111592, 1754
68916, -2343, -111552, 1756
68921, -2341, -111509, 1759
68926, -2340, -111478, 1758
68930, -2338, -111454, 1759
68933, -2337, -111427, 1762
68937, -2335, -111397, 1763
68940, -2334, -111362, 1766
68944, -2332, -111331, 1766
68947, -2331, -111306, 1766
68950, -2330, -111280, 1766
68954, -2329, -111243, 1769
68959, -2328, -111209, 1773
68962, -2326, -111176, 1772
68966, -2325, -111143, 1773
68971, -2323, -111111, 1775
68976, -2322, -111082, 1777
68979, -2320, -111043, 1780
68983, -2319, -111005, 1780
68988, -2317, -110975, 1779
68993, -2316, -110939, 1781
68997, -2314, -110896, 1786
69002, -2313, -110856, 1787
69007, -2311, -110831, 1788
69010, -2310, -110800, 1787
69015, -2308, -110762, 1790
69019, -2306, -110719, 1795
69024, -2305, -110688, 1794
69028, -2304, -110663, 1794
69031, -2302, -110639, 1796
69035, -2300, -110613, 1798
69038, -2299, -110583, 1800
69041, -2298, -110551, 1802
69045, -2296, -110521, 1800
69049, -2296, -110494, 1800
69053, -2295, -110464, 1803
69057, -2294, -110430, 1805
69061, -2292, -110395, 1808
69064, -2291, -110368, 1808
69068, -2289, -110336, 1808
69073, -2288, -110301, 1810
69078, -2286, -110264, 1812
69082, -2285, -110231, 1815
69086, -2284, -110201, 1815
69089, -2282, -110174, 1817
69093, -2280, -110145, 1818
69097, -2279, -110111, 1820
69101, -2277, -110077, 1823
69105, -2276, -110044, 1822
69109, -2274, -110017, 1823
69113, -2273, -109981, 1826
69118, -2271, -109947, 1828
69122, -2270, -109916, 1830
69125, -2268, -109883, 1829
69130, -2267, -109859, 1831
69133, -2266, -109831, 1832
69137, -2264, -109804, 1835
69140, -2263, -109771, 1836
69144, -2262, -109744, 1836
69147, -2261, -109720, 1836
69150, -2259, -109698, 1838
69154, -2259, -109673, 1839
69157, -2257, -109645, 1843
69160, -2256, -109603, 1844
69165, -2254, -109574, 1843
69169, -2253, -109550, 1845
69173, -2252, -109516, 1845
69177, -2250, -109476, 1849
69182, -2249, -109443, 1851
69185, -2247, -109408, 1852
69190, -2246, -109375, 1851
69195, -2244, -109346, 1854
69199, -2243, -109300, 1857
69204, -2241, -109263, 1857
69208, -2240, -109232, 1859
69213, -2238, -109206, 1861
69216, -2236, -109175, 1863
69220, -2234, -109139, 1866
69224, -2233, -109107, 1865
69228, -2232, -109079, 1864
69231, -2231, -109054, 1867
69235, -2229, -109025, 1870
69239, -2228, -108989, 1872
69243, -2227, -108957, 1872
69246, -2225, -108931, 1873
69250, -2224, -108906, 1873
69254, -2223, -108877, 1874
69258, -2222, -108843, 1878
69261, -2220, -108812, 1880
69264, -2219, -108785, 1879
69268, -2217, -108752, 1881
69273, -2215, -108717, 1883
69278, -2214, -108685, 1885
69281, -2213, -108651, 1887
69284, -2211, -108624, 1886
69288, -2210, -108602, 1888
69291, -2209, -108579, 1889
69294, -2208, -108553, 1890
69298, -2207, -108516, 1892
69302, -2205, -108483, 1894
69306, -2204, -108446, 1893
69310, -2203, -108423, 1894
69314, -2201, -108395, 1898
69317, -2200, -108351, 1900
69322, -2198, -108311, 1901
69327, -2197, -108285, 1902
69330, -2195, -108253, 1902
69335, -2194, -108225, 1905
69338, -2192, -108181, 1908
69343, -2190, -108149, 1909
69347, -2189, -108114, 1909
69352, -2187, -108080, 1910
69356, -2186, -108052, 1913
69360, -2184, -108019, 1916
69363, -2183, -107991, 1917
69366, -2181, -107965, 1916
69370, -2180, -107941, 1918
69374, -2179, -107915, 1917
69377, -2178, -107875, 1921
69382, -2177, -107839, 1923
69385, -2175, -107804, 1924
69390, -2174, -107772, 1925
69395, -2172, -107740, 1927
69399, -2170, -107706, 1930
69402, -2168, -107669, 1932
69406, -2167, -107636, 1931
69411, -2165, -107605, 1932
69415, -2164, -107559, 1934
69420, -2162, -107524, 1938
69424, -2161, -107484, 1938
69428, -2159, -107456, 1939
69432, -2158, -107422, 1941
69437, -2156, -107386, 1944
69441, -2154, -107340, 1945
69445, -2153, -107309, 1946
69449, -2151, -107275, 1946
69454, -2150, -107238, 1947
69458, -2148, -107192, 1953
69463, -2146, -107161, 1954
69466, -2145, -107136, 1954
69470, -2143, -107109, 1953
69473, -2142, -107082, 1955
69477, -2141, -107052, 1956
69480, -2140, -107017, 1959
69483, -2139, -106986, 1960
69487, -2138, -106960, 1959
69490, -2137, -106934, 1961
69493, -2135, -106908, 1962
69497, -2134, -106878, 1965
69500, -2133, -106843, 1967
69503, -2131, -106812, 1968
69507, -2130, -106786, 1967
69510, -2128, -106762, 1969
69513, -2128, -106736, 1969
69516, -2127, -106707, 1972
69520, -2125, -106673, 1976
69523, -2123, -106642, 1976
69526, -2122, -106615, 1976
69529, -2121, -106590, 1975
69533, -2120, -106563, 1976
69536, -2119, -106534, 1978
69539, -2118, -106500, 1982
69542, -2117, -106467, 1981
69546, -2116, -106439, 1982
69549, -2114, -106415, 1983
69552, -2113, -106390, 1984
69555, -2112, -106359, 1987
69559, -2111, -106326, 1988
69562, -2109, -106292, 1990
69565, -2108, -106263, 1990
69568, -2107, -106235, 1990
69572, -2106, -106204, 1990
69576, -2105, -106171, 1994
69579, -2104, -106132, 1996
69583, -2102, -106098, 1996
69586, -2101, -106067, 1997
69589, -2100, -106041, 1997
69592, -2098, -106016, 2000
69596, -2097, -105987, 2001
69599, -2096, -105950, 2004
69602, -2094, -105914, 2005
69606, -2093, -105882, 2004
69610, -2092, -105855, 2005
69613, -2091, -105827, 2006
69616, -2090, -105793, 2010
69620, -2088, -105756, 2011
69623, -2087, -105722, 2012
69626, -2086, -105693, 2011
69630, -2084, -105667, 2013
69633, -2083, -105638, 2014
69636, -2082, -105605, 2016
69639, -2081, -105567, 2020
69643, -2079, -105532, 2020
69646, -2078, -105502, 2019
69650, -2076, -105472, 2021
69653, -2075, -105440, 2022
69657, -2074, -105405, 2025
69660, -2073, -105365, 2026
69664, -2071, -105329, 2027
69667, -2070, -105298, 2027
69671, -2069, -105269, 2028
69674, -2068, -105237, 2030
69678, -2067, -105201, 2033
69681, -2065, -105161, 2034
69684, -2064, -105130, 2033
69687, -2063, -105100, 2034
69691, -2062, -105068, 2034
69694, -2061, -105037, 2037
69697, -2060, -105002, 2040
69701, -2058, -104962, 2042
69704, -2056, -104928, 2043
69707, -2055, -104899, 2041
69710, -2054, -104871, 2041
69714, -2053, -104835, 2044
69718, -2052, -104796, 2048
69721, -2051, -104755, 2048
69724, -2050, -104722, 2048
69727, -2048, -104692, 2049
69730, -2047, -104661, 2050
69734, -2046, -104627, 2053
69738, -2045, -104587, 2055
69741, -2043, -104545, 2056
69744, -2041, -104511, 2057
69748, -2040, -104481, 2057
69751, -2039, -104450, 2057
69754, -2038, -104415, 2060
69757, -2037, -104377, 2060
69761, -2036, -104335, 2063
69764, -2035, -104296, 2063
69768, -2034, -104264, 2064
69771, -2033, -104232, 2065
69775, -2031, -104193, 2067
69778, -2030, -104148, 2070
69782, -2028, -104101, 2071
69786, -2027, -104066, 2071
69789, -2026, -104034, 2070
69792, -2025, -104000, 2072
69796, -2024, -103963, 2075
69799, -2022, -103917, 2079
69802, -2021, -103877, 2079
69806, -2019, -103844, 2079
69809, -2017, -103815, 2081
69812, -2016, -103780, 2080
69816, -2015, -103744, 2082
69819, -2014, -103701, 2086
69822, -2012, -103659, 2087
69825, -2011, -103623, 2086
69829, -2010, -103592, 2087
69832, -2009, -103559, 2088
69835, -2008, -103523, 2090
69838, -2007, -103480, 2093
69842, -2005, -103436, 2094
69845, -2004, -103398, 2093
69848, -2003, -103363, 2095
69852, -2001, -103327, 2097
69855, -2000, -103289, 2097
69858, -1999, -103244, 2101
69862, -1997, -103199, 2102
69865, -1996, -103160, 2101
69868, -1995, -103128, 2102
69871, -1994, -103094, 2102
69875, -1993, -103059, 2105
69878, -1992, -103017, 2107
69881, -1991, -102965, 2109
69885, -1989, -102925, 2108
69888, -1988, -102887, 2109
69891, -1987, -102849, 2111
69895, -1986, -102810, 2112
69898, -1985, -102763, 2115
69901, -1983, -102714, 2116
69905, -1982, -102673, 2116
69908, -1981, -102638, 2116
69911, -1979, -102602, 2119
69914, -1978, -102564, 2120
69917, -1977, -102520, 2122
69921, -1975, -102469, 2124
69924, -1974, -102422, 2125
69927, -1973, -102382, 2124
69931, -1971, -102345, 2126
69934, -1971, -102306, 2126
69937, -1970, -102260, 2129
69941, -1968, -102208, 2131
69944, -1967, -102166, 2130
69947, -1966, -102126, 2132
69950, -1965, -102088, 2133
69954, -1964, -102049, 2133
69957, -1963, -102003, 2136
69960, -1961, -101951, 2140
69963, -1959, -101904, 2139
69967, -1958, -101863, 2140
69970, -1957, -101827, 2140
69973, -1956, -101786, 2141
69976, -1955, -101742, 2143
69980, -1953, -101684, 2147
69983, -1952, -101636, 2146
69986, -1951, -101594, 2146
69989, -1950, -101556, 2147
69993, -1949, -101515, 2148
69996, -1948, -101466, 2151
69999, -1947, -101410, 2153
70003, -1945, -101358, 2154
70006, -1944, -101314, 2154
70009, -1942, -101274, 2154
70012, -1942, -101231, 2155
70016, -1941, -101184, 2157
70019, -1940, -101127, 2160
70022, -1938, -101072, 2162
70025, -1937, -101026, 2161
70029, -1935, -100985, 2161
70032, -1934, -100941, 2163
70035, -1933, -100892, 2165
70038, -1932, -100836, 2169
70042, -1930, -100779, 2169
70045, -1929, -100733, 2169
70048, -1927, -100688, 2170
70051, -1926, -100644, 2170
70055, -1926, -100596, 2172
70058, -1924, -100537, 2175
70061, -1923, -100477, 2176
70065, -1922, -100422, 2176
70068, -1920, -100377, 2177
70071, -1920, -100331, 2176
70075, -1919, -100281, 2178
70078, -1918, -100221, 2183
70081, -1916, -100158, 2184
70084, -1914, -100106, 2185
70088, -1913, -100059, 2184
70091, -1911, -100012, 2186
70094, -1910, -99962, 2188
70098, -1909, -99900, 2190
70101, -1908, -99834, 2192
70105, -1906, -99778, 2192
70108, -1905, -99733, 2193
70112, -1904, -99683, 2192
70116, -1903, -99623, 2194
70119, -1902, -99561, 2199
70123, -1900, -99504, 2199
70126, -1899, -99454, 2199
70130, -1897, -99409, 2201
70133, -1896, -99364, 2201
70136, -1895, -99311, 2204
70140, -1893, -99247, 2206
70144, -1892, -99186, 2207
70147, -1891, -99138, 2207
70151, -1889, -99092, 2208
70155, -1888, -99041, 2210
70158, -1887, -98978, 2213
70162, -1885, -98920, 2214
70165, -1884, -98872, 2214
70169, -1882, -98828, 2215
70173, -1881, -98782, 2216
70176, -1880, -98734, 2218
70180, -1879, -98673, 2221
70184, -1877, -98618, 2221
70187, -1876, -98574, 2223
70191, -1874, -98530, 2223
70195, -1873, -98483, 2224
70198, -1872, -98434, 2226
70201, -1871, -98381, 2229
70205, -1869, -98337, 2229
70209, -1868, -98296, 2229
70212, -1867, -98258, 2232
70215, -1865, -98218, 2233
70218, -1864, -98170, 2235
70222, -1862, -98122, 2238
70225, -1860, -98082, 2238
70228, -1859, -98046, 2238
70232, -1858, -98009, 2239
70235, -1857, -97968, 2242
70238, -1856, -97921, 2242
70242, -1854, -97870, 2245
70245, -1853, -97829, 2244
70249, -1852, -97796, 2245
70252, -1851, -97759, 2245
70255, -1850, -97721, 2247
70259, -1849, -97670, 2251
70262, -1847, -97624, 2253
70266, -1846, -97585, 2252
70269, -1844, -97549, 2253
70273, -1843, -97513, 2254
70276, -1842, -97475, 2256
70279, -1841, -97433, 2259
70282, -1839, -97391, 2259
70286, -1838, -97356, 2259
70289, -1837, -97324, 2261
70292, -1836, -97289, 2262
70296, -1835, -97249, 2262
70299, -1834, -97204, 2266
70303, -1832, -97162, 2267
70306, -1831, -97130, 2267
70309, -1830, -97097, 2267
70313, -1828, -97062, 2270
70316, -1827, -97023, 2272
70320, -1826, -96979, 2274
70323, -1824, -96940, 2275
70326, -1822, -96906, 2275
70330, -1821, -96875, 2275
70334, -1821, -96842, 2276
70337, -1819, -96803, 2281
70340, -1818, -96760, 2281
70344, -1817, -96722, 2282
70347, -1815, -96691, 2282
70350, -1814, -96663, 2284
70353, -1813, -96631, 2285
70357, -1812, -96597, 2286
70360, -1810, -96556, 2289
70363, -1809, -96521, 2288
70367, -1808, -96490, 2290
70370, -1807, -96461, 2291
70373, -1806, -96431, 2291
70376, -1805, -96399, 2294
70380, -1803, -96357, 2297
70383, -1801, -96321, 2298
70387, -1800, -96293, 2296
70390, -1799, -96265, 2299
70393, -1798, -96235, 2300
70396, -1797, -96202, 2302
70400, -1795, -96164, 2304
70403, -1794, -96129, 2305
70407, -1792, -96099, 2306
70410, -1791, -96072, 2307
70414, -1789, -96042, 2309
70417, -1788, -96008, 2309
70420, -1787, -95971, 2312
70424, -1786, -95938, 2312
70427, -1785, -95911, 2312
70430, -1784, -95884, 2313
70434, -1783, -95856, 2315
70437, -1782, -95822, 2317
70441, -1780, -95782, 2320
70445, -1779, -95749, 2319
70448, -1777, -95722, 2320
70452, -1776, -95693, 2322
70455, -1775, -95664, 2323
70458, -1773, -95631, 2327
70462, -1772, -95598, 2328
70465, -1770, -95571, 2327
70469, -1769, -95544, 2328
70473, -1768, -95515, 2329
70476, -1767, -95486, 2331
70479, -1766, -95451, 2333
70483, -1764, -95414, 2335
70487, -1763, -95384, 2335
70491, -1761, -95357, 2338
70494, -1760, -95327, 2337
70498, -1758, -95296, 2342
70501, -1757, -95264, 2343
70505, -1755, -95238, 2342
70508, -1754, -95214, 2343
70511, -1753, -95188, 2343
70515, -1752, -95159, 2345
70518, -1751, -95123, 2348
70522, -1750, -95091, 2350
70526, -1748, -95064, 2350
70529, -1747, -95041, 2351
70533, -1745, -95012, 2353
70537, -1744, -94980, 2353
70540, -1742, -94942, 2359
70544, -1741, -94911, 2357
70548, -1740, -94881, 2357
70552, -1738, -94856, 2360
70556, -1737, -94828, 2361
70559, -1735, -94795, 2366
70563, -1734, -94768, 2364
70566, -1733, -94744, 2364
70569, -1731, -94722, 2367
70573, -1730, -94696, 2367
70576, -1729, -94671, 2369
70579, -1728, -94639, 2372
70582, -1726, -94612, 2372
70586, -1725, -94590, 2372
70589, -1724, -94571, 2374
70592, -1723, -94550, 2374
70595, -1722, -94527, 2376
70599, -1721, -94498, 2379
70602, -1719, -94469, 2379
70605, -1718, -94446, 2379
70608, -1717, -94425, 2379
70611, -1716, -94402, 2381
70615, -1716, -94379, 2382
70618, -1714, -94353, 2385
70621, -1713, -94327, 2387
70624, -1711, -94303, 2387
70628, -1710, -94281, 2387
70631, -1709, -94260, 2388
70635, -1708, -94236, 2391
70638, -1706, -94206, 2393
70642, -1705, -94177, 2395
70645, -1703, -94154, 2395
70648, -1702, -94133, 2395
70651, -1701, -94113, 2397
70655, -1700, -94091, 2397
70658, -1699, -94067, 2401
70661, -1697, -94042, 2402
70664, -1696, -94019, 2402
70668, -1695, -93999, 2402
70671, -1694, -93980, 2402
70674, -1693, -93959, 2404
70677, -1692, -93931, 2407
70681, -1691, -93902, 2410
70684, -1689, -93878, 2409
70687, -1688, -93857, 2410
70691, -1686, -93837, 2411
70694, -1685, -93818, 2413
70697, -1684, -93795, 2414
70701, -1683, -93768, 2415
70704, -1682, -93745, 2416
70707, -1681, -93725, 2416
70710, -1680, -93706, 2418
70713, -1679, -93686, 2419
70717, -1678, -93660, 2421
70720, -1676, -93632, 2425
70724, -1674, -93607, 2425
70727, -1673, -93587, 2425
70730, -1671, -93569, 2425
70733, -1670, -93550, 2426
70737, -1670, -93529, 2429
70740, -1668, -93504, 2432
70743, -1667, -93480, 2431
70746, -1666, -93460, 2432
70750, -1664, -93442, 2432
70753, -1663, -93422, 2434
70756, -1663, -93398, 2436
70760, -1661, -93371, 2440
70763, -1660, -93346, 2438
70766, -1658, -93325, 2438
70770, -1657, -93306, 2439
70773, -1656, -93288, 2442
70776, -1656, -93268, 2443
70779, -1654, -93244, 2446
70783, -1652, -93222, 2446
70786, -1651, -93202, 2447
70789, -1650, -93183, 2446
70793, -1649, -93162, 2447
70796, -1648, -93140, 2451
70799, -1647, -93113, 2454
70802, -1645, -93089, 2454
70806, -1644, -93069, 2453
70809, -1642, -93053, 2454
70812, -1641, -93034, 2457
70816, -1641, -93016, 2457
70819, -1639, -92993, 2461
70822, -1638, -92970, 2461
70825, -1636, -92949, 2464
70829, -1635, -92931, 2462
70832, -1633, -92912, 2464
70835, -1632, -92891, 2465
70838, -1631, -92867, 2467
70842, -1630, -92843, 2468
70845, -1629, -92823, 2469
70848, -1628, -92804, 2470
70851, -1627, -92788, 2469
70855, -1626, -92770, 2472
70858, -1625, -92746, 2474
70861, -1624, -92722, 2475
70865, -1622, -92701, 2476
70868, -1621, -92683, 2475
70871, -1620, -92664, 2478
70875, -1619, -92643, 2480
70878, -1617, -92619, 2483
70881, -1616, -92594, 2484
70885, -1614, -92573, 2483
70888, -1613, -92555, 2485
70891, -1612, -92539, 2484
70895, -1611, -92522, 2486
70898, -1610, -92502, 2489
70901, -1609, -92478, 2490
70904, -1608, -92459, 2490
70907, -1606, -92442, 2491
70911, -1605, -92424, 2493
70914, -1604, -92406, 2494
70917, -1603, -92384, 2496
70920, -1601, -92360, 2498
70923, -1600, -92339, 2498
70927, -1599, -92321, 2497
70930, -1598, -92303, 2499
70933, -1597, -92286, 2501
70937, -1596, -92265, 2503
70940, -1594, -92243, 2506
70943, -1593, -92223, 2506
70946, -1591, -92205, 2506
70950, -1590, -92189, 2507
70953, -1589, -92171, 2508
70956, -1588, -92151, 2510
70959, -1587, -92127, 2513
70963, -1585, -92104, 2513
70966, -1584, -92085, 2514
70969, -1583, -92068, 2515
70972, -1582, -92051, 2515
70975, -1581, -92033, 2517
70979, -1579, -92011, 2520
70982, -1578, -91990, 2521
70985, -1577, -91972, 2521
70988, -1576, -91957, 2521
70992, -1574, -91940, 2523
70995, -1573, -91921, 2525
70998, -1572, -91900, 2526
71001, -1571, -91878, 2528
71005, -1569, -91859, 2529
71008, -1568, -91841, 2528
71011, -1568, -91825, 2529
71014, -1567, -91808, 2529
71018, -1566, -91788, 2533
71021, -1565, -91767, 2535
71024, -1563, -91749, 2535
71027, -1562, -91733, 2536
71031, -1560, -91718, 2537
71034, -1559, -91701, 2538
71037, -1558, -91682, 2540
71040, -1557, -91660, 2543
71044, -1555, -91639, 2543
71047, -1554, -91621, 2542
71050, -1553, -91605, 2544
71054, -1552, -91588, 2547
71057, -1551, -91568, 2547
71060, -1550, -91546, 2548
71064, -1549, -91524, 2549
71067, -1547, -91509, 2550
71070, -1546, -91494, 2552
71074, -1545, -91478, 2552
71077, -1544, -91457, 2555
71081, -1542, -91432, 2558
71084, -1541, -91410, 2558
71088, -1539, -91391, 2558
71092, -1538, -91372, 2559
71095, -1537, -91350, 2561
71099, -1535, -91324, 2565
71103, -1534, -91301, 2565
71107, -1533, -91281, 2565
71110, -1531, -91263, 2566
71114, -1530, -91246, 2567
71118, -1529, -91222, 2570
71121, -1527, -91199, 2573
71124, -1526, -91179, 2572
71128, -1525, -91161, 2572
71131, -1523, -91143, 2575
71135, -1522, -91122, 2575
71138, -1521, -91099, 2579
71142, -1519, -91075, 2580
71145, -1518, -91054, 2580
71149, -1517, -91037, 2580
71152, -1515, -91020, 2582
71155, -1515, -91003, 2582
71159, -1513, -90981, 2587
71162, -1512, -90960, 2587
71165, -1510, -90942, 2588
71169, -1509, -90925, 2588
71172, -1508, -90909, 2590
71175, -1507, -90890, 2591
71178, -1505, -90867, 2594
71182, -1504, -90843, 2596
71185, -1502, -90824, 2595
71188, -1501, -90807, 2595
71192, -1501, -90791, 2595
71195, -1500, -90773, 2598
71198, -1499, -90754, 2601
71201, -1497, -90733, 2602
71204, -1496, -90715, 2603
71208, -1494, -90697, 2603
71211, -1493, -90681, 2604
71214, -1492, -90663, 2605
71218, -1491, -90640, 2608
71221, -1490, -90616, 2610
71224, -1488, -90595, 2610
71228, -1487, -90577, 2609
71231, -1486, -90560, 2613
71234, -1485, -90542, 2613
71237, -1484, -90523, 2615
71240, -1482, -90500, 2617
71244, -1480, -90481, 2618
71247, -1480, -90464, 2617
71250, -1478, -90448, 2619
71254, -1477, -90429, 2620
71257, -1476, -90409, 2622
71260, -1475, -90385, 2626
71264, -1473, -90364, 2624
71267, -1472, -90346, 2626
71270, -1471, -90330, 2625
71273, -1469, -90312, 2630
71277, -1469, -90292, 2630
71280, -1467, -90269, 2634
71283, -1465, -90249, 2632
71287, -1464, -90231, 2633
71290, -1463, -90216, 2633
71293, -1462, -90198, 2635
71297, -1462, -90178, 2637
71300, -1460, -90154, 2640
71303, -1459, -90133, 2640
71307, -1457, -90114, 2640
71310, -1456, -90097, 2641
71313, -1455, -90079, 2642
71317, -1454, -90058, 2645
71320, -1453, -90035, 2647
71324, -1451, -90012, 2649
71327, -1449, -89994, 2648
71330, -1448, -89979, 2649
71334, -1447, -89961, 2651
71337, -1446, -89938, 2653
71341, -1444, -89905, 2655
71345, -1443, -89885, 2657
71349, -1441, -89869, 2656
71352, -1440, -89845, 2658
71357, -1438, -89815, 2660
71361, -1437, -89789, 2664
71365, -1436, -89768, 2662
71369, -1434, -89746, 2663
71373, -1433, -89721, 2666
71378, -1431, -89693, 2668
71382, -1430, -89662, 2669
71387, -1428, -89640, 2671
71391, -1426, -89616, 2672
71396, -1425, -89588, 2675
71400, -1423, -89556, 2678
71405, -1421, -89528, 2678
71409, -1419, -89509, 2680
71413, -1417, -89490, 2680
71417, -1416, -89463, 2681
71421, -1415, -89432, 2685
71426, -1414, -89409, 2684
71430, -1412, -89393, 2687
71434, -1410, -89374, 2689
71437, -1409, -89353, 2690
71440, -1407, -89329, 2693
71444, -1405, -89308, 2692
71447, -1404, -89290, 2694
71451, -1403, -89272, 2693
71454, -1402, -89246, 2696
71459, -1401, -89220, 2697
71463, -1400, -89197, 2700
71466, -1399, -89176, 2699
71470, -1397, -89153, 2701
71475, -1395, -89127, 2704
71479, -1394, -89101, 2706
71483, -1392, -89075, 2707
71487, -1391, -89050, 2707
71492, -1389, -89028, 2709
71496, -1388, -89000, 2710
71500, -1386, -88968, 2715
71505, -1384, -88942, 2715
71510, -1383, -88925, 2714
71513, -1382, -88901, 2714
71518, -1380, -88869, 2720
71523, -1378, -88838, 2723
71527, -1377, -88818, 2721
71531, -1375, -88798, 2723
71535, -1373, -88770, 2724
71540, -1372, -88742, 2728
71544, -1371, -88722, 2727
71547, -1369, -88705, 2730
71550, -1368, -88688, 2730
71554, -1366, -88671, 2731
71557, -1365, -88650, 2733
71561, -1364, -88625, 2735
71564, -1363, -88602, 2735
71568, -1362, -88577, 2735
71573, -1361, -88558, 2737
71576, -1359, -88537, 2739
71580, -1358, -88508, 2742
71584, -1356, -88480, 2743
71588, -1355, -88462, 2742
71592, -1354, -88443, 2743
71596, -1352, -88416, 2747
71601, -1351, -88381, 2749
71605, -1349, -88360, 2750
71609, -1348, -88342, 2749
71612, -1346, -88323, 2751
71616, -1345, -88304, 2753
71619, -1344, -88281, 2754
71622, -1343, -88258, 2755
71626, -1342, -88238, 2757
71629, -1341, -88221, 2756
71632, -1340, -88205, 2757
71636, -1339, -88185, 2760
71639, -1337, -88162, 2761
71642, -1336, -88140, 2763
71646, -1335, -88121, 2764
71649, -1333, -88105, 2763
71652, -1333, -88089, 2764
71655, -1332, -88070, 2765
71659, -1330, -88046, 2770
71662, -1329, -88022, 2770
71665, -1328, -88002, 2770
71668, -1327, -87985, 2770
71672, -1326, -87969, 2770
71675, -1325, -87951, 2771
71678, -1325, -87929, 2773
71681, -1323, -87905, 2777
71685, -1322, -87884, 2776
71688, -1321, -87866, 2777
71691, -1320, -87848, 2777
71695, -1319, -87828, 2778
71698, -1318, -87803, 2782
71702, -1316, -87776, 2783
71706, -1315, -87756, 2783
71710, -1314, -87734, 2784
71714, -1312, -87709, 2787
71718, -1311, -87678, 2788
71722, -1309, -87651, 2789
71727, -1308, -87628, 2791
71731, -1307, -87608, 2790
71734, -1306, -87586, 2792
71738, -1304, -87554, 2794
71743, -1303, -87526, 2796
71747, -1302, -87504, 2796
71750, -1300, -87486, 2798
71754, -1299, -87464, 2797
71758, -1298, -87439, 2801
71761, -1297, -87411, 2803
71765, -1295, -87388, 2804
71768, -1294, -87369, 2803
71772, -1292, -87352, 2805
71775, -1291, -87332, 2806
71778, -1290, -87306, 2810
71782, -1289, -87280, 2810
71785, -1287, -87251, 2811
71790, -1286, -87225, 2811
71795, -1285, -87204, 2813
71798, -1284, -87179, 2815
71801, -1283, -87152, 2815
71805, -1281, -87130, 2817
71808, -1280, -87111, 2817
71811, -1279, -87092, 2817
71815, -1279, -87072, 2819
71818, -1277, -87046, 2822
71821, -1276, -87010, 2823
71826, -1275, -86985, 2822
71830, -1273, -86966, 2825
71833, -1272, -86946, 2826
71837, -1271, -86923, 2827
71840, -1270, -86893, 2830
71843, -1268, -86869, 2830
71847, -1267, -86848, 2830
71850, -1266, -86827, 2832
71854, -1265, -86805, 2832
71857, -1264, -86778, 2836
71861, -1262, -86746, 2837
71865, -1261, -86720, 2837
71868, -1260, -86692, 2837
71873, -1258, -86666, 2839
71877, -1257, -86641, 2842
71881, -1256, -86610, 2843
71884, -1255, -86583, 2843
71888, -1253, -86562, 2845
71892, -1252, -86539, 2845
71895, -1251, -86516, 2847
71898, -1250, -86483, 2850
71902, -1248, -86446, 2850
71907, -1247, -86416, 2851
71912, -1246, -86393, 2851
71916, -1245, -86364, 2853
71919, -1243, -86332, 2857
71923, -1242, -86300, 2858
71927, -1240, -86276, 2858
71931, -1239, -86249, 2859
71935, -1237, -86220, 2859
71939, -1236, -86189, 2863
71942, -1235, -86159, 2864
71945, -1234, -86135, 2864
71949, -1232, -86114, 2866
71952, -1231, -86092, 2865
71955, -1230, -86066, 2868
71959, -1229, -86033, 2871
71962, -1227, -86003, 2871
71966, -1226, -85976, 2872
71970, -1225, -85951, 2872
71973, -1224, -85925, 2874
71977, -1223, -85897, 2875
71980, -1222, -85861, 2876
71984, -1221, -85826, 2878
71988, -1220, -85801, 2877
71991, -1218, -85778, 2880
71995, -1217, -85752, 2881
71998, -1216, -85721, 2882
72002, -1215, -85688, 2883
72005, -1214, -85653, 2884
72009, -1213, -85628, 2884
72013, -1211, -85597, 2888
72017, -1210, -85564, 2890
72021, -1208, -85518, 2891
72026, -1207, -85486, 2891
72030, -1205, -85453, 2891
72035, -1204, -85425, 2894
72038, -1203, -85382, 2897
72042, -1201, -85345, 2898
72046, -1200, -85309, 2898
72051, -1198, -85282, 2900
72055, -1197, -85243, 2900
72059, -1195, -85200, 2906
72063, -1194, -85160, 2904
72068, -1192, -85133, 2907
72071, -1191, -85097, 2905
72076, -1189, -85064, 2909
72080, -1188, -85024, 2911
72084, -1187, -84981, 2912
72088, -1186, -84945, 2911
72093, -1184, -84916, 2913
72097, -1183, -84882, 2914
72100, -1182, -84844, 2918
72104, -1181, -84811, 2918
72107, -1179, -84784, 2918
72111, -1178, -84755, 2920
72114, -1177, -84725, 2921
72118, -1175, -84674, 2924
72123, -1174, -84632, 2926
72126, -1173, -84602, 2924
72130, -1171, -84575, 2926
72133, -1170, -84538, 2926
72138, -1169, -84491, 2930
72142, -1168, -84442, 2933
72146, -1166, -84407, 2933
72150, -1165, -84380, 2932
72153, -1163, -84348, 2933
72157, -1162, -84296, 2936
72162, -1161, -84247, 2940
72166, -1160, -84215, 2938
72169, -1158, -84180, 2939
72174, -1157, -84134, 2941
72178, -1155, -84096, 2944
72182, -1154, -84054, 2946
72185, -1152, -84015, 2946
72190, -1151, -83976, 2947
72194, -1149, -83942, 2948
72198, -1148, -83906, 2951
72201, -1147, -83861, 2952
72205, -1146, -83823, 2950
72208, -1145, -83790, 2951
72212, -1144, -83756, 2954
72216, -1143, -83704, 2955
72221, -1142, -83644, 2959
72226, -1140, -83604, 2960
72229, -1138, -83570, 2961
72233, -1137, -83532, 2960
72238, -1135, -83480, 2964
72242, -1134, -83436, 2965
72246, -1133, -83387, 2965
72251, -1132, -83349, 2966
72255, -1130, -83315, 2968
72258, -1128, -83270, 2972
72262, -1127, -83213, 2973
72267, -1125, -83178, 2972
72271, -1124, -83146, 2974
72274, -1123, -83110, 2973
72278, -1122, -83059, 2976
72283, -1121, -83017, 2979
72286, -1119, -82983, 2980
72290, -1118, -82946, 2981
72294, -1116, -82902, 2981
72299, -1114, -82846, 2985
72304, -1113, -82806, 2984
72308, -1112, -82776, 2985
72311, -1111, -82749, 2986
72314, -1110, -82720, 2987
72317, -1109, -82685, 2989
72321, -1108, -82643, 2991
72324, -1107, -82603, 2991
72328, -1106, -82573, 2992
72332, -1104, -82533, 2994
72337, -1103, -82482, 2995
72342, -1102, -82434, 2998
72346, -1100, -82397, 2997
72350, -1099, -82369, 3000
72353, -1098, -82330, 3000
72358, -1096, -82293, 3004
72362, -1094, -82246, 3005
72366, -1093, -82214, 3005
72369, -1092, -82180, 3005
72374, -1091, -82140, 3006
72378, -1089, -82103, 3010
72382, -1088, -82063, 3013
72386, -1087, -82023, 3011
72391, -1085, -81989, 3011
72395, -1084, -81951, 3015
72400, -1082, -81897, 3018
72404, -1081, -81853, 3017
72409, -1080, -81825, 3018
72413, -1078, -81796, 3019
72416, -1077, -81765, 3022
72420, -1076, -81728, 3024
72423, -1074, -81695, 3024
72426, -1073, -81666, 3026
72430, -1071, -81642, 3025
72433, -1071, -81616, 3026
72437, -1070, -81571, 3027
72441, -1069, -81530, 3030
72445, -1068, -81499, 3031
72449, -1066, -81466, 3032
72453, -1065, -81430, 3032
72458, -1063, -81393, 3036
72462, -1062, -81355, 3038
72466, -1061, -81317, 3037
72470, -1059, -81280, 3038
72475, -1058, -81247, 3039
72479, -1057, -81210, 3043
72483, -1055, -81177, 3046
72487, -1053, -81143, 3045
72491, -1052, -81113, 3045
72495, -1050, -81084, 3047
72499, -1049, -81049, 3049
72502, -1048, -81013, 3051
72506, -1047, -80984, 3051
72510, -1046, -80959, 3051
72513, -1045, -80933, 3053
72516, -1044, -80904, 3054
72520, -1042, -80867, 3057
72523, -1041, -80833, 3057
72527, -1040, -80807, 3058
72530, -1039, -80786, 3057
72533, -1038, -80761, 3059
72537, -1037, -80733, 3062
72540, -1036, -80700, 3064
72543, -1035, -80668, 3062
72547, -1034, -80641, 3062
72551, -1033, -80606, 3065
72556, -1032, -80575, 3066
72559, -1031, -80541, 3070
72563, -1029, -80501, 3069
72568, -1027, -80469, 3071
72573, -1026, -80440, 3072
72576, -1024, -80404, 3074
72581, -1023, -80357, 3077
72586, -1022, -80324, 3076
72590, -1020, -80297, 3077
72594, -1019, -80270, 3079
72598, -1017, -80236, 3082
72601, -1016, -80200, 3084
72606, -1015, -80170, 3082
72609, -1013, -80145, 3084
72613, -1012, -80112, 3085
72618, -1011, -80075, 3088
72622, -1010, -80041, 3090
72625, -1008, -80010, 3090
72629, -1007, -79978, 3089
72634, -1006, -79952, 3092
72638, -1005, -79925, 3094
72641, -1004, -79892, 3095
72644, -1002, -79863, 3096
72648, -1001, -79839, 3096
72651, -1000, -79814, 3097
72655, -999, -79779, 3098
72660, -997, -79743, 3104
72663, -996, -79712, 3103
72667, -995, -79686, 3103
72671, -993, -79657, 3104
72675, -991, -79627, 3107
72679, -990, -79594, 3110
72683, -989, -79558, 3109
72686, -988, -79534, 3110
72690, -986, -79511, 3110
72693, -985, -79483, 3112
72697, -985, -79454, 3114
72701, -983, -79425, 3116
72704, -982, -79400, 3116
72708, -981, -79379, 3116
72711, -980, -79357, 3117
72714, -979, -79331, 3118
72718, -978, -79297, 3121
72722, -977, -79264, 3123
72725, -976, -79236, 3121
72729, -974, -79213, 3124
72732, -973, -79190, 3126
72736, -972, -79164, 3126
72739, -971, -79129, 3128
72743, -969, -79096, 3129
72747, -968, -79069, 3129
72750, -967, -79047, 3130
72754, -966, -79025, 3131
72757, -965, -78997, 3132
72760, -964, -78967, 3135
72764, -963, -78942, 3135
72767, -962, -78921, 3137
72770, -960, -78901, 3137
72773, -959, -78874, 3137
72778, -958, -78842, 3141
72781, -957, -78809, 3143
72785, -956, -78780, 3141
72789, -955, -78755, 3143
72792, -953, -78729, 3144
72796, -952, -78704, 3147
72799, -951, -78674, 3147
72803, -950, -78648, 3148
72806, -949, -78622, 3148
72810, -948, -78603, 3149
72813, -947, -78581, 3151
72816, -946, -78552, 3152
72820, -945, -78521, 3155
72823, -943, -78491, 3156
72827, -942, -78466, 3156
72830, -940, -78436, 3157
72835, -939, -78400, 3158
72839, -938, -78357, 3162
72844, -937, -78327, 3162
72848, -935, -78298, 3162
72853, -934, -78264, 3164
72857, -932, -78233, 3166
72861, -931, -78199, 3169
72865, -930, -78175, 3168
72868, -928, -78153, 3171
72871, -927, -78132, 3170
72875, -926, -78110, 3172
72878, -925, -78080, 3173
72881, -923, -78038, 3175
72886, -922, -78004, 3177
72891, -921, -77982, 3177
72894, -920, -77957, 3178
72898, -918, -77920, 3181
72903, -917, -77880, 3182
72907, -916, -77855, 3182
72911, -914, -77827, 3184
72915, -913, -77788, 3185
72920, -911, -77744, 3188
72925, -910, -77717, 3188
72928, -909, -77686, 3190
72933, -907, -77655, 3191
72937, -906, -77624, 3192
72941, -904, -77591, 3196
72945, -903, -77562, 3195
72948, -902, -77536, 3196
72952, -900, -77512, 3199
72956, -899, -77486, 3199
72959, -897, -77458, 3203
72962, -896, -77430, 3202
72966, -894, -77409, 3204
72969, -893, -77389, 3204
72972, -892, -77368, 3203
72976, -892, -77344, 3207
72979, -890, -77314, 3208
72982, -889, -77284, 3209
72985, -888, -77257, 3209
72989, -887, -77234, 3211
72992, -886, -77213, 3210
72995, -885, -77190, 3213
72999, -884, -77163, 3215
73002, -883, -77132, 3215
73005, -882, -77105, 3217
73009, -880, -77085, 3217
73012, -879, -77057, 3218
73017, -878, -77028, 3220
73020, -877, -76985, 3223
73025, -876, -76954, 3222
73029, -874, -76922, 3224
73034, -873, -76897, 3226
73037, -871, -76861, 3228
73042, -869, -76829, 3231
73046, -868, -76794, 3230
73050, -866, -76772, 3231
73054, -865, -76748, 3231
73057, -864, -76712, 3235
73061, -863, -76678, 3237
73065, -862, -76651, 3236
73069, -860, -76631, 3237
73072, -859, -76608, 3238
73076, -858, -76580, 3240
73079, -857, -76549, 3243
73083, -855, -76519, 3243
73086, -854, -76495, 3244
73089, -853, -76464, 3244
73094, -852, -76437, 3246
73098, -850, -76405, 3249
73101, -849, -76366, 3249
73106, -848, -76334, 3251
73111, -846, -76308, 3251
73115, -845, -76270, 3253
73120, -844, -76226, 3256
73124, -842, -76194, 3257
73129, -841, -76168, 3257
73132, -839, -76138, 3259
73137, -838, -76110, 3261
73140, -836, -76073, 3264
73144, -835, -76042, 3264
73148, -833, -76020, 3264
73152, -832, -75993, 3265
73155, -831, -75957, 3266
73160, -830, -75919, 3269
73164, -829, -75890, 3271
73168, -828, -75857, 3269
73173, -826, -75825, 3272
73177, -824, -75795, 3275
73181, -823, -75761, 3277
73184, -822, -75732, 3277
73188, -820, -75705, 3277
73191, -819, -75678, 3277
73195, -818, -75653, 3279
73198, -817, -75625, 3283
73202, -816, -75594, 3284
73205, -814, -75569, 3284
73209, -813, -75544, 3284
73212, -812, -75522, 3285
73216, -811, -75496, 3287
73219, -810, -75464, 3290
73222, -809, -75434, 3289
73226, -807, -75409, 3291
73229, -806, -75385, 3290
73233, -805, -75361, 3292
73236, -804, -75337, 3294
73239, -803, -75307, 3296
73243, -802, -75278, 3297
73246, -800, -75254, 3298
73249, -799, -75232, 3298
73252, -798, -75210, 3299
73255, -797, -75184, 3300
73259, -796, -75153, 3303
73262, -795, -75125, 3303
73265, -794, -75102, 3305
73269, -793, -75080, 3304
73272, -792, -75059, 3305
73275, -791, -75034, 3307
73278, -789, -75004, 3310
73282, -788, -74972, 3310
73285, -787, -74945, 3310
73288, -786, -74921, 3311
73291, -785, -74898, 3313
73295, -784, -74874, 3313
73298, -783, -74845, 3316
73301, -782, -74812, 3317
73305, -780, -74786, 3317
73308, -780, -74764, 3317
73311, -779, -74741, 3318
73314, -778, -74715, 3321
73318, -777, -74684, 3322
73321, -775, -74653, 3324
73324, -774, -74627, 3324
73327, -773, -74603, 3324
73330, -772, -74580, 3326
73334, -771, -74555, 3325
73337, -770, -74526, 3328
73341, -769, -74489, 3330
73344, -768, -74460, 3330
73347, -767, -74434, 3331
73351, -765, -74410, 3332
73354, -765, -74386, 3332
73357, -763, -74359, 3336
73360, -762, -74327, 3337
73363, -761, -74299, 3337
73367, -760, -74274, 3338
73370, -758, -74251, 3339
73373, -758, -74224, 3338
73377, -757, -74193, 3341
73380, -756, -74158, 3344
73384, -754, -74126, 3344
73387, -753, -74099, 3345
73391, -752, -74073, 3344
73394, -751, -74046, 3348
73398, -750, -74014, 3349
73401, -748, -73979, 3352
73404, -747, -73949, 3351
73408, -745, -73923, 3352
73411, -744, -73898, 3352
73414, -743, -73873, 3354
73417, -743, -73845, 3354
73421, -742, -73808, 3357
73424, -741, -73778, 3358
73427, -739, -73752, 3358
73431, -739, -73727, 3358
73434, -737, -73702, 3360
73437, -736, -73672, 3362
73440, -735, -73636, 3364
73444, -734, -73605, 3365
73447, -732, -73580, 3365
73450, -731, -73556, 3365
73453, -731, -73532, 3366
73457, -730, -73500, 3368
73460, -729, -73463, 3371
73463, -727, -73430, 3371
73467, -726, -73403, 3371
73470, -725, -73378, 3370
73473, -724, -73353, 3373
73476, -724, -73324, 3374
73480, -722, -73288, 3378
73483, -721, -73254, 3378
73486, -719, -73226, 3378
73490, -718, -73199, 3379
73493, -717, -73172, 3380
73496, -716, -73140, 3382
73500, -715, -73103, 3385
73503, -713, -73071, 3385
73506, -712, -73042, 3385
73510, -711, -73018, 3385
73513, -711, -72991, 3385
73516, -710, -72961, 3388
73519, -709, -72924, 3391
73523, -708, -72889, 3391
73526, -706, -72859, 3391
73529, -705, -72834, 3391
73532, -704, -72808, 3393
73536, -704, -72778, 3394
73539, -702, -72741, 3397
73542, -701, -72704, 3398
73545, -700, -72671, 3398
73549, -699, -72644, 3398
73552, -698, -72618, 3399
73555, -697, -72586, 3400
73559, -696, -72551, 3403
73562, -695, -72514, 3405
73565, -693, -72483, 3404
73568, -692, -72454, 3405
73572, -691, -72427, 3406
73575, -690, -72397, 3407
73578, -689, -72360, 3410
73581, -688, -72323, 3411
73585, -686, -72292, 3412
73588, -685, -72265, 3411
73591, -684, -72237, 3413
73594, -683, -72208, 3414
73598, -683, -72172, 3415
73601, -681, -72133, 3418
73604, -680, -72099, 3419
73607, -679, -72070, 3418
73611, -678, -72042, 3420
73614, -676, -72015, 3421
73617, -676, -71980, 3422
73620, -674, -71940, 3426
73623, -673, -71903, 3424
73627, -672, -71873, 3425
73630, -671, -71845, 3425
73633, -670, -71816, 3426
73637, -670, -71781, 3428
73640, -668, -71739, 3432
73643, -667, -71701, 3430
73647, -666, -71668, 3431
73650, -665, -71639, 3432
73653, -664, -71609, 3432
73656, -664, -71576, 3435
73660, -662, -71536, 3437
73663, -661, -71497, 3439
73666, -660, -71465, 3437
73669, -658, -71435, 3438
73673, -658, -71404, 3439
73676, -657, -71371, 3441
73679, -656, -71330, 3442
73682, -655, -71292, 3445
73686, -654, -71259, 3443
73689, -653, -71229, 3443
73692, -652, -71198, 3446
73695, -651, -71164, 3447
73699, -650, -71124, 3450
73702, -648, -71082, 3451
73705, -647, -71048, 3450
73708, -646, -71017, 3451
73712, -645, -70988, 3451
73715, -645, -70956, 3451
73718, -644, -70915, 3456
73721, -643, -70871, 3456
73725, -641, -70836, 3457
73728, -640, -70803, 3457
73731, -639, -70773, 3457
73734, -638, -70741, 3460
73738, -637, -70702, 3462
73741, -636, -70655, 3463
73744, -635, -70616, 3463
73747, -633, -70583, 3465
73751, -632, -70552, 3465
73754, -631, -70519, 3465
73757, -630, -70479, 3468
73760, -629, -70432, 3470
73764, -628, -70391, 3470
73767, -627, -70355, 3471
73770, -626, -70322, 3470
73774, -625, -70288, 3471
73777, -625, -70250, 3473
73780, -624, -70202, 3475
73783, -623, -70159, 3476
73787, -621, -70122, 3476
73790, -620, -70089, 3476
73793, -620, -70056, 3477
73796, -619, -70018, 3480
73800, -617, -69967, 3482
73803, -616, -69922, 3483
73806, -615, -69884, 3481
73809, -614, -69851, 3483
73813, -613, -69817, 3483
73816, -613, -69779, 3485
73819, -612, -69730, 3488
73822, -610, -69683, 3489
73826, -609, -69642, 3488
73829, -608, -69606, 3490
73832, -606, -69572, 3491
73835, -606, -69535, 3491
73839, -605, -69488, 3493
73842, -604, -69437, 3493
73845, -603, -69394, 3495
73848, -602, -69357, 3494
73852, -602, -69322, 3495
73855, -601, -69282, 3497
73858, -599, -69234, 3500
73861, -598, -69179, 3502
73865, -596, -69135, 3502
73868, -595, -69098, 3501
73871, -594, -69062, 3502
73874, -594, -69022, 3502
73878, -593, -68975, 3505
73881, -592, -68920, 3508
73884, -591, -68874, 3507
73887, -589, -68836, 3509
73891, -588, -68796, 3508
73894, -587, -68757, 3510
73897, -587, -68712, 3511
73900, -585, -68656, 3513
73904, -584, -68607, 3514
73907, -583, -68565, 3514
73910, -582, -68527, 3515
73913, -581, -68487, 3515
73917, -581, -68441, 3516
73920, -580, -68380, 3520
73923, -579, -68328, 3519
73927, -577, -68282, 3521
73930, -576, -68242, 3522
73933, -575, -68202, 3522
73937, -574, -68153, 3524
73940, -572, -68093, 3527
73943, -571, -68037, 3526
73947, -570, -67990, 3527
73950, -569, -67949, 3527
73953, -569, -67906, 3528
73956, -568, -67857, 3530
73960, -567, -67790, 3531
73963, -566, -67734, 3533
73966, -565, -67687, 3533
73970, -563, -67641, 3534
73973, -563, -67593, 3533
73977, -562, -67536, 3536
73980, -561, -67472, 3539
73983, -559, -67414, 3539
73987, -558, -67366, 3541
73990, -557, -67322, 3540
73993, -556, -67278, 3539
73997, -555, -67215, 3543
74001, -554, -67147, 3545
74004, -553, -67095, 3546
74007, -552, -67048, 3545
74011, -551, -67006, 3545
74014, -550, -66963, 3548
74017, -549, -66910, 3549
74021, -548, -66842, 3550
74024, -547, -66787, 3552
74028, -545, -66739, 3552
74031, -544, -66696, 3553
74034, -543, -66653, 3555
74038, -542, -66600, 3556
74041, -541, -66540, 3558
74044, -539, -66489, 3559
74048, -538, -66444, 3560
74051, -537, -66404, 3559
74055, -536, -66359, 3561
74058, -535, -66303, 3563
74061, -534, -66247, 3565
74065, -534, -66201, 3562
74068, -532, -66161, 3565
74071, -531, -66124, 3566
74074, -531, -66083, 3566
74078, -530, -66033, 3568
74081, -528, -65979, 3571
74084, -527, -65934, 3570
74088, -527, -65896, 3570
74091, -525, -65859, 3572
74094, -525, -65820, 3572
74097, -524, -65773, 3575
74101, -522, -65719, 3577
74104, -521, -65672, 3576
74108, -520, -65634, 3577
74111, -519, -65599, 3577
74115, -519, -65557, 3577
74118, -518, -65510, 3581
74121, -516, -65461, 3584
74125, -515, -65420, 3582
74128, -514, -65383, 3582
74131, -513, -65348, 3584
74135, -512, -65309, 3585
74138, -511, -65260, 3588
74142, -510, -65210, 3589
74145, -509, -65168, 3588
74149, -508, -65134, 3589
74152, -507, -65101, 3590
74156, -506, -65063, 3591
74159, -505, -65016, 3595
74162, -504, -64972, 3594
74166, -503, -64934, 3594
74169, -502, -64902, 3594
74172, -501, -64872, 3595
74175, -501, -64839, 3596
74179, -500, -64794, 3600
74182, -498, -64750, 3601
74185, -497, -64714, 3601
74188, -496, -64681, 3601
74192, -495, -64651, 3601
74195, -494, -64618, 3603
74199, -493, -64571, 3605
74202, -492, -64528, 3607
74206, -491, -64491, 3607
74209, -490, -64459, 3608
74213, -489, -64429, 3608
74216, -488, -64395, 3610
74219, -487, -64352, 3612
74223, -485, -64311, 3614
74227, -484, -64276, 3613
74230, -483, -64245, 3612
74234, -483, -64214, 3614
74237, -482, -64181, 3616
74241, -481, -64138, 3619
74244, -480, -64103, 3618
74248, -479, -64075, 3618
74251, -478, -64050, 3619
74254, -477, -64021, 3621
74258, -476, -63986, 3621
74261, -475, -63947, 3624
74264, -474, -63914, 3625
74267, -472, -63883, 3625
74271, -472, -63857, 3625
74274, -471, -63831, 3626
74278, -470, -63799, 3628
74281, -469, -63761, 3629
74284, -468, -63729, 3630
74287, -467, -63701, 3629
74291, -466, -63675, 3632
74294, -465, -63648, 3631
74297, -465, -63618, 3633
74301, -463, -63584, 3637
74304, -462, -63555, 3635
74307, -461, -63529, 3635
74311, -461, -63505, 3635
74314, -460, -63481, 3637
74317, -460, -63452, 3638
74320, -458, -63417, 3641
74324, -457, -63387, 3640
74327, -456, -63362, 3640
74330, -456, -63340, 3641
74333, -455, -63318, 3642
74337, -454, -63291, 3643
74340, -453, -63255, 3646
74344, -452, -63225, 3647
74347, -451, -63198, 3647
74351, -450, -63173, 3647
74354, -449, -63148, 3648
74358, -448, -63119, 3651
74361, -447, -63087, 3651
74365, -446, -63061, 3652
74368, -445, -63037, 3651
74372, -444, -63016, 3653
74375, -444, -62992, 3653
74379, -443, -62961, 3656
74382, -442, -62930, 3657
74385, -440, -62904, 3657
74388, -440, -62882, 3657
74392, -439, -62861, 3658
74395, -438, -62838, 3659
74398, -437, -62812, 3661
74402, -436, -62781, 3663
74405, -435, -62756, 3661
74409, -434, -62735, 3662
74412, -434, -62715, 3663
74415, -433, -62691, 3664
74419, -432, -62658, 3666
74422, -431, -62627, 3668
74426, -430, -62601, 3668
74430, -429, -62578, 3668
74433, -428, -62557, 3670
74436, -427, -62533, 3670
74440, -426, -62504, 3673
74443, -425, -62475, 3672
74447, -424, -62451, 3673
74450, -423, -62430, 3674
74453, -422, -62409, 3674
74457, -422, -62385, 3675
74460, -421, -62355, 3679
74463, -419, -62327, 3680
74467, -418, -62304, 3678
74470, -417, -62283, 3679
74474, -416, -62263, 3680
74477, -416, -62237, 3682
74481, -415, -62205, 3684
74484, -414, -62177, 3684
74487, -413, -62155, 3685
74491, -412, -62135, 3685
74494, -411, -62114, 3686
74497, -410, -62088, 3686
74501, -409, -62058, 3690
74504, -408, -62032, 3689
74508, -408, -62012, 3689
74511, -407, -61993, 3690
74514, -406, -61971, 3691
74518, -405, -61944, 3694
74521, -404, -61910, 3696
74525, -402, -61882, 3695
74528, -401, -61859, 3697
74532, -400, -61837, 3697
74535, -399, -61815, 3698
74539, -398, -61786, 3700
74542, -397, -61757, 3700
74546, -396, -61733, 3701
74549, -395, -61712, 3702
74553, -394, -61690, 3703
74556, -394, -61665, 3703
74560, -392, -61633, 3709
74563, -390, -61604, 3709
74567, -389, -61583, 3707
74570, -388, -61563, 3708
74573, -387, -61542, 3708
74577, -387, -61517, 3710
74581, -386, -61486, 3713
74584, -385, -61461, 3713
74587, -384, -61441, 3714
74591, -383, -61422, 3714
74594, -382, -61401, 3715
74597, -381, -61375, 3718
74601, -379, -61346, 3720
74604, -378, -61321, 3719
74607, -377, -61299, 3719
74610, -376, -61279, 3720
74614, -376, -61260, 3721
74617, -375, -61236, 3724
74620, -374, -61207, 3726
74624, -372, -61184, 3726
74627, -371, -61163, 3727
74630, -370, -61144, 3726
74633, -369, -61124, 3727
74637, -369, -61101, 3728
74640, -368, -61072, 3732
74643, -367, -61047, 3732
74646, -365, -61027, 3732
74650, -364, -61008, 3732
74653, -363, -60989, 3733
74656, -363, -60966, 3735
74660, -362, -60939, 3738
74663, -360, -60913, 3738
74666, -359, -60892, 3738
74669, -358, -60872, 3739
74673, -357, -60848, 3739
74677, -357, -60823, 3740
74680, -356, -60793, 3744
74684, -355, -60769, 3743
74687, -353, -60748, 3745
74691, -352, -60729, 3745
74694, -351, -60708, 3746
74698, -350, -60682, 3748
74701, -349, -60653, 3750
74705, -348, -60630, 3751
74708, -346, -60608, 3751
74712, -345, -60587, 3751
74715, -344, -60566, 3753
74718, -343, -60542, 3755
74722, -342, -60515, 3756
74725, -341, -60493, 3756
74729, -340, -60474, 3757
74732, -339, -60455, 3757
74735, -338, -60433, 3760
74739, -337, -60405, 3761
74742, -336, -60378, 3763
74745, -335, -60356, 3763
74749, -334, -60336, 3763
74752, -333, -60316, 3764
74756, -332, -60294, 3765
74759, -331, -60264, 3768
74763, -329, -60239, 3771
74766, -328, -60218, 3769
74770, -327, -60199, 3769
74773, -326, -60181, 3772
74776, -325, -60159, 3772
74780, -324, -60129, 3776
74784, -323, -60103, 3776
74787, -321, -60080, 3775
74791, -321, -60061, 3776
74794, -320, -60042, 3777
74797, -319, -60021, 3780
74800, -318, -59996, 3781
74803, -317, -59974, 3781
74807, -316, -59955, 3781
74810, -315, -59937, 3782
74813, -314, -59919, 3783
74816, -313, -59897, 3785
74820, -312, -59871, 3787
74823, -311, -59847, 3788
74826, -309, -59826, 3789
74829, -308, -59808, 3789
74833, -307, -59789, 3790
74836, -306, -59769, 3792
74839, -305, -59744, 3793
74843, -304, -59721, 3794
74846, -303, -59701, 3795
74849, -302, -59683, 3795
74852, -301, -59666, 3796
74855, -300, -59646, 3799
74859, -299, -59621, 3800
74862, -297, -59595, 3801
74865, -296, -59574, 3800
74868, -295, -59556, 3801
74872, -295, -59538, 3802
74875, -294, -59520, 3803
74878, -293, -59497, 3806
74881, -292, -59472, 3807
74885, -290, -59452, 3808
74888, -289, -59434, 3807
74891, -288, -59416, 3809
74894, -287, -59398, 3811
74898, -286, -59376, 3812
74901, -285, -59350, 3814
74904, -284, -59327, 3812
74907, -283, -59308, 3814
74910, -282, -59291, 3815
74914, -281, -59273, 3816
74917, -281, -59253, 3818
74920, -279, -59228, 3820
74923, -278, -59207, 3819
74927, -277, -59187, 3819
74930, -276, -59170, 3822
74933, -275, -59153, 3822
74936, -274, -59132, 3824
74940, -273, -59108, 3827
74943, -271, -59084, 3826
74946, -271, -59065, 3825
74950, -270, -59048, 3828
74953, -269, -59030, 3828
74956, -268, -59010, 3831
74960, -267, -58986, 3833
74963, -265, -58964, 3833
74966, -264, -58945, 3834
74970, -263, -58927, 3833
74973, -262, -58907, 3835
74977, -261, -58886, 3837
74980, -260, -58860, 3839
74984, -259, -58837, 3839
74988, -258, -58816, 3838
74991, -257, -58798, 3841
74995, -256, -58777, 3843
74998, -254, -58754, 3845
75002, -253, -58729, 3847
75005, -251, -58708, 3846
75009, -250, -58691, 3847
75012, -249, -58672, 3849
75016, -248, -58651, 3849
75019, -247, -58624, 3853
75023, -245, -58599, 3853
75027, -244, -58580, 3853
75030, -243, -58563, 3853
75033, -242, -58544, 3854
75036, -242, -58524, 3856
75040, -241, -58500, 3859
75043, -239, -58477, 3859
75047, -238, -58458, 3859
75050, -237, -58441, 3861
75053, -236, -58423, 3861
75056, -235, -58403, 3862
75060, -234, -58379, 3865
75063, -233, -58357, 3866
75066, -232, -58339, 3866
75069, -230, -58321, 3867
75073, -229, -58303, 3867
75076, -228, -58281, 3870
75080, -227, -58253, 3871
75083, -226, -58229, 3872
75087, -225, -58210, 3874
75090, -224, -58192, 3873
75094, -223, -58173, 3874
75097, -222, -58152, 3876
75100, -221, -58125, 3878
75104, -219, -58101, 3880
75108, -218, -58079, 3879
75112, -217, -58060, 3881
75115, -216, -58040, 3881
75119, -215, -58017, 3884
75122, -214, -57993, 3885
75125, -212, -57972, 3886
75129, -211, -57955, 3885
75132, -210, -57934, 3887
75136, -209, -57914, 3889
75139, -208, -57890, 3892
75142, -206, -57868, 3893
75146, -205, -57847, 3892
75149, -204, -57830, 3893
75152, -203, -57813, 3893
75155, -202, -57793, 3895
75159, -201, -57768, 3898
75162, -200, -57743, 3900
75166, -199, -57720, 3899
75170, -197, -57699, 3899
75174, -196, -57679, 3901
75177, -195, -57657, 3903
75181, -194, -57628, 3904
75185, -193, -57605, 3907
75188, -192, -57585, 3905
75192, -190, -57567, 3907
75195, -189, -57544, 3908
75199, -188, -57517, 3911
75202, -187, -57493, 3912
75206, -186, -57472, 3912
75209, -184, -57453, 3913
75213, -183, -57434, 3915
75216, -182, -57410, 3916
75220, -181, -57383, 3919
75224, -179, -57359, 3919
75227, -178, -57338, 3919
75231, -177, -57318, 3921
75235, -176, -57300, 3922
75238, -175, -57276, 3923
75242, -174, -57249, 3925
75245, -172, -57225, 3925
75249, -171, -57206, 3927
75252, -170, -57187, 3927
75256, -169, -57165, 3928
75260, -168, -57136, 3931
75264, -167, -57111, 3932
75267, -165, -57093, 3934
75270, -164, -57075, 3933
75274, -163, -57056, 3934
75277, -162, -57033, 3937
75280, -160, -57007, 3938
75284, -160, -56982, 3938
75288, -158, -56961, 3939
75291, -157, -56942, 3940
75295, -156, -56919, 3943
75299, -155, -56893, 3943
75303, -153, -56866, 3946
75306, -152, -56847, 3945
75309, -151, -56827, 3944
75313, -151, -56808, 3947
75316, -149, -56785, 3950
75320, -148, -56756, 3951
75324, -147, -56732, 3952
75328, -145, -56711, 3952
75331, -144, -56692, 3952
75335, -143, -56669, 3954
75339, -142, -56645, 3957
75342, -141, -56621, 3959
75345, -139, -56599, 3959
75348, -138, -56580, 3959
75352, -137, -56558, 3960
75356, -136, -56535, 3962
75360, -135, -56507, 3964
75363, -134, -56483, 3965
75366, -132, -56463, 3965
75370, -131, -56447, 3966
75373, -130, -56430, 3967
75376, -129, -56407, 3969
75380, -128, -56382, 3972
75383, -127, -56357, 3971
75386, -125, -56335, 3972
75390, -124, -56316, 3973
75393, -123, -56295, 3974
75397, -122, -56269, 3976
75401, -121, -56241, 3978
75405, -120, -56217, 3978
75408, -118, -56198, 3980
75412, -117, -56178, 3980
75415, -116, -56157, 3980
75418, -115, -56129, 3984
75422, -114, -56102, 3985
75426, -113, -56079, 3985
75430, -112, -56059, 3985
75433, -110, -56037, 3988
75437, -109, -56008, 3990
75441, -108, -55981, 3991
75445, -107, -55957, 3991
75448, -105, -55939, 3991
75452, -104, -55921, 3993
75455, -104, -55900, 3994
75459, -102, -55870, 3997
75463, -101, -55840, 3999
75467, -100, -55815, 3997
75470, -98, -55795, 4000
75474, -97, -55775, 4000
75477, -96, -55752, 4003
75480, -95, -55725, 4005
75484, -93, -55702, 4004
75487, -92, -55684, 4006
75490, -91, -55665, 4006
75494, -90, -55644, 4006
75498, -89, -55612, 4009
75502, -88, -55582, 4012
75505, -87, -55558, 4012
75509, -85, -55538, 4013
75513, -84, -55515, 4012
75517, -83, -55486, 4015
75521, -82, -55456, 4018
75524, -80, -55430, 4019
75528, -79, -55408, 4019
75532, -78, -55387, 4019
75535, -76, -55365, 4021
75539, -75, -55338, 4024
75543, -74, -55306, 4024
75546, -73, -55283, 4023
75550, -72, -55261, 4027
75554, -71, -55238, 4026
75558, -70, -55212, 4028
75561, -69, -55182, 4031
75565, -67, -55157, 4032
75568, -66, -55137, 4032
75572, -64, -55115, 4033
75575, -63, -55094, 4033
75578, -62, -55069, 4037
75582, -61, -55043, 4037
75585, -60, -55018, 4038
75588, -59, -54998, 4039
75592, -57, -54978, 4040
75595, -57, -54956, 4041
75598, -55, -54931, 4043
75602, -54, -54904, 4044
75605, -53, -54881, 4045
75608, -52, -54860, 4045
75612, -51, -54837, 4046
75616, -50, -54813, 4048
75619, -49, -54787, 4049
75622, -48, -54757, 4051
75625, -47, -54734, 4050
75629, -46, -54715, 4050
75632, -45, -54695, 4052
75635, -44, -54672, 4053
75638, -43, -54641, 4056
75642, -42, -54611, 4057
75646, -40, -54585, 4058
75650, -39, -54561, 4058
75654, -38, -54535, 4058
75657, -37, -54507, 4060
75661, -36, -54476, 4064
75664, -35, -54451, 4063
75667, -34, -54430, 4063
75671, -33, -54411, 4063
75674, -32, -54388, 4065
75677, -31, -54364, 4068
75680, -30, -54334, 4069
75684, -29, -54308, 4070
75687, -27, -54284, 4071
75690, -26, -54262, 4072
75694, -25, -54239, 4072
75697, -24, -54213, 4074
75700, -22, -54183, 4077
75703, -21, -54156, 4078
75707, -20, -54133, 4077
75710, -19, -54110, 4078
75713, -18, -54085, 4078
75717, -17, -54055, 4080
75721, -16, -54019, 4083
75725, -15, -53991, 4083
75728, -14, -53968, 4085
75731, -12, -53945, 4086
75735, -11, -53921, 4085
75738, -10, -53891, 4087
75741, -9, -53858, 4089
75745, -8, -53830, 4091
75748, -7, -53808, 4089
75751, -6, -53785, 4090
75755, -5, -53759, 4092
75758, -4, -53730, 0
75761, -3, -53698, 4095
75765, -2, -53670, 0
75768, -1, -53646, 4095
75771, 0, -53623, 2
75774, 0, -53597, 3
75778, 1, -53566, 3
75781, 2, -53530, 7
75785, 4, -53500, 7
75788, 5, -53475, 6
75792, 6, -53451, 7
75795, 7, -53421, 10
75799, 8, -53386, 12
75802, 9, -53351, 14
75806, 11, -53323, 14
75809, 13, -53299, 15
75812, 14, -53275, 15
75816, 15, -53248, 17
75819, 16, -53214, 19
75822, 17, -53181, 20
75825, 18, -53152, 20
75829, 19, -53126, 21
75832, 20, -53102, 21
75835, 21, -53075, 23
75838, 21, -53041, 24
75842, 23, -53005, 27
75845, 24, -52976, 26
75848, 25, -52950, 26
75851, 26, -52924, 28
75855, 27, -52897, 29
75858, 27, -52858, 30
75862, 29, -52818, 32
75865, 30, -52786, 32
75869, 31, -52760, 33
75872, 32, -52730, 33
75876, 32, -52697, 34
75879, 34, -52660, 38
75883, 35, -52624, 40
75886, 37, -52593, 40
75890, 38, -52563, 40
75893, 39, -52532, 41
75897, 41, -52495, 44
75900, 42, -52456, 46
75904, 43, -52421, 46
75907, 44, -52390, 46
75910, 45, -52363, 47
75914, 46, -52334, 47
75917, 46, -52303, 48
75920, 47, -52265, 50
75923, 48, -52229, 52
75926, 49, -52197, 52
75930, 51, -52167, 53
75933, 52, -52135, 54
75937, 53, -52098, 56
75940, 54, -52058, 59
75943, 56, -52022, 59
75947, 57, -51990, 60
75950, 58, -51962, 60
75953, 59, -51930, 61
75957, 60, -51892, 63
75960, 61, -51851, 65
75963, 62, -51813, 65
75967, 64, -51780, 67
75970, 65, -51751, 66
75973, 66, -51721, 67
75976, 67, -51685, 70
75980, 68, -51641, 70
75983, 69, -51603, 73
75986, 70, -51568, 71
75989, 71, -51538, 71
75993, 71, -51507, 73
75996, 72, -51472, 75
75999, 73, -51429, 78
76002, 75, -51387, 79
76005, 76, -51352, 79
76009, 78, -51319, 80
76012, 78, -51288, 78
76015, 79, -51253, 81
76018, 80, -51211, 84
76022, 81, -51164, 85
76025, 82, -51126, 85
76028, 84, -51092, 86
76031, 85, -51060, 87
76034, 86, -51025, 88
76038, 87, -50985, 90
76041, 88, -50939, 91
76044, 89, -50897, 91
76047, 90, -50863, 93
76050, 91, -50831, 92
76054, 92, -50797, 94
76057, 93, -50759, 95
76060, 94, -50714, 97
76063, 95, -50672, 99
76066, 97, -50637, 100
76070, 98, -50605, 99
76073, 99, -50571, 101
76076, 100, -50535, 101
76079, 101, -50492, 104
76082, 102, -50447, 106
76086, 103, -50410, 105
76089, 104, -50377, 104
76092, 105, -50345, 107
76095, 106, -50311, 108
76099, 106, -50269, 110
76102, 108, -50225, 112
76105, 109, -50187, 112
76108, 110, -50152, 111
76112, 111, -50121, 114
76115, 112, -50086, 114
76118, 113, -50042, 115
76122, 114, -50000, 118
76125, 116, -49963, 119
76128, 116, -49928, 117
76132, 117, -49891, 119
76136, 118, -49855, 121
76139, 119, -49816, 123
76142, 121, -49776, 125
76145, 122, -49741, 124
76148, 123, -49708, 124
76152, 124, -49674, 125
76156, 125, -49636, 127
76159, 126, -49594, 131
76163, 127, -49551, 132
76166, 129, -49516, 132
76169, 130, -49486, 132
76173, 132, -49455, 133
76176, 132, -49419, 134
76179, 133, -49380, 136
76182, 134, -49341, 138
76186, 135, -49306, 138
76189, 137, -49274, 140
76193, 138, -49245, 138
76196, 139, -49213, 142
76199, 140, -49175, 143
76202, 141, -49135, 145
76205, 142, -49102, 145
76209, 144, -49072, 145
76212, 144, -49044, 145
76215, 145, -49014, 148
76218, 146, -48979, 149
76221, 147, -48940, 151
76225, 149, -48904, 152
76228, 150, -48872, 152
76232, 151, -48839, 153
76236, 152, -48805, 154
76239, 153, -48767, 157
76242, 155, -48730, 159
76245, 156, -48699, 158
76249, 157, -48671, 157
76252, 158, -48643, 159
76255, 158, -48612, 160
76258, 159, -48576, 163
76262, 160, -48538, 164
76265, 162, -48506, 164
76268, 163, -48478, 164
76272, 164, -48448, 166
76275, 164, -48418, 166
76278, 166, -48380, 170
76282, 167, -48338, 171
76285, 168, -48303, 171
76289, 169, -48275, 171
76292, 171, -48247, 173
76295, 172, -48217, 174
76299, 173, -48176, 176
76303, 174, -48139, 178
76306, 176, -48105, 179
76310, 176, -48079, 177
76313, 177, -48050, 179
76316, 178, -48018, 181
76320, 179, -47978, 183
76323, 180, -47942, 184
76327, 182, -47912, 185
76330, 183, -47883, 184
76334, 184, -47853, 188
76338, 186, -47818, 189
76341, 187, -47777, 191
76344, 188, -47747, 191
76348, 190, -47722, 192
76351, 191, -47696, 192
76354, 192, -47664, 194
76358, 193, -47631, 196
76361, 194, -47593, 198
76364, 195, -47562, 198
76368, 196, -47535, 197
76371, 197, -47509, 199
76374, 198, -47478, 199
76378, 199, -47447, 203
76381, 200, -47410, 204
76384, 201, -47378, 204
76388, 202, -47349, 204
76391, 203, -47323, 204
76395, 204, -47295, 207
76398, 205, -47261, 209
76402, 207, -47226, 212
76405, 208, -47195, 212
76408, 210, -47171, 210
76411, 211, -47147, 212
76415, 211, -47120, 213
76418, 212, -47088, 216
76421, 213, -47053, 218
76424, 215, -47023, 217
76428, 216, -46997, 218
76431, 217, -46973, 217
76434, 218, -46947, 220
76437, 218, -46917, 221
76441, 220, -46880, 224
76444, 221, -46848, 224
76448, 222, -46822, 224
76451, 223, -46797, 224
76454, 224, -46769, 227
76458, 225, -46740, 230
76461, 227, -46705, 231
76464, 228, -46677, 229
76467, 229, -46653, 230
76471, 230, -46628, 231
76474, 230, -46601, 233
76477, 231, -46570, 234
76481, 233, -46533, 237
76484, 234, -46502, 236
76488, 235, -46476, 238
76491, 236, -46452, 238
76494, 237, -46427, 240
76497, 238, -46399, 242
76501, 240, -46367, 243
76504, 241, -46338, 244
76507, 242, -46313, 245
76510, 243, -46289, 245
76513, 244, -46265, 246
76517, 245, -46238, 247
76520, 246, -46204, 251
76523, 247, -46171, 250
76527, 249, -46144, 251
76530, 250, -46119, 251
76534, 251, -46093, 252
76537, 251, -46063, 254
76540, 253, -46031, 258
76544, 254, -46000, 258
76547, 255, -45975, 257
76550, 256, -45950, 257
76554, 258, -45923, 261
76557, 259, -45891, 262
76561, 260, -45856, 264
76564, 261, -45825, 265
76568, 263, -45800, 264
76571, 263, -45777, 264
76574, 264, -45752, 266
76577, 265, -45725, 268
76581, 266, -45692, 270
76584, 267, -45663, 271
76587, 269, -45638, 270
76590, 270, -45614, 272
76594, 271, -45589, 273
76597, 272, -45561, 275
76600, 273, -45527, 278
76604, 275, -45496, 279
76607, 276, -45470, 279
76610, 277, -45448, 278
76614, 278, -45423, 280
76617, 279, -45397, 281
76620, 280, -45365, 284
76623, 281, -45336, 285
76626, 282, -45311, 284
76630, 283, -45288, 285
76633, 284, -45265, 286
76636, 285, -45239, 286
76639, 286, -45208, 290
76642, 287, -45178, 292
76645, 289, -45151, 291
76649, 290, -45129, 293
76652, 291, -45105, 292
76655, 292, -45081, 294
76658, 293, -45052, 295
76661, 294, -45020, 297
76665, 295, -44993, 299
76668, 296, -44969, 299
76671, 297, -44947, 299
76674, 299, -44923, 301
76677, 299, -44895, 301
76680, 301, -44864, 306
76684, 302, -44836, 303
76687, 303, -44810, 304
76691, 303, -44785, 305
76694, 305, -44760, 308
76698, 306, -44721, 310
76702, 307, -44687, 310
76705, 309, -44658, 312
76709, 310, -44633, 310
76712, 310, -44609, 312
76715, 311, -44584, 314
76719, 312, -44553, 316
76722, 314, -44520, 318
76725, 315, -44491, 318
76729, 317, -44466, 319
76733, 318, -44441, 320
76736, 319, -44413, 320
76740, 320, -44380, 323
76743, 321, -44349, 326
76746, 323, -44324, 326
76749, 324, -44301, 326
76753, 325, -44277, 327
76756, 326, -44247, 328
76760, 327, -44213, 332
76763, 328, -44183, 331
76767, 330, -44155, 332
76770, 331, -44131, 333
76774, 332, -44105, 334
76777, 333, -44076, 336
76781, 334, -44040, 336
76784, 335, -44008, 339
76788, 337, -43985, 340
76791, 338, -43962, 340
76794, 339, -43938, 340
76798, 340, -43909, 343
76801, 341, -43876, 345
76804, 342, -43847, 345
76807, 343, -43822, 345
76811, 344, -43797, 346
76814, 345, -43770, 348
76818, 346, -43736, 349
76822, 348, -43703, 352
76825, 349, -43674, 352
76829, 350, -43650, 353
76832, 352, -43624, 354
76836, 353, -43598, 355
76839, 354, -43565, 358
76842, 355, -43533, 358
76846, 357, -43503, 360
76850, 358, -43478, 359
76853, 359, -43451, 361
76857, 360, -43419, 363
76861, 361, -43381, 365
76864, 362, -43351, 365
76868, 363, -43326, 365
76871, 365, -43303, 367
76874, 366, -43278, 369
76877, 367, -43250, 371
76881, 369, -43217, 373
76884, 370, -43185, 373
76888, 372, -43159, 374
76892, 373, -43132, 374
76895, 373, -43104, 374
76899, 374, -43073, 378
76902, 376, -43040, 380
76905, 377, -43013, 379
76908, 378, -42989, 380
76912, 379, -42966, 381
76915, 380, -42939, 383
76918, 381, -42905, 386
76922, 383, -42872, 386
76925, 384, -42841, 387
76929, 386, -42813, 388
76933, 387, -42787, 389
76936, 388, -42759, 390
76940, 389, -42725, 393
76943, 390, -42695, 393
76947, 391, -42668, 393
76950, 392, -42641, 394
76954, 393, -42614, 395
76958, 394, -42581, 398
76961, 396, -42544, 400
76965, 397, -42513, 400
76969, 398, -42488, 401
76972, 400, -42462, 401
76976, 401, -42434, 404
76979, 402, -42401, 406
76983, 403, -42367, 407
76986, 405, -42338, 407
76990, 406, -42309, 407
76994, 407, -42284, 410
76997, 408, -42255, 411
77000, 410, -42222, 415
77004, 411, -42191, 416
77007, 413, -42167, 414
77010, 414, -42143, 416
77013, 415, -42120, 417
77017, 416, -42092, 417
77020, 416, -42058, 419
77023, 418, -42027, 421
77026, 419, -42000, 422
77030, 420, -41976, 421
77033, 421, -41951, 422
77036, 422, -41922, 424
77040, 423, -41884, 427
77044, 424, -41850, 427
77047, 425, -41820, 427
77051, 426, -41792, 428
77055, 428, -41763, 431
77058, 429, -41732, 432
77061, 430, -41697, 435
77065, 432, -41664, 434
77069, 433, -41635, 436
77072, 434, -41608, 435
77076, 435, -41575, 438
77080, 436, -41536, 441
77083, 438, -41502, 440
77087, 439, -41472, 442
77090, 440, -41446, 442
77094, 441, -41421, 443
77097, 442, -41388, 444
77101, 444, -41348, 449
77105, 445, -41311, 449
77108, 446, -41282, 447
77112, 447, -41253, 448
77116, 448, -41221, 450
77119, 450, -41184, 456
77123, 451, -41151, 456
77126, 453, -41122, 456
77129, 454, -41097, 456
77133, 456, -41071, 456
77136, 456, -41040, 459
77139, 457, -41003, 462
77143, 459, -40969, 462
77146, 460, -40939, 463
77149, 461, -40911, 463
77153, 463, -40884, 465
77156, 463, -40853, 465
77160, 464, -40815, 468
77163, 466, -40781, 469
77166, 467, -40746, 470
77170, 468, -40716, 470
77174, 469, -40685, 472
77178, 471, -40649, 474
77181, 472, -40608, 477
77185, 473, -40575, 476
77188, 475, -40545, 476
77192, 476, -40516, 477
77195, 477, -40486, 480
77198, 478, -40450, 482
77202, 479, -40406, 484
77206, 481, -40373, 484
77210, 482, -40343, 484
77213, 483, -40311, 485
77217, 485, -40277, 488
77220, 486, -40237, 489
77224, 487, -40201, 490
77227, 488, -40170, 491
77230, 489, -40143, 491
77234, 490, -40116, 491
77237, 491, -40085, 494
77240, 492, -40046, 497
77243, 494, -40010, 498
77247, 495, -39979, 498
77250, 497, -39950, 499
77253, 498, -39919, 499
77257, 499, -39887, 503
77260, 500, -39846, 504
77264, 501, -39809, 503
77267, 502, -39772, 504
77271, 503, -39742, 505
77275, 504, -39708, 508
77278, 505, -39670, 508
77281, 507, -39629, 511
77285, 508, -39595, 512
77288, 510, -39566, 511
77291, 511, -39535, 513
77295, 512, -39501, 513
77298, 513, -39457, 517
77302, 514, -39412, 517
77306, 515, -39377, 518
77309, 517, -39345, 520
77313, 518, -39315, 520
77316, 519, -39277, 521
77320, 520, -39230, 525
77323, 522, -39190, 525
77327, 523, -39155, 526
77330, 524, -39122, 525
77334, 525, -39085, 528
77338, 526, -39044, 529
77342, 528, -39001, 532
77345, 529, -38965, 532
77348, 531, -38932, 534
77351, 532, -38901, 535
77355, 533, -38868, 534
77358, 534, -38829, 537
77361, 535, -38782, 539
77365, 537, -38742, 540
77369, 538, -38707, 540
77372, 539, -38674, 540
77376, 540, -38638, 543
77379, 541, -38596, 544
77382, 542, -38552, 547
77386, 544, -38514, 546
77389, 545, -38481, 547
77392, 546, -38447, 548
77396, 547, -38411, 548
77399, 548, -38364, 551
77403, 549, -38317, 553
77406, 550, -38278, 553
77410, 552, -38242, 555
77413, 553, -38207, 555
77417, 554, -38165, 557
77420, 556, -38117, 560
77424, 557, -38076, 560
77427, 558, -38039, 560
77430, 559, -38002, 562
77434, 560, -37960, 562
77438, 561, -37917, 564
77441, 562, -37869, 566
77444, 564, -37829, 567
77447, 565, -37794, 568
77451, 566, -37760, 568
77454, 567, -37723, 570
77457, 569, -37680, 573
77461, 570, -37631, 575
77464, 572, -37583, 575
77468, 573, -37543, 575
77471, 574, -37505, 576
77475, 575, -37458, 577
77479, 577, -37402, 582
77483, 578, -37353, 581
77486, 579, -37313, 581
77489, 580, -37275, 583
77493, 582, -37237, 583
77496, 582, -37191, 586
77500, 584, -37136, 588
77503, 585, -37084, 589
77507, 586, -37039, 588
77511, 587, -36998, 588
77514, 589, -36957, 592
77517, 590, -36908, 595
77521, 591, -36852, 596
77524, 593, -36804, 596
77528, 595, -36762, 597
77532, 596, -36720, 597
77535, 597, -36674, 599
77539, 598, -36617, 602
77542, 599, -36554, 602
77546, 600, -36506, 603
77550, 602, -36465, 605
77553, 603, -36422, 605
77557, 604, -36374, 607
77560, 606, -36317, 610
77563, 607, -36264, 611
77567, 608, -36220, 609
77570, 609, -36175, 611
77574, 610, -36128, 612
77577, 611, -36073, 614
77581, 612, -36010, 617
77584, 614, -35955, 618
77588, 615, -35911, 617
77591, 617, -35867, 619
77595, 618, -35820, 619
77598, 619, -35764, 622
77602, 620, -35691, 623
77606, 621, -35636, 624
77609, 622, -35587, 626
77613, 624, -35538, 625
77617, 624, -35482, 626
77620, 626, -35417, 631
77624, 627, -35356, 631
77627, 629, -35307, 632
77630, 630, -35262, 632
77634, 632, -35213, 635
77637, 633, -35149, 635
77641, 634, -35080, 638
77645, 635, -35022, 638
77648, 637, -34970, 639
77652, 638, -34916, 640
77656, 639, -34860, 642
77659, 640, -34798, 644
77662, 642, -34733, 646
77666, 643, -34678, 645
77669, 644, -34631, 647
77672, 645, -34582, 646
77676, 646, -34530, 649
77679, 647, -34467, 651
77683, 649, -34399, 653
77686, 650, -34345, 652
77689, 651, -34295, 653
77693, 652, -34249, 655
77696, 653, -34197, 656
77699, 654, -34139, 658
77702, 656, -34079, 660
77705, 657, -34024, 659
77709, 658, -33978, 659
77712, 659, -33922, 662
77716, 660, -33871, 662
77720, 661, -33806, 666
77723, 663, -33747, 668
77727, 665, -33695, 668
77730, 666, -33646, 668
77734, 667, -33595, 668
77738, 669, -33535, 673
77741, 670, -33469, 674
77745, 671, -33405, 674
77749, 672, -33359, 673
77753, 674, -33306, 677
77757, 675, -33253, 679
77760, 677, -33191, 682
77764, 678, -33138, 681
77767, 680, -33095, 681
77770, 681, -33054, 683
77774, 682, -33009, 683
77777, 682, -32956, 686
77781, 684, -32899, 688
77784, 685, -32851, 687
77788, 686, -32810, 689
77791, 687, -32772, 689
77794, 688, -32731, 690
77797, 689, -32685, 693
77801, 691, -32634, 696
77804, 692, -32588, 696
77807, 694, -32545, 696
77811, 695, -32504, 697
77815, 696, -32459, 699
77818, 698, -32411, 702
77822, 699, -32356, 703
77825, 700, -32309, 703
77829, 701, -32270, 702
77832, 702, -32230, 702
77836, 703, -32188, 707
77839, 704, -32139, 709
77843, 705, -32086, 709
77847, 707, -32043, 711
77850, 709, -32004, 711
77854, 710, -31968, 711
77857, 711, -31927, 715
77861, 712, -31874, 715
77865, 713, -31813, 716
77870, 715, -31776, 718
77873, 716, -31727, 717
77878, 717, -31682, 722
77882, 719, -31634, 723
77885, 720, -31598, 724
77888, 722, -31566, 724
77891, 723, -31534, 726
77895, 724, -31493, 726
77898, 726, -31450, 730
77902, 727, -31404, 731
77906, 728, -31364, 730
77909, 729, -31328, 732
77913, 731, -31283, 733
77918, 732, -31231, 737
77922, 734, -31181, 738
77926, 735, -31145, 738
77929, 736, -31104, 738
77934, 738, -31062, 739
77938, 739, -31007, 743
77943, 740, -30953, 745
77948, 742, -30906, 746
77952, 744, -30871, 747
77956, 745, -30835, 748
77960, 747, -30781, 750
77964, 748, -30732, 752
77969, 750, -30697, 754
77973, 751, -30666, 753
77976, 753, -30622, 756
77981, 754, -30567, 759
77985, 756, -30532, 759
77989, 757, -30503, 760
77993, 759, -30474, 761
77996, 760, -30440, 763
78000, 761, -30399, 765
78003, 763, -30362, 767
78007, 764, -30333, 765
78010, 765, -30307, 768
78013, 766, -30279, 769
78017, 768, -30245, 771
78021, 769, -30206, 773
78024, 771, -30172, 774
78027, 772, -30143, 773
78030, 773, -30116, 774
78034, 774, -30087, 776
78037, 775, -30057, 779
78041, 776, -30022, 780
78044, 777, -29990, 780
78047, 779, -29962, 782
78051, 780, -29934, 781
78054, 781, -29904, 783
78057, 782, -29875, 785
78061, 783, -29842, 787
78064, 784, -29813, 788
78067, 786, -29779, 789
78071, 787, -29746, 788
78076, 788, -29705, 790
78080, 789, -29655, 792
78085, 790, -29623, 795
78088, 792, -29589, 796
78093, 793, -29554, 796
78098, 796, -29513, 801
78102, 798, -29478, 802
78106, 799, -29450, 803
78109, 800, -29426, 802
78112, 802, -29401, 804
78115, 803, -29374, 805
78119, 804, -29343, 808
78122, 805, -29311, 809
78125, 807, -29284, 810
78129, 808, -29253, 810
78134, 809, -29225, 812
78137, 811, -29194, 814
78141, 812, -29156, 817
78145, 814, -29126, 817
78148, 815, -29101, 818
78151, 816, -29076, 818
78155, 817, -29048, 819
78159, 818, -29006, 821
78164, 820, -28977, 824
78167, 821, -28945, 824
78172, 822, -28911, 824
78177, 824, -28871, 827
78181, 826, -28828, 831
78186, 827, -28799, 831
78190, 828, -28768, 831
78194, 830, -28739, 833
78198, 832, -28700, 836
78203, 833, -28669, 838
78207, 835, -28633, 838
78212, 836, -28608, 838
78215, 838, -28584, 840
78218, 839, -28555, 843
78222, 840, -28524, 845
78225, 842, -28500, 844
78229, 843, -28479, 845
78232, 844, -28450, 847
78237, 846, -28425, 850
78240, 847, -28390, 852
78244, 849, -28358, 852
78248, 850, -28327, 853
78252, 852, -28301, 854
78256, 853, -28268, 856
78261, 855, -28234, 860
78265, 856, -28200, 860
78269, 857, -28178, 859
78273, 859, -28147, 861
78277, 860, -28109, 864
78282, 862, -28071, 867
78287, 863, -28040, 866
78291, 865, -28019, 868
78295, 866, -27989, 869
78299, 868, -27951, 872
78304, 869, -27916, 873
78309, 871, -27894, 874
78312, 872, -27872, 876
78316, 874, -27838, 876
78320, 876, -27800, 881
78325, 877, -27774, 882
78328, 879, -27754, 881
78332, 880, -27736, 881
78335, 882, -27715, 885
78338, 883, -27690, 886
78342, 884, -27662, 888
78345, 885, -27637, 887
78348, 886, -27609, 888
78353, 887, -27588, 890
78356, 888, -27566, 890
78359, 890, -27529, 895
78364, 891, -27495, 895
78369, 893, -27474, 895
78373, 894, -27447, 897
78377, 896, -27415, 898
78382, 897, -27385, 901
78386, 898, -27358, 902
78389, 900, -27338, 904
78393, 901, -27312, 904
78397, 903, -27279, 906
78402, 904, -27251, 908
78405, 906, -27223, 909
78410, 907, -27196, 912
78415, 909, -27167, 913
78419, 911, -27140, 916
78423, 913, -27113, 918
78426, 915, -27091, 917
78429, 916, -27072, 918
78433, 917, -27052, 919
78436, 918, -27031, 919
78439, 919, -27006, 922
78443, 920, -26973, 925
78447, 921, -26947, 924
78452, 923, -26925, 925
78456, 924, -26900, 928
78460, 926, -26864, 932
78464, 928, -26832, 933
78469, 930, -26811, 932
78473, 931, -26785, 934
78477, 933, -26753, 936
78482, 934, -26725, 939
78486, 936, -26703, 939
78489, 937, -26678, 939
78494, 938, -26650, 939
78498, 939, -26626, 943
78502, 941, -26598, 947
78505, 943, -26568, 947
78510, 944, -26541, 947
78515, 946, -26520, 950
78518, 948, -26495, 951
78522, 949, -26463, 953
78527, 950, -26437, 953
78531, 952, -26417, 955
78535, 953, -26396, 956
78538, 955, -26373, 959
78542, 956, -26346, 961
78545, 958, -26324, 960
78548, 959, -26305, 961
78552, 960, -26283, 962
78556, 961, -26262, 964
78559, 962, -26229, 967
78564, 964, -26199, 968
78569, 965, -26179, 968
78573, 967, -26154, 969
78578, 969, -26131, 973
78581, 970, -26097, 975
78586, 972, -26075, 975
78589, 973, -26050, 976
78594, 975, -26030, 977
78597, 976, -26001, 980
78602, 978, -25976, 982
78606, 979, -25950, 983
78610, 981, -25931, 984
78614, 982, -25904, 985
78619, 984, -25878, 988
78622, 986, -25846, 990
78627, 987, -25823, 989
78631, 988, -25797, 992
78636, 990, -25777, 993
78639, 992, -25744, 996
78644, 993, -25722, 998
78647, 995, -25704, 997
78650, 996, -25687, 998
78653, 998, -25670, 1001
78657, 999, -25649, 1001
78660, 1000, -25624, 1004
78663, 1001, -25593, 1005
78668, 1003, -25572, 1005
78672, 1004, -25552, 1005
78675, 1005, -25530, 1007
78679, 1006, -25497, 1010
78684, 1007, -25471, 1011
78688, 1009, -25452, 1013
78691, 1010, -25433, 1013
78695, 1012, -25406, 1015
78700, 1014, -25373, 1020
78704, 1016, -25349, 1019
78708, 1017, -25329, 1020
78711, 1019, -25303, 1021
78716, 1020, -25274, 1023
78721, 1021, -25247, 1026
78725, 1023, -25222, 1028
78728, 1024, -25203, 1026
78732, 1026, -25185, 1028
78736, 1027, -25166, 1030
78739, 1028, -25138, 1032
78743, 1030, -25106, 1035
78748, 1032, -25078, 1035
78753, 1033, -25057, 1036
78756, 1035, -25037, 1038
78759, 1036, -25015, 1040
78763, 1038, -24992, 1041
78766, 1039, -24972, 1041
78769, 1040, -24957, 1042
78772, 1041, -24940, 1043
78776, 1042, -24921, 1044
78779, 1043, -24898, 1047
78782, 1044, -24874, 1048
78785, 1046, -24853, 1049
78788, 1047, -24834, 1048
78792, 1048, -24817, 1050
78795, 1049, -24797, 1052
78799, 1050, -24774, 1054
78802, 1052, -24748, 1057
78805, 1053, -24726, 1055
78809, 1055, -24708, 1058
78813, 1056, -24690, 1058
78816, 1057, -24670, 1059
78819, 1058, -24646, 1063
78823, 1060, -24621, 1065
78826, 1061, -24601, 1064
78830, 1063, -24582, 1064
78833, 1064, -24562, 1066
78837, 1065, -24541, 1068
78840, 1066, -24516, 1071
78844, 1068, -24492, 1072
78847, 1069, -24473, 1070
78850, 1070, -24453, 1072
78854, 1071, -24428, 1074
78859, 1073, -24395, 1077
78863, 1074, -24371, 1079
78867, 1076, -24352, 1079
78870, 1077, -24333, 1080
78874, 1079, -24312, 1081
78878, 1080, -24288, 1083
78881, 1081, -24255, 1086
78886, 1083, -24234, 1086
78889, 1084, -24215, 1086
78893, 1085, -24190, 1088
78898, 1087, -24165, 1090
78902, 1088, -24136, 1093
78906, 1090, -24107, 1094
78910, 1091, -24087, 1093
78914, 1093, -24062, 1096
78918, 1095, -24035, 1099
78922, 1096, -24003, 1101
78927, 1098, -23983, 1102
78930, 1100, -23960, 1102
78934, 1101, -23940, 1104
78938, 1103, -23909, 1106
78943, 1104, -23883, 1110
78946, 1106, -23859, 1108
78950, 1107, -23838, 1110
78954, 1109, -23812, 1111
78959, 1110, -23786, 1114
78963, 1111, -23755, 1115
78967, 1113, -23731, 1116
78971, 1114, -23707, 1116
78975, 1116, -23688, 1119
78978, 1117, -23666, 1121
78982, 1119, -23642, 1124
78985, 1120, -23621, 1123
78988, 1122, -23600, 1123
78992, 1123, -23579, 1125
78996, 1124, -23559, 1127
78999, 1125, -23525, 1129
79004, 1126, -23500, 1130
79007, 1128, -23478, 1130
79011, 1129, -23459, 1131
79015, 1130, -23432, 1134
79020, 1132, -23405, 1137
79023, 1134, -23373, 1138
79028, 1135, -23347, 1139
79033, 1137, -23321, 1140
79038, 1139, -23296, 1142
79041, 1140, -23265, 1144
79045, 1142, -23235, 1145
79050, 1143, -23212, 1146
79054, 1145, -23191, 1149
79057, 1146, -23170, 1150
79061, 1148, -23146, 1151
79064, 1150, -23123, 1154
79067, 1151, -23104, 1154
79070, 1152, -23084, 1153
79074, 1153, -23065, 1156
79077, 1155, -23043, 1158
79081, 1156, -23018, 1159
79084, 1157, -22995, 1161
79087, 1159, -22976, 1161
79090, 1160, -22958, 1161
79093, 1161, -22940, 1163
79097, 1162, -22920, 1166
79100, 1163, -22891, 1167
79104, 1165, -22867, 1169
79107, 1166, -22843, 1169
79111, 1168, -22815, 1169
79116, 1169, -22790, 1173
79120, 1170, -22764, 1174
79123, 1172, -22737, 1177
79127, 1173, -22709, 1176
79132, 1175, -22683, 1178
79136, 1176, -22659, 1179
79140, 1178, -22623, 1182
79145, 1179, -22598, 1183
79148, 1181, -22576, 1183
79152, 1182, -22556, 1185
79155, 1183, -22532, 1186
79159, 1185, -22497, 1188
79163, 1186, -22463, 1190
79168, 1187, -22441, 1190
79172, 1189, -22414, 1192
79176, 1191, -22383, 1195
79181, 1193, -22356, 1198
79184, 1194, -22328, 1199
79188, 1196, -22300, 1199
79193, 1198, -22271, 1199
79198, 1199, -22246, 1204
79201, 1201, -22217, 1204
79205, 1202, -22193, 1205
79208, 1203, -22173, 1205
79211, 1204, -22153, 1206
79215, 1205, -22130, 1208
79218, 1207, -22104, 1211
79221, 1208, -22074, 1213
79225, 1210, -22040, 1213
79230, 1211, -22013, 1213
79235, 1213, -21987, 1216
79238, 1214, -21949, 1218
79243, 1216, -21913, 1220
79247, 1217, -21885, 1221
79252, 1219, -21857, 1222
79257, 1221, -21821, 1224
79261, 1223, -21791, 1229
79265, 1224, -21756, 1228
79269, 1226, -21727, 1228
79274, 1227, -21695, 1229
79279, 1229, -21664, 1233
79282, 1230, -21630, 1234
79286, 1231, -21597, 1235
79291, 1233, -21567, 1236
79295, 1235, -21544, 1238
79299, 1236, -21514, 1241
79302, 1238, -21481, 1243
79306, 1240, -21455, 1244
79309, 1242, -21432, 1244
79313, 1243, -21401, 1244
79317, 1244, -21370, 1247
79321, 1245, -21337, 1249
79326, 1247, -21305, 1251
79329, 1248, -21283, 1250
79332, 1249, -21253, 1252
79337, 1251, -21225, 1254
79341, 1253, -21187, 1258
79344, 1254, -21148, 1256
79349, 1255, -21117, 1258
79354, 1257, -21083, 1260
79358, 1259, -21040, 1263
79363, 1260, -21003, 1267
79367, 1262, -20974, 1265
79371, 1264, -20944, 1267
79375, 1266, -20908, 1269
79380, 1268, -20863, 1272
79384, 1269, -20831, 1273
79388, 1270, -20806, 1273
79391, 1272, -20774, 1274
79396, 1273, -20735, 1276
79401, 1275, -20696, 1281
79405, 1276, -20665, 1280
79408, 1278, -20640, 1279
79411, 1279, -20615, 1282
79415, 1281, -20589, 1283
79418, 1281, -20556, 1284
79421, 1283, -20522, 1287
79425, 1284, -20493, 1287
79428, 1285, -20459, 1288
79433, 1287, -20427, 1290
79437, 1288, -20393, 1291
79441, 1290, -20347, 1295
79445, 1292, -20306, 1297
79450, 1293, -20278, 1296
79454, 1295, -20250, 1298
79457, 1297, -20206, 1301
79462, 1299, -20156, 1303
79466, 1300, -20122, 1302
79470, 1301, -20086, 1303
79475, 1303, -20052, 1306
79479, 1304, -20004, 1309
79483, 1306, -19967, 1310
79487, 1307, -19929, 1309
79491, 1309, -19890, 1312
79496, 1310, -19844, 1314
79501, 1312, -19801, 1319
79505, 1314, -19756, 1318
79509, 1316, -19720, 1318
79514, 1317, -19680, 1319
79518, 1319, -19645, 1324
79521, 1321, -19608, 1326
79525, 1322, -19574, 1326
79528, 1324, -19547, 1326
79531, 1325, -19520, 1326
79534, 1326, -19490, 1328
79538, 1327, -19451, 1331
79541, 1328, -19397, 1331
79546, 1329, -19359, 1333
79550, 1331, -19329, 1334
79554, 1332, -19292, 1334
79558, 1334, -19243, 1338
79562, 1336, -19195, 1341
79566, 1337, -19156, 1341
79570, 1339, -19119, 1341
79574, 1340, -19075, 1343
79579, 1342, -19033, 1346
79582, 1344, -18980, 1350
79587, 1345, -18942, 1349
79590, 1347, -18899, 1349
79595, 1348, -18864, 1350
79598, 1350, -18808, 1353
79603, 1351, -18763, 1357
79607, 1353, -18714, 1357
79612, 1355, -18682, 1358
79615, 1356, -18633, 1358
79620, 1358, -18572, 1363
79624, 1360, -18517, 1364
79629, 1361, -18479, 1365
79633, 1363, -18447, 1366
79636, 1365, -18411, 1367
79639, 1366, -18366, 1371
79643, 1368, -18320, 1371
79646, 1369, -18285, 1372
79649, 1370, -18247, 1372
79653, 1371, -18209, 1372
79657, 1372, -18166, 1376
79661, 1374, -18116, 1378
79664, 1375, -18076, 1378
79667, 1376, -18039, 1380
79671, 1378, -18007, 1381
79674, 1379, -17953, 1381
79679, 1381, -17908, 1386
79683, 1383, -17844, 1388
79688, 1384, -17808, 1386
79692, 1385, -17769, 1388
79695, 1387, -17733, 1390
79699, 1388, -17692, 1392
79702, 1390, -17648, 1395
79705, 1391, -17609, 1394
79709, 1393, -17575, 1394
79712, 1394, -17540, 1396
79716, 1395, -17492, 1398
79720, 1396, -17431, 1401
79725, 1398, -17387, 1403
79728, 1400, -17342, 1402
79733, 1401, -17303, 1404
79737, 1403, -17264, 1408
79740, 1405, -17219, 1409
79744, 1406, -17180, 1411
79747, 1408, -17146, 1411
79750, 1410, -17111, 1411
79754, 1410, -17078, 1412
79757, 1412, -17043, 1415
79760, 1413, -16990, 1416
79765, 1414, -16941, 1418
79769, 1415, -16911, 1418
79773, 1417, -16882, 1419
79776, 1418, -16848, 1420
79779, 1419, -16807, 1424
79783, 1421, -16768, 1424
79786, 1422, -16733, 1426
79789, 1424, -16704, 1426
79792, 1425, -16674, 1427
79796, 1426, -16643, 1428
79799, 1427, -16607, 1431
79802, 1429, -16568, 1433
79805, 1430, -16536, 1432
79808, 1431, -16507, 1433
79811, 1432, -16479, 1432
79815, 1433, -16451, 1435
79818, 1433, -16416, 1437
79821, 1435, -16378, 1440
79824, 1437, -16343, 1441
79827, 1438, -16313, 1441
79831, 1440, -16284, 1441
79834, 1441, -16255, 1442
79837, 1442, -16224, 1445
79840, 1443, -16186, 1447
79843, 1444, -16138, 1447
79848, 1445, -16099, 1448
79853, 1447, -16068, 1451
79856, 1448, -16037, 1451
79859, 1450, -16003, 1455
79862, 1452, -15958, 1455
79867, 1453, -15924, 1457
79870, 1454, -15891, 1455
79874, 1456, -15859, 1458
79878, 1457, -15810, 1460
79882, 1458, -15772, 1463
79886, 1460, -15742, 1465
79889, 1461, -15707, 1463
79893, 1463, -15670, 1466
79898, 1465, -15637, 1469
79901, 1467, -15599, 1472
79904, 1468, -15567, 1471
79907, 1470, -15536, 1472
79911, 1471, -15509, 1472
79914, 1472, -15482, 1474
79917, 1472, -15448, 1475
79921, 1474, -15400, 1479
79925, 1476, -15358, 1481
79930, 1477, -15329, 1480
79933, 1479, -15298, 1482
79937, 1481, -15258, 1484
79941, 1482, -15209, 1487
79946, 1484, -15177, 1487
79949, 1485, -15150, 1488
79953, 1487, -15115, 1489
79957, 1488, -15083, 1490
79961, 1489, -15035, 1494
79965, 1491, -15004, 1494
79968, 1492, -14976, 1494
79972, 1493, -14952, 1496
79975, 1495, -14925, 1499
79978, 1496, -14894, 1498
79982, 1498, -14859, 1503
79985, 1499, -14826, 1502
79988, 1501, -14796, 1503
79992, 1502, -14759, 1504
79997, 1503, -14730, 1506
80000, 1505, -14699, 1510
80003, 1506, -14666, 1510
80007, 1507, -14638, 1509
80010, 1509, -14610, 1512
80014, 1510, -14572, 1512
80018, 1511, -14535, 1516
80022, 1513, -14488, 1519
80027, 1515, -14459, 1518
80030, 1516, -14426, 1519
80035, 1518, -14389, 1520
80039, 1520, -14342, 1525
80044, 1521, -14310, 1525
80047, 1522, -14282, 1525
80050, 1524, -14254, 1527
80054, 1526, -14227, 1529
80058, 1527, -14198, 1530
80061, 1528, -14167, 1533
80064, 1530, -14136, 1532
80067, 1531, -14113, 1533
80071, 1532, -14089, 1533
80074, 1533, -14064, 1535
80077, 1534, -14031, 1538
80081, 1535, -13989, 1540
80085, 1537, -13958, 1541
80089, 1539, -13932, 1542
80092, 1540, -13908, 1542
80096, 1541, -13885, 1544
80099, 1543, -13855, 1547
80102, 1544, -13821, 1549
80105, 1546, -13792, 1549
80109, 1547, -13767, 1549
80112, 1548, -13744, 1550
80115, 1549, -13718, 1551
80118, 1550, -13689, 1553
80121, 1551, -13657, 1556
80125, 1553, -13627, 1557
80128, 1554, -13604, 1557
80132, 1556, -13582, 1559
80135, 1557, -13558, 1559
80138, 1558, -13528, 1561
80141, 1560, -13498, 1564
80144, 1561, -13470, 1564
80147, 1562, -13444, 1564
80151, 1563, -13424, 1565
80154, 1565, -13402, 1568
80157, 1565, -13375, 1568
80160, 1567, -13342, 1571
80164, 1568, -13301, 1572
80168, 1570, -13276, 1573
80171, 1571, -13251, 1573
80175, 1572, -13225, 1575
80178, 1574, -13197, 1577
80181, 1575, -13158, 1581
80186, 1577, -13129, 1581
80189, 1578, -13097, 1580
80194, 1580, -13072, 1581
80198, 1581, -13031, 1584
80202, 1582, -12993, 1588
80206, 1584, -12957, 1588
80210, 1585, -12930, 1587
80214, 1587, -12895, 1589
80219, 1589, -12862, 1594
80223, 1590, -12819, 1596
80227, 1592, -12784, 1595
80232, 1594, -12756, 1597
80236, 1596, -12724, 1601
80240, 1598, -12680, 1602
80245, 1599, -12642, 1603
80250, 1601, -12616, 1604
80253, 1603, -12592, 1605
80256, 1604, -12562, 1607
80260, 1605, -12519, 1609
80265, 1607, -12490, 1611
80268, 1608, -12464, 1610
80272, 1609, -12440, 1612
80275, 1611, -12404, 1614
80280, 1613, -12370, 1618
80284, 1614, -12340, 1619
80287, 1616, -12315, 1618
80290, 1617, -12292, 1619
80294, 1619, -12268, 1622
80297, 1620, -12241, 1623
80300, 1621, -12205, 1627
80304, 1623, -12174, 1626
80307, 1624, -12139, 1626
80312, 1626, -12115, 1628
80316, 1627, -12089, 1631
80319, 1628, -12053, 1632
80323, 1630, -12015, 1633
80328, 1631, -11988, 1634
80331, 1633, -11956, 1635
80336, 1634, -11918, 1638
80340, 1636, -11877, 1640
80345, 1637, -11849, 1642
80348, 1639, -11828, 1643
80352, 1641, -11798, 1643
80356, 1642, -11759, 1646
80361, 1644, -11721, 1649
80365, 1646, -11685, 1650
80369, 1647, -11657, 1651
80373, 1649, -11621, 1651
80378, 1651, -11582, 1654
80383, 1652, -11547, 1658
80387, 1654, -11512, 1658
80391, 1656, -11483, 1659
80395, 1657, -11458, 1660
80399, 1659, -11429, 1663
80402, 1660, -11398, 1664
80405, 1662, -11370, 1664
80409, 1663, -11347, 1666
80412, 1664, -11326, 1666
80415, 1665, -11300, 1668
80419, 1667, -11269, 1671
80422, 1668, -11236, 1672
80426, 1670, -11201, 1674
80430, 1671, -11167, 1673
80435, 1673, -11142, 1675
80438, 1674, -11102, 1677
80443, 1676, -11065, 1681
80447, 1677, -11032, 1681
80452, 1679, -10998, 1681
80457, 1680, -10959, 1684
80461, 1682, -10914, 1687
80466, 1684, -10883, 1687
80470, 1685, -10851, 1687
80475, 1687, -10819, 1691
80479, 1689, -10776, 1694
80484, 1690, -10743, 1695
80487, 1692, -10717, 1697
80491, 1694, -10685, 1696
80495, 1696, -10648, 1698
80500, 1697, -10610, 1701
80504, 1699, -10581, 1703
80507, 1700, -10558, 1703
80510, 1701, -10537, 1704
80514, 1703, -10516, 1706
80517, 1704, -10488, 1708
80520, 1706, -10456, 1711
80523, 1707, -10426, 1710
80527, 1709, -10390, 1712
80531, 1710, -10359, 1712
80536, 1711, -10331, 1712
80540, 1712, -10296, 1716
80543, 1714, -10256, 1719
80547, 1715, -10223, 1719
80552, 1717, -10198, 1721
80556, 1719, -10163, 1722
80560, 1721, -10120, 1725
80565, 1722, -10084, 1726
80569, 1724, -10053, 1727
80574, 1725, -10018, 1729
80578, 1727, -9975, 1731
80583, 1729, -9940, 1733
80586, 1731, -9904, 1735
80591, 1732, -9870, 1736
80596, 1734, -9833, 1738
80601, 1736, -9787, 1742
80606, 1738, -9752, 1742
80610, 1740, -9720, 1744
80615, 1742, -9693, 1745
80618, 1744, -9665, 1747
80622, 1745, -9633, 1749
80625, 1746, -9606, 1749
80628, 1747, -9582, 1749
80631, 1749, -9560, 1751
80635, 1750, -9535, 1752
80638, 1751, -9503, 1756
80642, 1753, -9465, 1758
80646, 1755, -9429, 1758
80649, 1756, -9402, 1757
80653, 1757, -9367, 1759
80658, 1759, -9325, 1763
80663, 1760, -9292, 1765
80666, 1761, -9261, 1764
80670, 1763, -9229, 1765
80675, 1764, -9191, 1766
80680, 1766, -9157, 1770
80683, 1767, -9122, 1773
80687, 1769, -9086, 1772
80691, 1770, -9052, 1772
80696, 1772, -9014, 1775
80700, 1774, -8977, 1780
80704, 1775, -8942, 1779
80708, 1777, -8906, 1780
80712, 1779, -8870, 1781
80717, 1780, -8838, 1784
80721, 1782, -8799, 1786
80725, 1783, -8765, 1787
80729, 1785, -8741, 1788
80732, 1786, -8720, 1787
80736, 1787, -8696, 1789
80739, 1788, -8672, 1789
80743, 1789, -8641, 1793
80746, 1790, -8611, 1792
80749, 1791, -8580, 1795
80753, 1792, -8555, 1794
80757, 1793, -8535, 1795
80761, 1794, -8514, 1795
80765, 1795, -8494, 1796
80769, 1795, -8476, 1798
80772, 1796, -8447, 1798
80777, 1797, -8422, 1800
80780, 1798, -8394, 1802
80784, 1800, -8367, 1802
80788, 1800, -8344, 1801
80793, 1801, -8327, 1801
80797, 1801, -8310, 1803
80802, 1802, -8291, 1803
80807, 1802, -8276, 1805
80810, 1803, -8255, 1806
80815, 1804, -8231, 1807
80819, 1806, -8204, 1809
80823, 1807, -8187, 1810
80827, 1808, -8174, 1809
80830, 1808, -8160, 1809
80833, 1809, -8151, 1809
80836, 1809, -8142, 1811
80840, 1809, -8136, 1809
80843, 1809, -8129, 1809
80847, 1809, -8118, 1810
80852, 1809, -8110, 1808
80855, 1809, -8100, 1811
80859, 1809, -8088, 1811
80863, 1810, -8075, 1812
80868, 1811, -8061, 1814
80871, 1812, -8045, 1814
80875, 1813, -8027, 1816
80880, 1814, -8005, 1815
80884, 1815, -7991, 1818
80888, 1815, -7977, 1816
80892, 1816, -7964, 1817
80897, 1816, -7957, 1818
80900, 1817, -7952, 1817
80904, 1817, -7946, 1817
80907, 1817, -7941, 1817
80912, 1817, -7936, 1817
80916, 1816, -7933, 1816
80919, 1816, -7931, 1815
80922, 1816, -7929, 1818
80926, 1816, -7927, 1817
80929, 1816, -7926, 1817
80932, 1816, -7923, 1817
80936, 1817, -7920, 1817
80939, 1817, -7917, 1817
80942, 1816, -7914, 1815
80946, 1816, -7912, 1817
80949, 1816, -7907, 1818
80952, 1817, -7903, 1818
80955, 1817, -7899, 1819
80958, 1818, -7894, 1818
80962, 1818, -7889, 1819
80965, 1818, -7884, 1819
80968, 1819, -7878, 1820
80972, 1819, -7871, 1820
80976, 1819, -7863, 1820
80979, 1820, -7855, 1822
80983, 1820, -7848, 1821
80987, 1821, -7840, 1822
80990, 1821, -7832, 1822
80994, 1821, -7824, 1822
80998, 1821, -7816, 1822
81001, 1822, -7810, 1822
81005, 1822, -7803, 1823
81008, 1822, -7796, 1823
81011, 1822, -7789, 1824
81015, 1823, -7782, 1823
81019, 1823, -7776, 1822
81023, 1823, -7769, 1823
81027, 1823, -7765, 1824
81031, 1822, -7760, 1822
81035, 1823, -7753, 1824
81040, 1823, -7748, 1825
81044, 1824, -7745, 1825
81048, 1824, -7743, 1824
81051, 1824, -7742, 1823
81054, 1824, -7741, 1823
81057, 1824, -7740, 1826
81061, 1824, -7738, 1825
81064, 1824, -7738, 1823
81067, 1824, -7737, 1825
81070, 1824, -7736, 1824
81074, 1824, -7736, 1824
81079, 1824, -7736, 1824
81083, 1824, -7736, 1824
81087, 1824, -7736, 1824
81092, 1823, -7736, 1823
81095, 1823, -7737, 1824
81099, 1823, -7737, 1824
81103, 1824, -7736, 1825
81106, 1823, -7735, 1823
81111, 1824, -7735, 1824
81116, 1823, -7735, 1823
81120, 1823, -7734, 1824
81124, 1823, -7735, 1824
81127, 1823, -7734, 1824
81131, 1823, -7734, 1824
81135, 1824, -7735, 1824
81140, 1824, -7734, 1824
81143, 1823, -7732, 1823
81148, 1823, -7732, 1824
81152, 1823, -7732, 1823
81156, 1823, -7731, 1824
81159, 1823, -7730, 1825
81163, 1824, -7731, 1825
81166, 1824, -7733, 1825
81169, 1824, -7734, 1824
81173, 1824, -7736, 1825
81176, 1824, -7736, 1823
81179, 1824, -7736, 1823
81183, 1824, -7735, 1825
81186, 1824, -7734, 1824
81190, 1823, -7733, 1823
81193, 1823, -7733, 1824
81197, 1824, -7733, 1824
81201, 1823, -7734, 1824
81204, 1823, -7734, 1824
81207, 1824, -7734, 1825
81211, 1824, -7735, 1824
81214, 1824, -7735, 1825
81218, 1824, -7733, 1825
81222, 1824, -7733, 1824
81225, 1824, -7733, 1824
81228, 1824, -7733, 1824
81231, 1824, -7732, 1825
81234, 1824, -7731, 1824
81238, 1824, -7731, 1823
81241, 1824, -7731, 1824
81244, 1823, -7731, 1823
81247, 1823, -7730, 1824
81251, 1823, -7730, 1824
81254, 1824, -7730, 1825
81258, 1824, -7731, 1824
81263, 1824, -7730, 1824
81267, 1824, -7730, 1824
81271, 1824, -7730, 1825
81274, 1824, -7730, 1823
81277, 1824, -7729, 1825
81280, 1824, -7728, 1824
81284, 1824, -7728, 1824
81287, 1823, -7728, 1823
81291, 1824, -7728, 1825
81296, 1824, -7728, 1825
81300, 1824, -7728, 1824
81303, 1824, -7728, 1825
81307, 1824, -7729, 1824
81311, 1824, -7729, 1824
81316, 1824, -7729, 1824
81320, 1824, -7729, 1825
81323, 1824, -7729, 1824
81328, 1824, -7728, 1825
81332, 1824, -7728, 1824
81336, 1824, -7728, 1823
81339, 1824, -7725, 1825
81344, 1824, -7724, 1824
81348, 1824, -7725, 1824
81352, 1824, -7725, 1825
81356, 1824, -7724, 1825
81361, 1824, -7724, 1824
81364, 1824, -7724, 1824
81368, 1824, -7724, 1824
81373, 1824, -7723, 1823
81378, 1824, -7722, 1825
81381, 1824, -7722, 1825
81384, 1824, -7722, 1825
81387, 1824, -7723, 1825
81391, 1825, -7723, 1825
