8842, -15926.34
8844, -15934.49
8847, -15943.01
8850, -15953.42
8852, -15960.61
8854, -15967.80
8858, -15977.66
8860, -15984.20
8862, -15990.47
8864, -15995.89
8867, -16002.09
8869, -16007.35
8872, -16012.43
8874, -16017.57
8877, -16023.55
8879, -16027.19
8882, -16030.72
8884, -16034.18
8886, -16037.68
8889, -16041.75
8892, -16044.84
8894, -16047.51
8896, -16049.65
8899, -16051.88
8901, -16053.81
8903, -16055.78
8906, -16057.97
8909, -16059.35
8911, -16060.46
8913, -16061.43
8915, -16062.26
8917, -16062.93
8919, -16063.50
8922, -16063.99
8924, -16064.35
8926, -16064.55
8928, -16064.61
8930, -16064.59
8933, -16064.46
8934, -16064.25
8937, -16063.90
8939, -16063.48
8941, -16062.96
8943, -16062.32
8945, -16061.61
8948, -16060.74
8950, -16059.81
8952, -16058.90
8954, -16057.74
8956, -16056.42
8959, -16055.23
8960, -16054.06
8963, -16052.62
8965, -16051.09
8967, -16049.38
8970, -16047.66
8973, -16045.22
8975, -16043.59
8978, -16041.16
8981, -16038.48
8983, -16036.26
8985, -16034.33
8987, -16032.12
8990, -16029.72
8992, -16027.66
8994, -16025.60
8997, -16022.21
8999, -16019.17
9002, -16016.78
9004, -16014.09
9006, -16011.64
9009, -16007.92
9012, -16004.21
9015, -16000.61
9017, -15997.55
9020, -15994.53
9022, -15991.72
9024, -15988.99
9026, -15985.81
9028, -15982.87
9030, -15979.93
9033, -15976.99
9035, -15973.91
9037, -15971.08
9039, -15968.08
9041, -15965.05
9043, -15961.31
9046, -15956.71
9049, -15952.55
9051, -15949.43
9053, -15945.94
9056, -15942.78
9058, -15939.04
9060, -15935.26
9063, -15931.09
9066, -15926.24
9068, -15922.89
9070, -15919.65
9073, -15914.17
9076, -15909.52
9079, -15904.51
9082, -15899.38
9084, -15895.85
9088, -15890.35
9090, -15886.05
9093, -15880.98
9096, -15875.43
9099, -15870.27
9101, -15866.76
9104, -15862.45
9106, -15858.00
9109, -15852.29
9112, -15847.95
9115, -15842.79
9117, -15839.19
9119, -15835.55
9121, -15831.11
9124, -15825.12
9127, -15820.31
9130, -15815.22
9132, -15810.54
9134, -15807.05
9136, -15803.24
9138, -15799.58
9140, -15795.86
9143, -15791.63
9145, -15788.05
9147, -15784.40
9149, -15780.53
9151, -15776.71
9153, -15772.64
9155, -15768.84
9158, -15763.20
9161, -15758.35
9163, -15753.13
9165, -15749.39
9167, -15745.65
9169, -15741.98
9171, -15738.39
9173, -15734.79
9175, -15731.05
9177, -15727.47
9179, -15723.86
9181, -15720.04
9183, -15715.61
9185, -15711.68
9188, -15707.23
9190, -15703.00
9192, -15698.55
9194, -15694.74
9196, -15690.79
9199, -15686.45
9201, -15682.44
9203, -15678.08
9205, -15673.85
9207, -15669.71
9209, -15665.43
9212, -15661.00
9214, -15656.92
9216, -15652.48
9218, -15648.67
9220, -15644.93
9222, -15641.17
9224, -15636.86
9227, -15631.44
9229, -15627.48
9231, -15622.80
9234, -15618.55
9236, -15614.01
9239, -15608.02
9241, -15603.48
9243, -15599.55
9245, -15595.50
9247, -15591.49
9250, -15587.15
9252, -15582.58
9254, -15578.13
9256, -15573.70
9259, -15569.27
9261, -15565.25
9263, -15561.24
9265, -15557.08
9267, -15553.14
9269, -15549.26
9271, -15545.45
9273, -15541.61
9275, -15537.11
9277, -15532.45
9280, -15528.23
9282, -15523.54
9284, -15519.51
9286, -15514.56
9289, -15509.66
9291, -15505.03
9293, -15500.83
9296, -15496.01
9298, -15491.45
9300, -15487.46
9303, -15482.50
9306, -15476.58
9308, -15472.64
9310, -15468.41
9312, -15463.49
9315, -15457.34
9318, -15453.09
9321, -15446.92
9323, -15442.09
9325, -15437.56
9328, -15432.90
9330, -15428.49
9333, -15423.51
9335, -15419.24
9338, -15413.54
9340, -15409.56
9343, -15403.22
9345, -15398.44
9348, -15393.74
9350, -15389.74
9352, -15385.50
9354, -15380.92
9356, -15376.73
9359, -15372.48
9361, -15368.21
9363, -15364.15
9365, -15359.55
9367, -15355.42
9370, -15350.50
9372, -15346.22
9375, -15340.15
9378, -15335.64
9381, -15329.95
9383, -15325.53
9385, -15321.73
9387, -15317.65
9389, -15313.10
9392, -15308.89
9394, -15304.69
9396, -15300.27
9398, -15296.18
9400, -15292.35
9403, -15286.91
9405, -15282.50
9407, -15278.74
9410, -15274.44
9413, -15268.81
9415, -15264.27
9417, -15260.35
9419, -15256.76
9423, -15249.94
9425, -15245.04
9428, -15239.58
9431, -15234.58
9433, -15230.84
9435, -15226.83
9438, -15221.18
9441, -15216.77
9443, -15213.09
9446, -15206.96
9448, -15202.48
9451, -15198.58
9453, -15194.80
9455, -15190.57
9457, -15186.38
9459, -15182.31
9462, -15177.69
9464, -15173.48
9466, -15169.81
9468, -15166.06
9471, -15161.91
9473, -15158.24
9476, -15152.19
9478, -15147.95
9481, -15142.53
9483, -15138.92
9485, -15135.45
9488, -15131.37
9490, -15126.22
9493, -15122.11
9495, -15117.47
9498, -15112.06
9500, -15108.36
9503, -15104.45
9505, -15100.18
9507, -15096.10
9510, -15090.90
9513, -15086.34
9515, -15082.66
9517, -15079.10
9520, -15074.36
9522, -15069.66
9525, -15064.29
9528, -15058.86
9531, -15054.82
9533, -15050.88
9535, -15046.37
9538, -15042.26
9540, -15037.74
9543, -15031.83
9547, -15025.98
9549, -15021.26
9552, -15017.22
9555, -15011.61
9557, -15007.40
9560, -15003.04
9562, -14998.63
9565, -14994.17
9567, -14990.36
9569, -14986.61
9571, -14982.49
9573, -14978.96
9575, -14975.48
9577, -14972.08
9579, -14968.62
9581, -14965.09
9583, -14961.59
9585, -14957.80
9587, -14953.99
9590, -14949.30
9594, -14942.59
9597, -14936.21
9599, -14932.25
9602, -14928.34
9605, -14922.54
9607, -14918.47
9610, -14913.95
9612, -14908.91
9615, -14903.97
9617, -14900.44
9619, -14896.82
9621, -14893.04
9623, -14888.98
9626, -14884.35
9629, -14878.97
9631, -14874.59
9634, -14870.64
9636, -14866.31
9639, -14861.11
9642, -14855.60
9644, -14851.85
9646, -14847.49
9648, -14843.51
9651, -14839.23
9653, -14835.29
9656, -14829.38
9659, -14823.98
9662, -14818.83
9664, -14814.96
9666, -14811.03
9669, -14805.66
9672, -14799.65
9675, -14793.59
9678, -14788.76
9680, -14784.86
9682, -14781.06
9684, -14776.88
9687, -14772.74
9689, -14768.35
9691, -14764.36
9693, -14760.14
9695, -14756.18
9698, -14751.89
9700, -14747.39
9702, -14743.30
9705, -14738.91
9708, -14733.02
9711, -14727.79
9713, -14723.46
9715, -14718.81
9718, -14714.09
9721, -14708.33
9723, -14704.16
9726, -14698.99
9728, -14694.63
9731, -14688.99
9733, -14685.02
9736, -14680.06
9739, -14674.74
9741, -14670.25
9743, -14665.79
9747, -14659.38
9749, -14655.33
9751, -14650.70
9754, -14644.70
9757, -14639.78
9759, -14635.75
9761, -14631.94
9763, -14628.23
9765, -14623.73
9768, -14618.07
9771, -14612.79
9773, -14608.11
9775, -14604.32
9777, -14600.46
9779, -14596.47
9781, -14592.17
9783, -14588.27
9785, -14584.43
9787, -14580.65
9789, -14576.79
9791, -14572.43
9793, -14568.61
9795, -14564.80
9797, -14561.04
9799, -14557.26
9801, -14552.92
9803, -14549.00
9805, -14545.24
9808, -14541.00
9810, -14536.18
9813, -14531.15
9815, -14526.33
9817, -14522.23
9820, -14516.14
9823, -14511.83
9825, -14507.05
9827, -14502.66
9830, -14497.97
9832, -14494.08
9834, -14490.31
9836, -14485.42
9838, -14481.59
9840, -14477.84
9842, -14473.93
9845, -14469.48
9847, -14464.24
9849, -14460.20
9852, -14455.59
9854, -14450.99
9857, -14446.36
9859, -14441.02
9862, -14436.09
9864, -14431.24
9867, -14426.79
9869, -14421.91
9872, -14417.56
9875, -14411.27
9877, -14406.52
9880, -14400.87
9882, -14397.03
9885, -14391.88
9888, -14387.16
9890, -14382.68
9893, -14377.60
9896, -14371.34
9898, -14366.88
9900, -14362.95
9903, -14359.05
9905, -14354.90
9907, -14350.71
9909, -14347.00
9911, -14342.67
9913, -14339.00
9915, -14335.29
9917, -14331.56
9919, -14327.58
9921, -14323.85
9924, -14318.60
9927, -14312.90
9930, -14308.49
9932, -14304.45
9934, -14300.68
9936, -14296.47
9939, -14291.60
9941, -14287.03
9944, -14281.50
9947, -14276.28
9949, -14272.46
9952, -14268.13
9954, -14263.28
9957, -14257.82
9960, -14253.41
9963, -14247.90
9965, -14243.91
9967, -14240.11
9969, -14235.50
9971, -14231.86
9975, -14225.99
9977, -14221.27
9980, -14215.99
9982, -14212.44
9984, -14208.27
9987, -14203.60
9989, -14199.54
9991, -14195.52
9994, -14190.89
9996, -14187.16
9998, -14183.46
10000, -14179.79
10002, -14176.22
10005, -14172.16
10007, -14167.97
10010, -14163.33
10012, -14159.72
10014, -14155.76
10016, -14151.90
10018, -14148.09
10021, -14144.00
10024, -14138.33
10026, -14134.15
10028, -14130.50
10030, -14127.12
10032, -14123.79
10034, -14120.20
10036, -14116.68
10038, -14112.83
10041, -14108.72
10043, -14105.06
10045, -14101.65
10047, -14097.12
10050, -14093.19
10052, -14089.78
10054, -14085.82
10056, -14081.86
10059, -14077.68
10061, -14073.60
10063, -14070.23
10065, -14066.92
10067, -14063.16
10070, -14059.16
10072, -14055.71
10075, -14050.42
10077, -14046.89
10079, -14042.96
10081, -14039.63
10084, -14035.67
10086, -14031.94
10088, -14028.02
10091, -14023.83
10093, -14020.26
10095, -14016.65
10097, -14012.77
10099, -14009.05
10101, -14005.72
10104, -14001.90
10107, -13997.07
10109, -13993.68
10111, -13990.08
10113, -13986.64
10115, -13983.36
10117, -13980.17
10119, -13976.53
10121, -13972.68
10124, -13968.93
10126, -13965.40
10128, -13962.25
10130, -13957.91
10133, -13954.48
10135, -13950.59
10138, -13946.24
10140, -13942.36
10142, -13938.67
10145, -13933.45
10148, -13929.52
10150, -13926.04
10152, -13922.52
10155, -13918.26
10157, -13914.86
10159, -13911.61
10161, -13908.46
10163, -13905.25
10165, -13902.01
10167, -13897.79
10170, -13893.82
10172, -13890.32
10175, -13885.32
10177, -13881.09
10180, -13877.01
10182, -13873.73
10185, -13869.71
10188, -13864.79
10190, -13861.23
10192, -13857.60
10195, -13853.50
10197, -13849.46
10199, -13845.81
10202, -13841.57
10204, -13837.97
10207, -13833.54
10209, -13830.42
10211, -13826.79
10214, -13822.46
10216, -13818.90
10219, -13813.49
10221, -13810.12
10223, -13806.39
10226, -13802.79
10228, -13799.19
10230, -13795.13
10232, -13791.80
10235, -13788.07
10237, -13784.78
10238, -13781.61
10240, -13778.45
10242, -13775.23
10244, -13772.08
10246, -13768.90
10248, -13765.49
10251, -13761.68
10253, -13758.12
10255, -13754.57
10257, -13750.94
10259, -13747.11
10261, -13743.79
10264, -13739.75
10266, -13736.38
10268, -13732.94
10270, -13729.56
10272, -13726.43
10274, -13723.38
10275, -13720.26
10277, -13717.13
10279, -13714.03
10281, -13710.69
10283, -13707.43
10285, -13703.98
10287, -13700.39
10289, -13697.20
10291, -13693.83
10293, -13690.67
10296, -13687.08
10297, -13683.79
10300, -13680.37
10301, -13677.20
10303, -13673.93
10306, -13669.41
10309, -13665.28
10312, -13660.21
10314, -13656.74
10316, -13653.42
10318, -13649.68
10320, -13646.21
10323, -13642.39
10325, -13638.62
10327, -13634.83
10329, -13631.27
10332, -13627.89
10334, -13624.55
10336, -13620.97
10338, -13617.45
10340, -13613.78
10342, -13610.21
10345, -13606.63
10347, -13602.86
10349, -13599.35
10351, -13595.30
10354, -13590.70
10357, -13585.92
10360, -13581.24
10363, -13576.88
10365, -13573.57
10367, -13569.81
10369, -13565.92
10371, -13562.31
10374, -13557.57
10377, -13552.57
10379, -13549.18
10381, -13545.87
10383, -13541.92
10386, -13537.58
10389, -13533.08
10391, -13529.71
10393, -13525.76
10395, -13522.41
10397, -13519.02
10399, -13515.51
10401, -13512.22
10403, -13508.46
10406, -13503.46
10409, -13498.87
10411, -13495.27
10413, -13491.37
10415, -13487.95
10417, -13484.49
10419, -13480.58
10421, -13476.91
10425, -13471.02
10427, -13467.28
10429, -13463.25
10431, -13459.62
10435, -13453.90
10437, -13449.62
10440, -13445.02
10443, -13439.96
10445, -13436.44
10447, -13432.82
10449, -13428.53
10451, -13424.48
10454, -13420.43
10456, -13416.48
10458, -13412.59
10460, -13409.14
10462, -13405.06
10464, -13401.35
10467, -13396.76
10469, -13393.09
10471, -13389.26
10474, -13384.73
10476, -13380.74
10478, -13376.64
10480, -13373.07
10483, -13369.04
10486, -13363.46
10488, -13359.18
10490, -13355.58
10492, -13352.08
10495, -13347.55
10497, -13343.48
10499, -13339.37
10503, -13333.60
10505, -13329.39
10507, -13325.87
10509, -13321.30
10512, -13316.37
10514, -13312.58
10517, -13308.18
10520, -13302.45
10522, -13298.07
10526, -13292.14
10529, -13286.69
10531, -13283.12
10534, -13277.92
10537, -13272.58
10539, -13268.75
10541, -13264.93
10544, -13259.94
10546, -13255.18
10550, -13249.29
10553, -13243.46
10555, -13239.68
10557, -13235.43
10560, -13231.17
10562, -13227.15
10564, -13223.50
10566, -13219.88
10568, -13216.29
10570, -13212.13
10573, -13208.06
10575, -13204.50
10577, -13200.03
10580, -13195.58
10582, -13191.42
10585, -13186.88
10587, -13183.14
10589, -13179.17
10591, -13175.32
10594, -13170.60
10596, -13166.17
10598, -13161.91
10600, -13158.26
10603, -13154.46
10604, -13150.97
10606, -13147.44
10608, -13144.05
10611, -13140.08
10613, -13135.82
10615, -13132.28
10617, -13128.77
10619, -13125.13
10621, -13121.15
10623, -13117.55
10625, -13113.76
10627, -13109.66
10630, -13105.42
10632, -13101.19
10634, -13097.07
10637, -13092.77
10639, -13088.63
10642, -13084.28
10644, -13080.49
10646, -13076.21
10648, -13072.65
10650, -13069.11
10652, -13065.09
10655, -13060.92
10657, -13056.72
10659, -13052.73
10661, -13048.75
10663, -13045.19
10666, -13040.92
10668, -13037.33
10670, -13033.73
10672, -13030.01
10674, -13026.39
10676, -13022.85
10678, -13019.30
10680, -13015.67
10682, -13011.68
10684, -13007.79
10687, -13003.75
10689, -12999.67
10691, -12996.11
10693, -12992.59
10695, -12988.98
10697, -12984.45
10699, -12980.85
10701, -12977.36
10704, -12973.64
10706, -12970.08
10708, -12966.37
10710, -12962.88
10712, -12959.05
10714, -12955.50
10716, -12951.54
10718, -12947.57
10720, -12944.01
10722, -12939.85
10725, -12935.77
10727, -12931.65
10729, -12927.26
10731, -12923.68
10733, -12920.24
10735, -12916.85
10737, -12913.34
10739, -12909.78
10741, -12906.30
10743, -12902.74
10745, -12899.13
10747, -12895.42
10749, -12891.52
10752, -12887.23
10754, -12883.26
10756, -12879.09
10758, -12874.99
10761, -12871.10
10763, -12867.54
10765, -12863.17
10767, -12858.67
10769, -12855.11
10771, -12851.49
10773, -12847.95
10775, -12844.44
10777, -12840.84
10779, -12837.24
10781, -12833.65
10783, -12830.12
10785, -12826.48
10787, -12822.94
10789, -12819.21
10791, -12814.89
10793, -12811.09
10796, -12806.87
10798, -12802.80
10800, -12799.27
10802, -12795.68
10804, -12792.05
10806, -12788.40
10808, -12784.66
10810, -12780.86
10812, -12776.38
10814, -12772.26
10817, -12767.73
10819, -12763.04
10821, -12759.54
10823, -12755.65
10825, -12751.69
10827, -12748.06
10829, -12744.37
10831, -12740.71
10833, -12737.09
10835, -12733.44
10837, -12729.83
10839, -12726.07
10841, -12722.09
10843, -12717.73
10846, -12713.55
10848, -12709.36
10850, -12704.81
10852, -12700.74
10855, -12696.47
10857, -12692.57
10859, -12687.84
10861, -12683.58
10863, -12679.64
10866, -12675.50
10868, -12671.00
10870, -12667.16
10872, -12663.26
10874, -12659.49
10876, -12655.64
10878, -12651.94
10880, -12647.94
10882, -12644.14
10884, -12640.42
10886, -12636.61
10888, -12632.79
10890, -12629.00
10892, -12625.03
10894, -12621.30
10896, -12617.54
10898, -12613.60
10900, -12609.28
10902, -12605.54
10904, -12601.70
10906, -12597.32
10908, -12592.69
10910, -12588.91
10912, -12585.02
10914, -12581.04
10916, -12577.29
10918, -12573.30
10920, -12569.49
10922, -12565.60
10924, -12561.74
10926, -12558.02
10929, -12553.64
10931, -12549.82
10932, -12546.13
10934, -12542.21
10936, -12538.48
10939, -12534.35
10940, -12530.49
10942, -12526.80
10944, -12522.99
10946, -12519.12
10948, -12514.97
10951, -12510.70
10953, -12506.72
10955, -12502.98
10957, -12499.23
10959, -12495.08
10961, -12491.08
10963, -12487.22
10965, -12483.35
10967, -12479.45
10969, -12475.66
10971, -12471.86
10972, -12468.05
10974, -12464.34
10976, -12460.57
10978, -12456.29
10980, -12452.46
10982, -12448.50
10984, -12444.65
10986, -12440.96
10988, -12436.94
10990, -12433.17
10992, -12429.33
10994, -12425.52
10996, -12421.41
10998, -12417.38
11000, -12413.57
11002, -12409.76
11004, -12405.85
11006, -12402.04
11008, -12397.60
11010, -12393.75
11012, -12389.94
11014, -12386.02
11016, -12382.02
11018, -12378.14
11020, -12374.14
11022, -12370.35
11024, -12366.55
11026, -12362.85
11029, -12358.19
11031, -12354.24
11032, -12350.52
11034, -12346.63
11036, -12342.98
11038, -12339.14
11040, -12335.32
11042, -12331.65
11044, -12327.87
11046, -12323.45
11048, -12319.57
11050, -12315.65
11052, -12311.93
11054, -12308.05
11056, -12304.14
11058, -12300.33
11060, -12296.48
11062, -12292.60
11064, -12288.66
11066, -12285.07
11068, -12281.32
11070, -12277.49
11072, -12273.85
11074, -12270.11
11076, -12266.54
11079, -12261.76
11081, -12258.00
11083, -12253.94
11085, -12249.82
11087, -12245.54
11089, -12241.67
11092, -12237.09
11094, -12233.33
11096, -12229.31
11098, -12225.18
11100, -12221.23
11102, -12216.90
11105, -12212.57
11107, -12208.58
11109, -12204.89
11111, -12201.16
11113, -12197.07
11115, -12192.69
11118, -12188.79
11120, -12184.07
11122, -12179.83
11125, -12175.65
11127, -12171.37
11129, -12167.71
11131, -12163.79
11133, -12159.81
11136, -12155.81
11138, -12151.58
11140, -12147.43
11142, -12143.78
11145, -12139.27
11147, -12135.08
11149, -12131.48
11151, -12127.36
11154, -12123.06
11156, -12118.96
11158, -12115.09
11160, -12111.14
11162, -12107.38
11164, -12103.36
11167, -12099.28
11169, -12095.65
11171, -12090.97
11173, -12087.34
11175, -12083.69
11178, -12079.03
11180, -12075.02
11183, -12071.09
11185, -12067.16
11187, -12063.32
11189, -12059.62
11191, -12055.69
11193, -12051.81
11195, -12048.33
11197, -12044.90
11199, -12041.51
11201, -12038.13
11203, -12034.74
11205, -12031.13
11207, -12027.41
11209, -12023.64
11211, -12019.92
11213, -12016.41
11215, -12012.99
11217, -12009.72
11219, -12006.18
11221, -12002.74
11224, -11998.54
11226, -11994.28
11228, -11990.60
11231, -11986.33
11233, -11982.24
11235, -11978.09
11237, -11974.54
11239, -11970.93
11241, -11967.53
11244, -11963.58
11246, -11959.78
11248, -11955.69
11250, -11951.75
11252, -11948.25
11255, -11944.09
11257, -11940.22
11259, -11936.57
11261, -11932.64
11264, -11928.56
11266, -11924.44
11268, -11921.06
11270, -11917.59
11272, -11914.21
11274, -11910.86
11276, -11907.40
11278, -11903.76
11280, -11900.33
11282, -11896.36
11284, -11893.00
11286, -11889.34
11288, -11885.99
11290, -11882.56
11292, -11879.23
11294, -11875.65
11296, -11872.26
11298, -11868.87
11300, -11865.44
11302, -11862.12
11304, -11858.77
11306, -11855.43
11308, -11852.06
11310, -11848.66
11312, -11845.25
11314, -11841.93
11315, -11838.52
11318, -11834.87
11320, -11831.47
11321, -11828.08
11324, -11824.31
11326, -11820.35
11328, -11816.89
11330, -11813.51
11332, -11810.16
11334, -11806.75
11336, -11803.39
11338, -11799.85
11340, -11795.93
11342, -11791.76
11344, -11788.05
11346, -11784.44
11349, -11780.35
11351, -11776.71
11353, -11772.57
11356, -11768.13
11359, -11762.27
11361, -11757.88
11363, -11754.39
11366, -11750.42
11368, -11746.28
11370, -11742.35
11372, -11738.19
11375, -11734.15
11377, -11730.28
11379, -11726.77
11381, -11722.92
11384, -11718.55
11386, -11714.47
11388, -11711.01
11390, -11706.99
11392, -11702.91
11395, -11698.78
11397, -11694.89
11399, -11691.00
11401, -11686.46
11404, -11681.98
11407, -11677.41
11409, -11672.91
11411, -11669.36
11414, -11663.47
11417, -11658.08
11420, -11653.26
11423, -11648.43
11425, -11643.78
11427, -11639.58
11429, -11635.93
11432, -11631.70
11434, -11627.44
11436, -11623.44
11438, -11619.57
11441, -11615.39
11443, -11611.69
11445, -11608.03
11447, -11603.64
11450, -11597.63
11453, -11593.34
11455, -11588.53
11459, -11582.59
11461, -11578.62
11463, -11575.00
11466, -11569.79
11468, -11565.26
11472, -11558.83
11474, -11554.22
11477, -11549.66
11479, -11545.76
11481, -11540.72
11484, -11536.44
11487, -11531.24
11489, -11527.02
11491, -11523.15
11493, -11518.56
11496, -11514.10
11498, -11509.73
11500, -11505.23
11503, -11499.74
11506, -11495.38
11508, -11491.24
11511, -11486.55
11513, -11481.67
11516, -11477.27
11519, -11471.35
11522, -11465.75
11524, -11461.61
11526, -11456.79
11528, -11453.05
11530, -11449.41
11532, -11445.90
11534, -11442.37
11536, -11438.68
11538, -11434.86
11540, -11430.61
11543, -11426.49
11545, -11422.67
11547, -11418.27
11549, -11414.02
11552, -11408.50
11554, -11404.74
11557, -11399.68
11560, -11394.48
11562, -11390.15
11564, -11386.36
11567, -11380.66
11569, -11376.30
11572, -11370.90
11575, -11365.47
11578, -11360.68
11580, -11356.46
11582, -11351.93
11585, -11346.87
11588, -11340.56
11592, -11333.87
11594, -11329.94
11596, -11325.55
11599, -11321.41
11601, -11317.14
11604, -11311.78
11606, -11307.34
11608, -11303.48
11611, -11298.80
11613, -11294.69
11615, -11290.51
11618, -11286.30
11621, -11280.00
11623, -11275.77
11626, -11271.36
11628, -11267.38
11631, -11261.29
11633, -11257.37
11635, -11253.14
11637, -11249.52
11640, -11245.16
11642, -11240.80
11644, -11236.91
11646, -11233.21
11648, -11229.53
11650, -11225.71
11652, -11221.91
11654, -11218.10
11657, -11213.29
11659, -11209.14
11661, -11205.52
11663, -11201.56
11665, -11197.67
11667, -11193.63
11670, -11189.37
11672, -11185.22
11674, -11180.79
11677, -11175.89
11679, -11172.27
11681, -11168.20
11683, -11164.60
11685, -11160.29
11688, -11156.36
11690, -11151.62
11693, -11146.77
11695, -11142.50
11697, -11138.85
11699, -11135.06
11701, -11131.06
11704, -11126.36
11707, -11121.31
11709, -11116.53
11711, -11112.63
11713, -11109.04
11716, -11104.50
11718, -11100.69
11721, -11095.84
11723, -11091.24
11726, -11086.46
11728, -11082.62
11730, -11078.85
11733, -11073.98
11735, -11069.52
11738, -11064.34
11742, -11057.88
11744, -11053.61
11746, -11050.06
11748, -11046.57
11750, -11043.08
11752, -11039.69
11754, -11036.16
11756, -11032.57
11758, -11028.91
11760, -11024.77
11762, -11021.33
11765, -11016.83
11768, -11010.86
11771, -11005.75
11774, -11000.51
11776, -10996.53
11778, -10992.82
11781, -10987.23
11784, -10982.26
11786, -10977.81
11789, -10973.78
11791, -10968.85
11793, -10965.32
11795, -10961.71
11797, -10958.12
11801, -10952.57
11803, -10948.26
11806, -10943.58
11808, -10940.01
11810, -10935.78
11813, -10931.00
11815, -10927.10
11817, -10923.19
11820, -10918.66
11823, -10913.35
11825, -10909.75
11827, -10905.96
11829, -10902.44
11831, -10899.04
11832, -10895.60
11834, -10892.25
11836, -10888.58
11838, -10885.17
11840, -10881.42
11843, -10876.89
11845, -10872.48
11848, -10868.07
11850, -10863.25
11854, -10857.82
11856, -10854.03
11858, -10850.03
11860, -10846.53
11862, -10842.42
11864, -10838.13
11867, -10834.04
11869, -10830.00
11871, -10825.79
11874, -10821.75
11876, -10817.63
11878, -10813.94
11880, -10809.30
11883, -10804.90
11885, -10800.07
11887, -10796.37
11890, -10792.32
11892, -10788.22
11894, -10783.94
11897, -10779.35
11899, -10775.25
11901, -10770.96
11904, -10767.28
11906, -10763.34
11908, -10759.23
11910, -10755.21
11914, -10748.95
11916, -10744.89
11919, -10738.61
11921, -10734.61
11924, -10729.95
11927, -10724.90
11929, -10720.39
11931, -10716.26
11935, -10710.30
11937, -10706.38
11939, -10702.39
11941, -10698.25
11943, -10694.18
11946, -10689.95
11948, -10685.71
11950, -10681.08
11953, -10676.93
11954, -10673.37
11957, -10669.28
11959, -10664.92
11962, -10659.06
11965, -10653.02
11968, -10648.76
11970, -10644.73
11972, -10641.03
11974, -10636.51
11976, -10632.33
11979, -10628.19
11981, -10624.18
11984, -10619.00
11986, -10614.09
11989, -10608.59
11992, -10603.42
11994, -10598.95
11997, -10593.81
11999, -10589.72
12002, -10584.32
12005, -10579.60
12007, -10575.85
12009, -10570.90
12012, -10566.52
12014, -10562.72
12016, -10558.08
12019, -10552.16
12022, -10546.78
12025, -10542.28
12027, -10538.14
12029, -10533.52
12032, -10528.11
12034, -10523.63
12037, -10518.06
12041, -10511.77
12043, -10507.72
12045, -10503.74
12047, -10499.57
12050, -10494.72
12053, -10489.62
12055, -10485.03
12057, -10481.16
12060, -10476.71
12062, -10472.88
12064, -10468.25
12066, -10464.30
12069, -10459.47
12072, -10453.83
12074, -10449.45
12077, -10445.28
12079, -10441.50
12081, -10437.87
12083, -10433.50
12085, -10429.40
12087, -10425.76
12089, -10422.20
12091, -10417.92
12093, -10414.19
12096, -10410.24
12098, -10406.32
12100, -10402.33
12102, -10398.38
12105, -10393.39
12107, -10389.74
12109, -10385.62
12111, -10381.97
12114, -10376.15
12116, -10372.42
12119, -10368.08
12122, -10362.63
12126, -10355.72
12128, -10352.14
12131, -10346.49
12133, -10341.85
12137, -10335.48
12139, -10331.10
12141, -10327.34
12143, -10323.75
12146, -10319.22
12149, -10313.32
12152, -10308.76
12154, -10304.46
12156, -10300.89
12158, -10297.16
12162, -10291.30
12164, -10287.00
12166, -10283.49
12169, -10277.93
12173, -10271.91
12175, -10267.88
12177, -10263.71
12180, -10259.64
12182, -10254.91
12185, -10250.50
12187, -10246.51
12189, -10242.78
12191, -10239.23
12194, -10235.51
12196, -10231.52
12198, -10227.76
12200, -10224.03
12202, -10219.95
12205, -10215.83
12207, -10211.96
12209, -10208.62
12211, -10204.73
12213, -10200.83
12216, -10196.27
12219, -10191.65
12221, -10187.01
12224, -10183.06
12226, -10178.71
12228, -10175.18
12230, -10171.64
12233, -10167.01
12235, -10162.85
12237, -10159.34
12239, -10155.74
12242, -10151.17
12245, -10146.70
12247, -10143.01
12250, -10138.26
12253, -10132.86
12255, -10128.60
12258, -10124.20
12260, -10120.64
12262, -10116.19
12265, -10111.78
12268, -10106.26
12272, -10100.77
12274, -10096.48
12276, -10093.06
12278, -10089.09
12281, -10083.95
12285, -10078.68
12287, -10075.05
12289, -10071.15
12291, -10067.02
12294, -10063.14
12296, -10059.81
12298, -10055.14
12301, -10051.60
12303, -10048.20
12305, -10044.81
12307, -10041.50
12309, -10038.06
12311, -10034.15
12313, -10030.15
12316, -10025.75
12318, -10022.02
12320, -10018.64
12322, -10015.00
12325, -10010.20
12327, -10006.71
12329, -10003.38
12332, -9999.46
12334, -9995.81
12336, -9992.60
12339, -9986.93
12342, -9982.86
12344, -9978.88
12346, -9975.50
12348, -9972.02
12350, -9968.86
12352, -9965.70
12354, -9962.55
12356, -9959.25
12359, -9955.53
12361, -9952.03
12363, -9948.20
12366, -9944.08
12368, -9940.50
12370, -9936.93
12372, -9933.03
12374, -9929.63
12377, -9926.24
12379, -9922.11
12381, -9918.47
12384, -9914.78
12386, -9911.39
12388, -9907.96
12390, -9904.35
12392, -9901.15
12394, -9897.39
12397, -9894.09
12399, -9890.62
12401, -9887.12
12403, -9883.21
12405, -9880.06
12407, -9876.56
12410, -9873.17
12412, -9869.84
12414, -9866.25
12416, -9862.90
12418, -9859.03
12421, -9855.65
12423, -9852.01
12425, -9848.08
12427, -9844.76
12429, -9841.44
12431, -9838.30
12433, -9835.20
12435, -9832.05
12437, -9828.90
12439, -9825.78
12441, -9822.41
12443, -9819.26
12445, -9815.96
12448, -9812.10
12450, -9808.34
12453, -9803.82
12455, -9800.22
12458, -9795.39
12460, -9792.17
12462, -9788.93
12464, -9785.60
12466, -9782.25
12469, -9778.16
12472, -9773.40
12475, -9768.10
12477, -9764.95
12480, -9760.66
12482, -9756.96
12485, -9752.19
12488, -9746.90
12490, -9743.51
12492, -9740.23
12494, -9736.81
12497, -9733.29
12499, -9729.76
12501, -9726.33
12503, -9722.69
12505, -9719.34
12507, -9716.07
12509, -9712.81
12511, -9709.60
12513, -9706.33
12515, -9703.09
12517, -9699.80
12519, -9696.61
12521, -9693.36
12523, -9689.98
12525, -9686.75
12527, -9683.59
12530, -9679.56
12532, -9675.66
12535, -9670.89
12537, -9667.03
12539, -9663.58
12541, -9660.03
12543, -9656.75
12546, -9653.08
12549, -9647.98
12551, -9644.39
12553, -9640.83
12555, -9637.50
12557, -9634.25
12559, -9630.90
12561, -9627.27
12564, -9623.46
12566, -9619.98
12568, -9616.27
12570, -9612.77
12572, -9609.05
12575, -9604.70
12577, -9601.08
12579, -9597.44
12581, -9594.24
12584, -9590.38
12586, -9586.88
12589, -9581.82
12591, -9578.25
12594, -9572.85
12597, -9569.04
12599, -9565.38
12601, -9561.24
12604, -9557.75
12606, -9554.38
12608, -9550.59
12610, -9546.72
12613, -9543.01
12615, -9539.20
12617, -9535.92
12619, -9532.71
12621, -9529.49
12623, -9526.34
12625, -9523.06
12627, -9519.83
12629, -9516.53
12631, -9513.35
12633, -9510.15
12635, -9506.96
12637, -9503.52
12639, -9499.86
12641, -9496.63
12643, -9492.81
12646, -9489.12
12648, -9485.61
12650, -9482.12
12652, -9478.25
12655, -9474.38
12657, -9470.68
12659, -9467.05
12661, -9463.69
12663, -9460.31
12665, -9457.08
12668, -9453.77
12670, -9450.13
12672, -9446.17
12675, -9442.41
12677, -9438.83
12679, -9435.26
12682, -9430.80
12684, -9427.39
12686, -9424.24
12687, -9421.17
12690, -9417.52
12692, -9414.36
12694, -9411.25
12696, -9407.54
12698, -9404.37
12700, -9401.22
12702, -9397.61
12704, -9393.31
12707, -9389.21
12709, -9385.65
12711, -9381.78
12713, -9378.38
12716, -9374.54
12719, -9369.34
12721, -9365.20
12724, -9361.32
12726, -9357.99
12728, -9354.70
12730, -9351.29
12732, -9347.36
12735, -9343.35
12737, -9339.54
12739, -9335.70
12741, -9332.43
12743, -9328.50
12746, -9324.98
12748, -9320.82
12750, -9316.97
12753, -9312.48
12756, -9308.59
12758, -9305.17
12760, -9301.36
12762, -9298.04
12765, -9292.43
12768, -9287.85
12770, -9283.90
12773, -9279.52
12775, -9276.11
12777, -9272.60
12780, -9268.19
12783, -9264.14
12785, -9260.31
12788, -9255.20
12791, -9251.04
12792, -9247.84
12794, -9244.69
12798, -9239.64
12800, -9235.49
12803, -9231.23
12805, -9227.97
12807, -9223.78
12809, -9220.50
12812, -9216.84
12814, -9213.02
12817, -9207.84
12820, -9203.15
12822, -9199.20
12825, -9195.84
12827, -9192.58
12829, -9188.37
12832, -9183.31
12835, -9178.49
12838, -9173.97
12840, -9170.43
12843, -9166.79
12845, -9163.53
12847, -9160.34
12849, -9157.21
12850, -9154.16
12852, -9151.17
12854, -9148.27
12857, -9145.34
12859, -9142.37
12861, -9139.32
12864, -9136.66
12867, -9133.30
12870, -9130.70
12872, -9129.04
12874, -9127.30
12876, -9126.02
12880, -9124.06
12883, -9122.78
12885, -9121.94
12888, -9120.84
12890, -9120.26
12893, -9119.78
12895, -9119.44
12899, -9119.28
12901, -9119.33
12904, -9119.61
12906, -9119.95
12908, -9120.32
12911, -9121.09
12914, -9121.87
12917, -9122.91
12920, -9124.07
12923, -9125.59
12925, -9126.68
12928, -9128.30
12931, -9130.19
12934, -9132.26
12936, -9133.68
12938, -9135.31
12940, -9136.90
12944, -9140.25
12948, -9142.94
12951, -9146.02
12953, -9147.97
12955, -9150.01
12958, -9152.05
12959, -9154.03
12962, -9156.08
12964, -9158.26
12966, -9160.40
12968, -9162.53
12970, -9164.74
12972, -9167.27
12974, -9169.46
12976, -9171.81
12978, -9174.33
12980, -9176.84
12983, -9179.64
12985, -9182.15
12987, -9184.82
12989, -9187.52
12991, -9189.98
12993, -9192.53
12995, -9195.30
12997, -9198.48
12999, -9201.07
13002, -9204.18
13004, -9206.76
13006, -9209.65
13008, -9212.38
13010, -9215.24
13012, -9218.70
13014, -9221.45
13016, -9224.31
13019, -9228.68
13022, -9232.55
13024, -9235.52
13027, -9240.32
13031, -9245.08
13033, -9248.62
13036, -9253.64
13039, -9257.91
13041, -9261.10
13044, -9265.32
13047, -9270.42
13051, -9275.64
13054, -9280.58
13057, -9285.07
13059, -9288.43
13061, -9292.06
13063, -9295.55
13065, -9298.78
13067, -9301.93
13069, -9304.98
13071, -9308.15
13073, -9312.03
13076, -9315.58
13078, -9319.08
13080, -9322.44
13082, -9326.90
13085, -9330.64
13087, -9335.03
13090, -9339.24
13093, -9343.73
13095, -9347.10
13097, -9350.94
13099, -9355.03
13102, -9359.52
13104, -9363.02
13107, -9367.33
13109, -9371.31
13111, -9374.72
13113, -9378.33
13115, -9381.70
13118, -9387.23
13121, -9392.37
13124, -9396.88
13126, -9400.85
13129, -9404.97
13131, -9409.27
13134, -9413.87
13137, -9419.62
13140, -9423.85
13142, -9427.30
13144, -9430.86
13146, -9434.88
13149, -9439.97
13152, -9445.21
13154, -9448.81
13157, -9453.41
13159, -9456.98
13162, -9461.40
13164, -9465.88
13167, -9470.64
13170, -9475.70
13173, -9480.57
13175, -9484.00
13177, -9487.64
13179, -9491.37
13182, -9495.17
13184, -9498.64
13186, -9502.36
13188, -9506.29
13190, -9509.67
13192, -9513.06
13195, -9517.07
13197, -9520.89
13200, -9526.09
13203, -9531.24
13206, -9536.14
13208, -9539.37
13210, -9542.90
13212, -9546.16
13215, -9550.18
13217, -9554.05
13220, -9558.55
13222, -9562.17
13224, -9565.40
13226, -9568.81
13229, -9573.89
13232, -9578.31
13234, -9581.97
13237, -9586.47
13239, -9590.35
13241, -9593.64
13243, -9596.80
13247, -9602.08
13249, -9605.95
13252, -9610.41
13254, -9614.38
13257, -9617.85
13260, -9623.03
13262, -9626.78
13264, -9630.16
13267, -9634.62
13270, -9639.71
13272, -9642.87
13274, -9646.09
13276, -9649.64
13279, -9653.11
13281, -9656.77
13283, -9659.95
13285, -9663.52
13287, -9666.99
13289, -9670.02
13292, -9673.44
13294, -9676.85
13297, -9681.77
13300, -9686.08
13302, -9689.84
13304, -9692.89
13306, -9696.24
13309, -9699.94
13311, -9703.59
13313, -9706.89
13316, -9711.02
13318, -9714.25
13320, -9717.64
13323, -9721.52
13325, -9725.13
13328, -9729.46
13331, -9734.35
13333, -9737.44
13335, -9740.57
13338, -9744.87
13340, -9748.34
13342, -9751.52
13345, -9756.47
13348, -9760.59
13350, -9763.68
13352, -9766.92
13354, -9770.19
13356, -9773.50
13360, -9778.75
13362, -9783.24
13366, -9788.29
13368, -9792.01
13371, -9796.11
13373, -9799.83
13375, -9803.42
13378, -9807.01
13381, -9811.27
13383, -9814.65
13385, -9817.68
13387, -9820.64
13389, -9823.65
13391, -9826.96
13393, -9829.97
13395, -9833.22
13397, -9837.02
13399, -9840.10
13402, -9843.66
13404, -9847.10
13406, -9850.50
13408, -9854.17
13411, -9857.87
13413, -9861.30
13415, -9864.33
13417, -9867.36
13419, -9870.37
13421, -9873.48
13423, -9876.50
13425, -9879.56
13427, -9882.90
13429, -9886.67
13432, -9890.40
13434, -9894.02
13436, -9897.44
13438, -9900.92
13441, -9904.25
13443, -9907.27
13445, -9911.01
13447, -9914.55
13449, -9918.21
13452, -9921.62
13454, -9924.84
13456, -9928.00
13458, -9931.06
13460, -9934.05
13462, -9937.53
13464, -9940.83
13466, -9944.39
13468, -9948.33
13471, -9951.89
13473, -9955.10
13475, -9958.81
13477, -9962.03
13479, -9965.41
13481, -9968.92
13483, -9972.11
13486, -9977.02
13489, -9981.17
13492, -9986.40
13494, -9989.68
13496, -9992.94
13498, -9996.21
13500, -9999.39
13502, -10002.95
13504, -10006.30
13506, -10009.65
13508, -10012.91
13510, -10016.55
13512, -10019.82
13515, -10023.53
13517, -10027.19
13519, -10030.71
13521, -10034.78
13524, -10038.48
13526, -10041.85
13528, -10045.88
13530, -10050.00
13534, -10055.36
13537, -10061.48
13539, -10065.24
13541, -10068.64
13543, -10072.08
13546, -10077.15
13549, -10082.78
13552, -10087.46
13554, -10091.58
13557, -10095.26
13559, -10098.97
13561, -10102.64
13563, -10107.18
13566, -10112.10
13569, -10117.52
13571, -10121.14
13573, -10124.66
13575, -10128.71
13578, -10133.23
13581, -10137.62
13583, -10141.20
13586, -10147.28
13588, -10151.00
13590, -10155.06
13592, -10159.00
13596, -10165.36
13599, -10170.92
13602, -10176.80
13604, -10180.48
13606, -10184.42
13609, -10188.32
13611, -10192.61
13613, -10196.25
13615, -10200.07
13617, -10204.25
13619, -10207.95
13622, -10212.26
13624, -10216.59
13627, -10221.26
13629, -10225.56
13632, -10230.47
13635, -10235.88
13638, -10241.51
13640, -10245.70
13642, -10249.83
13646, -10256.04
13648, -10260.72
13651, -10265.44
13653, -10269.20
13655, -10273.91
13658, -10278.76
13661, -10283.75
13663, -10288.56
13667, -10294.71
13670, -10300.93
13672, -10305.59
13675, -10309.89
13677, -10314.35
13680, -10319.31
13683, -10324.39
13685, -10328.64
13687, -10332.93
13689, -10336.69
13692, -10341.06
13695, -10346.98
13698, -10352.84
13700, -10356.51
13703, -10361.60
13705, -10366.10
13708, -10371.85
13711, -10376.85
13713, -10381.00
13715, -10384.94
13717, -10388.66
13719, -10392.42
13722, -10396.43
13724, -10400.10
13726, -10404.02
13728, -10407.73
13730, -10411.79
13732, -10415.60
13734, -10419.20
13736, -10422.81
13739, -10426.71
13741, -10430.45
13743, -10433.92
13746, -10439.71
13748, -10443.49
13750, -10447.91
13752, -10451.37
13755, -10455.39
13757, -10458.86
13759, -10462.65
13761, -10466.50
13763, -10470.17
13765, -10474.13
13767, -10477.65
13769, -10481.21
13772, -10485.68
13775, -10491.41
13778, -10496.06
13780, -10500.16
13782, -10503.71
13786, -10509.66
13788, -10513.90
13790, -10518.02
13793, -10522.61
13795, -10526.13
13797, -10530.11
13801, -10536.09
13803, -10539.80
13805, -10543.66
13808, -10549.20
13810, -10552.74
13813, -10556.69
13815, -10560.62
13817, -10565.06
13820, -10569.64
13822, -10573.10
13824, -10577.18
13827, -10580.85
13829, -10584.37
13831, -10587.99
13833, -10591.71
13835, -10595.46
13837, -10599.10
13839, -10602.95
13841, -10606.45
13844, -10610.18
13846, -10614.38
13849, -10618.77
13851, -10623.61
13854, -10627.83
13856, -10631.56
13858, -10635.16
13860, -10638.91
13862, -10642.61
13865, -10646.29
13867, -10650.19
13869, -10654.14
13872, -10658.36
13874, -10661.75
13876, -10665.56
13878, -10669.94
13881, -10674.04
13883, -10677.67
13885, -10681.95
13888, -10686.50
13890, -10689.98
13892, -10693.57
13894, -10697.50
13897, -10702.67
13900, -10706.87
13902, -10710.43
13905, -10715.25
13907, -10718.66
13910, -10723.72
13913, -10728.69
13915, -10733.35
13918, -10738.69
13920, -10742.17
13922, -10745.62
13925, -10750.37
13928, -10754.98
13930, -10758.96
13932, -10762.36
13934, -10765.64
13936, -10769.23
13938, -10772.71
13940, -10776.16
13942, -10779.80
13945, -10783.45
13947, -10787.28
13949, -10791.18
13952, -10795.81
13954, -10799.22
13956, -10802.87
13958, -10806.49
13960, -10810.11
13962, -10813.47
13965, -10817.55
13967, -10821.87
13969, -10825.22
13971, -10828.74
13973, -10832.13
13975, -10835.69
13977, -10839.41
13979, -10843.09
13981, -10846.44
13984, -10850.60
13986, -10854.33
13988, -10857.69
13990, -10861.41
13992, -10864.86
13995, -10869.61
13997, -10873.40
14000, -10878.06
14002, -10881.72
14004, -10885.91
14007, -10890.98
14010, -10895.49
14012, -10899.09
14015, -10904.07
14018, -10908.48
14020, -10912.71
14022, -10916.15
14025, -10921.00
14027, -10925.13
14030, -10929.85
14032, -10933.36
14034, -10937.04
14037, -10940.96
14039, -10944.42
14041, -10948.01
14043, -10951.97
14045, -10956.02
14047, -10959.50
14050, -10963.72
14052, -10967.61
14054, -10971.36
14056, -10975.05
14059, -10979.11
14061, -10983.49
14063, -10987.23
14065, -10990.77
14068, -10994.87
14070, -10998.96
14072, -11002.70
14074, -11006.22
14076, -11010.08
14079, -11014.22
14081, -11017.57
14083, -11021.73
14086, -11026.09
14088, -11029.75
14090, -11033.46
14092, -11037.00
14095, -11042.37
14098, -11047.26
14101, -11052.83
14104, -11057.98
14106, -11061.87
14109, -11066.50
14111, -11070.17
14113, -11074.31
14116, -11078.69
14118, -11083.04
14121, -11087.90
14124, -11093.55
14127, -11097.86
14130, -11103.45
14132, -11107.32
14135, -11112.24
14137, -11116.57
14140, -11120.65
14142, -11124.22
14144, -11128.12
14146, -11131.64
14149, -11137.12
14152, -11142.88
14154, -11146.86
14156, -11150.72
14158, -11154.21
14161, -11158.31
14163, -11162.01
14165, -11166.01
14167, -11169.95
14170, -11174.11
14172, -11177.76
14174, -11181.83
14176, -11185.64
14179, -11190.52
14181, -11194.46
14184, -11200.49
14187, -11205.19
14189, -11209.40
14192, -11213.28
14195, -11218.78
14197, -11222.99
14200, -11227.89
14202, -11231.57
14204, -11236.04
14206, -11239.69
14209, -11243.98
14211, -11248.17
14213, -11252.72
14217, -11258.32
14219, -11263.44
14221, -11267.12
14224, -11270.75
14225, -11274.31
14228, -11278.68
14230, -11283.11
14233, -11287.67
14236, -11292.47
14238, -11296.05
14240, -11299.79
14242, -11303.30
14244, -11307.03
14246, -11311.18
14249, -11315.83
14252, -11321.79
14254, -11325.38
14256, -11329.38
14258, -11333.51
14261, -11337.56
14263, -11341.51
14265, -11345.62
14267, -11349.63
14269, -11353.49
14271, -11357.28
14274, -11361.60
14277, -11366.71
14280, -11371.84
14282, -11375.63
14285, -11380.88
14287, -11384.80
14289, -11388.41
14291, -11391.97
14293, -11396.64
14296, -11401.05
14298, -11405.96
14300, -11409.59
14303, -11413.96
14305, -11417.86
14307, -11422.34
14310, -11427.31
14313, -11431.85
14315, -11436.76
14317, -11440.33
14320, -11445.23
14322, -11449.43
14325, -11453.58
14327, -11458.44
14330, -11463.84
14332, -11467.56
14335, -11471.60
14337, -11475.77
14340, -11481.25
14343, -11486.98
14346, -11492.55
14348, -11496.13
14350, -11499.66
14353, -11503.83
14355, -11507.62
14357, -11511.79
14359, -11515.92
14361, -11519.85
14363, -11523.36
14365, -11526.84
14367, -11530.34
14369, -11534.12
14372, -11537.99
14374, -11541.81
14376, -11545.51
14378, -11549.38
14380, -11552.90
14382, -11556.56
14384, -11560.36
14386, -11564.19
14388, -11567.72
14391, -11571.63
14393, -11575.70
14395, -11579.48
14397, -11583.66
14400, -11587.90
14402, -11592.49
14405, -11596.51
14407, -11600.80
14410, -11606.59
14414, -11612.15
14416, -11616.31
14419, -11621.81
14421, -11625.23
14423, -11629.13
14426, -11633.92
14429, -11639.46
14431, -11643.22
14434, -11647.83
14437, -11652.36
14439, -11656.31
14441, -11659.80
14443, -11663.32
14446, -11668.57
14449, -11673.77
14451, -11677.26
14454, -11681.44
14457, -11687.84
14460, -11691.75
14463, -11697.45
14466, -11702.56
14468, -11706.56
14470, -11710.24
14473, -11714.79
14475, -11718.11
14477, -11721.69
14480, -11725.51
14482, -11729.04
14484, -11732.58
14486, -11736.14
14488, -11739.57
14490, -11743.58
14492, -11746.93
14494, -11750.22
14496, -11753.97
14499, -11757.87
14501, -11761.10
14503, -11764.56
14506, -11769.44
14508, -11773.30
14510, -11776.71
14512, -11780.45
14514, -11784.09
14517, -11787.66
14519, -11791.44
14521, -11794.96
14523, -11798.67
14525, -11802.15
14527, -11805.98
14530, -11810.12
14532, -11813.87
14534, -11817.66
14537, -11821.10
14539, -11824.56
14541, -11827.96
14543, -11831.47
14545, -11834.92
14547, -11838.84
14550, -11842.66
14552, -11846.54
14554, -11849.91
14556, -11853.48
14558, -11857.19
14560, -11860.67
14563, -11864.41
14565, -11868.11
14567, -11871.93
14570, -11876.05
14572, -11879.50
14574, -11883.02
14576, -11886.46
14578, -11890.34
14580, -11893.73
14584, -11899.33
14586, -11903.14
14588, -11907.28
14590, -11910.74
14593, -11914.31
14595, -11917.78
14597, -11921.65
14599, -11925.77
14602, -11929.29
14604, -11932.84
14606, -11936.15
14609, -11941.20
14611, -11944.87
14613, -11949.14
14616, -11953.23
14618, -11956.93
14620, -11960.30
14622, -11964.30
14625, -11968.17
14628, -11973.18
14631, -11978.79
14633, -11982.38
14636, -11986.92
14638, -11990.94
14640, -11994.58
14644, -12000.00
14646, -12004.92
14649, -12008.62
14651, -12012.13
14653, -12015.88
14656, -12021.65
14659, -12025.58
14661, -12029.15
14664, -12033.81
14666, -12037.47
14668, -12041.37
14670, -12044.95
14672, -12048.43
14674, -12051.68
14676, -12055.00
14678, -12058.28
14680, -12061.62
14682, -12065.64
14685, -12069.31
14687, -12072.81
14689, -12076.38
14691, -12080.24
14693, -12084.08
14696, -12088.15
14698, -12091.52
14700, -12094.76
14702, -12098.05
14704, -12101.52
14706, -12104.82
14707, -12108.11
14709, -12111.37
14711, -12114.79
14713, -12118.12
14715, -12121.41
14718, -12125.50
14720, -12128.87
14722, -12132.23
14724, -12135.51
14725, -12138.70
14728, -12142.25
14730, -12145.65
14732, -12149.03
14733, -12152.27
14735, -12155.60
14738, -12159.42
14740, -12162.63
14742, -12166.06
14743, -12169.27
14745, -12172.49
14747, -12175.95
14749, -12179.11
14752, -12183.08
14753, -12186.36
14755, -12189.88
14758, -12193.84
14760, -12197.27
14762, -12200.90
14764, -12204.70
14767, -12209.92
14770, -12214.32
14772, -12218.71
14775, -12222.34
14777, -12226.93
14780, -12232.48
14783, -12237.10
14786, -12241.35
14788, -12245.91
14790, -12249.40
14792, -12253.02
14794, -12256.41
14798, -12261.99
14800, -12265.75
14802, -12270.14
14804, -12273.79
14806, -12277.20
14808, -12280.84
14811, -12284.64
14813, -12288.60
14815, -12292.50
14817, -12296.51
14819, -12300.01
14822, -12303.78
14824, -12308.18
14827, -12313.69
14830, -12319.03
14833, -12324.05
14836, -12328.54
14838, -12332.30
14840, -12335.83
14842, -12339.25
14845, -12345.21
14848, -12350.58
14850, -12354.16
14853, -12358.53
14855, -12362.04
14857, -12366.39
14860, -12371.93
14863, -12377.00
14866, -12382.37
14869, -12387.04
14871, -12390.89
14873, -12394.65
14875, -12398.34
14877, -12402.54
14879, -12405.96
14881, -12409.43
14883, -12412.81
14885, -12416.84
14888, -12422.00
14891, -12427.71
14894, -12432.02
14897, -12437.15
14900, -12442.34
14902, -12446.33
14905, -12451.28
14908, -12456.93
14910, -12460.77
14913, -12465.47
14915, -12469.73
14917, -12473.44
14919, -12477.01
14922, -12480.88
14924, -12484.71
14926, -12488.60
14928, -12492.31
14930, -12496.62
14933, -12500.45
14935, -12504.78
14937, -12508.83
14940, -12512.97
14943, -12517.88
14946, -12523.48
14949, -12528.46
14951, -12532.38
14953, -12536.08
14956, -12541.70
14959, -12545.87
14962, -12551.17
14964, -12555.35
14967, -12559.48
14969, -12563.14
14971, -12566.50
14973, -12570.14
14976, -12574.60
14978, -12578.54
14980, -12582.13
14982, -12585.75
14985, -12589.79
14987, -12593.61
14990, -12598.76
14993, -12603.38
14995, -12607.59
14997, -12611.05
14999, -12614.48
15001, -12617.77
15003, -12621.62
15006, -12625.57
15008, -12629.97
15011, -12634.50
15014, -12638.65
15016, -12642.71
15019, -12647.38
15021, -12650.82
15023, -12654.47
15025, -12658.19
15027, -12662.12
15030, -12665.65
15032, -12669.10
15034, -12672.93
15036, -12676.27
15038, -12635.27
15041, -12598.16
15043, -12605.21
15046, -12611.44
15049, -12618.97
15051, -12625.19
15053, -12631.14
15056, -12637.42
15059, -12645.24
15062, -12652.23
15064, -12659.49
15067, -12666.67
15069, -12671.52
15072, -12676.51
15074, -12682.69
15077, -12690.35
15079, -12695.03
15082, -12701.60
15085, -12707.12
15088, -12713.88
15090, -12718.75
15092, -12723.66
15094, -12728.25
15097, -12733.21
15099, -12737.44
15101, -12741.66
15103, -12745.92
15105, -12750.73
15107, -12755.48
15109, -12759.66
15111, -12764.09
15114, -12769.20
15116, -12774.26
15118, -12778.26
15122, -12784.66
15125, -12791.00
15127, -12795.71
15129, -12799.73
15132, -12805.38
15135, -12810.21
15137, -12814.32
15139, -12818.32
15141, -12822.43
15144, -12826.61
15146, -12830.44
15148, -12834.91
15150, -12839.01
15153, -12842.98
15154, -12846.47
15156, -12849.83
15158, -12853.20
15160, -12857.20
15163, -12861.12
15165, -12865.12
15167, -12868.93
15169, -12873.07
15172, -12876.95
15174, -12880.65
15176, -12884.31
15178, -12888.65
15181, -12892.61
15183, -12896.46
15185, -12900.04
15188, -12904.61
15190, -12908.61
15193, -12912.48
15195, -12916.33
15197, -12919.96
15200, -12924.10
15202, -12927.39
15204, -12930.79
15206, -12934.58
15209, -12939.07
15211, -12943.05
15213, -12946.87
15216, -12951.10
15218, -12954.55
15221, -12959.57
15224, -12963.86
15227, -12969.00
15229, -12972.44
15232, -12976.66
15234, -12980.36
15236, -12983.63
15238, -12986.86
15240, -12989.96
15243, -12993.45
15245, -12997.11
15247, -13000.88
15249, -13004.29
15251, -13007.37
15254, -13010.86
15256, -13014.54
15259, -13019.72
15263, -13024.97
15265, -13028.58
15267, -13032.18
15269, -13035.39
15271, -13038.80
15274, -13042.81
15277, -13047.73
15279, -13051.28
15281, -13054.48
15284, -13057.81
15286, -13060.93
15288, -13064.83
15291, -13069.16
15294, -13073.70
15297, -13078.08
15299, -13081.24
15301, -13085.16
15305, -13090.38
15307, -13093.98
15309, -13097.24
15312, -13101.49
15314, -13105.06
15317, -13108.93
15319, -13112.15
15322, -13116.45
15325, -13121.30
15327, -13125.19
15329, -13128.26
15333, -13133.33
15335, -13136.41
15337, -13140.59
15341, -13145.57
15344, -13150.93
15346, -13154.05
15348, -13157.05
15350, -13160.36
15352, -13163.66
15355, -13167.08
15357, -13170.34
15359, -13173.93
15361, -13177.02
15363, -13180.06
15365, -13183.06
15367, -13186.67
15370, -13190.08
15372, -13193.87
15375, -13197.99
15377, -13201.05
15379, -13204.09
15381, -13207.08
15383, -13210.56
15385, -13214.17
15388, -13218.23
15391, -13222.34
15393, -13225.49
15396, -13229.60
15398, -13233.60
15401, -13237.58
15403, -13240.95
15406, -13245.11
15409, -13249.59
15411, -13253.24
15413, -13256.62
15416, -13260.46
15418, -13263.69
15421, -13268.57
15424, -13272.78
15426, -13276.22
15428, -13279.25
15431, -13284.23
15434, -13288.30
15436, -13291.73
15438, -13295.13
15440, -13298.32
15443, -13302.05
15446, -13306.53
15448, -13310.58
15451, -13314.69
15454, -13320.04
15456, -13323.31
15459, -13326.66
15461, -13329.94
15463, -13333.17
15465, -13336.82
15468, -13340.43
15470, -13343.77
15472, -13347.07
15474, -13350.86
15477, -13354.37
15479, -13357.85
15481, -13361.77
15484, -13365.56
15486, -13369.01
15488, -13372.08
15490, -13375.51
15493, -13379.04
15495, -13382.96
15499, -13388.29
15501, -13391.69
15503, -13394.85
15505, -13398.11
15507, -13401.57
15510, -13406.11
15514, -13410.98
15516, -13414.96
15519, -13418.58
15522, -13423.05
15524, -13427.12
15527, -13431.42
15530, -13436.08
15533, -13439.87
15535, -13442.88
15538, -13447.64
15541, -13452.31
15544, -13456.96
15547, -13461.46
15550, -13465.64
15552, -13468.71
15555, -13472.16
15557, -13475.81
15560, -13480.58
15563, -13485.00
15566, -13489.40
15568, -13492.26
15570, -13495.24
15572, -13498.09
15574, -13500.88
15576, -13503.70
15578, -13506.74
15580, -13509.89
15582, -13512.80
15584, -13515.71
15586, -13518.80
15588, -13522.08
15591, -13525.33
15593, -13528.69
15595, -13532.17
15597, -13534.97
15599, -13538.05
15601, -13540.99
15603, -13543.83
15605, -13546.64
15607, -13549.43
15609, -13552.91
15612, -13555.95
15614, -13559.51
15616, -13562.37
15618, -13565.31
15620, -13568.18
15622, -13571.29
15624, -13574.47
15626, -13577.67
15629, -13580.83
15631, -13583.94
15633, -13587.36
15635, -13590.22
15637, -13592.96
15639, -13596.11
15641, -13599.20
15645, -13604.39
15647, -13607.80
15650, -13611.39
15652, -13614.60
15655, -13618.09
15657, -13621.70
15660, -13625.91
15662, -13628.83
15665, -13632.94
15667, -13636.01
15670, -13640.38
15673, -13643.95
15675, -13647.23
15678, -13650.56
15680, -13653.53
15682, -13656.75
15684, -13659.64
15686, -13662.64
15688, -13665.71
15691, -13668.68
15693, -13671.42
15695, -13674.17
15697, -13677.08
15699, -13680.06
15701, -13682.85
15703, -13685.86
15705, -13688.87
15707, -13691.54
15710, -13694.76
15712, -13697.57
15714, -13700.46
15716, -13703.15
15718, -13705.74
15720, -13708.29
15722, -13710.84
15724, -13713.42
15726, -13716.10
15728, -13718.83
15730, -13721.62
15732, -13724.46
15734, -13727.00
15736, -13729.97
15738, -13732.64
15741, -13735.91
15743, -13738.50
15745, -13741.48
15747, -13744.38
15750, -13747.99
15752, -13750.71
15755, -13754.48
15757, -13757.04
15759, -13759.67
15761, -13762.36
15764, -13765.87
15766, -13769.31
15769, -13772.17
15772, -13776.08
15774, -13778.58
15776, -13781.03
15778, -13783.95
15781, -13787.36
15783, -13790.29
15786, -13794.43
15789, -13797.24
15791, -13799.96
15793, -13802.62
15795, -13805.51
15797, -13808.01
15800, -13811.13
15802, -13813.91
15804, -13816.71
15806, -13819.36
15808, -13821.87
15810, -13824.61
15812, -13827.45
15815, -13831.19
15817, -13833.78
15820, -13836.64
15822, -13839.37
15824, -13842.27
15826, -13845.15
15829, -13848.18
15831, -13851.63
15834, -13854.51
15836, -13857.88
15839, -13860.56
15841, -13863.53
15843, -13866.86
15846, -13870.46
15848, -13873.00
15850, -13875.57
15853, -13878.43
15855, -13881.55
15857, -13884.08
15860, -13888.07
15863, -13891.16
15866, -13894.82
15868, -13898.02
15871, -13902.06
15874, -13905.00
15876, -13908.42
15879, -13911.44
15881, -13914.73
15884, -13917.52
15886, -13919.97
15888, -13922.39
15890, -13924.91
15892, -13927.66
15894, -13930.58
15896, -13933.36
15898, -13935.75
15900, -13938.37
15903, -13941.22
15905, -13943.86
15907, -13946.36
15909, -13949.03
15911, -13951.75
15915, -13955.83
15917, -13958.31
15919, -13961.21
15921, -13963.83
15924, -13967.45
15927, -13970.35
15930, -13974.01
15932, -13976.61
15935, -13979.49
15937, -13982.20
15940, -13986.08
15943, -13988.99
15945, -13992.36
15948, -13994.95
15950, -13997.64
15953, -14000.75
15955, -14004.01
15958, -14006.46
15960, -14009.63
15962, -14012.08
15965, -14015.24
15967, -14017.58
15969, -14020.20
15972, -14023.26
15975, -14026.91
15978, -14029.53
15980, -14032.11
15982, -14034.51
15984, -14037.25
15986, -14039.60
15989, -14041.93
15991, -14044.41
15993, -14047.14
15995, -14049.46
15997, -14051.96
15999, -14054.18
16001, -14056.40
16004, -14058.87
16006, -14061.50
16008, -14064.12
16010, -14066.33
16012, -14068.51
16014, -14070.96
16016, -14073.26
16018, -14075.49
16020, -14077.80
16023, -14080.29
16025, -14083.52
16028, -14086.01
16030, -14088.52
16032, -14090.71
16034, -14093.18
16036, -14095.81
16039, -14099.47
16041, -14101.81
16044, -14104.79
16047, -14108.43
16050, -14111.10
16052, -14113.62
16055, -14117.41
16057, -14119.87
16060, -14123.00
16063, -14126.56
16066, -14129.55
16068, -14132.02
16071, -14135.68
16073, -14138.06
16076, -14141.02
16079, -14144.76
16081, -14147.49
16083, -14149.81
16086, -14152.66
16089, -14156.58
16091, -14159.11
16094, -14162.26
16096, -14165.02
16099, -14167.95
16101, -14170.42
16104, -14174.06
16106, -14176.46
16108, -14178.96
16110, -14181.74
16113, -14184.66
16116, -14187.88
16118, -14190.70
16120, -14193.51
16122, -14196.10
16125, -14198.96
16127, -14201.55
16129, -14204.41
16131, -14207.18
16133, -14209.77
16136, -14213.17
16138, -14215.94
16141, -14220.22
16144, -14224.32
16147, -14228.83
16149, -14232.08
16152, -14235.76
16154, -14238.59
16156, -14241.35
16158, -14244.14
16160, -14246.89
16162, -14249.70
16164, -14252.50
16166, -14255.39
16168, -14258.50
16170, -14261.82
16173, -14265.33
16175, -14268.62
16177, -14271.77
16180, -14275.87
16182, -14279.52
16184, -14282.55
16187, -14286.70
16190, -14290.90
16192, -14294.64
16195, -14298.73
16197, -14301.84
16199, -14305.58
16201, -14308.88
16204, -14312.77
16207, -14317.65
16209, -14321.49
16211, -14325.27
16215, -14330.23
16217, -14333.62
16219, -14337.32
16221, -14340.64
16223, -14344.49
16226, -14348.46
16228, -14351.95
16230, -14355.65
16232, -14358.97
16234, -14362.18
16236, -14365.65
16238, -14369.18
16241, -14373.15
16243, -14377.69
16246, -14381.77
16248, -14385.59
16250, -14388.96
16252, -14392.52
16255, -14396.58
16257, -14400.69
16260, -14404.70
16262, -14409.55
16265, -14413.01
16267, -14416.61
16269, -14420.36
16271, -14424.55
16274, -14429.61
16276, -14433.12
16279, -14438.51
16282, -14442.29
16284, -14445.67
16286, -14448.93
16288, -14453.78
16291, -14458.98
16294, -14464.36
16297, -14468.29
16299, -14471.80
16301, -14476.22
16304, -14480.35
16306, -14483.81
16309, -14489.70
16311, -14493.40
16314, -14498.35
16316, -14502.22
16319, -14507.32
16322, -14512.81
16325, -14518.35
16327, -14521.92
16330, -14525.61
16332, -14529.21
16334, -14532.82
16336, -14536.63
16338, -14540.72
16340, -14544.97
16343, -14548.64
16345, -14552.70
16347, -14556.97
16349, -14560.52
16352, -14564.60
16355, -14570.48
16358, -14576.47
16360, -14580.43
16363, -14584.26
16365, -14588.16
16367, -14592.23
16370, -14597.80
16373, -14603.13
16375, -14606.63
16377, -14610.58
16380, -14614.67
16382, -14618.26
16384, -14622.67
16386, -14626.32
16389, -14631.80
16391, -14635.56
16394, -14639.89
16396, -14643.87
16398, -14648.34
16402, -14654.16
16404, -14658.97
16406, -14662.84
16410, -14668.80
16413, -14675.09
16415, -14679.12
16418, -14683.58
16420, -14687.85
16422, -14691.42
16425, -14696.25
16428, -14702.04
16430, -14706.41
16433, -14710.22
16435, -14714.38
16437, -14718.77
16439, -14722.56
16441, -14726.38
16444, -14730.20
16446, -14734.03
16448, -14737.87
16450, -14741.67
16452, -14745.81
16455, -14749.85
16457, -14753.60
16460, -14759.46
16463, -14764.83
16465, -14768.90
16468, -14773.93
16470, -14777.59
16473, -14782.79
16476, -14788.39
16479, -14793.33
16481, -14797.94
16484, -14801.97
16486, -14806.05
16489, -14811.94
16492, -14816.56
16495, -14821.64
16497, -14826.01
16499, -14829.92
16502, -14834.63
16504, -14838.21
16506, -14841.73
16508, -14845.59
16511, -14849.85
16514, -14855.65
16516, -14859.22
16518, -14862.94
16520, -14866.80
16522, -14870.70
16525, -14874.67
16527, -14879.36
16530, -14883.94
16532, -14888.08
16534, -14892.07
16538, -14897.83
16540, -14901.87
16543, -14906.98
16545, -14911.55
16548, -14915.89
16550, -14919.52
16552, -14923.56
16555, -14927.93
16556, -14931.37
16558, -14934.84
16560, -14938.15
16562, -14941.64
16565, -14945.61
16567, -14949.14
16569, -14953.19
16572, -14958.07
16574, -14962.08
16576, -14966.19
16579, -14970.43
16581, -14975.17
16584, -14979.01
16586, -14982.78
16588, -14987.49
16591, -14991.73
16594, -14996.65
16596, -15000.62
16598, -15004.15
16601, -15008.62
16603, -15013.83
16606, -15017.95
16609, -15023.72
16611, -15027.97
16614, -15031.59
16616, -15035.25
16618, -15040.33
16622, -15045.91
16624, -15049.93
16626, -15054.34
16629, -15058.83
16631, -15062.37
16633, -15066.37
16635, -15070.08
16638, -15074.25
16640, -15078.37
16642, -15082.44
16644, -15086.62
16647, -15090.65
16649, -15094.35
16651, -15098.33
16653, -15102.59
16655, -15106.18
16658, -15110.23
16660, -15114.13
16662, -15117.67
16664, -15121.76
16666, -15125.24
16668, -15128.70
16670, -15132.27
16672, -15135.78
16674, -15139.64
16676, -15143.29
16678, -15147.12
16680, -15151.10
16682, -15154.66
16685, -15158.84
16687, -15162.87
16689, -15167.12
16692, -15170.92
16694, -15174.64
16696, -15178.74
16698, -15182.37
16700, -15186.21
16702, -15189.69
16704, -15193.64
16707, -15199.45
16710, -15203.42
16713, -15209.59
16715, -15213.20
16717, -15217.15
16720, -15221.19
16722, -15226.27
16725, -15230.16
16727, -15234.20
16729, -15238.32
16731, -15241.89
16733, -15245.80
16735, -15249.68
16738, -15254.62
16741, -15258.78
16743, -15263.40
16745, -15267.41
16747, -15270.99
16750, -15275.81
16753, -15281.33
16756, -15285.56
16758, -15289.24
16760, -15292.95
16762, -15296.88
16764, -15300.71
16766, -15304.36
16768, -15307.86
16770, -15311.96
16772, -15315.59
16774, -15319.18
16776, -15322.75
16779, -15326.65
16781, -15330.40
16783, -15334.20
16785, -15338.20
16787, -15341.94
16789, -15345.50
16791, -15348.96
16793, -15352.83
16795, -15356.86
16797, -15360.56
16800, -15364.50
16802, -15368.69
16804, -15372.44
16806, -15376.26
16808, -15380.45
16811, -15384.43
16813, -15388.54
16815, -15392.13
16817, -15395.75
16819, -15399.41
16821, -15403.46
16823, -15407.23
16825, -15410.67
16827, -15414.17
16829, -15417.73
16831, -15421.37
16833, -15425.11
16835, -15428.73
16837, -15432.37
16839, -15436.08
16841, -15439.75
16843, -15444.45
16846, -15448.61
16848, -15452.08
16850, -15455.91
16852, -15459.37
16854, -15462.56
16856, -15465.91
16858, -15469.43
16861, -15473.81
16864, -15477.61
16866, -15481.05
16868, -15484.20
16871, -15488.33
16874, -15491.55
16876, -15494.16
16878, -15497.22
16880, -15499.91
16883, -15502.76
16885, -15505.00
16887, -15507.46
16889, -15509.73
16892, -15512.20
16894, -15514.50
16896, -15516.68
16898, -15518.80
16900, -15520.79
16902, -15522.54
16904, -15524.25
16906, -15525.96
16908, -15527.57
16910, -15529.16
16912, -15530.68
16914, -15532.29
16916, -15534.07
16919, -15535.82
16922, -15537.87
16925, -15540.17
16928, -15542.25
16930, -15543.58
16933, -15545.15
16935, -15546.43
16938, -15548.09
16941, -15549.85
16943, -15551.25
16945, -15552.41
16947, -15553.43
16951, -15554.96
16953, -15556.08
16955, -15557.19
16958, -15558.29
16961, -15559.57
16963, -15560.39
16965, -15561.25
16968, -15562.45
16970, -15563.59
16973, -15564.49
16975, -15565.24
16977, -15566.11
16980, -15566.93
16982, -15567.65
16985, -15568.62
16988, -15569.50
16990, -15570.26
16993, -15571.01
16995, -15571.57
16997, -15572.12
16999, -15572.74
17001, -15573.27
17003, -15573.81
17005, -15574.37
17008, -15574.85
17010, -15575.33
17011, -15575.78
17013, -15576.23
17016, -15576.69
17018, -15577.14
17020, -15577.68
17023, -15578.17
17025, -15578.58
17027, -15578.95
17029, -15579.31
17031, -15579.71
17033, -15580.09
17036, -15580.65
17039, -15581.04
17041, -15581.38
17043, -15581.68
17045, -15582.09
17047, -15582.37
17050, -15582.78
17053, -15583.12
17056, -15583.57
17058, -15583.89
17061, -15584.18
17063, -15584.44
17065, -15584.67
17068, -15584.92
17070, -15585.16
17072, -15585.46
17075, -15585.69
17077, -15585.89
17079, -15586.09
17081, -15586.29
17083, -15586.51
17085, -15586.74
17088, -15586.94
17090, -15587.11
17092, -15587.30
17095, -15587.47
17097, -15587.63
17099, -15587.80
17101, -15587.94
17103, -15588.09
17105, -15588.25
17107, -15588.42
17110, -15588.56
17112, -15588.68
17114, -15588.81
17116, -15588.94
17118, -15589.07
17120, -15589.20
17122, -15589.34
17125, -15589.47
17127, -15589.62
17130, -15589.75
17132, -15589.87
17134, -15589.97
17136, -15590.09
17139, -15590.20
17142, -15590.28
17144, -15590.38
17147, -15590.50
17149, -15590.63
17152, -15590.75
17154, -15590.84
17156, -15590.93
17159, -15591.04
17162, -15591.14
17164, -15591.21
17166, -15591.29
17168, -15591.36
17171, -15591.43
17174, -15591.51
17177, -15591.58
17180, -15591.63
17182, -15591.70
17184, -15591.77
17187, -15591.85
17190, -15591.93
17192, -15591.97
17195, -15592.02
17197, -15592.07
17200, -15592.12
17202, -15592.16
17204, -15592.18
17206, -15592.19
17208, -15592.21
17211, -15592.23
17213, -15592.27
17215, -15592.32
17217, -15592.36
17219, -15592.40
17221, -15592.46
17224, -15592.50
17226, -15592.53
17228, -15592.57
17231, -15592.61
17233, -15592.65
17235, -15592.69
17237, -15592.72
17240, -15592.77
17243, -15592.79
17245, -15592.81
17247, -15592.83
17251, -15592.86
17254, -15592.91
17257, -15592.95
17260, -15592.97
17263, -15592.99
17265, -15593.01
17267, -15593.04
17269, -15593.08
17272, -15593.13
17274, -15593.14
17277, -15593.13
17279, -15593.14
17281, -15593.15
17283, -15593.16
17286, -15593.17
17289, -15593.18
17292, -15593.21
17294, -15593.24
17296, -15593.25
17298, -15593.26
17302, -15593.27
17304, -15593.29
17307, -15593.28
17310, -15593.27
17312, -15593.29
17314, -15593.32
17316, -15593.35
17318, -15593.34
17320, -15593.33
17321, -15593.36
17323, -15593.38
17325, -15593.38
17327, -15593.39
17329, -15593.41
17331, -15593.44
17334, -15593.46
17336, -15593.48
17339, -15593.50
17341, -15593.51
17343, -15593.52
17346, -15593.54
17348, -15593.55
17351, -15593.57
17353, -15593.58
17356, -15593.58
17358, -15593.58
17361, -15593.59
17363, -15593.60
17365, -15593.61
17368, -15593.61
17371, -15593.58
17373, -15593.58
17375, -15593.59
17377, -15593.59
17379, -15593.57
17381, -15593.56
17384, -15593.56
17387, -15593.57
17389, -15593.57
17391, -15593.56
17393, -15593.54
17395, -15593.54
17398, -15593.56
17401, -15593.57
17404, -15593.59
17406, -15593.60
17408, -15593.60
17411, -15593.59
17413, -15593.60
17416, -15593.60
17419, -15593.60
17421, -15593.61
17423, -15593.62
17425, -15593.64
17427, -15593.66
17429, -15593.67
17431, -15593.68
17433, -15593.68
17435, -15593.68
17437, -15593.67
17440, -15593.69
17444, -15593.68
17446, -15593.67
17448, -15593.68
17451, -15593.69
17453, -15593.70
17456, -15593.71
17458, -15593.69
17461, -15593.66
17463, -15593.65
17465, -15593.65
17467, -15593.63
17470, -15593.63
17472, -15593.64
17475, -15593.65
17478, -15593.65
17480, -15593.61
17484, -15593.54
17486, -15593.51
17489, -15593.53
17491, -15593.56
17494, -15593.56
17496, -15593.56
17498, -15593.56
17500, -15593.56
17504, -15593.60
17507, -15593.63
17509, -15593.64
17512, -15593.66
17514, -15593.67
17516, -15593.68
17519, -15593.67
17521, -15593.67
17523, -15593.67
17526, -15593.69
17529, -15593.70
17531, -15593.71
17533, -15593.70
17535, -15593.68
17537, -15593.68
17539, -15593.69
17541, -15593.69
17543, -15593.70
17545, -15593.71
17547, -15593.72
17549, -15593.72
17551, -15593.72
17554, -15593.71
17556, -15593.75
17559, -15593.80
17562, -15593.81
17564, -15593.81
17566, -15593.82
17569, -15593.82
17572, -15593.83
17575, -15593.84
17578, -15593.84
17580, -15593.83
17582, -15593.82
17585, -15593.83
17588, -15593.83
17591, -15593.84
17593, -15593.83
17595, -15593.83
17597, -15593.82
17600, -15593.80
17602, -15593.80
17605, -15593.79
17608, -15593.79
17611, -15593.82
17613, -15593.84
17615, -15593.86
17618, -15593.88
17621, -15593.86
17623, -15593.85
17626, -15593.86
17629, -15593.86
17632, -15593.83
17635, -15593.80
17638, -15593.80
17641, -15593.81
17643, -15593.82
17645, -15593.82
17647, -15593.81
17650, -15593.79
17652, -15593.78
17654, -15593.79
17657, -15593.79
17659, -15593.80
17661, -15593.80
17663, -15593.80
17665, -15593.79
17667, -15593.79
17670, -15593.80
17673, -15593.81
17675, -15593.80
17677, -15593.79
17679, -15593.80
17682, -15593.80
17684, -15593.81
17686, -15593.81
17688, -15593.82
17690, -15593.82
17692, -15593.84
17695, -15593.86
17697, -15593.87
17699, -15593.87
17702, -15593.87
17704, -15593.88
17706, -15593.88
17708, -15593.87
17711, -15593.86
17713, -15593.85
17716, -15593.84
17719, -15593.84
17722, -15593.85
17724, -15593.85
17727, -15593.86
17729, -15593.85
17731, -15593.83
17733, -15593.82
17736, -15593.81
17738, -15593.80
17740, -15593.80
17742, -15593.81
17745, -15593.82
17747, -15593.82
17749, -15593.83
17752, -15593.85
17754, -15593.85
17756, -15593.83
17758, -15593.82
17760, -15593.79
17762, -15593.77
17765, -15593.78
17767, -15593.77
17769, -15593.75
17771, -15593.74
17773, -15593.72
17776, -15593.70
17778, -15593.71
17780, -15593.72
17782, -15593.74
17785, -15593.73
17787, -15593.71
17789, -15593.73
17790, -15593.75
17792, -15593.76
17795, -15593.75
17797, -15593.73
17799, -15593.72
17801, -15593.73
17804, -15593.74
17806, -15593.74
17808, -15593.75
17810, -15593.76
17812, -15593.75
17815, -15593.73
17817, -15593.72
17819, -15593.72
17821, -15593.70
17823, -15593.69
17825, -15593.70
17827, -15593.71
17829, -15593.72
17831, -15593.72
17833, -15593.73
17835, -15593.75
17838, -15593.77
17840, -15593.76
17842, -15593.75
17844, -15593.76
17846, -15593.77
17848, -15593.78
17851, -15593.77
17853, -15593.77
17855, -15593.80
17858, -15593.82
17861, -15593.83
17863, -15593.81
17866, -15593.80
17868, -15593.80
17870, -15593.81
17872, -15593.81
17874, -15593.82
17876, -15593.82
17878, -15593.84
17881, -15593.86
17883, -15593.86
17885, -15593.87
17888, -15593.87
17891, -15593.88
17894, -15593.88
17896, -15593.87
17898, -15593.86
17900, -15593.87
17902, -15593.87
17905, -15593.86
17908, -15593.84
17911, -15593.85
17913, -15593.84
17915, -15593.83
17917, -15593.84
17919, -15593.83
17921, -15593.82
17923, -15593.81
17925, -15593.81
17927, -15593.81
17929, -15593.81
17932, -15593.82
17935, -15593.81
17937, -15593.80
17940, -15593.82
17942, -15593.86
17944, -15593.87
17947, -15593.88
17950, -15593.88
17952, -15593.87
17955, -15593.84
17958, -15593.83
17961, -15593.84
17963, -15593.84
17966, -15593.85
17969, -15593.85
17972, -15593.84
17976, -15593.80
17978, -15593.79
17980, -15593.80
17982, -15593.82
17984, -15593.83
17987, -15593.84
17989, -15593.83
17991, -15593.82
17993, -15593.81
17996, -15593.79
17998, -15593.76
18001, -15593.77
18004, -15593.80
18007, -15593.80
18009, -15593.81
18011, -15593.80
18014, -15593.79
18016, -15593.78
18019, -15593.79
18022, -15593.84
18025, -15593.86
18027, -15593.85
18029, -15593.84
18031, -15593.85
18034, -15593.85
18037, -15593.86
18040, -15593.86
18042, -15593.87
18044, -15593.87
18046, -15593.86
18049, -15593.85
18051, -15593.87
18054, -15593.89
18057, -15593.87
18059, -15593.86
18061, -15593.87
18065, -15593.85
18068, -15593.84
18071, -15593.84
18073, -15593.84
18075, -15593.83
18077, -15593.84
18080, -15593.86
18082, -15593.87
18084, -15593.87
18086, -15593.86
18088, -15593.85
18090, -15593.85
18093, -15593.86
18095, -15593.85
18097, -15593.83
18100, -15593.84
18102, -15593.83
18104, -15593.81
18107, -15593.80
18109, -15593.80
18111, -15593.80
18114, -15593.79
18117, -15593.80
18120, -15593.80
18122, -15593.81
18125, -15593.82
18127, -15593.82
18130, -15593.83
18133, -15593.83
18136, -15593.84
18139, -15593.85
18142, -15593.85
18144, -15593.84
18147, -15593.81
18150, -15593.80
18152, -15593.79
18155, -15593.78
18158, -15593.80
18160, -15593.83
18164, -15593.84
18167, -15593.84
18169, -15593.83
18171, -15593.80
18175, -15593.77
18177, -15593.76
18180, -15593.75
18184, -15593.70
18186, -15593.68
18188, -15593.68
18190, -15593.69
18192, -15593.71
18194, -15593.71
18197, -15593.72
18199, -15593.73
18201, -15593.74
18203, -15593.73
18205, -15593.72
18209, -15593.73
18211, -15593.75
18213, -15593.77
18215, -15593.78
18218, -15593.76
18220, -15593.74
18223, -15593.75
18226, -15593.73
18228, -15593.71
18230, -15593.71
18233, -15593.71
18235, -15593.70
18237, -15593.71
18239, -15593.72
18241, -15593.73
18243, -15593.73
18246, -15593.74
18248, -15593.75
18249, -15593.75
18252, -15593.76
18254, -15593.77
18256, -15593.77
18258, -15593.77
18260, -15593.75
18262, -15593.74
18264, -15593.75
18267, -15593.75
18269, -15593.75
18271, -15593.74
18273, -15593.73
18275, -15593.73
18277, -15593.74
18279, -15593.74
18282, -15593.75
18284, -15593.74
18286, -15593.74
18287, -15593.72
18290, -15593.68
18293, -15593.67
18295, -15593.68
18297, -15593.69
18299, -15593.70
18301, -15593.70
18303, -15593.69
18305, -15593.70
18307, -15593.71
18309, -15593.71
18311, -15593.70
18314, -15593.66
18317, -15593.63
18320, -15593.63
18322, -15593.64
18325, -15593.65
18327, -15593.66
18329, -15593.65
18333, -15593.65
18335, -15593.66
18338, -15593.67
18340, -15593.65
18343, -15593.62
18345, -15593.62
18348, -15593.65
18350, -15593.67
18354, -15593.69
18356, -15593.68
18359, -15593.67
18361, -15593.68
18363, -15593.69
18366, -15593.70
18369, -15593.71
18372, -15593.72
18374, -15593.73
18376, -15593.72
18379, -15593.70
18381, -15593.68
18384, -15593.67
18387, -15593.69
18389, -15593.68
18391, -15593.66
18393, -15593.66
18397, -15593.65
18399, -15593.65
18401, -15593.66
18403, -15593.67
18405, -15593.67
18407, -15593.68
18409, -15593.68
18411, -15593.67
18413, -15593.68
18415, -15593.69
18417, -15593.70
18420, -15593.71
18422, -15593.73
18424, -15593.73
18426, -15593.73
18428, -15593.73
18430, -15593.74
18433, -15593.75
18435, -15593.75
18437, -15593.76
18439, -15593.77
18442, -15593.77
18444, -15593.78
18446, -15593.77
18448, -15593.76
18450, -15593.77
18454, -15593.80
18456, -15593.82
18459, -15593.83
18461, -15593.83
18463, -15593.84
18466, -15593.86
18469, -15593.88
18471, -15593.88
18474, -15593.89
18476, -15593.91
18479, -15593.93
18482, -15593.93
18485, -15593.94
18488, -15593.94
18490, -15593.94
18493, -15593.94
18496, -15593.94
18498, -15593.95
18500, -15593.93
18503, -15593.91
18506, -15593.87
18509, -15593.86
18511, -15593.86
18513, -15593.85
18515, -15593.86
18517, -15593.87
18519, -15593.88
18521, -15593.87
18523, -15593.86
18525, -15593.87
18527, -15593.89
18529, -15593.89
18531, -15593.90
18533, -15593.87
18535, -15593.85
18538, -15593.84
18541, -15593.83
18543, -15593.83
18545, -15593.83
18547, -15593.84
18549, -15593.84
18551, -15593.83
18553, -15593.81
18556, -15593.78
18559, -15593.77
18561, -15593.76
18563, -15593.76
18565, -15593.75
18569, -15593.72
18571, -15593.71
18573, -15593.72
18576, -15593.73
18578, -15593.74
18581, -15593.75
18583, -15593.74
18586, -15593.73
18588, -15593.74
18590, -15593.75
18593, -15593.75
18595, -15593.76
18598, -15593.78
18601, -15593.79
18604, -15593.78
18606, -15593.79
18608, -15593.79
18610, -15593.80
18613, -15593.79
18616, -15593.77
18619, -15593.77
18622, -15593.75
18624, -15593.76
18626, -15593.77
18629, -15593.76
18631, -15593.75
18633, -15593.76
18635, -15593.76
18637, -15593.77
18639, -15593.78
18641, -15593.78
18644, -15593.79
18646, -15593.80
18649, -15593.80
18652, -15593.79
18655, -15593.78
18657, -15593.78
18659, -15593.76
18661, -15593.75
18664, -15593.75
18666, -15593.76
18669, -15593.77
18672, -15593.76
18675, -15593.75
18677, -15593.76
18679, -15593.75
18682, -15593.76
18684, -15593.78
18687, -15593.79
18689, -15593.78
18692, -15593.77
18694, -15593.78
18697, -15593.79
18700, -15593.78
18703, -15593.78
18706, -15593.81
18709, -15593.82
18711, -15593.82
18714, -15593.83
18716, -15593.83
18719, -15593.84
18722, -15593.87
18724, -15593.87
18726, -15593.86
18728, -15593.85
18730, -15593.84
18732, -15593.83
18734, -15593.82
18736, -15593.83
18738, -15593.82
18740, -15593.81
18742, -15593.82
18744, -15593.83
18746, -15593.85
18749, -15593.86
18752, -15593.86
18754, -15593.86
18757, -15593.83
18759, -15593.81
18761, -15593.80
18763, -15593.80
18766, -15593.81
18769, -15593.81
18771, -15593.82
18774, -15593.84
18776, -15593.86
18778, -15593.85
18780, -15593.84
18783, -15593.85
18785, -15593.85
18787, -15593.87
18789, -15593.87
18791, -15593.87
18794, -15593.89
18796, -15593.88
18799, -15593.88
18801, -15593.89
18803, -15593.86
18805, -15593.87
18808, -15593.87
18810, -15593.86
18812, -15593.86
18814, -15593.87
18816, -15593.87
18819, -15593.86
18821, -15593.84
18823, -15593.83
18825, -15593.83
18829, -15593.84
18832, -15593.85
18834, -15593.85
18836, -15593.84
18839, -15593.82
18841, -15593.81
18843, -15593.80
18845, -15593.79
18847, -15593.80
18849, -15593.80
18851, -15593.81
18853, -15593.81
18855, -15593.82
18857, -15593.83
18859, -15593.83
18861, -15593.83
18863, -15593.84
18866, -15593.83
18868, -15593.80
18870, -15593.78
18872, -15593.78
18874, -15593.78
18876, -15593.80
18879, -15593.82
18881, -15593.81
18883, -15593.81
18885, -15593.81
18886, -15593.80
18888, -15593.80
18891, -15593.79
18892, -15593.78
18894, -15593.79
18896, -15593.79
18899, -15593.78
18901, -15593.78
18903, -15593.78
18906, -15593.79
18908, -15593.80
18911, -15593.82
18913, -15593.82
18915, -15593.81
18917, -15593.82
18919, -15593.82
18922, -15593.83
18924, -15593.83
18926, -15593.83
18928, -15593.84
18930, -15593.86
18932, -15593.87
18934, -15593.88
18936, -15593.87
18938, -15593.85
18940, -15593.83
18942, -15593.82
18944, -15593.82
18946, -15593.83
18948, -15593.83
18950, -15593.82
18952, -15593.80
18954, -15593.79
18956, -15593.79
18958, -15593.80
18960, -15593.78
18962, -15593.77
18964, -15593.75
18967, -15593.71
18969, -15593.71
18971, -15593.72
18974, -15593.73
18976, -15593.72
18978, -15593.71
18981, -15593.72
18983, -15593.71
18986, -15593.71
18989, -15593.72
18991, -15593.72
18993, -15593.73
18995, -15593.74
18998, -15593.75
19000, -15593.74
19001, -15593.72
19003, -15593.72
19006, -15593.71
19008, -15593.68
19010, -15593.66
19012, -15593.67
19014, -15593.68
19016, -15593.69
19018, -15593.68
19020, -15593.68
19021, -15593.69
19023, -15593.67
19026, -15593.65
19028, -15593.66
19030, -15593.66
19032, -15593.65
19035, -15593.67
19038, -15593.68
19040, -15593.69
19042, -15593.70
19044, -15593.71
19047, -15593.72
19049, -15593.72
19052, -15593.76
19055, -15593.78
19057, -15593.77
19059, -15593.75
19061, -15593.75
19065, -15593.76
19067, -15593.75
19069, -15593.73
19071, -15593.73
19074, -15593.73
19076, -15593.74
19078, -15593.75
19080, -15593.74
19083, -15593.72
19086, -15593.71
19088, -15593.73
19090, -15593.75
19093, -15593.76
19096, -15593.77
19098, -15593.76
19101, -15593.74
19103, -15593.73
19105, -15593.74
19108, -15593.74
19110, -15593.75
19112, -15593.76
19115, -15593.77
19118, -15593.77
19120, -15593.78
19123, -15593.79
19125, -15593.81
19128, -15593.85
19131, -15593.88
19134, -15593.86
19136, -15593.85
19139, -15593.84
19141, -15593.83
19144, -15593.83
19147, -15593.84
19149, -15593.83
19151, -15593.82
19154, -15593.83
19157, -15593.85
19159, -15593.84
19161, -15593.82
19164, -15593.82
19167, -15593.81
19169, -15593.79
19171, -15593.78
19173, -15593.79
19175, -15593.79
19177, -15593.78
19179, -15593.78
19181, -15593.78
19183, -15593.80
19185, -15593.82
19188, -15593.83
19190, -15593.83
19192, -15593.82
19195, -15593.80
19197, -15593.79
19199, -15593.78
19203, -15593.77
19205, -15593.78
19207, -15593.78
19209, -15593.77
19213, -15593.76
19215, -15593.77
19217, -15593.77
19219, -15593.78
19222, -15593.79
19224, -15593.77
19226, -15593.75
19228, -15593.74
19230, -15593.73
19234, -15593.74
19237, -15593.74
19239, -15593.70
19241, -15593.67
19244, -15593.65
19246, -15593.64
19248, -15593.65
19251, -15593.66
19254, -15593.67
19256, -15593.68
19258, -15593.69
19260, -15593.68
19262, -15593.68
19265, -15593.67
19267, -15593.66
19270, -15593.65
19273, -15593.66
19275, -15593.67
19278, -15593.68
19280, -15593.70
19282, -15593.73
19284, -15593.73
19287, -15593.69
19289, -15593.69
19291, -15593.70
19293, -15593.70
19295, -15593.72
19297, -15593.74
19299, -15593.76
19301, -15593.78
19303, -15593.79
19306, -15593.80
19308, -15593.79
19310, -15593.78
19313, -15593.79
19316, -15593.80
19318, -15593.79
19321, -15593.76
19323, -15593.75
19325, -15593.76
19327, -15593.78
19329, -15593.80
19331, -15593.80
19333, -15593.80
19335, -15593.79
19337, -15593.79
19340, -15593.79
19342, -15593.76
19344, -15593.75
19346, -15593.75
19348, -15593.77
19350, -15593.76
19352, -15593.76
19356, -15593.79
19358, -15593.79
19360, -15593.78
19362, -15593.77
19364, -15593.77
19367, -15593.76
19369, -15593.75
19372, -15593.76
19374, -15593.76
19376, -15593.77
19378, -15593.79
19381, -15593.82
19384, -15593.83
19386, -15593.81
19388, -15593.81
19391, -15593.81
19393, -15593.82
19394, -15593.81
19397, -15593.80
19399, -15593.81
19401, -15593.81
19403, -15593.82
19405, -15593.83
19407, -15593.85
19409, -15593.85
19412, -15593.86
19414, -15593.85
19417, -15593.84
19420, -15593.82
19423, -15593.77
19425, -15593.77
19428, -15593.79
19431, -15593.80
19434, -15593.81
19437, -15593.83
19440, -15593.85
19442, -15593.86
19445, -15593.88
19448, -15593.90
19451, -15593.89
19453, -15593.88
19455, -15593.88
19457, -15593.89
19459, -15593.86
19462, -15593.83
19464, -15593.82
19467, -15593.81
19469, -15593.82
19471, -15593.82
19474, -15593.83
19477, -15593.83
19479, -15593.84
19482, -15593.83
19485, -15593.80
19487, -15593.79
19489, -15593.80
19491, -15593.81
19494, -15567.38
19496, -15545.92
19499, -15547.29
19501, -15548.49
19503, -15549.75
19505, -15550.96
19507, -15552.03
19510, -15553.23
19512, -15554.32
19514, -15555.33
19516, -15556.40
19519, -15557.51
19521, -15558.56
19523, -15559.67
19526, -15560.60
19528, -15561.48
19530, -15562.39
19532, -15563.20
19535, -15564.25
19538, -15565.40
19540, -15566.09
19542, -15566.74
19544, -15567.46
19547, -15568.19
19549, -15568.83
19551, -15569.50
19553, -15570.18
19556, -15570.88
19558, -15571.42
19560, -15572.04
19563, -15572.87
19565, -15573.39
19567, -15573.89
19570, -15574.66
19572, -15575.21
19574, -15575.66
19577, -15576.23
19580, -15576.91
19583, -15577.49
19586, -15578.09
19588, -15578.51
19590, -15578.94
19593, -15579.52
19596, -15579.98
19598, -15580.35
19600, -15580.74
19603, -15581.09
19606, -15581.60
19608, -15581.90
19610, -15582.22
19612, -15582.51
19615, -15582.85
19617, -15583.12
19619, -15583.38
19621, -15583.65
19623, -15583.91
19625, -15584.15
19627, -15584.41
19629, -15584.65
19631, -15584.90
19634, -15585.16
19636, -15585.39
19638, -15585.60
19640, -15585.79
19642, -15585.97
19644, -15586.19
19646, -15586.42
19648, -15586.64
19650, -15586.83
19652, -15587.01
19654, -15587.17
19656, -15587.34
19659, -15587.50
19661, -15587.66
19663, -15587.84
19665, -15587.97
19666, -15588.10
19668, -15588.24
19670, -15588.38
19672, -15588.53
19674, -15588.68
19677, -15588.84
19679, -15588.98
19681, -15589.11
19683, -15589.24
19685, -15589.35
19687, -15589.45
19688, -15589.53
19691, -15589.64
19693, -15589.74
19695, -15589.83
19697, -15589.93
19699, -15590.04
19701, -15590.13
19703, -15590.22
19704, -15590.31
19706, -15590.41
19708, -15590.51
19710, -15590.59
19712, -15590.68
19714, -15590.77
19716, -15590.87
19718, -15590.95
19720, -15591.01
19722, -15591.06
19724, -15591.11
19726, -15591.17
19728, -15591.24
19731, -15591.32
19733, -15591.38
19735, -15591.45
19738, -15591.50
19740, -15591.55
19742, -15591.61
19745, -15591.71
19748, -15591.79
19750, -15591.86
19754, -15591.95
19756, -15591.99
19758, -15592.04
19760, -15592.10
19763, -15592.14
19765, -15592.20
19767, -15592.25
19770, -15592.30
19772, -15592.34
19774, -15592.39
19776, -15592.44
19778, -15592.49
19780, -15592.54
19783, -15592.56
19786, -15592.60
19788, -15592.64
19789, -15592.69
19792, -15592.71
19794, -15592.73
19796, -15592.77
19798, -15592.80
19801, -15592.87
19804, -15592.91
19806, -15592.92
19808, -15592.94
19810, -15592.96
19812, -15593.00
19815, -15593.01
19818, -15593.03
19820, -15593.05
19822, -15593.06
19824, -15593.08
19826, -15593.10
19828, -15593.11
19830, -15593.12
19832, -15593.14
19834, -15593.16
19836, -15593.20
19838, -15593.24
19840, -15593.27
19843, -15593.28
19845, -15593.27
19847, -15593.26
19849, -15593.29
19852, -15565.29
19855, -15541.60
19857, -15542.91
19859, -15544.25
19862, -15546.28
19866, -15548.35
19868, -15549.49
19870, -15550.63
19872, -15551.68
19874, -15552.92
19876, -15553.91
19878, -15554.89
19880, -15555.90
19883, -15556.95
19885, -15557.95
19887, -15558.89
19889, -15559.80
19891, -15560.83
19894, -15561.88
19897, -15562.95
19899, -15563.72
19901, -15564.52
19903, -15565.32
19906, -15566.18
19908, -15566.90
19910, -15567.55
19912, -15568.17
19914, -15568.83
19916, -15569.54
19918, -15570.19
19920, -15570.83
19922, -15571.44
19925, -15572.08
19927, -15572.64
19929, -15573.14
19931, -15573.64
19933, -15574.14
19935, -15574.64
19937, -15575.14
19939, -15575.61
19941, -15576.07
19943, -15576.57
19945, -15576.98
19947, -15577.38
19949, -15577.79
19951, -15578.17
19953, -15578.54
19955, -15578.89
19957, -15579.28
19959, -15579.69
19962, -15580.29
19965, -15580.73
19967, -15581.04
19970, -15581.52
19972, -15581.91
19975, -15582.25
19977, -15582.52
19980, -15582.91
19983, -15583.34
19985, -15583.63
19988, -15583.92
19990, -15584.16
19992, -15584.40
19994, -15584.64
19996, -15584.93
19999, -15585.24
20002, -15585.53
20005, -15585.82
20007, -15586.05
20010, -15586.34
20013, -15586.57
20016, -15586.84
20019, -15587.11
20021, -15587.33
20023, -15587.51
20025, -15587.69
20027, -15587.84
20031, -15588.10
20034, -15588.31
20037, -15588.51
20039, -15588.67
20042, -15588.82
20044, -15588.98
20046, -15589.11
20048, -15589.23
20050, -15589.35
20052, -15589.47
20054, -15589.58
20056, -15589.69
20058, -15589.79
20060, -15589.88
20063, -15590.03
20067, -15590.18
20069, -15590.31
20072, -15590.41
20074, -15590.51
20076, -15590.58
20078, -15590.66
20081, -15590.78
20085, -15590.89
20087, -15590.97
20089, -15591.04
20091, -15591.10
20094, -15591.20
20097, -15591.28
20101, -15591.38
20103, -15591.46
20105, -15591.54
20108, -15591.58
20110, -15591.64
20113, -15591.73
20117, -15591.80
20119, -15591.86
20121, -15591.92
20123, -15591.96
20125, -15592.00
20127, -15592.04
20129, -15592.08
20132, -15592.13
20134, -15592.18
20136, -15592.23
20138, -15592.27
20141, -15592.29
20143, -15592.34
20146, -15592.40
20148, -15592.45
20150, -15592.49
20152, -15592.50
20154, -15592.51
20156, -15592.54
20158, -15592.57
20160, -15592.61
20162, -15592.65
20164, -15592.68
20166, -15592.70
20168, -15592.72
20171, -15592.75
20173, -15592.77
20175, -15592.81
20177, -15592.83
20180, -15592.84
20182, -15592.87
20184, -15592.91
20186, -15592.94
20188, -15592.96
20191, -15592.98
20193, -15593.00
20195, -15593.01
20197, -15593.02
20200, -15593.05
20202, -15593.08
20204, -15593.10
20206, -15593.13
20208, -15593.15
20211, -15593.16
20213, -15593.17
20215, -15593.19
20217, -15593.23
20220, -15593.27
20222, -15593.29
20224, -15593.29
20227, -15593.30
20229, -15593.32
20231, -15593.33
20233, -15593.35
20235, -15593.37
20238, -15593.39
20240, -15593.41
20243, -15593.43
20245, -15593.45
20248, -15593.46
20251, -15593.48
20253, -15593.48
20255, -15593.50
20257, -15593.52
20259, -15593.53
20261, -15593.53
20263, -15593.53
20265, -15593.54
20267, -15593.56
20270, -15593.55
20272, -15593.55
20274, -15593.56
20276, -15593.56
20278, -15593.56
20281, -15593.58
20284, -15593.59
20287, -15593.62
20289, -15593.65
20291, -15593.66
20293, -15593.64
20296, -15593.64
20299, -15593.67
20301, -15593.67
20303, -15593.68
20305, -15593.69
20307, -15593.71
20309, -15593.73
20311, -15593.74
20313, -15593.73
20315, -15593.74
20318, -15593.78
20320, -15593.78
20322, -15593.78
20324, -15593.76
20326, -15593.74
20329, -15593.75
20332, -15593.76
20335, -15593.75
20337, -15593.74
20339, -15593.73
20341, -15593.73
20343, -15593.72
20346, -15593.71
20349, -15593.72
20352, -15593.73
20354, -15593.74
20356, -15593.74
20359, -15593.71
20362, -15593.70
20365, -15593.71
20367, -15593.72
20369, -15593.73
20371, -15593.74
20373, -15593.73
20375, -15593.72
20377, -15593.73
20379, -15593.74
20381, -15593.73
20383, -15593.71
20385, -15593.71
20387, -15593.70
20389, -15593.69
20392, -15593.69
20394, -15593.65
20396, -15593.64
20398, -15593.63
20400, -15593.63
20402, -15593.64
20404, -15593.64
20406, -15593.62
20408, -15593.62
20411, -15593.60
20413, -15593.58
20415, -15593.58
20418, -15593.58
20420, -15593.61
20423, -15593.63
20425, -15593.64
20427, -15593.64
20430, -15593.62
20432, -15593.62
20435, -15593.62
20437, -15593.63
20439, -15593.63
20441, -15593.61
20444, -15593.59
20446, -15593.60
20449, -15593.63
20451, -15593.64
20453, -15593.64
20455, -15593.63
20457, -15593.66
20459, -15593.68
20463, -15593.69
20466, -15593.70
20468, -15593.71
20471, -15593.72
20473, -15593.72
20475, -15593.71
20478, -15593.70
20481, -15593.68
20483, -15593.67
20485, -15593.67
20487, -15593.67
20489, -15593.67
20491, -15593.68
20493, -15593.68
20495, -15593.66
20497, -15593.66
20499, -15593.64
20501, -15593.62
20504, -15593.64
20506, -15593.65
20508, -15593.66
20512, -15593.67
20514, -15593.68
20516, -15593.69
20519, -15593.66
20521, -15593.64
20523, -15593.65
20525, -15593.67
20528, -15593.71
20531, -15593.72
20534, -15593.73
20536, -15593.72
20539, -15593.72
20541, -15593.73
20544, -15593.74
20547, -15593.77
20550, -15593.80
20553, -15593.83
20555, -15593.84
20558, -15593.84
20561, -15593.85
20564, -15593.84
20566, -15593.83
20568, -15593.83
20570, -15593.84
20573, -15593.84
20576, -15593.85
20579, -15593.85
20581, -15593.86
20583, -15593.85
20585, -15593.83
20587, -15593.79
20589, -15593.78
20592, -15593.77
20594, -15593.76
20596, -15593.77
20599, -15593.77
20602, -15593.78
20604, -15593.77
20606, -15593.75
20608, -15593.75
20611, -15593.74
20613, -15593.72
20615, -15593.71
20618, -15593.72
20621, -15593.73
20623, -15593.74
20625, -15593.73
20628, -15593.72
20630, -15593.74
20633, -15593.75
20635, -15593.75
20637, -15593.75
20640, -15593.76
20643, -15593.74
20645, -15593.71
20647, -15593.69
20650, -15593.68
20652, -15593.69
20654, -15593.70
20656, -15593.71
20659, -15593.72
20661, -15593.72
20664, -15593.73
20667, -15593.74
20669, -15593.75
20671, -15593.76
20674, -15593.78
20676, -15593.77
20679, -15593.73
20681, -15593.71
20684, -15593.70
20686, -15593.70
20688, -15593.69
20691, -15593.69
20693, -15593.68
20695, -15593.69
20697, -15593.70
20699, -15593.69
20701, -15593.69
20703, -15593.70
20705, -15593.72
20707, -15593.74
20709, -15593.74
20711, -15593.75
20714, -15593.76
20717, -15593.77
20719, -15593.76
20721, -15593.76
20724, -15593.77
20726, -15593.77
20729, -15593.77
20732, -15593.78
20735, -15593.77
20737, -15593.76
20739, -15593.78
20741, -15593.80
20743, -15593.81
20745, -15593.81
20748, -15593.83
20750, -15593.85
20752, -15593.85
20754, -15593.85
20756, -15593.86
20758, -15593.85
20761, -15593.84
20763, -15593.83
20767, -15593.81
20769, -15593.80
20771, -15593.81
20774, -15593.84
20776, -15593.85
20778, -15593.84
20780, -15593.84
20782, -15593.85
20784, -15593.84
20787, -15593.83
20789, -15593.83
20791, -15593.84
20793, -15593.81
20795, -15593.79
20797, -15593.79
20799, -15593.78
20802, -15593.79
20805, -15593.79
20806, -15593.80
20808, -15593.80
20810, -15593.81
20812, -15593.82
20814, -15593.85
20816, -15593.88
20818, -15593.90
20820, -15593.90
20822, -15593.89
20824, -15593.88
20827, -15593.88
20830, -15593.89
20832, -15593.89
20835, -15593.87
20837, -15593.87
20839, -15593.88
20842, -15593.89
20844, -15593.88
20847, -15593.88
20850, -15593.89
20852, -15593.88
20854, -15593.88
20856, -15593.89
20858, -15593.88
20861, -15593.87
20864, -15593.87
20867, -15593.88
20869, -15593.88
20871, -15593.89
20873, -15593.90
20876, -15593.93
20879, -15593.89
20882, -15593.86
20885, -15593.86
20887, -15593.88
20889, -15593.88
20891, -15593.88
20894, -15593.92
20897, -15593.94
20899, -15593.93
20902, -15593.91
20904, -15593.90
20906, -15593.89
20909, -15593.88
20912, -15593.88
20915, -15593.90
20917, -15593.90
20919, -15593.90
20921, -15593.91
20923, -15593.91
20925, -15593.91
20927, -15593.91
20929, -15593.91
20931, -15593.92
20933, -15593.92
20935, -15593.92
20937, -15593.92
20939, -15593.93
20941, -15593.93
20943, -15593.93
20946, -15593.95
20948, -15593.96
20950, -15593.96
20953, -15593.97
20955, -15593.95
20958, -15593.92
20961, -15593.88
20963, -15593.87
20965, -15593.87
20967, -15593.88
20969, -15593.89
20972, -15593.91
20974, -15593.90
20976, -15593.89
20978, -15593.88
20980, -15593.87
20982, -15593.86
20984, -15593.86
20986, -15593.88
20988, -15593.88
20990, -15593.87
20992, -15593.85
20994, -15593.84
20996, -15593.83
20998, -15593.83
21000, -15593.82
21002, -15593.81
21004, -15593.82
21006, -15593.82
21008, -15593.83
21010, -15593.83
21012, -15593.84
21014, -15593.84
21016, -15593.84
21018, -15593.84
21020, -15593.83
21022, -15593.84
21024, -15593.86
21026, -15593.86
21028, -15593.87
21029, -15593.87
21031, -15593.87
21033, -15593.88
21035, -15593.88
21037, -15593.88
21039, -15593.89
21041, -15593.89
21043, -15593.88
21045, -15593.87
21047, -15593.87
21049, -15593.88
21052, -15593.88
21054, -15593.88
21056, -15593.89
21058, -15593.90
21062, -15593.93
21064, -15593.93
21066, -15593.93
21068, -15593.93
21070, -15593.94
21073, -15593.94
21075, -15593.94
21077, -15593.94
21079, -15593.95
21082, -15593.95
21084, -15593.95
21086, -15593.95
21088, -15593.96
21090, -15593.98
21093, -15593.98
21095, -15593.98
21097, -15593.98
21100, -15593.98
21103, -15593.98
21105, -15594.00
21107, -15594.01
21110, -15594.03
21113, -15594.04
21116, -15594.04
21118, -15594.06
21120, -15594.07
21123, -15594.05
21126, -15594.01
21129, -15593.98
21132, -15593.96
21134, -15593.96
21136, -15593.96
21138, -15593.96
21140, -15593.98
21142, -15593.99
21144, -15593.98
21146, -15593.96
21148, -15593.96
21150, -15593.97
21153, -15593.97
21155, -15593.97
21157, -15593.97
21160, -15593.93
21163, -15593.90
21166, -15593.90
21168, -15593.91
21170, -15593.90
21172, -15593.87
21175, -15593.86
21178, -15593.86
21181, -15593.85
21184, -15593.83
21186, -15593.83
21189, -15593.81
21192, -15593.82
21194, -15593.81
21197, -15593.80
21200, -15593.79
21202, -15593.78
21204, -15593.78
21206, -15593.77
21209, -15593.78
21212, -15593.79
21214, -15593.79
21216, -15593.80
21218, -15593.80
21220, -15593.81
21223, -15593.81
21226, -15593.82
21229, -15593.81
21232, -15593.80
21234, -15593.80
21236, -15593.80
21238, -15593.81
21241, -15593.82
21244, -15593.82
21247, -15593.83
21248, -15593.83
21250, -15593.84
21252, -15593.84
21255, -15593.83
21257, -15593.82
21259, -15593.83
21261, -15593.83
21264, -15593.85
21266, -15593.87
21268, -15593.87
21270, -15593.87
21272, -15593.88
21274, -15593.87
21276, -15593.85
21279, -15593.84
21282, -15593.83
21284, -15593.84
21286, -15593.83
21288, -15593.82
21291, -15593.81
21294, -15593.80
21296, -15593.80
21299, -15593.79
21301, -15593.78
21303, -15593.79
21305, -15593.79
21308, -15593.80
21311, -15593.82
21313, -15593.82
21315, -15593.79
21318, -15593.78
21320, -15593.77
21322, -15593.76
21325, -15593.71
21328, -15593.69
21330, -15593.70
21332, -15593.71
21335, -15593.70
21337, -15593.70
21340, -15593.71
21344, -15593.72
21346, -15593.73
21348, -15593.71
21350, -15593.69
21353, -15593.68
21355, -15593.66
21357, -15593.63
21359, -15593.62
21361, -15593.61
21363, -15593.60
21365, -15593.60
21367, -15593.61
21369, -15593.62
21372, -15593.63
21375, -15593.64
21378, -15593.66
21381, -15593.67
21383, -15593.67
21385, -15593.66
21388, -15593.67
21391, -15593.68
21393, -15593.69
21395, -15593.70
21398, -15593.71
21401, -15593.70
21404, -15593.70
21406, -15593.71
21408, -15593.71
21411, -15593.71
21413, -15593.68
21416, -15593.68
21419, -15593.69
21421, -15593.69
21423, -15593.72
21425, -15593.74
21428, -15593.73
21430, -15593.72
21433, -15593.74
21435, -15593.73
21438, -15593.72
21440, -15593.72
21442, -15593.71
21445, -15593.72
21448, -15593.71
21451, -15593.70
21453, -15593.70
21455, -15593.68
21457, -15593.68
21459, -15593.69
21461, -15593.68
21463, -15593.66
21465, -15593.66
21467, -15593.67
21469, -15593.66
21471, -15593.65
21473, -15593.66
21475, -15593.68
21477, -15593.69
21479, -15593.69
21482, -15593.69
21484, -15593.68
21487, -15593.69
21489, -15593.70
21491, -15593.71
21493, -15593.71
21496, -15593.72
21499, -15593.74
21502, -15593.73
21504, -15593.73
21506, -15593.75
21509, -15593.74
21512, -15593.74
21515, -15593.77
21518, -15593.77
21520, -15593.77
21522, -15593.77
21525, -15593.78
21528, -15593.81
21531, -15593.81
21533, -15593.79
21535, -15593.78
21538, -15593.79
21541, -15593.80
21543, -15593.80
21546, -15593.81
21549, -15593.84
21551, -15593.86
21554, -15593.86
21557, -15593.87
21560, -15593.87
21563, -15593.85
21565, -15593.85
21568, -15593.85
21570, -15593.85
21572, -15593.86
21574, -15593.86
21576, -15593.85
21578, -15593.86
21580, -15593.87
21582, -15593.89
21584, -15593.91
21586, -15593.91
21588, -15593.91
21591, -15593.91
21593, -15593.92
21596, -15593.90
21598, -15593.90
21600, -15593.92
21602, -15593.92
21604, -15593.91
21608, -15593.88
21611, -15593.84
21613, -15593.82
21616, -15593.81
21618, -15593.81
21620, -15593.80
21622, -15593.79
21625, -15593.80
21628, -15593.83
21630, -15593.84
21632, -15593.85
21635, -15593.85
21637, -15593.86
21640, -15593.86
21643, -15593.87
21645, -15593.87
21648, -15593.87
21651, -15593.88
21653, -15593.88
21656, -15593.88
21658, -15593.89
21661, -15593.89
21663, -15593.90
21666, -15593.90
21668, -15593.90
21670, -15593.90
21673, -15593.91
21675, -15593.89
21678, -15593.88
21680, -15593.88
21682, -15593.89
21683, -15593.88
21686, -15593.87
21688, -15593.87
21689, -15593.87
21691, -15593.88
21693, -15593.88
21695, -15593.87
21698, -15593.86
21700, -15593.86
21702, -15593.87
21704, -15593.84
21708, -15593.81
21710, -15593.82
21712, -15593.82
21714, -15593.81
21717, -15593.80
21719, -15593.79
21722, -15593.77
21724, -15593.75
21726, -15593.75
21729, -15593.76
21733, -15593.75
21735, -15593.76
21738, -15593.75
21740, -15593.74
21742, -15593.75
21745, -15593.77
21748, -15593.78
21750, -15593.77
21752, -15593.76
21755, -15593.75
21757, -15593.75
21760, -15593.74
21762, -15593.74
21765, -15593.74
21768, -15593.73
21770, -15593.72
21772, -15593.70
21774, -15593.70
21777, -15593.71
21780, -15593.72
21782, -15593.73
21784, -15593.73
21786, -15593.74
21788, -15593.75
21790, -15593.76
21792, -15593.79
21795, -15593.79
21797, -15593.77
21799, -15593.75
21801, -15593.77
21803, -15593.79
21805, -15593.79
21808, -15593.80
21810, -15593.81
21813, -15593.80
21815, -15593.77
21818, -15593.76
21819, -15593.77
21821, -15593.78
21824, -15593.80
21826, -15593.82
21829, -15593.84
21832, -15593.86
21834, -15593.85
21836, -15593.84
21838, -15593.85
21840, -15593.87
21842, -15593.88
21845, -15593.86
21848, -15593.82
21851, -15593.83
21853, -15593.83
21856, -15593.84
21858, -15593.83
21861, -15593.80
21864, -15593.79
21866, -15593.80
21868, -15593.80
21871, -15593.81
21873, -15593.81
21876, -15593.82
21879, -15593.83
21881, -15593.83
21884, -15593.82
21886, -15593.81
21888, -15593.80
21890, -15593.80
21894, -15593.81
21897, -15593.81
21899, -15593.80
21902, -15593.80
21904, -15593.80
21906, -15593.82
21908, -15593.83
21911, -15593.82
21913, -15593.82
21915, -15593.83
21917, -15593.83
21919, -15593.82
21922, -15593.81
21925, -15593.80
21928, -15593.79
21930, -15593.79
21933, -15593.79
21935, -15593.78
21937, -15593.79
21940, -15593.79
21942, -15593.80
21945, -15593.81
21947, -15593.81
21949, -15593.82
21952, -15593.82
21954, -15593.83
21957, -15593.85
21960, -15593.86
21962, -15593.85
21964, -15593.87
21966, -15593.88
21968, -15593.89
21971, -15593.89
21974, -15593.88
21977, -15593.83
21979, -15593.80
21981, -15593.81
21984, -15593.81
21985, -15593.82
21987, -15593.82
21989, -15593.84
21991, -15593.84
21994, -15593.82
21996, -15593.81
21998, -15593.80
22000, -15593.78
22002, -15593.78
22004, -15593.79
22006, -15593.80
22008, -15593.79
22010, -15593.80
22012, -15593.79
22014, -15593.79
22016, -15593.83
22018, -15593.84
22021, -15593.85
22023, -15593.85
22026, -15593.86
22028, -15593.86
22030, -15593.87
22032, -15593.87
22034, -15593.87
22037, -15593.89
22039, -15593.91
22041, -15593.91
22043, -15593.90
22045, -15593.90
22047, -15593.92
22049, -15593.91
22051, -15593.90
22053, -15593.90
22055, -15593.90
22057, -15593.91
22059, -15593.91
22062, -15593.91
22064, -15593.89
22067, -15593.83
22069, -15593.81
22071, -15593.81
22073, -15593.82
22075, -15593.82
22077, -15593.83
22078, -15593.83
22080, -15593.85
22082, -15593.84
22085, -15593.80
22087, -15593.81
22090, -15593.81
22092, -15593.80
22093, -15593.81
22096, -15593.81
22099, -15593.82
22101, -15593.81
22104, -15593.80
22106, -15593.80
22108, -15593.81
22111, -15593.80
22113, -15593.79
22115, -15593.80
22117, -15593.79
22119, -15593.77
22121, -15593.75
22124, -15593.75
22126, -15593.75
22128, -15593.76
22130, -15593.77
22133, -15593.76
22135, -15593.75
22137, -15593.76
22139, -15593.77
22142, -15593.77
22144, -15593.77
22147, -15593.76
22150, -15593.76
22152, -15593.78
22154, -15593.80
22156, -15593.79
22159, -15593.77
22161, -15593.76
22163, -15593.77
22165, -15593.78
22167, -15593.78
22170, -15593.79
22172, -15593.79
22174, -15593.80
22176, -15593.81
22179, -15593.81
22181, -15593.82
22183, -15593.81
22185, -15593.81
22189, -15593.84
22191, -15593.85
22195, -15593.85
22197, -15593.86
22200, -15593.84
22202, -15593.83
22204, -15593.84
22206, -15593.84
22208, -15593.85
22210, -15593.85
22213, -15593.84
22215, -15593.85
22217, -15593.87
22219, -15593.90
22221, -15593.92
22223, -15593.92
22225, -15593.93
22227, -15593.95
22229, -15593.95
22231, -15593.94
22233, -15593.93
22235, -15593.93
22237, -15593.93
22239, -15593.93
22241, -15593.92
22243, -15593.91
22245, -15593.91
22247, -15593.92
22249, -15593.92
22251, -15593.91
22253, -15593.90
22255, -15593.90
22258, -15593.90
22260, -15593.89
22262, -15593.88
22264, -15593.88
22266, -15593.89
22268, -15593.88
22270, -15593.85
22272, -15593.84
22275, -15593.83
22277, -15593.81
22279, -15593.80
22281, -15593.79
22283, -15593.79
22285, -15593.78
22287, -15593.77
22289, -15593.79
22291, -15593.81
22293, -15593.82
22295, -15593.79
22297, -15593.79
22300, -15593.81
22302, -15593.81
22304, -15593.80
22306, -15593.80
22308, -15593.79
22310, -15593.77
22312, -15593.75
22314, -15593.74
22317, -15593.75
22319, -15593.76
22321, -15593.76
22323, -15593.77
22325, -15593.77
22327, -15593.78
22329, -15593.79
22331, -15593.79
22333, -15593.79
22336, -15593.76
22338, -15593.76
22340, -15593.76
22342, -15593.77
22344, -15593.78
22346, -15593.78
22348, -15593.79
22350, -15593.79
22352, -15593.80
22354, -15593.79
22356, -15593.78
22358, -15593.79
22360, -15593.79
22362, -15593.81
22364, -15593.83
22366, -15593.83
22368, -15593.83
22370, -15593.84
22372, -15593.84
22374, -15593.85
22376, -15593.85
22379, -15593.81
22380, -15593.78
22382, -15593.79
22385, -15593.78
22387, -15593.77
22389, -15593.75
22391, -15593.73
22393, -15593.73
22395, -15593.72
22397, -15593.74
22399, -15593.76
22401, -15593.77
22404, -15593.79
22406, -15593.80
22408, -15593.79
22410, -15593.79
22412, -15593.81
22414, -15593.83
22416, -15593.83
22418, -15593.83
22421, -15593.82
22423, -15593.82
22425, -15593.80
22427, -15593.78
22429, -15593.79
22431, -15593.79
22433, -15593.79
22435, -15593.77
22437, -15593.76
22439, -15593.75
22441, -15593.74
22443, -15593.73
22445, -15593.72
22447, -15593.72
22448, -15593.73
22450, -15593.72
22453, -15593.71
22455, -15593.73
22457, -15593.74
22459, -15593.73
22461, -15593.73
22463, -15593.72
22465, -15593.72
22467, -15593.71
22469, -15593.72
22471, -15593.72
22473, -15593.73
22475, -15593.74
22477, -15593.74
22479, -15593.75
22481, -15593.76
22483, -15593.76
22485, -15593.77
22487, -15593.76
22489, -15593.77
22491, -15593.79
22493, -15593.78
22495, -15593.78
22497, -15593.77
22499, -15593.76
22501, -15593.78
22504, -15593.80
22505, -15593.80
22508, -15593.81
22510, -15593.80
22512, -15593.79
22514, -15593.80
22516, -15593.80
22518, -15593.81
22520, -15593.80
22522, -15593.79
22524, -15593.79
22526, -15593.78
22528, -15593.78
22530, -15593.79
22532, -15593.79
22534, -15593.80
22537, -15593.81
22538, -15593.81
22541, -15593.79
22543, -15593.75
22546, -15593.74
22548, -15593.74
22550, -15593.73
22552, -15593.74
22555, -15593.75
22557, -15593.75
22559, -15593.73
22562, -15593.71
22564, -15593.71
22566, -15593.69
22568, -15593.68
22570, -15593.69
22572, -15593.70
22575, -15593.71
22578, -15593.72
22580, -15593.74
22582, -15593.75
22584, -15593.73
22587, -15593.72
22589, -15593.73
22592, -15593.74
22595, -15593.75
22597, -15593.74
22599, -15593.74
22601, -15593.74
22603, -15593.74
22607, -15593.73
22609, -15593.74
22612, -15593.75
22614, -15593.74
22616, -15593.73
22618, -15593.74
22620, -15593.75
22623, -15593.74
22626, -15593.73
22628, -15593.72
22630, -15593.73
22632, -15593.74
22634, -15593.73
22637, -15593.72
22639, -15593.72
22642, -15593.72
22644, -15593.73
22647, -15593.72
22649, -15593.72
22651, -15593.72
22654, -15593.75
22656, -15593.79
22658, -15593.80
22660, -15593.81
22662, -15593.83
22664, -15593.84
22667, -15593.85
22669, -15593.84
22671, -15593.80
22673, -15593.78
22675, -15593.79
22677, -15593.79
22679, -15593.80
22681, -15593.79
22683, -15593.78
22685, -15593.79
22687, -15593.79
22690, -15593.80
22692, -15593.80
22694, -15593.81
22696, -15593.81
22698, -15593.82
22700, -15593.81
22702, -15593.79
22705, -15593.78
22707, -15593.77
22709, -15593.77
22711, -15593.76
22713, -15593.75
22715, -15593.75
22718, -15593.74
22720, -15593.75
22723, -15593.75
22725, -15593.76
22728, -15593.77
22730, -15593.78
22732, -15593.78
22734, -15593.76
22738, -15593.74
22740, -15593.75
22742, -15593.77
22745, -15593.78
22747, -15593.79
22749, -15593.79
22751, -15593.80
22754, -15593.80
22756, -15593.80
22758, -15593.77
22762, -15593.76
22764, -15593.75
22766, -15593.72
22768, -15593.70
22771, -15593.72
22773, -15593.72
22775, -15593.73
22777, -15593.74
22779, -15593.75
22782, -15593.74
22784, -15593.73
22786, -15593.74
22788, -15593.75
22790, -15593.75
22792, -15593.76
22795, -15593.77
22797, -15593.77
22799, -15593.78
22801, -15593.79
22803, -15593.79
22806, -15593.80
22809, -15593.80
22811, -15593.81
22814, -15593.82
22816, -15593.82
22818, -15593.82
22820, -15593.84
22822, -15593.88
22825, -15593.90
22827, -15593.90
22830, -15593.90
22832, -15593.91
22834, -15593.90
22836, -15593.88
22839, -15593.89
22842, -15593.91
22844, -15593.91
22846, -15593.90
22848, -15593.90
22850, -15593.91
22852, -15593.91
22855, -15593.91
22857, -15593.91
22859, -15593.91
22862, -15593.90
22864, -15593.90
22866, -15593.92
22870, -15593.92
22872, -15593.92
22874, -15593.90
22877, -15593.86
22880, -15593.87
22882, -15593.87
22884, -15593.87
22886, -15593.88
22888, -15593.88
22890, -15593.88
22892, -15593.87
22894, -15593.86
22895, -15593.87
22897, -15593.87
22899, -15593.86
22902, -15593.85
22904, -15593.84
22906, -15593.83
22910, -15593.82
22912, -15593.82
22914, -15593.84
22916, -15593.84
22919, -15593.85
22921, -15593.85
22923, -15593.86
22926, -15593.86
22929, -15593.85
22931, -15593.84
22933, -15593.83
22935, -15593.83
22938, -15593.85
22941, -15593.87
22943, -15593.88
22946, -15593.88
22948, -15593.88
22950, -15593.89
22952, -15593.89
22955, -15593.91
22957, -15593.93
22959, -15593.93
22962, -15593.93
22964, -15593.93
22966, -15593.92
22968, -15593.91
22970, -15593.91
22972, -15593.89
22974, -15593.87
22977, -15593.87
22979, -15593.87
22981, -15593.86
22983, -15593.87
22985, -15593.88
22987, -15593.87
22990, -15593.84
22992, -15593.81
22994, -15593.82
22996, -15593.81
22998, -15593.80
23000, -15593.79
23003, -15593.79
23005, -15593.79
23007, -15593.80
23009, -15593.80
23012, -15593.79
23014, -15593.79
23016, -15593.78
23018, -15593.77
23021, -15593.76
23023, -15593.75
23025, -15593.76
23027, -15593.75
23029, -15593.72
23031, -15593.69
23033, -15593.69
23036, -15593.68
23038, -15593.68
23040, -15593.68
23042, -15593.69
23044, -15593.69
23046, -15593.68
23048, -15593.69
23050, -15593.70
23052, -15593.71
23054, -15593.71
23056, -15593.72
23058, -15593.73
23060, -15593.73
23063, -15593.74
23065, -15593.75
23067, -15593.75
23069, -15593.76
23071, -15593.77
23073, -15593.77
23075, -15593.78
23078, -15593.79
23080, -15593.79
23082, -15593.80
23084, -15593.79
23087, -15593.78
23089, -15593.80
23091, -15593.82
23093, -15593.82
23095, -15593.83
23097, -15593.83
23099, -15593.84
23101, -15593.84
23103, -15593.84
23105, -15593.84
23107, -15593.80
23109, -15593.78
23110, -15593.78
23112, -15593.77
23114, -15593.78
23116, -15593.79
23118, -15593.82
23120, -15593.84
23122, -15593.84
23124, -15593.85
23126, -15593.85
23128, -15593.85
23130, -15593.86
23131, -15593.85
23134, -15593.84
23136, -15593.86
23138, -15593.88
23142, -15593.88
23144, -15593.87
23146, -15593.87
23148, -15593.87
23150, -15593.87
23153, -15593.86
23155, -15593.85
23157, -15593.84
23159, -15593.82
23162, -15593.81
23164, -15593.80
23166, -15593.76
23168, -15593.74
23170, -15593.75
23174, -15593.76
23176, -15593.76
23179, -15593.77
23181, -15593.78
23183, -15593.79
23186, -15593.78
23188, -15593.75
23190, -15593.73
23192, -15593.73
23195, -15593.75
23197, -15593.79
23199, -15593.77
23202, -15593.72
23204, -15593.72
23206, -15593.73
23208, -15593.73
23210, -15593.74
23212, -15593.75
23214, -15593.75
23216, -15593.76
23218, -15593.76
23220, -15593.78
23222, -15593.80
23225, -15593.81
23227, -15593.81
23230, -15593.82
23232, -15593.83
23234, -15593.84
23236, -15593.86
23238, -15593.85
23241, -15593.83
23243, -15593.83
23246, -15593.84
23248, -15593.80
23250, -15593.78
23252, -15593.80
23255, -15593.81
23258, -15593.77
23260, -15593.75
23263, -15593.75
23265, -15593.75
23267, -15593.74
23270, -15593.77
23273, -15593.80
23276, -15593.82
23278, -15593.84
23280, -15593.84
23282, -15593.84
23285, -15593.83
23287, -15593.83
23289, -15593.83
23292, -15593.82
23295, -15593.80
23297, -15593.79
23299, -15593.78
23301, -15593.77
23304, -15593.78
23307, -15593.77
23309, -15593.76
23312, -15593.75
23314, -15593.73
23316, -15593.74
23318, -15593.76
23320, -15593.77
23322, -15593.77
23325, -15593.76
23327, -15593.76
23329, -15593.76
23331, -15593.75
23333, -15593.75
23336, -15593.74
23338, -15593.73
23341, -15593.74
23344, -15593.75
23346, -15593.76
23348, -15593.75
23351, -15593.72
23354, -15593.72
23356, -15593.72
23358, -15593.73
23360, -15593.73
23362, -15593.72
23365, -15593.73
23367, -15593.73
23369, -15593.73
23372, -15593.72
23374, -15593.74
23377, -15593.75
23379, -15593.73
23381, -15593.72
23384, -15593.73
23386, -15593.73
23388, -15593.72
23392, -15593.73
23394, -15593.74
23396, -15593.75
23398, -15593.75
23401, -15593.75
23404, -15593.74
23407, -15593.75
23409, -15593.74
23412, -15593.73
23414, -15593.74
23416, -15593.74
23418, -15593.75
23421, -15593.76
23424, -15593.75
23426, -15593.74
23428, -15593.75
23431, -15593.73
23433, -15593.71
23435, -15593.72
23437, -15593.72
23439, -15593.74
23441, -15593.76
23443, -15593.77
23446, -15593.79
23448, -15593.81
23450, -15593.81
23452, -15593.82
23454, -15593.81
23457, -15593.80
23459, -15593.81
23461, -15593.80
23463, -15593.78
23465, -15593.77
23468, -15593.78
23470, -15593.78
23472, -15593.78
23474, -15593.77
23477, -15593.77
23479, -15593.77
23481, -15593.76
23483, -15593.77
23485, -15593.77
23487, -15593.78
23489, -15593.79
23492, -15593.79
23494, -15593.80
23496, -15593.80
23498, -15593.81
23500, -15593.81
23502, -15593.80
23504, -15593.80
23506, -15593.79
23509, -15593.78
23512, -15593.79
23514, -15593.78
23516, -15593.79
23520, -15593.81
23521, -15593.82
23523, -15593.82
23526, -15593.83
23528, -15593.83
23530, -15593.84
23532, -15593.83
23534, -15593.82
23536, -15593.81
23538, -15593.79
23540, -15593.78
23543, -15593.79
23545, -15593.80
23547, -15593.80
23549, -15593.79
23551, -15593.80
23553, -15593.81
23555, -15593.82
23557, -15593.82
23560, -15593.83
23562, -15593.81
23564, -15593.79
23566, -15593.78
23568, -15593.77
23570, -15593.79
23572, -15593.79
23574, -15593.77
23577, -15593.77
23579, -15593.78
23581, -15593.79
23583, -15593.78
23585, -15593.77
23588, -15593.76
23590, -15593.75
23593, -15593.76
23595, -15593.76
23598, -15593.74
23600, -15593.73
23602, -15593.75
23604, -15593.76
23607, -15593.75
23610, -15593.76
23612, -15593.77
23614, -15593.77
23617, -15593.79
23619, -15593.80
23621, -15593.78
23624, -15593.76
23627, -15593.77
23629, -15593.78
23631, -15593.78
23633, -15593.78
23635, -15593.77
23638, -15593.77
23641, -15593.78
23643, -15593.79
23646, -15593.81
23648, -15593.81
23650, -15593.80
23652, -15593.80
23654, -15593.78
23657, -15593.75
23659, -15593.74
23661, -15593.75
23663, -15593.76
23665, -15593.76
23667, -15593.76
23670, -15593.77
23672, -15593.78
23675, -15593.79
23677, -15593.78
23679, -15593.76
23682, -15593.75
23685, -15593.76
23687, -15593.79
23690, -15593.81
23693, -15593.80
23695, -15593.79
23697, -15593.80
23699, -15593.81
23701, -15593.81
23704, -15593.80
23706, -15593.79
23709, -15593.80
23711, -15593.79
23713, -15593.79
23715, -15593.79
23717, -15593.80
23720, -15593.80
23723, -15593.81
23725, -15593.80
23727, -15593.79
23729, -15593.80
23731, -15593.82
23734, -15593.84
23736, -15593.84
23739, -15593.85
23741, -15593.85
23743, -15593.87
23745, -15593.88
23748, -15593.88
23750, -15593.89
23752, -15593.88
23754, -15593.88
23756, -15593.90
23759, -15593.90
23761, -15593.90
23763, -15593.90
23765, -15593.89
23767, -15593.90
23769, -15593.91
23771, -15593.90
23773, -15593.88
23776, -15593.87
23778, -15593.88
23780, -15593.90
23782, -15593.90
23785, -15593.91
23787, -15593.89
23789, -15593.88
23792, -15593.87
23795, -15593.86
23797, -15593.86
23800, -15593.87
23802, -15593.87
23804, -15593.86
23806, -15593.85
23809, -15593.85
23811, -15593.86
23813, -15593.85
23816, -15593.84
23819, -15593.86
23821, -15593.88
23824, -15593.87
23827, -15593.84
23829, -15593.83
23831, -15593.83
23834, -15593.84
23836, -15593.84
23838, -15593.83
23840, -15593.82
23842, -15593.81
23845, -15593.80
23847, -15593.81
23850, -15593.82
23852, -15593.81
23855, -15593.80
23857, -15593.78
23859, -15593.77
23861, -15593.80
23863, -15593.80
23865, -15593.80
23867, -15593.80
23869, -15593.81
23871, -15593.80
23872, -15593.79
23875, -15593.80
23877, -15593.82
23879, -15593.83
23881, -15593.84
23883, -15593.83
23885, -15593.82
23887, -15593.84
23889, -15593.86
23892, -15593.86
23894, -15593.84
23896, -15593.82
23898, -15593.81
23901, -15593.80
23903, -15593.81
23905, -15593.81
23908, -15593.82
23910, -15593.84
23912, -15593.85
23915, -15593.87
23917, -15593.89
23919, -15593.89
23922, -15593.92
23925, -15593.94
23927, -15593.94
23929, -15593.95
23932, -15593.97
23934, -15593.96
23937, -15593.94
23941, -15593.96
23943, -15593.96
23945, -15593.92
23948, -15593.89
23950, -15593.91
23953, -15593.93
23955, -15593.93
23957, -15593.95
23961, -15593.97
23963, -15593.97
23965, -15593.98
23967, -15594.00
23969, -15593.98
23971, -15593.95
23973, -15593.91
23975, -15593.89
23977, -15593.88
23979, -15593.87
23981, -15593.86
23984, -15593.86
23986, -15593.87
23988, -15593.87
23991, -15593.88
23994, -15593.90
23996, -15593.90
23998, -15593.89
24001, -15593.89
24003, -15593.90
24005, -15593.90
24009, -15593.90
24011, -15593.91
24013, -15593.91
24015, -15593.91
24017, -15593.91
24019, -15593.91
24021, -15593.92
24023, -15593.92
24025, -15593.92
24027, -15593.91
24029, -15593.88
24032, -15593.86
24034, -15593.85
24036, -15593.84
24039, -15593.83
24042, -15593.82
24045, -15593.81
24048, -15593.79
24050, -15593.79
24052, -15593.79
24055, -15593.82
24058, -15593.84
24060, -15593.85
24062, -15593.87
24065, -15593.88
24067, -15593.88
24069, -15593.87
24072, -15593.87
24074, -15593.89
24076, -15593.88
24078, -15593.87
24081, -15593.88
24083, -15593.88
24085, -15593.87
24087, -15593.86
24090, -15593.86
24091, -15593.87
24094, -15593.87
24096, -15593.87
24098, -15593.88
24100, -15593.89
24102, -15593.91
24105, -15593.91
24107, -15593.92
24109, -15593.92
24111, -15593.92
24113, -15593.92
24116, -15593.93
24119, -15593.91
24121, -15593.90
24123, -15593.89
24126, -15593.88
24128, -15593.88
24130, -15593.87
24133, -15593.86
24135, -15593.87
24137, -15593.89
24139, -15593.89
24142, -15593.90
24144, -15593.90
24146, -15593.90
24148, -15593.90
24150, -15593.89
24152, -15593.90
24154, -15593.91
24156, -15593.89
24158, -15593.87
24160, -15593.87
24162, -15593.86
24164, -15593.82
24167, -15593.80
24169, -15593.79
24171, -15593.78
24173, -15593.79
24175, -15593.79
24177, -15593.80
24179, -15593.80
24181, -15593.80
24183, -15593.79
24185, -15593.79
24187, -15593.80
24189, -15593.80
24191, -15593.80
24194, -15593.80
24196, -15593.82
24198, -15593.83
24200, -15593.83
24202, -15593.83
24205, -15593.84
24208, -15593.82
24210, -15593.80
24212, -15593.79
24214, -15593.80
24216, -15593.80
24219, -15593.81
24222, -15593.82
24224, -15593.79
24226, -15593.77
24228, -15593.76
24231, -15593.76
24233, -15593.76
24235, -15593.77
24237, -15593.77
24240, -15593.75
24243, -15593.70
24245, -15593.69
24247, -15593.68
24250, -15593.69
24252, -15593.70
24255, -15593.71
24257, -15593.70
24260, -15593.69
24262, -15593.70
24264, -15593.70
24266, -15593.68
24268, -15593.65
24271, -15593.64
24274, -15593.67
24276, -15593.67
24278, -15593.68
24280, -15593.69
24283, -15593.66
24285, -15593.66
24288, -15593.67
24291, -15593.68
24293, -15593.69
24295, -15593.70
24297, -15593.70
24299, -15593.71
24302, -15593.71
24304, -15593.70
24306, -15593.71
24308, -15593.71
24310, -15593.72
24312, -15593.73
24314, -15593.74
24316, -15593.76
24319, -15593.78
24322, -15593.77
24324, -15593.76
24326, -15593.77
24328, -15593.76
24330, -15593.74
24332, -15593.74
24335, -15593.74
24337, -15593.75
24340, -15593.72
24342, -15593.70
24345, -15593.71
24347, -15593.71
24350, -15593.73
24353, -15593.74
24355, -15593.74
24357, -15593.75
24359, -15593.76
24361, -15593.78
24363, -15593.79
24365, -15593.80
24367, -15593.79
24369, -15593.79
24371, -15593.78
24373, -15593.77
24375, -15593.78
24377, -15593.77
24379, -15593.76
24381, -15593.77
24384, -15593.78
24386, -15593.78
24388, -15593.80
24390, -15593.82
24392, -15593.82
24394, -15593.83
24396, -15593.83
24398, -15593.82
24400, -15593.82
24403, -15593.80
24405, -15593.79
24407, -15593.80
24410, -15593.81
24412, -15593.81
24413, -15593.82
24416, -15593.83
24418, -15593.85
24420, -15593.86
24422, -15593.86
24425, -15593.87
24427, -15593.87
24429, -15593.87
24431, -15593.88
24434, -15593.86
24438, -15593.85
24440, -15593.85
24443, -15593.84
24444, -15593.82
24447, -15593.83
24449, -15593.84
24452, -15593.85
24455, -15593.85
24457, -15593.86
24460, -15593.86
24462, -15593.85
24464, -15593.84
24467, -15593.85
24470, -15593.84
24473, -15593.80
24475, -15593.80
24477, -15593.80
24480, -15593.79
24484, -15593.78
24486, -15593.80
24488, -15593.80
24490, -15593.78
24492, -15593.77
24494, -15593.78
24496, -15593.78
24498, -15593.79
24500, -15593.77
24503, -15593.75
24505, -15593.75
24507, -15593.76
24509, -15593.76
24511, -15593.77
24514, -15593.78
24516, -15593.79
24518, -15593.79
24520, -15593.81
24522, -15593.83
24524, -15593.83
24526, -15593.83
24528, -15593.82
24530, -15593.82
24532, -15593.81
24534, -15593.79
24536, -15593.78
24538, -15593.79
24541, -15593.79
24544, -15593.79
24546, -15593.78
24548, -15593.78
24551, -15593.79
24554, -15593.80
24557, -15593.79
24560, -15593.78
24562, -15593.78
24564, -15593.77
24567, -15593.78
24570, -15593.80
24572, -15593.81
24575, -15593.82
24577, -15593.81
24580, -15593.80
24583, -15593.81
24585, -15593.80
24589, -15593.79
24591, -15593.79
24594, -15593.78
24596, -15593.78
24598, -15593.78
24600, -15593.77
24602, -15593.77
24605, -15593.77
24608, -15593.76
24610, -15593.75
24612, -15593.76
24614, -15593.75
24616, -15593.76
24619, -15593.78
24621, -15593.79
24623, -15593.79
24625, -15593.80
24627, -15593.80
24629, -15593.81
24631, -15593.81
24633, -15593.82
24635, -15593.82
24638, -15593.83
24640, -15593.83
24642, -15593.84
24645, -15593.84
24647, -15593.85
24649, -15593.85
24651, -15593.85
24654, -15593.84
24657, -15593.83
24659, -15593.81
24661, -15593.79
24664, -15593.79
24666, -15593.80
24669, -15593.80
24672, -15593.81
24675, -15593.82
24677, -15593.83
24680, -15593.83
24682, -15593.84
24684, -15593.84
24687, -15593.85
24690, -15593.85
24692, -15593.86
24694, -15593.85
24697, -15593.82
24699, -15593.81
24702, -15593.82
24704, -15593.80
24707, -15593.76
24710, -15593.77
24713, -15593.78
24715, -15593.79
24717, -15593.79
24720, -15593.80
24723, -15593.81
24725, -15593.81
24727, -15593.82
24730, -15593.82
24733, -15593.81
24735, -15593.79
24738, -15593.78
24740, -15593.77
24742, -15593.76
24744, -15593.77
24747, -15593.78
24749, -15593.77
24751, -15593.78
24754, -15593.80
24756, -15593.80
24758, -15593.81
24760, -15593.81
24762, -15593.82
24765, -15593.84
24768, -15593.87
24771, -15593.85
24773, -15593.84
24775, -15593.85
24777, -15593.84
24780, -15593.83
24782, -15593.83
24784, -15593.84
24787, -15593.84
24791, -15593.83
24793, -15593.82
24797, -15593.83
24800, -15593.83
24802, -15593.85
24804, -15593.87
24806, -15593.84
24809, -15593.80
24811, -15593.80
24813, -15593.80
24817, -15593.81
24819, -15593.80
24822, -15593.79
24825, -15593.80
24827, -15593.80
24830, -15593.82
24833, -15593.83
24835, -15593.82
24837, -15593.84
24839, -15593.86
24841, -15593.86
24844, -15593.85
24846, -15593.85
24848, -15593.83
24850, -15593.83
24852, -15593.82
24855, -15593.81
24857, -15593.81
24860, -15593.82
24862, -15593.82
24864, -15593.83
24867, -15593.85
24870, -15593.88
24872, -15593.88
24874, -15593.90
24877, -15593.92
24879, -15593.92
24882, -15593.92
24885, -15593.92
24887, -15593.91
24889, -15593.90
24891, -15593.90
24893, -15593.90
24896, -15593.91
24898, -15593.91
24901, -15593.89
24904, -15593.88
24906, -15593.88
24908, -15593.87
24911, -15593.86
24913, -15593.87
24915, -15593.87
24917, -15593.86
24919, -15593.83
24921, -15593.84
24923, -15593.84
24925, -15593.82
24927, -15593.80
24929, -15593.79
24931, -15593.80
24933, -15593.80
24936, -15593.80
24938, -15593.79
24941, -15593.80
24943, -15593.79
24946, -15593.78
24948, -15593.79
24950, -15593.79
24952, -15593.80
24954, -15593.82
24956, -15593.81
24958, -15593.79
24960, -15593.78
24962, -15593.77
24964, -15593.78
24966, -15593.76
24968, -15593.73
24970, -15593.72
24972, -15593.74
24974, -15593.76
24976, -15593.77
24979, -15593.77
24980, -15593.78
24983, -15593.80
24985, -15593.82
24988, -15593.83
24990, -15593.83
24992, -15593.85
24994, -15593.87
24996, -15593.86
24998, -15593.85
25002, -15593.85
25004, -15593.85
25006, -15593.82
25008, -15593.81
25010, -15593.82
25012, -15593.82
25014, -15593.83
25016, -15593.83
25019, -15593.84
25021, -15593.84
25023, -15593.85
25025, -15593.83
25027, -15593.83
25029, -15593.83
25032, -15593.84
25033, -15593.83
25035, -15593.82
25038, -15593.81
25040, -15593.80
25042, -15593.80
25044, -15593.79
25046, -15593.81
25048, -15593.81
25050, -15593.82
25052, -15593.85
25054, -15593.86
25057, -15593.87
25059, -15593.88
25061, -15593.90
25063, -15593.89
25065, -15593.87
25067, -15593.86
25069, -15593.86
25071, -15593.87
25073, -15593.87
25075, -15593.86
25077, -15593.84
25079, -15593.81
25082, -15593.78
25084, -15593.79
25086, -15593.79
25088, -15593.80
25091, -15593.80
25093, -15593.81
25095, -15593.80
25097, -15593.78
25100, -15593.77
25103, -15593.76
25105, -15593.74
25107, -15593.73
25109, -15593.74
25111, -15593.75
25113, -15593.75
25116, -15593.73
25119, -15593.70
25121, -15593.70
25123, -15593.70
25125, -15593.71
25127, -15593.71
25129, -15593.71
25131, -15593.72
25133, -15593.73
25135, -15593.74
25137, -15593.74
25139, -15593.75
25141, -15593.77
25143, -15593.79
25145, -15593.79
25147, -15593.80
25149, -15593.80
25151, -15593.81
25153, -15593.81
25155, -15593.80
25157, -15593.80
25159, -15593.78
25161, -15593.75
25163, -15593.74
25165, -15593.74
25167, -15593.74
25169, -15593.73
25171, -15593.74
25173, -15593.75
25175, -15593.75
25177, -15593.76
25179, -15593.75
25181, -15593.73
25183, -15593.72
25185, -15593.71
25187, -15593.68
25189, -15593.66
25191, -15593.65
25193, -15593.65
25195, -15593.65
25197, -15593.66
25199, -15593.68
25202, -15593.70
25204, -15593.71
25206, -15593.72
25208, -15593.70
25210, -15593.68
25212, -15593.69
25214, -15593.68
25216, -15593.68
25218, -15593.69
25220, -15593.70
25222, -15593.69
25224, -15593.67
25226, -15593.67
25229, -15593.68
25231, -15593.69
25233, -15593.71
25235, -15593.73
25237, -15593.73
25239, -15593.74
25241, -15593.73
25243, -15593.71
25245, -15593.71
25247, -15593.73
25249, -15593.75
25251, -15593.74
25253, -15593.74
25257, -15593.75
25259, -15593.75
25261, -15593.76
25263, -15593.77
25265, -15593.77
25267, -15593.78
25269, -15593.78
25272, -15593.81
25275, -15593.81
25277, -15593.81
25279, -15593.80
25281, -15593.79
25283, -15593.80
25285, -15593.80
25287, -15593.81
25289, -15593.81
25291, -15593.82
25293, -15593.82
25295, -15593.83
25297, -15593.83
25299, -15593.84
25301, -15593.84
25303, -15593.84
25305, -15593.85
25307, -15593.85
25309, -15593.84
25312, -15593.83
25314, -15593.85
25316, -15593.87
25318, -15593.89
25321, -15593.91
25323, -15593.90
25325, -15593.87
25327, -15593.86
25330, -15593.87
25332, -15593.87
25335, -15593.90
25338, -15593.91
25340, -15593.92
25342, -15593.91
25344, -15593.88
25346, -15593.86
25348, -15593.83
25351, -15593.82
25353, -15593.83
25355, -15593.82
25357, -15593.80
25360, -15593.77
25362, -15593.76
25365, -15593.75
25368, -15593.71
25370, -15593.69
25373, -15593.70
25375, -15593.71
25377, -15593.71
25380, -15593.72
25383, -15593.72
25385, -15593.71
25388, -15593.74
25390, -15593.76
25392, -15593.77
25394, -15593.77
25396, -15593.78
25399, -15593.77
25401, -15593.76
25402, -15593.76
25405, -15593.75
25407, -15593.76
25409, -15593.78
25411, -15593.80
25413, -15593.79
25416, -15593.78
25418, -15593.79
25420, -15593.79
25422, -15593.80
25424, -15593.79
25426, -15593.76
25430, -15593.73
25432, -15593.74
25435, -15593.75
25437, -15593.75
25439, -15593.76
25441, -15593.76
25443, -15593.76
25446, -15593.75
25448, -15593.76
25451, -15593.77
25453, -15593.76
25455, -15593.75
25458, -15593.76
25461, -15593.75
25463, -15593.74
25465, -15593.75
25468, -15593.74
25470, -15593.73
25473, -15593.72
25475, -15593.72
25478, -15593.73
25480, -15593.72
25482, -15593.71
25484, -15593.74
25486, -15593.75
25488, -15593.76
25490, -15593.77
25493, -15593.79
25495, -15593.81
25497, -15593.81
25499, -15593.80
25501, -15593.79
25503, -15593.79
25505, -15593.78
25507, -15593.78
25509, -15593.78
25511, -15593.77
25513, -15593.77
25515, -15593.77
25517, -15593.75
25519, -15593.74
25521, -15593.75
25524, -15593.75
25526, -15593.76
25528, -15593.77
25530, -15593.79
25532, -15593.79
25534, -15593.79
25536, -15593.78
25538, -15593.77
25540, -15593.78
25542, -15593.79
25544, -15593.79
25546, -15593.81
25548, -15593.80
25550, -15593.78
25552, -15593.79
25554, -15593.79
25556, -15593.80
25558, -15593.80
25560, -15593.81
25562, -15593.80
25564, -15593.80
25566, -15593.82
25568, -15593.81
25569, -15593.81
25571, -15593.81
25573, -15593.82
25575, -15593.81
25577, -15593.80
25580, -15593.82
25582, -15593.82
25583, -15593.81
25585, -15593.79
25587, -15593.77
25590, -15593.79
25592, -15593.81
25594, -15593.82
25596, -15593.82
25599, -15593.83
25601, -15593.85
25603, -15593.86
25606, -15593.87
25608, -15593.87
25610, -15593.87
25612, -15593.87
25614, -15593.86
25617, -15593.86
25620, -15593.85
25623, -15593.84
25625, -15593.81
25627, -15593.79
25629, -15593.79
25632, -15593.80
25635, -15593.83
25637, -15593.85
25640, -15593.85
25642, -15593.84
25644, -15593.82
25646, -15593.82
25648, -15593.82
25650, -15593.83
25652, -15593.81
25654, -15593.77
25657, -15593.76
25659, -15593.77
25661, -15593.77
25663, -15593.78
25665, -15593.80
25667, -15593.81
25669, -15593.82
25671, -15593.84
25673, -15593.85
25675, -15593.84
25677, -15593.82
25678, -15593.79
25680, -15593.76
25683, -15593.74
25685, -15593.73
25687, -15593.73
25689, -15593.72
25691, -15593.73
25693, -15593.71
25695, -15593.69
25697, -15593.70
25699, -15593.71
25702, -15593.73
25704, -15593.77
25706, -15593.80
25708, -15593.80
25710, -15593.80
25712, -15593.80
25714, -15593.81
25716, -15593.81
25718, -15593.80
25720, -15593.80
25722, -15593.80
25724, -15593.79
25726, -15593.79
25729, -15593.79
25731, -15593.80
25734, -15593.79
25736, -15593.78
25739, -15593.77
25741, -15593.76
25743, -15593.77
25746, -15593.76
25748, -15593.74
25751, -15593.73
25753, -15593.74
25755, -15593.74
25757, -15593.75
25759, -15593.77
25762, -15593.79
25765, -15593.80
25767, -15593.81
25769, -15593.81
25771, -15593.82
25774, -15593.82
25776, -15593.83
25778, -15593.83
25780, -15593.83
25782, -15593.84
25784, -15593.83
25786, -15593.82
25788, -15593.82
25790, -15593.83
25792, -15593.82
25794, -15593.81
25796, -15593.82
25798, -15593.82
25800, -15593.82
25802, -15593.83
25804, -15593.82
25806, -15593.82
25808, -15593.82
25810, -15593.80
25813, -15593.77
25815, -15593.75
25817, -15593.77
25819, -15593.79
25821, -15593.79
25824, -15593.78
25826, -15593.78
25828, -15593.78
25831, -15593.75
25833, -15593.73
25835, -15593.72
25837, -15593.73
25840, -15593.71
25842, -15593.69
25844, -15593.70
25846, -15593.71
25849, -15593.71
25851, -15593.72
25853, -15593.74
25855, -15593.76
25857, -15593.76
25859, -15593.75
25862, -15593.76
25864, -15593.76
25866, -15593.77
25869, -15593.74
25871, -15593.72
25874, -15593.72
25876, -15593.70
25878, -15593.68
25880, -15593.67
25882, -15593.67
25884, -15593.65
25886, -15593.65
25888, -15593.66
25890, -15593.67
25892, -15593.68
25894, -15593.68
25896, -15593.69
25898, -15593.70
25900, -15593.69
25902, -15593.69
25905, -15593.70
25906, -15593.71
25909, -15593.71
25911, -15593.72
25913, -15593.74
25915, -15593.76
25917, -15593.78
25919, -15593.79
25921, -15593.80
25923, -15593.79
25925, -15593.79
25927, -15593.79
25929, -15593.78
25931, -15593.78
25933, -15593.79
25936, -15593.82
25938, -15593.82
25940, -15593.83
25942, -15593.81
25944, -15593.80
25946, -15593.79
25948, -15593.77
25951, -15593.76
25954, -15593.75
25956, -15593.76
25958, -15593.77
25960, -15593.76
25962, -15593.76
25964, -15593.77
25967, -15593.76
25969, -15593.77
25971, -15593.76
25973, -15593.75
25975, -15593.75
25977, -15593.74
25979, -15593.74
25982, -15593.73
25984, -15593.74
25986, -15593.74
25988, -15593.75
25990, -15593.76
25992, -15593.76
25994, -15593.77
25996, -15593.78
25998, -15593.76
26000, -15593.74
26002, -15593.75
26004, -15593.75
26006, -15593.76
26008, -15593.75
26010, -15593.74
26012, -15593.73
26014, -15593.74
26017, -15593.75
26019, -15593.74
26021, -15593.73
26023, -15593.73
26025, -15593.72
26027, -15593.72
26029, -15593.72
26031, -15593.75
26034, -15593.74
26036, -15593.73
26038, -15593.76
26040, -15593.78
26042, -15593.78
26045, -15593.80
26047, -15593.81
26049, -15593.78
26051, -15593.78
26054, -15593.79
26057, -15593.78
26059, -15593.77
26062, -15593.79
26064, -15593.82
26067, -15593.82
26069, -15593.82
26070, -15593.81
26073, -15593.79
26076, -15593.75
26078, -15593.77
26081, -15593.80
