time_s,magnetic_raw_mm,magnetic_raw_filtered,magnetic_filtered_mm,posic_encoder_mm,keyence_mm
0.0,0.0,0.0,0.0,0.0,0.0
0.006,0.0,0.0,-0.01807745290422602,-0.00023437500000000888,1.0000000000065512e-05
0.011,-0.002296609398927174,-0.00022750942474515694,-0.03407640895410857,-0.0010937500000001155,-9.000000000014552e-05
0.016,0.0,-0.0004099432363955914,-0.048042449221016525,-0.00031250000000004885,-0.000300000000000189
0.022,0.0018372875191392524,-0.00014671513734040002,-0.062468858308729835,0.0014062499999998312,-3.999999999981796e-05
0.027,0.003215253158495912,0.0003828737325100328,-0.07457974897099184,0.0034570312499999645,0.00045999999999990493
0.031,0.005971184437205679,0.0012170540543721242,-0.08433865635070603,0.006074218749999916,0.0012099999999999334
0.036,0.0073491500765623385,0.002295478234038661,-0.09405654076619019,0.009570312499999845,0.0022500000000000853
0.042,0.01056440323505825,0.003615257011135918,-0.10469972093043012,0.013085937499999978,0.003890000000000171
0.047,0.011942368874413134,0.005128571678967915,-0.11364728523980716,0.01667968749999993,0.005739999999999856
0.052,0.013779656393554163,0.006660572022059174,-0.12173792540748352,0.020078124999999947,0.007839999999999847
0.057,0.015616943912695191,0.008253057800625532,-0.12873006175520985,0.023867187499999942,0.010139999999999816
0.062,0.017454231431834444,0.009894045255794424,-0.13582703456708067,0.02726562499999996,0.01291999999999982
0.066,0.019291518950975473,0.011573924927160289,-0.1416568535949443,0.030976562499999916,0.015919999999999934
0.071,0.020669484590332132,0.013239489356734248,-0.14761429962263595,0.034628906249999813,0.019120000000000026
0.076,0.02296609398925753,0.014939076656145033,-0.15291537822264,0.038691406250000004,0.022240000000000038
0.082,0.024344059628612413,0.016665945998198803,-0.15848994325084664,0.04263671874999997,0.02585000000000015
0.087,0.02664066902753781,0.018414692091224736,-0.1633716759942727,0.04687499999999989,0.029380000000000184
0.093,0.02893727842646321,0.02027198434418748,-0.1680756425593657,0.05070312499999985,0.03310999999999975
0.098,0.03031524406581987,0.022125313132151707,-0.1720229633397663,0.0549218749999999,0.03650999999999982
0.104,0.032611853464745266,0.02397546372199147,-0.17595660979875305,0.058886718749999956,0.04029000000000016
0.109,0.03536778474345681,0.025959571453364173,-0.17927035368714783,0.0629687499999999,0.043950000000000156
0.115,0.03674575038281169,0.027960092116169028,-0.18235163411157096,0.0667578124999999,0.047779999999999934
0.121,0.03858303790195272,0.029882770106225472,-0.18492240653668013,0.07048828124999995,0.051369999999999916
0.126,0.04087964730087812,0.03183403187846094,-0.1871513209265352,0.07435546874999988,0.05493999999999977
0.132,0.042257612940233,0.03376271234734583,-0.18923893399515102,0.07791015624999986,0.058640000000000025
0.137,0.04317625669980352,0.035536779809361346,-0.19097101470710598,0.08148437499999983,0.06206999999999985
0.142,0.045472866098728915,0.03727787094592055,-0.1925070968121796,0.08517578124999992,0.06552999999999987
0.147,0.046850831738085574,0.03903802112114256,-0.19386997084605717,0.08878906249999996,0.06925999999999988
0.153,0.0486881192572266,0.04076795235221488,-0.19501861384451047,0.09234374999999995,0.07284999999999986
0.158,0.050984728656152,0.042564655578297236,-0.19595302580753948,0.09566406249999992,0.07633000000000001
0.163,0.05144405053593637,0.04427839585254282,-0.19668688105655008,0.0989843749999999,0.07967999999999975
0.168,0.05374065993486177,0.04592561032221433,-0.19730222552000765,0.1021679687499999,0.08302999999999994
0.173,0.05511862557421843,0.04761048327239591,-0.19774892001940625,0.10535156249999988,0.0862400000000001
0.178,0.057415234973143825,0.049325553565602344,-0.19805887130470357,0.1083789062499999,0.08945999999999987
0.182,0.05833387873271434,0.05101933642737477,-0.19825486991158225,0.11181640624999989,0.09255999999999975
0.188,0.06017116625185448,0.05265054757396542,-0.19837793880427412,0.11492187499999984,0.09621000000000013
0.192,0.06017116625185448,0.05414058034134283,-0.19842351987564033,0.11792968749999988,0.09931000000000001
0.197,0.062467775650780766,0.05556290777216038,-0.19840528744709296,0.12142578124999992,0.10243000000000002
0.202,0.0643050631699209,0.05711295161777314,-0.1982503118044443,0.12503906249999985,0.10624000000000011
0.208,0.06522370692949142,0.05862890223557355,-0.1980087321261994,0.12818359374999988,0.10989000000000004
0.213,0.06706099444863245,0.06011751439252461,-0.19773524569799683,0.13150390624999986,0.11312999999999995
0.218,0.06797963820820208,0.06158420455823064,-0.19737515523419535,0.13478515624999998,0.11648999999999976
0.223,0.06935760384755785,0.06298781417196639,-0.19696948369902767,0.13808593749999987,0.11987000000000014
0.228,0.07119489136669888,0.06443184492347481,-0.19649999866394463,0.14119140624999993,0.12325000000000008
0.232,0.07303217888583902,0.06595379020500555,-0.19597125823608508,0.14412109374999993,0.12647999999999993
0.237,0.07395082264540953,0.06744720932481142,-0.1954288434868161,0.1470898437499999,0.1295799999999998
0.241,0.07578811016454967,0.06891775406734234,-0.19483628955904297,0.1501367187499999,0.1325599999999998
0.246,0.07624743204433493,0.07032445456464588,-0.19418448023849244,0.15339843749999993,0.13579000000000008
0.251,0.0776253976836907,0.07163445815937948,-0.19347341552516362,0.15646484374999992,0.13914999999999988
0.256,0.07900336332304647,0.07295792682630489,-0.19281248999033895,0.1594140624999999,0.14209000000000005
0.26,0.0799220070826161,0.07424669089479739,-0.19211054149128515,0.1625781249999999,0.14505999999999997
0.265,0.08084065084218661,0.07546212437550359,-0.1913721281351357,0.16597656249999992,0.1482899999999998
0.27,0.08221861648154238,0.07666425787545417,-0.19056078506480034,0.16898437499999985,0.15166000000000013
0.274,0.08359658212089727,0.07790122835630918,-0.1898086973872415,0.17238281249999987,0.15461999999999998
0.279,0.08497454776025304,0.07916613369401643,-0.188910750281309,0.1758789062499999,0.15798999999999985
0.284,0.0854338696400383,0.08036243548730725,-0.1880447099253315,0.17949218749999996,0.16136000000000017
0.289,0.08727115715917932,0.08154922779133858,-0.1870920655337569,0.18304687499999994,0.16483999999999988
0.294,0.0877304790389637,0.08272839468655696,-0.18621235085637,0.18679687499999997,0.1680600000000001
0.299,0.08910844467831947,0.0838559450824683,-0.18526426457193335,0.1907812499999999,0.17167999999999983
0.305,0.09140505407724575,0.08512411310774377,-0.1841976675019419,0.1949218749999999,0.17528999999999995
0.31,0.09232369783681538,0.08645953681905377,-0.1830946055748548,0.1988476562499999,0.17903000000000002
0.316,0.09370166347617115,0.08775788732256087,-0.18204168282627364,0.2032421874999999,0.1825199999999998
0.321,0.09507962911552692,0.08907201168275114,-0.1808702492921368,0.20730468749999986,0.18655
0.327,0.0964575947548818,0.09039878468289264,-0.17978541979359797,0.21109374999999997,0.19003000000000014
0.331,0.09783556039423758,0.09173570029405383,-0.17880086865206657,0.21488281249999996,0.19322000000000017
0.336,0.09829488227402283,0.09298974522778336,-0.17781631751053517,0.21857421874999994,0.19628999999999985
0.341,0.09967284791337772,0.09417733834935231,-0.1768727893332347,0.22271484374999995,0.19935999999999998
0.346,0.10105081355273349,0.09540264928399744,-0.17580619226324234,0.22683593749999986,0.2027000000000001
0.35,0.10242877919208926,0.09665820513888855,-0.17475782762179737,0.23080078124999986,0.20590999999999982
0.355,0.10242877919208926,0.09780150794336744,-0.17379150890881156,0.2347265624999999,0.20899
0.359,0.10334742295165977,0.09880929610022153,-0.1728753293743317,0.23869140624999985,0.21194999999999986
0.364,0.1042660667112294,0.09979942240255668,-0.17195459173271477,0.24292968749999994,0.2149000000000001
0.368,0.10564403235058517,0.10082088801418353,-0.1709837149125928,0.2474218749999999,0.21797999999999984
0.373,0.10656267611015569,0.10186748379197823,-0.16997181512824255,0.2520507812499999,0.22119
0.378,0.10794064174951057,0.10293423078771267,-0.16896903155816378,0.2565820312499999,0.22440999999999978
0.383,0.10839996362929583,0.10397163462907495,-0.16799359663090652,0.2613281249999999,0.22750000000000004
0.387,0.1097779292686516,0.1049855089682905,-0.16698625495369068,0.26605468749999994,0.23058999999999985
0.392,0.11115589490800737,0.10607151938975695,-0.16601993624070666,0.2709570312499999,0.2336800000000001
0.396,0.112074538667577,0.10716987194947161,-0.16503994320631143,0.27650390624999993,0.23663999999999996
0.401,0.112074538667577,0.10814161568972115,-0.1639733461363191,0.28210937499999994,0.24015999999999993
0.406,0.11391182618671802,0.10910283892433842,-0.16294777203055766,0.2884374999999999,0.24340000000000006
0.412,0.11483046994628854,0.11014662981265706,-0.16179457092496818,0.29439453124999987,0.24703999999999993
0.416,0.11620843558564342,0.11121112764144404,-0.16075988060493263,0.3001562499999999,0.25039999999999996
0.421,0.11666775746542868,0.11224672793510836,-0.15978444567767536,0.3059374999999999,0.25350000000000006
0.426,0.11804572310478445,0.11325915605695773,-0.15884091750037488,0.31228515624999986,0.25645000000000007
0.431,0.11850504498456971,0.11425300302493555,-0.1577788785375196,0.3185351562499999,0.25981999999999994
0.435,0.11988301062392459,0.1152319502553334,-0.15675330443175817,0.3256640624999999,0.26319000000000004
0.441,0.1208016543834951,0.11624445166380024,-0.1555864290047575,0.3318945312499999,0.26696999999999993
0.446,0.12217962002285088,0.11728385928333414,-0.15453350625617546,0.3375976562499999,0.2703199999999999
0.451,0.12355758566220665,0.11839034416935361,-0.1535307226860967,0.34285156249999993,0.27353000000000005
0.455,0.12355758566220665,0.11941411089268708,-0.15259631072306945,0.3481249999999999,0.27647
0.46,0.12447622942177627,0.12032604621646598,-0.15163910822435955,0.3531249999999999,0.27954999999999997
0.464,0.12585419506113205,0.12128481254312617,-0.15071837058274173,0.35787109374999987,0.28251000000000004
0.469,0.12677283882070256,0.1222811314167573,-0.1497976329411248,0.36302734374999995,0.2856000000000001
0.474,0.12677283882070256,0.12317105703325308,-0.14879029126390986,0.36751953124999986,0.2888299999999999
0.478,0.12769148258027307,0.12397566870086588,-0.14789690226511354,0.3724804687499999,0.29193
0.483,0.12906944821962796,0.12484837501618117,-0.14688044437362358,0.37738281249999994,0.2954399999999999
0.489,0.13044741385898373,0.12582118651979116,-0.14581840541076918,0.3817773437499999,0.2989299999999999
0.493,0.13136605761855424,0.12682876785065506,-0.14483841237637396,0.3859765624999999,0.30216
0.498,0.1318253794983395,0.1277732264197307,-0.14389944230621143,0.39052734374999987,0.30525
0.503,0.13320334513769438,0.12871257039468925,-0.14284196145049233,0.3946093749999999,0.30889999999999995
0.508,0.1341219888972649,0.12969331499637035,-0.1418346197732765,0.3984179687499999,0.31226
0.513,0.1350406326568354,0.13066175578455025,-0.14090020781024926,0.4025585937499999,0.31535999999999986
0.518,0.13549995453662067,0.13157482858400377,-0.13982449452598367,0.40667968749999994,0.31901
0.524,0.13687792017597555,0.13248900513748008,-0.1388034785273593,0.4103124999999999,0.32253
0.529,0.13825588581533133,0.1334950705321156,-0.1378189273858279,0.4142773437499999,0.32589
0.534,0.13871520769511658,0.1344838153968315,-0.1367158654587417,0.41828124999999994,0.32965
0.54,0.14055249521425672,0.1355041732700395,-0.13560824542451844,0.4217773437499999,0.33341
0.545,0.14101181709404198,0.13654988078159067,-0.13459178753303025,0.4255273437499999,0.3369199999999999
0.55,0.1419304608536125,0.13752491173013692,-0.1334932837130811,0.4288867187499999,0.34068999999999994
0.556,0.142849104613183,0.13848877089045236,-0.13249961635727647,0.4322265624999999,0.3442099999999999
0.561,0.14376774837275352,0.13944367168822006,-0.13149227468006242,0.4355273437499999,0.34773999999999994
0.566,0.1451457140121084,0.1404368908961089,-0.13047581678857423,0.4390039062499999,0.35125000000000006
0.572,0.14652367965146418,0.14150633851213415,-0.1293454062186683,0.4421484374999999,0.3551599999999999
0.577,0.14652367965146418,0.14250040602478337,-0.12831983211290598,0.4452734374999999,0.35878999999999994
0.583,0.14836096717060432,0.14347953010414075,-0.12729881611428073,0.4485742187499999,0.36243000000000003
0.588,0.14927961093017483,0.14453767520807634,-0.12619119608005747,0.4519140624999999,0.36622
0.594,0.1497389328099601,0.1455226795341606,-0.12510180847438246,0.45488281249999996,0.37013000000000007
0.599,0.15019825468974535,0.14640353231317552,-0.12411725733285106,0.4578710937499999,0.37376999999999994
0.605,0.15157622032910112,0.14729187248142678,-0.12313726429845762,0.4610742187499999,0.37741
0.611,0.15249486408867075,0.148231718474724,-0.1220524347999179,0.4638671874999999,0.38144
0.616,0.15387282972802652,0.14921286563168012,-0.1210542093369753,0.4667968749999999,0.38507999999999987
0.621,0.15479147348759703,0.15022713110327465,-0.12006054198117244,0.4697070312499999,0.3887099999999999
0.627,0.1561694391269528,0.15126795327853843,-0.11900306112545245,0.47222656249999995,0.39249
0.632,0.15708808288652243,0.15233007057456768,-0.11807320726956227,0.47480468749999993,0.39574
0.637,0.15800672664609294,0.15336376198175297,-0.11712512098512473,0.4774999999999999,0.3992499999999999
0.643,0.15892537040566346,0.15437465941784387,-0.11609498877222713,0.4801367187499999,0.40288999999999997
0.648,0.15892537040566346,0.15527627519935544,-0.11511043763069573,0.4827929687499999,0.40653000000000006
0.653,0.1607626579248036,0.15618126467209592,-0.11414867702484788,0.4854492187499999,0.41015
0.659,0.16122197980458886,0.15713446130386757,-0.11316868399045266,0.4880078124999999,0.41378000000000004
0.664,0.16259994544394463,0.1580808121010089,-0.11221603959887805,0.4904492187499999,0.4172799999999999
0.669,0.16351858920351514,0.15906717528873238,-0.11128618574298876,0.4932031249999999,0.42077999999999993
0.675,0.1639779110833004,0.15999461958803177,-0.11025605353008938,0.4955664062499999,0.4245399999999999
0.68,0.16443723296308477,0.16082931649857288,-0.10941280370979722,0.49806640624999987,0.42791
0.685,0.16581519860244054,0.16168064549234126,-0.10850574038958971,0.5004296874999999,0.43141000000000007
0.69,0.16673384236201105,0.16259081320025712,-0.10764425814075018,0.5027734374999999,0.4346399999999999
0.695,0.1671931642417963,0.16345715835244465,-0.1067782177847727,0.5052148437499999,0.43799999999999994
0.7,0.16811180800136682,0.1642883633521451,-0.10590306121452375,0.5074999999999998,0.44137000000000004
0.704,0.1685711298811512,0.16509139038969134,-0.1050917181441875,0.5097265624999999,0.4445999999999999
0.709,0.16994909552050697,0.16591732414697044,-0.10429404939526243,0.5120703124999999,0.4477199999999999
0.714,0.17040841740029222,0.16676162619909263,-0.10345535768210556,0.5145703124999998,0.4509399999999999
0.719,0.171786383039648,0.16762065730274972,-0.10253462004048863,0.5173242187499999,0.45458
0.725,0.17270502679921762,0.1685370011295947,-0.10154551079181928,0.5195117187499999,0.45835000000000004
0.729,0.17316434867900288,0.1694082987487786,-0.10076151636430541,0.5218749999999999,0.4613099999999999
0.734,0.17362367055878813,0.1701979731162913,-0.0999137084368753,0.5245703124999999,0.4646699999999999
0.74,0.1750016361981439,0.1710131997193827,-0.09899297079525748,0.5269726562499999,0.4684299999999999
0.745,0.17592027995771442,0.1718944178716998,-0.09814060476069209,0.5296093749999999,0.47165999999999997
0.75,0.17637960183749968,0.17273754913822353,-0.09723354144048368,0.5321679687499999,0.4752799999999999
0.755,0.1772982455970693,0.17355013953481638,-0.09635838487023474,0.5349999999999999,0.4787699999999999
0.761,0.17867621123642508,0.1744292437826199,-0.09539206615724893,0.53765625,0.48251
0.766,0.1795948549959956,0.17536168373472458,-0.09444397987281228,0.5404687499999999,0.4862599999999999
0.772,0.18005417687578085,0.17624588841253805,-0.09355514898115214,0.5431054687499999,0.48971999999999993
0.777,0.18143214251513573,0.17713691638009582,-0.09267543430376524,0.5458789062499999,0.49319999999999986
0.782,0.181891464394921,0.17803341576387052,-0.09176837098355772,0.5487890624999999,0.4968299999999999
0.787,0.1828101081544915,0.17888880064716042,-0.09085219144907786,0.5519921874999999,0.5004500000000001
0.793,0.18418807379384727,0.17980222066598983,-0.08983573355758967,0.55474609375,0.5044899999999999
0.799,0.18418807379384727,0.1806711737605837,-0.08898336752302338,0.5575976562499999,0.50786
0.804,0.18556603943320216,0.18150447000056694,-0.08814011770272945,0.5604101562499999,0.51138
0.809,0.18602536131298741,0.1823546758335299,-0.08731510031098466,0.5630664062499999,0.51474
0.813,0.18740332695234319,0.18321844102344795,-0.08654022209774226,0.5660742187499999,0.5178499999999999
0.819,0.18786264883212844,0.18409307910434894,-0.08567418174176478,0.5690624999999999,0.52139
0.824,0.18878129259169807,0.18493093398502303,-0.08484004813574675,0.5720703125,0.5248200000000001
0.829,0.18924061447148333,0.18573929338686315,-0.08400135642258988,0.5752734374999999,0.5283499999999999
0.834,0.1906185801108391,0.1865695030265342,-0.08314443228088653,0.5789257812499999,0.5319
0.84,0.1915372238704096,0.1874627356810038,-0.08218722978217663,0.5821874999999999,0.5358700000000001
0.845,0.19245586762998013,0.18836100294510824,-0.08133942185474652,0.5859765625,0.5392699999999999
0.85,0.19337451138954975,0.18926330732999072,-0.08037766124889867,0.589375,0.54322
0.855,0.19429315514912027,0.19016884897562603,-0.07953441142860473,0.5930273437499999,0.54663
0.861,0.19429315514912027,0.1909859827254425,-0.0786729291797652,0.59685546875,0.55019
0.866,0.19567112078847604,0.1917777263985572,-0.0778068888237895,0.600859375,0.5538699999999999
0.871,0.19658976454804655,0.1926401142082229,-0.07691805793212847,0.6049804687499999,0.55755
0.877,0.19750840830761618,0.19351364780420055,-0.07601099461192096,0.6090820312499999,0.5613699999999999
0.882,0.1984270520671867,0.19439611891247252,-0.07513583804167201,0.6133007812499999,0.5649
0.887,0.19888637394697195,0.1952402548913546,-0.0742880301142419,0.6175195312499999,0.56856
0.893,0.19980501770654246,0.1960536509403083,-0.07347212893676858,0.6219921874999998,0.57196
0.898,0.20118298334589735,0.19693340121950687,-0.07259241425938168,0.6266796874999999,0.5756699999999999
0.903,0.20210162710546786,0.19786635920716086,-0.07170358336772331,0.6312109374999999,0.57935
0.908,0.20256094898525312,0.1987509792840284,-0.07088312408311204,0.6356249999999999,0.5826100000000001
0.913,0.20347959274482363,0.1995968384641908,-0.07009457154846022,0.6404492187499999,0.58602
0.918,0.2039389146246089,0.2004116163028359,-0.06921029876393714,0.6451171874999999,0.58969
0.923,0.20485755838417852,0.20120147083287265,-0.06843542055069474,0.6496875,0.59293
0.928,0.2062355240235343,0.20206234378849278,-0.067605845051812,0.6541992187499999,0.5963
0.933,0.2071541677831048,0.20298016454788467,-0.06676715333865602,0.6588281249999999,0.5996900000000001
0.939,0.2071541677831048,0.20380714459540425,-0.0659193454112259,0.6639062499999999,0.6032199999999999
0.944,0.20853213342246057,0.20460678375514604,-0.06499860776960897,0.6680859374999999,0.60713
0.949,0.20853213342246057,0.205384498977553,-0.06422372955636746,0.672421875,0.61049
0.954,0.20991009906181546,0.2061446339724205,-0.06341238648603031,0.6768945312499999,0.6139999999999999
0.96,0.21128806470117123,0.2070271775010012,-0.06252811370150813,0.6811328124999999,0.61765
0.965,0.21128806470117123,0.2078713715518202,-0.061703096309760674,0.6851757812499999,0.6209899999999999
0.97,0.212666030340527,0.2086848141671296,-0.06090542756083561,0.6894921875,0.62436
0.975,0.21312535222031137,0.20951909990171258,-0.06003482909772195,0.6937499999999999,0.6280299999999999
0.981,0.21404399597988188,0.2103245972993677,-0.059141440098925635,0.69779296875,0.63195
0.986,0.2149626397394524,0.21115251197331142,-0.05834832945713586,0.70220703125,0.6353199999999999
0.992,0.2158812834990229,0.21199840247029958,-0.057400243172699206,0.7059765625,0.63923
0.997,0.21679992725859343,0.2128587073060309,-0.05660713253090943,0.7097851562499999,0.6426099999999999
1.002,0.21771857101816305,0.21373057062010775,-0.055772998924890516,0.7134375,0.64609
1.007,0.21863721477773357,0.21461170237334404,-0.054966213961691324,0.7170312499999999,0.6494499999999999
1.012,0.21863721477773357,0.21540926247377293,-0.054145754677081825,0.7205468749999999,0.65293
1.017,0.21955585853730408,0.2161398086683618,-0.05340734132093239,0.7241796875,0.6561600000000001
1.022,0.22093382417665897,0.21695312383286836,-0.05257776582204965,0.7276562499999999,0.65964
1.027,0.22185246793622948,0.21783280925296053,-0.05177098085885046,0.7310351562499999,0.6629799999999999
1.032,0.22185246793622948,0.21862920957695953,-0.051014335074155426,0.7343749999999999,0.6661999999999999
1.037,0.22323043357558525,0.21940432766234444,-0.05025313118232422,0.7382226562499999,0.6694100000000001
1.042,0.2236897554553705,0.22020788196643104,-0.04936885839780114,0.7418359374999999,0.6730099999999999
1.048,0.2250677210947254,0.22103423852485266,-0.04852105047037103,0.7453710937499999,0.67662
1.053,0.2259863648542959,0.22192438149501695,-0.04765045200725826,0.7486914062499999,0.6802599999999999
1.058,0.22644568673408116,0.22277466933775714,-0.046880131901151145,0.7519140624999999,0.6834899999999999
1.062,0.22690500861386642,0.22354749651925615,-0.04614627665213966,0.7549609374999999,0.68659
1.067,0.22736433049365168,0.22425821003799584,-0.045444328153085856,0.7586718749999999,0.6897
1.072,0.2282829742532222,0.2249646181325348,-0.04459196211851868,0.7619531249999999,0.69347
1.077,0.22920161801279182,0.22571307570582638,-0.04384443254809689,0.7654296875,0.6967099999999999
1.083,0.2305795836521476,0.226540753532857,-0.0430194151563521,0.7690429687499999,0.7001999999999999
1.088,0.23103890553193285,0.22738645410854763,-0.04213058426469107,0.77263671875,0.7039899999999999
1.093,0.23241687117128862,0.22824660665139584,-0.04128733444439714,0.7763281249999999,0.70767
1.099,0.23241687117128862,0.22907284596087452,-0.04040306165987495,0.7794921874999999,0.71146
1.104,0.23425415869042876,0.22991739302725256,-0.03964641587517903,0.7832226562499999,0.71471
1.109,0.23517280244999927,0.23086762437128194,-0.03871656201928797,0.7866210937499999,0.71854
1.114,0.23517280244999927,0.2317205936124354,-0.03792345137749997,0.7902343749999999,0.7218100000000001
1.12,0.23563212432978453,0.23245006905170423,-0.03708475966434399,0.79375,0.72563
1.125,0.23655076808935505,0.23317152183584167,-0.03629620712969128,0.7970117187499999,0.7292000000000001
1.13,0.23746941184892467,0.23393204334921672,-0.035566909987815976,0.8005273437499999,0.73251
1.135,0.23884737748828044,0.23476939493185287,-0.03472366016752382,0.8042968749999999,0.7362299999999999
1.141,0.23976602124785096,0.235668354522159,-0.03379836441876982,0.8079492187499999,0.74007
1.146,0.24114398688720584,0.23661671595012523,-0.032968788919885306,0.8114843749999999,0.7436400000000001
1.151,0.24114398688720584,0.23751368763981856,-0.032139213421002566,0.8151367187499999,0.7470699999999999
1.156,0.24206263064677636,0.23832394936782791,-0.031309637922120714,0.8187304687499999,0.7508999999999999
1.161,0.24298127440634687,0.2391556844327179,-0.03048462053037504,0.8226171874999999,0.7544500000000001
1.167,0.24344059628613213,0.2399591365155697,-0.02963681260294493,0.8270117187499999,0.7581499999999999
1.173,0.2448185619254879,0.2407854111054773,-0.028697842532780626,0.8306835937499999,0.76227
1.178,0.24573720568505752,0.2416754883472505,-0.027900173783854676,0.8345898437499999,0.76569
1.183,0.24665584944462804,0.24257122536907508,-0.027038691535015147,0.83890625,0.7692699999999999
1.189,0.24849313696376907,0.24356250458925643,-0.02608148903630525,0.8426367187499999,0.77325
1.194,0.24849313696376907,0.24453939281036985,-0.025261029751693975,0.8470703124999999,0.7766899999999999
1.2,0.24987110260312395,0.24545923938365904,-0.02428103671730053,0.8513867187499999,0.7807
1.205,0.25078974636269447,0.2464243495327991,-0.02340132203991363,0.8558007812499999,0.78447
1.21,0.2512490682424797,0.2473347515805862,-0.02249881682684407,0.8601953124999999,0.7882199999999999
1.216,0.2526270338818355,0.24824678652868945,-0.021614544042319217,0.8648046875,0.7919700000000001
1.222,0.25308635576162075,0.2491601308565208,-0.02064822532933519,0.8697070312499999,0.796
1.227,0.25446432140097563,0.25007452514144707,-0.019722929580582083,0.8741210937499999,0.7998799999999999
1.232,0.2549236432807609,0.25098976135929596,-0.018911586510244938,0.8783789062499999,0.80335
1.237,0.2558422870403314,0.25186017081601725,-0.01813215018986636,0.8825585937499999,0.8067
1.242,0.2572202526796872,0.2527856386443059,-0.01735271386948778,0.88701171875,0.80992
1.247,0.2572202526796872,0.2536642525597829,-0.016514022156331798,0.8914453124999999,0.8133999999999999
1.251,0.2581388964392568,0.2544597936724706,-0.015757376371636767,0.8963867187499999,0.8165899999999999
1.256,0.2590575401988273,0.25527972466389864,-0.014909568444206656,0.9010546875,0.8202099999999999
1.261,0.25997618395839783,0.25611921325628884,-0.014152922659511624,0.9055273437499999,0.8233999999999999
1.266,0.26089482771796835,0.2569743845734464,-0.013405393089089834,0.9105664062499998,0.8265899999999999
1.27,0.2613541495977527,0.25779662956932475,-0.012594050018754466,0.9156835937499999,0.82992
1.276,0.26319143711689374,0.2586834755858466,-0.011709777234229612,0.9215039062499999,0.8335600000000001
1.281,0.2627321152371085,0.25953111968835274,-0.010871085521073631,0.9274414062499999,0.83704
1.286,0.263650758996679,0.2602563250392853,-0.010018719486507344,0.9327734374999999,0.8407899999999999
1.291,0.26548804651581914,0.2611108594069718,-0.009262073701812312,0.9379882812499999,0.8439699999999999
1.295,0.26548804651581914,0.2619780955348053,-0.008514544131390522,0.9441992187499999,0.8470199999999999
1.3,0.2668660121551749,0.2628100149843944,-0.007621155132594204,0.9510546874999999,0.85076
1.306,0.2682439777945307,0.263750120575324,-0.00668674316956519,0.9567187499999998,0.8544799999999999
1.31,0.26870329967431594,0.2646859740118308,-0.005893632527777193,0.9633593749999999,0.8576599999999999
1.316,0.2691626215541012,0.2655274139878744,-0.004936430029065519,0.9700976562499999,0.8616900000000001
1.322,0.2705405871934561,0.2663841500681544,-0.0039929018517650405,0.9760351562499999,0.8655599999999999
1.327,0.27099990907324134,0.2672531516912901,-0.003145093924336706,0.9815820312499999,0.8689899999999999
1.332,0.2723778747125971,0.2681319887299811,-0.0023064022111798366,0.9876562499999999,0.8724399999999999
1.337,0.2732965184721676,0.26906421441414086,-0.0013127348553751972,0.99322265625,0.87642
1.343,0.273755840351952,0.2699482472761362,-0.00043302017798829695,0.9980468749999999,0.87998
1.347,0.2746744841115225,0.2707936355841687,0.0003509742495273471,1.0025,0.88327
1.352,0.275593127871093,0.27165353772781176,0.0011258524627706379,1.00677734375,0.8864399999999999
1.357,0.27651177163066354,0.2725250781337161,0.0018916144617389108,1.0113867187499999,0.8895899999999999
1.362,0.2769710935104488,0.27336044907045026,0.0027439804963051984,1.01548828125,0.8930099999999999
1.366,0.2778897372700184,0.27416681666310977,0.0035234168166837776,1.0199218749999999,0.89629
1.371,0.2783490591498037,0.2749499272385443,0.004366666636977712,1.0236523437499998,0.89971
1.376,0.27972702478915945,0.2757598905097581,0.00512787052880892,1.02794921875,0.90283
1.381,0.2811049904285152,0.27668239001990763,0.006034933849016433,1.03205078125,0.90648
1.387,0.2815643123082996,0.27760412560424835,0.006955671490634252,1.03640625,0.91001
1.392,0.2824829560678701,0.27847974673166737,0.007953896953575068,1.0402148437499998,0.9140599999999999
1.398,0.28294227794765536,0.279318389891436,0.008851844059508451,1.04380859375,0.9177
1.403,0.28432024358701113,0.2801728832784559,0.009681419558391191,1.0472460937499999,0.9210399999999999
1.408,0.28523888734658165,0.28108558842992193,0.010547459914366897,1.05080078125,0.9243999999999999
1.413,0.2861575311061513,0.28199947017616644,0.011427174591753797,1.0543554687499999,0.9278500000000001
1.419,0.28753549674550705,0.28295979728770354,0.012393493304737824,1.0574999999999999,0.93154
1.424,0.2879948186252923,0.28391186582864364,0.01325497555357913,1.06060546875,0.93485
1.429,0.2889134623848628,0.28481181015452917,0.014143806445237495,1.0637109375,0.9382900000000001
1.434,0.2902914280242177,0.28576096121600364,0.015069102193993267,1.06716796875,0.94171
1.44,0.2912100717837882,0.28674956986189426,0.016103792514027937,1.0701953124999999,0.94566
1.445,0.29212871554335873,0.28772431661986747,0.01699262340568719,1.07326171875,0.94895
1.451,0.29304735930292924,0.28868794789525226,0.017958942118672994,1.0764453124999998,0.95261
1.456,0.2935066811827145,0.28959716407315095,0.01895716758161381,1.079375,0.95638
1.462,0.2948846468220694,0.2905082481034444,0.01989157954464016,1.08212890625,0.95991
1.467,0.29626261246142516,0.29151183368524364,0.02078952665057443,1.0846874999999998,0.9633099999999999
1.472,0.29626261246142516,0.29245308816845306,0.02164645079227867,1.08732421875,0.9664200000000001
1.477,0.29718125622099567,0.2932988591015018,0.02251249114825349,1.08990234375,0.9698
1.482,0.2980998999805653,0.2941590680620611,0.023355740968547423,1.0926171875,0.9730699999999999
1.488,0.29855922186035055,0.29498535261141534,0.024317501574394385,1.0953125,0.9768399999999999
1.493,0.3003965093794916,0.2958754378394064,0.025206332466054526,1.09767578125,0.9801899999999999
1.498,0.30085583125927684,0.29681668315011767,0.026045024179210507,1.099921875,0.9833000000000001
1.503,0.3022337968986317,0.2977534504978798,0.02686092535668383,1.1025390625,0.98644
1.508,0.302693118778417,0.29868662708517063,0.02784091839107905,1.1047265624999998,0.9900899999999999
1.513,0.30407108441777275,0.29961692433627474,0.028634029032867048,1.106953125,0.99308
1.517,0.304530406297558,0.30054491272357614,0.029477278853160982,1.1092773437499999,0.9961899999999999
1.523,0.3059083719369129,0.3014710496938446,0.03037978406623143,1.11140625,0.9994699999999999
1.527,0.30636769381669815,0.3023957020615887,0.03120024335084004,1.1136523437499999,1.0026
1.532,0.3077456594560539,0.3033191639656957,0.03207995802822694,1.11607421875,1.00569
1.538,0.3082049813358392,0.30424167126838686,0.03305083484834892,1.1183398437499998,1.00932
1.543,0.30958294697519495,0.30516341310136147,0.033967014382828786,1.120625,1.01272
1.548,0.30958294697519495,0.30603903923939546,0.03486496148876306,1.12259765625,1.0161
1.553,0.31096091261454983,0.30687768641704405,0.035658072130551055,1.125,1.01908
1.558,0.31187955637412035,0.3077776849108449,0.036619832736398905,1.1271093749999999,1.02258
1.563,0.3137168438932614,0.30877238129309215,0.0374858730923755,1.1293164062499998,1.02573
1.568,0.3137168438932614,0.30975200964640626,0.03841572694826567,1.13166015625,1.02911
1.574,0.314635487652831,0.3106285515745415,0.039382045661250586,1.1339843749999998,1.03259
1.579,0.3160134532921868,0.3115589368700345,0.040321015731414,1.13630859375,1.0361099999999999
1.584,0.31739141893154255,0.31257799962770894,0.04127366012298772,1.138671875,1.03953
1.59,0.3178507408113278,0.31357716673529784,0.04229011801447591,1.1410156249999999,1.0432
1.595,0.3192287064506827,0.31456038004543657,0.04324732051318847,1.143359375,1.04661
1.6,0.31968802833046794,0.3155308004258653,0.04420908111903632,1.145546875,1.05017
1.605,0.3210659939698237,0.3164909624931196,0.04510247011783264,1.1478710937499998,1.05347
1.611,0.3224439596091786,0.317533902459297,0.046100695580773454,1.1503515625,1.05701
1.616,0.3233626033687491,0.3185977179560452,0.04714906022221843,1.1526953125,1.0607
1.622,0.3242812471283196,0.3196327711056307,0.04816096000657044,1.1551171875,1.0643
1.627,0.32519989088789014,0.32064476048706336,0.0491683016837845,1.1575,1.06802
1.633,0.326577856527245,0.32168375752561307,0.0501802014681374,1.1600585937499999,1.07156
1.638,0.3270371784070303,0.3226989094076641,0.05124224043099357,1.162421875,1.07539
1.644,0.32841514404638605,0.3236949404871624,0.05221767535825084,1.16505859375,1.07883
1.65,0.3302524315655262,0.32481214475387293,0.05337543457097649,1.16759765625,1.08286
1.655,0.33163039720488197,0.32602651460586735,0.05442835731955853,1.1699609375,1.08639
1.66,0.3325490409644525,0.32722779520998607,0.055467605746730264,1.1725195312499999,1.08982
1.666,0.333467684724023,0.32837307800625376,0.05655243524526998,1.17490234375,1.09349
1.671,0.3348456503633779,0.3295189595211872,0.057564335029621994,1.17736328125,1.09687
1.677,0.3357642941229484,0.33066532113283936,0.05863549020674963,1.179765625,1.10039
1.682,0.3366829378825189,0.3317665658364483,0.05963371566969222,1.1821484375,1.10379
1.687,0.3376015816420894,0.33283163248056186,0.06061370870408567,1.18453125,1.10702
1.692,0.3389795472814443,0.3339131907771943,0.06159370173848089,1.18697265625,1.11024
1.697,0.3398981910410148,0.3350079732953411,0.06263750827278969,1.18947265625,1.11364
1.702,0.34081683480058533,0.3360678580832446,0.06361750130718402,1.1920507812499999,1.11692
1.707,0.34173547856015585,0.33709975930100206,0.06465219162721869,1.194609375,1.1203
1.712,0.343572766079296,0.33820022500126956,0.06570055626866367,1.19734375,1.1238
1.718,0.3444914098388665,0.3393556707530322,0.06678994387433956,1.2000976562499999,1.12721
1.723,0.345410053598437,0.3404641997891816,0.0679021220156999,1.20291015625,1.13086
1.729,0.3467880192377919,0.3415806094325282,0.06897327719282842,1.205859375,1.13435
1.734,0.3477066629973624,0.3427033383270915,0.07010368776273435,1.20857421875,1.13799
1.739,0.34954395051650344,0.3438766363476095,0.0711383780827699,1.2112109375,1.14128
1.744,0.3500032723962887,0.345044982532523,0.07213204543857454,1.2141210937499998,1.14442
1.749,0.3509219161558583,0.3461183542010737,0.0732259911513875,1.216796875,1.14792
1.754,0.3522998817952141,0.3472065720779217,0.0741831936500974,1.2194726562499998,1.1509099999999999
1.759,0.35275920367499936,0.3482611928529801,0.0751084893988514,1.22212890625,1.15393
1.763,0.3545964911941395,0.34933437488252,0.07604290136187952,1.22544921875,1.15678
1.769,0.35551513495371,0.3504679425777924,0.07723712543169992,1.228828125,1.16053
1.774,0.3568931005930658,0.35160443006199144,0.07840400085870058,1.23244140625,1.16405
1.78,0.3587303881122059,0.35283426261787715,0.07962557357133981,1.236328125,1.16786
1.786,0.35964903187177644,0.35409344424167283,0.08092463410530559,1.23978515625,1.17177
1.791,0.36148631939091747,0.3553761601095255,0.08205048656807534,1.24361328125,1.17519
1.797,0.3619456412707027,0.3566322455824892,0.08327205928071457,1.2468359374999998,1.1789
1.801,0.36378292878984286,0.3578669768436402,0.08425661042224597,1.2501367187499999,1.18178
1.806,0.3647015725494134,0.35913008661008194,0.08525939399232385,1.25353515625,1.18479
1.81,0.36607953818876915,0.3603704504670465,0.08628952620522323,1.2574609374999999,1.18784
1.816,0.36745750382812403,0.3616380768636229,0.08749742459645304,1.2617578125,1.19132
1.821,0.36837614758769455,0.36288206248725585,0.08871443920195787,1.2658203124999998,1.19492
1.826,0.3697541132270503,0.36410709119812246,0.08986764030754735,1.27005859375,1.1983599999999999
1.831,0.3711320788664052,0.3653624207452035,0.0910664224845048,1.27498046875,1.20183
1.837,0.37296936638554623,0.3666875496192098,0.09238827355415236,1.279765625,1.20559
1.842,0.374347332024902,0.36806864873390355,0.09368277598098018,1.2841796875,1.2093099999999999
1.847,0.37526597578447163,0.36940362513960046,0.09486788383652822,1.2887109374999999,1.21265
1.853,0.3766439414238274,0.3707016169605252,0.09611224708485189,1.2934375,1.21615
1.858,0.3789405508227528,0.3721064574725038,0.097466004904458,1.2979882812499999,1.22007
1.864,0.3798591945823233,0.37355147524887256,0.09877418165269614,1.3026367187499999,1.22354
1.869,0.3807778383418938,0.37489220445982957,0.10016440432939433,1.30720703125,1.22756
1.875,0.3830744477408192,0.37628581307357417,0.10149081350617983,1.31150390625,1.23119
1.88,0.38491173525996025,0.3778128280566659,0.10280810646869121,1.316015625,1.2346599999999999
1.886,0.3853710571397455,0.37926481055159167,0.10423023589534886,1.32060546875,1.23854
1.892,0.3876676665386709,0.3807021283567011,0.10568883017909769,1.3251171874999998,1.24247
1.898,0.3890456321780267,0.3822186907034354,0.10715654067712155,1.32955078125,1.24637
1.904,0.3913422415769521,0.3837987971595942,0.10864704171082895,1.3336914062499998,1.2504
1.909,0.39272020721630785,0.38542985796238394,0.11012386842312427,1.3376757812499998,1.2541799999999999
1.914,0.39363885097587836,0.38696527205797887,0.11147762624273039,1.3414648437499999,1.25767
1.92,0.3954761384950185,0.3884694914648097,0.11281315163378913,1.34505859375,1.26115
1.925,0.3968541041343743,0.3899941985578114,0.11412588648916433,1.3488281249999998,1.26467
1.93,0.3986913916535153,0.39153533418639686,0.11552066727299959,1.3527148437499998,1.26819
1.935,0.40052867917265544,0.39313514530963883,0.11699749398529757,1.35630859375,1.27196
1.941,0.4023659666917965,0.3947820067656424,0.11838315855486048,1.3596679687499997,1.2753299999999999
1.945,0.40466257609072187,0.39651209852841635,0.11976882312442338,1.3630468749999998,1.27871
1.95,0.40604054173007764,0.39826342859569036,0.12118183633680513,1.3667578125,1.28194
1.956,0.4074185073694325,0.3999407853297055,0.1227680576203829,1.3700195312499999,1.2856999999999998
1.961,0.40833715112900304,0.4015133229124122,0.12410358301144164,1.3734570312499998,1.28894
1.966,0.4106337605279293,0.4030928125501108,0.1256168745808326,1.3771484374999998,1.2926199999999999
1.971,0.4120117261672842,0.40472337874243364,0.12714839857877003,1.3803515625,1.2962699999999998
1.976,0.41476765744599575,0.4064404037627266,0.12857964421969914,1.38373046875,1.29951
1.981,0.41614562308535064,0.4082267578385306,0.1301202844319107,1.387265625,1.30291
1.987,0.4189015543640622,0.4100687050567688,0.1318660394652733,1.3907617187499999,1.30684
1.992,0.4198201981236318,0.4119097290658085,0.13342491210603225,1.3942968749999998,1.31022
1.998,0.4211981637629876,0.4136135071228763,0.13508406310379772,1.3977734374999997,1.31416
2.003,0.423494773161913,0.4153437369230471,0.13677512085152,1.40138671875,1.31798
2.008,0.42487273880126875,0.4170951776788717,0.1384297137421493,1.40486328125,1.3215
2.014,0.4267100263204098,0.4188181250560675,0.1401298877041448,1.4083789062499998,1.32527
2.019,0.4285473138395499,0.42056372622883803,0.14173889952340613,1.41193359375,1.32891
2.025,0.43130324511826057,0.4224184966531329,0.14348009644963255,1.4153320312499997,1.33252
2.03,0.4322218888778311,0.42426980325315156,0.14513468934026186,1.41888671875,1.33597
2.036,0.4349778201565426,0.42611833230377294,0.14689411869503566,1.4222460937499999,1.3397299999999999
2.041,0.43681510767568277,0.4280556378806333,0.14865354804980946,1.4257617187499998,1.34336
2.046,0.43911171707460905,0.43001862912921407,0.15035372201180497,1.4289062499999998,1.34683
2.051,0.44140832647353445,0.4320477189259459,0.15195361761679305,1.43248046875,1.3500299999999998
2.056,0.44370493587245985,0.43412981140640056,0.15384979018566725,1.4358007812499998,1.35364
2.061,0.4450829015118156,0.4361634015721392,0.15557275468334808,1.4392773437499997,1.35697
2.067,0.4478388327905263,0.4382036008949434,0.15745525293081197,1.44263671875,1.36068
2.072,0.44921679842988205,0.440249099926613,0.15920100796417636,1.44587890625,1.36404
2.077,0.45151340782880744,0.44225334677019784,0.16090118192617187,1.4496093749999999,1.3672900000000001
2.082,0.4533506953479485,0.44427001645631564,0.1628474936735511,1.45298828125,1.3709
2.087,0.45610662662665913,0.4463421495774033,0.16462971356400846,1.45640625,1.37424
2.092,0.4584032360255854,0.4485042592501933,0.16645295641869584,1.4601367187499998,1.37758
2.098,0.4597812016649403,0.4506020130935978,0.16846763977312484,1.4641601562499997,1.38133
2.103,0.46345577670322147,0.45278466734837475,0.17053702041319507,1.4679492187499998,1.38493
2.108,0.4652930642223625,0.45508090289041436,0.1725471456604879,1.4721875,1.38858
2.114,0.4685083173808584,0.45742271438830523,0.17477150194320767,1.4762695312499998,1.39251
2.12,0.47034560489999944,0.45980107204403053,0.17699585822592656,1.4804296875,1.39627
2.125,0.4721828924191396,0.46207222944569554,0.17901054158035556,1.4847460937499999,1.3997600000000001
2.131,0.4753981455776364,0.46439393144375896,0.18124857218448387,1.48865234375,1.40366
2.136,0.47815407685634703,0.46684716759146017,0.183240465003232,1.4923632812499998,1.40701
2.14,0.4799913643754872,0.46926937185230216,0.18508649839360203,1.4961328125,1.41008
2.145,0.4827472956541987,0.4716666924609229,0.1870009033910245,1.50033203125,1.4132
2.15,0.48458458317333886,0.47404405952464057,0.18915688806669273,1.5050976562499998,1.4167
2.156,0.48779983633183477,0.47645092825152885,0.19152710377778437,1.5093359375,1.42057
2.161,0.4896371238509758,0.4788814535845919,0.19356913577503576,1.5134765624999997,1.42375
2.165,0.49239305512968645,0.48128544664172335,0.19559749345087507,1.5181640625,1.42696
2.171,0.49468966452861274,0.4837136660509972,0.19784008216214133,1.5225390625,1.4304199999999998
2.176,0.49790491768710865,0.48620681381851316,0.19995504387357865,1.52740234375,1.43359
2.181,0.500201527086034,0.48875202592530453,0.2022021906919811,1.5326367187499998,1.43704
2.186,0.5034167802445308,0.49133898705359574,0.2046453361172622,1.53763671875,1.44064
2.191,0.5066320334030268,0.4940504293918225,0.20692438968562143,1.5431835937499998,1.44397
2.197,0.5098472865615227,0.49686168993157126,0.20958176614632773,1.5490429687499998,1.44767
2.202,0.5121438959604481,0.49966198828649555,0.21209784128579656,1.55494140625,1.45126
2.208,0.5162777928785145,0.5025445001242176,0.21475065963936668,1.5612890624999998,1.45499
2.213,0.519033724157226,0.5055384386719927,0.21748552392139864,1.5676367187499998,1.45885
2.219,0.522248977315722,0.5085307235919898,0.2201018774178758,1.57421875,1.4623300000000001
2.224,0.5245455867146473,0.5114761806265045,0.22279571873567594,1.5812890624999998,1.46609
2.23,0.5282201617529285,0.5144295894987573,0.22551235058916053,1.58865234375,1.46972
2.235,0.5318947367912106,0.5175258803949672,0.22840219051384025,1.5954687499999998,1.4735800000000001
2.241,0.5346506680699212,0.5206457408506083,0.23105956697454832,1.60212890625,1.4770699999999999
2.246,0.5383252431082024,0.5237845011147773,0.23375796639948465,1.60888671875,1.48055
2.251,0.5406218525071278,0.5268929147523477,0.23656576039570343,1.6156445312499998,1.48429
2.257,0.5452150713049795,0.5300679979997376,0.23944648410610903,1.6219531249999999,1.4879099999999998
2.262,0.5488896463432607,0.5334330475049991,0.24231809160224227,1.6280664062499999,1.49153
2.268,0.5530235432613271,0.5369049240609032,0.24539481391952744,1.6343359375,1.49515
2.273,0.5566981182996082,0.5404624624132709,0.2483986065226249,1.6398828124999998,1.4987499999999998
2.278,0.5594540495783198,0.5439521850477435,0.2513704923757656,1.64513671875,1.50224
2.283,0.5635879464963862,0.5474330299302806,0.2542284255504885,1.65,1.50571
2.288,0.5663438777750969,0.5509067559775156,0.25698608036820314,1.65482421875,1.5087899999999999
2.293,0.570018452813378,0.5543292717333907,0.25987592029288287,1.6600781249999998,1.51217
2.299,0.573233705971874,0.5577562251912302,0.2632398033597818,1.6650390625,1.51609
2.304,0.5769082810101551,0.5611867371253186,0.26639401349839,1.669453125,1.5196
2.309,0.5819608216877921,0.5648021100475226,0.2694160385300348,1.67384765625,1.52299
2.314,0.5847167529665027,0.5684747143541531,0.272579364882918,1.67783203125,1.52653
2.319,0.5883913280047848,0.5720567053447646,0.2755193439861019,1.6819921875,1.52978
2.324,0.5920659030430659,0.5756570396752893,0.2787692743745822,1.6857421874999998,1.53332
2.329,0.5957404780813471,0.5792720830466479,0.28171381158490316,1.6891796874999998,1.53646
2.333,0.5994150531196283,0.5828989212101919,0.2846173258309923,1.69259765625,1.53961
2.338,0.6026303062781242,0.5864897154217865,0.2875436306127659,1.6959374999999999,1.5427499999999998
2.342,0.6063048813164054,0.5900516069382578,0.2905109583587695,1.6995703125,1.54589
2.348,0.6104387782344718,0.5936813259151434,0.2939523292469923,1.70310546875,1.54943
2.353,0.6136540313929677,0.5973199320599814,0.2973298866353007,1.7065234374999998,1.55284
2.358,0.6177879283110341,0.6009656645905772,0.3006071656666016,1.7098046875,1.5562399999999998
2.363,0.6214625033493153,0.6046626134670441,0.3039482581978161,1.7133984375,1.5596299999999998
2.368,0.6269743659067375,0.6085371370362957,0.30786823033539523,1.71689453125,1.56344
2.374,0.6301896190652334,0.612508551186729,0.3115739714375465,1.720078125,1.56711
2.379,0.6347828378630851,0.6164666555707445,0.31532073550393047,1.7234374999999997,1.5708
2.384,0.639835378540722,0.6205960947436472,0.3190310347132188,1.726640625,1.57435
2.39,0.643050631699218,0.6247264171133514,0.32279603120814837,1.72984375,1.57801
2.395,0.6476438504970696,0.6288119458103452,0.32667498038149656,1.73298828125,1.58167
2.4,0.651777747415136,0.6329525594116356,0.33057216198339034,1.73595703125,1.58537
2.406,0.6563709662129877,0.6371373441459091,0.33427334497840633,1.7389062499999999,1.5889199999999999
2.411,0.6605048631310542,0.6413575485475831,0.3380109928305153,1.7419140625,1.59234
2.416,0.6650980819289058,0.645606155047054,0.3420312433251018,1.74470703125,1.59616
2.421,0.668772656967187,0.6498320345552566,0.3457825654986211,1.7474609374999999,1.59959
2.426,0.6733658757650387,0.6540396898881352,0.34950198092218354,1.7503515625,1.6030099999999998
2.431,0.6774997726831051,0.6582782336200719,0.35349488277394947,1.7530859374999999,1.60669
2.437,0.6825523133607412,0.6625870478300926,0.35740573869725445,1.75583984375,1.61012
2.442,0.6866862102788076,0.6669522100844978,0.361380408120473,1.7583203125,1.61368
2.446,0.690820107196874,0.6712715525807339,0.3649904289727539,1.7608984374999999,1.61699
2.451,0.695872647874511,0.6756451571903803,0.368946865967426,1.76349609375,1.6204100000000001
2.457,0.6995472229127921,0.6800167712737335,0.3728805124264136,1.76591796875,1.62384
2.461,0.7027624760712881,0.6842047816667167,0.3765634629928831,1.76828125,1.62713
2.466,0.7068963729893545,0.6882910669842502,0.3802236230236682,1.77083984375,1.63029
2.471,0.7124082355467767,0.6925232910695088,0.3842393154111168,1.7732031249999998,1.63387
2.476,0.7160828105850578,0.6968270377214142,0.3878858011204924,1.77560546875,1.63689
2.48,0.7202167075031243,0.7010516307796761,0.3916735881511064,1.77794921875,1.64018
2.485,0.7238912825414054,0.705212752657303,0.3953930035746689,1.7804296874999999,1.6433200000000001
2.49,0.7284845013392571,0.7093684805529221,0.3994086959621175,1.7829101562499998,1.6467299999999998
2.495,0.7321590763775383,0.7135198831565286,0.40338336538533603,1.78560546875,1.65015
2.5,0.73675229517539,0.7176678174224639,0.4077591482365861,1.7885546875,1.6538300000000001
2.506,0.7418048358530269,0.7219494761746765,0.4124904634445006,1.79099609375,1.6577899999999999
2.511,0.7450200890115228,0.7262018594132545,0.41620987886806304,1.7936914062499998,1.66093
2.516,0.7500726296891598,0.7304307673890105,0.4207406373619609,1.79646484375,1.66474
2.521,0.753747204727441,0.7346863530551532,0.42501158374906645,1.7990429687499998,1.66827
2.527,0.7583404235252926,0.7389178289731726,0.42929164635044526,1.80169921875,1.67194
2.532,0.7620149985635738,0.7431299719195888,0.43352612788045786,1.80466796875,1.6754799999999999
2.538,0.7684455048805656,0.7475086198053965,0.43835772144537977,1.8076171875,1.6795399999999998
2.543,0.7730387236784173,0.7521117873837319,0.44277908536799604,1.81017578125,1.6832099999999999
2.548,0.777631942476269,0.7567129838464515,0.44676287100548784,1.81255859375,1.6864599999999998
2.553,0.7799285518751944,0.7610850902987629,0.4505096350718718,1.81505859375,1.6896
2.557,0.7840624487932608,0.7652279936244885,0.454343003173852,1.81771484375,1.69285
2.562,0.7868183800719715,0.7692326068886439,0.4583860442041212,1.82056640625,1.69625
2.568,0.7927895645091789,0.7733083365368827,0.4627572689482342,1.8230859375,1.6998799999999998
2.572,0.79462685202832,0.7773500887693345,0.46636273169337894,1.8256640624999998,1.70288
2.577,0.7983014270666011,0.7811370859828026,0.470068472795532,1.8283984375,1.70613
2.582,0.8019760021048823,0.7849018094004592,0.4740522584330238,1.8314843749999998,1.70952
2.588,0.8074878646623036,0.7888306795880804,0.47854655206982866,1.834296875,1.7133099999999999
2.593,0.8107031178208004,0.7928456728594689,0.4825257796001843,1.8376171874999998,1.7167
2.598,0.8152963366186512,0.7968387221920429,0.48697449216562205,1.84060546875,1.7205
2.603,0.8189709116569333,0.8008596771433668,0.4910539980529842,1.8434570312499998,1.72403
2.608,0.8226454866952144,0.8048120051050108,0.4948144364407776,1.8466015624999998,1.7273
2.613,0.8263200617334956,0.8087093028923074,0.4988848261138674,1.8501171875,1.73084
2.619,0.8313726024111316,0.8126989790879718,0.5033472130007155,1.853359375,1.73481
2.624,0.8341285336898432,0.8166717273247588,0.5073765797095744,1.85650390625,1.73837
2.629,0.8378031087281244,0.8204943958226143,0.5111233437759575,1.8600390625,1.74165
2.635,0.8419370056461908,0.8243332249880468,0.5154489874487034,1.86408203125,1.74549
2.641,0.8446929369249014,0.8280940091969939,0.5198977000141412,1.8679492187499998,1.74947
2.646,0.8492861557227531,0.8318377130971737,0.5239635315800939,1.87162109375,1.75329
2.651,0.852501408881249,0.8356132226328564,0.5278698293962618,1.87580078125,1.75686
2.657,0.855716662039745,0.8392777306145587,0.5320724041763167,1.8797851562499999,1.7606899999999999
2.662,0.8589319151982417,0.8428532293755904,0.5358829817426134,1.8836718749999999,1.7644
2.667,0.8621471683567377,0.8463573539884207,0.5395522579876726,1.8878125,1.76783
2.673,0.8658217433950188,0.8498497474378363,0.5434312071610199,1.8921875,1.77153
2.678,0.8690369965535147,0.8533327339764862,0.5470685766561214,1.8963867187499999,1.77509
2.683,0.8717929278322254,0.8567171735914162,0.5505008313300701,1.9010937499999998,1.77836
2.688,0.8763861466300771,0.8601590966802846,0.5544572683247422,1.9054687499999998,1.78219
2.693,0.8782234341492181,0.8635561104820185,0.5577117568203596,1.9105664062499998,1.78549
2.699,0.8823573310672845,0.8668716108250429,0.5617775883863123,1.9159960937499998,1.78945
2.705,0.8869505498651362,0.8703947589835244,0.5657796064523515,1.9207812499999999,1.79341
2.71,0.8887878373842764,0.8738569050278793,0.5691890705906175,1.92572265625,1.79681
2.715,0.8915437686629879,0.8770881275448422,0.5727535103715313,1.93060546875,1.8004799999999999
2.72,0.8952183437012691,0.8803161861110175,0.5763817636523596,1.9355078125,1.8041399999999999
2.726,0.8970556312204092,0.8834507038185445,0.5798140183263092,1.9404101562499998,1.80769
2.731,0.9002708843789051,0.8864647116918593,0.5833465513572662,1.94533203125,1.81137
2.737,0.9030268156576167,0.8894730896750759,0.5869884789595048,1.94990234375,1.81532
2.742,0.9053234250565421,0.8923859494279017,0.5902156188123016,1.9546484375,1.81886
2.748,0.9080793563352527,0.8952222156291774,0.593761826164668,1.9596289062499999,1.82279
2.753,0.9117539313735348,0.8981335691349495,0.5972031970528908,1.9640039062499999,1.8265799999999999
2.759,0.9149691845320307,0.9011506350562064,0.6004121044771411,1.9684960937499998,1.83013
2.764,0.9177251158107413,0.9041614652074724,0.6038352429368166,1.97306640625,1.8340999999999998
2.77,0.920481047089452,0.9071217931741786,0.607217358432262,1.9770507812499998,1.83794
2.775,0.9227776564883783,0.9099961228851318,0.6102302672496336,1.98130859375,1.8415
2.781,0.9250742658873037,0.9127559909763472,0.6134118260310624,1.98533203125,1.8451899999999999
2.786,0.9278301971660152,0.9154695771963011,0.6164065024198866,1.9893359375,1.84875
2.791,0.9301268065649406,0.9181460512034576,0.619410295022985,1.9936132812499998,1.85244
2.797,0.9328827378436513,0.9207927659052709,0.6226009700186879,1.9975195312499998,1.85629
2.802,0.9347200253627923,0.9233701155194927,0.625673134228836,2.001484375,1.8602699999999999
2.808,0.937475956641503,0.9258918430981044,0.6285401836178321,2.0051367187499998,1.86384
2.813,0.9402318879202145,0.9284599726021873,0.631179327649992,2.0085546874999998,1.86727
2.818,0.9416098535595694,0.9309288049325273,0.6338184716821527,2.01244140625,1.87069
2.823,0.9439064629584957,0.9332725115912891,0.6366171494640982,2.01609375,1.87425
2.828,0.9466623942372063,0.9356523889265695,0.6394249434603161,2.0198046874999998,1.8780999999999999
2.833,0.9484996817563465,0.9380157686891163,0.6420048320996994,2.02306640625,1.88167
2.838,0.9503369692754875,0.9402749157129864,0.6443978383464763,2.0262890625,1.88498
2.843,0.9517149349148433,0.9424049793658359,0.64665865948629,2.0298828125,1.88814
2.848,0.9544708661935539,0.9445225382353779,0.6492750129827662,2.0336718749999996,1.89185
2.854,0.9572267974722646,0.9467665755035983,0.6519688543005664,2.0369335937499997,1.89555
2.858,0.9586047631116204,0.9489755268115107,0.6542752565117462,2.04072265625,1.8988399999999999
2.864,0.9618200162701163,0.9512018454974979,0.6570648180794185,2.0443359375,1.9028399999999999
2.869,0.963197981909472,0.953442090626243,0.6595444283617935,2.04791015625,1.90645
2.875,0.9650352694286122,0.9555569973475544,0.6620103643227582,2.0513281249999995,1.91018
2.88,0.966413235067968,0.9575713985032618,0.6643076503196639,2.054609375,1.91363
2.885,0.968250522587109,0.9595052068947539,0.6665046579595622,2.0576953125,1.91709
2.889,0.9710064538658196,0.9615108957275058,0.6686105034567271,2.06123046875,1.9202599999999999
2.894,0.9728437413849598,0.9635742235916818,0.6709032313464958,2.0646289062500003,1.9237199999999999
2.9,0.9742217070243155,0.9655472650212223,0.6731686105934456,2.068125,1.9273099999999999
2.905,0.9755996726636713,0.9674024062533954,0.6753929668761645,2.071484375,1.93092
2.91,0.9778962820625967,0.9692540101944788,0.6775079285876018,2.0750195312499997,1.93439
2.915,0.980192891461523,0.9711937814449615,0.6798371213344652,2.07861328125,1.93813
2.92,0.9815708571008779,0.9731132479672877,0.6820478032957737,2.08208984375,1.94185
2.926,0.9824895008604484,0.9748799270083932,0.6841764393286214,2.08544921875,1.94544
2.93,0.9847861102593738,0.9766150935649478,0.6861318672902739,2.089453125,1.94875
2.936,0.9866233977785148,0.9784159948605564,0.6885203154299147,2.0930664062499997,1.9529
2.942,0.9884606852976558,0.9802241052260124,0.6905760217485746,2.096640625,1.9565
2.947,0.990297972816796,0.9820379963545826,0.6925907051030045,2.100234375,1.9600899999999999
2.952,0.9916759384561518,0.9838110210397919,0.694587156028887,2.1041796875,1.96354
2.958,0.9925945822157223,0.9854602722312149,0.6967203501688717,2.1082617187499997,1.96754
2.963,0.9944318697348624,0.9870557746049926,0.6988170794517625,2.1119921875,1.9714
2.968,0.9967284791337887,0.9887446828733077,0.7006767871635438,2.115859375,1.97498
2.974,0.9981064447731436,0.9904629889817738,0.7026458894466057,2.11962890625,1.97857
2.979,0.9990250885327141,0.9920683627886243,0.7044007606942424,2.12357421875,1.98202
2.984,1.0013216979316395,0.9936741829290591,0.7063789791915784,2.127734375,1.98586
2.989,1.0031589854507805,0.9953713647425299,0.7082295706890864,2.1315234375,1.98941
2.994,1.004077629210351,0.9970053014189074,0.7099570932939026,2.13525390625,1.99282
2.999,1.0049962729699207,0.9984975197167891,0.7115797794345751,2.1390234374999997,1.99611
3.004,1.0068335604890617,0.999967101551867,0.7131614426110158,2.143046875,1.99926
3.009,1.0082115261284175,1.0014640336889595,0.7148752908944225,2.14693359375,2.00268
3.013,1.009130169887987,1.0028918935425175,0.7164159311066332,2.1508984375,2.00595
3.018,1.0114267792869134,1.0043553699222199,0.718043175354441,2.1551171875,2.00923
3.023,1.0118861011666986,1.0058019043706081,0.7196248385308834,2.1594921874999997,2.0125
3.028,1.0132640668060535,1.0071438497608853,0.7212566408858283,2.16423828125,2.01604
3.034,1.0151013543251945,1.0085384335967742,0.7230434188834227,2.169375,2.01985
3.039,1.0169386418443356,1.0100207286998524,0.7247891739167853,2.17412109375,2.02352
3.045,1.0183166074836905,1.011527855271494,0.7264392087002776,2.17955078125,2.02707
3.05,1.0196945731230462,1.0130093916583893,0.7282168704835978,2.1850390624999996,2.03101
3.056,1.0206132168826167,1.014424906065622,0.7299762998383708,2.19046875,2.0348
3.061,1.0224505044017569,1.0158329810723337,0.7315625211219503,2.1965429687499998,2.03844
3.067,1.0233691481613274,1.017235090619834,0.7333265085838594,2.20205078125,2.04236
3.072,1.0247471138006832,1.0185869147378648,0.7348033352961565,2.207890625,2.04588
3.078,1.0252064356804675,1.0198529144103365,0.7363713241511878,2.21455078125,2.04953
3.083,1.0270437231996086,1.0210955956067826,0.7379393130062191,2.2201562499999996,2.05343
3.088,1.027962366959179,1.0223650802168154,0.7392383735401831,2.2257421875,2.05652
3.093,1.029340332598534,1.0236105558928454,0.740541992181285,2.23134765625,2.05974
3.097,1.0316369419974603,1.0249732850923055,0.7418273783938396,2.23748046875,2.06269
3.102,1.0316369419974603,1.026293531147119,0.7432631821419058,2.2430664062499996,2.06617
3.107,1.033014907636816,1.0274887073179937,0.7445075453902312,2.2489648437499996,2.06927
3.112,1.034392873276171,1.0287200989000242,0.7458977680669294,2.2548046875,2.07279
3.117,1.0357708389155267,1.0299805306657972,0.7472788745293562,2.26041015625,2.07616
3.122,1.0366894826750972,1.0312187471046048,0.7486371904560976,2.2659765624999997,2.07952
3.127,1.0385267701942373,1.0324846515431567,0.750004622597114,2.271484375,2.08302
3.133,1.0389860920740226,1.0337272563740323,0.751472333095137,2.2771289062499998,2.08665
3.138,1.0403640577133784,1.0349056759786288,0.7528443233432895,2.28203125,2.09029
3.143,1.0412827014729489,1.0360781290268346,0.7541388257701174,2.28666015625,2.09367
3.148,1.0426606671123038,1.0372457976507201,0.755383189018441,2.29119140625,2.09692
3.153,1.043119988992089,1.0383641278858886,0.7566138779453562,2.29548828125,2.1002899999999998
3.158,1.04495727651123,1.0394883968524165,0.7578536830865428,2.29955078125,2.10366
3.162,1.0454165983910144,1.040617427931105,0.7589749774421763,2.3035742187499997,2.10662
3.167,1.0467945640303702,1.0417047757370796,0.7601874339405432,2.3078906249999998,2.10998
3.173,1.0472538859101554,1.0427586988252355,0.7614819363673719,2.3116015625,2.11362
3.177,1.0490911734292965,1.043831321398036,0.7625941145087314,2.315078125,2.11672
3.182,1.050009817188866,1.0449644404796934,0.7637062926500899,2.3191406249999997,2.11983
3.187,1.0509284609484366,1.046055066347509,0.7650646085768331,2.322890625,2.1236
3.193,1.0523064265877924,1.0471571199120102,0.7662998556108827,2.32685546875,2.12709
3.198,1.053225070347363,1.0482683370453045,0.7675943580377114,2.33076171875,2.13071
3.204,1.0541437141069325,1.0493414003179573,0.7689344415359072,2.3340234375,2.13457
3.209,1.0555216797462883,1.0504293709002628,0.7700648521058131,2.33736328125,2.1379
3.214,1.0559810016260736,1.051483793376345,0.7712226113185388,2.34033203125,2.14124
3.219,1.0578182891452137,1.0525568163951622,0.7723119989242155,2.3432031249999996,2.14443
3.223,1.0587369329047842,1.0536902565839268,0.7733831541013441,2.3459179687500002,2.14762
3.228,1.0596555766643547,1.0547811399390685,0.7744269606356529,2.3489062499999998,2.15054
3.233,1.06011489854414,1.0557923962059725,0.7756166265983362,2.35228515625,2.1541
3.239,1.0619521860632801,1.056830805379303,0.776874664168071,2.35505859375,2.15779
3.244,1.0624115079430654,1.057890987752677,0.7779640517737461,2.358046875,2.1611
3.249,1.0637894735824212,1.0589231275963804,0.77914004341502,2.3612109374999997,2.16467
3.255,1.0647081173419917,1.0599782827595559,0.7804391039489849,2.36390625,2.16849
3.26,1.0656267611015613,1.0610063914158938,0.7814783523761566,2.3668359375,2.17165
3.266,1.067004726740917,1.0620583140761637,0.7827409480530276,2.36974609375,2.17558
3.271,1.0679233705004876,1.0631293325585642,0.7838850329443439,2.37228515625,2.17912
3.276,1.068842014260058,1.0641701615925083,0.7849470719071991,2.37498046875,2.18239
3.281,1.0693013361398434,1.0651412806184346,0.7860546919414224,2.37783203125,2.18594
3.287,1.0706793017791982,1.0661020029111004,0.7872352416898325,2.3804296875,2.18974
3.292,1.0715979455387687,1.0670998902223214,0.7882927225455507,2.3832031249999996,2.19299
3.298,1.0729759111781245,1.0681275791824312,0.7894732722939617,2.3860156249999998,2.19677
3.304,1.0734352330579098,1.0691336634144077,0.7906447058280976,2.3884570312499998,2.20066
3.309,1.07527252057705,1.07016792526924,0.7916839542552703,2.39095703125,2.2039
3.314,1.0757318424568352,1.0712247820172136,0.792759667539535,2.39326171875,2.20742
3.319,1.0766504862164057,1.0722087532446067,0.7937442186810664,2.39560546875,2.21067
3.325,1.0780284518557606,1.0732252832638558,0.7947697927868278,2.39779296875,2.21391
3.329,1.0780284518557606,1.074176917550303,0.7957178790712662,2.39986328125,2.2170199999999998
3.334,1.0798657393749016,1.0751220155439047,0.7966112680700626,2.402109375,2.2199999999999998
3.339,1.0803250612546869,1.0761073741414877,0.7976094935330043,2.4042382812499996,2.22324
3.344,1.0817030268940426,1.0770795147713785,0.7985621379245789,2.4062109375,2.22646
3.348,1.0817030268940426,1.07799555437639,0.7994327363876916,2.40841796875,2.2293
3.354,1.0830809925333975,1.0788666080481035,0.8004491942791798,2.41056640625,2.23281
3.358,1.0835403144131828,1.079747090570467,0.8013152346351564,2.4129296875,2.2356599999999998
3.364,1.0844589581727533,1.0805896319547184,0.8023590411694652,2.4152734375,2.23926
3.369,1.0853776019323238,1.0814472512252127,0.8033253598824492,2.4174609375,2.24262
3.374,1.0862962456918934,1.0823169610553045,0.8042506556312032,2.4196875,2.24585
3.379,1.0867555675716787,1.0831508641015397,0.8051759513799581,2.4222265624999997,2.24908
3.385,1.0885928550908197,1.0840470584013928,0.8062471065570858,2.4244140625,2.25283
3.389,1.089052176970605,1.0849932024158244,0.8071632860915665,2.426875,2.25608
3.395,1.090889464489745,1.0859793997899427,0.8082617899115156,2.42935546875,2.25985
3.401,1.090889464489745,1.086952213012631,0.8092873640172771,2.43173828125,2.26348
3.406,1.0927267520088861,1.0879142938370296,0.8102719151588085,2.433984375,2.26685
3.411,1.0927267520088861,1.088867768634094,0.8112108852289737,2.43623046875,2.27024
3.416,1.0936453957684567,1.0897233387147545,0.8121225066563174,2.43853515625,2.27347
3.422,1.0954826832875968,1.0906824091234233,0.8130979415835746,2.4409765625,2.27699
3.427,1.0954826832875968,1.091633469947454,0.8140870508322422,2.4435546875,2.28052
3.433,1.0964013270471673,1.0924871043267592,0.8150989506165942,2.44595703125,2.28429
3.438,1.0973199708067378,1.0933536187776294,0.8160379206867585,2.44826171875,2.28767
3.443,1.0986979364460927,1.0942759633033794,0.816940425899829,2.450703125,2.29105
3.448,1.099157258325878,1.0951975746098148,0.8178885121842656,2.453046875,2.29444
3.454,1.0996165802056632,1.0960275941971078,0.8187545525402422,2.455234375,2.29768
3.458,1.1014538677248042,1.0969206744535844,0.819588686146262,2.45740234375,2.30081
3.463,1.1014538677248042,1.0978188195137548,0.8204045873237353,2.4596875,2.30383
3.468,1.1023725114843739,1.0986300221366254,0.8212569533583007,2.4619921875,2.3071
3.473,1.104209799003515,1.099553515450205,0.8221229937142773,2.464453125,2.31021
3.478,1.1046691208833002,1.1005215498242735,0.8230710799987149,2.4671874999999996,2.31361
3.483,1.1055877646428707,1.1014342967309623,0.8240693054616566,2.4697460937499995,2.31728
3.489,1.1055877646428707,1.1022572081897215,0.8249581363533167,2.47236328125,2.32066
3.494,1.1069657302822256,1.1030535848553649,0.8258560834592501,2.4749999999999996,2.32418
3.499,1.107884374041796,1.1039196877396358,0.8267631467794567,2.47779296875,2.32759
3.505,1.1083436959215813,1.1047506984710789,0.8276838844210745,2.4805078125,2.33111
3.51,1.109721661560937,1.1055990716149786,0.8286091801698285,2.4834765625,2.33475
3.516,1.1101809834407215,1.1064613672198376,0.8295435921328558,2.48634765625,2.33826
3.521,1.111099627200292,1.1072893249942617,0.8304369811316521,2.48921875,2.34179
3.526,1.112936914719433,1.1082262538222873,0.8313394863447234,2.4919921875,2.34529
3.531,1.112936914719433,1.1091595598963455,0.8322055267006991,2.49470703125,2.34855
3.536,1.114314880358788,1.1100444590945266,0.8330168697710354,2.49748046875,2.35169
3.541,1.114314880358788,1.110890542094714,0.8338646776984646,2.50046875,2.35494
3.546,1.1152335241183584,1.1116599975237893,0.8346896950902112,2.5037304687499997,2.3582
3.552,1.116152167877929,1.1124590110930217,0.8356104327318281,2.50671875,2.36186
3.556,1.1175301335172847,1.1133272284407847,0.8363989852664808,2.50998046875,2.36487
3.562,1.11798945539707,1.114205436589724,0.837292374265278,2.5129492187499998,2.3683899999999998
3.566,1.1189080991566396,1.115046154213868,0.8380626943713834,2.51615234375,2.37141
3.571,1.1193674210364248,1.115856809174249,0.838887711763129,2.519375,2.37469
3.576,1.1202860647959954,1.1166433576768648,0.8396944967263282,2.52255859375,2.37783
3.581,1.1202860647959954,1.1173650739613803,0.8404192357610674,2.5257226562499997,2.38083
3.585,1.1221233523151364,1.1181258067687638,0.841157649117215,2.5291601562499997,2.38383
3.59,1.1225826741949207,1.1189633277824966,0.8419735502946883,2.53255859375,2.38711
3.595,1.1225826741949207,1.1196804156953377,0.842711963650836,2.5366015624999996,2.38998
3.6,1.1239606398342765,1.1203919352485083,0.8435734458996764,2.5407031250000003,2.39364
3.605,1.124879283593847,1.1211899934507124,0.8444303700413789,2.54498046875,2.39704
3.611,1.1257979273534175,1.1220119428298851,0.8453100847187658,2.5496679687499997,2.40057
3.616,1.1276352148725577,1.1229440536841107,0.8462490547889301,2.55427734375,2.40423
3.622,1.1271758929927724,1.1238279944670082,0.84716523432341,2.55859375,2.40788
3.627,1.1290131805119135,1.1246733089392391,0.8479993679294298,2.5632421875,2.41129
3.633,1.129931824271484,1.1256241556457969,0.8489702447495517,2.568125,2.41509
3.638,1.129931824271484,1.1264776183299436,0.849859075641211,2.572265625,2.41864
3.643,1.1313097899108389,1.127298493218042,0.8506430700687275,2.5761132812499996,2.42179
3.648,1.1317691117906241,1.1281387386962958,0.8514042739605587,2.5798632812499998,2.42495
3.652,1.1326877555501946,1.1289490150553303,0.852133571102434,2.5837499999999998,2.42783
3.657,1.1322284336704094,1.1296442561976068,0.8528765425657197,2.5876171875000002,2.43098
3.662,1.1336063993097651,1.1302927555162883,0.8536149559218673,2.59119140625,2.43426
3.667,1.1345250430693348,1.1310402794533652,0.8543123463137858,2.5947265625,2.43715
3.671,1.1359030087086905,1.131867208622121,0.8550507596699335,2.59837890625,2.44019
3.676,1.1359030087086905,1.1326668069835235,0.855830195990313,2.6023242187499998,2.44349
3.681,1.1377402962278316,1.1334899913757663,0.856673445810606,2.6061328125,2.44693
3.686,1.1381996181076168,1.134377590669475,0.857512137523762,2.609765625,2.45022
3.691,1.1386589399874012,1.1351803369201554,0.8583098062726879,2.6136132812499997,2.45351
3.696,1.1395775837469717,1.1359605436368978,0.8591804047358016,2.6176953125,2.45707
3.702,1.140036905626757,1.1367226764954093,0.8600646775203238,2.6212890625,2.46077
3.707,1.1414148712661127,1.137515818288294,0.86083499762643,2.62498046875,2.46394
3.712,1.1414148712661127,1.1382883234434578,0.8616691312324489,2.6286328125,2.46751
3.717,1.1427928369054676,1.1390442806227152,0.8624713580885119,2.631953125,2.47094
3.722,1.1437114806650381,1.139877972186116,0.8632234457660699,2.6356054687499997,2.47398
3.728,1.1446301244246087,1.1407284950185088,0.8641031604434568,2.6394335937499998,2.47767
3.733,1.145089446304394,1.141547012516966,0.8650011075493911,2.643125,2.48138
3.739,1.1455487681841792,1.1422943638966978,0.8658443573696832,2.6466015625,2.48496
3.744,1.1473860557033193,1.1431211546962667,0.8666602585471566,2.64982421875,2.48854
3.749,1.1478453775831046,1.1440116458729626,0.8674579272960825,2.6532617187499996,2.49171
3.754,1.148764021342675,1.1448622129333434,0.868319409544922,2.65671875,2.49529
3.759,1.1492233432224603,1.1456807658970587,0.8691034039724386,2.6604296874999998,2.49859
3.765,1.1506013088618152,1.1465191494853442,0.8700241416140546,2.6637890625,2.50243
3.77,1.1506013088618152,1.1473279328438837,0.8708081360415711,2.6668359375,2.50574
3.775,1.151979274501171,1.1481129805583095,0.8715465493977188,2.6700976562500003,2.50892
3.78,1.151979274501171,1.1488789952852776,0.8723351019323706,2.6736132812499998,2.5123699999999998
3.785,1.153816562020312,1.1496752498461704,0.8731692355383904,2.67689453125,2.51581
3.79,1.1542758839000973,1.1505412548178602,0.8739760205015896,2.68013671875,2.51924
3.795,1.1547352057798816,1.1513266851508361,0.8747691311433785,2.68359375,2.52254
3.801,1.1561131714192374,1.1521385085744846,0.8756214971779457,2.68671875,2.52611
3.806,1.1561131714192374,1.1529259940369998,0.8763690267483675,2.6903125,2.52941
3.811,1.157031815178808,1.1536484616449647,0.8772305089972079,2.6942382812499996,2.5331099999999998
3.818,1.158869102697948,1.1545008006887192,0.8782196182458755,2.6978515625,2.53734
3.823,1.1597877464575186,1.1554572802140477,0.8791084491375356,2.70146484375,2.54093
3.829,1.160706390217089,1.1564062634770111,0.880006396243469,2.70501953125,2.5446299999999997
3.834,1.1616250339766596,1.1573492356847492,0.8808861109208559,2.70841796875,2.54821
3.839,1.1625436777362301,1.1582873877857245,0.8817384769554222,2.71216796875,2.55179
3.845,1.1630029996160145,1.1591761728851724,0.8826546564899029,2.7155078125,2.5555
3.85,1.1634623214957998,1.159979870002223,0.8834568833459651,2.71876953125,2.5589399999999998
3.855,1.163921643375585,1.1607153373086987,0.8842226453449333,2.7221484375,2.56238
3.86,1.1648402871351555,1.1614415948132324,0.8849747330224931,2.725703125,2.56567
3.866,1.1666775746542957,1.162296972875162,0.8858316571641955,2.7288867187499997,2.56923
3.871,1.1666775746542957,1.1631648855391734,0.886611093484575,2.7323632812499996,2.57239
3.875,1.167136896534081,1.1639063437153954,0.8873403906264494,2.73546875,2.57568
3.88,1.1680555402936514,1.1646374051404882,0.8880286648040938,2.7390624999999997,2.57858
3.885,1.1694335059330072,1.165451133454757,0.8888627984101136,2.7423046875,2.5821199999999997
3.89,1.1703521496925777,1.166331150168755,0.8896012117662622,2.7462109375,2.58514
3.895,1.170811471572362,1.1671733180335546,0.8904672521222388,2.75,2.58867
3.901,1.1721894372117179,1.1680306377886447,0.891319618156805,2.75390625,2.5922
3.906,1.1726487590915031,1.1689001074452277,0.8922038909413281,2.75796875,2.59586
3.912,1.1731080809712884,1.169688316017707,0.8930334664402118,2.7625390624999997,2.59939
3.918,1.174026724730859,1.1704568653534433,0.8939587621889649,2.7665625,2.60331
3.923,1.1744860466106442,1.1712096504653582,0.8947792214735752,2.7705078125,2.60683
3.928,1.1767826560095695,1.172086300316507,0.8955677740082271,2.77501953125,2.6101
3.934,1.1767826560095695,1.1730167721526201,0.8964748373284337,2.77900390625,2.61376
3.939,1.17770129976914,1.173853896765141,0.8972542736488123,2.78373046875,2.61702
3.945,1.179079265408495,1.1747526743540935,0.8981795693975663,2.78833984375,2.62082
3.95,1.1795385872882802,1.1756553879550216,0.8990501678606799,2.7931640625000003,2.6244899999999998
3.956,1.1799979091680655,1.1764702539703211,0.8999298825380668,2.7980468750000003,2.6281499999999998
3.961,1.1813758748074212,1.1773056810918425,0.9007776904654969,2.803125,2.63169
3.967,1.1818351966872065,1.1781575956225512,0.9016619632500191,2.8085546875,2.6354699999999998
3.973,1.182753840446777,1.1789772290872094,0.9025599103559534,2.8138671874999996,2.63923
3.978,1.1836724842063466,1.1798164791007242,0.9034350669262032,2.8192578125,2.64289
3.984,1.1845911279659171,1.1806714591077692,0.9042600843179498,2.82466796875,2.64642
3.989,1.1855097717254877,1.1815390525820593,0.9050987760311058,2.8308593749999997,2.64995
3.995,1.185969093605273,1.1823712585783541,0.9060012812441762,2.83712890625,2.65374
4.001,1.1873470592446278,1.183220590173637,0.9068855540286993,2.84328125,2.65751
4.006,1.1891843467637688,1.1842201599902469,0.9077789430274965,2.84970703125,2.6611599999999997
4.012,1.1887250248839836,1.1851581943371872,0.9086540995977463,2.85458984375,2.66467
4.018,1.1873470592446278,1.185728371818135,0.9094654426680826,2.85564453125,2.66798
4.023,1.1873470592446278,1.1860490764581277,0.910067112810129,2.8548828125,2.67002
4.028,1.1864284154850582,1.1862152372868102,0.9106049694522618,2.85248046875,2.67142
4.033,1.1845911279659171,1.1860754659664376,0.9110881288087542,2.84927734375,2.6722799999999998
4.038,1.1841318060861319,1.1857358776035845,0.9114026382011877,2.84552734375,2.67229
4.043,1.1832131623265614,1.1853270649904792,0.911667008415117,2.84123046875,2.67168
4.048,1.182753840446777,1.1848627432755148,0.9118812394505431,2.8361328125,2.67035
4.054,1.1818351966872065,1.184353910274722,0.9120498894146021,2.831484375,2.66819
4.059,1.180916552927636,1.1837638829619777,0.912131935343063,2.8265039062499997,2.66555
4.064,1.1804572310478507,1.1831542499553191,0.9121684002001569,2.821640625,2.66203
4.07,1.1795385872882802,1.1825288956594222,0.9121638420930198,2.81658203125,2.65876
4.075,1.17770129976914,1.1817544292211761,0.9120635637360124,2.8115234375,2.6550599999999998
4.08,1.1772419778893548,1.180905895570807,0.9118994718790905,2.8065234375,2.65166
4.086,1.1767826560095695,1.1801344750299383,0.9117171475936212,2.80146484375,2.64807
4.091,1.175864012249999,1.1793793875742988,0.9114892422367857,2.7966601562499998,2.64438
4.097,1.1744860466106442,1.1785463934193452,0.9112203139157193,2.79208984375,2.64079
4.102,1.1749453684904285,1.177787433590304,0.9109285950589685,2.78728515625,2.63722
4.107,1.1731080809712884,1.1770423380510744,0.9106140856665359,2.7828125,2.63365
4.113,1.1731080809712884,1.1762628580355001,0.9102676695241447,2.7786132812499997,2.63021
4.118,1.1717301153319326,1.1755013078995034,0.9099030209532071,2.774375,2.62676
4.123,1.1703521496925777,1.1746176296065471,0.9094882332037653,2.77046875,2.62331
4.128,1.1703521496925777,1.1737725256180824,0.9090734454543243,2.76611328125,2.62012
4.133,1.168974184053222,1.1729583533477566,0.9085811698835586,2.7620898437499997,2.6164199999999997
4.139,1.1680555402936514,1.1720779806370971,0.9080752199913835,2.7580468750000002,2.61298
4.144,1.1675962184138662,1.1712355273079569,0.9075464795635231,2.7541796874999998,2.60941
4.149,1.1666775746542957,1.1704234805314846,0.9070314134570747,2.75046875,2.60611
4.154,1.165758930894726,1.1695903140832775,0.9064981149220781,2.74654296875,2.60266
4.159,1.1643809652553703,1.16869471044197,0.9058918866728947,2.7424804687499997,2.59908
4.165,1.1643809652553703,1.1678400438309573,0.9052446354594803,2.73875,2.59536
4.17,1.1630029996160145,1.1670182035456347,0.9046429653174339,2.7348046874999996,2.59177
4.176,1.1620843558564449,1.1661316820558414,0.9039592492469257,2.73099609375,2.58806
4.182,1.1611657120968744,1.1652387962978168,0.9032800912835555,2.72693359375,2.58434
4.188,1.160706390217089,1.1643863090857782,0.9025599103559534,2.7234374999999997,2.58046
4.193,1.1593284245777333,1.1635207145181055,0.9019035429282658,2.71966796875,2.577
4.198,1.1584097808181637,1.1625991076224478,0.9011742457863905,2.7160937499999998,2.57325
4.204,1.1584097808181637,1.161769091572041,0.9004768553944729,2.7124609375,2.56964
4.209,1.157031815178808,1.1609670179215983,0.8997794650025552,2.7088476562499997,2.56604
4.215,1.1561131714192374,1.1600963467753618,0.899054725967817,2.70529296875,2.56228
4.22,1.1547352057798816,1.1591706691051478,0.8982752896474384,2.70169921875,2.55852
4.225,1.1542758839000973,1.1582463850380122,0.8975459925055631,2.69826171875,2.55502
4.231,1.1533572401405268,1.1573687203494059,0.8968166953636878,2.69498046875,2.55153
4.236,1.1533572401405268,1.1565739403967286,0.8961329792931796,2.69181640625,2.54816
4.24,1.151979274501171,1.1558001216444012,0.895476611865492,2.68822265625,2.54495
4.246,1.1506013088618152,1.1549066054713513,0.8946698269022928,2.6844140624999997,2.54117
4.252,1.1501419869820309,1.1540081108611695,0.89379922843918,2.6810546874999996,2.53713
4.257,1.1492233432224603,1.1531511260584084,0.8930881637258521,2.6774609375,2.53375
4.263,1.148764021342675,1.1523274268762194,0.8922859368697891,2.6739453125,2.52997
4.268,1.1478453775831046,1.151530418555918,0.8915065005494105,2.670390625,2.52632
4.273,1.1464674119437488,1.1506638091644243,0.8907544128718525,2.666953125,2.5228
4.278,1.1460080900639644,1.1497868903932393,0.8899749765514731,2.66328125,2.51931
4.284,1.145089446304394,1.1489472066871347,0.8891499591597274,2.65966796875,2.51554
4.289,1.1437114806650381,1.1480463770284826,0.8883203836608446,2.6556640624999996,2.5117599999999998
4.296,1.1427928369054676,1.1470965160419955,0.8873814135906795,2.65189453125,2.50771
4.301,1.1427928369054676,1.1462438437807945,0.8865381637703873,2.6483203125,2.50393
4.307,1.1414148712661127,1.1454236027120246,0.8857587274500078,2.6446484375,2.50028
4.312,1.1409555493863275,1.1445838654767864,0.884965616808219,2.64099609375,2.49667
4.317,1.1395775837469717,1.143728494779482,0.8841633899521568,2.6375390625,2.49304
4.322,1.1386589399874012,1.1428150861360202,0.8833839536317782,2.6337890625,2.48968
4.328,1.1381996181076168,1.141946142163034,0.8825407038114852,2.6300976562500002,2.48605
4.333,1.136821652468261,1.1410673513524785,0.8817521512768325,2.62646484375,2.48255
4.338,1.1363623305884758,1.1401806646223915,0.8809499244207704,2.6230859375,2.47905
4.343,1.1354436868289053,1.1393331482474796,0.8802343016003045,2.6198046875,2.47595
4.347,1.1345250430693348,1.1384715396630913,0.8795232368869765,2.6162109375,2.47286
4.352,1.1340657211895504,1.1376441327922762,0.8787301262451876,2.6125,2.46949
4.357,1.1340657211895504,1.1369351551440805,0.8780008291033123,2.6083203125,2.46612
4.363,1.1322284336704094,1.1361846371134328,0.8771439049616099,2.60435546875,2.46234
4.368,1.1313097899108389,1.1353098051750028,0.8763416781055469,2.60078125,2.45896
4.373,1.1308504680310536,1.1344717948450853,0.8756214971779457,2.5970703124999996,2.45584
4.377,1.1294725023916987,1.1336178089076447,0.8748557351789765,2.5928125,2.45247
4.383,1.1290131805119135,1.1327510125515716,0.8739988110372741,2.5888671875,2.44895
4.387,1.128094536752343,1.1319194457433668,0.873242165252579,2.5850390625,2.44569
4.392,1.1276352148725577,1.1311161285811164,0.8725311005392502,2.5807421875,2.44257
4.397,1.1276352148725577,1.1304264678353302,0.8717516642188716,2.57650390625,2.43918
4.402,1.126257249233202,1.129736941404573,0.8709995765413128,2.5721875,2.43578
4.407,1.1253386054736323,1.1289565189075996,0.870252046970891,2.5673828125,2.43253
4.413,1.1239606398342765,1.12810320925071,0.8693495417578205,2.5628906249999996,2.42861
4.417,1.123041996074706,1.127191453301238,0.8685473149017575,2.558515625,2.42536
4.422,1.1221233523151364,1.126278332695056,0.8677359718314221,2.5543359375,2.42196
4.427,1.1216640304353511,1.1254096196915733,0.8669383030824971,2.5497460937499996,2.41857
4.433,1.1207453866757806,1.1245765159743242,0.8660631465122464,2.545390625,2.4149
4.438,1.1202860647959954,1.1237719664052168,0.8652426872276369,2.5412304687500002,2.41137
4.443,1.1184487772768543,1.1228993098850562,0.8644131117287541,2.5370507812499996,2.40799
4.448,1.11798945539707,1.1219720401958173,0.8635425132656414,2.5334570312499998,2.40447
4.453,1.1170708116374994,1.121091981415533,0.8627767512666722,2.5300000000000002,2.4012
4.457,1.1170708116374994,1.1202952817038356,0.8620474541247969,2.5265820312500002,2.39821
4.462,1.116152167877929,1.119565425432295,0.8612999245543751,2.52287109375,2.39495
4.467,1.1152335241183584,1.1187981653838468,0.8604794652697665,2.51947265625,2.39141
4.472,1.114314880358788,1.1180009122324797,0.8597319356993438,2.5161328124999995,2.38828
4.477,1.112936914719433,1.1171341065174067,0.8589251507361446,2.5125781249999997,2.38489
4.482,1.1124775928396478,1.1162570303195176,0.8580363198444845,2.50916015625,2.38122
4.487,1.1124775928396478,1.1155082241469858,0.857220418667012,2.50587890625,2.37781
4.493,1.1115589490800772,1.1148167724422589,0.8564227499180861,2.5025781250000003,2.37427
4.498,1.1092623396811518,1.1139438023489319,0.8555886163120663,2.49908203125,2.37071
4.503,1.1092623396811518,1.1130162812136353,0.8546268557062193,2.49578125,2.36675
4.509,1.107884374041796,1.1121360208053839,0.853728908600285,2.49236328125,2.36307
4.515,1.106047086522655,1.111111649988789,0.8527397993516175,2.4891796875,2.35899
4.52,1.106047086522655,1.1101082264886466,0.8517825968529067,2.4859375,2.3551699999999998
4.526,1.104209799003515,1.1091216000894975,0.8508345105684683,2.4830859375,2.35133
4.531,1.1037504771237296,1.1081029409579948,0.8498909823911678,2.48017578125,2.3475
4.537,1.1028318333641591,1.1071495993925444,0.8490112677137809,2.47734375,2.34394
4.542,1.1019131896045895,1.106203132376906,0.8481452273578043,2.4746289062499995,2.3405299999999998
4.547,1.100994545845019,1.1052621778815817,0.8472655126804183,2.47177734375,2.33698
4.552,1.1000759020854485,1.1043256437310138,0.8463037520745704,2.46890625,2.33315
4.558,1.099157258325878,1.1033926541384071,0.8454012468615009,2.4664453125,2.3296
4.562,1.099157258325878,1.1025535106033097,0.8446035781125749,2.4638671875,2.32616
4.568,1.097779292686523,1.1017441178634504,0.8437648863994189,2.46134765625,2.32274
4.573,1.0964013270471673,1.1008220758473577,0.8429079622577147,2.4590234375,2.31932
4.577,1.0954826832875968,1.0998552052304946,0.8421102935087896,2.4567968749999998,2.31617
4.582,1.0950233614078115,1.098943391510038,0.8413399734026834,2.45458984375,2.31316
4.586,1.0936453957684567,1.098030224578826,0.8405331884394851,2.45234375,2.30988
4.591,1.0931860738886714,1.0971159725435735,0.8397309615834221,2.45015625,2.30688
4.595,1.0922674301291009,1.096246352276938,0.8389424090487703,2.448046875,2.30371
4.6,1.0922674301291009,1.0954580229342268,0.8381857632640743,2.44583984375,2.3007
4.604,1.0913487863695304,1.0947348786409734,0.8374245593722431,2.443203125,2.29754
4.61,1.0899708207301746,1.0939274988660692,0.8364172176950273,2.44052734375,2.29345
4.616,1.089052176970605,1.093052572878471,0.8354600151963165,2.4383007812499997,2.2896199999999998
4.62,1.0885928550908197,1.0922144871330042,0.834685136983075,2.43587890625,2.28661
4.626,1.0862962456918934,1.091269436951924,0.8337689574485943,2.4335351562499996,2.28305
4.631,1.0858369238121082,1.090238614808993,0.8328436616998403,2.4310937499999996,2.27949
4.636,1.0844589581727533,1.0892300181602879,0.8319001335225398,2.428828125,2.27592
4.641,1.0844589581727533,1.0882847454345943,0.8310295350594261,2.4264453125,2.27264
4.646,1.0830809925333975,1.08739025049385,0.8301270298463557,2.42427734375,2.2690799999999998
4.65,1.0812437050142574,1.0863544653808026,0.8292837800260626,2.42216796875,2.26593
4.655,1.0807843831344721,1.085296387172212,0.8284314139914963,2.419921875,2.2629099999999998
4.66,1.0807843831344721,1.08440244025764,0.8275608155283827,2.4173632812499997,2.25961
4.665,1.0794064174951163,1.0835491021321328,0.826567148172578,2.4149414062499996,2.25578
4.67,1.0784877737355458,1.0826373233544266,0.8256509686380973,2.41275390625,2.25221
4.675,1.077109808096191,1.0816786825579363,0.8247986026035319,2.4103515625,2.24905
4.68,1.077109808096191,1.0807734681135381,0.8238550744262305,2.407734375,2.2454899999999998
4.686,1.07527252057705,1.0798655929678722,0.8228158259990588,2.4052148437499996,2.2414899999999998
4.691,1.0738945549376941,1.078819078621136,0.8218403910718015,2.4027148437499997,2.23791
4.696,1.0729759111781245,1.0777523969228213,0.8208558399302701,2.39990234375,2.23432
4.702,1.0725165892983393,1.0767605473266881,0.8197664523245933,2.3974414062499996,2.23016
4.707,1.0711386236589835,1.075783201736131,0.8188365984687032,2.39451171875,2.22669
4.713,1.070219979899413,1.074771984640441,0.8177153041130705,2.391953125,2.2224
4.719,1.068842014260058,1.0737336068774748,0.8167398691858123,2.38841796875,2.21879
4.725,1.067004726740917,1.0725824459213458,0.8154499248661216,2.38578125,2.21407
4.731,1.0665454048611318,1.0714318508649394,0.8144015602246766,2.38283203125,2.2103
4.736,1.065167439221777,1.0703272114735554,0.813362311797504,2.3802343749999997,2.20641
4.741,1.0637894735824212,1.0691684189488848,0.8123868768702467,2.37755859375,2.2029199999999998
4.746,1.063330151702636,1.0680572062237454,0.8114251162643988,2.37470703125,2.19944
4.752,1.0614928641834958,1.0669386446009268,0.8103448448729962,2.37203125,2.19567
4.757,1.0605742204239252,1.0657686882057917,0.8093785261600122,2.3690820312499996,2.19233
4.762,1.0596555766643547,1.0646485234671528,0.8082982547686095,2.36638671875,2.18841
4.767,1.0587369329047842,1.0635682853455897,0.8073775171269926,2.3638281249999995,2.18518
4.771,1.0578182891452137,1.0625200633259864,0.8064932443424695,2.36072265625,2.18196
4.777,1.0564403235058588,1.0614520122898055,0.8053673918796989,2.3572851562499997,2.17803
4.783,1.0559810016260736,1.0604135627727773,0.8042141907741094,2.353984375,2.17395
4.788,1.0541437141069325,1.0593533480488553,0.8031795004540747,2.3504882812499996,2.17016
4.794,1.053225070347363,1.058230178494202,0.8020217412413482,2.34708984375,2.16607
4.799,1.0527657484675776,1.057193032774819,0.8009597022784929,2.343828125,2.16225
4.805,1.0504691390686514,1.0560883616469174,0.7999569187084141,2.3401562499999997,2.15857
4.81,1.0495504953090808,1.054884041788621,0.7988128338170979,2.3358398437499996,2.15475
4.817,1.048172529669726,1.0536908200095791,0.7975046570688589,2.33236328125,2.15021
4.822,1.0472538859101554,1.0525064974877998,0.796465408641688,2.32818359375,2.14655
4.828,1.0454165983910144,1.0512838091609287,0.7952301616076367,2.32390625,2.1423
4.833,1.0444979546314448,1.0500303563060924,0.7940085888949966,2.319921875,2.13822
4.839,1.043119988992089,1.0487977360720344,0.7929009688607742,2.3161718749999998,2.13444
4.844,1.0412827014729489,1.0474908171976332,0.7918480461121913,2.312265625,2.13109
4.849,1.0408233795931636,1.046215323971593,0.790786007149336,2.30830078125,2.12761
4.854,1.0394454139538079,1.0450105320296939,0.789733084400754,2.30365234375,2.1241499999999998
4.859,1.0389860920740226,1.043862433584202,0.7885434184380706,2.29888671875,2.12028
4.865,1.0376081264346668,1.0427597961593116,0.7873491943682502,2.29423828125,2.1163
4.87,1.0357708389155267,1.0415571070738607,0.7862598067625752,2.2898437499999997,2.11289
4.876,1.0348521951559562,1.0403196910836356,0.7850473502642066,2.2847265625,2.10909
4.88,1.0339335513963857,1.039145432273604,0.784058241015539,2.27953125,2.10584
4.886,1.0334742295166004,1.0380673194267995,0.782923272338496,2.27421875,2.10219
4.891,1.0307182982378897,1.0368842959541662,0.781788303661453,2.2687890625,2.09868
4.896,1.0288810107187496,1.0354806417607727,0.7806168701273162,2.26306640625,2.09518
4.902,1.0284216888389643,1.0341275790319095,0.7793816230932666,2.25673828125,2.09154
4.907,1.0265844013198233,1.032815084265106,0.7781554922734886,2.251171875,2.08792
4.912,1.0265844013198233,1.0315806217628511,0.7771116857391798,2.2451171875,2.08485
4.917,1.024287791920898,1.0303632293920342,0.7759584846335903,2.2390429687499998,2.08137
4.922,1.0238284700411127,1.0291140232247817,0.7747870510994534,2.2327734374999997,2.07788
4.927,1.0215318606421864,1.027839306412626,0.773588268922496,2.22611328125,2.07439
4.933,1.021072538762402,1.0265441332866603,0.7722709759599846,2.2200195312499997,2.07049
4.938,1.0201538950028315,1.0253690624366272,0.7710904262115745,2.21375,2.06701
4.944,1.0178572856039052,1.0241082908965509,0.7697549008205158,2.2077343750000002,2.06301
4.949,1.0164793199645503,1.0227332963468372,0.7685242118936015,2.2020117187499997,2.05956
4.955,1.0151013543251945,1.021357713145962,0.7672616162167314,2.1963671875,2.05597
4.96,1.014182710565624,1.0200271598061832,0.7659990205398595,2.1907812499999997,2.05239
4.965,1.012345423046484,1.0186872128402984,0.7646999600058946,2.1854296874999997,2.04882
4.971,1.0105081355273429,1.017248729603312,0.7633781089362461,2.18041015625,2.04513
4.976,1.0095894917677724,1.0158222364973684,0.7620881646165554,2.175703125,2.04169
4.981,1.0077522042486322,1.0144053579615064,0.7608665919039144,2.170859375,2.0383999999999998
4.987,1.0068335604890617,1.0129961890959989,0.7595219502985815,2.166015625,2.0348699999999997
4.992,1.0049962729699207,1.0115932024119587,0.7582046573360701,2.1613867187499998,2.03131
4.997,1.0045369510901363,1.010240674941254,0.7568828062664226,2.1568359375,2.02775
5.003,1.00224034169121,1.008883107498912,0.7555883038395939,2.15275390625,2.0242
5.008,1.0004030541720699,1.0073849929812961,0.7543257081627228,2.14810546875,2.0209
5.014,0.9990250885327141,1.0058651812380606,0.7528260909147431,2.143671875,2.01708
5.019,0.9981064447731436,1.0044189748313328,0.7514632168808637,2.1396875,2.01353
5.024,0.9967284791337887,1.0030317906040684,0.7502142955254021,2.13560546875,2.01026
5.029,0.9948911916146477,1.0016009309370775,0.7488012823130203,2.1311718749999997,2.00655
5.035,0.9939725478550772,1.000180550970993,0.7473791528863636,2.1273046874999997,2.00285
5.04,0.9912166165763665,0.9986775706309727,0.7460527437095781,2.12310546875,1.9995399999999999
5.046,0.9898386509370107,0.9970628533430925,0.744539452140188,2.1188671875000002,1.99568
5.052,0.9880013634178706,0.9954495409114693,0.7429714632851567,2.11525390625,1.99184
5.057,0.9866233977785148,0.9938373549970535,0.7416222635726877,2.11171875,1.98852
5.062,0.985245432139159,0.9922715742920454,0.740291296288766,2.10837890625,1.98519
5.066,0.9829488227402337,0.9906520009315456,0.7389694452191176,2.10509765625,1.98198
5.071,0.9820301789806631,0.9890347945432715,0.7376795008994259,2.10166015625,1.97891
5.076,0.9811115352210926,0.9875559918224901,0.7363166268655466,2.0984179687499998,1.97555
5.081,0.9797335695817377,0.9861426694700679,0.7350130082244455,2.09517578125,1.97234
5.086,0.9774369601828115,0.984645348444439,0.7336865990476609,2.09216796875,1.9692699999999999
5.09,0.9760589945434566,0.9830806710965659,0.7323282831209177,2.0889453125,1.96606
5.095,0.9746810289041008,0.9815529862589716,0.7310155482655434,2.0857421874999997,1.96299
5.1,0.9723844195051754,0.9799639609705274,0.729611651267434,2.0823046874999998,1.95965
5.105,0.9705471319860344,0.9782802465062365,0.7279935232338985,2.0784765624999997,1.95603
5.111,0.9687098444668933,0.9765661051723337,0.7263024654861763,2.0749218750000002,1.9522599999999999
5.116,0.9659539131881827,0.9747365615636968,0.7246205239527264,2.07158203125,1.9485
5.121,0.9645759475488269,0.972859981797348,0.7230570932048321,2.0683007812499996,1.94513
5.126,0.9622793381499015,0.9709911868607256,0.7214754300283905,2.0646875,1.94178
5.132,0.9604420506307614,0.9690831324889412,0.7197023263522073,2.0613867187499997,1.93815
5.137,0.9590640849914056,0.9672346007806879,0.7180978726400822,2.0577734375,1.93478
5.142,0.9558488318329097,0.9652972930727426,0.7162883041068051,2.0541406249999996,1.931
5.148,0.9544708661935539,0.963288798230352,0.7143966896450662,2.050390625,1.92707
5.154,0.9517149349148433,0.9612687221859486,0.7125096332904652,2.04671875,1.92326
5.159,0.9498776473957022,0.9591938575959269,0.7105587634359489,2.0426953125,1.91935
5.165,0.9466623942372063,0.957029557630187,0.7085258476529726,2.03923828125,1.91543
5.171,0.9452844285978506,0.9548390436786937,0.706652465619781,2.03572265625,1.91178
5.176,0.9429878191989252,0.9527185131927969,0.7048839200507349,2.0323046875,1.9082599999999998
5.181,0.9411505316797841,0.950608598718586,0.703078909624594,2.02869140625,1.9048699999999998
5.186,0.9388539222808587,0.948507196944359,0.7011553884128983,2.02505859375,1.90107
5.192,0.9360979910021481,0.9463216175099974,0.6991954023441096,2.02173828125,1.89743
5.197,0.9333420597234365,0.9440230363435425,0.6973949500251058,2.0183984375,1.89419
5.202,0.9315047722042964,0.9417248458362014,0.6954531963848636,2.01482421875,1.89069
5.207,0.9296674846851554,0.9395179723580058,0.6935160008517576,2.01138671875,1.8873199999999999
5.212,0.9269115534064447,0.9372933198289068,0.6916152701757463,2.00796875,1.88394
5.217,0.9250742658873037,0.9350544107474588,0.6897555624639651,2.00447265625,1.88068
5.222,0.922318334608593,0.9328040697124158,0.6878092507165858,2.0009765625,1.8773
5.227,0.9200217252096676,0.9304990598101274,0.6858127997907033,1.99693359375,1.8738
5.232,0.9168064720511708,0.9281047104990539,0.6834927232581132,1.9932421875,1.87004
5.238,0.9145098626522454,0.9256387222706322,0.6813549710109923,1.9894531249999998,1.86655
5.243,0.9117539313735348,0.9231607905673949,0.6792081025495982,1.985625,1.8630499999999999
5.248,0.9094573219746085,0.9206732817064753,0.6770293273382464,1.9816992187499998,1.85955
5.253,0.9062420688161126,0.9181325912902691,0.6747867386269801,1.977734375,1.85605
5.259,0.9039454594171863,0.9155492559864882,0.6724894526300744,1.9732031249999997,1.85241
5.265,0.9007302062586904,0.9129317248712749,0.669909563990692,1.96880859375,1.8484
5.27,0.8979742749799797,0.9102412711511622,0.6674345118154532,1.96439453125,1.84466
5.276,0.8956776655810543,0.907583346485967,0.6649275528902585,1.9595703125,1.84091
5.282,0.8920030905427723,0.904860502242703,0.6623476642508752,1.95525390625,1.83705
5.287,0.8892471592640616,0.9020400988158039,0.6599273093612776,1.95037109375,1.83344
5.293,0.8851132623459952,0.8990959633657892,0.6572425842577498,1.9457421875,1.8296999999999999
5.298,0.881438687307714,0.8959616066975205,0.6546262307612736,1.9411328124999998,1.82598
5.303,0.8791420779087886,0.8928567241874448,0.6520463421218912,1.9364257812499999,1.82254
5.309,0.8759268247502918,0.8898209781129762,0.6494299886254149,1.93109375,1.81896
5.315,0.8727115715917959,0.8867496669542196,0.6465674973435549,1.92630859375,1.8151
5.32,0.8699556403130853,0.8836953389766458,0.6438873303471642,1.9212695312499999,1.8115299999999999
5.325,0.8658217433950188,0.8805636255945697,0.6412026052436364,1.9163671875,1.80795
5.331,0.8635251339960925,0.8774153607810785,0.6382535099261801,1.9110156249999999,1.80399
5.337,0.8603098808375966,0.8743448275808496,0.6353226470372695,1.90650390625,1.80033
5.342,0.8580132714386712,0.871336625312665,0.6327154097550665,1.9022265624999999,1.79706
5.347,0.8534200526408195,0.8682418989212963,0.6300944981514531,1.8976367187499998,1.79366
5.353,0.8492861557227531,0.8648957835761096,0.6270587987983989,1.89328125,1.78987
5.358,0.8460709025642572,0.8614845917091054,0.6240914710523953,1.8889453125,1.78632
5.364,0.8419370056461908,0.8580212166943594,0.6210329811636566,1.8846484374999999,1.78264
5.369,0.8391810743674801,0.8545614992736845,0.6179243520964137,1.880703125,1.77893
5.375,0.8350471774494137,0.8511047147812989,0.6149068851719068,1.8766210937499999,1.77539
5.38,0.8322912461707022,0.8476502821268104,0.6117709074618443,1.87265625,1.77171
5.386,0.8276980273728505,0.8441522334641994,0.6085255351805001,1.8690820312499998,1.76803
5.391,0.8249420960941398,0.8406192102741832,0.6055718817559059,1.86576171875,1.76461
5.396,0.8203488772962881,0.8370581419324008,0.6025772053670817,1.8624609374999999,1.76131
5.401,0.8180522678973627,0.8335200868075011,0.5997101559780864,1.85935546875,1.75801
5.406,0.8134590490995111,0.8300004853747021,0.5968385484819532,1.856484375,1.75497
5.41,0.8102437959410151,0.8264046777013502,0.5940763355571015,1.8536328125,1.75196
5.415,0.8070285427825183,0.8228842679069753,0.5912457510252,1.8508203125,1.74895
5.419,0.8028946458644519,0.8193333139147292,0.58834223677911,1.8481640625,1.74594
5.424,0.799679392705956,0.8157578673352082,0.5855116522472077,1.8451367187499998,1.74307
5.429,0.7955454957878896,0.812162780795458,0.582115862430352,1.84201171875,1.73952
5.434,0.7923302426293937,0.8085519454892148,0.5787428631491798,1.83919921875,1.73609
5.439,0.7881963457113272,0.8049284816621826,0.5755020489749727,1.8363281249999999,1.73279
5.445,0.7840624487932608,0.8012038875872585,0.5720834686224334,1.8333203125,1.72938
5.45,0.7803878737549796,0.7974437017168052,0.5683914018416916,1.8306640625,1.7257
5.455,0.7767132987166985,0.7937004776084946,0.5652918889887228,1.8278124999999998,1.72269
5.46,0.7730387236784173,0.7899708546902156,0.5617320073149461,1.8250781249999999,1.7192699999999999
5.465,0.7689048267603509,0.7862066363228121,0.5582222648196717,1.8222265625,1.71585
5.471,0.7643116079624992,0.7823236730066272,0.5545484304674773,1.8195117187499998,1.7122899999999999
5.476,0.760637032924218,0.7783909931305084,0.5509794325794264,1.816640625,1.70885
5.481,0.7560438141263663,0.7744184468552676,0.5471506225845824,1.8140625,1.70516
5.486,0.7523692390880852,0.7704139327652572,0.5436636706249924,1.8112499999999998,1.70201
5.492,0.7473166984104482,0.7663382826421516,0.5397117917374574,1.80865234375,1.6983199999999998
5.497,0.7436421233721671,0.7622055904089104,0.5360516317066724,1.80611328125,1.69489
5.502,0.7399675483338859,0.7581636632657536,0.5324871919257586,1.803671875,1.69158
5.507,0.7358336514158195,0.7541490163712559,0.5289865656447583,1.80080078125,1.68839
5.513,0.7312404326179678,0.7500652410192838,0.5246518057577383,1.7982421874999999,1.6844199999999998
5.517,0.7266472138201161,0.7458805314942074,0.5211557375838751,1.7959375,1.68123
5.522,0.7225133169020497,0.7416603874008062,0.5177098085885161,1.7932226562499998,1.6781899999999998
5.528,0.7179200981041989,0.7374118292609501,0.5135254662370086,1.7907421875,1.67447
5.533,0.7142455230659168,0.7331859885310481,0.5096920981350284,1.788046875,1.6711399999999998
5.538,0.709652304268066,0.7289783642934669,0.5056581733190315,1.7853515624999998,1.66753
5.544,0.7041404417106438,0.7246033398411826,0.5013325296462856,1.7824999999999998,1.6638
5.549,0.6995472229127921,0.7200940815685913,0.4970251184020862,1.78001953125,1.66004
5.554,0.6954133259947257,0.7156136903881,0.4932601219071566,1.777421875,1.6568299999999998
5.559,0.690820107196874,0.7111564469679659,0.4890757795556482,1.77484375,1.65323
5.565,0.6866862102788076,0.7067177651267988,0.4850145060968316,1.7723632812499999,1.64974
5.57,0.6825523133607412,0.7023394692115607,0.4809851393879727,1.76970703125,1.6462599999999998
5.575,0.6779590945628895,0.6979640932938936,0.4768281456792858,1.7672265624999999,1.64277
5.58,0.6733658757650387,0.6935455569603732,0.4728261276132466,1.7646875,1.6394199999999999
5.585,0.6696913007267566,0.6891834151967782,0.46871927308306294,1.761796875,1.63593
5.591,0.6650980819289058,0.6848664947525173,0.4641155848749774,1.7592187499999998,1.6320299999999999
5.596,0.6605048631310542,0.6804948323225162,0.4601591478803053,1.7563671874999998,1.6286800000000001
5.601,0.6572896099725583,0.6762157793917322,0.4557469001719614,1.7536718749999998,1.62494
5.607,0.6522370692949213,0.6719654856926808,0.4516628361774613,1.7512304687499998,1.62146
5.612,0.6485624942566401,0.6676927513786521,0.44782035186120783,1.74828125,1.6182400000000001
5.617,0.6439692754587885,0.6634475244118488,0.44344912711709394,1.74546875,1.61448
5.622,0.639835378540722,0.6591788529768752,0.4393058077298173,1.74279296875,1.61098
5.627,0.6357014816226556,0.6549368839257079,0.4354450909850156,1.74029296875,1.6077599999999999
5.632,0.6324862284641597,0.6508073305822668,0.4316573039544025,1.73759765625,1.60452
5.636,0.6283523315460933,0.6467679204321148,0.4279743533879339,1.7346093749999998,1.6014300000000001
5.642,0.6251370783875965,0.6428007937329209,0.4236304772866406,1.7315234375,1.59768
5.647,0.6200845377099604,0.6388006254581085,0.41929571739962057,1.72845703125,1.59405
5.653,0.615950640791894,0.6346829582447264,0.4152344439408049,1.7257226562499999,1.5905399999999998
5.657,0.6127353876333981,0.6306530792690076,0.4115651676957466,1.72298828125,1.58745
5.662,0.6086014907153316,0.6266935953673958,0.4079870535934216,1.7202148437499998,1.58436
5.666,0.6053862375568348,0.6227905594204352,0.40433600977690975,1.7169726562499998,1.58127
5.672,0.6021709843983389,0.6190237913705111,0.4000331566398483,1.7134765625,1.5775299999999999
5.677,0.5980370874802725,0.6152752891859572,0.39581690753838306,1.70998046875,1.5739299999999998
5.683,0.5934438686824208,0.6114049282625965,0.3915414030441404,1.70650390625,1.5701999999999998
5.688,0.5893099717643544,0.6074368520281961,0.38738896744258966,1.7033593749999998,1.56662
5.693,0.5856353967260732,0.6034814242310758,0.3837288074118055,1.6996679687499998,1.56355
5.699,0.5819608216877921,0.5995816407674075,0.379503442096067,1.69611328125,1.55986
5.704,0.5778269247697256,0.595680975143269,0.3756017023870353,1.69240234375,1.55656
5.709,0.5741523497314445,0.5917796021378987,0.371390011392708,1.6883007812499997,1.55287
5.715,0.5704777746931633,0.5879231637871108,0.3672603663268399,1.68439453125,1.5493000000000001
5.72,0.5663438777750969,0.5840572554666226,0.36327202258221103,1.6805078125,1.54572
5.725,0.563128624616601,0.5802292553119633,0.35946144501591437,1.67671875,1.5424099999999998
5.73,0.5603726933378894,0.5765681583712527,0.35594258630636677,1.6729296875,1.53924
5.734,0.5571574401793935,0.5730408967190426,0.35248298298959746,1.6686718749999998,1.5361799999999999
5.74,0.5534828651411123,0.5695299502875294,0.34867696353043787,1.6630468749999998,1.53273
5.747,0.5502676119826164,0.5660320866015025,0.34328016468056344,1.6579101562499998,1.5276999999999998
5.752,0.5470523588241205,0.5625902155092319,0.3400940477919967,1.65341796875,1.5247899999999999
5.756,0.5438371056656246,0.5591932434021993,0.33664356068949974,1.6488671874999998,1.5214699999999999
5.761,0.5406218525071278,0.5558322746081081,0.33325688708691903,1.644140625,1.5183
5.766,0.5374065993486319,0.5525001759217906,0.3299932823770284,1.63927734375,1.5152700000000001
5.771,0.5346506680699212,0.5492367292989689,0.32673879388141014,1.633828125,1.5121
5.776,0.5314354149114253,0.5460283329565269,0.3231515635648128,1.6275390625,1.50867
5.782,0.5282201617529285,0.5428185780981117,0.31929540492714903,1.6213671874999998,1.505
5.787,0.5254642304742179,0.5396532357664908,0.3156306867892269,1.61453125,1.50148
5.792,0.5217896554359367,0.5364780047846569,0.3119750848655789,1.6076171874999998,1.49783
5.798,0.5185744022774408,0.5332493424698855,0.30813715865646163,1.6008984375,1.49404
5.803,0.5158184709987301,0.530068838747322,0.304786949910973,1.59419921875,1.49077
5.809,0.5135218615998038,0.5270179559005195,0.301341020915614,1.58751953125,1.48725
5.814,0.5107659303210932,0.5240710126178076,0.2978358365274767,1.581015625,1.48361
5.82,0.507091355282812,0.521070910077347,0.29450386021053543,1.5750390625,1.4800900000000001
5.825,0.5043354240041005,0.5180281805291193,0.29130862710769545,1.569375,1.47687
5.83,0.5015794927253898,0.5150422732767039,0.28825013721895676,1.5640625,1.47375
5.834,0.4992828833264644,0.5121474322106876,0.28526913515154373,1.55796875,1.4706299999999999
5.84,0.4960676301679676,0.5092801128345295,0.2818551129061406,1.5525195312499998,1.467
5.845,0.4937710207690422,0.5064348623761292,0.27879206491026576,1.5470898437499998,1.46362
5.85,0.4914744113701168,0.503698312171147,0.27566064530734025,1.54236328125,1.46023
5.855,0.48917780197119054,0.5010489258345653,0.2729713620966763,1.5369335937499997,1.45726
5.861,0.48596254881269463,0.4983784301369363,0.26962115335118764,1.5319921874999998,1.45353
5.866,0.483206617533984,0.49564550551407555,0.2667039647836873,1.5271484375,1.45028
5.871,0.48136933001484294,0.49299902643624427,0.26366370732349687,1.52205078125,1.44679
5.877,0.4786133987361323,0.4904218657626838,0.26050949718488603,1.5170703125,1.44318
5.882,0.47585746745742075,0.4878092859207109,0.2574236586533294,1.5127734375,1.43954
5.887,0.47447950181806586,0.48530481003591364,0.25480730515685224,1.5079687499999999,1.4364
5.893,0.4717235705393543,0.482887019865276,0.2517579314823877,1.50376953125,1.4327999999999999
5.898,0.4694269611404289,0.4804477369143069,0.24905953205744957,1.4992187499999998,1.42958
5.903,0.46667102986171827,0.4779912194692364,0.2461149948471295,1.4947851562499999,1.4259499999999998
5.909,0.46483374234257724,0.4755663840225131,0.24321603870817565,1.49080078125,1.42231
5.914,0.4620778110638666,0.4731669535352795,0.24070907978298095,1.4870703124999998,1.41907
5.919,0.46024052354472555,0.4707878946155084,0.238183888429238,1.48345703125,1.41593
5.923,0.4584032360255854,0.4685161748886871,0.2358546956823746,1.47951171875,1.41289
5.929,0.45610662662665913,0.466285025746799,0.23320187732880449,1.4761328125,1.40933
5.933,0.454269339107519,0.4640864090877236,0.23095473051040205,1.4723046874999999,1.40632
5.938,0.4519727297085927,0.46191387936921613,0.2283520513353361,1.46828125,1.4028999999999998
5.944,0.44921679842988205,0.459671264310926,0.22567644244608243,1.4649804687499999,1.3991799999999999
5.948,0.4478388327905263,0.4574634534356742,0.2234703185919109,1.4617187499999997,1.3961299999999999
5.953,0.4450829015118156,0.45528355111753016,0.22123228798778172,1.45810546875,1.39309
5.958,0.44370493587245985,0.4531260279357957,0.21872532906258613,1.45447265625,1.3896199999999999
5.964,0.4418676483533197,0.45107745376363984,0.21623204445880084,1.45109375,1.3860199999999998
5.969,0.4395710389543934,0.4490252391609959,0.2139393165690313,1.4476757812499998,1.3827099999999999
5.974,0.43819307331503854,0.4470156072780368,0.21159189139362056,1.4439453125,1.37927
5.979,0.435437142036327,0.44499461947076846,0.20909860678983705,1.4406249999999998,1.37557
5.984,0.4331405326374016,0.44287352187718604,0.20687880861425345,1.43685546875,1.37239
5.99,0.43038460135869094,0.44067214888437034,0.20417585108217917,1.4332812499999998,1.36844
5.996,0.42946595759912043,0.43854291081942925,0.20175549619258248,1.4296289062499998,1.3647
6.001,0.4276286700799794,0.4365625196219195,0.19938528048148818,1.426015625,1.3610799999999998
6.007,0.425332060681054,0.43456497914966935,0.1969968323418474,1.4223046874999998,1.35737
6.013,0.4230354512821277,0.43250818524102824,0.19432122345259373,1.4184765625,1.35312
6.019,0.4211981637629876,0.4304493794483294,0.19209230906273866,1.4149804687499998,1.34951
6.024,0.41936087624384655,0.42843446226377724,0.18984516224433623,1.4111328125,1.34593
6.03,0.41706426684492115,0.4264092363124566,0.18737466817623538,1.4075,1.3419400000000001
6.036,0.4143083355662105,0.4242847402628558,0.18497710382232047,1.403828125,1.3378999999999999
6.041,0.41338969180664,0.42221714779257274,0.18277553807528601,1.4002734374999999,1.33427
6.047,0.41155240428749895,0.42028618857273825,0.18058308854252392,1.3968749999999999,1.33054
6.052,0.4097151167683588,0.41837378818554616,0.17853194033100017,1.39341796875,1.32706
6.057,0.40833715112900304,0.41652177152207753,0.17650358265515997,1.3898046874999999,1.32343
6.063,0.4064998636098629,0.4147181749752386,0.17438406283658647,1.3860351562499997,1.31967
6.069,0.40374393233115136,0.4128168995889569,0.1719637079469889,1.38240234375,1.31537
6.074,0.4023659666917965,0.4108828000006189,0.17011767455661797,1.3791015624999998,1.31211
6.079,0.40144732293222596,0.4091043870895358,0.16825796684483585,1.3756640624999998,1.3087499999999999
6.085,0.3986913916535153,0.40731430956694537,0.16628430645463776,1.3719726562499999,1.3051599999999999
6.09,0.39731342601415953,0.4054693766148612,0.16428785552875436,1.368515625,1.30154
6.096,0.39593546037480376,0.4037169621944379,0.16238256674560603,1.3646484374999999,1.29792
6.101,0.3940981728556636,0.4019932340612616,0.16036788339117702,1.3610937499999998,1.29416
6.106,0.3931795290960931,0.4003380105907453,0.1585400824293517,1.357890625,1.2905099999999998
6.111,0.3913422415769521,0.398737719203763,0.1569720935743213,1.3541406249999999,1.28755
6.117,0.38950495405781194,0.39709047263692354,0.15498475886271113,1.3500390625,1.28365
6.123,0.38812698841845616,0.39545107583381806,0.1530019822582389,1.34576171875,1.27976
6.129,0.3867490227791004,0.3938634754343177,0.15096906647526165,1.341796875,1.27557
6.134,0.3853710571397455,0.39231740920576474,0.14925521819185583,1.3380468749999999,1.27206
6.139,0.384452413380175,0.3908501500192028,0.14760974151550066,1.3341210937499999,1.26856
6.144,0.38261512586103397,0.38940058223769025,0.14592324187491368,1.3299999999999998,1.2649
6.15,0.3807778383418938,0.3878741969577286,0.14419116116296138,1.32619140625,1.2612700000000001
6.155,0.37939987270253805,0.386331715635249,0.14258670745083624,1.3221679687499999,1.25778
6.16,0.3766439414238274,0.3846853235505903,0.1408455105246098,1.3181640625,1.25417
6.165,0.3757252976642569,0.3830011100492765,0.13923194059821054,1.3141601562499998,1.2508
6.17,0.37526597578447163,0.3815140779754823,0.13765027742177072,1.3102539062499998,1.24743
6.175,0.374347332024902,0.38018516049166345,0.13624182231652426,1.30615234375,1.2442
6.18,0.372510044505761,0.3788465252755596,0.1347467631756798,1.30220703125,1.2408199999999998
6.185,0.37159140074619046,0.3775000976660491,0.1333155175347498,1.29779296875,1.2375699999999998
6.19,0.3702134351068356,0.3761929234265847,0.13177943542967618,1.29376953125,1.23393
6.195,0.36837614758769455,0.3748262216601326,0.13045758436002686,1.2898242187499998,1.23097
6.199,0.3679168257079093,0.37350279010854576,0.12913117518324224,1.2858984374999998,1.22786
6.204,0.3665388600685535,0.37225955768681407,0.12783211464927824,1.281796875,1.22489
6.209,0.36516089442919863,0.37098963106375243,0.126391752794075,1.2775585937499998,1.2215
6.213,0.36286428503027235,0.3696072952942768,0.12501064633164916,1.2731445312499998,1.21826
6.219,0.3624049631504871,0.36822582536275356,0.12347456422657377,1.2687304687499998,1.2147299999999999
6.224,0.36148631939091747,0.366981555378712,0.12198862130000432,1.26412109375,1.2112
6.229,0.35964903187177644,0.3657107967617793,0.12041151623070068,1.2601367187499999,1.20732
6.234,0.3591897099919912,0.3644642994931928,0.11903952598254719,1.25630859375,1.20396
6.24,0.35827106623242155,0.363328260530331,0.11765386141298428,1.2518359374999999,1.20058
6.245,0.35597445683349527,0.36209878763188474,0.1160995468793633,1.2477734374999998,1.19669
6.251,0.3541371693143551,0.3607033887530639,0.11459537152424648,1.24408203125,1.19307
6.256,0.35367784743456987,0.3593569457433864,0.11315956777618119,1.2401953125,1.18944
6.262,0.3522998817952141,0.358095261039883,0.11167818295674703,1.23677734375,1.18567
6.267,0.3509219161558583,0.3568105380183818,0.11036544810137183,1.23341796875,1.1823299999999999
6.272,0.3500032723962887,0.35555284306180635,0.10905271324599664,1.2301562499999998,1.179
6.277,0.3490846286367182,0.3543623230831143,0.10776732703344205,1.2272460937499998,1.17564
6.281,0.3477066629973624,0.35318016706382893,0.10658221917789579,1.22419921875,1.17256
6.286,0.34632869735800664,0.3519592159982091,0.10534697214384359,1.2208398437499999,1.16936
6.292,0.345410053598437,0.35075265809233336,0.10385191300300001,1.21736328125,1.16546
6.298,0.34403208795908125,0.349557641681922,0.1024480160048915,1.2145703124999998,1.16168
6.302,0.3426541223197255,0.34832637820759615,0.10125379193507023,1.2118359375,1.1584699999999999
6.307,0.34173547856015585,0.3471115510529645,0.10006868407952396,1.20861328125,1.15526
6.313,0.34081683480058533,0.3459554056348623,0.09865111276000427,1.2058007812499998,1.15149
6.318,0.33943886916122956,0.3448008136697661,0.09744321436877268,1.20291015625,1.1481299999999999
6.323,0.3380609035218747,0.34360196549274497,0.09613047951339926,1.19974609375,1.1445
6.329,0.3376015816420894,0.3424586331956598,0.09472658251528898,1.19689453125,1.1405699999999999
6.334,0.33530497224316314,0.3412688138496659,0.0934411963027344,1.1942382812499999,1.13689
6.339,0.3348456503633779,0.3400417177643269,0.09216492630445394,1.1913281249999998,1.13337
6.345,0.33392700660380825,0.33892123609898944,0.09090233062758202,1.18845703125,1.12973
6.351,0.3325490409644525,0.3377952419573107,0.08959415387934477,1.1857226562499998,1.12581
6.356,0.33163039720488197,0.33666482750613597,0.08836346495243053,1.1829882812499999,1.1222699999999999
6.362,0.32933378780595657,0.3354398647553766,0.08702793956137178,1.1803320312499999,1.11834
6.367,0.3288744659261713,0.33418458809996715,0.08578357631304723,1.1776953125,1.11479
6.372,0.32749650028681554,0.3329960072932452,0.0845665617075424,1.1751953124999999,1.11109
6.377,0.3270371784070303,0.3318609081298044,0.08339057006627026,1.172890625,1.1077
6.382,0.32519989088789014,0.33072319260164335,0.08231485678200379,1.17041015625,1.1044399999999999
6.387,0.3242812471283196,0.3295378771946189,0.08107049353368012,1.1677734375,1.10075
6.393,0.3233626033687491,0.3284053964691354,0.07984892082103912,1.1654687499999998,1.09706
6.398,0.32198463772939334,0.3272697805973628,0.07873674267968056,1.1629687499999999,1.09365
6.403,0.32198463772939334,0.32622265450430626,0.07754707671699634,1.1605273437499999,1.08993
6.408,0.3201473502102532,0.32520098414768894,0.0764212242542266,1.1581445312499998,1.08648
6.413,0.3192287064506827,0.32410872230533355,0.07529081368432067,1.155859375,1.0829199999999999
6.418,0.31831006269111217,0.32305085878091433,0.0742105422929189,1.1536914062499999,1.0795
6.423,0.3169320970517573,0.3219750764761252,0.07320775872284013,1.15095703125,1.07634
6.429,0.3160134532921868,0.32088492557361026,0.07186767522464521,1.148359375,1.07205
6.434,0.314635487652831,0.31978325287126574,0.07067345115482393,1.1461328124999999,1.06834
6.439,0.31417616577304575,0.31871784302624623,0.06965243515619957,1.1440039062499998,1.06502
6.444,0.3132575220134761,0.3177270132957504,0.06868155833607847,1.1414843749999999,1.06183
6.449,0.31187955637412035,0.31670498362362054,0.06749645048053221,1.13927734375,1.05796
6.454,0.31096091261454983,0.3156579355405744,0.0664845506961802,1.13681640625,1.05466
6.46,0.3100422688549793,0.31463632773812833,0.06535414012627427,1.13439453125,1.05092
6.465,0.30866430321562444,0.3135896179412632,0.06426931062773455,1.13216796875,1.0473
6.47,0.3077456594560539,0.3125227795166412,0.06325285273624637,1.12984375,1.04396
6.475,0.30728633757626866,0.31153080424581253,0.06219992998766344,1.1277148437499998,1.04048
6.479,0.30636769381669815,0.3105988597649786,0.06125184370322678,1.1255078125,1.03727
6.484,0.3054490500571285,0.30966955050757,0.06026273445455832,1.1231640625,1.03377
6.489,0.3036117625379875,0.3086513505964763,0.05921436981311334,1.1208007812499998,1.0303
6.494,0.302693118778417,0.30756187161292203,0.058188795707351915,1.11810546875,1.02682
6.5,0.3022337968986317,0.30655174147458164,0.0569991297446677,1.11576171875,1.02289
6.505,0.3013151531390621,0.30560523908396503,0.056028252924547495,1.11330078125,1.01951
6.51,0.2999371874997063,0.3046187543374291,0.05500723692592224,1.1109960937499999,1.01587
6.514,0.2990185437401358,0.3036002087934236,0.054050034427212346,1.10875,1.01264
6.519,0.2980998999805653,0.30260145642584463,0.05311562246418333,1.10623046875,1.00941
6.524,0.2967219343412104,0.3015730737998403,0.052067257822738355,1.10353515625,1.00577
6.53,0.2967219343412104,0.3006119352204136,0.05096875400278922,1.1009765624999999,1.00202
6.535,0.29534396870185464,0.2997047178697082,0.04998876096839577,1.0982812499999999,0.99851
6.54,0.2948846468220694,0.2987952366462615,0.048922163898403426,1.09556640625,0.99472
6.545,0.29396600306249887,0.29792944196787735,0.047933054649734075,1.0927734375,0.99108
6.55,0.29212871554335873,0.296962172723765,0.0469120386511106,1.0899609375,0.9874499999999999
6.556,0.2916693936635735,0.2959590355847251,0.04585455779538972,1.0869921875,0.9836799999999999
6.561,0.29075074990400296,0.2950181406959456,0.04480619315394474,1.0840625,0.9798100000000001
6.567,0.2902914280242177,0.29412715622724406,0.04379885147673068,1.0812890624999998,0.9760800000000001
6.572,0.2889134623848628,0.2932306917240557,0.04286899762083962,1.07810546875,0.97261
6.577,0.2879948186252923,0.29228433104069074,0.041802400550847274,1.0751171875,0.9687399999999999
6.582,0.2861575311061513,0.291252458040516,0.040795058873633216,1.0719531249999998,0.9651399999999999
6.588,0.28523888734658165,0.29015201496718457,0.03972846180364087,1.0687695312499998,0.9614099999999999
6.593,0.2847795654667964,0.2891330930142126,0.038707445805016505,1.0655078125,0.95766
6.599,0.28294227794765536,0.2880885369292546,0.03765908116356975,1.0622460937499998,0.95393
6.604,0.28294227794765536,0.2870689273943984,0.03664718137921952,1.0588085937499998,0.9503599999999999
6.609,0.2815643123082996,0.28611482372554686,0.035639839702003684,1.0555078125,0.9466399999999999
6.614,0.28064566854872997,0.2851222437143274,0.03467807909615761,1.0521679687499998,0.9431799999999999
6.619,0.2792677029093742,0.2840988105382141,0.03370720227603563,1.048828125,0.93974
6.624,0.2792677029093742,0.2831416407922113,0.0327864646344187,1.0451367187499998,0.9362900000000001
6.63,0.2778897372700184,0.28223760594442926,0.03179279727861317,1.0414648437499998,0.93255
6.635,0.2769710935104488,0.2812851748012524,0.030808246137082662,1.0372851562499998,0.92899
6.64,0.2760524497508783,0.2803394378292408,0.029755323388499733,1.033203125,0.92516
6.646,0.275593127871093,0.2794445706216094,0.02879356278265366,1.0290625,0.92146
6.651,0.27421516223173725,0.2785449926524034,0.02784091839107905,1.0245507812499999,0.9178899999999999
6.657,0.2732965184721676,0.27759613536269484,0.026806228071043492,1.0197460937499998,0.9140699999999999
6.662,0.27283719659238237,0.2766987660545389,0.02578521207241824,1.01513671875,0.91011
6.668,0.27099990907324134,0.2757516798319166,0.02481433525229626,1.0100195312499998,0.90656
6.673,0.27099990907324134,0.2748102288108313,0.023784203039398655,1.0049609375,0.9026099999999999
6.679,0.26962194343388557,0.2739187983942906,0.022831558647824046,0.9998242187499999,0.8989400000000001
6.684,0.2682439777945307,0.27293097252738513,0.021851565613428825,0.99369140625,0.89526
6.69,0.26732533403496017,0.2719113515743009,0.020762178007753818,0.9882812499999999,0.89117
6.695,0.2668660121551749,0.27095723874947325,0.01985511468754808,0.9821289062499999,0.8876299999999999
6.701,0.2659473683956044,0.2700556551662158,0.018843214903195182,0.9758398437499999,0.88367
6.706,0.2650287246360348,0.2691506915124067,0.01792247726157825,0.9697265624999999,0.8801300000000001
6.712,0.2645694027562495,0.26828851935405373,0.017019972048507803,0.9635156249999999,0.8764799999999999
6.717,0.26411008087646426,0.2675061624530782,0.016172164121077692,0.9574023437499999,0.8730899999999999
6.722,0.26227279335732323,0.2666513016486007,0.015306123765102875,0.95146484375,0.86955
6.727,0.261813471477538,0.2657383018747587,0.014440083409125393,0.9461132812499999,0.86616
6.731,0.26089482771796835,0.2648696857635448,0.01366520519588299,0.9407617187499999,0.8630499999999999
6.736,0.2595168620786126,0.2639456559717546,0.012849304018409669,0.9357031249999999,0.8599299999999999
6.741,0.2595168620786126,0.26306819517984603,0.012060751483757848,0.9306445312499999,0.8569499999999999
6.745,0.25859821831904206,0.262273578726557,0.01129043137765251,0.9257617187499999,0.85385
6.75,0.2581388964392568,0.26149989108008015,0.010533785592957479,0.92044921875,0.85077
6.755,0.2572202526796872,0.26074298569220355,0.009681419558391191,0.9156640624999999,0.84741
6.759,0.25538296516054615,0.2598630319003519,0.008874634595192,0.90970703125,0.8443
6.765,0.25538296516054615,0.258975412606214,0.007858176703703812,0.9042773437499999,0.84026
6.771,0.25446432140097563,0.2581726503177164,0.0069009742049921385,0.8988867187499999,0.8365
6.776,0.2535456776414051,0.2573469288557218,0.005989352777648449,0.8940234374999999,0.8328599999999999
6.781,0.25308635576162075,0.2565482989225423,0.005141544850218338,0.88970703125,0.8293699999999999
6.786,0.251708390122265,0.2557258910873683,0.004343876101292388,0.88505859375,0.82616
6.792,0.2512490682424797,0.25488441637925596,0.0034550452096340223,0.8800195312499999,0.82257
6.797,0.24987110260312395,0.25402765244824516,0.0025115170323335434,0.8756445312499999,0.8188199999999999
6.802,0.2494117807233387,0.25315862849234244,0.0016545928906293028,0.8711914062499999,0.81534
6.808,0.24895245884355433,0.2523707773154922,0.0007703201061053377,0.86671875,0.81175
6.813,0.24757449320419855,0.2515570126809426,-6.837160705153167e-05,0.86234375,0.80827
6.819,0.24665584944462804,0.2506769668426687,-0.0009799930343952212,0.858203125,0.8045199999999999
6.824,0.24573720568505752,0.24978927373893067,-0.001846033390370927,0.85404296875,0.80108
6.829,0.24435924004570264,0.24884994660961307,-0.002748538603440487,0.8501953124999999,0.7974999999999999
6.834,0.24389991816591738,0.24791471740095647,-0.003610020852280016,0.8459179687499999,0.79417
6.84,0.2425219525265616,0.24698277420687637,-0.004580897672401996,0.8418749999999999,0.7903
6.845,0.24206263064677636,0.24605346598128167,-0.005497077206883638,0.8381054687499999,0.7867199999999999
6.851,0.2416033087669911,0.24521727443736838,-0.006390466205679957,0.83400390625,0.78311
6.856,0.24114398688720584,0.2444557507063881,-0.007215483597424743,0.8298632812499999,0.77965
6.862,0.23976602124785096,0.2436630973568169,-0.008145337453315804,0.8258984374999999,0.7756699999999999
6.867,0.2393066993680657,0.24284548198652456,-0.009025052130702704,0.8223046875,0.7721100000000001
6.873,0.23792873372870993,0.2420078502296944,-0.009854627629585444,0.8183984375,0.7686599999999999
6.878,0.23746941184892467,0.24115416786003518,-0.010766249056929134,0.8146484374999999,0.76482
6.884,0.23563212432978453,0.24024211304201623,-0.011655079948589275,0.8108593749999999,0.76125
6.89,0.23471348057021402,0.2392377490111252,-0.01264418919725685,0.8070898437499999,0.75725
6.895,0.23471348057021402,0.23834137219505433,-0.013519345767507573,0.80375,0.7536399999999999
6.9,0.23333551493085825,0.2374860855955758,-0.0143215726235697,0.8002148437499998,0.7503199999999999
6.905,0.23287619305107388,0.23661824627289355,-0.015192171086682471,0.79642578125,0.7467299999999999
6.911,0.2314982274117181,0.23574034125230353,-0.01611290872830029,0.7929687499999999,0.74298
6.916,0.2314982274117181,0.23489986669879354,-0.01695160044145627,0.7892187499999999,0.7395
6.922,0.2305795836521476,0.23413490853529717,-0.017826757011706995,0.7855273437499999,0.7356199999999999
6.928,0.22920161801279182,0.2332939993198574,-0.018711029796230072,0.78201171875,0.73187
6.933,0.22874229613300745,0.23243768884251723,-0.019554279616524006,0.7786328124999999,0.7282299999999999
6.938,0.22782365237343694,0.2316145303841112,-0.02037018079399555,0.7751367187499999,0.72475
6.943,0.22736433049365168,0.23081795565596083,-0.021181523864332696,0.7716406249999999,0.7212799999999999
6.949,0.2259863648542959,0.22999719583553438,-0.022006541256077483,0.7683984374999999,0.71767
6.954,0.2250677210947254,0.22911154074206525,-0.022817884326414628,0.7651171874999999,0.7143299999999999
6.959,0.2250677210947254,0.22831035349431708,-0.023565413896836418,0.7620312499999999,0.71112
6.963,0.22323043357558525,0.22748589501598906,-0.02431294346725732,0.75896484375,0.7079
6.968,0.2227711116958,0.2265972740662276,-0.025074147359088528,0.7556249999999999,0.70482
6.973,0.22231178981601474,0.2257937085764843,-0.025862699893741237,0.7516796874999999,0.70147
6.979,0.22139314605644422,0.22501284493352827,-0.026806228071043492,0.74833984375,0.69747
6.984,0.2204745022968746,0.22420468341825073,-0.02761757114137886,0.7446289062499999,0.69401
6.99,0.21955585853730408,0.22337463245859898,-0.02847905339021839,0.7410742187499999,0.69025
6.995,0.21863721477773357,0.22252702893040383,-0.029304070781964953,0.7375585937499999,0.6867699999999999
7.0,0.2172592491383778,0.2216198485751458,-0.030151878709395064,0.7339453125,0.68329
7.005,0.2172592491383778,0.22075589890232236,-0.031013360958234593,0.72990234375,0.6796599999999999
7.011,0.21634060537880817,0.21997211665933974,-0.03193409859985241,0.72587890625,0.6757500000000001
7.017,0.21542196161923766,0.2191616147956211,-0.03279102274155399,0.72197265625,0.67201
7.022,0.21450331785966714,0.21832968717223467,-0.03365706309753147,0.7181054687499999,0.6682699999999999
7.028,0.21404399597988188,0.2175260806817995,-0.03450031291782363,0.7143749999999999,0.6645399999999999
7.033,0.21220670846074174,0.21665418039157125,-0.03530709788102282,0.71037109375,0.66106
7.039,0.21128806470117123,0.21568201521823566,-0.03620960309409327,0.7064257812499999,0.65734
7.044,0.21082874282138597,0.21476595593248266,-0.03709387587861723,0.7024609374999999,0.6537200000000001
7.049,0.20991009906181546,0.21389488647930113,-0.0379325675917741,0.6987304687499999,0.6500999999999999
7.054,0.2094507771820302,0.21305989318714336,-0.03871200391215268,0.6948046874999999,0.6469099999999999
7.06,0.20853213342246057,0.2122538284177168,-0.039527905089625115,0.69095703125,0.64331
7.064,0.20761348966289006,0.21142545878330282,-0.04029822519573045,0.6872265624999999,0.64011
7.069,0.2062355240235343,0.21053370158055515,-0.041063987194698726,0.6834765624999999,0.6369
7.074,0.20577620214374903,0.20963661744230072,-0.04183430730080406,0.6798437499999999,0.63384
7.078,0.20531688026396377,0.20882626554475384,-0.04255448822840613,0.6761718749999999,0.63076
7.083,0.20485755838417852,0.20808546194518615,-0.043265552941733176,0.6724999999999999,0.6277999999999999
7.087,0.2039389146246089,0.2073549254078609,-0.04395382711937845,0.66849609375,0.6248400000000001
7.092,0.20256094898525312,0.20654161798725953,-0.04472414722548379,0.6640820312499999,0.6216299999999999
7.097,0.20256094898525312,0.20575294254669882,-0.04555828083150448,0.6597265625,0.6181699999999999
7.102,0.20210162710546786,0.20507502261165036,-0.046314926616199514,0.6552734374999999,0.6148499999999999
7.107,0.20118298334589735,0.20439491082759245,-0.04708980482944192,0.6505859374999999,0.61151
7.112,0.19980501770654246,0.20362203768768253,-0.047901147899777285,0.6462109374999999,0.6080699999999999
7.117,0.1993456958267572,0.20282028354620643,-0.04865323557733525,0.6416015624999999,0.6048899999999999
7.122,0.19888637394697195,0.20208637426063653,-0.04944178811198885,0.6367187499999999,0.60155
7.128,0.19750840830761618,0.20131586420705605,-0.050289596039417184,0.6322656249999999,0.5978299999999999
7.133,0.19704908642783092,0.2005160049622279,-0.05107814857407078,0.6278710937499999,0.5945199999999999
7.138,0.1961304426682613,0.1997381132593907,-0.05186214300158554,0.6240234374999999,0.59121
7.142,0.19567112078847604,0.1989778367495174,-0.05256864960777641,0.6203320312499999,0.58816
7.147,0.19475247702890552,0.19823168539863012,-0.0532705981068311,0.6166015624999999,0.5850899999999999
7.151,0.19429315514912027,0.19749686064046257,-0.05397710471302286,0.6128906249999999,0.58216
7.156,0.193833833269335,0.19681662026343152,-0.054697285640624926,0.6094921874999999,0.57897
7.161,0.19245586762998013,0.19608914589315457,-0.05538100171113225,0.6060937499999999,0.5759099999999999
7.165,0.1915372238704096,0.1952782939436052,-0.05607839210304988,0.6028515624999999,0.5729599999999999
7.17,0.19015925823105384,0.1944005837106687,-0.05681224735206225,0.59962890625,0.5700399999999999
7.174,0.19015925823105384,0.1935602653522444,-0.057532428279664316,0.5965234374999999,0.5671200000000001
7.178,0.18924061447148333,0.19279543243747072,-0.05823893488585519,0.59353515625,0.5642
7.183,0.18924061447148333,0.19209112931052771,-0.0589226509563634,0.59060546875,0.56128
7.187,0.18740332695234319,0.19134435965527452,-0.05961548324114485,0.5871484374999999,0.5584899999999999
7.192,0.18648468319277267,0.1904725334402845,-0.06049519791853175,0.5837109374999999,0.55504
7.198,0.18694400507255793,0.18972793709067515,-0.06134756395309715,0.5807226562499999,0.5514699999999999
7.202,0.18602536131298741,0.18908536301694803,-0.06206774488069833,0.5775585937499998,0.5482899999999999
7.207,0.18556603943320216,0.18843359414753705,-0.06284718120107868,0.5745507812499999,0.54498
7.212,0.18418807379384727,0.18772895032884876,-0.06359926887863576,0.5716015624999999,0.54169
7.217,0.18326943003427676,0.186936405596915,-0.06439237952042554,0.5690820312499999,0.5383899999999999
7.222,0.18235078627470624,0.18611887732424334,-0.06509432801948112,0.5660937499999998,0.53548
7.227,0.181891464394921,0.1853268172936488,-0.06594669405404652,0.5631054687499999,0.5319099999999999
7.232,0.18097282063535047,0.1845551795751557,-0.06674436280297247,0.5603515625,0.5286
7.237,0.18097282063535047,0.1838454198554519,-0.06751012480194163,0.5570703124999999,0.52529
7.243,0.1795948549959956,0.18313977658722239,-0.06842174622928532,0.5541796874999999,0.5213099999999999
7.248,0.17775756747685456,0.18225542665314418,-0.06929234469239809,0.5517382812499999,0.5177499999999999
7.253,0.17775756747685456,0.18136428220841588,-0.07002164183427251,0.5493164062499999,0.51471
7.258,0.17637960183749968,0.18051319130961693,-0.07077828761896843,0.5465039062499999,0.5116799999999999
7.263,0.17592027995771442,0.17964871640873115,-0.07166256040349239,0.5440429687499999,0.50797
7.268,0.17546095807792916,0.17886451299920775,-0.07240553186677623,0.5413867187499999,0.5049299999999999
7.273,0.17454231431835865,0.17809917529808889,-0.07323054925852279,0.53859375,0.50136
7.279,0.17316434867900288,0.17725796174143235,-0.07415128690014061,0.5358593749999999,0.49753999999999987
7.284,0.17224570491943325,0.17635590533594242,-0.07501732725611632,0.5333007812499999,0.4941
7.289,0.17132706115986274,0.17545056253844646,-0.0758833676120938,0.53080078125,0.49055000000000004
7.295,0.17086773928007748,0.17458808635476322,-0.0767494079680704,0.5284570312499999,0.48702
7.299,0.17040841740029222,0.17380548566388798,-0.0774650307885354,0.5257031249999999,0.484
7.305,0.1685711298811512,0.17295042937071511,-0.07840400085869792,0.5230664062499999,0.48018000000000005
7.311,0.16811180800136682,0.17203727283964057,-0.07933841282172693,0.5204296875,0.4764999999999999
7.316,0.1671931642417963,0.17116853102893315,-0.08020445317770264,0.51763671875,0.4729399999999999
7.322,0.1662745204822258,0.1702899023269809,-0.08114342324786694,0.51494140625,0.4689699999999999
7.328,0.16535587672265528,0.1694033455875103,-0.08206416088948476,0.5124609374999999,0.4652799999999999
7.333,0.16489655484287002,0.1685559334486476,-0.0828937363883675,0.5100195312499999,0.46174000000000004
7.338,0.1639779110833004,0.16773991033334934,-0.08370052135156669,0.50759765625,0.45845
7.344,0.16351858920351514,0.1669490572487839,-0.08450274820762882,0.5048632812499999,0.4550099999999999
7.349,0.16214062356415937,0.1661328854635532,-0.08540525342069838,0.5024414062499999,0.45119
7.354,0.1607626579248036,0.16520540750964005,-0.08624850324099231,0.4997460937499999,0.44774999999999987
7.36,0.15938469228544871,0.16418867607255505,-0.08719658952542897,0.49726562499999993,0.44404
7.366,0.15938469228544871,0.16323688027445357,-0.08809909473849942,0.4946679687499999,0.44032000000000004
7.371,0.15754740476630769,0.16229165276891314,-0.08897880941588632,0.49212890624999994,0.43690000000000007
7.376,0.15708808288652243,0.16130619031911983,-0.08987675652182059,0.48939453124999993,0.43333
7.382,0.15662876100673717,0.16042497018277654,-0.09082028469912107,0.48701171874999993,0.42947999999999986
7.387,0.15479147348759703,0.15949083355541654,-0.0916817669479606,0.48419921874999994,0.42605000000000004
7.393,0.15433215160781177,0.1585142645885341,-0.09265264376808169,0.4815429687499999,0.42221
7.399,0.15387282972802652,0.15764017590174767,-0.09355059087401418,0.4789648437499999,0.41849999999999987
7.404,0.15249486408867075,0.1567572596807856,-0.09442118933712962,0.4764062499999999,0.41491999999999996
7.409,0.15203554220888638,0.15586726489281943,-0.09528267158596915,0.47382812499999993,0.41151000000000004
7.415,0.15111689844931586,0.15501709587347862,-0.09615327004908192,0.4710742187499999,0.40796999999999994
7.42,0.14927961093017483,0.1540623564335359,-0.09703298472646882,0.46833984374999993,0.40442
7.425,0.14882028905038958,0.1530692666142342,-0.09795828047522281,0.4654296874999999,0.40086
7.431,0.14790164529081995,0.15213642840635394,-0.09891092486679653,0.46277343749999994,0.39703
7.436,0.14698300153124944,0.15120640249278122,-0.09976784900849989,0.46007812499999995,0.39372000000000007
7.441,0.14652367965146418,0.1503241335688441,-0.10062933125733942,0.4571484374999999,0.39016000000000006
7.447,0.14468639213232315,0.14938915594635355,-0.10155006889895724,0.4545703124999999,0.38659
7.452,0.14376774837275352,0.14836641072269147,-0.10238876061211322,0.4514257812499999,0.38345000000000007
7.458,0.14330842649296827,0.1474097926276282,-0.10338242796791874,0.4485156249999999,0.3796299999999999
7.463,0.14238978273339775,0.14650620013419569,-0.10425302643103151,0.4457226562499999,0.37619999999999987
7.468,0.14147113897382724,0.14559962558826234,-0.1050917181441875,0.4427929687499999,0.3729
7.473,0.14055249521425672,0.14469065981302112,-0.10594864228588996,0.4396679687499999,0.36958999999999986
7.478,0.13917452957490184,0.1437342746890703,-0.10689672857032839,0.4365234374999999,0.36588
7.483,0.13825588581533133,0.1427398652391349,-0.10780834999767208,0.4336132812499999,0.3624399999999999
7.488,0.13825588581533133,0.1418514707391775,-0.10861969306800745,0.4306249999999999,0.35928000000000004
7.493,0.13687792017597555,0.14100258494861495,-0.10944015235261606,0.4272851562499999,0.35612
7.498,0.13687792017597555,0.14018538015085683,-0.11031986703000296,0.4238671874999999,0.3525799999999999
7.504,0.1341219888972649,0.13925707385142325,-0.1112360465644846,0.4199609374999999,0.34915000000000007
7.51,0.13320334513769438,0.1381486744159986,-0.11230264363447695,0.41638671874999994,0.3451899999999999
7.515,0.13228470137812387,0.13707787058100637,-0.11325528802605156,0.4124804687499999,0.34176000000000006
7.521,0.13136605761855424,0.13603721366716204,-0.11428997834608445,0.4085546874999999,0.3379399999999999
7.526,0.12998809197919847,0.13497522888990954,-0.11530643623757442,0.40429687499999994,0.33424999999999994
7.532,0.12906944821962796,0.13389614186108967,-0.1163548008790194,0.4002539062499999,0.33055999999999996
7.537,0.1286101263398427,0.13289434475736897,-0.11731200337773018,0.3958398437499999,0.32699999999999996
7.543,0.12769148258027307,0.1319545244075952,-0.11830111262639864,0.3913281249999999,0.32316999999999996
7.548,0.1263135169409173,0.1309733978135047,-0.11928566376793004,0.3869531249999999,0.31960999999999995
7.554,0.1253948731813468,0.12995914883073018,-0.1202337500523667,0.3817773437499999,0.3160399999999999
7.56,0.12447622942177627,0.1289638417623656,-0.12129578901522287,0.37728515624999986,0.31221999999999994
7.565,0.12309826378242139,0.12793822183099982,-0.12222564287111393,0.37244140624999994,0.3087899999999999
7.57,0.12217962002285088,0.1268882948136944,-0.12316005483414116,0.3673046874999999,0.3053600000000001
7.576,0.1208016543834951,0.12581887658479163,-0.12418562893990259,0.3614257812499999,0.30167999999999995
7.581,0.11988301062392459,0.12473382886700342,-0.125247667902757,0.3558593749999999,0.29800000000000004
7.587,0.11850504498456971,0.12363624827399612,-0.12625500957997193,0.3499999999999999,0.29444000000000004
7.592,0.11712707934521394,0.12248311601370784,-0.12726690936432394,0.3442773437499999,0.29088
7.597,0.11666775746542868,0.1213764421053993,-0.12822411186303562,0.33832031249999994,0.28759
7.602,0.1152897918260738,0.12030702192512498,-0.12917675625461023,0.3317773437499999,0.28428999999999993
7.607,0.11437114806650328,0.11922197264258344,-0.13020233036037165,0.3251562499999999,0.28074
7.613,0.11345250430693277,0.1181698926797906,-0.1312096720375857,0.31867187499999994,0.2773300000000001
7.618,0.11253386054736225,0.11714424994559176,-0.13218510696484387,0.3126171874999999,0.2739099999999999
7.623,0.112074538667577,0.11618530841319347,-0.13308761217791343,0.3059765624999999,0.27076999999999996
7.628,0.11115589490800737,0.11527985281659667,-0.13410407006940162,0.2997070312499999,0.2670699999999999
7.633,0.10885928550908108,0.11423527864249135,-0.13506583067524947,0.2930664062499999,0.26377000000000006
7.639,0.10794064174951057,0.11307914894757755,-0.13618256692374597,0.28716796874999995,0.26007
7.644,0.10702199798994094,0.11197007147544082,-0.1371807923866868,0.28142578124999995,0.25664
7.649,0.10564403235058517,0.11085322205573003,-0.13818357595676556,0.27582031249999994,0.2533399999999999
7.654,0.1042660667112294,0.10968463863114161,-0.13926840545530528,0.2692968749999999,0.2497799999999999
7.66,0.10334742295165977,0.10852007295645012,-0.14049453627508157,0.2634765624999999,0.24568999999999996
7.666,0.10151013543251874,0.10731322712456343,-0.14160671441644013,0.25792968749999995,0.2421199999999999
7.671,0.10105081355273349,0.10611797983387215,-0.142741683093484,0.2525390624999999,0.23841
7.677,0.09921352603359335,0.10493203310768388,-0.14387665177052789,0.2477929687499999,0.23469000000000007
7.682,0.09829488227402283,0.10370804237410347,-0.14491590019769873,0.24271484374999996,0.23138000000000014
7.687,0.09783556039423758,0.10259005080849906,-0.146023520231922,0.23783203124999996,0.22780999999999985
7.693,0.09599827287509655,0.10146605341216901,-0.14711746594473318,0.2328515624999999,0.22424
7.698,0.09507962911552692,0.10029173821351592,-0.1482752251574606,0.22841796874999987,0.2205499999999998
7.704,0.09370166347617115,0.09912257638026395,-0.14933270601317883,0.22394531249999988,0.2171400000000001
7.709,0.09232369783681538,0.09791204500996012,-0.15046311658308476,0.21937499999999993,0.21357999999999988
7.714,0.0909457321974605,0.09666834049819625,-0.15162999201008542,0.21525390624999985,0.2100200000000001
7.719,0.08956776655810472,0.09539803531857982,-0.15271937961576132,0.21121093749999997,0.2067199999999998
7.725,0.08864912279853421,0.09415190164942683,-0.1538589063999405,0.20691406249999988,0.20317000000000007
7.73,0.08727115715917932,0.09292515047746996,-0.1550212237198041,0.20316406249999985,0.19962999999999997
7.735,0.08635251339960881,0.0917139416191854,-0.1560787045755223,0.19892578124999993,0.19647999999999977
7.741,0.08497454776025304,0.09051519573261403,-0.1572866029667539,0.19501953124999993,0.19281000000000015
7.746,0.0831372602411129,0.08923543980469761,-0.15847171082230016,0.19095703124999985,0.18927000000000005
7.751,0.08175929460175713,0.08789072405966114,-0.15972974839203502,0.18697265624999992,0.1856
7.757,0.08038132896240135,0.08653942063425295,-0.16101057649745165,0.18365234374999995,0.18190000000000017
7.762,0.07900336332304647,0.08518283472157427,-0.162077173567444,0.18033203124999986,0.17889
7.766,0.07808471956347596,0.08386751480652334,-0.1631802354945311,0.1772460937499999,0.17575999999999992
7.771,0.07670675392412019,0.08258528500739705,-0.16420580960029252,0.17376953124999994,0.17288000000000014
7.776,0.07578811016454967,0.08132958930013465,-0.1654137079915241,0.17056640624999986,0.16947
7.781,0.07395082264540953,0.0800496686968781,-0.16655779288283945,0.1675976562499999,0.16635
7.785,0.07395082264540953,0.07884132655787346,-0.167592483202875,0.1646679687499999,0.16334999999999988
7.79,0.07257285700605376,0.07773588318783778,-0.16859982488008907,0.16156249999999994,0.16048000000000018
7.795,0.07027624760712836,0.07648544220397736,-0.16973935166426912,0.15861328124999996,0.1573500000000001
7.799,0.0698169257273431,0.07520973522492766,-0.17083329737708208,0.15558593749999994,0.15435
7.804,0.06935760384755785,0.0740957756500216,-0.17192268498275798,0.15275390624999985,0.15135999999999994
7.809,0.06660167256884719,0.07288400763087076,-0.1730257469098433,0.1494140624999999,0.1483699999999999
7.814,0.06568302880927668,0.07154830771309055,-0.17431569122953494,0.14605468749999995,0.14486
7.819,0.0643050631699209,0.07024973572689439,-0.17559196122781628,0.14294921874999988,0.14148000000000005
7.824,0.06338641941035039,0.068980935650522,-0.17679530151190992,0.13957031249999985,0.1383899999999998
7.829,0.061089810011424994,0.0676450051140952,-0.17811715258155836,0.13626953124999985,0.13490000000000002
7.834,0.06017116625185448,0.06625524443098638,-0.17941621311552236,0.13318359374999988,0.13154999999999983
7.839,0.05833387873271434,0.06486782065690568,-0.18069704122094166,0.12982421874999994,0.12829999999999986
7.845,0.05695591309335857,0.06343676890363592,-0.18205991525481924,0.12685546874999987,0.12482000000000015
7.849,0.05603726933378805,0.062061736793575836,-0.18324958121750345,0.12326171874999992,0.12185999999999986
7.855,0.05419998181464791,0.06068612347404866,-0.18474464035834792,0.11996093749999992,0.11799999999999988
7.861,0.052362694295506884,0.05921904032806968,-0.1861211887136358,0.11679687499999991,0.11466999999999983
7.866,0.050525406776365855,0.057678609938962996,-0.18745671410469456,0.11347656249999993,0.11132000000000009
7.871,0.04960676301679534,0.05617036809857031,-0.18885605299566688,0.11015624999999984,0.10787000000000013
7.876,0.04776947549765609,0.054687937407056436,-0.19025994999377716,0.10693359374999989,0.10438999999999998
7.881,0.04593218797851506,0.053135200225672884,-0.19165017267047624,0.1033789062499999,0.10103000000000018
7.887,0.04409490045937403,0.05152608612300312,-0.19320448720409722,0.09998046874999988,0.09741
7.893,0.042257612940233,0.04987176485297807,-0.1947132206663511,0.09687499999999993,0.09392999999999985
7.898,0.04087964730087812,0.04822669503184312,-0.19610800145018636,0.09341796874999986,0.0907
7.903,0.039961003541307605,0.046680047473647526,-0.19758027005534817,0.08999999999999986,0.08722999999999992
7.908,0.03720507226259606,0.045075816479319054,-0.19908900351760117,0.08646484374999996,0.08375999999999983
7.914,0.03674575038281169,0.04347091273012678,-0.20071624776540897,0.08304687499999985,0.08002999999999982
7.919,0.03398981910410015,0.041865469516539786,-0.20215205151347604,0.07953124999999983,0.07681000000000004
7.925,0.032611853464745266,0.04016858995077432,-0.2037245984756444,0.07582031249999988,0.07333999999999996
7.93,0.03031524406581987,0.038443891868967905,-0.2053336102949057,0.07255859374999984,0.06976000000000004
7.935,0.02801863466689447,0.03660588308241235,-0.20680587890006574,0.06900390624999997,0.06668999999999992
7.94,0.027099990907323956,0.03481351908288984,-0.20841033261219089,0.06533203124999987,0.06323999999999996
7.946,0.025262703388182928,0.033103258320061314,-0.21005580928854695,0.061894531249999885,0.05967000000000011
7.951,0.023884737748828044,0.031413332093942876,-0.21158733328648438,0.05837890624999986,0.05650999999999984
7.956,0.0211288064701165,0.029648707826993772,-0.21311429917728475,0.0544335937499999,0.05318999999999985
7.962,0.019291518950975473,0.02777868328483405,-0.2148965190677412,0.05078125,0.04963000000000006
7.967,0.017454231431834444,0.02591514480972459,-0.2165374376369611,0.04712890624999988,0.04631000000000007
7.972,0.015157622032909046,0.02401130545589232,-0.2181510075633586,0.04287109374999998,0.04300999999999977
7.978,0.011942368874413134,0.021938644234702345,-0.22016569091778937,0.03900390624999994,0.039200000000000124
7.983,0.011483046994628765,0.019912616747205625,-0.22187042298692106,0.03499999999999992,0.035889999999999755
7.989,0.008727115715917222,0.017969485506665824,-0.22364808477024223,0.031035156249999973,0.03247
7.994,0.006889828196776193,0.015956320926967825,-0.22538016548219453,0.027167968749999938,0.029189999999999827
7.999,0.00551186255742131,0.014023504113187523,-0.22704387458709796,0.023164062499999916,0.026029999999999998
8.004,0.003215253158495912,0.012109614170367555,-0.2287531647633676,0.019316406249999862,0.022850000000000037
8.009,0.000918643759568738,0.010119897416651313,-0.23040319954685895,0.015566406249999831,0.01966000000000001
8.014,0.003674575038280281,0.008569897876145953,-0.23201221136612027,0.013925781249999991,0.016690000000000094
8.019,0.00551186255742131,0.007782012944627633,-0.2333203881143593,0.013828124999999858,0.014520000000000088
8.024,0.0073491500765623385,0.007514243862487391,-0.23456930946982002,0.014999999999999902,0.012729999999999908
8.029,0.009645759475487736,0.007709043857163545,-0.2355994416827194,0.016835937499999787,0.011730000000000018
8.034,0.011483046994628765,0.008274765803445723,-0.23635608746741443,0.019394531249999902,0.01136999999999988
8.039,0.013320334513768017,0.00909241840205546,-0.23701701300223732,0.02230468749999992,0.011680000000000135
8.045,0.016535587672265706,0.010248593205935144,-0.23747282371590916,0.025585937499999822,0.012649999999999828
8.05,0.01791355331162059,0.011630718159456932,-0.23773719392983939,0.028925781250000004,0.014229999999999965
8.055,0.019291518950975473,0.013012019043222767,-0.23791040200103541,0.03273437499999987,0.01654
8.06,0.02158812834990087,0.014483662897067841,-0.23796054117953958,0.03623046874999991,0.019680000000000142
8.065,0.0234254158690419,0.016073252282562976,-0.23787393714394067,0.03986328124999994,0.02314000000000016
8.07,0.025262703388182928,0.0177119171964632,-0.23768249664419905,0.04345703125,0.02635999999999994
8.075,0.027099990907323956,0.0193899344831969,-0.23739077778745,0.04681640624999994,0.029659999999999798
8.08,0.02893727842646321,0.021099507400566566,-0.2370352454307847,0.050097656249999956,0.03273999999999999
8.085,0.029855922186033723,0.02274338017659074,-0.236629573895617,0.0540624999999999,0.035639999999999894
8.09,0.0321525315849609,0.02438007162575854,-0.23604157807498005,0.05808593749999991,0.03941999999999979
8.096,0.034449140983886295,0.026147510213032354,-0.2353487457901986,0.06142578124999987,0.04308999999999985
8.101,0.034908462863670664,0.0278377839446923,-0.2347379594338781,0.06523437499999984,0.04610000000000003
8.106,0.03766439414238221,0.02951168309727854,-0.23395396500636334,0.06925781249999996,0.04978999999999978
8.112,0.039961003541307605,0.03135445944625667,-0.2330058787219249,0.07287109375,0.053630000000000067
8.117,0.04133896918066249,0.03319614831338478,-0.23207602486603562,0.07624999999999993,0.05704999999999982
8.122,0.04271693482001915,0.03494596138758028,-0.23118719397437548,0.07980468749999992,0.060350000000000126
8.127,0.045013544218944546,0.036713105454724566,-0.23017529419002347,0.08320312499999993,0.06379000000000001
8.132,0.04639150985829943,0.03849414678835281,-0.22914972008426115,0.0868945312499999,0.06723999999999997
8.138,0.0486881192572266,0.040286331973709684,-0.22800107708580786,0.09027343749999994,0.07081999999999988
8.143,0.050525406776365855,0.04213295500501842,-0.2268615503016287,0.09365234374999987,0.07414999999999994
8.148,0.051903372415722515,0.0439322265403785,-0.22569011676749184,0.09705078124999988,0.07762000000000002
8.153,0.0532813380550774,0.04564802627414579,-0.22449589269767145,0.10078124999999982,0.08110000000000017
8.159,0.05511862557421843,0.04734239405507944,-0.22316948352088684,0.10433593749999992,0.0848399999999998
8.164,0.05649659121357331,0.04901957611787883,-0.221874981094059,0.1077734374999999,0.08858999999999995
8.17,0.05787455685292908,0.05063747552129011,-0.22061694352432326,0.11138671874999995,0.0920700000000001
8.175,0.05971184437206922,0.05225333960749247,-0.21928141813326452,0.11505859374999994,0.0956999999999999
8.181,0.061089810011424994,0.05386757162646615,-0.21790031167083956,0.1182812499999999,0.0994600000000001
8.186,0.062467775650780766,0.055434993048793665,-0.21667418085106238,0.12199218749999996,0.10282999999999998
8.192,0.0643050631699209,0.05701038017232142,-0.21517456360308174,0.1257226562499999,0.10687999999999986
8.197,0.06568302880927668,0.058592154781704125,-0.2137797828192456,0.1290234374999999,0.11061999999999994
8.202,0.06752031632841682,0.06017905134765056,-0.21243969932105067,0.13298828124999984,0.11410000000000009
8.208,0.06889828196777259,0.06177005507557533,-0.21087626857315556,0.13654296874999994,0.11825999999999981
8.214,0.07073556948691362,0.06336435222844561,-0.20950883643214002,0.14031249999999984,0.12176000000000009
8.22,0.0721135351262685,0.06496129029198079,-0.20799554486274996,0.14380859375,0.12564999999999982
8.225,0.07349150076562427,0.06651484414722746,-0.20659164786463968,0.14753906249999993,0.1294200000000001
8.231,0.0753287882847653,0.06807911123419545,-0.20513761168802702,0.15117187499999996,0.1330499999999999
8.236,0.07624743204433493,0.06960646709438248,-0.2037109241542332,0.15445312499999986,0.13680000000000003
8.241,0.07808471956347596,0.07110422481461602,-0.2024118636202692,0.15804687499999992,0.14014000000000015
8.246,0.07900336332304647,0.07257824856648536,-0.2010216409435701,0.16146484374999992,0.14374999999999982
8.252,0.08038132896240135,0.07398773878968745,-0.1996952317667855,0.16482421874999997,0.14711000000000007
8.257,0.08175929460175713,0.07539098316199329,-0.19836882259,0.16826171874999996,0.15058999999999978
8.262,0.0831372602411129,0.07678921915107607,-0.19710622691312896,0.17164062499999988,0.15381
8.267,0.08497454776025304,0.07822894093459806,-0.195802608272027,0.17513671874999992,0.1571600000000002
8.272,0.0854338696400383,0.0796109253134171,-0.19449898963092505,0.17839843749999984,0.16052
8.276,0.08635251339960881,0.0808556078191868,-0.193281975025422,0.1818749999999999,0.1637200000000001
8.281,0.0877304790389637,0.08208119534147228,-0.19203761177709833,0.1856640624999999,0.16705000000000014
8.287,0.08910844467831947,0.08333697298470258,-0.1905790174933477,0.18976562499999994,0.17091000000000012
8.292,0.09048641031767524,0.08461695929025244,-0.18924349210228897,0.19369140624999992,0.17436000000000007
8.298,0.09140505407724575,0.08587085599914357,-0.18791708292550435,0.19775390625,0.17794
8.303,0.09324234159638589,0.08714933403301914,-0.18652686024880527,0.20199218749999992,0.18164999999999987
8.309,0.09507962911552692,0.08853852695345239,-0.1850773821793279,0.20601562499999992,0.18537999999999988
8.314,0.09599827287509655,0.08992549545360706,-0.18375097300254328,0.21048828124999985,0.18881999999999977
8.32,0.09691691663466706,0.0912196764798673,-0.1823197273616124,0.21521484374999988,0.19266000000000005
8.326,0.09875420415380809,0.09253045744614063,-0.1808565749707256,0.21968749999999992,0.19661000000000017
8.331,0.09967284791337772,0.09385454946681593,-0.17949370093684802,0.22404296874999985,0.20016999999999996
8.336,0.10059149167294823,0.09509831150130284,-0.17822198904570286,0.22873046874999992,0.2036199999999999
8.342,0.101969457312304,0.09632316092192593,-0.17687734744037087,0.23341796874999987,0.2073100000000001
8.347,0.10288810107187452,0.09753284481593703,-0.1756056355492257,0.23816406249999994,0.2109000000000001
8.353,0.10518471047079991,0.09882137164374617,-0.17432024933667112,0.24287109374999993,0.21449000000000007
8.358,0.10518471047079991,0.1000821167723499,-0.17306676987407332,0.24787109374999994,0.21794000000000002
8.363,0.10656267611015569,0.10122958071865469,-0.17181784851861348,0.2526757812499999,0.22138999999999998
8.368,0.10794064174951057,0.10242271312526728,-0.1706509730916128,0.2578906249999999,0.22470999999999997
8.373,0.10885928550908108,0.103606963981651,-0.16941116795042443,0.2633593749999999,0.22832000000000008
8.379,0.11023725114843685,0.1047840929569812,-0.16808931688077777,0.2688281249999999,0.2320500000000001
8.384,0.11115589490800737,0.10595551108359304,-0.16694067388232448,0.2743164062499999,0.23538999999999977
8.389,0.11299318242714751,0.10716785171607704,-0.16574644981250408,0.27968749999999987,0.23873999999999995
8.394,0.11345250430693277,0.10836750514255072,-0.16462971356400757,0.28542968749999986,0.2419499999999999
8.399,0.11483046994628854,0.10951148314794946,-0.16348107056555428,0.29169921874999993,0.24527999999999994
8.404,0.11574911370585905,0.11065631838547318,-0.16225038163864003,0.29841796874999993,0.24888
8.41,0.11666775746542868,0.11175633912989631,-0.1610014602831802,0.3049804687499999,0.25262000000000007
8.415,0.11804572310478445,0.11286592619834529,-0.15983458485617952,0.3116210937499999,0.25608999999999993
8.42,0.11896436686435496,0.11398318424990844,-0.15866770942917885,0.3190429687499999,0.25954999999999995
8.426,0.11988301062392459,0.1150610915757116,-0.15738688132376222,0.3254101562499999,0.26342
8.431,0.12126097626328036,0.11615294647657243,-0.1562701450752657,0.3320898437499999,0.2667599999999999
8.436,0.12172029814306562,0.11721048368533218,-0.1550804791125815,0.3387695312499999,0.27034999999999987
8.442,0.12355758566220665,0.11828600432619418,-0.1538543482928052,0.34486328124999993,0.27418999999999993
8.447,0.12355758566220665,0.11933044352235331,-0.1527376120443087,0.35048828124999987,0.2776399999999999
8.452,0.12447622942177627,0.12025895555726426,-0.15169836361713696,0.3559765624999999,0.2809599999999999
8.458,0.1253948731813468,0.12118551242674996,-0.1506636732971014,0.36121093749999994,0.2844199999999999
8.463,0.12723216070048782,0.12220150527050802,-0.14962898297706673,0.3660156249999999,0.28774999999999995
8.467,0.12815080446005744,0.12328921446493346,-0.1486079669784406,0.3712695312499999,0.29095000000000004
8.473,0.12906944821962796,0.12434342734096344,-0.14743653344430374,0.37628906249999994,0.29468000000000005
8.478,0.12952877009941322,0.12532527851712483,-0.14636993637431228,0.3806640624999999,0.29813
8.483,0.13044741385898373,0.12624910475326745,-0.14543552441128504,0.38517578124999985,0.3011999999999999
8.488,0.13228470137812387,0.12726290797411396,-0.14436436923415652,0.3898046874999999,0.30467
8.493,0.13366266701747964,0.12839436325258355,-0.14326130730706943,0.3939062499999999,0.30813
8.498,0.1341219888972649,0.12948365496047254,-0.14221750077276063,0.3980859374999999,0.3114699999999999
8.503,0.13458131077705016,0.13044813304244354,-0.1411600199170424,0.40248046874999993,0.31495000000000006
8.509,0.13595927641640593,0.13140353013717504,-0.14003416745427355,0.40644531249999993,0.3188500000000001
8.514,0.13779656393554607,0.13248815108241718,-0.13896301227714414,0.4104492187499999,0.32234000000000007
8.52,0.13871520769511658,0.1336308913427165,-0.13778702063587112,0.4146679687499999,0.32609
8.526,0.1396338514546871,0.13472923218011695,-0.1365700060303663,0.4180664062499999,0.3299699999999999
8.53,0.1396338514546871,0.13570096652055175,-0.1356583846030226,0.42132812499999994,0.3331899999999999
8.535,0.14101181709404198,0.13661668033275623,-0.13473764696140567,0.4242382812499999,0.33627000000000007
8.539,0.1419304608536125,0.13757847652970215,-0.1338807228197032,0.42744140624999993,0.3392299999999999
8.544,0.142849104613183,0.13853172309151357,-0.1329098459995821,0.43037109374999993,0.34247000000000005
8.549,0.14330842649296827,0.13943261204128887,-0.13202101510792108,0.4333203124999999,0.34556999999999993
8.554,0.14376774837275352,0.14024601491691782,-0.13112762610912476,0.4362109374999999,0.34881000000000006
8.558,0.14468639213232315,0.14103476690034933,-0.13026614386028523,0.4389648437499999,0.3518999999999999
8.563,0.14606435777167892,0.14189475575290456,-0.12941377782571806,0.4416015624999999,0.35485999999999995
8.567,0.14698300153124944,0.14281186757334935,-0.12855229557687853,0.4443945312499999,0.35782
8.572,0.14698300153124944,0.1436382791414115,-0.12765890657808132,0.44751953124999994,0.36104999999999987
8.578,0.14882028905038958,0.1444829643374077,-0.12659230950808986,0.45033203124999993,0.3649499999999999
8.582,0.14927961093017483,0.14538780455898845,-0.1256943624021556,0.45326171874999993,0.36805
8.588,0.15019825468974535,0.14624987774029072,-0.12469613693921477,0.4562499999999999,0.37168
8.593,0.15111689844931586,0.14712315904407594,-0.12370246958341014,0.4589648437499999,0.3752899999999999
8.598,0.15157622032910112,0.14795992596093904,-0.12279996437033969,0.4617578124999999,0.37853000000000003
8.603,0.15249486408867075,0.14876741295327262,-0.1218609943001745,0.4644531249999999,0.3821399999999999
8.608,0.15387282972802652,0.14964242491570182,-0.12092202423001197,0.4672070312499999,0.3854899999999999
8.613,0.15433215160781177,0.15052608148706875,-0.11998305415984767,0.4700195312499999,0.3889799999999999
8.619,0.1561694391269528,0.1514621718274616,-0.1189802705897689,0.4728320312499999,0.39276
8.624,0.15754740476630769,0.15253131119523267,-0.11792734784118775,0.4753515624999999,0.39639
8.629,0.15754740476630769,0.15352513153173067,-0.1170111683067061,0.4779101562499999,0.3997599999999999
8.635,0.15892537040566346,0.1544585555220978,-0.11604940770085825,0.4802343749999999,0.4032499999999999
8.639,0.15984401416523397,0.15543455304415743,-0.11518336734488255,0.4828906249999999,0.4063399999999999
8.645,0.16030333604501834,0.15635368538934993,-0.11416690945339525,0.4851953124999999,0.4100999999999999
8.649,0.1607626579248036,0.15718171716295584,-0.11332821774023838,0.4875976562499999,0.4133199999999999
8.654,0.16259994544394463,0.15807320344402587,-0.11242571252716882,0.48982421874999993,0.41667999999999994
8.659,0.16305926732372988,0.15901557222227625,-0.11160525324255754,0.49207031249999994,0.41964
8.664,0.16351858920351514,0.15986223667915087,-0.11076656152940156,0.49451171874999994,0.42273000000000005
8.669,0.16443723296308477,0.16067766024796817,-0.10987317253060525,0.49666015624999993,0.42621
8.673,0.16535587672265528,0.1615135344569607,-0.1090755037816793,0.4987695312499999,0.42917000000000005
8.678,0.16581519860244054,0.16232030561038047,-0.10829606746130072,0.5009179687499999,0.4321299999999999
8.682,0.16673384236201105,0.16310373979055276,-0.10751207303378418,0.5033007812499999,0.43521999999999994
8.687,0.16765248612158157,0.16391396255187715,-0.10661868403498787,0.5058593749999999,0.4385699999999999
8.692,0.1685711298811512,0.16474566637040935,-0.1056888301790968,0.50810546875,0.44206999999999996
8.697,0.1694897736407217,0.1655945952825793,-0.10486381278735202,0.5103320312499999,0.44528999999999996
8.702,0.16994909552050697,0.16641183465841788,-0.10403879539560545,0.5129687499999999,0.44839000000000007
8.707,0.17132706115986274,0.16724916491520492,-0.10305880236121023,0.5157617187499999,0.4522999999999999
8.713,0.17224570491943325,0.1681481074048747,-0.10207880932681679,0.5183007812499999,0.45605000000000007
8.718,0.17270502679921762,0.16900545135039333,-0.10115807168519897,0.520546875,0.45955999999999997
8.723,0.17454231431835865,0.1699204422895924,-0.10034217050772654,0.5229687499999999,0.46265
8.728,0.17454231431835865,0.17083615694877782,-0.0994533396160655,0.5253125,0.46599999999999997
8.733,0.17546095807792916,0.1716614481700485,-0.09862376411718277,0.5279492187499999,0.46923000000000004
8.738,0.17546095807792916,0.17241423121958166,-0.09769846836842966,0.5306249999999999,0.47300999999999993
8.743,0.17637960183749968,0.17310887187716467,-0.09681419558390658,0.5332421875,0.47662000000000004
8.749,0.17775756747685456,0.17389339533784326,-0.09597094576361265,0.5355273437499999,0.4801199999999999
8.753,0.17821688935663982,0.17470449156449738,-0.09521885808605557,0.5377929687499999,0.4830699999999999
8.758,0.18005417687578085,0.17558239767680625,-0.09445309608708641,0.5400195312499999,0.48617
8.762,0.18051349875556522,0.17651387687563475,-0.093678217873844,0.54228515625,0.48909999999999987
8.766,0.18051349875556522,0.17730630738081873,-0.09292613019628426,0.5448046874999999,0.49204000000000003
8.771,0.18235078627470624,0.17812374405807022,-0.09207832226885415,0.5472070312499999,0.49540000000000006
8.776,0.18235078627470624,0.17896123252566035,-0.09131256026988588,0.5496679687499999,0.49837
8.78,0.18372875191406202,0.17976929811050543,-0.09052400773523317,0.5524804687499999,0.50145
8.786,0.18372875191406202,0.18055377026112274,-0.08962150252216361,0.5549609375,0.50508
8.79,0.18464739567363164,0.18127382157369296,-0.0888602986303324,0.5581640625,0.5081899999999999
8.796,0.18602536131298741,0.1820787211689033,-0.08789853802448455,0.5609765624999999,0.51197
8.801,0.18648468319277267,0.18290615648082176,-0.08702338145423383,0.5636328124999999,0.5156000000000001
8.806,0.18740332695234319,0.1837061607050865,-0.08628952620522323,0.5662304687499999,0.5185599999999999
8.81,0.18878129259169807,0.184575172433011,-0.08551008988484288,0.5688281249999999,0.52153
8.815,0.1883219707119137,0.18536301380456785,-0.08478535085010463,0.5714257812499999,0.52451
8.819,0.18924061447148333,0.18604026492166414,-0.08407884424391376,0.5740820312499999,0.52749
8.823,0.18924061447148333,0.18667433851328394,-0.08339057006626938,0.5767382812499999,0.53047
8.828,0.19107790199062435,0.18736479295507386,-0.08268862156721468,0.5799218749999999,0.5334399999999999
8.833,0.19199654575019487,0.18819146148458554,-0.0818225812112372,0.5831835937499998,0.5368299999999999
8.838,0.19199654575019487,0.18894534896129794,-0.08100212192662859,0.5865820312499999,0.54033
8.843,0.19245586762998013,0.1895953733449796,-0.08018166264201909,0.59013671875,0.54383
8.848,0.193833833269335,0.1902986183065378,-0.07937943578595785,0.59318359375,0.54721
8.853,0.19521179890869078,0.19113554321675508,-0.07865013864408166,0.59625,0.5503499999999999
8.857,0.19567112078847604,0.19198865878474455,-0.07791628339506929,0.59939453125,0.5533299999999999
8.861,0.1961304426682613,0.19276375344459573,-0.07720066057460517,0.6026171874999999,0.55617
8.866,0.19658976454804655,0.1934762851944662,-0.07650782828982372,0.6062109374999999,0.55915
8.87,0.19704908642783092,0.19413864939568,-0.07576029871940193,0.6100390625,0.5624100000000001
8.875,0.19888637394697195,0.19489729121664806,-0.07496718807761393,0.6135351562499999,0.56566
8.88,0.19888637394697195,0.19568763363853375,-0.07424244904287569,0.6171679687499999,0.56877
8.884,0.19980501770654246,0.19641239216692213,-0.07353138432954687,0.6209374999999999,0.57175
8.889,0.2007236614661121,0.19717556446948853,-0.07277473854485095,0.6250976562499999,0.5748899999999999
8.894,0.2007236614661121,0.19787853599526814,-0.07202720897443005,0.62896484375,0.5781499999999999
8.898,0.20256094898525312,0.1986242378746431,-0.07132070236823829,0.63287109375,0.581
8.902,0.20256094898525312,0.19940420409839982,-0.07060963765491035,0.6374414062499999,0.58396
8.907,0.20347959274482363,0.20012064222697518,-0.06980285269171027,0.6415429687499999,0.58734
8.912,0.20485755838417852,0.20092264450516617,-0.06902797447846787,0.6463476562499999,0.59056
8.917,0.20577620214374903,0.20179325841987505,-0.0681573760153551,0.6508984374999999,0.5940399999999999
8.922,0.20577620214374903,0.2025823845427884,-0.0673369167307456,0.6550195312499999,0.59738
8.927,0.2071541677831048,0.20335166963803564,-0.06658938716032381,0.6589648437499999,0.6004700000000001
8.931,0.20761348966289006,0.20415054662106039,-0.06586464812558557,0.6627539062499999,0.60344
8.935,0.20807281154267532,0.20488214878909622,-0.06516725773366794,0.6664453124999999,0.60639
8.94,0.20853213342246057,0.20555980505603258,-0.06448354166316062,0.6702343749999999,0.60921
8.944,0.20899145530224494,0.20619420352663131,-0.06379070937837916,0.674609375,0.6123000000000001
8.95,0.21036942094160072,0.20688491848031212,-0.06296113387949642,0.6788085937499999,0.6157999999999999
8.955,0.21082874282138597,0.20762079213754525,-0.06215890702343252,0.68265625,0.61914
8.959,0.21220670846074174,0.20839287736899104,-0.06142049366728486,0.6861914062499999,0.6223799999999999
8.964,0.212666030340527,0.2091939997074353,-0.06070487084681986,0.6896679687499999,0.6253599999999999
8.968,0.21312535222031137,0.20992740236680518,-0.060002922347765164,0.69365234375,0.62835
8.973,0.21450331785966714,0.21069750617018798,-0.059159672527473006,0.6972656249999999,0.63188
8.978,0.21450331785966714,0.2114515377687404,-0.05843037538559681,0.7009179687499999,0.6349799999999999
8.983,0.21542196161923766,0.21214717960487622,-0.0576691714937656,0.704765625,0.6382300000000001
8.988,0.21634060537880817,0.21288700399930113,-0.05686238653056641,0.7082617187499999,0.6416200000000001
8.992,0.21771857101816305,0.21370775910772755,-0.05612853128155404,0.7116406249999999,0.64472
8.997,0.21771857101816305,0.2145024066528699,-0.05538100171113225,0.715390625,0.6478200000000001
9.002,0.21863721477773357,0.21523061734613547,-0.05457421674793306,0.7187695312499999,0.65134
9.007,0.21955585853730408,0.2159965578487345,-0.05380389664182861,0.7226953125,0.6546000000000001
9.012,0.2204745022968746,0.21679275289106203,-0.05294697250012437,0.7263867187499999,0.65825
9.017,0.22185246793622948,0.21765871013638277,-0.05208549025128484,0.7302148437499999,0.6617599999999999
9.023,0.22185246793622948,0.21848960408379006,-0.0511966593596247,0.7339453125,0.66554
9.028,0.22323043357558525,0.21929238169670026,-0.05036708386074196,0.7376171874999999,0.6690400000000001
9.033,0.2236897554553705,0.2201181154469375,-0.04951471782617567,0.7413281249999999,0.67255
9.039,0.2250677210947254,0.22096225711868392,-0.04865779368447232,0.7449999999999999,0.6761999999999999
9.044,0.22552704297451065,0.22182115961754442,-0.047768962792812175,0.7488085937499999,0.67987
9.05,0.22644568673408116,0.22264639654969448,-0.046880131901151145,0.75212890625,0.6836599999999999
9.055,0.22736433049365168,0.22349013983611063,-0.04610525368791052,0.7553515624999999,0.6870499999999999
9.059,0.2282829742532222,0.22434872288027438,-0.045353166010351664,0.7586523437499999,0.69018
9.064,0.22874229613300745,0.2251737036501224,-0.044564613475698955,0.7623632812499999,0.69357
9.07,0.22966093989257708,0.22597173964179068,-0.04367122447690264,0.76615234375,0.69737
9.076,0.23103890553193285,0.2268391730958692,-0.04273681251387451,0.7694921874999999,0.7013099999999999
9.081,0.2314982274117181,0.2277167526611227,-0.0419482599792218,0.7726953124999999,0.70459
9.085,0.23195754929150336,0.22851146435562675,-0.04121440473021032,0.77568359375,0.7077499999999999
9.09,0.23195754929150336,0.22919422460362576,-0.04051701433829269,0.7795312499999999,0.71088
9.096,0.23333551493085825,0.22987821770707131,-0.03964185776804374,0.7828320312499999,0.71482
9.1,0.23471348057021402,0.23069970505965434,-0.038889770090484,0.78619140625,0.7181
9.106,0.2360914462095698,0.23163144542693456,-0.0380100554130971,0.7897851562499999,0.7217799999999999
9.111,0.23655076808935505,0.23256059101106402,-0.03713489884284815,0.7935351562499999,0.7253399999999999
9.116,0.23746941184892467,0.2334421540220217,-0.03623695173691388,0.7973632812499999,0.7291699999999999
9.122,0.23792873372870993,0.2342855618216004,-0.03532988841670637,0.80095703125,0.73302
9.128,0.23884737748828044,0.23509837396276206,-0.03445473184645653,0.8043945312499999,0.7368699999999999
9.133,0.24022534312763622,0.2359776560216913,-0.03366617931180471,0.8082031249999999,0.7402899999999999
9.138,0.24068466500742147,0.2368647366709024,-0.032731767348777474,0.8121874999999998,0.7442599999999999
9.144,0.2416033087669911,0.23771256891917816,-0.03182470402856996,0.8164062499999999,0.7481
9.15,0.24298127440634687,0.23861993267904075,-0.030890292065542724,0.8202148437499999,0.7520499999999999
9.155,0.24389991816591738,0.23957503318908097,-0.030015135495292,0.8236914062499999,0.7557499999999999
9.16,0.24389991816591738,0.24043190688613075,-0.029222024853504003,0.8272656249999999,0.75905
9.165,0.24527788380527227,0.24125551697557812,-0.02839700746175744,0.8311523437499999,0.76275
9.17,0.24619652756484278,0.24214345762465567,-0.0275674319628747,0.8354492187499999,0.76617
9.176,0.24757449320419855,0.243082983254057,-0.026610229464163915,0.83953125,0.77014
9.182,0.2480338150839838,0.24401837163469933,-0.02572595667963995,0.8440039062499999,0.77386
9.188,0.2494117807233387,0.24495044246459968,-0.024745963645246505,0.84841796875,0.77797
9.193,0.24987110260312395,0.2458798530379947,-0.023838900325038992,0.8529492187499998,0.7817099999999999
9.199,0.25078974636269447,0.2467616285368607,-0.022927278897694414,0.8567773437499999,0.7856000000000001
9.203,0.25216771200205024,0.24769621049479107,-0.022147842577316723,0.8605078124999999,0.7889299999999999
9.208,0.25216771200205024,0.2485821327906232,-0.021400313006894933,0.8645703124999999,0.7921199999999999
9.213,0.25308635576162075,0.24938353430090404,-0.02058896993655779,0.8693359374999999,0.79559
9.218,0.2535456776414051,0.2501626627057611,-0.01971837147344413,0.87408203125,0.79949
9.224,0.25538296516054615,0.25101493466428865,-0.01883865679605723,0.8792187499999999,0.8032299999999999
9.23,0.2558422870403314,0.25192585851079285,-0.017881454297347332,0.8845898437499999,0.8072699999999999
9.236,0.2572202526796872,0.25283831187553524,-0.016883228834406516,0.8892968749999999,0.8115999999999999
9.241,0.25767957455947155,0.25375199172064195,-0.016081001978342613,0.89505859375,0.8149500000000001
9.247,0.2595168620786126,0.2547121569329778,-0.015073660301128555,0.9003124999999998,0.81911
9.252,0.2595168620786126,0.25566409565121523,-0.014180271302332237,0.9061523437499999,0.8228599999999999
9.258,0.2604355058381831,0.25651843399074803,-0.013186603946527597,0.91189453125,0.82717
9.264,0.2613541495977527,0.2573855129287713,-0.012357028447644858,0.9177343749999999,0.8307800000000001
9.269,0.2627321152371085,0.2583083101018924,-0.011468197555983828,0.9237109374999999,0.83456
9.275,0.263650758996679,0.25927578625927417,-0.010520111271545396,0.9297265625,0.83859
9.28,0.2645694027562495,0.2602335874316627,-0.00967230334411795,0.9354101562499999,0.8421799999999999
9.285,0.2650287246360348,0.2611381286036222,-0.00886551838091787,0.9418164062499998,0.8454999999999999
9.29,0.2668660121551749,0.2620909657548126,-0.007967571274983598,0.9480664062499999,0.8492299999999999
9.295,0.26732533403496017,0.26308253017889893,-0.007083298490461409,0.95390625,0.8528199999999999
9.3,0.2682439777945307,0.2640141452125581,-0.006267397312988088,0.9602148437499999,0.8561099999999999
9.305,0.26870329967431594,0.26489768841001105,-0.005405915064148559,0.9664843749999998,0.8595599999999999
9.31,0.26962194343388557,0.26574268406895213,-0.0045262003867616585,0.9726171874999999,0.86328
9.316,0.2705405871934561,0.26660227135763703,-0.0036647181379221294,0.9781835937499999,0.8668499999999999
9.32,0.27191855283281186,0.26751906117459756,-0.0028397007461755663,0.983671875,0.87015
9.326,0.27283719659238237,0.26848172019139915,-0.001964544175926619,0.98904296875,0.8737299999999999
9.331,0.27283719659238237,0.26934465485581505,-0.0011121781413585552,0.99462890625,0.8771599999999999
9.336,0.27421516223173725,0.27017312507525537,-0.00021423103542606015,0.9998242187499999,0.88083
9.341,0.27513380599130777,0.2710649629344847,0.0006609255348246634,1.0045312499999999,0.8844000000000001
9.346,0.27651177163066354,0.272007613633995,0.0015178496765280158,1.0094921874999998,0.8878299999999999
9.352,0.2769710935104488,0.2729455079259959,0.002461377853829383,1.0142578125,0.89165
9.357,0.2778897372700184,0.27383408629522193,0.0033274182098042004,1.0189257812499999,0.89506
9.362,0.27880838102958894,0.274728621410654,0.004266388279969391,1.02328125,0.8988700000000001
9.368,0.2801863466689447,0.2756734349688267,0.005159777278765709,1.0278515625,0.90239
9.373,0.28064566854872997,0.2766130636001864,0.0061397703131609305,1.0321875,0.9062999999999999
9.379,0.28202363418808485,0.2775485345753844,0.0070969728118708275,1.0365429687499998,0.9099599999999999
9.385,0.2824829560678701,0.2784806716356822,0.008090640167676355,1.0404296874999999,0.91401
9.39,0.2834015998274406,0.2793646334325385,0.008993145380745915,1.0443359374999999,0.91763
9.396,0.28523888734658165,0.280346470410156,0.009954905986593765,1.0480078124999999,0.92137
9.401,0.28523888734658165,0.28131578714580946,0.010884759842484826,1.05181640625,0.9249799999999999
9.407,0.2870761748657218,0.28227506422940524,0.011878427198289465,1.0553906249999998,0.9288000000000001
9.412,0.2879948186252923,0.2833172945505108,0.01286753644695704,1.0593164062499998,0.9324999999999999
9.419,0.28845414050507756,0.28428953723168077,0.01396148215977,1.0627539062499998,0.93675
9.424,0.28983210614443244,0.28525116055387234,0.014918684658480785,1.06591796875,0.9404399999999999
9.43,0.2902914280242177,0.2862042684919743,0.015839422300097716,1.06935546875,0.94398
9.436,0.2912100717837882,0.28710504628305045,0.016828531548767067,1.07236328125,0.94794
9.441,0.29304735930292924,0.28810036756324425,0.017731036761836627,1.0753320312499999,0.9513400000000001
9.446,0.2935066811827145,0.2891259988907014,0.018665448724863865,1.07822265625,0.95485
9.452,0.29442532494228413,0.2900849312763341,0.019586186366480796,1.08138671875,0.9582200000000001
9.458,0.2958032905816399,0.29108138330827865,0.02061631857937929,1.0841210937499999,0.9621500000000001
9.463,0.29626261246142516,0.29206241947081457,0.02150514947103943,1.08673828125,0.9655400000000001
9.468,0.29764057810078093,0.2930310940539599,0.0223757479341522,1.0895117187499999,0.96879
9.473,0.29855922186035055,0.29403535809733233,0.02336941528995773,1.0920703125,0.97245
9.478,0.2990185437401358,0.2949771566209962,0.0242400137530705,1.0945703125,0.9757199999999999
9.484,0.2999371874997063,0.29586886569069615,0.02510149600191003,1.09708984375,0.9790999999999999
9.489,0.30085583125927684,0.2967659112323281,0.025994885000706347,1.0997656249999999,0.98248
9.494,0.302693118778417,0.2977582397200566,0.026974878035101568,1.1021484375,0.9861499999999999
9.499,0.302693118778417,0.29873596932116236,0.027859150819624645,1.1047265624999998,0.98942
9.505,0.3036117625379875,0.2996109886899438,0.028789004675515706,1.1073046874999999,0.9929299999999999
9.51,0.30498972817734327,0.3005401530852184,0.029764439602772974,1.10986328125,0.9965899999999999
9.516,0.3054490500571285,0.3014672330652867,0.030712525887211406,1.1121874999999999,1.00024
9.521,0.3068270156964834,0.3023926416077362,0.031583124350325065,1.11478515625,1.00348
9.527,0.3077456594560539,0.3033622117533592,0.03260414034894854,1.11724609375,1.00722
9.532,0.3091236250954097,0.3043671939246799,0.03358413338334376,1.1194921875,1.01084
9.537,0.30958294697519495,0.30535507018116825,0.03448208048927803,1.121640625,1.01423
9.542,0.3100422688549793,0.3062382258854839,0.03531165598816077,1.12384765625,1.01734
9.547,0.3114202344943351,0.30712841270883956,0.03618681255840972,1.1261328124999999,1.0207
9.553,0.31279820013369086,0.30811524137114527,0.03711666641430078,1.1283984375,1.02423
9.558,0.31417616577304575,0.3091795645770914,0.03810121755583218,1.1305664062499998,1.02775
9.563,0.31509480953261626,0.3102605267302509,0.03900828087603969,1.13287109375,1.03085
9.568,0.3155541314124015,0.3112638274467603,0.03996548337475048,1.1349609374999998,1.03424
9.573,0.31647277517197203,0.3122048535040014,0.04083152373072796,1.1371875,1.03752
9.578,0.3178507408113278,0.3131869469231334,0.04177505190802844,1.13943359375,1.04095
9.583,0.31876938457089743,0.3142019711774278,0.04272769629960216,1.1417773437499998,1.04424
9.589,0.3201473502102532,0.31524340180054067,0.04371680554826973,1.14412109375,1.04779
9.594,0.3201473502102532,0.3162150032249664,0.04473326343975792,1.1462890625,1.05149
9.599,0.321525315849609,0.31713061045532626,0.04559474568859745,1.1487890625,1.0546499999999999
9.605,0.32290328148896386,0.31813782307204896,0.04671148193709396,1.151171875,1.05857
9.61,0.3242812471283196,0.3192184916338193,0.047686916864351225,1.1534570312499999,1.06201
9.615,0.3247405690081049,0.32026705881208045,0.048657793684473205,1.15578125,1.06546
9.621,0.3256592127676754,0.32124438285199436,0.049619554290321055,1.1583789062499998,1.06889
9.626,0.326577856527245,0.3222100807818426,0.05068159325317545,1.16056640625,1.07269
9.631,0.3279558221666008,0.32321195792538643,0.051606889001930334,1.1630273437499998,1.07598
9.637,0.3288744659261713,0.32424284622688304,0.05270539282187947,1.1658984374999999,1.0798999999999999
9.644,0.3311710753250967,0.3253880015812455,0.053958872284477266,1.1683984375,1.08405
9.649,0.33071175344531145,0.32648827901892485,0.05494798153314395,1.17095703125,1.08758
9.655,0.3325490409644525,0.3275070681530329,0.056028252924547495,1.1735351562499998,1.09138
9.661,0.33392700660380825,0.32864252150394235,0.0570857337802666,1.1759179687499999,1.09501
9.666,0.3343863284835926,0.32973501916075076,0.058070284921798,1.17828125,1.09838
9.671,0.3357642941229484,0.3307930717785649,0.05903204552764585,1.1809179687499998,1.1016299999999999
9.676,0.33714225976230416,0.3319145075973129,0.060130549347594986,1.1834765624999999,1.10538
9.682,0.33852022540165905,0.33308676873441384,0.06120170452472262,1.1858203125,1.10884
9.687,0.3398981910410148,0.3342997853547913,0.06218169755911784,1.18830078125,1.11192
9.692,0.34081683480058533,0.33549998083814103,0.06325285273624637,1.19087890625,1.11543
9.697,0.34173547856015585,0.3366443935046627,0.06428298494914397,1.1934375,1.1187799999999999
9.702,0.3421948004399402,0.3376985735155872,0.06531311716204335,1.1962890625,1.12212
9.708,0.34403208795908125,0.33877140210798456,0.06643896962481399,1.198828125,1.12585
9.713,0.3444914098388665,0.33985918450637836,0.06743263698061686,1.2013867187499998,1.1290799999999999
9.718,0.3467880192377919,0.3410044598526393,0.06845821108637828,1.2044726562499999,1.13229
9.724,0.3477066629973624,0.34224133916350663,0.06969345812043048,1.207109375,1.13615
9.729,0.34816598487714767,0.34336966573955663,0.07070991601191867,1.2098632812499999,1.1394
9.735,0.34954395051650344,0.3444564486234329,0.07177651308191102,1.212890625,1.14279
9.74,0.3513812380356436,0.34564642437029364,0.07289324933040753,1.21576171875,1.14628
9.745,0.3522998817952141,0.3468736458693657,0.0739735207218093,1.21857421875,1.14965
9.75,0.3522998817952141,0.3479487262157214,0.07496718807761393,1.221640625,1.15278
9.755,0.3545964911941395,0.34903831423626897,0.07603378514760628,1.2244921874999999,1.15616
9.76,0.35505581307392475,0.35018503746334745,0.07702745250341092,1.2274609374999998,1.15926
9.765,0.35597445683349527,0.3512410702518873,0.07803935228776115,1.2308789062499998,1.16252
9.77,0.35827106623242155,0.3524063883077222,0.07919711150048858,1.23396484375,1.16607
9.775,0.3591897099919912,0.3536593393391677,0.08024547614193356,1.2369140625,1.1692099999999999
9.78,0.36056767563134695,0.3548915571742741,0.0812391434977382,1.2399609374999998,1.17221
9.784,0.36148631939091747,0.3561071496056634,0.08223281085354284,1.2430078125,1.17509
9.789,0.3624049631504871,0.3572639086790286,0.08321736199507423,1.2462109375,1.17813
9.793,0.36378292878984286,0.35841899271810707,0.084220145565153,1.249453125,1.18116
9.798,0.36378292878984286,0.359481729821439,0.08521381292095764,1.25283203125,1.18404
9.802,0.3656202163089839,0.36051591823576523,0.08619836406248904,1.2565039062499999,1.18709
9.807,0.3665388600685535,0.36161821797868166,0.08728775166816405,1.26021484375,1.19042
9.812,0.3679168257079093,0.362729632515959,0.08833611630960903,1.26423828125,1.19349
9.817,0.36929479134726506,0.36389385785156136,0.0895029917366097,1.26841796875,1.19692
9.822,0.37067275698661994,0.36510043077450216,0.09061061177083296,1.2728125,1.20023
9.827,0.37159140074619046,0.3662954592267022,0.09182306826919984,1.27734375,1.20371
9.832,0.372510044505761,0.36743572858712303,0.0930081761247461,1.28169921875,1.2073099999999999
9.838,0.37388801014511674,0.3685775899599809,0.09415226101606322,1.2862695312499999,1.21062
9.843,0.3757252976642569,0.36981173169555226,0.0953647175144301,1.29052734375,1.21422
9.848,0.3766439414238274,0.3710743687369687,0.0965133605128834,1.29484375,1.21759
9.853,0.3789405508227528,0.3724053572980922,0.0977212589041132,1.299140625,1.22094
9.858,0.3798591945823233,0.37379115514145206,0.09896106404530158,1.3029492187499998,1.22441
9.863,0.3812371602216791,0.37512989933383045,0.10008691650807133,1.3071484375,1.22749
9.868,0.38261512586103397,0.3764764143285434,0.101331279756395,1.3112499999999998,1.23098
9.873,0.38399309150038974,0.3778291605248475,0.10258931732612897,1.31521484375,1.2343199999999999
9.878,0.38491173525996025,0.3791414014725343,0.10383368057445264,1.3192187499999999,1.23779
9.883,0.38720834465888565,0.3805121660987759,0.10507804382277719,1.3228515625,1.24115
9.888,0.3876676665386709,0.38188435743549937,0.1062540354640511,1.3263085937499999,1.24438
9.892,0.38950495405781194,0.3832121909288081,0.10737077171254761,1.3300390625,1.2473299999999998
9.897,0.3908829196971668,0.3845954588064396,0.10866527413937543,1.3334765625,1.2508
9.902,0.3922608853365226,0.3859776761709271,0.10982759145923904,1.33671875,1.25376
9.906,0.39363885097587836,0.387359051156611,0.11098079256482851,1.3399804687499999,1.25684
9.911,0.39501681661523325,0.3887397506609333,0.11214766799182829,1.3434765625,1.25976
9.916,0.3968541041343743,0.3901654103995031,0.11345584474006642,1.34720703125,1.2629899999999998
9.921,0.39823206977373005,0.3916271225649809,0.11483239309535609,1.3503515624999998,1.26653
9.925,0.39961003541308493,0.39307224233647875,0.1160539658079962,1.3534570312499998,1.26962
9.93,0.4009880010524407,0.3945040571045397,0.1172618641992278,1.356953125,1.27258
9.935,0.4032846104513661,0.3960162067108983,0.11875692334007049,1.3606640625,1.27623
9.94,0.4042032542109366,0.3975472728218995,0.12024742437377789,1.36423828125,1.27989
9.946,0.4064998636098629,0.39909350757942563,0.12171969297893792,1.367421875,1.28338
9.95,0.4078778292492178,0.4006974075597767,0.12302786972717605,1.37052734375,1.28647
9.955,0.4097151167683588,0.40230204587758445,0.12433148836827801,1.37353515625,1.28945
9.959,0.4106337605279293,0.4038617743637908,0.1256442232236532,1.3766406249999998,1.29258
9.964,0.41247104804706947,0.40538549083964265,0.12699798104325755,1.3797656249999999,1.29568
9.969,0.41338969180664,0.40688033023349446,0.12836997129141103,1.383203125,1.2989199999999999
9.974,0.4152269793257801,0.4083520138563512,0.12992428582503202,1.3864453124999998,1.30257
9.979,0.41706426684492115,0.4098961332466197,0.13132362471600434,1.3897851562499999,1.30581
9.984,0.4198201981236318,0.4115893407396157,0.13296454328522245,1.39318359375,1.3094199999999998
9.989,0.4207388418832023,0.4133110942830465,0.1345097416045702,1.39677734375,1.31278
9.995,0.4230354512821277,0.4150102362670356,0.13618256692374686,1.4000390624999999,1.31644
10.0,0.42487273880126875,0.4167822504073382,0.13776423010018846,1.4035937499999998,1.31995
10.005,0.4267100263204098,0.41856719692428057,0.13955556620491905,1.40708984375,1.3237
10.011,0.4285473138395499,0.4203625135732151,0.14123294963123012,1.4103710937499998,1.32733
10.016,0.43038460135869094,0.42216614575768746,0.14292400737895417,1.4140625,1.33095
10.022,0.4331405326374016,0.4240674497208482,0.14470622726941063,1.41779296875,1.33452
10.027,0.435437142036327,0.4260925759941303,0.14661151605255984,1.42142578125,1.3384
10.033,0.43589646391611225,0.4279894826897941,0.14848489808575138,1.4249804687499998,1.3422999999999998
10.039,0.43819307331503854,0.4297835734854163,0.1501987463691563,1.4283789062499999,1.34592
10.044,0.4409490045937492,0.43172272834527214,0.15192626897397332,1.43173828125,1.34938
10.049,0.4427862921128902,0.43373270437009787,0.15365379157878856,1.4354687499999998,1.35286
10.055,0.4455422233916009,0.4357994700206081,0.15562745196898842,1.43888671875,1.35673
10.06,0.447379510910741,0.4379117737752536,0.15747348535935934,1.44244140625,1.36019
10.065,0.44921679842988205,0.4399695895655421,0.15930128632118468,1.4458984375,1.36382
10.071,0.45151340782880744,0.44202921477820206,0.16111541296159793,1.4494921875,1.36733
10.076,0.454269339107519,0.4441812946888721,0.16302070174474714,1.45298828125,1.37081
10.081,0.45610662662665913,0.44636200970026685,0.16489408377793868,1.4565625,1.37428
10.086,0.4584032360255854,0.44852018455930037,0.1667401171683096,1.4603125,1.37777
10.092,0.4606998454245108,0.45070578694915436,0.16885963698688222,1.46388671875,1.38152
10.097,0.46253713294365184,0.4528678808681666,0.17058715959169923,1.467109375,1.38471
10.101,0.4652930642223625,0.4550566258489299,0.17227365923228533,1.4703906249999998,1.38766
10.105,0.4675896736212879,0.4573122434986667,0.17398750751569114,1.47365234375,1.3906399999999999
10.11,0.4694269611404289,0.4595304808093139,0.17571047201337198,1.4773242187499998,1.3936
10.115,0.4717235705393543,0.46171874381121086,0.17765222565361327,1.4808789062499998,1.39696
10.12,0.4731015361787101,0.46383746931995046,0.1795575144367616,1.48490234375,1.4001899999999998
10.125,0.47585746745742075,0.46594593643054955,0.18159043021973797,1.48880859375,1.40368
10.13,0.4786133987361323,0.4681826832568888,0.18367804328835646,1.4933398437499998,1.4071500000000001
10.136,0.48136933001484294,0.47052229420644454,0.18596621307098893,1.4972070312499999,1.41087
10.14,0.48366593941376834,0.47289888730045565,0.18788973428268374,1.5009765625,1.4139599999999999
10.145,0.4850439050531241,0.4751686297465874,0.1897767906372847,1.50474609375,1.41705
10.149,0.4873405144520504,0.4773526914742532,0.19161826592051945,1.5085156249999998,1.4201
10.154,0.48917780197119054,0.47951354997686113,0.19345062498948096,1.5124218749999998,1.42301
10.158,0.4914744113701168,0.4816558024248205,0.19531944891553632,1.5174609374999999,1.42592
10.164,0.49560830828818325,0.4840106445926681,0.19797226726910644,1.5228515624999999,1.4300199999999998
10.17,0.49790491768710865,0.48653595685405304,0.200515691051395,1.527421875,1.4338199999999999
10.175,0.5006608489658193,0.48906145893582775,0.20250758387014045,1.5324218749999998,1.43688
10.18,0.5038761021243152,0.49167811699946834,0.20487779958123475,1.5377539062499999,1.44034
10.185,0.5066320334030268,0.49436787064253457,0.20733917743506325,1.5426953124999998,1.44394
10.19,0.5089286428019522,0.4970252339343968,0.2095544175035089,1.5475585937499998,1.44711
10.195,0.5112252522008784,0.4996111223723332,0.21165114678639885,1.5524023437499999,1.45017
10.199,0.5135218615998038,0.5021396970086393,0.2137296436407432,1.5574609375,1.45323
10.204,0.5162777928785145,0.5046678151028828,0.2158628377807279,1.5625390625,1.45629
10.208,0.5194930460370113,0.5072865708779768,0.21799147381357464,1.56779296875,1.45922
10.213,0.5217896554359367,0.5099325047356229,0.2201748071320635,1.573984375,1.4621499999999998
10.218,0.5250049085944326,0.5126002319813842,0.2227410214500365,1.5797460937499999,1.46579
10.222,0.5277608398731441,0.5153309366556552,0.2249790520541648,1.586015625,1.4687199999999998
10.227,0.5305167711518548,0.5180666393851178,0.22741763937230886,1.5921484375,1.47192
10.232,0.5332727024305655,0.5208063499233134,0.22988357533327353,1.5983984375,1.47526
10.237,0.5355693118294917,0.5235037723327568,0.23229481400859786,1.6046484374999999,1.47847
10.242,0.5397032087475582,0.5263037906611121,0.2348701445408432,1.61109375,1.4818
10.247,0.5433777837858393,0.5293225836077556,0.2375548696443719,1.6166601562499998,1.48515
10.251,0.5465930369443353,0.5324258023850611,0.24002536371247274,1.62240234375,1.48823
10.257,0.5498082901028312,0.5355512181259671,0.24283315770869152,1.627890625,1.49159
10.261,0.5521048995017575,0.5386034292570814,0.24531732609820356,1.6329687499999999,1.49466
10.266,0.5553201526602534,0.5415969395409246,0.24788354041617655,1.6387109375,1.4977399999999998
10.271,0.559913371458105,0.5447708885871578,0.25091468166209374,1.64359375,1.50135
10.276,0.5622099808570304,0.5479985229515567,0.2535766162299371,1.6486914062499998,1.50443
10.281,0.5658845558953116,0.5511782023878083,0.2564117588689774,1.6534375,1.50776
10.285,0.5686404871740223,0.5543649299159885,0.259169413686692,1.6584570312499998,1.5110000000000001
10.291,0.5727743840920887,0.5576028110082815,0.26236920489666815,1.6627929687499998,1.5146799999999998
10.295,0.5759896372505855,0.560927212680424,0.2650356975716486,1.6667968749999997,1.51779
10.3,0.5787455685292962,0.564184487270435,0.26770674835376607,1.67087890625,1.52077
10.305,0.5815014998080068,0.5673424325374824,0.27051454234998396,1.67462890625,1.5238999999999998
10.309,0.585176074846288,0.5705117320081856,0.27319926745351264,1.67833984375,1.52704
10.313,0.5888506498845691,0.5737811398854565,0.27597059659263756,1.6822851562499999,1.53002
10.319,0.5920659030430659,0.5770853201706296,0.2791020161955622,1.6861718749999999,1.53342
10.323,0.5952811562015619,0.5803718816483173,0.28220608715566886,1.68994140625,1.5368499999999998
10.328,0.5994150531196283,0.5837353188385273,0.28532839054432024,1.6935742187499998,1.54026
10.333,0.6030896281579095,0.5872059025214844,0.2885236236471602,1.6972265624999998,1.54368
10.339,0.6076828469557611,0.5908079060380589,0.29186015807123855,1.7008593749999998,1.54721
10.343,0.6104387782344718,0.5944242878857193,0.2950599492812147,1.704140625,1.5505900000000001
10.348,0.6150319970323235,0.5980521993381339,0.2983281120982424,1.70734375,1.55384
10.353,0.6182472501908194,0.601734857961685,0.30139116009411815,1.710234375,1.55694
10.357,0.6219218252291006,0.6053704131290008,0.30436304594725794,1.7131249999999998,1.55993
10.362,0.626055722147167,0.6090592010460796,0.30743065205026987,1.7161328125,1.56305
10.367,0.6301896190652334,0.6128361767871836,0.31071704729584404,1.7192578125,1.5663
10.372,0.6343235159832998,0.6166838680201672,0.31429516139816815,1.7223437499999998,1.56969
10.377,0.637998091021581,0.6205427622574201,0.31781402010771487,1.7254296875,1.5732
10.382,0.6421319879396474,0.6244106398885394,0.3215106449955938,1.72845703125,1.5765799999999999
10.387,0.6458065629779286,0.628285721066441,0.3250249455980043,1.73125,1.58009
10.392,0.6503997817757803,0.6322120804636057,0.32853012998614073,1.73416015625,1.5833499999999998
10.397,0.6540743568140615,0.6361795585133505,0.33218117380265255,1.73689453125,1.5867499999999999
10.402,0.6582082537321279,0.6401345066419608,0.33582310140489113,1.7397265625,1.59016
10.407,0.6623421506501943,0.6441249092419905,0.339428564150035,1.7423046875,1.59341
10.411,0.6660167256884755,0.6480982399632933,0.3428425863954372,1.7449999999999999,1.59667
10.416,0.6715285882458977,0.6521943868498247,0.34681269771152046,1.74767578125,1.6002
10.421,0.6742845195246083,0.6562980130125122,0.35026318481401564,1.75009765625,1.60331
10.426,0.6774997726831051,0.6601801271848866,0.3536726489522817,1.75251953125,1.6063100000000001
10.43,0.6825523133607412,0.6641121261549631,0.3571641590190078,1.75498046875,1.60946
10.435,0.6857675665192371,0.6680841264295938,0.36067390151428214,1.75744140625,1.61261
10.44,0.6899014634373035,0.671997198926207,0.36443433990207463,1.7599999999999998,1.6160299999999999
10.444,0.6931167165958003,0.6758630187906803,0.3681127323614062,1.76228515625,1.61931
10.449,0.6972506135138667,0.6796909480147925,0.37150396407112574,1.7645507812499999,1.62232
10.453,0.7018438323117175,0.6836249993878607,0.37493166063793737,1.76693359375,1.62533
10.458,0.705977729229784,0.6876441473153081,0.3786556341686369,1.76935546875,1.62845
10.463,0.709652304268066,0.691640528157079,0.38246621173493356,1.77193359375,1.63188
10.468,0.7142455230659168,0.6956641545578256,0.38649557844379334,1.7746289062499998,1.6353
10.473,0.7188387418637685,0.6998006322241509,0.3906799207953009,1.7769140625,1.6388699999999998
10.478,0.7225133169020497,0.7039365985762299,0.3943218483975395,1.7796484375,1.64201
10.483,0.7266472138201161,0.7080266530339417,0.39873865421302046,1.7824218749999998,1.64584
10.489,0.7312404326179678,0.7121708957234749,0.40320104109986765,1.7852929687499999,1.64966
10.494,0.7362929732956047,0.7164495942978629,0.40754491720116093,1.7880078124999998,1.65334
10.5,0.7404268702136712,0.7207906076177574,0.41192981626668335,1.79083984375,1.65702
10.505,0.7459387327710933,0.7252270913747059,0.41653806258190684,1.79373046875,1.66095
10.511,0.7500726296891598,0.7297401303589872,0.4210186818973014,1.79669921875,1.66462
10.517,0.7555844922465811,0.7343145569624394,0.42583204303367594,1.7995312499999998,1.66869
10.522,0.7601777110444328,0.7389837105647719,0.4305086609559492,1.80216796875,1.67266
10.528,0.7647709298422845,0.743637819481061,0.434665654664637,1.8046484374999998,1.67604
10.532,0.7684455048805656,0.7481888606902193,0.4385901849093523,1.80748046875,1.67929
10.538,0.772579401798632,0.7526117527364488,0.4431437339389346,1.8105078125,1.68309
10.544,0.777631942476269,0.7570683910011674,0.44772918971847275,1.81310546875,1.6869100000000001
10.549,0.7808471956347649,0.7614610856992068,0.45175399832019547,1.8158984374999998,1.6903
10.554,0.7845217706730461,0.7656660000815235,0.4559702474216607,1.8186328125,1.69382
10.559,0.7886556675911125,0.7698113421475449,0.4602047289516715,1.82130859375,1.69749
10.564,0.7927895645091789,0.7739544166281173,0.4640426551607888,1.8238867187499999,1.70074
10.569,0.7964641395474601,0.7780501709067319,0.46783500029853986,1.8267968749999999,1.704
10.574,0.8005980364655265,0.7821079803625293,0.4721971088283796,1.8297265624999999,1.7076500000000001
10.579,0.8042726115038077,0.7861353628649521,0.47632219578710977,1.8322851562499998,1.7111999999999998
10.584,0.8079471865420889,0.790092844910423,0.47984105449665737,1.8349023437499998,1.7141899999999999
10.588,0.81162176158037,0.7939942756217033,0.48348754020603213,1.8375,1.71732
10.593,0.8152963366186512,0.7978507602453396,0.4871477002368163,1.84041015625,1.72059
10.598,0.8194302335367176,0.8017167056708056,0.49109502101721514,1.8434765624999998,1.7239900000000001
10.603,0.8226454866952144,0.8055447355789686,0.4951289458332111,1.8464453124999998,1.7273999999999998
10.608,0.8263200617334956,0.8092968601481277,0.49910361525642966,1.8495312499999998,1.73094
10.613,0.8299946367717768,0.8130336201113878,0.502818472572856,1.85236328125,1.73421
10.617,0.8332098899302727,0.8167125577171654,0.506268959675352,1.8556249999999999,1.73721
10.623,0.8364251430887686,0.8202996272134477,0.5103120007056212,1.8586328125,1.74077
10.627,0.8410183618866203,0.8239495357487736,0.5137761621295276,1.86185546875,1.74391
10.632,0.8428556494057613,0.8275133275985272,0.5175046937673633,1.8653125,1.74718
10.637,0.8474488682036121,0.8310080647477414,0.5213836429407115,1.8688476562499998,1.75073
10.642,0.8506641213621089,0.8345839344073894,0.5253309637211094,1.8722851562499998,1.75428
10.647,0.8534200526408195,0.8380428545490961,0.5287176373236919,1.876328125,1.75728
10.652,0.8566353057993155,0.8414079959545916,0.5328655148181065,1.8801562499999998,1.76127
10.657,0.8603098808375966,0.8447889424329732,0.5365165586346174,1.8836718749999999,1.76454
10.662,0.8635251339960925,0.8481825625827565,0.5398941160229267,1.88791015625,1.76784
10.667,0.8667403871545893,0.851540843530671,0.5437685070891378,1.8925,1.77139
10.673,0.8699556403130853,0.8548707869039781,0.5479665237620548,1.89701171875,1.77551
10.678,0.8736302153513664,0.8582235090079984,0.5516221256857037,1.9018359374999998,1.7790599999999999
10.684,0.8759268247502918,0.861503493005942,0.5555329816090087,1.9067578125,1.78289
10.689,0.8796013997885739,0.8647251502336489,0.5592569551397073,1.91171875,1.7865799999999998
10.695,0.8818980091874993,0.8679000367615158,0.5627940462778014,1.91681640625,1.79013
10.7,0.8851132623459952,0.8709919172128824,0.5665134617013639,1.922109375,1.79381
10.706,0.8883285155044911,0.8741082410490415,0.5702374352320634,1.92685546875,1.79775
10.711,0.8915437686629879,0.8772441653912562,0.5736423412631915,1.9315625,1.80128
10.716,0.8947590218214838,0.8803958068627017,0.577033572972911,1.93685546875,1.8048
10.722,0.898433596859765,0.8836055533707986,0.5809900099675822,1.941640625,1.80888
10.728,0.9016488500182609,0.8868618927764174,0.5843538930344812,1.94615234375,1.81242
10.733,0.9044047812969715,0.8900645900286965,0.5875992653158244,1.9503906249999998,1.81581
10.737,0.9057827469363273,0.8930422655121655,0.5906805457402458,1.95455078125,1.8192
10.742,0.9089980000948232,0.8958850038546646,0.5937116869861647,1.95873046875,1.82245
10.747,0.9117539313735348,0.8987560453149602,0.5968339903748161,1.9632421875,1.82596
10.753,0.9149691845320307,0.9016497822994829,0.6002480126202192,1.967734375,1.8296299999999999
10.758,0.9168064720511708,0.9044707144568405,0.6035526402943407,1.97162109375,1.83345
10.763,0.9195624033298824,0.9071877644571301,0.6063923410405163,1.9757617187499998,1.83672
10.769,0.922318334608593,0.9099125178633982,0.6096058065719028,1.9801562499999998,1.8404099999999999
10.774,0.9241556221277332,0.9125524446579978,0.612896759924614,1.9840429687499999,1.84423
10.779,0.9269115534064447,0.9151243512283213,0.615672647170876,1.98828125,1.84763
10.785,0.9296674846851554,0.9177327179433814,0.6188906708093986,1.99201171875,1.85145
10.79,0.9315047722042964,0.920279317317694,0.6216209769842935,1.995625,1.85487
10.795,0.9338013816032218,0.9227308852044016,0.6243057020878204,1.99947265625,1.8581699999999999
10.8,0.9360979910021481,0.9251517517307203,0.6272593555124137,2.00333984375,1.862
10.805,0.9388539222808587,0.9275935015302319,0.6300853819371799,2.0070703125,1.8655599999999999
10.811,0.9406912097999989,0.9300064951911856,0.632824804326348,2.01087890625,1.86912
10.816,0.9429878191989252,0.9323509281775539,0.6356645050725236,2.0145312499999997,1.8728099999999999
10.821,0.9452844285978506,0.9346858860508506,0.6383720207117349,2.0183398437499998,1.8765
10.827,0.9480403598765621,0.9370587479656423,0.6411114431009031,2.0219140624999996,1.88008
10.832,0.9503369692754875,0.9394620041323407,0.6437460290259258,2.02544921875,1.88364
10.837,0.9526335786744129,0.9418441307636481,0.6463578244152659,2.028828125,1.88722
10.842,0.9540115443137687,0.9441183104075004,0.6487918536262738,2.0321484375,1.8906399999999999
10.847,0.9558488318329097,0.9462604283221261,0.6511392788016837,2.0353515625,1.89393
10.851,0.9581454412318351,0.9483876531864941,0.6534228904771799,2.03845703125,1.89723
10.856,0.9590640849914056,0.9504119319364716,0.6555652008314379,2.0415234375,1.9002599999999998
10.86,0.9609013725105457,0.952308159025534,0.6576847206500114,2.0447851562499997,1.90343
10.865,0.963197981909472,0.9542382105173808,0.6600047971826015,2.0483984375,1.90689
10.871,0.9650352694286122,0.9561953849063718,0.6624297101793362,2.051953125,1.91048
10.876,0.9668725569477532,0.958128806546805,0.6648774137117544,2.055546875,1.9142
10.882,0.9691691663466786,0.9600886833691267,0.6673023267084881,2.0590234374999996,1.91793
10.887,0.9710064538658196,0.9620697739045735,0.6695175667769337,2.06287109375,1.92136
10.892,0.973303063264745,0.9640678751574843,0.6720883392020429,2.06662109375,1.9255
10.898,0.9751403507838861,0.9660796168564086,0.6744995778773673,2.07037109375,1.92924
10.904,0.9774369601828115,0.9681022964694949,0.6769153746598287,2.07380859375,1.93325
10.909,0.9797335695817377,0.9701792487926257,0.6792126606567352,2.0776953125,1.93685
10.915,0.9806522133413083,0.9721632153167272,0.681550969617871,2.08115234375,1.94071
10.92,0.9829488227402337,0.9740726189792448,0.6836796056507186,2.08470703125,1.94429
10.925,0.9843267883795894,0.9759677345331252,0.6858948457191643,2.08841796875,1.948
10.93,0.9857047540189443,0.9777603890593572,0.6879414358235509,2.09189453125,1.9516
10.935,0.9880013634178706,0.9795618865577951,0.6899470029637076,2.09541015625,1.95518
10.941,0.9893793290572255,0.9813704750025868,0.6919844768538201,2.09916015625,1.95877
10.946,0.9912166165763665,0.9831392476054273,0.6940994385652584,2.10291015625,1.9624899999999998
10.951,0.9925945822157223,0.9848760929339613,0.6960457503126376,2.1062695312499997,1.96605
10.956,0.9944318697348624,0.9865873366226777,0.6978598769530509,2.10984375,1.96935
10.961,0.9958098353742182,0.9882780510311604,0.6997560495219259,2.1133007812499995,1.97279
10.966,0.9971878010135731,0.9899068016659277,0.7015109207695627,2.11669921875,1.97609
10.97,0.9985657666529288,0.9914858651836194,0.7031700717673282,2.12,1.97911
10.975,0.9999437322922846,0.9930250859116411,0.7047836416937274,2.12333984375,1.98227
10.979,1.0013216979316395,0.9945323577566905,0.7063926535129887,2.1271875,1.98542
10.984,1.0031589854507805,0.9960595125194521,0.7082158963676761,2.1311718749999997,1.9888299999999999
10.99,1.004077629210351,0.9975571089849602,0.7100664878651832,2.13490234375,1.99251
10.994,1.005455594849706,0.998985501545966,0.7116344767202154,2.1388085937500003,1.99566
10.999,1.007292882368847,1.0004494050897312,0.7133619993250315,2.1428320312499998,1.99907
11.004,1.0082115261284175,1.0018962820697235,0.7150302665370711,2.14666015625,2.00236
11.009,1.0095894917677724,1.0032840040120155,0.7166073716063748,2.1508984375,2.00563
11.014,1.0105081355273429,1.0046242910886176,0.7182300577470473,2.15482421875,2.00903
11.019,1.0118861011666986,1.0059265413965777,0.7197296749950279,2.15939453125,2.01229
11.024,1.0137233886858388,1.0072892947921277,0.7214298489570234,2.16341796875,2.01582
11.029,1.014182710565624,1.0086095602491478,0.7228793270264999,2.16796875,2.01895
11.034,1.0164793199645503,1.0099412576329878,0.7244655483100777,2.17291015625,2.02237
11.039,1.0178572856039052,1.0113731257475518,0.7261520479506647,2.17763671875,2.02605
11.044,1.0196945731230462,1.012839816246116,0.7277428273413795,2.18283203125,2.02944
11.049,1.0201538950028315,1.0142434261267623,0.7293883040177347,2.18806640625,2.0331099999999998
11.055,1.0219911825219716,1.0155964533224011,0.7310611293369105,2.1934375,2.03689
11.06,1.0224505044017569,1.0169089195960483,0.7325288398349334,2.19861328125,2.04014
11.065,1.0247471138006832,1.0182343630202904,0.7339965503329573,2.20447265625,2.04352
11.07,1.0252064356804675,1.019570212479579,0.7356010040450824,2.21,2.04717
11.075,1.026125079440038,1.0207779006092712,0.7369821105075083,2.2156640624999997,2.05054
11.08,1.027962366959179,1.022019325201323,0.7383677750770703,2.22171875,2.05378
11.085,1.029340332598534,1.023333304058359,0.7398354855750942,2.227578125,2.05727
11.09,1.0307182982378897,1.024659960383356,0.7412393825732035,2.23306640625,2.06064
11.094,1.031177620117675,1.0259057786658956,0.7424974201429384,2.2393164062499995,2.0636
11.1,1.0325555857570308,1.0270867750526906,0.7439332238910046,2.2457421875,2.0671
11.105,1.0334742295166004,1.0282612943546297,0.7453644695319337,2.2513671874999996,2.07076
11.11,1.0348521951559562,1.0294306198529273,0.7466589719587615,2.25697265625,2.07399
11.115,1.0357708389155267,1.0305957805769688,0.7480036135640944,2.26322265625,2.07736
11.12,1.0366894826750972,1.0317120997933487,0.749457649740707,2.2688671874999997,2.08114
11.126,1.0385267701942373,1.0328802580618597,0.7508159656674493,2.27439453125,2.08478
11.131,1.039904735833593,1.0341354865849957,0.7522517694155164,2.28001953125,2.08841
11.137,1.0408233795931636,1.0353695306806652,0.7536693407350361,2.28544921875,2.09218
11.142,1.0426606671123038,1.0366320894272176,0.7551370512330591,2.290625,2.09595
11.148,1.0440386327516595,1.037963015205753,0.7565637387668511,2.2957226562499997,2.09973
11.154,1.04495727651123,1.0392577589355123,0.7580770303362421,2.300390625,2.10377
11.159,1.0458759202707997,1.040477987348993,0.759380648977344,2.3054296874999998,2.10726
11.165,1.0472538859101554,1.0416839657791643,0.7608620337967773,2.30951171875,2.11131
11.17,1.0486318515495112,1.0429240194082294,0.7621155132593751,2.313359375,2.11481
11.175,1.0495504953090808,1.0441458951562803,0.7633234116506058,2.3172460937499997,2.11806
11.181,1.0509284609484366,1.0453531945406274,0.7646407046131181,2.3212109375,2.12185
11.186,1.0518471047080071,1.0465488055230834,0.7658759516471685,2.325078125,2.12521
11.191,1.0523064265877924,1.0476440401142146,0.7671522216454498,2.3288867187499998,2.12898
11.197,1.0546030359867178,1.0487952911774276,0.7684649565008241,2.332578125,2.13272
11.202,1.165758930894726,1.0609574146459888,0.7733968284227544,2.3362109374999998,2.13633
11.208,1.0564403235058588,1.0708919084602244,0.7780825625593009,2.3396484374999997,2.1400799999999998
11.214,1.0573589672654293,1.0681196723764848,0.7789030218439104,2.3430468749999998,2.1438
11.219,1.0591962547845695,1.0661697006334194,0.779687016271426,2.3462109375,2.14753
11.224,1.0587369329047842,1.064742575339366,0.7804755688060787,2.349296875,2.15099
11.229,1.06011489854414,1.063689204948112,0.7812322145907737,2.3523046875,2.15442
11.234,1.0614928641834958,1.0631175463028297,0.7820207671254256,2.355390625,2.15786
11.24,1.0628708298228506,1.0629321596110406,0.7828822493742651,2.3582226562499997,2.16145
11.245,1.0637894735824212,1.0630110123335401,0.7837072667660125,2.36099609375,2.1649
11.25,1.065167439221777,1.0633017516782797,0.7845459584791685,2.36390625,2.1682
11.255,1.0656267611015613,1.0637168954361333,0.7854575799065122,2.3664843749999998,2.17177
11.26,1.067004726740917,1.064231795814162,0.7862734810839846,2.3689257812499998,2.17494
11.265,1.0674640486207023,1.0648266883968054,0.7870574755115003,2.37158203125,2.17796
11.27,1.0683826923802728,1.0654402227351707,0.7879326320817501,2.3742578125,2.18151
11.275,1.0697606580196277,1.0661597091760406,0.7888305791876844,2.3767773437499997,2.18493
11.28,1.0711386236589835,1.0670096577004708,0.7897239681864807,2.379609375,2.18823
11.286,1.0706793017791982,1.0677822127915597,0.7907085193280112,2.382421875,2.19202
11.292,1.0725165892983393,1.0685382100131198,0.7916885123624064,2.3850781249999997,2.19581
11.297,1.0738945549376941,1.069462937455286,0.7926229243254337,2.3876757812499996,2.19932
11.303,1.0743538768174794,1.070386459559593,0.7935664525027342,2.39017578125,2.20282
11.308,1.0757318424568352,1.0713090151352382,0.794491748251489,2.39259765625,2.20633
11.313,1.0761911643366204,1.0722307956770225,0.7953896953574224,2.3948437499999997,2.20972
11.318,1.077109808096191,1.0731064528546308,0.7962329451777155,2.3969921875,2.21284
11.323,1.0780284518557606,1.073990626807045,0.7970442882480517,2.39916015625,2.21596
11.328,1.0794064174951163,1.0749271320216638,0.7978738637469345,2.40142578125,2.21895
11.333,1.0794064174951163,1.0758145965263466,0.7987672527457308,2.4036523437499997,2.22232
11.338,1.0807843831344721,1.0766627365782087,0.7996515255302539,2.40595703125,2.22567
11.343,1.0817030268940426,1.077570347157655,0.8005722631718717,2.40833984375,2.22903
11.349,1.0835403144131828,1.0785711474707633,0.8015659305276763,2.41080078125,2.23265
11.354,1.083999636292968,1.0796011722903136,0.8025641559906171,2.41322265625,2.23614
11.36,1.0844589581727533,1.0805181258165155,0.8035304747036021,2.4155859375,2.23976
11.365,1.0853776019323238,1.0813899123375452,0.8044603285594922,2.4180078125,2.24325
11.37,1.0862962456918934,1.082270982512461,0.8054038567367936,2.42046875,2.24674
11.376,1.087214889451464,1.0831594970047556,0.8063610592355035,2.4229296875,2.25034
11.382,1.0881335332110345,1.0840539808989598,0.8073045874128049,2.4253515625,2.25395
11.387,1.0895114988503902,1.0849987533841796,0.8082526736972433,2.427734375,2.25746
11.393,1.090889464489745,1.086029352850119,0.8092326667316376,2.43017578125,2.2610799999999998
11.398,1.0918081082493156,1.0870832728249626,0.8102627989445361,2.43271484375,2.2647
11.404,1.0922674301291009,1.088064889131382,0.8112473500860666,2.4351171875,2.26835
11.409,1.0936453957684567,1.0890340289166176,0.8121863201562309,2.43740234375,2.27185
11.414,1.0945640395280263,1.0900386659932857,0.8130979415835746,2.439609375,2.27521
11.419,1.0950233614078115,1.090980763642518,0.8139594238324142,2.4417968749999996,2.27834
11.424,1.095942005167382,1.0918727125731278,0.8148072317598443,2.44390625,2.2816
11.429,1.095942005167382,1.0926789466830038,0.8156049005087702,2.44646484375,2.28471
11.435,1.0973199708067378,1.0934619502221123,0.8165575449003439,2.4487890625,2.28836
11.44,1.099157258325878,1.0944083333185641,0.8174418176848679,2.4508984375000002,2.29176
11.444,1.0996165802056632,1.0953947224062532,0.8182440445409291,2.4529492187499997,2.29462
11.449,1.099157258325878,1.0961856818192055,0.819000690325626,2.455546875,2.2976199999999998
11.454,1.100994545845019,1.0969564369814182,0.8199396603957894,2.4577929687499998,2.3012799999999998
11.459,1.1019131896045895,1.0978474965422969,0.8207737940018092,2.4602148437499998,2.30443
11.464,1.1028318333641591,1.0987440212599229,0.8216671830006055,2.46275390625,2.30783
11.47,1.1037504771237296,1.0996449283427094,0.8225924787493595,2.4653515625,2.31135
11.475,1.1046691208833002,1.1005493495286203,0.823540565033797,2.46775390625,2.31489
11.48,1.1055877646428707,1.1014565885812115,0.8243883729612271,2.4703515625,2.3180199999999997
11.485,1.106047086522655,1.1023205853218794,0.8253136687099802,2.47322265625,2.32167
11.491,1.1069657302822256,1.103149907192275,0.8262663131015549,2.47587890625,2.3253399999999997
11.496,1.1083436959215813,1.1040424279679601,0.8271597021003521,2.478671875,2.32874
11.502,1.1088030178013666,1.1049401243952288,0.8281442532418835,2.4816015625,2.33251
11.507,1.109721661560937,1.1057964691561484,0.8290330841335427,2.4843359375,2.33602
11.513,1.1101809834407215,1.106619655105653,0.8298991244895202,2.4873828125,2.3394
11.518,1.1120182709598625,1.107507255648089,0.8308426526668207,2.4901171875,2.3431699999999998
11.523,1.1120182709598625,1.1084010066699888,0.8316676700585663,2.49287109375,2.34628
11.528,1.1124775928396478,1.109163183944427,0.8324653388074923,2.4958593749999998,2.34955
11.534,1.114314880358788,1.1100018632382216,0.8333724021276989,2.4990234375,2.3532
11.539,1.1147742022385732,1.1109018874851135,0.83426123301936,2.50197265625,2.35671
11.544,1.1156928459981437,1.111760098863239,0.8350953666253789,2.50541015625,2.35996
11.55,1.1170708116374994,1.112675785373784,0.8360616853383629,2.5089453125,2.36376
11.556,1.1184487772768543,1.1136830615631979,0.8370553526941684,2.5122265625,2.36754
11.561,1.1189080991566396,1.1146727773323357,0.8379396254786915,2.5153906249999998,2.3708
11.566,1.1202860647959954,1.1156484118632624,0.8387874334061216,2.51908203125,2.37407
11.571,1.11982674291621,1.116521751250483,0.8397218453691488,2.5227148437499998,2.37773
11.577,1.1207453866757806,1.1172675609730243,0.8405833276179884,2.5266796874999997,2.38125
11.582,1.1221233523151364,1.118093115558323,0.841490390938195,2.53076171875,2.38491
11.588,1.1225826741949207,1.1189371135624269,0.8424020123655387,2.5346875,2.38857
11.593,1.1235013179544913,1.1197503989730424,0.8432498202929688,2.5388671874999997,2.39209
11.599,1.124879283593847,1.1206300605342736,0.8441477673989031,2.5438671875,2.39562
11.605,1.1253386054736323,1.1215174454963788,0.8451687833975283,2.54845703125,2.39981
11.611,1.1257979273534175,1.1223200198801953,0.8460621723963246,2.5529296875,2.4036
11.616,1.1276352148725577,1.123191092551327,0.8469008641094806,2.55734375,2.407
11.621,1.1285538586321282,1.1241625940787214,0.8477577882511831,2.56166015625,2.41041
11.627,1.1294725023916987,1.1251236230892336,0.8486329448214338,2.56615234375,2.41382
11.632,1.1303911461512683,1.1260762544644631,0.8494853108560001,2.570390625,2.41723
11.637,1.1308504680310536,1.1269766501123317,0.8503194444620199,2.57482421875,2.42051
11.642,1.1317691117906241,1.1278351593071119,0.8511854848179965,2.57916015625,2.42405
11.647,1.1331470774299799,1.1287510846289834,0.8520560832811093,2.58322265625,2.42745
11.652,1.1331470774299799,1.129622046660059,0.8528674263514455,2.58720703125,2.43074
11.657,1.1340657211895504,1.1304114519283122,0.8536924437431912,2.5911718749999997,2.43402
11.662,1.1340657211895504,1.1311354589779015,0.8544536476350233,2.5947265625,2.4373
11.667,1.13498436494912,1.131807024919526,0.8551419218126686,2.59875,2.4402
11.672,1.1359030087086905,1.132527543488667,0.8559851716329616,2.602734375,2.44388
11.677,1.1372809743480463,1.133332817764607,0.8567782822747505,2.60658203125,2.44717
11.682,1.1377402962278316,1.1341605535231276,0.8575987415593591,2.6105078125,2.45058
11.688,1.1381996181076168,1.1349152967826555,0.8584465494867892,2.6142578125,2.4541399999999998
11.693,1.1391182618671865,1.1356570111659203,0.8592123114857584,2.6179882812499997,2.45743
11.698,1.1404962275065422,1.1364792818065865,0.8600510031989144,2.621953125,2.46086
11.704,1.1414148712661127,1.1373661483869881,0.8609717408405322,2.6259375,2.46467
11.709,1.1414148712661127,1.1381683070941784,0.8618058744465511,2.6295703125,2.46823
11.715,1.1423335150256833,1.1389025407903322,0.862603543195477,2.63337890625,2.47179
11.72,1.1441708025448234,1.1397643147501078,0.8634695835514536,2.63703125,2.47535
11.725,1.1446301244246087,1.1406828580009853,0.8643447401217035,2.64076171875,2.47891
11.731,1.1455487681841792,1.141555919280335,0.8652107804776801,2.6444726562499996,2.4826099999999998
11.737,1.1464674119437488,1.1424380116503512,0.8661087275836135,2.64806640625,2.48632
11.742,1.1473860557033193,1.1433273458139566,0.8669474192967694,2.6516015625,2.48977
11.747,1.1478453775831046,1.1441769850960333,0.8678225758670193,2.6552734375,2.49347
11.753,1.1492233432224603,1.1450402959837271,0.8686703837944494,2.65876953125,2.49704
11.758,1.1506013088618152,1.1460055735415458,0.8695500984718363,2.6621875,2.50061
11.763,1.1510606307416005,1.146961611714889,0.8704252550420861,2.666015625,2.50404
11.769,1.151979274501171,1.1478647391843784,0.8713733413265237,2.66931640625,2.50799
11.774,1.1524385963809562,1.1487254389549184,0.8721938006111332,2.6726757812499997,2.51144
11.78,1.1533572401405268,1.1495521170718608,0.8730324923242891,2.67626953125,2.51489
11.785,1.1547352057798816,1.150442517891328,0.8739030907874028,2.67962890625,2.51846
11.791,1.1556538495394522,1.1513840162665268,0.8748010378933362,2.68333984375,2.52215
11.796,1.1561131714192374,1.152275484655083,0.8757126593206808,2.6873046875,2.5258599999999998
11.802,1.1579504589383784,1.153217839085798,0.8767291172121681,2.69091796875,2.52998
11.808,1.1579504589383784,1.15415549580766,0.8776680872823324,2.6944140625,2.53382
11.814,1.1584097808181637,1.1549528799057551,0.8784839884598057,2.69857421875,2.53728
11.82,1.158869102697948,1.1556832849687109,0.8794867720298827,2.7021484375,2.54177
11.825,1.160706390217089,1.1564964869634806,0.8802844407788086,2.705703125,2.5452
11.831,1.1620843558564449,1.1574670854056415,0.8811778297776058,2.7090039062499995,2.5488999999999997
11.836,1.1620843558564449,1.158381888370957,0.8819800566336689,2.7125390625000003,2.5522
11.841,1.1630029996160145,1.159206448528941,0.882823306453961,2.71587890625,2.55578
11.847,1.163921643375585,1.16004964912799,0.8836255333100231,2.71943359375,2.55922
11.852,1.1648402871351555,1.1609077970054564,0.8844824574517274,2.7226562499999996,2.56279
11.857,1.165758930894726,1.161777930711548,0.8852391032364224,2.7277734375,2.56594
11.865,1.167136896534081,1.162703177422674,0.8864652340561987,2.73087890625,2.57108
11.869,1.167136896534081,1.1635816140301258,0.8872036474123481,2.7342968749999996,2.5741
11.874,1.1675962184138662,1.164331511079232,0.8879466188756329,2.737734375,2.57739
11.879,1.168974184053222,1.165114841299032,0.8887306133031485,2.7414453125,2.58081
11.885,1.1698928278127925,1.1659704825822226,0.889551072587758,2.7453710937499998,2.58422
11.89,1.170811471572362,1.1668386063164258,0.8904444615865552,2.7492968749999998,2.588
11.896,1.1712707934521474,1.1676712375141698,0.891274037085438,2.75298828125,2.59153
11.901,1.1726487590915031,1.1685209100672884,0.8920717058343639,2.7567578125,2.5948
11.906,1.1731080809712884,1.169384247634154,0.8928784907975631,2.7610546875,2.5982
11.912,1.174026724730859,1.1702130409304503,0.8937718797963594,2.7650390624999996,2.602
11.917,1.1749453684904285,1.1710596359715466,0.8945877809738327,2.7694921875,2.60539
11.923,1.175864012249999,1.1719205057626296,0.8954902861869023,2.77341796875,2.60918
11.928,1.1767826560095695,1.1727928220995139,0.8962651644001447,2.7776757812499997,2.61244
11.933,1.1772419778893548,1.1736288152348509,0.8971357628632584,2.781953125,2.61608
11.938,1.1786199435287106,1.174481183637121,0.8979243153979102,2.7863867187499998,2.61935
11.944,1.179079265408495,1.1753466829343713,0.89875844900393,2.79099609375,2.62272
11.949,1.1799979091680655,1.1761772096652903,0.8996336055741798,2.7957812499999997,2.62637
11.954,1.1804572310478507,1.1769796928169765,0.9004540648587893,2.8002148437499996,2.62987
11.959,1.1818351966872065,1.1778051904465188,0.9012243849648947,2.8046484375,2.6330999999999998
11.964,1.182753840446777,1.1786946446642521,0.9020083793924103,2.80943359375,2.63635
11.969,1.182753840446777,1.1794988783296212,0.9028060481413362,2.81431640625,2.63959
11.975,1.1836724842063466,1.1802347758800524,0.9035763682474416,2.81939453125,2.64295
11.98,1.1845911279659171,1.181006880270824,0.9043603626749572,2.8242578125,2.64619
11.985,1.185969093605273,1.1818535198575757,0.9051261246739255,2.8298632812499998,2.6494299999999997
11.99,1.1864284154850582,1.182714425368646,0.9060012812441762,2.83548828125,2.6529
11.995,1.1873470592446278,1.1835412684634972,0.9068262986359219,2.84162109375,2.65639
12.001,1.1882657030041983,1.1843862996894525,0.9077014552061717,2.8476953125,2.66
12.006,1.189643668643554,1.185291417383338,0.9085583793478751,2.8540234375,2.66335
12.012,1.1905623124031246,1.1862447168322665,0.9094335359181258,2.86044921875,2.66685
12.017,1.189643668643554,1.18700914253598,0.9102950181669653,2.86376953125,2.6704
12.023,1.1887250248839836,1.187440107821412,0.9110425477373862,2.8639648437500003,2.67321
12.028,1.1868877373648425,1.1875126762159367,0.9115849624866561,2.8622265624999996,2.67499
12.033,1.1868877373648425,1.1873888593591566,0.9120726799502856,2.8590820312500003,2.67617
12.039,1.185969093605273,1.1871985701150227,0.9125239325568204,2.85501953125,2.67659
12.045,1.1855097717254877,1.186909476530413,0.9128612324849383,2.8501171875,2.67622
12.05,1.1836724842063466,1.1864501505792835,0.9131164864845944,2.8449609375,2.67501
12.056,1.1832131623265614,1.1858543197799476,0.9132760202343793,2.84001953125,2.67306
12.061,1.1822945185669917,1.1852400331103434,0.9133717404842505,2.83515625,2.67059
12.066,1.1813758748074212,1.1845654452798302,0.9133990891270702,2.8301171875,2.66738
12.071,1.180916552927636,1.1838880054225809,0.9133854148056608,2.8255078124999997,2.66394
12.076,1.1804572310478507,1.1832537804852066,0.913348949948567,2.82103515625,2.66095
12.08,1.179079265408495,1.1825632046832446,0.913262345912969,2.81646484375,2.6579
12.085,1.1781606216489253,1.1817819407231587,0.9131164864845944,2.812109375,2.65476
12.09,1.17770129976914,1.1810189600890741,0.9129387203062613,2.8078515625,2.65173
12.094,1.1772419778893548,1.1803161422571986,0.9127472798065206,2.80314453125,2.64871
12.099,1.1763233341297843,1.1796160655058638,0.9125057001282739,2.79884765625,2.6454
12.104,1.1749453684904285,1.1788271829848749,0.9122322137000705,2.7942773437499997,2.64223
12.109,1.1749453684904285,1.1780580932275901,0.9118994718790905,2.7898828124999997,2.63879
12.114,1.1735674028510736,1.1773048747658788,0.9115712881652458,2.785625,2.63549
12.119,1.1731080809712884,1.1765188811928475,0.9111929652728987,2.78146484375,2.63232
12.124,1.1717301153319326,1.1757066061218429,0.9107964099520043,2.7771874999999997,2.62901
12.129,1.1712707934521474,1.1748732566102669,0.9103451573454695,2.77333984375,2.6255699999999997
12.134,1.1703521496925777,1.1740685099451666,0.9099166952746174,2.7696875,2.6223899999999998
12.139,1.1698928278127925,1.173286699148822,0.9094791169894929,2.76599609375,2.61934
12.143,1.168974184053222,1.1725232800211536,0.9090324224900934,2.7624804687499998,2.6163
12.148,1.1685148621734367,1.1717746086878806,0.9085766117764216,2.758203125,2.61325
12.153,1.167136896534081,1.1709922613373036,0.9079886159557855,2.75453125,2.60955
12.158,1.1666775746542957,1.1701829100759882,0.9074553174207898,2.7511328125,2.60638
12.163,1.1662182527745113,1.1694429088602427,0.906958483742887,2.7476953125,2.60319
12.168,1.1652996090149408,1.1687130157333572,0.9064343014221645,2.7442578125,2.60014
12.172,1.1643809652553703,1.1679457261315793,0.9058964447800317,2.74080078125,2.59695
12.177,1.1634623214957998,1.167148449282176,0.905317565173668,2.7376757812499997,2.59376
12.182,1.1630029996160145,1.1663726283341704,0.9047797085315352,2.73421875,2.59082
12.187,1.1620843558564449,1.1656140123080214,0.9041598059609424,2.730703125,2.58736
12.192,1.1611657120968744,1.1648236905703213,0.9035216709618004,2.7272265625,2.58403
12.197,1.1611657120968744,1.1640989486280364,0.9028789778555231,2.72357421875,2.58054
12.202,1.1597877464575186,1.163381291510378,0.9022134942135631,2.7200585937499997,2.57692
12.207,1.158869102697948,1.1625783117569681,0.9015525686787385,2.7169921875,2.57356
12.212,1.1579504589383784,1.1617524159155916,0.9009372242152809,2.71353515625,2.57048
12.217,1.1565724932990227,1.1608626423822836,0.9002170432876797,2.7097656249999997,2.56699
12.223,1.1556538495394522,1.1599216470113238,0.899392025895934,2.7064062499999997,2.56311
12.228,1.155194527659667,1.1590305819686102,0.8986581706469217,2.7027734375000003,2.55961
12.234,1.1542758839000973,1.158179554740194,0.897874176219406,2.6990624999999997,2.55598
12.239,1.153816562020312,1.1573606327798591,0.8970947398990283,2.695546875,2.55221
12.245,1.1528979182607415,1.1565674551878584,0.8963244197929221,2.69185546875,2.54844
12.25,1.151979274501171,1.1557494194413782,0.8955586577939529,2.688515625,2.5448
12.255,1.1515199526213857,1.1549569524809111,0.8948384768663518,2.685078125,2.54131
12.261,1.1506013088618152,1.154184988456078,0.8940453662245629,2.6815039062499997,2.53754
12.266,1.1496826651022456,1.153383963310022,0.8933251852969617,2.67818359375,2.53415
12.271,1.1483046994628898,1.1525141329318196,0.8925867719408123,2.674765625,2.53064
12.276,1.1478453775831046,1.1516346313362826,0.8918027775132975,2.6712695312499997,2.52713
12.282,1.146926733823534,1.1507928765314006,0.8910005506572345,2.6677539062499998,2.52349
12.287,1.1460080900639644,1.1499358879981725,0.8902211143368559,2.6643164062499998,2.51986
12.292,1.145089446304394,1.1490666839396713,0.8894416780164764,2.66087890625,2.51635
12.297,1.1441708025448234,1.1481876845733958,0.8886531254818246,2.6575781249999997,2.51297
12.302,1.1432521587852529,1.147300830607973,0.8878964796971296,2.65421875,2.5096
12.307,1.1423335150256833,1.146407678246504,0.8871033690553407,2.6508203124999996,2.50609
12.313,1.141874193145898,1.1455549772521898,0.8862783516635941,2.6470312499999995,2.50244
12.318,1.1404962275065422,1.1446892112581446,0.8854487761647114,2.643359375,2.49895
12.324,1.140036905626757,1.1438129687851457,0.884591852023008,2.6395703125,2.49518
12.329,1.1391182618671865,1.1429738273847323,0.883748602202715,2.6357617187499995,2.49154
12.335,1.1386589399874012,1.1421644363566192,0.8828962361681487,2.6318164062499996,2.48777
12.34,1.1377402962278316,1.1413789013679778,0.8820621025621289,2.62783203125,2.48399
12.346,1.1372809743480463,1.1406124959086585,0.8812142946346997,2.6239648437499996,2.4801
12.351,1.1359030087086905,1.139815928029791,0.8804303002071832,2.6204101562499997,2.4766
12.356,1.1345250430693348,1.138904169931726,0.8796599801010787,2.6165234374999997,2.47324
12.361,1.1336063993097651,1.1379455457176948,0.8787984978522383,2.61248046875,2.46961
12.367,1.1331470774299799,1.1370403445703336,0.877946131817672,2.6079296875,2.46597
12.373,1.1322284336704094,1.1361779819721605,0.8770026036403715,2.6037109375,2.46194
12.378,1.1308504680310536,1.1352589667076651,0.8761228889629846,2.59947265625,2.4581399999999998
12.384,1.129931824271484,1.1342945231631374,0.8752431742855977,2.59498046875,2.4544799999999998
12.39,1.129931824271484,1.1334301575329695,0.8743361109653911,2.5908203125,2.45056
12.395,1.1290131805119135,1.132646041744755,0.8735885813949684,2.5864062499999996,2.44717
12.4,1.1271758929927724,1.1317442686500074,0.8727270991461289,2.58150390625,2.4435
12.406,1.1267165711129872,1.13079365114698,0.871806361504512,2.57703125,2.43959
12.411,1.1257979273534175,1.1298948703701543,0.8709631116842198,2.57232421875,2.43605
12.416,1.124879283593847,1.1289921542129544,0.8701061875425156,2.56736328125,2.4324
12.422,1.1239606398342765,1.1280862823779498,0.8692173566508563,2.56294921875,2.4286
12.427,1.123041996074706,1.1271778800880825,0.8684151297947933,2.55796875,2.42521
12.433,1.1225826741949207,1.1263129505781002,0.8674989502603125,2.5531249999999996,2.42141
12.438,1.1212047085555659,1.1254373788596257,0.8666101193686524,2.5486523437499997,2.41761
12.444,1.1212047085555659,1.1245987753195874,0.8657805438697697,2.5442187499999998,2.41393
12.449,1.1193674210364248,1.123744313702585,0.8649281778352034,2.54025390625,2.41025
12.454,1.1184487772768543,1.1227861321417099,0.8641305090862774,2.5360546875,2.407
12.459,1.11798945539707,1.1218812859462481,0.8632553525160276,2.5319921875,2.40333
12.464,1.1156928459981437,1.1208827023198014,0.8623619635172304,2.5276171874999998,2.39965
12.47,1.116152167877929,1.1198999568878125,0.8613910866971102,2.5237890625,2.39583
12.475,1.1147742022385732,1.119020915456439,0.8605341625554068,2.5199023437499997,2.39216
12.481,1.1138555584790035,1.1180885258751743,0.8596362154494734,2.51625,2.38849
12.487,1.1133962365992183,1.1172043615884097,0.8586653386293515,2.5123828125,2.38442
12.492,1.1120182709598625,1.1163133660093696,0.8578403212376058,2.5090234375,2.38101
12.497,1.1120182709598625,1.1154623944820425,0.857006187631586,2.5059375,2.3774699999999998
12.502,1.1106403053205067,1.114643517186943,0.8562632161683013,2.5029882812499995,2.37434
12.507,1.1106403053205067,1.1138503754108173,0.8555020122764692,2.49994140625,2.37106
12.511,1.1088030178013666,1.1130323683841434,0.8547225759560897,2.4969140625,2.3677799999999998
12.516,1.107884374041796,1.112103418798485,0.8538793261357966,2.49375,2.36424
12.522,1.1074250521620108,1.1112220129535357,0.85297226281559,2.4909960937499998,2.36057
12.526,1.1065064084024403,1.110378731181237,0.8522292913523053,2.48794921875,2.35742
12.532,1.1055877646428707,1.1095205182130807,0.8513404604606443,2.4847265625,2.35374
12.538,1.104209799003515,1.1086048304275318,0.850365025533387,2.4817187499999998,2.34978
12.543,1.1037504771237296,1.1076885569856239,0.8494625203203174,2.478671875,2.34609
12.549,1.1028318333641591,1.1068173158062657,0.8485281083572893,2.4758203125,2.34227
12.554,1.1014538677248042,1.105891181041515,0.8476301612513559,2.47306640625,2.33857
12.559,1.1005352239652337,1.1049210285573685,0.8467641208953793,2.47017578125,2.33503
12.565,1.099157258325878,1.1039155794241333,0.8458160346109418,2.4675390624999998,2.33132
12.57,1.0982386145663074,1.1028818268382437,0.8448907388621878,2.4650390625,2.32775
12.575,1.0968606489269526,1.101825378459613,0.8440292566133483,2.4620703125,2.32445
12.581,1.0968606489269526,1.1008417346928334,0.8430036825075868,2.45962890625,2.32031
12.585,1.095942005167382,1.099961972910467,0.8421832232229765,2.45720703125,2.31702
12.59,1.0950233614078115,1.099074507583675,0.8413399734026834,2.4549023437499997,2.31358
12.595,1.094104717648241,1.0981808649876361,0.8405195141180748,2.4523828125,2.31029
12.6,1.0936453957684567,1.0973277708871407,0.8396215670121414,2.44984375,2.30671
12.606,1.0927267520088861,1.0965071915565583,0.838760084763301,2.44744140625,2.30312
12.611,1.0918081082493156,1.0956671830780873,0.8379259511572812,2.4450976562499998,2.29968
12.615,1.0904301426099599,1.094766092993034,0.8370918175512614,2.4429296875,2.29639
12.62,1.0895114988503902,1.0938160231774796,0.8362759163737898,2.44076171875,2.29324
12.625,1.0885928550908197,1.0928721796918552,0.8354736895177268,2.43845703125,2.2901
12.63,1.0881335332110345,1.0919788308210545,0.834603091054614,2.43611328125,2.28666
12.634,1.0867555675716787,1.0910804703661372,0.8337461669129098,2.43375,2.28339
12.639,1.0858369238121082,1.0901325893690488,0.8328345454855661,2.4315039062499997,2.27982
12.644,1.0849182800525385,1.0891905010392655,0.8319685051295904,2.4291796874999996,2.27653
12.649,1.083999636292968,1.0882530576967273,0.8310751161307932,2.426796875,2.27311
12.654,1.0835403144131828,1.0873648409319905,0.8301771690248589,2.424375,2.26968
12.66,1.082162348773827,1.0864705957776681,0.829215408419012,2.42193359375,2.26584
12.665,1.0812437050142574,1.0855260147316674,0.8283174613130786,2.41943359375,2.2624
12.67,1.0803250612546869,1.0845865725456907,0.8273557007072307,2.41703125,2.25868
12.675,1.0794064174951163,1.0836512510761314,0.8264486373870232,2.4147265625,2.25523
12.68,1.0784877737355458,1.0827192339004648,0.8255689227096372,2.412265625,2.2518
12.685,1.077109808096191,1.081744364466037,0.8246208364251997,2.4098046875000003,2.24822
12.691,1.0766504862164057,1.0807806348196363,0.8236499596050786,2.407421875,2.2445
12.696,1.0757318424568352,1.0798713397606126,0.8227246638563246,2.40474609375,2.24092
12.701,1.0738945549376941,1.0788691887077257,0.8217173221791096,2.40236328125,2.2372
12.706,1.0734352330579098,1.077838080765546,0.820805700751766,2.4001171875,2.23375
12.711,1.0725165892983393,1.0768747568269046,0.8199533347171988,2.39763671875,2.23058
12.716,1.0711386236589835,1.0758747833243423,0.8189915741113518,2.39494140625,2.22698
12.722,1.070219979899413,1.074845421502378,0.8179386513627698,2.39234375,2.22311
12.727,1.0693013361398434,1.073837995846569,0.816986006971196,2.389609375,2.21951
12.732,1.0679233705004876,1.0728026583393189,0.815969549079707,2.3868359375,2.21577
12.738,1.067004726740917,1.0717449390540204,0.8149075101168517,2.384375,2.21187
12.743,1.0660860829813466,1.0707147742957297,0.8140232373323286,2.3819140625,2.20853
12.747,1.0647081173419917,1.069661202901493,0.8131252902263943,2.37912109375,2.20533
12.753,1.0637894735824212,1.0685888623427773,0.8120404607278555,2.37646484375,2.2014299999999998
12.758,1.0624115079430654,1.0675014712857307,0.8110923744434189,2.3738281249999997,2.19795
12.763,1.0614928641834958,1.0664020116307311,0.8101397300518443,2.37083984375,2.19461
12.768,1.0605742204239252,1.0653383763700524,0.8090549005533045,2.3676953125,2.19084
12.774,1.0587369329047842,1.0642124639771229,0.8079199318762615,2.36466796875,2.18678
12.779,1.058277611024999,1.0630821150781156,0.8068396604848598,2.36166015625,2.183
12.785,1.056899645385644,1.0619937105467585,0.8057867377362768,2.35841796875,2.17921
12.79,1.0559810016260736,1.0608934382134199,0.8046973501306018,2.35533203125,2.17542
12.795,1.0546030359867178,1.0597836494024502,0.8036353111677466,2.3518359374999998,2.17177
12.801,1.053225070347363,1.058620727693928,0.80247755195502,2.34853515625,2.1676699999999998
12.806,1.0527657484675776,1.057506203885083,0.8014155129921647,2.34533203125,2.16385
12.811,1.0513877828282219,1.0564304890764542,0.800417287529223,2.34216796875,2.16032
12.816,1.0509284609484366,1.0553858941822802,0.7994600850305122,2.3390234375,2.15693
12.821,1.0490911734292965,1.0543207516423876,0.7985119987460747,2.3355859375,2.15353
12.826,1.048172529669726,1.0531936306019811,0.7974773084260391,2.33248046875,2.15
12.831,1.0472538859101554,1.0521078144053653,0.796547454570149,2.3292578125,2.14676
12.835,1.0458759202707997,1.0510096175894392,0.7956130426071208,2.3258984375,2.14366
12.84,1.04495727651123,1.0499014930811823,0.7946376076798636,2.3223242187499995,2.14028
12.845,1.0435793108718743,1.0487854078180912,0.7935983592526918,2.3184765625,2.13677
12.85,1.0426606671123038,1.0476629390355054,0.7925317621826995,2.3144335937499996,2.13329
12.855,1.0412827014729489,1.046535351476876,0.7913831191842471,2.31017578125,2.12951
12.861,1.039904735833593,1.0453581574216946,0.7902481505072041,2.3058203125,2.1259
12.866,1.0389860920740226,1.0441866871092653,0.7890903912944767,2.30181640625,2.12215
12.871,1.038067448314452,1.0430653084002475,0.7881012820458091,2.29765625,2.11883
12.875,1.036230160795312,1.041893093057934,0.7870574755115003,2.2930273437499995,2.11555
12.881,1.0357708389155267,1.0407256150441386,0.7858906000845005,2.2886328125,2.11185
12.885,1.034392873276171,1.039607437654178,0.7848832584072856,2.2841015625,2.10873
12.89,1.033014907636816,1.0384377893652452,0.7838212194444303,2.278984375,2.10548
12.896,1.0320962638772455,1.0372723698039006,0.7826133210531996,2.272890625,2.10169
12.902,1.0302589763581045,1.036064839262811,0.7813279348406441,2.26732421875,2.09778
12.907,1.0297996544783192,1.0348690429218554,0.7801838499493279,2.260859375,2.09415
12.913,1.027962366959179,1.0336826559267307,0.7789121380581836,2.2547460937499997,2.09025
12.918,1.0270437231996086,1.0324583121530935,0.7777361464169106,2.2486328125,2.08676
12.923,1.0256657575602528,1.0312490337240738,0.7766011777398676,2.2423828125,2.0833
12.928,1.0247471138006832,1.0300518357978532,0.7754616509556875,2.236640625,2.07982
12.933,1.0233691481613274,1.0288643249084435,0.7743859376714219,2.2309375,2.07662
12.938,1.0215318606421864,1.0275935780286505,0.7733102243871564,2.22552734375,2.0734
12.942,1.021072538762402,1.0263470901717668,0.7722345111028908,2.219296875,2.07032
12.948,1.0196945731230462,1.0251655568709526,0.7709992640688395,2.2134375,2.06659
12.953,1.0178572856039052,1.0238996032619139,0.769809598106157,2.2083593749999997,2.06313
12.958,1.01739796372412,1.0226569590025207,0.7687247686076173,2.20322265625,2.06008
12.962,1.016019998084765,1.0214785077812352,0.7676444972162155,2.1980664062499997,2.0569
12.968,1.0146420324454093,1.020260527495491,0.7664639474678054,2.1926562499999998,2.05359
12.973,1.0128047449262692,1.018965348009804,0.7652560490765739,2.18771484375,2.05015
12.978,1.0114267792869134,1.017608264520282,0.7640344763639337,2.1823046875,2.04683
12.983,1.0105081355273429,1.016292545611474,0.7626807185443285,2.1770117187499998,2.043
12.989,1.0082115261284175,1.0149189920998716,0.7612996120819027,2.17208984375,2.03932
12.994,1.007292882368847,1.01349906254453,0.759973202905118,2.1669921875,2.03579
13.0,1.0059149167294912,1.0121329490318607,0.7585920964426913,2.1624218749999997,2.0319599999999998
13.005,1.004077629210351,1.010718985415581,0.7572975940158635,2.1581835937499996,2.02854
13.01,1.00224034169121,1.0092211501773654,0.7560395564461286,2.1536328125,2.02527
13.016,1.0013216979316395,1.007747064265869,0.7546447756622934,2.1488671874999996,2.02157
13.022,0.9994844104124994,1.0062920223135512,0.7531725070571333,2.1444140625,2.01775
13.027,0.9981064447731436,1.0048067493252428,0.751768610059024,2.14013671875,2.01421
13.033,0.9967284791337887,1.003342736750867,0.7503875035965981,2.13576171875,2.0105399999999998
13.038,0.9953505134944329,1.0018957723421014,0.7489471417413949,2.1317382812499996,2.00686
13.044,0.9935132259752919,1.0004169765230821,0.7475933839217888,2.12791015625,2.0033
13.049,0.992135260335937,0.9989126559351033,0.7462988814949618,2.1242968749999998,2.00001
13.054,0.9898386509370107,0.9973423658226565,0.7449952628538599,2.12064453125,1.9968299999999999
13.059,0.9889200071774402,0.9957646783721268,0.7436460631413908,2.1170507812499997,1.99351
13.064,0.9875420415380853,0.9942720629610449,0.7423242120717424,2.1137109374999996,1.9902
13.068,0.9857047540189443,0.9927566608064088,0.7410205934306413,2.11025390625,1.98702
13.073,0.9843267883795894,0.9912229865626654,0.7397078585752661,2.10685546875,1.98384
13.078,0.9824895008604484,0.9896746604122312,0.7383221940057041,2.1032421875,1.98051
13.083,0.9815708571008779,0.9881600871689242,0.7369319713290041,2.0994140624999997,1.97718
13.089,0.9792742477019525,0.9866270776073296,0.7353822149025202,2.09615234375,1.97344
13.094,0.9774369601828115,0.9849882806780945,0.7340011084400935,2.0925585937499998,1.97023
13.099,0.9760589945434566,0.9833556594166922,0.7323556317637392,2.0889453125,1.96638
13.105,0.9742217070243155,0.9817279902605642,0.7308514564086215,2.0852734375,1.9628999999999999
13.11,0.9714657757456049,0.9799677864122948,0.729192305410856,2.0817968749999998,1.95916
13.115,0.9700878101062491,0.9781468083723224,0.7276197584486876,2.07814453125,1.95555
13.121,0.9677912007073237,0.9763225989946875,0.7259287007009654,2.07478515625,1.95193
13.126,0.966413235067968,0.9744957984925436,0.7243652699530703,2.07099609375,1.94842
13.132,0.9641166256690425,0.9726669202359455,0.7226012824911603,2.0672265625,1.94452
13.138,0.9622793381499015,0.9707908739978609,0.7207917139578832,2.06380859375,1.94062
13.143,0.9604420506307614,0.9689225068834924,0.7191371210672548,2.06044921875,1.93712
13.148,0.9581454412318351,0.9670147955710978,0.7175417835694029,2.0573828124999998,1.93374
13.152,0.956308153712695,0.9650755351832299,0.7160376082142852,2.05427734375,1.93052
13.157,0.9540115443137687,0.9631109764232215,0.7144559450378445,2.05130859375,1.92727
13.162,0.9526335786744129,0.961171633450286,0.7128925142899494,2.04828125,1.92417
13.166,0.9503369692754875,0.9592525103524374,0.7113792227205593,2.0453515624999996,1.9212
13.171,0.9484996817563465,0.9573040991545736,0.7098294662940745,2.0423828124999996,1.91811
13.175,0.9471217161169916,0.9554232063710989,0.7082888260818629,2.039453125,1.91515
13.18,0.9452844285978506,0.9535964548246626,0.7067299534411058,2.0364062499999998,1.91205
13.184,0.9439064629584957,0.951813117709305,0.7051756389074848,2.0334960937499997,1.90895
13.189,0.9416098535595694,0.9500190915970853,0.7036395568024103,2.03021484375,1.90597
13.194,0.9397725660404292,0.9481709923750432,0.7018026396263126,2.0266015625,1.90245
13.199,0.9370166347617177,0.9462340314663923,0.6999019089503014,2.02314453125,1.89894
13.204,0.9351793472425776,0.9442258147132158,0.6980649917742028,2.01966796875,1.89557
13.209,0.932423415963866,0.9421604597762752,0.6961824935267389,2.0163281250000002,1.89207
13.215,0.9301268065649406,0.9400037853507124,0.6942817628507267,2.0130468749999997,1.8887
13.219,0.9278301971660152,0.9378193861189146,0.6925405659245003,2.00990234375,1.88558
13.224,0.9259929096468742,0.9356582569806382,0.6907583460340438,2.0064453125,1.88247
13.229,0.9241556221277332,0.9335612894020179,0.6887983599652543,2.0028710937499996,1.87908
13.234,0.9209403689692373,0.9313792656322492,0.6867927928250976,1.999296875,1.87556
13.239,0.9191030814500971,0.9291290375444702,0.684832806756309,1.99609375,1.87233
13.243,0.9163471501713856,0.926869620096565,0.6830277963301681,1.9928710937499998,1.86924
13.248,0.9145098626522454,0.9246028339429619,0.6811452980827033,1.9894335937499998,1.86614
13.252,0.9117539313735348,0.9223301390184634,0.6792217768710076,1.9859960937499999,1.8630499999999999
13.257,0.9094573219746085,0.9200072041213614,0.6772572326950819,1.98232421875,1.85996
13.262,0.9067013906958978,0.9176439831143124,0.6751331547693713,1.9787890624999998,1.85659
13.267,0.9048641031767568,0.9152939596223938,0.6731230295220785,1.974765625,1.85336
13.272,0.9016488500182609,0.9129090169850864,0.670830301632309,1.97078125,1.84987
13.277,0.8993522406193355,0.9104505717204431,0.6685694804924962,1.966875,1.8464
13.282,0.896596309340624,0.9079786885210633,0.6664043796025547,1.96248046875,1.8431899999999999
13.288,0.893381056182128,0.9054050260260798,0.6638244909631723,1.9582812499999998,1.8393
13.293,0.8910844467832026,0.9027952512813125,0.661536321180539,1.9537499999999999,1.83594
13.298,0.8878691936247058,0.9001565190751888,0.6589792230768401,1.9492578125,1.83218
13.304,0.8846539404662099,0.8974035628740843,0.6565451938658322,1.94484375,1.8287
13.309,0.8818980091874993,0.8946045153467483,0.6540017700835428,1.9399414062499998,1.8251
13.314,0.8791420779087886,0.8918140102846016,0.6514720206226645,1.9352734374999998,1.82152
13.32,0.8768454685098623,0.889075857085101,0.6489513873760586,1.93060546875,1.81807
13.325,0.8736302153513664,0.8863341815795641,0.6465036838436413,1.92556640625,1.81463
13.33,0.8694963184333,0.8834076740898519,0.6438098425258403,1.9205468749999999,1.81107
13.336,0.8658217433950188,0.8802874528183615,0.6408197242441522,1.9154687499999998,1.8071199999999998
13.341,0.8626064902365229,0.8771029013405235,0.6381532315691727,1.91115234375,1.80368
13.346,0.859391237078027,0.8739122670505987,0.6355915753583359,1.9069140624999998,1.8004099999999998
13.351,0.8566353057993155,0.8707622569989241,0.6330116867189535,1.9027539062499998,1.79728
13.356,0.8534200526408195,0.867644822453243,0.6304044494367504,1.8987109375,1.794
13.361,1.165758930894726,0.8957678024223014,0.6371322155705474,1.89494140625,1.7908499999999998
13.366,0.8483675119631826,0.9178183581387439,0.642911895419906,1.89130859375,1.78783
13.37,0.8451522588046867,0.9037398019269056,0.6394887569602314,1.8878906249999998,1.7848
13.375,0.842396327525976,0.8918590542392323,0.636106641464786,1.8844140624999999,1.7817699999999999
13.379,0.8387217524876949,0.88169516939849,0.6327427583978871,1.88083984375,1.77888
13.384,0.8364251430887686,0.8729534935114148,0.6290780402599658,1.8774023437499998,1.7755999999999998
13.389,0.8327505680504874,0.865352249501707,0.6257004828716566,1.87400390625,1.7726
13.394,0.8290759930122062,0.8585289821033212,0.6221497174121522,1.87087890625,1.76946
13.398,0.8258607398537103,0.8523750555307871,0.6188769964879883,1.86791015625,1.76644
13.402,0.8226454866952144,0.8468033576108519,0.6156589728494648,1.8649023437499999,1.76357
13.407,0.8194302335367176,0.8416985335026926,0.6123589032824812,1.8617382812499998,1.7606899999999999
13.412,0.8157556584984365,0.8369225813147023,0.6088400445729336,1.85884765625,1.75739
13.416,0.8129997272197258,0.8324558447369645,0.6055809979701801,1.8560546875,1.75451
13.421,0.8102437959410151,0.8283280637775522,0.6023629743316565,1.8529296874999999,1.75164
13.426,0.806569220902734,0.8243810786253393,0.5986754656580509,1.84990234375,1.74823
13.431,0.8024353239846675,0.8204425632111658,0.5950289799486761,1.84689453125,1.7449599999999998
13.436,0.7987607489463864,0.8165108394567047,0.5912594253466095,1.8440039062499998,1.74155
13.441,0.7950861739081043,0.8126300636401205,0.5878909841725743,1.8414648437499999,1.7383899999999999
13.445,0.7923302426293937,0.8088811454020755,0.5846775186411879,1.83892578125,1.73549
13.45,0.7886556675911125,0.8052379602811303,0.5814686112169376,1.8360546875,1.73259
13.455,0.7845217706730461,0.8015430541053249,0.5777309633648278,1.8335546875,1.72918
13.459,0.7813065175145502,0.797852176063694,0.5744081032621606,1.83115234375,1.72617
13.464,0.777631942476269,0.7942100299616442,0.5711991958379103,1.82873046875,1.7233
13.468,0.7739573674379878,0.7905614588326564,0.5678900100566526,1.8263476562499998,1.7204
13.473,0.7712014361592763,0.7869987394137977,0.5646218472396258,1.823671875,1.7175099999999999
13.478,0.7661488954816402,0.7833683565638071,0.5608750831732427,1.82115234375,1.7141
13.482,0.7633929642029287,0.7796837161916739,0.557351666356559,1.8185156249999999,1.7110699999999999
13.488,0.758799745405077,0.7760010700274504,0.5535410887902614,1.8158984374999998,1.70764
13.493,0.7546658484870106,0.7721835173111451,0.549739627438238,1.8131640624999998,1.70421
13.498,0.7500726296891598,0.7682577865862124,0.5457421674793368,1.81060546875,1.70079
13.503,0.7454794108913081,0.7641998088822636,0.5419361480201763,1.8080078124999999,1.6975
13.508,0.7418048358530269,0.7601267895811332,0.537970594811231,1.80548828125,1.69408
13.513,0.7376709389349605,0.7560872107045961,0.5341828077806179,1.8027734375,1.69078
13.519,0.7330777201371088,0.7519834430533135,0.5298799546435546,1.800390625,1.6870699999999998
13.523,0.7294031450988276,0.7478737060002189,0.5263337472911882,1.7976171874999998,1.68403
13.529,0.7261878919403308,0.7438956878959826,0.5219625225470752,1.795,1.68033
13.534,0.7211353512626948,0.7398867860905117,0.5179513882667619,1.79240234375,1.6767599999999998
13.539,0.7170014543446284,0.7357621156890686,0.5139220215579021,1.7898046875,1.6733099999999999
13.545,0.7119489136669914,0.7315446135016177,0.5098288413491288,1.7863671874999998,1.66987
13.552,0.7068963729893545,0.727161668181668,0.5044046938564337,1.78380859375,1.66526
13.557,0.7013845104319332,0.7226005564891029,0.5003069555405242,1.7808984374999999,1.6618
13.563,0.6972506135138667,0.7179875816478429,0.4956531281539336,1.77806640625,1.6577899999999999
13.569,0.6921980728362298,0.7133785209994563,0.4905206995179885,1.77490234375,1.6535199999999999
13.575,0.6871455321585929,0.7086815952692774,0.4860400802025939,1.77197265625,1.64966
13.581,0.6825523133607412,0.7039597147306589,0.4814500663159178,1.7691992187499999,1.64581
13.586,0.6774997726831051,0.6992178235888411,0.47706972535753156,1.76642578125,1.6421999999999999
13.592,0.6715285882458977,0.6943233808168541,0.4724569209351719,1.7637890625,1.63834
13.598,0.6673946913278312,0.6893976146830584,0.46793983676268436,1.7610546875,1.63458
13.603,0.6628014725299796,0.6845832368258085,0.4635822863399808,1.758359375,1.63097
13.608,0.6586675756119131,0.679858178291862,0.45936603723851643,1.7558007812499998,1.6275
13.613,0.654993000573632,0.6752957463391435,0.45535490295820313,1.7531640625,1.6242999999999999
13.618,0.6503997817757803,0.6708182184709091,0.45114777007101203,1.7504492187499998,1.62082
13.623,0.6462658848577139,0.6663632710654107,0.44696798582664066,1.7477734374999998,1.61733
13.628,0.6425913098194327,0.6620174341077664,0.4429659677606015,1.7449999999999999,1.61398
13.634,0.6384574129013663,0.6577590899426302,0.4387269281234536,1.74216796875,1.6104699999999998
13.639,0.6347828378630851,0.6535709039419175,0.4346109573789958,1.73931640625,1.60698
13.644,0.6311082628248039,0.6494844778091738,0.43025796506343017,1.73595703125,1.6033499999999998
13.65,0.6255964002673817,0.6452976426928584,0.42542637149850826,1.7328124999999999,1.59918
13.656,0.6219218252291006,0.641030292258914,0.42122379671845334,1.72984375,1.59567
13.661,0.6177879283110341,0.636834884368606,0.4169300597956642,1.7268164062499998,1.59205
13.666,0.614113353272753,0.6326971653079811,0.41307390115800047,1.72318359375,1.5887
13.672,0.6086014907153316,0.6284691997446324,0.408132913021797,1.7199804687499998,1.5845500000000001
13.677,0.60400827191748,0.6240778641193147,0.4038619666346914,1.71685546875,1.58094
13.683,0.6012523406387684,0.6198285376566456,0.39982804181869547,1.7136132812499998,1.57747
13.688,0.5966591218409176,0.6156930845988272,0.39571207107423856,1.71041015625,1.57402
13.693,0.5929845468026356,0.6115579398533061,0.3917237273296097,1.70724609375,1.5705399999999998
13.698,0.5893099717643544,0.6075140461051884,0.38789947544190273,1.7039062499999997,1.56737
13.703,0.5856353967260732,0.6035433241269519,0.3839840614114607,1.70078125,1.56406
13.708,0.5824201435675773,0.5996767785474765,0.3803968310948642,1.697578125,1.56088
13.712,0.5796642122888667,0.5959847730464777,0.3767868102425824,1.6943359375,1.55783
13.717,0.5764489591303708,0.5924327266343733,0.37326339342589865,1.6908007812499999,1.5547900000000001
13.722,0.573233705971874,0.5889474078420567,0.36952118746665263,1.68724609375,1.5514999999999999
13.727,0.570018452813378,0.5855155961694294,0.3659293990429182,1.68384765625,1.54833
13.731,0.5668031996548821,0.5821266904458909,0.3625472835474728,1.6799023437499998,1.54529
13.737,0.563128624616601,0.5787266879871836,0.35857261412425423,1.6760546875,1.54172
13.741,0.5603726933378894,0.57536328923395,0.35519505673594587,1.67212890625,1.53867
13.746,0.5571574401793935,0.5720747439123871,0.3515531291337073,1.66796875,1.53524
13.751,0.5544015089006828,0.5688462215849053,0.34809808392407504,1.6640234375,1.5320399999999998
13.756,0.5516455776219722,0.5657113319994089,0.3448527116427309,1.65978515625,1.529
13.76,0.5484303244634754,0.5626060221570535,0.34140222454023483,1.6544335937499999,1.5257100000000001
13.766,0.5456743931847647,0.5595244315311433,0.3373956483670595,1.649375,1.52203
13.771,0.5415404962666983,0.5563708569498782,0.33374460455054766,1.644140625,1.51847
13.777,0.5378659212284171,0.5530685565620665,0.32995681751993367,1.63828125,1.51493
13.783,0.5337320243103507,0.549646996869681,0.32600949673953483,1.6320703124999998,1.51112
13.788,0.5305167711518548,0.5461753081690075,0.32208040838768426,1.6263476562499999,1.50744
13.793,0.5273015179933589,0.5427544261076452,0.3186162469637779,1.6201953125,1.50406
13.799,0.5240862648348621,0.5393742845513283,0.31508371393282086,1.6134374999999999,1.5008
13.804,0.5217896554359367,0.5361178155021816,0.31123667150942946,1.60646484375,1.49701
13.81,0.5181150803976555,0.5329150142921744,0.30758562769291764,1.5998632812499998,1.49336
13.815,0.5158184709987301,0.529755247907947,0.3042171865188834,1.5936328125,1.48997
13.82,0.5135218615998038,0.526766495671169,0.3010401858445899,1.5875585937499999,1.4867
13.825,0.5103066084413079,0.5238238714022231,0.29793155677734795,1.580859375,1.48355
13.83,0.5075506771625973,0.5208727340500219,0.2944673953534416,1.57466796875,1.47993
13.836,0.5047947458838857,0.517960272165671,0.29111262850081676,1.5688671875,1.47642
13.841,0.5020388146051751,0.5150788231196902,0.288095161576309,1.5627148437499998,1.4733
13.846,0.4992828833264644,0.5122222424514495,0.28464011636667674,1.55666015625,1.4695399999999998
13.852,0.49698627392753814,0.5094311049648568,0.2812762332997778,1.5509374999999999,1.4659200000000001
13.857,0.4937710207690422,0.5066469427559115,0.27815392991112464,1.5454296875,1.46253
13.863,0.49009644573076105,0.50373186818343,0.2749039995226452,1.5397851562499998,1.45889
13.868,0.48779983633183477,0.5008028222067461,0.2716221623842072,1.53447265625,1.45529
13.874,0.4850439050531241,0.49795357669914936,0.26842692928136724,1.52884765625,1.45181
13.88,0.4827472956541987,0.4951683210845576,0.2649673259645988,1.5238085937499999,1.44779
13.885,0.4799913643754872,0.4924343772787011,0.26189516175444894,1.51912109375,1.44431
13.891,0.4776947549765618,0.48974157905993726,0.2590326704725907,1.5141015625,1.44096
13.896,0.47447950181806586,0.48703627251811454,0.25583743736974984,1.50939453125,1.4372099999999999
13.902,0.4717235705393543,0.4842754339967409,0.2528154123381059,1.5046484374999998,1.43371
13.908,0.4694269611404289,0.481561069614419,0.24972501569940952,1.5004101562499998,1.42998
13.913,0.46667102986171827,0.47888397161936835,0.24693089602460283,1.49611328125,1.42662
13.918,0.464374420462792,0.4762367565581079,0.24397724260000864,1.49173828125,1.42298
13.923,0.4620778110638666,0.47365900571883257,0.24123326210370433,1.4879687499999998,1.41961
13.928,0.46024052354472555,0.47118245829337385,0.23873541939278198,1.48439453125,1.41647
13.933,0.45794391414580016,0.4687870632182201,0.23634241314600501,1.48080078125,1.41344
13.938,0.45610662662665913,0.4664567420739908,0.23384457043508178,1.4767187499999999,1.41014
13.943,0.45381001722773373,0.4641786019999343,0.23108235751023098,1.4725390624999999,1.40661
13.949,0.4510540859490231,0.46185130078090986,0.2282153081212348,1.46900390625,1.40278
13.954,0.4496761203096673,0.45957558230528456,0.2258769991600973,1.46572265625,1.39961
13.958,0.4478388327905263,0.4574322304420162,0.2237118982701558,1.4620703124999999,1.39656
13.964,0.4455422233916009,0.4553040161067526,0.22108187045226924,1.4586328124999999,1.39299
13.968,0.44370493587245985,0.45318794015624364,0.21888486281237096,1.4555078125,1.38992
13.973,0.4418676483533197,0.4511270995415091,0.21677901731520688,1.4523437499999998,1.38685
13.978,0.44048968271396394,0.4491560525717437,0.21452731238966916,1.4490625,1.38366
13.983,0.4386523951948238,0.447257008759351,0.21235765339258972,1.44578125,1.3805
13.988,0.43589646391611225,0.4452791967263519,0.21011050657418728,1.4425195312499999,1.37718
13.992,0.4349778201565426,0.4433292263030976,0.2079271732557002,1.4388671875,1.374
13.998,0.4322218888778311,0.44140158133292695,0.20537007515200045,1.4352929687499998,1.3701699999999999
14.004,0.43038460135869094,0.4394008347852945,0.20300441754804233,1.43173828125,1.36659
14.009,0.4285473138395499,0.437432473779199,0.20065699237263335,1.42826171875,1.3629799999999999
14.014,0.4262507044406245,0.4354445800003861,0.1983369158400432,1.4244531249999999,1.3593899999999999
14.02,0.4244134169214835,0.433441023405921,0.19584818934339587,1.4210351562499999,1.35555
14.026,0.42257612940234335,0.4314704090973297,0.19360104252499344,1.41755859375,1.35195
14.031,0.42027952000341706,0.4294807084546316,0.19136301192086425,1.4139453124999999,1.3483299999999998
14.036,0.4184422324842769,0.42747570298363713,0.18908395835250502,1.4105664062499998,1.34473
14.042,0.41706426684492115,0.4255494287440914,0.18691429935542558,1.4069140624999998,1.34111
14.047,0.4156863012055654,0.4237317888890172,0.18467626875129728,1.40337890625,1.3373300000000001
14.053,0.41338969180664,0.42191025631387363,0.1825248421827652,1.399765625,1.33359
14.058,0.41017443864814407,0.4199035947293039,0.18029136968577397,1.3963671874999999,1.32985
14.064,0.4087964730087883,0.41783948684108224,0.17815817554578928,1.3929296875,1.32635
14.069,0.4074185073694325,0.415911321815766,0.17617539894131706,1.3894921875,1.32286
14.074,0.4055812198502924,0.4140466639044656,0.17414704126547775,1.38626953125,1.31938
14.079,0.40374393233115136,0.4121874287892037,0.17222352005378117,1.3824804687499999,1.3159999999999998
14.085,0.40282528857158084,0.41042354584106433,0.17006297727097586,1.3791015624999998,1.31209
14.09,0.4019066448120112,0.4088271270526147,0.16822606009487906,1.376015625,1.30874
14.095,0.3991507135332997,0.4071829858204755,0.16653044424001884,1.3726171875,1.30553
14.1,0.3977727478939448,0.4054550753335265,0.16460236492118696,1.369140625,1.30203
14.105,0.396394782254589,0.4037964981437465,0.16274265720940662,1.36572265625,1.29853
14.11,0.3945574947354489,0.4021480156127257,0.16095132110467603,1.3620312499999998,1.29517
14.116,0.3931795290960931,0.40050762772251713,0.15895487017879262,1.358125,1.29125
14.121,0.3913422415769521,0.39887373071144017,0.1570313489670987,1.3542968749999997,1.28744
14.127,0.3899642759375972,0.3972450385652706,0.1551534088267692,1.3504882812499999,1.28381
14.132,0.3885863102982414,0.3956660219480441,0.1532891430078518,1.3466210937499998,1.2800699999999998
14.138,0.38720834465888565,0.39412683882826927,0.15148869068884707,1.3429101562499999,1.2764199999999999
14.143,0.38583037901953077,0.3926195971402819,0.14981586536967217,1.33931640625,1.27305
14.148,0.384452413380175,0.39113796844462256,0.14820685355041086,1.3357421874999997,1.26968
14.153,0.38261512586103397,0.38963137624752686,0.14662063226683308,1.3322070312499998,1.2663099999999998
14.158,0.3812371602216791,0.388104766476547,0.1450526434118009,1.328046875,1.2630599999999998
14.163,0.38031851646210857,0.38665310891053445,0.1432521910927962,1.32373046875,1.2591700000000001
14.169,0.37802190706318317,0.38517054977240794,0.14151099416656976,1.319609375,1.25557
14.174,0.3766439414238274,0.38361770959307084,0.13985184316880517,1.3153124999999999,1.25193
14.18,0.3757252976642569,0.3821450185539037,0.13811976245685198,1.3107421874999998,1.24817
14.186,0.37388801014511674,0.3806910951129446,0.13631019392357402,1.3063867187499998,1.24427
14.191,0.372510044505761,0.379206719029416,0.13478778613990983,1.30173828125,1.2407599999999999
14.196,0.3711320788664052,0.37774342565934493,0.1331058446064617,1.29697265625,1.23695
14.202,0.36929479134726506,0.37625153607660766,0.1314466936086962,1.29234375,1.23331
14.207,0.36837614758769455,0.3747822178295408,0.12986503043225373,1.2878124999999998,1.22969
14.212,0.3669981819483388,0.37337650082662527,0.12835629696999984,1.28322265625,1.22618
14.217,0.3656202163089839,0.3719762821002233,0.12684756350774684,1.278828125,1.22267
14.223,0.3642422506696281,0.3705804722968495,0.12538896922399623,1.2746289062499998,1.21931
14.227,0.3633236069100576,0.36923369977760284,0.12400330465443332,1.2707617187499998,1.21593
14.232,0.3624049631504871,0.3679717508490602,0.12272703465615287,1.2666015625,1.21281
14.237,0.3610269975111322,0.36673231783741284,0.12128667280094962,1.26267578125,1.20932
14.242,0.35964903187177644,0.3654654378611637,0.11997849605271149,1.25923828125,1.2062599999999999
14.246,0.35827106623242155,0.36417654888737017,0.11875692334007049,1.25578125,1.20332
14.251,0.35735242247285104,0.36291551336344596,0.11751256009174682,1.2523046875,1.20024
14.255,0.3564337787132805,0.36172231467183813,0.1162636387362852,1.2487499999999998,1.19717
14.26,0.35505581307392475,0.3605380106632635,0.11495090388091,1.2450195312499999,1.19397
14.266,0.35367784743456987,0.3593153371816434,0.11351054202570676,1.241796875,1.19035
14.27,0.3522998817952141,0.3580618962308225,0.11227985309879429,1.23826171875,1.18727
14.275,0.3509219161558583,0.3567837836573319,0.11084404935072723,1.23482421875,1.1838
14.28,0.3509219161558583,0.35562239321469447,0.10956322124530793,1.2316992187499998,1.18048
14.285,0.3490846286367182,0.35450909728760616,0.10828695124702747,1.22849609375,1.17727
14.29,0.3477066629973624,0.35329786143014985,0.10701979746302026,1.22505859375,1.17391
14.296,0.3467880192377919,0.3520990938936542,0.10557487750067907,1.2218164062499999,1.17018
14.301,0.345410053598437,0.3509103243751321,0.10423935210962032,1.2186328124999999,1.1667
14.307,0.3444914098388665,0.34972957200372345,0.1028217807901024,1.2154687499999999,1.16292
14.312,0.343572766079296,0.34860075025624054,0.10155918511323136,1.21220703125,1.15958
14.317,0.3421948004399402,0.34746806842249356,0.10013249757943754,1.209296875,1.15571
14.322,0.34173547856015585,0.34637779317225387,0.09892004108107066,1.20615234375,1.15222
14.328,0.3398981910410148,0.3452760207587463,0.097543492725781,1.2030664062499998,1.14833
14.334,0.3389795472814443,0.3441195271880749,0.09624899029895317,1.2000781249999999,1.1447
14.339,0.33714225976230416,0.3429191541636602,0.09486788383652822,1.19685546875,1.1408
14.345,0.33530497224316314,0.3415925915918417,0.09343208008846116,1.1940820312499998,1.13686
14.351,0.3348456503633779,0.34030134660255573,0.09216492630445394,1.19146484375,1.13323
14.356,0.33392700660380825,0.33912942562179943,0.0909798184489059,1.1890234375,1.12988
14.36,0.3320897190846672,0.33791668176382983,0.08984940787899998,1.18662109375,1.12663
14.365,0.33163039720488197,0.3367167050014662,0.08871899730909405,1.1841796875,1.12338
14.37,0.33071175344531145,0.33561796960648793,0.08758402863205195,1.1817578125,1.12013
14.375,0.32933378780595657,0.3345094132258831,0.08648552481210281,1.17947265625,1.1168799999999999
14.379,0.3288744659261713,0.33343848354068734,0.08541436963497251,1.177265625,1.11374
14.384,0.3279558221666008,0.33244322759583045,0.08437967931493695,1.1750390624999998,1.11062
14.389,0.32749650028681554,0.33150865242895605,0.08338145385199613,1.1725781249999998,1.1074899999999999
14.394,0.32519989088789014,0.3304862299238458,0.0821917878893128,1.1701562499999998,1.10398
14.399,0.32382192524853437,0.32930236118353895,0.08100668003376654,1.1677734375,1.10043
14.404,0.3233626033687491,0.32817104050196916,0.07986715324958649,1.1651757812499999,1.09701
14.409,0.3224439596091786,0.32712735860873576,0.07864558053694548,1.1627343749999999,1.09333
14.415,0.32060667209003846,0.326017446295286,0.07742400782430536,1.16021484375,1.0896299999999999
14.42,0.3201473502102532,0.3248999274383287,0.07624801618303056,1.1576171874999999,1.08606
14.426,0.31831006269111217,0.3237763090946045,0.07488058404201503,1.155078125,1.0817999999999999
14.431,0.31831006269111217,0.32269330161814397,0.07380031265061326,1.15294921875,1.07839
14.436,0.31647277517197203,0.32164285892583544,0.07279297097339921,1.15068359375,1.07522
14.441,0.3160134532921868,0.32057302719073844,0.07170358336772331,1.1481835937499998,1.07178
14.446,0.3155541314124015,0.31962415354807805,0.07058228901208974,1.1457617187499998,1.06806
14.451,0.3137168438932614,0.318635767357023,0.0694837851921406,1.1434374999999999,1.06446
14.457,0.31279820013369086,0.3175701952098217,0.06837160705078116,1.1411328125,1.06085
14.461,0.31187955637412035,0.31653373344853475,0.06735059105215768,1.13900390625,1.05754
14.466,0.3114202344943351,0.31556611642345195,0.06638427233917188,1.136796875,1.05424
14.471,0.3100422688549793,0.31460820229296654,0.06539972119764048,1.1346679687499999,1.05107
14.475,0.3091236250954097,0.31361256677298827,0.06444251869893058,1.1325195312499998,1.04787
14.48,0.3082049813358392,0.31263218534987885,0.06346708377167243,1.13041015625,1.0445499999999999
14.485,0.3068270156964834,0.31161853390007493,0.06250988127296075,1.1283007812499999,1.04147
14.489,0.3068270156964834,0.31066920786260044,0.06154356255997673,1.12625,1.03813
14.494,0.3054490500571285,0.3097714626779649,0.0606228249183598,1.1238671875,1.03504
14.499,0.304530406297558,0.3088240750499,0.05949241434845387,1.1214453125,1.03116
14.504,0.3036117625379875,0.3078823823397338,0.058526095635469844,1.11896484375,1.02782
14.509,0.302693118778417,0.30694525623414,0.05746861477975074,1.1164062499999998,1.02421
14.515,0.30177447501884647,0.30601179196839895,0.05631997178129744,1.1137109375,1.02016
14.52,0.2999371874997063,0.30499026026562953,0.05525337471130509,1.11115234375,1.01653
14.526,0.2990185437401358,0.30389810960614055,0.054163987105630085,1.1085546874999999,1.01289
14.531,0.29855922186035055,0.3028858371212807,0.05305180896426975,1.10552734375,1.00896
14.537,0.29718125622099567,0.30189211495450297,0.05186670110872349,1.102890625,1.0048
14.542,0.29626261246142516,0.3008677659139493,0.0508228945744138,1.09994140625,1.00117
14.548,0.29442532494228413,0.2997733561055425,0.04964690293314167,1.0971875,0.9971099999999999
14.553,0.29396600306249887,0.29866826829880766,0.04857118964887608,1.09421875,0.99332
14.559,0.29396600306249887,0.2977366256264303,0.04747268582892694,1.0910546874999998,0.9892799999999999
14.565,0.2916693936635735,0.2967620564963197,0.04630581040192627,1.0881640625,0.98509
14.571,0.29075074990400296,0.2956620620011896,0.04525288765334334,1.08544921875,0.9813399999999999
14.576,0.28983210614443244,0.29459799786630586,0.04425466219040253,1.0826757812499999,0.97787
14.581,0.2889134623848628,0.2935627453403524,0.043283785370281436,1.0794921874999999,0.9742599999999999
14.586,0.28753549674550705,0.29250509419931603,0.04217160722892199,1.0765429687499999,0.9702199999999999
14.592,0.28753549674550705,0.2915204859690621,0.041164265551707935,1.0730859375,0.9665999999999999
14.598,0.2861575311061513,0.2905944489239053,0.04004752930321143,1.06984375,0.96244
14.603,0.285698209226366,0.28966987668347455,0.039058420054542964,1.06666015625,0.9586999999999999
14.608,0.2838609217072259,0.28870097714639953,0.03804196216305478,1.06326171875,0.9549799999999999
14.614,0.28294227794765536,0.28765103083345045,0.036979923200199494,1.059921875,0.9511399999999999
14.619,0.2815643123082996,0.2865815971318796,0.036013604487216355,1.05671875,0.9476899999999999
14.624,0.2811049904285152,0.2855420388919157,0.03505184388136762,1.0531640624999998,0.94424
14.629,0.2801863466689447,0.28457193888219023,0.03405361841842591,1.04978515625,0.94052
14.634,0.27972702478915945,0.28365753559670837,0.03312376456253663,1.0462109375,0.93709
14.64,0.2783490591498037,0.28274229216155106,0.032148329635276696,1.0421484374999999,0.9335
14.645,0.2769710935104488,0.2817353712626134,0.031058942029601688,1.0382812499999998,0.92954
14.651,0.275593127871093,0.28065493662164664,0.0300424841381135,1.0343554687499998,0.9259899999999999
14.656,0.275593127871093,0.27965205890326195,0.029062491103720056,1.030234375,0.9224299999999999
14.661,0.27421516223173725,0.27871137203706886,0.028096172390734253,1.02537109375,0.91873
14.667,0.273755840351952,0.27777505249124773,0.026947529392280956,1.0210546875,0.91448
14.672,0.27283719659238237,0.2768877368694806,0.026054140393484637,1.01658203125,0.91106
14.678,0.27191855283281186,0.27599421431795584,0.025074147359091192,1.0116796875,0.90723
14.683,0.27099990907324134,0.27509571459304316,0.024121502967516584,1.006953125,0.9036899999999999
14.688,0.26962194343388557,0.27414772191901604,0.02320532343303494,1.00177734375,0.9001600000000001
14.694,0.2691626215541012,0.2732055440384389,0.022211656077230302,0.9965234374999999,0.89649
14.699,0.26732533403496017,0.2722225270025303,0.02125901168565658,0.9909570312499999,0.89282
14.705,0.26778465591474543,0.27129776589418286,0.020269902436989007,0.9855273437499998,0.88917
14.709,0.26640669027538966,0.27046522056375,0.019422094509558896,0.9801562499999998,0.88577
14.714,0.26548804651581914,0.269570114980416,0.01858796090353909,0.9749609374999999,0.8825000000000001
14.719,0.2650287246360348,0.2687158477489657,0.017794850261750206,0.9695898437499999,0.87938
14.723,0.26411008087646426,0.26789432771558863,0.016997181512825144,0.9628906249999999,0.87629
14.729,0.26319143711689374,0.267053564912339,0.016026304692703164,0.9562109374999999,0.8725099999999999
14.735,0.26227279335732323,0.2661973718390753,0.015028079229762348,0.95048828125,0.86859
14.739,0.2613541495977527,0.2653288056389549,0.014212178052289026,0.94388671875,0.8654899999999999
14.745,0.26089482771796835,0.26449581963945323,0.013241301232167935,0.93791015625,0.86161
14.75,0.2595168620786126,0.26364586258015604,0.012357028447644858,0.9322460937499999,0.85809
14.756,0.25859821831904206,0.2627367949903351,0.011468197555984716,0.9260937499999999,0.85459
14.761,0.2581388964392568,0.26187133199385404,0.01052011127154806,0.9200585937499999,0.85084
14.767,0.2567609307999019,0.26099533248661627,0.00954011823715284,0.9149414062499999,0.8469499999999999
14.772,0.25630160892011666,0.2601108840290944,0.008733333273953647,0.9095117187499999,0.84386
14.777,0.25538296516054615,0.25926516246596215,0.007826269953747023,0.9043749999999999,0.84009
14.783,0.2540049995211904,0.25835949120888857,0.006891857990718897,0.8989062499999999,0.83647
14.788,0.25308635576162075,0.2574057478722288,0.005930097384871935,0.8933789062499999,0.8326799999999999
14.794,0.25308635576162075,0.25654996245674433,0.004972894886160262,0.8885742187499999,0.8287599999999999
14.799,0.25216771200205024,0.2557727269165512,0.004138761280141345,0.8840234374999999,0.82528
14.805,0.25078974636269447,0.25492197279631074,0.003236256067070009,0.87896484375,0.8216699999999999
14.81,0.2503304244829092,0.2540577679492751,0.002333750853999561,0.8742382812499999,0.81792
14.816,0.2494117807233387,0.2532282792038678,0.0014266875337938245,0.8698046874999998,0.8141700000000001
14.821,0.2480338150839838,0.25233562461550907,0.0005378566421327946,0.86529296875,0.81057
14.826,0.24665584944462804,0.25134681711748597,-0.00038288099948413645,0.860859375,0.80694
14.832,0.24573720568505752,0.25032640902027953,-0.0013446416053319865,0.8564062499999999,0.8031999999999999
14.838,0.24573720568505752,0.2494171668902746,-0.0023064022111798366,0.8522656249999999,0.7993399999999999
14.843,0.24527788380527227,0.2486425677045181,-0.003126861495789335,0.8484960937499999,0.7958799999999999
14.848,0.24389991816591738,0.2478394294923679,-0.0039154140304411555,0.8446874999999999,0.7926899999999999
14.853,0.24298127440634687,0.24696790470215488,-0.004744989529323895,0.8409179687499999,0.7892299999999999
14.858,0.2425219525265616,0.24613254628723205,-0.005560890706797217,0.8370117187499999,0.7859
14.864,0.24114398688720584,0.24528068685053395,-0.006454279705593535,0.8327734374999999,0.78216
14.869,0.24022534312763622,0.2443700937944128,-0.007420598418577562,0.8288281249999999,0.7782899999999999
14.875,0.23884737748828044,0.24341240379681164,-0.008323103631647122,0.8251562499999999,0.7747200000000001
14.88,0.23792873372870993,0.2424169480030861,-0.009221050737581393,0.8211328124999999,0.77128
14.886,0.23792873372870993,0.24152771446762,-0.010169137022019825,0.8175781249999999,0.7674300000000001
14.891,0.23655076808935505,0.24067815587659608,-0.010994154413764612,0.8137304687499999,0.7641100000000001
14.897,0.23563212432978453,0.2397694078079818,-0.011942240698203044,0.8102148437499999,0.76027
14.902,0.23517280244999927,0.23890420102713536,-0.012794606732769331,0.8068554687499999,0.7567900000000001
14.907,0.23425415869042876,0.23807390885741128,-0.013615066017377941,0.8035351562499999,0.75333
14.912,0.23333551493085825,0.23722611190921622,-0.014389944230620344,0.8002734374999999,0.75013
14.917,0.23241687117128862,0.23636427834050705,-0.015219519729503084,0.79693359375,0.74681
14.922,0.23241687117128862,0.2355821929456433,-0.016021746585566987,0.79373046875,0.7434700000000001
14.926,0.2314982274117181,0.23486405550960843,-0.016755601834577583,0.7903710937499999,0.7402500000000001
14.932,0.23012026177236233,0.2340606906015511,-0.017594293547733564,0.7873046874999999,0.73678
14.936,0.23012026177236233,0.2332799877997627,-0.018309916368198564,0.78435546875,0.73369
14.941,0.22920161801279182,0.2325629590286764,-0.01901642297439121,0.7810937499999999,0.7307299999999999
14.946,0.22874229613300745,0.23185148689972043,-0.019791301187631838,0.7775585937499999,0.72736
14.951,0.22736433049365168,0.2310989686106934,-0.02064822532933519,0.7744335937499999,0.7236400000000001
14.956,0.2259863648542959,0.23022253271778634,-0.021418545435440528,0.7713867187499999,0.72044
14.961,0.2259863648542959,0.2293832362190462,-0.022156958791589965,0.7677148437499999,0.71749
14.967,0.2250677210947254,0.2286192227066219,-0.023086812647481025,0.764453125,0.7135
14.971,0.22460839921494102,0.22787007475187845,-0.023806993575081314,0.76091796875,0.71042
14.977,0.22323043357558525,0.2270873452111058,-0.02469126635960439,0.75736328125,0.7065699999999999
14.982,0.22231178981601474,0.22623218559659602,-0.025557306715581873,0.7540234374999999,0.7029399999999999
14.987,0.22185246793622948,0.22540994998476244,-0.026341301143097517,0.7503320312499999,0.6996100000000001
14.993,0.2204745022968746,0.22456861337800782,-0.027207341499073223,0.7464062499999999,0.6960199999999999
14.999,0.21909653665751883,0.2236209564169382,-0.028196450747742574,0.7428710937499999,0.692
15.004,0.21955585853730408,0.22277005150563184,-0.029016910032351184,0.7391796875,0.68852
15.009,0.2181778928979483,0.22199672951311256,-0.029860159852643342,0.7354492187499999,0.68489
15.015,0.21771857101816305,0.22119461544855856,-0.030694293458664035,0.7317773437499999,0.68127
15.02,0.21679992725859343,0.22041491566520938,-0.0315193108504106,0.7281249999999999,0.67763
15.025,0.21542196161923766,0.21956218553332776,-0.03234888634929334,0.7244726562499999,0.67414
15.03,0.21542196161923766,0.21874189805958422,-0.03316478752676488,0.7206640624999999,0.67066
15.036,0.21404399597988188,0.2179476254983694,-0.03399892113278469,0.7169921874999999,0.66706
15.041,0.21312535222031137,0.21708320983998552,-0.034842170953077733,0.7130273437499999,0.66344
15.046,0.212666030340527,0.21625355205051408,-0.03565351402341399,0.7092578124999999,0.65997
15.052,0.2117473865809565,0.21545176568007351,-0.036460298986612294,0.7052929687499999,0.65649
15.057,0.21082874282138597,0.21462682678104833,-0.037317223128315646,0.7011914062499999,0.6527399999999999
15.062,0.20899145530224494,0.21369231870964228,-0.03818326348429313,0.6970703125,0.6491199999999999
15.068,0.20853213342246057,0.2127154518915688,-0.039122233554455654,0.6931249999999999,0.6453800000000001
15.073,0.20807281154267532,0.21184112436576225,-0.03990622798197219,0.6887890624999999,0.6420600000000001
15.079,0.20761348966289006,0.21104902039598258,-0.040767710230811716,0.6844531249999999,0.6383099999999999
15.084,0.2062355240235343,0.21023184555886593,-0.041629192479651245,0.6803320312499999,0.6347
15.089,0.20577620214374903,0.20939456705397907,-0.04243141933571515,0.6758203125,0.6312199999999999
15.095,0.20485755838417852,0.20858666983269217,-0.0432883434774185,0.6715625,0.62747
15.1,0.20439823650439415,0.20780233268837497,-0.044095128440615916,0.6667382812499999,0.62399
15.106,0.20256094898525312,0.20694588397895167,-0.04495661068945722,0.6620703124999999,0.6202799999999999
15.111,0.20210162710546786,0.2060316109059832,-0.04583176725970617,0.6572460937499999,0.6167099999999999
15.117,0.20118298334589735,0.20516197376975764,-0.0466932495085457,0.65251953125,0.61314
15.122,0.20026433958632772,0.20428262712986897,-0.04753194122170257,0.6477929687499999,0.6095599999999999
15.127,0.19888637394697195,0.20334999280993957,-0.04837063293485855,0.6430664062499999,0.60626
15.132,0.1984270520671867,0.20242013038874107,-0.04921844086228866,0.6383984374999999,0.6028199999999999
15.137,0.19750840830761618,0.20153799256502997,-0.05006169068258082,0.6340039062499999,0.5992500000000001
15.142,0.19704908642783092,0.20069412383825347,-0.05084568511009735,0.6298437499999999,0.59606
15.147,0.19658976454804655,0.19992644397666887,-0.05159321468051914,0.626015625,0.5929
15.152,0.19567112078847604,0.19917435607316109,-0.05229972128671001,0.6215039062499998,0.58985
15.157,0.19429315514912027,0.19834376718000807,-0.053152087321277186,0.6170312499999999,0.5862799999999999
15.163,0.19429315514912027,0.1975412341820646,-0.054054592534347634,0.61259765625,0.58243
15.168,0.193833833269335,0.1968522022369694,-0.054870493711820956,0.6090039062499999,0.5788499999999999
15.173,0.19245586762998013,0.1961176781399651,-0.0555678841037377,0.6055859374999999,0.57579
15.177,0.1915372238704096,0.19530117320034998,-0.05627894881706652,0.6019335937499999,0.5727
15.182,0.19015925823105384,0.19441892998366528,-0.057085733780264825,0.598671875,0.56938
15.187,0.18924061447148333,0.19348397297514291,-0.05785605388637105,0.5954882812499999,0.5663400000000001
15.191,0.19015925823105384,0.19273425559097265,-0.05855344427828868,0.5923632812499999,0.56342
15.196,0.1883219707119137,0.19204207320964806,-0.05925995088447955,0.5893164062499999,0.56037
15.201,0.18786264883212844,0.19125952097591276,-0.05999380613349192,0.5862499999999999,0.55732
15.205,0.18694400507255793,0.1904955073091413,-0.06073221948963958,0.5833203124999999,0.5541499999999999
15.21,0.18648468319277267,0.18974635923063085,-0.061466074738651066,0.5799609374999999,0.55111
15.215,0.18602536131298741,0.1890546333605106,-0.06227741780898821,0.57693359375,0.54766
15.22,0.18418807379384727,0.18827244719107863,-0.0630705284507771,0.57390625,0.5442199999999999
15.225,0.18372875191406202,0.18741772329172643,-0.06388187152111335,0.5710156249999999,0.54094
15.23,0.18326943003427676,0.18664133895334337,-0.06465219162721869,0.5680273437499999,0.5377799999999999
15.235,0.181891464394921,0.1858367692743499,-0.06547720901896525,0.5651367187499999,0.5343499999999999
15.24,0.18143214251513573,0.18500959851355073,-0.06628855208930062,0.5622265624999999,0.53105
15.246,0.18051349875556522,0.18420980642585627,-0.0671272438024566,0.5593359374999999,0.52749
15.251,0.18005417687578085,0.1834319685745546,-0.0679477030870661,0.5568359374999999,0.52407
15.255,0.17867621123642508,0.18262623336185937,-0.0686633259075311,0.5544921875,0.5210299999999999
15.26,0.17867621123642508,0.18184362987525166,-0.06936071629944784,0.551796875,0.5182599999999999
15.265,0.17775756747685456,0.18112507699510164,-0.0701583850483738,0.5494335937499999,0.51485
15.269,0.1772982455970693,0.18041238272325552,-0.0708557754402932,0.5468945312499999,0.5118400000000001
15.274,0.17592027995771442,0.1796588844300547,-0.07163521176067178,0.5441406249999999,0.5085599999999999
15.28,0.1750016361981439,0.178827164582578,-0.07248301968810189,0.5415625,0.5049999999999999
15.285,0.1750016361981439,0.17806922658711785,-0.07328068843702695,0.5390429687499999,0.50173
15.29,0.17362367055878813,0.1773249504293065,-0.07406924097167966,0.5364843749999999,0.49831000000000003
15.295,0.17270502679921762,0.17650062556914745,-0.07488514214915298,0.5338671874999998,0.49489000000000005
15.3,0.17224570491943325,0.17570311553417217,-0.07572839196944514,0.5312109374999999,0.4913399999999999
15.306,0.171786383039648,0.17497260948575113,-0.07654885125405375,0.5287109374999999,0.4879499999999999
15.311,0.16994909552050697,0.17415932651339838,-0.0773601943243909,0.5260937499999999,0.4845599999999999
15.317,0.1694897736407217,0.17327966690734586,-0.07824902521605015,0.52369140625,0.48089000000000004
15.322,0.16903045176093645,0.17248328728294493,-0.07901934532215638,0.5210742187499999,0.47760999999999987
15.327,0.1671931642417963,0.17161718202612422,-0.07988994378526915,0.5185351562499999,0.47395999999999994
15.332,0.1662745204822258,0.17064966373734894,-0.08078333278406635,0.5163085937499999,0.47042000000000006
15.337,0.16535587672265528,0.16969182878090633,-0.08155821099730876,0.5140429687499999,0.46738999999999997
15.342,0.16535587672265528,0.16883276240335332,-0.08234676353196058,0.5115624999999999,0.46424
15.347,0.16489655484287002,0.16809839783109684,-0.08319457145939069,0.5093554687499999,0.4605999999999999
15.352,0.16351858920351514,0.16732752269512166,-0.08390563617271773,0.5069140624999999,0.45758999999999994
15.357,0.16259994544394463,0.16648186881539406,-0.0847306535644643,0.5043945312499999,0.45431
15.363,0.16214062356415937,0.16566725560175694,-0.08559669392044178,0.5017773437499999,0.45063999999999993
15.368,0.16122197980458886,0.16487753308017525,-0.08647640859782868,0.4993554687499999,0.44696999999999987
15.373,0.15984401416523397,0.16401676597865614,-0.08731510031098466,0.4970507812499999,0.4435499999999999
15.378,0.1584660485258782,0.1630535282159291,-0.08811276905991061,0.4947265624999999,0.44039000000000006
15.383,0.15800672664609294,0.16209912570051055,-0.08895601888020277,0.4924609374999999,0.43711999999999995
15.388,0.15708808288652243,0.1611973098220031,-0.0897400133077193,0.4901757812499999,0.4339899999999999
15.393,0.15708808288652243,0.16038316366665314,-0.09054224016378054,0.4879296874999999,0.43073000000000006
15.398,0.1552507953673823,0.15954831378185366,-0.09133079269843325,0.48566406249999994,0.42757
15.403,0.15479147348759703,0.15865136023711013,-0.09215581009017981,0.4832617187499999,0.42443999999999993
15.408,0.15387282972802652,0.15779561117410879,-0.09298538558906255,0.4808007812499999,0.42117000000000004
15.413,0.152954185968456,0.1569274010141158,-0.09386510026644945,0.4782617187499999,0.4176500000000001
15.418,0.15203554220888638,0.15604919862885983,-0.09474481494383635,0.47589843749999994,0.41423999999999994
15.423,0.15111689844931586,0.15516298374151236,-0.09554704179989759,0.4732421874999999,0.4109799999999999
15.429,0.1497389328099601,0.15422484195495959,-0.09649512808433602,0.4707421874999999,0.40734000000000004
15.434,0.14882028905038958,0.15324506135647706,-0.09738851708313234,0.4681445312499999,0.40406999999999993
15.439,0.14836096717060432,0.15232289546200467,-0.09824999933197187,0.4655078124999999,0.40066
15.444,0.14790164529081995,0.151492431165181,-0.09912971400935877,0.4628710937499999,0.3972499999999999
15.449,0.14698300153124944,0.1506899980777503,-0.09996840572251564,0.4601757812499999,0.39383999999999997
15.455,0.14560503589189366,0.14981903870846608,-0.10087546904272315,0.4574414062499999,0.39027999999999996
15.459,0.1442270702525379,0.14884762803483723,-0.10173695129156268,0.4547070312499999,0.38698999999999995
15.465,0.14376774837275352,0.14788667187756513,-0.10263945650463313,0.4519140624999999,0.38358000000000003
15.47,0.14330842649296827,0.14702510269132685,-0.10349182253919853,0.4489648437499999,0.38029
15.475,0.1419304608536125,0.1461522255279006,-0.10443079260936372,0.4460937499999999,0.37659
15.48,0.14101181709404198,0.14522477891064212,-0.1052877167510653,0.44318359374999994,0.37342999999999993
15.485,0.14009317333447147,0.14429907637149256,-0.10615831521417984,0.4401562499999999,0.36999000000000004
15.491,0.13917452957490184,0.14337477236261312,-0.10706082042725029,0.4370117187499999,0.36656
15.496,0.13871520769511658,0.14249709168324778,-0.10795420942604661,0.4339257812499999,0.3631199999999999
15.501,0.13779656393554607,0.14165679702305328,-0.10883848221056969,0.4308203124999999,0.3595599999999999
15.506,0.1364185982961903,0.1407554774564185,-0.10972731310222983,0.4272460937499999,0.35613000000000006
15.512,0.13549995453662067,0.1398052236256319,-0.11067084127953031,0.42359374999999994,0.3525799999999999
15.517,0.1341219888972649,0.13881573069809355,-0.11167818295674525,0.4200781249999999,0.34875999999999996
15.523,0.13320334513769438,0.13779477297302345,-0.11263082734831986,0.4163671874999999,0.34534
15.528,0.1318253794983395,0.13674858445607324,-0.11363361091839774,0.4125390624999999,0.34165
15.534,0.13136605761855424,0.1357276659170256,-0.11464095259561269,0.40880859374999995,0.3378300000000001
15.539,0.13044741385898373,0.13477251259221196,-0.11556624834436757,0.4049023437499999,0.33443
15.545,0.12952877009941322,0.1338245927744893,-0.11649610220025686,0.4006249999999999,0.33089999999999997
15.55,0.12815080446005744,0.13283697143051346,-0.11752167630601829,0.3961523437499999,0.32709999999999995
15.556,0.12677283882070256,0.1317720125940273,-0.11855636662605384,0.39203124999999994,0.32332000000000005
15.561,0.12723216070048782,0.130827046400337,-0.11945887183912429,0.3878124999999999,0.32006
15.566,0.1253948731813468,0.12993279725952742,-0.12034770273078443,0.3834374999999999,0.31667
15.572,0.12447622942177627,0.1289427111319186,-0.12125476605099195,0.3785546874999999,0.31326999999999994
15.577,0.12309826378242139,0.127921277735346,-0.12226210772820689,0.37384765624999994,0.30962
15.582,0.12217962002285088,0.12687470778995436,-0.12319651969123324,0.3688671874999999,0.30623
15.588,0.12126097626328036,0.12585348339349203,-0.12414460597567167,0.3638867187499999,0.30284
15.593,0.1208016543834951,0.12489808480967853,-0.1250653436172895,0.35853515624999993,0.2995699999999999
15.598,0.11942368874414022,0.12394996832522778,-0.12604077854454676,0.35287109374999986,0.2959099999999999
15.603,0.11804572310478445,0.12291668739443695,-0.12697063240043782,0.3473242187499999,0.29262999999999995
15.608,0.11758640122499919,0.1219061191085486,-0.1278822538277815,0.34158203124999986,0.28932999999999987
15.613,0.11620843558564342,0.12091376349401159,-0.12879843336226138,0.3352929687499999,0.2860499999999999
15.618,0.1152897918260738,0.11989051025568401,-0.12976931018238336,0.32902343749999985,0.28262999999999994
15.624,0.11391182618671802,0.11884248102715131,-0.1307356288953665,0.3227148437499999,0.27920999999999996
15.628,0.11345250430693277,0.11782008646999784,-0.13166548275125756,0.3158789062499999,0.27591999999999994
15.634,0.112074538667577,0.1168182476802169,-0.1327047311784293,0.31005859374999994,0.27225999999999995
15.639,0.11069657302822211,0.11574188824864301,-0.1335844458558162,0.3034179687499999,0.26922999999999986
15.644,0.1097779292686516,0.11465127456336958,-0.13466015914008178,0.2970898437499999,0.26554999999999995
15.649,0.10794064174951057,0.11350372888277888,-0.13570396567439058,0.2913671874999999,0.2621199999999999
15.654,0.1074813198697262,0.11235603282054556,-0.1366702843873746,0.2857031249999999,0.2589699999999999
15.659,0.10610335423037043,0.11125371805618536,-0.13765939363604218,0.2799999999999999,0.2556799999999999
15.664,0.10518471047079991,0.11014229147360807,-0.13868040963466743,0.27496093749999995,0.25224999999999986
15.669,0.10472538859101466,0.10911456213404419,-0.13958291484773788,0.27001953124999994,0.24923000000000006
15.674,0.10334742295165977,0.1081084455228476,-0.1404899781679454,0.26531249999999995,0.24621999999999988
15.678,0.101969457312304,0.10702865581902327,-0.14140615770242526,0.2608007812499999,0.24319999999999986
15.683,0.10151013543251874,0.10598079337378659,-0.1423086629154957,0.25642578124999993,0.2402899999999999
15.687,0.10059149167294823,0.1050040344407116,-0.14319749380715585,0.25105468749999993,0.23737999999999992
15.693,0.09875420415380809,0.10394778588524599,-0.14434613680560915,0.2460351562499999,0.23369000000000018
15.698,0.09829488227402283,0.10287329858149796,-0.14544464062555829,0.24154296874999992,0.23012999999999995
15.703,0.0964575947548818,0.10178418610618775,-0.14642463365995173,0.23736328124999995,0.22697000000000012
15.707,0.09599827287509655,0.10068334609125089,-0.1473955104800737,0.23322265624999994,0.22380999999999984
15.712,0.09507962911552692,0.099664105841267,-0.14837094540733098,0.22914062499999993,0.22066000000000008
15.717,0.0941609853559564,0.09866479640727308,-0.14933726412031678,0.2250195312499999,0.21765999999999996
15.722,0.09278301971660063,0.0976359670843921,-0.15034916390466702,0.22097656249999997,0.2143799999999998
15.727,0.09140505407724575,0.09653796465566576,-0.15137017990329316,0.2166601562499999,0.21123000000000003
15.732,0.09002708843788998,0.09538449413643196,-0.1525142647946085,0.21236328124999992,0.20767999999999986
15.738,0.08910844467831947,0.09423204710224085,-0.15367202400733593,0.20773437499999992,0.20414999999999983
15.744,0.0877304790389637,0.09308042077373134,-0.15493917779134314,0.2036132812499999,0.2002600000000001
15.749,0.0854338696400383,0.09179294689263111,-0.15611516943261705,0.19978515624999993,0.19674000000000014
15.754,0.08497454776025304,0.09048754420929361,-0.15723646378824974,0.1959375,0.19349000000000016
15.759,0.08359658212089727,0.08925876866185689,-0.15838966489383832,0.1918945312499999,0.18997999999999982
15.765,0.08221861648154238,0.08800043462527879,-0.1596294700350267,0.1881054687499999,0.18632999999999988
15.77,0.08175929460175713,0.08680940218517566,-0.16077811303348,0.1843164062499999,0.18291999999999975
15.775,0.07900336332304647,0.08553583146669284,-0.16197689521043745,0.1807617187499999,0.1793800000000001
15.781,0.07808471956347596,0.08415057359313982,-0.16317111928025785,0.1772460937499999,0.1759900000000001
15.786,0.07624743204433493,0.08276676050336945,-0.16439269199289797,0.17353515624999993,0.1726000000000001
15.791,0.07578811016454967,0.08142960783258586,-0.1656233809198122,0.17035156249999994,0.16920000000000002
15.796,0.07486946640498005,0.08022087469194195,-0.16671732663262429,0.16716796874999984,0.16595000000000004
15.801,0.07303217888583902,0.07897861213314969,-0.16782950477398462,0.16408203124999998,0.1628400000000001
15.806,0.07119489136669888,0.07761845944772024,-0.16895991534389054,0.16068359374999985,0.15971000000000002
15.811,0.07027624760712836,0.07625477754665438,-0.17019516237794097,0.1574609374999999,0.1564399999999999
15.816,0.06843896008798733,0.07488826566058276,-0.17141673509058197,0.15419921874999998,0.15318999999999994
15.821,0.06752031632841682,0.07351948448411978,-0.1726519821246324,0.15119140624999994,0.14981
15.825,0.06660167256884719,0.07223988739339764,-0.17377783458740215,0.14787109374999985,0.14685000000000015
15.831,0.06522370692949142,0.0709863027856191,-0.1750495464785473,0.1446289062499999,0.14334999999999987
15.836,0.06338641941035039,0.06966257313245115,-0.17628935161973303,0.14128906249999995,0.14012000000000002
15.841,0.062467775650780766,0.06832809790102011,-0.17764310943933914,0.1380468749999999,0.13651999999999997
15.846,0.06063048813163974,0.06698500607358156,-0.17886924025911632,0.13478515624999998,0.13329000000000013
15.852,0.059252522492283966,0.06558950293994747,-0.18019109132876565,0.1313476562499999,0.1299199999999998
15.857,0.05787455685292908,0.0641974744461339,-0.18156763968405443,0.12814453124999992,0.12631000000000014
15.862,0.05695591309335857,0.06285373405936663,-0.18283479346806164,0.12466796874999997,0.12311000000000005
15.868,0.05419998181464791,0.06141220897815082,-0.18426603910899164,0.12128906249999993,0.11951
15.873,0.0532813380550774,0.05989227292759031,-0.1856744942142372,0.1182812499999999,0.11590999999999996
15.878,0.05282201617529303,0.058536970611992874,-0.18687783449833084,0.11515624999999985,0.11282000000000014
15.883,0.050525406776365855,0.05717717809466284,-0.1881358720680666,0.11181640624999989,0.10973999999999995
15.888,0.0486881192572266,0.05567727934805659,-0.18957167581613366,0.10832031249999996,0.1061399999999999
15.894,0.04731015361786994,0.054156036878617184,-0.19100747956419895,0.10499999999999987,0.10265000000000013
15.899,0.045013544218944546,0.05257217755540651,-0.19243416709799188,0.10201171874999992,0.09929999999999994
15.904,0.04455422233916018,0.051029111197333554,-0.19369220466772585,0.09884765624999992,0.09620000000000006
15.909,0.04271693482001915,0.049564257527847363,-0.19504596248733197,0.09546874999999988,0.09297999999999984
15.914,0.04042032542109375,0.04798011301223306,-0.19651367298535583,0.09228515624999989,0.08949000000000007
15.919,0.03858303790195272,0.0463003123110408,-0.19792668619773757,0.08906249999999982,0.08625999999999978
15.924,0.03720507226259606,0.04463481120556778,-0.19938528048148818,0.08564453124999993,0.0829200000000001
15.93,0.03536778474345681,0.04298077656903372,-0.20088033962233176,0.08218749999999986,0.07956999999999992
15.935,0.03353049722431578,0.041290434706791994,-0.2024392122630898,0.07869140624999993,0.07607000000000008
15.94,0.03169320970517475,0.03957097903713872,-0.20402543354666847,0.0750585937499999,0.07257999999999987
15.946,0.029855922186033723,0.03782817777262187,-0.20562077104451948,0.07150390625000003,0.0690900000000001
15.951,0.02847795654667884,0.03611215817581046,-0.20723434097091875,0.06798828125,0.06560999999999995
15.956,0.025262703388182928,0.034281108437649324,-0.20881600414735857,0.0645703124999999,0.06225999999999976
15.961,0.024344059628612413,0.03240332094572928,-0.21037943489525368,0.06048828124999994,0.05906000000000011
15.967,0.022506772109471385,0.030624561335699012,-0.21221635207135048,0.05691406249999997,0.05522999999999989
15.973,0.020669484590332132,0.028834205804360274,-0.21379345714065678,0.05298828124999999,0.0519099999999999
15.978,0.018832197071191104,0.027034551809336917,-0.2155346540668832,0.04890624999999993,0.04830999999999985
15.984,0.016994909552050075,0.025227441621347404,-0.2173259901716138,0.045058593749999876,0.04461000000000004
15.989,0.014238978273338532,0.023323348738829637,-0.21900793170506194,0.040898437499999996,0.04131000000000018
15.995,0.01240169075419928,0.02134148798956658,-0.22084484888115963,0.03716796874999995,0.03763000000000005
16.0,0.01102372511484262,0.01943377289239385,-0.22246753502183214,0.03320312499999989,0.03445000000000009
16.005,0.008267793836132853,0.017494509469612042,-0.22419505762664826,0.02921874999999985,0.031159999999999854
16.01,0.006430506316991824,0.015484446391037306,-0.2259362545528747,0.02539062499999989,0.027740000000000098
16.015,0.0041338969180664265,0.013463112819369088,-0.22757261501495663,0.021503906249999982,0.0246900000000001
16.02,0.005971184437205679,0.011796756815917058,-0.22914516197712498,0.019257812499999916,0.02165000000000017
16.025,0.0073491500765623385,0.010779063048510644,-0.23057640761805498,0.018789062499999898,0.019039999999999946
16.031,0.009645759475487736,0.010327016317525847,-0.23189370058056635,0.01955078124999987,0.017040000000000166
16.036,0.011483046994628765,0.01037404892226486,-0.23287369361496157,0.021152343749999858,0.01590999999999987
16.041,0.013779656393554163,0.010821280092993168,-0.23368503668529694,0.023300781249999902,0.01529999999999987
16.045,0.01607626579247956,0.011634921831430452,-0.23430038114875362,0.02605468749999984,0.015330000000000066
16.051,0.017454231431834444,0.012651374777397674,-0.23480633104092963,0.028867187499999947,0.016000000000000014
16.055,0.018832197071191104,0.01373945291565865,-0.23516642150473022,0.032265624999999964,0.01723000000000008
16.061,0.022047450229687016,0.015066972947720936,-0.23539432686156658,0.03597656249999992,0.019280000000000186
16.066,0.0234254158690419,0.016586495123887192,-0.23545814036148016,0.03955078124999989,0.02220999999999984
16.072,0.02480338150839856,0.01807797121936274,-0.23543079171865955,0.04335937499999987,0.02574999999999994
16.077,0.027559312787108325,0.019683463556738983,-0.23526214175460147,0.047324218750000036,0.02925999999999984
16.083,0.02893727842646321,0.0213803825135762,-0.23497042289785153,0.05083984374999995,0.03291999999999984
16.088,0.029855922186033723,0.022968606527197934,-0.23465591350541803,0.05462890624999983,0.03616999999999981
16.093,0.0321525315849609,0.02456067470042858,-0.2342137771131565,0.05869140624999991,0.03984999999999994
16.099,0.03398981910410015,0.026246829173833933,-0.23366680425674957,0.062382812499999885,0.04350999999999994
16.104,0.036286428503027324,0.02800842897168765,-0.23303322736474552,0.06628906249999988,0.0470600000000001
16.11,0.03858303790195272,0.029876028271790218,-0.2322765815800505,0.07033203124999998,0.05074999999999985
16.116,0.04042032542109375,0.03178312389416067,-0.2313968669026636,0.07402343749999996,0.05458000000000007
16.121,0.04271693482001915,0.033721890576424905,-0.2304533387253631,0.07783203124999993,0.05826999999999982
16.127,0.04455422233916018,0.03568605344692137,-0.22949613622665144,0.08130859374999988,0.06184000000000012
16.132,0.04639150985829943,0.037625078966490935,-0.22850246887084769,0.08488281249999985,0.06529000000000007
16.137,0.04776947549765609,0.0394984456219028,-0.22745866233653889,0.08832031249999994,0.06875000000000009
16.142,0.0486881192572266,0.0412281583947002,-0.22643764633791363,0.09189453124999991,0.07220000000000004
16.148,0.050525406776365855,0.04288818079000227,-0.22534370062510156,0.09537109374999997,0.07581999999999978
16.153,0.05144405053593637,0.04449232030829356,-0.2242497549122886,0.0987499999999999,0.07930999999999999
16.158,0.0532813380550774,0.046051648820313575,-0.223174041628023,0.1025390625,0.08279999999999976
16.164,0.05511862557421843,0.04766604833730499,-0.22194335270110876,0.1060742187499999,0.08652999999999977
16.169,0.057415234973143825,0.04937010972672543,-0.22067619891710066,0.10970703124999992,0.09013999999999989
16.174,0.05833387873271434,0.051055064838693556,-0.21942727756164082,0.11298828124999982,0.09377000000000013
16.179,0.06017116625185448,0.05267919724537311,-0.21824216970609367,0.11626953124999995,0.0972599999999999
16.185,0.06154913189121025,0.05430005941262434,-0.21703427131486386,0.1196093749999999,0.10062999999999978
16.19,0.06292709753056602,0.05587279737611685,-0.21578534995940224,0.12308593749999996,0.10414000000000012
16.195,0.06476438504970616,0.05745244769388639,-0.21447261510402704,0.12640624999999994,0.10763999999999996
16.2,0.06568302880927668,0.0589921389614253,-0.21320090321288188,0.12972656249999992,0.11113000000000017
16.205,0.06797963820820208,0.060545290004661405,-0.21190640078605494,0.13302734374999992,0.11459999999999981
16.21,0.06889828196777259,0.06210923408729422,-0.2106301307877727,0.13628906249999995,0.11793999999999993
16.215,0.07073556948691362,0.06363633093881779,-0.20936753511090167,0.1395117187499999,0.12129000000000012
16.22,0.07257285700605376,0.06522488473672836,-0.20805480025552736,0.14248046874999987,0.1246299999999998
16.225,0.07303217888583902,0.06672621358539049,-0.20686057618570608,0.14570312499999993,0.12772000000000006
16.23,0.07441014452519479,0.06811209716113095,-0.20559342240169887,0.1487890624999999,0.1310699999999998
16.235,0.07578811016454967,0.06949641198499484,-0.2043764077961958,0.15203124999999995,0.13416000000000006
16.239,0.07670675392412019,0.07083396698312465,-0.2031411607621436,0.1552734374999999,0.13736999999999977
16.244,0.07808471956347596,0.07213402650936218,-0.20186489076386227,0.15845703125,0.14069999999999983
16.249,0.07946268520283084,0.07344952128983828,-0.20061596940840243,0.16144531249999994,0.14390999999999998
16.254,0.08038132896240135,0.07473189130894031,-0.19946276830281207,0.16458984374999996,0.14699000000000018
16.258,0.08129997272197187,0.07594219756995672,-0.19825486991158225,0.16814453124999995,0.1501999999999999
16.264,0.0831372602411129,0.0771857215725159,-0.1969193445205235,0.17154296874999986,0.15381
16.269,0.08359658212089727,0.07841038012160942,-0.19565674884365247,0.17533203124999985,0.1571600000000002
16.274,0.08589319151982355,0.07966541284572035,-0.19427108427408957,0.17910156249999987,0.16077999999999992
16.28,0.08681183527939407,0.08099030370520986,-0.19288541970452666,0.18300781249999987,0.16450999999999993
16.285,0.08818980091874895,0.08228020819243737,-0.19149519702782758,0.18673828124999992,0.16808999999999985
16.29,0.09002708843788998,0.08363306179971827,-0.19015511352963266,0.19072265624999984,0.1715399999999998
16.296,0.09186437595703012,0.08508189453228336,-0.18866917060306143,0.19478515624999992,0.17539000000000016
16.301,0.09186437595703012,0.0864256828560703,-0.1873336452120027,0.19853515624999996,0.17885000000000018
16.306,0.0941609853559564,0.08773074072187184,-0.18606649142799547,0.20230468749999986,0.18230000000000013
16.311,0.09462030723574166,0.08905024353911224,-0.18478566332257884,0.20611328124999995,0.1856399999999998
16.316,0.09599827287509655,0.09029032561231401,-0.18356409060993784,0.20978515624999994,0.18881999999999977
16.321,0.09691691663466706,0.09151222416896851,-0.18239721518293717,0.21351562499999988,0.1919900000000001
16.326,0.09783556039423758,0.09267403995798475,-0.18123945597021063,0.2176953124999999,0.19501999999999997
16.331,0.09875420415380809,0.09378767695912425,-0.1799768602933387,0.22164062499999992,0.19857999999999976
16.336,0.10013216979316297,0.09490818254497516,-0.1788282172948854,0.22583984374999994,0.20162999999999975
16.341,0.10151013543251874,0.09607969775283232,-0.17758385404656174,0.23037109374999992,0.20506000000000002
16.346,0.10242877919208926,0.0972466143472594,-0.17631670026255453,0.2344335937499999,0.20848999999999984
16.351,0.10334742295165977,0.0983643415498252,-0.17520452212119597,0.23898437499999992,0.2116699999999998
16.356,0.10472538859101466,0.09948812696040185,-0.1740057399442385,0.24373046874999993,0.2149899999999998
16.361,0.10610335423037043,0.10066227217326619,-0.1727431442673666,0.2486523437499999,0.21842000000000006
16.366,0.1074813198697262,0.10187679958434329,-0.1714896648047688,0.2533593749999999,0.22184999999999988
16.371,0.10839996362929583,0.10307820653093784,-0.17031823127063284,0.25861328124999994,0.22516999999999987
16.376,0.10885928550908108,0.10417808875295806,-0.16906930991517122,0.26423828124999993,0.22875999999999985
16.382,0.11069657302822211,0.105287564743943,-0.1677748074883425,0.26972656249999993,0.23248999999999986
16.387,0.11161521678779263,0.10645023561036424,-0.1665486766685662,0.27587890624999994,0.23594999999999988
16.393,0.112074538667577,0.10751905639059,-0.16527696477742104,0.2820898437499999,0.23968999999999996
16.398,0.11391182618671802,0.10860362503002992,-0.16404171774337062,0.2882421874999999,0.24343000000000004
16.404,0.11483046994628854,0.10974632334768501,-0.1628474936735511,0.29439453124999987,0.24688
16.409,0.11620843558564342,0.11089013243733342,-0.16169429256795986,0.3024218749999999,0.25034
16.415,0.11712707934521394,0.11203483222576865,-0.1602402563913472,0.30908203124999994,0.25458999999999987
16.421,0.11850504498456971,0.11318024624208661,-0.15907338096434653,0.3161328124999999,0.2581800000000001
16.426,0.11988301062392459,0.11437173486386905,-0.1578518082517073,0.32332031249999993,0.2617799999999999
16.432,0.1208016543834951,0.11555466761251973,-0.15657553825342507,0.32935546874999994,0.26563000000000003
16.437,0.12126097626328036,0.11663973586209973,-0.15552261550484392,0.33537109374999996,0.2688299999999999
16.442,0.12263894190263613,0.11769183103406083,-0.15445601843485157,0.3412109374999999,0.27215999999999996
16.447,0.12309826378242139,0.11871748596409085,-0.15339853757913335,0.3467773437499999,0.27549
16.452,0.12447622942177627,0.11972193916095368,-0.15235928915195984,0.3523632812499999,0.27881
16.457,0.1253948731813468,0.12075489313171434,-0.15127901776055808,0.35734374999999996,0.28213
16.461,0.1263135169409173,0.1217651992369716,-0.15031725715471023,0.3621289062499999,0.28519000000000005
16.466,0.12677283882070256,0.12271184273082134,-0.1493509384417262,0.3669140624999999,0.28825999999999996
16.471,0.12769148258027307,0.12360743685442321,-0.14840285215728777,0.37128906249999993,0.2914699999999999
16.475,0.12906944821962796,0.12455309960333678,-0.14747755640853466,0.3760742187499999,0.2944199999999999
16.48,0.12998809197919847,0.12553891106332,-0.1463972850171329,0.38064453124999986,0.29789
16.485,0.130906735738769,0.12651141483163436,-0.14539450144705413,0.38533203124999993,0.30122000000000004
16.491,0.1318253794983395,0.12747324751272612,-0.1442640908771482,0.39005859374999985,0.30479999999999996
16.496,0.13320334513769438,0.12847202521516152,-0.14317926137860848,0.39431640625,0.3084
16.501,0.1341219888972649,0.1295004281565195,-0.14211722241575409,0.3984179687499999,0.31186999999999987
16.506,0.1341219888972649,0.13041608114134393,-0.14109620641712795,0.40261718749999986,0.31536999999999993
16.512,0.1364185982961903,0.1313778285624169,-0.14002049313286236,0.4064648437499999,0.3189899999999999
16.517,0.1373372420557608,0.13246754166698826,-0.1389812447056915,0.4099609374999999,0.32234000000000007
16.521,0.1373372420557608,0.13343235765585293,-0.13803315842125308,0.41337890624999996,0.32556000000000007
16.526,0.13825588581533133,0.1342970219393188,-0.13712609510104645,0.4168749999999999,0.32864000000000004
16.531,0.1396338514546871,0.13521788286458902,-0.136136985852378,0.4202539062499999,0.33211999999999997
16.536,0.14055249521425672,0.13618380639584926,-0.13518434146080338,0.4233007812499999,0.33533999999999997
16.541,0.14101181709404198,0.13709486067332158,-0.13428639435487089,0.4262499999999999,0.3384400000000001
16.545,0.14147113897382724,0.13791641485732173,-0.13342491210603136,0.4292578124999999,0.34141
16.55,0.14330842649296827,0.138802706930005,-0.1325406393215074,0.43203124999999987,0.34450000000000003
16.554,0.14376774837275352,0.13974091060944427,-0.13167915707266786,0.4347851562499999,0.3474599999999999
16.559,0.1451457140121084,0.14067523895325218,-0.13080400050241803,0.4378906249999999,0.35053
16.564,0.14560503589189366,0.14160645976755248,-0.12978754261092895,0.4406054687499999,0.35402
16.568,0.14698300153124944,0.1425351887358402,-0.1288987117192697,0.4434570312499999,0.35695999999999994
16.573,0.14698300153124944,0.1434164176735345,-0.12798253218478806,0.4462304687499999,0.3601699999999999
16.578,0.14790164529081995,0.14421405570361898,-0.1270800269717185,0.4491796874999999,0.36338000000000004
16.583,0.14927961093017483,0.1450811700427918,-0.12610459204446034,0.4519921874999999,0.36687000000000003
16.588,0.15019825468974535,0.14600399560316168,-0.12512459901006512,0.4550390624999999,0.37023000000000006
16.594,0.15111689844931586,0.14692599263858108,-0.12407623436862014,0.4579101562499999,0.37399000000000004
16.599,0.15203554220888638,0.1478473253016786,-0.12307800890567933,0.4611523437499999,0.37746999999999997
16.605,0.15341350784824126,0.1488136271070698,-0.12194304022863633,0.4638476562499999,0.38151
16.61,0.15341350784824126,0.14972498471259826,-0.12100407015847292,0.46638671874999993,0.3848499999999999
16.615,0.15479147348759703,0.15059228401232136,-0.12011523926681278,0.46904296874999996,0.3881999999999999
16.62,0.15571011724716755,0.15151525788768194,-0.11916715298237435,0.47197265624999996,0.3915599999999999
16.626,0.1561694391269528,0.1523918719680345,-0.11813246266233879,0.4747265624999999,0.3954500000000001
16.631,0.15708808288652243,0.15323131135059095,-0.11715702773508152,0.47724609374999993,0.39907000000000004
16.636,0.15800672664609294,0.1540864432076797,-0.1162636387362852,0.47992187499999994,0.40242
16.641,0.15892537040566346,0.15495415844651797,-0.11530187813043735,0.4824804687499999,0.4061699999999999
16.647,0.15984401416523397,0.15583196396754379,-0.11437202427454629,0.48505859374999993,0.40965000000000007
16.652,0.16122197980458886,0.15676336250487355,-0.11342849609724492,0.4873242187499999,0.41313
16.657,0.16214062356415937,0.1577377358695236,-0.1125806881698157,0.4897070312499999,0.41633999999999993
16.662,0.16259994544394463,0.15865556584569443,-0.11169185727815645,0.4921484374999999,0.41958000000000006
16.667,0.16351858920351514,0.1595280551688551,-0.11079391017222218,0.4946093749999999,0.42307000000000006
16.672,0.16443723296308477,0.16040968890227714,-0.1098959630662879,0.4968554687499999,0.42642999999999986
16.676,0.16489655484287002,0.16125315341233615,-0.10906182946026988,0.4993749999999999,0.42964
16.682,0.1662745204822258,0.16211151291308634,-0.10815020803292619,0.5016601562499999,0.43313999999999986
16.686,0.1671931642417963,0.16302731819926053,-0.10728872578408666,0.5038671874999999,0.43635999999999986
16.691,0.16765248612158157,0.16389818397687403,-0.10648194082088658,0.5062109374999999,0.43943
16.696,0.16903045176093645,0.1647785158319106,-0.10561590046490998,0.5083789062499999,0.44265
16.701,0.1694897736407217,0.16566643828495256,-0.10478632496602724,0.5107226562499999,0.44575999999999993
16.705,0.16994909552050697,0.1664694436685855,-0.1039430751457342,0.5133007812499999,0.4491099999999999
16.711,0.17132706115986274,0.16729536006216228,-0.10301322128984314,0.5155859374999999,0.4525999999999999
16.715,0.171786383039648,0.1681396481907892,-0.10218364579096129,0.51775390625,0.45581000000000005
16.72,0.17316434867900288,0.16899866812956227,-0.10139053514917151,0.5202734374999999,0.45889999999999986
16.725,0.17316434867900288,0.169823999233683,-0.1004515650790081,0.5229687499999999,0.4624999999999999
16.731,0.1750016361981439,0.17066781803412048,-0.0995125950088438,0.5254687499999999,0.46611
16.736,0.17546095807792916,0.17157196351593682,-0.09862376411718277,0.5280859374999999,0.46946
16.741,0.17637960183749968,0.172433479603732,-0.09766656161847287,0.5308593749999999,0.47309
16.747,0.17683892371728405,0.1732608123039671,-0.09674582397685505,0.5334374999999999,0.47682
16.752,0.17821688935663982,0.17410623613157616,-0.09584787687092078,0.5360351562499999,0.48029999999999995
16.757,0.1795948549959956,0.1750571705273296,-0.09494992976498828,0.5385546874999999,0.48378999999999994
16.762,0.18005417687578085,0.17600170729702957,-0.09406565698046432,0.5411132812499999,0.48713000000000006
16.767,0.18051349875556522,0.17685011020910973,-0.09320417473162479,0.5438281249999999,0.49048
16.772,0.18143214251513573,0.17766692779933907,-0.09232446005423789,0.5463085937499998,0.49395999999999995
16.777,0.18235078627470624,0.1785039198373623,-0.09151311698390252,0.5490234374999999,0.49719999999999986
16.782,0.1828101081544915,0.17931158734842115,-0.09064251852078886,0.5516796874999998,0.5006900000000001
16.787,0.1828101081544915,0.18000473652426258,-0.08985396598613704,0.5544921875,0.50404
16.793,0.18464739567363164,0.18074256212009182,-0.08900159995156898,0.5573632812499999,0.50752
16.798,0.18602536131298741,0.1816527182145011,-0.08809909473849942,0.5601757812499999,0.5111600000000001
16.803,0.18602536131298741,0.1825190540541238,-0.0872649611324805,0.563046875,0.5145
16.808,0.18740332695234319,0.18335025158632398,-0.08639892077650302,0.5663281249999998,0.51797
16.814,0.1883219707119137,0.18424427640577665,-0.08545083449206636,0.5692578124999998,0.5217399999999999
16.819,0.1883219707119137,0.1850521751162053,-0.0846531657431413,0.57232421875,0.5249599999999999
16.824,0.19015925823105384,0.18588201533957505,-0.08378712538716382,0.5756054687499998,0.52858
16.829,0.18969993635126858,0.18668394799895055,-0.08291196881691487,0.5788085937499999,0.5322100000000001
16.834,0.1915372238704096,0.18746350231826817,-0.0820915095323036,0.5821679687499999,0.5357099999999999
16.84,0.19245586762998013,0.18836161769132567,-0.08118900431923404,0.5858203124999999,0.5393399999999999
16.845,0.1929151895097645,0.18921829839383172,-0.08029561532043683,0.5891796874999999,0.54295
16.85,0.193833833269335,0.19004175372604087,-0.07948427225010146,0.59283203125,0.5463100000000001
16.856,0.19475247702890552,0.19088406839441885,-0.07861823189412487,0.5966992187499999,0.5499700000000001
16.861,0.19567112078847604,0.19174150586742925,-0.07771572668105442,0.6007226562499999,0.55375
16.867,0.1961304426682613,0.19256556803396113,-0.07681777957512015,0.60453125,0.55752
16.872,0.19704908642783092,0.19336286742184014,-0.07601555271905891,0.6085546874999999,0.5608899999999999
16.877,0.1984270520671867,0.1942297102127534,-0.0751677447916288,0.6124023437499999,0.56439
16.882,0.19888637394697195,0.19510681614078168,-0.07436095982842961,0.61638671875,0.56776
16.887,0.1993456958267572,0.19590114803807762,-0.07359519782946045,0.6201367187499999,0.57098
16.891,0.2007236614661121,0.1967201093915521,-0.0728704587947222,0.6239648437499999,0.5741
16.896,0.2016423052256826,0.19760432234177125,-0.07212292922430041,0.6280859374999999,0.57708
16.901,0.20210162710546786,0.19844985505780421,-0.07134805101105801,0.6326953124999999,0.5803
16.906,0.20256094898525312,0.19921886922851892,-0.07050935929790114,0.6375390624999999,0.5838099999999999
16.911,0.20347959274482363,0.19997202707935224,-0.06967978379901929,0.6423242187499999,0.5873200000000001
16.916,0.20439823650439415,0.20075797205011794,-0.06883653397872624,0.6465039062499999,0.59097
16.921,0.20531688026396377,0.20157020814824678,-0.06809812062257858,0.65142578125,0.5940399999999999
16.926,0.20577620214374903,0.2023580245235516,-0.06721384783805373,0.6563867187499999,0.5976699999999999
16.932,0.2071541677831048,0.2031717612516592,-0.06632501694639359,0.66056640625,0.60145
16.937,0.20807281154267532,0.20405178471249272,-0.06554558062601501,0.6652343749999999,0.6046799999999999
16.942,0.20853213342246057,0.2048939579874021,-0.06467042405576606,0.6699414062499999,0.6083000000000001
16.948,0.20991009906181546,0.2057512820807164,-0.06376336073555855,0.6741796874999999,0.61206
16.953,0.20991009906181546,0.20657525333105806,-0.0629656919866326,0.6784374999999999,0.61545
16.958,0.21128806470117123,0.2073724798156403,-0.0621452327020231,0.6831249999999999,0.61894
16.964,0.21312535222031137,0.2083302679172193,-0.06118803020331143,0.6874609374999999,0.62283
16.97,0.21312535222031137,0.20928030049298998,-0.0601168750261829,0.6967968749999999,0.62717
16.981,0.2149626397394524,0.21022411411701342,-0.058384794314230604,0.7005664062499999,0.6345099999999999
16.986,0.2158812834990229,0.21125394469743033,-0.057596241779577895,0.7047265624999999,0.63777
16.991,0.21634060537880817,0.21221624435333947,-0.056716527102190994,0.7086132812499999,0.64158
16.996,0.21679992725859343,0.21307889085572673,-0.055927974567539174,0.71232421875,0.6449499999999999
17.001,0.2181778928979483,0.21395263189057992,-0.05514398014002264,0.7158398437499999,0.6484699999999999
17.006,0.21955585853730408,0.21492627310851709,-0.05437366003391819,0.7192382812499999,0.65157
17.011,0.22001518041708934,0.2158890178804837,-0.05358510749926637,0.7229101562499999,0.65483
17.016,0.2204745022968746,0.21675202130970633,-0.052755532000381855,0.7265429687499999,0.6583699999999999
17.021,0.22139314605644422,0.2175805466698329,-0.051944188930046487,0.7301171874999999,0.6618999999999999
17.026,0.22185246793622948,0.2183814249750272,-0.051146520181120536,0.7340625,0.6652899999999999
17.032,0.2227711116958,0.2191601338355146,-0.05026224739659746,0.73759765625,0.66909
17.037,0.2236897554553705,0.2199665674875204,-0.049450904326260314,0.7413671874999999,0.6725999999999999
17.043,0.2250677210947254,0.22084073480410166,-0.04854384100605458,0.7452148437499999,0.6765300000000001
17.048,0.22552704297451065,0.22172371407622385,-0.047709707400033885,0.7489843749999999,0.68008
17.054,0.22644568673408116,0.22256825753830467,-0.04680264407982815,0.7527929687499999,0.6840299999999999
17.059,0.22736433049365168,0.22342748222224515,-0.045945719938124796,0.75640625,0.68771
17.064,0.2282829742532222,0.2242984793910686,-0.04509335390355851,0.7598632812499999,0.6912499999999999
17.07,0.22966093989257708,0.2252244184902026,-0.04426377840467577,0.76359375,0.6947999999999999
17.075,0.23012026177236233,0.226148912190299,-0.04336127319160532,0.7670507812499999,0.6985999999999999
17.08,0.23103890553193285,0.22702674497805195,-0.04253169769272347,0.77056640625,0.702
17.086,0.2314982274117181,0.2278671616099536,-0.041679331658155405,0.773984375,0.7057100000000001
17.091,0.23241687117128862,0.22867757521258775,-0.04088622101636741,0.7772460937499999,0.70912
17.095,0.23287619305107388,0.22946393017678768,-0.040152365767355036,0.7804687499999999,0.7123999999999999
17.1,0.23425415869042876,0.23027649503784595,-0.039382045661250586,0.7840429687499999,0.7158199999999999
17.106,0.23563212432978453,0.23120108069432632,-0.03848865666245249,0.7874804687499999,0.7195199999999999
17.111,0.2360914462095698,0.23212448910442904,-0.03764996494929562,0.7908203125,0.72306
17.116,0.23746941184892467,0.23304695351168803,-0.036815831343277594,0.7941796874999999,0.72648
17.121,0.23746941184892467,0.23392315906299693,-0.03599081395153103,0.7977539062499999,0.7299100000000001
17.126,0.23792873372870993,0.2346712670869822,-0.03515212223837416,0.801328125,0.73349
17.131,0.2383880556084952,0.23536215896478951,-0.03431343052521818,0.8046874999999999,0.7373399999999999
17.136,0.24022534312763622,0.23614367637776587,-0.03357501716906963,0.8085156249999998,0.74048
17.142,0.24114398688720584,0.23704336590389052,-0.03264516331317946,0.8121093749999999,0.74447
17.147,0.24114398688720584,0.237855806993305,-0.0318338202428432,0.8159374999999999,0.7480199999999999
17.153,0.2425219525265616,0.23864378774571926,-0.03094498935118306,0.8196874999999999,0.7518400000000001
17.158,0.24344059628613213,0.23950315816844778,-0.030119971959436498,0.8237890625,0.7552699999999999
17.164,0.2448185619254879,0.24041977408631338,-0.02918555999640926,0.8273632812499999,0.75926
17.169,0.24527788380527227,0.24133679177306475,-0.028369658818936827,0.8316601562499999,0.7626899999999999
17.174,0.2471151713244133,0.24229963351264597,-0.02739422389167867,0.835625,0.7667899999999999
17.18,0.24757449320419855,0.24329922035249024,-0.026505393000020305,0.8397265624999999,0.7703599999999999
17.185,0.2480338150839838,0.2441917664649645,-0.025621120215495452,0.8441015624999999,0.77407
17.191,0.24849313696376907,0.24499847943923875,-0.02470038257387852,0.84841796875,0.77807
17.196,0.24987110260312395,0.24582736885203652,-0.023825226003628686,0.8527539062499999,0.7819499999999999
17.202,0.25078974636269447,0.24671954285137124,-0.022954627540515915,0.856953125,0.78572
17.207,0.251708390122265,0.24761696120782406,-0.022115935827359046,0.8615820312499999,0.7891699999999999
17.213,0.2526270338818355,0.2485185848760339,-0.021172407650058567,0.8661914062499999,0.7931999999999999
17.218,0.2535456776414051,0.24942358067290982,-0.020310925401219038,0.8705468749999999,0.79695
17.223,0.25446432140097563,0.25033128049089,-0.019472233688063056,0.8752148437499999,0.8005599999999999
17.228,0.2549236432807609,0.2511956467071798,-0.018615309546359704,0.8798632812499999,0.8041799999999999
17.234,0.25630160892011666,0.25207076673528817,-0.017767501618929593,0.8845117187499999,0.8078099999999999
17.239,0.2572202526796872,0.25300001184662413,-0.016924251798637435,0.8891406249999999,0.8114399999999999
17.244,0.25767957455947155,0.2538816546658257,-0.016108350621164114,0.8941406249999999,0.8149199999999999
17.249,0.25859821831904206,0.25472512646153184,-0.015242310265186632,0.8992968749999999,0.81854
17.254,0.25997618395839783,0.25562899368939945,-0.014348921266390313,0.9053710937499999,0.8223
17.261,0.26089482771796835,0.2565812904225846,-0.013318789053492708,0.91142578125,0.8266100000000001
17.266,0.2613541495977527,0.2574814177298173,-0.012384377090463694,0.9174218749999998,0.8306499999999999
17.272,0.26227279335732323,0.2583397117493135,-0.011486429984531199,0.9233984375,0.83443
17.278,0.263650758996679,0.25925546452779596,-0.010552018021503962,0.9300781249999999,0.83847
17.283,0.26411008087646426,0.2601717900858243,-0.009617606058475836,0.9364843749999999,0.84249
17.289,0.2659473683956044,0.2611340768256237,-0.008715100845405388,0.9435156249999999,0.84623
17.295,0.26640669027538966,0.2621332186257699,-0.007725991596738702,0.9499804687499999,0.85023
17.3,0.26732533403496017,0.2630709097575884,-0.006837160705077672,0.9571679687499999,0.8539399999999999
17.306,0.2691626215541012,0.2640958308728656,-0.005825260920725661,0.9637109374999999,0.85808
17.311,0.26962194343388557,0.265145197527967,-0.004868058422015764,0.96998046875,0.86181
17.317,0.2700812653136708,0.26607766076233963,-0.0039929018517650405,0.9764062499999999,0.8655200000000001
17.322,0.2714592309530266,0.2670073859945392,-0.0030721642101472213,0.9823828124999999,0.86923
17.327,0.2723778747125971,0.2679804175799057,-0.002155984675667355,0.9882617187499999,0.87293
17.333,0.2732965184721676,0.2689426735035809,-0.0012124564983668762,0.9936718749999999,0.8767499999999999
17.338,0.27421516223173725,0.26989628870814025,-0.0003509742495273471,0.99931640625,0.88028
17.344,0.27421516223173725,0.2707519713778703,0.0005971120349110848,1.0042773437499999,0.88411
17.349,0.2760524497508783,0.2716201282988489,0.0014266875337938245,1.00884765625,0.88768
17.354,0.2778897372700184,0.27268029553293843,0.0022881697826333536,1.0129101562499998,0.8909499999999999
17.358,0.2783490591498037,0.2737579251217975,0.003099512852968722,1.01763671875,0.89408
17.364,0.27880838102958894,0.2747130516578757,0.004079505887363943,1.021953125,0.8978900000000001
17.369,0.27972702478915945,0.2756154481094684,0.004936430029067296,1.0265039062499999,0.9012799999999999
17.375,0.28064566854872997,0.27652106358097234,0.00592553927773487,1.0309960937499998,0.9050499999999999
17.38,0.28202363418808485,0.27747476218465406,0.0069055323121300916,1.0349023437499998,0.9089799999999999
17.385,0.28294227794765536,0.2784670173847894,0.00782171184660907,1.0392773437499998,0.9123600000000001
17.392,0.2834015998274406,0.27939918633355687,0.008865518380918758,1.0431054687499999,0.9165399999999999
17.397,0.2838609217072259,0.2802376718159875,0.009768023593988318,1.04685546875,0.9201599999999999
17.402,0.285698209226366,0.28113754065065466,0.010675086914196719,1.0504296874999999,0.9237599999999999
17.408,0.2861575311061513,0.28208663117771066,0.011604940770086003,1.0538476562499999,0.9273499999999999
17.413,0.28753549674550705,0.2830296893976976,0.012525678411702934,1.05720703125,0.9309099999999999
17.418,0.2879948186252923,0.2839679104696285,0.013419067410499252,1.0602539062499998,0.9343600000000001
17.423,0.2889134623848628,0.28485675087506807,0.014271433445067316,1.0633203125,0.93767
17.428,0.28983210614443244,0.2857514961104338,0.015114683265359474,1.0662890624999999,0.94095
17.433,0.2902914280242177,0.28660547438834544,0.015962491192789585,1.0691210937499998,0.9442200000000001
17.438,0.2916693936635735,0.28747226460244435,0.016801182905945566,1.0717578125,0.9475
17.443,0.2916693936635735,0.28830382648556185,0.017589735440598275,1.07453125,0.9506399999999999
17.448,0.29304735930292924,0.28910713969851454,0.018401078510933644,1.0772851562499999,0.9537599999999999
17.453,0.29396600306249887,0.2899788048172589,0.019276235081184367,1.0802343749999999,0.9571399999999999
17.459,0.2948846468220694,0.29085977764288157,0.020219763258484846,1.08310546875,0.96079
17.464,0.29534396870185464,0.29170271218839466,0.021094919828733794,1.08548828125,0.9641899999999999
17.468,0.2967219343412104,0.2925606467245428,0.021856123720566778,1.0881054687499998,0.9671799999999999
17.474,0.29764057810078093,0.29347611124280265,0.022781419469319886,1.0905078124999998,0.9706999999999999
17.478,0.2980998999805653,0.2943467037676065,0.023551739575427,1.0929296874999999,0.9735799999999999
17.483,0.2990185437401358,0.2951813146234677,0.024394989395719158,1.0955078125,0.97698
17.489,0.3003965093794916,0.29607807649720536,0.025274704073106058,1.0981640625,0.9802199999999999
17.494,0.30085583125927684,0.2969791737492276,0.026231906571815955,1.1004687499999999,0.9838799999999999
17.499,0.3022337968986317,0.2978837474268365,0.027097946927793437,1.1030078125,0.98729
17.504,0.302693118778417,0.29879110875850146,0.027968545390907096,1.10552734375,0.99058
17.51,0.304530406297558,0.299746207321434,0.028907515461071398,1.1080468749999999,0.9941
17.515,0.304530406297558,0.3006940832270475,0.029860159852646007,1.1102539062499999,0.99762
17.52,0.30636769381669815,0.3016361674741112,0.030685177244390793,1.11232421875,1.0007599999999999
17.524,0.30636769381669815,0.3025736075428241,0.03148740410045381,1.1146484374999999,1.00375
17.53,0.3077456594560539,0.3034618216823667,0.032412699849207804,1.1169140624999998,1.00712
17.535,0.30866430321562444,0.30440156661656403,0.0332787402051844,1.11921875,1.01036
17.54,0.3105015907347646,0.30542813462184043,0.034286081882399344,1.12158203125,1.01402
17.545,0.3105015907347646,0.30643331998967904,0.03522505195256187,1.1237695312499998,1.01726
17.55,0.3114202344943351,0.30733035541420173,0.03612299905849614,1.12591796875,1.0206199999999999
17.555,0.3123388782539056,0.30823167201938906,0.036957132664516834,1.1281640624999998,1.0237399999999999
17.56,0.3137168438932614,0.309181923475469,0.03791889327036291,1.130390625,1.02727
17.566,0.314635487652831,0.3101714144987927,0.03883963091197984,1.1325976562499998,1.0305199999999999
17.571,0.3155541314124015,0.3111468688119742,0.03977860098214503,1.1349218749999999,1.0339099999999999
17.576,0.3169320970517573,0.3121565693421817,0.040776826445085845,1.1374609375,1.03746
17.582,0.31739141893154255,0.3131482291263082,0.04180695865798523,1.1398242187499998,1.04115
17.587,0.31831006269111217,0.3140799206266703,0.04277783547810454,1.1421484375,1.04469
17.593,0.31968802833046794,0.3150545289106549,0.043735037976817104,1.14455078125,1.04823
17.598,0.32060667209003846,0.3160635510323467,0.04476061208257853,1.1469921875,1.05195
17.604,0.32198463772939334,0.3171001687035129,0.04575427943838317,1.1495898437499998,1.0554999999999999
17.61,0.3233626033687491,0.31820441640346575,0.04688013190115203,1.1521484375,1.05942
17.615,0.32382192524853437,0.3192718910712029,0.047960403292555576,1.154375,1.06324
17.62,0.32611853464745977,0.3204008821834643,0.0489267220055396,1.15669921875,1.06669
17.626,0.32611853464745977,0.32153369982636343,0.04996597043271045,1.15921875,1.0702099999999999
17.631,0.32749650028681554,0.32257858209343404,0.0510143350741572,1.1614453125,1.07388
17.636,0.3288744659261713,0.3236894569550278,0.051976095680003276,1.16361328125,1.0771899999999999
17.641,0.3302524315655262,0.3248532495389227,0.052937856285851126,1.1658203125,1.08033
17.646,0.3302524315655262,0.3259229697948275,0.05388594257028956,1.1680078125,1.08358
17.651,0.33163039720488197,0.32691725593021065,0.054811238319043554,1.1701562499999998,1.08672
17.656,0.3325490409644525,0.32794205720232567,0.055741092174933726,1.1723046875,1.0899999999999999
17.661,0.33300836284423774,0.3289003239884558,0.05663448117373093,1.17443359375,1.09303
17.665,0.3343863284835926,0.32985074040875223,0.057532428279665204,1.17658203125,1.09614
17.67,0.3348456503633779,0.33079486182758444,0.05839846863564002,1.1789062499999998,1.099
17.675,0.3357642941229484,0.3316884335656995,0.05935111302721463,1.1815234374999999,1.1024
17.681,0.3376015816420894,0.33267797650194064,0.060440500632890526,1.1838281249999998,1.10602
17.686,0.3380609035218747,0.33369897432767154,0.0613977031316022,1.18638671875,1.10923
17.691,0.3398981910410148,0.33474519500028477,0.062441509665911,1.18890625,1.11272
17.696,0.34081683480058533,0.33585714309400916,0.0634716418788086,1.191484375,1.11612
17.702,0.3421948004399402,0.3369762943895153,0.06454735516307508,1.19419921875,1.11962
17.707,0.343572766079296,0.33814672362763765,0.0656823238401163,1.1971679687499999,1.12312
17.713,0.34403208795908125,0.3392672675266063,0.06687654790993847,1.1999609375,1.12701
17.718,0.345410053598437,0.3403478096868449,0.06795226119420406,1.2028906249999998,1.1306399999999999
17.724,0.3467880192377919,0.341487279276947,0.06909178797838411,1.2059374999999999,1.13425
17.73,0.34816598487714767,0.34267400122001335,0.0702449890839727,1.2086328124999999,1.13787
17.735,0.3490846286367182,0.3438531116946284,0.07127056318973501,1.21154296875,1.1411499999999999
17.74,0.3500032723962887,0.344980616848345,0.07235539268827473,1.21419921875,1.14466
17.745,0.3513812380356436,0.3461122429402498,0.07332626950839405,1.2169335937499999,1.14777
17.75,0.3532185255547846,0.3473381772737775,0.07433816929274606,1.2196484374999998,1.15089
17.754,0.3532185255547846,0.34850322924590477,0.075345510969961,1.2223632812499998,1.15403
17.759,0.3541371693143551,0.3495284574870927,0.07627536482585207,1.22505859375,1.1570099999999999
17.764,0.35551513495371,0.35057807041836764,0.07720066057460517,1.228046875,1.15986
17.769,0.3564337787132805,0.3516472367899602,0.07824902521605193,1.2314453125,1.16313
17.774,0.35735242247285104,0.3526865806650601,0.07935208714313724,1.2344140625,1.1667
17.779,0.3591897099919912,0.3537930144360979,0.08037310314176249,1.23787109375,1.16985
17.784,0.36056767563134695,0.35499874771147066,0.08148528128312105,1.241640625,1.17325
17.79,0.3619456412707027,0.35623860475736413,0.08273876074571884,1.2454296875,1.17708
17.795,0.3633236069100576,0.35750582475549975,0.0839375429226763,1.2489257812499999,1.18064
17.8,0.3642422506696281,0.3587494844989337,0.08495400081416449,1.252890625,1.18366
17.805,0.3656202163089839,0.3599742518950573,0.08617101541966754,1.2571875,1.1872099999999999
17.811,0.36745750382812403,0.36127487378568196,0.08746095973936008,1.2611328124999999,1.19107
17.816,0.3679168257079093,0.36254531762638986,0.08858225409499276,1.2654296875,1.1944
17.821,0.3702134351068356,0.3638370643691667,0.08981750112904319,1.2697656249999998,1.19795
17.826,0.37067275698661994,0.36514589334767056,0.09100716709172652,1.27423828125,1.2014
17.832,0.3734286882653315,0.3665139220057475,0.09223785601864076,1.27884765625,1.20485
17.837,0.37388801014511674,0.3679294213266558,0.09354147465974272,1.2834570312499998,1.20842
17.842,0.37480665390468637,0.36920097858119433,0.09478127980092932,1.2879882812499999,1.212
17.848,0.37710326330361266,0.37053912002612666,0.0960210849421177,1.2926367187499999,1.21563
17.854,0.37802190706318317,0.37193065357849725,0.09741130761881589,1.2973046874999998,1.21952
17.859,0.3789405508227528,0.37322849519981666,0.09866478708141369,1.3014257812499999,1.22297
17.864,0.38169648210146434,0.3746332152706902,0.09986356925837114,1.3055078125,1.22631
17.869,0.38261512586103397,0.3761236383534601,0.10108058386387597,1.30958984375,1.22967
17.874,0.3830744477408192,0.37745527499800585,0.10231127279078844,1.31341796875,1.2329999999999999
17.879,0.3853710571397455,0.3787960906374327,0.1034644738963797,1.3170898437499998,1.23619
17.883,0.3867490227791004,0.3802352704408385,0.10466325607333538,1.3209960937499998,1.23942
17.888,0.3876676665386709,0.3816168202200863,0.10596687471443733,1.3253515624999999,1.2429299999999999
17.894,0.38950495405781194,0.3829976598867609,0.107343423069727,1.32908203125,1.24654
17.899,0.3908829196971668,0.38442343201782697,0.10865159981796424,1.33302734375,1.25001
17.904,0.3931795290960931,0.3859307361928343,0.10998712520902298,1.3371289062499998,1.25339
17.91,0.3940981728556636,0.3874579168801372,0.11145939381418302,1.34087890625,1.25715
17.915,0.39501681661523325,0.38886453036395363,0.11278580299096852,1.3445703125,1.2606199999999999
17.92,0.39731342601415953,0.39031096983971214,0.11414867702484788,1.3484375,1.26411
17.926,0.39823206977373005,0.39178934472878774,0.11555257402295815,1.3527148437499998,1.26777
17.932,0.40052867917265544,0.3932933277841385,0.11719349259217626,1.3561523437499998,1.27192
17.937,0.4023659666917965,0.3949088491230155,0.11851990176896088,1.3597656249999999,1.27541
17.942,0.40374393233115136,0.3965228063019421,0.11997849605271149,1.3632226562499998,1.2789199999999998
17.947,0.4055812198502924,0.39813550922222823,0.12138239305081999,1.3671093749999998,1.28241
17.953,0.4078778292492178,0.39983821015546483,0.12300963729862868,1.37052734375,1.28627
17.958,0.40925579488857355,0.4015675762384232,0.12449558022519991,1.3743164062499997,1.2897699999999999
17.964,0.4106337605279293,0.4032273206322806,0.12608635961591386,1.377421875,1.2935599999999998
17.968,0.41338969180664,0.4049677428833874,0.12742644311411055,1.3810937499999998,1.29664
17.974,0.41476765744599575,0.40677285858194256,0.1291083846475587,1.38458984375,1.3004099999999998
17.979,0.41614562308535064,0.40849334459615194,0.1306900478240003,1.38796875,1.30405
17.984,0.4175235887247064,0.4101459682969153,0.13218510696484387,1.39142578125,1.30741
17.99,0.42027952000341706,0.4118806806518971,0.13378044446269577,1.3946484375,1.31101
17.995,0.42165748564277283,0.41368121773523503,0.1352846198178126,1.3977734374999997,1.3143799999999999
17.999,0.4230354512821277,0.41539803227857197,0.13674321410156232,1.4011328125,1.31762
18.005,0.42487273880126875,0.417093213808554,0.1383567840279616,1.40474609375,1.32111
18.01,0.4267100263204098,0.4188165502802179,0.14013444581128098,1.40830078125,1.3249900000000001
18.016,0.42900663571933517,0.42060796534253675,0.14180727113045766,1.4117773437499999,1.32862
18.021,0.43038460135869094,0.42240846894752904,0.14355302616382026,1.4153320312499997,1.33235
18.027,0.43359985451718686,0.42430726418525894,0.14525775823295373,1.4187109374999998,1.3359299999999998
18.032,0.4349778201565426,0.42628487689278705,0.14696704840922337,1.42220703125,1.33942
18.037,0.4363557857958975,0.4281436837123015,0.14869912912117567,1.4261328125,1.34304
18.044,0.4400303608341787,0.4301347326461137,0.1507229286898797,1.42953125,1.3471799999999998
18.049,0.4409490045937492,0.4321863211611671,0.15245500940183287,1.43294921875,1.35065
18.054,0.44370493587245985,0.43419545100098805,0.15427825225652025,1.43642578125,1.35426
18.059,0.4455422233916009,0.4362615381180443,0.1560331235041561,1.43998046875,1.35771
18.065,0.4478388327905263,0.43832779588964704,0.15791106364448382,1.44337890625,1.3613
18.07,0.44921679842988205,0.4403486886196839,0.1596294700350267,1.4466796875,1.36464
18.075,0.4519727297085927,0.4423787062034421,0.1614025737112108,1.45015625,1.36814
18.08,0.45381001722773373,0.44446154265186133,0.16319846792307846,1.4533593749999998,1.3714499999999998
18.085,0.45610662662665913,0.4465412312708523,0.16485761892084394,1.4564648437499998,1.37463
18.089,0.45794391414580016,0.44861839572838647,0.1665030955972,1.45958984375,1.37756
18.094,0.4597812016649403,0.45064803424242406,0.16818503713064814,1.46287109375,1.38063
18.098,0.4629964548234371,0.45277606860977376,0.16989888541405573,1.46615234375,1.38368
18.103,0.464374420462792,0.4549375021337046,0.1716811053045122,1.4698046875,1.38674
18.108,0.46667102986171827,0.45703471379115895,0.17363197515902762,1.47375,1.39024
18.113,0.46896763926064367,0.4591714313963629,0.17565577472772986,1.4772265624999998,1.39373
18.118,0.47126424865956995,0.4613398277798808,0.177469901368144,1.4812109375,1.3969399999999998
18.123,0.47356085805849535,0.46353362654082864,0.17958030497244515,1.4849609375,1.40043
18.128,0.4753981455776364,0.46570229291380416,0.18154029104123381,1.48912109375,1.4037799999999998
18.134,0.47815407685634703,0.4678963081721824,0.1836324622169876,1.49349609375,1.4073799999999999
18.139,0.4809100081350577,0.4702016538035885,0.18593886442816832,1.498046875,1.4111
18.145,0.4827472956541987,0.47250526855709524,0.18820424367511812,1.50248046875,1.41486
18.15,0.48596254881269463,0.47485299725018115,0.19039669320787844,1.5072656249999998,1.41846
18.156,0.4887184800914053,0.47732710351868246,0.19269397920478504,1.5118945312499998,1.4221599999999999
18.161,0.49101508949033157,0.47981154486430727,0.19496391655887102,1.51654296875,1.42574
18.166,0.4942303426488275,0.48234977552084357,0.19715180798449605,1.5212890625,1.4291800000000001
18.172,0.49698627392753814,0.4849766402931215,0.19944453587426647,1.5265234374999999,1.4325999999999999
18.177,0.500201527086034,0.48767457842684425,0.2019788434422809,1.53169921875,1.43643
18.183,0.5029574583647456,0.4904295084159583,0.20439464022474318,1.5372265625,1.44003
18.188,0.5066320334030268,0.4932756405568286,0.2069152734713482,1.5427148437499998,1.44376
18.194,0.5098472865615227,0.49624040718449186,0.20941311618226965,1.548203125,1.44722
18.199,0.5121438959604481,0.49916379802563354,0.21191551700032907,1.5537109375,1.45081
18.204,0.5153591491189449,0.5020540107140302,0.2143130813542422,1.5589648437499999,1.4541499999999998
18.209,0.5185744022774408,0.505008622486055,0.2165511119583714,1.56494140625,1.4571999999999998
18.214,0.5213303335561514,0.5079693723010423,0.2191583492405753,1.5709374999999999,1.4607999999999999
18.219,0.5240862648348621,0.5108895421659632,0.22164707573722264,1.5769921875,1.4641600000000001
18.224,0.5273015179933589,0.5138226739233667,0.2241130116981882,1.58396484375,1.4675099999999999
18.229,0.5305167711518548,0.5168117013656881,0.2268569921944925,1.5905859374999998,1.47111
18.234,0.5337320243103507,0.519845550084604,0.22944599704814905,1.59720703125,1.47445
18.24,0.5364879555890614,0.522869837918999,0.23217174511590688,1.6047265624999998,1.4779200000000001
18.245,0.5392438868677729,0.5258409572471267,0.2352120025760973,1.6110351562499998,1.48178
18.25,0.5433777837858393,0.5289059478061914,0.23783291417971064,1.6173437499999999,1.4851299999999998
18.256,0.5447557494251942,0.5319097055765037,0.24059056899742703,1.6242773437499998,1.48876
18.262,0.5493489682230459,0.5349098642722662,0.24367640752898367,1.63025390625,1.4926499999999998
18.267,0.5534828651411123,0.5381801482746953,0.24660271231075814,1.6361914062499998,1.4962499999999999
18.272,0.5571574401793935,0.5415760348714402,0.24953813330680408,1.6419140624999997,1.49972
18.278,0.5608320152176747,0.5450271369933386,0.2525783907669963,1.64734375,1.50347
18.283,0.5635879464963862,0.5484315112197442,0.25553660229872666,1.65267578125,1.50694
18.288,0.5681811652942379,0.5518894193481745,0.2586771381159272,1.65853515625,1.51058
18.294,0.5727743840920887,0.5555722624415386,0.26225069411111246,1.6635156249999998,1.51478
18.3,0.5764489591303708,0.5593444711851826,0.26558722853519257,1.66818359375,1.51857
18.305,0.5801235341686519,0.56309733611864,0.2686001373525633,1.67287109375,1.5219399999999998
18.311,0.5837981092069331,0.5668346897605184,0.2721144379549729,1.6774609374999998,1.52591
18.316,0.5879320061249995,0.5706051071914316,0.2752914386292664,1.6815624999999998,1.52943
18.321,0.5916065811632807,0.5744020376033696,0.2784410906607384,1.6857617187499998,1.53283
18.327,0.5952811562015619,0.5781747261910878,0.28185055479900445,1.6898437499999999,1.53666
18.332,0.5994150531196283,0.5819734777838108,0.2852417865087231,1.69373046875,1.54035
18.337,0.6030896281579095,0.5857931286133521,0.2885372979685705,1.69767578125,1.54376
18.343,0.6081421688355464,0.5897205417599927,0.2923296431063207,1.7014453124999998,1.54782
18.348,0.6113574219940423,0.5936888647836704,0.29569352617321965,1.70509765625,1.5512000000000001
18.353,0.6164099626716792,0.597689992359557,0.299235175418449,1.70880859375,1.55484
18.359,0.62100318146953,0.6018539306961367,0.3030092881276527,1.7123437499999998,1.55864
18.364,0.6246777565078121,0.6060119170359618,0.30676516840830903,1.7156640625,1.56243
18.37,0.6288116534258785,0.6101196287415065,0.3103068176535393,1.7191796874999998,1.56583
18.375,0.632945550343945,0.6142325284277679,0.31420399925543396,1.7227734375,1.56976
18.381,0.6384574129013663,0.6184860938738828,0.31826071460711347,1.72591796875,1.57368
18.386,0.6416726660598622,0.622761451715654,0.32202571110204303,1.7290234375,1.57733
18.392,0.6467252067374991,0.6270087824202106,0.32563117384718776,1.7319140625,1.58072
18.397,0.6508591036555655,0.6313246426719933,0.3293277987350667,1.73490234375,1.58425
18.402,0.654993000573632,0.6356044511916897,0.3330244236229456,1.737734375,1.58766
18.407,0.6586675756119131,0.6398098488926272,0.33659342151099647,1.7403906249999999,1.59105
18.411,0.6628014725299796,0.6439555785191126,0.3401077221134061,1.7430859374999998,1.59417
18.416,0.666935369448046,0.648098963774207,0.34379978889414886,1.7456640625,1.59757
18.421,0.6710692663661124,0.6522404691396692,0.34721836924668814,1.74837890625,1.60069
18.426,0.6756624851639641,0.6564259689561293,0.3510015981701642,1.7508984375,1.60408
18.431,0.67887773832246,0.6605557429934648,0.35452501498684796,1.7533984375,1.6073499999999998
18.435,0.6830116352405264,0.6645953301122343,0.35806210612494205,1.7561328125,1.6104699999999998
18.441,0.6880641759181634,0.6687446062576947,0.3622920295478167,1.7587890625,1.61416
18.446,0.6917387509564445,0.672936337257835,0.36610260711411335,1.7614843749999998,1.61757
18.451,0.6963319697542962,0.6771166098020885,0.370209461644297,1.763984375,1.62126
18.456,0.7009251885521479,0.6813786978824543,0.3740291554248669,1.7669140625,1.62453
18.462,0.7050590854702143,0.6856608898000159,0.378491542311715,1.7694335937499999,1.62849
18.467,0.709652304268066,0.6899592024547847,0.3823704914850632,1.77232421875,1.63177
18.473,0.7147048449457021,0.6943614456737527,0.3871291553357965,1.77537109375,1.63588
18.478,0.7192980637435538,0.698847028073043,0.3916462395082849,1.77794921875,1.63983
18.483,0.7238912825414054,0.7033539360796653,0.3957804426812901,1.7807031249999998,1.64338
18.489,0.7284845013392571,0.7078779445287671,0.40011520256830835,1.7834374999999998,1.6470500000000001
18.494,0.7339963638966793,0.7125066691419055,0.4044636367767387,1.7859375,1.6507299999999998
18.499,0.7381302608147458,0.7171738610022222,0.4084884453784614,1.7883984375,1.65414
18.504,0.7418048358530269,0.721689891194444,0.41244944048026966,1.7909765625,1.65741
18.509,0.7459387327710933,0.7260847088289141,0.4165790855461369,1.7933593749999999,1.66082
18.514,0.7496133078093745,0.730382329307902,0.42036687257675,1.7958007812499999,1.6640899999999998
18.519,0.7542065266072262,0.7346475118345069,0.424364332535653,1.79830078125,1.6673499999999999
18.523,0.7565031360061516,0.738750177567157,0.4282569560304106,1.8007421875,1.67062
18.528,0.7615556766837885,0.7427680272508436,0.4321359052037579,1.80306640625,1.67389
18.533,0.765689573601855,0.746899872720005,0.4357869490202697,1.80568359375,1.677
18.538,0.7693641486401361,0.7509866227503119,0.44000319812173405,1.808359375,1.68053
18.543,0.7734980455582026,0.7550372119366997,0.4441556337232857,1.8110546875,1.68392
18.548,0.7767132987166985,0.7590133028104257,0.44849039361030485,1.8139453124999998,1.68759
18.554,0.7822251612741207,0.7630661611054917,0.4528570602472817,1.8165820312499998,1.69137
18.559,0.7863590581921871,0.7672715809424091,0.4567907067062693,1.819375,1.69463
18.564,0.789574311350683,0.7713718264342043,0.460984165272051,1.8224218749999999,1.6981600000000001
18.57,0.7950861739081043,0.7755242410453824,0.46562887644436746,1.8253710937499998,1.70207
18.575,0.7987607489463864,0.7797639905834158,0.46996819443852367,1.82837890625,1.70573
18.581,0.8033539677442372,0.7839827679276685,0.474353093504047,1.83140625,1.7094
18.586,0.8070285427825183,0.7881847282224543,0.4787471087838435,1.8343554687499999,1.71322
18.591,0.8111624397005848,0.7923277014835403,0.4828220565640704,1.8373437499999998,1.7166199999999998
18.596,0.8152963366186512,0.7964688764818654,0.48703830566553563,1.8407031249999999,1.7202899999999999
18.602,0.818511589777148,0.8005176057307781,0.4917103654806718,1.84421875,1.72437
18.608,0.8226454866952144,0.8044922051696619,0.4959630794392309,1.8473828124999998,1.72803
18.613,0.8267793836132808,0.8084983656374861,0.500047143433731,1.85044921875,1.7317
18.618,0.830453958651562,0.812484332177672,0.5038258142500709,1.8536718749999999,1.7349899999999998
18.623,0.8336692118100579,0.8163631019696013,0.5077321120662388,1.8568749999999998,1.73854
18.628,0.8373437868483391,0.8201559135142934,0.5115198990968519,1.8600390625,1.74197
18.633,0.8410183618866203,0.8239252992909207,0.5151071294134493,1.8632226562499998,1.74513
18.638,0.8442336150451162,0.8276303986765783,0.5186989178371846,1.866484375,1.74841
18.642,0.8469895463238277,0.8311929447296988,0.522286148153781,1.8696875,1.75168
18.647,0.8506641213621089,0.8346866829074263,0.5256317987921335,1.8731835937499999,1.75468
18.652,0.8538793745206048,0.838170747748269,0.5292919588229186,1.87677734375,1.7581
18.657,0.8566353057993155,0.8415560520253086,0.5329338864251572,1.8805664062499998,1.76153
18.662,0.8607692027173819,0.8449531665789852,0.5365803721345319,1.8841015625,1.7649599999999999
18.666,0.8639844558758778,0.848405253367184,0.5400263011298909,1.8881249999999998,1.76811
18.671,0.8671997090343746,0.8518104171715448,0.5436727868392657,1.8927343749999999,1.77153
18.677,0.8704149621928705,0.85517795467183,0.547761408940902,1.8974218749999998,1.77536
18.683,0.8731708934715812,0.8584698187455759,0.551676822971344,1.90197265625,1.77918
18.688,0.8763861466300771,0.8617010022929671,0.555295960037899,1.90728515625,1.78273
18.694,0.8796013997885739,0.8649290296104698,0.5593344429610321,1.9125390624999998,1.78671
18.699,0.883275974826855,0.868200027915357,0.5632589732057465,1.9172265625,1.79067
18.704,0.886491227985351,0.8715054835225197,0.566641088701191,1.9227343749999999,1.79395
18.71,0.8897064811438469,0.8747930676472992,0.570807198624153,1.927578125,1.79817
18.715,0.8929217343023428,0.8780663211013621,0.5741528492625045,1.93234375,1.80155
18.721,0.8956776655810543,0.8812825812833157,0.5775896620435903,1.9371484374999999,1.8050899999999999
18.726,0.8988929187395502,0.8844531400624331,0.5812498220743754,1.94220703125,1.80893
18.732,0.9016488500182609,0.8875870520910851,0.5848188199624262,1.9471874999999998,1.8127499999999999
18.737,0.9039454594171863,0.8906005742864725,0.5883741435290668,1.9518164062499999,1.81656
18.743,0.9071607125756831,0.8935630609324104,0.5917061198460081,1.955859375,1.82023
18.747,0.9094573219746085,0.896484623516296,0.5946096340920981,1.9600976562499999,1.82334
18.753,0.9122132532533191,0.8993278682884339,0.5977273793736133,1.96419921875,1.82687
18.758,0.9145098626522454,0.9021083120714118,0.6007721949409417,1.9690234374999998,1.83027
18.764,0.9172657939309561,0.9048383973963139,0.60440044822177,1.97306640625,1.8345
18.769,0.9195624033298824,0.9075281016008914,0.6072674976107661,1.9769921874999998,1.83778
18.774,0.9213996908490225,0.9100944214794344,0.6101938023925397,1.9810937499999999,1.84132
18.779,0.9250742658873037,0.912698308373594,0.6132158274241837,1.9848828125,1.84499
18.784,0.9278301971660152,0.9154233230373889,0.6160874349203169,1.9890625,1.84839
18.789,0.9301268065649406,0.9181089612124628,0.619241645058926,1.9933984374999998,1.8521999999999998
18.795,0.9328827378436513,0.9207630244190057,0.6225143659830898,1.9972265624999999,1.85617
18.801,0.9356386691223628,0.9234372703753969,0.6254452288720005,2.0010546875,1.85975
18.806,0.937475956641503,0.9260366965770733,0.6285037187607392,2.00548828125,1.8636
18.812,0.9397725660404292,0.9285306249043834,0.6316989518635792,2.00921875,1.8677
18.817,0.9420691754393546,0.9309854591516039,0.6343927931813793,2.0132421875,1.8712499999999999
18.823,0.9448251067180653,0.9334544467712812,0.6374193763201603,2.0169140625,1.8752199999999999
18.828,0.9471217161169916,0.935934783607317,0.6400813108880046,2.0205859375,1.87878
18.833,0.949418325515917,0.9383787191958909,0.6427432454558479,2.0242773437499997,1.88235
18.839,0.9517149349148433,0.9407934655834868,0.6455009002735626,2.0278125,1.88605
18.844,0.9530929005541982,0.943093802150207,0.6480534402701252,2.0313671875,1.8896199999999999
18.849,0.9549301880733392,0.9452568946119099,0.6505695154095941,2.03486328125,1.89317
18.854,0.9572267974722646,0.947400938412791,0.6529853121920546,2.0385546874999996,1.89658
18.86,0.9599827287509761,0.9496207113644883,0.6557019440455392,2.04203125,1.90056
18.865,0.9622793381499015,0.9519012095263693,0.6580767178637696,2.0456835937499998,1.90402
18.871,0.9641166256690425,0.9541393978639744,0.6607067456816562,2.04921875,1.90788
18.876,0.9659539131881827,0.9562981571836269,0.6632091464997147,2.052734375,1.9116
18.881,0.9677912007073237,0.9583932244671496,0.6655018743894852,2.0561328125,1.91505
18.886,0.9691691663466786,0.9603917169005661,0.6677444631007505,2.059296875,1.91849
18.891,0.9710064538658196,0.9623127685069305,0.6698184018479569,2.06251953125,1.92178
18.896,0.973303063264745,0.9642627261249468,0.6719561540950787,2.066015625,1.92509
18.901,0.9751403507838861,0.9662358627118838,0.6742078590206173,2.0695898437499998,1.92869
18.906,0.9769776383030262,0.9681820840181631,0.6764960288032498,2.0731835937499996,1.93242
18.911,0.978355603942382,0.9700612207852913,0.6787841985858831,2.07654296875,1.93614
18.917,0.980192891461523,0.9718865642284996,0.6808672535473637,2.08060546875,1.9395799999999999
18.923,0.9829488227402337,0.9738052778778364,0.6833833286868325,2.0839453125,1.94371
18.927,0.9838674664998042,0.9757078588647807,0.6853888958269883,2.08740234375,1.94715
18.933,0.9857047540189443,0.9775064997250337,0.6874172535028285,2.09107421875,1.9506
18.938,0.9875420415380853,0.9793127975069522,0.6895641219642226,2.09431640625,1.95432
18.943,0.9889200071774402,0.9810797332876056,0.6914283877831409,2.0975585937499996,1.95762
18.947,0.9907572946965812,0.9828151057168372,0.6932151657807344,2.1011328125,1.9607999999999999
18.952,0.992135260335937,0.9845251683264218,0.6951933842780704,2.1044921875,1.96437
18.957,0.9935132259752919,0.9861694337737273,0.6970120690256216,2.1081835937499998,1.96766
18.962,0.9948911916146477,0.9877609382106975,0.6989720550944112,2.1116015624999998,1.97122
18.967,0.9967284791337887,0.9893556368689551,0.7007086939135005,2.1148828125,1.97437
18.972,0.9981064447731436,0.9909528968890786,0.7023997516612228,2.11830078125,1.97753
18.976,0.9999437322922846,0.9925522107977772,0.7040680188732615,2.1216796875,1.98067
18.981,1.0008623760518551,0.9941076697806446,0.7057226117638908,2.1252734374999998,1.98381
18.986,1.0017810198114248,0.9955369588843945,0.7074683667972543,2.12935546875,1.98723
18.991,1.0031589854507805,0.9969105775722596,0.7093235164018985,2.1333984375,1.9909
18.996,1.005455594849706,0.9983760612756776,0.7110738295423991,2.1375390624999997,1.99431
19.002,1.0059149167294912,0.9998242053440501,0.7129244210399062,2.1418945312499997,1.998
19.007,1.0077522042486322,1.00121294333112,0.7147157571446368,2.1462890625,2.00168
19.012,1.009130169887987,1.0026450489171495,0.71648886082082,2.1507421874999997,2.00536
19.018,1.0100488136475576,1.0040209260679256,0.718216383425637,2.1554882812500002,2.00903
19.023,1.012345423046484,1.0054427188882809,0.7200031614232305,2.1603515625,2.0128399999999997
19.029,1.0137233886858388,1.0069468321589046,0.7217990556350982,2.1649609375,2.01665
19.034,1.0151013543251945,1.0084259522591301,0.7234171836686327,2.1697460937499997,2.02018
19.039,1.0169386418443356,1.009930532879662,0.7250991252020826,2.1747265625,2.02385
19.045,1.0183166074836905,1.0114555296204106,0.7267810667355308,2.18001953125,2.02752
19.051,1.0196945731230462,1.0129513956249414,0.7285496123045787,2.185234375,2.03131
19.056,1.0206132168826167,1.0143784005748964,0.7301267173738832,2.1907031249999998,2.03483
19.061,1.0224505044017569,1.0157956895449816,0.731753961621691,2.1964648437500003,2.03847
19.067,1.024287791920898,1.0172961912967735,0.7334495774765513,2.2019140625,2.04225
19.072,1.0247471138006832,1.018726913530281,0.7349811014744887,2.2075781249999995,2.04576
19.077,1.0256657575602528,1.0200106776372302,0.7363986727940075,2.2134375,2.04914
19.082,1.0270437231996086,1.0212676036654988,0.737852708970621,2.21892578125,2.05265
19.087,1.0288810107187496,1.0225940127156938,0.7391836762545436,2.2243359375,2.05574
19.091,1.0302589763581045,1.023976138369934,0.7404827367885085,2.2303320312499997,2.05884
19.096,1.031177620117675,1.0253119379306384,0.7418957500008903,2.23685546875,2.06219
19.102,1.0320962638772455,1.0265650879329205,0.743445506427376,2.243359375,2.06596
19.107,1.033014907636816,1.0277519634325478,0.7448904263897154,2.2498437499999997,2.06947
19.113,1.034392873276171,1.028931197040122,0.7463763693162857,2.2558203125,2.07323
19.118,1.036230160795312,1.0301953065857603,0.7477802663143951,2.261875,2.07675
19.124,1.0366894826750972,1.0314364721393132,0.7492798835623748,2.2685546875,2.08066
19.13,1.0385267701942373,1.032659239510306,0.7508569886316803,2.27392578125,2.08468
19.135,1.039904735833593,1.0339582576334894,0.7521970721298752,2.27953125,2.08816
19.141,1.0403640577133784,1.0351819135704048,0.7536966893778558,2.28482421875,2.09206
19.146,1.0426606671123038,1.0364361423262343,0.7550276566617775,2.28962890625,2.09557
19.151,1.0435793108718743,1.0377603885047473,0.7564042050170672,2.29482421875,2.09919
19.157,1.0444979546314448,1.0390042741543415,0.7578308925508601,2.29943359375,2.10309
19.162,1.0458759202707997,1.0402292226986611,0.7591892084776015,2.3041796875,2.1067299999999998
19.168,1.0467945640303702,1.041438986077352,0.7605475244043438,2.30853515625,2.1105
19.173,1.048172529669726,1.0426365728719333,0.7619012822239499,2.31310546875,2.11427
19.179,1.0486318515495112,1.043778893699684,0.7632504819364181,2.31701171875,2.11806
19.184,1.0504691390686514,1.0449224000901267,0.7644720546490591,2.32115234375,2.12157
19.19,1.0518471047080071,1.0461578609219448,0.7658075800401178,2.3250195312499997,2.12533
19.195,1.0527657484675776,1.0473760538269274,0.767115756788356,2.32845703125,2.12908
19.2,1.053225070347363,1.048489396266582,0.7682735160010825,2.3321875,2.13244
19.206,1.165758930894726,1.0605756199240512,0.7732236203515592,2.3360546875,2.13619
19.212,1.0559810016260736,1.0705402554500238,0.7781873990234454,2.3391015625,2.14006
19.217,1.056899645385644,1.0677466873255868,0.7788346502368597,2.342578125,2.1431299999999998
19.222,1.058277611024999,1.065734108096347,0.779645993307196,2.34583984375,2.14698
19.228,1.0596555766643547,1.064393285164009,0.7804573363775313,2.34908203125,2.15057
19.233,1.0605742204239252,1.0635456240169472,0.7812914699835511,2.3526953125,2.15414
19.239,1.0614928641834958,1.0630479144231797,0.7822395562679887,2.3556640625,2.15824
19.245,1.0628708298228506,1.0628763236419103,0.7830691317668714,2.35859375,2.16181
19.25,1.063330151702636,1.0629207370565128,0.7839260559085748,2.36166015625,2.16538
19.256,1.0647081173419917,1.063138358542955,0.7847966543716876,2.3648046875,2.16893
19.261,1.0656267611015613,1.0635403729022235,0.785740182548988,2.36751953125,2.1728899999999998
19.266,1.067004726740917,1.0640902470465037,0.7865788742621449,2.37009765625,2.17619
19.271,1.0679233705004876,1.064758686055513,0.7873993335467544,2.37240234375,2.17948
19.276,1.0679233705004876,1.0653856934499026,0.7881423050100391,2.37505859375,2.18237
19.281,1.0693013361398434,1.0660249798094155,0.7890037872588787,2.3777734375,2.18592
19.287,1.0706793017791982,1.0668106180022934,0.7899154086862223,2.38041015625,2.18947
19.292,1.072057267418554,1.0677136118732171,0.7908452625421134,2.3827734375,2.193
19.297,1.0729759111781245,1.0686652082844865,0.7916976285766797,2.38533203125,2.19615
19.302,1.0734352330579098,1.0695647740220322,0.7926457148611172,2.38779296875,2.19967
19.307,1.0748131986972647,1.0704681196185457,0.7935527781813247,2.39025390625,2.20306
19.312,1.07527252057705,1.0713744961843465,0.7944370509658478,2.3927148437500003,2.2063099999999998
19.318,1.0766504862164057,1.0722833032045374,0.7953577886074648,2.39498046875,2.20984
19.323,1.0775691299759762,1.0732395610269974,0.7962192708563043,2.3974609375,2.21296
19.328,1.078947095615331,1.0742338683972223,0.7972357287477934,2.3999609375,2.21661
19.334,1.0794064174951163,1.075213184812048,0.7982157217821877,2.4025390625,2.22012
19.34,1.0798657393749016,1.076089476604931,0.799236737780813,2.40490234375,2.22402
19.345,1.0807843831344721,1.0769286575536594,0.8001164524581998,2.40732421875,2.22737
19.35,1.0826216706536123,1.0778745859493708,0.8010736549569106,2.4098046875000003,2.231
19.356,1.0830809925333975,1.0788606104245198,0.8020673223127144,2.412265625,2.23463
19.361,1.0849182800525385,1.0798787868890305,0.8030609896685199,2.4145312499999996,2.23825
19.367,1.0853776019323238,1.080922745186439,0.8039862854172739,2.41716796875,2.24148
19.373,1.0862962456918934,1.081896373486265,0.8050528824872663,2.41962890625,2.24537
19.378,1.0876742113312492,1.0829046097844877,0.8060647822716174,2.42197265625,2.24911
19.383,1.0881335332110345,1.0838950954395754,0.8069855199132343,2.4244140625,2.25248
19.389,1.0895114988503902,1.0848713473217548,0.8079655129476295,2.42677734375,2.25614
19.394,1.0904301426099599,1.0858816874015216,0.8089272735534774,2.42912109375,2.25951
19.4,1.0904301426099599,1.086782856253686,0.8098844760521882,2.4317578125,2.26313
19.405,1.0913487863695304,1.0875964835756642,0.8108234461223516,2.43419921875,2.26678
19.411,1.0936453957684567,1.088567423076504,0.8117988810496097,2.436640625,2.27041
19.417,1.0936453957684567,1.0895735032976832,0.8127606416554576,2.43880859375,2.27405
19.421,1.0945640395280263,1.0904712562815158,0.8135856590472033,2.44115234375,2.27716
19.427,1.095942005167382,1.091418650163551,0.814501838581684,2.44337890625,2.28056
19.431,1.0964013270471673,1.0923603478886112,0.8153633208305235,2.44546875,2.28381
19.436,1.0973199708067378,1.0932519761305677,0.8161609895794495,2.4474609375,2.2868
19.441,1.0982386145663074,1.0941489568585623,0.8169358677926919,2.4495703124999997,2.28966
19.445,1.0986979364460927,1.095004727719096,0.8177472108630282,2.45158203125,2.2926699999999998
19.45,1.0996165802056632,1.0958274534730068,0.8185038566477232,2.4535937499999996,2.29553
19.454,1.0996165802056632,1.0965781793418774,0.8192422700038708,2.45564453125,2.29838
19.458,1.100994545845019,1.0973166722854535,0.8199806833600203,2.4577929687499998,2.30124
19.463,1.1023725114843739,1.098181861623484,0.8207874683232195,2.460078125,2.30425
19.468,1.1028318333641591,1.0990576416912226,0.8216398343577858,2.46248046875,2.30752
19.473,1.1037504771237296,1.0998964123010444,0.8225195490351718,2.464921875,2.31078
19.478,1.1046691208833002,1.100751007886903,0.8233992637125587,2.4673046874999995,2.31405
19.483,1.106047086522655,1.1016637949889243,0.8243200013541765,2.47005859375,2.31746
19.489,1.106047086522655,1.1025322405642102,0.8252817619600235,2.4725976562499996,2.32111
19.494,1.1074250521620108,1.1033651298378364,0.8261705928516836,2.4750390624999996,2.3245
19.498,1.1074250521620108,1.1041695074502544,0.8269500291720622,2.47734375,2.32751
19.503,1.1083436959215813,1.1049055204280305,0.827702116849621,2.4797656249999998,2.33037
19.508,1.1092623396811518,1.1056777173769479,0.8285043437056832,2.4821874999999998,2.33349
19.512,1.109721661560937,1.1064334274137393,0.8292792219189264,2.48494140625,2.33661
19.518,1.111099627200292,1.1072214189151612,0.8301498203820392,2.48748046875,2.34
19.522,1.1120182709598625,1.1080807979572358,0.8309292567024187,2.48998046875,2.34298
19.527,1.112936914719433,1.108951918901779,0.8317178092370705,2.4924804687499997,2.34596
19.531,1.1133962365992183,1.1097869534835023,0.8324972455574491,2.4953125,2.34884
19.537,1.114314880358788,1.1105930513619433,0.8333678440205627,2.4983007812499998,2.35223
19.542,1.1147742022385732,1.1113759456606545,0.8342338843765393,2.5014843749999995,2.35561
19.547,1.116152167877929,1.1121857355052638,0.8351500639110192,2.50451171875,2.35925
19.552,1.116152167877929,1.112971590294343,0.8359568488742193,2.5073828125,2.36239
19.557,1.1170708116374994,1.113692750308256,0.8367408433017349,2.5104687500000002,2.36565
19.562,1.11798945539707,1.1144530370569043,0.8375248377292506,2.51396484375,2.36878
19.567,1.1189080991566396,1.1152446985029443,0.8384273429423201,2.51734375,2.37231
19.572,1.1202860647959954,1.116107020376886,0.8392888251911597,2.52099609375,2.37572
19.578,1.1207453866757806,1.1169805011007443,0.8402050047256404,2.52466796875,2.3793699999999998
19.583,1.1212047085555659,1.1177719260423593,0.8410619288673447,2.5282226562499996,2.3827599999999998
19.588,1.1225826741949207,1.1185885563846865,0.8418823881519533,2.5320898437499997,2.38616
19.594,1.123041996074706,1.1194253982735518,0.842798567686434,2.5364062499999998,2.38982
19.6,1.1239606398342765,1.1202329453839581,0.8436873985780942,2.5407421875,2.39348
19.605,1.124879283593847,1.1210625036685367,0.8445671132554802,2.54494140625,2.39702
19.61,1.1253386054736323,1.121864210248626,0.8453830144329535,2.54904296875,2.40055
19.615,1.126257249233202,1.1226435832809223,0.8461761250747424,2.5533203125,2.40381
19.62,1.1271758929927724,1.1234505495147973,0.8470102586807622,2.55767578125,2.40733
19.626,1.1276352148725577,1.1242341401248452,0.8478079274296872,2.56193359375,2.4106199999999998
19.631,1.1290131805119135,1.125044488323164,0.8485919218572038,2.566015625,2.41388
19.635,1.1294725023916987,1.1258762927263164,0.8493622419633082,2.5702734375,2.41702
19.641,1.1317691117906241,1.1268163060645402,0.850237398533559,2.574375,2.42056
19.645,1.1317691117906241,1.1277975874109827,0.8510259510682108,2.5789257812499997,2.42357
19.651,1.1317691117906241,1.1285844510608447,0.8519102238527347,2.58265625,2.42722
19.655,1.1331470774299799,1.12935192193858,0.8526440791017462,2.5870898437500003,2.43024
19.661,1.1340657211895504,1.1301948460333446,0.8535420262076796,2.5907031249999997,2.43391
19.666,1.1345250430693348,1.131007270304364,0.8542713233495549,2.594765625,2.43679
19.671,1.13498436494912,1.1317497356856014,0.8551008988484377,2.5990234374999996,2.44021
19.676,1.1354436868289053,1.1324361028769023,0.8559395905615936,2.60287109375,2.44389
19.681,1.1363623305884758,1.13312298829312,0.8566871201320154,2.607109375,2.44718
19.687,1.1372809743480463,1.1338557911451896,0.8575577185951291,2.6108984375,2.45099
19.692,1.1381996181076168,1.1346254139789065,0.8583371549155085,2.61482421875,2.45429
19.698,1.140036905626757,1.1355155655554068,0.859235102021441,2.6186718749999995,2.45798
19.703,1.1404962275065422,1.1364568640692387,0.8600692356274608,2.622890625,2.46142
19.709,1.1414148712661127,1.1373481721942325,0.8610355543404458,2.62654296875,2.46539
19.714,1.141874193145898,1.1381993943439224,0.861842339303645,2.630078125,2.46883
19.719,1.1437114806650381,1.1391094763763876,0.8626719148025277,2.6337304687499996,2.47227
19.725,1.1441708025448234,1.140066756597587,0.863565303801324,2.6373046875,2.47584
19.73,1.1446301244246087,1.1409253781475686,0.8643812049787973,2.6408203125,2.4791499999999997
19.735,1.1455487681841792,1.1417503897942172,0.865206222370543,2.64404296875,2.48258
19.74,1.146926733823534,1.1426394543150762,0.8659902167980587,2.64748046875,2.48576
19.745,1.1473860557033193,1.14353437926269,0.8668380247254888,2.650625,2.48921
19.75,1.1483046994628898,1.144388501647117,0.8675992286173209,2.65392578125,2.49237
19.755,1.148764021342675,1.1452099055314835,0.8684105716876571,2.6575781249999997,2.4956899999999997
19.76,1.1492233432224603,1.1459595714280049,0.8693130769007267,2.661171875,2.49952
19.766,1.1506013088618152,1.146742716292639,0.8701517686138835,2.6646875,2.5031
19.771,1.1515199526213857,1.147598208944407,0.871008692755586,2.668203125,2.5066699999999997
19.777,1.1524385963809562,1.14846621349499,0.8718884074329729,2.67134765625,2.51024
19.781,1.153816562020312,1.1493897528924277,0.8726860761818989,2.67484375,2.51342
19.787,1.153816562020312,1.1502668204500297,0.8735657908592858,2.67833984375,2.517
19.792,1.1547352057798816,1.1510611215790918,0.874459179858083,2.6819140624999998,2.52083
19.798,1.155194527659667,1.1518345563753816,0.8752796391426916,2.68509765625,2.52426
19.803,1.1561131714192374,1.1525912590093572,0.8760454011416607,2.6885351562499995,2.52758
19.808,1.157031815178808,1.1533800464483013,0.8768886509619538,2.6919921875,2.53129
19.814,1.1584097808181637,1.1542400637316976,0.8777455751036563,2.69546875,2.53486
19.819,1.158869102697948,1.1551116964651356,0.8786116154596328,2.69890625,2.53844
19.824,1.1597877464575186,1.1559471414368856,0.8794548652799259,2.70228515625,2.54201
19.83,1.1611657120968744,1.156844572166171,0.8802935569930828,2.7057421875,2.54546
19.835,1.1611657120968744,1.1577007038708804,0.8811368068133758,2.70921875,2.54889
19.84,1.1620843558564449,1.1584782170912764,0.881984614740805,2.71287109375,2.5526
19.846,1.1630029996160145,1.1592836919910041,0.882823306453961,2.71630859375,2.55617
19.851,1.163921643375585,1.1601115886244526,0.8836483238457076,2.7201562499999996,2.55975
19.857,1.1643809652553703,1.1609119627702942,0.8845645033801874,2.723515625,2.5637
19.862,1.1652996090149408,1.1616902673586837,0.8853348234862928,2.7272460937500003,2.56699
19.868,1.1662182527745113,1.162496376835549,0.8861780733065858,2.73056640625,2.57068
19.873,1.167136896534081,1.1633247823196797,0.8869392771984179,2.7341406249999998,2.57384
19.878,1.1680555402936514,1.1641710663844214,0.8877642945901645,2.737578125,2.57739
19.883,1.1685148621734367,1.1649861849268126,0.8885437309105431,2.74107421875,2.58068
19.888,1.168974184053222,1.1657308107732551,0.8893094929095122,2.7447265625,2.5840899999999998
19.893,1.1703521496925777,1.1665099141545625,0.8901117197655743,2.74876953125,2.58749
19.899,1.1717301153319326,1.167407667932314,0.8909914344429612,2.7525390625,2.59115
19.904,1.1721894372117179,1.1683095605660232,0.8918665910132111,2.756484375,2.59481
19.909,1.1731080809712884,1.1691692701542955,0.8926551435478629,2.7600976562499997,2.59807
19.914,1.1735674028510736,1.1699951542701739,0.8934345798682424,2.7644531249999997,2.60133
19.92,1.1749453684904285,1.170839416516165,0.8943325269741758,2.7684765624999996,2.60512
19.925,1.175864012249999,1.1717439175852835,0.8951666605801956,2.7723632812499996,2.60837
19.931,1.1763233341297843,1.1726057188091648,0.8959734455433948,2.776796875,2.61174
19.936,1.1767826560095695,1.1733877782675637,0.8968486021136446,2.7811328124999997,2.61538
19.941,1.1781606216489253,1.174196898675729,0.8976371546482973,2.78529296875,2.61875
19.946,1.1781606216489253,1.1749822166613666,0.8984074747544026,2.7895117187499996,2.62199
19.951,1.179079265408495,1.1757029462267474,0.8991550043248244,2.79361328125,2.62523
19.956,1.1804572310478507,1.176508389695011,0.8999025338952462,2.79779296875,2.62833
19.961,1.180916552927636,1.1773362611243972,0.9006591796799421,2.80205078125,2.63156
19.966,1.1818351966872065,1.1781366150597654,0.9013930349289527,2.80619140625,2.63452
19.97,1.1832131623265614,1.179005907211807,0.9021132158565548,2.8103320312499998,2.63748
19.975,1.1832131623265614,1.1798394753330215,0.9028288386770198,2.81462890625,2.64031
19.979,1.1836724842063466,1.1805533935255312,0.9035171128546651,2.8194921875,2.64315
19.984,1.1850504498457024,1.1813078732484557,0.904310223496454,2.824609375,2.64651
19.989,1.1855097717254877,1.1820948781936131,0.9051124503525161,2.8299609374999997,2.64972
19.994,1.1868877373648425,1.182907964257271,0.9059283515299885,2.83494140625,2.65306
19.999,1.1868877373648425,1.1836964621975326,0.9066576486718638,2.84091796875,2.65602
20.005,1.1882657030041983,1.1844652435696672,0.9075419214563878,2.84708984375,2.65962
20.01,1.1887250248839836,1.1852637166304036,0.9084034037052273,2.8527734375,2.66324
20.015,1.189643668643554,1.1860404967887508,0.9091281427399656,2.8595703125,2.6662
20.021,1.1905623124031246,1.1868453838653417,0.9100260898458989,2.8660742187499997,2.66982
20.026,1.1891843467637688,1.187445299714164,0.9108602234519179,2.86849609375,2.6734999999999998
20.032,1.1887250248839836,1.1877443488826462,0.9115029165581952,2.86837890625,2.67585
20.037,1.187806381124413,1.1878476428745093,0.9120863542716959,2.86630859375,2.67769
20.042,1.1868877373648425,1.187748464064456,0.9125558393067781,2.8630273437500002,2.67865
20.048,1.1864284154850582,1.187532429535703,0.9129660689490828,2.85890625,2.67893
20.053,1.1855097717254877,1.187222691485879,0.9132896945557896,2.8541796875,2.67851
20.059,1.1845911279659171,1.1867923131671323,0.9135358323411724,2.84951171875,2.67731
20.064,1.1841318060861319,1.1863106984811818,0.9137090404123676,2.84396484375,2.67555
20.069,1.1832131623265614,1.1857879987027145,0.9138457836264697,2.83849609375,2.67273
20.075,1.1822945185669917,1.1851868519864144,0.9139095971263833,2.833046875,2.66905
20.08,1.1813758748074212,1.1845228007381499,0.9139095971263833,2.8276953125,2.66563
20.086,1.1799979091680655,1.183762806118614,0.9138321093050585,2.82234375,2.6621
20.091,1.179079265408495,1.1829258770382611,0.9136816917695469,2.81701171875,2.65859
20.097,1.1786199435287106,1.1821182600112987,0.9134993674840786,2.81208984375,2.65501
20.102,1.17770129976914,1.181334147547426,0.9132942526629257,2.8068359375,2.65174
20.107,1.1767826560095695,1.1805233808882785,0.9130253243418593,2.8020703124999997,2.64803
20.112,1.175864012249999,1.1796912409324165,0.9127290473779732,2.7971093750000002,2.6444799999999997
20.118,1.1749453684904285,1.1788419622932163,0.912382631235582,2.79212890625,2.64091
20.123,1.174026724730859,1.17797894059554,0.9119951921289609,2.7873828124999998,2.63722
20.129,1.1735674028510736,1.1771504005864222,0.9115758462723829,2.7826953125,2.63353
20.134,1.1726487590915031,1.1763495105345876,0.911161058522941,2.7783984375,2.62995
20.14,1.170811471572362,1.1754342865999319,0.9106687829521762,2.773828125,2.62639
20.145,1.170811471572362,1.1745183851078305,0.9101719492742735,2.76974609375,2.62281
20.15,1.1698928278127925,1.1736929440701687,0.9096979061320551,2.76568359375,2.6195
20.156,1.1685148621734367,1.1728035352319728,0.9091554913827853,2.76181640625,2.61592
20.161,1.1680555402936514,1.171908334185361,0.9086358671691999,2.75828125,2.61274
20.165,1.167136896534081,1.171053990404424,0.9081390334912971,2.75494140625,2.6097099999999998
20.17,1.1666775746542957,1.170232408988031,0.9076421998133952,2.7515234375,2.60667
20.174,1.165758930894726,1.1694370988483078,0.9071271337069451,2.748203125,2.60374
20.179,1.165758930894726,1.1687083568379106,0.9066120676004967,2.74474609375,2.60069
20.184,1.1643809652553703,1.1679874921710558,0.9060468623155433,2.7410351562499997,2.59738
20.189,1.1630029996160145,1.1671364384835317,0.9054132854235393,2.73783203125,2.59392
20.193,1.1630029996160145,1.1663174953063353,0.9048571963528591,2.7345703125000003,2.59098
20.198,1.1620843558564449,1.1655698025860417,0.904269200532223,2.73134765625,2.58778
20.203,1.1616250339766596,1.1648337418443702,0.9036857628187231,2.728203125,2.58471
20.207,1.1611657120968744,1.1641525103647419,0.9031114413194965,2.7249804687499997,2.58163
20.212,1.160706390217089,1.1635152450253108,0.9025143292845863,2.72189453125,2.57829
20.217,1.1593284245777333,1.16282223120507,0.9019627983210432,2.71892578125,2.5753399999999997
20.221,1.1584097808181637,1.1620390122623807,0.9013839187146804,2.71599609375,2.57239
20.225,1.1574911370585932,1.1612289620943212,0.9007822485726331,2.71306640625,2.56944
20.23,1.1574911370585932,1.1604884004436775,0.9001896946448591,2.71013671875,2.56649
20.234,1.1565724932990227,1.1598035598037668,0.8996062569313592,2.707265625,2.56351
20.238,1.1561131714192374,1.1591178984888761,0.8990182611107231,2.7043749999999998,2.56068
20.243,1.1542758839000973,1.1583405753264504,0.8983938004329923,2.70142578125,2.5575799999999997
20.247,1.1542758839000973,1.1575352528292,0.8977419911124418,2.6984960937499998,2.55462
20.252,1.1533572401405268,1.1567984821731794,0.8971084142204377,2.6955859374999998,2.55167
20.256,1.1528979182607415,1.1560711795469953,0.8964702792212975,2.69263671875,2.54871
20.261,1.151979274501171,1.1553514690844058,0.8958184699007461,2.6896875,2.54561
20.265,1.1515199526213857,1.1546378465777096,0.8951803349016059,2.68623046875,2.54265
20.271,1.1510606307416005,1.1539746077273445,0.8944145729026367,2.6829296874999997,2.53901
20.276,1.1501419869820309,1.1533062683181714,0.8936898338678985,2.6797265625,2.53549
20.281,1.1483046994628898,1.1524973332504693,0.8929514205117508,2.67640625,2.53212
20.286,1.1473860557033193,1.1515756582296175,0.8921811004056446,2.6731249999999998,2.52875
20.291,1.1473860557033193,1.150745587551413,0.8914153384066763,2.6697265625,2.52538
20.296,1.1464674119437488,1.149988971981328,0.8906404601934339,2.6663867187499997,2.52187
20.301,1.1460080900639644,1.1492457562415725,0.8899157211586957,2.66310546875,2.51852
20.306,1.1441708025448234,1.148422281702705,0.8891499591597274,2.6600390625,2.51514
20.31,1.1437114806650381,1.1475344497480646,0.8884252201249883,2.6566015624999997,2.51204
20.316,1.1437114806650381,1.146777018817664,0.8876321094831994,2.65333984375,2.50853
20.321,1.1423335150256833,1.1460331492619602,0.886902812341325,2.6498046875,2.50516
20.326,1.1414148712661127,1.1452091504453155,0.8860914692709887,2.64638671875,2.50166
20.331,1.1409555493863275,1.1444119018560412,0.885307474843473,2.6428515624999998,2.49817
20.336,1.140036905626757,1.1436361035690883,0.8845280385230936,2.6389648437499997,2.49467
20.342,1.1386589399874012,1.1427865019443417,0.883620975202887,2.635,2.49089
20.348,1.1381996181076168,1.1419232212530686,0.8827230280969536,2.6316601562499997,2.487
20.352,1.1377402962278316,1.1411399754487601,0.8820393120264454,2.6282617187499997,2.4838999999999998
20.357,1.1363623305884758,1.1403299037410763,0.8812735500274771,2.62470703125,2.48054
20.362,1.1354436868289053,1.1394528191635285,0.880512346135645,2.62076171875,2.4773199999999997
20.368,1.13498436494912,1.138613002501671,0.8796417476725313,2.6173242187500003,2.47355
20.372,1.1340657211895504,1.1378030699992028,0.8789033343163837,2.61365234375,2.47032
20.377,1.1326877555501946,1.1369260970466486,0.8781011074603207,2.60990234375,2.4669499999999998
20.382,1.1326877555501946,1.1360863698939319,0.8772988806042585,2.6056640625,2.46358
20.388,1.1313097899108389,1.1352765091664847,0.8764237240340078,2.60119140625,2.4598
20.394,1.1313097899108389,1.1344905975383262,0.8755576836780321,2.59677734375,2.45602
20.399,1.1294725023916987,1.1336783881767551,0.8746825271077814,2.59234375,2.45211
20.405,1.1294725023916987,1.1328450913558423,0.8738347191803522,2.5880273437500003,2.44847
20.41,1.1285538586321282,1.1320858888269452,0.8730005855743324,2.5830859375,2.44468
20.416,1.1271758929927724,1.1312495949031998,0.8721208708969455,2.5779101562499998,2.44089
20.422,1.1267165711129872,1.1303969853066325,0.871181900826782,2.57287109375,2.4367
20.428,1.124879283593847,1.1294857907170828,0.8702748375065745,2.5684375,2.43277
20.433,1.1239606398342765,1.1284821164807297,0.8694680525433753,2.5636132812500003,2.42939
20.439,1.123041996074706,1.1274952890228211,0.8685199662589378,2.558515625,2.42547
20.444,1.1221233523151364,1.1265219705525473,0.8676083448315941,2.553671875,2.42168
20.45,1.1221233523151364,1.1256504883533238,0.8666648166542936,2.548828125,2.41763
20.456,1.1207453866757806,1.1248151640909931,0.8658170087268635,2.54384765625,2.41385
20.462,1.1184487772768543,1.1237813245005626,0.8648415737996062,2.53921875,2.40992
20.468,1.1184487772768543,1.1227248063552835,0.8638296740152542,2.5349804687499997,2.40572
20.473,1.11798945539707,1.1218321104143654,0.8630137728377818,2.5307812499999995,2.40234
20.478,1.1175301335172847,1.1210252772966107,0.8621477324818052,2.526875,2.39853
20.483,1.1156928459981437,1.1201507896589733,0.861336389411469,2.5232617187499997,2.39501
20.488,1.1147742022385732,1.1191765497599402,0.8605159301268603,2.519453125,2.39161
20.494,1.1133962365992183,1.1181678230364323,0.8596088668066519,2.5159570312499997,2.38796
20.499,1.1138555584790035,1.1172679478921315,0.8587838494149063,2.51279296875,2.38457
20.503,1.112936914719433,1.1165008598453423,0.858054552273031,2.50984375,2.38144
20.508,1.1120182709598625,1.1157037446175726,0.8573389294525668,2.506875,2.37832
20.513,1.1106403053205067,1.1148370494997975,0.8564956796322729,2.50341796875,2.37492
20.518,1.1092623396811518,1.1138690582170685,0.8556478717048446,2.50001953125,2.37152
20.524,1.1092623396811518,1.1129563458641893,0.8547316921703638,2.4973046875,2.36769
20.528,1.1088030178013666,1.1121789639981685,0.8540069531356256,2.49419921875,2.36472
20.533,1.1074250521620108,1.1113735944280523,0.853140912779649,2.4909375000000002,2.36104
20.539,1.106047086522655,1.110454778485745,0.8522110589237579,2.48810546875,2.35723
20.544,1.1055877646428707,1.109535996657376,0.8513905996391484,2.48494140625,2.35396
20.549,1.104209799003515,1.1086172421840748,0.850451629568985,2.48203125,2.35014
20.555,1.1032911552439444,1.1076530077611326,0.8495582405701878,2.4792773437499998,2.34659
20.56,1.1032911552439444,1.1067888098200527,0.848724106964168,2.4765039062499996,2.34305
20.565,1.1019131896045895,1.1059593266123493,0.8478489503939182,2.4735156249999997,2.33952
20.571,1.100994545845019,1.1050666764645294,0.8469282127523003,2.47091796875,2.33571
20.576,1.0996165802056632,1.1041233744122063,0.8460849629320082,2.46833984375,2.33228
20.58,1.0996165802056632,1.1032304597025004,0.8452553874331246,2.4656054687499998,2.32886
20.586,1.0973199708067378,1.1022869455049733,0.8443027430415508,2.46291015625,2.32516
20.591,1.0964013270471673,1.1012118531418236,0.8433409824357039,2.4602734374999997,2.32146
20.597,1.0964013270471673,1.1002587611401726,0.8424430353297696,2.45775390625,2.3179
20.602,1.0950233614078115,1.0993579961281166,0.841572436866656,2.455078125,2.31433
20.607,1.0945640395280263,1.0984536888649803,0.8405970019393987,2.45251953125,2.31049
20.612,1.0936453957684567,1.0975920430490085,0.8397491940119686,2.450078125,2.30705
20.617,1.0931860738886714,1.0967646063231675,0.8389105022988126,2.44775390625,2.30347
20.622,1.0918081082493156,1.0959190990801666,0.8380946011213402,2.4453320312499995,2.30017
20.627,1.0904301426099599,1.094968097795809,0.8372103283368162,2.44287109375,2.29662
20.633,1.0895114988503902,1.0939780055049513,0.8362941488023363,2.4403515625,2.29307
20.638,1.0885928550908197,1.0930020690511808,0.8353187138750782,2.4378124999999997,2.28922
20.643,1.0876742113312492,1.0920374837900908,0.8343979762334612,2.4353515625,2.28566
20.649,1.0867555675716787,1.0910820007512485,0.8334817966989805,2.4327734375,2.2821
20.654,1.0858369238121082,1.0901338165445358,0.8324698969146294,2.429921875,2.27813
20.66,1.0849182800525385,1.0891914850789461,0.8314443228088679,2.4275390624999997,2.27416
20.665,1.083999636292968,1.0882538467722127,0.8305782824528913,2.4250585937499998,2.27074
20.671,1.082162348773827,1.087228968015979,0.8296301961684538,2.422734375,2.26705
20.676,1.0817030268940426,1.0861796353274782,0.8287322490625195,2.4202734374999997,2.26361
20.681,1.0812437050142574,1.0852471993300274,0.8277978370994923,2.41765625,2.26004
20.687,1.0798657393749016,1.0843174959383977,0.8268132859579609,2.4153515624999997,2.25607
20.691,1.0784877737355458,1.0832989799814594,0.8259472456019852,2.4128515624999998,2.25277
20.697,1.0775691299759762,1.082254749454021,0.8249307877104961,2.4104101562499998,2.24907
20.702,1.0766504862164057,1.0812354009751595,0.8239827014260586,2.4079882812499998,2.2455
20.707,1.07527252057705,1.080190502870332,0.823030057034484,2.4055859374999997,2.24194
20.712,1.0748131986972647,1.0791706190787564,0.8220865288571835,2.4030859374999998,2.23836
20.718,1.0738945549376941,1.0782162954906698,0.8211293263584736,2.4007421874999997,2.2347799999999998
20.722,1.0734352330579098,1.0773145429019095,0.8202724022167693,2.398515625,2.23147
20.727,1.0711386236589835,1.076318439957144,0.8194245942893401,2.3963281249999997,2.2283
20.731,1.0706793017791982,1.0752466799485185,0.8185767863619109,2.39412109375,2.22513
20.736,1.0706793017791982,1.074341761959085,0.8177563270773005,2.39193359375,2.22208
20.74,1.0693013361398434,1.073479626417791,0.8169495421141022,2.38951171875,2.21904
20.745,1.0674640486207023,1.0724697894543251,0.8160196882582111,2.38720703125,2.21557
20.75,1.0674640486207023,1.0714780202679646,0.815167322223644,2.3848046875,2.21252
20.754,1.0656267611015613,1.0705007391558852,0.8142557007963003,2.3821484374999997,2.20919
20.76,1.065167439221777,1.069489573763787,0.8132438010119492,2.37953125,2.20557
20.765,1.0637894735824212,1.0684967393455174,0.8122820404061013,2.3768164062499997,2.20223
20.77,1.063330151702636,1.0675186040520444,0.8112838149431605,2.37376953125,2.1985
20.776,1.0619521860632801,1.0665522555993479,0.8101807530160743,2.37078125,2.1946
20.781,1.0610335423037105,1.0655498568186765,0.8091597370174499,2.3679296875,2.19083
20.786,1.06011489854414,1.0645640521150646,0.8081751858759185,2.3653515625,2.1872
20.791,1.058277611024999,1.0635005499946082,0.8072817968771213,2.3627343749999996,2.18398
20.795,1.058277611024999,1.0624657481332118,0.8063929659854612,2.35986328125,2.1807499999999997
20.8,1.0564403235058588,1.0614539602531554,0.8054084148439298,2.356484375,2.17724
20.806,1.055062357866503,1.0603241210233507,0.8042278650955197,2.3533007812499998,2.17318
20.811,1.055062357866503,1.059281627067244,0.8032068490968944,2.35025390625,2.16953
20.816,1.0527657484675776,1.058218169214217,0.8022314141696372,2.3472265625,2.166
20.821,1.0518471047080071,1.0570468971948586,0.8012286305995584,2.343828125,2.1626
20.826,1.0504691390686514,1.0558801756068794,0.8001118943510628,2.34046875,2.1587899999999998
20.832,1.050009817188866,1.0547626047748448,0.7990544134953446,2.3369921875,2.15512
20.837,1.0486318515495112,1.053684446638625,0.7980014907467616,2.333359375,2.15144
20.842,1.0467945640303702,1.0525013868496031,0.7968984288196754,2.32982421875,2.14778
20.847,1.046335242150585,1.0513252129597996,0.7958363898568201,2.3262890625,2.14425
20.852,1.04495727651123,1.0502000625760493,0.7948016995367855,2.3223242187499995,2.14072
20.858,1.0440386327516595,1.04907032471212,0.7936667308597425,2.3186718749999997,2.13678
20.862,1.043119988992089,1.047982410153688,0.7926776216110749,2.31453125,2.13343
20.868,1.0417420233527332,1.0468825307167247,0.7915107461840742,2.3103320312499998,2.12952
20.873,1.0403640577133784,1.0457275550740543,0.7904168004712622,2.30591796875,2.12591
20.879,1.0389860920740226,1.0445283992360985,0.7892089020800315,2.3015625,2.12203
20.884,1.0376081264346668,1.0432938164639203,0.7881286306886288,2.29654296875,2.11859
20.89,1.0366894826750972,1.0420763276518215,0.7868614769046216,2.29205078125,2.11462
20.895,1.0353115170357414,1.0408725460357957,0.785785763620356,2.2873242187500002,2.11122
20.9,1.034392873276171,1.0396797558590454,0.7846371206219027,2.2818359375,2.10756
20.906,1.033014907636816,1.0384957794277687,0.7834155479092617,2.27650390625,2.10379
20.911,1.0316369419974603,1.0372733686217503,0.7822669049108093,2.2714648437499996,2.1002899999999998
20.916,1.0297996544783192,1.0359746364186226,0.7811729591979963,2.26615234375,2.09692
20.921,1.029340332598534,1.0347057078685153,0.7800516648423637,2.2606054687499997,2.09357
20.926,1.027962366959179,1.0335061799672336,0.7789166961653207,2.25498046875,2.09007
20.93,1.0270437231996086,1.032316800732229,0.7779047963809687,2.2493164062499997,2.08712
20.936,1.026125079440038,1.031181061330191,0.7767743858110627,2.2432421875,2.08365
20.94,1.024287791920898,1.0299973305266237,0.7756895563125239,2.237421875,2.08045
20.945,1.0233691481613274,1.0287751166829917,0.7745864943854377,2.2316796875,2.0772399999999998
20.95,1.0219911825219716,1.0275675461887088,0.7734971067797627,2.22564453125,2.07402
20.955,1.0215318606421864,1.0264172196952897,0.772330231352762,2.22013671875,2.07054
20.96,1.0196945731230462,1.025267293772538,0.7712454018542232,2.214375,2.06735
20.965,1.0183166074836905,1.0240266852869495,0.7700648521058131,2.208984375,2.06388
20.97,1.01739796372412,1.0228043646140756,0.7689344415359072,2.20328125,2.06056
20.975,1.016019998084765,1.0215967084562392,0.7676900782875817,2.1976367187499997,2.0569699999999997
20.981,1.014182710565624,1.020309807616627,0.7664320407178487,2.191875,2.05339
20.987,1.0128047449262692,1.0189593625552074,0.7650418180411487,2.186328125,2.04955
20.992,1.0114267792869134,1.0176034649419887,0.7637427575071838,2.1815429687499996,2.04597
20.997,1.0100488136475576,1.0162431950711854,0.7625713239730469,2.1768359375,2.04266
21.002,1.0086708480082027,1.0148794192022568,0.7613315188318595,2.17232421875,2.03937
21.007,1.0082115261284175,1.0136038357357304,0.7601737596191329,2.1678320312499997,2.03608
21.012,1.0059149167294912,1.0123079676624658,0.7589430706922196,2.16263671875,2.03279
21.018,1.004077629210351,1.010859328242815,0.7574069885871451,2.15796875,2.02872
21.024,1.00224034169121,1.0093336873917633,0.7560441145532657,2.1537499999999996,2.0251799999999998
21.029,1.0013216979316395,1.0078373048921558,0.7547769607692576,2.149453125,2.02189
21.034,0.9990250885327141,1.0063188820085134,0.7534277610567894,2.14494140625,2.0184699999999998
21.04,0.9985657666529288,1.0048282874067407,0.7519190275945355,2.140703125,2.01453
21.045,0.9967284791337887,1.0034055094557288,0.7505926184177509,2.13685546875,2.01112
21.05,0.9958098353742182,1.0019916100046928,0.7493482551694255,2.13302734375,2.0079599999999997
21.055,0.9935132259752919,1.000539328103844,0.7480583108497347,2.1292773437499997,2.00467
21.06,0.9925945822157223,0.9990562683280667,0.7467546922086337,2.1257421874999998,2.00137
21.065,0.990297972816796,0.9975485285855409,0.7454875384246256,2.1223242187499998,1.99819
21.069,0.9889200071774402,0.9959754967431753,0.7442295008548907,2.11884765625,1.99514
21.074,0.9884606852976558,0.9945321164265298,0.7429349984280629,2.11513671875,1.99196
21.079,0.9861640758987296,0.9931016964814713,0.7414991946799967,2.11107421875,1.98838
21.085,0.9847861102593738,0.9915906653469173,0.7399585544677851,2.10703125,1.9845199999999998
21.091,0.9824895008604484,0.9900149942240298,0.7383632169699332,2.10326171875,1.98078
21.096,0.9815708571008779,0.9884329918830455,0.7368499254005432,2.09970703125,1.97706
21.101,0.9792742477019525,0.9868459127051294,0.735414121652477,2.0955273437499997,1.97358
21.108,0.9769776383030262,0.985118256890632,0.73364557608343,2.0919140625,1.96944
21.113,0.9751403507838861,0.983323378261132,0.7320547966927151,2.088046875,1.96585
21.119,0.9728437413849598,0.9814745954279511,0.7303090416593525,2.08439453125,1.96198
21.124,0.9714657757456049,0.9796280901194429,0.7286772393044059,2.0807812500000002,1.95823
21.13,0.9691691663466786,0.9777834110979446,0.727045436949461,2.07732421875,1.95462
21.135,0.9677912007073237,0.975940196527868,0.7254318670230626,2.073828125,1.95101
21.14,0.9654945913083974,0.9740981562627904,0.7238319714180745,2.07033203125,1.9475099999999999
21.146,0.9636573037892573,0.9722115557569933,0.7221637042060358,2.066875,1.94388
21.151,0.9618200162701163,0.9703347254535057,0.720445297815492,2.0632421875,1.9402599999999999
21.157,0.9595234068711909,0.9684202277328057,0.7187314495320862,2.059765625,1.9364999999999999
21.162,0.9581454412318351,0.9665210273879236,0.7170449498915001,2.0560937499999996,1.933
21.168,0.9553895099531244,0.9645885917205956,0.7152399394653592,2.05287109375,1.92924
21.173,0.9544708661935539,0.9626750074090705,0.7136537181817815,2.0495898437499998,1.92588
21.178,0.9521742567946285,0.9608220413878819,0.7120082415054254,2.0461328125,1.92251
21.183,0.949418325515917,0.9588356760363117,0.7102579283649257,2.04259765625,1.91902
21.188,0.9466623942372063,0.9566968393925235,0.7083344071532309,2.03904296875,1.91526
21.194,0.9452844285978506,0.9545722456927616,0.70648837376286,2.0355859374999996,1.91163
21.199,0.9425284973191399,0.9524590730344389,0.7047335025152233,2.03212890625,1.90827
21.204,0.9402318879202145,0.9502640548383448,0.7028054231963914,2.02880859375,1.90463
21.209,0.9379352785212882,0.9480489087475148,0.7010186451987979,2.02568359375,1.90139
21.214,0.9360979910021481,0.9458631245133197,0.699341261772485,2.0220312499999995,1.89828
21.219,0.9333420597234365,0.9436553828931737,0.6972673230252777,2.0184375,1.89452
21.224,0.9310454503245111,0.9413845323389759,0.6952799883136684,2.0149609374999997,1.89102
21.229,0.9296674846851554,0.9391995820486563,0.693370141423383,2.010859375,1.88751
21.235,0.9264522315266595,0.9369925091461255,0.6910956459621609,2.0069726562500003,1.88346
21.241,0.9236963002479488,0.9346311910490612,0.6888393829294843,2.00306640625,1.87954
21.247,0.9209403689692373,0.9321916896806097,0.6866514915038602,1.9995703125,1.87576
21.252,0.9186437595703119,0.9297349970923163,0.684746202720711,1.99560546875,1.87253
21.257,0.9172657939309561,0.9274010249727566,0.6824899396880353,1.99201171875,1.86879
21.262,0.9135912188926749,0.9250289535079067,0.6804843725478786,1.9880859374999997,1.86544
21.268,0.9108352876139643,0.922489825527337,0.6782873649079804,1.9840820312499998,1.86197
21.273,0.9089980000948232,0.9199987468694129,0.6758989167683405,1.98021484375,1.8580999999999999
21.278,0.9062420688161126,0.9175461976969693,0.6738705590925003,1.9765625,1.85475
21.283,0.9034861375374019,0.9150335405335831,0.6718102946667042,1.97291015625,1.85154
21.288,0.9011895281384756,0.912518186241366,0.6698001694194105,1.9689453125,1.84848
21.293,0.898433596859765,0.9100006691926228,0.667516557743915,1.9649804687499999,1.8450199999999999
21.298,0.8952183437012691,0.9073904141165231,0.6651189933900001,1.9603320312499999,1.84118
21.304,0.8924624124225575,0.9047057948604139,0.6626621736433087,1.9559374999999999,1.8376
21.309,0.8892471592640616,0.9019615449282369,0.6602144701108914,1.95140625,1.83399
21.315,0.886491227985351,0.8991694787284985,0.6576983949714217,1.9469531249999998,1.83038
21.32,0.883275974826855,0.8963390699240092,0.6552233427961838,1.9420898437499998,1.8269199999999999
21.326,0.8796013997885739,0.8933869114253985,0.6524930366212889,1.9372070312499998,1.82308
21.331,0.8773047903896476,0.8904281288257053,0.6498219858391714,1.9323632812499998,1.81938
21.337,0.8736302153513664,0.8874640345339335,0.6471965161284228,1.92708984375,1.81581
21.342,0.8704149621928705,0.8844046771663765,0.6444251869892978,1.9221875,1.81212
21.347,0.867659030914159,0.8813599346189211,0.641776926742863,1.9173046875,1.8086799999999998
21.353,0.8639844558758778,0.8782814094255801,0.6388551800682265,1.9120117187499999,1.80487
21.359,0.8603098808375966,0.8750847910489533,0.63593343339359,1.90744140625,1.8010899999999999
21.364,0.8570946276791007,0.8718389787459662,0.6331940110044219,1.9028515624999998,1.79769
21.37,0.8534200526408195,0.8685537191299455,0.6303543102582463,1.8981445312499998,1.79416
21.375,0.8506641213621089,0.8652823296381936,0.6272456811910043,1.89390625,1.7902
21.381,0.8469895463238277,0.8620220622335432,0.6244789101590165,1.8898828125,1.7867899999999999
21.386,0.8433149712855457,0.8586797095675164,0.6216437675199762,1.885546875,1.78337
21.391,0.8396403962472645,0.8552715348937643,0.618567045202691,1.88177734375,1.77982
21.397,0.8364251430887686,0.8518560811717175,0.615709112027969,1.87802734375,1.77643
21.402,0.8327505680504874,0.8484347905726837,0.6127600167105118,1.87431640625,1.7730299999999999
21.407,0.8299946367717768,0.8450543214207751,0.6098382700358753,1.87087890625,1.76963
21.412,0.8263200617334956,0.8417065859114594,0.6069803368611524,1.86697265625,1.76634
21.418,0.8226454866952144,0.8382940948775398,0.6034432457230583,1.8630859375,1.76229
21.424,0.8180522678973627,0.834738674325186,0.6002069896559892,1.85990234375,1.75874
21.428,0.8143776928590816,0.8310686423589335,0.5973353821598559,1.85697265625,1.75559
21.433,0.8111624397005848,0.8274432121753277,0.5945093557350907,1.8536718749999999,1.75245
21.439,0.8079471865420889,0.8238990488706869,0.5911637050967391,1.850625,1.74893
21.443,0.8042726115038077,0.8203745494495357,0.5881188895294107,1.8475585937499999,1.74566
21.449,0.799679392705956,0.8167293123234627,0.5849692374979378,1.8442578124999998,1.74238
21.454,0.7950861739081043,0.8128962550439791,0.5813728909670672,1.84134765625,1.73858
21.459,0.7914115988698232,0.8090035935034083,0.5780910538286292,1.8383984375,1.73529
21.465,0.7872777019517567,0.8051086387617019,0.5746041018690393,1.835234375,1.73173
21.47,0.7831438050336903,0.8011663432774935,0.5709393837311172,1.8325195312499998,1.72805
21.475,0.7794692299954091,0.7972315883844959,0.5676940114497739,1.8298242187499998,1.72491
21.48,0.7753353330773427,0.7933028800928565,0.5644030580970627,1.826953125,1.7217500000000001
21.485,0.7712014361592763,0.789333518526538,0.5606654102449538,1.8241796874999998,1.71807
21.491,0.7675268611209951,0.7853770600556277,0.5571465515354062,1.82154296875,1.71465
21.495,0.7629336423231434,0.7813854463519129,0.5537735522542349,1.8189453125,1.71148
21.5,0.7592590672848623,0.7773656425935348,0.5502364611161408,1.8164453125,1.70819
21.505,0.7555844922465811,0.7734142377431743,0.5468725780492427,1.8138867187499998,1.70505
21.51,0.7509912734487294,0.7694266764045893,0.5433993004110622,1.81103515625,1.70177
21.516,0.746857376530663,0.7653646202460589,0.5393015620951527,1.80837890625,1.69794
21.521,0.7422641577328113,0.7612428286547389,0.5355183331716766,1.8058203124999999,1.6945299999999999
21.526,0.7381302608147458,0.7570731367942034,0.5317624528910203,1.8034374999999998,1.69112
21.531,0.734915007656249,0.7530015406250514,0.5284122441455317,1.8008984375,1.6880899999999999
21.536,0.7303217888583973,0.7489631029205407,0.524556085507867,1.79830078125,1.68464
21.541,0.7257285700605465,0.7448147484600816,0.520772856584391,1.7956054687499998,1.68134
21.547,0.7211353512626948,0.7405782546499037,0.5166158628757032,1.7931640624999998,1.67764
21.552,0.7174607762244136,0.736362087988013,0.5129192379878251,1.7902343749999998,1.67434
21.558,0.7124082355467767,0.732116719245659,0.5082927592440543,1.78744140625,1.6703700000000001
21.563,0.7087336605084955,0.7278479341246078,0.504295299285153,1.78474609375,1.6667999999999998
21.569,0.7036811198308586,0.7235603720266224,0.5001565380050126,1.7819140625,1.66324
21.574,0.6986285791532216,0.7191212475108569,0.49574884840380484,1.779375,1.65939
21.579,0.695872647874511,0.7147880985114741,0.4918197600519534,1.7767773437499998,1.6559300000000001
21.585,0.6903607853170888,0.7104944266007251,0.4878450906287348,1.7742578125,1.65248
21.59,0.6857675665192371,0.7060504027871299,0.4837154455628676,1.7716406249999999,1.64901
21.595,0.6816336696011707,0.7016223214000412,0.4797635666753326,1.76900390625,1.64554
21.601,0.6765811289235346,0.6971615219396536,0.4753513189669887,1.76623046875,1.64194
21.606,0.6715285882458977,0.6925834829486806,0.47095274558005507,1.76365234375,1.63818
21.611,0.6673946913278312,0.6880024364378982,0.4668869140141023,1.76107421875,1.63469
21.616,0.6637201162895501,0.6835554839310916,0.4628438729838322,1.75853515625,1.63134
21.621,0.6595862193714837,0.6792160578720011,0.45884185491779306,1.7559960937499999,1.62799
21.626,0.654993000573632,0.6748718506675567,0.45487174360171156,1.75333984375,1.62466
21.631,0.6508591036555655,0.670523809588661,0.45076033096439083,1.75033203125,1.6211799999999998
21.637,0.6471845286172844,0.6662636979967832,0.4461292941134847,1.74740234375,1.61728
21.643,0.6425913098194327,0.6620285928581985,0.4418264409764223,1.74466796875,1.61367
21.648,0.6384574129013663,0.6577680378505106,0.4376694472677345,1.7415625,1.61005
21.654,0.6338641941035146,0.6534870752635251,0.4330156198811448,1.7384374999999999,1.60617
21.659,0.6306489409450187,0.6492807521464442,0.4287629059225857,1.73537109375,1.60257
21.665,0.6246777565078121,0.6449977747982959,0.42435521632137885,1.7323632812499998,1.59883
21.67,0.6200845377099604,0.6405168247876439,0.42012985100564126,1.7291601562499999,1.59521
21.676,0.615950640791894,0.6360591332563322,0.41565834790451994,1.726171875,1.59146
21.681,0.6122760657536128,0.6317110958565199,0.41158795823142924,1.7232812499999999,1.58811
21.686,0.6086014907153316,0.6274964890997512,0.407713567165219,1.72033203125,1.5847799999999999
21.691,0.6044675937972652,0.6233433749741012,0.4037890369205046,1.7173046874999998,1.58144
21.696,0.6007930187589832,0.6192395701686955,0.3998417161401058,1.713984375,1.5781100000000001
21.701,0.597118443720702,0.6152208070925863,0.39556621164586314,1.71072265625,1.57453
21.706,0.5939031905622061,0.611315738622859,0.39161433275832813,1.707421875,1.5710799999999998
21.711,0.5902286155239249,0.607501838861547,0.38765789576365606,1.7042578124999999,1.56764
21.716,0.587013362365429,0.6037610448847449,0.384084339768469,1.7012109375,1.56461
21.721,0.5833387873271478,0.6000788725098252,0.38061562023742646,1.69814453125,1.56156
21.725,0.5801235341686519,0.5964437072524719,0.37714234259924595,1.69484375,1.5585200000000001
21.73,0.5769082810101551,0.5928917376487626,0.37348674067559795,1.6909375,1.5553599999999999
21.736,0.5727743840920887,0.5893154766771758,0.3694345834310546,1.68705078125,1.5518
21.741,0.5695591309335928,0.5857197370978916,0.36547358832924637,1.68314453125,1.54823
21.746,0.5658845558953116,0.582153880021406,0.3615444999773949,1.6792578125,1.54481
21.751,0.5622099808570304,0.5785664830514069,0.35779317780387565,1.67484375,1.5415
21.757,0.5594540495783198,0.5750528175783851,0.35380939216638385,1.6706445312499998,1.53778
21.762,0.5553201526602534,0.5715527735646333,0.35004895377859047,1.6657617187499998,1.5343200000000001
21.768,0.5530235432613271,0.5681091541250228,0.3457643330700746,1.6610546875,1.53045
21.773,0.5484303244634754,0.5646652781793875,0.3422272419319805,1.65625,1.5271599999999999
21.778,0.5456743931847647,0.561175694663382,0.3384713616513242,1.65072265625,1.52359
21.784,0.5429184619060541,0.5578314669911242,0.33444655304960147,1.64546875,1.5197699999999998
21.789,0.5387845649879877,0.5544672906842406,0.330604068733348,1.6400390624999999,1.5161
21.795,0.5355693118294917,0.5510416162080515,0.3270988843452116,1.634765625,1.5128
21.8,0.5328133805507802,0.5477031336255389,0.3237122107426291,1.6292773437499999,1.5095
21.804,0.5300574492720695,0.544480069809556,0.3203893506399611,1.6234374999999999,1.5062099999999998
21.81,0.5268421961135736,0.5413040553756217,0.3169570959660124,1.6174023437499998,1.50284
21.815,0.5240862648348621,0.5381657686011567,0.31360688722052377,1.6110742187499998,1.49958
21.82,0.5213303335561514,0.5351032365274501,0.31025212036789895,1.6047265624999998,1.4962
21.825,0.5176557585178703,0.5320104463818545,0.3068289819082226,1.598046875,1.49282
21.831,0.5148998272391596,0.528893393085868,0.30327365834158204,1.59087890625,1.48932
21.836,0.5112252522008784,0.5257568838090431,0.2996271726322073,1.58470703125,1.4855399999999999
21.841,0.5080099990423816,0.5225592714090005,0.2963681260294537,1.5787109375,1.4822899999999999
21.846,0.5057133896434562,0.5194491676796807,0.2931364280695199,1.57236328125,1.47907
21.852,0.5029574583647456,0.5164547367320557,0.2897679868954848,1.56595703125,1.47559
21.858,0.4997422052062497,0.5134620569695962,0.2860485714719214,1.5601953124999999,1.4717
21.863,0.49790491768710865,0.5105617852062662,0.283049336975961,1.5535546875,1.46848
21.869,0.495148986408398,0.5077811148669571,0.27938917694517595,1.5475976562499998,1.46447
21.875,0.4919337332499012,0.504959844102606,0.275984270914047,1.5422265624999998,1.46071
21.88,0.48917780197119054,0.5021060169274453,0.2728482932039844,1.53673828125,1.4573399999999999
21.886,0.48596254881269463,0.49922608362448667,0.2695801303869576,1.531640625,1.45363
21.891,0.4841252612935536,0.49641622027557664,0.2665216404982198,1.52671875,1.45026
21.896,0.48136933001484294,0.49370804606106067,0.2634358019666605,1.5217578125,1.44665
21.902,0.47815407685634703,0.4909449080285325,0.2604092188278795,1.5170312499999998,1.44319
21.907,0.4753981455776364,0.488137695958922,0.2572276600464498,1.5119531249999998,1.43956
21.913,0.4731015361787101,0.48538614585045226,0.2540871242292493,1.50736328125,1.4358
21.918,0.47126424865956995,0.48277023337153824,0.2512474234830737,1.5028515624999998,1.43245
21.924,0.46896763926064367,0.48026308513301025,0.248357583558394,1.49861328125,1.42899
21.929,0.466211707981933,0.4777521483024482,0.24562727738350087,1.4944921875,1.4256199999999999
21.934,0.4639150985830067,0.47523817349978315,0.24273743745882115,1.490078125,1.42199
21.94,0.4620778110638666,0.472812766397253,0.24002080560533656,1.48626953125,1.41862
21.945,0.4597812016649403,0.47045837939924307,0.23752296289441333,1.48248046875,1.41535
21.95,0.45702527038622964,0.46806993778140193,0.2349567485764421,1.47859375,1.4120499999999998
21.955,0.4551879828670895,0.465699690546383,0.23216262890163275,1.474609375,1.40838
21.96,0.4528913734681632,0.4633895347923819,0.22968757672639484,1.4705078125,1.40512
21.966,0.4505947640692378,0.4610820629283378,0.226884340837314,1.4666992187499999,1.4013
21.971,0.44829815467031153,0.4587767432049159,0.22429077787651952,1.4628125,1.39774
21.977,0.4455422233916009,0.45642764734138985,0.22154679738021432,1.4591015625,1.39405
21.982,0.44370493587245985,0.4540889504297915,0.21906718709784023,1.455546875,1.39047
21.987,0.44140832647353445,0.45180409404862676,0.2166240416725591,1.45208984375,1.38715
21.993,0.4395710389543934,0.4495624109698396,0.21423103542578126,1.4486132812499999,1.38371
21.998,0.4377337514352533,0.4474008493093378,0.21176965757195276,1.44482421875,1.38016
22.004,0.43589646391611225,0.4453035349025442,0.20923535000393834,1.44123046875,1.3764699999999999
22.009,0.43359985451718686,0.4432122367903021,0.2066736937931024,1.43755859375,1.37263
22.015,0.43130324511826057,0.44108026110115117,0.20430803618914428,1.4340625,1.3692199999999999
22.02,0.42946595759912043,0.43896116902009125,0.2019287042637785,1.4303906249999998,1.36566
22.026,0.42808799195976466,0.4369434117347075,0.19949011694563268,1.4269921874999998,1.36181
22.031,0.42579138256083926,0.43496141026633045,0.1972156214844114,1.42357421875,1.35826
22.036,0.423494773161913,0.43291707667536183,0.1950550787016061,1.4201953125,1.35497
22.041,0.42165748564277283,0.4308682624830106,0.1928489548474337,1.4167578124999998,1.3515199999999998
22.047,0.42027952000341706,0.42890685918439575,0.1905790174933477,1.4133593749999998,1.34781
22.052,0.4189015543640622,0.427061050262687,0.1884914044247301,1.4103515624999998,1.34437
22.057,0.4166049449651359,0.4252169296554101,0.1865678832130362,1.40732421875,1.34117
22.062,0.41476765744599575,0.4233286609780313,0.18469905928697994,1.40388671875,1.33809
22.067,0.41338969180664,0.42149599489666634,0.18249749353994638,1.4003320312499998,1.33435
22.073,0.41155240428749895,0.4197079150716281,0.18039620614991847,1.39705078125,1.33076
22.078,0.41017443864814407,0.4179555877904594,0.17842710386685567,1.39359375,1.32742
22.083,0.4078778292492178,0.41618642764700575,0.17638962997674223,1.3899609375,1.32379
22.089,0.4064998636098629,0.414403769674919,0.1742473196224843,1.3866796875,1.32003
22.094,0.40466257609072187,0.4126557900347381,0.17238761191070395,1.3833984375,1.31666
22.099,0.4023659666917965,0.4108446142650608,0.17043674205618853,1.3797265625,1.3131499999999998
22.104,0.4009880010524407,0.40902826506963486,0.16840382627321038,1.376484375,1.30938
22.109,0.4000693572928702,0.4073442730952946,0.166580583418523,1.37294921875,1.30605
22.115,0.39823206977373005,0.40572091300329516,0.16464338788541788,1.369140625,1.30241
22.12,0.3968541041343743,0.4041006701348314,0.16267884370949304,1.365703125,1.29863
22.125,0.3954761384950185,0.4025284287707148,0.16090118192617187,1.36216796875,1.29527
22.131,0.39363885097587836,0.40094917666289687,0.15910072960716803,1.3583398437499998,1.29177
22.136,0.3922608853365226,0.39936430282447427,0.15715897596692674,1.3546679687499998,1.28772
22.142,0.38950495405781194,0.39768391729854347,0.15535852364792202,1.3512109374999999,1.28423
22.146,0.3890456321780267,0.3960179472375259,0.15369481454301948,1.3478320312499998,1.28088
22.151,0.3876676665386709,0.39450004221274704,0.15210859325944082,1.3442578125,1.27765
22.156,0.3867490227791004,0.3930553647532978,0.15045855847594947,1.34078125,1.27427
22.161,0.3853710571397455,0.3916694065485604,0.1489315925851491,1.33736328125,1.27103
22.166,0.3830744477408192,0.39019402811177273,0.1473499294087075,1.3337890625,1.26779
22.171,0.38261512586103397,0.3887379497174885,0.14584119594645273,1.3304492187499999,1.2645499999999998
22.175,0.3812371602216791,0.38738835128852966,0.14442362462693303,1.3269921875,1.2615699999999999
22.18,0.37939987270253805,0.38598763068261926,0.14292856548608945,1.322578125,1.25834
22.186,0.37802190706318317,0.38454591655034576,0.14107797398858324,1.3184765625,1.25447
22.191,0.37710326330361266,0.3831623345595716,0.13948719459786751,1.3142382812499998,1.25097
22.196,0.37480665390468637,0.3817343634310844,0.13785083413578558,1.3097460937499998,1.24748
22.202,0.3734286882653315,0.38022529593800003,0.13604582370964557,1.30525390625,1.24346
22.207,0.37159140074619046,0.37869670129240385,0.13443681189038248,1.30056640625,1.23996
22.213,0.3702134351068356,0.3771524483378501,0.1326409176785157,1.29546875,1.23604
22.219,0.36929479134726506,0.37568664316791894,0.13084046535951188,1.2906640624999999,1.23203
22.224,0.3679168257079093,0.37428374320897073,0.12927703461161677,1.28619140625,1.22841
22.229,0.3665388600685535,0.37288578339588235,0.12780476600645674,1.2813671875,1.22491
22.235,0.3647015725494134,0.3714462830706116,0.126182079865786,1.276953125,1.2211699999999999
22.24,0.3642422506696281,0.3700644762733277,0.12472804368917156,1.2726953124999998,1.21781
22.245,0.36286428503027235,0.3687744342805618,0.12332414669106306,1.2686328125,1.21443
22.25,0.3619456412707027,0.36751247418111166,0.1219931794071405,1.26498046875,1.21106
22.255,0.36056767563134695,0.366273032211808,0.12074881615881683,1.2611328124999999,1.2081199999999999
22.26,0.3591897099919912,0.3650061450526502,0.11939050023207454,1.2570507812499998,1.20479
22.265,0.3578117443526363,0.36371725031907154,0.11790911541264126,1.2530078125,1.20117
22.27,0.3564337787132805,0.3624107082915784,0.11645052112889065,1.2492578124999998,1.19756
22.275,0.35551513495371,0.36113551724914184,0.11511955384496986,1.2458203124999998,1.19437
22.28,0.3541371693143551,0.35988546573536134,0.11387063248950824,1.24263671875,1.19116
22.284,0.35275920367499936,0.3586100710621042,0.11262626924118369,1.2389062499999999,1.18808
22.29,0.35184055991542884,0.35735985626213523,0.11118134927884515,1.23544921875,1.18449
22.295,0.35046259427607307,0.35612983253893593,0.10981391713782873,1.23201171875,1.18105
22.3,0.3490846286367182,0.3548704976231097,0.10841913635399258,1.2284374999999998,1.1774499999999999
22.306,0.34862530675693293,0.3536786626043158,0.10699700692733671,1.2252929687499998,1.17387
22.311,0.3477066629973624,0.35258645585892895,0.10575264367901305,1.2220507812499999,1.17054
22.316,0.3458693754782223,0.3514376327454188,0.10442167639509048,1.21869140625,1.16695
22.322,0.34403208795908125,0.3501524066885473,0.10299954696843461,1.2155859375,1.1631799999999999
22.327,0.34311344419951073,0.3488488064762169,0.10165490536310173,1.21244140625,1.1597
22.333,0.3421948004399402,0.34762147628277634,0.10028291511495002,1.2094921875,1.15597
22.338,0.3403575129208001,0.3463643012374752,0.0989884126881222,1.20654296875,1.1524699999999999
22.343,0.33943886916122956,0.3450831943920336,0.09766200351133669,1.2037109375,1.14897
22.348,0.3389795472814443,0.34391940292163337,0.09640852404873979,1.201015625,1.14548
22.353,0.3376015816420894,0.34280418167366156,0.09520974187178233,1.19828125,1.1421
22.359,0.3366829378825189,0.34168240572202896,0.09394258808777334,1.1954882812499998,1.13843
22.364,0.33530497224316314,0.3405553737262811,0.09270278294658674,1.19271484375,1.1349099999999999
22.369,0.33392700660380825,0.33937862516233225,0.09148576834108191,1.19025390625,1.1314
22.374,1.165758930894726,0.42070242949012526,0.1143993729173669,1.1876562499999999,1.12831
22.379,0.3320897190846672,0.48573183733697556,0.1376685098503163,1.1848046874999998,1.12477
22.385,0.3311710753250967,0.45520028067502827,0.1328505906068047,1.182109375,1.12069
22.39,0.32933378780595657,0.43044481874290647,0.12881210768367168,1.1793945312499998,1.11717
22.395,0.32841514404638605,0.41032105494459337,0.12465967208212181,1.17681640625,1.11335
22.401,0.32749650028681554,0.3940023315804238,0.12095393097996876,1.17408203125,1.1098
22.406,0.32611853464745977,0.380689267972905,0.11704307505666378,1.1713671875,1.10588
22.412,0.32519989088789014,0.36978636370952905,0.11350142581143441,1.16876953125,1.1020699999999999
22.418,0.3247405690081049,0.3609071064739268,0.11005093870893745,1.1659374999999998,1.09825
22.424,0.3224439596091786,0.3535140528014598,0.10658677728503108,1.1634960937499998,1.09415
22.429,0.32060667209003846,0.3471762409422559,0.10372428600317285,1.16091796875,1.09073
22.435,0.3201473502102532,0.3418666072218118,0.1005837501859741,1.1582421875,1.08674
22.44,0.3192287064506827,0.3374724462229133,0.09776683997548119,1.15576171875,1.0829
22.445,0.31876938457089743,0.33381237867197033,0.09512313783618342,1.15330078125,1.07921
22.451,0.31739141893154255,0.3306954594248263,0.09265264376808258,1.15068359375,1.0756299999999999
22.457,0.3160134532921868,0.32792307271782717,0.0899952673073745,1.1481640624999998,1.0715
22.462,0.3155541314124015,0.32551796134444966,0.08776179481038326,1.1457031249999998,1.06793
22.467,0.314635487652831,0.32345286026644354,0.08551464799198083,1.14318359375,1.0642
22.473,0.31279820013369086,0.321523898828415,0.08329029170926194,1.1408593749999998,1.06046
22.478,0.3114202344943351,0.3196586022947501,0.08134853806902065,1.1384179687499998,1.05702
22.483,0.3105015907347646,0.31793536073989226,0.07927915742894953,1.1361718749999998,1.05331
22.488,0.3100422688549793,0.3164170330985525,0.07753340239558515,1.1340234374999998,1.05012
22.492,0.3091236250954097,0.3150630205239193,0.07584234464786288,1.1315234374999998,1.0467899999999999
22.498,0.30728633757626866,0.31370426221587727,0.07390059100762159,1.12890625,1.04291
22.504,0.3068270156964834,0.3123872003142382,0.07194060493883292,1.12654296875,1.0388899999999999
22.509,0.3059083719369129,0.31119457743187534,0.07028601204820362,1.12412109375,1.03539
22.514,0.30498972817734327,0.31005623703450785,0.0685903961933434,1.1215625,1.03163
22.52,0.30315244065820224,0.30887042056133523,0.06690845465989526,1.1189062499999998,1.0279
22.525,0.3022337968986317,0.3076465342742152,0.06514446719798528,1.1162890625,1.02399
22.531,0.3013151531390621,0.3064831245765257,0.06354912970013427,1.11380859375,1.02022
22.536,0.30085583125927684,0.305413711346978,0.06207686109497246,1.11119140625,1.01674
22.541,0.29947786561992107,0.3043741695229898,0.06054533709703591,1.1083007812499999,1.01281
22.547,0.29855922186035055,0.30331307890690445,0.058945441492046946,1.1053906249999998,1.0087599999999999
22.553,0.29718125622099567,0.30223470888235887,0.05734554588705976,1.10251953125,1.00472
22.559,0.2958032905816399,0.301096981070622,0.05579578946057406,1.0996484375,1.00069
22.564,0.29442532494228413,0.2999116558137217,0.05425059114122721,1.0968359374999999,0.9964899999999999
22.57,0.29396600306249887,0.29877916718988234,0.05291050764303229,1.09408203125,0.99285
22.575,0.29304735930292924,0.29773454875452443,0.05157954035910972,1.09134765625,0.98922
22.58,0.29212871554335873,0.2967148892225258,0.05029871225369131,1.08873046875,0.9855799999999999
22.585,0.2902914280242177,0.29562423980743646,0.04913639493382771,1.08603515625,0.9822199999999999
22.59,0.29075074990400296,0.294613171130895,0.047896589792642,1.08328125,0.9785999999999999
22.595,0.2893727842646481,0.29371141803617934,0.04677073732987136,1.0804882812499998,0.9752699999999999
22.6,0.2879948186252923,0.2927153146857014,0.04553093218868387,1.0772851562499999,0.9715
22.606,0.28753549674550705,0.29173455812164395,0.044300243261768735,1.07470703125,0.96787
22.61,0.2861575311061513,0.29076610774114975,0.04326555294173584,1.07162109375,0.9646699999999999
22.615,0.28523888734658165,0.28976202347997426,0.0420804450861878,1.0682617187499999,0.96106
22.621,0.2838609217072259,0.28872936534901794,0.0407813845522238,1.06501953125,0.95702
22.626,0.2838609217072259,0.28776479835485186,0.03962362533949637,1.06150390625,0.9534199999999999
22.632,0.2824829560678701,0.28685483184872346,0.038461308019633655,1.057890625,0.94956
22.637,0.2815643123082996,0.28589764426504854,0.0372625258426762,1.0546093749999998,0.9456899999999999
22.642,0.2811049904285152,0.2849935951137074,0.03622783552264064,1.05107421875,0.94224
22.648,0.27972702478915945,0.2840866543858326,0.03513844791696474,1.0471875,0.93866
22.653,0.2792677029093742,0.28317739497894323,0.03397613059710203,1.04357421875,0.93465
22.659,0.2783490591498037,0.28231177816941044,0.03295967270561384,1.0392187499999999,0.93106
22.665,0.27651177163066354,0.28134465155364224,0.03176089052865638,1.03525390625,0.9269499999999999
22.67,0.2760524497508783,0.28034162878451246,0.030689735351528746,1.03078125,0.9233799999999999
22.676,0.2746744841115225,0.2793553237210007,0.029545650460210737,1.0263671875,0.9193899999999999
22.681,0.273755840351952,0.2783369222600767,0.0284471466402616,1.02193359375,0.9155599999999999
22.687,0.27283719659238237,0.2773382854289235,0.02739422389167956,1.01763671875,0.9118599999999999
22.692,0.2723778747125971,0.27640099921843203,0.026418788964421402,1.0132421875,0.9084300000000001
22.697,0.27191855283281186,0.2755584103386913,0.025502609429941536,1.00875,0.9050099999999999
22.702,0.27099990907324134,0.2747462548677649,0.024581871788324605,1.0041015624999998,0.90161
22.707,0.26962194343388557,0.2738674993753907,0.023661134146706786,0.9994726562499999,0.89822
22.711,0.2691626215541012,0.2729808409660224,0.022776861362184597,0.99419921875,0.8949499999999999
22.717,0.26870329967431594,0.27217884918569735,0.021828775077746165,0.9890234374999999,0.89143
22.721,0.26732533403496017,0.27135374557389946,0.020935386078949847,0.98345703125,0.8880299999999999
22.727,0.26640669027538966,0.270464607308611,0.019996416008784657,0.9770312499999999,0.88463
22.732,0.2645694027562495,0.2694786194573846,0.01892981893879231,0.9706249999999998,0.88069
22.738,0.263650758996679,0.2684149704756832,0.01787233808307409,0.9642968749999999,0.87706
22.743,0.263650758996679,0.26747105462002324,0.016906019370090064,0.9586132812499999,0.8734199999999999
22.748,0.2627321152371085,0.26662314960254735,0.016058211442659953,0.95169921875,0.8703000000000001
22.754,0.261813471477538,0.26576122937592994,0.014991614372667605,0.9459960937499999,0.8662699999999999
22.758,0.26089482771796835,0.2648880707224755,0.014162038873784866,0.9400976562499999,0.86304
22.764,0.2595168620786126,0.2639603983857822,0.013200278267937016,0.9336914062499999,0.8595299999999999
22.769,0.2590575401988273,0.26303451484816676,0.012183820376448828,0.9281835937499999,0.85574
22.774,0.2581388964392568,0.2621555675863367,0.011294989484788687,0.9224999999999999,0.85225
22.78,0.2572202526796872,0.2612687554020958,0.010333228878942613,0.9166210937499999,0.84863
22.785,0.2558422870403314,0.2603301346589062,0.009353235844547392,0.9113281249999999,0.8448599999999999
22.791,0.2549236432807609,0.2593499699977196,0.008418823881520154,0.9063476562499999,0.8413599999999999
22.796,0.25446432140097563,0.2584274961334868,0.007529992989860013,0.9018359374999999,0.83802
22.8,0.2535456776414051,0.25755128299887975,0.006718649919524644,0.8973046874999999,0.83493
22.805,0.2535456776414051,0.2567576670090985,0.0059027487420513225,0.8930273437499999,0.8318300000000001
22.809,0.25216771200205024,0.2559847816079413,0.005123312421672743,0.8882617187499999,0.8287499999999999
22.815,0.25216771200205024,0.2552285195194432,0.004202574780055812,0.8835351562499999,0.8250299999999999
22.82,0.25078974636269447,0.25448558722725584,0.003295511459847411,0.8788281249999998,0.82142
22.826,0.24987110260312395,0.25366233997752285,0.0024112386753252224,0.8741406249999999,0.81782
22.831,0.24849313696376907,0.2527746902800496,0.0014813848194341617,0.8693554687499999,0.8142199999999999
22.837,0.2480338150839838,0.2518808998420208,0.0004786012493553926,0.8652734375,0.8102199999999999
22.842,0.2471151713244133,0.2510276871909297,-0.0003099512852964281,0.8609570312499999,0.80714
22.847,0.24619652756484278,0.2501615109127999,-0.0012489213554598422,0.8564062499999999,0.8033999999999999
22.853,0.24527788380527227,0.2492849394438066,-0.0022061238541715156,0.8524999999999999,0.79958
22.858,0.24435924004570264,0.2484000323452271,-0.0030493736744636735,0.8479687499999999,0.79627
22.864,0.24435924004570264,0.2475994448948675,-0.00402480860172183,0.8440234375,0.7922899999999999
22.869,0.2425219525265616,0.24677546737825748,-0.004881732743425182,0.8402734374999999,0.78885
22.875,0.24206263064677636,0.24588723209902175,-0.005747773099402664,0.8362109375,0.78542
22.88,0.2416033087669911,0.24508397586830863,-0.006636603991062806,0.8318945312499999,0.78169
22.886,0.24022534312763622,0.24425785832706942,-0.00759836459690888,0.8278710937499999,0.7777000000000001
22.892,0.23884737748828044,0.24332240513353537,-0.008532776559937894,0.8244335937499999,0.7738799999999999
22.897,0.2383880556084952,0.2423902823318852,-0.009344119630273262,0.8207031249999999,0.77071
22.902,0.23792873372870993,0.24155183385361167,-0.010205601879112791,0.8169921874999999,0.7671299999999999
22.908,0.23655076808935505,0.24069749657655193,-0.011103548985047063,0.81328125,0.76342
22.913,0.23655076808935505,0.23987592037544672,-0.011955915019612462,0.8099804687499998,0.75997
22.918,0.23471348057021402,0.2390351125327762,-0.012749025661403124,0.8063867187499999,0.7566299999999999
22.923,0.23471348057021402,0.23817888334358792,-0.013615066017377941,0.8026953124999999,0.7530299999999999
22.929,0.2337948368106435,0.23740129195295745,-0.0144856644804916,0.7990820312499999,0.74932
22.934,0.23195754929150336,0.23650475060068088,-0.015369937265015565,0.7956249999999999,0.74562
22.94,0.2314982274117181,0.23555832829405746,-0.016249651942402465,0.7919335937499999,0.7421499999999999
22.945,0.2305795836521476,0.23466291153466295,-0.017152157155472914,0.7883203124999999,0.7383899999999999
22.951,0.22966093989257708,0.23376289289438174,-0.01805922047567865,0.78484375,0.7346599999999999
22.956,0.22874229613300745,0.23285918412710094,-0.01891614461738289,0.7814648437499999,0.73116
22.961,0.2282829742532222,0.23199801822918217,-0.01974572011626563,0.7780468749999999,0.72766
22.967,0.22736433049365168,0.23117096633697962,-0.0206163185793784,0.7745507812499999,0.7239199999999999
22.972,0.22644568673408116,0.23032576768193097,-0.02147780082821793,0.7710156249999999,0.7202999999999999
22.977,0.2259863648542959,0.22951151950096632,-0.022284585791417122,0.7675585937499999,0.71682
22.982,0.22552704297451065,0.22876759157441323,-0.02310504507602662,0.7639062499999999,0.71322
22.988,0.2236897554553705,0.22794354595172256,-0.023980201646277344,0.7605664062499999,0.7096100000000001
22.993,0.22323043357558525,0.22705525606001575,-0.02477331228806534,0.7573242187499999,0.7062599999999999
22.998,0.22231178981601474,0.22620645415205243,-0.02558009725126542,0.7535742187499999,0.7029099999999999
23.004,0.22185246793622948,0.2253893166175399,-0.02649171867860911,0.7500195312499999,0.6990399999999999
23.009,0.2204745022968746,0.22455206802462824,-0.027307619856081544,0.7464648437499999,0.6955799999999999
23.014,0.2204745022968746,0.22374419478896598,-0.02814175346210046,0.74296875,0.6919899999999999
23.02,0.21909653665751883,0.222959876878089,-0.028943980318163476,0.7391796875,0.68851
23.025,0.21863721477773357,0.22214894547640338,-0.029805462567003893,0.73552734375,0.6847799999999999
23.031,0.21771857101816305,0.2213621753027908,-0.03064871238729605,0.7317773437499999,0.68117
23.036,0.21679992725859343,0.22054927749624742,-0.031482845993315856,0.7281835937499999,0.67754
23.041,0.2158812834990229,0.21971542862945542,-0.032303305277925354,0.7246093749999999,0.6739299999999999
23.046,0.21404399597988188,0.21877377588972102,-0.033132880776808094,0.7207421875,0.6705999999999999
23.052,0.21404399597988188,0.21783668183536298,-0.034021711668468235,0.71708984375,0.6668799999999999
23.057,0.21312535222031137,0.2169942470405613,-0.034833054738803604,0.7134960937499999,0.66353
23.062,0.212666030340527,0.21618221512628674,-0.03560337484490983,0.7099218749999999,0.6601999999999999
23.067,0.21220670846074174,0.21544006436558236,-0.036355462522467796,0.7063281249999999,0.6568799999999999
23.072,0.21082874282138597,0.2146629456902972,-0.03711666641430078,0.7024023437499999,0.6536899999999999
23.077,0.20991009906181546,0.21381228528094648,-0.03796903244886707,0.6981445312499999,0.6500900000000001
23.083,0.20899145530224494,0.2129481555782035,-0.03886697955480045,0.6940820312499999,0.6462399999999999
23.088,0.20807281154267532,0.21207322520407512,-0.03972846180363998,0.690234375,0.6426700000000001
23.093,0.2071541677831048,0.2111896340562164,-0.04051701433829269,0.6864843749999999,0.6394899999999999
23.098,0.2062355240235343,0.21029909806215957,-0.04129645065867127,0.6825195312499999,0.63632
23.103,0.20531688026396377,0.20940299317896915,-0.0421123518361437,0.6787109374999999,0.6330100000000001
23.108,0.20531688026396377,0.20859342652024965,-0.04285988140656549,0.6748046874999999,0.6298299999999999
23.112,0.20485755838417852,0.20789875446795153,-0.04359829476271493,0.6710351562499999,0.6266399999999999
23.117,0.20347959274482363,0.20715970771762734,-0.04430480136890669,0.666796875,0.6235899999999999
23.122,0.20256094898525312,0.20633957618151033,-0.04512070254637823,0.6629101562499999,0.6202799999999999
23.127,0.20210162710546786,0.20554542866256845,-0.04583176725970617,0.6582812499999999,0.6172599999999999
23.132,0.2016423052256826,0.20481761892713476,-0.046684133294272456,0.6538281249999999,0.6136999999999999
23.137,0.20118298334589735,0.20414300371195182,-0.04742254665042189,0.64947265625,0.6104
23.142,0.19980501770654246,0.20342004001070862,-0.048147285685160135,0.645078125,0.60737
23.147,0.19888637394697195,0.20261280504777796,-0.04893128011267489,0.6402148437499999,0.60409
23.152,0.19888637394697195,0.20187450083593164,-0.04981099479006179,0.6355664062499999,0.60025
23.157,0.19704908642783092,0.20110046660679926,-0.050572198681894776,0.6312499999999999,0.5969499999999999
23.162,0.19704908642783092,0.20029778141847632,-0.05137898364509397,0.6265624999999999,0.59354
23.168,0.1961304426682613,0.19956312555097788,-0.05218576860829227,0.6220703124999999,0.59015
23.173,0.19521179890869078,0.19879201683302536,-0.0530153441071759,0.6179882812499999,0.58659
23.178,0.193833833269335,0.19794617565006614,-0.053808454748963896,0.6138671874999999,0.58317
23.184,0.19337451138954975,0.19708591035795492,-0.054647146462120766,0.6098046874999999,0.57975
23.189,0.1929151895097645,0.19630508252276282,-0.05545393142531996,0.6057421875,0.57619
23.195,0.19199654575019487,0.19554245160573647,-0.056324529888433617,0.6017578124999999,0.5725
23.2,0.19107790199062435,0.19474891043285503,-0.05711764053022339,0.59771484375,0.5690899999999999
23.206,0.18924061447148333,0.1938395793705508,-0.058047494386112675,0.5937304687499999,0.56518
23.211,0.18924061447148333,0.19292840321748028,-0.05896367392059343,0.5903515624999999,0.56152
23.216,0.1883219707119137,0.19210675130465008,-0.05973855213383672,0.5870507812499999,0.5581099999999999
23.222,0.18740332695234319,0.19126588275074274,-0.06053166277562472,0.5837499999999999,0.5548500000000001
23.227,0.18648468319277267,0.19040960487881373,-0.06133388963168773,0.5805468749999999,0.5514699999999999
23.232,0.18602536131298741,0.1895864725658275,-0.062140674594886036,0.5772265624999999,0.54806
23.237,0.18464739567363164,0.1887444169180512,-0.06299304062945321,0.5740624999999999,0.5445199999999999
23.243,0.18372875191406202,0.18784168526188574,-0.0638454066640195,0.5712109374999998,0.5410200000000001
23.247,0.1828101081544915,0.18693580099866947,-0.06463395919867132,0.5682226562499999,0.5379
23.253,0.1828101081544915,0.18611839251284457,-0.06544986037614464,0.5653710937499999,0.53437
23.258,0.18143214251513573,0.18532642853616543,-0.06623385480366029,0.5627343749999999,0.53111
23.262,0.18097282063535047,0.18450936595582654,-0.06697226815980883,0.5599414062499999,0.52813
23.268,0.1795948549959956,0.1836721774666913,-0.06780640176582686,0.5572070312499999,0.52461
23.273,0.1795948549959956,0.1828643524266633,-0.06859495430047957,0.5545507812499999,0.5213300000000001
23.278,0.17867621123642508,0.18212557504754423,-0.06936983251372197,0.5516601562499999,0.51807
23.283,0.1772982455970693,0.18130565951309718,-0.0702313147625615,0.5490429687499999,0.51457
23.288,0.17637960183749968,0.18042068143030374,-0.07105177404717189,0.5462695312499999,0.5112099999999999
23.294,0.17592027995771442,0.17957453517462477,-0.07191325629601142,0.5436914062499999,0.50769
23.299,0.17546095807792916,0.1788050290226379,-0.0727063669378003,0.54080078125,0.5043
23.305,0.17454231431835865,0.17805147666498866,-0.07358608161518632,0.5380078124999998,0.50055
23.31,0.17362367055878813,0.17726521534960454,-0.07444756386402673,0.5351562499999999,0.4968999999999999
23.316,0.17224570491943325,0.17640722369811454,-0.07536374339850749,0.5327148437499999,0.49313000000000007
23.321,0.171786383039648,0.17553721526551644,-0.07614317971888607,0.5302929687499999,0.48987
23.326,0.17040841740029222,0.1746575708928521,-0.07694084846781202,0.5277343749999999,0.48663999999999996
23.332,0.17040841740029222,0.17381570159875467,-0.07778865639524213,0.5252929687499999,0.48312
23.337,0.1685711298811512,0.17295862125964187,-0.07860455757271456,0.5228906249999999,0.47958999999999996
23.342,0.16811180800136682,0.1720438416994722,-0.07942957496446024,0.5205859374999999,0.47634
23.347,0.1671931642417963,0.17117379842450864,-0.08019989507056646,0.51810546875,0.4732099999999999
23.352,0.1662745204822258,0.17029412611266972,-0.08106593542654217,0.5157226562499999,0.4696799999999999
23.357,0.16535587672265528,0.16940673252993554,-0.08188639471115255,0.5135351562499999,0.46641
23.362,0.16443723296308477,0.16851314746356588,-0.08265671481725789,0.5111914062499999,0.46329
23.367,0.1639779110833004,0.16766009949459576,-0.08346805788759326,0.5086718749999999,0.46002999999999994
23.372,0.16305926732372988,0.1668395571556677,-0.08434321445784398,0.5063671875,0.4564999999999999
23.377,0.16214062356415937,0.16599957833982942,-0.08512720888535874,0.5037695312499999,0.45321999999999996
23.383,0.1616813016843741,0.16518951581035773,-0.08602059788415684,0.50126953125,0.44955999999999996
23.388,0.16030333604501834,0.1643579404775252,-0.086863847704449,0.49871093749999995,0.44614
23.394,0.16030333604501834,0.16355461647960048,-0.08773444616756176,0.4963671874999999,0.44243999999999994
23.398,0.15892537040566346,0.16277394648256932,-0.08850020816653092,0.4940429687499999,0.4393
23.404,0.15800672664609294,0.16192043836190634,-0.08931610934400425,0.49164062499999994,0.4358899999999999
23.409,0.15708808288652243,0.161054025154514,-0.09013656862861286,0.4890429687499999,0.43260999999999994
23.414,0.15662876100673717,0.1602227655831384,-0.09103451573454713,0.4865820312499999,0.4289399999999999
23.419,0.1552507953673823,0.15937419290105512,-0.09186864934056604,0.4839257812499999,0.42552999999999996
23.425,0.15433215160781177,0.15846623540683658,-0.09281673562500448,0.48138671874999994,0.42174
23.43,0.15387282972802652,0.15760166256676233,-0.09364631112388722,0.4787304687499999,0.41832
23.436,0.15157622032910112,0.15663537308258893,-0.09456704876550415,0.47615234374999993,0.41464999999999996
23.441,0.15111689844931586,0.15558751970227325,-0.09547411208571077,0.4736132812499999,0.4112499999999999
23.447,0.1506575765695306,0.1546562699230685,-0.09635382676309678,0.4711132812499999,0.40785000000000005
23.452,0.1497389328099601,0.15377301961353626,-0.09718340226197952,0.4686718749999999,0.40445
23.456,0.14882028905038958,0.15288275692875056,-0.09799474533231489,0.4658007812499999,0.4013199999999999
23.462,0.14790164529081995,0.15198687120506163,-0.09893827350961804,0.46296874999999993,0.39751000000000003
23.468,0.14698300153124944,0.15108647651467244,-0.09985901115123319,0.4601757812499999,0.39395999999999987
23.473,0.14560503589189366,0.15013696431777185,-0.10077974879285101,0.45732421874999996,0.39025
23.478,0.1451457140121084,0.14919356797184968,-0.10166402157737497,0.45441406249999994,0.38683
23.484,0.14376774837275352,0.14825507576564284,-0.10262122407608576,0.4514843749999999,0.38314000000000004
23.489,0.142849104613183,0.14727501417487518,-0.10350093875347266,0.4486718749999999,0.37971
23.494,0.142849104613183,0.14639812484504394,-0.10435330478803806,0.44539062499999993,0.3764099999999999
23.5,0.14101181709404198,0.1455129628622357,-0.10532418160816004,0.4419921874999999,0.37244999999999995
23.506,0.14009317333447147,0.14453016348713443,-0.10633608139251205,0.4390624999999999,0.3686099999999999
23.511,0.13871520769511658,0.1435145731453539,-0.10718388931994216,0.4358789062499999,0.36529999999999996
23.516,0.13871520769511658,0.1425636923615033,-0.10811830128296851,0.4326562499999999,0.3617299999999999
23.522,0.13687792017597555,0.14161919858177524,-0.10903903892458633,0.4293164062499999,0.35817999999999994
23.527,0.13687792017597555,0.14067982637232243,-0.10994610224479207,0.4259570312499999,0.35477000000000003
23.532,0.1350406326568354,0.1397445610150935,-0.11087139799354606,0.4225195312499999,0.35108000000000006
23.538,0.13366266701747964,0.13867608317957902,-0.11182404238511978,0.41888671874999994,0.34765
23.543,0.13366266701747964,0.13768279330836267,-0.11278124488383234,0.41523437499999993,0.3441000000000001
23.549,0.13274402325790913,0.13679529656907338,-0.11368830820403808,0.41175781249999993,0.34054000000000006
23.554,0.13136605761855424,0.13585612689923202,-0.11456802288142498,0.4082226562499999,0.33712999999999993
23.559,0.13044741385898373,0.1348755220682305,-0.11545229566594983,0.4045703124999999,0.33386000000000005
23.564,0.12906944821962796,0.1338616914735259,-0.11634568466474615,0.4006640624999999,0.33058999999999994
23.569,0.1286101263398427,0.1328667198995279,-0.11727553852063721,0.39662109374999993,0.32718999999999987
23.574,0.12723216070048782,0.13188687087720163,-0.11821450859079974,0.39265624999999993,0.32379999999999987
23.579,0.12677283882070256,0.13091914823050332,-0.11909878137532459,0.3886914062499999,0.32053
23.584,0.1253948731813468,0.1299611494048281,-0.11997849605271149,0.3844921874999999,0.31738
23.589,0.12493555130156153,0.12901094785495826,-0.12087644315864399,0.3798632812499999,0.31411999999999995
23.594,0.12355758566220665,0.12806699873505814,-0.12182908755021771,0.37556640624999993,0.3105899999999999
23.599,0.12217962002285088,0.12703705950406882,-0.12270424412046932,0.37068359374999993,0.30746000000000007
23.604,0.12172029814306562,0.12602917083918017,-0.12370246958341014,0.3657421874999999,0.30407000000000006
23.609,0.12034233250370985,0.12503896394210093,-0.12460953290361765,0.36019531249999986,0.30081
23.615,0.11988301062392459,0.1240629355886218,-0.12563966511651525,0.35511718749999993,0.29715999999999987
23.62,0.11850504498456971,0.12309827663557757,-0.12651482168676598,0.34990234374999996,0.29403
23.625,0.11758640122499919,0.12209723262015044,-0.1274218850069717,0.34378906249999985,0.29088999999999987
23.63,0.11666775746542868,0.1211125142670824,-0.1284064361485031,0.33843749999999995,0.28736000000000006
23.634,0.11620843558564342,0.12018638891734329,-0.12923145354024967,0.3327539062499999,0.2843499999999999
23.639,0.11437114806650328,0.11921624398284633,-0.13012484253904688,0.3258984374999999,0.28122999999999987
23.645,0.11391182618671802,0.11821080090347631,-0.13118688150190305,0.31919921874999996,0.27756000000000003
23.65,0.112074538667577,0.1171770531720216,-0.1321668745362965,0.3127734374999999,0.27415999999999996
23.655,0.11161521678779263,0.11612060868603455,-0.1331650999992391,0.3060351562499999,0.27076999999999996
23.661,0.11115589490800737,0.11518246992561221,-0.13417699978358932,0.2999218749999999,0.2672300000000001
23.666,0.10931860738886634,0.11420269175370393,-0.135134202282301,0.29374999999999996,0.2638099999999999
23.671,0.1074813198697262,0.11305301838029246,-0.13615066017378918,0.2883007812499999,0.26038000000000006
23.676,0.1074813198697262,0.1119491180622109,-0.13708051402967847,0.2829492187499999,0.2573399999999999
23.68,0.10656267611015569,0.11097292572073907,-0.1379966935641601,0.27724609374999987,0.2541800000000001
23.686,0.10472538859101466,0.10991713150014731,-0.13901770956278447,0.2720312499999999,0.25075999999999987
23.69,0.10380674483144414,0.10879750663061145,-0.13998858638290557,0.2666992187499999,0.24747000000000008
23.695,0.10242877919208926,0.10767219953090489,-0.14101871859580495,0.2612890624999999,0.2441899999999999
23.701,0.10151013543251874,0.10654233600058066,-0.14209443188006876,0.2560937499999999,0.24075999999999986
23.706,0.10105081355273349,0.10549982255852765,-0.14313823841437845,0.25124999999999986,0.23719
23.711,0.09967284791337772,0.10448185096518267,-0.1441319057701831,0.2460937499999999,0.23389000000000015
23.717,0.09829488227402283,0.10339255506361379,-0.14523952580440547,0.24107421874999996,0.23034
23.722,0.0964575947548818,0.1022005641940964,-0.14638361069572348,0.2365624999999999,0.22666999999999993
23.727,0.09553895099531218,0.10097172682127488,-0.14745020776571405,0.23195312499999987,0.22338999999999976
23.733,0.0941609853559564,0.09975884509349914,-0.1486034088713044,0.2272265624999999,0.21972000000000014
23.738,0.09232369783681538,0.09846775400707354,-0.1497520518697577,0.22302734374999988,0.21631
23.743,0.09140505407724575,0.09715945078211777,-0.15085511379684302,0.21908203124999992,0.21289999999999987
23.748,0.09048641031767524,0.09592834936680172,-0.15189436222401476,0.21480468749999992,0.20974000000000004
23.753,0.08910844467831947,0.0947136521630188,-0.15308858629383604,0.21082031249999988,0.20618999999999987
23.758,0.08818980091874895,0.0935121090641283,-0.15417797389951193,0.2070117187499999,0.20291000000000015
23.763,0.08681183527939407,0.09232111389527224,-0.15521722232668278,0.2027539062499999,0.19978000000000007
23.769,0.0854338696400383,0.09109307494856916,-0.15647981800355382,0.1990820312499999,0.19609999999999994
23.774,0.08405590400068252,0.08983533157270604,-0.15757832182350295,0.19513671874999994,0.1928399999999999
23.779,0.0831372602411129,0.08859927088291426,-0.15877254589332335,0.19171874999999994,0.18931999999999993
23.784,0.08175929460175713,0.08738059696763195,-0.1598254686419054,0.18824218749999988,0.18631999999999982
23.788,0.08129997272197187,0.08622136693354604,-0.16088750760476245,0.18498046874999985,0.18317000000000005
23.793,0.07946268520283084,0.0850643014961881,-0.16190852360338592,0.18152343749999988,0.18015999999999988
23.798,0.07854404144326121,0.08386346990694904,-0.16307995713752277,0.17767578124999994,0.1767599999999998
23.804,0.07670675392412019,0.0826275433939815,-0.1643288784929844,0.1744140624999999,0.1730999999999998
23.808,0.07578811016454967,0.08136347518660918,-0.16542282420579557,0.17097656249999993,0.17010999999999976
23.814,0.07441014452519479,0.08012234278112228,-0.16662616448989098,0.1674804687499999,0.16659999999999986
23.819,0.07303217888583902,0.07885410010574101,-0.16787508584535082,0.16421874999999986,0.16308999999999996
23.824,0.07119489136669888,0.07751861653447858,-0.16903740316521443,0.16080078124999986,0.15983999999999998
23.829,0.0698169257273431,0.07612921426095523,-0.17036381234199904,0.15712890624999987,0.15630999999999995
23.835,0.06843896008798733,0.07474207788607508,-0.1716947796259216,0.15419921874999998,0.15278999999999998
23.839,0.06752031632841682,0.07340226036054774,-0.1727841672315975,0.15091796874999985,0.14979999999999993
23.845,0.06614235068906194,0.07210038657321953,-0.17405587912274267,0.14742187499999992,0.14644000000000013
23.85,0.06522370692949142,0.07082893886953902,-0.17538684640666347,0.1442773437499999,0.14280999999999988
23.855,0.06384574129013565,0.06958188904045048,-0.1765309312979806,0.14066406249999996,0.13972000000000007
23.861,0.06200845377099551,0.06826339945408884,-0.1779302701889529,0.1374414062499999,0.13600000000000012
23.866,0.061089810011424994,0.06693312609412683,-0.17917463343727746,0.13419921874999996,0.13263999999999987
23.871,0.059252522492283966,0.06559340363667814,-0.18046001964983205,0.13117187499999994,0.12929000000000013
23.876,0.05787455685292908,0.06420060231203864,-0.18164968561251538,0.12773437499999996,0.12618000000000018
23.881,0.05603726933378805,0.06276523844270213,-0.18304446639635064,0.1246289062499999,0.12259999999999982
23.886,0.05511862557421843,0.06134124667546579,-0.18429794585894843,0.12164062499999995,0.11940000000000017
23.891,0.05374065993486177,0.05997187578213867,-0.18550584425017913,0.1183984374999999,0.11631999999999998
23.896,0.052362694295506884,0.05860080204310716,-0.18681402099841726,0.11562499999999987,0.11298999999999992
23.901,0.050984728656152,0.057228362836984285,-0.1879854545325541,0.11273437499999994,0.11004000000000014
23.905,0.04914744113701097,0.0558093268138389,-0.1891477718524186,0.10966796874999996,0.1072099999999998
23.91,0.046850831738085574,0.05426192226129278,-0.1904787391363394,0.10632812499999988,0.10399000000000003
23.916,0.045472866098728915,0.05265708425314535,-0.19201026313427683,0.10292968749999998,0.10036999999999985
23.921,0.04409490045937403,0.051097195640518525,-0.1934460668823439,0.09998046874999988,0.09703000000000017
23.926,0.04317625669980352,0.049618852648459194,-0.1946995463449417,0.0965429687499999,0.09406999999999988
23.931,0.04042032542109375,0.04806939328553617,-0.19622651223574206,0.09320312499999994,0.0904799999999999
23.937,0.039501681661523236,0.046462907579102576,-0.19770789705517533,0.08990234374999995,0.08714999999999984
23.942,0.038123716022166576,0.044947199605594394,-0.19912546837469502,0.08660156249999984,0.08381999999999978
23.947,0.036286428503027324,0.04341328013375741,-0.20057950455130769,0.08291015624999987,0.08049000000000017
23.953,0.03398981910410015,0.04177375357147993,-0.20219763258484313,0.07949218749999998,0.07676999999999978
23.958,0.03169320970517475,0.04000404158172338,-0.20379297008269415,0.07562499999999994,0.07330000000000014
23.964,0.029855922186033723,0.03817543921368134,-0.20551593458037498,0.07181640624999996,0.06959999999999988
23.97,0.02801863466689447,0.036345116088308024,-0.20724345718519022,0.06843749999999993,0.06589
23.975,0.02664066902753781,0.03455891501793054,-0.20873395821889762,0.06513671874999993,0.06282999999999994
23.98,0.02480338150839856,0.032808094260609356,-0.21022445925260502,0.06195312499999983,0.05964999999999998
23.984,0.0234254158690419,0.03108564404387336,-0.21165570489353414,0.05863281249999985,0.056620000000000115
23.989,0.0211288064701165,0.029340441530972712,-0.21314164782010536,0.05529296874999989,0.05358000000000018
23.994,0.019291518950975473,0.027531492666469655,-0.214641265068086,0.051562499999999956,0.050530000000000186
23.999,0.016994909552050075,0.025671427282663438,-0.21635511335149182,0.04798828124999999,0.047089999999999854
24.004,0.015157622032909046,0.02377037290921328,-0.21800514813498406,0.04453124999999991,0.04394000000000009
24.009,0.013779656393554163,0.021927454315138026,-0.2195959275256989,0.04062499999999991,0.040779999999999816
24.015,0.011942368874413134,0.02013115327036436,-0.22131889202337796,0.03710937499999989,0.03736000000000006
24.019,0.010105081355272105,0.01832673172481246,-0.22287320655699983,0.033261718749999836,0.03432999999999975
24.025,0.008267793836132853,0.01651579856370395,-0.22463263591177274,0.029492187499999933,0.030930000000000124
24.03,0.010105081355272105,0.01506365898928736,-0.22622341530248846,0.02792968749999991,0.027859999999999996
24.035,0.012861012633983648,0.014354245385458054,-0.22764098662200727,0.027949218749999893,0.02546999999999988
24.041,0.013779656393554163,0.014149400392865368,-0.22877595529905026,0.029023437499999916,0.023800000000000043
24.046,0.01607626579247956,0.014303653786675734,-0.22969669294066808,0.030722656249999925,0.022870000000000168
24.05,0.01791355331162059,0.014836862482336757,-0.23044422251108987,0.032929687499999916,0.022549999999999848
24.055,0.020210162710545987,0.015673945447115183,-0.23100486968890532,0.03572265624999993,0.022809999999999775
24.061,0.022047450229687016,0.016754697179636645,-0.23145156418830393,0.038789062499999916,0.023800000000000043
24.066,0.023884737748828044,0.017985338590127152,-0.23174784115219094,0.042285156249999956,0.025459999999999816
24.071,0.026181347147753442,0.019381674467959954,-0.2319028167948396,0.04568359374999997,0.027899999999999814
24.076,0.02801863466689447,0.020910876372246395,-0.23191193300911372,0.04941406249999991,0.03092000000000006
24.082,0.029396600306249354,0.022455616271539438,-0.2318162127592407,0.05324218749999998,0.03462999999999994
24.088,0.03169320970517475,0.024058317564470487,-0.23159742361667846,0.056777343749999876,0.03825000000000012
24.093,0.033071175344529635,0.025707496571376668,-0.23130114665279322,0.06019531249999999,0.04167999999999994
24.098,0.034908462863670664,0.027348442947241883,-0.23092738186758233,0.06353515624999995,0.044950000000000045
24.102,0.03720507226259606,0.029073791563145882,-0.23047612926104666,0.06695312499999995,0.048130000000000006
24.108,0.03858303790195272,0.030821318225951508,-0.22991092397609414,0.07068359374999988,0.051429999999999865
24.113,0.04087964730087812,0.032586628880061044,-0.2292317660127221,0.07402343749999996,0.054990000000000094
24.118,0.041798291060448634,0.03432069816314772,-0.22855716615648802,0.0772656249999999,0.05815999999999999
24.123,0.04317625669980352,0.035938712044285226,-0.22785521765743333,0.08107421874999987,0.06131999999999982
24.128,0.045472866098728915,0.03760016981210808,-0.2269800610871835,0.08437499999999998,0.06503000000000014
24.133,0.04639150985829943,0.03925096220274338,-0.22616871801684724,0.08736328124999992,0.06834000000000007
24.138,0.04776947549765609,0.0408021985386021,-0.22538928169646866,0.09041015624999993,0.07140000000000013
24.142,0.04960676301679534,0.042364607267851455,-0.2245779386261333,0.09343749999999995,0.07432000000000016
24.147,0.050525406776365855,0.04389047295996118,-0.22372557259156522,0.09673828124999995,0.07738999999999985
24.152,0.051903372415722515,0.04534153386873835,-0.22274102145003383,0.0998437499999999,0.08085999999999993
24.156,0.05465930369443228,0.04691461833305083,-0.22181116759414454,0.10328124999999988,0.08393000000000006
24.162,0.05603726933378805,0.048585550270593754,-0.22066708270282742,0.10664062499999993,0.08739000000000008
24.167,0.05787455685292908,0.05024393974823418,-0.21950932349010088,0.1098437499999999,0.09087999999999985
24.172,0.059252522492283966,0.05189227175783754,-0.21842905209869823,0.11287109374999993,0.09410000000000007
24.176,0.06017116625185448,0.05344153517899036,-0.2173578969215706,0.11634765624999988,0.09731999999999985
24.182,0.06200845377099551,0.05495685999498467,-0.21609985935183484,0.11964843749999987,0.1009500000000001
24.187,0.06384574129013565,0.056535974107858475,-0.2148965190677412,0.12320312499999997,0.10431999999999997
24.193,0.0643050631699209,0.05802973352187426,-0.21355643556954718,0.12687499999999996,0.10809999999999986
24.198,0.06660167256884719,0.05950055113736368,-0.21222546828562372,0.13025390624999988,0.11185
24.203,0.06797963820820208,0.06104397609914807,-0.2109446401802071,0.13398437499999993,0.11545000000000005
24.209,0.0698169257273431,0.06260012109339742,-0.2095270688606874,0.13748046874999986,0.11919000000000013
24.215,0.07165421324648324,0.06421196783139065,-0.20816419482680804,0.14099609374999988,0.12281999999999993
24.22,0.07303217888583902,0.06582297844471338,-0.20678764647151837,0.14449218749999992,0.12643000000000004
24.225,0.07395082264540953,0.06734231482180111,-0.20546123729473376,0.14796874999999987,0.13004999999999978
24.23,0.07486946640498005,0.06874263815999435,-0.2041393862250862,0.15162109374999988,0.13354
24.236,0.07624743204433493,0.0700930299638575,-0.20277195408407067,0.1552539062499999,0.13727
24.242,0.0776253976836907,0.07144888487124516,-0.2013817314073716,0.15884765624999997,0.14114000000000004
24.247,0.07946268520283084,0.07285462238231703,-0.20008722898054287,0.16275390624999986,0.14461999999999975
24.253,0.08038132896240135,0.07425485755366908,-0.19863319280392933,0.1663671874999999,0.14849999999999985
24.258,0.08221861648154238,0.07565068054381505,-0.1972931093057344,0.1702734374999999,0.15210999999999997
24.264,0.08359658212089727,0.07708846740708464,-0.19585274745053116,0.17378906249999992,0.15599000000000007
24.269,0.0854338696400383,0.07855990399424649,-0.19456280313083862,0.17728515624999996,0.15947999999999984
24.274,0.08635251339960881,0.08001282152320395,-0.193281975025422,0.18082031249999997,0.16281999999999996
24.279,0.08727115715917932,0.08135988533756246,-0.19201937934855096,0.1846679687499999,0.16616000000000009
24.285,0.08910844467831947,0.08271307161787611,-0.1906428309932613,0.1884765624999999,0.16975000000000007
24.29,0.09048641031767524,0.08411666922722949,-0.1893300961378861,0.1918945312499999,0.17321000000000009
24.295,0.09140505407724575,0.08546968658284204,-0.188149546389476,0.19585937499999995,0.17641000000000018
24.3,0.09324234159638589,0.08682764685098066,-0.18678667235559754,0.19951171874999996,0.1799900000000001
24.305,0.09324234159638589,0.0880985669405045,-0.18557877396436684,0.20337890624999988,0.18318000000000012
24.31,0.09462030723574166,0.08925418991980814,-0.18434352693031641,0.20736328124999992,0.18664000000000014
24.315,0.09691691663466706,0.09054486860984773,-0.18303990828921446,0.21162109374999993,0.1900900000000001
24.321,0.09783556039423758,0.09189834302995936,-0.18167247614819892,0.21552734374999982,0.19365999999999994
24.326,0.09875420415380809,0.09316566603617582,-0.1804372291141485,0.22027343749999995,0.19695000000000018
24.331,0.10013216979316297,0.09440940837907501,-0.1790059834732194,0.2246679687499999,0.20079000000000002
24.336,0.10059149167294823,0.0955887401245838,-0.17779352697485162,0.2289453124999999,0.2042299999999999
24.342,0.10151013543251874,0.0966709208246494,-0.17660841911930447,0.23376953124999988,0.20752999999999977
24.348,0.10380674483144414,0.09785720620160375,-0.17519540590692184,0.23916015624999987,0.2115100000000001
24.353,0.1042660667112294,0.09908146849030829,-0.17383253187304248,0.2438281249999999,0.21536
24.358,0.10564403235058517,0.10024517969375886,-0.17267477266031506,0.24921874999999993,0.21865999999999985
24.364,0.10656267611015569,0.10140583846272828,-0.17136203780494164,0.2545117187499999,0.2223600000000001
24.37,0.10794064174951057,0.10256404956493465,-0.1700401867352923,0.2597460937499999,0.22621000000000002
24.375,0.10931860738886634,0.10376579983262145,-0.16889610184397696,0.2656054687499999,0.22954000000000008
24.38,0.11069657302822211,0.10500246300962437,-0.16756057645291822,0.2712499999999999,0.23340000000000005
24.386,0.112074538667577,0.10626712192847168,-0.16632988752600397,0.27722656249999994,0.23687000000000014
24.391,0.11299318242714751,0.10750872800992206,-0.16505361752772263,0.2831249999999999,0.24062000000000006
24.396,0.11391182618671802,0.10868634674367669,-0.16387306777931254,0.2900585937499999,0.24408999999999992
24.402,0.1152897918260738,0.10985815759466142,-0.16251475185257025,0.2964843749999999,0.24807
24.408,0.1152897918260738,0.11093430748762273,-0.16139801560407374,0.30238281249999993,0.2515399999999999
24.412,0.11712707934521394,0.11197925126445615,-0.16036788339117436,0.30824218749999993,0.25475000000000003
24.417,0.11804572310478445,0.11309017544910754,-0.15936509982109826,0.3144335937499999,0.2576799999999999
24.422,0.11896436686435496,0.11416300381396446,-0.1582985027511059,0.32013671874999994,0.26086999999999994
24.426,0.11988301062392459,0.11520528414495046,-0.15730483539530127,0.3263281249999999,0.26394000000000006
24.431,0.12126097626328036,0.11626857069762342,-0.15621544778962537,0.3319531249999999,0.26729
24.436,0.12126097626328036,0.11725769781594637,-0.15523545475523015,0.3375195312499999,0.27034999999999987
24.44,0.12263894190263613,0.11818735843834957,-0.15425090361369875,0.3428320312499999,0.27339999999999987
24.445,0.12355758566220665,0.11916033821482318,-0.15328002679357766,0.3483007812499999,0.27645999999999993
24.45,0.12493555130156153,0.12016805447926152,-0.1522271040449965,0.3534179687499999,0.2796399999999999
24.454,0.12585419506113205,0.12120362501791222,-0.15121976236778067,0.35820312499999996,0.28284
24.459,0.1263135169409173,0.12217052739505137,-0.1502625598690699,0.36365234374999994,0.28576999999999986
24.464,0.12769148258027307,0.12312786846818542,-0.1491412655134372,0.3691406249999999,0.28935
24.47,0.1286101263398427,0.12412304446857667,-0.14795615765789005,0.3741796874999999,0.29308
24.475,0.12998809197919847,0.12514855929998897,-0.14682574708798413,0.3791796874999999,0.29668000000000005
24.481,0.130906735738769,0.1261984020404117,-0.14569989462521526,0.38386718749999993,0.30027000000000004
24.486,0.1318253794983395,0.1272222508049543,-0.1446059489124023,0.3886523437499999,0.30372
24.491,0.13320334513769438,0.12827075757026365,-0.14345274780681283,0.3929101562499999,0.30746000000000007
24.497,0.13366266701747964,0.12929353505157265,-0.1423724764154093,0.39714843749999995,0.31091999999999986
24.502,0.13549995453662067,0.13034118278309093,-0.14130587934541694,0.4011914062499999,0.3144
24.507,0.13549995453662067,0.13136327142784293,-0.14024384038256255,0.40546874999999993,0.3177399999999999
24.513,0.1364185982961903,0.1322738611446334,-0.13914989466974959,0.4092773437499999,0.32148
24.518,0.1373372420557608,0.1331860465795643,-0.13815622731394406,0.4129882812499999,0.32497
24.523,0.13825588581533133,0.1340995115788166,-0.13715344374386795,0.4166796874999999,0.32844000000000007
24.528,0.1396338514546871,0.13505950451192417,-0.13612331153096857,0.4199804687499999,0.33192
24.533,0.14009317333447147,0.1360113050839889,-0.1351934576750775,0.42347656249999993,0.33514
24.538,0.14101181709404198,0.1369110345326955,-0.1341952322121367,0.4268749999999999,0.33863
24.543,0.14238978273339775,0.13786001328982345,-0.13319244864205793,0.43025390624999993,0.34213000000000005
24.548,0.142849104613183,0.13880298188445078,-0.13218510696484387,0.4337109374999999,0.3456299999999999
24.554,0.14376774837275352,0.13969562920321887,-0.13114585853767213,0.4367773437499999,0.34938
24.559,0.14468639213232315,0.1405934271020508,-0.1302251208960552,0.4400976562499999,0.3526
24.564,0.14652367965146418,0.1415863588851895,-0.12915852382606285,0.44349609374999993,0.3563399999999999
24.57,0.1474423234110347,0.14265557602288284,-0.12800076461333543,0.4463671874999999,0.36034999999999995
24.575,0.14927961093017483,0.14378596437587893,-0.127052678328897,0.4493359374999999,0.3635599999999999
24.58,0.14927961093017483,0.14487440054434964,-0.12600887179458997,0.45222656249999993,0.3670499999999999
24.586,0.15019825468974535,0.14583819259180905,-0.1250197625459215,0.4550976562499999,0.37053999999999987
24.591,0.1506575765695306,0.14674753768859722,-0.12403065329725393,0.45794921874999994,0.37416000000000005
24.596,0.15157622032910112,0.14761322321060155,-0.12308712511995346,0.4609960937499999,0.3776299999999999
24.602,0.152954185968456,0.14853490304014072,-0.12202508615709728,0.4636914062499999,0.38137
24.607,0.15387282972802652,0.14950148322915185,-0.12107699987266063,0.4666015624999999,0.3848499999999999
24.613,0.15479147348759703,0.1504585659481174,-0.1200240771240777,0.4695898437499999,0.38860000000000006
24.618,0.15571011724716755,0.15140803289616095,-0.11899850301831627,0.47230468749999993,0.39236000000000004
24.623,0.15662876100673717,0.15235139295821712,-0.11801850998392105,0.4752148437499999,0.39598
24.629,0.15708808288652243,0.15324435418439905,-0.11698381966388727,0.4780468749999999,0.39985000000000004
24.635,0.15892537040566346,0.15418790568226218,-0.11594001312957847,0.4805664062499999,0.40371
24.64,0.15938469228544871,0.15517202418567055,-0.1150101592736874,0.4831445312499999,0.4070499999999999
24.645,0.1607626579248036,0.15614317041672562,-0.11405295677497662,0.48554687499999993,0.41064999999999996
24.65,0.1616813016843741,0.15714941640941624,-0.11313677724049587,0.4879492187499999,0.41412000000000004
24.655,0.16214062356415937,0.1580928042060038,-0.112220597706016,0.4902929687499999,0.41747
24.66,0.16259994544394463,0.1589402857868266,-0.11137734788572207,0.4925976562499999,0.42069
24.665,0.1639779110833004,0.15980186647075162,-0.11052498185115578,0.4950585937499999,0.4238899999999999
24.67,0.16489655484287002,0.1607202547388188,-0.10960880231667591,0.4974999999999999,0.42737
24.675,0.16581519860244054,0.16163869362648622,-0.10869262278219516,0.4999414062499999,0.43069999999999986
24.68,0.16535587672265528,0.16242066744983005,-0.10780834999767208,0.5023632812499998,0.4341599999999999
24.686,0.16673384236201105,0.16313871541960365,-0.1069559839631058,0.5048437499999999,0.4376199999999999
24.691,0.16811180800136682,0.16398751047197294,-0.1060443625357621,0.5073828125,0.4410799999999999
24.696,0.16994909552050697,0.1649866500489613,-0.10509627625132367,0.51005859375,0.44469000000000003
24.702,0.17040841740029222,0.16601534316798605,-0.10406614403842607,0.5124414062499999,0.44843999999999995
24.707,0.171786383039648,0.16702223260853183,-0.10317731314676593,0.5151367187499999,0.4516499999999999
24.712,0.17224570491943325,0.16801163825394522,-0.10215629714813979,0.5175195312499999,0.4554
24.717,0.17270502679921762,0.16889602033493253,-0.10128569868502701,0.5198632812499999,0.45875
24.722,0.17362367055878813,0.1697416886724709,-0.10044700697187015,0.5224609374999999,0.46194
24.728,0.1750016361981439,0.17064731724934348,-0.09948980447316025,0.5251562499999999,0.46556
24.733,0.1750016361981439,0.17151002259197706,-0.09852348576017622,0.5276757812499999,0.46931999999999996
24.738,0.17592027995771442,0.1722928070393751,-0.09768479404702024,0.5303125,0.47282999999999986
24.743,0.17637960183749968,0.17305700691216264,-0.09681419558390658,0.5329492187499999,0.4763200000000001
24.749,0.17775756747685456,0.1738518061893188,-0.09592536469224644,0.5355859374999999,0.47994000000000003
24.754,0.17867621123642508,0.1747166442073343,-0.09504109190772159,0.5382226562499999,0.48343999999999987
24.759,0.17913553311621033,0.175546640675863,-0.09419328398029325,0.5408203125,0.48692
24.764,0.18005417687578085,0.17634869862411373,-0.09336370848140874,0.5435742187499999,0.4902599999999999
24.77,0.18097282063535047,0.1771738552942273,-0.09248399380402361,0.54619140625,0.4938799999999999
24.775,0.18235078627470624,0.17806303610558064,-0.09163618587659439,0.5487890624999999,0.49726000000000004
24.779,0.1828101081544915,0.17895805430347725,-0.0908020522705737,0.55130859375,0.5006299999999999
24.784,0.18326943003427676,0.17976674957789945,-0.09003173216446836,0.5540429687499999,0.50372
24.789,0.1851067175534169,0.180642730429891,-0.08917024991562883,0.5568749999999999,0.5072099999999999
24.795,0.1851067175534169,0.18152716392826265,-0.08828141902396869,0.55984375,0.5107200000000001
24.8,0.18602536131298741,0.18232737161109747,-0.08738347191803442,0.5629687499999999,0.51434
24.805,0.18694400507255793,0.18315104460213819,-0.08650375724064752,0.5660742187499999,0.5179499999999999
24.811,0.18786264883212844,0.1839935338053967,-0.08557390338475646,0.5692382812499999,0.52172
24.816,0.18924061447148333,0.1848966131182769,-0.08470786302878075,0.5723828124999999,0.5252399999999999
24.821,0.19015925823105384,0.18584827804319923,-0.08380079970857324,0.5755078124999999,0.52887
24.827,0.19107790199062435,0.18679340060498645,-0.08289829449550368,0.5786914062499999,0.53237
24.832,0.1915372238704096,0.18768777513325186,-0.08205960278234681,0.5818749999999999,0.5357399999999999
24.837,0.19199654575019487,0.18849595426596083,-0.08124370160487349,0.5850976562499999,0.5390999999999999
24.842,0.19245586762998013,0.1892350155826686,-0.08043691664167607,0.5885742187499999,0.5425800000000001
24.847,0.193833833269335,0.1900096569142357,-0.07960734114279333,0.5924609374999998,0.5460799999999999
24.853,0.19475247702890552,0.19085833080694964,-0.0786592548583549,0.59599609375,0.55
24.858,0.19521179890869078,0.19167536568940755,-0.07785702800229366,0.5998437499999999,0.5533600000000001
24.863,0.1961304426682613,0.19246703008339308,-0.07700922007486355,0.6038476562499999,0.55684
24.869,0.19704908642783092,0.19328385243626542,-0.07613862161174989,0.60771484375,0.56047
24.874,0.1984270520671867,0.1941663501782755,-0.07531360422000333,0.6116601562499999,0.5639799999999999
24.879,0.1984270520671867,0.19501050751405022,-0.07450681925680414,0.6156640624999999,0.5673299999999999
24.884,0.1993456958267572,0.19577841880358426,-0.07371826672215231,0.6198046875,0.5707
24.889,0.20026433958632772,0.19657619416801447,-0.07291148175895223,0.6239648437499999,0.5740799999999999
24.893,0.20118298334589735,0.19739791674703064,-0.07213204543857366,0.62822265625,0.57734
24.898,0.20210162710546786,0.19823884196629007,-0.07137084154674156,0.6328320312499999,0.5805799999999999
24.903,0.20256094898525312,0.19904966339172253,-0.07053670794072264,0.6373437499999999,0.58409
24.908,0.20347959274482363,0.19983634537827616,-0.06975271351320611,0.64236328125,0.58748
24.914,0.20439823650439415,0.2006491724699412,-0.06887755694295716,0.64701171875,0.59114
24.919,0.20531688026396377,0.20148296463233598,-0.06804342333693647,0.6513085937499999,0.59463
24.924,0.20577620214374903,0.20228806624746162,-0.06729589376651557,0.65533203125,0.5977299999999999
24.928,0.2071541677831048,0.20311566355382588,-0.06656659662464115,0.6595703124999999,0.60084
24.933,0.20807281154267532,0.2040068014470653,-0.06577348598285138,0.66375,0.60396
24.938,0.20807281154267532,0.20481238520744902,-0.06498949155533484,0.6676953124999999,0.6073199999999999
24.942,0.20899145530224494,0.2055493653634906,-0.06427386873486984,0.6721093749999999,0.61029
24.948,0.20991009906181546,0.20632233786716886,-0.06340782837889503,0.6765820312499999,0.6139299999999999
24.953,0.21082874282138597,0.2071241716858321,-0.06257369477287433,0.6806054687499999,0.61745
24.958,0.2117473865809565,0.20794914863233654,-0.06177602602394838,0.6846484374999999,0.6208099999999999
24.963,0.212666030340527,0.20879268344311544,-0.0609373343107924,0.6888476562499999,0.62419
24.968,0.21358467410009663,0.20965109931616002,-0.060103200704773485,0.6923828124999999,0.6277299999999999
24.972,0.21404399597988188,0.2104759460358933,-0.05936934545576111,0.6961718749999999,0.6307099999999999
24.977,0.21450331785966714,0.21122837265135858,-0.05857623481397134,0.7003320312499999,0.6340999999999999
24.983,0.2158812834990229,0.21201373126375447,-0.05773754310081536,0.703671875,0.6376299999999999
24.987,0.21634060537880817,0.21282549717656019,-0.05702647838748831,0.7074023437499999,0.64063
24.992,0.2172592491383778,0.2136129365226462,-0.05621969342428912,0.7113281249999999,0.64401
24.997,0.2181778928979483,0.21442637092095984,-0.05533086253262809,0.7147070312499999,0.6477899999999999
25.002,0.21863721477773357,0.2152151481816015,-0.05461979781930015,0.7183984374999999,0.6507700000000001
25.007,0.21863721477773357,0.2158931497634894,-0.05380389664182861,0.7222460937499999,0.65446
25.012,0.2204745022968746,0.216618828902945,-0.052978879250082045,0.7257031249999999,0.6579900000000001
25.017,0.2204745022968746,0.21738273941926342,-0.0522267915725223,0.7293945312499999,0.66124
25.023,0.22231178981601474,0.21817730666909307,-0.051369867430820726,0.7333007812499999,0.6649099999999999
25.028,0.2227711116958,0.2190419586305105,-0.050490152753433826,0.73736328125,0.6687000000000001
25.034,0.2236897554553705,0.21987180590515684,-0.04957397321895218,0.7406640624999999,0.6726099999999999
25.039,0.22460839921494102,0.22071924610371432,-0.04878997879143743,0.7442187499999999,0.6758500000000001
25.044,0.22552704297451065,0.22158079360429134,-0.047992310042512365,0.7481640624999999,0.67926
25.05,0.22552704297451065,0.22236264960865929,-0.04707613050803072,0.751640625,0.6832199999999999
25.055,0.22736433049365168,0.2231716068723993,-0.046273903651968595,0.7556445312499999,0.68676
25.061,0.2282829742532222,0.22409329969166908,-0.04531670115325692,0.75919921875,0.69082
25.066,0.22874229613300745,0.22496888652690492,-0.044473451332964764,0.7629492187499999,0.6943699999999999
25.072,0.23012026177236233,0.22585300407362452,-0.043570946119894316,0.7666992187499999,0.69815
25.077,0.23103890553193285,0.2267894640580035,-0.042659324692550626,0.7701171874999999,0.7019599999999999
25.083,0.23195754929150336,0.22772239417869802,-0.04176593569375431,0.7739062499999999,0.70566
25.088,0.23287619305107388,0.2286524937947342,-0.04089533723064065,0.7774218749999999,0.7093499999999999
25.093,0.2337948368106435,0.22958032370368325,-0.03999283201756931,0.7810546875,0.7131699999999999
25.099,0.2337948368106435,0.23041532982443963,-0.0391586984115504,0.78458984375,0.7166999999999999
25.104,0.23517280244999927,0.2312214048807814,-0.03833823912694179,0.7879882812499999,0.7202599999999999
25.109,0.23563212432978453,0.23204978276400168,-0.037540570378015836,0.79205078125,0.72366
25.115,0.23655076808935505,0.23285054281135167,-0.03659704220071536,0.7956835937499999,0.72776
25.12,0.23792873372870993,0.2337201606138884,-0.035731001844737875,0.7991601562499999,0.7316099999999999
25.126,0.2383880556084952,0.23459949175060152,-0.034892310131581894,0.8027148437499999,0.73518
25.131,0.23976602124785096,0.2354866117539941,-0.03405817652556298,0.8066210937499999,0.7387299999999999
25.137,0.24022534312763622,0.23637997744429995,-0.03313743888394516,0.8103320312499999,0.74255
25.142,0.2416033087669911,0.2372783513863352,-0.032230375563737645,0.815703125,0.7463899999999999
25.15,0.24206263064677636,0.23818074131343886,-0.031031593386780187,0.8192382812499999,0.7515799999999999
25.155,0.24435924004570264,0.23917735532302498,-0.0302065759950354,0.8234765624999999,0.75499
25.161,0.2448185619254879,0.24024952514106074,-0.029190118103547213,0.8270898437499999,0.75911
25.166,0.2448185619254879,0.24115477174585997,-0.028401565568894505,0.8306835937499999,0.76254
25.171,0.24573720568505752,0.2419716689102058,-0.027626687355652102,0.8344726562499999,0.76582
25.176,0.24665584944462804,0.24280872475661577,-0.02681990239245291,0.83806640625,0.76938
25.18,0.2471151713244133,0.2436164434339383,-0.02607237282203112,0.8415624999999999,0.77267
25.185,0.2480338150839838,0.24440063740855605,-0.025352191894429055,0.8454101562499999,0.77582
25.19,0.24895245884355433,0.24521146942902175,-0.024554523145503104,0.8496093749999999,0.77925
25.196,0.24987110260312395,0.24604366179640222,-0.0236884827895274,0.85404296875,0.7829999999999999
25.201,0.2512490682424797,0.24693848434796678,-0.022772303255046644,0.8578515624999999,0.78688
25.206,0.2512490682424797,0.24779252462370063,-0.022047564220307514,0.8619335937499999,0.79006
25.211,0.2526270338818355,0.2486138626672702,-0.021245337364246275,0.8660351562499999,0.79352
25.216,0.2535456776414051,0.24949998142263852,-0.02043399429390913,0.87041015625,0.7969899999999999
25.221,0.25446432140097563,0.2503925442385417,-0.019590744473616972,0.8746484374999999,0.80044
25.226,0.2549236432807609,0.2512447724918044,-0.0187976338318272,0.8797265624999999,0.8039000000000001
25.232,0.2558422870403314,0.2520646575223105,-0.017840431333116413,0.8844335937499999,0.80806
25.237,0.2572202526796872,0.25294961114479775,-0.017006297727098385,0.8895507812499999,0.81155
25.242,0.2581388964392568,0.25388674155629987,-0.016076443871207324,0.8949218749999999,0.8154299999999999
25.248,0.25859821831904206,0.25477470738988617,-0.015142031908180087,0.9002929687499999,0.8192999999999999
25.253,0.2604355058381831,0.2557142532140813,-0.014212178052289026,0.90556640625,0.8231999999999999
25.259,0.26089482771796835,0.25669515967334555,-0.013332463374902126,0.9117187499999999,0.8268
25.265,0.261813471477538,0.25761822836590653,-0.012347912233370728,0.9177929687499999,0.8309500000000001
25.27,0.26227279335732323,0.25849491847767303,-0.011395267841797008,0.9238671875,0.835
25.276,0.263650758996679,0.25937992071276555,-0.010501878842999801,0.93046875,0.8387499999999999
25.282,0.26548804651581914,0.26040809387533276,-0.009517327701469291,0.9366796874999999,0.8427499999999999
25.287,0.2650287246360348,0.26136906449154973,-0.00861938059553502,0.9428515624999999,0.8464799999999999
25.292,0.2659473683956044,0.26218514338708593,-0.007794363203788457,0.9489257812499999,0.85006
25.297,0.26732533403496017,0.2630670449702521,-0.006978462026316912,0.954765625,0.8534899999999999
25.302,0.26870329967431594,0.26404722991680873,-0.006167118955979767,0.9604296874999999,0.85663
25.306,0.2682439777945307,0.26492421816239614,-0.005401356957010606,0.9659374999999999,0.8597999999999999
25.311,0.26962194343388557,0.26571845569324426,-0.004644711172315574,0.9711914062499999,0.86311
25.316,0.26962194343388557,0.26649183949180216,-0.0039108559233032025,0.9766406249999999,0.86612
25.32,0.2714592309530266,0.26729400311698964,-0.0031314196029255115,0.9815429687499999,0.8694
25.325,0.2723778747125971,0.26821024829655177,-0.002374773818229592,0.9868945312499999,0.8724099999999999
25.33,0.27191855283281186,0.2689904630431815,-0.001531523997937434,0.991953125,0.8759699999999999
25.335,0.27421516223173725,0.26979810422559686,-0.0007520876775588548,0.9967773437499999,0.8790899999999999
25.339,0.27421516223173725,0.2706732398289889,5.925539277829017e-05,1.0011132812499999,0.88236
25.344,0.2760524497508783,0.2715569955447853,0.0008159011774733216,1.005859375,0.88537
25.349,0.27651177163066354,0.2724931653864832,0.001750313140500559,1.01037109375,0.88907
25.354,0.2769710935104488,0.27333485907951055,0.002534307568016203,1.01458984375,0.8921999999999999
25.358,0.2783490591498037,0.27419179860875315,0.0033593249597609898,1.0188671875,0.89548
25.363,0.27880838102958894,0.27506096337224994,0.004207132887191101,1.0234375,0.8988799999999999
25.369,0.2801863466689447,0.275939931228897,0.005164335385903662,1.0277148437499999,0.90255
25.374,0.2801863466689447,0.2767812580426298,0.006062282491836157,1.03205078125,0.9061999999999999
25.38,0.2815643123082996,0.2775924014960863,0.007033159311957249,1.0359375,0.9101299999999999
25.385,0.2824829560678701,0.2784703454783233,0.00787185102511323,1.0398046875,0.91351
25.39,0.2834015998274406,0.2793563531591001,0.008778914345321631,1.0434765625,0.9169799999999999
25.396,0.28432024358701113,0.28024882690721586,0.009676861451254126,1.04771484375,0.9205999999999999
25.402,0.285698209226366,0.28119198750926516,0.010748016628383539,1.0510546875,0.9247399999999999
25.407,0.285698209226366,0.28208478879372445,0.011586708341540408,1.0541406249999998,0.9280599999999999
25.412,0.2870761748657218,0.28293720826863744,0.012370702769054276,1.0571484375,0.93109
25.416,0.28845414050507756,0.2838937522895923,0.013200278267937016,1.06,0.9342699999999999
25.421,0.2889134623848628,0.2848427872698986,0.014007063231137096,1.06283203125,0.9373199999999999
25.426,0.28983210614443244,0.2857402990634618,0.0148411968371569,1.0661132812499998,0.94061
25.431,0.28983210614443244,0.28655099388652977,0.015775608800184138,1.06888671875,0.94415
25.436,0.2912100717837882,0.28733757435398394,0.016559603227699782,1.07181640625,0.9473099999999999
25.441,0.29212871554335873,0.28819582192510773,0.017434759797949617,1.0749023437499998,0.9507399999999999
25.447,0.29304735930292924,0.28906603557291544,0.018428427153754257,1.0780273437499999,0.95451
25.452,0.29442532494228413,0.28999134638719676,0.019358281009645317,1.0807812499999998,0.9580299999999999
25.458,0.2948846468220694,0.2909153362822284,0.02024711190130546,1.0836523437499999,0.9614499999999999
25.463,0.2967219343412104,0.2918837688518757,0.021195198185742115,1.0864453125,0.9649699999999999
25.468,0.2967219343412104,0.29284233694605366,0.022147842577316723,1.0892578124999999,0.96862
25.474,0.2980998999805653,0.29374749309238357,0.023095928861755155,1.09240234375,0.9721500000000001
25.48,0.29947786561992107,0.29474632526026295,0.02418987457456634,1.0949609374999998,0.9763599999999999
25.485,0.3003965093794916,0.2957747718760251,0.02510149600191003,1.09775390625,0.9797499999999999
25.491,0.3003965093794916,0.29669045988220316,0.026076930929168185,1.10064453125,0.9835499999999999
25.497,0.30177447501884647,0.2975612316160786,0.02708427260638402,1.10333984375,0.9875
25.503,0.3036117625379875,0.29857799371476723,0.028073381855050705,1.1057031249999998,0.99129
25.508,0.3036117625379875,0.29957531598454973,0.028939422211028187,1.10794921875,0.9945599999999999
25.513,0.3059083719369129,0.3006025518528216,0.029810020674141846,1.11017578125,0.9977199999999999
25.517,0.3059083719369129,0.3016537746473436,0.03065782860157107,1.112421875,1.00087
25.522,0.30728633757626866,0.3026332281559479,0.031551217600368275,1.11484375,1.00413
25.528,0.30728633757626866,0.30355513176566745,0.032503861991941996,1.11720703125,1.00762
25.533,0.30866430321562444,0.3044308876282095,0.033406367205012444,1.11943359375,1.01099
25.538,0.30958294697519495,0.3053606425984204,0.034308872418082004,1.12162109375,1.01439
25.543,0.3105015907347646,0.3062881961449653,0.03520226141687921,1.1237499999999998,1.01763
25.548,0.3114202344943351,0.3072139844278914,0.03605006934430843,1.1258203125,1.02073
25.553,0.31187955637412035,0.3080928553074965,0.036875086736055884,1.1281249999999998,1.02386
25.558,0.3132575220134761,0.3089796062428444,0.037809498699082233,1.1303125,1.02737
25.563,0.314635487652831,0.30996367975710987,0.03871656201928886,1.13267578125,1.03061
25.569,0.3155541314124015,0.310980291797506,0.03972390369650469,1.13484375,1.03423
25.574,0.31647277517197203,0.31197749373949857,0.04062185080243719,1.13724609375,1.03737
25.579,0.31739141893154255,0.31295913123513797,0.04166109922960981,1.1396875,1.04118
25.585,0.3192287064506827,0.3140192917813486,0.042677557121098,1.1421484375,1.0447199999999999
25.591,0.3192287064506827,0.31505141412242477,0.043725921762542974,1.1444726562499998,1.04852
25.596,0.3201473502102532,0.3159700495958578,0.04466944993984434,1.14703125,1.05196
25.602,0.32198463772939334,0.3169796904808909,0.04573148890270051,1.14923828125,1.0559
25.607,0.3224439596091786,0.3180168043220729,0.04665678465145362,1.15166015625,1.0591599999999999
25.612,0.32382192524853437,0.3190304461177869,0.04766868443580563,1.1541796874999999,1.06283
25.618,0.32519989088789014,0.3201162700687482,0.04875351393434357,1.1562890625,1.06664
25.623,0.3256592127676754,0.3211689712177303,0.04964690293314167,1.1583593749999999,1.06979
25.628,0.326577856527245,0.3221496101798137,0.050503827074843244,1.1603710937499998,1.0728
25.632,0.3279558221666008,0.32316346814333324,0.05135619310941131,1.1625195312499998,1.07582
25.637,0.3297931096857418,0.3242949673185097,0.05231795371525738,1.1648046874999998,1.07896
25.642,0.3297931096857418,0.32538429422601106,0.05332073728533615,1.167265625,1.0823399999999999
25.648,0.33071175344531145,0.3263488005336234,0.054401008676737916,1.1695898437499999,1.08609
25.653,0.3320897190846672,0.32734972214670177,0.05535365306831164,1.1720312499999999,1.0893599999999999
25.659,0.333467684724023,0.32842534611845026,0.056465831209672857,1.17443359375,1.09313
25.664,0.33392700660380825,0.3294698681729239,0.05741847560124658,1.1768945312499999,1.09635
25.669,0.3357642941229484,0.33053495230458063,0.05845772402841831,1.17921875,1.09984
25.674,0.33714225976230416,0.3317075283939111,0.059487856241317694,1.1817773437499999,1.10309
25.68,0.3380609035218747,0.3328752956812319,0.06059091816840301,1.1843359374999998,1.10669
25.685,0.3389795472814443,0.3339937050320089,0.061689421988352144,1.18685546875,1.11016
25.69,0.3398981910410148,0.335072535554309,0.06274234473693419,1.18943359375,1.1136599999999999
25.696,0.3412761566803706,0.33616513074210974,0.06377247694983179,1.19220703125,1.11704
25.702,0.3421948004399402,0.33726876345240514,0.0649347942696954,1.19482421875,1.12077
25.707,0.34311344419951073,0.33833574497614405,0.06594213594691123,1.1973046875,1.12412
25.712,0.3444914098388665,0.3394188387642812,0.06693580330271409,1.2,1.12737
25.717,0.345410053598437,0.34051485255259756,0.06799784226557026,1.20271484375,1.13075
25.722,0.34632869735800664,0.3415757246635996,0.06902797447846876,1.2057617187499998,1.13423
25.728,0.34816598487714767,0.3426994213596266,0.07019940801260649,1.2086718749999998,1.13797
25.733,0.34862530675693293,0.34382799354968274,0.0713024699396918,1.211484375,1.14149
25.739,0.3500032723962887,0.34491497338495736,0.07232804404545323,1.2145703124999998,1.14487
25.744,0.35184055991542884,0.34610510706195374,0.07346757082963329,1.2174609374999998,1.14836
25.749,0.3522998817952141,0.34728695331609033,0.07454784222103505,1.2204101562499998,1.15188
25.754,0.35367784743456987,0.34841665221930324,0.07555518389825089,1.22318359375,1.1550099999999999
25.759,0.35505581307392475,0.3495955393060614,0.07652150261123492,1.22607421875,1.158
25.764,0.35551513495371,0.3507228653309429,0.07751972807417573,1.22896484375,1.1611099999999999
25.768,0.35735242247285104,0.3518543477841558,0.07851795353711832,1.23197265625,1.16426
25.773,0.3578117443526363,0.35298916316770435,0.07951162089292119,1.23494140625,1.1673
25.778,0.3591897099919912,0.3540811492552998,0.08047793960590699,1.2381640624999999,1.17032
25.783,0.3610269975111322,0.3552752973140916,0.08157188531871817,1.24130859375,1.17357
25.787,0.3619456412707027,0.3565058644801392,0.08261113374589169,1.2445312499999999,1.17674
25.792,0.3624049631504871,0.3576291295136159,0.08361391731596868,1.2480859375,1.17977
25.797,0.36378292878984286,0.35871185367990044,0.08469418870737222,1.2517187499999998,1.18292
25.802,0.3647015725494134,0.3598075710781946,0.08578357631304723,1.2551367187499998,1.18619
25.806,0.3669981819483388,0.36100471117669636,0.08680459231167159,1.259296875,1.18924
25.812,0.3679168257079093,0.36228317946548055,0.0880261650243126,1.26345703125,1.19283
25.817,0.36837614758769455,0.36344485514683683,0.08927052827263626,1.2678515624999998,1.1965299999999999
25.822,0.3702134351068356,0.3646038816842854,0.09039182262827072,1.2721484374999998,1.1998199999999999
25.828,0.37159140074619046,0.36585178771295107,0.0915769304838161,1.2766406249999998,1.20328
25.833,0.37296936638554623,0.36712546197823925,0.09275748023222707,1.2809960937499998,1.20675
25.838,0.374347332024902,0.36841979911334855,0.09396082051631982,1.2856640625,1.21017
25.843,0.37480665390468637,0.3696397014892956,0.0952006256575082,1.290078125,1.21377
25.848,0.37710326330361266,0.3708909203635102,0.09639940783446566,1.294296875,1.21727
25.853,0.37802190706318317,0.37221275299728257,0.0975708413686025,1.29841796875,1.22061
25.858,0.37939987270253805,0.3735002051739076,0.09871492625991785,1.3023828124999999,1.22381
25.863,0.3812371602216791,0.3748510923379474,0.09988180168691851,1.3063476562499998,1.22703
25.868,0.3830744477408192,0.37629834823150343,0.10109881629242157,1.3102539062499998,1.2303899999999999
25.873,0.3835337696206045,0.37768637401459587,0.10226569171942224,1.31380859375,1.23347
25.877,0.3853710571397455,0.37902690473312817,0.10338242796791874,1.31783203125,1.23654
25.882,0.3867490227791004,0.38042035418102876,0.10468148850188275,1.3219726562499998,1.24006
25.888,0.38812698841845616,0.3818107358783779,0.10607626928571978,1.3258593749999998,1.24372
25.893,0.3899642759375972,0.38324415951236007,0.10732974874831669,1.3300390625,1.24709
25.899,0.3913422415769521,0.3847120973409501,0.10882936599629822,1.3339453125,1.25097
25.904,0.39272020721630785,0.38616220930761913,0.11015577517308284,1.3376757812499998,1.25436
25.909,0.3940981728556636,0.38759802718541764,0.11145939381418302,1.341328125,1.25774
25.914,0.3954761384950185,0.38902238301007414,0.1127584543481488,1.3451367187499998,1.2610999999999999
25.919,0.3968541041343743,0.39043754771640066,0.1141441189177117,1.3491015625,1.2647599999999999
25.925,0.39961003541308493,0.39198184796201896,0.11563461995141733,1.35294921875,1.26857
25.93,0.4009880010524407,0.3936296985932045,0.11722084123499688,1.3568554687499998,1.27249
25.936,0.40282528857158084,0.39526957977958893,0.11869766794729308,1.3605078124999999,1.2760099999999999
25.941,0.40466257609072187,0.39694857236317255,0.12023830815950465,1.36435546875,1.27981
25.947,0.40604054173007764,0.3986134254604332,0.1217835064788515,1.3681640625,1.28359
25.952,0.4078778292492178,0.40026694047626016,0.12341530883379814,1.3718359375,1.28751
25.958,0.40925579488857355,0.40191136378340264,0.12489213554609435,1.3757031249999998,1.2910499999999998
25.964,0.4106337605279293,0.40350299480401575,0.12650570547249274,1.3793359375,1.2949899999999999
25.969,0.4129303699268547,0.4051432968513093,0.12809648486320668,1.3830273437499998,1.29877
25.975,0.4156863012055654,0.406959132567011,0.12969182236105858,1.38654296875,1.3024200000000001
25.98,0.4175235887247064,0.4088702222202382,0.13130539228745697,1.39009765625,1.30606
25.985,0.41936087624384655,0.4107666897256341,0.13295998517808627,1.393515625,1.30981
25.991,0.4207388418832023,0.41260593023110437,0.13458267131875878,1.39705078125,1.3133
25.996,0.4230354512821277,0.41444478379851135,0.13625549663793368,1.4005273437499999,1.3170799999999998
26.002,0.42487273880126875,0.41632882897543233,0.1379237638499733,1.403828125,1.32071
26.007,0.4267100263204098,0.4182036102280404,0.1395646824191914,1.40724609375,1.3241800000000001
26.012,0.4285473138395499,0.42007096298389435,0.14120104288127333,1.4105664062499998,1.3276599999999998
26.017,0.43038460135869094,0.4219323590239805,0.14285107766476646,1.4138476562499998,1.33113
26.022,0.4322218888778311,0.4237889785306829,0.14446920569830102,1.4174023437499998,1.33442
26.028,0.43451849827675737,0.4256872697461002,0.1462924485529884,1.4205078125,1.33829
26.033,0.43589646391611225,0.42757347452152145,0.14779206580096993,1.42345703125,1.34139
26.037,0.4377337514352533,0.4294044856143012,0.14927800872753938,1.42671875,1.3443100000000001
26.042,0.4395710389543934,0.4312367402325595,0.15092804351103073,1.4303320312499999,1.34764
26.048,0.4418676483533197,0.4331154938860745,0.15287891336554793,1.43369140625,1.35165
26.053,0.44370493587245985,0.43503153389047133,0.154601877863227,1.4370703125,1.3551199999999999
26.058,0.44600154527138614,0.4369774728369517,0.1563157261466328,1.44076171875,1.3584399999999999
26.064,0.4478388327905263,0.4389473869570968,0.15826203789401116,1.44423828125,1.36215
26.069,0.45013544218945256,0.44093652613713347,0.16004881589160647,1.4477734375,1.36565
26.074,0.45243205158837796,0.44298658327096624,0.16189940738911268,1.4514062499999998,1.36913
26.08,0.45472866098730425,0.44508548890644417,0.1638320448150825,1.454921875,1.3728500000000001
26.085,0.45794391414580016,0.44731456863787816,0.16571910116968347,1.45859375,1.37616
26.09,0.45932187978515593,0.4495570277761991,0.16764718048851535,1.46236328125,1.3796300000000001
26.096,0.4620778110638666,0.4517647136233369,0.16970744491431233,1.46583984375,1.38335
26.1,0.46345577670322147,0.4539445156847314,0.17145319994767672,1.46921875,1.38656
26.105,0.4652930642223625,0.45601095470332265,0.1731716063382196,1.47298828125,1.38965
26.11,0.46804899550107315,0.4581229965404409,0.175158941049828,1.4769335937499999,1.3931499999999999
26.116,0.47126424865956995,0.4604081117307123,0.1772465541184456,1.4811328124999998,1.39676
26.121,0.4740201799382806,0.46283200988149714,0.17947091040116536,1.4855078124999999,1.40052
26.127,0.47585746745742075,0.46523068877582013,0.18174540586238663,1.48984375,1.40442
26.132,0.4786133987361323,0.4676091450130447,0.1839424135022849,1.4938476562499998,1.40801
26.137,0.4818286518946282,0.47010789088936084,0.18598444549953452,1.49810546875,1.41134
26.143,0.48366593941376834,0.47261209008711086,0.18824526663934815,1.5030859374999999,1.4149699999999998
26.149,0.4864218706924799,0.4750751602746465,0.1906701796360828,1.5079882812499998,1.4189699999999998
26.155,0.48917780197119054,0.4775962539627519,0.19312699938277422,1.5131640625,1.4228
26.16,0.49239305512968645,0.4802093770516931,0.19560205155801214,1.518125,1.42664
26.166,0.49560830828818325,0.4829417979766618,0.19803608076902002,1.5231640624999998,1.43035
26.171,0.49882356144667916,0.4857698806922246,0.2004108545872505,1.5282421874999998,1.4338899999999999
26.177,0.5015794927253898,0.4886291701915316,0.202872232441079,1.5336328125,1.4376
26.183,0.5038761021243152,0.49142247981836457,0.20547491161614495,1.5391796875,1.4414799999999999
26.188,0.507091355282812,0.49420838380932136,0.20788159218433222,1.5452929687499999,1.44494
26.194,0.5098472865615227,0.4970338513009949,0.21057543350213237,1.5514257812499999,1.4489299999999998
26.2,0.5135218615998038,0.4999365456061389,0.213255600498524,1.55748046875,1.45294
26.205,0.5167371147582998,0.502946667942627,0.21581725670935903,1.56337890625,1.45641
26.21,0.5194930460370113,0.5059519302162664,0.2182786345631884,1.5694726562499999,1.45975
26.215,0.522248977315722,0.5089077934486463,0.22073089620274366,1.57595703125,1.4632299999999998
26.221,0.5263828742337884,0.511960550546608,0.22337459834203965,1.58310546875,1.46674
26.226,0.5295981273922843,0.5151365061666731,0.226246205838172,1.589296875,1.4706199999999998
26.231,0.5332727024305655,0.5183657495497442,0.22862553776354044,1.59513671875,1.47371
26.235,0.5346506680699212,0.5214557154457651,0.23096840483181325,1.6009960937499998,1.4768
26.24,0.5374065993486319,0.5243429946257061,0.23328392325726544,1.6066406249999998,1.47976
26.244,0.5406218525071278,0.5272497522096643,0.23560855789699264,1.61291015625,1.48271
26.249,0.5433777837858393,0.530172129012447,0.23826593435769894,1.6185351562499999,1.4862099999999998
26.254,0.5470523588241205,0.5331525323401068,0.24076833517575835,1.624296875,1.48932
26.259,0.5502676119826164,0.5362249674937147,0.24348040892210676,1.63015625,1.49269
26.264,0.5534828651411123,0.5393256986580858,0.24635201641823912,1.63578125,1.49619
26.269,0.5566981182996082,0.5424491196477411,0.24917804284300527,1.64123046875,1.4996800000000001
26.274,0.559913371458105,0.5455907350102975,0.2520542084462738,1.64705078125,1.5030299999999999
26.28,0.5635879464963862,0.5487924418459164,0.2551901861563364,1.6521484374999997,1.50678
26.285,0.5672625215346674,0.552087836335011,0.25811649093810907,1.657265625,1.51029
26.291,0.5704777746931633,0.5554128545993235,0.2612433524338984,1.6624023437499997,1.51395
26.296,0.5746116716112297,0.5588071292731923,0.26445681796528486,1.6671484374999999,1.51772
26.301,0.5796642122888667,0.5624389463764148,0.2676702834966722,1.6716015624999998,1.52122
26.307,0.5828794654473626,0.5661702387233637,0.2708655165995122,1.6759179687499999,1.52487
26.312,0.5865540404856437,0.5698447919917214,0.27393312270252324,1.6798632812499998,1.5282499999999999
26.317,0.5902286155239249,0.5735193495732747,0.27698705448412486,1.6839843749999999,1.53149
26.322,0.5943625124419913,0.5772394124984148,0.2802506591940155,1.6882421874999998,1.53505
26.327,0.598955731239843,0.5810869687291736,0.28389258679625407,1.6921093749999998,1.5388799999999998
26.332,0.6021709843983389,0.5849457547117005,0.28716074961328175,1.6958203125,1.54256
26.338,0.6067642031961906,0.588813545536208,0.29050184214449626,1.6992578125,1.54597
26.342,0.6099794563546865,0.5926885571061756,0.29367884281878975,1.7028906249999998,1.54922
26.348,0.6145726751525382,0.5965693588016234,0.2972797474567974,1.706484375,1.55289
26.353,0.6177879283110341,0.6004548034460941,0.30066186295224284,1.71005859375,1.55629
26.358,0.6214625033493153,0.6042529673791225,0.3043949526972147,1.7135351562499999,1.5600999999999998
26.364,0.6265150440269522,0.6081631507497404,0.30796850869240266,1.71703125,1.56378
26.369,0.6297302971854482,0.6121176576701195,0.3118109930086561,1.7203710937499999,1.56761
26.375,0.6347828378630851,0.6161077064768968,0.3154985016822618,1.7240820312499998,1.57113
26.381,0.639835378540722,0.62030826292546,0.3197648899622312,1.7274804687499998,1.5753499999999998
26.386,0.6444285973385737,0.6246321180190547,0.32368030399267234,1.7306640624999998,1.5790099999999998
26.392,0.6481031723768549,0.6289183373916947,0.32760027613025056,1.7338671875,1.5828099999999998
26.397,0.6536150349342762,0.6332653814414952,0.3315430388035123,1.7368359374999998,1.58649
26.402,0.6586675756119131,0.6377977048517124,0.33543566229826993,1.74,1.59019
26.408,0.6628014725299796,0.6423420932431291,0.3395561911498639,1.7426953125,1.59388
26.413,0.6660167256884755,0.6467141486851988,0.343134305252188,1.7455078124999999,1.59716
26.418,0.6710692663661124,0.6510390186469518,0.3469676733541682,1.7481640625,1.6007
26.423,0.6756624851639641,0.6554625574704678,0.35061871717068005,1.751015625,1.6039599999999998
26.428,0.6797963820820305,0.6598742124838977,0.3547574784508214,1.75373046875,1.60766
26.433,0.6843896008798822,0.6642763381832194,0.3586090789813481,1.75619140625,1.61106
26.438,0.6880641759181634,0.6686253206917556,0.36216440254798865,1.758828125,1.6141999999999999
26.443,0.6921980728362298,0.6728861871912504,0.3661436300783443,1.76150390625,1.61774
26.448,0.6972506135138667,0.6772129014402556,0.3704510413225428,1.7640234375,1.62158
26.453,0.7009251885521479,0.6815469153792146,0.37407017838909784,1.7665429687499998,1.62472
26.458,0.7055184073499996,0.6858412808622141,0.37800838295522254,1.76923828125,1.62812
26.463,0.7101116261478504,0.6901948570632197,0.382233748270961,1.771796875,1.6316899999999999
26.468,0.7137862011861325,0.6945049090085871,0.3863360446940076,1.77443359375,1.63524
26.473,0.7192980637435538,0.6988710637703461,0.39043378300991805,1.77736328125,1.63866
26.48,0.7229726387818349,0.7032822059019694,0.39532463196761825,1.78029296875,1.6429
26.485,0.7275658575796866,0.7076384184499385,0.39963660131895296,1.78330078125,1.64659
26.491,0.7326183982573236,0.7120870900673015,0.40436335841973126,1.78623046875,1.6506699999999999
26.497,0.7381302608147458,0.7167009059455339,0.40907644119909836,1.7889453124999999,1.6545999999999998
26.502,0.7427234796125965,0.721401644769201,0.4134431078360752,1.7919726562499998,1.65825
26.508,0.7477760202902335,0.726126582926993,0.4184205608293716,1.7948828124999998,1.66247
26.514,0.7523692390880852,0.7308709258930418,0.423060713894551,1.7976171874999998,1.6662599999999999
26.52,0.7569624578859369,0.7355853271784656,0.42768263453118394,1.800625,1.6702
26.525,0.7615556766837885,0.7402757190193147,0.43240939163196135,1.80365234375,1.67413
26.531,0.765689573601855,0.7449013564343836,0.4370541028042778,1.8063867187499998,1.6780300000000001
26.537,0.770742114279491,0.7495205708669831,0.441306816762836,1.80912109375,1.68154
26.542,0.7739573674379878,0.7540436311093212,0.44543190372156616,1.8117968749999998,1.68506
26.547,0.7785505862358395,0.7584440859557011,0.4495569906802972,1.81443359375,1.68858
26.552,0.7836031269134756,0.762928234306146,0.45376868167462536,1.81712890625,1.6920899999999999
26.557,0.7868183800719715,0.7673429886168956,0.4578208389191678,1.8198046875,1.6954799999999999
26.562,0.7909522769900379,0.7716110939062086,0.461822856985207,1.82259765625,1.6988699999999999
26.567,0.7950861739081043,0.7758526089800915,0.46608924526517637,1.82548828125,1.7023899999999998
26.572,0.7992200708261707,0.7800728020610107,0.4702781457238201,1.82845703125,1.7058900000000001
26.578,0.8038132896240224,0.7843213994826665,0.47467216100361753,1.83138671875,1.70969
26.583,0.8074878646623036,0.7885472717116084,0.47888841010508276,1.8343359375,1.7132299999999998
26.588,0.8120810834601553,0.7927549212074397,0.4829587997781717,1.8373242187499998,1.7166299999999999
26.593,0.8157556584984365,0.7969479583738531,0.48714314212968013,1.8402539062499998,1.72018
26.599,0.818511589777148,0.8009472707586208,0.4911451601957193,1.8432421874999998,1.72372
26.603,0.8226454866952144,0.8048367422315882,0.49501499315479336,1.8463281249999999,1.72712
26.609,0.8263200617334956,0.8087291389421583,0.49906259229219874,1.84970703125,1.73053
26.614,0.8299946367717768,0.8125783794387177,0.5034155846077661,1.853046875,1.7345
26.62,0.8336692118100579,0.8163930141046518,0.5074312769952147,1.8566210937499998,1.73808
26.625,0.8378031087281244,0.8202254011519997,0.511652084203817,1.85970703125,1.74179
26.63,0.840559040006835,0.823981019596238,0.5151071294134493,1.86291015625,1.74494
26.634,0.8446929369249014,0.8276750793208933,0.5187444989085508,1.8665820312499999,1.7482199999999999
26.64,0.8474488682036121,0.8313197767307063,0.5227784237245467,1.86990234375,1.75191
26.644,0.8511234432418942,0.8348793899162514,0.526238027041317,1.873125,1.75505
26.649,0.8543386964003901,0.8384162781897153,0.5296247006438985,1.8768554687499999,1.7582
26.654,0.857553949558886,0.8418894420701515,0.5334899754958364,1.8805273437499999,1.76179
26.659,0.8607692027173819,0.8453115070392868,0.5370817639195709,1.884765625,1.76508
26.664,0.8639844558758778,0.8486925971381711,0.5409105739144149,1.88845703125,1.7688
26.669,0.8671997090343746,0.8520408305685016,0.5442607826599026,1.89244140625,1.7719399999999998
26.674,0.8699556403130853,0.8553172152173133,0.5477340602980822,1.8968554687499999,1.77521
26.679,0.8731708934715812,0.8585359862218127,0.5515400797572427,1.9012695312499999,1.77889
26.684,0.8763861466300771,0.8617540602483054,0.5550680546810627,1.905859375,1.78232
26.689,0.8791420779087886,0.8649260735015544,0.55861426203343,1.9106445312499998,1.78589
26.694,0.8823573310672845,0.8680611518346795,0.562187818028618,1.91583984375,1.78946
26.7,0.8846539404662099,0.8711211111438348,0.5660849996305117,1.9210351562499999,1.79341
26.706,0.8883285155044911,0.8741663363723935,0.5697770664112545,1.9265429687499998,1.79722
26.712,0.8915437686629879,0.8772907504999392,0.573537504799047,1.93171875,1.8010199999999998
26.717,0.8947590218214838,0.8804331622335956,0.5772614783297465,1.93650390625,1.8049499999999998
26.722,0.8975149531001945,0.8835445038883127,0.5806709424680117,1.94169921875,1.80851
26.728,0.9011895281384756,0.8866764331505353,0.5844496132843524,1.9465625,1.8126099999999998
26.734,0.9044047812969715,0.8898703729575752,0.5880824246723169,1.95150390625,1.81644
26.74,0.9071607125756831,0.8930230336163069,0.5915693766319068,1.9558984375,1.8202699999999998
26.745,0.9099166438543937,0.8960970917289808,0.5949150272702584,1.9606640624999998,1.82394
26.75,0.9126725751331044,0.8991081205315553,0.5982424454800626,1.96501953125,1.82761
26.756,0.9145098626522454,0.9019776040216123,0.601419446154356,1.9691406249999999,1.8313
26.761,0.9177251158107413,0.9047790879409633,0.6044323549717268,1.97306640625,1.8347099999999998
26.766,0.9200217252096676,0.9075715466816553,0.6073768921820468,1.97697265625,1.83813
26.771,0.922318334608593,0.9102657645995429,0.610243941571043,1.9811328124999998,1.84154
26.776,0.9246149440075184,0.9128812057907785,0.6133935936025159,1.98498046875,1.84523
26.781,0.92737087528623,0.9154789798860361,0.6161330159916831,1.988359375,1.84848
26.786,0.9296674846851554,0.9180625872026484,0.6186901140953829,1.9921679687499998,1.85162
26.791,0.9315047722042964,0.9205438307829352,0.6215708378057894,1.9962499999999999,1.85519
26.796,0.934260703483007,0.9229884934658267,0.6246976993015787,1.9999999999999998,1.85902
26.801,0.9365573128819324,0.925449324776142,0.6274097730479262,2.0038085937499996,1.86245
26.807,0.9383946004010735,0.9278321175127633,0.6303497521511092,2.0077539062499996,1.86614
26.812,0.9411505316797841,0.9301978350588095,0.6331666623616021,2.01181640625,1.86982
26.818,0.9439064629584957,0.9326408642294512,0.63626617521457,2.0158203125,1.87391
26.824,0.9466623942372063,0.9351458875542941,0.6392927583533519,2.02005859375,1.87787
26.83,0.9489590036361317,0.9376551204725743,0.642492549563328,2.0237890624999997,1.88213
26.835,0.9503369692754875,0.9400312232980403,0.6450086247027969,2.02755859375,1.8857
26.841,0.9535522224339834,0.942391576380645,0.6477845119490588,2.03142578125,1.88954
26.846,0.9558488318329097,0.9448303039294343,0.6505467248739105,2.0349414062499998,1.89336
26.852,0.9581454412318351,0.9472408741271858,0.6531129391918835,2.03841796875,1.89691
26.857,0.9595234068711909,0.9495378619173341,0.6555332940814811,2.04166015625,1.90034
26.862,0.961360694390331,0.9516982690833617,0.6578442543997971,2.0451953124999998,1.90378
26.867,0.963197981909472,0.9537946577314633,0.6603010741464885,2.04865234375,1.90736
26.872,0.9654945913083974,0.9558852135022089,0.6626211506790787,2.051796875,1.91094
26.877,0.9668725569477532,0.9579255901573802,0.6647452286047892,2.0549999999999997,1.91411
26.881,0.9691691663466786,0.9599257295022523,0.6669012132804575,2.05806640625,1.91742
26.886,0.9700878101062491,0.9618481017235081,0.6689204547420236,2.0613281249999997,1.92058
26.891,0.9723844195051754,0.963708114537903,0.6710764394176918,2.0647070312499998,1.92388
26.896,0.9737623851445303,0.9655636248723787,0.6732825632718633,2.06796875,1.92746
26.901,0.9760589945434566,0.9674155247868709,0.6753701763404809,2.0715624999999998,1.93078
26.906,0.9774369601828115,0.9692645296007316,0.677690252873071,2.0749804687499998,1.93451
26.911,0.9788149258221672,0.9710202091397987,0.6797641916202775,2.0785937499999996,1.93796
26.917,0.9811115352210926,0.9727920573705117,0.6819794316887231,2.08177734375,1.94181
26.921,0.9824895008604484,0.9745768708489266,0.6838892785790085,2.085546875,1.94497
26.927,0.9843267883795894,0.9763265789328234,0.6861865645759142,2.08939453125,1.94897
26.933,0.9861640758987296,0.9780936388110141,0.6884245951800434,2.09275390625,1.95284
26.938,0.9884606852976558,0.9799201145206884,0.6902888609989608,2.09626953125,1.95603
26.943,0.9889200071774402,0.9816577285648671,0.6922442889606142,2.10017578125,1.95961
26.948,0.9916759384561518,0.9833695886663996,0.6944640871361951,2.10419921875,1.96361
26.954,0.9935132259752919,0.9851973030149208,0.6966565366689572,2.10837890625,1.96746
26.96,0.9958098353742182,0.9870724159457934,0.698876334844539,2.112265625,1.97146
26.965,0.9967284791337887,0.9888945327807572,0.7008910181989689,2.1162109375,1.97518
26.971,0.9976471228933583,0.9905376477882866,0.7028373299463482,2.12033203125,1.97891
26.976,0.9999437322922846,0.9921737316028694,0.7048201065508213,2.12423828125,1.98274
26.981,1.0013216979316395,0.9938496791740857,0.7066889304768749,2.12806640625,1.98629
26.987,1.0026996635709953,0.9954665886712319,0.7084893827958796,2.13228515625,1.98984
26.992,1.004077629210351,0.9970361570927405,0.7103080675434299,2.13673828125,1.99351
26.998,1.0059149167294912,0.9986132658383269,0.7122543792908091,2.14078125,1.99733
27.003,1.0077522042486322,1.0002419228560138,0.713968227574215,2.14505859375,2.00086
27.008,1.0082115261284175,1.001775409419687,0.7157641217860817,2.14947265625,2.00453
27.013,1.0105081355273429,1.00327808318947,0.7175189930337185,2.15384765625,2.00806
27.019,1.0114267792869134,1.004801550876859,0.7192009345671684,2.15837890625,2.01158
27.024,1.0137233886858388,1.0063416926587483,0.7209466896005319,2.16330078125,2.01523
27.03,1.0151013543251945,1.0079407068425175,0.7228383040622699,2.16830078125,2.01917
27.035,1.016019998084765,1.0094504235989143,0.7245339199171292,2.17388671875,2.02285
27.041,1.0178572856039052,1.0109340369867004,0.7264209762717311,2.1794140625,2.02704
27.047,1.0187759293634757,1.0123967187711564,0.7281986380550514,2.18458984375,2.03098
27.052,1.0206132168826167,1.0138426160545584,0.7298076498743127,2.1900390625,2.03449
27.058,1.0219911825219716,1.015320556173873,0.7314257779078481,2.19580078125,2.03812
27.063,1.0229098262815421,1.0167331868289127,0.7331168356555713,2.20162109375,2.04201
27.069,1.0247471138006832,1.0181389494307425,0.7346757082963284,2.2074609374999996,2.04564
27.074,1.026125079440038,1.0195847066066612,0.7362482552584959,2.21392578125,2.04928
27.08,1.0275030450793938,1.0210170324925283,0.7379074062562614,2.22025390625,2.05304
27.085,1.029340332598534,1.022484090065836,0.7394708370041565,2.22677734375,2.0568
27.091,1.0302589763581045,1.0239334961789937,0.7410114772163681,2.23328125,2.0604299999999998
27.096,1.031177620117675,1.0252777442815662,0.7425110944643478,2.23982421875,2.06405
27.102,1.0320962638772455,1.0265376689469095,0.7439970373909182,2.2464843749999996,2.06767
27.107,1.0339335513963857,1.027820980640196,0.7455103289603082,2.252734375,2.07144
27.113,1.0348521951559562,1.0291230457748208,0.7469233421726917,2.2586718749999997,2.07507
27.118,1.0366894826750972,1.0304401487998047,0.7483500297064847,2.2645703125,2.07857
27.123,1.0376081264346668,1.031769310312741,0.7498177402045085,2.2704296875,2.08231
27.129,1.038067448314452,1.0329716355545155,0.7512079628812067,2.27544921875,2.08591
27.134,1.0394454139538079,1.0341177560181878,0.752443209915258,2.2803125,2.08928
27.139,1.0412827014729489,1.0353553130064341,0.7536966893778558,2.28478515625,2.0925
27.143,1.0417420233527332,1.036575186764012,0.7548590066977185,2.2892382812500003,2.0956099999999998
27.148,1.0435793108718743,1.0377808808049616,0.7561535091245473,2.29435546875,2.09898
27.154,1.0444979546314448,1.0390207063898051,0.7575346155869731,2.2987109375,2.10261
27.159,1.0458759202707997,1.040242399275205,0.7588063274781174,2.3031640624999996,2.1059799999999997
27.164,1.0467945640303702,1.0414495520268117,0.7601509690834494,2.3072265625,2.10961
27.169,1.048172529669726,1.0426450454283374,0.7614090066531842,2.311328125,2.11325
27.174,1.0490911734292965,1.0438311895043175,0.7626898347586017,2.3153515625,2.11677
27.179,1.0495504953090808,1.0449188328326477,0.7639159655783798,2.31873046875,2.12016
27.184,1.0509284609484366,1.045972992892392,0.7649825626483713,2.32228515625,2.1232699999999998
27.189,1.0518471047080071,1.047045805486464,0.7661676705039175,2.3255078124999997,2.12663
27.193,1.0527657484675776,1.0480880731712732,0.767197802716816,2.3285546874999996,2.1296
27.198,1.0536843922271473,1.049105847698361,0.7682370511439887,2.331875,2.13255
27.203,1.165758930894726,1.061115437965453,0.7727814839592968,2.33486328125,2.13603
27.207,1.0559810016260736,1.0709731213104203,0.7766832236683285,2.3377539062499997,2.13897
27.212,1.056899645385644,1.0680937910507793,0.7773760559531091,2.340546875,2.14204
27.216,1.058277611024999,1.0660124414255963,0.7781144693092585,2.3435351562499998,2.1449599999999998
27.221,1.0587369329047842,1.06452546955531,0.7789212542724577,2.3465234375,2.1482799999999997
27.226,1.06011489854414,1.0635151135417402,0.779728039235656,2.34923828125,2.1516
27.231,1.0610335423037105,1.0629324451073223,0.780484685020352,2.35220703125,2.15448
27.236,1.0619521860632801,1.0626472261858924,0.781364399697738,2.3548828124999996,2.15792
27.241,1.0624115079430654,1.0625550223046416,0.7821483941252545,2.35771484375,2.1609599999999998
27.246,1.0637894735824212,1.062663093982113,0.7830235506955043,2.3602539062499996,2.1644
27.25,1.0647081173419917,1.0629772632367733,0.7838348937658397,2.3627734375,2.16755
27.255,1.065167439221777,1.063365692936944,0.7846143300862192,2.36521484375,2.1704499999999998
27.26,1.0665454048611318,1.0638591720161708,0.785402882620871,2.36765625,2.17348
27.264,1.0665454048611318,1.0643913855389178,0.7862005513697969,2.37,2.17663
27.269,1.067004726740917,1.0648636554211723,0.7869389647259455,2.3722460937500003,2.17952
27.273,1.068842014260058,1.065469865617738,0.7876956105106414,2.3744921875,2.1824
27.278,1.0693013361398434,1.0661834790223277,0.78847504683102,2.37669921875,2.1854299999999998
27.282,1.070219979899413,1.0668922124589026,0.7892499250442624,2.37947265625,2.18832
27.288,1.0706793017791982,1.067597032777739,0.7902663829357506,2.3820117187500003,2.1922099999999998
27.293,1.072057267418554,1.068344217155541,0.7910959584346333,2.3844140625,2.19534
27.298,1.0734352330579098,1.069216375925613,0.7919528825763367,2.3866015625,2.1986
27.302,1.0738945549376941,1.070097744597225,0.7927733418609453,2.38880859375,2.20159
27.307,1.07527252057705,1.0709864984461532,0.7936621727526063,2.39103515625,2.2047
27.312,1.0761911643366204,1.0719266761590829,0.7944826320372149,2.39310546875,2.20769
27.316,1.0766504862164057,1.0728170855433716,0.7952848588932779,2.3951562500000003,2.21056
27.321,1.0775691299759762,1.0736675870165768,0.7960825276422039,2.3974609375,2.21354
27.326,1.078947095615331,1.0745770911575625,0.7970397301409147,2.3995703125,2.21691
27.33,1.0798657393749016,1.075533907982815,0.7978829799612077,2.4015625,2.21989
27.335,1.0798657393749016,1.0763921579477997,0.7986943230315431,2.4037109374999996,2.22274
27.34,1.0812437050142574,1.0772168716302326,0.7995649214946567,2.40591796875,2.22584
27.345,1.082162348773827,1.0781056972214398,0.8004765429220004,2.408046875,2.22907
27.35,1.0826216706536123,1.0789549286927138,0.8013425832779761,2.4100390624999997,2.23232
27.354,1.0835403144131828,1.079772410682724,0.8021265777054927,2.41205078125,2.23517
27.359,1.0844589581727533,1.080609935485421,0.8029515950972383,2.4140625,2.23814
27.363,1.0849182800525385,1.081418030206431,0.8037629381675746,2.4160546875,2.24111
27.368,1.0858369238121082,1.0822025257205707,0.8045514907022264,2.4183203124999997,2.24397
27.373,1.0862962456918934,1.082968097652683,0.8054813445581175,2.42056640625,2.24745
27.378,1.0876742113312492,1.0837639971480508,0.8063656173426406,2.4226953125,2.25066
27.383,1.089052176970605,1.0846752192870028,0.8072179833772077,2.4253125,2.25377
27.39,1.0895114988503902,1.0855879118445975,0.8084258817684375,2.427734375,2.25817
27.394,1.0904301426099599,1.0864562816071994,0.8092189924102264,2.42986328125,2.26116
27.399,1.090889464489745,1.0872891100886324,0.8100531260162462,2.43208984375,2.26427
27.404,1.0922674301291009,1.0881389408383417,0.8109510731221796,2.43412109375,2.26765
27.409,1.0927267520088861,1.0890024052588843,0.8117305094425591,2.43611328125,2.2705
27.413,1.0936453957684567,1.0898313002758007,0.8125145038700738,2.43810546875,2.27348
27.418,1.0945640395280263,1.0906779768839814,0.8133076145118636,2.4402539062499997,2.27646
27.423,1.0954826832875968,1.09153891208156,0.8141463062250196,2.4422460937499997,2.27959
27.427,1.095942005167382,1.0923657789812398,0.8149303006525352,2.4445507812500002,2.28245
27.432,1.0968606489269526,1.093165327410711,0.8158373639727428,2.4467578125,2.28594
27.437,1.0973199708067378,1.0939429698789052,0.8166350327216687,2.44876953125,2.2889399999999998
27.441,1.099157258325878,1.0947940503039848,0.8174099109349102,2.45080078125,2.2918
27.446,1.099157258325878,1.0956585168062711,0.8181802310410156,2.4528906249999998,2.29465
27.45,1.099157258325878,1.096351709711281,0.8189414349328477,2.4552539062500003,2.2976199999999998
27.456,1.100994545845019,1.097089570372378,0.819839382038781,2.457734375,2.30115
27.461,1.1019131896045895,1.0979542526997523,0.8207783521089453,2.4601953125,2.30469
27.466,1.1019131896045895,1.0987386224391102,0.8216261600363746,2.4625,2.30796
27.471,1.1037504771237296,1.0995495954006886,0.8224283868924376,2.4646484375,2.31108
27.475,1.104209799003515,1.1004274026699818,0.8231987069985429,2.46685546875,2.31395
27.48,1.1051284427630854,1.1012677988393031,0.8239872595331956,2.4693359375,2.31697
27.485,1.106047086522655,1.1021236979184823,0.8248806485319928,2.47177734375,2.32035
27.49,1.1069657302822256,1.1029920283724945,0.8257238983522859,2.4742578125,2.32347
27.495,1.1069657302822256,1.1037793234484563,0.8265808224939883,2.4768359374999998,2.32687
27.5,1.1074250521620108,1.1044561365055128,0.8274012817785978,2.4791796875,2.33014
27.505,1.1092623396811518,1.1052263644831788,0.8281396951347464,2.48146484375,2.33312
27.509,1.1088030178013666,1.1059804956538162,0.8288689922766217,2.4837890625,2.33598
27.514,1.1101809834407215,1.1066762173341826,0.8295846150970867,2.48623046875,2.33885
27.518,1.111099627200292,1.1074616076385408,0.830350377096055,2.48865234375,2.34184
27.523,1.1124775928396478,1.108318900849245,0.8311298134164335,2.49189453125,2.34482
27.529,1.1124775928396478,1.1091428473356353,0.8321736199507423,2.49470703125,2.34886
27.534,1.1133962365992183,1.1098945520777088,0.8329439400568477,2.4978320312499998,2.35199
27.539,1.114314880358788,1.1106793318388568,0.8338373290556449,2.50103515625,2.3555
27.545,1.1156928459981437,1.1115361354710516,0.8347671829115351,2.50435546875,2.35914
27.55,1.116152167877929,1.1124051912622874,0.8356696881246064,2.5071093749999998,2.36266
27.555,1.1166114897577142,1.1131930679670523,0.8363853109450705,2.50982421875,2.36553
27.559,1.11798945539707,1.114006853071764,0.8371100499798088,2.51267578125,2.3684
27.563,1.1184487772768543,1.114841413439572,0.8378575795502305,2.51619140625,2.37139
27.569,1.1189080991566396,1.1156016291734236,0.8388056658346681,2.5197265625,2.37519
27.574,1.1202860647959954,1.1163932336745699,0.8396078926907311,2.52337890625,2.37844
27.58,1.1212047085555659,1.1172555098859018,0.8404967235823912,2.52677734375,2.38194
27.585,1.1221233523151364,1.118128953994117,0.841326299081274,2.53048828125,2.3851999999999998
27.59,1.123041996074706,1.1190113533445107,0.84216499079443,2.534140625,2.38846
27.595,1.123041996074706,1.1198099298976922,0.8429854500790395,2.53765625,2.39171
27.599,1.1239606398342765,1.1205412911589547,0.8437329796494613,2.5413085937499997,2.39484
27.604,1.124879283593847,1.1213097580189968,0.8444531605770624,2.5448046875,2.39772
27.608,1.1257979273534175,1.1221079788807753,0.8451687833975283,2.5487109375,2.4006
27.613,1.1267165711129872,1.1229300586923738,0.8459755683607266,2.55244140625,2.40372
27.618,1.1276352148725577,1.1237712703670262,0.8467185398240122,2.5562109375,2.40672
27.622,1.128094536752343,1.1245823214934885,0.8474569531801599,2.5599609374999996,2.40959
27.626,1.1290131805119135,1.1253691876712442,0.8481862503220352,2.56373046875,2.41246
27.631,1.1290131805119135,1.1260911586910818,0.8489018731425002,2.56751953125,2.41533
27.635,1.1303911461512683,1.1268065938790577,0.8496220540701014,2.57142578125,2.41821
27.64,1.1308504680310536,1.1275622900406657,0.8503923741762076,2.5751367187499996,2.42137
27.644,1.1313097899108389,1.1282592666460458,0.8511034388895347,2.57884765625,2.42426
27.649,1.1326877555501946,1.1290001613567497,0.851878317102778,2.5830859375,2.42739
27.654,1.1331470774299799,1.129776272838643,0.8527261250302072,2.5876953124999997,2.4308
27.66,1.1336063993097651,1.1304896199513104,0.8535921653861838,2.59177734375,2.43434
27.665,1.13498436494912,1.13124364174036,0.8544217408850665,2.59544921875,2.43774
27.67,1.1354436868289053,1.132030279480412,0.8551920609911727,2.59958984375,2.4409
27.676,1.1363623305884758,1.1327975692070247,0.8561082405256526,2.603515625,2.44471
27.68,1.1372809743480463,1.1335948461565295,0.8568648863103485,2.60732421875,2.44787
27.686,1.1386589399874012,1.134461670954702,0.8577400428805984,2.6110546875,2.45142
27.691,1.1386589399874012,1.1352932605698762,0.8585422697366605,2.61478515625,2.45459
27.696,1.1391182618671865,1.1360055922505363,0.8593444965927226,2.61830078125,2.45801
27.701,1.140036905626757,1.1367132979064725,0.8601011423774185,2.6216796875,2.46131
27.705,1.1409555493863275,1.137462795960051,0.8608122070907465,2.62498046875,2.46435
27.71,1.1414148712661127,1.138200304350904,0.8615415042326218,2.6286328125,2.46739
27.715,1.1423335150256833,1.1389281985472066,0.8623482891958201,2.632421875,2.47095
27.721,1.1437114806650381,1.1397393871441814,0.8632143295517976,2.6357617187499995,2.4745
27.726,1.1441708025448234,1.1405718654408668,0.8639892077650391,2.63908203125,2.47766
27.731,1.1446301244246087,1.1413304116167582,0.8647732021925556,2.64263671875,2.48109
27.736,1.1460080900639644,1.1421206773433779,0.865584545262891,2.6458984374999996,2.48452
27.741,1.1473860557033193,1.1430273819116497,0.8664004464403634,2.64953125,2.48782
27.746,1.1478453775831046,1.1439364519483772,0.8673075097605709,2.65283203125,2.49138
27.751,1.1492233432224603,1.144847418791917,0.8681234109380433,2.6559375,2.49467
27.756,1.1492233432224603,1.1457144047499002,0.8688754986156022,2.65900390625,2.49771
27.761,1.1496826651022456,1.1464551198249815,0.8696184700788869,2.6621875,2.50087
27.766,1.1506013088618152,1.1471855853768542,0.8703887901849932,2.66548828125,2.50417
27.771,1.1515199526213857,1.1479533339911432,0.8711864589339182,2.6688671875,2.50747
27.776,1.1524385963809562,1.1487509789105816,0.872016034432801,2.6719140625,2.5109
27.781,1.1533572401405268,1.149572596889197,0.8727954707531795,2.67544921875,2.5141999999999998
27.786,1.1542758839000973,1.1504134382321518,0.8736934178591138,2.678515625,2.51776
27.791,1.1542758839000973,1.151178690514437,0.8744090406795788,2.6814257812499998,2.52079
27.795,1.155194527659667,1.151883329921135,0.8751109891786326,2.684296875,2.52383
27.8,1.1556538495394522,1.152584867345312,0.8758083795705511,2.68734375,2.5268699999999997
27.805,1.157031815178808,1.1533294192564079,0.8765650253552462,2.69068359375,2.53004
27.81,1.1574911370585932,1.1541084633509093,0.8773626941041721,2.6941015625,2.53348
27.815,1.1584097808181637,1.1548696639332867,0.8782059439244652,2.697265625,2.53705
27.82,1.1593284245777333,1.1556620581585098,0.8790081707805282,2.700859375,2.54048
27.826,1.1602470683373038,1.1564794657438167,0.8798742111365039,2.7039453124999997,2.54403
27.831,1.160706390217089,1.1572714289983943,0.8806126244926533,2.7073437499999997,2.5472
27.836,1.1620843558564449,1.158088490999699,0.8814239675629887,2.71037109375,2.55049
27.841,1.1620843558564449,1.158880177139573,0.8821714971334096,2.713515625,2.55366
27.845,1.1634623214957998,1.1596515150449511,0.882909910489559,2.71666015625,2.55682
27.85,1.1643809652553703,1.1604975400072666,0.8837030211313479,2.7196484374999996,2.56012
27.855,1.1648402871351555,1.161312450782251,0.8844277601660862,2.722734375,2.56301
27.859,1.165758930894726,1.1621024119104348,0.8851707316293718,2.7256640625,2.56616
27.864,1.1662182527745113,1.1628723665744019,0.8858863544498368,2.72921875,2.56905
27.869,1.167136896534081,1.163626278581987,0.886734162377266,2.7326953125,2.57259
27.874,1.1685148621734367,1.1644583301761253,0.8875546216618755,2.73626953125,2.57601
27.88,1.168974184053222,1.165307537960388,0.8883978714821685,2.739375,2.57943
27.884,1.1694335059330072,1.1660794990714591,0.8891590753740006,2.7428125,2.58257
27.889,1.1703521496925777,1.166835019996097,0.889888372515875,2.7459374999999997,2.58558
27.894,1.1703521496925777,1.1675318560835692,0.8905720885863824,2.7493945312499997,2.58845
27.898,1.1717301153319326,1.1682271362317171,0.891319618156805,2.7532421874999997,2.59172
27.904,1.1721894372117179,1.1689666705980768,0.8921674260842343,2.7568359374999996,2.59525
27.909,1.1726487590915031,1.1696506874857946,0.8929468624046137,2.7609765625,2.59865
27.915,1.1735674028510736,1.1703356882555116,0.8937627635820862,2.7649804687499997,2.60217
27.92,1.1749453684904285,1.1711124817441716,0.8945194093667812,2.7687109375,2.60542
27.925,1.1754046903702138,1.1719173795099889,0.8952942875800236,2.7728125,2.60867
27.93,1.175864012249999,1.1726538095850672,0.8960646076861298,2.77646484375,2.61203
27.934,1.1772419778893548,1.1734263409933186,0.8967756723994569,2.78025390625,2.61502
27.939,1.17770129976914,1.1742278211091841,0.8975095276484693,2.7845703124999996,2.61812
27.944,1.1786199435287106,1.1750070125457879,0.8983527774687614,2.7888281249999998,2.62162
27.949,1.1795385872882802,1.175813833162863,0.8991185394677306,2.79287109375,2.62472
27.954,1.1799979091680655,1.1765973070066365,0.8998751852524256,2.797734375,2.6279399999999997
27.96,1.1818351966872065,1.1774530634581066,0.900736667501266,2.80173828125,2.63142
27.964,1.1818351966872065,1.178321279542718,0.901493313285961,2.80681640625,2.63451
27.97,1.1818351966872065,1.1790174791389734,0.9023000982491611,2.8113671874999997,2.6379799999999998
27.975,1.1836724842063466,1.1797577507865382,0.9030704183552656,2.81607421875,2.64119
27.979,1.1845911279659171,1.1806243664204188,0.9038225060328244,2.8210742187499998,2.64428
27.985,1.1855097717254877,1.1815012901972095,0.9046611977459804,2.8266796875,2.64763
27.99,1.185969093605273,1.1823409779171778,0.9055272381019579,2.8316015625,2.65109
27.995,1.1864284154850582,1.1831053051395943,0.9062702095652426,2.83685546875,2.65417
28.0,1.1868877373648425,1.1838092027651637,0.9070040648142541,2.84197265625,2.65725
28.004,1.187806381124413,1.1845101453746032,0.9076923389918994,2.8474609374999997,2.6602
28.009,1.1891843467637688,1.1852997222043864,0.9084444266694573,2.8537109375,2.66341
28.015,1.1891843467637688,1.186069368709594,0.909269444061203,2.85953125,2.6669
28.019,1.1901029905233393,1.186777531727843,0.909985066881668,2.8649999999999998,2.66999
28.024,1.191021634282909,1.1875273965282065,0.9106596667379021,2.8715820312499996,2.6728199999999998
28.029,1.1919402780424795,1.1883107008885891,0.9114846841296487,2.87716796875,2.67629
28.034,1.191021634282909,1.1889388120110498,0.9121547258787466,2.87986328125,2.67913
28.038,1.1905623124031246,1.1893059721113197,0.9127290473779732,2.880546875,2.68126
28.043,1.189643668643554,1.1894638824643073,0.913307926984336,2.879296875,2.68313
28.048,1.1891843467637688,1.1894540009597647,0.9138002025551017,2.87697265625,2.68433
28.053,1.187806381124413,1.1892640697019048,0.9141602930189023,2.8734570312499996,2.68492
28.058,1.1873470592446278,1.1889297612921041,0.9145021510541564,2.86912109375,2.68492
28.063,1.1868877373648425,1.1885706844191466,0.9147984280180435,2.8645507812499997,2.68422
28.068,1.185969093605273,1.1881462444834119,0.9150035428391954,2.859921875,2.68303
28.072,1.1850504498457024,1.1876238897453426,0.9151448441604337,2.8553515625,2.68133
28.077,1.1845911279659171,1.187068521592793,0.9152360063031679,2.8505078125,2.67917
28.081,1.1836724842063466,1.1864866808532462,0.9152861454816721,2.8454882812499998,2.6764
28.086,1.182753840446777,1.1858381105589273,0.9152861454816721,2.84056640625,2.67322
28.091,1.1818351966872065,1.1851360315933066,0.9152314481960317,2.835078125,2.67014
28.096,1.1818351966872065,1.1844820492042976,0.9151402860532976,2.83021484375,2.66671
28.101,1.1804572310478507,1.1838211323075303,0.915030891482016,2.8249804687499998,2.66359
28.106,1.1804572310478507,1.1831546548117515,0.9148713577322312,2.81947265625,2.6603
28.111,1.179079265408495,1.1824837184181765,0.9146662429110783,2.814921875,2.65665
28.116,1.179079265408495,1.1818092065519734,0.9144748024113358,2.81037109375,2.65362
28.121,1.1767826560095695,1.1810408238386045,0.9142058740902694,2.8060546875,2.65047
28.125,1.1767826560095695,1.1801971685668768,0.9139141552335204,2.8019921875000002,2.64756
28.13,1.1754046903702138,1.1793841579843212,0.9136042039482231,2.79705078125,2.64452
28.135,1.1744860466106442,1.178504716800468,0.9131620675559615,2.79271484375,2.6409599999999998
28.14,1.1735674028510736,1.1776175085531744,0.9127427216993835,2.78830078125,2.63766
28.145,1.1735674028510736,1.176815075872308,0.912296027199984,2.78421875,2.63423
28.15,1.1726487590915031,1.1760806224838838,0.9119040299862267,2.7803125,2.63132
28.155,1.1717301153319326,1.1753096761285646,0.9114664517011013,2.7760742187500003,2.62816
28.16,1.170811471572362,1.174509467024871,0.91095594370179,2.7717773437499997,2.62471
28.165,1.1703521496925777,1.17373129477943,0.9104180870596563,2.7680859375,2.62113
28.17,1.168974184053222,1.1729252914248876,0.9099303695960277,2.7644726562499997,2.61809
28.174,1.1680555402936514,1.1720514691525015,0.9094153034895784,2.76080078125,2.61504
28.179,1.167136896534081,1.1711687665622257,0.908845540097488,2.75740234375,2.61186
28.184,1.167136896534081,1.1703699468489746,0.9083122415624922,2.753984375,2.60883
28.188,1.167136896534081,1.1697293943739588,0.9078245240988636,2.7507421874999998,2.60592
28.192,1.1662182527745113,1.169124748456224,0.9073413647423711,2.74751953125,2.60299
28.197,1.165758930894726,1.1685033931754996,0.9068445310644693,2.7442578125,2.60006
28.202,1.1652996090149408,1.1679141409819214,0.9063157906366097,2.7408984375,2.59686
28.206,1.1643809652553703,1.1673051295228938,0.9058098407444337,2.73783203125,2.59392
28.21,1.1630029996160145,1.1665892698597635,0.905276542209438,2.7347460937499997,2.59099
28.215,1.1625436777362301,1.1658332333227164,0.9047158950316216,2.7316992187499998,2.58807
28.219,1.1611657120968744,1.165044980009344,0.9041187829967114,2.7277929687499998,2.585
28.225,1.1611657120968744,1.164276394797065,0.9033803696405629,2.7244921875,2.58124
28.23,1.1602470683373038,1.1635690828016447,0.9027467927485588,2.7206640625,2.5779
28.236,1.1593284245777333,1.1628199004140587,0.9020129374995474,2.71703125,2.57414
28.241,1.1584097808181637,1.1620371432624972,0.9012973146790824,2.713671875,2.57052
28.246,1.1565724932990227,1.1611364596226745,0.9005953661800277,2.71037109375,2.56716
28.251,1.157031815178808,1.1602777194947367,0.899893417680973,2.70703125,2.56381
28.256,1.1556538495394522,1.159498114648499,0.8991960272890545,2.70365234375,2.56045
28.261,1.155194527659667,1.1586909625291342,0.8984895206828636,2.70068359375,2.55694
28.266,1.1542758839000973,1.157907222862411,0.8978513856837234,2.69724609375,2.55398
28.271,1.1533572401405268,1.1570967551394726,0.8971038561133007,2.69396484375,2.55048
28.276,1.1524385963809562,1.1562648548926782,0.8963700008642892,2.6908203124999996,2.54697
28.281,1.1515199526213857,1.1554157684698616,0.8956634942580974,2.687421875,2.54387
28.286,1.1515199526213857,1.1546439046753356,0.894893174151993,2.684375,2.54023
28.291,1.1501419869820309,1.1538884617862704,0.8942413648314416,2.681484375,2.53713
28.295,1.1496826651022456,1.1531006845035692,0.8935804392966178,2.6785546875,2.53416
28.3,1.148764021342675,1.152332481007739,0.892914955654657,2.6755664062499998,2.53106
28.304,1.1483046994628898,1.1515799732157304,0.8922494720126952,2.67255859375,2.5281
28.309,1.1473860557033193,1.1508400513949526,0.8915748721564611,2.66962890625,2.52501
28.313,1.1464674119437488,1.1500647200478504,0.8908911560859538,2.6661328125,2.52192
28.318,1.1460080900639644,1.1493064966197626,0.8900889292298908,2.6630859375,2.51843
28.323,1.145089446304394,1.1485619915810499,0.8894097712665197,2.66013671875,2.51533
28.328,1.1446301244246087,1.1478284869572262,0.8887397295174226,2.6571484375,2.51222
28.332,1.1437114806650381,1.147103803276184,0.8880696877683247,2.6542578125,2.50926
28.336,1.1427928369054676,1.1463406909917317,0.8874042041263639,2.6512890625,2.50629
28.341,1.141874193145898,1.1455467638229981,0.8867068137344454,2.6483398437499996,2.50332
28.345,1.1409555493863275,1.1447281270106913,0.8860048652353916,2.6453320312499997,2.50024
28.35,1.1409555493863275,1.1439806799563281,0.8853211491648834,2.64232421875,2.4973
28.354,1.1395775837469717,1.1432448162076918,0.884632874987239,2.63916015625,2.49435
28.359,1.1381996181076168,1.1423817351517904,0.8838807873096792,2.63595703125,2.49125
28.364,1.1381996181076168,1.1415531475448761,0.8830967928821645,2.6324609375,2.48802
28.368,1.1372809743480463,1.1407977212105722,0.882321914668923,2.62857421875,2.4847799999999998
28.374,1.1363623305884758,1.1400099572026978,0.8814558743129455,2.6250390625,2.48102
28.379,1.1354436868289053,1.1391962624666525,0.8806536474568825,2.6214843749999996,2.47766
28.384,1.1340657211895504,1.138316272678147,0.8797648165652232,2.61712890625,2.47404
28.39,1.13498436494912,1.1375651301740881,0.8788851018878363,2.6133203125,2.47027
28.395,1.1331470774299799,1.1368718050266842,0.8781102236745939,2.60990234375,2.46676
28.4,1.1322284336704094,1.1360428345539986,0.8773900427469918,2.606484375,2.46381
28.404,1.1322284336704094,1.135287101209723,0.8766972104622113,2.60287109375,2.46073
28.409,1.1313097899108389,1.1345900947885417,0.8759770295346101,2.5993749999999998,2.45762
28.413,1.1308504680310536,1.1338946780542818,0.8752887553569657,2.59484375,2.45452
28.419,1.1294725023916987,1.1331550341631185,0.8743862501438944,2.5905078125,2.45061
28.425,1.128094536752343,1.1322889219105514,0.873492861145098,2.5861328125,2.44683
28.43,1.1276352148725577,1.1314124017819693,0.8726769599676247,2.58150390625,2.44331
28.435,1.126257249233202,1.1305275358519125,0.8717835709688284,2.5771679687499995,2.43965
28.44,1.126257249233202,1.129681479528557,0.8709904603270395,2.5725390624999998,2.43626
28.446,1.1244199617140618,1.1288210417210323,0.8701472105067465,2.5683984375,2.43262
28.45,1.1239606398342765,1.1279035698954296,0.8693632160792308,2.56396484375,2.42938
28.455,1.1235013179544913,1.1270768696487194,0.8685473149017575,2.55986328125,2.42599
28.46,1.123041996074706,1.1263229567388215,0.8678271339741563,2.55572265625,2.42288
28.465,1.1221233523151364,1.125581908191041,0.8670704881894613,2.55177734375,2.41963
28.47,1.1207453866757806,1.1247601714663014,0.8663184005119025,2.5478125,2.41638
28.474,1.1202860647959954,1.123919234903959,0.8655936614771642,2.54396484375,2.4133999999999998
28.479,1.1193674210364248,1.1231084043828072,0.8648415737996062,2.5397656250000002,2.41014
28.484,1.1184487772768543,1.122276213217687,0.8639345104793987,2.5354687499999997,2.4065
28.49,1.11798945539707,1.1214723954000811,0.8630821444448324,2.53142578125,2.40284
28.495,1.1166114897577142,1.1206458275371134,0.8622388946245394,2.52775390625,2.39931
28.5,1.116152167877929,1.1198010170123516,0.8614321096613393,2.52408203125,2.39592
28.505,1.114314880358788,1.1188960762929367,0.8605888598410472,2.5206640625,2.39252
28.51,1.114314880358788,1.117988420640121,0.8598003073063945,2.51703125,2.38926
28.515,1.1133962365992183,1.1171695917236615,0.8589251507361446,2.5136914062499995,2.3856
28.52,1.112936914719433,1.1163764887410923,0.8581502725229031,2.510234375,2.38236
28.525,1.111099627200292,1.1155130109369997,0.8572842321669265,2.5072265625,2.37883
28.53,1.1106403053205067,1.1145931014182693,0.8565230282750944,2.50439453125,2.3757099999999998
28.534,1.109721661560937,1.1137189445647366,0.8557663824903994,2.5015625,2.37272
28.538,1.109721661560937,1.1129269774525554,0.8550279691342499,2.4988085937499998,2.36959
28.543,1.1083436959215813,1.112155414242889,0.8542941138852385,2.496015625,2.36659
28.548,1.107884374041796,1.111354710499952,0.8534918870291763,2.4932226562499995,2.36333
28.552,1.1069657302822256,1.1105761416163378,0.8527443574587537,2.4902734375,2.36019
28.558,1.1065064084024403,1.1098153220930467,0.8519011076384606,2.4873828125,2.35667
28.563,1.1055877646428707,1.109068735314011,0.8510760902467149,2.4848046874999996,2.35312
28.567,1.1046691208833002,1.1082880595125382,0.8503422349977035,2.48208984375,2.35012
28.572,1.1037504771237296,1.1074800486223952,0.849521775713094,2.4793164062499997,2.34669
28.577,1.1028318333641591,1.106650118445069,0.8486694096785268,2.47666015625,2.34315
28.582,1.1023725114843739,1.1058481136539866,0.8478899733581491,2.4739843749999997,2.33987
28.587,1.1014538677248042,1.1050685014941541,0.8470376073235819,2.471171875,2.33631
28.593,1.1005352239652337,1.1042613435102104,0.8461761250747424,2.46814453125,2.33276
28.598,1.0996165802056632,1.1034320972558869,0.845237155004579,2.46546875,2.32878
28.604,1.097779292686523,1.1024941352297883,0.8443300916843715,2.462890625,2.32508
28.609,1.0968606489269526,1.1014689968915274,0.8434731675426681,2.46017578125,2.32164
28.614,1.095942005167382,1.1004649579359893,0.8424931745082738,2.4578515625,2.3178
28.619,1.095942005167382,1.0995688417892766,0.8417228544021675,2.455625,2.31465
28.623,1.094104717648241,1.0986682623287374,0.840947976188926,2.4533398437500002,2.31162
28.628,1.094104717648241,1.097764103854472,0.8401275169043165,2.451171875,2.30832
28.633,1.0927267520088861,1.0969025773483745,0.839352638691075,2.44884765625,2.30516
28.637,1.0922674301291009,1.0960297344090284,0.838509388870782,2.4466015625,2.30185
28.642,1.0913487863695304,1.0951933190050558,0.8377026039075819,2.444140625,2.29855
28.647,1.0899708207301746,1.0942951101117468,0.836827447337332,2.44142578125,2.29512
28.653,1.0895114988503902,1.0933928525328669,0.835820105660118,2.4388671875,2.29115
28.658,1.089052176970605,1.0925783521896293,0.8349130423399105,2.4363867187499997,2.28744
28.664,1.0876742113312492,1.0917432182908975,0.8340287695553874,2.4337109375,2.28389
28.669,1.0858369238121082,1.0907550332329685,0.8330077535567622,2.431171875,2.27992
28.675,1.0849182800525385,1.0896896223691204,0.8319776213438637,2.428515625,2.27594
28.681,1.083999636292968,1.0886532899367036,0.8310067445237417,2.4258984375,2.27224
28.686,1.0830809925333975,1.0876402747320844,0.8299994028465276,2.42341796875,2.26827
28.692,1.082162348773827,1.086645956997906,0.8290695489906366,2.42078125,2.26472
28.697,1.0812437050142574,1.0856666322724988,0.8280622073134225,2.41826171875,2.26089
28.703,1.0798657393749016,1.0846538281607332,0.8271095629218479,2.4155859375,2.2572
28.708,1.078947095615331,1.083614177811402,0.8260703144946753,2.4130078125,2.25323
28.714,1.0775691299759762,1.082553000171704,0.8250447403889138,2.410390625,2.2494
28.72,1.077109808096191,1.0815200622501662,0.8240237243902895,2.4076562499999996,2.24557
28.725,1.0757318424568352,1.0805097690143577,0.8229753597488445,2.40525390625,2.24145
28.73,1.0738945549376941,1.0793811283003838,0.8220455058929534,2.4026171874999998,2.23802
28.736,1.0734352330579098,1.0782485916326365,0.8209561182872775,2.39998046875,2.2341699999999998
28.742,1.072057267418554,1.077158432787186,0.8199715671457461,2.39740234375,2.2304399999999998
28.747,1.0715979455387687,1.07610225560056,0.818955109254258,2.3947460937500002,2.22671
28.752,1.0706793017791982,1.0751188292955014,0.8179933486484101,2.3918359375,2.22298
28.758,1.0697606580196277,1.07414823812006,0.8169176353641445,2.3890039062499997,2.21883
28.764,1.0674640486207023,1.0730514334419394,0.8158328058656057,2.38607421875,2.2148
28.77,1.067004726740917,1.0718989233673493,0.8147889993312969,2.3835546874999998,2.21106
28.774,1.0656267611015613,1.0707927483733541,0.8138545873682697,2.381015625,2.20758
28.779,1.0647081173419917,1.0696782263743698,0.8129247335123795,2.3784765624999995,2.20423
28.784,1.063330151702636,1.0685570111320715,0.8119720891208049,2.3757617187499998,2.20089
28.789,1.063330151702636,1.0675214325242592,0.8110057704078208,2.3729296875,2.19726
28.794,1.0619521860632801,1.066554523676672,0.8100212192662894,2.3700390625,2.19364
28.8,1.0605742204239252,1.0655061736451583,0.808995645160528,2.3670703125,2.18987
28.805,1.0587369329047842,1.0643470161897022,0.807942722411946,2.36447265625,2.18622
28.81,1.0587369329047842,1.0632355108361837,0.8070402171988746,2.36166015625,2.1829899999999998
28.815,1.0573589672654293,1.062207718332278,0.8060784565930277,2.3587109375,2.17948
28.82,1.0559810016260736,1.0611105473013625,0.8050665568086757,2.3553710937499996,2.17597
28.825,1.055062357866503,1.0600032453430706,0.8039270300244956,2.352265625,2.17204
28.83,1.0536843922271473,1.0588878196611178,0.8028877815973248,2.34927734375,2.16837
28.835,1.053225070347363,1.0578113816642127,0.8019442534200243,2.3464648437499998,2.16498
28.84,1.0513877828282219,1.056720704979471,0.8010326319926806,2.3435742187499997,2.16186
28.844,1.0509284609484366,1.0556186106662158,0.8001073362439257,2.340390625,2.1586
28.849,1.050009817188866,1.0545983646274677,0.7991319013166684,2.3371874999999998,2.1550599999999998
28.854,1.048172529669726,1.0535072449080736,0.7981108853180432,2.3337695312499998,2.15153
28.859,1.0477132077899407,1.052404795337007,0.7970534044623241,2.3300195312499996,2.14798
28.864,1.0454165983910144,1.0512477587715359,0.7959503425352379,2.32634765625,2.14431
28.869,1.0444979546314448,1.0500014484489528,0.794824490072469,2.32193359375,2.14064
28.875,1.043119988992089,1.0487745556232662,0.7934980808956835,2.3179296875,2.1364199999999998
28.881,1.0426606671123038,1.047608735061538,0.7923813446471879,2.3137499999999998,2.13264
28.886,1.0408233795931636,1.0464463848537582,0.7912463759701449,2.30947265625,2.12901
28.892,1.0403640577133784,1.045286817431348,0.7900840586502813,2.3046484375,2.12512
28.897,1.0389860920740226,1.044174983336134,0.7888624859376412,2.3005859374999997,2.12111
28.902,1.0376081264346668,1.0430104215680798,0.7878277956176056,2.2963671875,2.11781
28.907,1.036230160795312,1.0418035788688222,0.7867611985476133,2.2907812499999998,2.1144
28.913,1.0348521951559562,1.040562832205155,0.7853983245137348,2.28603515625,2.11018
28.918,1.034392873276171,1.0393859026158705,0.7843180531223322,2.28029296875,2.10681
28.924,1.0325555857570308,1.038214644371674,0.7830281088026414,2.27494140625,2.10278
28.93,1.031177620117675,1.0369569300597359,0.7818566752685037,2.2688085937499998,2.09915
28.936,1.029340332598534,1.0356298889056417,0.7805439404131294,2.2626953125,2.09527
28.941,1.0284216888389643,1.034292758268893,0.7792859028433945,2.2560546875,2.09136
28.947,1.0275030450793938,1.0330385409118121,0.7780005166308399,2.24921875,2.08748
28.953,1.0256657575602528,1.0317598057586037,0.7767515952753792,2.2430078125,2.0837499999999998
28.958,1.024287791920898,1.030415908545903,0.7755710455269691,2.23666015625,2.08027
28.963,1.0233691481613274,1.0291107633649514,0.774390495778559,2.2302929687499997,2.07666
28.969,1.0215318606421864,1.0277911905319934,0.7731461325302345,2.22427734375,2.07305
28.974,1.021072538762402,1.0265055504300837,0.7719701408889614,2.21859375,2.06958
28.979,1.019235251243261,1.0252471200908988,0.770862520854739,2.2130078125,2.06625
28.984,1.0178572856039052,1.023919504773426,0.7697184359634219,2.20744140625,2.06304
28.989,1.0169386418443356,1.0226274156151454,0.7685150956793283,2.2021289062499996,2.0596
28.994,1.016019998084765,1.0214093158325714,0.7673846851094215,2.19685546875,2.05629
28.999,1.014182710565624,1.020159542410475,0.7662223677895588,2.1917187499999997,2.05298
29.004,1.0128047449262692,1.0188388688466612,0.7650372599340116,2.1872265625000002,2.04967
29.009,1.0118861011666986,1.0175523460976883,0.7639478723283366,2.1823046875,2.04664
29.014,1.0100488136475576,1.0162477061021364,0.7627126252942853,2.17783203125,2.0432
29.018,1.009130169887987,1.0149285383640363,0.7615913309386526,2.1726562499999997,2.04003
29.024,1.007292882368847,1.013597721212068,0.7602011082619535,2.1679492187499996,2.03636
29.029,1.0059149167294912,1.012212060817192,0.7588974896208516,2.1632226562500003,2.03282
29.035,1.004077629210351,1.0107824230712326,0.7574981507298792,2.15845703125,2.02913
29.04,1.00224034169121,1.0092720191615212,0.7561261604817267,2.1537499999999996,2.02559
29.046,1.0008623760518551,1.0077423528786533,0.7546538918765666,2.1490625,2.02177
29.052,0.9994844104124994,1.0062427424913636,0.7531633908428601,2.1442578125000002,2.01794
29.058,0.9985657666529288,1.0048127350195584,0.7516364249520588,2.1395898437499996,2.01399
29.064,0.9971878010135731,1.0034385402912824,0.7502188536325392,2.1353515625,2.01015
29.069,0.9958098353742182,1.0020635984461386,0.7489015606700278,2.13138671875,2.00659
29.074,0.9930539040955066,1.0005515518528216,0.7475797096003793,2.1278320312499996,2.00314
29.079,0.992135260335937,0.9989750664603148,0.7463581368877383,2.1238867187499997,2.0000999999999998
29.085,0.9893793290572255,0.9973469092930337,0.7448813101754421,2.1200585937499996,1.99651
29.09,0.9889200071774402,0.9957228197763294,0.7434819712844689,2.1160546875,1.99305
29.095,0.9875420415380853,0.9942384976562659,0.7420233770007192,2.11240234375,1.98933
29.1,0.985245432139159,0.9926842437881773,0.7406468286454295,2.1087890624999996,1.9858799999999999
29.105,0.9838674664998042,0.9910739134944114,0.7392292573259107,2.1053125,1.98255
29.111,0.9815708571008779,0.9894186169927994,0.737811686006391,2.1017773437500002,1.97909
29.116,0.980192891461523,0.9877272632742083,0.7363849984725981,2.0979101562499998,1.97576
29.121,0.9778962820625967,0.9860069962236162,0.7346939407248749,2.0940234374999998,1.97176
29.127,0.9760589945434566,0.9842180424491597,0.7330621383699301,2.09046875,1.96816
29.132,0.9742217070243155,0.9824195124860364,0.7314668008720782,2.0869140625,1.96456
29.138,0.9728437413849598,0.9806588055145526,0.7298942539099098,2.08310546875,1.96095
29.143,0.9700878101062491,0.9788374240333345,0.7281667313050937,2.07962890625,1.95706
29.149,0.9687098444668933,0.9769673892618485,0.7265759519143797,2.07578125,1.95356
29.155,0.9668725569477532,0.9751493444690609,0.7247800577025121,2.0721679687499996,1.94964
29.16,0.9645759475488269,0.9732819853000882,0.7230844418476527,2.06869140625,1.94587
29.165,0.963197981909472,0.9714205841174911,0.7214480813855708,2.0652929687499997,1.94238
29.171,0.961360694390331,0.9696094623720939,0.7198436276734457,2.06171875,1.93887
29.176,0.9590640849914056,0.9677476546123652,0.7181206631757657,2.05828125,1.93509
29.181,0.9567674755924793,0.9657997011886345,0.7164068148923599,2.05466796875,1.93156
29.187,0.9544708661935539,0.9637826698273253,0.714601804466219,2.05125,1.92777
29.192,0.9521742567946285,0.9617102466884337,0.7128287007900358,2.0474609375,1.9242599999999999
29.198,0.9498776473957022,0.9595934063429593,0.7108231336498791,2.04369140625,1.9202
29.204,0.9480403598765621,0.9574864508950988,0.7088494732596793,2.03998046875,1.91629
29.209,0.9457437504776358,0.9553874218861164,0.7070262304049919,2.0365039062499997,1.91265
29.215,0.9434471410787104,0.9532492469946188,0.7051619645860745,2.0326953125,1.909
29.22,0.9416098535595694,0.9511251839365781,0.7031974204101488,2.0293554687499995,1.9052099999999998
29.225,0.9388539222808587,0.9489669349009175,0.7014197586268285,2.02587890625,1.9018199999999998
29.23,0.9360979910021481,0.9466902692608833,0.6995646090221843,2.0223828125,1.89844
29.236,0.934260703483007,0.9444096522365912,0.6976365297033524,2.0187109375,1.89494
29.241,0.932423415963866,0.9422168704713002,0.695635520670332,2.01484375,1.89131
29.247,0.9287488409255849,0.9399125139454917,0.6934932103160749,2.01111328125,1.88741
29.252,0.9259929096468742,0.9374276847898997,0.6913326675332705,2.00732421875,1.88376
29.258,0.9236963002479488,0.9349346450437206,0.6891857990718755,2.0032421874999997,1.87996
29.263,0.9209403689692373,0.9324350214413413,0.6868292576821915,1.9992578124999998,1.87604
29.269,0.9186437595703119,0.9299301184181937,0.6845912270780623,1.9954101562499997,1.8722699999999999
29.275,0.9163471501713856,0.9274664838516212,0.6823668707953443,1.99107421875,1.86851
29.281,0.9135912188926749,0.9249904394877895,0.6799693064414303,1.986796875,1.86448
29.286,0.910375965734179,0.9224134402647002,0.6776309974802928,1.9828710937499998,1.86073
29.291,0.9076200344554683,0.919755488000656,0.6754339898403945,1.97912109375,1.8571
29.296,0.9053234250565421,0.9171236253965004,0.6733053538075469,1.975,1.85372
29.302,0.9025674937778314,0.9145126834030117,0.6710263002391876,1.97125,1.8502399999999999
29.307,0.8998115624991208,0.9118730152109012,0.6689432452777071,1.9676953124999998,1.84704
29.311,0.8975149531001945,0.9092558141221492,0.666924003816141,1.9638671875,1.84396
29.316,0.8956776655810543,0.9067476325813536,0.6648136002118399,1.96021484375,1.8407499999999999
29.32,0.8924624124225575,0.904235867172936,0.6628125911788203,1.9564648437499998,1.8378
29.325,0.8897064811438469,0.9016302241856279,0.6606474902888788,1.9523242187499998,1.83459
29.33,0.8874098717449215,0.8990403070118664,0.6584140177918867,1.94833984375,1.83137
29.335,0.8846539404662099,0.8964629999535312,0.6562124520448513,1.9440234374999998,1.82816
29.34,0.8818980091874993,0.8938503027294653,0.6537875390481176,1.93943359375,1.82472
29.345,0.8786827560290034,0.8911637251792656,0.6513033706586056,1.9350390625,1.82126
29.35,0.8759268247502918,0.8884179049426684,0.6489787360188792,1.9303320312499999,1.81809
29.355,0.8727115715917959,0.8856245795572011,0.646362382522403,1.9253125,1.81452
29.361,0.8699556403130853,0.8827931610448618,0.6437232384902423,1.920859375,1.81093
29.366,0.8671997090343746,0.8799766985429842,0.6413074417077818,1.9158984374999999,1.80775
29.371,0.8630658121163082,0.8770357232168805,0.6384677409616053,1.91072265625,1.80404
29.377,0.859391237078027,0.8739039005686902,0.6354821807870552,1.906328125,1.80024
29.382,0.8566353057993155,0.8707555481375817,0.6327974556835283,1.9019140625,1.79696
29.387,0.852501408881249,0.8675484390242478,0.629962313044488,1.89732421875,1.79342
29.393,0.8488268338429679,0.8642032107060824,0.6269721947628009,1.8932226562499999,1.7897399999999999
29.398,0.845611580684472,0.8608382320076178,0.6240960291595314,1.8889062499999998,1.78633
29.404,0.842396327525976,0.8575029178846652,0.621092236556434,1.8849414062499998,1.78276
29.409,0.8391810743674801,0.8541913910030001,0.6181613736675233,1.8807812499999998,1.77934
29.414,0.8359658212089833,0.8508989384832065,0.6150664189216917,1.8768554687499999,1.77568
29.42,0.8327505680504874,0.8476217811914892,0.6120398357829107,1.8733984375,1.77215
29.425,0.828616671132421,0.8442658849701599,0.6093004133937425,1.8700781249999998,1.76902
29.43,0.8249420960941398,0.8408013481914045,0.6064288058976102,1.8669335937499998,1.76574
29.434,0.8212675210558587,0.8372951972978403,0.6036620348656214,1.8639062499999999,1.76258
29.439,0.8180522678973627,0.8338011790273073,0.6009271705835904,1.8605273437499998,1.75969
29.444,0.8148370147388668,0.8303623914723747,0.5976225429094697,1.85701171875,1.756
29.45,0.8107031178208004,0.8268768882027682,0.5943817287352617,1.8534570312499998,1.75258
29.455,0.8074878646623036,0.8233539248327659,0.5909403578470398,1.8501171875,1.74879
29.461,0.8033539677442372,0.8198009231955241,0.5874761964231334,1.84677734375,1.74512
29.466,0.7992200708261707,0.816132830893549,0.5840484998563209,1.84349609375,1.74156
29.472,0.7941675301485347,0.8122814466508621,0.580388339825535,1.84037109375,1.73776
29.477,0.7904929551102535,0.8083285873165601,0.5769332946159027,1.83736328125,1.73421
29.483,0.7854404144326166,0.8042943577806866,0.5734782494062696,1.8347070312499998,1.7307899999999998
29.487,0.7822251612741207,0.8002403815096484,0.5702966906248399,1.8320703125,1.72766
29.492,0.7780912643560542,0.7962615746220085,0.5671515967005041,1.8294726562499999,1.7245
29.497,0.775794654957128,0.7924340478517109,0.5638560852406567,1.82693359375,1.72135
29.502,0.772579401798632,0.7888188323903927,0.5608249439947386,1.82419921875,1.71833
29.507,0.7679861830007804,0.7851463543474966,0.5572924109637816,1.82169921875,1.71492
29.511,0.7647709298422845,0.781427958949599,0.5541883400036758,1.81939453125,1.7118799999999998
29.516,0.7610963548040033,0.7777637474047842,0.5511070595792535,1.8166210937499998,1.70885
29.521,0.7565031360061516,0.7740064788088837,0.5473967603699652,1.81390625,1.7052999999999998
29.527,0.7519099172082999,0.7700835864463556,0.5435816246965315,1.81130859375,1.70176
29.532,0.7482353421700187,0.7661188885203114,0.5399761619513868,1.80861328125,1.69848
29.537,0.7441014452519523,0.7621661696996261,0.5362430722064149,1.8059375,1.6949299999999998
29.542,0.7390489045743154,0.7580865509529696,0.5324233784258441,1.80353515625,1.6915200000000001
29.547,0.7358336514158195,0.7539961782700456,0.5289181940377068,1.8007812499999998,1.68834
29.553,0.7307811107381825,0.7498971822890507,0.5249617570430356,1.7981640625,1.68478
29.558,0.7261878919403308,0.7456547658577541,0.5209779714055438,1.7953515624999998,1.68121
29.564,0.7211353512626948,0.7412973443472333,0.5167526060898053,1.79271484375,1.6775099999999998
29.569,0.7165421324648431,0.7368477032946624,0.5126685420953043,1.79009765625,1.6738
29.574,0.7124082355467767,0.7324151175916825,0.5086938726720867,1.78734375,1.67049
29.58,0.707815016748925,0.7279962081240428,0.5043864614278863,1.7844140624999998,1.6666400000000001
29.586,0.7027624760712881,0.7234972614991846,0.49989672589821943,1.78173828125,1.66277
29.591,0.6990879010330069,0.7190251389572451,0.49578987136803576,1.779140625,1.65917
29.596,0.6944946822351552,0.7146200278253934,0.4917149235878089,1.7762499999999999,1.65571
29.602,0.6894421415575192,0.710132145722346,0.4872115137367308,1.7734765625,1.65184
29.608,0.6843896008798822,0.7055323898739919,0.48287219574257456,1.7707421875,1.64811
29.613,0.67887773832246,0.7007974235327805,0.47844171560568327,1.768046875,1.64438
29.619,0.6738251976448231,0.6959540354608442,0.47398388682597314,1.7653124999999998,1.6406299999999998
29.624,0.6701506226065419,0.6912057144003103,0.4695898715461757,1.7624999999999997,1.637
29.63,0.6655574038086902,0.6865791269556604,0.46503176440945726,1.75953125,1.63309
29.636,0.661882828770409,0.682050154489276,0.4604326343085079,1.75669921875,1.6292
29.641,0.6572896099725583,0.6775994569013021,0.4561616879214023,1.75373046875,1.6255899999999999
29.647,0.6522370692949213,0.6730750202205298,0.4516719523917345,1.75095703125,1.62184
29.652,0.6476438504970696,0.6684914541046497,0.4474237965403125,1.7480273437499998,1.61822
29.658,0.6435099535790032,0.663951477423022,0.44300243261769534,1.74517578125,1.61444
29.663,0.6393760566609368,0.6594919558448626,0.43880897405191455,1.7424218749999998,1.61093
29.668,0.6347828378630851,0.6550514472088164,0.4347613749145074,1.7395703125,1.6075599999999999
29.673,0.6306489409450187,0.650626184549961,0.43053145149163363,1.736796875,1.60394
29.678,0.6274336877865228,0.6463496528932516,0.4265704563898245,1.7338671875,1.60059
29.684,0.6228404689886711,0.6421468828223813,0.4223314167526766,1.7307421875,1.5969799999999998
29.689,0.6177879283110341,0.6378212526833991,0.41794195958001623,1.7274804687499998,1.5932
29.695,0.6136540313929677,0.6334426061787465,0.4132516673363327,1.7242773437499999,1.5891799999999998
29.7,0.6099794563546865,0.6291579529025659,0.40918127766324286,1.7211718749999998,1.58583
29.706,0.6067642031961906,0.6250396740889862,0.4050334001688283,1.71826171875,1.58223
29.71,0.6030896281579095,0.6210548065721367,0.40136412392376997,1.7151171875,1.57917
29.715,0.5994150531196283,0.6171314161731071,0.3973757801791411,1.71185546875,1.57572
29.721,0.5948218343217766,0.6131663188847182,0.39307292704207875,1.708125,1.572
29.727,0.5906879374037102,0.6091222760559959,0.3887655157978793,1.704921875,1.56829
29.731,0.587013362365429,0.6051059326490025,0.38503242605290655,1.7015234375,1.5651199999999998
29.737,0.5837981092069331,0.6012028044481681,0.3810304079868674,1.69771484375,1.56168
29.742,0.5796642122888667,0.5973449586523961,0.3767457872783524,1.6940820312499998,1.55798
29.747,0.5769082810101551,0.5935689255087666,0.3729169772835075,1.6903124999999999,1.5545499999999999
29.753,0.573233705971874,0.5899039976596515,0.3688967267889218,1.6862304687499998,1.55098
29.758,0.5686404871740223,0.5861461546782111,0.36486736008006204,1.6820703125,1.54742
29.764,0.5649659121357411,0.5823138055009545,0.36071492447851217,1.67775390625,1.54372
29.769,0.5608320152176747,0.5784672136538462,0.3566855577696524,1.67326171875,1.54016
29.775,0.558076083938964,0.5747002047550503,0.35237814652545296,1.66875,1.5363099999999998
29.78,0.5544015089006828,0.5710425132100319,0.3486450567804802,1.6644140625,1.53284
29.785,0.5511862557421869,0.5674269784849795,0.3450760588924293,1.6597265625,1.5295299999999998
29.79,0.5475116807039058,0.5638452482028071,0.3412563651118594,1.65486328125,1.52596
29.796,0.5447557494251942,0.5603361266974071,0.3374959267240669,1.64953125,1.52252
29.801,0.541081174386913,0.5568852282564828,0.3336352099792661,1.6439843749999998,1.51883
29.807,0.5374065993486319,0.5533900135865842,0.32979728377014883,1.63896484375,1.51517
29.812,0.5351099899497065,0.5499957685554807,0.32636047098906307,1.63373046875,1.51201
29.817,0.5309760930316401,0.5466369865317046,0.3230467271006683,1.6277343749999997,1.50871
29.822,0.529138805512499,0.5433521432438189,0.3193455441056532,1.62115234375,1.5051899999999998
29.828,0.5254642304742179,0.5401720913645239,0.31547571114657824,1.6144140624999999,1.50143
29.833,0.522248977315722,0.5369395632991341,0.31180643490151994,1.6074609375,1.49779
29.839,0.5185744022774408,0.5336649559631342,0.3081690654064184,1.6010546875,1.49429
29.844,0.5153591491189449,0.5303566063690391,0.30479606612524623,1.5948046875,1.49091
29.849,0.5135218615998038,0.5272032072872569,0.30156892627244947,1.58873046875,1.48766
29.854,0.5103066084413079,0.5241740589375491,0.2984192742409775,1.58279296875,1.4843899999999999
29.859,0.5075506771625973,0.5211535402053429,0.29517390195963333,1.5767968749999999,1.48114
29.864,0.5061727115232415,0.5183219488757721,0.2921062958566214,1.570859375,1.47791
29.869,0.5024981364849603,0.5155508496812601,0.2888381330395937,1.56451171875,1.47452
29.875,0.4997422052062497,0.5126917518807236,0.28548792429410597,1.5590234374999998,1.47088
29.88,0.4965269520477529,0.5098075922021843,0.28240208576254666,1.55328125,1.46765
29.885,0.49468966452861274,0.506994339834083,0.2791612715883405,1.5477343749999999,1.46413
29.89,0.4914744113701168,0.504237946169447,0.27600250334259435,1.5419921875,1.4606
29.896,0.48917780197119054,0.5014816441156489,0.27268875945419957,1.5367773437499999,1.45696
29.902,0.4864218706924799,0.4987709174071164,0.2694433871728563,1.531328125,1.45335
29.907,0.48366593941376834,0.49605123448185673,0.26629373514138344,1.5258203125,1.4497200000000001
29.913,0.4809100081350577,0.49332436980244637,0.2629389682887586,1.5206640624999999,1.44596
29.919,0.4786133987361323,0.49063724814860804,0.259798432471559,1.51611328125,1.44223
29.924,0.47585746745742075,0.4879819953795411,0.2569450574039722,1.5114257812499998,1.43885
29.929,0.47264221429892483,0.48526129365936405,0.2539640553365592,1.50669921875,1.43533
29.935,0.47034560489999944,0.48253361203516004,0.250923797876367,1.5020703125,1.43173
29.941,0.4671303517415035,0.4798003334098734,0.24786530798762918,1.49751953125,1.42811
29.946,0.46575238610214775,0.4771535704668265,0.24490709645589792,1.4933398437499998,1.42447
29.952,0.46345577670322147,0.474667185939129,0.2420719538168603,1.48927734375,1.42095
29.957,0.46024052354472555,0.4721273970961015,0.23946015842751933,1.4854296875,1.41771
29.962,0.45886255790537067,0.4696357885099896,0.23690761843095753,1.4815820312499999,1.4144299999999999
29.967,0.45702527038622964,0.4673193200569457,0.234318613577301,1.4777343749999998,1.41099
29.972,0.4551879828670895,0.4650977899758096,0.23180709654496923,1.47373046875,1.4077199999999999
29.978,0.45243205158837796,0.46286138470309013,0.22899474444161338,1.4698828124999999,1.40391
29.983,0.45013544218945256,0.46056754952132944,0.22653792469492195,1.46626953125,1.4005999999999998
29.988,0.44829815467031153,0.45831866657898235,0.22408110494823053,1.462421875,1.3972799999999999
29.993,0.44600154527138614,0.4561058296526964,0.22146475145175337,1.4586328124999999,1.39372
29.999,0.4432456139926746,0.4538308933067926,0.21890309524091833,1.4552539062499998,1.39014
30.004,0.4418676483533197,0.45159716484283685,0.21654199574409727,1.45162109375,1.3866800000000001
30.009,0.4395710389543934,0.44944198177832295,0.21398945574753547,1.4481249999999999,1.3831
30.014,0.437274429555468,0.44725877842964507,0.2115691008579379,1.4448828125,1.37968
30.019,0.43589646391611225,0.44514411012347377,0.20941767428940583,1.44126953125,1.3765100000000001
30.025,0.4340591763969721,0.4431299001465838,0.2069426221141688,1.4379101562499998,1.3728099999999999
30.03,0.4317625669980458,0.4411052412864489,0.20470459151003872,1.43455078125,1.36952
30.035,0.4299252794789057,0.4390722037422221,0.20243009604881657,1.431171875,1.3660899999999998
30.04,0.42808799195976466,0.4370779494369928,0.2001145776233626,1.42751953125,1.36249
30.046,0.42579138256083926,0.43506929250402715,0.19770789705517622,1.42412109375,1.3587799999999999
30.051,0.4244134169214835,0.4330945883684127,0.19550177320100381,1.4208203124999998,1.3553600000000001
30.056,0.42165748564277283,0.4311016082012128,0.1933275560967891,1.4176367187499999,1.3519299999999999
30.061,0.42027952000341706,0.4290939729659528,0.19112599034975464,1.4140234374999998,1.3484699999999998
30.067,0.4189015543640622,0.4272110918726995,0.18890163406703575,1.4105468749999999,1.34489
30.072,0.41706426684492115,0.4253827459530539,0.18668183589145393,1.4068359375,1.3411499999999998
30.078,0.4152269793257801,0.4235526284668908,0.18446203771587033,1.4036132812499997,1.3374
30.083,0.4129303699268547,0.4216755885232783,0.18247014489712488,1.40046875,1.33407
30.088,0.41155240428749895,0.4198064245826362,0.18053750747115682,1.3973046875,1.33076
30.093,0.41017443864814407,0.4180345799711005,0.17863677679514467,1.39408203125,1.32757
30.098,0.4087964730087883,0.4163407731647064,0.1767360461191334,1.3905468749999998,1.32409
30.104,0.40695918548964727,0.4146640409326056,0.1746074100862849,1.3871093749999999,1.32036
30.109,0.40466257609072187,0.41290999658172917,0.1726838888745892,1.38384765625,1.3168799999999998
30.114,0.40374393233115136,0.41118496145027955,0.1708013906271253,1.38029296875,1.31353
30.119,0.4019066448120112,0.4095286899322941,0.16872289377278094,1.37646484375,1.3096700000000001
30.125,0.39961003541308493,0.40779105248882086,0.16658514152566095,1.3728124999999998,1.30584
30.131,0.3977727478939448,0.40598816985411285,0.1646114811354611,1.3691796875,1.3022399999999998
30.136,0.396394782254589,0.40422397259000065,0.16262870453098888,1.36525390625,1.29849
30.142,0.39501681661523325,0.40253629798995816,0.16057299821232807,1.3617187499999999,1.29463
30.147,0.3940981728556636,0.4009554867824134,0.15877254589332512,1.3579296875,1.29102
30.153,0.39180156345673733,0.39936936274301016,0.1568854895387224,1.35412109375,1.28725
30.159,0.39042359781738245,0.39773347659881136,0.1550485723626247,1.35056640625,1.2836699999999999
30.164,0.3885863102982414,0.3961031894192153,0.15328458490071561,1.3468945312499998,1.2802099999999998
30.169,0.38720834465888565,0.3944773919017724,0.15154338797448919,1.3429296874999999,1.2765900000000001
30.175,0.3853710571397455,0.39285519452608436,0.14971102890552768,1.33916015625,1.27285
30.18,0.3835337696206045,0.39119038212423807,0.14798350630071067,1.3353125,1.2693699999999999
30.186,0.3821558039812496,0.38953689974099137,0.14611012426751913,1.3312890624999998,1.2656
30.191,0.3807778383418938,0.387938004486004,0.14448288001971132,1.3273632812499998,1.26209
30.196,0.3798591945823233,0.3864283830954629,0.14281917091480967,1.323515625,1.2586
30.201,0.37802190706318317,0.38494484617904323,0.14121471720268453,1.31982421875,1.2551299999999999
30.206,0.3766439414238274,0.3834367238300114,0.1397606810260701,1.3160742187499999,1.25204
30.21,0.37526597578447163,0.3819543889554704,0.13824283134954385,1.31181640625,1.24881
30.216,0.374347332024902,0.3805382342620391,0.13656088981609305,1.307109375,1.24505
30.222,0.372510044505761,0.3791296458266997,0.13485615774696136,1.3029492187499998,1.24127
30.227,0.37159140074619046,0.3777271245743142,0.13333374996329717,1.29828125,1.23788
30.232,0.3697541132270503,0.3763294684360376,0.1316882732869411,1.29353515625,1.23411
30.238,0.3688354694674798,0.374935713504544,0.13007014525340654,1.28853515625,1.23034
30.244,0.36745750382812403,0.37359058873290163,0.12839731993422987,1.283671875,1.22644
30.249,0.3665388600685535,0.37228445920478714,0.1268430054006089,1.27876953125,1.22267
30.255,0.3647015725494134,0.37096409704978195,0.1252704584384423,1.2738476562499998,1.21891
30.261,0.36286428503027235,0.3695413183564785,0.12362498176208625,1.2694140624999999,1.21499
30.266,0.36148631939091747,0.36808191642526944,0.12213448072837974,1.2648046874999999,1.21135
30.272,0.35964903187177644,0.3665931472847961,0.12053914323052783,1.26083984375,1.20762
30.277,0.3587303881122059,0.36512633123814076,0.11914436244669169,1.2565234374999998,1.2042899999999999
30.282,0.35735242247285104,0.3637226206837894,0.11756269927025098,1.2524609375,1.20054
30.288,0.3564337787132805,0.36236951276055973,0.1161132212007745,1.2487109374999998,1.19694
30.293,0.35505581307392475,0.3610569817535848,0.11474123095262101,1.24509765625,1.19349
30.298,0.35367784743456987,0.3597314864213935,0.11341937988297346,1.2416015624999999,1.19015
30.303,0.35275920367499936,0.3584410972234375,0.11209297070618884,1.2381640624999999,1.18679
30.308,0.3513812380356436,0.357178858709296,0.11078023585081276,1.2349609375,1.18361
30.312,0.35046259427607307,0.35593919348658887,0.10953131449535114,1.23193359375,1.18042
30.317,0.3490846286367182,0.3547176291913598,0.10830974178271102,1.2288671875,1.17722
30.322,0.34816598487714767,0.35351057955282217,0.10708816907007002,1.2257226562499999,1.17415
30.327,0.3467880192377919,0.3523151688349489,0.10577999232183188,1.22263671875,1.17068
30.332,0.345410053598437,0.3510835891758616,0.10448093178786788,1.2197265625,1.16734
30.337,0.34403208795908125,0.34982300659605375,0.10325480096808981,1.21662109375,1.1642299999999999
30.342,0.34311344419951073,0.34858466922344633,0.101837229648571,1.2134765625,1.16046
30.347,0.3426541223197255,0.34745517346611443,0.1005244947931958,1.2103515624999999,1.15699
30.353,0.3412761566803706,0.34636745304658234,0.09918441129499911,1.2074609375,1.15323
30.358,0.34081683480058533,0.34531323116943513,0.09793548993953927,1.2044921874999999,1.14973
30.363,0.33943886916122956,0.3442858708905661,0.09673214965544563,1.20166015625,1.14637
30.368,0.3376015816420894,0.3431435445645671,0.09549234451425814,1.19904296875,1.14286
30.373,0.33714225976230416,0.34200003376522375,0.09434370151580485,1.196640625,1.1395899999999999
30.378,0.3357642941229484,0.34090107505287154,0.09328622066008574,1.19427734375,1.13645
30.382,0.3343863284835926,0.3397468377150011,0.09220139116154691,1.1918359375,1.13347
30.387,0.333467684724023,0.338593775789155,0.09102539952027389,1.1893359374999999,1.13022
30.392,0.33300836284423774,0.33753266016513106,0.08988587273609383,1.186875,1.12682
30.396,0.33163039720488197,0.33649977197232755,0.08880560134469206,1.1842187499999999,1.12368
30.402,0.3297931096857418,0.3353530129578336,0.08751565702500042,1.18171875,1.1199999999999999
30.407,0.32933378780595657,0.3342059477024105,0.08634422349086357,1.1791015624999999,1.11658
30.412,0.3279558221666008,0.3331041387654063,0.08510897645681315,1.1767578125,1.11301
30.417,0.32749650028681554,0.3320386196774036,0.08402414695827343,1.1745117187499998,1.1097299999999999
30.421,0.3270371784070303,0.33109320423278765,0.08300313095964817,1.17232421875,1.1066
30.426,0.3256592127676754,0.330153092964552,0.08198667306815999,1.1698828125,1.10347
30.431,0.32382192524853437,0.329080729320716,0.08083347196257051,1.1676953124999998,1.10005
30.436,0.32382192524853437,0.32803882163726894,0.07976231678544199,1.16513671875,1.09677
30.441,0.321525315849609,0.32697583390083623,0.07854986028707511,1.16287109375,1.09307
30.446,0.3210659939698237,0.32585044074053393,0.0774923794313569,1.1603906249999998,1.0898999999999999
30.451,0.3201473502102532,0.3248115119703841,0.07630271346867268,1.15767578125,1.08618
30.457,0.31876938457089743,0.3237509129460146,0.07500821104184485,1.1551757812499999,1.08206
30.463,0.31831006269111217,0.3227184390008589,0.073836777507708,1.15279296875,1.07835
30.468,0.31647277517197203,0.32166301593053415,0.07270636693780208,1.1501953125,1.07477
30.473,0.3155541314124015,0.32054368867661576,0.07150302665370667,1.1476367187499998,1.07105
30.479,0.31417616577304575,0.319418620227029,0.07027689583393038,1.14529296875,1.06718
30.484,0.3132575220134761,0.3182889480639462,0.06915560147829769,1.1429882812499998,1.06358
30.489,0.31279820013369086,0.3172465880742406,0.06811635305112418,1.1408007812499998,1.06012
30.494,0.3114202344943351,0.3162287395302888,0.06711356948104807,1.138515625,1.05696
30.499,0.31096091261454983,0.3152305460686833,0.06604241430391777,1.136328125,1.05337
30.503,0.3100422688549793,0.3142936153845469,0.06508976991234317,1.1337890625,1.0502
30.509,0.3091236250954097,0.3133603078221224,0.06395480123530195,1.1315624999999998,1.04631
30.514,0.3077456594560539,0.3123844036605615,0.06297480820090673,1.1293554687499998,1.0429899999999999
30.518,0.30728633757626866,0.31141984429374336,0.06201304759505888,1.1271289062499998,1.03979
30.523,0.3054490500571285,0.3104188801338863,0.060982915382160385,1.12486328125,1.03631
30.528,0.30498972817734327,0.3093887239299464,0.05996189938353513,1.1224609374999999,1.0327
30.533,0.30407108441777275,0.308426163165116,0.05891353474209016,1.1198242187499998,1.02911
30.539,0.302693118778417,0.30742680163151936,0.0577740079579101,1.1175976562499998,1.02522
30.544,0.3013151531390621,0.3063524286463911,0.05683047978060962,1.1154101562499998,1.0220099999999999
30.548,0.30085583125927684,0.3053089097251183,0.05587783538903501,1.1128125,1.0188
30.554,0.3003965093794916,0.30438113563438457,0.054779331569085876,1.1105273437499998,1.01502
30.558,0.2990185437401358,0.30345517050288584,0.053858593927468945,1.1077929687499999,1.0118
30.564,0.29764057810078093,0.30243965215822427,0.05270083471474152,1.1048632812499999,1.00775
30.57,0.29626261246142516,0.30135232345211876,0.051474703894965224,1.102109375,1.00359
30.575,0.29626261246142516,0.30034391756459367,0.05043545546779349,1.0993749999999998,0.99997
30.581,0.2948846468220694,0.29939879780526274,0.04932783543357111,1.0962890625,0.9960499999999999
30.587,0.2935066811827145,0.2983679198693662,0.0481518437922972,1.0934765624999998,0.99186
30.592,0.292588037423144,0.2973137765968033,0.047130827793672836,1.09087890625,0.9882199999999999
30.597,0.2916693936635735,0.29628647934887875,0.04614627665214144,1.0880078125,0.98472
30.602,0.29075074990400296,0.29528070922057986,0.045097912010694685,1.085234375,0.9811099999999999
30.607,0.28983210614443244,0.2942922011221575,0.04409512844061769,1.08244140625,0.9775
30.613,0.2893727842646481,0.29336303687549825,0.04311513540622247,1.07953125,0.9738800000000001
30.618,0.2879948186252923,0.2924359570146008,0.04214425858610138,1.0765820312499998,0.9702599999999999
30.623,0.28661685298593653,0.2914195447978131,0.04115059123029674,1.0736132812499999,0.9667699999999999
30.628,0.285698209226366,0.2903770012041568,0.040138691445946506,1.07015625,0.9631699999999999
30.634,0.28523888734658165,0.28940450731798495,0.03902195519745,1.0668359375,0.95913
30.639,0.28432024358701113,0.2884881844460719,0.03798726487741444,1.06341796875,0.9552499999999999
30.645,0.2834015998274406,0.28757140174514645,0.036979923200199494,1.059921875,0.95153
30.65,0.2824829560678701,0.2866542503194549,0.035972581522985436,1.056484375,0.94767
30.656,0.28064566854872997,0.28564579945319324,0.034960681738633426,1.05279296875,0.9439299999999999
30.661,0.28064566854872997,0.28465514174164996,0.033916875204324626,1.04912109375,0.94007
30.667,0.2792677029093742,0.28372425377688243,0.03293688216993118,1.0449609375,0.9364699999999999
30.673,0.2778897372700184,0.28270478794196474,0.0317745648500658,1.0409179687499999,0.93205
30.678,0.27743041539023405,0.28170529761735774,0.030785455601399114,1.0365039062499999,0.9284699999999999
30.684,0.27651177163066354,0.28076732701295964,0.029714300424268814,1.03201171875,0.92435
30.69,0.275593127871093,0.27983318556588443,0.028675051997097967,1.027421875,0.9202299999999999
30.696,0.27421516223173725,0.27885661273419926,0.027613013034243572,1.0228515624999999,0.91625
30.701,0.2732965184721676,0.2778460152934824,0.026619345678438044,1.01841796875,0.9124300000000001
30.707,0.27191855283281186,0.2768081344155079,0.025666701286864324,1.01376953125,0.9088700000000001
30.712,0.2714592309530266,0.2757938775532054,0.024709498788151762,1.0093359375,0.9053100000000001
30.717,0.2705405871934561,0.274844066051404,0.023825226003629574,1.00484375,0.9019299999999999
30.722,0.2700812653136708,0.27394593158571917,0.02295006943337885,0.9996679687499999,0.89866
30.727,0.26870329967431594,0.2730437336883894,0.022006541256077483,0.9945117187499999,0.8950099999999999
30.732,0.2682439777945307,0.27213827743231617,0.021113152257281165,0.9888867187499999,0.89148
30.738,0.2668660121551749,0.27123020838424106,0.020137717330023897,0.98294921875,0.88784
30.743,0.26640669027538966,0.27032004420712025,0.0191531661884925,0.9769921874999999,0.8840399999999999
30.749,0.2650287246360348,0.2694082000012352,0.018236986654012632,0.9707812499999999,0.88052
30.754,0.26411008087646426,0.26844950673961276,0.01730713279812157,0.9641992187499999,0.8769
30.76,0.26319143711689374,0.26749874833985876,0.01628611679949632,0.9578710937499999,0.87314
30.765,0.26227279335732323,0.26655435269671235,0.015392727800700001,0.9517968749999999,0.86964
30.77,0.2613541495977527,0.2656150591803979,0.014490222587629553,0.9454492187499999,0.86629
30.775,0.26089482771796835,0.2647253588100717,0.013542136303191121,0.9397070312499999,0.8625499999999999
30.78,0.2604355058381831,0.263920927761426,0.012685212161489545,0.9336328125,0.85918
30.786,0.2595168620786126,0.2631393700495981,0.011810055591238822,0.9275976562499999,0.8555599999999999
30.791,0.25859821831904206,0.2623306519787844,0.010861969306802166,0.9222265624999999,0.8518399999999999
30.796,0.25767957455947155,0.26150015473191623,0.010036951915054715,0.916796875,0.8485099999999999
30.802,0.25630160892011666,0.2606066914528153,0.009125330487711025,0.9109960937499999,0.8448899999999999
30.807,0.2558422870403314,0.2597082392568972,0.008177244203272593,0.90580078125,0.84114
30.812,0.25446432140097563,0.2588057865800672,0.007311203847297776,0.9005273437499999,0.8376699999999999
30.818,0.25308635576162075,0.2578091222531294,0.006349443241449926,0.8953906249999999,0.83405
30.824,0.2526270338818355,0.25682791585683357,0.0053329853499617386,0.8898828124999999,0.8301399999999999
30.83,0.2526270338818355,0.25599561042256985,0.004375782851249177,0.8848437499999999,0.82612
30.835,0.2512490682424797,0.25519170097554944,0.0035006262810002298,0.88017578125,0.82253
30.84,0.2503304244829092,0.2543195577524199,0.0026026791750659584,0.8756835937499999,0.81891
30.846,0.24987110260312395,0.25348370343244025,0.0017457550333643823,0.8713671875,0.8154299999999999
30.851,0.2480338150839838,0.25258594445759786,0.0009116214273436896,0.8674023437499999,0.8121099999999999
30.855,0.24757449320419855,0.25163854577152955,9.11621427350795e-05,0.8634570312499998,0.8089
30.86,0.24665584944462804,0.2507423460791908,-0.0007292971418744187,0.8591992187499999,0.80556
30.866,0.24619652756484278,0.24988720151056495,-0.0016363604620819316,0.85466796875,0.8019799999999999
30.872,0.24527788380527227,0.24906497796362911,-0.0025798886393824105,0.85076171875,0.7981499999999999
30.877,0.2448185619254879,0.24826915291634702,-0.0033866736025816024,0.8471875,0.79484
30.881,0.24344059628613213,0.24744899424525096,-0.0041478774944128105,0.84380859375,0.79165
30.886,0.24298127440634687,0.24660932308253547,-0.0048999651719725534,0.8404296874999999,0.7886
30.891,0.2416033087669911,0.2457540053670457,-0.005670285278077003,0.8371289062499999,0.7855699999999999
30.895,0.2416033087669911,0.24493164297820302,-0.006422372955636746,0.8333203124999999,0.7825199999999999
30.9,0.24068466500742147,0.2441812084822041,-0.007279297097340098,0.8297851562499999,0.77894
30.905,0.23976602124785096,0.2433974472979056,-0.008067849631991919,0.8266601562499999,0.77579
30.91,0.2393066993680657,0.2426324642055397,-0.00879258866673105,0.8229492187499999,0.77277
30.915,0.23792873372870993,0.24183703688524544,-0.009658629022705867,0.8191015624999999,0.7693399999999999
30.921,0.23792873372870993,0.24106269902588767,-0.010552018021503962,0.8155664062499999,0.7656399999999999
30.926,0.2360914462095698,0.2402597703644893,-0.011381593520386701,0.8121289062499999,0.7622199999999999
30.931,0.2360914462095698,0.23943391549245047,-0.012256750090636537,0.8087304687499999,0.75865
30.936,0.23425415869042876,0.23858967669632342,-0.01304986073242631,0.8053320312499999,0.75532
30.941,0.2337948368106435,0.2376851944310327,-0.013883994338444339,0.80203125,0.752
30.946,0.2337948368106435,0.23691441205534342,-0.014667988765960871,0.7988281249999999,0.7486900000000001
30.951,0.23241687117128862,0.2361598363275424,-0.015442866979203274,0.795703125,0.7455099999999999
30.956,0.23195754929150336,0.23537275439860478,-0.01618583844248711,0.79228515625,0.7422899999999999
30.961,0.2305795836521476,0.23455960660368258,-0.017029088262781045,0.7890039062499999,0.73882
30.966,0.22966093989257708,0.23368005539284903,-0.017867779975937914,0.7854101562499999,0.7354799999999999
30.972,0.22874229613300745,0.23279275891781945,-0.018802191938964263,0.7820507812499999,0.73159
30.977,0.22874229613300745,0.23199025548945698,-0.019599860687890214,0.7789062499999999,0.7283599999999999
30.982,0.22782365237343694,0.23125574537048046,-0.020356506472586133,0.77580078125,0.7249999999999999
30.986,0.22782365237343694,0.23057575729432433,-0.021058454971640828,0.7723437499999999,0.72193
30.992,0.2259863648542959,0.22984848523746942,-0.021883472363385614,0.7692382812499999,0.7183299999999999
30.996,0.2250677210947254,0.2289922936327721,-0.02265379246949273,0.76568359375,0.7152399999999999
31.002,0.2250677210947254,0.22821473238015438,-0.02350160039692195,0.7623437499999999,0.7116499999999999
31.007,0.2236897554553705,0.22745472084960305,-0.024303827252984078,0.75896484375,0.70818
31.012,0.2227711116958,0.22661777820875253,-0.02513796085900477,0.7554492187499999,0.70469
31.017,0.22185246793622948,0.2257646484230356,-0.0259720944650228,0.7519921875,0.7012099999999999
31.023,0.22139314605644422,0.22494404047741445,-0.02680166996390554,0.7483203124999999,0.69774
31.028,0.22001518041708934,0.22410400905329814,-0.02768138464129244,0.7445117187499999,0.69401
31.034,0.21955585853730408,0.2232484024536859,-0.028588447961499952,0.7409960937499999,0.6901299999999999
31.039,0.2181778928979483,0.22238030653132995,-0.029468162638886852,0.7369726562499999,0.68651
31.045,0.21771857101816305,0.22150219575022428,-0.030379784066230542,0.7333007812499999,0.6826300000000001
31.05,0.2172592491383778,0.22070705808772867,-0.031204801457976217,0.72953125,0.6791400000000001
31.056,0.2158812834990229,0.21988745061237666,-0.032066283706815746,0.7259570312499999,0.6753499999999999
31.061,0.2149626397394524,0.2190027195540526,-0.03287306867001494,0.7224218749999999,0.67187
31.066,0.21450331785966714,0.21815677138078515,-0.03366617931180471,0.7187695312499999,0.6685300000000001
31.071,0.21312535222031137,0.21729642029596555,-0.03450487102496069,0.7147070312499999,0.66507
31.077,0.212666030340527,0.2164245198959637,-0.03537546948807435,0.71111328125,0.6614599999999999
31.082,0.212666030340527,0.2156798640593486,-0.03613211527276938,0.7075390624999999,0.6581299999999999
31.087,0.21128806470117123,0.21494623851466135,-0.03688420295032735,0.70390625,0.6547799999999999
31.091,0.21082874282138597,0.21417595598541667,-0.03763173252075003,0.7002148437499999,0.6515500000000001
31.096,0.2094507771820302,0.21337627918635696,-0.03839749451971741,0.6962304687499999,0.64821
31.102,0.20899145530224494,0.21255303189702396,-0.03923618623287428,0.6924609374999999,0.6446099999999999
31.107,0.20807281154267532,0.21175638593769447,-0.03999283201756931,0.6884570312499999,0.6414199999999999
31.112,0.2071541677831048,0.21093556899886287,-0.04080417508790646,0.6839648437499999,0.6379599999999999
31.117,0.20577620214374903,0.21004986810365006,-0.04171579651525015,0.6793359374999999,0.63425
31.123,0.20531688026396377,0.20915764035879275,-0.04265476658541267,0.6747070312499999,0.63025
31.129,0.20485755838417852,0.20835118267511984,-0.043534481262799574,0.6702343749999999,0.62652
31.134,0.20302027086503838,0.20747699608817802,-0.04438684729736764,0.66521484375,0.6229199999999999
31.14,0.20210162710546786,0.20650299759376356,-0.045362282224624906,0.6605859374999999,0.6189499999999999
31.146,0.2016423052256826,0.20558546821615495,-0.04621920636632826,0.6559765624999999,0.6155299999999999
31.151,0.20118298334589735,0.20475872182000796,-0.047085246722303964,0.6508789062499999,0.61182
31.156,0.20026433958632772,0.20395927001914393,-0.047901147899777285,0.6457421874999999,0.60826
31.162,0.1993456958267572,0.20313620314993427,-0.048780862577164186,0.6409570312499999,0.6045799999999999
31.167,0.19888637394697195,0.20233970186474665,-0.049592205647499554,0.6363085937499999,0.601
31.173,0.19750840830761618,0.20151900093629638,-0.050398990610698746,0.6316796874999999,0.59758
31.178,0.19658976454804655,0.20063339306675096,-0.051251356645265034,0.6273046874999999,0.5940399999999999
31.183,0.1961304426682613,0.19978674180167372,-0.052039909179916854,0.6229101562499999,0.59077
31.188,0.19521179890869078,0.19897132881101096,-0.05286036846452813,0.6187109375,0.5872200000000001
31.194,0.19429315514912027,0.19813546308436167,-0.05366259532058937,0.6147070312499999,0.58379
31.199,0.19337451138954975,0.19728319684776044,-0.05446026406951532,0.6103515624999999,0.5805
31.204,0.1929151895097645,0.19646328135941618,-0.05533542063976604,0.6059179687499999,0.5768
31.21,0.1915372238704096,0.19562380519854033,-0.05626071638851915,0.60232421875,0.57283
31.215,0.19107790199062435,0.19476864384988654,-0.05702647838748831,0.5985156249999999,0.5695299999999999
31.221,0.18924061447148333,0.19385540307759055,-0.05789707685060197,0.5948828124999999,0.56599
31.226,0.18878129259169807,0.19289558994616976,-0.0587585590994415,0.5915039062499999,0.56257
31.231,0.1883219707119137,0.19203493732223695,-0.05957901838405011,0.5876953125,0.55915
31.237,0.18786264883212844,0.1912537988958654,-0.06044961684716377,0.5840234375,0.5554699999999999
31.242,0.18602536131298741,0.1903999151540598,-0.06133388963168773,0.58083984375,0.5518099999999999
31.247,0.18556603943320216,0.18948769886102376,-0.06216802323770665,0.5775976562499999,0.5484100000000001
31.253,0.18556603943320216,0.18871071477231724,-0.06297480820090584,0.5745507812499999,0.5449999999999999
31.258,0.18372875191406202,0.18790566416934598,-0.06379070937837916,0.57134765625,0.54149
31.263,0.18326943003427676,0.18703260588333498,-0.0646202848772619,0.56767578125,0.5381099999999999
31.27,0.18143214251513573,0.1861050140286493,-0.0656640914115707,0.5623437499999999,0.5339399999999999
31.279,0.18097282063535047,0.18513369314248557,-0.0671728248738237,0.55962890625,0.5276699999999999
31.284,0.1795948549959956,0.1841728089834154,-0.0679477030870661,0.5567968749999999,0.52454
31.289,0.17867621123642508,0.1831747918757907,-0.06879551101449621,0.5541406249999999,0.5209900000000001
31.294,0.17821688935663982,0.1822380026052637,-0.06957950544201186,0.5515039062499999,0.51786
31.299,0.1772982455970693,0.1813503103236345,-0.07038629040521016,0.5488085937499999,0.5144599999999999
31.305,0.17637960183749968,0.1804564857384933,-0.0712295402255041,0.54619140625,0.51094
31.31,0.17592027995771442,0.17960324570573286,-0.07201809276015592,0.5435937499999999,0.5076700000000001
31.315,0.1750016361981439,0.17878254935591312,-0.07281120340194391,0.54080078125,0.5043899999999999
31.32,0.1740829924385734,0.17794244704279977,-0.07370003429360494,0.53837890625,0.5005899999999999
31.325,0.17316434867900288,0.177086783599169,-0.07443388954261643,0.5357617187499999,0.4975799999999999
31.331,0.17224570491943325,0.17621864209509283,-0.07530448800573009,0.5332812499999999,0.4940199999999999
31.336,0.171786383039648,0.1753859966481561,-0.07610215675465604,0.5308984374999999,0.49061
31.341,0.17040841740029222,0.17453631266898528,-0.07688615118217168,0.5284374999999999,0.4874799999999999
31.346,0.17040841740029222,0.17371846782481865,-0.07770661046678118,0.5257421874999999,0.4840899999999999
31.351,0.1694897736407217,0.17297165582883456,-0.07855897650134658,0.5233203124999999,0.48042000000000007
31.356,0.16765248612158157,0.17209979566192835,-0.07936576146454666,0.5208984374999999,0.47700999999999993
31.361,0.16673384236201105,0.1711276626624272,-0.08021356939197588,0.5186328124999999,0.47373
31.366,0.16673384236201105,0.17025713106097312,-0.08100212192662859,0.5163671875,0.4703299999999999
31.371,0.16581519860244054,0.16946807094288943,-0.08176788392559686,0.5140429687499999,0.46717999999999993
31.376,0.16443723296308477,0.16860783500527748,-0.08257011078166077,0.5116796874999999,0.4639199999999999
31.381,0.16443723296308477,0.16778152882373565,-0.08337689574485818,0.5091601562499999,0.46068
31.387,0.16351858920351514,0.16702793190431062,-0.08422470367228829,0.5067382812499999,0.45714999999999995
31.392,0.16259994544394463,0.16624163485601307,-0.08503604674262544,0.5043749999999999,0.45375999999999994
31.397,0.16214062356415937,0.16547461832113947,-0.08582459927727726,0.5019531249999999,0.45049000000000006
31.402,0.1607626579248036,0.16467756043689,-0.08662682613333939,0.4997265624999999,0.44709
31.407,0.15984401416523397,0.16381091130137243,-0.08740170434658179,0.4975585937499999,0.4439599999999999
31.411,0.15938469228544871,0.1629794625454512,-0.08815835013127682,0.4954492187499999,0.44094999999999995
31.416,0.15892537040566346,0.16222174193116476,-0.08885574052319445,0.4933984374999999,0.4379599999999999
31.42,0.15754740476630769,0.16143213820063845,-0.08955768902225003,0.4913671874999999,0.43510000000000004
31.425,0.1561694391269528,0.16052596446958686,-0.09028242805698827,0.4893554687499999,0.4323600000000001
31.429,0.1561694391269528,0.15966282198218487,-0.09101628330599976,0.4870507812499999,0.42947999999999986
31.434,0.1552507953673823,0.1588796869999181,-0.09182306826919895,0.48480468749999994,0.4261999999999999
31.439,0.15387282972802652,0.1580242022725597,-0.09264352755380845,0.48255859374999993,0.42306
31.444,0.15433215160781177,0.1572472078462502,-0.0934138476599129,0.4800976562499999,0.41991
31.449,0.15249486408867075,0.15648765083877653,-0.09425253937306977,0.4774999999999999,0.41649
31.454,0.15203554220888638,0.15565107266800293,-0.09513225405045667,0.4750195312499999,0.41294999999999993
31.459,0.15157622032910112,0.15488923891113313,-0.09597094576361265,0.4723242187499999,0.4095599999999999
31.465,0.1497389328099601,0.15405083507502282,-0.09685521854813572,0.4700781249999999,0.4060299999999999
31.469,0.14927961093017483,0.1531510317103881,-0.09759819001142134,0.46785156249999993,0.40314000000000005
31.474,0.14882028905038958,0.15233849933687255,-0.0983183709390234,0.4656249999999999,0.40025
31.478,0.14790164529081995,0.15155044538614354,-0.09904310997376164,0.4631835937499999,0.39735999999999994
31.483,0.1474423234110347,0.15078202003751373,-0.09983622061554964,0.4606640624999999,0.39409000000000005
31.488,0.14698300153124944,0.15007483623254075,-0.1006019826145188,0.45794921874999994,0.39093
31.493,0.14560503589189366,0.14932575663749603,-0.10142700000626537,0.4555273437499999,0.38751
31.497,0.1442270702525379,0.148452078142666,-0.10218820389809657,0.4527343749999999,0.38463
31.503,0.14376774837275352,0.14756949084382315,-0.10308159289689467,0.4498632812499999,0.3811
31.508,0.1419304608536125,0.14663425792488657,-0.10397042378855392,0.4470312499999999,0.37768999999999986
31.513,0.1419304608536125,0.14570231175563075,-0.10486381278735202,0.4440429687499999,0.3742699999999999
31.518,0.14055249521425672,0.14481850302927005,-0.10574352746473714,0.4409374999999999,0.3708499999999999
31.524,0.13917452957490184,0.14383678879484885,-0.10669617185631175,0.43824218749999994,0.36731
31.528,0.1396338514546871,0.14295857425362765,-0.10747560817669122,0.4347851562499999,0.36427999999999994
31.534,0.13779656393554607,0.14211785150368098,-0.10844648499681142,0.4316015624999999,0.3604799999999999
31.54,0.13687792017597555,0.14117068677820727,-0.1093900131741119,0.4283203124999999,0.35681000000000007
31.545,0.13595927641640593,0.14022917280775435,-0.11027428595863675,0.4251367187499999,0.35353999999999997
31.55,0.1350406326568354,0.13929219002882595,-0.11115400063602365,0.4217578124999999,0.3501399999999999
31.555,0.1341219888972649,0.1383588406929606,-0.11206106395622939,0.4180859374999999,0.34673
31.561,0.13320334513769438,0.1374284049193274,-0.11301826645494195,0.4147851562499999,0.3430599999999999
31.565,0.1318253794983395,0.13645480356951178,-0.11386151627523411,0.4115820312499999,0.33990999999999993
31.57,0.1318253794983395,0.13553759265169024,-0.11465918502416006,0.40802734374999994,0.33691000000000004
31.575,0.13044741385898373,0.13466559973510442,-0.11553434159441078,0.4045507812499999,0.33363999999999994
31.58,0.12906944821962796,0.13369336028713374,-0.11637759141470294,0.4009179687499999,0.33050999999999986
31.585,0.1286101263398427,0.13273173955755938,-0.11724818987781571,0.3970703124999999,0.32739000000000007
31.59,0.12723216070048782,0.1317786336984088,-0.11815069509088616,0.3931640624999999,0.32413000000000003
31.595,0.12677283882070256,0.1308323556894401,-0.1190395259825463,0.3889843749999999,0.32087
31.6,0.12585419506113205,0.12993705463853192,-0.11993747308848057,0.38488281249999995,0.3175999999999999
31.605,0.12447622942177627,0.1289916268968873,-0.12083086208727689,0.3801953124999999,0.31433
31.61,0.12447622942177627,0.12809700765293738,-0.12180173890739887,0.3756640624999999,0.31068000000000007
31.615,0.12263894190263613,0.12719762851927258,-0.12269512790619519,0.3710742187499999,0.30742999999999987
31.62,0.12126097626328036,0.12615792690064614,-0.12362498176208625,0.36591796874999993,0.3041799999999999
31.626,0.11988301062392459,0.12505120626450278,-0.12463688154643648,0.3609374999999999,0.30081
31.63,0.11942368874414022,0.12398174861440925,-0.12556673540232755,0.3552734374999999,0.29756000000000005
31.636,0.11850504498456971,0.12298767305570524,-0.12659686761522515,0.34906249999999994,0.29391999999999996
31.642,0.11712707934521394,0.12196304063947948,-0.12767258089949163,0.34326171874999994,0.29025999999999996
31.647,0.11620843558564342,0.12091390548453863,-0.1286161090767921,0.3371484374999999,0.28686999999999996
31.652,0.11574911370585905,0.11993612599909446,-0.12957786968263996,0.3304492187499999,0.28349999999999986
31.657,0.11437114806650328,0.11897006285947888,-0.13058976946699197,0.32414062499999985,0.27998999999999996
31.662,0.11437114806650328,0.1180588966337457,-0.13149227468006242,0.3175976562499999,0.2767299999999999
31.668,0.112074538667577,0.11710074702653858,-0.13245859339304644,0.3107812499999999,0.2733399999999999
31.673,0.11115589490800737,0.11601391891408519,-0.1335251904630379,0.30482421874999993,0.2696799999999999
31.678,0.11023725114843685,0.11496041255446751,-0.13442313756897217,0.2988281249999999,0.26654
31.683,0.10885928550908108,0.11388812414529878,-0.13539401438909415,0.29298828124999987,0.26325
31.688,0.10794064174951057,0.11280077490559942,-0.13636944931635142,0.2868554687499999,0.25995999999999997
31.693,0.10702199798994094,0.1117468506677776,-0.13739958152924903,0.2817968749999999,0.25641
31.698,0.10610335423037043,0.11071972905803934,-0.1382656218852265,0.27644531249999993,0.25351999999999997
31.703,0.10518471047079991,0.10971409976937298,-0.13921370816966316,0.2702929687499999,0.25022999999999995
31.709,0.10380674483144414,0.10868020272159111,-0.14034411873957087,0.26507812499999994,0.24641999999999986
31.714,0.10242877919208926,0.10757813661782756,-0.14134690230964786,0.25957031249999996,0.24313000000000007
31.719,0.10105081355273349,0.10642140754468031,-0.14251377773664853,0.2534374999999999,0.2393099999999999
31.725,0.09921352603359335,0.10517534379208786,-0.14374902477069895,0.24861328124999993,0.23536
31.73,0.09921352603359335,0.10399415056932723,-0.144756366447913,0.2442968749999999,0.23206999999999978
31.735,0.09737623851445232,0.10286497531476393,-0.14571356894662468,0.23925781249999994,0.22892
31.741,0.0964575947548818,0.10168650812805693,-0.14686221194507798,0.2350976562499999,0.22536999999999985
31.745,0.09507962911552692,0.10051401692501093,-0.14783308876519818,0.23068359374999992,0.22222000000000008
31.75,0.0941609853559564,0.09934631770576452,-0.1489179182637379,0.22658203124999993,0.21882000000000001
31.755,0.09232369783681538,0.09813695916708429,-0.1499298180480899,0.22193359374999994,0.2158199999999999
31.761,0.09140505407724575,0.0968941951180892,-0.15120608804637037,0.21755859374999992,0.2118899999999999
31.766,0.08956776655810472,0.09562464407078097,-0.1523501729376866,0.2129882812499999,0.20847000000000016
31.772,0.08956776655810472,0.09442461700539964,-0.1536173267216956,0.20900390624999987,0.2045300000000001
31.777,0.08818980091874895,0.0933258412737572,-0.15463834272031907,0.20449218749999987,0.20140000000000002
31.783,0.08635251339960881,0.0921262487783465,-0.15591461271860219,0.20007812499999988,0.19745999999999997
31.789,0.08497454776025304,0.09084581397711436,-0.15717265028833527,0.1960351562499999,0.19368000000000007
31.794,0.08405590400068252,0.08959155763135576,-0.15836231625101949,0.19205078124999986,0.19017000000000017
31.8,0.0831372602411129,0.08840379498405253,-0.15951095924947278,0.18849609374999998,0.18664000000000014
31.805,0.08084065084218661,0.08713284622623993,-0.1606140211765581,0.18494140624999988,0.18335999999999997
31.81,0.0799220070826161,0.08579519271879504,-0.16174443174646402,0.18107421874999985,0.1800799999999998
31.815,0.07808471956347596,0.08444955231558506,-0.16302070174474625,0.17761718749999988,0.17642999999999986
31.82,0.07670675392412019,0.0830520055462081,-0.1641784609574719,0.1741796874999999,0.17315000000000014
31.825,0.07624743204433493,0.08174934208465066,-0.16535445259874582,0.17054687499999988,0.16976000000000013
31.831,0.07441014452519479,0.08047726116201774,-0.16661704827561774,0.1671093749999999,0.16610999999999976
31.836,0.07303217888583902,0.07913869980144192,-0.1678614115239414,0.16328124999999993,0.16273999999999988
31.842,0.07119489136669888,0.07774682952978385,-0.1692470760935043,0.15980468749999988,0.15893999999999986
31.847,0.0698169257273431,0.07631221224729508,-0.17049143934182798,0.15632812499999993,0.1555399999999998
31.853,0.06889828196777259,0.07493432103332445,-0.17184519716143232,0.15265624999999994,0.1517599999999999
31.858,0.06752031632841682,0.07360191695867255,-0.17311690905257748,0.1491601562499999,0.14825
31.864,0.06614235068906194,0.07226048593726947,-0.174443318229363,0.1456249999999999,0.14461999999999975
31.869,0.0643050631699209,0.07086631456022448,-0.17575605308473818,0.14228515624999982,0.14112999999999998
31.875,0.06292709753056602,0.06942985208197198,-0.17704599740442895,0.13921874999999984,0.1376599999999999
31.88,0.061089810011424994,0.06795947748425095,-0.17826757011706906,0.13589843749999986,0.13457000000000008
31.885,0.05971184437206922,0.06646190965168813,-0.17964867657949668,0.13240234374999993,0.13095999999999997
31.891,0.05833387873271434,0.06498803816573752,-0.18107536411328784,0.12921874999999994,0.12734999999999985
31.896,0.05695591309335857,0.06353316815561363,-0.18231061114734004,0.12578124999999996,0.12414000000000014
31.901,0.05511862557421843,0.06204803304321882,-0.1837327405739959,0.12251953124999992,0.12055000000000016
31.907,0.05374065993486177,0.06053862914295519,-0.18508194028646408,0.11929687499999986,0.11721000000000004
31.912,0.051903372415722515,0.05900976474130801,-0.18643113999893224,0.11589843749999984,0.11387999999999998
31.917,0.050066084896581486,0.05741979359153752,-0.18790796671123022,0.11246093749999997,0.11027999999999993
31.923,0.04914744113701097,0.05587182632082437,-0.189371119102117,0.10929687499999985,0.10680999999999985
31.928,0.04731015361786994,0.054357540853707365,-0.19069297017176545,0.10615234374999993,0.10359000000000007
31.933,0.04639150985829943,0.05287026393720398,-0.192060402312781,0.10296874999999994,0.10022999999999982
31.938,0.04409490045937403,0.051359142580673416,-0.1933731371681553,0.09978515624999995,0.0970200000000001
31.943,0.04271693482001915,0.049783399111160725,-0.19476335984485527,0.09675781249999993,0.09380999999999995
31.948,0.04133896918066249,0.04824684064227319,-0.19608521091450282,0.09320312499999994,0.09072000000000013
31.953,0.03904235978173709,0.046650699822761044,-0.1976212930195782,0.09001953124999995,0.08712000000000009
31.958,0.03766439414238221,0.045006781486586996,-0.19904342244623408,0.08691406249999989,0.08393000000000006
31.963,0.03582710662324118,0.04337005350393593,-0.20043364512293316,0.0833593749999999,0.08084999999999987
31.969,0.034449140983886295,0.04173909127627186,-0.20203354072792035,0.07919921874999991,0.07724999999999982
31.975,0.0321525315849609,0.0400672505706254,-0.2038431092611983,0.07619140624999987,0.07315000000000005
31.98,0.031233887825390383,0.03840813237579359,-0.20517407654512176,0.07285156249999991,0.07020999999999988
31.985,0.02893727842646321,0.03675921602707975,-0.20669648432878507,0.0689648437499999,0.0668899999999999
31.991,0.02664066902753781,0.03498197461504944,-0.20838754207650734,0.06566406249999979,0.06330999999999998
31.995,0.025722025267967297,0.03323833837162341,-0.20984613636025795,0.062226562499999916,0.06011999999999995
32.001,0.0234254158690419,0.031521649227230754,-0.21139589278674187,0.05843749999999992,0.05696000000000012
32.006,0.02158812834990087,0.029735564481459184,-0.2131370897129683,0.05460937499999996,0.05329000000000006
32.012,0.019750840830761618,0.0279393351168248,-0.21478712449646142,0.05111328124999992,0.04985000000000017
32.017,0.016994909552050075,0.02604396727978959,-0.21639613631572274,0.04689453124999987,0.04666999999999977
32.023,0.015157622032909046,0.02406910291454864,-0.21829686699173312,0.0432031249999999,0.04287999999999981
32.028,0.013779656393554163,0.022166998033332254,-0.21995601798950037,0.03925781249999993,0.039590000000000014
32.033,0.011483046994628765,0.020277735179816667,-0.22170177302286298,0.035195312499999964,0.036189999999999944
32.039,0.009645759475487736,0.018353268124911244,-0.22351134155614094,0.03185546874999989,0.03266999999999998
32.044,0.011942368874413134,0.01685559059821447,-0.2250838885183093,0.030664062499999978,0.029719999999999747
32.049,0.013779656393554163,0.016064159425663867,-0.22641485580223009,0.030898437499999987,0.027499999999999858
32.055,0.01607626579247956,0.015839048591250595,-0.22759996365777635,0.03222656249999989,0.025819999999999954
32.06,0.01791355331162059,0.016068055110513048,-0.22853437562080536,0.03421874999999985,0.024989999999999846
32.065,0.020210162710545987,0.016661206367341735,-0.22925455654840565,0.036835937499999805,0.024820000000000064
32.071,0.022047450229687016,0.0175463556921233,-0.2298288780476332,0.0399023437499999,0.02536000000000005
32.076,0.024344059628612413,0.018665650571933517,-0.23024366579707412,0.04328124999999994,0.02671000000000001
32.082,0.026181347147753442,0.019972700601372077,-0.23048980358245608,0.04656249999999995,0.028820000000000068
32.087,0.02847795654667884,0.021430306536976123,-0.23057184951091703,0.05011718749999983,0.03149999999999986
32.092,0.03031524406581987,0.023008639285805692,-0.2305171522252767,0.05353515624999994,0.034949999999999815
32.098,0.0321525315849609,0.024638277799434533,-0.23035761847549274,0.05695312499999994,0.03833999999999982
32.103,0.03398981910410015,0.026309057053682867,-0.2300978063686996,0.06058593749999985,0.041609999999999925
32.108,0.03582710662324118,0.0280128259835622,-0.22972404158348692,0.06384765624999988,0.04499999999999993
32.113,0.03674575038281169,0.029652044694983205,-0.22932748626259336,0.06767578124999984,0.048169999999999824
32.118,0.03904235978173709,0.03128500417240428,-0.22879418772759763,0.07132812499999996,0.05188000000000015
32.124,0.039961003541307605,0.03291294453504407,-0.2282016337998245,0.07501953124999994,0.055460000000000065
32.129,0.04271693482001915,0.03458236208676954,-0.22751791772931718,0.07876953124999997,0.05900000000000016
32.135,0.04409490045937403,0.03633054098823281,-0.22673392330180064,0.08248046874999992,0.06269999999999998
32.14,0.04593218797851506,0.03805087277038294,-0.2259043478029179,0.08585937499999996,0.0662799999999999
32.145,0.046850831738085574,0.03970337279652288,-0.2251021209468549,0.08929687499999983,0.06971999999999978
32.15,0.04960676301679534,0.04139248409513451,-0.22423608059087918,0.09246093749999995,0.07303999999999977
32.155,0.050525406776365855,0.043110953008244364,-0.22335180780635433,0.09583984374999999,0.07624999999999993
32.16,0.05282201617529303,0.044807461133746264,-0.2223854890933703,0.09876953124999988,0.07973000000000008
32.165,0.0532813380550774,0.046440857597496846,-0.2215057744159834,0.10181640624999988,0.08266000000000018
32.169,0.055577947454002796,0.04802364648300832,-0.22056224623868292,0.10494140624999992,0.0857199999999998
32.174,0.05695591309335857,0.049656858255199984,-0.2195503464543309,0.10816406249999988,0.08890999999999982
32.179,0.05787455685292908,0.05119399715646909,-0.21848830749147652,0.1114453124999999,0.09226000000000001
32.184,0.059252522492283966,0.0526540977545635,-0.21741715231434622,0.1153515624999999,0.09561999999999982
32.19,0.06154913189121025,0.05418892902254779,-0.21604972017333068,0.11849609374999992,0.09976999999999991
32.195,0.062467775650780766,0.055738182960227305,-0.21496489067479274,0.12187499999999996,0.1028699999999998
32.2,0.06384574129013565,0.057207998286725195,-0.21377066660497146,0.12544921874999992,0.1065100000000001
32.206,0.06568302880927668,0.05870511765443377,-0.2124761641781454,0.1287695312499999,0.11038999999999977
32.211,0.06706099444863245,0.06022413141318626,-0.21128194010832324,0.13220703124999988,0.11375000000000002
32.216,0.06935760384755785,0.06180620359203509,-0.20998287957435924,0.13619140624999992,0.11735000000000007
32.222,0.0698169257273431,0.06334783688614488,-0.20848782043351566,0.13947265624999994,0.12137999999999982
32.227,0.0721135351262685,0.0648570433043567,-0.20726624772087554,0.14314453124999993,0.12473000000000001
32.233,0.07395082264540953,0.06647675312024923,-0.20583044397280847,0.1472070312499999,0.1286299999999998
32.239,0.0753287882847653,0.06809406892850664,-0.20426701322491336,0.15052734374999988,0.13282000000000016
32.244,0.07624743204433493,0.06961846127523783,-0.20300897565518028,0.15423828124999994,0.13617999999999997
32.25,0.07808471956347596,0.07111384263213508,-0.20159596244279587,0.15742187499999993,0.13992000000000004
32.255,0.07900336332304647,0.07258596084087456,-0.20037894783729282,0.1608789062499999,0.14312999999999976
32.26,0.08038132896240135,0.07399392305926174,-0.19905709676764438,0.16431640624999988,0.14676
32.265,0.08221861648154238,0.07544144404972636,-0.19778538487649922,0.16779296874999994,0.1501100000000002
32.27,0.08267793836132764,0.07682968240704324,-0.1964908824496705,0.17111328124999992,0.15345999999999993
32.275,0.08359658212089727,0.07807937981334553,-0.19530121648698895,0.17472656249999985,0.1568299999999998
32.28,0.0854338696400383,0.0793544905371485,-0.1940112721672964,0.1780859374999999,0.16032000000000002
32.285,0.08681183527939407,0.08069548141543169,-0.19280793188320278,0.18140624999999988,0.1635399999999998
32.29,0.0877304790389637,0.08199829608341087,-0.19163649834906593,0.18476562499999993,0.16672999999999982
32.294,0.08864912279853421,0.08322499636953931,-0.19044227427924643,0.18814453124999997,0.16991999999999985
32.299,0.08956776655810472,0.08439066253887023,-0.18931642181647668,0.1915234374999999,0.17300000000000004
32.304,0.09186437595703012,0.08564389271335357,-0.1881632207108872,0.19552734374999992,0.1760600000000001
32.309,0.09278301971660063,0.08696733815580317,-0.1867775561413243,0.1990820312499999,0.17966000000000015
32.314,0.09370166347617115,0.08821058171625167,-0.18560612260718745,0.2032421874999999,0.1828599999999998
32.32,0.09507962911552692,0.08943501538620782,-0.18416120264484714,0.20742187499999987,0.18672999999999984
32.325,0.09507962911552692,0.0905533621308183,-0.18296242046789146,0.21109374999999997,0.19018999999999986
32.329,0.09737623851445232,0.09167764433583239,-0.18184568421939495,0.21541015624999993,0.1932299999999998
32.335,0.09829488227402283,0.09289768980001203,-0.18054662368542918,0.2200781249999999,0.19680000000000009
32.341,0.09967284791337772,0.09410352152796021,-0.17916551722300333,0.22414062499999993,0.20065
32.346,0.10059149167294823,0.09529795563543,-0.1779621769389097,0.2290039062499999,0.20396999999999998
32.351,0.10105081355273349,0.09639224652152663,-0.17666767451208187,0.23351562499999995,0.20767999999999986
32.356,0.10334742295165977,0.09754274085254416,-0.17545977612085117,0.2382031249999999,0.21114999999999995
32.362,0.10472538859101466,0.09882930701468956,-0.17419262233684307,0.2426562499999999,0.21460999999999997
32.366,0.10518471047079991,0.10004297805222225,-0.17303486312411653,0.2474999999999999,0.2179199999999999
32.372,0.10610335423037043,0.10115269452554347,-0.17184975526857027,0.25208984374999993,0.22123999999999988
32.376,0.1074813198697262,0.1022700563434632,-0.17073757712720994,0.2574414062499999,0.2245499999999998
32.382,0.10839996362929583,0.10339354876172194,-0.1694567490217933,0.26304687499999996,0.22814999999999985
32.388,0.11023725114843685,0.10456745903176842,-0.16816680470210077,0.26857421874999987,0.23187999999999986
32.393,0.11115589490800737,0.10578179804839184,-0.16697258063228126,0.27406249999999993,0.23533999999999988
32.398,0.11299318242714751,0.10702855581138816,-0.16578291466959705,0.2796484374999999,0.23882000000000003
32.403,0.11345250430693277,0.10825580742774989,-0.16461603924259816,0.2850976562499999,0.24204000000000003
32.408,0.11437114806650328,0.10937641380931545,-0.1635220935297852,0.2914648437499999,0.2452399999999999
32.413,0.11483046994628854,0.11041150418775278,-0.16231875324569156,0.2982617187499999,0.24882999999999988
32.419,0.11712707934521394,0.11151452719191848,-0.16106983189022994,0.30496093749999986,0.25256999999999996
32.424,0.11804572310478445,0.11271752546322794,-0.15985737539186307,0.3116796874999999,0.2561800000000001
32.429,0.11988301062392459,0.11395518938144443,-0.1586175702506747,0.31878906249999994,0.25978999999999997
32.435,0.11896436686435496,0.11503864322850021,-0.1574051137523078,0.3254492187499999,0.26339
32.44,0.12126097626328036,0.11604394196867601,-0.15625191264671834,0.3315429687499999,0.2669999999999999
32.445,0.12172029814306562,0.1171230758432839,-0.15519443179099923,0.3382421874999999,0.2702
32.451,0.12263894190263613,0.11812491051140737,-0.15399109150690649,0.3438671874999999,0.2740499999999999
32.455,0.12447622942177627,0.11920126663793276,-0.15295640118687093,0.3492187499999999,0.27722999999999987
32.46,0.12493555130156153,0.1202918776729749,-0.1519171527596992,0.35462890624999993,0.28042999999999996
32.465,0.1263135169409173,0.12134841745851696,-0.1508095327254768,0.3603320312499999,0.28374999999999995
32.471,0.12677283882070256,0.12237763640703894,-0.1496791221555709,0.3654882812499999,0.28735
32.476,0.12769148258027307,0.1233394456114512,-0.14864443183553533,0.37046874999999996,0.2906899999999999
32.481,0.1286101263398427,0.12429270260360699,-0.14760518340836182,0.37494140624999994,0.29403
32.485,0.12952877009941322,0.12523910180214942,-0.14664798090965192,0.3791406249999999,0.29722000000000004
32.49,0.130906735738769,0.12622550380168085,-0.14570901083948762,0.38361328124999994,0.3002799999999999
32.495,0.13136605761855424,0.12719848110809515,-0.1446652043051797,0.3881640624999999,0.30362
32.5,0.13228470137812387,0.12811519162196,-0.14358949102091412,0.3925976562499999,0.30722000000000005
32.506,0.13366266701747964,0.1290777870476991,-0.14254112637946914,0.39662109374999993,0.3107
32.511,0.1341219888972649,0.13003167449001596,-0.14154290091652655,0.4006445312499999,0.31390000000000007
32.516,0.13595927641640593,0.13102408111487604,-0.14051732681076512,0.4049218749999999,0.3172599999999999
32.521,0.1364185982961903,0.1320473752570373,-0.13935500949090152,0.4091406249999999,0.32114
32.527,0.1373372420557608,0.1330044335153782,-0.13829297052804712,0.4129882812499999,0.32475999999999994
32.532,0.13871520769511658,0.1339993827340405,-0.1371944667080962,0.4170898437499999,0.3285
32.538,0.14009317333447147,0.13507021760011026,-0.13605493992391704,0.4206835937499999,0.33226
32.543,0.14055249521425672,0.13611089939695786,-0.13501113338960913,0.4244921874999999,0.3357399999999999
32.549,0.14238978273339775,0.13717290412723496,-0.13385793228401877,0.42816406249999994,0.33963999999999994
32.554,0.14238978273339775,0.13820650527091036,-0.1327639865712067,0.4316210937499999,0.34342000000000006
32.56,0.14376774837275352,0.13917182844212256,-0.1317201800368979,0.4346874999999999,0.3470599999999999
32.565,0.14468639213232315,0.140173405076593,-0.1307493032167768,0.43775390624999994,0.35041999999999995
32.57,0.14606435777167892,0.14120405240778355,-0.12978754261092895,0.4406445312499999,0.35378
32.575,0.14698300153124944,0.14225801076451045,-0.12883034011221817,0.4434179687499999,0.357
32.579,0.14790164529081995,0.1432851597332996,-0.12790504436346506,0.4460156249999999,0.36022
32.584,0.14836096717060432,0.1442453090755187,-0.12703900400748758,0.4486328124999999,0.3631599999999999
32.588,0.14882028905038958,0.14510623129802974,-0.12617296365151187,0.4514257812499999,0.3662399999999999
32.593,0.1497389328099601,0.14593308779334496,-0.1252431097956208,0.4539453124999999,0.36959999999999993
32.598,0.1506575765695306,0.14677812976477936,-0.12438162754678128,0.4566992187499999,0.37254999999999994
32.603,0.15157622032910112,0.1476377541902322,-0.12342898315520756,0.4597070312499999,0.37602999999999986
32.609,0.15203554220888638,0.14846357001629013,-0.12239885094230818,0.4623828124999999,0.37976999999999994
32.613,0.152954185968456,0.14926227561752506,-0.12150090383637568,0.46496093749999995,0.38308999999999993
32.619,0.15387282972802652,0.1500847441289184,-0.12059839862330346,0.4677343749999999,0.38642
32.624,0.1552507953673823,0.150971769376641,-0.11962752180318414,0.4703710937499999,0.38989000000000007
32.629,0.1561694391269528,0.15191056096982136,-0.11868855173301895,0.47273437499999993,0.39337
32.634,0.15662876100673717,0.15279985886121467,-0.11782706948417943,0.4754882812499999,0.3964399999999999
32.639,0.15800672664609294,0.15369497094250953,-0.11676958862846121,0.4780078124999999,0.4003300000000001
32.644,0.15892537040566346,0.1546402471544015,-0.1158625253082528,0.4806445312499999,0.40367
32.65,0.15938469228544871,0.1555347448906364,-0.11489164848813349,0.4830078124999999,0.40727999999999986
32.655,0.16030333604501834,0.1563885247055179,-0.11402105002501983,0.4854882812499999,0.4106099999999999
32.66,0.1616813016843741,0.15730065766229237,-0.11304105699062461,0.4880859374999999,0.41422000000000003
32.665,0.16214062356415937,0.15821408058069414,-0.1121157612418715,0.4908789062499999,0.41771
32.671,0.16305926732372988,0.15908303600037865,-0.11106283849328857,0.49359374999999994,0.42175000000000007
32.676,0.1639779110833004,0.15996183598973993,-0.11012842653026222,0.4960546874999999,0.42524000000000006
32.682,0.16443723296308477,0.1608030281951204,-0.10925326996001061,0.4983789062499999,0.42857999999999996
32.686,0.16581519860244054,0.16165956559463582,-0.10841913635399258,0.5005664062499999,0.4319299999999999
32.691,0.16673384236201105,0.1625739097858517,-0.10760779328365544,0.5027734374999999,0.43487999999999993
32.696,0.16765248612158157,0.16348910583487455,-0.10678733399904594,0.5053515624999999,0.43808999999999987
32.701,0.1685711298811512,0.16440498496622186,-0.10580278285751454,0.5078906249999999,0.44171000000000005
32.706,0.16903045176093645,0.16527590995833336,-0.10490483575158294,0.5100976562499999,0.4452099999999999
32.711,0.17040841740029222,0.1661562892959154,-0.10406614403842607,0.5122851562499999,0.4484299999999999
32.715,0.171786383039648,0.16713525359385722,-0.10325024286095275,0.514453125,0.4513799999999999
32.72,0.171786383039648,0.1680567649184398,-0.10243434168348031,0.5166015624999999,0.45445999999999986
32.724,0.17224570491943325,0.16884120244797124,-0.10165490536310173,0.5189453124999999,0.45740000000000003
32.729,0.17316434867900288,0.1696067278837542,-0.10081621364994486,0.52126953125,0.46075
32.734,0.1740829924385734,0.17040259009494094,-0.09998208004392506,0.5238476562499998,0.46397
32.74,0.17454231431835865,0.17117727668184377,-0.09906134240230724,0.5261914062499999,0.46758999999999995
32.744,0.17637960183749968,0.17202598686361883,-0.0982135344748789,0.5288085937499999,0.47080999999999995
32.75,0.17637960183749968,0.17288855273026746,-0.09729279683326197,0.5313671874999999,0.4744299999999999
32.755,0.17867621123642508,0.173807730990396,-0.09638117540591828,0.5339062499999999,0.47777999999999987
32.76,0.17821688935663982,0.17472680335187707,-0.09546499587143664,0.53642578125,0.48126
32.765,0.17867621123642508,0.17546378325622772,-0.09464453658682803,0.5392578124999999,0.4845999999999999
32.771,0.18005417687578085,0.17623675555808171,-0.0937101246238008,0.5418945312499999,0.4883599999999999
32.776,0.18097282063535047,0.17708409109985632,-0.09283496805355007,0.5449414062499999,0.49183
32.782,0.181891464394921,0.1779455546789174,-0.09185041691201867,0.5476757812499999,0.49571999999999994
32.787,0.18235078627470624,0.17877284527378254,-0.09094791169894823,0.5505859375,0.49934999999999996
32.792,0.18326943003427676,0.17957273345325625,-0.09010010377151811,0.553515625,0.5029699999999999
32.798,0.18464739567363164,0.1804416521279212,-0.08917936612990296,0.5566015624999999,0.5065899999999999
32.803,0.1851067175534169,0.18132042265241963,-0.08825407038114808,0.5595507812499999,0.5103599999999999
32.809,0.18648468319277267,0.1822070931156523,-0.08735156516807763,0.5626562499999999,0.51399
32.814,0.18648468319277267,0.18305459644660255,-0.08645817616928131,0.5658593749999999,0.51762
32.82,0.18786264883212844,0.18387069268643252,-0.0855511128490738,0.5689843749999999,0.52153
32.825,0.18924061447148333,0.1847981100624798,-0.08468507249309809,0.5719726562499999,0.52491
32.83,0.19015925823105384,0.18576929103882164,-0.08383726456566798,0.575,0.5282799999999999
32.835,0.19015925823105384,0.18663905923799512,-0.08300313095964729,0.5782617187499999,0.53179
32.84,0.19199654575019487,0.18751851097380762,-0.08213709060367158,0.5816210937499999,0.53531
32.846,0.1915372238704096,0.1883602257974905,-0.08126649214055881,0.5848046874999999,0.5388200000000001
32.851,0.1929151895097645,0.18912617850095087,-0.08047338149876904,0.5880078124999999,0.54217
32.855,0.1929151895097645,0.18987688144187842,-0.07973041003548342,0.5911914062499999,0.5453999999999999
32.86,0.193833833269335,0.19056985411519223,-0.079001112893609,0.59474609375,0.5485
32.865,0.19521179890869078,0.1913530400632455,-0.07817153739472626,0.5980468749999999,0.5520099999999999
32.87,0.19567112078847604,0.19216306377377582,-0.0774331240385786,0.6018164062499999,0.5550999999999999
32.875,0.19704908642783092,0.1929946079787223,-0.0765853161111485,0.6056835937499999,0.55861
32.88,0.19796773018740144,0.1938889107859135,-0.0757329500765822,0.6096093749999999,0.56212
32.885,0.1984270520671867,0.1947425342923323,-0.07489425836342622,0.6140625,0.56549
32.891,0.19888637394697195,0.19551803625462313,-0.07397807882894458,0.6184179687499999,0.5693900000000001
32.896,0.20026433958632772,0.19632189837948344,-0.07316217765147215,0.6228124999999999,0.5729
32.901,0.20118298334589735,0.19719400365621986,-0.07232804404545323,0.6271093749999999,0.5764400000000001
32.906,0.2016423052256826,0.1980298275479869,-0.07153037529652728,0.6314648437499999,0.5796699999999999
32.911,0.20302027086503838,0.19888206023829866,-0.07074182276187546,0.6360742187499999,0.5829
32.916,0.2039389146246089,0.19979295259665553,-0.06988489862017122,0.6405859374999999,0.5864199999999999
32.921,0.20485755838417852,0.2007053807118823,-0.06906443933556261,0.6451953125,0.5897999999999999
32.926,0.20485755838417852,0.20152803654016987,-0.06823942194381605,0.6499609375,0.5931500000000001
32.931,0.2062355240235343,0.20232420822247518,-0.06739161401638594,0.6546874999999999,0.5966499999999999
32.937,0.20761348966289006,0.20323564862095886,-0.0664845506961802,0.6595898437499998,0.60029
32.942,0.2071541677831048,0.20405751242522174,-0.06560939412592859,0.6639648437499999,0.60395
32.947,0.20853213342246057,0.20480754711938656,-0.06481628348414059,0.668515625,0.60731
32.952,0.2094507771820302,0.20563648959808006,-0.06397303366384666,0.6729882812499999,0.61083
32.958,0.20991009906181546,0.20643770237965994,-0.06312066762928126,0.67716796875,0.6144799999999999
32.963,0.21036942094160072,0.20717117756299677,-0.06235034752317592,0.6811718749999999,0.61785
32.967,0.21220670846074174,0.20798684140638635,-0.061580027417069694,0.6849414062499999,0.62107
32.972,0.212666030340527,0.208868410170175,-0.06082338163237466,0.68876953125,0.6241999999999999
32.977,0.212666030340527,0.20962081881289932,-0.060071293954816696,0.6923046875,0.6274599999999999
32.981,0.21404399597988188,0.21036066112847882,-0.05936934545576111,0.6963085937499999,0.63046
32.986,0.2149626397394524,0.2111814306074068,-0.05853521184974131,0.7005273437499999,0.6339999999999999
32.992,0.2158812834990229,0.2120215915608247,-0.057646380958082055,0.7045312499999999,0.63767
32.997,0.21679992725859343,0.21287730202657024,-0.0567894568163787,0.7086523437499999,0.6413499999999999
33.003,0.2172592491383778,0.21369997935149193,-0.055896067817582384,0.7128906249999999,0.6450099999999999
33.008,0.2181778928979483,0.2144961682713815,-0.05499812071164811,0.71671875,0.64896
33.014,0.21955585853730408,0.21536212060728066,-0.054150312784218,0.7204101562499999,0.6524999999999999
33.019,0.21955585853730408,0.21619301061795226,-0.05332985349960939,0.7238867187499999,0.65604
33.024,0.22139314605644422,0.21704128695904684,-0.05253674285781962,0.7273828124999999,0.6594199999999999
33.029,0.22185246793622948,0.21794900682523666,-0.05172539978748425,0.7306249999999999,0.66269
33.033,0.22185246793622948,0.2187223853477594,-0.051014335074155426,0.7337890624999999,0.66581
33.038,0.2227711116958,0.21943354097233528,-0.050307828467964555,0.7370117187499999,0.66893
33.042,0.2236897554553705,0.22018580546484154,-0.04957397321895218,0.7402148437499999,0.6720299999999999
33.047,0.22460839921494102,0.22097103407510937,-0.048831001755668346,0.7434765624999999,0.6752799999999999
33.052,0.2250677210947254,0.22173719385768573,-0.0480789140781086,0.7467382812499999,0.6785399999999999
33.057,0.22644568673408116,0.22253356473484778,-0.04728124532918354,0.75005859375,0.6819599999999999
33.061,0.22690500861386642,0.22335416109253925,-0.04650636711594114,0.753828125,0.68523
33.067,0.2282829742532222,0.22419418322460027,-0.04559018758146127,0.7575585937499999,0.6890399999999999
33.073,0.2282829742532222,0.22500428048820934,-0.04471503101120966,0.7613281249999999,0.6927399999999999
33.078,0.22966093989257708,0.22579038178848213,-0.043817083905278054,0.7650976562499999,0.69668
33.084,0.22966093989257708,0.2265572413581736,-0.04297383408498323,0.7688281249999999,0.7003599999999999
33.089,0.2314982274117181,0.2273541733761803,-0.04208956130046104,0.7722851562499999,0.70418
33.095,0.2314982274117181,0.22817521969792612,-0.041278218230125674,0.7760156249999999,0.70773
33.1,0.2337948368106435,0.22906110452925235,-0.04039394544560082,0.7795703125,0.7115499999999999
33.105,0.2337948368106435,0.22999898165258026,-0.039509672661077744,0.7830468749999999,0.71522
33.111,0.23471348057021402,0.23084204436975098,-0.038689213376469134,0.786796875,0.71864
33.116,0.2360914462095698,0.2317455835683224,-0.03778215005626162,0.7908007812499999,0.72245
33.122,0.2370100899691403,0.23269761726346022,-0.03681127323613964,0.79435546875,0.72654
33.128,0.23746941184892467,0.23359753364741515,-0.035936116665890694,0.7977343749999999,0.7302599999999999
33.132,0.2383880556084952,0.23445565853309386,-0.03513844791696474,0.80107421875,0.7337
33.137,0.2393066993680657,0.23532577380267658,-0.03433622106090173,0.8044921875,0.7371300000000001
33.143,0.2393066993680657,0.23611450007520512,-0.03353855231197578,0.8079687499999999,0.74055
33.148,0.24022534312763622,0.23683796265601792,-0.03278190652727986,0.8111523437499999,0.7439899999999999
33.152,0.2416033087669911,0.23764559765732737,-0.032057167492541616,0.8146484374999999,0.7471399999999999
33.157,0.24206263064677636,0.23847522641930452,-0.031227591993658876,0.8183007812499999,0.7506999999999999
33.162,0.2425219525265616,0.23923148762841348,-0.03043448135187088,0.8223828124999999,0.7542599999999999
33.168,0.24389991816591738,0.24001992110039086,-0.029536534245936608,0.8262890624999999,0.7582599999999999
33.174,0.2448185619254879,0.2408796545470055,-0.028679610104233255,0.8301757812499999,0.76197
33.179,0.24573720568505752,0.24175105967920874,-0.027827244069667856,0.83400390625,0.76552
33.184,0.24665584944462804,0.24263182402847605,-0.027002226677920405,0.8383984374999999,0.76909
33.19,0.24757449320419855,0.24352009328724325,-0.026058698500619926,0.84208984375,0.7730599999999999
33.195,0.24895245884355433,0.24445988242009417,-0.025265587858831928,0.8463867187499999,0.7763499999999999
33.2,0.24895245884355433,0.24534998021225904,-0.024349408324350286,0.8507031249999999,0.78034
33.206,0.2503304244829092,0.24620023182795206,-0.023469693646963385,0.8552148437499999,0.7840799999999999
33.212,0.2512490682424797,0.24710953561478366,-0.02251249114825349,0.8601953124999999,0.7882199999999999
33.218,0.25216771200205024,0.24802068989637152,-0.021564404863816833,0.8650781249999999,0.79224
33.224,0.2540049995211904,0.24902433181083225,-0.020543388865190693,0.8698437499999999,0.79654
33.229,0.2535456776414051,0.24996563146571812,-0.01966367418780468,0.8746289062499999,0.80027
33.235,0.2549236432807609,0.25081143862074373,-0.0187976338318272,0.87919921875,0.80399
33.24,0.2558422870403314,0.2517171785117008,-0.01794526779726091,0.8839257812499999,0.8076099999999999
33.245,0.2572202526796872,0.25267097688406304,-0.01708834365555756,0.88921875,0.81124
33.251,0.2581388964392568,0.25366331208607384,-0.016094676299754695,0.8941992187499999,0.8153900000000001
33.256,0.2590575401988273,0.2546410470711857,-0.015251426479460761,0.8992382812499999,0.81887
33.261,0.2595168620786126,0.25556157264220863,-0.014389944230620344,0.90431640625,0.8224799999999999
33.266,0.2613541495977527,0.2565272272617363,-0.013510229553234332,0.9093359374999999,0.82609
33.271,0.2613541495977527,0.2574835677909265,-0.012698886482898963,0.9144140624999999,0.8293999999999999
33.276,0.26227279335732323,0.25834143582665176,-0.01189665962683506,0.9198242187499999,0.83273
33.281,0.2627321152371085,0.2591658432500771,-0.011071642235090273,0.9259765624999999,0.8362099999999999
33.287,0.26411008087646426,0.26000892137530873,-0.010132672164925083,0.9321875,0.84023
33.292,0.2650287246360348,0.2609124729291981,-0.009243841273264941,0.9383789062499999,0.84396
33.297,0.26640669027538966,0.2618645165317397,-0.008341336060194493,0.9451953124999999,0.8475599999999999
33.303,0.2668660121551749,0.26280994274512964,-0.007365901132937225,0.9522265624999999,0.8515699999999999
33.309,0.26778465591474543,0.2637045607636125,-0.006431489169909987,0.9587499999999999,0.8553999999999999
33.314,0.2682439777945307,0.26455843702965853,-0.005556332599659264,0.9657812499999999,0.85911
33.32,0.26962194343388557,0.2654251454431309,-0.004599130100949367,0.97173828125,0.86311
33.325,0.2700812653136708,0.2663021436174308,-0.0037558802806554326,0.9776953124999999,0.8666799999999999
33.33,0.27191855283281186,0.2672328947646989,-0.0028943980318159035,0.9837499999999999,0.8702399999999999
33.336,0.2723778747125971,0.26820674900432073,-0.001941753640241295,0.9900585937499999,0.87395
33.342,0.273755840351952,0.2691696645927619,-0.0009389700701643022,0.99541015625,0.8780399999999999
33.347,0.2746744841115225,0.27016931065006056,-4.558107136620748e-05,1.00056640625,0.8815899999999999
33.352,0.27513380599130777,0.2711074061323998,0.0008250173917465631,1.00595703125,0.8851499999999999
33.358,0.27651177163066354,0.27204164771580486,0.0018004523190047195,1.01060546875,0.889
33.363,0.27743041539023405,0.2730183008441738,0.00267105078211749,1.0155468749999998,0.89255
33.368,0.2783490591498037,0.27398346078773606,0.0036282532808282753,1.0197265624999998,0.89638
33.373,0.27880838102958894,0.2748939027643579,0.004448712565438662,1.02375,0.8996599999999999
33.378,0.2792677029093742,0.2757149659604433,0.005232706992953418,1.0274804687499999,0.9029099999999999
33.383,0.2801863466689447,0.27650986055295984,0.0059984689919216905,1.03134765625,0.90601
33.388,0.2815643123082996,0.2773747750018507,0.0068599512407612195,1.035,0.9095499999999999
33.393,0.28202363418808485,0.278250334643233,0.00765761998968717,1.0389453124999999,0.91266
33.398,0.2834015998274406,0.2791344303839182,0.008582915738442054,1.0426562499999998,0.9164300000000001
33.403,0.28432024358701113,0.280070872882613,0.009521885808605468,1.04669921875,0.9200599999999999
33.409,0.2847795654667964,0.28095828709704923,0.010474530200180077,1.05033203125,0.9238199999999999
33.414,0.285698209226366,0.2818063868224879,0.011358802984704042,1.0541015624999999,0.9274100000000001
33.42,0.2870761748657218,0.28271396506523794,0.012375260876192229,1.05744140625,0.93137
33.426,0.2879948186252923,0.28366923756345286,0.013250417446441176,1.06064453125,0.93482
33.431,0.2893727842646481,0.2846627548281342,0.014148364552375448,1.06400390625,0.93828
33.437,0.28983210614443244,0.28564143767814804,0.015160264336727458,1.06734375,0.94208
33.442,0.2916693936635735,0.2866537270869527,0.016122024942573532,1.07060546875,0.94563
33.448,0.2916693936635735,0.2876474628245958,0.017129366619790254,1.0738867187499999,0.94946
33.454,0.29396600306249887,0.28867182274726877,0.0181686150469611,1.07701171875,0.9534
33.459,0.2935066811827145,0.2896752375118622,0.019157724295628675,1.08017578125,0.95705
33.465,0.2948846468220694,0.29057085313630715,0.020137717330023897,1.0832226562499998,0.96085
33.471,0.2958032905816399,0.29151653312618014,0.021122268471555294,1.0860742187499999,0.96465
33.477,0.29718125622099567,0.2925023584112344,0.022093145291676386,1.08892578125,0.9684200000000001
33.482,0.29855922186035055,0.2935658770354068,0.023054905897524236,1.09142578125,0.9719599999999999
33.487,0.29855922186035055,0.29455519024574883,0.023925504360637895,1.0939648437499998,0.97525
33.492,0.29947786561992107,0.2954394982054886,0.02478242850233947,1.0964062499999998,0.9785299999999999
33.497,0.3013151531390621,0.2964216127619992,0.025657585072590194,1.09908203125,0.9817799999999999
33.503,0.30177447501884647,0.2974366539658004,0.02662390378557422,1.1015234375,0.98533
33.508,0.302693118778417,0.298387094410378,0.027521850891508493,1.10396484375,0.9887699999999999
33.513,0.30315244065820224,0.29928573320869917,0.028410681783168634,1.106484375,0.9921800000000001
33.518,0.304530406297558,0.30018833551707824,0.02933597753192263,1.10890625,0.9955799999999999
33.523,0.3059083719369129,0.3011851198296117,0.030261273280675738,1.1112304687499999,0.99901
33.528,0.30636769381669815,0.3021664224391945,0.031154662279472056,1.1136914062499998,1.00241
33.534,0.30728633757626866,0.30308980879425534,0.03211186477818373,1.11607421875,1.00592
33.539,0.30866430321562444,0.3040577574011066,0.03305083484834892,1.11826171875,1.00929
33.544,0.30958294697519495,0.3050614393032222,0.033948781954281415,1.12064453125,1.01256
33.55,0.3105015907347646,0.3060482729081037,0.03491510066726544,1.12287109375,1.0161
33.555,0.3105015907347646,0.30693059253757504,0.03580848966606354,1.12509765625,1.0194699999999999
33.56,0.3114202344943351,0.30772910516465013,0.03667908812917631,1.12755859375,1.02285
33.565,0.3132575220134761,0.3086424227050487,0.03764996494929651,1.1298046874999998,1.0265
33.571,0.314635487652831,0.30969330116468563,0.038584376912324636,1.1320312499999998,1.02987
33.576,0.31417616577304575,0.31062697667527145,0.0395005564468045,1.1341601562499999,1.03322
33.581,0.3160134532921868,0.3115121721148676,0.04033924815996137,1.1364453124999998,1.03636
33.586,0.3169320970517573,0.31249499831808525,0.04128277633726185,1.13865234375,1.0397699999999999
33.591,0.31831006269111217,0.3135106101726253,0.04221718830028909,1.1409960937499999,1.0431599999999999
33.596,0.3192287064506827,0.3145525119768889,0.04321085565609373,1.1432617187499998,1.04668
33.602,0.3201473502102532,0.3155699931140103,0.04415894194053216,1.1454296874999998,1.04996
33.606,0.3210659939698237,0.3165678919617616,0.045056889046464654,1.1476171874999999,1.05324
33.612,0.32290328148896386,0.3176410920576598,0.04602320775944957,1.1500781249999998,1.0565
33.617,0.32290328148896386,0.3186836704699707,0.04705789807948513,1.15234375,1.0601399999999999
33.622,0.3242812471283196,0.31965619227630426,0.04802877489960533,1.15462890625,1.06358
33.628,0.32519989088789014,0.3206635413065572,0.04900876793400055,1.1569140624999998,1.06713
33.633,0.326577856527245,0.3216988173697932,0.04998876096839577,1.1594140624999998,1.07055
33.639,0.32749650028681554,0.3227564873847562,0.05109182289548109,1.1617968749999998,1.07437
33.644,0.3288744659261713,0.3238321145194124,0.05209460646555897,1.1642968749999998,1.0777999999999999
33.649,0.32933378780595657,0.32487663911013853,0.053152087321278074,1.16658203125,1.0814599999999999
33.654,0.33071175344531145,0.32589622339060015,0.05409561549857855,1.1688671874999998,1.08484
33.66,0.3320897190846672,0.32698681246346517,0.05508016664010995,1.171171875,1.0881399999999999
33.665,0.33300836284423774,0.32808883652306525,0.0561011826387352,1.17361328125,1.09157
33.67,0.333467684724023,0.3291090262272589,0.05711308242308544,1.1758984375,1.09509
33.675,0.3348456503633779,0.3301090970035606,0.058056610600386804,1.17849609375,1.09835
33.681,0.3357642941229484,0.3311385368267728,0.059109533348968846,1.1807421875,1.1019999999999999
33.685,0.33714225976230416,0.33219152691467596,0.06002571288344871,1.182890625,1.105
33.69,0.3380609035218747,0.33326340133916327,0.060914543775108854,1.18513671875,1.10795
33.695,0.33943886916122956,0.33435041861545717,0.06188086248809466,1.18732421875,1.1110499999999999
33.699,0.33943886916122956,0.3353585747756241,0.06276057716547978,1.189765625,1.11405
33.705,0.3412761566803706,0.33634899617011704,0.06379526748551534,1.1923242187499998,1.11745
33.71,0.3421948004399402,0.33741620029331704,0.06479805105559411,1.19474609375,1.12068
33.715,0.34311344419951073,0.33845397069314626,0.06580995083994612,1.197578125,1.1240299999999999
33.72,0.34403208795908125,0.33946813896593575,0.06689933844562113,1.2001953125,1.12767
33.725,0.345410053598437,0.34050888320003947,0.06793402876565668,1.20271484375,1.13104
33.73,0.3458693754782223,0.3415254361121577,0.0688547664072745,1.205390625,1.13399
33.735,0.3477066629973624,0.3425680925256914,0.06988034051303593,1.20849609375,1.13736
33.741,0.34862530675693293,0.3436771825339967,0.07105633215430807,1.21125,1.14116
33.746,0.34954395051650344,0.3447485401211817,0.07207279004579625,1.2140624999999998,1.14454
33.751,0.35184055991542884,0.34592614672916233,0.07311659658010594,1.2171874999999999,1.14778
33.757,0.35275920367499936,0.3471889516267064,0.07433361118561077,1.2203515624999999,1.15141
33.762,0.35367784743456987,0.34838356913238777,0.0754640217555167,1.22369140625,1.15494
33.768,0.35551513495371,0.34961451273552374,0.07668103636101975,1.22703125,1.15871
33.773,0.3564337787132805,0.3508745852788276,0.07782512125233687,1.2303125,1.16224
33.779,0.35735242247285104,0.35206701178165545,0.0789555318222428,1.23373046875,1.16567
33.784,0.3591897099919912,0.3532961984773475,0.0800905004992849,1.2376171875,1.16923
33.79,0.3601083537515617,0.35455486220287563,0.08142146778320747,1.24173828125,1.17315
33.796,0.36148631939091747,0.35579166089680786,0.08265671481725789,1.24544921875,1.17697
33.801,0.36286428503027235,0.35705642848310926,0.08380079970857413,1.2489453124999998,1.18054
33.806,0.36378292878984286,0.35829812170212705,0.08485828056429412,1.25255859375,1.1837
33.811,0.36516089442919863,0.3595213121941495,0.08594311006283206,1.256640625,1.18699
33.817,0.3669981819483388,0.3608206696069351,0.08717379898974631,1.2607421875,1.19071
33.822,0.36837614758769455,0.3621811032660874,0.08834067441674698,1.2647265625,1.19403
33.827,0.36929479134726506,0.3634995085876275,0.08945285255810553,1.2689453124999999,1.19733
33.832,0.3697541132270503,0.36469320872300304,0.09061516987796825,1.2729296875,1.20078
33.836,0.37159140074619046,0.3658779148261192,0.09163162776945644,1.2770312499999998,1.20372
33.841,0.372510044505761,0.36710091073675494,0.0927255734822694,1.28134765625,1.20704
33.846,0.37388801014511674,0.3683091083499567,0.0939015651235442,1.2862695312499999,1.21035
33.852,0.3757252976642569,0.36959644336835606,0.09522797430032881,1.29107421875,1.21422
33.858,0.37802190706318317,0.37103824035620053,0.0965862902270711,1.29525390625,1.21799
33.863,0.37848122894296843,0.3724673906716225,0.09777595618975532,1.29978515625,1.22133
33.868,0.38031851646210857,0.37384089806878507,0.0990932491522667,1.3044726562499998,1.22493
33.874,0.3821558039812496,0.37530629253112185,0.1004971461503752,1.30908203125,1.22882
33.879,0.3835337696206045,0.37679986692437234,0.10192383368416813,1.3133593749999999,1.2327
33.885,0.38491173525996025,0.37827053617658624,0.10325480096808981,1.3178125,1.2363
33.891,0.3867490227791004,0.3797683402848211,0.10469972093043012,1.3220703125,1.2402199999999999
33.896,0.3876676665386709,0.38124240123400605,0.10604436253576299,1.32669921875,1.2438500000000001
33.902,0.38950495405781194,0.3826974231697043,0.10756221221228923,1.3307812499999998,1.24798
33.908,0.3913422415769521,0.3842281819921622,0.10896155110326156,1.33490234375,1.2515999999999998
33.913,0.39272020721630785,0.385774170343104,0.11037456431564507,1.3386328124999998,1.25538
33.918,0.39501681661523325,0.38737787273650914,0.11171464781384,1.3422070312499998,1.2587199999999998
33.923,0.396394782254589,0.3890278544995014,0.11303194077635137,1.3460546875,1.26208
33.929,0.3977727478939448,0.3906239426993663,0.1145042093815114,1.34962890625,1.26572
33.934,0.3991507135332997,0.3921768150713341,0.11585796720111752,1.3531640624999999,1.26925
33.939,0.40144732293222596,0.3937860375797703,0.11723907366354247,1.35697265625,1.27261
33.944,0.40282528857158084,0.39544044577752235,0.11876148144720666,1.36080078125,1.27625
33.95,0.40466257609072187,0.3970855853037106,0.12037049326646976,1.3645703125,1.28018
33.956,0.4064998636098629,0.3987687944113984,0.12197950508573108,1.3683203124999999,1.28406
33.961,0.4078778292492178,0.40043702862821084,0.12347456422657377,1.3716796875,1.28754
33.966,0.4097151167683588,0.4020932548746964,0.12487390311754698,1.375078125,1.2909199999999998
33.971,0.4110930824077137,0.403739852246249,0.12632793929416142,1.3784765625,1.2943
33.976,0.4129303699268547,0.4053787284767636,0.12785034707782472,1.382265625,1.29794
33.982,0.4152269793257801,0.40710241709767003,0.12953228861127375,1.3856640624999998,1.30185
33.987,0.4166049449651359,0.4088486126542365,0.13102734775211733,1.38892578125,1.30523
33.992,0.41798291060449166,0.4105218521594364,0.13249961635727736,1.39220703125,1.30858
33.997,0.42027952000341706,0.4122275938997135,0.13399011739098388,1.3955859375,1.3119399999999999
34.002,0.4221168075225581,0.4140049002106457,0.13559001299597373,1.3988085937499999,1.31547
34.007,0.423494773161913,0.4157485884947907,0.13714888563673,1.40197265625,1.319
34.012,0.42487273880126875,0.4174198174843153,0.13856645695625058,1.40525390625,1.32209
34.017,0.42716934820019414,0.41912394704505995,0.14018002688264897,1.4083984374999998,1.32572
34.022,0.42946595759912043,0.4209454624766633,0.1416978765591752,1.4113867187499998,1.3289499999999999
34.027,0.43038460135869094,0.4227246008895351,0.14317014516433524,1.4142187499999999,1.3320400000000001
34.031,0.4322218888778311,0.42442425640299114,0.14456948405530934,1.4171874999999998,1.33495
34.036,0.4340591763969721,0.42615118044409006,0.1460554269818788,1.4203515625,1.3380299999999998
34.041,0.4363557857958975,0.42794547228378776,0.14768722933682543,1.4234375,1.3414
34.046,0.4377337514352533,0.42974828270074217,0.14926889251326525,1.4269531249999998,1.3446099999999999
34.051,0.4395710389543934,0.43151242205534107,0.15106022861799584,1.43048828125,1.3481999999999998
34.057,0.4418676483533197,0.43333655587411796,0.1529017039012306,1.43400390625,1.35194
34.062,0.44370493587245985,0.43520879767255405,0.1547021562202353,1.4375,1.35554
34.067,0.44600154527138614,0.4371196159919843,0.15657553825342685,1.44095703125,1.35923
34.072,0.44829815467031153,0.43910686969185747,0.15829394464396795,1.44431640625,1.36256
34.078,0.45013544218945256,0.4411099130238903,0.16006249021301588,1.4478906249999999,1.36591
34.083,0.45243205158837796,0.44312561764581326,0.16191763981766005,1.4517578125,1.36952
34.089,0.45564730474687387,0.44528798067725545,0.16403715963623533,1.4554687499999999,1.3733499999999998
34.094,0.4574845922660149,0.44752244333713287,0.1661156564905779,1.45923828125,1.3770799999999999
34.099,0.45932187978515593,0.4496782151340066,0.16796168988094973,1.462890625,1.3805399999999999
34.105,0.46253713294365184,0.4519073924565966,0.16991255973546515,1.46638671875,1.3839899999999998
34.11,0.46483374234257724,0.4542409336205916,0.1717540350186999,1.4699218749999998,1.38719
34.115,0.46575238610214775,0.4564306519737358,0.1736638819089844,1.4734570312499997,1.39069
34.119,0.46804899550107315,0.4585050426053355,0.1754233112637582,1.4769140625,1.39377
34.124,0.47126424865956995,0.46071446440125696,0.17729669329694975,1.48044921875,1.39697
34.129,0.4740201799382806,0.46307766601402595,0.17910170372308976,1.48388671875,1.40003
34.133,0.4753981455776364,0.4653821720692336,0.1809295046849133,1.4873828125,1.4031099999999999
34.138,0.47677611121699126,0.46750310604891787,0.1827208407896439,1.4908593749999999,1.40605
34.142,0.4786133987361323,0.4695223403042649,0.18448938635869183,1.49498046875,1.40895
34.147,0.4809100081350577,0.4715510280008787,0.18660434807012916,1.49888671875,1.4125299999999998
34.152,0.4841252612935536,0.4737238018177442,0.18852786928182486,1.5029296875,1.41574
34.157,0.48596254881269463,0.4759666126120744,0.1905197621005703,1.5069140625,1.41892
34.162,0.48825915821162,0.4781745804428981,0.19245695763367543,1.5114062499999998,1.42196
34.167,0.49101508949033157,0.4804456123894767,0.1946676395949849,1.5159960937499999,1.42551
34.172,0.4942303426488275,0.48285821755831076,0.1969968323418474,1.5207421874999998,1.42908
34.178,0.49698627392753814,0.4853843465628831,0.1992622115887972,1.5252929687499999,1.43249
34.182,0.4992828833264644,0.48791050356949445,0.2013680570859604,1.5306445312499999,1.4356399999999998
34.188,0.5015794927253898,0.49039118114525393,0.20389780654684042,1.53576171875,1.43949
34.193,0.5047947458838857,0.49292639373392994,0.20618141822233582,1.5417187499999998,1.44282
34.2,0.5089286428019522,0.4956873440519795,0.20906670003988026,1.54791015625,1.44705
34.205,0.5116845740806637,0.49858380562090554,0.21166937921494622,1.55361328125,1.45077
34.21,0.5153591491189449,0.5015434282055363,0.21419001246155123,1.5597460937499998,1.45423
34.216,0.5181150803976555,0.5045536979440406,0.21688841188648933,1.5665234375,1.4579499999999999
34.222,0.5204116897965809,0.5074680746455739,0.21961871806138245,1.5728515625,1.46183
34.227,0.5250049085944326,0.5104875647878347,0.22218949048649161,1.579140625,1.46532
34.232,0.5268421961135736,0.5135458407429822,0.22470556562596133,1.5860742187499999,1.46867
34.238,0.5305167711518548,0.5165442142493781,0.22739940694376148,1.592890625,1.47226
34.243,0.5337320243103507,0.5196310592157072,0.2300841320472884,1.59970703125,1.47586
34.248,0.5369472774688466,0.5227433452291259,0.23289192604350717,1.60677734375,1.4794800000000001
34.254,0.5401625306273425,0.5258760317477025,0.23566325518263298,1.6139648437499998,1.48309
34.259,0.5447557494251942,0.5291615825485531,0.23874909371419228,1.6201953125,1.48698
34.265,0.5484303244634754,0.532615213073542,0.2415660039246843,1.6261718749999998,1.4904799999999998
34.27,0.5516455776219722,0.5360671166446984,0.24446496006363727,1.63181640625,1.4940799999999999
34.275,0.5553201526602534,0.5395176354170907,0.24725452163130868,1.63751953125,1.4973
34.28,0.558076083938964,0.5429215418709017,0.2502172912701761,1.64283203125,1.50091
34.285,0.5622099808570304,0.5463335730198675,0.25302964337353107,1.6483984374999998,1.5042499999999999
34.291,0.5649659121357411,0.5497521191477501,0.2564892466903004,1.6542578125,1.50826
34.297,0.5690998090538075,0.5531758894655228,0.2597072703288248,1.6597265625,1.51205
34.302,0.5727743840920887,0.5566948526933816,0.26299366557439807,1.6646874999999999,1.51582
34.308,0.5764489591303708,0.5602446467220631,0.2662116892129225,1.6691796874999998,1.5195699999999999
34.313,0.5801235341686519,0.5638191631573727,0.26927473720879735,1.6739648437499999,1.52294
34.319,0.5847167529665027,0.5675045076088918,0.27264773648996865,1.6784570312499998,1.52671
34.324,0.5883913280047848,0.5712787221257167,0.2760116195568676,1.6828710937499998,1.5304799999999998
34.33,0.5934438686824208,0.5751697010906724,0.27949401340932045,1.6871484374999999,1.53426
34.335,0.5980370874802725,0.5792453141591336,0.28316328965437876,1.6917578125,1.5382099999999999
34.341,0.6017116625185537,0.5833324747942832,0.28698298343494955,1.6957226562499998,1.54216
34.347,0.6053862375568348,0.5873378913489238,0.29047449350167653,1.69998046875,1.54582
34.353,0.6099794563546865,0.5913687632496827,0.29445372103203127,1.70373046875,1.55003
34.358,0.614113353272753,0.5954655490065625,0.29793155677734795,1.7074023437499999,1.55356
34.364,0.6187065720706046,0.5996151893474938,0.301591716808133,1.7111328124999998,1.5573199999999998
34.369,0.6228404689886711,0.6038072123863839,0.30537494573160995,1.7145507812499998,1.5611
34.375,0.6274336877865228,0.6080332209937632,0.3090077571195744,1.718046875,1.56477
34.38,0.632945550343945,0.6124229873876651,0.31298698464993,1.7213867187499998,1.56857
34.385,0.6375387691417957,0.6169440668347128,0.31666993521639863,1.72435546875,1.57209
34.39,0.639835378540722,0.6212519295636556,0.32006572503325437,1.7271874999999999,1.57534
34.395,0.6444285973385737,0.625388819425716,0.3234068175644689,1.7300390625,1.57859
34.4,0.6490218161364254,0.6296161200765897,0.32691656005974323,1.73294921875,1.5818400000000001
34.405,0.6526963911747066,0.6338249149863217,0.3307089051974925,1.73578125,1.58537
34.41,0.656830288092773,0.6379733687450052,0.33422776390703923,1.7384960937499998,1.58865
34.415,0.6609641850108394,0.6421189384099144,0.3377557388308592,1.7413671874999999,1.59193
34.42,0.6660167256884755,0.6463531991659346,0.34181701228967576,1.74435546875,1.59561
34.425,0.6701506226065419,0.6506585789704467,0.3457005195701601,1.7470117187499998,1.5990099999999998
34.43,0.6738251976448231,0.6548844816107419,0.34948374849363706,1.7499804687499998,1.60242
34.435,0.6779590945628895,0.6590466536076869,0.3535359057381804,1.7528320312499999,1.60609
34.441,0.6834709571203117,0.6633397292211582,0.35780685212528507,1.75568359375,1.60992
34.446,0.6876048540383781,0.667737772994733,0.36188179990551195,1.7584765624999998,1.61362
34.452,0.6926573947160151,0.6721744860844906,0.36611628143552455,1.7612890625,1.6173199999999999
34.457,0.6963319697542962,0.6765967051948094,0.37038722782262923,1.7640429687499999,1.621
34.463,0.7009251885521479,0.6809618000800587,0.3745578958527265,1.7667382812499999,1.62466
34.468,0.7055184073499996,0.6853720923246421,0.37886986520406296,1.76947265625,1.62847
34.473,0.7087336605084955,0.689682121485644,0.3828445346272815,1.7721289062499999,1.63188
34.478,0.7137862011861325,0.6939572542073225,0.38692404051464546,1.7748046874999999,1.6354099999999998
34.484,0.7183794199839832,0.6983409100488569,0.3910673599019221,1.7775195312499998,1.6390799999999999
34.489,0.7225133169020497,0.7027205839501589,0.39544314275317216,1.7803515625,1.64288
34.495,0.7289438232190424,0.7072790723783294,0.39989185531860905,1.7831640625,1.64655
34.5,0.7335370420168941,0.7120264493478552,0.4042995449198168,1.7859375,1.6503299999999999
34.506,0.7385895826945301,0.7167887854056542,0.4090126276991839,1.78876953125,1.6542599999999998
34.511,0.7427234796125965,0.7215176148771412,0.41337473622902365,1.7912890625,1.6578
34.516,0.746857376530663,0.7261285725302387,0.4174588002235238,1.7943164062499999,1.66133
34.522,0.7514505953285147,0.7306905137636521,0.42237243971690575,1.7970507812499998,1.6654200000000001
34.528,0.7551251703667958,0.7351676481370089,0.42673910635388346,1.7997070312499999,1.6690800000000001
34.533,0.7601777110444328,0.7396222800093354,0.4308824257411601,1.80234375,1.67261
34.538,0.7638522860827139,0.7440588677191433,0.43497560594993434,1.8048632812499998,1.676
34.543,0.7675268611209951,0.7483444806357378,0.43899129833738293,1.807734375,1.67938
34.549,0.7721200799188468,0.7526000346145207,0.443576754116922,1.8105859375,1.68331
34.554,0.7767132987166985,0.7569224888931796,0.44782035186120783,1.8134375,1.6868400000000001
34.559,0.7808471956347649,0.7612530868741902,0.45213232121254343,1.81634765625,1.6905000000000001
34.565,0.7858997363124018,0.765635716960437,0.4566585215993051,1.8192187499999999,1.69429
34.57,0.7900336332304683,0.7700600702205569,0.46093402609354683,1.82201171875,1.69795
34.576,0.7941675301485347,0.7744268764242856,0.4650955779093717,1.8249023437499998,1.70148
34.581,0.7987607489463864,0.7787930390451067,0.46942122158211763,1.8275781249999998,1.70515
34.586,0.8024353239846675,0.7831131837088067,0.47323635725555047,1.8302929687499998,1.70827
34.591,0.806569220902734,0.7873509259005542,0.477256607750137,1.83296875,1.7116799999999999
34.595,0.8093251521814446,0.7914315879518772,0.48096234885228917,1.83552734375,1.71481
34.6,0.8120810834601553,0.7952497859236227,0.4845222305260668,1.83814453125,1.71795
34.604,0.8152963366186512,0.798903022752193,0.48805932166416,1.8408984375,1.72109
34.609,0.8189709116569333,0.8025149853575305,0.4917285979092192,1.8439062499999999,1.72421
34.614,0.8226454866952144,0.8061393531359964,0.4956941511181645,1.84697265625,1.7276099999999999
34.619,0.8258607398537103,0.8097281664109043,0.49962779757715303,1.8499804687499999,1.73115
34.624,0.8290759930122062,0.8132429675815054,0.503278841393664,1.8533984374999999,1.73443
34.63,0.8341285336898432,0.8168804279360615,0.5076090431735469,1.85697265625,1.73823
34.635,0.8378031087281244,0.820661747342475,0.511775153096508,1.860390625,1.74192
34.64,0.8414776837664055,0.824421917876294,0.5155902887699417,1.8639453124999998,1.74546
34.646,0.8451522588046867,0.8281651296865621,0.5197746311214493,1.8678124999999999,1.74914
34.651,0.8492861557227531,0.8319402446283137,0.5238769275444959,1.87154296875,1.75281
34.656,0.852501408881249,0.8356954399654403,0.527833364539168,1.8753515625,1.7565
34.662,0.8561759839195302,0.8393891604116538,0.5317259880339265,1.8794140625,1.7600799999999999
34.667,0.859391237078027,0.8430335857630262,0.535787261492743,1.88333984375,1.7639399999999998
34.672,0.8635251339960925,0.8466839845619757,0.5394383053092549,1.887265625,1.7673699999999999
34.677,0.8662810652748041,0.8502936714261571,0.5430528842686719,1.8912695312499999,1.7706499999999998
34.682,0.8694963184333,0.8537797086929204,0.546676579442364,1.895859375,1.77421
34.688,0.8722522497120107,0.8571665946063219,0.5506558069727188,1.89998046875,1.7781799999999999
34.692,0.8754675028705075,0.860473973662615,0.5538966211469258,1.9042187499999998,1.78118
34.697,0.8782234341492181,0.8637175982656107,0.5572741785352351,1.9088476562499999,1.78447
34.702,0.8809793654279288,0.8668645979678182,0.5609434547802934,1.91388671875,1.78804
34.708,0.8841946185864247,0.8699796185935998,0.5645398013111649,1.91822265625,1.79173
34.712,0.8878691936247058,0.8731599998107079,0.5676484303784068,1.9232617187499998,1.7948499999999998
34.718,0.8901658030236321,0.8763017881935126,0.5713678458019693,1.92798828125,1.79853
34.723,0.8924624124225575,0.8792761243447633,0.5747271707617303,1.9327929687499998,1.80218
34.728,0.8961369874608387,0.8822526906196123,0.5781730997570902,1.93748046875,1.80571
34.733,0.898433596859765,0.8852310451717995,0.5815916801096295,1.9427539062499999,1.80926
34.739,0.9011895281384756,0.8881198299265558,0.5853247698546014,1.94783203125,1.8133299999999999
34.745,0.9044047812969715,0.8910277947912787,0.5889211163854728,1.9528320312499998,1.81726
34.751,0.9076200344554683,0.8939966415656375,0.5925630439877114,1.95759765625,1.82118
34.757,0.9117539313735348,0.8971053117086777,0.5960819026972581,1.9622265625,1.82498
34.762,0.9140505407724602,0.9002350987560945,0.5995734127639842,1.9676171875000001,1.8289499999999999
34.769,0.9163471501713856,0.9031998113527951,0.6034933849015625,1.9719335937499998,1.83334
34.774,0.9186437595703119,0.906032155098034,0.6066475950401724,1.97626953125,1.83703
34.78,0.9218590127288078,0.9088493595197892,0.6100205943213437,1.9806640624999998,1.841
34.786,0.9246149440075184,0.9116999260019912,0.6132750828169611,1.9850390624999998,1.84496
34.791,0.92737087528623,0.9145317427562535,0.6162788754200594,1.98923828125,1.84851
34.797,0.9305861284447259,0.9173940264827825,0.6195971774155904,1.99376953125,1.85262
34.803,0.9338013816032218,0.9203262427563583,0.6229473861610781,1.9977148437499999,1.85662
34.808,0.9356386691223628,0.923178030441479,0.6259010395856723,2.0015234375,1.86033
34.813,0.937475956641503,0.9258288189063807,0.6287908795103521,2.00552734375,1.86405
34.819,0.9402318879202145,0.9284094351638582,0.6317855558991754,2.00921875,1.86788
34.824,0.9420691754393546,0.9309337821776037,0.6344930715383867,2.01330078125,1.87146
34.83,0.9448251067180653,0.9334130083677866,0.6374330506415706,2.0168749999999998,1.87528
34.835,0.9462030723574211,0.9358105514737735,0.6400083811738169,2.0201953125,1.8787099999999999
34.84,0.9484996817563465,0.938097093182367,0.6424150617420041,2.0234765625,1.88202
34.844,0.9507962911552728,0.9403856295657511,0.6447898355602346,2.02740234375,1.88533
34.85,0.9535522224339834,0.9427212673112291,0.6477434889848279,2.03154296875,1.88944
34.856,0.9558488318329097,0.9450946743976048,0.6507017005165583,2.03537109375,1.89356
34.862,0.9586047631116204,0.9474983677230284,0.6534593553342738,2.03908203125,1.8974
34.868,0.9604420506307614,0.9498808449003963,0.6562215682591255,2.0428710937499996,1.9014
34.873,0.9627386600296868,0.9522008075228446,0.6588379217556017,2.0463671875,1.9051399999999998
34.878,0.9654945913083974,0.9545616451411838,0.6612537185380631,2.0497070312499996,1.90872
34.883,0.9659539131881827,0.9567732518016636,0.6636057018206101,2.053515625,1.9121899999999998
34.889,0.968250522587109,0.9588196922050962,0.6661400093886254,2.0570312499999996,1.91605
34.894,0.9700878101062491,0.9608701957948369,0.6684600859212155,2.06029296875,1.91963
34.899,0.9710064538658196,0.9627874518917451,0.6706069543826096,2.0634765625,1.92307
34.904,0.9737623851445303,0.9646888641058109,0.6726079634156292,2.0666015625,1.92626
34.908,0.9760589945434566,0.9667140771826409,0.6746454373057427,2.0700390625000002,1.92943
34.914,0.9769776383030262,0.968656555368731,0.6769563976240587,2.07373046875,1.93316
34.919,0.9792742477019525,0.97053269062643,0.6792035444424611,2.0770703125,1.9369
34.924,0.9811115352210926,0.9724466310082304,0.681304831832489,2.0803125,1.94034
34.929,0.9824895008604484,0.9742998825527885,0.6834197935439263,2.0841796875,1.9437799999999998
34.935,0.9838674664998042,0.9760589674332787,0.6856578241480547,2.0879492187499995,1.94763
34.94,0.9857047540189443,0.9777880444325814,0.6878548317879529,2.0912890625,1.95149
34.945,0.9870827196583001,0.9794930589028232,0.6898148178567425,2.09541015625,1.95494
34.951,0.9889200071774402,0.9811787782651833,0.6921212200679223,2.09953125,1.95907
34.957,0.9912166165763665,0.9829400291589572,0.6943182277078206,2.1034179687499996,1.96306
34.963,0.9930539040955066,0.9847618467971244,0.6964331894192579,2.10759765625,1.9667599999999998
34.968,0.9948911916146477,0.9865867294264241,0.6986666619162509,2.11138671875,1.97088
34.974,0.9962691572540034,0.9883685679063856,0.7006129736636293,2.11583984375,1.97458
34.98,0.9981064447731436,0.990115890417429,0.7028190975178008,2.1198046875,1.9787
34.985,0.9999437322922846,0.9918810373676208,0.7048383389793678,2.1238281249999997,1.98253
34.991,1.0008623760518551,0.9935694734959013,0.7066342331912345,2.1278515625,1.98607
34.996,1.0026996635709953,0.9951963972378189,0.7084939409030158,2.131875,1.9896099999999999
35.001,1.004077629210351,0.9968194977032315,0.7103627648290711,2.136484375,1.99341
35.007,1.0063742386092764,0.9984850342689267,0.7123455414335425,2.1407421875,1.99736
35.012,1.0077522042486322,1.0001845992250273,0.7141459937525472,2.1450390624999995,2.00091
35.018,1.009130169887987,1.0018204468806717,0.7159373298572778,2.14931640625,2.00458
35.023,1.0109674574071281,1.0034507031973103,0.717669410569231,2.15349609375,2.0080999999999998
35.028,1.0114267792869134,1.0049854721966631,0.7192920967099026,2.1580273437499997,2.01135
35.033,1.0137233886858388,1.0064891743178188,0.7210834328146332,2.1624218749999997,2.01514
35.038,1.0146420324454093,1.008013466613071,0.7226377473482541,2.166640625,2.01839
35.043,1.0155606762049798,1.009417763971426,0.7241328064890977,2.171796875,2.02164
35.049,1.0169386418443356,1.010771342437321,0.7259059101652809,2.1765820312499997,2.02556
35.054,1.0187759293634757,1.0121752545299558,0.7274875733417234,2.18134765625,2.02893
35.059,1.019235251243261,1.0135285240614236,0.7289644000540196,2.1859765624999996,2.03229
35.063,1.0206132168826167,1.0147956827728364,0.7303455065164464,2.19140625,2.03538
35.069,1.0224505044017569,1.0161302971419606,0.7319590764428439,2.19673828125,2.03899
35.074,1.0238284700411127,1.0175190024251972,0.7335544139406958,2.2030078125,2.04262
35.08,1.0247471138006832,1.0188600780169867,0.7352135649384612,2.2088085937499997,2.04652
35.085,1.026125079440038,1.0201629606144942,0.7367086240793048,2.2148046875,2.05002
35.09,1.0275030450793938,1.021480719141419,0.7382036832201493,2.22138671875,2.05364
35.096,1.0288810107187496,1.0228104062840857,0.7398537180036406,2.2282421875,2.05753
35.102,1.0302589763581045,1.024149658669335,0.7413852420015781,2.234453125,2.06115
35.107,1.0316369419974603,1.025496581170518,0.7428438362853287,2.240859375,2.06476
35.112,1.033014907636816,1.0268496541355203,0.7442614076048475,2.24673828125,2.06825
35.117,1.034392873276171,1.028207658995363,0.745628839745863,2.25279296875,2.07162
35.122,1.0353115170357414,1.0295241167267482,0.7470509691725198,2.25822265625,2.07512
35.127,1.036230160795312,1.0307617570258565,0.7483454715993485,2.26330078125,2.07833
35.132,1.0376081264346668,1.031981697588219,0.7495807186333989,2.26828125,2.08141
35.136,1.038067448314452,1.0331419433132156,0.7507703845960823,2.27298828125,2.08449
35.141,1.0394454139538079,1.034254321321397,0.7519418181302191,2.278125,2.08757
35.146,1.0408233795931636,1.0354193192389252,0.7533138083783717,2.2831640625,2.09105
35.151,1.0417420233527332,1.0365810097900017,0.7546128689123366,2.2878125,2.09453
35.156,1.0426606671123038,1.0376945463661378,0.7558663483749344,2.29216796875,2.09775
35.161,1.0440386327516595,1.0388149714238253,0.7570605724447539,2.2968359375,2.10098
35.166,1.04495727651123,1.0399409201733216,0.7584006559429497,2.3015625,2.1046
35.172,1.046335242150585,1.0410712982257015,0.759799994833922,2.30634765625,2.10848
35.178,1.048172529669726,1.0422962317892266,0.7612813796533553,2.3109374999999996,2.11237
35.184,1.0486318515495112,1.0435059831552131,0.7626488117943708,2.3154101562499996,2.11614
35.189,1.050009817188866,1.044658058432174,0.7640208020425234,2.319296875,2.12006
35.195,1.0518471047080071,1.0459003904282564,0.7654155828263596,2.3234179687500003,2.12396
35.2,1.0518471047080071,1.047078591253823,0.7666599460746841,2.327265625,2.12746
35.206,1.053225070347363,1.0481598650989923,0.7679590066086481,2.33109375,2.1311999999999998
35.212,1.165758930894726,1.0603113775656157,0.7730139474232693,2.334609375,2.13507
35.217,1.0559810016260736,1.0703283664669503,0.7775674964528516,2.3380664062500003,2.13853
35.222,1.0564403235058588,1.067531277249484,0.7783195841304105,2.3411718749999997,2.14213
35.227,1.0578182891452137,1.0654703726635943,0.779053439379422,2.3442578125,2.14545
35.232,1.0587369329047842,1.0640452970164334,0.7798009689498446,2.34724609375,2.14877
35.237,1.06011489854414,1.0631300758378506,0.7805576147345397,2.34998046875,2.1520799999999998
35.242,1.0605742204239252,1.0625781916353636,0.7812960280906873,2.35314453125,2.15525
35.248,1.0619521860632801,1.062317657778195,0.7822122076251681,2.3563281249999997,2.15907
35.253,1.0637894735824212,1.062427255739192,0.783096480409692,2.35912109375,2.16263
35.258,1.0637894735824212,1.0626971469954372,0.7839169396943007,2.3618359375,2.16593
35.263,1.0647081173419917,1.0630045694506844,0.7847465151931834,2.36490234375,2.16936
35.269,1.0665454048611318,1.0635240947250661,0.7857082757990312,2.3676171874999996,2.17304
35.275,1.067004726740917,1.0641681977751536,0.7866609201906059,2.37091796875,2.1767
35.281,1.0683826923802728,1.0648666945753607,0.7877047267249138,2.3740234375,2.1807499999999997
35.287,1.0697606580196277,1.0656998120601289,0.7887576494734967,2.376640625,2.18481
35.292,1.0706793017791982,1.066595376438945,0.7896328060437465,2.37931640625,2.18807
35.298,1.0711386236589835,1.0674500115664012,0.7905808923281841,2.3820703125,2.1917
35.303,1.0725165892983393,1.0683173284908385,0.7915563272554413,2.3845507812499998,2.19533
35.308,1.0734352330579098,1.0692403164989928,0.7924406000399653,2.3871875,2.19871
35.314,1.0748131986972647,1.070207945681958,0.7934297092886329,2.3899609374999997,2.20233
35.32,1.0757318424568352,1.071211371446478,0.794491748251489,2.3924023437499997,2.20623
35.325,1.0761911643366204,1.072152497776423,0.7954079277859689,2.3947460937500002,2.20961
35.33,1.0766504862164057,1.0729981659467465,0.7962375032848517,2.3969921875,2.21271
35.335,1.0780284518557606,1.0738582925045848,0.7971035436408282,2.3993359375,2.21608
35.34,1.078947095615331,1.0747755147472668,0.7979787002110781,2.4015429687500003,2.21931
35.345,1.0798657393749016,1.0756930186299087,0.7988401824599176,2.4035546875,2.22255
35.35,1.0812437050142574,1.076656250237161,0.7996469674231177,2.40564453125,2.22551
35.355,1.0817030268940426,1.0776106478166665,0.8005084496719572,2.4078515625,2.2286
35.359,1.082162348773827,1.0784669578522463,0.8013562575993873,2.4099414062499998,2.23184
35.364,1.083999636292968,1.0793811197263143,0.8021995074196804,2.4121484375,2.23482
35.369,1.0844589581727533,1.0803416714649703,0.8030883383113396,2.41421875,2.23804
35.374,1.0853776019323238,1.081248418243528,0.803945262453043,2.4163671875,2.24113
35.379,1.0853776019323238,1.0820665183576734,0.8047702798447895,2.41857421875,2.24424
35.384,1.0867555675716787,1.0828590369328748,0.80563176209363,2.42060546875,2.24746
35.388,1.0876742113312492,1.083722046116101,0.8064476632711015,2.4226367187499998,2.25055
35.393,1.089052176970605,1.0846415798601095,0.807268122555711,2.4251171874999997,2.25339
35.399,1.0899708207301746,1.085606439159694,0.8082936966614724,2.4273046874999995,2.25716
35.404,1.090889464489745,1.0865621419427827,0.8092235505173635,2.42984375,2.26053
35.409,1.0918081082493156,1.087510502356615,0.8102491246231249,2.43205078125,2.26415
35.414,1.0922674301291009,1.088407473233101,0.8111151649791015,2.434140625,2.2674
35.419,1.0931860738886714,1.08926323619397,0.8119310661565748,2.4362500000000002,2.27038
35.424,1.094104717648241,1.0901314574982968,0.8127651997625946,2.43857421875,2.27348
35.429,1.0954826832875968,1.0910551707048493,0.813699611725621,2.44080078125,2.27685
35.434,1.0954826832875968,1.0919323776353993,0.8146157912601018,2.4430078125,2.28025
35.439,1.0968606489269526,1.0927722924089045,0.8154408086518474,2.4453320312499995,2.28324
35.444,1.0973199708067378,1.0936278054694664,0.8163706625077385,2.4477734374999995,2.28675
35.45,1.097779292686523,1.0944048226154248,0.8172640515065348,2.4501953125,2.29014
35.455,1.099157258325878,1.0952098997261352,0.8181665567196061,2.452578125,2.29366
35.46,1.0996165802056632,1.0960374773830546,0.8190462713969922,2.45537109375,2.29704
35.466,1.100994545845019,1.096883097634973,0.8200444968599339,2.4579296875,2.30095
35.472,1.1019131896045895,1.0977886876532543,0.8210062574657817,2.460703125,2.30462
35.477,1.1028318333641591,1.0986968639617187,0.8219771342859028,2.4629296875,2.3084
35.482,1.1032911552439444,1.0995616122631697,0.8227474543920081,2.4654296875,2.3114
35.487,1.1037504771237296,1.1003460349054008,0.8236362852836683,2.46791015625,2.31493
35.492,1.1055877646428707,1.1012025521733482,0.8244613026754148,2.470859375,2.31818
35.499,1.1069657302822256,1.1022078839914882,0.8255689227096372,2.4739257812499997,2.32233
35.505,1.1069657302822256,1.1031505387355967,0.826562590065441,2.47671875,2.32612
35.51,1.107884374041796,1.1039974325009563,0.8274833277070588,2.479609375,2.32978
35.516,1.1092623396811518,1.1049040437161024,0.8284086234558128,2.48265625,2.33342
35.522,1.1101809834407215,1.1058585407803676,0.8293886164902071,2.48560546875,2.33719
35.527,1.111099627200292,1.1068059343600525,0.8303275865603714,2.48865234375,2.34084
35.533,1.1120182709598625,1.1077476318426658,0.8312574404162625,2.4918359375,2.3444599999999998
35.539,1.1133962365992183,1.1087302636601084,0.8322511077720671,2.4948828125,2.34823
35.544,1.1138555584790035,1.1097002177568693,0.8331809616279573,2.497890625,2.35189
35.549,1.1147742022385732,1.1106145040385904,0.8340515600910701,2.5011328125,2.35527
35.555,1.1156928459981437,1.1115296536515156,0.8349950882683705,2.5044921875,2.35892
35.561,1.1166114897577142,1.11244549554698,0.8359203840171254,2.5078125,2.36258
35.566,1.1175301335172847,1.1133618925655675,0.8368320054444691,2.5111328124999996,2.36635
35.571,1.1189080991566396,1.1143242366077057,0.8377253944432663,2.5147265625,2.36973
35.577,1.1189080991566396,1.1152324205871893,0.83863701587061,2.51818359375,2.37339
35.582,1.1193674210364248,1.1160061712699307,0.8394574751552186,2.52154296875,2.3767899999999997
35.587,1.1207453866757806,1.1168086290898755,0.8402597020112816,2.5249609374999995,2.38003
35.592,1.1221233523151364,1.11772511017646,0.8410756031887541,2.528359375,2.38315
35.597,1.1221233523151364,1.1185965178606116,0.8418869462590903,2.53220703125,2.3864199999999998
35.602,1.1225826741949207,1.119340778601372,0.8427210798651092,2.53615234375,2.3898
35.608,1.1244199617140618,1.1201650910990042,0.8435916783282229,2.5405468749999995,2.39331
35.613,1.1253386054736323,1.1210990968756422,0.8445169740769769,2.54498046875,2.39697
35.619,1.1253386054736323,1.1219390552619322,0.845405804968637,2.5494140625,2.40063
35.624,1.1267165711129872,1.1227491014094875,0.8462581710032033,2.55365234375,2.40402
35.629,1.1276352148725577,1.123626165491042,0.8471059789306334,2.558515625,2.40742
35.635,1.1285538586321282,1.1245114676026515,0.8480358327865236,2.56294921875,2.41121
35.64,1.1290131805119135,1.1253578736884984,0.8488790826068167,2.5671875,2.41461
35.645,1.1303911461512683,1.126218591961347,0.8496904256771529,2.57189453125,2.41802
35.651,1.1303911461512683,1.127045284914803,0.8506111633187698,2.5768359375,2.4217
35.657,1.1322284336704094,1.1278901957463305,0.8515227847461135,2.5809570312499996,2.4255
35.662,1.1331470774299799,1.1288407187840463,0.852343244030723,2.5847851562499997,2.42878
35.666,1.1331470774299799,1.1296939219266793,0.8531090060296922,2.58875,2.43192
35.671,1.1340657211895504,1.130469086810329,0.8539021166714811,2.59296875,2.43519
35.677,1.13498436494912,1.1312726786407108,0.8547635989203206,2.59705078125,2.43874
35.682,1.1359030087086905,1.1320990652904794,0.8556296392762972,2.6016796875,2.44243
35.688,1.1363623305884758,1.132898228620204,0.8565275863822315,2.6055859375,2.44612
35.693,1.1381996181076168,1.1337665660569587,0.8573526037739772,2.6091015625,2.44954
35.698,1.1391182618671865,1.1347358742719935,0.858145714415766,2.61287109375,2.4527
35.703,1.1386589399874012,1.1355586388682826,0.8589661737003746,2.616171875,2.45613
35.708,1.1395775837469717,1.1362638939988836,0.8596498897708829,2.61953125,2.45903
35.712,1.1404962275065422,1.1370114270407803,0.8603928612341685,2.623125,2.46221
35.717,1.1414148712661127,1.1377928616255026,0.8611859718759574,2.6264062499999996,2.46551
35.722,1.1427928369054676,1.1386469828488843,0.8619289433392421,2.6295703125,2.46856
35.727,1.1427928369054676,1.139468385802239,0.8626810310168009,2.63296875,2.47173
35.732,1.1432521587852529,1.1401725490672572,0.8634331186943598,2.6360546874999997,2.47489
35.736,1.1446301244246087,1.140919206570919,0.8641396253005507,2.6393359375,2.4779299999999997
35.741,1.1455487681841792,1.1417454409695549,0.8649509683708869,2.642734375,2.48124
35.746,1.1460080900639644,1.1425444822131086,0.8657486371198129,2.6464453125,2.48455
35.752,1.146926733823534,1.1433217179822825,0.8666237936900627,2.64953125,2.48827
35.756,1.1478453775831046,1.1441269704011874,0.8673576489390742,2.65251953125,2.49131
35.761,1.148764021342675,1.1449546886331277,0.8680960622952227,2.65548828125,2.49421
35.765,1.1483046994628898,1.1456639159536035,0.8687888945800042,2.65845703125,2.49725
35.77,1.1496826651022456,1.1463236304199746,0.8694954011861951,2.6614843749999997,2.50028
35.774,1.1501419869820309,1.1470346456034577,0.8701973496852506,2.6645312499999996,2.50332
35.779,1.1510606307416005,1.147741295595004,0.8709448792556724,2.6678125,2.5065
35.784,1.1524385963809562,1.1485354490240796,0.8717425480045975,2.67099609375,2.50982
35.789,1.1524385963809562,1.1493087653836427,0.8725174262178408,2.6740625,2.51299
35.794,1.1533572401405268,1.1500198711613796,0.8732558395739884,2.6773828125,2.51617
35.799,1.1547352057798816,1.1508175975679684,0.8740762988585979,2.68078125,2.51961
35.804,1.1547352057798816,1.1515937790040327,0.8749058743574807,2.68400390625,2.52317
35.81,1.1561131714192374,1.1523526840960554,0.8757126593206808,2.6876171875,2.5266
35.815,1.1574911370585932,1.1532342413979593,0.8766060483194771,2.69072265625,2.5303
35.82,1.1574911370585932,1.1540776446195982,0.8773854846398557,2.69380859375,2.53347
35.825,1.1579504589383784,1.1547994493199325,0.878155804745961,2.6975,2.5367699999999997
35.831,1.1597877464575186,1.1556057549105803,0.8790309613162108,2.70119140625,2.54048
35.836,1.1602470683373038,1.1564798195381334,0.8799562570649648,2.7043749999999998,2.5443
35.841,1.1611657120968744,1.1573172145816815,0.8807356933853434,2.70845703125,2.54758
35.848,1.1620843558564449,1.1581707071371985,0.8817521512768325,2.7121289062500002,2.5518
35.853,1.1630029996160145,1.1590371078633104,0.882613633525672,2.7157421875,2.55535
35.859,1.163921643375585,1.159913859311225,0.8835024644173322,2.71919921875,2.55903
35.864,1.1648402871351555,1.1607989107301584,0.8843411561304881,2.7224414062499998,2.56258
35.869,1.1652996090149408,1.1616451157921552,0.8851114762365944,2.72560546875,2.56574
35.874,1.1666775746542957,1.1625056728692764,0.8858772382355626,2.72890625,2.5689
35.879,1.167136896534081,1.163377738449076,0.8866749069844886,2.732578125,2.57218
35.884,1.1680555402936514,1.1642135305089156,0.8875500635547384,2.7359375,2.57585
35.889,1.1685148621734367,1.1650202357890949,0.8882930350180231,2.7394140625,2.57901
35.894,1.168974184053222,1.1657581152623027,0.8890724713384026,2.7429492187499998,2.58228
35.899,1.170811471572362,1.1665773107896638,0.8898792563016018,2.7465234375,2.58568
35.904,1.170811471572362,1.167416209632802,0.890686041264801,2.75013671875,2.58895
35.91,1.1712707934521474,1.1681344023907303,0.8914791519065899,2.7541992187499997,2.59235
35.915,1.1731080809712884,1.168937811659956,0.8923588665839768,2.7581835937499997,2.59612
35.921,1.1735674028510736,1.1698095538036941,0.8932203488328172,2.7619726562499998,2.59964
35.926,1.1744860466106442,1.1706450865086804,0.894004343260332,2.7654296875,2.6029
35.93,1.175864012249999,1.1715425875889358,0.894724524187934,2.7689453125,2.60575
35.935,1.175864012249999,1.1723987757062337,0.8954720537583558,2.772578125,2.60874
35.939,1.1763233341297843,1.1731308322774487,0.8961876765788199,2.77669921875,2.61172
35.945,1.17770129976914,1.1738998566882166,0.8970263682919768,2.7810937499999997,2.61522
35.95,1.1781606216489253,1.1746985246352277,0.897874176219406,2.78529296875,2.61871
35.955,1.179079265408495,1.1754754610677423,0.898671844968332,2.7895117187499996,2.62207
35.96,1.1799979091680655,1.1762804734564691,0.8994558393958476,2.7941015625,2.62531
35.966,1.1804572310478507,1.1770624973295867,0.9003264378589613,2.798828125,2.62892
35.971,1.1813758748074212,1.177826087317904,0.9011377809292966,2.8033984375,2.6322799999999997
35.976,1.1818351966872065,1.178574895659828,0.9019035429282658,2.80779296875,2.63549
35.981,1.182753840446777,1.1793118509890825,0.902628281963004,2.81240234375,2.63858
35.986,1.1845911279659171,1.1801758073547124,0.9034122763905197,2.816953125,2.6418
35.991,1.1845911279659171,1.181050598734378,0.9041780383894888,2.8221484375,2.6449
35.996,1.1855097717254877,1.1818430746563424,0.9050121719955078,2.8276367187499996,2.64824
36.001,1.185969093605273,1.182615045867164,0.9058326312801182,2.83271484375,2.65172
36.006,1.1868877373648425,1.1833705748905259,0.9065710446362658,2.83857421875,2.6548
36.012,1.1873470592446278,1.1841129193571003,0.9074279687779692,2.8449804687499998,2.65841
36.017,1.1887250248839836,1.1848901933600176,0.9082940091339458,2.85126953125,2.66215
36.023,1.1901029905233393,1.1857864802074518,0.9091737238113327,2.8583984375,2.66562
36.029,1.1905623124031246,1.1866871965484007,0.9100807871315393,2.86541015625,2.66936
36.034,1.191021634282909,1.1875004610135609,0.9109741761303356,2.8719531249999997,2.67309
36.039,1.1919402780424795,1.1882891020092854,0.9117308219150315,2.87658203125,2.67631
36.045,1.1901029905233393,1.1888304886690804,0.9124510028426327,2.8780078125,2.67916
36.05,1.189643668643554,1.18903710293848,0.9130481148775438,2.877265625,2.6812899999999997
36.055,1.189643668643554,1.1891572795908056,0.9135768553054024,2.87470703125,2.68271
36.06,1.187806381124413,1.1890716385412317,0.9140554565547578,2.87087890625,2.68359
36.066,1.1868877373648425,1.18872995393097,0.9144109889114223,2.86646484375,2.68364
36.071,1.185969093605273,1.1882739585073656,0.9146708010182154,2.8608203125,2.68299
36.077,1.1855097717254877,1.1877718021401735,0.9148941482679147,2.8552343749999998,2.68138
36.083,1.1841318060861319,1.1871871286439495,0.9150263333748798,2.8493359375,2.67894
36.089,1.1836724842063466,1.1865362868367089,0.9150901468747934,2.84345703125,2.67577
36.094,1.1822945185669917,1.1858323864047422,0.9150810306605202,2.83783203125,2.67206
36.1,1.1818351966872065,1.1850859396599775,0.9150172171606057,2.83234375,2.66861
36.105,1.180916552927636,1.184350878033245,0.9149123806964612,2.8269921875,2.66505
36.11,1.1799979091680655,1.1835794439476564,0.9147619631609487,2.82158203125,2.66179
36.115,1.179079265408495,1.182778843745914,0.9145522902326606,2.8165625,2.65826
36.121,1.1786199435287106,1.182000357889255,0.9143243848758242,2.81162109375,2.65473
36.126,1.17770129976914,1.1812396049430913,0.9140736889833052,2.807265625,2.65159
36.13,1.1772419778893548,1.1804930715504993,0.9138184349836482,2.80298828125,2.64855
36.135,1.175864012249999,1.1797124385582085,0.9135267161268983,2.7985937499999998,2.64553
36.14,1.1749453684904285,1.1788589601106716,0.9131666256630977,2.79453125,2.64224
36.144,1.1749453684904285,1.1780835744672746,0.9128338838421168,2.79001953125,2.63933
36.149,1.1735674028510736,1.177325307500419,0.9124145379855388,2.7854296875,2.63577
36.155,1.1731080809712884,1.176535265664167,0.9119678434861411,2.7816015624999997,2.6323499999999997
36.159,1.1721894372117179,1.1757652462825272,0.9115712881652458,2.77740234375,2.6292999999999997
36.164,1.1717301153319326,1.1750112823795456,0.9111018031301645,2.77337890625,2.62599
36.169,1.1703521496925777,1.1742246910568057,0.9106140856665359,2.76927734375,2.62254
36.174,1.168974184053222,1.1733209328961656,0.910067112810129,2.765234375,2.61924
36.18,1.168974184053222,1.1724597273910136,0.9095064656323126,2.7610351562499997,2.61579
36.185,1.1680555402936514,1.1716781456237635,0.9089139117045386,2.7572070312499997,2.6122199999999998
36.19,1.167136896534081,1.170869408263541,0.9083487064195861,2.75328125,2.60879
36.195,1.1662182527745113,1.1700388955490042,0.9077333619561294,2.749375,2.60535
36.201,1.1662182527745113,1.1692819255216345,0.9071362499212192,2.74560546875,2.60176
36.206,1.1643809652553703,1.1684929236669748,0.906534579779172,2.741796875,2.59844
36.211,1.163921643375585,1.167632734449267,0.9058599799229379,2.7383984375,2.59485
36.216,1.1630029996160145,1.166806465731185,0.9052811003165742,2.73501953125,2.59165
36.221,1.1625436777362301,1.1660073969677722,0.9046748720673907,2.73189453125,2.58846
36.225,1.1611657120968744,1.1651846372461996,0.904059527603934,2.72853515625,2.58526
36.23,1.160706390217089,1.164342880369658,0.9034122763905197,2.72501953125,2.5820499999999997
36.235,1.1597877464575186,1.1635313920601695,0.9027331184271485,2.721484375,2.5787
36.241,1.158869102697948,1.1626986734319182,0.9020083793924103,2.7178515625,2.57508
36.246,1.158869102697948,1.161939934540478,0.9012973146790824,2.71435546875,2.57146
36.251,1.1574911370585932,1.161195016165288,0.9005953661800277,2.7108007812499997,2.56797
36.257,1.1561131714192374,1.1603246744429898,0.8998250460739223,2.7073242187499997,2.56421
36.262,1.155194527659667,1.1593992609291501,0.899054725967817,2.703671875,2.56072
36.268,1.1542758839000973,1.1584751886820492,0.8982661734331643,2.7004296875,2.55707
36.272,1.1542758839000973,1.157643195731295,0.8975687830412467,2.6968359375,2.5538499999999997
36.278,1.153816562020312,1.1569305406264632,0.8968075791494146,2.6931445312499998,2.55006
36.284,1.1524385963809562,1.1561770737402588,0.8960190266147618,2.68986328125,2.54616
36.289,1.1510606307416005,1.1552998771922758,0.8952714970443401,2.6865625,2.5427999999999997
36.294,1.1506013088618152,1.1544144688593285,0.8945330836881915,2.68306640625,2.53943
36.299,1.1501419869820309,1.1536134794823394,0.8937354149392656,2.679453125,2.53566
36.305,1.148764021342675,1.152789179671358,0.8929514205117508,2.6760546874999998,2.53202
36.31,1.1483046994628898,1.151946187837709,0.8921811004056446,2.6722656249999996,2.52853
36.316,1.146926733823534,1.1510882073637148,0.891319618156805,2.66875,2.52463
36.321,1.1460080900639644,1.150172706009107,0.8904900426579214,2.66525390625,2.52101
36.327,1.1460080900639644,1.1493475858311555,0.8896832576947231,2.6616015625,2.5174
36.332,1.1446301244246087,1.148549438051803,0.8888947051600704,2.6580273437499997,2.51376
36.337,1.1432521587852529,1.1476364130731775,0.8880560134469144,2.6543554687499995,2.51
36.343,1.1427928369054676,1.146722274865963,0.8871808568766646,2.6505664062500003,2.50622
36.349,1.141874193145898,1.145852745875031,0.8863421651635086,2.6468554687499997,2.50245
36.354,1.1409555493863275,1.1449734859540033,0.8854761248075311,2.64318359375,2.49869
36.359,1.140036905626757,1.144086423056592,0.884673897951469,2.63947265625,2.4952
36.365,1.1386589399874012,1.1431476012731183,0.8838032994883562,2.6357617187499995,2.49144
36.37,1.1381996181076168,1.1422127772879753,0.8829691658823355,2.63212890625,2.48795
36.376,1.1381996181076168,1.1414176646867984,0.8821487065977269,2.625859375,2.48419
36.384,1.1363623305884758,1.1405980773074573,0.8808587622780353,2.6223046875,2.47838
36.389,1.13498436494912,1.1396223585936966,0.8800884421719299,2.6183984375,2.4750199999999998
36.395,1.13498436494912,1.1387034498175308,0.8792543085659101,2.6145703124999997,2.47139
36.4,1.1336063993097651,1.1378300954330864,0.8784566398169842,2.61068359375,2.46789
36.405,1.1331470774299799,1.1369477680298197,0.8776407386395118,2.60666015625,2.46426
36.41,1.1317691117906241,1.136058245399245,0.8768293955691764,2.6025390625,2.46061
36.416,1.1313097899108389,1.1351629531055234,0.8759907038560195,2.5984374999999997,2.4571
36.421,1.1303911461512683,1.1343085361559342,0.8751702445714109,2.5945507812499997,2.45348
36.426,1.1290131805119135,1.1333958922976293,0.8743953663581685,2.5901562499999997,2.45024
36.432,1.1285538586321282,1.1324820597007552,0.8735110935736445,2.5861523437500002,2.44647
36.436,1.128094536752343,1.1316582776556499,0.872777238324633,2.581953125,2.44323
36.441,1.1271758929927724,1.13086120288976,0.8720114763256648,2.5781054687499996,2.44
36.446,1.126257249233202,1.130040042102249,0.8713095278266092,2.5741015625,2.43689
36.45,1.1253386054736323,1.1291995673687913,0.8705711144704615,2.5700976562499998,2.43379
36.455,1.1239606398342765,1.1282981034061528,0.8698099105786294,2.565625,2.43068
36.46,1.1235013179544913,1.1273932356729652,0.8689438702226528,2.560703125,2.42718
36.466,1.1235013179544913,1.1266221442007285,0.8680960622952227,2.5565429687499996,2.42353
36.47,1.1221233523151364,1.1258673206165526,0.8673576489390742,2.55216796875,2.42028
36.475,1.1216640304353511,1.1250800399381202,0.8665326315473285,2.54744140625,2.41676
36.481,1.1202860647959954,1.1242667327712161,0.8656438006556684,2.5429296875,2.41297
36.487,1.1193674210364248,1.1233870537641906,0.8647549697640082,2.53857421875,2.40918
36.492,1.1184487772768543,1.1224996548127626,0.8638752550866213,2.53419921875,2.40553
36.498,1.1175301335172847,1.121606065441379,0.8629636336592776,2.5299609375,2.40173
36.503,1.1166114897577142,1.1207075121353827,0.8620383379105245,2.5259765625,2.39778
36.509,1.1156928459981437,1.1198049783810458,0.8611540651260006,2.52208984375,2.39412
36.514,1.114314880358788,1.1188537509251408,0.8602652342343395,2.518359375,2.39046
36.519,1.114314880358788,1.1179544810431783,0.8594083100926371,2.51453125,2.38694
36.525,1.112936914719433,1.1170968745704084,0.858478456236746,2.51099609375,2.38302
36.53,1.1115589490800772,1.1161361712325764,0.8576169739879065,2.50748046875,2.37949
36.536,1.1115589490800772,1.115229302890635,0.8567007944534257,2.5038671875,2.3757
36.542,1.109721661560937,1.1143201015281181,0.8557982892403562,2.5006640625,2.3719
36.547,1.1092623396811518,1.1133635274929397,0.8548729934916013,2.497109375,2.36824
36.553,1.1083436959215813,1.1124599703299676,0.8539431396357111,2.49388671875,2.3643
36.558,1.1065064084024403,1.1114624203447014,0.853058866851188,2.490703125,2.36076
36.564,1.106047086522655,1.1104350018773848,0.8520925481382031,2.4876171874999997,2.35695
36.569,1.1051284427630854,1.109474636431399,0.8511900429251327,2.48466796875,2.35327
36.574,1.1051284427630854,1.108613540920973,0.8503467931048396,2.48189453125,2.34973
36.579,1.1032911552439444,1.1077410435856967,0.8495172176059569,2.4785546875,2.34631
36.585,1.1028318333641591,1.1068139015426213,0.8484642948573757,2.4754101562499997,2.34207
36.591,1.1014538677248042,1.1058884432334821,0.8475162085729382,2.4724609375,2.33812
36.597,1.1000759020854485,1.1048733312963133,0.84649975068145,2.46947265625,2.33403
36.603,1.099157258325878,1.1038318303626142,0.8455425481827383,2.4665624999999998,2.33021
36.608,1.0986979364460927,1.1028601725579823,0.8445671132554802,2.46384765625,2.32622
36.614,1.0973199708067378,1.101899018232872,0.8436828404709571,2.46115234375,2.32265
36.619,1.095942005167382,1.1008552826012712,0.8427393122936566,2.45810546875,2.31894
36.625,1.0950233614078115,1.0997908290813898,0.8416681571165281,2.455546875,2.31483
36.63,1.0945640395280263,1.098800766202818,0.8407793262248671,2.4532421875,2.31126
36.635,1.0931860738886714,1.0978248533339845,0.8399634250473946,2.4508203125,2.30797
36.64,1.0927267520088861,1.096860286985034,0.8390381292986406,2.4480664062499997,2.30441
36.646,1.0918081082493156,1.0959503209962869,0.8380854849070669,2.44583984375,2.30056
36.65,1.090889464489745,1.0950386357124353,0.8373060485866883,2.44353515625,2.2974
36.655,1.0904301426099599,1.094171073656101,0.8364810311949418,2.4411914062499998,2.29411
36.66,1.0895114988503902,1.093338892853037,0.835646897588922,2.4385546875,2.29069
36.666,1.0881335332110345,1.092444079574593,0.8346623464473906,2.4361328125,2.28673
36.671,1.087214889451464,1.0914990429648324,0.8337826317700037,2.4339062499999997,2.2831799999999998
36.676,1.0858369238121082,1.0905137335893336,0.8329257076283012,2.43123046875,2.2799
36.682,1.0849182800525385,1.0894961305443858,0.8319001335225398,2.42873046875,2.27593
36.687,1.083999636292968,1.0884981339419615,0.8309611634523755,2.4264843750000002,2.27238
36.692,1.0830809925333975,1.0875158592290652,0.8301042393106721,2.42392578125,2.2691
36.697,1.0826216706536123,1.0865916933699775,0.8291379205976881,2.42125,2.26541
36.703,1.0812437050142574,1.08566862158434,0.828121462706199,2.4187890625,2.26146
36.708,1.0794064174951163,1.084609921452521,0.8271642602074891,2.4161328125,2.25777
36.714,1.0784877737355458,1.0834879664093577,0.8261067793517691,2.41349609375,2.25392
36.72,1.0780284518557606,1.0824517945747294,0.825012833638957,2.4109570312499997,2.24979
36.725,1.0766504862164057,1.0814389081492441,0.8240738635687936,2.4085546874999997,2.24622
36.73,1.0761911643366204,1.0804446936796595,0.8231531259271758,2.4058203125,2.24264
36.736,1.0748131986972647,1.0794654517594087,0.8221047612857308,2.4034375,2.23864
36.741,1.0743538768174794,1.0784982159318643,0.821225046608344,2.4012109374999997,2.23533
36.746,1.0725165892983393,1.0774951055886897,0.8203726805737777,2.3990234375,2.23202
36.75,1.0725165892983393,1.0765087303018592,0.8195385469677579,2.3967382812499998,2.22883
36.755,1.0711386236589835,1.0755812763006047,0.8186861809331916,2.3942187500000003,2.22565
36.76,1.070219979899413,1.0746100659554745,0.8177198622202067,2.39130859375,2.22191
36.766,1.068842014260058,1.0736037685513968,0.8166076840788481,2.38880859375,2.21775
36.771,1.0679233705004876,1.072569335759475,0.8157370856157344,2.3861328125,2.21456
36.776,1.067004726740917,1.071557843826503,0.8147251858313833,2.3837109375,2.21081
36.781,1.0656267611015613,1.0705192456787636,0.81386826168968,2.38103515625,2.20761
36.786,1.065167439221777,1.0695044136567404,0.8128791524410124,2.37865234375,2.20401
36.791,1.0637894735824212,1.0685086390645686,0.8120267864064452,2.37564453125,2.20095
36.797,1.0628708298228506,1.0674826442381833,0.8108963758365393,2.37265625,2.19679
36.802,1.0614928641834958,1.0664324166024421,0.8098708017307779,2.3695703125,2.19303
36.808,1.06011489854414,1.0653172554305899,0.8087586235894184,2.3664453125,2.18913
36.813,1.0587369329047842,1.064150025767465,0.8076236549123754,2.3633984375,2.18508
36.819,1.056899645385644,1.0628955418685144,0.8065479416281089,2.3602539062499996,2.18144
36.824,1.056899645385644,1.061707596752304,0.8054494378081598,2.3570703125,2.17752
36.83,1.0555216797462883,1.0606185092172795,0.8043463758810745,2.3539453124999996,2.17374
36.835,1.0536843922271473,1.0594266854314025,0.8032706625968089,2.3507421875,2.16995
36.84,1.053225070347363,1.0582434839234978,0.8022177398482269,2.3470703125,2.16628
36.846,1.0523064265877924,1.0571582001629551,0.8010554225283633,2.34396484375,2.16219
36.851,1.0504691390686514,1.0560149284085347,0.8000891038153792,2.34052734375,2.1587899999999998
36.856,1.0495504953090808,1.0548251576101082,0.7990042743168404,2.33740234375,2.15512
36.86,1.0486318515495112,1.0536891042236822,0.7980470718181287,2.33423828125,2.15188
36.865,1.0467945640303702,1.052505121644309,0.7970716368908715,2.3309765625,2.14863
36.87,1.046335242150585,1.051328207793243,0.7960551789993833,2.32724609375,2.14525
36.875,1.04495727651123,1.0502024640540581,0.7949475589651609,2.3236718749999996,2.14158
36.88,1.0440386327516595,1.049072250394044,0.7938900781094418,2.3196874999999997,2.13806
36.885,1.043119988992089,1.0479839543072713,0.7928006905037659,2.31611328125,2.13442
36.89,1.0417420233527332,1.0468837689327866,0.7918161393622345,2.31201171875,2.13107
36.896,1.0408233795931636,1.04577404985183,0.7906401477209615,2.30765625,2.12719
36.901,1.0394454139538079,1.0446566859429165,0.7895325276867382,2.30375,2.12359
36.905,1.038067448314452,1.043487689962996,0.7885251860095241,2.2992187499999996,2.12042
36.911,1.0376081264346668,1.0423682953560054,0.7873628686896597,2.29451171875,2.11658
36.916,1.0366894826750972,1.0413341766676634,0.7862370162268908,2.29021484375,2.11291
36.921,1.0348521951559562,1.040231932836176,0.7852524650853594,2.28466796875,2.10979
36.927,1.0339335513963857,1.039075061247851,0.7839761950870789,2.27958984375,2.10574
36.932,1.0320962638772455,1.0378743851010426,0.7827910872315318,2.274296875,2.1021199999999998
36.937,1.0316369419974603,1.0366840851182122,0.7817016996258559,2.26859375,2.09876
36.943,1.0302589763581045,1.0355476073927594,0.7805348241988552,2.2626367187499996,2.09501
36.949,1.027962366959179,1.0342722807772062,0.7792995771648048,2.25607421875,2.0912699999999997
36.954,1.0270437231996086,1.0329311167810185,0.7780233071665235,2.2501757812500003,2.08753
36.959,1.0256657575602528,1.031628163294354,0.7768974547037546,2.2444140624999998,2.08421
36.964,1.0252064356804675,1.0304013516931803,0.7758490900623096,2.2388671875,2.08101
36.968,1.0238284700411127,1.0292355962632485,0.7748371902779567,2.2330859375000003,2.07794
36.974,1.0219911825219716,1.0279822945130417,0.7736885472795034,2.2271484375,2.0745999999999998
36.978,1.0215318606421864,1.0267497954458038,0.7725763691381449,2.22197265625,2.07127
36.983,1.019235251243261,1.0254884756168312,0.7715553531395205,2.2169140625,2.06833
36.987,1.019235251243261,1.024249547063549,0.7704933141766643,2.21140625,2.0654
36.992,1.0178572856039052,1.0231195772540147,0.7693401130710749,2.2058398437499998,2.06195
36.997,1.0169386418443356,1.021985974819566,0.768209702501168,2.20029296875,2.05864
37.003,1.0151013543251945,1.0208039575939885,0.7669972460028012,2.19541015625,2.0552
37.007,1.0137233886858388,1.019537615938436,0.765894184075715,2.1900781250000003,2.0520199999999997
37.013,1.012345423046484,1.0182491586298215,0.7646179140774336,2.1851953125000003,2.04847
37.018,1.0114267792869134,1.0169884692468278,0.7634236900076141,2.18013671875,2.04519
37.023,1.0095894917677724,1.0157045443466115,0.7621246294736483,2.1750781249999998,2.04163
37.029,1.0086708480082027,1.0144019874975108,0.7608529175825041,2.1702148437499997,2.0381
37.034,1.0063742386092764,1.013038988294699,0.7595310665128556,2.165703125,2.03458
37.039,1.005455594849706,1.0116275219614157,0.7582593546217113,2.1609960937499997,2.03117
37.045,1.0031589854507805,1.0101771911135675,0.7568645738378752,2.15662109375,2.02749
37.05,1.00224034169121,1.0086956958357711,0.7555791876253206,2.1521484375,2.02423
37.055,1.0004030541720699,1.0072347125078924,0.754202639270031,2.14779296875,2.02054
37.061,0.9990250885327141,1.0057446752871078,0.7528397652361525,2.14314453125,2.01712
37.066,0.9971878010135731,1.0042313405153223,0.7513355898810357,2.138984375,2.01319
37.072,0.9962691572540034,1.0027448259363496,0.7499772739542934,2.134921875,2.00977
37.077,0.9944318697348624,1.0012798177631423,0.7486280742418243,2.1311328124999998,2.00634
37.082,0.9930539040955066,0.9997865531249639,0.7472971069579026,2.1271679687500002,2.00292
37.087,0.992135260335937,0.9983616341421278,0.7459479072454345,2.1233007812499998,1.99948
37.092,0.9898386509370107,0.9969005159691501,0.7445987075329645,2.1199609375,1.99602
37.097,0.9884606852976558,0.9953648687346852,0.7433725767131882,2.11623046875,1.99297
37.102,0.9875420415380853,0.9939059642648881,0.7419777959293512,2.11287109375,1.98953
37.107,0.9857047540189443,0.992463095910559,0.7407425488953008,2.10958984375,1.98647
37.112,0.9829488227402337,0.9908510789547933,0.73945260457561,2.1063867187499996,1.98341
37.116,0.9820301789806631,0.9891944299633759,0.7381353116130978,2.10328125,1.98034
37.121,0.9806522133413083,0.987638497373702,0.7368499254005432,2.10001953125,1.97726
37.125,0.9792742477019525,0.9861178247272379,0.7354870513666638,2.0964648437499998,1.97405
37.131,0.9774369601828115,0.9845799242150023,0.7340056665472305,2.0932421874999996,1.97055
37.135,0.9760589945434566,0.9830282091312482,0.7326108857633953,2.09005859375,1.96734
37.14,0.9746810289041008,0.9815109183916282,0.7312434536223789,2.0866796874999998,1.96413
37.145,0.9723844195051754,0.9799302278564112,0.7297529525886723,2.0834374999999996,1.96078
37.15,0.9719250976253901,0.9783897024659163,0.7283217069477423,2.08029296875,1.95742
37.155,0.9687098444668933,0.976790380676516,0.7269041356282226,2.0769335937499998,1.95431
37.16,0.9673318788275385,0.9750529078345257,0.7252951238089613,2.07373046875,1.95068
37.165,0.9654945913083974,0.9733411609593068,0.7237909484538436,2.0699609375,1.9474399999999998
37.171,0.963197981909472,0.9715590392889311,0.721999612349113,2.06677734375,1.94353
37.176,0.9618200162701163,0.9697659878100091,0.720527343743953,2.06349609375,1.94045
37.181,0.9595234068711909,0.9679641720056708,0.7189183319246917,2.060390625,1.9369399999999999
37.185,0.9576861193520498,0.9661098264348176,0.7173640173910707,2.0572265625,1.93372
37.19,0.9558488318329097,0.9642588605135767,0.7157960285360394,2.0537695312499995,1.93049
37.196,0.9535522224339834,0.9623651027593396,0.7140001343241726,2.05033203125,1.9268399999999999
37.201,0.9517149349148433,0.9604370313620096,0.7121677752552111,2.0469921875,1.92318
37.206,0.9498776473957022,0.9585269466435747,0.7105086242574457,2.04361328125,1.91981
37.211,0.9471217161169916,0.9565402811990056,0.7087355205812615,2.03970703125,1.91631
37.217,0.9452844285978506,0.9544922076884484,0.7067026047982852,2.03662109375,1.91239
37.222,0.9429878191989252,0.9524403945531454,0.7051027091932971,2.0331640625,1.90929
37.227,0.9416098535595694,0.9504310845962664,0.7032384433743788,2.02953125,1.90576
37.232,0.9388539222808587,0.9484103549330373,0.701314922162684,2.0261914062499997,1.90197
37.237,0.9370166347617177,0.9463349662233055,0.6995418184865008,2.0230078125,1.89874
37.242,0.9347200253627923,0.9442612497496814,0.6978234120959579,2.0197265625,1.89537
37.247,0.932423415963866,0.942143372313171,0.6960138435626799,2.0164453125,1.89214
37.252,0.9301268065649406,0.9399900833643924,0.6941814844937193,2.013125,1.88878
37.257,0.9269115534064447,0.9377173950873049,0.6923081024605278,2.0098046875,1.88556
37.261,0.9250742658873037,0.9353944655205866,0.6904119298916527,2.006328125,1.88232
37.266,0.9232369783681635,0.9331677544426789,0.6884337113943166,2.00298828125,1.87896
37.271,0.9213996908490225,0.9310181984350925,0.6865603293611251,1.9995703125,1.87573
37.276,0.9191030814500971,0.9288850091600116,0.684659598685113,1.99580078125,1.87238
37.281,0.9163471501713856,0.9266739401664806,0.6825537531879498,1.99251953125,1.8689
37.286,0.9135912188926749,0.9243549195943097,0.6806119995477076,1.9891601562499999,1.86568
37.291,0.9117539313735348,0.9220403392662093,0.6787522918359263,1.9855078124999999,1.86275
37.296,0.9089980000948232,0.9197293194528056,0.6766099814816684,1.9819335937499998,1.85926
37.3,0.9067013906958978,0.91737565283735,0.6746135305557859,1.978359375,1.85618
37.305,0.9044047812969715,0.9150332907602424,0.6726444282727231,1.9747460937499999,1.8531
37.31,0.9021081718980462,0.9126999934945028,0.6705021179184651,1.9710546874999997,1.84975
37.315,0.9002708843789051,0.9104194669470437,0.6685512480639488,1.96732421875,1.84669
37.319,0.8970556312204092,0.9080902520778934,0.6664454025667856,1.9635351562499999,1.84349
37.324,0.8947590218214838,0.9056764934418198,0.6643258827482112,1.9597265625,1.84029
37.329,0.8920030905427723,0.9032404432721658,0.6622245953581842,1.9552929687499998,1.83709
37.334,0.8897064811438469,0.9007865181092312,0.6597404269686722,1.95125,1.8335
37.339,0.886491227985351,0.8982727575753346,0.6576072328286884,1.94681640625,1.8303
37.344,0.8837352967066394,0.8956655147494869,0.6551230644391763,1.94236328125,1.8267099999999998
37.35,0.8805200435481435,0.8929833109374663,0.6526844771210314,1.938046875,1.82328
37.354,0.8777641122694329,0.8902409978862446,0.6503826330169886,1.9333398437499998,1.82012
37.36,0.8740895372311517,0.8874049829353482,0.6476523268420946,1.92818359375,1.8164099999999999
37.366,0.8708742840726558,0.8844483290156848,0.6448992301315162,1.92369140625,1.81271
37.37,0.8685776746737295,0.8815314435412761,0.6426110603488828,1.9188476562499999,1.80968
37.376,0.8649030996354483,0.8786009454500634,0.6398989866025353,1.9140234374999998,1.8061
37.381,0.8616878464769524,0.8755685279903009,0.637068402070633,1.9094921875,1.80254
37.386,0.8584725933184565,0.8724998859599509,0.6343107472529184,1.9051171875,1.79901
37.391,0.8547980182801753,0.8693566945162028,0.6317445329349454,1.9008007812499998,1.7958699999999999
37.397,0.8520420870014638,0.8661992257475634,0.6289185065101801,1.8968749999999999,1.79233
37.401,0.8492861557227531,0.863121312138273,0.6264434543349413,1.8926171875,1.78932
37.407,0.8451522588046867,0.859970686059727,0.6235308238745789,1.88830078125,1.78578
37.412,0.8419370056461908,0.8567162518834864,0.6204768920929764,1.8846874999999998,1.78209
37.417,0.8387217524876949,0.853469580499484,0.6178240737394063,1.88107421875,1.77895
37.422,0.8359658212089833,0.8502746357789364,0.6150755351359649,1.8774609375,1.77582
37.427,0.8322912461707022,0.8470756674215986,0.6122677411397461,1.8738671875,1.7725899999999999
37.432,0.8290759930122062,0.8438279707310133,0.6092867390723322,1.8703906249999998,1.76905
37.437,0.8254014179739251,0.8405412000742413,0.6064333640047463,1.8669140624999998,1.7659
37.442,0.8217268429356439,0.8371775951488365,0.6033748741160077,1.86326171875,1.7625
37.448,0.8180522678973627,0.8337523788483964,0.6000839207632973,1.8598828125,1.7588
37.453,0.8148370147388668,0.8303232598950435,0.5970208727674224,1.856953125,1.7553999999999998
37.458,0.8111624397005848,0.8268910115071753,0.5941720558069736,1.85380859375,1.75227
37.463,0.8074878646623036,0.8234107518232966,0.591072542954004,1.85041015625,1.74902
37.468,0.8033539677442372,0.8198464912615449,0.5876813112442854,1.8474609375,1.74536
37.473,0.8001387145857413,0.8162603744946344,0.5844769619271721,1.84431640625,1.74196
37.479,0.7964641395474601,0.8127022336977804,0.5810264748246761,1.8407226562499999,1.73828
37.485,0.7909522769900379,0.8089390166692578,0.5773389661510704,1.837890625,1.73449
37.49,0.787737023831542,0.8050568563003309,0.5740708033340436,1.8347070312499998,1.73122
37.496,0.782684483153905,0.8011248202864564,0.570305806839114,1.8316992187499999,1.72745
37.501,0.7785505862358395,0.7970617865374823,0.5666912278796952,1.8288281249999998,1.7239200000000001
37.507,0.7739573674379878,0.7929392110421501,0.5630265097417739,1.82626953125,1.72025
37.511,0.7702827923997067,0.7888143924745963,0.5598677414960278,1.82380859375,1.71725
37.516,0.7666082173614246,0.7847787790164422,0.5566451597503681,1.82130859375,1.7142499999999998
37.521,0.7633929642029287,0.7808601986694478,0.5533861131476137,1.8187695312499998,1.7111
37.526,0.758799745405077,0.7769444603199653,0.549908277402297,1.81626953125,1.70783
37.53,0.7560438141263663,0.7730765027783352,0.546585417299629,1.8137890625,1.7046899999999998
37.535,0.7519099172082999,0.7692923612921989,0.5431531626256803,1.8111914062499999,1.70143
37.541,0.7477760202902335,0.7654389240371285,0.5394565377378013,1.80845703125,1.69802
37.546,0.7427234796125965,0.7614389165613547,0.535696099350008,1.8058203124999999,1.69462
37.551,0.7376709389349605,0.7572303745185858,0.5316940812839688,1.80328125,1.6910699999999999
37.556,0.7339963638966793,0.7529911197573574,0.5281022928602344,1.8009765625,1.6877900000000001
37.561,0.731699754497753,0.7490002485863299,0.524806781400387,1.7983398437499998,1.68489
37.566,0.7261878919403308,0.745026542130293,0.520777414691528,1.796015625,1.6812
37.571,0.7229726387818349,0.7409755958369298,0.5174454383745868,1.79341796875,1.6783000000000001
37.576,0.7183794199839832,0.7369537167235831,0.513543698665555,1.7909570312499998,1.67474
37.581,0.7133268793063472,0.7327731382760245,0.5098151670277185,1.78853515625,1.67156
37.586,0.709652304268066,0.7285563067848099,0.506054728639926,1.7859765625,1.66826
37.591,0.7055184073499996,0.7244014087032409,0.5020572686810238,1.7835937499999999,1.6648100000000001
37.596,0.7023031541915028,0.720341675275549,0.4983834343288285,1.7809570312499998,1.66161
37.601,0.6967912916340815,0.7162217462208725,0.4940988136203126,1.7784570312499999,1.65788
37.606,0.6926573947160151,0.711962544109486,0.4904295373752543,1.7760156249999999,1.65468
37.611,0.6889828196777339,0.7077736701442866,0.48660072738041116,1.7735937499999999,1.6513499999999999
37.616,0.6848489227596675,0.7036411904660035,0.4828539633140272,1.771328125,1.64815
37.62,0.6816336696011707,0.6995994337650656,0.47931231406879693,1.7690429687499998,1.64521
37.625,0.6779590945628895,0.6956759273135892,0.47568406078796865,1.7666796875,1.6419899999999998
37.63,0.6738251976448231,0.6917562388507508,0.47192362240017616,1.7643359374999998,1.63877
37.635,0.6696913007267566,0.6877941100474286,0.468217881298024,1.7619140625,1.63556
37.639,0.6655574038086902,0.6837979494535953,0.4643981875174532,1.7594531249999998,1.6323400000000001
37.644,0.661882828770409,0.6798200015488143,0.4604918897012853,1.7569140625,1.62899
37.649,0.6572896099725583,0.6758111560344365,0.45670866077780925,1.7544921875,1.62578
37.654,0.6536150349342762,0.6717775345412355,0.4529755710328365,1.7519921875,1.62271
37.659,0.649940459895995,0.6678150496134893,0.449169551573676,1.749296875,1.6194899999999999
37.664,0.6458065629779286,0.663864105337815,0.44504446461494584,1.7466796875,1.61599
37.669,0.6416726660598622,0.6598769133219323,0.4412338870486492,1.74400390625,1.61276
37.674,0.6384574129013663,0.6559516589683905,0.4372364270897462,1.7415625,1.6094
37.678,0.6343235159832998,0.6520760707939013,0.43370845216592624,1.7389062499999999,1.60632
37.683,0.6306489409450187,0.6481948067344839,0.42966085302852,1.73619140625,1.60297
37.688,0.6255964002673817,0.6442179875626338,0.42593232139068427,1.73341796875,1.5997599999999998
37.693,0.6223811471088858,0.6402100471494454,0.4218528155033203,1.730546875,1.59641
37.698,0.6182472501908194,0.6362681552029319,0.4177094961160428,1.72740234375,1.59292
37.704,0.6150319970323235,0.6323792257811254,0.41358440915731265,1.7246289062499998,1.58929
37.708,0.6099794563546865,0.6284417618421464,0.4098194126623831,1.7219335937499998,1.58608
37.713,0.6067642031961906,0.6244653793529829,0.40624129856005897,1.71921875,1.58316
37.717,0.6035489500376947,0.620639796643928,0.4026996493148278,1.716328125,1.58023
37.722,0.5994150531196283,0.6168441325342884,0.39880246771293404,1.71326171875,1.5769199999999999
37.727,0.5966591218409176,0.6131179612459586,0.39510128471791806,1.71041015625,1.57375
37.732,0.5929845468026356,0.60949301630449,0.39158242600837134,1.70744140625,1.57083
37.736,0.5897692936441397,0.6059037402177816,0.3879769632632266,1.7044726562499999,1.56778
37.741,0.587013362365429,0.6024340698155439,0.38440796537517574,1.7013476562499998,1.5646200000000001
37.745,0.5837981092069331,0.5990603080594538,0.3809346877369961,1.698203125,1.56171
37.75,0.5805828560484363,0.5957179510340702,0.3772562952776646,1.69474609375,1.5584099999999999
37.755,0.5773676028899404,0.5924007766345628,0.37359157713974245,1.69123046875,1.55526
37.76,0.573233705971874,0.5890127917491548,0.3697764414663087,1.68755859375,1.5518399999999999
37.765,0.5709370965729486,0.5856590295712245,0.36607070036415656,1.68412109375,1.54854
37.77,0.5677218434144526,0.5824237134503728,0.36279342133285564,1.6803710937499998,1.54565
37.775,0.5640472683761715,0.5791468704461779,0.359110470766387,1.6763671875,1.5423499999999999
37.78,0.5612913370974599,0.5758822300136275,0.3554184039856443,1.6722851562499998,1.53891
37.785,0.5571574401793935,0.5725818726167289,0.3518630804190046,1.66818359375,1.53573
37.79,0.5544015089006828,0.5692528747274468,0.34823026903103926,1.66361328125,1.53241
37.795,0.5511862557421869,0.5659919145520457,0.34429662257205074,1.6593359374999999,1.52874
37.8,0.547971002583691,0.5627400101413103,0.3411105056834849,1.6544921874999998,1.52572
37.805,0.544296427545409,0.5594498654246449,0.3372178821887264,1.6492968749999999,1.52218
37.811,0.5406218525071278,0.5560835549295355,0.33343465326525035,1.6442578124999998,1.51865
37.815,0.5378659212284171,0.5527471728739531,0.33002063101984813,1.63962890625,1.51539
37.82,0.5355693118294917,0.549571295300105,0.32687097898837525,1.63412109375,1.5125
37.825,0.5328133805507802,0.5465241220400343,0.323329329743145,1.6278125,1.50897
37.831,0.5295981273922843,0.5434891496072579,0.3194503805697968,1.621796875,1.5051999999999999
37.836,0.5254642304742179,0.5403274550414868,0.31604091643153165,1.61623046875,1.50198
37.841,0.5240862648348621,0.5372461528768483,0.3130325657212971,1.61046875,1.49899
37.845,0.5208710116763662,0.5343203190298196,0.3099923082611058,1.6039843749999998,1.49599
37.851,0.517196436638085,0.531291641704541,0.3065281468371994,1.5981640625,1.49248
37.856,0.5144405053593744,0.5282259987894617,0.30327365834158204,1.5914843749999998,1.48923
37.861,0.5116845740806637,0.5252217179120542,0.2999644725603243,1.5848437499999999,1.48596
37.866,0.5089286428019522,0.5222666416354477,0.296504869243555,1.579453125,1.48231
37.871,0.507091355282812,0.5194420250013253,0.29366516849737945,1.5731640625,1.47946
37.876,0.5038761021243152,0.5166765186312741,0.2903331921804382,1.56787109375,1.47597
37.881,0.5015794927253898,0.5139129093391707,0.2873020509345192,1.56232421875,1.4727299999999999
37.886,0.49882356144667916,0.5111963231488248,0.2843666299384733,1.5567773437499999,1.4696099999999999
37.891,0.4965269520477529,0.5085174435444757,0.2812169779070004,1.55087890625,1.4662600000000001
37.897,0.4928523770094717,0.5057777960877755,0.27798527994706657,1.54541015625,1.4627599999999998
37.902,0.49009644573076105,0.5029439186068739,0.2747535819871336,1.5396484375,1.45926
37.908,0.48779983633183477,0.5001709862078617,0.2713714664916882,1.5346875,1.45553
37.913,0.48458458317333886,0.4974014221788488,0.2682810698529927,1.5298828125,1.4520499999999998
37.918,0.4827472956541987,0.4946800610419134,0.26539578803544916,1.5250781249999998,1.44883
37.923,0.4799913643754872,0.4920428544186879,0.26244669271799204,1.52056640625,1.44549
37.928,0.4776947549765618,0.4894276271971496,0.25962522440036384,1.5157617187499999,1.44228
37.934,0.4753981455776364,0.4868755265635022,0.2565302696545313,1.51076171875,1.43864
37.939,0.4721828924191396,0.4842830417070735,0.2534125243730152,1.5062304687499999,1.435
37.945,0.4708049267797847,0.48174917757662816,0.2504998939126528,1.50205078125,1.43152
37.95,0.46896763926064367,0.47939882551623597,0.24785163366621976,1.497890625,1.42818
37.955,0.46667102986171827,0.477104623178427,0.24522616395546848,1.49369140625,1.4249399999999999
37.96,0.46345577670322147,0.4747189401684742,0.2424912996734374,1.4899023437499999,1.4215499999999999
37.965,0.4620778110638666,0.47235090498841725,0.2400025731767892,1.48630859375,1.41833
37.97,0.45932187978515593,0.47004252302299104,0.23762324125142165,1.4823828124999998,1.41532
37.975,0.45702527038622964,0.4676909716283077,0.23482912157661318,1.47830078125,1.4117600000000001
37.981,0.45472866098730425,0.4653503056909903,0.23212160593740272,1.474453125,1.40822
37.986,0.45243205158837796,0.46301836851504646,0.22961920511934508,1.47076171875,1.40497
37.991,0.4510540859490231,0.460784434472698,0.2270529908013721,1.4667578125,1.4014099999999998
37.996,0.44829815467031153,0.45858358467534005,0.2243819400192546,1.4628125,1.39786
38.002,0.44600154527138614,0.45631826049220053,0.22167898248718032,1.4589453125,1.39417
38.008,0.44370493587245985,0.45404673788328614,0.21899425738365252,1.45509765625,1.39035
38.013,0.44140832647353445,0.45177024492010354,0.21637790388717537,1.4515625,1.38662
38.019,0.43911171707460905,0.4494897663608279,0.21388917739052715,1.4479492187499998,1.38319
38.024,0.437274429555468,0.4472515937420353,0.21138221846533245,1.44423828125,1.37964
38.03,0.43589646391611225,0.44513834891183324,0.20884335279018007,1.4404296875,1.37581
38.035,0.4331405326374016,0.44303427661290906,0.20632727765071124,1.436875,1.37211
38.041,0.4322218888778311,0.44098306141002197,0.2039023646539766,1.433203125,1.36842
38.046,0.42946595759912043,0.4389742309193885,0.20154126515715642,1.4298046875,1.36471
38.052,0.4276286700799794,0.43690838384255626,0.19926676969593426,1.42630859375,1.36126
38.057,0.42579138256083926,0.43488782043783186,0.19700139044898446,1.4228125,1.35771
38.063,0.4230354512821277,0.43281256504641324,0.19466308148784783,1.4191015624999999,1.3540299999999998
38.068,0.4211981637629876,0.4306934535922819,0.19227007524106998,1.4157617187499998,1.35031
38.074,0.4198201981236318,0.42867568077214285,0.19008674192258201,1.4122656249999999,1.34673
38.079,0.41798291060449166,0.4267391687318039,0.1878942923898208,1.40876953125,1.3431600000000001
38.085,0.4156863012055654,0.4247768137992458,0.18565170367855455,1.4054492187499998,1.33928
38.09,0.4143083355662105,0.4228392380174604,0.18360967168130493,1.4022851562499998,1.33595
38.095,0.4129303699268547,0.42101253575351855,0.18166791804106364,1.3991406249999998,1.3326500000000001
38.099,0.4106337605279293,0.41918373627154554,0.17981276843641858,1.3958007812499997,1.32947
38.105,0.40925579488857355,0.4173532550857058,0.1777388296892104,1.3922460937499999,1.32586
38.11,0.4074185073694325,0.4155669272708059,0.17568768147768665,1.38876953125,1.32225
38.116,0.4064998636098629,0.4138615067653416,0.1736638819089844,1.385703125,1.3186499999999999
38.12,0.40374393233115136,0.41212995992908863,0.17189533633993737,1.3821484375,1.31558
38.126,0.4023659666917965,0.4103319611917915,0.16978037462850004,1.37828125,1.31168
38.132,0.4009880010524407,0.40861718208124614,0.16765629670278948,1.3749023437499999,1.30781
38.137,0.3991507135332997,0.4069236327111754,0.16582849574096592,1.371171875,1.30449
38.143,0.39731342601415953,0.4052016050255286,0.1637135340295286,1.3675,1.30049
38.148,0.3954761384950185,0.40345674132917253,0.16181280335351556,1.36408203125,1.2970199999999998
38.153,0.3940981728556636,0.40173906792262504,0.16002146724878497,1.360625,1.2935599999999998
38.158,0.3922608853365226,0.40004319769286995,0.15821645682264496,1.3571093749999998,1.29005
38.163,0.3908829196971668,0.3983648108559579,0.15644335314646174,1.35361328125,1.2866900000000001
38.169,0.38950495405781194,0.39674594537593766,0.15467024947027852,1.3498437499999998,1.28322
38.174,0.3876676665386709,0.39512930661836376,0.15287435525840998,1.3464453124999998,1.2797399999999999
38.179,0.3867490227791004,0.39355995529578275,0.1512607853320116,1.3429882812499998,1.27651
38.184,0.38583037901953077,0.39211952629095165,0.14964265729847614,1.3394921874999999,1.2731599999999998
38.188,0.3835337696206045,0.39064597104010573,0.1480518779077622,1.3360546875,1.26994
38.193,0.3830744477408192,0.38919135461057774,0.1465750511954651,1.3323828125,1.26682
38.198,0.3821558039812496,0.3878884303775757,0.1450070623404338,1.3289453125,1.26343
38.203,0.3798591945823233,0.38652513657929605,0.14356670048523146,1.3252734375,1.26032
38.208,0.3789405508227528,0.3851134340176711,0.14197136298737956,1.3209374999999999,1.25697
38.213,0.37710326330361266,0.3837084156294906,0.14019370120405839,1.31685546875,1.2530899999999998
38.218,0.3757252976642569,0.3822632552188835,0.13862115424189003,1.3126367187499999,1.24972
38.224,0.374347332024902,0.3808314078633919,0.13695744513698926,1.3083007812499998,1.24609
38.229,0.37296936638554623,0.3794102358959295,0.13531652656776938,1.303671875,1.24246
38.235,0.37067275698661994,0.3779066204708776,0.13358900396295414,1.2994140625,1.2386599999999999
38.24,0.3697541132270503,0.3763823976949464,0.13204380564360463,1.29521484375,1.23528
38.245,0.36929479134726506,0.37502365796725173,0.1305533046098999,1.2908203125,1.23181
38.25,0.36745750382812403,0.3737066109647035,0.1291083846475587,1.286484375,1.22859
38.255,0.3665388600685535,0.3723774943746818,0.12768625522090282,1.2820312499999997,1.22521
38.26,0.36516089442919863,0.3710842013855105,0.1262003122943316,1.2775390624999998,1.22172
38.265,0.36378292878984286,0.3697741325127745,0.12471892747489832,1.2731640624999998,1.21823
38.271,0.3624049631504871,0.36845061150113934,0.12315549672700321,1.26853515625,1.21457
38.276,0.36056767563134695,0.3670708016889056,0.12166499569329758,1.26421875,1.21092
38.281,0.36056767563134695,0.3657823610258206,0.12017905276672636,1.26021484375,1.20733
38.286,0.3591897099919912,0.36461268876033626,0.11879338819716345,1.2560937499999998,1.20401
38.292,0.3578117443526363,0.3634017480878779,0.11736214255623434,1.2523046875,1.20041
38.297,0.3568931005930658,0.3622032172524526,0.11604029148658679,1.2485546875,1.19708
38.302,0.35505581307392475,0.3609691356533314,0.11470476609552804,1.24494140625,1.19363
38.307,0.3541371693143551,0.3597065468337494,0.11336012449019606,1.2414257812499998,1.1903
38.312,0.3532185255547846,0.3585121025952911,0.11204738963481997,1.238125,1.18696
38.317,0.3509219161558583,0.3572357960456257,0.11077111963653952,1.2348046875,1.1836499999999999
38.322,0.3500032723962887,0.35589384626609977,0.10945382667402814,1.23146484375,1.18049
38.327,0.34954395051650344,0.3546812664503841,0.10813197560437882,1.22841796875,1.1770399999999999
38.331,0.34862530675693293,0.3535724249990786,0.10693319342742136,1.2255078125,1.17385
38.336,0.34724734111757716,0.35245576483825186,0.10573441125046568,1.22267578125,1.1706699999999999
38.341,0.34632869735800664,0.35133283506032364,0.10459488446628562,1.21978515625,1.16775
38.346,0.3444914098388665,0.35015937595672975,0.10337786986078079,1.216640625,1.16454
38.351,0.343572766079296,0.34894539871859415,0.10201955393403939,1.213828125,1.1609099999999999
38.356,0.3426541223197255,0.3477899348261304,0.10081621364994575,1.2109765625,1.15773
38.361,0.34173547856015585,0.346681391243431,0.09956729229448413,1.20810546875,1.15426
38.366,0.34081683480058533,0.3456104718205383,0.09833204526043371,1.2048828125,1.1509099999999999
38.372,0.3389795472814443,0.34447871844990474,0.09692814826232521,1.2021875,1.147
38.377,0.33852022540165905,0.3433436858248168,0.09574759851391512,1.19927734375,1.14364
38.382,0.3366829378825189,0.34220602365200725,0.09438928258717283,1.19640625,1.13972
38.388,1.165758930894726,0.4232426571320828,0.11932668673216096,1.1937499999999999,1.13633
38.393,0.3348456503633779,0.4880417902445889,0.14193945623742277,1.1911914062499998,1.13282
38.398,0.33392700660380825,0.45759859365179795,0.1377596719930505,1.188515625,1.12946
38.403,0.33300836284423774,0.43300498910028484,0.13354342289158616,1.18607421875,1.12594
38.408,0.3320897190846672,0.4131020182395988,0.1299425182535794,1.1838671874999998,1.12268
38.412,0.3302524315655262,0.3968693391431759,0.1266151000437734,1.1815429687499999,1.11971
38.417,0.3288744659261713,0.3835342683963527,0.12326944940542184,1.1789257812499998,1.11645
38.422,0.32841514404638605,0.37265921907291977,0.11955915019613261,1.1765039062499998,1.11277
38.427,0.32749650028681554,0.36380229797953567,0.1164277305932071,1.17390625,1.1095
38.433,0.326577856527245,0.3565181588407383,0.11296812727643779,1.1716210937499998,1.10572
38.437,0.3256592127676754,0.3504951921003666,0.11026516974436351,1.16923828125,1.10259
38.442,0.32382192524853437,0.3453925224979641,0.10736165549827437,1.16693359375,1.09904
38.447,0.32290328148896386,0.3410278149158987,0.10463590743051654,1.1647656249999998,1.09577
38.452,0.3224439596091786,0.3373913652836639,0.10222011064805603,1.1625195312499998,1.09263
38.457,0.32060667209003846,0.3342478827381284,0.09969947740144924,1.1599609375,1.08921
38.462,0.32060667209003846,0.33154519939212773,0.09695549690514405,1.1574804687499998,1.0853599999999999
38.468,0.31831006269111217,0.32915047942194114,0.09448956094417937,1.1552734375,1.08181
38.472,0.3178507408113278,0.3269572052814395,0.09228799519714492,1.15314453125,1.07853
38.477,0.31739141893154255,0.3251074727824164,0.0901730334857076,1.1507812499999999,1.07524
38.482,0.31647277517197203,0.3234877153866428,0.08808086230995382,1.1486132812499998,1.07179
38.487,0.31509480953261626,0.32196136519523066,0.08616645731253225,1.1463867187499999,1.06863
38.492,0.31417616577304575,0.32050991577923205,0.0842064712437427,1.1440625,1.0651899999999999
38.497,0.3137168438932614,0.31920953109091194,0.08227383381777376,1.14166015625,1.06172
38.502,0.3123388782539056,0.31798477934142955,0.08031840585612127,1.13919921875,1.05812
38.507,0.3105015907347646,0.3166841699974341,0.07830372250169226,1.1368749999999999,1.0542799999999999
38.512,0.30958294697519495,0.3153682343325884,0.07653517693264433,1.134609375,1.05096
38.517,0.3091236250954097,0.3141765145498281,0.07481677054210145,1.13212890625,1.04749
38.523,0.3077456594560539,0.31303889832423043,0.07302999254450881,1.1295507812499999,1.04388
38.528,0.30728633757626866,0.3119446663152123,0.07116572672559052,1.127265625,1.03987
38.533,0.3059083719369129,0.31088522296607035,0.06958406354914892,1.12509765625,1.03639
38.538,0.30498972817734327,0.30980817384147263,0.06808444630116739,1.12234375,1.03292
38.544,0.30407108441777275,0.3087625089944894,0.06632501694639537,1.11986328125,1.0289
38.549,0.3022337968986317,0.30765100660268874,0.06479805105559411,1.1176171874999998,1.02529
38.554,0.3022337968986317,0.30657771458875754,0.06345796755739919,1.1151562499999998,1.02222
38.559,0.3013151531390621,0.30562606623969646,0.061953792202282365,1.11234375,1.01846
38.565,0.29947786561992107,0.30458995319975757,0.06038124524011401,1.1099999999999999,1.01443
38.57,0.29855922186035055,0.3034861101502861,0.059068510384738815,1.1073046874999999,1.01107
38.575,0.29764057810078093,0.30241895996110546,0.05759168367244083,1.10447265625,1.0072999999999999
38.581,0.29626261246142516,0.30133573092459587,0.05605104346023104,1.1017968749999998,1.00328
38.586,0.2958032905816399,0.30028511056912316,0.05471095996203523,1.0990039062499999,0.9996499999999999
38.592,0.2948846468220694,0.29930614014051515,0.05333896971388352,1.0962109375,0.99573
38.597,0.29396600306249887,0.2983391220149639,0.05203990917991863,1.0933984374999999,0.9920800000000001
38.603,0.292588037423144,0.2973361862412798,0.050695267574586644,1.0905078124999998,0.98817
38.608,0.2916693936635735,0.2963044490521742,0.049396207040620865,1.087421875,0.98437
38.614,0.2902914280242177,0.2952496167671086,0.04802877489960533,1.08453125,0.9803199999999999
38.619,0.28983210614443244,0.29422176701821723,0.04678441165128078,1.0813671875,0.97658
38.625,0.28845414050507756,0.2932155538539543,0.04554004840295711,1.0784375,0.97282
38.63,0.2870761748657218,0.2921356867267708,0.04432303379745406,1.07529296875,0.96905
38.635,0.28661685298593653,0.2910877621977829,0.04306499622771831,1.0721679687499999,0.96516
38.641,0.285698209226366,0.290110953481384,0.041920911336402966,1.0690820312499998,0.96153
38.646,0.28432024358701113,0.28910016689093204,0.04075859401654025,1.0656249999999998,0.9579199999999999
38.652,0.2834015998274406,0.28806213433877,0.0395005564468045,1.0623046875,0.95391
38.657,0.2824829560678701,0.2870477558529339,0.038383820198307994,1.0587109375,0.95032
38.662,0.2811049904285152,0.2860068430545284,0.03718503802135231,1.055234375,0.94644
38.668,0.2811049904285152,0.28503565686008825,0.03607285987999198,1.0516796874999998,0.94269
38.673,0.27972702478915945,0.2841203825917103,0.03499714659572639,1.04794921875,0.93909
38.678,0.27972702478915945,0.2832499426232725,0.033916875204324626,1.0441601562499998,0.9353499999999999
38.684,0.2778897372700184,0.28236995221339156,0.03285027813433228,1.0404296874999999,0.93147
38.689,0.27651177163066354,0.28134579790137404,0.03182470402856996,1.03642578125,0.9280200000000001
38.694,0.2760524497508783,0.28034254801054637,0.030730758315758777,1.0323046875,0.92431
38.7,0.2746744841115225,0.2793560608241309,0.02961402206726227,1.0282421874999998,0.92045
38.705,0.27421516223173725,0.27838301520859937,0.028647703354276466,1.02421875,0.9170099999999999
38.71,0.2732965184721676,0.27746624991945373,0.02767682653415715,1.0198828125,0.9135899999999999
38.715,0.2723778747125971,0.27654911245580954,0.026692275392625753,1.0157617187499999,0.91015
38.72,0.2714592309530266,0.2756316765552437,0.02577609585814411,1.01109375,0.90686
38.725,0.2705405871934561,0.2747140013459756,0.02477331228806623,1.0060742187499998,0.9033199999999999
38.731,0.26962194343388557,0.2737961342413664,0.023688482789528287,1.00109375,0.89937
38.736,0.2691626215541012,0.27292361514588953,0.02275407082650105,0.99564453125,0.8959599999999999
38.741,0.26778465591474543,0.2720419575388318,0.02173305482787491,0.9905078125,0.8922699999999999
38.746,0.26732533403496017,0.2711529720001844,0.020812317186257978,0.9853124999999999,0.8888799999999999
38.751,0.2659473683956044,0.2702581103863243,0.01994171872314432,0.9794531249999999,0.88561
38.756,0.2650287246360348,0.2693130350176672,0.018961725688749098,0.9730859374999999,0.8820600000000001
38.762,0.2645694027562495,0.2684186983323292,0.017908802940168833,0.9665234374999999,0.87812
38.767,0.263650758996679,0.2675650476599173,0.016956158548594225,0.96,0.8744799999999999
38.773,0.2627321152371085,0.26669852014403456,0.015967049299925762,0.95365234375,0.8708199999999999
38.778,0.26227279335732323,0.2658671689116931,0.015050869765445896,0.9464453124999999,0.86717
38.784,0.26089482771796835,0.26501852272909704,0.013975156481179418,0.9401367187499999,0.86313
38.79,0.25997618395839783,0.2641105062967544,0.012981489125374779,0.93314453125,0.8592299999999999
38.796,0.2590575401988273,0.2632003843108028,0.011869310984016224,0.9267187499999999,0.8549199999999999
38.802,0.25767957455947155,0.2622430720519553,0.010875643628211584,0.9205664062499999,0.85117
38.808,0.2567609307999019,0.2612479191569811,0.009872860058132815,0.9146679687499999,0.84728
38.813,0.25630160892011666,0.26031342662309176,0.008888308916601417,0.9089257812499999,0.84351
38.819,0.2549236432807609,0.25938207414909237,0.007885525346523536,0.902890625,0.8396299999999999
38.825,0.25446432140097563,0.2584532396063618,0.006873625562172414,0.8968359374999999,0.83562
38.832,0.2526270338818355,0.25748092224140634,0.0057614474208120825,0.8914257812499999,0.83117
38.837,0.25216771200205024,0.2564737371473064,0.004758663850734202,0.8863476562499999,0.8272899999999999
38.843,0.2512490682424797,0.25552959631004896,0.0038151356734337227,0.8816210937499999,0.8235600000000001
38.848,0.25078974636269447,0.25463600900081046,0.0029354209960468225,0.8771093749999999,0.8200799999999999
38.854,0.24987110260312395,0.2537829592333428,0.002060264425796987,0.8727539062499999,0.81647
38.859,0.24849313696376907,0.25287141168234895,0.0012124564983668762,0.8687499999999999,0.81317
38.863,0.2480338150839838,0.2519584581854143,0.0004011134280315076,0.8649023437499999,0.80986
38.868,0.2471151713244133,0.25108987918243253,-0.0003874391066203131,0.86052734375,0.8067899999999999
38.874,0.24665584944462804,0.2502568829166537,-0.0012899443196907612,0.8568749999999999,0.80307
38.878,0.24573720568505752,0.24945241951004832,-0.0020374738901134393,0.853046875,0.8000399999999999
38.883,0.2448185619254879,0.24862533396627642,-0.002862491281858226,0.8495507812499999,0.7967500000000001
38.888,0.24298127440634687,0.24768910455702328,-0.0036601600307841764,0.8456249999999998,0.7937099999999999
38.893,0.24344059628613213,0.24680186121339429,-0.004553549029580495,0.8417968749999999,0.79027
38.898,0.24206263064677636,0.24599940038970158,-0.005383124528465011,0.8385156249999999,0.78684
38.903,0.2416033087669911,0.2451739206643889,-0.006130654098886801,0.8351953124999999,0.7839399999999999
38.907,0.24068466500742147,0.24437548457348357,-0.006891857990718009,0.8320117187499999,0.78088
38.912,0.2393066993680657,0.24350773029037154,-0.007643945668277752,0.8288671874999999,0.77783
38.916,0.2393066993680657,0.24267539534572058,-0.008400591452972783,0.8254296874999999,0.77494
38.921,0.23792873372870993,0.24187146223509837,-0.00922560884471757,0.8221679687499999,0.77153
38.926,0.23746941184892467,0.2410448019216993,-0.010009603272234102,0.8186914062499999,0.7684899999999999
38.931,0.2370100899691403,0.24029092103327113,-0.010871085521073631,0.8152734374999999,0.76505
38.936,0.23655076808935505,0.23959540004761204,-0.011655079948589275,0.8118359374999999,0.76176
38.941,0.23471348057021402,0.23881017067505036,-0.012512004090293516,0.8085937499999999,0.75831
38.946,0.23471348057021402,0.23799850839626155,-0.013305114732081513,0.805234375,0.75512
38.951,0.2337948368106435,0.2372566540365113,-0.014079992945323916,0.8021484374999999,0.75193
38.956,0.23333551493085825,0.23652527492228856,-0.014836638730018947,0.79861328125,0.74875
38.961,0.23241687117128862,0.2358022956313774,-0.015689004764585235,0.7952734374999999,0.74515
38.966,0.23195754929150336,0.23508605193740084,-0.016477557299238832,0.7918359374999999,0.7418
38.971,0.2305795836521476,0.23432970745613918,-0.017298016583847442,0.7885156249999999,0.7383299999999999
38.977,0.23012026177236233,0.23354120721041727,-0.018123033975593117,0.7851367187499999,0.73485
38.982,0.22920161801279182,0.23277242398959472,-0.018952609474475857,0.7816210937499999,0.73122
38.987,0.22782365237343694,0.23192844756149525,-0.019773068759086243,0.777890625,0.72784
38.993,0.22736433049365168,0.23106967756716018,-0.02070748072211348,0.7745117187499999,0.7239499999999999
38.998,0.2259863648542959,0.2301990450019479,-0.02153705622099622,0.7710546875,0.7204699999999999
39.003,0.2259863648542959,0.22936440203873842,-0.022393980362699573,0.7672460937499999,0.71686
39.009,0.22460839921494102,0.22855861818886247,-0.023291927468632068,0.7639062499999999,0.7131000000000001
39.014,0.22414907733515577,0.22773047381643244,-0.024089596217558018,0.7603710937499999,0.70964
39.019,0.22323043357558525,0.22692990101523092,-0.024951078466397547,0.7565429687499999,0.70601
39.025,0.22231178981601474,0.22610593524539468,-0.025835351250921512,0.7526953124999999,0.7021
39.031,0.22139314605644422,0.22526321127053628,-0.026742414571128137,0.7491796874999999,0.69835
39.036,0.2204745022968746,0.22440544558544662,-0.02758566439142207,0.7453906249999999,0.6947399999999999
39.042,0.21909653665751883,0.22349011646440053,-0.02847905339021839,0.741875,0.69099
39.047,0.21909653665751883,0.22261963251105385,-0.02930862888910113,0.73783203125,0.6874899999999999
39.053,0.21771857101816305,0.22178510871578272,-0.030233924637854237,0.7338671874999999,0.6834499999999999
39.059,0.2172592491383778,0.22093391853858674,-0.03114098795806175,0.72990234375,0.67953
39.065,0.2158812834990229,0.2200693640289709,-0.0320434931711322,0.7260156249999999,0.67561
39.07,0.21450331785966714,0.21910308924350896,-0.0329232078485191,0.7225195312499999,0.6719899999999999
39.075,0.2149626397394524,0.2182372551894986,-0.033725434704581225,0.7183398437499999,0.6684999999999999
39.081,0.21358467410009663,0.2174519619109053,-0.034605149381968126,0.7146874999999999,0.66473
39.086,0.212666030340527,0.21659474650260505,-0.03538458570234759,0.7110937499999999,0.66123
39.091,0.21220670846074174,0.21577086240391177,-0.0361457895941788,0.7073828124999999,0.6579999999999999
39.096,0.21036942094160072,0.21488270203404142,-0.0369662488787883,0.7037109374999999,0.6545099999999999
39.101,0.20991009906181546,0.21394300021632712,-0.03775935952057807,0.7000781249999999,0.65127
39.106,0.20991009906181546,0.21314397620976713,-0.03852967962668252,0.6962304687499999,0.64791
39.111,0.20899145530224494,0.21241225614743323,-0.03929999973278964,0.692421875,0.6445699999999999
39.116,0.20853213342246057,0.21168900345921746,-0.040052087410346715,0.6885742187499999,0.64123
39.121,0.20761348966289006,0.2109725405351478,-0.040799616980768505,0.6846874999999999,0.63801
39.125,0.2062355240235343,0.2101705183741033,-0.04156082087260149,0.68021484375,0.6346700000000001
39.131,0.20577620214374903,0.20934539040080716,-0.04244965176426163,0.6760546874999999,0.6309400000000001
39.136,0.20485755838417852,0.20854723637057332,-0.04324276240605052,0.6717187499999999,0.6274599999999999
39.141,0.20347959274482363,0.20767970826448,-0.04406777979779708,0.66728515625,0.62399
39.147,0.20347959274482363,0.20684755468521954,-0.04488823908240569,0.6626757812499999,0.6205399999999999
39.152,0.20210162710546786,0.20604376700672405,-0.04574060511697198,0.6578124999999999,0.61696
39.158,0.20026433958632772,0.20508071765666752,-0.04664311033004154,0.6527148437499999,0.61324
39.163,0.2007236614661121,0.20417196810935279,-0.04756840607879731,0.64775390625,0.6095200000000001
39.169,0.1993456958267572,0.20335226202772444,-0.04841165589908947,0.6430664062499999,0.60595
39.174,0.19888637394697195,0.20251295378457512,-0.04921844086228866,0.6376953124999999,0.6025099999999999
39.18,0.19750840830761618,0.20165792708472063,-0.05016652714672709,0.6330273437499999,0.5985099999999999
39.185,0.19704908642783092,0.20079029616869712,-0.05101889318129249,0.6284960937499999,0.5949499999999999
39.19,0.19658976454804655,0.2000035620338122,-0.05181656193021844,0.62408203125,0.59152
39.196,0.19521179890869078,0.19919069312577473,-0.05261423067914439,0.6197851562499999,0.5880799999999999
39.201,0.19475247702890552,0.19835686743193293,-0.05343924807088918,0.61578125,0.58464
39.206,0.193833833269335,0.19755173892882358,-0.05420956817699629,0.6115820312499999,0.5813299999999999
39.211,0.19245586762998013,0.19667861817674487,-0.05506193421156169,0.6077734374999999,0.5777699999999999
39.216,0.1915372238704096,0.1957509762321659,-0.05587327728189706,0.6041992187499999,0.5744499999999999
39.221,0.19107790199062435,0.1948706189501349,-0.056652713602277416,0.6008984374999999,0.57125
39.225,0.19015925823105384,0.19402817799280525,-0.057368336422742416,0.5973632812499999,0.5683499999999999
39.231,0.18924061447148333,0.19317063925201278,-0.058188795707351026,0.5939843749999999,0.5649299999999999
39.236,0.19015925823105384,0.19248300153636247,-0.058945441492046946,0.5903124999999999,0.5616300000000001
39.241,0.1883219707119137,0.19184059920510294,-0.05974311024097201,0.5870703124999999,0.5580700000000001
39.246,0.18740332695234319,0.1910524623966034,-0.060513430347077346,0.5837890625,0.55491
39.251,0.18648468319277267,0.19023846872156205,-0.06135212206023333,0.5805468749999999,0.55135
39.256,0.18556603943320216,0.18940374110670327,-0.062140674594886036,0.5770117187499999,0.54803
39.262,0.18464739567363164,0.18855238749195163,-0.06305685412936679,0.5737890625,0.5442199999999999
39.267,0.18418807379384727,0.18773320381101635,-0.06388187152111335,0.57060546875,0.54081
39.273,0.1828101081544915,0.18689431446721488,-0.06474335376995377,0.5674804687499999,0.53714
39.278,0.18235078627470624,0.1860396236717073,-0.06563218466161214,0.5643749999999998,0.5334399999999999
39.284,0.18143214251513573,0.1852177639934757,-0.06644808583908546,0.5615234374999999,0.5300199999999999
39.289,0.18051349875556522,0.18437672883796863,-0.0672594289094226,0.5586914062499999,0.52661
39.294,0.1795948549959956,0.18352031737260766,-0.06808444630116739,0.5560546874999999,0.52318
39.299,0.17867621123642508,0.1826515760496203,-0.06885932451440979,0.5533789062499999,0.5200099999999999
39.304,0.17775756747685456,0.18177294773875793,-0.06966610947760898,0.5509765624999999,0.5167299999999999
39.308,0.17683892371728405,0.18088639131289197,-0.0704090809408946,0.5483007812499999,0.5137499999999999
39.314,0.17592027995771442,0.17999347754055164,-0.07125233076118676,0.5458593749999999,0.51034
39.318,0.17592027995771442,0.1791864697495206,-0.07202265086729209,0.5434570312499999,0.50719
39.323,0.17454231431835865,0.17840284581588442,-0.0727656223305777,0.5409960937499999,0.50406
39.328,0.1740829924385734,0.17759247089625832,-0.07358608161518632,0.5384570312499999,0.5007900000000001
39.333,0.17362367055878813,0.17685164883589208,-0.07435184361415548,0.5360351562499999,0.49751999999999996
39.338,0.17270502679921762,0.1761210974953389,-0.07513127993453406,0.5333789062499998,0.49424
39.343,0.171786383039648,0.17535328008936824,-0.07597452975482799,0.5308593749999999,0.49071
39.349,0.17086773928007748,0.17455558000769322,-0.07681322146798397,0.5285156249999999,0.48732
39.354,0.16994909552050697,0.17373391779593428,-0.07758809968122726,0.5258007812499998,0.48405999999999993
39.359,0.1685711298811512,0.17284753909863831,-0.07849972110857095,0.5233984374999999,0.4803899999999999
39.364,0.1685711298811512,0.17200026972710317,-0.07929738985749601,0.5209374999999999,0.47713000000000005
39.369,0.16765248612158157,0.17122986297811119,-0.08010417482069432,0.5182421875,0.47374000000000005
39.375,0.16673384236201105,0.17043008657051004,-0.08100668003376565,0.5158593749999999,0.4699199999999999
39.38,0.1662745204822258,0.16965226129266184,-0.08179067446128041,0.5135937499999998,0.46663999999999994
39.385,0.16489655484287002,0.1688465361622875,-0.08254732024597544,0.5110546874999999,0.46350999999999987
39.39,0.1639779110833004,0.16797293699052923,-0.08341336060195292,0.5087499999999999,0.45997
39.395,0.16305926732372988,0.16709041329876706,-0.08420191313660474,0.5064257812499999,0.45683000000000007
39.4,0.16259994544394463,0.16624623515457004,-0.08499502377839452,0.50419921875,0.45354000000000005
39.405,0.16214062356415937,0.16547830717931056,-0.08574255334881631,0.5018164062499999,0.45039000000000007
39.41,0.1607626579248036,0.16468051843503687,-0.08654478020487844,0.4997265624999999,0.44696999999999987
39.415,0.16030333604501834,0.16385878512707674,-0.0872649611324805,0.4973632812499999,0.44406999999999996
39.42,0.15938469228544871,0.16306335318950896,-0.0880580717742685,0.4952539062499999,0.44076000000000004
39.424,0.15800672664609294,0.1621980078577833,-0.08880560134469029,0.4931445312499999,0.43774999999999986
39.429,0.15754740476630769,0.1613221027028117,-0.08956680523652327,0.4909765624999999,0.43473000000000006
39.434,0.15708808288652243,0.16052873367378329,-0.09034624155690185,0.4886328124999999,0.4315800000000001
39.438,0.1561694391269528,0.15975604630394502,-0.09111656166300808,0.4860742187499999,0.42842999999999987
39.444,0.15479147348759703,0.1589089392416444,-0.09202818309035177,0.4836132812499999,0.42476
39.449,0.15387282972802652,0.1580021569893028,-0.09289422344632747,0.4810546874999999,0.4213499999999999
39.454,0.15341350784824126,0.15713852654471597,-0.0937693800165782,0.47878906249999986,0.41794
39.459,0.152954185968456,0.15635500028244284,-0.09453514201554736,0.4763281249999999,0.41479
39.464,0.15157622032910112,0.15554470368290874,-0.09535560130015597,0.4737499999999999,0.4113899999999999
39.47,0.1506575765695306,0.1546674387705132,-0.09624899029895317,0.4711914062499999,0.40786999999999995
39.475,0.15019825468974535,0.15382747750289416,-0.09707400769069974,0.46876953124999987,0.4046099999999999
39.48,0.14836096717060432,0.15292642527497902,-0.09789902508244452,0.4663085937499999,0.4013499999999999
39.484,0.14790164529081995,0.15197638581606596,-0.09871492625991785,0.4639062499999999,0.39820999999999995
39.489,0.1474423234110347,0.15112357044253016,-0.09949892068743349,0.4614648437499999,0.3952
39.494,0.14606435777167892,0.15025771273080168,-0.10029658943635944,0.4590429687499999,0.39205
39.499,0.1451457140121084,0.1493358948268607,-0.10111704872096894,0.4562304687499999,0.38888999999999996
39.504,0.14468639213232315,0.14846020768952367,-0.10202411204117467,0.4537109374999999,0.38548000000000004
39.509,0.14376774837275352,0.14762151159814163,-0.10283089700437387,0.4505859374999999,0.38233000000000006
39.514,0.142849104613183,0.14676697576665604,-0.1037789832888123,0.44789062499999993,0.37867000000000006
39.519,0.14147113897382724,0.14585423658009158,-0.1045994425734218,0.4453515624999999,0.3755200000000001
39.524,0.14055249521425672,0.1448948256570495,-0.10540166942948304,0.44220703124999994,0.37250000000000005
39.529,0.14009317333447147,0.14398899366846624,-0.10634975571392147,0.43935546874999987,0.36880999999999986
39.534,0.13871520769511658,0.14308062333039392,-0.10721579606989895,0.4366992187499999,0.36563999999999997
39.539,0.13871520769511658,0.14221571944171402,-0.1079861161760034,0.4339453124999999,0.36261999999999994
39.543,0.13779656393554607,0.1414311720381845,-0.10874732006783461,0.4311718749999999,0.3595900000000001
39.548,0.13687792017597555,0.1406200566123892,-0.10951308206680377,0.4281445312499999,0.35668999999999995
39.553,0.13595927641640593,0.13978763698974409,-0.11034721567282446,0.4249609374999999,0.35342000000000007
39.558,0.1350406326568354,0.13893813409312117,-0.11120869792166399,0.4216015624999999,0.35013000000000005
39.563,0.1341219888972649,0.13807493256932818,-0.11211120313473355,0.4183593749999999,0.3467100000000001
39.568,0.13366266701747964,0.13724624836238636,-0.11293166241934305,0.4148046874999999,0.34353999999999996
39.573,0.1318253794983395,0.13635423891221934,-0.11384328384668674,0.4111132812499999,0.34012
39.578,0.130906735738769,0.13536594873350943,-0.11480504445253459,0.4074609374999999,0.3365499999999999
39.583,0.13044741385898373,0.13443695923092422,-0.11568475912992149,0.4037109374999999,0.3332599999999999
39.589,0.12906944821962796,0.13351001949269417,-0.11665563595004258,0.39958984374999995,0.32958
39.594,0.12769148258027307,0.1324937196365807,-0.11758548980593364,0.39533203124999994,0.32617000000000007
39.599,0.12723216070048782,0.13149676802693683,-0.11856548284032709,0.3915039062499999,0.32263
39.604,0.12585419506113205,0.13051533126621026,-0.11941784887489337,0.38777343749999993,0.31960999999999995
39.609,0.1253948731813468,0.1295463354539338,-0.1202337500523667,0.3838085937499999,0.3165899999999999
39.613,0.12447622942177627,0.128632817595285,-0.12106332555124943,0.3798632812499999,0.3135699999999999
39.618,0.12355758566220665,0.12771828416056966,-0.12187466862158658,0.3751953124999999,0.3106899999999999
39.623,0.12172029814306562,0.12671193259227417,-0.12286833597739122,0.3701562499999999,0.30716999999999994
39.628,0.12126097626328036,0.12567745636749353,-0.12387111954746821,0.3656640624999999,0.30366000000000004
39.633,0.11988301062392459,0.12466592960685692,-0.1247371599034448,0.36087890624999985,0.30067
39.638,0.11896436686435496,0.12362730353173115,-0.1256898042950194,0.35511718749999993,0.29742
39.643,0.11804572310478445,0.12261244911547295,-0.12671537840078084,0.3495703124999999,0.29390000000000005
39.649,0.11712707934521394,0.1216166565659541,-0.12770448764944842,0.3433593749999999,0.29051000000000005
39.654,0.1152897918260738,0.12054514545509663,-0.12875285229089517,0.3369726562499999,0.28698
39.66,0.11437114806650328,0.11941291762547829,-0.12987870475366314,0.3306640624999999,0.28332999999999986
39.665,0.11483046994628854,0.1184595120840309,-0.13079032618100683,0.3244335937499999,0.28007000000000004
39.67,0.11345250430693277,0.11760399753762449,-0.13169283139407728,0.3182421874999999,0.27681
39.675,0.11161521678779263,0.1165994697754613,-0.13265915010706308,0.3118945312499999,0.27354999999999996
39.68,0.11115589490800737,0.11556645601275148,-0.13361635260577298,0.3059179687499999,0.2702899999999999
39.685,0.11023725114843685,0.11460160384685503,-0.1345416483545261,0.30011718749999994,0.26700999999999997
39.689,0.1097779292686516,0.1136914086690318,-0.13542592113905094,0.29408203124999993,0.26387000000000005
39.695,0.1074813198697262,0.11268853583460256,-0.136433262816265,0.2884570312499999,0.26045000000000007
39.699,0.10702199798994094,0.11161134722987766,-0.137358558565019,0.28285156249999993,0.25729
39.704,0.10610335423037043,0.11061107242240537,-0.1383294353851401,0.2773242187499999,0.25401000000000007
39.709,0.1042660667112294,0.10953596710702566,-0.13931398652667148,0.27228515624999994,0.25072000000000005
39.714,0.10380674483144414,0.10844635906447582,-0.14024384038256255,0.2674414062499999,0.24770000000000003
39.719,0.10334742295165977,0.1074816273220774,-0.14114178748849682,0.2627734374999999,0.24468
39.723,0.10242877919208926,0.10657152870868355,-0.1420123859516096,0.2582617187499999,0.24165999999999999
39.728,0.10059149167294823,0.10556873330672517,-0.14291033305754208,0.2537499999999999,0.23862000000000005
39.732,0.09967284791337772,0.1044916067930578,-0.14385386123484256,0.2491796874999999,0.23558000000000012
39.737,0.09875420415380809,0.10344587988981922,-0.14482929616210072,0.24488281249999988,0.23241999999999985
39.742,0.09829488227402283,0.10247083339159001,-0.1457545919108556,0.2408203124999999,0.22938999999999998
39.746,0.09691691663466706,0.10150696176239363,-0.14664798090965192,0.23675781249999994,0.22636000000000012
39.751,0.09599827287509655,0.10050654908120993,-0.14757327665840503,0.23238281249999992,0.22334999999999994
39.756,0.09462030723574166,0.09947683509348383,-0.14859885076416735,0.2286132812499999,0.22007999999999983
39.76,0.09324234159638589,0.0983781232753337,-0.14952414651292223,0.2246484374999999,0.2170700000000001
39.765,0.09232369783681538,0.09726958580036595,-0.15053604629727246,0.22091796874999992,0.21394000000000002
39.77,0.09140505407724575,0.09619867127510226,-0.15149324879598414,0.21701171874999992,0.21091999999999977
39.774,0.08956776655810472,0.09506692183174847,-0.1525279391160197,0.21292968749999985,0.20778000000000008
39.78,0.08864912279853421,0.09388639047089359,-0.1536629077930618,0.20935546874999988,0.20438
39.784,0.08818980091874895,0.09280324783089802,-0.1546155521846364,0.20558593749999998,0.20150999999999986
39.789,0.08635251339960881,0.09170719486956397,-0.15567759114749258,0.20191406249999988,0.19837999999999978
39.794,0.0854338696400383,0.09055528757685345,-0.1567350720032108,0.19796874999999992,0.19512000000000018
39.799,0.08451522588046778,0.08944959593776126,-0.1578973893230744,0.19435546874999987,0.1917399999999998
39.804,0.08267793836132764,0.08828995964338562,-0.15900045125015883,0.1904296875,0.18847000000000014
39.81,0.08084065084218661,0.08699606278176146,-0.16028127935557723,0.18646484374999983,0.18480000000000008
39.815,0.07946268520283084,0.08564000779467155,-0.1615210844967656,0.18300781249999987,0.18127000000000004
39.82,0.07900336332304647,0.08437061549980664,-0.16266061128094567,0.17953124999999992,0.17801
39.825,0.0776253976836907,0.08317071573382574,-0.16378646374371364,0.17591796874999988,0.1747399999999999
39.831,0.07578811016454967,0.08189003454042144,-0.16505361752772263,0.17238281249999987,0.17120999999999986
39.836,0.07486946640498005,0.08059007873432479,-0.16623416727613272,0.16925781249999994,0.16781999999999986
39.841,0.07395082264540953,0.07936567089419412,-0.16737825216744895,0.1661328124999999,0.16456999999999988
39.845,0.07303217888583902,0.07820184297689096,-0.16839471005893714,0.16304687499999992,0.16171999999999986
39.85,0.07119489136669888,0.07699558873321025,-0.16948409766461214,0.16007812499999985,0.15858000000000017
39.854,0.0698169257273431,0.07570981205161198,-0.17056436905601569,0.1569726562499999,0.15573000000000015
39.859,0.06889828196777259,0.07445127219277406,-0.17171757016160516,0.15388671874999993,0.1524700000000001
39.864,0.06706099444863245,0.07316907093932724,-0.1729209104456988,0.15078124999999987,0.14922999999999975
39.869,0.06614235068906194,0.07186789623714396,-0.17407866965842533,0.14749999999999996,0.14624999999999977
39.874,0.0643050631699209,0.07055150722646754,-0.1753367072281593,0.14369140624999988,0.1428799999999999
39.88,0.06338641941035039,0.06922291826278637,-0.17682265015473053,0.14052734374999987,0.13900999999999986
39.885,0.06154913189121025,0.06788454647832279,-0.17805333908164478,0.13751953124999994,0.13567000000000018
39.89,0.06017116625185448,0.0664928282227528,-0.17924300504432722,0.1345117187499999,0.13270999999999988
39.895,0.05971184437206922,0.06519483849280562,-0.18044634532842174,0.1313476562499999,0.12948000000000004
39.9,0.057415234973143825,0.06388100342742489,-0.18170438289815571,0.12837890624999992,0.12625999999999982
39.905,0.05603726933378805,0.0624634586352687,-0.18290316507511317,0.12531249999999994,0.12318000000000007
39.909,0.05465930369443228,0.06105375551639811,-0.1841839931805298,0.12228515624999992,0.11995999999999984
39.914,0.05374065993486177,0.059695842313615535,-0.18542379832171818,0.1188867187499999,0.11687000000000003
39.92,0.051903372415722515,0.058333956194662334,-0.18681402099841726,0.1159570312499999,0.11339999999999995
39.925,0.050525406776365855,0.05692338241398974,-0.18805838424674093,0.11294921874999986,0.11033999999999988
39.929,0.0486881192572266,0.05547376728055664,-0.18930274749506726,0.10992187499999984,0.10724
39.934,0.046850831738085574,0.053947344030338,-0.19062004045757863,0.10695312499999998,0.10415000000000019
39.939,0.046850831738085574,0.052541337915356943,-0.1918644037059023,0.10392578124999985,0.10116000000000014
39.944,0.04455422233916018,0.05118638924255824,-0.19313611559704746,0.10085937499999986,0.09805999999999981
39.949,0.04271693482001915,0.04969037464722125,-0.19448531530951563,0.0978906249999999,0.0948500000000001
39.953,0.04087964730087812,0.04812674489136804,-0.19579349205775376,0.09476562499999985,0.09188000000000018
39.958,0.039961003541307605,0.046599900090204885,-0.19717915662731667,0.09201171874999992,0.08865999999999996
39.962,0.03904235978173709,0.04519355594463148,-0.1983824969114094,0.08900390624999988,0.08584000000000014
39.967,0.03674575038281169,0.04374733244411161,-0.1997271385167423,0.08570312499999988,0.08275999999999994
39.973,0.03582710662324118,0.0422691307398879,-0.20128145305036327,0.0821484374999999,0.0791599999999999
39.978,0.03353049722431578,0.04076528655690552,-0.20270358247701914,0.07902343749999996,0.07594000000000012
39.983,0.032611853464745266,0.039240880346018796,-0.20404822408235113,0.0758007812499999,0.07297999999999982
39.988,0.03031524406581987,0.03769998598687161,-0.20551137647323792,0.07210937499999992,0.06964999999999977
39.993,0.029855922186033723,0.036191372101131464,-0.20708848154254156,0.06884765624999989,0.06619999999999981
39.998,0.027099990907323956,0.03466314119130968,-0.20853340150488275,0.06533203124999987,0.06287999999999982
40.003,0.02480338150839856,0.032937172367091226,-0.21008771603850374,0.06164062499999989,0.059699999999999864
40.009,0.0234254158690419,0.031189148375583953,-0.2117058440720383,0.058222656250000004,0.05627000000000004
40.014,0.02158812834990087,0.02946894081164468,-0.21320546132001894,0.054492187499999956,0.05309000000000008
40.019,0.018832197071191104,0.02763453285301835,-0.21496944878192892,0.050742187499999925,0.04952999999999985
40.024,0.016994909552050075,0.02570855060766486,-0.21660125113687556,0.0471093749999999,0.04621999999999993
40.03,0.014698300153124677,0.02375463924019094,-0.21829686699173312,0.04363281249999995,0.042930000000000135
40.034,0.013320334513768017,0.02182383413071473,-0.2198329490968085,0.040253906249999916,0.039899999999999824
40.039,0.014698300153124677,0.02027557240014931,-0.221236846094917,0.03798828124999998,0.03700999999999999
40.044,0.01607626579247956,0.019307073432825474,-0.22258148770024988,0.037402343749999956,0.03453999999999979
40.049,0.017454231431834444,0.018803470945590695,-0.22379394419861676,0.03787109374999997,0.03252999999999995
40.054,0.019750840830761618,0.018763660463205354,-0.22482863451865231,0.03933593749999986,0.03122999999999987
40.059,0.022047450229687016,0.019186756336083265,-0.22571746541031246,0.041386718749999885,0.03049999999999997
40.064,0.023884737748828044,0.0199355427303156,-0.22636015851658975,0.043749999999999845,0.030510000000000037
40.069,0.026181347147753442,0.020945491769988493,-0.22682508544453572,0.04656249999999995,0.031140000000000168
40.074,0.02801863466689447,0.022164860252050646,-0.2271441529441045,0.04982421874999987,0.032420000000000115
40.08,0.029855922186033723,0.023506654780727748,-0.2273538258723944,0.05289062499999986,0.03456999999999999
40.085,0.031233887825390383,0.024901117644675494,-0.2274267555865821,0.056523437499999885,0.03717000000000015
40.091,0.033071175344529635,0.026337813858593108,-0.22739940694376148,0.05999999999999983,0.04078999999999988
40.096,0.03536778474345681,0.027899379652681886,-0.22724443130111283,0.06351562499999985,0.044319999999999915
40.101,0.03674575038281169,0.02951557318720026,-0.22698461919431967,0.06708984374999982,0.047740000000000116
40.106,0.03904235978173709,0.031175571267044806,-0.2266199706233829,0.07046874999999986,0.05115999999999987
40.111,0.04042032542109375,0.032870695057309746,-0.22618695044539372,0.0738476562499999,0.05449999999999999
40.116,0.042257612940233,0.03454848334406714,-0.22568100055321771,0.07763671875,0.057780000000000165
40.122,0.04363557857958966,0.03621237074744222,-0.22500184258984834,0.08148437499999983,0.06174999999999997
40.128,0.045013544218944546,0.03781960951384443,-0.22435003326929692,0.08480468749999992,0.06531999999999982
40.133,0.046850831738085574,0.03942692511619225,-0.2236845496273352,0.08828124999999987,0.06864999999999988
40.138,0.0486881192572266,0.04107980421620895,-0.22287320655699983,0.09167968749999988,0.07223999999999986
40.143,0.050066084896581486,0.04272371759922286,-0.22211200266516862,0.0948437499999999,0.07556999999999992
40.148,0.05144405053593637,0.04431493972511625,-0.22131433391624267,0.09787109374999992,0.07879000000000014
40.152,0.05282201617529303,0.04586391012061263,-0.2205212232744529,0.10089843749999994,0.08189000000000002
40.157,0.05419998181464791,0.04737899996705579,-0.21969164777557015,0.10421874999999992,0.08496000000000015
40.162,0.05603726933378805,0.04891242377909008,-0.2187298871697223,0.10722656249999996,0.08828999999999976
40.167,0.05833387873271434,0.050551552884835,-0.21779547520669507,0.11052734374999995,0.09150999999999998
40.172,0.058793200612499597,0.05213893862487707,-0.21672432002956654,0.11386718749999991,0.09499999999999975
40.177,0.06063048813163974,0.05363933083871883,-0.21568051349525774,0.11722656249999996,0.09834999999999994
40.182,0.062467775650780766,0.05520647089147798,-0.2145820096753086,0.12017578124999995,0.10171000000000019
40.187,0.06338641941035039,0.056736130507215404,-0.21354276124813598,0.12367187499999988,0.1049500000000001
40.192,0.06476438504970616,0.05819023366335988,-0.21235309528545354,0.12716796874999992,0.1085799999999999
40.197,0.06614235068906194,0.059629251970810274,-0.21117710364417874,0.1304687499999999,0.11204999999999998
40.203,0.06843896008798733,0.06114717790555478,-0.20999199578863337,0.1337890624999999,0.11552000000000007
40.208,0.06889828196777259,0.06263737401710337,-0.20878865550453973,0.13726562499999995,0.11886999999999981
40.213,0.07073556948691362,0.06405983242930682,-0.20754885036335136,0.14080078124999995,0.12248999999999999
40.218,0.07257285700605376,0.06556447942049189,-0.20624978982938558,0.14412109374999993,0.1261000000000001
40.224,0.07349150076562427,0.06704402749716917,-0.20500998468819898,0.14765624999999993,0.12958999999999987
40.229,0.07486946640498005,0.06845794753084024,-0.2037109241542332,0.1512304687499999,0.13322000000000012
40.234,0.07578811016454967,0.06981924216646367,-0.2024528865845001,0.15474609374999992,0.1367099999999999
40.24,0.07854404144326121,0.07127484353719178,-0.20112191930057666,0.15814453124999994,0.14044999999999996
40.245,0.07946268520283084,0.072806066993329,-0.19985476551656944,0.16187499999999988,0.14380000000000015
40.25,0.08084065084218661,0.0742614241518748,-0.19847821716128067,0.16541015624999988,0.1475599999999999
40.256,0.08267793836132764,0.07574694989575034,-0.19709711069885483,0.16908203125,0.15119000000000016
40.261,0.08405590400068252,0.07725666703310312,-0.19577981773634345,0.17281249999999992,0.15467999999999993
40.267,0.08497454776025304,0.07869477884141864,-0.19440782748819085,0.1762695312499999,0.15832999999999986
40.271,0.08589319151982355,0.08002997033860186,-0.1931953709898231,0.17957031249999988,0.16170000000000018
40.276,0.0877304790389637,0.08137363652066976,-0.19202393745568713,0.18291015624999996,0.1649099999999999
40.281,0.08864912279853421,0.08272409832919479,-0.19082971338586674,0.186171875,0.16798000000000002
40.285,0.09002708843788998,0.08403450748652691,-0.1896993028159608,0.18999999999999995,0.17105000000000015
40.291,0.09048641031767524,0.08526729759351338,-0.1883728936391762,0.19351562499999986,0.17466999999999988
40.296,0.09186437595703012,0.08643784702969194,-0.18720601821217553,0.19695312499999995,0.17786999999999997
40.3,0.09278301971660063,0.08760398919726298,-0.18609384007081609,0.20076171874999993,0.1809400000000001
40.305,0.09507962911552692,0.08885760106219011,-0.18481757007253563,0.205078125,0.18427000000000016
40.311,0.09553895099531218,0.09013585068719812,-0.18343190550297273,0.20890624999999985,0.1880099999999998
40.316,0.0964575947548818,0.09129735102783519,-0.1822422395402885,0.21333984374999992,0.19132999999999978
40.321,0.09737623851445232,0.09241073507923306,-0.18092038847064007,0.2178710937499999,0.1950400000000001
40.327,0.09921352603359335,0.09357653971630177,-0.17956663065103573,0.22201171874999992,0.19889
40.332,0.10059149167294823,0.09482988092441468,-0.17838608090262476,0.22644531249999988,0.20208000000000004
40.337,0.10105081355273349,0.09601690974695848,-0.17713715954716314,0.2313867187499999,0.20551999999999992
40.343,0.10334742295165977,0.09724176818508765,-0.17575605308473818,0.23591796874999987,0.20935999999999977
40.348,0.1042660667112294,0.09854246307989714,-0.174529922264961,0.24039062499999997,0.2128199999999998
40.353,0.10472538859101466,0.0997219616908388,-0.17335848873082327,0.24562499999999987,0.21614999999999984
40.359,0.10564403235058517,0.10080427619589728,-0.1720229633397663,0.25083984374999996,0.21999999999999975
40.364,0.10702199798994094,0.10189966509765101,-0.17082873926994502,0.2558789062499999,0.22357000000000005
40.369,0.10839996362929583,0.10305103989848549,-0.16965730573580817,0.2609765624999999,0.2269000000000001
40.374,0.10931860738886634,0.10420180643132514,-0.16849498841594546,0.26587890624999994,0.23036000000000012
40.379,0.11023725114843685,0.10530658332514181,-0.1674283913459531,0.2707421874999999,0.2334299999999998
40.384,0.11115589490800737,0.10637448233949134,-0.16640737534732697,0.27558593749999993,0.23651
40.388,0.11253386054736225,0.1074583118391684,-0.1654000336701129,0.28083984374999993,0.23946
40.393,0.11345250430693277,0.10855491557517874,-0.1643288784929844,0.2865039062499999,0.24268
40.398,0.11437114806650328,0.10961626074968846,-0.16323493278017143,0.29201171874999987,0.24587999999999988
40.402,0.1152897918260738,0.11064933301297669,-0.16220024246013587,0.2975390624999999,0.24909000000000003
40.407,0.11666775746542868,0.11170523585884315,-0.1611518778186909,0.3037304687499999,0.25215999999999994
40.412,0.11758640122499919,0.11277944594717484,-0.1600898388558365,0.3093554687499999,0.2553699999999999
40.416,0.11804572310478445,0.11377733236085075,-0.15911896203571452,0.3159179687499999,0.2583
40.421,0.11850504498456971,0.11466851494639563,-0.158002225787218,0.32193359374999986,0.2617799999999999
40.426,0.11988301062392459,0.11556513831425919,-0.1570222327528228,0.3276367187499999,0.26485000000000003
40.431,0.1208016543834951,0.11651162638702028,-0.15604679782556552,0.3331249999999999,0.26793
40.435,0.12217962002285088,0.11749809965244536,-0.15507592100544532,0.3384570312499999,0.27085000000000004
40.44,0.12217962002285088,0.11842563222015254,-0.15411871850673364,0.34382812499999993,0.2739099999999999
40.444,0.12401690754199102,0.11935140368070159,-0.15313416736520225,0.3487304687499999,0.2769599999999999
40.449,0.12493555130156153,0.12036676672573286,-0.15217696486649235,0.3542187499999999,0.27988999999999997
40.454,0.1253948731813468,0.12131746524631079,-0.15110580968936205,0.3597070312499999,0.28332999999999986
40.459,0.12677283882070256,0.12226181287392403,-0.1500073058694129,0.36466796874999996,0.28678000000000003
40.464,0.12769148258027307,0.12324656977279685,-0.14897261554937824,0.36943359374999996,0.2899799999999999
40.469,0.1286101263398427,0.12421822791634987,-0.14794704144361592,0.3752734374999999,0.2932999999999999
40.475,0.12952877009941322,0.12517938251323202,-0.14669356198101813,0.37976562499999994,0.29728
40.48,0.13044741385898373,0.1261321145928618,-0.1456816621966679,0.3841210937499999,0.3005899999999999
40.485,0.13136605761855424,0.1270780928778839,-0.14470166916227267,0.3885742187499999,0.30377999999999994
40.49,0.13320334513769438,0.12810965924290557,-0.14358949102091412,0.3925781249999999,0.3073600000000001
40.495,0.13274402325790913,0.1290733507787422,-0.14261405609365685,0.3963085937499999,0.3105499999999999
40.499,0.1350406326568354,0.13002811716285811,-0.14172066709485875,0.3998632812499999,0.31349000000000005
40.504,0.13549995453662067,0.13106673047293121,-0.14076802270328415,0.4032421874999999,0.31655999999999995
40.508,0.1364185982961903,0.13203607276828108,-0.13987007559735165,0.40662109374999994,0.31935999999999987
40.513,0.1373372420557608,0.13299537034752373,-0.13895389606287,0.4099218749999999,
40.517,0.13825588581533133,0.13394661333365043,-0.13803771652839014,0.4135546874999999,
40.522,0.13825588581533133,0.13480039378393974,-0.13702125863690284,0.4173437499999999,
40.528,0.13917452957490184,0.13557602159538404,-0.13598656831686728,0.42066406249999994,
40.532,0.14055249521425672,0.1364254865203127,-0.1350430401395668,0.4239257812499999,
40.537,0.14147113897382724,0.13733415948055372,-0.13410862817653957,0.42726562499999987,
40.542,0.142849104613183,0.1382903098038732,-0.13309672839218756,0.43048828124999994,
40.547,0.14330842649296827,0.13923902908842162,-0.13209850292924674,0.4334570312499999,
40.552,0.14376774837275352,0.1400907858489279,-0.13121878825185984,0.4364453124999999,
40.557,0.14560503589189366,0.14100129657171687,-0.13027526007455936,0.4395507812499999,
40.562,0.14698300153124944,0.1420499243182869,-0.12920866300456701,0.44255859374999995,
40.567,0.14698300153124944,0.14302729692633145,-0.12823322807730797,0.4455468749999999,
40.572,0.14790164529081995,0.14390203003178567,-0.1272441188286404,0.4487304687499999,
40.578,0.14927961093017483,0.1448309648800426,-0.12620487040146866,0.4516992187499999,
40.583,0.15019825468974535,0.14580336267735614,-0.125170180081434,0.4547460937499999,
40.589,0.1506575765695306,0.14671960849814625,-0.12412181543998901,0.4576171874999999,
40.594,0.15111689844931586,0.14754532564390882,-0.12318284536982382,0.4603710937499999,
40.599,0.152954185968456,0.14843495588591366,-0.12224843340679659,0.4628124999999999,
40.604,0.15341350784824126,0.14937583635535379,-0.12140062547936736,0.4653124999999999,
40.609,0.15433215160781177,0.15026680926156713,-0.12047532973061337,0.4681249999999999,
40.614,0.1552507953673823,0.151163264493101,-0.1195181272319017,0.4707226562499999,
40.619,0.1561694391269528,0.15206411585682167,-0.11857915716173917,0.4732617187499999,
40.624,0.15708808288652243,0.15296849236308194,-0.11763562898443602,0.47613281249999995,
40.629,0.15800672664609294,0.15387569558823896,-0.11663284541435992,0.47833984374999994,
40.634,0.1584660485258782,0.15473966359983168,-0.1158169442368866,0.4810742187499999,
40.64,0.16030333604501834,0.1556599662030371,-0.11479592823826046,0.48357421874999995,
40.645,0.15984401416523397,0.1565344382606503,-0.11386151627523411,0.48591796874999993,
40.65,0.1616813016843741,0.15737216001162557,-0.11300915024066782,0.4883203124999999,
40.655,0.16305926732372988,0.1583624202000649,-0.11202004099199936,0.4908593749999999,
40.66,0.16259994544394463,0.15924748751658319,-0.1111312101003401,0.49324218749999993,
40.665,0.1639779110833004,0.1600482034414854,-0.1102697278514988,0.4957226562499999,
40.67,0.16489655484287002,0.16091778586339409,-0.10936266453129306,0.4981640624999999,
40.675,0.16535587672265528,0.16175158674436504,-0.10846927553249675,0.5005078124999999,
40.68,0.16673384236201105,0.16260219723563624,-0.10763514192647605,0.5027539062499999,
40.685,0.1671931642417963,0.1634662869103868,-0.10680100832045714,0.5050976562499999,
40.69,0.16811180800136682,0.16429568330217412,-0.10592129364307024,0.5075781249999999,
40.695,0.16903045176093645,0.16514276194965,-0.10504613707281951,0.5098437499999999,
40.7,0.16994909552050697,0.1660040195319434,-0.10420744535966353,0.5121874999999999,
40.704,0.17086773928007748,0.16687664682837866,-0.10335052121796018,0.5144921874999999,
40.709,0.171786383039648,0.16775839119893338,-0.10249815518339389,0.51662109375,
40.714,0.171786383039648,0.16855644254104424,-0.10172783507728944,0.5187695312499999,
40.718,0.17316434867900288,0.1693328845343401,-0.10095295686404615,0.521015625,
40.723,0.1740829924385734,0.1701830023302376,-0.10015073000798491,0.52322265625,
40.728,0.17546095807792916,0.1710921988105021,-0.09933027072337364,0.5255078124999999,
40.732,0.17546095807792916,0.1719577651608329,-0.09850525333162885,0.5277343749999999,
40.737,0.17637960183749968,0.1727428437749009,-0.09771670079697703,0.5301757812499999,
40.742,0.17683892371728405,0.17350888327947783,-0.09685521854813572,0.5326562499999999,
40.747,0.17821688935663982,0.17430515770888208,-0.09599829440643326,0.5350390624999999,
40.752,0.17821688935663982,0.17508017484270946,-0.09519606755037024,0.5376953124999999,
40.757,0.1795948549959956,0.17583814631145367,-0.09431179476584717,0.5403710937499999,
40.762,0.18051349875556522,0.17667345308050725,-0.09338194090995611,0.5428515624999999,
40.767,0.18097282063535047,0.1774797692187948,-0.09258427216103104,0.5455078124999999,
40.772,0.18235078627470624,0.1783083404192736,-0.09169544126937001,0.54791015625,
40.777,0.1828101081544915,0.17915475736758732,-0.09094335359181294,0.5505078124999999,
40.782,0.18326943003427676,0.1799244805808639,-0.09012745241433961,0.55298828125,
40.786,0.18372875191406202,0.18063270510929166,-0.08937536473677987,0.55544921875,
40.791,0.18464739567363164,0.18133711734809718,-0.08863239327349604,0.55787109375,
40.795,0.18602536131298741,0.1821294763822263,-0.08790309613161984,0.56056640625,
40.8,0.18602536131298741,0.18290135386377349,-0.08707807873987505,0.5633007812499999,
40.805,0.18694400507255793,0.1836113058431513,-0.08631231674090589,0.5662695312499999,
40.81,0.18786264883212844,0.18436260516429553,-0.08545995070633872,0.5689843749999999,
40.815,0.18878129259169807,0.18514705982908536,-0.08472153735019106,0.5718359375,
40.819,0.18969993635126858,0.1859581008901294,-0.0839238686012651,0.5748437499999999,
40.824,0.19015925823105384,0.18674495899669144,-0.08310796742379178,0.5777734374999999,
40.829,0.19107790199062435,0.18751242542940055,-0.0823422054248244,0.5807421874999998,
40.834,0.19199654575019487,0.18830984407486712,-0.08156276910444493,0.5839062499999998,
40.839,0.19245586762998013,0.18908577872539883,-0.08076510035551898,0.5870703124999999,
40.844,0.19337451138954975,0.18984448592660683,-0.07999022214227658,0.59013671875,
40.848,0.193833833269335,0.19058937889023475,-0.07925180878612803,0.5933789062499999,
40.853,0.19521179890869078,0.19136869646577304,-0.07849060489429682,0.59685546875,
40.858,0.19567112078847604,0.19217561823033527,-0.07767470371682439,0.6004882812499999,
40.863,0.19658976454804655,0.19295917318161337,-0.07684968632507694,0.6041015624999999,
40.868,0.19704908642783092,0.19372399090115547,-0.07607025000469836,0.6076757812499999,
40.872,0.1984270520671867,0.19451928561334067,-0.07531360422000333,0.6115624999999999,
40.877,0.19888637394697195,0.1953390190226997,-0.07448402872112059,0.61578125,
40.882,0.20026433958632772,0.1961783491792361,-0.07362710457941724,0.6202539062499999,
40.888,0.2007236614661121,0.19703339345085805,-0.07272915747348474,0.6246289062499999,
40.893,0.2016423052256826,0.19785553657226973,-0.07189502386746405,0.6293164062499998,
40.898,0.20256094898525312,0.1986967990133927,-0.0710380997257607,0.6339843749999999,
40.903,0.20302027086503838,0.19950789084815,-0.07020396611974178,0.6390039062499999,
40.909,0.2039389146246089,0.20029478966881453,-0.06931513522808164,0.6440234374999999,
40.914,0.20485755838417852,0.20110779063403833,-0.06843542055069474,0.6486523437499999,
40.919,0.20531688026396377,0.20189622033610838,-0.06764686801604292,0.6533398437499999,
40.925,0.2062355240235343,0.20266494698983567,-0.06681729251716018,0.6577343749999999,
40.93,0.20669484590331955,0.20341787428837438,-0.06604697241105484,0.6621874999999999,
40.935,0.20807281154267532,0.2042036343853313,-0.06526753609067537,0.6661328124999999,
40.939,0.20899145530224494,0.20506122412297423,-0.06452000652025358,0.6699414062499999,
40.943,0.2094507771820302,0.20588540838650188,-0.063818058021198,0.6737109374999999,
40.948,0.21036942094160072,0.20668280568074401,-0.06309787709359771,0.6775585937499999,
40.953,0.21128806470117123,0.20750422509524058,-0.06234123130890268,0.6817382812499999,
40.958,0.21220670846074174,0.20834490721486176,-0.061475190952925196,0.6859179687499999,
40.963,0.21312535222031137,0.20920103559005016,-0.06064105734690628,0.6898437499999999,
40.968,0.21312535222031137,0.209978546140591,-0.05984338859798033,0.6939453124999999,
40.973,0.2149626397394524,0.21078401889943227,-0.05902292931336994,0.69841796875,
40.979,0.21542196161923766,0.21165741570110955,-0.058047494386112675,0.7020898437499999,
40.984,0.21634060537880817,0.21249427523268835,-0.05727717428000734,0.7062109374999999,
40.989,0.21679992725859343,0.21330183649032167,-0.056388343388347195,0.7099609374999999,
40.994,0.2172592491383778,0.21404040234929037,-0.055608907067968616,0.7133398437499999,
40.999,0.21863721477773357,0.21481464638635436,-0.054893284247503615,0.7166992187499999,
41.003,0.21863721477773357,0.21557199792917914,-0.05416854521276537,0.7199218749999999,
41.008,0.21955585853730408,0.21627030194112923,-0.053471154820847744,0.7232812499999999,
41.012,0.22093382417665897,0.21705776294912638,-0.05272818335756213,0.7264257812499999,
41.017,0.22093382417665897,0.21782571283260665,-0.05203079296564539,0.7295117187499999,
41.021,0.22185246793622948,0.2185325153746072,-0.051342518787999225,0.7325585937499999,
41.025,0.22231178981601474,0.21923578735997357,-0.05066336082462897,0.7356640624999999,
41.03,0.2236897554553705,0.21998173016997247,-0.04995229611130103,0.73880859375,
41.034,0.22460839921494102,0.22080739147459577,-0.04920020843374129,0.7418945312499999,
41.039,0.22460839921494102,0.22156047128421577,-0.04848914372041424,0.7453515624999999,
41.044,0.22552704297451065,0.22225534990589121,-0.04769603307862447,0.74857421875,
41.049,0.22644568673408116,0.22299456229875492,-0.04690292243683647,0.7522070312499999,
41.054,0.22736433049365168,0.22376932477430989,-0.04607334693795195,0.7556054687499999,
41.059,0.2282829742532222,0.22457259392424603,-0.04525744576048041,0.7588671874999999,
41.064,0.22874229613300745,0.22535321994012075,-0.044514474297194795,0.7619140624999999,
41.069,0.22966093989257708,0.22611568902355553,-0.04373959608395239,0.7656249999999999,
41.074,0.23103890553193285,0.22695460231129402,-0.04287355572797669,0.7690624999999999,
41.079,0.23103890553193285,0.22776381042186467,-0.04203030590768275,0.7721484375,
41.084,0.23195754929150336,0.22850369684880079,-0.04133291551576601,0.7755078124999999,
41.089,0.23241687117128862,0.2292334979295651,-0.04049878190974532,0.77884765625,
41.094,0.23425415869042876,0.2300462156069334,-0.03973757801791411,0.7822460937499999,
41.099,0.23425415869042876,0.2308799200328872,-0.03893079305471492,0.7855664062499998,
41.104,0.2360914462095698,0.23173045317942226,-0.038096659448694226,0.7887890624999999,
41.109,0.23517280244999927,0.23250347706356933,-0.037349129878272436,0.7921289062499999,
41.114,0.23655076808935505,0.23316884642802932,-0.036592484093577404,0.79521484375,
41.118,0.23792873372870993,0.23397539989515187,-0.035863186951702986,0.7983007812499999,
41.123,0.23792873372870993,0.23475865951841957,-0.0351293317026915,0.8013476562499999,
41.127,0.23792873372870993,0.23538673476736655,-0.03445017373931947,0.8045117187499999,
41.132,0.2393066993680657,0.23602687741130557,-0.03374822524026566,0.8075781249999999,
41.136,0.24068466500742147,0.23681320223609728,-0.033041718634073014,0.8109374999999999,
41.142,0.24114398688720584,0.23762574292915845,-0.032180236385233485,0.8144140624999999,
41.146,0.2425219525265616,0.23845930543606084,-0.031460055457633196,0.8178515624999999,
41.151,0.2425219525265616,0.23926422289649982,-0.030635038065885745,0.8216015624999999,
41.157,0.24344059628613213,0.24000066876417628,-0.029828253102686553,0.82537109375,
41.162,0.2448185619254879,0.24081871472104488,-0.028985003282394395,0.8287695312499999,
41.166,0.24573720568505752,0.24170219363885123,-0.028219241283425234,0.8328125,
41.172,0.24619652756484278,0.24254713775363784,-0.027339526606038334,0.836484375,
41.177,0.24757449320419855,0.24340668371042382,-0.0265236254285659,0.8402539062499998,
41.182,0.2480338150839838,0.24427793849947485,-0.02571684046536582,0.8437304687499999,
41.186,0.24849313696376907,0.24506757852263278,-0.02498754332349229,0.8473632812499999,
41.191,0.2494117807233387,0.24583727570094216,-0.024203548895975757,0.8513281249999999,
41.196,0.24987110260312395,0.2465909812375648,-0.02344234500414455,0.8550390625,
41.201,0.25078974636269447,0.24733186349818156,-0.022685699219449518,0.8588671874999999,
41.205,0.2512490682424797,0.24806246311172903,-0.021960960184711276,0.8626757812499999,
41.21,0.25216771200205024,0.2487848173415927,-0.021222546828562727,0.8664648437499999,
41.215,0.2535456776414051,0.24959156358548681,-0.020511482115233903,0.8701953124999999,
41.219,0.25446432140097563,0.250465981561265,-0.01977762686622242,0.8739843749999999,
41.223,0.2549236432807609,0.25130365994544207,-0.019048329724348,0.8781640624999999,
41.228,0.2558422870403314,0.25211187781939287,-0.018255219082558227,0.8822656249999999,
41.233,0.2572202526796872,0.2529874758565285,-0.01749401519072702,0.8863085937499999,
41.237,0.2572202526796872,0.2538261005008074,-0.016746485620303453,0.8906640625,
41.242,0.2581388964392568,0.2545895752708459,-0.015967049299924874,0.8948632812499999,
41.246,0.2590575401988273,0.25538379310721787,-0.01523319405091339,0.8991015625,
41.251,0.2595168620786126,0.25615716111329456,-0.014503896909038971,0.9035156249999999,
41.255,0.26089482771796835,0.2569593120749076,-0.013756367338617181,0.9082031249999999,
41.26,0.261813471477538,0.257830045214934,-0.01294958237541799,0.9130273437499999,
41.264,0.2627321152371085,0.2587102707113852,-0.012129123090808491,0.91802734375,
41.269,0.2627321152371085,0.2595071041083827,-0.01133145434188254,0.9230664062499999,
41.274,0.263650758996679,0.2602370675786423,-0.010583924771461639,0.9281054687499999,
41.278,0.26411008087646426,0.2609589117019691,-0.009845511415311314,0.9332421874999999,
41.282,0.26548804651581914,0.26171974701992634,-0.009102539952027477,0.938984375,
41.287,0.26640669027538966,0.2625573502341866,-0.008259290131733543,0.9448242187499999,
41.292,0.26640669027538966,0.2633200059464132,-0.007457063275672304,0.9504101562499999,
41.297,0.26778465591474543,0.2640680651169633,-0.006691301276703143,0.9561914062499999,
41.302,0.26870329967431594,0.2648954234753355,-0.00588907442063924,0.96208984375,
41.306,0.2691626215541012,0.26569536599257965,-0.005059498921757388,0.9686523437499999,
41.312,0.2700812653136708,0.2664733244693726,-0.0041478774944128105,0.9737890624999999,
41.316,0.27099990907324134,0.2672791564084702,-0.003395789816855732,0.97978515625,
41.322,0.27191855283281186,0.26810733934237974,-0.002506958925194702,0.9855859374999999,
41.328,0.2732965184721676,0.26899894683491343,-0.0015087334622538862,0.9908398437499999,
41.332,0.2732965184721676,0.2698504090395439,-0.0007292971418744187,0.9960937499999999,
41.337,0.27421516223173725,0.27062417791089205,0.00010939457128245067,1.00158203125,
41.343,0.275593127871093,0.2714721522007503,0.0010255741057623169,1.0060937499999998,
41.348,0.2769710935104488,0.2724251317449635,0.0018551496046441684,1.0101757812499998,
41.352,0.27743041539023405,0.27337130846531305,0.002630027817887459,1.0148632812499998,
41.357,0.2769710935104488,0.27413002264069997,0.0035097424952743594,1.01880859375,
41.362,0.27880838102958894,0.2748749211967381,0.00423903963714789,1.0226171874999999,
41.366,0.27972702478915945,0.27574524702658076,0.005013917850391181,1.0262499999999999,
41.371,0.28064566854872997,0.27662514591173043,0.005816144706454196,1.03025390625,
41.376,0.28202363418808485,0.27755822306258005,0.006686743169567855,1.0338281249999999,
41.381,0.2824829560678701,0.2784884405782225,0.007520876775585883,1.0373046874999998,
41.385,0.2834015998274406,0.2793708631428096,0.008350452274468623,1.04087890625,
41.391,0.28432024358701113,0.28026046208073924,0.009243841273264941,1.0443749999999998,
41.395,0.28523888734658165,0.28115581556331753,0.010100765414969182,1.0475585937499998,
41.4,0.2847795654667964,0.28191927780874043,0.010907550378168374,1.0506640624999999,
41.405,0.28661685298593653,0.28266798371700425,0.011673312377137535,1.0539648437499998,
41.41,0.2870761748657218,0.28349586067730415,0.012566701375933853,1.0570312499999999,
41.415,0.2879948186252923,0.2842962190477662,0.013364370124859803,1.0602343749999998,
41.42,0.2889134623848628,0.2851200128712438,0.014257759123656122,1.06345703125,
41.425,0.28983210614443244,0.28596259896684884,0.015164822443863635,1.06623046875,
41.43,0.29075074990400296,0.286820254090199,0.01595793308565341,1.0692382812499999,
41.435,0.29212871554335873,0.28773549455470027,0.016869554512997098,1.0718359375,
41.44,0.292588037423144,0.2886514093016492,0.017648990833375677,1.0746289062499998,
41.445,0.2935066811827145,0.289522362852973,0.018524147403624625,1.07708984375,
41.449,0.29396600306249887,0.2903572632064856,0.01929446750973174,1.07990234375,
41.454,0.29534396870185464,0.29120875533581103,0.020201530829937475,1.0827539062499998,
41.46,0.2958032905816399,0.2920735519728816,0.021145059007237954,1.08529296875,
41.465,0.2967219343412104,0.29290351525912117,0.021942727756163904,1.08787109375,
41.47,0.29764057810078093,0.2937510484843178,0.022822442433550805,1.0905859374999998,
41.475,0.2980998999805653,0.29456716869555605,0.023752296289441865,1.093046875,
41.48,0.2999371874997063,0.2954491034086948,0.02457731368118843,1.0954296874999998,
41.485,0.2999371874997063,0.2963383111514053,0.025379540537250556,1.0978515624999998,
41.49,0.3013151531390621,0.2971878490598984,0.026277487643184827,1.10021484375,
41.495,0.302693118778417,0.29814208242868534,0.027093388820655484,1.1024414062499999,
41.499,0.30315244065820224,0.2990892645579156,0.027932080533812353,1.1048632812499999,
41.505,0.30407108441777275,0.29998529059903334,0.028839143854019866,1.10701171875,
41.509,0.304530406297558,0.30084029592132167,0.0296231382815364,1.1092578124999999,
41.514,0.30636769381669815,0.30175341158018726,0.0305028529589233,1.1115429687499998,
41.519,0.30636769381669815,0.30266762250149654,0.03136433520776283,1.11380859375,
41.524,0.30728633757626866,0.3034917079149956,0.0322349336708756,1.1159765624999998,
41.529,0.30866430321562444,0.304380029713903,0.033087299705441886,1.11798828125,
41.533,0.3091236250954097,0.3052743590923586,0.03387585224009371,1.12015625,
41.538,0.3100422688549793,0.306128003905574,0.03476468313175385,1.1222460937499998,
41.543,0.31096091261454983,0.3069945267231214,0.03563528159486751,1.12431640625,
41.548,0.31187955637412035,0.3078713760729406,0.036446624665202876,1.12630859375,
41.552,0.31279820013369086,0.30875650599683085,0.03725340962840207,1.1285742187499999,
41.558,0.3137168438932614,0.3096482758948327,0.0382014959128405,1.1306054687499998,
41.562,0.31417616577304575,0.3104998683281277,0.03899916466176645,1.13291015625,
41.568,0.3155541314124015,0.3113647453963079,0.03995180905334106,1.13509765625,
41.573,0.3169320970517573,0.3123312788329815,0.040849756159273554,1.1374414062499998,
