time_s,magnetic_raw_mm,magnetic_raw_filtered,magnetic_filtered_mm,keyence_mm
0.0,0.0,0.0,0.0,0.0
0.004,0.000459321879784369,4.550188494892581e-05,-0.016413743799324365,-1.0000000000065512e-05
0.009,0.000459321879784369,0.00012749053222785384,-0.03159679867173537,-1.0000000000065512e-05
0.013,0.000459321879784369,0.00019323506765495715,-0.04610525368791052,0.0
0.017,0.000459321879784369,0.0002459538779046358,-0.05977957509806675,-1.0000000000065512e-05
0.021,0.0009186437595696262,0.0003337295873789327,-0.0727337155806218,-1.999999999990898e-05
0.026,0.0013779656393548834,0.000495118385359442,-0.08500413999266776,-1.999999999990898e-05
0.03,-0.0004593218797852572,0.00048802615418162387,-0.09725177386903106,-2.999999999997449e-05
0.035,0.0,0.00034583342607023447,-0.1082368120685242,-1.999999999990898e-05
0.039,0.0013779656393548834,0.0004138203647091638,-0.11885720169707792,-2.999999999997449e-05
0.044,0.000459321879784369,0.0005138391839443828,-0.12947303321849635,-2.999999999997449e-05
0.048,0.0009186437595696262,0.0005485397541257261,-0.1393276608480818,-2.999999999997449e-05
0.053,0.0,0.0005308633418653141,-0.14878117504963662,-4.0000000000040004e-05
0.057,0.0009186437595696262,0.0005166890927387839,-0.15756008939495736,-5.0000000000105516e-05
0.062,0.0013779656393548834,0.0006418287907761137,-0.16579658899100735,-5.0000000000105516e-05
0.066,0.000459321879784369,0.0006966731316034914,-0.17323541983813318,-5.999999999994898e-05
0.071,0.0013779656393548834,0.0007406513630802824,-0.18045546154269498,-7.00000000000145e-05
0.075,0.0009186437595696262,0.0008214182327961608,-0.18724704117640645,-7.00000000000145e-05
0.079,0.0013779656393548834,0.0008861830569956268,-0.19346429931089038,-8.000000000008001e-05
0.084,0.000459321879784369,0.0008926143776833188,-0.19964509258828222,-8.000000000008001e-05
0.089,0.0018372875191401405,0.000943273369193154,-0.20570281697297954,-8.999999999992347e-05
0.093,0.0013779656393548834,0.0010748992492558857,-0.21102212800153186,-8.000000000008001e-05
0.097,0.000459321879784369,0.0010439409186068862,-0.21614544042320283,-8.999999999992347e-05
0.102,0.0,0.0008826105943249946,-0.22116847448786725,-8.000000000008001e-05
0.106,0.000459321879784369,0.0007532440591736958,-0.2256217451604412,-8.999999999992347e-05
0.111,0.0013779656393548834,0.0007860140989616351,-0.2297832969762661,-8.999999999992347e-05
0.115,0.0009186437595696262,0.0008577934151561754,-0.23378531504230438,-8.999999999992347e-05
0.119,0.0,0.000778845702208552,-0.23753207910868746,-8.000000000008001e-05
0.123,0.000459321879784369,0.0006700377269283249,-0.2411056351038754,-8.000000000008001e-05
0.128,0.0,0.0005827874792052989,-0.24465184245624183,-7.00000000000145e-05
0.132,0.0009186437595696262,0.0005583256900015341,-0.2478470755590827,-7.00000000000145e-05
0.136,0.0,0.0005387104259339858,-0.2508736586978637,-8.000000000008001e-05
0.141,0.000459321879784369,0.0004774795776930949,-0.25380452158677436,-7.00000000000145e-05
0.145,0.0009186437595696262,0.0005193839441369242,-0.2565393858688054,-8.000000000008001e-05
0.149,0.0009186437595696262,0.0005984878361399648,-0.25911927450818784,-8.000000000008001e-05
0.153,0.0009186437595696262,0.0006619191623395894,-0.26159432668342664,-8.999999999992347e-05
0.158,0.000459321879784369,0.0006672811861257934,-0.26408761128721014,-8.000000000008001e-05
0.162,0.000459321879784369,0.0006260789667338143,-0.2663119675699299,-8.000000000008001e-05
0.167,0.000459321879784369,0.0005930399928954515,-0.2683904644242743,-8.000000000008001e-05
0.171,0.0009186437595696262,0.0006120487954717104,-0.2704051477787033,-8.999999999992347e-05
0.176,0.0013779656393548834,0.0007182952231751542,-0.27256113245437064,-9.999999999998899e-05
0.18,0.0013779656393548834,0.0008489933183554288,-0.2743296780234177,-9.999999999998899e-05
0.185,0.000459321879784369,0.0008627929064101416,-0.2760298519854141,-9.999999999998899e-05
0.19,0.0009186437595696262,0.0008283565474315226,-0.27772090973313635,-9.999999999998899e-05
0.194,0.000459321879784369,0.0008007429387431382,-0.279220526981117,-8.999999999992347e-05
0.198,0.0018372875191401405,0.0008696040835956831,-0.28062442397922727,-8.999999999992347e-05
0.202,0.0013779656393548834,0.0010158257907028365,-0.2819006939775086,-8.999999999992347e-05
0.207,0.0009186437595696262,0.001042073354034068,-0.28314961533296845,-8.999999999992347e-05
0.211,0.0009186437595696262,0.0010176186983610125,-0.28433016508137854,-8.999999999992347e-05
0.215,0.000459321879784369,0.0009525072695347209,-0.2854833661869698,-9.999999999998899e-05
0.22,0.0,0.0008092923608846528,-0.286577311899781,-0.0001100000000000545
0.224,0.0009186437595696262,0.0007399539850424181,-0.2876211184340898,-0.0001100000000000545
0.228,0.0009186437595696262,0.0007753571387781098,-0.288601111468485,-0.0001100000000000545
0.233,0.000459321879784369,0.0007582441097531232,-0.2895127328958287,-0.0001100000000000545
0.237,0.000459321879784369,0.0006990197378459982,-0.29038788946607763,-0.0001100000000000545
0.241,0.0013779656393548834,0.0007425330447809097,-0.29119011632214153,-0.00011999999999989797
0.246,0.0018372875191401405,0.0009139308736578545,-0.2919148553568798,-0.00011999999999989797
0.25,0.0013779656393548834,0.0010513702754129921,-0.2926031295345233,-0.0001100000000000545
0.254,0.0,0.0009795717696437743,-0.29329596181930473,-0.00011999999999989797
0.258,-0.0004593218797852572,0.000739990900334288,-0.2939979103183603,-0.00011999999999989797
0.262,0.0,0.0005478773154328581,-0.2946588358531832,-0.00011999999999989797
0.267,0.0013779656393548834,0.0005758340346852105,-0.29524683167382015,-0.00011999999999989797
0.271,0.000459321879784369,0.0006437536759981233,-0.29578013020881677,-0.0001100000000000545
0.275,0.0013779656393548834,0.0006982166463323171,-0.29629519631526513,-0.00011999999999989797
0.279,-0.0004593218797852572,0.0006508852969637736,-0.29680114620744114,-0.00011999999999989797
0.284,0.0,0.0004764258804845977,-0.2973253285281645,-0.00011999999999989797
0.288,0.0009186437595696262,0.00047303712716688807,-0.29778113924183636,-0.00011999999999989797
0.292,0.0009186437595696262,0.0005613235450905728,-0.29822783374123496,-0.00011999999999989797
0.296,0.0013779656393548834,0.0006776199817678174,-0.29860159852644497,-0.00011999999999989797
0.301,0.0009186437595696262,0.0007708750293253352,-0.29896168899024644,-0.00011999999999989797
0.305,0.000459321879784369,0.0007546500243097618,-0.29934912809686676,-0.00011999999999989797
0.31,0.000459321879784369,0.0006961377354517493,-0.299745683417763,-0.00011999999999989797
0.314,0.0018372875191401405,0.0007857239279656781,-0.30005107659592234,-0.00011999999999989797
0.319,0.0013779656393548834,0.0009485645045800549,-0.30033367923839815,-0.0001100000000000545
0.324,0.000459321879784369,0.0009426364164267546,-0.30064363052369547,-0.0001100000000000545
0.328,0.0009186437595696262,0.0008923809538234622,-0.30093079127330924,-9.999999999998899e-05
0.332,0.0009186437595696262,0.0008975843078028499,-0.30118148716582827,-9.999999999998899e-05
0.337,0.0,0.0008107529703256307,-0.3014549735940326,-8.999999999992347e-05
0.341,-0.0004593218797852572,0.0006046195544115547,-0.3017421343436446,-8.999999999992347e-05
0.345,0.0009186437595696262,0.0005303303707720619,-0.30198827212902746,-8.000000000008001e-05
0.35,0.0009186437595696262,0.0006072654871635955,-0.30218427073590703,-8.000000000008001e-05
0.354,0.000459321879784369,0.000623455844409819,-0.30238938555705897,-8.000000000008001e-05
0.358,0.0009186437595696262,0.0006364384651857244,-0.3025762679496644,-8.000000000008001e-05
0.363,0.0009186437595696262,0.0006923507715755799,-0.3027449179137225,-8.000000000008001e-05
0.367,0.0009186437595696262,0.0007371853764904931,-0.3029090097706453,-8.000000000008001e-05
0.372,0.0009186437595696262,0.0007731370645475085,-0.3030685435204292,-8.000000000008001e-05
0.376,0.0009186437595696262,0.0008019657756870822,-0.3032235191630779,-8.000000000008001e-05
0.382,0.000459321879784369,0.0007795808744149118,-0.3034012853414101,-8.000000000008001e-05
0.386,0.000459321879784369,0.000716129127093932,-0.303565377198332,-8.999999999992347e-05
0.391,0.0009186437595696262,0.0007107507281487156,-0.3036975623052971,-8.999999999992347e-05
0.396,0.0013779656393548834,0.0007974417016812668,-0.30380695687657866,-8.999999999992347e-05
0.401,0.0009186437595696262,0.000866956908600478,-0.30391179334072316,-8.999999999992347e-05
0.406,0.0009186437595696262,0.0008771974359939238,-0.3040257460191418,-8.999999999992347e-05
0.411,0.0013779656393548834,0.0009309109299687601,-0.304112350054738,-8.999999999992347e-05
0.416,0.0009186437595696262,0.0009739823651581747,-0.30419439598319986,-8.999999999992347e-05
0.421,0.0009186437595696262,0.0009630183289319613,-0.30429011623307023,-8.999999999992347e-05
0.425,0.000459321879784369,0.0009087246722923369,-0.3043858364829406,-8.999999999992347e-05
0.43,0.0009186437595696262,0.0008651880199523224,-0.3044769986256757,-8.000000000008001e-05
0.435,0.0013779656393548834,0.000921280895755367,-0.3045362540184531,-8.000000000008001e-05
0.439,0.0,0.000875256524625837,-0.30461374183977696,-8.999999999992347e-05
0.443,0.000459321879784369,0.0007473470244998,-0.3047094620896491,-8.000000000008001e-05
0.448,0.0009186437595696262,0.0007357835373250569,-0.30477783369669886,-8.999999999992347e-05
0.453,0.0009186437595696262,0.0007720129666664742,-0.304832530982341,-8.999999999992347e-05
0.458,0.0009186437595696262,0.000801064391222087,-0.3048872282679813,-8.000000000008001e-05
0.462,0.0013779656393548834,0.0008698618478666128,-0.3049236931250743,-8.000000000008001e-05
0.467,0.0009186437595696262,0.000925028715180243,-0.30496015798216813,-8.000000000008001e-05
0.472,0.0009186437595696262,0.0009237636871971008,-0.30500573905353523,-8.999999999992347e-05
0.476,0.0013779656393548834,0.000968251179546478,-0.30503308769635584,-8.000000000008001e-05
0.481,0.0,0.000912920757287466,-0.30508322687486,-8.000000000008001e-05
0.486,0.0,0.0007320470950744597,-0.3051743890175951,-7.00000000000145e-05
0.491,0.0009186437595696262,0.0006780130422024029,-0.30524276062464484,-7.00000000000145e-05
0.496,0.000459321879784369,0.0006801864442306216,-0.3052883416960128,-7.00000000000145e-05
0.501,0.0013779656393548834,0.0007274311229856542,-0.3053202484459696,-7.00000000000145e-05
0.507,0.000459321879784369,0.0007653153857371223,-0.3053521551959264,-7.00000000000145e-05
0.512,0.000459321879784369,0.0007046900076927889,-0.30540229437443056,-5.999999999994898e-05
0.517,0.0009186437595696262,0.0007015779997810335,-0.30543420112438735,-5.999999999994898e-05
0.521,0.0,0.0006535806777052114,-0.30547522408861827,-5.999999999994898e-05
0.526,0.000459321879784369,0.0005695910051618414,-0.3055344794813939,-5.0000000000105516e-05
0.531,0.000459321879784369,0.0005477437852614965,-0.30557094433848864,-5.0000000000105516e-05
0.535,0.0013779656393548834,0.0006212288453089337,-0.30558006055276277,-5.0000000000105516e-05
0.539,0.000459321879784369,0.000680154578248709,-0.305589176767036,-5.999999999994898e-05
0.544,0.0009186437595696262,0.0006819036855455784,-0.3056074091955816,-7.00000000000145e-05
0.548,0.0009186437595696262,0.0007288081335379074,-0.30561652540985573,-5.999999999994898e-05
0.553,0.0013779656393548834,0.0008119214591566215,-0.30561196730271956,-5.999999999994898e-05
0.557,0.0009186437595696262,0.0008785678445032952,-0.3056074091955816,-5.999999999994898e-05
0.561,0.000459321879784369,0.0008410060545370292,-0.305625641624129,-5.0000000000105516e-05
0.566,0.0013779656393548834,0.000856388130059973,-0.3056347578384022,-5.0000000000105516e-05
0.57,-0.0009186437595705144,0.0007322169561774406,-0.30567578080263313,-5.0000000000105516e-05
0.574,0.000459321879784369,0.0005416435944971213,-0.3057395943025467,-5.999999999994898e-05
0.578,0.000459321879784369,0.0005253334932086024,-0.30576238483823026,-5.999999999994898e-05
0.583,0.000459321879784369,0.0005122548528410566,-0.3057851753739147,-5.999999999994898e-05
0.587,0.000459321879784369,0.0005017674358202924,-0.30580796590959824,-5.0000000000105516e-05
0.591,0.000459321879784369,0.0004933578525091448,-0.30582619833814384,-5.999999999994898e-05
0.596,0.0009186437595696262,0.0005321163142370632,-0.30583531455241797,-5.0000000000105516e-05
0.6,0.000459321879784369,0.0005631957032102982,-0.3058444307666912,-5.999999999994898e-05
0.604,-0.0009186437595705144,0.0004061099063289591,-0.3058991280523333,-5.999999999994898e-05
0.609,0.0,0.0002346450608859377,-0.3059629415522469,-7.00000000000145e-05
0.613,0.000459321879784369,0.00023365757515965026,-0.30598573208793045,-7.00000000000145e-05
0.617,0.0,0.00023286573638110818,-0.30601308073075106,-7.00000000000145e-05
0.622,0.0,0.00018672889678472603,-0.30604954558784403,-7.00000000000145e-05
0.626,0.000459321879784369,0.00019523486600620083,-0.3060677780163914,-5.999999999994898e-05
0.631,0.0009186437595696262,0.0002930593484464588,-0.30606321990925345,-7.00000000000145e-05
0.635,0.0,0.0003260003377841603,-0.3060723361235276,-7.00000000000145e-05
0.64,0.0009186437595696262,0.00035241484896823437,-0.30607689423066464,-5.999999999994898e-05
0.644,0.000459321879784369,0.0004190978342763718,-0.3060723361235276,-7.00000000000145e-05
0.648,0.0,0.000381565392854693,-0.30609056855207406,-7.00000000000145e-05
0.652,0.0,0.0003059672323041153,-0.30612247530203174,-7.00000000000145e-05
0.657,0.0009186437595696262,0.00033635082965996347,-0.3061270334091688,-5.999999999994898e-05
0.661,0.000459321879784369,0.00040621652056325086,-0.30611791719489556,-5.999999999994898e-05
0.665,0.0009186437595696262,0.0004622399767754715,-0.30610880098062143,-5.999999999994898e-05
0.67,0.000459321879784369,0.0005071637098035652,-0.30610424287348437,-7.00000000000145e-05
0.674,0.000459321879784369,0.0004976849823965387,-0.30610880098062143,-7.00000000000145e-05
0.678,0.0013779656393548834,0.0005810880106004747,-0.30609056855207406,-5.999999999994898e-05
0.682,0.0013779656393548834,0.0007389704707131003,-0.30604954558784403,-5.999999999994898e-05
0.687,0.0013779656393548834,0.0008655722544561586,-0.3060085226236131,-5.0000000000105516e-05
0.691,0.0,0.0008305852333794828,-0.3060039645164778,-5.0000000000105516e-05
0.696,0.000459321879784369,0.0007115262933694402,-0.30603131315929666,-5.0000000000105516e-05
0.7,0.0013779656393548834,0.0007525617220425882,-0.30601308073075106,-5.0000000000105516e-05
0.705,0.0013779656393548834,0.000876470720697348,-0.3059766158736563,-5.0000000000105516e-05
0.709,0.0009186437595696262,0.0009303281961251513,-0.3059538253379728,-5.0000000000105516e-05
0.713,0.0009186437595696262,0.0009280132012980285,-0.30594470912369953,-5.0000000000105516e-05
0.717,0.0,0.0008351530980603334,-0.30595838344510895,-5.0000000000105516e-05
0.722,0.000459321879784369,0.000715189143670101,-0.3059811739807925,-5.999999999994898e-05
0.726,0.0013779656393548834,0.0007554988651635951,-0.3059674996593831,-5.999999999994898e-05
0.731,0.0,0.0007423202835101831,-0.3059674996593831,-7.00000000000145e-05
0.735,0.000459321879784369,0.0006407489563082262,-0.3059948483022037,-8.000000000008001e-05
0.74,0.000459321879784369,0.0006048034709049007,-0.3060039645164778,-8.000000000008001e-05
0.744,0.000459321879784369,0.0005759797335098489,-0.30601763883788724,-8.000000000008001e-05
0.749,0.000459321879784369,0.0005528667381476538,-0.3060267550521605,-7.00000000000145e-05
0.753,0.000459321879784369,0.0005343330363139507,-0.3060358712664346,-7.00000000000145e-05
0.757,0.0013779656393548834,0.0006104751191706502,-0.3060221969450234,-7.00000000000145e-05
0.761,0.000459321879784369,0.0006715314486748485,-0.3060039645164778,-7.00000000000145e-05
0.766,-0.0004593218797852572,0.0005384833703575111,-0.3060404293735699,-5.999999999994898e-05
0.77,0.0009186437595696262,0.00047729750781041135,-0.30606321990925345,-5.0000000000105516e-05
0.774,0.0009186437595696262,0.0005647398320454992,-0.30604498748070785,-5.0000000000105516e-05
0.779,0.000459321879784369,0.0005893556423420747,-0.3060404293735699,-4.0000000000040004e-05
0.784,0.000459321879784369,0.0005635925269156798,-0.30604954558784403,-4.0000000000040004e-05
0.789,0.0013779656393548834,0.000633937533544924,-0.30603131315929666,-4.0000000000040004e-05
0.793,0.0009186437595696262,0.0007358472253543491,-0.30599940640933987,-2.999999999997449e-05
0.798,0.000459321879784369,0.00072656215146964,-0.30599940640933987,-4.0000000000040004e-05
0.803,0.000459321879784369,0.000673614810482307,-0.30601308073075106,-4.0000000000040004e-05
0.808,0.000459321879784369,0.0006311577331814685,-0.3060221969450234,-2.999999999997449e-05
0.813,0.0013779656393548834,0.0006881162917560298,-0.3060085226236131,-2.999999999997449e-05
0.817,0.0013779656393548834,0.0008247936286217175,-0.30597205776652014,-2.999999999997449e-05
0.822,0.000459321879784369,0.0008433878129999496,-0.30595838344510895,-4.0000000000040004e-05
0.827,0.000459321879784369,0.0007672942295016793,-0.30597205776652014,-2.999999999997449e-05
0.831,0.000459321879784369,0.000706276790354796,-0.30598573208793045,-2.999999999997449e-05
0.836,0.0009186437595696262,0.0007028503989777481,-0.30598573208793045,-2.999999999997449e-05
0.841,0.0009186437595696262,0.0007456047509846815,-0.3059674996593831,-2.999999999997449e-05
0.846,0.000459321879784369,0.000734386454111222,-0.3059674996593831,-4.0000000000040004e-05
0.85,0.0,0.0006343870276107316,-0.3059948483022037,-2.999999999997449e-05
0.855,0.000459321879784369,0.0005542001230032542,-0.30601763883788724,-5.0000000000105516e-05
0.86,0.0009186437595696262,0.0005809041274370676,-0.30601763883788724,-5.0000000000105516e-05
0.864,0.0013779656393548834,0.0006933211347016249,-0.30599029019506574,-5.0000000000105516e-05
0.87,0.0009186437595696262,0.000783465370056184,-0.30595838344510895,-5.999999999994898e-05
0.875,0.000459321879784369,0.0007647458867210853,-0.30595838344510895,-5.999999999994898e-05
0.88,0.0,0.000658731456492154,-0.30598573208793045,-5.0000000000105516e-05
0.884,0.0009186437595696262,0.0006192231638703829,-0.3059948483022037,-5.999999999994898e-05
0.89,0.000459321879784369,0.0006330443902142241,-0.3059948483022037,-5.0000000000105516e-05
0.895,0.000459321879784369,0.0005986253824093761,-0.3060085226236131,-5.0000000000105516e-05
0.899,0.0013779656393548834,0.0006620294570679731,-0.3059948483022037,-5.0000000000105516e-05
0.905,0.0013779656393548834,0.0008038752834086879,-0.30594470912369953,-4.0000000000040004e-05
0.91,0.000459321879784369,0.0008266139432804541,-0.3059355929094263,-4.0000000000040004e-05
0.914,0.0013779656393548834,0.000844847475350063,-0.305921918588016,-4.0000000000040004e-05
0.919,0.0009186437595696262,0.0009049703491176072,-0.3058991280523333,-2.999999999997449e-05
0.925,0.0009186437595696262,0.0009076794120933978,-0.3058900118380592,-4.0000000000040004e-05
0.929,0.0013779656393548834,0.0009553536232448454,-0.3058717794095118,-5.0000000000105516e-05
0.935,0.000459321879784369,0.0009480804317555797,-0.3058626631952386,-5.0000000000105516e-05
0.94,0.000459321879784369,0.0008512444812886085,-0.30588089562378595,-5.0000000000105516e-05
0.945,0.0009186437595696262,0.0008190961696874317,-0.3058900118380592,-5.0000000000105516e-05
0.95,0.0009186437595696262,0.0008388191708381231,-0.30588089562378595,-5.0000000000105516e-05
0.955,0.0009186437595696262,0.000854634525657542,-0.3058717794095118,-5.0000000000105516e-05
0.961,0.000459321879784369,0.000821814556921637,-0.30588089562378595,-5.0000000000105516e-05
0.965,0.000459321879784369,0.0007499952040196096,-0.30589456994519537,-5.0000000000105516e-05
0.97,0.000459321879784369,0.0006924051577397205,-0.30591280237374274,-5.0000000000105516e-05
0.975,0.000459321879784369,0.0006462252174241326,-0.3059310348022901,-5.999999999994898e-05
0.979,0.0009186437595696262,0.0006546966253148916,-0.3059310348022901,-5.999999999994898e-05
0.984,0.000459321879784369,0.0006614896240369791,-0.3059355929094263,-5.999999999994898e-05
0.988,0.0009186437595696262,0.0006669367506814913,-0.3059401510165616,-5.0000000000105516e-05
0.993,0.0,0.0006258027730287757,-0.3059538253379728,-5.0000000000105516e-05
0.997,0.0013779656393548834,0.0006383204053916187,-0.3059538253379728,-5.0000000000105516e-05
1.001,0.0,0.0006483579648788808,-0.3059538253379728,-5.0000000000105516e-05
1.006,0.000459321879784369,0.0005654030493919633,-0.3059811739807925,-4.0000000000040004e-05
1.01,-0.0004593218797852572,0.0004533818040060358,-0.30601763883788724,-5.0000000000105516e-05
1.016,0.0013779656393548834,0.0004545586895696005,-0.30603131315929666,-4.0000000000040004e-05
1.021,0.0009186437595696262,0.0005920080579329411,-0.3059948483022037,-2.999999999997449e-05
1.026,0.0009186437595696262,0.0006567231989711227,-0.3059811739807925,-2.999999999997449e-05
1.031,0.000459321879784369,0.0006631146800411896,-0.3059811739807925,-4.0000000000040004e-05
1.036,0.000459321879784369,0.0006227379553136042,-0.3059948483022037,-1.999999999990898e-05
1.041,0.0009186437595696262,0.000635862808839569,-0.3059948483022037,-1.999999999990898e-05
1.045,0.0009186437595696262,0.0006918891679231266,-0.3059811739807925,-2.999999999997449e-05
1.05,0.000459321879784369,0.0006913133437382261,-0.3059811739807925,-2.999999999997449e-05
1.055,0.0009186437595696262,0.0006908516055003067,-0.3059811739807925,-4.0000000000040004e-05
1.061,0.0009186437595696262,0.0007359832347255289,-0.3059629415522469,-4.0000000000040004e-05
1.066,0.0009186437595696262,0.0007721730987488508,-0.3059492672308357,-2.999999999997449e-05
1.071,0.0009186437595696262,0.0008011927969186344,-0.3059355929094263,-2.999999999997449e-05
1.076,-0.0004593218797852572,0.0006879572732145514,-0.3059674996593831,-2.999999999997449e-05
1.082,0.000459321879784369,0.000551654806150274,-0.30601308073075106,-2.999999999997449e-05
1.087,0.0009186437595696262,0.0005788631049349561,-0.30601308073075106,-2.999999999997449e-05
1.093,0.0009186437595696262,0.000646182607599691,-0.3059948483022037,-4.0000000000040004e-05
1.097,0.000459321879784369,0.0006546624576196616,-0.3059948483022037,-4.0000000000040004e-05
1.102,0.0,0.0005704584559647306,-0.3060221969450234,-4.0000000000040004e-05
1.106,-0.0004593218797852572,0.0004119337163516427,-0.3060677780163914,-5.0000000000105516e-05
1.111,0.0009186437595696262,0.00037582067550249743,-0.30608601044493877,-5.0000000000105516e-05
1.116,0.0,0.00039236446476041106,-0.30609512665921024,-5.0000000000105516e-05
1.12,0.000459321879784369,0.00036012860840271144,-0.3061133590877576,-5.999999999994898e-05
1.125,0.0013779656393548834,0.000470785179618345,-0.30609056855207406,-5.999999999994898e-05
1.129,0.0013779656393548834,0.0006505215375999154,-0.30604954558784403,-5.999999999994898e-05
1.134,0.0009186437595696262,0.0007491455011315715,-0.30601763883788724,-5.999999999994898e-05
1.139,0.000459321879784369,0.0007372256883368922,-0.30601308073075106,-5.999999999994898e-05
1.144,0.000459321879784369,0.0006821656196566825,-0.3060267550521605,-5.0000000000105516e-05
1.15,0.000459321879784369,0.0006380144017002526,-0.3060404293735699,-4.0000000000040004e-05
1.155,0.0,0.0005571088186855301,-0.30606321990925345,-4.0000000000040004e-05
1.161,0.000459321879784369,0.0004922327639475357,-0.30609056855207406,-2.999999999997449e-05
1.166,0.0009186437595696262,0.0005312141353714247,-0.3060814523378008,-2.999999999997449e-05
1.171,0.0013779656393548834,0.00065347603965306,-0.30604954558784403,-2.999999999997449e-05
1.176,0.0013779656393548834,0.0007970165234105573,-0.3060039645164778,-2.999999999997449e-05
1.18,0.0,0.0007756121994529077,-0.30599940640933987,-2.999999999997449e-05
1.186,0.000459321879784369,0.0006674448662881331,-0.30603131315929666,-4.0000000000040004e-05
1.191,0.000459321879784369,0.0006262102175421738,-0.3060404293735699,-4.0000000000040004e-05
1.195,0.0009186437595696262,0.0006386471244085497,-0.3060358712664346,-2.999999999997449e-05
1.2,0.0009186437595696262,0.0006941218371967436,-0.3060221969450234,-4.0000000000040004e-05
1.205,0.000459321879784369,0.0006931036623863305,-0.30601763883788724,-5.0000000000105516e-05
1.21,0.000459321879784369,0.0006467853298910307,-0.30603131315929666,-5.0000000000105516e-05
1.215,0.0,0.0005641419948422906,-0.3060541036949802,-5.0000000000105516e-05
1.219,0.000459321879784369,0.0004978724825469914,-0.3060723361235276,-4.0000000000040004e-05
1.224,0.0013779656393548834,0.0005812383620295218,-0.3060541036949802,-4.0000000000040004e-05
1.228,0.0009186437595696262,0.0006935891486124998,-0.3060267550521605,-2.999999999997449e-05
1.233,0.0,0.0006471746285008051,-0.3060358712664346,-1.999999999990898e-05
1.238,0.0009186437595696262,0.0006099560480864461,-0.30604954558784403,-1.999999999990898e-05
1.242,0.000459321879784369,0.000625613334303625,-0.30604498748070785,-1.999999999990898e-05
1.247,0.0013779656393548834,0.0006836703844195387,-0.3060267550521605,-2.999999999997449e-05
1.251,0.0013779656393548834,0.0008212285727012903,-0.30599029019506574,-2.999999999997449e-05
1.256,0.0,0.0007950272036661371,-0.30599029019506574,-2.999999999997449e-05
1.261,0.000459321879784369,0.0006830132464807172,-0.30601308073075106,-2.999999999997449e-05
1.265,0.0009186437595696262,0.0006841959762600991,-0.30601308073075106,-2.999999999997449e-05
1.27,-0.0004593218797852572,0.0005941406062011851,-0.3060358712664346,-4.0000000000040004e-05
1.274,0.000459321879784369,0.00047642569342775884,-0.3060677780163914,-4.0000000000040004e-05
1.278,0.0009186437595696262,0.0005185388621198647,-0.30606321990925345,-5.0000000000105516e-05
1.283,0.0013779656393548834,0.0006433120720917903,-0.3060267550521605,-5.999999999994898e-05
1.288,0.0013779656393548834,0.0007888663056964083,-0.30598573208793045,-5.0000000000105516e-05
1.293,0.0013779656393548834,0.0009055824095153711,-0.30594470912369953,-5.0000000000105516e-05
1.298,0.0,0.0008626683222464745,-0.30594470912369953,-5.999999999994898e-05
1.303,0.0013779656393548834,0.0008282566466742043,-0.3059492672308357,-5.999999999994898e-05
1.308,0.0009186437595696262,0.0008916666008567753,-0.305921918588016,-5.999999999994898e-05
1.312,0.0018372875191401405,0.000988015256883795,-0.3058900118380592,-5.999999999994898e-05
1.316,0.0013779656393548834,0.0011107765898143366,-0.3058444307666912,-5.999999999994898e-05
1.322,0.0013779656393548834,0.0011637137823448307,-0.30580796590959824,-7.00000000000145e-05
1.327,0.0009186437595696262,0.0011606608369165807,-0.3057897334810509,-7.00000000000145e-05
1.331,0.0009186437595696262,0.001112710875489591,-0.3057897334810509,-5.999999999994898e-05
1.336,0.0009186437595696262,0.0010742610651513348,-0.3057851753739147,-7.00000000000145e-05
1.341,0.0,0.0009524254056949666,-0.3058125240167344,-7.00000000000145e-05
1.345,0.0009186437595696262,0.0008547286013781039,-0.3058307564452818,-7.00000000000145e-05
1.35,0.0013779656393548834,0.0009128937636606004,-0.3058125240167344,-5.999999999994898e-05
1.354,0.000459321879784369,0.0009140329893923774,-0.3058125240167344,-7.00000000000145e-05
1.359,0.0009186437595696262,0.0008694446195331722,-0.30582164023100766,-7.00000000000145e-05
1.364,0.000459321879784369,0.0008336903808777586,-0.3058307564452818,-7.00000000000145e-05
1.368,0.0009186437595696262,0.0008050199992095141,-0.30583987265955503,-7.00000000000145e-05
1.374,0.0009186437595696262,0.0008275318607119412,-0.3058307564452818,-8.000000000008001e-05
1.378,0.0013779656393548834,0.0008910854140955036,-0.3058170821238724,-8.000000000008001e-05
1.383,0.0009186437595696262,0.0009420473335882014,-0.305798849695325,-8.000000000008001e-05
1.387,0.0009186437595696262,0.0009374104687696265,-0.30579429158818705,-8.000000000008001e-05
1.392,0.000459321879784369,0.0008881904041280221,-0.30580796590959824,-7.00000000000145e-05
1.396,0.0,0.0007577183615978306,-0.30583987265955503,-8.999999999992347e-05
1.401,0.0018372875191401405,0.0007896019241545738,-0.30583531455241797,-8.999999999992347e-05
1.406,0.0013779656393548834,0.0009516741675186281,-0.3057897334810509,-8.999999999992347e-05
1.41,0.000459321879784369,0.000945129973181458,-0.3057851753739147,-8.999999999992347e-05
1.415,0.000459321879784369,0.0008488785863178985,-0.3058125240167344,-9.999999999998899e-05
1.42,0.000459321879784369,0.0007716971359150026,-0.30583531455241797,-9.999999999998899e-05
1.425,0.0009186437595696262,0.0007553092499172458,-0.3058444307666912,-9.999999999998899e-05
1.43,0.0009186437595696262,0.0007876701209904061,-0.30583531455241797,-0.00011999999999989797
1.434,0.000459321879784369,0.0007681175656782543,-0.3058444307666912,-0.00012999999999996348
1.44,0.000459321879784369,0.0007069370019356152,-0.30586722130237476,-0.000140000000000029
1.444,0.000459321879784369,0.0006578779202953957,-0.30588545373092213,-0.000140000000000029
1.449,0.0009186437595696262,0.0006640406206382316,-0.3058900118380592,-0.000140000000000029
1.453,0.0013779656393548834,0.0007599860975220788,-0.3058717794095118,-0.0001500000000000945
1.458,0.0,0.0007459184768766175,-0.305876337516648,-0.0001500000000000945
1.463,0.000459321879784369,0.0006436342527377226,-0.3059082442666048,-0.00015999999999993797
1.468,0.000459321879784369,0.0006071171140691963,-0.30592647669515216,-0.0001500000000000945
1.474,0.0009186437595696262,0.0006233368679358204,-0.3059310348022901,-0.0001500000000000945
1.478,0.0009186437595696262,0.0006818449460358855,-0.305921918588016,-0.000140000000000029
1.484,0.0013779656393548834,0.0007742629168221891,-0.30589456994519537,-0.000140000000000029
1.489,0.0009186437595696262,0.0008483704519031189,-0.3058717794095118,-0.000140000000000029
1.494,0.000459321879784369,0.0008167915612687802,-0.305876337516648,-0.00011999999999989797
1.498,0.0009186437595696262,0.0007914692811365712,-0.30588089562378595,-0.00011999999999989797
1.504,0.0009186437595696262,0.0008166658970209138,-0.305876337516648,-0.0001100000000000545
1.509,0.000459321879784369,0.0007913685142881114,-0.30588089562378595,-0.0001100000000000545
1.514,0.0009186437595696262,0.0007710832097918491,-0.30588545373092213,-0.0001100000000000545
1.519,0.0013779656393548834,0.0008458207286372525,-0.30586722130237476,-0.0001100000000000545
1.524,0.0009186437595696262,0.0009057507752783351,-0.3058444307666912,-0.0001100000000000545
1.528,0.000459321879784369,0.0008628033303143968,-0.30585354698096445,-0.00011999999999989797
1.532,0.000459321879784369,0.000782863021136607,-0.3058717794095118,-0.00011999999999989797
1.537,0.000459321879784369,0.0007187609940484793,-0.3058900118380592,-0.00012999999999996348
1.541,0.0018372875191401405,0.0008038649227942573,-0.3058717794095118,-0.00012999999999996348
1.546,0.0013779656393548834,0.0009631112902238393,-0.30582619833814384,-0.000140000000000029
1.55,0.0009186437595696262,0.0009998029854003097,-0.3058125240167344,-0.0001500000000000945
1.555,0.0013779656393548834,0.0010292250887459506,-0.30579429158818705,-0.00015999999999993797
1.56,0.0009186437595696262,0.0010528178979938784,-0.30577605915964146,-0.00015999999999993797
1.565,0.000459321879784369,0.0009807325800389398,-0.3057897334810509,-0.000180000000000069
1.57,0.000459321879784369,0.0008774273784436654,-0.3058125240167344,-0.000180000000000069
1.575,0.0009186437595696262,0.0008400915448610047,-0.30582619833814384,-0.00018999999999991246
1.579,0.000459321879784369,0.0008101529239038258,-0.3058307564452818,-0.00019999999999997797
1.585,0.0013779656393548834,0.0008316478177451362,-0.30582619833814384,-0.00021000000000004349
1.59,0.0,0.0008033821216656789,-0.30583531455241797,-0.00021000000000004349
1.595,0.0,0.0006442109500802243,-0.30588089562378595,-0.00022999999999995246
1.599,0.0013779656393548834,0.0006530814374182856,-0.30588545373092213,-0.00022999999999995246
1.605,0.000459321879784369,0.0007056963323802787,-0.305876337516648,-0.00024000000000001798
1.61,0.000459321879784369,0.0006568830600770456,-0.3058991280523333,-0.00022999999999995246
1.615,0.0009186437595696262,0.0006632428684488604,-0.3059036861594686,-0.00022999999999995246
1.621,0.0009186437595696262,0.0007138445161173138,-0.3058900118380592,-0.00022999999999995246
1.626,0.0009186437595696262,0.0007544206437669213,-0.30588089562378595,-0.000220000000000109
1.631,0.000459321879784369,0.0007414556861888254,-0.3058900118380592,-0.000220000000000109
1.636,0.000459321879784369,0.0006855575434517767,-0.3059036861594686,-0.00019999999999997797
1.641,0.0009186437595696262,0.0006862361809457775,-0.3059082442666048,-0.00019999999999997797
1.645,0.0009186437595696262,0.0007322822474156144,-0.3058991280523333,-0.000180000000000069
1.65,0.0018372875191401405,0.0008602091444632589,-0.30586722130237476,-0.00017000000000000348
1.655,0.0013779656393548834,0.0010082922366178933,-0.3058170821238724,-0.00015999999999993797
1.659,0.000459321879784369,0.0009905305106125408,-0.3058125240167344,-0.0001500000000000945
1.663,0.000459321879784369,0.0008852840807443748,-0.30583531455241797,-0.0001500000000000945
1.668,0.0009186437595696262,0.0008463916273711105,-0.3058444307666912,-0.0001500000000000945
1.673,0.000459321879784369,0.0008152047940288469,-0.30584898887382916,-0.000140000000000029
1.678,0.000459321879784369,0.0007446950093573973,-0.3058717794095118,-0.000140000000000029
1.683,0.000459321879784369,0.000688155071327697,-0.30589456994519537,-0.0001500000000000945
1.689,0.0013779656393548834,0.000733820955040167,-0.30588089562378595,-0.00015999999999993797
1.693,0.0009186437595696262,0.0008159411086054516,-0.3058626631952386,-0.00015999999999993797
1.699,0.0013779656393548834,0.0008817910954577119,-0.30583987265955503,-0.00015999999999993797
1.704,0.0,0.0008435906945280926,-0.30584898887382916,-0.00015999999999993797
1.71,0.0009186437595696262,0.0007674569148522052,-0.3058717794095118,-0.00015999999999993797
1.714,0.000459321879784369,0.000751909128398794,-0.305876337516648,-0.00015999999999993797
1.719,0.0013779656393548834,0.0007849436531555873,-0.30586722130237476,-0.00015999999999993797
1.724,0.0,0.000765931282978162,-0.305876337516648,-0.00017000000000000348
1.728,0.000459321879784369,0.0006596819945093677,-0.3059082442666048,-0.00017000000000000348
1.733,0.0009186437595696262,0.0006654872602037082,-0.30591280237374274,-0.00017000000000000348
1.739,0.0009186437595696262,0.000715644234714169,-0.3058991280523333,-0.00017000000000000348
1.744,0.0009186437595696262,0.0007558637906778251,-0.3058900118380592,-0.00017000000000000348
1.749,0.0013779656393548834,0.0008336166775603047,-0.30586722130237476,-0.00017000000000000348
1.755,0.000459321879784369,0.000850462783410726,-0.3058581050881024,-0.00017000000000000348
1.759,0.0009186437595696262,0.000818469346760949,-0.3058626631952386,-0.00017000000000000348
1.763,0.000459321879784369,0.0007928146531043963,-0.3058717794095118,-0.000180000000000069
1.768,0.000459321879784369,0.0007267409454463599,-0.3058900118380592,-0.00018999999999991246
1.773,0.000459321879784369,0.0006737581806600906,-0.3059082442666048,-0.00018999999999991246
1.777,0.000459321879784369,0.0006312726979484857,-0.305921918588016,-0.00017000000000000348
1.782,0.000459321879784369,0.0005972047090747558,-0.30594470912369953,-0.000180000000000069
1.787,0.0013779656393548834,0.0006608902565630481,-0.3059310348022901,-0.000180000000000069
1.792,0.0009186437595696262,0.0007574599035986135,-0.3059036861594686,-0.000180000000000069
1.797,0.0009186437595696262,0.0007893946734966217,-0.30589456994519537,-0.000180000000000069
1.802,0.000459321879784369,0.0007695004388820902,-0.3059036861594686,-0.000180000000000069
1.806,0.0009186437595696262,0.0007535477764609075,-0.3059036861594686,-0.000180000000000069
1.811,0.000459321879784369,0.0007407557569007114,-0.3059082442666048,-0.00017000000000000348
1.815,0.000459321879784369,0.0006849962886024033,-0.30592647669515216,-0.00017000000000000348
1.819,0.000459321879784369,0.0006402842405250258,-0.3059401510165616,-0.00017000000000000348
1.824,0.0013779656393548834,0.0006954345974640498,-0.3059310348022901,-0.00017000000000000348
1.829,0.0018372875191401405,0.0008761638700427003,-0.30588089562378595,-0.000180000000000069
1.834,0.000459321879784369,0.0009300821406722946,-0.3058581050881024,-0.000180000000000069
1.84,0.0018372875191401405,0.0009733177808642333,-0.30583531455241797,-0.000180000000000069
1.845,0.0009186437595696262,0.0010534891861999184,-0.3058034078024603,-0.000180000000000069
1.85,0.0009186437595696262,0.001026772753308453,-0.305798849695325,-0.000180000000000069
1.855,0.0,0.0009143457799913469,-0.30582619833814384,-0.00018999999999991246
1.86,0.000459321879784369,0.0007786916681728922,-0.3058626631952386,-0.00019999999999997797
1.865,0.0009186437595696262,0.0007609179809926643,-0.30586722130237476,-0.00019999999999997797
1.87,0.000459321879784369,0.000746665729671632,-0.305876337516648,-0.00019999999999997797
1.875,0.000459321879784369,0.0006897353400089857,-0.30589456994519537,-0.00019999999999997797
1.879,0.0013779656393548834,0.0007350881308474211,-0.30588545373092213,-0.00019999999999997797
1.883,0.000459321879784369,0.0007714553385396235,-0.30588089562378595,-0.000180000000000069
1.889,0.000459321879784369,0.00070961347402553,-0.3059036861594686,-0.000180000000000069
1.893,0.0009186437595696262,0.0007055259976743982,-0.3059036861594686,-0.000180000000000069
1.897,0.0009186437595696262,0.0007477502430636299,-0.3058991280523333,-0.000180000000000069
1.902,0.0013779656393548834,0.0008271106375625204,-0.305876337516648,-0.00017000000000000348
1.908,0.0009186437595696262,0.0008907476463533967,-0.30584898887382916,-0.00015999999999993797
1.913,0.000459321879784369,0.000850772716639709,-0.3058581050881024,-0.00015999999999993797
1.918,0.0,0.0007277141041509836,-0.3058991280523333,-0.00015999999999993797
1.924,0.0009186437595696262,0.0006745385309776396,-0.3059173604808789,-0.00017000000000000348
1.928,0.0,0.0006318984403019402,-0.3059355929094263,-0.00015999999999993797
1.933,0.000459321879784369,0.0005522045904275102,-0.3059629415522469,-0.00017000000000000348
1.939,0.0009186437595696262,0.0005793039624572061,-0.3059629415522469,-0.00017000000000000348
1.943,0.0,0.0005555323497299627,-0.3059766158736563,-0.00017000000000000348
1.948,0.000459321879784369,0.0004909686350401952,-0.30599940640933987,-0.00015999999999993797
1.953,0.000459321879784369,0.0004846985787679643,-0.30601763883788724,-0.00017000000000000348
1.959,0.0009186437595696262,0.0005251726708407617,-0.30601308073075106,-0.00017000000000000348
1.964,0.0013779656393548834,0.0006486315484698294,-0.30598573208793045,-0.000180000000000069
1.97,0.000459321879784369,0.0007021280837101527,-0.3059674996593831,-0.00017000000000000348
1.975,0.0009186437595696262,0.0006995236604593349,-0.3059674996593831,-0.00017000000000000348
1.979,0.0009186437595696262,0.0007429371270435711,-0.30595838344510895,-0.00017000000000000348
1.984,0.0009186437595696262,0.0007777492417275788,-0.30594470912369953,-0.00017000000000000348
1.988,0.0013779656393548834,0.0008511660439620172,-0.305921918588016,-0.00017000000000000348
1.993,0.0013779656393548834,0.0009555389277095098,-0.30588545373092213,-0.00017000000000000348
1.998,0.0,0.000902727137573135,-0.30589456994519537,-0.00015999999999993797
2.003,0.0009186437595696262,0.0008148768699781986,-0.30591280237374274,-0.00015999999999993797
2.009,0.0009186437595696262,0.0008354358256017086,-0.3059036861594686,-0.00017000000000000348
2.013,0.0009186437595696262,0.0008519215102811468,-0.30589456994519537,-0.00017000000000000348
2.019,0.0,0.0007741371764443989,-0.3059173604808789,-0.00015999999999993797
2.024,0.000459321879784369,0.0006662620842121125,-0.3059492672308357,-0.00015999999999993797
2.029,0.000459321879784369,0.0006252617757678519,-0.3059629415522469,-0.0001500000000000945
2.034,0.0009186437595696262,0.0006378865939460781,-0.3059629415522469,-0.00015999999999993797
2.04,0.000459321879784369,0.0006480101029137941,-0.3059674996593831,-0.00015999999999993797
2.044,0.0,0.0005651241080501263,-0.30599029019506574,-0.00015999999999993797
2.049,0.000459321879784369,0.0004986600132445808,-0.30601763883788724,-0.00015999999999993797
2.054,0.000459321879784369,0.0004908660922423749,-0.3060267550521605,-0.00015999999999993797
2.059,0.0009186437595696262,0.0005301182373499403,-0.3060267550521605,-0.0001500000000000945
2.064,0.000459321879784369,0.0005615934980141978,-0.3060221969450234,-0.0001500000000000945
2.068,0.000459321879784369,0.000541330795055572,-0.30603131315929666,-0.0001500000000000945
2.072,0.000459321879784369,0.0005250826675803109,-0.3060404293735699,-0.0001500000000000945
2.077,0.0009186437595696262,0.000557555607329299,-0.3060358712664346,-0.0001500000000000945
2.082,0.000459321879784369,0.0005835948018837165,-0.3060358712664346,-0.000140000000000029
2.087,0.0,0.0005134711758312059,-0.30605866180211727,-0.0001500000000000945
2.092,0.000459321879784369,0.0004572408882207513,-0.3060814523378008,-0.0001500000000000945
2.097,0.000459321879784369,0.0004576531874944191,-0.30608601044493877,-0.0001500000000000945
2.102,0.0013779656393548834,0.0005489875693137777,-0.3060677780163914,-0.0001500000000000945
2.107,0.0,0.0005767243180113749,-0.30606321990925345,-0.00015999999999993797
2.112,0.000459321879784369,0.0005079619158868402,-0.3060814523378008,-0.00015999999999993797
2.117,0.0013779656393548834,0.0005893288127158764,-0.30606321990925345,-0.00015999999999993797
2.122,0.000459321879784369,0.0006545747828435589,-0.30604498748070785,-0.00017000000000000348
2.126,0.000459321879784369,0.0006158900368213845,-0.3060541036949802,-0.00017000000000000348
2.131,0.0009186437595696262,0.0006303716434788084,-0.30604954558784403,-0.000180000000000069
2.136,0.000459321879784369,0.0006419840621919913,-0.30604498748070785,-0.00017000000000000348
2.141,0.000459321879784369,0.0006057938697616495,-0.3060541036949802,-0.000180000000000069
2.147,0.0009186437595696262,0.0006222757931999457,-0.30604954558784403,-0.00017000000000000348
2.152,0.0009186437595696262,0.0006809940981700074,-0.30603131315929666,-0.00017000000000000348
2.157,0.000459321879784369,0.0006825768744447658,-0.30603131315929666,-0.00017000000000000348
2.162,0.0009186437595696262,0.0006838460610251349,-0.3060267550521605,-0.00015999999999993797
2.167,0.0009186437595696262,0.0007303656732433009,-0.3060085226236131,-0.00017000000000000348
2.173,0.0009186437595696262,0.0007676685242481178,-0.30599029019506574,-0.00015999999999993797
2.178,0.0013779656393548834,0.0008430825822943993,-0.3059629415522469,-0.0001500000000000945
2.183,0.0013779656393548834,0.0009490570128393651,-0.3059173604808789,-0.0001500000000000945
2.188,0.000459321879784369,0.0009430313458197498,-0.3059082442666048,-0.0001500000000000945
2.192,0.0013779656393548834,0.0009381995222442821,-0.3058991280523333,-0.00015999999999993797
2.197,0.000459321879784369,0.0009343250102627129,-0.30589456994519537,-0.00015999999999993797
2.201,0.0009186437595696262,0.0008857162562691543,-0.3058991280523333,-0.00015999999999993797
2.205,0.0009186437595696262,0.0008922400624833795,-0.3058900118380592,-0.00015999999999993797
2.21,0.0013779656393548834,0.0009429732156994684,-0.3058717794095118,-0.00015999999999993797
2.214,0.0013779656393548834,0.001029156679130886,-0.30583987265955503,-0.00017000000000000348
2.219,0.000459321879784369,0.0010072611571774923,-0.3058307564452818,-0.00017000000000000348
2.224,0.0013779656393548834,0.0009897037151835716,-0.30582619833814384,-0.00017000000000000348
2.229,0.000459321879784369,0.0009756248651782574,-0.30582164023100766,-0.00017000000000000348
2.234,0.0013779656393548834,0.0009643354064096756,-0.3058170821238724,-0.00015999999999993797
2.239,0.0009186437595696262,0.0010007845719079247,-0.305798849695325,-0.0001500000000000945
2.244,0.0009186437595696262,0.0009845103121475004,-0.305798849695325,-0.0001500000000000945
2.249,0.000459321879784369,0.0009259585272077097,-0.30580796590959824,-0.0001500000000000945
2.254,0.0013779656393548834,0.0009245092789565597,-0.30580796590959824,-0.000140000000000029
2.259,0.0009186437595696262,0.0009688490499281804,-0.3057897334810509,-0.0001500000000000945
2.264,0.000459321879784369,0.0009134001737894815,-0.305798849695325,-0.000140000000000029
2.269,0.000459321879784369,0.0008234352964301675,-0.30582164023100766,-0.0001500000000000945
2.274,0.000459321879784369,0.0007512948323166126,-0.3058444307666912,-0.000140000000000029
2.28,0.0,0.0006479454104702186,-0.30588545373092213,-0.000140000000000029
2.284,0.0,0.0005195703479356787,-0.30592647669515216,-0.000140000000000029
2.289,0.0009186437595696262,0.0005076335385355399,-0.30594470912369953,-0.000140000000000029
2.293,0.0013779656393548834,0.0006345673805213279,-0.3059173604808789,-0.000140000000000029
2.299,0.0009186437595696262,0.0007363522830449946,-0.3058900118380592,-0.000140000000000029
2.304,0.0009186437595696262,0.0007724690288698941,-0.30588089562378595,-0.000140000000000029
2.309,0.000459321879784369,0.0007559282105343925,-0.3058900118380592,-0.000140000000000029
2.313,0.0018372875191401405,0.0008336683341454891,-0.30586722130237476,-0.0001500000000000945
2.318,0.000459321879784369,0.0008960060904139805,-0.30584898887382916,-0.000140000000000029
2.322,0.000459321879784369,0.0008094874393956178,-0.30586722130237476,-0.00012999999999996348
2.326,0.0013779656393548834,0.0008311141832569706,-0.3058626631952386,-0.00012999999999996348
2.331,0.0009186437595696262,0.0008939579841315936,-0.30583987265955503,-0.00012999999999996348
2.336,0.0009186437595696262,0.0008988488868440169,-0.30583531455241797,-0.000140000000000029
2.341,0.000459321879784369,0.0008572688878794553,-0.3058444307666912,-0.00012999999999996348
2.346,0.000459321879784369,0.000778425097609275,-0.3058626631952386,-0.00011999999999989797
2.351,0.000459321879784369,0.0007152023401342019,-0.30588545373092213,-0.0001100000000000545
2.356,0.0013779656393548834,0.0007555094470603626,-0.305876337516648,-0.0001100000000000545
2.36,0.000459321879784369,0.000787830653803239,-0.3058717794095118,-9.999999999998899e-05
2.365,0.000459321879784369,0.0007227444077609795,-0.3058900118380592,-9.999999999998899e-05
2.371,0.0,0.0006250515774707435,-0.30592647669515216,-0.0001100000000000545
2.375,0.000459321879784369,0.000546714271573502,-0.3059538253379728,-0.0001100000000000545
2.38,0.0013779656393548834,0.0006204033054155534,-0.30594470912369953,-0.0001100000000000545
2.385,0.0009186437595696262,0.0007249944845144768,-0.305921918588016,-9.999999999998899e-05
2.39,0.0,0.0006723577396672003,-0.3059401510165616,-9.999999999998899e-05
2.394,0.0,0.0005391459513273151,-0.3059766158736563,-9.999999999998899e-05
2.399,0.0,0.0004323269290787281,-0.30601763883788724,-0.0001100000000000545
2.404,0.000459321879784369,0.0003921734553214774,-0.30604498748070785,-0.0001100000000000545
2.409,0.000459321879784369,0.00040547732791664523,-0.3060541036949802,-0.00012999999999996348
2.413,0.0009186437595696262,0.0004616472376737165,-0.30604954558784403,-0.00012999999999996348
2.418,0.000459321879784369,0.0005066884079396159,-0.30604498748070785,-0.00012999999999996348
2.422,0.000459321879784369,0.0004973038503585057,-0.3060541036949802,-0.000140000000000029
2.426,0.0009186437595696262,0.0005352805059149672,-0.30604954558784403,-0.00011999999999989797
2.432,0.000459321879784369,0.0005657329851239561,-0.30604498748070785,-0.00012999999999996348
2.437,0.0009186437595696262,0.0005901520256209574,-0.3060404293735699,-0.00012999999999996348
2.442,0.000459321879784369,0.0006097330106272019,-0.3060358712664346,-0.00011999999999989797
2.447,0.0009186437595696262,0.0006254344864432505,-0.30603131315929666,-0.00012999999999996348
2.452,0.000459321879784369,0.0006380250860848586,-0.30603131315929666,-0.00012999999999996348
2.458,0.0013779656393548834,0.0006936230410589104,-0.3060085226236131,-0.00011999999999989797
2.463,0.000459321879784369,0.0007382055758582797,-0.3059948483022037,-0.0001100000000000545
2.468,0.0013779656393548834,0.0007739551355329948,-0.3059766158736563,-0.0001100000000000545
2.473,0.0009186437595696262,0.0008481236501989464,-0.3059492672308357,-9.999999999998899e-05
2.479,0.000459321879784369,0.0008165936574867087,-0.3059538253379728,-9.999999999998899e-05
2.484,0.0009186437595696262,0.0007913105873095187,-0.3059538253379728,-9.999999999998899e-05
2.49,0.0009186437595696262,0.0008165386446234053,-0.3059401510165616,-8.999999999992347e-05
2.495,0.0009186437595696262,0.0008367683588933236,-0.3059310348022901,-8.999999999992347e-05
2.5,0.0009186437595696262,0.0008529900336085331,-0.3059173604808789,-9.999999999998899e-05
2.505,0.000459321879784369,0.0008204958820884271,-0.305921918588016,-8.999999999992347e-05
2.509,0.0013779656393548834,0.0008399415633228039,-0.30591280237374274,-9.999999999998899e-05
2.515,0.0009186437595696262,0.0009010364275591613,-0.30588545373092213,-9.999999999998899e-05
2.519,0.000459321879784369,0.0008590230191258918,-0.3058900118380592,-9.999999999998899e-05
2.523,0.0009186437595696262,0.0008253335741743549,-0.30589456994519537,-9.999999999998899e-05
2.528,0.0009186437595696262,0.000843820781108245,-0.30588545373092213,-0.0001100000000000545
2.532,0.0009186437595696262,0.0008586451851147947,-0.305876337516648,-9.999999999998899e-05
2.537,0.0009186437595696262,0.0008705324839877546,-0.3058717794095118,-0.0001100000000000545
2.541,0.0018372875191401405,0.0009710683655600619,-0.30583987265955503,-0.0001100000000000545
2.546,0.0,0.0009606816694533176,-0.3058307564452818,-0.0001100000000000545
2.551,0.0009186437595696262,0.0008613490816905768,-0.30585354698096445,-0.0001100000000000545
2.557,0.0013779656393548834,0.0009182025523391969,-0.3058307564452818,-0.0001100000000000545
2.561,0.000459321879784369,0.0009182899671196425,-0.30582619833814384,-0.0001100000000000545
2.566,0.0,0.0007818544078812958,-0.3058581050881024,-9.999999999998899e-05
2.572,0.0,0.0006269484437633813,-0.3059173604808789,-9.999999999998899e-05
2.576,0.0009186437595696262,0.0005937372036103224,-0.3059310348022901,-0.0001100000000000545
2.58,0.000459321879784369,0.0006126078703688489,-0.3059355929094263,-0.0001100000000000545
2.586,0.0009186437595696262,0.0006277397607026205,-0.3059401510165616,-0.0001100000000000545
2.591,0.0013779656393548834,0.0007308773946555483,-0.30591280237374274,-9.999999999998899e-05
2.596,0.000459321879784369,0.0007680788601620871,-0.3059036861594686,-9.999999999998899e-05
2.601,0.000459321879784369,0.0007069059650022917,-0.305921918588016,-9.999999999998899e-05
2.606,0.000459321879784369,0.0006578530325965478,-0.3059401510165616,-8.999999999992347e-05
2.612,0.000459321879784369,0.0006185187788994315,-0.30595838344510895,-8.999999999992347e-05
2.617,0.0,0.0005414757925722741,-0.30598573208793045,-8.999999999992347e-05
2.623,0.0009186437595696262,0.0005251989372676061,-0.3060039645164778,-9.999999999998899e-05
2.627,0.0,0.0005121469559783062,-0.30601308073075106,-9.999999999998899e-05
2.632,0.0018372875191401405,0.00059268468606781,-0.30599940640933987,-9.999999999998899e-05
2.636,0.0013779656393548834,0.0007937714240868565,-0.3059538253379728,-8.999999999992347e-05
2.64,0.0013779656393548834,0.0009095156946773747,-0.3059173604808789,-8.999999999992347e-05
2.645,0.0,0.0008658223199554318,-0.305921918588016,-8.999999999992347e-05
2.65,0.0013779656393548834,0.0008307857543128278,-0.305921918588016,-8.000000000008001e-05
2.654,0.000459321879784369,0.000848192740668077,-0.30591280237374274,-8.999999999992347e-05
2.659,0.000459321879784369,0.0007711471743639987,-0.3059310348022901,-8.999999999992347e-05
2.664,0.000459321879784369,0.0007093663652948199,-0.30594470912369953,-9.999999999998899e-05
2.669,0.000459321879784369,0.0006598259627468241,-0.3059629415522469,-8.999999999992347e-05
2.674,0.0013779656393548834,0.0007111045894880289,-0.3059492672308357,-8.999999999992347e-05
2.678,0.0009186437595696262,0.0007977254537631815,-0.30592647669515216,-8.999999999992347e-05
2.683,0.0013779656393548834,0.000867184441916627,-0.3059036861594686,-8.999999999992347e-05
2.69,0.0013779656393548834,0.000968383658861489,-0.3058581050881024,-9.999999999998899e-05
2.694,0.000459321879784369,0.0009585288739075825,-0.30584898887382916,-9.999999999998899e-05
2.699,0.0013779656393548834,0.0009506265815777137,-0.3058444307666912,-9.999999999998899e-05
2.703,0.0009186437595696262,0.0009897918265737726,-0.30582619833814384,-9.999999999998899e-05
2.708,0.0009186437595696262,0.0009756955193798676,-0.30582164023100766,-8.999999999992347e-05
2.712,0.0009186437595696262,0.0009643920621518424,-0.3058170821238724,-9.999999999998899e-05
2.716,-0.0004593218797852572,0.0008188224628584285,-0.30584898887382916,-9.999999999998899e-05
2.721,0.000459321879784369,0.0006565921527495721,-0.30589456994519537,-8.999999999992347e-05
2.725,0.0009186437595696262,0.0006630095975298756,-0.3058991280523333,-8.999999999992347e-05
2.73,0.0013779656393548834,0.0007591593472642917,-0.305876337516648,-9.999999999998899e-05
2.735,0.0009186437595696262,0.0008362592975319928,-0.3058581050881024,-9.999999999998899e-05
2.739,0.0,0.0007615780608213481,-0.305876337516648,-8.999999999992347e-05
2.743,0.0009186437595696262,0.0007016931453408025,-0.30589456994519537,-8.000000000008001e-05
2.748,0.000459321879784369,0.0006991748948438335,-0.3058991280523333,-8.999999999992347e-05
2.752,0.000459321879784369,0.0006516536911902551,-0.3059173604808789,-8.999999999992347e-05
2.758,0.0013779656393548834,0.0007045514603085351,-0.3059036861594686,-9.999999999998899e-05
2.762,0.0009186437595696262,0.0007924706721830696,-0.30588089562378595,-0.0001100000000000545
2.768,0.0013779656393548834,0.0008629707710582695,-0.3058581050881024,-0.0001100000000000545
2.773,0.000459321879784369,0.0008740010573542146,-0.30585354698096445,-0.0001100000000000545
2.777,0.000459321879784369,0.0007918421833316826,-0.3058717794095118,-9.999999999998899e-05
2.783,0.000459321879784369,0.0007259611475652402,-0.30589456994519537,-9.999999999998899e-05
2.787,0.000459321879784369,0.0006731328812909373,-0.3059082442666048,-8.999999999992347e-05
2.791,0.000459321879784369,0.0006307712868642416,-0.30592647669515216,-9.999999999998899e-05
2.796,0.0009186437595696262,0.0006423045256900954,-0.30592647669515216,-9.999999999998899e-05
2.801,0.000459321879784369,0.0006515527259439184,-0.3059310348022901,-8.999999999992347e-05
2.805,0.0009186437595696262,0.0006589686139894415,-0.3059355929094263,-8.999999999992347e-05
2.81,0.000459321879784369,0.0006649152191660539,-0.3059355929094263,-7.00000000000145e-05
2.815,0.0009186437595696262,0.0006696836451333071,-0.3059401510165616,-7.00000000000145e-05
2.82,0.0,0.0006280054352947788,-0.3059538253379728,-7.00000000000145e-05
2.824,0.000459321879784369,0.0005490828923131301,-0.3059811739807925,-7.00000000000145e-05
2.83,0.000459321879784369,0.0005312988700631985,-0.3059948483022037,-7.00000000000145e-05
2.834,0.0009186437595696262,0.0005625402162711675,-0.3059948483022037,-7.00000000000145e-05
2.839,0.000459321879784369,0.000587591828423916,-0.3059948483022037,-7.00000000000145e-05
2.844,0.0009186437595696262,0.0006076800559693622,-0.3059948483022037,-7.00000000000145e-05
2.849,0.0009186437595696262,0.0006692901611581399,-0.3059766158736563,-5.999999999994898e-05
2.853,0.0009186437595696262,0.0007186936807633741,-0.3059629415522469,-5.999999999994898e-05
2.858,0.000459321879784369,0.0007128071761469579,-0.3059674996593831,-5.999999999994898e-05
2.863,0.000459321879784369,0.0006625850582859512,-0.3059811739807925,-5.999999999994898e-05
2.867,0.000459321879784369,0.0006223132655863571,-0.3059948483022037,-5.0000000000105516e-05
2.872,0.0013779656393548834,0.0006810241462890791,-0.3059766158736563,-5.999999999994898e-05
2.876,0.0009186437595696262,0.0007736047391375532,-0.3059538253379728,-5.999999999994898e-05
2.881,0.0013779656393548834,0.0008478426765642032,-0.3059310348022901,-5.0000000000105516e-05
2.887,0.000459321879784369,0.0008618702370831338,-0.3059173604808789,-4.0000000000040004e-05
2.891,0.0,0.0007366129133173748,-0.30594470912369953,-5.0000000000105516e-05
2.896,0.000459321879784369,0.0006361723665694039,-0.30597205776652014,-5.0000000000105516e-05
2.901,0.0013779656393548834,0.0006921373941082306,-0.30595838344510895,-5.999999999994898e-05
2.907,0.0009186437595696262,0.0007825161596720419,-0.30592647669515216,-5.0000000000105516e-05
2.912,0.0013779656393548834,0.0008549885098286835,-0.3059036861594686,-4.0000000000040004e-05
2.917,0.0018372875191401405,0.0010041059472952127,-0.30585354698096445,-4.0000000000040004e-05
2.922,0.000459321879784369,0.0010326755204841216,-0.3058307564452818,-4.0000000000040004e-05
2.927,0.000459321879784369,0.0009190790534209137,-0.30585354698096445,-4.0000000000040004e-05
2.932,0.0,0.0007824871553897706,-0.3058900118380592,-5.0000000000105516e-05
2.937,0.000459321879784369,0.0006729577122631762,-0.30592647669515216,-5.0000000000105516e-05
2.942,0.0013779656393548834,0.0007216345933355195,-0.3059173604808789,-5.0000000000105516e-05
2.947,0.0018372875191401405,0.000897172956226325,-0.3058717794095118,-5.0000000000105516e-05
2.952,0.0009186437595696262,0.000992430658133629,-0.30583531455241797,-4.0000000000040004e-05
2.957,0.0009186437595696262,0.0009778115288608257,-0.3058307564452818,-5.0000000000105516e-05
2.961,0.0013779656393548834,0.0010115907193358176,-0.3058125240167344,-5.0000000000105516e-05
2.966,0.0013779656393548834,0.0010841792468699537,-0.30578061726677763,-5.0000000000105516e-05
2.971,0.000459321879784369,0.0010513823041175645,-0.30578061726677763,-4.0000000000040004e-05
2.976,0.0009186437595696262,0.0009795814151448642,-0.3057897334810509,-5.0000000000105516e-05
2.98,0.000459321879784369,0.0009220061746032821,-0.305798849695325,-4.0000000000040004e-05
2.985,0.0009186437595696262,0.0008758381066190349,-0.30580796590959824,-2.999999999997449e-05
2.99,0.0009186437595696262,0.0008843190346193984,-0.30580796590959824,-2.999999999997449e-05
2.995,0.000459321879784369,0.0008456177823174598,-0.3058170821238724,-2.999999999997449e-05
2.999,0.000459321879784369,0.0007690823831261395,-0.30583987265955503,-2.999999999997449e-05
3.004,0.0009186437595696262,0.0007532125485681469,-0.30584898887382916,-4.0000000000040004e-05
3.009,0.0009186437595696262,0.0007859888314375131,-0.3058444307666912,-4.0000000000040004e-05
3.014,0.0,0.0007212674989475587,-0.3058626631952386,-2.999999999997449e-05
3.019,0.0018372875191401405,0.0007603729380645059,-0.30585354698096445,-2.999999999997449e-05
3.023,0.0009186437595696262,0.0008827343289592897,-0.30582619833814384,-2.999999999997449e-05
3.028,0.0013779656393548834,0.0009353508185118552,-0.3058034078024603,-4.0000000000040004e-05
3.033,0.000459321879784369,0.0009320407098177903,-0.3058034078024603,-4.0000000000040004e-05
3.038,0.0013779656393548834,0.0009293864208945427,-0.305798849695325,-4.0000000000040004e-05
3.043,0.0013779656393548834,0.0010182617864592904,-0.3057669429453682,-5.0000000000105516e-05
3.049,0.000459321879784369,0.0009985248298810387,-0.3057669429453682,-5.0000000000105516e-05
3.054,0.0009186437595696262,0.0009371963996230434,-0.30577605915964146,-4.0000000000040004e-05
3.058,0.0009186437595696262,0.0009335206326702226,-0.30577605915964146,-2.999999999997449e-05
3.063,0.0009186437595696262,0.0009305731320262693,-0.30577605915964146,-4.0000000000040004e-05
3.068,0.000459321879784369,0.0008827077239927906,-0.3057851753739147,-5.0000000000105516e-05
3.072,0.0009186437595696262,0.0008443257147923708,-0.305798849695325,-2.999999999997449e-05
3.077,0.0013779656393548834,0.000904551963077489,-0.30578061726677763,-2.999999999997449e-05
3.081,0.0009186437595696262,0.0009528458043034818,-0.3057669429453682,-2.999999999997449e-05
3.086,0.0009186437595696262,0.0009460694778405294,-0.3057669429453682,-2.999999999997449e-05
3.09,0.000459321879784369,0.0008951338352922035,-0.30577605915964146,-2.999999999997449e-05
3.095,0.000459321879784369,0.0008087880010019088,-0.3058034078024603,-1.999999999990898e-05
3.101,0.0,0.0006940476671959293,-0.3058444307666912,-2.999999999997449e-05
3.106,0.000459321879784369,0.0006020404175195019,-0.30588089562378595,-2.999999999997449e-05
3.11,0.000459321879784369,0.0005737641138208775,-0.3058991280523333,-1.999999999990898e-05
3.115,0.0009186437595696262,0.0005965919760611456,-0.3059036861594686,-2.999999999997449e-05
3.12,0.000459321879784369,0.0006148970371591114,-0.3059082442666048,-4.0000000000040004e-05
3.124,0.000459321879784369,0.0005840734982713067,-0.305921918588016,-4.0000000000040004e-05
3.129,0.000459321879784369,0.0005593569147972089,-0.3059401510165616,-4.0000000000040004e-05
3.133,0.000459321879784369,0.0005395373379194304,-0.3059538253379728,-4.0000000000040004e-05
3.138,0.000459321879784369,0.0005236445415697313,-0.3059674996593831,-5.0000000000105516e-05
3.143,0.0013779656393548834,0.0006019042969325043,-0.30595838344510895,-5.0000000000105516e-05
3.147,0.0009186437595696262,0.0007101606171566884,-0.3059310348022901,-5.0000000000105516e-05
3.152,0.0013779656393548834,0.000796968507229244,-0.3059082442666048,-5.999999999994898e-05
3.157,0.0009186437595696262,0.0008665774664405276,-0.30588545373092213,-7.00000000000145e-05
3.161,0.0,0.0007858894014281879,-0.3059036861594686,-7.00000000000145e-05
3.167,0.0009186437595696262,0.000721187768643577,-0.305921918588016,-7.00000000000145e-05
3.171,0.000459321879784369,0.0007148071194859481,-0.30592647669515216,-7.00000000000145e-05
3.176,0.0009186437595696262,0.0007096906450896269,-0.3059310348022901,-5.999999999994898e-05
3.181,0.0,0.0006600859941679142,-0.3059492672308357,-7.00000000000145e-05
3.187,0.0009186437595696262,0.0006203093319334854,-0.3059629415522469,-5.999999999994898e-05
3.191,0.0009186437595696262,0.0006794172447068809,-0.3059538253379728,-5.0000000000105516e-05
3.196,0.0013779656393548834,0.000772316207108975,-0.30592647669515216,-5.0000000000105516e-05
3.202,0.000459321879784369,0.0008013075517409711,-0.30591280237374274,-5.999999999994898e-05
3.207,0.0,0.0006880492920821987,-0.30594470912369953,-5.0000000000105516e-05
3.211,0.0018372875191401405,0.0007337361334511215,-0.3059355929094263,-5.0000000000105516e-05
3.216,0.0009186437595696262,0.0008613749773576983,-0.3058991280523333,-5.0000000000105516e-05
3.221,0.0013779656393548834,0.0009182233173921765,-0.305876337516648,-5.0000000000105516e-05
3.226,0.0013779656393548834,0.0010093103879663876,-0.3058444307666912,-5.0000000000105516e-05
3.231,0.000459321879784369,0.0009913469393453326,-0.30583987265955503,-5.0000000000105516e-05
3.236,0.0009186437595696262,0.0009314406383770849,-0.30584898887382916,-5.999999999994898e-05
3.24,0.000459321879784369,0.0008834033544722203,-0.30585354698096445,-5.999999999994898e-05
3.246,0.0,0.0007538797526424168,-0.30589456994519537,-5.999999999994898e-05
3.251,0.0013779656393548834,0.0007410219598514584,-0.3059036861594686,-5.999999999994898e-05
3.256,0.000459321879784369,0.0007762135196308071,-0.3058900118380592,-5.999999999994898e-05
3.262,0.000459321879784369,0.0007134289340398128,-0.30591280237374274,-5.999999999994898e-05
3.267,0.0013779656393548834,0.0007540873994517155,-0.3059036861594686,-5.0000000000105516e-05
3.271,0.0013779656393548834,0.0008776941212022187,-0.30586722130237476,-5.999999999994898e-05
3.276,0.000459321879784369,0.000885807323798048,-0.3058581050881024,-5.0000000000105516e-05
3.281,0.0009186437595696262,0.000846811202185684,-0.30586722130237476,-5.0000000000105516e-05
3.286,0.000459321879784369,0.0008155412400146821,-0.3058717794095118,-5.0000000000105516e-05
3.29,0.0009186437595696262,0.0007904666814753565,-0.30588089562378595,-4.0000000000040004e-05
3.295,0.0009186437595696262,0.0008158619387762841,-0.3058717794095118,-4.0000000000040004e-05
3.3,0.0018372875191401405,0.0009272294962072516,-0.30583987265955503,-4.0000000000040004e-05
3.304,0.0013779656393548834,0.001062034090347712,-0.305798849695325,-5.0000000000105516e-05
3.308,0.0009186437595696262,0.0010791265716910633,-0.3057851753739147,-5.0000000000105516e-05
3.313,0.000459321879784369,0.0010018288121067813,-0.30579429158818705,-5.0000000000105516e-05
3.319,0.0009186437595696262,0.0009398457758928074,-0.30580796590959824,-4.0000000000040004e-05
3.323,0.0009186437595696262,0.0009356450976761477,-0.3058034078024603,-4.0000000000040004e-05
3.328,0.0009186437595696262,0.0009322766845238548,-0.3058034078024603,-4.0000000000040004e-05
3.333,0.0,0.0008385718728942395,-0.30582619833814384,-4.0000000000040004e-05
3.338,0.0009186437595696262,0.000763432454055985,-0.30584898887382916,-4.0000000000040004e-05
3.342,0.000459321879784369,0.0007486820193517091,-0.3058581050881024,-5.0000000000105516e-05
3.348,0.0013779656393548834,0.0007823559194617821,-0.30584898887382916,-5.0000000000105516e-05
3.352,0.0,0.0007638562475292968,-0.3058581050881024,-5.0000000000105516e-05
3.357,0.0009186437595696262,0.0007035199632198772,-0.305876337516648,-5.0000000000105516e-05
3.362,0.0013779656393548834,0.0007916435418529701,-0.3058581050881024,-4.0000000000040004e-05
3.367,0.0013779656393548834,0.0009078094019947486,-0.30582164023100766,-4.0000000000040004e-05
3.372,0.0013779656393548834,0.0010009597436698447,-0.3057897334810509,-4.0000000000040004e-05
3.376,0.000459321879784369,0.0009846507777667001,-0.3057851753739147,-5.0000000000105516e-05
3.381,0.0,0.0008350673929878091,-0.30582164023100766,-5.0000000000105516e-05
3.385,0.000459321879784369,0.0007151204190312167,-0.30585354698096445,-5.0000000000105516e-05
3.389,-0.0004593218797852572,0.0005734362168909571,-0.30589456994519537,-5.0000000000105516e-05
3.394,0.0009186437595696262,0.0005053252742568867,-0.305921918588016,-5.0000000000105516e-05
3.398,0.0013779656393548834,0.0006327164442310052,-0.3059036861594686,-4.0000000000040004e-05
3.402,0.0009186437595696262,0.000734868066015551,-0.30588089562378595,-2.999999999997449e-05
3.407,0.000459321879784369,0.0007257769894017821,-0.3058900118380592,-2.999999999997449e-05
3.411,0.000459321879784369,0.0006729852097131824,-0.3059036861594686,-2.999999999997449e-05
3.416,0.0013779656393548834,0.000721656642815979,-0.30589456994519537,-2.999999999997449e-05
3.421,0.0009186437595696262,0.0008061868672255598,-0.3058717794095118,-2.999999999997449e-05
3.425,0.0013779656393548834,0.000873969426370001,-0.30585354698096445,-4.0000000000040004e-05
3.43,0.0009186437595696262,0.0009283224741261234,-0.30583531455241797,-2.999999999997449e-05
3.434,0.0018372875191401405,0.0010174086355862076,-0.30580796590959824,-2.999999999997449e-05
3.438,0.000459321879784369,0.0010433425956298753,-0.30579429158818705,-2.999999999997449e-05
3.443,0.000459321879784369,0.0009276326998475676,-0.3058170821238724,-2.999999999997449e-05
3.448,0.0,0.0007893460990263806,-0.30585354698096445,-2.999999999997449e-05
3.452,0.0,0.0006329558334477276,-0.3058991280523333,-2.999999999997449e-05
3.456,0.000459321879784369,0.0005530524861233265,-0.30592647669515216,-2.999999999997449e-05
3.461,0.000459321879784369,0.0005344819827202206,-0.3059401510165616,-2.999999999997449e-05
3.466,0.000459321879784369,0.0005195907854703005,-0.30595838344510895,-1.999999999990898e-05
3.471,0.0009186437595696262,0.000553151811804844,-0.30595838344510895,-4.0000000000040004e-05
3.477,0.000459321879784369,0.0005800635143154967,-0.30595838344510895,-1.999999999990898e-05
3.482,0.0009186437595696262,0.0006016432992959229,-0.30595838344510895,-1.999999999990898e-05
3.487,-0.0004593218797852572,0.0005279437902345873,-0.3059948483022037,-1.999999999990898e-05
3.492,0.000459321879784369,0.00042334421133339634,-0.3060267550521605,-2.999999999997449e-05
3.497,0.000459321879784369,0.00043047233565159896,-0.3060358712664346,-1.999999999990898e-05
3.501,0.0,0.0003906863057304132,-0.30605866180211727,-2.999999999997449e-05
3.506,0.0013779656393548834,0.00044978670680277346,-0.3060541036949802,-1.999999999990898e-05
3.511,0.000459321879784369,0.0005426796457696916,-0.3060358712664346,-1.999999999990898e-05
3.515,0.0009186437595696262,0.0005716661603677687,-0.3060358712664346,-1.999999999990898e-05
3.52,0.0013779656393548834,0.0006859134523770742,-0.3060085226236131,-1.999999999990898e-05
3.525,0.0009186437595696262,0.0007775253448309559,-0.3059811739807925,-1.0000000000065512e-05
3.53,0.0013779656393548834,0.000850986506941459,-0.3059492672308357,-1.999999999990898e-05
3.534,0.0009186437595696262,0.0009098930767554416,-0.30592647669515216,-1.999999999990898e-05
3.539,0.000459321879784369,0.0008661249326977717,-0.30592647669515216,-1.999999999990898e-05
3.544,0.0009186437595696262,0.0008310284114954078,-0.3059310348022901,-2.999999999997449e-05
3.549,0.000459321879784369,0.0008028854361184993,-0.3059355929094263,-2.999999999997449e-05
3.553,0.0013779656393548834,0.0008258202108260592,-0.305921918588016,-2.999999999997449e-05
3.558,0.000459321879784369,0.0008442110022138486,-0.30591280237374274,-4.0000000000040004e-05
3.562,0.0009186437595696262,0.0008134562081860157,-0.3059173604808789,-4.0000000000040004e-05
3.567,-0.0004593218797852572,0.0006977909795054063,-0.30594470912369953,-5.0000000000105516e-05
3.572,0.000459321879784369,0.0005595401960557738,-0.30599029019506574,-5.0000000000105516e-05
3.577,0.000459321879784369,0.0005396843063302623,-0.3060039645164778,-5.0000000000105516e-05
3.582,0.0013779656393548834,0.0006147661615630256,-0.30599029019506574,-5.0000000000105516e-05
3.587,0.000459321879784369,0.0006749723224780833,-0.3059766158736563,-4.0000000000040004e-05
3.591,0.000459321879784369,0.0006322462862734034,-0.30598573208793045,-2.999999999997449e-05
3.595,0.000459321879784369,0.000597985403893408,-0.30599940640933987,-2.999999999997449e-05
3.6,0.000459321879784369,0.0005705125052647422,-0.3060085226236131,-2.999999999997449e-05
3.604,0.000459321879784369,0.000548482711907708,-0.3060221969450234,-2.999999999997449e-05
3.609,0.0009186437595696262,0.0005763194861629693,-0.30601763883788724,-2.999999999997449e-05
3.613,0.0009186437595696262,0.000644142946743975,-0.3060039645164778,-1.999999999990898e-05
3.618,0.000459321879784369,0.0006530269073350998,-0.30599940640933987,-2.999999999997449e-05
3.622,0.0009186437595696262,0.0006601507211947083,-0.30599940640933987,-2.999999999997449e-05
3.627,0.000459321879784369,0.0006658631197793048,-0.30599940640933987,-2.999999999997449e-05
3.631,0.0013779656393548834,0.0007159456266019918,-0.30598573208793045,-4.0000000000040004e-05
3.635,0.000459321879784369,0.0007561054688894318,-0.30597205776652014,-4.0000000000040004e-05
3.639,0.0009186437595696262,0.000742806703050691,-0.30597205776652014,-5.0000000000105516e-05
3.644,0.0,0.0006866408882670969,-0.30598573208793045,-5.0000000000105516e-05
3.649,0.000459321879784369,0.0005961011167034914,-0.30601308073075106,-5.0000000000105516e-05
3.654,0.000459321879784369,0.0005690015450278833,-0.3060221969450234,-5.0000000000105516e-05
3.658,0.0009186437595696262,0.0005927729976644195,-0.3060221969450234,-5.0000000000105516e-05
3.663,0.000459321879784369,0.0006118346990326544,-0.30601763883788724,-5.999999999994898e-05
3.667,0.000459321879784369,0.0005816178900361849,-0.30603131315929666,-5.999999999994898e-05
3.672,0.000459321879784369,0.0005573878272714711,-0.3060404293735699,-7.00000000000145e-05
3.677,0.0018372875191401405,0.0006744640333752462,-0.3060085226236131,-8.000000000008001e-05
3.681,0.0,0.0007228424725360064,-0.3059948483022037,-8.000000000008001e-05
3.686,0.000459321879784369,0.0006251302130293225,-0.3060221969450234,-8.999999999992347e-05
3.69,0.0009186437595696262,0.0006377810972534117,-0.30601763883788724,-8.999999999992347e-05
3.695,0.000459321879784369,0.0006479255078963297,-0.30601763883788724,-8.999999999992347e-05
3.7,0.000459321879784369,0.0006105581584840648,-0.3060267550521605,-9.999999999998899e-05
3.705,0.0009186437595696262,0.0006260961507627454,-0.3060221969450234,-0.00011999999999989797
3.71,0.0013779656393548834,0.0007295594271624045,-0.3059948483022037,-0.00011999999999989797
3.715,0.000459321879784369,0.0007670220167646105,-0.3059766158736563,-0.00012999999999996348
3.72,0.000459321879784369,0.0007060585101351573,-0.3059948483022037,-0.00012999999999996348
3.725,0.0,0.0006116715959244956,-0.30601763883788724,-0.00011999999999989797
3.73,0.0,0.000490483332054513,-0.30605866180211727,-0.00011999999999989797
3.735,-0.0004593218797852572,0.0003478037722471298,-0.30610880098062143,-0.00011999999999989797
3.739,0.0013779656393548834,0.00036989844843056673,-0.3061133590877576,-0.0001100000000000545
3.744,0.0009186437595696262,0.0005241212417997662,-0.3060723361235276,-0.0001100000000000545
3.75,0.0009186437595696262,0.0006022865502834471,-0.3060541036949802,-0.00011999999999989797
3.755,0.000459321879784369,0.0006194633661464246,-0.30604498748070785,-0.0001100000000000545
3.76,0.0009186437595696262,0.000633237002088807,-0.3060404293735699,-0.0001100000000000545
3.766,0.000459321879784369,0.0006442817177442965,-0.3060358712664346,-0.0001100000000000545
3.771,0.000459321879784369,0.0006076362991939085,-0.30604954558784403,-9.999999999998899e-05
3.776,0.0009186437595696262,0.0006237531888041079,-0.30604498748070785,-9.999999999998899e-05
3.78,0.0013779656393548834,0.000727680667716966,-0.30601308073075106,-9.999999999998899e-05
3.786,0.0009186437595696262,0.0008110173740293778,-0.3059811739807925,-9.999999999998899e-05
3.791,0.000459321879784369,0.0007868391125690605,-0.3059811739807925,-9.999999999998899e-05
3.796,0.0013779656393548834,0.0008129530868755709,-0.3059629415522469,-9.999999999998899e-05
3.801,0.0013779656393548834,0.0009248969645313963,-0.30592647669515216,-8.999999999992347e-05
3.805,0.0013779656393548834,0.001014661809722131,-0.3058900118380592,-8.999999999992347e-05
3.81,-0.0004593218797852572,0.0009046343335156195,-0.3059082442666048,-8.999999999992347e-05
3.815,0.0009186437595696262,0.0007709043151909635,-0.3059401510165616,-8.999999999992347e-05
3.819,0.000459321879784369,0.0007546735078735748,-0.30594470912369953,-8.999999999992347e-05
3.825,0.0009186437595696262,0.0007416584512516711,-0.30594470912369953,-8.999999999992347e-05
3.83,0.0009186437595696262,0.0007767239053097896,-0.3059355929094263,-9.999999999998899e-05
3.834,0.000459321879784369,0.0007593400838134942,-0.3059355929094263,-9.999999999998899e-05
3.839,0.000459321879784369,0.0006998985705604119,-0.3059538253379728,-9.999999999998899e-05
3.844,0.0009186437595696262,0.0006977358726237865,-0.3059538253379728,-9.999999999998899e-05
3.849,0.0009186437595696262,0.0007415035470957219,-0.3059401510165616,-0.0001100000000000545
3.853,0.0009186437595696262,0.0007765996917496615,-0.3059310348022901,-0.00011999999999989797
3.858,0.000459321879784369,0.0007592404802332987,-0.3059310348022901,-0.00011999999999989797
3.863,0.0009186437595696262,0.0007453205860235377,-0.3059355929094263,-0.00012999999999996348
3.869,0.0013779656393548834,0.0008251623596161283,-0.3059082442666048,-0.00012999999999996348
3.873,0.0013779656393548834,0.0009346872585644221,-0.305876337516648,-0.000140000000000029
3.879,0.0009186437595696262,0.0009770105035332018,-0.30584898887382916,-0.000140000000000029
3.884,0.0018372875191401405,0.0010564502831857795,-0.3058170821238724,-0.000140000000000029
3.889,0.000459321879784369,0.0010746490638901735,-0.305798849695325,-0.0001500000000000945
3.893,0.000459321879784369,0.0009527365316577753,-0.30582164023100766,-0.0001500000000000945
3.898,0.0,0.0008094762001388846,-0.30585354698096445,-0.0001500000000000945
3.903,-0.0004593218797852572,0.000603595746048316,-0.3059173604808789,-0.0001500000000000945
3.907,0.0009186437595696262,0.0005295094058282384,-0.3059492672308357,-0.0001500000000000945
3.912,0.000459321879784369,0.0005611052920628118,-0.3059492672308357,-0.0001500000000000945
3.917,0.0009186437595696262,0.000586441200518927,-0.3059538253379728,-0.0001500000000000945
3.921,0.0009186437595696262,0.0006522592827263752,-0.3059401510165616,-0.0001500000000000945
3.926,0.0,0.0006140332983029339,-0.30595838344510895,-0.000140000000000029
3.931,0.0009186437595696262,0.000583380888846622,-0.30597205776652014,-0.0001500000000000945
3.936,0.0,0.000558801529553491,-0.30598573208793045,-0.0001500000000000945
3.941,0.0,0.00044808821923192154,-0.3060267550521605,-0.00015999999999993797
3.945,0.000459321879784369,0.0004048120185036242,-0.30604498748070785,-0.0001500000000000945
3.95,0.000459321879784369,0.00041561185864075304,-0.3060541036949802,-0.0001500000000000945
3.955,0.0013779656393548834,0.0005152757357129722,-0.3060358712664346,-0.0001500000000000945
3.96,0.0009186437595696262,0.0006406954570263995,-0.3060085226236131,-0.0001500000000000945
3.964,0.0013779656393548834,0.0007412662260878286,-0.3059811739807925,-0.0001500000000000945
3.97,0.0,0.0007309075053391449,-0.3059811739807925,-0.0001500000000000945
3.974,0.000459321879784369,0.0006315973502787372,-0.3060039645164778,-0.00015999999999993797
3.98,0.000459321879784369,0.0005974650392221127,-0.30601763883788724,-0.0001500000000000945
3.985,0.000459321879784369,0.0005700952385491371,-0.30603131315929666,-0.0001500000000000945
3.989,0.0009186437595696262,0.0005936500016746192,-0.3060267550521605,-0.0001500000000000945
3.994,0.0013779656393548834,0.0007035417153328592,-0.3059948483022037,-0.000140000000000029
3.999,0.0009186437595696262,0.0007916609842990895,-0.3059674996593831,-0.000140000000000029
4.005,0.0,0.0007258158488366257,-0.30598573208793045,-0.000140000000000029
4.01,0.000459321879784369,0.00062751448512091,-0.30601308073075106,-0.000140000000000029
4.015,0.0009186437595696262,0.0006396929822057266,-0.3060085226236131,-0.000140000000000029
4.02,0.000459321879784369,0.0006494585980515116,-0.3060085226236131,-0.00012999999999996348
4.025,0.0013779656393548834,0.00070279127297266,-0.3059948483022037,-0.00011999999999989797
4.03,0.000459321879784369,0.0007455573393994783,-0.3059766158736563,-0.0001100000000000545
4.034,0.000459321879784369,0.000688846551061575,-0.30599029019506574,-0.0001100000000000545
4.039,0.0009186437595696262,0.0006888735494656746,-0.30599029019506574,-0.0001100000000000545
4.044,0.000459321879784369,0.000688895198774374,-0.30599029019506574,-0.0001100000000000545
4.05,0.0,0.0005979087888865091,-0.30601763883788724,-9.999999999998899e-05
4.055,0.0009186437595696262,0.0005704510697100005,-0.30603131315929666,-9.999999999998899e-05
4.059,0.0009186437595696262,0.0006394372182535336,-0.30601308073075106,-0.00038000000000004697
4.064,0.000459321879784369,0.000649253507678954,-0.30601308073075106,-0.00042999999999993044
4.069,-0.0004593218797852572,0.0005206192766121333,-0.30604954558784403,-0.00022999999999995246
4.073,0.000459321879784369,0.0004174708768984533,-0.3060814523378008,0.0001500000000000945
4.077,-0.0004593218797852572,0.0003347588936630871,-0.30610880098062143,0.0007900000000000684
4.082,0.000459321879784369,0.00026843433419616815,-0.30613614962344116,0.0016899999999999693
4.086,0.000459321879784369,0.0003062541878535411,-0.3061407077305782,0.002809999999999979
4.09,0.000459321879784369,0.00033658093175219374,-0.3061452658377144,0.004410000000000025
4.095,-0.0004593218797852572,0.000269895378519674,-0.3061726144805359,0.006369999999999987
4.099,0.0013779656393548834,0.0003074257607905567,-0.3061726144805359,0.008369999999999989
4.104,0.0013779656393548834,0.0005195279250094216,-0.30612247530203174,0.010669999999999957
4.108,0.000459321879784369,0.000598603290606978,-0.30610424287348437,0.013060000000000072
4.114,0.0009186437595696262,0.0006165098572848498,-0.30609512665921024,0.01523999999999992
4.119,0.0013779656393548834,0.0007218724310710065,-0.30605866180211727,0.01761999999999997
4.124,0.000459321879784369,0.0007608580171911134,-0.3060404293735699,0.020569999999999977
4.129,0.0009186437595696262,0.0007466176462795255,-0.3060358712664346,0.023009999999999975
4.135,0.000459321879784369,0.0007351986681531158,-0.30603131315929666,0.0253000000000001
4.139,0.0009186437595696262,0.0007260420905428153,-0.30603131315929666,0.02746000000000004
4.144,0.0009186437595696262,0.0007642015572294151,-0.30601308073075106,0.02961999999999998
4.15,0.0,0.0007037968579677015,-0.3060267550521605,0.031930000000000014
4.154,0.0013779656393548834,0.0007008618065556989,-0.3060221969450234,0.03493999999999997
4.16,0.000459321879784369,0.0007440101511311593,-0.3060039645164778,0.03805999999999998
4.165,0.0009186437595696262,0.000733107786514655,-0.3060039645164778,0.04031000000000007
4.17,0.0009186437595696262,0.0007698673526115173,-0.30599029019506574,0.043239999999999945
4.174,0.0009186437595696262,0.0007993438798594699,-0.3059766158736563,0.046070000000000055
4.178,0.000459321879784369,0.0007774784452512958,-0.3059766158736563,0.04857
4.183,0.0009186437595696262,0.0007599451295065491,-0.3059766158736563,0.05105999999999988
4.187,0.000459321879784369,0.0007458856257045959,-0.3059766158736563,0.05397999999999992
4.192,0.0009186437595696262,0.0007346116801466168,-0.3059766158736563,0.05651000000000006
4.198,0.000459321879784369,0.0007255714003305805,-0.3059766158736563,0.05879999999999996
4.204,0.000459321879784369,0.0006728203532553236,-0.3059948483022037,0.0609599999999999
4.208,0.0013779656393548834,0.0007215244487672444,-0.3059811739807925,0.06349000000000005
4.213,0.0013779656393548834,0.0008515827492508918,-0.3059355929094263,0.06599
4.219,0.0,0.0008193674178513604,-0.3059401510165616,0.06871000000000005
4.223,-0.0013779656393557715,0.0005205234829490618,-0.30601308073075106,0.07132000000000005
4.229,-0.0018372875191410287,9.888086784168727e-05,-0.30616805637339795,0.07404999999999995
4.235,0.0018372875191401405,7.928996189871407e-05,-0.3062045212304927,0.07677
4.24,0.003215253158495912,0.0005641012651840347,-0.30609056855207406,0.07928000000000002
4.244,0.006889828196777081,0.0014533794064365874,-0.30582164023100766,0.08201999999999998
4.249,0.009186437595702479,0.0027579926151551446,-0.30540685248156674,0.08447000000000005
4.254,0.011023725114843508,0.0042136445284466795,-0.30488267016084336,0.08708999999999989
4.259,0.014698300153124677,0.005926916053129506,-0.3042035121974731,0.08983000000000008
4.265,0.01791355331162059,0.007983271609421751,-0.30324630969876143,0.09236
4.271,0.020669484590331244,0.010223733438720848,-0.3021614802002235,0.09505000000000008
4.276,0.022506772109472273,0.012475319581342521,-0.3011313479873241,0.09748000000000001
4.28,0.025722025267968185,0.014781327902583257,-0.30009209956015237,0.10067000000000004
4.285,0.029396600306249354,0.01731298347434807,-0.29887052684751225,0.10376999999999992
4.289,0.02985592218603461,0.01975256831963938,-0.2977173257419228,0.10647000000000006
4.294,0.0321525315849609,0.02198181842106555,-0.2964911949221438,0.10907
4.3,0.035827106623242067,0.024360919829440116,-0.29485939256719984,0.11151
4.305,0.039501681661523236,0.026996688706344814,-0.293355217212083,0.11419000000000001
4.309,0.04087964730087812,0.029610763037000443,-0.2919011810354686,0.11657000000000006
4.313,0.04363557857958966,0.03211643731288476,-0.2905109583587695,0.11892999999999998
4.318,0.04593218797851506,0.03462619221164935,-0.2890341316464733,0.12118000000000007
4.322,0.04776947549765609,0.03704821548445805,-0.28750260764853586,0.12355999999999989
4.328,0.050984728656152,0.03949089284849387,-0.2854195526870553,0.12588
4.334,0.05419998181464791,0.042086637838789305,-0.28316328965437965,0.12822
4.338,0.05695591309335857,0.04475962183950788,-0.281490464335203,0.13078999999999996
4.344,0.05971184437207011,0.047449039882087526,-0.279220526981117,0.1332199999999999
4.349,0.06200845377099551,0.05010613406476437,-0.27713291391250117,0.13575000000000004
4.354,0.06522370692949142,0.05278281048103535,-0.27510911434379626,0.1380999999999999
4.359,0.06843896008798822,0.05556619314423021,-0.2731126634179146,0.14073000000000002
4.364,0.07165421324648413,0.058435140734570575,-0.27067863420690674,0.14358000000000004
4.369,0.07211353512626939,0.06109968927521546,-0.2686138116739727,0.14600999999999997
4.373,0.0753287882847653,0.06360033560488407,-0.26675410396219235,0.14888999999999997
4.377,0.07854404144326121,0.06624256438093769,-0.2648716057147267,0.15164
4.382,0.08038132896240224,0.06886181873446909,-0.2626791561819646,0.15447999999999995
4.387,0.08359658212089816,0.07146265050407508,-0.260468474220656,0.15713
4.392,0.08727115715917932,0.0742307172289578,-0.2580617936524696,0.1597900000000001
4.397,0.08910844467831947,0.07699637960212193,-0.25568701983423736,0.16246000000000005
4.403,0.09140505407724575,0.07962360833416308,-0.2532028514447271,0.16551000000000005
4.408,0.0941609853559564,0.08223083454772981,-0.250800728983676,0.1685699999999999
4.413,0.09737623851445232,0.08491302503879988,-0.2484760943439488,0.17132999999999998
4.418,0.10059149167294912,0.0877008292932517,-0.24593722866879641,0.17409999999999992
4.422,0.10288810107187452,0.09048231867119114,-0.2437584534574455,0.17643999999999993
4.427,0.10518471047079991,0.09316774054618691,-0.2412378202108405,0.17874999999999996
4.433,0.10931860738886634,0.09595813596224494,-0.23864881535718396,0.18108999999999997
4.437,0.11115589490800737,0.09878720500933487,-0.236255809110407,0.18377
4.442,0.11345250430693277,0.10146527788210258,-0.23377619882803113,0.1867399999999999
4.447,0.11666775746542957,0.10415877655706028,-0.23143333175975744,0.18968999999999991
4.453,0.11896436686435496,0.10686464477624429,-0.22837939997815582,0.19223999999999997
4.459,0.12263894190263613,0.10962593369189066,-0.2255169086962967,0.19459000000000004
4.464,0.12585419506113205,0.11252266677330561,-0.22290055519982133,0.1971400000000001
4.468,0.12723216070048782,0.1153004995368495,-0.22054401381013644,0.1995800000000001
4.473,0.13044741385898373,0.11798298926913234,-0.21812365892053887,0.20245000000000002
4.478,0.13320334513769527,0.12072553159227707,-0.21558935135252444,0.20531999999999995
4.482,0.1341219888972649,0.12328871908059184,-0.21340601803403558,0.2077500000000001
4.487,0.13779656393554607,0.12579909042368403,-0.21115431310849697,0.2104299999999999
4.491,0.1405524952142576,0.1284491174316976,-0.20889349196868334,0.2133099999999999
4.495,0.14147113897382724,0.1309381193270668,-0.2066600194716921,0.21599999999999997
4.5,0.1451457140121093,0.13338900319835098,-0.20441287265328967,0.21897999999999995
4.504,0.14790164529081995,0.13599132877052494,-0.2021292609777925,0.2218500000000001
4.509,0.1497389328099601,0.13853308391157243,-0.19960862773118748,0.22452000000000005
4.513,0.15249486408867163,0.1410262692202445,-0.19717004041304342,0.22689000000000004
4.518,0.1561694391269528,0.14366251520019768,-0.19461750041647985,0.22965999999999998
4.523,0.15708808288652332,0.14623147022226482,-0.1922974238838906,0.23211999999999988
4.528,0.15938469228544871,0.14860996074382168,-0.18972665145878143,0.23458
4.533,0.16305926732372988,0.15110873411184025,-0.18685960206978436,0.23703999999999992
4.538,0.16581519860244054,0.15374946100930897,-0.18447571203728064,0.23937000000000008
4.543,0.16857112988115208,0.15641301293093443,-0.18157675589832944,0.24171999999999993
4.548,0.17040841740029222,0.15900386386797546,-0.1788418916162975,0.2440500000000001
4.554,0.17362367055878902,0.1615819196864751,-0.17608423679858287,0.24712
4.559,0.1772982455970702,0.1643317229764301,-0.17334937251655091,0.25042999999999993
4.564,0.17913553311621033,0.16708274038246188,-0.17079227441285205,0.25309000000000004
4.568,0.18143214251513662,0.16969822570133036,-0.1681759209163758,0.25564999999999993
4.574,0.1851067175534178,0.1723870389512718,-0.16509008238481648,0.2582
4.58,0.18786264883212844,0.17518015382151841,-0.16199512763898483,0.26088
4.585,0.19245586762998013,0.1781479091820974,-0.1591782174284928,0.26346
4.591,0.1938338332693359,0.1811191984943448,-0.15641600450364024,0.26657
4.595,0.19567112078847604,0.183820310279603,-0.15415974147096545,0.26935
4.599,0.1984270520671867,0.18644127948139394,-0.15176217711705142,0.27257
4.604,0.20026433958632772,0.18899798445767507,-0.1494967978701025,0.27526000000000006
4.609,0.20256094898525312,0.19145765576026635,-0.1469351416592657,0.27835999999999994
4.614,0.20577620214374992,0.1939760239721131,-0.14397237202039825,0.2809299999999999
4.62,0.21036942094160072,0.19676896911326894,-0.14100504427439464,0.2840499999999999
4.625,0.21220670846074174,0.1996455846026653,-0.1384752948135164,0.28628999999999993
4.629,0.21450331785966714,0.20236178371442332,-0.1361643344951995,0.2887599999999999
4.634,0.21771857101816394,0.2050858548156033,-0.1335525391058594,0.29112000000000005
4.638,0.22001518041708934,0.207816238257633,-0.1311048355734421,0.2934699999999999
4.644,0.2227711116958,0.21050618151447814,-0.12816029836312115,0.29591999999999996
4.649,0.22506772109472628,0.21316369685263237,-0.12536617868831268,0.2983
4.654,0.22690500861386642,0.21570420532753407,-0.12289112651307477,0.3009599999999999
4.659,0.2305795836521476,0.2182873947373779,-0.12024286626664082,0.30330999999999997
4.664,0.23287619305107388,0.22095031074903704,-0.11748065334178914,0.30579
4.669,0.23517280244999927,0.22354065176663562,-0.11480504445253548,0.3085800000000001
4.675,0.2393066993680657,0.2262548043490203,-0.1118924139921722,0.3112600000000001
4.68,0.2425219525265616,0.2291592419320284,-0.10900257406749247,0.3145
4.685,0.24527788380527316,0.23207975838719339,-0.1062996165354182,0.31708000000000003
4.69,0.24619652756484367,0.2347856586414343,-0.10395674946714539,0.31955
4.695,0.24987110260312484,0.23741046759030154,-0.10115351357806279,0.32244000000000006
4.699,0.25216771200205024,0.2401067572134129,-0.09869669383137136,0.32535000000000003
4.704,0.25400499952119127,0.2426783577655183,-0.0963036875845944,0.3280399999999999
4.709,0.2567609307999019,0.24519547532273644,-0.09389700701640624,0.33116999999999996
4.713,0.25997618395839783,0.24780541005711082,-0.0915769304838161,0.33376000000000006
4.717,0.2613541495977536,0.25035326678478603,-0.08917936612990296,0.33624999999999994
4.722,0.263650758996679,0.25276034102506845,-0.0868775220258593,0.33884000000000003
4.727,0.2668660121551749,0.25523653303885485,-0.08389651995844627,0.34143999999999997
4.733,0.2700812653136717,0.2578591525435006,-0.08072863549842602,0.3441099999999999
4.738,0.2723778747125971,0.260508184624045,-0.07809860768053944,0.3469199999999999
4.743,0.27421516223173814,0.26304189059824723,-0.07558253254107061,0.34986000000000006
4.748,0.27743041539023405,0.2655741233771124,-0.07305734118732854,0.3524799999999999
4.753,0.2811049904285152,0.2682871823792591,-0.07038629040521105,0.35495999999999994
4.758,0.28294227794765536,0.2710087355092998,-0.06789756390856283,0.35778
4.764,0.2847795654667964,0.2735550923168385,-0.06486186455550857,0.36017999999999994
4.769,0.28845414050507756,0.27614297135049015,-0.06221816241621081,0.36257000000000006
4.775,0.2916693936635735,0.2789006516177829,-0.059077626599012056,0.3649499999999999
4.78,0.29396600306249976,0.28165798536434267,-0.05642480824544194,0.3672500000000001
4.786,0.29855922186035144,0.28455154689990636,-0.05332985349960939,0.36951
4.79,0.2999371874997063,0.2874633421392657,-0.05084112700296117,0.37222
4.796,0.30269311877841787,0.2902077509653503,-0.04779631143563279,0.37473
4.8,0.3054490500571285,0.29295444269297655,-0.04552181597441063,0.3771199999999999
4.805,0.3082049813358392,0.2957029650191827,-0.04309234487053981,0.37949999999999995
4.809,0.3100422688549802,0.2983619514842463,-0.04079050076649615,0.3818999999999999
4.814,0.31279820013369086,0.3009491415019939,-0.03850688909100075,0.3842699999999999
4.818,0.3146354876528319,0.30347875984084727,-0.036036395022899015,0.38686
4.823,0.31739141893154255,0.30596221296770754,-0.03378924820449658,0.38989000000000007
4.828,0.32060667209003846,0.30854515308261016,-0.031127313636652332,0.39281999999999995
4.832,0.32198463772939423,0.31107136353637915,-0.028729749282738304,0.39549999999999996
4.837,0.32382192524853437,0.3134155783151587,-0.026350417357371647,0.3981699999999999
4.842,0.32703717840703117,0.3157958630984897,-0.02366569225384385,0.4013199999999999
4.847,0.3302524315655271,0.31834157712268596,-0.021113152257282053,0.40415
4.853,0.3343863284835935,0.32111094826511194,-0.017858663761663784,0.4067400000000001
4.858,0.3357642941229484,0.32387765661632584,-0.015274217015144309,0.40954
4.862,0.3376015816420894,0.32641472032070007,-0.012935908054008571,0.41233999999999993
4.868,0.34081683480058533,0.3289496455748966,-0.010109881629242423,0.41486
4.873,0.3444914098388665,0.33166486360205083,-0.007251948454519486,0.4172499999999999
4.878,0.3458693754782223,0.33434264611239467,-0.004603688208086432,0.41994
4.884,0.34862530675693293,0.33689940629853016,-0.0016181280335354487,0.4224300000000001
4.889,0.35275920367499936,0.3396321331821426,0.0008341336060198046,0.42541000000000007
4.893,0.35505581307392564,0.3424604612378782,0.0033502087454877483,0.4283699999999999
4.898,0.3564337787132805,0.3450924380442589,0.005811586599316243,0.43087999999999993
4.903,0.3596490318717773,0.3476579697285531,0.008341336060195381,0.43328999999999995
4.908,0.36286428503027324,0.3503522283604157,0.011007828735175806,0.4361599999999999
4.913,0.3656202163089839,0.35310420785396174,0.013774599767163664,0.4392400000000001
4.918,0.36837614758769455,0.35585697030029895,0.016577835656245377,0.44177
4.923,0.37067275698662083,0.35856485869089555,0.019157724295628675,0.4448399999999999
4.928,0.37388801014511674,0.3612822656438068,0.021605427828046864,0.44782999999999995
4.933,0.3757252976642578,0.36396180339602563,0.02433117589580469,0.45026999999999995
4.937,0.37802190706318317,0.366519971064361,0.02671962403544459,0.45282
4.942,0.3798591945823242,0.3689808152611611,0.028975887068121153,0.45601
4.946,0.38353376962060537,0.371500123985962,0.031245824422207136,0.4586699999999999
4.95,0.38491173525996025,0.37402081198997433,0.03350208745488281,0.46110000000000007
4.955,0.3876676665386718,0.37645160223173724,0.03577658291610586,0.46387
4.959,0.3908829196971677,0.3789923133670204,0.03837014587689769,0.46655
4.964,0.39134224157695296,0.38139365774508693,0.04084519805213649,0.4691000000000001
4.969,0.39501681661523413,0.3837287494785271,0.043133367834768954,0.4713799999999999
4.973,0.39731342601415953,0.38619272250213793,0.04547167679590647,0.47384000000000004
4.977,0.3986913916535153,0.38853253261090154,0.04775073036426569,0.47618000000000005
4.982,0.4009880010524407,0.3907727797505856,0.04998420286125782,0.47861
4.987,0.4042032542109366,0.3931151975091611,0.05254130096495668,0.48117999999999994
4.992,0.4074185073694334,0.3956305469641983,0.05550407060382323,0.4837100000000001
4.997,0.4097151167683588,0.3981935620190835,0.0583255389214532,0.4868999999999999
5.003,0.4129303699268547,0.4007947988622511,0.06099203159643363,0.49021000000000003
5.007,0.4161456230853515,0.40351768851999814,0.0635628040215428,0.49262000000000006
5.013,0.41936087624384744,0.4063381283635742,0.06668966551733213,0.49533000000000005
5.018,0.4211981637629876,0.40910028547536625,0.06948378519213971,0.4976799999999999
5.023,0.4230354512821286,0.411679201545746,0.07196795358165176,0.50071
5.029,0.4267100263204098,0.4142931889941645,0.07474839893505081,0.5032300000000001
5.034,0.42946595759912043,0.4170263030262176,0.07745591457426126,0.5054799999999999
5.038,0.4308439232384762,0.41962743210133946,0.07978966542826171,0.5082199999999999
5.043,0.4340591763969721,0.4221682278029348,0.08215532303221895,0.5108900000000001
5.048,0.4377337514352533,0.4248881531871414,0.08479446706437876,0.5133699999999999
5.052,0.4395710389543943,0.4276152122879913,0.08729686788243729,0.5161199999999999
5.058,0.44140832647353445,0.430165984188411,0.09004540648587867,0.5185299999999999
5.063,0.4450829015118156,0.4327574035686833,0.09291701398201102,0.5216000000000001
5.067,0.4473795109107419,0.43542691897672664,0.09529178780024239,0.52396
5.072,0.4496761203096673,0.43802255187635736,0.09764377108278843,0.5265
5.077,0.4519727297085936,0.44055894033967913,0.10033761240058947,0.52925
5.083,0.45564730474687476,0.44318432790576984,0.10332317257513957,0.5318099999999999
5.087,0.45886255790537067,0.44597208527668114,0.10577543421469482,0.53426
5.093,0.4616184891840813,0.448799038944894,0.10878834303206641,0.53667
5.098,0.4639150985830076,0.45156641932098934,0.11163260188537905,0.53912
5.103,0.466211707981933,0.4542405275592518,0.11397546895365185,0.5414699999999999
5.107,0.4698862830202142,0.4569763489832374,0.11642773059320621,0.5439700000000001
5.113,0.4726422142989257,0.45980715846934106,0.11952268533903876,0.5469299999999999
5.118,0.47447950181806586,0.4625321288392332,0.12211624829983236,0.54948
5.122,0.47815407685634703,0.4652632333811428,0.12440441808246394,0.55193
5.127,0.48136933001484294,0.4681357624087729,0.12723500261436715,0.5547899999999999
5.132,0.4818286518946282,0.470803182809591,0.12979665882520308,0.5580700000000001
5.137,0.48596254881269463,0.47339713577814213,0.13220789750052742,0.5607199999999999
5.141,0.48917780197119054,0.4762051884587001,0.13457355510448465,0.5633900000000001
5.145,0.4896371238509758,0.4788209069760869,0.13687539920852654,0.5660400000000001
5.149,0.4928523770094726,0.48128239779702925,0.13917268520543402,0.5684800000000001
5.154,0.495148986408398,0.48380222503268794,0.1415337847022542,0.57084
5.158,0.49652695204775377,0.48618682316204476,0.14400883687749122,0.5734999999999999
5.163,0.4997422052062497,0.488553988404944,0.14647477283845678,0.57593
5.169,0.5029574583647456,0.49108918221543585,0.1495606113700152,0.57819
5.175,0.5061727115232415,0.49375911370585646,0.15277407690140254,0.5809899999999999
5.179,0.5084693209221678,0.4964460840208776,0.155185315576726,0.58341
5.184,0.5103066084413079,0.4990102116654376,0.15781990150174963,0.5857399999999999
5.188,0.5135218615998038,0.5015668387799939,0.16011262939151916,0.58799
5.194,0.5162777928785154,0.5042084551871161,0.16318935170880433,0.59032
5.199,0.5181150803976555,0.5067817166131915,0.16555500931276157,0.59277
5.203,0.5204116897965818,0.5092546640965245,0.1678203885597105,0.5951299999999999
5.208,0.524086264834863,0.5118291800127609,0.17056892716315186,0.5980000000000001
5.213,0.5263828742337884,0.5144851409784876,0.17324453605240642,0.60094
5.218,0.5286794836327147,0.5170699049280545,0.17571958822764433,0.6033900000000001
5.223,0.5318947367912106,0.5196885816366713,0.1784407781882651,0.6065
5.227,0.5346506680699212,0.5223799539779421,0.18089759793495652,0.6091599999999999
5.233,0.5364879555890623,0.5249931133762845,0.18400166889506142,0.61157
5.238,0.5383252431082024,0.5274525521071111,0.18633541974906187,0.6142399999999999
5.242,0.5419998181464836,0.529970733825789,0.18882414624571098,0.61704
5.248,0.5452150713049804,0.5326725256530899,0.19161826592051945,0.6200300000000001
5.252,0.5470523588241205,0.5353395420476214,0.19415713159567183,0.62256
5.257,0.5484303244634763,0.5377966653993318,0.19655469594958586,0.6249899999999999
5.262,0.5525642213815427,0.5403129904765189,0.19900695758914022,0.62768
5.266,0.5544015089006828,0.5429222897420425,0.2014136381573275,0.6300300000000001
5.271,0.5553201526602534,0.545287629364198,0.20368813361855054,0.6325799999999999
5.275,0.5594540495783198,0.547684853602683,0.20622244118656585,0.63517
5.281,0.5626693027368157,0.5503351546994227,0.2091533040754756,0.6375
5.286,0.5645065902559567,0.5529608820341649,0.21172863460772273,0.64035
5.29,0.5668031996548821,0.5554759005469092,0.21413987328304618,0.64343
5.296,0.5704777746931633,0.5580841521128406,0.2170160388863156,0.6458900000000001
5.302,0.5736930278516601,0.5608581685768467,0.22031610845330007,0.64845
5.307,0.5755303153708002,0.5635831000040585,0.22287320655699983,0.65086
5.312,0.5778269247697265,0.566177667664012,0.2254713276249296,0.65351
5.317,0.5815014998080077,0.5688497075945582,0.22813326219277386,0.65577
5.322,0.5842574310867183,0.5716293723820457,0.230617430582285,0.65831
5.326,0.5851760748462889,0.5742223273961476,0.23290560036491748,0.6610499999999999
5.331,0.587013362365429,0.576574560993844,0.23546269846861723,0.66361
5.335,0.5911472592834954,0.5790522796266248,0.23780556553689003,0.6660600000000001
5.34,0.5925252249228512,0.5815851195169097,0.24004359614101922,0.66902
5.345,0.5957404780813471,0.5840711559209585,0.24269641449458934,0.67136
5.349,0.5984964093600578,0.5866561674977558,0.2451350018127343,0.6737200000000001
5.354,0.6003336968791988,0.5891840390022245,0.24744140402391324,0.6763600000000001
5.358,0.6030896281579095,0.5916660913886298,0.24970222516372687,0.6787700000000001
5.362,0.605845559436621,0.5942024064017295,0.25201774358917994,0.6812400000000001
5.367,0.6072235250759759,0.5966457275302267,0.2543788430860001,0.6836899999999999
5.371,0.6095201344749022,0.5989689774285831,0.2566943615114532,0.6861200000000001
5.377,0.6122760657536128,0.6013324510268362,0.25955229468617524,0.6884699999999999
5.382,0.6164099626716792,0.6039101864897292,0.2624558089322653,0.69102
5.387,0.6182472501908203,0.6065687291250682,0.2649126286789567,0.69322
5.393,0.6205438595897457,0.609110061362508,0.2678981888535077,0.6955800000000001
5.398,0.6228404689886711,0.6116029075559226,0.2705054261357107,0.6978
5.402,0.6260557221471679,0.6141478778383903,0.272875641846805,0.7001999999999999
5.407,0.6292709753056638,0.6168256488240276,0.27549655345041835,0.70285
5.413,0.6311082628248039,0.6194734035387026,0.27827244069667945,0.7051799999999999
5.418,0.6343235159833007,0.6220970889967774,0.281157722514223,0.7073799999999999
5.423,0.6370794472620114,0.6247924777222321,0.2836965881893745,0.7098500000000001
5.428,0.6393760566609368,0.627454359638148,0.28610326875756176,0.71217
5.432,0.6407540223002925,0.6299528676717258,0.28865580875412444,0.7146600000000001
5.437,0.6444285973385737,0.6324568761496524,0.2910077920366714,0.71699
5.442,0.6476438504970696,0.6351473028287331,0.29355121581895993,0.7197499999999999
5.446,0.6494811380162107,0.6378052058104373,0.29602170988706167,0.7220500000000001
5.451,0.6508591036555655,0.6402550213565873,0.2983281120982424,0.7247699999999999
5.456,0.654993000573632,0.642765486497094,0.30115413852300765,0.7273000000000001
5.462,0.6582082537321288,0.6455065924886801,0.3042490932688402,0.73014
5.467,0.6595862193714837,0.6481596319904709,0.3066056346585233,0.73316
5.472,0.6618828287704099,0.6506510495252052,0.3091445003336757,0.7354400000000001
5.476,0.6650980819289058,0.6531948742039297,0.31147825118767525,0.7382500000000001
5.481,0.6678540132076165,0.655826224675169,0.3140991627912886,0.7408699999999999
5.485,0.6692319788469723,0.6583457522328715,0.31632807718114453,0.74366
5.49,0.6729065538852534,0.6608666157132201,0.3188076874635186,0.74623
5.495,0.6752031632841788,0.6634795542046283,0.3215835747097806,0.74882
5.5,0.6770404508033199,0.6659843176809555,0.3240768593135668,0.75143
5.505,0.6788777383224609,0.6683568365787125,0.32639693584615603,0.7536700000000001
5.51,0.6825523133607421,0.6708053195740402,0.32927310144942545,0.75603
5.515,0.6853082446394527,0.6734057199470602,0.3315931779820156,0.75854
5.519,0.6871455321585929,0.675945931321645,0.33391325451460574,0.7610300000000001
5.524,0.6899014634373044,0.678437878724677,0.3365204917968079,0.7632699999999999
5.529,0.6926573947160151,0.6809821282908246,0.33890893993644866,0.7654799999999999
5.533,0.6944946822351561,0.6834773138132435,0.3412472488975862,0.76806
5.538,0.6972506135138667,0.6859331561720882,0.34362202271581577,0.7702100000000001
5.542,0.7004658666723627,0.6884939559398059,0.3461335397481484,0.7726200000000001
5.547,0.7009251885521479,0.6909114088627822,0.3483578960308673,0.7754099999999999
5.551,0.7041404417106438,0.6932139157288929,0.350823831991832,0.77765
5.556,0.7073556948691397,0.6956972616911213,0.3530755369173706,0.7800199999999999
5.56,0.7082743386287103,0.6980981083337341,0.3552953350929533,0.78234
5.564,0.7105709480276365,0.7003417971763337,0.3575333656970816,0.7845899999999999
5.569,0.7142455230659177,0.7027324766307196,0.3598443260153985,0.78697
5.574,0.7151641668254882,0.7051045183278852,0.36234672683345615,0.78938
5.578,0.7174607762244136,0.7073251092438905,0.36459843175899564,0.7925899999999999
5.582,0.7202167075031243,0.7096062633097923,0.36683646236312484,0.79538
5.587,0.7225133169020506,0.7119359813694434,0.36917932943139764,0.7979499999999999
5.591,0.7243506044211907,0.7142136378458709,0.37138545328557004,0.80098
5.596,0.7280251794594719,0.716586053165651,0.3739243189607224,0.8036300000000001
5.6,0.7298624669786129,0.719034453104529,0.3761942563148084,0.80603
5.606,0.731699754497753,0.7213617755670768,0.3789382368111127,0.80874
5.61,0.7349150076562498,0.7237285148472217,0.3811944998437884,0.81128
5.615,0.7372116170551752,0.7261723633195092,0.38381085334026555,0.81382
5.62,0.7390489045743163,0.7285415379659018,0.38625399876554667,0.81673
5.625,0.7422641577328122,0.7309418374092499,0.38906179276176545,0.81921
5.631,0.7450200890115228,0.7334580987768747,0.3919744232221287,0.82165
5.635,0.7477760202902335,0.7360218450704302,0.3942398024690785,0.82409
5.641,0.750531951568945,0.7386236682746157,0.3970475964652973,0.8264499999999999
5.646,0.7519099172082999,0.7411195186950642,0.3996320432118168,0.82894
5.651,0.755584492246582,0.7436213961030644,0.4022894196725231,0.83128
5.656,0.7587997454050779,0.7463101139333359,0.4049240055975467,0.83365
5.661,0.760637032924218,0.748966646634217,0.40748566180838264,0.8364499999999999
5.666,0.7620149985635738,0.751415363388289,0.41003364369780826,0.8389599999999999
5.671,0.765689573601855,0.7538794455514382,0.4122762324090745,0.84198
5.675,0.7684455048805656,0.7564923544860152,0.41466012244157824,0.8447899999999999
5.68,0.7693641486401361,0.7589515923765492,0.4170257800455355,0.84747
5.685,0.7716607580390624,0.761242103621945,0.419441576827996,0.8497399999999999
5.689,0.7753353330773436,0.7636703287271202,0.4216340263607572,0.8527499999999999
5.693,0.7767132987166985,0.7661179791770801,0.4238264758935193,0.8552500000000001
5.698,0.77946922999541,0.7684902025291664,0.4263288767115778,0.8582399999999999
5.703,0.7817658393943354,0.770892946649261,0.4285213262443399,0.8608100000000001
5.707,0.7836031269134764,0.773229160798943,0.43084596088406624,0.86402
5.713,0.7863590581921871,0.7755575282037097,0.43358538327323437,0.8664400000000001
5.717,0.7891149894708978,0.7779706072804292,0.43578239091313264,0.86903
5.722,0.791411598869824,0.7804061125293471,0.43806600258862893,0.87137
5.726,0.7927895645091789,0.7827230950798578,0.4403587304783976,0.8736599999999999
5.73,0.7955454957878905,0.7849905392871525,0.44256941243970616,0.87635
5.735,0.7978421051868159,0.7873092637725122,0.44488493086515923,0.87879
5.74,0.8005980364655265,0.7896691085613512,0.4472141236120235,0.88112
5.746,0.8028946458644528,0.792061926637817,0.45034098510781284,0.8834299999999999
5.751,0.806569220902734,0.7945721888945119,0.4529892453542459,0.88554
5.756,0.8093251521814446,0.7972221284290184,0.4556283893864057,0.88808
5.762,0.8120810834601562,0.7998930677214837,0.45857748470386284,0.89046
5.767,0.8143776928590816,0.8025353442814547,0.4611163503790152,0.893
5.772,0.8175929460175775,0.8052001388365989,0.46345465934015184,0.89532
5.777,0.8198895554165038,0.8078829899786069,0.4661758493007735,0.8979
5.782,0.8221861648154292,0.8104893164518381,0.46861899472605373,0.90017
5.786,0.8240234523345702,0.81298877792505,0.4709755361157377,0.90312
5.792,0.8276980273728514,0.8155390528260401,0.47386537604041745,0.90573
5.797,0.8299946367717768,0.8181755755605175,0.4763176376799727,0.90803
5.801,0.832291246170703,0.8207447525047435,0.4786331561054258,0.91113
5.806,0.8341285336898432,0.8232144247497288,0.4810307204593398,0.914
5.81,0.8378031087281244,0.8257408124537046,0.4832824253848784,0.91632
5.815,0.8396403962472654,0.8283126787894984,0.4858076167386205,0.91888
5.82,0.8410183618866203,0.8306935038168046,0.48800918248565583,0.9212899999999999
5.824,0.8446929369249023,0.8331031453935593,0.4904113049467069,0.92363
5.83,0.8469895463238277,0.8356268979717494,0.49316895976442154,0.92615
5.835,0.8492861557227531,0.8381056474997268,0.49564401193966034,0.92884
5.84,0.8520420870014647,0.8405938121527515,0.49859766536425365,0.93197
5.846,0.8547980182801753,0.8431350284313633,0.5013234134320115,0.93446
5.851,0.8580132714386712,0.8457642872952971,0.5039260926070783,0.93668
5.855,0.8603098808375975,0.848418643303073,0.5061914718540272,0.93926
5.861,0.8616878464769524,0.8509111165092602,0.5090767536715699,0.9416599999999999
5.866,0.8649030996354492,0.8533647839332021,0.5115153409897149,0.94421
5.872,0.8676590309141599,0.8559238396779423,0.5143960647001204,0.94687
5.877,0.871333605952441,0.8586129054245509,0.5169166979467263,0.94966
5.883,0.8736302153513664,0.8613607208802714,0.520093698621019,0.95196
5.887,0.8759268247502927,0.8640191405245223,0.5224137751536091,0.9548099999999999
5.892,0.8791420779087886,0.8666968797934969,0.5249617570430347,0.95747
5.897,0.881438687307714,0.8693901109603649,0.527331972754129,0.96006
5.901,0.8828166529470698,0.871913757132066,0.5295244222868902,0.96278
5.906,0.8851132623459961,0.8743014175655864,0.532086078497727,0.96599
5.911,0.8887878373842772,0.8768075440443339,0.534520107708734,0.96835
5.916,0.8910844467832026,0.8794086653225547,0.5368812072055542,0.97062
5.92,0.8924624124225584,0.8818584510021226,0.5391374702382299,0.97365
5.925,0.8952183437012691,0.8842323865385571,0.5412797805924887,0.97616
5.929,0.8975149531001945,0.8866365036141555,0.5437320422320431,0.97894
5.934,0.8988929187395502,0.8889283168157225,0.546079467407453,0.98185
5.939,0.9025674937778314,0.8912665821553399,0.5486092168683321,0.98466
5.944,0.9057827469363273,0.8938241037800014,0.5509657582580161,0.987
5.949,0.9080793563352536,0.896420935586253,0.553477275290347,0.98946
5.953,0.9094573219746085,0.8988672816512986,0.5557654450729803,0.99161
5.959,0.9126725751331053,0.9012839609364485,0.55865528499766,0.99396
5.964,0.915428506411816,0.9038133568675205,0.561344568208324,0.99666
5.968,0.917265793930957,0.9062966316514426,0.5635552501696326,0.99954
5.974,0.9200217252096676,0.9087429231029963,0.566554484665593,1.0021
5.98,0.9227776564883783,0.9112505623649244,0.5692984651618982,1.00475
5.985,0.9259929096468742,0.913852896704108,0.5716322160158978,1.0076800000000001
5.99,0.9287488409255857,0.9165311645300365,0.5742257789766914,1.01016
5.994,0.9296674846851554,0.9190428119929996,0.5764866001165041,1.01251
5.999,0.9338013816032218,0.9215573566330583,0.5788066766490942,1.01536
6.004,0.9365573128819333,0.9242562319828703,0.581441262574117,1.0181900000000002
6.009,0.9379352785212882,0.9268299059610697,0.5840211512134994,1.0204499999999999
6.015,0.941150531679785,0.9293486861440271,0.5870841992093752,1.0233400000000001
6.02,0.9439064629584957,0.931959954094163,0.5894954378846986,1.0263499999999999
6.024,0.9457437504776367,0.9345088798924202,0.5916970036317339,1.02869
6.029,0.9489590036361326,0.9370533170470737,0.5942768922711164,1.03153
6.034,0.9503369692754875,0.9395486529917715,0.5966425498750736,1.03422
6.039,0.9535522224339843,0.9420046159702772,0.5991312763717218,1.03654
6.044,0.9558488318329097,0.9445200105747734,0.6016974906896948,1.03948
6.049,0.9586047631116204,0.9470375599488707,0.6044551455074094,1.0422799999999999
6.054,0.9604420506307614,0.9495113352909729,0.606665827468718,1.04496
6.059,0.963197981909472,0.9519500093904908,0.6094918538934841,1.0471300000000001
6.064,0.9673318788275385,0.9545880461534252,0.6120717425328674,1.04974
6.069,0.9687098444668942,0.9572494409270665,0.6146379568508396,1.0520800000000001
6.075,0.9719250976253901,0.9598385621039911,0.6172953333115467,1.0543200000000001
6.081,0.9737623851445312,0.9624152308734415,0.6203492650931484,1.0568499999999998
6.085,0.9774369601828123,0.9650274162704728,0.6226921321614212,1.0594999999999999
6.09,0.9797335695817377,0.967713583400063,0.6249164884441409,1.06189
6.096,0.982030178980664,0.9703225688763429,0.6278427932259145,1.0641500000000002
6.1,0.9852454321391599,0.9729606681888681,0.6302996129726051,1.0670199999999999
6.106,0.9880013634178706,0.9756676150043267,0.6330481515760473,1.0695700000000001
6.111,0.9912166165763665,0.9784297688178992,0.6359790144649562,1.07187
6.117,0.993972547855078,0.9812361916682686,0.6387229949612614,1.07481
6.121,0.9953505134944329,0.9838961051527307,0.6409154444940226,1.0775899999999998
6.126,0.9981064447731445,0.9864385366379531,0.6433494737050305,1.07986
6.13,0.9999437322922846,0.9889322642891939,0.6455054583806996,1.0825
6.135,1.002240341691211,0.9913414357346142,0.6477571633062373,1.08477
6.14,1.0054555948497068,0.9938193094419288,0.6503598424813042,1.08734
6.145,1.0082115261284175,0.9963977755673442,0.6532177756560271,1.0903
6.15,1.0105081355273429,0.9989659003318052,0.6557429670097692,1.0928499999999999
6.155,1.0128047449262692,1.0014802307465163,0.6582316935064183,1.09531
6.161,1.016019998084765,1.0040424286598209,0.6610668361454568,1.09779
6.166,1.0187759293634757,1.00668851214364,0.6635829112849256,1.1004399999999999
6.17,1.0215318606421873,1.009356359370686,0.6659576851031561,1.10257
6.176,1.0238284700411127,1.0119961564848892,0.6686697588495036,1.10488
6.181,1.0265844013198242,1.0146134609528696,0.6714000650243985,1.10704
6.185,1.0297996544783201,1.0173037329305399,0.6737155834498516,1.10927
6.191,1.033014907636816,1.0200980175161072,0.6766874693029923,1.11178
6.197,1.0353115170357414,1.0228847033007777,0.6796958200132259,1.1139299999999999
6.201,1.0371488045548825,1.0255287901524301,0.6819201762959448,1.11693
6.207,1.0408233795931636,1.0281950363327632,0.6846550405779768,1.11992
6.212,1.0435793108718743,1.0309700552646504,0.6873716724314605,1.12242
6.216,1.0458759202708006,1.0336957905444355,0.6896917489640506,1.12501
6.222,1.0463352421505858,1.036154497137735,0.6925223334959529,1.12815
6.227,1.050009817188867,1.0385355861197787,0.695175151849523,1.13096
6.232,1.0536843922271482,1.041172948779626,0.6978188539888199,1.13366
6.237,1.0559810016260736,1.0438793048927166,0.7000386521644018,1.13669
6.241,1.0573589672654293,1.0464134756128833,0.7025775178395541,1.13974
6.246,1.0605742204239252,1.04890057917434,0.7049477335506484,1.14205
6.251,1.0628708298228515,1.0514409445915887,0.707199438476187,1.14497
6.255,1.0637894735824212,1.0537965098625257,0.7095696541872814,1.14787
6.261,1.067004726740918,1.0560948925364755,0.7122270306479876,1.15031
6.265,1.0711386236589835,1.058665935187602,0.7146610598589955,1.1535
6.27,1.0725165892983393,1.0612736091486268,0.716953787748766,1.15601
6.275,1.07527252057705,1.063774151136787,0.7197615817449847,1.1583999999999999
6.28,1.0775691299759762,1.0662797905892882,0.7223551447057766,1.16074
6.285,1.0807843831344721,1.0688350194490486,0.7246843374526399,1.16295
6.291,1.083999636292968,1.0715210165174502,0.7276197584486876,1.16548
6.296,1.085836923812109,1.074175367511094,0.7304002038020858,1.16785
6.3,1.0885928550908197,1.076758840466479,0.7327248384418121,1.17018
6.306,1.0913487863695304,1.0793764819608853,0.7353047270811945,1.17239
6.31,1.0927267520088861,1.0818850166513683,0.7376111292923753,1.1750699999999998
6.315,1.0945640395280272,1.0842150577014167,0.7401044138961597,1.1776499999999999
6.321,1.0982386145663083,1.0866294788301785,0.7429623470708826,1.18065
6.326,1.1019131896045895,1.089293569660004,0.7455604681388115,1.1833200000000001
6.33,1.104209799003515,1.0920213583881744,0.74798082302841,1.1858
6.335,1.1055877646428707,1.0945727153575129,0.7504467589893746,1.18846
6.34,1.1092623396811518,1.0971191020041828,0.7530585543787147,1.19135
6.345,1.1115589490800772,1.0997525068499963,0.7553057011971172,1.1936900000000001
6.349,1.1133962365992183,1.1022736817565264,0.7575118250512887,1.1964299999999999
6.353,1.1156928459981437,1.1047048624325857,0.7596951583697766,1.19916
6.358,1.1184487772768552,1.1071548828769433,0.761901282223949,1.20159
6.362,1.1202860647959954,1.1095745085500244,0.7643717762920499,1.20445
6.367,1.1221233523151364,1.111878757687181,0.7665779001462223,1.20719
6.372,1.1257979273534175,1.1142724969607452,0.7694586238566288,1.20991
6.378,1.1285538586321282,1.1168289997860639,0.7724533002454521,1.2129400000000001
6.383,1.1308504680310545,1.1193795127590243,0.7749648172777848,1.21621
6.388,1.1326877555501946,1.1218342188573438,0.7774307532387494,1.21851
6.394,1.1359030087086905,1.124303103717795,0.7804482201632572,1.22071
6.399,1.1391182618671873,1.1269198638087627,0.7832332236237933,1.2231100000000001
6.405,1.1423335150256833,1.1296552011498027,0.7858176703703128,1.2258499999999999
6.41,1.1455487681841792,1.1324856224625501,0.7888533697233671,1.22818
6.416,1.1473860557033202,1.1352557834514072,0.7917113028980891,1.23091
6.42,1.1496826651022456,1.137886619504811,0.793981240252176,1.2335
6.426,1.153816562020312,1.1406332439891536,0.796798150462668,1.2358
6.432,1.1565724932990227,1.1435182180495898,0.7997563619943984,1.23824
6.436,1.1584097808181637,1.1462866215641219,0.802094670955535,1.24044
6.442,1.1616250339766596,1.1490070521150808,0.8051577189514099,1.24274
6.447,1.1643809652553703,1.1517800181807847,0.807687468412289,1.2449400000000002
6.452,1.1666775746542966,1.1545041073212814,0.8100531260162462,1.24755
6.456,1.168974184053222,1.1571435014586657,0.8122820404061013,1.2502
6.46,1.1712707934521482,1.1597149809052065,0.8144881642602737,1.2524600000000001
6.465,1.174026724730859,1.1622775032360133,0.816976890756921,1.25476
6.469,1.1749453684904294,1.1646963374369321,0.8191966889325037,1.2572999999999999
6.474,1.1781606216489253,1.16704545379837,0.8213845803581288,1.25997
6.478,1.180916552927636,1.1695206728015508,0.8236043785337106,1.26253
6.483,1.1832131623265623,1.1720060064197886,0.8262024996016404,1.2652999999999999
6.488,1.1850504498457024,1.1744084469113703,0.8286638774554689,1.26827
6.493,1.1891843467637688,1.1769264251291456,0.8315218106301909,1.27125
6.498,1.1923995999222647,1.179673555659385,0.8342293262694023,1.2736399999999999
6.503,1.19285892180205,1.182240422310046,0.836649681158999,1.27599
6.508,1.1956148530807615,1.1846172382216118,0.8391384076556481,1.2785600000000001
6.513,1.1992894281190427,1.1871601706489623,0.8419826665089607,1.28092
6.518,1.2006673937583976,1.189699801877442,0.8442571619701829,1.28346
6.523,1.2038826469168944,1.1921912840766022,0.84687351546666,1.28603
6.528,1.2057199344360345,1.1946896587230766,0.8495582405701878,1.2886199999999999
6.533,1.2093945094743157,1.1972390621263493,0.8519421306026915,1.29084
6.538,1.211691118873242,1.1998748860297754,0.8547225759560897,1.2934700000000001
6.543,1.2139877282721674,1.2024435025997995,0.8573662780953866,1.29644
6.548,1.2162843376710937,1.20495822738043,0.8600282126632299,1.29893
6.554,1.22041823458916,1.20761174529527,0.8630046566235077,1.30137
6.56,1.223633487747656,1.2104675615364118,0.8661770991906641,1.3037
6.565,1.2259300971465814,1.2133035879340095,0.8684652689732966,1.30656
6.569,1.2273080627859372,1.2159417378378379,0.8706668347203319,1.30911
6.574,1.230523315944433,1.2185122195662825,0.8730279342171521,1.31156
6.579,1.2328199253433585,1.2211194437381916,0.8756625201421748,1.3141
6.583,1.233738569102929,1.2235286212824164,0.8778686439963472,1.31663
6.588,1.2378724660209954,1.2259609979952522,0.880553369099875,1.3190499999999998
6.593,1.2410877191794913,1.228639486934724,0.8831514901678039,1.32213
6.598,1.2415470410592766,1.2311513117028101,0.8854077532004805,1.3249
6.602,1.2443029723379881,1.233483990979378,0.8877460621616171,1.32786
6.607,1.2479775473762693,1.2359915314023528,0.8899385116943783,1.33039
6.611,1.2498148348954095,1.2385482846002356,0.892158309869961,1.33293
6.615,1.2511928005347652,1.2409169908005604,0.8943644337241325,1.33527
6.62,1.2548673755730464,1.2433169146093526,0.8969716710063356,1.33761
6.625,1.2571639849719718,1.245832874765527,0.8995014204672147,1.34012
6.629,1.2585419506113276,1.2482143719857628,0.90170298621425,1.34254
6.634,1.262675847529394,1.2506700544612612,0.9039865978897463,1.3447900000000002
6.638,1.2640538131687498,1.2531852241377883,0.9065117892434875,1.34711
6.643,1.26589110068789,1.2555205856082792,0.9090780035614614,1.34945
6.648,1.2691063538463858,1.2578937711570242,0.9115165908796046,1.35178
6.653,1.2723216070048826,1.2604337924921072,0.9142149903045427,1.3542
6.659,1.2755368601633785,1.2631075950472672,0.9171914342648204,1.3566500000000001
6.665,1.2773741476825187,1.2657521675821313,0.9201131809394569,1.35975
6.669,1.2801300789612302,1.2683277994491335,0.9223147466864914,1.36219
6.673,1.2828860102399409,1.2709391533814196,0.9246348232190815,1.3645
6.678,1.2856419415186515,1.273579151896395,0.9271508983585504,1.36768
6.683,1.2879385509175778,1.2761966178623467,0.9295119978553714,1.37005
6.687,1.289775838436718,1.2787050118011878,0.9320508635305229,1.3724699999999999
6.692,1.2925317697154295,1.2811714456410512,0.934494008955804,1.37565
6.697,1.2939097353547844,1.2835587308984615,0.9369371543810852,1.37808
6.701,1.2971249885132812,1.2859280508785271,0.9391478363423946,1.38076
6.706,1.3007995635515623,1.2885104744009133,0.941768747946008,1.38328
6.712,1.301718207311132,1.291036270612758,0.9446859365135074,1.38612
6.716,1.3044741385898435,1.2934256551068049,0.9470014549389605,1.38833
6.721,1.3072300698685542,1.2958876621793016,0.9493215314715506,1.39053
6.725,1.3095266792674796,1.2983624014985269,0.951691747182644,1.39293
6.731,1.3118232886664059,1.3008018485858939,0.9543901466075821,1.39524
6.735,1.3145792199451165,1.303258497647616,0.9568287339257262,1.39754
6.74,1.3182537949833977,1.3058654461740595,0.9593083442081012,1.4
6.745,1.3200910825025387,1.308501912110195,0.9617970707047503,1.4028
6.75,1.322387691901464,1.311025541624379,0.9642447742371676,1.4051
6.754,1.3251436231801756,1.3135496943555225,0.9666696872339013,1.40755
6.76,1.3283588763386716,1.3161652704104543,0.9696917122655471,1.41
6.765,1.3311148076173822,1.3188541564192535,0.9724949481546288,1.41227
6.771,1.3329520951365232,1.3214653220931147,0.9753802299721714,1.41461
6.776,1.335708026415234,1.3240141658787228,0.9778188172903164,1.41716
6.78,1.339382601453515,1.3266950429244415,0.9803485667511946,1.41944
6.785,1.3407605670928708,1.329345288306835,0.9826230622124177,1.42169
6.789,1.3430571764917962,1.3318344653108642,0.9849294644235975,1.42423
6.794,1.3458131077705078,1.3343309914821169,0.9873634936346054,1.42732
6.799,1.3485690390492184,1.3368789126418263,0.9897929647384762,1.42961
6.803,1.349487682808789,1.3392860385484588,0.9919808561641013,1.43208
6.807,1.3527029359672849,1.3416257663372828,0.9942097705539563,1.43514
6.811,1.3540809016066397,1.3439569512366747,0.9964523592652217,1.4376
6.816,1.3568368328853513,1.3462357839332315,0.998699506083625,1.44011
6.821,1.3600520860438472,1.3486546443178828,1.0011517677231794,1.4429
6.825,1.3623486954427726,1.3511402873302127,1.0035493320770934,1.4451399999999999
6.831,1.3646453048416989,1.3535884778017118,1.0065759152158753,1.44742
6.835,1.3674012361204095,1.356052137952736,1.0089324566055584,1.44971
6.84,1.3706164892789054,1.3586192066019631,1.0111932777453703,1.45228
6.846,1.3738317424374022,1.3613146976854984,1.0144432081338515,1.45457
6.85,1.3756690299565424,1.3639766616796616,1.0167359360236201,1.4567700000000001
6.855,1.3779656393554687,1.3665207374145718,1.0191790814489021,1.45933
6.861,1.3825588581533195,1.3692432929710474,1.0222785943018708,1.46243
6.865,1.3843961456724605,1.3720634649076193,1.0248220180841594,1.46463
6.87,1.3857741113118163,1.3746433996520497,1.0274383715806366,1.46714
6.875,1.3889893644703122,1.377167200178444,1.0298860751130539,1.4693
6.881,1.3917452957490228,1.3797824938096699,1.0326893110021365,1.47241
6.885,1.3935825832681639,1.3823346476954954,1.0349136672848553,1.4754399999999999
6.889,1.3958791926670893,1.3847906695985954,1.0371197911390277,1.47809
6.894,1.3986351239458,1.3872606095682214,1.0394900068501203,1.48077
6.898,1.4000130895851557,1.3896507062986836,1.0417462698827968,1.4837799999999999
6.902,1.402309698984082,1.3919312769549947,1.0440070910226087,1.48617
6.907,1.4055249521425779,1.3943060290788198,1.0465368404834878,1.48931
6.912,1.4096588490606443,1.3969383103790705,1.049362866908253,1.4916399999999999
6.917,1.4096588490606443,1.399458584344025,1.0516647110122967,1.49411
6.922,1.4128741022191402,1.4017980388088815,1.0541306469732614,1.49681
6.927,1.4160893553776361,1.4043110120767837,1.0566603964341406,1.4993699999999999
6.931,1.417467321016992,1.406781117959932,1.0589759148595936,1.50231
6.936,1.4202232522957026,1.4091713477320753,1.0613780373206438,1.5045600000000001
6.94,1.4238978273339837,1.4117250363806981,1.0639351354243436,1.50693
6.945,1.4248164710935542,1.414227790854585,1.0662916768140276,1.50926
6.949,1.4266537586126953,1.416507695016335,1.0685205912038827,1.51196
6.954,1.4307876555307608,1.4189274145806856,1.0711050379504021,1.51411
6.96,1.4340029086892576,1.4215957540863686,1.0743139453746515,1.51671
6.965,1.4344622305690429,1.42409944029099,1.076520069228824,1.5190000000000001
6.969,1.438136805607324,1.4265165972379066,1.0789951214040618,1.52115
6.976,1.4408927368860347,1.4290918780783093,1.0821675639712183,1.52417
6.98,1.4441079900445306,1.4317484524165653,1.0845696864322685,1.52688
6.985,1.4454859556838864,1.434333708213398,1.0870994358931485,1.5299800000000001
6.99,1.448241886962597,1.4368162736665275,1.0898798812465467,1.53277
6.995,1.4519164620008782,1.4394440038642093,1.0921498186006326,1.53513
6.999,1.453294427640234,1.442051632189857,1.0944516627046754,1.53783
7.004,1.4551317151593741,1.4444611338143132,1.0966988095230779,1.54075
7.009,1.458346968317871,1.4468937703985454,1.0992513495196405,1.54303
7.013,1.4615622214763668,1.449481463952143,1.1015121706594524,1.54553
7.017,1.4624808652359373,1.4519659841781747,1.1037502012635825,1.54846
7.022,1.4661554402742185,1.4544132743169325,1.1063665547600587,1.55098
7.028,1.4698300153124997,1.457103721939605,1.1094706257201636,1.55379
7.032,1.470289337192285,1.4596706379455255,1.1117496792885229,1.5566
7.037,1.4725859465912103,1.4620019915488238,1.1141472436424378,1.55963
7.041,1.4762605216294915,1.464462967064393,1.1163579256037464,1.5618699999999999
7.047,1.4794757747879874,1.4671188867451008,1.119448322242441,1.56426
7.053,1.482231706066699,1.469840123244146,1.122556951309683,1.56688
7.058,1.484068993585839,1.4724772299235325,1.1250821426634259,1.56931
7.063,1.487284246744336,1.4750923770027402,1.1277714258740899,1.5716299999999999
7.069,1.490958821782617,1.47787192279711,1.130839031977101,1.5742
7.074,1.4937147530613277,1.480737793703461,1.1332593868666994,1.57713
7.08,1.4964706843400384,1.4835818826720975,1.1364956429337685,1.57979
7.084,1.4978486499793942,1.4862719996241005,1.1387792546092648,1.5824
7.089,1.5015232250176753,1.4889296542438242,1.141226958141683,1.58506
7.094,1.5047384781761712,1.4917432857146395,1.1439891710665346,1.58755
7.099,1.5065757656953123,1.494499983371751,1.1465736178130541,1.5903
7.104,1.5088723750942377,1.4971200235342559,1.149472573952008,1.59333
7.109,1.513006272012304,1.4998579910782146,1.151778976163187,1.5956000000000001
7.113,1.5143842376516599,1.5025995177114653,1.154226679695605,1.59848
7.118,1.5153028814112304,1.5050253850899757,1.1565057332639652,1.6013
7.123,1.5194367783292968,1.507471144941062,1.1592086907960386,1.60364
7.127,1.5221927096080075,1.5101148635814323,1.161496860578671,1.6061
7.132,1.5235706752473632,1.5126443088479955,1.1640311681466873,1.60931
7.137,1.5277045721654297,1.5152186269626458,1.1663512446792765,1.61182
7.141,1.530001181564355,1.5179199312014429,1.1686622049975934,1.61498
7.147,1.5318384690834952,1.5204955528417055,1.171716136779195,1.61751
7.152,1.5341350784824215,1.5229703929185914,1.1745056983468674,1.61998
7.158,1.5373503316409174,1.5255009245707691,1.177596094985562,1.6222699999999999
7.163,1.541943550438769,1.528303623254157,1.180371982231824,1.62462
7.168,1.5442401598376945,1.5312335617369615,1.182897173585566,1.627
7.173,1.5460774473568355,1.5339925191517962,1.1857095256889219,1.62927
7.178,1.5488333786355462,1.5366598732394126,1.1885674588636448,1.6316
7.183,1.5515893099142577,1.5393447768030528,1.1909741394318312,1.63477
7.188,1.5552638849525389,1.542134756598895,1.1935130051069835,1.63704
7.193,1.5575604943514643,1.5449634923710875,1.1964621004244416,1.63947
7.198,1.560316425630175,1.5477323017693965,1.1991058025637376,1.64211
7.203,1.562153713149316,1.5504075559029098,1.2019227127742305,1.64462
7.209,1.5662876100673824,1.553144296190097,1.2048262270203205,1.64714
7.215,1.5699621851056635,1.5561123481432322,1.2079029493376057,1.6495
7.219,1.5713401507450193,1.5589928715153354,1.210223025870195,1.65214
7.223,1.5731774382641595,1.5616212004853451,1.2125886834741522,1.65476
7.228,1.5773113351822259,1.56432031272064,1.2152961991133635,1.65753
7.233,1.579148622701367,1.567076184190861,1.2177211121100973,1.66033
7.237,1.580985910220507,1.569650059970924,1.220100444035464,1.66332
7.242,1.5842011633790039,1.5722145038584263,1.2227350299604876,1.66564
7.248,1.5874164165374998,1.5749078902147104,1.2257661712064056,1.66841
7.253,1.5897130259364252,1.5776136683685105,1.2283734084886095,1.67111
7.258,1.5924689572151358,1.5802838812932007,1.231039901163589,1.67368
7.263,1.5952248884938474,1.5829710772829457,1.2337975559813046,1.67599
7.268,1.5984401416523433,1.5857173934299147,1.2363956770492335,1.67846
7.273,1.6007367510512687,1.5884656145878904,1.239112308902719,1.68083
7.279,1.603033360450195,1.5911243595540874,1.2421981474342774,1.68315
7.283,1.6067079354884761,1.5938478615751055,1.2446412928595576,1.68563
7.289,1.6103825105267573,1.5967597962265478,1.2475949462841527,1.68873
7.294,1.6126791199256827,1.5996863243833035,1.250548599708746,1.69117
7.298,1.6135977636852532,1.6023515433776614,1.2529233735269756,1.69349
7.303,1.6168130168437491,1.6048982292114415,1.2554941459520856,1.69678
7.309,1.6204875918820312,1.6076228777374117,1.25875319255484,1.6997499999999999
7.314,1.623702845040527,1.6104902298560095,1.261310290658538,1.70229
7.32,1.6264587763192377,1.613381008454658,1.2645966859041131,1.70501
7.325,1.6292147075979484,1.616245070245301,1.2671218772578552,1.70762
7.33,1.63197063887666,1.619087708531731,1.2697974861471089,1.70996
7.334,1.6347265701553706,1.6219131678747527,1.2721403532153825,1.71225
7.339,1.6361045357947264,1.6245883462209623,1.2745607081049801,1.71495
7.343,1.6393197889532223,1.6271885200814604,1.2770266440659448,1.71737
7.348,1.642075720231933,1.629865055476471,1.2794150922055856,1.71998
7.352,1.6429943639915034,1.6323753137487398,1.2817306106310387,1.72223
7.358,1.6466689390297846,1.634843242548444,1.2849440761624251,1.72533
7.362,1.6498841921882805,1.6375047378844447,1.2872823851235626,1.72765
7.367,1.6521808015872068,1.640184943469573,1.2898030183701676,1.73066
7.372,1.6535587672265617,1.6426981447705686,1.2924467205094645,1.73292
7.377,1.6576926641446281,1.6452594372773428,1.294985586184617,1.73519
7.382,1.6599892735435544,1.6479502966244763,1.2976247302167767,1.7376
7.386,1.6618265610626946,1.6505175427813912,1.3000040621421443,1.74018
7.391,1.6655011361009757,1.6531221724337646,1.302720693995628,1.74254
7.396,1.6687163892594725,1.655893284580745,1.3054418839562496,1.74484
7.401,1.671012998658398,1.6586613889976265,1.3082177712025116,1.74711
7.406,1.6723909642977537,1.661245074055215,1.3110164489844571,1.74957
7.412,1.6769841830956054,1.663908387513738,1.3140521483375114,1.75218
7.416,1.679740114374316,1.6667720585431958,1.3163995735129213,1.75448
7.421,1.682955367532812,1.6696598853734783,1.3192757391161907,1.75684
7.427,1.6838740112923825,1.672385074564016,1.322028835826769,1.75933
7.431,1.6870892644508784,1.6749798489175873,1.3245677015019215,1.76165
7.436,1.6907638394891595,1.6777430583601962,1.3269515915344252,1.76391
7.44,1.6921418051285153,1.6804593239217707,1.3295405963880818,1.76641
7.445,1.694897736407226,1.6830469426524601,1.3318697891349451,1.76904
7.449,1.6976536676859366,1.6856679085348207,1.3342536791674489,1.77141
7.454,1.6994909552050776,1.6882246108493382,1.336824451592558,1.774
7.459,1.701787564604003,1.6906842800175315,1.3398601509456132,1.77693
7.464,1.7059214615220695,1.6932936502877587,1.3423579936565346,1.77937
7.468,1.7077587490412105,1.6959775600413578,1.3448011390818158,1.78173
7.475,1.7105146803199212,1.6985847353873242,1.348092092434527,1.78432
7.48,1.713729933478417,1.701266885089006,1.3511277917875821,1.78665
7.485,1.715567220997558,1.7039181509806753,1.3536575412484604,1.78893
7.49,1.7192417960358393,1.706590153843993,1.3564516609232697,1.79119
7.495,1.7233756929539057,1.7095062945630939,1.3592138738481205,1.79352
7.5,1.7242943367134762,1.7123451916847552,1.3616479030591284,1.7956699999999999
7.504,1.7265909461124016,1.714940141661603,1.363981653913128,1.79828
7.509,1.730724843030468,1.7176579900469398,1.3668259127664415,1.80061
7.514,1.7321028086698238,1.7203833836571356,1.3693146392630897,1.80279
7.519,1.733940096188964,1.7228873181595452,1.3720039224737537,1.80517
7.523,1.7371553493474607,1.7253956779798125,1.3743194408992068,1.8074
7.529,1.740829924385742,1.7280895938856358,1.3775420226448665,1.80967
7.534,1.7422078900250968,1.7307502947863058,1.3799669356416011,1.81186
7.539,1.7449638213038083,1.7332933576798328,1.382988960673246,1.8142
7.544,1.7486383963420895,1.7359695991805482,1.3853318277415188,1.81634
7.548,1.7504756838612296,1.7386616293265234,1.3877293920954328,1.81863
7.553,1.7518536495005854,1.7411388105462744,1.3902090023778086,1.82095
7.558,1.754609580779296,1.743534713844367,1.392788891017191,1.82353
7.562,1.7587434776973625,1.746138453828871,1.3952320364424722,1.82601
7.567,1.7592027995771478,1.7486813431498887,1.397579461617883,1.82842
7.571,1.7619587308558593,1.7510389322727407,1.3998357246505586,1.83057
7.576,1.7656333058941405,1.753566447244947,1.4024475200398987,1.83324
7.581,1.76655194965371,1.7560482137375275,1.4050684316435111,1.83606
7.585,1.769767202812207,1.758447793845057,1.4073611595332807,1.83868
7.59,1.7729824559707028,1.761008980281196,1.4098817927798866,1.84124
7.595,1.7743604216100577,1.7635177470332866,1.412379635490808,1.84421
7.599,1.776657031008984,1.7658934760523712,1.4146678052734414,1.8465
7.603,1.77987228416748,1.7683445331593883,1.4170197885559874,1.84883
7.608,1.7830875373259758,1.770946997644731,1.4195905609810966,1.85096
7.613,1.7840061810855463,1.7734433622916383,1.42221147258471,1.85325
7.618,1.786762112364257,1.7758091463894363,1.4246591761171281,1.85544
7.623,1.790436687402539,1.7783432326960718,1.4272846458278785,1.85812
7.628,1.7927332968014644,1.7809667742233894,1.430334019502344,1.86083
7.633,1.7941112624408202,1.7834345381098184,1.4326540960349332,1.86326
7.638,1.797326515599316,1.7858683917814648,1.435083567138805,1.86541
7.642,1.800541768757812,1.7884570612853832,1.4376816882067338,1.86768
7.647,1.8019197343971678,1.790987865985205,1.4400610201321014,1.87002
7.651,1.8046756656758784,1.7934267685387097,1.442321841271914,1.87251
7.656,1.8083502407141596,1.7960194866079262,1.444714847518691,1.87488
7.66,1.8092688844737301,1.7985535377455597,1.4470030173013244,1.8774899999999999
7.664,1.8120248157524408,1.8009495416470365,1.4492775127625466,1.87978
7.669,1.8147807470311514,1.8034168566478956,1.4519303311161167,1.88216
7.674,1.8161587126705072,1.8058048484850853,1.45421850089875,1.88479
7.678,1.8184553220694335,1.8080837312829559,1.4564246247529216,1.88731
7.682,1.8216705752279294,1.8104571299575813,1.4587857242497426,1.88966
7.687,1.8225892189875,1.8127698127679464,1.461028312961008,1.89195
7.691,1.8258044721459958,1.8150338091269385,1.4632389949223157,1.89451
7.695,1.8281010815449212,1.817395270758562,1.4655043741692655,1.89679
7.7,1.8299383690640623,1.8196983815687469,1.4678062182733083,1.89929
7.704,1.8331536222225582,1.8220457061629645,1.4700579231988478,1.90232
7.708,1.8354502316214836,1.8244739865102841,1.47233241866007,1.90456
7.713,1.8372875191406246,1.8268306774875658,1.4746844019426169,1.90685
7.718,1.8400434504193353,1.8291754647207141,1.4772688486891363,1.90927
7.722,1.8432587035778312,1.8316472123100143,1.4798441792213826,1.91147
7.727,1.8441773473374017,1.834038758523053,1.4822417435752966,1.91406
7.731,1.8473926004958976,1.83636599336619,1.484484332286562,1.91658
7.736,1.8501485317746091,1.8388236661565365,1.4872556614256869,1.91917
7.742,1.8529044630533198,1.8413404318140854,1.4900725716361798,1.92166
7.747,1.8547417505724608,1.8438135787145424,1.4926934832397931,1.92404
7.752,1.8579570037309567,1.8462972507682167,1.4953143948434056,1.92638
7.757,1.8611722568894526,1.8489258683197107,1.4982862806965471,1.9288
7.762,1.863468866288378,1.8515797100759432,1.5006428220862302,1.93121
7.766,1.865306153807519,1.8541172728023199,1.502944666190273,1.93385
7.771,1.8680620850862297,1.8566070963241592,1.5051872549015384,1.93628
7.775,1.870358694485156,1.8591041409210047,1.5074298436128046,1.93878
7.779,1.8721959820042962,1.8615159721376866,1.5096906647526165,1.94111
7.784,1.875411235162792,1.863950476760528,1.5123981803918278,1.94358
7.789,1.8786264883212889,1.8665396682450537,1.515137602780996,1.94596
7.794,1.8800044539606438,1.8690708915073675,1.5175533995634565,1.94889
7.798,1.8832197071191406,1.8715556315800526,1.5197914301675857,1.9516499999999999
7.803,1.885516316518066,1.8740941017779456,1.5221479715572688,1.95464
7.807,1.887353604037207,1.876539151092328,1.524427025125628,1.95693
7.812,1.8896502134361324,1.8789092886623482,1.5269294259436874,1.95983
7.817,1.8928654665946283,1.8813558621337243,1.5294227105474727,1.96234
7.821,1.8947027541137693,1.8838182256549663,1.5320299478296748,1.96491
7.826,1.8969993635126947,1.8862022470311481,1.5342543041123946,1.96719
7.83,1.9006739385509759,1.8887054554457239,1.5367339143947687,1.96957
7.835,1.902511226070117,1.8912587349202423,1.5393685003197923,1.97218
7.84,1.904348513589257,1.8936701575183008,1.541880017352125,1.97501
7.845,1.9075637667477539,1.8961043344806372,1.5443368370988155,1.97748
7.849,1.9107790199062498,1.8986932632228395,1.5466660298456798,1.97996
7.854,1.9116976636658203,1.9011787739140598,1.5491456401280548,1.98267
7.858,1.914453594944531,1.9035358545108503,1.5514383680178234,1.98579
7.863,1.9176688481030268,1.9060174598244612,1.5539635593715664,1.98795
7.869,1.9199654575019522,1.9085534163416695,1.5570174911531671,1.99064
7.873,1.9222620669008785,1.9110419518867086,1.5592783122929799,1.99323
7.877,1.9254773200593744,1.9135834655738517,1.5615300172185194,1.99572
7.882,1.9273146075785155,1.9161219591519507,1.5639640464295272,1.9984
7.886,1.9296112169774409,1.9185670272143045,1.5662157513550659,2.00141
7.891,1.9323671482561515,1.9210281835877268,1.5688093143158595,2.00379
7.896,1.9342044357752926,1.9234567388688355,1.571357296205285,2.00617
7.901,1.9369603670540032,1.9258591521932258,1.5739098362018478,2.00841
7.906,1.9406349420922844,1.9284226105112958,1.576352981627128,2.01072
7.91,1.9429315514912107,1.9310697046804781,1.5788690567665968,2.01291
7.915,1.9447688390103508,1.9336018566946331,1.5812028076205973,2.01504
7.919,1.947065448409277,1.9360418396239933,1.583627720617332,2.01733
7.924,1.9498213796879877,1.9384989183632877,1.5859933782212892,2.01959
7.929,1.9525773109666984,1.9410152076669538,1.588764707360414,2.02185
7.934,1.9548739203656247,1.9435334744767356,1.5911759460357375,2.02406
7.938,1.9580891735241206,1.946098828881503,1.5937558346751208,2.02672
7.943,1.9594671391634764,1.9486109378177896,1.5960394463506171,2.02914
7.947,1.9613044266826165,1.9509438449613479,1.5984005458474373,2.03141
7.952,1.9649790017208977,1.9533605643349585,1.600871039915539,2.03392
7.957,1.9681942548793945,1.9559809961818087,1.6037973446973126,2.03658
7.963,1.9704908642783199,1.958628274037223,1.606586906264984,2.03881
7.968,1.9727874736772453,1.961206075229475,1.6095587921181247,2.04149
7.973,1.9764620487155264,1.963864670571455,1.6118469619007572,2.04366
7.978,1.9787586581144527,1.966588052612757,1.6148735450395382,2.04623
7.983,1.9810552675133781,1.9692268797459327,1.617394178286144,2.0492
7.988,1.9833518769123044,1.9717979045267422,1.6199239277470232,2.05148
7.992,1.9856484863112298,1.974314560388133,1.6221665164582886,2.05382
7.997,1.989323061349511,1.9769241249007914,1.6245731970264758,2.05608
8.002,1.9907010269888668,1.9795171866423789,1.6272852707728243,2.05908
8.007,1.9929976363877921,1.981960509591931,1.6300520418048121,2.06125
8.012,1.9966722114260733,1.9845112703752883,1.6326000236942386,2.06399
8.017,1.9994281427047849,1.9871936846109792,1.6351388893693901,2.06666
8.022,2.0008061083441397,1.9897541588556007,1.6378509631157376,2.06917
8.028,2.0035620396228513,1.9922168526351345,1.6409048948973393,2.07195
8.032,2.006317970901562,1.9947376444915834,1.6430791120015549,2.0742599999999998
8.037,2.009992545939843,1.997396027434623,1.6457456046765353,2.07651
8.042,2.013207799098339,2.0002102429287105,1.6484895851728396,2.07894
8.047,2.0141264428579095,2.0028764051287937,1.6509600792409405,2.08119
8.052,2.0173416960164055,2.0054238472943866,1.6536949435229724,2.08383
8.058,2.0210162710546866,2.008149102302904,1.6566713874832502,2.08671
8.063,2.0223942366940424,2.0108349332040762,1.6591327653370778,2.08954
8.067,2.025150167972753,2.0133981471827003,1.6614756324053506,2.09164
8.072,2.02836542113125,2.0160450454225205,1.6638731967592646,2.0934
8.076,2.0292840648908195,2.018577040326084,1.6660975530419844,2.09455
8.08,2.0315806742897458,2.0209258935027035,1.6682808863604723,2.09524
8.084,2.0347959274482417,2.0233553995799656,1.6705280331788748,2.09557
8.089,2.0361738930875974,2.0257585753227327,1.6727842962115504,2.09539
8.093,2.038470502486523,2.028049633694311,1.6749630714229014,2.09473
8.097,2.0412264337652335,2.030387293755654,1.6772147763484409,2.09365
8.102,2.0430637212843745,2.032716820598875,1.6794710393811174,2.0918
8.107,2.0453603306833,2.0349943237438866,1.6820919509847307,2.0893
8.112,2.0494942276013663,2.0374576198811436,1.6846581653027028,2.087
8.116,2.050412871360937,2.0399333928674266,1.6869144283353785,2.08393
8.121,2.052250158880078,2.0421916612853686,1.689366689974933,2.08138
8.126,2.055924733918359,2.044548529832025,1.692060531292734,2.07902
8.13,2.059139987076855,2.0471209688781205,1.6943623753967776,2.07607
8.136,2.060977274595996,2.0496842606865195,1.6971245883216284,2.07333
8.14,2.0632738839949214,2.052149213796189,1.6993443864972102,2.07118
8.145,2.0664891371534173,2.0546718173499285,1.7019333913508667,2.06858
8.15,2.0697043903119132,2.057331653045278,1.704973648811058,2.06622
8.155,2.0706230340714837,2.059874022153461,1.7072709348079647,2.06391
8.159,2.0738382872299796,2.0623221979012487,1.7096229180905116,2.06163
8.164,2.0756755747491207,2.064785846245717,1.7120022500158782,2.05868
8.17,2.0784315060278313,2.0672163997727315,1.7149194385833786,2.05591
8.174,2.079809471667187,2.0695749135529007,1.7171027719018666,2.05359
8.179,2.0839433685852535,2.072012166213542,1.7198194037553511,2.05097
8.184,2.086699299863964,2.0746490631621035,1.722590732894476,2.04822
8.189,2.088536587383105,2.077218540178741,1.7250566688554416,2.04524
8.195,2.091292518661816,2.079733954928834,1.7278644628516604,2.0428
8.199,2.0940484499405265,2.0822970223421033,1.7301435164200196,2.03965
8.204,2.096345059339453,2.0848527992851302,1.7324225699883788,2.03724
8.208,2.0977230249788077,2.0872662245373643,1.7347699951637887,2.03478
8.213,2.101856921896874,2.0897475092602527,1.7371128622320624,2.03224
8.218,2.1041535312958004,2.092374212474108,1.739834052192684,2.02992
8.223,2.105531496935156,2.0948445116336445,1.7427147759030897,2.02735
8.229,2.1073687844542963,2.0971438926191315,1.745335687506703,2.02471
8.234,2.1046128531755857,2.098896701860887,1.7476147410750622,2.02175
8.239,2.1009382781373045,2.0996652070069555,1.7496339825366292,2.01938
8.243,2.100019634377734,2.099826432180003,1.751224761927344,2.01658
8.248,2.0977230249788077,2.0996372012025075,1.7525329386755812,2.01414
8.252,2.094967093700097,2.098984941134432,1.7536770235668984,2.01179
8.258,2.091292518661816,2.0978248845869905,1.7548302246724878,2.00935
8.262,2.0903738749022454,2.0964396469656106,1.755595986671457,2.00631
8.267,2.08807726550332,2.095010348230575,1.756229563563461,2.00365
8.273,2.0839433685852535,2.093227204855095,1.7567172810270897,2.00117
8.278,2.0802687935469724,2.0910238171332356,1.756899605312558,1.9983
8.283,2.0784315060278313,2.088710955970377,1.756895047205421,1.9954399999999999
8.289,2.076134896628906,2.086446816595221,1.7567400715627723,1.99264
8.294,2.0738382872299796,2.0841762440526024,1.756475701348843,1.98941
8.298,2.0701637121916985,2.0817640072676964,1.7560882622422227,1.98644
8.304,2.067867102792773,2.079238173660487,1.7554455691359454,1.98318
8.309,2.065570493393847,2.076757755410185,1.754752736851164,1.98047
8.313,2.0632738839949214,2.0743137545376564,1.7540735788877928,1.97778
8.318,2.059139987076855,2.071716948260782,1.7531528412461759,1.97518
8.323,2.0586806651970697,2.0691796188971727,1.7522776846759252,1.97264
8.327,2.055465412038574,2.0667809862726845,1.7513341564986247,1.97037
8.331,2.052709480759863,2.064266061483174,1.7502766756429065,1.96793
8.337,2.0499535494811516,2.0617033869563826,1.7487907327163361,1.96508
8.342,2.0481162619620115,2.059193426943617,1.7474141843610465,1.96209
8.347,2.0453603306833,2.0567257373103476,1.7462017278626796,1.9596
8.352,2.0430637212843745,2.0542464412954033,1.7447249011503825,1.95715
8.357,2.040307790005664,2.051757838428883,1.743106773116847,1.95449
8.362,2.0380111806067376,2.049261772643367,1.741342785654937,1.95207
8.367,2.0347959274482417,2.0467142206548465,1.73978391301418,1.94979
8.373,2.0306620305301752,2.043943375697269,1.7376689513027426,1.9470399999999999
8.378,2.0292840648908195,2.0411754855325275,1.7359733354478823,1.9443
8.382,2.026528133612109,2.0385464703931344,1.7343324168786634,1.94168
8.387,2.023772202333398,2.035892309821644,1.7324499186311986,1.93859
8.391,2.0210162710546866,2.0332179857908677,1.7307770933120228,1.93605
8.396,2.018719661655761,2.03057299509845,1.7288398977789177,1.93354
8.401,2.0155044084972653,2.0279060241520286,1.7267659590317113,1.93048
8.407,2.0127484772185538,2.0251759259342657,1.7243820689992067,1.92784
8.411,2.009992545939843,2.0224407095062937,1.7224858964303316,1.92506
8.416,2.008155258420703,2.019792392690345,1.7203025631118436,1.92189
8.421,2.0053993271419914,2.017213758383022,1.7183197865073705,1.91883
8.425,2.0021840739834955,2.014554494988024,1.7163370099028983,1.91644
8.43,2.0003467864643554,2.0119215810225115,1.7143223265484684,1.91317
8.435,1.9975908551856438,2.0093552978550084,1.711824483837547,1.91042
8.44,1.9934569582675774,2.006614934743617,1.7095271978406403,1.90791
8.445,1.9916196707484373,2.003825985283029,1.7073393064150153,1.90507
8.45,1.9884044175899414,2.00108907947942,1.7048733704540506,1.90211
8.455,1.986107808191015,1.9983484042277733,1.7023345047788982,1.89937
8.46,1.982433233152734,1.995559204470141,1.6997865228894726,1.89663
8.466,1.9787586581144527,1.9925945885351837,1.6968465437862887,1.89391
8.472,1.9769213705953117,1.9896713185305512,1.694207399754129,1.8915
8.478,1.9732467955570305,1.9867812027377667,1.6912355139009883,1.88875
8.483,1.9718688299176756,1.9839631743186266,1.6887604617257495,1.88617
8.488,1.9677349329996092,1.9811574489795871,1.6862899676576477,1.88336
8.492,1.964060357961328,1.9781340797314855,1.6838513803395037,1.88093
8.497,1.9626823923219723,1.9752091988784457,1.6814948389498197,1.87764
8.501,1.960385782923046,1.9724997989285735,1.6792932732027843,1.87481
8.506,1.9576298516443353,1.969826681781066,1.676927615598828,1.87234
8.511,1.9548739203656247,1.9671371569715852,1.6743158202094879,1.86989
8.516,1.9525773109666984,1.9644799771753445,1.6715763978203206,1.86702
8.521,1.950280701567773,1.9618942358777107,1.6692107402163634,1.86432
8.526,1.9461468046497066,1.9591837716895395,1.6667721528982185,1.86162
8.531,1.9443095171305655,1.9564187973874898,1.6642515196516126,1.85841
8.535,1.9420129077316401,1.9537921204015412,1.6620134890474842,1.85562
8.539,1.938338332693359,1.9510943328487265,1.6597253192648518,1.85276
8.544,1.9369603670540032,1.9484305273763722,1.657081617125554,1.85006
8.549,1.933285792015722,1.945793971238735,1.654515402807582,1.84729
8.554,1.9305298607370114,1.9430427599695994,1.6519583047038822,1.8446
8.559,1.9268552856987302,1.940199609772272,1.6489317215651011,1.84186
8.564,1.9254773200593744,1.9374192418263423,1.646356391032855,1.83926
8.569,1.9222620669008785,1.9347347191981195,1.6439725010003512,1.8367
8.574,1.9195061356221679,1.931990546749298,1.640895778683066,1.83423
8.579,1.9172095262232416,1.9292895464513182,1.6383204481508198,1.8316
8.584,1.914453594944531,1.9266231647632885,1.6356995365472065,1.82905
8.59,1.9121569855456046,1.923984542826198,1.6326045818013748,1.8267
8.595,1.9084824105073235,1.921277176931874,1.6297329743052416,1.82396
8.6,1.9052671573488276,1.9184236833001065,1.6272852707728243,1.82128
8.606,1.9015925823105464,1.9154530136869063,1.6240581309200275,1.8189
8.611,1.899295972911621,1.9124793875122876,1.6213369409594058,1.81638
8.615,1.8979180072722652,1.9097308999737332,1.6187935171771164,1.8136
8.621,1.8928654665946283,1.9068899338641747,1.6160540947879483,1.81109
8.626,1.8901095353159176,1.9038383059709707,1.6130092792206208,1.80852
8.631,1.8896502134361324,1.9010727727949812,1.6103063216885465,1.80598
8.636,1.8859756383978512,1.8984456476627494,1.6076489452278402,1.80318
8.641,1.88230106335957,1.8956109950983946,1.6050052430885424,1.80036
8.645,1.8795451320808585,1.8927009355255415,1.6025256328061674,1.79734
8.65,1.877248522681933,1.8898669147147868,1.5998500239169138,1.79467
8.655,1.8749519132830077,1.8871393692682918,1.5971926474562066,1.79144
8.66,1.870358694485156,1.8842696941854742,1.5942617845672968,1.78883
8.665,1.8689807288458002,1.88137705286304,1.5918186391420148,1.78604
8.671,1.8666841194468748,1.8786935049430817,1.5886370803605852,1.78349
8.676,1.8630095444085937,1.8759501140871289,1.5857563566501796,1.78088
8.68,1.8602536131298821,1.8731132348730244,1.583249397724984,1.77807
8.685,1.8579570037309567,1.8703378954632681,1.5808882982281638,1.77517
8.69,1.8552010724522452,1.8676119032007257,1.5779437610178437,1.77224
8.695,1.8524451411735345,1.864879979230032,1.5752134548429488,1.76963
8.7,1.8478519223756829,1.8619612912391068,1.5724694743466445,1.76694
8.706,1.8455553129767575,1.8589383439875073,1.5692286601724375,1.76448
8.711,1.8441773473374017,1.8561503071771883,1.5664892377832693,1.76197
8.716,1.8400434504193353,1.853368631318828,1.56365409514423,1.75936
8.721,1.8372875191406246,1.8504555504853522,1.5607961619695079,1.75621
8.726,1.834531587861914,1.847573605120381,1.5581023206517068,1.75294
8.731,1.832694300342773,1.8448076302369205,1.55541759554818,1.75031
8.736,1.8290197253044918,1.8420436452562619,1.5526371501947809,1.74723
8.741,1.826263794025781,1.839190252156318,1.5499660994126634,1.7442
8.745,1.8239671846268548,1.8364016706967334,1.5474636985946049,1.74175
8.75,1.8216705752279294,1.8337105618683796,1.5450387855978711,1.73888
8.754,1.8179960001896482,1.8309611081192532,1.5423495023872071,1.73635
8.759,1.8152400689109367,1.8281193672309015,1.5398106367120539,1.73366
8.763,1.8138621032715818,1.8254311331425948,1.5373720493939098,1.73071
8.768,1.8097282063535154,1.822729486456697,1.5346098364690581,1.72784
8.773,1.8078909188343744,1.8199715826773335,1.5319251113655312,1.72464
8.777,1.805594309435449,1.817350575357182,1.5295138726902069,1.72123
8.782,1.802379056276953,1.8147028360448942,1.5269385421579607,1.71829
8.787,1.7991638031184563,1.8119426572827408,1.5241261900546048,1.71545
8.791,1.7982451593588866,1.8093198257138476,1.521692160843597,1.71291
8.796,1.795489228080175,1.8068526311243682,1.5191669694898549,1.71044
8.8,1.7922739749216792,1.8042827283020944,1.5165460578862415,1.70787
8.805,1.7895180436429685,1.8016304664548375,1.5137154733543392,1.70524
8.81,1.7876807561238275,1.7990486687308807,1.5110489806793597,1.70221
8.816,1.7840061810855463,1.796432370560405,1.5080223975405778,1.69977
8.82,1.7803316060472651,1.7936063998513359,1.5053376724370509,1.69687
8.826,1.7780349966483397,1.7907488039143735,1.5021150906913903,1.69429
8.831,1.774819743489843,1.7879113504256015,1.499539760159145,1.69142
8.836,1.7720638122111323,1.7850445467502265,1.496727408055789,1.68845
8.84,1.7693078809324216,1.782199709818693,1.494070031595082,1.68601
8.845,1.7679299152930659,1.7795089930949555,1.4914855848485624,1.68291
8.85,1.76471466213457,1.7768963594190341,1.488727930030847,1.6801599999999999
8.855,1.7605807652165035,1.7740733271715694,1.4858699968561249,1.67755
8.86,1.7569061901782224,1.771036079969728,1.4828662042530274,1.6747
8.865,1.7555282245388666,1.7681000707513408,1.480286315613645,1.67163
8.87,1.7532316151399412,1.7653817472585867,1.4775742418672966,1.66877
8.874,1.74955704010166,1.7626104707873256,1.4751037477991948,1.66583
8.878,1.747719752582519,1.7598422346031342,1.4726013469811363,1.66333
8.883,1.7458824650633789,1.7572584438848124,1.4699986678060695,1.66037
8.889,1.7422078900250968,1.7546405475846814,1.466867248203144,1.65785
8.894,1.7380739931070304,1.7517677934926115,1.4636218759217998,1.65559
8.899,1.7353180618283197,1.7487816794239075,1.4609690575682297,1.65286
8.904,1.733940096188964,1.7459776762872579,1.457997171715089,1.65035
8.91,1.730724843030468,1.7432742012225066,1.4549933791119916,1.64778
8.914,1.7261316242326163,1.7403328237745317,1.4525000945082063,1.64549
8.919,1.7242943367134762,1.7373371843302579,1.4496421613334842,1.64307
8.924,1.7224570491943352,1.7345710449309308,1.4471762253725187,1.64051
8.928,1.718782474156054,1.7318069280293347,1.4444413610904876,1.63814
8.933,1.715567220997558,1.7289079272605188,1.4415469630586708,1.63541
8.938,1.7128112897188474,1.7259917704433665,1.4387209366339064,1.63302
8.944,1.7109740021997064,1.723198362298051,1.4355393778524768,1.6304400000000001
8.95,1.70684010528164,1.7203668774227703,1.4322119596426717,1.62794
8.955,1.7031655302433588,1.7173228522814543,1.4292309575752578,1.6248
8.96,1.6994909552050776,1.7141538985872908,1.4263046527934842,1.62232
8.965,1.6990316333252924,1.7112032811737572,1.4238068100825618,1.62004
8.969,1.694897736407226,1.7083822399844188,1.4213454322287342,1.6172
8.973,1.6921418051285153,1.7054375931295125,1.4187108463037106,1.61452
8.978,1.6912231613689448,1.7027123433436802,1.4160033306645001,1.61172
8.983,1.6870892644508784,1.7000265166304411,1.4130268867042224,1.60846
8.988,1.6834146894125972,1.6970992909304183,1.4104743467076597,1.60544
8.993,1.6820367237732414,1.6942515050547022,1.4074523216760149,1.60314
8.998,1.6801994362541013,1.6916494274202427,1.4049499208579572,1.60068
9.003,1.6756062174562496,1.6889258635541178,1.4019233377191762,1.5979700000000001
9.008,1.672850286177539,1.686013879310715,1.3988602897233005,1.59566
9.013,1.6705536767786127,1.683178315157371,1.396362447012379,1.59332
9.018,1.6673384236201167,1.6803585283752307,1.3932355855165897,1.59107
9.023,1.664582492341406,1.6775058911662946,1.3903776523418676,1.58864
9.028,1.6613672391829093,1.6746269120658897,1.3876610204883821,1.58627
9.033,1.6581519860244134,1.671681308212012,1.3846572278852847,1.58389
9.039,1.655855376625488,1.6687732834941307,1.3813845069611208,1.58118
9.044,1.6535587672265617,1.6659863962648973,1.3785128994649885,1.57874
9.05,1.6498841921882805,1.6631601403403633,1.375463525790523,1.57574
9.054,1.6462096171499994,1.6601658100417898,1.3728699628297294,1.57273
9.059,1.6452909733904288,1.657309716641999,1.3698160310481287,1.57013
9.064,1.642075720231933,1.6546099736530322,1.3673409788728899,1.5679
9.068,1.6393197889532223,1.6518535963980654,1.3649297401975664,1.56513
9.073,1.6379418233138665,1.6492338131575957,1.3621401786298941,1.56252
9.078,1.6338079263958,1.6465870554025437,1.3596058710618788,1.56006
9.083,1.6310519951170894,1.6437821618403197,1.356966727029718,1.55734
9.087,1.628755385718164,1.641032470881819,1.354523581604437,1.55426
9.091,1.6264587763192377,1.6383725473213178,1.3520622037506085,1.55188
9.096,1.6232435231607418,1.635693602101538,1.3494321759327228,1.5492
9.1,1.6209469137618155,1.6329994039145024,1.3468568454004757,1.54635
9.105,1.6191096262426754,1.6304294804298658,1.3440718419399413,1.54352
9.11,1.6163536949639647,1.6279137076688515,1.3416925100145738,1.54114
9.114,1.6126791199256827,1.6252593494061616,1.3389849943753633,1.5383499999999999
9.119,1.6103825105267573,1.6225393649670732,1.336323059807519,1.53607
9.125,1.6071672573682614,1.61981225851167,1.3331095942761326,1.5337399999999999
9.129,1.6044113260895507,1.617033939214137,1.3305342637438864,1.5311599999999999
9.134,1.6021147166906244,1.6143055574581222,1.3281093507471518,1.52861
9.139,1.599818107291699,1.6116627211854864,1.325219510822472,1.52599
9.144,1.5970621760129875,1.6090429796964565,1.32240260061198,1.52363
9.149,1.5938469228544916,1.6063507535358348,1.3195127606873003,1.52108
9.155,1.5906316696959957,1.6035549019424615,1.3161990167989055,1.51799
9.161,1.5864977727779292,1.6005849520757343,1.3130812715173903,1.51577
9.165,1.5851198071385735,1.5976574049317924,1.310674590949203,1.51341
9.169,1.5823638758598628,1.5949003650685674,1.3081357252740506,1.51113
9.174,1.579148622701367,1.5920980429602025,1.3053416055992413,1.50807
9.179,1.5777706570620111,1.5893959158677289,1.302934925031055,1.50477
9.183,1.5750147257833005,1.5868196344027894,1.300541918784277,1.5022
9.187,1.572258794504589,1.584207759575038,1.2981671449660466,1.49947
9.192,1.570880828865234,1.5817038490225641,1.2957650225049955,1.49631
9.196,1.5662876100673824,1.5791045046372212,1.293308202758304,1.49401
9.2,1.5644503225482413,1.5763831324915276,1.290741988440332,1.49116
9.205,1.5635316787886717,1.573927924580465,1.2879980079440267,1.48864
9.21,1.5593977818706053,1.5714586373296007,1.285532071983062,1.48605
9.216,1.5557232068323241,1.568705048917519,1.2823641875230427,1.48346
9.221,1.5534265974333978,1.5659054944368622,1.2791963030630233,1.48103
9.226,1.5515893099142577,1.5632510885170556,1.2766118563165039,1.47842
9.23,1.5488333786355462,1.5606675715178286,1.274218850069727,1.4762
9.235,1.545158803597265,1.5579588909359279,1.2713426844664566,1.47399
9.24,1.54378083795791,1.5552863506306371,1.2686989823271597,1.4718
9.245,1.5405655847994133,1.5526882921456255,1.2662056977233753,1.46955
9.25,1.5373503316409174,1.5499679511295175,1.263329532120105,1.46726
9.256,1.5345944003622067,1.5471950568594508,1.2601434152315383,1.46469
9.26,1.533216434722851,1.5445620290598814,1.257700269806258,1.4625599999999999
9.265,1.530001181564355,1.5419956546118483,1.2549927541670467,1.45937
9.271,1.5263266065260739,1.539255218305006,1.2520026358853595,1.45698
9.276,1.5235706752473632,1.5364207082659653,1.2491036797464057,1.45474
9.28,1.521274065848437,1.5336472686352527,1.2466195113568936,1.45243
9.285,1.5194367783292968,1.5310138035253544,1.2438481822177687,1.44974
9.29,1.5162215251708,1.528401576524745,1.2414415016495823,1.44715
9.294,1.5134655938920893,1.525715376034342,1.2390621697242148,1.44472
9.299,1.5120876282527336,1.5231518656918546,1.2364321419063273,1.44221
9.304,1.5088723750942377,1.52064123546051,1.2339206248739965,1.43964
9.309,1.5051978000559565,1.5179454989718812,1.2310945984492303,1.43706
9.313,1.5038198344166007,1.5152833381938415,1.2287380570595463,1.4341
9.318,1.50106390313789,1.5127391046631269,1.2261764008487104,1.4318
9.324,1.4978486499793942,1.5101074263442522,1.2230176326029651,1.42941
9.328,1.4950927187006835,1.5074056283543753,1.2206702074275544,1.4270399999999999
9.332,1.4937147530613277,1.5048296107881347,1.2182635268593671,1.42447
9.337,1.4900401780230466,1.5022634494587437,1.2158978692554099,1.42199
9.343,1.4859062811049801,1.4994321802762254,1.2126798456168864,1.41958
9.349,1.4836096717060538,1.4965248337480976,1.2092749395857574,1.41711
9.354,1.4813130623071284,1.493738490341354,1.2066403536607346,1.41473
9.359,1.4785571310284178,1.49100367426364,1.2038234434502417,1.4123
9.365,1.475341877869921,1.4882191728231646,1.200605419811719,1.41002
9.369,1.4712079809518546,1.4852583243449102,1.1981075771007959,1.40777
9.374,1.470289337192285,1.4823835772494651,1.1951858304261593,1.40524
9.379,1.4679927277933587,1.479759880123473,1.1926196161081872,1.40275
9.384,1.465236796514648,1.4771554858117208,1.1899257747903862,1.40029
9.389,1.4611028995965816,1.4743845623781824,1.1872592821154058,1.39802
9.394,1.4597249339572258,1.4716166092856364,1.184706742118843,1.39565
9.399,1.4574283245583004,1.469033045571044,1.1820356913367265,1.39353
9.403,1.4555910370391594,1.4665518369540682,1.1797611958755034,1.39097
9.407,1.4537537495200192,1.4641982060772323,1.1775049328428278,1.38828
9.412,1.4509978182413077,1.4618558726579818,1.1752805765601089,1.38606
9.416,1.4473232432030265,1.4593405908324266,1.172978732456066,1.38292
9.42,1.4459452775636716,1.4568231318927896,1.170581168102152,1.3802699999999999
9.425,1.4436486681647454,1.4544404328375957,1.1679648146056758,1.37797
9.43,1.4399740931264642,1.4519382847573703,1.1656720867159054,1.3755199999999999
9.436,1.4372181618477535,1.449294851767124,1.1623629009346477,1.37256
9.44,1.4358401962083978,1.4467656355558667,1.1598878487594098,1.3702
9.445,1.4344622305690429,1.4444645124243238,1.1576452600481444,1.36749
9.449,1.4298690117711912,1.4420277779273258,1.1551747659800427,1.36448
9.455,1.4289503680116207,1.4395278021353806,1.1524763665551054,1.36225
9.46,1.42619443673291,1.437159122355549,1.1498782454871757,1.35989
9.464,1.4229791835744132,1.434668215962756,1.147366728454843,1.35758
9.469,1.4202232522957026,1.4320792992703342,1.1447047938869996,1.3552300000000002
9.474,1.4183859647765624,1.4295482963565664,1.1421249052476163,1.3529499999999999
9.479,1.4160893553776361,1.4271092348605219,1.1396133882152846,1.35016
9.485,1.412414780339355,1.424561891224421,1.1365959212907768,1.34758
9.49,1.409199527180859,1.421836715224106,1.1341573339726327,1.3447
9.494,1.4082808834212885,1.4192419514474268,1.131773443940129,1.34234
9.499,1.4050656302627926,1.4167517617958432,1.1293257404077108,1.33965
9.504,1.4018503771042967,1.414117917954358,1.1266638058398666,1.33718
9.509,1.3995537677053704,1.4114598853739215,1.1241933117717648,1.33493
9.513,1.3977164801862303,1.4089189621360658,1.1218139798463982,1.3324500000000001
9.518,1.3958791926670893,1.406517447678536,1.1193480438854335,1.33005
9.523,1.392204617628808,1.40404571390801,1.1169368052101092,1.32761
9.527,1.3908266519894523,1.4015631750059838,1.1145437989633313,1.3245399999999998
9.532,1.3876113988309564,1.399117473638728,1.1122146062164688,1.32186
9.536,1.385314789432031,1.3966103075498468,1.109953785076656,1.3196599999999998
9.541,1.38347750191289,1.3941903601754553,1.1074650585800079,1.3173
9.546,1.3807215706341793,1.3917948493045984,1.1048897280477616,1.31473
9.55,1.3788842831150383,1.3894189334218976,1.1024784893724373,1.31203
9.555,1.3756690299565424,1.3870132283588206,1.1001447385184369,1.30953
9.559,1.3742910643171866,1.3846291380220481,1.0978064295573002,1.30693
9.564,1.3710758111586907,1.3822623799646392,1.0955866313817184,1.30443
9.568,1.3696978455193358,1.3799095202052567,1.093088788670796,1.30202
9.574,1.3669419142406243,1.3776133070097183,1.090435970317226,1.29974
9.578,1.3646453048416989,1.3752715134308977,1.0881478005345935,1.29732
9.584,1.3605114079236325,1.3727566644891556,1.0849935903959835,1.2941799999999999
9.589,1.3577554766449218,1.3700575451278438,1.0822769585424998,1.29185
9.594,1.3568368328853513,1.3675291773682026,1.0799842306527303,1.28928
9.599,1.3536215797268554,1.3650922289328025,1.0775821081916792,1.28688
9.604,1.3499470046885733,1.3624555759344439,1.074591989909992,1.2840500000000001
9.609,1.347650395289648,1.3597497888801973,1.0721260539490274,1.28166
9.614,1.3462724296502921,1.3572160744733202,1.0694367707383634,1.2788
9.62,1.3430571764917962,1.3547293368174642,1.0665286983851363,1.27643
9.624,1.3407605670928708,1.3521892648102736,1.0643590393880586,1.27414
9.629,1.337545313934375,1.349606425392384,1.0620070561055108,1.27189
9.633,1.3361673482950192,1.347080295684896,1.0596869795729216,1.2692299999999999
9.638,1.3329520951365232,1.3445996399995839,1.057312205754691,1.2665
9.643,1.3311148076173822,1.3421099468492297,1.0550513846148792,1.2641499999999999
9.648,1.3278995544588863,1.339613006793842,1.0523256365471205,1.26182
9.653,1.325602945059961,1.337064753751353,1.0497138411577804,1.25865
9.658,1.3237656575408199,1.3346118598317172,1.046887814733016,1.25631
9.663,1.3196317606227534,1.3320534243396942,1.0445631800932889,1.2537500000000001
9.668,1.3177944731036124,1.3294103578423415,1.0418647806683516,1.25141
9.673,1.3159571855844723,1.3269269373970256,1.0393897284931128,1.2491400000000001
9.677,1.3127419324259764,1.3244350272584904,1.0371881627460775,1.24646
9.682,1.31044532302705,1.3218908075737605,1.0346538551780622,1.24368
9.687,1.3090673573876952,1.3194866497823612,1.0324021502525236,1.2410299999999999
9.691,1.305392782349414,1.3170582982770196,1.0299544467201045,1.23876
9.698,1.301718207311132,1.3143830370453524,1.0267592136172645,1.23648
9.703,1.2994215979122066,1.3116462910663427,1.0241155114779685,1.23433
9.707,1.2980436322728508,1.309087751513626,1.0219185038380703,1.2320600000000002
9.711,1.2952877009941401,1.306626609112542,1.0196440083768472,1.22979
9.717,1.2920724478356442,1.304061559380636,1.0169957481304133,1.2271
9.722,1.2906944821962885,1.3015496947534875,1.0143246973482967,1.22464
9.727,1.2874792290377925,1.299080477860141,1.0118769938158785,1.22235
9.731,1.284723297759082,1.2965089534056944,1.0093882673192303,1.2198799999999999
9.736,1.2819673664803704,1.2939008930992852,1.0068311692155305,1.21773
9.741,1.2805894008410155,1.2914000413109434,1.004460953504437,1.21555
9.745,1.2773741476825187,1.2889396553227908,1.0022365972217182,1.21338
9.75,1.2755368601633785,1.286466215908377,0.9998982882605825,1.2110699999999999
9.756,1.2723216070048826,1.2839823092954699,0.9968170078361602,1.20877
9.76,1.2704843194857416,1.281490009311956,0.9946063258748516,1.2064
9.765,1.2681877100868162,1.2790819826756594,0.9920309953426054,1.20347
9.77,1.2654317788081046,1.2766505288455587,0.9896835701671955,1.2006299999999999
9.775,1.262675847529394,1.2741547874812256,0.987007961277941,1.19809
9.78,1.2612978818900382,1.2717440012923484,0.9847106752810344,1.1957900000000001
9.785,1.257623306851757,1.2693103346497616,0.9818709745348588,1.1936
9.79,1.2553266974528317,1.2667673170044662,0.9795828047522255,1.1912699999999998
9.794,1.2534894099336906,1.2643186212118602,0.9773949133266013,1.1888299999999998
9.799,1.2511928005347652,1.2619455596270561,0.975106743543968,1.1860499999999998
9.804,1.2479775473762693,1.2594966414652877,0.9725314130117226,1.18329
9.809,1.2461402598571283,1.2570323977986149,0.9697464095511865,1.18083
9.814,1.2443029723379881,1.2546923706683126,0.9674627978756911,1.17848
9.818,1.2397097535401365,1.2521789381950823,0.9651244889145545,1.17578
9.824,1.236953822261425,1.2494354527775897,0.9619657206688084,1.17307
9.829,1.23557585662207,1.2468260071618238,0.9595635982077573,1.17059
9.834,1.2332792472231437,1.244369546415368,0.9570976622467926,1.16825
9.839,1.230523315944433,1.2418992545488203,0.9547867019284757,1.16596
9.843,1.2273080627859372,1.2393268681016951,0.95248941593157,1.16337
9.848,1.2263894190263667,1.236854622240922,0.9498867367565031,1.16058
9.854,1.2240928096274413,1.2345536802470192,0.9472065697601133,1.15801
9.859,1.22041823458916,1.2321170909995207,0.9446494716564136,1.15563
9.863,1.2181216251902338,1.229571729794372,0.942438789695105,1.15293
9.868,1.216743659550878,1.2271666566478336,0.9402326658409326,1.1506699999999999
9.872,1.2130690845125969,1.2247375711433304,0.9381040298080849,1.14828
9.876,1.2112317969934567,1.2222437288768762,0.935802185704043,1.14584
9.881,1.2103131532338862,1.2199709711793838,0.933609736171281,1.14351
9.886,1.206638578195605,1.2176934878312216,0.9310207313176244,1.14081
9.891,1.2038826469168944,1.2152302075685364,0.92856846967807,1.1384699999999999
9.895,1.2029640031573239,1.2128909529665013,0.9263532296096253,1.13602
9.9,1.199748749998828,1.2106056493880732,0.9240559436127178,1.13335
9.904,1.1969928187201164,1.2081816001737906,0.9218999589370505,1.1308099999999999
9.908,1.1956148530807615,1.205828302030579,0.9197439742613831,1.1284800000000001
9.912,1.1923995999222647,1.2034862354216525,0.9175879895857149,1.12592
9.917,1.1901029905233393,1.2010621713141623,0.9153362846601754,1.12304
9.921,1.1891843467637688,1.1987998649983778,0.9131620675559606,1.11999
9.926,1.1868877373648434,1.196667267992606,0.9108738977733273,1.11749
9.931,1.1818351966872065,1.19422916449948,0.9079430348844175,1.11505
9.937,1.1804572310478507,1.1916370871757218,0.9051853800667029,1.1127
9.942,1.1790792654084958,1.1892855573747805,0.9027741413913786,1.1097700000000001
9.946,1.1744860466106442,1.1868084030980686,0.9006044823943009,1.10716
9.95,1.174026724730859,1.1843215176349906,0.8983983585401285,1.1048200000000001
9.954,1.1717301153319335,1.182054338414778,0.8962378157573241,1.10236
9.959,1.1685148621734367,1.1796903245306263,0.8938676000462298,1.09972
9.964,1.165758930894726,1.1772031595966084,0.8911919911569761,1.09688
9.969,1.163921643375586,1.1747537487362185,0.8885437309105422,1.09423
9.974,1.1616250339766596,1.1723801137574041,0.8861780733065849,1.0915599999999999
9.978,1.1579504589383784,1.169885233921142,0.8839856237738237,1.08901
9.983,1.1561131714192374,1.167338632914072,0.8813875027058948,1.08637
9.988,1.153816562020312,1.164887063718099,0.8788121721736477,1.0835
9.993,1.1515199526213866,1.1624661961419152,0.8765467929266988,1.08125
9.997,1.148764021342675,1.1600244455005444,0.8742905298940231,1.0787
10.002,1.1473860557033202,1.157656953049475,0.8721026384683981,1.07632
10.006,1.1446301244246087,1.15534900628412,0.869700516007347,1.07409
10.012,1.140036905626757,1.152770294440159,0.8670249071180933,1.07171
10.016,1.138658939987402,1.1501109688705742,0.8644723671215306,1.0694599999999999
10.021,1.1363623305884758,1.1476145107037465,0.8622252203031282,1.06678
10.026,1.1336063993097651,1.1451121459599423,0.859654447878019,1.06414
10.03,1.1317691117906241,1.1426505467726782,0.8574027429524804,1.06182
10.034,1.1294725023916987,1.1402671382957692,0.8551464799198039,1.05872
10.039,1.1257979273534175,1.1377644213489673,0.8527306831373433,1.05561
10.043,1.1239606398342765,1.1352115359695039,0.8504744201046677,1.05302
10.048,1.1225826741949216,1.1328459312708326,0.847839834179644,1.05047
10.053,1.1193674210364257,1.1304939963594247,0.8455926873612416,1.04746
10.057,1.1166114897577142,1.1280165172353065,0.8431677743645078,1.04505
10.062,1.1143148803587888,1.125529371285655,0.8406015600465349,1.0417800000000002
10.067,1.1120182709598625,1.1230799756483278,0.8380490200499731,1.03898
10.072,1.109721661560937,1.1206608509915374,0.8358246637672533,1.03659
10.076,1.1074250521620108,1.118265999836242,0.8333678440205627,1.0337399999999999
10.082,1.1051284427630854,1.1158906129620632,0.8306329797385308,1.0309
10.087,1.1014538677248042,1.1133943283270797,0.8276200709211601,1.02839
10.092,1.0982386145663083,1.110710095194092,0.8250629728174603,1.02525
10.097,1.095942005167382,1.1080116567688185,0.8226927571063669,1.02263
10.101,1.0945640395280272,1.1054838350338405,0.8204456102879645,1.01983
10.107,1.090889464489746,1.102956320671329,0.817482840649097,1.01715
10.112,1.087214889451464,1.1002015433579526,0.8148436966169372,1.01456
10.116,1.085836923812109,1.0974920392985794,0.8125646430485771,1.01197
10.121,1.083999636292968,1.0950008462082026,0.8101123814090228,1.00965
10.126,1.0807843831344721,1.092502703390442,0.8075826319481445,1.00712
10.131,1.077109808096191,1.089816980229658,0.804742931201968,1.00419
10.136,1.0761911643366204,1.0872083507602628,0.802049089884167,1.00175
10.141,1.0734352330579098,1.0847525444600719,0.7995512471732455,0.9989399999999999
10.146,1.0706793017791991,1.0822372754917873,0.7970898693194179,0.99612
10.151,1.0674640486207023,1.079628823092159,0.7944780739300779,0.99376
10.156,1.0647081173419917,1.076945649354802,0.7916383731839014,0.99133
10.161,1.0624115079430663,1.0742935623159138,0.7893729939369525,0.98832
10.165,1.0596555766643547,1.0716664028812315,0.7868842674403052,0.98594
10.17,1.0573589672654293,1.0690592322353907,0.7846143300862183,0.9833
10.174,1.0555216797462883,1.0665590938424112,0.7823535089464064,0.98088
10.178,1.0527657484675776,1.064099279907198,0.7800106418781327,0.97773
10.183,1.050009817188867,1.0615807973220108,0.7777179139883632,0.97547
10.188,1.0490911734292965,1.0591972774324288,0.7751152348132964,0.97232
10.193,1.04495727651123,1.0567854749166385,0.7725946015666914,0.96967
10.197,1.043119988992089,1.054259989538388,0.7702289439627341,0.96685
10.203,1.0412827014729489,1.051870854293608,0.7672297094667728,0.96384
10.209,1.0376081264346677,1.0494090470875295,0.7642304749708124,0.96126
10.214,1.0343928732761718,1.0467524604961216,0.7617235160456168,0.95882
10.218,1.0307182982378897,1.0439396854490643,0.7592211152275583,0.9563
10.224,1.0293403325985349,1.0411836745355936,0.7562218807315979,0.95403
10.228,1.0270437231996086,1.0386096869396635,0.7539154785204181,0.95173
10.234,1.0224505044017578,1.0358631458501681,0.7508022913460382,0.94935
10.239,1.0196945731230462,1.0329327367769132,0.7480036135640935,0.9467
10.244,1.017857285603906,1.0301279001230499,0.7456607464958198,0.94433
10.249,1.016019998084765,1.0275147604527102,0.7429167659995155,0.94212
10.254,1.012345423046484,1.0248733300014532,0.7401864598246206,0.93967
10.259,1.009130169887988,1.0220727082637402,0.7377706630421601,0.93721
10.265,1.0068335604890617,1.0192809408837809,0.7346529177606449,0.93459
10.269,1.0049962729699216,1.0166327792347927,0.7321140520854916,0.93211
10.275,1.002240341691211,1.014054269351766,0.7293883040177338,0.92943
10.28,0.9981064447731445,1.011304101959434,0.7267582761998472,0.92705
10.284,0.9953505134944329,1.0084162869344548,0.7241100159534133,0.92442
10.289,0.9935132259752928,1.00564560532533,0.7215939408139445,0.92152
10.294,0.9912166165763665,1.0030143518002546,0.7192282832099881,0.91904
10.298,0.9889200071774411,1.000449400096177,0.7167349986062028,0.91613
10.304,0.9866233977785148,0.9979376140749607,0.7139044140743005,0.91369
10.308,0.9838674664998042,0.9954229583286907,0.71152964025607,0.91109
10.314,0.980192891461523,0.992769495770685,0.7085987773671603,0.90862
10.319,0.9769776383030271,0.9899592258036787,0.7057818671566682,0.90609
10.323,0.9769776383030271,0.9873872311876749,0.703452674409804,0.90333
10.328,0.9737623851445312,0.9850063032958493,0.7011098073415312,0.90074
10.334,0.9705471319860344,0.9824600735799003,0.6980239688099728,0.89819
10.339,0.9668725569477532,0.9797357908027979,0.6955808233846907,0.89577
10.343,0.966413235067968,0.977141743278272,0.6930191671738557,0.89345
10.348,0.9636573037892573,0.9747431317403108,0.6906307190342149,0.89044
10.354,0.9599827287509761,0.9721827219745817,0.6875813453597495,0.8878699999999999
10.358,0.9567674755924802,0.9694470685892784,0.685206571541519,0.88545
10.364,0.9544708661935539,0.9667073976188635,0.6820705938314564,0.8828199999999999
10.369,0.9521742567946285,0.9640555088227297,0.6794405660135698,0.88023
10.375,0.9494183255159179,0.9614285083536878,0.6766555625530355,0.87787
10.381,0.9466623942372063,0.9587759632932551,0.6737292577712619,0.8748499999999999
10.386,0.9429878191989252,0.9560119309283207,0.6710308583463247,0.8721099999999999
10.39,0.9416098535595703,0.9532950054870218,0.6686560845280933,0.86971
10.395,0.939313244160644,0.9507523595011216,0.666208380995676,0.8673299999999999
10.399,0.9360979910021481,0.9481674560775425,0.6639338855344521,0.86429
10.404,0.9351793472425776,0.9456851731832381,0.6617277616802815,0.86185
10.408,0.9319640940840817,0.9432851789867764,0.6593621040763242,0.85948
10.414,0.929208162805371,0.940769162388585,0.6566272397942932,0.8566499999999999
10.418,0.9269115534064447,0.9382511142541361,0.6542889308331556,0.85388
10.422,0.9259929096468742,0.9359134446241,0.6521055975146677,0.8512599999999999
10.427,0.9213996908490234,0.9334929063380988,0.6497171493750269,0.8487800000000001
10.432,0.9195624033298824,0.9309149140909998,0.6471463769499177,0.8461799999999999
10.437,0.9168064720511717,0.9283926712020206,0.6445938369533559,0.8437300000000001
10.442,0.9149691845320307,0.9259151322540331,0.6420595293853397,0.8414299999999999
10.447,0.9117539313735348,0.9234279383331971,0.6394841988530935,0.8387499999999999
10.452,0.9099166438543937,0.9209330023440927,0.6370456115349485,0.83623
10.456,0.9080793563352536,0.9185683638493344,0.6345249782883435,0.8339000000000001
10.462,0.9044047812969724,0.9161261999414818,0.6316488126850732,0.83131
10.467,0.9011895281384765,0.9134853647932185,0.6292193415812024,0.82829
10.472,0.898433596859765,0.9107762241831849,0.6263158273351133,0.82576
10.477,0.8970556312204101,0.9081943187633567,0.6239091467669251,0.8230200000000001
10.482,0.8942996999416986,0.9057144398892472,0.621342932448953,0.8203
10.487,0.8906251249034174,0.9030888639884761,0.6188861127022607,0.81792
10.492,0.888328515504492,0.9003919593668464,0.6163472470271092,0.81528
10.497,0.886491227985351,0.8978198656636375,0.6136853124592649,0.81244
10.502,0.8837352967066403,0.8953023526615466,0.6111920278554805,0.81006
10.507,0.8796013997885739,0.8926010970604527,0.6085756743590034,0.8076699999999999
10.511,0.8786827560290034,0.8899345106515842,0.6061370870408593,0.8047
10.516,0.8768454685098632,0.8875232339789937,0.6038671496867734,0.8023899999999999
10.522,0.8731708934715812,0.8850436721454952,0.6009226124764524,0.7998099999999999
10.526,0.8704149621928705,0.8824183504712344,0.5984065373369845,0.7970200000000001
10.531,0.8690369965535147,0.879903657246939,0.5960591121615737,0.79468
10.536,0.8658217433950188,0.8774321721760886,0.5934746654150542,0.7925199999999999
10.541,0.8630658121163082,0.87485882892988,0.5908537538114409,0.78996
10.546,0.8603098808375975,0.8722493101822916,0.5885427934931249,0.7873600000000001
10.551,0.8584725933184565,0.8697017870234567,0.5855800238542574,0.7847500000000001
10.557,0.8561759839195311,0.867249478378287,0.582954554143507,0.78206
10.561,0.8525014088812499,0.8646915122024336,0.5806162451823713,0.7791999999999999
10.566,0.8488268338429679,0.8619123163825012,0.5781457511142696,0.7768200000000001
10.572,0.847448868203613,0.8591832317662751,0.5751237260826247,0.7741
10.576,0.8465302244440425,0.8567673413133051,0.5728401144071293,0.77173
10.581,0.8419370056461908,0.8542840798109174,0.570469898696035,0.76935
10.586,0.8396403962472654,0.8516102895847308,0.5676666628069533,0.7668999999999999
10.591,0.8378031087281244,0.8490567307060437,0.5650594255247494,0.7642800000000001
10.596,0.8350471774494137,0.8465540802912481,0.5624613044568205,0.7615799999999999
10.601,0.8318319242909178,0.8439557463770981,0.5600272752458126,0.7590399999999999
10.606,0.8295353148919915,0.8413261882715212,0.5574245960707458,0.75657
10.611,0.8276980273728514,0.8388080979646051,0.5551364262881133,0.75339
10.615,0.8249420960941398,0.836333888862732,0.5529530929696245,0.75098
10.62,0.8212675210558587,0.8337128594028895,0.5502911584017811,0.7486299999999999
10.625,0.8198895554165038,0.831110604222316,0.5477295021909452,0.7461599999999999
10.629,0.8175929460175775,0.8286599092963356,0.5455416107653202,0.74393
10.634,0.8148370147388668,0.8261942408892681,0.542925257268843,0.74135
10.64,0.8107031178208004,0.8235345581025497,0.5398804417015155,0.7389699999999999
10.645,0.8097844740612299,0.82090130783787,0.5374372962762344,0.7366299999999999
10.65,0.8074878646623045,0.8184712606557749,0.5348528495297149,0.7343500000000001
10.655,0.8042726115038086,0.8159766472454051,0.532204589283281,0.7319500000000001
10.66,0.8019760021048823,0.8134302598782364,0.5298571641078702,0.72959
10.665,0.7996793927059569,0.8109333601095208,0.5273046241113075,0.7271000000000001
10.67,0.7973827833070306,0.8084761431417501,0.5245424111864567,0.7240800000000001
10.675,0.79462685202832,0.8060052448812607,0.5222815900466449,0.72173
10.68,0.7918709207496093,0.8034778740677639,0.519888583799867,0.7191399999999999
10.685,0.7886556675911125,0.8008597175174061,0.5169941857680502,0.7165299999999999
10.69,0.7868183800719724,0.7982597660472323,0.5147561551639219,0.7140599999999999
10.694,0.7845217706730461,0.7957654165209578,0.512230963810179,0.7116
10.7,0.7799285518751953,0.7930827351006434,0.5094322860282343,0.70889
10.704,0.7799285518751953,0.7904765447227653,0.5072079297455154,0.7063699999999999
10.708,0.7767132987166985,0.7880681961507281,0.5050473869627101,0.7040299999999999
10.713,0.7734980455582026,0.7854999785139947,0.5024674983233277,0.7015499999999999
10.718,0.7721200799188468,0.782985573627456,0.49988305157680823,0.69798
10.723,0.7693641486401361,0.7805598216520026,0.4973259534731094,0.6953400000000001
10.729,0.7666082173614255,0.7780686524546376,0.49470504186949604,0.6926399999999999
10.734,0.7633929642029296,0.7754795250261558,0.49184255058763604,0.69005
10.739,0.7615556766837885,0.7729028512437465,0.4894586605551323,0.6870099999999999
10.744,0.7592590672848631,0.7704271674818025,0.4868650975943396,0.6847099999999999
10.749,0.7560438141263663,0.7678959593008121,0.48456325349029683,0.6819999999999999
10.753,0.7528285609678704,0.7652292237816467,0.4821109918507416,0.6786099999999999
10.758,0.7519099172082999,0.7626813218865917,0.479736218032512,0.6760999999999999
10.763,0.7491539859295893,0.7602742114277778,0.4772155847859061,0.6735899999999999
10.768,0.7459387327710933,0.7577524884863567,0.4746356961465228,0.6712100000000001
10.773,0.7427234796125974,0.7550933589308166,0.4720831561499601,0.66892
10.777,0.7422641577328122,0.7525970579424852,0.46973117286741406,0.6663699999999999
10.783,0.7381302608147458,0.7501403211209235,0.46673193837145277,0.66388
10.788,0.7358336514158195,0.7475333022221776,0.4643389321246758,0.6610400000000001
10.792,0.7335370420168941,0.7449877836262455,0.4621009015205466,0.65849
10.797,0.7307811107381834,0.742446078617339,0.45978082498795647,0.6560900000000001
10.801,0.7280251794594719,0.7398619297384116,0.4575382362766911,0.6536899999999999
10.806,0.7261878919403317,0.7373347500086282,0.45504039356576964,0.6513599999999999
10.81,0.7238912825414054,0.7348987542230604,0.452825153497324,0.64897
10.815,0.7202167075031243,0.7323538688993931,0.4504822864290503,0.64635
10.819,0.7192980637435546,0.7298581735797749,0.44823969771778494,0.64347
10.823,0.7170014543446284,0.7275384280828388,0.44601078332792987,0.64093
10.828,0.7137862011861325,0.7251322626867764,0.443740845973843,0.6382099999999999
10.832,0.7124082355467767,0.7227478032211154,0.4412931424414257,0.6350499999999999
10.838,0.709652304268066,0.7204262510539283,0.4384124187310192,0.63228
10.842,0.7055184073499996,0.71788213128176,0.43609690030556614,0.6296200000000001
10.847,0.7036811198308586,0.7152505441828655,0.4335534765232776,0.6271
10.852,0.7018438323117184,0.7127763287646316,0.4311057729908594,0.6240399999999999
10.856,0.6995472229127921,0.7103828036646109,0.42872188295835567,0.62138
10.861,0.695872647874511,0.7078719744643612,0.42630608617589427,0.61809
10.866,0.6935760384755856,0.7052670821977091,0.42365782592946033,0.61545
10.871,0.6921980728362298,0.7028142726619031,0.42119188996849566,0.6129499999999999
10.875,0.6880641759181634,0.7003014067199983,0.41894018504295616,0.6104
10.88,0.6871455321585929,0.6977858850137897,0.4165335044747698,0.60754
10.886,0.6830116352405273,0.6952682337201789,0.4130739011579996,0.60503
10.891,0.6811743477213863,0.692657870996658,0.4105623841256678,0.60206
10.896,0.6774997726831051,0.6900186673058679,0.40795970495060097,0.5993999999999999
10.901,0.6747438414043945,0.6872653330336357,0.4054026068469021,0.597
10.906,0.6729065538852534,0.6846024879958734,0.402453511529445,0.5946100000000001
10.911,0.6701506226065428,0.6820122038903722,0.4001972484967693,0.59206
10.916,0.6673946913278312,0.6793891007141964,0.39757633689315597,0.58928
10.922,0.6632607944097648,0.6766031751353524,0.3943674294689057,0.5865499999999999
10.926,0.6614235068906247,0.673777690332921,0.3918604705437101,0.58402
10.931,0.6595862193714837,0.6711479934564306,0.3894856967254805,0.5810200000000001
10.935,0.6563709662129877,0.6685387881028784,0.3871610620857533,0.57779
10.94,0.6545336786938476,0.6659460143615126,0.38488200851739407,0.5750299999999999
10.944,0.6522370692949213,0.6634574204667988,0.3825345833419842,0.57206
10.949,0.6494811380162107,0.6609613618755382,0.3801051122381134,0.5688500000000001
10.954,0.6462658848577147,0.6583683137709524,0.37732466688471433,0.5661499999999999
10.959,0.644887919218359,0.6558339979866544,0.37481314985238257,0.56325
10.963,0.6416726660598631,0.6533467781020941,0.37256144492684307,0.5605
10.967,0.6389167347811515,0.6507608175234653,0.37023225217998057,0.55786
10.971,0.6379980910215819,0.6483231888093371,0.3679577567187575,0.5552999999999999
10.976,0.6347828378630851,0.6459590016230896,0.36568781936467154,0.55287
10.981,0.6315675847045892,0.6434261958377395,0.363098814511015,0.55043
10.986,0.6292709753056638,0.6408491830116413,0.3602682299791127,0.5479700000000001
10.99,0.6269743659067375,0.6383277254945497,0.35785243319665216,0.5451299999999999
10.995,0.6232997908684563,0.6357143106607333,0.35512668512889434,0.5424100000000001
11.001,0.6200845377099604,0.6329361539082892,0.35202261416878855,0.53976
11.006,0.6187065720706046,0.630253404377846,0.34932421474385134,0.5372999999999999
11.011,0.615950640791894,0.6276926612691996,0.34681725581865575,0.5341100000000001
11.016,0.6127353876333981,0.6250477443548943,0.3443330874291437,0.5312699999999999
11.021,0.6095201344749022,0.6222898287992983,0.341320178611773,0.5287999999999999
11.026,0.6086014907153316,0.6196688120360963,0.3387721967223474,0.5262199999999999
11.032,0.60400827191748,0.6170210651516751,0.33555873119096,0.52287
11.037,0.6017116625185546,0.6142153784326785,0.3329788425515776,0.5202500000000001
11.041,0.598955731239843,0.6114650514626652,0.33051746469775,0.5177799999999999
11.046,0.5966591218409176,0.6087591160163452,0.32811078412956274,0.5149999999999999
11.051,0.5943625124419913,0.6061342788478773,0.3252984320262069,0.5121199999999999
11.056,0.5916065811632807,0.6035289703661099,0.32291910010083935,0.50925
11.061,0.5874726842452143,0.6007573138837294,0.3199745628905193,0.50668
11.066,0.5865540404856437,0.5980342748635856,0.3174493715367772,0.5034799999999999
11.07,0.5837981092069331,0.5954867265599341,0.31511562068277765,0.5004
11.075,0.5815014998080077,0.5929433939819008,0.3127681955073669,0.49754999999999994
11.079,0.5796642122888667,0.5904944456530323,0.31025212036789807,0.49451
11.084,0.5759896372505855,0.5879846759112081,0.3076220925500115,0.49219999999999997
11.089,0.5727743840920896,0.585289629426447,0.3049236931250743,0.4897100000000001
11.094,0.5713964184527338,0.5826735238292726,0.30250789634261377,0.48697999999999997
11.099,0.5677218434144526,0.5800752169644032,0.29964996316789083,0.48444
11.105,0.5645065902559567,0.5773091748940844,0.29648663681500764,0.4817199999999999
11.11,0.5617506589772461,0.5744996341531059,0.2938064698186169,0.47892
11.115,0.5576167620591796,0.5715642092046428,0.29084825828688654,0.47621
11.121,0.5544015089006828,0.5684823391429501,0.2875983278984062,0.47357000000000005
11.126,0.5539421870208976,0.5656470536841387,0.2849819744019291,0.47095
11.131,0.5507269338624017,0.5630094979195952,0.2823245979412228,0.46817
11.136,0.5475116807039058,0.5602574850759887,0.2796261985162847,0.4657899999999999
11.141,0.5447557494251951,0.557459194002168,0.27705086798403933,0.4630700000000001
11.146,0.5424591400262688,0.5547147974051078,0.2744937698803396,0.4599199999999999
11.15,0.5387845649879877,0.5519226135986648,0.2720870893121514,0.45736
11.154,0.5369472774688475,0.5491376123734076,0.2697351060296045,0.4546699999999999
11.159,0.5346506680699212,0.546494876325552,0.26726461196150364,0.4521599999999999
11.164,0.5323540586709958,0.543920717089081,0.26447505039383223,0.4496800000000001
11.169,0.5282201617529294,0.5412195402505086,0.26180399961171474,0.44720000000000004
11.174,0.5273015179933589,0.5385530169992304,0.2591739717938273,0.44462
11.178,0.5250049085944335,0.5360962890860979,0.2567718493327771,0.4417199999999999
11.184,0.5213303335561523,0.5335347792157356,0.2536814526940816,0.4394
11.189,0.5171964366380859,0.5307072399156224,0.25089644923354637,0.4371499999999999
11.193,0.5162777928785154,0.5279393899367406,0.24849888487963234,0.43474999999999997
11.198,0.5130625397200195,0.5253104070213291,0.2459554610973429,0.43221
11.204,0.5093879646817374,0.5225197666345536,0.242641717208949,0.4297599999999999
11.209,0.5066320334030268,0.5196449992669525,0.2400025731767883,0.42676000000000003
11.213,0.505254067763671,0.5169302821153545,0.23764147367996813,0.42386999999999997
11.218,0.5024981364849603,0.5143439050138165,0.23490660939793706,0.4214199999999999
11.223,0.4992828833264644,0.5116784328762002,0.232171745115906,0.41889
11.229,0.49560830828818325,0.5088585327438186,0.22925911465554272,0.41602000000000006
11.233,0.49468966452861274,0.5061423102971582,0.22673848140893682,0.4131499999999999
11.239,0.4905557676105463,0.5034637223692839,0.22369366584160932,0.41050999999999993
11.244,0.48779983633183566,0.5006333050303637,0.22061694352432415,0.40745999999999993
11.25,0.4850439050531241,0.4978176453430648,0.2177590103496012,0.40483
11.255,0.4818286518946282,0.49496831754271126,0.2148053569250079,0.40219000000000005
11.26,0.4795320424957028,0.49213749405477764,0.21244425742818773,0.39955000000000007
11.264,0.47677611121699215,0.4893670105722381,0.20993274039585508,0.3969100000000001
11.269,0.4740201799382806,0.4865994102648029,0.20720699232809814,0.3946099999999999
11.274,0.4731015361787101,0.48401612943929334,0.20479119554563674,0.39229
11.279,0.4698862830202142,0.48153514766361716,0.20216116772774928,0.3900999999999999
11.284,0.466211707981933,0.47886318549019813,0.1993670480529408,0.38744
11.289,0.46345577670322236,0.47608358305410164,0.19665953241373035,0.38436000000000003
11.294,0.4620778110638666,0.4734451761529879,0.19402038838157054,0.38183999999999996
11.299,0.45932187978515593,0.4709199902301426,0.19142226731363987,0.3790899999999999
11.304,0.45564730474687476,0.4682580838010661,0.18864638006737877,0.3765400000000001
11.308,0.45381001722773373,0.4655775485712348,0.18627616435628536,0.37396000000000007
11.313,0.4510540859490231,0.4629730791669417,0.18368260139549175,0.3714299999999999
11.319,0.4487574765500968,0.46038410305846983,0.18059676286393334,0.3689
11.324,0.44462357963203036,0.4576710449607414,0.1780351066530974,0.36613000000000007
11.329,0.44232697023310497,0.45485848878603174,0.17528200994251897,0.36293
11.333,0.44140832647353445,0.45228466092032404,0.17284798073151109,0.36039
11.338,0.43819307331503854,0.44981125922397847,0.17040027719909379,0.35745000000000005
11.342,0.4354371420363279,0.4472363790862983,0.1679388993452653,0.35502999999999996
11.347,0.43268121075761634,0.44462562794594385,0.16540459177724998,0.3519699999999999
11.353,0.4308439232384762,0.4420771165638297,0.16252842617398056,0.34942000000000006
11.357,0.4267100263204098,0.43944200794866123,0.1602083496413904,0.3468
11.361,0.42579138256083926,0.43682846306449047,0.15791106364448382,0.34439
11.366,0.4230354512821286,0.4343687152227378,0.15562745196898753,0.34206000000000003
11.37,0.42027952000341795,0.4318502856361548,0.1530657957581525,0.33955
11.375,0.41798291060449166,0.42933030258990945,0.15064544086855491,0.33704
11.381,0.41568630120556627,0.4268545757502517,0.147618857729773,0.33440000000000003
11.386,0.4129303699268547,0.424368834911327,0.1448748772334687,0.33153999999999995
11.39,0.4097151167683588,0.4217840603404129,0.14240894127250314,0.32881000000000005
11.395,0.40695918548964816,0.41911987322986877,0.13981082020457425,0.32628999999999997
11.401,0.40466257609072187,0.41648301106662533,0.13698023567267104,0.32386000000000004
11.406,0.40282528857158173,0.4139590638283664,0.13413141871222223,0.32058999999999993
11.411,0.3996100354130858,0.41143465632266096,0.1315241814300192,0.31838999999999995
11.417,0.3954761384950194,0.4086823703158755,0.12852950504119498,0.3159799999999999
11.422,0.39363885097587836,0.4058838601997008,0.12583110561625777,0.31355
11.427,0.3918015634567382,0.4032757936131967,0.12323298454832798,0.31125
11.432,0.3885863102982414,0.4006839330191143,0.1206348634803982,0.3083
11.437,0.38491173525996025,0.3979230600434469,0.11799116134110132,0.30599
11.441,0.384452413380175,0.39529967180303294,0.11568931723705855,0.30333999999999994
11.446,0.38261512586103485,0.39296853648817925,0.11349230959716028,0.30061000000000004
11.45,0.37848122894296843,0.3905077360123608,0.11130897627867142,0.2983199999999999
11.455,0.3775625851833979,0.3880339642312117,0.10877922681779317,0.29516999999999993
11.46,0.3752659757844725,0.3857317986419753,0.10582557339319898,0.29262999999999995
11.465,0.372510044505761,0.3833852319955248,0.10335963743223431,0.28980000000000006
11.47,0.36837614758769455,0.3808210537716963,0.10075240015003128,0.28719000000000006
11.475,0.36607953818876915,0.37812788044411055,0.09818162772492212,0.28488
11.48,0.3642422506696281,0.37555877876725663,0.0957384822996401,0.2815000000000001
11.485,0.36148631939091747,0.37304366499224434,0.09324519769585571,0.27875000000000005
11.489,0.3578117443526363,0.3703898351530618,0.09078837794916339,0.27635999999999994
11.495,0.35597445683349527,0.3677157763278064,0.08797146773867226,0.27322
11.501,0.35367784743456987,0.3651620020666049,0.0849676751355739,0.27081
11.506,0.3509219161558592,0.36261367705729847,0.08242880946042241,0.2683899999999999
11.511,0.34862530675693293,0.36006972165947065,0.0795982249285192,0.26591999999999993
11.516,0.34495073171865176,0.35743826636802756,0.07725079975310933,0.26353000000000004
11.521,0.34265412231972636,0.3547366472179702,0.07424700715001187,0.26122
11.526,0.3398981910410148,0.35206976928876943,0.07174004822481628,0.25906000000000007
11.531,0.3376015816420894,0.3494307494289623,0.06918750822825359,0.25648000000000004
11.536,0.33484565036337877,0.34681406822079747,0.06686287358852638,0.2541899999999999
11.54,0.33300836284423774,0.34426080167359424,0.06462028487726101,0.25205999999999995
11.545,0.3302524315655271,0.3417583856717111,0.06211788405920249,0.2497100000000001
11.55,0.32611853464746066,0.3390692359571996,0.0596109251340069,0.24682000000000004
11.555,0.3247405690081049,0.3363668550547798,0.05699457163753063,0.24453999999999998
11.56,0.3233626033687491,0.3339268757211807,0.05418221953417568,0.2416799999999999
11.565,0.3201473502102532,0.3315153017501813,0.051597772787656204,0.23869000000000007
11.57,0.3169320970517573,0.32894449775102613,0.04909537196959768,0.23642000000000007
11.575,0.3160134532921868,0.3264735208135745,0.04674794679418692,0.23341999999999996
11.581,0.31279820013369086,0.3240825925659424,0.0436940150125853,0.23085
11.585,0.30958294697519495,0.32152834382823364,0.04151068169409733,0.22858
11.59,0.3068270156964843,0.318888634578823,0.03919516326864425,0.22565999999999997
11.594,0.3054490500571285,0.316362404337202,0.03683862187896114,0.22314999999999996
11.599,0.30269311877841787,0.31392716992116737,0.034564126417738095,0.2207699999999999
11.604,0.29947786561992107,0.31138289511966283,0.031665170278785126,0.21828000000000003
11.609,0.29764057810078093,0.3088421874767273,0.02944993021033948,0.21527999999999992
11.614,0.2948846468220703,0.30634984212918426,0.02690194832091386,0.2127699999999999
11.619,0.2916693936635735,0.3037597715768722,0.02415796782460955,0.2101900000000001
11.623,0.2889134623848628,0.3010913377584215,0.02184244939915647,0.2080200000000001
11.629,0.2866168529859374,0.2984510702720307,0.018811308153237505,0.2056
11.634,0.28432024358701113,0.29587889050993876,0.016254210049538642,0.20333
11.639,0.2815643123083005,0.2933158066145486,0.013523903874644638,0.20084999999999997
11.644,0.2788083810295898,0.29071451456999436,0.010975921985219017,0.19866000000000006
11.649,0.27651177163066354,0.2881280863025572,0.008724217059679518,0.19616999999999996
11.655,0.2732965184721676,0.2855080750213037,0.005433263706969171,0.1937899999999999
11.66,0.27099990907324134,0.2828611344063573,0.002803235889081712,0.19087999999999994
11.665,0.26870329967431594,0.2802836036383482,0.0004056715351676843,0.18805000000000005
11.671,0.2645694027562495,0.27757972325749286,-0.002634585925023636,0.18575999999999993
11.676,0.26319143711689374,0.2748655302219613,-0.005036708386074729,0.18327000000000004
11.68,0.2604355058381831,0.27227957339528386,-0.007306645740160711,0.18033999999999994
11.685,0.2572202526796872,0.26961443826500164,-0.009836395201038961,0.1778200000000001
11.69,0.25400499952119127,0.2668403102548686,-0.012265866304909778,0.1751100000000001
11.694,0.25400499952119127,0.26429729692155346,-0.014499338801902795,0.17219000000000007
11.698,0.2503304244829101,0.26189410647155986,-0.016691788334664004,0.16957
11.703,0.24849313696376907,0.25942102876684797,-0.01924432833122669,0.16704000000000008
11.708,0.24665584944462804,0.25707391785426487,-0.0214960332567653,0.16409000000000007
11.712,0.24344059628613213,0.2546913107375649,-0.023702157110937705,0.16148000000000007
11.716,0.241603308766992,0.25228024015029277,-0.02608148903630525,0.1590799999999999
11.722,0.23976602124785096,0.24998285111097573,-0.028857376282567238,0.1567400000000001
11.726,0.2360914462095698,0.2475946127690697,-0.03110908120810585,0.15444999999999998
11.732,0.23287619305107388,0.2449970191109207,-0.033998921132785576,0.1519299999999999
11.738,0.23012026177236322,0.24232255271217232,-0.037039178592976896,0.1495899999999999
11.742,0.2282829742532222,0.23972294974357947,-0.03926353487569578,0.1473899999999999
11.748,0.22552704297451154,0.23718337778658888,-0.04224909505024588,0.14486
11.753,0.22323043357558525,0.23464644123072478,-0.04477428640398884,0.14240999999999993
11.757,0.21909653665751883,0.23197511227872047,-0.047121711579398706,0.13998
11.763,0.21771857101816394,0.22928702137608578,-0.04997508664698458,0.13759999999999994
11.768,0.21542196161923766,0.22676749704680083,-0.05243190639367601,0.13505999999999996
11.772,0.21312535222031226,0.22429213804018397,-0.05475654103340233,0.13273000000000001
11.777,0.20991009906181635,0.22176119027193153,-0.05727261617287205,0.13041999999999998
11.783,0.2071541677831048,0.21914016545582646,-0.060167014204687064,0.12746999999999997
11.788,0.20531688026396466,0.21658341588389254,-0.0626375082727888,0.12491999999999992
11.793,0.20210162710546786,0.2140327050513246,-0.06517637394794118,0.12199000000000004
11.797,0.20026433958632772,0.21148683652470213,-0.06735514915929297,0.11948000000000003
11.801,0.19796773018740232,0.20903585468549557,-0.06965699326333663,0.11694999999999989
11.806,0.19521179890869078,0.20656995621027366,-0.0719451630459691,0.11451999999999996
11.811,0.1915372238704096,0.20395559082291465,-0.07444300575689144,0.11224999999999996
11.815,0.19107790199062435,0.20144968315633074,-0.0766582458253362,0.10985
11.82,0.18924061447148421,0.1992127524174093,-0.07900567100074607,0.10741
11.824,0.1851067175534178,0.19682749210825198,-0.08134397996188358,0.1049199999999999
11.83,0.1828101081544915,0.19427778834102652,-0.08430219149361395,0.10261999999999993
11.835,0.1805134987555661,0.1917782292385098,-0.08700059091855117,0.10040000000000004
11.839,0.17683892371728493,0.18918237416620418,-0.08927964448691039,0.09800999999999993
11.844,0.17316434867900377,0.1863727962387758,-0.0918458588048825,0.09573000000000009
11.85,0.171786383039648,0.18361934901127466,-0.09487700005080146,0.09350999999999998
11.855,0.16903045176093734,0.18100191528260823,-0.09732926169035583,0.09122999999999992
11.86,0.1662745204822258,0.17835704153914955,-0.10008691650807044,0.08895000000000008
11.865,0.16305926732372988,0.17564466248606664,-0.10294940778992956,0.08672999999999997
11.871,0.1607626579248045,0.17292365458925996,-0.10561590046491087,0.08447000000000005
11.875,0.15892537040566346,0.1703322331049329,-0.10810006885442203,0.08226
11.881,0.15662876100673806,0.16784472354949953,-0.11096256013628114,0.07973999999999992
11.886,0.15249486408867163,0.16521302880648303,-0.113442170418657,0.07725000000000004
11.89,0.15019825468974535,0.1624657157615707,-0.11589443205821137,0.07464999999999988
11.895,0.14882028905039046,0.15989870275720375,-0.11816436941229647,0.0724499999999999
11.899,0.1451457140121093,0.15733976194866248,-0.12050267837343398,0.06987999999999994
11.904,0.1419304608536125,0.15460528648141345,-0.12304154404858636,0.0673999999999999
11.908,0.14101181709404287,0.15200306570728897,-0.12531148140267145,0.06478000000000006
11.913,0.13871520769511658,0.14959790025588238,-0.1275130471497068,0.062370000000000037
11.917,0.1350406326568354,0.14707773696463988,-0.13005191282486006,0.059700000000000086
11.922,0.13366266701747964,0.14455636370632025,-0.1324768258215938,0.057109999999999994
11.927,0.130906735738769,0.14212502397718835,-0.13490173881832845,0.05482000000000009
11.931,0.12723216070048782,0.1395383703375169,-0.13730386127937955,0.0525500000000001
11.936,0.12585419506113205,0.13696368022115743,-0.13991109856158257,0.049350000000000005
11.94,0.12355758566220665,0.134535088993688,-0.14221294266562534,0.04688000000000003
11.945,0.11988301062392548,0.13199614119001146,-0.1445147867696681,0.04458999999999991
11.95,0.11758640122499919,0.1293687013563422,-0.14758239287268005,0.04234999999999989
11.955,0.11620843558564431,0.12689781152079058,-0.15007111936932827,0.04018999999999995
11.961,0.1129931824271484,0.12446145123292754,-0.1530338890081948,0.037900000000000045
11.966,0.10931860738886634,0.12182526985457824,-0.15551805739770685,0.03577999999999992
11.97,0.10656267611015569,0.11907435909503862,-0.1581663176441408,0.03361999999999998
11.975,0.10610335423037043,0.11654996306307948,-0.1605547657837807,0.031360000000000054
11.979,0.10242877919208926,0.11411619945143182,-0.1628338193521408,0.0291300000000001
11.984,0.10013216979316386,0.1115731040492019,-0.16521315127750835,0.02696999999999994
11.988,0.09737623851445232,0.10903334213546144,-0.16767452913133596,0.02471000000000001
11.993,0.09507962911552692,0.10649625325828596,-0.17025441777071926,0.022589999999999888
11.998,0.09278301971660152,0.10400680970363266,-0.17252435512480435,0.020440000000000014
12.002,0.09140505407724575,0.10164657544730661,-0.1747532695146603,0.018219999999999903
12.007,0.08773047903896458,0.09925344506712735,-0.177173624404257,0.015700000000000047
12.011,0.0854338696400383,0.09674293238231557,-0.17947546850830154,0.013279999999999959
12.015,0.08405590400068341,0.09436580334579624,-0.18171349911243073,0.010860000000000092
12.019,0.08129997272197187,0.09205012925654302,-0.18396064593083317,0.008459999999999912
12.024,0.07854404144326121,0.08964722861499903,-0.18632630353478952,0.005970000000000031
12.028,0.07670675392412107,0.08726538706994304,-0.18860079899601256,0.00383
12.032,0.07349150076562427,0.0848549303743953,-0.19087529445723472,0.0013799999999999368
12.037,0.07211353512626939,0.0824670298287748,-0.19316802234700337,-0.0011799999999999589
12.041,0.0698169257273431,0.08018822023520748,-0.1956111677722845,-0.0034799999999999276
12.046,0.06660167256884719,0.07781488026118347,-0.19823663748303577,-0.006369999999999987
12.051,0.06338641941035128,0.07527473509653884,-0.20080740990814494,-0.009220000000000006
12.055,0.062467775650780766,0.07282834267046198,-0.20313204454787126,-0.011349999999999971
12.06,0.059252522492284854,0.07045712809457197,-0.20573016561580104,-0.013700000000000045
12.065,0.05511862557421843,0.06782768346077772,-0.20830549614804728,-0.016000000000000014
12.07,0.05419998181464791,0.06521868037399568,-0.2110038955729845,-0.01818999999999993
12.075,0.05144405053593726,0.06276257447986905,-0.21337866939121408,-0.019789999999999974
12.08,0.048688119257225715,0.06024706527510311,-0.21615455663747607,-0.02120999999999995
12.085,0.045013544218944546,0.057592918351222655,-0.2187754682410894,-0.02242999999999995
12.089,0.04409490045937492,0.05500960903400298,-0.22114112584504753,-0.023419999999999996
12.094,0.04087964730087812,0.05252860441157538,-0.22353869019896067,-0.02429999999999999
12.1,0.03766439414238221,0.049902125802897435,-0.22677950437316863,-0.025130000000000097
12.105,0.03490846286367155,0.047204497323588085,-0.2293502767982769,-0.025579999999999936
12.109,0.03398981910410104,0.04467732506293231,-0.23170226008082384,-0.02578999999999998
12.113,0.030774565945605126,0.042241335266660844,-0.2339585231135004,-0.02583000000000002
12.118,0.02847795654667884,0.0397419566306015,-0.23623757668185963,-0.025840000000000085
12.122,0.0266406690275387,0.03732825380938784,-0.23849839782167148,-0.02584999999999993
12.126,0.02296609398925753,0.03484674651125012,-0.24075921896148422,-0.025859999999999994
12.13,0.022506772109472273,0.03244737424491342,-0.24301092388702372,-0.02584999999999993
12.135,0.020210162710546875,0.03025036955074111,-0.2452671869197003,-0.02584999999999993
12.139,0.016994909552050075,0.027942626769558804,-0.24755991480946893,-0.025840000000000085
12.144,0.015157622032909934,0.025591587919874825,-0.24983896837782815,-0.025840000000000085
12.148,0.011942368874414022,0.023205831093935286,-0.2520861151962306,-0.02583000000000002
12.152,0.009645759475487736,0.020746732952885958,-0.2543378201217692,-0.02583000000000002
12.156,0.008267793836131965,0.018410831883969896,-0.25665789665435934,-0.02583000000000002
12.161,0.005052540677636053,0.016082715530418082,-0.25892327590130915,-0.025819999999999954
12.166,0.003215253158495912,0.013715339650000328,-0.26158065236201544,-0.02581000000000011
12.17,0.0009186437595696262,0.011407486359578762,-0.26414230857285226,-0.02581000000000011
12.175,-0.0013779656393557715,0.009101860780397328,-0.2666128026409531,-0.02583000000000002
12.18,-0.0041338969180664265,0.00675251965919869,-0.26914255210183136,-0.025840000000000085
12.185,-0.0068898281967779695,0.004322622312038497,-0.27167685966984756,-0.02584999999999993
12.189,-0.007808471956348484,0.002010136590149845,-0.27391944838111293,-0.02587000000000006
12.194,-0.011483046994629653,-0.0002992036137364647,-0.27649477891335916,-0.025879999999999903
12.199,-0.013779656393555051,-0.002742527164484354,-0.27915215537406723,-0.02588999999999997
12.204,-0.016076265792481337,-0.0051567827750778564,-0.2815861845850751,-0.025900000000000034
12.21,-0.01883219707119199,-0.0075932314555014774,-0.2845261636882572,-0.0259100000000001
12.216,-0.022047450229687904,-0.010138479943617374,-0.28750716575567203,-0.0259100000000001
12.22,-0.023884737748828933,-0.012679968360184837,-0.2897634287883477,-0.025919999999999943
12.225,-0.025722025267969073,-0.015081936019627946,-0.292170109356535,-0.025900000000000034
12.23,-0.026640669027539587,-0.01728102189113021,-0.2945859061389955,-0.02588999999999997
12.235,-0.025722025267969073,-0.019044410894175523,-0.29712477181414965,-0.025879999999999903
12.239,-0.025262703388183816,-0.02032192040642922,-0.2989571308831094,-0.02584999999999993
12.244,-0.02618134714775433,-0.021391823500256466,-0.3007849318449338,-0.025840000000000085
12.248,-0.025262703388183816,-0.022249750593703838,-0.30245319905697343,-0.02583000000000002
12.253,-0.02618134714775433,-0.022937699719113046,-0.30406221087623386,-0.025819999999999954
12.257,-0.02618134714775433,-0.023580351761651068,-0.3056848970169064,-0.02581000000000011
12.263,-0.02618134714775433,-0.024095677497349605,-0.30758562769291764,-0.02581000000000011
12.268,-0.025262703388183816,-0.024417899853403747,-0.30901687333384675,-0.025800000000000045
12.272,-0.026640669027539587,-0.024721783353443154,-0.31025212036789895,-0.02581000000000011
12.278,-0.02618134714775433,-0.025056463293117285,-0.3117562957230158,-0.02581000000000011
12.283,-0.026640669027539587,-0.025324834316190644,-0.3131601927211243,-0.025800000000000045
12.288,-0.025722025267969073,-0.025494532081676517,-0.3143908816480385,-0.025800000000000045
12.293,-0.027099990907324845,-0.02567611013235285,-0.31552129221794534,-0.025800000000000045
12.299,-0.026640669027539587,-0.02591271655556533,-0.31677477168054224,-0.025800000000000045
12.304,-0.025262703388183816,-0.02592043747073759,-0.31777299714348484,-0.02578999999999998
12.311,-0.02618134714775433,-0.025881126784179073,-0.3188487104277513,-0.025779999999999914
12.315,-0.02618134714775433,-0.025940608350566195,-0.3196099143195825,-0.02577000000000007
12.32,-0.025722025267969073,-0.0259428031660554,-0.3203893506399611,-0.025760000000000005
12.325,-0.025722025267969073,-0.025899061245802414,-0.3210776248176064,-0.02574999999999994
12.33,-0.02618134714775433,-0.025909487637726904,-0.321775015209524,-0.025740000000000096
12.335,-0.025722025267969073,-0.025917848286621678,-0.3223721272444342,-0.02573000000000003
12.339,-0.025262703388183816,-0.02583354870072593,-0.32291910010083935,-0.025719999999999965
12.344,-0.02618134714775433,-0.025811452969476227,-0.3234934216000669,-0.0257099999999999
12.349,-0.025722025267969073,-0.02583923686987316,-0.3239993714922429,-0.0257099999999999
12.354,-0.02618134714775433,-0.025861516047351662,-0.32449620517014566,-0.025700000000000056
12.358,-0.025722025267969073,-0.025879381132599855,-0.32494745777667955,-0.02568999999999999
12.363,-0.026640669027539587,-0.025939208558571788,-0.32538047795466785,-0.025679999999999925
12.368,-0.025722025267969073,-0.025987182594695873,-0.3258180562397923,-0.025679999999999925
12.372,-0.026640669027539587,-0.026025651709899237,-0.32618726291786704,-0.025679999999999925
12.378,-0.025722025267969073,-0.026056499079520214,-0.32658837634589943,-0.02567000000000008
12.382,-0.025262703388183816,-0.025944729117384133,-0.3269074438454682,-0.025660000000000016
12.388,-0.025722025267969073,-0.02585510373046511,-0.327235627559312,-0.02567000000000008
12.393,-0.025722025267969073,-0.025828737379737305,-0.3275364626303361,-0.02567000000000008
12.398,-0.025262703388183816,-0.025762093013029685,-0.3278372977013593,-0.02567000000000008
12.403,-0.02618134714775433,-0.02575415453674039,-0.32809710980815243,-0.02567000000000008
12.409,-0.02480338150839856,-0.02570228699687499,-0.3283523638078085,-0.025660000000000016
12.414,-0.026640669027539587,-0.025706197668584486,-0.32858938537891813,-0.02567000000000008
12.42,-0.025722025267969073,-0.02580033730305989,-0.3288765461285319,-0.025660000000000016
12.424,-0.025722025267969073,-0.02578482162498032,-0.3290543123068641,-0.02564999999999995
12.429,-0.025722025267969073,-0.02577238001164686,-0.32924119469946955,-0.025660000000000016
12.435,-0.025722025267969073,-0.025762403409815768,-0.32944630952062237,-0.02567000000000008
12.439,-0.02618134714775433,-0.0257999053206916,-0.32960128516327014,-0.02567000000000008
12.444,-0.026640669027539587,-0.025920980884551203,-0.32979272566301177,-0.025660000000000016
12.45,-0.025262703388183816,-0.025927064418343446,-0.3299796080556172,-0.025660000000000016
12.454,-0.02618134714775433,-0.025886440758809783,-0.3301026769483091,-0.02564999999999995
12.459,-0.02618134714775433,-0.02594486948677178,-0.33023942016241037,-0.025660000000000016
12.463,-0.02618134714775433,-0.025991721943824646,-0.33037616337651166,-0.025660000000000016
12.468,-0.025722025267969073,-0.025983789809381205,-0.33049467416206735,-0.025660000000000016
12.473,-0.025722025267969073,-0.02593192735487486,-0.33058583630480154,-0.02567000000000008
12.478,-0.025262703388183816,-0.025844838334501723,-0.3306815565546728,-0.02567000000000008
12.483,-0.026640669027539587,-0.025866007714209674,-0.3307863930188164,-0.02567000000000008
12.488,-0.025262703388183816,-0.02588298288187459,-0.33088211326868766,-0.025679999999999925
12.493,-0.025262703388183816,-0.025760089166594377,-0.3309322524471918,-0.02568999999999999
12.499,-0.025722025267969073,-0.025707045820146643,-0.3310097402685148,-0.025700000000000056
12.504,-0.02618134714775433,-0.02575551552849538,-0.3310963443041137,-0.025719999999999965
12.509,-0.025722025267969073,-0.02579438211019216,-0.33117839023257467,-0.02573000000000003
12.514,-0.025722025267969073,-0.025780046312769887,-0.33122852941107883,-0.025740000000000096
12.52,-0.025262703388183816,-0.025723048929690528,-0.33128778480385535,-0.025740000000000096
12.525,-0.02618134714775433,-0.025722846115324716,-0.3313379239823595,-0.02574999999999994
12.53,-0.025262703388183816,-0.025722683483829976,-0.33139262126799984,-0.02574999999999994
12.535,-0.025262703388183816,-0.025631549304022498,-0.3314108536965463,-0.025740000000000096
12.539,-0.025262703388183816,-0.02555847120709294,-0.3314290861250937,-0.025740000000000096
12.544,-0.02618134714775433,-0.025590875577049838,-0.3314701090893246,-0.025719999999999965
12.549,-0.025262703388183816,-0.025616859787295148,-0.3315202482678288,-0.0257099999999999
12.554,-0.02618134714775433,-0.02563769584067222,-0.33155671312492174,-0.02568999999999999
12.559,-0.025722025267969073,-0.025699905607686296,-0.3316068523034259,-0.025679999999999925
12.564,-0.025722025267969073,-0.025704288095356027,-0.33164331716052065,-0.025660000000000016
12.569,-0.025262703388183816,-0.0256623004117681,-0.33166154958906624,-0.025640000000000107
12.573,-0.025722025267969073,-0.025628631594892058,-0.3316797820176136,-0.02563000000000004
12.578,-0.025262703388183816,-0.02560163345798702,-0.33169345633902303,-0.025619999999999976
12.583,-0.02618134714775433,-0.025625486248492743,-0.33172080498184364,-0.02560999999999991
12.587,-0.025722025267969073,-0.02569011505750362,-0.33176182794607456,-0.02560999999999991
12.592,-0.025722025267969073,-0.025696437311196287,-0.3317891765888952,-0.02560999999999991
12.598,-0.02618134714775433,-0.025747008844757294,-0.3318347576602614,-0.025600000000000067
12.604,-0.025262703388183816,-0.025742058939748787,-0.33185754819594493,-0.025600000000000067
12.61,-0.026640669027539587,-0.025783591626327138,-0.33189857116017585,-0.02559
12.615,-0.02618134714775433,-0.025907899362990754,-0.3319532684458171,-0.02559
12.619,-0.025722025267969073,-0.025916574690970032,-0.3319806170886368,-0.02559
12.624,-0.02618134714775433,-0.025923531207836754,-0.3320079657314574,-0.02559
12.629,-0.02618134714775433,-0.02597461134032091,-0.33204898869568833,-0.02559
12.634,-0.025722025267969073,-0.025970069267384658,-0.3320672211242357,-0.025579999999999936
12.638,-0.025722025267969073,-0.025920925213855233,-0.332071779231371,-0.025579999999999936
12.643,-0.02618134714775433,-0.025927019777479566,-0.33209456976705454,-0.025579999999999936
12.648,-0.025722025267969073,-0.025931906847426574,-0.3321128021956019,-0.025579999999999936
12.653,-0.025722025267969073,-0.02589032377506844,-0.3321173603027381,-0.025579999999999936
12.658,-0.02618134714775433,-0.02590248129022298,-0.3321401508384225,-0.025579999999999936
12.663,-0.026640669027539587,-0.026003233851109885,-0.3321857319097896,-0.025579999999999936
12.668,-0.025722025267969073,-0.02603852278938382,-0.33221308055261023,-0.025579999999999936
12.673,-0.02618134714775433,-0.02602131817399022,-0.33222675487401965,-0.025579999999999936
12.678,-0.02618134714775433,-0.026053024131285907,-0.3322495454097032,-0.025570000000000093
12.683,-0.025722025267969073,-0.02603294641787597,-0.33225866162397644,-0.025570000000000093
12.687,-0.025722025267969073,-0.02597134474369536,-0.33225410351684115,-0.025570000000000093
12.692,-0.02618134714775433,-0.025967449869642386,-0.3322632197311126,-0.025570000000000093
12.696,-0.025262703388183816,-0.025918824787840414,-0.33225866162397644,-0.025560000000000027
12.701,-0.025722025267969073,-0.02583433173131737,-0.332244987302567,-0.025560000000000027
12.705,-0.025722025267969073,-0.025812080861070587,-0.33224042919542907,-0.025570000000000093
12.71,-0.026640669027539587,-0.025885242244543496,-0.3322632197311126,-0.025570000000000093
12.716,-0.025722025267969073,-0.025943908429768712,-0.3322905683739332,-0.025570000000000093
12.721,-0.025722025267969073,-0.02589994752764469,-0.33228601026679794,-0.025579999999999936
12.727,-0.025722025267969073,-0.025864696438829094,-0.3322768940525238,-0.025579999999999936
12.731,-0.025262703388183816,-0.025790927634807777,-0.33225866162397644,-0.02559
12.737,-0.02618134714775433,-0.025777276260002487,-0.33225410351684115,-0.02559
12.742,-0.025722025267969073,-0.02581183146727963,-0.3322632197311126,-0.025600000000000067
12.746,-0.025722025267969073,-0.02579403849233732,-0.33225866162397644,-0.02560999999999991
12.751,-0.02618134714775433,-0.02582527265961722,-0.33226777783825057,-0.02560999999999991
12.756,-0.02618134714775433,-0.025895820400125762,-0.3322905683739332,-0.025619999999999976
12.761,-0.026640669027539587,-0.02599789265888991,-0.3323224751238909,-0.025619999999999976
12.766,-0.025722025267969073,-0.026034239828110723,-0.33234526565957356,-0.02563000000000004
12.771,-0.02618134714775433,-0.026017883780223554,-0.3323498237667115,-0.02563000000000004
12.775,-0.025722025267969073,-0.026004768296489483,-0.3323543818738477,-0.025640000000000107
12.781,-0.025262703388183816,-0.025903247565846086,-0.33232703323102797,-0.025640000000000107
12.787,-0.025722025267969073,-0.02582184076754066,-0.33229968458820736,-0.025660000000000016
12.791,-0.026640669027539587,-0.025893068456317718,-0.3323179170167547,-0.02567000000000008
12.796,-0.026640669027539587,-0.026041187832627235,-0.33235893998098476,-0.025679999999999925
12.8,-0.025722025267969073,-0.026068957086878425,-0.33237717240953035,-0.02568999999999999
12.804,-0.026640669027539587,-0.02609122451999865,-0.33239084673094155,-0.02568999999999999
12.809,-0.025722025267969073,-0.02610908018775547,-0.33240452105235185,-0.025700000000000056
12.813,-0.025722025267969073,-0.02603239440724223,-0.33239084673094155,-0.025700000000000056
12.818,-0.02618134714775433,-0.026016403985865518,-0.3323954048380777,-0.0257099999999999
12.822,-0.02618134714775433,-0.02604908357334304,-0.33240452105235185,-0.025719999999999965
12.827,-0.02618134714775433,-0.02607528847326473,-0.33241819537376127,-0.02573000000000003
12.831,-0.02618134714775433,-0.02609630149187698,-0.33243186969517247,-0.025740000000000096
12.837,-0.025262703388183816,-0.026022147507802146,-0.33241819537376127,-0.025740000000000096
12.841,-0.02618134714775433,-0.025962685382314415,-0.33240452105235185,-0.02574999999999994
12.847,-0.026640669027539587,-0.026051509925868094,-0.33243642780230864,-0.02574999999999994
12.852,-0.02618134714775433,-0.02612273598635662,-0.33246377644512926,-0.02574999999999994
12.858,-0.02618134714775433,-0.026134348402137436,-0.3324774507665387,-0.025760000000000005
12.863,-0.02618134714775433,-0.026143660092304722,-0.3324865669808128,-0.02577000000000007
12.868,-0.02618134714775433,-0.026151126891238562,-0.33249568319508604,-0.025779999999999914
12.874,-0.025262703388183816,-0.02606611055061672,-0.3324728926594034,-0.025779999999999914
12.879,-0.025262703388183816,-0.02590693441779532,-0.3324273115880345,-0.025779999999999914
12.884,-0.025262703388183816,-0.025779295272002074,-0.3323862886238045,-0.025779999999999914
12.889,-0.02618134714775433,-0.025767948574841652,-0.33237717240953035,-0.025779999999999914
12.893,-0.027559312787110102,-0.025986359382178068,-0.3324273115880345,-0.02578999999999998
12.898,-0.026640669027539587,-0.026206999137273177,-0.332491125087949,-0.02578999999999998
12.902,-0.025262703388183816,-0.02615641491713758,-0.3324865669808128,-0.025800000000000045
12.907,-0.025262703388183816,-0.02597934710932022,-0.33243642780230864,-0.02578999999999998
12.912,-0.025722025267969073,-0.025882862985835114,-0.3324090791594889,-0.025800000000000045
12.917,-0.025262703388183816,-0.025805494910069216,-0.3323862886238045,-0.02578999999999998
12.921,-0.02618134714775433,-0.025788957374111417,-0.33237261430239506,-0.02578999999999998
12.925,-0.026640669027539587,-0.025912202014723697,-0.3323999629452157,-0.02578999999999998
12.93,-0.02618134714775433,-0.02601102864389553,-0.33243186969517247,-0.02578999999999998
12.935,-0.02618134714775433,-0.026044773228285432,-0.3324409859094457,-0.02578999999999998
12.941,-0.025262703388183816,-0.02598082835126494,-0.3324227534808992,-0.025779999999999914
12.946,-0.025722025267969073,-0.025884050754712187,-0.3323954048380777,-0.025779999999999914
12.95,-0.025722025267969073,-0.02585194923557689,-0.3323862886238045,-0.02578999999999998
12.954,-0.025262703388183816,-0.025780705988474716,-0.33236349808812093,-0.025779999999999914
12.959,-0.026640669027539587,-0.025814581676150382,-0.33236349808812093,-0.025779999999999914
12.964,-0.025262703388183816,-0.025841745697297528,-0.3323680561952589,-0.025779999999999914
12.97,-0.02618134714775433,-0.02581802592499364,-0.3323543818738477,-0.025779999999999914
12.975,-0.025722025267969073,-0.025844507549671124,-0.33235893998098476,-0.02577000000000007
12.98,-0.026640669027539587,-0.025911244351520927,-0.33237717240953035,-0.025779999999999914
12.985,-0.02618134714775433,-0.026010260719012617,-0.3324090791594889,-0.025779999999999914
12.991,-0.02618134714775433,-0.026044157449560627,-0.3324227534808992,-0.02577000000000007
12.996,-0.026640669027539587,-0.026116840229381523,-0.33245010212371984,-0.025760000000000005
13.0,-0.026640669027539587,-0.02622062451990089,-0.3324865669808128,-0.025760000000000005
13.004,-0.026640669027539587,-0.02630384640721432,-0.3325184737307696,-0.025760000000000005
13.009,-0.02618134714775433,-0.026325077960373807,-0.33254126426645314,-0.02574999999999994
13.014,-0.02618134714775433,-0.026296601098341903,-0.3325458223735902,-0.02574999999999994
13.02,-0.02618134714775433,-0.02627376625319145,-0.33255493858786433,-0.02574999999999994
13.025,-0.025722025267969073,-0.026209953707732832,-0.3325458223735902,-0.02573000000000003
13.031,-0.02618134714775433,-0.026158784109320928,-0.33253670615931696,-0.0257099999999999
13.036,-0.025722025267969073,-0.026117752556938597,-0.33252758994504283,-0.0257099999999999
13.041,-0.025722025267969073,-0.026039348551528296,-0.33250935751649635,-0.0257099999999999
13.046,-0.02618134714775433,-0.026021980330890763,-0.3325047994093602,-0.025719999999999965
13.052,-0.025262703388183816,-0.02596255132755516,-0.3324820088736766,-0.025719999999999965
13.058,-0.02618134714775433,-0.025914896776042647,-0.3324592183379922,-0.025719999999999965
13.062,-0.025262703388183816,-0.025876683847129222,-0.3324455440165819,-0.025719999999999965
13.067,-0.026640669027539587,-0.025891543791491327,-0.3324409859094457,-0.025740000000000096
13.072,-0.02618134714775433,-0.02599446335913676,-0.33246833455226543,-0.025740000000000096
13.076,-0.02618134714775433,-0.0260314899630185,-0.3324774507665387,-0.02574999999999994
13.081,-0.025262703388183816,-0.025970176850930286,-0.33246377644512926,-0.02577000000000007
13.085,-0.02618134714775433,-0.02592101148226509,-0.33245010212371984,-0.02578999999999998
13.09,-0.025722025267969073,-0.02592708895384381,-0.3324455440165819,-0.025800000000000045
13.094,-0.02618134714775433,-0.025931962318129904,-0.3324455440165819,-0.02581000000000011
13.098,-0.025262703388183816,-0.025890368255563494,-0.33243186969517247,-0.02581000000000011
13.103,-0.025722025267969073,-0.025811513188061644,-0.33240452105235185,-0.025800000000000045
13.107,-0.02480338150839856,-0.025702779502722692,-0.3323680561952589,-0.025800000000000045
13.112,-0.025262703388183816,-0.025570086941196633,-0.3323179170167547,-0.025800000000000045
13.116,-0.025722025267969073,-0.025554688043143765,-0.33229968458820736,-0.02578999999999998
13.12,-0.02618134714775433,-0.02563334384253399,-0.33230424269534353,-0.02578999999999998
13.125,-0.02618134714775433,-0.025741917740025974,-0.3323224751238909,-0.02577000000000007
13.13,-0.02618134714775433,-0.025828980286939772,-0.33234526565957356,-0.02577000000000007
13.135,-0.025262703388183816,-0.025807789678862488,-0.3323361494453021,-0.025760000000000005
13.139,-0.025722025267969073,-0.025745295603778674,-0.3323133589096168,-0.025760000000000005
13.144,-0.02618134714775433,-0.025786187021909827,-0.3323179170167547,-0.025760000000000005
13.15,-0.026640669027539587,-0.025909980542306383,-0.33235893998098476,-0.025760000000000005
13.154,-0.02618134714775433,-0.0260092473037114,-0.33239084673094155,-0.025760000000000005
13.16,-0.02618134714775433,-0.026043344818539326,-0.33240452105235185,-0.02574999999999994
13.165,-0.02618134714775433,-0.02607068671703357,-0.3324227534808992,-0.025760000000000005
13.17,-0.02480338150839856,-0.0259561058099883,-0.3323954048380777,-0.02574999999999994
13.175,-0.025262703388183816,-0.025773222630531535,-0.3323361494453021,-0.025760000000000005
13.181,-0.025262703388183816,-0.02567207531379398,-0.3322951264810712,-0.02577000000000007
13.185,-0.02618134714775433,-0.025681971716156285,-0.3322905683739332,-0.02577000000000007
13.191,-0.025262703388183816,-0.025689907380389117,-0.33228145215966,-0.025760000000000005
13.196,-0.025722025267969073,-0.025650768895442523,-0.3322632197311126,-0.025760000000000005
13.202,-0.025722025267969073,-0.025664886660814828,-0.33225410351684115,-0.02574999999999994
13.207,-0.02618134714775433,-0.02572170920973959,-0.33226777783825057,-0.025760000000000005
13.212,-0.026640669027539587,-0.025858277484051662,-0.33230424269534353,-0.02577000000000007
13.218,-0.026640669027539587,-0.026013289868889556,-0.3323543818738477,-0.02577000000000007
13.222,-0.02618134714775433,-0.026092088329962154,-0.3323817305166683,-0.02577000000000007
13.226,-0.025722025267969073,-0.02606427096925032,-0.3323862886238045,-0.02577000000000007
13.231,-0.025722025267969073,-0.02599646307587814,-0.33237261430239506,-0.025760000000000005
13.236,-0.02480338150839856,-0.025851085943374454,-0.3323361494453021,-0.02574999999999994
13.241,-0.026640669027539587,-0.02582551562215882,-0.33232703323102797,-0.02574999999999994
13.246,-0.025722025267969073,-0.025896015225384553,-0.3323498237667115,-0.02574999999999994
13.25,-0.02618134714775433,-0.025907045114232252,-0.3323498237667115,-0.025740000000000096
13.255,-0.02618134714775433,-0.025961391576353486,-0.3323680561952589,-0.02573000000000003
13.259,-0.025262703388183816,-0.025913966802119475,-0.33235893998098476,-0.02573000000000003
13.264,-0.025722025267969073,-0.02583043624060085,-0.33233159133816415,-0.02573000000000003
13.268,-0.025262703388183816,-0.025763455284782372,-0.3323133589096168,-0.02573000000000003
13.273,-0.02618134714775433,-0.02575524690655595,-0.33230424269534353,-0.025719999999999965
13.279,-0.026640669027539587,-0.02588517047923654,-0.3323407075524374,-0.025719999999999965
13.283,-0.025262703388183816,-0.025898348998111432,-0.33234526565957356,-0.0257099999999999
13.287,-0.026640669027539587,-0.025908916505074923,-0.3323498237667115,-0.025719999999999965
13.292,-0.02618134714775433,-0.026008394080298387,-0.33237717240953035,-0.0257099999999999
13.296,-0.02618134714775433,-0.026042660641171292,-0.33239084673094155,-0.025700000000000056
13.301,-0.026640669027539587,-0.026115639978182777,-0.33241819537376127,-0.025700000000000056
13.305,-0.026640669027539587,-0.02621966207009746,-0.332454660230856,-0.025700000000000056
13.31,-0.025722025267969073,-0.026212070874184465,-0.33246833455226543,-0.025700000000000056
13.316,-0.02618134714775433,-0.026160481809300182,-0.33246377644512926,-0.025700000000000056
13.32,-0.025262703388183816,-0.026073612012859747,-0.3324455440165819,-0.025700000000000056
13.325,-0.02618134714775433,-0.02600395341256362,-0.33243186969517247,-0.025719999999999965
13.33,-0.026640669027539587,-0.026084601671698408,-0.3324592183379922,-0.025740000000000096
13.335,-0.025262703388183816,-0.026058267615300872,-0.332454660230856,-0.02574999999999994
13.34,-0.02480338150839856,-0.025855143489718527,-0.3323954048380777,-0.025760000000000005
13.345,-0.026640669027539587,-0.025828769261634753,-0.3323862886238045,-0.02577000000000007
13.35,-0.02618134714775433,-0.025944126118079048,-0.33241819537376127,-0.02577000000000007
13.356,-0.02618134714775433,-0.02599112585606156,-0.33243186969517247,-0.02577000000000007
13.36,-0.02618134714775433,-0.026028813707263003,-0.3324455440165819,-0.02577000000000007
13.366,-0.02618134714775433,-0.026059034601871194,-0.3324592183379922,-0.02577000000000007
13.371,-0.02618134714775433,-0.02608326794078027,-0.33246833455226543,-0.02577000000000007
13.376,-0.02618134714775433,-0.026102700016577357,-0.3324774507665387,-0.02574999999999994
13.381,-0.026640669027539587,-0.026163783970972125,-0.3325047994093602,-0.02573000000000003
13.386,-0.02618134714775433,-0.026212765584122444,-0.33252758994504283,-0.025719999999999965
13.391,-0.027099990907324845,-0.02629754453373728,-0.3325594966950005,-0.0257099999999999
13.396,-0.025722025267969073,-0.026320024654119603,-0.332577729123547,-0.025700000000000056
13.401,-0.025262703388183816,-0.02615604333039043,-0.33254126426645314,-0.025700000000000056
13.406,-0.025722025267969073,-0.026024551028649937,-0.3325002413022222,-0.025700000000000056
13.411,-0.02618134714775433,-0.02601011458728604,-0.33249568319508604,-0.025700000000000056
13.417,-0.025722025267969073,-0.0259985383854314,-0.332491125087949,-0.02568999999999999
13.422,-0.026640669027539587,-0.026034757619206105,-0.3325002413022222,-0.02568999999999999
13.427,-0.026640669027539587,-0.026154804638103504,-0.33254126426645314,-0.02568999999999999
13.433,-0.02618134714775433,-0.026205565293747065,-0.3325640548021376,-0.02568999999999999
13.437,-0.025722025267969073,-0.0261552651558032,-0.33255493858786433,-0.02568999999999999
13.442,-0.025722025267969073,-0.026069428915906384,-0.33253670615931696,-0.025700000000000056
13.447,-0.026640669027539587,-0.026091602867261032,-0.33254126426645314,-0.025700000000000056
13.451,-0.025722025267969073,-0.026109383574453762,-0.3325458223735902,-0.0257099999999999
13.456,-0.025722025267969073,-0.02603263768503978,-0.33252758994504283,-0.0257099999999999
13.46,-0.025722025267969073,-0.02597109717897073,-0.33250935751649635,-0.0257099999999999
13.466,-0.026640669027539587,-0.02601275323896333,-0.3325184737307696,-0.0257099999999999
13.47,-0.025722025267969073,-0.02604615613561828,-0.33252303183790755,-0.02573000000000003
13.475,-0.02618134714775433,-0.026027439153157392,-0.3325184737307696,-0.025740000000000096
13.479,-0.026640669027539587,-0.026103434268109543,-0.33253670615931696,-0.025740000000000096
13.483,-0.025722025267969073,-0.026118870862975437,-0.33254126426645314,-0.025740000000000096
13.487,-0.025262703388183816,-0.02599474340671706,-0.33250935751649635,-0.02574999999999994
13.493,-0.02618134714775433,-0.02594071075589441,-0.332491125087949,-0.02574999999999994
13.499,-0.02618134714775433,-0.025988387167138194,-0.3325002413022222,-0.02574999999999994
13.503,-0.025722025267969073,-0.025981115739844993,-0.33249568319508604,-0.025740000000000096
13.509,-0.025262703388183816,-0.025884281204040353,-0.33246377644512926,-0.02574999999999994
13.513,-0.025722025267969073,-0.025806632141870595,-0.33243642780230864,-0.025760000000000005
13.518,-0.026640669027539587,-0.025880873060219016,-0.33245010212371984,-0.02574999999999994
13.523,-0.027099990907324845,-0.026076910550856605,-0.3325002413022222,-0.02574999999999994
13.528,-0.026640669027539587,-0.02623410784799479,-0.3325503804807264,-0.025740000000000096
13.533,-0.026640669027539587,-0.026314658332657226,-0.33258228723068317,-0.025740000000000096
13.537,-0.02618134714775433,-0.026333747758436193,-0.33259596155209437,-0.02574999999999994
13.543,-0.02618134714775433,-0.02630355318091401,-0.33260051965923054,-0.025740000000000096
13.548,-0.025262703388183816,-0.02618833717508458,-0.33257317101640993,-0.025740000000000096
13.552,-0.025722025267969073,-0.026050446611599963,-0.33254126426645314,-0.025740000000000096
13.557,-0.025722025267969073,-0.025985377687821807,-0.3325184737307696,-0.025740000000000096
13.562,-0.02618134714775433,-0.025978702517696562,-0.3325139156236334,-0.025740000000000096
13.566,-0.026640669027539587,-0.02606435364459649,-0.332532148052179,-0.02574999999999994
13.571,-0.025262703388183816,-0.026042031256008322,-0.33252758994504283,-0.02574999999999994
13.576,-0.025722025267969073,-0.0259331277510121,-0.3324865669808128,-0.025760000000000005
13.582,-0.02618134714775433,-0.025936804670425546,-0.3324820088736766,-0.025760000000000005
13.586,-0.026640669027539587,-0.026030756865095327,-0.3325047994093602,-0.025760000000000005
13.591,-0.025722025267969073,-0.026060592768924654,-0.33250935751649635,-0.025760000000000005
13.596,-0.025722025267969073,-0.025993513623976634,-0.332491125087949,-0.025760000000000005
13.6,-0.02618134714775433,-0.025985226510475024,-0.3324865669808128,-0.025740000000000096
13.605,-0.02618134714775433,-0.026024083177515495,-0.33249568319508604,-0.02573000000000003
13.61,-0.02618134714775433,-0.02605524131474065,-0.3325047994093602,-0.02573000000000003
13.615,-0.025262703388183816,-0.02598922243390504,-0.3324865669808128,-0.0257099999999999
13.619,-0.025722025267969073,-0.025890781748353686,-0.332454660230856,-0.025700000000000056
13.624,-0.025722025267969073,-0.025857346641981437,-0.33243642780230864,-0.025679999999999925
13.629,-0.02618134714775433,-0.025876037796318915,-0.33243642780230864,-0.025660000000000016
13.634,-0.025262703388183816,-0.025845523855424313,-0.3324227534808992,-0.02567000000000008
13.638,-0.025722025267969073,-0.025775553645472446,-0.3323954048380777,-0.025660000000000016
13.643,-0.02618134714775433,-0.02581045014808781,-0.3323954048380777,-0.02564999999999995
13.648,-0.025262703388183816,-0.02579293084888232,-0.3323862886238045,-0.025660000000000016
13.653,-0.02618134714775433,-0.025778882584573788,-0.33237261430239506,-0.02567000000000008
13.657,-0.026640669027539587,-0.025904123306516404,-0.3323999629452157,-0.025679999999999925
13.662,-0.025262703388183816,-0.025913546770801914,-0.3323999629452157,-0.0257099999999999
13.666,-0.02618134714775433,-0.025875601313506316,-0.33239084673094155,-0.02573000000000003
13.671,-0.025262703388183816,-0.025845173851360478,-0.33237717240953035,-0.02574999999999994
13.676,-0.02618134714775433,-0.025820774871387085,-0.33236349808812093,-0.025779999999999914
13.681,-0.02618134714775433,-0.025892213742284054,-0.3323817305166683,-0.02581000000000011
13.686,-0.027099990907324845,-0.026040502459969788,-0.3324273115880345,-0.02583000000000002
13.69,-0.02480338150839856,-0.02602290561965852,-0.3324227534808992,-0.02584999999999993
13.694,-0.025722025267969073,-0.02587228952233384,-0.3323862886238045,-0.02587000000000006
13.7,-0.025722025267969073,-0.025842518213302135,-0.33237261430239506,-0.025879999999999903
13.705,-0.026640669027539587,-0.025909649155115958,-0.3323862886238045,-0.02588999999999997
13.71,-0.02618134714775433,-0.026008981573057168,-0.33241819537376127,-0.025900000000000034
13.714,-0.02618134714775433,-0.026043131736131077,-0.33243186969517247,-0.0259100000000001
13.719,-0.025722025267969073,-0.026025013966917206,-0.33243186969517247,-0.0259100000000001
13.724,-0.02618134714775433,-0.02601048580528174,-0.3324273115880345,-0.02593000000000001
13.73,-0.025722025267969073,-0.025998836055358632,-0.3324273115880345,-0.025919999999999943
13.735,-0.025262703388183816,-0.025898490658028562,-0.3323999629452157,-0.02593000000000001
13.74,-0.025722025267969073,-0.025818026328530974,-0.33237261430239506,-0.025940000000000074
13.745,-0.026640669027539587,-0.02589000975820609,-0.33239084673094155,-0.025949999999999918
13.751,-0.025262703388183816,-0.02590222948837703,-0.33239084673094155,-0.025959999999999983
13.756,-0.025722025267969073,-0.025821024398049848,-0.33236349808812093,-0.025959999999999983
13.761,-0.02618134714775433,-0.02584691194618959,-0.3323680561952589,-0.025949999999999918
13.766,-0.025722025267969073,-0.025867670488771758,-0.3323680561952589,-0.025949999999999918
13.771,-0.02618134714775433,-0.025884316216973194,-0.33237261430239506,-0.025940000000000074
13.775,-0.02618134714775433,-0.02594316587266571,-0.3323862886238045,-0.02593000000000001
13.78,-0.025262703388183816,-0.02589935209067402,-0.33237717240953035,-0.02593000000000001
13.784,-0.027099990907324845,-0.02595522274351319,-0.33239084673094155,-0.025919999999999943
13.789,-0.026640669027539587,-0.026136529602390633,-0.3324409859094457,-0.0259100000000001
13.793,-0.025722025267969073,-0.026145409139301825,-0.332454660230856,-0.025900000000000034
13.797,-0.02618134714775433,-0.02610702752098007,-0.33245010212371984,-0.025900000000000034
13.802,-0.025722025267969073,-0.02607625031280246,-0.33245010212371984,-0.025919999999999943
13.806,-0.026640669027539587,-0.02609707276565283,-0.3324592183379922,-0.02593000000000001
13.811,-0.02618134714775433,-0.02615927162676298,-0.3324820088736766,-0.025949999999999918
13.816,-0.025722025267969073,-0.026118143484326766,-0.3324774507665387,-0.025959999999999983
13.821,-0.025722025267969073,-0.026039662025897907,-0.33246377644512926,-0.025980000000000114
13.826,-0.025722025267969073,-0.025976729812777065,-0.3324455440165819,-0.026000000000000023
13.832,-0.02618134714775433,-0.02597176801461452,-0.3324409859094457,-0.026019999999999932
13.836,-0.025722025267969073,-0.02596778927943708,-0.3324409859094457,-0.026029999999999998
13.841,-0.02618134714775433,-0.025964598836558585,-0.3324409859094457,-0.026040000000000063
13.847,-0.025722025267969073,-0.025962040504499028,-0.33243642780230864,-0.026049999999999907
13.852,-0.026640669027539587,-0.026005490930394795,-0.33245010212371984,-0.026049999999999907
13.857,-0.02618134714775433,-0.02608583456672566,-0.3324774507665387,-0.026049999999999907
13.861,-0.025262703388183816,-0.02601375435638104,-0.33246377644512926,-0.026040000000000063
13.867,-0.02618134714775433,-0.02595595513539288,-0.3324409859094457,-0.026029999999999998
13.871,-0.02618134714775433,-0.026000611233289596,-0.332454660230856,-0.026000000000000023
13.875,-0.025722025267969073,-0.02599091789632429,-0.33245010212371984,-0.025989999999999958
13.88,-0.025722025267969073,-0.02593764317993248,-0.33243642780230864,-0.02597000000000005
13.884,-0.025262703388183816,-0.02584942170397381,-0.3324090791594889,-0.025949999999999918
13.888,-0.02618134714775433,-0.025824181112444784,-0.3323999629452157,-0.02593000000000001
13.894,-0.02618134714775433,-0.025894945117216114,-0.3324136372666251,-0.0259100000000001
13.899,-0.02618134714775433,-0.02595168890764389,-0.3324273115880345,-0.025900000000000034
13.903,-0.025262703388183816,-0.025906186487796874,-0.33241819537376127,-0.025879999999999903
13.909,-0.02618134714775433,-0.025869699296546186,-0.3323999629452157,-0.025859999999999994
13.915,-0.02618134714775433,-0.02593144494940692,-0.33241819537376127,-0.025859999999999994
13.92,-0.027099990907324845,-0.026071960931015936,-0.332454660230856,-0.025859999999999994
13.926,-0.025262703388183816,-0.02609363322344566,-0.33246833455226543,-0.025859999999999994
13.931,-0.02618134714775433,-0.026020007893669775,-0.33245010212371984,-0.025840000000000085
13.935,-0.02618134714775433,-0.02605197345202962,-0.33246377644512926,-0.025840000000000085
13.94,-0.025722025267969073,-0.026032103905871202,-0.3324592183379922,-0.025840000000000085
13.946,-0.026640669027539587,-0.02606167292542132,-0.3324728926594034,-0.025840000000000085
13.951,-0.025722025267969073,-0.026085383542901616,-0.3324820088736766,-0.025840000000000085
13.957,-0.02618134714775433,-0.026058894577212367,-0.3324774507665387,-0.02584999999999993
13.962,-0.025262703388183816,-0.025992151888798703,-0.33246377644512926,-0.02584999999999993
13.966,-0.02618134714775433,-0.025938632685975606,-0.3324455440165819,-0.02584999999999993
13.971,-0.02618134714775433,-0.025986720817638222,-0.3324592183379922,-0.02584999999999993
13.977,-0.026640669027539587,-0.026070783307995938,-0.3324865669808128,-0.025840000000000085
13.981,-0.025722025267969073,-0.026092688918582393,-0.33249568319508604,-0.02584999999999993
13.986,-0.025722025267969073,-0.02601925068048725,-0.3324774507665387,-0.025840000000000085
13.99,-0.02618134714775433,-0.026005864377786035,-0.3324728926594034,-0.025840000000000085
13.995,-0.02618134714775433,-0.02604063213939741,-0.3324865669808128,-0.025840000000000085
14.0,-0.026640669027539587,-0.02611401337607184,-0.33250935751649635,-0.025840000000000085
14.005,-0.025722025267969073,-0.026127353970836067,-0.3325184737307696,-0.02583000000000002
14.01,-0.02618134714775433,-0.02609254955723466,-0.33250935751649635,-0.02583000000000002
14.015,-0.026640669027539587,-0.02615564458514244,-0.332532148052179,-0.02583000000000002
14.019,-0.02618134714775433,-0.02620623882514063,-0.3325503804807264,-0.025819999999999954
14.024,-0.025722025267969073,-0.026155805242876657,-0.3325458223735902,-0.02583000000000002
14.029,-0.025722025267969073,-0.026069861997496495,-0.33252303183790755,-0.025840000000000085
14.034,-0.02618134714775433,-0.026046448259025183,-0.3325139156236334,-0.02583000000000002
14.04,-0.025722025267969073,-0.02602767339921842,-0.33250935751649635,-0.02583000000000002
14.045,-0.026640669027539587,-0.02605812021890327,-0.3325139156236334,-0.025819999999999954
14.049,-0.026640669027539587,-0.026173538491075052,-0.3325458223735902,-0.025819999999999954
14.054,-0.025722025267969073,-0.026175085591761797,-0.3325503804807264,-0.02581000000000011
14.06,-0.025722025267969073,-0.02608532240113035,-0.33252758994504283,-0.02581000000000011
14.065,-0.027559312787110102,-0.026195351204084432,-0.33256861290927375,-0.02581000000000011
14.07,-0.025722025267969073,-0.026283580401343987,-0.33259596155209437,-0.02581000000000011
14.075,-0.026640669027539587,-0.026263325299431685,-0.33260051965923054,-0.025800000000000045
14.08,-0.025722025267969073,-0.026247083267035145,-0.3326050777663667,-0.025800000000000045
14.085,-0.02618134714775433,-0.026188557324369095,-0.3325914034449573,-0.025800000000000045
14.09,-0.02618134714775433,-0.02618712879835618,-0.33259596155209437,-0.025800000000000045
14.095,-0.02618134714775433,-0.02618598330099549,-0.33259596155209437,-0.025800000000000045
14.1,-0.025722025267969073,-0.02613956287190273,-0.3325868453378211,-0.025800000000000045
14.104,-0.025722025267969073,-0.026056837668283175,-0.3325640548021376,-0.02581000000000011
14.108,-0.025722025267969073,-0.0259905025077386,-0.3325458223735902,-0.02581000000000011
14.113,-0.025722025267969073,-0.025937310090773255,-0.33252758994504283,-0.025800000000000045
14.118,-0.025262703388183816,-0.025849154608555653,-0.332491125087949,-0.02578999999999998
14.123,-0.02618134714775433,-0.02582396693566831,-0.3324728926594034,-0.02578999999999998
14.129,-0.02480338150839856,-0.025758267719656686,-0.33243642780230864,-0.02578999999999998
14.134,-0.02480338150839856,-0.025569079595004835,-0.33235893998098476,-0.02578999999999998
14.139,-0.027099990907324845,-0.025644884048679383,-0.33235893998098476,-0.02578999999999998
14.143,-0.025722025267969073,-0.025796673412138725,-0.33239084673094155,-0.02578999999999998
14.148,-0.02618134714775433,-0.02582738553236217,-0.33239084673094155,-0.02578999999999998
14.153,-0.025262703388183816,-0.025806510887196762,-0.33237717240953035,-0.02578999999999998
14.158,-0.02618134714775433,-0.02578977205939373,-0.3323680561952589,-0.02578999999999998
14.163,-0.026640669027539587,-0.025912855289380404,-0.3323999629452157,-0.02578999999999998
14.168,-0.026640669027539587,-0.026057054372574582,-0.33243642780230864,-0.02578999999999998
14.172,-0.02618134714775433,-0.026127181932045638,-0.3324592183379922,-0.025800000000000045
14.176,-0.025262703388183816,-0.026046909718913717,-0.3324455440165819,-0.025800000000000045
14.18,-0.026640669027539587,-0.02602804343174117,-0.3324455440165819,-0.02578999999999998
14.185,-0.02618134714775433,-0.026103918823180004,-0.33246833455226543,-0.02578999999999998
14.189,-0.02618134714775433,-0.026119259414915903,-0.3324774507665387,-0.02578999999999998
14.194,-0.025722025267969073,-0.02608605874617579,-0.3324728926594034,-0.02578999999999998
14.199,-0.025722025267969073,-0.026013934119973808,-0.3324592183379922,-0.02578999999999998
14.203,-0.026640669027539587,-0.026047103052978245,-0.33246833455226543,-0.02578999999999998
14.208,-0.025722025267969073,-0.02607370034618118,-0.3324774507665387,-0.02578999999999998
14.212,-0.025722025267969073,-0.026004024244726035,-0.33246377644512926,-0.02578999999999998
14.217,-0.02480338150839856,-0.025857149045397584,-0.3324227534808992,-0.025779999999999914
14.221,-0.02480338150839856,-0.025648369924080944,-0.33235893998098476,-0.025779999999999914
14.227,-0.025262703388183816,-0.025526457334058263,-0.3322951264810712,-0.02578999999999998
14.232,-0.02618134714775433,-0.025565204495994837,-0.3322905683739332,-0.025779999999999914
14.237,-0.025722025267969073,-0.025641776708912215,-0.3322951264810712,-0.025779999999999914
14.242,-0.026640669027539587,-0.02574867983332493,-0.3323179170167547,-0.025779999999999914
14.247,-0.02618134714775433,-0.025879904516289003,-0.3323543818738477,-0.025779999999999914
14.252,-0.025722025267969073,-0.02589412636120923,-0.33235893998098476,-0.025779999999999914
14.256,-0.025722025267969073,-0.02586002859888241,-0.33234526565957356,-0.02577000000000007
14.261,-0.025722025267969073,-0.025832686501925325,-0.3323361494453021,-0.02577000000000007
14.265,-0.02618134714775433,-0.025856263479930443,-0.3323407075524374,-0.02577000000000007
14.27,-0.02618134714775433,-0.025920671122166172,-0.33235893998098476,-0.02577000000000007
14.275,-0.02618134714775433,-0.025972317912999754,-0.33237717240953035,-0.02577000000000007
14.28,-0.02618134714775433,-0.026013732113408537,-0.33239084673094155,-0.025760000000000005
14.284,-0.025722025267969073,-0.026001439184288464,-0.3323954048380777,-0.025760000000000005
14.29,-0.025722025267969073,-0.025946079923460468,-0.33237717240953035,-0.025760000000000005
14.295,-0.026640669027539587,-0.025992692561104022,-0.3323954048380777,-0.02574999999999994
14.301,-0.025722025267969073,-0.026030070006745756,-0.3324090791594889,-0.025740000000000096
14.307,-0.025262703388183816,-0.02592353634046937,-0.33237717240953035,-0.025740000000000096
14.312,-0.025722025267969073,-0.02583810980119669,-0.3323543818738477,-0.02573000000000003
14.316,-0.02618134714775433,-0.025860612280684103,-0.33235893998098476,-0.02573000000000003
14.321,-0.02618134714775433,-0.025924158310877087,-0.33237261430239506,-0.02573000000000003
14.325,-0.02618134714775433,-0.025975114197721538,-0.3323862886238045,-0.025719999999999965
14.329,-0.02618134714775433,-0.026015974380430337,-0.3323999629452157,-0.025719999999999965
14.334,-0.02618134714775433,-0.026048739084066897,-0.3324136372666251,-0.025719999999999965
14.339,-0.02618134714775433,-0.026075012236393268,-0.3324273115880345,-0.025719999999999965
14.345,-0.025722025267969073,-0.026050578099861013,-0.3324273115880345,-0.025719999999999965
14.35,-0.025262703388183816,-0.025939981239843927,-0.3323999629452157,-0.02573000000000003
14.355,-0.02618134714775433,-0.025896798417545816,-0.3323862886238045,-0.02573000000000003
14.36,-0.02618134714775433,-0.02595317502033421,-0.3323999629452157,-0.025719999999999965
14.365,-0.025262703388183816,-0.025907378162396463,-0.3323862886238045,-0.025719999999999965
14.369,-0.025722025267969073,-0.02582515298405178,-0.33236349808812093,-0.025719999999999965
14.375,-0.026640669027539587,-0.025895724435443912,-0.3323817305166683,-0.025719999999999965
14.381,-0.026640669027539587,-0.026043317592289714,-0.33243186969517247,-0.025719999999999965
14.385,-0.025722025267969073,-0.026070664885021556,-0.3324409859094457,-0.025719999999999965
14.39,-0.025262703388183816,-0.025956088303473252,-0.3324136372666251,-0.025719999999999965
14.395,-0.02618134714775433,-0.025909714247365552,-0.3323999629452157,-0.0257099999999999
14.4,-0.02618134714775433,-0.025963531883867585,-0.3324136372666251,-0.0257099999999999
14.406,-0.02618134714775433,-0.026006686828204863,-0.33243186969517247,-0.025700000000000056
14.412,-0.026640669027539587,-0.02608679352566145,-0.3324592183379922,-0.025700000000000056
14.417,-0.025722025267969073,-0.026105527090176137,-0.3324728926594034,-0.0257099999999999
14.423,-0.02618134714775433,-0.026075047156884915,-0.33246833455226543,-0.0257099999999999
14.427,-0.02618134714775433,-0.026096107986631943,-0.3324774507665387,-0.025719999999999965
14.431,-0.025262703388183816,-0.026021992341046015,-0.33246377644512926,-0.02573000000000003
14.436,-0.026640669027539587,-0.02600806284313114,-0.3324592183379922,-0.025719999999999965
14.44,-0.02618134714775433,-0.026087896915765706,-0.3324820088736766,-0.02573000000000003
14.446,-0.025722025267969073,-0.026060909984671678,-0.3324774507665387,-0.025740000000000096
14.451,-0.025722025267969073,-0.025993767990923893,-0.3324592183379922,-0.025760000000000005
14.456,-0.025262703388183816,-0.025894426710728117,-0.3324273115880345,-0.025779999999999914
14.46,-0.025262703388183816,-0.025769265671347803,-0.33239084673094155,-0.02578999999999998
14.466,-0.025722025267969073,-0.02571440421745995,-0.33236349808812093,-0.025800000000000045
14.47,-0.025722025267969073,-0.025715914148419994,-0.3323543818738477,-0.02581000000000011
14.475,-0.02618134714775433,-0.02576262680721136,-0.33235893998098476,-0.02581000000000011
14.481,-0.02618134714775433,-0.02584558634212446,-0.33237717240953035,-0.025819999999999954
14.485,-0.027099990907324845,-0.02600311317665551,-0.33241819537376127,-0.025819999999999954
14.49,-0.026640669027539587,-0.026174931678566295,-0.33246833455226543,-0.025819999999999954
14.495,-0.025722025267969073,-0.026176202752093314,-0.3324774507665387,-0.025819999999999954
14.499,-0.025262703388183816,-0.026040716337608214,-0.3324455440165819,-0.025819999999999954
14.504,-0.025722025267969073,-0.02593207335260197,-0.3324227534808992,-0.025819999999999954
14.509,-0.027099990907324845,-0.02602696294602735,-0.33245010212371984,-0.02581000000000011
14.515,-0.025722025267969073,-0.026103052410162492,-0.3324820088736766,-0.02581000000000011
14.52,-0.02618134714775433,-0.02607306277620262,-0.3324774507665387,-0.025800000000000045
14.524,-0.026640669027539587,-0.02614001864901054,-0.3325002413022222,-0.025800000000000045
14.529,-0.025722025267969073,-0.026148206913831865,-0.33250935751649635,-0.02578999999999998
14.534,-0.025262703388183816,-0.02601826721274182,-0.3324728926594034,-0.025800000000000045
14.539,-0.025722025267969073,-0.025914071991022414,-0.3324455440165819,-0.02578999999999998
14.544,-0.02618134714775433,-0.025921524358707874,-0.3324409859094457,-0.02578999999999998
14.549,-0.02618134714775433,-0.02597300210089534,-0.332454660230856,-0.025779999999999914
14.553,-0.026640669027539587,-0.02605978263059912,-0.3324774507665387,-0.02577000000000007
14.559,-0.025722025267969073,-0.026083867765302762,-0.3324865669808128,-0.025760000000000005
14.565,-0.025722025267969073,-0.02601217723015543,-0.33246833455226543,-0.025760000000000005
14.569,-0.02618134714775433,-0.02600019236438703,-0.33246377644512926,-0.02574999999999994
14.575,-0.02618134714775433,-0.026036083901339702,-0.3324774507665387,-0.02574999999999994
14.581,-0.025262703388183816,-0.02597386060899597,-0.332454660230856,-0.02574999999999994
14.585,-0.025722025267969073,-0.025878463505822825,-0.3324273115880345,-0.025740000000000096
14.59,-0.026640669027539587,-0.02593847273784351,-0.3324409859094457,-0.02573000000000003
14.595,-0.026640669027539587,-0.026077596329344584,-0.3324820088736766,-0.02573000000000003
14.6,-0.02618134714775433,-0.026143653985792457,-0.3325047994093602,-0.02573000000000003
14.606,-0.02618134714775433,-0.026151121994587315,-0.3325139156236334,-0.02573000000000003
14.611,-0.02618134714775433,-0.026157110394019165,-0.33252303183790755,-0.02573000000000003
14.615,-0.027099990907324845,-0.026252916103596226,-0.33255493858786433,-0.02573000000000003
14.62,-0.026640669027539587,-0.026375242062078,-0.33260051965923054,-0.025719999999999965
14.625,-0.02618134714775433,-0.026382328254363385,-0.3326187520877779,-0.0257099999999999
14.63,-0.02618134714775433,-0.026342508600250125,-0.3326187520877779,-0.0257099999999999
14.634,-0.02618134714775433,-0.026310578269071003,-0.3326187520877779,-0.0257099999999999
14.639,-0.02618134714775433,-0.026284974178028213,-0.3326233101949141,-0.0257099999999999
14.645,-0.026640669027539587,-0.026309944817170538,-0.3326369845163253,-0.025700000000000056
14.649,-0.025722025267969073,-0.02628446622964397,-0.3326369845163253,-0.02568999999999999
14.653,-0.02618134714775433,-0.02621853373685026,-0.33262786830205116,-0.02568999999999999
14.658,-0.025722025267969073,-0.02616566420854195,-0.33261419398063996,-0.02568999999999999
14.663,-0.02618134714775433,-0.026123269527177653,-0.33260051965923054,-0.025679999999999925
14.667,-0.02618134714775433,-0.02613477623446026,-0.3326050777663667,-0.02568999999999999
14.672,-0.026640669027539587,-0.026189505044717808,-0.3326187520877779,-0.02568999999999999
14.677,-0.025722025267969073,-0.026187888750326467,-0.3326233101949141,-0.025700000000000056
14.682,-0.025722025267969073,-0.02609558891655376,-0.33259596155209437,-0.02568999999999999
14.687,-0.025722025267969073,-0.02602157611243051,-0.33257317101640993,-0.02568999999999999
14.692,-0.02618134714775433,-0.02600772908037415,-0.3325640548021376,-0.025700000000000056
14.698,-0.025722025267969073,-0.025996625510309224,-0.3325503804807264,-0.025700000000000056
14.704,-0.025722025267969073,-0.02594221996516178,-0.33252303183790755,-0.025700000000000056
14.709,-0.02618134714775433,-0.0259440954773252,-0.3325184737307696,-0.025700000000000056
14.715,-0.026640669027539587,-0.026036603170997607,-0.33254126426645314,-0.02568999999999999
14.72,-0.026640669027539587,-0.02615628453744525,-0.33257317101640993,-0.02568999999999999
14.725,-0.025262703388183816,-0.02611574821612816,-0.3325640548021376,-0.02568999999999999
14.731,-0.025262703388183816,-0.025946737553559147,-0.33250935751649635,-0.02568999999999999
14.735,-0.026640669027539587,-0.025947718012399174,-0.3325047994093602,-0.025679999999999925
14.74,-0.025262703388183816,-0.025948504216502816,-0.3325002413022222,-0.025679999999999925
14.744,-0.026640669027539587,-0.02594913465285298,-0.33249568319508604,-0.02568999999999999
14.749,-0.026640669027539587,-0.026086145837993947,-0.33252758994504283,-0.025700000000000056
14.754,-0.027099990907324845,-0.026241513381352534,-0.332577729123547,-0.025700000000000056
14.758,-0.025262703388183816,-0.026229592864784584,-0.33258228723068317,-0.0257099999999999
14.763,-0.026640669027539587,-0.026174532231767134,-0.33257317101640993,-0.0257099999999999
14.767,-0.025722025267969073,-0.02617588244623256,-0.332577729123547,-0.0257099999999999
14.773,-0.025722025267969073,-0.026085961377729207,-0.3325503804807264,-0.025719999999999965
14.777,-0.025722025267969073,-0.026013856042782658,-0.332532148052179,-0.02573000000000003
14.782,-0.02618134714775433,-0.026001538559987387,-0.33252303183790755,-0.025740000000000096
14.787,-0.025722025267969073,-0.025991661495163385,-0.3325184737307696,-0.025740000000000096
14.791,-0.02618134714775433,-0.025983741337192875,-0.33250935751649635,-0.025740000000000096
14.797,-0.02618134714775433,-0.026022892256202558,-0.3325184737307696,-0.025740000000000096
14.801,-0.025722025267969073,-0.02600878446137774,-0.3325139156236334,-0.025740000000000096
14.806,-0.026640669027539587,-0.02604297367747026,-0.3325184737307696,-0.025740000000000096
14.811,-0.025722025267969073,-0.026070389108791777,-0.33252758994504283,-0.02574999999999994
14.816,-0.025262703388183816,-0.025955867165782725,-0.3324865669808128,-0.02574999999999994
14.822,-0.02480338150839856,-0.025773031268032598,-0.3324227534808992,-0.02577000000000007
14.827,-0.025722025267969073,-0.025671921865249477,-0.3323817305166683,-0.025760000000000005
14.832,-0.02618134714775433,-0.02572735055476163,-0.3323817305166683,-0.02577000000000007
14.837,-0.02618134714775433,-0.025817299244997136,-0.3323954048380777,-0.025760000000000005
14.842,-0.02618134714775433,-0.025889426729082725,-0.3324136372666251,-0.025760000000000005
14.847,-0.025262703388183816,-0.02585626008773983,-0.3323999629452157,-0.025779999999999914
14.852,-0.025722025267969073,-0.025784162747210883,-0.33237261430239506,-0.025779999999999914
14.857,-0.02618134714775433,-0.025817353559877406,-0.33237261430239506,-0.025779999999999914
14.862,-0.02618134714775433,-0.025889470282753735,-0.33239084673094155,-0.02578999999999998
14.866,-0.025722025267969073,-0.025901796897229764,-0.33239084673094155,-0.02578999999999998
14.87,-0.026640669027539587,-0.025957183169456916,-0.33240452105235185,-0.025779999999999914
14.875,-0.025262703388183816,-0.02595609407649147,-0.33240452105235185,-0.02577000000000007
14.88,-0.02618134714775433,-0.02590971887659671,-0.33239084673094155,-0.025779999999999914
14.885,-0.025722025267969073,-0.025918033710977034,-0.3323954048380777,-0.02577000000000007
14.889,-0.02618134714775433,-0.025924701157527628,-0.3323954048380777,-0.02577000000000007
14.895,-0.02480338150839856,-0.025839043837296738,-0.33236349808812093,-0.025760000000000005
14.899,-0.02618134714775433,-0.025770357489718006,-0.3323407075524374,-0.025760000000000005
14.905,-0.02618134714775433,-0.02585178537268298,-0.33236349808812093,-0.025740000000000096
14.91,-0.025262703388183816,-0.025826076476087746,-0.3323543818738477,-0.025740000000000096
14.916,-0.025722025267969073,-0.025759959304521705,-0.3323224751238909,-0.02573000000000003
14.922,-0.025722025267969073,-0.025752443572122124,-0.3323133589096168,-0.0257099999999999
14.927,-0.026640669027539587,-0.025837420674287435,-0.3323361494453021,-0.0257099999999999
14.933,-0.02618134714775433,-0.025951063457875664,-0.33237261430239506,-0.0257099999999999
14.937,-0.025262703388183816,-0.025905684956111574,-0.33236349808812093,-0.025700000000000056
14.941,-0.025262703388183816,-0.025778293361607675,-0.33233159133816415,-0.025700000000000056
14.945,-0.025262703388183816,-0.025676141399403885,-0.33229968458820736,-0.02568999999999999
14.95,-0.02618134714775433,-0.025685232203044438,-0.3322951264810712,-0.02568999999999999
14.954,-0.02618134714775433,-0.02578352564879202,-0.3323133589096168,-0.02568999999999999
14.958,-0.027099990907324845,-0.02595334834229321,-0.3323543818738477,-0.02568999999999999
14.963,-0.025722025267969073,-0.026044022799554496,-0.3323817305166683,-0.02568999999999999
14.967,-0.02618134714775433,-0.026025728487192305,-0.3323817305166683,-0.02568999999999999
14.971,-0.025722025267969073,-0.02601105876025903,-0.3323862886238045,-0.025679999999999925
14.975,-0.026640669027539587,-0.0260447973778036,-0.3323954048380777,-0.025679999999999925
14.979,-0.025722025267969073,-0.026071851486025123,-0.3324090791594889,-0.025679999999999925
14.984,-0.02618134714775433,-0.026048043577442954,-0.3324090791594889,-0.02567000000000008
14.988,-0.02618134714775433,-0.026074454527961734,-0.3324227534808992,-0.025679999999999925
14.992,-0.025722025267969073,-0.026050130888168276,-0.3324227534808992,-0.02568999999999999
14.996,-0.025262703388183816,-0.025939622632573867,-0.3323999629452157,-0.02568999999999999
15.001,-0.025722025267969073,-0.025851008974878104,-0.33237717240953035,-0.02568999999999999
15.006,-0.026640669027539587,-0.02591645767304815,-0.33239084673094155,-0.02568999999999999
15.011,-0.02618134714775433,-0.02601444114414725,-0.33241819537376127,-0.02568999999999999
15.015,-0.025722025267969073,-0.0260020077373512,-0.33241819537376127,-0.025700000000000056
15.02,-0.02618134714775433,-0.02599203771612617,-0.33241819537376127,-0.025700000000000056
15.025,-0.02618134714775433,-0.026029544903816575,-0.33243186969517247,-0.025700000000000056
15.029,-0.025722025267969073,-0.026014119044167672,-0.33243186969517247,-0.025700000000000056
15.033,-0.025722025267969073,-0.025956247568917568,-0.33241819537376127,-0.025700000000000056
15.037,-0.025722025267969073,-0.02590984195812788,-0.33240452105235185,-0.02568999999999999
15.042,-0.026640669027539587,-0.025963634291762055,-0.33241819537376127,-0.02568999999999999
15.046,-0.025262703388183816,-0.025961267061447444,-0.33241819537376127,-0.02568999999999999
15.05,-0.026640669027539587,-0.02595936884184695,-0.33241819537376127,-0.02568999999999999
15.055,-0.027559312787110102,-0.026185356134322307,-0.3324774507665387,-0.025700000000000056
15.059,-0.025722025267969073,-0.026275565618323636,-0.33250935751649635,-0.0257099999999999
15.063,-0.02618134714775433,-0.026211396571209734,-0.3325047994093602,-0.0257099999999999
15.068,-0.025722025267969073,-0.026159941103516125,-0.3325002413022222,-0.0257099999999999
15.074,-0.025722025267969073,-0.026073178435141918,-0.3324774507665387,-0.02573000000000003
15.078,-0.025722025267969073,-0.02600360573801871,-0.33246377644512926,-0.02573000000000003
15.083,-0.02618134714775433,-0.025993319110745847,-0.3324592183379922,-0.02573000000000003
15.088,-0.02618134714775433,-0.026030572420390703,-0.33246833455226543,-0.02573000000000003
15.092,-0.02618134714775433,-0.02606044486757709,-0.3324774507665387,-0.025740000000000096
15.097,-0.025722025267969073,-0.026038896910733002,-0.3324774507665387,-0.02574999999999994
15.101,-0.02618134714775433,-0.026021618172040094,-0.3324728926594034,-0.02574999999999994
15.106,-0.026640669027539587,-0.02609876657676461,-0.33249568319508604,-0.025740000000000096
15.112,-0.02618134714775433,-0.02616062984925281,-0.33252303183790755,-0.02574999999999994
15.116,-0.025722025267969073,-0.026119232607145156,-0.3325184737307696,-0.025740000000000096
15.121,-0.02618134714775433,-0.026086037249730954,-0.33250935751649635,-0.02573000000000003
15.127,-0.025722025267969073,-0.026059418767490253,-0.3325047994093602,-0.02573000000000003
15.132,-0.026640669027539587,-0.026083575993065437,-0.3325139156236334,-0.02573000000000003
15.138,-0.025722025267969073,-0.026102947035586056,-0.33252303183790755,-0.02573000000000003
15.143,-0.025722025267969073,-0.02602747639415793,-0.3325047994093602,-0.02573000000000003
15.148,-0.02618134714775433,-0.026012460360788355,-0.33249568319508604,-0.02573000000000003
15.154,-0.025722025267969073,-0.026000419399379613,-0.332491125087949,-0.025719999999999965
15.158,-0.02480338150839856,-0.02585425841492065,-0.3324455440165819,-0.0257099999999999
15.165,-0.02618134714775433,-0.025782557658531633,-0.3324090791594889,-0.0257099999999999
15.17,-0.025262703388183816,-0.025770564596618906,-0.3323954048380777,-0.025700000000000056
15.175,-0.025722025267969073,-0.025715445791401434,-0.3323680561952589,-0.025700000000000056
15.18,-0.02618134714775433,-0.02576225124406181,-0.33237261430239506,-0.025700000000000056
15.185,-0.027099990907324845,-0.025936288957830896,-0.3324136372666251,-0.025700000000000056
15.189,-0.02618134714775433,-0.026075845213706393,-0.332454660230856,-0.025700000000000056
15.194,-0.025722025267969073,-0.026051246042415137,-0.33245010212371984,-0.0257099999999999
15.199,-0.025722025267969073,-0.02598601873032335,-0.33243642780230864,-0.0257099999999999
15.204,-0.02618134714775433,-0.025979216552783756,-0.33243642780230864,-0.0257099999999999
15.21,-0.025722025267969073,-0.025973762065887394,-0.33243186969517247,-0.0257099999999999
15.215,-0.025262703388183816,-0.02587838448670118,-0.33240452105235185,-0.0257099999999999
15.219,-0.026640669027539587,-0.025892907489543412,-0.33240452105235185,-0.025719999999999965
15.223,-0.025722025267969073,-0.025950054987715205,-0.33241819537376127,-0.025719999999999965
15.228,-0.025722025267969073,-0.02590487629046832,-0.33240452105235185,-0.0257099999999999
15.232,-0.025722025267969073,-0.02586864868383891,-0.3323954048380777,-0.0257099999999999
15.237,-0.02618134714775433,-0.025885100605817033,-0.3323954048380777,-0.025700000000000056
15.242,-0.02480338150839856,-0.025807289198559832,-0.3323680561952589,-0.02568999999999999
15.247,-0.025262703388183816,-0.025653890511916196,-0.3323179170167547,-0.02568999999999999
15.251,-0.025722025267969073,-0.025621887917845275,-0.33229968458820736,-0.02568999999999999
15.256,-0.025722025267969073,-0.02564172776604307,-0.3322905683739332,-0.02568999999999999
15.261,-0.027099990907324845,-0.02579414247227707,-0.3323224751238909,-0.02568999999999999
15.266,-0.025722025267969073,-0.02591635980828852,-0.3323543818738477,-0.025700000000000056
15.27,-0.025722025267969073,-0.025877857014128706,-0.33234526565957356,-0.02568999999999999
15.275,-0.02618134714775433,-0.025892484523189183,-0.3323498237667115,-0.0257099999999999
15.279,-0.026640669027539587,-0.025995217707092115,-0.33237717240953035,-0.0257099999999999
15.283,-0.025722025267969073,-0.02603209485476292,-0.33239084673094155,-0.025719999999999965
15.288,-0.02618134714775433,-0.026016163782627118,-0.33239084673094155,-0.025719999999999965
15.294,-0.026640669027539587,-0.02609439284564578,-0.3324273115880345,-0.02573000000000003
15.298,-0.025722025267969073,-0.026111620784590096,-0.33243642780230864,-0.02573000000000003
15.303,-0.02618134714775433,-0.026079933529835033,-0.33243642780230864,-0.025719999999999965
15.307,-0.026640669027539587,-0.026145528125268398,-0.33246377644512926,-0.02573000000000003
15.312,-0.02480338150839856,-0.02606162104774175,-0.3324455440165819,-0.02573000000000003
15.317,-0.025722025267969073,-0.02590333440376156,-0.33240452105235185,-0.025719999999999965
15.322,-0.025722025267969073,-0.025867412285525467,-0.3323954048380777,-0.025719999999999965
15.327,-0.02618134714775433,-0.02588410917059499,-0.3323954048380777,-0.025719999999999965
15.333,-0.027099990907324845,-0.0260340036175298,-0.33243642780230864,-0.025719999999999965
15.338,-0.027099990907324845,-0.026245203793929153,-0.33250935751649635,-0.025719999999999965
15.343,-0.025722025267969073,-0.026278053994317284,-0.332532148052179,-0.025719999999999965
15.348,-0.025722025267969073,-0.02616789004938842,-0.33250935751649635,-0.025719999999999965
15.353,-0.025722025267969073,-0.026079552485340978,-0.332491125087949,-0.025719999999999965
15.358,-0.025722025267969073,-0.026008716920884075,-0.3324728926594034,-0.025719999999999965
15.364,-0.026640669027539587,-0.02604291951852843,-0.3324820088736766,-0.025719999999999965
15.369,-0.025722025267969073,-0.02607034568016369,-0.332491125087949,-0.0257099999999999
15.374,-0.025722025267969073,-0.02600133422645945,-0.3324728926594034,-0.0257099999999999
15.379,-0.02480338150839856,-0.025854991990645535,-0.33243186969517247,-0.0257099999999999
15.383,-0.026640669027539587,-0.025828647778520907,-0.3324227534808992,-0.025700000000000056
15.388,-0.025722025267969073,-0.02589852681902275,-0.33243186969517247,-0.02568999999999999
15.393,-0.025722025267969073,-0.025863557210028195,-0.33241819537376127,-0.02568999999999999
15.398,-0.026640669027539587,-0.025926519772103963,-0.33243186969517247,-0.02568999999999999
15.403,-0.02480338150839856,-0.025886004021344593,-0.33241819537376127,-0.02568999999999999
15.407,-0.025262703388183816,-0.02571700985376367,-0.33236349808812093,-0.02568999999999999
15.412,-0.025262703388183816,-0.025626999769601894,-0.33233159133816415,-0.025679999999999925
15.416,-0.02618134714775433,-0.025645826825242905,-0.3323224751238909,-0.02567000000000008
15.421,-0.025262703388183816,-0.025660923744970924,-0.3323133589096168,-0.02567000000000008
15.426,-0.025722025267969073,-0.02562752768206971,-0.3322951264810712,-0.02567000000000008
15.43,-0.025722025267969073,-0.02564625014433762,-0.33228601026679794,-0.02567000000000008
15.435,-0.027099990907324845,-0.025797768848243363,-0.3323179170167547,-0.02567000000000008
15.439,-0.02618134714775433,-0.0259647695885511,-0.33235893998098476,-0.025660000000000016
15.445,-0.02618134714775433,-0.02600767931097064,-0.3323817305166683,-0.025660000000000016
15.449,-0.025262703388183816,-0.025951083716587216,-0.33237261430239506,-0.02564999999999995
15.456,-0.025722025267969073,-0.025860199316089433,-0.3323407075524374,-0.02564999999999995
15.46,-0.02618134714775433,-0.025878325280503368,-0.33234526565957356,-0.025660000000000016
15.465,-0.025722025267969073,-0.025892860013653776,-0.3323498237667115,-0.02564999999999995
15.47,-0.025722025267969073,-0.025859013148152515,-0.3323361494453021,-0.02564999999999995
15.475,-0.027099990907324845,-0.025968377893594453,-0.3323680561952589,-0.025660000000000016
15.479,-0.02618134714775433,-0.02610157648558539,-0.3324090791594889,-0.02564999999999995
15.484,-0.02618134714775433,-0.02611738115613152,-0.3324227534808992,-0.02564999999999995
15.488,-0.026640669027539587,-0.026175556389856476,-0.3324455440165819,-0.025660000000000016
15.493,-0.02618134714775433,-0.02622220557656154,-0.33246833455226543,-0.025660000000000016
15.497,-0.02618134714775433,-0.026214110444983427,-0.3324774507665387,-0.02567000000000008
15.502,-0.026640669027539587,-0.026253121057268635,-0.3325002413022222,-0.02567000000000008
15.507,-0.02618134714775433,-0.026284402639128287,-0.33252303183790755,-0.025660000000000016
15.511,-0.025262703388183816,-0.02617298086034266,-0.3325047994093602,-0.02567000000000008
15.516,-0.025722025267969073,-0.02603813278752691,-0.3324728926594034,-0.02567000000000008
15.52,-0.02618134714775433,-0.026021005441779734,-0.3324728926594034,-0.02567000000000008
15.524,-0.025722025267969073,-0.02600727147461942,-0.33246833455226543,-0.025679999999999925
15.529,-0.02618134714775433,-0.025996258568314792,-0.33246377644512926,-0.025679999999999925
15.534,-0.025262703388183816,-0.025941925724047268,-0.33245010212371984,-0.02568999999999999
15.538,-0.025722025267969073,-0.02585285576323222,-0.3324227534808992,-0.025700000000000056
15.544,-0.02618134714775433,-0.025872436679007856,-0.3324227534808992,-0.0257099999999999
15.548,-0.02618134714775433,-0.025933639984258714,-0.33243186969517247,-0.0257099999999999
15.553,-0.026640669027539587,-0.026028219186664033,-0.3324592183379922,-0.025719999999999965
15.558,-0.026640669027539587,-0.026149561641369605,-0.33249568319508604,-0.02573000000000003
15.563,-0.02618134714775433,-0.026201361072846294,-0.3325184737307696,-0.02573000000000003
15.567,-0.025722025267969073,-0.026151893901865886,-0.3325139156236334,-0.025740000000000096
15.572,-0.025722025267969073,-0.02606672559622407,-0.33249568319508604,-0.02574999999999994
15.576,-0.025722025267969073,-0.025998431376556243,-0.3324774507665387,-0.025760000000000005
15.581,-0.02618134714775433,-0.02598916992666034,-0.3324728926594034,-0.02577000000000007
15.586,-0.025722025267969073,-0.025981743414076032,-0.33246833455226543,-0.025760000000000005
15.592,-0.025262703388183816,-0.025884784519463747,-0.33243186969517247,-0.02577000000000007
15.597,-0.02618134714775433,-0.02585253762219266,-0.33241819537376127,-0.025760000000000005
15.603,-0.025262703388183816,-0.02582667968514388,-0.33240452105235185,-0.02577000000000007
15.607,-0.027099990907324845,-0.025896948656813176,-0.33241819537376127,-0.025779999999999914
15.613,-0.025262703388183816,-0.025953295493243118,-0.33243186969517247,-0.02578999999999998
15.618,-0.02618134714775433,-0.02590747476644703,-0.33241819537376127,-0.02581000000000011
15.623,-0.025722025267969073,-0.02591623421819194,-0.33241819537376127,-0.02581000000000011
15.627,-0.02618134714775433,-0.025923258191689225,-0.33241819537376127,-0.02581000000000011
15.631,-0.026640669027539587,-0.02601989430081661,-0.3324455440165819,-0.02581000000000011
15.636,-0.02618134714775433,-0.02609738424986344,-0.33246833455226543,-0.02581000000000011
15.641,-0.026640669027539587,-0.026159521397742243,-0.33249568319508604,-0.02581000000000011
15.646,-0.025722025267969073,-0.02616384565404129,-0.3325047994093602,-0.025819999999999954
15.651,-0.02618134714775433,-0.026121811276251912,-0.33249568319508604,-0.02583000000000002
15.655,-0.02618134714775433,-0.026133606901475377,-0.3325047994093602,-0.025819999999999954
15.661,-0.02618134714775433,-0.0261430655024662,-0.3325139156236334,-0.02581000000000011
15.665,-0.025262703388183816,-0.02605964633541955,-0.33249568319508604,-0.02581000000000011
15.67,-0.02618134714775433,-0.02599275470389232,-0.3324774507665387,-0.02581000000000011
15.675,-0.02618134714775433,-0.026030119837409906,-0.3324865669808128,-0.02581000000000011
15.68,-0.026640669027539587,-0.02610558383816171,-0.33250935751649635,-0.02581000000000011
15.686,-0.026640669027539587,-0.026211598316445983,-0.3325503804807264,-0.02581000000000011
15.691,-0.025262703388183816,-0.026160102877704042,-0.33254126426645314,-0.025819999999999954
15.696,-0.02618134714775433,-0.026073308157599617,-0.33252303183790755,-0.02581000000000011
15.701,-0.025722025267969073,-0.026049211643987696,-0.3325139156236334,-0.02581000000000011
15.705,-0.026640669027539587,-0.026075391169739354,-0.33252303183790755,-0.025819999999999954
15.71,-0.027099990907324845,-0.026232889496320435,-0.33256861290927375,-0.025819999999999954
15.715,-0.025262703388183816,-0.026222677598661415,-0.33257317101640993,-0.025819999999999954
15.72,-0.02618134714775433,-0.02612348517716706,-0.3325503804807264,-0.025819999999999954
15.724,-0.025262703388183816,-0.02604394538860524,-0.332532148052179,-0.025819999999999954
15.729,-0.02618134714775433,-0.02598016452844326,-0.33250935751649635,-0.025819999999999954
15.734,-0.02618134714775433,-0.026020024107533693,-0.3325184737307696,-0.025819999999999954
15.738,-0.026640669027539587,-0.026097488338448792,-0.33253670615931696,-0.02583000000000002
15.742,-0.02618134714775433,-0.026159604863635565,-0.33255493858786433,-0.02583000000000002
15.747,-0.025722025267969073,-0.026118410698192374,-0.3325458223735902,-0.025819999999999954
15.752,-0.025262703388183816,-0.02599437441270525,-0.33250935751649635,-0.025819999999999954
15.757,-0.025262703388183816,-0.02584941109942321,-0.33246833455226543,-0.025819999999999954
15.763,-0.02618134714775433,-0.025824172608935138,-0.3324455440165819,-0.025819999999999954
15.767,-0.02618134714775433,-0.02589493829847584,-0.3324592183379922,-0.025819999999999954
15.772,-0.027099990907324845,-0.0260426872097738,-0.33249568319508604,-0.025819999999999954
15.777,-0.025722025267969073,-0.02611566128284491,-0.3325139156236334,-0.025819999999999954
15.781,-0.025722025267969073,-0.02603767161394848,-0.33249568319508604,-0.025819999999999954
15.786,-0.02618134714775433,-0.026020635638841508,-0.332491125087949,-0.02583000000000002
15.791,-0.02618134714775433,-0.026052476824338495,-0.3325002413022222,-0.025819999999999954
15.795,-0.025722025267969073,-0.026032507546859218,-0.33249568319508604,-0.02583000000000002
15.8,-0.02618134714775433,-0.026016494709542565,-0.332491125087949,-0.02583000000000002
15.805,-0.02618134714775433,-0.026049156322268625,-0.3325002413022222,-0.025819999999999954
15.81,-0.02618134714775433,-0.026075346808710844,-0.33250935751649635,-0.02583000000000002
15.815,-0.025722025267969073,-0.026050846384584762,-0.3325002413022222,-0.02583000000000002
15.82,-0.025722025267969073,-0.025985698255242225,-0.3324820088736766,-0.025840000000000085
15.825,-0.025722025267969073,-0.02593345768731337,-0.33246377644512926,-0.025840000000000085
15.83,-0.025722025267969073,-0.02589156735270099,-0.3324455440165819,-0.025840000000000085
15.835,-0.026640669027539587,-0.025948980367300818,-0.3324592183379922,-0.02583000000000002
15.84,-0.025722025267969073,-0.025995018350577867,-0.33246833455226543,-0.025819999999999954
15.844,-0.025722025267969073,-0.025940931226130195,-0.332454660230856,-0.025819999999999954
15.849,-0.025722025267969073,-0.025897560186511712,-0.3324409859094457,-0.025819999999999954
15.853,-0.025262703388183816,-0.025817280207944358,-0.3324136372666251,-0.025819999999999954
15.858,-0.02618134714775433,-0.0257984076938738,-0.3323999629452157,-0.025819999999999954
15.863,-0.025262703388183816,-0.0257832743222292,-0.3323862886238045,-0.02581000000000011
15.868,-0.026640669027539587,-0.0258166411552992,-0.33239084673094155,-0.025800000000000045
15.874,-0.02618134714775433,-0.02593440090924704,-0.3324227534808992,-0.025800000000000045
15.878,-0.02618134714775433,-0.025983327467408838,-0.33243186969517247,-0.025800000000000045
15.883,-0.025722025267969073,-0.02597705849998134,-0.33243186969517247,-0.02581000000000011
15.887,-0.02480338150839856,-0.025835525925373973,-0.33239084673094155,-0.02581000000000011
15.893,-0.026640669027539587,-0.02581303845381137,-0.33237717240953035,-0.02581000000000011
15.898,-0.02618134714775433,-0.02593151199787381,-0.33240452105235185,-0.02581000000000011
15.903,-0.026640669027539587,-0.02602651281046545,-0.33243642780230864,-0.025800000000000045
15.908,-0.026640669027539587,-0.02614819334326782,-0.3324774507665387,-0.02581000000000011
15.914,-0.025722025267969073,-0.02615476198571121,-0.332491125087949,-0.025819999999999954
15.919,-0.02618134714775433,-0.02611452732201977,-0.3324820088736766,-0.025819999999999954
15.925,-0.025722025267969073,-0.02608226420559756,-0.3324774507665387,-0.025819999999999954
15.931,-0.025722025267969073,-0.026010891377889943,-0.3324592183379922,-0.025819999999999954
15.936,-0.02618134714775433,-0.025999161273344208,-0.3324592183379922,-0.025819999999999954
15.942,-0.02618134714775433,-0.02603525709660706,-0.3324728926594034,-0.025819999999999954
15.947,-0.02618134714775433,-0.02606420138596948,-0.3324820088736766,-0.025819999999999954
15.952,-0.02618134714775433,-0.026087411048777143,-0.332491125087949,-0.025819999999999954
15.956,-0.02618134714775433,-0.026106022265687676,-0.3325002413022222,-0.025819999999999954
15.961,-0.026640669027539587,-0.026166447994975205,-0.3325184737307696,-0.025819999999999954
15.966,-0.025262703388183816,-0.026123898024861644,-0.3325139156236334,-0.025819999999999954
15.97,-0.025722025267969073,-0.025998774555341837,-0.3324820088736766,-0.02581000000000011
15.976,-0.025722025267969073,-0.025943943227734956,-0.33246377644512926,-0.02581000000000011
15.981,-0.025722025267969073,-0.025899975431216714,-0.3324455440165819,-0.025819999999999954
15.986,-0.02618134714775433,-0.02591022069891711,-0.3324455440165819,-0.025819999999999954
15.991,-0.025722025267969073,-0.02591843610907014,-0.3324409859094457,-0.025819999999999954
15.996,-0.025722025267969073,-0.0258795219450042,-0.3324273115880345,-0.025819999999999954
16.0,-0.02618134714775433,-0.025893819587378682,-0.3324273115880345,-0.025819999999999954
16.005,-0.025722025267969073,-0.02590528448998179,-0.3324273115880345,-0.025819999999999954
16.011,-0.025262703388183816,-0.02582347412332157,-0.3323954048380777,-0.02583000000000002
16.015,-0.02618134714775433,-0.02580337443137301,-0.3323817305166683,-0.02583000000000002
16.021,-0.02618134714775433,-0.025878260788028563,-0.3323999629452157,-0.02583000000000002
16.026,-0.02618134714775433,-0.025938310183786957,-0.3324136372666251,-0.02583000000000002
16.031,-0.02618134714775433,-0.025986462211632748,-0.3324273115880345,-0.02583000000000002
16.036,-0.025722025267969073,-0.025979572168757733,-0.3324273115880345,-0.02583000000000002
16.042,-0.025722025267969073,-0.02592854534001559,-0.3324136372666251,-0.02583000000000002
16.047,-0.02618134714775433,-0.02593313015581773,-0.3324136372666251,-0.02583000000000002
16.052,-0.02618134714775433,-0.025982308483724816,-0.3324273115880345,-0.02583000000000002
16.056,-0.02618134714775433,-0.026021743288769637,-0.33243642780230864,-0.02583000000000002
16.061,-0.025722025267969073,-0.02600786313467453,-0.33243642780230864,-0.02583000000000002
16.065,-0.025722025267969073,-0.025951231119970664,-0.3324227534808992,-0.025819999999999954
16.07,-0.025262703388183816,-0.025860317514977773,-0.3323954048380777,-0.025819999999999954
16.074,-0.025722025267969073,-0.02578741629117875,-0.33237261430239506,-0.025819999999999954
16.078,-0.02618134714775433,-0.02581996249103749,-0.33237717240953035,-0.025819999999999954
16.083,-0.025262703388183816,-0.025800558545994123,-0.33236349808812093,-0.025819999999999954
16.087,-0.026640669027539587,-0.025830500918807398,-0.3323680561952589,-0.025819999999999954
16.092,-0.02618134714775433,-0.025945514688327648,-0.3323954048380777,-0.025819999999999954
16.097,-0.02618134714775433,-0.02599223931394789,-0.3324090791594889,-0.02583000000000002
16.102,-0.026640669027539587,-0.026075208444745677,-0.33243642780230864,-0.02583000000000002
16.106,-0.025722025267969073,-0.026096237319116717,-0.33245010212371984,-0.025840000000000085
16.111,-0.026640669027539587,-0.026113099819255005,-0.3324592183379922,-0.02583000000000002
16.115,-0.025722025267969073,-0.026126621413701607,-0.33246833455226543,-0.02583000000000002
16.12,-0.02480338150839856,-0.025955456484128173,-0.3324227534808992,-0.02583000000000002
16.126,-0.025722025267969073,-0.025818203838186417,-0.3323817305166683,-0.02583000000000002
16.131,-0.02618134714775433,-0.025844650213571477,-0.3323817305166683,-0.02583000000000002
16.135,-0.027099990907324845,-0.026002362519840713,-0.3324227534808992,-0.02583000000000002
16.141,-0.026640669027539587,-0.026174329746650207,-0.3324865669808128,-0.025840000000000085
16.147,-0.025262703388183816,-0.026130218193804813,-0.3324820088736766,-0.025840000000000085
16.152,-0.025722025267969073,-0.026003842532248148,-0.33245010212371984,-0.02584999999999993
16.158,-0.025722025267969073,-0.025948007104848663,-0.33243186969517247,-0.025840000000000085
16.164,-0.025722025267969073,-0.025903234147169968,-0.3324136372666251,-0.025840000000000085
16.169,-0.025262703388183816,-0.025821830007457938,-0.3323862886238045,-0.025840000000000085
16.173,-0.02618134714775433,-0.02580205605819294,-0.33237717240953035,-0.025840000000000085
16.178,-0.025722025267969073,-0.02583170173437242,-0.33237717240953035,-0.025840000000000085
16.183,-0.025722025267969073,-0.025809971935834484,-0.3323680561952589,-0.025840000000000085
16.187,-0.02618134714775433,-0.02583804926802876,-0.3323680561952589,-0.025840000000000085
16.191,-0.02480338150839856,-0.025769559970834074,-0.33234526565957356,-0.02583000000000002
16.196,-0.025722025267969073,-0.025669138323512655,-0.3323088008024806,-0.025819999999999954
16.201,-0.02618134714775433,-0.025725118506003626,-0.3323179170167547,-0.02581000000000011
16.206,-0.02618134714775433,-0.02581550942392415,-0.3323361494453021,-0.025800000000000045
16.211,-0.026640669027539587,-0.025933493403684376,-0.33237261430239506,-0.02581000000000011
16.216,-0.025722025267969073,-0.025982599762615615,-0.3323862886238045,-0.02581000000000011
16.222,-0.02618134714775433,-0.025976474972686445,-0.33239084673094155,-0.02581000000000011
16.227,-0.02618134714775433,-0.026017065550011223,-0.33240452105235185,-0.02581000000000011
16.231,-0.02618134714775433,-0.026049614064195835,-0.33241819537376127,-0.025800000000000045
16.236,-0.025262703388183816,-0.025984710090000373,-0.33240452105235185,-0.02578999999999998
16.241,-0.02618134714775433,-0.025932665303649204,-0.33239084673094155,-0.02578999999999998
16.247,-0.025722025267969073,-0.025936433846073127,-0.33239084673094155,-0.02578999999999998
16.252,-0.02618134714775433,-0.02593945574092224,-0.3323954048380777,-0.02578999999999998
16.257,-0.025262703388183816,-0.025896377033810137,-0.3323817305166683,-0.025800000000000045
16.262,-0.025262703388183816,-0.025770829584026156,-0.3323407075524374,-0.02578999999999998
16.266,-0.026640669027539587,-0.02580666204771754,-0.33234526565957356,-0.025779999999999914
16.271,-0.02618134714775433,-0.02592639892587852,-0.33237717240953035,-0.025779999999999914
16.277,-0.02618134714775433,-0.025976910887839363,-0.33239084673094155,-0.02577000000000007
16.281,-0.02618134714775433,-0.026017415098883723,-0.33240452105235185,-0.025779999999999914
16.286,-0.025722025267969073,-0.026004392473275257,-0.33240452105235185,-0.025779999999999914
16.29,-0.026640669027539587,-0.026039451857962533,-0.33241819537376127,-0.02578999999999998
16.294,-0.02618134714775433,-0.026113066939495742,-0.3324409859094457,-0.025779999999999914
16.299,-0.025722025267969073,-0.02608109316334019,-0.3324409859094457,-0.02577000000000007
16.303,-0.025262703388183816,-0.025964450465017778,-0.3324136372666251,-0.025760000000000005
16.308,-0.02618134714775433,-0.0259164196443218,-0.3323999629452157,-0.025760000000000005
16.312,-0.025262703388183816,-0.025877904995066803,-0.33239084673094155,-0.025760000000000005
16.316,-0.02618134714775433,-0.025847021112889883,-0.3323817305166683,-0.025760000000000005
16.321,-0.026640669027539587,-0.02595876179656964,-0.3324090791594889,-0.02577000000000007
16.326,-0.025722025267969073,-0.02600286182091717,-0.3324227534808992,-0.025760000000000005
16.331,-0.02618134714775433,-0.02599272258322819,-0.3324227534808992,-0.025760000000000005
16.335,-0.02618134714775433,-0.026030094080695888,-0.33243642780230864,-0.025760000000000005
16.34,-0.025722025267969073,-0.026014559414633535,-0.33243186969517247,-0.02577000000000007
16.345,-0.026640669027539587,-0.026047604460286127,-0.3324455440165819,-0.025779999999999914
16.349,-0.025722025267969073,-0.026074102411486687,-0.332454660230856,-0.025779999999999914
16.354,-0.025722025267969073,-0.026004346650298014,-0.33243642780230864,-0.02578999999999998
16.359,-0.025722025267969073,-0.02594841134382673,-0.3324227534808992,-0.02578999999999998
16.364,-0.02618134714775433,-0.0259490601807017,-0.3324227534808992,-0.02578999999999998
16.368,-0.02618134714775433,-0.025995082350840536,-0.33243642780230864,-0.02578999999999998
16.373,-0.02618134714775433,-0.02603198631615212,-0.33245010212371984,-0.02578999999999998
16.378,-0.02618134714775433,-0.026061578633324686,-0.3324592183379922,-0.025800000000000045
16.382,-0.025722025267969073,-0.026039806047605397,-0.332454660230856,-0.025800000000000045
16.387,-0.026640669027539587,-0.02606784906988661,-0.33246833455226543,-0.025800000000000045
16.391,-0.025722025267969073,-0.02609033603037491,-0.3324774507665387,-0.025800000000000045
16.396,-0.02618134714775433,-0.026062865846393484,-0.3324728926594034,-0.025800000000000045
16.401,-0.02618134714775433,-0.026086340114789542,-0.3324820088736766,-0.025800000000000045
16.407,-0.026640669027539587,-0.026150665396896696,-0.33250935751649635,-0.02578999999999998
16.413,-0.025262703388183816,-0.026111242375415757,-0.3325047994093602,-0.025779999999999914
16.418,-0.025722025267969073,-0.025988626323593146,-0.3324728926594034,-0.02578999999999998
16.423,-0.025722025267969073,-0.025935805628154195,-0.332454660230856,-0.02578999999999998
16.428,-0.025722025267969073,-0.025893450104580835,-0.33243642780230864,-0.025779999999999914
16.432,-0.02618134714775433,-0.025904988211463982,-0.33243642780230864,-0.025779999999999914
16.436,-0.025722025267969073,-0.025914240315284647,-0.33243642780230864,-0.02577000000000007
16.441,-0.025722025267969073,-0.02587615744854853,-0.3324227534808992,-0.02577000000000007
16.446,-0.025722025267969073,-0.02584561980139379,-0.3324090791594889,-0.02577000000000007
16.451,-0.02618134714775433,-0.02586663435191472,-0.3324090791594889,-0.02577000000000007
16.456,-0.025262703388183816,-0.025837983481186096,-0.3323954048380777,-0.02577000000000007
16.461,-0.026640669027539587,-0.025860510987996792,-0.3323954048380777,-0.02577000000000007
16.466,-0.02618134714775433,-0.025969578971889735,-0.3324273115880345,-0.02577000000000007
16.471,-0.025722025267969073,-0.025966033943768698,-0.3324273115880345,-0.02577000000000007
16.476,-0.02618134714775433,-0.025963191279148305,-0.3324273115880345,-0.02577000000000007
16.48,-0.02618134714775433,-0.026006413706257173,-0.33243642780230864,-0.02577000000000007
16.485,-0.025262703388183816,-0.02595006886152274,-0.3324227534808992,-0.02577000000000007
16.491,-0.025722025267969073,-0.02585938553055992,-0.33239084673094155,-0.02577000000000007
16.496,-0.02618134714775433,-0.025877672727334718,-0.33239084673094155,-0.02577000000000007
16.501,-0.025722025267969073,-0.025892336748465996,-0.33239084673094155,-0.02577000000000007
16.505,-0.025722025267969073,-0.02585859355558918,-0.3323817305166683,-0.025760000000000005
16.51,-0.02618134714775433,-0.02587703766347833,-0.3323817305166683,-0.02577000000000007
16.514,-0.02618134714775433,-0.025937329392445797,-0.3323954048380777,-0.02577000000000007
16.519,-0.02618134714775433,-0.02598567574090521,-0.3324090791594889,-0.02577000000000007
16.524,-0.02618134714775433,-0.02602444340355791,-0.3324227534808992,-0.02577000000000007
16.529,-0.02618134714775433,-0.026055530170510238,-0.33243642780230864,-0.02577000000000007
16.534,-0.025722025267969073,-0.02603495594468284,-0.33243642780230864,-0.025779999999999914
16.539,-0.026640669027539587,-0.026063959900178367,-0.33245010212371984,-0.025779999999999914
16.545,-0.025722025267969073,-0.026087217407685652,-0.33246377644512926,-0.025779999999999914
16.55,-0.025722025267969073,-0.026014863220101832,-0.3324455440165819,-0.025779999999999914
16.555,-0.02618134714775433,-0.02600234618893529,-0.3324455440165819,-0.02577000000000007
16.561,-0.02618134714775433,-0.02603781099648051,-0.3324592183379922,-0.025779999999999914
16.565,-0.025722025267969073,-0.02602074740602049,-0.332454660230856,-0.025779999999999914
16.571,-0.025722025267969073,-0.025961562677595647,-0.33243642780230864,-0.025779999999999914
16.577,-0.02618134714775433,-0.025959605888645175,-0.33243186969517247,-0.02577000000000007
16.581,-0.025722025267969073,-0.025958036791157324,-0.33243186969517247,-0.02577000000000007
16.586,-0.026640669027539587,-0.026002280458184684,-0.3324455440165819,-0.02577000000000007
16.592,-0.02618134714775433,-0.02608326017367296,-0.3324728926594034,-0.025760000000000005
16.596,-0.02618134714775433,-0.026102693788338707,-0.3324820088736766,-0.025760000000000005
16.601,-0.025722025267969073,-0.02607277520681367,-0.3324774507665387,-0.025760000000000005
16.606,-0.026640669027539587,-0.026094286169747474,-0.3324865669808128,-0.025760000000000005
16.61,-0.025722025267969073,-0.02611153524399871,-0.33249568319508604,-0.025740000000000096
16.615,-0.025722025267969073,-0.026034363052140224,-0.3324774507665387,-0.02573000000000003
16.621,-0.02618134714775433,-0.02601798259032522,-0.3324728926594034,-0.025719999999999965
16.626,-0.025722025267969073,-0.026004847529705853,-0.3324728926594034,-0.025719999999999965
16.631,-0.02618134714775433,-0.02599431487077212,-0.33246833455226543,-0.02573000000000003
16.636,-0.02618134714775433,-0.02603137089411233,-0.3324774507665387,-0.025719999999999965
16.641,-0.02618134714775433,-0.026061085142610543,-0.3324865669808128,-0.02573000000000003
16.645,-0.025722025267969073,-0.026039410330407763,-0.3324820088736766,-0.02573000000000003
16.651,-0.02618134714775433,-0.026022029869746013,-0.3324774507665387,-0.02573000000000003
16.656,-0.02618134714775433,-0.026053594821355604,-0.332491125087949,-0.02573000000000003
16.661,-0.025722025267969073,-0.02603340403920222,-0.3324865669808128,-0.025740000000000096
16.667,-0.02618134714775433,-0.0260172135831252,-0.3324820088736766,-0.025740000000000096
16.672,-0.026640669027539587,-0.026095234652997505,-0.3325047994093602,-0.025740000000000096
16.677,-0.02618134714775433,-0.02615779769266847,-0.33252758994504283,-0.025740000000000096
16.681,-0.026640669027539587,-0.02620796534532021,-0.3325458223735902,-0.025740000000000096
16.686,-0.02618134714775433,-0.026248193463803932,-0.3325640548021376,-0.02573000000000003
16.692,-0.02618134714775433,-0.02623494944684756,-0.33256861290927375,-0.02573000000000003
16.697,-0.02618134714775433,-0.026224329418698743,-0.33257317101640993,-0.02573000000000003
16.703,-0.025722025267969073,-0.02617031161306999,-0.3325640548021376,-0.025719999999999965
16.708,-0.02618134714775433,-0.02612699615838549,-0.33255493858786433,-0.025719999999999965
16.712,-0.025262703388183816,-0.02604676075191174,-0.33253670615931696,-0.025719999999999965
16.717,-0.025262703388183816,-0.0258914183241813,-0.332491125087949,-0.025719999999999965
16.721,-0.025722025267969073,-0.02581235521041151,-0.3324592183379922,-0.02573000000000003
16.725,-0.025722025267969073,-0.025794458468151427,-0.3324455440165819,-0.02573000000000003
16.73,-0.02618134714775433,-0.02582560942715401,-0.3324455440165819,-0.025740000000000096
16.735,-0.02618134714775433,-0.025896090445137944,-0.332454660230856,-0.02574999999999994
16.74,-0.026640669027539587,-0.02599810920086809,-0.3324820088736766,-0.025740000000000096
16.745,-0.02618134714775433,-0.02607991535236504,-0.3325047994093602,-0.02574999999999994
16.749,-0.025262703388183816,-0.026009007894387242,-0.3324865669808128,-0.025760000000000005
16.755,-0.027099990907324845,-0.026043152842511956,-0.33249568319508604,-0.025760000000000005
16.76,-0.025262703388183816,-0.026070532776516785,-0.3325047994093602,-0.02574999999999994
16.765,-0.02618134714775433,-0.026001484254094036,-0.3324865669808128,-0.025760000000000005
16.77,-0.025262703388183816,-0.025946116063749736,-0.33246833455226543,-0.02574999999999994
16.775,-0.025722025267969073,-0.02585621588620246,-0.33243642780230864,-0.025760000000000005
16.78,-0.02618134714775433,-0.025875131073061032,-0.33243642780230864,-0.025760000000000005
16.785,-0.02618134714775433,-0.025935800547838707,-0.3324455440165819,-0.025760000000000005
16.789,-0.025262703388183816,-0.025893446030809734,-0.33243186969517247,-0.025760000000000005
16.794,-0.02618134714775433,-0.025859483059865282,-0.33241819537376127,-0.02577000000000007
16.799,-0.02618134714775433,-0.025923252818463298,-0.33243186969517247,-0.02577000000000007
16.805,-0.02618134714775433,-0.02597438810721934,-0.3324455440165819,-0.02577000000000007
16.809,-0.02618134714775433,-0.026015392147592874,-0.3324592183379922,-0.02577000000000007
16.814,-0.025262703388183816,-0.02595726843700136,-0.3324455440165819,-0.025779999999999914
16.819,-0.02618134714775433,-0.025910660565339104,-0.3324273115880345,-0.02577000000000007
16.824,-0.025722025267969073,-0.02591878882636118,-0.3324273115880345,-0.025779999999999914
16.828,-0.026640669027539587,-0.02597080854960198,-0.3324409859094457,-0.02577000000000007
16.833,-0.02618134714775433,-0.026058023679628426,-0.33246377644512926,-0.02577000000000007
16.837,-0.026640669027539587,-0.02612795919382585,-0.3324865669808128,-0.02577000000000007
16.843,-0.02618134714775433,-0.026184038639497434,-0.3325139156236334,-0.02577000000000007
16.848,-0.025722025267969073,-0.026138003499099352,-0.33250935751649635,-0.025760000000000005
16.852,-0.025722025267969073,-0.026055587248329702,-0.332491125087949,-0.02577000000000007
16.858,-0.025262703388183816,-0.02594399794398394,-0.332454660230856,-0.02577000000000007
16.863,-0.02618134714775433,-0.025900019306734717,-0.33243642780230864,-0.02577000000000007
16.868,-0.025262703388183816,-0.02586475399658963,-0.3324227534808992,-0.02577000000000007
16.873,-0.02618134714775433,-0.02583647567380802,-0.3324090791594889,-0.02577000000000007
16.879,-0.02618134714775433,-0.02590480380194787,-0.3324227534808992,-0.02577000000000007
16.885,-0.025722025267969073,-0.025914092442153824,-0.3324227534808992,-0.02577000000000007
16.89,-0.02618134714775433,-0.02592154075793116,-0.3324227534808992,-0.02577000000000007
16.896,-0.027099990907324845,-0.02606401902089831,-0.3324728926594034,-0.02577000000000007
16.9,-0.025262703388183816,-0.026087264815032835,-0.3324820088736766,-0.02577000000000007
16.906,-0.025722025267969073,-0.025969399349855093,-0.33245010212371984,-0.02577000000000007
16.911,-0.02618134714775433,-0.025965889909593087,-0.3324455440165819,-0.02577000000000007
16.916,-0.02618134714775433,-0.026008577666887942,-0.3324592183379922,-0.025760000000000005
16.922,-0.02618134714775433,-0.026042807854418995,-0.3324728926594034,-0.025760000000000005
16.927,-0.026640669027539587,-0.026115758024606278,-0.33249568319508604,-0.02574999999999994
16.932,-0.026640669027539587,-0.02621975672841333,-0.332532148052179,-0.025760000000000005
16.936,-0.02618134714775433,-0.026257648663142237,-0.3325503804807264,-0.025760000000000005
16.94,-0.025722025267969073,-0.026197029437054414,-0.33254126426645314,-0.025760000000000005
16.945,-0.025722025267969073,-0.026102918592336422,-0.33252303183790755,-0.025760000000000005
16.949,-0.025722025267969073,-0.026027453586265677,-0.3325047994093602,-0.025760000000000005
16.954,-0.02618134714775433,-0.026012442071740666,-0.3325002413022222,-0.025760000000000005
16.96,-0.025722025267969073,-0.026000404733874282,-0.33249568319508604,-0.025760000000000005
16.964,-0.025722025267969073,-0.025945250424936468,-0.3324774507665387,-0.02577000000000007
16.969,-0.025262703388183816,-0.025855521753252172,-0.3324455440165819,-0.02577000000000007
16.974,-0.02618134714775433,-0.02582907258119318,-0.33243186969517247,-0.02577000000000007
16.979,-0.025262703388183816,-0.025807863687191863,-0.3324136372666251,-0.02577000000000007
16.984,-0.025262703388183816,-0.02569985306415848,-0.33237717240953035,-0.025779999999999914
16.989,-0.025262703388183816,-0.02561324219218783,-0.3323361494453021,-0.02577000000000007
16.994,-0.02618134714775433,-0.025634794986498052,-0.33232703323102797,-0.025779999999999914
16.999,-0.025262703388183816,-0.025652077604227563,-0.3323179170167547,-0.025779999999999914
17.004,-0.02618134714775433,-0.02566593607989829,-0.3323088008024806,-0.025779999999999914
17.01,-0.025722025267969073,-0.025722550711244987,-0.3323179170167547,-0.02578999999999998
17.015,-0.027099990907324845,-0.025858952261930912,-0.33234526565957356,-0.02578999999999998
17.02,-0.025722025267969073,-0.025968329070538018,-0.3323817305166683,-0.02578999999999998
17.025,-0.02618134714775433,-0.025965031680816136,-0.3323817305166683,-0.025800000000000045
17.03,-0.02618134714775433,-0.026007889475850483,-0.3323954048380777,-0.025800000000000045
17.035,-0.025722025267969073,-0.025996754127214448,-0.3323954048380777,-0.025800000000000045
17.04,-0.025262703388183816,-0.025896821214719343,-0.3323680561952589,-0.025800000000000045
17.044,-0.025262703388183816,-0.02577118576099078,-0.3323361494453021,-0.025800000000000045
17.049,-0.02618134714775433,-0.025761445771689345,-0.33232703323102797,-0.025800000000000045
17.054,-0.025722025267969073,-0.025799137415916752,-0.33233159133816415,-0.025800000000000045
17.059,-0.025722025267969073,-0.025783859467103484,-0.3323224751238909,-0.025800000000000045
17.063,-0.026640669027539587,-0.025862612252501298,-0.3323407075524374,-0.025800000000000045
17.068,-0.025722025267969073,-0.025925762035567672,-0.33235893998098476,-0.025800000000000045
17.073,-0.025262703388183816,-0.02583989452743742,-0.33232703323102797,-0.02581000000000011
17.079,-0.026640669027539587,-0.025862043405619754,-0.3323361494453021,-0.025800000000000045
17.083,-0.026640669027539587,-0.026016309662143453,-0.33237717240953035,-0.02581000000000011
17.089,-0.02618134714775433,-0.02609450982258525,-0.3324136372666251,-0.02581000000000011
17.094,-0.02618134714775433,-0.02611171458531491,-0.33243186969517247,-0.025819999999999954
17.1,-0.025722025267969073,-0.026080008746164125,-0.3324273115880345,-0.025819999999999954
17.106,-0.02618134714775433,-0.02605458466936233,-0.3324273115880345,-0.02583000000000002
17.111,-0.025722025267969073,-0.02603419777223119,-0.3324273115880345,-0.02583000000000002
17.115,-0.02618134714775433,-0.02601785005672215,-0.3324273115880345,-0.02583000000000002
17.121,-0.02618134714775433,-0.02605024313945151,-0.3324409859094457,-0.025819999999999954
17.125,-0.025722025267969073,-0.02603071641381752,-0.3324409859094457,-0.02583000000000002
17.13,-0.025262703388183816,-0.025924054677264042,-0.3324136372666251,-0.02583000000000002
17.135,-0.026640669027539587,-0.025929529211709504,-0.3324136372666251,-0.025840000000000085
17.14,-0.025722025267969073,-0.025979420981547974,-0.3324273115880345,-0.025840000000000085
17.144,-0.02618134714775433,-0.025973925991925665,-0.3324273115880345,-0.025840000000000085
17.149,-0.025722025267969073,-0.025969519704568997,-0.3324273115880345,-0.025840000000000085
17.153,-0.026640669027539587,-0.026011488303815212,-0.33243642780230864,-0.02583000000000002
17.157,-0.02618134714775433,-0.026090643702409617,-0.33246377644512926,-0.02583000000000002
17.162,-0.02618134714775433,-0.026108614445438376,-0.3324728926594034,-0.02583000000000002
17.167,-0.025262703388183816,-0.026032020940752878,-0.332454660230856,-0.025840000000000085
17.171,-0.025262703388183816,-0.02587959885808344,-0.33241819537376127,-0.02584999999999993
17.175,-0.02618134714775433,-0.025848379377000852,-0.33240452105235185,-0.025859999999999994
17.18,-0.02618134714775433,-0.025914349067813914,-0.33241819537376127,-0.02588999999999997
17.185,-0.025722025267969073,-0.025921746539284567,-0.33241819537376127,-0.0259100000000001
17.19,-0.025722025267969073,-0.02588217649174615,-0.33240452105235185,-0.02593000000000001
17.195,-0.02618134714775433,-0.025895948198449984,-0.33240452105235185,-0.025959999999999983
17.2,-0.025722025267969073,-0.025906991367099928,-0.33240452105235185,-0.025980000000000114
17.204,-0.025722025267969073,-0.025870344708046566,-0.33239084673094155,-0.026000000000000023
17.209,-0.026640669027539587,-0.025931962487879136,-0.33240452105235185,-0.026019999999999932
17.213,-0.02618134714775433,-0.026026874046527974,-0.33243186969517247,-0.026019999999999932
17.219,-0.02618134714775433,-0.02605747923904789,-0.3324455440165819,-0.026019999999999932
17.224,-0.025262703388183816,-0.025991016966426108,-0.33243186969517247,-0.026019999999999932
17.229,-0.02618134714775433,-0.025937722621636114,-0.33241819537376127,-0.026019999999999932
17.233,-0.025262703388183816,-0.02589498729113127,-0.33240452105235185,-0.02601000000000009
17.239,-0.026640669027539587,-0.025906220840845935,-0.33240452105235185,-0.026000000000000023
17.244,-0.025722025267969073,-0.025960730613248877,-0.33241819537376127,-0.025989999999999958
17.25,-0.02618134714775433,-0.02595893867817471,-0.33241819537376127,-0.025980000000000114
17.255,-0.026640669027539587,-0.026048505542563542,-0.3324455440165819,-0.02597000000000005
17.261,-0.02618134714775433,-0.02612032685056577,-0.3324728926594034,-0.025959999999999983
17.265,-0.025722025267969073,-0.026086914694690957,-0.3324728926594034,-0.025959999999999983
17.27,-0.025722025267969073,-0.026014620482529442,-0.332454660230856,-0.025959999999999983
17.275,-0.025262703388183816,-0.025911147774175355,-0.3324273115880345,-0.025959999999999983
17.279,-0.02618134714775433,-0.025873677621337472,-0.3324136372666251,-0.02597000000000005
17.284,-0.02618134714775433,-0.025934635063207572,-0.3324273115880345,-0.025980000000000114
17.288,-0.02618134714775433,-0.02598351522929862,-0.33243642780230864,-0.025989999999999958
17.294,-0.02618134714775433,-0.02602271094624127,-0.332454660230856,-0.025980000000000114
17.298,-0.02618134714775433,-0.026054140958647255,-0.33246377644512926,-0.025980000000000114
17.303,-0.025262703388183816,-0.025988340087353835,-0.3324455440165819,-0.02597000000000005
17.309,-0.025262703388183816,-0.025844572332959663,-0.3323954048380777,-0.02597000000000005
17.313,-0.026640669027539587,-0.025865794414583615,-0.3323954048380777,-0.02597000000000005
17.318,-0.02618134714775433,-0.02597381561242403,-0.3324273115880345,-0.025959999999999983
17.324,-0.025722025267969073,-0.025969431194155707,-0.3324273115880345,-0.025949999999999918
17.329,-0.025722025267969073,-0.025920413559749476,-0.3324090791594889,-0.02593000000000001
17.334,-0.025262703388183816,-0.02583560572563887,-0.3323817305166683,-0.025919999999999943
17.339,-0.02618134714775433,-0.02581310244354064,-0.3323680561952589,-0.025900000000000034
17.345,-0.025262703388183816,-0.025795057654704207,-0.33235893998098476,-0.02588999999999997
17.35,-0.02618134714775433,-0.025780588014109998,-0.33234526565957356,-0.02587000000000006
17.355,-0.02618134714775433,-0.02585998896056557,-0.33236349808812093,-0.02584999999999993
17.361,-0.026640669027539587,-0.025969160371850764,-0.3323999629452157,-0.02584999999999993
17.365,-0.02618134714775433,-0.02605670204932775,-0.3324273115880345,-0.02583000000000002
17.369,-0.025722025267969073,-0.02603589564342152,-0.3324273115880345,-0.025819999999999954
17.374,-0.02618134714775433,-0.02601921153488197,-0.3324273115880345,-0.02581000000000011
17.378,-0.02618134714775433,-0.02605133487290586,-0.33243642780230864,-0.025800000000000045
17.383,-0.02618134714775433,-0.026077093731050743,-0.33245010212371984,-0.025800000000000045
17.387,-0.025262703388183816,-0.026006745310619656,-0.33243642780230864,-0.02578999999999998
17.392,-0.02618134714775433,-0.02595033476632152,-0.33241819537376127,-0.02578999999999998
17.397,-0.025722025267969073,-0.02595060252250812,-0.33241819537376127,-0.02578999999999998
17.401,-0.025722025267969073,-0.025905315344188377,-0.33240452105235185,-0.02578999999999998
17.405,-0.025262703388183816,-0.025823498864496672,-0.3323817305166683,-0.025800000000000045
17.41,-0.025722025267969073,-0.025757892385720252,-0.33235893998098476,-0.02578999999999998
17.414,-0.026640669027539587,-0.025841789934307288,-0.33237717240953035,-0.02578999999999998
17.419,-0.02618134714775433,-0.02595456705233293,-0.3324090791594889,-0.02578999999999998
17.424,-0.02618134714775433,-0.025999498166067007,-0.33241819537376127,-0.02578999999999998
17.428,-0.025722025267969073,-0.025990025357053588,-0.33241819537376127,-0.025779999999999914
17.433,-0.025262703388183816,-0.02589142559126532,-0.33239084673094155,-0.025779999999999914
17.438,-0.025262703388183816,-0.025766859152745646,-0.33235893998098476,-0.025779999999999914
17.442,-0.025262703388183816,-0.0256669726086681,-0.3323224751238909,-0.02578999999999998
17.447,-0.025262703388183816,-0.02558687622150054,-0.3322905683739332,-0.02578999999999998
17.452,-0.027099990907324845,-0.025704656579381945,-0.3323088008024806,-0.025779999999999914
17.456,-0.026640669027539587,-0.0259356071990911,-0.33236349808812093,-0.02578999999999998
17.46,-0.02618134714775433,-0.026029796644391815,-0.33239084673094155,-0.02578999999999998
17.465,-0.025722025267969073,-0.026014320908300286,-0.33239084673094155,-0.025779999999999914
17.47,-0.025722025267969073,-0.025956409438445346,-0.33237717240953035,-0.02578999999999998
17.475,-0.025722025267969073,-0.0259099717570361,-0.3323680561952589,-0.025800000000000045
17.479,-0.025262703388183816,-0.025827232719238643,-0.33234526565957356,-0.025800000000000045
17.484,-0.026640669027539587,-0.02585189023532944,-0.3323498237667115,-0.025800000000000045
17.488,-0.02618134714775433,-0.025962666217527304,-0.33237717240953035,-0.025800000000000045
17.492,-0.02618134714775433,-0.026005992673181388,-0.33239084673094155,-0.02578999999999998
17.497,-0.026640669027539587,-0.026086236901042708,-0.33241819537376127,-0.025800000000000045
17.502,-0.02618134714775433,-0.026150582632513325,-0.3324409859094457,-0.025800000000000045
17.506,-0.025722025267969073,-0.026111176008838007,-0.3324409859094457,-0.025800000000000045
17.511,-0.025722025267969073,-0.026034074990932566,-0.3324273115880345,-0.02581000000000011
17.515,-0.02618134714775433,-0.026017751601634706,-0.3324273115880345,-0.02581000000000011
17.521,-0.025262703388183816,-0.02595916042101366,-0.3324090791594889,-0.02581000000000011
17.526,-0.02618134714775433,-0.025912177697454977,-0.3323954048380777,-0.025800000000000045
17.531,-0.025722025267969073,-0.0259200053746206,-0.3323999629452157,-0.02578999999999998
17.535,-0.026640669027539587,-0.02597178406758886,-0.3324090791594889,-0.02578999999999998
17.541,-0.025262703388183816,-0.025967802151894117,-0.3324090791594889,-0.02578999999999998
17.545,-0.025262703388183816,-0.02582810350379558,-0.33237717240953035,-0.02578999999999998
17.549,-0.02618134714775433,-0.025807086609566945,-0.33236349808812093,-0.025779999999999914
17.554,-0.02618134714775433,-0.02588123748588714,-0.3323817305166683,-0.02577000000000007
17.558,-0.025722025267969073,-0.02589519523439932,-0.3323817305166683,-0.02577000000000007
17.562,-0.025262703388183816,-0.02581538381517418,-0.33235893998098476,-0.025760000000000005
17.568,-0.026640669027539587,-0.025842388911440188,-0.33236349808812093,-0.025760000000000005
17.573,-0.025722025267969073,-0.02590954547136064,-0.3323817305166683,-0.025760000000000005
17.578,-0.02618134714775433,-0.025917894661888357,-0.3323817305166683,-0.025760000000000005
17.584,-0.02618134714775433,-0.025970091542677095,-0.3323999629452157,-0.02577000000000007
17.59,-0.026640669027539587,-0.02605744873067221,-0.33243642780230864,-0.025760000000000005
17.594,-0.025722025267969073,-0.026081996272461733,-0.3324455440165819,-0.02577000000000007
17.599,-0.025262703388183816,-0.025965174644420736,-0.3324227534808992,-0.02577000000000007
17.603,-0.025722025267969073,-0.02587149845975014,-0.3323954048380777,-0.02577000000000007
17.607,-0.02618134714775433,-0.02588738576601388,-0.3323954048380777,-0.025779999999999914
17.612,-0.025722025267969073,-0.025900125378193896,-0.3323954048380777,-0.025779999999999914
17.616,-0.025262703388183816,-0.025819337167548206,-0.33237261430239506,-0.02578999999999998
17.621,-0.02618134714775433,-0.025800057115568577,-0.33236349808812093,-0.025779999999999914
17.626,-0.025722025267969073,-0.02583009883496444,-0.33236349808812093,-0.025779999999999914
17.63,-0.02618134714775433,-0.02585418849799295,-0.3323680561952589,-0.025779999999999914
17.635,-0.025262703388183816,-0.025828003478938998,-0.33235893998098476,-0.02577000000000007
17.641,-0.02618134714775433,-0.025807006402270627,-0.33234526565957356,-0.02577000000000007
17.645,-0.02618134714775433,-0.0258811731697701,-0.33235893998098476,-0.025760000000000005
17.651,-0.025722025267969073,-0.025895143661000125,-0.33236349808812093,-0.025760000000000005
17.656,-0.02618134714775433,-0.02590634622972262,-0.3323680561952589,-0.02577000000000007
17.661,-0.027099990907324845,-0.02605183492918247,-0.3324136372666251,-0.02577000000000007
17.665,-0.025722025267969073,-0.026122996597948894,-0.33243642780230864,-0.025760000000000005
17.669,-0.025722025267969073,-0.02604355360980679,-0.3324273115880345,-0.025760000000000005
17.674,-0.026640669027539587,-0.026070854141248215,-0.33243642780230864,-0.025760000000000005
17.678,-0.025722025267969073,-0.026092745717900573,-0.33245010212371984,-0.025760000000000005
17.682,-0.025262703388183816,-0.025973794341414527,-0.33241819537376127,-0.02577000000000007
17.687,-0.02618134714775433,-0.02592391225254477,-0.33240452105235185,-0.025779999999999914
17.693,-0.025722025267969073,-0.025929415005080753,-0.33240452105235185,-0.02577000000000007
17.698,-0.026640669027539587,-0.025979329402262313,-0.33241819537376127,-0.02577000000000007
17.702,-0.025722025267969073,-0.026019354441859096,-0.33243186969517247,-0.025779999999999914
17.707,-0.027099990907324845,-0.026096951351193495,-0.3324592183379922,-0.025779999999999914
17.712,-0.025262703388183816,-0.026113672382758923,-0.33246833455226543,-0.02578999999999998
17.716,-0.02618134714775433,-0.026036076767387353,-0.332454660230856,-0.025800000000000045
17.72,-0.027099990907324845,-0.026155862428263652,-0.3324865669808128,-0.025800000000000045
17.725,-0.025262703388183816,-0.026160911622849222,-0.33249568319508604,-0.025800000000000045
17.729,-0.025722025267969073,-0.026028454784067893,-0.33246377644512926,-0.025800000000000045
17.734,-0.025722025267969073,-0.025967743020922498,-0.33245010212371984,-0.02581000000000011
17.739,-0.02618134714775433,-0.025964561743074894,-0.3324455440165819,-0.025819999999999954
17.744,-0.02618134714775433,-0.026007512645161077,-0.3324592183379922,-0.025819999999999954
17.749,-0.026640669027539587,-0.02608745572651408,-0.3324820088736766,-0.02583000000000002
17.754,-0.025262703388183816,-0.026060556206638424,-0.3324774507665387,-0.02583000000000002
17.759,-0.02618134714775433,-0.02599348430564291,-0.3324592183379922,-0.02583000000000002
17.764,-0.026640669027539587,-0.02607620677077393,-0.3324820088736766,-0.02583000000000002
17.77,-0.02618134714775433,-0.02614253973539672,-0.33250935751649635,-0.025819999999999954
17.774,-0.02618134714775433,-0.026150228506561245,-0.3325184737307696,-0.025819999999999954
17.779,-0.025262703388183816,-0.026065390159621078,-0.3325002413022222,-0.025819999999999954
17.783,-0.025722025267969073,-0.02595185864019097,-0.33246833455226543,-0.025819999999999954
17.788,-0.02618134714775433,-0.025951824476802055,-0.33246833455226543,-0.02581000000000011
17.793,-0.02618134714775433,-0.02599729896702988,-0.3324774507665387,-0.02581000000000011
17.798,-0.025722025267969073,-0.02598826187730601,-0.3324728926594034,-0.02581000000000011
17.803,-0.02618134714775433,-0.0259810152732306,-0.33246833455226543,-0.025800000000000045
17.808,-0.02618134714775433,-0.026020706297357126,-0.3324820088736766,-0.025800000000000045
17.813,-0.02618134714775433,-0.02605253348353995,-0.332491125087949,-0.025800000000000045
17.817,-0.025722025267969073,-0.0260325529803796,-0.3324865669808128,-0.02581000000000011
17.822,-0.02618134714775433,-0.02601653114148515,-0.3324820088736766,-0.025800000000000045
17.826,-0.026640669027539587,-0.026094687421032225,-0.3325047994093602,-0.025800000000000045
17.831,-0.026640669027539587,-0.026202860766726926,-0.33253670615931696,-0.02578999999999998
17.835,-0.02618134714775433,-0.026244100236762085,-0.33255493858786433,-0.025779999999999914
17.839,-0.02618134714775433,-0.026231667195960453,-0.3325594966950005,-0.025779999999999914
17.844,-0.025722025267969073,-0.026176195583267687,-0.3325503804807264,-0.025779999999999914
17.848,-0.026640669027539587,-0.02617721624396292,-0.33255493858786433,-0.02577000000000007
17.852,-0.02618134714775433,-0.02622353656982374,-0.33257317101640993,-0.02577000000000007
17.857,-0.025262703388183816,-0.026124173963503788,-0.3325503804807264,-0.02577000000000007
17.861,-0.025722025267969073,-0.025998995823266556,-0.3325184737307696,-0.02577000000000007
17.866,-0.026640669027539587,-0.026035124426550257,-0.33252758994504283,-0.02577000000000007
17.871,-0.026640669027539587,-0.026155098771245503,-0.3325640548021376,-0.025760000000000005
17.876,-0.025262703388183816,-0.026114797381463672,-0.33255493858786433,-0.02577000000000007
17.881,-0.02618134714775433,-0.026036978874199146,-0.332532148052179,-0.02577000000000007
17.887,-0.025722025267969073,-0.026020080149093797,-0.33252303183790755,-0.025760000000000005
17.892,-0.025262703388183816,-0.0259155257369028,-0.3324865669808128,-0.025760000000000005
17.898,-0.025722025267969073,-0.025831686309317592,-0.3324455440165819,-0.025760000000000005
17.903,-0.025722025267969073,-0.02580995956688955,-0.33243186969517247,-0.02577000000000007
17.908,-0.026640669027539587,-0.02588354123464682,-0.3324409859094457,-0.02577000000000007
17.912,-0.025722025267969073,-0.025942544434762994,-0.332454660230856,-0.025779999999999914
17.918,-0.026640669027539587,-0.025989857545895972,-0.33246833455226543,-0.02577000000000007
17.923,-0.025722025267969073,-0.026027796682767765,-0.3324774507665387,-0.025779999999999914
17.928,-0.025722025267969073,-0.025967215306834303,-0.33246377644512926,-0.025779999999999914
17.932,-0.02618134714775433,-0.02596413858305557,-0.3324592183379922,-0.025779999999999914
17.937,-0.025722025267969073,-0.025961671439345028,-0.3324592183379922,-0.02578999999999998
17.942,-0.025722025267969073,-0.025914191216876555,-0.3324409859094457,-0.02578999999999998
17.947,-0.02618134714775433,-0.02592161996277809,-0.3324409859094457,-0.02578999999999998
17.952,-0.026640669027539587,-0.026018580648228595,-0.3324728926594034,-0.025779999999999914
17.957,-0.025722025267969073,-0.026050828981525654,-0.3324774507665387,-0.02578999999999998
17.961,-0.02618134714775433,-0.0260311861851368,-0.3324774507665387,-0.02578999999999998
17.966,-0.02618134714775433,-0.0260609370293511,-0.3324865669808128,-0.02578999999999998
17.971,-0.02618134714775433,-0.026084793447237582,-0.33249568319508604,-0.025800000000000045
17.976,-0.025722025267969073,-0.02605842139505146,-0.332491125087949,-0.025800000000000045
17.981,-0.02618134714775433,-0.02603727434144369,-0.3324865669808128,-0.025800000000000045
17.987,-0.025722025267969073,-0.026020317076490104,-0.3324820088736766,-0.025800000000000045
17.992,-0.025722025267969073,-0.025961217607686646,-0.33246377644512926,-0.02581000000000011
17.998,-0.026640669027539587,-0.026004831071128543,-0.3324774507665387,-0.025819999999999954
18.002,-0.02618134714775433,-0.026085305442970767,-0.3325002413022222,-0.025819999999999954
18.008,-0.025722025267969073,-0.02605883195093616,-0.33249568319508604,-0.025819999999999954
18.015,-0.025722025267969073,-0.025992101670438344,-0.33246377644512926,-0.025819999999999954
18.02,-0.027099990907324845,-0.02607509807204299,-0.3324865669808128,-0.025819999999999954
18.024,-0.02618134714775433,-0.026187152584053353,-0.3325184737307696,-0.025819999999999954
18.029,-0.02618134714775433,-0.026186002374119173,-0.33252758994504283,-0.02583000000000002
18.033,-0.025262703388183816,-0.026094076281188924,-0.33250935751649635,-0.02583000000000002
18.038,-0.02618134714775433,-0.02602036316999723,-0.332491125087949,-0.02583000000000002
18.043,-0.02618134714775433,-0.026052258338753232,-0.3325002413022222,-0.02583000000000002
18.047,-0.025262703388183816,-0.02598683046407761,-0.3324820088736766,-0.025840000000000085
18.052,-0.02618134714775433,-0.025934365575738888,-0.33246377644512926,-0.025840000000000085
18.056,-0.026640669027539587,-0.026028801019348888,-0.3324865669808128,-0.025840000000000085
18.061,-0.02618134714775433,-0.026104526312716272,-0.33250935751649635,-0.02584999999999993
18.066,-0.025262703388183816,-0.02602874277486651,-0.3324865669808128,-0.025840000000000085
18.071,-0.02618134714775433,-0.025967973953153853,-0.33246833455226543,-0.02584999999999993
18.076,-0.025262703388183816,-0.02591924503659594,-0.33245010212371984,-0.025840000000000085
18.081,-0.025722025267969073,-0.025834668717718688,-0.3324227534808992,-0.02584999999999993
18.086,-0.025262703388183816,-0.02576684919663545,-0.3323954048380777,-0.025840000000000085
18.091,-0.02618134714775433,-0.025757968395023756,-0.3323817305166683,-0.025840000000000085
18.095,-0.025722025267969073,-0.025796348999215516,-0.3323817305166683,-0.02584999999999993
18.1,-0.025262703388183816,-0.025736121624290984,-0.33235893998098476,-0.02583000000000002
18.104,-0.025722025267969073,-0.025687826879642536,-0.3323407075524374,-0.025840000000000085
18.11,-0.02618134714775433,-0.025740104366623846,-0.33234526565957356,-0.02583000000000002
18.114,-0.025262703388183816,-0.025736522420702363,-0.3323361494453021,-0.02583000000000002
18.12,-0.025722025267969073,-0.025688148267721755,-0.3323088008024806,-0.02583000000000002
18.125,-0.02618134714775433,-0.02574036207925433,-0.3323179170167547,-0.025840000000000085
18.129,-0.02618134714775433,-0.025827732843566716,-0.3323361494453021,-0.025840000000000085
18.134,-0.025262703388183816,-0.025806789386898236,-0.33232703323102797,-0.025840000000000085
18.14,-0.025722025267969073,-0.025744493496015416,-0.33230424269534353,-0.025840000000000085
18.144,-0.025262703388183816,-0.02569454006293614,-0.33228601026679794,-0.025840000000000085
18.149,-0.027099990907324845,-0.025790989376328823,-0.33230424269534353,-0.02584999999999993
18.153,-0.025262703388183816,-0.025868329538799032,-0.3323224751238909,-0.02584999999999993
18.158,-0.025722025267969073,-0.025793840921922655,-0.33229968458820736,-0.025859999999999994
18.162,-0.025722025267969073,-0.02577961234815969,-0.3322951264810712,-0.025859999999999994
18.167,-0.026640669027539587,-0.02585920659975387,-0.3323133589096168,-0.025859999999999994
18.172,-0.02618134714775433,-0.02596853301733513,-0.3323498237667115,-0.025859999999999994
18.177,-0.02480338150839856,-0.02587419145047965,-0.33232703323102797,-0.025840000000000085
18.182,-0.025722025267969073,-0.025753039549458567,-0.3322905683739332,-0.025840000000000085
18.188,-0.026640669027539587,-0.025837898572806436,-0.3323133589096168,-0.025840000000000085
18.193,-0.025722025267969073,-0.025905944787153933,-0.3323361494453021,-0.025840000000000085
18.198,-0.026640669027539587,-0.025960509253068705,-0.3323543818738477,-0.025840000000000085
18.203,-0.02618134714775433,-0.026049764945178244,-0.3323862886238045,-0.025840000000000085
18.209,-0.02618134714775433,-0.0260758348473817,-0.33240452105235185,-0.025819999999999954
18.214,-0.025722025267969073,-0.026051237729932574,-0.33240452105235185,-0.02581000000000011
18.219,-0.02618134714775433,-0.02603151394971167,-0.33240452105235185,-0.025800000000000045
18.224,-0.025722025267969073,-0.02601569797017638,-0.33240452105235185,-0.02578999999999998
18.228,-0.025722025267969073,-0.02595751366807107,-0.3323954048380777,-0.025779999999999914
18.233,-0.025722025267969073,-0.025910857209670794,-0.3323817305166683,-0.02578999999999998
18.238,-0.02618134714775433,-0.025918946510268163,-0.3323862886238045,-0.025779999999999914
18.243,-0.025262703388183816,-0.025879931222273177,-0.33237261430239506,-0.02578999999999998
18.248,-0.025722025267969073,-0.02580314400613607,-0.33234526565957356,-0.025779999999999914
18.254,-0.025722025267969073,-0.025787072246205935,-0.3323361494453021,-0.025779999999999914
18.259,-0.02618134714775433,-0.025819686610441157,-0.3323407075524374,-0.025779999999999914
18.263,-0.025722025267969073,-0.02584583920956382,-0.33234526565957356,-0.025779999999999914
18.268,-0.026640669027539587,-0.02591231217449274,-0.33236349808812093,-0.02578999999999998
18.273,-0.025722025267969073,-0.02596561509316203,-0.3323817305166683,-0.02578999999999998
18.277,-0.026640669027539587,-0.026008357298834717,-0.3323954048380777,-0.02578999999999998
18.282,-0.02618134714775433,-0.02608813303203397,-0.3324227534808992,-0.025800000000000045
18.287,-0.025722025267969073,-0.02606109932008431,-0.3324227534808992,-0.02578999999999998
18.292,-0.025262703388183816,-0.0259484179290523,-0.3323954048380777,-0.025779999999999914
18.297,-0.025722025267969073,-0.0258580616913225,-0.3323680561952589,-0.025779999999999914
18.302,-0.025262703388183816,-0.025785607405642227,-0.33234526565957356,-0.02577000000000007
18.307,-0.02618134714775433,-0.025773010108450248,-0.3323361494453021,-0.02577000000000007
18.311,-0.025722025267969073,-0.0258084105527851,-0.3323407075524374,-0.025760000000000005
18.317,-0.025722025267969073,-0.025791295351162986,-0.33233159133816415,-0.02577000000000007
18.322,-0.025722025267969073,-0.025777571122056496,-0.3323224751238909,-0.02577000000000007
18.326,-0.025262703388183816,-0.02572106413949157,-0.33229968458820736,-0.02577000000000007
18.332,-0.025722025267969073,-0.025675752679424665,-0.3322768940525238,-0.025760000000000005
18.337,-0.025722025267969073,-0.025684920498737888,-0.33226777783825057,-0.02574999999999994
18.342,-0.026640669027539587,-0.025783275701323626,-0.3322905683739332,-0.02574999999999994
18.348,-0.025262703388183816,-0.02581664226115867,-0.33229968458820736,-0.02574999999999994
18.353,-0.02618134714775433,-0.025797896141159564,-0.3322905683739332,-0.02574999999999994
18.358,-0.025722025267969073,-0.025828366006538733,-0.33229968458820736,-0.02574999999999994
18.364,-0.02618134714775433,-0.025852798988547386,-0.3323088008024806,-0.02574999999999994
18.369,-0.025262703388183816,-0.025826889267935377,-0.33229968458820736,-0.02574999999999994
18.373,-0.025722025267969073,-0.025760611060883044,-0.33228145215966,-0.02574999999999994
18.378,-0.02618134714775433,-0.025798468083320134,-0.33228601026679794,-0.02574999999999994
18.382,-0.025722025267969073,-0.025828824631883653,-0.3322951264810712,-0.02574999999999994
18.387,-0.027099990907324845,-0.02594417051802235,-0.33232703323102797,-0.02574999999999994
18.392,-0.026640669027539587,-0.026127667114052965,-0.33239084673094155,-0.02574999999999994
18.397,-0.027099990907324845,-0.0262748081983234,-0.3324409859094457,-0.02574999999999994
18.402,-0.025722025267969073,-0.026301792985971514,-0.33246833455226543,-0.02574999999999994
18.406,-0.025722025267969073,-0.026186925721150455,-0.33245010212371984,-0.025740000000000096
18.411,-0.02618134714775433,-0.02614031857378734,-0.33245010212371984,-0.025740000000000096
18.416,-0.02618134714775433,-0.02614844741560581,-0.33246377644512926,-0.025740000000000096
18.422,-0.025722025267969073,-0.026109463834673902,-0.3324592183379922,-0.02574999999999994
18.427,-0.025722025267969073,-0.026032702043595035,-0.3324455440165819,-0.025740000000000096
18.432,-0.025722025267969073,-0.025971148786400007,-0.3324273115880345,-0.025740000000000096
18.437,-0.02618134714775433,-0.025967292736651732,-0.3324273115880345,-0.02574999999999994
18.442,-0.02618134714775433,-0.026009702556934505,-0.3324409859094457,-0.025760000000000005
18.447,-0.027099990907324845,-0.026134713643998678,-0.3324865669808128,-0.025760000000000005
18.452,-0.025722025267969073,-0.026189454855076247,-0.33250935751649635,-0.025760000000000005
18.458,-0.027099990907324845,-0.026233350389524672,-0.332532148052179,-0.025760000000000005
18.463,-0.02618134714775433,-0.026314050946672995,-0.33256861290927375,-0.025760000000000005
18.468,-0.025262703388183816,-0.026196755056776166,-0.3325458223735902,-0.025760000000000005
18.472,-0.025722025267969073,-0.026057196689073622,-0.33250935751649635,-0.02574999999999994
18.477,-0.025722025267969073,-0.0259907903970484,-0.332491125087949,-0.025760000000000005
18.482,-0.025262703388183816,-0.025892039056674396,-0.3324592183379922,-0.02574999999999994
18.486,-0.02618134714775433,-0.02585835484438722,-0.3324455440165819,-0.025760000000000005
18.49,-0.02618134714775433,-0.025922348132205765,-0.332454660230856,-0.02574999999999994
18.495,-0.025722025267969073,-0.02592816077820358,-0.332454660230856,-0.02574999999999994
18.499,-0.02618134714775433,-0.025932821785835877,-0.33245010212371984,-0.02574999999999994
18.504,-0.02618134714775433,-0.025982061209963516,-0.33246377644512926,-0.02574999999999994
18.509,-0.025262703388183816,-0.025930541236559367,-0.3324455440165819,-0.02574999999999994
18.514,-0.025722025267969073,-0.02584372684275594,-0.33241819537376127,-0.025760000000000005
18.519,-0.025722025267969073,-0.025819614553323288,-0.33240452105235185,-0.025760000000000005
18.523,-0.02480338150839856,-0.025709275774013034,-0.33236349808812093,-0.025760000000000005
18.528,-0.025722025267969073,-0.025620798014882953,-0.33233159133816415,-0.025760000000000005
18.532,-0.02618134714775433,-0.025686355686531187,-0.3323361494453021,-0.025760000000000005
18.537,-0.02618134714775433,-0.025784426540590433,-0.3323543818738477,-0.025760000000000005
18.542,-0.02618134714775433,-0.025863066973785157,-0.33237261430239506,-0.02577000000000007
18.547,-0.025722025267969073,-0.025880624779631923,-0.33237717240953035,-0.025779999999999914
18.552,-0.02618134714775433,-0.025894703921401245,-0.33237717240953035,-0.025779999999999914
18.558,-0.02618134714775433,-0.02595149549907671,-0.3323954048380777,-0.02578999999999998
18.562,-0.026640669027539587,-0.026042537053411207,-0.3324227534808992,-0.02578999999999998
18.566,-0.025722025267969073,-0.026070038991466128,-0.33243186969517247,-0.025800000000000045
18.57,-0.025262703388183816,-0.025955586415926695,-0.3324090791594889,-0.025800000000000045
18.575,-0.02618134714775433,-0.0259093117969693,-0.3323954048380777,-0.02581000000000011
18.58,-0.02618134714775433,-0.025963209169501487,-0.3324090791594889,-0.02581000000000011
18.584,-0.02618134714775433,-0.026006428052059886,-0.3324227534808992,-0.025819999999999954
18.59,-0.025722025267969073,-0.02599558224999286,-0.3324227534808992,-0.025819999999999954
18.594,-0.02618134714775433,-0.025986885287158416,-0.3324227534808992,-0.025819999999999954
18.599,-0.025722025267969073,-0.025979911421871532,-0.3324227534808992,-0.025819999999999954
18.604,-0.025722025267969073,-0.02592881737814647,-0.3324090791594889,-0.025819999999999954
18.608,-0.02618134714775433,-0.025933348296025265,-0.3324090791594889,-0.02581000000000011
18.613,-0.02618134714775433,-0.02598248340460811,-0.3324227534808992,-0.02581000000000011
18.618,-0.02618134714775433,-0.02602188355321588,-0.33243642780230864,-0.025800000000000045
18.623,-0.02618134714775433,-0.026053477493986288,-0.33245010212371984,-0.025800000000000045
18.627,-0.025722025267969073,-0.02603330995747695,-0.3324455440165819,-0.02578999999999998
18.632,-0.025722025267969073,-0.02597163625652023,-0.33243186969517247,-0.025779999999999914
18.638,-0.026640669027539587,-0.02601318551104279,-0.3324455440165819,-0.02577000000000007
18.643,-0.02618134714775433,-0.0260920046481552,-0.33246833455226543,-0.025779999999999914
18.647,-0.02618134714775433,-0.026109705751963787,-0.3324774507665387,-0.025760000000000005
18.652,-0.025722025267969073,-0.026078397915643033,-0.3324774507665387,-0.02577000000000007
18.658,-0.026640669027539587,-0.026098794871770217,-0.3324865669808128,-0.02577000000000007
18.663,-0.025722025267969073,-0.026115150653323076,-0.33249568319508604,-0.025779999999999914
18.668,-0.02618134714775433,-0.02608276403854167,-0.332491125087949,-0.02577000000000007
18.672,-0.02618134714775433,-0.026102295950652662,-0.3325002413022222,-0.025779999999999914
18.676,-0.025722025267969073,-0.02607245619125832,-0.33249568319508604,-0.02578999999999998
18.681,-0.025722025267969073,-0.026003026589683325,-0.3324774507665387,-0.02578999999999998
18.687,-0.02618134714775433,-0.02599285470695926,-0.3324728926594034,-0.02578999999999998
18.692,-0.026640669027539587,-0.0260757019121827,-0.33249568319508604,-0.02578999999999998
18.696,-0.027099990907324845,-0.02623313867249608,-0.33254126426645314,-0.025800000000000045
18.701,-0.02618134714775433,-0.02631388117636761,-0.33257317101640993,-0.02578999999999998
18.705,-0.02618134714775433,-0.026287622692340633,-0.33257317101640993,-0.02578999999999998
18.71,-0.025722025267969073,-0.02622106482109756,-0.3325640548021376,-0.02578999999999998
18.715,-0.025262703388183816,-0.026076690048394646,-0.33252758994504283,-0.025800000000000045
18.72,-0.02618134714775433,-0.026006421608136862,-0.33250935751649635,-0.025800000000000045
18.725,-0.02618134714775433,-0.02604107896772983,-0.3325184737307696,-0.02578999999999998
18.73,-0.02618134714775433,-0.026068869790986347,-0.33252303183790755,-0.025779999999999914
18.735,-0.025722025267969073,-0.026045652634774482,-0.3325184737307696,-0.025779999999999914
18.739,-0.027099990907324845,-0.026118039178998635,-0.33253670615931696,-0.025779999999999914
18.744,-0.026640669027539587,-0.02626708781094933,-0.3325868453378211,-0.025779999999999914
18.75,-0.025262703388183816,-0.026204598440910446,-0.33257317101640993,-0.025779999999999914
18.755,-0.02480338150839856,-0.025972482322199043,-0.33250935751649635,-0.02577000000000007
18.759,-0.02618134714775433,-0.02587735829396537,-0.3324820088736766,-0.02577000000000007
18.764,-0.025262703388183816,-0.025846582727685048,-0.33246377644512926,-0.02577000000000007
18.77,-0.025722025267969073,-0.02577640272723155,-0.3324273115880345,-0.02577000000000007
18.775,-0.026640669027539587,-0.025856632889321746,-0.3324409859094457,-0.025779999999999914
18.781,-0.025722025267969073,-0.025920967341821206,-0.332454660230856,-0.025779999999999914
18.786,-0.025262703388183816,-0.02583604978888716,-0.3324273115880345,-0.025779999999999914
18.791,-0.025722025267969073,-0.02576795664120706,-0.3323999629452157,-0.025779999999999914
18.797,-0.02618134714775433,-0.025804358310587843,-0.3323999629452157,-0.025779999999999914
18.801,-0.025262703388183816,-0.02578804596494259,-0.3323862886238045,-0.025760000000000005
18.806,-0.025262703388183816,-0.025683961754986502,-0.3323498237667115,-0.02577000000000007
18.811,-0.025262703388183816,-0.025600499370181197,-0.3323133589096168,-0.025760000000000005
18.815,-0.02618134714775433,-0.02562457685337035,-0.3323088008024806,-0.02577000000000007
18.82,-0.02618134714775433,-0.02573488772247126,-0.33232703323102797,-0.02574999999999994
18.825,-0.026640669027539587,-0.025868844986089063,-0.33235893998098476,-0.025760000000000005
18.83,-0.02618134714775433,-0.025976261785315875,-0.33239084673094155,-0.025760000000000005
18.835,-0.025722025267969073,-0.02597139271572834,-0.3323954048380777,-0.02577000000000007
18.841,-0.02618134714775433,-0.02596748833715132,-0.3323954048380777,-0.025760000000000005
18.846,-0.026640669027539587,-0.026055361288769053,-0.3324227534808992,-0.02577000000000007
18.851,-0.025722025267969073,-0.026080322407814504,-0.33243642780230864,-0.02577000000000007
18.856,-0.025722025267969073,-0.026009334301424145,-0.33241819537376127,-0.025760000000000005
18.861,-0.026640669027539587,-0.026043414579712335,-0.33243186969517247,-0.02577000000000007
18.866,-0.026640669027539587,-0.02616174642657766,-0.3324728926594034,-0.02577000000000007
18.871,-0.02618134714775433,-0.026211131730972382,-0.33249568319508604,-0.02577000000000007
18.876,-0.02618134714775433,-0.02620523062005872,-0.3325047994093602,-0.02577000000000007
18.88,-0.027099990907324845,-0.02629150244463994,-0.33254126426645314,-0.02577000000000007
18.886,-0.02618134714775433,-0.02636068154706183,-0.332577729123547,-0.025779999999999914
18.892,-0.02618134714775433,-0.026325150676167957,-0.33258228723068317,-0.025779999999999914
18.897,-0.025722025267969073,-0.02625115752227178,-0.33257317101640993,-0.025779999999999914
18.902,-0.025722025267969073,-0.026146322477316592,-0.3325503804807264,-0.025779999999999914
18.907,-0.025262703388183816,-0.026016756132764895,-0.33250935751649635,-0.02578999999999998
18.912,-0.02618134714775433,-0.025958362180762723,-0.332491125087949,-0.02578999999999998
18.917,-0.025722025267969073,-0.025957039494584538,-0.3324865669808128,-0.025800000000000045
18.921,-0.02618134714775433,-0.025955978867397887,-0.3324820088736766,-0.025800000000000045
18.926,-0.02618134714775433,-0.02600063026335895,-0.332491125087949,-0.025800000000000045
18.931,-0.025262703388183816,-0.02594543127108635,-0.3324728926594034,-0.025800000000000045
18.936,-0.026640669027539587,-0.025946670538911552,-0.33246833455226543,-0.025800000000000045
18.941,-0.025722025267969073,-0.025993166160068467,-0.3324774507665387,-0.02578999999999998
18.946,-0.027099990907324845,-0.026075951658222567,-0.3325047994093602,-0.02578999999999998
18.952,-0.025722025267969073,-0.02614233516736532,-0.33252758994504283,-0.02578999999999998
18.957,-0.025262703388183816,-0.02601355881400125,-0.33249568319508604,-0.02578999999999998
18.961,-0.025262703388183816,-0.025864794565214053,-0.332454660230856,-0.02578999999999998
18.967,-0.02618134714775433,-0.02583650820471875,-0.33243642780230864,-0.025779999999999914
18.972,-0.025722025267969073,-0.025859328002678813,-0.33243642780230864,-0.025779999999999914
18.976,-0.02618134714775433,-0.025877626597243016,-0.33243642780230864,-0.025779999999999914
18.981,-0.025722025267969073,-0.02589229975796123,-0.33243642780230864,-0.025779999999999914
18.986,-0.026640669027539587,-0.02594956766377633,-0.33245010212371984,-0.025779999999999914
18.992,-0.025722025267969073,-0.025995489288143273,-0.33246377644512926,-0.025779999999999914
18.997,-0.025262703388183816,-0.02589580697360323,-0.3324273115880345,-0.025779999999999914
19.002,-0.02618134714775433,-0.025861376237668307,-0.3324136372666251,-0.025779999999999914
19.007,-0.02618134714775433,-0.025924770907848494,-0.3324273115880345,-0.025779999999999914
19.012,-0.02618134714775433,-0.025975605423087803,-0.3324409859094457,-0.025779999999999914
19.017,-0.02618134714775433,-0.02601636828110521,-0.332454660230856,-0.02578999999999998
19.022,-0.02480338150839856,-0.025912549287789712,-0.3324273115880345,-0.02578999999999998
19.027,-0.02618134714775433,-0.025829299573218664,-0.3323999629452157,-0.025779999999999914
19.031,-0.026640669027539587,-0.025944551360961726,-0.3324273115880345,-0.02578999999999998
19.036,-0.02618134714775433,-0.02603696873207084,-0.332454660230856,-0.02578999999999998
19.041,-0.025722025267969073,-0.026020072016388406,-0.33245010212371984,-0.025779999999999914
19.045,-0.025262703388183816,-0.02591551921550068,-0.3324227534808992,-0.02578999999999998
19.049,-0.025722025267969073,-0.025831681079977103,-0.3323999629452157,-0.025800000000000045
19.054,-0.025722025267969073,-0.025809955373619232,-0.3323862886238045,-0.025800000000000045
19.058,-0.025722025267969073,-0.02579253410227584,-0.33237717240953035,-0.025800000000000045
19.063,-0.02618134714775433,-0.025824066328875395,-0.33237717240953035,-0.02581000000000011
19.067,-0.025722025267969073,-0.02584935119034795,-0.3323817305166683,-0.02581000000000011
19.071,-0.025722025267969073,-0.025824124569426607,-0.33237261430239506,-0.02581000000000011
19.076,-0.02618134714775433,-0.025849397891911027,-0.33237261430239506,-0.02583000000000002
19.081,-0.026640669027539587,-0.02596066767302625,-0.33240452105235185,-0.02583000000000002
19.085,-0.02618134714775433,-0.02604989197796701,-0.3324273115880345,-0.02583000000000002
19.09,-0.02618134714775433,-0.02607593671162704,-0.3324409859094457,-0.025840000000000085
19.095,-0.026640669027539587,-0.026142323182084287,-0.33246833455226543,-0.02583000000000002
19.1,-0.025722025267969073,-0.02615005485816731,-0.3324774507665387,-0.02583000000000002
19.105,-0.02618134714775433,-0.02611075280049953,-0.3324728926594034,-0.025840000000000085
19.11,-0.02618134714775433,-0.026124739401217702,-0.3324820088736766,-0.025840000000000085
19.115,-0.02618134714775433,-0.026135954887714172,-0.332491125087949,-0.025840000000000085
19.12,-0.026640669027539587,-0.026190450175698498,-0.3325139156236334,-0.025840000000000085
19.125,-0.02618134714775433,-0.026234148510899797,-0.33253670615931696,-0.02583000000000002
19.131,-0.02618134714775433,-0.026223687169271048,-0.33254126426645314,-0.025819999999999954
19.135,-0.025722025267969073,-0.026169796610180523,-0.33253670615931696,-0.025819999999999954
19.14,-0.02618134714775433,-0.02612658319114142,-0.33252758994504283,-0.025819999999999954
19.146,-0.026640669027539587,-0.026182935259209592,-0.3325503804807264,-0.025819999999999954
19.15,-0.025722025267969073,-0.026182620612475335,-0.33255493858786433,-0.025819999999999954
19.155,-0.025262703388183816,-0.026045862650704663,-0.3325184737307696,-0.025819999999999954
19.16,-0.025722025267969073,-0.025936200045441983,-0.3324865669808128,-0.025819999999999954
19.164,-0.02618134714775433,-0.025939268262357984,-0.3324820088736766,-0.025819999999999954
19.169,-0.02618134714775433,-0.02598723046958852,-0.33249568319508604,-0.02581000000000011
19.174,-0.02618134714775433,-0.026025690099513898,-0.3325047994093602,-0.025819999999999954
19.179,-0.02618134714775433,-0.026056529863140443,-0.3325139156236334,-0.025819999999999954
19.185,-0.02618134714775433,-0.02608125945680493,-0.3325184737307696,-0.025819999999999954
19.19,-0.026640669027539587,-0.02614659135116051,-0.3325458223735902,-0.02581000000000011
19.195,-0.026640669027539587,-0.026244481160359177,-0.33257317101640993,-0.02581000000000011
19.2,-0.025722025267969073,-0.026231972648553648,-0.332577729123547,-0.02581000000000011
19.205,-0.025722025267969073,-0.026130938632702896,-0.33255493858786433,-0.02581000000000011
19.21,-0.02618134714775433,-0.02609542400311125,-0.3325458223735902,-0.025800000000000045
19.215,-0.025722025267969073,-0.0260669457576363,-0.33253670615931696,-0.025800000000000045
19.221,-0.025722025267969073,-0.025998607918190315,-0.3325139156236334,-0.025800000000000045
19.225,-0.025722025267969073,-0.025943809605794902,-0.33249568319508604,-0.02578999999999998
19.23,-0.02618134714775433,-0.02594537016825363,-0.332491125087949,-0.02578999999999998
19.235,-0.027099990907324845,-0.02608312719700741,-0.332532148052179,-0.02578999999999998
19.24,-0.02618134714775433,-0.026193590927753255,-0.3325640548021376,-0.02578999999999998
19.244,-0.02618134714775433,-0.026191165112248393,-0.33256861290927375,-0.02578999999999998
19.249,-0.02480338150839856,-0.026052714259880816,-0.33253670615931696,-0.025800000000000045
19.254,-0.025722025267969073,-0.025896192285315905,-0.3324865669808128,-0.025800000000000045
19.258,-0.026640669027539587,-0.02595268897887377,-0.33249568319508604,-0.02581000000000011
19.263,-0.02618134714775433,-0.02604349407340609,-0.3325184737307696,-0.025800000000000045
19.268,-0.025722025267969073,-0.026025304515628574,-0.33250935751649635,-0.02581000000000011
19.273,-0.025722025267969073,-0.02596521690368691,-0.332491125087949,-0.025819999999999954
19.278,-0.02618134714775433,-0.02596253611623996,-0.3324865669808128,-0.025819999999999954
19.283,-0.026640669027539587,-0.026051390233336923,-0.33250935751649635,-0.025819999999999954
19.288,-0.02618134714775433,-0.02612264000807039,-0.33252758994504283,-0.025819999999999954
19.292,-0.025722025267969073,-0.02608876955473022,-0.33252303183790755,-0.025819999999999954
19.297,-0.025722025267969073,-0.02601610784590975,-0.3325047994093602,-0.02581000000000011
19.301,-0.02618134714775433,-0.026003344221568317,-0.3325002413022222,-0.025819999999999954
19.306,-0.025722025267969073,-0.02599310940759659,-0.33249568319508604,-0.025819999999999954
19.31,-0.025722025267969073,-0.02593940049506405,-0.3324774507665387,-0.02581000000000011
19.315,-0.025262703388183816,-0.025850830848663454,-0.3324455440165819,-0.025819999999999954
19.32,-0.026640669027539587,-0.02587081295338215,-0.3324409859094457,-0.025819999999999954
19.325,-0.025722025267969073,-0.02593233796147305,-0.332454660230856,-0.025819999999999954
19.33,-0.026640669027539587,-0.025981673243958243,-0.33246833455226543,-0.02581000000000011
19.335,-0.02618134714775433,-0.026066735791691695,-0.33249568319508604,-0.025819999999999954
19.34,-0.02618134714775433,-0.02608944332193106,-0.3325002413022222,-0.025819999999999954
19.345,-0.02618134714775433,-0.02610765189196887,-0.33250935751649635,-0.025819999999999954
19.35,-0.02618134714775433,-0.02612225286439198,-0.3325184737307696,-0.02583000000000002
19.355,-0.02618134714775433,-0.02613396099936676,-0.33252303183790755,-0.02583000000000002
19.359,-0.02618134714775433,-0.026143349444232987,-0.332532148052179,-0.02583000000000002
19.364,-0.025262703388183816,-0.026059874020838997,-0.3325139156236334,-0.02583000000000002
19.369,-0.025722025267969073,-0.025947435393880468,-0.3324774507665387,-0.02583000000000002
19.373,-0.025722025267969073,-0.02590277570721212,-0.33246377644512926,-0.02583000000000002
19.378,-0.02618134714775433,-0.025912466166436037,-0.33246377644512926,-0.025840000000000085
19.384,-0.026640669027539587,-0.026011240460191886,-0.332491125087949,-0.02584999999999993
19.389,-0.027099990907324845,-0.026181448733038064,-0.33254126426645314,-0.025840000000000085
19.394,-0.025722025267969073,-0.02622693049126507,-0.3325640548021376,-0.025840000000000085
19.4,-0.02618134714775433,-0.02617239734460918,-0.3325503804807264,-0.02584999999999993
19.405,-0.025722025267969073,-0.02612866865153693,-0.3325458223735902,-0.02584999999999993
19.409,-0.02618134714775433,-0.02609360376504003,-0.33253670615931696,-0.02584999999999993
19.415,-0.026640669027539587,-0.026156489926597724,-0.3325640548021376,-0.02584999999999993
19.42,-0.025722025267969073,-0.026161414797225477,-0.33256861290927375,-0.025859999999999994
19.425,-0.025262703388183816,-0.026028858266338963,-0.332532148052179,-0.025859999999999994
19.43,-0.025262703388183816,-0.025877062792823785,-0.3324820088736766,-0.025859999999999994
19.434,-0.02618134714775433,-0.0258463457731076,-0.33246833455226543,-0.025859999999999994
19.439,-0.025722025267969073,-0.025867216489498905,-0.33246377644512926,-0.02584999999999993
19.445,-0.025722025267969073,-0.025838450281972514,-0.3324455440165819,-0.02584999999999993
19.45,-0.02618134714775433,-0.0258608853032448,-0.3324409859094457,-0.02584999999999993
19.455,-0.02618134714775433,-0.025924377240472952,-0.332454660230856,-0.02584999999999993
19.46,-0.025722025267969073,-0.02592978786664552,-0.332454660230856,-0.02584999999999993
19.465,-0.025722025267969073,-0.025888624620226237,-0.33243642780230864,-0.025840000000000085
19.47,-0.02618134714775433,-0.025901118782736557,-0.33243642780230864,-0.025840000000000085
19.474,-0.02618134714775433,-0.025956639407316646,-0.3324455440165819,-0.025840000000000085
19.479,-0.02618134714775433,-0.02600115993291115,-0.3324592183379922,-0.02583000000000002
19.483,-0.025722025267969073,-0.025991357884089735,-0.332454660230856,-0.02583000000000002
19.488,-0.02618134714775433,-0.025983497879474644,-0.332454660230856,-0.025819999999999954
19.492,-0.02618134714775433,-0.026022697033874678,-0.33246377644512926,-0.02583000000000002
19.497,-0.027559312787110102,-0.026190635457534188,-0.3325139156236334,-0.02583000000000002
19.502,-0.025722025267969073,-0.02627979896846971,-0.3325503804807264,-0.02583000000000002
19.507,-0.026640669027539587,-0.02626029306807016,-0.33255493858786433,-0.02583000000000002
19.512,-0.02618134714775433,-0.026290153685570365,-0.33257317101640993,-0.025840000000000085
19.517,-0.025722025267969073,-0.02622309435786369,-0.3325640548021376,-0.02583000000000002
19.522,-0.025722025267969073,-0.0261238193653876,-0.33254126426645314,-0.02583000000000002
19.526,-0.026640669027539587,-0.02613521713522973,-0.3325458223735902,-0.025840000000000085
19.531,-0.02480338150839856,-0.02605335293657778,-0.33252758994504283,-0.02584999999999993
19.536,-0.02480338150839856,-0.02580570065342873,-0.3324455440165819,-0.025840000000000085
19.541,-0.025722025267969073,-0.025698118584390976,-0.3324090791594889,-0.025840000000000085
19.545,-0.02618134714775433,-0.02574835701342185,-0.3324090791594889,-0.02583000000000002
19.55,-0.025722025267969073,-0.025788641885618677,-0.3324090791594889,-0.02583000000000002
19.554,-0.026640669027539587,-0.025866447147867115,-0.3324227534808992,-0.02583000000000002
19.558,-0.025722025267969073,-0.02592883713709215,-0.33243186969517247,-0.02583000000000002
19.563,-0.02618134714775433,-0.025933364140203058,-0.33243186969517247,-0.025840000000000085
19.567,-0.025722025267969073,-0.025936994224687697,-0.33243186969517247,-0.02583000000000002
19.571,-0.025722025267969073,-0.02589440320881537,-0.33241819537376127,-0.02583000000000002
19.576,-0.025722025267969073,-0.025860250595681405,-0.33240452105235185,-0.02583000000000002
19.58,-0.026640669027539587,-0.0259238682852057,-0.33241819537376127,-0.025840000000000085
19.584,-0.02618134714775433,-0.026020383518728343,-0.3324409859094457,-0.02584999999999993
19.589,-0.025722025267969073,-0.026006772770915405,-0.3324409859094457,-0.02584999999999993
19.593,-0.02618134714775433,-0.02599585867095797,-0.33243642780230864,-0.02584999999999993
19.597,-0.027099990907324845,-0.026123612596692256,-0.3324728926594034,-0.02584999999999993
19.602,-0.026640669027539587,-0.026271556987709395,-0.3325184737307696,-0.02584999999999993
19.606,-0.02618134714775433,-0.026299185925866397,-0.33253670615931696,-0.025859999999999994
19.611,-0.025722025267969073,-0.026230337073310725,-0.33252758994504283,-0.02587000000000006
19.615,-0.025722025267969073,-0.026129627108021483,-0.33250935751649635,-0.025859999999999994
19.619,-0.025722025267969073,-0.026048870441085687,-0.332491125087949,-0.025859999999999994
19.624,-0.025722025267969073,-0.025984113798226672,-0.3324728926594034,-0.025859999999999994
19.629,-0.02618134714775433,-0.025977689037940267,-0.3324728926594034,-0.025859999999999994
19.634,-0.02618134714775433,-0.02601803907694135,-0.3324820088736766,-0.02584999999999993
19.64,-0.02618134714775433,-0.026050394709783622,-0.332491125087949,-0.025859999999999994
19.645,-0.02618134714775433,-0.02607633983902119,-0.3325002413022222,-0.025859999999999994
19.65,-0.026640669027539587,-0.02614264643931716,-0.33252758994504283,-0.02587000000000006
19.655,-0.025722025267969073,-0.026150314069622847,-0.332532148052179,-0.02587000000000006
19.66,-0.025722025267969073,-0.026065458770385144,-0.3325139156236334,-0.025859999999999994
19.665,-0.025722025267969073,-0.025997415542303438,-0.33249568319508604,-0.025859999999999994
19.671,-0.02618134714775433,-0.025988355355945514,-0.3324865669808128,-0.02584999999999993
19.675,-0.026640669027539587,-0.026072094001186,-0.33250935751649635,-0.025859999999999994
19.68,-0.02618134714775433,-0.026139241813856958,-0.33252758994504283,-0.02584999999999993
19.684,-0.026640669027539587,-0.026193085875144854,-0.3325458223735902,-0.02584999999999993
19.689,-0.025722025267969073,-0.026190760123872472,-0.3325503804807264,-0.025840000000000085
19.693,-0.025262703388183816,-0.026052389510375713,-0.3325184737307696,-0.025840000000000085
19.698,-0.025722025267969073,-0.025941433762195612,-0.332491125087949,-0.025840000000000085
19.704,-0.025722025267969073,-0.02589796315693814,-0.33246833455226543,-0.02583000000000002
19.708,-0.02618134714775433,-0.025908607109206977,-0.33246377644512926,-0.02583000000000002
19.713,-0.025722025267969073,-0.02591714221400804,-0.3324592183379922,-0.025840000000000085
19.719,-0.026640669027539587,-0.02596948817455277,-0.3324728926594034,-0.025840000000000085
19.723,-0.02618134714775433,-0.02605696490567519,-0.33249568319508604,-0.02583000000000002
19.728,-0.02618134714775433,-0.02608160830594792,-0.3325047994093602,-0.02583000000000002
19.733,-0.02618134714775433,-0.026101369199145276,-0.33250935751649635,-0.025819999999999954
19.737,-0.02618134714775433,-0.026117214938598265,-0.3325184737307696,-0.025819999999999954
19.742,-0.025722025267969073,-0.026084419334499228,-0.3325139156236334,-0.025819999999999954
19.747,-0.025262703388183816,-0.025967117634008354,-0.3324774507665387,-0.025819999999999954
19.752,-0.02618134714775433,-0.025918558376841615,-0.3324592183379922,-0.02583000000000002
19.757,-0.026640669027539587,-0.026016125643154794,-0.3324865669808128,-0.025840000000000085
19.761,-0.02618134714775433,-0.026094362262608098,-0.33250935751649635,-0.025859999999999994
19.767,-0.027099990907324845,-0.026202600030756227,-0.3325458223735902,-0.025879999999999903
19.772,-0.025722025267969073,-0.026243891159458924,-0.3325640548021376,-0.02588999999999997
19.778,-0.025722025267969073,-0.026140495772483292,-0.33253670615931696,-0.025900000000000034
19.782,-0.026640669027539587,-0.026148589506569987,-0.3325458223735902,-0.025919999999999943
19.787,-0.02618134714775433,-0.026200581543571272,-0.3325594966950005,-0.02593000000000001
19.791,-0.025262703388183816,-0.026105766932935866,-0.33254126426645314,-0.025940000000000074
19.795,-0.026640669027539587,-0.026075239480472842,-0.332532148052179,-0.02593000000000001
19.8,-0.025722025267969073,-0.02609626220584838,-0.33253670615931696,-0.02593000000000001
19.804,-0.025722025267969073,-0.0260221160053712,-0.3325184737307696,-0.02593000000000001
19.809,-0.025722025267969073,-0.025962660121345297,-0.3325002413022222,-0.0259100000000001
19.814,-0.02618134714775433,-0.025960485899864688,-0.33249568319508604,-0.02588999999999997
19.82,-0.02480338150839856,-0.025867738679063366,-0.3324592183379922,-0.025879999999999903
19.824,-0.025722025267969073,-0.025747865242123823,-0.33241819537376127,-0.02584999999999993
19.829,-0.025722025267969073,-0.025742745662226497,-0.33240452105235185,-0.025840000000000085
19.834,-0.02618134714775433,-0.025784142290983313,-0.33240452105235185,-0.02583000000000002
19.839,-0.025262703388183816,-0.025771835271618634,-0.33239084673094155,-0.02581000000000011
19.844,-0.02618134714775433,-0.025761966597143852,-0.3323817305166683,-0.025819999999999954
19.849,-0.02618134714775433,-0.025845056937071283,-0.3323954048380777,-0.02581000000000011
19.855,-0.026640669027539587,-0.02595718677574692,-0.33243186969517247,-0.02581000000000011
19.859,-0.02618134714775433,-0.026047100738178407,-0.332454660230856,-0.025800000000000045
19.864,-0.025722025267969073,-0.026028196605055183,-0.33245010212371984,-0.02581000000000011
19.869,-0.026640669027539587,-0.026058539763874587,-0.3324592183379922,-0.02581000000000011
19.873,-0.02618134714775433,-0.02612837302818135,-0.3324820088736766,-0.025819999999999954
19.879,-0.02618134714775433,-0.026138868597411415,-0.33249568319508604,-0.02583000000000002
19.884,-0.02618134714775433,-0.026147284717764348,-0.3325047994093602,-0.025840000000000085
19.888,-0.025262703388183816,-0.026063029612968937,-0.3324820088736766,-0.02584999999999993
19.893,-0.025722025267969073,-0.025949965780043258,-0.332454660230856,-0.025859999999999994
19.897,-0.026640669027539587,-0.025995808527085294,-0.33246833455226543,-0.025859999999999994
19.901,-0.02618134714775433,-0.02607807050269329,-0.3324865669808128,-0.025859999999999994
19.906,-0.025722025267969073,-0.02605303044300583,-0.3324820088736766,-0.025859999999999994
19.91,-0.025722025267969073,-0.025987449594128822,-0.33246833455226543,-0.025859999999999994
19.914,-0.02480338150839856,-0.025843858269911642,-0.3324273115880345,-0.025859999999999994
19.919,-0.02618134714775433,-0.025774218056346644,-0.33240452105235185,-0.025859999999999994
19.923,-0.02618134714775433,-0.02585488105931654,-0.33241819537376127,-0.02587000000000006
19.928,-0.02618134714775433,-0.025919562595509833,-0.33243186969517247,-0.025859999999999994
19.933,-0.025722025267969073,-0.025925927129740445,-0.33243186969517247,-0.02587000000000006
19.938,-0.026640669027539587,-0.025976532566950518,-0.3324409859094457,-0.02587000000000006
19.942,-0.027099990907324845,-0.026153617388180714,-0.3324865669808128,-0.025879999999999903
19.948,-0.025262703388183816,-0.026159111384375152,-0.3325002413022222,-0.025879999999999903
19.953,-0.025722025267969073,-0.026027011220281157,-0.33246377644512926,-0.02588999999999997
19.958,-0.026640669027539587,-0.026057589235065327,-0.3324728926594034,-0.02588999999999997
19.963,-0.025722025267969073,-0.026082108939231553,-0.3324865669808128,-0.025900000000000034
19.968,-0.026640669027539587,-0.02610177064378114,-0.33249568319508604,-0.025900000000000034
19.973,-0.025722025267969073,-0.026117536846471615,-0.3325047994093602,-0.025900000000000034
19.978,-0.02618134714775433,-0.026084677463938926,-0.3325002413022222,-0.02588999999999997
19.984,-0.025722025267969073,-0.02605832839110103,-0.332491125087949,-0.02588999999999997
19.989,-0.025722025267969073,-0.025991697879077964,-0.3324728926594034,-0.025879999999999903
19.994,-0.02618134714775433,-0.025983770512495074,-0.33246833455226543,-0.02587000000000006
19.999,-0.02618134714775433,-0.02602291565110847,-0.3324774507665387,-0.02587000000000006
20.005,-0.02618134714775433,-0.026054305106085227,-0.332491125087949,-0.02587000000000006
20.009,-0.02618134714775433,-0.026079475482756236,-0.3325002413022222,-0.02587000000000006
20.014,-0.02480338150839856,-0.02596315328959177,-0.33246833455226543,-0.025859999999999994
20.019,-0.025722025267969073,-0.025824375703636954,-0.3324273115880345,-0.025859999999999994
20.023,-0.026640669027539587,-0.02589510115476463,-0.33243642780230864,-0.02584999999999993
20.028,-0.026640669027539587,-0.026042817799939673,-0.3324728926594034,-0.025859999999999994
20.033,-0.02618134714775433,-0.026115765999657193,-0.3325002413022222,-0.02587000000000006
20.038,-0.025262703388183816,-0.026037755583600417,-0.3324774507665387,-0.025859999999999994
20.043,-0.025262703388183816,-0.02588419731704531,-0.33243186969517247,-0.02587000000000006
20.048,-0.02618134714775433,-0.02585206676004914,-0.33241819537376127,-0.025859999999999994
20.054,-0.02618134714775433,-0.02591730588309868,-0.33243642780230864,-0.025859999999999994
20.059,-0.025722025267969073,-0.02592411753153401,-0.33243186969517247,-0.02587000000000006
20.065,-0.025722025267969073,-0.025884077727943045,-0.33241819537376127,-0.02587000000000006
20.07,-0.026640669027539587,-0.025942974634597857,-0.33243186969517247,-0.025859999999999994
20.075,-0.025722025267969073,-0.025990202511805553,-0.3324455440165819,-0.025879999999999903
20.079,-0.026640669027539587,-0.026028073301839018,-0.332454660230856,-0.025879999999999903
20.084,-0.025722025267969073,-0.02605844089027522,-0.33246377644512926,-0.025859999999999994
20.089,-0.025262703388183816,-0.0259462862042518,-0.33243642780230864,-0.02587000000000006
20.094,-0.025722025267969073,-0.025856352317386977,-0.3324090791594889,-0.025859999999999994
20.099,-0.025722025267969073,-0.02582973858868321,-0.3323954048380777,-0.025859999999999994
20.103,-0.025722025267969073,-0.025808397741045375,-0.3323862886238045,-0.025859999999999994
20.107,-0.025722025267969073,-0.025791285077766554,-0.33237261430239506,-0.02584999999999993
20.112,-0.02618134714775433,-0.02582306476903967,-0.33237717240953035,-0.02584999999999993
20.117,-0.026640669027539587,-0.02593955183581,-0.33240452105235185,-0.02584999999999993
20.122,-0.025722025267969073,-0.02598745785966606,-0.33241819537376127,-0.025840000000000085
20.127,-0.02618134714775433,-0.02598037055267516,-0.33241819537376127,-0.02584999999999993
20.131,-0.02618134714775433,-0.026020189312935444,-0.33243186969517247,-0.025840000000000085
20.136,-0.025262703388183816,-0.025961115157459396,-0.33241819537376127,-0.025840000000000085
20.14,-0.02618134714775433,-0.02591374514909338,-0.33240452105235185,-0.02583000000000002
20.145,-0.02618134714775433,-0.025966764157727973,-0.33241819537376127,-0.025840000000000085
20.15,-0.025262703388183816,-0.025918274933528312,-0.33240452105235185,-0.025840000000000085
20.156,-0.025262703388183816,-0.025788388932686986,-0.33235893998098476,-0.02584999999999993
20.161,-0.026640669027539587,-0.025820742426628795,-0.33236349808812093,-0.025840000000000085
20.166,-0.02618134714775433,-0.025937689610636482,-0.3323954048380777,-0.025840000000000085
20.172,-0.02618134714775433,-0.025985964590378705,-0.3324090791594889,-0.025840000000000085
20.177,-0.025262703388183816,-0.02593367125444,-0.3323954048380777,-0.025840000000000085
20.181,-0.02618134714775433,-0.02589173860655123,-0.3323862886238045,-0.02583000000000002
20.186,-0.026640669027539587,-0.02599461957619891,-0.3324136372666251,-0.02584999999999993
20.191,-0.02618134714775433,-0.02607711711431252,-0.3324409859094457,-0.025840000000000085
20.196,-0.02618134714775433,-0.026097767830939034,-0.332454660230856,-0.02584999999999993
20.202,-0.02618134714775433,-0.0261143270963484,-0.33246833455226543,-0.025840000000000085
20.206,-0.02480338150839856,-0.025991099880010644,-0.33243642780230864,-0.025840000000000085
20.212,-0.02618134714775433,-0.025892287222905333,-0.33240452105235185,-0.025840000000000085
20.218,-0.026640669027539587,-0.02599505949719438,-0.33243642780230864,-0.02584999999999993
20.223,-0.025722025267969073,-0.026031967990415576,-0.33245010212371984,-0.025840000000000085
20.228,-0.027099990907324845,-0.026107065823348544,-0.3324728926594034,-0.025840000000000085
20.232,-0.025262703388183816,-0.026121782911411286,-0.3324820088736766,-0.02584999999999993
20.236,-0.025262703388183816,-0.025951576616661177,-0.3324409859094457,-0.025840000000000085
20.241,-0.02618134714775433,-0.025906096444617284,-0.33243186969517247,-0.02583000000000002
20.246,-0.02618134714775433,-0.025960630863191607,-0.3324409859094457,-0.02583000000000002
20.25,-0.02618134714775433,-0.02600436057618173,-0.332454660230856,-0.025819999999999954
20.255,-0.02618134714775433,-0.026039426280523886,-0.33246377644512926,-0.025819999999999954
20.261,-0.025262703388183816,-0.025976540774774747,-0.3324455440165819,-0.02581000000000011
20.267,-0.025722025267969073,-0.025880612660124563,-0.3324136372666251,-0.02581000000000011
20.272,-0.02618134714775433,-0.025894694203087706,-0.3324136372666251,-0.025800000000000045
20.277,-0.025722025267969073,-0.025905985821268195,-0.3324136372666251,-0.02578999999999998
20.282,-0.025722025267969073,-0.025869538387345445,-0.3323999629452157,-0.02578999999999998
20.287,-0.02618134714775433,-0.025885814035610622,-0.3323999629452157,-0.02578999999999998
20.291,-0.025722025267969073,-0.025898865049006767,-0.3323999629452157,-0.02578999999999998
20.297,-0.025262703388183816,-0.02581832654278925,-0.3323680561952589,-0.02578999999999998
20.303,-0.025722025267969073,-0.02575374483726056,-0.3323407075524374,-0.02578999999999998
20.308,-0.025722025267969073,-0.02574746035460884,-0.33233159133816415,-0.02578999999999998
20.313,-0.025722025267969073,-0.025742420993599118,-0.3323224751238909,-0.02578999999999998
20.318,-0.025262703388183816,-0.02569287817786969,-0.33229968458820736,-0.02578999999999998
20.323,-0.02480338150839856,-0.02556214732974825,-0.33225410351684115,-0.02578999999999998
20.327,-0.027099990907324845,-0.025639325247871252,-0.3322632197311126,-0.025779999999999914
20.332,-0.026640669027539587,-0.025883219726171927,-0.3323179170167547,-0.025779999999999914
20.337,-0.025262703388183816,-0.025896784740641377,-0.3323224751238909,-0.02577000000000007
20.341,-0.026640669027539587,-0.02590766216823598,-0.33233159133816415,-0.025760000000000005
20.345,-0.02618134714775433,-0.026007388260645515,-0.33235893998098476,-0.02574999999999994
20.35,-0.025722025267969073,-0.0259963522159512,-0.33235893998098476,-0.02574999999999994
20.355,-0.02618134714775433,-0.02598750270256782,-0.33236349808812093,-0.02574999999999994
20.359,-0.02618134714775433,-0.026025908395965247,-0.3323817305166683,-0.02574999999999994
20.364,-0.02618134714775433,-0.026056704909311536,-0.3323954048380777,-0.025740000000000096
20.369,-0.02618134714775433,-0.026081399821716155,-0.3324090791594889,-0.025740000000000096
20.373,-0.026640669027539587,-0.02614670390608348,-0.33243642780230864,-0.02574999999999994
20.378,-0.02618134714775433,-0.02619906953023649,-0.3324592183379922,-0.025760000000000005
20.383,-0.026640669027539587,-0.026241060144139138,-0.3324820088736766,-0.02577000000000007
20.387,-0.026640669027539587,-0.02632023319570634,-0.3325184737307696,-0.02577000000000007
20.392,-0.026640669027539587,-0.02638371997913775,-0.3325503804807264,-0.025779999999999914
20.397,-0.02618134714775433,-0.02638912647261654,-0.33256861290927375,-0.025779999999999914
20.402,-0.026640669027539587,-0.02639346179724805,-0.3325868453378211,-0.025779999999999914
20.406,-0.025722025267969073,-0.026351436294862765,-0.3325914034449573,-0.02578999999999998
20.411,-0.025722025267969073,-0.026226733382191822,-0.3325640548021376,-0.025800000000000045
20.416,-0.025262703388183816,-0.02608123551814016,-0.33252758994504283,-0.02578999999999998
20.421,-0.025262703388183816,-0.02591906273063107,-0.3324774507665387,-0.025800000000000045
20.426,-0.025722025267969073,-0.02583452253137017,-0.3324455440165819,-0.025800000000000045
20.431,-0.025722025267969073,-0.025812233858604358,-0.33243186969517247,-0.025800000000000045
20.437,-0.025722025267969073,-0.025794361159335522,-0.3324136372666251,-0.02578999999999998
20.441,-0.026640669027539587,-0.02587103328272814,-0.3324273115880345,-0.02578999999999998
20.446,-0.025262703388183816,-0.025887012752819762,-0.3324273115880345,-0.02578999999999998
20.451,-0.025722025267969073,-0.025808822498846334,-0.3323954048380777,-0.02578999999999998
20.456,-0.025262703388183816,-0.02574612379490356,-0.33237261430239506,-0.02578999999999998
20.46,-0.025262703388183816,-0.0256503454716987,-0.3323361494453021,-0.02578999999999998
20.466,-0.02618134714775433,-0.02566454712847406,-0.33232703323102797,-0.02578999999999998
20.471,-0.025262703388183816,-0.025675935062754954,-0.3323179170167547,-0.025779999999999914
20.476,-0.025722025267969073,-0.02563956486217469,-0.3322951264810712,-0.025779999999999914
20.481,-0.025722025267969073,-0.02565590244182171,-0.3322905683739332,-0.025779999999999914
20.486,-0.026640669027539587,-0.025760006886258766,-0.3323133589096168,-0.025779999999999914
20.491,-0.025722025267969073,-0.025843485496561073,-0.33233159133816415,-0.025779999999999914
20.496,-0.026640669027539587,-0.025910424794068375,-0.3323498237667115,-0.02578999999999998
20.501,-0.026640669027539587,-0.026055105422440016,-0.3323954048380777,-0.02578999999999998
20.506,-0.025722025267969073,-0.026080117235348654,-0.3324090791594889,-0.025800000000000045
20.511,-0.02618134714775433,-0.02605467166398015,-0.3324090791594889,-0.025800000000000045
20.516,-0.025722025267969073,-0.02603426753092246,-0.3324090791594889,-0.025800000000000045
20.521,-0.027099990907324845,-0.0261089097642762,-0.33243642780230864,-0.02581000000000011
20.526,-0.025722025267969073,-0.026168763403992785,-0.33246377644512926,-0.025800000000000045
20.531,-0.025722025267969073,-0.0260802528053808,-0.3324455440165819,-0.02581000000000011
20.536,-0.027099990907324845,-0.026145784143913983,-0.33246833455226543,-0.025819999999999954
20.54,-0.025722025267969073,-0.02619833199719327,-0.332491125087949,-0.025819999999999954
20.546,-0.025722025267969073,-0.02610396308098256,-0.33246833455226543,-0.02583000000000002
20.551,-0.025722025267969073,-0.026028291134183323,-0.33245010212371984,-0.02583000000000002
20.555,-0.02618134714775433,-0.026013113679342094,-0.33245010212371984,-0.025840000000000085
20.56,-0.02480338150839856,-0.025909939508411497,-0.3324227534808992,-0.02583000000000002
20.565,-0.026640669027539587,-0.025872708744865504,-0.3324090791594889,-0.025840000000000085
20.57,-0.025722025267969073,-0.02593385814669962,-0.3324227534808992,-0.025840000000000085
20.574,-0.02618134714775433,-0.025937390355477655,-0.3324227534808992,-0.025840000000000085
20.58,-0.025262703388183816,-0.025894720855655733,-0.33240452105235185,-0.025840000000000085
20.584,-0.025722025267969073,-0.025815003423362036,-0.3323817305166683,-0.025840000000000085
20.589,-0.02618134714775433,-0.025842083885271327,-0.3323817305166683,-0.025840000000000085
20.593,-0.02618134714775433,-0.02590930087891485,-0.3323954048380777,-0.02583000000000002
20.598,-0.02480338150839856,-0.025826694759754326,-0.3323680561952589,-0.025840000000000085
20.603,-0.027099990907324845,-0.02585145885979698,-0.33237261430239506,-0.025840000000000085
20.608,-0.02618134714775433,-0.026007822193805822,-0.3324136372666251,-0.025840000000000085
20.613,-0.02618134714775433,-0.026042202060465078,-0.33243186969517247,-0.025840000000000085
20.618,-0.025722025267969073,-0.026024268484502417,-0.3324273115880345,-0.025840000000000085
20.623,-0.025722025267969073,-0.025964386137631634,-0.33241819537376127,-0.025840000000000085
20.628,-0.025722025267969073,-0.025916368061886214,-0.3323999629452157,-0.025840000000000085
20.633,-0.025722025267969073,-0.025877863632471174,-0.33239084673094155,-0.025840000000000085
20.638,-0.025262703388183816,-0.025801486060365555,-0.33236349808812093,-0.02584999999999993
20.642,-0.025262703388183816,-0.02569473901328999,-0.3323224751238909,-0.02584999999999993
20.647,-0.02618134714775433,-0.025700145139476167,-0.3323179170167547,-0.02584999999999993
20.651,-0.025722025267969073,-0.025749982054534434,-0.3323224751238909,-0.02584999999999993
20.656,-0.02618134714775433,-0.0257899449632586,-0.33232703323102797,-0.02584999999999993
20.66,-0.02618134714775433,-0.02586749205148372,-0.3323407075524374,-0.02584999999999993
20.664,-0.025722025267969073,-0.025884173132814662,-0.33234526565957356,-0.025840000000000085
20.669,-0.02618134714775433,-0.02589754925230098,-0.3323498237667115,-0.025840000000000085
20.673,-0.02618134714775433,-0.025953777094935987,-0.33236349808812093,-0.02584999999999993
20.678,-0.025722025267969073,-0.025953362835100857,-0.3323680561952589,-0.025840000000000085
20.682,-0.02618134714775433,-0.02595303065105696,-0.3323680561952589,-0.02583000000000002
20.687,-0.025722025267969073,-0.02595276428142693,-0.33237261430239506,-0.02583000000000002
20.692,-0.025722025267969073,-0.025907048801691816,-0.33235893998098476,-0.02583000000000002
20.697,-0.025722025267969073,-0.0258703907633321,-0.3323498237667115,-0.02581000000000011
20.703,-0.026640669027539587,-0.02593199941839881,-0.3323680561952589,-0.02581000000000011
20.707,-0.025722025267969073,-0.025981401775189376,-0.3323862886238045,-0.02581000000000011
20.713,-0.025262703388183816,-0.025884510568244496,-0.3323543818738477,-0.02581000000000011
20.718,-0.025262703388183816,-0.02576131417803195,-0.3323179170167547,-0.02581000000000011
20.723,-0.026640669027539587,-0.025799031894431057,-0.3323224751238909,-0.02581000000000011
20.728,-0.025722025267969073,-0.02587477862210317,-0.3323407075524374,-0.02581000000000011
20.734,-0.025262703388183816,-0.025799012271857467,-0.3323179170167547,-0.02581000000000011
20.738,-0.02618134714775433,-0.02578375911738054,-0.3323088008024806,-0.02581000000000011
20.743,-0.025722025267969073,-0.025817029899754193,-0.3323133589096168,-0.02581000000000011
20.748,-0.025722025267969073,-0.025798206978333026,-0.33230424269534353,-0.025800000000000045
20.754,-0.025722025267969073,-0.02578311337372695,-0.3322951264810712,-0.025800000000000045
20.759,-0.025722025267969073,-0.02577101020998806,-0.3322905683739332,-0.025800000000000045
20.764,-0.025722025267969073,-0.025761305001966946,-0.33228601026679794,-0.025800000000000045
20.768,-0.02618134714775433,-0.02579902453638637,-0.3322905683739332,-0.025800000000000045
20.773,-0.025722025267969073,-0.025829270836932042,-0.33229968458820736,-0.02581000000000011
20.777,-0.025722025267969073,-0.025808022663243797,-0.3322905683739332,-0.02581000000000011
20.781,-0.026640669027539587,-0.02588198808266074,-0.3323133589096168,-0.025819999999999954
20.786,-0.025722025267969073,-0.025941299003118964,-0.33232703323102797,-0.025819999999999954
20.79,-0.025262703388183816,-0.025852353212237163,-0.3323088008024806,-0.025840000000000085
20.796,-0.027099990907324845,-0.02591753558155875,-0.33233159133816415,-0.02584999999999993
20.8,-0.025722025267969073,-0.026015305490573425,-0.33236349808812093,-0.025859999999999994
20.805,-0.025722025267969073,-0.025957198949021328,-0.3323498237667115,-0.025879999999999903
20.811,-0.025262703388183816,-0.02586510295981027,-0.3323224751238909,
20.816,-0.02618134714775433,-0.025836755498217658,-0.3323179170167547,
20.82,-0.026640669027539587,-0.025950530070716148,-0.3323498237667115,
20.825,-0.025262703388183816,-0.025950759131954885,-0.3323543818738477,
20.831,-0.026640669027539587,-0.025950942810125277,-0.33235893998098476,
20.836,-0.026640669027539587,-0.026087595751656284,-0.3323999629452157,
20.84,-0.025262703388183816,-0.026060668489109564,-0.3323999629452157,
20.846,-0.025722025267969073,-0.025948072457048277,-0.33237261430239506,
20.851,-0.02618134714775433,-0.025948788436325483,-0.33237261430239506,
20.855,-0.025262703388183816,-0.02590386067628909,-0.33236349808812093,
20.861,-0.025262703388183816,-0.025776830519697258,-0.3323224751238909,
20.866,-0.02618134714775433,-0.025765972154927423,-0.3323133589096168,
20.87,-0.025722025267969073,-0.025802767003341703,-0.3323179170167547,
20.876,-0.026640669027539587,-0.025877773707499135,-0.3323407075524374,
20.88,-0.026640669027539587,-0.02602892337664553,-0.3323862886238045,
20.885,-0.025262703388183816,-0.02601362065790967,-0.3323862886238045,
20.89,-0.02618134714775433,-0.025955847926112337,-0.33237717240953035,
20.894,-0.02618134714775433,-0.02600052526499305,-0.33239084673094155,
20.899,-0.025722025267969073,-0.025990848960613,-0.33239084673094155,
20.903,-0.02618134714775433,-0.025983089787151418,-0.3323954048380777,
20.907,-0.025262703388183816,-0.025931366025498007,-0.3323817305166683,
20.912,-0.026640669027539587,-0.025935391989166397,-0.3323862886238045,
20.917,-0.027099990907324845,-0.026120627843123117,-0.33243642780230864,
20.922,-0.025262703388183816,-0.026132657937638994,-0.33245010212371984,
20.927,-0.02618134714775433,-0.026051300783477893,-0.33243642780230864,
20.932,-0.025722025267969073,-0.026031564510687874,-0.33243186969517247,
20.937,-0.02618134714775433,-0.026015738513690656,-0.33243186969517247,
20.942,-0.02618134714775433,-0.02604854994874466,-0.3324455440165819,
20.946,-0.025262703388183816,-0.025983856803865033,-0.33243186969517247,
20.951,-0.02618134714775433,-0.025931981075985787,-0.3324136372666251,
20.956,-0.025262703388183816,-0.025890383296993762,-0.33240452105235185,
20.961,-0.025262703388183816,-0.025766023364439138,-0.33236349808812093,
20.965,-0.025722025267969073,-0.025711804297001484,-0.3323407075524374,
20.97,-0.025722025267969073,-0.025713829340725733,-0.33233159133816415,
20.974,-0.025262703388183816,-0.02566995128496879,-0.3323133589096168,
20.979,-0.02618134714775433,-0.02568026851342054,-0.33230424269534353,
20.983,-0.026640669027539587,-0.025825047281850585,-0.3323361494453021,
20.988,-0.02618134714775433,-0.025941141560583584,-0.33236349808812093,
20.992,-0.025722025267969073,-0.025943230733115497,-0.3323680561952589,
20.997,-0.02618134714775433,-0.02594490598550831,-0.3323680561952589,
21.001,-0.025722025267969073,-0.025946249326250524,-0.33237261430239506,
21.005,-0.025722025267969073,-0.025901824630838698,-0.33236349808812093,
21.01,-0.025262703388183816,-0.025820699753459953,-0.3323407075524374,
21.015,-0.025722025267969073,-0.025755647852350995,-0.3323179170167547,
21.019,-0.02618134714775433,-0.025794488217204557,-0.3323224751238909,
21.024,-0.026640669027539587,-0.0259166370520337,-0.3323543818738477,
21.029,-0.026640669027539587,-0.02606008686837721,-0.3323954048380777,
21.034,-0.025722025267969073,-0.026084111725558766,-0.3324136372666251,
21.039,-0.02618134714775433,-0.026057874740404118,-0.3324136372666251,
21.044,-0.02618134714775433,-0.026082337878438184,-0.3324273115880345,
21.048,-0.02618134714775433,-0.026101954224097203,-0.33243642780230864,
21.053,-0.025722025267969073,-0.02607218216973976,-0.33243642780230864,
21.058,-0.025262703388183816,-0.025957304974100464,-0.3324090791594889,
21.063,-0.025722025267969073,-0.025865187978526917,-0.3323817305166683,
21.068,-0.02618134714775433,-0.02588232555743487,-0.3323817305166683,
21.072,-0.025262703388183816,-0.0258505658453481,-0.33237261430239506,
21.077,-0.025722025267969073,-0.025779596684309757,-0.3323498237667115,
21.082,-0.02618134714775433,-0.02581369215437642,-0.3323543818738477,
21.087,-0.025262703388183816,-0.02579553052828148,-0.33234526565957356,
21.091,-0.02618134714775433,-0.025780967198968947,-0.3323361494453021,
21.097,-0.025262703388183816,-0.025769289249012447,-0.3323224751238909,
21.102,-0.025262703388183816,-0.025668921238818816,-0.3322905683739332,
21.107,-0.02618134714775433,-0.025679442546559926,-0.33228145215966,
21.112,-0.025262703388183816,-0.025687879305946525,-0.3322768940525238,
21.116,-0.026640669027539587,-0.02574014640589531,-0.33228601026679794,
21.121,-0.025722025267969073,-0.02582755990078423,-0.33230424269534353,
21.125,-0.02618134714775433,-0.025852152593587915,-0.3323088008024806,
21.13,-0.02618134714775433,-0.025917374710751263,-0.33233159133816415,
21.135,-0.02618134714775433,-0.025969674607563668,-0.3323498237667115,
21.14,-0.026640669027539587,-0.026057114401393154,-0.33237717240953035,
21.145,-0.027099990907324845,-0.026218233837471207,-0.3324409859094457,
21.15,-0.02618134714775433,-0.02630192938198083,-0.3324820088736766,
21.155,-0.025262703388183816,-0.026187035093515585,-0.33246833455226543,
21.161,-0.02618134714775433,-0.026094904391655398,-0.3324455440165819,
21.166,-0.02618134714775433,-0.02611203097985332,-0.3324592183379922,
21.171,-0.02618134714775433,-0.026125764339554856,-0.3324728926594034,
21.176,-0.02480338150839856,-0.026000271103907253,-0.33243642780230864,
21.182,-0.02618134714775433,-0.025899641385638734,-0.33240452105235185,
21.187,-0.026640669027539587,-0.026000956606469984,-0.33243186969517247,
21.192,-0.025262703388183816,-0.025991194841975266,-0.3324273115880345,
21.197,-0.02618134714775433,-0.025937865255351036,-0.3324136372666251,
21.203,-0.02618134714775433,-0.025986105435246154,-0.33243186969517247,
21.208,-0.025262703388183816,-0.025933784194227216,-0.3324136372666251,
21.213,-0.025722025267969073,-0.025846327285041035,-0.3323862886238045,
21.218,-0.02618134714775433,-0.025867201664405585,-0.3323862886238045,
21.222,-0.02618134714775433,-0.025929442164018927,-0.3323999629452157,
21.227,-0.026640669027539587,-0.02602485306524807,-0.3324273115880345,
21.232,-0.025722025267969073,-0.026055858667422868,-0.3324409859094457,
21.236,-0.025722025267969073,-0.025989717472750466,-0.3324273115880345,
21.241,-0.025722025267969073,-0.02593668059190601,-0.3324136372666251,
21.246,-0.025262703388183816,-0.02584864983000457,-0.3323817305166683,
21.252,-0.025722025267969073,-0.025778060282102715,-0.3323543818738477,
21.256,-0.02618134714775433,-0.025812460153938756,-0.33235893998098476,
21.262,-0.026640669027539587,-0.02593104827444716,-0.3323954048380777,
21.267,-0.025722025267969073,-0.025980639077922123,-0.3324090791594889,
21.271,-0.02618134714775433,-0.02597490275130494,-0.3324090791594889,
21.276,-0.02618134714775433,-0.026015804827121576,-0.3324227534808992,
21.281,-0.02618134714775433,-0.02604860312373721,-0.33243642780230864,
21.286,-0.025722025267969073,-0.02602940132843914,-0.33243642780230864,
21.292,-0.025722025267969073,-0.02596850202990745,-0.33241819537376127,
21.297,-0.02618134714775433,-0.025965170372376105,-0.33241819537376127,
21.302,-0.025262703388183816,-0.02591699691905915,-0.33240452105235185,
21.307,-0.025722025267969073,-0.025832866011515486,-0.33237717240953035,
21.313,-0.025722025267969073,-0.02581090553899077,-0.33236349808812093,
21.317,-0.025722025267969073,-0.025793296014845493,-0.3323543818738477,
21.322,-0.025722025267969073,-0.02577917540153564,-0.33234526565957356,
21.327,-0.025722025267969073,-0.025767852453873828,-0.3323361494453021,
21.331,-0.02618134714775433,-0.0258042747655112,-0.3323407075524374,
21.336,-0.02618134714775433,-0.025878982742245506,-0.3323543818738477,
21.34,-0.02618134714775433,-0.025938889099846287,-0.33237261430239506,
21.345,-0.02618134714775433,-0.02598692642916329,-0.3323862886238045,
21.35,-0.025262703388183816,-0.025934442527611918,-0.33237261430239506,
21.354,-0.02618134714775433,-0.025892357070180748,-0.33236349808812093,
21.359,-0.02618134714775433,-0.025949613620934685,-0.3323817305166683,
21.364,-0.02618134714775433,-0.02599552613997735,-0.3323954048380777,
21.369,-0.025722025267969073,-0.02598684029401577,-0.3323954048380777,
21.374,-0.02618134714775433,-0.025979875343056246,-0.3323954048380777,
21.379,-0.027099990907324845,-0.026110795987291407,-0.33243642780230864,
21.385,-0.025722025267969073,-0.026170275916516925,-0.33246833455226543,
21.389,-0.025262703388183816,-0.026035963764362343,-0.33243642780230864,
21.394,-0.02618134714775433,-0.025973764274320056,-0.3324227534808992,
21.398,-0.025722025267969073,-0.025969390027483157,-0.3324227534808992,
21.403,-0.026640669027539587,-0.02601138431917774,-0.33243642780230864,
21.408,-0.025262703388183816,-0.02599955654997133,-0.33243642780230864,
21.413,-0.026640669027539587,-0.025990072173567746,-0.33243186969517247,
21.418,-0.025722025267969073,-0.02602796878704121,-0.3324455440165819,
21.423,-0.026640669027539587,-0.026058357082613365,-0.3324592183379922,
21.427,-0.026640669027539587,-0.026173728425841588,-0.332491125087949,
21.432,-0.026640669027539587,-0.026266241665343342,-0.332532148052179,
21.437,-0.025722025267969073,-0.026249421823998344,-0.33253670615931696,
21.442,-0.027099990907324845,-0.026281436321462813,-0.33255493858786433,
21.446,-0.02618134714775433,-0.026352609788180617,-0.3325868453378211,
21.451,-0.02618134714775433,-0.0263186781454538,-0.3325914034449573,
21.456,-0.02618134714775433,-0.02629146925542585,-0.3325914034449573,
21.461,-0.025722025267969073,-0.026224149278658716,-0.33258228723068317,
21.467,-0.025722025267969073,-0.026124665278570502,-0.33255493858786433,
21.471,-0.02618134714775433,-0.026090393565767884,-0.3325458223735902,
21.477,-0.025262703388183816,-0.02601741009755974,-0.3325184737307696,
21.482,-0.025262703388183816,-0.025867882807998316,-0.3324728926594034,
21.487,-0.025722025267969073,-0.025793482700267233,-0.3324409859094457,
21.492,-0.02618134714775433,-0.025824826984604216,-0.3324409859094457,
21.497,-0.025722025267969073,-0.02584996114012967,-0.3324409859094457,
21.502,-0.025722025267969073,-0.025824613672081227,-0.3324227534808992,
21.506,-0.02618134714775433,-0.025849790090439376,-0.3324227534808992,
21.511,-0.02480338150839856,-0.025778974626893613,-0.3323954048380777,
21.517,-0.02618134714775433,-0.025722189573030824,-0.33236349808812093,
21.521,-0.02618134714775433,-0.025813160789765827,-0.3323817305166683,
21.526,-0.02618134714775433,-0.025886108210902488,-0.3323954048380777,
21.532,-0.02480338150839856,-0.02580809717052224,-0.33236349808812093,
21.537,-0.02618134714775433,-0.02574554217323663,-0.3323407075524374,
21.543,-0.025262703388183816,-0.025740882854510764,-0.33232703323102797,
21.547,-0.02618134714775433,-0.025737146669621694,-0.3323179170167547,
21.552,-0.026640669027539587,-0.025870656376274028,-0.3323543818738477,
21.558,-0.02618134714775433,-0.025977714291365677,-0.3323862886238045,
21.562,-0.025262703388183816,-0.025927055557099597,-0.33237717240953035,
21.566,-0.02618134714775433,-0.02588643365321188,-0.33236349808812093,
21.571,-0.025262703388183816,-0.025853860019082065,-0.3323543818738477,
21.575,-0.025722025267969073,-0.025782238195408466,-0.33233159133816415,
21.581,-0.025262703388183816,-0.025724806542610935,-0.33230424269534353,
21.586,-0.025722025267969073,-0.025678753613854362,-0.33228145215966,
21.592,-0.02618134714775433,-0.025732828753915898,-0.3322905683739332,
21.597,-0.02618134714775433,-0.02582169206852,-0.3323133589096168,
21.602,-0.02618134714775433,-0.02589294921849204,-0.33233159133816415,
21.606,-0.02618134714775433,-0.02595008844905933,-0.3323498237667115,
21.611,-0.025262703388183816,-0.025904903122238292,-0.3323407075524374,
21.618,-0.025262703388183816,-0.025777666429630065,-0.3322951264810712,
21.622,-0.026640669027539587,-0.025812144334020994,-0.33229968458820736,
21.626,-0.025722025267969073,-0.025885293141829583,-0.3323179170167547,
21.631,-0.025722025267969073,-0.02585294547306299,-0.3323133589096168,
21.636,-0.02618134714775433,-0.025872508614956827,-0.3323179170167547,
21.642,-0.026640669027539587,-0.025979199552749323,-0.3323543818738477,
21.647,-0.025722025267969073,-0.026019250318956837,-0.33237261430239506,
21.652,-0.02618134714775433,-0.026005864087884325,-0.33237261430239506,
21.656,-0.02618134714775433,-0.02604063190693287,-0.3323862886238045,
21.661,-0.025722025267969073,-0.026023009419766624,-0.33239084673094155,
21.665,-0.026640669027539587,-0.026054380296700912,-0.33240452105235185,
21.67,-0.025722025267969073,-0.02607953577612929,-0.33241819537376127,
21.675,-0.027099990907324845,-0.026145209177054634,-0.3324455440165819,
21.68,-0.02618134714775433,-0.02624337283137113,-0.3324820088736766,
21.684,-0.025262703388183816,-0.02614008013885032,-0.33246377644512926,
21.688,-0.02618134714775433,-0.026057252451015776,-0.33245010212371984,
21.693,-0.025722025267969073,-0.02603633699602921,-0.33245010212371984,
21.698,-0.025722025267969073,-0.025974063558957133,-0.33243186969517247,
21.702,-0.025722025267969073,-0.025924128130996912,-0.33241819537376127,
21.706,-0.025722025267969073,-0.025884086227372993,-0.3324090791594889,
21.711,-0.026640669027539587,-0.02594298145006673,-0.33241819537376127,
21.715,-0.02618134714775433,-0.02603570986189943,-0.3324455440165819,
21.719,-0.02618134714775433,-0.026064564446524722,-0.332454660230856,
21.724,-0.025722025267969073,-0.026042200292518847,-0.332454660230856,
21.728,-0.025722025267969073,-0.025978765181883915,-0.3324409859094457,
21.732,-0.026640669027539587,-0.02601890200840779,-0.33245010212371984,
21.737,-0.026640669027539587,-0.026142090441681868,-0.3324820088736766,
21.741,-0.02480338150839856,-0.026058864459874497,-0.33246833455226543,
21.745,-0.025722025267969073,-0.025901123968601187,-0.33243186969517247,
21.749,-0.02618134714775433,-0.025911141680775802,-0.33243186969517247,
21.754,-0.026640669027539587,-0.02601017839004801,-0.332454660230856,
21.758,-0.025262703388183816,-0.025998589547184685,-0.33245010212371984,
21.764,-0.025262703388183816,-0.025852791104671625,-0.3323999629452157,
21.769,-0.027099990907324845,-0.025917886715961215,-0.3324136372666251,
21.773,-0.025262703388183816,-0.02597008517104753,-0.3324273115880345,
21.778,-0.02618134714775433,-0.025920937966583346,-0.3324136372666251,
21.782,-0.025262703388183816,-0.02588152811860712,-0.3323999629452157,
21.787,-0.02618134714775433,-0.025849926400168775,-0.33239084673094155,
21.791,-0.026640669027539587,-0.025961091469869205,-0.3324136372666251,
21.795,-0.02480338150839856,-0.02591372615463909,-0.33240452105235185,
21.8,-0.025722025267969073,-0.025784741386779626,-0.3323680561952589,
21.804,-0.025722025267969073,-0.025772315670748416,-0.33235893998098476,
21.808,-0.02618134714775433,-0.02580785370149403,-0.33235893998098476,
21.814,-0.026640669027539587,-0.025927354481635634,-0.3323954048380777,
21.819,-0.027099990907324845,-0.026114182777664186,-0.33245010212371984,
21.824,-0.025262703388183816,-0.026127489809508356,-0.3324592183379922,
21.828,-0.02618134714775433,-0.026047156597736904,-0.3324455440165819,
21.834,-0.02618134714775433,-0.026073743282311965,-0.3324592183379922,
21.838,-0.025262703388183816,-0.026004058674077717,-0.3324409859094457,
21.844,-0.02618134714775433,-0.02594818042328534,-0.3324273115880345,
21.85,-0.02480338150839856,-0.02585787124170748,-0.33239084673094155,
21.855,-0.025722025267969073,-0.025739952804166265,-0.3323543818738477,
21.859,-0.026640669027539587,-0.025827404656660117,-0.33237261430239506,
21.864,-0.02618134714775433,-0.025943031877314303,-0.3323999629452157,
21.869,-0.025722025267969073,-0.025944746528282214,-0.3323999629452157,
21.874,-0.026640669027539587,-0.025991623346652455,-0.3324136372666251,
21.878,-0.025722025267969073,-0.026029212631856386,-0.3324273115880345,
21.883,-0.026640669027539587,-0.026059354488988898,-0.3324409859094457,
21.888,-0.02618134714775433,-0.026129026334778288,-0.33246377644512926,
21.892,-0.025722025267969073,-0.02609389058180447,-0.3324592183379922,
21.897,-0.027099990907324845,-0.02615671991740202,-0.3324865669808128,
21.902,-0.026640669027539587,-0.026298104875637034,-0.33253670615931696,
21.906,-0.025262703388183816,-0.026229470207623073,-0.33252758994504283,
21.911,-0.025262703388183816,-0.026037928221374927,-0.3324820088736766,
21.915,-0.02618134714775433,-0.02597533952062482,-0.33246833455226543,
21.92,-0.026640669027539587,-0.026061656945877067,-0.3324865669808128,
21.924,-0.025722025267969073,-0.02608537072932622,-0.33249568319508604,
21.93,-0.026640669027539587,-0.026104386187292977,-0.3325047994093602,
21.935,-0.025262703388183816,-0.026074132296931615,-0.3325002413022222,
21.939,-0.025722025267969073,-0.02595886872969965,-0.3324728926594034,
21.943,-0.02618134714775433,-0.02595744568282687,-0.33246833455226543,
21.948,-0.02618134714775433,-0.026001806463993263,-0.3324774507665387,
21.953,-0.026640669027539587,-0.026082880090223064,-0.3325002413022222,
21.958,-0.026640669027539587,-0.026193392779335432,-0.33253670615931696,
21.963,-0.026640669027539587,-0.026282009992152407,-0.33257317101640993,
21.968,-0.025262703388183816,-0.026216564144740367,-0.3325640548021376,
21.972,-0.02618134714775433,-0.026118582959588972,-0.3325458223735902,
21.977,-0.025722025267969073,-0.026085516314477232,-0.33253670615931696,
21.982,-0.02618134714775433,-0.026059001043239636,-0.33252758994504283,
21.986,-0.02618134714775433,-0.02608324103099807,-0.33253670615931696,
21.991,-0.025722025267969073,-0.02605717655338321,-0.33252758994504283,
21.996,-0.026640669027539587,-0.026081778020666965,-0.33253670615931696,
22.0,-0.026640669027539587,-0.026192509058803642,-0.33256861290927375,
22.005,-0.02618134714775433,-0.026235799474999568,-0.33258228723068317,
22.009,-0.025722025267969073,-0.02617950914892218,-0.33257317101640993,
22.014,-0.02618134714775433,-0.02613437141998261,-0.3325640548021376,
22.019,-0.025262703388183816,-0.0260526747798101,-0.33254126426645314,
22.023,-0.025722025267969073,-0.025941662512236716,-0.33250935751649635,
22.028,-0.025262703388183816,-0.02585264470061834,-0.3324774507665387,
22.033,-0.025262703388183816,-0.02573576177861333,-0.33243642780230864,
22.037,-0.026640669027539587,-0.025778542098775448,-0.33243186969517247,
22.042,-0.025722025267969073,-0.025858348394979268,-0.3324455440165819,
22.046,-0.02618134714775433,-0.02587684107564649,-0.3324409859094457,
22.052,-0.025722025267969073,-0.025891669868895538,-0.3324409859094457,
22.056,-0.02618134714775433,-0.02590356068738638,-0.3324409859094457,
22.061,-0.026640669027539587,-0.026004099391247506,-0.33246377644512926,
22.066,-0.025722025267969073,-0.026039216843208708,-0.3324774507665387,
22.071,-0.026640669027539587,-0.026067376602409497,-0.3324865669808128,
22.075,-0.02618134714775433,-0.02613545905610599,-0.3325047994093602,
22.08,-0.026640669027539587,-0.026190052581399628,-0.33252758994504283,
22.085,-0.026640669027539587,-0.026279331575459215,-0.3325594966950005,
22.091,-0.02618134714775433,-0.026305420162882287,-0.33258228723068317,
22.095,-0.025262703388183816,-0.026189834258720287,-0.3325594966950005,
22.1,-0.025722025267969073,-0.02605164708351152,-0.33252303183790755,
22.105,-0.026640669027539587,-0.026077344084507053,-0.332532148052179,
22.11,-0.025262703388183816,-0.02605244794740717,-0.33252303183790755,
22.114,-0.025722025267969073,-0.02594148062131102,-0.332491125087949,
22.119,-0.025722025267969073,-0.025898000732027804,-0.3324728926594034,
22.123,-0.027559312787110102,-0.026045142894528122,-0.33250935751649635,
22.128,-0.02618134714775433,-0.0262086342016274,-0.3325503804807264,
22.133,-0.026640669027539587,-0.026248729802048835,-0.33257317101640993,
22.138,-0.025722025267969073,-0.026235379522350853,-0.33257317101640993,
22.143,-0.02618134714775433,-0.026179172399961103,-0.3325640548021376,
22.148,-0.02618134714775433,-0.02617960327481482,-0.33256861290927375,
22.153,-0.02618134714775433,-0.026179948782004227,-0.33257317101640993,
22.158,-0.02618134714775433,-0.026180225835113508,-0.332577729123547,
22.163,-0.025262703388183816,-0.02608944422680203,-0.3325503804807264,
22.169,-0.02618134714775433,-0.026016648847663026,-0.33252758994504283,
22.173,-0.02618134714775433,-0.026049279921565083,-0.332532148052179,
22.178,-0.026640669027539587,-0.026120947804678205,-0.3325503804807264,
22.182,-0.025722025267969073,-0.02613291450637737,-0.3325594966950005,
22.187,-0.025722025267969073,-0.026051506519187285,-0.33253670615931696,
22.192,-0.025262703388183816,-0.025940725714833007,-0.3325002413022222,
22.197,-0.025262703388183816,-0.025806391622520755,-0.3324592183379922,
22.202,-0.02618134714775433,-0.025789676424193282,-0.3324409859094457,
22.206,-0.026640669027539587,-0.02591277860203365,-0.33246377644512926,
22.211,-0.026640669027539587,-0.02605699287901233,-0.3325002413022222,
22.215,-0.025262703388183816,-0.026036128852080714,-0.33249568319508604,
22.219,-0.027099990907324845,-0.02606490042370853,-0.3325047994093602,
22.224,-0.02618134714775433,-0.026178975358614843,-0.33253670615931696,
22.229,-0.027099990907324845,-0.02627044904245034,-0.33256861290927375,
22.233,-0.025262703388183816,-0.026252795608814248,-0.33256861290927375,
22.237,-0.025722025267969073,-0.02610213413079391,-0.33253670615931696,
22.242,-0.02618134714775433,-0.026072326432178376,-0.332532148052179,
22.246,-0.02618134714775433,-0.026093926309194968,-0.33253670615931696,
22.251,-0.026640669027539587,-0.02615674856625486,-0.33255493858786433,
22.256,-0.02480338150839856,-0.02607061842365201,-0.33253670615931696,
22.261,-0.027099990907324845,-0.02604705481722354,-0.33252758994504283,
22.266,-0.026640669027539587,-0.02621016732204778,-0.33257317101640993,
22.271,-0.02618134714775433,-0.02624995917090827,-0.3325868453378211,
22.276,-0.025262703388183816,-0.026145361550940962,-0.3325640548021376,
22.281,-0.026640669027539587,-0.026106989361127694,-0.33255493858786433,
22.285,-0.025262703388183816,-0.02607621971342255,-0.3325458223735902,
22.291,-0.027099990907324845,-0.026097048228816526,-0.33255493858786433,
22.296,-0.026640669027539587,-0.026250255721218647,-0.33259596155209437,
22.3,-0.025722025267969073,-0.026236603116717244,-0.33259596155209437,
22.304,-0.02618134714775433,-0.026180153568035457,-0.3325868453378211,
22.31,-0.02618134714775433,-0.026180390047634776,-0.3325914034449573,
