time_s,magnetic_raw_mm,magnetic_filtered_mm,posic_encoder_mm,keyence_mm
0.0,0.0,0.0,0.0,0.0
0.006,0.0,-0.023560855789698465,0.0,-1.0000000000065512e-05
0.011,0.0,-0.040877104802094166,-1.9531250000037748e-05,-1.0000000000065512e-05
0.016,0.00048828125,-0.05834832945713586,-1.9531250000037748e-05,-1.999999999990898e-05
0.022,0.0,-0.0767357336466592,-3.9062500000019984e-05,-1.999999999990898e-05
0.027,0.0,-0.09125786298424554,-3.9062500000019984e-05,-2.999999999997449e-05
0.032,0.0,-0.10323201043240626,-3.9062500000019984e-05,-2.999999999997449e-05
0.036,0.00048828125,-0.11457713909569822,-3.9062500000019984e-05,-2.999999999997449e-05
0.041,0.0,-0.12655584465099512,-5.859375000000222e-05,-2.999999999997449e-05
0.045,0.0,-0.136565447923231,-7.812500000003997e-05,-4.0000000000040004e-05
0.05,0.00048828125,-0.14607365941042438,-7.812500000003997e-05,-4.0000000000040004e-05
0.054,0.0,-0.15504401425548675,-7.812500000003997e-05,-4.0000000000040004e-05
0.059,0.00048828125,-0.1637773475294404,-7.812500000003997e-05,-4.0000000000040004e-05
0.063,0.0,-0.17192724308989416,-7.812500000003997e-05,-4.0000000000040004e-05
0.068,0.0,-0.1795256076868048,-9.76562500000222e-05,-5.0000000000105516e-05
0.072,0.00048828125,-0.18666360346290656,-9.76562500000222e-05,-5.0000000000105516e-05
0.076,-0.00048828125,-0.19336857906101912,-9.76562500000222e-05,-5.0000000000105516e-05
0.081,0.00048828125,-0.19973169662387846,-9.76562500000222e-05,-5.999999999994898e-05
0.085,0.0,-0.20580309532998786,-0.00011718750000000444,-5.0000000000105516e-05
0.089,0.0,-0.21153719410798022,-0.00011718750000000444,-5.999999999994898e-05
0.094,0.00048828125,-0.21696589970781233,-0.00011718750000000444,-5.999999999994898e-05
0.098,0.00048828125,-0.22209377023662125,-0.00011718750000000444,-7.00000000000145e-05
0.102,0.0,-0.22708945565846417,-0.00011718750000000444,-7.00000000000145e-05
0.107,-0.00048828125,-0.2322310005086825,-0.00011718750000000444,-8.000000000008001e-05
0.112,-0.00048828125,-0.23694864139518756,-0.0001367187500000422,-8.999999999992347e-05
0.117,0.0,-0.24200814031694495,-0.0001367187500000422,-8.999999999992347e-05
0.123,0.0,-0.24724084730989748,-0.0001367187500000422,-8.999999999992347e-05
0.129,0.0,-0.25204509223199967,-0.0001367187500000422,-8.999999999992347e-05
0.135,-0.00048828125,-0.2562750156548743,-0.00015625000000002442,-9.999999999998899e-05
0.14,0.00048828125,-0.2596753635788671,-0.00017578125000000666,-0.0001100000000000545
0.145,0.00048828125,-0.2626335751105966,-0.00017578125000000666,-0.0001100000000000545
0.15,0.0,-0.26603848114172646,-0.00017578125000000666,-0.0001100000000000545
0.155,0.0,-0.2688553913522185,-0.00017578125000000666,-0.0001100000000000545
0.159,0.00048828125,-0.2712438394918584,-0.00019531250000001665,-0.0001100000000000545
0.165,0.0,-0.27433423613055474,-0.00019531250000001665,-0.00011999999999989797
0.171,0.0,-0.27694603151989483,-0.00019531250000001665,-0.0001100000000000545
0.175,0.00048828125,-0.27892425001723087,-0.00021484375000002665,-0.00011999999999989797
0.18,0.0,-0.2807566090861915,-0.00046875000000001776,-0.00012999999999996348
0.184,-0.00634765625,-0.28265733976220275,-0.0021289062500000067,-0.00022999999999995246
0.188,-0.0107421875,-0.28474495283082035,-0.0047656249999999956,-0.0008600000000000829
0.193,-0.0146484375,-0.2869328442564454,-0.007949218750000014,-0.0018599999999999728
0.197,-0.0185546875,-0.28919366539625724,-0.011386718749999997,-0.0031600000000000517
0.202,-0.02294921875,-0.29155020678594035,-0.015058593750000016,-0.004790000000000072
0.206,-0.0263671875,-0.29396600356840263,-0.01880859375000002,-0.006709999999999994
0.21,-0.0302734375,-0.2964319395293673,-0.022558593750000022,-0.008930000000000105
0.215,-0.03369140625,-0.298938898454562,-0.026308593750000026,-0.01144999999999996
0.219,-0.03759765625,-0.3014732060225773,-0.03005859375000003,-0.01411999999999991
0.223,-0.04248046875,-0.3040850014119165,-0.033867187500000034,-0.017220000000000013
0.228,-0.04541015625,-0.3068289819082217,-0.037617187500000024,-0.020590000000000108
0.232,-0.048828125,-0.309577520511664,-0.04128906250000003,-0.02424000000000004
0.237,-0.0517578125,-0.3123032685794218,-0.04482421875000002,-0.02794999999999992
0.241,-0.0556640625,-0.31505636529000025,-0.04828125000000001,-0.031400000000000095
0.245,-0.05908203125,-0.3178094620005769,-0.05166015625000002,-0.03479999999999994
0.25,-0.06298828125,-0.3206035816753863,-0.05505859375000002,-0.03801999999999994
0.254,-0.06689453125,-0.3234615148501092,-0.05837890625000003,-0.04136000000000006
0.258,-0.06982421875,-0.32631944802483215,-0.06167968750000001,-0.044689999999999896
0.263,-0.07421875,-0.3292366365923307,-0.06494140625000001,-0.04800000000000004
0.267,-0.07666015625,-0.33218573190978873,-0.06812500000000002,-0.05129000000000006
0.271,-0.07958984375,-0.3351165947986985,-0.07130859375000002,-0.05457000000000001
0.276,-0.08349609375,-0.3380246671519256,-0.07433593750000003,-0.057800000000000074
0.28,-0.08740234375,-0.3409509719336983,-0.07742187500000001,-0.06089000000000011
0.285,-0.09130859375,-0.3439729969653431,-0.08041015625000003,-0.06424999999999992
0.289,-0.09423828125,-0.3469585571398941,-0.08337890625000002,-0.06733000000000011
0.293,-0.09814453125,-0.3499577916358554,-0.08638671875000002,-0.07055000000000011
0.298,-0.10107421875,-0.35296614234608903,-0.08937500000000001,-0.07376000000000005
0.302,-0.103515625,-0.35597449305632267,-0.09228515625000001,-0.07695999999999992
0.306,-0.10791015625,-0.3589691694451487,-0.09519531250000002,-0.08014999999999994
0.311,-0.11083984375,-0.3619775201553823,-0.09810546875000002,-0.08318000000000003
0.315,-0.1142578125,-0.3649949870798901,-0.10097656250000002,-0.08634999999999993
0.319,-0.11865234375,-0.36803068643294434,-0.10384765625000002,-0.08953000000000011
0.324,-0.12255859375,-0.3711210830716407,-0.10671875000000001,-0.09271999999999991
0.328,-0.12548828125,-0.37419324728178793,-0.10960937500000001,-0.09577999999999998
0.332,-0.12841796875,-0.3772836439204834,-0.11244140625000001,-0.09895999999999994
0.337,-0.130859375,-0.38033301759494886,-0.11527343750000002,-0.10216000000000003
0.341,-0.134765625,-0.3833732750551393,-0.11810546875000003,-0.10532999999999992
0.345,-0.138671875,-0.3864317649438789,-0.12089843750000001,-0.10837999999999992
0.35,-0.14306640625,-0.38955406833253114,-0.12373046875000002,-0.11156999999999995
0.354,-0.1455078125,-0.39265813929263693,-0.12660156250000001,-0.11477000000000004
0.358,-0.1494140625,-0.3957850007884245,-0.12947265625,-0.11797999999999997
0.363,-0.15234375,-0.39893921092703444,-0.13234375,-0.12118999999999991
0.367,-0.15576171875,-0.4020615143156867,-0.13523437500000002,-0.12424999999999997
0.372,-0.15869140625,-0.4051747014900666,-0.13816406250000002,-0.1274599999999999
0.376,-0.16259765625,-0.40833802784294804,-0.14099609375000002,-0.13078999999999996
0.38,-0.16650390625,-0.4114603312316021,-0.14388671875000003,-0.13383999999999996
0.385,-0.17138671875,-0.41464189001303087,-0.14675781250000003,-0.13705000000000012
0.389,-0.1748046875,-0.4178462393301441,-0.14966796875000002,-0.14023999999999992
0.393,-0.17724609375,-0.4210505886472564,-0.15263671875,-0.14329999999999998
0.398,-0.1796875,-0.4242275893215499,-0.15558593750000002,-0.14649
0.402,-0.18310546875,-0.4273590089244754,-0.1585546875,-0.14969999999999994
0.406,-0.1875,-0.4305132190630854,-0.161484375,-0.15287000000000006
0.411,-0.19091796875,-0.43369477784451504,-0.16447265625000002,-0.1560600000000001
0.415,-0.19482421875,-0.4368672204116715,-0.16746093750000002,-0.15922999999999998
0.419,-0.1982421875,-0.4400305467645538,-0.1705859375,-0.16226999999999991
0.424,-0.201171875,-0.44329870958158146,-0.1736328125,-0.16545999999999994
0.428,-0.20458984375,-0.44646203593446376,-0.17673828125000002,-0.1686700000000001
0.433,-0.2080078125,-0.4496025717516625,-0.17982421875000001,-0.17185000000000006
0.437,-0.21142578125,-0.4527248751403157,-0.18292968750000002,-0.17489
0.441,-0.21533203125,-0.4558973177074721,-0.18611328125,-0.17809000000000008
0.445,-0.21826171875,-0.4590743183817656,-0.18931640625,-0.1811100000000001
0.45,-0.22216796875,-0.4622330866275117,-0.1926171875,-0.1842999999999999
0.454,-0.22607421875,-0.46543743594462406,-0.19589843750000002,-0.1875
0.458,-0.228515625,-0.4686053204046434,-0.19923828125,-0.19056000000000006
0.463,-0.232421875,-0.47176408865039043,-0.20257812500000003,-0.1937500000000001
0.467,-0.2353515625,-0.47494108932468215,-0.20605468750000003,-0.19680999999999993
0.471,-0.23828125,-0.47811353189183947,-0.20962890625000002,-0.19996999999999998
0.476,-0.2421875,-0.4813589041731827,-0.21314453125000002,-0.20313000000000003
0.48,-0.24658203125,-0.4845404629546124,-0.21673828125,-0.20632000000000006
0.484,-0.25,-0.4877448122717247,-0.22042968750000003,-0.20936
0.489,-0.25341796875,-0.490953719695975,-0.22421875000000002,-0.21253999999999995
0.493,-0.2548828125,-0.49411704604886,-0.22800781250000002,-0.21572999999999998
0.497,-0.25927734375,-0.49727125618746904,-0.23183593750000003,-0.2187699999999999
0.502,-0.26318359375,-0.5004254663260763,-0.23568359375000003,-0.2219199999999999
0.506,-0.26611328125,-0.5035933507860975,-0.23968750000000003,-0.22493999999999992
0.51,-0.27001953125,-0.5068296068531684,-0.24357421875000002,-0.2281200000000001
0.515,-0.27392578125,-0.509997491313186,-0.24746093750000003,-0.23130000000000006
0.519,-0.27685546875,-0.5132063987374362,-0.25142578125000004,-0.23432999999999993
0.523,-0.27978515625,-0.5164335385902348,-0.25521484375000003,-0.23753000000000002
0.528,-0.283203125,-0.5195968649431162,-0.25890625,-0.24069000000000007
0.532,-0.2861328125,-0.5227100521174961,-0.26251953125000005,-0.24368999999999996
0.536,-0.28955078125,-0.5258460298275569,-0.26619140625000004,-0.24685
0.541,-0.29345703125,-0.5290959602160381,-0.26970703125000006,-0.2500199999999999
0.545,-0.296875,-0.5322729608903316,-0.273125,-0.25315
0.549,-0.30029296875,-0.5354317291360786,-0.2765234375,-0.25617
0.554,-0.30322265625,-0.5385996135960962,-0.2798828125,-0.25932
0.558,-0.30615234375,-0.5417720561632535,-0.28314453125000005,-0.26245000000000007
0.562,-0.3095703125,-0.5449581730518194,-0.28630859375,-0.26559
0.567,-0.31298828125,-0.5480713602261993,-0.28943359375,-0.26857
0.571,-0.31640625,-0.5512574771147651,-0.29251953125,-0.27170000000000005
0.575,-0.32080078125,-0.5544618264318792,-0.29552734375,-0.27482000000000006
0.58,-0.32421875,-0.5576616176418554,-0.29851562500000006,-0.27797000000000005
0.584,-0.3271484375,-0.5608750831732419,-0.30140625,-0.2810999999999999
0.588,-0.32958984375,-0.5640156189904406,-0.30427734375000004,-0.28424000000000005
0.593,-0.33349609375,-0.5671880615575962,-0.30707031250000005,-0.28737999999999997
0.597,-0.3359375,-0.5703194811605226,-0.30976562500000004,-0.29054
0.602,-0.3388671875,-0.5733962034778077,-0.31244140625000005,-0.2935000000000001
0.606,-0.34375,-0.5765504136164168,-0.315078125,-0.29664
0.61,-0.3466796875,-0.5796863913264811,-0.3176171875,-0.29977999999999994
0.615,-0.3505859375,-0.5827995785008593,-0.320234375,-0.30277
0.619,-0.3525390625,-0.5859720210680148,-0.32279296875,-0.3059099999999999
0.623,-0.35546875,-0.5890806501352568,-0.32525390625000006,-0.3090600000000001
0.628,-0.35888671875,-0.5921756048810884,-0.32775390625,-0.31217000000000006
0.632,-0.36279296875,-0.5952979082697425,-0.33013671875000006,-0.31526999999999994
0.636,-0.36572265625,-0.5983974211227103,-0.33255859375,-0.31838999999999995
0.641,-0.369140625,-0.6015197245113626,-0.33492187500000004,-0.32148
0.645,-0.37255859375,-0.6046420279000149,-0.33722656250000005,-0.32457
0.649,-0.37548828125,-0.6077005177887536,-0.33953125,-0.3275300000000001
0.654,-0.37890625,-0.6107681238917646,-0.34181640625000004,-0.33064000000000004
0.658,-0.38134765625,-0.6138448462090498,-0.34404296875,-0.33370999999999995
0.662,-0.38525390625,-0.6168531969192834,-0.34625,-0.3366500000000001
0.667,-0.3876953125,-0.6198843381652033,-0.34847656250000003,-0.33972
0.671,-0.3916015625,-0.6229337118396661,-0.35068359375,-0.34264000000000006
0.675,-0.3955078125,-0.6259830855141324,-0.352890625,-0.3456999999999999
0.68,-0.3984375,-0.6291053889027847,-0.355078125,-0.34878999999999993
0.684,-0.40185546875,-0.632150204470113,-0.35720703125000003,-0.3517300000000001
0.688,-0.40380859375,-0.6351676713946208,-0.359375,-0.35478999999999994
0.693,-0.40771484375,-0.6382261612833595,-0.3615625,-0.3578699999999999
0.697,-0.4111328125,-0.6413393484577377,-0.36369140625,-0.36093
0.702,-0.4140625,-0.6444297450964331,-0.365859375,-0.36399000000000004
0.706,-0.41748046875,-0.6474700025566253,-0.36798828125000005,-0.3670500000000001
0.71,-0.4208984375,-0.6505284924453623,-0.3701171875,-0.3700000000000001
0.715,-0.423828125,-0.6535596336912803,-0.37222656249999997,-0.37307
0.719,-0.42724609375,-0.6565998911514725,-0.37435546875000003,-0.3761399999999999
0.723,-0.4287109375,-0.6596127999688424,-0.37650390625,-0.37921000000000005
0.728,-0.43212890625,-0.6626302668933501,-0.3786328125,-0.3824099999999999
0.732,-0.4365234375,-0.6656522919249959,-0.38070312500000003,-0.38531000000000004
0.736,-0.43896484375,-0.6686059453495883,-0.3828125,-0.3882300000000001
0.741,-0.44287109375,-0.6715915055241393,-0.38496093750000004,-0.39144
0.745,-0.44580078125,-0.6746773440556986,-0.38705078125000003,-0.3945000000000001
0.749,-0.44873046875,-0.6776218812660186,-0.3891796875,-0.39742999999999995
0.754,-0.45166015625,-0.6806028833334334,-0.3913671875,-0.4005000000000001
0.758,-0.4541015625,-0.6836659313293083,-0.39345703125000003,-0.40369999999999995
0.763,-0.45751953125,-0.6865967942182181,-0.39558593750000004,-0.4066000000000001
0.767,-0.46142578125,-0.6896005868213155,-0.39763671875,-0.40968000000000004
0.771,-0.46533203125,-0.6925952632101406,-0.39978515625,-0.41273000000000004
0.776,-0.46728515625,-0.695640078777469,-0.40193359375000004,-0.41578000000000004
0.78,-0.47119140625,-0.6986393132734285,-0.4040625,-0.4188400000000001
0.784,-0.47412109375,-0.7016522220908001,-0.40625,-0.42191
0.789,-0.47705078125,-0.7046332241582149,-0.40841796875,-0.42496
0.793,-0.47998046875,-0.7075686451542609,-0.410625,-0.42788000000000004
0.797,-0.48291015625,-0.7105314147931274,-0.41279296875000004,-0.43096
0.802,-0.486328125,-0.7134668357891751,-0.41501953125,-0.43401
0.806,-0.490234375,-0.7164250473209055,-0.417265625,-0.43706
0.811,-0.49365234375,-0.7194425142454133,-0.41955078125,-0.4401299999999999
0.815,-0.49609375,-0.7224280744199643,-0.42181640625000005,-0.44306
0.819,-0.4990234375,-0.7253817278445585,-0.42416015625000003,-0.4461299999999999
0.824,-0.50146484375,-0.7283536136976991,-0.42646484375000004,-0.44921999999999995
0.828,-0.5048828125,-0.7312753603723365,-0.42876953125000006,-0.45231
0.832,-0.50830078125,-0.7341652002970154,-0.43111328125000004,-0.45523
0.837,-0.51123046875,-0.7371142956144716,-0.43357421875,-0.45829999999999993
0.841,-0.515625,-0.740122646324707,-0.436015625,-0.46138999999999997
0.845,-0.5185546875,-0.7431173227135304,-0.4384765625,-0.4644600000000001
0.85,-0.521484375,-0.746089208566671,-0.44091796875,-0.4675499999999999
0.854,-0.52392578125,-0.7490063971341705,-0.44349609375,-0.47051
0.858,-0.52734375,-0.7519965154158594,-0.446015625,-0.47358999999999996
0.863,-0.5302734375,-0.7549319364119054,-0.44859375,-0.47663999999999995
0.867,-0.53369140625,-0.7578627993008151,-0.45115234375,-0.47973
0.871,-0.537109375,-0.7607754297611784,-0.453828125,-0.48265
0.876,-0.54052734375,-0.763738199400045,-0.45648437500000005,-0.4857100000000001
0.88,-0.54345703125,-0.76665082986041,-0.45921875,-0.48879000000000006
0.884,-0.54541015625,-0.7695725765350474,-0.46201171875,-0.49174000000000007
0.889,-0.548828125,-0.7724760907811365,-0.46482421875,-0.49480999999999997
0.893,-0.5517578125,-0.7753750469200895,-0.46773437500000004,-0.4978499999999999
0.897,-0.55517578125,-0.7783150260232734,-0.470703125,-0.50092
0.902,-0.55859375,-0.7812732375550038,-0.47369140625000006,-0.50397
0.906,-0.5615234375,-0.784258797729553,-0.47689453125000003,-0.50702
0.911,-0.56396484375,-0.7872124511541472,-0.480078125,-0.5100899999999999
0.915,-0.5673828125,-0.7901296397216484,-0.48328125,-0.5131600000000001
0.919,-0.57080078125,-0.7930149215391911,-0.48650390625000006,-0.51607
0.924,-0.5732421875,-0.7958819709281872,-0.48984375,-0.51912
0.928,-0.576171875,-0.7987444622100472,-0.49330078125,-0.5221899999999999
0.932,-0.5791015625,-0.8016434183489984,-0.4968554687500001,-0.5252300000000001
0.937,-0.5830078125,-0.8045606069164997,-0.5005078125,-0.52826
0.941,-0.58642578125,-0.8075051441268197,-0.504375,-0.5313300000000001
0.946,-0.59033203125,-0.8104815880870984,-0.50826171875,-0.5343899999999999
0.95,-0.59228515625,-0.8134170090831443,-0.5123046875,-0.53731
0.954,-0.59521484375,-0.8163433138649161,-0.51640625,-0.54037
0.959,-0.59814453125,-0.8192422700038708,-0.520546875,-0.5434300000000001
0.963,-0.60107421875,-0.8220728545357741,-0.52484375,-0.5464500000000001
0.967,-0.6044921875,-0.8249535782461805,-0.52931640625,-0.5495000000000001
0.972,-0.607421875,-0.8278525343851317,-0.53396484375,-0.55243
0.976,-0.6103515625,-0.8307104675598538,-0.53923828125,-0.5554699999999999
0.981,-0.61376953125,-0.8338646776984646,-0.54421875,-0.5588
0.985,-0.61669921875,-0.8367271689803228,-0.5494921875000001,-0.56186
0.989,-0.6201171875,-0.8396397994406861,-0.5546875,-0.5649200000000001
0.994,-0.623046875,-0.8424886164011358,-0.560078125,-0.5678099999999999
0.998,-0.6259765625,-0.8453784563258147,-0.5655078124999999,-0.5708899999999999
1.002,-0.62890625,-0.8482774124647694,-0.5708203125,-0.57395
1.007,-0.6318359375,-0.8511079969966708,-0.576171875,-0.57698
1.011,-0.6357421875,-0.8539932788142153,-0.581484375,-0.5799099999999999
1.016,-0.638671875,-0.8569970714173127,-0.58697265625,-0.5831200000000001
1.02,-0.6416015625,-0.8599324924133587,-0.59212890625,-0.58619
1.024,-0.64404296875,-0.8628132161237652,-0.59716796875,-0.5892599999999999
1.029,-0.64794921875,-0.865753195226949,-0.602265625,-0.5925100000000001
1.033,-0.6513671875,-0.8687068486515415,-0.6070703125,-0.59558
1.038,-0.65380859375,-0.8715784561476738,-0.6118945312499999,-0.59863
1.042,-0.6572265625,-0.8745138771437233,-0.6165234375,-0.60172
1.047,-0.66064453125,-0.8774128332826763,-0.62103515625,-0.6047899999999999
1.051,-0.6630859375,-0.8803026732073551,-0.6255078125,-0.6078399999999999
1.055,-0.66552734375,-0.8831514901678048,-0.62986328125,-0.61094
1.06,-0.66943359375,-0.8860230976639372,-0.6340820312500001,-0.61405
1.064,-0.67236328125,-0.8888855889457954,-0.6382226562500001,-0.6169800000000001
1.068,-0.67578125,-0.8917480802276554,-0.64224609375,-0.6200300000000001
1.073,-0.67822265625,-0.8946014552952413,-0.64634765625,-0.6231
1.077,-0.681640625,-0.8975551087198355,-0.650234375,-0.62615
1.082,-0.68505859375,-0.900394809466011,-0.65408203125,-0.6292200000000001
1.086,-0.6884765625,-0.9032846493906916,-0.657890625,-0.6323300000000001
1.09,-0.69091796875,-0.9061516987796878,-0.6616015625,-0.63531
1.095,-0.693359375,-0.908968608990179,-0.665234375,-0.63838
1.099,-0.697265625,-0.9118128678434907,-0.66884765625,-0.64148
1.103,-0.7001953125,-0.9146753591253525,-0.67240234375,-0.64446
1.108,-0.70361328125,-0.917551524728621,-0.67591796875,-0.64751
1.112,-0.70654296875,-0.9204322484390257,-0.67943359375,-0.6506000000000001
1.116,-0.70947265625,-0.9233357626851166,-0.68283203125,-0.6537200000000001
1.121,-0.7119140625,-0.9261936958598387,-0.6862304687499999,-0.65669
1.125,-0.71533203125,-0.9290653033559728,-0.6895312499999999,-0.6599299999999999
1.129,-0.7177734375,-0.9319186784235587,-0.6927929687500001,-0.66289
1.134,-0.720703125,-0.9347811697054169,-0.6961132812499999,-0.66598
1.138,-0.724609375,-0.937652777201551,-0.69927734375,-0.669
1.142,-0.72802734375,-0.9405152684834093,-0.702421875,-0.67208
1.147,-0.73095703125,-0.9433868759795416,-0.70556640625,-0.67517
1.151,-0.73388671875,-0.9462721577970861,-0.70869140625,-0.67822
1.156,-0.73681640625,-0.9491574396146287,-0.71177734375,-0.68127
1.16,-0.73974609375,-0.9520062565750766,-0.7147656250000001,-0.68435
1.164,-0.7421875,-0.9548550735355263,-0.7176953125,-0.6874
1.169,-0.7451171875,-0.9576674256388831,-0.72072265625,-0.6902699999999999
1.173,-0.74853515625,-0.9604934520636466,-0.723671875,-0.6933400000000001
1.177,-0.751953125,-0.9633149203812774,-0.72658203125,-0.69641
1.182,-0.7548828125,-0.9661591792345892,-0.7295703125,-0.69929
1.186,-0.75732421875,-0.9689806475522182,-0.7324804687500001,-0.7023299999999999
1.19,-0.759765625,-0.9717610929056164,-0.73537109375,-0.7054
1.195,-0.7626953125,-0.9745369801518784,-0.73830078125,-0.7082999999999999
1.199,-0.7666015625,-0.977335657933823,-0.741171875,-0.7113100000000001
1.203,-0.76953125,-0.9801616843585901,-0.7441015625,-0.7143900000000001
1.208,-0.7724609375,-0.9830150594261742,-0.74701171875,-0.7174400000000001
1.212,-0.77490234375,-0.9858228534223947,-0.7498828125,-0.72044
1.216,-0.7783203125,-0.9885941825615188,-0.75279296875,-0.7233400000000001
1.221,-0.78076171875,-0.9913883022363272,-0.7557421875,-0.72641
1.225,-0.78369140625,-0.9942052124468201,-0.75859375,-0.7294400000000001
1.229,-0.78662109375,-0.9969537510502615,-0.76146484375,-0.7324600000000001
1.234,-0.78955078125,-0.9997250801893873,-0.7643554687499999,-0.7354
1.238,-0.79345703125,-1.0025283160784682,-0.767265625,-0.73845
1.242,-0.79638671875,-1.0053497843960955,-0.77025390625,-0.74133
1.247,-0.7998046875,-1.0082213918922296,-0.7731640625,-0.7444999999999999
1.251,-0.8017578125,-1.0110291858884484,-0.776171875,-0.74742
1.256,-0.8046875,-1.0138506542060775,-0.7791210937499999,-0.75044
1.26,-0.8076171875,-1.016640215773748,-0.7820703124999999,-0.7534700000000001
1.264,-0.810546875,-1.019429777341422,-0.78505859375,-0.75654
1.269,-0.81396484375,-1.0222649199804597,-0.7880859375,-0.7595799999999999
1.273,-0.8173828125,-1.0251274112623197,-0.79109375,-0.7627200000000001
1.278,-0.8203125,-1.027953437687085,-0.79412109375,-0.7656099999999999
1.282,-0.8232421875,-1.0307703478975778,-0.7971484375,-0.76864
1.286,-0.82568359375,-1.0335690256795242,-0.8002539062499999,-0.77165
1.291,-0.82861328125,-1.0363585872471948,-0.8033203125,-0.77467
1.295,-0.83056640625,-1.0390843353149535,-0.80640625,-0.77773
1.299,-0.83447265625,-1.0418146414898466,-0.80955078125,-0.7806200000000001
1.304,-0.83837890625,-1.0446315517003395,-0.812734375,-0.78363
1.308,-0.84130859375,-1.047471252446515,-0.8159375,-0.78667
1.312,-0.84375,-1.0502699302284615,-0.81923828125,-0.78969
1.317,-0.845703125,-1.0530367012604493,-0.82251953125,-0.7927200000000001
1.321,-0.84912109375,-1.0557670074353425,-0.82587890625,-0.79576
1.325,-0.85205078125,-1.0585383365744683,-0.82921875,-0.7986899999999999
1.33,-0.85546875,-1.0612959913921838,-0.83259765625,-0.80173
1.334,-0.85791015625,-1.0640445299956234,-0.8360546875,-0.8047599999999999
1.338,-0.86083984375,-1.0668249753490233,-0.83958984375,-0.80782
1.343,-0.86474609375,-1.069623653130968,-0.8431249999999999,-0.8108500000000001
1.347,-0.8671875,-1.0723858660558196,-0.84677734375,-0.8137399999999999
1.352,-0.8701171875,-1.075221008694859,-0.85052734375,-0.8169299999999999
1.356,-0.873046875,-1.0780014540482572,-0.8543164062499999,-0.8199799999999999
1.36,-0.87548828125,-1.0808001318302036,-0.8581249999999999,-0.8230200000000001
1.365,-0.87890625,-1.0835714609693277,-0.86203125,-0.82606
1.369,-0.8818359375,-1.0864111617155032,-0.8660546875,-0.8291200000000001
1.374,-0.8857421875,-1.0892326300331323,-0.8699609374999999,-0.83213
1.378,-0.88818359375,-1.0919902848508478,-0.8740625,-0.83514
1.382,-0.890625,-1.0947980788470666,-0.8782421874999999,-0.8381700000000001
1.387,-0.89404296875,-1.0975739660933268,-0.88236328125,-0.8411900000000001
1.391,-0.89697265625,-1.1003817600895456,-0.886484375,-0.8442099999999999
1.396,-0.89892578125,-1.103139414907261,-0.8904492187499999,-0.8472299999999999
1.4,-0.90234375,-1.105828698117925,-0.8943945312499999,-0.85025
1.404,-0.9052734375,-1.1085635623999561,-0.8983203124999999,-0.85311
1.409,-0.90771484375,-1.1113121010033975,-0.90208984375,-0.8561099999999999
1.413,-0.9111328125,-1.1139968261069253,-0.905859375,-0.8591200000000001
1.417,-0.9140625,-1.1167408066032287,-0.90953125,-0.86212
1.422,-0.91748046875,-1.1194802289923977,-0.913125,-0.86497
1.426,-0.919921875,-1.1222105351672926,-0.91666015625,-0.86799
1.43,-0.9228515625,-1.1249636318778702,-0.9201171874999999,-0.8709899999999999
1.435,-0.92578125,-1.127730402909858,-0.9234374999999999,-0.8739699999999999
1.439,-0.9287109375,-1.1304561509776168,-0.92669921875,-0.87697
1.443,-0.9326171875,-1.1331818990453737,-0.929921875,-0.87985
1.448,-0.93505859375,-1.135925879541679,-0.933125,-0.8828499999999999
1.452,-0.9375,-1.138665301930848,-0.93630859375,-0.88571
1.456,-0.93994140625,-1.14144118917711,-0.93943359375,-0.88872
1.461,-0.943359375,-1.1442034021019598,-0.9425390625,-0.89188
1.465,-0.94580078125,-1.1470157542053165,-0.9454296875000001,-0.89487
1.47,-0.94873046875,-1.1496959212017064,-0.94828125,-0.8978900000000001
1.474,-0.95263671875,-1.1523806463052342,-0.9510937500000001,-0.90079
1.478,-0.9560546875,-1.1551337430158117,-0.9539257812499999,-0.9037999999999999
1.483,-0.95849609375,-1.1579324207977564,-0.9566992187500001,-0.9068100000000001
1.487,-0.9609375,-1.1607083080440184,-0.95943359375,-0.90985
1.491,-0.9638671875,-1.1634431723260494,-0.96208984375,-0.9128700000000001
1.496,-0.966796875,-1.1661689203938082,-0.9647070312499999,-0.91574
1.5,-0.97021484375,-1.1689083427829754,-0.96728515625,-0.91875
1.504,-0.97314453125,-1.1716614394935547,-0.9698046875,-0.92178
1.509,-0.97607421875,-1.1743871875613117,-0.97236328125,-0.9247799999999999
1.513,-0.9794921875,-1.1771721910218478,-0.9748828125,-0.92764
1.518,-0.982421875,-1.1799754269109286,-0.9774023437499999,-0.9306700000000001
1.522,-0.98486328125,-1.182733081728644,-0.97986328125,-0.93367
1.526,-0.98779296875,-1.1854861784392217,-0.9823046875,-0.9366700000000001
1.531,-0.98974609375,-1.1882073683998424,-0.9846875,-0.93969
1.535,-0.99365234375,-1.190924000253327,-0.98708984375,-0.94271
1.539,-0.99755859375,-1.1936816550710425,-0.989453125,-0.94556
1.544,-1.00048828125,-1.196439309888758,-0.9917578125000001,-0.94856
1.548,-1.0029296875,-1.1992288714564285,-0.99421875,-0.95158
1.552,-1.005859375,-1.2020548978811956,-0.9965625,-0.95459
1.557,-1.00927734375,-1.2048535756631402,-0.99896484375,-0.95759
1.561,-1.01220703125,-1.2076750439807693,-1.00123046875,-0.96075
1.566,-1.0146484375,-1.2104463731198951,-1.00359375,-0.96363
1.57,-1.017578125,-1.2132450509018398,-1.0058984375,-0.96663
1.574,-1.021484375,-1.2160801935408792,-1.00822265625,-0.96977
1.579,-1.02490234375,-1.2188743132156858,-1.0105859375000001,-0.9726400000000001
1.583,-1.02783203125,-1.2218006179974612,-1.01296875,-0.97591
1.588,-1.0302734375,-1.2247132484578245,-1.0153125,-0.97905
1.592,-1.03369140625,-1.2275119262397691,-1.01755859375,-0.98206
1.597,-1.03564453125,-1.2302331162003899,-1.0198046875000002,-0.98493
1.601,-1.0390625,-1.2329907710181054,-1.02212890625,-0.98791
1.605,-1.04248046875,-1.2358167974428707,-1.02439453125,-0.99092
1.61,-1.04541015625,-1.2385835684748585,-1.0266601562500002,-0.99392
1.614,-1.04931640625,-1.2414004786853514,-1.02896484375,-0.99691
1.618,-1.05126953125,-1.244199156467296,-1.03125,-0.99977
1.623,-1.0546875,-1.2469568112850116,-1.03353515625,-1.00277
1.627,-1.05712890625,-1.2497099079955891,-1.03578125,-1.0057800000000001
1.631,-1.060546875,-1.2524538884918943,-1.0380078125,-1.00864
1.636,-1.0634765625,-1.255211543309608,-1.0403125,-1.01166
1.64,-1.06689453125,-1.258064918377194,-1.04265625,-1.01467
1.644,-1.06982421875,-1.260936525873328,-1.0451171875,-1.01768
1.649,-1.07275390625,-1.2638947374050584,-1.04759765625,-1.02085
1.654,-1.07666015625,-1.2668301584011061,-1.05001953125,-1.02403
1.658,-1.0791015625,-1.2696470686115955,-1.05244140625,-1.02692
1.662,-1.08154296875,-1.2724320720721316,-1.05482421875,-1.0299800000000001
1.667,-1.08544921875,-1.275185168782711,-1.0572265625000001,-1.0329000000000002
1.671,-1.08837890625,-1.2779792884575194,-1.05962890625,-1.0359500000000001
1.675,-1.0908203125,-1.2807597338109176,-1.0620898437500002,-1.03902
1.679,-1.0947265625,-1.2835265048429054,-1.0645703125,-1.04196
1.684,-1.0986328125,-1.2863525312676707,-1.0671484375,-1.0450300000000001
1.688,-1.1005859375,-1.2892104644423945,-1.069765625,-1.04798
1.692,-1.103515625,-1.292045607081434,-1.072421875,-1.05108
1.697,-1.1064453125,-1.2949172145775663,-1.0751171875,-1.0541800000000001
1.701,-1.109375,-1.2977842639665624,-1.07779296875,-1.05741
1.706,-1.11279296875,-1.3006102903913277,-1.08048828125,-1.06037
1.71,-1.11669921875,-1.303445433030367,-1.0832421875,-1.06349
1.714,-1.1201171875,-1.3062896918836806,-1.0860742187499999,-1.06658
1.719,-1.123046875,-1.3091840899154956,-1.08892578125,-1.06954
1.723,-1.12548828125,-1.3120420230902177,-1.0918750000000002,-1.0726499999999999
1.727,-1.1279296875,-1.3148953981578035,-1.094765625,-1.07576
1.732,-1.13037109375,-1.3176667272969294,-1.0977539062500001,-1.07885
1.736,-1.13525390625,-1.3204836375074223,-1.1008203125,-1.08182
1.74,-1.1376953125,-1.3233598031106908,-1.10388671875,-1.08493
1.745,-1.14111328125,-1.3262040619640025,-1.107109375,-1.08802
1.749,-1.14501953125,-1.3290939018886831,-1.11037109375,-1.09096
1.753,-1.1474609375,-1.3319746255990896,-1.1137109375,-1.09406
1.758,-1.14990234375,-1.33485079120236,-1.117109375,-1.09715
1.762,-1.15283203125,-1.337704166269944,-1.12056640625,-1.10023
1.766,-1.15673828125,-1.3405575413375317,-1.12421875,-1.10318
1.771,-1.15966796875,-1.3435658920477653,-1.12806640625,-1.1064
1.776,-1.1630859375,-1.3466426143650505,-1.13205078125,-1.10961
1.78,-1.16650390625,-1.3496737556109686,-1.13609375,-1.1128200000000001
1.785,-1.169921875,-1.3527048968568867,-1.14029296875,-1.1160100000000002
1.789,-1.173828125,-1.3557725029598977,-1.1446875,-1.11918
1.794,-1.17578125,-1.3588537833843208,-1.1489648437500002,-1.12235
1.798,-1.17919921875,-1.3617436233089997,-1.1533984375,-1.1254
1.803,-1.181640625,-1.3646197889122682,-1.1579296875,-1.12845
1.807,-1.1845703125,-1.3674503734441714,-1.1625195312499998,-1.1314899999999999
1.811,-1.1875,-1.3702718417618005,-1.16732421875,-1.1343800000000002
1.816,-1.19091796875,-1.3731206587222502,-1.17232421875,-1.13742
1.82,-1.1943359375,-1.3759785918969722,-1.1775390625,-1.14043
1.824,-1.19775390625,-1.3788593156073787,-1.182890625,-1.14344
1.829,-1.20068359375,-1.381721806889237,-1.1884765625,-1.1464699999999999
1.833,-1.20458984375,-1.3846116468139176,-1.19421875,-1.14939
1.837,-1.20654296875,-1.3874969286314602,-1.2000390625,-1.15242
1.842,-1.20947265625,-1.3903594199133202,-1.20583984375,-1.15547
1.846,-1.212890625,-1.3932173530880423,-1.21166015625,-1.15852
1.85,-1.216796875,-1.3961436578698159,-1.2176562499999999,-1.16155
1.855,-1.22021484375,-1.3991656829014598,-1.2233984375,-1.16458
1.859,-1.22314453125,-1.4021558011831488,-1.2293945312499999,-1.16763
1.864,-1.22607421875,-1.4052507559289786,-1.2350390625,-1.17096
1.869,-1.2294921875,-1.4082454323178055,-1.24044921875,-1.17401
1.873,-1.232421875,-1.4112036438495341,-1.24583984375,-1.17706
1.877,-1.23583984375,-1.414193762131223,-1.25103515625,-1.18025
1.882,-1.23974609375,-1.4171656479843637,-1.2559375,-1.18329
1.886,-1.24267578125,-1.4200919527661355,-1.2608593750000001,-1.1863299999999999
1.891,-1.2451171875,-1.4230456061907297,-1.2655078125,-1.18939
1.895,-1.24853515625,-1.4259308880082742,-1.2701367187500001,-1.1924299999999999
1.899,-1.25146484375,-1.4288526346829098,-1.2745703125,-1.19547
1.904,-1.2548828125,-1.431756148928999,-1.2789062500000001,-1.19836
1.908,-1.2578125,-1.4346414307465434,-1.28314453125,-1.20139
1.912,-1.2607421875,-1.4375130382426757,-1.2872851562499998,-1.20441
1.917,-1.263671875,-1.4404074362744907,-1.29140625,-1.2073
1.921,-1.26708984375,-1.4433519734848108,-1.29541015625,-1.21047
1.925,-1.2705078125,-1.446269162052312,-1.2993359375,-1.21336
1.93,-1.27392578125,-1.4491909087269494,-1.3031835937499998,-1.2163599999999999
1.934,-1.27685546875,-1.4521400040444057,-1.3070312499999999,-1.2193800000000001
1.939,-1.28076171875,-1.4550663088261793,-1.31072265625,-1.2223899999999999
1.943,-1.283203125,-1.4580108460364993,-1.31439453125,-1.22541
1.947,-1.28564453125,-1.4609234764968626,-1.3179296875,-1.2284199999999998
1.952,-1.28857421875,-1.463804200207269,-1.32150390625,-1.2313
1.956,-1.29296875,-1.4667624117389995,-1.32494140625,-1.2343199999999999
1.96,-1.2958984375,-1.4696704840922266,-1.3283203125,-1.23733
1.965,-1.298828125,-1.4726195794096828,-1.3316796875,-1.24032
1.969,-1.3017578125,-1.475573232834277,-1.3350390625,-1.2433100000000001
1.973,-1.3056640625,-1.478508653830323,-1.33828125,-1.2463
1.978,-1.30859375,-1.4814714234691913,-1.34150390625,-1.24929
1.982,-1.31103515625,-1.4844159606795113,-1.3446874999999998,-1.2523
1.987,-1.31396484375,-1.4873331492470108,-1.34791015625,-1.25528
1.991,-1.3173828125,-1.4903642904929306,-1.3511328125,-1.25839
1.996,-1.32080078125,-1.4934273384888037,-1.3543359375000001,-1.2614999999999998
2.0,-1.32421875,-1.4965040608060889,-1.3573828125,-1.2646000000000002
2.005,-1.32763671875,-1.4994394818021366,-1.36029296875,-1.26755
2.009,-1.33056640625,-1.5023293217268172,-1.36330078125,-1.27039
2.013,-1.33349609375,-1.5052647427228631,-1.36625,-1.27338
2.018,-1.33642578125,-1.5081636988618161,-1.36919921875,-1.27636
2.022,-1.33984375,-1.511103677965,-1.37216796875,-1.27934
2.027,-1.34375,-1.514089238139551,-1.37513671875,-1.28235
2.031,-1.34619140625,-1.5170747983141002,-1.3780468750000001,-1.2854700000000001
2.035,-1.3505859375,-1.5200056612030117,-1.38103515625,-1.28831
2.04,-1.353515625,-1.5230276862346557,-1.38396484375,-1.29146
2.044,-1.35693359375,-1.5260132464092067,-1.38685546875,-1.2944900000000001
2.049,-1.359375,-1.5289805741552094,-1.3897265625,-1.29737
2.053,-1.36279296875,-1.5318977627227106,-1.39267578125,-1.3004
2.057,-1.36474609375,-1.5348377418258945,-1.39552734375,-1.30343
2.062,-1.369140625,-1.5377458141791198,-1.3983984374999998,-1.30646
2.066,-1.3720703125,-1.5406812351751675,-1.40126953125,-1.30949
2.07,-1.37548828125,-1.5436212142783514,-1.40412109375,-1.3123900000000002
2.075,-1.37841796875,-1.5465566352743974,-1.40705078125,-1.31543
2.079,-1.380859375,-1.549492056270445,-1.40998046875,-1.31846
2.084,-1.38427734375,-1.5524776164449943,-1.41294921875,-1.32151
2.088,-1.3876953125,-1.5554950833695038,-1.41580078125,-1.3246799999999999
2.092,-1.390625,-1.5584031557227291,-1.41869140625,-1.3275700000000001
2.097,-1.39453125,-1.5613522510401872,-1.4215820312499998,-1.3305799999999999
2.101,-1.3974609375,-1.5643059044647796,-1.4245703125,-1.33362
2.106,-1.4013671875,-1.5673643943535183,-1.4275,-1.33678
2.11,-1.40478515625,-1.5703317220995228,-1.4304296875,-1.3396599999999999
2.114,-1.408203125,-1.5733172822740737,-1.43337890625,-1.34268
2.119,-1.40966796875,-1.5762800519129403,-1.4363867187500001,-1.34571
2.123,-1.41259765625,-1.5792245891232604,-1.4393359374999999,-1.3487200000000001
2.127,-1.416015625,-1.5821326614764875,-1.4422851562499999,-1.3517299999999999
2.132,-1.419921875,-1.585099989222492,-1.4454296875,-1.35476
2.136,-1.423828125,-1.5881903858611874,-1.44849609375,-1.35791
2.141,-1.4267578125,-1.5912534338570623,-1.4516796875000002,-1.36091
2.145,-1.43017578125,-1.59427090078157,-1.45486328125,-1.36391
2.15,-1.43310546875,-1.5974387852415894,-1.45810546875,-1.3670499999999999
2.154,-1.43701171875,-1.6004608102732334,-1.46119140625,-1.37018
2.159,-1.439453125,-1.6033688826264605,-1.46439453125,-1.37305
2.163,-1.4423828125,-1.6063453265867373,-1.46771484375,-1.37605
2.168,-1.44580078125,-1.609403816475476,-1.4711132812499998,-1.37919
2.172,-1.4501953125,-1.612553468506949,-1.47435546875,-1.3822999999999999
2.176,-1.453125,-1.6155299124672258,-1.4778515625,-1.38529
2.181,-1.45703125,-1.618693238820109,-1.4813671875,-1.38841
2.186,-1.4599609375,-1.6218292165301715,-1.4849609375,-1.39137
2.19,-1.46337890625,-1.6249697523473703,-1.48845703125,-1.3944800000000002
2.195,-1.46728515625,-1.6280054517004245,-1.49216796875,-1.39747
2.199,-1.46923828125,-1.6311596618390354,-1.49595703125,-1.40059
2.204,-1.47265625,-1.6343001976562341,-1.4997265625,-1.40384
2.208,-1.47607421875,-1.6373358970092884,-1.50345703125,-1.40683
2.213,-1.4794921875,-1.640344247719522,-1.50724609375,-1.40983
2.217,-1.48291015625,-1.6433115754655265,-1.5111132812499999,-1.41281
2.221,-1.48681640625,-1.646351832925717,-1.5150585937499998,-1.41582
2.226,-1.48974609375,-1.6493692998502265,-1.51908203125,-1.41883
2.23,-1.49365234375,-1.6524505802746479,-1.52314453125,-1.42183
2.235,-1.49658203125,-1.6555455350204795,-1.5271484375,-1.42483
2.239,-1.50048828125,-1.6586222573377647,-1.53103515625,-1.42786
2.243,-1.50341796875,-1.6616442823694086,-1.5348828125,-1.43089
2.248,-1.505859375,-1.6646617492939182,-1.5386328125000002,-1.43392
2.252,-1.51025390625,-1.6676837743255604,-1.5423046875000002,-1.4369800000000001
2.257,-1.513671875,-1.6707604966428455,-1.5459765625,-1.44004
2.261,-1.51708984375,-1.6737961959959016,-1.54955078125,-1.44295
2.265,-1.52001953125,-1.6768318953489576,-1.55302734375,-1.44599
2.27,-1.5224609375,-1.6798448041663274,-1.55646484375,-1.44907
2.274,-1.5263671875,-1.6828394805551508,-1.55982421875,-1.452
2.278,-1.5302734375,-1.685916202872436,-1.56314453125,-1.45509
2.283,-1.53369140625,-1.6890020414039952,-1.5664843750000002,-1.45819
2.287,-1.537109375,-1.6922200650425196,-1.5696289062500002,-1.46146
2.292,-1.54052734375,-1.695301345466941,-1.57275390625,-1.46456
2.296,-1.54443359375,-1.6983780677842262,-1.57583984375,-1.46752
2.3,-1.54736328125,-1.7015140454942888,-1.5788671875,-1.47077
2.305,-1.55078125,-1.7046636975257616,-1.581796875,-1.47389
2.309,-1.5537109375,-1.707744977950183,-1.58470703125,-1.4769999999999999
2.313,-1.5576171875,-1.71090374619593,-1.58755859375,-1.48011
2.318,-1.56005859375,-1.7140032590488978,-1.590390625,-1.48325
2.322,-1.56396484375,-1.7171802597231896,-1.5931054687500001,-1.48638
2.327,-1.568359375,-1.720275214469023,-1.5957421875,-1.48949
2.331,-1.5712890625,-1.7234111921790856,-1.59833984375,-1.4926
2.335,-1.5751953125,-1.7264787982820966,-1.60095703125,-1.49557
2.34,-1.578125,-1.729610217885023,-1.6035156250000002,-1.49868
2.344,-1.5810546875,-1.7327279631665373,-1.6059570312500002,-1.50179
2.348,-1.58447265625,-1.735800127376688,-1.6085156250000001,-1.50477
2.353,-1.58837890625,-1.7389862442652522,-1.6109765624999999,-1.5079
2.357,-1.5927734375,-1.7422407327608713,-1.6134765625,-1.51115
2.362,-1.595703125,-1.7454541982922578,-1.6158984375,-1.51427
2.366,-1.59912109375,-1.7486813381450546,-1.61837890625,-1.51739
2.371,-1.6025390625,-1.7519039198907134,-1.6207421874999999,-1.5205
2.375,-1.60546875,-1.7550672462435983,-1.6230468750000002,-1.52362
2.379,-1.60888671875,-1.7581758753108403,-1.62533203125,-1.52676
2.384,-1.61279296875,-1.7614030151636353,-1.62765625,-1.52988
2.388,-1.61572265625,-1.7645253185522893,-1.6298828125,-1.533
2.392,-1.6201171875,-1.7676704124766243,-1.63212890625,-1.53614
2.397,-1.6240234375,-1.7708610874723263,-1.63443359375,-1.5392700000000001
2.401,-1.626953125,-1.7741702732535867,-1.636640625,-1.54239
2.406,-1.63037109375,-1.777329041499332,-1.6388671874999998,-1.54565
2.41,-1.63330078125,-1.7805379489235804,-1.6410546875,-1.54866
2.414,-1.6376953125,-1.7837195077050119,-1.64330078125,-1.5518100000000001
2.419,-1.640625,-1.7869420894506725,-1.6454882812500002,-1.55495
2.423,-1.64501953125,-1.7901829036248778,-1.64765625,-1.5582500000000001
2.427,-1.6484375,-1.7934191596919486,-1.64984375,-1.56128
2.432,-1.65234375,-1.7966554157590178,-1.65203125,-1.5644200000000001
2.436,-1.6552734375,-1.7999646015402782,-1.6542578125,-1.56773
2.441,-1.6591796875,-1.80322364814303,-1.6564257812499998,-1.57091
2.445,-1.66259765625,-1.8064553461029647,-1.6586914062499998,-1.57396
2.45,-1.66650390625,-1.8098374615984092,-1.6608984375,-1.5773
2.454,-1.67041015625,-1.8131101825225748,-1.6631640625,-1.58051
2.458,-1.67333984375,-1.8165378790893865,-1.66537109375,-1.58386
2.463,-1.677734375,-1.8198242743349606,-1.6675585937500002,-1.58707
2.467,-1.68115234375,-1.8231380182233554,-1.6697851562500001,-1.59029
2.472,-1.68505859375,-1.826479110754569,-1.671953125,-1.59351
2.476,-1.6884765625,-1.8298429938214689,-1.6741406250000002,-1.59688
2.481,-1.69189453125,-1.83309292420995,-1.67626953125,-1.59996
2.485,-1.6943359375,-1.8363018316341986,-1.67837890625,-1.60321
2.489,-1.69873046875,-1.839592784986909,-1.6805664062499999,-1.60644
2.494,-1.7021484375,-1.842874622125347,-1.68271484375,-1.60952
2.498,-1.70556640625,-1.8461017619781437,-1.68490234375,-1.61277
2.502,-1.71044921875,-1.8493790410094455,-1.6870703125,-1.616
2.507,-1.712890625,-1.8526699943621558,-1.68927734375,-1.6191
2.511,-1.71630859375,-1.8558880180006785,-1.6915234375000001,-1.62234
2.515,-1.7197265625,-1.8591789713533906,-1.69376953125,-1.6255899999999999
2.52,-1.72265625,-1.8624243436347339,-1.696015625,-1.6286800000000001
2.524,-1.7255859375,-1.8656469253803944,-1.69830078125,-1.63192
2.528,-1.73046875,-1.8689242044116945,-1.7005664062499999,-1.63518
2.533,-1.73486328125,-1.8722197158715428,-1.70294921875,-1.63842
2.537,-1.73828125,-1.8756565286526286,-1.70537109375,-1.64166
2.542,-1.74169921875,-1.879038644148073,-1.70775390625,-1.64507
2.546,-1.74462890625,-1.882320481286511,-1.7101953125,-1.64831
2.55,-1.748046875,-1.8856706900319988,-1.71263671875,-1.65155
2.555,-1.75146484375,-1.8890117825632142,-1.71509765625,-1.65482
2.559,-1.7548828125,-1.8922617129516937,-1.7175390625,-1.6580599999999999
2.564,-1.7578125,-1.8954934109116284,-1.72,-1.6613
2.568,-1.7626953125,-1.8987387831929716,-1.72255859375,-1.66442
2.572,-1.76708984375,-1.9020662014027767,-1.7252148437500001,-1.66768
2.577,-1.7705078125,-1.9055759438980502,-1.72794921875,-1.67107
2.581,-1.7734375,-1.909012756679136,-1.73068359375,-1.67448
2.586,-1.77734375,-1.912417662710265,-1.73341796875,-1.67773
2.59,-1.77978515625,-1.91574508092007,-1.73615234375,-1.68113
2.595,-1.783203125,-1.9189950113085512,-1.7388867187500001,-1.68422
2.599,-1.78662109375,-1.9222358254827583,-1.7417578125,-1.6874799999999999
2.603,-1.791015625,-1.9255541274782892,-1.7448046875,-1.69071
2.608,-1.79443359375,-1.9290547537592886,-1.74779296875,-1.69424
2.612,-1.798828125,-1.9323684976476834,-1.75095703125,-1.69747
2.617,-1.802734375,-1.9358736820358189,-1.7540820312499998,-1.70085
2.622,-1.806640625,-1.9392740299598117,-1.7571875,-1.70405
2.626,-1.80859375,-1.9425239603482929,-1.760390625,-1.70728
2.63,-1.81201171875,-1.9457830069510464,-1.7636132812499998,-1.71051
2.635,-1.8154296875,-1.9490101468038432,-1.76689453125,-1.7135799999999999
2.639,-1.8193359375,-1.9522691934065968,-1.77033203125,-1.71679
2.643,-1.8232421875,-1.9555236819022142,-1.77392578125,-1.72001
2.648,-1.82666015625,-1.958887564969114,-1.777578125,-1.72321
2.652,-1.83056640625,-1.9622605642502844,-1.78134765625,-1.72653
2.657,-1.83349609375,-1.9655515176029947,-1.78525390625,-1.72973
2.661,-1.83642578125,-1.9688743777056636,-1.78921875,-1.73293
2.665,-1.83984375,-1.9721607729512378,-1.79326171875,-1.73611
2.67,-1.8427734375,-1.975356006054076,-1.7973242187499998,-1.73929
2.674,-1.84716796875,-1.9785512391569178,-1.8015625000000002,-1.74234
2.678,-1.8505859375,-1.981787495223987,-1.80591796875,-1.7455
2.683,-1.8544921875,-1.9850100769696475,-1.8105664062500002,-1.74864
2.687,-1.8583984375,-1.9883329370723164,-1.81537109375,-1.7518
2.692,-1.86083984375,-1.9916512390678456,-1.8205078125,-1.75497
2.696,-1.86474609375,-1.995033354563292,-1.82560546875,-1.75826
2.7,-1.8671875,-1.9982513782018163,-1.83095703125,-1.76141
2.705,-1.87109375,-2.001483076161751,-1.8362890625,-1.76457
2.709,-1.87451171875,-2.0046965416931357,-1.8416796874999999,-1.76758
2.714,-1.8779296875,-2.007873542367429,-1.8471484374999998,-1.77072
2.718,-1.88134765625,-2.0111143565416363,-1.8526562500000001,-1.77387
2.722,-1.8857421875,-2.01437340314439,-1.858046875,-1.77702
2.727,-1.88818359375,-2.0175914267829125,-1.86349609375,-1.78016
2.731,-1.89111328125,-2.0208550314928058,-1.8687500000000001,-1.78331
2.735,-1.89453125,-2.024050264595644,-1.87392578125,-1.78647
2.74,-1.8984375,-2.0272728463413046,-1.8789453125,-1.78962
2.744,-1.90185546875,-2.0304954280869634,-1.8839062500000001,-1.79277
2.749,-1.9052734375,-2.0337043355112137,-1.88892578125,-1.79578
2.753,-1.91015625,-2.037077334792386,-1.8936718750000001,-1.79908
2.758,-1.9130859375,-2.0403454976094135,-1.89833984375,-1.80224
2.762,-1.91650390625,-2.043604544212169,-1.90291015625,-1.80539
2.766,-1.91943359375,-2.0468635908149206,-1.90740234375,-1.80854
2.771,-1.921875,-2.0500952887748554,-1.9117773437499999,-1.81183
2.775,-1.92529296875,-2.0533361029490624,-1.9161132812500001,-1.81498
2.78,-1.92822265625,-2.0565678009089954,-1.92015625,-1.81811
2.784,-1.93212890625,-2.0597220110476044,-1.9241015625,-1.82126
2.788,-1.9365234375,-2.062889895507624,-1.92796875,-1.82437
2.793,-1.93994140625,-2.0660668961819173,-1.9317578125000001,-1.82747
2.797,-1.94287109375,-2.069243896856211,-1.9354492187499999,-1.8305500000000001
2.801,-1.94580078125,-2.072357084030589,-1.93904296875,-1.8335
2.806,-1.9482421875,-2.0754429225621482,-1.9426171875,-1.83655
2.81,-1.95068359375,-2.0785287610937075,-1.9460156249999998,-1.83946
2.814,-1.955078125,-2.0815872509824445,-1.9493945312499998,-1.84252
2.819,-1.95751953125,-2.084682205728276,-1.95291015625,-1.84554
2.823,-1.96142578125,-2.087909345581073,-1.9562109375,-1.84855
2.828,-1.96484375,-2.090986067898358,-1.9594921875000002,-1.85155
2.832,-1.96826171875,-2.094090138858464,-1.962734375,-1.85456
2.836,-1.97119140625,-2.0972033260328438,-1.96591796875,-1.85753
2.841,-1.9736328125,-2.1003028388858116,-1.96900390625,-1.86052
2.845,-1.97607421875,-2.1032883990603626,-1.97203125,-1.86338
2.849,-1.97998046875,-2.1062830754491877,-1.9750781250000002,-1.86636
2.854,-1.9833984375,-2.1093278910165143,-1.9780859375000002,-1.86934
2.858,-1.98681640625,-2.112359032262434,-1.9811328124999998,-1.87219
2.862,-1.98974609375,-2.115426638365445,-1.98416015625,-1.87516
2.867,-1.9931640625,-2.1185489417540975,-1.9872265625,-1.87825
2.871,-1.99560546875,-2.1216575708213394,-1.99021484375,-1.88121
2.876,-1.9990234375,-2.124706944495804,-1.99318359375,-1.88418
2.88,-2.00244140625,-2.1277973411344995,-1.9960156249999998,-1.88728
2.885,-2.005859375,-2.130842156701828,-1.99888671875,-1.89024
2.889,-2.00830078125,-2.133909762804839,-2.00173828125,-1.89321
2.893,-2.01220703125,-2.1369317878364846,-2.0046289062500002,-1.89616
2.898,-2.0166015625,-2.1399857196180854,-2.0075000000000003,-1.89909
2.902,-2.01904296875,-2.143039651399686,-2.0103515625000004,-1.90202
2.907,-2.021484375,-2.1460890250741524,-2.01318359375,-1.90497
2.911,-2.0244140625,-2.1490791433558396,-2.0159765625,-1.90778
2.915,-2.02734375,-2.1520191224590235,-2.01884765625,-1.91072
2.92,-2.03125,-2.1550821704548984,-2.0216015625,-1.9138
2.924,-2.0341796875,-2.1580312657723546,-2.0244140625,-1.91661
2.928,-2.0380859375,-2.161048732696864,-2.02720703125,-1.9195200000000001
2.933,-2.041015625,-2.1640479671928237,-2.0299804687500003,-1.92243
2.937,-2.04345703125,-2.167015294938828,-2.0327343750000004,-1.92534
2.941,-2.0458984375,-2.1699188091849173,-2.03552734375,-1.92812
2.946,-2.048828125,-2.1728724626095115,-2.0382812500000003,-1.93102
2.95,-2.052734375,-2.175835232248378,-2.0410546875,-1.93393
2.955,-2.0556640625,-2.1787888856729722,-2.04380859375,-1.93684
2.959,-2.0595703125,-2.181765329633249,-2.0465234375,-1.93971
2.963,-2.06298828125,-2.1847372154863898,-2.0493554687500004,-1.94255
2.968,-2.06591796875,-2.187777472946582,-2.05216796875,-1.94541
2.972,-2.068359375,-2.1907812655496794,-2.05501953125,-1.94826
2.977,-2.0712890625,-2.19382152300987,-2.0577734375000003,-1.95122
2.981,-2.07373046875,-2.196729595363097,-2.06056640625,-1.95406
2.985,-2.07763671875,-2.199665016359143,-2.063359375,-1.9569
2.99,-2.08056640625,-2.202614111676601,-2.06611328125,-1.95973
2.994,-2.08349609375,-2.205531300244102,-2.0688671875,-1.96253
2.999,-2.08642578125,-2.2084074658473707,-2.07166015625,-1.9652
3.003,-2.09033203125,-2.2112881895577754,-2.0744335937500002,-1.96799
3.007,-2.0927734375,-2.214223610553825,-2.07744140625,-1.97079
3.012,-2.095703125,-2.217277542335424,-2.0802734375000003,-1.97371
3.016,-2.09814453125,-2.2201400336172856,-2.0831640625000003,-1.97652
3.021,-2.1005859375,-2.2229478276135044,-2.08599609375,-1.97918
3.025,-2.10400390625,-2.225741947288313,-2.088828125,-1.98198
3.029,-2.1083984375,-2.2285725318202143,-2.0917968750000004,-1.98464
3.033,-2.11181640625,-2.2314942784948517,-2.09482421875,-1.98744
3.038,-2.1142578125,-2.234406908955215,-2.0978320312500003,-1.99024
3.042,-2.11669921875,-2.237292190772756,-2.10095703125,-1.99305
3.047,-2.1201171875,-2.240209379340257,-2.1042578125,-1.99589
3.051,-2.12255859375,-2.2432086138362184,-2.1075781250000003,-1.99887
3.056,-2.12548828125,-2.2461896159036314,-2.1108984375,-2.00186
3.06,-2.12841796875,-2.249125036899679,-2.114140625,-2.00484
3.065,-2.13232421875,-2.2519920862886735,-2.1174609375,-2.00771
3.069,-2.13671875,-2.2549411816061316,-2.1208984375,-2.01058
3.074,-2.14013671875,-2.2578902769235896,-2.12427734375,-2.01346
3.078,-2.14208984375,-2.260766442526858,-2.12779296875,-2.01635
3.082,-2.14501953125,-2.263674514880085,-2.1313671875,-2.01926
3.087,-2.1484375,-2.266600819661859,-2.1350390625,-2.02217
3.091,-2.15087890625,-2.2695271244436324,-2.13869140625,-2.02509
3.096,-2.15380859375,-2.2723804995112182,-2.1423242187500002,-2.028
3.1,-2.15771484375,-2.275192851614573,-2.1461328125000003,-2.03091
3.104,-2.162109375,-2.278128272610619,-2.1499609375,-2.03382
3.109,-2.16455078125,-2.2810591354995307,-2.1539648437500003,-2.03673
3.113,-2.16796875,-2.284017347031261,-2.1580859375,-2.03965
3.118,-2.17138671875,-2.2869892328844017,-2.162109375,-2.04261
3.122,-2.173828125,-2.289897305237629,-2.1661132812500004,-2.04555
3.126,-2.17724609375,-2.292837284340811,-2.1700976562500003,-2.04849
3.131,-2.18017578125,-2.295736240479764,-2.1739648437500003,-2.05144
3.135,-2.18408203125,-2.298639754725855,-2.1779492187500002,-2.05427
3.139,-2.18701171875,-2.3016617797574987,-2.1817382812500004,-2.05735
3.144,-2.19091796875,-2.3046017588606826,-2.1855859375,-2.06018
3.148,-2.1943359375,-2.307687597392242,-2.18935546875,-2.06328
3.153,-2.19677734375,-2.3107415291738445,-2.1929296875000004,-2.06639
3.157,-2.19970703125,-2.3136678339556163,-2.1964453125000003,-2.06937
3.162,-2.2021484375,-2.316598696844526,-2.19986328125,-2.0722
3.166,-2.2060546875,-2.319547792161984,-2.2032812500000003,-2.07518
3.17,-2.20947265625,-2.322542468550809,-2.2065625,-2.07828
3.175,-2.21337890625,-2.3255006800825377,-2.20986328125,-2.08126
3.179,-2.216796875,-2.328550053757004,-2.2130273437500003,-2.08425
3.184,-2.2197265625,-2.3315584044672377,-2.216171875,-2.08724
3.188,-2.22265625,-2.334548522748925,-2.2192578125000004,-2.09022
3.192,-2.2255859375,-2.3375158504949294,-2.2221875,-2.09323
3.197,-2.228515625,-2.340405690419608,-2.2251171875000004,-2.09622
3.201,-2.23193359375,-2.3433502276299283,-2.2280468750000004,-2.09924
3.206,-2.23583984375,-2.3463631364473,-2.2308203125,-2.10225
3.21,-2.2392578125,-2.3493304641933044,-2.2335937500000003,-2.10514
3.214,-2.2431640625,-2.352293233832171,-2.2363476562500004,-2.10815
3.219,-2.24609375,-2.3553061426495425,-2.2391015625,-2.1112
3.223,-2.248046875,-2.3583008190383676,-2.24177734375,-2.11424
3.227,-2.251953125,-2.3612590305700962,-2.2443554687500002,-2.1173
3.232,-2.25439453125,-2.3641853353518716,-2.2469140625,-2.1202199999999998
3.236,-2.25830078125,-2.367107082026507,-2.24947265625,-2.12329
3.24,-2.26220703125,-2.3700652935582376,-2.25201171875,-2.12635
3.244,-2.26611328125,-2.3730873185898815,-2.25451171875,-2.12928
3.249,-2.2685546875,-2.3760637625501584,-2.2570312500000003,-2.13223
3.253,-2.271484375,-2.379085787581804,-2.25953125,-2.13546
3.257,-2.275390625,-2.3820850220777654,-2.2619531250000002,-2.13843
3.262,-2.27783203125,-2.3851161633236835,-2.2644921875,-2.14153
3.266,-2.28125,-2.3881473045696016,-2.26693359375,-2.14466
3.271,-2.28515625,-2.3912103525654747,-2.269375,-2.14791
3.275,-2.28857421875,-2.394259726239941,-2.2717578125,-2.1509
3.279,-2.29296875,-2.397327332342952,-2.2741406250000002,-2.15402
3.284,-2.29541015625,-2.4003858222316907,-2.2765234375000003,-2.15717
3.288,-2.29736328125,-2.403389614834788,-2.2788476562500004,-2.16016
3.292,-2.30126953125,-2.4063478263665203,-2.28115234375,-2.16333
3.297,-2.30419921875,-2.409324270326797,-2.283515625,-2.16635
3.301,-2.30859375,-2.4124055507512168,-2.2858789062500002,-2.16951
3.305,-2.3115234375,-2.4155506446755535,-2.2883984375,-2.17281
3.31,-2.31591796875,-2.418814249385445,-2.2907421875000002,-2.17613
3.314,-2.3193359375,-2.4219502270955076,-2.2930859375000003,-2.17929
3.319,-2.322265625,-2.425045181841339,-2.2954101562500004,-2.18244
3.323,-2.3251953125,-2.428108229837214,-2.29771484375,-2.18546
3.327,-2.32763671875,-2.4311484872974063,-2.30005859375,-2.1886200000000002
3.332,-2.33154296875,-2.4342388839361018,-2.30234375,-2.19179
3.336,-2.3349609375,-2.4372882576105646,-2.30462890625,-2.19494
3.34,-2.33837890625,-2.4403102826422103,-2.3069140625,-2.19796
3.345,-2.341796875,-2.4433870049594955,-2.3093359375,-2.2011
3.349,-2.3466796875,-2.4466141448122922,-2.3116992187500003,-2.20441
3.354,-2.3486328125,-2.4497410063080807,-2.31404296875,-2.20742
3.358,-2.35205078125,-2.452831402946778,-2.31630859375,-2.2106
3.362,-2.35546875,-2.4558716604069684,-2.318671875,-2.2137700000000002
3.367,-2.35888671875,-2.4590213124384395,-2.3209570312500003,-2.21694
3.371,-2.3623046875,-2.462120825291409,-2.3233007812500004,-2.22011
3.375,-2.36572265625,-2.465188431394422,-2.3256445312500005,-2.22315
3.38,-2.369140625,-2.4683016185688,-2.3282031250000004,-2.22633
3.384,-2.373046875,-2.4716062462429207,-2.3306445312500004,-2.22965
3.389,-2.37646484375,-2.474769572595804,-2.3331250000000003,-2.23284
3.393,-2.37890625,-2.477891875984456,-2.3356445312500003,-2.23604
3.398,-2.38232421875,-2.481046086123065,-2.33822265625,-2.23938
3.402,-2.38623046875,-2.4843005746186844,-2.3408593750000004,-2.2425800000000002
3.407,-2.38916015625,-2.4875824117571206,-2.3434765625000002,-2.24608
3.411,-2.3935546875,-2.4907275056814573,-2.3461718750000005,-2.24928
3.416,-2.3974609375,-2.494036691462714,-2.3488671875000002,-2.25263
3.42,-2.40087890625,-2.4972501569941024,-2.3516015625,-2.25583
3.425,-2.40380859375,-2.500431715775532,-2.35431640625,-2.25906
3.429,-2.4072265625,-2.503576809699867,-2.3570898437500003,-2.26227
3.433,-2.41015625,-2.506731019838476,-2.3599609375000004,-2.26552
3.438,-2.4130859375,-2.509876113762811,-2.3628125,-2.26877
3.442,-2.4169921875,-2.512984742830053,-2.3657031250000005,-2.27203
3.447,-2.42041015625,-2.5161389529686637,-2.3687500000000004,-2.27528
3.451,-2.423828125,-2.5194071157856897,-2.3717968750000002,-2.27867
3.456,-2.42822265625,-2.52254765160289,-2.37484375,-2.28192
3.46,-2.431640625,-2.5257064198486354,-2.377890625,-2.2852
3.464,-2.4345703125,-2.528805932701605,-2.3810742187500002,-2.28831
3.469,-2.4375,-2.53188265501889,-2.38431640625,-2.29161
3.473,-2.44091796875,-2.5349639354433116,-2.3876171875000005,-2.29476
3.477,-2.4443359375,-2.538054332082007,-2.391015625,-2.29805
3.481,-2.44775390625,-2.5411903097920696,-2.3944921875,-2.30119
3.486,-2.45166015625,-2.5443445199306804,-2.39802734375,-2.30449
3.49,-2.455078125,-2.547475939533605,-2.4016796875,-2.30778
3.494,-2.45751953125,-2.5506028010293935,-2.4054882812500002,-2.31108
3.499,-2.46240234375,-2.5537980341322335,-2.4094140625000002,-2.31439
3.503,-2.46484375,-2.5570023834493476,-2.4136328125000004,-2.31771
3.508,-2.4677734375,-2.5602887786949218,-2.4178515625,-2.32104
3.512,-2.47216796875,-2.5635934063690424,-2.42240234375,-2.3245
3.517,-2.47509765625,-2.5669025921502993,-2.4269531250000003,-2.32796
3.521,-2.47900390625,-2.5701206157888237,-2.4315234375,-2.33142
3.526,-2.4833984375,-2.573297616463117,-2.4362304687500003,-2.33457
3.53,-2.48779296875,-2.576483733351683,-2.4412695312500006,-2.33786
3.535,-2.48974609375,-2.5798202677757605,-2.44658203125,-2.34132
3.539,-2.49365234375,-2.583088430592788,-2.4518750000000002,-2.34463
3.543,-2.49609375,-2.586269989374218,-2.4575976562500004,-2.34795
3.548,-2.5,-2.5895837332626126,-2.46341796875,-2.3514
3.552,-2.50341796875,-2.5927744082583164,-2.4693164062500004,-2.35474
3.557,-2.50634765625,-2.5959286183969255,-2.4753515625,-2.35803
3.561,-2.5107421875,-2.59906003799985,-2.4816210937500003,-2.36117
3.566,-2.51513671875,-2.6023555494597,-2.4878710937500004,-2.36462
3.57,-2.51806640625,-2.6056738514552293,-2.49412109375,-2.36792
3.575,-2.521484375,-2.6089192237365726,-2.5002343750000002,-2.37122
3.579,-2.5244140625,-2.6121144568394143,-2.5060937500000002,-2.37453
3.583,-2.52685546875,-2.6152641088708872,-2.5119335937500002,-2.37785
3.588,-2.53076171875,-2.618404644688086,-2.51755859375,-2.38115
3.592,-2.5341796875,-2.6215679710409674,-2.5231250000000003,-2.38445
3.596,-2.53759765625,-2.6247267392867144,-2.5285546875000002,-2.38758
3.601,-2.5419921875,-2.6279265304966906,-2.5338671875000003,-2.39087
3.605,-2.54541015625,-2.6311217635995305,-2.5390820312500004,-2.39415
3.609,-2.54833984375,-2.6343443453451894,-2.54419921875,-2.39746
3.614,-2.55126953125,-2.6375897176265344,-2.5493164062500004,-2.40074
3.618,-2.5546875,-2.6409125777292015,-2.55416015625,-2.40419
3.623,-2.55810546875,-2.644089578403495,-2.5588281250000002,-2.40747
3.627,-2.56201171875,-2.6472848115063368,-2.5633984375000005,-2.41076
3.632,-2.56591796875,-2.6505347418948144,-2.56783203125,-2.41418
3.636,-2.5693359375,-2.653752765533339,-2.57224609375,-2.41746
3.641,-2.5732421875,-2.6569753472789994,-2.576484375,-2.4207
3.645,-2.576171875,-2.660161464167567,-2.58072265625,-2.42381
3.649,-2.57861328125,-2.6634068364489103,-2.58482421875,-2.42722
3.654,-2.58203125,-2.6665747209089297,-2.58875,-2.43049
3.658,-2.5859375,-2.669747163476085,-2.592734375,-2.43373
3.663,-2.5888671875,-2.672969745221746,-2.596484375,-2.437
3.667,-2.59228515625,-2.6760920486103963,-2.6002929687500003,-2.44025
3.671,-2.59619140625,-2.679291839820374,-2.6040625000000004,-2.44348
3.676,-2.6005859375,-2.6825098634588986,-2.6076367187500002,-2.44671
3.68,-2.60302734375,-2.6857005384546007,-2.61130859375,-2.44994
3.684,-2.6064453125,-2.6889231202002613,-2.61484375,-2.45318
3.689,-2.60986328125,-2.6920773303388703,-2.61828125,-2.45641
3.693,-2.61181640625,-2.6951950756203846,-2.6216992187500003,-2.45966
3.698,-2.6162109375,-2.698290030366218,-2.6251562500000003,-2.4627499999999998
3.702,-2.6201171875,-2.7015900999332025,-2.6285546875000003,-2.46612
3.706,-2.62451171875,-2.7048309141074096,-2.6318554687500004,-2.46935
3.711,-2.6279296875,-2.708003356674565,-2.63517578125,-2.47258
3.715,-2.63037109375,-2.7112259384202257,-2.63845703125,-2.47579
3.72,-2.63330078125,-2.7144074972016554,-2.641640625,-2.47903
3.724,-2.63720703125,-2.7176072884116316,-2.6448828125,-2.4822699999999998
3.728,-2.6396484375,-2.7207569404431045,-2.6480078125000004,-2.48552
3.733,-2.64404296875,-2.723851895188938,-2.6512109375,-2.48862
3.737,-2.64697265625,-2.727051686398914,-2.65431640625,-2.49186
3.741,-2.65185546875,-2.7302286870732058,-2.6575,-2.4951
3.746,-2.6552734375,-2.733487733675961,-2.66072265625,-2.49834
3.75,-2.65771484375,-2.73672398974303,-2.6638085937500007,-2.50159
3.755,-2.66064453125,-2.7398827579887772,-2.6669140625,-2.5048399999999997
3.759,-2.6640625,-2.7430369681273863,-2.6700390625000003,-2.50809
3.763,-2.66796875,-2.746218526908816,-2.67318359375,-2.51134
3.768,-2.6708984375,-2.749450224868749,-2.67630859375,-2.5146
3.772,-2.6748046875,-2.752654574185863,-2.6793750000000003,-2.51784
3.777,-2.6787109375,-2.755854365395839,-2.68248046875,-2.52108
3.781,-2.68212890625,-2.7590541566058153,-2.6856250000000004,-2.52432
3.785,-2.68505859375,-2.762267622137202,-2.68875,-2.5275600000000003
3.79,-2.6884765625,-2.7654810876685882,-2.6918359375,-2.53081
3.794,-2.69140625,-2.7686125072715164,-2.69490234375,-2.53405
3.798,-2.69482421875,-2.771743926874441,-2.6979687500000002,-2.53729
3.803,-2.6982421875,-2.774889020798776,-2.70107421875,-2.54054
3.807,-2.70263671875,-2.778047789044523,-2.7041796875,-2.5436300000000003
3.812,-2.70703125,-2.7812749288973198,-2.70734375,-2.54687
3.816,-2.70947265625,-2.7845339755000733,-2.71056640625,-2.55011
3.82,-2.71240234375,-2.787770231567144,-2.71384765625,-2.55336
3.825,-2.7158203125,-2.7910657430269907,-2.7171484375000006,-2.55675
3.829,-2.7197265625,-2.794365812593977,-2.72044921875,-2.56015
3.834,-2.72216796875,-2.7977023470180544,-2.7237109375,-2.56354
3.838,-2.72509765625,-2.8008109760852964,-2.7269335937500006,-2.5667999999999997
3.843,-2.7294921875,-2.8039378375810866,-2.73033203125,-2.57003
3.847,-2.7333984375,-2.8072834882194364,-2.73375,-2.57328
3.852,-2.73779296875,-2.810597232107831,-2.7370703125,-2.57665
3.856,-2.7412109375,-2.8138061395320815,-2.7404101562500003,-2.57987
3.861,-2.74365234375,-2.8169557915635544,-2.74396484375,-2.58311
3.865,-2.74755859375,-2.820260419237675,-2.7475390625,-2.58634
3.87,-2.75048828125,-2.823551372590387,-2.7509765625000004,-2.58971
3.874,-2.7529296875,-2.8266782340861756,-2.7545507812500003,-2.59294
3.878,-2.7568359375,-2.829850676653331,-2.758125,-2.59618
3.883,-2.7607421875,-2.833036793541897,-2.7617578125,-2.59938
3.887,-2.7646484375,-2.836232026644737,-2.76544921875,-2.60258
3.892,-2.7685546875,-2.8394135854261666,-2.76927734375,-2.6058
3.896,-2.77099609375,-2.842663515814648,-2.77310546875,-2.6090400000000002
3.9,-2.77490234375,-2.845831400274667,-2.7770898437500002,-2.61227
3.905,-2.7783203125,-2.849063098234602,-2.7809960937500007,-2.61554
3.909,-2.78076171875,-2.8521990759446627,-2.7848828125000002,-2.6187899999999997
3.913,-2.7841796875,-2.8552712401548117,-2.7888867187500006,-2.6219
3.918,-2.78857421875,-2.858393543543464,-2.7931445312500003,-2.62499
3.922,-2.79296875,-2.861679938789038,-2.79732421875,-2.62839
3.926,-2.794921875,-2.8648387070347834,-2.80154296875,-2.6315
3.931,-2.7978515625,-2.8680111496019407,-2.8058593750000003,-2.63478
3.935,-2.80126953125,-2.871256521883284,-2.80998046875,-2.63821
3.94,-2.8046875,-2.874378825271936,-2.81404296875,-2.64134
3.944,-2.8076171875,-2.8774965705534523,-2.81814453125,-2.64461
3.948,-2.8115234375,-2.8807282685133853,-2.8220703125,-2.648
3.953,-2.81591796875,-2.8839462921519097,-2.8259179687500002,-2.65125
3.957,-2.81884765625,-2.887123292826203,-2.8297851562500003,-2.65448
3.962,-2.82275390625,-2.890391455643229,-2.83349609375,-2.65773
3.966,-2.82568359375,-2.893591246853207,-2.8370898437500003,-2.66097
3.97,-2.82861328125,-2.8967454569918143,-2.8405859375,-2.6642200000000003
3.975,-2.83251953125,-2.8998723184876045,-2.84400390625,-2.66746
3.979,-2.83544921875,-2.9030356448404877,-2.8473828125000002,-2.67056
3.984,-2.8388671875,-2.9063493887288807,-2.8508593750000006,-2.67394
3.988,-2.84228515625,-2.909558296153131,-2.8541210937500003,-2.67735
3.993,-2.84716796875,-2.9127808778987916,-2.8574414062500004,-2.6806
3.997,-2.8515625,-2.916199458251331,-2.8606640625,-2.68402
4.002,-2.85400390625,-2.9195451088896824,-2.86380859375,-2.68742
4.006,-2.857421875,-2.9228679689923514,-2.8668359375000003,-2.69069
4.011,-2.861328125,-2.9261042250594205,-2.8698242187500007,-2.69396
4.015,-2.8642578125,-2.9293495973407655,-2.8726757812500003,-2.6973700000000003
4.02,-2.8671875,-2.932531156122195,-2.8753906250000005,-2.70064
4.024,-2.87060546875,-2.9356489014037113,-2.8780859375,-2.70378
4.028,-2.8740234375,-2.9387620885780894,-2.8808593750000004,-2.7070600000000002
4.033,-2.8779296875,-2.941989228430886,-2.8835351562500007,-2.71033
4.037,-2.88232421875,-2.9452026939622726,-2.8861328125,-2.71361
4.041,-2.88525390625,-2.948370578422292,-2.8887500000000004,-2.71674
4.046,-2.88818359375,-2.9515794858465423,-2.8913085937500003,-2.72002
4.05,-2.890625,-2.9547336959851513,-2.893828125,-2.7233
4.054,-2.89404296875,-2.957878789909488,-2.8963671875,-2.72659
4.059,-2.8984375,-2.961105929762285,-2.89880859375,-2.73001
4.063,-2.9013671875,-2.964269256115168,-2.90126953125,-2.73315
4.068,-2.90576171875,-2.9675328608250595,-2.90380859375,-2.73642
4.072,-2.9091796875,-2.970864837141999,-2.90634765625,-2.73985
4.077,-2.91259765625,-2.974274301280264,-2.90880859375,-2.74343
4.081,-2.916015625,-2.977578928954385,-2.9112890625000003,-2.7467
4.086,-2.9189453125,-2.980910905271328,-2.913671875,-2.75012
4.09,-2.9228515625,-2.984151719445535,-2.916015625,-2.75343
4.095,-2.92578125,-2.9873378363341008,-2.9183203125,-2.7568799999999998
4.099,-2.92919921875,-2.9905330694369407,-2.92068359375,-2.76003
4.104,-2.93310546875,-2.993810348468241,-2.9229492187500004,-2.76364
4.108,-2.9375,-2.9970055815710825,-2.9252539062500005,-2.76695
4.112,-2.94091796875,-3.0002691862809723,-2.92755859375,-2.7702400000000003
4.117,-2.9443359375,-3.0035510234194085,-2.9298046875000003,-2.77354
4.121,-2.947265625,-3.006773605165071,-2.9320703125,-2.77685
4.126,-2.95068359375,-3.009968838267909,-2.9342773437500003,-2.78018
4.13,-2.95361328125,-3.0131002578708355,-2.9364257812500005,-2.78351
4.134,-2.95654296875,-3.0161997707238033,-2.938671875,-2.78667
4.139,-2.96044921875,-3.019390445719507,-2.9408398437500005,-2.78999
4.143,-2.96484375,-3.022535539643844,-2.9430664062500007,-2.79328
4.147,-2.96826171875,-3.025726214639546,-2.9453320312500004,-2.79657
4.152,-2.9716796875,-3.029021726099394,-2.94751953125,-2.79986
4.156,-2.97412109375,-3.032162261916593,-2.9497265625,-2.80302
4.16,-2.9775390625,-3.0353027977337916,-2.9519140625,-2.80634
4.165,-2.98095703125,-3.038461565979537,-2.95412109375,-2.80965
4.169,-2.98486328125,-3.0416385666538304,-2.95630859375,-2.81281
4.174,-2.9892578125,-3.0448748227209013,-2.95853515625,-2.8161
4.178,-2.99267578125,-3.048229589573527,-2.9608984375,-2.81955
4.183,-2.99560546875,-3.0516527280332024,-2.9630859375,-2.823
4.187,-2.99267578125,-3.054661078743436,-2.9643164062500005,-2.82621
4.191,-2.98876953125,-3.0573822687040586,-2.96470703125,-2.82882
4.196,-2.9853515625,-3.0597752749508356,-2.96458984375,-2.8308299999999997
4.2,-2.9833984375,-3.0618765623408635,-2.9639648437500004,-2.83231
4.205,-2.9794921875,-3.0638456646239263,-2.96296875,-2.8332800000000002
4.209,-2.97607421875,-3.0654956994074176,-2.96171875,-2.83363
4.214,-2.97314453125,-3.066895038298389,-2.9603125,-2.83336
4.218,-2.96923828125,-3.0679661934755202,-2.9586914062500003,-2.83261
4.223,-2.96484375,-3.0688094432958124,-2.95693359375,-2.83119
4.227,-2.962890625,-3.0694475782949535,-2.9551367187500004,-2.82927
4.232,-2.958984375,-3.06988059847294,-2.95330078125,-2.82678
4.236,-2.95654296875,-3.070135852472598,-2.95142578125,-2.82377
4.24,-2.953125,-3.070227014615332,-2.94953125,-2.82058
4.245,-2.95068359375,-3.070172317329689,-2.9476171875,-2.81761
4.249,-2.9462890625,-3.0699535281871277,-2.9456249999999997,-2.81451
4.253,-2.943359375,-3.0695615309733704,-2.9436328125000006,-2.8114
4.258,-2.939453125,-3.0690191162241014,-2.9416210937500002,-2.80844
4.262,-2.9375,-3.068376423117824,-2.939609375,-2.80533
4.266,-2.9345703125,-3.0676288935474023,-2.9375781250000004,-2.80238
4.271,-2.9306640625,-3.0667491788700154,-2.9355664062500004,-2.79926
4.275,-2.927734375,-3.065760069621348,-2.9335546875,-2.79618
4.279,-2.9248046875,-3.064675240122808,-2.93146484375,-2.79309
4.284,-2.9208984375,-3.0634399930887586,-2.9294335937500002,-2.79003
4.288,-2.91796875,-3.062150048769066,-2.9273046875000004,-2.7871
4.292,-2.9140625,-3.0607051288067257,-2.9251562500000006,-2.78386
4.297,-2.912109375,-3.0591918372373357,-2.9230664062500002,-2.78077
4.301,-2.908203125,-3.057619290275168,-2.9208984375,-2.7776899999999998
4.306,-2.90625,-3.0559783717059474,-2.91875,-2.77446
4.31,-2.90234375,-3.0542736396368166,-2.9165429687500004,-2.7714
4.315,-2.8994140625,-3.052441280567855,-2.9143359375000006,-2.7682
4.319,-2.89599609375,-3.050554224213254,-2.9121093750000004,-2.76502
4.324,-2.89208984375,-3.048566889501645,-2.9098046875000003,-2.76182
4.329,-2.8876953125,-3.0464838345401635,-2.90751953125,-2.75863
4.333,-2.884765625,-3.044327849864496,-2.9051953125,-2.7554499999999997
4.338,-2.88134765625,-3.04213995843887,-2.9028906250000004,-2.7524100000000002
4.342,-2.8779296875,-3.0399247183704254,-2.9006640625,-2.74925
4.347,-2.87548828125,-3.037718594516253,-2.8983984375000005,-2.74621
4.351,-2.873046875,-3.0355170287692186,-2.8960937500000004,-2.7431799999999997
4.355,-2.86962890625,-3.033292672486498,-2.893828125,-2.74017
4.36,-2.86669921875,-3.031063758096643,-2.89150390625,-2.73728
4.364,-2.86279296875,-3.0287436815640536,-2.88916015625,-2.73423
4.368,-2.85888671875,-3.0263780239600973,-2.8867968750000004,-2.7312
4.373,-2.85595703125,-3.0240032501418668,-2.884375,-2.72818
4.377,-2.85302734375,-3.021564662823721,-2.88181640625,-2.72528
4.382,-2.8505859375,-3.0190349133628427,-2.87931640625,-2.7221
4.386,-2.8486328125,-3.0165963260446986,-2.8767578125,-2.71906
4.39,-2.84423828125,-3.014130390083734,-2.8740625,-2.71602
4.395,-2.84130859375,-3.0114866879444353,-2.8712890625000003,-2.71283
4.4,-2.8369140625,-3.0088065209480472,-2.86849609375,-2.7096400000000003
4.404,-2.833984375,-3.006103563415973,-2.8656250000000005,-2.7064500000000002
4.409,-2.830078125,-3.0033459085982575,-2.862734375,-2.70328
4.413,-2.826171875,-3.0005836956734058,-2.85978515625,-2.70011
4.418,-2.8232421875,-2.997807808427144,-2.8568750000000005,-2.69693
4.422,-2.8203125,-2.9951413157521642,-2.85384765625,-2.69403
4.427,-2.818359375,-2.9924018933629952,-2.8506835937500004,-2.69085
4.431,-2.814453125,-2.9896260061167332,-2.8476171875000005,-2.68766
4.436,-2.8115234375,-2.986936722906071,-2.8443164062500004,-2.68461
4.44,-2.80810546875,-2.9840742316242093,-2.8410937500000006,-2.6814299999999998
4.445,-2.8046875,-2.981339367342178,-2.83767578125,-2.67842
4.449,-2.8017578125,-2.978472317953184,-2.83427734375,-2.6752700000000003
4.454,-2.79736328125,-2.975669082064101,-2.8307617187500007,-2.67212
4.458,-2.79443359375,-2.9728567299607445,-2.8272460937500004,-2.66912
4.462,-2.791015625,-2.970103633250167,-2.82361328125,-2.66625
4.467,-2.78857421875,-2.9673231878967687,-2.81986328125,-2.66326
4.471,-2.78564453125,-2.964488045257731,-2.8161132812500007,-2.66026
4.476,-2.78271484375,-2.9617212742257415,-2.812265625,-2.65725
4.48,-2.77978515625,-2.9588724572652936,-2.8082617187500003,-2.65414
4.485,-2.77587890625,-2.9559689430192027,-2.8044335937500002,-2.65101
4.489,-2.77197265625,-2.953165707130122,-2.8005859375,-2.64818
4.493,-2.76806640625,-2.9502804253125774,-2.79666015625,-2.64518
4.498,-2.7666015625,-2.9473769110664882,-2.7928320312500006,-2.64206
4.502,-2.76318359375,-2.9445645589631315,-2.7888867187500006,-2.63918
4.507,-2.7607421875,-2.941606347431401,-2.7849609375,-2.63603
4.511,-2.75732421875,-2.9386754845424914,-2.7811914062500005,-2.63286
4.516,-2.75390625,-2.935799318939221,-2.777421875,-2.6297
4.52,-2.75,-2.9328319911932184,-2.7736718750000007,-2.62652
4.525,-2.7470703125,-2.929823640482983,-2.7700390625000004,-2.62337
4.53,-2.7431640625,-2.9268745451655267,-2.766484375,-2.62034
4.534,-2.73974609375,-2.923952798490891,-2.7630078125,-2.61733
4.538,-2.736328125,-2.9210675166733466,-2.7596093750000006,-2.61429
4.543,-2.7333984375,-2.918150328105847,-2.756171875,-2.61125
4.547,-2.73095703125,-2.9152468138597563,-2.75287109375,-2.6082
4.551,-2.72802734375,-2.9124116712207186,-2.74953125,-2.60529
4.556,-2.724609375,-2.9095081569746277,-2.74615234375,-2.6022499999999997
4.56,-2.72021484375,-2.9064861319429838,-2.7428320312500003,-2.59906
4.565,-2.71728515625,-2.9034504325899295,-2.73951171875,-2.59587
4.569,-2.71337890625,-2.9004603143082424,-2.7362304687500005,-2.59282
4.574,-2.71044921875,-2.8974838703479655,-2.7330664062500003,-2.58975
4.578,-2.70751953125,-2.894562123673328,-2.7299218750000005,-2.58666
4.582,-2.7041015625,-2.891608470248732,-2.7267773437500002,-2.58355
4.587,-2.70166015625,-2.8886821654669603,-2.72369140625,-2.58058
4.591,-2.6982421875,-2.8857832093280074,-2.7206640625000005,-2.57748
4.595,-2.69482421875,-2.882907043724739,-2.71755859375,-2.57451
4.6,-2.69091796875,-2.879880460585955,-2.71451171875,-2.57127
4.604,-2.6875,-2.876899458518542,-2.711484375,-2.5681599999999998
4.608,-2.68408203125,-2.873918456451129,-2.7083984375,-2.5652
4.613,-2.6806640625,-2.870878198990937,-2.7052929687500002,-2.56207
4.617,-2.6787109375,-2.867810592887924,-2.702109375,-2.5588100000000003
4.622,-2.67529296875,-2.8647156381420924,-2.6990234375,-2.55555
4.627,-2.6708984375,-2.861629799610535,-2.6958789062500004,-2.55228
4.631,-2.66796875,-2.858480147579062,-2.6927539062500006,-2.54902
4.636,-2.66455078125,-2.8553350536547253,-2.68962890625,-2.54577
4.64,-2.65966796875,-2.852158052980432,-2.6866015625000004,-2.54251
4.645,-2.65673828125,-2.849063098234602,-2.68349609375,-2.5394
4.649,-2.6533203125,-2.8458860975603084,-2.6803710937500003,-2.53613
4.654,-2.6494140625,-2.842681748243196,-2.6773632812500003,-2.53286
4.658,-2.64697265625,-2.8396141421401815,-2.6743359375000004,-2.52972
4.663,-2.6435546875,-2.836569326572855,-2.6713281250000005,-2.52659
4.667,-2.64111328125,-2.833542743434073,-2.66837890625,-2.52345
4.671,-2.63818359375,-2.8305435089381135,-2.6652539062500002,-2.5203100000000003
4.676,-2.6337890625,-2.827443996085144,-2.6622851562500003,-2.51717
4.68,-2.6298828125,-2.824417412946362,-2.6592578125,-2.51404
4.685,-2.62646484375,-2.8213589230576233,-2.65625,-2.51092
4.689,-2.623046875,-2.8183004331688863,-2.65314453125,-2.50792
4.693,-2.61962890625,-2.8151507811374135,-2.6500585937500003,-2.50464
4.698,-2.61767578125,-2.8120695007129903,-2.6470703125000004,-2.5015
4.702,-2.61474609375,-2.8090884986455773,-2.64404296875,-2.49837
4.707,-2.611328125,-2.806121170899573,-2.64091796875,-2.49538
4.711,-2.60693359375,-2.803021658046605,-2.6378320312500003,-2.4921100000000003
4.715,-2.6044921875,-2.799954051943594,-2.63458984375,-2.48897
4.72,-2.6005859375,-2.7968636553048984,-2.6314062500000004,-2.48584
4.724,-2.59716796875,-2.793855304594663,-2.6281250000000003,-2.48285
4.729,-2.59423828125,-2.790742117420285,-2.6247460937500002,-2.47958
4.733,-2.59033203125,-2.787587907281674,-2.62140625,-2.47644
4.737,-2.587890625,-2.784520301178663,-2.6178906250000002,-2.4733
4.742,-2.58447265625,-2.781325068075825,-2.6143554687500004,-2.4700100000000003
4.747,-2.58154296875,-2.778170857937214,-2.61080078125,-2.46675
4.751,-2.57763671875,-2.7749938572629222,-2.6073046875,-2.46346
4.756,-2.57373046875,-2.771958157909866,-2.6037890625,-2.46033
4.76,-2.5703125,-2.768885993699719,-2.6001953125,-2.4571899999999998
4.764,-2.56591796875,-2.765809271382434,-2.59650390625,-2.45406
4.769,-2.5634765625,-2.7626869679937816,-2.592734375,-2.45093
4.773,-2.56005859375,-2.7595646646051275,-2.5888867187500004,-2.44779
4.778,-2.55712890625,-2.756442361216477,-2.5850585937500004,-2.44466
4.782,-2.5546875,-2.7533884294348745,-2.5812109375000003,-2.44152
4.786,-2.55126953125,-2.750375520617503,-2.5773046875000003,-2.43839
4.791,-2.54736328125,-2.7473398212644486,-2.57333984375,-2.43525
4.795,-2.54443359375,-2.744358819197034,-2.56912109375,-2.43227
4.799,-2.54052734375,-2.741209167165561,-2.5646679687500002,-2.429
4.804,-2.537109375,-2.737972911098492,-2.56033203125,-2.42573
4.808,-2.5341796875,-2.7348961887812067,-2.5558984375000002,-2.42261
4.813,-2.53173828125,-2.731842256999604,-2.5512890625000004,-2.4195
4.817,-2.52783203125,-2.728733627932362,-2.5466015625000002,-2.41635
4.822,-2.52490234375,-2.7256204407579823,-2.54166015625,-2.41324
4.826,-2.52099609375,-2.722434323869418,-2.5365234375,-2.40997
4.831,-2.5166015625,-2.719229974552304,-2.5314843750000002,-2.40671
4.835,-2.513671875,-2.716166926556429,-2.52625,-2.40359
4.84,-2.5107421875,-2.713085646132006,-2.5209375,-2.40048
4.844,-2.50830078125,-2.7100818535289086,-2.515390625,-2.39749
4.848,-2.50390625,-2.7070142474258976,-2.50966796875,-2.39438
4.853,-2.50146484375,-2.7039511994300227,-2.5035546875000003,-2.39124
4.857,-2.4990234375,-2.7007559663271827,-2.4974609375,-2.38796
4.862,-2.4951171875,-2.6976655696884873,-2.4916015625000005,-2.38468
4.866,-2.49169921875,-2.6946526608711157,-2.48572265625,-2.38157
4.871,-2.48779296875,-2.6916169615180614,-2.47990234375,-2.37844
4.875,-2.484375,-2.688494658129411,-2.47412109375,-2.37532
4.879,-2.48095703125,-2.6854179358121257,-2.46857421875,-2.3722
4.884,-2.47802734375,-2.682364004030523,-2.463203125,-2.36907
4.888,-2.4755859375,-2.6793100722489207,-2.4579492187500005,-2.36594
4.893,-2.47216796875,-2.676292605324413,-2.45296875,-2.36281
4.897,-2.46875,-2.6732979289355896,-2.44810546875,-2.35984
4.901,-2.4658203125,-2.67028046201108,-2.4433203125,-2.35675
4.906,-2.46240234375,-2.6672356464437517,-2.4386132812500003,-2.35352
4.91,-2.45849609375,-2.664149807912196,-2.4341406250000004,-2.35044
4.915,-2.4560546875,-2.6611095504520037,-2.4298242187500003,-2.34736
4.919,-2.453125,-2.658133106491727,-2.42560546875,-2.3444
4.923,-2.4501953125,-2.6551657787457206,-2.4215820312500003,-2.34132
4.928,-2.447265625,-2.6521893347854437,-2.4176757812500003,-2.3382300000000003
4.932,-2.44384765625,-2.6491992165037566,-2.413828125,-2.33517
4.936,-2.4404296875,-2.6462090982220694,-2.4102148437500004,-2.33197
4.941,-2.4365234375,-2.643260002904613,-2.4065234375,-2.32907
4.945,-2.43310546875,-2.640178722480192,-2.4030078125000003,-2.3259
4.949,-2.4306640625,-2.6371703717699564,-2.3995898437500003,-2.323
4.954,-2.427734375,-2.6341802534882692,-2.3962304687500002,-2.31994
4.958,-2.4248046875,-2.631190135206582,-2.39296875,-2.3169
4.963,-2.421875,-2.6282091331391673,-2.3898242187500003,-2.31387
4.967,-2.4189453125,-2.6252828283573937,-2.3867773437500004,-2.31085
4.971,-2.4150390625,-2.62235652357562,-2.38375,-2.30784
4.976,-2.41259765625,-2.619421102579574,-2.38064453125,-2.30499
4.98,-2.40869140625,-2.6163079154051943,-2.3776953125,-2.30187
4.984,-2.40576171875,-2.6133542619806,-2.37490234375,-2.29887
4.989,-2.4033203125,-2.610468980163059,-2.3720312500000005,-2.29588
4.993,-2.40087890625,-2.6074788618813702,-2.3692382812500004,-2.29289
4.998,-2.39697265625,-2.6044750692782728,-2.3664062500000003,-2.28978
5.002,-2.39404296875,-2.601370998318167,-2.3637109375000005,-2.28666
5.007,-2.39111328125,-2.5984127867864366,-2.3610742187500002,-2.28371
5.011,-2.3876953125,-2.59545001714757,-2.35849609375,-2.28076
5.016,-2.38427734375,-2.5925191542586603,-2.35599609375,-2.27783
5.02,-2.38037109375,-2.5895837332626126,-2.353515625,-2.27489
5.024,-2.37841796875,-2.5866711028022493,-2.3511328125000004,-2.27196
5.029,-2.3759765625,-2.583840518270346,-2.3487109375000004,-2.26915
5.033,-2.37255859375,-2.580932445917121,-2.3463671875000003,-2.26624
5.037,-2.36962890625,-2.5780745127423987,-2.3439648437500002,-2.26333
5.042,-2.3662109375,-2.5750707201393013,-2.3415429687500002,-2.26031
5.047,-2.3623046875,-2.571993997822016,-2.33916015625,-2.25728
5.051,-2.359375,-2.5689355079332756,-2.33689453125,-2.25429
5.056,-2.35693359375,-2.5660639004371433,-2.3346875000000002,-2.25142
5.06,-2.353515625,-2.563192292941011,-2.3324609375,-2.24857
5.064,-2.3505859375,-2.560243197623553,-2.3302539062500003,-2.24572
5.069,-2.3486328125,-2.557357915806012,-2.3281640625,-2.24287
5.073,-2.34521484375,-2.5545546799169294,-2.32609375,-2.24003
5.077,-2.3427734375,-2.551765118349257,-2.3238867187500003,-2.2372
5.082,-2.3388671875,-2.5487567676390235,-2.3217968750000004,-2.23426
5.086,-2.33544921875,-2.5459398574285306,-2.31974609375,-2.23157
5.091,-2.3330078125,-2.5430910404680827,-2.31763671875,-2.22876
5.095,-2.32958984375,-2.540228549186221,-2.315546875,-2.22594
5.1,-2.3271484375,-2.5374025227614574,-2.3134765625,-2.22314
5.104,-2.32470703125,-2.534599286872375,-2.3113671875,-2.22031
5.108,-2.3212890625,-2.5317687023404734,-2.3092773437500003,-2.21749
5.113,-2.318359375,-2.5289107691657495,-2.3072070312500004,-2.21466
5.117,-2.3154296875,-2.5260847427409843,-2.3051953125,-2.2118700000000002
5.121,-2.3115234375,-2.523322529816131,-2.3032031250000005,-2.20907
5.126,-2.30810546875,-2.520514735819912,-2.30115234375,-2.2064
5.13,-2.306640625,-2.5176932675022847,-2.299140625,-2.2036
5.134,-2.30419921875,-2.5149538451131175,-2.2971093750000002,-2.20094
5.139,-2.30126953125,-2.5121825159739917,-2.2951171875000003,-2.19815
5.143,-2.2978515625,-2.5094567679062347,-2.2931640625000003,-2.19539
5.147,-2.2958984375,-2.5067173455170657,-2.2911523437500003,-2.19262
5.152,-2.29150390625,-2.503964248806488,-2.2891601562500004,-2.18999
5.156,-2.2890625,-2.501188361560226,-2.2871484375000004,-2.18727
5.16,-2.28662109375,-2.498448939171057,-2.2850781250000005,-2.18454
5.165,-2.28271484375,-2.495622912746292,-2.28306640625,-2.18181
5.169,-2.28173828125,-2.4928743741428505,-2.2810546875,-2.17907
5.173,-2.2783203125,-2.490198765253597,-2.2790429687500002,-2.17648
5.178,-2.275390625,-2.487459342864428,-2.2768750000000004,-2.17377
5.182,-2.271484375,-2.4845148056541078,-2.2748046875,-2.17095
5.187,-2.2685546875,-2.481752592729258,-2.27275390625,-2.16822
5.191,-2.265625,-2.4789994960186785,-2.2705859375000004,-2.16553
5.196,-2.2626953125,-2.4761825858081874,-2.268359375,-2.1628
5.2,-2.25927734375,-2.47326083913355,-2.2662304687500003,-2.15996
5.205,-2.25732421875,-2.470535091065793,-2.26412109375,-2.15721
5.209,-2.25439453125,-2.4678458078551273,-2.26197265625,-2.15461
5.213,-2.251953125,-2.4651656408587375,-2.2598437500000004,-2.15187
5.217,-2.24853515625,-2.462449009005253,-2.2576171875,-2.14915
5.222,-2.24462890625,-2.459714144723222,-2.2554101562500004,-2.14653
5.226,-2.24169921875,-2.4569701642269166,-2.2531250000000003,-2.14378
5.23,-2.23876953125,-2.45417604455211,-2.25080078125,-2.14101
5.235,-2.236328125,-2.4514229478415306,-2.2485156250000005,-2.13825
5.239,-2.2333984375,-2.448665293023817,-2.24619140625,-2.13561
5.244,-2.23046875,-2.445934986848922,-2.2438867187500002,-2.13285
5.248,-2.22802734375,-2.4432092387811633,-2.2415234375,-2.1301
5.252,-2.22412109375,-2.440465258284858,-2.2391015625,-2.12735
5.257,-2.2216796875,-2.4376756967171875,-2.23662109375,-2.1246
5.261,-2.21923828125,-2.434949948649429,-2.2340625000000003,-2.12195
5.265,-2.2158203125,-2.4321284803317997,-2.2314648437500004,-2.11905
5.27,-2.21240234375,-2.4293571511926757,-2.228828125,-2.11628
5.274,-2.2099609375,-2.4265721477321396,-2.2261914062500003,-2.1135099999999998
5.279,-2.20703125,-2.423819051021562,-2.22353515625,-2.11075
5.283,-2.2041015625,-2.4210933029538033,-2.2208203125000003,-2.10811
5.287,-2.201171875,-2.4183310900289516,-2.2179687500000003,-2.10533
5.292,-2.19677734375,-2.415532412247007,-2.2150195312500003,-2.10242
5.296,-2.1943359375,-2.412596991250961,-2.2119726562500004,-2.09962
5.301,-2.19091796875,-2.409775522933332,-2.20890625,-2.0967000000000002
5.305,-2.1884765625,-2.4069768451513855,-2.2058007812500002,-2.09388
5.31,-2.18505859375,-2.404178167369441,-2.20259765625,-2.09106
5.314,-2.1826171875,-2.401352140944674,-2.1993164062500004,-2.08824
5.318,-2.17919921875,-2.398558021269867,-2.1959960937500003,-2.08541
5.323,-2.17529296875,-2.395731994845102,-2.19263671875,-2.08257
5.327,-2.17236328125,-2.3929424332774296,-2.1891210937500003,-2.07972
5.331,-2.1689453125,-2.3901072906383902,-2.1854882812500005,-2.077
5.336,-2.16650390625,-2.3872903804278973,-2.1818164062500003,-2.07413
5.34,-2.1640625,-2.3845281675030456,-2.177890625,-2.07126
5.345,-2.16064453125,-2.381683908649734,-2.1738476562500004,-2.06836
5.349,-2.1572265625,-2.378775836296507,-2.16994140625,-2.06535
5.353,-2.154296875,-2.3759543679788795,-2.16599609375,-2.06258
5.358,-2.15087890625,-2.373110109125566,-2.1620703125,-2.05955
5.362,-2.14697265625,-2.370293198915073,-2.158125,-2.05677
5.367,-2.14404296875,-2.3674124752046666,-2.15419921875,-2.05385
5.371,-2.14111328125,-2.3645591001370825,-2.1503515625,-2.05092
5.375,-2.1376953125,-2.3616601439981277,-2.146484375,-2.04798
5.38,-2.134765625,-2.35881132703768,-2.1426953125000003,-2.04517
5.384,-2.13134765625,-2.3559078127915907,-2.13892578125,-2.04223
5.388,-2.1279296875,-2.3529951823312256,-2.135234375,-2.03927
5.393,-2.1240234375,-2.350073435656588,-2.1316015625,-2.03631
5.397,-2.12158203125,-2.347179037624773,-2.1279296875,-2.03334
5.401,-2.11767578125,-2.344225384200179,-2.124296875,-2.03037
5.406,-2.115234375,-2.3412717307755866,-2.12076171875,-2.02736
5.41,-2.11181640625,-2.338349984100949,-2.11701171875,-2.02435
5.415,-2.109375,-2.3352778198908,-2.11353515625,-2.0212
5.419,-2.10546875,-2.332374305644711,-2.1100976562500002,-2.01817
5.424,-2.10205078125,-2.3294616751843478,-2.1067578125,-2.01527
5.428,-2.0986328125,-2.3265399285097104,-2.10330078125,-2.01223
5.432,-2.09423828125,-2.3234859967281096,-2.0998046875000003,-2.00919
5.437,-2.0908203125,-2.3203773676608677,-2.0964453125,-2.00598
5.441,-2.08837890625,-2.317364458843496,-2.0931640625,-2.00291
5.446,-2.08544921875,-2.314406247311764,-2.08994140625,-1.99996
5.45,-2.08203125,-2.311475384422854,-2.08669921875,-1.99687
5.454,-2.07861328125,-2.3084715918197585,-2.0834765625,-1.99376
5.459,-2.07470703125,-2.305467799216661,-2.08029296875,-1.99067
5.463,-2.0712890625,-2.3024548903992894,-2.07712890625,-1.98771
5.467,-2.0673828125,-2.299419191046235,-2.0739453125000002,-1.98459
5.472,-2.06396484375,-2.296333352514676,-2.07076171875,-1.98145
5.476,-2.06103515625,-2.293302211268756,-2.0675585937500003,-1.97832
5.48,-2.0576171875,-2.2901616754515572,-2.06439453125,-1.97515
5.485,-2.05419921875,-2.287094069348546,-2.0612500000000002,-1.97197
5.489,-2.05126953125,-2.2840036727098507,-2.05814453125,-1.96881
5.494,-2.04736328125,-2.28094974092825,-2.05501953125,-1.96565
5.498,-2.04345703125,-2.277800088896777,-2.0518554687500004,-1.96244
5.502,-2.03955078125,-2.274650436865304,-2.04875,-1.95924
5.507,-2.03662109375,-2.2715463659051984,-2.0456250000000002,-1.95604
5.511,-2.033203125,-2.268383039552317,-2.04251953125,-1.95282
5.516,-2.029296875,-2.2652425037351165,-2.03947265625,-1.94957
5.52,-2.0263671875,-2.2621703395249675,-2.0364453125,-1.94649
5.524,-2.02294921875,-2.25908450099341,-2.0334375000000002,-1.94327
5.528,-2.0205078125,-2.256016894890397,-2.03037109375,-1.94001
5.533,-2.015625,-2.2529219401445655,-2.02734375,-1.93695
5.537,-2.01171875,-2.2497677300059564,-2.0242578125,-1.93371
5.541,-2.009765625,-2.2466180779744835,-2.0211914062500003,-1.93045
5.546,-2.005859375,-2.2435140070143778,-2.01794921875,-1.92732
5.55,-2.001953125,-2.2402276117688036,-2.01490234375,-1.92394
5.555,-1.99951171875,-2.2371053083801513,-2.0118945312500003,-1.92068
5.559,-1.99560546875,-2.2340057955271817,-2.0088867187500004,-1.91756
5.563,-1.99169921875,-2.2308880502456674,-2.00580078125,-1.91434
5.568,-1.98779296875,-2.2277110495713757,-2.002734375,-1.91124
5.572,-1.984375,-2.224515816468534,-1.9995507812499997,-1.90798
5.576,-1.98046875,-2.221329699579968,-1.9963671875,-1.90472
5.581,-1.978515625,-2.2181025597271713,-1.9931640624999998,-1.90148
5.585,-1.97412109375,-2.2149118847314675,-1.98994140625,-1.89821
5.589,-1.97119140625,-2.211693861092943,-1.9867187499999999,-1.89496
5.594,-1.96728515625,-2.2084940698829687,-1.9832421875,-1.89173
5.598,-1.96337890625,-2.205098280066114,-1.9799609375000002,-1.88832
5.603,-1.95947265625,-2.2019212793918204,-1.97662109375,-1.88521
5.607,-1.95556640625,-2.1986804652176115,-1.973125,-1.88196
5.612,-1.95263671875,-2.1953302564721238,-1.9696484375,-1.87855
5.616,-1.94970703125,-2.1920848841907805,-1.96609375,-1.87527
5.62,-1.947265625,-2.188834953802301,-1.962578125,-1.87201
5.625,-1.9423828125,-2.1855667909852716,-1.95896484375,-1.86875
5.629,-1.93896484375,-2.1823259768110663,-1.9553710937500002,-1.8654600000000001
5.634,-1.93505859375,-2.179107953172542,-1.95171875,-1.8622
5.638,-1.9306640625,-2.175835232248378,-1.9480078125,-1.85893
5.642,-1.927734375,-2.172562511324214,-1.9441796875,-1.85566
5.647,-1.9248046875,-2.1692624417572297,-1.9402734375,-1.85239
5.651,-1.9208984375,-2.1659669302973814,-1.9363671875,-1.84912
5.656,-1.91796875,-2.162726116123176,-1.93244140625,-1.84584
5.66,-1.9140625,-2.159494418163243,-1.9284765625,-1.84257
5.664,-1.9111328125,-2.1562763945247188,-1.9244140625,-1.83931
5.669,-1.9072265625,-2.1530583708861943,-1.920234375,-1.8360400000000001
5.673,-1.9033203125,-2.149812998604851,-1.9157421875,-1.83294
5.678,-1.8994140625,-2.146371627716629,-1.9112109375,-1.82953
5.682,-1.896484375,-2.1430077446497293,-1.9066796874999998,-1.82613
5.686,-1.89208984375,-2.13977148858266,-1.90205078125,-1.82298
5.691,-1.88916015625,-2.136480535229948,-1.89740234375,-1.8197
5.695,-1.8857421875,-2.133248837270015,-1.8926171875,-1.81642
5.7,-1.88232421875,-2.12998979066726,-1.8877148437499998,-1.81315
5.704,-1.87939453125,-2.126767208921601,-1.8825,-1.8099
5.708,-1.875,-2.1234261163903856,-1.8772460937500002,-1.80667
5.713,-1.87158203125,-2.1201032562877185,-1.8718945312500002,-1.80327
5.717,-1.8671875,-2.1167849542921875,-1.866484375,-1.80002
5.722,-1.865234375,-2.1135851630822113,-1.8609375,-1.79691
5.726,-1.861328125,-2.110330674586594,-1.8553515624999999,-1.79368
5.73,-1.8583984375,-2.1070807441981128,-1.84978515625,-1.79044
5.735,-1.85498046875,-2.10384904623818,-1.8442773437500002,-1.78725
5.739,-1.85107421875,-2.100608232063971,-1.8389453125,-1.78392
5.743,-1.8466796875,-2.097376534104038,-1.8335742187500002,-1.78087
5.748,-1.84326171875,-2.0940445577870985,-1.8284765625000001,-1.7777
5.752,-1.84130859375,-2.0908310922557103,-1.82341796875,-1.77453
5.757,-1.83740234375,-2.087549255117274,-1.8184179687500002,-1.77136
5.761,-1.833984375,-2.0842309531217413,-1.813671875,-1.76806
5.766,-1.830078125,-2.0809126511262104,-1.80900390625,-1.76492
5.77,-1.8271484375,-2.0776855112734136,-1.80462890625,-1.76165
5.774,-1.82373046875,-2.07449483627771,-1.8003906250000001,-1.75852
5.779,-1.81982421875,-2.0712904869605975,-1.7962890624999999,-1.75569
5.783,-1.81591796875,-2.0680587890006628,-1.79228515625,-1.7524600000000001
5.787,-1.81298828125,-2.0648544396835504,-1.78837890625,-1.74936
5.792,-1.810546875,-2.0616911133306672,-1.78458984375,-1.7463899999999999
5.796,-1.80712890625,-2.058527786977784,-1.7808984375,-1.74331
5.8,-1.80419921875,-2.055369018732039,-1.77734375,-1.74023
5.805,-1.80029296875,-2.0522330410219745,-1.7739062499999998,-1.73713
5.809,-1.7958984375,-2.049065156561957,-1.77048828125,-1.73419
5.813,-1.79296875,-2.0458425748162963,-1.7671484375000002,-1.73111
5.818,-1.78955078125,-2.042674690356277,-1.76390625,-1.72801
5.822,-1.78662109375,-2.039479457253437,-1.76072265625,-1.72506
5.826,-1.783203125,-2.036284224150597,-1.7574609374999999,-1.72196
5.831,-1.7802734375,-2.032993270797885,-1.7543749999999998,-1.71874
5.835,-1.77685546875,-2.0297980376950466,-1.7513476562499999,-1.71562
5.84,-1.77294921875,-2.026575455949386,-1.74841796875,-1.71251
5.844,-1.7685546875,-2.0233665485251358,-1.74544921875,-1.70942
5.849,-1.76513671875,-2.0199798749225533,-1.7424609375,-1.70617
5.853,-1.7607421875,-2.0165521783557416,-1.73955078125,-1.70291
5.858,-1.75830078125,-2.0131746209674333,-1.736796875,-1.69966
5.862,-1.7548828125,-2.0099383649003624,-1.734140625,-1.69655
5.867,-1.751953125,-2.006761364226069,-1.7315234375,-1.69343
5.871,-1.74853515625,-2.0035934797660495,-1.728828125,-1.6903
5.876,-1.7451171875,-2.0002706196633806,-1.7262890624999998,-1.68706
5.88,-1.7412109375,-1.9970343635963115,-1.723828125,-1.68393
5.884,-1.73828125,-1.993898385886249,-1.7213671875,-1.6808
5.889,-1.734375,-1.9907441757476398,-1.7189648437499998,-1.6777
5.893,-1.73095703125,-1.987603639930441,-1.7165234374999998,-1.67473
5.898,-1.72802734375,-1.984358267649096,-1.7141796875,-1.6716
5.902,-1.72412109375,-1.9812131737247611,-1.71189453125,-1.66848
5.906,-1.720703125,-1.9780908703361089,-1.70962890625,-1.66551
5.91,-1.71826171875,-1.974945776411774,-1.70734375,-1.6623999999999999
5.915,-1.71435546875,-1.9718006824874372,-1.70515625,-1.65926
5.919,-1.71044921875,-1.9686647047773747,-1.702890625,-1.65629
5.923,-1.70751953125,-1.9654603554602605,-1.7006640624999998,-1.65319
5.928,-1.7041015625,-1.962287912893105,-1.69849609375,-1.65007
5.932,-1.70068359375,-1.9591382608616321,-1.6962890625000002,-1.64694
5.937,-1.69775390625,-1.9559658182944766,-1.6941796875,-1.64384
5.941,-1.69482421875,-1.9528480730129605,-1.6920507812499999,-1.64087
5.945,-1.69140625,-1.9497075371957617,-1.6899609374999998,-1.63775
5.95,-1.6875,-1.946562443271425,-1.6878515625000001,-1.63463
5.954,-1.68359375,-1.9433079547758076,-1.68576171875,-1.63154
5.958,-1.6796875,-1.9400990473515574,-1.6837109375000001,-1.6284399999999999
5.963,-1.67724609375,-1.9368992561415812,-1.6816406250000002,-1.62533
5.967,-1.67431640625,-1.9337541622172463,-1.67958984375,-1.62225
5.972,-1.67041015625,-1.9306045101857734,-1.67755859375,-1.61916
5.976,-1.66748046875,-1.9274685324757108,-1.6754882812499998,-1.6160700000000001
5.98,-1.66357421875,-1.9242186020872296,-1.6733984375,-1.61299
5.985,-1.66015625,-1.9209504392702037,-1.6713085937499998,-1.6098
5.989,-1.65673828125,-1.9177324156316793,-1.6692578125000002,-1.60672
5.994,-1.6533203125,-1.9145417406359755,-1.6672265625,-1.60365
5.998,-1.64990234375,-1.9114239953544612,-1.66517578125,-1.60058
6.002,-1.6474609375,-1.9082834595372606,-1.6631445312500002,-1.59752
6.007,-1.6435546875,-1.9051748304700187,-1.6611328124999998,-1.59459
6.011,-1.64111328125,-1.9020981081527335,-1.6590624999999999,-1.59154
6.016,-1.6376953125,-1.8989302236927141,-1.65703125,-1.58849
6.02,-1.63330078125,-1.8958215946254722,-1.65501953125,-1.58544
6.024,-1.63037109375,-1.8926673844868613,-1.6529296875,-1.58239
6.029,-1.626953125,-1.8895268486696626,-1.650859375,-1.57935
6.033,-1.62353515625,-1.8863863128524638,-1.64876953125,-1.57629
6.037,-1.6201171875,-1.8832093121781703,-1.6466601562499998,-1.5732300000000001
6.042,-1.61669921875,-1.8800004047539218,-1.6445507812500002,-1.5701800000000001
6.046,-1.61376953125,-1.8768416365081748,-1.64244140625,-1.56714
6.051,-1.61083984375,-1.8736874263695658,-1.6403515625,-1.56409
6.055,-1.60693359375,-1.8705924716237323,-1.6382421875,-1.56104
6.059,-1.60302734375,-1.8674473776993974,-1.63609375,-1.55799
6.064,-1.60009765625,-1.864284051346516,-1.63400390625,-1.55495
6.068,-1.5966796875,-1.8611936547078187,-1.6318359374999998,-1.55191
6.073,-1.59375,-1.8580576769977561,-1.62962890625,-1.54885
6.077,-1.58984375,-1.8548989087520127,-1.6274218749999998,-1.5458
6.081,-1.58740234375,-1.851753814827676,-1.625234375,-1.54276
6.086,-1.58447265625,-1.8486588600818425,-1.6229492187499999,-1.53972
6.09,-1.580078125,-1.8455137661575076,-1.62068359375,-1.53667
6.095,-1.576171875,-1.8423504398046244,-1.61841796875,-1.53363
6.099,-1.5732421875,-1.839219020201698,-1.61611328125,-1.5305900000000001
6.103,-1.56982421875,-1.8360556938488166,-1.6137890625,-1.5275400000000001
6.108,-1.56689453125,-1.8329379485673005,-1.6114843749999999,-1.5245
6.112,-1.56396484375,-1.8298521100357412,-1.609140625,-1.52161
6.116,-1.560546875,-1.8267845039327302,-1.60677734375,-1.51858
6.121,-1.55712890625,-1.8236849910797606,-1.604375,-1.51555
6.125,-1.5537109375,-1.8205854782267927,-1.60193359375,-1.51254
6.129,-1.55029296875,-1.8174495005167302,-1.5994921875,-1.50952
6.134,-1.54638671875,-1.814368220092307,-1.59703125,-1.50664
6.138,-1.5439453125,-1.8112869396678875,-1.59451171875,-1.50362
6.142,-1.5400390625,-1.8082147754577367,-1.5919140625,-1.50062
6.147,-1.53759765625,-1.8051061463904947,-1.58931640625,-1.49776
6.151,-1.53466796875,-1.8020385402874837,-1.58662109375,-1.49476
6.156,-1.53125,-1.798902562577421,-1.5838671875,-1.49164
6.16,-1.52734375,-1.7957711429744965,-1.58111328125,-1.48865
6.164,-1.52392578125,-1.792667072014389,-1.5783007812499998,-1.48566
6.169,-1.521484375,-1.7895857915899693,-1.57541015625,-1.48267
6.173,-1.51806640625,-1.7865181854869565,-1.5724218749999999,-1.47967
6.178,-1.5146484375,-1.7834232307411249,-1.5694531250000001,-1.47667
6.182,-1.51171875,-1.7803601827452482,-1.56634765625,-1.47381
6.186,-1.5078125,-1.777283460427963,-1.56328125,-1.47082
6.191,-1.5048828125,-1.7742432029677726,-1.5600390625000002,-1.46783
6.195,-1.5009765625,-1.7711208995791203,-1.55677734375,-1.46483
6.199,-1.498046875,-1.7680669677975196,-1.55345703125,-1.46183
6.204,-1.4951171875,-1.76504950087301,-1.55005859375,-1.4589699999999999
6.208,-1.49267578125,-1.7620548244841867,-1.54650390625,-1.4559600000000001
6.212,-1.4892578125,-1.7590282413454048,-1.54296875,-1.45296
6.217,-1.48583984375,-1.7560472392779918,-1.5393359375,-1.4501
6.221,-1.48291015625,-1.7530434466748925,-1.53564453125,-1.44712
6.225,-1.47900390625,-1.7500168635361124,-1.5317773437500002,-1.44413
6.23,-1.4765625,-1.7469492574331014,-1.5279687499999999,-1.44115
6.234,-1.4736328125,-1.74395002293714,-1.524140625,-1.43831
6.238,-1.47021484375,-1.7409462303340426,-1.5202734375,-1.43533
6.243,-1.46728515625,-1.737896856659578,-1.51638671875,-1.43221
6.247,-1.4638671875,-1.7348565991993858,-1.5126757812499998,-1.4292500000000001
6.252,-1.46044921875,-1.7318892714533813,-1.50896484375,-1.42641
6.256,-1.45703125,-1.7288854788502839,-1.50537109375,-1.4234499999999999
6.26,-1.45361328125,-1.7258816862471864,-1.501796875,-1.42049
6.265,-1.4501953125,-1.7228915679654992,-1.49822265625,-1.41768
6.269,-1.44775390625,-1.71990600779095,-1.49470703125,-1.41486
6.273,-1.44482421875,-1.7169113314021232,-1.49107421875,-1.4119000000000002
6.278,-1.44140625,-1.7137388888349676,-1.4874218750000001,-1.40881
6.282,-1.4384765625,-1.710607469232043,-1.4838476562499998,-1.4057300000000001
6.287,-1.43505859375,-1.7074669334148442,-1.480546875,-1.40266
6.291,-1.431640625,-1.7045223962045242,-1.4773046875,-1.3997000000000002
6.296,-1.42822265625,-1.7015596265656558,-1.4740234374999999,-1.3969
6.3,-1.42529296875,-1.6985558339625584,-1.47078125,-1.3939599999999999
6.304,-1.42138671875,-1.6955611575737333,-1.46759765625,-1.39103
6.309,-1.41845703125,-1.6925482487563634,-1.4643554687500002,-1.38808
6.313,-1.41552734375,-1.6895125494033092,-1.4612695312500001,-1.3851499999999999
6.317,-1.4130859375,-1.686595360835808,-1.4581640625,-1.38222
6.322,-1.40966796875,-1.6836189168755311,-1.45509765625,-1.3792900000000001
6.326,-1.4052734375,-1.680628798593844,-1.45208984375,-1.3764699999999999
6.331,-1.4033203125,-1.6776477965264291,-1.4490625000000001,-1.37354
6.335,-1.39892578125,-1.674657678244742,-1.4460546875,-1.37061
6.339,-1.396484375,-1.671626536998824,-1.44310546875,-1.36767
6.344,-1.3935546875,-1.66868655789564,-1.44009765625,-1.3647399999999998
6.348,-1.39111328125,-1.665700997721089,-1.437109375,-1.36182
6.352,-1.38720703125,-1.6626972051179916,-1.4341796875000001,-1.3588900000000002
6.357,-1.38427734375,-1.6597162030505768,-1.4312890624999999,-1.35594
6.361,-1.38232421875,-1.6567990144830773,-1.42833984375,-1.35303
6.366,-1.3779296875,-1.6538180124156643,-1.42546875,-1.3500999999999999
6.37,-1.37451171875,-1.6508825914196166,-1.4226171875,-1.34717
6.374,-1.37109375,-1.6479517285307068,-1.4197656250000001,-1.34437
6.379,-1.3681640625,-1.644970726463292,-1.41681640625,-1.34148
6.383,-1.36474609375,-1.6419167946816913,-1.41390625,-1.3385500000000001
6.388,-1.36181640625,-1.6388491885786785,-1.41095703125,-1.33549
6.392,-1.3583984375,-1.6357952567970777,-1.40794921875,-1.33244
6.397,-1.35595703125,-1.6326775115155616,-1.405078125,-1.32937
6.401,-1.35205078125,-1.6296873932338745,-1.402109375,-1.3264200000000002
6.406,-1.34912109375,-1.6265924384880428,-1.3991796875,-1.3233899999999998
6.41,-1.34521484375,-1.6235111580636197,-1.396328125,-1.3203399999999998
6.415,-1.34228515625,-1.620552946531891,-1.39353515625,-1.3175400000000002
6.419,-1.33984375,-1.6176585485000725,-1.3907226562500001,-1.3146
6.423,-1.33642578125,-1.6147276856111645,-1.387890625,-1.31168
6.428,-1.33349609375,-1.6118196132579374,-1.38509765625,-1.30887
6.432,-1.3310546875,-1.6089206571189845,-1.38228515625,-1.30592
6.436,-1.32763671875,-1.60603537530144,-1.3794726562500002,-1.30298
6.441,-1.32373046875,-1.6031364191624888,-1.37650390625,-1.30019
6.445,-1.32080078125,-1.600068813059476,-1.3736718749999999,-1.29712
6.45,-1.3173828125,-1.597124275849156,-1.3708203125,-1.2941799999999999
6.454,-1.3154296875,-1.5942116453887927,-1.36796875,-1.29125
6.458,-1.31298828125,-1.5913445959997965,-1.3651171875,-1.2883
6.463,-1.3095703125,-1.588504895253621,-1.36220703125,-1.28548
6.467,-1.30615234375,-1.5855831485789835,-1.359296875,-1.2824200000000001
6.471,-1.3017578125,-1.5826614019043461,-1.3562890625,-1.27963
6.476,-1.29931640625,-1.5796849579440693,-1.35333984375,-1.2765499999999999
6.48,-1.29638671875,-1.5767632112694336,-1.3501953125,-1.27376
6.485,-1.29296875,-1.5737229538092414,-1.3470117187500001,-1.2707000000000002
6.489,-1.28955078125,-1.570669022027639,-1.34380859375,-1.26764
6.494,-1.28759765625,-1.5676652294245432,-1.34068359375,-1.26457
6.498,-1.2841796875,-1.5648118543569556,-1.33751953125,-1.26165
6.503,-1.28125,-1.561899223896594,-1.33431640625,-1.25874
6.507,-1.27783203125,-1.5590002677576393,-1.3311132812500002,-1.2558
6.511,-1.2744140625,-1.556124102154369,-1.3277734374999999,-1.25301
6.516,-1.2705078125,-1.5531339838726836,-1.3244140625,-1.24997
6.52,-1.26904296875,-1.5502304696265945,-1.32099609375,-1.24705
6.525,-1.26611328125,-1.5473269553805036,-1.317578125,-1.2441200000000001
6.529,-1.26220703125,-1.544487254634328,-1.3141406249999998,-1.2412100000000001
6.533,-1.26025390625,-1.5416019728167853,-1.3105859375,-1.23831
6.538,-1.25634765625,-1.538766830177746,-1.3070312499999999,-1.23552
6.542,-1.25341796875,-1.535904338895886,-1.30330078125,-1.2326000000000001
6.547,-1.25048828125,-1.532964359792702,-1.2994921874999998,-1.22956
6.551,-1.24658203125,-1.5300198225823838,-1.29576171875,-1.22665
6.555,-1.244140625,-1.5271436569791135,-1.29189453125,-1.22373
6.56,-1.2412109375,-1.524308514340074,-1.2879296875,-1.22069
6.564,-1.23876953125,-1.5214505811653503,-1.28384765625,-1.21793
6.569,-1.23583984375,-1.518588089883492,-1.27966796875,-1.21501
6.573,-1.23193359375,-1.5157119242802217,-1.27548828125,-1.21209
6.577,-1.22900390625,-1.5128539911054997,-1.27115234375,-1.20916
6.582,-1.22607421875,-1.5100188484664603,-1.26671875,-1.2061000000000002
6.586,-1.22314453125,-1.5071609152917382,-1.262109375,-1.20331
6.59,-1.2197265625,-1.504257401045649,-1.2573828125,-1.2004000000000001
6.595,-1.216796875,-1.5014131421923356,-1.25259765625,-1.19748
6.599,-1.21435546875,-1.4986235806246633,-1.2476367187500002,-1.19468
6.604,-1.2109375,-1.4957793217713498,-1.2425585937499999,-1.19173
6.608,-1.20751953125,-1.4929259467037657,-1.237421875,-1.18879
6.612,-1.2041015625,-1.490077129743316,-1.231875,-1.18584
6.617,-1.201171875,-1.4871508249615424,-1.22634765625,-1.18275
6.621,-1.1982421875,-1.484315682322503,-1.22060546875,-1.17981
6.625,-1.1943359375,-1.48141672618355,-1.21482421875,-1.1768800000000001
6.63,-1.1923828125,-1.478558793008828,-1.2091601562499998,-1.17407
6.634,-1.189453125,-1.475741882798335,-1.2034375,-1.17111
6.638,-1.1865234375,-1.4728930658378854,-1.19775390625,-1.16815
6.643,-1.18359375,-1.470021458341753,-1.1922265625,-1.16517
6.647,-1.18017578125,-1.4671680832741671,-1.1869140625,-1.1622
6.652,-1.17626953125,-1.4642964757780348,-1.18166015625,-1.15924
6.656,-1.17431640625,-1.461438542603311,-1.17650390625,-1.1562999999999999
6.66,-1.17041015625,-1.45855326078577,-1.17154296875,-1.15334
6.665,-1.16796875,-1.4556862113967721,-1.166796875,-1.1503700000000001
6.669,-1.1650390625,-1.452832836329188,-1.1620703125,-1.1474
6.674,-1.16162109375,-1.4499885774758745,-1.1575585937500001,-1.14442
6.678,-1.15869140625,-1.4471397605154248,-1.15318359375,-1.14144
6.682,-1.15625,-1.4443046178763854,-1.14890625,-1.13861
6.687,-1.15283203125,-1.4414694752373478,-1.14474609375,-1.13567
6.691,-1.14990234375,-1.4385705190983948,-1.14060546875,-1.13272
6.695,-1.146484375,-1.4357034697093969,-1.13669921875,-1.1296300000000001
6.7,-1.14306640625,-1.4328409784275387,-1.1329101562500001,-1.12667
6.704,-1.140625,-1.429992161467089,-1.12923828125,-1.1238299999999999
6.709,-1.1376953125,-1.4271570188280496,-1.125625,-1.12086
6.713,-1.134765625,-1.4242945275461913,-1.12205078125,-1.1179000000000001
6.717,-1.130859375,-1.421409245728647,-1.1186328125,-1.11482
6.722,-1.12841796875,-1.4185376382325146,-1.1151953125,-1.1118700000000001
6.726,-1.125,-1.4156067753436048,-1.1119140625,-1.1089
6.731,-1.1220703125,-1.4127442840617466,-1.1087109375000002,-1.10595
6.735,-1.11962890625,-1.4098954671012969,-1.1055664062500001,-1.10298
6.74,-1.11669921875,-1.4071059055336246,-1.10255859375,-1.1000100000000002
6.744,-1.11376953125,-1.404348250715909,-1.09955078125,-1.09704
6.748,-1.10986328125,-1.4015085499697335,-1.0966796875,-1.0941
6.753,-1.10791015625,-1.3987098721877889,-1.0937890625,-1.09127
6.757,-1.10400390625,-1.3958747295487495,-1.0909570312499999,-1.0883099999999999
6.761,-1.10107421875,-1.3930532612311204,-1.08814453125,-1.08536
6.766,-1.09912109375,-1.3902500253420378,-1.085390625,-1.08239
6.77,-1.09521484375,-1.3874513475600931,-1.0826953125,-1.07942
6.774,-1.0927734375,-1.3846481116710123,-1.0800390625,-1.0764399999999998
6.779,-1.09033203125,-1.3818585501033382,-1.077421875,-1.07349
6.783,-1.08740234375,-1.3791054533927625,-1.07486328125,-1.07065
6.787,-1.08349609375,-1.3763614728964573,-1.072265625,-1.0676700000000001
6.792,-1.0810546875,-1.3735445626859644,-1.0696679687500001,-1.06468
6.796,-1.0771484375,-1.370631932225601,-1.0671484375,-1.0617
6.801,-1.07470703125,-1.3678378125507926,-1.06462890625,-1.05869
6.805,-1.07177734375,-1.3650117861260274,-1.0621484375,-1.05569
6.809,-1.0693359375,-1.3622176664512171,-1.05974609375,-1.0527
6.814,-1.06640625,-1.359482802169186,-1.05734375,-1.0497100000000001
6.818,-1.06298828125,-1.3567251473514723,-1.05498046875,-1.04671
6.822,-1.06005859375,-1.3539355857838,-1.05259765625,-1.0438399999999999
6.827,-1.05615234375,-1.3510958850376245,-1.050234375,-1.0407199999999999
6.831,-1.05322265625,-1.348251626184311,-1.0479101562500002,-1.0377100000000001
6.836,-1.05078125,-1.3454483902952301,-1.0455859375,-1.03484
6.84,-1.04736328125,-1.34258589901337,-1.04326171875,-1.03173
6.844,-1.04541015625,-1.3397963374456978,-1.0409765625,-1.02875
6.849,-1.04150390625,-1.3369976596637532,-1.0387109375,-1.02576
6.853,-1.03955078125,-1.3342263305246274,-1.0364453125,-1.02291
6.858,-1.03564453125,-1.3314550013855033,-1.0341796875,-1.01994
6.862,-1.0322265625,-1.3286335330678742,-1.03189453125,-1.0169700000000002
6.866,-1.02978515625,-1.3258120647502452,-1.0296874999999999,-1.0139900000000002
6.871,-1.0263671875,-1.3230544099325314,-1.0274414062500001,-1.0110299999999999
6.875,-1.0244140625,-1.3202785226862694,-1.0251953125,-1.00821
6.879,-1.02099609375,-1.317516309761416,-1.02298828125,-1.00525
6.884,-1.0185546875,-1.3147860035865229,-1.02076171875,-1.00229
6.888,-1.015625,-1.3120511393044918,-1.01853515625,-0.99948
6.892,-1.01220703125,-1.309293484486778,-1.01625,-0.99652
6.897,-1.0087890625,-1.306462899954873,-1.01400390625,-0.99356
6.901,-1.005859375,-1.30365054785152,-1.01171875,-0.99061
6.905,-1.00390625,-1.3008473119624373,-1.00951171875,-0.98767
6.91,-1.00048828125,-1.2981170057875424,-1.00728515625,-0.98471
6.914,-0.998046875,-1.2954094901483302,-1.005078125,-0.98189
6.918,-0.9951171875,-1.2926974164019853,-1.0028515625,-0.97894
6.923,-0.9921875,-1.289994458869911,-1.0006054687500001,-0.97611
6.927,-0.98876953125,-1.2872687108021506,-0.9983203125,-0.97316
6.931,-0.98583984375,-1.2844928235558903,-0.9960546875,-0.97034
6.936,-0.9833984375,-1.2817761917024058,-0.9937695312499999,-0.96739
6.94,-0.9814453125,-1.2790641179560573,-0.99142578125,-0.96457
6.944,-0.9775390625,-1.276320137459754,-0.98916015625,-0.96163
6.949,-0.974609375,-1.2735715988563108,-0.9867578125,-0.95869
6.953,-0.97119140625,-1.270804827824323,-0.9844140625,-0.95574
6.957,-0.9677734375,-1.2680198243637886,-0.9820312499999999,-0.9528
6.962,-0.9658203125,-1.2652712857603472,-0.97962890625,-0.94986
6.966,-0.962890625,-1.2625181890497679,-0.9771875,-0.94704
6.97,-0.95947265625,-1.25975141801778,-0.9747265625000001,-0.94409
6.975,-0.95703125,-1.256975530771518,-0.9722656249999999,-0.94116
6.979,-0.95458984375,-1.2542361083823508,-0.9698437500000001,-0.93822
6.984,-0.951171875,-1.251555941385961,-0.96728515625,-0.9352499999999999
6.988,-0.94775390625,-1.248780054139699,-0.96478515625,-0.9323300000000001
6.992,-0.9453125,-1.2460543060719402,-0.9620703125,-0.9295199999999999
6.997,-0.9423828125,-1.2432100472186285,-0.959453125,-0.9264399999999999
7.001,-0.939453125,-1.2404751829365956,-0.95677734375,-0.9234899999999999
7.006,-0.93701171875,-1.2376992956903354,-0.9540039062499999,-0.9205700000000001
7.01,-0.93359375,-1.2349689895154405,-0.9512499999999999,-0.9176200000000001
7.014,-0.93115234375,-1.2322432414476836,-0.948515625,-0.9146700000000001
7.019,-0.927734375,-1.2295494001298835,-0.94568359375,-0.9117299999999999
7.023,-0.9248046875,-1.2268054196335783,-0.9428125,-0.90893
7.027,-0.921875,-1.2240887877800937,-0.9398242187499999,-0.9059900000000001
7.032,-0.91943359375,-1.2213539234980626,-0.9367578125,-0.9030400000000001
7.036,-0.91650390625,-1.218591710573211,-0.9336914062499999,-0.90011
7.041,-0.9130859375,-1.2158294976483575,-0.93044921875,-0.89716
7.045,-0.91064453125,-1.2130627266163696,-0.92724609375,-0.89408
7.049,-0.90771484375,-1.2103369785486127,-0.9240234375,-0.8911500000000001
7.054,-0.90478515625,-1.2076294629094022,-0.92072265625,-0.8882300000000001
7.058,-0.90185546875,-1.2049401796987382,-0.91732421875,-0.88541
7.062,-0.8984375,-1.2021916410952969,-0.9138671875,-0.8824700000000001
7.067,-0.89599609375,-1.1994795673489484,-0.91033203125,-0.8795599999999999
7.071,-0.89306640625,-1.1967902841382845,-0.90654296875,-0.87663
7.076,-0.89013671875,-1.1940007225706122,-0.9027734374999999,-0.8736999999999999
7.08,-0.8876953125,-1.1912749745028552,-0.8989843750000001,-0.87079
7.084,-0.88525390625,-1.1885674588636448,-0.89501953125,-0.86789
7.089,-0.8818359375,-1.1858690594387067,-0.89119140625,-0.86497
7.093,-0.87939453125,-1.183234473513684,-0.88724609375,-0.86206
7.097,-0.8759765625,-1.180540632195882,-0.8832421874999999,-0.85918
7.102,-0.8740234375,-1.1778194422352612,-0.8794140625,-0.8562799999999999
7.106,-0.87060546875,-1.1751711819888282,-0.8755078125,-0.85338
7.111,-0.8681640625,-1.1724864568853004,-0.87173828125,-0.85063
7.115,-0.86572265625,-1.1698564290674138,-0.868046875,-0.8477600000000001
7.119,-0.86328125,-1.1672719823208944,-0.8644140625,-0.845
7.124,-0.859375,-1.1646601869315543,-0.8608203125,-0.8421000000000001
7.128,-0.8564453125,-1.1620256010065315,-0.85697265625,-0.83924
7.133,-0.85302734375,-1.159135761081851,-0.8532031250000001,-0.83623
7.137,-0.8505859375,-1.1563188508713598,-0.8496484375,-0.83321
7.142,-0.84765625,-1.153634125767832,-0.84619140625,-0.83032
7.146,-0.8447265625,-1.1509721911999886,-0.84279296875,-0.8274600000000001
7.15,-0.84228515625,-1.148333047167828,-0.83939453125,-0.8247
7.155,-0.84033203125,-1.1456528801714363,-0.83609375,-0.8218000000000001
7.159,-0.83740234375,-1.1430319685678239,-0.83275390625,-0.8189200000000001
7.163,-0.833984375,-1.1403654758928443,-0.8294921874999999,-0.8160400000000001
7.168,-0.83056640625,-1.1376761926821786,-0.82619140625,-0.81314
7.172,-0.828125,-1.1349504446144216,-0.8228125,-0.81012
7.177,-0.82470703125,-1.1321380925110667,-0.81943359375,-0.80711
7.182,-0.82177734375,-1.1292938336577532,-0.8161328125,-0.8040799999999999
7.186,-0.81884765625,-1.1264632491258517,-0.81296875,-0.8010299999999999
7.191,-0.81640625,-1.12378308212946,-0.80990234375,-0.7980100000000001
7.195,-0.81396484375,-1.1211439380972994,-0.80689453125,-0.7950999999999999
7.199,-0.81005859375,-1.118523026493687,-0.80390625,-0.7922899999999999
7.204,-0.8076171875,-1.115874766247254,-0.80095703125,-0.7893699999999999
7.208,-0.8046875,-1.113262970857912,-0.79802734375,-0.7866
7.212,-0.80224609375,-1.110660291682846,-0.79505859375,-0.7836700000000001
7.217,-0.798828125,-1.107980124686458,-0.79212890625,-0.7807200000000001
7.221,-0.796875,-1.1053956779399368,-0.7891796875000001,-0.77792
7.225,-0.79345703125,-1.1027337433720934,-0.7862890625,-0.7749699999999999
7.23,-0.791015625,-1.0999988790900623,-0.78333984375,-0.7718700000000001
7.234,-0.7880859375,-1.0974144323435429,-0.78041015625,-0.76905
7.238,-0.7841796875,-1.094729707240015,-0.77755859375,-0.76613
7.243,-0.78125,-1.0920540983507614,-0.7746875,-0.7631699999999999
7.247,-0.7783203125,-1.0893648151400974,-0.77181640625,-0.7602
7.251,-0.7763671875,-1.0867074386793902,-0.76892578125,-0.7572300000000001
7.256,-0.77294921875,-1.0840455041115469,-0.76615234375,-0.75441
7.26,-0.77001953125,-1.0813835695437017,-0.76330078125,-0.75142
7.264,-0.7666015625,-1.0786942863330395,-0.7605078125,-0.74844
7.269,-0.76416015625,-1.0760369098723324,-0.7576953125,-0.74563
7.273,-0.7607421875,-1.0733385104473943,-0.75484375,-0.7426699999999999
7.277,-0.7578125,-1.07063555291532,-0.7520117187500001,-0.73969
7.282,-0.75439453125,-1.0679098048475613,-0.749140625,-0.73685
7.286,-0.75244140625,-1.0651521500298458,-0.7462695312500001,-0.7337499999999999
7.291,-0.75,-1.0624719830334577,-0.74341796875,-0.7307600000000001
7.295,-0.7470703125,-1.059791816037066,-0.740625,-0.7279199999999999
7.299,-0.7431640625,-1.0571207652549486,-0.7378125,-0.7249700000000001
7.304,-0.740234375,-1.0544360401514208,-0.735,-0.72214
7.308,-0.7373046875,-1.051755873155031,-0.73216796875,-0.71915
7.312,-0.73486328125,-1.049062031837229,-0.7293359375,-0.7163200000000001
7.316,-0.73193359375,-1.0463909810551115,-0.726484375,-0.7133400000000001
7.321,-0.7294921875,-1.0437153721658596,-0.72361328125,-0.7103299999999999
7.325,-0.72607421875,-1.0410260889551939,-0.7206640625,-0.70749
7.33,-0.72314453125,-1.0382547598160698,-0.71779296875,-0.7043999999999999
7.334,-0.7197265625,-1.0355654766054059,-0.71490234375,-0.7015499999999999
7.338,-0.71728515625,-1.032880751501878,-0.711953125,-0.69869
7.342,-0.71435546875,-1.030191468291214,-0.7089453125,-0.69571
7.347,-0.71142578125,-1.0274520459020469,-0.7059375,-0.6927099999999999
7.351,-0.7080078125,-1.0247490883699726,-0.702265625,-0.6898200000000001
7.356,-0.7041015625,-1.0214216701601675,-0.6985937499999999,-0.68615
7.362,-0.70166015625,-1.017861788486389,-0.69509765625,-0.6823699999999999
7.366,-0.6982421875,-1.0151497147400423,-0.691953125,-0.67936
7.371,-0.69482421875,-1.0124513153151042,-0.6887695312500001,-0.67651
7.375,-0.69189453125,-1.0096891023902526,-0.6855078125,-0.67353
7.379,-0.68896484375,-1.0069451218939474,-0.682265625,-0.6705000000000001
7.384,-0.68603515625,-1.004237606254737,-0.67896484375,-0.6675
7.388,-0.6826171875,-1.00151185818698,-0.6755859375,-0.66466
7.392,-0.6796875,-0.9987542033692662,-0.6722070312499999,-0.66168
7.397,-0.67626953125,-0.9960147809800972,-0.6687890624999999,-0.65879
7.401,-0.6748046875,-0.9932844748052023,-0.6653125,-0.6557999999999999
7.405,-0.67138671875,-0.9905860753802642,-0.66173828125,-0.6529100000000001
7.41,-0.66845703125,-0.987842094883959,-0.658125,-0.6498600000000001
7.414,-0.6650390625,-0.9850798819591091,-0.6544140625,-0.6468400000000001
7.418,-0.66064453125,-0.982294878498573,-0.65068359375,-0.6439600000000001
7.423,-0.65869140625,-0.9795098750380387,-0.646875,-0.6409499999999999
7.427,-0.65576171875,-0.9767248715775025,-0.642890625,-0.6378999999999999
7.431,-0.65283203125,-0.9739444262241044,-0.6389453125,-0.63503
7.436,-0.650390625,-0.971200445727801,-0.6349414062500001,-0.6319999999999999
7.44,-0.646484375,-0.9684473490172216,-0.630703125,-0.6289100000000001
7.444,-0.64404296875,-0.9656441131281408,-0.62642578125,-0.6260000000000001
7.449,-0.640625,-0.9628636677747409,-0.62208984375,-0.6229800000000001
7.453,-0.638671875,-0.9601151291712995,-0.6173828125,-0.61995
7.457,-0.63427734375,-0.9572252892466206,-0.61267578125,-0.6167800000000001
7.462,-0.6318359375,-0.9543491236433503,-0.6079296875,-0.6135999999999999
7.466,-0.62841796875,-0.9515732363970884,-0.60310546875,-0.6106499999999999
7.47,-0.6259765625,-0.9487927910436902,-0.59818359375,-0.6075600000000001
7.475,-0.6220703125,-0.9460032294760197,-0.5930078125,-0.6045100000000001
7.479,-0.619140625,-0.9431772030512544,-0.58779296875,-0.6015999999999999
7.483,-0.61669921875,-0.9403921995907183,-0.58240234375,-0.5985199999999999
7.488,-0.61279296875,-0.9375889637016357,-0.5769140625,-0.59545
7.492,-0.6103515625,-0.9347720534911446,-0.5714453125,-0.5925400000000001
7.496,-0.60791015625,-0.9319824919234723,-0.56609375,-0.5894600000000001
7.501,-0.60400390625,-0.9292066046772103,-0.5607226562500001,-0.58633
7.505,-0.6005859375,-0.9263714620381727,-0.5554492187500001,-0.58342
7.509,-0.59765625,-0.9235499937205418,-0.55041015625,-0.58037
7.514,-0.5947265625,-0.9207330835100489,-0.5453515625,-0.57727
7.518,-0.591796875,-0.9179207314066957,-0.5404296875,-0.57437
7.522,-0.587890625,-0.9150354495891513,-0.53560546875,-0.57132
7.527,-0.5859375,-0.9121729583072931,-0.531015625,-0.56823
7.531,-0.5830078125,-0.9093833967396208,-0.5266015625,-0.5652600000000001
7.535,-0.57958984375,-0.9066029513862208,-0.52232421875,-0.5622199999999999
7.54,-0.576171875,-0.9037723668543194,-0.51806640625,-0.55932
7.544,-0.5732421875,-0.9009463404295541,-0.51388671875,-0.5562400000000001
7.548,-0.56982421875,-0.8980610586120115,-0.5099218750000001,-0.55318
7.553,-0.5673828125,-0.8952350321872462,-0.50595703125,-0.55027
7.557,-0.56396484375,-0.8923497503697018,-0.5021289062500001,-0.5471999999999999
7.561,-0.56005859375,-0.8894325618022023,-0.4984375,-0.5441199999999999
7.566,-0.55810546875,-0.8865427218775235,-0.49478515624999997,-0.54111
7.57,-0.5546875,-0.8836300914171602,-0.491328125,-0.53792
7.575,-0.5517578125,-0.8807949487781208,-0.4879492187500001,-0.5349999999999999
7.579,-0.5478515625,-0.8779506899248073,-0.484609375,-0.53197
7.583,-0.54541015625,-0.8750654081072646,-0.48130859375,-0.52894
7.588,-0.5419921875,-0.8721618938611755,-0.4781640625,-0.5258700000000001
7.592,-0.5400390625,-0.8693313093292723,-0.47509765625,-0.5229600000000001
7.596,-0.53662109375,-0.8665143991187811,-0.47212890625000004,-0.51997
7.601,-0.533203125,-0.86369748890829,-0.46916015625000007,-0.5169300000000001
7.605,-0.52978515625,-0.8608213233050197,-0.46630859375,-0.51403
7.609,-0.5263671875,-0.8579679482374338,-0.46343749999999995,-0.51101
7.614,-0.52392578125,-0.8550917826341635,-0.46064453125000004,-0.5079800000000001
7.618,-0.52099609375,-0.8522201751380312,-0.45794921875000005,-0.5049300000000001
7.622,-0.51806640625,-0.8494169392489486,-0.45523437499999997,-0.5020500000000001
7.627,-0.5146484375,-0.8465590060742265,-0.45259765625000004,-0.49906000000000006
7.631,-0.51123046875,-0.8436873985780924,-0.45001953125000005,-0.49618000000000007
7.635,-0.50830078125,-0.8408249072962342,-0.44744140625000006,-0.49316000000000004
7.64,-0.505859375,-0.8379760903357845,-0.4449609375,-0.49015999999999993
7.644,-0.50244140625,-0.8351546220181554,-0.44240234375,-0.48726
7.648,-0.49951171875,-0.832232875343518,-0.4399609375,-0.4842200000000001
7.653,-0.4970703125,-0.8294114070258907,-0.43755859375000006,-0.4812099999999999
7.657,-0.49267578125,-0.8265808224939875,-0.43515625,-0.47836999999999996
7.661,-0.490234375,-0.8236727501407604,-0.43283203125,-0.47534999999999994
7.666,-0.48779296875,-0.8208649561445434,-0.43052734375,-0.47235000000000005
7.67,-0.48388671875,-0.8180024648626834,-0.42822265625,-0.46936
7.674,-0.4814453125,-0.815167322223644,-0.42595703125000006,-0.46648
7.679,-0.4775390625,-0.8123093890489219,-0.4237109375,-0.46346
7.683,-0.47607421875,-0.8094879207312928,-0.42150390625,-0.4605999999999999
7.687,-0.47265625,-0.806716591592167,-0.41935546874999996,-0.45763
7.691,-0.46923828125,-0.8038860070602656,-0.41708984375,-0.45477999999999996
7.696,-0.4658203125,-0.8009870509213126,-0.41496093749999996,-0.45181000000000004
7.7,-0.46240234375,-0.7981382339608629,-0.41279296875000004,-0.44884999999999997
7.704,-0.45947265625,-0.7952711845718667,-0.41068359375,-0.44588000000000005
7.709,-0.45654296875,-0.792426925718555,-0.40863281250000005,-0.44301999999999997
7.713,-0.45458984375,-0.7896145736151983,-0.40658203125000003,-0.44006999999999996
7.717,-0.45068359375,-0.7867839890832968,-0.40451171875,-0.43727000000000005
7.722,-0.4482421875,-0.7839488464442574,-0.40248046875,-0.43431
7.726,-0.44482421875,-0.7811228200194922,-0.40046875000000004,-0.4313800000000001
7.73,-0.44189453125,-0.7782740030590425,-0.39839843750000004,-0.42857999999999996
7.735,-0.43798828125,-0.7754069536700463,-0.39632812500000003,-0.42562999999999995
7.739,-0.43603515625,-0.7725581367095966,-0.3942578125,-0.4226700000000001
7.743,-0.4326171875,-0.7696500643563713,-0.39220703125,-0.41974
7.748,-0.4306640625,-0.7668194798244681,-0.39021484375000004,-0.41681999999999997
7.752,-0.42724609375,-0.7640390344710699,-0.38822265625,-0.4140299999999999
7.756,-0.42431640625,-0.7612631472248079,-0.3862109375,-0.41111999999999993
7.761,-0.4208984375,-0.7584599113357271,-0.38421875000000005,-0.40835
7.765,-0.41748046875,-0.7555700714110465,-0.38216796875000003,-0.4054200000000001
7.769,-0.4140625,-0.752739486879145,-0.38017578125,-0.4025000000000001
7.774,-0.41259765625,-0.7499408090971986,-0.3781640625,-0.39971
7.778,-0.4091796875,-0.7471512475295263,-0.37615234375,-0.3968100000000001
7.782,-0.40576171875,-0.7443297792118972,-0.37419921875000006,-0.3940300000000001
7.787,-0.4033203125,-0.7415402176442267,-0.3721875,-0.39114000000000004
7.791,-0.39990234375,-0.73872786554087,-0.37019531250000004,-0.3882399999999999
7.795,-0.39599609375,-0.7359063972232427,-0.36818359375,-0.38545000000000007
7.8,-0.3935546875,-0.7330758126913395,-0.36617187500000004,-0.38253000000000004
7.804,-0.3916015625,-0.7302862511236672,-0.364140625,-0.37975000000000003
7.808,-0.3876953125,-0.7274647828060381,-0.3620703125,-0.37684000000000006
7.813,-0.38427734375,-0.7245977334170419,-0.36003906250000006,-0.37392000000000003
7.817,-0.38134765625,-0.7217625907780025,-0.35802734375,-0.37102999999999997
7.821,-0.37890625,-0.7189502386746476,-0.35595703125,-0.36824999999999997
7.826,-0.375,-0.716110537928472,-0.35388671875,-0.36532999999999993
7.83,-0.37255859375,-0.7132753952894326,-0.35181640625,-0.36253
7.834,-0.36865234375,-0.7104356945432571,-0.3496484375,-0.35962000000000005
7.839,-0.36572265625,-0.7075048316543473,-0.34750000000000003,-0.3567100000000001
7.843,-0.36279296875,-0.704628666051077,-0.3453515625,-0.35379000000000005
7.847,-0.35986328125,-0.7017525004478085,-0.34318359374999996,-0.3509
7.852,-0.357421875,-0.6988854510588123,-0.34103515625,-0.34799
7.856,-0.353515625,-0.6960275178840885,-0.33882812500000004,-0.3450599999999999
7.861,-0.35009765625,-0.6931422360665476,-0.3366015625,-0.34213000000000005
7.865,-0.34716796875,-0.6902660704632773,-0.33435546875,-0.33921
7.869,-0.34423828125,-0.6873671143243225,-0.33210937500000004,-0.33627000000000007
7.874,-0.34130859375,-0.6845410878995573,-0.3298828125,-0.33346999999999993
7.878,-0.33837890625,-0.6817241776890643,-0.3276171875,-0.3305499999999999
7.882,-0.33447265625,-0.6788799188357544,-0.3253125,-0.32776000000000005
7.886,-0.33154296875,-0.6760083113396202,-0.32294921875000004,-0.3247899999999999
7.891,-0.328125,-0.6731230295220776,-0.32060546875000007,-0.32199
7.895,-0.3251953125,-0.6702377477045349,-0.31816406250000007,-0.31904
7.899,-0.322265625,-0.6673570239941284,-0.31572265625000007,-0.31609
7.904,-0.318359375,-0.6644763002837237,-0.3132421875,-0.31325000000000003
7.908,-0.31640625,-0.6615682279304966,-0.310703125,-0.31031999999999993
7.912,-0.3134765625,-0.6587102947557728,-0.30818359375000004,-0.3073699999999999
7.917,-0.310546875,-0.6558797102238714,-0.30560546875000005,-0.30454000000000003
7.921,-0.306640625,-0.6529853121920528,-0.302890625,-0.30157999999999996
7.925,-0.3037109375,-0.6500817979459637,-0.30013671875000003,-0.29862999999999995
7.93,-0.2998046875,-0.6471691674856022,-0.29734375,-0.29566000000000003
7.934,-0.29736328125,-0.6442428627038268,-0.2944921875,-0.29281
7.938,-0.29345703125,-0.641311999814917,-0.2916015625,-0.28987000000000007
7.943,-0.29150390625,-0.6384130436759659,-0.28865234375000004,-0.28689999999999993
7.947,-0.2880859375,-0.6354821807870543,-0.285625,-0.28393
7.952,-0.28466796875,-0.6325786665409634,-0.28261718750000003,-0.28095000000000003
7.956,-0.2802734375,-0.6296569198663278,-0.27947265625000006,-0.27814000000000005
7.96,-0.27734375,-0.6266713596917768,-0.27615234375000003,-0.27513999999999994
7.965,-0.27490234375,-0.6236675670886793,-0.27287109375,-0.27215999999999996
7.969,-0.271484375,-0.6207230298783593,-0.26947265625000005,-0.26919000000000004
7.973,-0.2685546875,-0.6177511440252186,-0.26611328125,-0.26622999999999997
7.978,-0.265625,-0.6148704203148121,-0.26263671875000005,-0.2632399999999999
7.982,-0.26220703125,-0.611925883104492,-0.25900390625,-0.2602899999999999
7.987,-0.2578125,-0.6089175323942566,-0.25533203125000004,-0.25732
7.991,-0.2548828125,-0.605909181684023,-0.2515625,-0.25432999999999995
7.995,-0.25146484375,-0.6028780404381049,-0.2478515625,-0.2513399999999999
8.0,-0.2490234375,-0.5999198289063745,-0.24408203125000003,-0.24835999999999991
8.004,-0.24462890625,-0.5969205944104132,-0.24029296875000003,-0.2453700000000001
8.009,-0.2421875,-0.5938940112716313,-0.23660156250000003,-0.2423599999999999
8.013,-0.2392578125,-0.5909038929899442,-0.23271484375,-0.2394099999999999
8.018,-0.23486328125,-0.5877314504227886,-0.22890625000000003,-0.23628000000000005
8.022,-0.232421875,-0.5846000308198622,-0.22521484375,-0.23313000000000006
8.027,-0.22802734375,-0.5814868436454823,-0.22158203125000003,-0.22998000000000007
8.031,-0.22412109375,-0.5784374699710195,-0.21808593750000002,-0.22697999999999996
8.035,-0.2216796875,-0.5754154449393738,-0.21462890625000003,-0.22407
8.04,-0.21875,-0.5723615131577731,-0.21111328125,-0.22093000000000007
8.044,-0.21533203125,-0.5693166975904447,-0.20775390625,-0.2179200000000001
8.049,-0.212890625,-0.5663584860587143,-0.20443359375000003,-0.2149000000000001
8.053,-0.20849609375,-0.563363809669891,-0.20109375000000002,-0.2119899999999999
8.057,-0.205078125,-0.5602642968169214,-0.19791015625000002,-0.20886000000000005
8.062,-0.2021484375,-0.557306085285191,-0.19470703125000002,-0.20594
8.066,-0.197265625,-0.5542430372893161,-0.19154296875000001,-0.20289000000000001
8.07,-0.1953125,-0.5511799892934413,-0.1884375,-0.19984000000000002
8.075,-0.19091796875,-0.5481078250832923,-0.18527343750000003,-0.19680000000000009
8.079,-0.1884765625,-0.5450265446588709,-0.18220703125,-0.19372999999999996
8.084,-0.185546875,-0.541999961520089,-0.17921875,-0.19069000000000003
8.088,-0.1826171875,-0.5390098432384018,-0.17626953125000003,-0.1878200000000001
8.092,-0.17822265625,-0.5360060506353044,-0.173359375,-0.1847399999999999
8.097,-0.1748046875,-0.5329566769608398,-0.17039062500000002,-0.1818200000000001
8.101,-0.17041015625,-0.5298389316793237,-0.16746093750000002,-0.1787700000000001
8.105,-0.16845703125,-0.5267166282906715,-0.16455078125000003,-0.1757200000000001
8.11,-0.1650390625,-0.523585208687745,-0.16160156250000002,-0.17249000000000003
8.114,-0.16162109375,-0.5204446728705463,-0.15869140625000003,-0.16945999999999994
8.119,-0.15869140625,-0.5173770667675353,-0.15582031250000003,-0.16640999999999995
8.123,-0.15478515625,-0.5142365309503365,-0.15291015625,-0.1633500000000001
8.128,-0.15234375,-0.5111005532402721,-0.150078125,-0.16015000000000001
8.132,-0.14794921875,-0.5080010403873043,-0.14720703125,-0.15711999999999993
8.136,-0.1435546875,-0.5048012491773282,-0.1443359375,-0.15402000000000005
8.141,-0.14111328125,-0.5016743876815379,-0.14154296875000003,-0.15093
8.145,-0.1376953125,-0.4985566424000236,-0.13876953125000002,-0.14785000000000004
8.15,-0.13427734375,-0.4954844781898746,-0.13591796875,-0.14476
8.154,-0.130859375,-0.49230291940844495,-0.13314453125000003,-0.14165000000000005
8.158,-0.1279296875,-0.4891760579126565,-0.130390625,-0.1386099999999999
8.163,-0.12451171875,-0.4861084518096437,-0.12767578125,-0.13552999999999993
8.167,-0.12109375,-0.4830180551709482,-0.12490234375000002,-0.13241999999999998
8.172,-0.11767578125,-0.4798273801752462,-0.12205078125000002,-0.12919999999999998
8.176,-0.1142578125,-0.4766367051795424,-0.11923828125000002,-0.12610999999999994
8.181,-0.1103515625,-0.4734369139695662,-0.11642578125000003,-0.12287000000000003
8.185,-0.10693359375,-0.47022800654531594,-0.11357421875000001,-0.11979000000000006
8.19,-0.1064453125,-0.4671011450495275,-0.11154296875000003,-0.11663000000000001
8.194,-0.111328125,-0.4642933510533087,-0.11074218750000002,-0.11393000000000009
8.198,-0.1142578125,-0.4618547637351629,-0.11076171875000002,-0.11193999999999993
8.203,-0.1181640625,-0.45974436013086173,-0.11144531250000002,-0.1104400000000001
8.207,-0.1220703125,-0.4579165591690382,-0.11269531250000002,-0.10948000000000002
8.212,-0.12548828125,-0.45630754734977685,-0.11427734375000001,-0.10897000000000001
8.216,-0.1298828125,-0.455049509780042,-0.11621093750000003,-0.10908999999999991
8.221,-0.1328125,-0.45401481946000644,-0.11833984375000002,-0.10976000000000008
8.225,-0.1357421875,-0.4532125926039452,-0.12060546875000003,-0.11085999999999996
8.229,-0.13916015625,-0.45261092246189794,-0.12302734375000002,-0.11254000000000008
8.234,-0.14306640625,-0.4522143671410044,-0.1255078125,-0.11478999999999995
8.238,-0.1455078125,-0.4520046942127136,-0.12808593750000002,-0.11755000000000004
8.242,-0.15087890625,-0.45200013610557743,-0.13076171875000003,-0.12081000000000008
8.247,-0.154296875,-0.4522143671410044,-0.13353515625,-0.12386000000000008
8.251,-0.15771484375,-0.4525881319262153,-0.13646484375,-0.12718000000000007
8.256,-0.1611328125,-0.45314877910403073,-0.13949218750000003,-0.13054999999999994
8.261,-0.1640625,-0.4538507276030863,-0.14246093750000002,-0.13388
8.265,-0.1689453125,-0.4546620706734217,-0.14535156250000003,-0.1371199999999999
8.269,-0.171875,-0.4556329474935428,-0.14828125000000003,-0.14029000000000003
8.274,-0.1748046875,-0.4567041026706713,-0.15136718750000003,-0.14366999999999996
8.278,-0.1796875,-0.4579575821332691,-0.15431640625,-0.14704000000000006
8.283,-0.18310546875,-0.459297665631464,-0.15736328125000001,-0.15026000000000006
8.287,-0.1865234375,-0.4607471437009405,-0.16044921875,-0.15348000000000006
8.292,-0.189453125,-0.46229234202028824,-0.16351562500000003,-0.15673000000000004
8.296,-0.19384765625,-0.4639195862680978,-0.16656250000000003,-0.1600999999999999
8.3,-0.19677734375,-0.46560608590868213,-0.16964843750000003,-0.1633500000000001
8.305,-0.20068359375,-0.46738830579914037,-0.17271484375,-0.16643999999999992
8.309,-0.2041015625,-0.46922978108237423,-0.17583984375000003,-0.16965999999999992
8.313,-0.20751953125,-0.4711760928297526,-0.17900390625,-0.17287000000000008
8.318,-0.2109375,-0.47319533429132044,-0.18226562500000001,-0.17613999999999996
8.322,-0.21435546875,-0.4752601568242536,-0.18564453125000002,-0.1793499999999999
8.327,-0.21923828125,-0.4774936293212466,-0.188984375,-0.18260999999999994
8.331,-0.22265625,-0.479768124782467,-0.19230468750000002,-0.18585999999999991
8.335,-0.224609375,-0.4820152716008703,-0.19562500000000002,-0.18911999999999995
8.34,-0.22900390625,-0.48428976706209426,-0.19906250000000003,-0.19219000000000008
8.344,-0.2314453125,-0.48667821520173327,-0.2025,-0.19544000000000006
8.348,-0.23681640625,-0.4890757795556482,-0.20603515625000002,-0.1986699999999999
8.353,-0.23974609375,-0.4915827384808438,-0.20966796875000002,-0.2018899999999999
8.357,-0.2431640625,-0.49412616226313233,-0.21328125000000003,-0.20514999999999994
8.361,-0.24658203125,-0.49667414415255706,-0.21718750000000003,-0.2082600000000001
8.366,-0.25048828125,-0.4994135665417261,-0.22119140625000003,-0.21165000000000012
8.371,-0.25439453125,-0.5021985700022622,-0.22505859375000004,-0.21503000000000005
8.375,-0.2568359375,-0.504878736998652,-0.22912109375,-0.21828000000000003
8.379,-0.26123046875,-0.5076500661377779,-0.23322265625000002,-0.22163
8.384,-0.26416015625,-0.510466976348269,-0.23738281250000004,-0.22486000000000006
8.388,-0.267578125,-0.513293002773036,-0.24146484375000002,-0.22822999999999993
8.393,-0.271484375,-0.5161235873049375,-0.2455078125,-0.23146
8.397,-0.27490234375,-0.518913148872608,-0.24951171875,-0.23469000000000007
8.402,-0.279296875,-0.5217437334045112,-0.25345703125,-0.23792999999999997
8.406,-0.28173828125,-0.5246198990077815,-0.2573046875,-0.2410000000000001
8.41,-0.28515625,-0.5274869483967777,-0.26117187500000005,-0.24421000000000004
8.415,-0.28857421875,-0.5303859045357306,-0.2648828125,-0.24743000000000004
8.419,-0.2919921875,-0.533257512031863,-0.26845703125000003,-0.25062000000000006
8.423,-0.29638671875,-0.5361747005993625,-0.27205078125000004,-0.25378999999999996
8.428,-0.2998046875,-0.5391557026667773,-0.2755078125,-0.2569999999999999
8.432,-0.30322265625,-0.5421093560913697,-0.27896484375,-0.26004000000000005
8.436,-0.3056640625,-0.5450949162659207,-0.28232421875,-0.2632399999999999
8.441,-0.3095703125,-0.5480394534762425,-0.28558593750000005,-0.26644
8.445,-0.3125,-0.5510158974365194,-0.28884765625000003,-0.26963000000000004
8.45,-0.31591796875,-0.5540196900396168,-0.29203125,-0.27279999999999993
8.454,-0.3203125,-0.5571602258568156,-0.2952734375,-0.27613
8.458,-0.32373046875,-0.5602095995312819,-0.29830078125000004,-0.2793399999999999
8.463,-0.32763671875,-0.5632680894200188,-0.30126953125,-0.28235999999999994
8.467,-0.33056640625,-0.5663265793087575,-0.30423828125,-0.28557999999999995
8.472,-0.33349609375,-0.5694124178403168,-0.30712890625,-0.28879999999999995
8.476,-0.337890625,-0.5724754658361917,-0.309921875,-0.29201999999999995
8.48,-0.34033203125,-0.5755430719392027,-0.31267578125,-0.29521
8.485,-0.34326171875,-0.5785833293993932,-0.3153515625,-0.29844000000000004
8.489,-0.3466796875,-0.581614470645313,-0.31810546875,-0.3014699999999999
8.493,-0.35107421875,-0.5847823551053324,-0.32080078125,-0.3048200000000001
8.498,-0.3544921875,-0.5879092166011191,-0.32337890625,-0.30803
8.502,-0.35791015625,-0.5909996132398163,-0.3260546875,-0.31123999999999996
8.507,-0.36181640625,-0.5942951246996646,-0.32865234374999996,-0.3145800000000001
8.511,-0.3642578125,-0.5974903578025028,-0.3312890625,-0.31779
8.516,-0.3681640625,-0.6007357300838478,-0.33375,-0.3211299999999999
8.52,-0.37158203125,-0.6038078942939951,-0.33615234375,-0.32430000000000003
8.525,-0.37451171875,-0.6068755003970061,-0.338515625,-0.32735000000000003
8.529,-0.37841796875,-0.6099339902857448,-0.34085937499999996,-0.3305199999999999
8.533,-0.38232421875,-0.6130289450315765,-0.34320312500000005,-0.33368
8.537,-0.38525390625,-0.6161512484202305,-0.34548828125,-0.3367199999999999
8.542,-0.3876953125,-0.6191960639875589,-0.34779296875,-0.3399000000000001
8.546,-0.390625,-0.6222317633406131,-0.35005859375000004,-0.3429200000000001
8.55,-0.39404296875,-0.625258346479395,-0.3523046875,-0.34607999999999994
8.555,-0.3974609375,-0.6283122782609958,-0.35453125,-0.3490899999999999
8.559,-0.40087890625,-0.6313935586854171,-0.35685546875,-0.3522400000000001
8.563,-0.404296875,-0.6345477688240262,-0.35904296875,-0.35536999999999996
8.568,-0.408203125,-0.6376062587127649,-0.36126953125,-0.35853
8.572,-0.41064453125,-0.6406738648157777,-0.36345703125,-0.36168
8.576,-0.4140625,-0.6437505871330629,-0.365625,-0.3646800000000001
8.581,-0.41748046875,-0.6468045189146636,-0.36785156250000006,-0.3678300000000001
8.585,-0.42041015625,-0.6499131479819056,-0.37005859375000005,-0.3709800000000001
8.59,-0.423828125,-0.6530081027277372,-0.37222656249999997,-0.3741000000000001
8.594,-0.427734375,-0.6560848250450224,-0.37439453125,-0.37724
8.598,-0.4306640625,-0.6591797797908541,-0.37658203125,-0.38023000000000007
8.603,-0.43310546875,-0.6622838507509599,-0.378828125,-0.3833599999999999
8.607,-0.43701171875,-0.665401596032476,-0.38105468750000004,-0.38663000000000003
8.612,-0.43994140625,-0.6685330156354024,-0.38320312500000003,-0.38978
8.616,-0.44384765625,-0.6715732730955946,-0.385390625,-0.3929100000000001
8.62,-0.4462890625,-0.6746226467700573,-0.387578125,-0.39588
8.625,-0.44970703125,-0.6777176015158908,-0.38974609375,-0.39903
8.629,-0.45263671875,-0.6807578589760812,-0.39197265625,-0.4021300000000001
8.633,-0.45654296875,-0.6838847204718697,-0.394140625,-0.40525999999999995
8.638,-0.46044921875,-0.6869477684677463,-0.39628906250000007,-0.4084000000000001
8.642,-0.462890625,-0.6899925840350747,-0.39845703125,-0.41154
8.646,-0.4658203125,-0.6930556320309478,-0.40058593750000004,-0.41466000000000003
8.651,-0.4697265625,-0.6960594246340452,-0.40279296875000004,-0.41764
8.655,-0.47265625,-0.6991087983085116,-0.40509765625000005,-0.42076
8.66,-0.4765625,-0.7023313800541722,-0.40732421875,-0.42401
8.664,-0.4794921875,-0.7053853118357729,-0.40958984375,-0.4271499999999999
8.668,-0.482421875,-0.7084529179387857,-0.41185546875,-0.43028
8.673,-0.486328125,-0.7114795010775659,-0.41421874999999997,-0.4332800000000001
8.677,-0.4892578125,-0.7146109206804923,-0.41654296874999996,-0.43656000000000006
8.682,-0.4921875,-0.7176785267835033,-0.41892578125,-0.43972999999999995
8.686,-0.49609375,-0.7207370166722402,-0.4212890625,-0.44272
8.69,-0.49853515625,-0.7238046227752548,-0.42367187500000003,-0.4460299999999999
8.695,-0.50244140625,-0.7268494383425814,-0.4260546875,-0.44904999999999995
8.699,-0.505859375,-0.7299261606598666,-0.42851562500000007,-0.45222000000000007
8.703,-0.5087890625,-0.7329664181200588,-0.431015625,-0.4554
8.708,-0.5126953125,-0.7360659309730266,-0.43355468750000004,-0.4585999999999999
8.712,-0.515625,-0.7391472113974498,-0.4360546875,-0.4618
8.717,-0.5185546875,-0.7421510040005472,-0.43863281249999997,-0.4650099999999999
8.721,-0.52099609375,-0.7451958195678738,-0.44125000000000003,-0.46821
8.725,-0.52490234375,-0.748236077028066,-0.44388671874999996,-0.47141999999999995
8.73,-0.5283203125,-0.7513127993453512,-0.44660156250000005,-0.4745999999999999
8.734,-0.53271484375,-0.7543940797697726,-0.44929687500000004,-0.47781000000000007
8.738,-0.53564453125,-0.7574343372299648,-0.45212890625,-0.48088
8.743,-0.5390625,-0.7605611987257532,-0.4549609375,-0.4840899999999999
8.747,-0.54296875,-0.7637701061500017,-0.45792968749999996,-0.48746
8.752,-0.54443359375,-0.7668149217173301,-0.46085937499999996,-0.4906999999999999
8.756,-0.54931640625,-0.7698415048561138,-0.46384765625,-0.49377000000000004
8.76,-0.5517578125,-0.7729592501376299,-0.46693359375,-0.49712
8.765,-0.55517578125,-0.776022298133503,-0.470078125,-0.50021
8.769,-0.55859375,-0.779094462343652,-0.47326171875,-0.5034099999999999
8.774,-0.56298828125,-0.7821939751966198,-0.47652343750000004,-0.50665
8.778,-0.56494140625,-0.7852570231924965,-0.47982421875000003,-0.5099
8.782,-0.56884765625,-0.7882881644384128,-0.48322265625000005,-0.5129999999999999
8.787,-0.57080078125,-0.7913147475771947,-0.48689453125000004,-0.5162199999999999
8.791,-0.57470703125,-0.7944780739300779,-0.49060546875,-0.51962
8.796,-0.57763671875,-0.7976596327115075,-0.49451171875,-0.52298
8.8,-0.58203125,-0.8008594239214837,-0.49837890625000003,-0.5263500000000001
8.805,-0.5849609375,-0.8039634948815895,-0.50234375,-0.5296000000000001
8.809,-0.58837890625,-0.8070584496274211,-0.5063867187500001,-0.53281
8.813,-0.591796875,-0.8101078233018875,-0.5106640625,-0.5360400000000001
8.818,-0.59375,-0.813193661833445,-0.51501953125,-0.53928
8.822,-0.5986328125,-0.816265826043594,-0.5194531250000001,-0.5425200000000001
8.827,-0.6015625,-0.819333432146605,-0.5241796875,-0.54573
8.831,-0.60498046875,-0.8224739679638038,-0.5288867187499999,-0.54897
8.836,-0.60791015625,-0.8255324578525425,-0.533828125,-0.5522
8.84,-0.61083984375,-0.8285863896341432,-0.53890625,-0.55539
8.844,-0.61474609375,-0.8316266470943354,-0.5441015625000001,-0.5586200000000001
8.849,-0.6181640625,-0.8346714626616638,-0.54955078125,-0.5618399999999999
8.853,-0.62060546875,-0.8376889295861716,-0.5551953125,-0.5649
8.857,-0.6240234375,-0.8407519775820465,-0.5608398437500001,-0.56812
8.862,-0.626953125,-0.8437648863994163,-0.56642578125,-0.57134
8.866,-0.630859375,-0.8467823533239258,-0.5719140625,-0.57454
8.87,-0.6328125,-0.8497587972842027,-0.57755859375,-0.5775600000000001
8.875,-0.63671875,-0.8528172871729396,-0.5830468750000001,-0.58077
8.879,-0.640625,-0.85587577706168,-0.58845703125,-0.5839399999999999
8.884,-0.642578125,-0.8589297088432808,-0.5940234375,-0.58727
8.888,-0.64599609375,-0.8620702446604813,-0.599375,-0.59047
8.893,-0.64892578125,-0.8651697575134492,-0.604453125,-0.59382
8.897,-0.6533203125,-0.8681963406522293,-0.6093359375,-0.59697
8.901,-0.65576171875,-0.8712274818981474,-0.61419921875,-0.6001399999999999
8.906,-0.6591796875,-0.8742358326083828,-0.61890625,-0.6033299999999999
8.91,-0.66259765625,-0.8772852062828473,-0.6234765625,-0.6064499999999999
8.915,-0.66455078125,-0.880257092135988,-0.6281640625,-0.60962
8.919,-0.6689453125,-0.8833839536317765,-0.6326953125,-0.61294
8.924,-0.67138671875,-0.8864789083776099,-0.63708984375,-0.61622
8.928,-0.6748046875,-0.8894872590878435,-0.64126953125,-0.6193599999999999
8.933,-0.67822265625,-0.892440912512436,-0.6453515625,-0.6225
8.937,-0.6806640625,-0.8954127983655766,-0.6494140625,-0.6256299999999999
8.941,-0.6845703125,-0.8983983585401276,-0.6533398437500001,-0.6287400000000001
8.946,-0.6875,-0.9013748025004062,-0.6572265625,-0.63191
8.95,-0.69091796875,-0.9043466883535469,-0.6609765625,-0.6350500000000001
8.954,-0.69384765625,-0.9073003417781411,-0.6647265625,-0.6381600000000001
8.959,-0.697265625,-0.9102631114170077,-0.6684765625,-0.64117
8.963,-0.70068359375,-0.9132714621272413,-0.67212890625,-0.6444300000000001
8.968,-0.7021484375,-0.9162114412304252,-0.67568359375,-0.64741
8.972,-0.70556640625,-0.9191012811551058,-0.6791796875,-0.65053
8.976,-0.70849609375,-0.9219911210797846,-0.68263671875,-0.6537
8.981,-0.71337890625,-0.9249311001829685,-0.686015625,-0.6568400000000001
8.985,-0.7158203125,-0.9278847536075627,-0.6893359375,-0.6597999999999999
8.989,-0.71875,-0.9308110583893345,-0.6926953124999999,-0.6629400000000001
8.994,-0.7216796875,-0.9337783861353408,-0.6960546875,-0.6660600000000001
8.998,-0.724609375,-0.9367502719884797,-0.699375,-0.66916
9.003,-0.7275390625,-0.939749506484441,-0.70265625,-0.6724300000000001
9.007,-0.73046875,-0.942735066658992,-0.7059765625,-0.67557
9.012,-0.73388671875,-0.9457662079049101,-0.70927734375,-0.6788099999999999
9.016,-0.7373046875,-0.9488611626507417,-0.7125585937500001,-0.68205
9.021,-0.7412109375,-0.9519424430751631,-0.7156250000000001,-0.68546
9.025,-0.74462890625,-0.9549234451425779,-0.7188281249999999,-0.6885000000000001
9.03,-0.7470703125,-0.9580092836741372,-0.72201171875,-0.69173
9.035,-0.75048828125,-0.9610632154557361,-0.7251757812499999,-0.6950000000000001
9.039,-0.75341796875,-0.964094356701656,-0.72826171875,-0.6980900000000001
9.044,-0.755859375,-0.9670480101262484,-0.7312890625,-0.7013
9.048,-0.75927734375,-0.9700016635508426,-0.73435546875,-0.70441
9.052,-0.76220703125,-0.9728915034755232,-0.7373046875,-0.7075
9.057,-0.765625,-0.9757722271859279,-0.74037109375,-0.71054
9.061,-0.76904296875,-0.9787441130390686,-0.74333984375,-0.7137899999999999
9.066,-0.771484375,-0.9816567434994319,-0.74630859375,-0.7169000000000001
9.07,-0.77490234375,-0.984528350995566,-0.74927734375,-0.7199500000000001
9.074,-0.7783203125,-0.9874318652416552,-0.7522460937500001,-0.7230300000000001
9.079,-0.78076171875,-0.9903080308449237,-0.75517578125,-0.7261299999999999
9.083,-0.783203125,-0.9931568478053734,-0.75814453125,-0.7290700000000001
9.088,-0.787109375,-0.9959874323372766,-0.7611523437500001,-0.73213
9.092,-0.78955078125,-0.998909179011914,-0.764140625,-0.73525
9.096,-0.7919921875,-1.0017488797580896,-0.7670703125,-0.7384999999999999
9.101,-0.796875,-1.0045749061828548,-0.77005859375,-0.74156
9.105,-0.79931640625,-1.0075057690717664,-0.7730078125,-0.74451
9.109,-0.8017578125,-1.0103090049608472,-0.7759765625,-0.7476
9.114,-0.8046875,-1.0131076827427918,-0.77896484375,-0.75068
9.118,-0.80810546875,-1.0159473834889674,-0.7820703124999999,-0.75362
9.123,-0.81005859375,-1.0188691301636066,-0.78515625,-0.7570300000000001
9.127,-0.814453125,-1.0217544119811475,-0.7883203125,-0.75997
9.132,-0.8173828125,-1.0247490883699726,-0.79150390625,-0.7633099999999999
9.136,-0.82080078125,-1.0277209742231133,-0.7945703125,-0.7664200000000001
9.141,-0.82421875,-1.0305925817192456,-0.7976367187500001,-0.76963
9.145,-0.82666015625,-1.0334413986796953,-0.80078125,-0.77268
9.149,-0.8291015625,-1.0362810994258709,-0.8040429687499999,-0.77562
9.154,-0.83251953125,-1.0391846136719618,-0.8074609375,-0.77884
9.159,-0.8359375,-1.042215754917878,-0.81076171875,-0.7822
9.163,-0.83837890625,-1.0451876407710188,-0.81408203125,-0.7854099999999999
9.168,-0.841796875,-1.0480091090886479,-0.8173046875000001,-0.78836
9.172,-0.845703125,-1.0508533679419596,-0.8206640624999999,-0.79141
9.176,-0.8486328125,-1.0537021849024093,-0.8240234375000001,-0.7944800000000001
9.181,-0.8515625,-1.0565692342914055,-0.82740234375,-0.7975700000000001
9.185,-0.8544921875,-1.0593952607161725,-0.830859375,-0.8006500000000001
9.189,-0.85693359375,-1.0622304033552101,-0.8343749999999999,-0.80372
9.194,-0.85986328125,-1.0650518716728392,-0.8379492187500001,-0.8068
9.198,-0.86328125,-1.0678778980976045,-0.8415039062499999,-0.80989
9.202,-0.86572265625,-1.0706856920938232,-0.8450781249999999,-0.81281
9.207,-0.86962890625,-1.0734752536614955,-0.8488281249999999,-0.81589
9.211,-0.8720703125,-1.0763742098004485,-0.8526367187499999,-0.81898
9.216,-0.875,-1.0792412591894447,-0.8565234374999999,-0.8220400000000001
9.22,-0.87890625,-1.0821356572212615,-0.860546875,-0.82525
9.225,-0.8818359375,-1.0850391714673506,-0.86458984375,-0.82833
9.229,-0.88427734375,-1.087915337070621,-0.8686328125,-0.8313999999999999
9.233,-0.88671875,-1.0907231310668397,-0.8726562499999999,-0.83446
9.238,-0.890625,-1.0934762277774173,-0.8769921875,-0.8375300000000001
9.242,-0.8935546875,-1.0964389974162838,-0.8811718749999999,-0.84074
9.247,-0.8974609375,-1.0993242792338282,-0.8855273437500001,-0.84378
9.251,-0.8994140625,-1.102300723194105,-0.8897460937499999,-0.8469800000000001
9.256,-0.90283203125,-1.1052224698687407,-0.89408203125,-0.8501799999999999
9.261,-0.90673828125,-1.1082171462575658,-0.89806640625,-0.85335
9.265,-0.90869140625,-1.1110249402537846,-0.9020312500000001,-0.85639
9.269,-0.91162109375,-1.113814501821457,-0.90583984375,-0.85944
9.274,-0.91455078125,-1.1165721566391706,-0.9095703125,-0.86249
9.278,-0.9169921875,-1.1193389276711603,-0.9132226562500001,-0.86538
9.282,-0.92041015625,-1.1221284892388308,-0.9167578125,-0.86843
9.287,-0.923828125,-1.1248815859494101,-0.9202343749999999,-0.87148
9.291,-0.92724609375,-1.127657473195672,-0.9236914062499999,-0.8745
9.295,-0.92919921875,-1.1304515928704806,-0.92697265625,-0.8774
9.3,-0.93212890625,-1.1331773409382375,-0.9302929687499999,-0.88045
9.304,-0.93505859375,-1.1359486700773616,-0.93361328125,-0.8835
9.309,-0.93896484375,-1.1388430681091801,-0.9367968750000001,-0.8865400000000001
9.313,-0.94189453125,-1.1416827688553557,-0.9400390625,-0.8896
9.318,-0.9443359375,-1.1446181898514016,-0.9432031249999999,-0.89293
9.322,-0.94775390625,-1.1475353784189029,-0.94623046875,-0.89609
9.327,-0.95068359375,-1.1503568467365302,-0.94923828125,-0.8991500000000001
9.331,-0.9541015625,-1.1532785934111676,-0.9521875,-0.9023399999999999
9.336,-0.95751953125,-1.1561684333358464,-0.9551367187500001,-0.9053599999999999
9.34,-0.9599609375,-1.1590719475819355,-0.95783203125,-0.9085399999999999
9.344,-0.96240234375,-1.161788579435422,-0.9605078125000001,-0.9114599999999999
9.349,-0.9658203125,-1.1645507923602718,-0.9632226562499999,-0.91448
9.353,-0.96875,-1.1673403539279459,-0.96580078125,-0.9175
9.358,-0.9716796875,-1.170075218209977,-0.9684375000000001,-0.92055
9.362,-0.97509765625,-1.172892128420468,-0.9710156249999999,-0.9235800000000001
9.366,-0.978515625,-1.1757135967380972,-0.9735742187499999,-0.92658
9.371,-0.98095703125,-1.1785487393771366,-0.9761523437499999,-0.92961
9.375,-0.98388671875,-1.1813747658019018,-0.9786718750000001,-0.9326399999999999
9.38,-0.98681640625,-1.1841780016909844,-0.9812695312499999,-0.9356599999999999
9.384,-0.990234375,-1.1871134226870304,-0.9837890625000001,-0.9388099999999999
9.389,-0.99365234375,-1.1900169369331213,-0.9862304687500001,-0.94199
9.393,-0.99658203125,-1.1927973822865194,-0.9886523437499999,-0.94502
9.397,-0.9990234375,-1.195596060068464,-0.9909765625,-0.94803
9.402,-1.00341796875,-1.198371947314726,-0.9933593749999999,-0.95095
9.406,-1.00537109375,-1.2011660669895345,-0.9957421874999999,-0.95397
9.41,-1.00830078125,-1.2039556285572068,-0.9980859375,-0.95699
9.415,-1.01123046875,-1.2067315158034688,-1.00041015625,-0.95989
9.419,-1.01416015625,-1.209507403049729,-1.0027148437500002,-0.96294
9.423,-1.01708984375,-1.212246825438898,-1.0050390625,-0.96596
9.428,-1.01953125,-1.2150227126851583,-1.00732421875,-0.96899
9.432,-1.0234375,-1.2177666931814635,-1.00958984375,-0.97189
9.436,-1.0263671875,-1.2205562547491375,-1.0119140625,-0.97491
9.441,-1.029296875,-1.2233731649596287,-1.01423828125,-0.97793
9.445,-1.0322265625,-1.226162726527301,-1.016484375,-0.98095
9.449,-1.03515625,-1.2289158232378785,-1.0187890625,-0.98385
9.454,-1.0380859375,-1.2316962685912767,-1.0210742187500002,-0.98686
9.458,-1.041015625,-1.2344995044803593,-1.02333984375,-0.98988
9.462,-1.04443359375,-1.2372617174052092,-1.025625,-0.99277
9.467,-1.0478515625,-1.2401014181513847,-1.0279296875000001,-0.99578
9.471,-1.05029296875,-1.2429320026832897,-1.03029296875,-0.99878
9.476,-1.0537109375,-1.2457762615366015,-1.03267578125,-1.00179
9.48,-1.056640625,-1.248698008211237,-1.03498046875,-1.00494
9.485,-1.05908203125,-1.2515285927431385,-1.03732421875,-1.00796
9.489,-1.0625,-1.2543227124179488,-1.03958984375,-1.01097
9.493,-1.0654296875,-1.2570940415570746,-1.0418945312499999,-1.01386
9.498,-1.06884765625,-1.2598881612318813,-1.04423828125,-1.01687
9.502,-1.07275390625,-1.262736978192331,-1.04654296875,-1.01989
9.506,-1.0751953125,-1.2655402140814136,-1.0489453125000001,-1.02292
9.511,-1.07861328125,-1.2683935891489995,-1.05134765625,-1.0258099999999999
9.515,-1.0810546875,-1.2712469642165853,-1.0537890625,-1.02884
9.519,-1.0849609375,-1.2741413622484021,-1.0563671875,-1.03203
9.524,-1.08740234375,-1.2771314805300893,-1.05884765625,-1.03522
9.528,-1.09033203125,-1.279930158312034,-1.0613671875000001,-1.03813
9.533,-1.09375,-1.2828199982367146,-1.06384765625,-1.04134
9.537,-1.09716796875,-1.2856323503400713,-1.0664453125,-1.04428
9.542,-1.1005859375,-1.2885768875503896,-1.06912109375,-1.04749
9.546,-1.10302734375,-1.291507750439301,-1.07171875,-1.05056
9.55,-1.10546875,-1.294320102542656,-1.07435546875,-1.05365
9.555,-1.10888671875,-1.2971051060031904,-1.0770703125,-1.0566
9.559,-1.11181640625,-1.2999630391779142,-1.0798046875,-1.05969
9.564,-1.11474609375,-1.3028209723526363,-1.08265625,-1.0629300000000002
9.568,-1.11865234375,-1.3057290447058616,-1.0854882812500002,-1.06602
9.573,-1.1220703125,-1.3086325589519525,-1.0883984375,-1.06911
9.577,-1.125,-1.311558863733726,-1.0912890625,-1.07221
9.581,-1.12841796875,-1.314412238801312,-1.09421875,-1.0753
9.586,-1.130859375,-1.317274730083172,-1.0973046875,-1.07839
9.59,-1.13427734375,-1.320182802436399,-1.1004492187500001,-1.08149
9.595,-1.13720703125,-1.323081758575352,-1.1035546875,-1.08461
9.599,-1.14013671875,-1.3259260174286638,-1.1066796875,-1.08771
9.603,-1.1435546875,-1.328752043853429,-1.1099023437500002,-1.0908
9.608,-1.14697265625,-1.3316282094566994,-1.11326171875,-1.09389
9.612,-1.14990234375,-1.3345043750599679,-1.11662109375,-1.09683
9.616,-1.15283203125,-1.3373304014847331,-1.12009765625,-1.09992
9.621,-1.15576171875,-1.340188334659457,-1.123671875,-1.10302
9.625,-1.15869140625,-1.3430371516199067,-1.1273437499999999,-1.10599
9.629,-1.162109375,-1.3459178753303114,-1.13107421875,-1.10907
9.634,-1.1650390625,-1.3487530179693508,-1.134921875,-1.1121400000000001
9.638,-1.1689453125,-1.3516382997868934,-1.138828125,-1.11509
9.642,-1.171875,-1.3545144653901637,-1.14294921875,-1.11814
9.647,-1.17431640625,-1.3574043053148444,-1.1471875,-1.1211799999999998
9.651,-1.17724609375,-1.360285029025249,-1.1516015625,-1.12425
9.655,-1.1806640625,-1.3631885432713382,-1.15609375,-1.1273300000000002
9.66,-1.18408203125,-1.3661057318388394,-1.16087890625,-1.13039
9.664,-1.18701171875,-1.3691323149776213,-1.1659765625,-1.13358
9.669,-1.1904296875,-1.3721771305449497,-1.1710351562499999,-1.13678
9.673,-1.19384765625,-1.3750988772195853,-1.1762109375,-1.13982
9.678,-1.197265625,-1.3780206238942228,-1.18169921875,-1.14286
9.682,-1.20068359375,-1.3810472070330029,-1.18748046875,-1.14591
9.687,-1.2041015625,-1.3840282091004177,-1.1932617187499999,-1.14912
9.691,-1.20654296875,-1.3869453976679171,-1.19904296875,-1.15204
9.695,-1.208984375,-1.3897896565212307,-1.204921875,-1.15511
9.7,-1.2119140625,-1.3926567059102268,-1.21068359375,-1.15818
9.704,-1.21533203125,-1.3955009647635386,-1.2165234375,-1.16109
9.708,-1.21875,-1.398418153331038,-1.2221875,-1.16414
9.713,-1.22216796875,-1.4013125513628548,-1.22775390625,-1.1671900000000002
9.717,-1.2255859375,-1.4042023912875337,-1.2332421875,-1.17025
9.721,-1.22802734375,-1.4071013474264884,-1.2387890625,-1.1733
9.726,-1.2314453125,-1.4100914657081756,-1.24408203125,-1.17635
9.73,-1.23486328125,-1.4130268867042215,-1.2491796875,-1.1794099999999998
9.735,-1.23779296875,-1.4159258428431745,-1.254140625,-1.1824599999999998
9.739,-1.2412109375,-1.4188612638392222,-1.25904296875,-1.1854900000000002
9.743,-1.24365234375,-1.4217738942995855,-1.26384765625,-1.18855
9.748,-1.24755859375,-1.4247047571884952,-1.2684374999999999,-1.1916
9.752,-1.25146484375,-1.427640178184543,-1.2730859375,-1.1945000000000001
9.757,-1.25390625,-1.4306394126805024,-1.2775390625,-1.19768
9.761,-1.25634765625,-1.4335474850337295,-1.2818164062500002,-1.20058
9.765,-1.259765625,-1.436428208744136,-1.286171875,-1.20362
9.77,-1.26318359375,-1.4394411175615076,-1.29029296875,-1.20679
9.774,-1.2666015625,-1.4423810966646915,-1.294375,-1.2097
9.778,-1.27001953125,-1.4453119595536013,-1.2983203125,-1.21275
9.783,-1.2734375,-1.4482473805496472,-1.3021875,-1.2158
9.787,-1.2763671875,-1.4511645691171484,-1.3059765625,-1.21869
9.791,-1.2802734375,-1.4540954320060564,-1.30974609375,-1.22173
9.796,-1.28271484375,-1.4570809921806092,-1.3134179687499998,-1.2247599999999998
9.8,-1.28564453125,-1.4599981807481086,-1.31703125,-1.2278
9.804,-1.28857421875,-1.4629199274227442,-1.3205859375,-1.2307000000000001
9.809,-1.29150390625,-1.4658462322045196,-1.32408203125,-1.23376
9.813,-1.29541015625,-1.4687679788791552,-1.3275195312499999,-1.2368000000000001
9.818,-1.29833984375,-1.4717535390537062,-1.3309765624999998,-1.23983
9.822,-1.3017578125,-1.474720866799709,-1.33439453125,-1.24285
9.826,-1.30517578125,-1.4777474499384926,-1.3377734374999999,-1.24587
9.831,-1.3076171875,-1.480778591184409,-1.34111328125,-1.2489
9.835,-1.310546875,-1.4837687094660978,-1.34427734375,-1.25206
9.84,-1.314453125,-1.486713246676418,-1.34751953125,-1.25509
9.844,-1.31689453125,-1.4896896906366948,-1.350625,-1.2581099999999998
9.848,-1.32080078125,-1.492602321097058,-1.35365234375,-1.26099
9.853,-1.32421875,-1.495546858307378,-1.35669921875,-1.2639900000000002
9.857,-1.3271484375,-1.4985871157675685,-1.3598046874999998,-1.2671299999999999
9.862,-1.33056640625,-1.5015498854064369,-1.36275390625,-1.27
9.866,-1.3330078125,-1.5045035388310293,-1.36580078125,-1.2730299999999999
9.87,-1.33642578125,-1.5074617503627614,-1.36880859375,-1.2760500000000001
9.875,-1.3388671875,-1.5104108456802194,-1.37177734375,-1.27907
9.879,-1.34228515625,-1.5133462666762654,-1.37470703125,-1.28209
9.884,-1.345703125,-1.5162862457794493,-1.3776171874999998,-1.28511
9.888,-1.349609375,-1.519253573525452,-1.380625,-1.28811
9.892,-1.3525390625,-1.5221981107357738,-1.38357421875,-1.29115
9.897,-1.35595703125,-1.5251927871245972,-1.38658203125,-1.29419
9.901,-1.35888671875,-1.528205695941967,-1.38951171875,-1.29724
9.906,-1.36181640625,-1.5312003723307939,-1.39244140625,-1.30029
9.91,-1.365234375,-1.5341585838625225,-1.3953515625,-1.30335
9.914,-1.3681640625,-1.5371031210728425,-1.398203125,-1.30639
9.919,-1.37158203125,-1.54002486774748,-1.4012109375,-1.30944
9.923,-1.37548828125,-1.543101590064765,-1.40412109375,-1.31249
9.927,-1.37890625,-1.546114498882135,-1.40701171875,-1.31555
9.932,-1.38134765625,-1.54910917527096,-1.40994140625,-1.3186
9.936,-1.384765625,-1.552058270588418,-1.4129296875,-1.32165
9.941,-1.38818359375,-1.5550985280486085,-1.41580078125,-1.32471
9.945,-1.39111328125,-1.5580476233660665,-1.4187109375,-1.32774
9.949,-1.39404296875,-1.5610559740763001,-1.4215820312499998,-1.3309
9.954,-1.39794921875,-1.5640369761437132,-1.4245703125,-1.3338100000000002
9.958,-1.40087890625,-1.5670316525325383,-1.4275,-1.33684
9.962,-1.4052734375,-1.5699989802785428,-1.43041015625,-1.33985
9.967,-1.40771484375,-1.57298909856023,-1.4333984375,-1.34275
9.971,-1.41064453125,-1.575974658734781,-1.436484375,-1.34578
9.976,-1.41455078125,-1.579078729694885,-1.4394726562500002,-1.3489499999999999
9.98,-1.41796875,-1.5820961966193945,-1.4424804687500001,-1.3519700000000001
9.984,-1.42041015625,-1.5850908730082196,-1.4454687499999999,-1.3550200000000001
9.989,-1.423828125,-1.5880764331827688,-1.44857421875,-1.35806
9.993,-1.4267578125,-1.59107566767873,-1.4516796875000002,-1.3610799999999998
9.997,-1.4306640625,-1.5940657859604173,-1.4548828125000002,-1.3641299999999998
10.002,-1.4345703125,-1.5971789731347972,-1.4581445312499999,-1.36717
10.006,-1.43701171875,-1.6002693697734927,-1.4613671875,-1.3703400000000001
10.011,-1.43994140625,-1.6032913948051366,-1.4646484375000002,-1.37325
10.015,-1.44287109375,-1.6063270941581909,-1.46798828125,-1.37645
10.02,-1.447265625,-1.6093947002612037,-1.4713085937500001,-1.37949
10.024,-1.44970703125,-1.6124212833999838,-1.4745898437500002,-1.38254
10.028,-1.453125,-1.6153567043960297,-1.47798828125,-1.38559
10.033,-1.45703125,-1.6183650551062652,-1.48142578125,-1.38849
10.037,-1.4599609375,-1.6214007544593194,-1.4849804687500001,-1.39153
10.042,-1.46337890625,-1.624459244348058,-1.4885546875,-1.39458
10.046,-1.46630859375,-1.6275086180225227,-1.49216796875,-1.39778
10.05,-1.4697265625,-1.6305716660183975,-1.4958984375,-1.4007
10.055,-1.47314453125,-1.633621039692862,-1.49958984375,-1.40374
10.059,-1.4765625,-1.6366658552601905,-1.50333984375,-1.4069500000000001
10.063,-1.48046875,-1.6396833221847,-1.50712890625,-1.40985
10.068,-1.4833984375,-1.642700789109206,-1.511015625,-1.4129
10.072,-1.486328125,-1.645727372247988,-1.5150390625,-1.41581
10.077,-1.48974609375,-1.6487767459224525,-1.518984375,-1.4188800000000001
10.081,-1.49365234375,-1.6517942128469603,-1.52296875,-1.42195
10.085,-1.49609375,-1.6548435865214248,-1.527109375,-1.4250099999999999
10.09,-1.5,-1.6580570520528113,-1.5311523437499999,-1.42824
10.094,-1.50390625,-1.6611839135486015,-1.5349804687500002,-1.43132
10.099,-1.5078125,-1.6642788682944332,-1.53884765625,-1.43439
10.103,-1.51025390625,-1.6673601487188545,-1.54275390625,-1.43747
10.107,-1.5146484375,-1.6705508237145583,-1.54640625,-1.4405700000000001
10.112,-1.51708984375,-1.673654894674664,-1.550078125,-1.4436499999999999
10.116,-1.5205078125,-1.676763523741906,-1.5535546875,-1.44675
10.121,-1.52392578125,-1.6798402460591912,-1.55705078125,-1.44987
10.125,-1.52734375,-1.682935200805023,-1.5603515625,-1.453
10.129,-1.53076171875,-1.6859845744794875,-1.56373046875,-1.45595
10.134,-1.53466796875,-1.689157017046643,-1.56697265625,-1.45907
10.138,-1.5380859375,-1.692274762328159,-1.57015625,-1.46219
10.142,-1.54150390625,-1.6953970657168131,-1.5733984375,-1.4653100000000001
10.147,-1.54443359375,-1.6986469961052926,-1.57640625,-1.46858
10.151,-1.5478515625,-1.7017009278868933,-1.5793359375,-1.47157
10.155,-1.55126953125,-1.7047776502041785,-1.582265625,-1.47471
10.16,-1.5546875,-1.7078862792714204,-1.5850781250000001,-1.47783
10.164,-1.55810546875,-1.7109675596958436,-1.58796875,-1.48081
10.169,-1.56201171875,-1.71418102522723,-1.59076171875,-1.48394
10.173,-1.56591796875,-1.7173625840086597,-1.59349609375,-1.48706
10.177,-1.56884765625,-1.7206033981828668,-1.59623046875,-1.49032
10.182,-1.572265625,-1.7237667245357482,-1.59896484375,-1.49346
10.186,-1.57568359375,-1.7270941427455533,-1.60166015625,-1.49672
10.191,-1.57861328125,-1.730284817741257,-1.604140625,-1.49984
10.195,-1.5830078125,-1.7333888887013629,-1.6066601562499998,-1.50296
10.2,-1.58544921875,-1.7365339826256996,-1.609140625,-1.50595
10.204,-1.58984375,-1.7396927508714448,-1.61158203125,-1.50906
10.208,-1.59326171875,-1.742856077224328,-1.61404296875,-1.51217
10.213,-1.59619140625,-1.746087775184261,-1.616484375,-1.51529
10.217,-1.59912109375,-1.7492693339656906,-1.6189453125,-1.51843
10.222,-1.60302734375,-1.752473683282803,-1.621328125,-1.52168
10.226,-1.60693359375,-1.7557053812427377,-1.6236328125,-1.52481
10.23,-1.6103515625,-1.7588960562384397,-1.6259375,-1.5279500000000001
10.235,-1.61376953125,-1.7620274758413679,-1.62826171875,-1.53094
10.239,-1.61767578125,-1.7652546156941629,-1.630546875,-1.53422
10.243,-1.62109375,-1.768458965011277,-1.63279296875,-1.53719
10.248,-1.625,-1.7716678724355273,-1.63505859375,-1.54034
10.252,-1.6279296875,-1.774890454181186,-1.63734375,-1.54348
10.257,-1.63232421875,-1.7781950818553067,-1.63955078125,-1.54678
10.261,-1.634765625,-1.7813903149581485,-1.64181640625,-1.5498
10.265,-1.638671875,-1.7846539196680382,-1.6440820312500002,-1.5529600000000001
10.27,-1.6435546875,-1.787967663556433,-1.64626953125,-1.55627
10.274,-1.64697265625,-1.7912677331234175,-1.64853515625,-1.55945
10.279,-1.650390625,-1.7945951513332208,-1.65076171875,-1.56262
10.283,-1.65380859375,-1.7978769884716588,-1.65296875,-1.5658
10.287,-1.6572265625,-1.801177058038645,-1.6552148437499998,-1.5689899999999999
10.292,-1.66015625,-1.804458895177083,-1.6573632812499999,-1.5722
10.296,-1.6640625,-1.8077042674584263,-1.6596875,-1.5754000000000001
10.301,-1.66748046875,-1.811090941061007,-1.6619140625,-1.57877
10.305,-1.671875,-1.8144502660207689,-1.6641015625,-1.582
10.31,-1.67578125,-1.817727545052069,-1.66625,-1.58521
10.314,-1.67919921875,-1.820972917333414,-1.6684375,-1.5882800000000001
10.318,-1.68310546875,-1.8242866612218087,-1.670625,-1.59152
10.323,-1.6845703125,-1.827541149717426,-1.6728124999999998,-1.59475
10.327,-1.68994140625,-1.830809312534452,-1.6750195312499998,-1.59799
10.332,-1.693359375,-1.8341686374942139,-1.67716796875,-1.60122
10.336,-1.6962890625,-1.837505171918293,-1.679375,-1.60447
10.34,-1.7001953125,-1.8408964036280118,-1.6815625,-1.60785
10.345,-1.7041015625,-1.8441508921236274,-1.6837109375000001,-1.6111
10.349,-1.7080078125,-1.8473962644049724,-1.6859765625,-1.61419
10.354,-1.71142578125,-1.8507966123289652,-1.68818359375,-1.61745
10.358,-1.71435546875,-1.8540738913602652,-1.6904296874999998,-1.6207
10.362,-1.7177734375,-1.8573511703915653,-1.6926953125,-1.62396
10.367,-1.72119140625,-1.8606466818514136,-1.6949609374999999,-1.62721
10.371,-1.72509765625,-1.8639330770969877,-1.69720703125,-1.63046
10.375,-1.72802734375,-1.8671602169497845,-1.6994921875,-1.63358
10.38,-1.73291015625,-1.8704101473382657,-1.7017578125,-1.63683
10.384,-1.73583984375,-1.873701100690976,-1.7041406249999997,-1.64009
10.388,-1.7392578125,-1.877010286472233,-1.7064843749999998,-1.64322
10.393,-1.74267578125,-1.880296681717807,-1.7088476562500001,-1.64649
10.397,-1.74560546875,-1.8835055891420573,-1.7112109375,-1.64975
10.401,-1.7490234375,-1.8867691938519489,-1.7136328125,-1.65287
10.406,-1.75341796875,-1.8900373566689765,-1.7160546875,-1.65614
10.41,-1.7568359375,-1.8933055194860025,-1.7185546875000002,-1.6593900000000001
10.414,-1.76025390625,-1.8966192633743972,-1.7210742187499999,-1.66266
10.419,-1.7646484375,-1.8999193329413817,-1.72373046875,-1.6658
10.423,-1.767578125,-1.9033515876153313,-1.7262890624999998,-1.66921
10.427,-1.77001953125,-1.9066060761109487,-1.7288671875,-1.67248
10.432,-1.7744140625,-1.9098332159637454,-1.73154296875,-1.6755900000000001
10.436,-1.7783203125,-1.9131925409235073,-1.7342382812500001,-1.67886
10.441,-1.78173828125,-1.916497168597628,-1.7369921874999998,-1.68209
10.445,-1.78564453125,-1.9198200287002951,-1.7398242187500002,-1.6853500000000001
10.449,-1.78857421875,-1.9231793536600588,-1.74275390625,-1.6886
10.454,-1.79248046875,-1.9265386786198189,-1.7457421875,-1.69186
10.458,-1.7958984375,-1.9299071197938549,-1.74880859375,-1.69526
10.463,-1.79931640625,-1.9332892352893012,-1.75185546875,-1.69853
10.467,-1.80224609375,-1.936552839999191,-1.7550000000000001,-1.70178
10.472,-1.8056640625,-1.9398620257804478,-1.75818359375,-1.70501
10.476,-1.810546875,-1.9432259088473476,-1.76146484375,-1.7082600000000001
10.48,-1.81396484375,-1.9465396527357424,-1.7648046875,-1.71152
10.485,-1.81884765625,-1.9498488385169992,-1.7682421875,-1.71474
10.489,-1.8212890625,-1.9532127215838972,-1.77185546875,-1.718
10.494,-1.82421875,-1.956603953293616,-1.77548828125,-1.72127
10.498,-1.82763671875,-1.959935929610559,-1.77931640625,-1.72451
10.502,-1.83154296875,-1.963286138356045,-1.7830664062500001,-1.7279
10.507,-1.8349609375,-1.9665360687445261,-1.78693359375,-1.731
10.511,-1.837890625,-1.969772324811597,-1.7909960937499998,-1.73425
10.515,-1.84228515625,-1.9730678362714453,-1.7953124999999999,-1.73746
10.52,-1.8466796875,-1.9765319976953517,-1.7998046875,-1.74085
10.524,-1.849609375,-1.9799369037264807,-1.80431640625,-1.74409
10.529,-1.8525390625,-1.9832141827577807,-1.8089453125000001,-1.74731
10.533,-1.85595703125,-1.986473229360536,-1.81373046875,-1.75039
10.537,-1.85986328125,-1.9897687408203826,-1.8186523437500002,-1.75364
10.542,-1.86279296875,-1.9930369036374085,-1.8237890625,-1.75686
10.546,-1.8662109375,-1.996305066454438,-1.82904296875,-1.76007
10.551,-1.87109375,-1.9995641130571897,-1.8345703125000001,-1.76329
10.555,-1.87451171875,-2.0028960893741328,-1.84021484375,-1.7665
10.559,-1.87744140625,-2.00623262379821,-1.84583984375,-1.7697
10.564,-1.88134765625,-2.009500786615236,-1.8514648437499999,-1.77278
10.568,-1.8837890625,-2.0127735075394018,-1.8570507812500001,-1.77603
10.572,-1.88720703125,-2.016059902784976,-1.8626757812499999,-1.77926
10.577,-1.8916015625,-2.0194101115304637,-1.8680078125,-1.78262
10.581,-1.8955078125,-2.0227284135259946,-1.8735351562499998,-1.78586
10.586,-1.8994140625,-2.026201691164175,-1.87896484375,-1.78924
10.59,-1.90380859375,-2.0296476201595333,-1.88408203125,-1.79245
10.595,-1.90771484375,-2.0330388518692537,-1.88923828125,-1.79571
10.599,-1.90966796875,-2.036416409257562,-1.89421875,-1.79897
10.604,-1.9130859375,-2.039784850431598,-1.89916015625,-1.80238
10.608,-1.91650390625,-2.0431669659270426,-1.9037695312499998,-1.80564
10.613,-1.919921875,-2.0464123382083876,-1.90830078125,-1.80891
10.617,-1.92431640625,-2.049707849668234,-1.91267578125,-1.81215
10.621,-1.927734375,-2.0529988030209445,-1.91703125,-1.81539
10.626,-1.93212890625,-2.0563718023021167,-1.92130859375,-1.81864
10.63,-1.93505859375,-2.059662755654829,-1.9254492187499999,-1.82189
10.634,-1.9384765625,-2.0629673833289495,-1.92953125,-1.82513
10.639,-1.94091796875,-2.0662537785745236,-1.9334765624999999,-1.8283800000000001
10.643,-1.9443359375,-2.0694809184273186,-1.937265625,-1.83147
10.647,-1.94775390625,-2.072657919101612,-1.94103515625,-1.83468
10.652,-1.95068359375,-2.0758805008472727,-1.9448437500000002,-1.83789
10.656,-1.95458984375,-2.0791988028428054,-1.94853515625,-1.84108
10.661,-1.9580078125,-2.082521662945471,-1.95220703125,-1.84442
10.665,-1.9619140625,-2.0857989419767726,-1.9557226562499999,-1.84759
10.669,-1.96533203125,-2.089021523722433,-1.9591796875,-1.85063
10.674,-1.9677734375,-2.092239547360956,-1.96259765625,-1.85379
10.678,-1.970703125,-2.0954165480352493,-1.9659570312499999,-1.85695
10.683,-1.97412109375,-2.0986938270665494,-1.96943359375,-1.86008
10.687,-1.9775390625,-2.102012129062082,-1.97275390625,-1.86337
10.692,-1.9814453125,-2.1052575013434254,-1.97599609375,-1.86665
10.696,-1.98486328125,-2.1084664087676757,-1.9791601562499999,-1.86977
10.701,-1.98828125,-2.1116434094419674,-1.9824609374999997,-1.87289
10.705,-1.99267578125,-2.1150255249374137,-1.98568359375,-1.87614
10.71,-1.99609375,-2.1183757336829014,-1.988828125,-1.87938
10.714,-1.998046875,-2.1215755248928776,-1.991875,-1.88249
10.718,-2.00146484375,-2.12471150260294,-1.9948828125,-1.88559
10.723,-2.00439453125,-2.1278657127415492,-1.99783203125,-1.88856
10.727,-2.0078125,-2.130978899915929,-2.00076171875,-1.89165
10.732,-2.01171875,-2.1341057614117194,-2.00375,-1.89473
10.736,-2.015625,-2.137282762086011,-2.00666015625,-1.89779
10.74,-2.017578125,-2.1403686006175686,-2.00962890625,-1.90069
10.745,-2.021484375,-2.143504578327633,-2.012578125,-1.90375
10.749,-2.0244140625,-2.1466359979305576,-2.0155078125,-1.9068
10.753,-2.02685546875,-2.1497309526763893,-2.0183984375,-1.90985
10.758,-2.0302734375,-2.152794000672266,-2.02126953125,-1.91289
10.762,-2.0341796875,-2.155857048668139,-2.02421875,-1.91595
10.767,-2.03857421875,-2.1590705141995272,-2.0270898437500002,-1.91897
10.771,-2.041015625,-2.1621609108382227,-2.0300195312500002,-1.92197
10.775,-2.0439453125,-2.16531512097683,-2.0330078125,-1.92498
10.78,-2.046875,-2.1684556567940305,-2.0358984375,-1.928
10.784,-2.05078125,-2.1715095885756313,-2.0387109375000003,-1.93114
10.788,-2.0537109375,-2.1745407298215493,-2.0416015625,-1.93388
10.793,-2.05712890625,-2.177631126460245,-2.04443359375,-1.93691
10.797,-2.06005859375,-2.180680500134711,-2.04724609375,-1.94004
10.801,-2.0634765625,-2.1837025251663533,-2.050078125,-1.94273
10.806,-2.06689453125,-2.1867382245194094,-2.0529492187500002,-1.9457
10.81,-2.06982421875,-2.1897830400867377,-2.0558398437500003,-1.94854
10.814,-2.072265625,-2.1928005070112455,-2.0587500000000003,-1.9515
10.819,-2.07568359375,-2.1958681131142583,-2.061640625,-1.9546000000000001
10.823,-2.07861328125,-2.1988992543601746,-2.06451171875,-1.95756
10.827,-2.08251953125,-2.2019714185703236,-2.0675000000000003,-1.96051
10.832,-2.0849609375,-2.2050390246733347,-2.0703906250000004,-1.96344
10.836,-2.08935546875,-2.2080382591692977,-2.07333984375,-1.96637
10.841,-2.09228515625,-2.211114981486583,-2.0762890625,-1.96928
10.845,-2.09521484375,-2.2141597970539095,-2.07943359375,-1.97219
10.85,-2.09814453125,-2.2173094490853824,-2.0826171875,-1.9751
10.854,-2.10205078125,-2.2205502632595895,-2.08572265625,-1.97829
10.859,-2.1044921875,-2.2236178693626005,-2.08873046875,-1.98121
10.863,-2.107421875,-2.226580639001467,-2.09173828125,-1.98411
10.867,-2.111328125,-2.2295434086403354,-2.0949023437500003,-1.98689
10.872,-2.1142578125,-2.2326246890647568,-2.098046875,-1.98994
10.876,-2.1181640625,-2.235623923560718,-2.10123046875,-1.99285
10.88,-2.12060546875,-2.238618599949543,-2.104453125,-1.99564
10.885,-2.12353515625,-2.2415813695884097,-2.1076953125,-1.99857
10.889,-2.126953125,-2.244571487870097,-2.11115234375,-2.00152
10.894,-2.12939453125,-2.247680116937339,-2.1144140625,-2.00459
10.898,-2.13232421875,-2.250579073076292,-2.1176953125,-2.00738
10.902,-2.13671875,-2.25354184271516,-2.1211523437500004,-2.01034
10.907,-2.14013671875,-2.2565365191039835,-2.12458984375,-2.01328
10.911,-2.1435546875,-2.259531195492807,-2.128203125,-2.01609
10.915,-2.146484375,-2.262580569167273,-2.1319140625,-2.01918
10.92,-2.1494140625,-2.2656572914845583,-2.13564453125,-2.02215
10.924,-2.15185546875,-2.2686382935519713,-2.1394140625,-2.0251
10.929,-2.154296875,-2.271601063190838,-2.1431835937500003,-2.02806
10.933,-2.15869140625,-2.2745364841868874,-2.1470117187500004,-2.03103
10.938,-2.16259765625,-2.2775311605757107,-2.1509375,-2.034
10.942,-2.16650390625,-2.280566859928765,-2.15494140625,-2.03696
10.946,-2.169921875,-2.2836299079246416,-2.15912109375,-2.03994
10.951,-2.171875,-2.2866382586348752,-2.163125,-2.04292
10.955,-2.17529296875,-2.289578237738059,-2.1671289062500003,-2.04579
10.959,-2.17822265625,-2.292522774948379,-2.1710742187500003,-2.04881
10.964,-2.1806640625,-2.2954262891944683,-2.1749414062500003,-2.05167
10.968,-2.18505859375,-2.298357152083378,-2.1788671875000003,-2.05456
10.972,-2.18798828125,-2.301424758186389,-2.182890625,-2.0577
10.977,-2.19287109375,-2.3046108750749568,-2.18681640625,-2.06085
10.981,-2.1953125,-2.307810666284933,-2.1906054687500003,-2.06399
10.986,-2.19921875,-2.310932969673585,-2.19419921875,-2.06703
10.99,-2.201171875,-2.3139276460624085,-2.19771484375,-2.07005
10.995,-2.20458984375,-2.316899531915549,-2.20115234375,-2.07308
10.999,-2.20654296875,-2.319839511018733,-2.2045117187500005,-2.07597
11.003,-2.2099609375,-2.3228068387647376,-2.207890625,-2.07902
11.008,-2.21435546875,-2.3259200259391175,-2.21125,-2.08216
11.012,-2.21826171875,-2.3290195387920853,-2.21451171875,-2.08519
11.017,-2.2216796875,-2.332160074609284,-2.217734375,-2.0883599999999998
11.021,-2.2255859375,-2.3352960523193467,-2.2208789062500003,-2.09153
11.026,-2.228515625,-2.338418355707999,-2.22388671875,-2.09457
11.03,-2.23095703125,-2.3414403807396447,-2.226875,-2.09764
11.035,-2.23388671875,-2.344466963878425,-2.22994140625,-2.1007
11.039,-2.2373046875,-2.3476394064455803,-2.2327734375,-2.10391
11.044,-2.24072265625,-2.3506386409415416,-2.2355078125000003,-2.10698
11.048,-2.24462890625,-2.3536150849018185,-2.238203125,-2.11005
11.052,-2.248046875,-2.3566416680406004,-2.2409765625,-2.11298
11.057,-2.25146484375,-2.359695599822203,-2.2436328125000005,-2.11606
11.061,-2.25537109375,-2.3627039505324383,-2.2463085937500002,-2.11915
11.065,-2.2578125,-2.3657669985283114,-2.248984375,-2.12225
11.07,-2.2607421875,-2.368871069488417,-2.2515820312500003,-2.12536
11.074,-2.263671875,-2.3718657458772423,-2.2541210937500002,-2.12848
11.078,-2.26806640625,-2.374910561444569,-2.25673828125,-2.13146
11.083,-2.27197265625,-2.3780510972617694,-2.2593554687500004,-2.13472
11.087,-2.27587890625,-2.3812919114359765,-2.26197265625,-2.13799
11.092,-2.279296875,-2.3845737485744145,-2.26462890625,-2.14126
11.097,-2.28271484375,-2.3878100046414836,-2.26712890625,-2.1444
11.101,-2.28564453125,-2.390886726958769,-2.2696093750000004,-2.14755
11.105,-2.28857421875,-2.3940227046688314,-2.2720703125000004,-2.15073
11.11,-2.29150390625,-2.3971039850932527,-2.2745117187500004,-2.15389
11.114,-2.294921875,-2.4002034979462223,-2.2769335937500004,-2.15707
11.119,-2.29931640625,-2.403339475656285,-2.279296875,-2.16037
11.123,-2.30322265625,-2.4064800114734837,-2.28177734375,-2.1635400000000002
11.128,-2.3056640625,-2.4097390580762372,-2.2841406250000005,-2.16686
11.132,-2.31005859375,-2.4128568033577533,-2.286484375,-2.17003
11.136,-2.3134765625,-2.4159699905321315,-2.28888671875,-2.17306
11.141,-2.31591796875,-2.419101410135058,-2.2912109375000003,-2.17625
11.145,-2.3193359375,-2.422182690559479,-2.29357421875,-2.17943
11.149,-2.32275390625,-2.425327784483816,-2.29583984375,-2.18259
11.154,-2.32568359375,-2.428390832479691,-2.298203125,-2.18576
11.158,-2.3291015625,-2.4315450426183,-2.3004882812500003,-2.18893
11.163,-2.3330078125,-2.434612648721311,-2.3029296875000003,-2.19209
11.167,-2.33740234375,-2.4379263926097057,-2.30544921875,-2.1954000000000002
11.172,-2.3408203125,-2.441344972962245,-2.3078320312500002,-2.19872
11.176,-2.34375,-2.4444855087794437,-2.3101757812500003,-2.20188
11.181,-2.3466796875,-2.4476260445966442,-2.3125000000000004,-2.20506
11.185,-2.349609375,-2.4507073250210656,-2.31484375,-2.20824
11.189,-2.353515625,-2.4538250703025817,-2.3171289062500002,-2.21143
11.194,-2.3564453125,-2.4568790020841824,-2.3194140625000004,-2.21459
11.198,-2.3603515625,-2.4599648406157417,-2.32171875,-2.21764
11.202,-2.3642578125,-2.4630506791472992,-2.3241015625,-2.22082
11.207,-2.36767578125,-2.466163866321679,-2.32646484375,-2.22387
11.211,-2.37060546875,-2.4692907278174694,-2.3288671875,-2.22707
11.215,-2.373046875,-2.4723628920276166,-2.3312500000000003,-2.23014
11.22,-2.3759765625,-2.4753849170592606,-2.3336718750000003,-2.23335
11.224,-2.37939453125,-2.478434290733725,-2.33626953125,-2.2364100000000002
11.228,-2.3837890625,-2.4817024535507546,-2.33880859375,-2.23979
11.233,-2.38818359375,-2.4848885704393187,-2.34140625,-2.243
11.237,-2.39111328125,-2.4880701292207483,-2.3439843750000002,-2.2462400000000002
11.242,-2.3935546875,-2.4911833163951282,-2.346640625,-2.24948
11.246,-2.39794921875,-2.494323852212327,-2.3492578125000003,-2.25275
11.25,-2.3994140625,-2.49740513263675,-2.351953125,-2.2560000000000002
11.255,-2.40283203125,-2.5004955292754456,-2.3546875000000003,-2.25913
11.259,-2.4072265625,-2.5036360650926444,-2.3575195312500004,-2.26255
11.263,-2.41162109375,-2.5068267400883464,-2.3602929687500005,-2.26582
11.268,-2.41455078125,-2.5099627177984107,-2.3632031250000005,-2.26893
11.272,-2.41845703125,-2.5131397184727025,-2.3662109375000004,-2.27223
11.277,-2.42236328125,-2.5163850907540475,-2.3692578125,-2.27552
11.281,-2.4248046875,-2.5196441373567993,-2.3723046875000002,-2.27897
11.285,-2.427734375,-2.5227755569597274,-2.3754687500000005,-2.28212
11.29,-2.4326171875,-2.5261439981337617,-2.3787890625,-2.28573
11.294,-2.435546875,-2.5293301150223275,-2.3819726562500003,-2.28904
11.299,-2.4384765625,-2.5324797670538004,-2.3853320312500004,-2.2922000000000002
11.303,-2.44287109375,-2.5356339771924095,-2.3887695312500004,-2.29552
11.307,-2.44677734375,-2.5388702332594804,-2.39240234375,-2.29884
11.312,-2.45068359375,-2.5422705811834714,-2.3960742187500004,-2.30232
11.317,-2.453125,-2.5455934412861403,-2.3998046875,-2.3058
11.321,-2.45751953125,-2.5488069068175268,-2.40357421875,-2.309
11.325,-2.458984375,-2.5519884655989564,-2.4074609375000002,-2.31233
11.33,-2.4638671875,-2.555201931130343,-2.41138671875,-2.31567
11.334,-2.46630859375,-2.5583789318046346,-2.41548828125,-2.31901
11.339,-2.470703125,-2.561592397336023,-2.41974609375,-2.32235
11.343,-2.47509765625,-2.5648104209745455,-2.4241015625,-2.32567
11.347,-2.4775390625,-2.56802844461307,-2.42859375,-2.329
11.352,-2.48046875,-2.5711553061088583,-2.4333398437500002,-2.33218
11.356,-2.4833984375,-2.574396120283067,-2.43826171875,-2.33567
11.36,-2.486328125,-2.5775548885288107,-2.443203125,-2.33899
11.365,-2.49072265625,-2.5806680757031906,-2.4483398437500004,-2.34218
11.369,-2.49462890625,-2.5838587506988944,-2.45365234375,-2.34551
11.373,-2.49853515625,-2.587040309480324,-2.4592187500000002,-2.34882
11.378,-2.50146484375,-2.5902218682617537,-2.4649609375000003,-2.35198
11.382,-2.50439453125,-2.593385194614637,-2.471015625,-2.35532
11.386,-2.5087890625,-2.596580427717475,-2.4772070312500003,-2.35865
11.391,-2.51123046875,-2.59981212567741,-2.48337890625,-2.36198
11.395,-2.5146484375,-2.6029526614946086,-2.4894140625000003,-2.36517
11.399,-2.5185546875,-2.606125104061764,-2.4955468750000005,-2.36849
11.404,-2.52197265625,-2.6093340114860144,-2.5016992187500002,-2.37182
11.408,-2.52587890625,-2.612597616195906,-2.50765625,-2.37512
11.413,-2.52978515625,-2.6158748952272077,-2.5137109375,-2.37845
11.417,-2.533203125,-2.619202313437011,-2.5195898437500004,-2.38194
11.422,-2.53564453125,-2.622520615432542,-2.52529296875,-2.3852700000000002
11.426,-2.5390625,-2.6257751039281594,-2.5307226562500005,-2.38876
11.43,-2.54248046875,-2.6289748951381355,-2.53609375,-2.3921
11.435,-2.5458984375,-2.6322065930980703,-2.5412304687500002,-2.39542
11.439,-2.548828125,-2.635424616736593,-2.54638671875,-2.39874
11.444,-2.5537109375,-2.6386882214464844,-2.55130859375,-2.40206
11.448,-2.55810546875,-2.6419791747991948,-2.5562304687500004,-2.40537
11.453,-2.560546875,-2.645311151116136,-2.5609765625,-2.40883
11.457,-2.56396484375,-2.6485565233974793,-2.5655468750000003,-2.41217
11.461,-2.5673828125,-2.6518064537859605,-2.57009765625,-2.41549
11.466,-2.56982421875,-2.655060942281578,-2.5743945312500003,-2.41895
11.47,-2.57421875,-2.6582333848487334,-2.57857421875,-2.4221
11.475,-2.57763671875,-2.6614377341658475,-2.5828125,-2.42539
11.479,-2.58203125,-2.664733245625694,-2.5868750000000005,-2.42883
11.484,-2.5849609375,-2.6679922922284494,-2.5908203125000004,-2.43209
11.488,-2.5888671875,-2.671210315866972,-2.5947265625000004,-2.43522
11.492,-2.591796875,-2.6745377340767753,-2.5986718750000004,-2.43864
11.497,-2.59423828125,-2.6777056185367965,-2.602421875,-2.4419399999999998
11.501,-2.59716796875,-2.680841596246859,-2.6061523437500003,-2.44507
11.506,-2.60107421875,-2.6840231550282887,-2.60986328125,-2.44849
11.51,-2.60498046875,-2.687268527309632,-2.6134375000000003,-2.45176
11.514,-2.6083984375,-2.690518457698113,-2.61712890625,-2.45503
11.519,-2.6123046875,-2.693832201586508,-2.6206640625,-2.45843
11.523,-2.6162109375,-2.6970958062963977,-2.6241406250000003,-2.46171
11.528,-2.6201171875,-2.70030015561351,-2.6275000000000004,-2.46497
11.532,-2.623046875,-2.7034862725020776,-2.63080078125,-2.4680999999999997
11.536,-2.625,-2.7066313664264126,-2.6341406250000006,-2.47137
11.541,-2.62890625,-2.70980380899357,-2.6373437500000003,-2.47465
11.545,-2.63232421875,-2.712958019132179,-2.64060546875,-2.47792
11.549,-2.6357421875,-2.7161441360207466,-2.6438671875,-2.48117
11.554,-2.64013671875,-2.7194031826234983,-2.6471093750000003,-2.48443
11.558,-2.64404296875,-2.722625764369159,-2.6503125,-2.4876899999999997
11.563,-2.64697265625,-2.725857462329092,-2.6535156250000003,-2.4908
11.567,-2.64990234375,-2.7290982765033007,-2.65677734375,-2.49406
11.571,-2.65380859375,-2.732380113641737,-2.6599023437500002,-2.49749
11.576,-2.65625,-2.7355525562088943,-2.66294921875,-2.50061
11.58,-2.66064453125,-2.738697650133231,-2.6661328125000003,-2.50388
11.585,-2.6640625,-2.7419521386288466,-2.6691796875,-2.50714
11.589,-2.66748046875,-2.7451428136245504,-2.6722851562500005,-2.5103999999999997
11.593,-2.671875,-2.7483836277987574,-2.6754101562500003,-2.51365
11.598,-2.67431640625,-2.75160165143728,-2.67853515625,-2.51678
11.602,-2.67724609375,-2.7547877683258477,-2.6816015625000005,-2.52018
11.606,-2.68017578125,-2.7579191879287723,-2.6847070312500003,-2.52332
11.611,-2.6845703125,-2.761109862924476,-2.6877734374999998,-2.52659
11.615,-2.68798828125,-2.764305096027316,-2.6908593750000005,-2.52986
11.619,-2.69140625,-2.767463864273063,-2.6939453125,-2.5329800000000002
11.624,-2.69384765625,-2.7706590973759013,-2.6970507812500006,-2.5362400000000003
11.628,-2.69775390625,-2.7737859588716915,-2.70021484375,-2.5395
11.632,-2.701171875,-2.7770130987244865,-2.7034375000000006,-2.54276
11.637,-2.70556640625,-2.7802812615415142,-2.70673828125,-2.54619
11.641,-2.70849609375,-2.783686167572645,-2.7100585937500004,-2.54946
11.646,-2.71142578125,-2.7870363763181327,-2.71326171875,-2.55287
11.65,-2.71533203125,-2.790231609420971,-2.7165234375000002,-2.55615
11.655,-2.71875,-2.793476981702316,-2.71974609375,-2.55958
11.659,-2.72216796875,-2.796717795876523,-2.72306640625,-2.56299
11.664,-2.72802734375,-2.8000224235506455,-2.7263476562500006,-2.56624
11.668,-2.73046875,-2.803322493117628,-2.7297070312500002,-2.56948
11.673,-2.73291015625,-2.8065633072918352,-2.7330859375000003,-2.57275
11.677,-2.736328125,-2.8098177957874526,-2.73638671875,-2.57601
11.681,-2.73876953125,-2.8129674478189255,-2.7397265625000005,-2.57928
11.686,-2.7421875,-2.8160806349933054,-2.74314453125,-2.58255
11.69,-2.7470703125,-2.81929410052469,-2.7466406250000004,-2.58581
11.695,-2.75,-2.822525798484625,-2.7501367187500003,-2.58906
11.699,-2.7548828125,-2.8257392640160113,-2.753671875,-2.59215
11.703,-2.7568359375,-2.828961845761672,-2.75720703125,-2.59539
11.708,-2.759765625,-2.832166195078784,-2.7608593750000003,-2.59864
11.712,-2.76220703125,-2.835238359288933,-2.76453125,-2.60188
11.716,-2.7666015625,-2.8383971275346784,-2.7682421875000003,-2.60514
11.721,-2.76953125,-2.8415467795661513,-2.77197265625,-2.60826
11.725,-2.7744140625,-2.844719222133307,-2.7758984375,-2.61152
11.729,-2.7783203125,-2.8479600363075157,-2.7798242187500004,-2.61477
11.734,-2.78076171875,-2.851159827517492,-2.7838476562500003,-2.61802
11.738,-2.7841796875,-2.854368734941742,-2.7879687500000006,-2.62115
11.742,-2.787109375,-2.8575001545446668,-2.7920703125,-2.62441
11.747,-2.7900390625,-2.860617899826183,-2.796171875,-2.62769
11.751,-2.79345703125,-2.8637128545720163,-2.8004101562500003,-2.63083
11.755,-2.79736328125,-2.8669126457819925,-2.80455078125,-2.6341200000000002
11.76,-2.80078125,-2.870044065384917,-2.8086718750000004,-2.6374
11.764,-2.8046875,-2.873189159309252,-2.8127734375,-2.64052
11.768,-2.80810546875,-2.876352485662137,-2.81693359375,-2.64382
11.773,-2.810546875,-2.879625206586301,-2.8208398437500004,-2.6471
11.777,-2.8134765625,-2.8827247194392687,-2.8247070312500004,-2.65037
11.781,-2.81689453125,-2.8858652552564674,-2.8284374999999997,-2.6535
11.786,-2.82080078125,-2.888996674859394,-2.83216796875,-2.65678
11.79,-2.8251953125,-2.8922238147121906,-2.83580078125,-2.66003
11.794,-2.828125,-2.8954099316007564,-2.8393554687500004,-2.66329
11.799,-2.83203125,-2.898577816060776,-2.8428125000000004,-2.66639
11.803,-2.8349609375,-2.9017639329493434,-2.84626953125,-2.66963
11.807,-2.83837890625,-2.90497739848073,-2.8495507812500005,-2.6729000000000003
11.812,-2.8408203125,-2.9081179342979286,-2.85279296875,-2.67616
11.816,-2.8447265625,-2.9112767025436757,-2.8559375000000005,-2.67942
11.821,-2.84814453125,-2.914444587003695,-2.8590234375,-2.68254
11.825,-2.8525390625,-2.917598797142304,-2.86205078125,-2.6858
11.829,-2.85546875,-2.9207803559237338,-2.865078125,-2.68907
11.834,-2.85888671875,-2.9240029376693943,-2.868125,-2.69233
11.838,-2.8623046875,-2.9272938910221047,-2.87099609375,-2.69562
11.842,-2.865234375,-2.9304663335892602,-2.8737890625,-2.69889
11.847,-2.86865234375,-2.933602311299323,-2.8765625000000004,-2.70216
11.851,-2.87158203125,-2.936811218723573,-2.879375,-2.70546
11.856,-2.87646484375,-2.9400565910049163,-2.88208984375,-2.70875
11.86,-2.87939453125,-2.9432746146434408,-2.8847265625,-2.71202
11.864,-2.8837890625,-2.946483522067691,-2.8874218750000002,-2.71529
11.869,-2.88671875,-2.949769917313265,-2.8900390625000005,-2.71858
11.873,-2.8896484375,-2.953001615273198,-2.8926171875,-2.72185
11.878,-2.89306640625,-2.9562105226974484,-2.8951953125000003,-2.72515
11.882,-2.896484375,-2.9595060341572967,-2.8977343749999998,-2.7286
11.887,-2.89990234375,-2.9627377321172297,-2.9001953125,-2.73191
11.891,-2.904296875,-2.965942081434344,-2.9026171874999998,-2.7352
11.895,-2.90673828125,-2.969137314537182,-2.9050390625,-2.73849
11.9,-2.9111328125,-2.9723507800685702,-2.90748046875,-2.74176
11.904,-2.9140625,-2.975573361814231,-2.9098632812500003,-2.74505
11.908,-2.91748046875,-2.9787868273456173,-2.9121875,-2.74833
11.913,-2.9208984375,-2.9819866185555934,-2.9145312500000005,-2.75148
11.917,-2.923828125,-2.9851772935512972,-2.916796875,-2.7547800000000002
11.921,-2.927734375,-2.9883315036899045,-2.9190820312500003,-2.75809
11.926,-2.93017578125,-2.991513062471334,-2.9213671875,-2.76139
11.93,-2.93505859375,-2.994667272609945,-2.92361328125,-2.76469
11.934,-2.93896484375,-2.9978488313913747,-2.9258203125000004,-2.76783
11.939,-2.94091796875,-3.001012157744256,-2.9280664062500006,-2.77113
11.943,-2.943359375,-3.0041526935614566,-2.9302734375000004,-2.77429
11.947,-2.947265625,-3.007243090200152,-2.93263671875,-2.7776300000000003
11.952,-2.95068359375,-3.0105841827313657,-2.93482421875,-2.78111
11.956,-2.95458984375,-3.0137383928699766,-2.9369921875000005,-2.78443
11.961,-2.95849609375,-3.016910835437132,-2.9392382812499998,-2.7876
11.965,-2.962890625,-3.0200832780042877,-2.941484375,-2.79092
11.969,-2.96630859375,-3.0233559989284515,-2.94373046875,-2.7942400000000003
11.974,-2.96875,-3.026615045531207,-2.9459765625,-2.79754
11.978,-2.97216796875,-3.029819394848319,-2.9481640625000005,-2.80086
11.983,-2.974609375,-3.0329918374154747,-2.9504296875000002,-2.80403
11.987,-2.978515625,-3.0361916286254527,-2.9526171875,-2.80749
11.991,-2.98291015625,-3.0393731874068823,-2.9547851562500003,-2.81065
11.996,-2.986328125,-3.042591211045405,-2.9570117187500005,-2.81395
12.0,-2.99072265625,-3.045882164398117,-2.9591992187500002,-2.81724
12.004,-2.9931640625,-3.0490773975009553,-2.96146484375,-2.82055
12.009,-2.99658203125,-3.0523227697822986,-2.9637500000000006,-2.82386
12.013,-2.99951171875,-3.0555544677422333,-2.96611328125,-2.8271800000000002
12.018,-3.0029296875,-3.058909234594859,-2.9684960937500002,-2.83064
12.022,-3.00732421875,-3.0622548852332105,-2.9708984375000003,-2.83411
12.027,-3.0107421875,-3.065646116942929,-2.973203125,-2.83757
12.031,-3.01416015625,-3.068841350045769,-2.975546875,-2.84089
12.036,-3.01806640625,-3.0720776061128383,-2.977890625,-2.84417
12.04,-3.0224609375,-3.0753184202870454,-2.9802734375,-2.84746
12.044,-3.02490234375,-3.078545560139844,-2.9826953125000006,-2.85061
12.049,-3.02783203125,-3.081754467564094,-2.9850976562500002,-2.85395
12.053,-3.03125,-3.084931468238386,-2.9875195312500002,-2.8572699999999998
12.057,-3.0341796875,-3.0881175851269536,-2.9899804687500002,-2.86059
12.062,-3.03759765625,-3.0913037020155176,-2.9925781250000005,-2.8639
12.066,-3.0419921875,-3.094649352653869,-2.9953125000000003,-2.86719
12.071,-3.0458984375,-3.09813630461346,-2.9980273437500005,-2.87078
12.076,-3.0498046875,-3.1015320944303166,-3.000625,-2.8742
12.08,-3.052734375,-3.1047683504973858,-3.00326171875,-2.87749
12.084,-3.056640625,-3.1079407930645413,-3.0059570312500004,-2.88079
12.089,-3.05908203125,-3.11116793291734,-3.00865234375,-2.8841
12.093,-3.06201171875,-3.1143403754844954,-3.0114453125000002,-2.8872400000000003
12.098,-3.06591796875,-3.1175857477658386,-3.0143945312500002,-2.89068
12.102,-3.06982421875,-3.1209496308327367,-3.017421875,-2.89411
12.107,-3.0732421875,-3.1243135138996365,-3.0204687500000005,-2.89755
12.112,-3.07763671875,-3.127732094252176,-3.0236328125000007,-2.90098
12.116,-3.08154296875,-3.1311233259618945,-3.0268750000000004,-2.90443
12.121,-3.0859375,-3.1345738130643888,-3.0300390625,-2.90788
12.125,-3.0888671875,-3.137841975881418,-3.0332617187500004,-2.91118
12.13,-3.09228515625,-3.1411283711269924,-3.0365625,-2.91449
12.134,-3.0947265625,-3.1443737434083356,-3.039921875,-2.91782
12.138,-3.0986328125,-3.1476099994754065,-3.04326171875,-2.92113
12.143,-3.10205078125,-3.1508006744711086,-3.04669921875,-2.92444
12.147,-3.10498046875,-3.153968558931128,-3.0502343750000005,-2.9277699999999998
12.151,-3.109375,-3.1571410014982852,-3.0539257812500002,-2.93093
12.156,-3.11328125,-3.160400048101039,-3.0577539062500003,-2.93423
12.16,-3.11669921875,-3.1636955595608853,-3.0616015625000004,-2.93755
12.164,-3.119140625,-3.1668999088779994,-3.0657421875,-2.9408700000000003
12.169,-3.12255859375,-3.1701817460164374,-3.0698437500000004,-2.9441800000000002
12.173,-3.12548828125,-3.1733359561550465,-3.074140625,-2.94749
12.178,-3.12890625,-3.176553979793571,-3.0786328125,-2.9508099999999997
12.182,-3.1337890625,-3.1798540493605536,-3.0831445312500003,-2.95428
12.186,-3.13671875,-3.183081189213352,-3.0875390625000003,-2.95742
12.191,-3.13232421875,-3.1861032142449943,-3.0896484375,-2.9606
12.195,-3.12939453125,-3.188737800170019,-3.09009765625,-2.96313
12.199,-3.12548828125,-3.1910624348097443,-3.0894140625000004,-2.9649799999999997
12.204,-3.123046875,-3.1931546059855,-3.0879101562500004,-2.96639
12.208,-3.11962890625,-3.194964174518777,-3.0857421875,-2.96725
12.213,-3.1162109375,-3.196527605266672,-3.0830859375,-2.9675599999999998
12.217,-3.11279296875,-3.1978494563363196,-3.08013671875,-2.96729
12.221,-3.109375,-3.1989023790849025,-3.0768554687500003,-2.96651
12.226,-3.10546875,-3.1997319545837843,-3.0734375000000003,-2.96508
12.23,-3.10205078125,-3.200347299047241,-3.0698828125000004,-2.96312
12.235,-3.09912109375,-3.200762086796683,-3.066328125,-2.9605699999999997
12.239,-3.095703125,-3.2009899921535183,-3.0628906250000005,-2.95749
12.243,-3.0927734375,-3.2010446894391595,-3.05935546875,-2.95418
12.248,-3.08935546875,-3.200939852975015,-3.05591796875,-2.95098
12.252,-3.0859375,-3.2006709246539486,-3.0525585937500006,-2.94774
12.256,-3.08154296875,-3.200228788261686,-3.04923828125,-2.94468
12.261,-3.07861328125,-3.199631676226776,-3.0459765625,-2.94147
12.265,-3.076171875,-3.1989342858348593,-3.0426562500000003,-2.93842
12.269,-3.07275390625,-3.198109268443112,-3.039453125,-2.93519
12.274,-3.0693359375,-3.197156624051537,-3.036328125,-2.9319800000000003
12.278,-3.06689453125,-3.196135608052913,-3.03330078125,-2.92876
12.282,-3.0625,-3.1949869650544596,-3.0302343750000005,-2.92557
12.287,-3.05810546875,-3.193660555877676,-3.0273046875,-2.92238
12.291,-3.05517578125,-3.1922521007724285,-3.02435546875,-2.91935
12.295,-3.052734375,-3.190761599738721,-3.021484375,-2.9161799999999998
12.3,-3.04931640625,-3.1892072852051,-3.018671875,-2.91301
12.304,-3.04638671875,-3.1875845990644276,-3.01591796875,-2.90982
12.309,-3.04345703125,-3.1859117737452536,-3.01322265625,-2.90665
12.313,-3.0400390625,-3.18415234439048,-3.0106640625,-2.90348
12.317,-3.037109375,-3.182365566392887,-3.0080468750000007,-2.90047
12.321,-3.03271484375,-3.1804876262525568,-3.00552734375,-2.89748
12.326,-3.029296875,-3.178523082076632,-3.0029882812500004,-2.89434
12.33,-3.02685546875,-3.176481050079383,-3.0004687500000005,-2.89122
12.334,-3.0234375,-3.174411669439312,-2.9980078125,-2.8881
12.339,-3.02099609375,-3.17230126583501,-2.995625,-2.88511
12.343,-3.017578125,-3.1701817460164374,-2.9931640625000004,-2.88198
12.348,-3.01318359375,-3.167898134340941,-2.99076171875,-2.87886
12.352,-3.01025390625,-3.1655142443084365,-2.98830078125,-2.8756
12.357,-3.0068359375,-3.163084773204565,-2.9859765625,-2.87237
12.361,-3.0029296875,-3.160705441279198,-2.9835937500000003,-2.86926
12.366,-3.0,-3.158225830996823,-2.98134765625,-2.86617
12.37,-2.99755859375,-3.155819150428636,-2.9790820312500004,-2.86307
12.374,-2.99462890625,-3.153380563110492,-2.97685546875,-2.85996
12.379,-2.9912109375,-3.15093741768521,-2.97470703125,-2.85684
12.383,-2.98779296875,-3.1484532492956987,-2.9724804687499997,-2.85373
12.387,-2.984375,-3.1459189417276825,-2.9703515625000003,-2.8506299999999998
12.392,-2.9794921875,-3.1433253787668907,-2.96814453125,-2.84753
12.396,-2.97705078125,-3.1405540496277666,-2.9659570312500003,-2.8443
12.401,-2.97314453125,-3.137819185345734,-2.96376953125,-2.8412100000000002
12.405,-2.97119140625,-3.1350843210637027,-2.9616796875,-2.83811
12.41,-2.96826171875,-3.132454293245816,-2.9594921875,-2.835
12.414,-2.96435546875,-3.1296601735710077,-2.9573437500000006,-2.83176
12.419,-2.96142578125,-3.126888844431882,-2.9552343750000003,-2.8285
12.423,-2.95849609375,-3.124167654471261,-2.95318359375,-2.8254099999999998
12.428,-2.95458984375,-3.121441906403504,-2.9510742187500005,-2.82231
12.432,-2.95166015625,-3.118693367800061,-2.9489648437500002,-2.81923
12.437,-2.94775390625,-3.1158855738038422,-2.9468750000000004,-2.81616
12.441,-2.94384765625,-3.113054989271941,-2.9447656250000005,-2.81295
12.445,-2.9423828125,-3.110251753382858,-2.9426953125000006,-2.80986
12.45,-2.93798828125,-3.107480424243734,-2.9406250000000007,-2.8069100000000002
12.454,-2.9365234375,-3.104704536997472,-2.9384960937500004,-2.80382
12.459,-2.93310546875,-3.1018192551799277,-2.936328125,-2.80047
12.463,-2.92919921875,-3.0989066247195645,-2.9341992187500003,-2.7974
12.468,-2.92529296875,-3.09595752940211,-2.9320703125,-2.79419
12.472,-2.92138671875,-3.0930403408346088,-2.9299609375,-2.7909800000000002
12.477,-2.91845703125,-3.0901185941599714,-2.9279101562500003,-2.7879300000000002
12.481,-2.91552734375,-3.087278893413796,-2.9258398437500004,-2.78486
12.485,-2.9130859375,-3.0844528669890305,-2.9237890625,-2.78192
12.49,-2.91064453125,-3.0816769797427686,-2.92169921875,-2.7788399999999998
12.494,-2.9072265625,-3.07888286006796,-2.9196093750000003,-2.77577
12.498,-2.90380859375,-3.076061391750331,-2.9175,-2.77272
12.503,-2.8994140625,-3.0731487612899677,-2.91537109375,-2.76951
12.507,-2.89697265625,-3.0702817119009715,-2.913203125,-2.76661
12.512,-2.89306640625,-3.0673417327977877,-2.9109570312500006,-2.76357
12.516,-2.890625,-3.0643880793731952,-2.9087109375000004,-2.76039
12.521,-2.88671875,-3.061388844877234,-2.9064062500000003,-2.75734
12.525,-2.884765625,-3.058371377952726,-2.9041992187500005,-2.75415
12.53,-2.88134765625,-3.0554906542423197,-2.9018750000000004,-2.75111
12.534,-2.8779296875,-3.052523326496315,-2.8996875000000006,-2.74796
12.538,-2.87451171875,-3.049651719000183,-2.8974609375000004,-2.74493
12.543,-2.87060546875,-3.046761879075504,-2.89517578125,-2.74193
12.547,-2.8681640625,-3.043867481043687,-2.89287109375,-2.7390600000000003
12.552,-2.86474609375,-3.04094573436905,-2.89056640625,-2.73604
12.556,-2.861328125,-3.038055894444369,-2.88814453125,-2.73301
12.56,-2.859375,-3.035147822091144,-2.8857421875000004,-2.72997
12.565,-2.8564453125,-3.0322670983807374,-2.8833203125,-2.72693
12.569,-2.8525390625,-3.029390932777469,-2.88087890625,-2.72404
12.573,-2.849609375,-3.0265010928527882,-2.87837890625,-2.72101
12.578,-2.845703125,-3.0236158110352456,-2.8758398437500006,-2.71799
12.582,-2.841796875,-3.0206530413963772,-2.8731640625000003,-2.71496
12.587,-2.84033203125,-3.017589993400504,-2.87044921875,-2.71192
12.591,-2.8359375,-3.0146591305115944,-2.8677929687500003,-2.70887
12.595,-2.83349609375,-3.011764732479776,-2.8650585937499997,-2.70581
12.6,-2.830078125,-3.008833869590866,-2.8622460937500005,-2.70276
12.604,-2.8271484375,-3.005848309416315,-2.8594921875,-2.6997299999999997
12.608,-2.82373046875,-3.0029630275987724,-2.8566796875000007,-2.6967
12.613,-2.8203125,-3.0000595133526815,-2.8537304687500002,-2.69382
12.617,-2.81640625,-2.997101301820953,-2.8506640625,-2.69082
12.621,-2.814453125,-2.994115741646402,-2.84755859375,-2.6878
12.626,-2.81201171875,-2.9911620882218095,-2.8444335937500003,-2.68477
12.63,-2.80908203125,-2.988285922618539,-2.84111328125,-2.68175
12.635,-2.80517578125,-2.985204642194116,-2.8376953125,-2.67848
12.639,-2.8017578125,-2.9821643847339256,-2.83423828125,-2.6753400000000003
12.644,-2.798828125,-2.9791195691665973,-2.8308789062499997,-2.6722200000000003
12.648,-2.79541015625,-2.976252519777601,-2.8273437500000003,-2.66936
12.653,-2.79248046875,-2.9732943082458707,-2.82369140625,-2.66639
12.657,-2.7880859375,-2.970317864285592,-2.8199218750000004,-2.66343
12.662,-2.78564453125,-2.967291281146812,-2.8160937500000003,-2.66031
12.666,-2.78271484375,-2.9643330696150816,-2.8123046875,-2.65731
12.671,-2.779296875,-2.961365741869077,-2.808359375,-2.65433
12.675,-2.7763671875,-2.9584029722302105,-2.8045703125,-2.6513400000000003
12.679,-2.77392578125,-2.9555404809483505,-2.8007421875000005,-2.6483499999999998
12.684,-2.77001953125,-2.9526369667022614,-2.79685546875,-2.64536
12.688,-2.76611328125,-2.9496468484205742,-2.7930859375000003,-2.64237
12.692,-2.763671875,-2.9467433341744833,-2.7892187500000003,-2.6394
12.697,-2.759765625,-2.943757773999934,-2.7854296874999998,-2.63639
12.701,-2.7578125,-2.940795004361066,-2.7817578125000004,-2.63337
12.706,-2.7548828125,-2.9378869320078387,-2.7781835937500006,-2.63036
12.71,-2.75146484375,-2.935033556940253,-2.77466796875,-2.62732
12.714,-2.74853515625,-2.9321619494441205,-2.7711718750000003,-2.62445
12.719,-2.744140625,-2.9292675514123037,-2.7676757812500004,-2.62143
12.723,-2.74072265625,-2.9263093398805733,-2.7642578125000004,-2.61842
12.727,-2.73828125,-2.923387593205936,-2.7608203125,-2.61555
12.732,-2.7353515625,-2.9204384978884796,-2.7571875,-2.61252
12.736,-2.7314453125,-2.917311636392691,-2.75375,-2.60935
12.741,-2.72900390625,-2.9142896113610455,-2.7503515625,-2.60617
12.745,-2.72607421875,-2.9112994930793583,-2.7469140625,-2.60313
12.75,-2.72216796875,-2.908209096440663,-2.743515625,-2.59994
12.755,-2.71923828125,-2.905105025480557,-2.740234375,-2.59662
12.759,-2.71484375,-2.9021787206987852,-2.7370703125,-2.5937099999999997
12.763,-2.71142578125,-2.899220509167053,-2.7338671875000005,-2.5906599999999997
12.768,-2.7080078125,-2.896193926028273,-2.7306835937500002,-2.58758
12.772,-2.7041015625,-2.8931582266752187,-2.72755859375,-2.5845000000000002
12.776,-2.7021484375,-2.8901544340721195,-2.724453125,-2.58141
12.781,-2.69873046875,-2.887200780647527,-2.72138671875,-2.57831
12.785,-2.69580078125,-2.884215220472976,-2.7183007812500004,-2.57521
12.789,-2.69140625,-2.8812068697627407,-2.71525390625,-2.57211
12.794,-2.68896484375,-2.8781757285168243,-2.71220703125,-2.569
12.798,-2.68408203125,-2.8751126805209477,-2.7091015625000003,-2.56591
12.803,-2.681640625,-2.8719858190251593,-2.7060156250000005,-2.56281
12.807,-2.6787109375,-2.868918212922148,-2.7030078125,-2.5597
12.812,-2.67578125,-2.8659098622119146,-2.70001953125,-2.55659
12.816,-2.6728515625,-2.862937976358772,-2.69708984375,-2.55347
12.82,-2.67041015625,-2.859956974291359,-2.6941015625,-2.55037
12.825,-2.66552734375,-2.857003320866765,-2.69115234375,-2.54727
12.829,-2.66259765625,-2.8540040863708036,-2.6882421875,-2.54431
12.833,-2.65869140625,-2.8510139680891164,-2.68521484375,-2.5411900000000003
12.838,-2.6552734375,-2.8479098971290107,-2.68232421875,-2.53809
12.842,-2.65185546875,-2.844892430204503,-2.67931640625,-2.53497
12.846,-2.6494140625,-2.8418521727443107,-2.67630859375,-2.53185
12.851,-2.64697265625,-2.8388255896055306,-2.673359375,-2.5287100000000002
12.855,-2.6435546875,-2.8358445875381175,-2.67033203125,-2.5256
12.86,-2.6396484375,-2.8327678652208323,-2.66732421875,-2.52247
12.864,-2.6357421875,-2.8297002591178195,-2.66435546875,-2.51934
12.868,-2.63232421875,-2.8266827921933118,-2.6613476562500002,-2.51622
12.873,-2.62890625,-2.823624302304573,-2.6583007812500004,-2.51324
12.877,-2.6259765625,-2.820511115130195,-2.65515625,-2.50998
12.882,-2.623046875,-2.8173705793129944,-2.652109375,-2.50684
12.886,-2.61962890625,-2.8143120894242575,-2.6491015625000003,-2.50371
12.89,-2.6162109375,-2.811299180606886,-2.64607421875,-2.5005800000000002
12.895,-2.61328125,-2.8082725974681058,-2.643046875,-2.49745
12.899,-2.60986328125,-2.805255130543598,-2.6398242187500003,-2.49433
12.904,-2.60595703125,-2.802105478512125,-2.63662109375,-2.49121
12.908,-2.6025390625,-2.7989603845877884,-2.63330078125,-2.48794
12.913,-2.59912109375,-2.7957332447349916,-2.6300585937500003,-2.48468
12.917,-2.5966796875,-2.7926701967391168,-2.626796875,-2.48155
12.921,-2.59326171875,-2.789657287921745,-2.62357421875,-2.47856
12.926,-2.58984375,-2.786662611532922,-2.6203125000000003,-2.47541
12.93,-2.58642578125,-2.783645144608414,-2.6170507812500006,-2.47226
12.934,-2.5830078125,-2.7806231195767683,-2.61365234375,-2.46928
12.939,-2.580078125,-2.7775646296880314,-2.61025390625,-2.46615
12.943,-2.5751953125,-2.774469674942198,-2.60671875,-2.46301
12.947,-2.57275390625,-2.771397510732049,-2.6031835937500003,-2.45988
12.952,-2.5703125,-2.768334462736176,-2.5996484375000004,-2.45673
12.956,-2.5673828125,-2.765348902561623,-2.59607421875,-2.45373
12.96,-2.564453125,-2.7623724586013463,-2.59236328125,-2.4506
12.965,-2.560546875,-2.7593048524983352,-2.5885156250000003,-2.44748
12.969,-2.55712890625,-2.7561552004668624,-2.5847070312500002,-2.44436
12.974,-2.552734375,-2.753073920042441,-2.5807812500000002,-2.44125
12.978,-2.55029296875,-2.7499789652966093,-2.5767968750000003,-2.43815
12.983,-2.5458984375,-2.7468794524436415,-2.5727734375,-2.4350300000000002
12.987,-2.5439453125,-2.743830078769175,-2.5686328125,-2.4319
12.991,-2.54150390625,-2.7407761469875727,-2.56439453125,-2.42878
12.996,-2.53759765625,-2.7377358895273822,-2.5601953125000003,-2.42567
13.0,-2.5341796875,-2.7347548874599674,-2.5558398437500003,-2.4227
13.004,-2.53125,-2.7317328624283235,-2.5513476562500004,-2.41959
13.009,-2.52685546875,-2.728674372539585,-2.5465039062500003,-2.41648
13.013,-2.5244140625,-2.725483697543881,-2.54166015625,-2.41321
13.018,-2.52099609375,-2.722434323869418,-2.53666015625,-2.41007
13.022,-2.51806640625,-2.7193302529093106,-2.53150390625,-2.40693
13.026,-2.5146484375,-2.7162672049134375,-2.5264257812500004,-2.40379
13.031,-2.51220703125,-2.713290760953159,-2.5211328125000003,-2.40065
13.035,-2.5087890625,-2.7102869683500614,-2.51556640625,-2.39753
13.04,-2.5048828125,-2.707201129818502,-2.5097460937500005,-2.39441
13.044,-2.5009765625,-2.704046919679895,-2.503828125,-2.39114
13.049,-2.49755859375,-2.7009474068269252,-2.4977539062500003,-2.38802
13.053,-2.49462890625,-2.6977977547954524,-2.4917968750000004,-2.3849
13.057,-2.4921875,-2.6947711716566722,-2.48576171875,-2.38177
13.062,-2.48828125,-2.6916169615180614,-2.4797265625000002,-2.37851
13.067,-2.4853515625,-2.688449077058042,-2.4737890625000003,-2.37526
13.071,-2.48193359375,-2.6852766344908865,-2.46830078125,-2.37202
13.076,-2.478515625,-2.682268283780653,-2.4631250000000002,-2.36892
13.08,-2.47509765625,-2.6792553749632813,-2.4578515625,-2.36583
13.084,-2.47216796875,-2.676215117503089,-2.4527343750000004,-2.36274
13.089,-2.4677734375,-2.6731292789715297,-2.4476953125,-2.3596500000000002
13.093,-2.4658203125,-2.670020649904288,-2.4428906250000004,-2.35657
13.098,-2.46240234375,-2.6669393694798664,-2.4381640625000003,-2.35335
13.102,-2.458984375,-2.6638717633768554,-2.4337695312500003,-2.35024
13.106,-2.45654296875,-2.660904435630851,-2.42951171875,-2.34717
13.111,-2.45361328125,-2.6579052011348896,-2.42529296875,-2.3441
13.115,-2.44921875,-2.654896850424654,-2.42126953125,-2.34104
13.12,-2.4453125,-2.6518565929644637,-2.41728515625,-2.33797
13.124,-2.443359375,-2.648798103075727,-2.41345703125,-2.33492
13.129,-2.43896484375,-2.6457624037226726,-2.4097265625000004,-2.33187
13.133,-2.43701171875,-2.642735820583889,-2.40609375,-2.32882
13.137,-2.43359375,-2.639722911766519,-2.40263671875,-2.32576
13.142,-2.431640625,-2.636823955627566,-2.39927734375,-2.32271
13.146,-2.427734375,-2.633879418417246,-2.3959765625000005,-2.31967
13.15,-2.42431640625,-2.6309075325641054,-2.392734375,-2.31676
13.155,-2.4208984375,-2.6278763913181873,-2.38947265625,-2.31361
13.159,-2.41748046875,-2.6248908311436363,-2.3863867187500003,-2.31059
13.163,-2.41455078125,-2.6219462939333162,-2.3833984375000004,-2.30771
13.168,-2.412109375,-2.618992640508722,-2.38037109375,-2.30469
13.172,-2.40966796875,-2.6160617776198123,-2.3775000000000004,-2.30168
13.176,-2.40625,-2.6131719376951335,-2.37451171875,-2.29879
13.181,-2.40283203125,-2.6100906572707103,-2.3717578125000003,-2.29566
13.185,-2.39990234375,-2.607168910596073,-2.36900390625,-2.29266
13.19,-2.39599609375,-2.604242605814301,-2.3663867187500003,-2.28968
13.194,-2.39306640625,-2.601329975353938,-2.36373046875,-2.2867100000000002
13.198,-2.39013671875,-2.598417344893573,-2.36111328125,-2.28388
13.203,-2.3876953125,-2.5954636914689786,-2.3585742187500003,-2.2809
13.207,-2.384765625,-2.592587525865712,-2.35611328125,-2.27793
13.211,-2.3818359375,-2.5897432670123983,-2.3536523437500003,-2.27511
13.216,-2.37939453125,-2.5868579851948557,-2.3512500000000003,-2.27217
13.22,-2.3759765625,-2.584009168234406,-2.34888671875,-2.26923
13.224,-2.37158203125,-2.5811330026311357,-2.34650390625,-2.26631
13.229,-2.369140625,-2.5782203721707724,-2.34408203125,-2.26353
13.233,-2.36669921875,-2.575234811996223,-2.341640625,-2.2604699999999998
13.238,-2.36328125,-2.572199112643167,-2.33931640625,-2.25743
13.242,-2.36083984375,-2.5692819240756677,-2.3370117187500004,-2.25452
13.247,-2.3583984375,-2.566401200365261,-2.33478515625,-2.25163
13.251,-2.35498046875,-2.5635523834048115,-2.3326171875000004,-2.24863
13.256,-2.3515625,-2.5606944502300895,-2.33044921875,-2.24577
13.26,-2.34912109375,-2.557868423805324,-2.3283593750000002,-2.24305
13.264,-2.34521484375,-2.5550697460233778,-2.32619140625,-2.24022
13.269,-2.34228515625,-2.5521616736701507,-2.3241015625,-2.23737
13.273,-2.34033203125,-2.549353879673932,-2.32205078125,-2.23454
13.277,-2.33642578125,-2.5465779924276717,-2.3198828125000004,-2.23182
13.282,-2.333984375,-2.54364712953876,-2.3177734375,-2.22886
13.286,-2.33154296875,-2.5407664058283537,-2.3155859375000003,-2.22603
13.291,-2.32763671875,-2.53782642672517,-2.3135351562500004,-2.22309
13.295,-2.3251953125,-2.535032307050363,-2.31134765625,-2.22015
13.3,-2.3212890625,-2.532092327947179,-2.3092578125000003,-2.21732
13.304,-2.31787109375,-2.5292435109867295,-2.3070703125,-2.21437
13.309,-2.314453125,-2.526280741347863,-2.3049218750000002,-2.21154
13.313,-2.3125,-2.5233954595303185,-2.3028515625000003,-2.20859
13.318,-2.30908203125,-2.520564874998417,-2.30078125,-2.20589
13.322,-2.306640625,-2.5177251742522415,-2.29876953125,-2.20306
13.326,-2.30322265625,-2.514935612684569,-2.29673828125,-2.20027
13.331,-2.30029296875,-2.5121232605812143,-2.2946289062500003,-2.19748
13.335,-2.29736328125,-2.5092288625493975,-2.2925585937500004,-2.19456
13.34,-2.29345703125,-2.5063618131604013,-2.2905273437500004,-2.19178
13.344,-2.291015625,-2.5035631353784566,-2.288515625,-2.18899
13.348,-2.28857421875,-2.5007781319179205,-2.28642578125,-2.18622
13.353,-2.28564453125,-2.4979566636002932,-2.2843945312500002,-2.18344
13.357,-2.2822265625,-2.4951807763540312,-2.2823632812500003,-2.18068
13.361,-2.27978515625,-2.4923729823578125,-2.2802734375,-2.17792
13.366,-2.2763671875,-2.489574304575868,-2.2781640625,-2.17519
13.37,-2.27294921875,-2.4866479997940925,-2.2760937500000002,-2.17244
13.375,-2.27001953125,-2.483894903083515,-2.2740234375000004,-2.16969
13.379,-2.2685546875,-2.4811326901586632,-2.2719140625,-2.16693
13.383,-2.26513671875,-2.4783613610195374,-2.2697265625000003,-2.16418
13.388,-2.26220703125,-2.475585473773277,-2.2675781250000004,-2.16142
13.392,-2.25927734375,-2.472805028419879,-2.26541015625,-2.15866
13.397,-2.255859375,-2.470024583066479,-2.26322265625,-2.1559
13.401,-2.2529296875,-2.4671985566417156,-2.26099609375,-2.15315
13.405,-2.25,-2.4644089950740415,-2.2587890625000004,-2.15041
13.41,-2.24658203125,-2.4616057591849607,-2.2564453125000004,-2.14765
13.414,-2.24365234375,-2.4586612219746407,-2.2541015625000003,-2.14477
13.419,-2.24072265625,-2.4557896144785065,-2.25177734375,-2.14187
13.423,-2.23876953125,-2.4529818204822877,-2.2493359375,-2.13912
13.428,-2.2353515625,-2.4500737481290624,-2.24689453125,-2.13623
13.433,-2.232421875,-2.4472112568472024,-2.24451171875,-2.13334
13.437,-2.22900390625,-2.444453602029487,-2.242109375,-2.13058
13.442,-2.2255859375,-2.4416685985689526,-2.23958984375,-2.12785
13.446,-2.22314453125,-2.4387559681085893,-2.2370703125,-2.12497
13.451,-2.21826171875,-2.43592082546955,-2.2345507812500003,-2.12208
13.455,-2.21630859375,-2.433103915259057,-2.23197265625,-2.1193400000000002
13.459,-2.212890625,-2.4303052374771124,-2.229375,-2.11657
13.464,-2.21044921875,-2.4275339083379883,-2.2267382812500003,-2.11391
13.468,-2.2080078125,-2.4247716954131366,-2.2239453125,-2.11114
13.473,-2.20556640625,-2.4219411108812334,-2.22126953125,-2.10823
13.477,-2.2021484375,-2.4192472695634333,-2.2184570312500003,-2.10546
13.481,-2.1982421875,-2.4164713823171713,-2.21564453125,-2.10268
13.486,-2.19482421875,-2.4136818207495008,-2.212734375,-2.10001
13.49,-2.19189453125,-2.410915049717511,-2.209765625,-2.09722
13.494,-2.189453125,-2.4081072557212924,-2.2066601562500003,-2.09441
13.499,-2.1865234375,-2.4052903455108012,-2.20345703125,-2.0916
13.503,-2.18310546875,-2.4024278542289412,-2.20009765625,-2.0887700000000002
13.508,-2.18017578125,-2.3995106656614418,-2.19666015625,-2.08582
13.512,-2.1767578125,-2.3965980352010767,-2.193203125,-2.0828699999999998
13.517,-2.173828125,-2.3937674506691753,-2.1896484375000003,-2.08004
13.521,-2.17041015625,-2.390895843173043,-2.1858984375,-2.07708
13.526,-2.16650390625,-2.3878920505699437,-2.1821093750000005,-2.07411
13.53,-2.1640625,-2.3850432336094958,-2.178046875,-2.07125
13.535,-2.15966796875,-2.3820029761493053,-2.17408203125,-2.06826
13.539,-2.1572265625,-2.379117694331761,-2.1701367187500002,-2.06539
13.544,-2.15380859375,-2.3762552030499027,-2.1662500000000002,-2.0625
13.548,-2.15185546875,-2.3734246185179995,-2.16220703125,-2.0596
13.553,-2.14794921875,-2.3705621272361395,-2.1582812500000004,-2.05671
13.557,-2.14453125,-2.367685961632871,-2.154296875,-2.0538
13.561,-2.1416015625,-2.36478244738678,-2.15041015625,-2.05075
13.566,-2.13671875,-2.3618652588192806,-2.14658203125,-2.04783
13.57,-2.1337890625,-2.3589526283589173,-2.1427734375000003,-2.04503
13.574,-2.1318359375,-2.356071904648511,-2.1390234375,-2.04208
13.579,-2.12939453125,-2.3532322039023352,-2.13525390625,-2.03911
13.583,-2.125,-2.350319573441972,-2.1316015625,-2.03615
13.588,-2.1220703125,-2.347420617303019,-2.1280468750000003,-2.03317
13.592,-2.119140625,-2.3445763584497072,-2.12451171875,-2.03033
13.596,-2.11474609375,-2.341691076632163,-2.12095703125,-2.02731
13.6,-2.111328125,-2.3387465394218427,-2.11744140625,-2.02445
13.605,-2.1083984375,-2.3357883278901124,-2.1138867187500003,-2.02143
13.609,-2.10595703125,-2.3328164420369735,-2.11041015625,-2.01838
13.614,-2.10205078125,-2.3298582305052413,-2.106875,-2.01531
13.618,-2.09912109375,-2.3268088568307768,-2.1034765625,-2.01212
13.622,-2.09521484375,-2.3238415290847723,-2.10009765625,-2.0090500000000002
13.627,-2.09228515625,-2.320851410803087,-2.0967773437500004,-2.00612
13.631,-2.087890625,-2.3178339438785773,-2.0934179687500003,-2.00303
13.636,-2.08349609375,-2.314757221561292,-2.0900781250000002,-1.9999500000000001
13.64,-2.0810546875,-2.311671383029733,-2.08673828125,-1.99669
13.645,-2.07861328125,-2.3085581958553547,-2.08337890625,-1.99357
13.649,-2.0751953125,-2.30542677625243,-2.0799609375,-1.99031
13.654,-2.0712890625,-2.3022406593638625,-2.0767382812500004,-1.98704
13.658,-2.0673828125,-2.299200401903672,-2.07337890625,-1.9839
13.663,-2.064453125,-2.295959587729465,-2.0700585937500002,-1.98062
13.667,-2.06103515625,-2.292768912733761,-2.066796875,-1.97735
13.672,-2.05615234375,-2.289560005309511,-2.0635937500000003,-1.97403
13.676,-2.05224609375,-2.2864285857065862,-2.06046875,-1.97086
13.681,-2.04931640625,-2.283301724210796,-2.0573242187500003,-1.96769
13.685,-2.0458984375,-2.2801611883935973,-2.05419921875,-1.96451
13.689,-2.04296875,-2.277043443112081,-2.05111328125,-1.9613
13.694,-2.0390625,-2.2739940694376166,-2.0480859375000002,-1.95824
13.698,-2.0361328125,-2.2709219052274676,-2.04490234375,-1.9550400000000001
13.703,-2.0322265625,-2.2676902072675347,-2.041875,-1.95182
13.707,-2.02880859375,-2.2646043687359754,-2.0388085937500002,-1.94858
13.711,-2.02490234375,-2.261468391025913,-2.0357031250000004,-1.94539
13.716,-2.021484375,-2.2582777160302108,-2.03255859375,-1.94216
13.72,-2.0185546875,-2.255082482927371,-2.0294140625000003,-1.93892
13.725,-2.01416015625,-2.251855343074574,-2.0262890625,-1.93568
13.729,-2.01171875,-2.248669226186008,-2.023203125,-1.93243
13.733,-2.0078125,-2.245510457940261,-2.0201171875000004,-1.92917
13.738,-2.00390625,-2.2423243410516935,-2.0170703125,-1.92593
13.742,-2.00146484375,-2.2391701309130863,-2.01396484375,-1.92271
13.746,-1.99658203125,-2.2359703397031083,-2.01080078125,-1.91947
13.751,-1.9931640625,-2.232670270136124,-2.00759765625,-1.91609
13.755,-1.98974609375,-2.229320061390636,-2.004296875,-1.91285
13.76,-1.986328125,-2.225919713466645,-2.00103515625,-1.90933
13.765,-1.98388671875,-2.2226424344353433,-1.99771484375,-1.90607
13.769,-1.9794921875,-2.2193332486540847,-1.99453125,-1.9027
13.774,-1.97607421875,-2.216160806086929,-1.99130859375,-1.89946
13.778,-1.9716796875,-2.212924550019858,-1.9880078125,-1.89622
13.782,-1.96875,-2.2096290385600117,-1.98470703125,-1.893
13.787,-1.96337890625,-2.20636543385012,-1.98138671875,-1.88961
13.791,-1.9609375,-2.203120061568777,-1.978125,-1.88651
13.796,-1.95849609375,-2.1999749676444402,-1.9746875,-1.88326
13.8,-1.95458984375,-2.196734153470233,-1.97125,-1.88001
13.804,-1.951171875,-2.1935024555103,-1.96787109375,-1.87675
13.809,-1.94775390625,-2.1902707575503655,-1.9643359374999998,-1.8735
13.813,-1.94384765625,-2.1870755244475273,-1.9608203125,-1.87025
13.817,-1.94091796875,-2.1838529427018667,-1.95724609375,-1.86697
13.822,-1.9365234375,-2.1806349190633423,-1.95365234375,-1.86385
13.826,-1.93310546875,-2.177421453531956,-1.9500195312500002,-1.86059
13.83,-1.9296875,-2.1742171042148435,-1.9462890625,-1.85747
13.835,-1.9267578125,-2.170994522469183,-1.94251953125,-1.8542
13.839,-1.923828125,-2.1677810569377947,-1.93876953125,-1.85093
13.843,-1.92041015625,-2.1646359630134597,-1.9349023437500001,-1.84782
13.848,-1.91650390625,-2.1614589623391662,-1.930859375,-1.84454
13.852,-1.91259765625,-2.158131544129363,-1.9267773437499998,-1.84128
13.857,-1.90869140625,-2.154840590776651,-1.9225390624999998,-1.83786
13.861,-1.90478515625,-2.1515040563525734,-1.9182421875,-1.8346
13.865,-1.90234375,-2.1481994286784527,-1.91365234375,-1.83133
13.87,-1.89892578125,-2.1448264293972805,-1.9091015625,-1.82793
13.875,-1.89501953125,-2.1414397557947,-1.90447265625,-1.82449
13.879,-1.89111328125,-2.1381852672990824,-1.8998632812499998,-1.82121
13.883,-1.88818359375,-2.1349854760891063,-1.89501953125,-1.81793
13.888,-1.8837890625,-2.1316626159864374,-1.8901171875,-1.81466
13.892,-1.88037109375,-2.1283853369551373,-1.8851757812499998,-1.8114
13.897,-1.87646484375,-2.125117174138108,-1.87998046875,-1.80816
13.901,-1.873046875,-2.1217943140354407,-1.874765625,-1.80492
13.905,-1.8701171875,-2.118567174182644,-1.86939453125,-1.8018
13.91,-1.86669921875,-2.1153126856870266,-1.8638671875000001,-1.79857
13.914,-1.86376953125,-2.1120764296199557,-1.8583203124999998,-1.79531
13.919,-1.859375,-2.108735337088742,-1.8526757812499999,-1.79194
13.923,-1.85595703125,-2.105503639128809,-1.8471875000000002,-1.78888
13.927,-1.85205078125,-2.102253708740328,-1.8416601562500001,-1.78571
13.932,-1.8486328125,-2.098939964851933,-1.83625,-1.78253
13.936,-1.84521484375,-2.095603430427854,-1.8309179687500001,-1.77922
13.941,-1.8427734375,-2.092303360860871,-1.825625,-1.7760500000000001
13.945,-1.83837890625,-2.088889338615468,-1.8204296875000001,-1.77274
13.95,-1.8349609375,-2.0854616420486547,-1.8154492187500002,-1.76944
13.954,-1.83251953125,-2.082043061696117,-1.8107031249999999,-1.76602
13.959,-1.82861328125,-2.0788159218433204,-1.8063671875,-1.76289
13.963,-1.82470703125,-2.07567538602612,-1.80205078125,-1.75991
13.968,-1.8212890625,-2.0724528042804593,-1.7978906250000002,-1.75679
13.972,-1.8173828125,-2.069248454963347,-1.7938476562499999,-1.7537
13.976,-1.81396484375,-2.0660395475390967,-1.7897070312499999,-1.75073
13.981,-1.8115234375,-2.0626756644721986,-1.7856445312499998,-1.74748
13.985,-1.80810546875,-2.05928443276248,-1.7817968750000002,-1.74411
13.99,-1.80517578125,-2.056098315873914,-1.7781835937500001,-1.74102
13.994,-1.80126953125,-2.0529532219495774,-1.77462890625,-1.73807
13.999,-1.79736328125,-2.049735198311053,-1.7711328125,-1.7349700000000001
14.003,-1.79296875,-2.0464396868512065,-1.7677929687499998,-1.73175
14.007,-1.7900390625,-2.043185198355589,-1.764375,-1.72866
14.012,-1.7861328125,-2.0398760125743323,-1.7611718749999998,-1.72556
14.016,-1.783203125,-2.036671663257218,-1.75798828125,-1.72247
14.021,-1.7802734375,-2.0334445234044214,-1.7548437499999998,-1.7193800000000001
14.025,-1.7763671875,-2.0302082673373505,-1.75171875,-1.71625
14.03,-1.7724609375,-2.0268489423775886,-1.7486328125,-1.713
14.034,-1.7705078125,-2.023539756596332,-1.74578125,-1.70974
14.039,-1.76513671875,-2.020308058636399,-1.7429296875,-1.70662
14.043,-1.76220703125,-2.0171037093192847,-1.74015625,-1.7034799999999999
14.047,-1.75830078125,-2.013881127573624,-1.7373828125000002,-1.70036
14.052,-1.7548828125,-2.0106220809708706,-1.7347265625,-1.69724
14.056,-1.75244140625,-2.0074496384037133,-1.7320312500000001,-1.69425
14.06,-1.74853515625,-2.0042270566580527,-1.7293945312499999,-1.6911
14.065,-1.74560546875,-2.0009862424838474,-1.7268359375,-1.68783
14.069,-1.74169921875,-1.9977818931667333,-1.72427734375,-1.68468
14.074,-1.73876953125,-1.99453652088539,-1.72177734375,-1.68152
14.078,-1.734375,-1.9913184972468656,-1.7192968750000002,-1.67838
14.083,-1.73095703125,-1.98806400875125,-1.716875,-1.6752500000000001
14.087,-1.7275390625,-1.984864217541272,-1.71451171875,-1.67224
14.091,-1.724609375,-1.9816689844384339,-1.71212890625,-1.6690800000000001
14.096,-1.72216796875,-1.9785102161926869,-1.70978515625,-1.66594
14.1,-1.7177734375,-1.9753104249827107,-1.7074609374999998,-1.66278
14.104,-1.71435546875,-1.9721106337727328,-1.7051757812500001,-1.65961
14.109,-1.7109375,-1.968892610134212,-1.70287109375,-1.65646
14.113,-1.70703125,-1.9656335635314566,-1.7006054687499998,-1.65332
14.118,-1.70361328125,-1.962410981785796,-1.6983593750000001,-1.65015
14.122,-1.7001953125,-1.9591610513973148,-1.69615234375,-1.64686
14.126,-1.69580078125,-1.9559339115445198,-1.6939843749999999,-1.64385
14.131,-1.69384765625,-1.9527250041202695,-1.69173828125,-1.6407
14.135,-1.689453125,-1.9494249345532833,-1.6896093749999999,-1.63739
14.14,-1.68701171875,-1.9462069109147624,-1.6875195312499998,-1.63425
14.144,-1.68408203125,-1.943034468347605,-1.6854492187499999,-1.63114
14.148,-1.68017578125,-1.9398848163161322,-1.68337890625,-1.62799
14.153,-1.6767578125,-1.9367078156418405,-1.68134765625,-1.62501
14.157,-1.67333984375,-1.9335353730746814,-1.6792578125000002,-1.62189
14.161,-1.67041015625,-1.9303993953646206,-1.6771289062499999,-1.61863
14.166,-1.66650390625,-1.9271676974046876,-1.6750195312499998,-1.6155
14.17,-1.66357421875,-1.9239177670162064,-1.67294921875,-1.6124100000000001
14.175,-1.66015625,-1.9207225339133664,-1.6708007812499999,-1.60917
14.179,-1.65625,-1.9174270224535181,-1.66876953125,-1.60594
14.184,-1.65283203125,-1.9142500217792264,-1.66673828125,-1.60286
14.188,-1.6494140625,-1.9110958116406156,-1.6646679687500001,-1.5999400000000001
14.192,-1.64599609375,-1.9079416015020083,-1.6626367187499997,-1.59686
14.197,-1.642578125,-1.904814740006218,-1.6606054687499998,-1.59378
14.201,-1.6396484375,-1.9016787622961555,-1.6585742187499999,-1.59084
14.205,-1.63671875,-1.898579249443186,-1.6565234375,-1.58778
14.21,-1.63330078125,-1.8954478298402613,-1.6544921875,-1.58471
14.214,-1.6298828125,-1.8923483169872934,-1.6524804687499999,-1.58179
14.218,-1.62646484375,-1.8892579203485962,-1.6504296874999997,-1.5787200000000001
14.223,-1.623046875,-1.8861629656027663,-1.64837890625,-1.5758
14.227,-1.619140625,-1.8830497784283864,-1.64623046875,-1.57273
14.231,-1.61669921875,-1.8797588250756743,-1.64412109375,-1.56951
14.236,-1.61328125,-1.8766410797941582,-1.6420117187499998,-1.56659
14.24,-1.609375,-1.8735187764055077,-1.639921875,-1.56352
14.245,-1.6064453125,-1.8703600081597607,-1.6378320312499999,-1.56046
14.249,-1.60302734375,-1.867269611521067,-1.635703125,-1.55754
14.253,-1.59912109375,-1.864119959489594,-1.63361328125,-1.55448
14.257,-1.59521484375,-1.8609930979938039,-1.6314453125,-1.55142
14.262,-1.59326171875,-1.8578662364980154,-1.6292578125000001,-1.5484900000000001
14.266,-1.58935546875,-1.8547120263594064,-1.62703125,-1.54543
14.271,-1.58642578125,-1.8515487000065232,-1.62486328125,-1.54238
14.275,-1.5830078125,-1.8484400709392812,-1.6226171875,-1.53933
14.279,-1.580078125,-1.8453405580863116,-1.62033203125,-1.53629
14.284,-1.57568359375,-1.8421316506620613,-1.61802734375,-1.53325
14.288,-1.572265625,-1.8389500918806316,-1.6156835937499998,-1.5302
14.293,-1.5693359375,-1.8357457425635193,-1.6133789062500001,-1.52716
14.297,-1.56640625,-1.8325824162106361,-1.6109375000000001,-1.52411
14.301,-1.5625,-1.8293233696078826,-1.6084570312500002,-1.52095
14.306,-1.56005859375,-1.826100787862222,-1.6060546875000001,-1.51777
14.31,-1.556640625,-1.8229784844735697,-1.6035156250000002,-1.5147599999999999
14.315,-1.552734375,-1.8197148797636782,-1.6009765624999999,-1.51162
14.32,-1.54931640625,-1.8164284845181058,-1.5984765625,-1.50847
14.324,-1.54638671875,-1.8133426459865465,-1.59599609375,-1.50546
14.328,-1.54248046875,-1.810252249347851,-1.5933203125,-1.5024600000000001
14.333,-1.5390625,-1.8069795284236871,-1.59064453125,-1.4993400000000001
14.337,-1.53515625,-1.8037751791065748,-1.5879882812500001,-1.49634
14.342,-1.53271484375,-1.8006392013965122,-1.58521484375,-1.49336
14.346,-1.529296875,-1.7975396885435426,-1.58255859375,-1.49038
14.35,-1.5263671875,-1.7945085472976245,-1.5796875,-1.48739
14.355,-1.5234375,-1.7913680114804258,-1.5769140625,-1.4843899999999999
14.359,-1.51953125,-1.7883140796988233,-1.57400390625,-1.48141
14.364,-1.51611328125,-1.7852601479172225,-1.5709765624999998,-1.47855
14.368,-1.5126953125,-1.7820968215643394,-1.56794921875,-1.47542
14.372,-1.51025390625,-1.7790246573541904,-1.56478515625,-1.47257
14.377,-1.50634765625,-1.7759114701798122,-1.56146484375,-1.46944
14.381,-1.50341796875,-1.7727390276126567,-1.55814453125,-1.46643
14.386,-1.50048828125,-1.7696121661168664,-1.5548046875000001,-1.46329
14.39,-1.4970703125,-1.7665719086566742,-1.55140625,-1.46029
14.395,-1.49365234375,-1.763549883625032,-1.5478906249999997,-1.45742
14.399,-1.48974609375,-1.7604549288791986,-1.5443359375,-1.45442
14.403,-1.48681640625,-1.7573873227761876,-1.540703125,-1.45142
14.408,-1.4833984375,-1.754333390994585,-1.5368359375,-1.44844
14.412,-1.48046875,-1.7512202038202052,-1.53294921875,-1.4454500000000001
14.417,-1.4775390625,-1.7481252490743753,-1.5291015625,-1.44245
14.421,-1.47412109375,-1.745089549721321,-1.5252929687499999,-1.43946
14.425,-1.470703125,-1.7420447341539926,-1.52146484375,-1.43647
14.43,-1.46728515625,-1.7389269888724765,-1.5174609374999999,-1.43347
14.434,-1.4638671875,-1.7358092435909604,-1.5137109374999997,-1.4303599999999999
14.439,-1.46142578125,-1.7328100090949992,-1.509921875,-1.42752
14.443,-1.45751953125,-1.7297651935276708,-1.50625,-1.42455
14.447,-1.455078125,-1.726747726603163,-1.502578125,-1.42157
14.452,-1.451171875,-1.7236983529286984,-1.4989453125,-1.41858
14.456,-1.44775390625,-1.7206763278970545,-1.49541015625,-1.41561
14.46,-1.44580078125,-1.7176816515082294,-1.49189453125,-1.41263
14.465,-1.4423828125,-1.7147006494408163,-1.488515625,-1.40978
14.469,-1.43896484375,-1.7117424379090842,-1.48513671875,-1.4068100000000001
14.473,-1.43505859375,-1.7087614358416712,-1.4818164062499999,-1.404
14.478,-1.4326171875,-1.705771317559984,-1.4783984374999999,-1.40103
14.482,-1.4296875,-1.702744734421202,-1.4750585937499998,-1.3980700000000001
14.486,-1.42626953125,-1.6996816864253272,-1.4716406249999998,-1.3951
14.491,-1.4228515625,-1.6965320343938544,-1.46833984375,-1.39201
14.496,-1.419921875,-1.6934142891123383,-1.46509765625,-1.3889
14.5,-1.416015625,-1.690419612723515,-1.4619726562500002,-1.38595
14.504,-1.4130859375,-1.6874294944418278,-1.4588281250000001,-1.38313
14.509,-1.40966796875,-1.6843937950887717,-1.4556835937500001,-1.38018
14.513,-1.4052734375,-1.6813216308786245,-1.4526171875000002,-1.37709
14.518,-1.4033203125,-1.6782357923470652,-1.4494921875,-1.37415
14.522,-1.400390625,-1.6752274416368316,-1.446484375,-1.37119
14.526,-1.3974609375,-1.6722692301051012,-1.443515625,-1.36836
14.531,-1.3935546875,-1.6693019023590985,-1.44052734375,-1.3654000000000002
14.535,-1.39013671875,-1.6662616448989063,-1.4375390625,-1.36246
14.539,-1.3876953125,-1.663180364474485,-1.43451171875,-1.35937
14.544,-1.3837890625,-1.6601765718713857,-1.43162109375,-1.35642
14.548,-1.380859375,-1.6571636630540159,-1.42865234375,-1.3535
14.553,-1.3779296875,-1.6541781028794649,-1.4257617187500002,-1.35054
14.557,-1.37451171875,-1.65119710081205,-1.4229101562500002,-1.3477299999999999
14.561,-1.37158203125,-1.6482571217088662,-1.4200000000000002,-1.3447900000000002
14.566,-1.3681640625,-1.6452487709986325,-1.4171484375,-1.3418700000000001
14.57,-1.365234375,-1.6422632108240816,-1.4143359375,-1.33891
14.574,-1.36279296875,-1.639300441185215,-1.41146484375,-1.3359800000000002
14.579,-1.35888671875,-1.6363786945105776,-1.4085546875,-1.33319
14.583,-1.35595703125,-1.6333657856932078,-1.405703125,-1.33026
14.588,-1.353515625,-1.630421248482886,-1.40287109375,-1.3273000000000001
14.592,-1.349609375,-1.62748582748684,-1.3998828125,-1.32437
14.597,-1.3466796875,-1.6243498497767757,-1.3969140625,-1.32131
14.601,-1.3427734375,-1.6212548950309458,-1.39388671875,-1.3182200000000002
14.606,-1.3408203125,-1.6181325916422917,-1.3909570312500001,-1.31513
14.61,-1.3369140625,-1.6151470314677407,-1.388125,-1.31206
14.615,-1.33349609375,-1.6122070523645569,-1.38521484375,-1.3091
14.619,-1.330078125,-1.6092214921900077,-1.38228515625,-1.30614
14.623,-1.32763671875,-1.6061903509440878,-1.379375,-1.3031899999999998
14.628,-1.32373046875,-1.6032503718409057,-1.3765625000000001,-1.30024
14.632,-1.3212890625,-1.6003605319162268,-1.37369140625,-1.29726
14.636,-1.318359375,-1.5974387852415894,-1.37087890625,-1.29443
14.641,-1.31494140625,-1.5945443872097727,-1.3680078125,-1.29148
14.645,-1.31201171875,-1.5916317567494094,-1.3650390625,-1.28849
14.65,-1.30859375,-1.5886188479320378,-1.36216796875,-1.28552
14.654,-1.3056640625,-1.5857426823287692,-1.35923828125,-1.28257
14.658,-1.30224609375,-1.5828027032255854,-1.35625,-1.27962
14.663,-1.2998046875,-1.5799083051937686,-1.35322265625,-1.27678
14.667,-1.29638671875,-1.5769637679834485,-1.350234375,-1.27383
14.671,-1.2939453125,-1.5740967185944523,-1.3472265625,-1.27088
14.676,-1.291015625,-1.5712205529911838,-1.3441210937499999,-1.26791
14.68,-1.287109375,-1.5683170387450929,-1.3409765625,-1.26509
14.684,-1.283203125,-1.5653497109990901,-1.337890625,-1.26203
14.689,-1.28125,-1.5624644291815457,-1.3347265625,-1.2592400000000001
14.693,-1.27783203125,-1.5596064960068237,-1.331484375,-1.25631
14.697,-1.275390625,-1.5567166560821448,-1.3282031250000002,-1.25351
14.702,-1.27197265625,-1.553813141836054,-1.32490234375,-1.25057
14.706,-1.26953125,-1.5509096275899648,-1.3215625,-1.24764
14.711,-1.265625,-1.5480425782009668,-1.3180859375,-1.2447
14.715,-1.26318359375,-1.5451025990977847,-1.3144921875,-1.24179
14.72,-1.259765625,-1.5421215970303717,-1.3109375,-1.23875
14.724,-1.25634765625,-1.5392454314271014,-1.307265625,-1.23583
14.728,-1.25341796875,-1.5362917780025072,-1.303515625,-1.2328999999999999
14.733,-1.25048828125,-1.5333290083636406,-1.29978515625,-1.2298499999999999
14.737,-1.24658203125,-1.5304118197961394,-1.2959375,-1.22692
14.742,-1.24462890625,-1.527503747442914,-1.29208984375,-1.22398
14.746,-1.2421875,-1.5246549304824644,-1.288125,-1.22106
14.75,-1.23779296875,-1.5217696486649217,-1.283984375,-1.2181600000000001
14.755,-1.23486328125,-1.518788646597507,-1.279609375,-1.21524
14.76,-1.2314453125,-1.5157301567087682,-1.2751953125,-1.21218
14.764,-1.22802734375,-1.5126853411414398,-1.27068359375,-1.20913
14.769,-1.2255859375,-1.5097408039311198,-1.2662499999999999,-1.20607
14.773,-1.22216796875,-1.5068783126492615,-1.26166015625,-1.20326
14.777,-1.21923828125,-1.5040067051531274,-1.2569726562499999,-1.20034
14.782,-1.21728515625,-1.5011578881926777,-1.2522265625,-1.19743
14.786,-1.2138671875,-1.498313629339366,-1.2471875,-1.19449
14.79,-1.21142578125,-1.4955149515574213,-1.2421875,-1.19156
14.795,-1.20703125,-1.4927208318826128,-1.2368359375,-1.1886299999999999
14.799,-1.20361328125,-1.489780852779429,-1.2314453125,-1.1856900000000001
14.804,-1.201171875,-1.4869229196047051,-1.2258984375,-1.18275
14.808,-1.1982421875,-1.4840968931799416,-1.22021484375,-1.17996
14.812,-1.1953125,-1.4812389600052178,-1.214453125,-1.17703
14.817,-1.19189453125,-1.4783673525090837,-1.2088671875,-1.1741000000000001
14.821,-1.1884765625,-1.475486628798679,-1.203046875,-1.1711399999999998
14.825,-1.18603515625,-1.4725922307668622,-1.19728515625,-1.16821
14.83,-1.18212890625,-1.4696476935565421,-1.1916015625,-1.16512
14.834,-1.1796875,-1.466666691489129,-1.1861328125000001,-1.16205
14.839,-1.17578125,-1.4636492245646213,-1.1808203125,-1.15897
14.843,-1.173828125,-1.460814081925582,-1.17578125,-1.15603
14.848,-1.17041015625,-1.457988055500815,-1.1709375,-1.15321
14.852,-1.16748046875,-1.4551620290760496,-1.16619140625,-1.15025
14.856,-1.1650390625,-1.4523587931869688,-1.161640625,-1.1472799999999999
14.861,-1.1611328125,-1.4495646735121586,-1.1570898437500001,-1.14445
14.865,-1.15869140625,-1.44668850790889,-1.1526757812500001,-1.1414900000000001
14.87,-1.15478515625,-1.4438123423056215,-1.14845703125,-1.1383999999999999
14.874,-1.15234375,-1.4409407348094891,-1.14423828125,-1.1354600000000001
14.878,-1.1494140625,-1.4381101502775842,-1.1402148437500002,-1.1326399999999999
14.883,-1.14599609375,-1.4352704495314086,-1.13640625,-1.12968
14.887,-1.14404296875,-1.432480887963738,-1.13259765625,-1.1267200000000002
14.891,-1.14013671875,-1.4296366291104246,-1.12900390625,-1.12375
14.896,-1.13623046875,-1.4268242770070696,-1.125390625,-1.1207799999999999
14.9,-1.1337890625,-1.4239389951895252,-1.121953125,-1.11783
14.904,-1.130859375,-1.4211494336218546,-1.11859375,-1.11502
14.909,-1.12841796875,-1.4183826625898668,-1.11517578125,-1.1122
14.913,-1.12548828125,-1.4155064969865965,-1.1118750000000002,-1.1090900000000001
14.918,-1.123046875,-1.41262577327619,-1.10857421875,-1.10612
14.922,-1.11962890625,-1.409772398208606,-1.1052734375,-1.10314
14.927,-1.1162109375,-1.4068005123554634,-1.1020703125,-1.1000100000000002
14.931,-1.11328125,-1.4038605332522796,-1.0989648437500001,-1.0968900000000001
14.936,-1.1103515625,-1.4009251122562336,-1.0959375,-1.09379
14.94,-1.1064453125,-1.3980352723315548,-1.0930468750000002,-1.0906799999999999
14.945,-1.10400390625,-1.395227478335336,-1.090078125,-1.0877
14.949,-1.10107421875,-1.3923057316606986,-1.08720703125,-1.0845799999999999
14.954,-1.09765625,-1.3894113336288818,-1.084453125,-1.08159
14.958,-1.09521484375,-1.386644562596894,-1.0816796875,-1.0785900000000002
14.963,-1.091796875,-1.3837364902436686,-1.07888671875,-1.07548
14.967,-1.0888671875,-1.3808101854618933,-1.07625,-1.0725
14.972,-1.0859375,-1.3780023914656745,-1.07365234375,-1.06938
14.976,-1.08251953125,-1.375208271790866,-1.0711328125000001,-1.06653
14.98,-1.07958984375,-1.3724095940089214,-1.06853515625,-1.0635400000000002
14.985,-1.07568359375,-1.3695288702985149,-1.06599609375,-1.0604200000000001
14.989,-1.07373046875,-1.3666846114452031,-1.0635742187500001,-1.05741
14.994,-1.0703125,-1.3639178404132153,-1.0611328125000001,-1.05442
14.998,-1.06787109375,-1.3611510693812257,-1.05873046875,-1.05158
15.002,-1.06494140625,-1.3583706240278275,-1.05634765625,-1.04859
15.007,-1.0615234375,-1.3555901786744293,-1.05390625,-1.0455999999999999
15.011,-1.05859375,-1.3526957806426125,-1.05146484375,-1.0426199999999999
15.016,-1.05517578125,-1.3497649177537028,-1.04912109375,-1.03951
15.02,-1.05224609375,-1.3469343332217996,-1.04685546875,-1.03639
15.024,-1.05029296875,-1.3442085851540426,-1.044609375,-1.03341
15.029,-1.046875,-1.3414782789791477,-1.0423242187500001,-1.03058
15.033,-1.0439453125,-1.3387251822685702,-1.04009765625,-1.02762
15.037,-1.041015625,-1.3359857598794012,-1.0378515625,-1.0247899999999999
15.042,-1.0380859375,-1.3332098726331392,-1.0355859375,-1.02183
15.046,-1.03515625,-1.3304522178154254,-1.033359375,-1.0188700000000002
15.05,-1.03125,-1.3276808886763014,-1.0310742187500002,-1.0159099999999999
15.055,-1.02880859375,-1.3248594203586705,-1.02884765625,-1.01296
15.059,-1.0263671875,-1.3221154398623653,-1.02650390625,-1.01016
15.064,-1.0234375,-1.3192028094020039,-1.0241796875,-1.0070700000000001
15.068,-1.0205078125,-1.3164223640486057,-1.02197265625,-1.00412
15.072,-1.017578125,-1.3137148484093935,-1.0197265625,-1.00118
15.077,-1.0146484375,-1.3109435192702694,-1.0174804687499999,-0.99823
15.081,-1.01123046875,-1.3081767482382816,-1.01521484375,-0.99528
15.086,-1.00732421875,-1.305286908313601,-1.01291015625,-0.99235
15.09,-1.0048828125,-1.3024517656745616,-1.0106249999999999,-0.98941
15.094,-1.00244140625,-1.299657645999753,-1.00833984375,-0.98647
15.099,-0.9990234375,-1.2968544101106723,-1.00611328125,-0.9835200000000001
15.103,-0.99658203125,-1.2941241039357756,-1.00390625,-0.98059
15.108,-0.994140625,-1.2913846815466083,-1.001640625,-0.97764
15.112,-0.9912109375,-1.288681724014534,-0.99939453125,-0.97481
15.116,-0.986328125,-1.2859240691968203,-0.99708984375,-0.97187
15.121,-0.98388671875,-1.2831162752006016,-0.9948046875000001,-0.96893
15.125,-0.98095703125,-1.280322155525793,-0.9924999999999999,-0.9659800000000001
15.129,-0.9794921875,-1.2775736169223517,-0.99009765625,-0.96317
15.134,-0.97607421875,-1.2747703810332691,-0.98779296875,-0.9601
15.138,-0.97265625,-1.2720491910726466,-0.98548828125,-0.95728
15.142,-0.97021484375,-1.2693462335405723,-0.98302734375,-0.9543200000000001
15.147,-0.96728515625,-1.2665065327943967,-0.9805078125000001,-0.95125
15.151,-0.96337890625,-1.2635711117983508,-0.9779882812499999,-0.94818
15.156,-0.96044921875,-1.2607040624093546,-0.9755468749999999,-0.94523
15.16,-0.9580078125,-1.2579327332702306,-0.9731054687499999,-0.9423
15.165,-0.955078125,-1.255211543309608,-0.9705859375,-0.93936
15.169,-0.95263671875,-1.2524356560633478,-0.9680078125,-0.93642
15.174,-0.94921875,-1.2496460944956755,-0.96546875,-0.9333499999999999
15.178,-0.947265625,-1.2469249045350548,-0.96291015625,-0.93056
15.182,-0.94384765625,-1.2442265051101167,-0.9603124999999999,-0.92761
15.187,-0.93994140625,-1.2414688502924012,-0.9576171874999999,-0.9246700000000001
15.191,-0.9365234375,-1.2386519400819083,-0.95490234375,-0.9217500000000001
15.196,-0.9345703125,-1.2358578204071016,-0.9521484375,-0.9186799999999999
15.2,-0.931640625,-1.2331092818036584,-0.9492968749999999,-0.9158599999999999
15.204,-0.92919921875,-1.2303060459145776,-0.94642578125,-0.91279
15.209,-0.92529296875,-1.2275666235254086,-0.94359375,-0.9098600000000001
15.213,-0.92333984375,-1.2248773403147464,-0.9406640624999999,-0.9070400000000001
15.217,-0.9208984375,-1.2221926152112186,-0.937734375,-0.90408
15.222,-0.91748046875,-1.2195170063219631,-0.93466796875,-0.9011499999999999
15.226,-0.9150390625,-1.216777583932796,-0.9314648437499999,-0.8982000000000001
15.231,-0.9111328125,-1.214047277757901,-0.9282812500000001,-0.89524
15.235,-0.90869140625,-1.21131241347587,-0.92501953125,-0.89228
15.239,-0.9052734375,-1.2085912235152492,-0.9216992187499999,-0.88934
15.244,-0.90283203125,-1.2058837078760387,-0.9183203124999999,-0.8865000000000001
15.248,-0.900390625,-1.2031944246653747,-0.914921875,-0.8835299999999999
15.252,-0.89697265625,-1.2004914671333005,-0.91134765625,-0.8806
15.257,-0.8935546875,-1.1977748352798159,-0.90775390625,-0.87765
15.261,-0.89111328125,-1.1950673196406054,-0.9039453125,-0.87483
15.265,-0.88818359375,-1.1923051067157537,-0.9000390625,-0.87175
15.27,-0.88623046875,-1.1895656843265847,-0.8961328125000001,-0.8688199999999999
15.274,-0.8837890625,-1.186890075437331,-0.8921484375000001,-0.8658699999999999
15.279,-0.8798828125,-1.184200792226667,-0.8881640625,-0.86293
15.283,-0.876953125,-1.181470486051774,-0.88412109375,-0.8600300000000001
15.288,-0.8740234375,-1.1786718082698275,-0.8801171875,-0.8571
15.292,-0.87060546875,-1.1758913629164294,-0.87619140625,-0.85405
15.296,-0.8681640625,-1.1731337080987139,-0.872265625,-0.8511500000000001
15.301,-0.865234375,-1.170407960030957,-0.86841796875,-0.84826
15.305,-0.8623046875,-1.1676639795346517,-0.8646484375,-0.8452200000000001
15.31,-0.859375,-1.1649382314668948,-0.8608984375,-0.8423100000000001
15.314,-0.85693359375,-1.1621988090777258,-0.8571875,-0.8394299999999999
15.319,-0.8544921875,-1.159473061009967,-0.85365234375,-0.8365400000000001
15.323,-0.85205078125,-1.1568794980491752,-0.8501171875,-0.8336399999999999
15.327,-0.8486328125,-1.154222121588468,-0.8466210937499999,-0.8307599999999999
15.332,-0.84521484375,-1.1515282802706661,-0.8431249999999999,-0.82789
15.336,-0.841796875,-1.1487888578814989,-0.8398046875,-0.82501
15.341,-0.83984375,-1.1461451557422038,-0.836484375,-0.8222499999999999
15.345,-0.83740234375,-1.1435196860314516,-0.83328125,-0.8193699999999999
15.349,-0.8349609375,-1.1409124487492495,-0.8300390625,-0.8165
15.353,-0.83154296875,-1.1383006533599094,-0.826875,-0.8137300000000001
15.358,-0.8291015625,-1.1356706255420228,-0.82375,-0.8108500000000001
15.362,-0.8251953125,-1.1330405977241362,-0.820625,-0.8079799999999999
15.366,-0.8232421875,-1.1304151280133858,-0.8175195312499999,-0.8052300000000001
15.371,-0.81982421875,-1.1277577515526804,-0.81447265625,-0.80233
15.375,-0.81787109375,-1.125127723734792,-0.81142578125,-0.7995700000000001
15.379,-0.81494140625,-1.1225341607739985,-0.8083984375,-0.79667
15.384,-0.8125,-1.1199086910632499,-0.8054296875,-0.79376
15.388,-0.80908203125,-1.1172695470310892,-0.8024023437500001,-0.79084
15.392,-0.8056640625,-1.1145939381418355,-0.7994140624999999,-0.7880800000000001
15.397,-0.802734375,-1.1118909806097612,-0.7962890625,-0.7851699999999999
15.401,-0.80029296875,-1.109064954184996,-0.79322265625,-0.7819799999999999
15.406,-0.79736328125,-1.1062753926173237,-0.79015625,-0.77904
15.411,-0.7939453125,-1.1035450864424288,-0.78724609375,-0.7759800000000001
15.415,-0.79150390625,-1.1008922680888578,-0.7842773437499999,-0.77302
15.419,-0.78857421875,-1.098175636235375,-0.78126953125,-0.77007
15.424,-0.78564453125,-1.095404307096251,-0.77833984375,-0.76701
15.428,-0.7822265625,-1.092710465778449,-0.77544921875,-0.76406
15.433,-0.77978515625,-1.0900075082463747,-0.77255859375,-0.76109
15.437,-0.77685546875,-1.087322783142847,-0.76970703125,-0.75814
15.441,-0.77294921875,-1.0846608485750018,-0.7668359375,-0.7551699999999999
15.446,-0.77001953125,-1.0819259842929707,-0.7639453125,-0.7521899999999999
15.45,-0.767578125,-1.0791956781180776,-0.76111328125,-0.74922
15.455,-0.76513671875,-1.0765337435502342,-0.75833984375,-0.7464
15.459,-0.76220703125,-1.0739082738394838,-0.7555078125,-0.74343
15.463,-0.75927734375,-1.0712326649502302,-0.75265625,-0.74044
15.468,-0.755859375,-1.068529707418156,-0.74984375,-0.7374799999999999
15.472,-0.7529296875,-1.0658176336718093,-0.74697265625,-0.73464
15.476,-0.75048828125,-1.0631374666754176,-0.7440820312499999,-0.7316499999999999
15.481,-0.74658203125,-1.0604117186076607,-0.74119140625,-0.7286699999999999
15.485,-0.7451171875,-1.0576677381113555,-0.73828125,-0.72573
15.49,-0.74072265625,-1.0549283157221865,-0.73541015625,-0.72262
15.494,-0.73828125,-1.0521843352258813,-0.73251953125,-0.7196199999999999
15.498,-0.7353515625,-1.0494130060867572,-0.729609375,-0.71665
15.503,-0.732421875,-1.0466280026262211,-0.7266796875,-0.71367
15.507,-0.728515625,-1.0438840221299177,-0.7237890625,-0.7106699999999999
15.512,-0.72607421875,-1.0411537159550228,-0.720859375,-0.7077
15.516,-0.72314453125,-1.0384097354587194,-0.71791015625,-0.7047399999999999
15.52,-0.720703125,-1.0356748711766866,-0.7150000000000001,-0.7017500000000001
15.525,-0.7177734375,-1.033003820394569,-0.7120703125,-0.69889
15.529,-0.71484375,-1.030309979076769,-0.7091015625,-0.6959200000000001
15.533,-0.7119140625,-1.027620695866105,-0.7061523437499999,-0.69293
15.538,-0.7080078125,-1.0249177383340307,-0.703046875,-0.6900599999999999
15.542,-0.705078125,-1.0220825956949913,-0.699921875,-0.68696
15.547,-0.70263671875,-1.019297592234457,-0.696796875,-0.68401
15.551,-0.69970703125,-1.0165627279524259,-0.6936328125,-0.68102
15.555,-0.69580078125,-1.013795956920438,-0.69015625,-0.6780299999999999
15.56,-0.69384765625,-1.0108195129601594,-0.68673828125,-0.6748000000000001
15.565,-0.6904296875,-1.007856743321291,-0.68341796875,-0.67168
15.569,-0.6875,-1.005126437146398,-0.6801953125,-0.66866
15.573,-0.68408203125,-1.0024417120428701,-0.6769140625,-0.6656900000000001
15.578,-0.68115234375,-0.9997159639751132,-0.6734960937500001,-0.6628700000000001
15.582,-0.6787109375,-0.9969947740144924,-0.670078125,-0.65987
15.586,-0.6748046875,-0.9942781421610078,-0.6665820312499999,-0.6570199999999999
15.591,-0.671875,-0.9914749062719252,-0.66294921875,-0.65404
15.595,-0.6689453125,-0.9886716703828444,-0.65927734375,-0.6510199999999999
15.6,-0.66552734375,-0.9858547601723515,-0.65564453125,-0.6479699999999999
15.604,-0.66357421875,-0.9831153377831825,-0.65173828125,-0.645
15.608,-0.6591796875,-0.9801935911085469,-0.64767578125,-0.6418699999999999
15.613,-0.65673828125,-0.9772353795768165,-0.64369140625,-0.63869
15.618,-0.6533203125,-0.9744093531520512,-0.6396484375,-0.63567
15.622,-0.650390625,-0.9715924429415583,-0.63546875,-0.6326499999999999
15.626,-0.6474609375,-0.9687527421953828,-0.63119140625,-0.6294500000000001
15.631,-0.64404296875,-0.9659175995563434,-0.6267578125000001,-0.62639
15.635,-0.64111328125,-0.9630551082744851,-0.62236328125,-0.62338
15.64,-0.63818359375,-0.9602290818497181,-0.6178515625000001,-0.62033
15.644,-0.63525390625,-0.9574440783891838,-0.6133203125,-0.6172599999999999
15.648,-0.63232421875,-0.9546955397857424,-0.60853515625,-0.61422
15.653,-0.6279296875,-0.9518376066110186,-0.6037109375,-0.6111500000000001
15.657,-0.6259765625,-0.949048045043348,-0.5987890625,-0.6082000000000001
15.661,-0.62353515625,-0.946308622654179,-0.59353515625,-0.60511
15.666,-0.6201171875,-0.9434734800151396,-0.588203125,-0.6020700000000001
15.67,-0.6171875,-0.9406611279117847,-0.582890625,-0.5989899999999999
15.674,-0.61376953125,-0.9378897987726589,-0.57744140625,-0.5960399999999999
15.679,-0.6103515625,-0.9350637723478954,-0.5719531250000001,-0.5929800000000001
15.683,-0.60693359375,-0.9322149553874457,-0.56625,-0.58989
15.688,-0.60302734375,-0.9292111627843482,-0.5605078125,-0.58664
15.692,-0.6005859375,-0.9261481147884716,-0.55517578125,-0.58342
15.697,-0.59716796875,-0.9233038559351581,-0.5497265625,-0.58036
15.701,-0.59423828125,-0.9202955052249244,-0.54443359375,-0.5771200000000001
15.706,-0.591796875,-0.9173190612646476,-0.539375,-0.5739000000000001
15.711,-0.58837890625,-0.9143243848758242,-0.53439453125,-0.57071
15.715,-0.5849609375,-0.9114710098082366,-0.5298437500000001,-0.5676000000000001
15.719,-0.58203125,-0.9086495414906093,-0.52525390625,-0.5645
15.724,-0.57861328125,-0.9057414691373822,-0.52087890625,-0.5614699999999999
15.728,-0.576171875,-0.902874419748386,-0.51646484375,-0.55827
15.733,-0.57177734375,-0.8998660690381524,-0.5121289062500001,-0.55505
15.737,-0.56884765625,-0.8968394858993705,-0.50806640625,-0.55186
15.742,-0.56591796875,-0.8939405297604175,-0.50419921875,-0.5488
15.746,-0.5625,-0.8910825965856954,-0.50052734375,-0.5457099999999999
15.751,-0.55908203125,-0.8882246634109716,-0.49687499999999996,-0.5428200000000001
15.755,-0.5556640625,-0.8853621721291134,-0.49341796875,-0.5398099999999999
15.759,-0.5537109375,-0.882527029490074,-0.49,-0.5368900000000001
15.763,-0.55029296875,-0.8796554219939416,-0.48662109375000007,-0.5338499999999999
15.768,-0.546875,-0.8767929307120816,-0.48333984375000005,-0.5308299999999999
15.772,-0.544921875,-0.8739395556444958,-0.48013671874999997,-0.52793
15.777,-0.54150390625,-0.8711180873268667,-0.4769140625,-0.5248600000000001
15.781,-0.53857421875,-0.8682054568665034,-0.47388671875,-0.5218499999999999
15.785,-0.53515625,-0.8653839885488743,-0.47091796875,-0.5188600000000001
15.79,-0.5322265625,-0.8625260553741523,-0.46792968749999997,-0.51583
15.794,-0.52880859375,-0.8596316573423355,-0.46501953125000006,-0.5127999999999999
15.798,-0.52490234375,-0.8566962363462896,-0.4621484375,-0.5098
15.803,-0.52197265625,-0.8537516991359695,-0.45929687500000005,-0.5067699999999999
15.807,-0.51953125,-0.8508253943541941,-0.4565625,-0.5036
15.812,-0.5166015625,-0.8479492287509238,-0.4538671875,-0.50072
15.816,-0.51416015625,-0.8450867374690656,-0.45119140625,-0.49771999999999994
15.821,-0.5107421875,-0.8422288042943435,-0.44859375,-0.4946900000000001
15.825,-0.50634765625,-0.8393389643696629,-0.44609374999999996,-0.4917
15.829,-0.50439453125,-0.8364810311949409,-0.44357421875,-0.4885600000000001
15.834,-0.50048828125,-0.8336094236988085,-0.44109375000000006,-0.4856800000000001
15.838,-0.498046875,-0.830728699988402,-0.43867187500000004,-0.4826600000000001
15.842,-0.4951171875,-0.827907231670773,-0.43625,-0.47966
15.847,-0.4921875,-0.8250356241746406,-0.4338671875,-0.4768000000000001
15.851,-0.4892578125,-0.8221913653213271,-0.43154296875,-0.4737800000000001
15.855,-0.48583984375,-0.8193060835037844,-0.42919921875,-0.4706699999999999
15.86,-0.48291015625,-0.8164344760076521,-0.42695312500000004,-0.46768999999999994
15.864,-0.4794921875,-0.8135993333686127,-0.4246875,-0.46469000000000005
15.868,-0.47705078125,-0.8107231677653441,-0.4224609375,-0.46171000000000006
15.873,-0.47314453125,-0.8078834670191686,-0.4202734375,-0.45889
15.877,-0.470703125,-0.8050802311300842,-0.4180859375,-0.4559200000000001
15.881,-0.46826171875,-0.8022724371338672,-0.41595703125000005,-0.45309
15.886,-0.46484375,-0.7994828755661949,-0.413828125,-0.45015000000000005
15.89,-0.46142578125,-0.7966522910342935,-0.41171875,-0.4473499999999999
15.894,-0.458984375,-0.7938125902881179,-0.40962890625000004,-0.44438
15.899,-0.45556640625,-0.7910047962918973,-0.40753906250000005,-0.4414499999999999
15.903,-0.45263671875,-0.7881468631171753,-0.40544921875,-0.43865
15.907,-0.44970703125,-0.7852889299424533,-0.40339843750000004,-0.4357200000000001
15.912,-0.447265625,-0.78245834541055,-0.40132812500000004,-0.43279
15.916,-0.443359375,-0.7796323189857848,-0.39933593749999996,-0.42988000000000004
15.92,-0.44091796875,-0.7768062925610195,-0.39728515625000005,-0.42696
15.925,-0.43798828125,-0.7739939404576628,-0.3952734375,-0.42415
15.929,-0.43408203125,-0.771190704568582,-0.39322265625,-0.42124000000000006
15.933,-0.43115234375,-0.7683145389653117,-0.39115234375,-0.41832
15.938,-0.4287109375,-0.7654338152549052,-0.38916015625,-0.4154
15.942,-0.42578125,-0.7626442536872347,-0.38708984375,-0.4126000000000001
15.947,-0.4228515625,-0.7598045529410591,-0.3850390625,-0.40971
15.951,-0.41943359375,-0.7569147130163785,-0.38296875,-0.40679
15.955,-0.4169921875,-0.7540066406631514,-0.3808984375,-0.4037299999999999
15.96,-0.4130859375,-0.7510757777742416,-0.37873046875000005,-0.40069
15.965,-0.40966796875,-0.7480127297783667,-0.37666015625000004,-0.39766999999999997
15.969,-0.40673828125,-0.7451502384965067,-0.3746484375,-0.3947400000000001
15.973,-0.4033203125,-0.742305979643195,-0.37263671875000004,-0.39183999999999997
15.978,-0.40087890625,-0.7394799532184297,-0.370625,-0.38891999999999993
15.982,-0.3974609375,-0.7366812754364851,-0.36861328125000004,-0.3861399999999999
15.986,-0.39453125,-0.7338370165831716,-0.36660156250000003,-0.38321000000000005
15.991,-0.39208984375,-0.731033780694089,-0.364609375,-0.38046
15.995,-0.388671875,-0.728221428590734,-0.36255859375,-0.3775599999999999
15.999,-0.38525390625,-0.7253589373088758,-0.36052734375000006,-0.3746499999999999
16.004,-0.3818359375,-0.722496446027014,-0.358515625,-0.3717600000000001
16.008,-0.3798828125,-0.7196567452808385,-0.3564453125,-0.36885999999999997
16.012,-0.37646484375,-0.7168443931774835,-0.354375,-0.3661000000000001
16.017,-0.37353515625,-0.7140046924313079,-0.3523046875,-0.3631899999999999
16.021,-0.37109375,-0.7111741078994047,-0.35025390624999997,-0.36032
16.026,-0.3671875,-0.7083708720103239,-0.3481640625,-0.35744
16.03,-0.3642578125,-0.7055038226213277,-0.34601562500000005,-0.35457000000000005
16.034,-0.361328125,-0.7026185408037833,-0.34382812500000004,-0.35169000000000006
16.039,-0.35693359375,-0.6996603292720547,-0.3416015625,-0.34883
16.043,-0.35498046875,-0.6967203501688708,-0.3394140625,-0.3458000000000001
16.048,-0.35205078125,-0.6938305102441902,-0.33712890625,-0.34291000000000005
16.052,-0.3486328125,-0.6908631824981875,-0.33484375,-0.33990999999999993
16.057,-0.34423828125,-0.6878776223236347,-0.33257812500000006,-0.3368899999999999
16.061,-0.341796875,-0.6849832242918197,-0.33035156250000003,-0.3340000000000001
16.066,-0.33935546875,-0.6821252911170976,-0.32810546875,-0.3311200000000001
16.07,-0.3359375,-0.6793357295494253,-0.32576171875000004,-0.3283499999999999
16.074,-0.33203125,-0.6763911923391053,-0.32341796875000006,-0.32542000000000004
16.079,-0.32763671875,-0.6735195848429711,-0.3210546875,-0.3225
16.083,-0.32666015625,-0.6706023962754717,-0.31861328125,-0.3195699999999999
16.087,-0.3232421875,-0.6677535793150238,-0.316171875,-0.31677
16.092,-0.3203125,-0.6648910880331638,-0.31357421875,-0.31382
16.096,-0.31689453125,-0.6618872954300663,-0.31103515625,-0.3107599999999999
16.101,-0.3134765625,-0.6590020136125236,-0.30849609375000003,-0.3078099999999999
16.105,-0.310546875,-0.656116731794981,-0.3058984375,-0.3048599999999999
16.109,-0.30712890625,-0.653254240513121,-0.30316406250000005,-0.30201999999999996
16.114,-0.3037109375,-0.6502777965528441,-0.30041015625,-0.29895000000000005
16.118,-0.30029296875,-0.6473332593425241,-0.2976171875,-0.29597000000000007
16.123,-0.29833984375,-0.6444206288821608,-0.29478515625,-0.2931300000000001
16.127,-0.29443359375,-0.6415444632788905,-0.291875,-0.29017000000000004
16.131,-0.2919921875,-0.6386227166042531,-0.28888671875000005,-0.28722000000000003
16.136,-0.2880859375,-0.6356690631796607,-0.2858203125,-0.28408999999999995
16.14,-0.28515625,-0.6327199678622026,-0.28271484375,-0.28113999999999995
16.145,-0.28076171875,-0.6296979428305569,-0.27943359375,-0.2781800000000001
16.149,-0.27783203125,-0.626589313763315,-0.2761328125,-0.27508
16.154,-0.27392578125,-0.6235490563031245,-0.27279296875000003,-0.27196
16.158,-0.27197265625,-0.6205726123428459,-0.26937500000000003,-0.2689999999999999
16.163,-0.26806640625,-0.617596168382569,-0.26587890625,-0.2660199999999999
16.167,-0.26513671875,-0.6145969338866095,-0.26232421875,-0.2630300000000001
16.171,-0.26171875,-0.6116159318191947,-0.25875000000000004,-0.26008999999999993
16.176,-0.25830078125,-0.6086303716446437,-0.25501953125,-0.25699000000000005
16.18,-0.2548828125,-0.605612904720136,-0.25130859375000003,-0.2540199999999999
16.185,-0.25146484375,-0.6026045540099023,-0.24751953125000004,-0.25103999999999993
16.189,-0.24755859375,-0.5995916451925307,-0.24380859375000002,-0.24807
16.193,-0.25,-0.5967382701249448,-0.24154296875000003,-0.24522
16.198,-0.2529296875,-0.5942085206640648,-0.24070312500000002,-0.24273999999999996
16.202,-0.2568359375,-0.5919750481670736,-0.24099609375000003,-0.24093999999999993
16.206,-0.26025390625,-0.589974039134054,-0.24226562500000004,-0.23950000000000005
16.211,-0.26416015625,-0.5881690287079131,-0.24423828125000002,-0.23859999999999992
16.216,-0.26806640625,-0.5867195506384384,-0.24666015625,-0.23831000000000002
16.22,-0.271484375,-0.5855845819613936,-0.24955078125000002,-0.2385600000000001
16.225,-0.275390625,-0.5846456118912293,-0.25277343750000003,-0.23937000000000008
16.229,-0.27880859375,-0.5839436633921764,-0.256015625,-0.24075000000000002
16.234,-0.2822265625,-0.5834878526785037,-0.25935546875000004,-0.24262000000000006
16.238,-0.28564453125,-0.5832280405717114,-0.26271484375,-0.24510999999999994
16.242,-0.2890625,-0.5831505527503857,-0.26615234375,-0.2480500000000001
16.247,-0.29296875,-0.5832645054288044,-0.26947265625000005,-0.2513399999999999
16.251,-0.2958984375,-0.5835425499641449,-0.2728125,-0.25445000000000007
16.256,-0.2998046875,-0.5839710120349952,-0.27623046875,-0.25750000000000006
16.26,-0.30322265625,-0.5845772402841796,-0.27953125,-0.26076999999999995
16.264,-0.30712890625,-0.5853202117474634,-0.28287109375,-0.26393
16.269,-0.310546875,-0.5862181588533968,-0.2861328125,-0.2671000000000001
16.273,-0.3134765625,-0.587234616744885,-0.2894140625,-0.27027
16.278,-0.31689453125,-0.5883741435290659,-0.292578125,-0.27356
16.282,-0.3203125,-0.5895866000274328,-0.29578125,-0.27674
16.287,-0.32373046875,-0.5909631483827216,-0.29888671875000006,-0.2800499999999999
16.291,-0.32763671875,-0.5924490913092928,-0.30189453125,-0.28336000000000006
16.296,-0.33056640625,-0.5939897315215035,-0.30484375,-0.2865599999999999
16.3,-0.33447265625,-0.5955941852336277,-0.30769531250000004,-0.28976
16.305,-0.3388671875,-0.5973080335170344,-0.31050781250000004,-0.2929600000000001
16.309,-0.34033203125,-0.5990765790860806,-0.31332031250000003,-0.2960400000000001
16.313,-0.34521484375,-0.600949961119273,-0.31599609375000004,-0.29939000000000004
16.318,-0.34765625,-0.6029008309737893,-0.3187109375,-0.3025899999999999
16.322,-0.3515625,-0.6048790494711245,-0.32134765625000006,-0.30579
16.326,-0.3544921875,-0.606916523361237,-0.32390625000000006,-0.30901
16.331,-0.35888671875,-0.6090132526441288,-0.3264453125,-0.31204999999999994
16.335,-0.36181640625,-0.6111920278554805,-0.32894531250000003,-0.3152600000000001
16.339,-0.36572265625,-0.6134027098167874,-0.3314453125,-0.31847000000000003
16.344,-0.36865234375,-0.6156908795994216,-0.33396484375,-0.32153999999999994
16.348,-0.37158203125,-0.6180428628819676,-0.3364453125,-0.3247199999999999
16.353,-0.37548828125,-0.6204404272358826,-0.3388671875,-0.32806
16.357,-0.37890625,-0.6228744564468904,-0.34125000000000005,-0.33124
16.361,-0.38232421875,-0.6253449505149913,-0.34361328125,-0.33440000000000003
16.366,-0.38623046875,-0.627861025654461,-0.34595703125,-0.33743999999999996
16.37,-0.38916015625,-0.6304090075438857,-0.34828125,-0.3406100000000001
16.375,-0.3916015625,-0.6329615475404484,-0.3505859375,-0.34379000000000004
16.379,-0.39501953125,-0.6354912970013284,-0.35287109375000003,-0.34695999999999994
16.383,-0.3984375,-0.6380711856407117,-0.35515625000000006,-0.3501399999999999
16.388,-0.4013671875,-0.6406920972443242,-0.35738281250000004,-0.35327
16.392,-0.40576171875,-0.6433494737050314,-0.35962890625,-0.35641999999999996
16.396,-0.40771484375,-0.6460205244871471,-0.36185546875,-0.3595600000000001
16.401,-0.412109375,-0.6487006914835387,-0.36410156250000003,-0.36256
16.405,-0.41552734375,-0.6514765787298007,-0.366328125,-0.36583999999999994
16.41,-0.41845703125,-0.6542479078689247,-0.36849609375000003,-0.369
16.414,-0.421875,-0.6569371910795905,-0.370625,-0.3720000000000001
16.418,-0.42431640625,-0.6596355905045268,-0.37275390625000004,-0.37512999999999996
16.423,-0.427734375,-0.6623658966794217,-0.37494140625000005,-0.37812
16.427,-0.43115234375,-0.6651326677114096,-0.37708984375,-0.38124
16.431,-0.4345703125,-0.6679085549576715,-0.37923828125000003,-0.38434999999999997
16.435,-0.43798828125,-0.6706890003110697,-0.38138671875,-0.38734
16.44,-0.4404296875,-0.6734512132359214,-0.3835546875,-0.39033000000000007
16.444,-0.44384765625,-0.6762817977678228,-0.38572265625,-0.3934599999999999
16.448,-0.447265625,-0.6791032660854519,-0.38789062500000004,-0.39659
16.453,-0.45068359375,-0.6819475249387654,-0.39009765625000004,-0.39971
16.457,-0.4541015625,-0.6848555972919925,-0.39226562500000006,-0.40281999999999996
16.462,-0.45751953125,-0.6877499953238075,-0.39443359375,-0.4059299999999999
16.466,-0.4599609375,-0.690635277141352,-0.39662109375,-0.40907000000000004
16.47,-0.46435546875,-0.6935615819231238,-0.3987890625,-0.41219000000000006
16.475,-0.466796875,-0.696478770490625,-0.4009765625,-0.41518999999999995
16.479,-0.46923828125,-0.6993458198796212,-0.40316406250000003,-0.41832
16.483,-0.47314453125,-0.7022356598043,-0.405390625,-0.4214500000000001
16.488,-0.47607421875,-0.7051254997289789,-0.40763671875,-0.42456000000000005
16.492,-0.47998046875,-0.7080563626178886,-0.40990234375,-0.42769999999999997
16.497,-0.4833984375,-0.7110236903638949,-0.4122265625,-0.43083000000000005
16.501,-0.486328125,-0.7140046924313079,-0.41455078125,-0.4339599999999999
16.505,-0.490234375,-0.716999368820133,-0.41697265625,-0.43711999999999995
16.51,-0.49267578125,-0.7200168357446408,-0.41935546874999996,-0.44029000000000007
16.514,-0.49609375,-0.7229750472763694,-0.4217578125,-0.4434499999999999
16.519,-0.5,-0.7259742817723307,-0.42416015625000003,-0.44662
16.523,-0.5029296875,-0.7289324933040628,-0.42654296875,-0.44981000000000004
16.527,-0.505859375,-0.7318998210500656,-0.42904296875000003,-0.4529700000000001
16.532,-0.509765625,-0.7348899393317545,-0.43150390625,-0.4561599999999999
16.536,-0.51318359375,-0.7378800576134399,-0.43404296875000004,-0.45936
16.54,-0.51611328125,-0.740874734002265,-0.43660156250000004,-0.46258
16.545,-0.52001953125,-0.743860294176816,-0.4391796875,-0.4656499999999999
16.549,-0.5224609375,-0.7468504124585031,-0.44181640624999996,-0.46887999999999996
16.553,-0.5263671875,-0.7498450888473265,-0.444453125,-0.4720899999999999
16.558,-0.52880859375,-0.7528397652361516,-0.44720703125000005,-0.47530000000000006
16.562,-0.53271484375,-0.7558936970177523,-0.45005859375,-0.4785299999999999
16.567,-0.53564453125,-0.7590114422992684,-0.4528515625,-0.4819
16.571,-0.54052734375,-0.76202435111664,-0.455703125,-0.48497999999999997
16.575,-0.54296875,-0.7650463761482857,-0.4586328125,-0.48822999999999994
16.58,-0.5458984375,-0.7680957498227485,-0.46160156250000006,-0.4914700000000001
16.584,-0.54931640625,-0.7711587978186252,-0.46470703125,-0.49471
16.589,-0.55322265625,-0.7742036133859536,-0.46785156250000004,-0.49795999999999996
16.593,-0.55615234375,-0.7772985681317834,-0.47109375,-0.5012099999999999
16.597,-0.5595703125,-0.7803935228776169,-0.47447265625,-0.5044500000000001
16.602,-0.5634765625,-0.7836161046232757,-0.47794921875000007,-0.50787
16.607,-0.56689453125,-0.7868204539403916,-0.48148437499999996,-0.51128
16.611,-0.5703125,-0.790020245150366,-0.48515625000000007,-0.5146900000000001
16.616,-0.57373046875,-0.7931471066461544,-0.48876953125,-0.5179800000000001
16.62,-0.57568359375,-0.7961828059992104,-0.49255859375,-0.5212600000000001
16.624,-0.580078125,-0.7992549702093594,-0.49640625000000005,-0.52454
16.629,-0.5830078125,-0.8023544830623273,-0.50033203125,-0.5278100000000001
16.633,-0.5869140625,-0.8054220891653383,-0.50435546875,-0.53111
16.638,-0.59033203125,-0.8085352763397182,-0.50841796875,-0.53434
16.642,-0.59375,-0.8115709756927725,-0.512734375,-0.5377700000000001
16.646,-0.5966796875,-0.8146659304386059,-0.51732421875,-0.54088
16.651,-0.60009765625,-0.8178520473271718,-0.5218945312500001,-0.5441400000000001
16.655,-0.603515625,-0.8209242115373208,-0.526640625,-0.5474000000000001
16.66,-0.60595703125,-0.8239781433189197,-0.5314257812500001,-0.5506800000000001
16.664,-0.60986328125,-0.8270001683505654,-0.5364453124999999,-0.55406
16.668,-0.61328125,-0.8300586582393041,-0.541640625,-0.55714
16.673,-0.61669921875,-0.8331353805565893,-0.54697265625,-0.5602499999999999
16.677,-0.61962890625,-0.8361801961239177,-0.5526562500000001,-0.5636099999999999
16.681,-0.623046875,-0.839261476548339,-0.5583203125,-0.5666899999999999
16.686,-0.6259765625,-0.842333640758488,-0.56400390625,-0.56995
16.69,-0.62841796875,-0.8453602238972682,-0.570078125,-0.5731900000000001
16.695,-0.63232421875,-0.848550898892972,-0.57568359375,-0.5767
16.699,-0.6357421875,-0.8515957144603004,-0.58125,-0.57995
16.703,-0.638671875,-0.8546131813848081,-0.5867187500000001,-0.58318
16.708,-0.64208984375,-0.8576671131664089,-0.59216796875,-0.5863700000000001
16.712,-0.6455078125,-0.8607620679122405,-0.59744140625,-0.58961
16.717,-0.64892578125,-0.8638114415867069,-0.6025,-0.59284
16.721,-0.65185546875,-0.8668471409397611,-0.6076171875,-0.5960300000000001
16.725,-0.6552734375,-0.8698919565070895,-0.6125390625,-0.5992299999999999
16.73,-0.65771484375,-0.8729595626101023,-0.61740234375,-0.60246
16.734,-0.6611328125,-0.8760043781774289,-0.62212890625,-0.60564
16.739,-0.6640625,-0.879040077530485,-0.62669921875,-0.6088199999999999
16.743,-0.66845703125,-0.8820712187764013,-0.63111328125,-0.6120300000000001
16.748,-0.67138671875,-0.8851433829865503,-0.6354296875000001,-0.61521
16.752,-0.6748046875,-0.8881198269468271,-0.6396875,-0.61836
16.756,-0.6767578125,-0.8911281776570625,-0.643828125,-0.6215200000000001
16.76,-0.68017578125,-0.8940955054030653,-0.6478710937500001,-0.62453
16.765,-0.68359375,-0.8970673912562059,-0.65185546875,-0.62768
16.769,-0.6865234375,-0.9000392771093484,-0.65572265625,-0.6308499999999999
16.774,-0.68896484375,-0.9029929305339408,-0.6595703125,-0.6338999999999999
16.778,-0.69287109375,-0.9060012812441745,-0.66341796875,-0.63704
16.782,-0.6962890625,-0.9090005157401357,-0.667109375,-0.64019
16.787,-0.69970703125,-0.9119951921289609,-0.6708984375,-0.64334
16.791,-0.7021484375,-0.9150810306605202,-0.6746484374999999,-0.6466099999999999
16.796,-0.70556640625,-0.918180543513488,-0.67841796875,-0.64991
16.8,-0.70849609375,-0.9212800563664558,-0.6819140625,-0.6532199999999999
16.805,-0.7109375,-0.924183570612545,-0.6854296875,-0.6562399999999999
16.809,-0.71484375,-0.9271691307870977,-0.6887695312500001,-0.65953
16.813,-0.71826171875,-0.9301136679974178,-0.69212890625,-0.6625300000000001
16.818,-0.72119140625,-0.9331174606005153,-0.69548828125,-0.66581
16.822,-0.72509765625,-0.9361258113107489,-0.69884765625,-0.66889
16.827,-0.72802734375,-0.9391979755208979,-0.7021484375,-0.6720299999999999
16.831,-0.73095703125,-0.9421789775883127,-0.70537109375,-0.6753199999999999
16.836,-0.73388671875,-0.9451645377628637,-0.7085937499999999,-0.67845
16.84,-0.73681640625,-0.9481318655088664,-0.71169921875,-0.6815599999999999
16.844,-0.73974609375,-0.9510308216478194,-0.7147265625,-0.6847000000000001
16.849,-0.74267578125,-0.9539343358939085,-0.7177343749999999,-0.68764
16.853,-0.74560546875,-0.9568105014971788,-0.720859375,-0.6907099999999999
16.858,-0.7490234375,-0.959764154921773,-0.72390625,-0.6938500000000001
16.862,-0.751953125,-0.9626904597035466,-0.726953125,-0.69696
16.866,-0.7548828125,-0.9656213225924564,-0.7299414062499999,-0.7001900000000001
16.871,-0.7578125,-0.9685157206242732,-0.7329296875,-0.70316
16.875,-0.76123046875,-0.971369095691859,-0.7359765625,-0.70628
16.88,-0.76416015625,-0.9743136329021791,-0.7389453125000001,-0.7093499999999999
16.884,-0.767578125,-0.9771897985054476,-0.741875,-0.7124299999999999
16.888,-0.77001953125,-0.9800659641087179,-0.74478515625,-0.71557
16.893,-0.7734375,-0.9828828743192108,-0.74775390625,-0.71852
16.897,-0.7763671875,-0.9857818304581638,-0.75072265625,-0.72159
16.901,-0.779296875,-0.9886534379542962,-0.75376953125,-0.7246999999999999
16.906,-0.783203125,-0.9916617886645298,-0.7569140624999999,-0.7279500000000001
16.91,-0.78564453125,-0.9946838136961755,-0.7598632812499999,-0.73116
16.915,-0.7890625,-0.9975736536208544,-0.7628515625,-0.7342599999999999
16.919,-0.7919921875,-1.000449819224123,-0.76578125,-0.73726
16.923,-0.794921875,-1.0032986361845726,-0.76869140625,-0.74034
16.928,-0.79736328125,-1.0061064301807932,-0.77173828125,-0.74343
16.932,-0.8017578125,-1.0090464092839753,-0.7747265625,-0.74654
16.937,-0.8046875,-1.0119225748872456,-0.7777734375,-0.74963
16.941,-0.806640625,-1.0148306472404727,-0.7808984375,-0.7527200000000001
16.945,-0.81005859375,-1.0177843006650669,-0.78392578125,-0.7558400000000001
16.95,-0.81298828125,-1.0206057689826942,-0.7869531249999999,-0.7589600000000001
16.954,-0.81591796875,-1.0234454697288697,-0.789921875,-0.76203
16.958,-0.8193359375,-1.02623958940368,-0.7930078125,-0.7649999999999999
16.963,-0.82177734375,-1.0291111968998123,-0.79619140625,-0.7681
16.967,-0.826171875,-1.0320557341101324,-0.7992968749999999,-0.7713099999999999
16.972,-0.82861328125,-1.0349501321419492,-0.8025,-0.7744
16.976,-0.83203125,-1.0378035072095333,-0.8057812499999999,-0.7775099999999999
16.981,-0.83447265625,-1.0407389282055828,-0.80896484375,-0.78061
16.985,-0.83740234375,-1.0435968613803048,-0.8121679687500001,-0.7836799999999999
16.989,-0.8408203125,-1.04642288780507,-0.81541015625,-0.78678
16.994,-0.8427734375,-1.0492443561226992,-0.81876953125,-0.78973
16.998,-0.84716796875,-1.052097731190285,-0.8220703125,-0.79294
17.002,-0.85009765625,-1.0549237576150503,-0.82560546875,-0.7958799999999999
17.007,-0.8525390625,-1.057895643468191,-0.8290624999999999,-0.7991299999999999
17.011,-0.85546875,-1.060712553678684,-0.83251953125,-0.80223
17.016,-0.85888671875,-1.0635522544248595,-0.8361328125,-0.80532
17.02,-0.86181640625,-1.0664375362424003,-0.8396484375,-0.8084100000000001
17.024,-0.86474609375,-1.0692544464528932,-0.8434375000000001,-0.81135
17.029,-0.86767578125,-1.072185309341803,-0.8471093749999999,-0.81456
17.033,-0.87109375,-1.0750614749450733,-0.8509375,-0.81765
17.038,-0.8740234375,-1.0779786635125728,-0.85478515625,-0.82088
17.042,-0.876953125,-1.0808138061516122,-0.8587109374999999,-0.82396
17.047,-0.88037109375,-1.0836535068977877,-0.8626953125,-0.8270500000000001
17.051,-0.8828125,-1.0864977657511012,-0.86669921875,-0.8301400000000001
17.055,-0.88525390625,-1.0892873273187735,-0.87072265625,-0.8331999999999999
17.06,-0.88818359375,-1.0920632145650337,-0.87482421875,-0.8361099999999999
17.064,-0.8916015625,-1.0948710085612525,-0.87892578125,-0.8392
17.069,-0.89453125,-1.0976879187717454,-0.8831640625,-0.84226
17.073,-0.8984375,-1.1004774803394177,-0.8872656250000001,-0.84531
17.077,-0.900390625,-1.1032488094785435,-0.891328125,-0.8483700000000001
17.081,-0.904296875,-1.106038371046214,-0.8952929687500001,-0.8513
17.086,-0.9072265625,-1.1088279326138863,-0.8992773437499999,-0.8543400000000001
17.09,-0.90966796875,-1.1116585171457896,-0.903046875,-0.8573900000000001
17.094,-0.912109375,-1.1144161719635033,-0.90689453125,-0.86032
17.099,-0.9150390625,-1.1172102916383135,-0.9105859374999999,-0.8633599999999999
17.103,-0.9189453125,-1.11999073699171,-0.91431640625,-0.8664000000000001
17.108,-0.921875,-1.1228304377378855,-0.9180078125,-0.8694500000000001
17.112,-0.92431640625,-1.1257066033411558,-0.9215234375,-0.8726400000000001
17.116,-0.927734375,-1.1285098392302366,-0.9249414062499999,-0.8756900000000001
17.121,-0.9306640625,-1.1313404237621416,-0.9282421875,-0.8787499999999999
17.125,-0.93359375,-1.1341436596512224,-0.9315625000000001,-0.88167
17.13,-0.93603515625,-1.1369514536474412,-0.93474609375,-0.8848499999999999
17.134,-0.93994140625,-1.1397273408937032,-0.93783203125,-0.8877600000000001
17.138,-0.94287109375,-1.1425305767827858,-0.9409375,-0.89083
17.143,-0.9462890625,-1.1453292545647304,-0.9439453125,-0.8938699999999999
17.147,-0.94873046875,-1.148127932346675,-0.9468554687499999,-0.8969100000000001
17.151,-0.951171875,-1.150899261485801,-0.94978515625,-0.89984
17.156,-0.95361328125,-1.1536523581963785,-0.9526171875,-0.9029
17.16,-0.95654296875,-1.1563872224784095,-0.9554296874999999,-0.9059299999999999
17.164,-0.96044921875,-1.1591859002603542,-0.9581835937500001,-0.9089799999999999
17.169,-0.962890625,-1.1620164847922574,-0.9609375,-0.9120299999999999
17.173,-0.966796875,-1.1648288368956123,-0.96361328125,-0.91506
17.178,-0.9697265625,-1.1676183984632846,-0.9662695312499999,-0.9180900000000001
17.182,-0.97265625,-1.1704808897451446,-0.96892578125,-0.9211400000000001
17.186,-0.97509765625,-1.1732431026699945,-0.97146484375,-0.9241900000000001
17.191,-0.9775390625,-1.175959734523481,-0.97396484375,-0.9270700000000001
17.195,-0.9814453125,-1.1787675285196997,-0.9765039062499999,-0.9301200000000001
17.2,-0.984375,-1.1815707644087805,-0.9790234375,-0.93317
17.204,-0.98779296875,-1.184364884083589,-0.98146484375,-0.9361900000000001
17.208,-0.99072265625,-1.187149887544125,-0.9839453125,-0.93907
17.213,-0.9931640625,-1.189953123433206,-0.98634765625,-0.94212
17.217,-0.99609375,-1.1927107782509214,-0.98873046875,-0.94516
17.221,-0.99853515625,-1.1954319682115422,-0.99107421875,-0.9480500000000001
17.225,-1.001953125,-1.1981668324935733,-0.99349609375,-0.95111
17.23,-1.00537109375,-1.2010065332397488,-0.99587890625,-0.95415
17.234,-1.0087890625,-1.203878140735883,-0.9983203125,-0.9573
17.239,-1.01171875,-1.2068090036247927,-1.00064453125,-0.96034
17.243,-1.0146484375,-1.209598565192465,-1.0030078125,-0.9633700000000001
17.248,-1.017578125,-1.2123881267601355,-1.0053125,-0.96639
17.252,-1.01953125,-1.2151321072564407,-1.0076562500000001,-0.96928
17.256,-1.02294921875,-1.2179262269312492,-1.00998046875,-0.97246
17.261,-1.0263671875,-1.220734020927468,-1.0122265625,-0.97549
17.265,-1.029296875,-1.2234780014237732,-1.0145117187500001,-0.97836
17.269,-1.033203125,-1.2262721210985816,-1.01673828125,-0.98139
17.274,-1.037109375,-1.2290890313090728,-1.0190234375,-0.98426
17.278,-1.03857421875,-1.231883150983883,-1.0213671875,-0.98727
17.282,-1.0419921875,-1.2347456422657412,-1.023671875,-0.99028
17.287,-1.044921875,-1.2375807849047806,-1.0259375000000002,-0.99331
17.291,-1.0478515625,-1.2403612302581788,-1.0282421875,-0.99618
17.295,-1.0498046875,-1.2431599080401252,-1.030625,-0.99919
17.3,-1.05322265625,-1.2460451898576679,-1.03291015625,-1.0023499999999999
17.304,-1.0576171875,-1.2488484257467505,-1.03521484375,-1.00535
17.309,-1.060546875,-1.251688126492926,-1.03751953125,-1.00834
17.313,-1.06298828125,-1.2546417799175185,-1.0399023437500001,-1.01135
17.318,-1.06591796875,-1.2574222252709166,-1.04220703125,-1.01436
17.322,-1.06884765625,-1.2601935544100424,-1.04458984375,-1.01738
17.326,-1.0712890625,-1.2630241389419439,-1.0469140625,-1.02041
17.331,-1.07470703125,-1.2657909099739335,-1.0492578125,-1.02345
17.335,-1.078125,-1.2685485647916472,-1.051640625,-1.02634
17.339,-1.08154296875,-1.2713837074306866,-1.05412109375,-1.0293700000000001
17.344,-1.08544921875,-1.2742917797839137,-1.05666015625,-1.0324200000000001
17.348,-1.08837890625,-1.2773183629226956,-1.059296875,-1.0356
17.353,-1.0908203125,-1.2803039230972448,-1.06181640625,-1.0388000000000002
17.357,-1.09423828125,-1.2831481819505584,-1.06439453125,-1.04188
17.362,-1.0966796875,-1.286033463768101,-1.0669921875000001,-1.04496
17.366,-1.099609375,-1.288882280728549,-1.069609375,-1.04802
17.371,-1.10400390625,-1.2917766787603675,-1.0721875,-1.05126
17.375,-1.10693359375,-1.2945981470779948,-1.0748242187500001,-1.0542099999999999
17.379,-1.1103515625,-1.2974697545741272,-1.07751953125,-1.05728
17.384,-1.11328125,-1.300332245855989,-1.080234375,-1.06037
17.388,-1.1162109375,-1.303185620923573,-1.0830859375,-1.06333
17.392,-1.11865234375,-1.3060800189553898,-1.085859375,-1.06643
17.397,-1.1220703125,-1.308901487273019,-1.0887109375000001,-1.06952
17.401,-1.12548828125,-1.3117594204477427,-1.0916015625,-1.0726200000000001
17.405,-1.12841796875,-1.3146036793010545,-1.0945507812500002,-1.07572
17.41,-1.1318359375,-1.3174935192257333,-1.0975390625,-1.07866
17.414,-1.134765625,-1.3203560105075933,-1.1005859375,-1.08176
17.418,-1.13818359375,-1.3232093855751792,-1.1037109375,-1.08474
17.423,-1.140625,-1.3260399701070806,-1.106875,-1.08784
17.427,-1.1435546875,-1.3288933451746683,-1.1101171875,-1.09094
17.431,-1.14697265625,-1.3317330459208438,-1.11390625,-1.0939
17.436,-1.150390625,-1.3349875344164612,-1.1172851562500001,-1.09742
17.44,-1.1533203125,-1.3378454675911833,-1.1207031250000001,-1.1005
17.445,-1.1572265625,-1.340689726444495,-1.124296875,-1.10346
17.449,-1.16064453125,-1.3435977987977221,-1.12798828125,-1.10655
17.453,-1.1630859375,-1.346496754936675,-1.13171875,-1.10964
17.458,-1.166015625,-1.349350130004261,-1.13560546875,-1.11258
17.462,-1.1689453125,-1.3522354118218036,-1.1395507812499999,-1.11566
17.466,-1.171875,-1.3550842287822533,-1.14365234375,-1.1187200000000002
17.471,-1.17431640625,-1.3579603943855219,-1.1478125,-1.12178
17.475,-1.1787109375,-1.3608137694531095,-1.1522070312500001,-1.1247
17.48,-1.181640625,-1.3637263999134728,-1.1568359375000001,-1.1277599999999999
17.484,-1.18505859375,-1.3666982857666135,-1.16154296875,-1.13082
17.488,-1.1875,-1.3696063581198406,-1.1664062499999999,-1.13402
17.493,-1.19091796875,-1.372518988580202,-1.1715625,-1.13708
17.497,-1.19384765625,-1.375458967683386,-1.17677734375,-1.14013
17.502,-1.19677734375,-1.3783761562508854,-1.18216796875,-1.1433200000000001
17.506,-1.19921875,-1.381220415104199,-1.18767578125,-1.14625
17.51,-1.2041015625,-1.3840737901717848,-1.19337890625,-1.1491799999999999
17.515,-1.20703125,-1.3869636300964636,-1.199296875,-1.15238
17.519,-1.2099609375,-1.3898990510925113,-1.2051757812500001,-1.1553
17.523,-1.212890625,-1.3927980072314643,-1.2110156250000002,-1.15823
17.528,-1.2158203125,-1.3956559404061863,-1.21673828125,-1.16144
17.532,-1.2197265625,-1.3985548965451393,-1.22234375,-1.1643599999999998
17.536,-1.22216796875,-1.40144473646982,-1.227890625,-1.16743
17.541,-1.22509765625,-1.4043163439659523,-1.2334765625,-1.1705
17.545,-1.228515625,-1.407251764962,-1.23880859375,-1.1735600000000002
17.549,-1.232421875,-1.4101643954223633,-1.243984375,-1.1766100000000002
17.554,-1.23486328125,-1.4130405610256318,-1.2491406250000001,-1.17954
17.558,-1.23779296875,-1.4159623077002674,-1.254140625,-1.18258
17.562,-1.2412109375,-1.4188703800534945,-1.25904296875,-1.18563
17.567,-1.24462890625,-1.4218377077995008,-1.2638671875,-1.18869
17.571,-1.2470703125,-1.4247959193312294,-1.2686523437500001,-1.19177
17.576,-1.25048828125,-1.4278452930056957,-1.27326171875,-1.19496
17.58,-1.25439453125,-1.4307807140017417,-1.27767578125,-1.19801
17.584,-1.2578125,-1.433693344462105,-1.28208984375,-1.20091
17.589,-1.26123046875,-1.436724485708023,-1.28634765625,-1.2040899999999999
17.593,-1.26318359375,-1.439669022918343,-1.29048828125,-1.20713
17.598,-1.26708984375,-1.4426363506643458,-1.29466796875,-1.21018
17.602,-1.27001953125,-1.4456264689460347,-1.29869140625,-1.2132399999999999
17.606,-1.2734375,-1.4485983547991754,-1.3025976562500001,-1.2162899999999999
17.611,-1.27587890625,-1.451561124438042,-1.30640625,-1.2193399999999999
17.615,-1.2802734375,-1.4544919873269535,-1.3101171875,-1.22238
17.62,-1.283203125,-1.457445640751546,-1.3138671875,-1.22527
17.624,-1.287109375,-1.4604038522832763,-1.31763671875,-1.2283
17.628,-1.2890625,-1.4634851327076994,-1.32126953125,-1.23149
17.633,-1.291015625,-1.4664387861322918,-1.324765625,-1.23454
17.637,-1.294921875,-1.4693195098426983,-1.32830078125,-1.2376
17.642,-1.29833984375,-1.4723005119101131,-1.33181640625,-1.24064
17.646,-1.30224609375,-1.4753726761202604,-1.33517578125,-1.2438099999999999
17.651,-1.3046875,-1.4783172133305822,-1.3384765625,-1.2468400000000002
17.655,-1.30859375,-1.4812617505409023,-1.34171875,-1.24986
17.659,-1.31201171875,-1.4841971715369482,-1.34490234375,-1.2527599999999999
17.664,-1.31494140625,-1.487128034425858,-1.34810546875,-1.25579
17.668,-1.31787109375,-1.490122710814683,-1.3512109375,-1.25882
17.672,-1.32080078125,-1.4930079926322257,-1.3542578125,-1.26185
17.677,-1.32373046875,-1.4959297393068631,-1.3573046874999999,-1.2647300000000001
17.681,-1.32763671875,-1.4988833927314573,-1.36029296875,-1.2677399999999999
17.685,-1.3310546875,-1.5018643947988704,-1.36333984375,-1.2707600000000001
17.69,-1.33447265625,-1.5048590711876955,-1.3663281250000001,-1.27378
17.694,-1.3369140625,-1.507821840826562,-1.3693359375,-1.27681
17.699,-1.34033203125,-1.5107846104654303,-1.37236328125,-1.27984
17.703,-1.34326171875,-1.5137792868542537,-1.3753125,-1.28288
17.707,-1.34619140625,-1.5167602889216685,-1.37833984375,-1.2859099999999999
17.712,-1.349609375,-1.5197048261319885,-1.3812499999999999,-1.28894
17.716,-1.353515625,-1.522658479556581,-1.3841796875,-1.29199
17.721,-1.3564453125,-1.5256258073025855,-1.387109375,-1.29504
17.725,-1.3603515625,-1.5285976931557261,-1.39,-1.29794
17.729,-1.36328125,-1.5315786952231392,-1.3929296875000001,-1.30101
17.734,-1.3662109375,-1.5345642553976901,-1.39580078125,-1.3040699999999998
17.738,-1.36865234375,-1.5374951182866,-1.3987109375,-1.30713
17.742,-1.37158203125,-1.5404350973897838,-1.4016015625,-1.3100399999999999
17.747,-1.3759765625,-1.543393308921516,-1.40443359375,-1.31311
17.751,-1.37890625,-1.546337846131836,-1.40732421875,-1.31617
17.755,-1.38232421875,-1.5492960576635646,-1.41021484375,-1.31907
17.76,-1.3857421875,-1.5522770597309794,-1.4131445312500002,-1.32212
17.764,-1.388671875,-1.5553036428697613,-1.4160546874999997,-1.32517
17.768,-1.3916015625,-1.5582846449371743,-1.4189453125,-1.32822
17.773,-1.39453125,-1.5612337402546324,-1.42185546875,-1.33111
17.777,-1.39697265625,-1.5641691612506783,-1.4247265624999998,-1.3341500000000002
17.781,-1.40185546875,-1.5671182565681363,-1.42765625,-1.33719
17.786,-1.40478515625,-1.5700947005284132,-1.430625,-1.34008
17.79,-1.40771484375,-1.5731076093457848,-1.43357421875,-1.34311
17.794,-1.41064453125,-1.576102285734608,-1.43658203125,-1.34615
17.799,-1.41455078125,-1.5790604972663402,-1.4397265625,-1.3491900000000001
17.803,-1.41748046875,-1.5822147074049493,-1.44287109375,-1.35236
17.808,-1.4208984375,-1.5852823135079603,-1.44595703125,-1.35541
17.812,-1.423828125,-1.5883225709681525,-1.44908203125,-1.35847
17.817,-1.42724609375,-1.5913354797855224,-1.4522656250000001,-1.36151
17.821,-1.4306640625,-1.5944213183170817,-1.4554687499999999,-1.3647
17.825,-1.4345703125,-1.5974752500986824,-1.4587890625,-1.36775
17.83,-1.43798828125,-1.6006157859158812,-1.4619726562500002,-1.37094
17.834,-1.44140625,-1.6036332528403907,-1.4652343749999999,-1.37386
17.839,-1.44384765625,-1.6066370454434882,-1.4684765625,-1.37693
17.843,-1.447265625,-1.6096362799394477,-1.4718359375,-1.37999
17.847,-1.45068359375,-1.6126856536139123,-1.4751562500000002,-1.38304
17.852,-1.45361328125,-1.615666655681327,-1.47845703125,-1.38611
17.856,-1.45703125,-1.618615750998785,-1.4819140625000002,-1.38902
17.86,-1.46044921875,-1.6216149854947446,-1.4853515624999998,-1.39193
17.865,-1.4638671875,-1.6246142199907059,-1.4888867187500001,-1.39499
17.869,-1.46728515625,-1.6276225707009395,-1.4926171874999998,-1.39806
17.873,-1.4697265625,-1.6307676646252762,-1.49642578125,-1.4011200000000001
17.878,-1.47412109375,-1.6339082004424768,-1.5001171875,-1.4043100000000002
17.882,-1.4765625,-1.636943899795531,-1.5038867187500002,-1.40739
17.887,-1.47998046875,-1.6399385761843543,-1.5076562500000001,-1.41031
17.891,-1.484375,-1.6429332525731795,-1.5115625,-1.41336
17.895,-1.48779296875,-1.6460008586761905,-1.5155273437499999,-1.4163000000000001
17.9,-1.49072265625,-1.6490639066720654,-1.51951171875,-1.41939
17.904,-1.494140625,-1.65211328034653,-1.52349609375,-1.42246
17.908,-1.49658203125,-1.6551626540209963,-1.5274609375000001,-1.42554
17.913,-1.5,-1.6581937952669126,-1.531328125,-1.42849
17.917,-1.50341796875,-1.6612112621914221,-1.535234375,-1.4315799999999999
17.921,-1.50732421875,-1.6642971007229814,-1.53904296875,-1.43465
17.926,-1.51123046875,-1.6673874973616751,-1.54279296875,-1.4377499999999999
17.93,-1.51416015625,-1.670496126428917,-1.5464453125,-1.4407
17.934,-1.51708984375,-1.6735409419962455,-1.5500390625,-1.4438
17.939,-1.51953125,-1.6766085480992565,-1.5536328125,-1.44691
17.943,-1.525390625,-1.67978554877355,-1.5571289062500002,-1.45003
17.948,-1.52734375,-1.682944317019297,-1.56048828125,-1.45313
17.952,-1.53173828125,-1.6860575041936752,-1.5637890625,-1.45624
17.956,-1.53466796875,-1.6891889237965998,-1.56712890625,-1.45935
17.961,-1.5390625,-1.6924160636493983,-1.57029296875,-1.46248
17.965,-1.5419921875,-1.6956158548593745,-1.5734765625,-1.4656
17.969,-1.54443359375,-1.6987244839266165,-1.57650390625,-1.4687299999999999
17.974,-1.5478515625,-1.7017829738153551,-1.57951171875,-1.47186
17.978,-1.55078125,-1.7049052772040056,-1.5823828125,-1.475
17.982,-1.55517578125,-1.7079774414141564,-1.58521484375,-1.47798
17.987,-1.55810546875,-1.7110496056243054,-1.5880859375,-1.48112
17.991,-1.56201171875,-1.7142357225128695,-1.59087890625,-1.48426
17.996,-1.56591796875,-1.7174218394014371,-1.5936523437499999,-1.48739
18.0,-1.56884765625,-1.7206489792542339,-1.59640625,-1.49052
18.004,-1.572265625,-1.7238305380356636,-1.5990234375,-1.49366
18.009,-1.57568359375,-1.7269801900671347,-1.6016406250000002,-1.4968
18.013,-1.57861328125,-1.7301116096700628,-1.60419921875,-1.49992
18.018,-1.58349609375,-1.7333250752014493,-1.60673828125,-1.50306
18.022,-1.58642578125,-1.7365613312685184,-1.6092773437499999,-1.5062
18.026,-1.59033203125,-1.7397565643713584,-1.61169921875,-1.50933
18.031,-1.59326171875,-1.7429290069385157,-1.6141601562499999,-1.51231
18.035,-1.5966796875,-1.7461014495056713,-1.6165234375,-1.51546
18.039,-1.60009765625,-1.7492374272157338,-1.61888671875,-1.5186
18.044,-1.603515625,-1.7524189859971635,-1.6213085937499998,-1.52173
18.048,-1.60693359375,-1.755641567742824,-1.6236132812500002,-1.52487
18.052,-1.611328125,-1.7588231265242538,-1.62587890625,-1.52789
18.057,-1.61474609375,-1.761986452877137,-1.62818359375,-1.53103
18.061,-1.61865234375,-1.7652090346227975,-1.6304296875000002,-1.5340099999999999
18.065,-1.62060546875,-1.7683678028685428,-1.63265625,-1.53717
18.07,-1.62451171875,-1.7714992224714692,-1.6348828125000001,-1.5401799999999999
18.074,-1.6279296875,-1.7746762231457627,-1.6371289062499998,-1.54334
18.078,-1.6318359375,-1.7779261535342403,-1.63931640625,-1.54649
18.083,-1.634765625,-1.7811305028513562,-1.6415429687499998,-1.5496699999999999
18.087,-1.638671875,-1.7842938292042376,-1.6437499999999998,-1.55267
18.091,-1.64208984375,-1.7875164109498982,-1.6459375,-1.55583
18.096,-1.64599609375,-1.7907070859456002,-1.64814453125,-1.55885
18.1,-1.6494140625,-1.7939524582269435,-1.6503515625,-1.56203
18.104,-1.65234375,-1.7972069467225609,-1.65251953125,-1.5652
18.109,-1.65673828125,-1.8004432027896318,-1.6547265625,-1.5683799999999999
18.113,-1.66015625,-1.8037159237137974,-1.6568945312499999,-1.57158
18.117,-1.6640625,-1.8069977608522336,-1.6591015624999998,-1.57477
18.122,-1.6669921875,-1.8103160628477646,-1.66134765625,-1.57796
18.126,-1.67138671875,-1.8136343648432955,-1.6635546875,-1.5811600000000001
18.131,-1.6748046875,-1.8169435506245541,-1.66576171875,-1.58437
18.135,-1.677734375,-1.8202481782986766,-1.66791015625,-1.58757
18.139,-1.68115234375,-1.8234844343657457,-1.6701171875,-1.59066
18.144,-1.6845703125,-1.8268392012183714,-1.67232421875,-1.59402
18.148,-1.68798828125,-1.8301028059282611,-1.67451171875,-1.59725
18.153,-1.69287109375,-1.8334302241380662,-1.6766601562499999,-1.6005
18.157,-1.6953125,-1.8367211774907766,-1.6788281250000001,-1.60373
18.161,-1.69970703125,-1.840021247057761,-1.6809765625,-1.60696
18.166,-1.70361328125,-1.8433304328390197,-1.68318359375,-1.61022
18.17,-1.70654296875,-1.8465985956560456,-1.6853515625,-1.61331
18.174,-1.708984375,-1.8498211774017062,-1.6875390625,-1.61656
18.179,-1.71337890625,-1.8530847821115959,-1.689765625,-1.6198000000000001
18.183,-1.71728515625,-1.8563210381786668,-1.6919726562500002,-1.6229200000000001
18.187,-1.720703125,-1.859607433424241,-1.69423828125,-1.62616
18.192,-1.72509765625,-1.8629302935269099,-1.69654296875,-1.62941
18.196,-1.728515625,-1.8662531536295788,-1.69888671875,-1.63253
18.2,-1.73193359375,-1.869607920482201,-1.7012109375,-1.6358000000000001
18.205,-1.73486328125,-1.8728943157277769,-1.70349609375,-1.63906
18.209,-1.7392578125,-1.8761670366519407,-1.7058203125,-1.64234
18.213,-1.7412109375,-1.8794306413618322,-1.70818359375,-1.64547
18.218,-1.74609375,-1.8827124785002685,-1.7105859375,-1.64875
18.222,-1.7490234375,-1.886021664281527,-1.7130468749999999,-1.6520299999999999
18.226,-1.75244140625,-1.8893080595271012,-1.715703125,-1.65517
18.231,-1.7568359375,-1.8929271965936554,-1.7183593750000001,-1.6587399999999999
18.236,-1.7607421875,-1.8964551715174753,-1.721015625,-1.66219
18.24,-1.76318359375,-1.8999011005128352,-1.7237109375000002,-1.66565
18.245,-1.7666015625,-1.903301448436828,-1.7264453125,-1.6691
18.25,-1.77099609375,-1.9067610517535964,-1.72921875,-1.67252
18.254,-1.77490234375,-1.9102252131775028,-1.7318749999999998,-1.67598
18.258,-1.7783203125,-1.9134888178873926,-1.7347070312500001,-1.6792500000000001
18.263,-1.7822265625,-1.916921072561344,-1.73751953125,-1.68252
18.267,-1.7861328125,-1.9202803975211058,-1.740390625,-1.6858
18.272,-1.7900390625,-1.9236351643737297,-1.74326171875,-1.68909
18.276,-1.7939453125,-1.9269625825835348,-1.746171875,-1.69237
18.28,-1.79638671875,-1.9302353035076987,-1.74916015625,-1.69552
18.285,-1.79931640625,-1.9335034663247246,-1.75216796875,-1.6988
18.289,-1.8037109375,-1.9367442804989334,-1.7552343750000001,-1.70207
18.293,-1.80712890625,-1.9400762568158747,-1.7584765625,-1.70518
18.298,-1.81103515625,-1.9434355817756366,-1.7617968750000002,-1.70846
18.302,-1.81591796875,-1.9467857905211243,-1.7652148437500002,-1.71173
18.307,-1.81884765625,-1.9502089289807998,-1.768671875,-1.71499
18.311,-1.82080078125,-1.953495324226374,-1.77216796875,-1.71827
18.315,-1.8251953125,-1.9567406965077172,-1.7757421875000001,-1.72156
18.319,-1.828125,-1.9599860687890622,-1.7794140625000001,-1.72482
18.324,-1.83154296875,-1.9632633478203623,-1.7832031249999998,-1.72793
18.328,-1.8349609375,-1.9665087201017055,-1.7870898437500002,-1.73105
18.332,-1.83984375,-1.9697814410258694,-1.79111328125,-1.73446
18.337,-1.8427734375,-1.973054161950035,-1.7954296875,-1.7374
18.341,-1.84619140625,-1.976418045016933,-1.79978515625,-1.74068
18.345,-1.8486328125,-1.979690765941097,-1.8042773437500002,-1.74409
18.35,-1.85205078125,-1.9829498125438505,-1.8090234374999998,-1.7472
18.354,-1.8564453125,-1.9863228118250227,-1.8138476562499999,-1.75059
18.359,-1.85986328125,-1.989663904356238,-1.8189257812500002,-1.75371
18.363,-1.86328125,-1.9930095549945896,-1.82416015625,-1.75695
18.368,-1.8681640625,-1.9963916704900342,-1.8296875000000001,-1.76032
18.372,-1.87158203125,-1.9997601116640702,-1.835234375,-1.76356
18.376,-1.87451171875,-2.003069297445329,-1.8410351562499998,-1.76666
18.381,-1.87744140625,-2.006433180512225,-1.84669921875,-1.7702
18.385,-1.880859375,-2.009710459543527,-1.8523046875,-1.77345
18.389,-1.884765625,-2.0130150872176475,-1.8579296875,-1.77672
18.394,-1.888671875,-2.0163288311060423,-1.863359375,-1.7799800000000001
18.398,-1.8935546875,-2.0196334587801648,-1.86880859375,-1.78307
18.403,-1.896484375,-2.022969993204242,-1.8741015625000002,-1.78634
18.407,-1.8994140625,-2.026274620878363,-1.8792968749999999,-1.78959
18.411,-1.90283203125,-2.0295291093739802,-1.88443359375,-1.79271
18.415,-1.90625,-2.0328200627266924,-1.88939453125,-1.796
18.42,-1.9091796875,-2.036120132293675,-1.8944726562499998,-1.79931
18.424,-1.9130859375,-2.03952959643194,-1.8992578125,-1.80259
18.429,-1.9169921875,-2.0428205497846523,-1.90396484375,-1.80588
18.433,-1.92236328125,-2.0461798747444124,-1.9085546875,-1.80917
18.438,-1.92529296875,-2.0495802226684052,-1.9130664062499998,-1.8124500000000001
18.442,-1.9287109375,-2.0529577800567136,-1.9176953125,-1.81571
18.447,-1.931640625,-2.056472080659125,-1.921953125,-1.81915
18.451,-1.93408203125,-2.059749359690425,-1.92611328125,-1.82245
18.455,-1.93798828125,-2.0630175225074527,-1.93021484375,-1.82573
18.46,-1.94189453125,-2.066381405574351,-1.9342187499999999,-1.829
18.464,-1.94482421875,-2.0696404521771044,-1.9381054687500001,-1.83226
18.468,-1.9482421875,-2.072899498779858,-1.9418945312499998,-1.83549
18.473,-1.95263671875,-2.076140312954065,-1.945546875,-1.83856
18.477,-1.95556640625,-2.0793674528068635,-1.949296875,-1.8418
18.481,-1.9580078125,-2.0826811966952583,-1.95291015625,-1.84502
18.486,-1.9619140625,-2.08594024329801,-1.9564062500000001,-1.84824
18.49,-1.96484375,-2.0891218020794398,-1.9598632812499999,-1.85143
18.495,-1.96875,-2.092367174360785,-1.96322265625,-1.85463
18.499,-1.9716796875,-2.0955851979993074,-1.96654296875,-1.85763
18.503,-1.9755859375,-2.0988214540663783,-1.96994140625,-1.8608
18.508,-1.97900390625,-2.102057710133449,-1.9732031250000002,-1.86395
18.512,-1.982421875,-2.105243827022015,-1.97646484375,-1.86711
18.516,-1.98583984375,-2.1084937574104945,-1.97966796875,-1.87027
18.521,-1.98828125,-2.1116889905133363,-1.9828124999999999,-1.87343
18.525,-1.99169921875,-2.1148523168662177,-1.9859765625,-1.87644
18.529,-1.9951171875,-2.1180338756476473,-1.98904296875,-1.8795600000000001
18.534,-1.99951171875,-2.1212291087504873,-1.9920703124999999,-1.8827
18.538,-2.0029296875,-2.124406109424779,-1.9951367187499998,-1.88581
18.542,-2.00634765625,-2.1276651560275344,-1.9981640625,-1.88894
18.547,-2.0087890625,-2.13083759859469,-2.0011328125,-1.8919300000000001
18.551,-2.01171875,-2.1339325533405233,-2.0041015625000003,-1.89507
18.555,-2.015625,-2.137068531050586,-2.007109375,-1.89803
18.56,-2.01806640625,-2.1402819965819724,-2.0100390625,-1.90112
18.564,-2.02197265625,-2.143427090506309,-2.0130078125,-1.90422
18.569,-2.025390625,-2.146572184430644,-2.01595703125,-1.90731
18.573,-2.029296875,-2.1497127202478428,-2.01888671875,-1.91039
18.577,-2.0322265625,-2.152871488493588,-2.02189453125,-1.91333
18.582,-2.03515625,-2.1560667215964298,-2.02501953125,-1.91643
18.586,-2.0380859375,-2.1593804654848245,-2.0280664062500002,-1.91977
18.591,-2.04150390625,-2.162593931016211,-2.0309765625000002,-1.92284
18.595,-2.044921875,-2.1657207925119994,-2.0338671875000003,-1.9259
18.599,-2.048828125,-2.168820305364969,-2.0367578125,-1.92896
18.604,-2.0517578125,-2.1719107020036628,-2.03966796875,-1.93187
18.608,-2.0556640625,-2.1750512378208615,-2.04263671875,-1.93492
18.612,-2.05859375,-2.1782008898523344,-2.045546875,-1.93796
18.617,-2.0615234375,-2.1812776121696196,-2.0484375,-1.94099
18.621,-2.06396484375,-2.1843452182726306,-2.05134765625,-1.94388
18.625,-2.06787109375,-2.187412824375645,-2.05421875,-1.94691
18.63,-2.0712890625,-2.1904849885857924,-2.05708984375,-1.94992
18.634,-2.07421875,-2.1935434784745294,-2.0601171875000004,-1.95279
18.639,-2.07861328125,-2.196729595363097,-2.06314453125,-1.95592
18.643,-2.08203125,-2.1999612933230317,-2.0662890625,-1.95893
18.648,-2.08447265625,-2.2032385723543317,-2.0692578125,-1.96205
18.652,-2.08740234375,-2.206328968993027,-2.0723046875,-1.96503
18.656,-2.09033203125,-2.209382900774628,-2.075234375,-1.96801
18.661,-2.09375,-2.2123821352705892,-2.07814453125,-1.97085
18.665,-2.09619140625,-2.215390485980823,-2.0811914062500003,-1.97381
18.669,-2.10009765625,-2.2183988366910583,-2.0841992187500002,-1.97677
18.674,-2.10400390625,-2.221461884686933,-2.08732421875,-1.97974
18.678,-2.107421875,-2.224606978611268,-2.0904296875,-1.98269
18.682,-2.10986328125,-2.227642677964324,-2.0935546875,-1.98564
18.687,-2.11328125,-2.2306692611031043,-2.0967578125,-1.98847
18.691,-2.1162109375,-2.2337596577417997,-2.100078125,-1.99142
18.696,-2.11865234375,-2.236932100308957,-2.1034375,-1.9945
18.7,-2.1220703125,-2.2400088226262422,-2.1066601562500002,-1.9976
18.705,-2.1259765625,-2.243017173336476,-2.11,-2.00043
18.709,-2.12890625,-2.246048314582394,-2.1134570312500003,-2.00339
18.714,-2.1337890625,-2.2491797341853204,-2.1167773437500004,-2.00648
18.718,-2.1357421875,-2.252229107859783,-2.1202734375000003,-2.00945
18.722,-2.13916015625,-2.255260249105703,-2.1237695312500002,-2.01242
18.727,-2.142578125,-2.2583050646730314,-2.1273046875,-2.01539
18.731,-2.14453125,-2.2612997410618547,-2.1308593750000004,-2.01822
18.735,-2.1484375,-2.2642853012364057,-2.1344531250000003,-2.0212
18.74,-2.1513671875,-2.26725262898241,-2.13814453125,-2.02417
18.744,-2.15478515625,-2.27026553779978,-2.141953125,-2.02714
18.748,-2.1591796875,-2.2732875628314257,-2.1458984375,-2.0301
18.753,-2.16162109375,-2.2763825175772574,-2.14990234375,-2.03308
18.757,-2.1640625,-2.279404542608903,-2.15390625,-2.03607
18.762,-2.16748046875,-2.2823536379263576,-2.15798828125,-2.03892
18.766,-2.17041015625,-2.2853391981009104,-2.16203125,-2.04192
18.77,-2.17431640625,-2.2883247582754613,-2.16603515625,-2.04491
18.775,-2.1787109375,-2.291333108985695,-2.1700390625000003,-2.04792
18.779,-2.18115234375,-2.294355134017339,-2.1740429687500002,-2.05077
18.783,-2.1845703125,-2.297381717156121,-2.1779687500000002,-2.0538
18.788,-2.1875,-2.3003991840806286,-2.1818164062500003,-2.05681
18.792,-2.1904296875,-2.303402976683726,-2.18556640625,-2.05972
18.796,-2.19287109375,-2.3063566301083185,-2.1892578125,-2.06275
18.801,-2.1962890625,-2.3093421902828712,-2.1928710937500004,-2.0658
18.805,-2.19970703125,-2.312318634243148,-2.1964648437500003,-2.06884
18.809,-2.20458984375,-2.3153953565604333,-2.200078125,-2.07187
18.814,-2.20751953125,-2.3185632410204526,-2.2034765625,-2.07491
18.818,-2.21044921875,-2.3215807079449604,-2.206796875,-2.07796
18.822,-2.21337890625,-2.3245708262266493,-2.2100585937500004,-2.08102
18.827,-2.21533203125,-2.3275609445083347,-2.21326171875,-2.08394
18.831,-2.21923828125,-2.33056929521857,-2.2164062500000004,-2.08701
18.836,-2.2236328125,-2.3335594135002573,-2.2194531250000002,-2.09007
18.84,-2.22705078125,-2.336613345281858,-2.2225390625,-2.09313
18.844,-2.23046875,-2.339731090563374,-2.22546875,-2.09618
18.849,-2.234375,-2.342762231809292,-2.2284570312500005,-2.09911
18.853,-2.23681640625,-2.3458799770908083,-2.2313671875000005,-2.10233
18.857,-2.240234375,-2.3489566994080935,-2.23421875,-2.10528
18.862,-2.2431640625,-2.3520243055111045,-2.2369726562500003,-2.10837
18.866,-2.24658203125,-2.355078237292707,-2.2397265625000005,-2.11146
18.871,-2.24951171875,-2.3582096568956317,-2.2425390625,-2.11469
18.875,-2.25341796875,-2.361304611641465,-2.2452148437500004,-2.11779
18.879,-2.25634765625,-2.364367659637338,-2.24791015625,-2.12088
18.884,-2.26171875,-2.3674899630259922,-2.25056640625,-2.12399
18.888,-2.26416015625,-2.3706943123431046,-2.2532421875,-2.1271
18.893,-2.2666015625,-2.3738029414103465,-2.2557812500000005,-2.13023
18.897,-2.26953125,-2.3768295245491284,-2.25830078125,-2.13337
18.901,-2.2724609375,-2.3798150847236776,-2.26078125,-2.13651
18.906,-2.27685546875,-2.382873574612418,-2.2633007812500003,-2.1395
18.91,-2.28076171875,-2.385968529358248,-2.26572265625,-2.14263
18.914,-2.2841796875,-2.3890315773541246,-2.26822265625,-2.14578
18.919,-2.28759765625,-2.3921766712784613,-2.2706250000000003,-2.14893
18.923,-2.2900390625,-2.3952078125243776,-2.2730273437500004,-2.15196
18.927,-2.29296875,-2.3982708605202525,-2.2754101562500004,-2.15512
18.932,-2.296875,-2.401329350408991,-2.2777539062500005,-2.1583
18.936,-2.2998046875,-2.40440151461914,-2.28005859375,-2.16145
18.94,-2.30322265625,-2.407423539650784,-2.2824609375000002,-2.16448
18.945,-2.3076171875,-2.4105412849323002,-2.2848242187500003,-2.16763
18.949,-2.3115234375,-2.4136818207495008,-2.2871679687500004,-2.1708
18.954,-2.31396484375,-2.416845147102382,-2.28951171875,-2.17396
18.958,-2.31689453125,-2.4199127532053932,-2.29185546875,-2.17699
18.962,-2.31884765625,-2.4230031498440887,-2.2941796875000002,-2.18016
18.967,-2.32275390625,-2.4260297329828706,-2.2964648437500004,-2.18331
18.971,-2.32666015625,-2.4291246877287023,-2.29875,-2.18646
18.975,-2.3310546875,-2.4322059681531254,-2.3010546875,-2.1896
18.98,-2.333984375,-2.4353647363988706,-2.3033984375000003,-2.19275
18.984,-2.33642578125,-2.438446016823292,-2.3056835937500004,-2.19577
18.988,-2.3408203125,-2.4415364134619875,-2.308046875,-2.19893
18.993,-2.34375,-2.444681507386324,-2.31037109375,-2.20209
18.997,-2.345703125,-2.447744555382199,-2.3127343750000002,-2.20527
19.002,-2.3505859375,-2.4508759749851237,-2.3150976562500003,-2.20843
19.006,-2.3544921875,-2.454125905373605,-2.3174414062500004,-2.21175
19.01,-2.35693359375,-2.4572618830836674,-2.3198046875,-2.21491
19.015,-2.36083984375,-2.4604479999722333,-2.32216796875,-2.21809
19.019,-2.36474609375,-2.4635383966109288,-2.32455078125,-2.22114
19.024,-2.36767578125,-2.466660699999581,-2.32697265625,-2.22435
19.028,-2.37060546875,-2.46981491013819,-2.32943359375,-2.22757
19.032,-2.37451171875,-2.473010143241032,-2.33189453125,-2.23093
19.037,-2.37744140625,-2.4761050979868617,-2.3343359375,-2.23401
19.041,-2.380859375,-2.479181820304147,-2.336796875,-2.23724
19.045,-2.38525390625,-2.48233147233562,-2.339375,-2.24048
19.05,-2.388671875,-2.485499356795639,-2.3419335937500003,-2.24356
19.054,-2.39208984375,-2.488639892612838,-2.34451171875,-2.24683
19.058,-2.39501953125,-2.491757637894354,-2.3471484375000005,-2.25011
19.063,-2.39697265625,-2.4948480345330513,-2.3497656250000003,-2.25324
19.067,-2.40087890625,-2.4979247568503364,-2.3526171875000004,-2.25652
19.072,-2.40478515625,-2.501211152095909,-2.3554101562500005,-2.25995
19.076,-2.40869140625,-2.504470198698664,-2.3582617187500006,-2.26323
19.08,-2.41259765625,-2.5076380831586818,-2.36111328125,-2.26652
19.085,-2.4169921875,-2.5108287581543856,-2.3640234375,-2.2698
19.089,-2.419921875,-2.5140650142214565,-2.36705078125,-2.27311
19.094,-2.42236328125,-2.5173012702885273,-2.3700585937500005,-2.27642
19.098,-2.42529296875,-2.5204190155700417,-2.3731054687500004,-2.27974
19.102,-2.42919921875,-2.523586900030063,-2.37626953125,-2.2830500000000002
19.107,-2.43212890625,-2.5267593425972183,-2.3794726562500004,-2.28637
19.111,-2.4365234375,-2.5299636919143307,-2.3828125,-2.2896900000000002
19.116,-2.4404296875,-2.5332272966242204,-2.386171875,-2.293
19.12,-2.4443359375,-2.5364362040484725,-2.38966796875,-2.29633
19.124,-2.447265625,-2.5396679020084054,-2.3931640625000004,-2.29966
19.129,-2.4501953125,-2.542844902682699,-2.3966992187500002,-2.30285
19.133,-2.45263671875,-2.5459717641784874,-2.4003320312500005,-2.3062
19.137,-2.4560546875,-2.549071277031457,-2.4041015625,-2.30954
19.142,-2.46044921875,-2.5522756263485693,-2.4080078125,-2.31303
19.146,-2.4638671875,-2.555552905379871,-2.4120312500000005,-2.31621
19.151,-2.46728515625,-2.5587207898398887,-2.4161523437500003,-2.31954
19.155,-2.47119140625,-2.561897790514182,-2.42037109375,-2.32287
19.159,-2.47412109375,-2.5650702330813395,-2.4249218750000003,-2.32604
19.164,-2.4775390625,-2.568379418862598,-2.42947265625,-2.32954
19.168,-2.48046875,-2.5715108384655228,-2.4341601562500004,-2.33302
19.172,-2.48388671875,-2.574674164818404,-2.4391406250000003,-2.33606
19.177,-2.48876953125,-2.5779833505996645,-2.444140625,-2.33953
19.181,-2.4921875,-2.5811785837025027,-2.449296875,-2.34288
19.186,-2.49609375,-2.5843738168053427,-2.4546875000000004,-2.34605
19.19,-2.49951171875,-2.587578166122457,-2.46041015625,-2.34937
19.194,-2.501953125,-2.590818980296664,-2.4663085937500004,-2.35271
19.199,-2.50439453125,-2.594009655292366,-2.4723632812500003,-2.35606
19.203,-2.5078125,-2.597154749216701,-2.4786523437500003,-2.35924
19.207,-2.51171875,-2.600354540426679,-2.48494140625,-2.36272
19.212,-2.51611328125,-2.6035907964937497,-2.4913085937500004,-2.36608
19.216,-2.51953125,-2.6069090984892807,-2.4975,-2.3694100000000002
19.221,-2.5234375,-2.610195493734855,-2.5036523437500002,-2.37303
19.225,-2.52783203125,-2.6135001214089755,-2.5096289062500006,-2.37637
19.23,-2.5302734375,-2.616763726118865,-2.515546875,-2.37971
19.234,-2.53271484375,-2.6199954240788,-2.5212890625,-2.38304
19.238,-2.53564453125,-2.62319065718164,-2.52681640625,-2.38638
19.243,-2.54052734375,-2.6263813321773437,-2.5321875,-2.38974
19.247,-2.54345703125,-2.6296130301372767,-2.5373828125,-2.39309
19.252,-2.548828125,-2.6328401699900734,-2.54248046875,-2.39626
19.256,-2.5517578125,-2.6361174490213752,-2.5474414062500004,-2.39959
19.26,-2.5546875,-2.639340030767036,-2.5523828125000003,-2.40291
19.265,-2.55908203125,-2.6426355422268824,-2.55708984375,-2.40625
19.269,-2.56103515625,-2.645853565865405,-2.561796875,-2.40958
19.273,-2.564453125,-2.649094380039612,-2.56623046875,-2.41292
19.278,-2.5673828125,-2.652244032071085,-2.5705078125000003,-2.41609
19.282,-2.5712890625,-2.6553845678882837,-2.5748046875000004,-2.41942
19.286,-2.57470703125,-2.658602591526808,-2.57896484375,-2.42255
19.291,-2.57861328125,-2.6617887084153757,-2.5830859375000004,-2.42585
19.295,-2.58203125,-2.6650112901610346,-2.58716796875,-2.42914
19.299,-2.58544921875,-2.668224755692421,-2.591171875,-2.43243
19.304,-2.58740234375,-2.671415430688125,-2.5950781250000006,-2.43574
19.308,-2.59130859375,-2.674583315148144,-2.5988671875000002,-2.43889
19.312,-2.5947265625,-2.6777466415010274,-2.6025585937500004,-2.44219
19.317,-2.59912109375,-2.6809054097467726,-2.60623046875,-2.4454599999999997
19.321,-2.60302734375,-2.684123433385297,-2.60986328125,-2.4485900000000003
19.325,-2.6064453125,-2.6873688056666403,-2.6134765625000003,-2.45186
19.33,-2.60986328125,-2.6905959455194353,-2.6170703125,-2.45515
19.334,-2.61083984375,-2.693800294836551,-2.6207421875000003,-2.45843
19.339,-2.6142578125,-2.6971277130463545,-2.624296875,-2.46188
19.343,-2.619140625,-2.700354852899153,-2.62779296875,-2.46516
19.348,-2.62255859375,-2.7036549224661357,-2.63115234375,-2.46859
19.352,-2.62646484375,-2.70687294610466,-2.63443359375,-2.47187
19.357,-2.63037109375,-2.710100085957455,-2.6376953125,-2.47513
19.361,-2.6337890625,-2.713308993381707,-2.641015625,-2.47839
19.365,-2.63720703125,-2.7165498075559142,-2.6442382812500003,-2.48164
19.37,-2.63916015625,-2.71972225012307,-2.64740234375,-2.48477
19.374,-2.64404296875,-2.7228946926902253,-2.6506250000000002,-2.48804
19.378,-2.64697265625,-2.726117274435886,-2.6538867187500004,-2.49131
19.383,-2.64990234375,-2.729485715609922,-2.6572265625,-2.49473
19.387,-2.65283203125,-2.7327766689626323,-2.66060546875,-2.4981400000000002
19.392,-2.6572265625,-2.7361770168866233,-2.66373046875,-2.50154
19.397,-2.6611328125,-2.739363133775191,-2.66685546875,-2.5047800000000002
19.401,-2.66552734375,-2.742613064163672,-2.67,-2.5080299999999998
19.405,-2.6689453125,-2.745881226980698,-2.67314453125,-2.51129
19.41,-2.6708984375,-2.7491493897977257,-2.6762304687500005,-2.51455
19.414,-2.6748046875,-2.7522534607578315,-2.6792773437500004,-2.51781
19.418,-2.677734375,-2.755393996575032,-2.6822851562500003,-2.52093
19.423,-2.681640625,-2.75850718374941,-2.6853515625,-2.5242
19.427,-2.68603515625,-2.7617024168522484,-2.68837890625,-2.5273
19.431,-2.689453125,-2.7649158823836366,-2.6914843750000004,-2.53055
19.436,-2.69189453125,-2.7680928830579283,-2.6945703125000002,-2.5336499999999997
19.44,-2.6943359375,-2.7712562094108115,-2.6976953125,-2.5369099999999998
19.444,-2.6982421875,-2.7744058614422844,-2.7007812500000004,-2.54018
19.449,-2.701171875,-2.777546397259483,-2.70388671875,-2.54344
19.453,-2.705078125,-2.7807097236123663,-2.7070312500000004,-2.54655
19.457,-2.70947265625,-2.7839414215722993,-2.7101367187500003,-2.54981
19.462,-2.71337890625,-2.7871503289965496,-2.71326171875,-2.55305
19.466,-2.716796875,-2.79037291074221,-2.716484375,-2.55631
19.47,-2.71826171875,-2.79355446952364,-2.71966796875,-2.5594200000000003
19.475,-2.72216796875,-2.796676772912292,-2.722890625,-2.5627
19.479,-2.72509765625,-2.7998765641222683,-2.7261132812500004,-2.56597
19.483,-2.7294921875,-2.8030353323680135,-2.7293554687500006,-2.56923
19.488,-2.73193359375,-2.8062396816851294,-2.7327734375,-2.57235
19.492,-2.73583984375,-2.8095169607164294,-2.73609375,-2.57574
19.496,-2.74072265625,-2.812680287069311,-2.7394921875000007,-2.57899
19.501,-2.7431640625,-2.815884636386425,-2.7429101562500002,-2.5821
19.505,-2.74658203125,-2.8191117762392217,-2.7463281250000002,-2.58538
19.51,-2.7490234375,-2.82223863773501,-2.74978515625,-2.58864
19.514,-2.7529296875,-2.825388289766483,-2.75333984375,-2.5918900000000002
19.518,-2.75537109375,-2.828583522869325,-2.756875,-2.59515
19.523,-2.759765625,-2.8317149424722494,-2.7604882812500002,-2.59825
19.527,-2.763671875,-2.834891943146543,-2.7641406250000005,-2.60147
19.531,-2.76708984375,-2.838050711392288,-2.7678515625000006,-2.60473
19.535,-2.76953125,-2.8411730147809404,-2.7716406250000003,-2.60784
19.54,-2.7734375,-2.844345457348096,-2.77546875,-2.61096
19.544,-2.77685546875,-2.847495109379569,-2.7793359375000004,-2.61424
19.548,-2.77978515625,-2.8506265289824952,-2.7832812500000004,-2.61737
19.553,-2.78369140625,-2.853776181013968,-2.7873242187500002,-2.62064
19.557,-2.78759765625,-2.8569805303310822,-2.79142578125,-2.62391
19.561,-2.791015625,-2.8601712053267843,-2.7956445312500007,-2.62718
19.566,-2.7939453125,-2.863348206001076,-2.7998242187500004,-2.63033
19.57,-2.796875,-2.8664841837111403,-2.8040234374999997,-2.6336399999999998
19.574,-2.7998046875,-2.8696475100640235,-2.8082031250000004,-2.6368
19.579,-2.8037109375,-2.872819952631179,-2.8122265625000002,-2.6401
19.583,-2.8076171875,-2.875965046555514,-2.8162109375,-2.64339
19.587,-2.81103515625,-2.8791101404798507,-2.8203125,-2.6465199999999998
19.592,-2.81494140625,-2.8824238843682455,-2.824375,-2.64994
19.596,-2.81787109375,-2.8857330701495023,-2.8282421875,-2.65321
19.601,-2.8212890625,-2.8889419775737526,-2.8320312500000004,-2.65649
19.605,-2.82373046875,-2.8921372106765943,-2.8357617187499997,-2.65978
19.61,-2.828125,-2.8954053734936203,-2.8393554687500004,-2.66321
19.614,-2.83056640625,-2.898545909310819,-2.8428320312500004,-2.66634
19.618,-2.8349609375,-2.9017320261993866,-2.8463281250000003,-2.66962
19.623,-2.83837890625,-2.9050001890164125,-2.8498046875000003,-2.67303
19.627,-2.84228515625,-2.908341281547628,-2.8532421875000002,-2.6763
19.632,-2.8466796875,-2.911718838935938,-2.85646484375,-2.67972
19.636,-2.84912109375,-2.9149733274315537,-2.8596484375,-2.683
19.641,-2.8525390625,-2.9182004672843505,-2.8627734375,-2.6863
19.645,-2.85546875,-2.9214367233514213,-2.86576171875,-2.68974
19.649,-2.85888671875,-2.924618282132851,-2.86890625,-2.6930300000000003
19.654,-2.8623046875,-2.9279867233068853,-2.8719140625000006,-2.69648
19.659,-2.8662109375,-2.931309583409554,-2.87486328125,-2.69991
19.663,-2.8701171875,-2.934659792155042,-2.8776757812500002,-2.70335
19.668,-2.8740234375,-2.937864141472156,-2.8804296875,-2.70664
19.672,-2.8779296875,-2.9410821651106787,-2.883125,-2.70993
19.676,-2.880859375,-2.94433209549916,-2.8858203125000004,-2.7132199999999997
19.681,-2.8837890625,-2.9474999799591792,-2.88845703125,-2.71639
19.685,-2.8876953125,-2.950759026561933,-2.89103515625,-2.71985
19.69,-2.890625,-2.95393146912909,-2.8935546875,-2.723
19.694,-2.89404296875,-2.9570993535891077,-2.896015625,-2.72631
19.698,-2.89794921875,-2.9602444475134444,-2.8985156250000004,-2.72962
19.703,-2.90185546875,-2.963457913044831,-2.90099609375,-2.73277
19.707,-2.90576171875,-2.9667351920761327,-2.9034375,-2.73606
19.711,-2.908203125,-2.969944099500381,-2.9058593750000004,-2.73935
19.716,-2.91162109375,-2.9731621231389056,-2.9082617187500004,-2.74267
19.72,-2.91455078125,-2.9763527981346094,-2.9106250000000005,-2.74598
19.724,-2.91845703125,-2.9795844960945423,-2.91298828125,-2.74928
19.729,-2.92138671875,-2.982766054875972,-2.9153125,-2.75258
19.733,-2.92626953125,-2.9859840785144964,-2.9176562500000003,-2.75573
19.738,-2.9296875,-2.989279589974343,-2.9199609375,-2.7591799999999997
19.742,-2.93359375,-2.99252040414855,-2.9222265625000006,-2.76233
19.746,-2.9365234375,-2.995711079144254,-2.9244921875000003,-2.76566
19.751,-2.939453125,-2.9989199865685023,-2.9267382812500005,-2.76899
19.755,-2.9423828125,-3.002101545349934,-2.9289257812500002,-2.77217
19.759,-2.9453125,-3.0052284068457222,-2.9312109375,-2.7755
19.764,-2.94970703125,-3.0084828953413396,-2.93345703125,-2.7788500000000003
19.768,-2.95361328125,-3.0117556162655017,-2.9357226562500003,-2.78217
19.772,-2.95703125,-3.0149964304397106,-2.93798828125,-2.7854900000000002
19.777,-2.96044921875,-3.018255477042464,-2.940234375,-2.78882
19.781,-2.96337890625,-3.021446152038168,-2.9424609375000004,-2.79216
19.786,-2.96630859375,-3.024645943248144,-2.9446875000000006,-2.79549
19.79,-2.97021484375,-3.0278502925652564,-2.9468750000000004,-2.79882
19.794,-2.9736328125,-3.031072874310917,-2.949140625,-2.80215
19.799,-2.9765625,-3.0342453168780725,-2.9513085937500003,-2.80533
19.803,-2.9814453125,-3.0374086432309575,-2.95349609375,-2.80866
19.807,-2.98486328125,-3.0406266668694784,-2.9557421875,-2.8118
19.812,-2.9873046875,-3.043849248615139,-2.9579101562500005,-2.81514
19.816,-2.990234375,-3.0469989006466136,-2.960078125,-2.81846
19.82,-2.994140625,-3.0501531107852227,-2.96232421875,-2.82163
19.825,-2.99755859375,-3.0533711344237453,-2.9645507812500003,-2.82496
19.829,-3.0009765625,-3.0565344607766285,-2.9667382812500005,-2.82829
19.833,-3.00439453125,-3.059706903343784,-2.96904296875,-2.8314500000000002
19.838,-3.00830078125,-3.0628839040180775,-2.97134765625,-2.83476
19.842,-3.01171875,-3.0661201600851467,-2.9737109375000004,-2.83808
19.846,-3.0146484375,-3.069338183723671,-2.9760546875000005,-2.8414
19.851,-3.01806640625,-3.072533416826511,-2.9783984375000006,-2.84471
19.855,-3.021484375,-3.0757149756079407,-2.98080078125,-2.84788
19.859,-3.02490234375,-3.0789375573536013,-2.98330078125,-2.85121
19.864,-3.02880859375,-3.082246743134858,-2.98576171875,-2.85469
19.868,-3.033203125,-3.0855513708089806,-2.9882421875,-2.85801
19.873,-3.03662109375,-3.088833207947417,-2.99076171875,-2.86133
19.877,-3.04052734375,-3.092169742371496,-2.99341796875,-2.86465
19.882,-3.04345703125,-3.095542741652668,-2.9959570312500006,-2.86813
19.886,-3.04638671875,-3.0987562071840546,-2.9985546875,-2.8714500000000003
19.89,-3.05029296875,-3.1019787889297152,-3.0011328125000003,-2.87478
19.895,-3.05322265625,-3.1051831382468276,-3.0037890625,-2.8779500000000002
19.899,-3.056640625,-3.108428510528171,-3.0064843750000003,-2.8812699999999998
19.903,-3.06201171875,-3.1117012314523347,-3.00921875,-2.88457
19.908,-3.06396484375,-3.1149466037336797,-3.01205078125,-2.88786
19.912,-3.06787109375,-3.118201092229297,-3.0148437500000003,-2.89118
19.917,-3.0703125,-3.1213826510107268,-3.01771484375,-2.89448
19.921,-3.07275390625,-3.1245186287207893,-3.0206835937500003,-2.89764
19.925,-3.078125,-3.1278323726091823,-3.0237109375,-2.90111
19.93,-3.08056640625,-3.1310321638191585,-3.02669921875,-2.90442
19.934,-3.0849609375,-3.1342000482791796,-3.0298437500000004,-2.9076
19.938,-3.0888671875,-3.1375137921675726,-3.0330273437500006,-2.9109
19.943,-3.0927734375,-3.1407865130917383,-3.03630859375,-2.9142
19.947,-3.095703125,-3.144054675908764,-3.0396093750000004,-2.91753
19.951,-3.09814453125,-3.147249909011604,-3.0429882812500004,-2.92085
19.956,-3.10107421875,-3.1504132353644874,-3.0464453125,-2.92403
19.96,-3.1044921875,-3.1535628873959602,-3.0499804687500003,-2.92737
19.964,-3.1083984375,-3.156749004284526,-3.053671875,-2.93055
19.969,-3.11279296875,-3.1600080508872797,-3.0574414062500006,-2.9338699999999998
19.973,-3.11572265625,-3.163271655597171,-3.0613671875,-2.93717
19.978,-3.1201171875,-3.1665307021999247,-3.0653320312500005,-2.9405
19.982,-3.123046875,-3.16978974880268,-3.0695507812500002,-2.94382
19.986,-3.12548828125,-3.1730351210840233,-3.07388671875,-2.94714
19.991,-3.12939453125,-3.176303283901049,-3.0783203125000003,-2.95047
19.995,-3.13232421875,-3.1795030751110254,-3.08283203125,-2.95381
20.0,-3.13720703125,-3.182739331178098,-3.08748046875,-2.95714
20.004,-3.14013671875,-3.1860439588522187,-3.0925000000000002,-2.96045
20.008,-3.14453125,-3.1892710987050137,-3.0974609375,-2.9637700000000002
20.013,-3.14697265625,-3.1924572155935813,-3.1027539062500002,-2.9671000000000003
20.017,-3.150390625,-3.195688913553516,-3.108203125,-2.97041
20.021,-3.1533203125,-3.198920611513449,-3.11369140625,-2.9737299999999998
20.026,-3.15673828125,-3.2020839378663304,-3.1193359375,-2.97691
20.03,-3.16015625,-3.2052837290763083,-3.1249804687500005,-2.98022
20.034,-3.1640625,-3.2084880783934207,-3.1305664062500003,-2.98353
20.039,-3.16748046875,-3.211660520960578,-3.136171875,-2.98668
20.043,-3.17138671875,-3.2149104513490574,-3.1418164062500002,-2.98998
20.048,-3.17431640625,-3.218178614166085,-3.147265625,-2.9932499999999997
20.052,-3.177734375,-3.221369289161789,-3.1526171875,-2.99669
20.056,-3.1806640625,-3.2245371736218083,-3.1578906250000003,-2.99983
20.061,-3.18408203125,-3.227727848617512,-3.16306640625,-3.00327
20.065,-3.18798828125,-3.231005127648812,-3.1681054687500003,-3.00655
20.069,-3.19140625,-3.234241383715881,-3.173046875,-3.00984
20.074,-3.19580078125,-3.2374502911401315,-3.1778515625000003,-3.01312
20.078,-3.19970703125,-3.240681989100066,-3.1827343750000003,-3.01627
20.083,-3.20166015625,-3.2440185235241437,-3.1875,-3.0196899999999998
20.087,-3.205078125,-3.2472958025554437,-3.1921484375,-3.02299
20.091,-3.20849609375,-3.250554849158199,-3.1966015625000006,-3.02643
20.096,-3.21142578125,-3.2537591984753114,-3.2009179687500007,-3.0297400000000003
20.1,-3.21484375,-3.256940757256741,-3.20515625,-3.03302
20.105,-3.2197265625,-3.260145106573855,-3.2093359375,-3.0361700000000003
20.109,-3.22265625,-3.2636958720333595,-3.2137109375000006,-3.03991
20.114,-3.2265625,-3.2668865470290633,-3.217734375,-3.0430200000000003
20.118,-3.22998046875,-3.2700908963461757,-3.221640625,-3.04629
20.122,-3.232421875,-3.273258780806195,-3.2255664062500005,-3.04956
20.127,-3.23583984375,-3.2764813625518556,-3.2293945312500005,-3.05283
20.131,-3.2392578125,-3.279681153761832,-3.2330468750000003,-3.0561100000000003
20.136,-3.2421875,-3.2828535963289873,-3.23673828125,-3.05937
20.14,-3.24609375,-3.2859850159319137,-3.2404101562500003,-3.06248
20.144,-3.24951171875,-3.289193923356164,-3.243984375,-3.0658700000000003
20.149,-3.25341796875,-3.2923754821375937,-3.2475000000000005,-3.06894
20.153,-3.25732421875,-3.29557527334757,-3.2510156250000004,-3.07218
20.158,-3.26025390625,-3.298779622664682,-3.2544726562500004,-3.07543
20.162,-3.2626953125,-3.301961181446112,-3.2578515625000004,-3.0787
20.166,-3.2666015625,-3.3051017172633124,-3.261171875,-3.08195
20.171,-3.26953125,-3.308242253080511,-3.26447265625,-3.08506
20.175,-3.27294921875,-3.3113736726834375,-3.2677734375000007,-3.08831
20.179,-3.2763671875,-3.3145233247149086,-3.2710156250000004,-3.09154
20.184,-3.28076171875,-3.317700325389202,-3.2743554687500005,-3.09476
20.188,-3.2841796875,-3.3209502557776815,-3.2775390625000007,-3.09801
20.192,-3.28662109375,-3.3241044659162924,-3.2807421875000005,-3.10126
20.197,-3.28662109375,-3.3271356071622087,-3.2830078125,-3.10435
20.201,-3.283203125,-3.329934284944157,-3.28400390625,-3.10715
20.205,-3.27978515625,-3.33241389522653,-3.2841015625,-3.10931
20.21,-3.275390625,-3.3345744380093354,-3.2834375000000002,-3.11089
20.214,-3.2724609375,-3.3364295876139796,-3.2822656250000004,-3.11198
20.218,-3.27001953125,-3.3380613899689244,-3.28060546875,-3.11252
20.223,-3.2666015625,-3.3394652869670356,-3.27865234375,-3.11253
20.227,-3.2626953125,-3.3406230461797595,-3.2764257812500004,-3.1120099999999997
20.231,-3.26025390625,-3.3415529000356514,-3.2739453125,-3.11092
20.236,-3.25634765625,-3.342291313391799,-3.271328125,-3.1093200000000003
20.24,-3.2529296875,-3.342792705176839,-3.2685351562500005,-3.10725
20.244,-3.2490234375,-3.343088982140726,-3.26560546875,-3.10453
20.249,-3.2451171875,-3.343175586176324,-3.2626171875,-3.1013200000000003
20.253,-3.2421875,-3.343088982140726,-3.2595117187500007,-3.0981199999999998
20.258,-3.240234375,-3.342883867319575,-3.2563281250000005,-3.09497
20.262,-3.23681640625,-3.3425556836057293,-3.2531054687500003,-3.09178
20.266,-3.234375,-3.3421044309991945,-3.2498046875,-3.08874
20.271,-3.23046875,-3.3415073189642843,-3.24638671875,-3.08558
20.275,-3.22607421875,-3.3407278826439057,-3.243046875,-3.0822599999999998
20.279,-3.22216796875,-3.339811703109424,-3.23955078125,-3.0792200000000003
20.284,-3.2197265625,-3.338758780360843,-3.2359375,-3.07606
20.288,-3.21630859375,-3.3376055792552535,-3.23232421875,-3.07275
20.293,-3.2138671875,-3.3363885646497504,-3.2286328125,-3.06958
20.297,-3.2099609375,-3.335057597365827,-3.224921875,-3.0664100000000003
20.302,-3.20751953125,-3.3336582584748538,-3.2212304687500004,-3.06325
20.306,-3.2041015625,-3.332199664191105,-3.2175195312500002,-3.06008
20.31,-3.2001953125,-3.3306544658717563,-3.2137109375000006,-3.05707
20.315,-3.19580078125,-3.328958850016898,-3.20978515625,-3.0539
20.319,-3.19287109375,-3.3271857463407137,-3.2058203125,-3.05075
20.323,-3.18994140625,-3.3253716197003005,-3.2016796875000004,-3.04772
20.328,-3.1875,-3.323461772810015,-3.1975390625000006,-3.0444199999999997
20.332,-3.1845703125,-3.321574716455414,-3.19330078125,-3.04138
20.336,-3.18115234375,-3.319596497958077,-3.18900390625,-3.03823
20.341,-3.17724609375,-3.317563582175101,-3.1845898437500004,-3.03506
20.345,-3.17333984375,-3.3154440623565264,-3.1800976562500005,-3.0318899999999998
20.349,-3.169921875,-3.3132698452523126,-3.17546875,-3.02887
20.354,-3.16650390625,-3.3110318146481834,-3.1704296875000004,-3.02571
20.358,-3.16357421875,-3.3086388084014065,-3.16560546875,-3.0224
20.363,-3.16064453125,-3.30635519672591,-3.16060546875,-3.01921
20.367,-3.158203125,-3.3040442364075915,-3.15556640625,-3.0162
20.371,-3.154296875,-3.301719601767866,-3.1503320312500005,-3.01302
20.376,-3.15087890625,-3.299317479306815,-3.144921875,-3.00984
20.38,-3.14697265625,-3.2968606595601244,-3.1394335937499998,-3.00683
20.384,-3.1435546875,-3.294362816849203,-3.13376953125,-3.00366
20.389,-3.14013671875,-3.2917783701026817,-3.12818359375,-3.00047
20.393,-3.1376953125,-3.2892121557847105,-3.12271484375,-2.99729
20.397,-3.134765625,-3.2866504995738737,-3.1172851562500004,-2.9941
20.402,-3.13037109375,-3.2840341460773974,-3.1119335937500003,-2.99092
20.406,-3.1279296875,-3.281367653402416,-3.1067578124999997,-2.98771
20.411,-3.1240234375,-3.2786692539774798,-3.1016992187500003,-2.98452
20.415,-3.12109375,-3.275984528873952,-3.0968554687500003,-2.98132
20.419,-3.11767578125,-3.273295245663288,-3.0920117187500002,-2.97813
20.424,-3.11328125,-3.27051480030989,-3.0874218750000004,-2.97492
20.428,-3.11083984375,-3.2677662617064485,-3.0830078125000004,-2.97172
20.432,-3.10791015625,-3.2650450717458277,-3.0787109375000004,-2.9686399999999997
20.437,-3.10498046875,-3.2623102074637966,-3.07458984375,-2.96544
20.441,-3.1015625,-3.2595844593960397,-3.0705078125,-2.96238
20.445,-3.09765625,-3.256781223506957,-3.06654296875,-2.95918
20.45,-3.09375,-3.253927848439371,-3.0626953125000007,-2.9559800000000003
20.454,-3.08984375,-3.2510881476931957,-3.05892578125,-2.9527799999999997
20.458,-3.08740234375,-3.248193749661379,-3.0552539062500004,-2.9497299999999997
20.463,-3.08447265625,-3.2453221421652447,-3.05171875,-2.94651
20.467,-3.08154296875,-3.2424550927762485,-3.0482617187500005,-2.94332
20.471,-3.078125,-3.2395880433872524,-3.0448828125000005,-2.94011
20.476,-3.07421875,-3.2366571804983426,-3.0416015625000004,-2.9369199999999998
20.48,-3.0703125,-3.233726317609433,-3.038359375,-2.93373
20.485,-3.0673828125,-3.230786338506249,-3.0351367187500005,-2.9306900000000002
20.489,-3.064453125,-3.2278144526531083,-3.03205078125,-2.92748
20.493,-3.06201171875,-3.2249154965141553,-3.0290234375000002,-2.92428
20.498,-3.05810546875,-3.221998307946654,-3.0260742187500007,-2.92109
20.502,-3.05517578125,-3.2190856774862926,-3.02318359375,-2.9179
20.506,-3.0517578125,-3.216163930811655,-3.0203710937500006,-2.91486
20.511,-3.04736328125,-3.2131874868513783,-3.01759765625,-2.91169
20.515,-3.04443359375,-3.210188252355417,-3.0148242187500003,-2.90853
20.519,-3.041015625,-3.2071707854309093,-3.01212890625,-2.90536
20.524,-3.0380859375,-3.2041897833634945,-3.0095117187500002,-2.90219
20.528,-3.03564453125,-3.201227013724628,-3.0068750000000004,-2.89917
20.533,-3.0322265625,-3.198250569764351,-3.0042968750000005,-2.89603
20.537,-3.02880859375,-3.1952467771612536,-3.0017773437499997,-2.89289
20.541,-3.02490234375,-3.19223842645102,-2.99927734375,-2.88962
20.546,-3.02197265625,-3.1891890527765536,-2.9967773437500007,-2.88665
20.55,-3.0185546875,-3.186139679102089,-2.99439453125,-2.88339
20.555,-3.0146484375,-3.1831358864989916,-2.99205078125,-2.88042
20.559,-3.01318359375,-3.1801959073958077,-2.98974609375,-2.8773
20.563,-3.00927734375,-3.1772741607211703,-2.9874609375000003,-2.87432
20.567,-3.0068359375,-3.1743524140465347,-2.98521484375,-2.87121
20.572,-3.0029296875,-3.171412434943351,-2.98294921875,-2.8682499999999997
20.576,-3.0,-3.1684177585545257,-2.9807421874999998,-2.86517
20.58,-2.99609375,-3.1654641051299333,-2.9784960937500005,-2.8620900000000002
20.585,-2.9921875,-3.1624375219911514,-2.9762695312500003,-2.85899
20.589,-2.9892578125,-3.1593790321024144,-2.9741015625000005,-2.8559
20.593,-2.9873046875,-3.1563889138207255,-2.9719921875000006,-2.8529400000000003
20.598,-2.984375,-3.1534762833603622,-2.9697460937500004,-2.84985
20.602,-2.98095703125,-3.1503311894360255,-2.9675000000000002,-2.84662
20.607,-2.9765625,-3.1471040495832305,-2.9653710937500004,-2.84326
20.611,-2.9736328125,-3.1441139313015416,-2.96330078125,-2.84032
20.616,-2.9697265625,-3.141096464377034,-2.9611523437500002,-2.83726
20.62,-2.966796875,-3.1379696028812454,-2.9590234375,-2.83404
20.625,-2.96337890625,-3.1349019967782343,-2.95681640625,-2.83096
20.629,-2.9609375,-3.1317113217825305,-2.9547460937500003,-2.82774
20.634,-2.95703125,-3.1287120872865692,-2.95263671875,-2.82466
20.638,-2.9541015625,-3.125680946040651,-2.95052734375,-2.82143
20.643,-2.95166015625,-3.122645246687597,-2.94849609375,-2.81836
20.647,-2.94775390625,-3.1196596865130477,-2.9464062500000003,-2.8153
20.652,-2.94482421875,-3.1166604520170846,-2.944375,-2.81224
20.656,-2.94091796875,-3.1136247526640304,-2.942265625,-2.80917
20.66,-2.93701171875,-3.11058449520384,-2.94021484375,-2.80611
20.665,-2.9345703125,-3.1076080512435613,-2.9382226562500002,-2.80305
20.669,-2.931640625,-3.1046726302475154,-2.9361328125000004,-2.80011
20.673,-2.9287109375,-3.101668837644418,-2.934140625,-2.79705
20.678,-2.92578125,-3.098760765291191,-2.9320703125,-2.79398
20.682,-2.92236328125,-3.09578887943805,-2.93005859375,-2.79092
20.686,-2.91943359375,-3.09284434222773,-2.9280078125,-2.78802
20.691,-2.91552734375,-3.089908921231684,-2.9258203125000004,-2.78496
20.695,-2.912109375,-3.0867273624502545,-2.9237500000000005,-2.78175
20.7,-2.9091796875,-3.083750918489976,-2.9216796875,-2.77869
20.704,-2.90673828125,-3.0808337299224764,-2.91958984375,-2.77576
20.708,-2.90380859375,-3.0778983089264287,-2.9174804687500004,-2.7727
20.713,-2.90087890625,-3.0749537717161086,-2.91537109375,-2.76965
20.717,-2.8974609375,-3.072022908827199,-2.9132421875000003,-2.76662
20.721,-2.89404296875,-3.069041906759784,-2.91099609375,-2.7635899999999998
20.726,-2.89013671875,-3.0659606263353627,-2.9087500000000004,-2.76042
20.73,-2.88720703125,-3.0628519972681207,-2.9064843750000002,-2.75738
20.735,-2.88330078125,-3.059752484415153,-2.9042187500000005,-2.75422
20.74,-2.88037109375,-3.0566666458835936,-2.9019140625,-2.75106
20.744,-2.87744140625,-3.053649178959084,-2.89966796875,-2.74805
20.748,-2.87451171875,-3.050677293105945,-2.89740234375,-2.74503
20.753,-2.87158203125,-3.047678058609984,-2.895078125,-2.7420299999999997
20.757,-2.8681640625,-3.044701614649707,-2.8926953125000003,-2.73903
20.762,-2.8642578125,-3.0416112180110098,-2.8902539062500003,-2.73588
20.766,-2.861328125,-3.038502588943768,-2.8877734375,-2.73271
20.771,-2.85791015625,-3.0354258666264826,-2.8853906250000003,-2.72955
20.775,-2.85498046875,-3.0325269104875314,-2.88296875,-2.72667
20.78,-2.8525390625,-3.02960972192003,-2.8805078125000003,-2.72364
20.784,-2.849609375,-3.0267244401024875,-2.8780273437500004,-2.7206200000000003
20.788,-2.84521484375,-3.02380269342785,-2.87552734375,-2.71774
20.792,-2.84326171875,-3.020899179181761,-2.8730078125,-2.71472
20.797,-2.83935546875,-3.018004781149946,-2.87041015625,-2.71183
20.801,-2.8359375,-3.0151058250109912,-2.867734375,-2.70879
20.805,-2.83251953125,-3.01210659051503,-2.865,-2.70574
20.81,-2.82958984375,-3.0091894019475305,-2.8622656250000005,-2.7028499999999998
20.814,-2.8271484375,-3.006276771487167,-2.8594531250000004,-2.69983
20.818,-2.82470703125,-3.0033732572410763,-2.8565625000000003,-2.69694
20.823,-2.82080078125,-3.000424161923622,-2.8536914062500003,-2.69392
20.827,-2.81787109375,-2.9975115314632568,-2.8507421875000003,-2.69092
20.831,-2.814453125,-2.9946308077528503,-2.8477734375,-2.68804
20.836,-2.81103515625,-2.9916999448639405,-2.8446679687500005,-2.6850300000000002
20.84,-2.80859375,-2.988814663046398,-2.8415234375000002,-2.68199
20.844,-2.8056640625,-2.9859384974431276,-2.838359375,-2.67912
20.849,-2.80322265625,-2.9830760061612693,-2.835078125,-2.67625
20.853,-2.798828125,-2.980163375700906,-2.8317187500000003,-2.67326
20.857,-2.79638671875,-2.977250745240543,-2.8283398437500002,-2.67027
20.862,-2.79296875,-2.9743791377444087,-2.8248242187500003,-2.66743
20.866,-2.78857421875,-2.9714254843198145,-2.8212109375000005,-2.66445
20.87,-2.78662109375,-2.968517411966589,-2.81751953125,-2.66145
20.874,-2.78369140625,-2.9656230139347723,-2.8137890624999997,-2.6585900000000002
20.879,-2.78125,-2.962755964545776,-2.8100585937500004,-2.65559
20.883,-2.7783203125,-2.9599071475853265,-2.80626953125,-2.65274
20.887,-2.77490234375,-2.9569762846964185,-2.8023632812500003,-2.64976
20.892,-2.77099609375,-2.9540317474860966,-2.7984765625000003,-2.64677
20.896,-2.76806640625,-2.9510735359543663,-2.7947265625,-2.64366
20.901,-2.76416015625,-2.948119882529774,-2.7909375,-2.64067
20.905,-2.76220703125,-2.9452118101765468,-2.78716796875,-2.63765
20.909,-2.75927734375,-2.9422855053947714,-2.7834765625,-2.63463
20.914,-2.755859375,-2.93938654925582,-2.7798046875000004,-2.6317500000000003
20.918,-2.7529296875,-2.936432895831226,-2.7762109375,-2.62861
20.923,-2.7490234375,-2.933410870799582,-2.7724804687500004,-2.62559
20.927,-2.74609375,-2.930420752517893,-2.76892578125,-2.62258
20.932,-2.7421875,-2.927389611271975,-2.7653710937500002,-2.61943
20.936,-2.73876953125,-2.924413167311698,-2.7619335937500002,-2.6164300000000003
20.94,-2.73583984375,-2.9214777463156523,-2.7585742187499998,-2.61353
20.945,-2.7333984375,-2.918569673962425,-2.75521484375,-2.61049
20.949,-2.73046875,-2.9156433691806516,-2.75197265625,-2.60745
20.953,-2.72705078125,-2.912767203577383,-2.7487304687500003,-2.60454
20.958,-2.72412109375,-2.909850015009882,-2.7454296874999997,-2.6015
20.962,-2.72021484375,-2.9068918034781515,-2.7422265625,-2.59846
20.966,-2.71630859375,-2.9039472662678314,-2.7390234375,-2.59556
20.971,-2.71337890625,-2.900993612843237,-2.7358789062500004,-2.5925000000000002
20.975,-2.7099609375,-2.898044517525781,-2.7327734375,-2.58943
20.979,-2.70751953125,-2.895063515458366,-2.7296093750000003,-2.58648
20.984,-2.705078125,-2.8921326525694564,-2.7265625000000004,-2.5834
20.988,-2.70068359375,-2.8891972315734105,-2.7235546875000005,-2.58032
20.992,-2.697265625,-2.8862390200416783,-2.72044921875,-2.57738
20.997,-2.69384765625,-2.883198762581488,-2.7173632812500004,-2.57429
21.001,-2.6904296875,-2.8801721794427078,-2.7143554687500004,-2.5712099999999998
21.005,-2.6884765625,-2.877218526018112,-2.71126953125,-2.56812
21.01,-2.6845703125,-2.8741873847721955,-2.70826171875,-2.56501
21.014,-2.681640625,-2.871224615133327,-2.70533203125,-2.56189
21.018,-2.67919921875,-2.868275519815871,-2.7023046875,-2.55879
21.023,-2.6748046875,-2.865285401534182,-2.6993554687500003,-2.5556799999999997
21.027,-2.67138671875,-2.862331748109588,-2.6964453125000003,-2.55272
21.031,-2.66796875,-2.8593325136136283,-2.6934570312500004,-2.54963
21.036,-2.6650390625,-2.8563469534390773,-2.6904882812500004,-2.54666
21.04,-2.662109375,-2.8533613932645263,-2.6875000000000004,-2.54354
21.044,-2.6591796875,-2.8503348101257444,-2.68453125,-2.54042
21.049,-2.6552734375,-2.8473082269869643,-2.6815234375,-2.5373
21.053,-2.65185546875,-2.8441722492769017,-2.6784179687500003,-2.53404
21.058,-2.6484375,-2.8410408296739753,-2.6755273437500002,-2.53078
21.062,-2.6455078125,-2.838050711392288,-2.6725976562500002,-2.52781
21.067,-2.6416015625,-2.835051476896327,-2.6696093750000003,-2.52471
21.071,-2.638671875,-2.8320157775432726,-2.6666406250000003,-2.5216
21.075,-2.6357421875,-2.829034775475858,-2.6637109375,-2.51862
21.08,-2.6328125,-2.826062889622717,-2.6607421875000004,-2.51551
21.084,-2.6298828125,-2.823077329448168,-2.6578125000000004,-2.51239
21.088,-2.6259765625,-2.8201236760235737,-2.6546484375,-2.50942
21.093,-2.6220703125,-2.8168874199565046,-2.6515039062500003,-2.50618
21.097,-2.61767578125,-2.81365572199657,-2.648359375,-2.5029500000000002
21.102,-2.6142578125,-2.810419465929499,-2.64533203125,-2.49972
21.106,-2.6123046875,-2.8073700922550344,-2.6421875000000004,-2.49661
21.111,-2.6083984375,-2.8042933699377492,-2.63912109375,-2.49351
21.115,-2.60595703125,-2.801289577334652,-2.63599609375,-2.4904
21.119,-2.603515625,-2.7982857847315543,-2.6328515625000004,-2.48742
21.124,-2.6005859375,-2.7953093407712775,-2.62970703125,-2.48431
21.128,-2.59619140625,-2.7923283387038627,-2.6265234375000004,-2.4812
21.133,-2.59228515625,-2.7892880812436704,-2.6232226562500003,-2.47809
21.137,-2.5888671875,-2.7862159170335232,-2.61994140625,-2.47498
21.141,-2.58642578125,-2.7831528690376484,-2.6166015625,-2.47187
21.146,-2.58349609375,-2.780180983184506,-2.61314453125,-2.46888
21.15,-2.580078125,-2.777131609510043,-2.609765625,-2.46575
21.154,-2.5771484375,-2.7741141425855353,-2.6062890625,-2.46263
21.159,-2.5732421875,-2.771069327018207,-2.60283203125,-2.45952
21.163,-2.56982421875,-2.7680518600936974,-2.5992773437500003,-2.45639
21.167,-2.56591796875,-2.7649842539906864,-2.595625,-2.45331
21.172,-2.56298828125,-2.761907531673401,-2.5919531250000003,-2.4502
21.176,-2.56005859375,-2.758862716106073,-2.58818359375,-2.44709
21.181,-2.5576171875,-2.7558315748601565,-2.58439453125,-2.44412
21.185,-2.5546875,-2.7528505727927417,-2.58052734375,-2.44101
21.189,-2.55078125,-2.749833105868234,-2.5766406250000005,-2.43791
21.194,-2.5478515625,-2.7468338713722726,-2.5726953125000005,-2.4348
21.198,-2.54345703125,-2.7438437530905855,-2.5686328125,-2.43185
21.202,-2.54052734375,-2.740830844273214,-2.564453125,-2.42876
21.207,-2.53662109375,-2.737776912491613,-2.5602343750000003,-2.42566
21.211,-2.53466796875,-2.7347731198885157,-2.5559375,-2.4227
21.215,-2.53125,-2.7317875597139647,-2.55130859375,-2.4196
21.22,-2.52880859375,-2.7287062792895416,-2.54673828125,-2.41648
21.224,-2.525390625,-2.7257116029007182,-2.5420703125,-2.41338
21.228,-2.52099609375,-2.7226804616548,-2.5372460937500003,-2.41027
21.233,-2.517578125,-2.7196538785160183,-2.532265625,-2.40731
21.237,-2.51416015625,-2.7165498075559142,-2.5270507812500003,-2.4042
21.241,-2.51171875,-2.7134867595600376,-2.521796875,-2.4011
21.246,-2.5087890625,-2.710487525064078,-2.5161328125000004,-2.39798
21.25,-2.50537109375,-2.7073150824969208,-2.510234375,-2.39474
21.255,-2.50244140625,-2.7041061750726723,-2.5041015625000003,-2.3915
21.26,-2.49853515625,-2.7009474068269252,-2.4980468750000004,-2.38825
21.264,-2.49560546875,-2.697861568295366,-2.4919921875,-2.385
21.269,-2.4921875,-2.694707358156757,-2.485859375,-2.38177
21.273,-2.48828125,-2.691553148018148,-2.48005859375,-2.37852
21.278,-2.4853515625,-2.688485541915137,-2.4743359375000002,-2.37543
21.282,-2.48193359375,-2.6854498425620825,-2.4687890625,-2.37234
21.287,-2.47900390625,-2.6824232594233006,-2.4630859375000003,-2.36926
21.291,-2.4755859375,-2.6792097938919124,-2.4578515625,-2.36601
21.296,-2.47265625,-2.676219675610227,-2.4529296875,-2.36292
21.3,-2.46923828125,-2.6732432316499484,-2.4479101562500003,-2.35983
21.304,-2.46630859375,-2.670193857975484,-2.443203125,-2.35674
21.309,-2.462890625,-2.6671900653723863,-2.4385937500000003,-2.35367
21.313,-2.45947265625,-2.6641771565550147,-2.4341796875,-2.35059
21.318,-2.45654296875,-2.6611915963804638,-2.4298632812500003,-2.34752
21.322,-2.4521484375,-2.6581194321703148,-2.42560546875,-2.34445
21.326,-2.45068359375,-2.655142988210038,-2.4215234375000003,-2.34137
21.331,-2.447265625,-2.652166544249761,-2.4175976562500003,-2.3382899999999998
21.335,-2.443359375,-2.6491992165037566,-2.41390625,-2.33522
21.339,-2.44140625,-2.646277469829119,-2.4102734375000003,-2.33229
21.344,-2.43701171875,-2.643337490725937,-2.406640625,-2.32925
21.348,-2.43408203125,-2.6403245819085654,-2.4031640625,-2.3262
21.352,-2.43115234375,-2.637361812269699,-2.3996289062500002,-2.3233
21.357,-2.42724609375,-2.6342349507739105,-2.3961914062500003,-2.32011
21.361,-2.4248046875,-2.6312357162779474,-2.39298828125,-2.31707
21.366,-2.421875,-2.628272946639081,-2.3897656250000003,-2.31402
21.37,-2.41943359375,-2.6253192932144866,-2.38666015625,-2.31098
21.374,-2.41552734375,-2.622347407361346,-2.38359375,-2.30795
21.379,-2.41259765625,-2.6193436147582485,-2.3805468750000003,-2.30479
21.383,-2.4091796875,-2.616344380262289,-2.3776562500000002,-2.30179
21.388,-2.4052734375,-2.6133816106234207,-2.374765625,-2.29893
21.392,-2.40283203125,-2.610405166663144,-2.3719921875,-2.29594
21.396,-2.39990234375,-2.60746518755996,-2.3692578125,-2.29293
21.401,-2.3974609375,-2.6045160922425037,-2.36650390625,-2.28994
21.405,-2.39404296875,-2.6015578807107733,-2.3638867187500003,-2.28696
21.41,-2.3916015625,-2.598681715107503,-2.36134765625,-2.284
21.414,-2.38818359375,-2.595814665718507,-2.3588281250000005,-2.28104
21.418,-2.38427734375,-2.5929430582223745,-2.35630859375,-2.27825
21.423,-2.38134765625,-2.5900076372263285,-2.35384765625,-2.2753
21.427,-2.37890625,-2.587117797301648,-2.3514453125,-2.27236
21.431,-2.37548828125,-2.584259864126926,-2.34908203125,-2.2695600000000002
21.436,-2.37353515625,-2.581411047166476,-2.34669921875,-2.2666399999999998
21.44,-2.37060546875,-2.578539439670344,-2.3444335937500003,-2.26371
21.444,-2.36669921875,-2.5757134132455786,-2.34216796875,-2.2609500000000002
21.449,-2.36328125,-2.572873712499403,-2.3399414062500004,-2.25804
21.453,-2.36083984375,-2.570006663110405,-2.3376171875000002,-2.25527
21.457,-2.35791015625,-2.567103148864316,-2.3354101562500005,-2.25238
21.462,-2.35546875,-2.564281680546687,-2.33326171875,-2.2495
21.466,-2.3525390625,-2.5614921189790145,-2.3311132812500004,-2.24675
21.47,-2.349609375,-2.55869344119707,-2.3290625,-2.24388
21.474,-2.3466796875,-2.5558993215222614,-2.32697265625,-2.24116
21.479,-2.34326171875,-2.5530413883475376,-2.3248437500000003,-2.2383100000000002
21.483,-2.33935546875,-2.5502153619227723,-2.3227343750000005,-2.23548
21.487,-2.3369140625,-2.54734375442664,-2.3206640625,-2.23276
21.492,-2.33447265625,-2.544526844216147,-2.3185351562500003,-2.22992
21.496,-2.33203125,-2.541673469148563,-2.31642578125,-2.22707
21.501,-2.3291015625,-2.538865675152344,-2.3143359375,-2.22425
21.505,-2.326171875,-2.5359849514419377,-2.3121875000000003,-2.22128
21.509,-2.322265625,-2.533140692588624,-2.31009765625,-2.21843
21.514,-2.3193359375,-2.530282759413902,-2.3080078125,-2.21558
21.518,-2.31591796875,-2.527452174881999,-2.3059375,-2.21289
21.522,-2.3134765625,-2.5246489389929163,-2.3038281250000003,-2.2100400000000002
21.527,-2.310546875,-2.521791005818196,-2.3017382812500005,-2.2072
21.531,-2.3076171875,-2.5189786537148393,-2.29962890625,-2.20435
21.536,-2.3046875,-2.516107046218707,-2.2975976562500002,-2.20152
21.54,-2.30224609375,-2.513322042758171,-2.2955859375000003,-2.1987
21.544,-2.29833984375,-2.5105370392976365,-2.2935546875000004,-2.19588
21.549,-2.294921875,-2.5077292453014177,-2.291484375,-2.19306
21.553,-2.29248046875,-2.5048986607695145,-2.28943359375,-2.19027
21.558,-2.2900390625,-2.502104541094706,-2.2873828125,-2.18761
21.562,-2.287109375,-2.499324095741308,-2.2853125,-2.18481
21.566,-2.28369140625,-2.4965299760664994,-2.2833203125000003,-2.18202
21.571,-2.28125,-2.4937951117844683,-2.2812890625000004,-2.17937
21.575,-2.279296875,-2.4910784799309837,-2.2792578125000005,-2.17663
21.579,-2.27490234375,-2.4883025926847218,-2.27716796875,-2.17387
21.584,-2.2724609375,-2.485531263545596,-2.2750781250000003,-2.17112
21.588,-2.26953125,-2.482755376299334,-2.272890625,-2.16847
21.592,-2.26611328125,-2.479851862053245,-2.2707226562500002,-2.16559
21.597,-2.26318359375,-2.4770349518427537,-2.26859375,-2.16283
21.601,-2.26123046875,-2.4742362740608073,-2.26638671875,-2.15995
21.606,-2.2578125,-2.4714467124931367,-2.2642382812500004,-2.15718
21.61,-2.2548828125,-2.4686936157825574,-2.2620703125,-2.15444
21.614,-2.25146484375,-2.4659359609648437,-2.2598632812500004,-2.15182
21.619,-2.248046875,-2.463123608861487,-2.25765625,-2.14895
21.623,-2.24462890625,-2.4603340472938164,-2.2553710937500004,-2.1463200000000002
21.628,-2.24267578125,-2.4574761141190926,-2.2531054687500003,-2.14343
21.632,-2.240234375,-2.454713901194241,-2.25080078125,-2.14067
21.636,-2.2373046875,-2.4519608044836634,-2.24853515625,-2.13792
21.641,-2.23486328125,-2.4492487307373167,-2.24619140625,-2.13529
21.645,-2.23095703125,-2.4464591691696445,-2.2438476562500003,-2.13254
21.65,-2.2275390625,-2.4436878400305186,-2.241484375,-2.12981
21.654,-2.224609375,-2.440925627105667,-2.2391015625,-2.12707
21.658,-2.22265625,-2.438195320930772,-2.236640625,-2.12433
21.663,-2.2197265625,-2.435465014755877,-2.23419921875,-2.12171
21.667,-2.21728515625,-2.432784847759489,-2.23169921875,-2.11897
21.671,-2.2138671875,-2.4300955645488234,-2.2291210937500003,-2.11623
21.676,-2.21142578125,-2.4273333516239717,-2.22646484375,-2.11349
21.68,-2.20751953125,-2.4245073251992064,-2.22365234375,-2.11075
21.685,-2.2041015625,-2.421585578524571,-2.22095703125,-2.1079
21.689,-2.201171875,-2.4188324818139915,-2.21814453125,-2.10515
21.694,-2.197265625,-2.4160201297106347,-2.21533203125,-2.10228
21.698,-2.19580078125,-2.4132396843572383,-2.21244140625,-2.09965
21.702,-2.1923828125,-2.4105139362894796,-2.2094531250000005,-2.09688
21.707,-2.18994140625,-2.407760839578902,-2.20650390625,-2.09413
21.711,-2.18603515625,-2.4050442077254175,-2.20345703125,-2.09149
21.715,-2.18310546875,-2.402281994800566,-2.2002734375,-2.08871
21.72,-2.18017578125,-2.3994878751257573,-2.1969921875000002,-2.08593
21.724,-2.1767578125,-2.3966800811295386,-2.19361328125,-2.08314
21.728,-2.17333984375,-2.3938175898476786,-2.18998046875,-2.0802
21.733,-2.17041015625,-2.3909186337087256,-2.18640625,-2.0775
21.737,-2.16796875,-2.3881427464624636,-2.1826953125000004,-2.07453
21.742,-2.1650390625,-2.385334952466245,-2.1788085937500004,-2.0717
21.746,-2.16162109375,-2.3824679030772486,-2.1748828125,-2.06871
21.751,-2.158203125,-2.3796008536882542,-2.17091796875,-2.06585
21.755,-2.15478515625,-2.376729246192122,-2.1669921875,-2.06296
21.759,-2.15087890625,-2.373898661660217,-2.1630664062500005,-2.06007
21.764,-2.14794921875,-2.3710589609140413,-2.15912109375,-2.0573
21.768,-2.14501953125,-2.3682055858464572,-2.15509765625,-2.05438
21.773,-2.142578125,-2.3653111878146387,-2.15123046875,-2.05143
21.777,-2.1396484375,-2.3624942776041475,-2.1473828125,-2.0485
21.781,-2.13671875,-2.359700157929339,-2.14357421875,-2.04555
21.786,-2.1318359375,-2.3568194342189344,-2.1396875000000004,-2.0426
21.79,-2.12841796875,-2.3538247578301092,-2.1359765625000002,-2.03963
21.794,-2.12451171875,-2.3508802206197874,-2.1321875,-2.03663
21.799,-2.1220703125,-2.347917450980921,-2.1284765625000004,-2.03365
21.803,-2.119140625,-2.344982029984875,-2.1248046875,-2.03063
21.808,-2.115234375,-2.34198735359605,-2.121015625,-2.0276
21.812,-2.11181640625,-2.338883282635944,-2.1173828125,-2.02442
21.817,-2.1083984375,-2.3358521413900277,-2.11384765625,-2.02138
21.821,-2.1064453125,-2.332912162286844,-2.11037109375,-2.01831
21.825,-2.10205078125,-2.329976741290796,-2.106953125,-2.01525
21.83,-2.0986328125,-2.327032204080476,-2.10361328125,-2.01217
21.834,-2.0947265625,-2.3240648763344716,-2.1001562500000004,-2.00924
21.838,-2.09130859375,-2.3209927121243226,-2.09681640625,-2.00613
21.843,-2.08935546875,-2.318020826271182,-2.09357421875,-2.00302
21.847,-2.08642578125,-2.315103637703684,-2.09033203125,-1.99992
21.851,-2.08251953125,-2.312154542386226,-2.0871289062500002,-1.99696
21.856,-2.07861328125,-2.3091735403188114,-2.0839453125,-1.99382
21.86,-2.07470703125,-2.3061560733943036,-2.0807421875000003,-1.99086
21.864,-2.07080078125,-2.3031112578269752,-2.0775390625,-1.98774
21.869,-2.06787109375,-2.3000618841525124,-2.0743554687500003,-1.98458
21.873,-2.06494140625,-2.2969942780494996,-2.0711328125,-1.98144
21.877,-2.0615234375,-2.293890207089394,-2.06796875,-1.97829
21.882,-2.05810546875,-2.2908134847721087,-2.0648828125,-1.97512
21.886,-2.0546875,-2.287750436776234,-2.0617187500000003,-1.97207
21.891,-2.05078125,-2.284641807708992,-2.05861328125,-1.96891
21.895,-2.04736328125,-2.2815559691774325,-2.05546875,-1.96574
21.899,-2.04443359375,-2.2784473401101906,-2.0523242187500004,-1.96253
21.904,-2.04052734375,-2.2753113624001298,-2.04919921875,-1.95931
21.908,-2.03759765625,-2.272207291440022,-2.0460937500000003,-1.9561
21.912,-2.0341796875,-2.269094104265644,-2.04291015625,-1.95285
21.917,-2.0302734375,-2.2658441738771646,-2.039609375,-1.94947
21.922,-2.0263671875,-2.262493965131675,-2.03654296875,-1.9461
21.926,-2.0234375,-2.259371661743023,-2.03345703125,-1.94287
21.93,-2.01904296875,-2.2561992191758673,-2.0303906250000003,-1.93963
21.935,-2.01513671875,-2.25302677660871,-2.02732421875,-1.93657
21.939,-2.0126953125,-2.2498224272915976,-2.02421875,-1.93333
21.944,-2.0087890625,-2.2466591009387145,-2.0211718750000003,-1.93009
21.948,-2.00634765625,-2.243564146192883,-2.0181445312500004,-1.92683
21.952,-2.0029296875,-2.240464633339913,-2.0151171875,-1.92361
21.956,-1.99853515625,-2.237351446165535,-2.012109375,-1.92054
21.961,-1.9951171875,-2.2342063522412,-2.00908203125,-1.91731
21.965,-1.99072265625,-2.2309792123884016,-2.0059375000000004,-1.91428
21.97,-1.98779296875,-2.2277383982141945,-2.0028125,-1.91105
21.974,-1.98486328125,-2.2245477232184907,-1.9996679687499999,-1.90781
21.978,-1.98095703125,-2.2213388157942404,-1.9965234375,-1.90459
21.983,-1.97802734375,-2.2181526989056746,-1.993359375,-1.90138
21.987,-1.97509765625,-2.215012163088476,-1.9901171875,-1.89828
21.991,-1.970703125,-2.21175767459286,-1.98685546875,-1.89491
21.996,-1.96630859375,-2.2085168604186514,-1.9835546875,-1.8917
22.0,-1.9638671875,-2.2052988367801287,-1.9801171875,-1.88846
22.005,-1.95947265625,-2.201985092891734,-1.97673828125,-1.88521
22.009,-1.95654296875,-2.198671349003339,-1.97322265625,-1.88196
22.013,-1.9521484375,-2.1953712794363547,-1.9696484375,-1.87856
22.018,-1.94921875,-2.1919982801551825,-1.9659375000000001,-1.8752900000000001
22.023,-1.94580078125,-2.1886024903383277,-1.96248046875,-1.87188
22.027,-1.94189453125,-2.185416373449762,-1.95896484375,-1.86861
22.031,-1.939453125,-2.182234814668332,-1.955390625,-1.86533
22.036,-1.9345703125,-2.1790213491369457,-1.95173828125,-1.8622
22.04,-1.93115234375,-2.175794209284147,-1.9480078125,-1.85892
22.044,-1.92822265625,-2.172548837002804,-1.9442382812499999,-1.85565
22.049,-1.92431640625,-2.169303464721459,-1.9404296875000002,-1.85236
22.053,-1.921875,-2.1660580924401156,-1.9365234375,-1.84909
22.057,-1.91748046875,-2.1628537431230033,-1.93265625,-1.84596
22.062,-1.9150390625,-2.1596767424487098,-1.9286914062500002,-1.84267
22.066,-1.9111328125,-2.1564723931315974,-1.9245117187499998,-1.83956
22.07,-1.90625,-2.1531905559931594,-1.9203906249999998,-1.83628
22.075,-1.90283203125,-2.1499406256046782,-1.91619140625,-1.83302
22.079,-1.90087890625,-2.14674539250184,-1.911875,-1.82989
22.083,-1.896484375,-2.1435501593989983,-1.9073437500000001,-1.82662
22.088,-1.89404296875,-2.140268322260562,-1.9027734374999998,-1.82333
22.092,-1.89013671875,-2.137036624300629,-1.8981249999999998,-1.82005
22.096,-1.88525390625,-2.1337684614836014,-1.8933984375000001,-1.81677
22.101,-1.88232421875,-2.1305367635236667,-1.8883593749999998,-1.81365
22.105,-1.87841796875,-2.1271500899210842,-1.8833007812499998,-1.81024
22.11,-1.8759765625,-2.123904717639741,-1.87822265625,-1.80713
22.114,-1.8720703125,-2.1207003683226286,-1.872890625,-1.80387
22.118,-1.869140625,-2.117427647398465,-1.8673046875000001,-1.8006
22.123,-1.865234375,-2.114072880545839,-1.861875,-1.79736
22.127,-1.8623046875,-2.1108548569073147,-1.8563671875,-1.79412
22.131,-1.8583984375,-2.107645949483066,-1.85083984375,-1.79089
22.136,-1.85400390625,-2.104391460987449,-1.84537109375,-1.78784
22.14,-1.85107421875,-2.101159763027514,-1.84001953125,-1.78465
22.144,-1.84814453125,-2.0979462974961276,-1.83478515625,-1.78145
22.149,-1.84521484375,-2.094773854928972,-1.82966796875,-1.77841
22.153,-1.841796875,-2.0915695056118597,-1.8246875,-1.77524
22.157,-1.83837890625,-2.0883560400804715,-1.8198828125,-1.77207
22.162,-1.83544921875,-2.0852109461561366,-1.8151953125,-1.76906
22.166,-1.8310546875,-2.0820065968390242,-1.81060546875,-1.76593
22.17,-1.828125,-2.078797689414774,-1.80619140625,-1.76282
22.175,-1.82470703125,-2.0756252468476166,-1.80189453125,-1.75982
22.179,-1.8212890625,-2.0724208975305025,-1.7977148437500001,-1.7567
22.183,-1.818359375,-2.0692302225348005,-1.79369140625,-1.75359
22.188,-1.814453125,-2.066048663753371,-1.78982421875,-1.75061
22.192,-1.81103515625,-2.0628853374004876,-1.7860156249999999,-1.7475100000000001
22.196,-1.806640625,-2.0596855461905115,-1.78228515625,-1.7445599999999999
22.201,-1.80322265625,-2.0564447320163044,-1.7786523437500001,-1.74149
22.205,-1.80078125,-2.0532449408063265,-1.7751171874999998,-1.73839
22.209,-1.79833984375,-2.0500633820248986,-1.77171875,-1.73542
22.213,-1.79443359375,-2.0469456367433825,-1.768359375,-1.73233
22.218,-1.79150390625,-2.0437595198548166,-1.7650195312499999,-1.72922
22.222,-1.78759765625,-2.040532380002018,-1.76185546875,-1.7261
22.227,-1.7841796875,-2.0373918441848193,-1.75875,-1.72315
22.231,-1.7802734375,-2.034228517831936,-1.75568359375,-1.72007
22.235,-1.77685546875,-2.0310651914790547,-1.7526953125,-1.7171
22.239,-1.77490234375,-2.02792009755472,-1.7498046875,-1.71399
22.244,-1.771484375,-2.0248297009160225,-1.7469531249999999,-1.71102
22.248,-1.76806640625,-2.0217165137416444,-1.74416015625,-1.70791
22.252,-1.76416015625,-2.018580536031582,-1.74142578125,-1.70492
22.257,-1.76025390625,-2.015394419143014,-1.7386718749999999,-1.70181
22.261,-1.75634765625,-2.0121809536116277,-1.7359765625,-1.69871
22.265,-1.75390625,-2.0089674880802413,-1.733359375,-1.6957200000000001
22.27,-1.75,-2.0058223941559046,-1.730703125,-1.69258
22.274,-1.7470703125,-2.0025906961959716,-1.7281640624999999,-1.68945
22.278,-1.74365234375,-1.9994410441644987,-1.7257031250000001,-1.6863299999999999
22.283,-1.74072265625,-1.9963232988829827,-1.72322265625,-1.68332
22.287,-1.73681640625,-1.993191879280058,-1.7208203125000001,-1.68019
22.291,-1.7333984375,-1.9900422272485851,-1.71841796875,-1.6772
22.296,-1.72998046875,-1.9869062495385226,-1.716015625,-1.67421
22.3,-1.7275390625,-1.9837201326499567,-1.7136328125,-1.67106
22.304,-1.7236328125,-1.9805659225113459,-1.711328125,-1.6679
22.309,-1.72021484375,-1.9773980380513283,-1.708984375,-1.66476
22.313,-1.71728515625,-1.974230153591309,-1.7066992187499999,-1.66159
22.317,-1.712890625,-1.9710896177741102,-1.7044921874999999,-1.65858
22.322,-1.708984375,-1.9678989427784064,-1.7022070312500002,-1.65543
22.326,-1.7060546875,-1.9647037096755664,-1.7,-1.65228
22.33,-1.703125,-1.9615403833226832,-1.6978125,-1.64924
22.335,-1.7001953125,-1.9583907312912103,-1.695546875,-1.64609
22.339,-1.69677734375,-1.9551863819740962,-1.6934375000000002,-1.64293
22.343,-1.6923828125,-1.9520549623711716,-1.691328125,-1.63977
22.348,-1.68994140625,-1.9489144265539728,-1.6892578125000002,-1.63675
22.352,-1.6865234375,-1.9457966812724568,-1.6871679687499999,-1.63362
22.356,-1.68212890625,-1.9426333549195736,-1.68509765625,-1.63064
22.361,-1.67919921875,-1.9394381218167336,-1.68302734375,-1.6274899999999999
22.365,-1.67626953125,-1.9362793535709866,-1.68095703125,-1.6243699999999999
22.369,-1.6728515625,-1.9331251434323793,-1.6789453125,-1.6214
22.374,-1.669921875,-1.929989165722315,-1.6768750000000001,-1.61829
22.378,-1.66650390625,-1.9268668623336644,-1.6748437499999997,-1.61518
22.382,-1.6630859375,-1.9237354427307363,-1.6728515625,-1.61223
22.386,-1.6591796875,-1.9205766744849928,-1.6708007812499999,-1.60914
22.391,-1.65576171875,-1.917422464346382,-1.66876953125,-1.60606
22.395,-1.65283203125,-1.9142910447434573,-1.6667578125,-1.6031
22.399,-1.650390625,-1.911196089997624,-1.66470703125,-1.60002
22.404,-1.64599609375,-1.9080646703946993,-1.6626953125,-1.59708
22.408,-1.64306640625,-1.9049013440418143,-1.6606640624999998,-1.594
22.412,-1.64013671875,-1.9017699244388897,-1.6585742187499999,-1.59094
22.417,-1.63671875,-1.8986065980860083,-1.6565234375,-1.58788
22.421,-1.6318359375,-1.8954660622688095,-1.6544921875,-1.5848
22.426,-1.62890625,-1.892284503487378,-1.6524609375000001,-1.5818699999999999
22.43,-1.6259765625,-1.8891622000987258,-1.65041015625,-1.57881
22.434,-1.62353515625,-1.8860490129243477,-1.64837890625,-1.5759
22.438,-1.6201171875,-1.8829677324999246,-1.64630859375,-1.57283
22.443,-1.6162109375,-1.879836312897,-1.64423828125,-1.56978
22.447,-1.6123046875,-1.8766957770798012,-1.6421093750000002,-1.5668600000000001
22.451,-1.609375,-1.8735233345126439,-1.64,-1.5638
22.456,-1.60546875,-1.8703645662668968,-1.63791015625,-1.56074
22.46,-1.603515625,-1.8672741696282031,-1.63576171875,-1.55783
22.465,-1.599609375,-1.8641154013824561,-1.63361328125,-1.55463
22.469,-1.5966796875,-1.86099765610094,-1.63150390625,-1.5517
22.473,-1.5927734375,-1.8579209337836549,-1.6293359374999998,-1.54863
22.477,-1.58984375,-1.854825979037825,-1.62703125,-1.5457100000000001
22.482,-1.5859375,-1.8515623743279317,-1.62486328125,-1.5425200000000001
22.486,-1.58203125,-1.8484491871535536,-1.6226171875,-1.5396
22.491,-1.5791015625,-1.845313209443491,-1.620390625,-1.53655
22.495,-1.57568359375,-1.8422000222691128,-1.61814453125,-1.53363
22.499,-1.57421875,-1.8391506485946465,-1.61587890625,-1.53056
22.504,-1.56982421875,-1.8360329033131322,-1.61353515625,-1.5275
22.508,-1.56689453125,-1.8329470647815747,-1.6112109374999999,-1.52459
22.512,-1.56298828125,-1.8298202032857844,-1.60888671875,-1.52155
22.517,-1.56005859375,-1.8267206904328148,-1.6065234375000002,-1.5185
22.521,-1.556640625,-1.8236576424369417,-1.6041601562499999,-1.5156100000000001
22.525,-1.55322265625,-1.820594594441065,-1.6017578125,-1.5126
22.529,-1.55078125,-1.8175224302309179,-1.599296875,-1.5095800000000001
22.534,-1.5478515625,-1.8144502660207689,-1.59685546875,-1.5067
22.538,-1.54345703125,-1.8114008923463043,-1.59435546875,-1.50369
22.542,-1.54052734375,-1.8083424024575656,-1.5918359374999997,-1.50068
22.547,-1.53662109375,-1.8052747963545528,-1.5892382812499999,-1.49797
22.551,-1.5341796875,-1.8021980740372676,-1.5865429687500001,-1.495
22.555,-1.53125,-1.7990940030771636,-1.5838867187499999,-1.49189
22.56,-1.5283203125,-1.7960765361526558,-1.58115234375,-1.48917
22.564,-1.525390625,-1.7930727435495566,-1.57841796875,-1.4861900000000001
22.568,-1.521484375,-1.7900370441965023,-1.5755468750000001,-1.48307
22.573,-1.5185546875,-1.786996786736312,-1.57263671875,-1.4803600000000001
22.577,-1.51416015625,-1.7839063900976182,-1.5696875000000001,-1.47723
22.581,-1.5126953125,-1.7808706907445622,-1.56662109375,-1.47425
22.586,-1.50830078125,-1.7778349913915061,-1.5635156250000002,-1.47139
22.59,-1.50537109375,-1.7747765015027692,-1.5602734374999998,-1.46841
22.594,-1.501953125,-1.7717088953997564,-1.5570898437499998,-1.4654099999999999
22.599,-1.49951171875,-1.7687096609037969,-1.553828125,-1.46254
22.603,-1.49560546875,-1.7657058683006994,-1.5504492187499999,-1.45954
22.607,-1.4921875,-1.762651936519097,-1.5469140625,-1.45655
22.611,-1.48876953125,-1.7596025628446306,-1.54330078125,-1.45369
22.616,-1.48681640625,-1.7565714215987143,-1.5396289062500002,-1.4506999999999999
22.62,-1.48291015625,-1.7535448384599341,-1.5358984375,-1.4477
22.624,-1.47900390625,-1.7505228134282884,-1.5321093749999999,-1.4448400000000001
22.629,-1.4775390625,-1.747482555968098,-1.52837890625,-1.44185
22.633,-1.4736328125,-1.7444969957935452,-1.52453125,-1.43887
22.638,-1.47021484375,-1.741474970761903,-1.5206640625,-1.4360300000000001
22.642,-1.466796875,-1.7384119227660264,-1.51689453125,-1.4330500000000002
22.646,-1.4638671875,-1.7353807815201083,-1.5130859374999999,-1.43008
22.651,-1.4609375,-1.7323587564884644,-1.5093359375000002,-1.4271099999999999
22.655,-1.45703125,-1.7293093828139998,-1.505625,-1.42414
22.659,-1.45458984375,-1.7262691253538076,-1.5019921875,-1.42115
22.664,-1.45166015625,-1.7232835651792584,-1.4984765625,-1.41832
22.668,-1.44775390625,-1.720279772576161,-1.494921875,-1.41535
22.672,-1.4453125,-1.7173078867230203,-1.4914453125,-1.41238
22.677,-1.44189453125,-1.714345117084152,-1.48802734375,-1.40954
22.681,-1.43896484375,-1.7113504406953286,-1.4845312499999999,-1.40658
22.685,-1.4345703125,-1.708332973770819,-1.48119140625,-1.40362
22.69,-1.43212890625,-1.705351971703406,-1.47794921875,-1.40064
22.694,-1.42919921875,-1.7023618534217189,-1.4746484374999997,-1.3978000000000002
22.698,-1.42578125,-1.699380851354304,-1.47138671875,-1.39483
22.703,-1.42236328125,-1.6963725006440704,-1.4681250000000001,-1.39187
22.707,-1.4189453125,-1.693318568862468,-1.46490234375,-1.38888
22.712,-1.416015625,-1.6903102181522343,-1.4617578125,-1.38593
22.716,-1.41357421875,-1.6873520066205039,-1.45857421875,-1.3831
22.72,-1.41015625,-1.6843345396959961,-1.45544921875,-1.38014
22.725,-1.40673828125,-1.6813353052000348,-1.452421875,-1.3771499999999999
22.729,-1.4033203125,-1.6783406288112097,-1.4493359375000001,-1.37419
22.733,-1.400390625,-1.675373301065207,-1.4462304687499998,-1.37121
22.738,-1.39599609375,-1.6722737882122392,-1.44322265625,-1.36823
22.742,-1.3935546875,-1.6692426469663193,-1.44021484375,-1.3652600000000001
22.747,-1.390625,-1.666247970577496,-1.43720703125,-1.3622999999999998
22.751,-1.38720703125,-1.6632077131173038,-1.43421875,-1.35933
22.755,-1.384765625,-1.6601993624070701,-1.43123046875,-1.35636
22.76,-1.380859375,-1.6571910116968365,-1.42833984375,-1.35341
22.764,-1.37841796875,-1.6542282420579681,-1.4253906250000001,-1.35043
22.769,-1.3740234375,-1.65119710081205,-1.4225,-1.3474599999999999
22.773,-1.37060546875,-1.64817051767327,-1.41958984375,-1.34451
22.777,-1.3681640625,-1.6451895156058551,-1.41673828125,-1.34157
22.782,-1.365234375,-1.6422176297527145,-1.41380859375,-1.33861
22.786,-1.36181640625,-1.6391819303996602,-1.41091796875,-1.33567
22.79,-1.35888671875,-1.6361918121179713,-1.408125,-1.33274
22.795,-1.35595703125,-1.6332700654433339,-1.4053125,-1.32979
22.799,-1.35205078125,-1.6303255282330156,-1.40240234375,-1.3269600000000001
22.804,-1.349609375,-1.6272624802371407,-1.3995703125,-1.32389
22.808,-1.345703125,-1.6242997105982742,-1.39673828125,-1.32108
22.812,-1.3427734375,-1.6213278247451335,-1.39380859375,-1.31813
22.817,-1.3388671875,-1.6182921253920775,-1.3908984375,-1.3151700000000002
22.821,-1.33642578125,-1.615247309824749,-1.38796875,-1.31208
22.826,-1.3330078125,-1.612220726685969,-1.38509765625,-1.30911
22.83,-1.330078125,-1.60923060840428,-1.382265625,-1.30614
22.834,-1.3271484375,-1.6062906293010961,-1.379453125,-1.30318
22.839,-1.32373046875,-1.6033825569478708,-1.3766015624999999,-1.30035
22.843,-1.32080078125,-1.6004608102732334,-1.3737109375,-1.29737
22.847,-1.3173828125,-1.5974798082058204,-1.37087890625,-1.2944
22.852,-1.31494140625,-1.5945762939597294,-1.36802734375,-1.29156
22.856,-1.31201171875,-1.591695570249323,-1.3651562499999998,-1.28858
22.86,-1.30859375,-1.5887692654675512,-1.36216796875,-1.28574
22.865,-1.30615234375,-1.5857791471858622,-1.35908203125,-1.2826300000000002
22.869,-1.3017578125,-1.5826614019043461,-1.35609375,-1.27954
22.874,-1.29931640625,-1.579757887658257,-1.353125,-1.27657
22.878,-1.29638671875,-1.5768452571978937,-1.350078125,-1.2737500000000002
22.882,-1.2939453125,-1.573964533487489,-1.34697265625,-1.2707899999999999
22.887,-1.2900390625,-1.5709880895272104,-1.343828125,-1.26783
22.891,-1.28759765625,-1.5680891333882556,-1.3407421874999998,-1.2647300000000001
22.896,-1.28369140625,-1.5652220839992612,-1.3376171875,-1.26193
22.9,-1.28076171875,-1.5623231278603082,-1.334453125,-1.2591299999999999
22.904,-1.27734375,-1.559405939292807,-1.3311718750000001,-1.25617
22.909,-1.275390625,-1.556511541260992,-1.32791015625,-1.2532299999999998
22.913,-1.271484375,-1.5536353756577217,-1.3245703125000001,-1.2502900000000001
22.917,-1.26904296875,-1.5507364195187687,-1.3210546875,-1.24735
22.922,-1.265625,-1.5477554174513557,-1.31765625,-1.2444
22.926,-1.2626953125,-1.5448929261694957,-1.3141796875,-1.2414800000000001
22.93,-1.2587890625,-1.542003086244815,-1.31060546875,-1.23856
22.935,-1.25732421875,-1.5390813395701795,-1.30697265625,-1.2356099999999999
22.939,-1.25390625,-1.5361914996454988,-1.30328125,-1.2326700000000002
22.944,-1.25,-1.5332834272922735,-1.2994140625,-1.22976
22.948,-1.24609375,-1.5302568441534916,-1.2956640625,-1.22669
22.953,-1.244140625,-1.5274034690859057,-1.29185546875,-1.22389
22.957,-1.24072265625,-1.524554652125456,-1.2879296875,-1.22098
22.961,-1.23779296875,-1.5216876027364599,-1.28400390625,-1.21808
22.965,-1.23486328125,-1.518870692525967,-1.2798437500000002,-1.21528
22.97,-1.23193359375,-1.5159535039584693,-1.2754296875,-1.2123599999999999
22.974,-1.22900390625,-1.51294971135537,-1.27119140625,-1.2093
22.979,-1.2255859375,-1.5101100106091945,-1.2667382812499999,-1.20638
22.983,-1.22216796875,-1.5072064963631036,-1.26197265625,-1.20347
22.988,-1.2197265625,-1.50419814565287,-1.2573046875,-1.2005599999999998
22.992,-1.216796875,-1.5013812354423788,-1.25255859375,-1.19766
22.996,-1.212890625,-1.4985460928033394,-1.24759765625,-1.1947299999999998
23.001,-1.21044921875,-1.495665369092933,-1.24248046875,-1.19181
23.005,-1.2080078125,-1.4927983197039385,-1.23732421875,-1.18887
23.01,-1.20458984375,-1.4899631770648973,-1.2318359374999999,-1.18607
23.014,-1.20068359375,-1.4870551047116702,-1.22634765625,-1.183
23.018,-1.1982421875,-1.4841971715369482,-1.22056640625,-1.18021
23.023,-1.19482421875,-1.4813164478265417,-1.2148828125,-1.1772900000000002
23.027,-1.1923828125,-1.47847218897323,-1.20919921875,-1.17435
23.031,-1.189453125,-1.4756552787627388,-1.20353515625,-1.1714099999999998
23.036,-1.18603515625,-1.4728155780165633,-1.19791015625,-1.16846
23.04,-1.18359375,-1.4699439705204291,-1.19251953125,-1.1654900000000001
23.044,-1.18017578125,-1.4671498508456207,-1.1870703125000002,-1.1626699999999999
23.049,-1.1767578125,-1.464264569028078,-1.18173828125,-1.15971
23.053,-1.173828125,-1.4613382642463044,-1.17666015625,-1.15663
23.058,-1.17041015625,-1.4584757729644444,-1.171640625,-1.15367
23.062,-1.16796875,-1.4555904911469018,-1.1668359375,-1.1507100000000001
23.066,-1.16455078125,-1.4527325579721797,-1.1621875000000002,-1.1478700000000002
23.071,-1.16259765625,-1.449924763975961,-1.157734375,-1.1449
23.075,-1.15869140625,-1.4471215280868783,-1.15341796875,-1.14192
23.08,-1.15576171875,-1.4442818273407028,-1.1490625,-1.13895
23.084,-1.15185546875,-1.4414011036302963,-1.14494140625,-1.1360000000000001
23.088,-1.1494140625,-1.4385705190983948,-1.1408984375,-1.13317
23.093,-1.1474609375,-1.4357308183522193,-1.1369921875000002,-1.13021
23.097,-1.14404296875,-1.4329230243560005,-1.13328125,-1.12725
23.101,-1.14111328125,-1.430160811431147,-1.12962890625,-1.12429
23.106,-1.13818359375,-1.4273484593277939,-1.12607421875,-1.12145
23.11,-1.134765625,-1.424577130188668,-1.12259765625,-1.11849
23.114,-1.13232421875,-1.4217784524067216,-1.1191992187500002,-1.11554
23.119,-1.12841796875,-1.4189524259819564,-1.1158203125000001,-1.1127099999999999
23.123,-1.12548828125,-1.4161081671286446,-1.1125781250000002,-1.10975
23.127,-1.123046875,-1.4132821407038794,-1.1093359375,-1.1067900000000002
23.132,-1.1201171875,-1.4104378818505658,-1.10611328125,-1.10381
23.136,-1.11669921875,-1.407543483818749,-1.103046875,-1.1006900000000002
23.141,-1.1142578125,-1.4046946668583011,-1.10001953125,-1.09772
23.145,-1.11083984375,-1.4018595242192617,-1.09708984375,-1.09476
23.149,-1.10791015625,-1.399010707258812,-1.094140625,-1.0918
23.154,-1.1044921875,-1.3961755646197727,-1.09125,-1.08883
23.158,-1.1015625,-1.393285724695092,-1.0883984375,-1.08586
23.163,-1.099609375,-1.3904596982703286,-1.0856640625,-1.08289
23.167,-1.09619140625,-1.3876792529169286,-1.0829296875,-1.0798999999999999
23.171,-1.0927734375,-1.3848942494563925,-1.0803125,-1.0769199999999999
23.176,-1.0908203125,-1.3821138041029961,-1.07767578125,-1.07397
23.18,-1.08740234375,-1.3793607073924168,-1.07513671875,-1.071
23.184,-1.08447265625,-1.3766076106818392,-1.07255859375,-1.06816
23.189,-1.0810546875,-1.373822607221305,-1.0700390625,-1.06518
23.193,-1.078125,-1.3710148132250861,-1.0675000000000001,-1.0622
23.198,-1.0751953125,-1.3682434840859603,-1.0650390625,-1.0592000000000001
23.202,-1.07275390625,-1.3654858292682466,-1.0626171875000001,-1.05634
23.206,-1.06982421875,-1.3627372906648052,-1.060234375,-1.05336
23.21,-1.0673828125,-1.3600206588113188,-1.0578515625,-1.05038
23.215,-1.0634765625,-1.357294910743562,-1.0555078125,-1.04752
23.219,-1.06005859375,-1.3544552099973863,-1.05306640625,-1.04454
23.224,-1.05712890625,-1.351665648429714,-1.05076171875,-1.04156
23.228,-1.0546875,-1.3488943192905882,-1.0484765625,-1.0387
23.232,-1.05224609375,-1.3461731293299692,-1.0462109375,-1.0356999999999998
23.236,-1.048828125,-1.343429148833664,-1.04396484375,-1.03273
23.241,-1.04638671875,-1.340703400765907,-1.04171875,-1.0299
23.245,-1.0419921875,-1.337954862162464,-1.03947265625,-1.02692
23.249,-1.03955078125,-1.335137951951971,-1.0372070312500001,-1.0241
23.254,-1.037109375,-1.3323985295628038,-1.03498046875,-1.02114
23.258,-1.0341796875,-1.3296499909593642,-1.03271484375,-1.01831
23.262,-1.03076171875,-1.3268832199273746,-1.03046875,-1.0153400000000001
23.267,-1.02783203125,-1.3240936583597023,-1.0282421875,-1.01238
23.271,-1.02587890625,-1.321354235970535,-1.02603515625,-1.00957
23.275,-1.0224609375,-1.3186512784384607,-1.02380859375,-1.00661
23.28,-1.01904296875,-1.315879949299335,-1.0215625,-1.00366
23.284,-1.01611328125,-1.3131222944816194,-1.01935546875,-1.0008599999999999
23.288,-1.013671875,-1.3103600815567695,-1.0170703125,-0.9979
23.293,-1.01123046875,-1.3076206591676005,-1.01486328125,-0.99494
23.297,-1.0078125,-1.3049040273141177,-1.01267578125,-0.99213
23.301,-1.00439453125,-1.3021463724964022,-1.0103906249999999,-0.9891800000000001
23.306,-1.001953125,-1.2993476947144558,-1.0081835937499999,-0.98623
23.31,-0.998046875,-1.2966082723252885,-1.0059570312500001,-0.98341
23.314,-0.99609375,-1.2938506175075748,-1.0037500000000001,-0.98048
23.318,-0.9931640625,-1.2911476599754987,-1.00146484375,-0.97766
23.323,-0.98974609375,-1.288376330836373,-0.99921875,-0.97471
23.327,-0.9873046875,-1.285655140875754,-0.99697265625,-0.97189
23.331,-0.98486328125,-1.2829476252365417,-0.99466796875,-0.96894
23.336,-0.9814453125,-1.2801352731331868,-0.9923828125,-0.9659800000000001
23.34,-0.97802734375,-1.2773958507440177,-0.9900781249999999,-0.96318
23.344,-0.97509765625,-1.274642754033442,-0.9877539062499999,-0.96025
23.349,-0.97216796875,-1.2718896573228626,-0.9854296874999999,-0.9573
23.353,-0.9697265625,-1.2691684673622419,-0.9831054687499999,-0.9545
23.357,-0.96728515625,-1.2664609517230314,-0.98076171875,-0.95156
23.362,-0.96484375,-1.2637807847266398,-0.9784179687499999,-0.94876
23.366,-0.9619140625,-1.2611142920516603,-0.9759960937500001,-0.94594
23.37,-0.9580078125,-1.258365753448217,-0.9735546875000001,-0.94289
23.375,-0.95556640625,-1.2556263310590499,-0.9711132812500001,-0.94009
23.379,-0.95263671875,-1.2529233735269756,-0.9686328125,-0.9371700000000001
23.383,-0.9501953125,-1.2502067416734928,-0.96611328125,-0.9342300000000001
23.388,-0.94775390625,-1.2475129003556908,-0.96359375,-0.9314500000000001
23.392,-0.94384765625,-1.2448509657878475,-0.9610546875,-0.92865
23.396,-0.94140625,-1.2421252177200905,-0.9584570312499999,-0.92557
23.4,-0.9384765625,-1.239454166937973,-0.9558203125,-0.9227799999999999
23.405,-0.935546875,-1.2367557675130332,-0.9531054687499999,-0.91998
23.409,-0.93212890625,-1.23402546133814,-0.95017578125,-0.9169
23.414,-0.93017578125,-1.2311447376277336,-0.947421875,-0.9139600000000001
23.418,-0.9267578125,-1.22846912873848,-0.9445703125,-0.91103
23.422,-0.923828125,-1.2257616130992695,-0.94166015625,-0.9080699999999999
23.427,-0.9208984375,-1.223040423138647,-0.93873046875,-0.9051100000000001
23.431,-0.91796875,-1.2203283493923003,-0.93572265625,-0.9021600000000001
23.435,-0.9150390625,-1.2176390661816363,-0.93265625,-0.89934
23.44,-0.91259765625,-1.2149497829709706,-0.9294921875,-0.89636
23.444,-0.9091796875,-1.2122331511174878,-0.9262499999999999,-0.89354
23.448,-0.90625,-1.2095256354782773,-0.92294921875,-0.8905799999999999
23.453,-0.90380859375,-1.2068090036247927,-0.9196484375,-0.88761
23.457,-0.90087890625,-1.2041197204141287,-0.9160742187500001,-0.8847499999999999
23.461,-0.89794921875,-1.2013438331678667,-0.91263671875,-0.88167
23.466,-0.89501953125,-1.1986773404928872,-0.9090429687499999,-0.8788499999999999
23.47,-0.892578125,-1.1959926153893576,-0.9053515624999999,-0.8758699999999999
23.474,-0.89013671875,-1.193317006500104,-0.9016015624999999,-0.8729199999999999
23.479,-0.88623046875,-1.1906550719322606,-0.8976953125,-0.87012
23.483,-0.8837890625,-1.1879566725073243,-0.8936718749999999,-0.86717
23.488,-0.88134765625,-1.1851762271539243,-0.8898046875,-0.8642099999999999
23.492,-0.87841796875,-1.1825461993360378,-0.8858984375000001,-0.8612900000000001
23.496,-0.8759765625,-1.179875148553922,-0.8819921875,-0.8585
23.5,-0.87255859375,-1.1772132139860787,-0.8781249999999999,-0.85558
23.505,-0.86962890625,-1.1745512794182336,-0.87419921875,-0.85267
23.509,-0.8662109375,-1.1717936246005198,-0.870390625,-0.8497699999999999
23.514,-0.86328125,-1.1690815508541714,-0.86669921875,-0.84687
23.518,-0.861328125,-1.166419616286328,-0.863046875,-0.8441000000000001
23.522,-0.85888671875,-1.1637941465755777,-0.85943359375,-0.84121
23.526,-0.85595703125,-1.1611732349719635,-0.8558789062500001,-0.8384499999999999
23.531,-0.8525390625,-1.1585432071540769,-0.85236328125,-0.83555
23.535,-0.849609375,-1.1558858306933715,-0.84888671875,-0.8327899999999999
23.539,-0.8466796875,-1.1531965474827057,-0.8454492187499999,-0.8299099999999999
23.544,-0.84521484375,-1.1505574034505468,-0.84205078125,-0.8270200000000001
23.548,-0.8427734375,-1.1479638404897532,-0.83861328125,-0.82426
23.553,-0.8388671875,-1.1452563248505427,-0.83537109375,-0.8212299999999999
23.557,-0.8359375,-1.1426035064969717,-0.83208984375,-0.8184899999999999
23.561,-0.83251953125,-1.1399324557148542,-0.8288671875,-0.81559
23.566,-0.830078125,-1.1372705211470109,-0.82564453125,-0.8126899999999999
23.57,-0.828125,-1.1346177027934417,-0.82244140625,-0.8098099999999999
23.574,-0.8251953125,-1.1319694425470068,-0.81931640625,-0.8069299999999999
23.579,-0.822265625,-1.1293530890505306,-0.81619140625,-0.80416
23.583,-0.8193359375,-1.126718503125506,-0.813046875,-0.8012600000000001
23.587,-0.8173828125,-1.12403377802198,-0.81005859375,-0.79837
23.592,-0.8134765625,-1.1214083083112296,-0.8070507812500001,-0.7954600000000001
23.596,-0.81005859375,-1.118778280493343,-0.80408203125,-0.79253
23.6,-0.8076171875,-1.1161391364611823,-0.80109375,-0.78976
23.605,-0.80419921875,-1.1134179465005616,-0.7980859375,-0.7868600000000001
23.609,-0.8017578125,-1.1107742443612647,-0.79515625,-0.78392
23.613,-0.7998046875,-1.1081624489719246,-0.7922851562500001,-0.78098
23.618,-0.796875,-1.1055552116897207,-0.78931640625,-0.7781800000000001
23.622,-0.79345703125,-1.1028978352290153,-0.7864453124999999,-0.7752300000000001
23.626,-0.7900390625,-1.100235900661172,-0.783515625,-0.77226
23.631,-0.78662109375,-1.0975329431290977,-0.78052734375,-0.7693300000000001
23.635,-0.7841796875,-1.0947570558828357,-0.7776562499999999,-0.7663800000000001
23.64,-0.78125,-1.092076888886444,-0.7748046875,-0.76342
23.644,-0.77880859375,-1.0894149543186007,-0.77193359375,-0.76058
23.648,-0.775390625,-1.086739345429347,-0.7691015625000001,-0.7576100000000001
23.653,-0.77294921875,-1.0840181554687245,-0.7662109375,-0.7546299999999999
23.657,-0.77099609375,-1.0813562209008811,-0.7633593750000001,-0.75163
23.661,-0.7666015625,-1.0786851701187654,-0.76048828125,-0.7486600000000001
23.666,-0.763671875,-1.0759457477295964,-0.7576171875,-0.7457
23.67,-0.76025390625,-1.0732154415547033,-0.75478515625,-0.74272
23.674,-0.7578125,-1.0705307164511737,-0.75193359375,-0.73986
23.679,-0.75537109375,-1.0678323170262374,-0.7491015625,-0.73688
23.683,-0.75244140625,-1.0651567081369837,-0.74625,-0.7338899999999999
23.688,-0.75,-1.0624674249263197,-0.74337890625,-0.7308699999999999
23.692,-0.74658203125,-1.0597781417156558,-0.74048828125,-0.7278899999999999
23.696,-0.7421875,-1.0570113706836661,-0.7375976562500001,-0.72492
23.701,-0.73974609375,-1.0542309253302697,-0.73474609375,-0.72193
23.705,-0.7373046875,-1.0515188515839213,-0.7319140625,-0.7190700000000001
23.709,-0.73388671875,-1.048820452158985,-0.7290234375,-0.71608
23.714,-0.73193359375,-1.0460536811269954,-0.72611328125,-0.7130799999999999
23.718,-0.7294921875,-1.0433552817020573,-0.72326171875,-0.7100500000000001
23.722,-0.72607421875,-1.040707021455626,-0.7203906250000001,-0.7072
23.727,-0.72265625,-1.0380222963520964,-0.7174609375,-0.7042299999999999
23.731,-0.71923828125,-1.0352828739629292,-0.7144921875,-0.70122
23.735,-0.71728515625,-1.0325525677880343,-0.7115234375,-0.69821
23.74,-0.7138671875,-1.0298632845773703,-0.7085546875,-0.69536
23.744,-0.71142578125,-1.0271694432595702,-0.7055273437499999,-0.6925000000000001
23.748,-0.708984375,-1.0244847181560424,-0.70248046875,-0.68947
23.753,-0.705078125,-1.0216723660526874,-0.6993359375,-0.6863600000000001
23.757,-0.70263671875,-1.0189785247348855,-0.6961132812499999,-0.6833899999999999
23.762,-0.69921875,-1.0161752888458029,-0.6929296875,-0.68038
23.766,-0.69482421875,-1.0133583786353135,-0.68962890625,-0.6773899999999999
23.771,-0.6923828125,-1.0105004454605897,-0.6863671875,-0.67428
23.775,-0.6904296875,-1.0077427906428742,-0.683125,-0.67127
23.779,-0.68701171875,-1.0050352750036637,-0.67978515625,-0.6684000000000001
23.784,-0.68408203125,-1.0022548296502656,-0.67642578125,-0.66544
23.788,-0.68115234375,-0.9995017329396862,-0.67306640625,-0.66249
23.792,-0.677734375,-0.9967486362291087,-0.6695703125,-0.65947
23.797,-0.67431640625,-0.9939089354829331,-0.6660546875,-0.6565000000000001
23.801,-0.67138671875,-0.9911330482366711,-0.66240234375,-0.6534599999999999
23.806,-0.6689453125,-0.9882796731690853,-0.6587109375,-0.6503099999999999
23.81,-0.66552734375,-0.9854855534942768,-0.65498046875,-0.6473
23.815,-0.66259765625,-0.9826686432837839,-0.6512109375,-0.6443300000000001
23.819,-0.66064453125,-0.9799109884660702,-0.6473828125,-0.6413599999999999
23.823,-0.65625,-0.9771031944698514,-0.6434570312500001,-0.6383300000000001
23.828,-0.65380859375,-0.9743318653307256,-0.63955078125,-0.63534
23.832,-0.650390625,-0.9715924429415583,-0.6354296875000001,-0.6324700000000001
23.836,-0.6474609375,-0.968802881373886,-0.63130859375,-0.6294200000000001
23.841,-0.64404296875,-0.9660133198062137,-0.62708984375,-0.6263700000000001
23.845,-0.64111328125,-0.9632556649885,-0.62275390625,-0.6234999999999999
23.849,-0.63720703125,-0.9604706615279639,-0.6182421875,-0.6204799999999999
23.854,-0.63525390625,-0.9576218445675142,-0.6136914062500001,-0.61747
23.858,-0.63232421875,-0.9548505154283902,-0.6090234375,-0.6144499999999999
23.862,-0.62890625,-0.9520427214321714,-0.6042578125,-0.61154
23.867,-0.6259765625,-0.9492759504001835,-0.5993359375,-0.6084400000000001
23.871,-0.62255859375,-0.9464909469396474,-0.5941796875,-0.6054999999999999
23.875,-0.6201171875,-0.9436466880863357,-0.58880859375,-0.60246
23.88,-0.61669921875,-0.9407796386973377,-0.5834765625,-0.5992500000000001
23.884,-0.6142578125,-0.9379991933439413,-0.57796875,-0.59629
23.889,-0.60986328125,-0.935123027740671,-0.5724218750000001,-0.59311
23.893,-0.60791015625,-0.932260536458811,-0.56685546875,-0.5900399999999999
23.898,-0.6044921875,-0.9293980451769528,-0.56125,-0.58691
23.902,-0.60107421875,-0.9264443917523586,-0.55591796875,-0.5837000000000001
23.906,-0.59765625,-0.9235819004704986,-0.5506640625,-0.5807899999999999
23.911,-0.5947265625,-0.9207148510815042,-0.5455664062500001,-0.5777000000000001
23.915,-0.59228515625,-0.9178341273710959,-0.540546875,-0.57447
23.92,-0.5888671875,-0.9149716360892377,-0.53578125,-0.57155
23.924,-0.58544921875,-0.9121501677716086,-0.53111328125,-0.56847
23.928,-0.5830078125,-0.9093286994539795,-0.5266015625,-0.5653699999999999
23.933,-0.5791015625,-0.9064798824935298,-0.52228515625,-0.56233
23.937,-0.57568359375,-0.9036492979616284,-0.51796875,-0.5593999999999999
23.941,-0.57275390625,-0.900732109394129,-0.51376953125,-0.5563199999999999
23.946,-0.5693359375,-0.8978240370409019,-0.509765625,-0.55324
23.95,-0.5673828125,-0.8949980106161366,-0.50587890625,-0.55019
23.954,-0.56396484375,-0.8921719841913696,-0.50205078125,-0.5470999999999999
23.959,-0.56103515625,-0.8892912604809649,-0.4983984375,-0.54403
23.963,-0.5576171875,-0.8864424435205152,-0.4947265625,-0.5409999999999999
23.968,-0.55419921875,-0.8834796738816468,-0.4912109375,-0.5379400000000001
23.972,-0.5517578125,-0.8806445312426092,-0.48785156249999995,-0.5348900000000001
23.976,-0.54833984375,-0.8778367372463887,-0.48457031250000004,-0.5319799999999999
23.981,-0.54541015625,-0.8750107108216252,-0.48128906250000003,-0.5289299999999999
23.985,-0.54296875,-0.8721527776469014,-0.47814453125,-0.52599
23.989,-0.5400390625,-0.8693358674364102,-0.475078125,-0.52295
23.994,-0.5361328125,-0.8665417477616,-0.47212890625000004,-0.5199400000000001
23.998,-0.533203125,-0.8637248375511088,-0.46917968750000005,-0.5170399999999999
24.002,-0.529296875,-0.8608760205906592,-0.4662890625,-0.51399
24.006,-0.52685546875,-0.858008971201663,-0.46345703125000004,-0.5111000000000001
24.011,-0.52392578125,-0.8551601542412133,-0.46064453125000004,-0.50806
24.015,-0.5205078125,-0.8522839886379447,-0.45785156250000003,-0.50501
24.019,-0.517578125,-0.8493759162847176,-0.45515625000000004,-0.5019800000000001
24.024,-0.51513671875,-0.8465225412171336,-0.4525,-0.49912
24.028,-0.51171875,-0.8436691661495459,-0.4498632812500001,-0.4960800000000001
24.033,-0.50830078125,-0.8407656519034568,-0.44728515625,-0.49305
24.037,-0.50537109375,-0.8378940444073244,-0.44474609375000007,-0.4900500000000001
24.041,-0.50244140625,-0.8349996463755058,-0.44218750000000007,-0.48700999999999994
24.046,-0.49853515625,-0.832073341593734,-0.43974609375000007,-0.4839800000000001
24.05,-0.49609375,-0.8291835016690534,-0.43730468750000007,-0.48096000000000005
24.054,-0.49365234375,-0.8263392428157417,-0.43498046875000007,-0.47812999999999994
24.059,-0.490234375,-0.8235268907123867,-0.43259765625,-0.4751099999999999
24.063,-0.48681640625,-0.8206051440377493,-0.4303125,-0.4721200000000001
24.067,-0.48388671875,-0.8177517689701634,-0.4280078125000001,-0.46913000000000005
24.072,-0.48095703125,-0.8149029520097137,-0.42574218750000004,-0.46626999999999996
24.076,-0.4775390625,-0.8120495769421279,-0.42349609374999997,-0.46326
24.08,-0.47509765625,-0.8091779694459955,-0.42125,-0.4602900000000001
24.085,-0.47216796875,-0.8062744551999046,-0.41900390625000006,-0.4573400000000001
24.089,-0.4697265625,-0.8034484287751411,-0.41681640625000005,-0.4543600000000001
24.094,-0.4658203125,-0.8005813793861449,-0.41460937499999995,-0.45141999999999993
24.098,-0.46337890625,-0.7977371205328314,-0.41244140625000003,-0.4484699999999999
24.102,-0.458984375,-0.7948563968224249,-0.41035156250000004,-0.4455100000000001
24.107,-0.4560546875,-0.7919939055405667,-0.40826171875000006,-0.44253999999999993
24.111,-0.45361328125,-0.789145088580117,-0.40617187500000007,-0.43974
24.115,-0.45068359375,-0.786282597298257,-0.40412109375000005,-0.4368000000000001
24.12,-0.447265625,-0.7834109898021229,-0.40203125000000006,-0.43387
24.124,-0.4443359375,-0.780525707984582,-0.4,-0.43094999999999994
24.129,-0.44140625,-0.7776814491312685,-0.39798828125,-0.42804
24.133,-0.43798828125,-0.7748098416351361,-0.39591796875,-0.42510000000000003
24.137,-0.43505859375,-0.7719519084604123,-0.39390625,-0.42218
24.142,-0.43212890625,-0.7691167658213747,-0.3918359375,-0.41938999999999993
24.146,-0.43017578125,-0.7662588326466526,-0.38982421875000006,-0.41649
24.15,-0.4267578125,-0.7634510386504338,-0.38779296875,-0.41357
24.155,-0.423828125,-0.7606067797971203,-0.38582031250000004,-0.41070000000000007
24.159,-0.4208984375,-0.7578217763365842,-0.383828125,-0.40795000000000003
24.163,-0.41748046875,-0.7550048661260931,-0.3818359375,-0.40504000000000007
24.168,-0.4140625,-0.7521970721298743,-0.37984375000000004,-0.40215
24.172,-0.41162109375,-0.7493801619193814,-0.3778515625,-0.3993899999999999
24.176,-0.408203125,-0.7465313449589317,-0.375859375,-0.3965099999999999
24.181,-0.40576171875,-0.7437600158198077,-0.37388671875,-0.39361
24.185,-0.40234375,-0.7409476637164527,-0.37191406250000003,-0.39076
24.189,-0.39990234375,-0.7381444278273701,-0.36996093750000003,-0.38802000000000003
24.194,-0.396484375,-0.7353867730096564,-0.36810546875000005,-0.38514000000000004
24.198,-0.4013671875,-0.7327795357274525,-0.36716796875,-0.38247999999999993
24.202,-0.404296875,-0.7305141564805027,-0.36693359375,-0.38032
24.207,-0.4072265625,-0.728517705554621,-0.36726562500000004,-0.37871999999999995
24.211,-0.41015625,-0.7267537180927093,-0.36802734375,-0.37751
24.215,-0.41357421875,-0.7252267522019107,-0.36908203125000005,-0.37693
24.22,-0.41650390625,-0.7239368078822181,-0.370390625,-0.3767499999999999
24.224,-0.42041015625,-0.7228884432407732,-0.37191406250000003,-0.37712999999999997
24.228,-0.423828125,-0.722081658277574,-0.37355468750000004,-0.37795
24.233,-0.42724609375,-0.7214891043498,-0.37531250000000005,-0.37927
24.237,-0.4296875,-0.7210652003860858,-0.3771875,-0.38122999999999996
24.241,-0.43310546875,-0.7208099463864279,-0.37910156250000004,-0.38351
24.246,-0.43603515625,-0.7207279004579696,-0.38105468750000004,-0.3864000000000001
24.25,-0.439453125,-0.7208099463864279,-0.38306640625,-0.38961
24.254,-0.4423828125,-0.7210378517432652,-0.38509765625000003,-0.3924000000000001
24.258,-0.4462890625,-0.7214252908498864,-0.3871875,-0.39565000000000006
24.263,-0.44970703125,-0.7219768218134295,-0.389296875,-0.3987400000000001
24.267,-0.453125,-0.72266965409821,-0.39142578125000005,-0.4017200000000001
24.272,-0.4560546875,-0.7234901133828195,-0.39361328125000006,-0.40483
24.276,-0.45849609375,-0.7243971767030271,-0.39570312500000004,-0.40795000000000003
24.28,-0.46240234375,-0.7253954021659688,-0.39779296875000003,-0.4110499999999999
24.285,-0.46484375,-0.7265075803073273,-0.399921875,-0.41413999999999995
24.289,-0.46875,-0.7277291530199683,-0.40212890625,-0.41725999999999996
24.293,-0.47216796875,-0.7290737946253003,-0.40431640625,-0.42022000000000004
24.298,-0.47509765625,-0.73049136594482,-0.40658203125000003,-0.42334000000000005
24.302,-0.47802734375,-0.7319864250856636,-0.40880859375,-0.42646000000000006
24.306,-0.4814453125,-0.7335316234050122,-0.411015625,-0.4296
24.311,-0.484375,-0.7351725419742294,-0.41333984375,-0.4325699999999999
24.315,-0.48876953125,-0.7369274132218653,-0.4156835937500001,-0.4357
24.319,-0.49072265625,-0.7387552141836906,-0.4180078125000001,-0.4389700000000001
24.324,-0.49462890625,-0.740614921895471,-0.42035156250000005,-0.44209999999999994
24.328,-0.49853515625,-0.7425566755357149,-0.42271484375,-0.4451100000000001
24.333,-0.50146484375,-0.7445531264615965,-0.42513671875000003,-0.4482900000000001
24.337,-0.50439453125,-0.7466088327802574,-0.42755859375000005,-0.4513100000000001
24.341,-0.50732421875,-0.7486964458488732,-0.4300390625,-0.45448
24.346,-0.51123046875,-0.7508843372745009,-0.43251953125,-0.45781000000000005
24.35,-0.51318359375,-0.7530631124858509,-0.43501953125000004,-0.4608399999999999
24.354,-0.517578125,-0.7552692363400233,-0.43755859375000006,-0.4640200000000001
24.359,-0.521484375,-0.7575482899083816,-0.44013671875000004,-0.46723000000000003
24.363,-0.5244140625,-0.7599048312980656,-0.44281250000000005,-0.4702900000000001
24.367,-0.52734375,-0.7622841632234323,-0.44544921875,-0.47350000000000003
24.372,-0.53076171875,-0.7646634951488007,-0.44814453125,-0.47672000000000003
24.376,-0.53369140625,-0.767070175716988,-0.4508203125,-0.4798
24.38,-0.53662109375,-0.7694768562851753,-0.45361328125,-0.4830000000000001
24.385,-0.54052734375,-0.7719519084604123,-0.45646484374999996,-0.48607
24.389,-0.5439453125,-0.7744862160284285,-0.45929687500000005,-0.48932
24.393,-0.54736328125,-0.7770205235964447,-0.462265625,-0.49238000000000004
24.398,-0.55029296875,-0.7796277608786468,-0.46539062500000006,-0.49563
24.402,-0.55322265625,-0.7822714630179437,-0.4684765625,-0.4988699999999999
24.406,-0.55615234375,-0.7848650259787373,-0.47164062500000004,-0.5021199999999999
24.411,-0.56005859375,-0.7874996119037618,-0.4748828125000001,-0.50535
24.415,-0.5634765625,-0.7901980113286999,-0.47814453125,-0.50847
24.419,-0.56640625,-0.7928553877894053,-0.48160156249999997,-0.5117
24.424,-0.57080078125,-0.7956403912499415,-0.48515625000000007,-0.51495
24.428,-0.5732421875,-0.798429952817612,-0.4887890625,-0.51823
24.433,-0.5771484375,-0.8012423049209687,-0.492578125,-0.52149
24.437,-0.580078125,-0.8040592151314616,-0.49642578125000003,-0.5247600000000001
24.441,-0.58349609375,-0.8068943577704992,-0.50037109375,-0.52803
24.446,-0.58642578125,-0.8097295004095386,-0.5044921875,-0.53132
24.45,-0.59033203125,-0.8126421308699019,-0.50873046875,-0.53471
24.455,-0.59326171875,-0.8155365289017187,-0.5130859375,-0.53799
24.459,-0.59716796875,-0.8184673917906284,-0.5175390625,-0.54125
24.463,-0.6005859375,-0.8213526736081711,-0.5221875,-0.54451
24.468,-0.60400390625,-0.8242698621756723,-0.52685546875,-0.5477799999999999
24.472,-0.60693359375,-0.8271323534575306,-0.5317773437500001,-0.55107
24.476,-0.609375,-0.830013077167937,-0.53685546875,-0.55417
24.481,-0.6123046875,-0.83291203330689,-0.5420507812500001,-0.55742
24.485,-0.6162109375,-0.8357608502673397,-0.54755859375,-0.5607
24.49,-0.62109375,-0.8387281780133424,-0.5531640625,-0.56393
24.494,-0.6240234375,-0.8416863895450746,-0.5588671875,-0.5671900000000001
24.498,-0.626953125,-0.844640042969667,-0.5646484375,-0.5703199999999999
24.503,-0.6298828125,-0.8476210450370818,-0.5703906249999999,-0.57358
24.507,-0.63330078125,-0.8505929308902225,-0.5760546875,-0.57681
24.511,-0.63623046875,-0.8535784910647735,-0.5817578125,-0.5800799999999999
24.516,-0.63916015625,-0.8565458188107762,-0.58724609375,-0.58334
24.52,-0.642578125,-0.8594903560210962,-0.5926171875,-0.58657
24.524,-0.64599609375,-0.862425777017144,-0.59791015625,-0.58985
24.529,-0.64990234375,-0.8654067790845588,-0.60310546875,-0.59297
24.533,-0.65185546875,-0.8683741068305615,-0.60822265625,-0.59622
24.538,-0.65576171875,-0.8713596670051125,-0.61322265625,-0.5994900000000001
24.542,-0.65869140625,-0.8743816920367582,-0.6179687500000001,-0.6027499999999999
24.546,-0.66162109375,-0.8773399035684886,-0.6228515625000001,-0.6059699999999999
24.551,-0.66552734375,-0.880380161028679,-0.62740234375,-0.6093500000000001
24.555,-0.6689453125,-0.8833566049889559,-0.6318750000000001,-0.6124799999999999
24.559,-0.671875,-0.8863376070563707,-0.63623046875,-0.61572
24.564,-0.67431640625,-0.8892867023738287,-0.6405078125,-0.6189199999999999
24.568,-0.677734375,-0.8922312395841487,-0.6447070312500001,-0.6221399999999999
24.573,-0.681640625,-0.8951985673301515,-0.6487890625,-0.6252200000000001
24.577,-0.68359375,-0.898161336969018,-0.6527539062500001,-0.6284000000000001
24.581,-0.6875,-0.9011058741793398,-0.65671875,-0.6316299999999999
24.586,-0.6904296875,-0.9040504113896599,-0.6605859375,-0.6347
24.59,-0.69384765625,-0.9070222972428006,-0.6643554687500001,-0.6378699999999999
24.594,-0.697265625,-0.9099850668816671,-0.66818359375,-0.64106
24.599,-0.701171875,-0.9130253243418576,-0.6718359375,-0.6442399999999999
24.603,-0.70361328125,-0.9159926520878638,-0.6755078125,-0.6474200000000001
24.607,-0.70654296875,-0.9189873284766872,-0.6791015625,-0.6506099999999999
24.612,-0.70947265625,-0.9219364237941434,-0.6825390625,-0.65368
24.616,-0.7119140625,-0.9248308218259602,-0.686015625,-0.6568499999999999
24.62,-0.71533203125,-0.9277525685005976,-0.68939453125,-0.66001
24.625,-0.71826171875,-0.9306606408538247,-0.6926953124999999,-0.66306
24.629,-0.72216796875,-0.9335459226713656,-0.6959960937499999,-0.66622
24.633,-0.72509765625,-0.9364813436674151,-0.6992968749999999,-0.6692100000000001
24.638,-0.72802734375,-0.9394258808777334,-0.7025,-0.67238
24.642,-0.7314453125,-0.9423567437666449,-0.7057421875000001,-0.67557
24.646,-0.734375,-0.9453377458340579,-0.70896484375,-0.67872
24.651,-0.73681640625,-0.9483141897943366,-0.71220703125,-0.68187
24.655,-0.74072265625,-0.9513635634687994,-0.71546875,-0.6851799999999999
24.66,-0.744140625,-0.954463076321769,-0.71857421875,-0.6884300000000001
24.664,-0.748046875,-0.9574304040677735,-0.72166015625,-0.6915500000000001
24.669,-0.75,-0.9603977318137762,-0.72484375,-0.69458
24.673,-0.751953125,-0.9633969663097375,-0.7279296875,-0.69787
24.678,-0.755859375,-0.966327829198649,-0.7309375,-0.70099
24.682,-0.759765625,-0.9692267853376002,-0.7339453125,-0.70414
24.686,-0.76220703125,-0.9721485320122394,-0.7369921875,-0.7072799999999999
24.691,-0.76513671875,-0.9750839530082853,-0.7399414062499999,-0.71038
24.695,-0.76953125,-0.9779965834686486,-0.74294921875,-0.7135199999999999
24.699,-0.77197265625,-0.9809320044646945,-0.74595703125,-0.7166699999999999
24.704,-0.77490234375,-0.9838400768179216,-0.74892578125,-0.7196400000000001
24.708,-0.77734375,-0.9867025680997799,-0.7519140624999999,-0.72275
24.712,-0.7802734375,-0.9895924080244605,-0.75490234375,-0.7259
24.717,-0.783203125,-0.9924640155205946,-0.7578125,-0.7290000000000001
24.721,-0.78662109375,-0.995335623016727,-0.76078125,-0.7320800000000001
24.726,-0.78955078125,-0.9981844399771749,-0.76373046875,-0.73508
24.73,-0.79345703125,-1.001092512330402,-0.76673828125,-0.7382
24.734,-0.79638671875,-1.004032491433584,-0.76974609375,-0.7413000000000001
24.739,-0.7978515625,-1.0068767502868976,-0.77267578125,-0.74441
24.743,-0.80224609375,-1.0097164510330732,-0.77572265625,-0.7475400000000001
24.747,-0.80419921875,-1.0125835004220693,-0.77869140625,-0.75048
24.752,-0.80810546875,-1.0154140849539726,-0.78166015625,-0.7535700000000001
24.756,-0.81103515625,-1.018258343807286,-0.7847265625,-0.75671
24.76,-0.81396484375,-1.021143625624827,-0.78771484375,-0.7598
24.765,-0.81689453125,-1.0239559777281837,-0.7908203125,-0.76275
24.769,-0.82080078125,-1.0269005149385038,-0.79396484375,-0.7658499999999999
24.774,-0.8232421875,-1.0298268197202756,-0.7970507812500001,-0.7689699999999999
24.778,-0.82568359375,-1.032707543430682,-0.8002734375,-0.7720499999999999
24.782,-0.828125,-1.0355153374269008,-0.80341796875,-0.77515
24.787,-0.83203125,-1.0383413638516679,-0.8066015625,-0.7782800000000001
24.791,-0.8349609375,-1.041208413240664,-0.8098437500000001,-0.78136
24.796,-0.83837890625,-1.0441119274867532,-0.8131640625,-0.7844500000000001
24.8,-0.841796875,-1.0470564646970733,-0.81654296875,-0.78769
24.804,-0.84423828125,-1.0499098397646591,-0.81984375,-0.79078
24.809,-0.8486328125,-1.0527404242965623,-0.82322265625,-0.79372
24.813,-0.85009765625,-1.0555983574712844,-0.8266210937499999,-0.7968200000000001
24.817,-0.85302734375,-1.058442616324598,-0.8300390625,-0.7999400000000001
24.822,-0.8564453125,-1.0612595265350908,-0.8334765624999999,-0.80301
24.826,-0.85986328125,-1.0640992272812664,-0.83703125,-0.80609
24.831,-0.86279296875,-1.066975392884535,-0.8405859375,-0.8091900000000001
24.835,-0.8662109375,-1.069842442273531,-0.8443359375,-0.81226
24.839,-0.86865234375,-1.0727186078768014,-0.8479882812499999,-0.81535
24.844,-0.8720703125,-1.0755355180872925,-0.8517578124999999,-0.8183100000000001
24.848,-0.8740234375,-1.0783387539763734,-0.85548828125,-0.82141
24.852,-0.87744140625,-1.0811146412226353,-0.8592773437500001,-0.8243499999999999
24.857,-0.88037109375,-1.0838905284688973,-0.8631640625,-0.82744
24.861,-0.8837890625,-1.0867074386793902,-0.8671484375,-0.83053
24.865,-0.88720703125,-1.0895243488898831,-0.8712304687499999,-0.8334600000000001
24.869,-0.88916015625,-1.0923458172075104,-0.8753515625,-0.83653
24.874,-0.89208984375,-1.095149053096593,-0.87947265625,-0.83962
24.878,-0.89501953125,-1.0979021498071724,-0.8835546875,-0.84256
24.882,-0.8974609375,-1.100659804624886,-0.8877734374999999,-0.8454699999999999
24.887,-0.9013671875,-1.103513179692472,-0.8917578125,-0.8486800000000001
24.891,-0.904296875,-1.1062936250458701,-0.89580078125,-0.8515999999999999
24.896,-0.908203125,-1.1091606744348663,-0.8998632812499999,-0.8546400000000001
24.9,-0.91064453125,-1.11208697921664,-0.90376953125,-0.8578300000000001
24.904,-0.91259765625,-1.1149038894271328,-0.90755859375,-0.8608899999999999
24.909,-0.91552734375,-1.1176752185662568,-0.91142578125,-0.86395
24.913,-0.9189453125,-1.1205513841695272,-0.91505859375,-0.867
24.918,-0.92138671875,-1.1233135970943788,-0.91853515625,-0.8700600000000001
24.922,-0.9248046875,-1.126053019483546,-0.9219921875,-0.87311
24.926,-0.92822265625,-1.1288653715869028,-0.92533203125,-0.87615
24.931,-0.93115234375,-1.1316184682974786,-0.928671875,-0.87907
24.935,-0.93408203125,-1.1344399366151094,-0.93193359375,-0.88212
24.939,-0.9375,-1.1372431725041903,-0.93513671875,-0.88517
24.944,-0.9404296875,-1.1400783151432297,-0.9383203124999999,-0.8882300000000001
24.948,-0.94287109375,-1.1428815510323123,-0.94134765625,-0.89116
24.952,-0.9462890625,-1.1456574382785742,-0.94431640625,-0.89421
24.957,-0.94921875,-1.1484424417391086,-0.94724609375,-0.8972500000000001
24.961,-0.95263671875,-1.1512502357353274,-0.9501953125,-0.9003099999999999
24.966,-0.95556640625,-1.1541081689100494,-0.9531835937500001,-0.9033599999999999
24.97,-0.95849609375,-1.157075496656054,-0.95607421875,-0.9065399999999999
24.975,-0.96142578125,-1.1599926852235534,-0.9589453124999999,-0.9096
24.979,-0.96435546875,-1.162882525148234,-0.96171875,-0.91279
24.984,-0.966796875,-1.1656857610373166,-0.96431640625,-0.9158299999999999
24.988,-0.970703125,-1.1684388577478941,-0.9669335937500001,-0.9188799999999999
24.992,-0.97314453125,-1.1712193031012923,-0.969453125,-0.92181
24.996,-0.9765625,-1.1739678417047337,-0.9720507812500001,-0.9248400000000001
25.001,-0.9794921875,-1.17676651948668,-0.97458984375,-0.9277299999999999
25.005,-0.982421875,-1.1795651972686247,-0.97708984375,-0.9307799999999999
25.01,-0.98486328125,-1.1823182939792023,-0.9795898437499999,-0.9338200000000001
25.014,-0.98828125,-1.1850941812254643,-0.9821679687499999,-0.93672
25.018,-0.99072265625,-1.1880159279001,-0.98474609375,-0.9399
25.023,-0.994140625,-1.1909103259319185,-0.98712890625,-0.94309
25.027,-0.99755859375,-1.1936953293924528,-0.98955078125,-0.94613
25.032,-1.0009765625,-1.1965076814958078,-0.9919140625,-0.94931
25.036,-1.0029296875,-1.1992835687420698,-0.9942578125000001,-0.95207
25.04,-1.00732421875,-1.2020457816669214,-0.99662109375,-0.9551000000000001
25.045,-1.01025390625,-1.204880924305959,-0.99896484375,-0.95827
25.049,-1.01220703125,-1.2076841601950417,-1.0013085937500001,-0.96118
25.053,-1.0146484375,-1.2104600474413036,-1.003671875,-0.96409
25.058,-1.017578125,-1.213222260366157,-1.0059375000000002,-0.96725
25.062,-1.02197265625,-1.2159935895052811,-1.008203125,-0.97015
25.066,-1.0244140625,-1.218764918644407,-1.0105078125,-0.97319
25.071,-1.0283203125,-1.221581828854898,-1.0128320312499999,-0.97621
25.075,-1.03076171875,-1.2244124133868013,-1.0151171875,-0.97909
25.079,-1.03271484375,-1.227170068204515,-1.0174218750000001,-0.98211
25.084,-1.03564453125,-1.2299322811293667,-1.019765625,-0.98514
25.088,-1.03955078125,-1.2327856561969526,-1.022109375,-0.98815
25.093,-1.04296875,-1.235657263693085,-1.024375,-0.99131
25.097,-1.0458984375,-1.2384513833678934,-1.02662109375,-0.99433
25.101,-1.04931640625,-1.2412409449355657,-1.0289257812500001,-0.9972
25.106,-1.05224609375,-1.244071529467469,-1.03134765625,-1.0002
25.11,-1.05517578125,-1.2470707639634284,-1.033671875,-1.0033400000000001
25.115,-1.05810546875,-1.2498876741739213,-1.03591796875,-1.00636
25.119,-1.06005859375,-1.2526362127773627,-1.03818359375,-1.00922
25.123,-1.06396484375,-1.2553893094879403,-1.0404296875,-1.01224
25.128,-1.06640625,-1.2581834291627505,-1.0427734375,-1.01526
25.132,-1.06982421875,-1.2609638745161469,-1.045078125,-1.01813
25.136,-1.07373046875,-1.2637579941909571,-1.04748046875,-1.02115
25.141,-1.076171875,-1.2666204854728154,-1.04984375,-1.0241799999999999
25.145,-1.0791015625,-1.2694054889333515,-1.0522265625,-1.02709
25.149,-1.08203125,-1.2721813761796135,-1.0547265625,-1.0301200000000001
25.154,-1.08544921875,-1.275057541782882,-1.05716796875,-1.03319
25.158,-1.08837890625,-1.2779063587433317,-1.059609375,-1.03624
25.162,-1.09130859375,-1.2807095946324125,-1.062265625,-1.03932
25.167,-1.0947265625,-1.2836997129141015,-1.0648046875,-1.04253
25.171,-1.0986328125,-1.2865530879816856,-1.06736328125,-1.04548
25.176,-1.1015625,-1.2894110211564094,-1.0699414062500001,-1.0485600000000002
25.18,-1.10400390625,-1.2922279313669023,-1.07251953125,-1.05152
25.184,-1.10693359375,-1.2950129348274366,-1.07517578125,-1.05463
25.189,-1.109375,-1.2978344031450657,-1.0778515625,-1.05772
25.193,-1.11328125,-1.3006467552484207,-1.0805859375,-1.0606900000000001
25.197,-1.11669921875,-1.3035183627445548,-1.0833984374999999,-1.0638100000000001
25.202,-1.1201171875,-1.3064127607763698,-1.08625,-1.06691
25.206,-1.12255859375,-1.3092706939510919,-1.08904296875,-1.07001
25.21,-1.12548828125,-1.312064813625902,-1.09193359375,-1.0729899999999999
25.214,-1.1279296875,-1.3148498170864364,-1.0948828125,-1.07596
25.219,-1.13232421875,-1.3177077502611603,-1.0979296875000002,-1.0790600000000001
25.223,-1.1357421875,-1.3206477293643442,-1.10107421875,-1.08217
25.228,-1.13818359375,-1.3235694760389798,-1.1043164062500002,-1.08529
25.232,-1.1416015625,-1.3265960591777617,-1.10759765625,-1.08853
25.237,-1.14501953125,-1.3294950153167147,-1.1109179687500002,-1.0916299999999999
25.241,-1.14794921875,-1.3323894133485314,-1.11423828125,-1.09474
25.245,-1.15087890625,-1.3352792532732103,-1.1176953125,-1.0978400000000001
25.25,-1.154296875,-1.3381554188764806,-1.12126953125,-1.10081
25.254,-1.15673828125,-1.3410817236582524,-1.1248828125,-1.10406
25.258,-1.16015625,-1.3439487730472504,-1.128515625,-1.10702
25.263,-1.16357421875,-1.3468067062219724,-1.13236328125,-1.11012
25.267,-1.16650390625,-1.3497238947894719,-1.13623046875,-1.11321
25.271,-1.1689453125,-1.3526046184998783,-1.1402343750000001,-1.11629
25.276,-1.1728515625,-1.3554579935674642,-1.1443750000000001,-1.1192199999999999
25.28,-1.17626953125,-1.3583569497064172,-1.1488671875,-1.1223100000000001
25.285,-1.17919921875,-1.3613972071666076,-1.1532421875,-1.12554
25.289,-1.18115234375,-1.3642232335913747,-1.1577734375000002,-1.12862
25.293,-1.1845703125,-1.3670720505518243,-1.16248046875,-1.13155
25.298,-1.1884765625,-1.370002913440734,-1.1673828125,-1.13463
25.302,-1.19189453125,-1.372892753365413,-1.1724804687500001,-1.13769
25.306,-1.1953125,-1.375841848682871,-1.1779296875,-1.1407500000000002
25.311,-1.1982421875,-1.3788319669645581,-1.18345703125,-1.14383
25.315,-1.201171875,-1.3817537136391937,-1.18919921875,-1.1469200000000002
25.32,-1.20458984375,-1.3847347157066086,-1.1950390625,-1.15016
25.324,-1.20703125,-1.3876929272383407,-1.20115234375,-1.15324
25.329,-1.21044921875,-1.3906420225557952,-1.2070703125,-1.15632
25.333,-1.21435546875,-1.3935911178732532,-1.21287109375,-1.15941
25.337,-1.216796875,-1.3964946321193423,-1.21875,-1.16248
25.342,-1.22021484375,-1.3994346112225262,-1.2244140625,-1.16554
25.346,-1.22412109375,-1.4023837065399842,-1.2301171874999999,-1.16862
25.351,-1.2265625,-1.405442196428723,-1.23591796875,-1.17184
25.355,-1.2294921875,-1.408423198496136,-1.24125,-1.1749100000000001
25.359,-1.232421875,-1.4112993640994045,-1.24638671875,-1.17798
25.364,-1.23583984375,-1.4141618553812663,-1.2513281250000001,-1.1809
25.368,-1.2392578125,-1.4170653696273554,-1.2562304687499999,-1.18394
25.372,-1.2421875,-1.419946093337762,-1.26107421875,-1.1868400000000001
25.377,-1.24609375,-1.4228678400123975,-1.26587890625,-1.1899
25.381,-1.2490234375,-1.4258442839726744,-1.2705078125,-1.19296
25.386,-1.251953125,-1.4288024955044065,-1.274921875,-1.19601
25.39,-1.2548828125,-1.4316877773219474,-1.2792578125,-1.19906
25.394,-1.25830078125,-1.4345730591394918,-1.28345703125,-1.20198
25.398,-1.26123046875,-1.4374720152784448,-1.28767578125,-1.20502
25.403,-1.2646484375,-1.4404393430244475,-1.291875,-1.20805
25.407,-1.26806640625,-1.4434157869847262,-1.29587890625,-1.2111
25.412,-1.27099609375,-1.4463785566235945,-1.29984375,-1.21415
25.416,-1.27490234375,-1.4493641167981437,-1.303828125,-1.21719
25.42,-1.27734375,-1.4523405607584206,-1.30759765625,-1.22024
25.425,-1.28076171875,-1.455271423647332,-1.31134765625,-1.22329
25.429,-1.2841796875,-1.4582661000361554,-1.3150781249999999,-1.22631
25.434,-1.28662109375,-1.46123342778216,-1.31880859375,-1.22936
25.438,-1.2900390625,-1.4643147082065813,-1.32232421875,-1.23255
25.442,-1.29345703125,-1.4672182224526704,-1.3257617187500002,-1.2354500000000002
25.447,-1.296875,-1.470112620484489,-1.32916015625,-1.23848
25.451,-1.298828125,-1.4730206928377143,-1.33251953125,-1.24139
25.455,-1.302734375,-1.4758968584409846,-1.33583984375,-1.24443
25.46,-1.3056640625,-1.4788322794370306,-1.33912109375,-1.2473100000000001
25.464,-1.30908203125,-1.481790490968761,-1.3424609375,-1.25035
25.469,-1.31201171875,-1.4848261903218152,-1.34572265625,-1.25353
25.473,-1.31591796875,-1.4878254248177765,-1.3488671875,-1.25655
25.477,-1.3193359375,-1.490801868778055,-1.3519531249999999,-1.2595800000000001
25.482,-1.322265625,-1.4937327316669649,-1.3551171875,-1.26246
25.486,-1.3251953125,-1.496768431020019,-1.35818359375,-1.26562
25.491,-1.328125,-1.499749433087434,-1.361171875,-1.26864
25.495,-1.33154296875,-1.5026848540834798,-1.36427734375,-1.2716699999999999
25.499,-1.33447265625,-1.5056977629008514,-1.3672265625,-1.27471
25.504,-1.33837890625,-1.5086286257897612,-1.3701953125,-1.27774
25.508,-1.34130859375,-1.5116187440714484,-1.373125,-1.28077
25.512,-1.34521484375,-1.5145587231746322,-1.3760742187500001,-1.2836699999999999
25.517,-1.34814453125,-1.5175169347063626,-1.3790039062500001,-1.2867
25.521,-1.35107421875,-1.520475146238093,-1.38197265625,-1.2896100000000001
25.525,-1.353515625,-1.5234333577698234,-1.38486328125,-1.29267
25.53,-1.357421875,-1.5263551044444608,-1.3878125000000001,-1.29573
25.534,-1.3603515625,-1.529345222726148,-1.3907617187499999,-1.29879
25.538,-1.3642578125,-1.532339899114973,-1.3936328125,-1.30186
25.543,-1.3671875,-1.5353391336109325,-1.39658203125,-1.3049300000000001
25.547,-1.37060546875,-1.5383110194640732,-1.3994921875,-1.3078400000000001
25.552,-1.3740234375,-1.5413193701743069,-1.40236328125,-1.3109
25.556,-1.376953125,-1.5442912560274475,-1.40529296875,-1.3139699999999999
25.56,-1.3798828125,-1.5472676999877262,-1.40822265625,-1.31691
25.565,-1.38232421875,-1.5502623763765513,-1.4111328125,-1.3201100000000001
25.569,-1.3857421875,-1.5532251460154178,-1.41404296875,-1.3230300000000002
25.573,-1.3896484375,-1.5562289386185153,-1.41701171875,-1.32609
25.578,-1.3935546875,-1.5593102190429367,-1.4200781249999999,-1.32926
25.582,-1.396484375,-1.5624006156816321,-1.423046875,-1.3323
25.587,-1.39892578125,-1.5654408731418243,-1.4260546875,-1.33534
25.591,-1.40283203125,-1.5684401076377839,-1.428984375,-1.33839
25.595,-1.4052734375,-1.5713664124195592,-1.43193359375,-1.34142
25.6,-1.40966796875,-1.5743382982726999,-1.43486328125,-1.3443399999999999
25.604,-1.41259765625,-1.5773101841258406,-1.4378515625000001,-1.3474
25.608,-1.41552734375,-1.5802866280861174,-1.440859375,-1.35031
25.613,-1.41943359375,-1.583294978796351,-1.4440234374999998,-1.35335
25.617,-1.4228515625,-1.586394491649319,-1.4470703125,-1.35642
25.622,-1.42578125,-1.589389168038144,-1.4501953125,-1.35948
25.626,-1.42919921875,-1.5923975187483776,-1.45328125,-1.3625500000000001
25.63,-1.43212890625,-1.595396753244339,-1.45654296875,-1.3654899999999999
25.635,-1.4345703125,-1.5984552431330776,-1.4596875,-1.3687
25.639,-1.43896484375,-1.6014362452004907,-1.4629101562499998,-1.3716300000000001
25.643,-1.4423828125,-1.6044673864464087,-1.4661914062499999,-1.3747099999999999
25.648,-1.44580078125,-1.607471179049508,-1.46947265625,-1.3778000000000001
25.652,-1.4482421875,-1.6104840878668778,-1.4727734375000001,-1.38073
25.656,-1.45166015625,-1.6134605318271547,-1.4761523437500002,-1.3838
25.661,-1.45556640625,-1.6164962311802107,-1.4796484374999999,-1.3868800000000001
25.665,-1.45849609375,-1.619618534568863,-1.483125,-1.3899599999999999
25.669,-1.4619140625,-1.6226679082433275,-1.48673828125,-1.39302
25.674,-1.4658203125,-1.6257902116319798,-1.4903515625,-1.39612
25.678,-1.46923828125,-1.6288988406992218,-1.494140625,-1.39919
25.683,-1.4716796875,-1.632071283266379,-1.49791015625,-1.4024
25.687,-1.474609375,-1.635129773155116,-1.50169921875,-1.40547
25.692,-1.478515625,-1.6382247279009494,-1.50564453125,-1.40856
25.696,-1.48193359375,-1.6413060083253708,-1.50953125,-1.4116300000000002
25.7,-1.4853515625,-1.6443280333570147,-1.513515625,-1.41471
25.705,-1.48876953125,-1.6474366624242567,-1.51771484375,-1.41781
25.709,-1.4921875,-1.6506273374199605,-1.52171875,-1.4210500000000001
25.714,-1.49560546875,-1.6537131759515198,-1.5257421875000001,-1.42411
25.718,-1.4990234375,-1.6567944563759411,-1.5296875,-1.42721
25.722,-1.5029296875,-1.6598392719432677,-1.5335546875,-1.43015
25.727,-1.50537109375,-1.6628795294034617,-1.5373828125,-1.43324
25.731,-1.50830078125,-1.6659380192921986,-1.5411523437499999,-1.4361899999999999
25.735,-1.5126953125,-1.6690056253952097,-1.54486328125,-1.4393099999999999
25.74,-1.515625,-1.6721142544624517,-1.548515625,-1.44242
25.744,-1.51904296875,-1.6752319997439677,-1.55203125,-1.4455200000000001
25.748,-1.5234375,-1.6782950477398444,-1.555546875,-1.44863
25.753,-1.52685546875,-1.6814355835570431,-1.5589648437499999,-1.4516
25.757,-1.529296875,-1.684535096410011,-1.56228515625,-1.45471
25.761,-1.53271484375,-1.6876254930487065,-1.56564453125,-1.45783
25.766,-1.53662109375,-1.690802493723,-1.5688281249999998,-1.46099
25.77,-1.5390625,-1.6938928903616937,-1.57201171875,-1.46413
25.775,-1.54296875,-1.6970197518574839,-1.57505859375,-1.46726
25.779,-1.546875,-1.7001374971389982,-1.5780664062499998,-1.47025
25.783,-1.55078125,-1.703282591063335,-1.581015625,-1.47339
25.788,-1.55419921875,-1.7064185687733993,-1.5839843750000002,-1.47652
25.792,-1.5576171875,-1.7096867315904252,-1.586875,-1.47964
25.796,-1.56005859375,-1.7128728484789928,-1.58970703125,-1.48279
25.801,-1.5634765625,-1.7160225005104657,-1.5924023437500001,-1.48594
25.805,-1.5673828125,-1.7191083390420232,-1.5950390625,-1.48907
25.81,-1.5712890625,-1.7222625491806323,-1.59767578125,-1.49207
25.814,-1.57470703125,-1.7254122012121051,-1.6003515625,-1.49519
25.818,-1.578125,-1.7286256667434916,-1.6029296875,-1.4983
25.823,-1.5810546875,-1.7318117836320575,-1.6054296875,-1.50141
25.827,-1.58447265625,-1.7349295289135735,-1.60791015625,-1.5044
25.831,-1.58740234375,-1.7380427160879517,-1.6103710937500002,-1.50753
25.836,-1.591796875,-1.7412333910836555,-1.6128125000000002,-1.51064
25.84,-1.5947265625,-1.7444012755436749,-1.6151953125,-1.51363
25.844,-1.5986328125,-1.7475372532537374,-1.6176562499999998,-1.51676
25.849,-1.60205078125,-1.7508054160707651,-1.6199999999999999,-1.5199
25.853,-1.60546875,-1.7539778586379224,-1.62234375,-1.52301
25.857,-1.60888671875,-1.7571548593122142,-1.6246874999999998,-1.52616
25.862,-1.61181640625,-1.7602908370222767,-1.6269921875000002,-1.5291700000000001
25.866,-1.61572265625,-1.7634860701251167,-1.6292578125000001,-1.53231
25.87,-1.61962890625,-1.7667132099779135,-1.6315625,-1.5354700000000001
25.875,-1.62255859375,-1.7698947687593432,-1.6337890625,-1.53863
25.879,-1.626953125,-1.7730900018621831,-1.636015625,-1.5416400000000001
25.883,-1.6298828125,-1.7763080255007058,-1.6382617187500002,-1.5447899999999999
25.888,-1.63330078125,-1.7794987004964096,-1.6404882812500001,-1.54796
25.892,-1.63671875,-1.7826711430635651,-1.6426757812500001,-1.551
25.896,-1.640625,-1.7858344694164483,-1.6448828125,-1.55403
25.901,-1.6435546875,-1.789066167376383,-1.6470703125,-1.55734
25.905,-1.6474609375,-1.7923069815505883,-1.64927734375,-1.56037
25.909,-1.65087890625,-1.7955660281533437,-1.651484375,-1.56354
25.914,-1.6552734375,-1.7988296328632334,-1.6536914062499999,-1.56671
25.918,-1.65869140625,-1.8021023537873972,-1.6558984374999999,-1.56989
25.922,-1.66162109375,-1.8053750747115611,-1.6581054687499999,-1.57324
25.927,-1.66455078125,-1.8086295632071785,-1.66025390625,-1.57629
25.931,-1.66845703125,-1.811806563881472,-1.6623828125,-1.57951
25.935,-1.671875,-1.8149790064486275,-1.66453125,-1.58243
25.94,-1.67626953125,-1.8182015881942881,-1.6666796875,-1.58578
25.944,-1.6796875,-1.8214469604756314,-1.66884765625,-1.5888499999999999
25.948,-1.68310546875,-1.824792611113983,-1.67109375,-1.59209
25.953,-1.68701171875,-1.8280926806809674,-1.6732421874999999,-1.5953300000000001
25.957,-1.6904296875,-1.831365401605133,-1.6754296874999999,-1.5985800000000001
25.961,-1.693359375,-1.8346654711721158,-1.6775390625,-1.60183
25.966,-1.69677734375,-1.837915401560597,-1.6796484375,-1.60507
25.97,-1.70068359375,-1.84114709952053,-1.68185546875,-1.60816
25.975,-1.70458984375,-1.8444699596231988,-1.6841015625,-1.61141
25.979,-1.708984375,-1.8478520751186434,-1.6863476562500002,-1.61466
25.983,-1.71240234375,-1.8512296325069517,-1.6885546875000002,-1.61791
25.988,-1.71484375,-1.8545114696453897,-1.6908203125,-1.62118
25.992,-1.7177734375,-1.857806981105238,-1.6930859375,-1.62443
25.996,-1.72265625,-1.8611116087793587,-1.69533203125,-1.62767
26.001,-1.72607421875,-1.8644253526677534,-1.697578125,-1.63092
26.005,-1.72900390625,-1.8676661668419605,-1.6998828125,-1.63403
26.009,-1.73388671875,-1.8709844688374915,-1.70224609375,-1.6372900000000001
26.014,-1.73681640625,-1.8743437937972534,-1.7045703125,-1.64056
26.018,-1.740234375,-1.8776529795785102,-1.7069531249999998,-1.64386
26.023,-1.74365234375,-1.8809211423955396,-1.70935546875,-1.64699
26.027,-1.74658203125,-1.8842257700696603,-1.711796875,-1.65025
26.031,-1.75,-1.8875121653152345,-1.71423828125,-1.65354
26.036,-1.75390625,-1.8907848862393983,-1.716640625,-1.65682
26.04,-1.75732421875,-1.8940165841993313,-1.7191796875,-1.65995
26.044,-1.76123046875,-1.8973257699805899,-1.7217578125,-1.66323
26.049,-1.765625,-1.9006714206189415,-1.7243164062499998,-1.66655
26.053,-1.76806640625,-1.903925909114557,-1.7269335937499999,-1.66985
26.057,-1.77197265625,-1.9072305367886795,-1.7295898437500001,-1.67301
26.062,-1.77490234375,-1.9105123739271157,-1.7322656250000001,-1.67631
26.066,-1.7783203125,-1.9138033272798278,-1.7350390625,-1.6796
26.07,-1.78271484375,-1.9171535360253156,-1.7378125,-1.68288
26.075,-1.78662109375,-1.9204536055923,-1.74064453125,-1.68619
26.079,-1.79052734375,-1.923808372444924,-1.7435742187499998,-1.68948
26.083,-1.79345703125,-1.9271175582261826,-1.7465234374999998,-1.69263
26.088,-1.796875,-1.9304130696860309,-1.74947265625,-1.69593
26.092,-1.7998046875,-1.9336447676459638,-1.7525000000000002,-1.69909
26.096,-1.8037109375,-1.9369038142487192,-1.75560546875,-1.70237
26.101,-1.80712890625,-1.9402038838157019,-1.75876953125,-1.70563
26.105,-1.8115234375,-1.943503953382688,-1.7620703125,-1.70878
26.109,-1.8154296875,-1.9468541621281759,-1.76548828125,-1.71205
26.114,-1.81884765625,-1.9502545100521669,-1.7689648437499998,-1.71532
26.118,-1.8212890625,-1.9535682539405617,-1.7725390625000002,-1.7186
26.122,-1.82470703125,-1.9568364167575893,-1.7761328125,-1.72189
26.127,-1.828125,-1.960095463360343,-1.77978515625,-1.72499
26.131,-1.83203125,-1.9633499518559603,-1.7837890625,-1.72825
26.136,-1.8359375,-1.9667822065299099,-1.7877343749999999,-1.73153
26.14,-1.83935546875,-1.9700549274540737,-1.7917968750000002,-1.73478
26.144,-1.84375,-1.973345880806784,-1.79607421875,-1.73788
26.149,-1.84716796875,-1.976705205766546,-1.8003906250000001,-1.74114
26.153,-1.85009765625,-1.9800007172263943,-1.80486328125,-1.7444
26.157,-1.85302734375,-1.9832871124719684,-1.8094726562499999,-1.74749
26.162,-1.85693359375,-1.986582623931815,-1.81419921875,-1.75074
26.166,-1.8603515625,-1.9898325543202962,-1.81919921875,-1.754
26.17,-1.86376953125,-1.9931280657801445,-1.82439453125,-1.75709
26.175,-1.8681640625,-1.9964463677756754,-1.8297656249999998,-1.76031
26.179,-1.87109375,-1.9997236468069772,-1.8353125,-1.76357
26.183,-1.87451171875,-2.003028274481098,-1.84095703125,-1.76668
26.187,-1.8779296875,-2.0063374602623547,-1.8466796874999998,-1.76993
26.192,-1.88134765625,-2.009673994686432,-1.8523828125,-1.77319
26.196,-1.8857421875,-2.013033319646194,-1.85796875,-1.77648
26.201,-1.88916015625,-2.0163698540702732,-1.8635546875,-1.77973
26.205,-1.892578125,-2.0197018303872145,-1.86896484375,-1.78299
26.209,-1.8974609375,-2.023038364811292,-1.874296875,-1.78628
26.214,-1.89990234375,-2.0263475505925506,-1.87958984375,-1.78942
26.218,-1.90283203125,-2.029684085016628,-1.88478515625,-1.79269
26.222,-1.90673828125,-2.033011503226433,-1.8897265625000002,-1.7960099999999999
26.227,-1.91064453125,-2.036325247114828,-1.89466796875,-1.79933
26.231,-1.9140625,-2.039657223431769,-1.8996289062499998,-1.80263
26.236,-1.91845703125,-2.0431122686414014,-1.90443359375,-1.80594
26.24,-1.9228515625,-2.046549081422487,-1.9090429687500001,-1.80941
26.245,-1.92529296875,-2.0499357550250696,-1.91349609375,-1.81271
26.249,-1.9287109375,-2.053222150270644,-1.9178515624999999,-1.81585
26.253,-1.93115234375,-2.0564948711948077,-1.9220703124999998,-1.81919
26.257,-1.9345703125,-2.0597265691547424,-1.9261328125000001,-1.82236
26.262,-1.93798828125,-2.0629263603647185,-1.9302539062500002,-1.82552
26.266,-1.94189453125,-2.066303917753027,-1.93431640625,-1.82897
26.271,-1.9462890625,-2.0696085454271476,-1.93818359375,-1.83227
26.275,-1.94921875,-2.072917731208406,-1.942109375,-1.83537
26.279,-1.95263671875,-2.076231475096799,-1.9459765625,-1.83863
26.284,-1.9560546875,-2.0796181486993817,-1.94970703125,-1.84205
26.288,-1.95849609375,-2.082909102052094,-1.9534765625,-1.8453
26.293,-1.962890625,-2.086309449976085,-1.9570117187499998,-1.84869
26.297,-1.96630859375,-2.0895821709002504,-1.960546875,-1.85192
26.302,-1.96923828125,-2.092873124252961,-1.9640234375,-1.85512
26.306,-1.97314453125,-2.096200542462766,-1.9674023437500001,-1.8583
26.31,-1.97705078125,-2.099468705279792,-1.97078125,-1.86149
26.315,-1.98046875,-2.102809797811007,-1.9742578125,-1.86467
26.319,-1.9833984375,-2.106210145735,-1.97763671875,-1.86799
26.324,-1.98681640625,-2.109578586909034,-1.9809375,-1.87131
26.328,-1.990234375,-2.112846749726062,-1.9841015625,-1.87448
26.333,-1.99365234375,-2.1161012382216793,-1.98736328125,-1.87763
26.337,-1.99609375,-2.1193420523958864,-1.99046875,-1.88092
26.342,-2.0,-2.122523611177316,-1.993515625,-1.88408
26.346,-2.00439453125,-2.1257279604944284,-1.9965625,-1.88707
26.35,-2.00732421875,-2.1289687746686354,-1.9995898437500002,-1.8902
26.355,-2.0107421875,-2.1321138685929704,-2.002734375,-1.89334
26.359,-2.013671875,-2.1354230543742307,-2.00576171875,-1.89646
26.363,-2.0166015625,-2.1385544739771554,-2.008828125,-1.8995900000000001
26.368,-2.0205078125,-2.1418089624727727,-2.01181640625,-1.90285
26.372,-2.0234375,-2.1449494982899733,-2.01478515625,-1.90584
26.377,-2.02783203125,-2.148167521928496,-2.0177734375000003,-1.90894
26.381,-2.03173828125,-2.1514174523169753,-2.0208203125,-1.91206
26.385,-2.03515625,-2.1546263597412274,-2.02380859375,-1.91517
26.39,-2.0380859375,-2.157839825272612,-2.02677734375,-1.91827
26.394,-2.041015625,-2.1610168259469056,-2.02970703125,-1.9213500000000001
26.399,-2.04345703125,-2.1641208969070114,-2.03263671875,-1.92431
26.403,-2.04736328125,-2.1672295259742533,-2.03560546875,-1.92741
26.407,-2.05029296875,-2.1703928523271365,-2.0384765625,-1.93048
26.412,-2.0546875,-2.1735105976086526,-2.041484375,-1.93357
26.416,-2.05810546875,-2.176733179354313,-2.04443359375,-1.93666
26.42,-2.06103515625,-2.179914738135741,-2.04740234375,-1.93971
26.425,-2.06494140625,-2.183114529345719,-2.0504882812500003,-1.94275
26.429,-2.0673828125,-2.186387250269883,-2.05349609375,-1.94582
26.434,-2.06982421875,-2.1895596928370384,-2.0565625,-1.94887
26.438,-2.07275390625,-2.1926865543328287,-2.0594921875,-1.9519
26.442,-2.0771484375,-2.1957541604358397,-2.0624609375,-1.95494
26.447,-2.08056640625,-2.198876463824492,-2.06548828125,-1.958
26.451,-2.08447265625,-2.2020443482845113,-2.0684375,-1.96102
26.456,-2.0888671875,-2.205225907065941,-2.0715234375000002,-1.96403
26.46,-2.0908203125,-2.2084302563830533,-2.07458984375,-1.96705
26.464,-2.0927734375,-2.2115115368074765,-2.0776953125,-1.97006
26.469,-2.0966796875,-2.2147705834102283,-2.0808984375,-1.9732
26.473,-2.10009765625,-2.217833631406105,-2.08408203125,-1.97621
26.478,-2.1025390625,-2.2210060739732604,-2.08716796875,-1.97937
26.482,-2.107421875,-2.2242195395046487,-2.09046875,-1.98249
26.487,-2.1103515625,-2.2273281685718906,-2.093671875,-1.98549
26.491,-2.1142578125,-2.2304459138534067,-2.09701171875,-1.98834
26.496,-2.11669921875,-2.2336365888491088,-2.10037109375,-1.9915
26.5,-2.12109375,-2.2368546124876314,-2.10376953125,-1.99462
26.505,-2.1240234375,-2.239999706411968,-2.10708984375,-1.99764
26.509,-2.12646484375,-2.2430536381935706,-2.1103906250000004,-2.00066
26.513,-2.12890625,-2.246043756475256,-2.1137695312500004,-2.00355
26.518,-2.1328125,-2.249042990971219,-2.117109375,-2.00655
26.522,-2.1357421875,-2.2520331092529045,-2.12056640625,-2.00957
26.526,-2.1396484375,-2.25504145996314,-2.12408203125,-2.01244
26.531,-2.1435546875,-2.2581045079590165,-2.127734375,-2.01545
26.535,-2.1455078125,-2.2611994627048464,-2.13140625,-2.01847
26.539,-2.1484375,-2.264212371522218,-2.13529296875,-2.02151
26.544,-2.15234375,-2.2673984884107856,-2.13912109375,-2.02468
26.548,-2.15576171875,-2.2704524201923846,-2.14296875,-2.02769
26.553,-2.15869140625,-2.273497235759713,-2.14681640625,-2.0307
26.557,-2.16259765625,-2.276532935112769,-2.15078125,-2.03358
26.561,-2.16650390625,-2.2796233317514645,-2.1548828125,-2.03659
26.566,-2.16943359375,-2.2827319608187064,-2.15896484375,-2.03959
26.57,-2.17236328125,-2.2857631020646245,-2.163046875,-2.04261
26.575,-2.1748046875,-2.2887577784534496,-2.1670898437500004,-2.0455
26.579,-2.17724609375,-2.2917433386280006,-2.1710937500000003,-2.04854
26.583,-2.18115234375,-2.2947106663740033,-2.1750390625000002,-2.05155
26.588,-2.185546875,-2.2977600400484697,-2.1789453125000002,-2.05458
26.592,-2.1884765625,-2.3008094137229325,-2.1827539062500003,-2.05746
26.596,-2.19287109375,-2.303854229290261,-2.1865429687500004,-2.06049
26.601,-2.19482421875,-2.3069537421432305,-2.19025390625,-2.06352
26.605,-2.19775390625,-2.3099712090677365,-2.1939062500000004,-2.06657
26.609,-2.201171875,-2.3130069084207925,-2.1974804687500002,-2.06963
26.614,-2.20361328125,-2.3160198172381623,-2.2009375,-2.07267
26.618,-2.2080078125,-2.3190555165912183,-2.20439453125,-2.07558
26.623,-2.21142578125,-2.322186936194143,-2.2077343750000002,-2.07879
26.627,-2.21533203125,-2.325263658511428,-2.2110742187500003,-2.08184
26.631,-2.21875,-2.3284862402570905,-2.214453125,-2.0849
26.636,-2.22216796875,-2.33166779903852,-2.2176171875,-2.08811
26.64,-2.224609375,-2.3347809862128983,-2.2207421875,-2.09118
26.645,-2.22802734375,-2.3377756626017216,-2.2237109375,-2.09427
26.649,-2.23095703125,-2.340784013311957,-2.2266210937500004,-2.09721
26.653,-2.23388671875,-2.3437558991650977,-2.22947265625,-2.1003
26.658,-2.23779296875,-2.346750575553921,-2.23234375,-2.10324
26.662,-2.2412109375,-2.3498090654426598,-2.23515625,-2.10634
26.666,-2.24560546875,-2.3529404850455844,-2.2379882812500003,-2.10942
26.671,-2.248046875,-2.3560536722199643,-2.2407617187500004,-2.11253
26.675,-2.25048828125,-2.359103045894429,-2.2434765625,-2.11564
26.679,-2.25439453125,-2.362143303354621,-2.2461523437500004,-2.11862
26.684,-2.25732421875,-2.365197235136222,-2.2487304687500003,-2.12173
26.688,-2.26123046875,-2.3682101439535934,-2.251328125,-2.12486
26.692,-2.26513671875,-2.371295982485151,-2.2539062500000004,-2.12783
26.697,-2.26904296875,-2.374422843980941,-2.2564648437500003,-2.13095
26.701,-2.271484375,-2.377517798726773,-2.2589843750000003,-2.13409
26.705,-2.2744140625,-2.3805580561869633,-2.26150390625,-2.13708
26.71,-2.27783203125,-2.3836347785042484,-2.26404296875,-2.14024
26.714,-2.28076171875,-2.386734291357218,-2.2665234375,-2.14339
26.719,-2.2841796875,-2.3898246879959135,-2.2691015625,-2.14656
26.723,-2.28857421875,-2.393074618384393,-2.2715234375000004,-2.14987
26.727,-2.2919921875,-2.396201479880183,-2.2740039062500004,-2.15318
26.732,-2.29638671875,-2.3994012710901593,-2.2763867187500004,-2.1562
26.736,-2.298828125,-2.402537248800222,-2.2788281250000004,-2.15938
26.741,-2.30224609375,-2.405732481903062,-2.2812890625000004,-2.16255
26.745,-2.30517578125,-2.4089960866129516,-2.28380859375,-2.1659
26.75,-2.30908203125,-2.4122369007871587,-2.2862109375000004,-2.16923
26.754,-2.31201171875,-2.4153956690329057,-2.28857421875,-2.17242
26.759,-2.3154296875,-2.4185088562072856,-2.29083984375,-2.17561
26.763,-2.318359375,-2.4215536717746122,-2.2931640625000003,-2.1787900000000002
26.767,-2.32275390625,-2.424662300841856,-2.2955078125000004,-2.1821
26.772,-2.32666015625,-2.4278256271947374,-2.29783203125,-2.18497
26.776,-2.32958984375,-2.4309479305833896,-2.30013671875,-2.18813
26.78,-2.33203125,-2.434033769114949,-2.3024609375000002,-2.19146
26.785,-2.33642578125,-2.437146956289327,-2.3048046875000003,-2.19451
26.789,-2.3388671875,-2.440342189392167,-2.3071484375000004,-2.1978400000000002
26.793,-2.34228515625,-2.4434280279237264,-2.30947265625,-2.2008900000000002
26.798,-2.3466796875,-2.4465366569909683,-2.31177734375,-2.20407
26.802,-2.35009765625,-2.449686309022441,-2.3141406250000003,-2.20725
26.806,-2.35302734375,-2.4528086124110935,-2.316484375,-2.21044
26.811,-2.35595703125,-2.45594003201402,-2.3188281250000005,-2.2135
26.815,-2.35986328125,-2.4590714516169445,-2.32125,-2.21671
26.82,-2.36279296875,-2.4622621266126483,-2.3236718750000005,-2.21995
26.824,-2.3662109375,-2.4654619178226245,-2.32619140625,-2.22333
26.829,-2.3701171875,-2.4687437549610625,-2.3287109375000004,-2.2267200000000003
26.833,-2.37353515625,-2.4719344299567645,-2.3311523437500004,-2.22995
26.837,-2.37744140625,-2.4750931982025115,-2.3336523437500003,-2.2332
26.842,-2.38037109375,-2.4782291759125723,-2.3362109375,-2.2363
26.846,-2.3837890625,-2.48141529280114,-2.3387890625000005,-2.23957
26.851,-2.38720703125,-2.4845968515825696,-2.34134765625,-2.24283
26.855,-2.39013671875,-2.4877054806498116,-2.34400390625,-2.24612
26.859,-2.39306640625,-2.4908551326812844,-2.3466015625,-2.24941
26.864,-2.3974609375,-2.4940047847127573,-2.3493164062500003,-2.25271
26.868,-2.4013671875,-2.497190901601323,-2.35205078125,-2.2560000000000002
26.873,-2.4052734375,-2.50041804145412,-2.35482421875,-2.25928
26.877,-2.40771484375,-2.5035950421284134,-2.3575976562500003,-2.26258
26.881,-2.41162109375,-2.5067492522670243,-2.3604687500000003,-2.26572
26.886,-2.41455078125,-2.5099080205127677,-2.3633007812500004,-2.26906
26.89,-2.41796875,-2.5130166495800115,-2.36623046875,-2.27236
26.894,-2.421875,-2.5161799759328947,-2.369140625,-2.27553
26.898,-2.42431640625,-2.519297721214409,-2.3721679687500004,-2.27884
26.903,-2.4287109375,-2.5224336989244733,-2.37525390625,-2.282
26.907,-2.4326171875,-2.525656280670132,-2.37845703125,-2.28529
26.912,-2.435546875,-2.52885607188011,-2.3816796875,-2.28862
26.916,-2.4384765625,-2.5320102820187174,-2.38501953125,-2.29194
26.92,-2.44140625,-2.5351827245858747,-2.3883789062500003,-2.29527
26.925,-2.4462890625,-2.538350609045894,-2.3918359375000002,-2.29846
26.929,-2.44921875,-2.541591423220101,-2.395390625,-2.30178
26.933,-2.453125,-2.5448048887514876,-2.3990234375000004,-2.30511
26.938,-2.45703125,-2.548022912390012,-2.40279296875,-2.30842
26.942,-2.45947265625,-2.5512819589927638,-2.40669921875,-2.31175
26.947,-2.462890625,-2.5545501218097932,-2.4106835937500004,-2.31522
26.951,-2.46630859375,-2.557768145448316,-2.4147851562500002,-2.31856
26.955,-2.46875,-2.560913239372651,-2.4188867187500005,-2.32174
26.96,-2.47265625,-2.564044658975577,-2.42322265625,-2.32508
26.964,-2.47607421875,-2.5672034272213224,-2.42765625,-2.32839
26.968,-2.47998046875,-2.57038954410989,-2.4322460937500003,-2.33172
26.973,-2.4833984375,-2.573566544784182,-2.4371484375000003,-2.33487
26.977,-2.48779296875,-2.5768438238154836,-2.44244140625,-2.3383599999999998
26.982,-2.4912109375,-2.580257846060885,-2.4476562500000005,-2.34183
26.986,-2.49365234375,-2.583466753485135,-2.453046875,-2.34519
26.991,-2.4970703125,-2.586652870373703,-2.45859375,-2.34852
26.995,-2.50048828125,-2.5898617777979513,-2.4643945312500004,-2.3518499999999998
26.999,-2.50390625,-2.593011429829426,-2.4703906250000003,-2.35503
27.004,-2.5078125,-2.596206662932264,-2.4765429687500005,-2.35835
27.008,-2.51123046875,-2.599397337927968,-2.4828125,-2.36167
27.012,-2.51513671875,-2.602638152102175,-2.4890039062500002,-2.365
27.017,-2.51904296875,-2.605865291954972,-2.4952539062500003,-2.36834
27.021,-2.52099609375,-2.6090924318077686,-2.5013671875000005,-2.37168
27.026,-2.5244140625,-2.6122967811248827,-2.5072265625,-2.37501
27.03,-2.5283203125,-2.6154874561205848,-2.51318359375,-2.37835
27.034,-2.53173828125,-2.6187191540805195,-2.51888671875,-2.3816800000000002
27.039,-2.5361328125,-2.621923503397632,-2.5244140625,-2.38484
27.043,-2.53955078125,-2.625127852714746,-2.5300000000000002,-2.38817
27.047,-2.54296875,-2.6284598290316854,-2.53541015625,-2.39166
27.052,-2.5458984375,-2.6317097594201666,-2.5406445312500003,-2.395
27.056,-2.5498046875,-2.634936899272965,-2.5456250000000002,-2.39834
27.061,-2.552734375,-2.6381321323758034,-2.5504687500000003,-2.40154
27.065,-2.55615234375,-2.6413000168358245,-2.5551953125000004,-2.40487
27.069,-2.56005859375,-2.644508924260075,-2.5598046875000002,-2.40819
27.074,-2.56396484375,-2.6477269478985974,-2.564375,-2.41136
27.078,-2.5673828125,-2.6510179012513078,-2.56888671875,-2.41466
27.082,-2.5703125,-2.654295180282608,-2.5731640625000005,-2.41813
27.087,-2.5732421875,-2.657499529599722,-2.5775,-2.42128
27.091,-2.57666015625,-2.660694762702562,-2.5815625000000004,-2.4245900000000002
27.095,-2.57958984375,-2.6638352985197606,-2.5855664062500003,-2.42789
27.1,-2.5830078125,-2.6669849505512335,-2.5895312500000003,-2.43103
27.104,-2.58740234375,-2.6701756255469355,-2.5934179687500003,-2.43431
27.108,-2.5908203125,-2.6733298356855464,-2.5972070312500004,-2.43758
27.113,-2.59375,-2.676506836359838,-2.60099609375,-2.44069
27.117,-2.59716796875,-2.6796838370341316,-2.6048046875,-2.44397
27.121,-2.60009765625,-2.6829200931012025,-2.6084179687500004,-2.4472300000000002
27.126,-2.60302734375,-2.686037838382717,-2.6120117187500003,-2.45053
27.13,-2.60693359375,-2.6892193971641483,-2.61564453125,-2.4538
27.135,-2.61083984375,-2.6925194667311327,-2.61916015625,-2.45707
27.139,-2.615234375,-2.6957055836196986,-2.6225585937500004,-2.46034
27.143,-2.61767578125,-2.698878026186854,-2.6259375000000005,-2.46346
27.148,-2.6220703125,-2.702036794432601,-2.6293164062500005,-2.46673
27.152,-2.6240234375,-2.7052411437497135,-2.6326171875,-2.4700100000000003
27.156,-2.6279296875,-2.708427260638281,-2.6358593750000003,-2.47314
27.161,-2.630859375,-2.711617935633985,-2.63912109375,-2.47643
27.165,-2.63427734375,-2.71476302955832,-2.6423046875000002,-2.4797000000000002
27.169,-2.63818359375,-2.717930914018339,-2.64548828125,-2.48297
27.174,-2.6416015625,-2.7211079146926327,-2.6486718750000002,-2.48609
27.178,-2.6455078125,-2.724275799152652,-2.6518359375,-2.48935
27.182,-2.64892578125,-2.727466474148356,-2.6550000000000002,-2.49247
27.187,-2.6513671875,-2.7306799396797423,-2.6583593750000003,-2.49574
27.191,-2.65478515625,-2.7340347065323662,-2.66146484375,-2.49915
27.196,-2.65771484375,-2.7371889166709753,-2.6646093750000004,-2.5023999999999997
27.2,-2.662109375,-2.7403568011309947,-2.66767578125,-2.5056599999999998
27.204,-2.666015625,-2.743529243698152,-2.6708203125,-2.50892
27.209,-2.67041015625,-2.7467882903009055,-2.6739453125,-2.5121700000000002
27.213,-2.67333984375,-2.7501521733678054,-2.677109375,-2.5154199999999998
27.218,-2.67626953125,-2.753406661863421,-2.68025390625,-2.51868
27.222,-2.6787109375,-2.756597336859125,-2.6834765625,-2.52195
27.226,-2.6826171875,-2.7598609415690163,-2.6866015625000004,-2.52537
27.231,-2.68603515625,-2.7630607327789924,-2.6896679687500002,-2.52863
27.235,-2.689453125,-2.7662103848104653,-2.6927343750000006,-2.53175
27.24,-2.693359375,-2.7694010598061674,-2.69591796875,-2.5350200000000003
27.244,-2.697265625,-2.772628199658964,-2.69919921875,-2.53829
27.249,-2.701171875,-2.7760558962257758,-2.7023828125000002,-2.54171
27.253,-2.70458984375,-2.7792875941857105,-2.7055273437500005,-2.54497
27.257,-2.70751953125,-2.7824873853956866,-2.7087304687500002,-2.54825
27.262,-2.71044921875,-2.785691734712799,-2.711875,-2.55152
27.266,-2.71337890625,-2.788841386744272,-2.715,-2.55465
27.27,-2.7177734375,-2.7920183874185653,-2.7182031250000005,-2.55793
27.275,-2.7216796875,-2.7952364110570898,-2.7214257812500002,-2.56123
27.279,-2.72509765625,-2.798449876588476,-2.7246484375,-2.56434
27.283,-2.72900390625,-2.801667900226999,-2.7279296875,-2.56761
27.288,-2.7314453125,-2.8048904819726594,-2.7312304687500006,-2.57089
27.292,-2.734375,-2.8080765988612253,-2.73453125,-2.57416
27.296,-2.7373046875,-2.8111943441427414,-2.7378320312500004,-2.57729
27.301,-2.7412109375,-2.814330321852804,-2.74125,-2.58056
27.305,-2.74462890625,-2.8175620198127387,-2.74466796875,-2.58384
27.309,-2.7490234375,-2.8208210664154905,-2.7481640625000003,-2.58711
27.314,-2.751953125,-2.824016299518332,-2.7517578125,-2.59036
27.318,-2.7548828125,-2.827279904228222,-2.7553906250000004,-2.5936
27.323,-2.7587890625,-2.830557183259522,-2.75908203125,-2.59685
27.327,-2.76171875,-2.8337524163623637,-2.7627148437500004,-2.6001
27.331,-2.7646484375,-2.836911184608107,-2.76650390625,-2.60335
27.336,-2.7685546875,-2.840142882568042,-2.77021484375,-2.6066000000000003
27.34,-2.771484375,-2.8432697440638304,-2.77404296875,-2.60988
27.345,-2.775390625,-2.8464285123095774,-2.7779492187500003,-2.61313
27.349,-2.779296875,-2.849614629198145,-2.7819335937500007,-2.61638
27.353,-2.783203125,-2.852800746086709,-2.78603515625,-2.61949
27.358,-2.7861328125,-2.8560278859395076,-2.7901953125,-2.62277
27.362,-2.7890625,-2.85923223525662,-2.7943359375000005,-2.62603
27.366,-2.7919921875,-2.862386445395231,-2.79859375,-2.62934
27.371,-2.7958984375,-2.8655999109266173,-2.80275390625,-2.63265
27.375,-2.7998046875,-2.8687586791723625,-2.8069921875,-2.63594
27.379,-2.80419921875,-2.8719858190251593,-2.8111718750000003,-2.63923
27.384,-2.80712890625,-2.875258539949323,-2.81525390625,-2.64251
27.388,-2.810546875,-2.878453773052165,-2.81927734375,-2.64565
27.393,-2.81298828125,-2.881644448047867,-2.82322265625,-2.64893
27.397,-2.81640625,-2.8848351230435707,-2.8270312500000006,-2.65223
27.401,-2.81982421875,-2.8880075656107262,-2.8308007812500002,-2.65551
27.406,-2.8232421875,-2.891152659535061,-2.834375,-2.6588000000000003
27.41,-2.82763671875,-2.894297753459398,-2.8379101562500004,-2.66192
27.414,-2.83056640625,-2.8974656379194172,-2.8414257812500003,-2.66519
27.419,-2.833984375,-2.9006289642723004,-2.8449218750000003,-2.6683
27.423,-2.83642578125,-2.903842429803687,-2.8482617187500003,-2.67157
27.427,-2.83984375,-2.9069829656208874,-2.8516210937500004,-2.67485
27.432,-2.84375,-2.9101781987237256,-2.85478515625,-2.67814
27.436,-2.84716796875,-2.913309618326652,-2.857890625,-2.6813000000000002
27.44,-2.8505859375,-2.9164775027866714,-2.8610351562500003,-2.6846
27.445,-2.85498046875,-2.91970008453233,-2.8640625,-2.68788
27.449,-2.85888671875,-2.922936340599403,-2.8670703125,-2.69116
27.453,-2.86181640625,-2.926163480452198,-2.8700195312500005,-2.69446
27.458,-2.86474609375,-2.9293997365192705,-2.8728320312500006,-2.69775
27.462,-2.86767578125,-2.9325357142293313,-2.8756250000000003,-2.70091
27.466,-2.87060546875,-2.9357035986893507,-2.8783984375000005,-2.70422
27.471,-2.875,-2.9388760412565063,-2.8810742187500002,-2.70754
27.475,-2.87841796875,-2.942039367609391,-2.8837500000000005,-2.71068
27.479,-2.88134765625,-2.9452118101765468,-2.8864257812500003,-2.7139699999999998
27.484,-2.884765625,-2.948448066243616,-2.8890625,-2.71727
27.488,-2.8876953125,-2.9516797642035506,-2.89171875,-2.7205500000000002
27.493,-2.892578125,-2.9549205783777577,-2.894296875,-2.72386
27.497,-2.89453125,-2.9581978574090577,-2.89685546875,-2.7273199999999997
27.502,-2.8984375,-2.961374858083351,-2.89927734375,-2.73062
27.506,-2.90234375,-2.9645336263290964,-2.90173828125,-2.73393
27.51,-2.90576171875,-2.9677425337533467,-2.90416015625,-2.73707
27.515,-2.90966796875,-2.9709286506419126,-2.90654296875,-2.74036
27.519,-2.9130859375,-2.97411476753048,-2.9089453125,-2.74349
27.523,-2.916015625,-2.9773145587404564,-2.9112890625000003,-2.7468
27.528,-2.9189453125,-2.9804778850933396,-2.9136132812500004,-2.7500999999999998
27.532,-2.92138671875,-2.983600188481992,-2.9158984375,-2.75326
27.536,-2.92578125,-2.986722491870644,-2.9181445312500003,-2.75658
27.541,-2.9296875,-2.989867585794981,-2.92041015625,-2.75988
27.545,-2.93310546875,-2.9930263540407243,-2.92267578125,-2.76304
27.549,-2.9375,-2.996258052000659,-2.9250000000000003,-2.76635
27.554,-2.93994140625,-2.9995216567105487,-2.92728515625,-2.7696899999999998
27.558,-2.943359375,-3.002739680349073,-2.92958984375,-2.77302
27.562,-2.9462890625,-3.0059577039875975,-2.9318164062500003,-2.77652
27.567,-2.94921875,-3.009139262769027,-2.9339843750000005,-2.77971
27.571,-2.95361328125,-3.0122524499434054,-2.9361914062500003,-2.7829
27.575,-2.95751953125,-3.0154522411533815,-2.93853515625,-2.78638
27.58,-2.96142578125,-3.018838914755964,-2.940859375,-2.78971
27.584,-2.96533203125,-3.0221800072871794,-2.9430859375000002,-2.79319
27.589,-2.96826171875,-3.0254117052471123,-2.9453710937500004,-2.79636
27.593,-2.9716796875,-3.028688984278414,-2.9475976562500006,-2.79969
27.598,-2.97412109375,-3.0320209605953554,-2.9498828125000003,-2.8031800000000002
27.602,-2.97705078125,-3.0351341477697336,-2.9520898437500005,-2.8063700000000003
27.606,-2.98193359375,-3.0383293808725735,-2.9543359375000007,-2.80984
27.611,-2.98486328125,-3.0415701950467806,-2.9565625,-2.8130100000000002
27.615,-2.9892578125,-3.044856590292355,-2.95880859375,-2.81632
27.62,-2.9931640625,-3.0481566598593393,-2.96109375,-2.81995
27.624,-2.99658203125,-3.051511426711963,-2.9633789062500004,-2.82326
27.628,-2.99951171875,-3.054743124671898,-2.96564453125,-2.82659
27.633,-3.00244140625,-3.0579474739890102,-2.9680078125000002,-2.82994
27.637,-3.00634765625,-3.0613204732701824,-2.9703125000000004,-2.8332699999999997
27.642,-3.009765625,-3.064533938801569,-2.97263671875,-2.8366
27.646,-3.013671875,-3.067742846225819,-2.9749609375,-2.83994
27.65,-3.01708984375,-3.0709836604000262,-2.97732421875,-2.84326
27.655,-3.021484375,-3.074201684038549,-2.97974609375,-2.84642
27.659,-3.0244140625,-3.0775199860340816,-2.9822265625,-2.84991
27.664,-3.02783203125,-3.080820055601066,-2.9846484375,-2.85327
27.668,-3.03076171875,-3.0840791022038196,-2.98716796875,-2.85661
27.672,-3.03369140625,-3.0873472650208456,-2.9895703124999997,-2.85995
27.677,-3.03759765625,-3.0904786846237737,-2.99205078125,-2.86314
27.681,-3.04150390625,-3.093673917726612,-2.9945312500000005,-2.86647
27.685,-3.04541015625,-3.096878267043726,-2.9970898437500004,-2.86964
27.69,-3.04931640625,-3.1001327555393434,-2.9996679687500003,-2.87294
27.694,-3.0517578125,-3.10335989539214,-3.0023046875,-2.87627
27.698,-3.0537109375,-3.106546012280706,-3.00494140625,-2.87945
27.703,-3.0576171875,-3.1096865480979066,-3.0076757812500006,-2.88278
27.707,-3.0615234375,-3.112936478486386,-3.0104296875000003,-2.8860900000000003
27.711,-3.06591796875,-3.116218315624822,-3.0132421875000004,-2.88939
27.716,-3.06884765625,-3.1195092689775343,-3.0161718750000004,-2.89268
27.72,-3.07373046875,-3.1227865480088344,-3.0191015625,-2.89599
27.725,-3.07666015625,-3.126086617575819,-3.02212890625,-2.89928
27.729,-3.07958984375,-3.129382129035667,-3.0251953125,-2.90261
27.733,-3.0830078125,-3.1326183851027363,-3.0282421875,-2.90595
27.738,-3.0849609375,-3.1357999438841677,-3.03142578125,-2.90928
27.742,-3.08984375,-3.1390179675226904,-3.0346679687500004,-2.91262
27.747,-3.09423828125,-3.142331711411085,-3.03796875,-2.91594
27.751,-3.09765625,-3.145613548549523,-3.0415039062500004,-2.91926
27.756,-3.1015625,-3.149064035652019,-3.0451367187500002,-2.92273
27.76,-3.10546875,-3.1525236389687876,-3.04890625,-2.92622
27.765,-3.107421875,-3.155955893642737,-3.05259765625,-2.92971
27.769,-3.11181640625,-3.1591648010669875,-3.0563671875000002,-2.93305
27.774,-3.11376953125,-3.162378266598374,-3.0602343750000003,-2.9363900000000003
27.778,-3.11767578125,-3.165582615915488,-3.0641601562500003,-2.93973
27.782,-3.12109375,-3.16875961658978,-3.0681640625,-2.9429
27.787,-3.12548828125,-3.1719320591569353,-3.0723828125,-2.9462200000000003
27.791,-3.12890625,-3.175168315224008,-3.0767187500000004,-2.94954
27.795,-3.1328125,-3.178409129398215,-3.0812109375,-2.9527200000000002
27.8,-3.1357421875,-3.1816636178938307,-3.08587890625,-2.95607
27.804,-3.13916015625,-3.184840618568126,-3.0906054687499998,-2.95941
27.808,-3.14208984375,-3.1880176192424177,-3.095625,-2.96259
27.813,-3.14599609375,-3.191267549630897,-3.100859375,-2.96594
27.817,-3.14892578125,-3.194535712447925,-3.1061718750000002,-2.96928
27.821,-3.15283203125,-3.197753736086449,-3.11177734375,-2.9725900000000003
27.826,-3.15673828125,-3.20105836376057,-3.11759765625,-2.97591
27.83,-3.16064453125,-3.20433564279187,-3.1233789062500006,-2.97925
27.835,-3.16259765625,-3.207581015073215,-3.1291210937500002,-2.98259
27.839,-3.1669921875,-3.2107944806046014,-3.13490234375,-2.9859299999999998
27.843,-3.169921875,-3.2140717596359014,-3.1405664062500005,-2.98928
27.848,-3.1728515625,-3.217330806238655,-3.1460937500000004,-2.99261
27.852,-3.17724609375,-3.220535155555769,-3.1515234375,-2.9959100000000003
27.856,-3.18017578125,-3.22377141162284,-3.1569140625000003,-2.99923
27.861,-3.1845703125,-3.227039574439866,-3.1621875000000004,-3.00257
27.865,-3.18896484375,-3.230339644006852,-3.16728515625,-3.00586
27.87,-3.19091796875,-3.233616923038152,-3.1725976562500002,-3.0091900000000003
27.874,-3.1943359375,-3.23696713178364,-3.1776953125,-3.01267
27.879,-3.197265625,-3.240294549993445,-3.1826367187500004,-3.01615
27.883,-3.201171875,-3.243608293881838,-3.18744140625,-3.01961
27.888,-3.20458984375,-3.246940270198781,-3.1921484375,-3.0229299999999997
27.892,-3.20849609375,-3.250217549230081,-3.1966210937500006,-3.02638
27.897,-3.2119140625,-3.2534264566543314,-3.2009179687500007,-3.0297099999999997
27.901,-3.21630859375,-3.2566353640785817,-3.2050976562500004,-3.03285
27.905,-3.2197265625,-3.25983059718142,-3.2091992187500002,-3.0361599999999997
27.91,-3.22314453125,-3.263044062712808,-3.21326171875,-3.03932
27.914,-3.22509765625,-3.266202830958555,-3.2172265625,-3.0426200000000003
27.918,-3.22802734375,-3.269338808668616,-3.22111328125,-3.04577
27.923,-3.23291015625,-3.2725294836643197,-3.2250781250000005,-3.04906
27.927,-3.236328125,-3.2758067626956215,-3.22884765625,-3.0523499999999997
27.931,-3.240234375,-3.279024786334144,-3.2325976562500003,-3.05563
27.936,-3.24365234375,-3.2822656005083513,-3.2362500000000005,-3.0589
27.94,-3.24560546875,-3.2854289268612327,-3.2398828125,-3.06201
27.944,-3.2490234375,-3.288560346464159,-3.24349609375,-3.06529
27.949,-3.25146484375,-3.291705440388494,-3.2469921875,-3.06839
27.953,-3.25537109375,-3.2948414180985583,-3.2505078125000004,-3.07167
27.957,-3.26025390625,-3.2980457674156707,-3.2539062500000004,-3.07492
27.962,-3.2626953125,-3.301218209982828,-3.25732421875,-3.0781799999999997
27.966,-3.2666015625,-3.3043860944428456,-3.2606640625000005,-3.08129
27.97,-3.26953125,-3.30752207215291,-3.2640429687500006,-3.0845599999999997
27.975,-3.27294921875,-3.310685398505793,-3.26744140625,-3.0876900000000003
27.979,-3.27587890625,-3.3139262126799984,-3.270703125,-3.0911
27.983,-3.27880859375,-3.3170895390328834,-3.2739843750000004,-3.09436
27.988,-3.2822265625,-3.320266539707175,-3.27720703125,-3.09762
27.992,-3.28662109375,-3.323457214702877,-3.28046875,-3.1008899999999997
27.997,-3.291015625,-3.3267071450913583,-3.28361328125,-3.10417
28.001,-3.2939453125,-3.329893261979926,-3.2868359375000002,-3.1072800000000003
28.005,-3.29736328125,-3.3331477504755433,-3.2900390625,-3.1106800000000003
28.01,-3.2998046875,-3.3363520997926557,-3.2931445312500003,-3.11394
28.014,-3.302734375,-3.3394652869670356,-3.2962109375,-3.1170299999999997
28.018,-3.306640625,-3.3426103808913705,-3.2993750000000004,-3.12027
28.023,-3.30908203125,-3.3457645910299796,-3.302421875,-3.1234900000000003
28.027,-3.3134765625,-3.348850429561539,-3.30548828125,-3.12656
28.031,-3.31689453125,-3.352009197807286,-3.3086523437500004,-3.1297699999999997
28.036,-3.3203125,-3.3552135471243982,-3.3117382812500002,-3.133
28.04,-3.3232421875,-3.358358641048733,-3.3148437500000005,-3.13621
28.045,-3.326171875,-3.3614809444373854,-3.3179296875000004,-3.13943
28.049,-3.32958984375,-3.3645941316117636,-3.3210156250000002,-3.14249
28.053,-3.33349609375,-3.3677027606790055,-3.3241796875,-3.1456999999999997
28.058,-3.33642578125,-3.37092078431753,-3.3274609375,-3.1489000000000003
28.062,-3.34033203125,-3.374252760634473,-3.3306445312500004,-3.1522699999999997
28.067,-3.3447265625,-3.3774662261658595,-3.333828125,-3.15548
28.071,-3.34765625,-3.380629552518741,-3.3369921875,-3.15869
28.075,-3.35009765625,-3.3837700883359396,-3.34021484375,-3.16193
28.08,-3.353515625,-3.38689694983173,-3.3434960937500002,-3.16516
28.084,-3.357421875,-3.3901195315773887,-3.34673828125,-3.16839
28.089,-3.35986328125,-3.3932691836088615,-3.349921875,-3.1716100000000003
28.093,-3.36328125,-3.3964006032117897,-3.3533203125,-3.17484
28.098,-3.3671875,-3.3996961146716362,-3.3566015625,-3.1782
28.102,-3.37109375,-3.4028594410245177,-3.3599414062500004,-3.18141
28.106,-3.3740234375,-3.4060182092702647,-3.3634179687500003,-3.18461
28.111,-3.3779296875,-3.4093228369443853,-3.3669140625000002,-3.18796
28.115,-3.38134765625,-3.4125818835471406,-3.370390625,-3.19116
28.12,-3.38427734375,-3.4158546044713045,-3.3738671875,-3.19451
28.124,-3.38671875,-3.4189541173242723,-3.3773046875,-3.1977
28.129,-3.390625,-3.422053630177242,-3.3807617187500005,-3.2008900000000002
28.133,-3.39453125,-3.425253421387218,-3.3844140625000003,-3.20409
28.138,-3.3984375,-3.4283802828830083,-3.3879296875000002,-3.20728
28.142,-3.40234375,-3.431511702485933,-3.3915429687500005,-3.2103200000000003
28.146,-3.4052734375,-3.434670470731678,-3.3952343750000002,-3.21349
28.151,-3.40771484375,-3.4378064484417425,-3.3990234375000004,-3.21668
28.155,-3.4111328125,-3.4409561004732154,-3.4027734375,-3.2198700000000002
28.159,-3.4140625,-3.4440556133261833,-3.40662109375,-3.2230499999999997
28.164,-3.41796875,-3.4471688005005614,-3.41046875,-3.2262399999999998
28.168,-3.42041015625,-3.450263755246393,-3.4143749999999997,-3.22928
28.172,-3.42431640625,-3.4533085708137214,-3.418359375,-3.23244
28.177,-3.42822265625,-3.456398967452417,-3.422421875,-3.23548
28.181,-3.4306640625,-3.459475689769702,-3.4265234375,-3.23865
28.185,-3.43359375,-3.46250683101562,-3.430703125,-3.24167
28.189,-3.43701171875,-3.4655835533329054,-3.43498046875,-3.24484
28.194,-3.4404296875,-3.4686602756501905,-3.4392578125,-3.248
28.198,-3.4443359375,-3.47174611418175,-3.4431835937500006,-3.25101
28.202,-3.439453125,-3.4746678608563855,-3.4451171875,-3.25393
28.207,-3.43408203125,-3.4772021684244017,-3.4455078125000003,-3.2562699999999998
28.211,-3.431640625,-3.4793718274214793,-3.444765625,-3.2580400000000003
28.216,-3.42919921875,-3.4813135810617215,-3.4432031250000006,-3.25929
28.22,-3.42578125,-3.4830046388094456,-3.4409960937500004,-3.25997
28.224,-3.42333984375,-3.4844723493074667,-3.43833984375,-3.26016
28.229,-3.41943359375,-3.48570759634152,-3.43537109375,-3.25982
28.233,-3.416015625,-3.486678473161639,-3.4321875,-3.25895
28.237,-3.4130859375,-3.487430560839199,-3.42880859375,-3.25761
28.242,-3.4091796875,-3.487977533695606,-3.4252734375000005,-3.2556700000000003
28.246,-3.40576171875,-3.4883239498379943,-3.4216796875,-3.25318
28.25,-3.4033203125,-3.4885017160163265,-3.41810546875,-3.25031
28.254,-3.400390625,-3.4885381808734213,-3.4144921875,-3.24715
28.259,-3.396484375,-3.488405995766456,-3.41078125,-3.24418
28.263,-3.3935546875,-3.488105160695433,-3.40716796875,-3.2410699999999997
28.268,-3.39013671875,-3.4876721405174447,-3.40359375,-3.23794
28.272,-3.38671875,-3.487097819018219,-3.4000195312500003,-3.2349699999999997
28.276,-3.38330078125,-3.486382196197754,-3.3964257812500005,-3.23185
28.28,-3.380859375,-3.4855571788060065,-3.3929296875,-3.22886
28.285,-3.37744140625,-3.4846364411643904,-3.389453125,-3.22573
28.289,-3.375,-3.483601750844354,-3.3858398437500004,-3.2226
28.293,-3.37060546875,-3.4824439916316283,-3.38244140625,-3.21948
28.298,-3.3671875,-3.481181395954758,-3.3790820312500003,-3.2165
28.302,-3.36328125,-3.479809405706604,-3.3756250000000003,-3.2133700000000003
28.306,-3.36083984375,-3.4783189046728964,-3.3723046875,-3.2102399999999998
28.311,-3.357421875,-3.47680105499637,-3.3690039062500006,-3.20724
28.315,-3.3544921875,-3.4751920431771097,-3.3657421875000004,-3.20409
28.319,-3.3505859375,-3.4734873111079754,-3.3624609375000003,-3.20108
28.324,-3.3486328125,-3.4717324398603395,-3.359296875,-3.19793
28.328,-3.3447265625,-3.469931987541335,-3.3560546875000004,-3.19481
28.332,-3.34033203125,-3.4680221406510494,-3.3528125,-3.1916700000000002
28.337,-3.3369140625,-3.4659709924395266,-3.3495898437500005,-3.18853
28.341,-3.33544921875,-3.463942634763688,-3.3464062500000002,-3.18539
28.346,-3.33203125,-3.461882370337891,-3.3432812500000004,-3.18224
28.35,-3.32861328125,-3.4597993153764097,-3.3401953125000006,-3.17923
28.354,-3.3251953125,-3.457666121236425,-3.3371484375000002,-3.17607
28.359,-3.32177734375,-3.4554691135965268,-3.3340820312500004,-3.17307
28.363,-3.318359375,-3.4532265248852614,-3.3310156250000005,-3.16994
28.367,-3.31494140625,-3.4509155645669445,-3.32794921875,-3.16695
28.372,-3.31201171875,-3.4485590231772623,-3.32486328125,-3.16381
28.376,-3.30908203125,-3.4462024817875765,-3.32177734375,-3.16065
28.38,-3.30615234375,-3.4438140336479375,-3.3186914062500006,-3.15749
28.385,-3.3017578125,-3.4413253071512884,-3.3156640625000007,-3.15433
28.389,-3.29931640625,-3.4388365806546393,-3.31265625,-3.15117
28.393,-3.29443359375,-3.4363341798365816,-3.3095703125,-3.1481500000000002
28.398,-3.2919921875,-3.433740616875788,-3.3065625,-3.1450199999999997
28.402,-3.28857421875,-3.431169844450679,-3.3034765625,-3.14199
28.406,-3.2861328125,-3.428571723382749,-3.3004101562500003,-3.13883
28.411,-3.283203125,-3.4259918347433658,-3.2973828125000004,-3.13565
28.415,-3.27978515625,-3.42340282988971,-3.2943359375,-3.13246
28.419,-3.2763671875,-3.420763685857551,-3.291328125,-3.12929
28.424,-3.2724609375,-3.4181063093968422,-3.28833984375,-3.1262600000000003
28.428,-3.26904296875,-3.4153942356504956,-3.285234375,-3.12325
28.432,-3.265625,-3.4126593713684645,-3.2821484375,-3.11993
28.437,-3.2626953125,-3.4098834841222025,-3.2790234375000002,-3.11692
28.441,-3.259765625,-3.407121271197351,-3.2758203125,-3.11374
28.445,-3.2568359375,-3.404313477201132,-3.27271484375,-3.11056
28.45,-3.2529296875,-3.4015512642762804,-3.2695703125,-3.1075299999999997
28.454,-3.24951171875,-3.398757144601472,-3.26642578125,-3.1043700000000003
28.458,-3.24609375,-3.395940234390979,-3.2632226562500004,-3.1012
28.463,-3.24267578125,-3.3931142079662138,-3.2599414062500003,-3.0980499999999997
28.467,-3.2392578125,-3.3902380423629452,-3.25666015625,-3.09489
28.471,-3.236328125,-3.3873573186525388,-3.25337890625,-3.09173
28.476,-3.234375,-3.38454952465632,-3.25,-3.08871
28.48,-3.23046875,-3.3816642428387755,-3.2466992187500003,-3.08555
28.484,-3.2275390625,-3.3788427745211482,-3.2433398437500003,-3.0824
28.489,-3.22265625,-3.3759848413464244,-3.2398632812500003,-3.0793999999999997
28.493,-3.2197265625,-3.3730539784575146,-3.23638671875,-3.07626
28.497,-3.216796875,-3.3701504642114255,-3.23283203125,-3.07325
28.501,-3.212890625,-3.3672332756439243,-3.2292773437500006,-3.0701
28.506,-3.21044921875,-3.3642750641121957,-3.2255859375,-3.0669399999999998
28.51,-3.20751953125,-3.3613533174375583,-3.22193359375,-3.06394
28.514,-3.2041015625,-3.3584406869771932,-3.2182421875000005,-3.0608
28.519,-3.201171875,-3.3555234984096955,-3.2143945312500004,-3.0576499999999998
28.523,-3.19677734375,-3.3525652868779634,-3.21048828125,-3.05464
28.527,-3.193359375,-3.349575168596278,-3.2064843750000005,-3.0514900000000003
28.532,-3.1904296875,-3.3465668178860426,-3.2024609375,-3.04832
28.536,-3.1884765625,-3.3436131644614484,-3.1984179687500003,-3.0453
28.54,-3.18505859375,-3.3407187664296334,-3.1941796875000006,-3.0421300000000002
28.545,-3.1806640625,-3.3377195319336703,-3.18990234375,-3.03897
28.549,-3.17822265625,-3.334720297437711,-3.18560546875,-3.0358099999999997
28.553,-3.173828125,-3.331780318334527,-3.18109375,-3.0327900000000003
28.558,-3.1708984375,-3.3287446189814727,-3.17630859375,-3.02964
28.562,-3.16845703125,-3.3256359899142307,-3.1715625000000003,-3.0264699999999998
28.567,-3.1650390625,-3.3226504297396797,-3.1667382812500007,-3.0232900000000003
28.571,-3.16162109375,-3.3196922182079494,-3.1618359375000002,-3.02011
28.575,-3.1591796875,-3.316729448569081,-3.15640625,-3.01696
28.58,-3.1552734375,-3.3135433316805134,-3.15119140625,-3.01365
28.584,-3.1513671875,-3.31054865529169,-3.1457421875000002,-3.01049
28.589,-3.14794921875,-3.3075038397243617,-3.1400390625,-3.00731
28.593,-3.14453125,-3.304322280942932,-3.13435546875,-3.00415
28.598,-3.140625,-3.3012410005185107,-3.1288085937500005,-3.00083
28.602,-3.13818359375,-3.2982007430583185,-3.12330078125,-2.9978
28.607,-3.134765625,-3.2951468112767195,-3.1178906250000002,-2.9946099999999998
28.611,-3.13134765625,-3.2921111119236635,-3.1125781249999998,-2.9914300000000003
28.615,-3.12841796875,-3.2890526220349248,-3.1075195312500004,-2.9882400000000002
28.62,-3.125,-3.286030597003281,-3.1024609375,-2.98506
28.624,-3.12109375,-3.282958432793132,-3.0975390625,-2.98187
28.628,-3.1171875,-3.279858919940164,-3.0926757812500005,-2.9786799999999998
28.633,-3.1142578125,-3.2767275003372376,-3.0880664062500003,-2.9754899999999997
28.637,-3.111328125,-3.2736598942342248,-3.0836132812500003,-2.97229
28.642,-3.10791015625,-3.2706150786668964,-3.0792968750000003,-2.96909
28.646,-3.10498046875,-3.267579379313842,-3.0751171875000005,-2.9659
28.65,-3.10107421875,-3.2645254475322414,-3.07068359375,-2.96273
28.655,-3.09814453125,-3.2611980293224363,-3.06677734375,-2.95938
28.659,-3.09423828125,-3.25816688807652,-3.0629101562500005,-2.9562
28.664,-3.0908203125,-3.2551038400806434,-3.0591796875000004,-2.9530000000000003
28.668,-3.087890625,-3.2520453501919064,-3.0554882812499997,-2.94983
28.672,-3.083984375,-3.248945837338937,-3.05189453125,-2.94664
28.677,-3.08251953125,-3.2458599988073793,-3.0484375000000004,-2.94345
28.681,-3.07861328125,-3.2428470899900077,-3.0450195312500004,-2.9404
28.686,-3.07568359375,-3.2397703676727225,-3.04158203125,-2.93708
28.69,-3.0712890625,-3.2365796926770187,-3.0381250000000004,-2.93389
28.695,-3.06787109375,-3.23325683257435,-3.03494140625,-2.93042
28.699,-3.06396484375,-3.230198342685613,-3.0318554687500003,-2.9272299999999998
28.704,-3.06005859375,-3.2270304582255935,-3.02869140625,-2.92406
28.708,-3.05712890625,-3.22377141162284,-3.025625,-2.92072
28.713,-3.05419921875,-3.220617201484229,-3.02259765625,-2.9174100000000003
28.717,-3.05078125,-3.2174447589170736,-3.0197656250000002,-2.9142200000000003
28.722,-3.04736328125,-3.2143634784926505,-3.01701171875,-2.91104
28.726,-3.04541015625,-3.2113368953538703,-3.0143359375,-2.90787
28.73,-3.04150390625,-3.208337660857909,-3.0115429687499997,-2.90483
28.735,-3.03759765625,-3.2051287534336588,-3.00890625,-2.90152
28.739,-3.0341796875,-3.202079379759196,-3.0061914062500006,-2.89838
28.744,-3.02978515625,-3.1986744737280652,-3.0035156250000004,-2.89495
28.748,-3.02685546875,-3.1955293798037285,-3.0009570312500005,-2.89182
28.753,-3.02392578125,-3.1924207507364866,-2.9984960937500005,-2.8887
28.757,-3.021484375,-3.1893850513834323,-2.996015625,-2.88558
28.762,-3.01708984375,-3.186258189887644,-2.9936328125000005,-2.88245
28.766,-3.01416015625,-3.1832179324274534,-2.9913085937500004,-2.87933
28.77,-3.01123046875,-3.1801913492886715,-2.9889843750000002,-2.87623
28.775,-3.00830078125,-3.177137417507069,-2.9866601562500006,-2.87312
28.779,-3.00390625,-3.17406525329692,-2.9844140625000004,-2.87017
28.783,-3.0009765625,-3.171002205301047,-2.9821093750000003,-2.86707
28.788,-2.99853515625,-3.1679482735194444,-2.9799023437500005,-2.8639900000000003
28.792,-2.99609375,-3.16498094577344,-2.9776562500000003,-2.86103
28.796,-2.9921875,-3.16196803695607,-2.9754882812500005,-2.85792
28.801,-2.9892578125,-3.1589642443529726,-2.9733789062500002,-2.8548
28.805,-2.9853515625,-3.15597868417842,-2.9712500000000004,-2.8517
28.809,-2.982421875,-3.1529931240038707,-2.969140625,-2.84876
28.814,-2.978515625,-3.1499574246508146,-2.96705078125,-2.84567
28.818,-2.97607421875,-3.146958190154855,-2.9649804687500003,-2.84272
28.822,-2.97314453125,-3.143968071873168,-2.962890625,-2.83964
28.827,-2.9697265625,-3.140982511698617,-2.9608398437500005,-2.83655
28.831,-2.966796875,-3.137996951524066,-2.95880859375,-2.8336
28.835,-2.9638671875,-3.1350022751352427,-2.95669921875,-2.83049
28.84,-2.95947265625,-3.1319574595679143,-2.95462890625,-2.8274
28.844,-2.95703125,-3.1289354345362685,-2.95255859375,-2.82434
28.848,-2.95361328125,-3.1259042932903505,-2.95048828125,-2.82126
28.853,-2.95068359375,-3.1229187331157995,-2.9484765625000002,-2.81833
28.857,-2.94873046875,-3.1200015445483,-2.9464062500000003,-2.81525
28.861,-2.94482421875,-3.117015984373749,-2.94435546875,-2.81218
28.866,-2.94140625,-3.1139985174492413,-2.9422460937500006,-2.8091
28.87,-2.9384765625,-3.1108990045962734,-2.9401171875000003,-2.80602
28.875,-2.93505859375,-3.107863305243219,-2.9380664062500004,-2.8028
28.879,-2.931640625,-3.10485951264012,-2.9359765625,-2.79988
28.884,-2.92822265625,-3.10183292950134,-2.93390625,-2.79681
28.888,-2.9248046875,-3.0987881139340114,-2.9318359375000003,-2.7936
28.892,-2.92236328125,-3.095784321330914,-2.9297460937500004,-2.79054
28.897,-2.91943359375,-3.092789644942089,-2.927734375,-2.7874600000000003
28.901,-2.91650390625,-3.089895246910272,-2.9256640625,-2.78453
28.905,-2.912109375,-3.0869005705214487,-2.9235742187500002,-2.78145
28.91,-2.9091796875,-3.0838694292755306,-2.9214453125,-2.7784
28.914,-2.90576171875,-3.08081549749393,-2.91935546875,-2.77535
28.919,-2.90283203125,-3.0778527278550616,-2.9172656249999998,-2.77231
28.923,-2.90087890625,-3.0749537717161086,-2.9151367187500004,-2.76939
28.927,-2.89697265625,-3.0720001182915144,-2.9130273437500005,-2.76635
28.932,-2.89453125,-3.0690692554026047,-2.91091796875,-2.76332
28.936,-2.89111328125,-3.0661748573707897,-2.9087695312500004,-2.76029
28.94,-2.88671875,-3.0631756228748266,-2.9065624999999997,-2.75725
28.945,-2.8837890625,-3.0601627140574568,-2.904375,-2.7542299999999997
28.949,-2.88037109375,-3.057177153882906,-2.902109375,-2.75136
28.953,-2.87841796875,-3.054168803172672,-2.8998828125000005,-2.74833
28.958,-2.8759765625,-3.051260730819445,-2.8976367187500003,-2.74532
28.962,-2.87255859375,-3.048343542251944,-2.8953710937500006,-2.74231
28.967,-2.86865234375,-3.0454035631487617,-2.8931250000000004,-2.7393
28.971,-2.8662109375,-3.0425046070098087,-2.8908203125000003,-2.73643
28.975,-2.8623046875,-3.0395555116923507,-2.88845703125,-2.7334300000000002
28.98,-2.8583984375,-3.036588183946348,-2.88611328125,-2.73042
28.984,-2.85546875,-3.033643646736026,-2.883671875,-2.72755
28.988,-2.85302734375,-3.030689993311432,-2.8812109375000006,-2.72454
28.993,-2.85107421875,-3.027781920958205,-2.87873046875,-2.72153
28.997,-2.84765625,-3.0249057553549363,-2.8762109375000007,-2.71864
29.001,-2.84326171875,-3.0219293113946595,-2.8736523437500003,-2.71549
29.006,-2.83935546875,-3.0189483093272464,-2.8710742187500005,-2.7126099999999997
29.01,-2.83642578125,-3.015971865366968,-2.8683398437500003,-2.70959
29.014,-2.83349609375,-3.01295439844246,-2.8656250000000005,-2.70656
29.019,-2.83056640625,-3.0099825125893194,-2.86287109375,-2.7035400000000003
29.023,-2.82763671875,-3.007024301057589,-2.8599218750000004,-2.7005
29.028,-2.8251953125,-3.003984043597397,-2.8570898437500003,-2.69747
29.032,-2.8212890625,-3.0010896455655818,-2.8541796875000003,-2.69445
29.036,-2.81787109375,-2.998104085391031,-2.8512109375000003,-2.69142
29.041,-2.81494140625,-2.9951549900735728,-2.848203125,-2.6884
29.045,-2.8115234375,-2.9921192907205185,-2.8447265625,-2.68538
29.05,-2.80810546875,-2.9888875927605856,-2.8415429687500002,-2.68209
29.054,-2.8046875,-2.9859521717645396,-2.8383007812500005,-2.67908
29.059,-2.802734375,-2.9830121926613558,-2.8349609375,-2.67609
29.063,-2.7998046875,-2.9800858878795804,-2.8315625000000004,-2.67307
29.067,-2.796875,-2.9771823736334913,-2.8281445312500004,-2.67021
29.072,-2.79345703125,-2.974324440458769,-2.82462890625,-2.66722
29.076,-2.7900390625,-2.971416368105542,-2.8209570312500003,-2.66424
29.08,-2.7861328125,-2.968467272788086,-2.8171875,-2.6612400000000003
29.085,-2.78271484375,-2.965477154506397,-2.81333984375,-2.65825
29.089,-2.78076171875,-2.962509826760394,-2.80943359375,-2.65526
29.094,-2.77685546875,-2.9595288246929794,-2.8053906250000002,-2.65228
29.098,-2.77490234375,-2.9564521023756942,-2.8013476562500004,-2.64915
29.103,-2.7705078125,-2.953411844915502,-2.7973437500000005,-2.64601
29.107,-2.767578125,-2.950339680705355,-2.7935351562500004,-2.6428700000000003
29.112,-2.763671875,-2.947399701602171,-2.7897656250000002,-2.63987
29.116,-2.7607421875,-2.94441414142762,-2.786015625,-2.63686
29.121,-2.7578125,-2.9414422555744792,-2.7823632812500003,-2.63383
29.125,-2.75390625,-2.9385068345784333,-2.7786718750000006,-2.63082
29.129,-2.75,-2.93551215818961,-2.7751367187500002,-2.62781
29.134,-2.74853515625,-2.932604085836383,-2.7716406250000003,-2.62491
29.138,-2.74560546875,-2.9297142459117023,-2.7680664062500004,-2.62188
29.142,-2.7421875,-2.9267788249156563,-2.7646875000000004,-2.6188599999999997
29.147,-2.73974609375,-2.9238889849909775,-2.76126953125,-2.61598
29.151,-2.7353515625,-2.920953563994928,-2.7577734375,-2.61295
29.156,-2.732421875,-2.917904190320465,-2.7543554687500005,-2.60977
29.16,-2.72802734375,-2.914854816645999,-2.7509960937500004,-2.60675
29.164,-2.7255859375,-2.9118646983643117,-2.7477343750000003,-2.60371
29.169,-2.72265625,-2.9089475097968123,-2.7444921875000006,-2.60067
29.173,-2.72021484375,-2.9060166469079007,-2.7412109375000004,-2.59762
29.178,-2.7158203125,-2.902999179983393,-2.7380859375,-2.59457
29.182,-2.7138671875,-2.9000819914158935,-2.7349414062500004,-2.59152
29.186,-2.70947265625,-2.8971830352769405,-2.7318164062500006,-2.58861
29.191,-2.70654296875,-2.8942111494238,-2.7286718750000003,-2.58554
29.195,-2.7021484375,-2.891189124392156,-2.72556640625,-2.58247
29.199,-2.7001953125,-2.888203564217605,-2.7225,-2.57953
29.204,-2.697265625,-2.8852362364716004,-2.71939453125,-2.57644
29.208,-2.69384765625,-2.8822643506184598,-2.7162109375000005,-2.57335
29.213,-2.68994140625,-2.879119256694125,-2.7130273437500003,-2.56997
29.217,-2.68701171875,-2.875978720876926,-2.7100585937500004,-2.56675
29.222,-2.68359375,-2.8730432998808784,-2.70708984375,-2.5638
29.226,-2.68017578125,-2.870075972134874,-2.7041015625,-2.5607100000000003
29.23,-2.67578125,-2.8670493889960937,-2.701171875,-2.55762
29.235,-2.6728515625,-2.864072945035815,-2.6982031250000005,-2.5546699999999998
29.239,-2.67041015625,-2.8610782686469918,-2.69525390625,-2.55157
29.243,-2.66845703125,-2.8581154990081235,-2.69232421875,-2.54846
29.248,-2.66455078125,-2.855193752333488,-2.6894140625,-2.5455
29.252,-2.6611328125,-2.85225833133744,-2.68650390625,-2.54242
29.256,-2.65771484375,-2.849268213055753,-2.6835351562500005,-2.53931
29.261,-2.6533203125,-2.8462233974884246,-2.68056640625,-2.5362400000000003
29.265,-2.65087890625,-2.8431876981353703,-2.677578125,-2.53328
29.269,-2.64697265625,-2.840115533925223,-2.6746289062499997,-2.53004
29.274,-2.64453125,-2.8370935088935774,-2.6717187500000006,-2.52707
29.278,-2.64111328125,-2.834130739254711,-2.6688085937500006,-2.5238199999999997
29.282,-2.63818359375,-2.83115885340157,-2.6658789062500006,-2.52099
29.287,-2.634765625,-2.8281322702627882,-2.66291015625,-2.51788
29.291,-2.63037109375,-2.82510112901687,-2.6599023437500002,-2.51464
29.295,-2.6279296875,-2.8220563134495436,-2.6568750000000003,-2.5116899999999998
29.3,-2.62451171875,-2.8189887073465307,-2.6538671875000004,-2.5084400000000002
29.304,-2.6220703125,-2.8159894728505694,-2.6508789062500004,-2.50533
29.309,-2.619140625,-2.813026703211703,-2.6479296875,-2.50236
29.313,-2.61572265625,-2.8100730497871087,-2.6449609375,-2.49925
29.317,-2.6123046875,-2.8071148382553783,-2.641875,-2.49628
29.322,-2.60791015625,-2.8040153254024087,-2.6387695312500004,-2.49304
29.326,-2.6044921875,-2.800924928763715,-2.635625,-2.48994
29.33,-2.6015625,-2.7978618807678384,-2.6325000000000003,-2.48698
29.335,-2.599609375,-2.794908227343246,-2.62935546875,-2.4839
29.339,-2.595703125,-2.791918109061557,-2.6261328125000003,-2.4809200000000002
29.343,-2.59326171875,-2.7888687353870925,-2.6228515625,-2.47768
29.348,-2.58984375,-2.7858512684625865,-2.6195703125,-2.47457
29.352,-2.5859375,-2.782824685323803,-2.6162695312500004,-2.47147
29.356,-2.58203125,-2.779816334613569,-2.61283203125,-2.46852
29.361,-2.57861328125,-2.7766757987963704,-2.6094140625000004,-2.46527
29.365,-2.57568359375,-2.7736127508004955,-2.6059765625000004,-2.46231
29.37,-2.5732421875,-2.77059072576885,-2.6024609375000005,-2.4592
29.374,-2.56982421875,-2.7675960493800265,-2.59888671875,-2.45609
29.378,-2.56640625,-2.7645649081341084,-2.5952929687500004,-2.45297
29.383,-2.56396484375,-2.7615519993167386,-2.5915234375000002,-2.44986
29.387,-2.5595703125,-2.7584023472852657,-2.5875976562500003,-2.4467600000000003
29.392,-2.556640625,-2.755211672289562,-2.58375,-2.44353
29.396,-2.552734375,-2.752144066186551,-2.5797656250000003,-2.44042
29.401,-2.54931640625,-2.748962507405121,-2.5755468750000006,-2.43719
29.405,-2.54541015625,-2.745749041873733,-2.5713867187500004,-2.43396
29.41,-2.5439453125,-2.742608506056534,-2.56720703125,-2.43073
29.414,-2.5400390625,-2.7395955972391626,-2.5630273437500004,-2.42763
29.419,-2.53662109375,-2.736591804636067,-2.5588085937500002,-2.42454
29.423,-2.5341796875,-2.733606244461514,-2.5544335937500002,-2.42159
29.427,-2.53076171875,-2.730611568072691,-2.5500195312500002,-2.41851
29.432,-2.52685546875,-2.727644240326688,-2.54541015625,-2.41542
29.436,-2.52392578125,-2.7246358896164526,-2.5407226562500003,-2.41234
29.44,-2.5205078125,-2.7216867942989964,-2.5359375,-2.4093999999999998
29.445,-2.51708984375,-2.718673885481625,-2.5309960937500002,-2.40631
29.449,-2.51513671875,-2.715688325307074,-2.5259765625000004,-2.40336
29.453,-2.51123046875,-2.7127255556682073,-2.5207226562500002,-2.40029
29.458,-2.50830078125,-2.709717204957972,-2.5152539062500003,-2.39722
29.462,-2.5048828125,-2.7066359245335505,-2.5097460937500005,-2.39413
29.466,-2.5009765625,-2.703641248144727,-2.50388671875,-2.39108
29.471,-2.498046875,-2.700564525827442,-2.4980859375,-2.388
29.475,-2.4951171875,-2.6975516170100704,-2.4921484375,-2.38494
29.48,-2.49267578125,-2.6945295919784247,-2.48638671875,-2.38186
29.484,-2.48974609375,-2.6915850547681046,-2.4806835937500002,-2.3788
29.488,-2.48681640625,-2.6886086108078278,-2.4749609375,-2.37572
29.493,-2.48291015625,-2.6855774695619097,-2.46953125,-2.3726599999999998
29.497,-2.4794921875,-2.682601025601633,-2.46423828125,-2.3696099999999998
29.502,-2.47607421875,-2.6796063492128077,-2.4590625,-2.36655
29.506,-2.47265625,-2.6765979985025723,-2.4540234375,-2.3635
29.51,-2.4697265625,-2.673534950506699,-2.4489257812500003,-2.36045
29.515,-2.46630859375,-2.67044911197514,-2.444140625,-2.35724
29.519,-2.46435546875,-2.667417970729222,-2.4394531250000004,-2.35419
29.524,-2.4609375,-2.6644734335189018,-2.43505859375,-2.35113
29.528,-2.45703125,-2.661542570629992,-2.4308203125000003,-2.34807
29.532,-2.45458984375,-2.658593475312534,-2.426640625,-2.34502
29.537,-2.451171875,-2.655658054316488,-2.4225781250000002,-2.34211
29.541,-2.447265625,-2.652699842784756,-2.4186328125000003,-2.33907
29.545,-2.44482421875,-2.649759863681574,-2.41484375,-2.336
29.55,-2.44140625,-2.6468335588998,-2.4111914062500004,-2.33309
29.554,-2.43798828125,-2.6439072541180266,-2.4076171875,-2.33002
29.558,-2.435546875,-2.640976391229117,-2.4041015625,-2.3271
29.563,-2.43310546875,-2.638036412125933,-2.400703125,-2.3240600000000002
29.567,-2.42919921875,-2.63513745598698,-2.39734375,-2.32102
29.571,-2.42529296875,-2.632156453919565,-2.39404296875,-2.31797
29.576,-2.421875,-2.6291754518521504,-2.3908398437500002,-2.31493
29.58,-2.41943359375,-2.626217240320422,-2.3877734375000004,-2.31202
29.584,-2.41650390625,-2.6233137260743327,-2.38466796875,-2.30898
29.589,-2.4130859375,-2.620332724006918,-2.38162109375,-2.30594
29.593,-2.41015625,-2.6172879084395895,-2.378671875,-2.30293
29.598,-2.4072265625,-2.6143479293364056,-2.37578125,-2.29992
29.602,-2.4033203125,-2.6113714853761287,-2.3729687500000005,-2.29691
29.606,-2.400390625,-2.608408715737262,-2.3701953125,-2.29391
29.611,-2.39794921875,-2.6054778528483507,-2.36748046875,-2.2910500000000003
29.615,-2.39599609375,-2.6025743386022615,-2.36478515625,-2.28805
29.62,-2.39208984375,-2.599638917606214,-2.3621875,-2.28505
29.624,-2.38916015625,-2.5967262871458505,-2.3596093750000002,-2.2821
29.628,-2.38623046875,-2.5937954242569408,-2.3569921875,-2.27912
29.633,-2.3828125,-2.590787073546707,-2.3545117187500004,-2.27604
29.637,-2.37939453125,-2.5878607687649318,-2.3519921875,-2.2731
29.642,-2.3759765625,-2.584888882911791,-2.3495898437500005,-2.2701700000000002
29.646,-2.37353515625,-2.581994484879976,-2.34716796875,-2.26723
29.65,-2.37109375,-2.579077296312475,-2.3448242187500004,-2.2643
29.655,-2.3681640625,-2.576228479352025,-2.3425390625,-2.26138
29.659,-2.365234375,-2.5733933367129875,-2.3401953125,-2.25848
29.664,-2.36181640625,-2.570476148145488,-2.3380078125000003,-2.25558
29.668,-2.359375,-2.567686586577816,-2.33578125,-2.25269
29.672,-2.35498046875,-2.5648149790816834,-2.3335546875000004,-2.24995
29.677,-2.35205078125,-2.5618613256570892,-2.3314062500000006,-2.24695
29.681,-2.34912109375,-2.559021624910912,-2.3292773437500003,-2.24422
29.685,-2.34619140625,-2.5561545755219175,-2.32716796875,-2.24135
29.69,-2.3447265625,-2.5533285490971522,-2.3251171875,-2.2385099999999998
29.694,-2.34130859375,-2.550584568600847,-2.3230859375,-2.23581
29.698,-2.3388671875,-2.5477950070331747,-2.3208984375000004,-2.233
29.703,-2.33544921875,-2.544868702251401,-2.31875,-2.23004
29.707,-2.3310546875,-2.5419287231482173,-2.3165429687500003,-2.22723
29.712,-2.32861328125,-2.538897581902301,-2.3144335937500005,-2.22415
29.716,-2.32568359375,-2.536089787906082,-2.31236328125,-2.22146
29.721,-2.32275390625,-2.5332774358027255,-2.3102539062500003,-2.21863
29.725,-2.32080078125,-2.5304696418065067,-2.3081640625,-2.2157999999999998
29.73,-2.31689453125,-2.5275706856675537,-2.3060546875000005,-2.21285
29.734,-2.31396484375,-2.5247537754570626,-2.30396484375,-2.2100400000000002
29.738,-2.310546875,-2.5219277490322973,-2.3018945312500003,-2.20722
29.743,-2.3076171875,-2.5190606996432994,-2.2997851562500005,-2.2044
29.747,-2.30419921875,-2.5161708597186205,-2.297734375,-2.2016
29.752,-2.3017578125,-2.5133539495081276,-2.2956640625,-2.1988
29.756,-2.29931640625,-2.5105370392976365,-2.2936328125000003,-2.1960100000000002
29.761,-2.29638671875,-2.5077246871942815,-2.2915820312500004,-2.1930899999999998
29.765,-2.2939453125,-2.504912335090925,-2.2894921875000005,-2.1903
29.769,-2.2900390625,-2.5021318897375266,-2.2875195312500005,-2.18754
29.774,-2.28662109375,-2.499378793026949,-2.2853710937500002,-2.18491
29.778,-2.28466796875,-2.4964524882451755,-2.2833593750000003,-2.18203
29.783,-2.28125,-2.493690275320324,-2.2812890625000004,-2.17929
29.787,-2.27783203125,-2.4909052718597877,-2.2792578125000005,-2.17656
29.791,-2.27587890625,-2.488147617042074,-2.27716796875,-2.17384
29.796,-2.2724609375,-2.4853899622243585,-2.2751171875000002,-2.17109
29.8,-2.26953125,-2.4826505398351912,-2.2730664062500003,-2.16847
29.804,-2.2666015625,-2.479906559338886,-2.271015625,-2.16573
29.809,-2.2646484375,-2.477217276128222,-2.2688671875,-2.16312
29.813,-2.2607421875,-2.4744231564534136,-2.2666992187500004,-2.16025
29.818,-2.25732421875,-2.4716427111000154,-2.2645703125,-2.15764
29.822,-2.25439453125,-2.4688987306037102,-2.2623632812500003,-2.1549
29.826,-2.251953125,-2.466113727143176,-2.26015625,-2.15214
29.831,-2.24951171875,-2.4633560723254604,-2.2579101562500004,-2.14938
29.835,-2.24609375,-2.460566510757788,-2.255703125,-2.14662
29.839,-2.2431640625,-2.4578225302614847,-2.2534765625000004,-2.14385
29.844,-2.240234375,-2.4550876659794536,-2.2512109375000002,-2.14122
29.848,-2.23681640625,-2.4523436854831484,-2.24892578125,-2.13847
29.852,-2.23388671875,-2.4495677982368864,-2.2466015625,-2.13571
29.857,-2.2314453125,-2.4468329339548553,-2.24421875,-2.13294
29.861,-2.228515625,-2.4440570467085934,-2.2418359375000003,-2.13017
29.865,-2.2255859375,-2.4413312986408364,-2.2394335937500003,-2.12755
29.87,-2.22314453125,-2.4385508532874365,-2.2369726562500003,-2.12478
29.874,-2.21923828125,-2.4358251052196795,-2.2345312500000003,-2.12203
29.878,-2.2158203125,-2.433076566616238,-2.23201171875,-2.11928
29.883,-2.21435546875,-2.430323469905659,-2.22939453125,-2.11665
29.887,-2.2099609375,-2.427593163730764,-2.2266015625,-2.11388
29.892,-2.20703125,-2.424612161663351,-2.2238671875000002,-2.11098
29.896,-2.205078125,-2.421845390631363,-2.2211718750000005,-2.10819
29.9,-2.2021484375,-2.4191606655278353,-2.2183593750000004,-2.10542
29.905,-2.1982421875,-2.4163893363887112,-2.2154101562500004,-2.10263
29.909,-2.19482421875,-2.413481264035484,-2.2125585937500003,-2.09972
29.914,-2.19287109375,-2.410705376789222,-2.2095312500000004,-2.09705
29.918,-2.1884765625,-2.407934047650098,-2.20646484375,-2.0942600000000002
29.922,-2.18505859375,-2.4050943469039225,-2.2033007812500003,-2.09145
29.927,-2.1826171875,-2.4022865529077038,-2.20009765625,-2.08862
29.931,-2.18017578125,-2.399506107554304,-2.1968359375000004,-2.08578
29.935,-2.17724609375,-2.3967712432722728,-2.1935546875000003,-2.08307
29.94,-2.17431640625,-2.3940363789902417,-2.1900781250000003,-2.08023
29.944,-2.17041015625,-2.3912422593154314,-2.18650390625,-2.07751
29.948,-2.1669921875,-2.388416232890668,-2.1827539062500003,-2.07468
29.953,-2.16357421875,-2.3855309510731235,-2.1788085937500004,-2.0718
29.957,-2.1611328125,-2.3825545071128467,-2.1746484375,-2.0688
29.962,-2.15771484375,-2.3795552726168854,-2.1706445312500002,-2.06577
29.966,-2.154296875,-2.376692781335027,-2.1665820312500004,-2.06286
29.971,-2.1513671875,-2.3737847089818,-2.16244140625,-2.05995
29.975,-2.14794921875,-2.3708128231286594,-2.15822265625,-2.0569
29.98,-2.14453125,-2.367740658918512,-2.15431640625,-2.05371
29.984,-2.1416015625,-2.3648964000651986,-2.15046875,-2.05091
29.989,-2.1376953125,-2.362056699319023,-2.14658203125,-2.04796
29.993,-2.1337890625,-2.359121278322977,-2.1427929687500002,-2.04502
29.997,-2.130859375,-2.3562359965054327,-2.138984375,-2.04218
30.002,-2.1279296875,-2.353305133616523,-2.135234375,-2.03918
30.006,-2.1259765625,-2.3504152936918423,-2.1315234375000003,-2.03619
30.011,-2.12255859375,-2.3475254537671635,-2.12783203125,-2.03318
30.015,-2.119140625,-2.3446310557353467,-2.12423828125,-2.03018
30.019,-2.115234375,-2.3417229833821196,-2.1207226562500003,-2.02715
30.024,-2.11083984375,-2.338755655636117,-2.117109375,-2.02426
30.028,-2.1083984375,-2.335765537354428,-2.11357421875,-2.02121
30.032,-2.1044921875,-2.3327936515012873,-2.11005859375,-2.01815
30.037,-2.1015625,-2.3297853007910536,-2.1066406250000003,-2.01506
30.041,-2.09912109375,-2.3267997406165044,-2.1032421875000002,-2.012
30.045,-2.095703125,-2.3238552034061843,-2.099921875,-2.00892
30.05,-2.09228515625,-2.3209152243030005,-2.09662109375,-2.00597
30.054,-2.08837890625,-2.3179296641284495,-2.0933203125,-2.00288
30.059,-2.08447265625,-2.314880290453983,-2.09,-1.99979
30.063,-2.0810546875,-2.3118354748866548,-2.0867578125,-1.99667
30.067,-2.0791015625,-2.3088499147121055,-2.08357421875,-1.99354
30.072,-2.0751953125,-2.305887145073237,-2.08033203125,-1.99056
30.076,-2.07177734375,-2.302819538970226,-2.077109375,-1.98743
30.08,-2.068359375,-2.299783839617172,-2.07400390625,-1.9843
30.085,-2.06494140625,-2.2967709307998003,-2.0708203125,-1.98116
30.089,-2.060546875,-2.293680534161105,-2.06765625,-1.97804
30.094,-2.0576171875,-2.2905217659153596,-2.0644726562500004,-1.97487
30.098,-2.05419921875,-2.2874450435980744,-2.0612695312500002,-1.9717
30.102,-2.05126953125,-2.284313623995148,-2.0580859375000005,-1.96851
30.107,-2.0478515625,-2.2811958787136337,-2.0549609375,-1.96534
30.111,-2.04443359375,-2.2781191563963485,-2.0519140625000003,-1.96213
30.115,-2.0400390625,-2.275015085436241,-2.04876953125,-1.95894
30.12,-2.03662109375,-2.271860875297632,-2.04572265625,-1.95559
30.124,-2.03369140625,-2.2687704786589364,-2.0426171875000003,-1.95253
30.129,-2.029296875,-2.2656299428417377,-2.03955078125,-1.94929
30.133,-2.02490234375,-2.2624347097388995,-2.03640625,-1.94608
30.137,-2.02294921875,-2.25916654692187,-2.0332617187500004,-1.9427
30.142,-2.01953125,-2.256016894890397,-2.03017578125,-1.93945
30.146,-2.015625,-2.2528763590731984,-2.02712890625,-1.93622
30.151,-2.0126953125,-2.2497267070417255,-2.0240234375,-1.93299
30.155,-2.00927734375,-2.246508683403203,-2.02087890625,-1.92975
30.159,-2.00537109375,-2.243281543550406,-2.0177929687500002,-1.92636
30.164,-2.0009765625,-2.2400635199118817,-2.01474609375,-1.92316
30.168,-1.998046875,-2.2368728449161797,-2.0115625,-1.92008
30.173,-1.9951171875,-2.2335864496706055,-2.0084765625000003,-1.91671
30.177,-1.9921875,-2.2304641462819514,-2.0054296875,-1.91349
30.181,-1.98876953125,-2.2273600753218474,-2.00236328125,-1.91042
30.186,-1.9853515625,-2.2242423300403313,-1.99923828125,-1.90717
30.19,-1.98095703125,-2.221074445580312,-1.9960742187499998,-1.90396
30.194,-1.9775390625,-2.2178473057275134,-1.9928515625,-1.90076
30.199,-1.97314453125,-2.214597375339036,-1.98966796875,-1.89754
30.203,-1.9697265625,-2.2114249327718767,-1.98638671875,-1.89447
30.208,-1.96728515625,-2.2081932348119455,-1.9830859375,-1.89126
30.212,-1.96337890625,-2.205007117923378,-1.97982421875,-1.88803
30.216,-1.9609375,-2.2017982104991276,-1.9764453124999999,-1.88478
30.221,-1.9560546875,-2.198621209824836,-1.9730468749999999,-1.88155
30.225,-1.953125,-2.1954031861863115,-1.969453125,-1.87846
30.23,-1.94921875,-2.1920301869051393,-1.9659765625,-1.87505
30.234,-1.94482421875,-2.188789372730932,-1.9624023437500002,-1.8718
30.238,-1.94140625,-2.185498419378222,-1.9587890625,-1.86853
30.243,-1.9384765625,-2.182216582239784,-1.9551953125000001,-1.86524
30.247,-1.93505859375,-2.1790167910298077,-1.9515429687499999,-1.86196
30.251,-1.93212890625,-2.1758124417126954,-1.94783203125,-1.85883
30.256,-1.92822265625,-2.172598976181309,-1.94416015625,-1.85554
30.26,-1.92431640625,-2.169403743078467,-1.9403320312499999,-1.85225
30.264,-1.92041015625,-2.166158370797124,-1.9364257812499999,-1.84914
30.269,-1.9169921875,-2.1628765336586877,-1.932421875,-1.84584
30.273,-1.91455078125,-2.159603812734522,-1.928203125,-1.84255
30.278,-1.90966796875,-2.156208022917667,-1.9240625,-1.8390900000000001
30.282,-1.9072265625,-2.152930743886367,-1.9198242187499999,-1.83581
30.286,-1.904296875,-2.1497081621407066,-1.91556640625,-1.83252
30.291,-1.8994140625,-2.1464719060736357,-1.9112304687500001,-1.82925
30.295,-1.89599609375,-2.143208301363744,-1.906640625,-1.82612
30.299,-1.89208984375,-2.1398899993682132,-1.9020117187499999,-1.82282
30.304,-1.8896484375,-2.136603604122641,-1.8972265625,-1.81952
30.308,-1.88623046875,-2.133403812912663,-1.8921484375,-1.81622
30.313,-1.88134765625,-2.1299943487743977,-1.8872851562500002,-1.81278
30.317,-1.87939453125,-2.1267854413501475,-1.8822070312499999,-1.80963
30.321,-1.875,-2.1235218366402577,-1.8769921875,-1.80637
30.326,-1.87158203125,-2.1202217670732733,-1.87177734375,-1.80309
30.33,-1.86767578125,-2.116967278577656,-1.866171875,-1.79982
30.335,-1.86376953125,-2.1136261860464405,-1.86060546875,-1.79657
30.339,-1.86083984375,-2.1103489070151387,-1.855,-1.79333
30.343,-1.85791015625,-2.1070807441981128,-1.8493359375,-1.7900800000000001
30.348,-1.8544921875,-2.1038171394882212,-1.8437890625,-1.78686
30.352,-1.85107421875,-2.1005170699212368,-1.83830078125,-1.78365
30.357,-1.84716796875,-2.097258023318483,-1.8330664062500002,-1.78045
30.361,-1.84375,-2.0940217672514123,-1.82796875,-1.77724
30.365,-1.84033203125,-2.0907490463272485,-1.8230078125,-1.77408
30.37,-1.83642578125,-2.087494557831631,-1.818125,-1.77091
30.374,-1.8330078125,-2.0841580234075536,-1.81333984375,-1.76776
30.378,-1.830078125,-2.0808989768048,-1.8087109375000001,-1.76462
30.383,-1.82666015625,-2.077626255880636,-1.8041796875000002,-1.76149
30.387,-1.82275390625,-2.0743216282065156,-1.7998828125,-1.75834
30.392,-1.82080078125,-2.071021558639531,-1.795703125,-1.75507
30.396,-1.81640625,-2.0678308836438273,-1.79173828125,-1.75197
30.401,-1.8125,-2.064631092433851,-1.787890625,-1.74899
30.405,-1.8095703125,-2.06146320797383,-1.7841406249999998,-1.7459
30.409,-1.8056640625,-2.058272532978128,-1.7803515625,-1.74296
30.414,-1.802734375,-2.0549724634111435,-1.77673828125,-1.73973
30.418,-1.79931640625,-2.0517407654512105,-1.77322265625,-1.73662
30.422,-1.79638671875,-2.048559206669781,-1.7696875,-1.73352
30.427,-1.79296875,-2.045245462781386,-1.7663671875,-1.73043
30.431,-1.78857421875,-2.042013764821453,-1.763125,-1.72733
30.436,-1.78515625,-2.0387911830757925,-1.759921875,-1.72424
30.44,-1.78173828125,-2.0355412526873113,-1.7568554687500002,-1.72117
30.444,-1.7783203125,-2.032346019584473,-1.7537695312500001,-1.7180900000000001
30.449,-1.77490234375,-2.0291143216245384,-1.7508203125,-1.71499
30.453,-1.771484375,-2.025896297986014,-1.747890625,-1.71189
30.457,-1.76904296875,-2.0227192973117205,-1.7450781249999998,-1.70893
30.462,-1.765625,-2.0195833196016597,-1.7423046875000001,-1.70583
30.466,-1.76220703125,-2.016410877034504,-1.73955078125,-1.70271
30.471,-1.7578125,-2.0131928533959798,-1.736875,-1.69962
30.475,-1.75439453125,-2.0099885040788674,-1.73421875,-1.69652
30.479,-1.7509765625,-2.0067887128688913,-1.7315625000000001,-1.69355
30.484,-1.7490234375,-2.0035843635517754,-1.7289648437499998,-1.69042
30.488,-1.74462890625,-2.0003982466632113,-1.72640625,-1.68731
30.492,-1.7412109375,-1.9971984554532334,-1.7239453125,-1.68417
30.497,-1.73779296875,-1.9940214547789399,-1.7214453125,-1.68103
30.501,-1.73486328125,-1.9908079892475534,-1.7190234375,-1.6779
30.506,-1.7314453125,-1.9876583372160805,-1.716484375,-1.67479
30.51,-1.72705078125,-1.9842853379349084,-1.713984375,-1.67148
30.515,-1.72314453125,-1.9808758737966432,-1.7115039062500002,-1.66819
30.519,-1.7197265625,-1.9775211069440175,-1.7091796875,-1.6649
30.524,-1.716796875,-1.974362338698274,-1.706875,-1.66188
30.528,-1.71337890625,-1.9711807799168426,-1.70462890625,-1.6587100000000001
30.532,-1.7099609375,-1.9680402440996438,-1.70240234375,-1.65556
30.537,-1.70703125,-1.964904266389583,-1.70015625,-1.65256
30.541,-1.7021484375,-1.9616725684296483,-1.6977929687500002,-1.64938
30.546,-1.69970703125,-1.9582813367199279,-1.6955859375,-1.64609
30.55,-1.69580078125,-1.9550906617242259,-1.6934375000000002,-1.64293
30.554,-1.6923828125,-1.9519182191570703,-1.6912890625,-1.6397599999999999
30.559,-1.68994140625,-1.9487594509113233,-1.689140625,-1.63673
30.563,-1.68603515625,-1.945564217808485,-1.6870507812499997,-1.6336
30.567,-1.6826171875,-1.942396333348464,-1.6850195312499998,-1.63046
30.572,-1.6796875,-1.939283146174084,-1.6829882812499999,-1.62732
30.576,-1.67578125,-1.9361562846782956,-1.6809375,-1.62432
30.58,-1.67236328125,-1.9330066326468227,-1.67890625,-1.62121
30.584,-1.6689453125,-1.929879771151036,-1.6768750000000001,-1.61822
30.589,-1.66650390625,-1.9267437934409717,-1.6748046875,-1.6151
30.593,-1.6630859375,-1.9235850251952265,-1.6727734374999998,-1.61199
30.597,-1.6591796875,-1.9204490474851639,-1.6707617187500001,-1.60903
30.602,-1.65673828125,-1.917340418417922,-1.66873046875,-1.60594
30.606,-1.6533203125,-1.9142454636720885,-1.66669921875,-1.60297
30.61,-1.6494140625,-1.9111186021763018,-1.6646679687500001,-1.5998999999999999
30.615,-1.646484375,-1.9079780663590995,-1.66259765625,-1.5968200000000001
30.619,-1.64306640625,-1.9048192981133543,-1.66052734375,-1.59388
30.623,-1.64013671875,-1.9016833204032935,-1.65845703125,-1.5908
30.628,-1.63623046875,-1.8984835291933155,-1.6563476562500001,-1.58774
30.632,-1.63232421875,-1.8952381569119723,-1.6542773437499998,-1.58452
30.637,-1.62890625,-1.8920474819162703,-1.6522265625,-1.58144
30.641,-1.62548828125,-1.8888887136705232,-1.650078125,-1.57852
30.646,-1.62255859375,-1.8855749697821285,-1.64796875,-1.57532
30.65,-1.61865234375,-1.8824253177506556,-1.6458984374999999,-1.57224
30.654,-1.61474609375,-1.8792756657191827,-1.6437499999999998,-1.56917
30.659,-1.61181640625,-1.8759983866878809,-1.64162109375,-1.56612
30.663,-1.60888671875,-1.8728122697993168,-1.6395312499999999,-1.56304
30.668,-1.60546875,-1.8697127569463472,-1.637421875,-1.55997
30.672,-1.60205078125,-1.8665858954505588,-1.63533203125,-1.55705
30.676,-1.5986328125,-1.8634635920619047,-1.63322265625,-1.55399
30.68,-1.595703125,-1.8603777535303472,-1.63103515625,-1.5509300000000001
30.685,-1.591796875,-1.8572235433917381,-1.6288671874999998,-1.54801
30.689,-1.5888671875,-1.854105798110222,-1.62654296875,-1.54496
30.694,-1.58544921875,-1.8508558677217408,-1.62435546875,-1.54175
30.698,-1.58251953125,-1.8477381224402247,-1.62212890625,-1.53885
30.702,-1.5791015625,-1.8446659582300775,-1.619921875,-1.5358
30.707,-1.576171875,-1.84158011969852,-1.6175976562499998,-1.5327600000000001
30.711,-1.572265625,-1.8384395838813195,-1.6153515625000001,-1.5297100000000001
30.715,-1.56884765625,-1.835358303456898,-1.61298828125,-1.52682
30.72,-1.5654296875,-1.8321676284611943,-1.610625,-1.52379
30.724,-1.5625,-1.8289906277869026,-1.60826171875,-1.5207600000000001
30.729,-1.55908203125,-1.8258273014340194,-1.6058203125,-1.5176
30.733,-1.55615234375,-1.8226913237239568,-1.6034179687499999,-1.51459
30.737,-1.552734375,-1.8196191595138078,-1.60095703125,-1.51172
30.742,-1.54931640625,-1.816469507482335,-1.59841796875,-1.50871
30.746,-1.54541015625,-1.813274274379495,-1.5958984375,-1.5055800000000001
30.751,-1.54248046875,-1.8101610872051168,-1.5933398437500002,-1.50258
30.755,-1.5390625,-1.807057016245011,-1.59078125,-1.49973
30.759,-1.5361328125,-1.8039939682491362,-1.58814453125,-1.49675
30.764,-1.533203125,-1.8009400364675354,-1.58552734375,-1.49377
30.768,-1.52978515625,-1.7979043371144794,-1.582734375,-1.49093
30.772,-1.52734375,-1.794777475618691,-1.5798046874999998,-1.48794
30.777,-1.52294921875,-1.7915594519801665,-1.5770117187500001,-1.48481
30.781,-1.51904296875,-1.7884964039842934,-1.5741015625,-1.48182
30.786,-1.51611328125,-1.7853695424885032,-1.57111328125,-1.47883
30.79,-1.51318359375,-1.7822745877426716,-1.568046875,-1.47584
30.794,-1.51025390625,-1.7791796329968381,-1.56486328125,-1.47285
30.799,-1.5068359375,-1.7760482133939135,-1.56166015625,-1.46986
30.803,-1.5029296875,-1.7729395843266715,-1.5583984375,-1.46686
30.808,-1.5009765625,-1.7698628620093864,-1.55513671875,-1.4638499999999999
30.812,-1.4970703125,-1.7668545112991527,-1.5517578125,-1.4608400000000001
30.816,-1.49365234375,-1.7638188119460967,-1.5483007812499998,-1.45785
30.821,-1.49072265625,-1.7607831125930424,-1.544765625,-1.45498
30.825,-1.48828125,-1.7577884362042173,-1.5411328125000001,-1.45198
30.829,-1.484375,-1.7548028760296663,-1.53740234375,-1.44913
30.834,-1.4814453125,-1.7517762928908862,-1.5336132812499998,-1.4461300000000001
30.838,-1.478515625,-1.748777058394925,-1.5298632812500002,-1.44314
30.842,-1.47412109375,-1.7457368009347345,-1.5260351562499999,-1.44014
30.847,-1.4716796875,-1.742691985367406,-1.5221484374999998,-1.4373
30.851,-1.46826171875,-1.7396243792643933,-1.51833984375,-1.43431
30.855,-1.46484375,-1.7365750055899305,-1.514453125,-1.43133
30.86,-1.46240234375,-1.7335256319154642,-1.5107031249999998,-1.42835
30.864,-1.458984375,-1.7305218393123667,-1.50701171875,-1.4253900000000002
30.869,-1.4560546875,-1.7275271629235416,-1.5033789062499998,-1.4224
30.873,-1.4521484375,-1.7245370446418562,-1.49982421875,-1.4194200000000001
30.877,-1.44873046875,-1.7215241358244846,-1.49625,-1.41657
30.882,-1.4453125,-1.7184793202571562,-1.4927734375000001,-1.41361
30.886,-1.44287109375,-1.7154755276540588,-1.4893359375000002,-1.4107699999999999
30.89,-1.439453125,-1.712499083693782,-1.4859179687500002,-1.4078
30.894,-1.43603515625,-1.709508965412093,-1.482578125,-1.40484
30.899,-1.4326171875,-1.7065142890232696,-1.47927734375,-1.4020000000000001
30.903,-1.43017578125,-1.7035104964201722,-1.4759765625,-1.39903
30.907,-1.42724609375,-1.700515820031347,-1.47275390625,-1.3961999999999999
30.912,-1.423828125,-1.6975120274282496,-1.4694921875,-1.39325
30.916,-1.419921875,-1.6944854442894695,-1.4661328125,-1.3902700000000001
30.921,-1.41748046875,-1.6913540246865413,-1.462890625,-1.38719
30.925,-1.4140625,-1.688277302369256,-1.45966796875,-1.3842400000000001
30.93,-1.4111328125,-1.6852233705876571,-1.45654296875,-1.3811499999999999
30.934,-1.4072265625,-1.6822378104131044,-1.4534375,-1.37831
30.938,-1.40478515625,-1.679243134024281,-1.4504296875,-1.3753600000000001
30.943,-1.4013671875,-1.6762666900640042,-1.44748046875,-1.37226
30.947,-1.39794921875,-1.6733267109608203,-1.44443359375,-1.3694199999999999
30.951,-1.39453125,-1.670327476464859,-1.4415039062500001,-1.36659
30.956,-1.39111328125,-1.6673601487188545,-1.4385546875,-1.36364
30.96,-1.388671875,-1.6643882628657138,-1.4356250000000002,-1.3608099999999999
30.964,-1.38623046875,-1.6614437256553938,-1.4327343750000001,-1.3578299999999999
30.969,-1.3828125,-1.6585310951950305,-1.42982421875,-1.35488
30.973,-1.37939453125,-1.6555865579847104,-1.42697265625,-1.35205
30.977,-1.3759765625,-1.652578207274475,-1.423984375,-1.34907
30.982,-1.37255859375,-1.6495744146713776,-1.4211132812499998,-1.34598
30.986,-1.36962890625,-1.6466070869253748,-1.41822265625,-1.34304
30.99,-1.3662109375,-1.643616968643686,-1.41533203125,-1.34008
30.995,-1.36328125,-1.6406040598263143,-1.4124414062500001,-1.33712
30.999,-1.36083984375,-1.6375820347946721,-1.4094140625,-1.3341699999999999
31.004,-1.35693359375,-1.6344870800488387,-1.40642578125,-1.3311000000000002
31.008,-1.353515625,-1.6313784509815967,-1.40359375,-1.32799
31.013,-1.35009765625,-1.6284111232355922,-1.4007812499999999,-1.32516
31.017,-1.3466796875,-1.6254529117038636,-1.39791015625,-1.32222
31.021,-1.34423828125,-1.6224445609936282,-1.39501953125,-1.31927
31.026,-1.34130859375,-1.6194590008190772,-1.3921484375000002,-1.3163
31.03,-1.3369140625,-1.6164506501088436,-1.3892382812500002,-1.31334
31.035,-1.33447265625,-1.613478764255703,-1.38640625,-1.3103799999999999
31.039,-1.33203125,-1.6105570175810655,-1.38353515625,-1.30752
31.043,-1.328125,-1.6075988060493351,-1.3806640625,-1.3045499999999999
31.048,-1.32568359375,-1.6046360364104668,-1.37779296875,-1.30159
31.052,-1.32177734375,-1.601668708664464,-1.37482421875,-1.29861
31.056,-1.318359375,-1.5986466836328201,-1.37197265625,-1.29563
31.061,-1.31591796875,-1.5956702396725433,-1.3691015624999998,-1.2926600000000001
31.065,-1.3125,-1.5927484929979059,-1.36619140625,-1.2896800000000002
31.069,-1.3095703125,-1.5898221882161323,-1.36328125,-1.28682
31.074,-1.30712890625,-1.5868958834343587,-1.3604296875,-1.2838500000000002
31.078,-1.30322265625,-1.5839923691882696,-1.3575000000000002,-1.2808899999999999
31.082,-1.30078125,-1.5811025292635907,-1.35453125,-1.27805
31.087,-1.2978515625,-1.5782218055531843,-1.35150390625,-1.27508
31.091,-1.29443359375,-1.5752818264500004,-1.34841796875,-1.27213
31.096,-1.29150390625,-1.5723144987039959,-1.34533203125,-1.26918
31.1,-1.28857421875,-1.5694246587793153,-1.34220703125,-1.2662
31.104,-1.2861328125,-1.5664937958904055,-1.3390234374999999,-1.26326
31.109,-1.2822265625,-1.563576607322906,-1.33587890625,-1.26033
31.113,-1.279296875,-1.560677651183953,-1.33263671875,-1.25738
31.117,-1.275390625,-1.5577422301879071,-1.3293359375,-1.2544300000000002
31.122,-1.27294921875,-1.5548387159418144,-1.32603515625,-1.2515100000000001
31.126,-1.26953125,-1.5519352016957253,-1.3226562499999999,-1.2487
31.131,-1.26708984375,-1.5490088969139535,-1.31919921875,-1.24576
31.135,-1.263671875,-1.5460552434893575,-1.3157421875,-1.2427000000000001
31.139,-1.2607421875,-1.5431881941003631,-1.3121875,-1.2399200000000001
31.144,-1.2578125,-1.5402618893185895,-1.30861328125,-1.23699
31.148,-1.2548828125,-1.5373538169653642,-1.304921875,-1.23392
31.153,-1.25146484375,-1.5344047216479062,-1.301171875,-1.2309999999999999
31.157,-1.248046875,-1.5314784168661308,-1.29744140625,-1.22807
31.161,-1.2451171875,-1.5286022512628623,-1.29361328125,-1.22515
31.166,-1.24267578125,-1.5257488761952764,-1.2897265624999998,-1.2223600000000001
31.17,-1.2392578125,-1.5229091754491009,-1.28568359375,-1.2194500000000001
31.174,-1.2373046875,-1.5200011030958738,-1.2815234375,-1.21654
31.179,-1.23388671875,-1.5171021469569226,-1.2771484375,-1.2134800000000001
31.184,-1.22998046875,-1.5141165867823698,-1.272890625,-1.21042
31.188,-1.22705078125,-1.5112768860361943,-1.26853515625,-1.20762
31.192,-1.2236328125,-1.508414394754336,-1.2640039062500001,-1.20469
31.197,-1.22119140625,-1.5055154386153813,-1.259296875,-1.20177
31.201,-1.2177734375,-1.5026392730121128,-1.25458984375,-1.19885
31.205,-1.21435546875,-1.4997813398373907,-1.249765625,-1.1959300000000002
31.21,-1.212890625,-1.496978103948308,-1.24478515625,-1.19312
31.214,-1.208984375,-1.4941703099520893,-1.2396289062499999,-1.1901700000000002
31.218,-1.20556640625,-1.491294144348819,-1.2340039062500001,-1.18723
31.223,-1.2021484375,-1.488235654460082,-1.22814453125,-1.18414
31.228,-1.19873046875,-1.485158932142797,-1.22236328125,-1.1809500000000002
31.232,-1.1962890625,-1.4822463016824337,-1.2165625,-1.17802
31.237,-1.19287109375,-1.479356461757753,-1.21060546875,-1.17509
31.241,-1.1904296875,-1.4764028083331606,-1.20466796875,-1.17201
31.246,-1.1865234375,-1.4734081319443355,-1.19888671875,-1.16894
31.25,-1.18408203125,-1.4704955014839722,-1.19337890625,-1.16598
31.255,-1.18115234375,-1.4676603588449328,-1.1880859375000001,-1.16303
31.259,-1.177734375,-1.4648206580987573,-1.18283203125,-1.1600700000000002
31.263,-1.173828125,-1.4619809573525817,-1.1776953125,-1.15713
31.268,-1.17138671875,-1.459086559320765,-1.17267578125,-1.15418
31.272,-1.16845703125,-1.4561967193960843,-1.1678125,-1.15123
31.276,-1.16552734375,-1.4533023213642693,-1.16294921875,-1.1482700000000001
31.281,-1.16259765625,-1.450389690903906,-1.1583984375,-1.14531
31.285,-1.1591796875,-1.4475591063720046,-1.1541015625,-1.14234
31.29,-1.15673828125,-1.4447467542686478,-1.1497851562499999,-1.13938
31.294,-1.1533203125,-1.4418523562368328,-1.14560546875,-1.13643
31.298,-1.150390625,-1.439040004133476,-1.1416406250000002,-1.13348
31.303,-1.14697265625,-1.4362276520301211,-1.1376953125,-1.13053
31.307,-1.14404296875,-1.4333697188553973,-1.1337890625,-1.12771
31.312,-1.1416015625,-1.4304753208235805,-1.13005859375,-1.12461
31.316,-1.138671875,-1.4276584106130876,-1.12646484375,-1.12165
31.32,-1.13525390625,-1.4248551747240068,-1.1230078125,-1.1187
31.325,-1.1328125,-1.422047380727788,-1.1195703125,-1.11589
31.329,-1.13037109375,-1.4192806096958002,-1.11619140625,-1.11293
31.333,-1.1259765625,-1.416459141378171,-1.11294921875,-1.1099700000000001
31.338,-1.12353515625,-1.413596650096311,-1.1096679687500002,-1.10702
31.342,-1.1201171875,-1.410743275028727,-1.10654296875,-1.10405
31.347,-1.11767578125,-1.407953713461053,-1.1033593750000001,-1.10108
31.351,-1.1142578125,-1.4050228505721432,-1.100234375,-1.09798
31.356,-1.11083984375,-1.402078313361823,-1.09720703125,-1.09489
31.36,-1.1083984375,-1.3992067058656907,-1.0941796875,-1.0919400000000001
31.365,-1.10498046875,-1.3962530524410965,-1.0912109375,-1.08884
31.369,-1.10205078125,-1.3932993990165041,-1.08826171875,-1.08574
31.374,-1.099609375,-1.390391326663277,-1.0855859375,-1.08264
31.378,-1.095703125,-1.3876291137384253,-1.08291015625,-1.0796700000000001
31.383,-1.09326171875,-1.384844110277891,-1.080234375,-1.07683
31.387,-1.08984375,-1.3820727811387652,-1.07755859375,-1.0738699999999999
31.391,-1.08740234375,-1.379251312821136,-1.074921875,-1.0709
31.396,-1.08349609375,-1.3764161701820967,-1.0723437500000002,-1.06793
31.4,-1.08154296875,-1.3736129342930141,-1.06984375,-1.06495
31.405,-1.078125,-1.3708142565110695,-1.06732421875,-1.06197
31.409,-1.0751953125,-1.368056601693354,-1.06490234375,-1.05898
31.413,-1.07275390625,-1.3653035049827764,-1.0624609375,-1.05599
31.418,-1.06884765625,-1.3625139434151041,-1.05994140625,-1.05301
31.422,-1.06640625,-1.3596833588832027,-1.057578125,-1.05004
31.426,-1.0625,-1.3569348202797595,-1.0551953125,-1.04718
31.431,-1.060546875,-1.3541680492477717,-1.0528515625000001,-1.0442
31.435,-1.05712890625,-1.3514058363229218,-1.0506054687500002,-1.04135
31.439,-1.0546875,-1.3486800882551648,-1.048359375,-1.03836
31.444,-1.05126953125,-1.3459269915445855,-1.04607421875,-1.03551
31.448,-1.048828125,-1.3431921272625544,-1.0438085937500001,-1.03255
31.452,-1.04541015625,-1.3404481467662492,-1.0415625,-1.02973
31.456,-1.04248046875,-1.3376996081628079,-1.039296875,-1.02675
31.461,-1.0400390625,-1.3349191628094097,-1.03703125,-1.02379
31.465,-1.03662109375,-1.3321660660988304,-1.03484375,-1.0209700000000002
31.469,-1.03369140625,-1.3294312018167993,-1.0325585937500001,-1.0180099999999999
31.474,-1.03076171875,-1.3266279659277185,-1.03033203125,-1.01504
31.478,-1.0283203125,-1.323879427324277,-1.02806640625,-1.01224
31.483,-1.02490234375,-1.3210853076494686,-1.02576171875,-1.0093
31.487,-1.02197265625,-1.318282071760386,-1.0235156250000002,-1.0063499999999999
31.491,-1.01953125,-1.3155380912640808,-1.02126953125,-1.0034
31.496,-1.01611328125,-1.3127849945535033,-1.0190625,-1.00046
31.5,-1.01318359375,-1.3100501302714722,-1.0168359375,-0.99764
31.504,-1.0107421875,-1.3073107078823032,-1.014609375,-0.99468
31.509,-1.0068359375,-1.3045257044217689,-1.01234375,-0.99174
31.513,-1.00390625,-1.301713352318414,-1.0101171875000001,-0.9888
31.517,-1.00146484375,-1.298983046143519,-1.00783203125,-0.98597
31.522,-0.99755859375,-1.2961843683615726,-1.005546875,-0.98301
31.526,-0.9951171875,-1.2933583419368073,-1.0033203125,-0.98005
31.53,-0.9921875,-1.29061891954764,-1.0010546875000002,-0.97709
31.535,-0.98974609375,-1.287833916087104,-0.99876953125,-0.97426
31.539,-0.98681640625,-1.2850534707337076,-0.99650390625,-0.9713
31.543,-0.98388671875,-1.2823003740231282,-0.99416015625,-0.96836
31.548,-0.98046875,-1.2795108124554577,-0.99185546875,-0.9654
31.552,-0.9775390625,-1.2767440414234699,-0.989453125,-0.96245
31.557,-0.97509765625,-1.2739362474272493,-0.9869921875,-0.9595
31.561,-0.97216796875,-1.271023616966886,-0.98458984375,-0.95628
31.566,-0.9697265625,-1.2682659621491705,-0.9822265625,-0.95333
31.57,-0.966796875,-1.265553888402824,-0.97990234375,-0.95053
31.574,-0.96337890625,-1.262860047085022,-0.97748046875,-0.94759
31.579,-0.95947265625,-1.2601206246958547,-0.97509765625,-0.94467
31.583,-0.95703125,-1.2573857604138237,-0.97267578125,-0.94189
31.587,-0.955078125,-1.2546463380246546,-0.9701953124999999,-0.93896
31.592,-0.95166015625,-1.2519479385997183,-0.96771484375,-0.9360299999999999
31.596,-0.94873046875,-1.2492495391747802,-0.965234375,-0.9332400000000001
31.6,-0.9462890625,-1.2465146748927491,-0.9626367187499999,-0.93032
31.605,-0.943359375,-1.2437889268249904,-0.9600585937499999,-0.9273800000000001
31.609,-0.939453125,-1.2410768530786456,-0.9573828124999999,-0.9244600000000001
31.613,-0.93701171875,-1.2382918496181095,-0.9546484375,-0.92154
31.618,-0.9345703125,-1.235534194800394,-0.95193359375,-0.91862
31.622,-0.931640625,-1.232840353482592,-0.9491210937499999,-0.9158
31.627,-0.9287109375,-1.230114605414835,-0.9462499999999999,-0.9128700000000001
31.631,-0.92578125,-1.2273569505971196,-0.9432226562499999,-0.9099299999999999
31.636,-0.923828125,-1.2245354822794923,-0.94025390625,-0.90683
31.64,-0.919921875,-1.2218370828545542,-0.9373046875,-0.90387
31.644,-0.91650390625,-1.2191158928939334,-0.93419921875,-0.90093
31.649,-0.91357421875,-1.2163536799690817,-0.93107421875,-0.89798
31.653,-0.91015625,-1.2136233737941868,-0.92775390625,-0.8950100000000001
31.658,-0.908203125,-1.2107836730480113,-0.9243945312499999,-0.8919300000000001
31.662,-0.9052734375,-1.2080305763374337,-0.9210546875,-0.88897
31.666,-0.90283203125,-1.205350409341042,-0.9176757812499999,-0.8861300000000001
31.671,-0.8994140625,-1.202652009916104,-0.91419921875,-0.88316
31.675,-0.89697265625,-1.1999536104911677,-0.91056640625,-0.8802099999999999
31.679,-0.89306640625,-1.197195955673454,-0.90693359375,-0.8772500000000001
31.684,-0.89111328125,-1.194497556248514,-0.9029882812500001,-0.87429
31.688,-0.8876953125,-1.191653297395204,-0.89896484375,-0.8712200000000001
31.693,-0.88525390625,-1.1888591777203938,-0.8949804687499999,-0.86815
31.697,-0.8818359375,-1.186137987759773,-0.8910546874999999,-0.8651899999999999
31.702,-0.87890625,-1.1834441464419712,-0.88716796875,-0.86239
31.706,-0.876953125,-1.180800444302676,-0.88328125,-0.85947
31.71,-0.8740234375,-1.178147625949105,-0.8794140625,-0.85653
31.715,-0.87060546875,-1.1754720170598514,-0.8755664062499999,-0.8537399999999999
31.719,-0.8681640625,-1.17280552438487,-0.87173828125,-0.8508500000000001
31.723,-0.865234375,-1.1701207992813423,-0.86794921875,-0.84795
31.728,-0.86181640625,-1.1674132836421336,-0.8641992187499999,-0.84504
31.732,-0.8603515625,-1.1647240004314678,-0.8604492187499999,-0.84213
31.737,-0.85693359375,-1.162075740185033,-0.8568749999999999,-0.8391200000000001
31.741,-0.85400390625,-1.1594593866885585,-0.85330078125,-0.8364800000000001
31.745,-0.85107421875,-1.1567609872636204,-0.8498046875,-0.83358
31.75,-0.84814453125,-1.1540808202672306,-0.8463671875000001,-0.8307
31.754,-0.84521484375,-1.151450792449344,-0.84291015625,-0.8278300000000001
31.758,-0.8427734375,-1.148756951131542,-0.8395507812499999,-0.8249500000000001
31.763,-0.83935546875,-1.1460904584565608,-0.8362695312499999,-0.82206
31.767,-0.83740234375,-1.1434513144244018,-0.83294921875,-0.81932
31.771,-0.83544921875,-1.1407893798565585,-0.8296875,-0.81644
31.776,-0.83154296875,-1.1381274452887151,-0.8263867187499999,-0.8135399999999999
31.78,-0.828125,-1.1354016972209564,-0.8231250000000001,-0.8105199999999999
31.785,-0.82568359375,-1.1326805072603356,-0.8197265624999999,-0.8076700000000001
31.789,-0.822265625,-1.1298088997642033,-0.81654296875,-0.8045199999999999
31.794,-0.8193359375,-1.1269919895537104,-0.81326171875,-0.80149
31.799,-0.81640625,-1.124206986093176,-0.8101953124999999,-0.79847
31.803,-0.814453125,-1.1215997488109721,-0.80712890625,-0.7957000000000001
31.807,-0.81103515625,-1.1189286980288546,-0.8040429687499999,-0.7926500000000001
31.812,-0.8076171875,-1.116202949961096,-0.80103515625,-0.78975
31.816,-0.80517578125,-1.11351822485757,-0.79810546875,-0.78685
31.821,-0.80224609375,-1.1108881970396833,-0.79521484375,-0.7837799999999999
31.825,-0.79931640625,-1.1082900759717518,-0.7922851562500001,-0.7809699999999999
31.829,-0.79638671875,-1.1056372576181825,-0.78935546875,-0.7780499999999999
31.834,-0.79345703125,-1.1029889973717495,-0.7864453124999999,-0.7752399999999999
31.838,-0.791015625,-1.1003316209110423,-0.7835546875,-0.7722800000000001
31.842,-0.78759765625,-1.097669686343199,-0.7806835937500001,-0.7693300000000001
31.847,-0.78515625,-1.0950396585253106,-0.77783203125,-0.76641
31.851,-0.78125,-1.092373165850331,-0.7749609375,-0.7635799999999999
31.855,-0.77880859375,-1.0896702083182568,-0.772109375,-0.7605999999999999
31.86,-0.77587890625,-1.0869945994290031,-0.769296875,-0.7576499999999999
31.864,-0.77294921875,-1.084337222968296,-0.76642578125,-0.75482
31.868,-0.771484375,-1.0816798465075905,-0.7635937500000001,-0.7518400000000001
31.873,-0.767578125,-1.0790361443682936,-0.7607421875,-0.74888
31.877,-0.7646484375,-1.0763286287290814,-0.75783203125,-0.74593
31.881,-0.76171875,-1.0736028806613245,-0.7549609375,-0.74295
31.886,-0.7587890625,-1.070890806914976,-0.75208984375,-0.7399500000000001
31.89,-0.755859375,-1.0681605007400812,-0.7491796875000001,-0.73699
31.895,-0.751953125,-1.0654028459223657,-0.7462890624999999,-0.734
31.899,-0.7490234375,-1.0626315167832416,-0.74341796875,-0.7308600000000001
31.903,-0.74560546875,-1.0599057687154847,-0.7405664062499999,-0.72801
31.908,-0.74267578125,-1.057180020647726,-0.7377343749999999,-0.72505
31.912,-0.74072265625,-1.0544633887942414,-0.7348828125,-0.7220500000000001
31.916,-0.73779296875,-1.0517832217978516,-0.7320703125,-0.7191799999999999
31.921,-0.73486328125,-1.0490984966943238,-0.7291015625,-0.7162
31.925,-0.73193359375,-1.0463134932337894,-0.72626953125,-0.7131799999999999
31.93,-0.728515625,-1.0436287681302616,-0.7233984375,-0.7101599999999999
31.934,-0.7255859375,-1.04086655520541,-0.7204296875,-0.7071700000000001
31.938,-0.72216796875,-1.0381225747091047,-0.7174609375,-0.7043299999999999
31.943,-0.7197265625,-1.0353740361056634,-0.7145312500000001,-0.7013199999999999
31.947,-0.71728515625,-1.0326756366807253,-0.7116015625,-0.69831
31.951,-0.71435546875,-1.0299590048272425,-0.70865234375,-0.6953400000000001
31.956,-0.71142578125,-1.0272970702593973,-0.7056250000000001,-0.6924600000000001
31.96,-0.7080078125,-1.0245804384059145,-0.70259765625,-0.68944
31.964,-0.70556640625,-1.0218364579096093,-0.69951171875,-0.6864600000000001
31.969,-0.7021484375,-1.0191198260561247,-0.696328125,-0.6836200000000001
31.973,-0.69921875,-1.016357613131273,-0.6932031249999999,-0.6806099999999999
31.977,-0.69580078125,-1.0136136326349678,-0.69005859375,-0.6776200000000001
31.982,-0.69384765625,-1.0109197913171677,-0.6869140625,-0.67465
31.986,-0.68994140625,-1.0081894851422728,-0.6836328125,-0.67178
31.99,-0.68701171875,-1.0054272722174211,-0.6803515625000001,-0.6687700000000001
31.995,-0.68359375,-1.0026741755068436,-0.67701171875,-0.6658
31.999,-0.68115234375,-0.9999074044748539,-0.67353515625,-0.66283
32.003,-0.67822265625,-0.9970996104786352,-0.670078125,-0.6598200000000001
32.008,-0.67626953125,-0.9943373975537835,-0.666484375,-0.65682
32.012,-0.6728515625,-0.9915706265217956,-0.6629101562499999,-0.65384
32.017,-0.66943359375,-0.9888038554898078,-0.659296875,-0.6508100000000001
32.021,-0.666015625,-0.9860097358150011,-0.6555468750000001,-0.64778
32.026,-0.662109375,-0.9831563607474134,-0.651796875,-0.6448
32.03,-0.6591796875,-0.9803075437869637,-0.64791015625,-0.64181
32.034,-0.65625,-0.9774496106122417,-0.6439843749999999,-0.6387799999999999
32.039,-0.6533203125,-0.9746144679732041,-0.639921875,-0.63577
32.043,-0.6513671875,-0.9718294645126679,-0.6358984375000001,-0.63277
32.047,-0.6474609375,-0.9690900421234989,-0.63171875,-0.62971
32.052,-0.64501953125,-0.9662913643415543,-0.62744140625,-0.6266499999999999
32.056,-0.6416015625,-0.9634790122381993,-0.62296875,-0.62365
32.061,-0.6376953125,-0.9605481493492896,-0.6183984375,-0.6204799999999999
32.065,-0.63525390625,-0.957703890495976,-0.61384765625,-0.6174299999999999
32.07,-0.63232421875,-0.9549234451425779,-0.609140625,-0.61452
32.074,-0.62939453125,-0.9521703484320003,-0.6042773437500001,-0.61147
32.078,-0.62646484375,-0.9493625544357815,-0.5994140625,-0.6083799999999999
32.082,-0.62353515625,-0.9466140158323402,-0.5943359375,-0.60545
32.087,-0.6201171875,-0.9438107799432576,-0.58900390625,-0.60242
32.091,-0.6171875,-0.9409254981257149,-0.5836718750000001,-0.5992
32.096,-0.61376953125,-0.938145052772315,-0.57822265625,-0.59625
32.1,-0.61083984375,-0.9353190263475497,-0.5726953125,-0.5931900000000001
32.104,-0.607421875,-0.9325021161370568,-0.567265625,-0.5901099999999999
32.109,-0.6044921875,-0.9296305086409244,-0.56177734375,-0.5869800000000001
32.113,-0.6015625,-0.9268135984304333,-0.55650390625,-0.5840400000000001
32.117,-0.5986328125,-0.9239966882199404,-0.55126953125,-0.5809899999999999
32.122,-0.595703125,-0.9211934523308596,-0.5462109374999999,-0.5779099999999999
32.126,-0.5927734375,-0.9183491934775461,-0.54126953125,-0.5748200000000001
32.13,-0.5888671875,-0.9155186089456446,-0.53638671875,-0.5719000000000001
32.135,-0.5859375,-0.9126424433423743,-0.531640625,-0.5688
32.139,-0.5830078125,-0.9097799520605143,-0.5270703125,-0.56568
32.144,-0.580078125,-0.9069129026715181,-0.5226171875,-0.56261
32.148,-0.576171875,-0.9040549694967961,-0.5183203125,-0.5595699999999999
32.152,-0.57421875,-0.9011696876792534,-0.5141796875000001,-0.55646
32.157,-0.56982421875,-0.8983117545045314,-0.51015625,-0.5534000000000001
32.161,-0.56640625,-0.8954036821513043,-0.5062109375,-0.55036
32.166,-0.56396484375,-0.892491051690941,-0.50234375,-0.5472699999999999
32.17,-0.56103515625,-0.8896240023019448,-0.49865234375,-0.5441800000000001
32.174,-0.55810546875,-0.886770627234359,-0.49509765625,-0.5412699999999999
32.178,-0.55517578125,-0.8839673913452764,-0.49162109375000007,-0.53823
32.183,-0.55224609375,-0.8811413649205111,-0.48822265625000005,-0.53529
32.187,-0.54931640625,-0.878283431745789,-0.48492187500000006,-0.53227
32.192,-0.54541015625,-0.8753844756068361,-0.4815625,-0.5292300000000001
32.196,-0.54150390625,-0.8724444965036522,-0.47845703125000005,-0.52616
32.2,-0.54638671875,-0.8697460970787141,-0.47669921875,-0.5231600000000001
32.205,-0.548828125,-0.8673439746176648,-0.47613281250000006,-0.5207999999999999
32.209,-0.5517578125,-0.865197106156268,-0.4764453125,-0.5189900000000001
32.213,-0.55517578125,-0.8633647470873065,-0.47738281250000003,-0.51773
32.218,-0.55810546875,-0.8617830839108667,-0.47890625,-0.5169900000000001
32.222,-0.5625,-0.8604566747340812,-0.48087890624999996,-0.51678
32.226,-0.56640625,-0.8594128681997724,-0.48322265625000005,-0.51705
32.231,-0.568359375,-0.8585605021652061,-0.4859765625,-0.51782
32.235,-0.57177734375,-0.8578631117732876,-0.48896484375000004,-0.51919
32.239,-0.5751953125,-0.8573708362025236,-0.49228515625,-0.5211600000000001
32.244,-0.57861328125,-0.857083675452909,-0.49560546875,-0.5236000000000001
32.248,-0.58154296875,-0.8569788389887645,-0.49916015625,-0.5266200000000001
32.253,-0.5849609375,-0.8570335362744057,-0.50279296875,-0.5299799999999999
32.257,-0.5888671875,-0.8572659997383791,-0.50666015625,-0.53304
32.261,-0.59228515625,-0.8576716712735468,-0.5107421875,-0.5362800000000001
32.266,-0.59521484375,-0.8582140860228158,-0.515078125,-0.53938
32.27,-0.5986328125,-0.8588886858790499,-0.51951171875,-0.5426200000000001
32.274,-0.60107421875,-0.8596817965208388,-0.5242187500000001,-0.54586
32.279,-0.60498046875,-0.8605979760553186,-0.52904296875,-0.5492900000000001
32.283,-0.607421875,-0.8616189920539448,-0.5340234375,-0.55253
32.288,-0.61181640625,-0.8627494026238516,-0.539140625,-0.55576
32.292,-0.6142578125,-0.8639800915507649,-0.54451171875,-0.5590200000000001
32.296,-0.619140625,-0.8653611980131899,-0.55052734375,-0.56226
32.301,-0.6220703125,-0.866924628761085,-0.55654296875,-0.5658000000000001
32.306,-0.625,-0.8685336405803472,-0.56236328125,-0.56907
32.31,-0.6279296875,-0.8701289780781973,-0.5683007812499999,-0.5723499999999999
32.315,-0.63134765625,-0.871847384468742,-0.5742578125,-0.5757099999999999
32.319,-0.63525390625,-0.8736843016448397,-0.5800976562500001,-0.5789900000000001
32.324,-0.63916015625,-0.8755850323208509,-0.585703125,-0.5824100000000001
32.328,-0.6416015625,-0.8775176697468208,-0.59107421875,-0.5856399999999999
32.332,-0.64501953125,-0.8794320747442406,-0.5964453125,-0.5887800000000001
32.337,-0.64892578125,-0.8814695486343549,-0.601875,-0.59206
32.341,-0.6513671875,-0.8836346495242964,-0.6070117187499999,-0.5954600000000001
32.346,-0.65478515625,-0.8857359369143243,-0.6119921875000001,-0.5987199999999999
32.35,-0.658203125,-0.8878873634828555,-0.6167773437499999,-0.60199
32.354,-0.66015625,-0.8900570224799331,-0.6215625,-0.6051
32.359,-0.66455078125,-0.8922859368697882,-0.62626953125,-0.6083400000000001
32.363,-0.6669921875,-0.8946151296166516,-0.6307812500000001,-0.6116299999999999
32.367,-0.67138671875,-0.8969488804706511,-0.6352734375,-0.6148899999999999
32.372,-0.67431640625,-0.8993418867174281,-0.63962890625,-0.6181300000000001
32.376,-0.677734375,-0.9017622416070274,-0.64392578125,-0.62138
32.381,-0.6806640625,-0.9042509681036748,-0.64818359375,-0.6246100000000001
32.385,-0.68408203125,-0.9067670432431445,-0.6524023437500001,-0.6278300000000001
32.389,-0.68701171875,-0.9093378156682537,-0.6563671875,-0.63123
32.394,-0.68994140625,-0.9118174259506286,-0.6601953125000001,-0.6344799999999999
32.398,-0.6943359375,-0.9143426173043689,-0.6640234374999999,-0.63754
32.402,-0.69677734375,-0.9169179478366161,-0.667890625,-0.6407700000000001
32.407,-0.70068359375,-0.9195798824044612,-0.67162109375,-0.64398
32.411,-0.70361328125,-0.9222190264366201,-0.6752734375,-0.6471800000000001
32.416,-0.7060546875,-0.9248308218259602,-0.67892578125,-0.65039
32.42,-0.70947265625,-0.9274927563938036,-0.6825390625,-0.6536200000000001
32.424,-0.71240234375,-0.9301911558187417,-0.686015625,-0.65683
32.429,-0.7158203125,-0.9328485322794489,-0.68947265625,-0.66001
32.433,-0.71875,-0.935578838454342,-0.692890625,-0.66323
32.438,-0.72216796875,-0.9382726797721439,-0.69626953125,-0.66639
32.442,-0.7255859375,-0.9410121021613129,-0.69958984375,-0.6695500000000001
32.446,-0.728515625,-0.9437241759076596,-0.7028515624999999,-0.67262
32.451,-0.73193359375,-0.9464635982968268,-0.70603515625,-0.6758200000000001
32.455,-0.734375,-0.9491665558289011,-0.7091796875,-0.67886
32.459,-0.73779296875,-0.9518831876823857,-0.71236328125,-0.68204
32.464,-0.74072265625,-0.9546317262858288,-0.7154101562499999,-0.6852499999999999
32.468,-0.74365234375,-0.9573529162464478,-0.71857421875,-0.6882299999999999
32.472,-0.74755859375,-0.9601743845640787,-0.72169921875,-0.6914
32.477,-0.7509765625,-0.9630186434173904,-0.72474609375,-0.6946000000000001
32.481,-0.75390625,-0.965821879306473,-0.7278125,-0.69777
32.485,-0.755859375,-0.9686159989812815,-0.730859375,-0.70093
32.49,-0.75927734375,-0.9713873281204055,-0.7338671875,-0.7041200000000001
32.494,-0.7626953125,-0.9741540991523934,-0.7369140625,-0.7071400000000001
32.498,-0.7646484375,-0.9769664512557501,-0.7399414062499999,-0.7102600000000001
32.503,-0.7685546875,-0.9797560128234224,-0.742890625,-0.71343
32.507,-0.77197265625,-0.9825227838554103,-0.7458984375,-0.7164600000000001
32.511,-0.7744140625,-0.9853123454230808,-0.74888671875,-0.7196100000000001
32.516,-0.7783203125,-0.9881201394192995,-0.751875,-0.72275
32.52,-0.78125,-0.9909507239512028,-0.7548828125,-0.7257899999999999
32.524,-0.78369140625,-0.9937858665902422,-0.75787109375,-0.72891
32.529,-0.787109375,-0.9966210092292815,-0.7608203124999999,-0.73203
32.533,-0.7900390625,-0.9994607099754571,-0.76384765625,-0.7352099999999999
32.537,-0.7939453125,-1.0023186431501792,-0.76685546875,-0.7383500000000001
32.542,-0.796875,-1.005176576324903,-0.7698828125,-0.7414799999999999
32.546,-0.79931640625,-1.008034509499625,-0.7729296875,-0.7446200000000001
32.551,-0.8017578125,-1.010887884567211,-0.7759765625,-0.74777
32.555,-0.80517578125,-1.0136728880277452,-0.7790234375,-0.75074
32.559,-0.80810546875,-1.0165125887739208,-0.78212890625,-0.75386
32.564,-0.8115234375,-1.0193933124843273,-0.7851953125,-0.75702
32.568,-0.81494140625,-1.0222603618733235,-0.788359375,-0.76014
32.573,-0.818359375,-1.0252140152979177,-0.7916015624999999,-0.76339
32.577,-0.8212890625,-1.0282223660081513,-0.7947460937499999,-0.76667
32.582,-0.82421875,-1.0310894153971475,-0.7978515625,-0.76979
32.586,-0.8271484375,-1.0338789769648198,-0.8009765625,-0.7727600000000001
32.59,-0.830078125,-1.0366730966396283,-0.8041015625,-0.77589
32.595,-0.8330078125,-1.0394945649572573,-0.8073828125,-0.7788999999999999
32.599,-0.8359375,-1.0423844048819362,-0.81064453125,-0.7821400000000001
32.603,-0.83837890625,-1.045196756985293,-0.81388671875,-0.7852600000000001
32.608,-0.8427734375,-1.047977202338691,-0.8171484375,-0.7882499999999999
32.612,-0.845703125,-1.050830577406277,-0.8207421875,-0.7913600000000001
32.617,-0.8486328125,-1.0538617186521932,-0.82431640625,-0.79461
32.621,-0.8515625,-1.056847278826746,-0.8278125,-0.7978799999999999
32.626,-0.85400390625,-1.059668747144375,-0.8312304687500001,-0.8010200000000001
32.63,-0.857421875,-1.0624947735691403,-0.8348437499999999,-0.80412
32.634,-0.8603515625,-1.06534359052959,-0.83849609375,-0.80739
32.639,-0.86328125,-1.068228872347131,-0.84212890625,-0.81037
32.643,-0.8671875,-1.0710868055218548,-0.8460156249999999,-0.81345
32.648,-0.87109375,-1.0741498535177296,-0.8499804687500001,-0.8168500000000001
32.653,-0.8740234375,-1.0771627623351012,-0.85388671875,-0.8201
32.657,-0.876953125,-1.0800890671168748,-0.8577734374999999,-0.82321
32.661,-0.87939453125,-1.0829287678630504,-0.861796875,-0.8264499999999999
32.666,-0.8818359375,-1.085768468609226,-0.865859375,-0.8295600000000001
32.67,-0.8857421875,-1.0886218436768118,-0.86994140625,-0.83266
32.675,-0.88818359375,-1.0914752187443977,-0.8741406249999999,-0.8357399999999999
32.679,-0.8916015625,-1.0943422681333939,-0.87830078125,-0.83884
32.683,-0.8955078125,-1.0971774107724332,-0.8824218749999999,-0.8419300000000001
32.688,-0.8974609375,-1.099985204768652,-0.8865625,-0.8448599999999999
32.692,-0.900390625,-1.1027838825505967,-0.8906640625,-0.8479399999999999
32.696,-0.90380859375,-1.105578002225407,-0.89466796875,-0.8510200000000001
32.701,-0.90576171875,-1.108353889471669,-0.89865234375,-0.85395
32.705,-0.9091796875,-1.1111297767179291,-0.90259765625,-0.857
32.709,-0.912109375,-1.1139740355712409,-0.9063476562499999,-0.86009
32.714,-0.91552734375,-1.1167408066032287,-0.9100585937499999,-0.8631500000000001
32.718,-0.91796875,-1.1195531587065854,-0.91376953125,-0.8662000000000001
32.722,-0.92138671875,-1.1223427202742577,-0.91734375,-0.8691200000000001
32.727,-0.9248046875,-1.1251459561633403,-0.920859375,-0.87219
32.731,-0.92724609375,-1.1279491920524212,-0.9242382812500001,-0.8751199999999999
32.735,-0.93017578125,-1.130706846870135,-0.9275585937499999,-0.87818
32.74,-0.9326171875,-1.1334736179021245,-0.93080078125,-0.8812599999999999
32.744,-0.935546875,-1.1362039240770194,-0.933984375,-0.88418
32.748,-0.93994140625,-1.13899348564469,-0.937109375,-0.88724
32.753,-0.94287109375,-1.1418103958551828,-0.94033203125,-0.8901699999999999
32.757,-0.94580078125,-1.1447367006369564,-0.9433398437499999,-0.8933800000000001
32.761,-0.94775390625,-1.1475080297760805,-0.9463281250000001,-0.8963000000000001
32.766,-0.95068359375,-1.1502520102723857,-0.94923828125,-0.8993800000000001
32.77,-0.953125,-1.1530324556257838,-0.952109375,-0.90246
32.774,-0.95654296875,-1.1557992266577735,-0.954921875,-0.90551
32.779,-0.95947265625,-1.1585933463325802,-0.9576953125,-0.9085700000000001
32.783,-0.96337890625,-1.1613920241145266,-0.96046875,-0.9115
32.788,-0.9658203125,-1.1642134924321557,-0.9632031249999999,-0.9145399999999999
32.792,-0.96875,-1.1670304026426486,-0.9659375,-0.9175899999999999
32.796,-0.9716796875,-1.169902010138781,-0.9686523437499999,-0.9208000000000001
32.801,-0.97509765625,-1.1727736176349133,-0.97125,-0.92387
32.805,-0.9775390625,-1.1755677373097217,-0.97375,-0.9269000000000001
32.81,-0.98046875,-1.1783026015917528,-0.9762304687500001,-0.92997
32.814,-0.984375,-1.1810556983023321,-0.97875,-0.93289
32.818,-0.9873046875,-1.1838817247270956,-0.98119140625,-0.93591
32.823,-0.990234375,-1.1866667281876317,-0.98365234375,-0.93895
32.827,-0.9931640625,-1.1894380573267576,-0.9861328125,-0.94187
32.831,-0.99609375,-1.1922959905014814,-0.98853515625,-0.94492
32.836,-0.9990234375,-1.195094668283426,-0.9910351562499999,-0.94796
32.84,-1.00244140625,-1.1979981825295152,-0.9933593749999999,-0.95116
32.844,-1.0048828125,-1.2007603954543669,-0.995703125,-0.95408
32.849,-1.0087890625,-1.2035590732363115,-0.99802734375,-0.9571
32.853,-1.01220703125,-1.2063623091253923,-1.0003515625000001,-0.96014
32.857,-1.0146484375,-1.2091928936572973,-1.0026953125,-0.96305
32.862,-1.01708984375,-1.2119961295463781,-1.0050390625,-0.96608
32.866,-1.02001953125,-1.2147948073283228,-1.00732421875,-0.96911
32.871,-1.02294921875,-1.2175889270031313,-1.0096484375,-0.97216
32.875,-1.0263671875,-1.2203921628922139,-1.0119140625,-0.9752
32.879,-1.029296875,-1.223186282567024,-1.0142187500000002,-0.9780800000000001
32.884,-1.0322265625,-1.225989518456105,-1.0165625,-0.98111
32.888,-1.0361328125,-1.2288383354165546,-1.01884765625,-0.9841300000000001
32.892,-1.0380859375,-1.231632455091363,-1.02115234375,-0.98714
32.897,-1.04150390625,-1.234435690980444,-1.0234375,-0.99016
32.901,-1.04443359375,-1.2372070201195697,-1.0257226562500001,-0.99305
32.906,-1.046875,-1.2401652316513019,-1.0281640625000001,-0.9962
32.91,-1.05029296875,-1.2429593513261086,-1.03044921875,-0.9992
32.914,-1.05419921875,-1.2457853777508738,-1.0327734375,-1.00223
32.919,-1.05712890625,-1.2486387528184597,-1.0351953125,-1.00523
32.923,-1.060546875,-1.2516197548858745,-1.03751953125,-1.00838
32.928,-1.06298828125,-1.2544868042748707,-1.03984375,-1.01138
32.932,-1.06640625,-1.257349295556729,-1.04216796875,-1.01441
32.936,-1.06884765625,-1.260138857124403,-1.04458984375,-1.01743
32.941,-1.07177734375,-1.2630013484062612,-1.04693359375,-1.02047
32.945,-1.07568359375,-1.26580914240248,-1.04927734375,-1.02351
32.95,-1.07861328125,-1.268626052612973,-1.0516796875,-1.0264199999999999
32.954,-1.08154296875,-1.2714338466091917,-1.0541015624999999,-1.0294699999999999
32.958,-1.0849609375,-1.2742461987125449,-1.0565234375,-1.03239
32.962,-1.087890625,-1.277044876494493,-1.05900390625,-1.03545
32.967,-1.09033203125,-1.2798709029192565,-1.06150390625,-1.03853
32.971,-1.09375,-1.2827014874511597,-1.06400390625,-1.04148
32.975,-1.09716796875,-1.2855047233402406,-1.0665039062500001,-1.04457
32.98,-1.1005859375,-1.2883444240864161,-1.0690625,-1.04752
32.984,-1.10302734375,-1.2911750086183211,-1.07169921875,-1.05061
32.988,-1.10693359375,-1.2940329417930414,-1.074375,-1.0535700000000001
32.993,-1.109375,-1.296922781717722,-1.0770703125,-1.05667
32.997,-1.1123046875,-1.2997670405710355,-1.079765625,-1.05978
33.001,-1.11474609375,-1.3025657183529802,-1.08255859375,-1.06289
33.006,-1.11865234375,-1.3054054190991558,-1.08537109375,-1.0658699999999999
33.01,-1.1220703125,-1.3083089333452467,-1.0882226562500001,
33.014,-1.125,-1.3111942151627876,-1.0911523437500001,
33.019,-1.1279296875,-1.314038474016101,-1.09412109375,
33.023,-1.13232421875,-1.3169647787978747,-1.09712890625,
33.028,-1.13427734375,-1.3198728511511018,-1.1002734375,
33.032,-1.13671875,-1.32273534243296,-1.1033984374999999,
33.036,-1.14013671875,-1.3255750431791355,-1.10662109375,
33.041,-1.14404296875,-1.328501347960911,-1.109921875,
33.045,-1.14599609375,-1.331404862207,-1.11322265625,
33.049,-1.14990234375,-1.3342308886317653,-1.1165625,
33.054,-1.1533203125,-1.3370842636993512,-1.12013671875,
33.058,-1.15625,-1.340015126588261,-1.12369140625,
33.062,-1.15869140625,-1.3428548273344365,-1.12740234375,
33.067,-1.16259765625,-1.3457537834733895,-1.1312109375,
33.071,-1.16455078125,-1.348634507183796,-1.13505859375,
33.075,-1.16845703125,-1.3515015565727921,-1.1390234375000001,
33.08,-1.17138671875,-1.3543868383903348,-1.14326171875,
33.084,-1.17431640625,-1.3573359337077928,-1.147578125,
33.089,-1.17822265625,-1.3602576803824284,-1.1519140625,
33.093,-1.181640625,-1.3631611946285176,-1.15642578125,
33.097,-1.1845703125,-1.3660647088746085,-1.16115234375,
33.102,-1.18798828125,-1.3690183622992027,-1.1661523437499999,
33.106,-1.19091796875,-1.3720221549023002,-1.1711328125,
33.11,-1.19384765625,-1.3749302272555273,-1.17630859375,
33.115,-1.197265625,-1.3778382996087526,-1.18185546875,
33.119,-1.2001953125,-1.380801069247621,-1.18748046875,
33.124,-1.20361328125,-1.3837136997079824,-1.19330078125,
33.128,-1.20703125,-1.3866719112397146,-1.19916015625,
33.132,-1.20947265625,-1.3895754254858037,-1.20505859375,
33.137,-1.212890625,-1.3924607073033481,-1.2108984375,
33.141,-1.21533203125,-1.3953778958708458,-1.2167578125,
33.145,-1.21923828125,-1.398295084438347,-1.2224609375,
33.15,-1.22216796875,-1.4012168311129845,-1.228125,
33.154,-1.2255859375,-1.4041750426447148,-1.2337890624999999,
33.159,-1.228515625,-1.4071697190335382,-1.23921875,
33.163,-1.23193359375,-1.4101233724581324,-1.2444921875,
33.167,-1.23486328125,-1.4130724677755886,-1.24966796875,
33.172,-1.23828125,-1.4160261212001846,-1.25462890625,
33.176,-1.24169921875,-1.418988890839051,-1.2595703125,
33.181,-1.24462890625,-1.4219471023707797,-1.265,
33.186,-1.248046875,-1.4253975894732758,-1.26970703125,
33.19,-1.25146484375,-1.4282783131836823,-1.27416015625,
33.194,-1.25439453125,-1.4311863855369094,-1.2785546875,
33.199,-1.25732421875,-1.4340853416758623,-1.2828125,
33.203,-1.2607421875,-1.4369660653862688,-1.2870312499999998,
33.207,-1.2646484375,-1.4399333931322715,-1.2911132812500001,
33.212,-1.26708984375,-1.442859697914047,-1.29509765625,
33.216,-1.26953125,-1.4457313054101792,-1.29904296875,
33.22,-1.27392578125,-1.4486530520848149,-1.3029296875,
33.225,-1.27734375,-1.4516203798308212,-1.3066992187500002,
33.229,-1.2802734375,-1.4545649170411412,-1.3104492187499999,
33.233,-1.28271484375,-1.4575094542514595,-1.3141406249999998,
33.238,-1.28662109375,-1.4604357590332349,-1.317734375,
33.242,-1.28857421875,-1.4633438313864602,-1.32126953125,
33.246,-1.29248046875,-1.4662883685967802,-1.324765625,
33.251,-1.294921875,-1.4692146733785538,-1.3282031250000002,
33.255,-1.29833984375,-1.4721774430174221,-1.3316601562500001,
33.26,-1.302734375,-1.4751447707634249,-1.33501953125,
33.264,-1.30615234375,-1.4781075404022914,-1.33828125,
33.268,-1.30859375,-1.481074868148296,-1.3415625,
33.273,-1.31103515625,-1.4840467540014366,-1.34478515625,
33.277,-1.314453125,-1.4870231979617134,-1.34794921875,
33.281,-1.31787109375,-1.4899267122078044,-1.35103515625,
33.286,-1.32177734375,-1.492898598060945,-1.3540625,
33.29,-1.32421875,-1.4958431352712651,-1.3571484375,
33.294,-1.3271484375,-1.498828695445816,-1.3601953125,
33.299,-1.33154296875,-1.5017823488704103,-1.3631835937499999,
33.303,-1.333984375,-1.5047679090449613,-1.3662109375,
33.307,-1.33642578125,-1.5076850976124607,-1.369140625,
33.312,-1.33984375,-1.5105840537514137,-1.3720703125,
33.316,-1.34375,-1.513492126104639,-1.375,
33.32,-1.34619140625,-1.5164640119577815,-1.37841796875,
33.326,-1.3505859375,-1.5200056612030117,-1.3814843749999999,
33.33,-1.353515625,-1.5229456403061956,-1.384453125,
33.334,-1.357421875,-1.525935758587881,-1.3873828124999998,
33.339,-1.3603515625,-1.5289030863338873,-1.3902929687499999,
33.343,-1.36279296875,-1.5318612978656159,-1.39322265625,
33.347,-1.3662109375,-1.534819509397348,-1.3961328124999999,
33.352,-1.36962890625,-1.5378096276790352,-1.3990039062500002,
33.356,-1.373046875,-1.5407997459607223,-1.401953125,
33.36,-1.37646484375,-1.5438080966709578,-1.40482421875,
33.365,-1.3798828125,-1.5467754244169605,-1.40771484375,
33.369,-1.3828125,-1.5497564264843753,-1.4106640625,
33.373,-1.38525390625,-1.5527465447660607,-1.41359375,
33.378,-1.38916015625,-1.555713872512067,-1.41650390625,
33.382,-1.39111328125,-1.5586629678295232,-1.4193749999999998,
33.386,-1.39501953125,-1.5615664820756123,-1.422265625,
33.391,-1.39892578125,-1.5645201355002065,-1.42515625,
33.395,-1.40185546875,-1.567478347031937,-1.4281054687499999,
33.399,-1.40576171875,-1.5704502328850776,-1.4311132812499998,
33.404,-1.40771484375,-1.5734631417024492,-1.4341210937500002,
33.408,-1.41162109375,-1.5764669343055466,-1.4371289062500001,
33.412,-1.41552734375,-1.579470726908644,-1.4400781249999999,
33.417,-1.41796875,-1.5824380546546486,-1.4431640625,
33.421,-1.42138671875,-1.5854600796862925,-1.446640625,
33.426,-1.42529296875,-1.588883218145968,-1.44974609375,
33.43,-1.4287109375,-1.59190980128475,-1.45291015625,
33.435,-1.431640625,-1.5949318263163939,-1.4560937500000002,
33.439,-1.435546875,-1.5979310608123551,-1.4592968750000002,
33.443,-1.4384765625,-1.6009667601654094,-1.4625390625,
33.448,-1.44140625,-1.6040024595184637,-1.4658203124999998,
33.452,-1.4443359375,-1.6070336007643817,-1.4692382812500002,
33.457,-1.44775390625,-1.6101285555102152,-1.47259765625,
33.461,-1.451171875,-1.6131551386489953,-1.4759960937499998,
33.465,-1.45556640625,-1.6161953961091857,-1.4793749999999999,
33.47,-1.45849609375,-1.6192174211408314,-1.482890625,
33.474,-1.4619140625,-1.6222759110295701,-1.48640625,
33.478,-1.46435546875,-1.6253116103826244,-1.49,
33.483,-1.46826171875,-1.6283746583784993,-1.493671875,
33.487,-1.47119140625,-1.6314285901601018,-1.49740234375,
33.492,-1.47509765625,-1.63454177733448,-1.5011132812499999,
33.496,-1.47900390625,-1.63756836047326,-1.505,
33.5,-1.482421875,-1.6406678733262314,-1.50892578125,
33.505,-1.4853515625,-1.643790176714882,-1.5128515624999999,
33.509,-1.48828125,-1.6468532247107586,-1.516875,
33.513,-1.4912109375,-1.6499071564923575,-1.5208789062499999,
33.518,-1.4951171875,-1.652951972059686,-1.5249218750000002,
33.522,-1.49853515625,-1.656069717341202,-1.52890625,
33.526,-1.501953125,-1.6591692301941716,-1.53279296875,
33.531,-1.505859375,-1.6622368362971844,-1.5366015625,
33.535,-1.5087890625,-1.6652998842930575,-1.54037109375,
33.539,-1.51171875,-1.6683720485032065,-1.5440429687500001,
33.544,-1.515625,-1.671425980284809,-1.5477148437500001,
33.548,-1.5185546875,-1.6745391674591872,-1.5512695312499998,
33.552,-1.521484375,-1.6776113316693362,-1.55470703125,
33.557,-1.52490234375,-1.6806470310223904,-1.55810546875,
33.561,-1.529296875,-1.6837237533396756,-1.5621289062500001,
33.566,-1.533203125,-1.687484191727469,-1.5654492187499998,
33.57,-1.53662109375,-1.6906703086160348,-1.56880859375,
33.575,-1.5400390625,-1.6939339133259246,-1.571953125,
33.579,-1.54345703125,-1.6970471005003045,-1.57498046875,
33.584,-1.546875,-1.7001283809247258,-1.5780273437499999,
33.588,-1.55029296875,-1.7033190559204279,-1.5809374999999999,
33.592,-1.55322265625,-1.7064048944519872,-1.5837890625,
33.597,-1.556640625,-1.7094770586621362,-1.58662109375,
33.601,-1.560546875,-1.7125948039436523,-1.58962890625,
33.606,-1.56396484375,-1.715990593760507,-1.5924218749999999,
33.61,-1.5673828125,-1.7191721525419368,-1.5950976562499999,
33.614,-1.5703125,-1.7222762235020426,-1.5976953125000002,
33.619,-1.57373046875,-1.7253483877121916,-1.6003515625,
33.623,-1.57763671875,-1.7285436208150298,-1.6029492187499998,
33.627,-1.580078125,-1.7316841566322285,-1.6054296875,
33.632,-1.58447265625,-1.7347836694852,-1.6079296875000002,
33.636,-1.58837890625,-1.7379561120523555,-1.6104296875000002,
33.64,-1.59228515625,-1.741260739726476,-1.6133984375000001,
33.646,-1.595703125,-1.745039410542816,-1.6158203125000001,
33.65,-1.5986328125,-1.748198178788563,-1.6182812500000001,
33.654,-1.6025390625,-1.7514389929627683,-1.62064453125,
33.659,-1.60595703125,-1.7546023193156515,-1.62298828125,
33.663,-1.60986328125,-1.7577610875613985,-1.6253125000000002,
33.667,-1.61279296875,-1.760969994985647,-1.62765625,
33.672,-1.6171875,-1.764215367266992,-1.62994140625,
33.676,-1.62109375,-1.7674425071197888,-1.6322070312499999,
33.68,-1.62451171875,-1.7706696469725856,-1.6348046875,
33.686,-1.6279296875,-1.7744164110389669,-1.6370703125,
33.69,-1.6318359375,-1.7776845738559963,-1.6393359374999998,
33.694,-1.634765625,-1.7809208299230654,-1.6415429687499998,
33.699,-1.638671875,-1.7841479697758622,-1.64376953125,
33.703,-1.64208984375,-1.7873659934143866,-1.6459375,
33.707,-1.646484375,-1.790570342731499,-1.6481054687499999,
33.712,-1.64892578125,-1.7938430636556646,-1.6503320312499998,
33.716,-1.6533203125,-1.7970702035084596,-1.6525,
33.72,-1.65673828125,-1.8003110176826667,-1.6547460937499998,
33.725,-1.66015625,-1.8036384358924717,-1.656953125,
33.729,-1.6630859375,-1.8069065987094994,-1.65912109375,
33.733,-1.66748046875,-1.8101793196336633,-1.66134765625,
33.738,-1.6708984375,-1.8134839473077857,-1.66353515625,
33.742,-1.6748046875,-1.8167657844462237,-1.66568359375,
33.746,-1.67822265625,-1.8200020405132928,-1.6678515625,
33.751,-1.681640625,-1.8232337384732258,-1.67001953125,
33.755,-1.6845703125,-1.8264608783260226,-1.6721679687500002,
33.759,-1.6884765625,-1.8297016925002296,-1.6743750000000002,
33.764,-1.69189453125,-1.8330199944957624,-1.67650390625,
33.768,-1.6953125,-1.8362927154199244,-1.678671875,
33.773,-1.69970703125,-1.839724970093874,-1.6808984375,
33.777,-1.703125,-1.8429931329109017,-1.6830859375,
33.781,-1.70654296875,-1.846279528156476,-1.6852539062499998,
33.786,-1.7099609375,-1.8495522490806398,-1.6875195312499998,
33.79,-1.71337890625,-1.8528614348618984,-1.68974609375,
33.794,-1.716796875,-1.8561068071432416,-1.69201171875,
33.799,-1.72021484375,-1.8594205510316364,-1.6942578125,
33.803,-1.72412109375,-1.862716062491483,-1.69650390625,
33.807,-1.728515625,-1.866007015844195,-1.6988281250000001,
33.812,-1.73193359375,-1.8693481083754087,-1.7011328124999998,
33.816,-1.73486328125,-1.8726800846923517,-1.7034765625,
33.82,-1.73876953125,-1.875966479937924,-1.705859375,
33.825,-1.74169921875,-1.8792847819334568,-1.7083203125000002,
33.829,-1.74560546875,-1.8826486650003549,-1.7108203125,
33.834,-1.7490234375,-1.8861037102099871,-1.7133398437499998,
33.838,-1.75341796875,-1.8894903838125696,-1.71580078125,
33.843,-1.75732421875,-1.8928952898436986,-1.7183593750000001,
33.847,-1.7607421875,-1.8962181499463657,-1.720859375,
33.851,-1.76416015625,-1.8994954289776675,-1.72345703125,
33.856,-1.767578125,-1.9027909404375158,-1.72607421875,
33.86,-1.77099609375,-1.9060818937902262,-1.7287109375,
33.864,-1.7744140625,-1.9093728471429365,-1.7313476562499999,
33.868,-1.77734375,-1.9126638004956487,-1.73419921875,
33.873,-1.7822265625,-1.916082380848188,-1.736953125,
33.877,-1.78515625,-1.919368776093762,-1.73978515625,
33.882,-1.7890625,-1.9227007524107034,-1.7427343750000002,
33.886,-1.79296875,-1.9260737516918738,-1.74572265625,
33.89,-1.79638671875,-1.9295105644729613,-1.7488867187500001,
33.895,-1.7998046875,-1.9329109123969523,-1.75208984375,
33.9,-1.80322265625,-1.9364206548922258,-1.7554101562499997,
