time_s,magnetic_raw_mm,magnetic_filtered_mm,posic_encoder_mm,keyence_mm
0.0,0.0,0.0,0.0,0.0
0.005,-0.0009186437595705144,-0.021464126506808512,0.0,0.0
0.01,-0.00045932187978614536,-0.04083152373072618,0.0,0.0
0.016,-0.00045932187978614536,-0.06133388963168773,0.0,-1.0000000000065512e-05
0.022,-0.00045932187978614536,-0.08073775171270015,0.0,-1.0000000000065512e-05
0.028,-0.0009186437595705144,-0.09721075090480102,0.0,-1.0000000000065512e-05
0.033,0.0,-0.11256701384840628,0.0,-2.0000000000131024e-05
0.039,0.0,-0.12678830811496855,0.0,-2.0000000000131024e-05
0.044,-0.0009186437595705144,-0.13974244859752272,-1.953125000000132e-05,-1.0000000000065512e-05
0.049,-0.00045932187978614536,-0.150020980190825,-1.953125000000132e-05,-1.0000000000065512e-05
0.053,-0.0009186437595705144,-0.1597935618919495,-1.953125000000132e-05,-2.0000000000131024e-05
0.058,-0.0009186437595705144,-0.16880949780837806,-1.953125000000132e-05,-2.0000000000131024e-05
0.062,-0.00045932187978614536,-0.17734227436831596,-1.953125000000132e-05,-2.9999999999752447e-05
0.066,-0.0009186437595705144,-0.18544203075026555,-1.953125000000132e-05,-2.0000000000131024e-05
0.071,-0.00045932187978614536,-0.19300848859721853,-1.953125000000132e-05,-2.0000000000131024e-05
0.075,0.000459321879784369,-0.20022853030178034,-1.953125000000132e-05,-2.9999999999752447e-05
0.08,-0.0009186437595705144,-0.20711127207822688,-1.953125000000132e-05,-2.0000000000131024e-05
0.085,-0.0009186437595705144,-0.2146275907466757,-1.953125000000132e-05,-1.0000000000065512e-05
0.09,-0.00045932187978614536,-0.22156958791589787,-3.90625000000009e-05,-2.0000000000131024e-05
0.095,0.0,-0.2286164215492663,-3.90625000000009e-05,-1.0000000000065512e-05
0.1,-0.00045932187978614536,-0.23482912157661318,-3.90625000000009e-05,-1.0000000000065512e-05
0.105,0.0,-0.24044015146191455,-3.90625000000009e-05,-1.0000000000065512e-05
0.111,-0.00045932187978614536,-0.2458187178832425,-3.90625000000009e-05,-2.0000000000131024e-05
0.116,-0.0009186437595705144,-0.25086910059072665,-3.90625000000009e-05,-2.9999999999752447e-05
0.121,-0.0009186437595705144,-0.2561154819050895,-5.8593750000000486e-05,-2.9999999999752447e-05
0.126,-0.0009186437595705144,-0.2605277296134343,-5.8593750000000486e-05,-2.9999999999752447e-05
0.131,0.0,-0.2646026773936594,-5.8593750000000486e-05,-2.9999999999752447e-05
0.137,-0.0009186437595705144,-0.2688553913522185,-5.8593750000000486e-05,-3.999999999981796e-05
0.142,-0.00045932187978614536,-0.27249731895445706,-5.8593750000000486e-05,-3.999999999981796e-05
0.147,-0.00045932187978614536,-0.2759660384854996,-5.8593750000000486e-05,-4.999999999988347e-05
0.152,-0.0009186437595705144,-0.2790564351241951,-5.8593750000000486e-05,-4.999999999988347e-05
0.157,-0.0009186437595705144,-0.28175939265626937,-5.8593750000000486e-05,-3.999999999981796e-05
0.161,-0.0009186437595705144,-0.28422077051009786,-5.8593750000000486e-05,-3.999999999981796e-05
0.166,0.0,-0.28649526597132,-5.8593750000000486e-05,-4.999999999988347e-05
0.17,0.0,-0.28872873846831126,-7.812500000000007e-05,-4.999999999988347e-05
0.175,0.0,-0.2908117934297927,-7.812500000000007e-05,-3.999999999981796e-05
0.179,-0.00045932187978614536,-0.29275354707003487,-7.812500000000007e-05,-4.999999999988347e-05
0.184,-0.00045932187978614536,-0.29475455610305445,-7.812500000000007e-05,-4.999999999988347e-05
0.189,-0.00045932187978614536,-0.2967737975646205,-7.812500000000007e-05,-3.999999999981796e-05
0.194,-0.00045932187978614536,-0.2985970404193079,-7.812500000000007e-05,-3.999999999981796e-05
0.199,-0.0009186437595705144,-0.3004886548810468,-7.812500000000007e-05,-3.999999999981796e-05
0.204,-0.00045932187978614536,-0.3022025031644535,-7.812500000000007e-05,-3.999999999981796e-05
0.21,-0.0009186437595705144,-0.3038160730908519,-7.812500000000007e-05,-4.999999999988347e-05
0.215,-0.00045932187978614536,-0.3053111322316955,-7.812500000000007e-05,-4.999999999988347e-05
0.22,-0.00045932187978614536,-0.30676516840830814,-0.00039062500000000035,-4.999999999988347e-05
0.226,-0.0068898281967779695,-0.3083058086205188,-0.0024609375000000005,-0.00017999999999984695
0.231,-0.011483046994628765,-0.31001509879678935,-0.0060546875,-0.0009699999999996933
0.236,-0.016535587672265706,-0.31207536322258633,-0.0105078125,-0.002429999999999932
0.241,-0.021128806470118278,-0.31410372089842653,-0.0155078125,-0.004209999999999825
0.247,-0.025262703388184704,-0.31636910014537456,-0.02107421875,-0.006510000000000016
0.252,-0.030774565945606014,-0.31884415232061336,-0.026835937499999997,-0.009369999999999878
0.257,-0.033989819104101926,-0.3213146463887142,-0.0329296875,-0.012419999999999876
0.262,-0.03812371602216835,-0.32391732556378017,-0.040722656249999996,-0.016019999999999923
0.268,-0.04363557857958966,-0.3271171167737581,-0.04642578125,-0.020849999999999813
0.273,-0.04731015361787172,-0.3295055649133971,-0.0523828125,-0.02462999999999993
0.277,-0.05098472865615378,-0.3319806170886359,-0.05833984375,-0.028529999999999944
0.281,-0.05419998181464969,-0.33446022737101266,-0.06441406250000001,-0.03216999999999981
0.286,-0.05787455685292997,-0.33704467411753036,-0.07041015625000001,-0.03572999999999982
0.29,-0.0620084537709964,-0.33965646950687045,-0.07646484375000001,-0.0391999999999999
0.295,-0.06522370692949231,-0.3423639851460827,-0.08228515625,-0.04261999999999988
0.299,-0.06935760384755874,-0.34513987239234467,-0.0888671875,-0.045989999999999975
0.304,-0.07303217888584079,-0.3483168730666364,-0.09507812500000001,-0.04976999999999987
0.309,-0.07716607580390722,-0.3514346183481525,-0.10150390625000001,-0.05335000000000001
0.314,-0.08129997272197365,-0.35484408248641763,-0.10736328125,-0.05718999999999985
0.319,-0.08589319151982444,-0.3580666642320782,-0.11353515625,-0.06068999999999991
0.324,-0.09048641031767701,-0.36167212697722384,-0.11921875000000001,-0.06459999999999999
0.329,-0.0941609853559573,-0.36517731136535936,-0.12496093750000001,-0.06821999999999995
0.334,-0.09921352603359423,-0.36881923896759616,-0.130546875,-0.0719599999999998
0.34,-0.1038067448314468,-0.3725249800697501,-0.13603515625,-0.07567999999999997
0.345,-0.10885928550908197,-0.3764358359930551,-0.14099609375000002,-0.07953999999999994
0.35,-0.11207453866757966,-0.38003218252392656,-0.1458984375,-0.08308999999999989
0.355,-0.11666775746543045,-0.3837470398403511,-0.1508984375,-0.0866499999999999
0.36,-0.12126097626328125,-0.38772170926356964,-0.15609375,-0.0904799999999999
0.366,-0.12585419506113382,-0.3919288421507616,-0.16062500000000002,-0.09441999999999995
0.371,-0.13090673573877076,-0.39573030350278415,-0.16554687499999998,-0.09794999999999998
0.377,-0.13458131077705104,-0.40003771474698446,-0.1698828125,-0.10200999999999993
0.382,-0.13917452957490362,-0.40389843149178617,-0.17431640625000003,-0.10550999999999999
0.387,-0.14330842649297004,-0.4078639847007306,-0.17783203125000002,-0.10914000000000001
0.391,-0.14744232341103647,-0.41124154208903896,-0.18134765625000002,-0.11217999999999995
0.396,-0.15203554220888726,-0.41467379676298854,-0.184765625,-0.11524000000000001
0.4,-0.15525079536738318,-0.4180832609012537,-0.188203125,-0.11829999999999985
0.404,-0.15892537040566523,-0.4215565385394324,-0.19152343749999998,-0.12134
0.409,-0.161681301684375,-0.4249614445705632,-0.1952734375,-0.12424999999999997
0.414,-0.16581519860244143,-0.4289589045294644,-0.1994140625,-0.12785000000000002
0.42,-0.17224570491943503,-0.4334486400591331,-0.20294921875000002,-0.13168999999999986
0.424,-0.1750016361981448,-0.4373230311253433,-0.20662109375,-0.135
0.43,-0.17959485499599737,-0.4414162113341167,-0.2101953125,-0.13857999999999993
0.435,-0.1837287519140638,-0.4454136712930197,-0.21375,-0.14198999999999984
0.44,-0.18786264883213022,-0.44946127043042594,-0.21763671875,-0.14568999999999988
0.445,-0.19337451138955153,-0.4541242140312889,-0.22101562500000002,-0.14952999999999994
0.45,-0.19658976454804744,-0.45806697670455065,-0.22439453125000003,-0.15279999999999982
0.455,-0.20164230522568438,-0.462160156913324,-0.22771484375000003,-0.15637999999999996
0.46,-0.2057762021437508,-0.46621687226500264,-0.2310546875,-0.15994999999999981
0.465,-0.2094507771820311,-0.47028726193809334,-0.23443359375,-0.16337000000000002
0.47,-0.21358467410009752,-0.47437132593259435,-0.23765624999999999,-0.1668299999999998
0.475,-0.2167999272585952,-0.4783004142844458,-0.24095703125,-0.17026999999999992
0.48,-0.221393146056446,-0.48227508370766436,-0.24421875,-0.1737099999999998
0.485,-0.22552704297451243,-0.48635003148789124,-0.24759765625,-0.17718999999999996
0.491,-0.23012026177236322,-0.4905480481608091,-0.251015625,-0.18077999999999994
0.496,-0.23379483681064528,-0.4948144364407767,-0.254453125,-0.18436999999999992
0.501,-0.2379287337287117,-0.49907626661360815,-0.25755859374999995,-0.18813999999999997
0.506,-0.24114398688720762,-0.502854937429948,-0.26041015624999997,-0.19143999999999983
0.51,-0.24435924004570353,-0.5063008664253097,-0.26322265624999996,-0.19448
0.515,-0.2480338150839856,-0.509801492706309,-0.26607421875,-0.19741999999999993
0.519,-0.2512490682424815,-0.5133157933087187,-0.26890625,-0.20058999999999982
0.524,-0.25400499952119127,-0.516734373661258,-0.27169921874999997,-0.20362999999999998
0.528,-0.25722025267968895,-0.5201164891567025,-0.27505859374999997,-0.20655999999999985
0.533,-0.26089482771796924,-0.5242825990796653,-0.27841796875,-0.21026999999999996
0.538,-0.26502872463603566,-0.5281661063601479,-0.28191406249999995,-0.21384999999999987
0.544,-0.2682439777945316,-0.5323732392473399,-0.28515625,-0.21760000000000002
0.549,-0.272377874712598,-0.5360880965637644,-0.28886718749999996,-0.22087999999999997
0.554,-0.2765117716306644,-0.5405185767006557,-0.29242187499999994,-0.2248699999999999
0.56,-0.28064566854873085,-0.5446664541950703,-0.29605468749999997,-0.22872999999999988
0.565,-0.2847795654667973,-0.5488735870822605,-0.29955078124999995,-0.23255999999999988
0.571,-0.2879948186252932,-0.5527343038270622,-0.30246093749999997,-0.2360199999999999
0.575,-0.29075074990400473,-0.5559796761084055,-0.30539062499999997,-0.23903999999999992
0.579,-0.29304735930293013,-0.5592159321754764,-0.30837890625,-0.24205999999999994
0.584,-0.2958032905816417,-0.5624476301354111,-0.31140624999999994,-0.24509999999999987
0.588,-0.29855922186035144,-0.5656747699882061,-0.3147265625,-0.2481399999999998
0.593,-0.30177447501884913,-0.569207303019164,-0.31826171875,-0.2515399999999999
0.598,-0.3054490500571294,-0.5728765792642214,-0.32193359374999997,-0.25512
0.603,-0.30820498133584096,-0.5765732041521012,-0.3255859375,-0.25868
0.609,-0.31187955637412124,-0.5802105736472019,-0.32875,-0.26220999999999983
0.613,-0.3146354876528328,-0.5832325986788476,-0.33181640625,-0.2650899999999998
0.617,-0.3164727751719738,-0.5862090426391244,-0.33501953125,-0.26808999999999994
0.622,-0.3196880283304697,-0.5892493000993166,-0.33830078124999996,-0.27105
0.626,-0.32290328148896563,-0.5922895575595071,-0.34162109375,-0.27403
0.63,-0.32519989088789103,-0.5953252569125613,-0.34562499999999996,-0.27703999999999995
0.636,-0.32841514404638694,-0.599017323693305,-0.3498828125,-0.28079999999999994
0.641,-0.3311710753250985,-0.6026638094026797,-0.35392578124999996,-0.28447999999999984
0.647,-0.33392700660381003,-0.6060595992195363,-0.35814453125,-0.28801999999999994
0.652,-0.3366829378825198,-0.6095283187505771,-0.36248046874999995,-0.2916599999999998
0.657,-0.33943886916123134,-0.6129013180317493,-0.36646484375,-0.29521
0.662,-0.34173547856015674,-0.6159187849562571,-0.37078124999999995,-0.29845999999999995
0.667,-0.3454100535984388,-0.619241645058926,-0.37531249999999994,-0.3019799999999999
0.672,-0.3477066629973642,-0.6225006916616795,-0.37998046874999997,-0.3056699999999999
0.678,-0.3509219161558601,-0.6257415058358866,-0.38431640625,-0.3091999999999999
0.683,-0.3532185255547855,-0.6287817632960788,-0.3883984375,-0.3125899999999999
0.687,-0.3545964911941404,-0.6314710465067428,-0.39248046875,-0.3155999999999999
0.692,-0.3573524224728519,-0.6342651661815495,-0.39683593749999996,-0.3188599999999999
0.697,-0.3596490318717773,-0.6371914709633248,-0.40160156249999995,-0.3222799999999999
0.702,-0.36240496315048887,-0.6404641918874887,-0.40607421874999994,-0.3261299999999998
0.708,-0.3651608944292004,-0.6435272398833618,-0.41044921874999996,-0.32982999999999985
0.713,-0.3674575038281258,-0.6465264743793249,-0.4148046875,-0.3334299999999999
0.719,-0.3706727569866217,-0.64960319669661,-0.41837890625,-0.33729999999999993
0.723,-0.37251004450576275,-0.6520964813003953,-0.421875,-0.34033999999999986
0.728,-0.3752659757844725,-0.6546626956183665,-0.42601562499999995,-0.34353999999999996
0.733,-0.3766439414238292,-0.6577394179356517,-0.4293359375,-0.34743999999999997
0.738,-0.3789405508227546,-0.6601005174324719,-0.4330859375,-0.35048999999999997
0.743,-0.3816964821014661,-0.6629812411428784,-0.436796875,-0.35426999999999986
0.748,-0.3844524133801759,-0.6658938716032416,-0.4405078125,-0.35805
0.754,-0.38583037901953254,-0.6686013872424539,-0.443984375,-0.36168999999999984
0.759,-0.3885863102982423,-0.671295228560254,-0.44757812499999994,-0.36534
0.764,-0.39042359781738334,-0.6741303711992934,-0.4516796875,-0.3692599999999999
0.771,-0.39363885097587925,-0.677389417802047,-0.45494140625,-0.37388
0.776,-0.39501681661523413,-0.6799829807628406,-0.45808593749999993,-0.37754
0.781,-0.39685410413437516,-0.6824215680809846,-0.46066406249999997,-0.3810499999999999
0.786,-0.3996100354130867,-0.6845547622209693,-0.46343749999999995,-0.38415999999999983
0.79,-0.40144732293222773,-0.6868246995750553,-0.46619140625,-0.38754
0.795,-0.40374393233115313,-0.6890991950362775,-0.46873046875,-0.39091999999999993
0.8,-0.40466257609072365,-0.6912141567477157,-0.47138671875,-0.3940199999999998
0.804,-0.4064998636098647,-0.693406606280476,-0.47398437499999996,-0.3973899999999999
0.809,-0.40833715112900393,-0.6956172882417846,-0.476796875,-0.40076999999999985
0.814,-0.41017443864814496,-0.6979692715243324,-0.47937499999999994,-0.4044399999999999
0.819,-0.41155240428749984,-0.7000523264858121,-0.4820703125,-0.40767
0.824,-0.41338969180664087,-0.702276682768531,-0.48431640624999994,-0.4113399999999998
0.828,-0.4152269793257819,-0.7041546229088596,-0.4865625,-0.41428
0.833,-0.4175235887247073,-0.7060416792634605,-0.4887890625,-0.41737
0.837,-0.41890155436406395,-0.7079378518323356,-0.49123046875,-0.42045999999999983
0.842,-0.4207388418832032,-0.710143975686508,-0.4939453125,-0.4239799999999998
0.847,-0.4216574856427737,-0.712286286040765,-0.49634765624999994,-0.42762999999999995
0.852,-0.42441341692148526,-0.7142918531809208,-0.49878906249999994,-0.4309999999999998
0.857,-0.42579138256084015,-0.7163384432853093,-0.5011718749999999,-0.4344999999999999
0.862,-0.4271693482001968,-0.7183348942111909,-0.5036132812499999,-0.43784999999999985
0.867,-0.4294659575991222,-0.7203997167441241,-0.5061523437500001,-0.4413499999999999
0.872,-0.43130324511826323,-0.7224645392770572,-0.5086328125,-0.44499
0.877,-0.4317625669980476,-0.7245248037028542,-0.5109374999999999,-0.44862
0.882,-0.434059176396973,-0.7263343722361331,-0.51318359375,-0.45182999999999995
0.887,-0.4349778201565435,-0.7281211502337257,-0.5156054687499999,-0.4551799999999999
0.892,-0.4372744295554689,-0.7300309971240129,-0.5179296875,-0.45865999999999985
0.896,-0.4386523951948256,-0.7318496818715623,-0.5200976562499999,-0.4620099999999998
0.901,-0.44003036083418046,-0.7335361815121484,-0.52259765625,-0.46509
0.906,-0.44140832647353534,-0.7354824932595267,-0.5248828125,-0.4687199999999998
0.911,-0.442786292112892,-0.7371872253286611,-0.5274609375,-0.47207999999999983
0.916,-0.44462357963203125,-0.7391517695045859,-0.52982421875,-0.4758399999999998
0.921,-0.44554222339160177,-0.7408929664308115,-0.53234375,-0.47919
0.926,-0.44783883279052716,-0.7427389998211833,-0.5345703125,-0.48282999999999987
0.931,-0.4496761203096682,-0.744366244068992,-0.5373046874999999,-0.4860399999999998
0.936,-0.4505947640692387,-0.7463809274234219,-0.53984375,-0.49007999999999985
0.942,-0.4515134078288092,-0.7481813797424266,-0.54234375,-0.49371999999999994
0.947,-0.4538100172277346,-0.7499362509900624,-0.545,-0.4973399999999999
0.952,-0.45472866098730513,-0.7517731681661601,-0.54736328125,-0.5012599999999998
0.957,-0.45656594850644616,-0.7533320408069173,-0.5496289062499999,-0.5044899999999999
0.962,-0.4584032360255872,-0.7548544485905815,-0.55220703125,-0.50772
0.967,-0.4597812016649421,-0.756600203623945,-0.554921875,-0.5113699999999999
0.972,-0.46115916730429696,-0.7583960978358117,-0.55763671875,-0.5153099999999999
0.978,-0.4616184891840831,-0.7600643650478514,-0.5602539062499999,-0.5189699999999999
0.983,-0.4639150985830085,-0.7616505863314291,-0.56291015625,-0.5225199999999999
0.988,-0.46437442046279287,-0.7632322495078707,-0.5659765625,-0.5261899999999999
0.994,-0.4671303517415044,-0.7650554923625581,-0.56861328125,-0.5303
0.999,-0.4680489955010749,-0.7666052487890429,-0.57111328125,-0.5338499999999999
1.003,-0.4694269611404298,-0.7680410525371091,-0.57384765625,-0.5370899999999998
1.008,-0.4703456049000003,-0.7695908089635921,-0.5768749999999999,-0.5407499999999998
1.014,-0.47218289241914135,-0.7711770302471717,-0.58017578125,-0.54443
1.02,-0.4740201799382824,-0.7729638082447661,-0.5834960937499999,-0.5486599999999999
1.025,-0.4749388236978529,-0.7747232375995399,-0.5866015625,-0.55274
1.031,-0.47585746745742163,-0.7762684359188867,-0.5898046874999999,-0.55653
1.036,-0.47769475497656266,-0.7778500990953283,-0.59251953125,-0.5604399999999998
1.041,-0.4786133987361332,-0.779089904236514,-0.59513671875,-0.5635399999999999
1.045,-0.47999136437548806,-0.7803205931634292,-0.59783203125,-0.5664799999999999
1.049,-0.4813693300148447,-0.781574072626027,-0.6005859374999999,-0.5695399999999999
1.054,-0.48228797377441524,-0.7828184358743506,-0.603359375,-0.5726199999999999
1.058,-0.4827472956541996,-0.784017218051309,-0.60625,-0.57572
1.062,-0.48458458317334063,-0.7852342326568138,-0.60916015625,-0.5787899999999999
1.067,-0.485043905053125,-0.7864284567266324,-0.61267578125,-0.5817399999999999
1.072,-0.48642187069248166,-0.7878323537247418,-0.6157421875,-0.5853999999999999
1.076,-0.4873405144520522,-0.7890265777945622,-0.61890625,-0.5884999999999998
1.081,-0.48917780197119143,-0.7902299180786567,-0.62220703125,-0.5915999999999999
1.085,-0.48917780197119143,-0.7914514907912977,-0.62544921875,-0.5948399999999998
1.09,-0.49101508949033246,-0.792600133789751,-0.629296875,-0.59792
1.095,-0.49239305512968734,-0.7939538916093554,-0.6332421875,-0.6015699999999999
1.1,-0.4928523770094735,-0.7952620683575944,-0.6374609375000001,-0.60497
1.105,-0.4946896645286145,-0.7966522910342935,-0.64166015625,-0.6087799999999999
1.11,-0.49560830828818503,-0.7979194448182998,-0.64623046875,-0.6121399999999999
1.115,-0.49652695204775377,-0.7992959931735903,-0.65041015625,-0.61595
1.12,-0.4979049176871104,-0.8004993334576831,-0.6551953125,-0.6193099999999998
1.125,-0.49882356144668094,-0.8017847196702377,-0.6606054687499999,-0.6229699999999998
1.131,-0.5002015270860358,-0.8031977328826212,-0.66576171875,-0.6269199999999999
1.136,-0.5020388146051769,-0.8044922353094499,-0.67125,-0.6305699999999999
1.141,-0.5024981364849612,-0.8058186444862354,-0.67685546875,-0.63425
1.146,-0.5038761021243179,-0.8070903563773779,-0.6830859375,-0.63791
1.152,-0.5052540677636728,-0.808444114196984,-0.689375,-0.64171
1.157,-0.5061727115232433,-0.8097431747309489,-0.69498046875,-0.64554
1.162,-0.5070913552828138,-0.8108234461223525,-0.70076171875,-0.6486699999999999
1.166,-0.5080099990423843,-0.8119128337280266,-0.70693359375,-0.65194
1.171,-0.5080099990423843,-0.8130614767264799,-0.71376953125,-0.6555
1.177,-0.5107659303210941,-0.8143240724033518,-0.7199609375,-0.65933
1.182,-0.5116845740806646,-0.8155091802588981,-0.7259374999999999,-0.6628699999999998
1.186,-0.5121438959604507,-0.8166076840788481,-0.7320703125,-0.6661599999999999
1.191,-0.51398118347959,-0.8178064662558047,-0.7385742187500001,-0.66984
1.197,-0.515818470998731,-0.8191419916468643,-0.74474609375,-0.6738199999999999
1.202,-0.515818470998731,-0.8203909130023241,-0.7503125,-0.6775199999999999
1.207,-0.5171964366380859,-0.8215349978936413,-0.7564257812499999,-0.68106
1.213,-0.5185744022774426,-0.8228887557132456,-0.7624218749999999,-0.6851499999999999
1.219,-0.5199523679167974,-0.8241559094972537,-0.76794921875,-0.68912
1.224,-0.520871011676368,-0.8254002727455774,-0.7734765625000001,-0.6929399999999999
1.229,-0.5217896554359385,-0.8266355197796287,-0.77865234375,-0.6967699999999999
1.234,-0.5231676210752934,-0.8277932789923561,-0.78376953125,-0.7004599999999999
1.24,-0.5236269429550795,-0.829001177383585,-0.788984375,-0.7042599999999999
1.246,-0.5250049085944344,-0.830350377096055,-0.7941796874999999,-0.70865
1.251,-0.5259235523540049,-0.8314625552374135,-0.7988085937499999,-0.7123299999999999
1.256,-0.5268421961135754,-0.83257929148591,-0.8034765625000001,-0.716
1.262,-0.5291388055125008,-0.8337689574485943,-0.8073046875,-0.71983
1.266,-0.5295981273922852,-0.8347443923758515,-0.8109179687499999,-0.72309
1.271,-0.5300574492720713,-0.8356788043388779,-0.8145117187500001,-0.72607
1.275,-0.5314354149114262,-0.8366223325161801,-0.818046875,-0.7290299999999998
1.279,-0.5318947367912124,-0.8375613025863444,-0.8215234375,-0.7322799999999998
1.284,-0.5328133805507811,-0.8384865983350966,-0.825,-0.7352599999999998
1.288,-0.5341913461901378,-0.8394346846195351,-0.8284375,-0.7383899999999999
1.292,-0.5346506680699221,-0.8403827709039717,-0.832265625,-0.7415099999999999
1.297,-0.5351099899497083,-0.8414356936525547,-0.83595703125,-0.74519
1.302,-0.5364879555890631,-0.8424475934369049,-0.8401562499999999,-0.74874
1.308,-0.537865921228418,-0.8436190269710444,-0.8438476562499999,-0.7527199999999998
1.313,-0.5392438868677747,-0.8446810659338979,-0.8478906249999999,-0.75627
1.319,-0.5397032087475591,-0.8458752900037183,-0.8519921874999999,-0.76027
1.324,-0.5406218525071296,-0.8470057005736233,-0.85560546875,-0.7642599999999999
1.329,-0.5419998181464845,-0.8480540652150701,-0.8596289062500001,-0.76783
1.335,-0.542918461906055,-0.8492346149634802,-0.8634765624999999,-0.7719799999999999
1.341,-0.5442964275454116,-0.8504106066047541,-0.866875,-0.77613
1.345,-0.544755749425196,-0.8513085537106875,-0.8698632812499999,-0.77928
1.349,-0.5452150713049804,-0.8521700359595279,-0.8733203124999999,-0.7822899999999999
1.355,-0.5470523588241214,-0.8531910519581523,-0.8766796875,-0.7860099999999999
1.359,-0.5479710025836919,-0.8542029517425043,-0.8801757812500001,-0.78958
1.364,-0.5488896463432624,-0.8552239677411286,-0.8836132812499999,-0.79315
1.369,-0.5493489682230468,-0.8562221932040703,-0.8866796875,-0.7967099999999998
1.374,-0.5507269338624035,-0.8571019078814572,-0.88966796875,-0.79986
1.378,-0.5511862557421878,-0.85797250634457,-0.89259765625,-0.8030199999999998
1.383,-0.5521048995017583,-0.8588339885934104,-0.895625,-0.80616
1.387,-0.5534828651411132,-0.8597228194850697,-0.89859375,-0.80931
1.391,-0.5534828651411132,-0.8605797436267739,-0.90150390625,-0.81246
1.396,-0.5548608307804699,-0.8614321096613402,-0.9044140625,-0.81545
1.4,-0.5557794745400404,-0.8622890338030427,-0.9077539062500001,-0.81857
1.405,-0.5566981182996091,-0.8632827011588482,-0.9110742187499999,-0.8221399999999999
1.41,-0.5576167620591796,-0.8642535779789675,-0.9145117187499999,-0.8255599999999998
1.415,-0.5580760839389658,-0.8652426872276369,-0.91802734375,-0.8291199999999999
1.42,-0.5603726933378912,-0.866259145119125,-0.92150390625,-0.8328399999999998
1.425,-0.5603726933378912,-0.8672756030106132,-0.92486328125,-0.8363999999999998
1.43,-0.5608320152176756,-0.8682054568665034,-0.92837890625,-0.83982
1.435,-0.5622099808570322,-0.8691763336866263,-0.9318554687499999,-0.84354
1.44,-0.5631286246166027,-0.8701426523996094,-0.9357421875,-0.8471
1.446,-0.5640472683761732,-0.8712229237910112,-0.9390624999999999,-0.8510899999999999
1.45,-0.564965912135742,-0.8721299871112187,-0.9426953124999999,-0.8545099999999999
1.456,-0.5658845558953125,-0.8731327706812984,-0.94595703125,-0.8581999999999999
1.46,-0.5663438777750986,-0.8739577880730423,-0.9490624999999999,-0.86131
1.464,-0.5677218434144535,-0.8747782473576518,-0.95224609375,-0.8644399999999999
1.469,-0.568640487174024,-0.8756260552850819,-0.9554296874999999,-0.8675499999999998
1.473,-0.5690998090538084,-0.8764556307839637,-0.95865234375,-0.8706499999999999
1.477,-0.5700184528133789,-0.8772760900685732,-0.9619140624999999,-0.8737499999999998
1.482,-0.5713964184527356,-0.8781284561031413,-0.965234375,-0.8768499999999999
1.486,-0.5709370965729494,-0.878948915387749,-0.96861328125,-0.8799299999999999
1.491,-0.5727743840920905,-0.8797830489937688,-0.9719140624999999,-0.8830099999999999
1.495,-0.5723150622123061,-0.8805807177426939,-0.97521484375,-0.8860899999999998
1.499,-0.573693027851661,-0.8813647121702104,-0.9792578125000001,-0.88916
1.504,-0.5746116716112315,-0.8823036822403747,-0.98302734375,-0.8926399999999999
1.509,-0.575530315370802,-0.8831788388106236,-0.98697265625,-0.89598
1.514,-0.5759896372505864,-0.8840767859165588,-0.9909375,-0.8994599999999999
1.519,-0.5769082810101569,-0.8849473843796716,-0.9951757812500001,-0.9027999999999998
1.524,-0.5782862466495118,-0.8858726801284256,-0.99935546875,-0.90642
1.529,-0.5792048904090823,-0.8867751853414951,-1.00380859375,-0.9097599999999999
1.534,-0.5801235341686528,-0.8877232716259336,-1.00830078125,-0.91337
1.539,-0.580582856048439,-0.8886531254818237,-1.0129101562500002,-0.9169699999999998
1.544,-0.5819608216877938,-0.8895693050163036,-1.01751953125,-0.9204399999999999
1.549,-0.5828794654473644,-0.8904900426579214,-1.0220898437500001,-0.9238999999999999
1.554,-0.5833387873271487,-0.8913788735495825,-1.02673828125,-0.9273799999999999
1.559,-0.5837981092069349,-0.8922540301198314,-1.0316015625000001,-0.93086
1.565,-0.5851760748462898,-0.893170209654313,-1.03609375,-0.93445
1.569,-0.5860947186058603,-0.8940499243316999,-1.04056640625,-0.93777
1.574,-0.5874726842452151,-0.8949661038661798,-1.0449414062500002,-0.9412099999999999
1.58,-0.5874726842452151,-0.895891399614932,-1.0495703125,-0.9447999999999999
1.585,-0.5893099717643562,-0.8968258115779619,-1.05373046875,-0.9483999999999999
1.59,-0.5897692936441405,-0.8977055262553488,-1.05728515625,-0.9518599999999999
1.594,-0.5897692936441405,-0.898462172040043,-1.0607421875,-0.9547599999999998
1.598,-0.5911472592834972,-0.8992097016104648,-1.06419921875,-0.9578099999999998
1.603,-0.5920659030430677,-0.8999936960379795,-1.0674804687500001,-0.9608399999999999
1.607,-0.5929845468026382,-0.9007731323583599,-1.0708789062500002,-0.9637199999999999
1.612,-0.5934438686824226,-0.9015799173215591,-1.0740820312500001,-0.96688
1.616,-0.5943625124419931,-0.9023502374276635,-1.07720703125,-0.9699099999999998
1.62,-0.5948218343217775,-0.9031251156409059,-1.0803125000000002,-0.9729399999999999
1.625,-0.595740478081348,-0.9038954357470121,-1.0836132812500001,-0.97597
1.63,-0.5966591218409185,-0.9047523598887146,-1.087109375,-0.97926
1.635,-0.5971184437207029,-0.9056685394231945,-1.0903515625,-0.9829599999999998
1.64,-0.5989557312398439,-0.9065528122077193,-1.09369140625,-0.9863799999999998
1.645,-0.5989557312398439,-0.9074553174207889,-1.0965234375000001,-0.9899499999999999
1.649,-0.6003336968792006,-0.9082256375268933,-1.0992578125,-0.9929699999999999
1.654,-0.6007930187589849,-0.9089959576329996,-1.1019140625000001,-0.996
1.658,-0.6012523406387693,-0.9097480453105575,-1.1044921875000002,-0.9988899999999998
1.662,-0.6017116625185555,-0.9104819005595708,-1.10712890625,-1.0019299999999998
1.667,-0.602630306278126,-0.9112248720228564,-1.1096679687500002,-1.00495
1.671,-0.6040082719174809,-0.9119860759146867,-1.11220703125,-1.0079699999999998
1.676,-0.604467593797267,-0.9127472798065206,-1.1146484375,-1.01101
1.68,-0.6058455594366219,-0.9135084836983509,-1.1171484375,-1.01392
1.684,-0.6063048813164063,-0.9142833619115933,-1.11962890625,-1.01697
1.689,-0.6063048813164063,-0.9150445658034254,-1.1221289062500002,-1.0200299999999998
1.693,-0.6076828469557629,-0.9157966534809852,-1.1248242187500002,-1.0231
1.698,-0.6081421688355473,-0.9166581357298238,-1.1275390625000001,-1.02658
1.703,-0.6086014907153334,-0.9174694788001592,-1.13029296875,-1.0300599999999998
1.708,-0.6099794563546883,-0.9183127286204531,-1.133046875,-1.03343
1.713,-0.6108981001142588,-0.9191696527621573,-1.1357421875,-1.03708
1.718,-0.6113574219940432,-0.9200129025824495,-1.1384765625,-1.04046
1.723,-0.6127353876333999,-0.9208880591526984,-1.1411328125,-1.04412
1.728,-0.6131947095131842,-0.9217176346515803,-1.14373046875,-1.04751
1.733,-0.6145726751525391,-0.9225700006861484,-1.1464453125,-1.05103
1.738,-0.6154913189121096,-0.9234725058992179,-1.1491796875,-1.05458
1.743,-0.6154913189121096,-0.9243385462551945,-1.151796875,-1.0582699999999998
1.748,-0.6164099626716801,-0.9251544474326678,-1.1543359375000002,-1.06181
1.753,-0.617787928311035,-0.9259703486101412,-1.1570507812500002,-1.0652
1.758,-0.6187065720706055,-0.9268546213946625,-1.1596875000000002,-1.06873
1.763,-0.619625215830176,-0.9277206617506408,-1.16228515625,-1.07225
1.768,-0.6210031814695327,-0.9286003764280277,-1.1649609375,-1.07579
1.773,-0.6214625033493171,-0.9294846492125508,-1.1673828125,-1.07932
1.777,-0.6223811471088876,-0.9302823179614759,-1.1697656250000001,-1.08243
1.782,-0.6232997908684581,-0.9310799867104009,-1.17224609375,-1.08569
1.786,-0.6232997908684581,-0.9318867716736019,-1.17455078125,-1.08893
1.791,-0.6242184346280286,-0.9326206269226134,-1.1770507812500002,-1.0920299999999998
1.795,-0.6251370783875991,-0.9334228537786746,-1.1795312500000001,-1.09544
1.8,-0.6260557221471679,-0.9342341968490118,-1.18208984375,-1.09872
1.805,-0.626515044026954,-0.9350500980264833,-1.1845703125,-1.10215
1.81,-0.6274336877865245,-0.9358386505611378,-1.1869140625,-1.10557
1.814,-0.628352331546095,-0.9365861801315596,-1.18927734375,-1.10872
1.818,-0.6292709753056656,-0.9373382678091158,-1.19193359375,-1.1117299999999999
1.823,-0.6297302971854499,-0.9381678433079994,-1.1943554687500002,-1.1153
1.828,-0.6306489409450204,-0.9389062566641488,-1.1968359375,-1.11845
1.832,-0.631567584704591,-0.9396537862345706,-1.1992578125,-1.12146
1.836,-0.6320269065843753,-0.9404013158049924,-1.2017578125000001,-1.12462
1.841,-0.6329455503439458,-0.941144287268278,-1.20455078125,-1.12777
1.846,-0.6338641941035164,-0.9419920951957081,-1.2071875,-1.1313399999999998
1.85,-0.6343235159833007,-0.9427441828732643,-1.2099414062500002,-1.13448
1.855,-0.6361608035024418,-0.9435646421578738,-1.2126171875,-1.13777
1.859,-0.6366201253822279,-0.9443623109068007,-1.21556640625,-1.14093
1.864,-0.6366201253822279,-0.9451918864056825,-1.2183984375,-1.14452
1.868,-0.6379980910215828,-0.9459622065117888,-1.221328125,-1.1476799999999998
1.873,-0.6393760566609377,-0.9467963401178086,-1.2244335937500002,-1.1511299999999998
1.878,-0.6389167347811533,-0.9476304737238284,-1.22755859375,-1.15456
1.883,-0.6402947004205082,-0.9484691654369843,-1.230859375,-1.15815
1.888,-0.6412133441800787,-0.94929418282873,-1.2342382812500001,-1.1616
1.893,-0.6416726660598631,-0.9501784556132549,-1.23779296875,-1.1653499999999999
1.898,-0.6430506316992197,-0.951021705433547,-1.24115234375,-1.16895
1.903,-0.6439692754587902,-0.9518421647181547,-1.2443750000000002,-1.17227
1.907,-0.6444285973385746,-0.9526033686099886,-1.24771484375,-1.17557
1.912,-0.6453472410981451,-0.9533736887160931,-1.25115234375,-1.1787299999999998
1.916,-0.6462658848577156,-0.9541667993578837,-1.2547070312500002,-1.1820399999999998
1.921,-0.6476438504970705,-0.9549827005353553,-1.25888671875,-1.18534
1.926,-0.6476438504970705,-0.9559171124983834,-1.2627734375,-1.1892299999999998
1.931,-0.648562494256641,-0.9567466879972653,-1.26658203125,-1.19268
1.935,-0.6494811380162115,-0.9574987756748232,-1.27099609375,-1.1958499999999999
1.94,-0.6508591036555664,-0.9583967227807566,-1.2753515625,-1.19957
1.945,-0.6517777474151369,-0.9592855536724176,-1.2797851562500002,-1.20317
1.95,-0.6522370692949231,-0.9601196872784357,-1.2846484375,-1.20662
1.955,-0.6531557130544936,-0.961026750598645,-1.28974609375,-1.21037
1.961,-0.6540743568140623,-0.9619338139188525,-1.295625,-1.2141199999999999
1.967,-0.655452322453419,-0.9630140853102542,-1.30177734375,-1.21857
1.972,-0.6563709662129895,-0.9639667297018288,-1.3071484375,-1.2223
1.977,-0.65728960997256,-0.9648008633078469,-1.31314453125,-1.22574
1.982,-0.6577489318523444,-0.9657216009494647,-1.3187890625,-1.2296299999999998
1.987,-0.6591268974916993,-0.9665420602340742,-1.3255273437500001,-1.23292
1.992,-0.6595862193714854,-0.967494704625647,-1.3329296875,-1.2368
1.998,-0.6609641850108403,-0.9684701395529061,-1.3393164062500003,-1.24079
2.003,-0.6618828287704108,-0.9693225055874723,-1.3462304687500002,-1.2441999999999998
2.008,-0.6628014725299813,-0.9702432432290902,-1.35421875,-1.24792
2.013,-0.6637201162895519,-0.9712505849063042,-1.3611718750000001,-1.2519299999999998
2.019,-0.6646387600491224,-0.9721758806550582,-1.3684960937500001,-1.2556399999999999
2.024,-0.6655574038086929,-0.9731558736894534,-1.3753125,-1.2596399999999999
2.029,-0.6664760475682616,-0.9740948437596177,-1.38158203125,-1.26348
2.034,-0.6669353694480478,-0.9749244192584996,-1.3870117187500002,-1.2669
2.039,-0.6687726569671888,-0.9757084136860144,-1.3926757812500001,-1.27005
2.044,-0.6692319788469732,-0.9765881283634013,-1.39810546875,-1.2734699999999999
2.048,-0.6696913007267593,-0.9774040295408746,-1.4031445312500002,-1.2767499999999998
2.053,-0.670609944486328,-0.9782016982898014,-1.40865234375,-1.28003
2.058,-0.6719879101256847,-0.9790905291814607,-1.41421875,-1.28358
2.063,-0.6724472320054691,-0.9800203830373526,-1.4191015625,-1.28727
2.068,-0.6729065538852552,-0.9808408423219603,-1.42431640625,-1.29068
2.073,-0.6742845195246101,-0.9817661380707143,-1.42943359375,-1.29439
2.078,-0.6752031632841806,-0.9826732013909218,-1.4343554687500002,-1.29806
2.083,-0.6765811289235355,-0.9835939390325379,-1.43892578125,-1.3017599999999998
2.088,-0.6770404508033216,-0.9844782118170627,-1.4435937500000002,-1.3052899999999998
2.093,-0.6779590945628904,-0.9854080656729529,-1.4481640625,-1.3089499999999998
2.099,-0.6788777383224609,-0.986328803314569,-1.4527734375,-1.3126099999999998
2.104,-0.6807150258416019,-0.987304238241828,-1.4572460937500002,-1.3164099999999999
2.109,-0.6802557039618176,-0.9882614407405388,-1.461328125,-1.3201999999999998
2.114,-0.6820929914809568,-0.9891365973107895,-1.4653320312500002,-1.32369
2.119,-0.682552313360743,-0.9900391025238591,-1.46953125,-1.32716
2.125,-0.6830116352405273,-0.9909598401654769,-1.4729492187500002,-1.3310399999999998
2.129,-0.6839302790000978,-0.9917028116287607,-1.47623046875,-1.3338199999999998
2.133,-0.6853082446394545,-0.9924776898420031,-1.4798437500000001,-1.337
2.138,-0.6862268883990232,-0.99335740451939,-1.48328125,-1.34044
2.143,-0.6871455321585938,-0.9942052124468201,-1.4866796875,-1.3437299999999999
2.148,-0.6876048540383799,-0.9950530203742503,-1.4900195312500002,-1.34689
2.152,-0.6889828196777348,-0.9958780377659959,-1.4932812500000001,-1.3500199999999998
2.157,-0.6894421415575209,-0.9967121713720157,-1.49658203125,-1.3532899999999999
2.162,-0.6903607853170897,-0.9975554211923079,-1.4998437500000001,-1.3564399999999999
2.167,-0.6908201071968758,-0.9983986710126018,-1.5030859375,-1.3597199999999998
2.172,-0.6917387509564463,-0.9992692694757146,-1.50626953125,-1.3631199999999999
2.176,-0.6935760384755874,-1.000089728760324,-1.50947265625,-1.36626
2.181,-0.6940353603553717,-1.0009785596519851,-1.5127539062500002,-1.36953
2.186,-0.6954133259947266,-1.0018901810793288,-1.5161914062500002,-1.3729299999999998
2.191,-0.6954133259947266,-1.002851941685174,-1.51970703125,-1.37648
2.197,-0.6963319697542971,-1.003786353648204,-1.52310546875,-1.38018
2.202,-0.6977099353936538,-1.0046843007541355,-1.52677734375,-1.38375
2.207,-0.6986285791532225,-1.0057053167527616,-1.5305078125,-1.3875899999999999
2.213,-0.699547222912793,-1.0067126584299757,-1.53359375,-1.39143
2.218,-0.7004658666723635,-1.007565024464542,-1.5369140625,-1.39471
2.223,-0.7018438323117202,-1.0085222269632546,-1.54044921875,-1.3982799999999997
2.228,-0.7027624760712889,-1.0095341267476066,-1.544140625,-1.40212
2.234,-0.7032217979510751,-1.0105505846390948,-1.547265625,-1.4059599999999999
2.239,-0.70459976359043,-1.0114166249950696,-1.55052734375,-1.40937
2.244,-0.7055184073500005,-1.012351036958096,-1.55373046875,-1.4127899999999998
2.249,-0.706437051109571,-1.0132945651353982,-1.55685546875,-1.4163199999999998
2.254,-0.7078150167489259,-1.0141423730628265,-1.559765625,-1.4194499999999999
2.258,-0.7078150167489259,-1.0149810647759843,-1.5628515625000001,-1.42258
2.263,-0.7091929823882825,-1.0158471051319609,-1.5657617187500001,-1.42585
2.268,-0.7096523042680669,-1.0166584482022962,-1.56923828125,-1.42898
2.273,-0.7110302699074218,-1.017656673665238,-1.57248046875,-1.4326499999999998
2.278,-0.7114895917872079,-1.0185637369854454,-1.57615234375,-1.43603
2.284,-0.7128675574265628,-1.0195756367697975,-1.58,-1.43981
2.29,-0.7137862011861333,-1.0206604662683372,-1.583671875,-1.44387
2.295,-0.7156234887052744,-1.021699714695508,-1.58728515625,-1.4477799999999998
2.301,-0.7170014543446293,-1.02279366040832,-1.5909375000000001,-1.45155
2.306,-0.7174607762244154,-1.023796443978398,-1.59447265625,-1.45505
2.312,-0.7183794199839841,-1.0247946694413397,-1.59794921875,-1.4586799999999998
2.317,-0.7192980637435546,-1.0257017327615472,-1.6015820312500002,-1.46203
2.322,-0.7197573856233408,-1.0267136325458992,-1.6056054687500003,-1.46566
2.328,-0.7211353512626957,-1.0277300904373874,-1.6096484375000002,-1.46957
2.333,-0.7229726387818367,-1.028801245614515,-1.6130859375000002,-1.4733299999999998
2.338,-0.7238912825414072,-1.0297356575775432,-1.61654296875,-1.4765599999999999
2.343,-0.7243506044211916,-1.0306336046834765,-1.6198437500000002,-1.47979
2.348,-0.7252692481807621,-1.0314814126109066,-1.6234375,-1.48287
2.352,-0.726647213820117,-1.032415824573933,-1.6272070312500002,-1.48609
2.357,-0.7271065356999031,-1.0333684689655076,-1.63056640625,-1.48945
2.362,-0.728484501339258,-1.0342026025715274,-1.63400390625,-1.4924
2.366,-0.7294031450988285,-1.0350504104989575,-1.6382421875,-1.49535
2.372,-0.730321788858399,-1.0361352399974955,-1.6425781250000002,-1.4990999999999999
2.377,-0.7307811107381834,-1.037128907353301,-1.6463671875,-1.5027
2.382,-0.7330777201371106,-1.0380587612091912,-1.6509375000000002,-1.50589
2.388,-0.7330777201371106,-1.0391572650291412,-1.655546875,-1.50962
2.393,-0.7349150076562498,-1.0402466526348153,-1.65986328125,-1.51334
2.398,-0.7362929732956065,-1.0412357618834847,-1.66416015625,-1.51664
2.403,-0.7362929732956065,-1.0422385454535625,-1.66841796875,-1.51995
2.408,-0.7385895826945319,-1.0432367709165042,-1.67287109375,-1.52337
2.414,-0.7395082264541024,-1.0443352747364525,-1.6769140625,-1.52676
2.419,-0.7404268702136729,-1.0453426164136683,-1.68109375,-1.5300099999999999
2.424,-0.7408861920934573,-1.0463955391622495,-1.6851171875000002,-1.5334999999999999
2.429,-0.742264157732814,-1.0474028808394653,-1.6890039062500002,-1.53673
2.434,-0.7427234796125983,-1.0484193387309535,-1.6929296875,-1.54008
2.439,-0.7445607671317394,-1.0494540290509882,-1.6970703125000002,-1.5433999999999999
2.445,-0.7459387327710942,-1.0506254625851241,-1.7008007812500001,-1.5470899999999999
2.451,-0.7463980546508804,-1.0517102920836638,-1.70396484375,-1.5504799999999999
2.455,-0.7468573765306648,-1.0526264716181437,-1.7068359375000002,-1.5534499999999998
2.46,-0.7486946640498058,-1.0535335349383512,-1.70951171875,-1.55626
2.464,-0.7486946640498058,-1.0543950171871916,-1.7123046875,-1.55891
2.469,-0.7500726296891607,-1.0553613359001748,-1.7151757812500001,-1.56185
2.474,-0.7509912734487312,-1.056391468113075,-1.7176953125,-1.56483
2.48,-0.7509912734487312,-1.057348670611784,-1.7200390625000002,-1.56757
2.484,-0.7519099172083017,-1.0582648501462657,-1.7222070312500002,-1.57022
2.49,-0.7519099172083017,-1.059158239145063,-1.72443359375,-1.5728499999999999
2.495,-0.7528285609678722,-1.060124557858046,-1.72630859375,-1.57551
2.5,-0.7537472047274427,-1.0610179468568433,-1.7283398437500002,-1.5778299999999998
2.506,-0.7546658484870132,-1.062016172319785,-1.7300585937500002,-1.58028
2.512,-0.755584492246582,-1.0629186775328563,-1.7317382812500002,-1.58243
2.517,-0.7560438141263681,-1.0638029503173776,-1.73333984375,-1.58442
2.522,-0.7569624578859386,-1.064668990673356,-1.7348828125000002,-1.5863299999999998
2.527,-0.7569624578859386,-1.0654940080650999,-1.73640625,-1.5881999999999998
2.532,-0.7578811016455091,-1.0663144673497111,-1.73794921875,-1.59002
2.538,-0.7587997454050779,-1.0671394847414568,-1.7393359375000002,-1.5918199999999998
2.543,-0.7587997454050779,-1.067909804847563,-1.7407421875000002,-1.5936
2.548,-0.7587997454050779,-1.068616311453754,-1.7420703125,-1.5952499999999998
2.553,-0.7601777110444345,-1.0693228180599448,-1.7434570312500002,-1.5969699999999998
2.558,-0.7610963548040051,-1.0700885800589148,-1.74466796875,-1.59876
2.562,-0.7606370329242189,-1.0707449474866007,-1.7458984375000002,-1.60032
2.567,-0.7615556766837894,-1.0714104311285624,-1.7471484375000002,-1.60194
2.572,-0.7624743204433599,-1.0720850309847965,-1.7484375,-1.6036299999999999
2.577,-0.7629336423231443,-1.0727778632695788,-1.74966796875,-1.60523
2.582,-0.7633929642029305,-1.0734296725901284,-1.7507812500000002,-1.6068099999999998
2.586,-0.7633929642029305,-1.0740131103036283,-1.7520117187500002,-1.6082699999999999
2.591,-0.7638522860827148,-1.074674035838454,-1.7534375,-1.60995
2.597,-0.7656895736018559,-1.0754397978374204,-1.7544921875,-1.6118199999999998
2.601,-0.7652302517220715,-1.076023235550922,-1.7557421875,-1.6132499999999999
2.607,-0.7670675392412107,-1.0767115097285664,-1.7568945312500002,-1.61493
2.611,-0.7666082173614264,-1.0773542028348437,-1.7580078125000003,-1.61649
2.616,-0.7679861830007813,-1.07795587297689,-1.7591210937500001,-1.6179899999999998
2.621,-0.7675268611209969,-1.078584891761757,-1.760234375,-1.61954
2.625,-0.7689048267603518,-1.0791637713681208,-1.76142578125,-1.62102
2.63,-0.7689048267603518,-1.0798155806886722,-1.762578125,-1.62265
2.635,-0.7693641486401379,-1.0803853440807618,-1.7637500000000002,-1.6241599999999998
2.64,-0.7702827923997084,-1.0810052466513564,-1.7648046875,-1.62582
2.644,-0.7712014361592772,-1.081565893829172,-1.76587890625,-1.62729
2.649,-0.7721200799188477,-1.082158447756946,-1.7669531250000001,-1.6287699999999998
2.653,-0.7725794017986338,-1.082741885470444,-1.7681640625000001,-1.63025
2.658,-0.7739573674379887,-1.083421043433816,-1.7694726562500003,-1.6319499999999998
2.663,-0.7739573674379887,-1.0841184338257346,-1.7707421875000002,-1.6336899999999999
2.668,-0.7748760111975592,-1.0847839174676945,-1.7720703125000001,-1.6354799999999998
2.673,-0.7757946549571297,-1.0854585173239304,-1.7733984375,-1.63722
2.678,-0.7762539768369141,-1.0861285590730265,-1.77484375,-1.6390099999999999
2.683,-0.7776319424762708,-1.086825949464945,-1.77611328125,-1.6409099999999999
2.687,-0.7790099081156256,-1.0874686425712223,-1.7774218750000002,-1.6426399999999999
2.691,-0.7790099081156256,-1.0881204518917738,-1.7787695312500003,-1.64434
2.696,-0.7799285518751962,-1.088758586890913,-1.7801367187500001,-1.64615
2.7,-0.781306517514551,-1.089428628640011,-1.7815429687500002,-1.6480299999999999
2.704,-0.7822251612741216,-1.0901214609247933,-1.7829882812500002,-1.64995
2.709,-0.7826844831539077,-1.0908234094238463,-1.78447265625,-1.6519499999999998
2.713,-0.7836031269134764,-1.0915116836014924,-1.7863671875000002,-1.6538899999999999
2.719,-0.7854404144326175,-1.0924233050288361,-1.78814453125,-1.65655
2.724,-0.786359058192188,-1.093303019706223,-1.79001953125,-1.6589999999999998
2.729,-0.7886556675911134,-1.0942055249192926,-1.7918359375000001,-1.6615199999999999
2.734,-0.7891149894708995,-1.095149053096593,-1.7935546875,-1.6641
2.738,-0.7909522769900406,-1.0959649542740664,-1.7952539062500001,-1.66641
2.742,-0.7914115988698249,-1.0968127622014965,-1.79697265625,-1.6687599999999998
2.747,-0.7927895645091798,-1.0976833606646093,-1.7989453125000003,-1.67117
2.752,-0.7941675301485365,-1.0986952604489595,-1.80087890625,-1.6740499999999998
2.757,-0.7960048176676757,-1.0997071602333115,-1.80287109375,-1.67674
2.762,-0.7964641395474619,-1.1007555248747565,-1.80494140625,-1.6795799999999999
2.767,-0.7987607489463873,-1.1018403543732962,-1.8068945312500002,-1.68257
2.772,-0.8005980364655283,-1.1029388581932462,-1.80896484375,-1.68536
2.777,-0.8019760021048832,-1.1041194079416563,-1.8110742187500002,-1.6884
2.782,-0.8033539677442381,-1.105322748225749,-1.81314453125,-1.6914799999999999
2.787,-0.8051912552633791,-1.1065032979741591,-1.8153125,-1.6944599999999999
2.792,-0.8074878646623045,-1.107802358508124,-1.81744140625,-1.6975699999999998
2.798,-0.808406508421875,-1.1091196514706372,-1.8195117187500003,-1.7006999999999999
2.802,-0.810243795941016,-1.1103503403975505,-1.821328125,-1.7037
2.807,-0.8116217615803709,-1.1114807509674574,-1.82314453125,-1.7063799999999998
2.811,-0.8125404053399414,-1.1126066034302262,-1.8249804687500002,-1.7089299999999998
2.816,-0.8143776928590825,-1.1137506883215433,-1.82685546875,-1.7116099999999999
2.82,-0.8157556584984373,-1.114954028605636,-1.8286914062500002,-1.71441
2.824,-0.817133624137794,-1.1161209040326359,-1.8308398437500002,-1.7170899999999998
2.83,-0.8185115897771489,-1.1174974523879246,-1.8330078125000002,-1.7201499999999998
2.835,-0.8212675210558604,-1.118864884528941,-1.8352148437500002,-1.72322
2.84,-0.8231048085750015,-1.1203280369198279,-1.8374218750000002,-1.72628
2.845,-0.8240234523345702,-1.121763840667894,-1.8397265625,-1.7293599999999998
2.85,-0.8267793836132817,-1.1232680160230117,-1.8419921875,-1.7325499999999998
2.855,-0.8272387054930679,-1.1247357265210347,-1.8440234375000002,-1.73563
2.859,-0.8290759930122071,-1.1260119965193152,-1.84607421875,-1.7383499999999998
2.864,-0.8318319242909187,-1.1273748705531954,-1.8484960937500001,-1.74108
2.869,-0.8341285336898441,-1.1290294634438247,-1.85091796875,-1.74444
2.874,-0.8355064993292007,-1.1306703820130437,-1.8533789062500001,-1.74768
2.879,-0.8378031087281261,-1.1322930681537144,-1.855859375,-1.75081
2.884,-0.8400997181270515,-1.1339476610443437,-1.8585351562499999,-1.75395
2.89,-0.8419370056461926,-1.1357572295776208,-1.86126953125,-1.7574999999999998
2.895,-0.844233615045118,-1.1375987048608565,-1.8638085937500002,-1.76094
2.9,-0.846070902564259,-1.139166693715886,-1.8660742187500001,-1.76388
2.904,-0.8479081900833982,-1.1406708690710037,-1.8684765625,-1.7667
2.909,-0.8497454776025393,-1.1422297417117626,-1.8708203125,-1.76966
2.913,-0.8525014088812508,-1.143788614352518,-1.8732421875,-1.77251
2.917,-0.8538793745206057,-1.1453748356360975,-1.87564453125,-1.77549
2.922,-0.8557166620397467,-1.1469428244911288,-1.8780468750000001,-1.77809
2.926,-0.8580132714386721,-1.1485609525246634,-1.8804296875000002,-1.7809499999999998
2.93,-0.8598505589578131,-1.1501699643439256,-1.8829101562500001,-1.78392
2.935,-0.8621471683567385,-1.151829115341691,-1.8853906249999999,-1.78663
2.939,-0.8639844558758796,-1.1534882663394583,-1.8883203125,-1.78947
2.944,-0.8658217433950206,-1.155448252408247,-1.89138671875,-1.79269
2.949,-0.8685776746737304,-1.1573991222627615,-1.89453125,-1.79592
2.954,-0.8713336059524419,-1.1594548285814223,-1.89767578125,-1.79938
2.959,-0.8740895372311535,-1.161501418685809,-1.9011328125000002,-1.80259
2.965,-0.8763861466300789,-1.1636710776828867,-1.9044140625000001,-1.80592
2.97,-0.8786827560290043,-1.1658270623585558,-1.907890625,-1.8093899999999998
2.975,-0.8809793654279297,-1.1679101173200355,-1.9115625,-1.81273
2.98,-0.8841946185864256,-1.1701663803527111,-1.91498046875,-1.81609
2.985,-0.8864912279853527,-1.1721901799214134,-1.91837890625,-1.8191899999999999
2.99,-0.888328515504492,-1.1742094213829812,-1.9225195312500003,-1.82216
2.995,-0.892003090542774,-1.176675357343946,-1.926484375,-1.82592
3.0,-0.8947590218214856,-1.1788495744481597,-1.9302734375,-1.8291499999999998
3.005,-0.897055631220411,-1.1810101172309633,-1.93470703125,-1.83212
3.01,-0.8998115624991225,-1.1833894491563317,-1.93869140625,-1.83561
3.015,-0.9034861375374028,-1.1855727824748197,-1.9426171875000002,-1.8385799999999999
3.019,-0.9048641031767577,-1.1876284887934805,-1.9469335937500003,-1.8414
3.024,-0.9089980000948241,-1.1898893099332923,-1.9510546875,-1.84449
3.029,-0.9103759657341808,-1.191986039216184,-1.9556445312500002,-1.8471799999999998
3.033,-0.9135912188926767,-1.1942969995344992,-1.9608007812500001,-1.85026
3.039,-0.9168064720511726,-1.1968632138524722,-1.9663476562500002,-1.85358
3.044,-0.919103081450098,-1.199502357884631,-1.9714453125000002,-1.85704
3.048,-0.9223183346085939,-1.201767737131581,-1.9774609375,-1.85997
3.054,-0.9255335877670898,-1.2045709730206635,-1.9834765625000002,-1.8634
3.059,-0.9292081628053719,-1.2072556981241913,-1.9898046875,-1.86682
3.065,-0.9319640940840834,-1.210186561013101,-1.9957031250000001,-1.87035
3.07,-0.9356386691223637,-1.2129350996165424,-2.00212890625,-1.8736199999999998
3.076,-0.9393132441606458,-1.2159707989695967,-2.0083789062500004,-1.87713
3.081,-0.9420691754393555,-1.2189654753584218,-2.0134179687500002,-1.8806399999999999
3.086,-0.9457437504776376,-1.2214724342836174,-2.01916015625,-1.8835199999999999
3.091,-0.9494183255159179,-1.2244944593152614,-2.02455078125,-1.88699
3.096,-0.9526335786744156,-1.2273660668113937,-2.02939453125,-1.89022
3.101,-0.9553895099531253,-1.2300052108435544,-2.03421875,-1.8930799999999999
3.106,-0.9599827287509779,-1.2327309589113131,-2.0386328125,-1.8960599999999999
3.11,-0.9622793381499033,-1.2353837772648824,-2.0436914062500002,-1.89892
3.116,-0.9654945913083992,-1.2384285928322107,-2.048515625,-1.90218
3.121,-0.9691691663466795,-1.2415281056851786,-2.05306640625,-1.90543
3.126,-0.9728437413849615,-1.2443951550741765,-2.057109375,-1.9084299999999998
3.13,-0.9765183164232436,-1.2471072288205232,-2.0611328125,-1.9113099999999998
3.135,-0.9797335695817395,-1.2498694417453748,-2.06521484375,-1.9140599999999999
3.14,-0.9834081446200198,-1.2528276532771052,-2.0698242187500004,-1.91708
3.145,-0.9875420415380862,-1.2562918147010116,-2.0736328125,-1.9206299999999998
3.149,-0.9902979728167978,-1.2590449114115891,-2.07765625,-1.9234099999999998
3.154,-0.993972547855078,-1.262194563443062,-2.08181640625,-1.92645
3.159,-0.9985657666529306,-1.2655265397600033,-2.0854296875,-1.92976
3.164,-1.0017810198114265,-1.2684346121132304,-2.08880859375,-1.93254
3.168,-1.004077629210352,-1.2712560804308595,-2.0926171875,-1.93532
3.173,-1.0082115261284184,-1.2745698243192543,-2.0963281250000003,-1.9384899999999998
3.178,-1.0114267792869143,-1.277787847957777,-2.09970703125,-1.9416499999999999
3.183,-1.0155606762049807,-1.2808417797393776,-2.10337890625,-1.9444299999999999
3.188,-1.0187759293634766,-1.2842193371276878,-2.10662109375,-1.9477099999999998
3.192,-1.0224505044017587,-1.2872322459450576,-2.1098828125,-1.9504899999999998
3.197,-1.0256657575602546,-1.290363665547984,-2.11291015625,-1.95336
3.201,-1.029799654478321,-1.2933583419368073,-2.116171875,-1.9561
3.206,-1.033014907636817,-1.2966812020394762,-2.11955078125,-1.95909
3.211,-1.0371488045548833,-1.3001225729276982,-2.1227929687500002,-1.9622
3.216,-1.0408233795931654,-1.3035639438159219,-2.12646484375,-1.96518
3.221,-1.0454165983910162,-1.3074565673106786,-2.13,-1.96867
3.227,-1.0495504953090826,-1.3112352381270185,-2.1333984375,-1.9719099999999998
3.232,-1.0532250703473647,-1.314918188693488,-2.13671875,-1.97515
3.237,-1.057358967265431,-1.3185829068314092,-2.1401171875,-1.9784
3.242,-1.061952186063282,-1.3224618560047574,-2.14298828125,-1.98165
3.247,-1.0651674392217778,-1.3256889958575542,-2.14578125,-1.9845499999999998
3.251,-1.0683826923802737,-1.3288523222104374,-2.14873046875,-1.9871999999999999
3.256,-1.0720572674185558,-1.3322891349915231,-2.15185546875,-1.9902099999999998
3.261,-1.0766504862164066,-1.336108828772094,-2.15474609375,-1.9934699999999999
3.265,-1.0798657393749025,-1.3393633172677095,-2.15767578125,-1.99623
3.27,-1.083999636292969,-1.3428958502986674,-2.1605859375,-1.99924
3.275,-1.087674211331251,-1.34636456982971,-2.1639453125,-2.00211
3.28,-1.0918081082493174,-1.3504714243598954,-2.167421875,-2.0055
3.286,-1.0959420051673838,-1.3546648829256753,-2.17091796875,-2.00901
3.291,-1.1000759020854503,-1.3588811320271397,-2.17412109375,-2.0124999999999997
3.296,-1.1032911552439462,-1.3627099420219846,-2.1770703125,-2.01574
3.301,-1.1088030178013675,-1.366342753409949,-2.180390625,-2.0187299999999997
3.307,-1.1120182709598634,-1.3704222592973139,-2.18341796875,-2.02208
3.312,-1.1156928459981454,-1.374210046327926,-2.18646484375,-2.0251799999999998
3.317,-1.1193674210364257,-1.3779613685014453,-2.1899609375,-2.02841
3.322,-1.1239606398342783,-1.3822140824600044,-2.19318359375,-2.03188
3.328,-1.1271758929927742,-1.386147728918992,-2.19623046875,-2.03508
3.333,-1.1313097899108406,-1.389889934878239,-2.1992578125,-2.03828
3.338,-1.134984364949121,-1.3935728854447067,-2.20236328125,-2.04123
3.343,-1.1391182618671873,-1.397369788689593,-2.2050390625,-2.0444299999999997
3.347,-1.142333515025685,-1.4005923704352536,-2.2076757812500003,-2.04698
3.351,-1.145548768184181,-1.403846858930871,-2.21033203125,-2.04968
3.356,-1.1487640213426769,-1.4070603244622575,-2.21294921875,-2.05226
3.36,-1.1510606307416023,-1.410237325136551,-2.2156640625,-2.05496
3.364,-1.1542758839000982,-1.4134507906679374,-2.21841796875,-2.0576499999999998
3.369,-1.1579504589383802,-1.4167417440206478,-2.22115234375,-2.06037
3.373,-1.1611657120968761,-1.4199369771234878,-2.2239257812499997,-2.06298
3.377,-1.163921643375586,-1.4231322102263277,-2.2266992187500003,-2.0657099999999997
3.382,-1.1671368965340818,-1.4263228852220315,-2.2294921875,-2.0684199999999997
3.386,-1.1708114715723639,-1.4295135602177353,-2.23232421875,-2.07103
3.39,-1.1735674028510754,-1.4327133514277115,-2.23529296875,-2.0737799999999997
3.395,-1.1767826560095713,-1.4360134209946942,-2.23830078125,-2.07668
3.399,-1.179538587288281,-1.4393134905616805,-2.24125,-2.07944
3.404,-1.1822945185669926,-1.4424768169145619,-2.24423828125,-2.08221
3.408,-1.1850504498457042,-1.445640143267445,-2.24751953125,-2.08499
3.413,-1.189643668643555,-1.4490906303699411,-2.2506835937500003,-2.0880199999999998
3.417,-1.1919402780424804,-1.4524818620796598,-2.2541015625,-2.09091
3.422,-1.1956148530807624,-1.4558685356822423,-2.25765625,-2.09393
3.427,-1.1979114624796878,-1.4594831146416603,-2.26109375,-2.0970999999999997
3.432,-1.2025046812775404,-1.4629153693156098,-2.265078125,-2.10026
3.437,-1.2061792563158207,-1.4666894820248118,-2.26900390625,-2.10355
3.443,-1.208475865714746,-1.4703359677341865,-2.2730078125,-2.10685
3.448,-1.2130690845125986,-1.4739596629078786,-2.2769335937500004,-2.11003
3.453,-1.2158250157913084,-1.477460289188878,-2.28080078125,-2.11322
3.457,-1.2194995908295905,-1.4808424046843243,-2.2847851562500003,-2.1162799999999997
3.462,-1.2217962002285159,-1.4842199620726326,-2.28908203125,-2.11952
3.467,-1.2250114533870118,-1.487729704567906,-2.292890625,-2.12275
3.472,-1.2282267065455077,-1.4907334971710036,-2.2968359375,-2.1256
3.476,-1.2314419597040054,-1.4938512424525197,-2.300703125,-2.12858
3.481,-1.2337385691029308,-1.4968368026270689,-2.30513671875,-2.13131
3.486,-1.2378724660209972,-1.5002644991938823,-2.31005859375,-2.1347
3.491,-1.2410877191794931,-1.5040067051531292,-2.3146875000000002,-2.13823
3.496,-1.2438436504582029,-1.50757570304118,-2.31935546875,-2.1416399999999998
3.502,-1.2470589036167006,-1.5111720495720498,-2.3239453125000002,-2.14519
3.507,-1.2507334786549809,-1.514763837995785,-2.32869140625,-2.1487499999999997
3.513,-1.2534894099336924,-1.5185470669192611,-2.3331445312500003,-2.1525499999999997
3.518,-1.2571639849719727,-1.522034018878852,-2.3377734375,-2.15611
3.524,-1.2608385600102547,-1.5258491545522848,-2.34189453125,-2.15995
3.529,-1.2635944912889663,-1.5292449443691414,-2.3460546875,-2.1633999999999998
3.535,-1.2668097444474622,-1.5328093841500543,-2.350625,-2.16713
3.541,-1.2704843194857425,-1.5367430306090437,-2.35462890625,-2.1711199999999997
3.546,-1.2736995726442384,-1.5402254244614966,-2.35841796875,-2.17484
3.552,-1.2755368601633794,-1.5436257723854876,-2.3624609375,-2.1784499999999998
3.558,-1.2796707570814458,-1.5472540256663159,-2.3660546875,-2.18246
3.563,-1.2819673664803712,-1.5504720493048403,-2.36962890625,-2.18592
3.568,-1.2847232977590828,-1.5537584445504127,-2.3725585937500004,-2.18954
3.573,-1.288397872797363,-1.5564614020824887,-2.3752734375,-2.19249
3.577,-1.290235160316504,-1.559073197471827,-2.378046875,-2.19542
3.582,-1.2920724478356451,-1.5617761550039013,-2.3809375,-2.19847
3.586,-1.2948283791143567,-1.5645520422501633,-2.38369140625,-2.20152
3.591,-1.297124988513282,-1.5673279294964253,-2.38669921875,-2.20472
3.596,-1.2994215979122075,-1.5703180477781142,-2.38966796875,-2.20817
3.601,-1.3026368510707034,-1.5733036079526634,-2.39259765625,-2.2115
3.607,-1.3049334604696288,-1.576311958662897,-2.39556640625,-2.21509
3.612,-1.307230069868556,-1.5792428215518086,-2.3984765625000004,-2.21855
3.617,-1.3090673573876952,-1.5821508939050357,-2.4012109375,-2.22199
3.622,-1.3118232886664067,-1.5848629676513823,-2.4036328125,-2.2252899999999998
3.627,-1.3141198980653321,-1.5874702049335845,-2.40615234375,-2.2284699999999997
3.631,-1.3164165074642593,-1.5898632111803614,-2.4084765625,-2.2313899999999998
3.636,-1.3177944731036142,-1.5922334268914557,-2.41109375,-2.23431
3.641,-1.320550404382324,-1.5948953614593009,-2.4136523437500004,-2.23764
3.645,-1.3219283700216806,-1.5974342271344533,-2.41638671875,-2.24083
3.651,-1.3246843013003904,-1.6001736495236205,-2.41904296875,-2.24441
3.656,-1.327440232579102,-1.6029130719127878,-2.42146484375,-2.2478599999999997
3.661,-1.329277520098243,-1.6052969619452924,-2.42375,-2.2510399999999997
3.665,-1.3306554857375978,-1.6075851317279248,-2.42623046875,-2.25397
3.67,-1.3324927732567389,-1.6100601839031636,-2.42888671875,-2.25743
3.676,-1.3352487045354504,-1.6126719792925037,-2.4315625,-2.2609
3.681,-1.3370859920545897,-1.61528833278898,-2.433828125,-2.26448
3.686,-1.3389232795737307,-1.6174443174646491,-2.436015625,-2.26755
3.69,-1.341219888972656,-1.619541046747539,-2.438203125,-2.27036
3.694,-1.3421385327322266,-1.6215830787447878,-2.44033203125,-2.27329
3.699,-1.3435164983715833,-1.6235886458849453,-2.4425,-2.27623
3.703,-1.3453537858907225,-1.6255714224894167,-2.4446484375,-2.2791799999999998
3.707,-1.3467317515300792,-1.6275496409867536,-2.44685546875,-2.28213
3.712,-1.349487682808789,-1.6295552081269093,-2.4492578125,-2.28506
3.717,-1.3508656484481456,-1.6317567738739438,-2.45166015625,-2.28828
3.721,-1.3527029359672866,-1.633912758549613,-2.45412109375,-2.29161
3.726,-1.3545402234864259,-1.636105208082375,-2.4565625,-2.2949599999999997
3.731,-1.356836832885353,-1.6382247279009494,-2.45875,-2.29817
3.736,-1.358214798524708,-1.6401163423626866,-2.4608984375,-2.30112
3.74,-1.3595927641640628,-1.6419851662887428,-2.46330078125,-2.30408
3.745,-1.3614300516832039,-1.6440545469288121,-2.4658984375000004,-2.3072999999999997
3.75,-1.3632673392023449,-1.6462971356400775,-2.468359375,-2.31094
3.755,-1.3646453048416998,-1.6482753541374144,-2.4709375000000002,-2.31417
3.76,-1.3660232704810547,-1.65034929288462,-2.4733203125,-2.31753
3.765,-1.3678605580001957,-1.6521543033107609,-2.4756640625000004,-2.32063
3.769,-1.3696978455193367,-1.6539456394154914,-2.47796875,-2.3236
3.773,-1.3710758111586916,-1.6556959525559911,-2.48025390625,-2.32657
3.778,-1.3724537767980483,-1.6574234751608081,-2.4826171875000003,-2.3296799999999998
3.782,-1.3738317424374031,-1.6591646720870354,-2.4849804687500003,-2.33251
3.787,-1.3747503861969737,-1.6608420555133474,-2.4873828125,-2.33546
3.791,-1.3765876737161147,-1.6624920902968388,-2.4897265625,-2.3384199999999997
3.795,-1.3775063174756834,-1.664101102116101,-2.49216796875,-2.34124
3.8,-1.37888428311504,-1.6657192301496373,-2.49458984375,-2.34421
3.804,-1.380262248754395,-1.667296335218941,-2.497109375,-2.34728
3.808,-1.3825588581533204,-1.66893725378816,-2.5000781250000004,-2.35024
3.814,-1.383936823792677,-1.6708471006784453,-2.50298828125,-2.35375
3.819,-1.385314789432032,-1.67264755299745,-2.5060937500000002,-2.35712
3.824,-1.3862334331916024,-1.6744890282806821,-2.50921875,-2.36062
3.829,-1.3885300425905278,-1.6762849224925507,-2.5124218750000002,-2.36401
3.834,-1.3899080082298827,-1.6780853748115554,-2.515703125,-2.36753
3.839,-1.3912859738692394,-1.6798539203806016,-2.5189648437499996,-2.37094
3.844,-1.3922046176288099,-1.6816087916282392,-2.52236328125,-2.3744899999999998
3.849,-1.3945012270277353,-1.6832588264117305,-2.5258984375,-2.37778
3.854,-1.3958791926670902,-1.6850228138736405,-2.52947265625,-2.38135
3.859,-1.3977164801862312,-1.6867457783713213,-2.5328906250000003,-2.38491
3.864,-1.3981758020660155,-1.688281860476394,-2.5366210937500004,-2.38805
3.869,-1.3995537677053722,-1.6899455695812975,-2.540390625,-2.39146
3.874,-1.4018503771042976,-1.691604720579063,-2.544375,-2.39504
3.879,-1.4018503771042976,-1.693204616184051,-2.5485742187500002,-2.3984799999999997
3.884,-1.404146986503223,-1.6948227442175856,-2.55279296875,-2.40206
3.889,-1.4055249521425779,-1.6964271979297099,-2.55705078125,-2.40549
3.894,-1.4064435959021484,-1.697949605713374,-2.56134765625,-2.40894
3.899,-1.4087402053010756,-1.6994948040327227,-2.5658203125,-2.41235
3.904,-1.4101181709404305,-1.7010308861377972,-2.57041015625,-2.41567
3.909,-1.4105774928202148,-1.7024985966358201,-2.57560546875,-2.41899
3.914,-1.4124147803393559,-1.704093934133672,-2.580625,-2.42259
3.919,-1.4133334240989264,-1.7055798770602433,-2.5854492187500004,-2.42605
3.924,-1.4147113897382813,-1.7068971700227547,-2.5902148437500006,-2.4291
3.928,-1.416089355377638,-1.7082007886638557,-2.5952148437500004,-2.43216
3.932,-1.4170079991372084,-1.7094998491978206,-2.60037109375,-2.4352
3.937,-1.4183859647765633,-1.7107943516246475,-2.6057226562499998,-2.43825
3.941,-1.4197639304159182,-1.7120934121586124,-2.61177734375,-2.44132
3.946,-1.4206825741754887,-1.7135839131923198,-2.6191015625,-2.44493
3.952,-1.4216012179350592,-1.7151245534045305,-2.6257421875,-2.44868
3.957,-1.422979183574414,-1.7165193341883676,-2.6324218750000004,-2.45215
3.962,-1.4252757929733413,-1.7179733703649802,-2.63908203125,-2.45577
3.967,-1.42619443673291,-1.7194228484344567,-2.6454296875000005,-2.45924
3.972,-1.4275724023722667,-1.7208358616468384,-2.6517578125,-2.46273
3.977,-1.4289503680116216,-1.722257991073496,-2.6579492187500002,-2.46622
3.982,-1.4303283336509764,-1.7236527718573313,-2.66396484375,-2.4697
3.987,-1.431246977410547,-1.7250566688554407,-2.6697460937499997,-2.47317
3.992,-1.4321656211701175,-1.7264332172107313,-2.67572265625,-2.47667
3.997,-1.433084264929688,-1.7278143236731562,-2.6815234375,-2.48031
4.002,-1.4344622305690429,-1.7291771977070347,-2.6871875,-2.4839599999999997
4.007,-1.4353808743286134,-1.7305583041694614,-2.6919921875,-2.4876199999999997
4.012,-1.4376774837275406,-1.7317479701321439,-2.69658203125,-2.49085
4.016,-1.438136805607325,-1.7329285198805557,-2.7008984375000002,-2.49396
4.021,-1.438136805607325,-1.7340315818076402,-2.70521484375,-2.49706
4.025,-1.439974093126466,-1.7351392018418625,-2.709453125,-2.50016
4.029,-1.4408927368860365,-1.7362741705189073,-2.7135351562500003,-2.50328
4.034,-1.4413520587658208,-1.7373681162317176,-2.717578125,-2.50641
4.038,-1.4431893462849619,-1.7384620619445315,-2.7215625,-2.5094
4.042,-1.4436486681647462,-1.7395605657644797,-2.7255859375,-2.51254
4.047,-1.4441079900445324,-1.7406545114772936,-2.72943359375,-2.51583
4.051,-1.4454859556838873,-1.741721108547285,-2.73359375,-2.51897
4.056,-1.4468639213232422,-1.7429244488313795,-2.73806640625,-2.5223899999999997
4.062,-1.4473232432030283,-1.74420071882966,-2.7420703124999997,-2.5262599999999997
4.066,-1.4496198526019537,-1.7453858266852063,-2.7459765625,-2.52969
4.071,-1.450079174481738,-1.7465663764336163,-2.74990234375,-2.53313
4.076,-1.4509978182413086,-1.747733251860618,-2.75349609375,-2.53671
4.081,-1.451916462000879,-1.748822639466292,-2.7571875,-2.53997
4.086,-1.4528351057604496,-1.7499393757147885,-2.76115234375,-2.54338
4.091,-1.4542130713998045,-1.7512156457130708,-2.765078125,-2.5472099999999998
4.096,-1.455131715159375,-1.7523825211400705,-2.7691210937500004,-2.5509
4.102,-1.4560503589189455,-1.7536451168169425,-2.77271484375,-2.5547199999999997
4.107,-1.4574283245583022,-1.7547846436011216,-2.7763281250000005,-2.5582599999999998
4.112,-1.458806290197657,-1.7559560771352576,-2.779765625,-2.5619
4.117,-1.460184255837012,-1.7570773714908903,-2.7834179687500002,-2.56525
4.122,-1.460643577716798,-1.7583399671677622,-2.786640625,-2.56902
4.127,-1.4615622214763686,-1.759379215594933,-2.7898437499999997,-2.57238
4.131,-1.4629401871157235,-1.7604139059149695,-2.79326171875,-2.57561
4.136,-1.4633995089955079,-1.7615397583777384,-2.7967187499999997,-2.5791
4.141,-1.4647774746348645,-1.7626291459834142,-2.80068359375,-2.5825899999999997
4.147,-1.4652367965146489,-1.7639327646245153,-2.80416015625,-2.58675
4.153,-1.46707408403379,-1.7650449427658756,-2.8078125000000003,-2.59036
4.158,-1.46707408403379,-1.7662209344071478,-2.8114453125000005,-2.59424
4.164,-1.468911371552931,-1.7673923679412855,-2.81451171875,-2.59813
4.168,-1.4702893371922858,-1.7683586866542704,-2.8173828125000004,-2.60118
4.173,-1.4712079809518563,-1.7693250053672536,-2.82033203125,-2.60424
4.177,-1.4716673028316407,-1.7703004402945108,-2.82349609375,-2.60743
4.182,-1.4725859465912112,-1.7713123400788628,-2.8269921875,-2.6107299999999998
4.187,-1.4739639122305679,-1.7724746573987264,-2.8304101562500006,-2.61458
4.193,-1.4744232341103523,-1.7735868355400868,-2.83349609375,-2.61815
4.197,-1.4753418778699228,-1.7745212475031131,-2.83677734375,-2.6212999999999997
4.202,-1.4767198435092777,-1.7755559378231496,-2.8405664062500002,-2.62487
4.208,-1.4771791653890638,-1.7767729524286526,-2.8442382812500004,-2.62884
4.214,-1.4785571310284187,-1.7778896886771491,-2.8480078125,-2.63279
4.22,-1.479016452908203,-1.779052005997011,-2.8515234375,-2.63675
4.225,-1.4803944185475597,-1.7800912544241836,-2.855234375,-2.64043
4.231,-1.480853740427344,-1.7811943163512698,-2.85787109375,-2.64423
4.235,-1.480853740427344,-1.782037566171562,-2.8591210937500002,-2.64719
4.24,-1.4794757747879892,-1.782798770063394,-2.8594921875,-2.64954
4.245,-1.4785571310284187,-1.7834596955982196,-2.8589648437500004,-2.6515
4.249,-1.4785571310284187,-1.784061365740266,-2.857890625,-2.65276
4.254,-1.4771791653890638,-1.784603780489535,-2.85611328125,-2.6535599999999997
4.259,-1.4758011997497071,-1.78506870741748,-2.8540039062500004,-2.65369
4.264,-1.4758011997497071,-1.785442472202691,-2.8514453125000006,-2.65321
4.27,-1.4739639122305679,-1.7857660978093985,-2.8486523437500004,-2.65195
4.275,-1.4735045903507817,-1.785994003166234,-2.8455468749999997,-2.6498299999999997
4.281,-1.4721266247114269,-1.7861489788088818,-2.84255859375,-2.64693
4.286,-1.4716673028316407,-1.7862264666302075,-2.8391015625000002,-2.6435
4.292,-1.4702893371922858,-1.7862401409516178,-2.8356835937500002,-2.63988
4.298,-1.468911371552931,-1.786158095023156,-2.83244140625,-2.63621
4.304,-1.4675334059135743,-1.785994003166234,-2.828984375,-2.6327599999999998
4.309,-1.4666147621540038,-1.7857524234879882,-2.826171875,-2.62908
4.314,-1.4666147621540038,-1.7855473086668354,-2.8230078124999998,-2.6261
4.319,-1.4652367965146489,-1.7852874965600432,-2.8195703125000002,-2.62275
4.325,-1.4643181527550784,-1.784945638524789,-2.8156054687500003,-2.61916
4.331,-1.463858830875294,-1.7845308507753472,-2.81216796875,-2.6149199999999997
4.337,-1.4629401871157235,-1.7841434116687278,-2.80861328125,-2.61132
4.342,-1.4615622214763686,-1.7837103914907377,-2.8051953125,-2.60771
4.348,-1.460184255837012,-1.783218115919972,-2.8022656250000004,-2.6041
4.352,-1.458806290197657,-1.7827759795277114,-2.7994531250000003,-2.60123
4.357,-1.4578876464380865,-1.7822882620640819,-2.79640625,-2.59837
4.362,-1.456969002678516,-1.781745847314813,-2.7929687500000004,-2.59525
4.367,-1.4560503589189455,-1.7810803636728512,-2.78955078125,-2.5915
4.373,-1.455131715159375,-1.7804559029951221,-2.7862890625000003,-2.58811
4.377,-1.4532944276402358,-1.779817767995981,-2.7828320312500003,-2.58498
4.383,-1.4528351057604496,-1.7789973087113715,-2.77880859375,-2.58093
4.389,-1.4509978182413086,-1.7782315467124015,-2.7755078125000003,-2.57739
4.394,-1.450079174481738,-1.7775250401062106,-2.7723046874999997,-2.57422
4.399,-1.4496198526019537,-1.776823091607156,-2.7687500000000003,-2.5710699999999997
4.404,-1.4487012088423832,-1.7760527715010515,-2.7656640625,-2.56766
4.408,-1.4473232432030283,-1.775391845966226,-2.762578125,-2.5647699999999998
4.413,-1.4468639213232422,-1.7747126880028556,-2.7592382812500005,-2.56186
4.417,-1.4459452775636716,-1.7739879489681165,-2.75580078125,-2.55883
4.422,-1.4445673119243168,-1.773217628862012,-2.7525000000000004,-2.55552
4.426,-1.4441079900445324,-1.772497447934409,-2.7491406250000003,-2.5526
4.431,-1.4427300244051757,-1.7717499183639873,-2.7455078125,-2.54955
4.436,-1.4422707025253914,-1.770975040150745,-2.7416796875,-2.54649
4.441,-1.4404334150062503,-1.7701135579019063,-2.73798828125,-2.5430099999999998
4.445,-1.4395147712466798,-1.769297656724433,-2.73392578125,-2.5399399999999996
4.45,-1.4385961274871093,-1.7683997096184996,-2.7300390625,-2.5365699999999998
4.455,-1.4372181618477544,-1.767533669262523,-2.7256640625,-2.53334
4.461,-1.4358401962083995,-1.7665536762281295,-2.72171875,-2.52967
4.465,-1.434921552448829,-1.765637496693648,-2.71689453125,-2.52639
4.471,-1.4344622305690429,-1.7646666198735268,-2.7126367187500002,-2.52284
4.476,-1.4326249430499036,-1.763754998446183,-2.708515625,-2.51944
4.48,-1.4321656211701175,-1.7629026324116168,-2.7036328125,-2.51644
4.485,-1.4307876555307626,-1.7618907326272648,-2.69923828125,-2.51273
4.49,-1.4303283336509764,-1.7610383665926985,-2.6945703125000002,-2.5097199999999997
4.495,-1.4284910461318372,-1.7601221870582187,-2.6889257812499996,-2.50643
4.5,-1.4275724023722667,-1.7590236832382704,-2.6835546875000005,-2.50272
4.505,-1.4257351148531257,-1.7579935510253701,-2.67779296875,-2.4991399999999997
4.511,-1.4248164710935551,-1.7568813728840116,-2.67177734375,-2.4954099999999997
4.516,-1.4234385054542003,-1.7557919852783357,-2.66560546875,-2.4917
4.521,-1.4216012179350592,-1.754670690922703,-2.6595117187500006,-2.48812
4.526,-1.4211418960552749,-1.753576745209891,-2.6530859375,-2.48453
4.532,-1.4197639304159182,-1.752482799497077,-2.64587890625,-2.48092
4.537,-1.4183859647765633,-1.7512794592129843,-2.638984375,-2.4770499999999998
4.542,-1.416089355377638,-1.7501034675717104,-2.63212890625,-2.4733
4.548,-1.4151707116180674,-1.7489365921447106,-2.6251171875,-2.46984
4.553,-1.4142520678584969,-1.74772869375348,-2.6182031250000004,-2.46596
4.559,-1.412874102219142,-1.746511679147977,-2.6119531250000003,-2.46222
4.564,-1.4114961365797853,-1.745335687506703,-2.6060156250000004,-2.45864
4.568,-1.4105774928202148,-1.7442827647581218,-2.6008203125,-2.4553
4.573,-1.40919952718086,-1.7432663068666336,-2.5958984375000003,-2.4522399999999998
4.577,-1.4082808834212894,-1.7422726395108281,-2.59111328125,-2.4491899999999998
4.582,-1.407362239661719,-1.741292646476433,-2.5864843750000004,-2.44615
4.586,-1.405984274022364,-1.7403035372277653,-2.58107421875,-2.44312
4.591,-1.4046063083830092,-1.739068290193714,-2.57666015625,-2.43952
4.596,-1.4032283427436525,-1.7380472741950896,-2.57220703125,-2.43647
4.6,-1.4013910552245115,-1.7369487703751414,-2.5676757812499997,-2.4333
4.605,-1.4004724114649427,-1.7357363138767727,-2.5626171875000003,-2.42982
4.611,-1.3986351239458017,-1.734368881735758,-2.55865234375,-2.42595
4.615,-1.3977164801862312,-1.733265819808672,-2.5543945312500003,-2.42291
4.62,-1.3958791926670902,-1.732007782238938,-2.5503320312500004,-2.41945
4.625,-1.3949605489075196,-1.7308044419548434,-2.5467578124999997,-2.41615
4.629,-1.3940419051479491,-1.7297059381348951,-2.54306640625,-2.4129899999999997
4.634,-1.3917452957490237,-1.7285025978508006,-2.5391796875000003,-2.4096699999999998
4.639,-1.3903673301096688,-1.7271761886740151,-2.5353125000000003,-2.4061
4.645,-1.3880707207107434,-1.7257175943902663,-2.5316210937500006,-2.4024
4.65,-1.3885300425905278,-1.7244276500705737,-2.5282421875000005,-2.39898
4.655,-1.3862334331916024,-1.7231969611436586,-2.52474609375,-2.3956999999999997
4.66,-1.3843961456724614,-1.7218249708955078,-2.521640625,-2.39217
4.664,-1.3830181800331065,-1.720607956290003,-2.51873046875,-2.38902
4.669,-1.382099536273536,-1.7193772673630896,-2.515703125,-2.38589
4.673,-1.380262248754395,-1.7181511365433124,-2.5123828125,-2.3827499999999997
4.679,-1.378424961235254,-1.7166971003666998,-2.5096875,-2.37922
4.683,-1.3775063174756834,-1.7154892019754673,-2.50671875,-2.37623
4.688,-1.3761283518363285,-1.7141491184772732,-2.5041015625000003,-2.3728499999999997
4.692,-1.3742910643171875,-1.7129412200860425,-2.5015625,-2.37002
4.697,-1.3724537767980483,-1.7116922987305827,-2.4990234375,-2.36706
4.701,-1.371994454918262,-1.710443377375121,-2.49646484375,-2.36409
4.706,-1.3706164892789072,-1.7091898979125233,-2.4938085937500003,-2.3611299999999997
4.71,-1.3683198798799818,-1.7078224657715069,-2.4912500000000004,-2.35789
4.715,-1.3664825923608408,-1.706486940380449,-2.4888085937500004,-2.3548
4.719,-1.3655639486012703,-1.7051605312036635,-2.48638671875,-2.35184
4.724,-1.3637266610821293,-1.703834122026878,-2.4837890625,-2.34875
4.729,-1.3623486954427744,-1.7023755277431274,-2.4812890625,-2.34552
4.733,-1.3609707298034177,-1.7009944212807024,-2.478828125,-2.34245
4.738,-1.3586741204044923,-1.6995586175326363,-2.47638671875,-2.3392299999999997
4.743,-1.3577554766449218,-1.6981273718917063,-2.4739453125,-2.33614
4.748,-1.3559181891257825,-1.6966414289651368,-2.4715625,-2.3327999999999998
4.752,-1.354999545366212,-1.6951873927885241,-2.46912109375,-2.3296099999999997
4.757,-1.3522436140875005,-1.6936695431119961,-2.4666796875,-2.32627
4.762,-1.3508656484481456,-1.6921243447926493,-2.46427734375,-2.32308
4.767,-1.3490283609290046,-1.6905700302590283,-2.46193359375,-2.31975
4.772,-1.3467317515300792,-1.6890567386896365,-2.4595117187500004,-2.31656
4.777,-1.3448944640109382,-1.6874477268703743,-2.4572656250000002,-2.31337
4.781,-1.3435164983715833,-1.6859572258366686,-2.4550390625,-2.31033
4.786,-1.3421385327322266,-1.684498631552918,-2.45294921875,-2.30739
4.79,-1.3393826014535168,-1.6830582696977157,-2.4507421875000004,-2.30447
4.795,-1.3375453139343758,-1.6815358619140515,-2.44859375,-2.30153
4.799,-1.3366266701748053,-1.6800316865589338,-2.44650390625,-2.29859
4.803,-1.33433006077588,-1.6785548598466367,-2.44400390625,-2.2956499999999997
4.809,-1.3324927732567389,-1.6767407332062234,-2.4415625,-2.29218
4.813,-1.3306554857375978,-1.6749949781728581,-2.43896484375,-2.28884
4.819,-1.3283588763386724,-1.6731671772110346,-2.4365234375,-2.28537
4.824,-1.327440232579102,-1.671416864070535,-2.4339453125,-2.28204
4.829,-1.3246843013003904,-1.6695845050015734,-2.43150390625,-2.2785699999999998
4.834,-1.3219283700216806,-1.6677658202540222,-2.4289453125,-2.2752499999999998
4.839,-1.3196317606227552,-1.6658286247209162,-2.42640625,-2.27167
4.845,-1.317335151223828,-1.6638367319021707,-2.4237890625,-2.26823
4.85,-1.3154978637046888,-1.6619314431190233,-2.421328125,-2.26479
4.855,-1.3122826105461929,-1.6600033638001914,-2.4186328125000003,-2.2615
4.86,-1.3104453230270519,-1.6579294250529841,-2.4162890625,-2.25795
4.865,-1.3076893917483403,-1.6561244146268432,-2.4141015625,-2.25494
4.869,-1.3063114261089854,-1.6544014501291624,-2.41193359375,-2.2521999999999998
4.873,-1.3044741385898444,-1.6526921599528936,-2.40966796875,-2.24933
4.878,-1.3026368510707034,-1.6509327305981216,-2.40748046875,-2.24648
4.882,-1.300340241671778,-1.6491960917790305,-2.40517578125,-2.24362
4.886,-1.2980436322728526,-1.6473865232457534,-2.4026171875,-2.24065
4.892,-1.2962063447537115,-1.6453308169270944,-2.3999609375,-2.2374099999999997
4.896,-1.293450413475,-1.64329334303698,-2.39748046875,-2.23418
4.901,-1.2911538040760746,-1.6413379150753276,-2.39470703125,-2.23122
4.906,-1.2879385509175787,-1.6390998844711984,-2.39185546875,-2.22787
4.912,-1.2856419415186533,-1.6368436214385245,-2.389140625,-2.22439
4.917,-1.2838046539995123,-1.634678520548583,-2.3862109375,-2.22116
4.922,-1.2810487227208007,-1.6323812345516764,-2.3828906250000004,-2.2177
4.928,-1.278292791442091,-1.6298606013050687,-2.379921875,-2.21398
4.933,-1.274618216403809,-1.6275769896295742,-2.37720703125,-2.21076
4.937,-1.2727809288846679,-1.6255623062751443,-2.37455078125,-2.2077999999999998
4.942,-1.2709436413655286,-1.6235612972421247,-2.3715234375,-2.20497
4.947,-1.2672690663272466,-1.6212548950309458,-2.368125,-2.20174
4.953,-1.2640538131687507,-1.6186658901772883,-2.36458984375,-2.19814
4.958,-1.2617572037698253,-1.6159766069666244,-2.361328125,-2.19443
4.963,-1.2590012724911137,-1.6136702047554454,-2.35771484375,-2.19136
4.969,-1.2548673755730473,-1.6109809215447815,-2.3541796875000003,-2.18776
4.974,-1.2516521224145514,-1.6084192653339464,-2.35072265625,-2.18442
4.979,-1.249355513015626,-1.6059442131587076,-2.3470703125,-2.18121
4.984,-1.24614025985713,-1.6032913948051366,-2.34310546875,-2.17773
4.989,-1.2433843285784185,-1.6006431345587036,-2.339453125,-2.17439
4.994,-1.2410877191794931,-1.5982318958833783,-2.3360546875000003,-2.1713299999999998
4.999,-1.2378724660209972,-1.5959801909578406,-2.33265625,-2.16851
5.003,-1.2346572128625013,-1.593719369818027,-2.32912109375,-2.16568
5.007,-1.2328199253433603,-1.5914312000353945,-2.32552734375,-2.1628499999999997
5.012,-1.2296046721848644,-1.5891475883598982,-2.32181640625,-2.1600099999999998
5.016,-1.2263894190263684,-1.5867956050773504,-2.3180664062500003,-2.15718
5.021,-1.2240928096274413,-1.5844071569377114,-2.31375,-2.15435
5.026,-1.2208775564689454,-1.5816814088699527,-2.30947265625,-2.15114
5.03,-1.2181216251902356,-1.5790103580878352,-2.30505859375,-2.14806
5.036,-1.2149063720317397,-1.5762253546273008,-2.3005468749999998,-2.14474
5.041,-1.2112317969934576,-1.5732625849884343,-2.29623046875,-2.14128
5.046,-1.2070979000753912,-1.5704274423493931,-2.2916796875000003,-2.13821
5.051,-1.2034233250371091,-1.5673096970678788,-2.2873828125,-2.13475
5.056,-1.2002080718786132,-1.5642648815005504,-2.283125,-2.13129
5.062,-1.1974521405999035,-1.5612656470045891,-2.2795703125,-2.12809
5.066,-1.1937775655616214,-1.5586538516152508,-2.2761328124999998,-2.12515
5.07,-1.191480956162696,-1.5560967535115502,-2.2727539062499997,-2.12246
5.075,-1.1882657030042,-1.553521422979303,-2.2694140625,-2.11964
5.079,-1.1859690936052747,-1.550918743804237,-2.26611328125,-2.1168199999999997
5.083,-1.1818351966872083,-1.5482887159863505,-2.2628906250000003,-2.11415
5.088,-1.1799979091680672,-1.545663246275602,-2.2596484375,-2.1113299999999997
5.092,-1.1763233341297852,-1.5430058698148947,-2.25640625,-2.10852
5.097,-1.172648759091505,-1.5402163082472224,-2.25287109375,-2.10573
5.102,-1.169433505933009,-1.5371122372871167,-2.2494921875,-2.10255
5.106,-1.1652996090149426,-1.534099328469745,-2.24603515625,-2.0995
5.111,-1.1620843558564466,-1.5309360021168636,-2.24251953125,-2.0963499999999997
5.116,-1.1584097808181646,-1.5276313744427412,-2.23892578125,-2.09319
5.122,-1.1551945276596687,-1.5242766075901173,-2.2351953125,-2.08989
5.127,-1.1501419869820317,-1.5205389597380066,-2.2316796875000002,-2.08621
5.132,-1.1469267338235358,-1.517197867206793,-2.22798828125,-2.08305
5.138,-1.142333515025685,-1.513505800426051,-2.2248046875,-2.0795
5.143,-1.138658939987403,-1.5102968930018008,-2.22177734375,-2.07644
5.147,-1.1345250430693365,-1.5071791477202847,-2.2179687500000003,-2.0735
5.153,-1.1313097899108406,-1.5032181526184747,-2.2144921875000003,-2.06979
5.159,-1.1271758929927742,-1.4995488763734173,-2.21138671875,-2.06634
5.163,-1.1225826741949216,-1.496262481127843,-2.20833984375,-2.06326
5.168,-1.1193674210364257,-1.4929077142752174,-2.2051953125000003,-2.06021
5.173,-1.1156928459981454,-1.489457227172723,-2.2017187500000004,-2.05702
5.179,-1.111558949080079,-1.485587394213649,-2.1983398437500004,-2.0534399999999997
5.184,-1.1074250521620126,-1.4818269558258557,-2.19533203125,-2.05001
5.189,-1.1032911552439462,-1.4784129335804526,-2.19236328125,-2.04697
5.193,-1.0991572583258797,-1.4750353761921442,-2.1894531250000004,-2.04405
5.198,-1.0959420051673838,-1.4715803309825102,-2.1866992187500003,-2.04101
5.203,-1.0918081082493174,-1.4682301222370224,-2.18353515625,-2.03811
5.208,-1.0881335332110353,-1.4646520081346992,-2.180859375,-2.03496
5.212,-1.0849182800525394,-1.4615023561032263,-2.17763671875,-2.0322999999999998
5.218,-1.0803250612546886,-1.45737271103736,-2.174296875,-2.0286399999999998
5.223,-1.0766504862164066,-1.4536852023637543,-2.1710546875000003,-2.02548
5.228,-1.0725165892983402,-1.449838159940363,-2.16775390625,-2.02218
5.233,-1.0688420142600599,-1.4459045134813753,-2.16451171875,-2.01877
5.238,-1.063789473582423,-1.4420073318794806,-2.1612500000000003,-2.01547
5.244,-1.0596555766643565,-1.437996197599169,-2.15775390625,-2.01205
5.249,-1.055062357866504,-1.4339212498189404,-2.15466796875,-2.0086299999999997
5.254,-1.051847104708008,-1.430119788466918,-2.1512109375,-2.0054499999999997
5.26,-1.0472538859101572,-1.4260220501510084,-2.1475781250000003,-2.002
5.265,-1.0422013452325203,-1.4218194753709525,-2.1441796875,-1.99841
5.271,-1.0380674483144539,-1.4176488073408553,-2.14072265625,-1.9949299999999999
5.276,-1.033474229516603,-1.4136148825248593,-2.13734375,-1.99145
5.281,-1.0293403325985366,-1.409772398208606,-2.1343359375,-1.9882199999999999
5.285,-1.026584401319825,-1.4063082367846995,-2.1304882812500003,-1.98536
5.291,-1.0215318606421881,-1.4019051052906288,-2.127265625,-1.98158
5.296,-1.0173979637241217,-1.3982814101169367,-2.12349609375,-1.9785599999999999
5.301,-1.0132640668060553,-1.3940241380512415,-2.119296875,-1.97501
5.307,-1.0086708480082045,-1.389379426878925,-2.1159179687500003,-1.97092
5.312,-1.0049962729699224,-1.3857101506338658,-2.11171875,-1.96789
5.318,-1.0004030541720716,-1.3811885083542421,-2.1080078125000004,-1.9640499999999999
5.323,-0.9962691572540052,-1.377268536216663,-2.1037109375000003,-1.96074
5.329,-0.9925945822157232,-1.372778800686996,-2.0996484375,-1.9567299999999999
5.334,-0.9884606852976567,-1.3687585501924104,-2.0953906250000003,-1.95328
5.34,-0.9838674664998059,-1.3644055578768448,-2.09083984375,-1.9495399999999998
5.345,-0.9792742477019534,-1.3599841939542259,-2.08623046875,-1.9456799999999999
5.351,-0.9755996726636731,-1.3555992948887035,-2.0820703125,-1.9418199999999999
5.356,-0.9714657757456067,-1.35175681057245,-2.07814453125,-1.93848
5.361,-0.9673318788275402,-1.3479644654346998,-2.074375,-1.9352699999999998
5.365,-0.9654945913083992,-1.344650721546305,-2.07021484375,-1.9323299999999999
5.37,-0.9613606943903328,-1.340826469658598,-2.06548828125,-1.9289999999999998
5.376,-0.9576861193520507,-1.336733289449823,-2.0605859375,-1.9252699999999998
5.381,-0.9540115443137704,-1.3326355511339134,-2.0562109375,-1.92169
5.386,-0.9507962911552745,-1.32912580863864,-2.0514257812500003,-1.91851
5.391,-0.9471217161169925,-1.3253653702508466,-2.0465039062500003,-1.9152
5.396,-0.9434471410787122,-1.3214180494704486,-2.0411328125,-1.9116199999999999
5.402,-0.9393132441606458,-1.3174980773328713,-2.03546875,-1.9080499999999998
5.408,-0.9360979910021499,-1.3133319674099102,-2.0301171875,-1.90435
5.413,-0.9328827378436522,-1.309626226307758,-2.024765625,-1.9009399999999999
5.418,-0.9296674846851563,-1.3060435540982969,-2.01953125,-1.89766
5.422,-0.9264522315266603,-1.302729810209902,-2.01400390625,-1.8946399999999999
5.427,-0.9232369783681644,-1.2992747650002698,-2.0089453125000003,-1.89137
5.431,-0.9204810470894529,-1.296211717004395,-2.0025,-1.88861
5.437,-0.9163471501713882,-1.2922507219025867,-1.9969921875,-1.88479
5.441,-0.9145098626522472,-1.2891967901209842,-1.9907421875,-1.88205
5.447,-0.9108352876139651,-1.2854637003760114,-1.9844726562500001,-1.87852
5.452,-0.9076200344554692,-1.2819129349165088,-1.9783203125000002,-1.8749699999999998
5.457,-0.9044047812969733,-1.278252774885722,-1.97265625,-1.87154
5.462,-0.9011895281384774,-1.2748752174974136,-1.9666015625,-1.86825
5.468,-0.8984335968597659,-1.2712104993594906,-1.96125,-1.86468
5.473,-0.8956776655810561,-1.2679377784353285,-1.95626953125,-1.86138
5.477,-0.8929217343023446,-1.2648428236894969,-1.9515039062500001,-1.8580899999999998
5.482,-0.890165803023633,-1.261775217586484,-1.9467578125000002,-1.85506
5.487,-0.8878691936247076,-1.258666588519242,-1.94255859375,-1.85175
5.491,-0.8846539404662117,-1.2558177715587941,-1.93744140625,-1.8488399999999998
5.497,-0.8818980091875002,-1.2522442155636053,-1.9327539062500003,-1.84513
5.502,-0.8791420779087904,-1.2490170757108086,-1.92845703125,-1.8418199999999998
5.507,-0.8763861466300789,-1.2458993304292925,-1.9244921875000003,-1.83853
5.512,-0.8740895372311535,-1.242982141861793,-1.9206054687500003,-1.8353499999999998
5.517,-0.8717929278322281,-1.2400877438299762,-1.916875,-1.83218
5.521,-0.869955640313087,-1.2372526011909368,-1.91318359375,-1.829
5.526,-0.866281065274805,-1.2343901099090768,-1.90921875,-1.8258299999999998
5.532,-0.8639844558758796,-1.2311812024848265,-1.9059960937500002,-1.8223799999999999
5.536,-0.861228524597168,-1.2285830814168985,-1.902734375,-1.8194499999999998
5.54,-0.8593912370780288,-1.2258983563133707,-1.89947265625,-1.8163999999999998
5.545,-0.8575539495588878,-1.2231498177099294,-1.8961328125000003,-1.8132
5.55,-0.8543386964003918,-1.220355698035121,-1.8931640625000001,-1.80999
5.554,-0.8529607307610352,-1.21788520396702,-1.89029296875,-1.80703
5.559,-0.8511234432418959,-1.215442058541738,-1.8873828125,-1.8040699999999998
5.563,-0.8483675119631844,-1.2129396577236804,-1.88470703125,-1.8011199999999998
5.568,-0.846070902564259,-1.2105557676911758,-1.88171875,-1.79816
5.572,-0.8451522588046885,-1.2078983912304686,-1.87859375,-1.79493
5.578,-0.8423963275259769,-1.2051179458770687,-1.8756249999999999,-1.79142
5.583,-0.8400997181270515,-1.202483359952046,-1.8727148437499999,-1.78803
5.588,-0.8378031087281261,-1.1998077510627922,-1.87,-1.7845099999999998
5.592,-0.8359658212089851,-1.1973554894232379,-1.86720703125,-1.7813999999999999
5.597,-0.8341285336898441,-1.194798391319539,-1.86447265625,-1.77803
5.602,-0.832291246170703,-1.1923324553585744,-1.861796875,-1.77467
5.607,-0.8299946367717776,-1.18988019371902,-1.8591601562500002,-1.77144
5.612,-0.8281573492526366,-1.1874643969365586,-1.8567968750000001,-1.7680799999999999
5.617,-0.8267793836132817,-1.1853266446894377,-1.8544921875,-1.76512
5.621,-0.8240234523345702,-1.1832116829779995,-1.8522265625,-1.7621499999999999
5.625,-0.8221861648154309,-1.181087605052289,-1.8496289062500002,-1.75918
5.63,-0.8203488772962899,-1.178644459627007,-1.8470312500000001,-1.75582
5.636,-0.8185115897771489,-1.1762195466302732,-1.8444921875000002,-1.75233
5.641,-0.8166743022580079,-1.173908586311958,-1.8420117187500002,-1.74898
5.646,-0.815296336618653,-1.1716113003150497,-1.83947265625,-1.74562
5.651,-0.8120810834601571,-1.1693048981038707,-1.83720703125,-1.74212
5.655,-0.8111624397005865,-1.167258307999484,-1.8350976562500003,-1.7391699999999999
5.659,-0.8097844740612317,-1.1653028800378316,-1.83302734375,-1.7362199999999999
5.664,-0.808406508421875,-1.163429498004641,-1.83095703125,-1.7332699999999999
5.668,-0.8061098990229496,-1.1615150930072176,-1.8289062500000002,-1.73034
5.673,-0.8042726115038086,-1.159605246116934,-1.82685546875,-1.7275399999999999
5.677,-0.8033539677442381,-1.1576908411195106,-1.82466796875,-1.72447
5.682,-0.8010573583453127,-1.1557445293721322,-1.8224218750000003,-1.72139
5.686,-0.8001387145857422,-1.1536888230534732,-1.8201953125,-1.7181799999999998
5.691,-0.7987607489463873,-1.151747069413231,-1.8180859375,-1.71498
5.696,-0.7973827833070324,-1.149937500879954,-1.8159570312500002,-1.71203
5.7,-0.7955454957878914,-1.1480732350610356,-1.813828125,-1.70895
5.705,-0.7937082082687503,-1.1462591084206206,-1.8114453125,-1.70586
5.71,-0.7923302426293954,-1.1441988439948236,-1.8093359375000002,-1.7023599999999999
5.714,-0.7909522769900406,-1.1424622051757343,-1.80732421875,-1.69938
5.719,-0.7891149894708995,-1.1407848217494205,-1.8052539062500002,-1.6964
5.723,-0.7877370238315429,-1.1390800896802897,-1.803203125,-1.6934099999999999
5.728,-0.7868183800719741,-1.1374072643611122,-1.80119140625,-1.69042
5.732,-0.7858997363124036,-1.1358256011846724,-1.7991601562500001,-1.68757
5.736,-0.7840624487932626,-1.1342348217939566,-1.7967578125,-1.68457
5.741,-0.7826844831539077,-1.1322930681537144,-1.7944531250000002,-1.681
5.746,-0.781306517514551,-1.130551871227489,-1.79208984375,-1.6775699999999998
5.751,-0.7799285518751962,-1.1287559770156204,-1.7895703125000002,-1.67415
5.757,-0.7780912643560551,-1.1268825949824297,-1.7869531250000001,-1.6705699999999999
5.762,-0.7757946549571297,-1.1249636318778702,-1.7844921875000002,-1.6668599999999998
5.767,-0.7753353330773436,-1.1231768538802775,-1.7820703125000001,-1.66329
5.772,-0.7730387236784182,-1.1213536110255902,-1.7793945312500001,-1.65957
5.777,-0.7716607580390633,-1.1196260884207732,-1.77720703125,-1.65614
5.782,-0.7712014361592772,-1.1181720522441587,-1.7750195312500001,-1.6532499999999999
5.786,-0.7693641486401379,-1.1167408066032305,-1.7728125000000001,-1.65022
5.79,-0.7684455048805674,-1.1153095609623005,-1.7705078125000002,-1.64719
5.795,-0.7675268611209969,-1.1138509666785499,-1.7681250000000002,-1.64414
5.8,-0.766148895481642,-1.112392372394801,-1.7653125,-1.64095
5.805,-0.764311607962501,-1.1106694078971202,-1.76236328125,-1.6372099999999998
5.811,-0.7629336423231443,-1.108864397470981,-1.7595117187500002,-1.6331799999999999
5.816,-0.7606370329242189,-1.1072462694374448,-1.75677734375,-1.62968
5.821,-0.7601777110444345,-1.105669164368141,-1.75384765625,-1.62616
5.826,-0.7583404235252935,-1.1039461998704603,-1.7511328125,-1.6221899999999998
5.831,-0.7583404235252935,-1.1026152325865386,-1.7486328125000001,-1.61904
5.835,-0.7565031360061525,-1.1012705909812066,-1.746015625,-1.6157299999999999
5.84,-0.7551251703667976,-1.0999624142329694,-1.74287109375,-1.61269
5.845,-0.7532878828476566,-1.0983306118780227,-1.7398046875000002,-1.60875
5.85,-0.7528285609678722,-1.0968264365229068,-1.73640625,-1.60494
5.856,-0.7514505953285155,-1.0952083084893705,-1.733046875,-1.6008
5.861,-0.7500726296891607,-1.0937132493485269,-1.7297656250000002,-1.59696
5.867,-0.7486946640498058,-1.0920540983507614,-1.7260937500000002,-1.59255
5.872,-0.7477760202902353,-1.0905955040670108,-1.7229687500000002,-1.58876
5.877,-0.7463980546508804,-1.0892736529973632,-1.72009765625,-1.5852899999999999
5.881,-0.7454794108913099,-1.0880520802847222,-1.7173046875,-1.58215
5.886,-0.7445607671317394,-1.0868897629648604,-1.7144531250000001,-1.5790499999999998
5.89,-0.7431828014923827,-1.0857274456449968,-1.7115039062500002,-1.57598
5.894,-0.7418048358530278,-1.0845377796823126,-1.70841796875,-1.5729499999999998
5.899,-0.7413455139732434,-1.0833435556124904,-1.70501953125,-1.56994
5.904,-0.7399675483338868,-1.0820399369713911,-1.7015625,-1.56669
5.908,-0.7395082264541024,-1.0808138061516122,-1.6980664062500002,-1.5634599999999998
5.913,-0.7376709389349614,-1.0796013496532453,-1.6945703125,-1.5602299999999998
5.918,-0.7381302608147475,-1.0784435904405179,-1.69095703125,-1.5571599999999999
5.922,-0.7358336514158204,-1.0772903893349302,-1.6871289062500001,-1.5541
5.927,-0.7349150076562498,-1.0760870490508356,-1.6833593750000002,-1.5508899999999999
5.932,-0.7344556857764655,-1.0749384060523823,-1.679609375,-1.54782
5.936,-0.733537042016895,-1.0738672508752547,-1.67595703125,-1.5448499999999998
5.94,-0.7326183982573244,-1.072818886233808,-1.6717382812500001,-1.54188
5.945,-0.7307811107381834,-1.0715973135211687,-1.66736328125,-1.53864
5.951,-0.7298624669786147,-1.0703347178442968,-1.6626171875000002,-1.53514
5.956,-0.7294031450988285,-1.068999192453239,-1.65822265625,-1.53137
5.961,-0.728484501339258,-1.067823200811965,-1.65375,-1.5278699999999998
5.967,-0.7271065356999031,-1.0665879537779137,-1.6494921875000002,-1.52423
5.972,-0.7257285700605483,-1.06542563645805,-1.6450195312500002,-1.5208499999999998
5.977,-0.7243506044211916,-1.0641402502454955,-1.6407812499999999,-1.5171899999999998
5.982,-0.7234319606616211,-1.0629232356399925,-1.63662109375,-1.51351
5.988,-0.7225133169020506,-1.061719895355898,-1.63224609375,-1.50999
5.993,-0.7206760293829113,-1.0604253929290692,-1.6287695312500001,-1.50619
5.998,-0.7206760293829113,-1.0594226093589914,-1.6254882812500002,-1.5031999999999999
6.002,-0.7192980637435546,-1.058442616324598,-1.6222265625000003,-1.50021
6.006,-0.7188387418637703,-1.0574671813973406,-1.61892578125,-1.49722
6.011,-0.7179200981041998,-1.0564917464700816,-1.6157812500000002,-1.4941
6.015,-0.7174607762244154,-1.0555664507213276,-1.6126562500000001,-1.49124
6.02,-0.7165421324648449,-1.0546411549725736,-1.6090820312500003,-1.48826
6.025,-0.7151641668254882,-1.05356088358117,-1.605625,-1.48488
6.03,-0.7142455230659195,-1.052517077046863,-1.60197265625,-1.48149
6.035,-0.713326879306349,-1.0513957826912304,-1.59853515625,-1.47798
6.04,-0.7124082355467785,-1.0503519761569216,-1.5950585937500001,-1.4746099999999998
6.045,-0.7114895917872079,-1.049276262872656,-1.5915625,-1.4710899999999998
6.05,-0.7096523042680669,-1.0481640847312974,-1.588125,-1.4675799999999999
6.055,-0.7096523042680669,-1.047092929554168,-1.5845898437500001,-1.46406
6.061,-0.708274338628712,-1.046003541948492,-1.5813476562500002,-1.46055
6.065,-0.7073556948691415,-1.044982525949866,-1.5783398437500002,-1.45716
6.07,-0.7068963729893554,-1.04406178830825,-1.575234375,-1.45405
6.075,-0.7055184073500005,-1.043095469595265,-1.57240234375,-1.4507999999999999
6.079,-0.7050590854702161,-1.042220313025016,-1.5696093750000002,-1.4479699999999998
6.084,-0.70459976359043,-1.0413633888833118,-1.5663671875000003,-1.4449999999999998
6.089,-0.7032217979510751,-1.0403514890989598,-1.5632226562500002,-1.44149
6.094,-0.7018438323117202,-1.0393669379574284,-1.55998046875,-1.43811
6.099,-0.7000065447925792,-1.0382866665660266,-1.5566992187500002,-1.4345999999999999
6.104,-0.7000065447925792,-1.0372246276031731,-1.5533203125000001,-1.4312399999999998
6.109,-0.699547222912793,-1.0361489143189058,-1.55005859375,-1.42747
6.114,-0.6986285791532225,-1.0351780374987847,-1.54724609375,-1.4241
6.119,-0.6972506135138676,-1.0343256714642184,-1.5445117187500002,-1.42115
6.123,-0.6967912916340833,-1.033468747322516,-1.54173828125,-1.41819
6.128,-0.6958726478745128,-1.0326346137164943,-1.5390234375,-1.4152299999999998
6.132,-0.6949540041149422,-1.0317913638962022,-1.5362695312499999,-1.41228
6.136,-0.6949540041149422,-1.0309709046115945,-1.5335546875000001,-1.4094699999999998
6.141,-0.6935760384755874,-1.0301550034341211,-1.5305468750000002,-1.40651
6.145,-0.6926573947160168,-1.0292251495782292,-1.5274609375000001,-1.40316
6.15,-0.6912794290766602,-1.0282907376152028,-1.52458984375,-1.39995
6.155,-0.6917387509564463,-1.0274338134734986,-1.52146484375,-1.39689
6.16,-0.6908201071968758,-1.0265449825818411,-1.51853515625,-1.39356
6.164,-0.6899014634373053,-1.0257154070829575,-1.5154492187500002,-1.39052
6.169,-0.6889828196777348,-1.0248220180841603,-1.51216796875,-1.3873499999999999
6.175,-0.6880641759181643,-1.023878489906858,-1.5089062500000001,-1.3839199999999998
6.18,-0.6871455321585938,-1.0229349617295576,-1.5056250000000002,-1.38038
6.185,-0.6862268883990232,-1.0220051078736674,-1.50236328125,-1.37711
6.19,-0.6848489227596684,-1.0210661378035049,-1.4993164062500002,-1.37373
6.195,-0.6848489227596684,-1.020227446090347,-1.49638671875,-1.37074
6.199,-0.6834709571203135,-1.0194388935556962,-1.4933593750000003,-1.36789
6.204,-0.682552313360743,-1.0185956437354022,-1.4904882812500002,-1.3649
6.208,-0.6820929914809568,-1.0178162074150237,-1.48732421875,-1.36205
6.213,-0.6816336696011724,-1.016982073809002,-1.48435546875,-1.35894
6.217,-0.6807150258416019,-1.0162163118100356,-1.4811523437500003,-1.35609
6.222,-0.6802557039618176,-1.0154049687396984,-1.4778320312500002,-1.3531
6.227,-0.6788777383224609,-1.0145799513479528,-1.47451171875,-1.35011
6.231,-0.6784184164426765,-1.0137640501704812,-1.47123046875,-1.3469799999999998
6.236,-0.677499772683106,-1.0129572652072802,-1.4679492187500003,-1.3439899999999998
6.24,-0.6770404508033216,-1.0121869451011758,-1.4639257812500002,-1.3411199999999999
6.246,-0.6761218070437511,-1.0112069520667806,-1.459921875,-1.33731
6.251,-0.675662485163965,-1.0103864927821729,-1.4558984375000001,-1.33418
6.256,-0.6733658757650396,-1.0094794294619636,-1.45205078125,-1.33076
6.261,-0.6738251976448257,-1.0086452958559455,-1.44798828125,-1.3276
6.266,-0.6729065538852552,-1.0078020460356516,-1.4439257812500002,-1.3243
6.271,-0.6710692663661142,-1.0069633543224956,-1.439375,-1.3210099999999998
6.276,-0.6710692663661142,-1.0060335004666054,-1.43544921875,-1.31757
6.281,-0.6701506226065437,-1.0052631803604992,-1.43103515625,-1.31439
6.286,-0.6692319788469732,-1.004410814325933,-1.42658203125,-1.31108
6.291,-0.6692319788469732,-1.0035903550413252,-1.4218554687500002,-1.3077699999999999
6.296,-0.6678540132076183,-1.0027607795424416,-1.41712890625,-1.30446
6.301,-0.6669353694480478,-1.0019312040435597,-1.41216796875,-1.3011599999999999
6.306,-0.6655574038086929,-1.0010469312590349,-1.40765625,-1.2978699999999999
6.31,-0.6646387600491224,-1.0002583787243822,-1.40248046875,-1.2948499999999998
6.315,-0.6641794381693362,-0.9993695478327211,-1.3977929687500001,-1.29144
6.32,-0.6632607944097657,-0.998612902048027,-1.3930078125,-1.2885499999999999
6.324,-0.6632607944097657,-0.9978744886918793,-1.3873437499999999,-1.28566
6.329,-0.6618828287704108,-0.9970130064430389,-1.38130859375,-1.28227
6.335,-0.6609641850108403,-0.9961196174442435,-1.3750585937500002,-1.27888
6.34,-0.6600455412512698,-0.9952125541240342,-1.367890625,-1.27537
6.346,-0.6591268974916993,-0.9942507935181872,-1.36126953125,-1.2715699999999999
6.351,-0.6586675756119149,-0.9933756369479383,-1.3553320312500001,-1.26817
6.355,-0.65728960997256,-0.9926235492703785,-1.3496875,-1.26527
6.36,-0.6559116443332034,-0.9918349967357258,-1.3427929687500002,-1.2622499999999999
6.365,-0.6563709662129895,-0.9908960266655615,-1.33634765625,-1.2587
6.371,-0.6549930005736329,-0.9900345444167229,-1.33046875,-1.25528
6.375,-0.653615034934278,-0.9892140851321134,-1.32404296875,-1.25211
6.381,-0.653615034934278,-0.9882568826334026,-1.31732421875,-1.2482799999999998
6.387,-0.6522370692949231,-0.9872358666347765,-1.31080078125,-1.24418
6.393,-0.6522370692949231,-0.9863105708860243,-1.3052539062500002,-1.2403499999999998
6.398,-0.6508591036555664,-0.9854673210657303,-1.3,-1.23692
6.404,-0.6494811380162115,-0.9846058388168899,-1.29435546875,-1.2334899999999998
6.409,-0.648562494256641,-0.9836212876753585,-1.2893750000000002,-1.22952
6.415,-0.6476438504970705,-0.9827233405694251,-1.2849414062500002,-1.22596
6.42,-0.6476438504970705,-0.9819119974990898,-1.280390625,-1.2226499999999998
6.425,-0.6467252067375,-0.9810960963216164,-1.2764062500000002,-1.21923
6.43,-0.6453472410981451,-0.9803440086440585,-1.27248046875,-1.2162099999999998
6.435,-0.6448879192183608,-0.9795189912523128,-1.26853515625,-1.21294
6.439,-0.6444285973385746,-0.9787349968247963,-1.26458984375,-1.2098
6.445,-0.6425913098194336,-0.97788263079023,-1.26103515625,-1.20628
6.45,-0.6425913098194336,-0.9770712877198946,-1.2571289062500002,-1.20317
6.455,-0.6416726660598631,-0.9762280378996007,-1.2536328125,-1.1996799999999999
6.46,-0.6407540223002943,-0.9754166948292653,-1.2500976562500001,-1.19647
6.465,-0.6398353785407238,-0.9745871193303834,-1.2468164062500002,-1.19315
6.47,-0.6393760566609377,-0.9737940086885928,-1.243359375,-1.1900899999999999
6.475,-0.6384574129013671,-0.9729416426540265,-1.24017578125,-1.1866599999999998
6.48,-0.6379980910215828,-0.9721530901193756,-1.23697265625,-1.1834699999999998
6.485,-0.6366201253822279,-0.9713417470490384,-1.23392578125,-1.1801599999999999
6.49,-0.6366201253822279,-0.9705531945143875,-1.23083984375,-1.177
6.496,-0.6347828378630869,-0.9697327352297762,-1.22794921875,-1.1737099999999998
6.501,-0.6343235159833007,-0.9689350664808511,-1.2249609375000001,-1.17055
6.506,-0.6338641941035164,-0.9681146071962416,-1.22216796875,-1.1673799999999999
6.511,-0.6324862284641615,-0.9673397289829992,-1.2193554687500001,-1.1642099999999997
6.516,-0.6329455503439458,-0.9665602926626207,-1.2165234375,-1.16102
6.521,-0.631567584704591,-0.9657854144493783,-1.2136328125000002,-1.15783
6.526,-0.6306489409450204,-0.9649603970576326,-1.2109765625000002,-1.1543899999999998
6.531,-0.6292709753056656,-0.9641764026301161,-1.2082421875,-1.1511999999999998
6.536,-0.6292709753056656,-0.9633513852383704,-1.2055078125,-1.1478899999999999
6.541,-0.628352331546095,-0.9625263678466247,-1.2029492187500002,-1.14444
6.546,-0.6274336877865245,-0.9618016288118874,-1.2004882812500002,-1.14148
6.551,-0.6269743659067384,-0.9610723316700103,-1.197890625,-1.1385199999999998
6.556,-0.6251370783875991,-0.9602518723854025,-1.1956054687500002,-1.13516
6.56,-0.6255964002673835,-0.9595590401006202,-1.19287109375,-1.13233
6.566,-0.624677756507813,-0.9587066740660539,-1.1904296875,-1.12873
6.571,-0.6242184346280286,-0.9579682607099063,-1.18794921875,-1.1255099999999998
6.576,-0.622840468988672,-0.9571888243895277,-1.1854101562500001,-1.1222699999999999
6.581,-0.6219218252291014,-0.9563957137477388,-1.1829687500000001,-1.1189
6.586,-0.6214625033493171,-0.955598044998812,-1.180625,-1.11565
6.591,-0.6205438595897466,-0.9548641897498005,-1.17791015625,-1.11253
6.597,-0.619625215830176,-0.9539844750724136,-1.1753125,-1.1087699999999998
6.602,-0.617787928311035,-0.9531275509307111,-1.1720703125000003,-1.1053899999999999
6.609,-0.6168692845514663,-0.9520062565750766,-1.1694531250000002,-1.1009699999999998
6.614,-0.6159506407918958,-0.9510764027191883,-1.16638671875,-1.0973
6.62,-0.6154913189121096,-0.9501146421133395,-1.163359375,-1.0935199999999998
6.626,-0.6141133532727547,-0.9491073004361237,-1.16068359375,-1.08934
6.632,-0.6136540313929686,-0.9482549344015574,-1.158359375,-1.08596
6.637,-0.6131947095131842,-0.9474982886168632,-1.15595703125,-1.08283
6.641,-0.6118167438738293,-0.9467370847250312,-1.15369140625,-1.07957
6.646,-0.6108981001142588,-0.9459530902975146,-1.1513671875,-1.07642
6.651,-0.6104387782344727,-0.9451964445128205,-1.1490039062500002,-1.07342
6.656,-0.6099794563546883,-0.944426124406716,-1.14650390625,-1.07028
6.661,-0.6095201344749022,-0.9436466880863357,-1.1440625,-1.06689
6.666,-0.6086014907153334,-0.9428900423016398,-1.1414453125000001,-1.06364
6.671,-0.6072235250759768,-0.9420604668027579,-1.1389257812500002,-1.06025
6.676,-0.6063048813164063,-0.9412491237324225,-1.1363476562500001,-1.0569899999999999
6.681,-0.6053862375568357,-0.9403876414835821,-1.13353515625,-1.0534599999999998
6.687,-0.604467593797267,-0.9394760200562384,-1.1307031250000001,-1.04981
6.692,-0.604467593797267,-0.9386282121288083,-1.1279687500000002,-1.0463
6.698,-0.6021709843983398,-0.9377484974514214,-1.12515625,-1.0427899999999999
6.703,-0.6017116625185555,-0.9368368760240777,-1.1223828125000002,-1.0391499999999998
6.709,-0.6012523406387693,-0.9359845099895114,-1.11958984375,-1.0357699999999999
6.714,-0.5998743749994144,-0.9351230277406728,-1.1169140625,-1.03226
6.719,-0.5994150531196301,-0.934288894134653,-1.1137109375,-1.02901
6.725,-0.5989557312398439,-0.9333408078502146,-1.11130859375,-1.025
6.729,-0.5980370874802734,-0.9326570917797063,-1.1085937500000003,-1.02217
6.735,-0.5966591218409185,-0.9318366324950969,-1.10587890625,-1.0189499999999998
6.739,-0.5961997999611341,-0.9310480799604441,-1.1032421875000002,-1.01572
6.744,-0.595740478081348,-0.93029143417575,-1.10048828125,-1.01263
6.749,-0.5943625124419931,-0.9295211140696455,-1.0974609375000002,-1.0095299999999998
6.755,-0.593903190562207,-0.9286186088565742,-1.094609375,-1.0059399999999998
6.759,-0.593903190562207,-0.927934892786066,-1.0914257812500001,-1.00313
6.765,-0.5925252249228521,-0.9271098753943203,-1.0880859375,-0.9996799999999999
6.77,-0.5916065811632816,-0.9262392769312076,-1.08443359375,-0.9960899999999999
6.776,-0.5906879374037111,-0.9253367717181362,-1.0808593750000002,-0.9923799999999998
6.781,-0.5897692936441405,-0.9244661732550234,-1.0767578125000001,-0.9887899999999998
6.788,-0.5888506498845718,-0.923481622113492,-1.0733203125000002,-0.9848199999999998
6.793,-0.5879320061250013,-0.9226976276859755,-1.0695898437500002,-0.98163
6.798,-0.5870133623654308,-0.9218042386871801,-1.0654296875000002,-0.9780599999999999
6.804,-0.5865540404856446,-0.9209336402240673,-1.0618750000000001,-0.9744899999999999
6.809,-0.5856353967260741,-0.9201952268679179,-1.05791015625,-0.9714099999999999
6.814,-0.5851760748462898,-0.9193747675833084,-1.05310546875,-0.9679399999999998
6.82,-0.5833387873271487,-0.9184130069774596,-1.04849609375,-0.9639599999999999
6.826,-0.5828794654473644,-0.917515059871528,-1.04359375,-0.96024
6.832,-0.580582856048439,-0.9165487411585431,-1.03876953125,-0.95651
6.837,-0.5801235341686528,-0.9156006548741047,-1.0340625,-0.9528999999999999
6.843,-0.5792048904090823,-0.9146981496610351,-1.0297265625,-0.9494
6.848,-0.5787455685292979,-0.9138959228049721,-1.0251757812500002,-0.94614
6.853,-0.5773676028899413,-0.9130298824489955,-1.0207617187500002,-0.94275
6.858,-0.5764489591303725,-0.912213981271524,-1.016640625,-0.9396199999999999
6.863,-0.5764489591303725,-0.9114391030582798,-1.01236328125,-0.9364699999999999
6.868,-0.575530315370802,-0.91062320188081,-1.00775390625,-0.9331799999999999
6.873,-0.5746116716112315,-0.909729812882011,-1.003359375,-0.9295
6.878,-0.573693027851661,-0.9088911211688551,-0.99869140625,-0.9260499999999998
6.884,-0.5727743840920905,-0.9079384767772805,-0.99427734375,-0.92207
6.889,-0.5713964184527356,-0.9070997850641245,-0.9900781249999999,-0.91876
6.895,-0.5709370965729494,-0.9062246284938755,-0.9856249999999999,-0.91516
6.9,-0.5700184528133789,-0.9052947746379836,-0.9814453124999999,-0.9114499999999999
6.906,-0.568640487174024,-0.9043785951035037,-0.9777734375,-0.90771
6.911,-0.5681811652942397,-0.9035991587831234,-0.9741015625,-0.9046299999999998
6.915,-0.566803199654883,-0.9027741413913795,-0.9702734375000001,-0.9012899999999999
6.921,-0.5663438777750986,-0.9019081010354011,-0.9660937499999999,-0.89781
6.926,-0.5663438777750986,-0.900987363393785,-0.9623046875,-0.8940599999999999
6.932,-0.5645065902559576,-0.9001486716806273,-0.9581054687499999,-0.89045
6.937,-0.5631286246166027,-0.8991595624319615,-0.954453125,-0.88655
6.943,-0.5622099808570322,-0.8982798477545746,-0.950390625,-0.8830399999999998
6.948,-0.5612913370974617,-0.8972952966130432,-0.9469726562499999,-0.87913
6.953,-0.5603726933378912,-0.896438372471339,-0.9435742187499999,-0.8757599999999999
6.958,-0.5594540495783207,-0.8955677740082262,-0.9397656249999999,-0.87239
6.964,-0.5585354058187502,-0.8945649904381483,-0.9359960937499999,-0.86849
6.97,-0.5571574401793953,-0.8936169041537116,-0.9322265625,-0.86486
6.975,-0.5571574401793953,-0.8926597016549991,-0.9286718749999999,-0.8609499999999999
6.981,-0.5553201526602543,-0.8917344059062451,-0.9255468750000001,-0.8573299999999999
6.985,-0.5544015089006837,-0.8909230628359097,-0.92275390625,-0.85426
6.99,-0.5544015089006837,-0.8901573008369414,-0.9195703125,-0.8513299999999999
6.995,-0.5530235432613289,-0.8893459577666061,-0.9162109375,-0.8481399999999999
7.0,-0.5525642213815445,-0.8884480106606727,-0.91298828125,-0.8446799999999999
7.005,-0.5511862557421878,-0.8875728540904202,-0.9096875,-0.8412199999999999
7.01,-0.5498082901028329,-0.8866430002345318,-0.90650390625,-0.8377699999999999
7.015,-0.5488896463432624,-0.8857268207000502,-0.9033203124999999,-0.83433
7.02,-0.5479710025836919,-0.8848243154869806,-0.8999414062499999,-0.8310199999999999
7.026,-0.5470523588241214,-0.8838443224525871,-0.89697265625,-0.82745
7.03,-0.5470523588241214,-0.8830284212751138,-0.89390625,-0.8244099999999999
7.035,-0.5456743931847665,-0.8822079619905043,-0.890546875,-0.82124
7.041,-0.544755749425196,-0.8812234108489729,-0.8868359374999999,-0.8175299999999999
7.046,-0.5438371056656255,-0.8802479759217139,-0.8832617187499999,-0.8138299999999998
7.052,-0.5433777837858411,-0.8792862153158669,-0.87935546875,-0.81012
7.058,-0.5415404962667001,-0.8782150601387375,-0.875859375,-0.8060299999999998
7.064,-0.5415404962667001,-0.8772760900685732,-0.87197265625,-0.8023199999999999
7.07,-0.5392438868677747,-0.8762231673199921,-0.8680078124999999,-0.7983199999999999
7.076,-0.537865921228418,-0.8751064310714955,-0.864609375,-0.7941799999999999
7.081,-0.5369472774688475,-0.8741492285727848,-0.86119140625,-0.7907199999999999
7.086,-0.5360286337092788,-0.8732057003954843,-0.8580859375000001,-0.7872399999999999
7.091,-0.5355693118294926,-0.8723670086823283,-0.8549218749999999,-0.7841799999999999
7.096,-0.5351099899497083,-0.8715055264334879,-0.8516406249999999,-0.7809699999999999
7.1,-0.5341913461901378,-0.8706850671488784,-0.84822265625,-0.77776
7.105,-0.5323540586709967,-0.8697825619358088,-0.8450976562499999,-0.7744099999999998
7.11,-0.5323540586709967,-0.868948428329789,-0.84166015625,-0.7713399999999999
7.115,-0.5314354149114262,-0.8680778298666763,-0.83828125,-0.768
7.12,-0.5295981273922852,-0.8671889989750152,-0.8345117187500001,-0.7647899999999999
7.125,-0.5295981273922852,-0.8662317964763044,-0.8308203125,-0.7610399999999999
7.13,-0.5282201617529303,-0.8653019426204143,-0.82625,-0.75769
7.137,-0.5273015179933598,-0.8641396253005507,-0.8218749999999999,-0.75339
7.142,-0.5259235523540049,-0.8631186093019263,-0.8174609374999999,-0.7494999999999998
7.148,-0.5250049085944344,-0.8620702446604813,-0.813125,-0.7454999999999998
7.154,-0.5245455867146482,-0.8610720191975378,-0.8096875,-0.7417499999999999
7.158,-0.522708299195509,-0.8602971409842954,-0.8062109375,-0.7389399999999999
7.163,-0.5217896554359385,-0.8594766816996877,-0.802734375,-0.7359799999999999
7.167,-0.5213303335561523,-0.8586698967364867,-0.79884765625,-0.7330299999999998
7.172,-0.520871011676368,-0.8578038563805119,-0.7952148437500001,-0.7298199999999999
7.176,-0.5194930460370131,-0.8570107457387213,-0.79158203125,-0.7268999999999999
7.18,-0.5181150803976564,-0.8561902864541135,-0.7878124999999999,-0.7241099999999998
7.185,-0.5171964366380859,-0.8553379204195473,-0.7840624999999999,-0.7211799999999999
7.189,-0.5162777928785154,-0.8544992287063913,-0.7797460937499999,-0.7182499999999998
7.194,-0.5153591491189466,-0.8535511424219528,-0.7749999999999999,-0.7150599999999998
7.199,-0.5144405053593761,-0.8525438007447388,-0.7704492187499999,-0.7116
7.204,-0.5135218615998056,-0.8516139468888468,-0.7661914062499999,-0.7084199999999998
7.208,-0.5126032178402351,-0.8507615808542806,-0.76140625,-0.70549
7.213,-0.5107659303210941,-0.8497861459270233,-0.756484375,-0.7021799999999998
7.218,-0.5107659303210941,-0.8488198272140401,-0.75111328125,-0.6989999999999998
7.224,-0.5098472865615236,-0.8478033693225502,-0.745390625,-0.6954199999999999
7.229,-0.5084693209221687,-0.8467732371096517,-0.739921875,-0.6918199999999999
7.234,-0.5080099990423843,-0.8458388251466253,-0.73400390625,-0.68865
7.239,-0.5070913552828138,-0.8448178091479992,-0.7274804687499999,-0.68495
7.245,-0.5052540677636728,-0.8437466539708716,-0.7216406249999999,-0.6813699999999998
7.25,-0.5038761021243179,-0.842789451472159,-0.71501953125,-0.6781999999999999
7.255,-0.5024981364849612,-0.8416681571165263,-0.7093164062499999,-0.6744899999999998
7.26,-0.5024981364849612,-0.8407200708320897,-0.70357421875,-0.6713
7.265,-0.5011201708456063,-0.839767426440515,-0.69837890625,-0.6681199999999998
7.269,-0.5006608489658202,-0.838883153655992,-0.69263671875,-0.6650799999999999
7.274,-0.4992828833264653,-0.8378849281930503,-0.68724609375,-0.6617599999999999
7.279,-0.4979049176871104,-0.836909493265793,-0.68173828125,-0.65845
7.284,-0.4969862739275399,-0.8358565705172101,-0.67671875,-0.6549999999999998
7.29,-0.49652695204775377,-0.8348309964114495,-0.6711718750000001,-0.65154
7.295,-0.4946896645286145,-0.8337917479842769,-0.66568359375,-0.6480899999999998
7.301,-0.4928523770094735,-0.8326066401287289,-0.6603710937499999,-0.6442399999999999
7.306,-0.49193373324990297,-0.8314169741660464,-0.6560546875000001,-0.6405099999999999
7.311,-0.4914744113701186,-0.8304597716673356,-0.6521484375,-0.63734
7.315,-0.4896371238509776,-0.8295299178114437,-0.6483789062499999,-0.6344299999999998
7.32,-0.48917780197119143,-0.8286000639555553,-0.64462890625,-0.6315
7.324,-0.4882591582116209,-0.8276656519925272,-0.64078125,-0.62845
7.329,-0.48688119257226603,-0.8266355197796287,-0.63638671875,-0.62513
7.335,-0.48550322693291115,-0.8254458538169445,-0.6326953125,-0.6214199999999999
7.34,-0.48550322693291115,-0.8244613026754131,-0.62900390625,-0.6182399999999999
7.345,-0.4836659394137701,-0.8234494028910628,-0.6254687499999999,-0.6150599999999999
7.35,-0.4827472956541996,-0.8223873639282075,-0.62150390625,-0.6115999999999999
7.355,-0.4804506862552742,-0.8211384425727459,-0.6177539062499999,-0.6077299999999999
7.361,-0.4790727206159193,-0.8199852414671565,-0.6143359374999999,-0.60429
7.366,-0.4781540768563488,-0.8188457146829755,-0.6109765625,-0.6009399999999998
7.371,-0.47769475497656266,-0.817733536541617,-0.6076367187499999,-0.59748
7.376,-0.47539814557763727,-0.816557544900343,-0.6043359374999999,-0.59402
7.381,-0.4740201799382824,-0.8153815532590709,-0.6007421875,-0.5905399999999998
7.387,-0.4726422142989257,-0.8139776562609597,-0.5976171875,-0.5863699999999998
7.392,-0.471723570539357,-0.8128700362267374,-0.59482421875,-0.58317
7.397,-0.47080492677978647,-0.8117760905139253,-0.59197265625,-0.5799599999999998
7.402,-0.4694269611404298,-0.8106730285868391,-0.5890820312499999,-0.5766199999999999
7.407,-0.46758967362129056,-0.8095107112669773,-0.5863671874999999,-0.5732999999999999
7.412,-0.46667102986172004,-0.8083711844827963,-0.583671875,-0.5700799999999999
7.417,-0.4652930642223634,-0.807227099591481,-0.580859375,-0.5668599999999999
7.422,-0.4639150985830085,-0.80600552687884,-0.578125,-0.5633899999999998
7.427,-0.4625371329436536,-0.8047930703804731,-0.57537109375,-0.5598999999999998
7.432,-0.46115916730429696,-0.8035441490250115,-0.5728320312499999,-0.5564199999999999
7.437,-0.4597812016649421,-0.8023681573837393,-0.570546875,-0.5532299999999999
7.441,-0.4593218797851577,-0.8013197927422926,-0.56814453125,-0.55029
7.446,-0.4574845922660167,-0.8001757078509772,-0.56568359375,-0.5470599999999999
7.451,-0.45656594850644616,-0.7989951581025672,-0.5629492187499999,-0.5438399999999999
7.456,-0.45472866098730513,-0.7976368421758249,-0.5601953125,-0.5402199999999999
7.462,-0.45335069534795025,-0.7963058748919014,-0.5573437499999999,-0.5365799999999998
7.468,-0.4515134078288092,-0.7948381643938784,-0.55478515625,-0.5325499999999999
7.473,-0.4505947640692387,-0.7935618943955962,-0.5526171875,-0.52918
7.477,-0.4487574765500977,-0.7924041351828706,-0.55037109375,-0.52606
7.482,-0.4482981546703133,-0.7912099111130502,-0.54802734375,-0.5228299999999999
7.487,-0.4460015452713879,-0.7899746640789989,-0.54556640625,-0.5194399999999999
7.492,-0.4441642577522469,-0.7885479765452068,-0.54259765625,-0.5157799999999999
7.499,-0.442786292112892,-0.7869207322973981,-0.53994140625,-0.51159
7.504,-0.4418676483533215,-0.7854894866564681,-0.53748046875,-0.5079199999999999
7.509,-0.4395710389543943,-0.7841311707297258,-0.53494140625,-0.5042499999999999
7.515,-0.4381930733150394,-0.7826908088745235,-0.5328125,-0.5005799999999998
7.519,-0.4363557857958984,-0.7815102591261134,-0.5307421875,-0.49756999999999985
7.524,-0.4349778201565435,-0.780311476949155,-0.52830078125,-0.4946999999999999
7.529,-0.43359985451718863,-0.7788893475224992,-0.5257421875,-0.49115
7.534,-0.432221888877832,-0.7774034045959297,-0.523359375,-0.4874399999999999
7.539,-0.4299252794789066,-0.7760177400263668,-0.5207421875,-0.48400999999999983
7.545,-0.42900663571933606,-0.7744816579212941,-0.51830078125,-0.48029999999999995
7.55,-0.42671002632041066,-0.7730321798518176,-0.5155859375,-0.47670999999999997
7.555,-0.42441341692148526,-0.7713684707469142,-0.5131249999999999,-0.47270999999999996
7.56,-0.42257612940234424,-0.7698551791775241,-0.51064453125,-0.46924999999999994
7.566,-0.4207388418832032,-0.7683145389653117,-0.50818359375,-0.46563
7.571,-0.4193608762438483,-0.7667602244316907,-0.505625,-0.4620199999999999
7.576,-0.4170642668449229,-0.7651876774695232,-0.50330078125,-0.4585299999999999
7.581,-0.41568630120556627,-0.7637154088643623,-0.50078125,-0.45519
7.586,-0.413849013686427,-0.7621474200093328,-0.49851562499999996,-0.45158999999999994
7.59,-0.41155240428749984,-0.7606888257255822,-0.49611328125,-0.44838
7.595,-0.4106337605279311,-0.759129953084825,-0.49345703124999996,-0.44501999999999997
7.601,-0.40833715112900393,-0.7574069885871442,-0.4906640625,-0.44113
7.607,-0.4074185073694334,-0.7555609551967724,-0.4879296875,-0.4370999999999998
7.612,-0.40466257609072365,-0.7538744555561863,-0.48541015624999995,-0.4333499999999999
7.617,-0.40236596669179825,-0.7522882342726085,-0.4831640625,-0.4300599999999999
7.621,-0.4005286791726572,-0.7508296399888579,-0.48083984375,-0.42703
7.626,-0.3986913916535162,-0.749284441669511,-0.47832031249999996,-0.42384999999999984
7.631,-0.3973134260141613,-0.7476571974217023,-0.47574218749999997,-0.4205699999999999
7.636,-0.3954761384950203,-0.7459798139953904,-0.47330078124999997,-0.41713999999999984
7.64,-0.3931795290960949,-0.7444118251403591,-0.47056640624999996,-0.41398
7.645,-0.39042359781738334,-0.7425703498571252,-0.46808593749999994,-0.4104399999999999
7.65,-0.38904563217802846,-0.7409886866806819,-0.46544921875,-0.40742999999999996
7.655,-0.38812698841845794,-0.7393158613615078,-0.46267578125,-0.4041299999999999
7.66,-0.38583037901953254,-0.7375928968638288,-0.45982421875,-0.4007099999999999
7.665,-0.38353376962060537,-0.7358197931876447,-0.456796875,-0.3972899999999999
7.67,-0.38123716022167997,-0.7339418530473161,-0.45390624999999996,-0.39371999999999985
7.675,-0.3798591945823251,-0.7321960980139526,-0.4506445312499999,-0.39042999999999983
7.68,-0.3775625851833997,-0.7302543443737104,-0.44759765625,-0.38673999999999986
7.685,-0.3743473320249038,-0.728431101519023,-0.44474609374999996,-0.3833
7.689,-0.3720507226259766,-0.7266488816285666,-0.44146484374999995,-0.3801399999999999
7.694,-0.37021343510683735,-0.7247527090596915,-0.43804687499999995,-0.3767099999999999
7.7,-0.3674575038281258,-0.7227243513838513,-0.43425781249999995,-0.3731399999999998
7.705,-0.3656202163089848,-0.7205364599582254,-0.43072265624999995,-0.36931999999999987
7.71,-0.3619456412707045,-0.7185126603895231,-0.42716796874999996,-0.3658899999999998
7.715,-0.3596490318717773,-0.7164523959637261,-0.4235546874999999,-0.36246
7.72,-0.3573524224728519,-0.7144194801807497,-0.4198046875,-0.35902999999999996
7.725,-0.3555151349537109,-0.7123728900763631,-0.41650390625,-0.35573999999999995
7.729,-0.3532185255547855,-0.7105815539716325,-0.41306640624999996,-0.3527199999999999
7.734,-0.35138123803564447,-0.708749194902671,-0.40943359375,-0.3497199999999998
7.738,-0.3486253067569347,-0.7067892088338823,-0.40564453125,-0.34658999999999995
7.743,-0.3467880192377937,-0.7048474551936401,-0.40193359374999993,-0.3434499999999998
7.747,-0.3444914098388683,-0.7029512826247668,-0.398203125,-0.34046
7.752,-0.34265412231972725,-0.7010687843773002,-0.39416015624999995,-0.33745999999999987
7.757,-0.3389795472814452,-0.6989447064515897,-0.3896484375,-0.33419
7.762,-0.3366829378825198,-0.6966246299190004,-0.38541015624999997,-0.33065999999999995
7.767,-0.33392700660381003,-0.6943911574220074,-0.38107421875,-0.3274199999999998
7.772,-0.33071175344531234,-0.6920437322465975,-0.376875,-0.3239099999999999
7.777,-0.32841514404638694,-0.6897327719282824,-0.37259765624999996,-0.3206499999999999
7.782,-0.32611853464746154,-0.6873443237886399,-0.36892578125,-0.3171499999999998
7.786,-0.32336260336875,-0.6852840593628429,-0.36527343749999996,-0.31416999999999984
7.791,-0.3201473502102541,-0.6831508652228582,-0.36169921875,-0.31118999999999986
7.795,-0.3178507408113287,-0.681003996761465,-0.35822265624999994,-0.3082099999999999
7.799,-0.3155541314124033,-0.6788708026214803,-0.35435546874999996,-0.3052299999999999
7.804,-0.3123388782539074,-0.6764322153033362,-0.35052734375,-0.30182
7.809,-0.310042268854982,-0.6740027441994645,-0.34666015625,-0.29854999999999987
7.814,-0.3063676938166999,-0.6714456460957656,-0.34302734375,-0.29501
7.819,-0.303152440658204,-0.6689933844562113,-0.339296875,-0.29186
7.824,-0.30039650937949247,-0.6663587985311867,-0.33562499999999995,-0.28830999999999984
7.829,-0.2967219343412122,-0.6636923058562072,-0.33181640625,-0.28491
7.834,-0.29396600306250065,-0.6608753956457143,-0.3279296875,-0.28135
7.84,-0.2902914280242186,-0.6579536489710787,-0.32427734374999995,-0.2775599999999998
7.845,-0.2875354967455088,-0.6551367387605858,-0.32072265625,-0.27403999999999984
7.85,-0.2843202435870129,-0.6523335028715032,-0.317578125,-0.27064999999999984
7.855,-0.281104990428517,-0.6498584506962661,-0.31462890624999995,-0.26756999999999986
7.859,-0.2778897372700193,-0.6473833985210273,-0.31175781249999995,-0.2646299999999999
7.863,-0.27513380599130954,-0.6449129044529247,-0.30890625,-0.26166999999999985
7.868,-0.27191855283281363,-0.6424560847062342,-0.30611328125,-0.25888
7.872,-0.2687032996743177,-0.6399400095667644,-0.303046875,-0.25595999999999997
7.877,-0.26640669027539055,-0.6371869128561869,-0.29994140625,-0.2527499999999998
7.882,-0.26181347147753975,-0.6342788405029616,-0.29677734375,-0.24956
7.887,-0.25859821831904384,-0.6313388613997777,-0.29361328124999997,-0.24624999999999986
7.892,-0.2549236432807618,-0.6282119999039875,-0.29044921874999996,-0.2429199999999998
7.897,-0.252167712002052,-0.6252173235151641,-0.28728515624999995,-0.23960999999999988
7.902,-0.2480338150839856,-0.6221269268764686,-0.2839453125,-0.23632999999999993
7.907,-0.24481856192548967,-0.6187995086666636,-0.28078125,-0.23260999999999998
7.912,-0.24114398688720762,-0.6156179498852339,-0.27771484375,-0.2293299999999998
7.917,-0.23746941184892556,-0.6124227167823939,-0.27464843749999995,-0.22592999999999996
7.922,-0.23379483681064528,-0.6093368782508364,-0.27150390625,-0.22275
7.927,-0.22966093989257885,-0.6060049019338933,-0.2683984375,-0.21933999999999987
7.932,-0.22644568673408294,-0.6027230647954571,-0.26535156249999997,-0.21609999999999996
7.937,-0.22277111169580088,-0.59948225062125,-0.26234375,-0.21282999999999985
7.942,-0.2190965366575206,-0.5961912972685397,-0.25935546875,-0.20944999999999991
7.947,-0.21542196161923854,-0.5930006222728359,-0.25630859375,-0.2063499999999998
7.952,-0.21128806470117212,-0.5896640878487585,-0.25330078125,-0.20307999999999993
7.957,-0.2071541677831057,-0.5863002047818586,-0.2504296875,-0.19984000000000002
7.962,-0.20393891462460978,-0.583118646000429,-0.24775390625000002,-0.19672999999999985
7.966,-0.20072366146611387,-0.5801330858258797,-0.24505859375000003,-0.19385999999999992
7.971,-0.19658976454804744,-0.5771019445799599,-0.24236328125000003,-0.19086999999999987
7.975,-0.1938338332693359,-0.5740662452269056,-0.2394921875,-0.18815999999999988
7.98,-0.19015925823105562,-0.5707707337670591,-0.2362890625,-0.18503999999999987
7.985,-0.1869440050725597,-0.5672427588432392,-0.23306640625,-0.18162999999999996
7.99,-0.18189146439492276,-0.5635689244910438,-0.2298828125,-0.17826999999999993
7.995,-0.1772982455970702,-0.5598403928532072,-0.22640625,-0.17487999999999992
8.001,-0.1727050267992194,-0.5558611653228525,-0.22322265625,-0.17120999999999986
8.006,-0.16948977364072348,-0.5523286322918946,-0.22013671875000002,-0.16809999999999992
8.011,-0.16443723296308654,-0.5487960992609384,-0.2171875,-0.1648299999999998
8.015,-0.161681301684375,-0.5454960296939522,-0.21388671875,-0.16193999999999997
8.02,-0.15662876100673806,-0.5416170805206058,-0.21044921875000003,-0.15854999999999997
8.025,-0.15341350784824215,-0.5379295718470001,-0.20666015625,-0.15525999999999995
8.031,-0.14836096717060698,-0.5337862524597234,-0.20287109375,-0.15154999999999985
8.036,-0.1437677483727544,-0.5296657236081277,-0.1990625,-0.1479999999999999
8.042,-0.13963385145468798,-0.5255907758279026,-0.19492187500000002,-0.14439000000000002
8.048,-0.13549995453662156,-0.5212286672980628,-0.19119140625,-0.1405099999999999
8.053,-0.13044741385898462,-0.5172995789462096,-0.1873828125,-0.13718999999999992
8.058,-0.12585419506113382,-0.51345253652282,-0.183671875,-0.13381999999999983
8.063,-0.12263894190263791,-0.5096191684208389,-0.18009765625000002,-0.13046999999999986
8.067,-0.11804572310478534,-0.506054728639926,-0.17619140625000002,-0.12739999999999996
8.072,-0.11483046994628943,-0.5021894537879881,-0.17248046875,-0.12403999999999993
8.077,-0.11023725114843863,-0.4985156194357927,-0.168671875,-0.12081999999999993
8.082,-0.10702199798994272,-0.49479164590509406,-0.16462890625,-0.1176299999999999
8.087,-0.10242877919209015,-0.4909400453745665,-0.15982421875,-0.11441999999999997
8.092,-0.09829488227402372,-0.48642296120207895,-0.1554296875,-0.11055999999999999
8.097,-0.09370166347617293,-0.4823753620646709,-0.1509765625,-0.10712999999999995
8.103,-0.0895677665581065,-0.47835511157008526,-0.14689453125000002,-0.10365999999999986
8.107,-0.08589319151982444,-0.4748408109676756,-0.142890625,-0.1007499999999999
8.111,-0.08267793836132853,-0.4714085562937278,-0.1384765625,-0.09783999999999993
8.116,-0.07900336332304825,-0.4676481179059344,-0.1334765625,-0.0946499999999999
8.121,-0.07532878828476619,-0.46355949580429723,-0.12828124999999999,-0.09119999999999995
8.127,-0.07027624760712925,-0.459420734524155,-0.123203125,-0.08778999999999981
8.132,-0.06752031632841948,-0.4554369488866641,-0.11820312499999999,-0.08447999999999989
8.137,-0.06660167256884897,-0.45166739428459834,-0.11404296875,-0.08123999999999998
8.142,-0.06660167256884897,-0.44793886264676175,-0.111015625,-0.0781099999999999
8.147,-0.06614235068906282,-0.444502049865676,-0.1087890625,-0.07548999999999984
8.152,-0.06614235068906282,-0.44126123569146714,-0.10703125,-0.07312999999999992
8.157,-0.06614235068906282,-0.4381161417671322,-0.10578125000000002,-0.07111
8.163,-0.06568302880927845,-0.43521262752104306,-0.10482421875,-0.06943999999999995
8.168,-0.06614235068906282,-0.4324367402747811,-0.10408203125,-0.06807999999999992
8.174,-0.06614235068906282,-0.42960615574287786,-0.10359375000000001,-0.06702999999999992
8.179,-0.06614235068906282,-0.42725873056746977,-0.10328125000000002,-0.06642999999999999
8.183,-0.06614235068906282,-0.4253899066414135,-0.10304687500000001,-0.06620999999999988
8.188,-0.06614235068906282,-0.42363503539377767,-0.10287109375000002,-0.0661799999999999
8.192,-0.06614235068906282,-0.42196676818173806,-0.102734375,-0.06613999999999987
8.196,-0.06522370692949231,-0.42037143068388616,-0.10263671875000001,-0.06613000000000002
8.201,-0.06614235068906282,-0.4188626972216323,-0.1025390625,-0.06610999999999989
8.205,-0.06614235068906282,-0.4174451259021126,-0.1024609375,-0.06609999999999983
8.209,-0.06522370692949231,-0.4160549032254135,-0.10240234375000001,-0.06609999999999983
8.214,-0.06614235068906282,-0.4147695170128589,-0.10236328125,-0.06610999999999989
8.218,-0.06614235068906282,-0.41358440915731265,-0.10232421875,-0.06609999999999983
8.222,-0.06614235068906282,-0.4124448823731335,-0.10228515625000001,-0.06609999999999983
8.227,-0.06614235068906282,-0.41125977451758544,-0.10228515625000001,-0.06608999999999998
8.232,-0.06843896008798822,-0.41013848016195276,-0.10332031250000001,-0.06610999999999989
8.237,-0.07303217888584079,-0.4093727181629845,-0.10562500000000001,-0.06636999999999982
8.242,-0.0762474320443367,-0.40884397773512404,-0.1087890625,-0.06695999999999991
8.247,-0.0808406508421875,-0.4085841656283318,-0.11267578125000001,-0.06793999999999989
8.252,-0.08405590400068341,-0.4085796075211956,-0.116484375,-0.06921999999999984
8.257,-0.08864912279853598,-0.4087892804494846,-0.1211328125,-0.07070999999999983
8.262,-0.09278301971660241,-0.4093089046630709,-0.12615234375,-0.07280999999999982
8.268,-0.09783556039423935,-0.4100837828763133,-0.13087890624999998,-0.07530999999999999
8.273,-0.10288810107187629,-0.41108200833925324,-0.13521484375,-0.07799999999999985
8.277,-0.10564403235058606,-0.4121577216235188,-0.13982421875,-0.08074999999999988
8.282,-0.11023725114843863,-0.4134750145860302,-0.144140625,-0.08407999999999993
8.287,-0.11483046994628943,-0.4148743534770034,-0.148515625,-0.08726999999999996
8.292,-0.11850504498457148,-0.41647880718912766,-0.1528515625,-0.09060000000000001
8.297,-0.12263894190263791,-0.41822456222249293,-0.1571875,-0.09392
8.301,-0.1263135169409182,-0.42010706046995594,-0.1611328125,-0.09728999999999988
8.306,-0.13044741385898462,-0.4219303033246433,-0.16550781250000002,-0.10032999999999981
8.311,-0.1350406326568372,-0.4242139150001414,-0.16943359375000003,-0.10394999999999999
8.316,-0.13871520769511747,-0.42640180642576553,-0.1733984375,-0.10716999999999999
8.32,-0.14238978273339953,-0.4286489532441671,-0.17724609375,-0.11034999999999995
8.325,-0.14652367965146595,-0.4310282851695355,-0.1813671875,-0.11365999999999987
8.33,-0.1515762203291029,-0.4337585913444286,-0.18558593750000002,-0.1172899999999999
8.336,-0.15571011724716932,-0.4367578258403917,-0.18970703125,-0.1210199999999999
8.341,-0.1607626579248045,-0.4397479441220771,-0.19414062499999998,-0.12463000000000002
8.347,-0.16581519860244143,-0.44319843122457314,-0.19816406250000002,-0.12866
8.352,-0.16994909552050785,-0.4464939426844232,-0.2016015625,-0.1323599999999998
8.357,-0.17408299243857428,-0.4493336434305988,-0.20548828125000002,-0.1355599999999999
8.362,-0.17867621123642685,-0.45269752649749506,-0.2092578125,-0.13928999999999991
8.367,-0.1837287519140638,-0.4561297811714464,-0.21294921875000003,-0.14284999999999992
8.372,-0.1869440050725597,-0.45950278045261683,-0.21681640624999998,-0.1464599999999998
8.378,-0.19245586762998101,-0.4633224742331876,-0.22064453125000003,-0.15032
8.383,-0.19613044266826307,-0.46706012208529657,-0.22427734375000002,-0.15405000000000002
8.389,-0.20210162710546875,-0.47079321183026934,-0.22785156250000002,-0.15781999999999985
8.394,-0.20531688026396466,-0.47452174346810594,-0.2308984375,-0.16154000000000002
8.398,-0.2094507771820311,-0.47766683739244264,-0.23386718750000002,-0.16462
8.403,-0.21312535222031315,-0.4807663502454105,-0.2367578125,-0.1677099999999998
8.407,-0.21634060537880906,-0.4838977698483351,-0.24025390625,-0.17062999999999984
8.412,-0.22093382417666163,-0.48770378930749736,-0.24337890625,-0.17425999999999986
8.417,-0.22506772109472806,-0.49115427640999343,-0.24671875000000001,-0.17764000000000002
8.422,-0.22828297425322397,-0.4948782499406903,-0.25017578124999995,-0.18110999999999988
8.427,-0.2324168711712904,-0.4987845477568591,-0.25375,-0.18489
8.433,-0.2370100899691412,-0.5028412631085395,-0.25705078124999997,-0.18865999999999983
8.438,-0.2402253431276371,-0.506556120424964,-0.26029296874999996,-0.19226999999999994
8.443,-0.24435924004570353,-0.5101980480272026,-0.26339843749999997,-0.19563999999999981
8.448,-0.24757449320419944,-0.5137123486296122,-0.26638671875,-0.19897999999999993
8.452,-0.2512490682424815,-0.5170990222321947,-0.26923828125,-0.2021599999999999
8.457,-0.2549236432807618,-0.5203580688349501,-0.27249999999999996,-0.20523999999999987
8.462,-0.25859821831904384,-0.5240911585799211,-0.27578125,-0.20870999999999995
8.467,-0.26181347147753975,-0.5278698293962627,-0.27947265624999995,-0.21214999999999984
8.472,-0.26640669027539055,-0.53212254335482,-0.28294921875,-0.21617999999999982
8.478,-0.27054058719345697,-0.5360151668495785,-0.286875,-0.21989999999999998
8.484,-0.27375584035195466,-0.5404502050936042,-0.2904296875,-0.22404000000000002
8.489,-0.2778897372700193,-0.5443929677668677,-0.29373046875,-0.22777999999999987
8.494,-0.28156431230830137,-0.5480622440119252,-0.29707031249999993,-0.23119999999999985
8.499,-0.2856982092263678,-0.5517953337568979,-0.30033203124999996,-0.23480999999999996
8.504,-0.2879948186252932,-0.555250378966532,-0.30353515625,-0.23797000000000001
8.509,-0.2921287155433596,-0.5587601214618054,-0.30654296875,-0.24139999999999984
8.513,-0.29488464682207116,-0.5619462383503713,-0.3096875,-0.24444
8.518,-0.2980998999805671,-0.5653146795244055,-0.312734375,-0.24760999999999989
8.522,-0.30039650937949247,-0.5684278666987854,-0.31646484374999995,-0.2506299999999999
8.528,-0.3036117625379884,-0.5722612348007647,-0.31951171874999995,-0.25434999999999985
8.532,-0.3063676938166999,-0.5753060503680931,-0.32259765625000003,-0.2573699999999999
8.536,-0.3077456594560548,-0.57828249432837,-0.32607421875,-0.26037
8.541,-0.31187955637412124,-0.5816281449667215,-0.32953125,-0.26366
8.546,-0.3146354876528328,-0.5849373307479802,-0.3332226562499999,-0.26708
8.551,-0.3178507408113287,-0.5883695854219297,-0.33697265624999995,-0.27047
8.556,-0.3201473502102541,-0.5917334684888278,-0.34072265625,-0.2738999999999998
8.561,-0.32382192524853615,-0.5950563285914949,-0.34457031250000003,-0.2772999999999999
8.566,-0.3265778565272459,-0.5984156535512586,-0.3484765625,-0.28084
8.572,-0.32933378780595746,-0.6017749785110187,-0.35248046874999994,-0.2844
8.577,-0.33254904096445337,-0.6050431413280464,-0.35658203125,-0.28781999999999996
8.582,-0.33484565036337877,-0.6083295365736205,-0.3607421875,-0.2912199999999998
8.587,-0.33806090352187645,-0.611593141283512,-0.3650781249999999,-0.29479999999999995
8.592,-0.34127615668037237,-0.6148704203148121,-0.36943359375,-0.29835999999999996
8.597,-0.3431134441995116,-0.6180884439533365,-0.37427734374999994,-0.3019099999999999
8.603,-0.34724734111757805,-0.6215434891629688,-0.37873046875,-0.3056399999999999
8.608,-0.3490846286367191,-0.6246247695873901,-0.383203125,-0.3090599999999999
8.613,-0.3518405599154306,-0.6276969337975391,-0.38791015624999997,-0.3126399999999998
8.618,-0.3545964911941404,-0.6308420277218758,-0.39228515624999993,-0.31623
8.623,-0.3578117443526381,-0.6337956811464682,-0.39623046875,-0.31965999999999983
8.627,-0.3587303881122068,-0.6364257089643548,-0.40001953125,-0.3227
8.632,-0.36148631939091835,-0.6389782489609175,-0.40373046875,-0.32575
8.636,-0.36286428503027324,-0.6415079984217957,-0.407421875,-0.32875999999999994
8.64,-0.3651608944292004,-0.644001283025581,-0.41095703124999994,-0.3317899999999998
8.645,-0.3679168257079102,-0.6464672189865457,-0.41453124999999996,-0.33468999999999993
8.649,-0.3697541132270512,-0.6489787360188792,-0.41796875,-0.33787999999999996
8.654,-0.3720507226259766,-0.6514082071227492,-0.42130859374999996,-0.34077999999999986
8.658,-0.3743473320249038,-0.6538787011908518,-0.4246875,-0.3439699999999999
8.662,-0.3752659757844725,-0.6562762655447649,-0.42794921874999997,-0.3470199999999999
8.667,-0.3775625851833997,-0.6586510393629954,-0.4312109375,-0.3500699999999999
8.671,-0.38031851646210946,-0.661071394252593,-0.43429687499999997,-0.3531199999999999
8.676,-0.3821558039812505,-0.6634142613208667,-0.43742187499999996,-0.3561699999999999
8.68,-0.3844524133801759,-0.6658118256747816,-0.440390625,-0.35936999999999997
8.684,-0.38583037901953254,-0.6680999954574123,-0.4433203124999999,-0.36229999999999984
8.689,-0.38812698841845794,-0.6703790490257724,-0.446171875,-0.36537
8.693,-0.38996427593759897,-0.6726444282727222,-0.448984375,-0.36844999999999994
8.698,-0.3908829196971695,-0.6748459940197584,-0.45171874999999995,-0.3715299999999999
8.702,-0.39272020721630874,-0.6770110949096999,-0.45458984375,-0.3745999999999998
8.707,-0.39501681661523413,-0.6793083809066047,-0.45722656249999993,-0.3778199999999998
8.711,-0.39685410413437516,-0.6814506912608636,-0.4598046875,-0.3807499999999999
8.715,-0.3982320697737318,-0.6835565367580259,-0.46240234374999994,-0.38383999999999996
8.72,-0.39915071353330056,-0.6856350336123711,-0.46494140625,-0.38691999999999993
8.724,-0.40144732293222773,-0.6876679493953475,-0.46759765625,-0.39000999999999997
8.729,-0.4042032542109375,-0.6899059799994749,-0.47044921875,-0.3932399999999998
8.734,-0.4064998636098647,-0.6923673578533052,-0.47300781249999996,-0.3968799999999999
8.738,-0.40787782924921956,-0.6944686452433313,-0.47552734374999994,-0.40010999999999997
8.743,-0.4097151167683606,-0.6965972812761798,-0.47787109375,-0.40335999999999994
8.747,-0.4106337605279311,-0.6985800578806529,-0.480703125,-0.40645
8.753,-0.4129303699268565,-0.7010505519487538,-0.4832421875,-0.41025
8.758,-0.41476765744599753,-0.7031381650173714,-0.4855859375,-0.4136199999999999
8.762,-0.4166049449651368,-0.7050662443362032,-0.48794921874999997,-0.41672
8.767,-0.41798291060449344,-0.7070854857977693,-0.4903515625,-0.42008999999999985
8.771,-0.4193608762438483,-0.7090864948307889,-0.49271484374999996,-0.4231799999999999
8.776,-0.42119816376298935,-0.711192340327953,-0.49527343749999997,-0.4266699999999999
8.781,-0.4230354512821304,-0.713216139896657,-0.49765624999999997,-0.43018999999999985
8.786,-0.42487273880126963,-0.7152536137867695,-0.50001953125,-0.4335399999999998
8.791,-0.4262507044406263,-0.7172546228197874,-0.5023828124999999,-0.43687999999999994
8.796,-0.4276286700799812,-0.7191553534958004,-0.5047070312499999,-0.44038
8.8,-0.4299252794789066,-0.7210652003860858,-0.5068945312500001,-0.44358999999999993
8.805,-0.4317625669980476,-0.7229021175621835,-0.5090625,-0.44679999999999986
8.809,-0.4317625669980476,-0.7246296401669987,-0.51126953125,-0.44974999999999987
8.814,-0.434059176396973,-0.7264164181645931,-0.5134375,-0.45294999999999996
8.818,-0.4354371420363279,-0.7281074759123154,-0.5155078125,-0.4560099999999998
8.822,-0.4363557857958984,-0.7297575106958085,-0.517734375,-0.45921999999999996
8.827,-0.4386523951948256,-0.7315123819434461,-0.52005859375,-0.46243999999999996
8.832,-0.43911171707460994,-0.7333310666909956,-0.522265625,-0.46577999999999986
8.836,-0.44094900459375097,-0.7349674271530784,-0.5243554687499999,-0.46899999999999986
8.841,-0.44232697023310585,-0.7365582065437923,-0.52646484375,-0.4719399999999998
8.845,-0.44370493587246074,-0.7381489859345063,-0.52884765625,-0.47500999999999993
8.85,-0.4460015452713879,-0.7399904612177419,-0.531171875,-0.47865
8.855,-0.4469201890309584,-0.7416906351797383,-0.53333984375,-0.48187999999999986
8.859,-0.44783883279052716,-0.7432586240347696,-0.5354687499999999,-0.48495
8.864,-0.4492167984298838,-0.7448038223541182,-0.5379101562499999,-0.4880399999999998
8.869,-0.4505947640692387,-0.7465678098160264,-0.540078125,-0.49168999999999996
8.873,-0.4519727297085936,-0.7480719851711441,-0.5421874999999999,-0.49478
8.878,-0.4528913734681641,-0.7495305794548948,-0.54431640625,-0.4977099999999999
8.882,-0.45472866098730513,-0.7509982899529177,-0.5464453125,-0.50081
8.886,-0.45656594850644616,-0.7524979072008975,-0.54857421875,-0.5039
8.891,-0.45794391414580105,-0.7539884082346049,-0.5507421874999999,-0.50698
8.895,-0.4584032360255872,-0.7554378863040814,-0.55302734375,-0.5100899999999999
8.899,-0.46024052354472644,-0.7569192711235146,-0.55525390625,-0.5131999999999999
8.904,-0.4616184891840831,-0.7583824235144032,-0.5575390625,-0.5163
8.908,-0.46207781106386747,-0.7598182272624676,-0.560078125,-0.5194099999999999
8.913,-0.46345577670322413,-0.761395332331773,-0.5625,-0.5229699999999999
8.918,-0.464833742342579,-0.7628858333654804,-0.5649023437499999,-0.52637
8.922,-0.46667102986172004,-0.764294288470726,-0.56736328125,-0.52948
8.927,-0.4671303517415044,-0.7657619989687507,-0.5700195312499999,-0.5327499999999998
8.932,-0.4685083173808593,-0.7672935229666873,-0.5725,-0.5362699999999998
8.937,-0.4694269611404298,-0.7686655132148399,-0.5752539062500001,-0.5395099999999999
8.942,-0.47126424865957084,-0.77017880478423,-0.57791015625,-0.5430599999999999
8.946,-0.4726422142989257,-0.7716054923180238,-0.58076171875,-0.54643
8.951,-0.47356085805849624,-0.77312334199455,-0.58337890625,-0.5499499999999999
8.956,-0.47447950181806675,-0.7744497511713373,-0.58626953125,-0.55321
8.961,-0.47677611121699215,-0.7759356940979067,-0.58939453125,-0.5567099999999998
8.966,-0.47769475497656266,-0.7775264734886225,-0.59244140625,-0.5605099999999998
8.971,-0.4786133987361332,-0.7789486029152783,-0.59580078125,-0.5640299999999998
8.977,-0.4795320424957037,-0.7804938012346252,-0.59896484375,-0.5678299999999998
8.982,-0.4813693300148447,-0.7819615117326482,-0.60255859375,-0.5714899999999998
8.988,-0.48228797377441524,-0.7835295005876795,-0.60634765625,-0.5755899999999998
8.993,-0.4841252612935545,-0.7851020475498487,-0.61,-0.57951
8.999,-0.485043905053125,-0.7866107810121008,-0.613828125,-0.58344
9.004,-0.48688119257226603,-0.7881058401529462,-0.61744140625,-0.58737
9.01,-0.48779983633183654,-0.7895006209367796,-0.62134765625,-0.5908799999999998
9.015,-0.4896371238509776,-0.7910002381847612,-0.6251171875,-0.5948099999999998
9.02,-0.49101508949033246,-0.7923357635758208,-0.6299609374999999,-0.5982999999999998
9.027,-0.49239305512968734,-0.7940906348234567,-0.6343164062500001,-0.60293
9.032,-0.49423034264882837,-0.7955765777500279,-0.6390625,-0.60673
9.038,-0.4951489864083989,-0.7970989855336921,-0.6435937499999999,-0.6108
9.043,-0.4960676301679694,-0.7984755338889808,-0.6475781249999999,-0.61446
9.047,-0.4969862739275399,-0.7996105025660221,-0.6517968749999999,-0.61754
9.052,-0.4979049176871104,-0.8007956104215701,-0.65625,-0.6209
9.057,-0.4992828833264653,-0.8019989507056646,-0.6612890625,-0.6242699999999999
9.062,-0.5002015270860358,-0.8033208017753122,-0.6658593749999999,-0.6279399999999999
9.067,-0.5020388146051769,-0.8044694447737655,-0.6713867187499999,-0.63117
9.072,-0.5029574583647474,-0.8058140863790975,-0.6774218750000001,-0.63486
9.078,-0.5038761021243179,-0.8071724023058398,-0.6834179687499999,-0.63883
9.083,-0.5052540677636728,-0.8085352763397182,-0.6907421874999999,-0.64279
9.089,-0.5066320334030276,-0.809961963873512,-0.69712890625,-0.6469199999999999
9.094,-0.5075506771625982,-0.8112154433361098,-0.7035546874999999,-0.6505999999999998
9.099,-0.508928642801953,-0.8124461322630232,-0.711328125,-0.6541599999999999
9.105,-0.5103066084413097,-0.8139548657252771,-0.7184765624999999,-0.65855
9.111,-0.5116845740806646,-0.8153131816520194,-0.725,-0.66265
9.116,-0.5126032178402351,-0.8165940097574378,-0.7322265625,-0.6664999999999999
9.122,-0.5144405053593761,-0.8180161391840937,-0.7388085937499999,-0.6706099999999999
9.128,-0.5153591491189466,-0.8193151997180586,-0.74447265625,-0.67445
9.133,-0.5153591491189466,-0.8204228197522809,-0.74986328125,-0.67801
9.137,-0.5171964366380859,-0.821516765465093,-0.7555664062499999,-0.6813899999999999
9.143,-0.517655758517872,-0.8226927571063669,-0.7604687499999999,-0.6850799999999999
9.147,-0.5194930460370131,-0.8237547960692222,-0.7661328124999999,-0.68834
9.153,-0.5204116897965818,-0.82500827553182,-0.7710742187499999,-0.69217
9.158,-0.5213303335561523,-0.8261158955660424,-0.7763085937499999,-0.6957099999999998
9.163,-0.5222489773157228,-0.8273237939572748,-0.7812499999999999,-0.6995499999999999
9.168,-0.5240862648348639,-0.8284314139914954,-0.786015625,-0.7030699999999999
9.173,-0.5245455867146482,-0.8295800569899487,-0.7904882812499999,-0.7066199999999998
9.178,-0.5250049085944344,-0.830642095952804,-0.7957421875,-0.7100099999999998
9.184,-0.5263828742337893,-0.8319138078439501,-0.8001171874999999,-0.7142599999999999
9.189,-0.5277608398731459,-0.8329940792353518,-0.80466796875,-0.7178099999999998
9.194,-0.5286794836327147,-0.8341563965552137,-0.80916015625,-0.7216199999999999
9.2,-0.5305167711518557,-0.8353415044107599,-0.8133984375,-0.7254399999999999
9.204,-0.5314354149114262,-0.8364126595878911,-0.8176953124999999,-0.7288399999999999
9.21,-0.5318947367912124,-0.8375932093363012,-0.8223828125,-0.7326599999999999
9.216,-0.5332727024305672,-0.8388238982632146,-0.8267382812499999,-0.7367599999999999
9.221,-0.5346506680699221,-0.8400409128687176,-0.8305468749999999,-0.74074
9.226,-0.5355693118294926,-0.8410938356173006,-0.8346679687499999,-0.74427
9.231,-0.5364879555890631,-0.8422424786157539,-0.8384765624999999,-0.7481
9.237,-0.5369472774688475,-0.8432908432571988,-0.8422265624999999,-0.7516499999999999
9.242,-0.537865921228418,-0.844307301148687,-0.845625,-0.7551999999999999
9.246,-0.5397032087475591,-0.8452736198616719,-0.84888671875,-0.7584899999999999
9.25,-0.5397032087475591,-0.8461761250747415,-0.85201171875,-0.7616399999999999
9.255,-0.5406218525071296,-0.8470467235378543,-0.8552734375,-0.7646299999999999
9.259,-0.5419998181464845,-0.8479765773937462,-0.8583203125000001,-0.7679199999999999
9.264,-0.5424591400262706,-0.8488654082854055,-0.86130859375,-0.7710599999999999
9.268,-0.542918461906055,-0.8497223324271097,-0.864375,-0.7740499999999999
9.272,-0.5442964275454116,-0.8506020471044966,-0.8675,-0.77718
9.277,-0.5452150713049804,-0.8515227847461126,-0.8708789062499999,-0.7804899999999999
9.282,-0.5461337150645509,-0.8525392426376026,-0.8740234374999999,-0.7840499999999999
9.286,-0.5470523588241214,-0.8534280735292601,-0.87728515625,-0.78718
9.291,-0.5484303244634781,-0.8544217408850656,-0.8804492187499999,-0.7906099999999998
9.296,-0.5493489682230468,-0.8553652690623661,-0.88419921875,-0.79389
9.301,-0.5498082901028329,-0.8565002377394109,-0.88751953125,-0.7978699999999999
9.306,-0.5507269338624035,-0.8574528821309837,-0.89125,-0.80131
9.311,-0.551645577621974,-0.8585240373081131,-0.8945703125,-0.8051599999999999
9.316,-0.5530235432613289,-0.8594812398068239,-0.8977929687499999,-0.8085799999999999
9.321,-0.5534828651411132,-0.8604293260912605,-0.9009765625,-0.8120099999999999
9.326,-0.5544015089006837,-0.8613500637328784,-0.9042578124999999,-0.8154299999999999
9.331,-0.5557794745400404,-0.8623072662315909,-0.90740234375,-0.8188499999999999
9.335,-0.5562387964198248,-0.8632188876589346,-0.91048828125,-0.8221399999999999
9.34,-0.5576167620591796,-0.86411227665773,-0.91390625,-0.8254299999999999
9.345,-0.5580760839389658,-0.8651013859063976,-0.91724609375,-0.82897
9.35,-0.5589947276985363,-0.8660403559765619,-0.92029296875,-0.8323999999999998
9.354,-0.5599133714581068,-0.8669063963325385,-0.92353515625,-0.8356699999999999
9.359,-0.5603726933378912,-0.8678089015456099,-0.92673828125,-0.8389199999999999
9.363,-0.5617506589772461,-0.8686840581158588,-0.929921875,-0.8421799999999999
9.368,-0.5626693027368166,-0.8695956795432025,-0.933125,-0.8455899999999998
9.373,-0.5635879464963871,-0.8704936266491377,-0.9366015624999999,-0.8488399999999998
9.378,-0.5640472683761732,-0.8714508291478467,-0.9399609375000001,-0.8523799999999999
9.383,-0.5658845558953125,-0.8723989154322851,-0.9431640625,-0.85591
9.387,-0.5654252340155281,-0.8732512814668514,-0.94693359375,-0.8590099999999998
9.393,-0.566803199654883,-0.8742631812512034,-0.9503515625,-0.8628199999999999
9.397,-0.5677218434144535,-0.8751337797143162,-0.95427734375,-0.8661999999999999
9.403,-0.5695591309335946,-0.8761958186771714,-0.9576171875,-0.8699699999999999
9.407,-0.5700184528133789,-0.8770755333545583,-0.961640625,-0.8731899999999999
9.413,-0.5700184528133789,-0.878110223674593,-0.9653515625,-0.8769499999999999
9.418,-0.5709370965729494,-0.878999054566254,-0.9690624999999999,-0.8804299999999998
9.423,-0.5723150622123061,-0.8798924435650513,-0.9732421874999999,-0.88391
9.428,-0.5732337059718748,-0.8809408082064962,-0.9777343749999999,-0.88794
9.434,-0.5746116716112315,-0.8819891728479412,-0.9815625,-0.8918299999999999
9.439,-0.5750709934910159,-0.8828688875253281,-0.9859765625,-0.89516
9.444,-0.5759896372505864,-0.8838944616310886,-0.9905273437500001,-0.8990399999999998
9.45,-0.5769082810101569,-0.88487901277262,-0.99439453125,-0.9027699999999999
9.455,-0.5773676028899413,-0.8856949139500934,-0.99916015625,-0.9059699999999999
9.46,-0.5792048904090823,-0.8867660691272228,-1.0042578125,-0.9101199999999998
9.466,-0.5796642122888684,-0.8878007594472574,-1.0085937500000002,-0.9141199999999998
9.471,-0.5810421779282233,-0.8886804741246443,-1.0132812500000001,-0.9174399999999998
9.476,-0.5815014998080077,-0.8896422347304913,-1.0181835937500001,-0.9211699999999998
9.482,-0.5819608216877938,-0.890558414264973,-1.0233203125,-0.9247799999999999
9.487,-0.5833387873271487,-0.8915201748708199,-1.0282421875,-0.9286699999999999
9.492,-0.5847167529665054,-0.8924682611552583,-1.033359375,-0.9322599999999999
9.498,-0.5851760748462898,-0.8934710447253362,-1.0386914062500001,-0.9361299999999999
9.504,-0.5870133623654308,-0.8945285255810553,-1.04296875,-0.9402699999999999
9.509,-0.5865540404856446,-0.8953581010799372,-1.04705078125,-0.94343
9.513,-0.5883913280047857,-0.8961831184716846,-1.0510546875,-0.9467399999999999
9.518,-0.5888506498845718,-0.897030926399113,-1.0555078125000001,-0.9500599999999999
9.524,-0.5897692936441405,-0.8980018032192341,-1.06021484375,-0.9539099999999998
9.529,-0.5902286155239267,-0.8989954705750396,-1.0647070312500002,-0.9579
9.535,-0.5911472592834972,-0.8999389987523401,-1.0680078125,-0.96159
9.539,-0.5925252249228521,-0.900691086429898,-1.07125,-0.96458
9.544,-0.5934438686824226,-0.9014659646431404,-1.0749804687500002,-0.96759
9.549,-0.593903190562207,-0.902373027963348,-1.07828125,-0.97115
9.554,-0.5952811562015636,-0.9031889291408195,-1.0814453125,-0.9742799999999998
9.558,-0.595740478081348,-0.9039957141040205,-1.08439453125,-0.97742
9.563,-0.5966591218409185,-0.9047660342101249,-1.08734375,-0.9804199999999998
9.567,-0.5971184437207029,-0.9055363543162294,-1.09021484375,-0.9833999999999998
9.571,-0.597577765600489,-0.906279325779515,-1.09296875,-0.9863999999999999
9.576,-0.5989557312398439,-0.9070222972428006,-1.09568359375,-0.9893999999999998
9.58,-0.5994150531196301,-0.9077743849203603,-1.09830078125,-0.9922599999999999
9.584,-0.6007930187589849,-0.9085310307050545,-1.101015625,-0.99525
9.589,-0.6012523406387693,-0.9093241413468434,-1.1035546875000002,-0.99823
9.593,-0.6021709843983398,-0.9100853452386755,-1.10609375,-1.0012299999999998
9.597,-0.602630306278126,-0.9108419910233714,-1.1086523437500002,-1.00422
9.602,-0.6030896281579103,-0.9115940787009293,-1.1112109375,-1.0070899999999998
9.606,-0.6040082719174809,-0.9123461663784891,-1.113671875,-1.01011
9.61,-0.604467593797267,-0.9130800216275006,-1.11609375,-1.01314
9.615,-0.6058455594366219,-0.9138229930907844,-1.11853515625,-1.0160299999999998
9.619,-0.6058455594366219,-0.914570522661208,-1.1209375000000001,-1.01906
9.623,-0.6067642031961924,-0.9152952616959453,-1.1233398437500002,-1.0221
9.628,-0.6076828469557629,-0.9160382331592292,-1.1257421875000002,-1.0249899999999998
9.632,-0.6076828469557629,-0.9167675303011062,-1.1282226562500002,-1.0280399999999998
9.636,-0.6095201344749022,-0.9175378504072107,-1.1306445312500002,-1.03111
9.641,-0.6095201344749022,-0.9182853799776325,-1.1330078125000003,-1.03419
9.645,-0.6108981001142588,-0.9190237933337801,-1.1353710937500001,-1.03741
9.65,-0.6118167438738293,-0.9197895553327484,-1.1377343750000002,-1.04034
9.654,-0.6122760657536137,-0.9205553173317185,-1.140078125,-1.0435599999999998
9.658,-0.6127353876333999,-0.9213028469021403,-1.1424218750000001,-1.04664
9.663,-0.6131947095131842,-0.9220275859368776,-1.1449609375,-1.04958
9.668,-0.6145726751525391,-0.9228526033286251,-1.1475390625000002,-1.0531
9.672,-0.6150319970323253,-0.9236776207203707,-1.1501953125000002,-1.0564799999999999
9.677,-0.6159506407918958,-0.924529986754937,-1.15287109375,-1.06015
9.683,-0.6173286064312506,-0.9254188176465981,-1.1555859375000002,-1.06368
9.687,-0.6187065720706055,-0.9262802998954367,-1.15841796875,-1.0672
9.693,-0.6187065720706055,-0.927223828072739,-1.16115234375,-1.071
9.698,-0.619625215830176,-0.9280898684287155,-1.16384765625,-1.07469
9.703,-0.6214625033493171,-0.928983257427511,-1.16650390625,-1.07823
9.708,-0.6219218252291014,-0.9298584139977617,-1.16888671875,-1.08164
9.713,-0.6223811471088876,-0.9306515246395506,-1.17134765625,-1.0849099999999998
9.717,-0.622840468988672,-0.9314081704242465,-1.1737890625,-1.08804
9.722,-0.6242184346280286,-0.9322012810660336,-1.17625,-1.09145
9.726,-0.6242184346280286,-0.9329670430650037,-1.1787109375,-1.0945999999999998
9.731,-0.6251370783875991,-0.933746479385384,-1.18103515625,-1.09804
9.735,-0.626515044026954,-0.9344757765272576,-1.18384765625,-1.1010499999999999
9.741,-0.6269743659067384,-0.935423862811696,-1.1866015625000002,-1.10508
9.746,-0.628352331546095,-0.9362944612748088,-1.18927734375,-1.10866
9.751,-0.6288116534258794,-0.9371422692022371,-1.192109375,-1.1120899999999998
9.756,-0.6297302971854499,-0.9380174257724878,-1.1950390625,-1.1158199999999998
9.761,-0.6311082628248048,-0.9389336053069677,-1.19794921875,-1.11971
9.766,-0.6311082628248048,-0.9398087618772184,-1.20083984375,-1.1233
9.771,-0.633404872223732,-0.9407021508760156,-1.2036328125000002,-1.12702
9.776,-0.633404872223732,-0.9415727493391284,-1.2062500000000003,-1.13044
9.781,-0.6343235159833007,-0.9423385113380967,-1.20880859375,-1.1337199999999998
9.785,-0.6352421597428712,-0.9431042733370667,-1.21142578125,-1.13685
9.789,-0.6357014816226574,-0.943865477228897,-1.21400390625,-1.13999
9.794,-0.6361608035024418,-0.9446038905850465,-1.2171875,-1.14299
9.799,-0.6375387691417966,-0.9455063957981178,-1.2204296875000002,-1.1468399999999999
9.804,-0.6393760566609377,-0.9464271334397338,-1.2239843750000001,-1.15042
9.81,-0.6389167347811533,-0.9474253589026755,-1.2273437500000002,-1.15455
9.815,-0.6402947004205082,-0.9482868411515142,-1.2302929687500002,-1.1581099999999998
9.819,-0.6407540223002943,-0.949048045043348,-1.2331835937500002,-1.16126
9.824,-0.6421319879396492,-0.949804690828044,-1.2361132812500002,-1.1644299999999999
9.828,-0.6421319879396492,-0.9505476622913278,-1.2391796875,-1.16758
9.832,-0.6435099535790041,-0.9513043080760237,-1.24236328125,-1.17074
9.837,-0.6444285973385746,-0.9520883025035385,-1.24556640625,-1.1739
9.841,-0.6448879192183608,-0.9528586226096447,-1.24880859375,-1.17706
9.845,-0.6462658848577156,-0.9536380589300233,-1.2521875,-1.1802099999999998
9.85,-0.6467252067375,-0.954426611464676,-1.25583984375,-1.18337
9.855,-0.6471845286172861,-0.9552516288564217,-1.2598046875,-1.18682
9.86,-0.6481031723768567,-0.9561085529981241,-1.263359375,-1.19041
9.864,-0.648562494256641,-0.9568651987828201,-1.2671093750000002,-1.1935699999999998
9.868,-0.6494811380162115,-0.9576127283532418,-1.27115234375,-1.19672
9.873,-0.6508591036555664,-0.9584377457449875,-1.27544921875,-1.20016
9.878,-0.6522370692949231,-0.9593174604223744,-1.28017578125,-1.2036099999999998
9.883,-0.6526963911747075,-0.9602427561711284,-1.2847851562500001,-1.20735
9.888,-0.6540743568140623,-0.9611224708485153,-1.2898242187500002,-1.2107999999999999
9.893,-0.6540743568140623,-0.9620249760615849,-1.29498046875,-1.2143899999999999
9.898,-0.6549930005736329,-0.9629138069532459,-1.3005078125,-1.2181099999999998
9.903,-0.6559116443332034,-0.9638208702734534,-1.306015625,-1.2218299999999997
9.909,-0.65728960997256,-0.9647279335936592,-1.31201171875,-1.2255699999999998
9.914,-0.6582082537321288,-0.9656349969138667,-1.3179882812500003,-1.2292999999999998
9.919,-0.6586675756119149,-0.9665101534841156,-1.3240820312500001,-1.2328799999999998
9.923,-0.6600455412512698,-0.9673625195186837,-1.32974609375,-1.2363
9.928,-0.6605048631310559,-0.9681373977319243,-1.3356445312500003,-1.2393
9.932,-0.6609641850108403,-0.9688986016237582,-1.3415234375000002,-1.2424399999999998
9.937,-0.6618828287704108,-0.9696506893013161,-1.348125,-1.2455699999999998
9.941,-0.6618828287704108,-0.9704620323716533,-1.35404296875,-1.24901
9.946,-0.6637201162895519,-0.971200445727801,-1.359921875,-1.2521499999999999
9.95,-0.6641794381693362,-0.9719753239410434,-1.3664453125000002,-1.25529
9.955,-0.6655574038086929,-0.9728504805112923,-1.373515625,-1.25888
9.96,-0.6660167256884773,-0.9738122411171393,-1.3799804687500001,-1.26273
9.966,-0.6669353694480478,-0.9746919557945262,-1.38595703125,-1.2662999999999998
9.97,-0.6683133350874026,-0.9755534380433666,-1.39193359375,-1.26975
9.975,-0.6687726569671888,-0.9764331527207535,-1.39794921875,-1.27332
9.981,-0.6701506226065437,-0.9773675646837798,-1.4041015625000002,-1.27704
9.986,-0.670609944486328,-0.9783293252896286,-1.40978515625,-1.28105
9.991,-0.6719879101256847,-0.9792409467169723,-1.41541015625,-1.2847499999999998
9.997,-0.6729065538852552,-0.9802118235370934,-1.4207421875000001,-1.2885999999999997
10.002,-0.6738251976448257,-0.9811371192858473,-1.4258203125,-1.29231
10.007,-0.6742845195246101,-0.9820350663917807,-1.4302734375000001,-1.2958699999999999
10.011,-0.6752031632841806,-0.9828099446050231,-1.4343945312500002,-1.2989899999999999
10.016,-0.6765811289235355,-0.9835848228182655,-1.43849609375,-1.3021099999999999
10.02,-0.6765811289235355,-0.9843733753529182,-1.4424218750000002,-1.3052199999999998
10.024,-0.6779590945628904,-0.9851391373518865,-1.44634765625,-1.30832
10.029,-0.6784184164426765,-0.9859140155651271,-1.450078125,-1.3114299999999999
10.033,-0.6797963820820314,-0.9866934518855075,-1.4537890625,-1.31453
10.038,-0.6797963820820314,-0.9874728882058861,-1.45779296875,-1.3176199999999998
10.042,-0.6807150258416019,-0.9883115799190438,-1.4616796875000002,-1.3209899999999999
10.047,-0.6816336696011724,-0.9891593878464722,-1.46529296875,-1.3243399999999999
10.052,-0.6830116352405273,-0.9899661728096731,-1.4688281250000002,-1.3275299999999999
10.056,-0.6834709571203135,-0.9907729577728706,-1.47240234375,-1.3305699999999998
10.061,-0.684389600879884,-0.9916162075931645,-1.47587890625,-1.3338899999999998
10.066,-0.6853082446394545,-0.9924548993063205,-1.4793359375000001,-1.33706
10.07,-0.6853082446394545,-0.9932571261623817,-1.48263671875,-1.34021
10.075,-0.6866862102788094,-0.9940456786970344,-1.48611328125,-1.3433599999999999
10.08,-0.6876048540383799,-0.9949071609458748,-1.48947265625,-1.3466399999999998
10.084,-0.6885234977979504,-0.9957367364447585,-1.49296875,-1.34991
10.089,-0.6894421415575209,-0.996639241657828,-1.4962695312499998,-1.3533
10.094,-0.6894421415575209,-0.9974688171567117,-1.4996484374999999,-1.35656
10.099,-0.6912794290766602,-0.9983302994055503,-1.5029882812500002,-1.35981
10.104,-0.6917387509564463,-0.9992464789400302,-1.50640625,-1.36333
10.109,-0.6935760384755874,-1.0001581003673738,-1.5096484375,-1.3668399999999998
10.114,-0.6940353603553717,-1.0010469312590349,-1.51310546875,-1.3700899999999998
10.119,-0.6954133259947266,-1.0020086918648818,-1.5164648437500001,-1.3736
10.124,-0.6958726478745128,-1.0029339876136358,-1.5197460937500002,-1.3769799999999999
10.129,-0.6958726478745128,-1.0038182603981607,-1.5229882812500002,-1.3805
10.134,-0.6972506135138676,-1.004670626432727,-1.5262109375,-1.3837599999999999
10.139,-0.6986285791532225,-1.0055548992172483,-1.529296875,-1.38714
10.144,-0.699547222912793,-1.0064300557875008,-1.53220703125,-1.3903999999999999
10.149,-0.7000065447925792,-1.0072413988578361,-1.53513671875,-1.3935199999999999
10.153,-0.7009251885521497,-1.0080618581424439,-1.538359375,-1.3966399999999999
10.158,-0.7013845104319341,-1.008959805248379,-1.54142578125,-1.40017
10.163,-0.7027624760712889,-1.0097893807472609,-1.544140625,-1.40329
10.168,-0.7027624760712889,-1.010555142746231,-1.5469335937500002,-1.40627
10.172,-0.70459976359043,-1.0113254628523354,-1.5496679687500001,-1.40924
10.176,-0.7050590854702161,-1.012114015386988,-1.55244140625,-1.4122
10.181,-0.7055184073500005,-1.0128934517073667,-1.5552539062500002,-1.4151599999999998
10.185,-0.706437051109571,-1.0137002366705676,-1.5583984375000002,-1.41825
10.19,-0.7078150167489259,-1.0145617189194063,-1.5613476562500002,-1.42149
10.195,-0.7078150167489259,-1.0153821782040158,-1.5645507812500001,-1.42458
10.2,-0.7101116261478531,-1.0162983577384956,-1.5676953125000002,-1.42808
10.205,-0.7105709480276374,-1.0172099791658393,-1.57080078125,-1.4313099999999999
10.209,-0.7114895917872079,-1.0181033681646365,-1.57388671875,-1.4345299999999999
10.214,-0.7119489136669923,-1.018964850413477,-1.5771484375,-1.4377399999999998
10.219,-0.713326879306349,-1.0198947042693671,-1.5801367187500002,-1.44123
10.224,-0.7137862011861333,-1.0207106054468387,-1.5829882812500002,-1.4441799999999998
10.228,-0.7151641668254882,-1.021526506624312,-1.585859375,-1.44713
10.233,-0.7160828105850587,-1.0223515240160594,-1.58931640625,-1.4500799999999998
10.238,-0.7170014543446293,-1.0233588656932735,-1.5926953125,-1.4536799999999999
10.243,-0.7179200981041998,-1.0242978357634378,-1.59615234375,-1.45715
10.248,-0.7183794199839841,-1.025273270690695,-1.5995703125,-1.46061
10.253,-0.7192980637435546,-1.026148427260944,-1.6026171875000002,-1.46394
10.258,-0.7206760293829113,-1.0269643284384173,-1.605625,-1.46687
10.262,-0.7211353512626957,-1.0277756715087527,-1.6086718750000002,-1.4697999999999998
10.266,-0.7220539950222662,-1.0285778983648157,-1.611796875,-1.4727199999999998
10.273,-0.7229726387818367,-1.0298404940416876,-1.6169335937500002,-1.47725
10.278,-0.7243506044211916,-1.0307293249333487,-1.6202539062500003,-1.48057
10.283,-0.7252692481807621,-1.031540668003684,-1.6237890625000002,-1.4834999999999998
10.288,-0.726647213820117,-1.0324705218595742,-1.6276953125000002,-1.4867
10.293,-0.7280251794594736,-1.033473305429652,-1.63119140625,-1.49017
10.297,-0.7289438232190442,-1.0343849268569958,-1.6350000000000002,-1.49323
10.302,-0.730321788858399,-1.0353558036771169,-1.63908203125,-1.49656
10.308,-0.7307811107381834,-1.0364224007471083,-1.6431445312500002,-1.50016
10.313,-0.7316997544977539,-1.0373887194600933,-1.6476953125,-1.50349
10.318,-0.7326183982573244,-1.0385100138157277,-1.6518359375,-1.50734
10.323,-0.7344556857764655,-1.0394489838858902,-1.6558203125000002,-1.51054
10.328,-0.7344556857764655,-1.0403879539560545,-1.6599414062500002,-1.5137299999999998
10.333,-0.7362929732956065,-1.0413360402404912,-1.6641406250000002,-1.5169199999999998
10.338,-0.7367522951753909,-1.0423069170606123,-1.6681640625,-1.5200999999999998
10.342,-0.7376709389349614,-1.0432504452379128,-1.671953125,-1.5233999999999999
10.347,-0.7390489045743163,-1.044107369379617,-1.6755078125,-1.52617
10.351,-0.7395082264541024,-1.0449734097355936,-1.67912109375,-1.5290599999999999
10.356,-0.7404268702136729,-1.045830333877296,-1.6826171875000002,-1.53195
10.36,-0.7418048358530278,-1.0467054904475468,-1.68603515625,-1.53483
10.364,-0.7427234796125983,-1.0475760889106596,-1.689453125,-1.5376999999999998
10.369,-0.7441014452519532,-1.0484877103380033,-1.6931445312500002,-1.5405799999999998
10.374,-0.7450200890115237,-1.0495178425509017,-1.6969921875,-1.54371
10.379,-0.7454794108913099,-1.0505889977280312,-1.7002343750000002,-1.5472
10.383,-0.7468573765306648,-1.0515188515839213,-1.7035546875000003,-1.55015
10.388,-0.7477760202902353,-1.0525307513682733,-1.70646484375,-1.5531899999999998
10.393,-0.7482353421700196,-1.0534286984742067,-1.7094921875,-1.5560399999999999
10.398,-0.7486946640498058,-1.0543904590800555,-1.71234375,-1.55898
10.403,-0.7500726296891607,-1.0553522196859006,-1.7150976562500002,-1.56198
10.408,-0.7505319515689468,-1.056386910005937,-1.7177929687500002,-1.5651099999999998
10.413,-0.7514505953285155,-1.057394251683153,-1.7201953125,-1.5680999999999998
10.418,-0.7519099172083017,-1.0583286636461793,-1.7222460937500002,-1.5707399999999998
10.423,-0.7523692390880861,-1.05920382021643,-1.7241210937500002,-1.57313
10.428,-0.7528285609678722,-1.0600744186795428,-1.72572265625,-1.5754599999999999
10.433,-0.7532878828476566,-1.0608584131070593,-1.72724609375,-1.5774599999999999
10.438,-0.7537472047274427,-1.0616378494274379,-1.72875,-1.57944
10.443,-0.7542065266072271,-1.062444634390637,-1.7301757812500003,-1.5813599999999999
10.448,-0.7542065266072271,-1.0632058382824692,-1.73146484375,-1.5830799999999998
10.452,-0.755584492246582,-1.0639396935314789,-1.73263671875,-1.5847099999999998
10.457,-0.7551251703667976,-1.0646097352805786,-1.7337890625,-1.58625
10.461,-0.7565031360061525,-1.065293451351085,-1.735078125,-1.5876
10.467,-0.7569624578859386,-1.0660683295643274,-1.7363281250000002,-1.5891499999999998
10.472,-0.7569624578859386,-1.0667885104919286,-1.7376171875000002,-1.5905999999999998
10.477,-0.7578811016455091,-1.0675178076338057,-1.7388671875000001,-1.5921599999999998
10.482,-0.7583404235252935,-1.0682243142399965,-1.7401953125,-1.59362
10.487,-0.7587997454050779,-1.0689627275961442,-1.74146484375,-1.59517
10.492,-0.7597183891646484,-1.0696555598809248,-1.74265625,-1.59679
10.497,-0.7597183891646484,-1.0702936948800659,-1.7438671875,-1.5982399999999999
10.502,-0.7606370329242189,-1.0709455042006173,-1.7451757812500002,-1.5997
10.508,-0.7615556766837894,-1.0716793594496288,-1.7463867187500002,-1.60141
10.513,-0.7620149985635756,-1.0723539593058646,-1.74779296875,-1.60296
10.518,-0.7620149985635756,-1.0730650240191917,-1.7491015625000002,-1.60472
10.523,-0.7629336423231443,-1.0737122752326052,-1.7501757812499998,-1.6063699999999999
10.528,-0.7629336423231443,-1.0742546899818741,-1.7513671875,-1.60777
10.533,-0.7638522860827148,-1.0748609182310584,-1.75263671875,-1.60936
10.538,-0.764311607962501,-1.075508169444472,-1.7539843750000002,-1.6110099999999998
10.544,-0.766148895481642,-1.076223792264937,-1.7554296875,-1.6128099999999999
10.549,-0.766148895481642,-1.0769758799424967,-1.7567578125,-1.61469
10.555,-0.7666082173614264,-1.0776368054773204,-1.75818359375,-1.6163999999999998
10.56,-0.7679861830007813,-1.078370660726332,-1.7594921875,-1.61834
10.566,-0.7693641486401379,-1.0790771673325246,-1.7609375,-1.62008
10.571,-0.7693641486401379,-1.0798338131172187,-1.7623046875000001,-1.62207
10.577,-0.7702827923997084,-1.0805494359376837,-1.763671875,-1.62394
10.582,-0.7712014361592772,-1.0812103614725093,-1.7648242187499998,-1.62571
10.586,-0.7716607580390633,-1.0817937991860074,-1.7661914062500002,-1.6272199999999999
10.591,-0.7725794017986338,-1.0825003057921982,-1.7675976562500002,-1.6292
10.596,-0.7734980455582043,-1.0831976961841168,-1.769140625,-1.6310699999999998
10.601,-0.7734980455582043,-1.0839087608974456,-1.7706250000000001,-1.63306
10.607,-0.7753353330773436,-1.0846562904678674,-1.77244140625,-1.63526
10.613,-0.7757946549571297,-1.0854904240738872,-1.77431640625,-1.6375899999999999
10.619,-0.7776319424762708,-1.086370138751274,-1.7759375,-1.6401299999999999
10.624,-0.7790099081156256,-1.0871905980358836,-1.7776171875,-1.6423199999999998
10.63,-0.77946922999541,-1.088042964070448,-1.7794921875,-1.64471
10.636,-0.7803878737549805,-1.0889591436049297,-1.7813085937500002,-1.6473099999999998
10.641,-0.7822251612741216,-1.089852532603727,-1.7828906250000003,-1.64981
10.646,-0.7831438050336921,-1.0906410851383797,-1.7844140625,-1.6519899999999998
10.651,-0.7840624487932626,-1.0914205214587582,-1.7862500000000001,-1.65411
10.656,-0.7854404144326175,-1.0923275847789657,-1.7880078125,-1.65664
10.661,-0.7868183800719741,-1.0932027413492147,-1.7900976562500002,-1.65905
10.667,-0.788196345711329,-1.09426478031207,-1.79197265625,-1.6619099999999998
10.672,-0.7895743113506839,-1.0952310990250549,-1.793828125,-1.66452
10.677,-0.79003363323047,-1.0961381623452624,-1.79564453125,-1.66698
10.682,-0.7918709207496093,-1.0970269932369217,-1.79740234375,-1.6695099999999998
10.686,-0.7937082082687503,-1.0979431727714033,-1.79923828125,-1.67198
10.691,-0.7941675301485365,-1.0989231658057967,-1.8012109375000003,-1.6745899999999998
10.696,-0.7955454957878914,-1.0999213912687384,-1.8033398437500001,-1.67735
10.701,-0.7978421051868168,-1.1010609180529176,-1.80537109375,-1.6803899999999998
10.707,-0.7983014270666029,-1.1021867705156865,-1.807578125,-1.68335
10.712,-0.8005980364655283,-1.1034083432283275,-1.80958984375,-1.6865899999999998
10.717,-0.8028946458644537,-1.1045022889411413,-1.811484375,-1.6893799999999999
10.722,-0.8033539677442381,-1.1056053508682258,-1.8135156250000002,-1.69221
10.727,-0.8051912552633791,-1.106758551973817,-1.8156640625000002,-1.69505
10.732,-0.8070285427825201,-1.1080120314364148,-1.8177148437500001,-1.69815
10.737,-0.8079471865420906,-1.1092518365776005,-1.8199218750000001,-1.70126
10.742,-0.8093251521814455,-1.1105554552187034,-1.8223046875000002,-1.7045
10.748,-0.8116217615803709,-1.1119958170739057,-1.8244140625,-1.708
10.753,-0.8134590490995119,-1.1132812032864603,-1.82669921875,-1.7110299999999998
10.759,-0.8162149803782235,-1.114830959712945,-1.8292382812499999,-1.71454
10.765,-0.8175929460175784,-1.11638071613943,-1.83146484375,-1.71807
10.77,-0.8194302335367194,-1.1178028455660858,-1.833828125,-1.72125
10.775,-0.8212675210558604,-1.1193298114568861,-1.83634765625,-1.7245599999999999
10.781,-0.8235641304547858,-1.1209479394904207,-1.83875,-1.7280099999999998
10.786,-0.8258607398537112,-1.1225113702383158,-1.8411718750000001,-1.7313399999999999
10.792,-0.8263200617334974,-1.1240884753076212,-1.8434765625,-1.73468
10.797,-0.8295353148919933,-1.125542511484234,-1.84556640625,-1.73779
10.801,-0.8309132805313482,-1.1269236179466589,-1.8479296875000002,-1.74054
10.806,-0.8332098899302736,-1.128487048694554,-1.8502734374999998,-1.74368
10.811,-0.8345878555696302,-1.1300368051210388,-1.8527148437499998,-1.7468299999999999
10.816,-0.8368844649685556,-1.1316230264046165,-1.85517578125,-1.75
10.821,-0.8396403962472654,-1.1332593868666994,-1.8576367187500002,-1.75318
10.826,-0.841018361886622,-1.1349003054359166,-1.86021484375,-1.7563499999999999
10.831,-0.8433149712855474,-1.136614153719325,-1.862890625,-1.75969
10.836,-0.8456115806844728,-1.1383826992883694,-1.8654296875000003,-1.76291
10.841,-0.8483675119631844,-1.1400874313575038,-1.8680859375,-1.7661499999999999
10.846,-0.8502047994823254,-1.141865093140824,-1.87064453125,-1.76942
10.851,-0.8529607307610352,-1.143547034674274,-1.8732226562500003,-1.7724199999999999
10.856,-0.8538793745206057,-1.1453292545647304,-1.8760156250000002,-1.77556
10.861,-0.8557166620397467,-1.1471251487765972,-1.8786328125000002,-1.77883
10.865,-0.8584725933184583,-1.148889136238509,-1.8815625,-1.7819699999999998
10.87,-0.8607692027173837,-1.150771634485972,-1.8842773437500002,-1.7852299999999999
10.875,-0.8626064902365247,-1.1526131097692058,-1.8871484375,-1.7883499999999999
10.88,-0.8649030996354501,-1.1544545850524415,-1.88998046875,-1.79161
10.885,-0.868118352793946,-1.1562915022285392,-1.8929296875000001,-1.79459
10.89,-0.8694963184333009,-1.1582332558687813,-1.8960156250000002,-1.79782
10.895,-0.8722522497120124,-1.1601978000447062,-1.89935546875,-1.80093
10.9,-0.875008180990724,-1.1623629009346477,-1.90259765625,-1.80442
10.905,-0.8782234341492199,-1.1644322815747188,-1.9057226562500003,-1.80764
10.91,-0.8796013997885748,-1.1663649190006886,-1.9086914062500002,-1.81062
10.914,-0.8818980091875002,-1.1681927199625122,-1.9117382812500001,-1.81348
10.918,-0.8837352967066412,-1.1700478695671563,-1.91517578125,-1.8163399999999998
10.923,-0.8869505498651371,-1.172094459671543,-1.9187695312500002,-1.81933
10.928,-0.8892471592640625,-1.1741820727401588,-1.92283203125,-1.82247
10.933,-0.892003090542774,-1.1765705208798014,-1.92673828125,-1.8259999999999998
10.938,-0.89521834370127,-1.1787812028411082,-1.93095703125,-1.8292599999999999
10.943,-0.8975149531001954,-1.1811195118022457,-1.93544921875,-1.8326699999999998
10.949,-0.9011895281384774,-1.1835808896560724,-1.9397851562500001,-1.83608
10.954,-0.9034861375374028,-1.1858964080815273,-1.94546875,-1.83933
10.96,-0.9076200344554692,-1.1889321074345816,-1.9507617187500002,-1.8435
10.965,-0.9099166438543946,-1.1915803676810164,-1.95583984375,-1.8470099999999998
10.971,-0.9135912188926767,-1.194082768499074,-1.96115234375,-1.85036
10.976,-0.9163471501713882,-1.1966763314598676,-1.9665820312500002,-1.85372
10.981,-0.9195624033298841,-1.1991696160636511,-1.9717382812500002,-1.8569499999999999
10.985,-0.9218590127288095,-1.201480576381968,-1.9773632812500002,-1.8599199999999998
10.99,-0.925992909646876,-1.20400576773571,-1.9831835937500002,-1.86314
10.995,-0.9287488409255857,-1.2066403536607329,-1.989140625,-1.86635
11.001,-0.9315047722042973,-1.2093433111928071,-1.99501953125,-1.8696599999999999
11.005,-0.9351793472425793,-1.2119733390106955,-2.0012109375000002,-1.87285
11.011,-0.9388539222808596,-1.2148722951496485,-2.00705078125,-1.87629
11.016,-0.9425284973191417,-1.2176983215744137,-2.0124414062500002,-1.8794899999999999
11.021,-0.9452844285978514,-1.2203830466779415,-2.01765625,-1.88256
11.025,-0.9484996817563491,-1.2230267488172384,-2.022734375,-1.88564
11.03,-0.9526335786744156,-1.2258117522777727,-2.02767578125,-1.8886999999999998
11.035,-0.9553895099531253,-1.228382524702882,-2.032578125,-1.8915
11.04,-0.9595234068711918,-1.231327061913202,-2.0379296875,-1.89469
11.045,-0.9622793381499033,-1.234362761266258,-2.043828125,-1.89801
11.051,-0.9659539131881836,-1.2379135267257606,-2.0487890625,-1.90184
11.056,-0.97008781010625,-1.241008481471594,-2.05349609375,-1.9051699999999998
11.061,-0.9742217070243164,-1.2441307848602445,-2.05888671875,-1.90838
11.067,-0.978814925822169,-1.248023408355003,-2.06349609375,-1.9123599999999998
11.072,-0.9820301789806649,-1.2510454333866488,-2.068046875,-1.9154499999999999
11.077,-0.9861640758987313,-1.2543272705250867,-2.07251953125,-1.91881
11.082,-0.9898386509370116,-1.2575863171278385,-2.07634765625,-1.92217
11.087,-0.993972547855078,-1.2605262962310224,-2.08056640625,-1.9250099999999999
11.092,-0.9967284791337896,-1.2639494346906996,-2.0847656249999997,-1.9283899999999998
11.097,-1.000862376051856,-1.267404479900332,-2.0885351562500003,-1.9319
11.102,-1.0049962729699224,-1.2703991562891552,-2.0925390625,-1.9347299999999998
11.107,-1.0086708480082045,-1.2739590379629337,-2.0965234375,-1.93823
11.112,-1.0118861011667004,-1.2774049669582919,-2.1009765625,-1.94146
11.118,-1.017857285603906,-1.281484472845655,-2.10455078125,-1.9453399999999998
11.123,-1.0206132168826176,-1.284816449162598,-2.1084375,-1.9484299999999999
11.128,-1.0252064356804702,-1.2885039578362036,-2.111640625,-1.9518799999999998
11.133,-1.0288810107187505,-1.2917812368675037,-2.1151171875,-1.9547999999999999
11.138,-1.0325555857570325,-1.295108655077307,-2.1186328125,-1.95786
11.143,-1.0362301607953128,-1.2986548624296752,-2.1225390625,-1.96104
11.148,-1.0408233795931654,-1.3027662750669968,-2.1256054687500003,-1.9647299999999999
11.153,-1.0444979546314457,-1.3059706243841092,-2.12916015625,-1.96753
11.158,-1.0490911734292983,-1.3098313411289109,-2.13240234375,-1.9709699999999999
11.163,-1.0527657484675785,-1.3132316890529019,-2.136015625,-1.97403
11.168,-1.057358967265431,-1.3172929625117185,-2.1392773437500003,-1.9774699999999998
11.174,-1.060574220423927,-1.3209759130781862,-2.142890625,-1.9806499999999998
11.179,-1.065626761101564,-1.3251876040725161,-2.1466015625000003,-1.9843799999999998
11.185,-1.0693013361398442,-1.3292671099598792,-2.1503515625,-1.98796
11.191,-1.0738945549376968,-1.333588195525488,-2.15369140625,-1.9916699999999998
11.196,-1.078947095615332,-1.337704166269944,-2.15767578125,-1.99525
11.202,-1.083999636292969,-1.3422212504424333,-2.16046875,-1.99907
11.207,-1.087674211331251,-1.345530436223692,-2.1632421875,-2.00188
11.211,-1.0908894644897469,-1.3488213895764023,-2.1659765625,-2.0045699999999997
11.215,-1.0945640395280272,-1.352130575357661,-2.1690234375,-2.00738
11.22,-1.0977792926865249,-1.355822642138401,-2.1720117187500003,-2.01045
11.225,-1.1019131896045913,-1.3593779657050415,-2.17474609375,-2.0133799999999997
11.229,-1.104669120883301,-1.362728174450531,-2.1776171875,-2.01632
11.234,-1.1092623396811536,-1.366210568302984,-2.1803125000000003,-2.01911
11.238,-1.1120182709598634,-1.3695243121913787,-2.1833593749999998,-2.0219
11.243,-1.1161521678779298,-1.3732482857220774,-2.1862500000000002,-2.02496
11.248,-1.1193674210364257,-1.3767944930744456,-2.188984375,-2.02801
11.252,-1.1225826741949216,-1.3801538180342074,-2.1920507812500003,-2.0307999999999997
11.257,-1.126716571112988,-1.383964395600504,-2.19494140625,-2.03396
11.261,-1.1303911461512701,-1.3874650218815034,-2.19806640625,-2.03699
11.267,-1.1340657211895522,-1.3914989466974994,-2.2012109375,-2.04014
11.272,-1.137280974348048,-1.3951363161926018,-2.2043164062500002,-2.0431399999999997
11.277,-1.1414148712661145,-1.3989013126875314,-2.20705078125,-2.0463899999999997
11.281,-1.1446301244246104,-1.4022378471116088,-2.20984375,-2.04901
11.285,-1.1483046994628907,-1.4056701017855584,-2.2129882812500004,-2.05203
11.291,-1.1515199526213866,-1.409517144208948,-2.2161328125,-2.05515
11.295,-1.155653849539453,-1.4132092109896917,-2.21935546875,-2.05801
11.301,-1.159328424577735,-1.4170562534130813,-2.2224609375,-2.0614
11.305,-1.1630029996160154,-1.4207255296581405,-2.225859375,-2.0643
11.311,-1.1666775746542974,-1.4247138734027693,-2.2297070312500002,-2.06769
11.317,-1.1708114715723639,-1.4291990508253,-2.23341796875,-2.0714799999999998
11.322,-1.1749453684904303,-1.433191952677067,-2.2369921875000003,-2.07492
11.327,-1.1781606216489262,-1.4371210410289184,-2.2403515625000003,-2.07835
11.332,-1.1822945185669926,-1.4408222240239326,-2.24396484375,-2.08154
11.337,-1.1855097717254885,-1.4446419178045034,-2.2476171875,-2.08485
11.343,-1.1901029905233411,-1.4485664480492186,-2.2508984375,-2.0882899999999998
11.347,-1.1923995999222665,-1.4518801919376134,-2.2540820312500003,-2.0911
11.352,-1.195155531200978,-1.4551118898975464,-2.257265625,-2.0939099999999997
11.356,-1.1988301062392583,-1.458293448678976,-2.260859375,-2.09672
11.361,-1.2006673937583994,-1.461775842531429,-2.2647851562500003,-2.0998099999999997
11.366,-1.2048012906764658,-1.4656228849548203,-2.2685546875,-2.10339
11.371,-1.2089351875945322,-1.469023232878813,-2.2722265625,-2.1063199999999997
11.376,-1.211691118873242,-1.4724144645885318,-2.27595703125,-2.10941
11.381,-1.2149063720317397,-1.4758011381911125,-2.2794921875000003,-2.1124899999999998
11.385,-1.2176623033104494,-1.4788824186155338,-2.2833593750000003,-2.1151999999999997
11.39,-1.220418234589161,-1.48218248818252,-2.28701171875,-2.11833
11.394,-1.2231741658678725,-1.485199955107026,-2.29072265625,-2.12119
11.398,-1.2263894190263684,-1.488226538245808,-2.2946289062500003,-2.12393
11.403,-1.2296046721848644,-1.491339725420188,-2.2987109375,-2.12694
11.407,-1.2328199253433603,-1.494534958523026,-2.3029882812499998,-2.12995
11.412,-1.2351165347422857,-1.497812237554328,-2.3074609375,-2.13297
11.417,-1.239250431660352,-1.5012308179068672,-2.31189453125,-2.13625
11.422,-1.2415470410592775,-1.50463116583086,-2.31650390625,-2.13956
11.427,-1.2452216160975595,-1.5082183961474573,-2.3209375000000003,-2.143
11.432,-1.2479775473762693,-1.511605069750038,-2.32556640625,-2.1464499999999997
11.438,-1.2521114442943357,-1.5153244851736005,-2.3297265625,-2.15002
11.443,-1.2548673755730473,-1.5186199966334488,-2.334375,-2.15332
11.449,-1.2580826287315432,-1.5226903863065377,-2.3385546875,-2.15731
11.454,-1.2617572037698253,-1.5258856194093795,-2.342421875,-2.16051
11.459,-1.2640538131687507,-1.5291401079049969,-2.3459765625,-2.16385
11.463,-1.2668097444474622,-1.5321985977937338,-2.3495703125,-2.1670599999999998
11.468,-1.269565675726172,-1.5353482498252067,-2.3530859375000004,-2.17028
11.473,-1.2718622851250991,-1.5383611586425783,-2.35642578125,-2.17348
11.478,-1.275077538283595,-1.5413467188171293,-2.35974609375,-2.17656
11.482,-1.278292791442091,-1.5443322789916785,-2.3627734375,-2.17977
11.487,-1.2801300789612302,-1.5471583054164455,-2.36607421875,-2.1827199999999998
11.492,-1.2824266883601574,-1.5502122371980462,-2.36908203125,-2.18607
11.496,-1.2851826196388672,-1.5530291474085391,-2.37203125,-2.18917
11.501,-1.2870199071580082,-1.5557822441191185,-2.3750000000000004,-2.1921299999999997
11.505,-1.2897758384367197,-1.5586265029724284,-2.37828125,-2.19533
11.511,-1.2925317697154295,-1.5618217360752702,-2.3813671875,-2.1988
11.516,-1.2948283791143567,-1.564880225964007,-2.384375,-2.20226
11.521,-1.2975843103930664,-1.5678019726386445,-2.3873242187500003,-2.20558
11.526,-1.300340241671778,-1.5707966490274679,-2.3903710937500002,-2.20904
11.531,-1.302177529190919,-1.5738505808090704,-2.39337890625,-2.21263
11.537,-1.3058521042291993,-1.5768452571978955,-2.3962304687500002,-2.21608
11.542,-1.3076893917483403,-1.5797123065868917,-2.39931640625,-2.2194
11.547,-1.3095266792674813,-1.5829075396897299,-2.401875,-2.22321
11.552,-1.3127419324259773,-1.5853871499721048,-2.40470703125,-2.22625
11.558,-1.3154978637046888,-1.5885185695750312,-2.4075,-2.2299599999999997
11.562,-1.3177944731036142,-1.5911713879286022,-2.41009765625,-2.23327
11.567,-1.319172438742969,-1.5938196481750335,-2.4125,-2.23646
11.572,-1.32100972626211,-1.5962400030646329,-2.4148828125,-2.23951
11.577,-1.3233063356610355,-1.5986193349899995,-2.4172265625000002,-2.24256
11.581,-1.325602945059961,-1.6009622020582732,-2.41953125,-2.24561
11.586,-1.327440232579102,-1.6033278596622296,-2.4219140625,-2.24865
11.59,-1.3288181982184568,-1.6056935172661877,-2.42423828125,-2.25182
11.595,-1.331114807617384,-1.6080728491915544,-2.4271484375,-2.25502
11.601,-1.33433006077588,-1.6109398985805505,-2.429765625,-2.25875
11.606,-1.3357080264152348,-1.613569926398437,-2.4320703125,-2.26234
11.611,-1.3380046358141602,-1.6157304691812406,-2.43513671875,-2.26526
11.617,-1.3403012452130874,-1.6187205874629296,-2.43763671875,-2.26937
11.622,-1.3416792108524422,-1.6210725707454756,-2.4400976562500003,-2.2727
11.627,-1.3435164983715833,-1.6233972053852028,-2.4425,-2.27603
11.632,-1.346272429650293,-1.625635235989332,-2.44509765625,-2.2792399999999997
11.637,-1.3476503952896497,-1.6281285205931173,-2.4474609375000003,-2.283
11.642,-1.349947004688575,-1.6302434823045537,-2.44998046875,-2.28607
11.647,-1.35132497032793,-1.6325316520871862,-2.4524609375,-2.2895399999999997
11.652,-1.3527029359672866,-1.6347013110842656,-2.455078125,-2.29274
11.657,-1.3545402234864259,-1.6369803646526258,-2.45751953125,-2.29635
11.662,-1.356377511005567,-1.6390543033998313,-2.4601171875,-2.29969
11.667,-1.3591334422842785,-1.641315124539645,-2.46236328125,-2.30319
11.672,-1.3605114079236333,-1.6432112971085182,-2.4645703125000002,-2.30626
11.677,-1.3623486954427744,-1.6452487709986325,-2.46693359375,-2.30949
11.681,-1.3641859829619154,-1.647081130067594,-2.46962890625,-2.31243
11.687,-1.3651046267214841,-1.649346509314542,-2.47208984375,-2.31603
11.691,-1.3669419142406252,-1.6512107751334604,-2.47482421875,-2.31911
11.697,-1.3692385236395506,-1.6534077827733586,-2.4773046875,-2.32286
11.701,-1.3710758111586916,-1.6552492580565925,-2.4801757812500003,-2.32596
11.707,-1.3715351330384777,-1.6574827305535855,-2.48275390625,-2.32972
11.712,-1.3729130986778326,-1.6592421599083593,-2.48537109375,-2.33294
11.717,-1.3756690299565442,-1.6611109838344138,-2.48818359375,-2.33615
11.722,-1.3761283518363285,-1.6630664117960663,-2.49119140625,-2.33963
11.727,-1.37888428311504,-1.6651266762218633,-2.4938867187500002,-2.34338
11.732,-1.380721570634181,-1.6669180123265939,-2.4969140625,-2.34659
11.737,-1.382099536273536,-1.6689190213596135,-2.49978515625,-2.3502199999999998
11.742,-1.3830181800331065,-1.670710357464344,-2.502890625,-2.35343
11.748,-1.3848554675522475,-1.6726247624617656,-2.5056640625,-2.35705
11.752,-1.3862334331916024,-1.674238332388164,-2.50896484375,-2.36013
11.758,-1.3880707207107434,-1.6761755279212682,-2.5120703125,-2.36389
11.763,-1.388989364470314,-1.6778802599904026,-2.51517578125,-2.36711
11.768,-1.3908266519894532,-1.6795622015238507,-2.5183984374999997,-2.3704899999999998
11.773,-1.3922046176288099,-1.681257817378711,-2.5215625,-2.3738799999999998
11.777,-1.3935825832681648,-1.682862271090837,-2.52484375,-2.377
11.782,-1.3949605489075196,-1.6844758410172354,-2.528046875,-2.3804
11.787,-1.3967978364266607,-1.686011923122308,-2.53142578125,-2.38352
11.792,-1.3972571583064468,-1.6875935862987497,-2.5351171874999996,-2.38666
11.797,-1.4000130895851566,-1.6892664116179255,-2.53845703125,-2.3902099999999997
11.801,-1.4004724114649427,-1.6907432383302226,-2.54181640625,-2.39323
11.806,-1.402309698984082,-1.6921699258640146,-2.5459179687500004,-2.3962399999999997
11.811,-1.4036876646234386,-1.6939156808973799,-2.5502734375,-2.39994
11.816,-1.4050656302627935,-1.6956067386451021,-2.5545703125,-2.4034999999999997
11.822,-1.405984274022364,-1.6973114707142347,-2.55935546875,-2.40734
11.827,-1.407821561541505,-1.6989523892834537,-2.5639257812500005,-2.41092
11.832,-1.40919952718086,-1.7005203781384832,-2.56841796875,-2.4143499999999998
11.837,-1.4101181709404305,-1.7019744143150977,-2.5730273437499998,-2.4176599999999997
11.841,-1.4124147803393559,-1.7034375667059845,-2.5783398437500002,-2.42098
11.847,-1.412874102219142,-1.7050876014894758,-2.5833789062499997,-2.4247199999999998
11.852,-1.4147113897382813,-1.7065051728089955,-2.5885546875000003,-2.4280399999999998
11.856,-1.4151707116180674,-1.7079409765570635,-2.5943359375,-2.43137
11.862,-1.4170079991372084,-1.7094451519121794,-2.600625,-2.43498
11.867,-1.4183859647765633,-1.7110222569814848,-2.60662109375,-2.43872
11.872,-1.4197639304159182,-1.712458060729551,-2.61306640625,-2.44205
11.877,-1.4202232522957043,-1.7139212131204378,-2.6194335937499997,-2.44567
11.882,-1.4225198616946297,-1.7153023195828627,-2.6259765625,-2.44899
11.887,-1.4234385054542003,-1.7167107746881083,-2.6326562500000006,-2.45245
11.892,-1.4248164710935551,-1.7181374622219021,-2.6391015625,-2.45593
11.897,-1.4248164710935551,-1.7195003362557806,-2.645,-2.45941
11.901,-1.4266537586126962,-1.7207082346470113,-2.6505273437500003,-2.4626099999999997
11.906,-1.428031724252051,-1.7219024587168317,-2.6559765625000002,-2.46555
11.91,-1.4289503680116216,-1.723096682786652,-2.6613476562500002,-2.46863
11.914,-1.4307876555307626,-1.7243091392850207,-2.6665234375,-2.47171
11.919,-1.4307876555307626,-1.7254851309262929,-2.67166015625,-2.47482
11.923,-1.431706299290333,-1.7266428901390185,-2.67654296875,-2.47791
11.927,-1.4335435868094741,-1.727800649351746,-2.6820507812500005,-2.481
11.933,-1.4340029086892585,-1.7291361747428056,-2.68740234375,-2.48454
11.937,-1.4358401962083995,-1.7304170028482222,-2.69283203125,-2.48807
11.943,-1.4372181618477544,-1.7317798768821024,-2.6979687500000002,-2.4916
11.948,-1.4376774837275406,-1.7331108441660223,-2.70302734375,-2.49527
11.953,-1.4390554493668954,-1.734405346592851,-2.70806640625,-2.49882
11.958,-1.4408927368860365,-1.7357271976625004,-2.712734375,-2.5025
11.963,-1.4413520587658208,-1.7369761190179602,-2.7173046875,-2.50591
11.968,-1.4427300244051757,-1.738229598480558,-2.72208984375,-2.50948
11.973,-1.4436486681647462,-1.739537775228797,-2.726640625,-2.5131799999999997
11.978,-1.4445673119243168,-1.740800370905669,-2.7310742187500003,-2.51688
11.983,-1.4459452775636716,-1.7420538503682668,-2.735546875,-2.52059
11.988,-1.4468639213232422,-1.7433255622594093,-2.7398046875,-2.52431
11.993,-1.4487012088423832,-1.744569925507733,-2.7439257812499998,-2.5278899999999997
11.999,-1.4496198526019537,-1.7458325211846049,-2.748125,-2.5316099999999997
12.004,-1.450079174481738,-1.7470586520043838,-2.7521289062500003,-2.53531
12.009,-1.451916462000879,-1.7483258057883901,-2.75619140625,-2.5389999999999997
12.014,-1.4523757838806652,-1.7495109136439364,-2.7595312499999998,-2.54254
12.018,-1.4532944276402358,-1.7505273715354264,-2.7628320312500003,-2.54563
12.023,-1.4546723932795906,-1.7515483875340507,-2.766015625,-2.54873
12.027,-1.455131715159375,-1.7525557292112648,-2.7692968749999998,-2.55183
12.032,-1.456969002678516,-1.7535858614241633,-2.7724609375,-2.55492
12.036,-1.456969002678516,-1.7546114355299256,-2.77556640625,-2.55816
12.04,-1.4578876464380865,-1.755591428564319,-2.7790039062500003,-2.56109
12.045,-1.4578876464380865,-1.7566625837414485,-2.7823046875,-2.56459
12.05,-1.460184255837012,-1.7577291808114417,-2.7858984374999998,-2.5679499999999997
12.055,-1.460643577716798,-1.758877823809895,-2.78962890625,-2.5716
12.061,-1.4629401871157235,-1.7600766059868516,-2.79337890625,-2.57537
12.066,-1.463858830875294,-1.7613528759851338,-2.79697265625,-2.5793
12.072,-1.4643181527550784,-1.762528867626406,-2.8004101562500003,-2.58295
12.077,-1.465696118394435,-1.7636410457677645,-2.80380859375,-2.58659
12.082,-1.4666147621540038,-1.7647532239091248,-2.8067968750000003,-2.59008
12.086,-1.4679927277933604,-1.765728658836382,-2.80966796875,-2.59328
12.091,-1.4684520496731448,-1.7666813032279567,-2.81298828125,-2.5962199999999998
12.096,-1.468911371552931,-1.7677798070479067,-2.8162109375,-2.59983
12.101,-1.4702893371922858,-1.768796264939395,-2.8195507812500002,-2.60318
12.106,-1.4707486590720702,-1.7698719782236605,-2.8228320312500004,-2.60677
12.111,-1.4721266247114269,-1.7709112266508313,-2.82626953125,-2.61023
12.116,-1.4735045903507817,-1.772032521006464,-2.829140625,-2.61396
12.12,-1.4744232341103523,-1.7729623748623542,-2.83201171875,-2.61699
12.125,-1.4739639122305679,-1.773837531432605,-2.8348828125,-2.61989
12.129,-1.4758011997497071,-1.774726362324266,-2.83771484375,-2.62291
12.133,-1.4767198435092777,-1.7756288675373355,-2.8405664062500002,-2.62593
12.138,-1.4771791653890638,-1.776526814643269,-2.8433984375000003,-2.62894
12.142,-1.4785571310284187,-1.777420203642066,-2.8465625000000006,-2.63209
12.147,-1.479016452908203,-1.778427545319282,-2.849921875,-2.63549
12.152,-1.4799350966677736,-1.7794576775321786,-2.8531445312500003,-2.6389
12.157,-1.4803944185475597,-1.7804148800308912,-2.8563671875,-2.6422999999999996
12.162,-1.482231706066699,-1.7813811987438744,-2.859609375,-2.64539
12.167,-1.482691027946485,-1.782370307992542,-2.8628125,-2.64891
12.172,-1.48406899358584,-1.783345742919801,-2.8658984375,-2.65229
12.177,-1.48406899358584,-1.7842528062400067,-2.86880859375,-2.6553899999999997
12.181,-1.485906281104981,-1.785118846595985,-2.8717382812500003,-2.65833
12.185,-1.4854469592251967,-1.7859666545234152,-2.87470703125,-2.66127
12.19,-1.4863656029847654,-1.786787113808023,-2.8776171875,-2.6642
12.194,-1.487284246744336,-1.7875984568783583,-2.8805859375000002,-2.667
12.198,-1.4882028905039064,-1.788437148591516,-2.8836718749999997,-2.6700299999999997
12.203,-1.489580856143263,-1.7892940727332185,-2.886640625,-2.6729399999999996
12.207,-1.489121534263477,-1.790114532017828,-2.88974609375,-2.67585
12.212,-1.4914181436624023,-1.7909395494095754,-2.89310546875,-2.67877
12.216,-1.490958821782618,-1.7918602870511897,-2.89662109375,-2.68193
12.221,-1.4918774655421885,-1.7927491179428507,-2.9001367187500002,-2.68511
12.226,-1.4932554311815434,-1.7936516231559203,-2.90369140625,-2.68841
12.231,-1.4941740749411139,-1.7945450121547193,-2.9073632812500003,-2.69157
12.236,-1.492796109301759,-1.795406494403558,-2.909609375,-2.69486
12.241,-1.492796109301759,-1.7961130010097506,-2.91044921875,-2.69745
12.245,-1.4918774655421885,-1.7967329035803434,-2.91048828125,-2.69939
12.249,-1.4918774655421885,-1.7972844345438865,-2.9097851562500003,-2.70098
12.254,-1.490958821782618,-1.7977812682217884,-2.90859375,-2.70206
12.258,-1.489580856143263,-1.7981960559712302,-2.90693359375,-2.70267
12.262,-1.489580856143263,-1.7985561464350308,-2.90482421875,-2.70277
12.267,-1.4886622123836926,-1.798898004470285,-2.9021484374999997,-2.7024
12.272,-1.487743568624122,-1.7991897233270358,-2.89931640625,-2.70124
12.277,-1.487743568624122,-1.7994313030052798,-2.8959375,-2.6995199999999997
12.283,-1.4863656029847654,-1.7996318597192964,-2.8928710937499997,-2.69685
12.288,-1.4849876373454105,-1.7997184637548944,-2.88962890625,-2.69369
12.293,-1.4836096717060556,-1.7997139056477582,-2.88623046875,-2.69063
12.299,-1.4836096717060556,-1.7996637664692532,-2.8829296875000003,-2.68721
12.304,-1.482691027946485,-1.7995953948622034,-2.8797265624999997,-2.68395
12.309,-1.4813130623071302,-1.7994586516481021,-2.87638671875,-2.6809
12.314,-1.480853740427344,-1.7992717692554958,-2.8731640625000003,-2.67761
12.319,-1.479016452908203,-1.79903018957725,-2.86984375,-2.67439
12.324,-1.479016452908203,-1.7987384707204992,-2.86669921875,-2.6710599999999998
12.329,-1.4780978091486343,-1.798437635649476,-2.86337890625,-2.66774
12.334,-1.4767198435092777,-1.7981003357213599,-2.8602734375000005,-2.66456
12.339,-1.4762605216294933,-1.797722012829011,-2.8570117187500004,-2.66136
12.344,-1.4753418778699228,-1.7973117831867071,-2.8535546875,-2.6580399999999997
12.35,-1.4744232341103523,-1.796846856258762,-2.85068359375,-2.6546
12.354,-1.4739639122305679,-1.7964503009378685,-2.84794921875,-2.6516599999999997
12.359,-1.4725859465912112,-1.7960355131884267,-2.845234375,-2.64883
12.363,-1.4716673028316407,-1.7955842605818901,-2.8425000000000002,-2.64613
12.367,-1.4707486590720702,-1.7951011012253968,-2.83984375,-2.6433299999999997
12.372,-1.4698300153125015,-1.794604267547495,-2.8371093750000003,-2.64052
12.376,-1.4702893371922858,-1.7941211081910033,-2.8337304687500002,-2.63769
12.382,-1.4684520496731448,-1.7934738569775899,-2.8305859375,-2.6339699999999997
12.387,-1.46707408403379,-1.7928585125141332,-2.82755859375,-2.63077
12.392,-1.4666147621540038,-1.7922294937292644,-2.8244531250000002,-2.62768
12.397,-1.465696118394435,-1.7915685681944407,-2.8213671875,-2.62432
12.402,-1.463858830875294,-1.7908894102310704,-2.81826171875,-2.62121
12.407,-1.4633995089955079,-1.7901646711963313,-2.81521484375,-2.61786
12.412,-1.4629401871157235,-1.7894809551258248,-2.8121289062500003,-2.6147799999999997
12.417,-1.4615622214763686,-1.788769890412496,-2.809140625,-2.61153
12.421,-1.460643577716798,-1.7880679419134413,-2.8064648437499997,-2.60844
12.426,-1.460184255837012,-1.7874343650214364,-2.80373046875,-2.60574
12.43,-1.4592656120774414,-1.786787113808023,-2.801015625,-2.6029
12.434,-1.458346968317871,-1.7861353044874733,-2.798203125,-2.6001399999999997
12.439,-1.458346968317871,-1.7854834951669218,-2.79546875,-2.59728
12.443,-1.4574283245583022,-1.7848362439535066,-2.7926953125000002,-2.59442
12.447,-1.4555910370391612,-1.7841570859901363,-2.78994140625,-2.59156
12.452,-1.455131715159375,-1.7834642537053558,-2.78712890625,-2.5888
12.456,-1.4546723932795906,-1.7827805376348476,-2.7842578125,-2.5859199999999998
12.46,-1.4528351057604496,-1.7820557986001084,-2.7812304687500005,-2.58304
12.465,-1.4532944276402358,-1.7813173852439608,-2.77830078125,-2.5800199999999998
12.469,-1.4514571401210947,-1.7806017624234958,-2.77490234375,-2.5772399999999998
12.474,-1.4505384963615242,-1.779726605853245,-2.77140625,-2.5738
12.479,-1.4496198526019537,-1.7788560073901323,-2.7680078125,-2.57035
12.484,-1.4482418869625988,-1.7779854089270195,-2.76453125,-2.5670599999999997
12.489,-1.4473232432030283,-1.7771148104639067,-2.76091796875,-2.56388
12.494,-1.4468639213232422,-1.7762259795722457,-2.7575585937500002,-2.5604199999999997
12.499,-1.4454859556838873,-1.7754146365019103,-2.7537890625000006,-2.55749
12.504,-1.4441079900445324,-1.774466550217472,-2.75,-2.5539
12.509,-1.4436486681647462,-1.7735549287901282,-2.7461328125,-2.55055
12.514,-1.4422707025253914,-1.772625074934238,-2.74212890625,-2.54719
12.519,-1.4413520587658208,-1.7716815467569376,-2.7381054687499997,-2.54373
12.525,-1.4395147712466798,-1.7706969956154062,-2.73404296875,-2.54021
12.53,-1.438136805607325,-1.7697033282596024,-2.7300390625,-2.53686
12.535,-1.4376774837275406,-1.7687324514394795,-2.7257421875000003,-2.5335
12.54,-1.4358401962083995,-1.7677296678694017,-2.7213476562500003,-2.52996
12.545,-1.4344622305690429,-1.7666858613350929,-2.7174023437500003,-2.52658
12.549,-1.4340029086892585,-1.7657560074792027,-2.7132421875,-2.52346
12.554,-1.433084264929688,-1.7648033630876299,-2.70908203125,-2.52033
12.559,-1.431706299290333,-1.763873509231738,-2.70404296875,-2.51719
12.564,-1.4303283336509764,-1.7627430986618329,-2.6989062500000003,-2.5133799999999997
12.569,-1.4294096898914077,-1.7616354786276087,-2.69349609375,-2.50982
12.575,-1.4284910461318372,-1.7605187423791122,-2.688046875,-2.50612
12.58,-1.4271130804924805,-1.7594111223448898,-2.68302734375,-2.50241
12.585,-1.4248164710935551,-1.75841289688195,-2.6781640625,-2.49924
12.589,-1.4257351148531257,-1.7574739268117856,-2.67310546875,-2.4960899999999997
12.594,-1.4243571492137708,-1.7565486310630316,-2.667734375,-2.4929099999999997
12.599,-1.4220605398148436,-1.7555458474929537,-2.6610546875,-2.4897299999999998
12.604,-1.4211418960552749,-1.7543151585660386,-2.65453125,-2.48588
12.609,-1.4193046085361338,-1.7531482831390388,-2.6470507812500004,-2.48228
12.615,-1.4179266428967772,-1.751808199640843,-2.63994140625,-2.47812
12.621,-1.4165486772574223,-1.7505820688210658,-2.63310546875,-2.47438
12.626,-1.4156300334978518,-1.7493924028583834,-2.6256640625000003,-2.47077
12.632,-1.4142520678584969,-1.7481024585386908,-2.61990234375,-2.46676
12.636,-1.412874102219142,-1.7470860006472027,-2.61384765625,-2.46372
12.641,-1.4119554584595715,-1.7459510319701597,-2.60771484375,-2.46026
12.646,-1.4105774928202148,-1.7447887146502978,-2.60248046875,-2.45681
12.651,-1.4087402053010756,-1.7437631405445355,-2.59755859375,-2.45377
12.655,-1.4082808834212894,-1.7427284502245008,-2.5922265625,-2.4507399999999997
12.66,-1.4069029177819345,-1.741598039654594,-2.58755859375,-2.44742
12.664,-1.405984274022364,-1.740581581763104,-2.5830078125000004,-2.4443799999999998
12.668,-1.4050656302627935,-1.7395560076573435,-2.5785546875,-2.44136
12.673,-1.4032283427436525,-1.7385122011230347,-2.5739062500000003,-2.4383299999999997
12.678,-1.4018503771042976,-1.737345325696035,-2.56935546875,-2.4350199999999997
12.683,-1.4004724114649427,-1.7361511016262146,-2.56443359375,-2.43171
12.688,-1.399094445825586,-1.734824692449429,-2.5598828124999997,-2.42798
12.693,-1.3977164801862312,-1.733562096772559,-2.55552734375,-2.42453
12.698,-1.3967978364266607,-1.732308617309961,-2.5515625,-2.42094
12.703,-1.3949605489075196,-1.731118951347277,-2.5476953124999997,-2.41765
12.708,-1.3940419051479491,-1.72990649484891,-2.5437499999999997,-2.41434
12.713,-1.3922046176288099,-1.7286347829577657,-2.54013671875,-2.41091
12.717,-1.3912859738692394,-1.727426884566535,-2.53677734375,-2.40762
12.722,-1.3894486863500983,-1.7262736834609438,-2.5336132812499996,-2.40459
12.726,-1.3880707207107434,-1.7251387147839026,-2.5298632812500004,-2.4015899999999997
12.732,-1.3862334331916024,-1.7236573299644693,-2.5261132812500002,-2.39777
12.737,-1.3848554675522475,-1.7222352005378117,-2.52248046875,-2.3941
12.742,-1.3830181800331065,-1.720781164361199,-2.51919921875,-2.39045
12.748,-1.3816402143937498,-1.7193818254702258,-2.51619140625,-2.38705
12.752,-1.380262248754395,-1.7181648108647227,-2.5134960937499997,-2.38393
12.756,-1.3798029268746106,-1.7170024935448591,-2.51076171875,-2.38108
12.761,-1.377046995595899,-1.7157945951536284,-2.50775390625,-2.37811
12.766,-1.377046995595899,-1.7144134886912017,-2.5048046875,-2.37459
12.771,-1.375209708076758,-1.7130779633001456,-2.50208984375,-2.37122
12.775,-1.3738317424374031,-1.711829041944684,-2.4995703125000004,-2.36827
12.78,-1.371994454918262,-1.7106165854463171,-2.4971289062500004,-2.36533
12.784,-1.3706164892789072,-1.70939045462654,-2.49466796875,-2.36238
12.788,-1.3692385236395506,-1.7081415332710783,-2.4922265625,-2.3594299999999997
12.793,-1.3669419142406252,-1.7068515889513858,-2.4898632812500003,-2.35648
12.797,-1.3669419142406252,-1.7055935513816518,-2.48720703125,-2.35355
12.802,-1.3641859829619154,-1.7041531895264495,-2.48447265625,-2.3502099999999997
12.807,-1.3628080173225587,-1.7026353398499214,-2.4819140625,-2.34688
12.812,-1.3614300516832039,-1.7011721874590346,-2.4793359375,-2.3435699999999997
12.817,-1.3595927641640628,-1.699713593175284,-2.4766601562500004,-2.34028
12.822,-1.3577554766449218,-1.6981547205345269,-2.4741796875,-2.33684
12.828,-1.356377511005567,-1.696604964108042,-2.47169921875,-2.33352
12.833,-1.3536215797268554,-1.6950688820029676,-2.4692773437500004,-2.33024
12.837,-1.3527029359672866,-1.693541916112169,-2.46685546875,-2.32695
12.842,-1.3508656484481456,-1.6919921596856824,-2.4644531250000004,-2.3236499999999998
12.848,-1.349487682808789,-1.6904104965092408,-2.4619531250000004,-2.32024
12.853,-1.346272429650293,-1.688815159011389,-2.45974609375,-2.31697
12.857,-1.3448944640109382,-1.6873383322990936,-2.45751953125,-2.3140799999999997
12.862,-1.3439758202513676,-1.6858660636939344,-2.455078125,-2.31105
12.867,-1.3421385327322266,-1.6842388194461257,-2.4526953125,-2.30776
12.872,-1.3407605670928717,-1.6826298076268618,-2.4503320312500003,-2.3043299999999998
12.877,-1.3384639576939463,-1.6810527025575581,-2.44814453125,-2.30117
12.881,-1.336167348295021,-1.6795622015238507,-2.4460546875,-2.29827
12.885,-1.3347893826556643,-1.6780944910258295,-2.4439453125,-2.2953799999999998
12.89,-1.3329520951365232,-1.6766131062063945,-2.441875,-2.29247
12.894,-1.331114807617384,-1.675118047065551,-2.43974609375,-2.28958
12.898,-1.329277520098243,-1.673604755496159,-2.4376171875,-2.28681
12.903,-1.327440232579102,-1.6720367666411295,-2.4354296875,-2.28377
12.907,-1.325602945059961,-1.6704642196789603,-2.433046875,-2.2808699999999997
12.912,-1.3233063356610355,-1.6686819997885038,-2.43087890625,-2.27758
12.917,-1.32100972626211,-1.667045639326421,-2.42859375,-2.27468
12.921,-1.3196317606227552,-1.6653181167216058,-2.4263281250000004,-2.27153
12.926,-1.3177944731036142,-1.6636133846524732,-2.4238281250000004,-2.26852
12.931,-1.3159571855844732,-1.6617627931549652,-2.4216015625000002,-2.26524
12.936,-1.3145792199451183,-1.6600945259429256,-2.419375,-2.26224
12.94,-1.3109046449068362,-1.6584125844094775,-2.4171875000000003,-2.25924
12.945,-1.3099860011472657,-1.6567124104474793,-2.4148046875,-2.25637
12.949,-1.307230069868556,-1.654898283807066,-2.4125,-2.25326
12.954,-1.3044741385898444,-1.6530613666309684,-2.4101171875,-2.25028
12.959,-1.3030961729504895,-1.651187984597776,-2.407734375,-2.24703
12.964,-1.300340241671778,-1.6493054863503112,-2.4051953125,-2.2441899999999997
12.968,-1.2980436322728526,-1.6473409421743863,-2.4026953125,-2.24109
12.973,-1.2962063447537115,-1.6453308169270944,-2.4001953125,-2.23787
12.978,-1.2929910915952156,-1.6433753889654419,-2.3976562500000003,-2.23477
12.983,-1.2911538040760746,-1.6413470312896017,-2.3951171875,-2.23155
12.987,-1.2888571946771492,-1.6393733708994027,-2.3926171875,-2.2287
12.992,-1.2865605852782238,-1.637408826723476,-2.38982421875,-2.2256
12.997,-1.2842639758792966,-1.635175354226483,-2.38716796875,-2.22214
13.002,-1.2815080446005869,-1.6331059735864137,-2.38462890625,-2.2190399999999997
13.007,-1.2792114352016615,-1.631145987517625,-2.3821484375,-2.21622
13.011,-1.2773741476825204,-1.6292361406273397,-2.3796875,-2.21341
13.015,-1.275077538283595,-1.6273217356299163,-2.37705078125,-2.2105799999999998
13.02,-1.2727809288846679,-1.6252888198469417,-2.3744921875,-2.20777
13.024,-1.270024997605958,-1.6233379499924254,-2.37138671875,-2.20496
13.029,-1.2668097444474622,-1.620926711317102,-2.3683593750000003,-2.2016299999999998
13.034,-1.264513135048535,-1.6186476577487419,-2.3653125,-2.19845
13.039,-1.2617572037698253,-1.6163686041803818,-2.3621484375,-2.19541
13.044,-1.2590012724911137,-1.6139163425408274,-2.3588671875,-2.19211
13.049,-1.2557860193326178,-1.6115825916868278,-2.3555273437500004,-2.18905
13.054,-1.2530300880539063,-1.6090984232973167,-2.35216796875,-2.18587
13.059,-1.251192800534767,-1.6067509981219068,-2.3483984375,-2.18267
13.064,-1.2479775473762693,-1.6041255284111564,-2.3448046875,-2.17922
13.07,-1.244302972337989,-1.6016231275930988,-2.3411132812499997,-2.1760099999999998
13.074,-1.2420063629390636,-1.5991663078464047,-2.3377734375,-2.17294
13.079,-1.2397097535401382,-1.5969601839922358,-2.3342578125,-2.17012
13.083,-1.2369538222614267,-1.5946628979953275,-2.330390625,-2.16715
13.088,-1.2332792472231446,-1.592165055284406,-2.32599609375,-2.16406
13.094,-1.2305233159444349,-1.5893754937167337,-2.321875,-2.16058
13.098,-1.2268487409061528,-1.5868092793987625,-2.3175000000000003,-2.15748
13.103,-1.223633487747657,-1.5840652989024573,-2.313125,-2.15414
13.109,-1.2208775564689454,-1.5813349927275624,-2.30884765625,-2.15094
13.113,-1.217202981430665,-1.5786502676240346,-2.3049609375,-2.1477399999999998
13.118,-1.2144470501519535,-1.5761706573416596,-2.30115234375,-2.14492
13.122,-1.211691118873242,-1.5737366281306517,-2.2973828125,-2.14209
13.127,-1.2089351875945322,-1.571229669205458,-2.2936328125,-2.13927
13.131,-1.2052606125562502,-1.5687272683873985,-2.2899609375,-2.13646
13.135,-1.2025046812775404,-1.56618384460511,-2.2862890625000003,-2.13363
13.14,-1.1992894281190445,-1.5635993978585887,-2.2823437500000003,-2.13081
13.145,-1.196533496840333,-1.5607095579339099,-2.27845703125,-2.12761
13.15,-1.193318243681837,-1.5578333923306413,-2.2745703125,-2.12452
13.155,-1.189643668643555,-1.5548979713345936,-2.27078125,-2.12131
13.159,-1.1859690936052747,-1.5519990151956407,-2.266875,-2.11822
13.165,-1.1822945185669926,-1.5488675955927143,-2.263125,-2.11488
13.17,-1.1786199435287124,-1.5457771989540205,-2.25939453125,-2.1116699999999997
13.175,-1.1754046903702147,-1.5426275469225477,-2.25572265625,-2.10847
13.18,-1.1717301153319344,-1.5395006854267574,-2.2520507812500004,-2.10527
13.185,-1.167596218413868,-1.5363008942167813,-2.24853515625,-2.10195
13.19,-1.164380965255372,-1.5331421259710343,-2.24501953125,-2.09889
13.195,-1.1611657120968761,-1.5299013117968272,-2.24146484375,-2.09557
13.2,-1.1565724932990236,-1.5266240327655272,-2.23779296875,-2.09237
13.205,-1.1528979182607433,-1.5231006159488434,-2.23451171875,-2.08892
13.21,-1.1501419869820317,-1.5199281733816878,-2.23119140625,-2.08584
13.215,-1.1450894463043948,-1.5166691267789343,-2.228125,-2.08264
13.219,-1.142333515025685,-1.5136562179615627,-2.2251953125000004,-2.07982
13.224,-1.1391182618671873,-1.5106934483226944,-2.2223046875,-2.07698
13.228,-1.135443686828907,-1.5077580273266484,-2.2194140625,-2.07414
13.232,-1.1326877555501955,-1.5048089320091904,-2.2165625,-2.07129
13.237,-1.128553858632129,-1.5018188137275033,-2.2137109375,-2.06857
13.241,-1.1257979273534193,-1.4987876724815852,-2.2105859375,-2.0657
13.246,-1.1221233523151373,-1.4953098367362685,-2.2071875,-2.06234
13.251,-1.1175301335172865,-1.4916724672411679,-2.2039453125,-2.05898
13.257,-1.11339623659922,-1.48805788828175,-2.2004492187499998,-2.0557499999999997
13.262,-1.109721661560938,-1.4842564269297256,-2.19751953125,-2.05226
13.266,-1.1055877646428716,-1.4810247289697926,-2.1947265625,-2.04929
13.271,-1.1019131896045913,-1.4778477282954992,-2.1919921875,-2.04645
13.275,-1.0986979364460936,-1.4747026343711642,-2.1890234375,-2.0436199999999998
13.28,-1.0945640395280272,-1.4710789391974721,-2.1858007812499998,-2.04054
13.285,-1.0908894644897469,-1.46745524402378,-2.1827539062500003,-2.03734
13.29,-1.0867555675716805,-1.463890804242867,-2.17921875,-2.03415
13.296,-1.082621670653614,-1.4596699970342666,-2.1760546875,-2.03056
13.301,-1.0784877737355476,-1.4559688140392488,-2.17267578125,-2.02736
13.306,-1.0738945549376968,-1.4519120986875702,-2.16939453125,-2.0239
13.311,-1.0697606580196304,-1.4479328711572155,-2.16599609375,-2.0204299999999997
13.317,-1.0651674392217778,-1.4439627598411313,-2.1631640625000004,-2.0171
13.321,-1.0624115079430663,-1.4406672483812848,-2.1604296875,-2.01427
13.325,-1.058736932904786,-1.4373899693499848,-2.15763671875,-2.01145
13.33,-1.05552167974629,-1.4340579930330417,-2.15482421875,-2.00862
13.334,-1.051847104708008,-1.430757923466059,-2.1520703125000002,-2.00578
13.338,-1.0481725296697277,-1.4274943187561675,-2.14923828125,-2.00293
13.343,-1.0444979546314457,-1.4241167613678591,-2.1460546875,-2.00008
13.348,-1.0399047358335949,-1.4202104635516921,-2.1422460937500003,-1.9968299999999999
13.354,-1.0357708389155285,-1.4157663090933905,-2.13857421875,-1.99305
13.359,-1.0311776201176759,-1.4114452235277817,-2.13470703125,-1.98938
13.365,-1.0256657575602546,-1.4069782785337956,-2.13126953125,-1.9855699999999998
13.37,-1.0219911825219725,-1.4031084455747234,-2.1282421875,-1.9824199999999998
13.374,-1.0183166074836922,-1.399639726043679,-2.1251171875,-1.9793699999999999
13.379,-1.0155606762049807,-1.3961436578698159,-2.1212500000000003,-1.9764599999999999
13.385,-1.0105081355273438,-1.3917542006971573,-2.1174218750000002,-1.97274
13.39,-1.005914916729493,-1.3875288353814188,-2.113125,-1.96914
13.396,-1.0013216979316404,-1.3827975201735043,-2.10892578125,-1.9651299999999998
13.402,-0.9971878010135757,-1.3784308535365284,-2.10486328125,-1.9613699999999998
13.407,-0.9925945822157232,-1.3742373949707467,-2.100703125,-1.9577499999999999
13.412,-0.9889200071774429,-1.370002913440734,-2.0966796875000004,-1.95414
13.418,-0.9857047540189452,-1.365927965660509,-2.09220703125,-1.95051
13.423,-0.9811115352210944,-1.361588647666352,-2.0882421875,-1.94675
13.428,-0.976977638303028,-1.3578464417071068,-2.0847656249999997,-1.9435399999999998
13.432,-0.9742217070243164,-1.354528139711574,-2.0812109375000003,-1.94058
13.437,-0.9714657757456067,-1.3511916052874948,-2.07759765625,-1.9376099999999998
13.441,-0.9673318788275402,-1.3478550708634174,-2.0738671875,-1.9347999999999999
13.446,-0.9641166256690443,-1.3444729553679728,-2.0701171874999997,-1.93173
13.45,-0.9613606943903328,-1.34115465337244,-2.06623046875,-1.92892
13.454,-0.9586047631116212,-1.3378363513769091,-2.06234375,-1.92597
13.459,-0.9544708661935548,-1.3344998169528317,-2.05755859375,-1.92302
13.464,-0.9507962911552745,-1.3304932407796564,-2.0526171875,-1.91942
13.469,-0.9475810379967786,-1.3265048970350275,-2.047578125,-1.9159499999999998
13.474,-0.9443657848382827,-1.322616831647407,-2.04322265625,-1.91249
13.479,-0.9406912098000006,-1.3193441107232413,-2.0387695312500003,-1.90956
13.483,-0.9379352785212891,-1.316139761406129,-2.0343359375000003,-1.90661
13.488,-0.9356386691223637,-1.3129627607318355,-2.029765625,-1.9036799999999998
13.492,-0.9319640940840834,-1.30979031816468,-2.0249414062500004,-1.90088
13.496,-0.9292081628053719,-1.306544945883335,-2.0200585937500004,-1.89783
13.501,-0.9255335877670898,-1.303354270887633,-2.015078125,-1.8949099999999999
13.505,-0.9236963002479506,-1.3001955026418859,-2.0099218750000003,-1.8919899999999998
13.509,-0.9204810470894529,-1.2970731992532336,-2.00474609375,-1.8890799999999999
13.514,-0.9181844376905275,-1.2940147093644967,-1.9991796875,-1.88628
13.519,-0.9154285064118177,-1.290705523583238,-1.99369140625,-1.88309
13.523,-0.9122132532533218,-1.287587778301722,-1.9879101562500001,-1.88017
13.528,-0.9094573219746103,-1.2841874303777292,-1.98263671875,-1.87699
13.532,-0.9067013906958987,-1.2811973120960438,-1.9768359375,-1.8740599999999998
13.537,-0.9048641031767577,-1.2778197547077337,-1.97119140625,-1.8707399999999998
13.542,-0.9016488500182618,-1.2744057324623324,-1.965546875,-1.8673
13.547,-0.8984335968597659,-1.2710874304668014,-1.9603125,-1.86397
13.552,-0.89521834370127,-1.2678648487211408,-1.9552734375,-1.8607799999999999
13.557,-0.8924624124225584,-1.2645784534755649,-1.9500585937500001,-1.8574799999999998
13.562,-0.8892471592640625,-1.2612373609443512,-1.944921875,-1.85402
13.567,-0.8855725842257822,-1.2578233386989481,-1.9400781250000003,-1.85056
13.573,-0.8828166529470707,-1.254454897524914,-1.9354101562500001,-1.84724
13.578,-0.8805200435481453,-1.2511912928150224,-1.9309375000000002,-1.84378
13.583,-0.8782234341492199,-1.2480598732120978,-1.92666015625,-1.84045
13.588,-0.875008180990724,-1.244905663073487,-1.92177734375,-1.83713
13.594,-0.8717929278322281,-1.2412272706141554,-1.91787109375,-1.8332799999999998
13.598,-0.869955640313087,-1.2382690590824268,-1.91416015625,-1.82995
13.603,-0.8676590309141616,-1.2353974515862927,-1.910078125,-1.82687
13.609,-0.8649030996354501,-1.23217942794777,-1.9061914062500003,-1.8232599999999999
13.614,-0.8616878464769542,-1.2290525664519798,-1.90259765625,-1.81965
13.619,-0.8593912370780288,-1.2260077508846514,-1.8987109375,-1.81616
13.624,-0.8566353057993172,-1.222885447496001,-1.89521484375,-1.81266
13.629,-0.8538793745206057,-1.2199090035357223,-1.8915234375,-1.80914
13.635,-0.8511234432418959,-1.2167274447542926,-1.8879687500000002,-1.8053499999999998
13.64,-0.8488268338429688,-1.213719094044059,-1.88470703125,-1.80168
13.646,-0.846070902564259,-1.210779114940875,-1.8814257812500002,-1.79816
13.651,-0.8437742931653318,-1.207912065551879,-1.87818359375,-1.7946199999999999
13.656,-0.8414776837664064,-1.2049948769843795,-1.87544921875,-1.79108
13.661,-0.8396403962472654,-1.2025608477733716,-1.8728710937500002,-1.78795
13.665,-0.8382624306079105,-1.2002362131336444,-1.87015625,-1.78494
13.67,-0.8364251430887695,-1.1978021839226365,-1.86755859375,-1.78166
13.674,-0.8336692118100597,-1.1953635966044924,-1.86498046875,-1.77853
13.679,-0.8318319242909187,-1.192997939000536,-1.8619531250000003,-1.77541
13.684,-0.8295353148919933,-1.1902038193257258,-1.85953125,-1.77175
13.689,-0.8272387054930679,-1.1879156495430934,-1.8565625,-1.76863
13.694,-0.8263200617334974,-1.185167110939652,-1.8541015625000001,-1.76483
13.699,-0.8240234523345702,-1.182942754656933,-1.8514453125,-1.7617099999999999
13.704,-0.8221861648154309,-1.1805041673387873,-1.8489062500000002,-1.7583199999999999
13.709,-0.8198895554165038,-1.1781339516276965,-1.84634765625,-1.75494
13.714,-0.8175929460175784,-1.1758047588808314,-1.8438476562500001,-1.75156
13.719,-0.8157556584984373,-1.1734983566696524,-1.84103515625,-1.7483199999999999
13.725,-0.8139183709792981,-1.170872886958902,-1.8385742187500003,-1.74454
13.729,-0.8116217615803709,-1.1686348563547728,-1.8362500000000002,-1.7411599999999998
13.734,-0.8107031178208022,-1.1664879878933778,-1.8340429687500002,-1.73792
13.739,-0.808406508421875,-1.1644459558961273,-1.83158203125,-1.73481
13.744,-0.8070285427825201,-1.1621805766491793,-1.82935546875,-1.7314399999999999
13.749,-0.8047319333835947,-1.1600975216876996,-1.8271484375,-1.7282099999999998
13.753,-0.8038132896240242,-1.1581193031903645,-1.82494140625,-1.72511
13.758,-0.8019760021048832,-1.1561547590144379,-1.8228906250000003,-1.72187
13.763,-0.8001387145857422,-1.1542357959098783,-1.82041015625,-1.7188999999999999
13.768,-0.7978421051868168,-1.1520479044842542,-1.8178515625,-1.7153999999999998
13.773,-0.7973827833070324,-1.1498326644158094,-1.8156250000000003,-1.71177
13.778,-0.795086173908107,-1.1478817945612914,-1.8131054687500001,-1.7083899999999999
13.783,-0.7941675301485365,-1.145766832849855,-1.810546875,-1.70488
13.789,-0.7914115988698249,-1.143629080602734,-1.8078710937500002,-1.70108
13.794,-0.7904929551102544,-1.1414594216056546,-1.8055859375,-1.69742
13.799,-0.788196345711329,-1.1396133882152846,-1.8031640625,-1.694
13.804,-0.786359058192188,-1.1375987048608565,-1.8009179687500003,-1.6904499999999998
13.809,-0.7854404144326175,-1.135802810648988,-1.7985937500000002,-1.68729
13.814,-0.7836031269134764,-1.133988684008573,-1.7962500000000001,-1.68387
13.819,-0.7822251612741216,-1.1321335344039287,-1.7940234375,-1.6804299999999999
13.824,-0.7808471956347667,-1.1304105699062497,-1.791640625,-1.6770999999999998
13.829,-0.7799285518751962,-1.1286465824443397,-1.788984375,-1.6736499999999999
13.834,-0.7776319424762708,-1.1266865963755492,-1.7866015625,-1.66977
13.839,-0.7767132987167003,-1.1249727480921443,-1.7840625,-1.6663
13.844,-0.7744166893177749,-1.1231312728089105,-1.78169921875,-1.66268
13.849,-0.7730387236784182,-1.1214538893825967,-1.7793359375000002,-1.6593499999999999
13.854,-0.7721200799188477,-1.1198585518847448,-1.7769921875,-1.65614
13.858,-0.7707421142794928,-1.1182951211368515,-1.7744921875,-1.6528
13.863,-0.7693641486401379,-1.116635970139086,-1.7718359375000001,-1.64932
13.868,-0.7675268611209969,-1.1149494704985,-1.76919921875,-1.64583
13.874,-0.7666082173614264,-1.11326752896505,-1.7663281250000002,-1.64234
13.879,-0.7647709298422853,-1.1114078212532696,-1.7633007812500001,-1.63827
13.885,-0.7633929642029305,-1.1097167635055456,-1.7601171875,-1.63461
13.891,-0.7615556766837894,-1.107806916615262,-1.75748046875,-1.63038
13.895,-0.7606370329242189,-1.1063984615100146,-1.75501953125,-1.62726
13.899,-0.7587997454050779,-1.1050127969404517,-1.7525585937500003,-1.62411
13.904,-0.7578811016455091,-1.103636248585163,-1.7498828125,-1.62094
13.909,-0.7565031360061525,-1.1021503056585935,-1.7471289062500002,-1.61747
13.913,-0.7560438141263681,-1.10073729244621,-1.7443554687500002,-1.6141299999999998
13.918,-0.7542065266072271,-1.099319721126692,-1.74099609375,-1.6106099999999999
13.924,-0.7528285609678722,-1.097587640414737,-1.7374218750000001,-1.6063399999999999
13.929,-0.7509912734487312,-1.0958236529528271,-1.7340039062500001,-1.60205
13.935,-0.7500726296891607,-1.0942009668121564,-1.7307421875000002,-1.5978999999999999
13.94,-0.7486946640498058,-1.0926876752427646,-1.7270312500000002,-1.59408
13.946,-0.7477760202902353,-1.0910011756021802,-1.72373046875,-1.58985
13.951,-0.7463980546508804,-1.089515232675609,-1.7202929687500002,-1.5859699999999999
13.957,-0.7450200890115237,-1.0880384059633137,-1.71671875,-1.58215
13.962,-0.7441014452519532,-1.0865251143939219,-1.71376953125,-1.57823
13.967,-0.7436421233721688,-1.0853810295026047,-1.7107812500000001,-1.57533
13.971,-0.742264157732814,-1.0842278283970153,-1.7068359375000002,-1.57233
13.977,-0.7404268702136729,-1.0826689557562563,-1.70357421875,-1.56842
13.981,-0.7399675483338868,-1.0815157546506686,-1.69962890625,-1.56534
13.987,-0.7385895826945319,-1.0800890671168748,-1.6952734375,-1.5615999999999999
13.993,-0.737211617055177,-1.078580333654621,-1.69169921875,-1.55775
13.997,-0.7362929732956065,-1.0774727136203985,-1.687890625,-1.5548199999999999
14.002,-0.735374329536036,-1.076273931443442,-1.68369140625,-1.5516199999999998
14.007,-0.7339963638966811,-1.0749931033380218,-1.67908203125,-1.5482799999999999
14.013,-0.7321590763775401,-1.07358009012564,-1.6747265625,-1.54453
14.018,-0.7326183982573244,-1.0723357268773164,-1.6701953125,-1.54103
14.023,-0.7312404326179696,-1.071054898771898,-1.6653906250000001,-1.53741
14.029,-0.7294031450988285,-1.0696920247380195,-1.66115234375,-1.5334999999999999
14.034,-0.7289438232190442,-1.0685433817395662,-1.6565625000000002,-1.5302699999999998
14.039,-0.7280251794594736,-1.0673126928126528,-1.6524414062500001,-1.52666
14.044,-0.7261878919403326,-1.0661549335999254,-1.648515625,-1.52328
14.049,-0.7248099263009777,-1.065038197351429,-1.6441015625,-1.5201799999999999
14.054,-0.7238912825414072,-1.0637254624960555,-1.6399804687500001,-1.51641
14.059,-0.7238912825414072,-1.0625813776047384,-1.63626953125,-1.51301
14.064,-0.7220539950222662,-1.061519338641883,-1.6325195312500003,-1.50976
14.069,-0.7215946731424818,-1.0604345091433434,-1.62806640625,-1.5065199999999999
14.075,-0.7197573856233408,-1.059117216180832,-1.6239453125,-1.50258
14.08,-0.7192980637435546,-1.0578728529325083,-1.6201757812500002,-1.49877
14.085,-0.7188387418637703,-1.056801697755379,-1.6162109375,-1.49538
14.091,-0.7170014543446293,-1.0556393804355153,-1.61244140625,-1.4916999999999998
14.096,-0.7165421324648449,-1.0545180860798826,-1.6089062500000002,-1.4881799999999998
14.101,-0.7156234887052744,-1.0534879538669841,-1.6054882812500002,-1.4847899999999998
14.106,-0.7142455230659195,-1.0524623797612218,-1.6023437500000002,-1.4815399999999999
14.11,-0.713326879306349,-1.0515188515839213,-1.5990234375,-1.4785599999999999
14.115,-0.7119489136669923,-1.0504750450496143,-1.5958398437500003,-1.4751699999999999
14.12,-0.7105709480276374,-1.049449470943852,-1.59244140625,-1.4720499999999999
14.125,-0.7110302699074218,-1.048396548195269,-1.5889453125,-1.4686599999999999
14.13,-0.7105709480276374,-1.0473436254466861,-1.5856640625000002,-1.4651399999999999
14.135,-0.708274338628712,-1.046336283769472,-1.58236328125,-1.46176
14.14,-0.7078150167489259,-1.0452970353423012,-1.5789257812500002,-1.45838
14.145,-0.7068963729893554,-1.0442213220580356,-1.57564453125,-1.45472
14.15,-0.7059777292297866,-1.0432094222736836,-1.57232421875,-1.45135
14.155,-0.70459976359043,-1.0421747319536472,-1.56921875,-1.4478199999999999
14.16,-0.7036811198308595,-1.0411901808121158,-1.5661328125000002,-1.4445899999999998
14.165,-0.7032217979510751,-1.0402329783134068,-1.5629882812500002,-1.44136
14.17,-0.7027624760712889,-1.0392575433861495,-1.5596679687500001,-1.4379899999999999
14.175,-0.7013845104319341,-1.0382502017089337,-1.5565234375,-1.4344799999999998
14.18,-0.7004658666723635,-1.0372793248888126,-1.5530859375000001,-1.43113
14.186,-0.699547222912793,-1.0362172859259555,-1.55,-1.42749
14.191,-0.6981692572734381,-1.0352600834272465,-1.5466015625000002,-1.42413
14.196,-0.6977099353936538,-1.0342117187858015,-1.5435156250000002,-1.4205199999999998
14.201,-0.6967912916340833,-1.0332818649299096,-1.5407421875,-1.41716
14.205,-0.6958726478745128,-1.0324294988953433,-1.5377148437500003,-1.4142099999999997
14.21,-0.6958726478745128,-1.0315178774679996,-1.5345312500000001,-1.41087
14.215,-0.6935760384755874,-1.0305834655049715,-1.5314843750000002,-1.4075199999999999
14.22,-0.6931167165958012,-1.0296353792205348,-1.5285156250000003,-1.4042999999999999
14.225,-0.6921980728362307,-1.028760222650284,-1.525625,-1.40123
14.229,-0.6917387509564463,-1.0278896241871713,-1.5224609375,-1.39817
14.234,-0.6903607853170897,-1.0269415379027347,-1.519296875,-1.39471
14.239,-0.6903607853170897,-1.0260025678325704,-1.51587890625,-1.3913799999999998
14.245,-0.6885234977979504,-1.025022574798177,-1.5128125000000001,-1.38781
14.25,-0.6871455321585938,-1.0240836047280109,-1.50982421875,-1.3846399999999999
14.255,-0.6880641759181643,-1.0231993319434896,-1.5066406250000002,-1.3814899999999999
14.259,-0.6862268883990232,-1.0223196172661027,-1.50333984375,-1.37821
14.265,-0.6853082446394545,-1.02136241476739,-1.5000390625000002,-1.3748099999999999
14.27,-0.6848489227596684,-1.0204416771257723,-1.496328125,-1.3714199999999999
14.275,-0.6834709571203135,-1.019425219234284,-1.4929882812500002,-1.3677799999999998
14.28,-0.6830116352405273,-1.0185272721283525,-1.4892773437500002,-1.3645299999999998
14.286,-0.6816336696011724,-1.0175153723440005,-1.48564453125,-1.36076
14.291,-0.6807150258416019,-1.0165718441667,-1.4819531250000002,-1.35736
14.297,-0.6802557039618176,-1.0156009673465771,-1.478203125,-1.35384
14.302,-0.6797963820820314,-1.014716694562054,-1.47419921875,-1.3504299999999998
14.308,-0.6779590945628904,-1.013745817741933,-1.47060546875,-1.34688
14.312,-0.6770404508033216,-1.0128888936002305,-1.4673046875000002,-1.3437299999999999
14.317,-0.6770404508033216,-1.0121048991727157,-1.4637109375000001,-1.3407
14.321,-0.6761218070437511,-1.0112981142095165,-1.46,-1.33765
14.326,-0.675662485163965,-1.010473096817769,-1.456484375,-1.3343399999999999
14.331,-0.6738251976448257,-1.0097073348188008,-1.4523046875,-1.33143
14.336,-0.6738251976448257,-1.008786597177183,-1.44796875,-1.32796
14.341,-0.6724472320054691,-1.0078749757498393,-1.44373046875,-1.32438
14.346,-0.6715285882458986,-1.0069998191795904,-1.4392773437500002,-1.32105
14.352,-0.670609944486328,-1.0060699653236984,-1.4348828125000002,-1.31745
14.357,-0.6701506226065437,-1.0052175992891321,-1.430078125,-1.31413
14.362,-0.6683133350874026,-1.0042649548975593,-1.4255078125000002,-1.31052
14.367,-0.6683133350874026,-1.003412588862993,-1.42078125,-1.3073199999999998
14.372,-0.6678540132076183,-1.002560222828425,-1.4161718749999999,-1.3038699999999999
14.377,-0.6660167256884773,-1.0017352054366793,-1.4111523437500002,-1.30069
14.382,-0.6660167256884773,-1.0008691650807027,-1.4058007812500002,-1.29737
14.387,-0.6646387600491224,-0.9999438693319487,-1.40033203125,-1.2938
14.393,-0.6637201162895519,-0.9990550384402894,-1.3948242187500002,-1.2903699999999998
14.398,-0.6632607944097657,-0.998193556191449,-1.38880859375,-1.28694
14.403,-0.6614235068906265,-0.9972500280141485,-1.38294921875,-1.2833899999999998
14.408,-0.6614235068906265,-0.9963748714438978,-1.3767578125,-1.2801
14.413,-0.6609641850108403,-0.9955270635164677,-1.3703515625000002,-1.2766899999999999
14.419,-0.6600455412512698,-0.9946792555890394,-1.3633789062500001,-1.27326
14.424,-0.6582082537321288,-0.9937630760545577,-1.3563671875,-1.2696999999999998
14.429,-0.6577489318523444,-0.9928423384129417,-1.3504492187500001,-1.26612
14.434,-0.65728960997256,-0.9920811345211096,-1.3443359375,-1.2630599999999998
14.439,-0.655452322453419,-0.9912378847008156,-1.33806640625,-1.2597399999999999
14.444,-0.655452322453419,-0.9903900767733873,-1.3323632812500001,-1.2565499999999998
14.448,-0.6545336786938485,-0.9896151985601449,-1.3268359375,-1.25335
14.453,-0.653615034934278,-0.9888312041326284,-1.3216406250000001,-1.25028
14.458,-0.6531557130544936,-0.9880654421336601,-1.3158203125,-1.2471999999999999
14.463,-0.6526963911747075,-0.9872085179919559,-1.310234375,-1.2437299999999998
14.468,-0.6517777474151369,-0.9863743843859378,-1.3047656250000002,-1.24026
14.473,-0.6508591036555664,-0.9855311345656439,-1.29974609375,-1.23679
14.478,-0.6494811380162115,-0.9846468617811208,-1.2950000000000002,-1.23319
14.483,-0.648562494256641,-0.983899332210699,-1.29080078125,-1.2302499999999998
14.487,-0.6481031723768567,-0.9831518026402772,-1.2859765625000001,-1.22731
14.493,-0.6476438504970705,-0.9822675298557524,-1.2815234375000002,-1.2237
14.498,-0.6462658848577156,-0.9814470705711447,-1.2771093750000002,-1.2204899999999999
14.503,-0.6448879192183608,-0.9805582396794836,-1.2728515625,-1.2170299999999998
14.508,-0.6444285973385746,-0.9796785250020985,-1.269296875,-1.2135699999999998
14.512,-0.6439692754587902,-0.978944669753087,-1.2658398437500002,-1.2106499999999998
14.517,-0.6439692754587902,-0.9782427212540306,-1.2625585937500001,-1.2077399999999998
14.521,-0.6425913098194336,-0.9775362146478397,-1.25935546875,-1.2048299999999998
14.525,-0.6425913098194336,-0.9768433823630591,-1.25623046875,-1.20207
14.53,-0.6412133441800787,-0.9761368757568682,-1.253125,-1.1991899999999998
14.534,-0.6407540223002943,-0.9754303691506756,-1.25017578125,-1.19632
14.538,-0.6398353785407238,-0.9747284206516209,-1.24724609375,-1.1936
14.543,-0.6393760566609377,-0.9740219140454283,-1.2442578125000001,-1.19076
14.547,-0.6393760566609377,-0.9733062912249633,-1.24111328125,-1.18779
14.552,-0.6379980910215828,-0.9725450873331329,-1.23822265625,-1.1846899999999998
14.557,-0.6375387691417966,-0.97182490640553,-1.2352148437500001,-1.18174
14.562,-0.6361608035024418,-0.9710454700851514,-1.23220703125,-1.1786499999999998
14.567,-0.6352421597428712,-0.9702250108005437,-1.22927734375,-1.1754499999999999
14.571,-0.6352421597428712,-0.9694501325872995,-1.2263476562500002,-1.17238
14.576,-0.6343235159833007,-0.9686706962669227,-1.2234765625000001,-1.16919
14.581,-0.6338641941035164,-0.9678867018394062,-1.2205273437500002,-1.1658399999999998
14.587,-0.6320269065843753,-0.9670388939119761,-1.21775390625,-1.1624999999999999
14.591,-0.631567584704591,-0.9662640156987354,-1.215234375,-1.15939
14.596,-0.631567584704591,-0.9655666253068151,-1.2125,-1.1564299999999998
14.601,-0.6297302971854499,-0.9647552822364798,-1.209921875,-1.15321
14.606,-0.6301896190652343,-0.9640168688803321,-1.2070312500000002,-1.1502499999999998
14.611,-0.628352331546095,-0.9631189217743987,-1.20408203125,-1.14638
14.617,-0.6278930096663089,-0.9622893462755151,-1.201640625,-1.1431499999999999
14.621,-0.6274336877865245,-0.9615463748122295,-1.1990039062500002,-1.13991
14.627,-0.6255964002673835,-0.9607167993133476,-1.19623046875,-1.13665
14.632,-0.6251370783875991,-0.9598689913859175,-1.19376953125,-1.13327
14.637,-0.6251370783875991,-0.9591123456012216,-1.1915039062500001,-1.13016
14.641,-0.6242184346280286,-0.9584149552093049,-1.1892187500000002,-1.12717
14.646,-0.622840468988672,-0.9576810999602934,-1.1869140625,-1.12405
14.651,-0.6223811471088876,-0.9569244541755975,-1.1844140625000001,-1.1210399999999998
14.656,-0.6219218252291014,-0.9561085529981241,-1.18138671875,-1.1176499999999998
14.662,-0.6205438595897466,-0.9551467923922772,-1.1787109375,-1.1136
14.667,-0.6191658939503917,-0.9542579615006179,-1.17642578125,-1.10994
14.672,-0.6191658939503917,-0.953537780573015,-1.174296875,-1.1069399999999998
14.676,-0.6182472501908212,-0.9528449482882344,-1.1719140625000002,-1.10408
14.681,-0.6168692845514663,-0.9520472795393076,-1.16931640625,-1.10081
14.687,-0.6159506407918958,-0.9511721229690586,-1.16673828125,-1.09741
14.692,-0.6159506407918958,-0.9503379893630388,-1.1643554687500002,-1.0939999999999999
14.697,-0.6150319970323253,-0.9495767854712067,-1.1622265625000001,-1.09086
14.701,-0.6145726751525391,-0.9488885112935623,-1.1597851562500001,-1.08798
14.706,-0.6131947095131842,-0.9481045168660476,-1.15693359375,-1.08472
14.712,-0.6127353876333999,-0.9471701049030194,-1.1543554687500002,-1.08079
14.717,-0.6118167438738293,-0.94634964561841,-1.1513671875,-1.0773799999999998
14.723,-0.6104387782344727,-0.9453742106911527,-1.14833984375,-1.07344
14.729,-0.6099794563546883,-0.9443942176567575,-1.1457812500000002,-1.0693799999999998
14.734,-0.6076828469557629,-0.9435555259436015,-1.1430078125,-1.06611
14.74,-0.6072235250759768,-0.9425709748020701,-1.1404882812500001,-1.0623299999999998
14.745,-0.6067642031961924,-0.9417915384816915,-1.1382617187500002,-1.05919
14.749,-0.6058455594366219,-0.9410622413398162,-1.1359375,-1.0563099999999999
14.754,-0.6058455594366219,-0.9403101536622565,-1.1334765625,-1.05315
14.759,-0.6049269156770514,-0.9395535078775623,-1.13123046875,-1.0499999999999998
14.763,-0.6040082719174809,-0.9388515593785076,-1.1287109375,-1.04712
14.768,-0.602630306278126,-0.9380356582010361,-1.1259765625,-1.04385
14.773,-0.6021709843983398,-0.9371650597379215,-1.1233007812500002,-1.04046
14.779,-0.6012523406387693,-0.9363081355962191,-1.1203515625,-1.03694
14.784,-0.6007930187589849,-0.9354284209188322,-1.11759765625,-1.03341
14.79,-0.5998743749994144,-0.9345897292056762,-1.1144140625,-1.02988
14.795,-0.5989557312398439,-0.9336507591355101,-1.1116015625000002,-1.02598
14.801,-0.5980370874802734,-0.9328029512080818,-1.1087500000000001,-1.0226199999999999
14.806,-0.5971184437207029,-0.9319551432806534,-1.1055859375000001,-1.0191299999999999
14.812,-0.5961997999611341,-0.9310480799604441,-1.10275390625,-1.01551
14.817,-0.5952811562015636,-0.9302640855329294,-1.09974609375,-1.01228
14.822,-0.5948218343217775,-0.9294071613912269,-1.0970312500000001,-1.0087899999999999
14.827,-0.593903190562207,-0.928686980463624,-1.0940234375000002,-1.00583
14.832,-0.5934438686824226,-0.9278665211790162,-1.09076171875,-1.0024899999999999
14.837,-0.5925252249228521,-0.9270415037872688,-1.0874023437500002,-0.9990299999999999
14.843,-0.5916065811632816,-0.9261891377527025,-1.08404296875,-0.9955699999999998
14.848,-0.5906879374037111,-0.9253550041466845,-1.08060546875,-0.9921
14.853,-0.5897692936441405,-0.9245254286478009,-1.0769140625000002,-0.98874
14.859,-0.5883913280047857,-0.9236320396490036,-1.07345703125,-0.9851299999999998
14.864,-0.5883913280047857,-0.9228252546858045,-1.0700976562500002,-0.9819199999999999
14.869,-0.5874726842452151,-0.9220640507939724,-1.0666210937500002,-0.9787199999999998
14.874,-0.5860947186058603,-0.9213028469021403,-1.0632226562500002,-0.97563
14.878,-0.5856353967260741,-0.9205553173317185,-1.0591210937500002,-0.97268
14.884,-0.5842574310867192,-0.9196573702257851,-1.05521484375,-0.96905
14.889,-0.5837981092069349,-0.9188277947269032,-1.0506250000000001,-0.96583
14.895,-0.5828794654473644,-0.9178933827638751,-1.04638671875,-0.9620899999999999
14.9,-0.5810421779282233,-0.9170364586221726,-1.0419140625,-0.95875
14.905,-0.5810421779282233,-0.9161658601590599,-1.037265625,-0.9553999999999998
14.911,-0.5801235341686528,-0.9152360063031679,-1.0324609375,-0.9516499999999999
14.916,-0.5792048904090823,-0.914397314590012,-1.0276171875000002,-0.94827
14.921,-0.5773676028899413,-0.913472018841258,-1.0229882812500002,-0.94461
14.927,-0.5769082810101569,-0.9125831879495987,-1.0184179687500001,-0.94122
14.932,-0.5769082810101569,-0.9116761246293894,-1.0137695312500001,-0.9376799999999998
14.937,-0.5759896372505864,-0.9108830139876023,-1.0085742187500002,-0.9342699999999999
14.943,-0.5746116716112315,-0.909893904738933,-1.00380859375,-0.9301899999999999
14.949,-0.5732337059718748,-0.9089139117045395,-0.9994726562499999,-0.9263599999999999
14.954,-0.5732337059718748,-0.9081208010627506,-0.9953906249999999,-0.9230399999999999
14.959,-0.57185574033252,-0.907286667456729,-0.991484375,-0.9197199999999999
14.964,-0.5713964184527356,-0.9065117892434884,-0.9877148437500001,-0.9165399999999999
14.969,-0.5704777746931651,-0.9057414691373822,-0.98392578125,-0.91337
14.974,-0.5695591309335946,-0.9049210098527727,-0.9804296874999999,-0.9100499999999998
14.978,-0.5681811652942397,-0.9041780383894871,-0.97642578125,-0.90713
14.984,-0.5672625215346692,-0.9032618588550072,-0.9727539062499999,-0.9035299999999999
14.989,-0.5672625215346692,-0.9024322833561254,-0.9684765624999999,-0.9001999999999999
14.995,-0.5658845558953125,-0.9014796389645507,-0.9642578125,-0.89632
15.0,-0.5645065902559576,-0.9004996459301555,-0.9601171875,-0.89245
15.006,-0.5640472683761732,-0.8995333272171724,-0.95646484375,-0.8885799999999999
15.011,-0.5631286246166027,-0.8986991936111508,-0.95291015625,-0.88523
15.016,-0.5617506589772461,-0.8978468275765863,-0.94978515625,-0.8817299999999999
15.021,-0.5612913370974617,-0.8970628331490715,-0.9462499999999999,-0.87863
15.026,-0.5608320152176756,-0.8961922346859552,-0.9424023437500001,-0.8751399999999998
15.032,-0.5594540495783207,-0.8952760551514771,-0.938828125,-0.87137
15.037,-0.5585354058187502,-0.8943872242598161,-0.93517578125,-0.86788
15.042,-0.5571574401793953,-0.8934391379753794,-0.9319335937500001,-0.8641299999999998
15.047,-0.5566981182996091,-0.8925867719408114,-0.92828125,-0.8607799999999999
15.053,-0.5562387964198248,-0.8916751505134677,-0.92466796875,-0.8571799999999998
15.058,-0.5544015089006837,-0.8907361804433052,-0.9213671874999999,-0.8534499999999998
15.064,-0.5534828651411132,-0.8898473495516441,-0.9178125,-0.8499899999999998
15.069,-0.5525642213815445,-0.888881030838661,-0.9141015625,-0.8464099999999999
15.075,-0.551645577621974,-0.8878372243043522,-0.910703125,-0.8422999999999998
15.08,-0.5507269338624035,-0.8869575096269653,-0.9075195312500001,-0.83897
15.085,-0.5507269338624035,-0.8861233760209455,-0.9046875,-0.8356599999999998
15.09,-0.5488896463432624,-0.885384962664796,-0.901875,-0.8327399999999998
15.094,-0.5484303244634781,-0.8846192006658278,-0.8987109375,-0.8298299999999998
15.099,-0.5470523588241214,-0.8837258116670306,-0.89541015625,-0.8263699999999998
15.104,-0.546593036944337,-0.8828278645610972,-0.8920507812499999,-0.8230499999999998
15.109,-0.5452150713049804,-0.881898010705207,-0.88853515625,-0.8194599999999999
15.115,-0.5442964275454116,-0.880922575777948,-0.8849804687499999,-0.8158699999999999
15.121,-0.542918461906055,-0.8799106759935977,-0.8815234375,-0.81202
15.126,-0.542918461906055,-0.8789671478162973,-0.87833984375,-0.80843
15.131,-0.5415404962667001,-0.8780965493531845,-0.87490234375,-0.8051199999999998
15.136,-0.5401625306273452,-0.8771393468544719,-0.87146484375,-0.8015299999999999
15.142,-0.5387845649879885,-0.8761046565344373,-0.8679687500000001,-0.79779
15.147,-0.5387845649879885,-0.8751702445714091,-0.864609375,-0.7943399999999998
15.152,-0.5374065993486337,-0.8742722974654775,-0.8611328125000001,-0.79101
15.158,-0.5369472774688475,-0.8733059787524908,-0.8574218749999999,-0.78728
15.163,-0.5346506680699221,-0.8723351019323715,-0.8540429687500001,-0.7836699999999999
15.168,-0.5341913461901378,-0.8714006899693434,-0.850625,-0.78033
15.173,-0.5337320243103516,-0.8704753942205894,-0.8474023437499999,-0.7769599999999999
15.178,-0.5332727024305672,-0.8696731673645282,-0.844296875,-0.7738699999999998
15.183,-0.5314354149114262,-0.8688435918656428,-0.8409179687499999,-0.7707899999999999
15.187,-0.5309760930316418,-0.8679775515096679,-0.83732421875,-0.7675799999999999
15.193,-0.5295981273922852,-0.8670112327966848,-0.83357421875,-0.7640899999999999
15.198,-0.5286794836327147,-0.8660540302979722,-0.82982421875,-0.76061
15.203,-0.5277608398731459,-0.8650922696921235,-0.8260351562499999,-0.75711
15.208,-0.5268421961135754,-0.8641259509791404,-0.82236328125,-0.7536099999999999
15.213,-0.5259235523540049,-0.8632325619803431,-0.8180859375,-0.75027
15.219,-0.5250049085944344,-0.8621614068032137,-0.8132421875000001,-0.74637
15.225,-0.5240862648348639,-0.8610537867689931,-0.8089453124999999,-0.7422099999999998
15.23,-0.522708299195509,-0.8600646775203238,-0.80451171875,-0.73861
15.236,-0.5213303335561523,-0.859020870986015,-0.80029296875,-0.7348599999999998
15.241,-0.5204116897965818,-0.8580135293088009,-0.7958398437499999,-0.73126
15.247,-0.5194930460370131,-0.8570335362744057,-0.7912109375,-0.7276699999999998
15.252,-0.5185744022774426,-0.8560125202757813,-0.78681640625,-0.7240799999999998
15.257,-0.5167371147583015,-0.8550553177770688,-0.7823828125,-0.7207599999999998
15.262,-0.5162777928785154,-0.8540570923141289,-0.77716796875,-0.7173299999999998
15.268,-0.5148998272391605,-0.8529449141727703,-0.77154296875,-0.7133499999999999
15.274,-0.5135218615998056,-0.8517825968529067,-0.7664257812499999,-0.7093699999999998
15.28,-0.5126032178402351,-0.8507433484257341,-0.76091796875,-0.70593
15.285,-0.5116845740806646,-0.8496402864986479,-0.75572265625,-0.70207
15.29,-0.5107659303210941,-0.8486648515713906,-0.7502734375,-0.6986399999999999
15.296,-0.508928642801953,-0.8476301612513559,-0.74537109375,-0.6952099999999999
15.3,-0.5084693209221687,-0.8467641208953793,-0.74060546875,-0.6921599999999999
15.305,-0.5070913552828138,-0.8458935224322648,-0.7350976562499999,-0.6894
15.31,-0.5066320334030276,-0.8449135293978696,-0.7291992187499999,-0.6860999999999999
15.315,-0.5052540677636728,-0.8439107458277935,-0.72310546875,-0.6826599999999998
15.32,-0.5052540677636728,-0.8429216365791241,-0.716796875,-0.6792399999999998
15.325,-0.5038761021243179,-0.8419097367947739,-0.7104296875,-0.6758199999999999
15.33,-0.5020388146051769,-0.8408659302604651,-0.7041015625,-0.67225
15.336,-0.5015794927253907,-0.839803891297608,-0.6980859375,-0.66869
15.341,-0.49974220520625146,-0.8387692009775733,-0.69287109375,-0.6652699999999998
15.346,-0.49882356144668094,-0.837834789014547,-0.6874609374999999,-0.6622199999999998
15.351,-0.4979049176871104,-0.8368092149087847,-0.68173828125,-0.6587799999999999
15.356,-0.4969862739275399,-0.8357335016245191,-0.6758593749999999,-0.6552099999999998
15.362,-0.4951489864083989,-0.834557509983247,-0.6703320312500001,-0.6513599999999999
15.367,-0.4946896645286145,-0.8334453318418866,-0.6647656249999999,-0.6477799999999998
15.374,-0.493771020769044,-0.8322374334506559,-0.6595507812499999,-0.64367
15.379,-0.49193373324990297,-0.8311708363806645,-0.6546093749999999,-0.6400999999999999
15.384,-0.49009644573076194,-0.830013077167937,-0.6506835937500001,-0.6365299999999998
15.389,-0.48917780197119143,-0.8290695489906366,-0.6465624999999999,-0.6336199999999999
15.394,-0.48871848009140706,-0.8280439748848742,-0.64263671875,-0.6303099999999999
15.399,-0.4873405144520522,-0.8270411913147964,-0.6383789062499999,-0.62713
15.404,-0.4859625488126955,-0.8258925483163431,-0.6342578125,-0.6235799999999998
15.409,-0.485043905053125,-0.8247484634250277,-0.63064453125,-0.62001
15.414,-0.4836659394137701,-0.8237320055335395,-0.6271679687499999,-0.6168499999999999
15.419,-0.4827472956541996,-0.8227201057491875,-0.62384765625,-0.61368
15.424,-0.4827472956541996,-0.8217492289290664,-0.62076171875,-0.61063
15.428,-0.4804506862552742,-0.8208239331803124,-0.6174609375,-0.6077199999999998
15.433,-0.4795320424957037,-0.8197573361103192,-0.61388671875,-0.6043999999999998
15.438,-0.47769475497656266,-0.8185403215048161,-0.60998046875,-0.6006799999999999
15.444,-0.4763167893372078,-0.8172412609708513,-0.606796875,-0.5968199999999999
15.449,-0.47539814557763727,-0.8161199666152186,-0.60330078125,-0.59351
15.455,-0.4740201799382824,-0.8148573709383466,-0.5995507812499999,-0.5897599999999998
15.461,-0.4726422142989257,-0.8134671482616476,-0.59623046875,-0.5854699999999999
15.467,-0.47126424865957084,-0.8122410174418722,-0.59291015625,-0.5818699999999999
15.472,-0.46988628302021596,-0.8109510731221796,-0.58962890625,-0.5779999999999998
15.478,-0.46758967362129056,-0.8096064315168476,-0.5865625,-0.5741299999999998
15.484,-0.4671303517415044,-0.8083666263756601,-0.58376953125,-0.5706499999999999
15.489,-0.4652930642223634,-0.8071997509486604,-0.58103515625,-0.5671499999999998
15.493,-0.46437442046279287,-0.8060511079502071,-0.5784765625,-0.56382
15.498,-0.462996454823438,-0.8049252554874364,-0.5758203125,-0.56074
15.503,-0.46115916730429696,-0.8037401476318902,-0.5731640625,-0.55738
15.508,-0.46024052354472644,-0.8024912262764285,-0.5703710937500001,-0.5537799999999999
15.514,-0.45886255790537156,-0.8011830495281913,-0.56763671875,-0.5501499999999999
15.519,-0.45656594850644616,-0.7998156173871749,-0.5648046875,-0.5463799999999999
15.525,-0.45610662662666,-0.7985211149603479,-0.562578125,-0.5428899999999999
15.529,-0.45564730474687565,-0.7974818665331753,-0.56013671875,-0.5399399999999999
15.534,-0.45335069534795025,-0.7963104329990394,-0.557734375,-0.5367
15.539,-0.4528913734681641,-0.7951070927149466,-0.55541015625,-0.53335
15.544,-0.4505947640692387,-0.7939447753950812,-0.55298828125,-0.5301199999999999
15.549,-0.4487574765500977,-0.7926274824325699,-0.55029296875,-0.5266
15.554,-0.44783883279052716,-0.7911916786845037,-0.54791015625,-0.5228299999999999
15.559,-0.4469201890309584,-0.7899062924719491,-0.545,-0.51945
15.566,-0.44462357963203125,-0.7883656522597384,-0.5423828125,-0.5152399999999999
15.571,-0.44324561399267637,-0.7869480809402187,-0.53966796875,-0.5114699999999999
15.577,-0.44094900459375097,-0.7854302312636907,-0.5371093749999999,-0.5075299999999998
15.582,-0.43911171707460994,-0.783976195087078,-0.534609375,-0.5038699999999998
15.588,-0.43773375143525506,-0.7825540656604222,-0.53232421875,-0.50034
15.592,-0.43681510767568454,-0.7812914699835503,-0.53,-0.49705
15.597,-0.43451849827675915,-0.7799650608067648,-0.52779296875,-0.4937699999999998
15.602,-0.4326812107576181,-0.7786796745942102,-0.52572265625,-0.49061
15.606,-0.4326812107576181,-0.7774808924172536,-0.52357421875,-0.4875799999999999
15.611,-0.4299252794789066,-0.7762274129546558,-0.521484375,-0.48453999999999997
15.615,-0.4285473138395517,-0.7749648172777839,-0.5193945312499999,-0.48153
15.619,-0.4271693482001968,-0.7737113378151861,-0.51734375,-0.47848
15.624,-0.4262507044406263,-0.7724669745668624,-0.5151367187499999,-0.47543
15.628,-0.4239540950416991,-0.7711086586401201,-0.513046875,-0.47224999999999984
15.633,-0.4230354512821304,-0.7698323886418397,-0.5108203125,-0.46919999999999984
15.637,-0.42119816376298935,-0.7684330497508682,-0.5082812499999999,-0.4659899999999999
15.643,-0.4198201981236327,-0.7668650608958352,-0.50609375,-0.46224
15.647,-0.41798291060449344,-0.7655523260404618,-0.50369140625,-0.4591799999999999
15.652,-0.4166049449651368,-0.7640344763639337,-0.501484375,-0.45570999999999984
15.656,-0.41476765744599753,-0.7626898347586,-0.49937499999999996,-0.45265999999999984
15.661,-0.4129303699268565,-0.7613315188318595,-0.49701171875,-0.44963
15.666,-0.41109308240771547,-0.7598136691553332,-0.49451171875,-0.4462999999999999
15.671,-0.41017443864814496,-0.7581773086932504,-0.4921484374999999,-0.44270999999999994
15.675,-0.40787782924921956,-0.7567460630523204,-0.49,-0.4395499999999999
15.68,-0.40604054173007853,-0.7553558403756195,-0.48787109375,-0.43652
15.684,-0.40466257609072365,-0.753947385270374,-0.48550781249999997,-0.4335
15.689,-0.4028252885715826,-0.7523976288438909,-0.4832421875,-0.4302299999999999
15.693,-0.40144732293222773,-0.7509435926672765,-0.48101562499999995,-0.42723
15.698,-0.39915071353330056,-0.749498672704938,-0.47884765625000003,-0.4242299999999999
15.702,-0.3982320697737318,-0.748067427064008,-0.47662109375,-0.42123999999999984
15.706,-0.39501681661523413,-0.7465997165659832,-0.47433593749999997,-0.41840999999999995
15.711,-0.39455749473544977,-0.745077308782319,-0.47199218749999994,-0.41542999999999997
15.715,-0.3931795290960949,-0.7435913658557496,-0.46943359374999993,-0.41232999999999986
15.72,-0.39042359781738334,-0.7419185405365738,-0.46687500000000004,-0.40908999999999995
15.725,-0.3885863102982423,-0.7402776219673548,-0.46445312499999997,-0.40598
15.729,-0.38674902277910306,-0.7387187493265976,-0.46199218750000004,-0.4029999999999998
15.734,-0.38491173525996203,-0.737178109114387,-0.45914062499999997,-0.4000199999999998
15.739,-0.38261512586103663,-0.7353366338311531,-0.456484375,-0.39649999999999985
15.743,-0.3807778383418956,-0.7337002733690703,-0.45390624999999996,-0.3935099999999998
15.747,-0.37939987270253894,-0.7321140520854925,-0.45019531249999994,-0.39052
15.754,-0.3766439414238292,-0.7298213241957221,-0.4469140625,-0.38632
15.759,-0.37388801014511763,-0.7278203151627025,-0.44380859375,-0.38263999999999987
15.764,-0.37159140074619224,-0.7260107466294254,-0.44046875,-0.37937
15.769,-0.3688354694674807,-0.7239687146321767,-0.43703125,-0.37581
15.774,-0.3665388600685553,-0.7219631474920192,-0.43404296875,-0.3722599999999998
15.779,-0.36470157254941427,-0.7202128343515195,-0.43041015625,-0.3692599999999999
15.784,-0.3619456412707045,-0.7180705239972607,-0.4265625,-0.36571
15.789,-0.36056767563134784,-0.715937329857276,-0.4232421875,-0.36200999999999994
15.794,-0.3578117443526381,-0.7141870167167763,-0.41982421875,-0.359
15.798,-0.3545964911941404,-0.7122771698264927,-0.41642578124999996,-0.35583999999999993
15.803,-0.3532185255547855,-0.7104311364361209,-0.41302734375,-0.3528199999999999
15.807,-0.35138123803564447,-0.7086170097957076,-0.40953124999999996,-0.34982
15.811,-0.3490846286367191,-0.7067892088338823,-0.4059375,-0.34694999999999987
15.816,-0.3463286973580093,-0.7049067105864175,-0.40228515624999994,-0.3439399999999999
15.82,-0.34495073171865265,-0.7030333285532269,-0.39853515624999997,-0.34094
15.824,-0.3421948004399429,-0.7011371559843518,-0.3946484375,-0.33792999999999984
15.829,-0.33943886916123134,-0.6991361469513304,-0.39041015625,-0.3347899999999999
15.834,-0.3366829378825198,-0.6968798839186565,-0.38597656249999995,-0.33138
15.839,-0.3343863284835944,-0.6945734817074758,-0.3821679687499999,-0.32797999999999994
15.843,-0.33254904096445337,-0.692608937531551,-0.3783203125,-0.3249899999999999
15.848,-0.32933378780595746,-0.6905349987843437,-0.37468749999999995,-0.3218599999999998
15.852,-0.3274965002868164,-0.6885385478584602,-0.3705078125,-0.31899999999999995
15.857,-0.32336260336875,-0.6861136348617265,-0.3666015625,-0.3154699999999999
15.862,-0.3219846377293951,-0.6838482556147785,-0.3624609375,-0.31221999999999994
15.867,-0.3187693845708992,-0.6813959939752223,-0.3582421875,-0.3088199999999999
15.872,-0.31509480953261715,-0.6788388958715235,-0.35468749999999993,-0.30528999999999984
15.877,-0.31279820013369175,-0.6766692368744458,-0.35128906249999997,-0.30228999999999995
15.881,-0.310042268854982,-0.6745086940916405,-0.3479296875,-0.29928999999999983
15.886,-0.30728633757627044,-0.672293454023194,-0.344609375,-0.2963
15.89,-0.3045304062975589,-0.6700463072047924,-0.34099609375,-0.29328
15.895,-0.301315153139063,-0.6675028834225039,-0.33728515625,-0.2899999999999998
15.9,-0.2990185437401376,-0.6648455069617967,-0.33361328125,-0.2865899999999999
15.905,-0.29534396870185553,-0.6622656183224134,-0.3304296875,-0.28318
15.909,-0.2921287155433596,-0.6598680539685002,-0.32732421874999995,-0.2801699999999998
15.914,-0.28937278426464985,-0.6574750477217233,-0.3237890625,-0.27718
15.919,-0.2866168529859383,-0.6546718118326407,-0.32052734374999997,-0.27366
15.923,-0.2834015998274424,-0.6520873650861212,-0.3175,-0.27052999999999994
15.928,-0.27972702478916034,-0.6496305453394307,-0.31460937499999997,-0.26756999999999986
15.932,-0.27743041539023494,-0.6471919580212848,-0.31166015625,-0.26461999999999986
15.936,-0.2746744841115234,-0.6446622085604066,-0.30874999999999997,-0.26164999999999994
15.941,-0.27191855283281363,-0.6421096685638439,-0.30587890624999997,-0.25871999999999984
15.945,-0.2682439777945316,-0.6395616866744191,-0.3030078125,-0.25578999999999996
15.95,-0.26502872463603566,-0.6369909142493082,-0.30025390625,-0.2528299999999999
15.954,-0.2622727933573241,-0.6344338161456093,-0.29740234374999996,-0.24988999999999995
15.958,-0.25951686207861435,-0.6318037883277228,-0.29466796874999995,-0.24697999999999998
15.963,-0.25630160892011844,-0.6291919929383827,-0.29191406249999996,-0.24404999999999988
15.967,-0.2535456776414069,-0.6265574070133582,-0.28919921875,-0.24124999999999996
15.971,-0.250330424482911,-0.6239091467669269,-0.28640625,-0.2383599999999999
15.976,-0.24711517132441507,-0.6211514919492096,-0.28373046874999996,-0.2354799999999999
15.98,-0.24435924004570353,-0.6184303019885906,-0.28099609375,-0.23256999999999994
15.985,-0.24114398688720762,-0.6157319025636525,-0.27833984375,-0.22967999999999988
15.989,-0.2379287337287117,-0.6130061544958938,-0.2756640625,-0.22682000000000002
15.993,-0.23517280245000016,-0.6102484996781801,-0.27298828124999996,-0.22392999999999996
15.998,-0.23103890553193374,-0.6074543800033698,-0.270390625,-0.22104999999999997
16.002,-0.22920161801279448,-0.6047103995070664,-0.26777343749999993,-0.21833999999999998
16.006,-0.22552704297451243,-0.6019208379393941,-0.26515625,-0.2154999999999998
16.011,-0.22231178981601651,-0.5990993696217668,-0.26257812499999994,-0.21262999999999987
16.015,-0.21863721477773446,-0.5963052499469566,-0.2599609375,-0.20990999999999982
16.019,-0.21542196161923854,-0.5934199681294139,-0.25728515625,-0.20707999999999993
16.024,-0.21220670846074263,-0.5905073376690506,-0.25462890625,-0.2042299999999999
16.028,-0.20899145530224672,-0.5874716383159946,-0.25189453125,-0.20135999999999998
16.033,-0.2057762021437508,-0.5845407754270848,-0.24931640625,-0.19852999999999987
16.037,-0.20302027086503927,-0.5816372611809957,-0.24662109375000002,-0.19569999999999999
16.041,-0.19934569582675898,-0.5786836077564015,-0.24400390625,-0.19282999999999983
16.046,-0.19521179890869256,-0.5756980475818523,-0.24136718750000002,-0.19011
16.05,-0.19291518950976716,-0.5727398360501201,-0.23865234375,-0.18726999999999983
16.054,-0.1883219707119146,-0.56971325291134,-0.23597656250000001,-0.1843999999999999
16.059,-0.18556603943320304,-0.5666502049154634,-0.2333203125,-0.18164999999999987
16.063,-0.18235078627470713,-0.5635917150267264,-0.23027343749999998,-0.17879999999999985
16.068,-0.1782168893566407,-0.5601275536028201,-0.22746093750000002,-0.17555999999999994
16.072,-0.17408299243857428,-0.5569140880714336,-0.2247265625,-0.17266999999999988
16.077,-0.17086773928007837,-0.5537917846827813,-0.22197265625,-0.16981000000000002
16.081,-0.16765248612158246,-0.5506649231869911,-0.21916015625000002,-0.1670799999999999
16.085,-0.16397791108330217,-0.5474833644055614,-0.21626953125,-0.16418999999999984
16.09,-0.1607626579248045,-0.5442790150884491,-0.21337890625000003,-0.1613
16.094,-0.15662876100673806,-0.5410564333427885,-0.21041015625,-0.15842999999999985
16.098,-0.1538728297280283,-0.5378156191685814,-0.20744140625000002,-0.15552999999999995
16.103,-0.15019825468974624,-0.5346158279586053,-0.20439453125,-0.15261999999999998
16.107,-0.14560503589189544,-0.5313339908201673,-0.201328125,-0.14972999999999992
16.112,-0.14193046085361338,-0.5279974563960899,-0.19824218750000003,-0.14683999999999986
16.116,-0.13871520769511747,-0.5246472476506021,-0.19505859375,-0.14389999999999992
16.12,-0.1350406326568372,-0.5212970389051126,-0.1919140625,-0.14095999999999997
16.125,-0.13136605761855513,-0.5180060855524022,-0.18867187500000002,-0.13805
16.129,-0.12769148258027485,-0.5146422024855042,-0.18537109375,-0.1351
16.134,-0.12447622942177716,-0.511269203204332,-0.1820703125,-0.13213999999999992
16.138,-0.12126097626328125,-0.5079372268873907,-0.17865234375000003,-0.12920999999999982
16.142,-0.11712707934521482,-0.5045323208562618,-0.17531249999999998,-0.12629
16.147,-0.11345250430693454,-0.5011684377893619,-0.17189453125,-0.12346999999999997
16.151,-0.11023725114843863,-0.4977863222939174,-0.1683984375,-0.1205299999999998
16.155,-0.10656267611015657,-0.4943996486913367,-0.16484374999999998,-0.1176299999999999
16.16,-0.10334742295166066,-0.49103576562443685,-0.16111328125,-0.11468999999999996
16.164,-0.09875420415380987,-0.487553371771984,-0.157421875,-0.11175999999999986
16.168,-0.09553895099531395,-0.4841165589908982,-0.15369140625,-0.10885999999999996
16.173,-0.09140505407724753,-0.4807025367454969,-0.14978515625,-0.10609000000000002
16.177,-0.08910844467832035,-0.47722014289304404,-0.14591796875000002,-0.10301999999999989
16.182,-0.08589319151982444,-0.4738380273975977,-0.14191406250000002,-0.10024999999999995
16.186,-0.08175929460175801,-0.47040577272364814,-0.137734375,-0.09735999999999989
16.19,-0.07808471956347773,-0.46695528562115207,-0.13357421875,-0.09441999999999995
16.195,-0.07441014452519568,-0.46355949580429723,-0.12921875,-0.09148999999999985
16.199,-0.07165421324648591,-0.4600907762732529,-0.124765625,-0.08857999999999988
16.203,-0.06843896008798822,-0.45666307970644127,-0.12037109375000002,-0.08567999999999998
16.208,-0.06660167256884897,-0.4532217088182193,-0.11644531250000001,-0.08277999999999985
16.212,-0.06660167256884897,-0.4500355919296517,-0.11345703125,-0.08006000000000002
16.217,-0.06660167256884897,-0.4470090087908698,-0.11111328125,-0.07772999999999985
16.221,-0.06752031632841948,-0.4441556337232857,-0.10925781250000001,-0.07548999999999984
16.225,-0.06660167256884897,-0.44140709511984255,-0.10785156250000001,-0.07350999999999996
16.23,-0.06660167256884897,-0.4388454389090075,-0.10675781250000001,-0.07176999999999989
16.234,-0.06614235068906282,-0.4363977353765893,-0.105859375,-0.07034999999999991
16.238,-0.06752031632841948,-0.4340594264154518,-0.10562500000000001,-0.06908999999999987
16.243,-0.06981692572734488,-0.43200827820392895,-0.10654296875000001,-0.06821999999999995
16.247,-0.07303217888584079,-0.4301531285992848,-0.10837890624999999,-0.06785999999999981
16.251,-0.07762539768369159,-0.4286261627084844,-0.1109375,-0.06797999999999993
16.256,-0.08175929460175801,-0.42740003188870546,-0.11400390625000001,-0.06857999999999986
16.26,-0.08589319151982444,-0.4264656199256791,-0.117421875,-0.06964999999999999
16.264,-0.08910844467832035,-0.4257773457480347,-0.12119140625000001,-0.07104999999999984
16.269,-0.09232369783681627,-0.425285070177269,-0.1250390625,-0.07267999999999986
16.273,-0.09553895099531395,-0.42499790942765614,-0.128984375,-0.07457999999999987
16.278,-0.09967284791338038,-0.42492042160633225,-0.1330859375,-0.07675999999999994
16.282,-0.10334742295166066,-0.42505260671329737,-0.13708984375000002,-0.07922999999999991
16.286,-0.10748131986972709,-0.42538534853427734,-0.14111328125,-0.08192999999999984
16.291,-0.11161521678779351,-0.4259186470692722,-0.1451171875,-0.08504999999999985
16.295,-0.11483046994628943,-0.4266160374611925,-0.1491015625,-0.08795999999999982
16.3,-0.11850504498457148,-0.427468403495757,-0.1530078125,-0.09100999999999981
16.304,-0.12263894190263791,-0.42847118706583665,-0.1569140625,-0.09405999999999981
16.308,-0.1263135169409182,-0.4296882016713397,-0.16091796875,-0.09711999999999987
16.313,-0.1295287700994141,-0.43096447166962015,-0.16468750000000001,-0.10029999999999983
16.317,-0.13320334513769616,-0.43236381056059514,-0.1683203125,-0.10319999999999996
16.321,-0.1373372420557626,-0.4338634278085731,-0.17201171875000001,-0.10626000000000002
16.326,-0.141471138973829,-0.43554081123488686,-0.1755859375,-0.10931999999999986
16.33,-0.14560503589189544,-0.4373230311253433,-0.17908203125000002,-0.11221999999999999
16.335,-0.14790164529082084,-0.4391645064085772,-0.18259765625000002,-0.11527999999999983
16.339,-0.1524948640886734,-0.4411290505845038,-0.18603515625000003,-0.11833999999999989
16.343,-0.1570880828865242,-0.44323945418880406,-0.1894140625,-0.12149999999999994
16.348,-0.16030333604502012,-0.44543190372156616,-0.1927734375,-0.12454999999999994
16.352,-0.16397791108330217,-0.44770184107565214,-0.19609374999999998,-0.12761999999999984
16.356,-0.1671931642417981,-0.45001280139396904,-0.1994921875,-0.13064999999999993
16.361,-0.17224570491943503,-0.45251520221202846,-0.20271484375,-0.13369999999999993
16.365,-0.17454231431836043,-0.4549811381729931,-0.20607421875,-0.13676
16.37,-0.17959485499599737,-0.45766130516938297,-0.209375,-0.14007999999999998
16.375,-0.18326943003427765,-0.4604052856656864,-0.21267578125,-0.14311999999999991
16.379,-0.18648468319277356,-0.4631766148048122,-0.21591796875,-0.14632
16.384,-0.19107790199062613,-0.4660436641938084,-0.218984375,-0.14949999999999997
16.388,-0.19521179890869256,-0.46885601629716334,-0.22195312500000003,-0.15252999999999983
16.393,-0.19842705206718847,-0.47170027515047686,-0.22537109375,-0.15559999999999996
16.398,-0.2025609489852549,-0.475109739288742,-0.22880859375,-0.1592
16.403,-0.2071541677831057,-0.4784371574985471,-0.23287109375,-0.1626599999999998
16.409,-0.21128806470117212,-0.4824482917788586,-0.23646484375,-0.16687999999999992
16.414,-0.2158812834990247,-0.48615859098814695,-0.24003906249999998,-0.17062
16.419,-0.21955585853730497,-0.4898506577688906,-0.24333984375,-0.17438999999999982
16.424,-0.2236897554553714,-0.4932327732643351,-0.2464453125,-0.17775999999999992
16.429,-0.22782365237343782,-0.49651005229563694,-0.249609375,-0.18108999999999997
16.434,-0.23103890553193374,-0.49993774886245035,-0.25318359375,-0.18445999999999985
16.439,-0.2356321243297863,-0.5038212561429329,-0.25638671875,-0.18823999999999996
16.444,-0.2393066993680666,-0.5072808594597031,-0.25974609374999996,-0.19170999999999982
16.449,-0.24435924004570353,-0.5109774843475812,-0.26318359375,-0.19521999999999995
16.455,-0.24757449320419944,-0.5148245267709726,-0.26664062499999996,-0.19897999999999993
16.46,-0.2512490682424815,-0.5186624529800898,-0.269921875,-0.20258999999999983
16.465,-0.2553829651605479,-0.5222907062609181,-0.27357421875,-0.2062299999999999
16.471,-0.2599761839583987,-0.5266163499336649,-0.2771875,-0.21023999999999998
16.476,-0.26411008087646515,-0.5304086950714133,-0.28052734375,-0.21384999999999987
16.481,-0.2687032996743177,-0.5341645753520687,-0.28376953125,-0.2174799999999999
16.486,-0.2714592309530275,-0.5378429678114021,-0.2867578125,-0.22092
16.491,-0.27421516223173903,-0.5410883400927453,-0.28966796874999995,-0.2239899999999999
16.495,-0.27605244975088006,-0.544269898874175,-0.29251953124999996,-0.22704999999999997
16.499,-0.27972702478916034,-0.5473375049771878,-0.29537109375,-0.23007999999999984
16.504,-0.28294227794765625,-0.5504279016158815,-0.29841796875,-0.2329699999999999
16.508,-0.28615753110615216,-0.5537462036114142,-0.30130859374999996,-0.23629999999999995
16.513,-0.2889134623848637,-0.5568183678215615,-0.30419921874999994,-0.23916999999999988
16.517,-0.2935066811827163,-0.5599406712102155,-0.30710937499999996,-0.2421899999999999
16.521,-0.294425324942285,-0.5630219516346369,-0.310078125,-0.24509999999999987
16.525,-0.29718125622099656,-0.5660530928805549,-0.3130078125,-0.24812999999999996
16.53,-0.2999371874997081,-0.5690432111622421,-0.31597656249999995,-0.2511399999999999
16.534,-0.30269311877841787,-0.5720196551225207,-0.31892578125,-0.25403
16.538,-0.3054490500571294,-0.5749869828685235,-0.32199218749999997,-0.25705
16.543,-0.30820498133584096,-0.5779679849359383,-0.325078125,-0.2599
16.547,-0.31142023449433687,-0.5809535451104875,-0.32824218749999995,-0.2629199999999998
16.551,-0.31371684389326226,-0.5839391052850385,-0.33138671875,-0.26593
16.556,-0.31601345329218766,-0.5868882006024965,-0.33458984374999995,-0.26893999999999996
16.56,-0.3187693845708992,-0.5897962729557236,-0.33787109375,-0.27193999999999985
16.565,-0.3210659939698246,-0.5927681588088642,-0.34140624999999997,-0.27495999999999987
16.569,-0.32382192524853615,-0.5958813459832424,-0.34513671875,-0.2782199999999999
16.574,-0.3265778565272459,-0.5991130439431753,-0.3487109375,-0.28162
16.579,-0.33025243156552797,-0.6020758135820419,-0.35255859375,-0.28464
16.584,-0.33254904096445337,-0.6053257439705231,-0.35679687499999996,-0.2880499999999999
16.589,-0.3357642941229493,-0.6086713946088746,-0.36064453125,-0.29159999999999986
16.594,-0.3385202254016608,-0.6116797453191083,-0.36417968749999996,-0.2948899999999999
16.598,-0.3408168348005862,-0.6144282839225497,-0.36828125,-0.29774999999999996
16.603,-0.34265412231972725,-0.617473099489878,-0.37232421875,-0.30116999999999994
16.608,-0.3454100535984388,-0.6203492650931484,-0.37626953124999996,-0.30433
16.612,-0.3486253067569347,-0.6231752915179136,-0.38042968749999995,-0.3074899999999998
16.617,-0.35046259427607573,-0.6260423409069116,-0.3850390625,-0.31064999999999987
16.622,-0.3532185255547855,-0.6292284577954756,-0.3892578125,-0.3142499999999999
16.627,-0.35597445683349704,-0.6321729950057957,-0.39363281250000004,-0.3176899999999998
16.631,-0.35827106623242244,-0.6349215336092389,-0.3981640625,-0.32087
16.637,-0.3596490318717773,-0.6380119302479326,-0.40263671874999996,-0.3244699999999998
16.642,-0.3633236069100594,-0.6410020485296215,-0.40671874999999996,-0.32806999999999986
16.647,-0.3660795381887709,-0.6438599817043436,-0.41080078124999997,-0.3315199999999998
16.652,-0.3679168257079102,-0.64665865948629,-0.41427734374999997,-0.33487
16.656,-0.3697541132270512,-0.6491291535543908,-0.41775390625,-0.33792999999999984
16.66,-0.3720507226259766,-0.6515403922297143,-0.4211132812499999,-0.34099999999999997
16.665,-0.37342868826533326,-0.6539197241550827,-0.4243359375,-0.34392
16.669,-0.37618461954404303,-0.656321846616132,-0.4276171875,-0.3469899999999999
16.674,-0.37802190706318406,-0.6586875042200901,-0.43076171875,-0.3500399999999999
16.678,-0.3798591945823251,-0.6610166969669535,-0.43414062499999995,-0.3531099999999998
16.683,-0.3816964821014661,-0.663551004534968,-0.43751953125,-0.35644999999999993
16.688,-0.3844524133801759,-0.6661263350672151,-0.44054687499999995,-0.35980999999999996
16.692,-0.38583037901953254,-0.6683871562070269,-0.44380859375,-0.36288999999999993
16.697,-0.3876676665386718,-0.670948812417862,-0.44708984375,-0.36639999999999984
16.702,-0.38996427593759897,-0.6735059105215626,-0.4500390625,-0.3698999999999999
16.706,-0.3918015634567382,-0.6757348249114177,-0.45281249999999995,-0.37298999999999993
16.711,-0.39455749473544977,-0.6779363906584539,-0.455859375,-0.37607999999999997
16.716,-0.39593546037480465,-0.680461582012196,-0.45892578125,-0.37973999999999997
16.721,-0.3977727478939457,-0.6829548666159795,-0.4616796875,-0.38325999999999993
16.725,-0.4000693572928711,-0.685133641827333,-0.46451171874999997,-0.38649999999999984
16.73,-0.4019066448120121,-0.6875448805026547,-0.46746093749999995,-0.3900199999999998
16.735,-0.40466257609072365,-0.6899606772851179,-0.47041015624999993,-0.39354
16.741,-0.4064998636098647,-0.6924721943174497,-0.47330078124999997,-0.3972
16.746,-0.40787782924921956,-0.6948560843499525,-0.47615234375,-0.40086
16.751,-0.41017443864814496,-0.6972992297752345,-0.47867187499999997,-0.40466
16.756,-0.412011726167286,-0.6994005171652624,-0.48111328124999997,-0.40791
16.76,-0.41338969180664087,-0.7015382694123815,-0.48374999999999996,-0.41128999999999993
16.765,-0.41476765744599753,-0.7036942540880506,-0.4864453125,-0.41464999999999996
16.771,-0.4175235887247073,-0.7060143306206399,-0.48888671875,-0.4184399999999999
16.775,-0.41798291060449344,-0.7080107815465233,-0.49173828125,-0.42167
16.781,-0.4207388418832032,-0.7104083459004382,-0.49431640624999995,-0.42557999999999985
16.786,-0.42257612940234424,-0.7125962373260624,-0.4970703125,-0.42920999999999987
16.792,-0.4239540950416991,-0.7148980814301051,-0.49974609375,-0.4331099999999999
16.797,-0.4262507044406263,-0.717158902569917,-0.50236328125,-0.43699
16.803,-0.4276286700799812,-0.7192920967099017,-0.50474609375,-0.44060999999999995
16.807,-0.4294659575991222,-0.7212019436001871,-0.50685546875,-0.44394999999999984
16.812,-0.4308439232384771,-0.7229157918835938,-0.50916015625,-0.44699999999999984
16.816,-0.432221888877832,-0.7247663833811018,-0.51125,-0.45021
16.821,-0.434059176396973,-0.7264392087002776,-0.51333984375,-0.45326999999999984
16.825,-0.4354371420363279,-0.7281257083408637,-0.5154296875,-0.45631
16.829,-0.43681510767568454,-0.7297894174457653,-0.5175390624999999,-0.4592099999999999
16.834,-0.4381930733150394,-0.731503265729172,-0.51966796875,-0.4623999999999999
16.838,-0.4404896827139648,-0.7331487424055272,-0.52173828125,-0.4654499999999999
16.843,-0.44140832647353534,-0.7348170096175668,-0.52384765625,-0.46836999999999995
16.847,-0.442786292112892,-0.7364305795439634,-0.5259375,-0.4714499999999999
16.851,-0.44370493587246074,-0.738012242720405,-0.528125,-0.47451
16.856,-0.4441642577522469,-0.7396759518253084,-0.530390625,-0.47770999999999986
16.86,-0.4460015452713879,-0.7412758474302965,-0.53275390625,-0.48092999999999986
16.865,-0.4473795109107428,-0.7429623470708826,-0.53482421875,-0.4842799999999998
16.87,-0.4487574765500977,-0.7444437318903159,-0.536875,-0.48719
16.874,-0.45013544218945434,-0.7459387910311595,-0.53896484375,-0.4902599999999999
16.878,-0.45243205158837974,-0.7474475244934133,-0.5410742187500001,-0.4933399999999999
16.883,-0.45243205158837974,-0.748956257955669,-0.5437500000000001,-0.49627
16.888,-0.45426933910752076,-0.7508159656674493,-0.5459375,-0.5002
16.893,-0.4551879828670913,-0.7523201410225653,-0.54859375,-0.5034399999999999
16.898,-0.4574845922660167,-0.7541160352344338,-0.55134765625,-0.50722
16.903,-0.4584032360255872,-0.7558936970177541,-0.55390625,-0.5110399999999999
16.909,-0.4597812016649421,-0.757525499372699,-0.55640625,-0.5146899999999999
16.914,-0.46115916730429696,-0.7591117206562767,-0.55919921875,-0.5182
16.919,-0.462996454823438,-0.7608346851539558,-0.56169921875,-0.5220199999999999
16.924,-0.46437442046279287,-0.7623297442948012,-0.5641601562499999,-0.5252699999999999
16.928,-0.4652930642223634,-0.7638156872213706,-0.5666406249999999,-0.5286499999999998
16.933,-0.46667102986172004,-0.7652651652908471,-0.5690820312499999,-0.5320399999999998
16.938,-0.4680489955010749,-0.7666964109317771,-0.57169921875,-0.53528
16.943,-0.4685083173808593,-0.7681413308941174,-0.57421875,-0.5386499999999999
16.947,-0.4703456049000003,-0.7695087630351338,-0.5770703125,-0.5418999999999998
16.952,-0.471723570539357,-0.7710448451402065,-0.57951171875,-0.5455599999999998
16.957,-0.47310153617871187,-0.7723575799955817,-0.5823632812499999,-0.5486499999999999
16.962,-0.47447950181806675,-0.7738708715649736,-0.5851171875,-0.55216
16.966,-0.47539814557763727,-0.7752610942416727,-0.5876953125000001,-0.5555299999999999
16.971,-0.4763167893372078,-0.7765464804542273,-0.59029296875,-0.5586
16.975,-0.4772354330967783,-0.7777954018096871,-0.5928515625,-0.56168
16.98,-0.4790727206159193,-0.7790215326294643,-0.5957421875,-0.56463
16.984,-0.47999136437548806,-0.7803752904490704,-0.59876953125,-0.56799
16.989,-0.4813693300148447,-0.7818019779828624,-0.60158203125,-0.57151
16.994,-0.4827472956541996,-0.7830645736597344,-0.6044531249999999,-0.5746
16.998,-0.48320661753398575,-0.7842815882652392,-0.6072851562499999,-0.5776899999999998
17.002,-0.48458458317334063,-0.7854712542279216,-0.6106640624999999,-0.5806499999999999
17.007,-0.4859625488126955,-0.7868569187974845,-0.61412109375,-0.5841799999999999
17.012,-0.4873405144520522,-0.7882744901170042,-0.617734375,-0.5878299999999999
17.018,-0.48871848009140706,-0.7897102938650704,-0.62150390625,-0.5914899999999998
17.023,-0.48917780197119143,-0.7911050746489057,-0.62482421875,-0.59514
17.027,-0.4905557676105481,-0.7922719500759055,-0.62857421875,-0.5982299999999998
17.032,-0.49193373324990297,-0.7935892430384168,-0.6320507812499999,-0.6017299999999999
17.037,-0.4928523770094735,-0.7947743508939631,-0.6358203125,-0.60483
17.041,-0.493771020769044,-0.7960050398208782,-0.6396484374999999,-0.6080599999999998
17.046,-0.4951489864083989,-0.7972038219978366,-0.64341796875,-0.61127
17.05,-0.49560830828818503,-0.7983661393176984,-0.64771484375,-0.6144999999999998
17.055,-0.4974455958073243,-0.7996059444588859,-0.651953125,-0.61784
17.06,-0.49882356144668094,-0.8008411914929372,-0.65615234375,-0.6212
17.064,-0.49974220520625146,-0.8019989507056646,-0.6603320312500001,-0.62429
17.069,-0.49974220520625146,-0.8030883383113387,-0.66474609375,-0.6273799999999998
17.073,-0.5011201708456063,-0.8041868421312888,-0.67017578125,-0.6304799999999999
17.079,-0.5029574583647474,-0.8055679485937137,-0.67564453125,-0.63429
17.084,-0.5038761021243179,-0.8068305442705856,-0.6814062500000001,-0.6378199999999998
17.089,-0.5047947458838866,-0.808061233197499,-0.68703125,-0.6413499999999999
17.094,-0.5052540677636728,-0.8092417829459091,-0.6936328125,-0.64489
17.099,-0.5070913552828138,-0.8105454015870119,-0.7004492187499999,-0.64872
17.104,-0.5084693209221687,-0.8118718107637974,-0.70619140625,-0.65255
17.109,-0.508928642801953,-0.8129520821551992,-0.71203125,-0.6558199999999998
17.114,-0.5107659303210941,-0.8140688184036957,-0.71857421875,-0.6590699999999998
17.119,-0.5112252522008802,-0.8153268559734279,-0.72458984375,-0.66275
17.124,-0.5121438959604507,-0.8164435922219244,-0.73005859375,-0.6662999999999999
17.128,-0.5135218615998056,-0.8174965149705073,-0.73609375,-0.6694199999999999
17.133,-0.5144405053593761,-0.8186861809331916,-0.7413085937499999,-0.6729499999999999
17.138,-0.5153591491189466,-0.8197254293603624,-0.74693359375,-0.6762199999999998
17.143,-0.5162777928785154,-0.8208558399302692,-0.75181640625,-0.6797499999999999
17.147,-0.517655758517872,-0.8218677397146212,-0.7565234375,-0.68272
17.151,-0.5181150803976564,-0.8228522908561526,-0.76111328125,-0.6858299999999999
17.156,-0.5190337241572269,-0.8238277257834099,-0.76564453125,-0.68895
17.16,-0.5204116897965818,-0.8248168350320793,-0.7699804687499999,-0.6919
17.164,-0.5217896554359385,-0.8258105023878812,-0.7742968749999999,-0.69489
17.168,-0.5217896554359385,-0.8267950535294126,-0.7784765625,-0.6981499999999998
17.173,-0.522708299195509,-0.8277476979209872,-0.7826171875,-0.70112
17.177,-0.5236269429550795,-0.8287049004196998,-0.786640625,-0.7040899999999999
17.181,-0.5240862648348639,-0.8296484285970003,-0.790703125,-0.7073499999999999
17.186,-0.5254642304742188,-0.8306147473099834,-0.7946093750000001,-0.7104699999999999
17.19,-0.5263828742337893,-0.8315582754872839,-0.79845703125,-0.7134199999999999
17.195,-0.5263828742337893,-0.832492687450312,-0.80224609375,-0.71654
17.199,-0.5277608398731459,-0.8334088669847937,-0.80595703125,-0.71966
17.203,-0.5286794836327147,-0.8343296046264097,-0.8096289062500001,-0.7227699999999999
17.208,-0.5300574492720713,-0.8352776909108464,-0.81357421875,-0.7258899999999999
17.212,-0.5309760930316418,-0.8363351717665655,-0.81736328125,-0.72929
17.217,-0.5314354149114262,-0.8373197229080969,-0.82111328125,-0.73254
17.222,-0.5328133805507811,-0.8382997159424921,-0.8246875,-0.7358
17.226,-0.5337320243103516,-0.8392705927626132,-0.82822265625,-0.7390699999999999
17.231,-0.5341913461901378,-0.8402323533684619,-0.83169921875,-0.7421799999999998
17.235,-0.5360286337092788,-0.8412032301885812,-0.83517578125,-0.7454299999999998
17.24,-0.5369472774688475,-0.8421923394372506,-0.8385937499999999,-0.7486999999999999
17.244,-0.5369472774688475,-0.8431632162573717,-0.84197265625,-0.75183
17.249,-0.537865921228418,-0.8440885120061257,-0.845390625,-0.7550999999999999
17.253,-0.5392438868677747,-0.8450502726119726,-0.8486914062500001,-0.7583899999999999
17.258,-0.5401625306273452,-0.8459938007892731,-0.85234375,-0.7615399999999999
17.263,-0.5406218525071296,-0.8470512816449922,-0.8560546874999999,-0.7652399999999999
17.268,-0.5419998181464845,-0.8481178787149837,-0.859765625,-0.7689499999999998
17.274,-0.542918461906055,-0.8492528473920267,-0.863671875,-0.7729599999999999
17.279,-0.5438371056656255,-0.8503240025691561,-0.86724609375,-0.7768199999999998
17.284,-0.5452150713049804,-0.851372367210601,-0.8709765625,-0.7804099999999998
17.29,-0.546593036944337,-0.8524799872448234,-0.8745703125,-0.78426
17.295,-0.5470523588241214,-0.8535465843148167,-0.87818359375,-0.7879799999999999
17.3,-0.5484303244634781,-0.8546040651705358,-0.8817578125,-0.7917099999999999
17.305,-0.5484303244634781,-0.8556387554905704,-0.8848828125,-0.79542
17.31,-0.5498082901028329,-0.8565139120608194,-0.88783203125,-0.7987099999999998
17.314,-0.5507269338624035,-0.8573708362025236,-0.8910546874999999,-0.8017299999999998
17.319,-0.551645577621974,-0.8583189224869621,-0.89408203125,-0.8051599999999999
17.323,-0.5521048995017583,-0.8592031952714851,-0.89744140625,-0.8084399999999998
17.328,-0.5530235432613289,-0.8601467234487856,-0.9004296875000001,-0.8118699999999999
17.332,-0.5544015089006837,-0.8609945313762157,-0.90337890625,-0.81501
17.337,-0.5553201526602543,-0.8618605717321906,-0.90638671875,-0.8181399999999999
17.341,-0.5562387964198248,-0.8627630769452619,-0.9094726562500001,-0.82128
17.346,-0.5571574401793953,-0.8636564659440591,-0.9127929687499999,-0.8245499999999999
17.351,-0.5576167620591796,-0.8646227846570422,-0.91587890625,-0.8279599999999998
17.355,-0.5594540495783207,-0.8655252898701136,-0.91888671875,-0.8312299999999999
17.36,-0.5599133714581068,-0.8664095626546366,-0.921875,-0.8343699999999998
17.364,-0.5608320152176756,-0.8672801611177512,-0.9252734375,-0.8374899999999998
17.369,-0.5612913370974617,-0.868269270366417,-0.92861328125,-0.8410499999999999
17.374,-0.5617506589772461,-0.8691672174723521,-0.9319726562499999,-0.8443399999999999
17.379,-0.5631286246166027,-0.8701153037567888,-0.9351953125,-0.8478999999999999
17.383,-0.5635879464963871,-0.8709767860056274,-0.9390624999999999,-0.8511599999999999
17.389,-0.564965912135742,-0.8720524992898948,-0.9423046875,-0.85513
17.394,-0.5663438777750986,-0.872982353145785,-0.9460937500000001,-0.85853
17.399,-0.566803199654883,-0.8739714623944526,-0.9494921875000001,-0.86208
17.403,-0.5672625215346692,-0.8748557351789774,-0.953046875,-0.8654799999999998
17.408,-0.568640487174024,-0.8757719147134555,-0.9565039062499999,-0.8688699999999998
17.413,-0.5695591309335946,-0.876683536140801,-0.9604296874999999,-0.8722399999999999
17.418,-0.5700184528133789,-0.877695435925153,-0.96455078125,-0.8760299999999999
17.424,-0.5713964184527356,-0.8786982194952309,-0.9685351562499999,-0.8797999999999999
17.429,-0.5727743840920905,-0.8797329098152655,-0.97255859375,-0.8835899999999999
17.434,-0.573693027851661,-0.8807265771710711,-0.9767578125,-0.8872399999999998
17.44,-0.5746116716112315,-0.8817521512768334,-0.98072265625,-0.8910099999999999
17.445,-0.5746116716112315,-0.8826911213469959,-0.9853906249999999,-0.8945099999999999
17.451,-0.5759896372505864,-0.8837349278813047,-0.9894921874999999,-0.8985699999999999
17.456,-0.5769082810101569,-0.8846465493086484,-0.99353515625,-0.9020699999999999
17.46,-0.5773676028899413,-0.885508031557487,-0.99755859375,-0.9054199999999999
17.465,-0.5787455685292979,-0.8863649556991913,-1.0016796875,-0.9087999999999998
17.47,-0.5792048904090823,-0.8872401122694402,-1.0059375000000002,-0.91214
17.475,-0.5801235341686528,-0.8881152688396909,-1.01048828125,-0.9155
17.48,-0.5815014998080077,-0.8890405645884449,-1.01505859375,-0.9191199999999999
17.485,-0.5819608216877938,-0.8899476279086524,-1.01978515625,-0.9226099999999999
17.49,-0.5833387873271487,-0.8908957141930891,-1.02486328125,-0.9262599999999999
17.495,-0.5837981092069349,-0.8918483585846637,-1.0291015625000002,-0.9299
17.5,-0.5851760748462898,-0.8926551435478629,-1.0332226562500002,-0.9329699999999999
17.504,-0.5856353967260741,-0.8934619285110621,-1.03724609375,-0.9360299999999999
17.509,-0.5865540404856446,-0.8942595972599889,-1.0415234375,-0.9390999999999998
17.513,-0.5865540404856446,-0.895107405187419,-1.04580078125,-0.9424399999999999
17.518,-0.5883913280047857,-0.8959780036505318,-1.0496093750000002,-0.9459199999999999
17.523,-0.5888506498845718,-0.8967619980780466,-1.05349609375,-0.94885
17.527,-0.5897692936441405,-0.8975870154697922,-1.05703125,-0.9520599999999999
17.531,-0.5902286155239267,-0.8983573355758967,-1.06048828125,-0.9551099999999999
17.536,-0.5911472592834972,-0.8991185394677306,-1.06419921875,-0.95817
17.54,-0.5920659030430677,-0.8999572311808866,-1.0680859375,-0.9613399999999999
17.546,-0.5925252249228521,-0.9008551782868199,-1.0717968750000002,-0.9647899999999998
17.55,-0.593903190562207,-0.9017348929642068,-1.0755078125000002,-0.96824
17.556,-0.593903190562207,-0.9026373981772782,-1.07876953125,-0.9718499999999999
17.56,-0.5952811562015636,-0.9033940439619723,-1.0818164062500002,-0.9748999999999999
17.564,-0.595740478081348,-0.9041598059609424,-1.08498046875,-0.9779399999999998
17.569,-0.5966591218409185,-0.9049574747098674,-1.08814453125,-0.9811099999999999
17.574,-0.5980370874802734,-0.9058052826372958,-1.0919140625000001,-0.98441
17.58,-0.5989557312398439,-0.906871879707289,-1.09509765625,-0.9885299999999999
17.585,-0.5998743749994144,-0.9077242457418553,-1.09802734375,-0.9918399999999998
17.589,-0.6007930187589849,-0.9085674955621474,-1.10095703125,-0.99502
17.594,-0.6012523406387693,-0.9094061872753052,-1.1038476562500001,-0.9983299999999999
17.599,-0.6021709843983398,-0.9102539952027335,-1.1066015625,-1.0016399999999999
17.603,-0.602630306278126,-0.9110516639516604,-1.1091601562500002,-1.00482
17.608,-0.6030896281579103,-0.911790077307808,-1.11208984375,-1.00785
17.613,-0.604467593797267,-0.9126470014495123,-1.1150976562500001,-1.01131
17.618,-0.6053862375568357,-0.913558622876856,-1.1181835937500002,-1.0149299999999999
17.623,-0.6063048813164063,-0.9145021510541564,-1.1209375000000001,-1.0186799999999998
17.628,-0.6072235250759768,-0.915368191410133,-1.12373046875,-1.02216
17.633,-0.6076828469557629,-0.9162205574446993,-1.1266015625,-1.0256399999999999
17.639,-0.6086014907153334,-0.9171230626577689,-1.1293750000000002,-1.02941
17.644,-0.6095201344749022,-0.917970870585199,-1.1320703125000002,-1.03277
17.648,-0.6104387782344727,-0.9188004460840826,-1.1345703125000002,-1.03629
17.653,-0.6108981001142588,-0.9195662080830509,-1.13697265625,-1.03939
17.657,-0.6118167438738293,-0.9203137376534727,-1.13943359375,-1.0424799999999999
17.662,-0.6127353876333999,-0.9210931739738513,-1.1419335937500001,-1.0457199999999998
17.667,-0.6131947095131842,-0.9218726102942298,-1.1443945312500001,-1.04896
17.671,-0.6145726751525391,-0.922683953364567,-1.1470312500000002,-1.05235
17.676,-0.6150319970323253,-0.9235272031848591,-1.14958984375,-1.0557599999999998
17.681,-0.6159506407918958,-0.9243431043623325,-1.1521875000000001,-1.0591599999999999
17.686,-0.6168692845514663,-0.9251772379683505,-1.1546093750000002,-1.06271
17.69,-0.617787928311035,-0.9259475580744567,-1.15697265625,-1.06582
17.695,-0.6187065720706055,-0.9267133200734268,-1.1592578125,-1.06894
17.699,-0.619625215830176,-0.9274836401795312,-1.1617578125,-1.07206
17.704,-0.6200845377099622,-0.9282949832498666,-1.1640625,-1.07533
17.708,-0.6205438595897466,-0.9290379547131522,-1.1663281250000002,-1.07845
17.712,-0.6214625033493171,-0.9297718099621637,-1.1689843750000002,-1.08157
17.717,-0.622840468988672,-0.9306515246395506,-1.1713671875,-1.08513
17.722,-0.6232997908684581,-0.9314081704242465,-1.1736914062500001,-1.08811
17.726,-0.6242184346280286,-0.9321739324232148,-1.17634765625,-1.09125
17.731,-0.624677756507813,-0.9330627633148758,-1.1792382812500002,-1.09497
17.736,-0.6255964002673835,-0.9339515942065351,-1.18177734375,-1.0987
17.741,-0.626515044026954,-0.9347492629554601,-1.1844335937500001,-1.10215
17.746,-0.6274336877865245,-0.9356380938471212,-1.1873046875,-1.10589
17.752,-0.6297302971854499,-0.9366180868815164,-1.1901757812500002,-1.1097599999999999
17.757,-0.6297302971854499,-0.9375388245231324,-1.1929492187500002,-1.11335
17.762,-0.6306489409450204,-0.9384322135219296,-1.1960156250000002,-1.1169499999999999
17.767,-0.6311082628248048,-0.9393939741277784,-1.1987695312500002,-1.1209699999999998
17.772,-0.6320269065843753,-0.9402235496266602,-1.2020117187500001,-1.1244199999999998
17.778,-0.633404872223732,-0.9412172169824657,-1.2067968750000002,-1.12858
17.786,-0.6343235159833007,-0.9426575788376681,-1.20966796875,-1.13442
17.791,-0.6352421597428712,-0.9434917124436861,-1.2132226562500001,-1.1379899999999998
17.797,-0.6370794472620123,-0.9445491932994052,-1.2165234375,-1.1422599999999998
17.802,-0.6375387691417966,-0.9454927214767075,-1.21943359375,-1.1461199999999998
17.807,-0.6389167347811533,-0.9463268550827255,-1.22244140625,-1.14941
17.812,-0.6393760566609377,-0.9471837792244298,-1.22546875,-1.1528299999999998
17.817,-0.6393760566609377,-0.947986006080491,-1.2283203125000002,-1.15625
17.821,-0.6402947004205082,-0.9487107451152301,-1.23119140625,-1.15939
17.825,-0.6412133441800787,-0.9494400422571054,-1.2344531250000002,-1.1623999999999999
17.83,-0.6416726660598631,-0.9502605015417149,-1.23748046875,-1.1659899999999999
17.835,-0.6435099535790041,-0.9510080311121367,-1.240546875,-1.1690099999999999
17.839,-0.6439692754587902,-0.9517920255396533,-1.2437304687500002,-1.17217
17.843,-0.6444285973385746,-0.9525486713243474,-1.2469335937500001,-1.17531
17.848,-0.6448879192183608,-0.9532870846804968,-1.25064453125,-1.17847
17.853,-0.6471845286172861,-0.9541667993578837,-1.25404296875,-1.18207
17.857,-0.6467252067375,-0.9549416775711261,-1.2574023437500002,-1.1852399999999998
17.861,-0.6481031723768567,-0.95568464903441,-1.2608398437500001,-1.18827
17.866,-0.648562494256641,-0.9564412948191041,-1.2644140625,-1.19144
17.87,-0.6494811380162115,-0.957202498710938,-1.2680859375,-1.19447
17.874,-0.6508591036555664,-0.9579773769241804,-1.27185546875,-1.1976299999999998
17.879,-0.6503997817757821,-0.9587340227088745,-1.27591796875,-1.20079
17.883,-0.6522370692949231,-0.9595362495649375,-1.2799609375000003,-1.20411
17.888,-0.6526963911747075,-0.9603202439924541,-1.2842578125000002,-1.2071399999999999
17.892,-0.6531557130544936,-0.961108796527105,-1.2888476562500002,-1.2104499999999998
17.897,-0.6540743568140623,-0.9619246977045783,-1.2935742187500003,-1.2139199999999999
17.901,-0.6549930005736329,-0.9627405988820499,-1.2986328125,-1.2172199999999997
17.906,-0.655452322453419,-0.9635747324880697,-1.3045312500000001,-1.2206599999999999
17.912,-0.6559116443332034,-0.9644909120225496,-1.30962890625,-1.22454
17.916,-0.65728960997256,-0.9652338834858352,-1.3149023437500003,-1.2277
17.921,-0.6582082537321288,-0.9660178779133517,-1.3205859375000002,-1.2309899999999998
17.925,-0.6591268974916993,-0.9668383371979612,-1.3264062500000002,-1.23443
17.93,-0.6605048631310559,-0.9676451221611604,-1.33248046875,-1.2375699999999998
17.934,-0.6609641850108403,-0.9684655814457699,-1.33892578125,-1.24085
17.939,-0.6614235068906265,-0.9693316218017465,-1.3457031250000002,-1.2444099999999998
17.944,-0.6632607944097657,-0.9701976621577213,-1.3517578125000003,-1.24784
17.949,-0.6637201162895519,-0.970990772799512,-1.35765625,-1.2509799999999998
17.953,-0.6641794381693362,-0.9717656510127544,-1.3633984375,-1.25413
17.957,-0.6646387600491224,-0.9725314130117226,-1.3691796875000002,-1.25714
17.962,-0.6660167256884773,-0.9732926169035547,-1.37484375,-1.26029
17.966,-0.6660167256884773,-0.9740538207953868,-1.3803125,-1.26343
17.97,-0.6673946913278321,-0.9748104665800827,-1.38583984375,-1.2667199999999998
17.975,-0.6683133350874026,-0.9756035772218699,-1.39109375,-1.26973
17.979,-0.6687726569671888,-0.976378455435114,-1.39623046875,-1.2728799999999998
17.983,-0.6696913007267593,-0.9771487755412185,-1.4011914062500002,-1.27602
17.988,-0.6701506226065437,-0.9779236537544609,-1.4060546875,-1.27917
17.992,-0.6715285882458986,-0.9786939738605653,-1.4109179687500002,-1.28246
17.997,-0.6719879101256847,-0.9794916426094904,-1.4155664062500002,-1.28545
18.001,-0.6729065538852552,-0.9802756370370069,-1.42013671875,-1.28859
18.006,-0.6733658757650396,-0.9810550733573855,-1.4248242187500002,-1.2917399999999999
18.01,-0.6742845195246101,-0.9818755326419968,-1.42916015625,-1.2953
18.015,-0.6752031632841806,-0.9826458527481012,-1.43328125,-1.2984299999999998
18.019,-0.6747438414043945,-0.9833842661042489,-1.4373242187500002,-1.30141
18.023,-0.6765811289235355,-0.9841181213532622,-1.44140625,-1.3045299999999997
18.028,-0.677499772683106,-0.9849021157807769,-1.445234375,-1.30763
18.032,-0.6784184164426765,-0.985667877779747,-1.4490234375,-1.31074
18.036,-0.679337060202247,-0.9864518722072617,-1.4527929687499999,-1.31384
18.041,-0.679337060202247,-0.9872267504205041,-1.45642578125,-1.3169199999999999
18.045,-0.6807150258416019,-0.9879879543123362,-1.4599804687500002,-1.3199999999999998
18.05,-0.6807150258416019,-0.9887446000970321,-1.4635937500000002,-1.32293
18.054,-0.682552313360743,-0.9895650593816399,-1.4671875,-1.32625
18.059,-0.6830116352405273,-0.9903536119162926,-1.4706640625,-1.3292799999999998
18.063,-0.6839302790000978,-0.9911695130937659,-1.4741796875000002,-1.33245
18.068,-0.6848489227596684,-0.9919945304855116,-1.4775390625000002,-1.3355
18.072,-0.6853082446394545,-0.9928286640915314,-1.4810351562500002,-1.33879
18.077,-0.6866862102788094,-0.9936400071618667,-1.484375,-1.3419499999999998
18.082,-0.6871455321585938,-0.9944604664464762,-1.4875,-1.3451
18.086,-0.6876048540383799,-0.9952262284454445,-1.490625,-1.34796
18.09,-0.6889828196777348,-0.996010222872961,-1.4936914062500002,-1.3509499999999999
18.095,-0.6894421415575209,-0.9967942173004776,-1.4966992187500001,-1.35408
18.099,-0.6899014634373053,-0.99756909551372,-1.4997460937500002,-1.3570699999999998
18.104,-0.6908201071968758,-0.9983394156198244,-1.5026562500000002,-1.3600499999999998
18.108,-0.6921980728362307,-0.9991462005830236,-1.5056250000000002,-1.36316
18.112,-0.6926573947160168,-0.9999256369034022,-1.50853515625,-1.36601
18.117,-0.6935760384755874,-1.0006959570095066,-1.5114257812500003,-1.3689799999999999
18.121,-0.6940353603553717,-1.0014662771156129,-1.5142773437500001,-1.37196
18.125,-0.6944946822351561,-1.0022183647931708,-1.517109375,-1.3748099999999999
18.13,-0.6963319697542971,-1.0029841267921409,-1.5199609375,-1.3778
18.134,-0.6954133259947266,-1.003740772576835,-1.5227148437500002,-1.38078
18.138,-0.6967912916340833,-1.004460953504438,-1.52552734375,-1.38363
18.143,-0.6981692572734381,-1.0052175992891321,-1.52830078125,-1.38662
18.147,-0.6986285791532225,-1.0059924775023745,-1.53115234375,-1.38949
18.151,-0.7000065447925792,-1.006771913822753,-1.5340429687500001,-1.39249
18.156,-0.7000065447925792,-1.00756958257168,-1.53708984375,-1.39563
18.161,-0.7013845104319341,-1.00841739049911,-1.54005859375,-1.3988999999999998
18.165,-0.7023031541915046,-1.009246965997992,-1.5429296875,-1.40204
18.17,-0.7032217979510751,-1.0100765414968755,-1.54578125,-1.40515
18.174,-0.7036811198308595,-1.0108787683529368,-1.54865234375,-1.40814
18.179,-0.7041404417106456,-1.011690111423274,-1.551640625,-1.41126
18.184,-0.7050590854702161,-1.012496896386473,-1.5546289062500003,-1.4143599999999998
18.188,-0.706437051109571,-1.0133264718853567,-1.557578125,-1.4176099999999998
18.193,-0.7073556948691415,-1.014174279812785,-1.5605078125,-1.4207299999999998
18.197,-0.7087336605084964,-1.0150220877402134,-1.56341796875,-1.4238399999999998
18.202,-0.7087336605084964,-1.015851663239097,-1.5664257812500002,-1.4269399999999999
18.207,-0.7101116261478531,-1.016694913059391,-1.5693359375000002,-1.43004
18.211,-0.7105709480276374,-1.0175199304511366,-1.57232421875,-1.43315
18.216,-0.7114895917872079,-1.018372296485703,-1.5753125000000001,-1.43624
18.221,-0.7128675574265628,-1.019215546305995,-1.5783398437500002,-1.43933
18.225,-0.7128675574265628,-1.0200633542334252,-1.581328125,-1.4425599999999998
18.23,-0.7142455230659195,-1.0208746973037606,-1.58423828125,-1.44551
18.234,-0.7156234887052744,-1.0217225052311907,-1.5871093750000003,-1.4485999999999999
18.239,-0.7160828105850587,-1.0225429645158002,-1.5900781250000002,-1.45154
18.243,-0.7170014543446293,-1.023372540014682,-1.5930273437500002,-1.4544899999999998
18.248,-0.7174607762244154,-1.0241929992992933,-1.59607421875,-1.45755
18.252,-0.7188387418637703,-1.0250362491195855,-1.59939453125,-1.4605
18.257,-0.7192980637435546,-1.025943312439793,-1.602734375,-1.4638399999999998
18.262,-0.7202167075031252,-1.0268412595457264,-1.6063671875,-1.46706
18.267,-0.7220539950222662,-1.0278258106872578,-1.6098828125,-1.47067
18.272,-0.7234319606616211,-1.0288331523644718,-1.6143164062500002,-1.4740199999999999
18.278,-0.7238912825414072,-1.0300000277914716,-1.61818359375,-1.47818
18.284,-0.7252692481807621,-1.0310575086471907,-1.62248046875,-1.4817999999999998
18.289,-0.7257285700605483,-1.0321286638243201,-1.62583984375,-1.48569
18.294,-0.7271065356999031,-1.03296279743034,-1.6294140625,-1.48864
18.299,-0.728484501339258,-1.03389265128623,-1.633203125,-1.49187
18.304,-0.7294031450988285,-1.0348635281063512,-1.63666015625,-1.4950899999999998
18.308,-0.730321788858399,-1.0357250103551916,-1.64037109375,-1.49804
18.313,-0.7307811107381834,-1.0366503061039456,-1.6442968750000002,-1.5012599999999998
18.318,-0.7321590763775401,-1.037593834281246,-1.6481054687499999,-1.50447
18.322,-0.7326183982573244,-1.0384689908514968,-1.6519335937500002,-1.5075599999999998
18.327,-0.733537042016895,-1.0393532636360199,-1.6557421875,-1.51064
18.331,-0.7344556857764655,-1.0402238620991326,-1.66001953125,-1.51372
18.336,-0.7358336514158204,-1.0412038551335279,-1.6643750000000002,-1.5170499999999998
18.341,-0.7362929732956065,-1.042170173846511,-1.66833984375,-1.5203799999999998
18.346,-0.7376709389349614,-1.0430772371667185,-1.67259765625,-1.52344
18.351,-0.7390489045743163,-1.0440709045225223,-1.6762304687500003,-1.5267499999999998
18.355,-0.7399675483338868,-1.0449597354141833,-1.67990234375,-1.5296599999999998
18.36,-0.7408861920934573,-1.0458576825201167,-1.6833593750000002,-1.5326899999999999
18.364,-0.7431828014923827,-1.0467738620545965,-1.687421875,-1.53545
18.369,-0.7427234796125983,-1.0478678077674104,-1.69083984375,-1.5389899999999999
18.374,-0.7431828014923827,-1.0487429643376593,-1.6946484375000002,-1.54188
18.379,-0.7445607671317394,-1.0497320735863287,-1.6980078125000002,-1.54513
18.383,-0.7463980546508804,-1.0506801598707654,-1.70166015625,-1.5481099999999999
18.389,-0.7468573765306648,-1.0517513150478948,-1.70509765625,-1.55144
18.394,-0.7477760202902353,-1.0528179121178862,-1.708515625,-1.55483
18.4,-0.7486946640498058,-1.0539300902592466,-1.7117187500000002,-1.5582699999999998
18.405,-0.7496133078093763,-1.0549921292221018,-1.71474609375,-1.56151
18.41,-0.7505319515689468,-1.056049610077821,-1.71748046875,-1.5646399999999998
18.416,-0.7509912734487312,-1.05710709093354,-1.7199804687500002,-1.56775
18.421,-0.7519099172083017,-1.058068851539387,-1.7221484375000002,-1.5705099999999999
18.426,-0.7523692390880861,-1.059030612145234,-1.72408203125,-1.5731099999999998
18.431,-0.7528285609678722,-1.0599103268226209,-1.7260546875,-1.57544
18.437,-0.7532878828476566,-1.06088576174988,-1.7276562500000001,-1.57796
18.442,-0.7542065266072271,-1.0616697561773947,-1.7291015625000001,-1.57986
18.446,-0.7537472047274427,-1.0624036114264062,-1.73048828125,-1.5816599999999998
18.451,-0.7551251703667976,-1.0631329085682797,-1.732109375,-1.58337
18.456,-0.7551251703667976,-1.063998948924258,-1.73349609375,-1.5852899999999999
18.461,-0.7565031360061525,-1.0647738271375005,-1.7349218750000002,-1.58699
18.467,-0.7569624578859386,-1.0655851702078358,-1.7362890625,-1.58869
18.472,-0.7565031360061525,-1.0663144673497111,-1.7375390625000002,-1.59029
18.476,-0.757421779765723,-1.0669526023488505,-1.73869140625,-1.5917599999999998
18.48,-0.7583404235252935,-1.0675952954551278,-1.73990234375,-1.59317
18.485,-0.7587997454050779,-1.0682243142399965,-1.7410546875,-1.59452
18.489,-0.759259067284864,-1.0688396587034532,-1.74240234375,-1.5959699999999999
18.494,-0.7597183891646484,-1.0695643977381906,-1.7437109375000002,-1.5976899999999998
18.499,-0.7606370329242189,-1.070261788130109,-1.745,-1.5993499999999998
18.504,-0.7615556766837894,-1.0709500623077535,-1.74630859375,-1.60094
18.509,-0.7620149985635756,-1.0716520108068082,-1.7475585937500002,-1.60263
18.513,-0.7624743204433599,-1.0722719133774028,-1.7488281250000002,-1.60414
18.518,-0.7638522860827148,-1.0729237226979542,-1.75001953125,-1.6056599999999999
18.522,-0.7638522860827148,-1.0735664158042315,-1.7514453125000002,-1.6072499999999998
18.528,-0.7647709298422853,-1.0743276196960618,-1.7527148437500002,-1.60914
18.533,-0.7652302517220715,-1.075002219552296,-1.7541210937500002,-1.61082
18.538,-0.766148895481642,-1.075726958587035,-1.7555664062500003,-1.61266
18.543,-0.7670675392412107,-1.0764836043717292,-1.7569726562500003,-1.6145299999999998
18.548,-0.7670675392412107,-1.0771673204422374,-1.75818359375,-1.61635
18.552,-0.7679861830007813,-1.0777644324771476,-1.7594726562500003,-1.61798
18.557,-0.7684455048805674,-1.0784025674762887,-1.7608007812500002,-1.6197
18.562,-0.7698234705199223,-1.0790680511182504,-1.76208984375,-1.6215199999999999
18.566,-0.7702827923997084,-1.0797016280102536,-1.7634375,-1.6232
18.571,-0.7702827923997084,-1.080353437330805,-1.7648632812500002,-1.625
18.576,-0.7716607580390633,-1.0810325952941753,-1.7663671875000002,-1.6269
18.581,-0.7725794017986338,-1.0817664505431868,-1.7678515625,-1.6290099999999998
18.586,-0.7739573674379887,-1.0824957476850638,-1.7692968750000002,-1.6309799999999999
18.59,-0.7739573674379887,-1.0831976961841168,-1.7708593750000001,-1.6329799999999999
18.595,-0.7753353330773436,-1.0839589000759489,-1.77236328125,-1.63519
18.6,-0.7762539768369141,-1.0846745228964139,-1.7741601562500002,-1.63716
18.606,-0.7776319424762708,-1.0855542375738008,-1.7758203125,-1.6396199999999999
18.611,-0.7780912643560551,-1.0863655806441361,-1.7773828125,-1.6418599999999999
18.616,-0.7790099081156256,-1.0871176683216959,-1.7789257812500001,-1.6440299999999999
18.62,-0.7803878737549805,-1.0878834303206641,-1.78052734375,-1.6462299999999999
18.625,-0.781306517514551,-1.0886856571767254,-1.7820507812500002,-1.64846
18.629,-0.7826844831539077,-1.0894423029614213,-1.7835546875000001,-1.6505299999999998
18.634,-0.7836031269134764,-1.0902126230675275,-1.785078125,-1.6526299999999998
18.638,-0.784521770673047,-1.090992059387906,-1.786640625,-1.65476
18.643,-0.7858997363124036,-1.091785170029695,-1.7882421875000003,-1.65682
18.647,-0.7858997363124036,-1.092573722564346,-1.78982421875,-1.6590099999999999
18.651,-0.788196345711329,-1.0933759494204107,-1.791484375,-1.66125
18.656,-0.7891149894708995,-1.0942511059906597,-1.79326171875,-1.6635199999999999
18.661,-0.7904929551102544,-1.0951946341679601,-1.7949218750000002,-1.66601
18.665,-0.7914115988698249,-1.0960561164168006,-1.79681640625,-1.6683499999999998
18.67,-0.7927895645091798,-1.0970725743082888,-1.79873046875,-1.6710699999999998
18.675,-0.7941675301485365,-1.0980799159855046,-1.8005078125000002,-1.6737099999999998
18.679,-0.7960048176676757,-1.099023444162805,-1.8022265625,-1.67617
18.683,-0.7969234614272462,-1.099985204768652,-1.8039843750000002,-1.6786699999999999
18.688,-0.7983014270666029,-1.1009424072673628,-1.8057226562500002,-1.6810699999999998
18.692,-0.7992200708261716,-1.1019087259803477,-1.80751953125,-1.68364
18.696,-0.8005980364655283,-1.1029160676575618,-1.80931640625,-1.6862199999999998
18.701,-0.8019760021048832,-1.1039234093347776,-1.8111328125000001,-1.68884
18.705,-0.8028946458644537,-1.1049626577619485,-1.8130078125000002,-1.69146
18.71,-0.8047319333835947,-1.106038371046214,-1.8149804687500002,-1.69423
18.714,-0.8065692209027358,-1.1071961302589415,-1.81685546875,-1.69701
18.719,-0.8074878646623045,-1.1083083084003,-1.81880859375,-1.6998099999999998
18.724,-0.8088658303016611,-1.1094615095058913,-1.8207421875000003,-1.70262
18.728,-0.8111624397005865,-1.1106557335757117,-1.8226953125,-1.70545
18.733,-0.8116217615803709,-1.111877306288351,-1.8246484375,-1.7083899999999999
18.738,-0.8134590490995119,-1.1130760884653093,-1.82650390625,-1.71123
18.742,-0.815296336618653,-1.1142292895708987,-1.82837890625,-1.71382
18.746,-0.817133624137794,-1.1154235136407191,-1.83025390625,-1.71654
18.751,-0.8180522678973645,-1.1166314120319498,-1.83220703125,-1.71928
18.755,-0.8203488772962899,-1.1178848914945476,-1.8342773437500002,-1.7221499999999998
18.76,-0.8221861648154309,-1.119238649314152,-1.83626953125,-1.72501
18.764,-0.8235641304547858,-1.120542267955253,-1.83833984375,-1.72775
18.769,-0.8249420960941407,-1.1218641190249024,-1.8403906250000002,-1.7305
18.773,-0.8267793836132817,-1.1232224349516446,-1.8424218750000003,-1.73339
18.778,-0.8286166711324228,-1.124544286021294,-1.84443359375,-1.73616
18.782,-0.8304539586515638,-1.1258752533052139,-1.8464453125,-1.73894
18.786,-0.8313726024111343,-1.1272198949105476,-1.848515625,-1.7416
18.79,-0.8341285336898441,-1.1285782108372882,-1.85056640625,-1.7444
18.795,-0.8359658212089851,-1.1299775497282614,-1.8527148437499998,-1.74708
18.799,-0.8368844649685556,-1.131390562940643,-1.85486328125,-1.75003
18.803,-0.839181074367481,-1.132826366688711,-1.8570703125000003,-1.75273
18.808,-0.8405590400068359,-1.1342712866510514,-1.85927734375,-1.75544
18.812,-0.8428556494057631,-1.1357389971490743,-1.86150390625,-1.75843
18.816,-0.8437742931653318,-1.1372067076470973,-1.8637500000000002,-1.7610299999999999
18.821,-0.8469895463238295,-1.1386926505736668,-1.8660742187500001,-1.76392
18.825,-0.8488268338429688,-1.1402606394286998,-1.8683984375000002,-1.76693
18.829,-0.8502047994823254,-1.141824070176595,-1.8707812500000003,-1.7695699999999999
18.834,-0.8525014088812508,-1.1433966171387606,-1.8732421875,-1.77247
18.838,-0.8543386964003918,-1.1450284194937073,-1.8760156250000002,-1.77552
18.843,-0.8570946276791016,-1.1468835690983514,-1.8784570312500002,-1.77883
18.847,-0.8589319151982426,-1.1485381619889807,-1.8808984375000002,-1.78162
18.852,-0.8603098808375975,-1.1501654062367894,-1.8833984375000001,-1.7845199999999999
18.856,-0.8626064902365247,-1.1518427896631014,-1.8859570312500002,-1.78742
18.86,-0.864443777755664,-1.1535247311965495,-1.8886328125000003,-1.7902
18.865,-0.8667403871545911,-1.1553206254084163,-1.8915625,-1.79324
18.87,-0.8690369965535165,-1.1572122398701552,-1.8944921875,-1.79639
18.874,-0.8708742840726575,-1.1590537151533908,-1.8973046875,-1.79941
18.879,-0.8736302153513673,-1.1608496093652576,-1.90021484375,-1.8023099999999999
18.883,-0.8754675028705083,-1.1626682941128088,-1.9033789062500002,-1.8052
18.888,-0.8782234341492199,-1.164682977467237,-1.9065820312500001,-1.8084799999999999
18.893,-0.8805200435481453,-1.1666429635360256,-1.9097656250000001,-1.81151
18.897,-0.8823573310672863,-1.168566484747723,-1.91302734375,-1.8144099999999999
18.902,-0.8851132623459961,-1.1705629356736047,-1.9163671875,-1.81758
18.906,-0.888328515504492,-1.1725639447066243,-1.9197851562500001,-1.82049
18.911,-0.890165803023633,-1.17448746591832,-1.9232031250000001,-1.82341
18.915,-0.8929217343023446,-1.1764428938799725,-1.9266796875,-1.82619
18.919,-0.8947590218214856,-1.178398321841625,-1.9302734375,-1.8291
18.924,-0.8975149531001954,-1.180381098446098,-1.9340625,-1.8320299999999998
18.928,-0.9002708843789069,-1.182432246657621,-1.93787109375,-1.83483
18.932,-0.9030268156576184,-1.1845107435119644,-1.94177734375,-1.83775
18.937,-0.9057827469363282,-1.1866165890091303,-1.94583984375,-1.8406699999999998
18.941,-0.9080793563352554,-1.188745225041977,-1.94998046875,-1.8435899999999998
18.945,-0.9103759657341808,-1.1908601867534134,-1.9543554687500002,-1.8463699999999998
18.95,-0.9135912188926767,-1.1930389619647652,-1.9588671875,-1.84927
18.954,-0.9154285064118177,-1.195258760140348,-1.96376953125,-1.8521699999999999
18.959,-0.919103081450098,-1.1975742785657992,-1.9688671875,-1.85521
18.963,-0.9213996908490234,-1.1999627267054418,-1.9743359375,-1.85825
18.968,-0.9241556221277349,-1.2024195464521323,-1.9796679687499998,-1.8614
18.972,-0.9273708752862309,-1.2047897621632266,-1.98560546875,-1.86429
18.977,-0.9296674846851563,-1.2074289061953873,-1.9916796875,-1.8675599999999999
18.983,-0.9338013816032227,-1.2102184677630579,-1.9970898437500002,-1.87107
18.987,-0.9370166347617186,-1.2126388226526554,-2.00291015625,-1.87394
18.992,-0.9393132441606458,-1.2154010355775071,-2.00875,-1.8772
18.997,-0.9434471410787122,-1.218217945788,-2.01384765625,-1.8804599999999998
19.002,-0.9466623942372081,-1.2207476952488783,-2.01900390625,-1.8834499999999998
19.006,-0.949877647395704,-1.2233913973881752,-2.0240039062500004,-1.88645
19.011,-0.9535522224339843,-1.2260533319560185,-2.02892578125,-1.88943
19.015,-0.956767475592482,-1.2287790800237772,-2.03373046875,-1.8923999999999999
19.02,-0.9590640849914074,-1.231450130805893,-2.03873046875,-1.89526
19.025,-0.9631979819094738,-1.234399226123351,-2.0437109375,-1.89851
19.03,-0.9664132350679697,-1.237384786297902,-2.04822265625,-1.90176
19.034,-0.97008781010625,-1.2402244870440775,-2.0529492187500002,-1.90476
19.039,-0.9733030632647459,-1.2432875350399524,-2.057109375,-1.9080199999999998
19.044,-0.976977638303028,-1.246008725000575,-2.0611328125,-1.91075
19.048,-0.9801928914615239,-1.2487709379254248,-2.06501953125,-1.91363
19.052,-0.9838674664998059,-1.2515468251716868,-2.06896484375,-1.91652
19.057,-0.9866233977785157,-1.254418432667821,-2.07275390625,-1.9194099999999998
19.061,-0.9902979728167978,-1.2572535753068586,-2.07646484375,-1.92231
19.066,-0.993972547855078,-1.2601069503744462,-2.08013671875,-1.92519
19.07,-0.9967284791337896,-1.2630104646205353,-2.08375,-1.9279499999999998
19.074,-1.0004030541720716,-1.2659094207594883,-2.08728515625,-1.93085
19.079,-1.0036183073305676,-1.268840283648398,-2.09078125,-1.93374
19.083,-1.0068335604890635,-1.2717620303230355,-2.09416015625,-1.93664
19.087,-1.0105081355273438,-1.2747065675333555,-2.09765625,-1.9394099999999999
19.092,-1.0132640668060553,-1.2778106384934613,-2.1011328125,-1.94244
19.096,-1.0173979637241217,-1.280978522953479,-2.10455078125,-1.94545
19.101,-1.0219911825219725,-1.2841737560563207,-2.10796875,-1.94834
19.106,-1.0252064356804702,-1.2875194066946722,-2.1113671875,-1.9514699999999998
19.11,-1.0284216888389661,-1.2907419884403328,-2.11458984375,-1.95445
19.115,-1.031636941997462,-1.293937221543171,-2.1178906250000002,-1.9573099999999999
19.119,-1.0353115170357423,-1.2972281748958832,-2.12111328125,-1.9602899999999999
19.124,-1.0389860920740244,-1.300500895820047,-2.12423828125,-1.9632699999999998
19.128,-1.0422013452325203,-1.3037371518871161,-2.12740234375,-1.96624
19.133,-1.0463352421505867,-1.307050895775511,-2.130703125,-1.96922
19.138,-1.0504691390686531,-1.3105788706993327,-2.13390625,-1.97233
19.143,-1.0541437141069334,-1.314120519944563,-2.13705078125,-1.97543
19.147,-1.0578182891452155,-1.3176029137970158,-2.139921875,-1.97854
19.152,-1.060574220423927,-1.320802705006992,-2.1428125000000002,-1.9812599999999998
19.156,-1.0651674392217778,-1.3240617516097455,-2.1456640625000003,-1.9841099999999998
19.16,-1.0693013361398442,-1.3273162401053629,-2.1485546875,-1.98695
19.165,-1.0725165892983402,-1.330730262350766,-2.1514843750000003,-1.9898099999999999
19.169,-1.0766504862164066,-1.334180749453262,-2.1544140625,-1.9927899999999998
19.174,-1.0794064174951181,-1.3375947716986651,-2.15728515625,-1.99563
19.178,-1.0830809925333984,-1.3410042358369303,-2.16013671875,-1.99861
19.183,-1.0867555675716805,-1.3443863513323748,-2.16294921875,-2.0014499999999997
19.187,-1.0899708207301764,-1.347754792506409,-2.1658203125,-2.0042999999999997
19.192,-1.0945640395280272,-1.351209837716043,-2.16884765625,-2.0072799999999997
19.196,-1.0977792926865249,-1.354906462603923,-2.171875,-2.01038
19.201,-1.1014538677248051,-1.3585939712775268,-2.17466796875,-2.01348
19.206,-1.1055877646428716,-1.361930505701606,-2.177421875,-2.01618
19.21,-1.109721661560938,-1.3653171793041885,-2.1801171875,-2.01902
19.214,-1.1124775928396495,-1.368690178585359,-2.18287109375,-2.02184
19.219,-1.1156928459981454,-1.3720495035451208,-2.18560546875,-2.02454
19.223,-1.1189080991566414,-1.375427060933431,-2.18833984375,-2.02737
19.227,-1.1225826741949216,-1.3788182926431478,-2.19109375,-2.0302
19.232,-1.1253386054736332,-1.38219129192432,-2.19380859375,-2.03302
19.236,-1.1290131805119152,-1.385509593919851,-2.1965625,-2.0357
19.24,-1.1322284336704111,-1.3888734769867508,-2.19931640625,-2.0385
19.245,-1.135443686828907,-1.392232801946511,-2.2020703125,-2.0413
19.249,-1.1391182618671873,-1.3955966850134107,-2.20490234375,-2.04408
19.253,-1.1418741931458989,-1.399010707258812,-2.2077734374999998,-2.04686
19.258,-1.145548768184181,-1.4025250078612217,-2.2106445312500003,-2.04977
19.263,-1.1487640213426769,-1.4060210760350866,-2.2134960937500003,-2.05269
19.267,-1.1533572401405277,-1.4094670050304465,-2.216328125,-2.0556
19.272,-1.1561131714192392,-1.4129129340258046,-2.2192578125,-2.05838
19.276,-1.159328424577735,-1.4164044440925299,-2.22212890625,-2.06129
19.281,-1.162543677736231,-1.41978200148084,-2.225390625,-2.0640799999999997
19.285,-1.1652996090149426,-1.4235059750115386,-2.22853515625,-2.06725
19.29,-1.1698928278127934,-1.427056740471043,-2.23193359375,-2.0701899999999998
19.295,-1.1735674028510754,-1.4310314098942616,-2.235390625,-2.07352
19.301,-1.1772419778893557,-1.4349058009604718,-2.23853515625,-2.07685
19.305,-1.1799979091680672,-1.4382241029560046,-2.24189453125,-2.0796799999999998
19.31,-1.1827538404467788,-1.4418797048796517,-2.24556640625,-2.08289
19.315,-1.1873470592446296,-1.4458680486242805,-2.24904296875,-2.08636
19.32,-1.1910216342829116,-1.4493960235481023,-2.25287109375,-2.08932
19.326,-1.1942368874414075,-1.4534709713283274,-2.25681640625,-2.09293
19.331,-1.1979114624796878,-1.457331688073129,-2.26029296875,-2.0962799999999997
19.335,-1.2015860375179699,-1.4607593846399407,-2.26373046875,-2.09937
19.34,-1.2043419687966797,-1.4640412217783787,-2.2672265625000003,-2.10221
19.345,-1.2070979000753912,-1.467336733238227,-2.27119140625,-2.1051699999999998
19.35,-1.2107724751136733,-1.4710242419118327,-2.27515625,-2.10854
19.355,-1.2144470501519535,-1.4746433789783868,-2.27916015625,-2.11178
19.36,-1.2176623033104494,-1.4782442836163945,-2.2834375000000002,-2.11501
19.365,-1.2208775564689454,-1.481922676075726,-2.28763671875,-2.1184
19.37,-1.2240928096274413,-1.485414186142453,-2.29201171875,-2.12167
19.375,-1.227308062785939,-1.4889695097090936,-2.29630859375,-2.12494
19.38,-1.2305233159444349,-1.4923744157402226,-2.3009765625000003,-2.1282099999999997
19.385,-1.2341978909827152,-1.496089273056647,-2.3052734375,-2.13163
19.39,-1.237413144141211,-1.4992206926595752,-2.3091992187500003,-2.13466
19.394,-1.2401690754199226,-1.5022381595840812,-2.3130273437500004,-2.1375599999999997
19.398,-1.242465684818848,-1.5052009292229496,-2.317265625,-2.14033
19.403,-1.245680937977344,-1.5085511379684373,-2.3215039062500002,-2.14364
19.408,-1.2488961911358398,-1.5117828359283703,-2.32525390625,-2.14684
19.412,-1.2521114442943357,-1.5148185352814245,-2.32904296875,-2.14976
19.417,-1.2539487318134768,-1.51782688599166,-2.33265625,-2.15266
19.421,-1.2567046630921883,-1.520821562380485,-2.3367578125,-2.1557
19.426,-1.2594605943708999,-1.5241626549116987,-2.34033203125,-2.15904
19.431,-1.2622165256496096,-1.5270889596934722,-2.34384765625,-2.16199
19.435,-1.2640538131687507,-1.5300152644752458,-2.34716796875,-2.16507
19.44,-1.2677283882070327,-1.5328595233285593,-2.35056640625,-2.16802
19.444,-1.270024997605958,-1.5358450835031086,-2.3541015625,-2.1711
19.449,-1.2727809288846679,-1.538935480141804,-2.3574609375,-2.1742999999999997
19.454,-1.2755368601633794,-1.5419529470663136,-2.3610546875,-2.17751
19.459,-1.2787521133218753,-1.5452940395975272,-2.36416015625,-2.181
19.464,-1.2815080446005869,-1.5481291822365666,-2.3678125,-2.18408
19.469,-1.2838046539995123,-1.5516708314817969,-2.37103515625,-2.1878599999999997
19.474,-1.2861012633984377,-1.5545971362635704,-2.37390625,-2.1911
19.479,-1.288397872797363,-1.5573046519027827,-2.376796875,-2.1940399999999998
19.483,-1.2916131259558608,-1.5600531905062223,-2.379609375,-2.1971
19.488,-1.2939097353547862,-1.562815403431074,-2.3824804687500003,-2.20016
19.493,-1.2962063447537115,-1.5656915690343425,-2.38546875,-2.20336
19.498,-1.298502954152637,-1.5687090359588503,-2.3884374999999998,-2.20683
19.503,-1.3012588854313485,-1.571731060990496,-2.39142578125,-2.2102999999999997
19.508,-1.3035554948302739,-1.5747075049507728,-2.3941210937500004,-2.2136199999999997
19.513,-1.3058521042291993,-1.577451485447078,-2.396953125,-2.21694
19.518,-1.3090673573876952,-1.580313976728938,-2.39958984375,-2.2202599999999997
19.523,-1.3109046449068362,-1.5830169342610123,-2.40240234375,-2.22343
19.528,-1.3136605761855478,-1.5858384025786414,-2.40513671875,-2.22674
19.533,-1.3150385418249027,-1.5886826614319514,-2.40779296875,-2.23021
19.538,-1.317335151223828,-1.591321805464112,-2.4105859375,-2.2334
19.543,-1.3196317606227552,-1.5941934129602444,-2.4133984375,-2.2370099999999997
19.549,-1.3219283700216806,-1.5970331137064218,-2.416328125,-2.2406099999999998
19.554,-1.3237656575408216,-1.5998864887740076,-2.41935546875,-2.24435
19.56,-1.3265215888195314,-1.602885723269969,-2.42181640625,-2.24834
19.565,-1.3288181982184568,-1.6052741714096097,-2.42400390625,-2.25154
19.569,-1.3315741294971684,-1.6074757371566442,-2.42615234375,-2.25435
19.573,-1.3320334513769545,-1.6096408380465856,-2.4283398437500003,-2.2573
19.578,-1.33433006077588,-1.61176035786516,-2.430703125,-2.26011
19.583,-1.3370859920545897,-1.614157922219075,-2.4330859375,-2.2634499999999997
19.587,-1.3384639576939463,-1.6164369757874333,-2.43546875,-2.26651
19.592,-1.3403012452130874,-1.6187616104271605,-2.43794921875,-2.26972
19.597,-1.3430571764917971,-1.6211318261382548,-2.4401367187500003,-2.27306
19.601,-1.3439758202513676,-1.6232012067783241,-2.44232421875,-2.27601
19.606,-1.3458131077705087,-1.6253161684897623,-2.444609375,-2.2790999999999997
19.61,-1.3476503952896497,-1.627394665344104,-2.44708984375,-2.28205
19.615,-1.349947004688575,-1.629705625662421,-2.44958984375,-2.28539
19.621,-1.35132497032793,-1.6320029116593275,-2.4519140624999998,-2.28888
19.625,-1.3522436140875005,-1.634044943656578,-2.4543554687499998,-2.29195
19.63,-1.3540809016066415,-1.636187254010835,-2.45705078125,-2.2953
19.636,-1.356377511005567,-1.6385757021504777,-2.45939453125,-2.29891
19.64,-1.3577554766449218,-1.640563036862087,-2.4616601562500002,-2.30213
19.645,-1.360052086043849,-1.6425594877879686,-2.46392578125,-2.30533
19.649,-1.3614300516832039,-1.644428311714023,-2.4664257812500003,-2.30828
19.655,-1.3628080173225587,-1.6465387153183233,-2.46873046875,-2.31162
19.659,-1.3646453048416998,-1.6484120973515157,-2.47103515625,-2.3146899999999997
19.664,-1.3664825923608408,-1.6502763631704322,-2.4734765625,-2.31777
19.668,-1.3678605580001957,-1.6521998843821297,-2.4759375,-2.32098
19.673,-1.3696978455193367,-1.6541097312724133,-2.4782421875,-2.3241899999999998
19.678,-1.3706164892789072,-1.655819021448682,-2.4808984375,-2.32713
19.683,-1.3729130986778326,-1.6578747277673447,-2.483359375,-2.33075
19.687,-1.3738317424374031,-1.6595931341578876,-2.4861328125,-2.3336799999999998
19.693,-1.375209708076758,-1.6616032594051795,-2.48890625,-2.33729
19.698,-1.377046995595899,-1.6634857576526443,-2.4917773437500004,-2.34063
19.703,-1.3793436049948244,-1.6654366275071606,-2.49466796875,-2.34409
19.708,-1.380262248754395,-1.6673738230402666,-2.4976953125000003,-2.34756
19.713,-1.3825588581533204,-1.6693338091090553,-2.5006640625000003,-2.35118
19.718,-1.383936823792677,-1.6711980749279736,-2.50341796875,-2.35453
19.723,-1.3857741113118163,-1.6728936907828302,-2.50640625,-2.35775
19.728,-1.387152076951173,-1.6746850268875608,-2.5097265625,-2.36095
19.734,-1.3880707207107434,-1.6766085480992583,-2.5125,-2.36471
19.738,-1.3899080082298827,-1.6781537464186052,-2.5160351562500005,-2.36766
19.744,-1.3917452957490237,-1.680122848701668,-2.51921875,-2.37145
19.749,-1.3926639395085942,-1.6817956740208437,-2.52248046875,-2.3746899999999997
19.753,-1.3945012270277353,-1.6834274763757886,-2.52578125,-2.3780799999999997
19.758,-1.3958791926670902,-1.6850638368378696,-2.5288085937500004,-2.3813299999999997
19.762,-1.3972571583064468,-1.686517873014484,-2.53189453125,-2.3841799999999997
19.767,-1.3977164801862312,-1.6879582348696882,-2.53513671875,-2.38717
19.771,-1.3995537677053722,-1.689416829153437,-2.53875,-2.39031
19.776,-1.400931733344727,-1.6910212828655613,-2.542109375,-2.3935899999999997
19.781,-1.4013910552245115,-1.6924160636493983,-2.545625,-2.3966
19.785,-1.404146986503223,-1.6938564255046007,-2.54912109375,-2.3996
19.789,-1.4046063083830092,-1.6952603225027119,-2.5528906250000003,-2.40261
19.794,-1.405984274022364,-1.6967098005721866,-2.5568945312499998,-2.4057399999999998
19.799,-1.4064435959021484,-1.6981683948559372,-2.5611523437500003,-2.40903
19.804,-1.4082808834212894,-1.6996588958896446,-2.5661523437500002,-2.41233
19.809,-1.4096588490606443,-1.7013226049945462,-2.57046875,-2.4160399999999997
19.814,-1.411036814700001,-1.7027128276712453,-2.57529296875,-2.41921
19.819,-1.4124147803393559,-1.7042261192406372,-2.580546875,-2.42266
19.824,-1.4142520678584969,-1.7058807121312665,-2.58630859375,-2.42638
19.829,-1.4151707116180674,-1.7074304685577495,-2.5917578125,-2.42999
19.834,-1.4165486772574223,-1.7088981790557725,-2.5972265625,-2.4334599999999997
19.839,-1.4174673210169928,-1.7103020760538836,-2.6036718750000003,-2.4367799999999997
19.844,-1.4193046085361338,-1.7118791811231873,-2.6095117187500003,-2.44055
19.849,-1.4202232522957043,-1.7132694037998863,-2.616875,-2.44388
19.855,-1.4216012179350592,-1.7148692994048744,-2.6226367187500004,-2.44774
19.859,-1.4220605398148436,-1.7161045464389257,-2.62830078125,-2.4508099999999997
19.863,-1.4234385054542003,-1.717289654294472,-2.6340820312499997,-2.4538699999999998
19.868,-1.4248164710935551,-1.7184884364714303,-2.63978515625,-2.45693
19.872,-1.42619443673291,-1.719728241612616,-2.64548828125,-2.45998
19.877,-1.4271130804924805,-1.720945256218121,-2.6509765625,-2.46305
19.881,-1.428031724252051,-1.7221440383950792,-2.6576171875,-2.46611
19.886,-1.4289503680116216,-1.7235844002502816,-2.6633984375,-2.46971
19.891,-1.4303283336509764,-1.7248834607842465,-2.6692773437500006,-2.4732
19.896,-1.4321656211701175,-1.7262372186038508,-2.67498046875,-2.47668
19.901,-1.433084264929688,-1.727554511566364,-2.68005859375,-2.48004
19.906,-1.4340029086892585,-1.7287532937433205,-2.68478515625,-2.4832899999999998
19.91,-1.434921552448829,-1.7299019367417738,-2.68982421875,-2.48637
19.915,-1.436299518088184,-1.7311326256686872,-2.69453125,-2.4897299999999998
19.919,-1.4372181618477544,-1.732308617309961,-2.69943359375,-2.49282
19.924,-1.438136805607325,-1.733557538665421,-2.704296875,-2.49636
19.929,-1.4390554493668954,-1.7348110181280187,-2.7097460937499998,-2.49974
19.935,-1.4404334150062503,-1.7362285894475384,-2.71439453125,-2.50386
19.94,-1.4418113806456052,-1.7374638364815898,-2.719140625,-2.50727
19.945,-1.4427300244051757,-1.7387446645870082,-2.7237890625000003,-2.51098
19.95,-1.4441079900445324,-1.7400209345852886,-2.7278125,-2.5147
19.954,-1.4454859556838873,-1.7411513451551937,-2.7323828125000005,-2.51797
19.96,-1.4468639213232422,-1.742473196224843,-2.7368945312500004,-2.52168
19.965,-1.4473232432030283,-1.743781372973082,-2.74091796875,-2.52554
19.97,-1.4482418869625988,-1.7449482484000818,-2.7448828124999998,-2.52897
19.975,-1.4491605307221693,-1.7461196819342177,-2.7486328125,-2.53251
19.979,-1.450079174481738,-1.747195395218485,-2.7527734374999997,-2.53578
19.985,-1.451916462000879,-1.748489897645312,-2.7565234375,-2.5396
19.99,-1.4528351057604496,-1.749624866322355,-2.7602929687500004,-2.5429899999999996
19.995,-1.4537537495200201,-1.7507917417493548,-2.76396484375,-2.54651
20.0,-1.4546723932795906,-1.7519221523192616,-2.7673046875,-2.55003
20.004,-1.4560503589189455,-1.7529705169607066,-2.7708789062500006,-2.55312
20.009,-1.4574283245583022,-1.7541373923877064,-2.77466796875,-2.55663
20.014,-1.4574283245583022,-1.755345290778937,-2.7780468750000002,-2.56027
20.019,-1.4592656120774414,-1.756443794598887,-2.7814453125000003,-2.56378
20.024,-1.4597249339572276,-1.7575377403116992,-2.78486328125,-2.56715
20.029,-1.4611028995965825,-1.7586499184530595,-2.7887500000000003,-2.5706499999999997
20.035,-1.462021543356153,-1.75992618845134,-2.79232421875,-2.57457
20.04,-1.4633995089955079,-1.761093063878338,-2.79546875,-2.57823
20.044,-1.4633995089955079,-1.7620639406984608,-2.7984960937500003,-2.58147
20.049,-1.4647774746348645,-1.763043933732856,-2.80146484375,-2.58469
20.053,-1.4666147621540038,-1.7640102524458392,-2.8048828125000003,-2.58764
20.058,-1.4666147621540038,-1.7651315468014719,-2.8080859375000005,-2.5913
20.063,-1.4675334059135743,-1.7661616790143704,-2.8113671874999997,-2.59466
20.068,-1.468911371552931,-1.767205485548681,-2.814296875,-2.5981699999999996
20.073,-1.4698300153125015,-1.7681490137259814,-2.8171484375,-2.60113
20.077,-1.4702893371922858,-1.7690651932604613,-2.82009765625,-2.60419
20.081,-1.4716673028316407,-1.7700315119734444,-2.8233203125,-2.6074
20.086,-1.4725859465912112,-1.7710798766148912,-2.8265234375,-2.6107199999999997
20.091,-1.4739639122305679,-1.772160148006293,-2.82994140625,-2.61433
20.096,-1.4744232341103523,-1.7732449775048327,-2.8327734374999998,-2.61779
20.101,-1.4748825559901366,-1.7741429246107643,-2.8357812499999997,-2.6208099999999996
20.105,-1.4758011997497071,-1.7750910108952027,-2.8389843750000003,-2.62398
20.11,-1.4771791653890638,-1.7760983525724185,-2.8419140625000003,-2.62741
20.115,-1.4776384872688482,-1.7770145321068984,-2.84501953125,-2.63057
20.12,-1.4785571310284187,-1.777958060284199,-2.8481835937500004,-2.6337
20.124,-1.4794757747879892,-1.7789426114257303,-2.8511328125,-2.63711
20.129,-1.4799350966677736,-1.7798040936745707,-2.8548828125,-2.64011
20.135,-1.4803944185475597,-1.7808934812802466,-2.857890625,-2.64392
20.139,-1.4817723841869146,-1.7817595216362214,-2.8611328124999997,-2.64705
20.144,-1.4831503498262695,-1.7827030498135237,-2.8643359375000004,-2.65032
20.149,-1.4831503498262695,-1.7836420198836862,-2.8676171875,-2.65358
20.154,-1.4849876373454105,-1.7845764318467143,-2.87115234375,-2.6569599999999998
20.159,-1.485906281104981,-1.785615680273887,-2.8744921875,-2.66047
20.164,-1.4868249248645515,-1.7865546503440495,-2.87796875,-2.66371
20.169,-1.487743568624122,-1.787548317699855,-2.8818945312500004,-2.66709
20.175,-1.4882028905039064,-1.7886559377340774,-2.8853906250000003,-2.67101
20.179,-1.489580856143263,-1.789563001054285,-2.8887695312500004,-2.67426
20.184,-1.4904994999028318,-1.790492854910175,-2.892265625,-2.67751
20.189,-1.490958821782618,-1.791418150658929,-2.8961914062500003,-2.68088
20.194,-1.4923367874219728,-1.792425492336145,-2.89986328125,-2.68451
20.199,-1.492796109301759,-1.7933507880848971,-2.90326171875,-2.68774
20.204,-1.4937147530613295,-1.7942122703337393,-2.9069140625,-2.6909799999999997
20.209,-1.4941740749411139,-1.7950600782611676,-2.9103125,-2.69409
20.213,-1.4955520405804688,-1.7958850956529133,-2.9137109375,-2.69705
20.217,-1.4955520405804688,-1.796678206294704,-2.91703125,-2.70002
20.222,-1.497848649979396,-1.7974804331507652,-2.92046875,-2.70283
20.226,-1.4973893280996098,-1.7982963343282385,-2.9243164062500004,-2.70572
20.231,-1.4992266156187508,-1.7992079557555822,-2.9283984375000003,-2.70904
20.236,-1.4987672937389647,-1.8001104609686518,-2.93244140625,-2.71224
20.241,-1.4996859374985352,-1.8009719432174922,-2.9362695312500002,-2.71555
20.246,-1.4996859374985352,-1.8017924025021017,-2.9383203124999997,-2.71862
20.251,-1.4983079718591803,-1.8025490482867959,-2.9388867187499996,-2.72123
20.255,-1.4983079718591803,-1.8031598346431164,-2.93837890625,-2.72314
20.26,-1.4973893280996098,-1.8037523885708904,-2.9370117187500004,-2.72458
20.265,-1.4964706843400393,-1.8042628965702026,-2.935078125,-2.72541
20.27,-1.496011362460255,-1.8046731262125064,-2.9323632812500002,-2.72565
20.275,-1.4950927187006844,-1.8050879139619482,-2.9293359375000003,-2.7252899999999998
20.281,-1.4937147530613295,-1.8053887490329714,-2.9258984375,-2.7241999999999997
20.286,-1.4932554311815434,-1.8056120962826725,-2.9230859375,-2.72227
20.29,-1.4914181436624023,-1.8057169327468152,-2.91974609375,-2.7202
20.296,-1.4914181436624023,-1.8057807462467306,-2.9163671875,-2.71732
20.301,-1.490958821782618,-1.8058217692109597,-2.91314453125,-2.71432
20.305,-1.489580856143263,-1.8058080948895512,-2.90974609375,-2.7115
20.31,-1.489121534263477,-1.8057397232824997,-2.90607421875,-2.70843
20.316,-1.4886622123836926,-1.805639444925493,-2.9028320312500004,-2.70496
20.32,-1.487743568624122,-1.8055163760328004,-2.8995312500000003,-2.70211
20.325,-1.4868249248645515,-1.8053522841758785,-2.89626953125,-2.69921
20.33,-1.4863656029847654,-1.8051517274618636,-2.89310546875,-2.69618
20.334,-1.4854469592251967,-1.8049374964264384,-2.88998046875,-2.69327
20.339,-1.4845283154656261,-1.8046776843196444,-2.8867578125000004,-2.6903699999999997
20.344,-1.482691027946485,-1.80432215196298,-2.8833203125,-2.6871899999999997
20.349,-1.482691027946485,-1.8039575033920432,-2.88005859375,-2.68412
20.354,-1.482231706066699,-1.8035974129282408,-2.87689453125,-2.68107
20.358,-1.4803944185475597,-1.803196299500211,-2.8732421875000003,-2.67799
20.364,-1.479016452908203,-1.8026219780009836,-2.87009765625,-2.67426
20.369,-1.479016452908203,-1.8021661672873126,-2.86671875,-2.67127
20.374,-1.4776384872688482,-1.8016009620023592,-2.8633203125,-2.6676699999999998
20.379,-1.4767198435092777,-1.8010631053602264,-2.86021484375,-2.66458
20.384,-1.4762605216294933,-1.8005115743966833,-2.8572656250000006,-2.6613499999999997
20.388,-1.4753418778699228,-1.8000056245045073,-2.85455078125,-2.6585099999999997
20.393,-1.4748825559901366,-1.7994996746123313,-2.8518164062499998,-2.65569
20.397,-1.4739639122305679,-1.798989166613019,-2.84873046875,-2.65286
20.402,-1.4735045903507817,-1.798396612685245,-2.8459960937499997,-2.6496
20.406,-1.4721266247114269,-1.7978633141502502,-2.84328125,-2.64687
20.411,-1.4712079809518563,-1.7972935507581607,-2.84060546875,-2.64404
20.415,-1.4707486590720702,-1.796719229258935,-2.8378515624999996,-2.64132
20.419,-1.4702893371922858,-1.7961449077597074,-2.8351562500000003,-2.63848
20.424,-1.4684520496731448,-1.7955432376176592,-2.83244140625,-2.63563
20.428,-1.468911371552931,-1.794937009368475,-2.8297265625,-2.6328
20.433,-1.4675334059135743,-1.7943307811192923,-2.8268945312500002,-2.62995
20.437,-1.4661554402742194,-1.7936652974773324,-2.8238671875000003,-2.62709
20.442,-1.4661554402742194,-1.7929542327640036,-2.8211328124999997,-2.62382
20.446,-1.4643181527550784,-1.792297865336316,-2.81833984375,-2.62096
20.451,-1.463858830875294,-1.7916050330515354,-2.8155273437500004,-2.6181
20.455,-1.4629401871157235,-1.7908939683382066,-2.81267578125,-2.61512
20.46,-1.462021543356153,-1.7901920198391519,-2.809921875,-2.61226
20.464,-1.4615622214763686,-1.7894991875543713,-2.807109375,-2.60938
20.469,-1.460184255837012,-1.788769890412496,-2.8036718749999996,-2.60627
20.474,-1.458806290197657,-1.7878765014136988,-2.800703125,-2.60287
20.479,-1.458346968317871,-1.7871061813075944,-2.79740234375,-2.5997
20.484,-1.4574283245583022,-1.7862538152730263,-2.79443359375,-2.59642
20.489,-1.4555910370391612,-1.7854333559884168,-2.7908984374999997,-2.5934
20.494,-1.455131715159375,-1.7844624791682957,-2.7877148437500003,-2.58972
20.499,-1.4542130713998045,-1.7836283455622777,-2.78443359375,-2.58656
20.504,-1.4532944276402358,-1.7827623052062993,-2.78111328125,-2.58325
20.509,-1.451916462000879,-1.78187347431464,-2.7776367187499997,-2.57993
20.514,-1.4509978182413086,-1.7809253880302034,-2.77416015625,-2.57646
20.519,-1.4505384963615242,-1.7800456733528165,-2.7707226562500002,-2.57314
20.524,-1.4491605307221693,-1.7791294938183366,-2.7666992187500004,-2.56954
20.53,-1.4477825650828127,-1.7780765710697537,-2.76296875,-2.56569
20.535,-1.4468639213232422,-1.7770692293925396,-2.75896484375,-2.56208
20.541,-1.4454859556838873,-1.7760937944652824,-2.75515625,-2.55861
20.546,-1.4445673119243168,-1.7751138014308872,-2.75162109375,-2.55498
20.551,-1.4436486681647462,-1.7742340867535003,-2.7482421875,-2.5518799999999997
20.555,-1.4422707025253914,-1.773377162611796,-2.7448046875000003,-2.54879
20.559,-1.4427300244051757,-1.7725703776485968,-2.74146484375,-2.54596
20.564,-1.4413520587658208,-1.7717909413282182,-2.738046875,-2.5429899999999996
20.568,-1.439974093126466,-1.7709795982578829,-2.73423828125,-2.5401499999999997
20.573,-1.4390554493668954,-1.7700725349376754,-2.7307031250000002,-2.5369099999999998
20.577,-1.4372181618477544,-1.769215610795973,-2.7266992187500003,-2.5340599999999998
20.582,-1.4358401962083995,-1.7682265015473035,-2.72302734375,-2.53078
20.586,-1.4358401962083995,-1.7673422287627822,-2.7192578125000004,-2.52778
20.591,-1.4353808743286134,-1.7664944208353521,-2.71544921875,-2.52478
20.595,-1.4340029086892585,-1.765646612907922,-2.7112499999999997,-2.52191
20.6,-1.4321656211701175,-1.7646848523020733,-2.70681640625,-2.51864
20.604,-1.431706299290333,-1.7636820687319954,-2.70248046875,-2.51536
20.609,-1.431246977410547,-1.7627704473046517,-2.6976953125,-2.51236
20.614,-1.4289503680116216,-1.7617494313060273,-2.6927539062500006,-2.50895
20.619,-1.428031724252051,-1.7607056247717185,-2.68765625,-2.5055199999999997
20.624,-1.4271130804924805,-1.759629911487453,-2.68240234375,-2.50209
20.629,-1.4257351148531257,-1.7585861049531442,-2.6769921875000002,-2.49866
20.634,-1.4248164710935551,-1.757528624097425,-2.671953125,-2.49524
20.638,-1.4238978273339846,-1.7565850959201246,-2.6666992187500003,-2.4922299999999997
20.643,-1.4225198616946297,-1.7556142191000035,-2.66162109375,-2.48907
20.647,-1.4206825741754887,-1.7546479003870186,-2.6562109375,-2.4861999999999997
20.651,-1.4202232522957043,-1.7536451168169425,-2.65048828125,-2.48305
20.656,-1.4188452866563477,-1.752651449461137,-2.64421875,-2.4800199999999997
20.661,-1.4179266428967772,-1.7515392713197766,-2.63748046875,-2.4765699999999997
20.666,-1.4170079991372084,-1.7503860702141871,-2.6313671875000004,-2.4729799999999997
20.671,-1.4151707116180674,-1.749365054215561,-2.6254492187499996,-2.46994
20.675,-1.4137927459787107,-1.74824375985993,-2.61845703125,-2.4665
20.681,-1.412874102219142,-1.7469993966116046,-2.61232421875,-2.4628
20.686,-1.4119554584595715,-1.745887218470246,-2.606796875,-2.4595
20.69,-1.4105774928202148,-1.7448251795073908,-2.60126953125,-2.45632
20.695,-1.40919952718086,-1.7437175594731666,-2.5958007812500004,-2.45301
20.7,-1.407821561541505,-1.7425825907961254,-2.5909179687500004,-2.44969
20.704,-1.405984274022364,-1.741511435618996,-2.5862890625,-2.44651
20.709,-1.4050656302627935,-1.7404493966561407,-2.5818749999999997,-2.44362
20.713,-1.404146986503223,-1.7394010320146958,-2.5775390625,-2.4406
20.717,-1.4027690208638681,-1.7383481092661128,-2.5727539062500004,-2.43759
20.722,-1.4018503771042976,-1.7371174203391995,-2.5685937500000002,-2.43416
20.727,-1.400931733344727,-1.7360736138048907,-2.5641015625,-2.43126
20.732,-1.3995537677053722,-1.73486571541366,-2.5600976562500004,-2.42781
20.736,-1.3972571583064468,-1.7337261886294808,-2.55619140625,-2.42463
20.741,-1.3972571583064468,-1.7326276848095308,-2.5521484375,-2.42159
20.746,-1.3958791926670902,-1.7314061120968915,-2.548515625,-2.41815
20.75,-1.3945012270277353,-1.7302984920626674,-2.5448828124999996,-2.41499
20.755,-1.3922046176288099,-1.7291407328499417,-2.5415234375,-2.41198
20.759,-1.3922046176288099,-1.7280239966014452,-2.53806640625,-2.40897
20.764,-1.3899080082298827,-1.726834330638761,-2.53470703125,-2.40568
20.768,-1.388989364470314,-1.7256446646760786,-2.5313867187500003,-2.4025499999999997
20.773,-1.3876113988309573,-1.724359278463524,-2.52783203125,-2.39925
20.778,-1.3857741113118163,-1.7230328692867367,-2.5246679687499998,-2.39571
20.783,-1.3848554675522475,-1.7218204127883698,-2.5214062499999996,-2.3926
20.788,-1.3834775019128909,-1.7205350265758153,-2.518203125,-2.38937
20.793,-1.382099536273536,-1.7192359660418521,-2.51525390625,-2.38597
20.797,-1.3798029268746106,-1.7179733703649802,-2.5121875,-2.38287
20.802,-1.3779656393554696,-1.7166059382239638,-2.5092773437500004,-2.3794999999999997
20.807,-1.3765876737161147,-1.715229389868675,-2.50640625,-2.37626
20.812,-1.3761283518363285,-1.7139394455489843,-2.5035546875,-2.37316
20.817,-1.3738317424374031,-1.7125765715151058,-2.50068359375,-2.3697999999999997
20.822,-1.371994454918262,-1.711159000195586,-2.49787109375,-2.36647
20.827,-1.3715351330384777,-1.709732312661794,-2.49521484375,-2.36314
20.831,-1.3692385236395506,-1.70845604266351,-2.492734375,-2.36019
20.836,-1.3678605580001957,-1.7071296334867263,-2.49025390625,-2.35711
20.84,-1.3664825923608408,-1.7058442472741717,-2.4878710937500004,-2.35404
20.845,-1.3655639486012703,-1.704554302954481,-2.4854296875000004,-2.35112
20.849,-1.3632673392023449,-1.7032370099919696,-2.48306640625,-2.34806
20.854,-1.3609707298034177,-1.7018695778509532,-2.48072265625,-2.34513
20.858,-1.3605114079236333,-1.7005067038170747,-2.4784765625,-2.3421
20.863,-1.3586741204044923,-1.6991802946402892,-2.476171875,-2.33919
20.867,-1.3577554766449218,-1.697826536820683,-2.473984375,-2.33627
20.872,-1.3559181891257825,-1.6965092438581717,-2.4718945312500002,-2.33336
20.876,-1.354999545366212,-1.6952101833242068,-2.4697265625,-2.33045
20.88,-1.353162257847071,-1.6938837741474213,-2.4676171875,-2.32755
20.885,-1.3517842922077161,-1.6925436906492255,-2.4655273437500003,-2.32478
20.889,-1.349947004688575,-1.6911853747224832,-2.46341796875,-2.3219
20.893,-1.3490283609290046,-1.6898452912242892,-2.4613671875,-2.31902
20.898,-1.3467317515300792,-1.6885006496189572,-2.4592187500000002,-2.31615
20.902,-1.3448944640109382,-1.687060287763753,-2.4571289062500004,-2.31326
20.906,-1.3425978546120128,-1.6856290421228248,-2.45505859375,-2.31039
20.911,-1.3416792108524422,-1.6841932383747569,-2.45298828125,-2.3075
20.915,-1.3403012452130874,-1.6827893413766493,-2.45091796875,-2.30476
20.919,-1.3380046358141602,-1.6813444214143072,-2.448828125,-2.3019
20.924,-1.3370859920545897,-1.6798949433448307,-2.446796875,-2.29915
20.928,-1.3347893826556643,-1.6784454652753542,-2.44470703125,-2.29629
20.932,-1.33433006077588,-1.6769959872058777,-2.44265625,-2.29342
20.937,-1.3315741294971684,-1.6755510672435392,-2.4405664062500003,-2.29067
20.941,-1.3301961638578135,-1.6740468918884215,-2.4383984375,-2.2877899999999998
20.946,-1.3283588763386724,-1.672474344926254,-2.4361914062500003,-2.28479
20.95,-1.3269809106993176,-1.6708881236426762,-2.43396484375,-2.28179
20.955,-1.324224979420606,-1.669279111823414,-2.4317773437500003,-2.27879
20.959,-1.3219283700216806,-1.667601728397102,-2.42951171875,-2.2757899999999998
20.964,-1.320550404382324,-1.665915228756516,-2.427109375,-2.27279
20.969,-1.3182537949833986,-1.6640965440089648,-2.42490234375,-2.26953
20.974,-1.317335151223828,-1.662469299761156,-2.42271484375,-2.26653
20.978,-1.3145792199451183,-1.6608055906562544,-2.4205078125000004,-2.26355
20.983,-1.3122826105461929,-1.6591282072299425,-2.41830078125,-2.2607
20.987,-1.3104453230270519,-1.657428033267946,-2.4157421875000002,-2.25785
20.992,-1.3076893917483403,-1.6554361404491988,-2.41345703125,-2.25448
20.997,-1.3049334604696288,-1.6536083394873753,-2.4110546875,-2.2515
21.002,-1.30401481671006,-1.6517076088113622,-2.40873046875,-2.24839
21.006,-1.3017182073111329,-1.6499299470280437,-2.40646484375,-2.2454199999999997
21.011,-1.2994215979122075,-1.6481614014589958,-2.40419921875,-2.24258
21.015,-1.2975843103930664,-1.646415646425634,-2.40189453125,-2.2397299999999998
21.019,-1.2948283791143567,-1.6446015197852173,-2.3996093750000003,-2.23691
21.024,-1.293450413475,-1.6427828350376679,-2.3973046875,-2.23407
21.028,-1.2916131259558608,-1.6409960570400735,-2.3949609375,-2.23123
21.032,-1.2893165165569336,-1.6392275114710273,-2.39267578125,-2.22839
21.037,-1.2874792290377943,-1.637413384830614,-2.3902734375000003,-2.2256899999999997
21.041,-1.2842639758792966,-1.6355764676545146,-2.38791015625,-2.2228499999999998
21.045,-1.2824266883601574,-1.633707643728462,-2.3854296875,-2.22002
21.05,-1.2796707570814458,-1.631775006302492,-2.3829492187500003,-2.2172
21.054,-1.2778334695623048,-1.629837810769386,-2.380390625,-2.2143699999999997
21.059,-1.275077538283595,-1.627823127414958,-2.37771484375,-2.21154
21.063,-1.2727809288846679,-1.6257036075963818,-2.37486328125,-2.20845
21.068,-1.270024997605958,-1.6236068783134918,-2.3717773437500003,-2.2054899999999997
21.073,-1.2668097444474622,-1.6212366626023975,-2.3689453125,-2.20213
21.078,-1.264513135048535,-1.6190624454981837,-2.3659765625,-2.19917
21.082,-1.2626758475293958,-1.6168745540725578,-2.3629882812500003,-2.1962099999999998
21.087,-1.2599199162506842,-1.6147231275040266,-2.36001953125,-2.19325
21.092,-1.2567046630921883,-1.6124896550070353,-2.356875,-2.19028
21.096,-1.2548673755730473,-1.6102607406171785,-2.35369140625,-2.1873
21.101,-1.2516521224145514,-1.6079953613702305,-2.35037109375,-2.18432
21.106,-1.2488961911358398,-1.6055977970163156,-2.34697265625,-2.1810799999999997
21.11,-1.24614025985713,-1.6032913948051366,-2.34375,-2.1780999999999997
21.115,-1.2429250066986341,-1.601080712843828,-2.3404492187500003,-2.1752599999999997
21.119,-1.240628397299707,-1.598801659275468,-2.3371289062500002,-2.1724
21.124,-1.2387911097805677,-1.5965727448856128,-2.333671875,-2.16955
21.128,-1.2351165347422857,-1.594311923745801,-2.33013671875,-2.16682
21.132,-1.2328199253433603,-1.5920328701774409,-2.3265234375,-2.16397
21.137,-1.2300639940646487,-1.5896945612163034,-2.3225390625,-2.16111
21.141,-1.2277673846657233,-1.5872331833624767,-2.31861328125,-2.1581099999999998
21.146,-1.2250114533870118,-1.5848310609014256,-2.31470703125,-2.1551299999999998
21.15,-1.2217962002285159,-1.582410706011828,-2.3107617187500002,-2.1522799999999997
21.155,-1.21858094707002,-1.5799538862651374,-2.306875,-2.14932
21.159,-1.2158250157913084,-1.5774833921970348,-2.3029687500000002,-2.14647
21.164,-1.2130690845125986,-1.5749582008432927,-2.29916015625,-2.14349
21.168,-1.210313153233887,-1.5725059392037384,-2.29544921875,-2.14065
21.172,-1.2070979000753912,-1.5700582356713202,-2.29171875,-2.13793
21.177,-1.2043419687966797,-1.5675512767461246,-2.28802734375,-2.13508
21.181,-1.2011267156381837,-1.5649941786424257,-2.28447265625,-2.13223
21.186,-1.198370784359474,-1.5624553129672734,-2.2809179687500003,-2.12939
21.19,-1.195155531200978,-1.5599073310778486,-2.2773828125,-2.12655
21.194,-1.1923995999222665,-1.5573000937956447,-2.27388671875,-2.1237
21.199,-1.1887250248839845,-1.5546290430135272,-2.27046875,-2.12084
21.203,-1.1850504498457042,-1.55197166655282,-2.2671484375,-2.11799
21.207,-1.1822945185669926,-1.5492914995564302,-2.26375,-2.11526
21.212,-1.1790792654084967,-1.5465384028458509,-2.2603710937500003,-2.11227
21.216,-1.1767826560095713,-1.54373516695677,-2.25697265625,-2.10942
21.221,-1.1735674028510754,-1.54087267567491,-2.2531640625,-2.1064499999999997
21.226,-1.1689741840532228,-1.5375680480007876,-2.249375,-2.10309
21.231,-1.165758930894727,-1.534226955469574,-2.24603515625,-2.09973
21.236,-1.1616250339766605,-1.5312003723307939,-2.242734375,-2.0966299999999998
21.241,-1.1588691026979507,-1.5281601148706017,-2.238984375,-2.09354
21.246,-1.1551945276596687,-1.5247005115538315,-2.2354882812500003,-2.0901799999999997
21.251,-1.1510606307416023,-1.5213913257725746,-2.23193359375,-2.08695
21.256,-1.1469267338235358,-1.5178952575987097,-2.22841796875,-2.08346
21.262,-1.142333515025685,-1.5143763988891639,-2.2248632812499998,-2.0800899999999998
21.267,-1.1391182618671873,-1.5108393077510698,-2.221796875,-2.0766999999999998
21.272,-1.134984364949121,-1.507653190862504,-2.21826171875,-2.07356
21.277,-1.1303911461512701,-1.504075076760179,-2.21494140625,-2.07029
21.282,-1.1271758929927742,-1.500510636979266,-2.21166015625,-2.06689
21.287,-1.1225826741949216,-1.497101172840999,-2.2087890625,-2.06363
21.291,-1.1193674210364257,-1.4939743113452106,-2.20564453125,-2.06089
21.296,-1.1156928459981454,-1.4904736850642095,-2.202109375,-2.05763
21.301,-1.1110996272002929,-1.4865901777837252,-2.1989062500000003,-2.05413
21.307,-1.108343695921583,-1.4830075055742657,-2.1956640625,-2.05088
21.312,-1.1037504771237305,-1.47931999690066,-2.19265625,-2.04739
21.316,-1.099616580205664,-1.4758695097981622,-2.1894531250000004,-2.04441
21.321,-1.0959420051673838,-1.4721774430174221,-2.1862695312500002,-2.0411699999999997
21.326,-1.0918081082493174,-1.4685810964865507,-2.18310546875,-2.03795
21.331,-1.0872148894514648,-1.4648890297058088,-2.17982421875,-2.0347299999999997
21.337,-1.0835403144131845,-1.4609964062110503,-2.17671875,-2.03125
21.341,-1.0784877737355476,-1.4573544786088117,-2.17390625,-2.02801
21.346,-1.0761911643366222,-1.453999711756186,-2.1711328125000002,-2.02516
21.35,-1.0720572674185558,-1.4506950840820654,-2.16837890625,-2.02243
21.355,-1.0679233705004894,-1.4473950145150827,-2.1652734375,-2.01956
21.36,-1.063789473582423,-1.4435662045202378,-2.1621875000000004,-2.01619
21.364,-1.060574220423927,-1.43988325395377,-2.1592578125,-2.01307
21.369,-1.0559810016260744,-1.4364008601013172,-2.156171875,-2.01022
21.374,-1.0527657484675785,-1.4325902825350205,-2.1530273437500003,-2.00698
21.379,-1.048631851549512,-1.428816169825815,-2.15017578125,-2.00371
21.383,-1.0454165983910162,-1.4254841935088756,-2.1467578125,-2.0009699999999997
21.389,-1.0403640577133793,-1.4213317579073248,-2.14291015625,-1.99742
21.394,-1.0357708389155285,-1.4168101156276975,-2.139921875,-1.99359
21.399,-1.033014907636817,-1.4133641866323394,-2.13650390625,-1.9906899999999998
21.404,-1.02796236695918,-1.4093758428877106,-2.13302734375,-1.9872599999999998
21.409,-1.0242877919208997,-1.405314569428894,-2.1291406250000002,-1.9838
21.414,-1.0206132168826176,-1.4010800878988832,-2.1260546875,-1.98019
21.419,-1.0155606762049807,-1.3976068102607027,-2.122734375,-1.97725
21.424,-1.0123454230464848,-1.3938873948371402,-2.11951171875,-1.97417
21.428,-1.0082115261284184,-1.3903138388419531,-2.11587890625,-1.97108
21.433,-1.004077629210352,-1.3862525653831366,-2.11228515625,-1.9675799999999999
21.438,-1.000862376051856,-1.3824237553882934,-2.1089453125000004,-1.96437
21.442,-0.9976471228933601,-1.3790097331428903,-2.1056640625000003,-1.9613999999999998
21.447,-0.9944318697348642,-1.375591152790351,-2.1018359375,-1.9584199999999998
21.452,-0.9907572946965821,-1.371680296867046,-2.09794921875,-1.95504
21.457,-0.9861640758987313,-1.3676463720510519,-2.09390625,-1.95153
21.462,-0.9824895008604493,-1.3637355161277451,-2.0899218750000004,-1.9481499999999998
21.467,-0.9783556039423829,-1.359865683168671,-2.0856250000000003,-1.9447699999999999
21.472,-0.9746810289041026,-1.3556312016386602,-2.0817773437500002,-1.9411299999999998
21.477,-0.9714657757456067,-1.3521032267148385,-2.07724609375,-1.9380199999999999
21.482,-0.9673318788275402,-1.3478778613991,-2.07328125,-1.9343599999999999
21.487,-0.9641166256690443,-1.344345328368144,-2.0685351562500003,-1.93125
21.493,-0.9599827287509779,-1.340147311695226,-2.0644140625,-1.92746
21.497,-0.9563081537126958,-1.3366238948785423,-2.0600585937500004,-1.9243599999999998
21.502,-0.9530929005541999,-1.3330047578119881,-2.0553710937500003,-1.9212799999999999
21.507,-0.9494183255159179,-1.3291485991743226,-2.05072265625,-1.91776
21.512,-0.946203072357422,-1.3254474161793084,-2.0459375,-1.91452
21.517,-0.9425284973191417,-1.321773581827113,-2.04150390625,-1.91115
21.521,-0.9397725660404301,-1.3185099771172215,-2.03703125,-1.9081899999999998
21.525,-0.9374759566415047,-1.315296511585835,-2.0323242187500004,-1.9053499999999999
21.53,-0.9338013816032227,-1.3119918839117144,-2.027421875,-1.9022599999999998
21.535,-0.9305861284447268,-1.3086097684162699,-2.0221875000000002,-1.8992
21.539,-0.9273708752862309,-1.3051182583495429,-2.0163671875,-1.8959899999999998
21.544,-0.9241556221277349,-1.3014763307473043,-2.01126953125,-1.89265
21.549,-0.9213996908490234,-1.2983312368229676,-2.00587890625,-1.88971
21.553,-0.9195624033298841,-1.29516335236295,-2.0003515625,-1.88676
21.558,-0.9163471501713882,-1.2919590030458359,-1.9944531250000002,-1.8837
21.563,-0.9131318970128905,-1.2885039578362036,-1.9883593750000002,-1.88049
21.568,-0.9103759657341808,-1.2850899355908005,-1.9821875,-1.87717
21.573,-0.9071607125756849,-1.2814662404171084,-1.9762890625000002,-1.8736799999999998
21.578,-0.903945459417189,-1.2780750087073898,-1.970390625,-1.8703299999999998
21.583,-0.9002708843789069,-1.2744968946050665,-1.96482421875,-1.86672
21.588,-0.8975149531001954,-1.2710600818239808,-1.9590234375000002,-1.86336
21.593,-0.8938403780619151,-1.2674181542217422,-1.953828125,-1.85974
21.598,-0.8915437686629897,-1.264095294119075,-1.9484960937500002,-1.8563999999999998
21.604,-0.888328515504492,-1.2605627610881172,-1.9438671875,-1.85292
21.608,-0.8855725842257822,-1.2576045495563868,-1.93904296875,-1.8498299999999999
21.614,-0.8828166529470707,-1.2541403881324804,-1.9345703125,-1.84621
21.618,-0.8800607216683591,-1.2511183631008365,-1.93015625,-1.8431099999999998
21.623,-0.8773047903896494,-1.2479276881051327,-1.9260546875000002,-1.8397599999999998
21.628,-0.8754675028705083,-1.2448646401092578,-1.9214453125,-1.83643
21.634,-0.8717929278322281,-1.2415326637923165,-1.9175585937500002,-1.83293
21.638,-0.8690369965535165,-1.2385607779391758,-1.91404296875,-1.8296899999999998
21.643,-0.8676590309141616,-1.235835029871419,-1.9104687500000002,-1.82659
21.647,-0.864443777755664,-1.2329998872323795,-1.90701171875,-1.8234899999999998
21.652,-0.8626064902365247,-1.2301875351290228,-1.9035156250000003,-1.8203699999999998
21.657,-0.8603098808375975,-1.227379741132804,-1.89974609375,-1.8171199999999998
21.662,-0.8566353057993172,-1.2242437634227432,-1.8960742187500002,-1.81359
21.667,-0.8543386964003918,-1.2211032276055427,-1.8923828125000002,-1.8099299999999998
21.673,-0.8529607307610352,-1.2179900404311645,-1.8893750000000002,-1.8062399999999998
21.677,-0.8492861557227549,-1.2154694071845586,-1.88650390625,-1.80321
21.682,-0.8483675119631844,-1.212957890152225,-1.88376953125,-1.8001999999999998
21.686,-0.846070902564259,-1.2105420933697655,-1.8810156250000003,-1.7971899999999998
21.69,-0.8437742931653318,-1.2080943898373473,-1.8780273437500001,-1.7941699999999998
21.695,-0.8414776837664064,-1.2053640836624524,-1.8749609375,-1.79074
21.7,-0.839181074367481,-1.2026109869518748,-1.8722265625,-1.7872999999999999
21.705,-0.83734378684834,-1.2000812374909948,-1.8694140625,-1.7840099999999999
21.71,-0.8355064993292007,-1.1974785583159289,-1.8665625000000001,-1.78071
21.715,-0.8327505680504892,-1.1948576467123164,-1.8640234375000002,-1.77727
21.72,-0.8309132805313482,-1.1925466863939995,-1.8613671875000002,-1.77426
21.724,-0.8290759930122071,-1.1900534017902142,-1.85900390625,-1.7708599999999999
21.729,-0.8267793836132817,-1.1878244874003592,-1.8566015625000003,-1.76799
21.733,-0.8254014179739269,-1.1856092473319126,-1.854296875,-1.76498
21.738,-0.8240234523345702,-1.183366658620649,-1.85150390625,-1.76182
21.743,-0.8208081991760743,-1.180713840267078,-1.8488671875000002,-1.75813
21.748,-0.8194302335367194,-1.1783162759131631,-1.84640625,-1.75473
21.753,-0.817133624137794,-1.1760372223448048,-1.8440820312500001,-1.75159
21.757,-0.8162149803782235,-1.1738630052405892,-1.84146484375,-1.7484499999999998
21.762,-0.8134590490995119,-1.1714107436010348,-1.83912109375,-1.74492
21.767,-0.8120810834601571,-1.1693048981038707,-1.836640625,-1.74179
21.772,-0.8107031178208022,-1.166952914821323,-1.8341796875,-1.7382499999999999
21.777,-0.808406508421875,-1.1647695815028367,-1.83193359375,-1.73498
21.782,-0.8065692209027358,-1.1626455035771261,-1.8295703125000002,-1.73172
21.787,-0.8056505771431652,-1.1604849607943208,-1.82705078125,-1.7284799999999998
21.792,-0.8033539677442381,-1.1581512099403213,-1.8248828125,-1.7248299999999999
21.796,-0.8015166802250988,-1.156241363050034,-1.8224804687500002,-1.7217099999999999
21.802,-0.8001387145857422,-1.1540944945886409,-1.82001953125,-1.7183099999999998
21.807,-0.7983014270666029,-1.1518838126273323,-1.8174609375000002,-1.71467
21.812,-0.7964641395474619,-1.149686804987434,-1.8150976562500003,-1.71116
21.817,-0.7946268520283208,-1.1476493310973197,-1.8126953125,-1.7077799999999999
21.822,-0.7927895645091798,-1.145516136957335,-1.8103125000000002,-1.7041199999999999
21.827,-0.7918709207496093,-1.1435652671028205,-1.80814453125,-1.70086
21.832,-0.7904929551102544,-1.1417739309980899,-1.8057226562500002,-1.69772
21.837,-0.7886556675911134,-1.1397774800722065,-1.8034570312500002,-1.6941599999999999
21.842,-0.7872777019517585,-1.137958795324657,-1.8012109375000003,-1.6908699999999999
21.847,-0.7849810925528331,-1.1361264362556955,-1.7989257812500001,-1.6875799999999999
21.852,-0.7840624487932626,-1.134330542043827,-1.79673828125,-1.6842799999999998
21.856,-0.7826844831539077,-1.1326121356532841,-1.79447265625,-1.6811099999999999
21.861,-0.781306517514551,-1.1308572644056483,-1.7922265625,-1.67779
21.866,-0.77946922999541,-1.1291206255865571,-1.7897460937500003,-1.67447
21.871,-0.7780912643560551,-1.1273064989461439,-1.7876171875,-1.6708699999999999
21.875,-0.7771726205964846,-1.1257339519839764,-1.7854492187500002,-1.66783
21.88,-0.7748760111975592,-1.124161405021809,-1.7832812500000002,-1.66478
21.884,-0.7739573674379887,-1.12260253238105,-1.7808203125,-1.6617199999999999
21.889,-0.7730387236784182,-1.1208658935619624,-1.7784375,-1.6582499999999998
21.894,-0.7716607580390633,-1.1192067425641952,-1.7759179687500002,-1.65479
21.899,-0.7702827923997084,-1.1175703821021123,-1.7736328125,-1.65146
21.903,-0.7693641486401379,-1.1161391364611823,-1.77119140625,-1.64841
21.908,-0.7670675392412107,-1.1145893800346993,-1.7686523437500001,-1.64507
21.913,-0.766148895481642,-1.1129666938940268,-1.7662109375000001,-1.64173
21.917,-0.7647709298422853,-1.1114853090745935,-1.76349609375,-1.6384999999999998
21.922,-0.7629336423231443,-1.1098535067196469,-1.76115234375,-1.6349999999999998
21.927,-0.7624743204433599,-1.1084632840429478,-1.75875,-1.6318899999999998
21.931,-0.7610963548040051,-1.107091293794797,-1.7560937500000002,-1.6289099999999999
21.936,-0.7587997454050779,-1.1055506535825863,-1.75361328125,-1.6255
21.94,-0.7583404235252935,-1.1041695471201596,-1.751171875,-1.62234
21.944,-0.7565031360061525,-1.1028203474076914,-1.7485546875,-1.6193
21.949,-0.7565031360061525,-1.1014027760881717,-1.74560546875,-1.6159599999999998
21.954,-0.7546658484870132,-1.0998803683045075,-1.7430078125000001,-1.6122999999999998
21.958,-0.7532878828476566,-1.0985721915562685,-1.7404101562499998,-1.60907
21.963,-0.7519099172083017,-1.097259456700895,-1.73771484375,-1.60597
21.967,-0.7519099172083017,-1.0959376056312458,-1.7350976562500002,-1.60269
21.971,-0.7509912734487312,-1.0946978004900583,-1.7322265625,-1.59944
21.976,-0.7496133078093763,-1.093380507527547,-1.7292382812500002,-1.59604
21.981,-0.7482353421700196,-1.0919857267437116,-1.72630859375,-1.5925399999999998
21.985,-0.7473166984104491,-1.090686666209745,-1.7231640625,-1.5891799999999998
21.99,-0.7463980546508804,-1.0893101178544562,-1.7199609375,-1.58557
21.995,-0.7450200890115237,-1.0879290113920312,-1.7166015625000002,-1.58203
22.001,-0.7436421233721688,-1.0865023238582374,-1.7134179687500002,-1.57838
22.005,-0.7436421233721688,-1.085235170074231,-1.709921875,-1.57506
22.011,-0.7413455139732434,-1.0838631798260785,-1.7062890625,-1.5715
22.016,-0.7395082264541024,-1.0824364922922847,-1.7030078125,-1.5679999999999998
22.02,-0.7395082264541024,-1.081237710115328,-1.69935546875,-1.5649099999999998
22.025,-0.7385895826945319,-1.0799523239027735,-1.6957421875,-1.56154
22.03,-0.7381302608147475,-1.0787580998329531,-1.692109375,-1.55846
22.035,-0.7367522951753909,-1.0776094568344998,-1.6883007812500002,-1.55524
22.039,-0.735374329536036,-1.0764243489789536,-1.68470703125,-1.5521699999999998
22.044,-0.7344556857764655,-1.07534407758755,-1.68109375,-1.54922
22.048,-0.733537042016895,-1.0742638061961483,-1.6774609375,-1.54625
22.052,-0.7330777201371106,-1.0732199996618395,-1.67375,-1.5434199999999998
22.057,-0.7316997544977539,-1.0721716350203945,-1.6698828125,-1.5404399999999998
22.061,-0.730321788858399,-1.071059456879036,-1.6659960937500002,-1.53734
22.066,-0.7294031450988285,-1.069960953059086,-1.6619921875,-1.5343499999999999
22.071,-0.7294031450988285,-1.0688168681677688,-1.65810546875,-1.53111
22.075,-0.728484501339258,-1.0677958521691444,-1.6544140625000001,-1.528
22.079,-0.7271065356999031,-1.0667930685990665,-1.6506445312500002,-1.5251599999999998
22.084,-0.7261878919403326,-1.0657401458504836,-1.6470507812500002,-1.52205
22.088,-0.7248099263009777,-1.0647236879589954,-1.6433984375,-1.51907
22.093,-0.7243506044211916,-1.0636844395318246,-1.6398828125000002,-1.5160799999999999
22.097,-0.7234319606616211,-1.062690772176019,-1.6363281250000001,-1.51309
22.102,-0.7225133169020506,-1.0616651980702585,-1.632890625,-1.50996
22.106,-0.7220539950222662,-1.060680646928727,-1.6294921875000001,-1.50698
22.11,-0.7197573856233408,-1.0596869795729216,-1.62607421875,-1.5039699999999998
22.115,-0.7197573856233408,-1.0586659635742954,-1.6227539062500003,-1.50097
22.119,-0.7188387418637703,-1.0576814124327658,-1.61939453125,-1.49797
22.124,-0.7179200981041998,-1.0566786288626862,-1.61609375,-1.4948299999999999
22.128,-0.7170014543446293,-1.05567584529261,-1.6126953125,-1.4916999999999998
22.133,-0.7160828105850587,-1.0546320387583012,-1.60927734375,-1.48843
22.138,-0.7151641668254882,-1.053615580866813,-1.6059765625,-1.4853
22.142,-0.7142455230659195,-1.0526127972967334,-1.602734375,-1.48217
22.147,-0.713326879306349,-1.0516145718337935,-1.5994921875,-1.47891
22.152,-0.7128675574265628,-1.0506391369065344,-1.5964648437500002,-1.47579
22.156,-0.7119489136669923,-1.0497092830506443,-1.5932421875,-1.4727999999999999
22.161,-0.7110302699074218,-1.048729290016249,-1.5900195312500003,-1.4695299999999998
22.166,-0.7101116261478531,-1.0477538550889918,-1.5869140625,-1.46627
22.17,-0.7087336605084964,-1.0467829782688707,-1.5837109375,-1.46315
22.175,-0.7078150167489259,-1.0457756365916566,-1.58052734375,-1.45988
22.18,-0.7068963729893554,-1.0447591787001684,-1.5772656250000001,-1.45661
22.185,-0.706437051109571,-1.0437427208086802,-1.57412109375,-1.45308
22.19,-0.7055184073500005,-1.0427764020956936,-1.5710156250000002,-1.4499399999999998
22.195,-0.70459976359043,-1.0418237577041207,-1.5681445312500002,-1.44654
22.199,-0.70459976359043,-1.0409713916695544,-1.565390625,-1.4435499999999999
22.203,-0.7032217979510751,-1.0401326999563985,-1.56255859375,-1.44056
22.208,-0.7018438323117202,-1.0392575433861495,-1.55986328125,-1.43756
22.212,-0.7013845104319341,-1.0384051773515814,-1.55703125,-1.4346999999999999
22.216,-0.7000065447925792,-1.0375209045670584,-1.554296875,-1.4317199999999999
22.221,-0.699547222912793,-1.0366457479968094,-1.5515625,-1.42874
22.225,-0.6986285791532225,-1.0357888238551052,-1.5487890625,-1.42576
22.229,-0.6977099353936538,-1.0349091091777183,-1.5460546875,-1.42279
22.234,-0.6977099353936538,-1.0340658593574261,-1.54330078125,-1.41983
22.238,-0.6967912916340833,-1.0332317257514063,-1.54056640625,-1.4168699999999999
22.243,-0.6958726478745128,-1.0324067083596589,-1.5376562500000002,-1.41391
22.247,-0.6949540041149422,-1.0315178774679996,-1.5347460937500002,-1.41082
22.252,-0.6940353603553717,-1.0306290465763404,-1.53185546875,-1.40774
22.256,-0.6935760384755874,-1.029776680541774,-1.5289843750000003,-1.4046699999999999
22.261,-0.6926573947160168,-1.0289106401857975,-1.5260546875,-1.4016099999999998
22.266,-0.6912794290766602,-1.0280354836155468,-1.5231640625000002,-1.39855
22.27,-0.6908201071968758,-1.0271557689381599,-1.52029296875,-1.39549
22.275,-0.6903607853170897,-1.0263079610107315,-1.5173828125,-1.39245
22.279,-0.6894421415575209,-1.0254647111904376,-1.51466796875,-1.3894199999999999
22.284,-0.6885234977979504,-1.024644251905828,-1.5116796875,-1.38653
22.289,-0.6871455321585938,-1.023755421014167,-1.50837890625,-1.3833799999999998
22.294,-0.6871455321585938,-1.0227663117654995,-1.5050976562500002,-1.3798499999999998
22.299,-0.6862268883990232,-1.0218546903381558,-1.50185546875,-1.3765899999999998
22.304,-0.6848489227596684,-1.0209658594464965,-1.49896484375,-1.37333
22.308,-0.6839302790000978,-1.020140842054749,-1.49611328125,-1.37047
22.313,-0.6830116352405273,-1.0193249408772775,-1.49310546875,-1.36761
22.317,-0.682552313360743,-1.0184953653783957,-1.49015625,-1.36463
22.322,-0.6816336696011724,-1.0176885804151965,-1.48703125,-1.36177
22.326,-0.6811743477213881,-1.016854446809175,-1.4837890625,-1.3587699999999998
22.331,-0.6802557039618176,-1.0160111969888828,-1.48041015625,-1.35563
22.336,-0.6797963820820314,-1.0151633890614526,-1.47703125,-1.3524699999999998
22.341,-0.6788777383224609,-1.0143338135625708,-1.4736523437500002,-1.34943
22.345,-0.677499772683106,-1.0135133542779613,-1.4702148437500002,-1.3464
22.35,-0.6770404508033216,-1.0126609882433932,-1.4666015625000002,-1.3432199999999999
22.355,-0.6761218070437511,-1.011813180315965,-1.4630664062500003,-1.34004
22.359,-0.6747438414043945,-1.0109836048170813,-1.45970703125,-1.33699
22.364,-0.6752031632841806,-1.0102132847109768,-1.45634765625,-1.3340699999999999
22.368,-0.6742845195246101,-1.0094748713548274,-1.4528125,-1.3312599999999999
22.372,-0.6733658757650396,-1.0087227836772694,-1.4492968750000002,-1.3283299999999998
22.377,-0.6729065538852552,-1.0079843703211218,-1.4456054687500002,-1.3254
22.381,-0.6715285882458986,-1.0072140502150155,-1.44193359375,-1.3224799999999999
22.385,-0.6710692663661142,-1.0064528463231834,-1.43822265625,-1.31954
22.39,-0.6701506226065437,-1.0057007586456237,-1.4344140625000001,-1.3167499999999999
22.394,-0.6696913007267593,-1.0049395547537934,-1.430546875,-1.3138299999999998
22.398,-0.6692319788469732,-1.004201141397644,-1.4264062499999999,-1.3109
22.403,-0.6678540132076183,-1.003412588862993,-1.4220898437500002,-1.30785
22.408,-0.6673946913278321,-1.002569339042699,-1.4175390625000002,-1.30466
22.413,-0.6669353694480478,-1.0017990189365946,-1.4131640625,-1.30161
22.417,-0.6650980819289067,-1.0010286988304866,-1.40875,-1.2985799999999998
22.421,-0.6655574038086929,-1.0002720530457925,-1.4042578125,-1.29568
22.426,-0.6650980819289067,-0.9995564302253275,-1.3992578125,-1.2928899999999999
22.431,-0.6637201162895519,-0.9987633195835386,-1.3941796875,-1.2897399999999999
22.435,-0.6628014725299813,-0.9979793251560238,-1.38857421875,-1.2865699999999998
22.44,-0.6618828287704108,-0.9971132848000472,-1.38263671875,-1.28329
22.445,-0.6609641850108403,-0.9962244539083862,-1.3768359375,-1.27988
22.45,-0.6609641850108403,-0.9954313432665973,-1.37052734375,-1.27673
22.455,-0.6595862193714854,-0.994578977232031,-1.3634960937500002,-1.2732999999999999
22.461,-0.6582082537321288,-0.9936354490547306,-1.3570507812500003,-1.26961
22.466,-0.6582082537321288,-0.9927921992344366,-1.35046875,-1.2662999999999998
22.471,-0.6568302880927739,-0.9919443913070083,-1.3437109375,-1.26297
22.476,-0.6559116443332034,-0.9910601185224834,-1.3370507812500003,-1.2593999999999999
22.482,-0.6549930005736329,-0.9901621714165518,-1.33060546875,-1.2559399999999998
22.487,-0.6540743568140623,-0.9892596662034805,-1.3244335937500002,-1.2523399999999998
22.492,-0.6526963911747075,-0.988352602883273,-1.31845703125,-1.24887
22.497,-0.6526963911747075,-0.9874546557773396,-1.3126367187500003,-1.24526
22.503,-0.6513184255353526,-0.9865658248856786,-1.3068164062500003,-1.2417799999999999
22.508,-0.6508591036555664,-0.9856496453511987,-1.301484375,-1.2380499999999999
22.513,-0.6508591036555664,-0.984824627959453,-1.2968359375,-1.2345899999999999
22.518,-0.6494811380162115,-0.9840907727104398,-1.2925585937500002,-1.2315299999999998
22.523,-0.6490218161364272,-0.9833842661042489,-1.28849609375,-1.2286
22.527,-0.6476438504970705,-0.9826686432837839,-1.2845703125,-1.22567
22.531,-0.6476438504970705,-0.981962136677593,-1.28068359375,-1.22274
22.536,-0.6462658848577156,-0.9812373976428557,-1.27662109375,-1.2198099999999998
22.541,-0.6458065629779295,-0.980448845108203,-1.2727929687500001,-1.21664
22.545,-0.6444285973385746,-0.9796876412163709,-1.26927734375,-1.21359
22.55,-0.6435099535790041,-0.9789401116459491,-1.26552734375,-1.21069
22.554,-0.6430506316992197,-0.9781150942542034,-1.26216796875,-1.20739
22.559,-0.6425913098194336,-0.9773857971123281,-1.2586132812500002,-1.2046199999999998
22.564,-0.6416726660598631,-0.9765835702562651,-1.2551171875,-1.20133
22.569,-0.6407540223002943,-0.9757585528645194,-1.2519140625,-1.19806
22.573,-0.6407540223002943,-0.9750429300440544,-1.2483789062500001,-1.1951999999999998
22.578,-0.6398353785407238,-0.9742270288665811,-1.2450390625,-1.19183
22.583,-0.6384574129013671,-0.9734248020105198,-1.24140625,-1.18859
22.589,-0.6384574129013671,-0.972540529225995,-1.2386132812500001,-1.18495
22.593,-0.6379980910215828,-0.9718659293697609,-1.2358593750000002,-1.1821
22.598,-0.6366201253822279,-0.9711730970849803,-1.233125,-1.1792599999999998
22.602,-0.6357014816226574,-0.9704665904787877,-1.2305078125000002,-1.1764199999999998
22.606,-0.6352421597428712,-0.9697646419797348,-1.2278515625000002,-1.1735699999999998
22.611,-0.6338641941035164,-0.969049019159268,-1.2252734375,-1.17074
22.615,-0.633404872223732,-0.9683197220173945,-1.2227148437500002,-1.1679
22.62,-0.6320269065843753,-0.9675676343398347,-1.2200390625000002,-1.1650399999999999
22.624,-0.6320269065843753,-0.966779081805182,-1.2174609375,-1.16193
22.629,-0.631567584704591,-0.9660634589847188,-1.21501953125,-1.1590599999999998
22.633,-0.6306489409450204,-0.9653615104856623,-1.21240234375,-1.15621
22.638,-0.631567584704591,-0.9646322133437888,-1.21,-1.1530999999999998
22.642,-0.6292709753056656,-0.9639804040232374,-1.2075781250000002,-1.1502499999999998
22.647,-0.6292709753056656,-0.9632830136313206,-1.205234375,-1.14739
22.651,-0.6278930096663089,-0.9625856232394021,-1.2027148437500002,-1.14439
22.656,-0.6274336877865245,-0.96182441934757,-1.2001171875,-1.1414
22.661,-0.626515044026954,-0.9610358668129173,-1.1978125000000002,-1.13814
22.666,-0.6260557221471679,-0.9603248020995885,-1.1954296875000001,-1.1351399999999998
22.67,-0.6255964002673835,-0.9596319698148079,-1.1931640625000002,-1.1321499999999998
22.675,-0.624677756507813,-0.958930021315755,-1.1907812500000001,-1.1292999999999997
22.68,-0.6237591127482425,-0.958159701209647,-1.188359375,-1.1260599999999998
22.684,-0.6223811471088876,-0.9573802648892684,-1.1860742187500002,-1.12295
22.689,-0.6219218252291014,-0.9566190609974381,-1.1839257812500001,-1.1198299999999999
22.694,-0.6210031814695327,-0.9559079962841093,-1.1814257812500002,-1.11696
22.699,-0.6205438595897466,-0.9550784207852274,-1.1791015625,-1.11357
22.703,-0.619625215830176,-0.9543172168933935,-1.1769140625,-1.11045
22.708,-0.619625215830176,-0.9536426170371595,-1.17431640625,-1.10772
22.713,-0.617787928311035,-0.9527948091097294,-1.1720703125000003,-1.10421
22.718,-0.617787928311035,-0.9520655119678558,-1.16943359375,-1.1012199999999999
22.723,-0.6164099626716801,-0.9512131459332895,-1.16689453125,-1.09769
22.728,-0.6154913189121096,-0.9503607798987215,-1.1645703125000002,-1.09415
22.733,-0.6145726751525391,-0.9496132503282997,-1.16234375,-1.09113
22.738,-0.6141133532727547,-0.9488657207578779,-1.1596484375,-1.08811
22.743,-0.6131947095131842,-0.9479996804019031,-1.15736328125,-1.0845799999999999
22.748,-0.6122760657536137,-0.9472521508314795,-1.15501953125,-1.08156
22.752,-0.6113574219940432,-0.9464727145111009,-1.1528515625000002,-1.0784099999999999
22.757,-0.6108981001142588,-0.9457616497977721,-1.150625,-1.0755
22.761,-0.6099794563546883,-0.9450095621202141,-1.1482031250000002,-1.0724799999999999
22.766,-0.6095201344749022,-0.9442346839069717,-1.1457421875,-1.06933
22.771,-0.6090608125951178,-0.9434552475865932,-1.1433203125000002,-1.06605
22.776,-0.6081421688355473,-0.9426894855876249,-1.1409765625000001,-1.06291
22.781,-0.6072235250759768,-0.9419556303386134,-1.1384960937500002,-1.0598999999999998
22.786,-0.6063048813164063,-0.9411625196968245,-1.1358398437500001,-1.05661
22.791,-0.6058455594366219,-0.940305595555122,-1.1333789062500002,-1.0530599999999999
22.796,-0.6049269156770514,-0.9395626240918364,-1.1309765625000001,-1.04991
22.801,-0.6040082719174809,-0.9388150945214147,-1.1282226562500002,-1.04677
22.806,-0.6035489500376965,-0.9379627284868484,-1.12544921875,-1.04324
22.811,-0.6021709843983398,-0.9371103624522803,-1.12294921875,-1.03972
22.816,-0.6017116625185555,-0.93634915856045,-1.12060546875,-1.03659
22.821,-0.6012523406387693,-0.9356517681685315,-1.1182421875000002,-1.0337199999999998
22.825,-0.5998743749994144,-0.9349315872409303,-1.1158984375,-1.03071
22.83,-0.5989557312398439,-0.9342114063133291,-1.113515625,-1.0278399999999999
22.834,-0.5984964093600595,-0.9334729929571797,-1.1108593750000002,-1.0249899999999998
22.839,-0.597577765600489,-0.9326707661011167,-1.1083203125,-1.02175
22.844,-0.597577765600489,-0.9319414689592413,-1.1057812500000002,-1.01878
22.848,-0.5961997999611341,-0.9312258461387763,-1.1033789062500001,-1.0158099999999999
22.852,-0.5961997999611341,-0.9305466881754061,-1.10060546875,-1.0131
22.857,-0.5948218343217775,-0.9297763680692999,-1.09779296875,-1.0098699999999998
22.862,-0.5934438686824226,-0.9289650249989645,-1.0951953125000002,-1.00664
22.867,-0.5934438686824226,-0.9282539602856357,-1.0923632812500002,-1.00395
22.871,-0.5920659030430677,-0.9274699658581209,-1.0896679687500002,-1.00074
22.876,-0.5920659030430677,-0.9267406687162456,-1.0867773437500001,-0.99793
22.88,-0.5906879374037111,-0.9260113715743703,-1.0837109375000002,-0.99498
22.885,-0.5902286155239267,-0.9251909122897626,-1.0806445312500002,-0.9917699999999998
22.89,-0.5893099717643562,-0.924447940826477,-1.07734375,-0.98881
22.895,-0.5893099717643562,-0.9236548301846863,-1.0743164062500001,-0.9855999999999998
22.9,-0.5888506498845718,-0.922975672221316,-1.0708593750000002,-0.9826499999999998
22.905,-0.5870133623654308,-0.9221916777937995,-1.066484375,-0.9794499999999999
22.911,-0.5865540404856446,-0.9211934523308596,-1.06224609375,-0.9754699999999998
22.917,-0.5851760748462898,-0.92029094711779,-1.05755859375,-0.97186
22.923,-0.5842574310867192,-0.9192608149048898,-1.0530078125000002,-0.96773
22.929,-0.5824201435675782,-0.918303612406179,-1.04908203125,-0.9639899999999999
22.934,-0.5828794654473644,-0.917501385550116,-1.0447656250000001,-0.96078
22.939,-0.5819608216877938,-0.9166900424797806,-1.0401367187500001,-0.95743
22.944,-0.580582856048439,-0.9158331183380763,-1.03529296875,-0.9539499999999999
22.95,-0.5792048904090823,-0.9149306131250068,-1.0308593750000001,-0.95045
22.955,-0.5796642122888684,-0.9141147119475352,-1.0266992187500001,-0.9471999999999998
22.959,-0.5778269247697274,-0.9133580661628411,-1.0223828125,-0.94407
22.964,-0.5782862466495118,-0.9125877460567331,-1.0178906250000002,-0.94095
22.969,-0.5764489591303725,-0.9117627286649892,-1.0139453125000002,-0.93756
22.974,-0.5746116716112315,-0.9109878504517468,-1.0100781250000002,-0.93455
22.979,-0.5750709934910159,-0.9102175303456406,-1.0063671875,-0.9315399999999998
22.983,-0.573693027851661,-0.9094973494180394,-1.0027343750000002,-0.9286299999999998
22.987,-0.573693027851661,-0.9087817265975744,-0.99919921875,-0.9258499999999998
22.992,-0.5727743840920905,-0.9080843362056559,-0.99572265625,-0.9229399999999999
22.996,-0.57185574033252,-0.907377829599465,-0.9922460937500001,-0.9201499999999998
23.0,-0.5713964184527356,-0.9066530905647259,-0.98875,-0.91723
23.005,-0.5700184528133789,-0.9059329096371247,-0.98498046875,-0.91431
23.009,-0.5700184528133789,-0.9051352408881996,-0.9813867187499999,-0.91099
23.014,-0.5681811652942397,-0.9043375721392728,-0.977890625,-0.9079199999999998
23.019,-0.5681811652942397,-0.9035763682474407,-0.97416015625,-0.9048399999999999
23.024,-0.566803199654883,-0.9027559089628312,-0.9706250000000001,-0.9016199999999999
23.028,-0.5663438777750986,-0.9019445658924958,-0.96724609375,-0.89828
23.033,-0.564965912135742,-0.9011468971435708,-0.96337890625,-0.89506
23.038,-0.5640472683761732,-0.9002307176090891,-0.959375,-0.8915799999999998
23.044,-0.5640472683761732,-0.8992963056460628,-0.95546875,-0.8878299999999999
23.049,-0.5631286246166027,-0.8984120328615397,-0.9524609374999999,-0.8841999999999999
23.054,-0.5617506589772461,-0.8976964100410747,-0.9489453124999999,-0.88123
23.059,-0.5617506589772461,-0.8968622764350549,-0.94537109375,-0.8778699999999999
23.064,-0.5599133714581068,-0.895982561757668,-0.9419140624999999,-0.87425
23.069,-0.5589947276985363,-0.895093730866007,-0.9385351562500001,-0.87076
23.074,-0.5580760839389658,-0.8942413648314407,-0.93546875,-0.86741
23.079,-0.5576167620591796,-0.8934756028324724,-0.9325,-0.86446
23.083,-0.5562387964198248,-0.89270072461923,-0.9293945312499999,-0.86137
23.088,-0.5562387964198248,-0.8918848234417585,-0.9262109375,-0.8582799999999999
23.093,-0.5544015089006837,-0.891059806050011,-0.9232421875,-0.8550799999999998
23.097,-0.5534828651411132,-0.8902484629796756,-0.9201757812499999,-0.8519999999999999
23.102,-0.5525642213815445,-0.889382422623699,-0.9172656249999999,-0.8488
23.106,-0.5521048995017583,-0.8885893119819102,-0.91400390625,-0.84588
23.112,-0.551645577621974,-0.8876868067688388,-0.9109570312499999,-0.8424099999999999
23.116,-0.5507269338624035,-0.8868891380199138,-0.9074414062499999,-0.83921
23.122,-0.5498082901028329,-0.8859273774140668,-0.904140625,-0.83548
23.127,-0.5484303244634781,-0.8850111978795852,-0.900859375,-0.8320299999999998
23.132,-0.5479710025836919,-0.8841269250950621,-0.8977343749999999,-0.8285799999999999
23.137,-0.5475116807039075,-0.8832836752747681,-0.8945703125,-0.82541
23.142,-0.5461337150645509,-0.8824267511330675,-0.8914843749999999,-0.8219699999999999
23.147,-0.544755749425196,-0.8815698269913632,-0.88828125,-0.8188
23.152,-0.5442964275454116,-0.880676437992566,-0.8855078125,-0.8154999999999999
23.157,-0.5433777837858411,-0.8799152341007339,-0.8827539062499999,-0.8126099999999998
23.161,-0.5424591400262706,-0.8791494721017656,-0.8798828125,-0.8097099999999999
23.165,-0.5415404962667001,-0.8783518033528388,-0.8767773437499999,-0.8068099999999998
23.17,-0.5410811743869139,-0.877485762996864,-0.8739648437499999,-0.80351
23.175,-0.5397032087475591,-0.8766880942479371,-0.8708203124999999,-0.8006
23.18,-0.5392438868677747,-0.8758266119990985,-0.86798828125,-0.79741
23.184,-0.5383252431082042,-0.8750654081072646,-0.86513671875,-0.7944799999999999
23.188,-0.537865921228418,-0.874285971786886,-0.8622460937499999,-0.79155
23.193,-0.5369472774688475,-0.8735156516807798,-0.8591601562500001,-0.7886199999999999
23.197,-0.5355693118294926,-0.8726951923961721,-0.855859375,-0.78555
23.202,-0.5351099899497083,-0.8717926871831008,-0.8527734374999999,-0.7822099999999998
23.207,-0.5341913461901378,-0.8709950184341757,-0.8496484375,-0.7791299999999999
23.212,-0.5332727024305672,-0.8701426523996094,-0.8464843750000001,-0.7758999999999998
23.216,-0.5328133805507811,-0.8693540998649567,-0.843203125,-0.7729499999999998
23.221,-0.5314354149114262,-0.8685108500446628,-0.84017578125,-0.7697399999999999
23.225,-0.5309760930316418,-0.867726855617148,-0.8362695312499999,-0.76691
23.231,-0.5300574492720713,-0.8667195139399322,-0.83287109375,-0.7630199999999998
23.236,-0.5286794836327147,-0.8658671479053659,-0.82947265625,-0.7597999999999998
23.24,-0.5277608398731459,-0.8650330142993479,-0.8260546875,-0.75684
23.245,-0.5273015179933598,-0.8641988806933281,-0.822734375,-0.7535999999999998
23.249,-0.5259235523540049,-0.8633829795158547,-0.81888671875,-0.75064
23.255,-0.5254642304742188,-0.8624212189100078,-0.8149609374999999,-0.74715
23.26,-0.5236269429550795,-0.8614913650541176,-0.8110156249999999,-0.74379
23.264,-0.5231676210752934,-0.8605615111982257,-0.8066210937499999,-0.74044
23.27,-0.5213303335561523,-0.8595040303425083,-0.802734375,-0.73668
23.275,-0.5213303335561523,-0.8585878508080267,-0.7985937500000001,-0.7333099999999999
23.28,-0.5204116897965818,-0.8576488807378642,-0.7943945312499999,-0.72997
23.285,-0.5185744022774426,-0.8567190268819722,-0.78994140625,-0.7266199999999998
23.29,-0.517655758517872,-0.8556752203476634,-0.785703125,-0.7230099999999999
23.295,-0.5162777928785154,-0.8547544827060456,-0.781640625,-0.7198199999999999
23.3,-0.515818470998731,-0.8538474193858399,-0.7773046874999999,-0.7167599999999998
23.304,-0.5153591491189466,-0.8529585884941788,-0.7728710937500001,-0.71356
23.309,-0.51398118347959,-0.8520378508525628,-0.7682617187499999,-0.71037
23.314,-0.5130625397200195,-0.8511262294252191,-0.7640625,-0.7071799999999999
23.318,-0.5121438959604507,-0.8502920958191993,-0.7597265625,-0.70438
23.323,-0.5112252522008802,-0.8494534041060433,-0.75529296875,-0.7014499999999999
23.327,-0.5107659303210941,-0.8486147123928873,-0.75037109375,-0.6985399999999999
23.332,-0.5084693209221687,-0.8476711842155868,-0.7454296875,-0.6953499999999999
23.337,-0.5084693209221687,-0.8467276560382864,-0.739921875,-0.69228
23.342,-0.5070913552828138,-0.8457339886824808,-0.7348046874999999,-0.68895
23.346,-0.5061727115232433,-0.8448679483265042,-0.7292773437499999,-0.6860299999999999
23.351,-0.5061727115232433,-0.8439289782563382,-0.72333984375,-0.68269
23.356,-0.5047947458838866,-0.8429900081861756,-0.7171289062499999,-0.6795099999999998
23.361,-0.5038761021243179,-0.8419781084018236,-0.7117578124999999,-0.6759199999999999
23.366,-0.5024981364849612,-0.8411075099387109,-0.70517578125,-0.67299
23.371,-0.5015794927253907,-0.8399953317973523,-0.699296875,-0.66926
23.376,-0.49974220520625146,-0.8389606414773159,-0.69287109375,-0.66581
23.382,-0.49882356144668094,-0.8378484633359555,-0.68787109375,-0.66221
23.386,-0.4983642395668948,-0.8369505162300239,-0.6831249999999999,-0.6591399999999998
23.391,-0.4974455958073243,-0.8360753596597732,-0.678203125,-0.6562199999999998
23.395,-0.49560830828818503,-0.8351044828396521,-0.6735546875,-0.6530099999999999
23.4,-0.49560830828818503,-0.8341883033051722,-0.66923828125,-0.6499299999999999
23.404,-0.493771020769044,-0.8333085886277853,-0.6650195312499999,-0.64713
23.409,-0.49331169888925785,-0.8323969672004417,-0.6607421874999999,-0.64421
23.413,-0.49193373324990297,-0.8314306484874567,-0.656484375,-0.6410199999999999
23.418,-0.4914744113701186,-0.830473445988746,-0.65236328125,-0.6379599999999999
23.423,-0.4905557676105481,-0.8295253597043075,-0.64794921875,-0.6347999999999998
23.428,-0.48917780197119143,-0.8284769950628625,-0.6441796875,-0.63134
23.433,-0.4873405144520522,-0.8275197925641518,-0.64046875,-0.6284299999999998
23.437,-0.48642187069248166,-0.82652156710121,-0.63669921875,-0.6252599999999999
23.442,-0.4859625488126955,-0.8254777605669013,-0.6331640625,-0.6220899999999998
23.447,-0.485043905053125,-0.8245251161753266,-0.6294921874999999,-0.6190399999999998
23.452,-0.48320661753398575,-0.8234630772124731,-0.6259179687499999,-0.61574
23.457,-0.48228797377441524,-0.822405596356754,-0.62232421875,-0.6124299999999998
23.462,-0.4809100081350586,-0.8213070925368058,-0.61923828125,-0.6091099999999998
23.466,-0.4795320424957037,-0.8203134251810003,-0.61580078125,-0.60605
23.471,-0.4786133987361332,-0.8191784565039573,-0.61248046875,-0.6027199999999999
23.476,-0.4781540768563488,-0.8180799526840072,-0.6094531249999999,-0.5992499999999998
23.481,-0.47677611121699215,-0.8170908434353397,-0.60662109375,-0.59619
23.485,-0.47585746745742163,-0.8161427571509012,-0.6038671875,-0.5932599999999999
23.49,-0.47447950181806675,-0.8151901127593284,-0.60111328125,-0.5903099999999999
23.494,-0.4726422142989257,-0.8141645386535661,-0.59841796875,-0.58737
23.499,-0.471723570539357,-0.8131389645478038,-0.5954296874999999,-0.5842999999999998
23.504,-0.47080492677978647,-0.8119812053350763,-0.59291015625,-0.5809499999999999
23.508,-0.46988628302021596,-0.8110057704078191,-0.59009765625,-0.5781399999999999
23.513,-0.4694269611404298,-0.809879917945052,-0.58755859375,-0.5748
23.517,-0.4671303517415044,-0.8089044830177912,-0.58513671875,-0.5718599999999998
23.522,-0.4662117079819339,-0.8078925832334409,-0.5825781250000001,-0.5689
23.526,-0.4652930642223634,-0.8068123118420392,-0.5796484375,-0.5658099999999999
23.532,-0.4639150985830085,-0.8055633904865775,-0.57701171875,-0.5621999999999998
23.537,-0.46207781106386747,-0.8043919569524416,-0.5741601562499999,-0.55884
23.542,-0.4606998454245126,-0.8030427572399734,-0.57099609375,-0.5550899999999999
23.548,-0.45886255790537156,-0.8016206278133158,-0.56814453125,-0.5511999999999999
23.554,-0.4574845922660167,-0.800244079458027,-0.5654882812500001,-0.54741
23.559,-0.45656594850644616,-0.7989997162097016,-0.562890625,-0.5438999999999998
23.564,-0.4551879828670913,-0.7977462367471055,-0.56015625,-0.5403899999999999
23.57,-0.4538100172277346,-0.7964107113560459,-0.55763671875,-0.53674
23.575,-0.4519727297085936,-0.7951663481077222,-0.55525390625,-0.5333599999999998
23.579,-0.45105408594902485,-0.7939675659307657,-0.5530664062499999,-0.5299799999999999
23.584,-0.4492167984298838,-0.7928189229323124,-0.5508984375,-0.5269899999999998
23.588,-0.44783883279052716,-0.7916566056124505,-0.5487695312499999,-0.5238699999999998
23.593,-0.4469201890309584,-0.7905079626139973,-0.54658203125,-0.52088
23.598,-0.4450829015118174,-0.7893000642227648,-0.54369140625,-0.5175999999999998
23.604,-0.44370493587246074,-0.7877184010463232,-0.54115234375,-0.5135099999999999
23.609,-0.442786292112892,-0.7863372945838982,-0.5387695312499999,-0.5098399999999998
23.614,-0.44003036083418046,-0.7850427921570695,-0.536640625,-0.5065499999999998
23.618,-0.43911171707460994,-0.7838257775515665,-0.53455078125,-0.5034099999999999
23.623,-0.4372744295554689,-0.7826361115888822,-0.5325,-0.50041
23.627,-0.4363557857958984,-0.7814373294119257,-0.53037109375,-0.49737999999999993
23.632,-0.43589646391611403,-0.7802658958777897,-0.5280468749999999,-0.4944899999999999
23.637,-0.4331405326374025,-0.778884789415363,-0.52587890625,-0.4909199999999998
23.641,-0.43130324511826323,-0.7776541004884496,-0.5237890625,-0.4878699999999998
23.645,-0.4308439232384771,-0.7764279696686707,-0.521484375,-0.48495
23.65,-0.4285473138395517,-0.7750377469919716,-0.5191210937499999,-0.48149
23.655,-0.4271693482001968,-0.7736384081010002,-0.51671875,-0.4781599999999999
23.66,-0.4253320606810558,-0.7721661394958392,-0.5145117187499999,-0.4746699999999999
23.665,-0.42441341692148526,-0.7708442884261899,-0.51244140625,-0.47148999999999996
23.669,-0.42211680752255987,-0.7695725765350474,-0.510078125,-0.46858
23.674,-0.42027952000341884,-0.7681003079298865,-0.50740234375,-0.4650699999999999
23.679,-0.4193608762438483,-0.7664320407178487,-0.50515625,-0.4613099999999999
23.684,-0.4175235887247073,-0.7650737247911046,-0.502890625,-0.45811
23.688,-0.41568630120556627,-0.7636470372573125,-0.50068359375,-0.45475
23.693,-0.413849013686427,-0.7622203497235187,-0.4983203125,-0.45155999999999996
23.698,-0.41247104804707035,-0.7607526392254957,-0.4959765625,-0.44835999999999987
23.703,-0.4106337605279311,-0.7592621381917883,-0.493671875,-0.4450099999999999
23.707,-0.40925579488857444,-0.7577534047295345,-0.49105468750000003,-0.44167999999999985
23.713,-0.40695918548964904,-0.7560851375174966,-0.48869140624999996,-0.43806999999999996
23.717,-0.405121897970508,-0.7545581716266945,-0.48648437499999997,-0.43474999999999997
23.722,-0.403284610451367,-0.7530904611286715,-0.4841796875,-0.4315899999999999
23.726,-0.40144732293222773,-0.7515817276664176,-0.48164062499999993,-0.4285699999999999
23.731,-0.3996100354130867,-0.7499180185615142,-0.47935546875,-0.42513999999999985
23.736,-0.3982320697737318,-0.748400168884988,-0.476796875,-0.42199999999999993
23.741,-0.39593546037480465,-0.7466817624944451,-0.47410156249999996,-0.4184699999999999
23.746,-0.3940981728556654,-0.7449314493539454,-0.47162109375,-0.4150799999999999
23.751,-0.39134224157695385,-0.7433406699632314,-0.46908203125000003,-0.4119599999999999
23.755,-0.39042359781738334,-0.7416951932868745,-0.46609375,-0.40884999999999994
23.761,-0.3876676665386718,-0.7397352072180858,-0.46345703125,-0.4050499999999999
23.766,-0.38674902277910306,-0.7381079629702771,-0.4607421875,-0.40179999999999993
23.77,-0.3839930915003915,-0.7364305795439634,-0.45820312499999993,-0.3986799999999999
23.775,-0.3816964821014661,-0.7348124515104288,-0.45566406249999997,-0.3956799999999998
23.779,-0.38031851646210946,-0.7332171140125769,-0.4528515624999999,-0.39269
23.784,-0.3775625851833997,-0.7314257779078464,-0.449765625,-0.38942999999999994
23.789,-0.37618461954404303,-0.7295296053389713,-0.44681640624999996,-0.38586999999999994
23.794,-0.37388801014511763,-0.7277792921984716,-0.44402343749999995,-0.38273999999999986
23.798,-0.37159140074619224,-0.7261292574149802,-0.4409375,-0.3797299999999999
23.803,-0.3697541132270512,-0.7242422010603793,-0.43775390624999994,-0.3764299999999998
23.808,-0.36699818194833966,-0.7223460284915042,-0.43435546875,-0.373
23.813,-0.3656202163089848,-0.7204270653869465,-0.43076171875,-0.36971
23.818,-0.36240496315048887,-0.7184123820325148,-0.4271484375,-0.3661399999999999
23.823,-0.36010835375156347,-0.7162563973568474,-0.4236718749999999,-0.36256999999999984
23.828,-0.3573524224728519,-0.7144103639664774,-0.4203125,-0.35941
23.832,-0.3564337787132814,-0.7125916792189244,-0.41691406249999996,-0.35639
23.837,-0.35275920367500113,-0.7107319715071441,-0.41328124999999993,-0.35322999999999993
23.841,-0.35138123803564447,-0.7087719854383554,-0.40962890625,-0.3499399999999999
23.846,-0.3486253067569347,-0.706825673690977,-0.40580078124999996,-0.34690999999999983
23.85,-0.34724734111757805,-0.704888478157871,-0.40201171874999997,-0.34375999999999984
23.855,-0.34403208795908213,-0.7029148177676721,-0.39818359374999995,-0.3407499999999999
23.859,-0.34173547856015674,-0.7009867384488402,-0.39404296874999994,-0.33760999999999997
23.864,-0.3385202254016608,-0.6988444280945814,-0.38970703125,-0.3344699999999998
23.869,-0.3366829378825198,-0.6965289096691301,-0.38568359375,-0.33077999999999985
23.874,-0.33392700660381003,-0.6943820412077333,-0.3813671875,-0.3275199999999998
23.879,-0.332089719084669,-0.692148568710742,-0.3774023437499999,-0.32426
23.883,-0.3288744659261731,-0.6900153745707573,-0.37310546874999995,-0.3209899999999999
23.889,-0.3256592127676772,-0.6876041358954339,-0.36898437500000003,-0.3175999999999999
23.894,-0.32336260336875,-0.6852658269342964,-0.3650781249999999,-0.31421999999999994
23.898,-0.3201473502102541,-0.6829685409373916,-0.36095703125,-0.3109599999999999
23.903,-0.3173914189315443,-0.6805026049764269,-0.35720703125,-0.30757999999999996
23.908,-0.31417616577304663,-0.6781962027652462,-0.35367187499999997,-0.30430999999999986
23.913,-0.31187955637412124,-0.6759627302682532,-0.35021484374999995,-0.30130999999999997
23.917,-0.3077456594560548,-0.6737155834498516,-0.34679687499999995,-0.29830999999999985
23.921,-0.3063676938166999,-0.6714091812386727,-0.34318359374999996,-0.29530999999999996
23.926,-0.303152440658204,-0.6689067804206132,-0.33968750000000003,-0.29189
23.931,-0.3008558312592786,-0.6665046579595622,-0.33648437499999995,-0.28874999999999984
23.935,-0.2976405781007827,-0.66423016249834,-0.33335937499999996,-0.2858999999999998
23.94,-0.29534396870185553,-0.6619511089299799,-0.3299609375,-0.28289999999999993
23.944,-0.29166939366357525,-0.6593529878620501,-0.32675781249999997,-0.2796299999999998
23.949,-0.2889134623848637,-0.6568551451511286,-0.3235742187499999,-0.2765199999999999
23.954,-0.2856982092263678,-0.6543345119045245,-0.32017578125,-0.27339999999999987
23.958,-0.28294227794765625,-0.651613321943902,-0.31689453125,-0.2700199999999999
23.963,-0.27972702478916034,-0.6489696198046051,-0.31363281249999997,-0.26693999999999996
23.968,-0.2765117716306644,-0.6462074068797534,-0.3103515625,-0.2635799999999999
23.973,-0.27283719659238415,-0.6433403574907572,-0.30701171875,-0.2602199999999999
23.978,-0.2687032996743177,-0.640386704066163,-0.30384765625,-0.25690999999999997
23.983,-0.26640669027539055,-0.637528770891441,-0.300390625,-0.25356999999999985
23.988,-0.2622727933573241,-0.6343016310386442,-0.29474609374999994,-0.24997999999999987
23.997,-0.25630160892011844,-0.6289458551530007,-0.29142578124999996,-0.2440399999999998
24.003,-0.25308635576162253,-0.625805319335802,-0.28789062499999996,-0.24061
24.008,-0.24941178072334047,-0.6224049714118074,-0.2848046875,-0.23695999999999984
24.013,-0.24527788380527404,-0.619323690987386,-0.281875,-0.23366999999999982
24.018,-0.2425219525265625,-0.6164247348484331,-0.27902343749999997,-0.23053999999999997
24.023,-0.23884737748828222,-0.6135121043880698,-0.276015625,-0.22755999999999998
24.028,-0.23517280245000016,-0.6104171496422381,-0.27304687499999997,-0.22431999999999985
24.033,-0.23195754929150425,-0.6072583813964911,-0.26990234374999994,-0.2210599999999998
24.038,-0.22828297425322397,-0.6039446375080963,-0.26681640624999997,-0.2177199999999999
24.043,-0.2236897554553714,-0.6007357300838478,-0.26423828125,-0.21448999999999985
24.047,-0.22093382417666163,-0.5979051455519446,-0.2616015625,-0.21162999999999998
24.051,-0.2181778928979501,-0.5950745610200432,-0.25900390624999997,-0.20892999999999984
24.056,-0.21496263973945418,-0.5922211859524573,-0.25634765625,-0.20611000000000002
24.06,-0.21174738658095826,-0.5893541365634611,-0.25375,-0.20326
24.065,-0.2080728115426762,-0.5864415061030979,-0.25109375,-0.20042999999999989
24.069,-0.2048575583841803,-0.5835197594284605,-0.24849609375,-0.19760999999999984
24.073,-0.20164230522568438,-0.5806116870752334,-0.24587890625,-0.19490999999999992
24.078,-0.19842705206718847,-0.5776717079720495,-0.24306640625,-0.19204999999999983
24.082,-0.1947524770289064,-0.5746086599761764,-0.24042968750000002,-0.18907999999999991
24.086,-0.1915372238704105,-0.5716504484444442,-0.23773437500000003,-0.18636999999999992
24.091,-0.1883219707119146,-0.5686740044841674,-0.235078125,-0.1835
24.095,-0.18418807379384816,-0.5656337470239752,-0.23244140625,-0.1807599999999998
24.099,-0.18097282063535225,-0.5625889314566486,-0.22974609375000002,-0.17791999999999986
24.104,-0.17775756747685634,-0.5595167672464996,-0.22697265625000002,-0.17504999999999993
24.108,-0.17408299243857428,-0.556380789536437,-0.2240625,-0.17216999999999993
24.113,-0.16994909552050785,-0.5530579294337681,-0.22109375,-0.16916999999999982
24.117,-0.16673384236201194,-0.5496940463668718,-0.21808593750000002,-0.16618
24.122,-0.16305926732373166,-0.5463666281570649,-0.215078125,-0.16313
24.126,-0.1593846922854496,-0.5430073031973048,-0.21199218749999998,-0.16010999999999997
24.131,-0.1547914734875988,-0.5396115133804482,-0.20878906249999998,-0.15710000000000002
24.136,-0.15111689844931675,-0.5361017708851747,-0.2056640625,-0.15391999999999983
24.14,-0.14790164529082084,-0.5327242134968664,-0.20244140625,-0.15100999999999987
24.145,-0.14330842649297004,-0.5292828426086444,-0.19916015625,-0.14798
24.15,-0.13963385145468798,-0.525773100113371,-0.19574218750000003,-0.14491999999999994
24.154,-0.1350406326568372,-0.5221083819754497,-0.192265625,-0.14169999999999994
24.159,-0.13136605761855513,-0.5183525016947925,-0.18873046875000002,-0.13837999999999995
24.164,-0.12769148258027485,-0.514674109235461,-0.18513671874999998,-0.13517
24.169,-0.12309826378242228,-0.5109820424547191,-0.18158203125000003,-0.13192999999999988
24.173,-0.11988301062392637,-0.5073218824239323,-0.1776171875,-0.12886999999999982
24.179,-0.11574911370585994,-0.5033472130007155,-0.173515625,-0.12536999999999998
24.184,-0.11161521678779351,-0.49929961386330923,-0.16929687499999999,-0.12185999999999986
24.189,-0.10748131986972709,-0.49531582822581477,-0.16574218750000003,-0.11853999999999987
24.193,-0.10334742295166066,-0.4919063640875496,-0.16212890625,-0.11559999999999993
24.198,-0.10059149167294912,-0.4885014580564224,-0.1584765625,-0.11263999999999985
24.202,-0.09645759475488269,-0.4851011101324296,-0.1545703125,-0.10971999999999982
24.206,-0.09370166347617293,-0.48158680953002,-0.150546875,-0.1068
24.211,-0.09002708843789087,-0.47799502110628467,-0.14626953125,-0.10371999999999981
24.216,-0.08589319151982444,-0.4742436989327654,-0.14169921875,-0.10051999999999994
24.221,-0.08175929460175801,-0.47038754029510166,-0.136953125,-0.09719999999999995
24.226,-0.07716607580390722,-0.4664311033004296,-0.13232421875,-0.09384999999999999
24.23,-0.07395082264541131,-0.4627709432696445,-0.12806640625,-0.09078999999999993
24.235,-0.0707355694869154,-0.45935236291710524,-0.123671875,-0.0878899999999998
24.239,-0.06752031632841948,-0.4559520149931142,-0.11908203125,-0.08495999999999992
24.244,-0.06981692572734488,-0.45233743603369625,-0.11656250000000001,-0.08184999999999998
24.249,-0.07441014452519568,-0.44917866778794924,-0.11607421875,-0.07939999999999992
24.253,-0.07808471956347773,-0.44647571025587496,-0.1173046875,-0.0774999999999999
24.259,-0.08221861648154416,-0.44375907840239215,-0.11953125,-0.07611999999999997
24.264,-0.08681183527939496,-0.4417990923336017,-0.122421875,-0.07551999999999981
24.269,-0.09048641031767701,-0.44019919672861363,-0.12556640625,-0.07560999999999996
24.273,-0.0941609853559573,-0.4390232050873397,-0.12953125,-0.07619999999999982
24.278,-0.09921352603359423,-0.4379930728744412,-0.13345703125,-0.07758999999999983
24.283,-0.10288810107187629,-0.4373549378753001,-0.137578125,-0.07950999999999997
24.288,-0.10656267611015657,-0.43696294066154273,-0.14203125000000003,-0.08189000000000002
24.293,-0.11115589490800915,-0.43682619744744144,-0.1463671875,-0.08525999999999989
24.298,-0.11528979182607557,-0.43695838255440655,-0.15056640625,-0.08877000000000002
24.302,-0.119423688744142,-0.4373139149110692,-0.1553125,-0.09194999999999998
24.308,-0.12447622942177716,-0.43803409583867214,-0.15958984375000002,-0.09596999999999989
24.313,-0.12906944821962973,-0.4388727875518281,-0.16382812500000002,-0.09918999999999989
24.318,-0.13274402325791002,-0.4399348265146834,-0.16818359375000003,-0.10263
24.323,-0.13779656393554696,-0.4413113748699722,-0.17275390625,-0.10639999999999983
24.329,-0.1428491046131839,-0.44292494479637057,-0.17664062500000002,-0.11012999999999984
24.333,-0.14652367965146595,-0.44449293365140186,-0.1811328125,-0.1134599999999999
24.339,-0.15111689844931675,-0.446562314291473,-0.1851171875,-0.11734999999999984
24.344,-0.15525079536738318,-0.44854964900308225,-0.18878906250000002,-0.12080000000000002
24.349,-0.1593846922854496,-0.45045949589336587,-0.19234375,-0.12398999999999982
24.353,-0.16305926732373166,-0.4525106441048905,-0.195703125,-0.12732999999999994
24.358,-0.16673384236201194,-0.4545709085306875,-0.1990625,-0.13037999999999994
24.362,-0.17086773928007837,-0.45675424184917546,-0.20234375,-0.13342999999999994
24.367,-0.17454231431836043,-0.45900594677471496,-0.20576171875000002,-0.1366299999999998
24.371,-0.17913553311621122,-0.461480998949952,-0.20912109375000001,-0.13981
24.376,-0.18235078627470713,-0.464010748410832,-0.2124609375,-0.14296999999999982
24.381,-0.18648468319277356,-0.46659063705021353,-0.21578125,-0.14630999999999994
24.386,-0.19061858011083999,-0.46936196618933934,-0.21912109375,-0.14962999999999993
24.39,-0.1947524770289064,-0.4722153412569252,-0.22212890625,-0.15293999999999985
24.395,-0.19842705206718847,-0.47486360150335827,-0.22544921874999999,-0.15601999999999983
24.4,-0.2034795927448254,-0.47794032382064344,-0.22884765625,-0.15933999999999982
24.405,-0.2071541677831057,-0.48113099881634724,-0.23230468750000002,-0.16279999999999983
24.41,-0.21128806470117212,-0.484481207561835,-0.23535156250000003,-0.16645
24.414,-0.21450331785966803,-0.4873254664151485,-0.23833984375,-0.16950999999999983
24.419,-0.21863721477773446,-0.49036116576820277,-0.2415625,-0.17271999999999998
24.423,-0.22277111169580088,-0.49355184076390657,-0.24478515625,-0.17609999999999992
24.428,-0.2259863648542968,-0.49685191033089104,-0.2480859375,-0.1794499999999999
24.433,-0.22966093989257885,-0.5003023974333871,-0.251484375,-0.18292999999999981
24.439,-0.2347134805702158,-0.5039443250356239,-0.2548828125,-0.18672
24.444,-0.2379287337287117,-0.507444951316625,-0.25810546875,-0.19018999999999986
24.449,-0.24206263064677813,-0.5110823208117257,-0.26154296875,-0.19381999999999988
24.454,-0.2457372056850584,-0.5146695511283248,-0.26519531249999995,-0.19733
24.46,-0.2512490682424815,-0.5187490570156861,-0.2683203125,-0.20134999999999992
24.464,-0.2544643214009774,-0.5220217779398517,-0.27173828125,-0.20455999999999985
24.47,-0.2581388964392577,-0.5259052852203361,-0.27521484374999994,-0.20831999999999984
24.475,-0.26181347147753975,-0.5296657236081277,-0.278203125,-0.21189999999999998
24.479,-0.26502872463603566,-0.5328427242824212,-0.28109375,-0.2151099999999999
24.484,-0.2682439777945316,-0.5359604695639373,-0.28398437499999996,-0.2181599999999999
24.488,-0.2714592309530275,-0.5391329121310928,-0.28699218749999994,-0.22119999999999984
24.493,-0.27421516223173903,-0.542419307376667,-0.289921875,-0.22439999999999993
24.497,-0.27743041539023494,-0.545541610765321,-0.29283203125,-0.22744999999999993
24.502,-0.28064566854873085,-0.5486958209039283,-0.296171875,-0.23044999999999982
24.507,-0.28386092170722677,-0.552260260684843,-0.29939453125,-0.2339
24.512,-0.2870761748657227,-0.5556833991445203,-0.30277343749999996,-0.23734999999999995
24.517,-0.29075074990400473,-0.55927974567539,-0.30601562499999996,-0.24075000000000002
24.521,-0.2935066811827163,-0.5626026057780589,-0.30894531249999996,-0.24405999999999994
24.526,-0.29626261246142604,-0.5656200727025666,-0.31197265625,-0.2470899999999998
24.53,-0.29947786561992196,-0.5687150274483983,-0.3149609375,-0.25007999999999986
24.535,-0.30269311877841787,-0.5717097038372234,-0.3183203125,-0.2530999999999999
24.539,-0.30590837193691556,-0.5751146098683506,-0.32175781249999996,-0.25637999999999983
24.544,-0.30912362509541147,-0.5785605388637105,-0.32527343750000004,-0.2597799999999999
24.549,-0.3109609126145507,-0.5819153057163362,-0.32880859374999993,-0.2631899999999998
24.554,-0.3146354876528328,-0.5852336077118672,-0.332421875,-0.26661
24.559,-0.3173914189315443,-0.5885610259216705,-0.33564453125,-0.27
24.564,-0.3196880283304697,-0.5914235172035323,-0.33888671875,-0.27288
24.568,-0.3219846377293951,-0.5943087990210731,-0.34226562499999996,-0.27588999999999997
24.573,-0.3242812471283205,-0.597248778124257,-0.3462109375,-0.2789999999999999
24.578,-0.3274965002868164,-0.6005853125483362,-0.35017578125,-0.28254
24.583,-0.33071175344531234,-0.6038534753653639,-0.35433593750000003,-0.28596999999999984
24.588,-0.3334676847240239,-0.6071261962895278,-0.3578515625,-0.28949999999999987
24.592,-0.3362236160027354,-0.6098929673215157,-0.36150390624999995,-0.2925099999999998
24.597,-0.3385202254016608,-0.6127372261748274,-0.36583984375,-0.29552
24.602,-0.34127615668037237,-0.6159506917062139,-0.3696484375,-0.29908
24.606,-0.3444914098388683,-0.6187676019167068,-0.373515625,-0.30223
24.611,-0.34586937547822316,-0.6214979080916017,-0.37765624999999997,-0.30525
24.616,-0.3490846286367191,-0.624374073694872,-0.38189453124999995,-0.3085499999999999
24.62,-0.3509219161558601,-0.6272958203695076,-0.38589843749999997,-0.31184999999999996
24.625,-0.35367784743457165,-0.629921290080258,-0.389765625,-0.3148899999999999
24.629,-0.35597445683349704,-0.632523969255324,-0.39357421875,-0.31779999999999986
24.633,-0.3578117443526381,-0.6350628349304763,-0.39738281249999996,-0.32084
24.638,-0.35918970999199296,-0.6375834681770822,-0.40111328125,-0.32389
24.642,-0.36240496315048887,-0.6400813108880037,-0.4048046875,-0.3267899999999999
24.647,-0.3642422506696299,-0.6426156184560181,-0.40853515625,-0.32982999999999985
24.651,-0.36699818194833966,-0.6451727165597188,-0.4120703125,-0.33316999999999997
24.655,-0.3679168257079102,-0.6476340944135472,-0.41603515625,-0.3359599999999998
24.66,-0.3706727569866217,-0.6504373303026281,-0.4195703125,-0.33958
24.665,-0.3729693663855471,-0.6528668014064998,-0.42326171875,-0.3426499999999999
24.67,-0.3752659757844725,-0.6555652008314361,-0.42654296875,-0.34599999999999986
24.674,-0.3766439414238292,-0.6579263003282563,-0.42970703125,-0.34919999999999995
24.678,-0.3798591945823251,-0.6602463768608473,-0.43279296875,-0.3521399999999999
24.683,-0.38031851646210946,-0.6625436628577539,-0.4358203125,-0.35505999999999993
24.687,-0.38261512586103663,-0.6647816934618831,-0.43917968749999997,-0.35826999999999987
24.692,-0.38491173525996203,-0.6673615821012646,-0.44232421875,-0.36178
24.696,-0.3872083446588874,-0.669740914026633,-0.44521484375,-0.36471999999999993
24.701,-0.3885863102982423,-0.6719743865236243,-0.44839843749999997,-0.3677999999999999
24.706,-0.3908829196971695,-0.6745041359845043,-0.4516015625,-0.37144
24.711,-0.39272020721630874,-0.677020211123974,-0.45439453124999996,-0.37507999999999986
24.715,-0.3954761384950203,-0.6792217768710067,-0.45732421875,-0.3781699999999999
24.72,-0.3973134260141613,-0.6816421317606061,-0.46005859375,-0.38154999999999983
24.725,-0.39915071353330056,-0.683861929936187,-0.46265625,-0.38478999999999997
24.729,-0.4000693572928711,-0.6860452632546767,-0.46542968749999997,-0.38791
24.734,-0.40236596669179825,-0.6883060843944886,-0.46855468749999996,-0.3912899999999999
24.739,-0.405121897970508,-0.6908495081767771,-0.47136718749999995,-0.3950799999999999
24.744,-0.40604054173007853,-0.693196933352187,-0.47384765625,-0.39859
24.749,-0.4087964730087901,-0.6952617558851202,-0.47638671875,-0.4018299999999999
24.754,-0.41017443864814496,-0.6974997864892494,-0.47927734375,-0.4052
24.759,-0.41247104804707035,-0.6999064670574384,-0.48177734375,-0.40884999999999994
24.764,-0.4143083355662114,-0.7020077544474645,-0.48449218749999995,-0.4122199999999998
24.769,-0.41568630120556627,-0.7043506215157382,-0.48710937499999996,-0.41584999999999983
24.774,-0.4175235887247073,-0.7065749777984554,-0.4898828125,-0.4194899999999999
24.779,-0.4198201981236327,-0.7088904962239102,-0.49224609375,-0.42313999999999985
24.784,-0.4207388418832032,-0.7108823890426557,-0.49478515624999997,-0.4264899999999998
24.789,-0.4230354512821304,-0.7130611642540075,-0.49732421875,-0.43011999999999984
24.794,-0.4239540950416991,-0.7151670097511715,-0.4996484375,-0.43357999999999985
24.799,-0.4262507044406263,-0.7170495079986381,-0.50189453125,-0.4367699999999999
24.804,-0.4276286700799812,-0.7189274481389649,-0.50421875,-0.44009999999999994
24.808,-0.42900663571933606,-0.7208372950292503,-0.50666015625,-0.4432999999999998
24.813,-0.4303846013586927,-0.7227927229909028,-0.509140625,-0.44677999999999995
24.819,-0.432221888877832,-0.7248301968810154,-0.51150390625,-0.45055999999999985
24.823,-0.434059176396973,-0.726667114057113,-0.51376953125,-0.4537499999999999
24.828,-0.43589646391611403,-0.7284538920547057,-0.51587890625,-0.45707999999999993
24.832,-0.43681510767568454,-0.7301540660167039,-0.51806640625,-0.46014
24.837,-0.4381930733150394,-0.7318223332287435,-0.5201171875,-0.46319999999999983
24.841,-0.44003036083418046,-0.7334359031551401,-0.52244140625,-0.4662599999999999
24.846,-0.44094900459375097,-0.7352135649384604,-0.52482421875,-0.4696199999999999
24.851,-0.442786292112892,-0.7371188537216096,-0.5273046874999999,-0.47326
24.856,-0.44370493587246074,-0.7388782830763834,-0.5297265625,-0.47661
24.861,-0.4464608671511723,-0.7406605029668398,-0.53212890625,-0.4801199999999999
24.866,-0.4473795109107428,-0.7424472809644325,-0.5342578125,-0.48363
24.87,-0.44783883279052716,-0.7439696887480967,-0.5365234375,-0.4866999999999999
24.875,-0.45013544218945434,-0.7455376776031297,-0.5389453125,-0.48993
24.88,-0.4505947640692387,-0.7472469677793985,-0.54134765625,-0.49341999999999997
24.885,-0.45335069534795025,-0.7489744903842137,-0.5438085937499999,-0.49690999999999996
24.89,-0.45426933910752076,-0.7506883386676204,-0.54630859375,-0.5004199999999999
24.895,-0.45656594850644616,-0.7524614423438045,-0.5487695312499999,-0.50407
24.9,-0.45656594850644616,-0.75412059334157,-0.55103515625,-0.5075799999999999
24.905,-0.4584032360255872,-0.7555609551967724,-0.5533203125,-0.5108299999999999
24.909,-0.4597812016649421,-0.7570560143376159,-0.5556249999999999,-0.5139399999999998
24.914,-0.46115916730429696,-0.7585146086213665,-0.55822265625,-0.51715
24.919,-0.4625371329436536,-0.7601646434048597,-0.5604882812499999,-0.5206799999999998
24.923,-0.462996454823438,-0.7615275174387381,-0.5630468750000001,-0.5237799999999999
24.928,-0.4652930642223634,-0.7630681576509488,-0.5653515625,-0.5272999999999999
24.932,-0.46667102986172004,-0.7644811708633323,-0.5680664062499999,-0.5304
24.938,-0.4680489955010749,-0.7660810664683204,-0.57041015625,-0.5339499999999999
24.942,-0.46896763926064544,-0.7674576148236092,-0.5728515625,-0.53704
24.946,-0.4703456049000003,-0.7688296050717618,-0.57533203125,-0.5402899999999999
24.951,-0.471723570539357,-0.7702289439627332,-0.57802734375,-0.5433999999999999
24.956,-0.47218289241914135,-0.7717103287821683,-0.58076171875,-0.5469199999999999
24.961,-0.47356085805849624,-0.7731324582088241,-0.5835546875,-0.5502799999999999
24.966,-0.4749388236978529,-0.7745864943854386,-0.58630859375,-0.5536699999999999
24.97,-0.47585746745742163,-0.7759584846335894,-0.58890625,-0.5570299999999999
24.975,-0.4781540768563488,-0.7772575451675561,-0.59166015625,-0.56012
24.979,-0.47769475497656266,-0.7785793962372018,-0.59453125,-0.5633699999999999
24.984,-0.47999136437548806,-0.7799513864853562,-0.59755859375,-0.56674
24.989,-0.4813693300148447,-0.7813689578048741,-0.6006640624999999,-0.5702499999999999
24.994,-0.4818286518946291,-0.782754622374437,-0.60384765625,-0.5736299999999999
24.999,-0.48320661753398575,-0.7841311707297258,-0.60685546875,-0.5771199999999999
25.003,-0.4841252612935545,-0.7853709758709151,-0.61009765625,-0.5803499999999999
25.008,-0.4859625488126955,-0.7867292917976556,-0.6132617187499999,-0.5837299999999999
25.013,-0.4873405144520522,-0.7879918874745275,-0.61634765625,-0.58697
25.017,-0.4873405144520522,-0.7892043439728944,-0.61986328125,-0.5900599999999998
25.022,-0.4896371238509776,-0.7905535436853626,-0.6238671874999999,-0.5935899999999998
25.028,-0.49009644573076194,-0.7920622771476182,-0.62748046875,-0.5975299999999999
25.032,-0.4914744113701186,-0.7932701755388472,-0.63173828125,-0.6007499999999999
25.038,-0.49239305512968734,-0.7947242117154616,-0.63564453125,-0.60456
25.043,-0.49331169888925785,-0.7959776911780594,-0.6396484374999999,-0.6080699999999999
25.048,-0.4946896645286145,-0.797222054426383,-0.64341796875,-0.61144
25.052,-0.49652695204775377,-0.7983570231034243,-0.6476757812499999,-0.61453
25.057,-0.49652695204775377,-0.7996241768874341,-0.65212890625,-0.61802
25.062,-0.4979049176871104,-0.8008320752786631,-0.6561914062499999,-0.6213799999999998
25.066,-0.49974220520625146,-0.8019488115271596,-0.6604882812499999,-0.6244799999999999
25.07,-0.5006608489658202,-0.8030701058827923,-0.6648046875,-0.6274299999999999
25.075,-0.5015794927253907,-0.8041868421312888,-0.66935546875,-0.63052
25.079,-0.5020388146051769,-0.8052990202726473,-0.673984375,-0.6336199999999999
25.084,-0.5038761021243179,-0.8063975240925974,-0.67876953125,-0.63672
25.088,-0.5047947458838866,-0.8074914698054094,-0.68412109375,-0.63981
25.093,-0.5047947458838866,-0.8086629033395472,-0.6895117187500001,-0.6432
25.097,-0.5057133896434571,-0.8097477328380851,-0.6956249999999999,-0.6464599999999998
25.102,-0.5075506771625982,-0.8109465150150434,-0.7022070312500001,-0.6499999999999999
25.107,-0.5084693209221687,-0.8121772039419568,-0.7077734374999999,-0.6535599999999999
25.112,-0.508928642801953,-0.8132210104762656,-0.7138671875,-0.65669
25.117,-0.5107659303210941,-0.8143970021175395,-0.72078125,-0.6602399999999999
25.122,-0.5126032178402351,-0.8157325275085974,-0.72763671875,-0.6642199999999998
25.128,-0.5126032178402351,-0.8170452623639726,-0.73333984375,-0.6680599999999999
25.132,-0.5135218615998056,-0.8181346499696467,-0.7391992187499999,-0.67147
25.137,-0.5144405053593761,-0.8192513862181432,-0.74427734375,-0.6750399999999999
25.142,-0.5162777928785154,-0.8202678441096314,-0.7493359374999999,-0.6781699999999999
25.146,-0.5171964366380859,-0.8213207668582143,-0.7542187499999999,-0.6812799999999999
25.151,-0.5185744022774426,-0.8223645733925231,-0.7590625000000001,-0.6844199999999998
25.155,-0.5185744022774426,-0.8233992637125596,-0.76390625,-0.6876899999999999
25.16,-0.5190337241572269,-0.8244567445682769,-0.7686328124999999,-0.69109
25.164,-0.5213303335561523,-0.8254504119240824,-0.77341796875,-0.69421
25.169,-0.522708299195509,-0.8265899387082616,-0.77783203125,-0.69763
25.174,-0.5222489773157228,-0.8276200709211601,-0.7822265625,-0.7008699999999999
25.178,-0.5240862648348639,-0.8286137382769638,-0.78630859375,-0.7039799999999998
25.183,-0.5245455867146482,-0.829593731311359,-0.7907812499999999,-0.7069599999999998
25.187,-0.5259235523540049,-0.8306922351313091,-0.79494140625,-0.71051
25.192,-0.5263828742337893,-0.8317178092370714,-0.79884765625,-0.71376
25.196,-0.5277608398731459,-0.8326704536286442,-0.8026953124999999,-0.7168899999999998
25.201,-0.5286794836327147,-0.8336823534129962,-0.80671875,-0.7201599999999999
25.206,-0.5291388055125008,-0.8346942531973482,-0.81099609375,-0.7234099999999999
25.211,-0.5309760930316418,-0.8358246637672533,-0.81509765625,-0.7271099999999999
25.216,-0.5314354149114262,-0.8369003770515189,-0.8190234375000001,-0.7305199999999998
25.22,-0.5318947367912124,-0.8379122768358709,-0.8228125,-0.73393
25.225,-0.5332727024305672,-0.8389196185130867,-0.8263671874999999,-0.7373399999999999
25.23,-0.5346506680699221,-0.8398996115474802,-0.83017578125,-0.7405999999999999
25.235,-0.5346506680699221,-0.8409525342960613,-0.8341015625,-0.74413
25.24,-0.5364879555890631,-0.8420236894731925,-0.8383203125,-0.7476799999999999
25.245,-0.5364879555890631,-0.8431586581502337,-0.84203125,-0.7516699999999998
25.25,-0.537865921228418,-0.8441796741488599,-0.8462109375,-0.75522
25.256,-0.5397032087475591,-0.8453693401115423,-0.8496875,-0.7593799999999999
25.261,-0.5406218525071296,-0.8463538912530755,-0.85310546875,-0.7626599999999999
25.265,-0.5415404962667001,-0.8473338842874689,-0.8565234374999999,-0.7659399999999998
25.27,-0.5419998181464845,-0.8483776908217777,-0.8605468749999999,-0.7695099999999999
25.276,-0.5433777837858411,-0.8495354500345051,-0.86390625,-0.77365
25.281,-0.5442964275454116,-0.8505017687474883,-0.86755859375,-0.7769599999999999
25.286,-0.544755749425196,-0.8515455752817971,-0.8708789062499999,-0.7807
25.291,-0.5461337150645509,-0.8525301264233285,-0.8742578124999999,-0.7842799999999999
25.296,-0.5470523588241214,-0.8534782127077651,-0.877265625,-0.7875699999999999
25.3,-0.5475116807039075,-0.8543396949566038,-0.8802148437499999,-0.7907299999999999
25.304,-0.5484303244634781,-0.8551875028840339,-0.8831640625,-0.79372
25.308,-0.5493489682230468,-0.856039868918602,-0.8861328125,-0.7968499999999998
25.313,-0.5507269338624035,-0.8569150254888509,-0.889296875,-0.7999999999999998
25.317,-0.551645577621974,-0.8578676698804255,-0.89234375,-0.8032899999999998
25.322,-0.5521048995017583,-0.8587792913077692,-0.8955859374999999,-0.80657
25.327,-0.5530235432613289,-0.8597319356993438,-0.89876953125,-0.8099999999999998
25.332,-0.5539421870208994,-0.8606663476623702,-0.9019531249999999,-0.8132899999999998
25.336,-0.5553201526602543,-0.8615734109825777,-0.9053515624999999,-0.8165799999999999
25.341,-0.5553201526602543,-0.8625625202312452,-0.90859375,-0.8201499999999999
25.346,-0.5571574401793953,-0.8634878159799992,-0.9120703124999999,-0.8235899999999998
25.351,-0.5571574401793953,-0.8644951576572151,-0.9154687499999999,-0.82714
25.356,-0.5594540495783207,-0.8655116155487033,-0.91896484375,-0.8308499999999999
25.361,-0.5599133714581068,-0.8665235153330553,-0.9226757812499999,-0.8343999999999998
25.366,-0.5599133714581068,-0.8675536475459538,-0.92609375,-0.8382499999999999
25.371,-0.5626693027368166,-0.8685199662589369,-0.929375,-0.8418299999999999
25.376,-0.5617506589772461,-0.8694361457934185,-0.9325585937499999,-0.8451299999999999
25.381,-0.5635879464963871,-0.8703249766850778,-0.9357812499999999,-0.8483999999999998
25.385,-0.5635879464963871,-0.8711864589339182,-0.9390234375000001,-0.8516699999999999
25.39,-0.564965912135742,-0.8720661736113051,-0.9421679687500001,-0.85493
25.394,-0.5658845558953125,-0.8729230977530076,-0.9454296874999999,-0.8581799999999999
25.399,-0.566803199654883,-0.8738073705375324,-0.9486523437500001,-0.8614299999999999
25.403,-0.5672625215346692,-0.8746642946792331,-0.95234375,-0.8645499999999999
25.409,-0.568640487174024,-0.8756625201421766,-0.95572265625,-0.8682299999999998
25.413,-0.5690998090538084,-0.8765422348195635,-0.95927734375,-0.87147
25.418,-0.5700184528133789,-0.877431065711221,-0.9626171874999999,-0.8748499999999999
25.422,-0.5713964184527356,-0.8782788736386511,-0.9666015625,-0.8780699999999999
25.428,-0.57185574033252,-0.8793044477444134,-0.97025390625,-0.8817199999999998
25.433,-0.5732337059718748,-0.880206952957483,-0.97451171875,-0.8851
25.438,-0.573693027851661,-0.8812598757060659,-0.97873046875,-0.8890199999999999
25.443,-0.5746116716112315,-0.882230752526187,-0.9825,-0.8926699999999999
25.448,-0.5750709934910159,-0.8830922347750274,-0.98662109375,-0.8960299999999999
25.453,-0.5769082810101569,-0.8840312048451917,-0.990703125,-0.8995299999999999
25.458,-0.5773676028899413,-0.8849610587010819,-0.9943554687499999,-0.90303
25.463,-0.5782862466495118,-0.8857678436642811,-0.9980664062499999,-0.9061199999999998
25.467,-0.5782862466495118,-0.8865472799846597,-1.0020312500000002,-0.9092099999999999
25.471,-0.5796642122888684,-0.8873859716978156,-1.00634765625,-0.9124299999999999
25.476,-0.5801235341686528,-0.8882702444823405,-1.0105468750000002,-0.9157799999999998
25.481,-0.5815014998080077,-0.8890861456598138,-1.0147070312500002,-0.91913
25.485,-0.5819608216877938,-0.8899157211586957,-1.0188281250000002,-0.92218
25.49,-0.5833387873271487,-0.8907225061218931,-1.02294921875,-0.9253899999999999
25.494,-0.5833387873271487,-0.8915110586565476,-1.02703125,-0.9283399999999999
25.499,-0.5842574310867192,-0.8922859368697882,-1.0315234375,-0.9314099999999998
25.504,-0.5851760748462898,-0.8931747677614492,-1.0364648437500001,-0.9348999999999998
25.509,-0.5860947186058603,-0.89413197026016,-1.04056640625,-0.9386599999999998
25.513,-0.5870133623654308,-0.8949159646876748,-1.04484375,-0.94157
25.518,-0.5879320061250013,-0.8958047955793358,-1.04921875,-0.9450399999999999
25.523,-0.5893099717643562,-0.8967300913280898,-1.0536328125,-0.9485299999999999
25.528,-0.5893099717643562,-0.8976508289697058,-1.0578906250000002,-0.9521299999999999
25.534,-0.5897692936441405,-0.8985533341827772,-1.0622265625,-0.9560199999999999
25.539,-0.5911472592834972,-0.8995014204672156,-1.0662890625,-0.95963
25.544,-0.5925252249228521,-0.9004084837874213,-1.0704101562500001,-0.9633499999999999
25.55,-0.5934438686824226,-0.9013611281789959,-1.07416015625,-0.96709
25.555,-0.593903190562207,-0.9022590752849293,-1.0779882812500001,-0.9705499999999998
25.56,-0.5948218343217775,-0.9031661386051368,-1.08150390625,-0.9741499999999998
25.565,-0.595740478081348,-0.9040504113896599,-1.0851171875,-0.9777399999999998
25.57,-0.5961997999611341,-0.9049574747098674,-1.08814453125,-0.9813299999999998
25.575,-0.5971184437207029,-0.9057050042802892,-1.091015625,-0.98448
25.579,-0.597577765600489,-0.9064343014221627,-1.0938671875000001,-0.9873799999999999
25.584,-0.5994150531196301,-0.9072046215282707,-1.09681640625,-0.9905599999999999
25.588,-0.6007930187589849,-0.9080752199913835,-1.10005859375,-0.99373
25.594,-0.6012523406387693,-0.9090324224900943,-1.10326171875,-0.9973099999999999
25.599,-0.6012523406387693,-0.9099622763459845,-1.10650390625,-1.0010299999999999
25.604,-0.602630306278126,-0.9108921302018747,-1.10951171875,-1.00474
25.609,-0.6035489500376965,-0.9117764029863977,-1.1124609375,-1.00833
25.615,-0.604467593797267,-0.9126606757709208,-1.1152734375000002,-1.0118
25.619,-0.6053862375568357,-0.9134993674840786,-1.1178515625,-1.01514
25.624,-0.6063048813164063,-0.9143015943401416,-1.12037109375,-1.0183399999999998
25.628,-0.6067642031961924,-0.9150764725533822,-1.1228515625000002,-1.02141
25.633,-0.6072235250759768,-0.9158422345523505,-1.1252929687500002,-1.0246
25.637,-0.6086014907153334,-0.9165988803370464,-1.1276953125,-1.02753
25.642,-0.6086014907153334,-0.9173372936931958,-1.130078125,-1.0306099999999998
25.646,-0.6099794563546883,-0.9180802651564797,-1.132578125,-1.03369
25.65,-0.6108981001142588,-0.9188824920125427,-1.134921875,-1.0369099999999998
25.655,-0.6113574219940432,-0.9196436959043748,-1.1375390625000001,-1.04
25.66,-0.6122760657536137,-0.9204778295103946,-1.1398632812500002,-1.04338
25.664,-0.6127353876333999,-0.9212208009736802,-1.142265625,-1.0463399999999998
25.668,-0.6131947095131842,-0.9219546562226899,-1.1445703125000002,-1.04944
25.673,-0.6150319970323253,-0.9227249763287979,-1.1474609375,-1.0525499999999999
25.678,-0.6154913189121096,-0.9236730626132346,-1.1497656250000001,-1.0563699999999998
25.682,-0.6159506407918958,-0.9244205921836546,-1.15248046875,-1.0594899999999998
25.688,-0.6173286064312506,-0.9253003068610415,-1.1550585937500002,-1.06318
25.692,-0.6173286064312506,-0.9261435566813354,-1.1577343750000002,-1.06657
25.697,-0.6182472501908212,-0.926959457858807,-1.1601171875,-1.0701
25.702,-0.619625215830176,-0.9277206617506408,-1.16265625,-1.07322
25.707,-0.6214625033493171,-0.9285730277852071,-1.1649609375,-1.0766399999999998
25.711,-0.6210031814695327,-0.9293843708555443,-1.1674609375,-1.07991
25.716,-0.6219218252291014,-0.9301410166402384,-1.170078125,-1.08303
25.721,-0.622840468988672,-0.9309979407819409,-1.1729296875000002,-1.08659
25.726,-0.6242184346280286,-0.9319460270663793,-1.1755078125,-1.09043
25.731,-0.6251370783875991,-0.9327756025652612,-1.1784375,-1.0937199999999998
25.736,-0.6260557221471679,-0.9337692699210667,-1.18111328125,-1.09774
25.741,-0.6269743659067384,-0.9346444264913156,-1.1836328125000002,-1.10119
25.746,-0.6269743659067384,-0.9354831182044716,-1.1863476562500002,-1.10465
25.751,-0.6278930096663089,-0.9363400423461758,-1.18943359375,-1.10838
25.757,-0.6292709753056656,-0.937306361059159,-1.19203125,-1.11241
25.761,-0.6301896190652343,-0.9381131460223582,-1.19455078125,-1.11571
25.766,-0.6306489409450204,-0.9389062566641488,-1.19716796875,-1.11903
25.77,-0.631567584704591,-0.9397039254130739,-1.1997851562500002,-1.1223299999999998
25.775,-0.6329455503439458,-0.9405562914476402,-1.2024414062500002,-1.1259199999999998
25.78,-0.633404872223732,-0.9413448439822929,-1.20525390625,-1.12907
25.785,-0.6343235159833007,-0.9422382329810883,-1.20841796875,-1.13278
25.79,-0.6347828378630869,-0.9431680868369803,-1.211484375,-1.1366299999999998
25.795,-0.6361608035024418,-0.9440204528715466,-1.2145898437500002,-1.14006
25.8,-0.6366201253822279,-0.9449138418703438,-1.2176171875000001,-1.14378
25.805,-0.6370794472620123,-0.9457479754763636,-1.220390625,-1.1473499999999999
25.81,-0.6389167347811533,-0.9465000631539215,-1.2230859375,-1.15049
25.814,-0.6384574129013671,-0.9472430346172054,-1.22603515625,-1.15363
25.819,-0.6407540223002943,-0.9480407033661322,-1.22927734375,-1.1569099999999999
25.824,-0.6416726660598631,-0.9489340923649294,-1.23236328125,-1.16034
25.828,-0.6416726660598631,-0.9497545516495389,-1.23578125,-1.16378
25.833,-0.6425913098194336,-0.9506251501126517,-1.2390234375000002,-1.16737
25.838,-0.6435099535790041,-0.9514547256115353,-1.2422851562500001,-1.17082
25.843,-0.6439692754587902,-0.9522387200390519,-1.2461914062500001,-1.17397
25.848,-0.6458065629779295,-0.9532187130734453,-1.2502929687500002,-1.1779799999999998
25.853,-0.6453472410981451,-0.9541075439651046,-1.2537304687500002,-1.1817099999999998
25.858,-0.6467252067375,-0.9548505154283902,-1.2571875000000001,-1.18502
25.862,-0.6476438504970705,-0.9556117193202223,-1.2612109375,-1.18818
25.867,-0.648562494256641,-0.956486875890473,-1.2653710937500002,-1.19178
25.872,-0.6494811380162115,-0.9573529162464478,-1.2700195312500002,-1.19537
25.878,-0.6503997817757821,-0.9583010025308862,-1.27462890625,-1.1992599999999998
25.883,-0.6513184255353526,-0.9592308563867782,-1.2794140625000001,-1.2031399999999999
25.888,-0.6526963911747075,-0.9601288034927098,-1.28421875,-1.20689
25.893,-0.6531557130544936,-0.961026750598645,-1.28958984375,-1.21049
25.899,-0.6545336786938485,-0.9620067436330402,-1.2947265625000002,-1.2145199999999998
25.904,-0.6545336786938485,-0.9628591096676047,-1.3006250000000001,-1.2179699999999998
25.909,-0.6559116443332034,-0.9638254283805896,-1.30609375,-1.22213
25.914,-0.6568302880927739,-0.9647097011651145,-1.3122851562500002,-1.22587
25.92,-0.6582082537321288,-0.9656167644853202,-1.317890625,-1.22946
25.924,-0.6591268974916993,-0.9664645724127503,-1.3240234375000002,-1.2328999999999999
25.929,-0.6595862193714854,-0.9673397289829992,-1.33056640625,-1.23646
25.934,-0.6609641850108403,-0.9682559085174809,-1.3369335937500002,-1.24002
25.939,-0.6609641850108403,-0.9690581353735421,-1.343515625,-1.2433
25.944,-0.6623421506501952,-0.9699332919437929,-1.3511132812500002,-1.24701
25.949,-0.6628014725299813,-0.9708631457996848,-1.3574609375,-1.25087
25.954,-0.6641794381693362,-0.9716608145486099,-1.36341796875,-1.25416
25.958,-0.6641794381693362,-0.9724265765475764,-1.3690820312500003,-1.25732
25.963,-0.6650980819289067,-0.9731649899037276,-1.3751757812500003,-1.2603199999999999
25.967,-0.6664760475682616,-0.9739808910811991,-1.381484375,-1.2637399999999999
25.973,-0.6669353694480478,-0.9748560476514498,-1.38783203125,-1.2673299999999998
25.978,-0.6683133350874026,-0.9757494366502453,-1.393046875,-1.2710599999999999
25.982,-0.6692319788469732,-0.9765334310777618,-1.3981445312500003,-1.2742
25.986,-0.6696913007267593,-0.9773083092910042,-1.4035546875,-1.2773599999999998
25.991,-0.6710692663661142,-0.9781834658612532,-1.4084375,-1.2807899999999999
25.996,-0.6719879101256847,-0.9790267156815471,-1.41404296875,-1.2840799999999999
26.001,-0.6729065538852552,-0.9799383371088908,-1.4193359375,-1.28765
26.006,-0.6729065538852552,-0.9808499585362345,-1.4244921875,-1.29137
26.011,-0.6742845195246101,-0.9817159988922111,-1.42939453125,-1.29493
26.016,-0.6747438414043945,-0.982595713569598,-1.4337695312500003,-1.29849
26.021,-0.6761218070437511,-0.9834161728542057,-1.438515625,-1.3018999999999998
26.026,-0.677499772683106,-0.9843551429243718,-1.4428125,-1.3054299999999999
26.031,-0.6779590945628904,-0.9851938346375277,-1.4471875,-1.3086699999999998
26.036,-0.6788777383224609,-0.9860872236363232,-1.45140625,-1.3123299999999998
26.04,-0.6797963820820314,-0.9869532639923015,-1.4552734375000003,-1.31571
26.045,-0.6802557039618176,-0.9877737232769093,-1.4589453125000003,-1.31893
26.049,-0.6820929914809568,-0.9885896244543826,-1.4630078125000001,-1.322
26.055,-0.6820929914809568,-0.9895377107388192,-1.46732421875,-1.32561
26.06,-0.6834709571203135,-0.9904857970232577,-1.4712890625,-1.32933
26.065,-0.684389600879884,-0.9914429995219685,-1.4752734375000003,-1.3329199999999999
26.07,-0.6853082446394545,-0.9923865276992689,-1.4794921875,-1.3365
26.076,-0.6862268883990232,-0.9934029855907571,-1.4828125,-1.3403399999999999
26.081,-0.6866862102788094,-0.9942097705539563,-1.4868359375000002,-1.3435
26.086,-0.6880641759181643,-0.9952171122311704,-1.4903515625,-1.3474499999999998
26.091,-0.6885234977979504,-0.9960831525871487,-1.4935937500000003,-1.3507099999999999
26.096,-0.6899014634373053,-0.9968990537646203,-1.4966015625000002,-1.3538299999999999
26.1,-0.6899014634373053,-0.997687606299273,-1.49970703125,-1.35696
26.105,-0.6908201071968758,-0.9984488101911051,-1.50267578125,-1.35996
26.109,-0.6921980728362307,-0.9992510370471681,-1.50638671875,-1.36308
26.115,-0.6931167165958012,-1.0002447044029736,-1.50958984375,-1.36675
26.12,-0.6940353603553717,-1.0011107447589485,-1.5125390625000001,-1.37001
26.124,-0.6940353603553717,-1.0018719486507806,-1.5153906250000002,-1.37299
26.128,-0.6949540041149422,-1.0026058038997938,-1.51826171875,-1.3759799999999998
26.133,-0.6954133259947266,-1.0033533334702156,-1.5211132812500001,-1.3789799999999999
26.137,-0.6963319697542971,-1.0040917468263633,-1.5242578125000001,-1.38184
26.142,-0.6977099353936538,-1.0049486709680657,-1.5272265625,-1.3852499999999999
26.146,-0.6986285791532225,-1.005760014038401,-1.5301171875000001,-1.3883899999999998
26.151,-0.699547222912793,-1.0065394503587797,-1.53294921875,-1.3914
26.155,-0.7000065447925792,-1.0073325610005703,-1.5359960937500001,-1.3943999999999999
26.16,-0.7004658666723635,-1.0081484621780437,-1.539296875,-1.3975399999999998
26.165,-0.7018438323117202,-1.0090646417125235,-1.5425,-1.40111
26.17,-0.7032217979510751,-1.009971705032731,-1.5457421875,-1.4046599999999998
26.175,-0.7041404417106456,-1.0109015588886212,-1.5488671875000002,-1.40807
26.18,-0.7050590854702161,-1.0117858316731443,-1.55216796875,-1.4113499999999999
26.185,-0.706437051109571,-1.012784057136086,-1.5553320312499999,-1.4150099999999999
26.19,-0.7068963729893554,-1.0136592137063367,-1.5582421874999999,-1.41827
26.195,-0.7078150167489259,-1.0144933473123547,-1.56162109375,-1.42139
26.2,-0.7087336605084964,-1.0154596660253397,-1.565078125,-1.42492
26.206,-0.7091929823882825,-1.0164533333811434,-1.5681054687500002,-1.42871
26.21,-0.7101116261478531,-1.0172829088800288,-1.57166015625,-1.4318399999999998
26.216,-0.7114895917872079,-1.0182629019144223,-1.5747265625000002,-1.43562
26.22,-0.7124082355467785,-1.0191107098418506,-1.5779882812500001,-1.43872
26.225,-0.7137862011861333,-1.0200451218048787,-1.5811132812500002,-1.4421
26.23,-0.713326879306349,-1.0209020459465812,-1.5848046875,-1.4453299999999998
26.236,-0.7156234887052744,-1.0219549686951641,-1.5880078125,-1.44923
26.241,-0.7160828105850587,-1.0228392414796872,-1.5913671875000002,-1.4526
26.246,-0.7170014543446293,-1.023759979121305,-1.5950585937500001,-1.4559699999999998
26.251,-0.7183794199839841,-1.024762762691383,-1.59859375,-1.45959
26.257,-0.7192980637435546,-1.0257199651900937,-1.60224609375,-1.46308
26.262,-0.7202167075031252,-1.026704516331625,-1.6059375,-1.46671
26.267,-0.7220539950222662,-1.027707299901703,-1.6097070312500001,-1.4702099999999998
26.272,-0.7225133169020506,-1.0287328740074653,-1.6138476562500002,-1.47383
26.278,-0.7238912825414072,-1.0298268197202773,-1.6178125000000003,-1.4775999999999998
26.284,-0.7248099263009777,-1.03086606814745,-1.62123046875,-1.48136
26.288,-0.7257285700605483,-1.0317457828248369,-1.6245507812500002,-1.4844499999999998
26.293,-0.7261878919403326,-1.0325662421094446,-1.6277734375000001,-1.48741
26.297,-0.7271065356999031,-1.0333684689655076,-1.6310546875000003,-1.49023
26.301,-0.728484501339258,-1.034184370142981,-1.63474609375,-1.4931999999999999
26.306,-0.7294031450988285,-1.0351187821060073,-1.63845703125,-1.49643
26.311,-0.730321788858399,-1.0360076129976683,-1.6419335937500001,-1.49953
26.315,-0.7316997544977539,-1.0368554209250984,-1.64546875,-1.5024899999999999
26.319,-0.7321590763775401,-1.0377123450668009,-1.6490039062500002,-1.50531
26.324,-0.733537042016895,-1.0385647111013672,-1.6527734375,-1.50827
26.328,-0.7339963638966811,-1.039480890635847,-1.6570312500000002,-1.5113599999999998
26.333,-0.7349150076562498,-1.0404563255631043,-1.6613671875,-1.5147199999999998
26.338,-0.7362929732956065,-1.0414272023832254,-1.6651171875000002,-1.51795
26.342,-0.7367522951753909,-1.0422886846320658,-1.66888671875,-1.5209
26.347,-0.7381302608147475,-1.0431729574165907,-1.6726953125,-1.52398
26.351,-0.7390489045743163,-1.044066346415386,-1.67701171875,-1.5269
26.357,-0.7404268702136729,-1.045114711056831,-1.6805859375,-1.53049
26.361,-0.7408861920934573,-1.045994425734218,-1.6844140625000001,-1.53315
26.366,-0.742264157732814,-1.0469926511971597,-1.6880664062500002,-1.5364499999999999
26.37,-0.7436421233721688,-1.0479133888387775,-1.6922070312500002,-1.5393599999999998
26.376,-0.7445607671317394,-1.0491076129085979,-1.6958593750000002,-1.5432
26.381,-0.7454794108913099,-1.0500648154073087,-1.6995117187500002,-1.5463399999999998
26.386,-0.7463980546508804,-1.051090389513071,-1.70259765625,-1.54958
26.39,-0.7468573765306648,-1.052006569047549,-1.7056250000000002,-1.55253
26.395,-0.7486946640498058,-1.0529546553319875,-1.70888671875,-1.5554299999999999
26.4,-0.7491539859295901,-1.0540075780805704,-1.7120898437500003,-1.55864
26.405,-0.7500726296891607,-1.0551288724362031,-1.7148242187500002,-1.56189
26.41,-0.7509912734487312,-1.0561134235777345,-1.7175585937500002,-1.5648
26.416,-0.7514505953285155,-1.0571709044334536,-1.7198828125000003,-1.5678299999999998
26.421,-0.7519099172083017,-1.0580962001822058,-1.7221875,-1.5705099999999999
26.426,-0.7523692390880861,-1.0590716351094631,-1.724140625,-1.57324
26.431,-0.7532878828476566,-1.0599467916797156,-1.72625,-1.57554
26.437,-0.7537472047274427,-1.0609586914640676,-1.728046875,-1.57816
26.442,-0.7551251703667976,-1.0618657547842734,-1.7296875,-1.5803699999999998
26.447,-0.7546658484870132,-1.0626770978546087,-1.73119140625,-1.5823
26.452,-0.7565031360061525,-1.0635203476749027,-1.7327734375000001,-1.58421
26.457,-0.7560438141263681,-1.0644091785665637,-1.734296875,-1.58619
26.462,-0.7560438141263681,-1.0652159635297629,-1.73580078125,-1.58802
26.468,-0.7569624578859386,-1.0659999579572759,-1.7373242187500002,-1.58978
26.473,-0.7578811016455091,-1.066811301027613,-1.73875,-1.59164
26.478,-0.7578811016455091,-1.0675770630265813,-1.74015625,-1.5933599999999999
26.483,-0.7587997454050779,-1.0683154763827307,-1.7413281250000001,-1.59506
26.488,-0.7597183891646484,-1.0689490532747339,-1.7424804687500002,-1.5964999999999998
26.492,-0.7601777110444345,-1.069587188273875,-1.7436328125,-1.5979299999999999
26.497,-0.7606370329242189,-1.0702253232730161,-1.74478515625,-1.59937
26.501,-0.7615556766837894,-1.070854342057883,-1.7458984375000002,-1.6008099999999998
26.505,-0.7615556766837894,-1.0714605703070657,-1.7470312500000003,-1.60228
26.51,-0.7624743204433599,-1.0720804728776603,-1.7484765625,-1.6037499999999998
26.515,-0.7629336423231443,-1.072823444340946,-1.7497460937500002,-1.6055599999999999
26.52,-0.7629336423231443,-1.0734387888044008,-1.7510742187500001,-1.60706
26.525,-0.7638522860827148,-1.0741088305535005,-1.75232421875,-1.6088099999999999
26.53,-0.764311607962501,-1.0747424074455036,-1.7537500000000001,-1.6104399999999999
26.535,-0.7647709298422853,-1.0754534721588325,-1.7550000000000003,-1.6122899999999998
26.54,-0.7656895736018559,-1.0760779328365615,-1.75626953125,-1.6140299999999999
26.544,-0.7670675392412107,-1.0766932773000182,-1.7576953125,-1.6156
26.55,-0.7675268611209969,-1.077408900120485,-1.75919921875,-1.61747
26.555,-0.7689048267603518,-1.0781837783337256,-1.760625,-1.61944
26.56,-0.7689048267603518,-1.0788902849399182,-1.7623046875000001,-1.62137
26.566,-0.7702827923997084,-1.079724418545938,-1.7637500000000002,-1.62364
26.571,-0.7707421142794928,-1.0804081346164445,-1.7654296875000002,-1.6255
26.577,-0.7725794017986338,-1.081237710115328,-1.7669335937500001,-1.6277199999999998
26.582,-0.7725794017986338,-1.0819806815786137,-1.7686523437500001,-1.6297599999999999
26.587,-0.7744166893177749,-1.082792024648949,-1.7702734375000002,-1.63204
26.592,-0.7753353330773436,-1.083585135290738,-1.7718359375000001,-1.63428
26.597,-0.7762539768369141,-1.0843417810754339,-1.7734375,-1.63639
26.602,-0.7771726205964846,-1.0851075430744022,-1.77529296875,-1.6385399999999999
26.607,-0.77946922999541,-1.0860829780016594,-1.7769921875,-1.64122
26.612,-0.77946922999541,-1.0868988791791327,-1.7791796875,-1.64337
26.618,-0.7808471956347667,-1.0879745924633966,-1.78099609375,-1.64642
26.624,-0.7817658393943372,-1.0888725395693317,-1.7827734375000002,-1.6490399999999998
26.629,-0.7836031269134764,-1.0897568123538566,-1.784765625,-1.65153
26.634,-0.784521770673047,-1.0907869445667533,-1.7867382812500003,-1.65434
26.64,-0.7854404144326175,-1.0917259146369176,-1.7888085937500002,-1.65698
26.645,-0.7872777019517585,-1.092756046849816,-1.7910351562500002,-1.65987
26.651,-0.7886556675911134,-1.093886457419723,-1.79298828125,-1.6629299999999998
26.656,-0.7909522769900406,-1.094893799096937,-1.79470703125,-1.66561
26.66,-0.7909522769900406,-1.0957871880957342,-1.7966015625000002,-1.66801
26.665,-0.7927895645091798,-1.0967808554515397,-1.79833984375,-1.6706699999999999
26.67,-0.7941675301485365,-1.0976924768788834,-1.80005859375,-1.6731399999999998
26.674,-0.7955454957878914,-1.098631446949046,-1.801796875,-1.67552
26.678,-0.7964641395474619,-1.0995932075548946,-1.8035546875000001,-1.6780499999999998
26.683,-0.7978421051868168,-1.1005504100536054,-1.8053125,-1.6805999999999999
26.687,-0.7992200708261716,-1.1015258449808645,-1.807109375,-1.6830599999999998
26.691,-0.8005980364655283,-1.1025423028723527,-1.8089453125,-1.68566
26.696,-0.8015166802250988,-1.1035769931923873,-1.8107421875000003,-1.6882899999999998
26.7,-0.8033539677442381,-1.104607125405284,-1.81279296875,-1.6909399999999999
26.705,-0.8047319333835947,-1.1057967913679683,-1.81470703125,-1.69383
26.709,-0.8065692209027358,-1.1069454343664216,-1.81662109375,-1.6966299999999999
26.714,-0.8074878646623045,-1.1080849611506025,-1.8185742187500002,-1.6994399999999998
26.719,-0.8088658303016611,-1.1092700690061488,-1.82068359375,-1.7023799999999998
26.724,-0.8111624397005865,-1.1105554552187034,-1.82265625,-1.70546
26.728,-0.8129997272197276,-1.1118089346812994,-1.8247851562500002,-1.70831
26.733,-0.8143776928590825,-1.1131809249294538,-1.8269335937500002,-1.7113999999999998
26.738,-0.8157556584984373,-1.1145620313918787,-1.8290625,-1.7146299999999999
26.743,-0.817133624137794,-1.11587932435439,-1.8312890625,-1.71763
26.749,-0.8194302335367194,-1.1173470348524148,-1.8338085937500002,-1.72088
26.754,-0.8208081991760743,-1.1188922331717617,-1.83630859375,-1.7243899999999999
26.76,-0.8235641304547858,-1.1204921287767498,-1.8387890625,-1.72793
26.765,-0.8254014179739269,-1.1220874662745999,-1.84103515625,-1.73122
26.77,-0.8272387054930679,-1.123527828129804,-1.84353515625,-1.7342499999999998
26.775,-0.8295353148919933,-1.1251733048061592,-1.8457421875,-1.73769
26.78,-0.8309132805313482,-1.1266227828756357,-1.8483398437500003,-1.7407599999999999
26.785,-0.8332098899302736,-1.128313840623358,-1.8507812500000003,-1.74423
26.79,-0.8355064993292007,-1.1299046200140737,-1.8531054687500002,-1.74734
26.795,-0.8378031087281261,-1.1314498183334205,-1.85556640625,-1.7504499999999998
26.8,-0.839181074367481,-1.1330907369026413,-1.8584570312500002,-1.75369
26.806,-0.8419370056461926,-1.1350552810785661,-1.86109375,-1.75748
26.81,-0.844233615045118,-1.136732664504878,-1.8639257812500003,-1.76064
26.816,-0.8474488682036139,-1.138674418145122,-1.86673828125,-1.76419
26.821,-0.8488268338429688,-1.1405432420711747,-1.869765625,-1.7676399999999999
26.827,-0.8515827651216803,-1.1425852740684252,-1.8727734375,-1.77151
26.832,-0.8547980182801762,-1.1445634925657622,-1.87564453125,-1.77497
26.837,-0.8566353057993172,-1.1465006880988664,-1.87859375,-1.77843
26.843,-0.8593912370780288,-1.148633882238851,-1.88162109375,-1.78205
26.848,-0.8616878464769542,-1.15052549670059,-1.8844531249999998,-1.78538
26.852,-0.8635251339960952,-1.1523943206266445,-1.88708984375,-1.78844
26.857,-0.8653624215152345,-1.1541218432314615,-1.88974609375,-1.79138
26.861,-0.8671997090343755,-1.1558356915148664,-1.892421875,-1.7943099999999998
26.865,-0.8690369965535165,-1.1575313073697266,-1.8951953125000003,-1.7970899999999999
26.87,-0.8717929278322281,-1.1592816205102263,-1.8980078125,-1.80002
26.874,-0.8736302153513673,-1.161077514722093,-1.9009570312500002,-1.8029499999999998
26.878,-0.8768454685098632,-1.1629189900053287,-1.904296875,-1.80586
26.883,-0.8786827560290043,-1.1650567422524478,-1.907734375,-1.80917
26.888,-0.8818980091875002,-1.1671671458567499,-1.9111328125000002,-1.8125
26.893,-0.8841946185864256,-1.169190945425452,-1.91470703125,-1.8155599999999998
26.898,-0.8874098717449233,-1.1713560463153936,-1.91841796875,-1.81876
26.903,-0.8892471592640625,-1.173525705312473,-1.92224609375,-1.82212
26.908,-0.892003090542774,-1.175704480523823,-1.925859375,-1.82534
26.912,-0.8942996999416994,-1.1777328381996632,-1.930078125,-1.82829
26.917,-0.8975149531001954,-1.1800529147322543,-1.93412109375,-1.83165
26.922,-0.9002708843789069,-1.1822499223721525,-1.9380859375000001,-1.8347499999999999
26.926,-0.9030268156576184,-1.184369442190727,-1.9426171875000002,-1.8378299999999999
26.931,-0.9053234250565438,-1.186762448437504,-1.9469335937500003,-1.8410499999999999
26.936,-0.9080793563352554,-1.1889503398631298,-1.9513476562500003,-1.84414
26.94,-0.9108352876139651,-1.191147347503028,-1.9558789062500002,-1.84709
26.944,-0.9135912188926767,-1.1933397970357902,-1.9605078125,-1.85002
26.949,-0.917265793930957,-1.195600618175602,-1.965859375,-1.8529499999999999
26.954,-0.9195624033298841,-1.198157716279301,-1.97166015625,-1.85629
26.959,-0.9227776564883801,-1.2007786278829151,-1.9776562500000001,-1.8596199999999998
26.964,-0.9264522315266603,-1.203495259736398,-1.9830859375000003,-1.86307
26.968,-0.9292081628053719,-1.2059019403045852,-1.9891796875,-1.86612
26.974,-0.9328827378436522,-1.208668711336573,-1.994609375,-1.8694199999999999
26.978,-0.9356386691223637,-1.2111255310832654,-2.0009765625,-1.87231
26.984,-0.9397725660404301,-1.2142888574361486,-2.00740234375,-1.87615
26.989,-0.9434471410787122,-1.2172288365393324,-2.0132421875,-1.8795799999999998
26.994,-0.9466623942372081,-1.220146025106832,-2.018984375,-1.8828699999999998
26.999,-0.949877647395704,-1.2231042366385623,-2.0248828125,-1.8861599999999998
27.004,-0.9540115443137704,-1.2262493305628972,-2.0301953125,-1.88971
27.009,-0.9572267974722664,-1.2291801934518087,-2.0356640625,-1.8929799999999999
27.015,-0.9613606943903328,-1.2323617522332366,-2.04025390625,-1.8963899999999998
27.019,-0.9645759475488287,-1.2350328030153541,-2.044609375,-1.89927
27.023,-0.9677912007073246,-1.2377220862260199,-2.04896484375,-1.90214
27.028,-0.9705471319860361,-1.2404615086151871,-2.0531640625,-1.90502
27.032,-0.9737623851445321,-1.2431826985758079,-2.05734375,-1.90791
27.036,-0.9765183164232436,-1.2459585858220699,-2.0616015625,-1.9107999999999998
27.041,-0.98065221334131,-1.2488438676396125,-2.06576171875,-1.91381
27.046,-0.9843267883795903,-1.2518294278141653,-2.069765625,-1.9168399999999999
27.05,-0.9875420415380862,-1.254796755560168,-2.0737109375,-1.9198799999999998
27.055,-0.9916759384561527,-1.2577230603419416,-2.0774609375,-1.9227999999999998
27.059,-0.9944318697348642,-1.2606265745880307,-2.08119140625,-1.9257099999999998
27.063,-0.9981064447731445,-1.263580228012625,-2.08513671875,-1.92861
27.068,-1.002240341691211,-1.2668438327225147,-2.0891796875,-1.93179
27.073,-1.0054555948497068,-1.2702441806465075,-2.09283203125,-1.93509
27.078,-1.0091301698879889,-1.2733026705352444,-2.09666015625,-1.93814
27.083,-1.0132640668060553,-1.2767485995306043,-2.1003125000000002,-1.94146
27.087,-1.0164793199645512,-1.2799483907405822,-2.1036523437500003,-1.9445
27.092,-1.0201538950028333,-1.283002322522183,-2.107109375,-1.94729
27.096,-1.0242877919208997,-1.2863616474819448,-2.11087890625,-1.9504599999999999
27.101,-1.02796236695918,-1.289980784548499,-2.11482421875,-1.9537399999999998
27.107,-1.0320962638772464,-1.2938323850790265,-2.1180859375,-1.9572699999999998
27.111,-1.0353115170357423,-1.2971005478960542,-2.12185546875,-1.9602899999999999
27.117,-1.0408233795931654,-1.3009886132836748,-2.1252148437500002,-1.96382
27.122,-1.0444979546314457,-1.3045393787431792,-2.12873046875,-1.96695
27.127,-1.0481725296697277,-1.3082633522738778,-2.131796875,-1.9702199999999999
27.131,-1.0513877828282236,-1.3115816542694105,-2.13546875,-1.97322
27.137,-1.05552167974629,-1.3155882304425859,-2.1388671875000003,-1.9767299999999999
27.142,-1.060574220423927,-1.3193486688303775,-2.1421484375,-1.98
27.147,-1.0642487954622073,-1.3231501301824018,-2.1453125,-1.98341
27.151,-1.0679233705004894,-1.3266507564634011,-2.148359375,-1.9864199999999999
27.156,-1.0725165892983402,-1.33022431245859,-2.15130859375,-1.98955
27.16,-1.075731842456836,-1.3336064279540363,-2.1545117187500002,-1.9924199999999999
27.166,-1.0794064174951181,-1.3374170055203312,-2.15765625,-1.9958099999999999
27.17,-1.0835403144131845,-1.3411364209438954,-2.1607421875,-1.9990599999999998
27.175,-1.0881335332110353,-1.3448558363674579,-2.1642968750000002,-2.0020599999999997
27.181,-1.092726752008888,-1.3491176665402893,-2.16783203125,-2.0055799999999997
27.186,-1.0964013270471682,-1.3534478683201723,-2.1708984375,-2.00923
27.191,-1.1005352239652346,-1.3569804013511284,-2.17380859375,-2.01222
27.196,-1.104669120883301,-1.360827443774518,-2.1772265625,-2.01546
27.201,-1.108343695921583,-1.364706392947868,-2.180078125,-2.01869
27.205,-1.1120182709598634,-1.3683118556930118,-2.182890625,-2.0218
27.21,-1.1161521678779298,-1.3716848549741822,-2.18564453125,-2.02452
27.214,-1.1193674210364257,-1.3750806447910389,-2.1883984375,-2.02737
27.218,-1.1230419960747078,-1.378503783250716,-2.1911328125000002,-2.03022
27.223,-1.1262572492332037,-1.3818858987461606,-2.19400390625,-2.03306
27.227,-1.1294725023916996,-1.3854868033841683,-2.19703125,-2.0360199999999997
27.232,-1.1331470774299817,-1.389219893129141,-2.2001953125,-2.0391
27.237,-1.1359030087086914,-1.3930623774453945,-2.2030078125,-2.0423
27.241,-1.1400369056267579,-1.3963943537623358,-2.20603515625,-2.0449699999999997
27.246,-1.1427928369054694,-1.4001092110787603,-2.20884765625,-2.04817
27.251,-1.1469267338235358,-1.4034548617171119,-2.2116406250000002,-2.05086
27.255,-1.1506013088618179,-1.4068415353196944,-2.21447265625,-2.05367
27.259,-1.1533572401405277,-1.4102236508151407,-2.21765625,-2.05647
27.264,-1.1584097808181646,-1.4141162743098974,-2.22064453125,-2.05967
27.269,-1.1616250339766605,-1.4176943884122224,-2.22388671875,-2.06262
27.274,-1.1648402871351564,-1.4215140821927914,-2.22693359375,-2.06582
27.278,-1.1685148621734385,-1.424909872009648,-2.2298046875,-2.06864
27.283,-1.1708114715723639,-1.428191709148086,-2.23275390625,-2.0714799999999998
27.287,-1.1740267247308598,-1.4314826625007964,-2.2358984375000004,-2.0742
27.292,-1.1772419778893557,-1.4349924049960716,-2.2397851562500004,-2.0773099999999998
27.297,-1.1818351966872083,-1.4392815838117237,-2.2430859375,-2.08092
27.302,-1.1850504498457042,-1.4428460235926366,-2.24677734375,-2.0840199999999998
27.308,-1.1887250248839845,-1.4470030173013235,-2.2506054687500003,-2.08751
27.313,-1.1923995999222665,-1.4507999205462099,-2.2542578125,-2.0908599999999997
27.318,-1.1956148530807624,-1.4544874292198156,-2.2579687500000003,-2.09409
27.323,-1.1992894281190445,-1.4583891689288482,-2.2618750000000003,-2.09761
27.328,-1.2025046812775404,-1.4620310965310868,-2.26572265625,-2.10071
27.333,-1.2066385781956068,-1.4657186052046924,-2.2691406250000004,-2.10407
27.337,-1.2098538313541027,-1.4689548612717616,-2.27263671875,-2.10691
27.342,-1.211691118873242,-1.4722230240887875,-2.27623046875,-2.10976
27.346,-1.215365693911524,-1.475404582870219,-2.28033203125,-2.11275
27.351,-1.2181216251902356,-1.4790009294010904,-2.2842578125000004,-2.1160099999999997
27.356,-1.222255522108302,-1.4824149516464917,-2.2884765625,-2.11914
27.361,-1.2250114533870118,-1.48596115899886,-2.29296875,-2.12242
27.367,-1.2282267065455077,-1.4899312703149405,-2.29794921875,-2.12608
27.372,-1.2319012815837898,-1.4935959884528636,-2.30212890625,-2.12947
27.377,-1.2355758566220718,-1.4967410823771985,-2.3061328125,-2.1324799999999997
27.381,-1.2383317879007816,-1.4998679438729887,-2.3100390625,-2.13538
27.385,-1.2410877191794931,-1.5028899689046327,-2.3139453125,-2.13814
27.39,-1.242465684818848,-1.5058846452934578,-2.31787109375,-2.14104
27.394,-1.24614025985713,-1.5088838797894173,-2.32162109375,-2.14396
27.398,-1.2484368692560555,-1.511805626464053,-2.3252734375,-2.14688
27.403,-1.251192800534767,-1.5147000244958715,-2.32888671875,-2.14965
27.407,-1.2534894099336924,-1.51757619009914,-2.332578125,-2.15257
27.411,-1.2571639849719727,-1.5205936570236478,-2.3365234375,-2.1555
27.416,-1.2599199162506842,-1.5238982846977702,-2.34025390625,-2.15883
27.421,-1.2622165256496096,-1.5269795651221916,-2.3442578125,-2.16192
27.426,-1.2654317788081055,-1.5303525644033638,-2.34802734375,-2.1654299999999997
27.431,-1.2677283882070327,-1.5336070528989811,-2.35212890625,-2.16879
27.437,-1.271402963245313,-1.5372398642869456,-2.3559375,-2.17269
27.442,-1.2741588945240245,-1.5405171433182456,-2.3595312500000003,-2.17604
27.447,-1.2769148258027343,-1.543771631813863,-2.36322265625,-2.1795299999999997
27.453,-1.2801300789612302,-1.5472312351306332,-2.366875,-2.18329
27.458,-1.283345332119728,-1.5505860019832571,-2.3701171875000004,-2.1869199999999998
27.463,-1.2861012633984377,-1.5536991891576353,-2.3735546875,-2.19028
27.468,-1.288397872797363,-1.5568761898319288,-2.3768359375,-2.1937699999999998
27.474,-1.2916131259558608,-1.560121562113272,-2.3797265625,-2.19723
27.478,-1.293450413475,-1.5628746588238513,-2.38279296875,-2.2003
27.483,-1.2962063447537115,-1.565969613569683,-2.3857421875,-2.20376
27.488,-1.298502954152637,-1.5688229886372689,-2.3883984375000002,-2.2071
27.493,-1.300340241671778,-1.5714621326694296,-2.39103515625,-2.2101699999999997
27.497,-1.3030961729504895,-1.5741012767015903,-2.3936523437500004,-2.21324
27.502,-1.3049334604696288,-1.5767130720909286,-2.396171875,-2.21631
27.507,-1.3076893917483403,-1.5792884026231757,-2.3987109375,-2.21923
27.511,-1.3095266792674813,-1.5818409426197384,-2.4014843750000003,-2.22229
27.516,-1.3122826105461929,-1.5847125501158708,-2.40390625,-2.22574
27.521,-1.3141198980653321,-1.5871511374340166,-2.40646484375,-2.2286699999999997
27.525,-1.3164165074642593,-1.5897583747162187,-2.40890625,-2.2318599999999997
27.53,-1.3187131168631847,-1.5922653336414125,-2.4118359375000002,-2.23493
27.536,-1.32100972626211,-1.595310149208741,-2.41466796875,-2.23867
27.541,-1.324224979420606,-1.5980814783478667,-2.4171875000000003,-2.24214
27.546,-1.325602945059961,-1.600656808880112,-2.4194140625,-2.24547
27.55,-1.327440232579102,-1.6029085138056534,-2.42171875,-2.2482699999999998
27.555,-1.3297368419780273,-1.6051921254811479,-2.4239453125000003,-2.2512
27.559,-1.3306554857375978,-1.6074894114780545,-2.4263281250000004,-2.25429
27.564,-1.3324927732567389,-1.6097958136892352,-2.42853515625,-2.25738
27.568,-1.33433006077588,-1.611929007829218,-2.4308593750000003,-2.2603299999999997
27.573,-1.3366266701748053,-1.6141898289690317,-2.4331640625,-2.26342
27.577,-1.3380046358141602,-1.6164779987516642,-2.43537109375,-2.26663
27.582,-1.3403012452130874,-1.6185428212845974,-2.4375390625000004,-2.26959
27.586,-1.3421385327322266,-1.6206532248888994,-2.43974609375,-2.27254
27.591,-1.3435164983715833,-1.6227180474218326,-2.44193359375,-2.27548
27.595,-1.3453537858907225,-1.6247464050976728,-2.4440429687500003,-2.27829
27.599,-1.3471910734098635,-1.6267428560235544,-2.44619140625,-2.28125
27.604,-1.3485690390492202,-1.6287393069494378,-2.4483984375000003,-2.28421
27.608,-1.3504063265683595,-1.6307448740895936,-2.4508398437500003,-2.28715
27.613,-1.3522436140875005,-1.6330649506221846,-2.453515625,-2.2906299999999997
27.618,-1.3536215797268554,-1.6353850271547739,-2.4562890625000002,-2.2941
27.624,-1.356377511005567,-1.6378509631157385,-2.45880859375,-2.29784
27.629,-1.358214798524708,-1.6400662031841833,-2.4616601562500002,-2.30133
27.635,-1.3595927641640628,-1.6425184648237376,-2.4640234375000003,-2.3052099999999998
27.64,-1.3605114079236333,-1.6445331481781675,-2.46640625,-2.30842
27.645,-1.3632673392023449,-1.646575180175418,-2.4689453125,-2.31177
27.65,-1.3651046267214841,-1.6486126540655324,-2.471953125,-2.31512
27.655,-1.3678605580001957,-1.651023892740854,-2.474375,-2.319
27.66,-1.3683198798799818,-1.652951972059686,-2.47736328125,-2.32221
27.666,-1.370157167399121,-1.6552401418423202,-2.47994140625,-2.32611
27.671,-1.3724537767980483,-1.6571727792682882,-2.48265625,-2.32932
27.676,-1.373372420557617,-1.6591601139798993,-2.48521484375,-2.3327999999999998
27.681,-1.375209708076758,-1.6610198216916796,-2.4880273437500002,-2.33599
27.686,-1.3765876737161147,-1.6629889239747406,-2.49080078125,-2.33946
27.691,-1.3793436049948244,-1.6649306776149846,-2.4936914062500004,-2.34292
27.696,-1.380262248754395,-1.6668997798980474,-2.49658203125,-2.34638
27.702,-1.3811808925139655,-1.6687503713955554,-2.4991015625000004,-2.34972
27.706,-1.3834775019128909,-1.670327476464859,-2.50177734375,-2.3526599999999998
27.71,-1.3843961456724614,-1.671972953141216,-2.50435546875,-2.35573
27.715,-1.3857741113118163,-1.6735409419962455,-2.50697265625,-2.35866
27.719,-1.3876113988309573,-1.675118047065551,-2.50970703125,-2.3616099999999998
27.724,-1.3880707207107434,-1.6766632453848977,-2.5123828125,-2.36457
27.728,-1.3899080082298827,-1.6781537464186052,-2.5152148437500004,-2.3673699999999998
27.732,-1.3908266519894532,-1.6797217352736364,-2.5183789062499997,-2.3704799999999997
27.737,-1.3922046176288099,-1.681390002485676,-2.52146484375,-2.37385
27.742,-1.3945012270277353,-1.6829488751264332,-2.52443359375,-2.37683
27.746,-1.3954198707873058,-1.684457608588687,-2.5274218750000004,-2.37981
27.751,-1.3958791926670902,-1.6859070866581636,-2.531015625,-2.3828
27.756,-1.3981758020660155,-1.6876118187272962,-2.5342968750000003,-2.38633
27.76,-1.399094445825586,-1.689074971118183,-2.537890625,-2.3893299999999997
27.765,-1.4000130895851566,-1.6906566342946245,-2.54146484375,-2.39274
27.77,-1.4013910552245115,-1.6921881582925629,-2.5455273437500003,-2.39601
27.775,-1.4027690208638681,-1.6938154025403716,-2.54921875,-2.39955
27.78,-1.4050656302627935,-1.6952967873598048,-2.5534375000000002,-2.40271
27.785,-1.4055249521425779,-1.6969057991790653,-2.5577343750000003,-2.40626
27.79,-1.407821561541505,-1.69845555560555,-2.5619921875,-2.40956
27.795,-1.4087402053010756,-1.6999460566392575,-2.56642578125,-2.41286
27.8,-1.4101181709404305,-1.701482138744332,-2.571796875,-2.41629
27.805,-1.4105774928202148,-1.703205103242011,-2.5767187500000004,-2.42029
27.81,-1.4124147803393559,-1.7046317907758048,-2.58142578125,-2.4236
27.815,-1.4137927459787107,-1.7059901067025454,-2.58640625,-2.42676
27.819,-1.4151707116180674,-1.7073848874863824,-2.59244140625,-2.42995
27.825,-1.416089355377638,-1.7089802249842343,-2.5978515625000003,-2.43371
27.83,-1.4179266428967772,-1.7103704476609334,-2.6031054687500004,-2.43703
27.834,-1.4183859647765633,-1.7117287635876757,-2.6096875,-2.44036
27.839,-1.4202232522957043,-1.7131645673357419,-2.6153320312500004,-2.44381
27.844,-1.4211418960552749,-1.7144180467983396,-2.6215625,-2.44686
27.849,-1.422979183574414,-1.7157991532607646,-2.628515625,-2.45018
27.854,-1.422979183574414,-1.7173078867230203,-2.6348046875,-2.4539299999999997
27.859,-1.4252757929733413,-1.7185932729355748,-2.6408593750000002,-2.45711
27.863,-1.42619443673291,-1.719892333469538,-2.6471679687500003,-2.46046
27.868,-1.428031724252051,-1.7212734399319647,-2.6534375000000003,-2.46381
27.873,-1.4284910461318372,-1.7226591045015258,-2.658984375,-2.4672799999999997
27.878,-1.429869011771192,-1.723889793428441,-2.66462890625,-2.4704699999999997
27.882,-1.4307876555307626,-1.7251660634267214,-2.6697265625,-2.47383
27.887,-1.431706299290333,-1.7263238226394488,-2.67466796875,-2.47676
27.891,-1.4326249430499036,-1.7274724656379021,-2.67958984375,-2.47985
27.895,-1.4335435868094741,-1.7286074343149451,-2.6843164062500002,-2.48294
27.9,-1.4344622305690429,-1.7297241705634399,-2.6891406250000003,-2.48591
27.904,-1.4358401962083995,-1.730877371669031,-2.6937109375,-2.48913
27.909,-1.4372181618477544,-1.7320260146674844,-2.698046875,-2.4922299999999997
27.913,-1.438136805607325,-1.733147309023117,-2.70232421875,-2.49518
27.917,-1.4395147712466798,-1.7342731614858877,-2.7066015625,-2.49828
27.922,-1.439974093126466,-1.7353990139486548,-2.71083984375,-2.5014
27.926,-1.4404334150062503,-1.7365157501971513,-2.715234375,-2.50453
27.931,-1.4418113806456052,-1.7376735094098787,-2.7193750000000003,-2.5078199999999997
27.935,-1.4427300244051757,-1.738776571336965,-2.7233789062500002,-2.5109399999999997
27.94,-1.4445673119243168,-1.7398887494783253,-2.7272460937500003,-2.51422
27.944,-1.445026633804103,-1.7409963695125477,-2.73103515625,-2.51735
27.948,-1.4464045994434578,-1.7420903152253597,-2.7347460937499997,-2.52047
27.953,-1.4464045994434578,-1.743147796081077,-2.7384179687500003,-2.52346
27.957,-1.4477825650828127,-1.7441916026153859,-2.74224609375,-2.52662
27.962,-1.4487012088423832,-1.7453220131852927,-2.74599609375,-2.53005
27.967,-1.4496198526019537,-1.7464888886122925,-2.749921875,-2.53347
27.971,-1.4509978182413086,-1.7475919505393787,-2.75349609375,-2.53704
27.976,-1.451916462000879,-1.7486858962521907,-2.7571679687500006,-2.5401499999999997
27.981,-1.4532944276402358,-1.7498163068220975,-2.76072265625,-2.54354
27.985,-1.4532944276402358,-1.7509148106420476,-2.7640429687499997,-2.54681
27.99,-1.4555910370391612,-1.751935826640672,-2.7672265625,-2.54992
27.994,-1.4546723932795906,-1.7529294939964757,-2.7705078125000004,-2.55302
27.999,-1.4574283245583022,-1.7539596262093742,-2.7739062500000005,-2.55611
28.003,-1.4578876464380865,-1.7550718043507345,-2.7773046875,-2.55963
28.008,-1.4592656120774414,-1.7561976568135034,-2.78091796875,-2.56285
28.014,-1.4597249339572276,-1.7574283457404185,-2.7841406249999996,-2.56663
28.018,-1.4611028995965825,-1.7584220130962223,-2.7871484375000004,-2.5697099999999997
28.022,-1.462021543356153,-1.7594247966663001,-2.7901171875,-2.57294
28.027,-1.4629401871157235,-1.760418464022104,-2.79310546875,-2.57589
28.031,-1.4643181527550784,-1.7614075732707732,-2.79603515625,-2.5789999999999997
28.035,-1.4643181527550784,-1.7623738919837582,-2.7990625000000002,-2.58209
28.04,-1.4647774746348645,-1.7633402106967413,-2.8019921875000002,-2.58504
28.044,-1.4652367965146489,-1.7642472740169488,-2.8048828125000003,-2.58811
28.048,-1.4666147621540038,-1.7651497792300184,-2.8077343750000003,-2.59118
28.053,-1.4679927277933604,-1.7660887493001844,-2.8106640625,-2.59426
28.057,-1.4679927277933604,-1.7670094869418005,-2.8136328125000003,-2.59734
28.062,-1.4693706934327153,-1.7679438989048286,-2.81662109375,-2.60043
28.066,-1.4707486590720702,-1.768923891939222,-2.8196484375,-2.6036599999999996
28.071,-1.4712079809518563,-1.7699130011878914,-2.82259765625,-2.60687
28.075,-1.4721266247114269,-1.7708474131509178,-2.82556640625,-2.61008
28.08,-1.4725859465912112,-1.7717954994353562,-2.82857421875,-2.61327
28.084,-1.4739639122305679,-1.7727481438269308,-2.8316015625,-2.61645
28.089,-1.4744232341103523,-1.7737053463256398,-2.83451171875,-2.61963
28.093,-1.4753418778699228,-1.7746078515387111,-2.83779296875,-2.62265
28.099,-1.4767198435092777,-1.775647099965882,-2.8412304687499996,-2.62626
28.104,-1.4780978091486343,-1.7767501618929682,-2.844375,-2.6298399999999997
28.108,-1.4780978091486343,-1.777707364391679,-2.8479882812499997,-2.63298
28.114,-1.4794757747879892,-1.7788377749615858,-2.85138671875,-2.6369499999999997
28.119,-1.4803944185475597,-1.7798633490673463,-2.85517578125,-2.64036
28.125,-1.4813130623071302,-1.780989201530117,-2.85822265625,-2.64432
28.13,-1.482691027946485,-1.7819053810645986,-2.861640625,-2.64743
28.135,-1.4836096717060556,-1.7829628619203177,-2.8653515625000003,-2.65097
28.14,-1.4845283154656261,-1.7840795981688125,-2.8689062499999998,-2.65477
28.146,-1.485906281104981,-1.7851416371316677,-2.8725976562500004,-2.65828
28.151,-1.4863656029847654,-1.786203676094523,-2.8761914062500002,-2.66193
28.156,-1.4868249248645515,-1.787215575878875,-2.8796289062500002,-2.66558
28.161,-1.4882028905039064,-1.7881317554133567,-2.8827343749999996,-2.66883
28.165,-1.4882028905039064,-1.7889567728051006,-2.88580078125,-2.67181
28.17,-1.489580856143263,-1.7897635577682998,-2.8891015625,-2.67466
28.174,-1.490958821782618,-1.790656946767097,-2.8927734375000003,-2.67778
28.18,-1.490958821782618,-1.7916369398014922,-2.89638671875,-2.68132
28.184,-1.4923367874219728,-1.792544003121698,-2.8998242187499996,-2.6847
28.189,-1.492796109301759,-1.793396369156266,-2.90345703125,-2.68768
28.194,-1.4941740749411139,-1.7942988743693356,-2.9067578125,-2.69108
28.198,-1.4946333968208982,-1.7951147755468089,-2.91009765625,-2.69393
28.203,-1.4955520405804688,-1.7959306767242804,-2.91357421875,-2.6969399999999997
28.207,-1.496011362460255,-1.7967374616874796,-2.9175585937500004,-2.69995
28.212,-1.4969300062198254,-1.7976581993290974,-2.9216796874999997,-2.70335
28.217,-1.497848649979396,-1.7985698207564411,-2.9253125,-2.70675
28.221,-1.497848649979396,-1.7993674895053662,-2.9294140625000002,-2.70987
28.226,-1.4992266156187508,-1.8002198555399325,-2.9334374999999997,-2.71313
28.231,-1.5006045812581057,-1.8010813377887747,-2.937890625,-2.71637
28.236,-1.5015232250176762,-1.8020203078589372,-2.94224609375,-2.71974
28.241,-1.502901190657031,-1.8029683941433756,-2.9467578125,-2.72314
28.246,-1.502901190657031,-1.8039347128563588,-2.9501953125,-2.72676
28.252,-1.5024418687772467,-1.8048919153550695,-2.95125,-2.73001
28.256,-1.5010639031378918,-1.805543724675621,-2.9512109375,-2.73203
28.261,-1.5001452593783213,-1.806136278603395,-2.9502343750000004,-2.7336799999999997
28.266,-1.5001452593783213,-1.8066559028169813,-2.9486523437499996,-2.73474
28.27,-1.4987672937389647,-1.807098039209242,-2.94662109375,-2.73524
28.275,-1.4973893280996098,-1.8074262229230857,-2.94392578125,-2.7352499999999997
28.28,-1.4973893280996098,-1.8077452904226554,-2.94125,-2.73469
28.284,-1.4964706843400393,-1.807982311993765,-2.9384375,-2.73367
28.288,-1.4964706843400393,-1.8081783106006455,-2.93505859375,-2.73216
28.293,-1.4950927187006844,-1.808356076778976,-2.9319335937499997,-2.72986
28.298,-1.4937147530613295,-1.8084290064931636,-2.9288671875000003,-2.72733
28.302,-1.4932554311815434,-1.808442680814574,-2.925703125,-2.72466
28.306,-1.492796109301759,-1.8084381227074378,-2.9225390625,-2.72196
28.311,-1.492796109301759,-1.8084198902788913,-2.91939453125,-2.71923
28.315,-1.4914181436624023,-1.80836519299325,-2.91626953125,-2.71666
28.32,-1.4900401780230474,-1.8082375659934211,-2.91310546875,-2.71393
28.324,-1.489580856143263,-1.808068916029363,-2.91005859375,-2.71121
28.328,-1.489121534263477,-1.8078911498510308,-2.9069921875,-2.7084599999999996
28.333,-1.4886622123836926,-1.8076951512441521,-2.90390625,-2.70586
28.337,-1.487284246744336,-1.8074626877801805,-2.90080078125,-2.7031199999999997
28.341,-1.4868249248645515,-1.80718464324484,-2.89751953125,-2.7001999999999997
28.346,-1.485906281104981,-1.8068746919595426,-2.89423828125,-2.69728
28.351,-1.4849876373454105,-1.80651915960288,-2.8908984375,-2.6942399999999997
28.356,-1.48406899358584,-1.806122604281983,-2.8878515625,-2.69118
28.36,-1.4836096717060556,-1.80575339760391,-2.88486328125,-2.68839
28.364,-1.4831503498262695,-1.805379632818699,-2.8815039062500003,-2.68557
28.37,-1.4813130623071302,-1.8048964734622075,-2.8783007812500006,-2.68236
28.374,-1.4813130623071302,-1.8044361046413968,-2.87533203125,-2.6794
28.379,-1.4799350966677736,-1.8039711777134535,-2.87181640625,-2.67643
28.384,-1.479016452908203,-1.803360391357133,-2.8682812500000003,-2.67291
28.389,-1.4780978091486343,-1.8027632793222228,-2.8652734375000004,-2.66952
28.394,-1.4780978091486343,-1.8022527713229106,-2.862109375,-2.66654
28.399,-1.4767198435092777,-1.801678449823683,-2.85892578125,-2.6633
28.404,-1.4758011997497071,-1.8010813377887747,-2.8558789062499996,-2.66004
28.409,-1.4753418778699228,-1.8004887838609989,-2.8528515624999997,-2.65693
28.413,-1.4744232341103523,-1.799909904254637,-2.8498828125,-2.65393
28.418,-1.4725859465912112,-1.7992854435769061,-2.8465625000000006,-2.65092
28.423,-1.4716673028316407,-1.798519681577936,-2.843359375,-2.6473899999999997
28.428,-1.4707486590720702,-1.7977995006503367,-2.8400585937500002,-2.64412
28.433,-1.4702893371922858,-1.797047412972777,-2.83697265625,-2.64074
28.438,-1.4693706934327153,-1.7963272320451757,-2.8340039062500004,-2.63748
28.443,-1.4684520496731448,-1.7956435159746675,-2.8311328125,-2.63436
28.448,-1.4675334059135743,-1.7949689161184335,-2.8281835937500004,-2.63137
28.452,-1.4666147621540038,-1.794244177083696,-2.8254492187499998,-2.62837
28.457,-1.4666147621540038,-1.7935969258702809,-2.822421875,-2.62549
28.462,-1.4652367965146489,-1.7928721868355417,-2.8194921875,-2.62223
28.466,-1.463858830875294,-1.7921474478008044,-2.816796875,-2.61925
28.471,-1.4633995089955079,-1.79145917362316,-2.814140625,-2.61639
28.475,-1.4629401871157235,-1.790780015659788,-2.8113671874999997,-2.61366
28.479,-1.4611028995965825,-1.790073509053597,-2.8083203125000002,-2.6108
28.484,-1.460643577716798,-1.7892393754475773,-2.8052929687500003,-2.60755
28.489,-1.460184255837012,-1.7884690553414728,-2.8021679687499996,-2.60442
28.494,-1.458806290197657,-1.787671386592546,-2.79927734375,-2.60127
28.498,-1.4578876464380865,-1.7869284151292604,-2.7964453125000004,-2.5983799999999997
28.503,-1.4574283245583022,-1.7861854436659765,-2.7934179687500005,-2.59537
28.508,-1.4560503589189455,-1.7853923330241876,-2.7900585937500004,-2.5923499999999997
28.513,-1.4546723932795906,-1.784439688632613,-2.7867578125,-2.58878
28.518,-1.4542130713998045,-1.7835736482766364,-2.7833007812500004,-2.58546
28.523,-1.4528351057604496,-1.7826574687421566,-2.78005859375,-2.58202
28.528,-1.451916462000879,-1.781786870279042,-2.7765625000000003,-2.57882
28.533,-1.4509978182413086,-1.780866132637426,-2.77337890625,-2.57533
28.538,-1.4496198526019537,-1.7800365571385424,-2.77001953125,-2.5724
28.543,-1.4491605307221693,-1.7791112613897884,-2.76654296875,-2.56892
28.548,-1.4477825650828127,-1.778217872390993,-2.7631835937500004,-2.56571
28.552,-1.4473232432030283,-1.7773609482492887,-2.75970703125,-2.56263
28.557,-1.4459452775636716,-1.7764675592504933,-2.75576171875,-2.55929
28.563,-1.445026633804103,-1.7754511013590033,-2.7521289062500003,-2.55567
28.567,-1.4441079900445324,-1.774548596145932,-2.7480859375000004,-2.5524299999999998
28.573,-1.4427300244051757,-1.7735230220401714,-2.7439257812499998,-2.54866
28.578,-1.4413520587658208,-1.772492889827273,-2.7396289062499997,-2.54502
28.583,-1.439974093126466,-1.7714718738286468,-2.735546875,-2.54152
28.589,-1.4390554493668954,-1.77044174161575,-2.731171875,-2.538
28.594,-1.438136805607325,-1.769384260760031,-2.72673828125,-2.53434
28.599,-1.4372181618477544,-1.7683632447614048,-2.7223046875,-2.5308
28.604,-1.434921552448829,-1.7673103220128255,-2.7177734375,-2.52726
28.61,-1.4340029086892585,-1.7662254925142857,-2.7130859375000003,-2.5237
28.615,-1.433084264929688,-1.7651315468014719,-2.7079296875,-2.5200199999999997
28.621,-1.4326249430499036,-1.764001136231565,-2.70294921875,-2.51619
28.626,-1.4307876555307626,-1.7629254229472995,-2.6979296875,-2.5125
28.631,-1.4289503680116216,-1.7618725001987183,-2.6933984375,-2.50908
28.635,-1.428031724252051,-1.7609107395928714,-2.6889453125,-2.5060599999999997
28.64,-1.4271130804924805,-1.759971769522707,-2.6841015625,-2.50304
28.644,-1.42619443673291,-1.7589826602740395,-2.6788867187500003,-2.49988
28.649,-1.4248164710935551,-1.7579342956325945,-2.6735351562500003,-2.49658
28.654,-1.4234385054542003,-1.7568813728840116,-2.6683203125,-2.49328
28.659,-1.4220605398148436,-1.7558785893139337,-2.66265625,-2.49011
28.663,-1.4211418960552749,-1.7547846436011216,-2.656640625,-2.4868099999999997
28.668,-1.4206825741754887,-1.753699814102582,-2.6508984375000004,-2.48337
28.673,-1.4188452866563477,-1.7526924724253679,-2.64501953125,-2.48019
28.677,-1.4179266428967772,-1.751685130748152,-2.6383984375,-2.47714
28.682,-1.4165486772574223,-1.7505364877496987,-2.63236328125,-2.47356
28.687,-1.4151707116180674,-1.7494790068939796,-2.6265820312500003,-2.4703999999999997
28.692,-1.4142520678584969,-1.7484352003596726,-2.62052734375,-2.46737
28.696,-1.4137927459787107,-1.7473640451825432,-2.614765625,-2.46408
28.701,-1.4124147803393559,-1.7463293548625067,-2.60931640625,-2.46093
28.705,-1.411036814700001,-1.7452855483281997,-2.60400390625,-2.45776
28.71,-1.4096588490606443,-1.7442280674724788,-2.59888671875,-2.45459
28.714,-1.4087402053010756,-1.7431842609381718,-2.59388671875,-2.45157
28.719,-1.4069029177819345,-1.7421222219753165,-2.58888671875,-2.44856
28.724,-1.405984274022364,-1.7410146019410924,-2.5837890625,-2.44538
28.729,-1.4050656302627935,-1.73982493597841,-2.5782031250000004,-2.44197
28.734,-1.404146986503223,-1.7385213173373089,-2.57318359375,-2.4381399999999998
28.739,-1.4018503771042976,-1.7372860703032575,-2.568515625,-2.43456
28.744,-1.400931733344727,-1.7360918462334372,-2.5639453125000005,-2.43114
28.749,-1.3981758020660155,-1.7348383667708394,-2.55939453125,-2.42772
28.755,-1.3981758020660155,-1.73351651570119,-2.5552734375,-2.42417
28.759,-1.3967978364266607,-1.732340524059918,-2.5509765625000003,-2.42075
28.765,-1.3954198707873058,-1.731041463525953,-2.5466015625000002,-2.4172
28.77,-1.3931232613883804,-1.7296831475992107,-2.5431250000000003,-2.41352
28.775,-1.3917452957490237,-1.728511714065073,-2.53912109375,-2.4105499999999997
28.78,-1.3903673301096688,-1.7271078170669654,-2.535234375,-2.40688
28.785,-1.388989364470314,-1.7256902457474457,-2.53169921875,-2.40308
28.79,-1.3880707207107434,-1.7244549987133944,-2.5284375000000003,-2.3998399999999998
28.795,-1.3866927550713868,-1.7232425422150275,-2.5253515624999996,-2.39673
28.799,-1.385314789432032,-1.7220665505737536,-2.5222265624999998,-2.39362
28.804,-1.3830181800331065,-1.7208176292182937,-2.5191601562500003,-2.39039
28.809,-1.3816402143937498,-1.719523126791465,-2.5161328125,-2.38717
28.814,-1.3798029268746106,-1.7182012757218157,-2.5131445312499996,-2.38394
28.818,-1.378424961235254,-1.7168657503307578,-2.50970703125,-2.3808499999999997
28.824,-1.377046995595899,-1.7152932033685886,-2.50669921875,-2.37697
28.829,-1.3756690299565442,-1.7138801901562069,-2.50396484375,-2.37348
28.834,-1.3747503861969737,-1.7126449431221573,-2.5013671875,-2.37053
28.838,-1.373372420557617,-1.7114279285166525,-2.49888671875,-2.36747
28.843,-1.3724537767980483,-1.710233704446832,-2.4964453125,-2.36467
28.847,-1.370157167399121,-1.7090258060556014,-2.4937890625,-2.36175
28.852,-1.3692385236395506,-1.7076446995931747,-2.4913085937500004,-2.35855
28.856,-1.3678605580001957,-1.7063501971663477,-2.48884765625,-2.3555
28.861,-1.3660232704810547,-1.705105833918024,-2.4865234375000003,-2.3525899999999997
28.865,-1.3641859829619154,-1.70384779634829,-2.48423828125,-2.34955
28.869,-1.3628080173225587,-1.7025715263500079,-2.48197265625,-2.3467599999999997
28.874,-1.3618893735629882,-1.7012906982445894,-2.47943359375,-2.3438499999999998
28.879,-1.3595927641640628,-1.6998184296394303,-2.47708984375,-2.34057
28.883,-1.3586741204044923,-1.6984646718198242,-2.4748046875000003,-2.33766
28.888,-1.356377511005567,-1.697106355893082,-2.4723632812500003,-2.3344899999999997
28.893,-1.354999545366212,-1.6955201346095041,-2.4698632812500003,-2.33108
28.898,-1.353162257847071,-1.6939430295401987,-2.467265625,-2.32766
28.904,-1.35132497032793,-1.6923112271852538,-2.4650781250000002,-2.32425
28.908,-1.349487682808789,-1.690934678829965,-2.46302734375,-2.32138
28.912,-1.348109717169434,-1.689580921010359,-2.4607421874999997,-2.3185
28.917,-1.3458131077705087,-1.6880767456552412,-2.458359375,-2.3155
28.922,-1.3448944640109382,-1.6864540595145687,-2.4560546875,-2.31207
28.927,-1.3421385327322266,-1.684922535516634,-2.4536328125,-2.3089399999999998
28.932,-1.3407605670928717,-1.683272500733139,-2.4515234375,-2.30565
28.936,-1.3393826014535168,-1.681809348342254,-2.44935546875,-2.3027699999999998
28.941,-1.3370859920545897,-1.6803735445941879,-2.4468945312500003,-2.3
28.946,-1.3352487045354504,-1.6785730922751831,-2.4442578125,-2.29643
28.951,-1.3334114170163094,-1.6767863142775887,-2.44173828125,-2.29286
28.956,-1.331114807617384,-1.6750223268156788,-2.4391015625000003,-2.2894099999999997
28.962,-1.329277520098243,-1.6731671772110346,-2.43677734375,-2.28583
28.967,-1.3265215888195314,-1.6714761194633123,-2.43423828125,-2.28264
28.972,-1.3246843013003904,-1.6696027374301217,-2.43203125,-2.2792
28.976,-1.3228470137812511,-1.6679982837179956,-2.42978515625,-2.27616
28.981,-1.320550404382324,-1.6663345746130922,-2.4273046875,-2.27325
28.986,-1.3182537949833986,-1.6644247277228086,-2.4250390625000002,-2.2698199999999997
28.991,-1.3159571855844732,-1.6627199956536742,-2.4226171874999998,-2.26678
28.996,-1.3141198980653321,-1.6608511717276215,-2.41998046875,-2.26349
29.001,-1.3109046449068362,-1.6587954654089607,-2.41724609375,-2.25996
29.006,-1.3095266792674813,-1.6566440388404295,-2.4147460937500003,-2.25641
29.011,-1.3076893917483403,-1.6547387500572803,-2.41212890625,-2.2531499999999998
29.017,-1.3049334604696288,-1.652755973452809,-2.4096875,-2.2497599999999998
29.021,-1.3026368510707034,-1.65086435899107,-2.40734375,-2.24662
29.026,-1.3007995635515623,-1.649054790457793,-2.4047265625,-2.24362
29.031,-1.2980436322728526,-1.647081130067594,-2.4024609375,-2.24037
29.035,-1.295287700994141,-1.6452897939628635,-2.4001171875,-2.23765
29.04,-1.293450413475,-1.6434483186796278,-2.39783203125,-2.23466
29.044,-1.2920724478356451,-1.6416524244677628,-2.39548828125,-2.23194
29.048,-1.2897758384367197,-1.6398474140416202,-2.39287109375,-2.2290799999999997
29.053,-1.2870199071580082,-1.637746126651594,-2.3902734375000003,-2.2258299999999998
29.058,-1.2842639758792966,-1.635763350047121,-2.3879296875000002,-2.2228499999999998
29.062,-1.2828860102399418,-1.633917316656749,-2.3853320312500004,-2.2201299999999997
29.067,-1.2796707570814458,-1.6318479360166798,-2.3823242187500004,-2.21703
29.072,-1.2769148258027343,-1.6294640459841752,-2.3796875,-2.2135499999999997
29.077,-1.275077538283595,-1.6275086180225227,-2.37671875,-2.2107
29.082,-1.2718622851250991,-1.6252250063470264,-2.37390625,-2.20748
29.086,-1.269565675726172,-1.6230507892428125,-2.371171875,-2.20439
29.091,-1.266350422567676,-1.6209859667098794,-2.3681640625,-2.20155
29.096,-1.2640538131687507,-1.6186795644986987,-2.3648242187500004,-2.19834
29.101,-1.2622165256496096,-1.6161953961091875,-2.3616015625,-2.19502
29.106,-1.2585419506113293,-1.6138570871480518,-2.3580664062500003,-2.19181
29.112,-1.2553266974528334,-1.6111905944730704,-2.3547070312500002,-2.18822
29.116,-1.2530300880539063,-1.6088477274047968,-2.3510546875,-2.1851499999999997
29.122,-1.249355513015626,-1.606254164444005,-2.3478125,-2.1818
29.126,-1.2470589036167006,-1.6039523203399604,-2.3443945312500003,-2.17883
29.131,-1.2433843285784185,-1.601586662736004,-2.3408984375,-2.1758699999999997
29.136,-1.2410877191794931,-1.5991982145963632,-2.33732421875,-2.17279
29.14,-1.2378724660209972,-1.5967459529568089,-2.3334375,-2.16981
29.145,-1.2360351785018562,-1.59418885485311,-2.32958984375,-2.1665799999999997
29.15,-1.2319012815837898,-1.591709244570735,-2.32568359375,-2.1634599999999997
29.155,-1.2300639940646487,-1.5892433086097704,-2.3217578125,-2.1604799999999997
29.159,-1.2277673846657233,-1.5867773726488057,-2.31783203125,-2.15749
29.164,-1.223633487747657,-1.5843889245091631,-2.3136328125,-2.1545
29.168,-1.2208775564689454,-1.5817908034412334,-2.30939453125,-2.1513999999999998
29.173,-1.2176623033104494,-1.5791106364448435,-2.305078125,-2.14832
29.178,-1.2149063720317397,-1.5763712140556763,-2.30013671875,-2.1451
29.184,-1.2107724751136733,-1.5731030512386486,-2.2952734375,-2.14135
29.19,-1.2070979000753912,-1.5699579573143119,-2.2916406250000003,-2.13775
29.194,-1.2043419687966797,-1.5675011375676213,-2.2880078125,-2.13505
29.198,-1.2011267156381837,-1.5649759462138793,-2.28447265625,-2.13222
29.203,-1.198370784359474,-1.5624689872886837,-2.2809765625000002,-2.12952
29.207,-1.195155531200978,-1.5599437959349416,-2.27732421875,-2.12671
29.212,-1.1923995999222665,-1.5572180478671829,-2.27390625,-2.12375
29.216,-1.1882657030042,-1.554619926799253,-2.27044921875,-2.12104
29.22,-1.1859690936052747,-1.5519352016957253,-2.267109375,-2.1182
29.225,-1.1827538404467788,-1.549282383342156,-2.26380859375,-2.1153399999999998
29.229,-1.1799979091680672,-1.5466477974171333,-2.26029296875,-2.1124899999999998
29.234,-1.1767826560095713,-1.5437169345282218,-2.2569921875000003,-2.1095099999999998
29.238,-1.1740267247308598,-1.540945605389096,-2.25359375,-2.10653
29.243,-1.1698928278127934,-1.5380329749287345,-2.2502343750000002,-2.10356
29.247,-1.1652996090149426,-1.5350975539326868,-2.24705078125,-2.10058
29.252,-1.1630029996160154,-1.532207714008008,-2.24375,-2.09773
29.256,-1.1588691026979507,-1.5291948051906363,-2.24064453125,-2.09474
29.261,-1.1561131714192392,-1.5263004071588213,-2.237578125,-2.09187
29.265,-1.1519792745011728,-1.5234060091270027,-2.2345312500000003,-2.089
29.27,-1.1492233432224612,-1.5204432394881362,-2.23154296875,-2.0861099999999997
29.274,-1.1464674119437515,-1.5175169347063626,-2.22837890625,-2.08323
29.279,-1.1432521587852538,-1.5144493286033516,-2.22521484375,-2.0802199999999997
29.283,-1.1377402962278325,-1.5112860022504684,-2.222109375,-2.07719
29.288,-1.1345250430693365,-1.508072536719082,-2.218828125,-2.07415
29.293,-1.1313097899108406,-1.504667630687953,-2.2158203125,-2.07085
29.297,-1.128553858632129,-1.50151797865648,-2.2126953125,-2.0678099999999997
29.302,-1.1244199617140627,-1.4982726063751368,-2.20958984375,-2.0647699999999998
29.307,-1.1198267429162119,-1.4949451881653317,-2.20658203125,-2.0616
29.311,-1.1161521678779298,-1.491631444276937,-2.20361328125,-2.05857
29.316,-1.1124775928396495,-1.4883723976741834,-2.20056640625,-2.05567
29.32,-1.109721661560938,-1.4849401430002338,-2.19744140625,-2.05252
29.325,-1.1055877646428716,-1.481503330219148,-2.194375,-2.0493799999999998
29.33,-1.1019131896045913,-1.4779616809739178,-2.19119140625,-2.04623
29.335,-1.0977792926865249,-1.4743835668715928,-2.188046875,-2.04296
29.34,-1.0936453957684584,-1.4707461973764921,-2.1848828125,-2.0397
29.345,-1.0899708207301764,-1.4670541305957503,-2.1817578125000003,-2.03644
29.35,-1.0853776019323256,-1.463462342172015,-2.1787890625,-2.03332
29.354,-1.0821623487738279,-1.4600027388552466,-2.17580078125,-2.03032
29.359,-1.0780284518557632,-1.4564702058242887,-2.1730078125,-2.02732
29.363,-1.0748131986972655,-1.4531883686858507,-2.17025390625,-2.02444
29.368,-1.0711386236589853,-1.4499110896545506,-2.1674609375,-2.02156
29.372,-1.0670047267409188,-1.4465107417305578,-2.1642968750000002,-2.01868
29.377,-1.0624115079430663,-1.4427275128070818,-2.16142578125,-2.0154
29.382,-1.058736932904786,-1.4393408392044993,-2.1586328125,-2.01253
29.386,-1.0564403235058606,-1.435972398030465,-2.155703125,-2.00978
29.39,-1.051847104708008,-1.4325310271422413,-2.15263671875,-2.00676
29.395,-1.0481725296697277,-1.4288526346829098,-2.14931640625,-2.00372
29.4,-1.0435793108718752,-1.4247548963669985,-2.14591796875,-2.0001599999999997
29.405,-1.0394454139538087,-1.420793901265192,-2.14302734375,-1.99684
29.41,-1.0362301607953128,-1.417384437126925,-2.139609375,-1.9939099999999998
29.415,-1.031636941997462,-1.4133140474538362,-2.1358984375000003,-1.9905899999999999
29.42,-1.0270437231996095,-1.408965613245405,-2.13234375,-1.9868599999999998
29.425,-1.0233691481613292,-1.4049043397865901,-2.1284375,-1.98338
29.431,-1.0187759293634766,-1.4005057663996574,-2.12513671875,-1.97962
29.436,-1.0146420324454102,-1.3967954671903655,-2.1217773437500003,-1.9765199999999998
29.44,-1.0114267792869143,-1.393117074731034,-2.1181640625,-1.97342
29.445,-1.0072928823688478,-1.3891879863791825,-2.1141015625,-1.97003
29.451,-1.002240341691211,-1.3846207630281917,-2.1102734375,-1.9661199999999999
29.456,-0.9976471228933601,-1.3806643260335196,-2.1069140625,-1.9627299999999999
29.461,-0.9953505134944347,-1.3771317930025617,-2.10314453125,-1.9597399999999998
29.466,-0.9916759384561527,-1.3732118208649844,-2.0997265625,-1.95634
29.47,-0.9884606852976567,-1.3697977986195813,-2.0962695312500004,-1.95336
29.474,-0.9847861102593765,-1.366260707481489,-2.0921875,-1.95023
29.479,-0.98065221334131,-1.3622905961654066,-2.08798828125,-1.9468299999999998
29.485,-0.9765183164232436,-1.3582429970280003,-2.08396484375,-1.94332
29.49,-0.9737623851445321,-1.3544187451402934,-2.0794921875,-1.94006
29.495,-0.9687098444668951,-1.3501386825389154,-2.074609375,-1.93624
29.501,-0.9654945913083992,-1.3458130388661687,-2.0700195312500003,-1.9324299999999999
29.506,-0.9609013725105466,-1.3417791140501727,-2.065546875,-1.92888
29.511,-0.9572267974722664,-1.3378910486625504,-2.0608203125,-1.92547
29.516,-0.9535522224339843,-1.3339072630250595,-2.05609375,-1.92194
29.521,-0.9489590036361335,-1.3300283138517095,-2.0513867187500003,-1.91854
29.526,-0.9457437504776376,-1.3262633173567817,-2.0466015625000002,-1.91512
29.531,-0.942987819198926,-1.3226259478616793,-2.0418359375,-1.91186
29.536,-0.9406912098000006,-1.319075182402175,-2.0367382812500003,-1.90859
29.541,-0.9365573128819342,-1.3153512088714763,-2.03154296875,-1.90519
29.545,-0.9328827378436522,-1.3118277920547925,-2.0268359375,-1.90207
29.55,-0.9310454503245129,-1.308655349487637,-2.02140625,-1.89909
29.554,-0.9273708752862309,-1.3050909097067223,-2.0158007812500003,-1.89584
29.559,-0.9236963002479506,-1.3015401442472179,-2.0104687500000002,-1.89245
29.564,-0.920940368969239,-1.2983266787158314,-2.00521484375,-1.88946
29.568,-0.9181844376905275,-1.2951770266843585,-1.99978515625,-1.8864699999999999
29.572,-0.9154285064118177,-1.2920273746528874,-1.9934179687500002,-1.8835
29.578,-0.9112946094937513,-1.2882988430150508,-1.9877929687500002,-1.8799899999999998
29.582,-0.9094573219746103,-1.2850808193765264,-1.98251953125,-1.87703
29.587,-0.9076200344554692,-1.2820633524520186,-1.9770898437500002,-1.87405
29.591,-0.9044047812969733,-1.2789182585276837,-1.97205078125,-1.87092
29.595,-0.9016488500182618,-1.2759554888888172,-1.96654296875,-1.86794
29.6,-0.8984335968597659,-1.2725961639290535,-1.96119140625,-1.86469
29.605,-0.89521834370127,-1.2692003741121987,-1.9557226562499999,-1.8613
29.61,-0.8924624124225584,-1.2658410491524368,-1.9508984375,-1.85792
29.615,-0.8897064811438486,-1.262568328228273,-1.9454882812499998,-1.8546799999999999
29.62,-0.8864912279853527,-1.2590950505900942,-1.94080078125,-1.8511499999999999
29.625,-0.8841946185864256,-1.2559362823443472,-1.9366601562499999,-1.8478999999999999
29.63,-0.8814386873077158,-1.2530464424196683,-1.9321093750000002,-1.8447799999999999
29.635,-0.8777641122694337,-1.2497372566384097,-1.9275976562500001,-1.8413899999999999
29.64,-0.8759268247502945,-1.2464873262499303,-1.9231445312500002,-1.8379999999999999
29.645,-0.8731708934715829,-1.2431371175044426,-1.91865234375,-1.8343699999999998
29.651,-0.869955640313087,-1.2396911885090827,-1.91447265625,-1.8305699999999998
29.656,-0.8676590309141616,-1.2365187459419253,-1.910625,-1.8271899999999999
29.661,-0.8653624215152345,-1.2334739303745987,-1.9068359375,-1.8237999999999999
29.666,-0.8621471683567385,-1.2303926499501756,-1.902734375,-1.82026
29.671,-0.8589319151982426,-1.2269923020261828,-1.8989648437500002,-1.81646
29.677,-0.8561759839195311,-1.2238699986375323,-1.8953515625000001,-1.81291
29.682,-0.8538793745206057,-1.220770485784561,-1.8918750000000002,-1.8093499999999998
29.687,-0.8515827651216803,-1.2177575769671911,-1.8883984375000002,-1.80565
29.692,-0.8488268338429688,-1.2147720167926401,-1.88544921875,-1.80223
29.697,-0.8469895463238295,-1.2122149186889413,-1.8826757812500001,-1.79908
29.701,-0.8456115806844728,-1.209767215156523,-1.879921875,-1.7960699999999998
29.706,-0.8433149712855474,-1.2073423021597893,-1.8772851562500001,-1.79305
29.71,-0.8414776837664064,-1.2049629702344227,-1.8747265625000002,-1.79015
29.714,-0.839181074367481,-1.2026201031661472,-1.8718945312500002,-1.7871199999999998
29.719,-0.83734378684834,-1.2000037496696727,-1.8692773437500003,-1.78368
29.724,-0.8355064993292007,-1.197656324494261,-1.8668359375000003,-1.78066
29.728,-0.8332098899302736,-1.1953955033544492,-1.8643750000000001,-1.7776399999999999
29.732,-0.8309132805313482,-1.1930891011432685,-1.8618359375000002,-1.77463
29.737,-0.8290759930122071,-1.1906915367893554,-1.859375,-1.77148
29.741,-0.8276980273728523,-1.1883805764710385,-1.8569140625,-1.76833
29.746,-0.8258607398537112,-1.1860787323669957,-1.8544921875,-1.76532
29.75,-0.8240234523345702,-1.18382246933432,-1.85193359375,-1.7621499999999999
29.755,-0.8217268429356448,-1.1814340211946792,-1.84935546875,-1.7588599999999999
29.76,-0.8203488772962899,-1.179036456840766,-1.846796875,-1.7554299999999998
29.765,-0.8180522678973645,-1.1766935897724924,-1.84412109375,-1.7521399999999998
29.77,-0.8162149803782235,-1.174195747061571,-1.84162109375,-1.74846
29.775,-0.8139183709792981,-1.1718984610646643,-1.8386914062500002,-1.74518
29.781,-0.8120810834601571,-1.1691727129969074,-1.836171875,-1.74121
29.786,-0.8093251521814455,-1.1668480783571784,-1.8338476562500001,-1.73779
29.791,-0.808406508421875,-1.1645918153245027,-1.831484375,-1.7343799999999998
29.796,-0.8065692209027358,-1.1624859698273386,-1.8288085937500003,-1.73111
29.801,-0.8051912552633791,-1.1599790109021448,-1.8264843750000002,-1.7272999999999998
29.806,-0.8033539677442381,-1.1579324207977582,-1.82416015625,-1.72404
29.811,-0.8010573583453127,-1.1558448077291406,-1.82181640625,-1.72064
29.816,-0.7996793927059578,-1.1537480784462506,-1.81927734375,-1.7173699999999998
29.821,-0.7978421051868168,-1.1514553505564802,-1.8169921875000001,-1.7135699999999998
29.826,-0.7969234614272462,-1.1495455036661948,-1.8145117187500002,-1.71044
29.832,-0.7941675301485365,-1.1473484960262965,-1.8122851562500002,-1.70677
29.836,-0.7927895645091798,-1.1455115788501988,-1.80978515625,-1.70364
29.841,-0.7918709207496093,-1.143373826603078,-1.80744140625,-1.6999499999999999
29.846,-0.79003363323047,-1.1414958864627494,-1.8051562500000002,-1.69667
29.851,-0.788196345711329,-1.139631620643831,-1.80302734375,-1.6933699999999998
29.856,-0.786359058192188,-1.1378676331819229,-1.80072265625,-1.6902199999999998
29.861,-0.784521770673047,-1.1359851349344563,-1.79861328125,-1.6867899999999998
29.865,-0.7836031269134764,-1.1343031934010082,-1.7962890625,-1.68376
29.87,-0.781306517514551,-1.1324298113678157,-1.7941015625,-1.68044
29.874,-0.781306517514551,-1.130729637405821,-1.791796875,-1.6772399999999998
29.879,-0.77946922999541,-1.1289975566938661,-1.789453125,-1.6739199999999999
29.884,-0.7780912643560551,-1.127265475981913,-1.78728515625,-1.6705899999999998
29.889,-0.7762539768369141,-1.1256519060555163,-1.7847460937500002,-1.6673799999999999
29.894,-0.7753353330773436,-1.1237967564508704,-1.7824609375,-1.66376
29.898,-0.7739573674379887,-1.1222196513815668,-1.78001953125,-1.66055
29.903,-0.7721200799188477,-1.1204784544553394,-1.7776953125000001,-1.65706
29.908,-0.7712014361592772,-1.1189332561359926,-1.77537109375,-1.6538499999999998
29.912,-0.7702827923997084,-1.1174290807808749,-1.77298828125,-1.65076
29.917,-0.7679861830007813,-1.11587932435439,-1.7705664062500002,-1.6475399999999998
29.922,-0.766148895481642,-1.1143113354993588,-1.7680078125,-1.6442999999999999
29.926,-0.7652302517220715,-1.112679533144414,-1.76564453125,-1.64093
29.931,-0.764311607962501,-1.1111981483249807,-1.7630859375,-1.63768
29.936,-0.7633929642029305,-1.1097076472912732,-1.7604296875,-1.63442
29.94,-0.7615556766837894,-1.1081624489719246,-1.75798828125,-1.6310099999999998
29.945,-0.7610963548040051,-1.1067631100809532,-1.7553125,-1.6278599999999999
29.95,-0.759259067284864,-1.1052634928329717,-1.752109375,-1.62442
29.955,-0.7578811016455091,-1.1034949472639255,-1.7491210937500001,-1.6203599999999998
29.96,-0.7565031360061525,-1.1019087259803477,-1.74646484375,-1.61658
29.965,-0.7542065266072271,-1.1005093870893745,-1.7434179687500002,-1.6133499999999998
29.97,-0.7537472047274427,-1.0989049333772503,-1.7402734375000002,-1.60953
29.975,-0.7528285609678722,-1.097336944522219,-1.7373632812500002,-1.6057
29.98,-0.7514505953285155,-1.0959421637383837,-1.7345898437500002,-1.60215
29.984,-0.7500726296891607,-1.0946157545615982,-1.7317773437500001,-1.59889
29.989,-0.7496133078093763,-1.093303019706223,-1.7290039062500002,-1.5955
29.993,-0.7477760202902353,-1.092031307815077,-1.7262695312500003,-1.59229
29.998,-0.7468573765306648,-1.0907687121382068,-1.72353515625,-1.5891
30.002,-0.7463980546508804,-1.0895471394255658,-1.72072265625,-1.58608
30.006,-0.7454794108913099,-1.088334682927199,-1.7179101562500003,-1.58297
30.011,-0.7450200890115237,-1.0871586912859268,-1.7148828125000002,-1.5798899999999998
30.015,-0.7431828014923827,-1.085905211823329,-1.71146484375,-1.5767
30.02,-0.7427234796125983,-1.0845423377894488,-1.7084375000000003,-1.57314
30.025,-0.7413455139732434,-1.083411927219542,-1.70498046875,-1.57029
30.03,-0.7399675483338868,-1.0820946342570306,-1.7014453125000002,-1.5669199999999999
30.035,-0.7390489045743163,-1.08081836425875,-1.69798828125,-1.5636999999999999
30.039,-0.7381302608147475,-1.0796423726174762,-1.69455078125,-1.56062
30.044,-0.7362929732956065,-1.078466380976204,-1.690390625,-1.55768
30.049,-0.7362929732956065,-1.0770670420852309,-1.6860937500000002,-1.5539399999999999
30.054,-0.7344556857764655,-1.0757816558726745,-1.6819726562500001,-1.55046
30.059,-0.7330777201371106,-1.074509943981532,-1.6775976562500001,-1.5472299999999999
30.064,-0.7321590763775401,-1.0731880929118827,-1.6729296875,-1.54359
30.07,-0.7316997544977539,-1.0718069864494577,-1.6683203125000001,-1.53979
30.075,-0.7298624669786147,-1.070558065093996,-1.6639257812500001,-1.5362799999999999
30.08,-0.730321788858399,-1.069341050488493,-1.65939453125,-1.5329
30.086,-0.7294031450988285,-1.068155942632945,-1.6550585937500002,-1.5292499999999998
30.091,-0.7271065356999031,-1.0669480442417143,-1.6507421875000001,-1.5255999999999998
30.096,-0.7261878919403326,-1.0657811688147145,-1.64630859375,-1.52222
30.101,-0.7248099263009777,-1.0645094569235702,-1.64255859375,-1.5185399999999998
30.106,-0.7243506044211916,-1.0634747666035338,-1.6387695312500001,-1.5153999999999999
30.111,-0.7229726387818367,-1.06239905331927,-1.63486328125,-1.51226
30.116,-0.7220539950222662,-1.0612595265350908,-1.6313671875,-1.5088599999999999
30.12,-0.7215946731424818,-1.0602704172864215,-1.6279882812500002,-1.50586
30.124,-0.7206760293829113,-1.0592995404663004,-1.6245703125,-1.50271
30.129,-0.7197573856233408,-1.0583104312176328,-1.62126953125,-1.4996999999999998
30.133,-0.7183794199839841,-1.0573304381832376,-1.6177929687500001,-1.49669
30.138,-0.7179200981041998,-1.0562911897560667,-1.6139257812499999,-1.49341
30.144,-0.7170014543446293,-1.0551425467576134,-1.61052734375,-1.48972
30.148,-0.7151641668254882,-1.0541260888661252,-1.6068359375,-1.4865899999999999
30.153,-0.7151641668254882,-1.0529956782962184,-1.60365234375,-1.48306
30.158,-0.713326879306349,-1.0520430339046438,-1.60009765625,-1.47993
30.163,-0.7128675574265628,-1.0509490881918317,-1.5970703125,-1.47654
30.168,-0.7119489136669923,-1.0499235140860694,-1.593828125,-1.47314
30.172,-0.7110302699074218,-1.0490118926587257,-1.59080078125,-1.4702799999999998
30.177,-0.7105709480276374,-1.0480683644814253,-1.5878125,-1.46715
30.181,-0.7091929823882825,-1.0471613011612195,-1.5846289062499999,-1.4641699999999997
30.186,-0.7078150167489259,-1.046122052734047,-1.5814062500000001,-1.46077
30.191,-0.7068963729893554,-1.0450463394497813,-1.57814453125,-1.45737
30.196,-0.706437051109571,-1.0440800207367964,-1.5750585937500001,-1.45423
30.2,-0.7055184073500005,-1.043109143916677,-1.57203125,-1.4510899999999998
30.205,-0.7050590854702161,-1.0421747319536472,-1.568828125,-1.44781
30.21,-0.7036811198308595,-1.041171948383571,-1.5658203125,-1.4443899999999998
30.215,-0.7032217979510751,-1.0402466526348153,-1.5626171875000001,-1.4412599999999998
30.22,-0.7023031541915046,-1.039262101493284,-1.5594921875,-1.43784
30.225,-0.7004658666723635,-1.0382775503517543,-1.55638671875,-1.4345599999999998
30.229,-0.7000065447925792,-1.0372929992102229,-1.553203125,-1.43129
30.234,-0.6990879010330087,-1.0362902156401432,-1.550390625,-1.42775
30.239,-0.6986285791532225,-1.0354150590698943,-1.5475781250000002,-1.42476
30.243,-0.6977099353936538,-1.0345490187139177,-1.5448632812500003,-1.42177
30.248,-0.6967912916340833,-1.0336920945722152,-1.54197265625,-1.41881
30.252,-0.6958726478745128,-1.0328169380019645,-1.5392578125,-1.41569
30.257,-0.6958726478745128,-1.031991920610217,-1.53650390625,-1.41285
30.261,-0.6935760384755874,-1.031148670789925,-1.533671875,-1.4098899999999999
30.265,-0.6940353603553717,-1.0302598398982656,-1.53041015625,-1.40679
30.271,-0.6921980728362307,-1.0292661725424601,-1.52744140625,-1.40329
30.275,-0.6921980728362307,-1.0283727835436647,-1.52453125,-1.40021
30.28,-0.6912794290766602,-1.0275113012948243,-1.5215234375,-1.3971299999999998
30.285,-0.6899014634373053,-1.0266087960817547,-1.5186718750000001,-1.39393
30.289,-0.6889828196777348,-1.0257518719400505,-1.51587890625,-1.39087
30.294,-0.6889828196777348,-1.0249040640126204,-1.5127148437500002,-1.3879599999999999
30.299,-0.6876048540383799,-1.0239377452996372,-1.5093750000000001,-1.3845299999999998
30.304,-0.6871455321585938,-1.0229851009080626,-1.5061328125000002,-1.38111
30.309,-0.6857675665192389,-1.022073479480719,-1.5033203125,-1.3778299999999999
30.313,-0.6857675665192389,-1.0212849269460662,-1.5005078125000002,-1.37495
30.318,-0.684389600879884,-1.0205009325185497,-1.4975390625000002,-1.37208
30.322,-0.6839302790000978,-1.0196667989125316,-1.4946289062500002,-1.36909
30.327,-0.6830116352405273,-1.0188828044850151,-1.4916015625,-1.36635
30.331,-0.6830116352405273,-1.0180896938432262,-1.488671875,-1.36336
30.335,-0.6816336696011724,-1.0173284899513941,-1.48572265625,-1.3604699999999998
30.34,-0.6807150258416019,-1.0165536117381517,-1.4827148437500002,-1.35772
30.344,-0.6797963820820314,-1.0157741754177732,-1.4794921875,-1.3548399999999998
30.349,-0.6802557039618176,-1.0149810647759843,-1.47623046875,-1.35181
30.353,-0.679337060202247,-1.014210744669878,-1.4730078125000001,-1.3487799999999999
30.358,-0.6779590945628904,-1.01345865699232,-1.4696875,-1.34588
30.362,-0.677499772683106,-1.0126609882433932,-1.46646484375,-1.3428499999999999
30.367,-0.6761218070437511,-1.0119089005658353,-1.46310546875,-1.3400699999999999
30.371,-0.675662485163965,-1.0111294642454585,-1.4595312500000002,-1.33716
30.376,-0.6747438414043945,-1.0103090049608472,-1.45552734375,-1.33398
30.381,-0.6738251976448257,-1.0094110578549138,-1.4516796875000002,-1.33066
30.385,-0.6733658757650396,-1.0085860404631681,-1.44796875,-1.32748
30.39,-0.6715285882458986,-1.0077746973928328,-1.44423828125,-1.32443
30.395,-0.6719879101256847,-1.0069724705367697,-1.440078125,-1.32152
30.399,-0.670609944486328,-1.0061428950378861,-1.4361718749999999,-1.31833
30.404,-0.670609944486328,-1.0053771330389178,-1.4319726562500001,-1.31527
30.409,-0.6696913007267593,-1.0045566737543083,-1.42724609375,-1.3121
30.414,-0.6687726569671888,-1.003699749612604,-1.4225390625,-1.30864
30.419,-0.6673946913278321,-1.0028428254709034,-1.418046875,-1.3053299999999999
30.424,-0.6673946913278321,-1.0020360405077042,-1.4132617187499998,-1.30215
30.429,-0.6660167256884773,-1.0012064650088206,-1.4083984375,-1.29886
30.434,-0.6650980819289067,-1.0003677732956646,-1.4036328125000002,-1.29555
30.438,-0.6641794381693362,-0.9995792207610119,-1.3991015625,-1.29266
30.442,-0.6637201162895519,-0.9988271330834522,-1.3943554687500002,-1.2897599999999998
30.447,-0.6632607944097657,-0.9980932778344407,-1.38955078125,-1.28686
30.451,-0.6632607944097657,-0.9973958874425239,-1.38416015625,-1.28396
30.456,-0.6609641850108403,-0.9966118930150074,-1.37857421875,-1.2809399999999997
30.461,-0.6605048631310559,-0.9957732013018514,-1.37306640625,-1.27779
30.465,-0.6600455412512698,-0.9950119974100193,-1.367109375,-1.27477
30.47,-0.6586675756119149,-0.9942052124468201,-1.3612890625000003,-1.27161
30.475,-0.6582082537321288,-0.9934166599121674,-1.3546875,-1.26858
30.48,-0.6582082537321288,-0.9925825263061476,-1.3488867187500002,-1.26526
30.484,-0.6568302880927739,-0.99184411295,-1.3433593750000001,-1.2623499999999999
30.488,-0.6568302880927739,-0.9911330482366711,-1.3373828125,-1.25945
30.493,-0.655452322453419,-0.9903444957020184,-1.33193359375,-1.2561499999999999
30.498,-0.6545336786938485,-0.989610640453007,-1.3263476562500003,-1.2532299999999998
30.503,-0.653615034934278,-0.9887856230612613,-1.32119140625,-1.2500499999999999
30.507,-0.6522370692949231,-0.988015302955155,-1.31587890625,-1.24701
30.512,-0.6517777474151369,-0.9871674950277249,-1.31078125,-1.2437
30.517,-0.6513184255353526,-0.9863607100645275,-1.3054296875000002,-1.24078
30.522,-0.6503997817757821,-0.9855037859228251,-1.3001367187500001,-1.23735
30.527,-0.6499404598959959,-0.9846377455668467,-1.29462890625,-1.2338
30.533,-0.6490218161364272,-0.9836987754966842,-1.28958984375,-1.2301099999999998
30.538,-0.648562494256641,-0.982850967569254,-1.2848437500000003,-1.22654
30.543,-0.6471845286172861,-0.981998601534686,-1.28080078125,-1.2231
30.548,-0.6467252067375,-0.9812556300714022,-1.276328125,-1.2199399999999998
30.553,-0.6458065629779295,-0.9803987059296997,-1.2721679687500003,-1.21651
30.558,-0.6444285973385746,-0.9795645723236799,-1.2684765625,-1.21321
30.563,-0.6448879192183608,-0.9788216008603943,-1.2650000000000001,-1.2100499999999998
30.567,-0.6439692754587902,-0.9781242104684758,-1.2616015625,-1.20701
30.572,-0.6430506316992197,-0.9774131457551487,-1.25810546875,-1.2041199999999999
30.577,-0.6416726660598631,-0.976624593220496,-1.25462890625,-1.2008299999999998
30.582,-0.6412133441800787,-0.9758588312215277,-1.25146484375,-1.19781
30.586,-0.6402947004205082,-0.9751295340796506,-1.2479296875,-1.19481
30.591,-0.6384574129013671,-0.9742452612951293,-1.2449804687500001,-1.19143
30.596,-0.6384574129013671,-0.9734977317247075,-1.2420312500000001,-1.18857
30.6,-0.6379980910215828,-0.9727593183685599,-1.23916015625,-1.1856999999999998
30.605,-0.6370794472620123,-0.9720300212266828,-1.23626953125,-1.18271
30.609,-0.6361608035024418,-0.9712688173348525,-1.2333984375,-1.1797199999999999
30.614,-0.6352421597428712,-0.9704939391216101,-1.23044921875,-1.17686
30.619,-0.6352421597428712,-0.9696871541584091,-1.22771484375,-1.17363
30.623,-0.6347828378630869,-0.9689669732308097,-1.22509765625,-1.1706599999999998
30.628,-0.633404872223732,-0.9682741409460274,-1.2226171875,-1.1678099999999998
30.632,-0.6329455503439458,-0.9675767505541089,-1.22,-1.16508
30.636,-0.6324862284641615,-0.9668565696265077,-1.2174609375,-1.16207
30.641,-0.6320269065843753,-0.9661591792345892,-1.2146484375000002,-1.1590699999999998
30.646,-0.6306489409450204,-0.9653660685928003,-1.2118359375,-1.1558099999999998
30.651,-0.6301896190652343,-0.9645364930939184,-1.2093359375000001,-1.1524299999999998
30.656,-0.6292709753056656,-0.9638299864877276,-1.2066210937500002,-1.1495699999999998
30.661,-0.628352331546095,-0.9630004109888439,-1.20392578125,-1.1461799999999998
30.666,-0.6274336877865245,-0.9621845098113706,-1.2012500000000002,-1.14278
30.671,-0.6269743659067384,-0.9613959572767197,-1.19888671875,-1.13964
30.675,-0.626515044026954,-0.9606848925633908,-1.1965820312500002,-1.1366299999999998
30.68,-0.6255964002673835,-0.9599920602786085,-1.19423828125,-1.1337599999999999
30.684,-0.6242184346280286,-0.9592536469224608,-1.19205078125,-1.13077
30.689,-0.6242184346280286,-0.9585380241019958,-1.18974609375,-1.12778
30.694,-0.6232997908684581,-0.9578087269601205,-1.1874609375,-1.12479
30.698,-0.622840468988672,-0.9570611973896987,-1.1848828125000002,-1.12167
30.704,-0.6210031814695327,-0.9562270637836807,-1.18259765625,-1.11828
30.708,-0.6205438595897466,-0.9554658598918468,-1.180078125,-1.1152699999999998
30.713,-0.6200845377099622,-0.9546317262858288,-1.1776953125,-1.1118799999999998
30.718,-0.6187065720706055,-0.953834057536902,-1.1753906250000001,-1.1086299999999998
30.723,-0.6187065720706055,-0.9530910860736164,-1.1731054687500002,-1.10564
30.728,-0.617787928311035,-0.9523526727174687,-1.170859375,-1.1025099999999999
30.732,-0.6173286064312506,-0.9516370498970037,-1.16865234375,-1.0996299999999999
30.737,-0.6159506407918958,-0.9509214270765405,-1.1664453125,-1.0966099999999999
30.741,-0.6154913189121096,-0.9501875718275272,-1.1641601562500001,-1.0936
30.746,-0.6141133532727547,-0.9494309260428331,-1.16203125,-1.09059
30.75,-0.6136540313929686,-0.9487107451152301,-1.15990234375,-1.08771
30.755,-0.6145726751525391,-0.9480407033661322,-1.1577929687500002,-1.0849699999999998
30.759,-0.6131947095131842,-0.9474025683669929,-1.15564453125,-1.08209
30.763,-0.6127353876333999,-0.9467416428321673,-1.1535546875000002,-1.0792199999999998
30.767,-0.6118167438738293,-0.9460898335116159,-1.15146484375,-1.07646
30.772,-0.6104387782344727,-0.9454106755482474,-1.14931640625,-1.07371
30.776,-0.6099794563546883,-0.9447132851563271,-1.14720703125,-1.07083
30.78,-0.6095201344749022,-0.9440295690858189,-1.1450585937500002,-1.06795
30.785,-0.6081421688355473,-0.9433321786939022,-1.14279296875,-1.06508
30.789,-0.6081421688355473,-0.9425937653377545,-1.14052734375,-1.06208
30.794,-0.6072235250759768,-0.9418872587315619,-1.1383203125,-1.0592199999999998
30.798,-0.6063048813164063,-0.9411761940182348,-1.13611328125,-1.05634
30.803,-0.6058455594366219,-0.9404788036263163,-1.1339062500000001,-1.0534499999999998
30.807,-0.604467593797267,-0.9397722970201237,-1.13171875,-1.05058
30.811,-0.604467593797267,-0.9390703485210707,-1.12943359375,-1.04771
30.816,-0.6035489500376965,-0.9383638419148781,-1.12705078125,-1.0448399999999998
30.821,-0.6030896281579103,-0.9376208704515943,-1.1245703125000002,-1.0417199999999998
30.825,-0.6012523406387693,-0.9368459922383519,-1.1221875000000001,-1.03873
30.83,-0.6012523406387693,-0.9360802302393836,-1.119765625,-1.0356
30.834,-0.6007930187589849,-0.9353646074189186,-1.1174218750000002,-1.03273
30.839,-0.5994150531196301,-0.9346353102770415,-1.11501953125,-1.0297299999999998
30.843,-0.5994150531196301,-0.9339196874565765,-1.1126367187500001,-1.02687
30.848,-0.5984964093600595,-0.9332086227432494,-1.1100976562500002,-1.02388
30.853,-0.5971184437207029,-0.9324610931728294,-1.10755859375,-1.0209099999999998
30.857,-0.5966591218409185,-0.9317044473881335,-1.10498046875,-1.01792
30.862,-0.5961997999611341,-0.9309751502462582,-1.1024023437500001,-1.0149299999999999
30.866,-0.595740478081348,-0.930254969318657,-1.099765625,-1.01193
30.871,-0.5948218343217775,-0.929539346498192,-1.0971484375,-1.0090599999999998
30.875,-0.5934438686824226,-0.9288282817848632,-1.0943554687500001,-1.0061999999999998
30.88,-0.5929845468026382,-0.928021496821664,-1.0915234375,-1.0029499999999998
30.885,-0.5929845468026382,-0.9273195483226093,-1.08857421875,-1.0001
30.889,-0.5920659030430677,-0.9265720187521875,-1.0851953125000002,-0.99685
30.895,-0.5906879374037111,-0.9257242108247574,-1.0818164062500002,-0.99346
30.9,-0.5897692936441405,-0.9248855191116014,-1.07822265625,-0.99007
30.906,-0.5883913280047857,-0.9239738976842578,-1.0747851562500002,-0.9864199999999999
30.911,-0.5883913280047857,-0.9231579965067862,-1.0716406250000001,-0.9831799999999999
30.915,-0.5874726842452151,-0.9224423736863194,-1.06849609375,-0.98034
30.919,-0.5865540404856446,-0.9217267508658544,-1.06517578125,-0.9773699999999999
30.924,-0.5856353967260741,-0.9209473145454758,-1.0616015625,-0.9743999999999999
30.929,-0.5847167529665054,-0.9201678782250973,-1.058125,-0.9712999999999998
30.934,-0.5847167529665054,-0.9194157905475393,-1.05462890625,-0.9683199999999998
30.938,-0.5833387873271487,-0.9186910515128002,-1.0508984375000001,-0.9653399999999999
30.943,-0.5828794654473644,-0.9179161732995595,-1.04689453125,-0.96224
30.948,-0.5819608216877938,-0.9171504113005895,-1.043125,-0.95916
30.952,-0.5819608216877938,-0.9164439046943968,-1.0388085937500002,-0.9563199999999998
30.957,-0.5810421779282233,-0.9156599102668839,-1.0348046875,-0.95309
30.962,-0.5796642122888684,-0.9149214969107327,-1.03021484375,-0.95011
30.967,-0.5792048904090823,-0.9140828051975767,-1.026171875,-0.9465999999999999
30.971,-0.5773676028899413,-0.913344391841429,-1.0215625000000002,-0.9437399999999998
30.977,-0.5773676028899413,-0.9124646771640421,-1.0176953125000001,-0.9403599999999999
30.981,-0.5764489591303725,-0.9117536124507151,-1.013359375,-0.9374899999999999
30.986,-0.5759896372505864,-0.9109285950589694,-1.00919921875,-0.9340999999999999
30.991,-0.5750709934910159,-0.9101400425243167,-1.0054882812500001,-0.9308299999999998
30.995,-0.5741523497314454,-0.9094426521323982,-1.0016015625,-0.9280599999999999
31.0,-0.5727743840920905,-0.9086540995977455,-0.9979296875,-0.92489
31.005,-0.5727743840920905,-0.9078609889559566,-0.9940234374999999,-0.9217199999999999
31.009,-0.57185574033252,-0.9071362499212192,-0.99041015625,-0.9188099999999999
31.014,-0.5704777746931651,-0.9063841622436595,-0.986953125,-0.9157599999999999
31.018,-0.5704777746931651,-0.9056457488875118,-0.9835937499999999,-0.9128399999999999
31.023,-0.5695591309335946,-0.904934684174183,-0.9797070312499999,-0.9099199999999998
31.028,-0.5681811652942397,-0.9040868762467547,-0.9758593749999999,-0.9065799999999999
31.033,-0.5672625215346692,-0.9032253939979125,-0.97234375,-0.9032199999999999
31.038,-0.5672625215346692,-0.9024322833561254,-0.9687890625000001,-0.90001
31.043,-0.5654252340155281,-0.9016254983929262,-0.96490234375,-0.8967999999999998
31.048,-0.5654252340155281,-0.900727551286991,-0.9610546875,-0.8931799999999999
31.053,-0.5635879464963871,-0.8998159298596473,-0.9574023437499999,-0.8895499999999998
31.058,-0.5626693027368166,-0.8989590057179466,-0.9541210937499999,-0.8861899999999998
31.063,-0.5622099808570322,-0.8981613369690198,-0.9508789062499999,-0.8830799999999999
31.067,-0.5617506589772461,-0.8973819006486394,-0.9476953124999999,-0.87998
31.072,-0.5594540495783207,-0.8965751156854402,-0.9445703125,-0.8768699999999998
31.077,-0.5603726933378912,-0.8957865631507875,-0.94107421875,-0.8737599999999999
31.082,-0.5589947276985363,-0.8949205227948127,-0.93806640625,-0.8702399999999999
31.086,-0.5576167620591796,-0.8941638770101168,-0.93478515625,-0.86727
31.091,-0.5566981182996091,-0.893293278547004,-0.9318359374999999,-0.86402
31.095,-0.5562387964198248,-0.8925184003337616,-0.9285742187499999,-0.8610399999999998
31.1,-0.5553201526602543,-0.891652359977785,-0.9255273437499999,-0.8576599999999999
31.105,-0.5548608307804699,-0.8908546912288582,-0.92248046875,-0.8544399999999999
31.11,-0.5539421870208994,-0.8900570224799331,-0.919609375,-0.85134
31.114,-0.5530235432613289,-0.8893049348023752,-0.91681640625,-0.84839
31.118,-0.5521048995017583,-0.888548289017681,-0.9138671875,-0.8454299999999999
31.123,-0.5511862557421878,-0.8877506202687542,-0.91109375,-0.8424799999999999
31.127,-0.5507269338624035,-0.8869985325911944,-0.90826171875,-0.83951
31.132,-0.5493489682230468,-0.8862190962708159,-0.9054296875,-0.8365499999999999
31.136,-0.5493489682230468,-0.8854487761647096,-0.9023046874999999,-0.8335999999999999
31.141,-0.5475116807039075,-0.884550829058778,-0.89896484375,-0.8302299999999998
31.146,-0.5475116807039075,-0.883661998167117,-0.8958203124999999,-0.8268899999999999
31.151,-0.5470523588241214,-0.8828278645610972,-0.8927929687499999,-0.8235399999999999
31.156,-0.5452150713049804,-0.8820028471693515,-0.8893749999999999,-0.8203099999999999
31.161,-0.5442964275454116,-0.8810319703492304,-0.8862500000000001,-0.8166799999999999
31.166,-0.5438371056656255,-0.8802023948503468,-0.88318359375,-0.8136099999999999
31.171,-0.542918461906055,-0.8793773774586011,-0.87900390625,-0.8104
31.178,-0.5410811743869139,-0.8781512466388239,-0.874921875,-0.80586
31.184,-0.5401625306273452,-0.8770573009260101,-0.87177734375,-0.80172
31.189,-0.5387845649879885,-0.8761502376058043,-0.86857421875,-0.7983799999999999
31.193,-0.5387845649879885,-0.8752568486070089,-0.86490234375,-0.7951599999999999
31.199,-0.5374065993486337,-0.8742631812512034,-0.86142578125,-0.79142
31.204,-0.5364879555890631,-0.8733378855024476,-0.8582031250000001,-0.7879399999999999
31.209,-0.5355693118294926,-0.872476403253609,-0.855,-0.7847199999999999
31.214,-0.5346506680699221,-0.8716149210047686,-0.8516015625000001,-0.7814999999999999
31.219,-0.5332727024305672,-0.8706850671488784,-0.8482031250000001,-0.7779999999999998
31.224,-0.5328133805507811,-0.8697825619358088,-0.84470703125,-0.7747599999999999
31.229,-0.5318947367912124,-0.868866382401329,-0.8416210937499999,-0.7712699999999999
31.233,-0.5309760930316418,-0.8680778298666763,-0.8384375000000001,-0.7683099999999998
31.238,-0.5300574492720713,-0.867257370582065,-0.83537109375,-0.76535
31.242,-0.5291388055125008,-0.8664642599402779,-0.8321875,-0.7623799999999998
31.246,-0.5282201617529303,-0.8656529168699407,-0.82865234375,-0.7594299999999998
31.251,-0.5277608398731459,-0.8647549697640073,-0.8249804687500001,-0.7561899999999999
31.256,-0.5268421961135754,-0.8638524645509378,-0.8212695312499999,-0.7528199999999998
31.261,-0.5259235523540049,-0.8629636336592768,-0.81744140625,-0.74946
31.266,-0.5245455867146482,-0.8620474541247951,-0.8139453124999999,-0.7460899999999999
31.271,-0.5236269429550795,-0.8612224367330512,-0.8101367187499999,-0.7431399999999999
31.276,-0.5231676210752934,-0.8603153734128437,-0.8063671874999999,-0.73979
31.281,-0.5217896554359385,-0.8594128681997724,-0.8022070312499999,-0.7365499999999998
31.285,-0.5217896554359385,-0.8585240373081131,-0.798203125,-0.7331799999999999
31.29,-0.5199523679167974,-0.8576306483093159,-0.7944921875000001,-0.72997
31.295,-0.5190337241572269,-0.8567919565961599,-0.7905664062500001,-0.7270299999999998
31.3,-0.517655758517872,-0.8558803351688162,-0.78658203125,-0.7238099999999998
31.304,-0.5171964366380859,-0.8550142948128396,-0.7819726562499999,-0.7207399999999999
31.309,-0.5153591491189466,-0.853975046385667,-0.7774414062499999,-0.7171399999999999
31.314,-0.5153591491189466,-0.8530315182083665,-0.77212890625,-0.71393
31.32,-0.5135218615998056,-0.8519375724955545,-0.7671484375,-0.7101899999999999
31.325,-0.5130625397200195,-0.8509165564969301,-0.7615625,-0.7065899999999998
31.331,-0.5112252522008802,-0.8498180526769801,-0.7566601562499999,-0.7028599999999998
31.336,-0.5103066084413097,-0.8488836407139537,-0.7518945312499999,-0.69967
31.34,-0.5098472865615236,-0.8479765773937462,-0.7469140625,-0.69661
31.345,-0.5084693209221687,-0.8470603978592663,-0.74193359375,-0.6935399999999998
31.35,-0.5080099990423843,-0.8461624507533312,-0.7368554687500001,-0.69048
31.354,-0.5070913552828138,-0.8452964103973546,-0.73111328125,-0.6874099999999999
31.359,-0.5057133896434571,-0.8442708362915923,-0.72529296875,-0.6839599999999999
31.364,-0.5047947458838866,-0.8433409824357039,-0.7182031249999999,-0.6807599999999998
31.37,-0.5034167802445317,-0.8421877813301126,-0.71228515625,-0.6767699999999999
31.375,-0.5024981364849612,-0.8411941139743071,-0.7059765625,-0.6734399999999998
31.38,-0.5020388146051769,-0.8401594236542742,-0.70033203125,-0.6700899999999999
31.385,-0.5002015270860358,-0.8391566400841963,-0.69333984375,-0.6666299999999998
31.391,-0.4992828833264653,-0.8379669741215121,-0.6874609374999999,-0.6627399999999999
31.396,-0.4983642395668948,-0.8369322838014757,-0.68166015625,-0.65899
31.402,-0.4969862739275399,-0.8358337799815274,-0.6765820312499999,-0.65537
31.407,-0.49560830828818503,-0.8348583450542701,-0.6718359375,-0.6521399999999999
31.411,-0.4946896645286145,-0.8339102587698317,-0.6669726562499999,-0.6490499999999999
31.416,-0.493771020769044,-0.8328755684497953,-0.6625,-0.6455599999999999
31.421,-0.4928523770094735,-0.8319229240582224,-0.6583984374999999,-0.6424799999999999
31.425,-0.49193373324990297,-0.8310340931665632,-0.65451171875,-0.63954
31.43,-0.49101508949033246,-0.830136146060628,-0.6505859374999999,-0.6366099999999999
31.434,-0.48917780197119143,-0.829215408419012,-0.6466015625,-0.6336599999999999
31.439,-0.48871848009140706,-0.8281898343132497,-0.64287109375,-0.6303099999999999
31.443,-0.48688119257226603,-0.8272554223502233,-0.639375,-0.6273599999999999
31.448,-0.48642187069248166,-0.8263301266014693,-0.63587890625,-0.62456
31.452,-0.4859625488126955,-0.8253820403170309,-0.63236328125,-0.6214799999999998
31.457,-0.4841252612935545,-0.8243701405326789,-0.62853515625,-0.6182799999999999
31.462,-0.4827472956541996,-0.8232351718556377,-0.6244921874999999,-0.6149499999999999
31.468,-0.4813693300148447,-0.8220272734644052,-0.6209765625,-0.6112099999999998
31.473,-0.4809100081350586,-0.8209470020730034,-0.61765625,-0.6078599999999998
31.477,-0.4790727206159193,-0.8198986374315584,-0.61474609375,-0.6046499999999999
31.482,-0.4786133987361332,-0.8189459930399838,-0.611796875,-0.6018299999999999
31.486,-0.4772354330967783,-0.8179751162198627,-0.60900390625,-0.59876
31.491,-0.4763167893372078,-0.8170133556140158,-0.60583984375,-0.5959599999999998
31.496,-0.4749388236978529,-0.8158920612583831,-0.602734375,-0.59263
31.501,-0.47310153617871187,-0.8147343020456557,-0.60001953125,-0.5891199999999999
31.505,-0.4726422142989257,-0.8137315184755778,-0.5973046875,-0.5861699999999999
31.509,-0.471723570539357,-0.8127150605840896,-0.5946874999999999,-0.58321
31.514,-0.47080492677978647,-0.8117305094425582,-0.59203125,-0.5802499999999999
31.518,-0.4694269611404298,-0.8107049353367959,-0.5893359375,-0.5771499999999998
31.523,-0.4680489955010749,-0.80961554773112,-0.58626953125,-0.57406
31.529,-0.46667102986172004,-0.8083347196257016,-0.583515625,-0.57029
31.534,-0.46575238610214953,-0.8071951928415224,-0.58099609375,-0.5669199999999999
31.538,-0.46437442046279287,-0.8061605025214895,-0.57865234375,-0.56395
31.542,-0.462996454823438,-0.8051303703085892,-0.576328125,-0.5609799999999998
31.547,-0.4625371329436536,-0.8041230286313752,-0.5740234375,-0.5581399999999999
31.551,-0.46115916730429696,-0.803106570739887,-0.5717578124999999,-0.5551899999999999
31.555,-0.4597812016649421,-0.8020764385269867,-0.56951171875,-0.55223
31.56,-0.45886255790537156,-0.8010371900998159,-0.56701171875,-0.5493899999999998
31.565,-0.45702527038623053,-0.7998338498157231,-0.56451171875,-0.5460099999999999
31.57,-0.45610662662666,-0.7986396257459027,-0.56197265625,-0.54264
31.574,-0.45472866098730513,-0.7974454016760806,-0.559609375,-0.53938
31.579,-0.45335069534795025,-0.7962694100348084,-0.5573046875,-0.5361099999999999
31.584,-0.4515134078288092,-0.7950888602863984,-0.55501953125,-0.5328499999999998
31.588,-0.45013544218945434,-0.7939311010736709,-0.552734375,-0.5298399999999999
31.593,-0.4492167984298838,-0.7927140864681679,-0.55044921875,-0.5265599999999999
31.598,-0.44783883279052716,-0.7914833975412545,-0.54798828125,-0.52328
31.603,-0.4464608671511723,-0.7901752207930155,-0.5453515624999999,-0.51986
31.609,-0.44462357963203125,-0.7886756035450357,-0.54294921875,-0.51576
31.614,-0.442786292112892,-0.7874312402967121,-0.54076171875,-0.51261
31.618,-0.4418676483533215,-0.7862142256912072,-0.53857421875,-0.5094599999999998
31.623,-0.44003036083418046,-0.7849880948714301,-0.5362890625,-0.5062899999999999
31.628,-0.4395710389543943,-0.7837027086588755,-0.5337695312499999,-0.5029899999999998
31.633,-0.4372744295554689,-0.782289695446492,-0.5313671875,-0.49927999999999995
31.638,-0.4349778201565435,-0.7808857984483826,-0.52908203125,-0.4958199999999999
31.643,-0.43359985451718863,-0.7795593892715971,-0.52693359375,-0.4926499999999998
31.647,-0.4326812107576181,-0.7783241422375475,-0.5248046875,-0.48963
31.651,-0.43130324511826323,-0.7770661046678118,-0.52271484375,-0.4864299999999999
31.656,-0.4299252794789066,-0.7758354157408984,-0.52052734375,-0.4833799999999999
31.66,-0.42808799195976555,-0.7745409133140697,-0.51845703125,-0.48031999999999986
31.665,-0.4271693482001968,-0.7733102243871564,-0.5163671875,-0.47724999999999995
31.669,-0.4253320606810558,-0.7720339543888741,-0.5141796875,-0.4741799999999998
31.673,-0.42441341692148526,-0.7707394519620454,-0.512109375,-0.4711099999999999
31.678,-0.42211680752255987,-0.7694677400709029,-0.5099804687499999,-0.46804
31.682,-0.4207388418832032,-0.7681686795369362,-0.50787109375,-0.46509999999999985
31.687,-0.42027952000341884,-0.7668650608958352,-0.5057421875,-0.46204
31.691,-0.4184422324842778,-0.7655933490046927,-0.50318359375,-0.4589699999999999
31.696,-0.4170642668449229,-0.7640299182567976,-0.50083984375,-0.4551799999999999
31.701,-0.4143083355662114,-0.7625622077587728,-0.49857421874999996,-0.45184999999999986
31.706,-0.4129303699268565,-0.7611264040107066,-0.49611328125,-0.4486399999999999
31.711,-0.41109308240771547,-0.759581205691358,-0.4939453125,-0.44514999999999993
31.715,-0.40925579488857444,-0.7582046573360692,-0.49173828125,-0.44221999999999984
31.719,-0.4074185073694334,-0.7567734116951392,-0.489453125,-0.4390299999999998
31.724,-0.40558121985029416,-0.7552737944471595,-0.4871875,-0.43582999999999994
31.729,-0.40374393233115313,-0.7537787353063159,-0.48490234374999996,-0.43279
31.733,-0.4019066448120121,-0.7522654437369258,-0.48259765625,-0.42962999999999996
31.738,-0.4009880010524416,-0.7506928967747566,-0.4801171875,-0.4263299999999999
31.743,-0.3986913916535162,-0.7491203498125891,-0.47751953124999996,-0.42303
31.748,-0.3963947822545908,-0.7473745947792274,-0.47501953124999996,-0.4196199999999999
31.752,-0.39501681661523413,-0.7457519086385549,-0.47265625,-0.41633999999999993
31.757,-0.39272020721630874,-0.744243175176301,-0.47033203125,-0.41333
31.761,-0.39134224157695385,-0.7427116511783627,-0.46798828124999997,-0.4103399999999999
31.766,-0.3895049540578128,-0.7412029177161088,-0.46556640625,-0.40747999999999984
31.77,-0.3876676665386718,-0.7396486031824878,-0.46304687499999997,-0.4044699999999999
31.775,-0.3853710571397464,-0.7379848940775862,-0.4604101562499999,-0.4012
31.779,-0.38353376962060537,-0.7363713241511878,-0.45775390624999995,-0.39818
31.784,-0.3816964821014661,-0.734662033974919,-0.45507812499999994,-0.3950199999999999
31.788,-0.3798591945823251,-0.7329800924414673,-0.452265625,-0.39188
31.793,-0.37802190706318406,-0.7312844765866089,-0.4494140625,-0.38873999999999986
31.797,-0.37572529766425866,-0.7295341634461092,-0.44654296875,-0.38544
31.802,-0.3743473320249038,-0.7277519435556528,-0.44343749999999993,-0.38229999999999986
31.807,-0.3720507226259766,-0.7259742817723325,-0.44048828124999995,-0.3790199999999999
31.812,-0.36929479134726684,-0.7242376429532413,-0.43736328124999996,-0.3758699999999999
31.816,-0.36699818194833966,-0.7223733771343248,-0.43408203125,-0.37271999999999994
31.821,-0.36470157254941427,-0.7204498559226291,-0.430703125,-0.36931999999999987
31.826,-0.36286428503027324,-0.7185035441752508,-0.42740234374999997,-0.36602999999999986
31.831,-0.36010835375156347,-0.7166028134992377,-0.42392578124999997,-0.36287999999999987
31.836,-0.3573524224728519,-0.7145607815019872,-0.4201953125,-0.35946999999999996
31.84,-0.3555151349537109,-0.7125688886832418,-0.4168359375,-0.35619
31.845,-0.35367784743457165,-0.7107547620428285,-0.4134765625,-0.3531799999999998
31.849,-0.35138123803564447,-0.7089543097238238,-0.409921875,-0.35016999999999987
31.853,-0.3490846286367191,-0.707071811476359,-0.406328125,-0.34717
31.858,-0.3463286973580093,-0.7051893132288942,-0.40267578125,-0.34416
31.862,-0.34495073171865265,-0.7032976987671553,-0.39900390625,-0.34129999999999994
31.867,-0.3421948004399429,-0.7013878518768717,-0.39523437499999997,-0.3382999999999998
31.871,-0.33943886916123134,-0.6994506563437657,-0.3914453125,-0.33529999999999993
31.875,-0.3376015816420903,-0.6974815540607029,-0.38767578124999996,-0.3322999999999998
31.88,-0.3353049722431649,-0.6955170098847763,-0.38380859375,-0.3294299999999999
31.884,-0.3330083628442395,-0.6934795359946637,-0.37990234375,-0.3263099999999999
31.889,-0.3297931096857436,-0.6913600161760893,-0.37595703125,-0.32316999999999996
31.893,-0.32841514404638694,-0.6891903571790117,-0.37208984375,-0.3200399999999999
31.898,-0.3256592127676772,-0.6870708373604373,-0.36833984374999995,-0.31691999999999987
31.903,-0.32290328148896563,-0.6849011783633596,-0.36457031249999994,-0.3138099999999999
31.907,-0.32060667209004023,-0.6827224031520078,-0.36083984375,-0.3106899999999999
31.912,-0.3178507408113287,-0.6805253955121096,-0.35716796875,-0.30757999999999996
31.916,-0.31371684389326226,-0.6782144351937927,-0.35357421874999995,-0.3043199999999999
31.921,-0.31187955637412124,-0.6759353816254343,-0.35015624999999995,-0.3013199999999998
31.925,-0.3086643032156253,-0.6737019091284413,-0.3467578125,-0.29833
31.93,-0.30590837193691556,-0.6714228555600812,-0.3432226562499999,-0.29521
31.935,-0.303152440658204,-0.6689751520276648,-0.33966796875,-0.29206999999999983
31.939,-0.2999371874997081,-0.6664727512096054,-0.33628906249999996,-0.28881
31.944,-0.29718125622099656,-0.6640113733557769,-0.33294921874999994,-0.2857099999999999
31.949,-0.29488464682207116,-0.6615545536090863,-0.3295703125,-0.2825899999999999
31.953,-0.29166939366357525,-0.659011129826796,-0.32619140625,-0.27935
31.958,-0.28845414050507934,-0.6564403574016868,-0.32300781249999994,-0.27613
31.963,-0.2856982092263678,-0.6539106079408086,-0.3198046875,-0.27303999999999995
31.967,-0.28202363418808574,-0.6512988125514685,-0.31658203124999995,-0.2698099999999999
31.972,-0.27926770290937597,-0.6486368779836251,-0.313359375,-0.2667599999999999
31.977,-0.2765117716306644,-0.6459111299158682,-0.31027343749999997,-0.26354999999999995
31.982,-0.2732965184721685,-0.6432719858837075,-0.3071484375,-0.26034
31.986,-0.26962194343388823,-0.6404869824231714,-0.30408203124999994,-0.2571699999999999
31.991,-0.26640669027539055,-0.6377202113911835,-0.30103515625,-0.2539799999999999
31.996,-0.26319143711689463,-0.6348941849664183,-0.29765624999999996,-0.25078
32.001,-0.2590575401988282,-0.6317536491492195,-0.294453125,-0.2473599999999998
32.006,-0.2558422870403323,-0.6286769268319343,-0.2915234375,-0.24391999999999991
32.011,-0.25308635576162253,-0.6259557368713118,-0.288828125,-0.24098999999999982
32.015,-0.24987110260312484,-0.6233348252676993,-0.28611328124999996,-0.23809999999999998
32.019,-0.24711517132441507,-0.6206592163784457,-0.28298828125,-0.23521999999999998
32.025,-0.24344059628613302,-0.6175232386683831,-0.28015625,-0.2319199999999999
32.029,-0.2402253431276371,-0.6146698636007972,-0.27720703124999996,-0.22892
32.034,-0.2370100899691412,-0.6116797453191083,-0.27439453124999996,-0.22580999999999984
32.039,-0.2333355149308609,-0.6087625567516106,-0.27154296875,-0.2227999999999999
32.043,-0.23012026177236322,-0.6057952290056043,-0.26871093749999997,-0.2196699999999998
32.048,-0.2269050086138673,-0.6027549715454139,-0.2659765625,-0.21670999999999996
32.052,-0.2236897554553714,-0.5998788059421436,-0.26294921875,-0.21372999999999998
32.058,-0.21955585853730497,-0.5965285971966576,-0.26023437499999996,-0.21035999999999988
32.062,-0.21634060537880906,-0.5935977343077461,-0.25716796875,-0.20753999999999984
32.067,-0.21266603034052878,-0.5902019444908913,-0.254296875,-0.2041799999999998
32.072,-0.2094507771820311,-0.5871069897450578,-0.25099609375,-0.20118999999999998
32.078,-0.2048575583841803,-0.583414922964316,-0.2480859375,-0.1976
32.082,-0.20118298334589824,-0.5802652709328449,-0.2452734375,-0.1944999999999999
32.087,-0.19750840830761796,-0.5771019445799599,-0.2421484375,-0.1915
32.092,-0.19337451138955153,-0.573619550727507,-0.23921875,-0.18828
32.097,-0.1892406144714851,-0.5703149230533864,-0.23640624999999998,-0.18516999999999983
32.101,-0.1860253613129892,-0.5671424804862308,-0.23369140625,-0.18215999999999988
32.106,-0.18189146439492276,-0.5639791541333476,-0.23099609375,-0.17930999999999986
32.11,-0.1782168893566407,-0.5608705250661039,-0.22777343750000004,-0.17645
32.115,-0.1750016361981448,-0.5571693420710897,-0.2249609375,-0.17316999999999982
32.12,-0.1713270611598645,-0.5539923413967962,-0.22181640625,-0.1702999999999999
32.125,-0.1671931642417981,-0.5504233435087453,-0.21869140625,-0.16704999999999992
32.129,-0.16351858920351603,-0.5469090429063357,-0.21552734375000002,-0.1638799999999998
32.134,-0.15892537040566523,-0.5433218125897366,-0.21212890625000003,-0.16057999999999995
32.139,-0.15571011724716932,-0.539643420130405,-0.208828125,-0.1573199999999999
32.144,-0.15111689844931675,-0.5359467952425288,-0.20498046875,-0.15400999999999998
32.15,-0.14698300153125032,-0.5317168718196523,-0.2014453125,-0.1502899999999998
32.155,-0.14238978273339953,-0.5280795023245499,-0.19794921875000002,-0.14711999999999992
32.16,-0.1382558858153331,-0.5243919936509442,-0.19447265625000001,-0.14376999999999995
32.164,-0.13412198889726668,-0.5206999268702042,-0.19068359375000002,-0.14054999999999995
32.17,-0.12998809197920025,-0.5167526060898044,-0.1873046875,-0.13708999999999993
32.174,-0.12677283882070434,-0.5132610960230792,-0.18396484375000002,-0.13398999999999983
32.178,-0.12309826378242228,-0.5099473521346845,-0.18070312500000002,-0.13117
32.183,-0.119423688744142,-0.5066199339248794,-0.17740234375,-0.12812
32.187,-0.11528979182607557,-0.5032514927508434,-0.17394531250000003,-0.12529999999999997
32.191,-0.11207453866757966,-0.49987849346967117,-0.17048828124999998,-0.12246999999999986
32.196,-0.10885928550908197,-0.49651005229563694,-0.16650390625000003,-0.11939999999999995
32.201,-0.10472538859101554,-0.4926994747293403,-0.162421875,-0.11632999999999982
32.206,-0.10105081355273526,-0.4887293634132579,-0.15824218750000002,-0.11271999999999993
32.211,-0.0973762385144532,-0.4850145060968316,-0.1542578125,-0.10966999999999993
32.215,-0.09232369783681627,-0.4813042068875433,-0.15037109375,-0.10650999999999988
32.22,-0.0895677665581065,-0.4778673941064575,-0.14626953125,-0.10370999999999997
32.224,-0.08589319151982444,-0.4742938381112687,-0.14224609375000002,-0.1006499999999999
32.229,-0.08221861648154416,-0.47089804829441384,-0.138203125,-0.09775999999999985
32.233,-0.07900336332304825,-0.4674885841561487,-0.1340234375,-0.0947
32.237,-0.07486946640498182,-0.4640563294821991,-0.129765625,-0.09175999999999984
32.242,-0.07119489136669976,-0.4606377491296598,-0.12548828125,-0.0889899999999999
32.246,-0.07303217888584079,-0.4573422376698133,-0.12263671875000001,-0.08610999999999991
32.251,-0.07716607580390722,-0.45414700456697155,-0.12177734375000002,-0.08357999999999999
32.255,-0.08129997272197365,-0.4513893497492578,-0.1223046875,-0.0816199999999998
32.26,-0.08497454776025393,-0.44905559889525826,-0.12390625000000001,-0.0802299999999998
32.264,-0.08864912279853598,-0.44702724121941806,-0.12630859375,-0.07936999999999994
32.269,-0.09278301971660241,-0.4452632537575081,-0.1293359375,-0.07911000000000001
32.274,-0.09599827287509832,-0.4438183337951678,-0.13265625,-0.07941999999999982
32.278,-0.10013216979316475,-0.4427061556538092,-0.136171875,-0.08036999999999983
32.283,-0.10426606671123118,-0.44188113826206177,-0.14015625,-0.08182999999999985
32.288,-0.10885928550908197,-0.44131593297711014,-0.1441015625,-0.08397999999999994
32.293,-0.11253386054736403,-0.44104700465604374,-0.14791015625,-0.08660000000000001
32.297,-0.11666775746543045,-0.441010539798949,-0.15199218750000001,-0.08972999999999987
32.302,-0.12080165438349688,-0.4412156546201018,-0.15625,-0.09291999999999989
32.307,-0.1263135169409182,-0.4417079301908675,-0.16029296875000001,-0.09641999999999995
32.312,-0.12998809197920025,-0.4424235530113325,-0.1644140625,-0.0998699999999999
32.316,-0.13366266701748053,-0.44329870958158146,-0.16843750000000002,-0.10307999999999984
32.321,-0.13779656393554696,-0.4443516323301644,-0.17283203125000002,-0.10641999999999996
32.327,-0.1428491046131839,-0.44576008743540996,-0.176796875,-0.11015999999999981
32.331,-0.14698300153125032,-0.4472323560405709,-0.18076171875000002,-0.11346999999999996
32.336,-0.15111689844931675,-0.44889606514547253,-0.18437499999999998,-0.11694999999999989
32.341,-0.1538728297280283,-0.45054609992896566,-0.18787109375,-0.12026999999999988
32.345,-0.1584660485258791,-0.45220525092673114,-0.19150390625,-0.12331999999999987
32.35,-0.16214062356416115,-0.4541652369955198,-0.19509765625000003,-0.12666999999999984
32.355,-0.16627452048222757,-0.4562437338498633,-0.1987109375,-0.12985000000000002
32.36,-0.170408417400294,-0.4584179509540789,-0.20230468750000002,-0.13317
32.365,-0.1750016361981448,-0.46081095720085585,-0.2055859375,-0.13663999999999987
32.369,-0.17867621123642685,-0.46303531348357296,-0.2091015625,-0.1396799999999998
32.374,-0.18326943003427765,-0.46560608590868213,-0.21259765625000002,-0.14298999999999995
32.379,-0.1869440050725597,-0.46832727586930467,-0.2157421875,-0.14646999999999988
32.383,-0.19107790199062613,-0.4707749794017211,-0.21916015625000002,-0.14949999999999997
32.388,-0.1947524770289064,-0.47364202879071904,-0.22216796875,-0.15295999999999998
32.393,-0.19934569582675898,-0.4762629403943315,-0.22560546875,-0.1560299999999999
32.398,-0.20302027086503927,-0.479316872175934,-0.22875,-0.1594899999999999
32.402,-0.20623552402353518,-0.4821611310292475,-0.23216796875,-0.16266999999999987
32.408,-0.21128806470117212,-0.4855067816675973,-0.23544921875,-0.1664699999999999
32.412,-0.21496263973945418,-0.48848778373501034,-0.23917968750000002,-0.16967
32.418,-0.21955585853730497,-0.49240775587258945,-0.24261718750000003,-0.1738599999999999
32.423,-0.22323043357558703,-0.4955893146540191,-0.24564453125,-0.17737999999999987
32.428,-0.2269050086138673,-0.4985110613286565,-0.2487890625,-0.18043999999999993
32.432,-0.23057958365214937,-0.5017154106457689,-0.25162109374999997,-0.18367
32.437,-0.2347134805702158,-0.5047465518916869,-0.25501953125,-0.1869099999999999
32.442,-0.23884737748828222,-0.5083155497797378,-0.25859374999999996,-0.1903999999999999
32.447,-0.2425219525265625,-0.5121124530246259,-0.26189453125,-0.19431999999999983
32.452,-0.24619652756484456,-0.5155948468770788,-0.26498046875,-0.19782999999999995
32.457,-0.25078974636269535,-0.518967846158251,-0.26828124999999997,-0.20116
32.462,-0.25400499952119127,-0.5224821467606606,-0.27173828125,-0.2046699999999999
32.467,-0.2581388964392577,-0.5262881662198193,-0.27513671874999995,-0.20828999999999986
32.473,-0.2613541495977554,-0.5299255357149217,-0.2783203125,-0.21189999999999998
32.478,-0.26502872463603566,-0.5334580687458779,-0.28158203125,-0.2153799999999999
32.482,-0.2691626215541021,-0.5369313463840584,-0.28496093749999996,-0.21885
32.488,-0.272377874712598,-0.5406006226291176,-0.28810546875,-0.22229999999999994
32.493,-0.27513380599130954,-0.544023761088793,-0.29156249999999995,-0.2257699999999998
32.498,-0.27972702478916034,-0.547761408940902,-0.2950390625,-0.22934999999999994
32.503,-0.2824829560678719,-0.5513896622217302,-0.29833984375,-0.23292000000000002
32.508,-0.2870761748657227,-0.5549176371455502,-0.30162109374999996,-0.2363799999999998
32.513,-0.28937278426464985,-0.5583726823551824,-0.30484374999999997,-0.2398
32.518,-0.29258803742314576,-0.5616727519221687,-0.307734375,-0.24295
32.522,-0.29534396870185553,-0.5646719864181282,-0.31070312499999997,-0.24598999999999993
32.526,-0.2976405781007827,-0.567657546592681,-0.31363281249999997,-0.2489999999999999
32.531,-0.3008558312592786,-0.5706294324458199,-0.31669921874999996,-0.2518699999999998
32.535,-0.303152440658204,-0.5736286669417812,-0.31974609374999996,-0.25488999999999984
32.539,-0.3068270156964843,-0.5766324595448786,-0.32275390625,-0.2578699999999998
32.544,-0.3086643032156253,-0.5795861129694728,-0.32621093749999996,-0.2608499999999998
32.549,-0.31187955637412124,-0.5828497176793626,-0.3296875,-0.26413
32.554,-0.31509480953261715,-0.5861224386035264,-0.33324218749999995,-0.2675399999999999
32.558,-0.31831006269111306,-0.5893586946705973,-0.33652343749999997,-0.27078
32.563,-0.32060667209004023,-0.5922986737737812,-0.33980468750000004,-0.27379
32.567,-0.32290328148896563,-0.5951748393770515,-0.34324218749999996,-0.2767799999999998
32.572,-0.3256592127676772,-0.5981011441588233,-0.34681640625,-0.2798999999999998
32.576,-0.32841514404638694,-0.6011733083689723,-0.3503515625,-0.28303999999999996
32.581,-0.33025243156552797,-0.604022125329422,-0.3540234375,-0.2861799999999999
32.586,-0.3334676847240239,-0.6069848949682886,-0.35789062499999996,-0.28930999999999996
32.59,-0.3357642941229493,-0.6100205943213428,-0.36148437499999997,-0.2925899999999999
32.595,-0.3385202254016608,-0.6127873653533324,-0.36539062499999997,-0.29559999999999986
32.599,-0.3408168348005862,-0.615699995813694,-0.36958984375,-0.2988799999999998
32.605,-0.3431134441995116,-0.6188769964879874,-0.37427734374999994,-0.30245999999999995
32.61,-0.3467880192377937,-0.6220813458051015,-0.37876953124999996,-0.30606
32.615,-0.3495439505165052,-0.6251079289438817,-0.38287109374999995,-0.3094899999999998
32.619,-0.3518405599154306,-0.6278838161901437,-0.387578125,-0.31267
32.625,-0.3545964911941404,-0.6311702114357196,-0.39207031249999996,-0.31640999999999986
32.63,-0.35689310059306756,-0.6340554932532623,-0.3964453125,-0.31972
32.635,-0.36010835375156347,-0.6369954723564462,-0.40107421874999993,-0.32318999999999987
32.64,-0.3619456412707045,-0.6400858689951399,-0.404921875,-0.32694999999999985
32.645,-0.3642422506696299,-0.6427432454558488,-0.40886718749999995,-0.33011999999999997
32.649,-0.3674575038281258,-0.645396063809418,-0.4123828125,-0.3333299999999999
32.654,-0.3688354694674807,-0.647875674091793,-0.41587890625,-0.3363799999999999
32.658,-0.3706727569866217,-0.6502914708742527,-0.41962890625,-0.3394599999999999
32.663,-0.37388801014511763,-0.6530126608348752,-0.42326171875,-0.34280999999999984
32.667,-0.3752659757844725,-0.6555834332599844,-0.4266015625,-0.3460399999999999
32.672,-0.37710326330361355,-0.657999230042444,-0.43003906249999996,-0.34912999999999994
32.677,-0.3789405508227546,-0.660565444360417,-0.43341796875,-0.35248999999999997
32.681,-0.3816964821014661,-0.6630040316785628,-0.4367578125,-0.3557199999999998
32.686,-0.38353376962060537,-0.6655383392465772,-0.43978515625000003,-0.35922999999999994
32.69,-0.38583037901953254,-0.6678265090292115,-0.44275390624999994,-0.36217999999999995
32.695,-0.38674902277910306,-0.6700873301690233,-0.44568359375,-0.36527
32.699,-0.38996427593759897,-0.6723982904873385,-0.44867187499999994,-0.3685099999999999
32.704,-0.39134224157695385,-0.6747274832342018,-0.4515234375,-0.37161
32.708,-0.3931795290960949,-0.6769883043740155,-0.45496093749999994,-0.37483999999999984
32.714,-0.39593546037480465,-0.6798416794416013,-0.4580078125,-0.3787999999999998
32.719,-0.3973134260141613,-0.6822392437955145,-0.46095703125,-0.3823399999999999
32.724,-0.3996100354130867,-0.6847416446135739,-0.4639453125,-0.38585999999999987
32.729,-0.40144732293222773,-0.6871619995031732,-0.46685546875,-0.38952999999999993
32.734,-0.403284610451367,-0.6895550057499502,-0.46972656249999994,-0.39305999999999996
32.739,-0.40558121985029416,-0.6919161052467686,-0.47263671874999996,-0.39657999999999993
32.745,-0.40787782924921956,-0.6943911574220074,-0.47537109375,-0.40037999999999996
32.749,-0.4087964730087901,-0.6966109555975901,-0.478046875,-0.4037599999999999
32.754,-0.41109308240771547,-0.6988444280945814,-0.48087890624999996,-0.40727
32.76,-0.413849013686427,-0.7012419924484963,-0.48353515625,-0.41091999999999995
32.765,-0.41568630120556627,-0.7035301622311287,-0.4859375,-0.41455
32.769,-0.4170642668449229,-0.7055767523355154,-0.4882421875,-0.4177799999999998
32.774,-0.41798291060449344,-0.7075321802971679,-0.490703125,-0.4210099999999999
32.779,-0.4198201981236327,-0.709587886615827,-0.4930078125,-0.4243699999999999
32.783,-0.4216574856427737,-0.7115524307917536,-0.495390625,-0.4275899999999999
32.788,-0.42349477316191475,-0.7135169749676802,-0.49773437499999995,-0.4308099999999999
32.793,-0.42441341692148526,-0.7155088677864256,-0.5001171875,-0.4341499999999998
32.798,-0.4271693482001968,-0.7174870862837626,-0.5022656249999999,-0.4376399999999998
32.802,-0.42808799195976555,-0.7192647480670811,-0.50453125,-0.44057999999999997
32.807,-0.4294659575991222,-0.7211426882074097,-0.5067968749999999,-0.44392999999999994
32.811,-0.43130324511826323,-0.7229932797049177,-0.5089453125,-0.4471299999999998
32.816,-0.432221888877832,-0.7247116860954605,-0.5111914062499999,-0.45019999999999993
32.82,-0.434059176396973,-0.7265166965216014,-0.5135546875,-0.4533999999999998
32.825,-0.4349778201565435,-0.7283718461262474,-0.515625,-0.4567399999999999
32.83,-0.4372744295554689,-0.7300492295525576,-0.5178124999999999,-0.4598199999999999
32.834,-0.4381930733150394,-0.7317083805503248,-0.5201953125,-0.46289999999999987
32.839,-0.44003036083418046,-0.7335863206906517,-0.52248046875,-0.46638999999999986
32.844,-0.44140832647353534,-0.7353092851883307,-0.5246289062499999,-0.4696199999999999
32.848,-0.442786292112892,-0.7369319713290032,-0.52673828125,-0.47270999999999996
32.852,-0.44370493587246074,-0.7384954020768983,-0.5292578125,-0.47578999999999994
32.858,-0.44554222339160177,-0.7404280395028664,-0.5315429687500001,-0.4795799999999999
32.862,-0.4469201890309584,-0.7420324932149924,-0.5337109375,-0.48280999999999996
32.867,-0.4487574765500977,-0.7436232726057064,-0.5358203125,-0.48588999999999993
32.871,-0.45013544218945434,-0.745168470925055,-0.5380859375,-0.4889699999999999
32.876,-0.4505947640692387,-0.7467820408514534,-0.5404687499999999,-0.49219999999999997
32.881,-0.4528913734681641,-0.7484958891348583,-0.54263671875,-0.49568999999999996
32.885,-0.45335069534795025,-0.750004622597114,-0.5449609375,-0.49876999999999994
32.89,-0.4551879828670913,-0.7516455411663312,-0.547734375,-0.5023
32.896,-0.45656594850644616,-0.7535052488781133,-0.5502539062499999,-0.5062399999999998
32.901,-0.4584032360255872,-0.7551416093401961,-0.5526953124999999,-0.5097799999999999
32.905,-0.4597812016649421,-0.7567688535880048,-0.5549999999999999,-0.5131699999999999
32.91,-0.46024052354472644,-0.7582456803003002,-0.557421875,-0.5164099999999998
32.915,-0.46207781106386747,-0.7597088326911887,-0.55974609375,-0.5196799999999999
32.919,-0.462996454823438,-0.7611264040107066,-0.5623242187499999,-0.52281
32.924,-0.464833742342579,-0.7626898347586,-0.5649023437499999,-0.5263599999999999
32.929,-0.464833742342579,-0.7642031263279918,-0.5676953125,-0.5299099999999999
32.934,-0.4671303517415044,-0.7657574408616128,-0.57017578125,-0.53348
32.939,-0.46896763926064544,-0.7672297094667737,-0.5726171875,-0.53687
32.943,-0.46988628302021596,-0.768583467286378,-0.57505859375,-0.53999
32.948,-0.47080492677978647,-0.7699144345703015,-0.57744140625,-0.5431199999999998
32.952,-0.47218289241914135,-0.7712134951042646,-0.57986328125,-0.5460799999999999
32.956,-0.47310153617871187,-0.7725079975310933,-0.58234375,-0.54918
32.96,-0.4749388236978529,-0.7737979418507859,-0.5851171875,-0.5521499999999999
32.965,-0.4763167893372078,-0.7752975590987656,-0.587890625,-0.5556699999999999
32.97,-0.47677611121699215,-0.7766968979897371,-0.59072265625,-0.5591899999999999
32.975,-0.4781540768563488,-0.7781007949878482,-0.5939453124999999,-0.5624399999999998
32.98,-0.4795320424957037,-0.7795912960215556,-0.5967578125,-0.5660999999999998
32.985,-0.4804506862552742,-0.7808903565555187,-0.599765625,-0.5691899999999999
32.989,-0.48228797377441524,-0.7822805792322178,-0.6026171875,-0.5727199999999999
32.994,-0.4827472956541996,-0.7835386168019536,-0.6057031249999999,-0.57582
32.999,-0.4841252612935545,-0.7848376773359167,-0.60880859375,-0.57907
33.003,-0.485043905053125,-0.7861868770483866,-0.61205078125,-0.58246
33.008,-0.48642187069248166,-0.787467705153805,-0.6155859375,-0.58585
33.013,-0.48779983633183654,-0.7889126251161453,-0.6192187499999999,-0.5894999999999999
33.018,-0.48871848009140706,-0.7902162437572446,-0.6225195312499999,-0.5929
33.023,-0.49009644573076194,-0.7914469326841598,-0.6261328125,-0.5961299999999998
33.028,-0.4905557676105481,-0.7927505513252608,-0.6297265624999999,-0.5994999999999999
33.032,-0.4914744113701186,-0.7939949145735845,-0.6338671874999999,-0.6028899999999999
33.037,-0.49239305512968734,-0.7952711845718667,-0.6376953124999999,-0.6065699999999998
33.042,-0.4946896645286145,-0.7964881991773716,-0.641484375,-0.6097899999999998
33.047,-0.4951489864083989,-0.7976596327115075,-0.64552734375,-0.6130399999999998
33.051,-0.49652695204775377,-0.7988584148884659,-0.64947265625,-0.6162699999999999
33.056,-0.4974455958073243,-0.8000207322083277,-0.6537499999999999,-0.61934
33.06,-0.49882356144668094,-0.8011967238495998,-0.658203125,-0.6225799999999999
33.065,-0.5006608489658202,-0.8024502033121976,-0.6626953124999999,-0.6259699999999999
33.07,-0.5011201708456063,-0.8036170787391992,-0.66755859375,-0.6293499999999999
33.074,-0.5020388146051769,-0.8048295352375661,-0.6723242187499999,-0.6327399999999999
33.079,-0.5029574583647474,-0.805964503914609,-0.6771093749999999,-0.6358499999999998
33.083,-0.5043354240041023,-0.8070675658416953,-0.68205078125,-0.6389699999999998
33.088,-0.5052540677636728,-0.8081569534473712,-0.6872070312499999,-0.6420699999999999
33.092,-0.5057133896434571,-0.8092600153744574,-0.6925781249999999,-0.6452
33.097,-0.5061727115232433,-0.8103038219087662,-0.69798828125,-0.6483099999999999
33.101,-0.5080099990423843,-0.8113521865502111,-0.7035546874999999,-0.65143
33.105,-0.5084693209221687,-0.8124187836202026,-0.70923828125,-0.6545599999999998
33.11,-0.5098472865615236,-0.8134808225830579,-0.71470703125,-0.65784
33.114,-0.5103066084413097,-0.8145200710102305,-0.7202148437499999,-0.6609499999999999
33.118,-0.5116845740806646,-0.8155410870088549,-0.7256640625,-0.66394
33.123,-0.5130625397200195,-0.816598567864574,-0.7311718749999999,-0.6670699999999998
33.127,-0.51398118347959,-0.817692513577386,-0.73671875,-0.6703399999999999
33.132,-0.5144405053593761,-0.8187955755044722,-0.7421289062499999,-0.6736099999999998
33.137,-0.515818470998731,-0.819880405003012,-0.747421875,-0.67703
33.141,-0.5167371147583015,-0.8209652345015517,-0.7524218749999999,-0.68028
33.146,-0.5171964366380859,-0.8219953667144484,-0.7573828125,-0.6834
33.151,-0.517655758517872,-0.8230300570344848,-0.7625,-0.6868099999999999
33.155,-0.5199523679167974,-0.8241103284258866,-0.7678515625,-0.6902199999999998
33.16,-0.5204116897965818,-0.8252772038528864,-0.7725,-0.69377
33.165,-0.5222489773157228,-0.8263438009228796,-0.77712890625,-0.69719
33.17,-0.5222489773157228,-0.8274058398857331,-0.78234375,-0.70045
33.175,-0.5236269429550795,-0.8285909477412812,-0.7867578125,-0.7042899999999999
33.18,-0.5250049085944344,-0.8296484285970003,-0.79111328125,-0.70756
33.185,-0.5259235523540049,-0.8307150256669917,-0.7951367187499999,-0.71098
33.189,-0.5263828742337893,-0.8317041349156593,-0.7992578125,-0.7141099999999998
33.194,-0.5277608398731459,-0.8327114765928751,-0.80443359375,-0.71739
33.2,-0.5286794836327147,-0.8340424438767968,-0.808984375,-0.7217699999999998
33.205,-0.5295981273922852,-0.8352412260537534,-0.81419921875,-0.7255999999999998
33.211,-0.5309760930316418,-0.8365357284805821,-0.8178515625,-0.7300099999999998
33.216,-0.5314354149114262,-0.8374564661221999,-0.8214843749999999,-0.7331299999999998
33.22,-0.5323540586709967,-0.8383954361923625,-0.8249804687500001,-0.73627
33.225,-0.5332727024305672,-0.8393070576197061,-0.8283593749999999,-0.7394099999999999
33.229,-0.5337320243103516,-0.840191330404231,-0.8316796875,-0.74254
33.233,-0.5351099899497083,-0.8410756031887541,-0.83505859375,-0.7455299999999998
33.238,-0.5355693118294926,-0.8419872246160978,-0.8386718750000001,-0.7486599999999999
33.242,-0.5374065993486337,-0.8429808919719015,-0.84234375,-0.7520799999999999
33.247,-0.5387845649879885,-0.8440520471490309,-0.84564453125,-0.7556399999999999
33.252,-0.5392438868677747,-0.8450092496477417,-0.84923828125,-0.7587999999999999
33.257,-0.5397032087475591,-0.8460211494320937,-0.8526953125,-0.7623799999999998
33.261,-0.5410811743869139,-0.8470011424664889,-0.85583984375,-0.76566
33.266,-0.5419998181464845,-0.8479264382152412,-0.858984375,-0.7688199999999998
33.27,-0.5433777837858411,-0.8488562920711331,-0.8621289062499999,-0.7721099999999999
33.275,-0.5433777837858411,-0.8498043783555715,-0.86548828125,-0.7752699999999999
33.279,-0.5452150713049804,-0.8507798132828288,-0.86857421875,-0.77871
33.284,-0.5452150713049804,-0.8516914347101725,-0.8720507812499999,-0.7818799999999999
33.289,-0.5456743931847665,-0.8527078926016607,-0.8757031249999999,-0.78545
33.294,-0.5479710025836919,-0.8537608153502436,-0.8788671875,-0.78931
33.299,-0.5479710025836919,-0.854690669206132,-0.8823828125000001,-0.79247
33.304,-0.5498082901028329,-0.8557618243832614,-0.88591796875,-0.7963199999999999
33.309,-0.5502676119826173,-0.8568147471318426,-0.8890625,-0.7999099999999999
33.314,-0.5507269338624035,-0.8576944618092295,-0.89216796875,-0.80321
33.318,-0.5525642213815445,-0.8585969670223008,-0.89541015625,-0.8063499999999999
33.323,-0.5534828651411132,-0.8596043086995167,-0.8990625,-0.8099299999999998
33.328,-0.5539421870208994,-0.8606572314480978,-0.9028710937500001,-0.8136599999999998
33.334,-0.5553201526602543,-0.8618195487679596,-0.9062109375,-0.8178099999999999
33.339,-0.5557794745400404,-0.8627676350523981,-0.90990234375,-0.82127
33.344,-0.5566981182996091,-0.8637977672652966,-0.91326171875,-0.82514
33.349,-0.5580760839389658,-0.8647367373354609,-0.9164648437499999,-0.8285899999999999
33.354,-0.5585354058187502,-0.8656848236198993,-0.9198046875,-0.8320399999999999
33.358,-0.5599133714581068,-0.8665827707258309,-0.92291015625,-0.8353499999999998
33.363,-0.5603726933378912,-0.8674761597246281,-0.9260546875,-0.8386499999999999
33.367,-0.5617506589772461,-0.8683422000806047,-0.9290429687499999,-0.84181
33.372,-0.5626693027368166,-0.8692082404365831,-0.9321484374999999,-0.8449599999999999
33.376,-0.5622099808570322,-0.8700423740426011,-0.93513671875,-0.8481099999999999
33.38,-0.5640472683761732,-0.8708537171129382,-0.9381640625,-0.8511199999999999
33.385,-0.564965912135742,-0.8717197574689131,-0.9417187499999999,-0.8542699999999999
33.39,-0.5654252340155281,-0.8726906342890359,-0.94498046875,-0.8579599999999998
33.394,-0.5663438777750986,-0.8735338841093281,-0.9483984375,-0.8611
33.399,-0.5672625215346692,-0.8744455055366718,-0.9518359375,-0.86453
33.404,-0.5677218434144535,-0.8753571269640155,-0.9551171875,-0.8679299999999999
33.408,-0.568640487174024,-0.8761730281414888,-0.9583398437499999,-0.8710399999999998
33.413,-0.5700184528133789,-0.8770117198546448,-0.96166015625,-0.8741299999999999
33.417,-0.5704777746931651,-0.8778504115678007,-0.965234375,-0.87723
33.422,-0.5704777746931651,-0.8787210100309135,-0.9686328125,-0.8805999999999998
33.426,-0.57185574033252,-0.8795369112083868,-0.9721484374999999,-0.88384
33.431,-0.5732337059718748,-0.880380161028679,-0.9756640624999999,-0.8869399999999998
33.435,-0.573693027851661,-0.8812279689561091,-0.97998046875,-0.89018
33.441,-0.5746116716112315,-0.8822444268475973,-0.9841992187499999,-0.8939699999999999
33.446,-0.575530315370802,-0.8831970712391719,-0.98814453125,-0.8976199999999999
33.451,-0.5769082810101569,-0.8840995764522415,-0.991953125,-0.9009799999999999
33.456,-0.5769082810101569,-0.8849428262725354,-0.99607421875,-0.9042199999999998
33.461,-0.5787455685292979,-0.8858544476998791,-1.00087890625,-0.90774
33.466,-0.5796642122888684,-0.8868982542341861,-1.00486328125,-0.91154
33.471,-0.5796642122888684,-0.8877278297330697,-1.00908203125,-0.9147699999999999
33.475,-0.5810421779282233,-0.8885984281961825,-1.01373046875,-0.91814
33.48,-0.5819608216877938,-0.8895191658378003,-1.0182617187500003,-0.92164
33.485,-0.5824201435675782,-0.8903988805151872,-1.0227539062500002,-0.9250099999999999
33.49,-0.5833387873271487,-0.8912421303354812,-1.02712890625,-0.9283899999999998
33.495,-0.5842574310867192,-0.8920899382629095,-1.03177734375,-0.9316099999999998
33.499,-0.5856353967260741,-0.8929924434759808,-1.0361914062500002,-0.9351099999999999
33.504,-0.5865540404856446,-0.893885832474778,-1.0403906250000001,-0.9384599999999998
33.509,-0.5870133623654308,-0.8947336404022082,-1.0445507812500001,-0.9416599999999999
33.513,-0.5870133623654308,-0.895558657793952,-1.04837890625,-0.9448699999999999
33.518,-0.5893099717643562,-0.8963517684357427,-1.0520312500000002,-0.94794
33.522,-0.5893099717643562,-0.8971494371846678,-1.056171875,-0.9510099999999999
33.527,-0.5897692936441405,-0.8980382680763288,-1.0597656250000003,-0.9544999999999999
33.532,-0.5911472592834972,-0.8988313787181159,-1.063359375,-0.95756
33.536,-0.5916065811632816,-0.8996199312527686,-1.0667187500000002,-0.9606199999999998
33.54,-0.5925252249228521,-0.9003902513588748,-1.0701953125,-0.9635399999999998
33.545,-0.5929845468026382,-0.9012015944292102,-1.0737109375,-0.9667399999999999
33.55,-0.593903190562207,-0.9020448442495024,-1.0769921875000001,-0.9700899999999999
33.554,-0.5943625124419931,-0.9028197224627448,-1.08009765625,-0.97315
33.558,-0.5961997999611341,-0.9035946006759872,-1.08357421875,-0.97621
33.564,-0.5961997999611341,-0.9045244545318791,-1.0866210937500003,-0.9798199999999999
33.568,-0.5971184437207029,-0.9052902165308474,-1.08951171875,-0.9828599999999998
33.572,-0.5980370874802734,-0.9060559785298175,-1.0923437500000002,-0.9859
33.577,-0.5994150531196301,-0.9068445310644684,-1.09517578125,-0.9889399999999999
33.581,-0.5994150531196301,-0.907623967384847,-1.0978906250000002,-0.99186
33.585,-0.5998743749994144,-0.9083806131695429,-1.1006250000000002,-0.99491
33.59,-0.6007930187589849,-0.9091281427399647,-1.10322265625,-0.99796
33.594,-0.6017116625185555,-0.9098847885246588,-1.10583984375,-1.00101
33.599,-0.6030896281579103,-0.9106778991664495,-1.1084960937500001,-1.0040399999999998
33.603,-0.6030896281579103,-0.9114618935939642,-1.1110937500000002,-1.0070899999999998
33.607,-0.6040082719174809,-0.9122185393786602,-1.1136328125000001,-1.0101499999999999
33.612,-0.6049269156770514,-0.9129934175919008,-1.116171875,-1.01323
33.616,-0.6053862375568357,-0.9137455052694605,-1.11859375,-1.0162999999999998
33.62,-0.6058455594366219,-0.9144748024113358,-1.1210546875,-1.01924
33.625,-0.6063048813164063,-0.9151995414460732,-1.12345703125,-1.02232
33.629,-0.6081421688355473,-0.9159379548022226,-1.12587890625,-1.0252499999999998
33.633,-0.6086014907153334,-0.9166991586940547,-1.1282617187500001,-1.02833
33.638,-0.6090608125951178,-0.9174466882644765,-1.1306640625000002,-1.0312799999999998
33.642,-0.6099794563546883,-0.9182033340491706,-1.1330664062500002,-1.03439
33.646,-0.6104387782344727,-0.9189508636195924,-1.1354296875,-1.03749
33.651,-0.6113574219940432,-0.9196892769757419,-1.1378515625,-1.0406
33.655,-0.6122760657536137,-0.9204550389747119,-1.1401757812500002,-1.04371
33.659,-0.6127353876333999,-0.9211980104379958,-1.1426562500000002,-1.0468199999999999
33.664,-0.6145726751525391,-0.9220002372940588,-1.14494140625,-1.04992
33.668,-0.6145726751525391,-0.9227751155073012,-1.14751953125,-1.0530399999999998
33.673,-0.6150319970323253,-0.9235955747919107,-1.1500000000000001,-1.05646
33.678,-0.6168692845514663,-0.9244160340765202,-1.1523828125000002,-1.0598699999999999
33.682,-0.6173286064312506,-0.9252000285040349,-1.1547265625,-1.06286
33.687,-0.617787928311035,-0.9259749067172756,-1.1570703125000001,-1.06612
33.691,-0.6182472501908212,-0.9267178781805612,-1.1595117187500001,-1.0691
33.696,-0.619625215830176,-0.927520105036626,-1.1619140625000002,-1.0723799999999999
33.7,-0.6205438595897466,-0.9283086575712769,-1.1642578125,-1.07566
33.704,-0.6200845377099622,-0.9290653033559728,-1.16705078125,-1.07879
33.71,-0.6214625033493171,-0.9299404599262218,-1.1695507812500001,-1.0825099999999999
33.714,-0.622840468988672,-0.930747244889421,-1.1720703125000003,-1.0859299999999998
33.719,-0.6237591127482425,-0.9315540298526201,-1.1744921875,-1.08906
33.723,-0.6242184346280286,-0.9323471404944108,-1.1769921875,-1.09235
33.728,-0.6255964002673835,-0.9331721578861565,-1.1795507812500001,-1.09565
33.733,-0.626515044026954,-0.9340564306706796,-1.18212890625,-1.09925
33.738,-0.6269743659067384,-0.9348996804909717,-1.1844140625000001,-1.1027
33.742,-0.6278930096663089,-0.9356608843828038,-1.1868164062500002,-1.1057299999999999
33.747,-0.6288116534258794,-0.9364448788103203,-1.1892578125000002,-1.1088999999999998
33.751,-0.6288116534258794,-0.9372288732378369,-1.19208984375,-1.11221
33.756,-0.6297302971854499,-0.9381359365580426,-1.1947265625,-1.1160999999999999
33.761,-0.6306489409450204,-0.9388971404498747,-1.19728515625,-1.11929
33.765,-0.631567584704591,-0.9396811348773912,-1.200078125,-1.1226099999999999
33.77,-0.6320269065843753,-0.9405243846976834,-1.2028515625,-1.12622
33.775,-0.6324862284641615,-0.9413266115537446,-1.205703125,-1.1296499999999998
33.78,-0.6347828378630869,-0.9421698613740386,-1.2082421875,-1.1330799999999999
33.784,-0.6347828378630869,-0.9429356233730086,-1.2107812500000001,-1.1362299999999999
33.789,-0.6352421597428712,-0.9436785948362925,-1.213359375,-1.13938
33.793,-0.6361608035024418,-0.944412450085304,-1.2160156250000003,-1.14238
33.797,-0.6370794472620123,-0.9451508634414534,-1.21865234375,-1.1455199999999999
33.802,-0.6384574129013671,-0.9459166254404217,-1.2213671875,-1.14853
33.806,-0.6384574129013671,-0.9466687131179796,-1.22408203125,-1.1516699999999997
33.81,-0.6389167347811533,-0.9473980102598549,-1.2268750000000002,-1.1546599999999998
33.815,-0.6398353785407238,-0.9481273074017302,-1.229765625,-1.1578
33.819,-0.6412133441800787,-0.9488885112935623,-1.2327343750000002,-1.16095
33.823,-0.6421319879396492,-0.9496770638282133,-1.2356835937500001,-1.1641
33.828,-0.6425913098194336,-0.9504519420414557,-1.23873046875,-1.16726
33.832,-0.6435099535790041,-0.9512313783618342,-1.241875,-1.17042
33.837,-0.6439692754587902,-0.9520062565750766,-1.24517578125,-1.1735799999999998
33.841,-0.6448879192183608,-0.9528084834311414,-1.24869140625,-1.17701
33.846,-0.6453472410981451,-0.9536061521800665,-1.2522851562500001,-1.18032
33.851,-0.6462658848577156,-0.9544083790361277,-1.2559179687500002,-1.18378
33.855,-0.6476438504970705,-0.9552197221064631,-1.2595507812500002,-1.18709
33.86,-0.6481031723768567,-0.9560310651768003,-1.2630859375,-1.19055
33.864,-0.648562494256641,-0.9567694785329497,-1.2667773437499998,-1.1934299999999998
33.869,-0.6494811380162115,-0.9575261243176438,-1.2706640625000003,-1.19673
33.873,-0.6503997817757821,-0.9583101187451604,-1.27455078125,-1.19989
33.878,-0.6513184255353526,-0.9590622064227183,-1.27849609375,-1.2030699999999999
33.882,-0.6522370692949231,-0.9598325265288246,-1.28267578125,-1.2063899999999999
33.886,-0.6531557130544936,-0.9606165209563393,-1.2868359375,-1.2094299999999998
33.891,-0.653615034934278,-0.9613777248481714,-1.2911914062499998,-1.21247
33.895,-0.6545336786938485,-0.9621434868471415,-1.29568359375,-1.2157799999999999
33.899,-0.6549930005736329,-0.9629001326318356,-1.30056640625,-1.2187999999999999
33.904,-0.6563709662129895,-0.9637205919164451,-1.30556640625,-1.2222499999999998
33.908,-0.65728960997256,-0.9645273768796443,-1.3107421875,-1.2254299999999998
33.913,-0.6577489318523444,-0.9653387199499797,-1.3159960937500002,-1.22874
33.917,-0.6586675756119149,-0.9661227143774962,-1.32154296875,-1.23191
33.922,-0.6586675756119149,-0.9668975925907386,-1.3273828125000002,-1.23508
33.926,-0.6605048631310559,-0.9676907032325275,-1.3337695312500002,-1.2383899999999999
33.931,-0.6609641850108403,-0.9685613016956403,-1.339921875,-1.24182
33.936,-0.6614235068906265,-0.9693361799088827,-1.346015625,-1.24513
33.94,-0.6618828287704108,-0.9700928256935768,-1.35201171875,-1.24829
33.944,-0.6637201162895519,-0.9708494714782727,-1.35794921875,-1.2512999999999999
33.949,-0.6641794381693362,-0.9716425821200634,-1.36376953125,-1.25446
33.953,-0.6646387600491224,-0.9724174603333058,-1.369609375,-1.2576299999999998
33.958,-0.6650980819289067,-0.9731649899037276,-1.3752734375000002,-1.26079
33.962,-0.6664760475682616,-0.9739261937955579,-1.38078125,-1.2639399999999998
33.966,-0.6673946913278321,-0.9746965139016641,-1.38615234375,-1.2669599999999999
33.971,-0.6678540132076183,-0.9754713921149047,-1.3913671875,-1.27013
33.975,-0.6683133350874026,-0.9762189216853283,-1.3964453125,-1.27327
33.979,-0.6701506226065437,-0.9769937998985689,-1.4013867187500002,-1.2764199999999999
33.984,-0.670609944486328,-0.9777914686474958,-1.40625,-1.27944
33.988,-0.6710692663661142,-0.978561788753602,-1.41111328125,-1.2825799999999998
33.992,-0.6719879101256847,-0.9793685737168012,-1.41578125,-1.28586
33.997,-0.6729065538852552,-0.980152568144316,-1.4204687500000002,-1.2890199999999998
34.001,-0.6733658757650396,-0.9809684693217893,-1.4250000000000003,-1.29232
34.006,-0.6747438414043945,-0.981788928606397,-1.4295703125,-1.2955899999999998
34.011,-0.6752031632841806,-0.9826093878910065,-1.43431640625,-1.2987099999999998
34.016,-0.6761218070437511,-0.9835027768898055,-1.43892578125,-1.3024
34.021,-0.6770404508033216,-0.9843870496743286,-1.44337890625,-1.30593
34.026,-0.6784184164426765,-0.9852941129945361,-1.4474414062499998,-1.30946
34.03,-0.6788777383224609,-0.9861100141720076,-1.45166015625,-1.31256
34.035,-0.6797963820820314,-0.9870034031708048,-1.4555859375,-1.3160699999999999
34.04,-0.6811743477213881,-0.9878420948839608,-1.4596875000000002,
34.045,-0.6811743477213881,-0.988735483882758,-1.4637109375000001,
34.05,-0.6820929914809568,-0.9896288728815552,-1.467734375,
34.055,-0.6830116352405273,-0.9905131456660765,-1.47134765625,
34.06,-0.6839302790000978,-0.9914065346648755,-1.475703125,
34.065,-0.6848489227596684,-0.9923819695921328,-1.47919921875,
34.07,-0.6853082446394545,-0.9931522896982372,-1.4824218750000002,
34.074,-0.6862268883990232,-0.9939089354829331,-1.4857031250000001,
34.079,-0.6871455321585938,-0.9946929299104497,-1.48884765625,
34.083,-0.6885234977979504,-0.9954860405522368,-1.4922265625,
34.088,-0.6880641759181643,-0.9963338484796669,-1.4953515625,
34.092,-0.6894421415575209,-0.9970677037286801,-1.4988671875000001,
34.098,-0.6912794290766602,-0.9980021156917065,-1.5020703125000001,
34.102,-0.6917387509564463,-0.9988544817262746,-1.5049804687500001,
34.107,-0.6917387509564463,-0.9996111275109687,-1.5081445312500001,
34.111,-0.6926573947160168,-1.0004315867955782,-1.51115234375,
34.116,-0.6940353603553717,-1.001220139330231,-1.51412109375,
34.12,-0.6949540041149422,-1.0020041337577457,-1.51703125,
34.125,-0.6954133259947266,-1.0028109187209466,-1.5201562500000003,
34.129,-0.6958726478745128,-1.0036085874698717,-1.5229882812500002,
34.134,-0.6972506135138676,-1.0043743494688382,-1.5265234375,
34.139,-0.6981692572734381,-1.0053406681818249,-1.5298632812500002,
34.144,-0.699547222912793,-1.0062750801448512,-1.5331640625,
34.149,-0.7000065447925792,-1.007186701572195,-1.5366601562500002,
34.155,-0.7013845104319341,-1.0081530202851798,-1.5398046875000002,
34.16,-0.7018438323117202,-1.0090327349625667,-1.54287109375,
34.165,-0.7032217979510751,-1.009917007747088,-1.54609375,
34.169,-0.7041404417106456,-1.0108195129601611,-1.54931640625,
34.175,-0.70459976359043,-1.0117402506017772,-1.5524218749999998,
34.179,-0.7059777292297866,-1.012615407172028,-1.55544921875,
34.184,-0.7068963729893554,-1.0134768894208666,-1.55841796875,
34.189,-0.7073556948691415,-1.0143338135625708,-1.5614843750000003,
34.194,-0.7073556948691415,-1.0151725052757268,-1.5647265625000002,
34.199,-0.7101116261478531,-1.0160704523816584,-1.5676953125000002,
34.203,-0.7105709480276374,-1.0169592832733194,-1.57109375,
34.208,-0.7119489136669923,-1.0179301600934405,-1.5744140625,
34.214,-0.7110302699074218,-1.0188691301636066,-1.57748046875,
34.218,-0.713326879306349,-1.0196850313410781,-1.5805078125,
34.223,-0.7137862011861333,-1.0205328392685065,-1.5833593750000001,
34.227,-0.7142455230659195,-1.0213213918031592,-1.5866992187500002,
34.232,-0.7156234887052744,-1.022242129444777,-1.5898828125,
34.237,-0.7165421324648449,-1.0231172860150277,-1.5931054687500001,
34.242,-0.7179200981041998,-1.0240015587995508,-1.59609375,
34.246,-0.7192980637435546,-1.024849366726981,-1.59904296875,
34.25,-0.7197573856233408,-1.025692616547273,-1.60203125,
34.255,-0.7202167075031252,-1.0265176339390187,-1.6054296875000003,
34.26,-0.7220539950222662,-1.0274566040091848,-1.60888671875,
34.265,-0.7220539950222662,-1.0284001321864853,-1.61203125,
34.269,-0.7229726387818367,-1.029220591471093,-1.615234375,
34.273,-0.7238912825414072,-1.0300456088628405,-1.61853515625,
34.278,-0.7252692481807621,-1.0309162073259532,-1.6218359375,
34.282,-0.7261878919403326,-1.0317776895747937,-1.62537109375,
34.287,-0.7271065356999031,-1.03271210153782,-1.6287695312500001,
34.292,-0.7280251794594736,-1.0335827000009328,-1.6321875000000001,
34.296,-0.728484501339258,-1.034435066035499,-1.635703125,
34.3,-0.7298624669786147,-1.0353102226057498,-1.63953125,
34.305,-0.730321788858399,-1.0362810994258709,-1.64333984375,
34.31,-0.7316997544977539,-1.0371881627460784,-1.6477343750000002,
34.315,-0.7326183982573244,-1.038213736851839,-1.65173828125,
34.32,-0.7339963638966811,-1.039152706922005,-1.65591796875,
34.325,-0.7349150076562498,-1.040150932384945,-1.6601171875,
34.33,-0.7358336514158204,-1.0411354835264763,-1.6653125,
34.336,-0.737211617055177,-1.0423160332748864,-1.6691992187500002,
34.341,-0.7381302608147475,-1.0432413290236404,-1.6731835937500001,
34.345,-0.7390489045743163,-1.0441802990938047,-1.67716796875,
34.35,-0.7399675483338868,-1.0451283853782414,-1.6819531250000002,
34.356,-0.7418048358530278,-1.0463180513409256,-1.6855273437500002,
34.36,-0.742264157732814,-1.0472387889825416,-1.6890039062500002,
34.365,-0.7436421233721688,-1.048145852302751,-1.6923828125000002,
34.369,-0.7441014452519532,-1.0490574737300946,-1.695703125,
34.374,-0.7454794108913099,-1.0499554208360262,-1.6989062499999998,
34.378,-0.7459387327710942,-1.0508624841562337,-1.7022656250000001,
34.383,-0.7473166984104491,-1.0518515934049013,-1.7053320312500002,
34.388,-0.7477760202902353,-1.0527951215822036,-1.70818359375,
34.392,-0.7486946640498058,-1.053693068688137,-1.7111328125,
34.397,-0.7496133078093763,-1.0546821779368045,-1.7136914062500002,
34.402,-0.7509912734487312,-1.0555846831498759,-1.7159960937499998,
34.406,-0.7514505953285155,-1.0564643978272628,-1.71818359375,
34.41,-0.7519099172083017,-1.0573258800761014,-1.7204492187500002,
34.415,-0.7523692390880861,-1.0582648501462657,-1.7225195312500001,
34.42,-0.7532878828476566,-1.0591400067165146,-1.7244921875,
34.424,-0.7537472047274427,-1.060006047072493,-1.72630859375,
34.429,-0.7537472047274427,-1.060840180678511,-1.7280078125,
34.433,-0.7542065266072271,-1.0615922683560708,-1.72990234375,
34.439,-0.7551251703667976,-1.0624947735691403,-1.7316015625,
34.443,-0.755584492246582,-1.0632924423180672,-1.73306640625,
34.448,-0.7560438141263681,-1.0640080651385304,-1.73455078125,
34.452,-0.7569624578859386,-1.0647419203875437,-1.7359960937499999,
34.457,-0.757421779765723,-1.065462101315143,-1.7375585937500002,
34.462,-0.7583404235252935,-1.066268886278344,-1.739140625,
34.467,-0.759259067284864,-1.0670847874558156,-1.7406640625,
34.472,-0.7601777110444345,-1.067896130526151,-1.7422460937500002,
34.477,-0.7606370329242189,-1.0687257060250346,-1.7437109375000002,
34.482,-0.7615556766837894,-1.0695233747739596,-1.74513671875,
34.487,-0.7615556766837894,-1.070298252987202,-1.74669921875,
34.492,-0.7620149985635756,-1.0710868055218548,-1.7483398437500002,
34.497,-0.7633929642029305,-1.0718616837350972,-1.7496875,
34.502,-0.7633929642029305,-1.0725818646627001,-1.75123046875,
34.507,-0.764311607962501,-1.0733567428759407,-1.752578125,
34.511,-0.766148895481642,-1.0740678075892696,-1.75384765625,
34.516,-0.7656895736018559,-1.0747515236597778,-1.7551953125000002,
34.521,-0.766148895481642,-1.0754397978374204,-1.75646484375,
34.525,-0.7670675392412107,-1.0760824909436995,-1.7578125,
34.53,-0.7684455048805674,-1.0768026718713006,-1.75919921875,
34.534,-0.7684455048805674,-1.0775000622632174,-1.7605078125000002,
34.539,-0.7689048267603518,-1.0781427553694947,-1.7618554687500003,
34.543,-0.7693641486401379,-1.0787808903686358,-1.76322265625,
34.548,-0.7707421142794928,-1.0794509321177355,-1.76455078125,
34.552,-0.7721200799188477,-1.0801209738668316,-1.7658984375000002,
34.556,-0.7725794017986338,-1.080809248044476,-1.7673046875000002,
34.561,-0.7734980455582043,-1.0815020803292583,-1.76875,
34.565,-0.7748760111975592,-1.0822131450425854,-1.77025390625,
34.569,-0.7753353330773436,-1.0829834651486916,-1.7717578125,
34.574,-0.7762539768369141,-1.083712762290567,-1.773359375,
34.579,-0.7776319424762708,-1.084519547253766,-1.7750195312500001,
34.583,-0.7776319424762708,-1.0853035416812808,-1.77658203125,
34.588,-0.77946922999541,-1.086069303680251,-1.7781250000000002,
34.592,-0.7799285518751962,-1.0868305075720812,-1.7796484375,
34.596,-0.7817658393943372,-1.0876099438924598,-1.78123046875,
34.601,-0.7817658393943372,-1.0883939383199763,-1.78279296875,
34.605,-0.7831438050336921,-1.089173374640355,-1.784375,
34.609,-0.7840624487932626,-1.0899619271750076,-1.786015625,
34.614,-0.7849810925528331,-1.0907823864596171,-1.7876953125000001,
34.618,-0.786359058192188,-1.0916484268155937,-1.7894140625,
34.623,-0.788196345711329,-1.0925281414929806,-1.7910546875,
34.627,-0.7886556675911134,-1.0933941818489572,-1.7926953125,
34.631,-0.7895743113506839,-1.0942556640977976,-1.7944140625,
34.635,-0.7914115988698249,-1.0951444949894569,-1.79611328125,
34.64,-0.7927895645091798,-1.0960697907382109,-1.7978320312500002,
34.644,-0.7937082082687503,-1.096999644594101,-1.79958984375,
34.648,-0.7941675301485365,-1.0979386146642653,-1.8013281250000002,
34.653,-0.795086173908107,-1.098850236091609,-1.8030859375000001,
34.657,-0.7978421051868168,-1.0998028804831836,-1.80484375,
34.661,-0.7987607489463873,-1.1008102221603995,-1.806640625,
34.666,-0.8001387145857422,-1.10183579626616,-1.8084375000000001,
34.67,-0.8024353239846693,-1.1028887190147412,-1.8102734375000002,
34.674,-0.8033539677442381,-1.1039872228346912,-1.8121093750000001,
34.679,-0.8038132896240242,-1.1050583780118206,-1.81392578125,
34.683,-0.8051912552633791,-1.1061067426532656,-1.8157226562500002,
34.687,-0.8065692209027358,-1.1071778978303932,-1.8175976562500002,
34.692,-0.8088658303016611,-1.108299192186026,-1.8194140625,
34.696,-0.8097844740612317,-1.1094341608630707,-1.82123046875,
34.7,-0.8116217615803709,-1.110582803861524,-1.8233398437500001,
34.705,-0.8134590490995119,-1.1119456778954007,-1.8252734375000002,
34.71,-0.8148370147388686,-1.1131581343937693,-1.8273046875000003,
34.714,-0.8162149803782235,-1.1145027759991013,-1.8293945312500002,
34.719,-0.8185115897771489,-1.1158063946402024,-1.8315234375,
34.724,-0.8198895554165038,-1.1171966173169015,-1.8335546875,
34.728,-0.8212675210558604,-1.1185047940651405,-1.8355468750000001,
34.733,-0.8231048085750015,-1.1197992964919692,-1.8376562500000002,
34.737,-0.8244827742143563,-1.1211621705258477,-1.83982421875,
34.742,-0.8272387054930679,-1.1226207648095983,-1.84185546875,
34.746,-0.8272387054930679,-1.123947173986382,-1.8439257812500003,
34.751,-0.8299946367717776,-1.1253009318059881,-1.84607421875,
34.755,-0.832291246170703,-1.126773200411149,-1.84841796875,
34.76,-0.8336692118100597,-1.1283183987304959,-1.8508203125,
34.765,-0.8359658212089851,-1.129918294335484,-1.853125,
34.77,-0.8378031087281261,-1.1314407021191482,-1.85544921875,
34.774,-0.8387217524876966,-1.1330314815098639,-1.857890625,
34.779,-0.8414776837664064,-1.1345584474006642,-1.860234375,
34.784,-0.8433149712855474,-1.1361401105771058,-1.863125,
34.789,-0.8456115806844728,-1.1380089345031585,-1.8658203125000001,
34.794,-0.8479081900833982,-1.1398139449293012,-1.8685546875,
34.799,-0.8502047994823254,-1.1416052810340318,-1.87115234375,
34.804,-0.8520420870014647,-1.1432689901389335,-1.87373046875,
34.808,-0.8543386964003918,-1.144973722208066,-1.8766992187500002,
34.814,-0.8570946276791016,-1.1470157542053165,-1.87955078125,
34.819,-0.8593912370780288,-1.1488709038099607,-1.8821484375000002,
34.823,-0.861228524597168,-1.1505893102005036,-1.88494140625,
34.828,-0.8635251339960952,-1.1524034368409186,-1.8877929687500001,
34.832,-0.866281065274805,-1.1542677026598351,-1.8909570312500001,
34.837,-0.8676590309141616,-1.156273269799991,-1.8942578125000002,
34.843,-0.8713336059524419,-1.158465719332753,-1.89736328125,
34.848,-0.8736302153513673,-1.1604804026871847,-1.9004687500000002,
34.852,-0.8759268247502945,-1.162344668506103,-1.9041406250000001,
34.858,-0.8796013997885748,-1.164696651788649,-1.9075195312500002,
34.863,-0.8814386873077158,-1.1668116135000854,-1.9112890625,
34.868,-0.8846539404662117,-1.1691180157112644,-1.91505859375,
34.873,-0.8864912279853527,-1.1713286976725747,-1.9190234375000002,
34.878,-0.8892471592640625,-1.1735895188123866,-1.9228125000000003,
34.883,-0.8929217343023446,-1.1757682940237384,-1.92671875,
34.888,-0.89521834370127,-1.1780519056992347,-1.9311328125,
34.893,-0.8975149531001954,-1.180408447088917,-1.9361328125,
34.899,-0.9021081718980479,-1.1832663802636407,-1.9412695312500001,
34.904,-0.9048641031767577,-1.1858964080815273,-1.9460937500000002,
34.909,-0.9076200344554692,-1.188362344042492,-1.9511328125,
34.914,-0.9112946094937513,-1.1908647448605514,-1.9562109375,
34.919,-0.9140505407724611,-1.1934719821427535,-1.9611328125,
34.924,-0.9163471501713882,-1.1957464776039775,-1.96689453125,
34.929,-0.920940368969239,-1.1984858999931447,-1.972578125,
34.934,-0.9241556221277349,-1.2010794629539383,-1.9784960937500002,
34.939,-0.9264522315266603,-1.2037869785931488,-1.984609375,
34.944,-0.9305861284447268,-1.2065127266609057,-1.99013671875,
34.948,-0.9328827378436522,-1.2089604301933239,-1.99533203125,
34.953,-0.9360979910021499,-1.211326087797282,-2.00083984375,
34.957,-0.9388539222808596,-1.2139105345437997,-2.00640625,
34.962,-0.9425284973191417,-1.2165542366830966,-2.011484375,
34.966,-0.9466623942372081,-1.2190931023582507,-2.016953125,
34.971,-0.9489590036361335,-1.2219692679615193,-2.0226953125000002,
34.976,-0.9530929005541999,-1.2249730605646167,-2.02828125,
34.981,-0.9558488318329115,-1.2279586207391677,-2.03333984375,
34.986,-0.9599827287509779,-1.2308439025567104,-2.038125,
34.991,-0.9631979819094738,-1.2335833249458776,-2.042734375,
34.995,-0.9664132350679697,-1.2363592121921396,-2.0471093750000002,
35.0,-0.9687098444668951,-1.2390804021527622,-2.05201171875,
35.005,-0.9728437413849615,-1.2421890312200041,-2.05625,
35.009,-0.9765183164232436,-1.2449831508948126,-2.0606835937500003,
35.014,-0.9801928914615239,-1.248023408355003,-2.0649609375,
35.018,-0.9834081446200198,-1.2510317590652384,-2.0694726562500003,
35.024,-0.9875420415380862,-1.2543637353821797,-2.0739257812500003,
35.028,-0.9916759384561527,-1.2576227819849333,-2.0778125,
35.033,-0.9953505134944347,-1.2606675975522617,-2.08193359375,
35.038,-0.999025088532715,-1.2640497130477062,-2.08625,
35.043,-1.0031589854507814,-1.2675093163644764,-2.0900781250000002,
35.048,-1.0063742386092773,-1.270777479181504,-2.0938281250000004,
35.052,-1.0105081355273438,-1.273972712284344,-2.0979101562499998,
35.058,-1.0146420324454102,-1.2776100817794447,-2.101484375,
35.062,-1.0183166074836922,-1.2808463378465156,-2.1052148437500002,
35.067,-1.0224505044017587,-1.2843424060203787,-2.1085351562500003,
35.072,-1.0252064356804702,-1.2875786620874496,-2.1118359375,
35.076,-1.029799654478321,-1.2906918492618278,-2.1151171875,
35.08,-1.033474229516603,-1.29398280261454,-2.11837890625,
35.085,-1.0371488045548833,-1.2973102208243432,-2.12162109375,
35.09,-1.0399047358335949,-1.3006558714626948,-2.1252148437500002,
35.095,-1.0435793108718752,-1.3043524963505746,-2.128515625,
35.099,-1.0477132077899416,-1.3078166577744792,-2.13185546875,
35.104,-1.0523064265877942,-1.3114950502338125,-2.13505859375,
35.109,-1.0559810016260744,-1.3149136305863518,-2.1384765624999997,
35.114,-1.060574220423927,-1.3187287662597846,-2.1414453125,
35.118,-1.0633301517026368,-1.3221291141837774,-2.1445703125000004,
35.123,-1.0679233705004894,-1.3256981120718283,-2.147890625,
35.128,-1.0711386236589853,-1.329472224781032,-2.150703125,
35.133,-1.0761911643366222,-1.3328133173122456,-2.15390625,
35.137,-1.0794064174951181,-1.3365874300214475,-2.1569335937500003,
35.142,-1.0830809925333984,-1.3402111251951396,-2.1602148437500004,
35.147,-1.087674211331251,-1.3441766784040858,-2.16359375,
35.152,-1.0913487863695313,-1.3481467897201682,-2.1666015625000004,
35.157,-1.0954826832875977,-1.351743136251038,-2.16994140625,
35.162,-1.1005352239652346,-1.3557725029598977,-2.1727734375,
35.166,-1.1037504771237305,-1.3592412224909403,-2.17587890625,
35.171,-1.107884374041797,-1.3630837068071955,-2.17916015625,
35.177,-1.1120182709598634,-1.3671951194445153,-2.1821484375,
35.181,-1.114774202238575,-1.3708780700109848,-2.18544921875,
35.186,-1.1193674210364257,-1.3749712502197582,-2.1886328125000003,
35.191,-1.1230419960747078,-1.378836525071696,-2.1919140625,
35.197,-1.1276352148725586,-1.38295705392329,-2.1953515625,
35.202,-1.1313097899108406,-1.3870775827748822,-2.19876953125,
35.207,-1.135443686828907,-1.3913120643048948,-2.20208984375,
35.213,-1.1400369056267579,-1.395482732334992,-2.2051953125000003,
35.217,-1.1432521587852538,-1.399174799115734,-2.2086132812500003,
35.223,-1.1469267338235358,-1.4034092806457465,-2.2121875,
35.228,-1.1515199526213866,-1.4075753905687076,-2.21525390625,
35.233,-1.1551945276596687,-1.4113905262421405,-2.2188085937500004,
35.239,-1.1597877464575195,-1.415661472629246,-2.2223242187500003,
35.244,-1.1634623214958015,-1.419740978516609,-2.22548828125,
35.249,-1.166218252774513,-1.4233692317974374,-2.22916015625,
35.254,-1.1698928278127934,-1.4274624120062107,-2.23255859375,
35.259,-1.1740267247308598,-1.431300338215328,-2.23669921875,
35.265,-1.1781606216489262,-1.435963281816191,-2.2404687500000002,
35.271,-1.1822945185669926,-1.4399926485250507,-2.2442968750000003,
35.276,-1.186428415485059,-1.4440675963052776,-2.2481054687500004,
35.282,-1.1905623124031255,-1.448379565656614,-2.2522265625,
35.287,-1.1942368874414075,-1.4523861418297894,-2.2559960937500003,
35.292,-1.198370784359474,-1.4562240680389067,-2.25982421875,
35.297,-1.2020453593977543,-1.4599936226409724,-2.263359375,
35.302,-1.2048012906764658,-1.4634076448863755,-2.2668164062500002,
35.306,-1.2075572219551756,-1.4667487374175892,-2.2705078125,
35.311,-1.210313153233887,-1.4701673177701284,-2.2741210937500003,
35.316,-1.2139877282721692,-1.47343092248002,-2.27767578125,
35.32,-1.216743659550879,-1.4765896907257652,-2.28142578125,
35.325,-1.219040268949806,-1.4799262251498426,-2.28525390625,
35.329,-1.222255522108302,-1.4831260163598206,-2.288984375,
35.333,-1.2259300971465823,-1.4862392035341987,-2.2928125,
35.338,-1.2286860284252938,-1.4893842974585354,-2.296796875,
35.342,-1.2314419597040054,-1.4925020427400497,-2.30115234375,
35.347,-1.2341978909827152,-1.4959753203782302,-2.30552734375,
35.352,-1.237413144141211,-1.4992799480523509,-2.30953125,
35.356,-1.2397097535401382,-1.5023384379410896,-2.3135546875000004,
35.361,-1.2429250066986341,-1.5053650210798715,-2.31744140625,
35.365,-1.245680937977344,-1.508368813682969,-2.32171875,
35.37,-1.2488961911358398,-1.5117144643213205,-2.32603515625,
35.375,-1.251192800534767,-1.515101137923903,-2.32966796875,
35.379,-1.2548673755730473,-1.5180639075627695,-2.33337890625,
35.384,-1.2571639849719727,-1.5210494677373205,-2.33740234375,
35.389,-1.2599199162506842,-1.5244087926970824,-2.34091796875,
35.393,-1.2626758475293958,-1.5272667258718045,-2.344296875,
35.398,-1.2654317788081055,-1.5301201009393903,-2.34759765625,
35.402,-1.2686470319666014,-1.5330236151854812,-2.3513085937500002,
35.407,-1.2709436413655286,-1.5363874982523775,-2.3548828125,
35.412,-1.273240250764454,-1.5395234759624419,-2.3580664062500003,
35.416,-1.2759961820431656,-1.5423312699586589,-2.3617578125,
35.422,-1.2792114352016615,-1.545708827346969,-2.36513671875,
35.427,-1.2815080446005869,-1.5488539212713057,-2.36833984375,
35.432,-1.2842639758792966,-1.5518212490173084,-2.3716015625,
35.437,-1.2874792290377943,-1.5551896901913427,-2.3750390625,
35.442,-1.290235160316504,-1.558275528722902,-2.37828125,
35.447,-1.2920724478356451,-1.5614251807543749,-2.3812109375,
35.452,-1.2948283791143567,-1.5642284166434575,-2.3839843750000003,
35.457,-1.2975843103930664,-1.5670362106396762,-2.387109375,
35.462,-1.3007995635515623,-1.5702633504924712,-2.389921875,
35.467,-1.302177529190919,-1.5730210053101885,-2.392734375,
35.472,-1.3049334604696288,-1.5759017290205932,-2.39548828125,
35.476,-1.3063114261089854,-1.5785955703383951,-2.39826171875,
35.481,-1.3095266792674813,-1.5813942481203398,-2.4009765625000004,
35.486,-1.3113639667866224,-1.5841199961880967,-2.4035546875000002,
35.491,-1.3136605761855478,-1.5868183956130366,-2.4062890625,
35.496,-1.3159571855844732,-1.5895395855736556,-2.40865234375,
35.501,-1.3182537949833986,-1.5918778945347931,-2.4112500000000003,
35.505,-1.320550404382324,-1.594485131816997,-2.41373046875,
35.51,-1.322387691901465,-1.597087810992063,-2.4162109375000003,
35.515,-1.324224979420606,-1.5995081658816588,-2.41849609375,
35.52,-1.3265215888195314,-1.6019148464498478,-2.4211328125000002,
35.525,-1.327899554458888,-1.6044309215893175,-2.4235156250000003,
35.529,-1.3301961638578135,-1.6067829048718636,-2.42603515625,
35.534,-1.3324927732567389,-1.6092989800113333,-2.4284570312500002,
35.539,-1.3357080264152348,-1.611714776793793,-2.43091796875,
35.544,-1.3366266701748053,-1.6141488060048008,-2.43326171875,
35.549,-1.3389232795737307,-1.6164005109303385,-2.43546875,
35.553,-1.3398419233333012,-1.6185564956060077,-2.43791015625,
35.558,-1.3421385327322266,-1.6208309910672298,-2.44029296875,
35.563,-1.3439758202513676,-1.6231282770641364,-2.4425390625000003,
35.567,-1.3458131077705087,-1.6252341225613005,-2.44482421875,
35.572,-1.3471910734098635,-1.6273490842727387,-2.44734375,
35.577,-1.349487682808789,-1.6296372540553712,-2.4497460937500004,
35.582,-1.3517842922077161,-1.6318661684452263,-2.45208984375,
35.586,-1.353162257847071,-1.6339902463709368,-2.4543164062500002,
35.591,-1.3545402234864259,-1.6360049297253685,-2.4568359375,
35.596,-1.356377511005567,-1.6382064954724012,-2.4591601562500003,
