time_s,magnetic_raw,magnetic_raw_mm,posic_encoder_mm,magnetic_raw_filtered,posic_encoder_filtered,keyence_mm,posic_lut_calibrated
0.0,-17219.0,-0.0,0,0.0,0.0,-0.0,-0.0
0.006,-17219.0,-0.0,0,0.0,0.0,1.0000000000065512e-05,-0.0
0.011,-17219.0,-0.0,1,0.0,0.0591173974417489,1.0000000000065512e-05,1.5000235087097081e-06
0.016,-17218.0,-0.0004619020697753,1,-2.730644823807821e-05,0.1703624589646754,1.999999999990898e-05,4.322715554256409e-06
0.022,-17219.0,-0.0,2,-5.13843241697304e-05,0.3275718808983854,1.999999999990898e-05,8.311690693488322e-06
0.027,-17219.0,-0.0,2,-4.530890914129516e-05,0.5253110765177589,2.999999999997449e-05,1.3329053684047486e-05
0.032,-17219.0,-0.0,2,-3.995181956257908e-05,0.6996706189026478,2.999999999997449e-05,1.775318979056183e-05
0.036,-17218.0,-0.0004619020697753,2,-6.253457260945324e-05,0.8534147965576789,2.999999999997449e-05,2.165423907198578e-05
0.041,-17219.0,-0.0,3,-8.244725848192554e-05,1.0480984603448844,2.999999999997449e-05,2.659407210049986e-05
0.045,-17219.0,-0.0,4,-7.269912378660834e-05,1.3379985359605395,4.000000000004e-05,3.3949892001548264e-05
0.05,-17218.0,-0.0004619020697753,4,-9.14100060355669e-05,1.652739733040816,4.000000000004e-05,4.193602155410597e-05
0.054,-17219.0,-0.0,4,-0.0001079086109597,1.93026756924292,4.000000000004e-05,4.8977912717103985e-05
0.059,-17218.0,-0.0004619020697753,4,-0.0001224565067148,2.174981958657206,4.000000000004e-05,5.518720732285298e-05
0.063,-17219.0,-0.0,4,-0.0001352843349993,2.390762592434054,4.000000000004e-05,6.066234725452005e-05
0.068,-17219.0,-0.0,5,-0.0001192890193997,2.640147844678214,5.000000000010552e-05,6.699015864811772e-05
0.072,-17218.0,-0.0004619020697753,5,-0.0001324913548972,2.919164480218065,5.000000000010552e-05,7.406982606824163e-05
0.076,-17220.0,0.0004619020697753,5,-0.0001168262667271,3.1651916410857788,5.000000000010552e-05,8.03124304631038e-05
0.081,-17218.0,-0.0004619020697753,5,-0.0001030133370436,3.3821298310525285,5.999999999994898e-05,8.58169418078006e-05
0.085,-17219.0,-0.0,6,-0.000118140024506,3.632535776067912,5.000000000010552e-05,9.217065189143303e-05
0.089,-17219.0,-0.0,6,-0.000104171762941,3.912452422978541,5.999999999994898e-05,9.927315587528765e-05
0.094,-17218.0,-0.0004619020697753,6,-0.0001191614841551,4.159273182557216,5.999999999994898e-05,0.00010553589675745201
0.098,-17218.0,-0.0004619020697753,6,-0.0001596853469942,4.3769111402541165,7.00000000000145e-05,0.00011105816375600515
0.102,-17219.0,-0.0,6,-0.0001681114309845,4.568816718663861,7.00000000000145e-05,0.00011592750664869244
0.107,-17220.0,0.0004619020697753,6,-0.0001209283621864,4.73803238037333,8.000000000008001e-05,0.00012022112378324544
0.112,-17220.0,0.0004619020697753,7,-5.20175256115674e-05,4.946358260471254,8.999999999992347e-05,0.00012550710948529604
0.117,-17219.0,-0.0,7,-1.856079590245841e-05,5.189170170308625,8.999999999992347e-05,0.00013166813126081725
0.123,-17219.0,-0.0,7,-1.636626400605677e-05,5.403273263791103,8.999999999992347e-05,0.00013710070589043698
0.129,-17219.0,-0.0,7,-1.4431202138291472e-05,5.592061921931759,8.999999999992347e-05,0.0001418909611730343
0.135,-17220.0,0.0004619020697753,8,1.4581516324529931e-05,5.817646589242571,9.9999999999989e-05,0.0001476148651135638
0.14,-17218.0,-0.0004619020697753,9,1.2857473732808758e-05,6.134794094568527,0.00011,0.00015566205146317147
0.145,-17218.0,-0.0004619020697753,9,-4.327562351286628e-05,6.473561127096204,0.00011,0.00016425780389405366
0.15,-17219.0,-0.0,9,-6.546538728144527e-05,6.77227410901968,0.00011,0.00017183723929940116
0.155,-17219.0,-0.0,9,-5.772510064425483e-05,7.035668822796396,0.00011,0.0001785205217142647
0.159,-17218.0,-0.0004619020697753,10,-7.82064334480303e-05,7.327038514058072,0.00011,0.00018591363111236802
0.165,-17219.0,-0.0,10,-9.626616006881072e-05,7.643075567079905,0.0001199999999998,0.0001939326412459451
0.171,-17219.0,-0.0,10,-8.488415037885291e-05,7.921746043962116,0.00011,0.00020100352536120994
0.175,-17218.0,-0.0004619020697753,11,-0.000102154338508,8.226585371611822,0.0001199999999998,0.0002087384084521712
0.18,-17219.0,-0.0,24,-0.0001173825894861,9.323025648068926,0.0001299999999999,0.00023655908834936074
0.184,-17232.0,0.00600472690708,109,0.0002514799439996,16.083333482628515,0.0002299999999999,0.0004080926997189381
0.188,-17241.0,0.0101618455350585,244,0.0011774719527362,35.05016514420441,0.00086,0.0008893502416487438
0.193,-17249.0,0.0138570620932617,407,0.0024581891063035,69.39144179232522,0.0018599999999999,0.0018267365784614019
0.197,-17257.0,0.0175522786514648,583,0.0040243841017241,119.7131823726709,0.00316,0.0031522432590699954
0.202,-17266.0,0.0217093972794433,771,0.005869609973161,185.6038749461154,0.00479,0.004781435807710783
0.206,-17273.0,0.024942711767871,963,0.0079335691139841,266.1686060262717,0.0067099999999999,0.006708950871438763
0.21,-17281.0,0.0286379283260742,1155,0.0101630931927152,359.9088632699531,0.0089300000000001,0.0089324127907257
0.215,-17288.0,0.0318712428145019,1347,0.0125386066728809,465.2668410437331,0.0114499999999999,0.011445481414785401
0.219,-17296.0,0.035566459372705,1539,0.0150428485275474,580.8689205437217,0.0141199999999999,0.014138515417744909
0.223,-17306.0,0.0401854800704589,1734,0.0177425179284741,705.6812446958801,0.01722,0.017225463042218385
0.228,-17312.0,0.0429568924891113,1926,0.0205598956433382,838.6148421129323,0.0205900000000001,0.020598262594013417
0.232,-17319.0,0.046190206977539,2114,0.0233991451090711,978.2956739341184,0.02424,0.02423645291698649
0.237,-17325.0,0.0489616193961914,2295,0.026257680323695,1123.2756909117754,0.0279499999999999,0.027933770469674886
0.241,-17333.0,0.0526568359543945,2472,0.0291605274888836,1272.2780536040193,0.0314,0.03139240802220267
0.245,-17340.0,0.0558901504428222,2645,0.0321297538384893,1424.3542416108012,0.0347999999999999,0.034789001576331025
0.25,-17348.0,0.0595853670010253,2819,0.0351575110432577,1578.963469634224,0.0380199999999999,0.03802314466227638
0.254,-17356.0,0.0632805835592285,2989,0.0382641851677727,1735.628892015163,0.04136,0.04135713901347948
0.258,-17362.0,0.0660519959778808,3158,0.0413858325897388,1893.811808048308,0.0446899999999998,0.044688395722020824
0.263,-17371.0,0.0702091146058593,3325,0.0445479893926413,2053.1554449906284,0.048,0.04799900769259977
0.267,-17376.0,0.0725186249547363,3488,0.0477185595098963,2213.16786085886,0.05129,0.05128889806399338
0.271,-17382.0,0.0752900373733886,3651,0.0508146288502927,2373.533513124108,0.05457,0.054567172442828896
0.276,-17390.0,0.0789852539315918,3806,0.0539269253426154,2533.7376977738923,0.0578,0.05779736945250463
0.28,-17398.0,0.0826804704897949,3964,0.0571081432693609,2693.503918911399,0.0608900000000001,0.06090174548717402
0.285,-17406.0,0.086375687047998,4117,0.0603501337188672,2852.765724267785,0.0642499999999999,0.06423222624502767
0.289,-17412.0,0.0891470994666503,4269,0.063591098367895,3011.228048954816,0.0673300000000001,0.06733700547078206
0.293,-17420.0,0.0928423160248535,4423,0.0668311585017534,3169.044536802889,0.0705500000000001,0.07055001055495819
0.298,-17426.0,0.0956137284435058,4576,0.070070421065608,3326.350665595629,0.07376,0.07376035138279506
0.302,-17431.0,0.0979232387923828,4725,0.0732270610152702,3482.911190544049,0.0769599999999999,0.0769603832976437
0.306,-17440.0,0.1020803574203613,4874,0.0763927665632962,3638.5777983759817,0.0801499999999999,0.08014475087615082
0.311,-17446.0,0.1048517698390136,5023,0.079593772288761,3793.456181198337,0.08318,0.0831907629320118
0.315,-17453.0,0.1080850843274414,5170,0.0827712915859495,3947.5212998385614,0.0863499999999999,0.08635034581389166
0.319,-17462.0,0.1122422029554199,5317,0.0860100207126059,4100.751075625531,0.0895300000000001,0.08953167418847521
0.324,-17470.0,0.115937419513623,5464,0.0893300289853362,4253.244275150158,0.0927199999999999,0.09271517164028345
0.328,-17476.0,0.1187088319322754,5612,0.0926397870362617,4405.147104753178,0.0957799999999999,0.09578761783221493
0.332,-17482.0,0.1214802443509277,5757,0.0958858939017791,4556.411131906294,0.0989599999999999,0.09896187834261162
0.337,-17487.0,0.1237897546998046,5902,0.0990485689185009,4706.934533093818,0.10216,0.10215914837648686
0.341,-17495.0,0.1274849712580078,6047,0.1021922895304325,4856.804876074874,0.1053299999999999,0.10532431896652808
0.345,-17503.0,0.1311801878162109,6190,0.1054012161524505,5005.981140257671,0.1083799999999999,0.10838870295248658
0.35,-17512.0,0.1353373064441894,6335,0.1086949456135654,5154.545389906552,0.1115699999999999,0.11157074362106362
0.354,-17517.0,0.1376468167930664,6482,0.1119815319227768,5302.806456024166,0.11477,0.11477087063480407
0.358,-17525.0,0.1413420333512695,6629,0.1152345132009466,5450.918420248031,0.1179799999999999,0.1179800767639726
0.363,-17531.0,0.1441134457699218,6776,0.1184851691802653,5598.898911609968,0.1211899999999999,0.12117934462629061
0.367,-17538.0,0.1473467602583496,6924,0.1217064683437274,5746.822592174284,0.1242499999999999,0.12425015178147522
0.372,-17544.0,0.1501181726770019,7074,0.1249018816884342,5894.873531146307,0.1274599999999999,0.12746872744018292
0.376,-17552.0,0.153813389235205,7219,0.1281017762670947,6042.859329961979,0.1307899999999999,0.13078321219697672
0.38,-17560.0,0.1575086057934082,7367,0.1313602351384077,6190.669455659442,0.1338399999999999,0.126413931253739
0.385,-17570.0,0.1621276264911621,7514,0.1347249468617201,6338.442913708678,0.1370500000000001,0.1303259039231387
0.389,-17577.0,0.1653609409795898,7663,0.1381560422046319,6486.243156898995,0.1402399999999999,0.12202753724287793
0.393,-17582.0,0.1676704513284668,7815,0.1415091400723058,6634.36260528194,0.1432999999999999,0.14022341670263308
0.398,-17587.0,0.1699799616773437,7966,0.1447388495837517,6782.88175249192,0.14649,0.13654910042220844
0.402,-17594.0,0.1732132761657714,8118,0.1479143724324355,6931.753340220107,0.1496999999999999,0.14147828230023687
0.406,-17603.0,0.17737039479375,8268,0.1511513411602665,7080.876580336679,0.15287,0.14985330642421324
0.411,-17610.0,0.1806037092821777,8421,0.1544424907263273,7230.280836170554,0.1560600000000001,0.14448720120176897
0.415,-17618.0,0.1842989258403808,8574,0.1577541086220852,7380.110234078365,0.1592299999999999,0.15641041290072874
0.419,-17625.0,0.1875322403288086,8734,0.1610837747787769,7530.728329256295,0.1622699999999999,0.15073371240569905
0.424,-17631.0,0.1903036527474609,8890,0.1643747423674966,7682.219222436714,0.1654599999999999,0.1624744761234474
0.428,-17638.0,0.1935369672358886,9049,0.1676315869054908,7834.420601129377,0.1686700000000001,0.15288683987303875
0.433,-17645.0,0.1967702817243164,9207,0.1708856493729009,7987.366696020363,0.17185,0.1685046972631045
0.437,-17652.0,0.2000035962127441,9366,0.1741372587072718,8140.969455742715,0.17489,0.15444066417437266
0.441,-17660.0,0.2036988127709472,9529,0.1774140114025232,8295.446826652,0.17809,0.17579786452578233
0.445,-17666.0,0.2064702251895996,9693,0.1806856281903008,8450.990986261135,0.1811100000000001,0.1530146030176285
0.45,-17674.0,0.2101654417478027,9862,0.1839527163135711,8607.83050741166,0.1842999999999999,0.1780330985000365
0.454,-17682.0,0.2138606583060058,10030,0.1872704241145296,8766.048702887196,0.1875,0.16994391165978245
0.458,-17687.0,0.2161701686548828,10201,0.1905508472412533,8925.600800206596,0.19056,0.1816260485632773
0.463,-17695.0,0.2198653852130859,10372,0.1937983940395528,9086.506437951284,0.1937500000000001,0.19125609411424155
0.467,-17701.0,0.2226367976317383,10550,0.1970442580836139,9249.0194023288,0.1968099999999999,0.18754981641807708
0.471,-17707.0,0.2254082100503906,10733,0.2002340254370626,9413.659060173704,0.1999699999999999,0.1906285465515176
0.476,-17715.0,0.2291034266085937,10913,0.2034289415770833,9580.29219711498,0.20313,0.19523019743337716
0.48,-17724.0,0.2332605452365722,11097,0.2067103170826661,9748.74223195801,0.20632,0.19984713533417847
0.484,-17731.0,0.236493859725,11286,0.2100406230002198,9919.326400729027,0.20936,0.20391796887406186
0.489,-17738.0,0.2397271742134277,11480,0.2133594611560453,10092.38354851522,0.2125399999999999,0.20758165268707748
0.493,-17741.0,0.2411128804227539,11674,0.2165589616456461,10267.91687013719,0.2157299999999999,0.21178697514789857
0.497,-17750.0,0.2452699990507324,11870,0.2197078472299862,10445.751830484249,0.2187699999999999,0.21699595620127524
0.502,-17758.0,0.2489652156089355,12067,0.2229486345931975,10625.793647966162,0.2219199999999999,0.2206987298167824
0.506,-17764.0,0.2517366280275879,12272,0.2261885384025917,10808.313451859236,0.2249399999999999,0.22477133305417474
0.51,-17772.0,0.255431844585791,12471,0.2294276631249729,10993.136492743302,0.2281200000000001,0.22226834450144145
0.515,-17780.0,0.2591270611439941,12670,0.2327207137720106,11179.635743480512,0.2313,0.21539459850853532
0.519,-17786.0,0.2618984735626465,12873,0.2360067015265879,11367.849487332463,0.2343299999999999,0.22405192111205263
0.523,-17792.0,0.2646698859812988,13067,0.23923184857187,11557.2794245702,0.23753,0.2240779722036444
0.528,-17799.0,0.2679032004697265,13256,0.2424306548448791,11746.954115254026,0.24069,0.2385167348317571
0.532,-17805.0,0.2706746128883789,13441,0.2456062347414219,11936.312564433474,0.2436899999999999,0.2381492975722097
0.536,-17812.0,0.2739079273768066,13629,0.2487613344273558,12125.333045460506,0.24685,0.24285197438922035
0.541,-17820.0,0.2776031439350098,13809,0.2519529882726575,12313.75993094309,0.2500199999999999,0.24797472354263
0.545,-17827.0,0.2808364584234375,13984,0.2551768743037921,12500.894878361923,0.25315,0.2490551548819104
0.549,-17834.0,0.2840697729118652,14158,0.2584018751066407,12686.53593536433,0.25617,0.253906357858081
0.554,-17840.0,0.2868411853305176,14330,0.2616005524281605,12870.682379584943,0.25932,0.2577528881293765
0.558,-17846.0,0.2896125977491699,14497,0.2647487121715288,13053.097104477363,0.26245,0.24154349221586327
0.562,-17853.0,0.2928459122375976,14659,0.2678796337204744,13233.393685546733,0.26559,0.2522210424714514
0.567,-17860.0,0.2960792267260254,14819,0.2710226616776172,13411.408739311411,0.26857,0.26398599182071064
0.571,-17867.0,0.2993125412144531,14977,0.2741763646442673,13587.175552094526,0.2717,0.26094199928049455
0.575,-17876.0,0.3034696598424316,15131,0.2773940933593412,13760.60523982273,0.27482,0.2738091732849376
0.58,-17883.0,0.3067029743308593,15284,0.2806682777516069,13931.678545010294,0.27797,0.27696867867509045
0.584,-17889.0,0.3094743867495117,15432,0.2839103234509374,14100.319369678931,0.2810999999999999,0.278894616134904
0.588,-17894.0,0.3117838970983886,15579,0.2870694174726235,14266.460613279209,0.28424,0.2844247059814196
0.593,-17902.0,0.3154791136565918,15722,0.2902099804877328,14430.10222627882,0.2873799999999999,0.28761980774686946
0.597,-17907.0,0.3177886240054687,15860,0.2933342035060269,14591.007695412152,0.29054,0.29072679864835915
0.602,-17913.0,0.3205600364241211,15997,0.2963894055872016,14749.145823703351,0.2935000000000001,0.2925857559071002
0.606,-17923.0,0.325179057121875,16132,0.2995202796487903,14904.666454936936,0.29664,0.2957633331658068
0.61,-17929.0,0.3279504695405273,16262,0.3027178786297102,15057.46524655853,0.2997799999999999,0.2988281210389876
0.615,-17937.0,0.3316456860987304,16396,0.3059197004263345,15207.804897318918,0.30277,0.29607813969994834
0.619,-17941.0,0.333493294377832,16527,0.3090706328584383,15356.03528063086,0.3059099999999999,0.3055932408346038
0.623,-17947.0,0.3362647067964844,16653,0.3121220799231213,15501.932846118942,0.3090600000000001,0.30507792590744365
0.628,-17954.0,0.3394980212849121,16781,0.3151677235971087,15645.596061827742,0.31217,0.31054946969343655
0.632,-17962.0,0.3431932378431152,16903,0.3182628629395851,15787.052636055349,0.3152699999999999,0.3134785064786412
0.636,-17968.0,0.3459646502617676,17027,0.3213743393921011,15926.3270010149,0.3183899999999999,0.315736642837089
0.641,-17975.0,0.3491979647501953,17148,0.3244729148915641,16063.618052374157,0.32148,0.3229960771063218
0.645,-17982.0,0.352431279238623,17266,0.3275874212277501,16198.805582425191,0.32457,0.32555938508955884
0.649,-17988.0,0.3552026916572754,17384,0.3306886683732088,16331.960948386088,0.3275300000000001,0.3282278170316106
0.654,-17995.0,0.3584360061457031,17501,0.3337782240256363,16463.26530536377,0.33064,0.3264071412003392
0.658,-18000.0,0.3607455164945801,17615,0.3368301640780747,16592.70103743593,0.3337099999999999,0.32882502190778895
0.662,-18008.0,0.3644407330527832,17728,0.3398762424515114,16720.252611495223,0.3366500000000001,0.3280522681264132
0.667,-18013.0,0.3667502434016602,17842,0.3429171522003607,16846.14280057782,0.33972,0.31997577709115965
0.671,-18021.0,0.3704454599598633,17955,0.3459535044358907,16970.568038195674,0.34264,0.3220172381180346
0.675,-18029.0,0.3741406765180664,18068,0.3490677573594679,17093.642415187285,0.3456999999999999,0.33291428240618526
0.68,-18035.0,0.3769120889367187,18180,0.3521960875027437,17215.46653288427,0.3487899999999999,0.33411297380421756
0.684,-18042.0,0.3801454034251464,18289,0.3553095240002965,17335.951745848117,0.3517300000000001,0.33215079809345016
0.688,-18046.0,0.381993011704248,18400,0.3583552149027972,17455.197241807873,0.3547899999999999,0.35469257527519876
0.693,-18054.0,0.3856882282624512,18512,0.3613684765450191,17573.526950641553,0.3578699999999999,0.33329754788425864
0.697,-18061.0,0.3889215427508789,18621,0.3644350625386137,17690.930915457287,0.36093,0.35325888397872507
0.702,-18067.0,0.3916929551695312,18732,0.3674940551933581,17807.45947401171,0.36399,0.3380320850924535
0.706,-18074.0,0.394926269657959,18841,0.3705463523061137,17923.216129784563,0.3670500000000001,0.36533901492932186
0.71,-18081.0,0.3981595841463867,18950,0.3736200519711523,18038.17391374801,0.3700000000000001,0.3606170773837137
0.715,-18087.0,0.400930996565039,19058,0.3766853172138566,18152.368162949148,0.37307,0.3583271361281608
0.719,-18094.0,0.4041643110534668,19167,0.3797431452764213,18265.88915376397,0.3761399999999999,0.3745362599039927
0.723,-18097.0,0.405550017262793,19277,0.3827124961476004,18378.93472355457,0.37921,0.37578192365744534
0.728,-18104.0,0.4087833317512207,19386,0.3856038309099693,18491.56108362824,0.3824099999999999,0.3780049857600849
0.732,-18113.0,0.4129404503791992,19492,0.3885902124715792,18603.581329570097,0.38531,0.3824258938964079
0.736,-18118.0,0.4152499607280762,19600,0.3916057900971414,18715.00800776276,0.3882300000000001,0.3753337404715251
0.741,-18126.0,0.4189451772862793,19710,0.394619805347785,18826.14776815705,0.39144,0.3902195802750477
0.745,-18132.0,0.4217165897049316,19817,0.3976597493988261,18936.9754170226,0.3945000000000001,0.3833575694739847
0.749,-18138.0,0.424488002123584,19926,0.400667943667392,19047.46873940452,0.3974299999999999,0.39223215526627925
0.754,-18144.0,0.4272594145422363,20038,0.4036481420825012,19157.96285131324,0.4005000000000001,0.39815808394827257
0.758,-18149.0,0.4295689248911133,20145,0.4065763482799067,19268.33942460434,0.4036999999999999,0.3870305299603614
0.763,-18156.0,0.432802239379541,20254,0.4094860159970423,19378.435004239844,0.4066000000000001,0.3998801478184521
0.767,-18164.0,0.4364974559377441,20359,0.4124612564720344,19488.1645786521,0.40968,0.3866389338246892
0.771,-18172.0,0.4401926724959473,20469,0.4155216231715461,19597.630539791044,0.41273,0.4094194301345816
0.776,-18176.0,0.4420402807750488,20579,0.4185478254209296,19707.159642905182,0.41578,0.4016268515300602
0.78,-18184.0,0.4457354973332519,20688,0.4215439026469382,19816.6853050186,0.4188400000000001,0.41696532597161085
0.784,-18190.0,0.4485069097519043,20800,0.4245680295720076,19926.326167772168,0.42191,0.4127544547729058
0.789,-18196.0,0.4512783221705566,20911,0.4275622768492468,20036.18684523673,0.42496,0.4008268909897793
0.793,-18202.0,0.454049734589209,21024,0.430530177292688,20146.300465062468,0.42788,0.42029453161064756
0.797,-18208.0,0.4568211470078613,21135,0.4334748460148213,20256.637120661177,0.43096,0.4032676674301431
0.802,-18215.0,0.4600544614962891,21249,0.4364263362616882,20367.229558841434,0.43401,0.4301201807516082
0.806,-18223.0,0.4637496780544922,21364,0.4394384543881874,20478.284006791942,0.43706,0.41303151155439566
0.811,-18230.0,0.4669829925429199,21481,0.4425040320694063,20589.923191074617,0.4401299999999999,0.4296252019721576
0.815,-18235.0,0.4692925028917968,21597,0.4455348291811438,20702.137092906592,0.44306,0.42787704662112663
0.819,-18241.0,0.4720639153104492,21717,0.4485076515486603,20815.03511286864,0.4461299999999999,0.42416995392295065
0.824,-18246.0,0.4743734256593261,21835,0.4514293538039474,20928.65459918885,0.4492199999999999,0.44904398918251714
0.828,-18253.0,0.4776067401477539,21953,0.4543332865712268,21042.792014645485,0.45231,0.4299174590904221
0.832,-18260.0,0.4808400546361816,22073,0.4572761637187446,21157.50435678821,0.45523,0.44544911442449414
0.837,-18266.0,0.483611467054834,22199,0.4602260742174533,21273.196588457748,0.4582999999999999,0.43795577997476504
0.841,-18275.0,0.4877685856828125,22324,0.4632367993769937,21390.048439604103,0.4613899999999999,0.43839020425705655
0.845,-18281.0,0.4905399981014648,22450,0.4663011487884164,21507.92280285629,0.4644600000000001,0.4435397558978693
0.85,-18287.0,0.4933114105201172,22575,0.4693308628545851,21626.698781705218,0.4675499999999999,0.4401550683797246
0.854,-18292.0,0.4956209208689942,22707,0.4723027302302036,21746.62447820038,0.47051,0.4408914868081081
0.858,-18299.0,0.4988542353574219,22836,0.4752508968551018,21867.80042530148,0.4735899999999999,0.4736528587691382
0.863,-18305.0,0.5016256477760742,22968,0.4782054714309178,21990.07879988456,0.4766399999999999,0.4739556793585538
0.867,-18312.0,0.504858962264502,23099,0.4811656963148892,22113.4474914573,0.47973,0.4705385562161327
0.871,-18319.0,0.5080922767529297,23236,0.4841582098922283,22238.07317360128,0.48265,0.4695273052467376
0.876,-18326.0,0.5113255912413575,23372,0.4871791945158977,22364.102813281348,0.4857100000000001,0.46475044358500894
0.88,-18332.0,0.5140970036600098,23512,0.4901979774693364,22491.547766058524,0.48879,0.47157786079644415
0.884,-18336.0,0.5159446119391113,23655,0.4931328997218582,22620.65451446117,0.49174,0.4928104714445738
0.889,-18343.0,0.5191779264275391,23799,0.496021182974473,22751.46304601413,0.4948099999999999,0.48899411791646696
0.893,-18349.0,0.5219493388461914,23948,0.4989229544762444,22884.12685512036,0.4978499999999999,0.4793117142027592
0.897,-18356.0,0.5251826533346191,24100,0.5018366194468002,23018.899522598407,0.50092,0.48638621127475223
0.902,-18363.0,0.5284159678230469,24253,0.5047880781125362,23155.76817760102,0.50397,0.5025540443534086
0.906,-18369.0,0.5311873802416992,24417,0.5077455554954168,23295.194410242453,0.50702,0.5016330827384288
0.911,-18374.0,0.5334968905905761,24580,0.5106537270771787,23437.4669998296,0.5100899999999999,0.5071173805972431
0.915,-18381.0,0.5367302050790039,24744,0.513545728967342,23582.249407932813,0.5131600000000001,0.5103548512425302
0.919,-18388.0,0.5399635195674316,24909,0.5164780858825522,23729.363121469545,0.51607,0.5101815192493053
0.924,-18393.0,0.5422730299163087,25080,0.5193914135582243,23878.94632080214,0.51912,0.5199571381352356
0.928,-18399.0,0.545044442334961,25257,0.5222606554643536,24031.41643555336,0.5221899999999999,0.5231138934144971
0.932,-18405.0,0.5478158547536133,25439,0.5251183305210977,24187.08242324269,0.5252300000000001,0.5246962805090012
0.937,-18413.0,0.5515110713118164,25626,0.5280204192289969,24346.15759446324,0.52826,0.5162345800272773
0.941,-18420.0,0.5547443858002441,25824,0.5309889767973552,24509.184743458547,0.5313300000000001,0.517558938722265
0.946,-18428.0,0.5584396023584473,26023,0.5340161442940901,24676.406017716323,0.5343899999999999,0.5282606133049751
0.95,-18432.0,0.5602872106375488,26230,0.5370130726416273,24847.857582273424,0.53731,0.527146184314228
0.954,-18438.0,0.5630586230562011,26440,0.5399287242630938,25023.68956099588,0.54037,0.5287026522342626
0.959,-18444.0,0.5658300354748536,26652,0.5428273217920013,25203.67962350053,0.5434300000000001,0.5339178484297176
0.963,-18450.0,0.5686014478935059,26872,0.5457108816154856,25387.927313578715,0.5464500000000001,0.5458525231343881
0.967,-18457.0,0.5718347623819336,27101,0.548608488161801,25576.934227264093,0.5495000000000001,0.5462930675751865
0.972,-18463.0,0.574606174800586,27339,0.5515184806195547,25771.20177188361,0.55243,0.5425443727014444
0.976,-18469.0,0.5773775872192383,27609,0.5544120880948102,25972.531771112936,0.5554699999999999,0.5565166836515668
0.981,-18476.0,0.580610901707666,27864,0.5573185543108506,26181.094192836405,0.5588,0.5441215650162714
0.985,-18482.0,0.5833823141263184,28134,0.5602363589170967,26396.033913063908,0.56186,0.5394992438141167
0.989,-18489.0,0.5866156286147461,28400,0.5631641613213081,26617.247204586776,0.5649200000000001,0.5520340258349701
0.994,-18495.0,0.5893870410333985,28676,0.5661007794358932,26844.347017374363,0.5678099999999999,0.5600553185123346
0.998,-18501.0,0.5921584534520508,28954,0.5690178644889062,27077.346768561656,0.5708899999999999,0.5469576852866161
1.002,-18507.0,0.5949298658707032,29226,0.5719177259678754,27315.31241055237,0.57395,0.5740207112409885
1.007,-18513.0,0.5977012782893555,29500,0.5748024002985449,27557.4203326762,0.57698,0.5726955395041339
1.011,-18521.0,0.6013964948475586,29772,0.5777282960267551,27803.180773291228,0.5799099999999999,0.5726802294399094
1.016,-18527.0,0.604167907266211,30053,0.580690539349023,28052.57569940495,0.5831200000000001,0.5790165056470151
1.02,-18533.0,0.6069393196848633,30317,0.5836302198185446,28304.70244919039,0.58619,0.586045244909176
1.024,-18538.0,0.6092488300337402,30575,0.586522698701348,28557.878325894897,0.5892599999999999,0.5894752446753599
1.029,-18546.0,0.6129440465919433,30836,0.5894281697638333,28811.801934020063,0.5925100000000001,0.592798864052906
1.033,-18553.0,0.6161773610803711,31082,0.592399709774777,29065.67545692544,0.59558,0.5959769510682646
1.038,-18558.0,0.6184868714292481,31329,0.5953475877408956,29318.67717286253,0.59863,0.5992019156557777
1.042,-18565.0,0.6217201859176757,31566,0.5982746013392055,29570.37810317244,0.60172,0.6024540503855957
1.047,-18572.0,0.6249535004061035,31797,0.6012378303604311,29819.986167617903,0.6047899999999999,0.6057027450260885
1.051,-18577.0,0.6272630107549805,32026,0.6041783799849962,30067.2758765856,0.6078399999999999,0.6082240305298835
1.055,-18582.0,0.6295725211038574,32249,0.6070443188102369,30312.048401180367,0.61094,0.6087465531407462
1.06,-18590.0,0.6332677376620606,32465,0.6099263877734217,30553.832834013483,0.61405,0.6101881035248111
1.064,-18596.0,0.6360391500807129,32677,0.6128499861792372,30792.33218012962,0.6169800000000001,0.6171641160287283
1.068,-18603.0,0.6392724645691407,32883,0.6157828973543145,31027.34367710852,0.6200300000000001,0.605528955564619
1.073,-18608.0,0.6415819749180176,33093,0.6186967137570519,31259.16147528262,0.6231,0.6086867498413372
1.077,-18615.0,0.6448152894064453,33292,0.6215936930539405,31487.749359192945,0.62615,0.6031313390851121
1.082,-18622.0,0.6480486038948731,33489,0.6245304388732128,31712.720690923208,0.6292200000000001,0.5998923930989594
1.086,-18629.0,0.6512819183833009,33684,0.6275022494282516,31934.26660318884,0.6323300000000001,0.609980219245551
1.09,-18634.0,0.6535914287321778,33874,0.6304503659507397,32152.378277975546,0.63531,0.6217346514642025
1.095,-18639.0,0.6559009390810547,34060,0.6333229770032794,32366.92970507024,0.63838,0.616016169413128
1.099,-18647.0,0.6595961556392578,34245,0.6362109293043371,32578.046242641325,0.64148,0.6214235390991222
1.103,-18653.0,0.6623675680579102,34427,0.639139715432779,32785.8975445573,0.64446,0.6291776284373634
1.108,-18660.0,0.6656008825463379,34607,0.6420772009611619,32990.57408829888,0.64751,0.639276309581224
1.112,-18666.0,0.6683722949649903,34787,0.6450223573177183,33192.33300595274,0.6506000000000001,0.6491774388844942
1.116,-18672.0,0.6711437073836426,34961,0.6479469710954143,33391.16455805627,0.6537200000000001,0.6405315118886072
1.121,-18677.0,0.6734532177325195,35135,0.6508261646936099,33587.06015669019,0.65669,0.6512708210889553
1.125,-18684.0,0.6766865322209473,35304,0.6536926148061498,33780.07134672357,0.6599299999999999,0.6461401084286938
1.129,-18689.0,0.6789960425698243,35471,0.6565478281564469,33970.125343833555,0.66289,0.6595194946466606
1.134,-18695.0,0.6817674549884766,35641,0.6593658268725417,34157.63090851633,0.66598,0.6510989766455204
1.138,-18703.0,0.6854626715466797,35803,0.6622329303637903,34342.59376716998,0.669,0.6526659142341555
1.142,-18710.0,0.6886959860351074,35964,0.6651706391854124,34524.78249954333,0.67208,0.670759479021675
1.147,-18716.0,0.6914673984537598,36125,0.6681159924341776,34704.465986490686,0.67517,0.6681012550041645
1.151,-18722.0,0.6942388108724121,36285,0.6710407798245726,34881.88131779367,0.67822,0.6670874640157094
1.156,-18728.0,0.6970102232910644,36443,0.6739474329566433,35057.119316177326,0.68127,0.6674917813484496
1.16,-18734.0,0.6997816357097169,36596,0.6768380959307031,35230.02359637069,0.68435,0.6731234251881
1.164,-18739.0,0.7020911460585938,36746,0.6796873528915665,35400.39714588576,0.6874,0.6752945763233427
1.169,-18745.0,0.7048625584772461,36901,0.6825000994707107,35568.65741994007,0.6902699999999999,0.6667523091539216
1.173,-18752.0,0.7080958729656739,37052,0.6853352653621055,35735.11339862171,0.6933400000000001,0.6679192671067695
1.177,-18759.0,0.7113291874541016,37201,0.6882175062712037,35899.62370803932,0.69641,0.66841703682296
1.182,-18765.0,0.7141005998727539,37354,0.6911139498447049,36062.53662879412,0.69929,0.6910261356773615
1.186,-18770.0,0.7164101102216309,37503,0.6939683039370204,36224.04102780701,0.7023299999999999,0.6831694629960982
1.19,-18775.0,0.7187196205705079,37651,0.6967582385410868,36384.00785437004,0.7054,0.700256935883562
1.195,-18781.0,0.7214910329891602,37801,0.6995186767301218,36542.678020443855,0.7082999999999999,0.7076610827188373
1.199,-18789.0,0.7251862495473633,37948,0.7023350253514209,36700.14571901801,0.7113100000000001,0.6877328168753161
1.203,-18795.0,0.7279576619660156,38098,0.7052006738464933,36856.55312359067,0.7143900000000001,0.7016290676400099
1.208,-18801.0,0.7307290743846679,38247,0.7080551803583996,37012.14383260049,0.7174400000000001,0.7167250704072635
1.212,-18806.0,0.7330385847335449,38394,0.710872555808996,37166.83705568753,0.72044,0.7096993334078472
1.216,-18813.0,0.7362718992219727,38543,0.7136844968299382,37320.738906915765,0.7233400000000001,0.6956576467919284
1.221,-18818.0,0.7385814095708496,38694,0.7164916459599018,37474.17942356436,0.72641,0.7047061052154644
1.225,-18824.0,0.7413528219895019,38840,0.7192672633188956,37627.03579924039,0.7294400000000001,0.7117607830414974
1.229,-18830.0,0.7441242344081543,38987,0.7220423835076306,37779.14063014216,0.7324600000000001,0.7252352185527343
1.234,-18836.0,0.7468956468268066,39135,0.7248170653089304,37930.701009806784,0.7354,0.711727689768162
1.238,-18844.0,0.7505908633850098,39284,0.7276459734519196,38081.899546109504,0.73845,0.7366755128360215
1.242,-18850.0,0.7533622758036621,39437,0.7305226964962114,38233.07460851319,0.74133,0.7168366440767715
1.247,-18857.0,0.7565955902920899,39586,0.7334142746085196,38384.22897244949,0.7444999999999999,0.7424047637618607
1.251,-18861.0,0.7584431985711915,39740,0.7362643385064483,38535.42420259487,0.74742,0.7247535176139704
1.256,-18867.0,0.7612146109898438,39891,0.7390504901663815,38686.77370193639,0.75044,0.722588381107036
1.26,-18873.0,0.7639860234084961,40042,0.7418348991351449,38838.08187829496,0.7534700000000001,0.7523120398563555
1.264,-18879.0,0.7667574358271485,40195,0.7446177714594718,38989.471852279865,0.75654,0.7346682528243375
1.269,-18886.0,0.7699907503155762,40350,0.74742659527244,39141.1704221553,0.7595799999999999,0.7600850614928705
1.273,-18893.0,0.773224064804004,40504,0.7502856086533511,39293.200218546895,0.7627200000000001,0.7464698136669948
1.278,-18899.0,0.7759954772226563,40659,0.7531615710006961,39445.52207895545,0.7656099999999999,0.7655544447241674
1.282,-18905.0,0.7787668896413086,40814,0.756025171908667,39598.16058864928,0.76864,0.7630258911547836
1.286,-18910.0,0.7810763999901855,40973,0.7588505664812747,39751.31477825483,0.77165,0.7694045223382293
1.291,-18916.0,0.7838478124088379,41130,0.761642272036744,39905.04191125842,0.77467,0.7709195475419258
1.295,-18920.0,0.7856954206879395,41288,0.764376965340868,40059.21512841746,0.77773,0.7764995412680018
1.299,-18928.0,0.7893906372461426,41449,0.7671160001219665,40214.01815665308,0.7806200000000001,0.7754343883758428
1.304,-18936.0,0.7930858538043457,41612,0.7699680888593523,40369.672117369046,0.78363,0.7809162852614864
1.308,-18942.0,0.795857266222998,41776,0.7728652517452169,40526.25375293041,0.78667,0.7862890971101871
1.312,-18947.0,0.7981667765718751,41945,0.7757202401021461,40684.00808427675,0.78969,0.7846325988559175
1.317,-18951.0,0.8000143848509765,42113,0.7784834275304418,40843.032927552245,0.7927200000000001,0.7933983626873018
1.321,-18958.0,0.8032476993394043,42285,0.781220280990547,41003.35541623188,0.79576,0.7959664333522373
1.325,-18964.0,0.8060191117580566,42456,0.7839885269702654,41164.99947566978,0.7986899999999999,0.799337946332876
1.33,-18971.0,0.8092524262464844,42629,0.7867844537814799,41327.86796761587,0.80173,0.8023103370723643
1.334,-18976.0,0.8115619365953614,42806,0.7895774821385181,41492.17082592835,0.8047599999999999,0.7940600285783208
1.338,-18982.0,0.8143333490140137,42987,0.7923406482912769,41658.211397773615,0.80782,0.8011631771473605
1.343,-18990.0,0.8180285655722168,43168,0.7951594023360684,41826.02069453833,0.8108500000000001,0.8114708113555601
1.347,-18995.0,0.8203380759210938,43355,0.7979998654016419,41995.7442957791,0.8137399999999999,0.8006490875299294
1.352,-19001.0,0.8231094883397461,43547,0.800804857829902,42167.80615547069,0.8169299999999999,0.8109914284171041
1.356,-19007.0,0.8258809007583985,43741,0.8036058799326139,42342.34363188689,0.8199799999999999,0.7999508539554261
1.36,-19012.0,0.8281904111072754,43936,0.8063760946921664,42519.241373184384,0.8230200000000001,0.7959194314980176
1.365,-19019.0,0.8314237255957031,44136,0.809146451056697,42698.5750183137,0.82606,0.7968130691438765
1.369,-19025.0,0.8341951380143555,44342,0.8119442387318082,42880.70685005679,0.8291200000000001,0.8265229742259005
1.374,-19033.0,0.8378903545725586,44542,0.8147935208303582,43065.30602539333,0.83213,0.8189889602849667
1.378,-19038.0,0.8401998649214356,44752,0.8176609024715158,43252.31728804941,0.83514,0.8255695619169467
1.382,-19043.0,0.8425093752703126,44966,0.8204623243148592,43442.28308893975,0.8381700000000001,0.8380799080928352
1.387,-19050.0,0.8457426897587402,45177,0.8232601980000297,43634.91321623968,0.8411900000000001,0.8374736162894865
1.391,-19056.0,0.8485141021773926,45388,0.8260822494910193,43829.71530167034,0.8442099999999999,0.8442416628815915
1.396,-19060.0,0.8503617104564941,45591,0.8288437007852018,44025.95960502811,0.8472299999999999,0.8479695652646297
1.4,-19067.0,0.8535950249449219,45793,0.8315790233826547,44222.94354939523,0.85025,0.8352257797127586
1.404,-19073.0,0.8563664373635742,45994,0.8343459195009525,44420.46144867379,0.85311,0.8365699767913082
1.409,-19078.0,0.8586759477124511,46187,0.8370860431548582,44617.91811423738,0.8561099999999999,0.8527557916956718
1.413,-19085.0,0.8619092622008789,46380,0.839829866229446,44814.84784686218,0.8591200000000001,0.8584089395458653
1.417,-19091.0,0.8646806746195312,46568,0.8426042577727083,45011.01736136894,0.86212,0.8405504450353002
1.422,-19098.0,0.867913989107959,46752,0.8454056035280214,45205.98448541393,0.86497,0.8596872203305682
1.426,-19103.0,0.870223499456836,46933,0.8482034101214144,45399.47756160468,0.86799,0.8449644432167296
1.43,-19109.0,0.8729949118754883,47110,0.8509707895567328,45591.25705190477,0.8709899999999999,0.8711926359847054
1.435,-19115.0,0.8757663242941407,47280,0.8537386458310082,45780.875270418655,0.8739699999999999,0.8748656786064182
1.439,-19121.0,0.878537736712793,47447,0.8565069225652846,45967.99658069824,0.87697,0.858293756317388
1.443,-19129.0,0.8822329532709962,47612,0.8593301829430362,46152.620617189255,0.87985,0.8803811838702347
1.448,-19134.0,0.8845424636198731,47776,0.8621746195362167,46334.86529235353,0.8828499999999999,0.8689735547740916
1.452,-19139.0,0.88685197396875,47939,0.8649558092346242,46514.8936946946,0.88571,0.8753595629442117
1.456,-19144.0,0.889161484317627,48099,0.8676812300218892,46692.73139518535,0.88872,0.8824211262975052
1.461,-19151.0,0.8923947988060547,48258,0.8704120886202575,46868.40094141994,0.89188,0.8889506776169929
1.465,-19156.0,0.8947043091549317,48406,0.873147742091249,47041.44927590283,0.89487,0.8927948842150721
1.47,-19162.0,0.897475721573584,48552,0.8758603170658443,47211.41779090108,0.8978900000000001,0.8944954863314354
1.474,-19170.0,0.9011709381317872,48696,0.8786344615700453,47378.43415864997,0.90079,0.8861980421198492
1.478,-19177.0,0.9044042526202148,48841,0.8814902023913861,47542.78830827655,0.9038,0.8932672852099506
1.483,-19182.0,0.9067137629690918,48983,0.884335972661332,47704.676771799546,0.90681,0.8982555348807915
1.487,-19187.0,0.9090232733179688,49123,0.8871183383495063,47864.09549212248,0.90985,0.9068955528759653
1.491,-19193.0,0.9117946857366211,49259,0.8898721025318671,48020.98177444136,0.91287,0.8907591924366532
1.496,-19199.0,0.9145660981552736,49393,0.892627953349826,48175.2803366595,0.91574,0.9045746241746698
1.5,-19206.0,0.9177994126437012,49525,0.895412950538689,48327.06066774248,0.91875,0.9072917090571213
1.504,-19212.0,0.9205708250623535,49654,0.8982236479832707,48476.32492324481,0.92178,0.9071966449608229
1.509,-19218.0,0.923342237481006,49785,0.9010297005708696,48623.31147344923,0.92478,0.9071484612890279
1.513,-19225.0,0.9265755519694336,49914,0.9038589639334365,48768.28962237445,0.92764,0.9173221140948172
1.518,-19231.0,0.929346964388086,50043,0.906708693749754,48911.37859813888,0.93067,0.9151998179482648
1.522,-19236.0,0.9316564747369628,50169,0.9095218572763846,49052.62441455136,0.93367,0.9215915606360329
1.526,-19242.0,0.9344278871556152,50294,0.9123027779210892,49192.00852759004,0.93667,0.9351168410372874
1.531,-19246.0,0.9362754954347168,50416,0.9150279614661604,49329.51458578169,0.93969,0.9319669816127736
1.535,-19254.0,0.93997071199292,50539,0.9177586108726176,49465.24640576104,0.94271,0.9299635374364761
1.539,-19262.0,0.9436659285511232,50660,0.9206033056784124,49599.35464682174,0.94556,0.9273987282584881
1.544,-19268.0,0.9464373409697754,50778,0.9234939488526712,49731.73568549703,0.94856,0.9254516760368624
1.548,-19273.0,0.9487468513186524,50904,0.9263431883547592,49862.88932419387,0.95158,0.9301483248506875
1.552,-19279.0,0.9515182637373047,51024,0.9291559195393624,49993.07891909184,0.95459,0.931989437337422
1.557,-19286.0,0.9547515782257324,51147,0.9319910718563869,50122.24110151942,0.95759,0.9346813571358187
1.561,-19292.0,0.9575229906443848,51263,0.9348459943478392,50250.26087778955,0.96075,0.9382604158299972
1.566,-19297.0,0.9598325009932618,51384,0.9376637365947256,50377.15508526504,0.96363,0.9485505861496758
1.57,-19303.0,0.962603913411914,51502,0.9404486945956352,50503.17504013634,0.96663,0.9475416349377056
1.574,-19311.0,0.9662991299701172,51621,0.9432866639338816,50628.305874685895,0.96977,0.9455774687175645
1.579,-19318.0,0.9695324444585448,51742,0.9461986832731056,50752.83006606491,0.97264,0.9467422925337383
1.583,-19324.0,0.9723038568771972,51864,0.9491213844301551,50876.996692796536,0.97591,0.9449019111870129
1.588,-19329.0,0.9746133672260744,51984,0.9519988915460138,51000.788914066085,0.97905,0.9641657596184827
1.592,-19336.0,0.977846681714502,52099,0.95486385457711,51123.837175844455,0.98206,0.961550513869107
1.597,-19340.0,0.9796942899936036,52214,0.9576904502224948,51245.9338530423,0.98493,0.9816149908488415
1.601,-19347.0,0.9829276044820312,52333,0.9604832148421476,51367.42792565706,0.98791,0.9694095927966451
1.605,-19354.0,0.986160918970459,52449,0.963328067785171,51488.44975991546,0.99092,0.9596896968360491
1.61,-19360.0,0.9889323313891112,52565,0.9661915439510974,51608.87783863039,0.99392,0.9639598546001692
1.614,-19368.0,0.9926275479473144,52683,0.9690987478752248,51728.900599161614,0.99691,0.982135714573726
1.618,-19372.0,0.994475156226416,52800,0.9719898965185552,51848.62508161889,0.99977,0.9996172941445982
1.623,-19379.0,0.9977084707148438,52917,0.9748395817256827,51968.02743545166,1.00277,0.9837071623514391
1.627,-19384.0,1.0000179810637206,53032,0.97768001236572,52087.02751267689,1.00578,0.9753591316968464
1.631,-19391.0,1.0032512955521484,53146,0.9805122826505086,52205.49552419444,1.00864,0.9777193699393283
1.636,-19397.0,1.0060227079708008,53264,0.9833646638662156,52323.67173087645,1.01166,1.0021499459674756
1.64,-19404.0,1.0092560224592286,53384,0.9862347782010488,52441.94533859244,1.01467,0.9886584265338493
1.644,-19410.0,1.0120274348778808,53510,0.989120528983306,52560.77777033066,1.01768,0.9864675970282057
1.649,-19416.0,1.0147988472965332,53637,0.991992760992595,52680.51677542956,1.02085,0.9938708548375894
1.654,-19424.0,1.0184940638547364,53761,0.9949076855147412,52800.93693057892,1.02403,1.0093999710799588
1.658,-19429.0,1.0208035742036132,53885,0.9978329483610052,52921.78034794991,1.02692,1.0165323852510306
1.662,-19434.0,1.0231130845524905,54007,1.000685407837042,53042.8787484257,1.02998,1.0243342880888342
1.667,-19442.0,1.0268083011106934,54130,1.003555591179111,53164.14286673374,1.0329000000000002,1.0244436824647194
1.671,-19448.0,1.0295797135293456,54253,1.0064687092577855,53285.61222665757,1.03595,1.0213162318194606
1.675,-19453.0,1.031889223878223,54379,1.0093377663485752,53407.439913689166,1.03902,1.0167383894594024
1.679,-19461.0,1.0355844404364258,54506,1.0122225848898214,53529.82003068622,1.04196,1.013688774778798
1.684,-19469.0,1.039279656994629,54638,1.0152032206743766,53653.04196558972,1.04503,1.034766249409831
1.688,-19473.0,1.0411272652737305,54772,1.0181591189771797,53777.42000801426,1.04798,1.0482449654176218
1.692,-19479.0,1.0438986776923829,54908,1.0210385917328348,53903.05393541399,1.05108,1.0500946280700214
1.697,-19485.0,1.0466700901110353,55046,1.0239052879967094,54030.03172807625,1.05418,1.051364954649637
1.701,-19491.0,1.0494415025296877,55183,1.0267607183946883,54158.253611764805,1.05741,1.053498567489216
1.706,-19498.0,1.0526748170181153,55321,1.029633521392353,54287.57249163235,1.06037,1.0569296968959216
1.71,-19506.0,1.0563700335763184,55462,1.03257625584042,54418.09513415044,1.06349,1.0633141708341538
1.714,-19513.0,1.0596033480647462,55607,1.035580653408194,54550.0930344711,1.06658,1.0665827064600597
1.719,-19519.0,1.0623747604833984,55753,1.0385848104728888,54683.68735277784,1.06954,1.0662630166798417
1.723,-19524.0,1.0646842708322757,55904,1.0415341425738602,54819.04404130217,1.07265,1.0644747915764319
1.727,-19529.0,1.0669937811811523,56052,1.0444078254812108,54956.072961357815,1.07576,1.0612858443762108
1.732,-19534.0,1.0693032915300291,56205,1.0472148035618314,55094.69463178753,1.07885,1.0656997276761075
1.736,-19544.0,1.0739223122277832,56362,1.0500994958884189,55235.25279065453,1.08182,1.08130168982568
1.74,-19549.0,1.0762318225766605,56519,1.053052713933041,55377.75494723539,1.08493,1.0719947160696306
1.745,-19556.0,1.0794651370650878,56684,1.055984436226768,55522.4441925387,1.08802,1.0669049867417164
1.749,-19564.0,1.083160353623291,56851,1.058979123660012,55669.65311055239,1.09096,1.0783591081841268
1.753,-19569.0,1.085469863972168,57022,1.0619747186659414,55819.43849267501,1.09406,1.0903957675975837
1.758,-19574.0,1.0877793743210449,57196,1.064889194593171,55971.90953298323,1.09715,1.083039010449176
1.762,-19580.0,1.0905507867396973,57373,1.0677594489875712,56127.103397616986,1.10023,1.0993302859041785
1.766,-19588.0,1.0942460032979004,57560,1.070672629717719,56285.46668016739,1.10318,1.0930609522034531
1.771,-19594.0,1.0970174157165529,57757,1.073623661397112,56447.806993106,1.1064,1.0848405439083117
1.776,-19601.0,1.1002507302049804,57961,1.0765807622782924,56614.65910881712,1.10961,1.1085892622987434
1.78,-19608.0,1.1034840446934082,58168,1.0795705212186697,56786.08074919983,1.11282,1.1114898804858862
1.785,-19615.0,1.106717359181836,58383,1.0825890768993136,56962.18192881372,1.1160100000000002,1.113763809749808
1.789,-19623.0,1.1104125757400392,58608,1.0856603309917834,57143.47347645159,1.11918,1.1163891421984296
1.794,-19627.0,1.1122601840191406,58827,1.0886961333654517,57329.57817960451,1.12235,1.1221505835944763
1.798,-19634.0,1.1154934985075684,59054,1.0916733691987812,57520.04519061231,1.1254,1.1206302668667285
1.803,-19639.0,1.1178030088564452,59286,1.0946262695428943,57715.1272590673,1.12845,1.1268960210463514
1.807,-19645.0,1.1205744212750977,59521,1.0975304052511283,57914.75166377837,1.13149,1.1196676285343992
1.811,-19651.0,1.12334583369375,59767,1.100418848448443,58119.208986114165,1.1343800000000002,1.1275899832286684
1.816,-19658.0,1.126579148182178,60023,1.103320760983885,58329.16927239692,1.13742,1.1339801249811277
1.82,-19665.0,1.1298124626706054,60290,1.1062618567612628,58545.22334615938,1.14043,1.1091034618432891
1.824,-19672.0,1.1330457771590332,60564,1.1092375029580024,58767.714822842776,1.14344,1.114331001316785
1.829,-19678.0,1.1358171895776856,60850,1.1122163080641196,58997.00580798456,1.14647,1.1216475001587174
1.833,-19686.0,1.1395124061358888,61144,1.1152252050348503,59233.47471104569,1.14939,1.1242841757006916
1.837,-19690.0,1.1413600144149902,61442,1.1182060230682782,59476.98226114257,1.15242,1.1526192593935745
1.842,-19696.0,1.1441314268336429,61739,1.1211074691753191,59726.87359747901,1.15547,1.1557521381015678
1.846,-19703.0,1.1473647413220704,62037,1.124020847224124,59982.39393439839,1.15852,1.1587474362744903
1.85,-19711.0,1.1510599578802734,62344,1.1269993593404812,60243.4689021458,1.16155,1.1617620557907542
1.855,-19718.0,1.1542932723687012,62638,1.130035304411274,60509.20528049486,1.16458,1.1618133227641476
1.859,-19724.0,1.1570646847873536,62945,1.133067278966439,60779.05192851924,1.16763,1.162451844527732
1.864,-19730.0,1.1598360972060058,63234,1.1360684460108397,61052.227282339736,1.17096,1.148938940338279
1.869,-19737.0,1.1630694116944336,63511,1.1390697545124289,61326.564251186064,1.17401,1.1735354293554012
1.873,-19743.0,1.165840824113086,63787,1.142071187746046,61601.156965577175,1.17706,1.1663338328946686
1.877,-19750.0,1.1690741386015138,64053,1.1450727309640245,61875.32489611917,1.18025,1.168159989751259
1.882,-19758.0,1.172769355159717,64304,1.1481289840588629,62147.640332107294,1.18329,1.1799339761543548
1.886,-19764.0,1.1755407675783691,64556,1.151206171971254,62417.49465929095,1.18633,1.1716590413685417
1.891,-19769.0,1.1778502779272462,64794,1.1542199001326243,62684.41034019807,1.18939,1.171986811625522
1.895,-19776.0,1.181083592415674,65031,1.1572049781418574,62947.84806410678,1.19243,1.1885092039251934
1.899,-19782.0,1.1838550048343262,65258,1.1601920998920527,63207.56875517755,1.19547,1.192058959054316
1.904,-19789.0,1.187088319322754,65480,1.1631810237419165,63463.12513506392,1.19836,1.1932114176610156
1.908,-19795.0,1.1898597317414064,65697,1.166171536620564,63714.41839627017,1.20139,1.1920948400605325
1.912,-19801.0,1.1926311441600586,65909,1.169136144201265,63961.361413784616,1.20441,1.187755613431785
1.917,-19807.0,1.195402556578711,66120,1.1720779093916094,64204.11383339318,1.2073,1.1797472036592664
1.921,-19814.0,1.1986358710671388,66325,1.1750268394051726,64442.75730779762,1.21047,1.1908985717711074
1.925,-19821.0,1.2018691855555663,66526,1.1780093935587896,64677.18648331692,1.21336,1.2128724146137257
1.93,-19828.0,1.205102500043994,66723,1.181021596309158,64907.4266975358,1.21636,1.2011142832306905
1.934,-19834.0,1.2078739124626463,66920,1.1840326357122837,65133.73676184462,1.21938,1.206872544021252
1.939,-19842.0,1.2115691290208497,67109,1.187069955764528,65356.108417532334,1.22239,1.220337427458183
1.943,-19847.0,1.2138786393697265,67297,1.190103142730495,65574.47526495745,1.22541,1.2236882583530473
1.947,-19852.0,1.2161881497186036,67478,1.1930507659400778,65788.8378726239,1.2284199999999998,1.226734759896382
1.952,-19858.0,1.218959562137256,67661,1.1959502484547009,65999.37409401101,1.2313,1.2296920683319343
1.956,-19867.0,1.2231166807652345,67837,1.1989165079725104,66206.24075412848,1.23432,1.2268957724833949
1.96,-19873.0,1.2258880931838867,68010,1.2019416491282315,66409.28054882587,1.23733,1.2255914840077873
1.965,-19879.0,1.2286595056025391,68182,1.2049367907187694,66608.70947716144,1.24032,1.2404658773922146
1.969,-19885.0,1.2314309180211915,68354,1.2079054797365598,66804.89535178138,1.24331,1.2321845395047963
1.973,-19893.0,1.2351261345793945,68520,1.210905456692592,66997.8669100919,1.2463,1.2402761875304706
1.978,-19899.0,1.2378975469980469,68685,1.213933022263906,67187.59037434046,1.24929,1.2311273955531887
1.982,-19904.0,1.240207057346924,68848,1.216902995171518,67374.27243006989,1.2523,1.2523188391594844
1.987,-19910.0,1.242978469765576,69013,1.2198221848722075,67558.27267759261,1.25528,1.2493475973692718
1.991,-19917.0,1.246211784254004,69178,1.2227512086045054,67740.02643474676,1.25839,1.2410415993400985
1.996,-19924.0,1.2494450987424317,69342,1.2257162100919388,67919.74019746282,1.2614999999999998,1.2378840175016477
2.0,-19931.0,1.2526784132308597,69498,1.2287129355120094,68097.12310748774,1.2646000000000002,1.2520568204926334
2.005,-19938.0,1.255911727719287,69647,1.2317376339920492,68271.56399174978,1.26755,1.2586508051443221
2.009,-19944.0,1.2586831401379397,69801,1.234759691694812,68443.29246526664,1.27039,1.2552212849462472
2.013,-19950.0,1.261454552556592,69952,1.2377521144038195,68612.74746416132,1.27338,1.2471760571809305
2.018,-19956.0,1.264225964975244,70103,1.2407184060064798,68780.02044004711,1.27636,1.2763325755689772
2.022,-19963.0,1.267459279463672,70255,1.2436889625570295,68945.42850136434,1.27934,1.2763041939658226
2.027,-19971.0,1.271154496021875,70407,1.2467178926867066,69109.25126330194,1.28235,1.2660048601760934
2.031,-19976.0,1.273464006370752,70556,1.24974368171088,69271.49881121457,1.28547,1.2632569902687354
2.035,-19985.0,1.2776211249987306,70709,1.2527940074657524,69432.4165076068,1.28831,1.2870862504386436
2.04,-19991.0,1.2803925374173828,70859,1.2558932753042409,69592.22070459783,1.29146,1.2803873832349524
2.044,-19998.0,1.2836258519058106,71007,1.2589810856726515,69750.74746957373,1.29449,1.2840724182191074
2.049,-20003.0,1.2859353622546876,71154,1.2620314867943712,69907.9704872545,1.29737,1.2961291899875946
2.053,-20010.0,1.2891686767431152,71305,1.2650489017440087,70064.22125812645,1.3004,1.289025700076396
2.057,-20014.0,1.2910162850222169,71451,1.2680099241866165,70219.55561819416,1.30343,1.2956019418616231
2.062,-20023.0,1.2951734036501954,71598,1.2709758345751718,70373.84544951135,1.30646,1.3056811414968776
2.066,-20029.0,1.2979448160688476,71745,1.2740006678808649,70527.27336911802,1.30949,1.2944837113680057
2.07,-20036.0,1.3011781305572754,71891,1.2770228444681977,70679.88216757102,1.3123900000000002,1.312551006058533
2.075,-20042.0,1.3039495429759278,72041,1.28004267845372,70831.94604568426,1.31543,1.312234060691425
2.079,-20047.0,1.3062590533248046,72191,1.283005833918001,70983.76590159211,1.31846,1.3074772854479955
2.084,-20054.0,1.3094923678132324,72343,1.285946318682612,71135.48882200487,1.32151,1.3184679621170026
2.088,-20061.0,1.3127256823016602,72489,1.288921426109554,71286.88979848115,1.32468,1.3246385239948806
2.092,-20067.0,1.3154970947203126,72637,1.2918997561472103,71437.77042640647,1.32757,1.3207235199295622
2.097,-20075.0,1.3191923112785156,72785,1.2949082342191025,71588.31046387988,1.33058,1.3080373306490511
2.101,-20081.0,1.321963723697168,72938,1.2979432957785852,71738.84576753085,1.33362,1.3273072805319974
2.106,-20089.0,1.3256589402553711,73088,1.3010017977324573,71889.49513185678,1.33678,1.3171948807264855
2.11,-20096.0,1.328892254743799,73238,1.3041082750587336,72040.06771872481,1.33966,1.3340330362802777
2.114,-20103.0,1.3321255692322267,73389,1.3072297489508604,72190.63172329939,1.34268,1.3245725845160157
2.119,-20106.0,1.3335112754415528,73543,1.3102552204999982,72341.42462989599,1.34571,1.3409200293319077
2.123,-20112.0,1.3362826878602052,73694,1.3131687340752407,72492.41937433099,1.34872,1.3303123659496148
2.127,-20119.0,1.3395160023486328,73845,1.3160927527976192,72643.41474015664,1.35173,1.3482838903781735
2.132,-20127.0,1.343211218906836,74006,1.3190806474896928,72795.00182787736,1.35476,1.3371653759918605
2.136,-20135.0,1.346906435465039,74163,1.322152172237525,72947.46537976092,1.35791,1.3572255585376305
2.141,-20141.0,1.3496778478836915,74326,1.32524282616215,73100.82000204168,1.36091,1.3477665034340873
2.145,-20148.0,1.3529111623721193,74489,1.3283230410810367,73255.31504357865,1.36391,1.354746484160926
2.15,-20154.0,1.3556825747907717,74655,1.3313940512478868,73410.9930193273,1.36705,1.3605665368622981
2.154,-20162.0,1.3593777913489746,74813,1.3344842514329074,73567.41847831657,1.37018,1.3597594129580057
2.159,-20167.0,1.3616873016978517,74977,1.337564066259998,73724.38480722392,1.37305,1.3670228220310663
2.163,-20173.0,1.364458714116504,75147,1.3405801107433477,73882.53746517483,1.37605,1.370999053036406
2.168,-20180.0,1.3676920286049317,75321,1.3435945376529437,74042.3273607726,1.37919,1.360645944050515
2.172,-20189.0,1.3718491472329102,75487,1.3466894575870012,74203.32444597011,1.3823,1.3713628821242068
2.176,-20195.0,1.3746205596515626,75666,1.3498280470210462,74365.68157593986,1.38529,1.3831921957412734
2.181,-20203.0,1.3783157762097658,75846,1.3529778362524665,74530.06558963135,1.38841,1.386295162151267
2.186,-20209.0,1.381087188628418,76030,1.356137501075516,74696.53242585072,1.39137,1.3782973408256787
2.19,-20216.0,1.3843205031168455,76209,1.3592785674034071,74864.77670510612,1.3944800000000002,1.3651754872144237
2.195,-20224.0,1.3880157196750489,76399,1.3624578471218758,75034.94297616945,1.39747,1.375188411909949
2.199,-20228.0,1.3898633279541504,76593,1.3655889027338108,75207.69075369513,1.40059,1.3708608065839372
2.204,-20235.0,1.393096642442578,76786,1.368650129558319,75382.89216598844,1.40384,1.3961823562362339
2.208,-20242.0,1.396329956931006,76977,1.3717317031324727,75560.07975585359,1.40683,1.4036423990955456
2.213,-20249.0,1.3995632714194337,77171,1.3748312177625008,75739.0778053902,1.40983,1.402436685630505
2.217,-20256.0,1.4027965859078613,77369,1.3779465521913423,75920.08607705249,1.41281,1.401873939097596
2.221,-20264.0,1.4064918024660644,77571,1.3811031424165674,76103.33983181926,1.41582,1.40159852975695
2.226,-20270.0,1.4092632148847168,77777,1.3842688041193147,76289.04651463579,1.41883,1.4155664290701269
2.23,-20278.0,1.41295843144292,77985,1.3874424647353003,76477.27080844188,1.42183,1.40816352393268
2.235,-20284.0,1.4157298438615722,78190,1.3906231785146586,76667.65592662117,1.42483,1.4179012870958978
2.239,-20292.0,1.4194250604197751,78389,1.393810111528064,76859.41432797014,1.42786,1.4186223827304922
2.243,-20298.0,1.4221964728384278,78586,1.397002528445655,77051.91070345535,1.43089,1.409290960021403
2.248,-20303.0,1.4245059831873048,78778,1.400117861534431,77244.64397707407,1.43392,1.4284524700343655
2.252,-20312.0,1.428663101815283,78966,1.403247144129795,77437.05408264714,1.43698,1.4134341327977151
2.257,-20319.0,1.431896416303711,79154,1.4064433398111726,77628.94276029237,1.44004,1.4246240412289535
2.261,-20326.0,1.435129730792139,79337,1.4096439242270882,77820.07607394664,1.44295,1.4317923425092074
2.265,-20332.0,1.437901143210791,79515,1.4128210720281758,78009.95215994206,1.44599,1.4430484511311004
2.27,-20337.0,1.440210653559668,79691,1.415922941341306,78198.3058445509,1.44907,1.4327803128280014
2.274,-20345.0,1.443905870117871,79863,1.4190130455995378,78384.96242420418,1.452,1.445338245504324
2.278,-20353.0,1.4476010866760742,80033,1.4221746951864382,78569.76785137359,1.45509,1.4498863801424402
2.283,-20360.0,1.450834401164502,80204,1.4253721245065092,78752.8818792959,1.45819,1.4460835332827173
2.287,-20367.0,1.4540677156529298,80365,1.4285737967021002,78933.97243363719,1.46146,1.4471615473324992
2.292,-20374.0,1.4573010301413574,80525,1.4317792101176945,79112.6284680094,1.46456,1.4564666042123617
2.296,-20382.0,1.4609962466995603,80683,1.4350152288591504,79288.96047518938,1.46752,1.4630473739660972
2.3,-20388.0,1.463767659118213,80838,1.438250927863804,79462.94764906832,1.47077,1.4687180162313542
2.305,-20395.0,1.4670009736066407,80988,1.4414590384874328,79634.39429135105,1.47389,1.4720788724270288
2.309,-20401.0,1.469772386025293,81137,1.4446428226366084,79803.2460768851,1.477,1.4737427990895866
2.313,-20409.0,1.473467602583496,81283,1.447832462995286,79969.57333843614,1.48011,1.4723438995059603
2.318,-20414.0,1.4757771129323731,81428,1.450999960707498,80133.4380929897,1.48325,1.468469269503192
2.322,-20422.0,1.4794723294905765,81567,1.4541479338045076,80294.71767277345,1.48638,1.4702643507587276
2.327,-20431.0,1.4836294481185548,81702,1.457387916568141,80453.12656142161,1.48949,1.48948169310506
2.331,-20437.0,1.486400860537207,81835,1.460654417357861,80608.64947012711,1.4926,1.480359738441705
2.335,-20445.0,1.49009607709541,81969,1.4639169943720551,80761.56850473909,1.49557,1.485663629350145
2.34,-20451.0,1.4928674895140626,82100,1.4671761115375177,80912.073298982,1.49868,1.48917963791544
2.344,-20457.0,1.495638901932715,82225,1.470377565032277,81059.9172434937,1.50179,1.494259389939717
2.348,-20464.0,1.4988722164211423,82356,1.4735554791568497,81205.41494329639,1.50477,1.4957670865284916
2.353,-20472.0,1.5025674329793457,82482,1.476767249980317,81348.90292354941,1.5079,1.507346273305955
2.357,-20481.0,1.5067245516073242,82610,1.4800634873593064,81490.44145083916,1.51115,1.511105190279385
2.362,-20487.0,1.5094959640259766,82734,1.4833795915114747,81630.14278354202,1.51427,1.5144694918241401
2.366,-20494.0,1.5127292785144044,82861,1.486658600596494,81768.16502458569,1.51739,1.503484111238015
2.371,-20501.0,1.515962593002832,82982,1.4899322069902583,81904.52934883574,1.5205,1.5095398043457378
2.375,-20507.0,1.5187340054214844,83100,1.4931737430306216,82038.89972316724,1.52362,1.5201186036941206
2.379,-20514.0,1.5219673199099122,83217,1.49638700054924,82171.27543225006,1.52676,1.5256634241680807
2.384,-20522.0,1.5256625364681151,83336,1.4996299359478078,82301.95143231815,1.52988,1.526692681959291
2.388,-20528.0,1.5284339488867675,83450,1.5028717338200388,82430.95133592594,1.533,1.5015114421344797
2.392,-20537.0,1.532591067514746,83565,1.5061398351093638,82558.23684640483,1.53614,1.523011146428773
2.397,-20545.0,1.5362862840729492,83683,1.5094857427331343,82684.24713426453,1.53927,1.5274941063392609
2.401,-20551.0,1.5390576964916016,83796,1.5128183379306424,82809.01474039497,1.54239,1.5330797611758198
2.406,-20558.0,1.5422910109800294,83910,1.5161118882456384,82932.45012342576,1.54565,1.5188040491596122
2.41,-20564.0,1.5450624233986816,84022,1.5193710101417972,83054.65168108438,1.54866,1.5174349891841876
2.414,-20573.0,1.54921954202666,84137,1.5226543871526346,83175.82441185805,1.55181,1.535032800762615
2.419,-20579.0,1.5519909544453123,84249,1.5259591514796418,83296.08995888251,1.55495,1.5347441375852433
2.423,-20588.0,1.556148073073291,84360,1.529282774397878,83415.3191132525,1.55825,1.5271046899929872
2.427,-20595.0,1.5593813875617188,84472,1.5326503326139158,83533.63441264091,1.56128,1.5601312765187203
2.432,-20603.0,1.563076604119922,84584,1.5360293249985937,83651.20302390151,1.56442,1.5500589545984982
2.436,-20609.0,1.5658480165385742,84698,1.5393910931870889,83768.23146634681,1.56773,1.5509600086084492
2.441,-20617.0,1.5695432330967771,84809,1.5427376736787044,83884.72448932845,1.57091,1.5700612194414862
2.445,-20624.0,1.5727765475852051,84925,1.546098168635904,84000.86363285179,1.57396,1.573956680928701
2.45,-20632.0,1.5764717641434085,85038,1.5494709328847034,84116.80897257684,1.5773,1.5772327258156675
2.454,-20640.0,1.5801669807016114,85154,1.5528818222161649,84232.58342285597,1.58051,1.5789233379275147
2.458,-20646.0,1.5829383931202636,85267,1.5562717160224837,84348.20718876776,1.58386,1.5729411195640794
2.463,-20655.0,1.587095511748242,85379,1.5596704031535065,84463.4616168577,1.58707,1.5826674811867716
2.467,-20662.0,1.59032882623667,85493,1.563104150380529,84578.44949310485,1.59029,1.5875303780231387
2.472,-20670.0,1.594024042794873,85604,1.5665415059320538,84693.14321581423,1.59351,1.5817254973414925
2.476,-20677.0,1.5972573572833009,85716,1.5699820431785736,84807.45932937415,1.59688,1.5868654132597393
2.481,-20684.0,1.6004906717717289,85825,1.5733980794847953,84921.32424553005,1.59996,1.5701887958364726
2.485,-20689.0,1.6028001821206057,85933,1.5767378988178933,85034.55484192469,1.60321,1.589241429912826
2.489,-20698.0,1.606957300748584,86045,1.5800651255725278,85147.40346941727,1.60644,1.5882350350856207
2.494,-20705.0,1.6101906152370118,86155,1.5834358615261062,85260.03352481745,1.60952,1.6034944273112375
2.498,-20712.0,1.6134239297254396,86267,1.58679034948094,85372.47085095174,1.61277,1.6028862862955662
2.502,-20722.0,1.6180429504231937,86378,1.590212429860542,85484.7973525228,1.616,1.5933589092233644
2.507,-20727.0,1.6203524607720703,86491,1.593639497991958,85597.08525024758,1.6191,1.6188635472042123
2.511,-20734.0,1.623585775260498,86606,1.5969890448046615,85709.57557803368,1.62234,1.6109953591267943
2.515,-20741.0,1.626819089748926,86721,1.6003248489123454,85822.36263639921,1.62559,1.6168738070742183
2.52,-20747.0,1.629590502167578,86836,1.6036212287326808,85935.41134146498,1.62868,1.626308035750745
2.524,-20753.0,1.6323619145862305,86953,1.6068555391399575,86048.80899228193,1.63192,1.6222937308898064
2.528,-20763.0,1.6369809352839844,87069,1.61014434469145,86162.57344871822,1.63518,1.6309673574269743
2.533,-20772.0,1.6411380539119629,87191,1.6135631215096733,86276.95692857387,1.63842,1.638387544229132
2.537,-20779.0,1.6443713684003909,87315,1.6170145831238507,86392.3591809214,1.64166,1.6255662338558796
2.542,-20786.0,1.6476046828888185,87437,1.6204402521573606,86508.6597514042,1.64507,1.6402409149289072
2.546,-20792.0,1.6503760953074706,87562,1.62381587174245,86625.81154495923,1.64831,1.633891306366372
2.55,-20799.0,1.6536094097958984,87687,1.6271473594653865,86743.89126959349,1.65155,1.6365390443069678
2.555,-20806.0,1.6568427242843262,87813,1.6304672396960775,86862.84832896359,1.65482,1.6282148408627808
2.559,-20813.0,1.660076038772754,87938,1.6337768848439884,86982.57899157701,1.65806,1.632878019184131
2.564,-20819.0,1.6628474511914062,88064,1.637050198603794,87102.99179061294,1.6613,1.655449834414061
2.568,-20829.0,1.66746647188916,88195,1.6403733959544289,87224.36077819605,1.66442,1.6484068056133554
2.572,-20838.0,1.6716235905171386,88331,1.6438224982644771,87347.16407354399,1.66768,1.6386817803246911
2.577,-20845.0,1.6748569050055664,88471,1.647300699842174,87471.76414814938,1.67107,1.6454811271576237
2.581,-20851.0,1.6776283174242188,88611,1.6507226407968636,87598.185029775,1.67448,1.6611358922633666
2.586,-20859.0,1.681323533982422,88751,1.6541222795400052,87726.21143567632,1.67773,1.6639207677246382
2.59,-20864.0,1.6836330443312988,88891,1.6574749465207683,87855.65353701991,1.68113,1.6678741704132483
2.595,-20871.0,1.6868663588197266,89031,1.6607588889876057,87986.34394934557,1.68422,1.6726686325125644
2.599,-20878.0,1.6900996733081544,89178,1.6640368454658,88118.54890064243,1.68748,1.6786018762769892
2.603,-20887.0,1.6942567919361329,89334,1.667364136603967,88253.03519806499,1.69071,1.6828584001925386
2.608,-20894.0,1.6974901064245609,89487,1.6707349293287046,88389.88781150665,1.69424,1.6895642506372686
2.612,-20903.0,1.7016472250525392,89649,1.6741440802388472,88529.1816644629,1.69747,1.6788573982698365
2.617,-20911.0,1.7053424416107423,89809,1.6776143605104497,88671.04193926258,1.70085,1.6782657585805807
2.622,-20919.0,1.7090376581689453,89968,1.68111123607776,88814.98784335311,1.70405,1.7011181840549965
2.626,-20923.0,1.710885266448047,90132,1.6845223366584934,88961.00925237288,1.70728,1.6936960690847473
2.63,-20930.0,1.7141185809364747,90297,1.6878304973923557,89109.21547380694,1.71051,1.6827169192940483
2.635,-20937.0,1.7173518954249023,90465,1.6911298086957414,89259.58465639738,1.71358,1.684606045913338
2.639,-20945.0,1.7210471119831054,90641,1.6944486233274854,89412.51135424738,1.71679,1.7122500140761359
2.643,-20953.0,1.7247423285413086,90825,1.697811941763798,89568.63905842393,1.72001,1.6955637903018772
2.648,-20960.0,1.7279756430297364,91012,1.7011871956582367,89728.23958997239,1.72321,1.7049578661073763
2.652,-20968.0,1.7316708595879395,91205,1.7045729738243578,89891.4343964378,1.72653,1.7214756206777713
2.657,-20974.0,1.7344422720065915,91405,1.7079407254788197,90058.56703562933,1.72973,1.7265359723239444
2.661,-20980.0,1.7372136844252442,91608,1.7112379690860544,90229.76309267672,1.73293,1.7255720892531854
2.665,-20987.0,1.740446998913672,91815,1.714500347598802,90404.9559519854,1.73611,1.7030927804343776
2.67,-20993.0,1.7432184113323244,92023,1.7177319832843578,90583.96863944696,1.73929,1.7076509695075708
2.674,-21002.0,1.7473755299603029,92240,1.720991123911065,90766.94069243773,1.74234,1.7097536936566966
2.678,-21009.0,1.7506088444487304,92463,1.7243018238860857,90954.29073714808,1.7455,1.713404695313786
2.683,-21017.0,1.7543040610069336,92701,1.7276306806522104,91146.74260797136,1.74864,1.7193328470514553
2.687,-21025.0,1.7579992775651367,92947,1.731002853893205,91345.05279168468,1.7518,1.7496206654217779
2.692,-21030.0,1.7603087879140138,93210,1.734331302749834,91550.0065668012,1.75497,1.7356276206248764
2.696,-21038.0,1.764004004472217,93471,1.7376211969657145,91761.70519061568,1.75826,1.7301984060159477
2.7,-21043.0,1.7663135148210938,93745,1.7408770950408867,91980.0014786977,1.76141,1.7552318391193298
2.705,-21051.0,1.770008731379297,94018,1.7441030165020746,92204.82476633516,1.76457,1.7631179439475424
2.709,-21058.0,1.7732420458677247,94294,1.7473571185245595,92435.52156986928,1.76758,1.7547400389391505
2.714,-21065.0,1.7764753603561525,94574,1.750608762737219,92671.81125713488,1.77072,1.7686122547142278
2.718,-21072.0,1.77970867484458,94856,1.753858239738694,92913.3872590558,1.77387,1.7645045560130939
2.722,-21081.0,1.7838657934725586,95132,1.75716041866523,93159.38807971332,1.77702,1.7683871200260057
2.727,-21086.0,1.7861753038214356,95411,1.7604544554190518,93409.1131993794,1.78016,1.7518494237162392
2.731,-21092.0,1.7889467162400878,95680,1.7636593933435654,93661.7084545426,1.78331,1.7811663725079683
2.735,-21099.0,1.7921800307285156,95945,1.766840379917055,93916.00685175689,1.78647,1.7847860830702287
2.74,-21107.0,1.7958752472867188,96202,1.770054859919072,94171.09761160194,1.78962,1.7825779127085741
2.744,-21114.0,1.7991085617751466,96456,1.7732988732609645,94426.2367578728,1.79277,1.7842071860957927
2.749,-21121.0,1.8023418762635743,96713,1.7765416216261125,94681.41856961028,1.79578,1.7819820478412827
2.753,-21131.0,1.806960896961328,96956,1.7798651739234952,94935.98771089986,1.79908,1.78200725174037
2.758,-21137.0,1.8097323093799804,97195,1.7832326698685217,95188.95250755233,1.80224,1.7926893557935375
2.762,-21144.0,1.812965623868408,97429,1.7865569944483122,95439.9705923498,1.80539,1.7994762856808366
2.766,-21150.0,1.8157370362870608,97659,1.7898432520203795,95688.74007779216,1.80854,1.7942667667884635
2.771,-21155.0,1.8180465466359368,97883,1.7930413305330988,95934.93565258852,1.81183,1.8112279580807382
2.775,-21162.0,1.8212798611243648,98105,1.796188962267702,96178.38870335664,1.81498,1.811663966001266
2.78,-21168.0,1.8240512735430177,98312,1.79931941823689,96418.41849610592,1.81811,1.8138735538386124
2.784,-21176.0,1.8277464901012208,98514,1.802462035662003,96654.24743109725,1.82126,1.8152520960350915
2.788,-21185.0,1.8319036087292,98712,1.8056972959805075,96885.84013930896,1.82437,1.8119486020604612
2.793,-21192.0,1.835136923217627,98906,1.808986939130668,97113.22455096593,1.82747,1.8199349340161501
2.797,-21198.0,1.8379083356362795,99095,1.8122426158248248,97336.36617657111,1.83055,1.8158930970788711
2.801,-21204.0,1.840679748054932,99279,1.815441035631698,97555.17548708868,1.8335,1.8280385602408877
2.806,-21209.0,1.8429892584038088,99462,1.8185616618593727,97769.81000851972,1.83655,1.8295698991216163
2.81,-21214.0,1.8452987687526856,99636,1.8215863859674912,97980.17217222114,1.83946,1.8294442591610744
2.814,-21223.0,1.849455887380664,99809,1.82463577271644,98186.17594555838,1.84252,1.811954115688256
2.819,-21228.0,1.851765397729541,99989,1.8277069061239395,98388.6913463068,1.84554,1.8359634896107986
2.823,-21236.0,1.855460614287744,100158,1.8307699085300384,98587.89435189414,1.84855,1.8395399767849026
2.828,-21243.0,1.858693928776172,100326,1.833880354198496,98783.46719391354,1.85155,1.8364900377051843
2.832,-21250.0,1.8619272432646,100492,1.83700532723668,98975.66173181756,1.85456,1.8516258330195323
2.836,-21256.0,1.864698655683252,100655,1.8401158035557728,99164.5818117131,1.85753,1.839146074971504
2.841,-21261.0,1.867008166032129,100813,1.843158884275908,99350.14164929162,1.86052,1.8414899929316362
2.845,-21266.0,1.869317676381006,100968,1.8461152314536635,99532.2656029347,1.86338,1.859420189187795
2.849,-21274.0,1.873012892939209,101124,1.849077019356348,99711.2416788798,1.86636,1.8653462404582637
2.854,-21281.0,1.8762462074276367,101278,1.8520982175974408,99887.3829484034,1.86934,1.8690915433166353
2.858,-21288.0,1.8794795219160645,101434,1.8551444953595293,100061.02458426132,1.87219,1.8523438796188494
2.862,-21294.0,1.882250934334717,101589,1.8581855809223544,100232.52124752472,1.87516,1.8597471839917536
2.867,-21301.0,1.8854842488231445,101746,1.86122208818453,100402.1856659858,1.87825,1.8741054100009107
2.871,-21306.0,1.8877937591720213,101899,1.8642272520122567,100570.11623993806,1.88121,1.8766209365491735
2.876,-21313.0,1.8910270736604493,102051,1.867204778290079,100736.22238314412,1.88418,1.882974414169887
2.88,-21320.0,1.894260388148877,102196,1.870212547634515,100900.24686761951,1.88728,1.88227918068992
2.885,-21327.0,1.8974937026373049,102343,1.873246984262788,101062.1402308701,1.89024,1.881371021153962
2.889,-21332.0,1.8998032129861817,102489,1.876250322277588,101222.2135629742,1.89321,1.889963967015698
2.893,-21340.0,1.9034984295443849,102637,1.879253545065336,101380.7411723385,1.89616,1.89513753141285
2.898,-21349.0,1.907655548172364,102784,1.8823658920428328,101537.96493457156,1.89909,1.8897494437802338
2.902,-21354.0,1.90996505852124,102930,1.885492541589172,101693.92077497662,1.90202,1.9027996928717898
2.907,-21359.0,1.9122745688701173,103075,1.8885225768501084,101848.64037123603,1.90497,1.902826543913505
2.911,-21365.0,1.9150459812887697,103218,1.891494727444097,102002.09253823051,1.90778,1.8823030172317372
2.915,-21371.0,1.9178173937074217,103365,1.8944431438011,102154.54536499406,1.91072,1.9100796604150088
2.92,-21379.0,1.921512610265625,103506,1.897425245030233,102305.99877351904,1.9138,1.9057502912701483
2.924,-21385.0,1.9242840226842768,103650,1.900437048407552,102456.39357762356,1.91661,1.9128783113039012
2.928,-21393.0,1.9279792392424808,103793,1.903475042105657,102605.97317597904,1.91952,1.9151669419871487
2.933,-21399.0,1.9307506516611328,103935,1.9065361295173424,102754.71571947508,1.92243,1.92225415467589
2.937,-21404.0,1.9330601620100096,104076,1.9095356608174057,102902.60194232642,1.92534,1.9121081067048087
2.941,-21409.0,1.935369672358887,104219,1.91245360763184,103049.79220882631,1.92812,1.9236224802669346
2.946,-21415.0,1.938141084777539,104360,1.915326922533808,103196.3688052312,1.93102,1.9150797823486592
2.95,-21423.0,1.9418363013357425,104502,1.9182428019130384,103342.34517130144,1.93393,1.9272639934369895
2.955,-21429.0,1.944607713754395,104643,1.921196213167294,103487.79227514756,1.93684,1.9158615144141464
2.959,-21437.0,1.9483029303125976,104782,1.9241827187230287,103632.59534178772,1.93971,1.9309413069258006
2.963,-21444.0,1.9515362448010247,104927,1.9272257121305347,103777.06698841864,1.94255,1.9231953805006026
2.968,-21450.0,1.9543076572196776,105071,1.930263901663767,103921.54198740431,1.94541,1.9190273893999852
2.972,-21455.0,1.9566171675685544,105217,1.9332432424113395,104066.07905977724,1.94826,1.9419619464314795
2.977,-21461.0,1.959388579987207,105358,1.9361706923473527,104210.49351411086,1.95122,1.950861392099766
2.981,-21466.0,1.961698090336084,105501,1.93905238677127,104354.6224959316,1.95406,1.9433115053836343
2.985,-21474.0,1.965393306894288,105644,1.9419483484731528,104498.61799281836,1.9569,1.9516954867938545
2.99,-21480.0,1.96816471931294,105785,1.944884197012556,104642.37755254,1.95973,1.9583860400560762
2.994,-21486.0,1.970936131731592,105926,1.9478006034809503,104785.81083628398,1.96253,1.948642426947052
2.999,-21492.0,1.973707544150244,106069,1.9506998666076143,104929.07465601848,1.9652,1.9600471715125778
3.003,-21500.0,1.9774027607084472,106211,1.9536386262285168,105072.24816568336,1.96799,1.93798951952
3.007,-21505.0,1.9797122710573245,106365,1.956584906035526,105215.992334443,1.97079,1.9403236570315192
3.012,-21511.0,1.9824836834759767,106510,1.9594832039845025,105360.41704272876,1.97371,1.9493559483137093
3.016,-21516.0,1.9847931938248533,106658,1.9623391932005887,105505.08712270464,1.97652,1.9719967953306194
3.021,-21521.0,1.9871027041737304,106803,1.9651305695999035,105649.97356289923,1.97918,1.970671591864175
3.025,-21528.0,1.990336018662158,106948,1.9679195855620588,105794.87342981414,1.98198,1.981185217653973
3.029,-21537.0,1.9944931372901369,107100,1.9708157459658115,105940.19895772592,1.98464,1.9822171417181296
3.033,-21544.0,1.9977264517785644,107255,1.9738063826100856,106086.49099266832,1.98744,1.9789442965630148
3.038,-21549.0,2.0000359621274413,107409,1.9767710993230097,106233.75349467572,1.99024,1.963882960994428
3.042,-21554.0,2.0023454724763186,107569,1.979658347845875,106382.16730776096,1.99305,1.9671189633741077
3.047,-21561.0,2.005578786964746,107738,1.9825319005107176,106532.48306785652,1.99589,1.9865221387381715
3.051,-21566.0,2.007888297313623,107908,1.9853933766445035,106685.06707262216,1.99887,1.9785483395886754
3.056,-21572.0,2.010659709732276,108078,1.9882168976651653,106839.71025401204,2.00186,1.9935932335022355
3.06,-21578.0,2.013431122150928,108244,1.9910342576359568,106995.9326761106,2.00484,2.0016075237053084
3.065,-21586.0,2.0171263387091307,108414,1.9939007979038228,107153.54761771654,2.00771,2.0008952279262324
3.069,-21595.0,2.021283457337109,108590,1.9968926229911392,107312.98160854598,2.01058,2.005996076606154
3.074,-21602.0,2.024516771825537,108763,1.9999676134247384,107474.1969258794,2.01346,2.012366375760717
3.078,-21606.0,2.026364380104639,108943,2.002979403925772,107637.21942453276,2.01635,2.014592127060208
3.082,-21612.0,2.029135792523291,109126,2.005908160477064,107802.4266067678,2.01926,2.0164277441915788
3.087,-21619.0,2.0323691070117187,109314,2.0088456199253453,107970.0331061489,2.02217,2.019265709237719
3.091,-21624.0,2.034678617360596,109501,2.0117634468371377,108139.99170949518,2.02509,2.022857523085311
3.096,-21630.0,2.037450029779248,109687,2.0146366560131272,108311.90608148192,2.028,2.026578759344642
3.1,-21638.0,2.041145246337451,109882,2.0175524421668696,108486.01792138455,2.03091,2.027473347379794
3.104,-21647.0,2.04530236496543,110078,2.020587690562848,108662.65858600927,2.03382,2.0285973646347433
3.109,-21652.0,2.0476118753143067,110283,2.02364635726264,108842.12025425812,2.03673,2.035663600461824
3.113,-21659.0,2.0508451898027342,110494,2.026671060511421,109024.95614630792,2.03965,2.0389863109563833
3.118,-21666.0,2.0540785042911622,110700,2.029720428867333,109210.82642889704,2.04261,2.04246781614964
3.122,-21671.0,2.056388014640039,110905,2.032736933160016,109399.01762709788,2.04555,2.0441506015630844
3.126,-21678.0,2.059621329128466,111109,2.035724459065246,109589.1370931342,2.04849,2.0483300300589784
3.131,-21684.0,2.06239274154712,111307,2.038713739284957,109780.54301687196,2.05144,2.048832241373036
3.135,-21692.0,2.066087958105322,111511,2.041731872846374,109973.08329424867,2.05427,2.0541204291146253
3.139,-21698.0,2.068859370523975,111705,2.044775448280559,110166.38733560478,2.05735,2.0548797264908583
3.144,-21706.0,2.0725545870821778,111902,2.047841457472904,110359.95101568072,2.06018,2.059223243784614
3.148,-21713.0,2.0757879015706053,112095,2.050954554420852,110553.68451874824,2.06328,2.061383330492072
3.153,-21718.0,2.0780974119194826,112278,2.054027252368564,110746.74012225664,2.06639,2.064411949959312
3.157,-21724.0,2.080868824338135,112458,2.057037021435308,110938.42945135446,2.06937,2.0672229019157253
3.162,-21729.0,2.083178334687012,112633,2.059991302004418,111128.44110803686,2.0722,2.0707186618292424
3.166,-21737.0,2.086873551245215,112808,2.0629512676435056,111316.67786457056,2.07518,2.0714525528592675
3.17,-21744.0,2.0901068657336426,112976,2.0659708590759647,111502.93575412848,2.07828,2.078253302092483
3.175,-21752.0,2.093802082291846,113145,2.0690430264583464,111687.09404325696,2.08126,2.0773916744938132
3.179,-21759.0,2.097035396780273,113307,2.0721615534839954,111869.04627339749,2.08425,2.078821823420228
3.184,-21765.0,2.0998068091989257,113468,2.075266345933523,112048.5803383024,2.08724,2.0824956790326485
3.188,-21771.0,2.1025782216175783,113626,2.078331721263482,112225.7456796526,2.09022,2.0870802099368833
3.192,-21777.0,2.1053496340362305,113776,2.08136233994892,112400.17207161986,2.09323,2.0913308160723134
3.197,-21783.0,2.1081210464548827,113926,2.084362311434571,112571.71041414312,2.09622,2.0942116325617395
3.201,-21790.0,2.1113543609433107,114076,2.087362565734056,112740.70217515602,2.09924,2.0953389011364196
3.206,-21798.0,2.1150495775015137,114218,2.0904176823054126,112906.97551002156,2.10225,2.095614463229824
3.21,-21805.0,2.118282891989941,114360,2.0935211745191817,113070.37889211813,2.10514,2.09663760469463
3.214,-21813.0,2.1219781085481446,114501,2.0966673226912045,113231.19253232524,2.10815,2.101262281907652
3.219,-21819.0,2.124749520966797,114642,2.0998237769547683,113389.6635108466,2.1112,2.1110853827361447
3.223,-21823.0,2.1265971292458983,114779,2.1028800929783014,113545.83234221626,2.11424,2.1072901549353795
3.227,-21831.0,2.1302923458041017,114911,2.1059027234825494,113699.4391637536,2.1173,2.1103583163859563
3.232,-21836.0,2.1326018561529785,115042,2.1089229577162145,113850.43218978091,2.12022,2.1153407692837978
3.236,-21844.0,2.136297072711182,115173,2.111941079001857,113999.0613444768,2.12329,2.1174970599755265
3.24,-21852.0,2.139992289269385,115303,2.115039256508167,114145.5470022858,2.12635,2.1264155882630345
3.244,-21860.0,2.143687505827588,115431,2.118208024804315,114289.96524693035,2.12928,2.1291486971562055
3.249,-21865.0,2.145997016176465,115560,2.1213571182580298,114432.50140118448,2.13223,2.1224963101955296
3.253,-21871.0,2.148768428595117,115688,2.1244342502237945,114573.3779936194,2.13546,2.116977632412312
3.257,-21879.0,2.152463645153321,115812,2.1275298483980905,114712.4956551992,2.13843,2.112471399577704
3.262,-21884.0,2.1547731555021974,115942,2.130614422984302,114850.18058754764,2.14153,2.124084143849829
3.266,-21891.0,2.158006469990625,116067,2.133661970905867,114986.66130650898,2.14466,2.1175996810565234
3.271,-21899.0,2.1617016865488283,116192,2.136758789347599,115121.7846050188,2.14791,2.1265585777131535
3.275,-21906.0,2.164935001037256,116314,2.139899052819653,115255.53362521344,2.1509,2.147538598466729
3.279,-21915.0,2.169092119665234,116436,2.1431049310560177,115387.89350241527,2.15402,2.147014078223498
3.284,-21920.0,2.1714016300141115,116558,2.1463140532120173,115519.02848166115,2.15717,2.1390393382449284
3.288,-21924.0,2.173249238293213,116677,2.149389503502289,115648.9060363173,2.16016,2.1488138297650843
3.292,-21932.0,2.176944454851416,116795,2.1524290059371727,115777.4383681324,2.16333,2.140552864666885
3.297,-21938.0,2.1797158672700685,116916,2.155491423700453,115904.90276404802,2.16635,2.144124438068543
3.301,-21947.0,2.183872985898047,117037,2.158601353851216,116031.60284343852,2.16951,2.1534850914868207
3.305,-21953.0,2.1866443983166994,117166,2.1617531787720723,116158.10191429098,2.17281,2.152362142642371
3.31,-21962.0,2.1908015169446777,117286,2.164941945043474,116284.36462541124,2.17613,2.1523448891145094
3.314,-21969.0,2.1940348314331057,117406,2.1681905913606543,116409.8868661668,2.17929,2.168834236726004
3.319,-21975.0,2.196806243851758,117525,2.1714101184739683,116534.6970685219,2.18244,2.1508603916817015
3.323,-21981.0,2.19957765627041,117643,2.174576662838275,116658.76118539584,2.18546,2.1730268286549745
3.327,-21986.0,2.201887166619287,117763,2.1776691824097973,116782.22654744994,2.18862,2.1776972295255828
3.332,-21994.0,2.2055823831774903,117880,2.180751042391203,116905.10483094004,2.19179,2.177091447971929
3.336,-22001.0,2.208815697665918,117997,2.183878116013418,117027.28809678744,2.19494,2.1894742206792213
3.34,-22008.0,2.212049012154346,118114,2.1870177510026583,117148.85852026056,2.19796,2.18733697129482
3.345,-22015.0,2.215282326642773,118238,2.1901684621682698,117270.30238243386,2.2011,2.1906164737551013
3.349,-22025.0,2.219901347340528,118359,2.193410859265525,117391.87111684648,2.20441,2.1814748252639315
3.354,-22029.0,2.221748955619629,118479,2.1966521824823886,117513.31348966504,2.20742,2.1938059897701816
3.358,-22036.0,2.2249822701080566,118595,2.1998106394441743,117634.34885423948,2.2106,2.210061052408289
3.362,-22043.0,2.2282155845964846,118716,2.202977947170268,117755.0844505035,2.21377,2.1855833884358504
3.367,-22050.0,2.231448899084912,118833,2.206153059192367,117875.61483889926,2.21694,2.2043702572397725
3.371,-22057.0,2.23468221357334,118953,2.209335052771134,117995.90516473952,2.22011,2.2041399350401454
3.375,-22064.0,2.237915528061768,119073,2.212523114267128,118116.1611639636,2.22315,2.2160562533978574
3.38,-22071.0,2.241148842550196,119204,2.2157165262414003,118237.0371865438,2.22633,2.224938872234341
3.384,-22079.0,2.2448440591083987,119329,2.218941962529488,118358.75551113296,2.22965,2.198109878449807
3.389,-22086.0,2.2480773735968262,119456,2.222195636743214,118480.9800787361,2.23284,2.226846279677476
3.393,-22091.0,2.250386883945703,119585,2.22539229083252,118603.88750340402,2.23604,2.217864760513274
3.398,-22098.0,2.253620198434131,119717,2.2285386665601195,118727.69263465898,2.23938,2.2223910485937655
3.402,-22106.0,2.257315414992334,119852,2.231722627922512,118852.64403673142,2.24258,2.222789275074693
3.407,-22112.0,2.260086827410986,119986,2.2349124245416374,118978.72441532124,2.24608,2.227301355195515
3.411,-22121.0,2.264243946038965,120124,2.2381346729353515,119105.97763831384,2.24928,2.2377893866865635
3.416,-22129.0,2.267939162597168,120262,2.241440149071219,119234.50150428156,2.25263,2.2460814454062197
3.42,-22136.0,2.271172477085596,120402,2.2447643996377407,119364.26401380775,2.25583,2.23245979050531
3.425,-22142.0,2.273943889504248,120541,2.248050591947483,119495.17783352284,2.25906,2.238293002615292
3.429,-22149.0,2.277177203992676,120683,2.251303225810631,119627.22507329758,2.26227,2.2502047231138667
3.433,-22155.0,2.2799486164113283,120830,2.2545262690032333,119760.7446626233,2.26552,2.2478224297181897
3.438,-22161.0,2.2827200288299805,120976,2.2576959137239148,119895.7989881426,2.26877,2.259335894627036
3.442,-22169.0,2.286415245388184,121124,2.260873086426526,120032.26570803388,2.27203,2.268554582313203
3.447,-22176.0,2.2896485598766114,121280,2.2640842034899054,120170.56900211266,2.27528,2.2682276451478542
3.451,-22183.0,2.292881874365039,121436,2.2672979450612827,120310.96466258616,2.27867,2.2718352098542853
3.456,-22192.0,2.2970389929930177,121592,2.2705686137289685,120453.20529894288,2.28192,2.255297727536048
3.46,-22199.0,2.3002723074814453,121748,2.273889478729408,120597.07277083768,2.2852,2.278807667860651
3.464,-22205.0,2.303043719900097,121911,2.2771726857647794,120742.7885514865,2.28831,2.26978092752666
3.469,-22211.0,2.30581513231875,122077,2.280395380868621,120890.72528045737,2.29161,2.260827990417794
3.473,-22218.0,2.3090484468071777,122246,2.283592025104983,121040.9750687656,2.29476,2.2754211997712788
3.477,-22225.0,2.3122817612956057,122420,2.286793005041076,121193.73737149446,2.29805,2.2973103113505524
3.481,-22232.0,2.3155150757840333,122598,2.289997808046332,121349.24717859372,2.30119,2.2928954409354
3.486,-22240.0,2.319210292342236,122779,2.2932332885491906,121507.59346122982,2.30449,2.2991534459779484
3.49,-22247.0,2.322443606830664,122966,2.296495819402016,121668.97290587644,2.30778,2.3066554970003
3.494,-22252.0,2.324753117179541,123161,2.299700282967512,121833.85453080962,2.31108,2.291004217013575
3.499,-22262.0,2.329372137877295,123362,2.3029354641642024,122002.65190002568,2.31439,2.2859464136415624
3.503,-22267.0,2.331681648226172,123578,2.306197731099262,122176.14350164882,2.31771,2.310736128391881
3.508,-22273.0,2.334453060644824,123794,2.3093746555030186,122354.66107503488,2.32104,2.3186984372882646
3.512,-22282.0,2.338610179272803,124027,2.3125855536251074,122538.61537119988,2.3245,2.302237872172169
3.517,-22288.0,2.341381591691455,124260,2.3158264085899107,122728.36857609774,2.32796,2.319888771138175
3.521,-22296.0,2.3450768082496585,124494,2.3190663720080367,122923.2941743413,2.33142,2.324698355593513
3.526,-22305.0,2.3492339268776368,124735,2.322387468636037,123123.25354824384,2.33457,2.3339689641580743
3.53,-22314.0,2.353391045505615,124993,2.325807412153724,123329.0703479114,2.33786,2.325764018700516
3.535,-22318.0,2.355238653784717,125265,2.3291779831781776,123541.8846611308,2.34132,2.311851407552353
3.539,-22326.0,2.35893387034292,125536,2.3324777128077723,123761.6376644893,2.34463,2.334765733491759
3.543,-22331.0,2.3612433806917967,125829,2.335742283408536,123988.75042872784,2.34795,2.3425654203765616
3.548,-22339.0,2.36493859725,126127,2.33897585200103,124223.94894375929,2.3514,2.3413906216073013
3.552,-22346.0,2.368171911738428,126429,2.342236696997821,124466.80924907414,2.35474,2.350486169461261
3.557,-22352.0,2.3709433241570803,126738,2.3454669804823647,124717.07574584163,2.35803,2.352880870200992
3.561,-22361.0,2.3751004427850586,127059,2.3487249287852685,124974.99599508592,2.36117,2.358222445688751
3.566,-22370.0,2.3792575614130373,127379,2.352089190307123,125240.31534832469,2.36462,2.3331384646834703
3.57,-22376.0,2.382028973831689,127699,2.3554652757815773,125512.09985661734,2.36792,2.357451678797822
3.575,-22383.0,2.385262288320117,128012,2.358797174309545,125789.17129190011,2.37122,2.3683892269623406
3.579,-22389.0,2.3880337007387697,128312,2.3620901103255822,126069.722207496,2.37453,2.3714002808991568
3.583,-22394.0,2.3903432110876466,128611,2.365294077657817,126352.5135641996,2.37785,2.3778300332662585
3.588,-22402.0,2.394038427645849,128899,2.368474208396807,126636.57105514684,2.38115,2.378641155035421
3.592,-22409.0,2.397271742134277,129184,2.3716879337537407,126920.91733565093,2.38445,2.37351281985402
3.596,-22416.0,2.400505056622705,129462,2.3749039752276184,127204.92708676342,2.38758,2.3830648518640465
3.601,-22425.0,2.404662175250684,129734,2.3781766718693045,127487.87157180118,2.39087,2.367715054572314
3.605,-22432.0,2.4078954897391114,130001,2.3814993250666543,127769.2264509082,2.39415,2.3671677901359933
3.609,-22438.0,2.410666902157764,130263,2.3847841088718416,128048.58849684118,2.39746,2.3681709207230344
3.614,-22444.0,2.413438314576416,130525,2.388008194316442,128325.89774483454,2.40074,2.373365402982148
3.618,-22451.0,2.416671629064844,130773,2.391206064506909,128600.5692634674,2.40419,2.3763409908819035
3.623,-22458.0,2.419904943553272,131012,2.394408125446675,128871.55522398851,2.40747,2.4041745990586247
3.627,-22466.0,2.4236001601114747,131246,2.397641188091595,129138.46374404104,2.41076,2.3826977909006506
3.632,-22474.0,2.4272953766696777,131473,2.4009288934096564,129401.06751019316,2.41418,2.4025447937253572
3.636,-22481.0,2.4305286911581057,131699,2.4042374742873704,129659.40255495976,2.41746,2.4049012863050048
3.641,-22489.0,2.4342239077163086,131916,2.4075644625072234,129913.38241576384,2.4207,2.410734313339159
3.645,-22495.0,2.436995320134961,132133,2.410880375232656,130162.98997031094,2.42381,2.4197772354190326
3.649,-22500.0,2.439304830483838,132343,2.414104602627764,130408.3283555524,2.42722,2.4017674080637654
3.654,-22507.0,2.4425381449722656,132544,2.41727529153701,130648.95645748636,2.43049,2.4153165670886976
3.658,-22515.0,2.446233361530469,132748,2.420480691417004,130885.07649110883,2.43373,2.401639597909482
3.663,-22521.0,2.449004773949121,132940,2.4236893917749995,131116.68941037505,2.437,2.411261881876032
3.667,-22528.0,2.4522380884375488,133135,2.4268736959314205,131343.79605644938,2.44025,2.4241084958981904
3.671,-22536.0,2.455933304995752,133328,2.430091101262632,131566.98834501585,2.44348,2.4359469059442977
3.676,-22545.0,2.4600904236237304,133511,2.4333923069544974,131786.01968056217,2.44671,2.4445832441671556
3.68,-22550.0,2.462399933972608,133699,2.43668548554385,132001.086445528,2.44994,2.4485066303256873
3.684,-22557.0,2.465633248461036,133880,2.4399169732170325,132212.53915530787,2.45318,2.4441365511809545
3.689,-22564.0,2.468866562949463,134056,2.4431486768833413,132420.09570820603,2.45641,2.423775857934145
3.693,-22568.0,2.4707141712285643,134231,2.4462986516601584,132623.86206114764,2.45966,2.433827792246575
3.698,-22577.0,2.474871289856543,134408,2.449431173642445,132824.34546504452,2.46275,2.428794561361685
3.702,-22585.0,2.478566506414746,134582,2.452657532150736,133021.87496130617,2.46612,2.431846198210041
3.706,-22594.0,2.4827236250427247,134751,2.455966632442625,133216.32686541637,2.46935,2.436558688869071
3.711,-22601.0,2.4859569395311523,134921,2.459321385112063,133407.8285862622,2.47258,2.453564057657357
3.715,-22606.0,2.488266449880029,135089,2.4626071666666025,133596.66982075924,2.47579,2.4616395158739377
3.72,-22612.0,2.4910378622986817,135252,2.465804825443628,133782.75130918322,2.47903,2.4507279071085963
3.724,-22620.0,2.4947330788568847,135418,2.4690066999663776,133966.2811147501,2.48227,2.4493905460966032
3.728,-22625.0,2.497042589205762,135578,2.472184985338782,134147.38358296678,2.48552,2.484305659621973
3.733,-22634.0,2.50119970783374,135742,2.4753697770674323,134326.2274747721,2.48862,2.482411402848318
3.737,-22640.0,2.5039711202523924,135901,2.47858761232287,134503.02071508733,2.49186,2.4749134743784045
3.741,-22650.0,2.5085901409501465,136064,2.481861890658721,134677.94664487336,2.4951,2.4811753057382626
3.746,-22657.0,2.511823455438574,136229,2.4852132449871887,134851.58074959222,2.49834,2.4862510848989356
3.75,-22662.0,2.5141329657874514,136387,2.488496030002905,135023.78018092856,2.50159,2.4899092147714565
3.755,-22668.0,2.516904378206104,136546,2.4916910465362605,135194.35986281082,2.50484,2.481071004933307
3.759,-22675.0,2.520137692694531,136706,2.4948632847722405,135363.62954077835,2.50809,2.476613217992227
3.763,-22683.0,2.5238329092527345,136867,2.4980700507946385,135531.8623376702,2.51134,2.4926613668673863
3.768,-22689.0,2.5266043216713867,137027,2.5012799557694723,135699.18084890765,2.5146,2.5074387006535432
3.772,-22697.0,2.53029953822959,137184,2.504492628563344,135865.4567052778,2.51784,2.4926720057136245
3.777,-22705.0,2.533994754787793,137343,2.5077623548202137,136030.75406746753,2.52108,2.515790782269936
3.781,-22712.0,2.537228069276221,137504,2.5110550823873483,136195.42509712532,2.52432,2.4995983933666905
3.785,-22718.0,2.539999481694873,137664,2.514313478813071,136359.60296594707,2.5275600000000003,2.5025334576051144
3.79,-22725.0,2.543232796183301,137822,2.517541603232844,136523.16863051074,2.53081,2.5203984662429004
3.794,-22731.0,2.546004208601953,137979,2.520743034851082,136686.0171224689,2.53405,2.5069609409922067
3.798,-22738.0,2.549237523090381,138136,2.5239209296856986,136848.17411918,2.53729,2.536703511610038
3.803,-22745.0,2.5524708375788085,138295,2.527105377051716,137009.83961423766,2.54054,2.5192772041297657
3.807,-22754.0,2.556627956206788,138454,2.5303502151084047,137171.1899550339,2.5436300000000003,2.521785101336528
3.812,-22763.0,2.5607850748347656,138616,2.533702916471316,137332.43975596048,2.54687,2.5424427617148564
3.816,-22768.0,2.5630945851836424,138781,2.537041502151611,137493.95560871295,2.55011,2.5301104093702502
3.82,-22774.0,2.565865997602295,138949,2.540285721769414,137656.06076109296,2.55336,2.5497029155555957
3.825,-22781.0,2.5690993120907226,139118,2.5435013455732443,137818.9220069696,2.55675,2.5407481104565655
3.829,-22789.0,2.572794528648926,139287,2.546746367479777,137982.50906718086,2.56015,2.5482273618243982
3.834,-22794.0,2.575104038997803,139454,2.549962698713894,138146.61789042287,2.56354,2.553732966656204
3.838,-22800.0,2.577875451416455,139619,2.5530991186148864,138310.95031656098,2.5668,2.5627830269360277
3.843,-22809.0,2.5820325700444338,139793,2.556274301275788,138475.89372973467,2.57003,2.568322520426903
3.847,-22817.0,2.5857277866026367,139968,2.5595382764861068,138641.96706399156,2.57328,2.567075014076946
3.852,-22826.0,2.5898849052306154,140138,2.5628805458769763,138808.80025375437,2.57665,2.5635300704531883
3.856,-22833.0,2.593118219719043,140309,2.5662645459037807,138976.06698807343,2.57987,2.5543727970706134
3.861,-22838.0,2.59542773006792,140491,2.5695761167603863,139144.4254156664,2.58311,2.5666088942775227
3.865,-22846.0,2.599122946626123,140674,2.572851128543115,139314.45586917223,2.58634,2.5674547335768167
3.87,-22852.0,2.6018943590447754,140850,2.576121210254804,139485.60595256544,2.58971,2.567771420042865
3.874,-22857.0,2.604203869393652,141033,2.5793050254566783,139657.74328663593,2.59294,2.563887391187066
3.878,-22865.0,2.607899085951856,141216,2.582467386748307,139831.1649657845,2.59618,2.566085498232612
3.883,-22873.0,2.6115943025100585,141402,2.5856927500730817,140005.8964879266,2.59938,2.5722143502401895
3.887,-22881.0,2.615289519068262,141591,2.588973666398536,140182.1376884292,2.60258,2.594014429515167
3.892,-22889.0,2.618984735626465,141787,2.59230356742703,140360.30124475545,2.6058,2.601087425759416
3.896,-22894.0,2.6212942459753417,141983,2.595594742117532,140540.5736893409,2.60904,2.6038066612750876
3.9,-22902.0,2.624989462533545,142187,2.5988517692706723,140723.17861739435,2.61227,2.584356744432101
3.905,-22909.0,2.6282227770219726,142387,2.6021332992100024,140908.07671780113,2.61554,2.5984180785263735
3.909,-22914.0,2.63053228737085,142586,2.6053545155089086,141094.70127081123,2.61879,2.6176399684998897
3.913,-22921.0,2.633765601859277,142791,2.608522549338295,141283.1437366424,2.6219,2.6001009055555633
3.918,-22930.0,2.637922720487256,143009,2.611752914509489,141474.31240529657,2.62499,2.6175976203023943
3.922,-22939.0,2.6420798391152345,143223,2.6150928541855536,141668.41700131912,2.62839,2.6083146496449485
3.926,-22943.0,2.643927447394336,143439,2.6183928806061902,141864.9921611449,2.6315,2.630861092355959
3.931,-22949.0,2.646698859812988,143660,2.6215757935622537,142064.15959995156,2.63478,2.603249246581697
3.935,-22956.0,2.649932174301416,143871,2.62473735928492,142265.31723317827,2.63821,2.60897616142985
3.94,-22963.0,2.653165488789844,144079,2.627907408208189,142467.46122442925,2.64134,2.6099830996171156
3.944,-22969.0,2.6559369012084963,144289,2.63105763087434,142670.4158344684,2.64461,2.6231637166097546
3.948,-22977.0,2.6596321177667,144490,2.6342176778850543,142873.6713981675,2.648,2.632522607650082
3.953,-22986.0,2.6637892363946776,144687,2.637468307005682,143076.4238061655,2.65125,2.6405277560664873
3.957,-22992.0,2.66656064881333,144885,2.640744195382561,143278.5551967812,2.65448,2.6516626798577687
3.962,-23000.0,2.670255865371533,145075,2.644015050044472,143479.72517409537,2.65773,2.64485321945135
3.966,-23006.0,2.673027277790186,145259,2.6472814661516706,143679.21976704826,2.66097,2.652356180529181
3.97,-23012.0,2.675798690208838,145438,2.650489355599288,143876.58677299437,2.6642200000000003,2.658925951630346
3.975,-23020.0,2.679493906767041,145613,2.65370025117139,144071.54569017005,2.66746,2.654177314840354
3.979,-23026.0,2.6822653191856936,145786,2.656913797439466,144264.0265340725,2.67056,2.6637918729123293
3.984,-23033.0,2.685498633674121,145964,2.660102374550782,144454.49965137918,2.67394,2.662213079028109
3.988,-23040.0,2.6887319481625487,146131,2.6632962411767043,144642.8477208477,2.67735,2.652824752667862
3.993,-23050.0,2.693350968860303,146301,2.6665766912572724,144828.84905789376,2.6806,2.649983769730813
3.997,-23059.0,2.697508087488281,146466,2.6699881005119632,145012.6628931491,2.68402,2.6574075099965184
4.002,-23064.0,2.6998175978371584,146627,2.6733784527684947,145194.0158088623,2.68742,2.6658781845597312
4.006,-23071.0,2.703050912325586,146782,2.6766956248002494,145372.60759737622,2.69069,2.6731971666795977
4.011,-23079.0,2.7067461288837893,146935,2.680030188400808,145548.29178081936,2.69396,2.67221254106596
4.015,-23085.0,2.709517541302441,147081,2.683352780833361,145720.88008270392,2.6973700000000003,2.666774028821963
4.02,-23091.0,2.7122889537210937,147220,2.686610204610026,145889.91090038678,2.70064,2.695631746548042
4.024,-23098.0,2.7155222682095217,147358,2.6898374713817046,146055.33191310326,2.70378,2.6934237507254997
4.028,-23105.0,2.7187555826979493,147500,2.693065453203932,146217.74727759548,2.70706,2.690269096035637
4.033,-23113.0,2.722450799256152,147637,2.6963213719810923,146377.4532486673,2.71033,2.702156811502229
4.037,-23122.0,2.726607917884131,147770,2.699656537489525,146534.23811431704,2.71361,2.7092727050585967
4.041,-23128.0,2.729379330302783,147904,2.7030069671117367,146688.2698986528,2.71674,2.7163526102782223
4.046,-23134.0,2.732150742721436,148035,2.706288936753652,146839.75587688416,2.72002,2.7198591021130865
4.05,-23139.0,2.7344602530703126,148164,2.709483234318759,146988.70146488643,2.7233,2.7225043593503067
4.054,-23146.0,2.73769356755874,148294,2.7126275321453166,147135.34790777983,2.72659,2.7258131232814375
4.059,-23155.0,2.741850686186719,148419,2.7158369677351075,147279.73057492505,2.73001,2.721696504066718
4.063,-23161.0,2.744622098605371,148545,2.7190765330898192,147421.8806537935,2.73315,2.7193692472268403
4.068,-23170.0,2.74877921723335,148675,2.722342665822876,147562.35770098932,2.73642,2.708208392674378
4.072,-23177.0,2.7520125317217774,148805,2.725659531193987,147701.59599665896,2.73985,2.7171620047401244
4.077,-23184.0,2.755245846210205,148931,2.7289665179436207,147839.50553474526,2.74343,2.712178964546779
4.081,-23191.0,2.758479160698633,149058,2.7322647940685623,147976.06606843622,2.7467,2.7194981531532596
4.086,-23197.0,2.761250573117285,149180,2.735528083019497,148111.20062740005,2.75012,2.7493447537497886
4.09,-23205.0,2.7649457896754885,149300,2.7387878279460067,148244.66398968402,2.75343,2.7466686572282915
4.095,-23211.0,2.7677172020941407,149418,2.7420444478750907,148376.417279295,2.75688,2.75436247263453
4.099,-23218.0,2.7709505165825683,149539,2.7452710058419405,148506.72180372218,2.76003,2.7586663006221355
4.104,-23226.0,2.774645733140772,149655,2.748525669112972,148635.63062262503,2.76364,2.75896195749373
4.108,-23235.0,2.77880285176875,149773,2.751859727559785,148763.1314047676,2.76695,2.7590090762238955
4.112,-23242.0,2.782036166257178,149891,2.7552364874618185,148889.50886388228,2.7702400000000003,2.74682978993234
4.117,-23249.0,2.785269480745605,150006,2.758596287124797,149014.71846364456,2.77354,2.7492677910534025
4.121,-23255.0,2.7880408931642577,150122,2.7619138253908697,149138.78005087058,2.77685,2.7546154992708756
4.126,-23262.0,2.7912742076526857,150235,2.7651940990276294,149261.71112579218,2.78018,2.7527289595826105
4.13,-23268.0,2.794045620071338,150345,2.76844151401088,149383.2906499151,2.78351,2.7745424660308666
4.134,-23274.0,2.79681703248999,150460,2.771632648928542,149503.79665836573,2.78667,2.786531588506655
4.139,-23282.0,2.800512249048193,150571,2.7748287709391013,149623.41519544678,2.78999,2.7889013136296463
4.143,-23291.0,2.804669367676172,150685,2.778111209739367,149742.19207375616,2.79328,2.7932259732762756
4.147,-23298.0,2.8079026821646,150801,2.781442453233175,149860.52239363335,2.79657,2.7859569105325437
4.152,-23305.0,2.8111359966530274,150913,2.784762118111119,149978.34071902809,2.79986,2.7962480374896774
4.156,-23310.0,2.813445507001904,151026,2.7880169604719938,150095.53023331065,2.80302,2.792027556874092
4.16,-23317.0,2.816678821490332,151138,2.791214644592809,150212.16528383392,2.80634,2.781672589805537
4.165,-23324.0,2.81991213597876,151251,2.7944165414628315,150328.3114275067,2.80965,2.7836661371183538
4.169,-23332.0,2.823607352536963,151363,2.797649459436759,150444.02647013028,2.81281,2.791410833616817
4.174,-23341.0,2.827764471164941,151477,2.800964343637212,150559.42050024614,2.8161,2.7940169815332707
4.178,-23348.0,2.830997785653369,151598,2.8043241963559704,150675.0635292793,2.81955,2.799785977895358
4.183,-23354.0,2.8337691980720217,151710,2.807641781404784,150790.80788209892,2.823,2.8119537473619403
4.187,-23348.0,2.830997785653369,151773,2.8105671124658413,150903.21276965627,2.82621,2.8261246967586886
4.191,-23340.0,2.827302569095166,151793,2.812764277333596,151007.23423237706,2.82882,2.809317963353481
4.196,-23333.0,2.8240692546067385,151787,2.8142920641403144,151099.78438235377,2.83083,2.805383236669033
4.2,-23329.0,2.8222216463276366,151755,2.815338842456696,151179.14542322877,2.83231,2.824743994279835
4.205,-23321.0,2.8185264297694337,151704,2.815934177774695,151244.21648372652,2.83328,2.812757427521697
4.209,-23314.0,2.815293115281006,151640,2.816049527019912,151294.79538002764,2.83363,2.808398184966487
4.214,-23308.0,2.812521702862353,151568,2.8157962541436863,151331.3541248471,2.83336,2.8242712318822694
4.218,-23300.0,2.8088264863041505,151485,2.815190636658697,151354.42715736816,2.83261,2.8311348329739876
4.223,-23291.0,2.804669367676172,151395,2.814192414612777,151364.54484486431,2.83119,2.831337499237672
4.227,-23287.0,2.8028217593970703,151303,2.812957233318609,151362.70690332024,2.82927,2.8313006836367007
4.232,-23279.0,2.7991265428388674,151209,2.8115404160525435,151350.09043449347,2.82678,2.8310479645643847
4.236,-23274.0,2.79681703248999,151113,2.809936132058224,151327.73336575666,2.82377,2.822251981059302
4.24,-23267.0,2.7935837180015626,151016,2.8081938528740507,151296.6100227499,2.82058,2.8079416139833406
4.245,-23262.0,2.7912742076526857,150918,2.80632989433299,151257.6386493185,2.81761,2.8177469591699684
4.249,-23253.0,2.787117089024707,150816,2.8043040302723714,151211.45156874278,2.81451,2.8036037299172
4.253,-23247.0,2.784345676606055,150714,2.8021080971098504,151158.66545908703,2.8114,2.8260031582579423
4.258,-23239.0,2.7806504600478514,150611,2.799789509379045,151100.00143780358,2.80844,2.805475810616658
4.262,-23235.0,2.77880285176875,150508,2.797417382014154,151036.0953611706,2.80533,2.812644395862894
4.266,-23229.0,2.7760314393500978,150404,2.795052658159307,150967.50790512966,2.80238,2.8068300260023724
4.271,-23221.0,2.7723362227918944,150301,2.792585236669061,150894.7925716149,2.79926,2.825751079749644
4.275,-23215.0,2.769564810373242,150198,2.7900272599772724,150818.49653677017,2.79618,2.8185206368028686
4.279,-23209.0,2.76679339795459,150091,2.787444047756097,150738.80669449296,2.79309,2.794098059247358
4.284,-23201.0,2.763098181396386,149987,2.7847839708267,150656.0651935115,2.79003,2.785736310631561
4.288,-23195.0,2.7603267689777344,149878,2.7820561172720915,150570.5146112718,2.7871,2.7884827028336474
4.292,-23187.0,2.7566315524195315,149768,2.7792685006476514,150482.13237453563,2.78386,2.7866918228983915
4.297,-23183.0,2.7547839441404296,149661,2.7764827999241586,150391.3715181865,2.78077,2.795048973972454
4.301,-23175.0,2.7510887275822267,149550,2.773698788575458,150298.4541604289,2.77769,2.787789685698513
4.306,-23171.0,2.749241119303125,149440,2.770916266858668,150203.45792257227,2.77446,2.786533623730449
4.31,-23163.0,2.745545902744922,149327,2.768135058647464,150106.51036578382,2.7714,2.793459145451133
4.315,-23157.0,2.7427744903262696,149214,2.765300395743306,150007.6648516649,2.7682,2.783151795526536
4.319,-23150.0,2.739541175837842,149100,2.762445904799091,149907.08666741368,2.76502,2.7776143152485235
4.324,-23142.0,2.7358459592796387,148982,2.7595193172825905,149804.68508794068,2.76182,2.764796858876234
4.329,-23133.0,2.7316888406516604,148865,2.756474544620765,149700.4983498136,2.75863,2.786382775915841
4.333,-23127.0,2.728917428233008,148746,2.753380173306506,149594.6784035023,2.75545,2.7811202514485602
4.338,-23120.0,2.72568411374458,148628,2.750296680522786,149487.359233644,2.75241,2.7778561598808347
4.342,-23113.0,2.722450799256152,148514,2.747195473600542,149379.0136876145,2.74925,2.7731710012157778
4.347,-23108.0,2.720141288907276,148398,2.7441332598637835,149269.88135358473,2.74621,2.755904503105183
4.351,-23103.0,2.7178317785583985,148280,2.7411600418577,149159.81878768274,2.74318,2.751654203364364
4.355,-23096.0,2.714598464069971,148164,2.7382106842938514,149048.93597568315,2.74017,2.75711317861085
4.36,-23090.0,2.7118270516513183,148045,2.735255059589508,148937.27078181764,2.73728,2.7681190336028654
4.364,-23082.0,2.7081318350931154,147925,2.7322666022905024,148824.6792412559,2.73423,2.766189304671524
4.368,-23074.0,2.704436618534912,147804,2.7291945814554537,148711.1526456146,2.7312,2.754640701690249
4.373,-23068.0,2.70166520611626,147680,2.726103490098381,148596.56508134954,2.72818,2.7360771537496
4.377,-23062.0,2.698893793697608,147549,2.7230501959150213,148480.45081789393,2.72528,2.7532741454429623
4.382,-23057.0,2.6965842833487303,147421,2.7200575364125315,148362.75389462363,2.7221,2.7503018554536833
4.386,-23053.0,2.694736675069629,147290,2.717172955358332,148243.66143699718,2.71906,2.7460559911115294
4.39,-23044.0,2.6905795564416506,147152,2.714274448326305,148122.74727175853,2.71602,2.749906719772067
4.395,-23038.0,2.687808144022998,147010,2.7113090489551075,147999.57649676173,2.71283,2.721798348949618
4.4,-23029.0,2.68365102539502,146867,2.70828466624674,147874.1203348114,2.7096400000000003,2.722354935179904
4.404,-23023.0,2.6808796129763675,146720,2.705208274083974,147746.353411178,2.70645,2.7178471052638975
4.409,-23015.0,2.677184396418164,146572,2.702113328242221,147616.25335130797,2.70328,2.706681653060968
4.413,-23007.0,2.673489179859961,146421,2.698947409515434,147483.85954349593,2.70011,2.7003689011630523
4.418,-23001.0,2.6707177674413085,146272,2.6957735222645933,147349.38407116188,2.69693,2.7274126141711363
4.422,-22995.0,2.6679463550226563,146117,2.692647221542982,147212.83658989382,2.69403,2.702776108196373
4.427,-22991.0,2.666098746743555,145955,2.689617493863554,147073.69355707633,2.69085,2.712603274909939
4.431,-22983.0,2.6624035301853515,145798,2.686618308035999,146932.1436224195,2.68766,2.699999034152442
4.436,-22977.0,2.6596321177667,145629,2.6835914400542498,146788.05754368665,2.68461,2.702368305686644
4.44,-22970.0,2.656398803278272,145464,2.680567469360367,146641.2622421728,2.68143,2.694355583643243
4.445,-22963.0,2.653165488789844,145289,2.677518746945876,146491.72333789308,2.67842,2.6850567136661887
4.449,-22957.0,2.6503940763711915,145115,2.674475505773624,146339.23316358082,2.6752700000000003,2.683189369176911
4.454,-22948.0,2.6462369577432128,144935,2.671382484873583,146183.84507505572,2.67212,2.6838867735619094
4.458,-22942.0,2.643465545324561,144755,2.6682455699416576,146025.54700222574,2.66912,2.669203881308704
4.462,-22935.0,2.640232230836133,144569,2.6651245636761804,145864.32830210356,2.66625,2.67676208202705
4.467,-22930.0,2.637922720487256,144377,2.662044891567475,145699.82488568872,2.66326,2.6709959792253786
4.471,-22924.0,2.6351513080686035,144185,2.659028972928232,145532.0704163537,2.66026,2.6725822611560726
4.476,-22918.0,2.632379895649952,143988,2.656041963431828,145361.15369468645,2.65725,2.6717722702461666
4.48,-22912.0,2.6296084832312987,143783,2.65308044501169,145186.6800827761,2.65414,2.6651683507222987
4.485,-22904.0,2.625913266673096,143587,2.6500867908391674,145009.1292462084,2.65101,2.657246343508637
4.489,-22896.0,2.622218050114893,143390,2.647010187581876,144829.33795918908,2.64818,2.650012022686683
4.493,-22888.0,2.618522833556689,143189,2.6438604427078385,144647.27553393051,2.64518,2.6495814703400007
4.498,-22885.0,2.617137127347364,142993,2.6407827363423,144463.269615394,2.64206,2.6558614003557808
4.502,-22878.0,2.613903812858936,142791,2.6377958574752207,144277.4908747112,2.63918,2.657634827774794
4.507,-22873.0,2.6115943025100585,142590,2.634834454239476,144089.85333415773,2.63603,2.6415872758196315
4.511,-22866.0,2.608360988021631,142397,2.63189551452902,143901.108825132,2.63286,2.657817678779012
4.516,-22859.0,2.6051276735332034,142204,2.628921769477072,143711.86116900377,2.6297,2.6320032633186985
4.52,-22851.0,2.601432456975,142012,2.625890027837805,143522.22897266498,2.62652,2.6343752757347136
4.525,-22845.0,2.598661044556348,141826,2.622834453274064,143332.67152393062,2.62337,2.6277363863799197
4.53,-22837.0,2.5949658279981445,141644,2.619757863666785,143143.77115900748,2.62034,2.6267673904328293
4.534,-22830.0,2.591732513509717,141466,2.616635437277093,142955.92312690537,2.61733,2.630644354842584
4.538,-22823.0,2.5884991990212893,141292,2.613499900055791,142769.47594444864,2.61429,2.617826314155906
4.543,-22817.0,2.5857277866026367,141116,2.610380108607604,142584.3822172617,2.61125,2.6397812734787984
4.547,-22812.0,2.58341827625376,140947,2.607328814130754,142400.7775068255,2.6082,2.6314969457697304
4.551,-22806.0,2.580646863835108,140776,2.6043379178998847,142218.7813465372,2.60529,2.629925738232673
4.556,-22799.0,2.57741354934668,140603,2.601345665844295,142037.9670802102,2.60225,2.6033211273677654
4.56,-22790.0,2.5732564307187014,140433,2.5982702989249287,141858.25408425185,2.59906,2.629868596194324
4.565,-22784.0,2.5704850183000487,140263,2.595148950658894,141679.68950237837,2.59587,2.602956903425896
4.569,-22776.0,2.566789801741846,140095,2.59201436408952,141502.25578688082,2.59282,2.6204734070642735
4.574,-22770.0,2.5640183893231936,139933,2.5888681044448885,141326.29216918477,2.58975,2.6038145055870263
4.578,-22764.0,2.561246976904541,139772,2.5857661647851327,141152.03865436028,2.58666,2.604513398897355
4.582,-22757.0,2.5580136624161134,139611,2.5826759984976944,140979.35216614255,2.58355,2.596556497775717
4.587,-22752.0,2.555704152067237,139453,2.57962352000855,140808.22477965447,2.58058,2.597296277787459
4.591,-22745.0,2.5524708375788085,139298,2.5766042733085994,140638.8268592075,2.57748,2.5906031536100462
4.595,-22738.0,2.549237523090381,139139,2.5735597163475865,140470.89480434154,2.57451,2.590568829347755
4.6,-22730.0,2.5455423065321776,138983,2.570465535230799,140304.19618134288,2.57127,2.588358932497716
4.604,-22723.0,2.54230899204375,138828,2.567327597260116,140138.82162523747,2.56816,2.586736980953806
4.608,-22716.0,2.5390756775553225,138670,2.564178382466421,139974.49635045286,2.5652,2.5691717215374212
4.613,-22709.0,2.5358423630668945,138511,2.561019224162569,139810.85982583754,2.56207,2.5681750027941455
4.617,-22705.0,2.533994754787793,138348,2.5579332173621587,139647.53503016933,2.5588100000000003,2.56155203666208
4.622,-22698.0,2.530761440299365,138190,2.554911713012185,139484.54422363752,2.55555,2.5675868994622393
4.627,-22689.0,2.5266043216713867,138029,2.5518105524374617,139321.96615189998,2.55228,2.566274966404958
4.631,-22683.0,2.5238329092527345,137869,2.54866646022362,139159.6337805481,2.54902,2.5561884649924247
4.636,-22676.0,2.5205995947643065,137709,2.5455391252806816,138997.57717664458,2.54577,2.556077682393133
4.64,-22666.0,2.515980574066553,137554,2.5423173405232062,138836.05932186896,2.54251,2.5655808052160722
4.645,-22660.0,2.5132091616479006,137395,2.5390395796538807,138675.07563472603,2.5394,2.566250609417117
4.649,-22653.0,2.5099758471594726,137235,2.535794380341522,138514.26737102814,2.53613,2.5532904414012134
4.654,-22645.0,2.5062806306012697,137081,2.5325232797806447,138353.90937660742,2.53286,2.533095126236167
4.658,-22640.0,2.5039711202523924,136926,2.529283953296531,138194.24400095548,2.52972,2.530264893559744
4.663,-22633.0,2.500737805763965,136772,2.5260999505359703,138035.18935243422,2.52659,2.5434847432170624
4.667,-22628.0,2.498428295415088,136621,2.522964730309856,137876.90969143642,2.52345,2.523593861003934
4.671,-22622.0,2.4956568829964354,136461,2.5198998312734715,137718.95868308653,2.5203100000000003,2.521705975273898
4.676,-22613.0,2.491499764368457,136309,2.5167877132224223,137561.23835180872,2.51717,2.5299944068338434
4.68,-22605.0,2.487804547810254,136154,2.5135793461907445,137404.01701053386,2.51404,2.514700585735921
4.685,-22598.0,2.484571233321826,136000,2.5103407230533965,137247.11742648645,2.51092,2.531082131915649
4.689,-22591.0,2.4813379188333986,135841,2.507102727583065,137090.26508717693,2.50792,2.525751813297319
4.693,-22584.0,2.4781046043449706,135683,2.503865285567669,136933.21793704364,2.50464,2.5050104229571075
4.698,-22580.0,2.476256996065869,135530,2.500710250914292,136776.35371388902,2.5015,2.519848784702698
4.702,-22574.0,2.473485583647217,135375,2.4976551866536254,136619.82814157158,2.49837,2.5231916065681617
4.707,-22567.0,2.470252269158789,135215,2.49460635346208,136463.18735799697,2.49538,2.496341542029054
4.711,-22558.0,2.46609515053081,135057,2.4914810952657622,136306.26763295222,2.4921100000000003,2.4953198863060524
4.715,-22553.0,2.463785640181934,134891,2.488343061055911,136148.74724264018,2.48897,2.4946354675397164
4.72,-22545.0,2.4600904236237304,134728,2.485221067850104,135990.4016196083,2.48584,2.4866525510619084
4.724,-22538.0,2.456857109135303,134560,2.4820586061470418,135831.2101002831,2.48285,2.503631056353344
4.729,-22532.0,2.4540856967166507,134387,2.478915073627673,135670.6815250649,2.47958,2.513817018179731
4.733,-22524.0,2.450390480158448,134216,2.4757609257556084,135508.79662829053,2.47644,2.494393778833631
4.737,-22519.0,2.4480809698095705,134036,2.4726247240831345,135345.30195257897,2.4733,2.477219577773874
4.742,-22512.0,2.4448476553211425,133855,2.469531653193262,135179.79665583826,2.4700100000000003,2.4796148265181124
4.747,-22506.0,2.4420762429024903,133673,2.4664493070785185,135012.40022863846,2.46675,2.4838770232965937
4.751,-22498.0,2.438381026344288,133494,2.4633491112490784,134843.4545031964,2.46346,2.4819174095919374
4.756,-22490.0,2.434685809786084,133314,2.460178563265822,134673.26089526684,2.46033,2.478557108195652
4.76,-22483.0,2.4314524952976564,133130,2.4569732876494625,134501.6713609925,2.45719,2.474105292479065
4.764,-22474.0,2.4272953766696777,132941,2.45371008396634,134328.31889086147,2.45406,2.4826205306572824
4.769,-22469.0,2.424985866320801,132748,2.45045041422602,134152.8798686562,2.45093,2.4842816584221623
4.773,-22462.0,2.4217525518323733,132551,2.447248473489979,133975.12805825364,2.44779,2.4501988669443304
4.778,-22456.0,2.4189811394137206,132355,2.444070129732997,133795.1595594996,2.44466,2.4530838643104738
4.782,-22451.0,2.416671629064844,132158,2.440967205867573,133613.2364620866,2.44152,2.4644252669672846
4.786,-22444.0,2.413438314576416,131958,2.437903478190059,133429.35339799646,2.43839,2.4623090744324445
4.791,-22436.0,2.409743098018213,131755,2.434792393002504,133243.38739910253,2.43525,2.4397824611285883
4.795,-22430.0,2.4069716855995607,131539,2.431666856058631,133054.638862415,2.43227,2.4511481479909607
4.799,-22422.0,2.4032764690413573,131311,2.428528576058885,132861.9588457832,2.429,2.4309459547025036
4.804,-22415.0,2.4000431545529297,131089,2.4253517532276248,132665.45748254718,2.42573,2.442299295899483
4.808,-22409.0,2.397271742134277,130862,2.4221955575651046,132465.64570623636,2.42261,2.426274389037231
4.813,-22404.0,2.3949622317854,130626,2.419112163118736,132262.08727929744,2.4195,2.437728007916677
4.817,-22396.0,2.3912670152271973,130386,2.416038349355184,132054.4566600322,2.41635,2.4453896265653126
4.822,-22390.0,2.388495602808545,130133,2.412945677056142,131842.23032750847,2.41324,2.43951910650664
4.826,-22382.0,2.3848003862503417,129870,2.409836375956686,131624.59195479966,2.40997,2.4360946697244787
4.831,-22373.0,2.3806432676223634,129612,2.406630492814908,131401.8858463797,2.40671,2.407048272127844
4.835,-22367.0,2.377871855203711,129344,2.4033940598852475,131174.41559795372,2.40359,2.414292492271879
4.84,-22361.0,2.3751004427850586,129072,2.400212608560323,130941.91685307394,2.40048,2.406856418728811
4.844,-22356.0,2.3727909324361818,128788,2.3971069445496136,130704.03827662808,2.39749,2.400729093770009
4.848,-22347.0,2.368633813808203,128495,2.3939861878108544,130460.17448655156,2.39438,2.395666890140057
4.853,-22342.0,2.366324303459326,128182,2.39085212282965,130209.31873882456,2.39124,2.394513928962475
4.857,-22337.0,2.3640147931104494,127870,2.3878155488962696,129951.17449557432,2.38796,2.3941339991190227
4.862,-22329.0,2.360319576552246,127570,2.384783019831956,129687.3720367408,2.38468,2.3857430055363085
4.866,-22322.0,2.3570862620638184,127269,2.3816994444959683,129419.23065165473,2.38157,2.388900104416918
4.871,-22314.0,2.353391045505615,126971,2.378570858333768,129147.38158716644,2.37844,2.3839088932102683
4.875,-22307.0,2.3501577310171875,126675,2.375402583191159,128872.55880697684,2.37532,2.403948795267496
4.879,-22300.0,2.34692441652876,126391,2.372226618134839,128595.94155131603,2.3722,2.3767561732232427
4.884,-22294.0,2.344153004110108,126116,2.3690711788284142,128318.98345496958,2.36907,2.3711743572300055
4.888,-22289.0,2.3418434937612305,125847,2.3659884513105336,128042.61157812766,2.36594,2.369096624314401
4.893,-22282.0,2.338610179272803,125592,2.362942532069554,127767.93895719624,2.36281,2.36694338401868
4.897,-22275.0,2.335376864784375,125343,2.3598744561899303,127495.94702895012,2.35984,2.361929733091637
4.901,-22269.0,2.3326054523657227,125098,2.3568141498055257,127226.91001621392,2.35675,2.367419593523431
4.906,-22262.0,2.329372137877295,124857,2.353760694291667,126960.95148433796,2.35352,2.3640551376709023
4.91,-22254.0,2.325676921319092,124628,2.350658666740604,126698.65332812825,2.35044,2.352347844138306
4.915,-22249.0,2.323367410970215,124407,2.3475684229536693,126440.76511176753,2.34736,2.349916226376341
4.919,-22243.0,2.3205959985515627,124191,2.344543182576404,126187.53395308903,2.3444,2.349122293943122
4.923,-22237.0,2.31782458613291,123985,2.3415479534957604,125939.2959867946,2.34132,2.34447997227263
4.928,-22231.0,2.315053173714258,123785,2.3385791873322392,125696.40672216594,2.3382300000000003,2.3391916203421332
4.932,-22224.0,2.3118198592258303,123588,2.335606448800024,125458.76581313567,2.33517,2.336575862363328
4.936,-22217.0,2.3085865447374023,123403,2.332602901123075,125226.63948241778,2.33197,2.3320228198390063
4.941,-22209.0,2.3048913281791994,123214,2.329544880566061,124999.84865415616,2.32907,2.347125730180093
4.945,-22202.0,2.3016580136907714,123034,2.326438827718784,124778.05807329951,2.3259,2.342375577029593
4.949,-22197.0,2.2993485033418946,122859,2.323372341013945,124561.50418018572,2.323,2.3345967078962735
4.954,-22191.0,2.2965770909232424,122687,2.320368048805048,124350.04075529316,2.31994,2.336912607917836
4.958,-22185.0,2.2938056785045897,122520,2.3173912910903818,124143.53886733536,2.3169,2.3248988975006433
4.963,-22179.0,2.291034266085937,122359,2.31443881233467,123942.06218138244,2.31387,2.315661645286443
4.967,-22173.0,2.2882628536672853,122203,2.311507741920182,123745.66683507797,2.31085,2.325241778287876
4.971,-22165.0,2.284567637109082,122048,2.308540935739606,123554.10674165544,2.30784,2.310011923143002
4.976,-22160.0,2.282258126760205,121889,2.3055699254521547,123366.63285378992,2.30499,2.3327634592005664
4.98,-22152.0,2.278562910202002,121738,2.3025952081295418,123182.99850939524,2.30187,2.310819279063831
4.984,-22146.0,2.275791497783349,121595,2.299589915624072,123003.69561919574,2.29887,2.322394429049008
4.989,-22141.0,2.2734819874344727,121448,2.296639582330931,122828.44852418292,2.29588,2.2967827396667158
4.993,-22136.0,2.271172477085596,121305,2.2937650166071624,122656.77768824474,2.29289,2.3013264249190426
4.998,-22128.0,2.2674772605273925,121160,2.2908753407450275,122488.37850791797,2.28978,2.289970184835783
5.002,-22122.0,2.2647058481087403,121022,2.287945034840399,122323.15974665966,2.28666,2.297223139066787
5.007,-22116.0,2.261934435690088,120887,2.2850335156744936,122161.33654224804,2.28371,2.3033322436323536
5.011,-22109.0,2.25870112120166,120755,2.282111255552873,122002.86212610046,2.28076,2.285899770689982
5.016,-22102.0,2.2554678067132325,120627,2.2791522179819954,121847.75437670552,2.27783,2.294214947088943
5.02,-22094.0,2.251772590155029,120500,2.276133444887792,121695.9108238975,2.27489,2.307953968233932
5.024,-22090.0,2.249924981875928,120378,2.273143918432324,121547.30023044712,2.27196,2.305297053749913
5.029,-22085.0,2.247615471527051,120254,2.270262099989975,121401.71770026018,2.26915,2.2750332439934255
5.033,-22078.0,2.244382157038624,120134,2.267393335381192,121258.92344569272,2.26624,2.2912147657355857
5.037,-22072.0,2.2416107446199707,120011,2.2645087747404022,121118.64691294623,2.26333,2.2889336081675244
5.042,-22065.0,2.238377430131543,119887,2.26161028570821,120980.35395010792,2.26031,2.2604812409920774
5.047,-22057.0,2.23468221357334,119765,2.25864490220864,120843.86914759394,2.25728,2.2634400657323965
5.051,-22051.0,2.2319108011546875,119649,2.25564783994356,120709.4516571188,2.25429,2.26083184244824
5.056,-22046.0,2.2296012908058107,119536,2.252704763790025,120577.38910704455,2.25142,2.2738443257348875
5.06,-22039.0,2.2263679763173827,119422,2.249781984262973,120447.52129627085,2.24857,2.253943832029573
5.064,-22033.0,2.2235965638987305,119309,2.2468497951466966,120319.58873024669,2.24572,2.272937650615404
5.069,-22029.0,2.221748955619629,119202,2.2439912283267627,120193.7764174881,2.24287,2.2529787922178626
5.073,-22022.0,2.218515641131201,119096,2.241170272637825,120070.24749206728,2.24003,2.2554687023913225
5.077,-22017.0,2.216206130782324,118983,2.238355174687288,119948.377273766,2.2372,2.2578688170824655
5.082,-22009.0,2.2125109142241213,118876,2.2355179354384136,119827.9105282908,2.23426,2.2489135106435603
5.086,-22002.0,2.2092775997356933,118771,2.2326065598665945,119709.1542554995,2.23157,2.243966626904992
5.091,-21997.0,2.2069680893868164,118663,2.229711732809481,119591.8471006077,2.22876,2.2434900484958473
5.095,-21990.0,2.203734774898389,118556,2.226831497656832,119475.69949266294,2.22594,2.2277888069318603
5.1,-21985.0,2.201425264549512,118450,2.223964129137816,119360.69256766464,2.22314,2.229948055053372
5.104,-21980.0,2.1991157542006348,118342,2.22116271886512,119246.63233980116,2.22031,2.2485114459915634
5.108,-21973.0,2.195882439712207,118235,2.218364855382544,119133.34775913352,2.21749,2.2420062659150983
5.113,-21967.0,2.1931110272935546,118129,2.215542812887847,119020.86535196948,2.21466,2.2409654535302224
5.117,-21961.0,2.1903396148749024,118026,2.212726756629807,118909.32674307916,2.21187,2.2377189481203628
5.121,-21953.0,2.1866443983166994,117924,2.209861365930483,118798.856812257,2.20907,2.2225089352471623
5.126,-21946.0,2.1834110838282714,117819,2.2069251673891834,118689.21096977596,2.2064,2.219353463119169
5.13,-21943.0,2.1820253776189453,117716,2.204063065197771,118580.23266232264,2.2036,2.204307121965633
5.134,-21938.0,2.1797158672700685,117612,2.2013209114859915,118471.90208142732,2.20094,2.2220386271424086
5.139,-21932.0,2.176944454851416,117510,2.1986026048252443,118364.2017606708,2.19815,2.19833309159175
5.143,-21925.0,2.1737111403629883,117410,2.195850712767866,118257.29365096458,2.19539,2.220187158609109
5.147,-21921.0,2.171863532083887,117307,2.1931238191728144,118151.0249680002,2.19262,2.2224459521319675
5.152,-21912.0,2.167706413455908,117205,2.190364355455548,118045.20187449308,2.18999,2.2119833145025467
5.156,-21907.0,2.165396903107032,117102,2.1875488660895472,117939.77168626514,2.18727,2.203405027720738
5.16,-21902.0,2.1630873927581544,116996,2.184793201048852,117834.45147865156,2.18454,2.1953604501166772
5.165,-21894.0,2.159392176199951,116893,2.182008367671916,117729.22824811692,2.18181,2.1823967414169227
5.169,-21892.0,2.1584683720604003,116790,2.1792797340157057,117624.26788078852,2.17907,2.204290973851429
5.173,-21885.0,2.1552350575719728,116687,2.176627961766007,117519.53929708908,2.17648,2.1915801220198667
5.178,-21879.0,2.152463645153321,116576,2.1739347374372344,117414.54215294926,2.17377,2.1964678708958085
5.182,-21871.0,2.148768428595117,116470,2.1711776556592164,117309.13084936528,2.17095,2.1862018144357203
5.187,-21865.0,2.145997016176465,116365,2.168364266604366,117203.70905877875,2.16822,2.1969159641352918
5.191,-21859.0,2.1432256037578123,116254,2.1655558406484867,117097.98243413107,2.16553,2.175996373579823
5.196,-21853.0,2.14045419133916,116140,2.162751790980589,116991.45496083796,2.1628,2.1628653772280417
5.2,-21846.0,2.1372208768507326,116031,2.1599242937229235,116884.33956186958,2.15996,2.168196236195242
5.205,-21842.0,2.135373268571631,115923,2.1571307340929327,116777.06045488224,2.15721,2.1780163951254004
5.209,-21836.0,2.1326018561529785,115813,2.1543944059304083,116669.57787846254,2.15461,2.1670619160022997
5.213,-21831.0,2.1302923458041017,115704,2.151681236036295,116561.85677237964,2.15187,2.1518230674508465
5.217,-21824.0,2.127059031315674,115590,2.148961179849239,116453.68886954954,2.14915,2.1591025294874275
5.222,-21816.0,2.1233638147574707,115477,2.14615313222396,116344.89052730426,2.14653,2.1465918735921767
5.226,-21810.0,2.1205924023388185,115360,2.143294803258346,116235.3589333264,2.14378,2.1652246569216453
5.23,-21804.0,2.117820989920166,115241,2.1404467508528344,116124.82607909954,2.14101,2.1511726157932167
5.235,-21799.0,2.115511479571289,115124,2.1376350664086865,116013.41034842384,2.13825,2.146073761054769
5.239,-21793.0,2.112740067152637,115005,2.1348554499674512,115901.2161280151,2.13561,2.1462252599194254
5.244,-21787.0,2.109968654733984,114887,2.1320768035271427,115788.27634504982,2.13285,2.1343038176304243
5.248,-21782.0,2.107659144385108,114766,2.12932631884814,115674.56091616904,2.1301,2.149050308489036
5.252,-21774.0,2.1039639278269044,114642,2.1265460533338927,115559.80684532384,2.12735,2.1446555286477453
5.257,-21769.0,2.101654417478027,114515,2.12373952811535,115443.78223174918,2.1246,2.127324004868831
5.261,-21764.0,2.0993449071291503,114384,2.1209917673479763,115326.223476022,2.12195,2.133841869171029
5.265,-21757.0,2.0961115926407228,114251,2.118241210132465,115206.95726274034,2.11905,2.137209838387673
5.27,-21750.0,2.0928782781522948,114116,2.115433574209812,115085.9490032082,2.11628,2.13349764959481
5.274,-21745.0,2.090568767803418,113981,2.112630221165724,114963.28643311176,2.11351,2.1226294429638206
5.279,-21739.0,2.0877973553847657,113845,2.1098579510631708,114839.10603212383,2.11075,2.126929702456661
5.283,-21733.0,2.085025942966113,113706,2.107085782368698,114713.35079107882,2.10811,2.1118713630022286
5.287,-21727.0,2.082254530547461,113560,2.104313703092342,114585.61573689338,2.10533,2.1084680031135363
5.292,-21718.0,2.0780974119194826,113409,2.1014597833170554,114455.4255435988,2.10242,2.106615528601612
5.296,-21713.0,2.0757879015706053,113253,2.0985610058856805,114322.4793200896,2.09962,2.1068888741217155
5.301,-21706.0,2.0725545870821778,113096,2.095677287430461,114186.7482206483,2.0967,2.109180461441841
5.305,-21701.0,2.070245076733301,112937,2.0928068474564383,114048.38416231716,2.09388,2.1171846728580626
5.31,-21694.0,2.067011762244873,112773,2.0899481159851128,113907.28463066836,2.09106,2.0938920439523985
5.314,-21689.0,2.064702251895996,112605,2.087099708664069,113763.24099725152,2.08824,2.10971508072993
5.318,-21682.0,2.0614689374075685,112435,2.084260404819517,113616.24665295072,2.08541,2.090452613389625
5.323,-21674.0,2.057773720849365,112263,2.081347208759067,113466.41400487228,2.08257,2.1082818679697755
5.327,-21668.0,2.055002308430713,112083,2.0783961635619463,113313.48746530677,2.07972,2.1030041274839695
5.331,-21661.0,2.0517689939422854,111897,2.075439050761304,113157.00519631532,2.077,2.0895150396066935
5.336,-21656.0,2.049459483593408,111709,2.072503894207236,112996.91466965778,2.07413,2.078600901773453
5.34,-21651.0,2.047149973244532,111508,2.069642710803908,112832.75574597754,2.07126,2.072381527306874
5.345,-21644.0,2.043916658756104,111301,2.06679214145454,112663.8862208107,2.06836,2.0722973993343574
5.349,-21637.0,2.040683344267676,111101,2.0638963183121626,112490.92216855523,2.06535,2.0676548900093747
5.353,-21631.0,2.0379119318490235,110899,2.060987898397948,112314.64329176884,2.06258,2.064383906739864
5.358,-21624.0,2.034678617360596,110698,2.058068371088631,112135.38240065254,2.05955,2.066549659978679
5.362,-21616.0,2.0309834008023926,110496,2.055084436768316,111953.492073059,2.05677,2.0681535653096077
5.367,-21610.0,2.0282119883837404,110295,2.0520710170349767,111769.28319987074,2.05385,2.061706839362485
5.371,-21604.0,2.025440575965088,110098,2.0490862109868497,111583.3255008378,2.05092,2.0541198203756528
5.375,-21597.0,2.02220726147666,109900,2.046099329042495,111396.00310021752,2.04798,2.059008949510716
5.38,-21591.0,2.019435849058008,109706,2.043110616645077,111207.6547054145,2.04517,2.0497354996253767
5.384,-21584.0,2.01620253456958,109513,2.040120290217839,111018.6972116277,2.04223,2.0497616714858884
5.388,-21577.0,2.0129692200811524,109324,2.0371012341470265,110829.49822253772,2.03927,2.0462606534148255
5.393,-21569.0,2.009274003522949,109138,2.0340295388279173,110640.50011307432,2.03631,2.0387665558820007
5.397,-21564.0,2.006964493174072,108950,2.0309660409477126,110451.73824967352,2.03334,2.0391797680255817
5.401,-21556.0,2.0032692766158693,108764,2.027909771283905,110263.18469983048,2.03037,2.0322250073729595
5.406,-21551.0,2.000959766266992,108583,2.024859875209811,110075.22865541658,2.02736,2.0309568629115318
5.41,-21544.0,1.9977264517785644,108391,2.021842905593597,109887.4447661153,2.02435,2.028041089072366
5.415,-21539.0,1.995416941429688,108213,2.0188549693822684,109699.99002939452,2.0212,2.021669737034126
5.419,-21531.0,1.9917217248714845,108037,2.015865327368916,109513.7714063255,2.01817,2.021597560803349
5.424,-21524.0,1.988488410383057,107866,2.012819568342217,109329.05656704624,2.01527,2.018876369994654
5.428,-21517.0,1.985255095894629,107689,2.009751633733971,109145.60859459138,2.01223,2.0139530739506775
5.432,-21508.0,1.9810979772666504,107510,2.0066095325730378,108962.80476204226,2.00919,2.0111146003135834
5.437,-21501.0,1.9778646627782224,107338,2.003402033926561,108780.86449663644,2.00598,2.009019994797498
5.441,-21496.0,1.975555152429345,107170,2.000246095845783,108600.33598606172,2.00291,2.0077650488554126
5.446,-21490.0,1.972783740010693,107005,1.997162928526032,108421.46613355736,1.99996,2.0048538026323577
5.45,-21483.0,1.9695504255222656,106839,1.994089315034828,108244.17706282144,1.99687,1.997806297009538
5.454,-21476.0,1.966317111033838,106674,1.9909968193289749,108068.28187044583,1.99376,1.9945310161241367
5.459,-21468.0,1.9626218944756348,106511,1.9878603674950093,107893.79310370088,1.99067,1.992131417020542
5.463,-21461.0,1.959388579987207,106349,1.9846851566767243,107720.72182633293,1.98771,1.9945490609403054
5.467,-21453.0,1.955693363429004,106186,1.98147576953468,107548.90044177622,1.98459,1.986963485284119
5.472,-21446.0,1.952460048940576,106023,1.9782362468995047,107378.12205181314,1.98145,1.9838125919520169
5.476,-21440.0,1.949688636521924,105859,1.975024764731526,107208.20422079445,1.97832,1.9805508320275973
5.48,-21433.0,1.946455322033496,105697,1.9718380076718551,107039.10431810727,1.97515,1.9769628246424131
5.485,-21426.0,1.9432220075450684,105536,1.9686457459041449,106870.90298835548,1.97197,1.9719722350885323
5.489,-21420.0,1.940450595126416,105377,1.9654759367246588,106703.67134114464,1.96881,1.9717633324896426
5.494,-21412.0,1.936755378568213,105217,1.9622986190079963,106537.35384365587,1.96565,1.9865007296460906
5.498,-21404.0,1.9330601620100096,105055,1.9590600676280336,106371.665059392,1.96244,1.964909749416913
5.502,-21396.0,1.9293649454518067,104896,1.955767522534392,106206.58976997128,1.95924,1.9713715643466267
5.507,-21390.0,1.9265935330331545,104736,1.9524819805592075,106042.1736737516,1.95604,1.9561382762720958
5.511,-21383.0,1.9233602185447265,104577,1.949229920138445,105878.3388311601,1.95282,1.953343364975207
5.516,-21375.0,1.919665001986524,104421,1.9459527696909105,105715.25298738304,1.94957,1.9504898830276989
5.52,-21369.0,1.9168935895678711,104266,1.9426808021790083,105553.06405428896,1.94649,1.9486871369343304
5.524,-21362.0,1.913660275079444,104112,1.9394407112476464,105391.78422062212,1.94327,1.9492495881357315
5.528,-21357.0,1.9113507647305663,103955,1.936256034424101,105231.18776440337,1.94001,1.9398657060441695
5.533,-21347.0,1.9067317440328129,103800,1.9330383004879867,105071.1347692428,1.93695,1.9372118252541857
5.537,-21339.0,1.9030365274746093,103642,1.9297094985955128,104911.50186173628,1.93371,1.9519270951745977
5.541,-21335.0,1.901188919195508,103485,1.9264465995331472,104752.1211381113,1.93045,1.9473110507878015
5.546,-21327.0,1.8974937026373049,103319,1.9232418112932883,104592.4898422788,1.92732,1.9274114258169617
5.55,-21319.0,1.8937984860791013,103163,1.9199790373618053,104432.69671798983,1.92394,1.9322896454870588
5.555,-21314.0,1.891488975730225,103009,1.916747053009768,104273.47030776802,1.92068,1.9230677661407074
5.559,-21306.0,1.8877937591720213,102855,1.9135422178375645,104114.86184108676,1.91756,1.9230450278381377
5.563,-21298.0,1.8840985426138184,102697,1.9102794025227727,103956.56178592853,1.91434,1.9156264668360616
5.568,-21290.0,1.8804033260556152,102540,1.90696546233566,103798.3563251278,1.91124,1.9318374543227437
5.572,-21283.0,1.877170011567188,102377,1.903633748463254,103639.93868735296,1.90798,1.9278022774007262
5.576,-21275.0,1.8734747950089845,102214,1.900286362373592,103480.97925492033,1.90472,1.914968219953979
5.581,-21271.0,1.8716271867298828,102050,1.89700707641278,103321.48296941273,1.90148,1.9139974670842825
5.585,-21262.0,1.8674700681019043,101885,1.893760532327814,103161.39507074843,1.89821,1.9130086993427295
5.589,-21256.0,1.864698655683252,101720,1.8904882459932428,103000.72639079028,1.89496,1.914954987936777
5.594,-21248.0,1.861003439125049,101542,1.887220567486907,102838.77707192866,1.89173,1.8921535145607475
5.598,-21240.0,1.8573082225668456,101374,1.883902339106704,102675.52117804934,1.88832,1.8940244909195014
5.603,-21232.0,1.8536130060086424,101203,1.8805395376066003,102511.5270135636,1.88521,1.9102969275869082
5.607,-21224.0,1.8499177894504395,101024,1.877137433080287,102346.2315763733,1.88196,1.9043827578888557
5.612,-21218.0,1.847146377031787,100846,1.8737552854094808,102179.37490040768,1.87855,1.8952408602956505
5.616,-21212.0,1.8443749646131349,100664,1.870445347895942,102010.96422622076,1.87527,1.8812379514182265
5.62,-21207.0,1.8420654542642576,100484,1.8672263892347745,101841.0650556786,1.87201,1.8991275963612704
5.625,-21197.0,1.837446433566504,100299,1.8639784267670767,101669.67602865017,1.86875,1.8973346179247264
5.629,-21190.0,1.834213119078076,100115,1.8606502768554904,101496.73682842168,1.86546,1.888943638092206
5.634,-21182.0,1.830517902519873,99928,1.8573060333424705,101322.31250460864,1.8622,1.884493128935076
5.638,-21173.0,1.8263607838918945,99738,1.8538929861552047,101146.2239461088,1.85893,1.8817930266095342
5.642,-21167.0,1.8235893714732423,99542,1.850473883178483,100968.135866792,1.85566,1.8766946640323154
5.647,-21161.0,1.8208179590545897,99342,1.847131359762042,100787.69350561748,1.85239,1.8572317453273088
5.651,-21153.0,1.8171227424963867,99142,1.8438017486408045,100604.93875102802,1.84912,1.8530482572695517
5.656,-21147.0,1.8143513300777343,98941,1.840483523132195,100420.0858909873,1.84584,1.8652939433197375
5.66,-21139.0,1.810656113519532,98738,1.83717533706064,100233.20564237068,1.84257,1.8600955526146836
5.664,-21133.0,1.807884701100879,98530,1.8338760034153587,100044.12389126842,1.83931,1.8492770162977457
5.669,-21125.0,1.804189484542676,98316,1.8305844755315464,99852.45064050354,1.83604,1.8475531083614296
5.673,-21117.0,1.8004942679844729,98086,1.8272452176001208,99657.19171276336,1.83294,1.8349703909635577
5.678,-21109.0,1.7967990514262695,97854,1.823863872973471,99457.70694667564,1.82953,1.8341756382339223
5.682,-21103.0,1.7940276390076173,97622,1.8205000306598509,99254.37774857572,1.82613,1.8418838016697674
5.686,-21094.0,1.7898705203796388,97385,1.8171243148286305,99047.36307710675,1.82298,1.8310673549216658
5.691,-21088.0,1.7870991079609864,97147,1.8137381293427284,98836.743979072,1.8197,1.8248584963509846
5.695,-21081.0,1.7838657934725586,96902,1.8103973249760943,98622.47368392756,1.81642,1.8248854908053123
5.7,-21074.0,1.7806324789841308,96651,1.8070692296531616,98404.21536404804,1.81315,1.8256590189888084
5.704,-21068.0,1.7778610665654786,96384,1.803779647170994,98181.13995997628,1.8099,1.8118574156956746
5.708,-21059.0,1.7737039479375,96115,1.8004694110752868,97952.7529055197,1.80667,1.8082078177497611
5.713,-21052.0,1.7704706334490723,95841,1.797113656893562,97719.26840078997,1.80327,1.8060839661298544
5.717,-21043.0,1.7663135148210938,95564,1.7937177664473836,97480.81620259504,1.80002,1.8003361826137505
5.722,-21039.0,1.7644659065419923,95280,1.790368404584461,97237.39249117835,1.79691,1.7985866795614323
5.726,-21031.0,1.7607706899837892,94994,1.7870873764555346,96989.05301580904,1.79368,1.7985748219726094
5.73,-21025.0,1.7579992775651367,94709,1.7838119897391058,96736.31987343224,1.79044,1.7988114062011902
5.735,-21018.0,1.754765963076709,94427,1.7805688838721632,96479.94901795516,1.78725,1.79678710795132
5.739,-21010.0,1.7510707465185058,94154,1.7772996292386127,96221.07996240932,1.78392,1.7945406326115818
5.743,-21001.0,1.7469136278905273,93879,1.7739527046360348,95960.4219027496,1.78087,1.8053785671977676
5.748,-20994.0,1.7436803134020995,93618,1.7705645998055235,95698.89577027965,1.7777,1.7958833106385714
5.752,-20990.0,1.741832705122998,93359,1.7672767159240732,95437.55007976928,1.77453,1.7998718540076668
5.757,-20982.0,1.7381374885647949,93103,1.7640498969400895,95176.65908368755,1.77136,1.7938435824448122
5.761,-20975.0,1.734904174076367,92860,1.7607950035132327,94917.11489969112,1.76806,1.7731695418222064
5.766,-20967.0,1.7312089575181642,92621,1.7575153550194964,94659.76328348578,1.76492,1.7706358213813118
5.77,-20961.0,1.7284375450995118,92397,1.7542411848173738,94405.46822781987,1.76165,1.777673389920008
5.774,-20954.0,1.725204230611084,92180,1.750999151630418,94155.16892362868,1.75852,1.7731837389187448
5.779,-20946.0,1.7215090140528808,91970,1.7477308428487563,93909.2205776204,1.75569,1.7850518155527737
5.783,-20938.0,1.7178137974946777,91765,1.7444120587137009,93667.81816391602,1.75246,1.777433718200314
5.787,-20932.0,1.7150423850760257,91565,1.7411033800647833,93431.01536911645,1.74936,1.7506180970009457
5.792,-20927.0,1.7127328747271484,91371,1.737885531426637,93198.9186495958,1.74639,1.7463545092930068
5.796,-20920.0,1.7094995602387208,91182,1.7347204670833312,92971.62187488064,1.74331,1.7447501198835802
5.8,-20914.0,1.7067281478200684,91000,1.7315746396463545,92749.26693325068,1.74023,1.7414366768029934
5.805,-20906.0,1.7030329312618653,90824,1.728418468195794,92532.03805425156,1.73713,1.7440817873387386
5.809,-20897.0,1.6988758126338868,90649,1.7251712564092605,92319.7429807016,1.73419,1.7481538867999495
5.813,-20891.0,1.6961044002152343,90478,1.72189838131868,92112.09395211274,1.73111,1.7490804889044385
5.818,-20884.0,1.6928710857268068,90312,1.7186574901160183,91909.073700889,1.72801,1.7396639443582242
5.822,-20878.0,1.6900996733081544,90149,1.7154448011928485,91710.60788366754,1.72506,1.7411240868375533
5.826,-20871.0,1.6868663588197266,89982,1.7122569800584388,91516.09889048086,1.72196,1.7249102804831384
5.831,-20865.0,1.6840949464010742,89824,1.7090910864748867,91325.37447403804,1.71874,1.7348051611248483
5.835,-20858.0,1.6808616319126466,89669,1.7059445278427137,91138.69657445337,1.71562,1.717246850484392
5.84,-20850.0,1.6771664153544434,89519,1.7027604052014331,90956.05969181562,1.71251,1.71315682670017
5.844,-20841.0,1.673009296726465,89367,1.699488547027481,90777.1633895073,1.70942,1.7096396159542164
5.849,-20834.0,1.6697759822380371,89214,1.6961666331618048,90601.3880485881,1.70617,1.7069718325488374
5.853,-20825.0,1.6656188636100586,89065,1.6928005819288483,90428.54201502063,1.70291,1.7031374477038792
5.858,-20820.0,1.6633093532611816,88924,1.6894502247976548,90258.98835152034,1.69966,1.7092332486818236
5.862,-20813.0,1.660076038772754,88788,1.6861683190757977,90093.10631155438,1.69655,1.7112502687580113
5.867,-20807.0,1.6573046263541016,88654,1.6829194649766956,89930.87560324938,1.69343,1.6938780203230799
5.871,-20800.0,1.6540713118656738,88516,1.6796997546485126,89771.74627736048,1.6903,1.6994658223885935
5.876,-20793.0,1.6508379973772462,88386,1.6764784358352336,89615.5881121636,1.68706,1.7145453875688794
5.88,-20785.0,1.647142780819043,88260,1.6732283922675255,89462.75922185308,1.68393,1.6867389182387222
5.884,-20779.0,1.6443713684003909,88134,1.669980326659075,89313.10243988536,1.6808,1.7001695543835262
5.889,-20771.0,1.6406761518421875,88011,1.6667340051462745,89166.42006487354,1.6777,1.7054042682669288
5.893,-20764.0,1.6374428373537595,87886,1.6634619150680947,89022.41953581871,1.67473,1.687466341213701
5.898,-20758.0,1.6346714249351075,87766,1.660221716062054,88880.96111740658,1.6716,1.6968180963903317
5.902,-20750.0,1.6309762083769044,87649,1.6569823310455412,88742.21718288625,1.66848,1.6911153377542703
5.906,-20743.0,1.6277428938884766,87533,1.653716357328433,88606.1032554013,1.66551,1.6665580886734073
5.91,-20738.0,1.6254333835395995,87416,1.650508857965005,88472.30837660942,1.6624,1.6700281588068926
5.915,-20730.0,1.6217381669813966,87304,1.6473256128038058,88340.79482385381,1.65926,1.6610781220783901
5.919,-20722.0,1.6180429504231937,87188,1.644081834809496,88211.35198241593,1.65629,1.6594849085342724
5.923,-20716.0,1.615271538004541,87074,1.6408392939656575,88083.61678737299,1.65319,1.653146250980227
5.928,-20709.0,1.6120382235161133,86963,1.6376251504462969,87957.68292249096,1.65007,1.650158475981444
5.932,-20702.0,1.6088049090276857,86850,1.6344087402513408,87833.3965252652,1.64694,1.649783863609594
5.937,-20696.0,1.6060334966090333,86742,1.6312176378289516,87710.7401598876,1.64384,1.6513240138872645
5.941,-20690.0,1.6032620841903809,86633,1.6280761573680689,87589.75756946672,1.64087,1.654246790001224
5.945,-20683.0,1.600028769701953,86526,1.624951125378014,87470.3099729613,1.63775,1.6450273567703104
5.95,-20675.0,1.59633355314375,86418,1.6217859841807365,87352.27499807806,1.63463,1.6394882062816938
5.954,-20667.0,1.592638336585547,86311,1.6185581696318874,87235.48562378925,1.63154,1.6500151033720218
5.958,-20659.0,1.5889431200273438,86206,1.6152750919023338,87119.97192895641,1.62844,1.6583674238354726
5.963,-20654.0,1.5866336096784668,86100,1.6120252043676255,87005.64220127814,1.62533,1.6514573858008899
5.967,-20648.0,1.5838621972598146,85995,1.6088591956883591,86892.35645464077,1.62225,1.6268939527360644
5.972,-20640.0,1.5801669807016114,85891,1.605685229120552,86780.10948895497,1.61916,1.6439271426555329
5.976,-20634.0,1.577395568282959,85785,1.602504245563524,86668.71936677056,1.61607,1.6248278702882284
5.98,-20626.0,1.573700351724756,85678,1.5993170746695555,86557.90742717958,1.61299,1.630313102441125
5.985,-20619.0,1.570467037236328,85571,1.596097141548923,86447.54619148426,1.6098,1.6356143175949258
5.989,-20612.0,1.5672337227479003,85466,1.592875626285014,86337.70060559681,1.60672,1.6294270140677638
5.994,-20605.0,1.5640004082594727,85362,1.589652715942214,86228.48705396029,1.60365,1.625800872493072
5.998,-20598.0,1.560767093771045,85257,1.58642857546739,86119.83080813468,1.60058,1.6048579577361657
6.002,-20593.0,1.558457583422168,85153,1.5832579632014252,86011.66597518175,1.59752,1.6148400432092198
6.007,-20585.0,1.554762366863965,85050,1.5801072437992871,85904.05268779618,1.59459,1.6151501576324263
6.011,-20580.0,1.552452856515088,84944,1.5769740652323014,85796.80749930607,1.59154,1.6050268818649842
6.016,-20573.0,1.54921954202666,84840,1.5738836600116597,85689.82777021657,1.58849,1.5985246240244173
6.02,-20564.0,1.5450624233986816,84737,1.5707217450465778,85583.25946618221,1.58544,1.6171542038472722
6.024,-20558.0,1.5422910109800294,84630,1.5675240817252605,85476.87659025365,1.58239,1.586973182546009
6.029,-20551.0,1.5390576964916016,84524,1.5643495096437507,85370.47986618453,1.57935,1.6012933891233212
6.033,-20544.0,1.5358243820031738,84417,1.561167992165808,85264.07093130691,1.57629,1.6042491233488785
6.037,-20537.0,1.532591067514746,84309,1.557980350478955,85157.53299456835,1.57323,1.5963747643137718
6.042,-20530.0,1.5293577530263185,84201,1.5547873086777757,85050.82219107996,1.57018,1.5912222647594754
6.046,-20524.0,1.526586340607666,84093,1.551616811691919,84943.95895970648,1.56714,1.5809831901490563
6.051,-20518.0,1.5238149281890137,83986,1.5484935003880065,84837.02044012502,1.56409,1.5944862779568851
6.055,-20510.0,1.5201197116308105,83878,1.545357182880136,84730.01553402146,1.56104,1.5907462808444022
6.059,-20502.0,1.5164244950726071,83768,1.542154784057689,84622.77473840029,1.55799,1.580299539842856
6.064,-20496.0,1.5136530826539552,83661,1.5389487299278162,84515.38506100766,1.55495,1.5724875145832569
6.068,-20489.0,1.5104197681655274,83550,1.535766759123279,84407.80498745185,1.55191,1.5738055410065226
6.073,-20483.0,1.507648355746875,83437,1.532606024157047,84299.70232479951,1.54885,1.5745964050223074
6.077,-20475.0,1.503953139188672,83324,1.529436707765895,84191.02062647039,1.5458,1.5510911073227618
6.081,-20470.0,1.501643628839795,83212,1.526287131021077,84081.88747202641,1.54276,1.563217362240719
6.086,-20464.0,1.4988722164211423,83095,1.523209572906033,83972.11976969894,1.53972,1.573034192870622
6.09,-20455.0,1.494715097793164,82979,1.5200862925198928,83861.55607553707,1.53667,1.5522596973965512
6.095,-20447.0,1.4910198812349609,82863,1.5168680829295238,83750.34962086951,1.53363,1.5422667141558142
6.099,-20441.0,1.488248468816309,82745,1.5136480874146312,83638.45816755792,1.53059,1.5398358345222474
6.103,-20434.0,1.485015154327881,82626,1.510453823581873,83525.78535408415,1.52754,1.5587066920998673
6.108,-20428.0,1.4822437419092285,82508,1.5072822490510895,83412.4235644067,1.5245,1.5251563455665649
6.112,-20422.0,1.4794723294905765,82388,1.504157987605554,83298.39514208825,1.52161,1.536349733089183
6.116,-20415.0,1.4762390150021485,82267,1.5010481387440986,83183.60155411005,1.51858,1.538052165900906
6.121,-20408.0,1.4730057005137207,82144,1.4979236919495629,83067.9559174846,1.51555,1.5187750451911162
6.125,-20401.0,1.469772386025293,82019,1.4947863732055708,82951.32250441918,1.51254,1.521123181841106
6.129,-20394.0,1.4665390715368654,81894,1.4916377044244256,82833.69986966369,1.50952,1.538291150336386
6.134,-20386.0,1.4628438549786622,81768,1.4884517211272037,82715.14585624429,1.50664,1.5169905564113981
6.138,-20381.0,1.4605343446297852,81639,1.4852874480845362,82595.53411593649,1.50362,1.505957665223229
6.142,-20373.0,1.456839128071582,81506,1.4821423183889288,82474.5758870799,1.50062,1.5041170519459586
6.147,-20368.0,1.4545296177227052,81373,1.4790140686306688,82352.19390188214,1.49776,1.5064180611678373
6.151,-20362.0,1.4517582053040528,81235,1.475955315910302,82228.26091089497,1.49476,1.5124196853886667
6.156,-20355.0,1.448524890815625,81094,1.4729032303633325,82102.48735779022,1.49164,1.5112042720188588
6.16,-20347.0,1.4448296742574218,80953,1.469802410801404,81974.91350886,1.48865,1.5093333222846455
6.164,-20340.0,1.4415963597689945,80809,1.46665861928078,81845.57486951964,1.48566,1.5078883273632702
6.169,-20335.0,1.4392868494201172,80661,1.4635588559268966,81714.2662776192,1.48267,1.5018047877183789
6.173,-20328.0,1.4360535349316894,80508,1.46049791507849,81580.6885935186,1.47967,1.4937671225306137
6.178,-20321.0,1.4328202204432618,80356,1.457416593668112,81444.87363327891,1.47667,1.4812012204088858
6.182,-20315.0,1.4300488080246094,80197,1.4543446078355653,81306.73121640089,1.47381,1.4987272758186365
6.186,-20307.0,1.4263535914664065,80040,1.4512535473424817,81166.24094225555,1.47082,1.4790928207866596
6.191,-20301.0,1.423582179047754,79874,1.4481456674774371,81023.26658748322,1.46783,1.4957953865834415
6.195,-20293.0,1.4198869624895507,79707,1.4450229568754258,80877.5106828729,1.46483,1.4675975744732999
6.199,-20287.0,1.4171155500708985,79537,1.4418871690455903,80729.06563480938,1.46183,1.48809555394861
6.204,-20281.0,1.414344137652246,79363,1.4387944630677567,80577.83557183515,1.45897,1.461005214252694
6.208,-20276.0,1.4120346273033693,79181,1.4357670516162284,80423.44037084765,1.45596,1.4873263431887764
6.212,-20269.0,1.4088013128149417,79000,1.4327699081578424,80265.84043950852,1.45296,1.4698393506899154
6.217,-20262.0,1.4055679983265137,78814,1.4297448410661622,80105.17821886382,1.4501,1.4529245270419062
6.221,-20256.0,1.4027965859078613,78625,1.4267224583344809,79941.34283888192,1.44712,1.4532442616799066
6.225,-20248.0,1.3991013693496583,78427,1.423675136129806,79774.00006863689,1.44413,1.4587054696865025
6.23,-20243.0,1.3967918590007813,78232,1.42063312961385,79603.20989931241,1.44115,1.4573037067834154
6.234,-20237.0,1.3940204465821289,78036,1.417650423183723,79429.49816822639,1.43831,1.450553267764171
6.238,-20230.0,1.3907871320937013,77838,1.4146653926094648,79253.03295344213,1.43533,1.4364994370687103
6.243,-20224.0,1.3880157196750489,77639,1.41167831268578,79073.96246034758,1.43221,1.4363845386544694
6.247,-20217.0,1.384782405186621,77449,1.4086894257170777,78893.06766266892,1.42925,1.440407124632633
6.252,-20210.0,1.381549090698193,77259,1.405671638910717,78711.09631326144,1.42641,1.4491561975350922
6.256,-20203.0,1.3783157762097658,77075,1.4026283692330752,78528.5304023826,1.42345,1.4334164268912966
6.26,-20196.0,1.375082461721338,76892,1.3995626296462114,78345.85404966811,1.42049,1.424366066443459
6.265,-20189.0,1.3718491472329102,76709,1.3964770768752337,78163.1394305832,1.41768,1.4299524402052803
6.269,-20184.0,1.3695396368840331,76529,1.393428666424378,77980.56842173665,1.41486,1.4321241561006632
6.273,-20178.0,1.366768224465381,76343,1.3904403132272811,77797.94669120909,1.4119000000000002,1.416474817007845
6.278,-20171.0,1.3635349099769531,76156,1.3874503035303871,77614.86641428595,1.40881,1.4266979241167663
6.282,-20165.0,1.3607634975583007,75973,1.3844588331896104,77431.55915929859,1.40573,1.41388607839433
6.287,-20158.0,1.3575301830698732,75804,1.38146607490388,77249.11587610582,1.40266,1.4253122156953646
6.291,-20151.0,1.3542968685814454,75638,1.378444874504866,77068.43940893623,1.3997000000000002,1.405090864096967
6.296,-20144.0,1.3510635540930176,75470,1.3753985948399985,76889.37997605717,1.3969,1.3998839863055053
6.3,-20138.0,1.3482921416743652,75304,1.372357507599369,76711.74638775097,1.39396,1.4019550932570146
6.304,-20130.0,1.3445969251161622,75141,1.3692936924095251,76535.66564656424,1.39103,1.400335206784717
6.309,-20124.0,1.3418255126975098,74975,1.36620983650488,76360.95415193633,1.38808,1.395366107325052
6.313,-20118.0,1.3390541002788574,74817,1.363162922291714,76187.7455982684,1.38515,1.4022446487036464
6.317,-20113.0,1.3367445899299806,74658,1.3601758884249504,76016.27610742644,1.38222,1.390977874257851
6.322,-20106.0,1.3335112754415528,74501,1.357214348515877,75846.39917907136,1.37929,1.3908324512663117
6.326,-20097.0,1.3293541568135745,74347,1.3541660624986829,75678.2221038914,1.37647,1.3874065189270057
6.331,-20093.0,1.3275065485344726,74192,1.351123206126383,75511.66213488994,1.37354,1.3800805552373507
6.335,-20084.0,1.323349429906494,74038,1.348085137426027,75346.52807384967,1.37061,1.3727305973583102
6.339,-20079.0,1.3210399195576172,73887,1.3450239838799662,75182.88779842504,1.36767,1.3701190469030056
6.344,-20073.0,1.3182685071389648,73733,1.342024394264912,75020.56469118019,1.3647399999999998,1.3729784412446988
6.348,-20068.0,1.315958996790088,73580,1.3390790895821096,74859.28478221067,1.36182,1.3663384563604482
6.352,-20060.0,1.3122637802318848,73430,1.3361270385672528,74699.16119877214,1.3588900000000002,1.3783853689610832
6.357,-20054.0,1.3094923678132324,73282,1.33314173242329,74540.35280993984,1.35594,1.3852950263839654
6.361,-20050.0,1.307644759534131,73131,1.3302363288565426,74382.64499655183,1.35303,1.3750834132444683
6.366,-20041.0,1.3034876409061524,72984,1.327319461257468,74225.96674969363,1.3501,1.362952910102381
6.37,-20034.0,1.3002543264177246,72838,1.3243105657288634,74070.49192576499,1.34717,1.3573457083671847
6.374,-20027.0,1.2970210119292969,72692,1.321275136070576,73916.1373557001,1.34437,1.3585435484632844
6.379,-20021.0,1.2942495995106449,72541,1.3182436159882245,73762.47499952596,1.34148,1.3419847745622209
6.383,-20014.0,1.2910162850222169,72392,1.3152155432339,73609.24566128285,1.33855,1.359267613753246
6.388,-20008.0,1.2882448726035645,72241,1.31219051021348,73456.39814318453,1.33549,1.340623908464947
6.392,-20001.0,1.285011558115137,72087,1.3091681575246503,73303.5917138173,1.33244,1.3508172389778939
6.397,-19996.0,1.2827020477662598,71940,1.306175474707193,73151.05798465319,1.32937,1.3475156539592197
6.401,-19988.0,1.2790068312080567,71788,1.3031816473017142,72998.88294783454,1.3264200000000002,1.3323018422682424
6.406,-19982.0,1.2762354187894045,71638,1.3001595041901055,72846.84684125314,1.3233899999999998,1.3470860662093747
6.41,-19974.0,1.2725402022312011,71492,1.2971123932740738,72695.2879429055,1.3203399999999998,1.3235610714826307
6.415,-19968.0,1.269768789812549,71349,1.2940432666168529,72544.56365195611,1.3175400000000002,1.3405689212837488
6.419,-19963.0,1.267459279463672,71205,1.291036646589801,72394.69352356529,1.3146,1.3172418653493552
6.423,-19956.0,1.264225964975244,71060,1.2880578362860835,72245.45833120326,1.31168,1.329504877961923
6.428,-19950.0,1.261454552556592,70917,1.285076241180528,72096.84212073634,1.30887,1.3125314280447973
6.432,-19945.0,1.2591450422077148,70773,1.2821468034300845,71948.83082436456,1.30592,1.3119827291150679
6.436,-19938.0,1.255911727719287,70629,1.2792360497723316,71801.2938027965,1.30298,1.3271817128348462
6.441,-19930.0,1.252216511161084,70477,1.2762598517526886,71653.70204106849,1.30019,1.3062497437976197
6.445,-19924.0,1.2494450987424317,70332,1.2732532536200976,71506.0028939747,1.29712,1.3176080184492538
6.45,-19917.0,1.246211784254004,70186,1.2702471561739153,71358.56376258646,1.29418,1.296548222416908
6.454,-19913.0,1.2443641759749025,70040,1.2672961131120632,71211.29478660272,1.29125,1.3095548411199198
6.458,-19908.0,1.2420546656260254,69894,1.2644482279871792,71064.17584773414,1.2883,1.2925368269148498
6.463,-19901.0,1.2388213511375976,69745,1.2616093845970306,70917.01185418085,1.28548,1.29832211202499
6.467,-19894.0,1.23558803664917,69596,1.2587239009974895,70769.63078078191,1.28242,1.2922261669506405
6.471,-19885.0,1.2314309180211915,69442,1.2557426787876709,70621.76270694117,1.27963,1.2886317424210996
6.476,-19880.0,1.2291214076723145,69291,1.2527316504989987,70473.34697826108,1.27655,1.2898231332985886
6.48,-19874.0,1.226349995253662,69130,1.2497762595918074,70324.03452481712,1.27376,1.2819439400428398
6.485,-19867.0,1.2231166807652345,68967,1.2468153148952337,70173.22196190854,1.2707000000000002,1.2841967747055822
6.489,-19860.0,1.2198833662768067,68803,1.2438221666121871,70020.90930247786,1.26764,1.2810305640583406
6.494,-19856.0,1.218035757997705,68643,1.240882541671824,69867.45126232199,1.26457,1.2721063129781753
6.498,-19849.0,1.2148024435092777,68481,1.2379901117527,69713.10150009094,1.26165,1.2843215298888884
6.503,-19843.0,1.212031031090625,68317,1.235084683864684,69557.72897877159,1.25874,1.2699877434636229
6.507,-19836.0,1.2087977166021973,68153,1.2321677948199612,69401.33638928006,1.2558,1.2681758684440392
6.511,-19829.0,1.2055644021137697,67982,1.2292134932778058,69243.63051738538,1.25301,1.267874627801741
6.516,-19821.0,1.2018691855555663,67810,1.22619889624894,69084.29369958356,1.24997,1.252198972399131
6.52,-19818.0,1.2004834793462402,67635,1.2232403585508198,68923.28230083965,1.24705,1.270988156912881
6.525,-19812.0,1.197712066927588,67460,1.2203858649164492,68760.61696269552,1.24412,1.2756564763631806
6.529,-19804.0,1.1940168503693849,67284,1.2174865814761016,68596.43412093946,1.24121,1.257128387104358
6.533,-19800.0,1.1921692420902832,67102,1.2146024168397755,68430.49937551768,1.23831,1.2589718182183292
6.538,-19792.0,1.18847402553208,66920,1.2117315834387787,68262.66515801608,1.23552,1.2600015018121673
6.542,-19786.0,1.1857026131134278,66729,1.2088178921607606,68092.62399554945,1.2326,1.2534283992547317
6.547,-19780.0,1.1829312006947754,66534,1.205921023194496,67919.8682996363,1.22956,1.2377904495450096
6.551,-19772.0,1.1792359841365725,66343,1.2029843746609286,67744.71902258189,1.22665,1.2375891824370084
6.555,-19767.0,1.1769264737876954,66145,1.2000399563372774,67567.28181676916,1.22373,1.2450763146619916
6.56,-19761.0,1.174155061369043,65942,1.1971432997795557,67387.11778621624,1.22069,1.252133629168119
6.564,-19756.0,1.171845551020166,65733,1.1942887578851649,67203.89904511513,1.21793,1.2230366362635907
6.569,-19750.0,1.1690741386015138,65519,1.191471351235525,67017.33647516908,1.21501,1.2286773752694098
6.573,-19742.0,1.1653789220433106,65305,1.188604769807876,66827.52984630846,1.21209,1.2305505759306354
6.577,-19736.0,1.1626075096246582,65083,1.1856948277720083,66634.3897799941,1.20916,1.2406912565354125
6.582,-19730.0,1.1598360972060058,64856,1.182801264757018,66437.54187835286,1.2061000000000002,1.216878009772481
6.586,-19724.0,1.1570646847873536,64620,1.17992214419273,66236.59689296989,1.20331,1.2264498176795997
6.59,-19717.0,1.1538313702989258,64378,1.1770284520307108,66031.15248073937,1.2004,1.2092633592751454
6.595,-19711.0,1.1510599578802734,64133,1.1741219111408288,65821.20857389478,1.19748,1.2034799163910286
6.599,-19706.0,1.1487504475313963,63879,1.1712586535862637,65606.58776048955,1.19468,1.2007687363832078
6.604,-19699.0,1.1455171330429688,63619,1.168406255322504,65386.956252649965,1.19173,1.20089822899884
6.608,-19692.0,1.142283818554541,63356,1.165508819507053,65162.37443222771,1.18879,1.1969870401307814
6.612,-19685.0,1.1390505040661134,63072,1.1625716711455971,64932.00878087701,1.18584,1.1860391634642193
6.617,-19679.0,1.136279091647461,62789,1.1596268120911055,64695.36080071249,1.18275,1.2113578783593666
6.621,-19673.0,1.1335076792288086,62495,1.1567024604640253,64452.58210761844,1.17981,1.1903144073204428
6.625,-19665.0,1.1298124626706054,62199,1.1537415786764071,64203.6290390138,1.17688,1.1794695793747927
6.63,-19661.0,1.127964854391504,61909,1.1508030987607654,63949.46809051039,1.17407,1.1792699903315245
6.634,-19655.0,1.1251934419728515,61616,1.147938984932838,63690.89236691213,1.17111,1.1754142880656555
6.638,-19649.0,1.1224220295541991,61325,1.1450858316370216,63428.36473084938,1.16815,1.1685575076145462
6.643,-19643.0,1.119650617135547,61042,1.1422423429570503,63162.9436098562,1.16517,1.1738314904176947
6.647,-19636.0,1.1164173026471191,60770,1.1393800697508143,62896.09434508122,1.1622,1.1776317923165176
6.652,-19628.0,1.112722086088916,60501,1.1364466201064467,62628.81343637573,1.15924,1.182935221246637
6.656,-19624.0,1.1108744778098143,60237,1.1335323289002248,62361.62485825086,1.1563,1.1722007736210558
6.66,-19616.0,1.1071792612516114,59983,1.1306349309381445,62095.40445498098,1.15334,1.1537269752038184
6.665,-19611.0,1.1048697509027343,59740,1.1277251224027116,61831.27921995696,1.15037,1.160282025789122
6.669,-19605.0,1.102098338484082,59498,1.1248589835519969,61569.71084016032,1.1474,1.1571818959773341
6.674,-19598.0,1.0988650239956543,59267,1.1219767382133092,61311.106415107,1.14442,1.1651607970067417
6.678,-19592.0,1.096093611577002,59043,1.1190802907339503,61056.17961536982,1.14144,1.1493075265788324
6.682,-19587.0,1.093784101228125,58824,1.1162259331975852,60805.20502644318,1.13861,1.1492554412338065
6.687,-19580.0,1.0905507867396973,58611,1.1133813826601997,60558.36565086442,1.13567,1.142924590969433
6.691,-19574.0,1.0877793743210449,58399,1.1105181731450422,60315.58638431364,1.13272,1.1329256171838649
6.695,-19567.0,1.084546059832617,58199,1.107638510792523,60077.15570679945,1.12963,1.1311838825589962
6.7,-19560.0,1.0813127453441895,58005,1.1047170344522546,59843.62357694304,1.12667,1.127003642387169
6.704,-19555.0,1.0790032349953125,57817,1.1018133008889777,59615.12022473615,1.12383,1.1258561525481063
6.709,-19549.0,1.0762318225766605,57632,1.0989525187373324,59391.58313026188,1.12086,1.1215467553129852
6.713,-19543.0,1.073460410158008,57449,1.0961023031977364,59172.720696043056,1.1179,1.118172454431825
6.717,-19535.0,1.0697651935998047,57274,1.0932067920325053,58958.571388557655,1.11482,1.132991438163656
6.722,-19530.0,1.0674556832509277,57098,1.0902986472088831,58748.99177401517,1.11187,1.1151599885931436
6.726,-19523.0,1.0642223687625,56930,1.0874066689131163,58543.85537748992,1.1089,1.1090744641566563
6.731,-19517.0,1.0614509563438477,56766,1.0845016392508624,58343.34626478032,1.10595,1.1238786859957595
6.735,-19512.0,1.0591414459949706,56605,1.0816397142442364,58147.33115171564,1.10298,1.107204759632505
6.74,-19506.0,1.0563700335763184,56451,1.078815797423122,57955.86986514407,1.1000100000000002,1.1036171178490446
6.744,-19500.0,1.053598621157666,56297,1.0759980884492633,57768.83780610636,1.09704,1.0970606133672585
6.748,-19492.0,1.0499034045994629,56150,1.073131240442637,57586.12510757565,1.0941,1.097042548625861
6.753,-19488.0,1.0480557963203614,56002,1.070275676243179,57407.57577523303,1.09127,1.0930191231963409
6.757,-19480.0,1.0443605797621582,55857,1.067430061712264,57232.81578912608,1.08831,1.0885690522964555
6.761,-19474.0,1.0415891673435058,55713,1.0645386075563965,57061.63358626966,1.08536,1.0852907498197402
6.766,-19470.0,1.0397415590644044,55572,1.0617159594071817,56893.84261778477,1.08239,1.0823579503886154
6.77,-19462.0,1.0360463425062012,55434,1.058899369104061,56729.39662615575,1.07942,1.0798164711466236
6.774,-19457.0,1.033736832157324,55298,1.0560608139506054,56568.19570571736,1.0764399999999998,1.0780066113193412
6.779,-19452.0,1.031427321808447,55164,1.0532848103011032,56410.092645732766,1.07349,1.075445614767101
6.783,-19446.0,1.028655909389795,55033,1.050536655943077,56255.01675829384,1.07065,1.0814375785178505
6.787,-19438.0,1.0249606928315915,54900,1.047731138776547,56102.66924367301,1.06767,1.0963260292642305
6.792,-19433.0,1.022651182482715,54767,1.0449023475296493,55952.60927847488,1.06468,1.0804580147994611
6.796,-19425.0,1.0189559659245118,54638,1.0420530340085017,55804.80286435243,1.0617,1.0883595519850087
6.801,-19420.0,1.0166464555756347,54509,1.0391856246599902,55659.22002274625,1.05869,1.0768456719443025
6.805,-19414.0,1.0138750431569823,54382,1.0363568719370284,55515.71608481085,1.05569,1.0718212289363642
6.809,-19409.0,1.0115655328081057,54259,1.0335622052814233,55374.39995618177,1.0527,1.0740256469419847
6.814,-19403.0,1.008794120389453,54136,1.0307975945339924,55235.24943126421,1.04971,1.0813002280243593
6.818,-19396.0,1.0055608059010257,54015,1.0280048731441218,55098.126695142426,1.04671,1.0642201570555658
6.822,-19390.0,1.002789393482373,53893,1.0251873647678542,54962.85111002152,1.04384,1.056329798956443
6.827,-19382.0,0.99909417692417,53772,1.022320693641204,54829.20427838178,1.04072,1.0571138299476794
6.831,-19376.0,0.9963227645055176,53653,1.0194106725118788,54697.17097708178,1.03771,1.0565794974082654
6.836,-19371.0,0.9940132541566408,53534,1.016544346203267,54566.67866548765,1.03484,1.0549478810114554
6.84,-19364.0,0.9907799396682128,53415,1.0136892420189665,54437.54514499758,1.03173,1.0527766582790692
6.844,-19360.0,0.9889323313891112,53298,1.0108713395616489,54309.72799401899,1.02875,1.0463275076501632
6.849,-19352.0,0.9852371148309084,53182,1.0080589338445165,54183.24892406502,1.02576,1.0415425639260345
6.853,-19348.0,0.9833895065518068,53066,1.005251374961622,54058.008844797616,1.02291,1.0369271523501788
6.858,-19340.0,0.9796942899936036,52950,1.0024480898485126,53933.8612644071,1.01994,1.0317757104410152
6.862,-19333.0,0.976460975505176,52833,0.9995666538521808,53810.61789411542,1.0169700000000002,1.0251998908724662
6.866,-19328.0,0.9741514651562988,52720,0.996698226470988,53688.34917701932,1.0139900000000002,1.016461622320906
6.871,-19321.0,0.9709181506678712,52605,0.993841269633992,53567.05810999304,1.01103,1.0152610367072425
6.875,-19317.0,0.9690705423887696,52490,0.9910217335719902,53446.510865986194,1.00821,1.0150093826584992
6.879,-19310.0,0.9658372279003418,52377,0.988235193847327,53326.73773403156,1.00525,1.0136518504024743
6.884,-19305.0,0.9635277175514648,52263,0.9854504426965872,53207.70630454685,1.00229,1.0091216076822687
6.888,-19299.0,0.9607563051328124,52149,0.9826945750963376,53089.26976509525,0.99948,1.0050140016191287
6.892,-19292.0,0.9575229906443848,52032,0.9799095631094348,52971.180426783365,0.99652,1.0039123690589158
6.897,-19285.0,0.9542896761559572,51917,0.9770715461682185,52853.33812095823,0.99356,0.9986569277175059
6.901,-19279.0,0.9515182637373047,51800,0.9742140977508276,52735.71363978445,0.99061,1.0075103364259763
6.905,-19275.0,0.9496706554582032,51687,0.9714214346785764,52618.39946360391,0.98767,0.9920593432105965
6.91,-19268.0,0.9464373409697754,51573,0.9686585906212328,52501.53625576173,0.98471,0.9848462202439082
6.914,-19263.0,0.9441278306208984,51460,0.9658947334854472,52385.07069610892,0.98189,0.9981158785513016
6.918,-19257.0,0.941356418202246,51346,0.9631572895005795,52268.955768793385,0.97894,1.0045127862429901
6.923,-19251.0,0.9385850057835936,51231,0.9604158292649112,52153.03178207776,0.97611,0.9761593445899712
6.927,-19244.0,0.935351691295166,51114,0.9576435211907932,52037.09880794704,0.97316,0.9878522733189039
6.931,-19238.0,0.9325802788765136,50998,0.9548440125660772,51921.098791628974,0.97034,0.9925342557201228
6.936,-19233.0,0.9302707685276368,50881,0.9520751323387604,51805.03965984283,0.96739,0.9718904057671975
6.94,-19229.0,0.9284231602485352,50761,0.9493878720630344,51688.69193250408,0.96457,0.9927110110573782
6.944,-19221.0,0.924727943690332,50645,0.9466906620759508,51572.14884904613,0.96163,0.9737558854721962
6.949,-19215.0,0.9219565312716798,50522,0.9439300658831148,51455.25615516736,0.95869,0.9622715333199126
6.953,-19208.0,0.918723216783252,50402,0.9411408843877996,51337.81871739437,0.95574,0.9682375224983076
6.957,-19201.0,0.9154899022948242,50280,0.9382991909191428,51219.960060807214,0.9528,0.9833017943967464
6.962,-19197.0,0.9136422940157228,50157,0.9354931135642556,51101.55263593365,0.94986,0.9701520813516274
6.966,-19191.0,0.9108708815970704,50032,0.93274574770747,50982.48397408714,0.94704,0.9706576536946955
6.97,-19184.0,0.9076375671086426,49906,0.9299682322621364,50862.65490429322,0.94409,0.9445419787703356
6.975,-19179.0,0.9053280567597656,49780,0.9271914384069104,50742.09621583216,0.94116,0.9488482320247579
6.979,-19174.0,0.9030185464108887,49656,0.92446989372121,50621.01240981227,0.93822,0.9480033724794342
6.984,-19167.0,0.899785231922461,49525,0.921742452934333,50499.16998641322,0.93525,0.9504095183248417
6.988,-19160.0,0.8965519174340332,49397,0.918955200274116,50376.422171015445,0.93233,0.948926154997986
6.992,-19155.0,0.8942424070851562,49258,0.9161698204816112,50252.40307327668,0.92952,0.9367235208982907
6.997,-19149.0,0.8914709946665039,49124,0.9134133985669272,50126.90829861909,0.92644,0.9313092326237294
7.001,-19143.0,0.8886995822478516,48987,0.9106552042530812,50000.23055819538,0.92349,0.9268319099514049
7.006,-19138.0,0.8863900718989747,48845,0.9079227535475626,49872.03678054072,0.92057,0.9235503299774964
7.01,-19131.0,0.8831567574105469,48704,0.9051856962118836,49742.26974441639,0.91762,0.9202844364116609
7.014,-19126.0,0.88084724706167,48564,0.902444576910016,49611.23369850973,0.91467,0.9197550395108406
7.019,-19119.0,0.8776139325732422,48419,0.8996998759076988,49478.84221434229,0.91173,0.9202045132032568
7.023,-19113.0,0.8748425201545899,48272,0.8969247102383122,49344.84173009672,0.90893,0.9211689285880108
7.027,-19107.0,0.8720711077359375,48119,0.8941499883337563,49208.94954638769,0.90599,0.9233037261850117
7.032,-19102.0,0.8697615973870606,47962,0.8914029641738254,49070.79815393882,0.90304,0.9230424746039505
7.036,-19096.0,0.8669901849684082,47805,0.8886803629213651,48930.418200242304,0.90011,0.9016320379630247
7.041,-19089.0,0.8637568704799805,47639,0.8859246840424441,48787.54112220317,0.89716,0.9066705389247818
7.045,-19084.0,0.8614473601311036,47475,0.8831671449116801,48642.048345023766,0.89408,0.9135330364929442
7.049,-19078.0,0.8586759477124511,47310,0.8804352719238064,48494.30825275286,0.8911500000000001,0.9054784336276317
7.054,-19072.0,0.8559045352937988,47141,0.8776987239994448,48344.29096924213,0.8882300000000001,0.9123097036181428
7.058,-19066.0,0.8531331228751465,46967,0.874958053878752,48191.73368115375,0.88541,0.9051312652932556
7.062,-19059.0,0.8498998083867187,46790,0.8721864425005277,48036.46376622844,0.8824700000000001,0.8921456577982656
7.067,-19054.0,0.8475902980378418,46609,0.8694148546462475,47878.38812956175,0.8795599999999999,0.9059519944752129
7.071,-19048.0,0.8448188856191895,46415,0.8666705939828007,47716.833509331766,0.87663,0.8998770674617966
7.076,-19042.0,0.8420474732005371,46222,0.8639231230371465,47551.5018336772,0.8736999999999999,0.895079888485573
7.08,-19037.0,0.8397379628516601,46028,0.8612001278245812,47382.83968197144,0.87079,0.886707947893315
7.084,-19032.0,0.8374284525027832,45825,0.8585260209100616,47210.649658392846,0.86789,0.8939380479147485
7.089,-19025.0,0.8341951380143555,45629,0.8558404090992199,47035.23064535379,0.86497,0.8882748566795294
7.093,-19020.0,0.8318856276654786,45427,0.8531446526711127,46857.023539158254,0.86206,0.8806576864707373
7.097,-19013.0,0.8286523131770508,45222,0.8504399510724818,46675.82593285175,0.85918,0.8704987324509601
7.102,-19009.0,0.8268047048979492,45026,0.8477546683819671,46492.34611198613,0.8562799999999999,0.8593324621406877
7.106,-19002.0,0.8235713904095215,44826,0.8450865086089508,46307.14950071887,0.85338,0.8565138505137253
7.111,-18997.0,0.8212618800606446,44633,0.8424061407805566,46120.61643560332,0.85063,0.863292737691066
7.115,-18992.0,0.8189523697117675,44444,0.8397696212101843,45933.55522335794,0.8477600000000001,0.8485867746126565
7.119,-18987.0,0.8166428593628906,44258,0.8371717655080402,45746.4421311324,0.845,0.865751715993988
7.124,-18979.0,0.8129476428046876,44074,0.8345260829148811,45559.57887993271,0.8421000000000001,0.8521483772800122
7.128,-18973.0,0.8101762303860351,43877,0.8318109217851178,45372.28563848459,0.83924,0.8393940537667001
7.133,-18966.0,0.8069429158976075,43684,0.8290618033475129,45184.08119001986,0.83623,0.8592449065237764
7.137,-18961.0,0.8046334055487305,43502,0.8263100489856318,44995.96003187486,0.83321,0.8415806852613206
7.142,-18955.0,0.8018619931300781,43325,0.8235832768056786,44808.8581945948,0.83032,0.8585723110417828
7.146,-18949.0,0.7990905807114258,43151,0.8208512265962592,44623.12809816582,0.8274600000000001,0.8525803068337361
7.15,-18944.0,0.7967810703625489,42977,0.8181418288523431,44438.78490728208,0.8247,0.8392652423529102
7.155,-18940.0,0.7949334620834473,42808,0.815507018160794,44255.960228438125,0.8218000000000001,0.8226825703511675
7.159,-18934.0,0.792162049664795,42637,0.8129106692885362,44074.65187286674,0.8189200000000001,0.8422177761760072
7.163,-18927.0,0.7889287351763672,42470,0.8102663153655407,43894.798793191694,0.8160400000000001,0.8300106322079314
7.168,-18920.0,0.7856954206879395,42301,0.807552325810897,43716.34715996076,0.81314,0.8234968285185218
7.172,-18915.0,0.7833859103390625,42128,0.8048315468757055,43538.77656905643,0.81012,0.8112011536386219
7.177,-18908.0,0.7801525958506348,41955,0.8021047813009828,43361.74638103017,0.80711,0.8299703312045669
7.182,-18902.0,0.7773811834319825,41786,0.799345430467588,43185.4291710483,0.8040799999999999,0.8041452070208874
7.186,-18896.0,0.7746097710133301,41624,0.7965846535351342,43010.39093166985,0.8010299999999999,0.8308024783958758
7.191,-18891.0,0.7723002606644531,41467,0.7938499255663893,42837.18985283716,0.7980100000000001,0.8000279583421123
7.195,-18886.0,0.7699907503155762,41313,0.7911654731157104,42666.081657429466,0.7950999999999999,0.799035336050388
7.199,-18878.0,0.766295533757373,41160,0.7884434325228169,42497.05536339407,0.7922899999999999,0.7937322596608322
7.204,-18873.0,0.7639860234084961,41009,0.7856882480139936,42330.04216974158,0.7893699999999999,0.7908676525858056
7.208,-18867.0,0.7612146109898438,40859,0.7829584512498184,42164.981410153465,0.7866,0.8105569745090839
7.212,-18862.0,0.7589051006409668,40707,0.7802510405155103,42001.58312159116,0.7836700000000001,0.8029564998094865
7.217,-18855.0,0.755671786152539,40557,0.7775360625551816,41839.65074213392,0.7807200000000001,0.8118555602964506
7.221,-18851.0,0.7538241778734375,40406,0.7748417185264866,41679.07006771684,0.77792,0.7922059043257311
7.225,-18844.0,0.7505908633850098,40258,0.7721655687807513,41519.79951456664,0.7749699999999999,0.7868092884668378
7.23,-18839.0,0.7482813530361329,40107,0.7694781556724234,41361.68418076404,0.7718700000000001,0.8026427911972278
7.234,-18833.0,0.7455099406174804,39957,0.766808117371107,41204.46924439156,0.76905,0.8006742785278724
7.238,-18825.0,0.7418147240592774,39811,0.7640714802253447,41048.34383413095,0.76613,0.79263139363285
7.243,-18819.0,0.739043311640625,39664,0.761276118535849,40893.35648227818,0.7631699999999999,0.7776617181121833
7.247,-18813.0,0.7362718992219727,39517,0.7584835884834793,40739.31351333338,0.7602,0.7619826480137823
7.251,-18809.0,0.7344242909428711,39369,0.7557481681666767,40586.044150979695,0.7572300000000001,0.7714217784640962
7.256,-18802.0,0.7311909764544434,39227,0.7530357987793326,40433.75251498771,0.75441,0.7587698543432189
7.26,-18796.0,0.728419564035791,39081,0.7502891420030544,40282.44123887649,0.75142,0.7651794838066296
7.264,-18789.0,0.7251862495473633,38938,0.7475122518002397,40131.93529259918,0.74844,0.7519299325699556
7.269,-18784.0,0.7228767391984864,38794,0.7447360092621118,39982.25769294293,0.74563,0.7491924468640746
7.273,-18777.0,0.7196434247100586,38648,0.7419603378121695,39833.13314832258,0.7426699999999999,0.754915121118988
7.277,-18771.0,0.7168720122914063,38503,0.7391578634796802,39684.437150991966,0.73969,0.7667661325652064
7.282,-18764.0,0.7136386978029785,38356,0.7363317552979638,39536.05991435274,0.73685,0.7400757804051608
7.286,-18760.0,0.7117910895238769,38209,0.7335394205068124,39387.845515005065,0.7337499999999999,0.7613810714522486
7.291,-18755.0,0.709481579175,38063,0.7308314788127962,39239.83381731261,0.7307600000000001,0.7311144894939957
7.295,-18749.0,0.7067101667563477,37920,0.7281433391189095,39092.23732447651,0.7279199999999999,0.7540252152481366
7.299,-18741.0,0.7030149501981445,37776,0.7253907407950146,38945.12517963063,0.7249700000000001,0.7274561735735842
7.304,-18735.0,0.7002435377794922,37632,0.7225813050940091,38798.38099859225,0.72214,0.750530580578926
7.308,-18729.0,0.6974721253608399,37487,0.7197763650679934,38651.902157838624,0.71915,0.741979782719543
7.312,-18724.0,0.6951626150119629,37342,0.7170026956199953,38505.59816751817,0.7163200000000001,0.7240736552538227
7.316,-18718.0,0.6923912025933106,37196,0.714256599479637,38359.38923682834,0.7133400000000001,0.7435749298742956
7.321,-18713.0,0.6900816922444336,37049,0.7115348165225456,38213.14589161833,0.7103299999999999,0.7107782532330273
7.325,-18706.0,0.6868483777560058,36898,0.7088071656362462,38066.57661389466,0.70749,0.7340888053411021
7.33,-18700.0,0.6840769653373535,36751,0.7060470341659072,37919.71994022124,0.7043999999999999,0.7075868126103392
7.334,-18693.0,0.6808436508489258,36603,0.7032582624467202,37772.78720299155,0.7015499999999999,0.7239803459884159
7.338,-18688.0,0.6785341405000488,36452,0.7004715432008712,37625.55092597479,0.69869,0.7106732573091962
7.342,-18682.0,0.6757627280813965,36298,0.6977139402028343,37477.692293750784,0.69571,0.7043725448055027
7.347,-18676.0,0.6729913156627442,36144,0.6949547044507834,37329.10753816748,0.6927099999999999,0.6966549404975497
7.351,-18669.0,0.6697580011743164,35956,0.6921667225448165,37177.87252075831,0.6898200000000001,0.7138548864504375
7.356,-18661.0,0.6660627846161133,35768,0.6892987803840692,37022.29060317361,0.68615,0.7129200683699436
7.362,-18656.0,0.6637532742672363,35589,0.6864149449493406,36863.407796841006,0.6823699999999999,0.6967650921779733
7.366,-18649.0,0.6605199597788086,35428,0.6835444018268579,36703.21055139545,0.67936,0.6854915140423851
7.371,-18642.0,0.6572866452903808,35265,0.6806309665063331,36542.80015763493,0.67651,0.7076168337512072
7.375,-18636.0,0.6545152328717285,35098,0.677707016786242,36381.84711272208,0.67353,0.7007363503882791
7.379,-18630.0,0.6517438204530762,34932,0.6748011022826985,36220.23822471229,0.6705000000000001,0.6852244771904303
7.384,-18624.0,0.6489724080344238,34763,0.6719110906055735,36057.93280228469,0.6675,0.6913320460068297
7.388,-18617.0,0.6457390935459961,34590,0.6690077950392093,35894.59937826122,0.66466,0.6690212363024324
7.392,-18611.0,0.6429676811273438,34417,0.6660927862015253,35730.12302860994,0.66168,0.6687442797833876
7.397,-18604.0,0.639734366638916,34242,0.6631674490087536,35564.52065211313,0.65879,0.6678835967338295
7.401,-18601.0,0.6383486604295898,34064,0.6603149239765534,35397.6297973367,0.6557999999999999,0.6770977183321769
7.405,-18594.0,0.6351153459411621,33881,0.6575266021740548,35229.12986806623,0.6529100000000001,0.6736349557862443
7.41,-18588.0,0.6323439335225097,33696,0.6547129732008486,35058.79729111237,0.6498600000000001,0.6662454080355806
7.414,-18581.0,0.629110619034082,33506,0.6518770292450727,34886.43492741598,0.6468400000000001,0.6637303559034197
7.418,-18572.0,0.6249535004061035,33315,0.6489394893693999,34711.92806401156,0.6439600000000001,0.6626923208341552
7.423,-18568.0,0.623105892127002,33120,0.6459942850912944,34535.23466839501,0.6409499999999999,0.6632728495665743
7.427,-18562.0,0.6203344797083497,32916,0.64312424195452,34355.84473858719,0.6378999999999999,0.6473877307218452
7.431,-18556.0,0.6175630672896972,32714,0.6402658604004718,34173.66327697301,0.63503,0.6395351095011294
7.436,-18551.0,0.6152535569408203,32509,0.6374450680725465,33988.96122234557,0.6319999999999999,0.6460873263686222
7.44,-18543.0,0.6115583403826172,32292,0.6346028077198274,33801.149835541146,0.6289100000000001,0.6379149586956309
7.444,-18538.0,0.6092488300337402,32073,0.6317416176098223,33609.76910424773,0.6260000000000001,0.6350907104272754
7.449,-18531.0,0.6060155155453125,31851,0.6288910423467395,33414.94546219163,0.6229800000000001,0.6306852185900287
7.453,-18527.0,0.604167907266211,31610,0.6260771333345685,33215.78539847696,0.61995,0.6341210792655959
7.457,-18518.0,0.6000107886382324,31369,0.6232409424501772,33011.678398477656,0.6167800000000001,0.6242683705935672
7.462,-18513.0,0.5977012782893555,31126,0.6203577977379193,32803.09112739575,0.6135999999999999,0.6168512151231873
7.466,-18506.0,0.5944679638009277,30879,0.6174878636704778,32590.19860477907,0.6106499999999999,0.6127305335843777
7.47,-18501.0,0.5921584534520508,30627,0.6146295782899726,32372.97780458277,0.6075600000000001,0.61169566751062
7.475,-18493.0,0.5884632368938477,30362,0.6117542578680546,32150.87636666472,0.6045100000000001,0.6213870188387844
7.479,-18487.0,0.5856918244751953,30095,0.6088366100911135,31923.58459126323,0.6015999999999999,0.6089387468504966
7.483,-18482.0,0.5833823141263184,29819,0.6059635588700023,31691.065865494165,0.5985199999999999,0.6008948922768887
7.488,-18474.0,0.5796870975681152,29538,0.603075218443614,31453.11055319793,0.59545,0.5994758674275629
7.492,-18469.0,0.5773775872192383,29258,0.6001733965279985,31210.124978477656,0.5925400000000001,0.5957431509963058
7.496,-18464.0,0.5750680768703613,28984,0.5973416064489835,30963.117715161352,0.5894600000000001,0.5895795238030932
7.501,-18456.0,0.5713728603121582,28709,0.5944896486620189,30712.859853762468,0.58633,0.5889041717151725
7.505,-18449.0,0.5681395458237305,28439,0.5915652947954413,30459.97219766831,0.58342,0.5872198172100087
7.509,-18443.0,0.5653681334050782,28181,0.5886317174813501,30205.77067587177,0.58037,0.5848579312231983
7.514,-18437.0,0.5625967209864258,27922,0.5857173137004085,29951.060924386533,0.57727,0.5820841789863311
7.518,-18431.0,0.5598253085677735,27670,0.5828198164738573,29696.257738030243,0.57437,0.579038677228842
7.522,-18423.0,0.5561300920095703,27423,0.5798826139622298,29442.08157282502,0.57132,0.5747978563105504
7.527,-18419.0,0.5542824837304687,27188,0.5769650136082389,29189.46328881019,0.56823,0.570515511638505
7.531,-18413.0,0.5515110713118164,26962,0.5741193106512734,28939.460155569028,0.5652600000000001,0.5663934140739788
7.535,-18406.0,0.5482777568233886,26743,0.571255084972629,28692.70884964529,0.5622199999999999,0.5621721641604104
7.54,-18399.0,0.545044442334961,26525,0.5683472201542661,28449.29783108264,0.55932,0.5703549635431298
7.544,-18393.0,0.5422730299163087,26311,0.5654281823091563,28209.12774867728,0.5562400000000001,0.5656668575911502
7.548,-18386.0,0.5390397154278809,26108,0.5624992924778252,27972.702171969064,0.55318,0.5754132049865224
7.553,-18381.0,0.5367302050790039,25905,0.559589021956081,27740.22866146681,0.55027,0.5545345209836176
7.557,-18374.0,0.5334968905905761,25709,0.5566951692936737,27511.65376721537,0.5471999999999999,0.5656389870380929
7.561,-18366.0,0.5298016740323731,25520,0.553733873983658,27287.344180686207,0.5441199999999999,0.5740200408293091
7.566,-18362.0,0.5279540657532715,25333,0.5507950294383547,27067.32765067262,0.54111,0.5474669083664584
7.57,-18355.0,0.5247207512648437,25156,0.5479032876444407,26851.80599728737,0.53792,0.5581441111574341
7.575,-18349.0,0.5219493388461914,24983,0.5449984665212914,26641.075413278464,0.5349999999999999,0.5501407749623269
7.579,-18341.0,0.5182541222879883,24812,0.5420548060524777,26434.92413192557,0.53197,0.5528908138042028
7.583,-18336.0,0.5159446119391113,24643,0.5391042048483059,26233.04718990821,0.52894,0.5372832157312286
7.588,-18329.0,0.5127112974506836,24482,0.5361747899934354,26035.53038556621,0.5258700000000001,0.5308128498918594
7.592,-18325.0,0.5108636891715821,24325,0.5332913629724403,25842.567607685145,0.5229600000000001,0.5289398035566608
7.596,-18318.0,0.5076303746831543,24173,0.5304484864232153,25654.1524684575,0.51997,0.5242061856946342
7.601,-18311.0,0.5043970601947265,24021,0.5275594465243338,25470.04286574709,0.5169300000000001,0.5225335503693072
7.605,-18304.0,0.5011637457062988,23875,0.5246297013899738,25290.084439711594,0.51403,0.5265054579343827
7.609,-18297.0,0.4979304312178711,23728,0.5216640637953026,25114.081963815526,0.51101,0.5210252541038365
7.614,-18292.0,0.4956209208689942,23585,0.5187213903744793,24941.745059297908,0.5079800000000001,0.5287965410909375
7.618,-18286.0,0.4928495084503418,23447,0.5158262724113573,24773.172384655656,0.5049300000000001,0.5264177138316504
7.622,-18280.0,0.4900780960316894,23308,0.5129457807479115,24608.15534653133,0.5020500000000001,0.5322045856306776
7.627,-18273.0,0.4868447815432617,23173,0.5100508795983619,24446.450897162875,0.49906,0.502283431154361
7.631,-18266.0,0.483611467054834,23041,0.5071159662171042,24288.0811950803,0.49618,0.5123349672226101
7.635,-18260.0,0.4808400546361816,22909,0.5041730778903853,24132.8293093146,0.49316,0.5073902003559077
7.64,-18255.0,0.4785305442873047,22782,0.5012777704307222,23980.62219248027,0.4901599999999999,0.49803808268050137
7.644,-18248.0,0.4752972297988769,22651,0.49839711167582,23831.15896434468,0.48726,0.5093266438285515
7.648,-18242.0,0.4725258173802246,22526,0.4955020631908381,23684.233436585248,0.4842200000000001,0.5119601646509855
7.653,-18237.0,0.4702163070313476,22403,0.492648939239037,23540.018503898045,0.4812099999999999,0.4867792722580884
7.657,-18228.0,0.4660591884033691,22280,0.4897508635371211,23398.311914425583,0.4783699999999999,0.5088872133542216
7.661,-18223.0,0.4637496780544922,22161,0.4868131509460451,23259.053564312133,0.4753499999999999,0.49175922297647523
7.666,-18218.0,0.4614401677056152,22043,0.4839497137182207,23122.249573466463,0.47235,0.4773346752273672
7.67,-18210.0,0.4577449511474121,21925,0.481069850576595,22987.668868621426,0.46936,0.46985492338995527
7.674,-18205.0,0.4554354407985351,21809,0.478175503635717,22855.16681480765,0.46648,0.4733190640666233
7.679,-18197.0,0.451740224240332,21694,0.4752683853846202,22724.674995339145,0.46346,0.48227292710384767
7.683,-18194.0,0.4503545180310058,21581,0.4724046187330251,22596.13308276275,0.4605999999999999,0.49102027996667297
7.687,-18187.0,0.4471212035425781,21471,0.4696063844616948,22469.606117224248,0.45763,0.4618838535423116
7.691,-18180.0,0.4438878890541504,21355,0.4667567085701381,22344.678509681584,0.4547799999999999,0.45534970548477055
7.696,-18173.0,0.4406545745657226,21246,0.4638616732477709,22221.22027776762,0.45181,0.45656705417348226
7.7,-18166.0,0.4374212600772949,21135,0.4609266415575913,22099.353277143506,0.4488499999999999,0.4609844605064784
7.704,-18160.0,0.4346498476586425,21027,0.4579836489101815,21978.9484863015,0.44588,0.46985940851690117
7.709,-18154.0,0.4318784352399902,20922,0.455060943015925,21860.1877255526,0.4430199999999999,0.47261162138181956
7.713,-18150.0,0.4300308269608887,20817,0.4522107381711999,21743.053965528285,0.4400699999999999,0.4400817743434538
7.717,-18142.0,0.4263356104026856,20711,0.4493698493328099,21627.295720734168,0.43727,0.4401134143037011
7.722,-18137.0,0.4240261000538086,20607,0.4465098685764186,21512.809474806592,0.43431,0.44145275715019366
7.726,-18130.0,0.4207927855653808,20504,0.4436603596792732,21399.622185412805,0.4313800000000001,0.4315929600751289
7.73,-18124.0,0.4180213731467285,20398,0.4407927780550055,21287.462035898585,0.4285799999999999,0.4349212236086095
7.735,-18116.0,0.4143261565885254,20292,0.4378819540805616,21176.030230398632,0.4256299999999999,0.43248738721035546
7.739,-18112.0,0.4124785483094238,20186,0.4349876134028211,21065.240653307814,0.4226700000000001,0.427024799378174
7.743,-18105.0,0.4092452338209961,20081,0.4321351135708174,20955.076488279345,0.41974,0.4389540475570199
7.748,-18101.0,0.4073976255418945,19979,0.429319507540737,20845.70025943609,0.4168199999999999,0.41921238225451335
7.752,-18094.0,0.4041643110534668,19877,0.4265364331814771,20737.19615749713,0.4140299999999999,0.4335777490985537
7.756,-18088.0,0.4013928986348145,19774,0.4237274312211347,20629.401949319377,0.4111199999999999,0.4121387905238857
7.761,-18081.0,0.3981595841463867,19672,0.4208955672043057,20522.2337007596,0.40835,0.4273569569157534
7.765,-18074.0,0.394926269657959,19567,0.4180162377733114,20415.499166815865,0.4054200000000001,0.41607865120128384
7.769,-18067.0,0.3916929551695312,19465,0.4150950549916596,20309.14706732951,0.4025000000000001,0.41740709910418183
7.774,-18064.0,0.3903072489602051,19362,0.4122461931746328,20203.2504200358,0.39971,0.42649751829660765
7.778,-18057.0,0.3870739344717773,19259,0.4094611014678128,20097.69625724071,0.3968100000000001,0.40746667177830687
7.782,-18050.0,0.3838406199833496,19159,0.4066230142323473,19992.621437552123,0.3940300000000001,0.4127772844880012
7.787,-18045.0,0.3815311096344727,19056,0.4037928102801716,19887.96928593616,0.39114,0.41873820704769626
7.791,-18038.0,0.3782977951460449,18954,0.400969557532903,19783.57159352507,0.3882399999999999,0.39691669164678406
7.795,-18030.0,0.3746025785878418,18851,0.3980705147715408,19679.39827438696,0.38545,0.39349697024189545
7.8,-18025.0,0.3722930682389648,18748,0.3951592559093317,19575.363682396463,0.38253,0.39831919868908094
7.804,-18021.0,0.3704454599598633,18644,0.3923464511074059,19471.39229778032,0.37975,0.3809797828996637
7.808,-18013.0,0.3667502434016602,18538,0.3895385403254263,19367.299295035253,0.37684,0.39601380297694816
7.813,-18006.0,0.3635169289132324,18434,0.3866530255752339,19263.099053655787,0.37392,0.3837582158524333
7.817,-18000.0,0.3607455164945801,18331,0.3837536952425689,19158.98160517219,0.3710299999999999,0.39851895818873234
7.821,-17995.0,0.3584360061457031,18225,0.3808967957064672,19054.81892578852,0.3682499999999999,0.38767851971031103
7.826,-17987.0,0.3547407895875,18119,0.3780226972739241,18950.43901117864,0.3653299999999999,0.38272772787750164
7.83,-17982.0,0.352431279238623,18013,0.3751334334529327,18845.867546104964,0.36253,0.3806156563411293
7.834,-17974.0,0.3487360626804199,17902,0.3722307973200857,18740.831591510087,0.35962,0.3597287170004892
7.839,-17968.0,0.3459646502617676,17792,0.3692890634996941,18635.1495966275,0.3567100000000001,0.3709255120719585
7.843,-17962.0,0.3431932378431152,17682,0.3663674675953013,18528.957063295547,0.35379,0.3572817506960976
7.847,-17956.0,0.3404218254244629,17571,0.36346362860454,18422.25523752563,0.3509,0.36084652133269857
7.852,-17951.0,0.3381123150755859,17461,0.3606027534906073,18315.10433540469,0.34799,0.35211971667971115
7.856,-17943.0,0.3344170985173828,17348,0.3577251495318626,18207.43921858809,0.3450599999999999,0.35165271923167496
7.861,-17936.0,0.3311837840289551,17234,0.3547781817633649,18099.084215555133,0.34213,0.34330102934394047
7.865,-17930.0,0.3284123716103027,17119,0.3518246642974088,17990.002660066217,0.33921,0.351108230534799
7.869,-17924.0,0.3256409591916504,17004,0.3488926779843678,17880.221338504503,0.33627,0.35838411158547656
7.874,-17918.0,0.322869546772998,16890,0.3459796770927936,17769.882104965516,0.3334699999999999,0.35343550061796236
7.878,-17912.0,0.3200981343543457,16774,0.3430834168852732,17658.991806660015,0.3305499999999999,0.34606462266082066
7.882,-17904.0,0.3164029177961426,16656,0.3401473051339851,17547.37912902786,0.32776,0.3358648232953673
7.886,-17898.0,0.3136315053774902,16535,0.3371760536780324,17434.833895453365,0.3247899999999999,0.35027426259427374
7.891,-17891.0,0.3103981908890625,16415,0.3342011237014266,17321.348131702205,0.32199,0.33322879136980516
7.895,-17885.0,0.3076267784704101,16290,0.3312229501333025,17206.79657157713,0.31904,0.3372930243523058
7.899,-17879.0,0.3048553660517578,16165,0.3282692229272761,17091.009642306595,0.31609,0.334312042267873
7.904,-17871.0,0.3011601494935547,16038,0.325282438776263,16974.01517271323,0.31325,0.3195812910624818
7.908,-17867.0,0.2993125412144531,15908,0.3223211190578492,16855.66034909221,0.3103199999999999,0.3163759217884499
7.912,-17861.0,0.2965411287958008,15779,0.3194368658865458,16735.987777828082,0.3073699999999999,0.33028553905791513
7.917,-17855.0,0.2937697163771484,15647,0.3165659544184865,16615.03502774825,0.30454,0.31903295841789825
7.921,-17847.0,0.2900744998189453,15508,0.3136521943036489,16492.362286557993,0.3015799999999999,0.31550361980827807
7.925,-17841.0,0.287303087400293,15367,0.3107006517429956,16367.64086047647,0.2986299999999999,0.30891061633966316
7.93,-17833.0,0.2836078708420898,15224,0.3077157939362581,16240.876505751814,0.29566,0.30479940868228705
7.934,-17828.0,0.2812983604932129,15078,0.3047288663529615,16112.015180645902,0.29281,0.30242765891797074
7.938,-17820.0,0.2776031439350098,14930,0.3017401137127128,15981.00923303443,0.28987,0.2976169769557748
7.943,-17816.0,0.2757555356559082,14779,0.2987770582489846,15847.816644932236,0.2868999999999999,0.29463151722787634
7.947,-17809.0,0.2725222211674805,14624,0.2958639681096198,15712.282131547132,0.28393,0.29330791325944605
7.952,-17802.0,0.2692889066790527,14470,0.2929130163100268,15574.505237742247,0.28095,0.2870605037807212
7.956,-17793.0,0.2651317880510742,14309,0.2898740665193606,15434.39638652192,0.27814,0.27955532434228497
7.96,-17787.0,0.2623603756324218,14139,0.2867848296102839,15291.285418033773,0.2751399999999999,0.2817451576023399
7.965,-17782.0,0.2600508652835449,13971,0.2837604770628795,15145.113465215089,0.2721599999999999,0.27722140420077857
7.969,-17775.0,0.2568175507951172,13797,0.2807660308397159,14996.00597333056,0.26919,0.2756386611461499
7.973,-17769.0,0.2540461383764648,13625,0.2777706485244427,14844.07355564975,0.2662299999999999,0.2723911336907839
7.978,-17763.0,0.2512747259578125,13447,0.2748017472439566,14689.41374710497,0.2632399999999999,0.27888657624910707
7.982,-17756.0,0.2480414114693847,13261,0.2718288895703031,14531.52137663141,0.2602899999999999,0.26969573093831656
7.987,-17747.0,0.2438842928414062,13073,0.2687706239421025,14370.187471551246,0.25732,0.26560713080478965
7.991,-17741.0,0.2411128804227539,12880,0.2656643549995804,14205.40511922068,0.2543299999999999,0.2631857010651657
7.995,-17734.0,0.2378795659343262,12690,0.2625703713012353,14037.463811298152,0.2513399999999999,0.2622326382496045
8.0,-17729.0,0.2355700555854492,12497,0.25951452675198,13866.73704625012,0.2483599999999999,0.26260294544393037
8.004,-17720.0,0.2314129369574707,12303,0.2564376990808687,13693.31769243871,0.2453700000000001,0.2540291757895512
8.009,-17715.0,0.2291034266085937,12114,0.25334236922301,13517.76057713383,0.2423599999999999,0.2478434095081095
8.013,-17709.0,0.2263320141899414,11915,0.2503126441253731,13340.02287113996,0.2394099999999999,0.26187782084473854
8.018,-17700.0,0.2221748955619629,11720,0.2472315412296375,13160.007691765291,0.23628,0.23812092075808755
8.022,-17695.0,0.2198653852130859,11531,0.2441324416274611,12978.575489582272,0.23313,0.24540673553067166
8.027,-17686.0,0.2157082665851074,11345,0.2410174731557384,12796.425862568964,0.22998,0.2518130110031093
8.031,-17678.0,0.2120130500269043,11166,0.2378065927222911,12614.234809277445,0.2269799999999999,0.23518261417192082
8.035,-17673.0,0.2097035396780273,10989,0.2346203662511929,12432.539284312194,0.22407,0.22865975485376072
8.04,-17667.0,0.206932127259375,10809,0.2315104916827385,12251.221581585754,0.22093,0.23141014040380842
8.044,-17660.0,0.2036988127709472,10637,0.2284133286689037,12070.532616350429,0.2179200000000001,0.22881134100574596
8.049,-17655.0,0.2013893024220703,10467,0.2253546807098734,11890.989223932334,0.2149000000000001,0.22360495742302947
8.053,-17646.0,0.1972321837940918,10296,0.2222753810895669,11712.515075161844,0.2119899999999999,0.21651582371593947
8.057,-17639.0,0.193998869305664,10133,0.2191232586564429,11535.397570017694,0.20886,0.21013663875894745
8.062,-17633.0,0.1912274568870117,9969,0.2159888429455519,11359.890127801087,0.20594,0.2220693430481362
8.066,-17623.0,0.1866084361892578,9807,0.2127881210615085,11185.86150044948,0.20289,0.21201733459500705
8.07,-17619.0,0.1847608279101562,9648,0.209583545597571,11013.432427577842,0.19984,0.21401966675013492
8.075,-17610.0,0.1806037092821777,9486,0.2064028786292058,10842.413786190336,0.1968,0.22759409877964626
8.079,-17605.0,0.1782941989333007,9329,0.2032159868921049,10672.757049004618,0.1937299999999999,0.19878886331042225
8.084,-17599.0,0.1755227865146484,9176,0.2001055257152371,10504.833248133717,0.19069,0.19272361721896583
8.088,-17593.0,0.172751374095996,9025,0.1970351518987525,10338.79219459255,0.1878200000000001,0.19051565705840473
8.092,-17584.0,0.1685942554680176,8876,0.1939182063771045,10174.647751726538,0.1847399999999999,0.1910022802204478
8.097,-17577.0,0.1653609409795898,8724,0.1907328890980622,10012.116556764087,0.1818200000000001,0.18976265041240398
8.101,-17568.0,0.1612038223516113,8574,0.1874872839823372,9850.948750272784,0.1787700000000001,0.18557253027084572
8.105,-17564.0,0.1593562140725097,8425,0.1842704384946477,9691.16048448872,0.1757200000000001,0.17650260740130647
8.11,-17557.0,0.156122899584082,8274,0.1811335651427482,9532.5295323019,0.17249,0.18027887803405834
8.114,-17550.0,0.1528895850956543,8125,0.1779852890928529,9374.91905897654,0.1694599999999999,0.1800893062655196
8.119,-17544.0,0.1501181726770019,7978,0.1748542649888587,9218.444877993536,0.1664099999999999,0.1687104512594984
8.123,-17536.0,0.1464229561187988,7829,0.1717111466022424,9062.972640060863,0.1633500000000001,0.17583337597276116
8.128,-17531.0,0.1441134457699218,7684,0.1685846703462672,8908.502115442365,0.16015,0.17721132259642827
8.132,-17522.0,0.1399563271419433,7537,0.1654455620937923,8755.033101564688,0.1571199999999999,0.1627218734965683
8.136,-17513.0,0.1357992085139648,7390,0.1621860895933805,8602.328950215937,0.15402,0.17474018242165953
8.141,-17508.0,0.1334896981650879,7247,0.1589297098801501,8450.535697621659,0.15093,0.15272360927351872
8.145,-17501.0,0.1302563836766601,7105,0.1557306701755194,8299.841230841666,0.14785,0.17532715556506348
8.15,-17494.0,0.1270230691882324,6959,0.1525275779988568,8149.938282968259,0.14476,0.1514032092869772
8.154,-17487.0,0.1237897546998046,6817,0.1493209124933617,8000.733268925872,0.14165,0.16461716554662312
8.158,-17481.0,0.1210183422811523,6676,0.1461384025990738,7852.439255638362,0.1386099999999999,0.14812096092526056
8.163,-17474.0,0.1177850277927246,6537,0.1429771922822566,7705.125883310661,0.1355299999999999,0.15125434567263057
8.167,-17467.0,0.1145517133042968,6395,0.1398074567434989,7558.618088662592,0.1324199999999999,0.1450754379214792
8.172,-17460.0,0.1113183988158691,6249,0.136630203960668,7412.406802600346,0.1291999999999999,0.13622546628613907
8.176,-17453.0,0.1080850843274414,6105,0.1334463227335751,7266.338732697215,0.1261099999999999,0.1384766717330487
8.181,-17445.0,0.1043898677692382,5961,0.1302292903267297,7120.515180614886,0.12287,0.1285467146820821
8.185,-17438.0,0.1011565532808105,5815,0.1269830263630701,6974.789001044087,0.11979,0.13896752127148138
8.19,-17437.0,0.1006946512110351,5711,0.1239021321673869,6831.51337706356,0.11663,0.12658463265671901
8.194,-17447.0,0.105313671908789,5670,0.1214312648991307,6696.605894467122,0.11393,0.12411427318133092
8.198,-17453.0,0.1080850843274414,5671,0.1196894432873304,6575.284474506053,0.1119399999999999,0.12248374162007614
8.203,-17461.0,0.1117803008856445,5706,0.1185358558718581,6470.43569405696,0.1104400000000001,0.12111380144838696
8.207,-17469.0,0.1154755174438476,5770,0.1179555657996435,6383.836310004782,0.10948,0.11481574466651315
8.212,-17476.0,0.1187088319322754,5851,0.1178534829286614,6316.048008992104,0.10897,0.12371039364194882
8.216,-17485.0,0.1228659505602539,5950,0.1182003729768002,6266.915775384676,0.1090899999999999,0.11158217052336505
8.221,-17491.0,0.1256373629789062,6059,0.1189158452748213,6235.889100007874,0.10976,0.11211908205262816
8.225,-17497.0,0.1284087753975586,6175,0.119874401231298,6221.832271654559,0.1108599999999999,0.11313546730777571
8.229,-17504.0,0.1316420898859863,6299,0.1210746063479714,6223.62562490433,0.11254,0.11300579809972071
8.234,-17512.0,0.1353373064441894,6426,0.122542502182428,6240.045408158339,0.1147899999999999,0.1118185583346313
8.238,-17517.0,0.1376468167930664,6558,0.1241918254810822,6269.835207644693,0.11755,0.1122576948876099
8.242,-17528.0,0.1427277395605957,6695,0.1260830445496328,6312.005396210987,0.12081,0.12251619582084543
8.247,-17535.0,0.1459610540490234,6837,0.1282421717878189,6365.683355068195,0.12386,0.12373116154683143
8.251,-17542.0,0.1491943685374512,6987,0.1305283053352038,6430.2769915231465,0.12718,0.12525766744918942
8.256,-17549.0,0.1524276830258789,7142,0.1329264286268704,6505.264218840802,0.1305499999999999,0.12495138598804173
8.261,-17555.0,0.1551990954445312,7294,0.1353959941301366,6589.534387732288,0.13388,0.12959286484633195
8.265,-17565.0,0.1598181161422851,7442,0.1380104742344819,6681.576109722617,0.1371199999999999,0.12743151484785137
8.269,-17571.0,0.1625895285609375,7592,0.1407527349917722,6780.352282030336,0.14029,0.13740232012982428
8.274,-17577.0,0.1653609409795898,7750,0.1434984424897642,6885.657832277933,0.1436699999999999,0.13977278731232584
8.278,-17587.0,0.1699799616773437,7901,0.1463564149967303,6996.779878201412,0.14704,0.14064737908379066
8.283,-17594.0,0.1732132761657714,8057,0.1493406853305999,7112.912472832712,0.15026,0.13174387709480395
8.287,-17601.0,0.1764465906541992,8215,0.1523544013490006,7233.877016755199,0.15348,0.14394257968068583
8.292,-17607.0,0.1792180030728515,8372,0.1553667750992236,7359.161322832987,0.15673,0.15456274587075539
8.296,-17616.0,0.1833751217008301,8528,0.1584325781805477,7488.136410078814,0.1600999999999999,0.156447791085095
8.3,-17622.0,0.1861465341194824,8686,0.1615454933869695,7620.42501713576,0.1633500000000001,0.15908760925869103
8.305,-17630.0,0.1898417506776855,8843,0.1646726439778033,7755.694488066054,0.1664399999999999,0.16318561520275818
8.309,-17637.0,0.1930750651661132,9003,0.1678396532835313,7893.710615835939,0.1696599999999999,0.16777669849553886
8.313,-17644.0,0.196308379654541,9165,0.1710145021689355,8034.444237024581,0.17287,0.16406682493364444
8.318,-17651.0,0.1995416941429687,9332,0.174196263722921,8177.9878711371075,0.1761399999999999,0.16838896905963893
8.322,-17658.0,0.2027750086313965,9505,0.1773841206275359,8324.659568243702,0.1793499999999999,0.17291417720299235
8.327,-17668.0,0.2073940293291504,9676,0.1806592715449629,8474.325952047646,0.1826099999999999,0.1679289419097894
8.331,-17675.0,0.2106273438175781,9846,0.1840113952855029,8626.455594189212,0.1858599999999999,0.18417585707934245
8.335,-17679.0,0.2124749520966797,10016,0.1872675522937748,8780.698134426664,0.1891199999999999,0.17954835816705134
8.34,-17688.0,0.2166320707246582,10192,0.1904937020731603,8937.158459071677,0.19219,0.18305038207912466
8.344,-17693.0,0.2189415810735351,10368,0.1937206989704497,9095.929053224378,0.19544,0.1938683906734346
8.348,-17704.0,0.2240225038410644,10549,0.1970030557233077,9257.032349630606,0.1986699999999999,0.19292408976078929
8.353,-17710.0,0.2267939162597168,10735,0.2003615333188045,9420.78371569231,0.2018899999999999,0.1931745743450164
8.357,-17717.0,0.2300272307481445,10920,0.2036779058317718,9587.106527026704,0.2051499999999999,0.19639826245197656
8.361,-17724.0,0.2332605452365722,11120,0.2069844579962443,9756.524392893603,0.2082600000000001,0.2003092060189225
8.366,-17732.0,0.2369557617947754,11325,0.21030965736735,9929.85371810404,0.2116500000000001,0.20413572195819985
8.371,-17740.0,0.2406509783529785,11523,0.2136786056446755,10106.513797269949,0.21503,0.20807949417940025
8.375,-17745.0,0.2429604887018554,11731,0.2170042108405533,10286.288171572922,0.21828,0.2139240368928789
8.379,-17754.0,0.2471176073298339,11941,0.2203189040635661,10469.518031735526,0.22163,0.2172091409863826
8.384,-17760.0,0.2498890197484863,12154,0.2236512819368254,10656.090406083133,0.22486,0.20960019460732243
8.388,-17767.0,0.253122334236914,12363,0.2269446406228607,10845.55097573924,0.2282299999999999,0.22785378981513482
8.393,-17775.0,0.2568175507951172,12570,0.2302582064437459,11037.203551139315,0.23146,0.2182441113670317
8.397,-17782.0,0.2600508652835449,12775,0.233589590213037,11230.552491344071,0.23469,0.23023129710780726
8.402,-17791.0,0.2642079839115234,12977,0.236963991677497,11425.101640021569,0.2379299999999999,0.23454638851574963
8.406,-17796.0,0.2665174942604004,13174,0.2403217117522851,11620.236151589676,0.2410000000000001,0.2403764697361017
8.41,-17803.0,0.2697508087488281,13372,0.2436101098616114,11815.65034619733,0.24421,0.23949415729063794
8.415,-17810.0,0.2729841232372558,13562,0.2468919951703193,12010.897333795623,0.24743,0.24594177657444677
8.419,-17817.0,0.2762174377256836,13745,0.250168137718054,12205.110123109383,0.25062,0.24348882367738087
8.423,-17826.0,0.2803745563536621,13929,0.2534938293954575,12398.056287976,0.2537899999999999,0.25094350503715857
8.428,-17833.0,0.2836078708420898,14106,0.2568632117713466,12589.530883092526,0.2569999999999999,0.24370554307835432
8.432,-17840.0,0.2868411853305176,14283,0.2602165061884716,12779.294077424429,0.26004,0.2589548256093063
8.436,-17845.0,0.2891506956793945,14455,0.2635010019068607,12967.252631105228,0.2632399999999999,0.25258282891317696
8.441,-17853.0,0.2928459122375976,14622,0.2667521397747854,13153.028741477736,0.26644,0.2391454063139749
8.445,-17859.0,0.29561732465625,14789,0.2700011702990911,13336.58486229164,0.26963,0.2621788600759743
8.45,-17866.0,0.2988506391446777,14952,0.2732210361928803,13517.947003967278,0.2727999999999999,0.24787067206155758
8.454,-17875.0,0.3030077577726562,15118,0.2764971050749742,13697.3154537806,0.27613,0.25612464557868303
8.458,-17882.0,0.306241072261084,15273,0.2798227317965788,13874.452996300475,0.2793399999999999,0.2670490469336789
8.463,-17890.0,0.3099362888192871,15425,0.2831647504484666,14048.795758828965,0.2823599999999999,0.2689752722660009
8.467,-17896.0,0.3127077012379394,15577,0.2864939164858847,14220.496829412765,0.2855799999999999,0.2733126413042376
8.472,-17902.0,0.3154791136565918,15725,0.2897571366385925,14389.632078367338,0.2887999999999999,0.2767160454862463
8.476,-17911.0,0.3196362322845703,15868,0.2930441273494564,14555.972818509748,0.2920199999999999,0.2767151499241264
8.48,-17916.0,0.3219457426334473,16009,0.2963247716631704,14719.435636234106,0.29521,0.28542268772709156
8.485,-17922.0,0.3247171550520996,16146,0.2995179005999855,14880.006097722551,0.29844,0.29744267904726607
8.489,-17929.0,0.3279504695405273,16287,0.3026884744190148,15038.026180121373,0.3014699999999999,0.2911375919096119
8.493,-17938.0,0.3321075881685059,16425,0.3059210792646975,15193.85654437654,0.3048200000000001,0.2950652999132652
8.498,-17945.0,0.3353409026569336,16557,0.3092083809113207,15347.224034786652,0.30803,0.30311060230000236
8.502,-17952.0,0.3385742171453613,16694,0.3124892993973684,15498.360731338154,0.3112399999999999,0.30583358736778726
8.507,-17960.0,0.3422694337035644,16827,0.3157918958827599,15647.589508882793,0.3145800000000001,0.3109021414961293
8.511,-17965.0,0.3445789440524414,16962,0.3190589943772131,15795.017715038117,0.31779,0.3107124072151893
8.516,-17973.0,0.3482741606106445,17088,0.3222947919784055,15940.444418210918,0.3211299999999999,0.31333012543941013
8.52,-17980.0,0.3515074750990722,17211,0.3255576024375076,16083.396856926494,0.3243,0.3231729740041604
8.525,-17986.0,0.3542788875177246,17332,0.328789618998329,16223.871988348226,0.32735,0.31670840354131724
8.529,-17994.0,0.3579741040759277,17452,0.3320217890193547,16361.98536420354,0.3305199999999999,0.31278944239573164
8.533,-18002.0,0.3616693206341309,17572,0.3353087072527251,16497.957108779956,0.33368,0.3131224302642315
8.537,-18008.0,0.3644407330527832,17689,0.3385892876583072,16631.86308522012,0.3367199999999999,0.3103739223805359
8.542,-18013.0,0.3667502434016602,17807,0.3417823602431554,16763.829304401017,0.3399000000000001,0.33863173903105387
8.546,-18019.0,0.3695216558203125,17923,0.3448982714765048,16894.02599572688,0.3429200000000001,0.34110483581048956
8.55,-18026.0,0.3727549703087402,18038,0.3480007574113989,17022.48502676836,0.3460799999999999,0.34378001551148824
8.555,-18033.0,0.375988284797168,18152,0.351118711833485,17149.29361463788,0.3490899999999999,0.3462464579377067
8.559,-18040.0,0.3792215992855957,18271,0.3542503058293528,17274.88336873511,0.3522400000000001,0.3473320804744378
8.563,-18047.0,0.3824549137740234,18383,0.3573939267267938,17399.28016282623,0.3553699999999999,0.34223694231402757
8.568,-18055.0,0.3861501303322265,18497,0.3605754589758055,17522.329459305656,0.35853,0.3400272452004985
8.572,-18060.0,0.3884596406811035,18609,0.3637358072390352,17644.190579277114,0.36168,0.3491471504134584
8.576,-18067.0,0.3916929551695312,18720,0.3668501697524584,17764.826654353983,0.3646800000000001,0.35699253138081305
8.581,-18074.0,0.394926269657959,18834,0.3699785965282472,17884.500762262982,0.3678300000000001,0.3591141835252426
8.585,-18080.0,0.3976976820766113,18947,0.3730921182329877,18003.444875789774,0.3709800000000001,0.3531431884613589
8.59,-18087.0,0.400930996565039,19058,0.3761924971646979,18121.567953478072,0.3741000000000001,0.3512180708304922
8.594,-18095.0,0.4046262131232422,19169,0.3793359001529273,18238.84883553696,0.37724,0.354683050000854
8.598,-18101.0,0.4073976255418945,19281,0.3824899338089404,18355.446216191365,0.38023,0.37890893519690155
8.603,-18106.0,0.4097071358907715,19396,0.385571421873198,18471.677378679426,0.3833599999999999,0.3739906211034993
8.607,-18114.0,0.4134023524489746,19510,0.3886435546553371,18587.7038575258,0.38663,0.3750653910113226
8.612,-18120.0,0.4161737648676269,19620,0.3917347447234582,18703.254266471668,0.38978,0.3824364497823102
8.616,-18128.0,0.41986898142583,19732,0.3948427388432622,18818.266658749188,0.3929100000000001,0.38645503269506115
8.62,-18133.0,0.422178491774707,19844,0.3979382437429071,18932.922881443665,0.39588,0.38354715150158136
8.625,-18140.0,0.4254118062631348,19955,0.4009954296345386,19047.20592879525,0.39903,0.39239497341432644
8.629,-18146.0,0.4281832186817871,20069,0.4040461336064473,19161.27815790896,0.4021300000000001,0.39933246845647646
8.633,-18154.0,0.4318784352399902,20180,0.4071184284953202,19275.16449483589,0.4052599999999999,0.3912923987909393
8.638,-18162.0,0.4355736517981933,20290,0.4102643743999949,19388.650448910867,0.4084000000000001,0.4020338318882475
8.642,-18167.0,0.4378831621470703,20401,0.4133933438630108,19501.78335931825,0.41154,0.39123405930545985
8.646,-18173.0,0.4406545745657226,20510,0.4164527311939891,19614.54585070624,0.41466,0.4107008637881678
8.651,-18181.0,0.4443497911239258,20623,0.4195326827667531,19727.09995428648,0.41764,0.41096433922016357
8.655,-18187.0,0.4471212035425781,20741,0.4226307671723934,19840.00236532565,0.42076,0.41953103214569243
8.66,-18195.0,0.4508164201007812,20855,0.4257448404791341,19953.27101916025,0.42401,0.411750133384527
8.664,-18201.0,0.4535878325194336,20971,0.4288730122425332,20066.744378353585,0.4271499999999999,0.4228094361359295
8.668,-18207.0,0.4563592449380859,21087,0.4319590026379835,20180.51647440444,0.43028,0.4284044120235395
8.673,-18215.0,0.4600544614962891,21208,0.4350624118673483,20294.84757320895,0.4332800000000001,0.4121772077554825
8.677,-18221.0,0.4628258739149414,21327,0.4381811804183728,20409.848933383524,0.43656,0.41744589304778595
8.682,-18227.0,0.4655972863335937,21449,0.4412588793883347,20525.50042411,0.4397299999999999,0.4294596561065875
8.686,-18235.0,0.4692925028917968,21570,0.444354977527203,20641.8434121308,0.44272,0.4212725146353547
8.69,-18240.0,0.4716020132406738,21692,0.4474399929647781,20758.79613840517,0.4460299999999999,0.44208657430872095
8.695,-18248.0,0.4752972297988769,21814,0.4505152360619741,20876.34562805321,0.4490499999999999,0.4419753560243862
8.699,-18255.0,0.4785305442873047,21940,0.4536364751459274,20994.65779246961,0.45222,0.4396975535301212
8.703,-18261.0,0.481301956705957,22068,0.4567436589941022,21113.997161344225,0.4554,0.4491641735660288
8.708,-18269.0,0.4849971732641601,22198,0.4598657558726557,21234.478752958392,0.4585999999999999,0.4386406927534067
8.712,-18275.0,0.4877685856828125,22326,0.4630010025425002,21355.967516840792,0.4618,0.46103184279479326
8.717,-18281.0,0.4905399981014648,22458,0.4660932313442835,21478.462604979763,0.4650099999999999,0.4495858289391108
8.721,-18286.0,0.4928495084503418,22592,0.4691202220385739,21602.19973921789,0.46821,0.4423639350156129
8.725,-18294.0,0.4965447250085449,22727,0.4721443009361056,21727.209418681727,0.4714199999999999,0.4498404650649357
8.73,-18301.0,0.4997780394969727,22866,0.4752204252090473,21853.636771234746,0.4745999999999999,0.47171560567341386
8.734,-18310.0,0.5039351581249512,23004,0.4783697477313508,21981.49153078236,0.47781,0.4707953209580229
8.738,-18316.0,0.5067065705436036,23149,0.481556307474779,22110.959632536,0.48088,0.46885210234811314
8.743,-18323.0,0.5099398850320312,23294,0.4847210888076541,22242.264145092948,0.4840899999999999,0.47275025537406223
8.747,-18331.0,0.5136351015902344,23446,0.4879212795923566,22375.601762580645,0.48746,0.4703155651470434
8.752,-18334.0,0.5150208077995606,23596,0.4910434674066607,22511.02768824184,0.4906999999999999,0.48204451506773466
8.756,-18344.0,0.5196398284973145,23749,0.4941514878122478,22648.354128785428,0.49377,0.4929658396174021
8.76,-18349.0,0.5219493388461914,23907,0.4973016287862578,22787.829316403648,0.49712,0.4944990363884705
8.765,-18356.0,0.5251826533346191,24068,0.5004069908672084,22929.672133606407,0.50021,0.4951409552604532
8.769,-18363.0,0.5284159678230469,24231,0.503527481374812,23073.898231182626,0.5034099999999999,0.49990333619843996
8.774,-18372.0,0.5325730864510254,24398,0.5067159244991224,23220.58052685085,0.50665,0.48386290651692565
8.778,-18376.0,0.534420694730127,24567,0.5098823665317274,23369.78331691813,0.5099,0.5039823240574272
8.782,-18384.0,0.5381159112883301,24741,0.5130021023189537,23521.622413028275,0.5129999999999999,0.49265770699494144
8.787,-18388.0,0.5399635195674316,24929,0.5160806541641435,23676.909342628456,0.5162199999999999,0.513241141696479
8.791,-18396.0,0.5436587361256348,25119,0.519122891442236,23836.182330192256,0.51962,0.5131982051481205
8.796,-18402.0,0.5464301485442872,25319,0.5221877206950994,23999.67949374325,0.52298,0.5112811190483574
8.8,-18411.0,0.5505872671722656,25517,0.5252997772134688,24167.374327879566,0.5263500000000001,0.5153101911382224
8.805,-18417.0,0.553358679590918,25720,0.528453477091294,24338.947874072903,0.5296000000000001,0.5158443656036038
8.809,-18424.0,0.5565919940793457,25927,0.5315892837380355,24514.473590175752,0.53281,0.5168936022850459
8.813,-18431.0,0.5598253085677735,26146,0.5347366192044383,24694.430070548584,0.5360400000000001,0.5217473595054414
8.818,-18435.0,0.561672916846875,26369,0.5378122010381603,24879.23932304584,0.53928,0.5126880740939781
8.822,-18445.0,0.5662919375446289,26596,0.5409064323599578,25068.80052033028,0.5425200000000001,0.5193415307833249
8.827,-18451.0,0.5690633499632812,26838,0.5440717210479098,25263.67504773612,0.54573,0.5399477960998774
8.831,-18458.0,0.572296664451709,27079,0.5472177463041896,25464.062328330467,0.54897,0.5236116272785096
8.836,-18464.0,0.5750680768703613,27332,0.55034678573669,25669.96085424271,0.5522,0.5251171116595881
8.84,-18470.0,0.5778394892890136,27592,0.5534335412125634,25881.84223506452,0.55539,0.5395444805762359
8.844,-18478.0,0.5815347058472168,27858,0.5565376250632244,26099.76761533959,0.5586200000000001,0.5464207584922349
8.849,-18485.0,0.5847680203356446,28137,0.5596842949200724,26324.14561458369,0.5618399999999999,0.5549335389965752
8.853,-18490.0,0.5870775306845215,28426,0.5627865962906868,26555.573008857697,0.5649,0.5643507938237233
8.857,-18497.0,0.5903108451729492,28715,0.5658497750739367,26793.807488360624,0.56812,0.5676502319808578
8.862,-18503.0,0.5930822575916016,29001,0.5689057633691528,27037.86686657436,0.57134,0.55952274407235
8.866,-18511.0,0.5967774741498048,29282,0.5719827177904506,27286.589498615063,0.57454,0.5740200227392235
8.87,-18515.0,0.5986250824289062,29571,0.5750235465157374,27539.60137781536,0.5775600000000001,0.5680393135328873
8.875,-18523.0,0.6023202989871094,29852,0.5780325208592709,27796.395365917106,0.58077,0.5725346664764708
8.879,-18531.0,0.6060155155453125,30129,0.5811226329102964,28055.814877280827,0.5839399999999999,0.5787054377048031
8.884,-18535.0,0.6078631238244141,30414,0.5841750635756587,28317.78595329194,0.58727,0.5838112386866067
8.888,-18542.0,0.6110964383128418,30688,0.5871669616580247,28581.82955803541,0.59047,0.5863534176688587
8.893,-18548.0,0.6138678507314942,30948,0.5901600971114049,28846.22271156563,0.59382,0.5895523228914734
8.897,-18557.0,0.6180249693594727,31198,0.5932089365319673,29109.5052675149,0.59697,0.5934695427760502
8.901,-18562.0,0.6203344797083497,31447,0.5962795873243398,29371.15824578853,0.6001399999999999,0.5978647560637214
8.906,-18569.0,0.6235677941967773,31688,0.5993148577289743,29630.84226259179,0.6033299999999999,0.6019790211048
8.91,-18576.0,0.6268011086852051,31922,0.602373543835234,29887.90335671861,0.6064499999999999,0.6049454082357639
8.915,-18580.0,0.6286487169643067,32162,0.605370957747726,30142.59253149621,0.60962,0.6072163716452905
8.919,-18589.0,0.6328058355922852,32394,0.6083689568681885,30395.071995527447,0.61294,0.6092022874520732
8.924,-18594.0,0.6351153459411621,32619,0.6113947784529152,30644.71625254753,0.61622,0.611519818120412
8.928,-18601.0,0.6383486604295898,32833,0.6143905200220747,30890.79640952193,0.6193599999999999,0.6155183812432681
8.933,-18608.0,0.6415819749180176,33042,0.6174143509766138,31132.78798872942,0.6225,0.6216945403700771
8.937,-18613.0,0.6438914852668945,33250,0.6204083372773375,31370.81969793899,0.6256299999999999,0.6216147656476816
8.941,-18621.0,0.6475867018250977,33451,0.6234033140490061,31604.886792388068,0.6287400000000001,0.6281250081509578
8.946,-18627.0,0.65035811424375,33650,0.6264264706317286,31834.925970912685,0.63191,0.6286533598646109
8.95,-18634.0,0.6535914287321778,33842,0.6294471687430874,32060.881416749,0.6350500000000001,0.6314508900927223
8.954,-18640.0,0.6563628411508301,34034,0.6324656990599398,32282.82214741168,0.6381600000000001,0.6381267058637063
8.959,-18647.0,0.6595961556392578,34226,0.6354823178910245,32501.2228419258,0.64117,0.6411762470861434
8.963,-18654.0,0.6628294701276856,34413,0.6385245576887073,32716.20646875205,0.6444300000000001,0.6444061080488737
8.968,-18657.0,0.6642151763370118,34595,0.6414801633703056,32927.585870213195,0.64741,0.6474207884644729
8.972,-18664.0,0.6674484908254394,34774,0.6443593781027642,33135.31425197645,0.65053,0.6505682641129933
8.976,-18670.0,0.6702199032440919,34951,0.6472531532990001,33339.527704619715,0.6537,0.6536963414949915
8.981,-18680.0,0.6748389239418457,35124,0.6502416867502793,33540.287110681864,0.6568400000000001,0.6568304392066728
8.985,-18685.0,0.6771484342907227,35294,0.6532864682855152,33737.58703686984,0.6597999999999999,0.6598936581881432
8.989,-18691.0,0.679919846709375,35466,0.6562716216310863,33931.77739667953,0.6629400000000001,0.6629779213335679
8.994,-18697.0,0.6826912591280273,35638,0.6592315033620049,34123.34408384873,0.6660600000000001,0.6661323039980145
8.998,-18703.0,0.6854626715466797,35808,0.6621691014624459,34312.47907297905,0.66916,0.6672361787325265
9.003,-18709.0,0.688234083965332,35976,0.6650870506328881,34499.23340579956,0.6724300000000001,0.6723889131477337
9.007,-18715.0,0.6910054963839843,36146,0.6679876740605395,34683.88855872075,0.67557,0.6754086778585626
9.012,-18722.0,0.6942388108724121,36315,0.6709003266992832,34866.75184524487,0.6788099999999999,0.6782415328184602
9.016,-18729.0,0.6974721253608399,36483,0.6738508927260514,35047.91689153296,0.68205,0.6743271972124576
9.021,-18737.0,0.701167341919043,36640,0.6768621959074256,35226.87507990168,0.68546,0.6749254969191063
9.025,-18744.0,0.7044006564074707,36804,0.679927054998389,35403.650868154706,0.6885000000000001,0.6731745241491369
9.03,-18749.0,0.7067101667563477,36967,0.6829572184822426,35578.85699630672,0.69173,0.6639630169947637
9.035,-18756.0,0.7099434812447754,37129,0.6859567885869762,35752.56081800292,0.6950000000000001,0.6650348432805181
9.039,-18762.0,0.7127148936634278,37287,0.688956688962733,35924.64437115174,0.6980900000000001,0.6666835187617755
9.044,-18767.0,0.7150244040123047,37442,0.69190226766351,36094.885406090456,0.7013,0.6772118256177704
9.048,-18774.0,0.7182577185007324,37599,0.6948272538496445,36263.44265518427,0.70441,0.6761201517224193
9.052,-18780.0,0.7210291309193848,37750,0.6977613887211193,36430.27873091741,0.7075,0.7008810823980592
9.057,-18787.0,0.7242624454078125,37907,0.7007035905849999,36595.59713586912,0.71054,0.6993946166192538
9.061,-18794.0,0.7274957598962403,38059,0.7036802120903316,36759.63642893041,0.7137899999999999,0.7137336579085976
9.066,-18799.0,0.7298052702451172,38211,0.7066325707413916,36922.25225864606,0.7169000000000001,0.715183393154935
9.07,-18806.0,0.7330385847335449,38363,0.7095635352517781,37083.61292791276,0.7199500000000001,0.7112471902834505
9.074,-18813.0,0.7362718992219727,38515,0.7125302480498013,37243.86684036874,0.7230300000000001,0.7182646448406665
9.079,-18818.0,0.7385814095708496,38665,0.7154738695475289,37403.026618383614,0.7261299999999999,0.7231879142556826
9.083,-18823.0,0.7408909199197266,38817,0.7183425170436387,37561.2216267186,0.7290700000000001,0.7238529739091879
9.088,-18831.0,0.7445861364779297,38971,0.721226974418548,37718.80240430869,0.73213,0.7243472874578127
9.092,-18836.0,0.7468956468268066,39124,0.7241253723944796,37875.90069199744,0.73525,0.7294600004065579
9.096,-18841.0,0.7492051571756836,39274,0.7269541433626171,38032.33706728962,0.7384999999999999,0.7309167209857617
9.101,-18851.0,0.7538241778734375,39427,0.7298580518991357,38188.18979126166,0.74156,0.726735011496304
9.105,-18856.0,0.7561336882223144,39578,0.7328282141290496,38343.58698920513,0.74451,0.7443487102283788
9.109,-18861.0,0.7584431985711915,39730,0.7357202643193198,38498.52340274912,0.7476,0.7284834512698782
9.114,-18867.0,0.7612146109898438,39883,0.7385707444791694,38653.17174743748,0.75068,0.741059820667568
9.118,-18874.0,0.7644479254782715,40042,0.7414391825290947,38807.97990481438,0.75362,0.7496796464312715
9.123,-18878.0,0.766295533757373,40200,0.74426884232517,38963.224566446566,0.7570300000000001,0.7289305100506518
9.127,-18887.0,0.7704526523853515,40362,0.7471189217027612,39119.03147453527,0.75997,0.7601255334627298
9.132,-18893.0,0.773224064804004,40525,0.7500416192533124,39275.62973897324,0.7633099999999999,0.7393670299144806
9.136,-18900.0,0.7764573792924316,40682,0.7529737360855626,39432.63020691762,0.7664200000000001,0.7650492860847977
9.141,-18907.0,0.7796906937808594,40839,0.7559414649609104,39589.63061953471,0.76963,0.7610350139987269
9.145,-18912.0,0.7820002041297364,41000,0.7588859824002686,39746.86745295586,0.77268,0.7682291617787229
9.149,-18917.0,0.7843097144786133,41167,0.7617554199065342,39904.90392799024,0.77562,0.7709473110006495
9.154,-18924.0,0.787543028967041,41342,0.7646132674366724,40064.47314273989,0.77884,0.7747681699446679
9.159,-18931.0,0.7907763434554688,41511,0.7675155082256094,40225.51210883385,0.7822,0.7809963156450344
9.163,-18936.0,0.7930858538043457,41681,0.770402280549021,40387.55146353619,0.7854099999999999,0.7792440607612223
9.168,-18943.0,0.7963191682927735,41846,0.7732754133177556,40550.23645651523,0.78836,0.7783643867683305
9.172,-18951.0,0.8000143848509765,42018,0.776218438546477,40713.60898565664,0.79141,0.779961345475845
9.176,-18957.0,0.802785797269629,42190,0.7791957860662766,40878.001582045385,0.7944800000000001,0.7886659828093887
9.181,-18963.0,0.8055572096882813,42363,0.7821487848916328,41043.35275563714,0.7975700000000001,0.796210849567054
9.185,-18969.0,0.8083286221069336,42540,0.7850803138854388,41209.84475624014,0.8006500000000001,0.8008785478484707
9.189,-18974.0,0.8106381324558105,42720,0.7879656050805859,41377.75652018881,0.80372,0.8028398320597299
9.194,-18980.0,0.8134095448744629,42903,0.7908101253937144,41547.27488643982,0.8068,0.8013457072189896
9.198,-18987.0,0.8166428593628906,43085,0.7936733082581733,41718.32813349441,0.80989,0.8058286766003705
9.202,-18992.0,0.8189523697117675,43268,0.7965256406627959,41890.73478503559,0.81281,0.7929073629049825
9.207,-19000.0,0.8226475862699707,43460,0.7993957119577133,42064.92599553589,0.81589,0.8158029123908386
9.211,-19005.0,0.8249570966188476,43655,0.8022814247888703,42241.40017680215,0.81898,0.8189556641561717
9.216,-19011.0,0.8277285090375001,43854,0.8051263168859616,42420.3012240362,0.8220400000000001,0.8161683919066505
9.22,-19019.0,0.8314237255957031,44060,0.8080171340248208,42601.992488610005,0.82525,0.8254105841355341
9.225,-19025.0,0.8341951380143555,44267,0.8109484462675544,42786.61700892824,0.82833,0.8168958477773847
9.229,-19030.0,0.8365046483632325,44474,0.8138335463391476,42973.88708949707,0.8313999999999999,0.8313199118692143
9.233,-19035.0,0.8388141587121094,44680,0.8166505916779384,43163.43081564547,0.83446,0.8069981399772825
9.238,-19043.0,0.8425093752703126,44902,0.8194895480660148,43355.86612431632,0.8375300000000001,0.8294980320150281
9.242,-19049.0,0.8452807876889649,45116,0.8223751313031968,43551.32406902273,0.84074,0.8126614199521521
9.247,-19057.0,0.848976004247168,45339,0.8253018284735445,43749.50638641048,0.84378,0.8189561117624233
9.251,-19061.0,0.8508236125262696,45555,0.828210165583127,43950.20919562927,0.8469800000000001,0.8417477014303427
9.256,-19068.0,0.8540569270146973,45777,0.8310750069817248,44153.07536944703,0.8501799999999999,0.8441430690024463
9.261,-19076.0,0.8577521435729004,45981,0.8340107211687566,44357.13971412484,0.85335,0.8412426538923826
9.265,-19080.0,0.859599751852002,46184,0.8369270091699053,44561.13733362541,0.85639,0.8561156885719277
9.269,-19086.0,0.8623711642706543,46379,0.8397715549397977,44764.54406060943,0.85944,0.8555489806506759
9.274,-19092.0,0.8651425766893066,46570,0.8426074538029071,44966.72035036309,0.86249,0.8417727146666558
9.278,-19097.0,0.8674520870381837,46757,0.8454084216762453,45167.3387442004,0.86538,0.859591996743331
9.282,-19104.0,0.8706854015266113,46938,0.8482058950664609,45365.99226565106,0.86843,0.8410118076161013
9.287,-19111.0,0.8739187160150391,47116,0.8510549000395256,45562.38117442171,0.87148,0.8540537733361349
9.291,-19118.0,0.8771520305034668,47293,0.8539493437693109,45756.53675693828,0.8745,0.8727821643651252
9.295,-19122.0,0.8789996387825684,47461,0.8568019344690221,45948.131896097926,0.8774,0.8526950765650144
9.3,-19128.0,0.8817710512012207,47631,0.8595903141748472,46137.05550361367,0.88045,0.8747034247728076
9.304,-19134.0,0.8845424636198731,47801,0.8623766877569538,46323.74168227634,0.8835,0.8620370745357846
9.309,-19142.0,0.8882376801780761,47964,0.8652159053054442,46508.04115224534,0.8865400000000001,0.8704886909747096
9.313,-19148.0,0.8910090925967286,48130,0.8681017188247924,46689.99963594375,0.8896,0.880494582738412
9.318,-19153.0,0.8933186029456055,48292,0.8709466997052272,46869.83480200566,0.89293,0.8899958189303516
9.322,-19160.0,0.8965519174340332,48447,0.8737829822336732,47047.14740908443,0.89609,0.8946378742930114
9.327,-19166.0,0.8993233298526856,48601,0.8766389013062318,47221.76277224449,0.8991500000000001,0.8958194205780637
9.331,-19173.0,0.9025566443411132,48752,0.8795121352001376,47393.76332997754,0.90234,0.8860276782257063
9.336,-19180.0,0.905789958829541,48903,0.8824279431492782,47563.28089107459,0.90536,0.8953521120234162
9.34,-19185.0,0.908099469178418,49041,0.8853266785224894,47729.84050596685,0.90854,0.9016120122830446
9.344,-19190.0,0.9104089795272948,49178,0.8881557469958082,47892.96426325292,0.91146,0.9049897204755224
9.349,-19197.0,0.9136422940157228,49317,0.8909779985173298,48053.11751824957,0.91448,0.8944836726638017
9.353,-19203.0,0.916413706434375,49449,0.8938215455361896,48210.35590069849,0.9175,0.9067468303536197
9.358,-19209.0,0.9191851188530272,49584,0.8966565637353899,48364.78758036769,0.92055,0.9163704374121125
9.362,-19216.0,0.9224184333414552,49716,0.8995113679664118,48516.74440718463,0.92358,0.9060607069744959
9.366,-19223.0,0.9256517478298828,49847,0.9024109252800794,48666.28252527891,0.92658,0.9220042490734249
9.371,-19228.0,0.9279612581787596,49979,0.9052953314083696,48813.68791018023,0.92961,0.9047006268780651
9.375,-19234.0,0.9307326705974122,50108,0.9081390713003392,48959.0944903653,0.93264,0.9013018340791079
9.38,-19240.0,0.9335040830160644,50241,0.9109742595683372,49102.79771149722,0.93566,0.9352408081572245
9.384,-19247.0,0.9367373975044924,50370,0.9138292137601072,49244.99896988426,0.93881,0.9133576658478477
9.389,-19254.0,0.93997071199292,50495,0.9167289033039444,49385.40291060393,0.94199,0.9278122376311797
9.393,-19260.0,0.9427421244115722,50619,0.9196407324764352,49523.92645215477,0.94502,0.9381662884649583
9.397,-19265.0,0.9450516347604492,50738,0.9225086530545998,49660.43721876216,0.94803,0.9471705560400696
9.402,-19274.0,0.9492087533884278,50860,0.925419775906796,49795.0549556638,0.95095,0.9321478750391126
9.406,-19278.0,0.9510563616675292,50982,0.928341686572777,49928.18083703098,0.95397,0.9323600430063661
9.41,-19284.0,0.9538277740861816,51102,0.9311911902128788,50059.87301730193,0.95699,0.9371779772824083
9.415,-19290.0,0.956599186504834,51221,0.9340314607534302,50190.12365763936,0.95989,0.938541843602664
9.419,-19296.0,0.9593705989234864,51339,0.9368635898680628,50318.98496342674,0.96294,0.9417953428699857
9.423,-19302.0,0.9621420113421388,51458,0.9396885401566002,50446.62120234963,0.96596,0.9441998600129182
9.428,-19307.0,0.9644515216910156,51575,0.9424798539578352,50573.118102540015,0.96899,0.9506699807661384
9.432,-19315.0,0.9681467382492188,51691,0.9452961211714208,50698.433021286924,0.97189,0.9594371566336363
9.436,-19321.0,0.9709181506678712,51810,0.948161697884004,50822.823944718766,0.97491,0.968929286960743
9.441,-19327.0,0.9736895630865234,51929,0.9510161411006088,50946.57747342441,0.97793,0.9769552139907106
9.445,-19333.0,0.976460975505176,52044,0.9538607671878488,51069.5325000488,0.98095,0.9757285308848034
9.449,-19339.0,0.9792323879238282,52162,0.9566967368720004,51191.72431792429,0.98385,0.9754641304028135
9.454,-19345.0,0.9820038003424804,52279,0.9595250736411078,51313.36139967564,0.98686,0.9678186660571473
9.458,-19351.0,0.9847752127611328,52395,0.9623466799713152,51434.39109961982,0.98988,0.9715608821177296
9.462,-19358.0,0.9880085272495606,52512,0.9651896580829236,51554.88523142021,0.99277,0.9840657329615559
9.467,-19365.0,0.9912418417379883,52630,0.9680787875359806,51675.02535266133,0.99578,0.9946288306116481
9.471,-19370.0,0.9935513520868652,52751,0.9709539987396206,51795.0897892988,0.99878,0.9730425751179869
9.476,-19377.0,0.996784666575293,52873,0.9738169373152084,51915.32395947599,1.00179,0.9913651191013662
9.48,-19383.0,0.9995560789939454,52991,0.9766963607626428,52035.53044259031,1.00494,0.9885785482305947
9.485,-19388.0,1.0018655893428223,53111,0.9795357071000056,52155.59427742107,1.00796,0.9762500615461114
9.489,-19395.0,1.00509890383125,53227,0.9823670212844242,52275.41409516395,1.01097,1.0094818579918414
9.493,-19401.0,1.0078703162499023,53345,0.9852185594440924,52394.90051233439,1.01386,1.005684290342157
9.498,-19408.0,1.01110363073833,53465,0.9880879304014444,52514.32941807045,1.01687,0.9853175474590639
9.502,-19416.0,1.0147988472965332,53583,0.9910276385957808,52633.7076122248,1.01989,0.9936074896751375
9.506,-19421.0,1.01710835764541,53706,0.9939747548218374,52753.2184428632,1.02292,1.0154614247509124
9.511,-19428.0,1.020341672133838,53829,0.9969010967442652,52873.14181472538,1.02581,1.0046549703786671
9.515,-19433.0,1.022651182482715,53954,0.9998091206085928,52993.54718587925,1.02884,1.0122761426694242
9.519,-19441.0,1.026346399040918,54086,1.0027282986949004,53114.909623814405,1.03203,1.0159606695749979
9.524,-19446.0,1.028655909389795,54213,1.00565731218604,53237.23420473115,1.03522,1.010281966564804
9.528,-19452.0,1.031427321808447,54342,1.0085403852984625,53360.22981765908,1.03813,1.0087603385450188
9.533,-19459.0,1.034660636296875,54469,1.0114375626798986,53483.81712326599,1.04134,1.01002166255078
9.537,-19466.0,1.0378939507853029,54602,1.0143744831632326,53608.16263247912,1.04428,1.0392574317769372
9.542,-19473.0,1.0411272652737305,54739,1.0173464477309635,53733.76787322501,1.04749,1.0460348179474859
9.546,-19478.0,1.0434367756226075,54872,1.0202947000564848,53860.48390140431,1.05056,1.047631266739928
9.55,-19483.0,1.0457462859714843,55007,1.023167430855414,53988.06114849776,1.05365,1.0498278409173067
9.555,-19490.0,1.048979600459912,55146,1.0260281822964332,54116.75249284835,1.0566,1.0529238083881383
9.559,-19496.0,1.0517510128785643,55286,1.028905677204706,54246.72179638261,1.05969,1.0570254515077713
9.564,-19502.0,1.0545224252972167,55432,1.0317706294715776,54378.23178164069,1.0629300000000002,1.062387384244504
9.568,-19510.0,1.05821764185542,55577,1.0346791349701578,54511.3958734222,1.06602,1.0637321404426319
9.573,-19517.0,1.0614509563438477,55726,1.037653350641267,54646.19585097395,1.06911,1.0439888174034788
9.577,-19523.0,1.0642223687625,55874,1.0406308943596585,54782.61564786977,1.07221,1.0530798762956697
9.581,-19530.0,1.0674556832509277,56024,1.0436113726343443,54920.5228624992,1.0753,1.063255752958383
9.586,-19535.0,1.0697651935998047,56182,1.0465671320504248,55060.332804306025,1.07839,1.0747542590441101
9.59,-19542.0,1.0729985080882325,56343,1.049501095237077,55202.47079610456,1.08149,1.0670369696572037
9.595,-19548.0,1.0757699205068847,56502,1.0524431457152543,55346.72069877901,1.08461,1.0673938133306655
9.599,-19554.0,1.078541332925537,56662,1.055365020837465,55492.77369358271,1.08771,1.0867932074351294
9.603,-19561.0,1.081774647413965,56827,1.0582964124810206,55640.77129667223,1.0908,1.0731132832000239
9.608,-19568.0,1.085007961902393,56999,1.06126350191021,55791.19299645509,1.09389,1.0852690411398052
9.612,-19574.0,1.0877793743210449,57171,1.0642347619564336,55944.166002138045,1.09683,1.0793998123046946
9.616,-19580.0,1.0905507867396973,57349,1.067182393059403,56099.74336497598,1.09992,1.095966283208631
9.621,-19586.0,1.0933221991583495,57532,1.0701091889823782,56258.26745070672,1.10302,1.0826379248559659
9.625,-19592.0,1.096093611577002,57720,1.0730176131685911,56419.98102812789,1.10599,1.0769579148668857
9.629,-19599.0,1.0993269260654297,57911,1.075937144244808,56584.97992752321,1.10907,1.0910232243852993
9.634,-19605.0,1.102098338484082,58108,1.0788664689901672,56753.407766099925,1.11214,1.0917683994418232
9.638,-19613.0,1.1057935550422853,58308,1.0818317359004448,56925.39118051423,1.11509,1.095211271619982
9.642,-19619.0,1.1085649674609377,58519,1.084828695361144,57101.337421550445,1.11814,1.1015823872939783
9.647,-19624.0,1.1108744778098143,58736,1.0877716808653524,57281.7829409723,1.1211799999999998,1.111274884678958
9.651,-19630.0,1.1136458902284667,58962,1.0906670740127442,57467.08252848435,1.12425,1.1234419080661244
9.655,-19637.0,1.1168792047168945,59192,1.0935751147723425,57657.43079050836,1.1273300000000002,1.1132681570521932
9.66,-19644.0,1.1201125192053225,59437,1.0965216142045495,57853.35402860036,1.13039,1.1297784553289039
9.664,-19650.0,1.1228839316239747,59698,1.0994747187078602,58056.02572592916,1.13358,1.1282955282762241
9.669,-19657.0,1.1261172461124025,59957,1.1024336473330474,58265.47562336531,1.13678,1.1319517155164656
9.673,-19664.0,1.12935056060083,60222,1.1054250179144938,58481.13877139921,1.13982,1.1362267907217258
9.678,-19671.0,1.1325838750892578,60503,1.1084449946841557,58703.58113036458,1.14286,1.1412074124332543
9.682,-19678.0,1.1358171895776856,60799,1.1114901953952367,58933.83380096817,1.14591,1.1408158105947759
9.687,-19685.0,1.1390505040661134,61095,1.1145576377001971,59171.860093577074,1.14912,1.1181587553526562
9.691,-19690.0,1.1413600144149902,61391,1.1175900789722704,59416.74089558801,1.15204,1.1358329593318244
9.695,-19695.0,1.1436695247638673,61692,1.1205370446549243,59667.961352475,1.15511,1.1483521302031288
9.7,-19701.0,1.1464409371825195,61987,1.1234359473851805,59924.71277904671,1.15818,1.146706909099111
9.704,-19708.0,1.1496742516709473,62286,1.126347082772832,60186.22298744205,1.16109,1.155051636168994
9.708,-19715.0,1.152907566159375,62576,1.1292963109403795,60451.63373708102,1.16414,1.1601984304177582
9.713,-19722.0,1.1561408806478028,62861,1.132279127995806,60719.65620470556,1.1671900000000002,1.1656246230420348
9.717,-19729.0,1.1593741951362304,63142,1.135291562563842,60989.44953779838,1.17025,1.165527754432309
9.721,-19734.0,1.1616837054851077,63426,1.1382754999274831,61260.74524104661,1.1733,1.1600067028388112
9.726,-19741.0,1.1649170199735353,63697,1.141234309447846,61532.774508048686,1.17635,1.1571925742689795
9.73,-19748.0,1.1681503344619628,63958,1.1442255750068024,61804.09090590348,1.1794099999999998,1.1750530299896533
9.735,-19754.0,1.1709217468806152,64212,1.1472181527230487,62073.77372479188,1.1824599999999998,1.1547940868675246
9.739,-19761.0,1.174155061369043,64463,1.1502118874539369,62341.42493661349,1.1854900000000002,1.1679119183757565
9.743,-19766.0,1.1764645717179198,64709,1.1531793359518394,62606.811808833605,1.18855,1.1853147788342213
9.748,-19774.0,1.180159788276123,64944,1.15615091261236,62869.25618682148,1.1916,1.187357457709223
9.752,-19782.0,1.1838550048343262,65182,1.1592080486877532,63128.63303659958,1.1945,1.1936823707661866
9.757,-19787.0,1.1861645151832032,65410,1.1622587087334362,63384.891224954496,1.19768,1.1976769214629448
9.761,-19792.0,1.18847402553208,65629,1.1652217390967392,63637.27625562852,1.20058,1.1996120536200958
9.765,-19799.0,1.1917073400205078,65852,1.1681621135516609,63885.95048363838,1.20362,1.1985269817690107
9.77,-19806.0,1.1949406545089356,66063,1.1711371237113568,64130.87971579639,1.20679,1.1989957030083556
9.774,-19813.0,1.1981739689973634,66272,1.1741426744303778,64371.67909735476,1.2097,1.2093627682868504
9.778,-19820.0,1.201407283485791,66474,1.1771751547519569,64608.30486377507,1.21275,1.207193236889251
9.783,-19827.0,1.2046405979742187,66672,1.1802313806600586,64840.60019021522,1.2158,1.2143630486489438
9.787,-19833.0,1.2074120103928712,66866,1.1832812381518936,65068.60414617848,1.21869,1.2121475068659164
9.791,-19841.0,1.2111072269510743,67059,1.1863527866440906,65292.528533985766,1.22173,1.212101085895701
9.796,-19846.0,1.2134167372999511,67247,1.1894161550574327,65512.50099615655,1.2247599999999998,1.2149012718880252
9.8,-19852.0,1.2161881497186036,67432,1.1924176976653895,65728.51584862833,1.2278,1.21787026486767
9.804,-19858.0,1.218959562137256,67614,1.1953920308776178,65940.68631418743,1.2307,1.2201443450055143
9.809,-19864.0,1.2217309745559082,67793,1.19834237179144,66149.1122287473,1.23376,1.2226720554360169
9.813,-19872.0,1.225426191114111,67969,1.201326170027813,66353.8816241426,1.2368,1.2289200167076315
9.818,-19878.0,1.2281976035327635,68146,1.2043394697670675,66555.30859337185,1.23983,1.237791778895766
9.822,-19885.0,1.2314309180211915,68321,1.2073514764568245,66753.72921010977,1.24285,1.2331726271915953
9.826,-19892.0,1.234664232509619,68494,1.2103896494287627,66949.26246023676,1.24587,1.242161537773256
9.831,-19897.0,1.2369737428584962,68665,1.2133962820214004,67142.01326136204,1.2489,1.2410576482218585
9.835,-19903.0,1.2397451552771486,68827,1.2163477969567764,67331.66030440075,1.25206,1.251166789980696
9.84,-19911.0,1.2434403718353515,68993,1.2193326304045058,67518.2749745664,1.25509,1.248660163303555
9.844,-19916.0,1.2457498821842286,69152,1.2223195365088766,67702.03845165133,1.2581099999999998,1.2525589040362761
9.848,-19924.0,1.2494450987424317,69307,1.2253082702097555,67882.63755451275,1.26099,1.2585248739510155
9.853,-19931.0,1.2526784132308597,69463,1.228353228318121,68060.2690700956,1.2639900000000002,1.2632919743803102
9.857,-19937.0,1.2554498256495117,69622,1.2313931502562103,68235.52034006282,1.26713,1.264121638928548
9.862,-19944.0,1.2586831401379397,69773,1.2344286314745827,68408.37720527934,1.27,1.2654573457302711
9.866,-19949.0,1.2609926504868163,69929,1.237432890572585,68578.94541550738,1.27303,1.2677977737547022
9.87,-19956.0,1.264225964975244,70083,1.240409619091215,68747.67292159241,1.27605,1.275205451232425
9.875,-19961.0,1.2665354753241211,70235,1.243362072102878,68914.54088922145,1.27907,1.2690605862012057
9.879,-19968.0,1.269768789812549,70385,1.2462931198171607,69079.53271095266,1.28209,1.2542025914062513
9.884,-19975.0,1.2730021043009765,70534,1.2492599059814844,69242.6928603191,1.28511,1.2681351208611882
9.888,-19983.0,1.2766973208591796,70688,1.2522855115157774,69404.4743743169,1.28811,1.2701489741896261
9.892,-19989.0,1.279468733277832,70839,1.2553356754756582,69565.15849041095,1.29115,1.2712855267900718
9.897,-19996.0,1.2827020477662598,70993,1.2583801877524765,69724.87495921733,1.29419,1.29052879312034
9.901,-20002.0,1.285473460184912,71143,1.2614197165718193,69883.67907291715,1.29724,1.2834627602753068
9.906,-20008.0,1.2882448726035645,71293,1.2644275447035218,70041.44223403954,1.30029,1.2830327673880466
9.91,-20015.0,1.2914781870919922,71442,1.2674347267201227,70198.22840200154,1.30335,1.299919648920887
9.914,-20021.0,1.2942495995106449,71588,1.2704413390149083,70353.91662179929,1.30639,1.293054791474368
9.919,-20028.0,1.2974829139990722,71742,1.2734474489488212,70508.93229609601,1.30944,1.3020658161894876
9.923,-20036.0,1.3011781305572754,71891,1.2765077288148716,70663.53229536337,1.31249,1.3045607367076724
9.927,-20043.0,1.3044114450457032,72039,1.279615773842245,70817.41106246857,1.31555,1.308355772133951
9.932,-20048.0,1.30672095539458,72189,1.2826840171821745,70970.7129895458,1.3186,1.3030630203379634
9.936,-20055.0,1.3099542698830078,72342,1.285717164779012,71123.80186614467,1.32165,1.3148053876374735
9.941,-20062.0,1.3131875843714356,72489,1.2887739790672192,71276.52553005244,1.32471,1.3243195074833596
9.945,-20068.0,1.315958996790088,72638,1.291824355372158,71428.69069252699,1.32774,1.3137398716479334
9.949,-20074.0,1.3187304092087402,72785,1.2948417484392218,71580.36338787069,1.3309,1.3019223687598163
9.954,-20082.0,1.3224256257669431,72938,1.2978846709312517,71731.83831242353,1.3338100000000002,1.3219276004402694
9.958,-20088.0,1.3251970381855958,73088,1.3009501043819234,71883.31620176672,1.33684,1.315541194336501
9.962,-20097.0,1.3293541568135745,73237,1.3040626936608968,72034.56023576911,1.33985,1.3298089621827534
9.967,-20102.0,1.331663667162451,73390,1.3071895568602472,72185.7754164613,1.34275,1.3236082416430595
9.971,-20108.0,1.3344350795811035,73548,1.3102470869612126,72337.49721188545,1.34578,1.33789446750796
9.976,-20116.0,1.338130296139307,73701,1.3133254008931734,72489.66572255266,1.34895,1.3296490711279225
9.98,-20123.0,1.3413636106277345,73855,1.316449347732373,72641.99166158802,1.35197,1.3471878855770163
9.984,-20128.0,1.3436731209766113,74008,1.31953161273667,72794.45641548072,1.35502,1.3369549724736682
9.989,-20135.0,1.346906435465039,74167,1.322577124149264,72947.33915847176,1.35806,1.357128274632227
9.993,-20141.0,1.3496778478836915,74326,1.3256175339717695,73100.94517409052,1.3610799999999998,1.3478484754200284
9.997,-20149.0,1.3533730644418946,74490,1.3286807518378827,73255.48453333341,1.3641299999999998,1.3547053062383754
10.002,-20157.0,1.3570682810000976,74657,1.3318186939397216,73411.319821688,1.36717,1.3608114019288187
10.006,-20162.0,1.3593777913489746,74822,1.3349406059278883,73568.35693263903,1.37034,1.3601043036201093
10.011,-20168.0,1.362149203767627,74990,1.337993770223109,73726.51288633578,1.37325,1.365623959421032
10.015,-20174.0,1.3649206161862792,75161,1.3410136216429955,73886.01010102035,1.37645,1.3730701000769028
10.02,-20183.0,1.3690777348142578,75331,1.344086018273244,74046.80822776984,1.37949,1.3598332259362413
10.024,-20188.0,1.3713872451631348,75499,1.3471774409934478,74208.57610132075,1.38254,1.3694122734270318
10.028,-20195.0,1.3746205596515626,75673,1.350231027361287,74371.4355334487,1.38559,1.3804417133354896
10.033,-20203.0,1.3783157762097658,75849,1.3533331702948366,74535.73040312878,1.38849,1.388132948454527
10.037,-20209.0,1.381087188628418,76031,1.3564508222702718,74701.76393087597,1.39153,1.3784725250833134
10.042,-20216.0,1.3843205031168455,76214,1.3595548431309683,74869.74436859242,1.39458,1.364123535198276
10.046,-20222.0,1.3870919155354982,76399,1.3626468445489814,75039.6188759696,1.39778,1.3759071069003248
10.05,-20229.0,1.3903252300239255,76590,1.3657282476406514,75211.6364472492,1.4007,1.3709788068931683
10.055,-20236.0,1.3935585445123535,76779,1.3688276119451572,75385.78016730006,1.40374,1.39841824835586
10.059,-20243.0,1.3967918590007813,76971,1.3719428138221836,75561.85776875578,1.40695,1.4050176476071903
10.063,-20251.0,1.4004870755589844,77165,1.3750992871678305,75739.93618653232,1.40985,1.402049662547396
10.068,-20257.0,1.4032584879776369,77364,1.378264845810233,75920.19267630448,1.4129,1.4019062574671557
10.072,-20263.0,1.406029900396289,77570,1.3813838026547156,76103.0791229459,1.41581,1.4015354430141973
10.077,-20270.0,1.4092632148847168,77772,1.384488974103535,76288.46192623794,1.41888,1.4151219681097131
10.081,-20278.0,1.41295843144292,77976,1.3876366029665972,76475.92769516917,1.42195,1.4077991510140717
10.085,-20283.0,1.4152679417917968,78188,1.3907670564037606,76665.8213246989,1.42501,1.4167667267146578
10.09,-20291.0,1.41896315835,78395,1.3938823651479837,76858.0331094196,1.42824,1.4194860990991245
10.094,-20299.0,1.4226583749082031,78591,1.397066239173644,77051.34308436868,1.43132,1.4094540019822706
10.099,-20307.0,1.4263535914664065,78789,1.4003105716787547,77245.08934867276,1.43439,1.428139721449185
10.103,-20312.0,1.428663101815283,78989,1.403526295022685,77439.45678733922,1.43747,1.413236515517788
10.107,-20321.0,1.4328202204432618,79176,1.4067440982519763,77633.72166457288,1.44057,1.4229849501905152
10.112,-20326.0,1.435129730792139,79364,1.4099637354518104,77827.1866979344,1.44365,1.4367141772280094
10.116,-20333.0,1.4383630452805665,79542,1.4131303768865795,78019.41440022299,1.44675,1.4369518302931872
10.121,-20340.0,1.4415963597689945,79721,1.4163049013961724,78210.01901044726,1.44987,1.4403825994490191
10.125,-20347.0,1.4448296742574218,79890,1.4194863769268538,78398.66037798753,1.453,1.4501357931548657
10.129,-20354.0,1.4480629887458496,80063,1.4226739816260712,78585.21592205521,1.45595,1.4453672147978427
10.134,-20362.0,1.4517582053040528,80229,1.4258942972610784,78769.75490736843,1.45907,1.453289658802673
10.138,-20369.0,1.4549915197924803,80392,1.4291434562610916,78951.92458736346,1.46219,1.459508631807046
10.142,-20376.0,1.4582248342809083,80558,1.432390741888527,79132.00509636862,1.46531,1.4594235023564872
10.147,-20382.0,1.4609962466995603,80712,1.4356090691929702,79309.71139051042,1.46858,1.4576497355580806
10.151,-20389.0,1.4642295611879883,80862,1.4388018620557992,79484.37830623714,1.47157,1.4583401809310503
10.155,-20396.0,1.467462875676416,81012,1.4419994459847194,79656.12873424249,1.47471,1.4612286793424731
10.16,-20403.0,1.470696190164844,81156,1.4452012545090138,79824.95280046936,1.47783,1.4663575234545716
10.164,-20410.0,1.4739295046532714,81304,1.448406788134515,79991.07826790749,1.48081,1.4735652340626957
10.169,-20418.0,1.4776247212114746,81447,1.4516429128728845,80154.7650874337,1.48394,1.482835242351101
10.173,-20426.0,1.4813199377696775,81587,1.4549333182384043,80315.8286529041,1.48706,1.4806112847831623
10.177,-20432.0,1.4840913501883302,81727,1.4582169734757815,80474.40177203162,1.49032,1.4757966562098566
10.182,-20439.0,1.487324664676758,81867,1.4614673702367946,80630.77890222873,1.49346,1.4894478987549715
10.186,-20446.0,1.4905579791651855,82005,1.4647157472788124,80785.10145100132,1.49672,1.485528445636769
10.191,-20452.0,1.493329391583838,82132,1.467935036954658,80936.84381519596,1.49984,1.4919120091206532
10.195,-20461.0,1.4974865102118164,82261,1.4711832912995806,81085.77900582999,1.50296,1.4880825825559887
10.2,-20466.0,1.4997960205606935,82388,1.4744297792336347,81232.23892849356,1.50595,1.5004064818764824
10.204,-20475.0,1.503953139188672,82513,1.4776747096080474,81376.27977639767,1.50906,1.4914613488740676
10.208,-20482.0,1.5071864536770996,82639,1.4809728794770392,81518.12845095288,1.51217,1.5113346581857894
10.213,-20488.0,1.509957866095752,82764,1.4842360747351748,81658.04414332543,1.51529,1.5130292129676208
10.217,-20494.0,1.5127292785144044,82890,1.487441124150157,81796.2553992672,1.51843,1.4968293879164776
10.222,-20502.0,1.5164244950726071,83012,1.4906495154803006,81932.78639027766,1.52168,1.505135168312007
10.226,-20510.0,1.5201197116308105,83130,1.4939154664914278,82067.36284295678,1.52481,1.511718725607687
10.23,-20517.0,1.5233530261192385,83248,1.497204865178226,82199.97938215348,1.52795,1.513435720388655
10.235,-20524.0,1.526586340607666,83367,1.5004876327613337,82330.9268552338,1.53094,1.5067290698899483
10.239,-20532.0,1.5302815571658692,83484,1.5037918597161737,82460.34348649021,1.53422,1.5008437900149394
10.243,-20539.0,1.533514871654297,83599,1.5071150087983307,82588.17380510198,1.53719,1.5093230301429585
10.248,-20547.0,1.5372100882125,83715,1.5104548427539628,82714.54625102185,1.54034,1.517194383074357
10.252,-20553.0,1.5399815006311524,83832,1.5137820824022388,82839.75143032339,1.54348,1.539864146889328
10.257,-20562.0,1.5441386192591309,83945,1.5171255232767438,82963.75000234347,1.54678,1.531151376669761
10.261,-20567.0,1.546448129608008,84061,1.5204559433805798,83086.62551264907,1.5498,1.525333005813311
10.265,-20575.0,1.550143346166211,84177,1.523747575773658,83208.68809840396,1.55296,1.5406938351553636
10.27,-20585.0,1.554762366863965,84289,1.5271415387541942,83329.79740598588,1.55627,1.5538805447142348
10.274,-20592.0,1.5579956813523923,84405,1.5305984268379318,83450.06614604409,1.55945,1.550956510690953
10.279,-20599.0,1.5612289958408203,84519,1.5340288807434863,83569.71193770222,1.56262,1.551280234742539
10.283,-20606.0,1.564462310329248,84632,1.5374360259104936,83688.63108294425,1.5658,1.5508477619594263
10.287,-20613.0,1.567695624817676,84747,1.5408226182428746,83806.96861405761,1.56899,1.562164062420448
10.292,-20619.0,1.570467037236328,84857,1.5441637813525777,83924.61594587714,1.5722,1.561720271870842
10.296,-20627.0,1.5741622537945312,84976,1.5474921930026653,84041.89115356457,1.5754,1.5525951644748006
10.301,-20634.0,1.577395568282959,85090,1.5508366673075884,84159.07470473008,1.57877,1.564789757058076
10.305,-20643.0,1.5815526869109375,85202,1.554222611550885,84275.76361458165,1.582,1.5699029264727173
10.31,-20651.0,1.585247903469141,85312,1.5576724289911357,84391.7798973438,1.58521,1.5707647048663402
10.314,-20658.0,1.5884812179575685,85424,1.5611239546975242,84507.20308094249,1.58828,1.5742681169287802
10.318,-20666.0,1.5921764345157716,85536,1.564576986693554,84622.22152513055,1.59152,1.580108371014426
10.323,-20669.0,1.5935621407250975,85648,1.5679221210904255,84736.88308418916,1.59475,1.5931047724313296
10.327,-20680.0,1.598643063492627,85761,1.5712540344833588,84851.28907175585,1.59799,1.5961290690057284
10.332,-20687.0,1.6018763779810548,85871,1.5746835158479944,84965.35147047866,1.60122,1.5887734218203708
10.336,-20693.0,1.6046477903997072,85984,1.5780624970140202,85079.11090451408,1.60447,1.6022842646557234
10.34,-20701.0,1.60834300695791,86096,1.5814242553102988,85192.72142962464,1.60785,1.6075714301997075
10.345,-20709.0,1.6120382235161133,86206,1.5848254399757784,85306.02329983423,1.6111,1.6059402292482745
10.349,-20717.0,1.6157334400743164,86322,1.5882613894417834,85419.2894784815,1.61419,1.614094176204114
10.354,-20724.0,1.6189667545627442,86435,1.5917006868510164,85532.70153774331,1.61745,1.6155173963291491
10.358,-20730.0,1.6217381669813966,86550,1.5950883234636204,85646.18311205771,1.6207,1.6184615423781357
10.362,-20737.0,1.6249714814698242,86666,1.5984304073832882,85759.90333451904,1.62396,1.5993015740435435
10.367,-20744.0,1.628204795958252,86782,1.6017596309715638,85873.89310601004,1.62721,1.6214835111650434
10.371,-20752.0,1.6319000125164551,86897,1.6051048212153296,85988.06143905903,1.63046,1.6172632386924153
10.375,-20758.0,1.6346714249351075,87014,1.6084367838521108,86102.44633887427,1.63358,1.6092282451554651
10.38,-20768.0,1.6392904456328614,87130,1.6118116957417816,86217.08131712601,1.63683,1.6166388440483876
10.384,-20774.0,1.6420618580515136,87252,1.6152244787882366,86332.23239282881,1.64009,1.6275503374014348
10.388,-20781.0,1.6452951725399414,87372,1.618588735958307,86448.0750148962,1.64322,1.6360386014750186
10.393,-20788.0,1.6485284870283692,87493,1.6219375111472722,86564.46830108814,1.64649,1.6342001983297247
10.397,-20794.0,1.6512998994470216,87614,1.625245328415754,86681.40626114226,1.64975,1.6282104289851758
10.401,-20801.0,1.6545332139354492,87738,1.6285170304150798,86799.0018478485,1.65287,1.652273803485968
10.406,-20810.0,1.6586903325634277,87862,1.6318388065714045,86917.35465904689,1.65614,1.6470102724867954
10.41,-20817.0,1.6619236470518557,87990,1.6352047363770466,87036.61163404468,1.65939,1.6593781978414661
10.414,-20824.0,1.6651569615402833,88119,1.6385549864378597,87156.96145620769,1.66266,1.6605454657357441
10.419,-20833.0,1.6693140801682618,88255,1.641946023541733,87278.74785215505,1.6658,1.6608374017106866
10.423,-20839.0,1.6720854925869142,88386,1.6453457187927587,87401.91920367492,1.66921,1.6683868791714547
10.427,-20844.0,1.674395002935791,88518,1.648643822703732,87526.0752912395,1.67248,1.6664772380601256
10.432,-20853.0,1.6785521215637695,88655,1.6519342662506198,87651.45438916919,1.67559,1.6661804324576606
10.436,-20861.0,1.6822473381219727,88793,1.6552998744997132,87778.26659946896,1.67886,1.6642204996470378
10.441,-20868.0,1.6854806526104005,88934,1.6586771474713875,87906.57894798146,1.68209,1.6608905890766357
10.445,-20876.0,1.6891758691686036,89079,1.662064705989562,88036.6278879549,1.68535,1.6579577519174007
10.449,-20882.0,1.6919472815872558,89229,1.6654340274965176,88168.74015043108,1.6886,1.687675249247331
10.454,-20890.0,1.695642498145459,89382,1.6687872682415343,88303.14471807666,1.69186,1.679807655728803
10.458,-20897.0,1.6988758126338868,89539,1.6721536359784404,88439.9843824422,1.69526,1.6674317064775943
10.463,-20904.0,1.7021091271223143,89695,1.675504272191804,88579.14858255882,1.69853,1.6660106075192318
10.467,-20910.0,1.7048805395409667,89856,1.6788137304468465,88720.59894700855,1.70178,1.6935819404241383
10.472,-20917.0,1.7081138540293943,90019,1.6820868794110235,88864.4789934025,1.70501,1.6987452620872896
10.476,-20927.0,1.7127328747271484,90187,1.6854372378988451,89010.91527057646,1.70826,1.6880114482142998
10.48,-20934.0,1.7159661892155762,90358,1.6888556770581202,89160.078482288,1.71152,1.7101833543225125
10.485,-20944.0,1.72058520991333,90534,1.692334147384624,89312.11914917093,1.71474,1.6999139126089822
10.489,-20949.0,1.7228947202622071,90719,1.6958109382091366,89467.5246994675,1.718,1.6905398346277556
10.494,-20955.0,1.725666132680859,90905,1.699177022314279,89626.48846085188,1.72127,1.7194031138590686
10.498,-20962.0,1.7288994471692871,91101,1.702500101982784,89789.2400203378,1.72451,1.7124567749281299
10.502,-20970.0,1.7325946637274905,91293,1.7058398747318737,89955.68623277835,1.7279,1.7133978994823904
10.507,-20977.0,1.735827978215918,91491,1.709194366858588,90125.50849643414,1.731,1.7197758318429075
10.511,-20983.0,1.7385993906345705,91699,1.712507225123857,90299.25352294128,1.73425,1.714400254365726
10.515,-20992.0,1.7427565092625488,91920,1.7158379849952248,90477.81720537983,1.73746,1.727997212044041
10.52,-21001.0,1.7469136278905273,92150,1.7192664492246807,90661.93039369788,1.74085,1.7379845660677835
10.524,-21007.0,1.7496850403091797,92381,1.7226991464127728,90851.5281171804,1.74409,1.7260730488981273
10.529,-21013.0,1.752456452727832,92618,1.7260536567317906,91046.37573471936,1.74731,1.7469022718598206
10.533,-21020.0,1.75568976721626,92863,1.7293665310383997,91246.68016973196,1.75039,1.7433348220335754
10.537,-21028.0,1.7593849837744628,93115,1.7326973050544632,91452.68299748511,1.75364,1.7480576750764323
10.542,-21034.0,1.7621563961931153,93378,1.7360165559632672,91664.774582836,1.75686,1.7468114778023343
10.546,-21041.0,1.765389710681543,93647,1.7392983397487969,91883.2400185354,1.76007,1.7333448959103108
10.551,-21051.0,1.770008731379297,93930,1.7426563121216398,92108.5080416436,1.76329,1.7475177848043986
10.555,-21058.0,1.7732420458677247,94219,1.7460814649398029,92340.95669758246,1.7665,1.7556524088687724
10.559,-21064.0,1.776013458286377,94507,1.7494566293441605,92580.03257268932,1.7697,1.751817780332483
10.564,-21072.0,1.77970867484458,94795,1.7528150221528038,92824.89298166778,1.77278,1.756623840796757
10.568,-21077.0,1.7820181851934571,95081,1.756131319903674,93074.73575654716,1.77603,1.7539941406636523
10.572,-21084.0,1.785251499681885,95369,1.759383193249055,93328.97180831712,1.77926,1.7717162357172573
10.577,-21093.0,1.7894086183098634,95642,1.7626874851882663,93586.31317261887,1.78262,1.7780106616910325
10.581,-21101.0,1.7931038348680663,95925,1.7660653044678574,93846.097106475,1.78586,1.7819891411791517
10.586,-21109.0,1.7967990514262695,96203,1.7694806511495818,94108.33040016242,1.78924,1.77386756967636
10.59,-21118.0,1.800956170054248,96465,1.7729563946369835,94371.48198877762,1.79245,1.7786259846928698
10.595,-21126.0,1.8046513866124512,96729,1.7764853939261325,94634.61565434404,1.79571,1.7719848380656065
10.599,-21130.0,1.8064989948915529,96984,1.7799248200870417,94897.31969420752,1.79897,1.7720896369440133
10.604,-21137.0,1.8097323093799804,97237,1.7832579573319176,95158.99461370308,1.80238,1.7927316930589285
10.608,-21144.0,1.812965623868408,97473,1.7865792920536605,95418.63886011494,1.80564,1.801441624387859
10.613,-21151.0,1.816198938356836,97705,1.7898902197211712,95675.25106431235,1.80891,1.7927284912661343
10.617,-21160.0,1.8203560569848145,97929,1.7932465837068492,95928.48031041533,1.81215,1.8094357981938014
10.621,-21167.0,1.8235893714732423,98152,1.7966430118569354,96178.19452520326,1.81539,1.8116107100268612
10.626,-21176.0,1.8277464901012208,98371,1.800074767193169,96424.51372069553,1.81864,1.814903674928781
10.63,-21182.0,1.830517902519873,98583,1.803510366364704,96667.18901493026,1.82189,1.8213685037207143
10.634,-21189.0,1.8337512170083008,98792,1.8068947419999848,96906.06006985084,1.82513,1.8196517625583633
10.639,-21194.0,1.8360607273571776,98994,1.8102066440550777,97140.98550493784,1.82838,1.8209534098672462
10.643,-21201.0,1.8392940418456047,99188,1.8134546414288688,97371.54506878136,1.83147,1.8238917217061728
10.647,-21208.0,1.8425273563340328,99381,1.8167009027747203,97597.72290269536,1.83468,1.8095040786671595
10.652,-21214.0,1.8452987687526856,99576,1.8199183269033024,97820.09619701674,1.83789,1.835162373780238
10.656,-21222.0,1.8489939853108888,99765,1.8231376298253208,98038.8783111141,1.84108,1.8404194592905785
10.661,-21229.0,1.8522272997993168,99953,1.8263858958502583,98254.08002566252,1.84442,1.842425400185473
10.665,-21237.0,1.85592251635752,100133,1.829659700531581,98465.59261189128,1.84759,1.8473649976625335
10.669,-21244.0,1.859155830845948,100310,1.8329560243114904,98673.20196175874,1.85063,1.8455792784379064
10.674,-21249.0,1.8614653411948243,100485,1.8361902853042693,98877.0739866282,1.85379,1.8405709072100993
10.678,-21255.0,1.8642367536134763,100657,1.8393425150425868,99077.35498136704,1.85695,1.8380803131063934
10.683,-21262.0,1.8674700681019043,100835,1.842477025371463,99274.64688287846,1.86008,1.856291905689693
10.687,-21269.0,1.870703382590332,101005,1.8456232177898773,99469.18487119224,1.86337,1.8434108462762455
10.692,-21277.0,1.8743985991485352,101171,1.848807017516608,99660.58514590112,1.86665,1.8352522962134032
10.696,-21284.0,1.877631913636963,101333,1.852023978059269,99848.74575475004,1.86977,1.8445867983607078
10.701,-21291.0,1.8808652281253904,101502,1.8552428722073544,100034.22709115976,1.87289,1.8526449050913625
10.705,-21300.0,1.885022346753369,101667,1.8585180842378977,100217.52329054991,1.87614,1.8555174776198837
10.71,-21307.0,1.888255661241797,101828,1.86184295541762,100398.4197729683,1.87938,1.8759591878637991
10.714,-21311.0,1.8901032695208984,101984,1.865075082066012,100576.6682118818,1.88249,1.8721856580915124
10.718,-21318.0,1.893336584009326,102138,1.868225429813712,100752.167876389,1.88559,1.8739539474729887
10.723,-21324.0,1.8961079964279783,102289,1.8713582806687463,100924.9481802808,1.88856,1.8823833047269076
10.727,-21331.0,1.8993413109164063,102439,1.8744757033726305,101095.094177012,1.89165,1.8871734605661703
10.732,-21339.0,1.9030365274746093,102592,1.8776341349661267,101263.03556814432,1.89473,1.8816427613365228
10.736,-21347.0,1.9067317440328129,102741,1.8808560332198216,101428.97389737103,1.89779,1.8884965092205848
10.74,-21351.0,1.908579352311914,102893,1.8840246683732125,101593.0868789083,1.90069,1.8999321293550047
10.745,-21359.0,1.9122745688701173,103044,1.8871463379780384,101755.70856716063,1.90375,1.8928691674205895
10.749,-21365.0,1.9150459812887697,103194,1.8902812078927769,101916.89705008882,1.9068,1.9065083493734212
10.753,-21370.0,1.9173554916376463,103342,1.8933457980367785,102076.64443023806,1.90985,1.9058459240585772
10.758,-21377.0,1.9205888061260743,103489,1.8963757243725592,102234.94374390748,1.91289,1.9101708667809514
10.762,-21385.0,1.9242840226842768,103640,1.899457004713088,102392.14355513264,1.91595,1.906540052827463
10.767,-21394.0,1.928441141312256,103787,1.9026381801246228,102548.37386335952,1.91897,1.9082905055523345
10.771,-21399.0,1.9307506516611328,103937,1.90582552018922,102703.6901801788,1.92197,1.9163867318380332
10.775,-21405.0,1.9335220640797848,104090,1.908936376685674,102858.55527556175,1.92498,1.9066938535369324
10.78,-21411.0,1.9362934764984376,104238,1.9120070990812148,103012.90426478744,1.928,1.9122777668662256
10.784,-21419.0,1.9399886930566408,104382,1.915097045519508,103166.26611298457,1.93114,1.9132292114504523
10.788,-21425.0,1.942760105475293,104530,1.9182039430498008,103318.75753457012,1.93388,1.9122643301242084
10.793,-21432.0,1.9459934199637208,104675,1.921298481014972,103470.54056165346,1.93691,1.9203793133929055
10.797,-21438.0,1.9487648323823727,104819,1.9243821207456653,103621.46248152346,1.94004,1.9357002246094979
10.801,-21445.0,1.9519981468708008,104964,1.9274561507924013,103771.62510701486,1.94273,1.9215020705970978
10.806,-21452.0,1.9552314613592283,105111,1.930549013802429,103921.29556533512,1.9457,1.919063578841182
10.81,-21458.0,1.958002873777881,105259,1.933631176615958,104070.70939996108,1.94854,1.9407888524252228
10.814,-21463.0,1.9603123841267576,105408,1.9366492914720503,104220.01518753749,1.9515,1.9455361021748772
10.819,-21470.0,1.9635456986151856,105556,1.9396382375160552,104369.22570298506,1.9546,1.9389637967708115
10.823,-21476.0,1.966317111033838,105703,1.942628769964724,104518.23397598955,1.95756,1.953487766833845
10.827,-21484.0,1.9700123275920407,105856,1.9456480076980656,104667.35950563192,1.96051,1.9569588112980771
10.832,-21489.0,1.972321837940918,106004,1.948665250304396,104816.64754549511,1.96344,1.9616958391202033
10.836,-21498.0,1.9764789565688965,106155,1.9517080401253863,104965.96064642163,1.96637,1.9663738333910623
10.841,-21504.0,1.979250368987549,106306,1.954800663039589,105115.47319751407,1.96928,1.9664452433592114
10.845,-21510.0,1.982021781406201,106467,1.9578553076967364,105265.7527907974,1.97219,1.9585354296985005
10.85,-21516.0,1.9847931938248533,106630,1.9608764644482608,105417.41814396482,1.9751,1.9579723602638144
10.854,-21524.0,1.988488410383057,106789,1.963922705626291,105570.1871771858,1.97829,1.9525841393930998
10.859,-21529.0,1.9907979207319333,106943,1.9669637589305653,105723.39734049865,1.98121,1.9540905103273052
10.863,-21535.0,1.993569333150586,107097,1.9699456248517988,105876.70088999018,1.98411,1.9535432645372826
10.867,-21543.0,1.997264549708789,107259,1.972957220742798,106030.55972334428,1.98689,1.9563567828354742
10.872,-21549.0,2.0000359621274413,107420,1.9759950314866856,106185.3220084694,1.98994,1.9836063931590728
10.876,-21557.0,2.0037311786856447,107583,1.9790559575757083,106340.94004332816,1.99285,1.9726250949766861
10.88,-21562.0,2.006040689034521,107748,1.9821099595235367,106497.54911811616,1.99564,1.9928194253182254
10.885,-21568.0,2.0088121014531737,107914,1.9851032431081093,106655.2094096229,1.99857,1.9985649838233264
10.889,-21575.0,2.0120454159416017,108091,1.9880976002491264,106814.5060362246,2.00152,2.0014945112693656
10.894,-21580.0,2.0143549262904785,108258,1.991065597566624,106975.30464357436,2.00459,2.0029952826944295
10.898,-21586.0,2.0171263387091307,108426,1.993983045260692,107136.8955887096,2.00738,2.005076673211384
10.902,-21595.0,2.021283457337109,108603,1.9969651458486384,107299.7763637091,2.01034,2.010332892694717
10.907,-21602.0,2.024516771825537,108779,2.000031561557057,107464.267404983,2.01328,2.0132995064402075
10.911,-21609.0,2.027750086313965,108964,2.0031177105084965,107630.6512622082,2.01609,2.0147907674054584
10.915,-21615.0,2.030521498732617,109154,2.006193953098778,107799.5317822431,2.01918,2.016647827842739
10.92,-21621.0,2.0332929111512694,109345,2.009234154156242,107970.96847705716,2.02215,2.019178651900131
10.924,-21626.0,2.0356024215001467,109538,2.012215268595891,108144.836470042,2.0251,2.022484122821462
10.929,-21631.0,2.0379119318490235,109731,2.015116976063625,108320.966531952,2.02806,2.0261720934197305
10.933,-21640.0,2.042069050477002,109927,2.0180578910194327,108499.26855972408,2.03103,2.030390299394735
10.938,-21648.0,2.045764267035205,110128,2.0211152971187176,108679.9586905996,2.034,2.0321498709813497
10.942,-21656.0,2.049459483593408,110333,2.024248114606788,108863.28662427492,2.03696,2.0338734842272945
10.946,-21663.0,2.052692798081836,110547,2.02742012078532,109049.70900684384,2.03994,2.03789424086444
10.951,-21667.0,2.0545404063609376,110752,2.030517456394582,109238.85996677612,2.04292,2.0406026977218272
10.955,-21674.0,2.057773720849365,110957,2.033548950094017,109429.88483470988,2.04579,2.042585183980583
10.959,-21680.0,2.060545133268018,111159,2.0365769995848035,109622.38469732464,2.04881,2.0466921318525664
10.964,-21685.0,2.062854643616894,111357,2.0395473991957687,109815.77133714478,2.05167,2.047981689601131
10.968,-21694.0,2.067011762244873,111558,2.0425488844933426,110009.8807888518,2.05456,2.0517750390148253
10.972,-21700.0,2.0697831746635256,111764,2.045605086515983,110205.10053011012,2.0577,2.0537989335983506
10.977,-21710.0,2.0744021953612792,111965,2.048736842291164,110401.29928606232,2.06085,2.0554943383403157
10.981,-21715.0,2.0767117057101565,112159,2.051907912288211,110597.6518943376,2.06399,2.0614266813777204
10.986,-21723.0,2.0804069222683594,112343,2.055059035301692,110793.1351684816,2.06703,2.0586344400360947
10.99,-21727.0,2.082254530547461,112523,2.058165263310878,110987.02425047282,2.07005,2.069269381971083
10.995,-21734.0,2.085487845035889,112699,2.061204598019156,111179.03469011391,2.07308,2.062436597165843
10.999,-21738.0,2.0873354533149904,112871,2.0641849485422363,111368.9156691183,2.07597,2.0713536984969223
11.003,-21745.0,2.090568767803418,113044,2.0671132888631587,111556.74161163524,2.07902,2.0714332187222375
11.008,-21754.0,2.0947258864313967,113216,2.0701323006386967,111742.75549448226,2.08216,2.070984656089281
11.012,-21762.0,2.0984211029896,113383,2.0732585697962507,111926.81686177816,2.08519,2.0807575581144393
11.017,-21769.0,2.101654417478027,113548,2.076424801884782,112108.7427470165,2.08836,2.0843417986747608
11.021,-21777.0,2.1053496340362305,113709,2.079626271895344,112288.4309340957,2.09153,2.0818130525525422
11.026,-21783.0,2.1081210464548827,113863,2.0828315070312136,112465.49570542674,2.09457,2.0820706113365635
11.03,-21788.0,2.11043055680376,114016,2.08595814277886,112639.774300853,2.09764,2.0843124347000384
11.035,-21794.0,2.113201969222412,114173,2.089015472320826,112811.77349550338,2.1007,2.0853912740224607
11.039,-21801.0,2.11643528371084,114318,2.0920663029586017,112981.28985468156,2.10391,2.0891553117203414
11.044,-21808.0,2.119668598199268,114458,2.095138709537029,113147.6119401738,2.10698,2.095867512341275
11.048,-21816.0,2.1233638147574707,114596,2.0982574474774283,113310.7036044921,2.11005,2.104921492049657
11.052,-21823.0,2.1265971292458983,114738,2.10141703880072,113471.06503061618,2.11298,2.1077727973439986
11.057,-21830.0,2.1298304437343263,114874,2.10458534676732,113628.90079290408,2.11606,2.0885231850978387
11.061,-21838.0,2.133525660292529,115011,2.107788647214932,113784.21392571415,2.11915,2.1078276600789785
11.065,-21843.0,2.1358351706414065,115148,2.1109681899182657,113937.36180902278,2.12225,2.0934908749103
11.07,-21849.0,2.1386065830600587,115281,2.1140721709728663,114088.36398107084,2.12536,2.1217752357942694
11.074,-21855.0,2.141377995478711,115411,2.1171368308430107,114237.06031780702,2.12848,2.1211334953034564
11.078,-21864.0,2.1455351141066896,115545,2.1202487380055923,114383.78256659389,2.13146,2.131288885705466
11.083,-21872.0,2.149230330664893,115679,2.1234569190831567,114529.00060290498,2.13472,2.128810980072578
11.087,-21880.0,2.152925547223096,115813,2.126722684700876,114672.89227699384,2.13799,2.136408441941943
11.092,-21887.0,2.1561588617115235,115949,2.130011919914217,114815.73264582062,2.14126,2.136172968086735
11.097,-21894.0,2.159392176199951,116077,2.1332945433521187,114957.29130586272,2.1444,2.1267682290806222
11.101,-21900.0,2.162163588618604,116204,2.1365440303082552,115097.1877431184,2.14755,2.1274989582214725
11.105,-21906.0,2.164935001037256,116330,2.1397369922195137,115235.50025536296,2.15073,2.1439203904972826
11.11,-21912.0,2.167706413455908,116455,2.14288011231298,115372.29788285035,2.15389,2.1403594969722626
11.114,-21919.0,2.170939727944336,116579,2.146006590073996,115507.64150287423,2.15707,2.133379924066114
11.119,-21928.0,2.1750968465723144,116700,2.14920031255004,115641.46656011904,2.16037,2.151296751476837
11.123,-21936.0,2.1787920631305178,116827,2.1524806355242614,115774.12995373578,2.16354,2.1424604565853964
11.128,-21941.0,2.1811015734793946,116948,2.155728094011569,115905.76903278525,2.16686,2.1436307966361823
11.132,-21950.0,2.185258692107373,117068,2.1589738801860707,116036.0910851081,2.17003,2.1553135290950394
11.136,-21957.0,2.188492006595801,117191,2.1622728046698034,116165.37006388413,2.17306,2.154359727864471
11.141,-21962.0,2.1908015169446777,117310,2.165509358872723,116293.67017930272,2.17625,2.1504935603202404
11.145,-21969.0,2.1940348314331057,117431,2.168690917132188,116420.9889322773,2.17943,2.168013692058207
11.149,-21976.0,2.1972681459215333,117547,2.171878594778768,116547.26500180278,2.18259,2.1513058621073404
11.154,-21982.0,2.200039558340185,117668,2.175044361839745,116672.62166934292,2.18576,2.1653834042221662
11.158,-21989.0,2.203272872828613,117785,2.178190808908714,116797.22675760028,2.18893,2.1762787813673174
11.163,-21997.0,2.2069680893868164,117910,2.1813748331774425,116921.40559898702,2.19209,2.174500526301838
11.167,-22006.0,2.211125208014795,118039,2.184646604609901,117045.91799948372,2.1954,2.1925575745375365
11.172,-22013.0,2.2143585225032227,118161,2.1879684419899466,117170.54716860516,2.19872,2.1981966382117033
11.176,-22019.0,2.217129934921875,118281,2.191252506435821,117294.74724365988,2.20188,2.1945837280924114
11.181,-22025.0,2.219901347340528,118400,2.19447595757441,117418.3916063046,2.20506,2.199013631466821
11.185,-22031.0,2.22267275975918,118520,2.1976459620076683,117541.5459610821,2.20824,2.1837122391352852
11.189,-22039.0,2.2263679763173827,118637,2.200823451892313,117664.15000917716,2.21143,2.211257406659791
11.194,-22045.0,2.229139388736036,118754,2.2040075421875365,117786.09146379518,2.21459,2.2012903588960056
11.198,-22053.0,2.2328346052942383,118872,2.207197452495146,117907.50778393746,2.21764,2.2127617685145786
11.202,-22061.0,2.2365298218524416,118994,2.210447107583648,118028.75664575824,2.22082,2.2178610054498544
11.207,-22068.0,2.239763136340869,119115,2.2137221370928897,118150.0352008501,2.22387,2.2231134117343845
11.211,-22074.0,2.2425345487595214,119238,2.216964927986964,118271.39905583272,2.22707,2.2168783460192545
11.215,-22079.0,2.2448440591083987,119360,2.2201246790954463,118392.8972426884,2.23014,2.198636116290567
11.22,-22085.0,2.247615471527051,119484,2.223211208610353,118514.57299611316,2.23335,2.229854679771777
11.224,-22092.0,2.2508487860154784,119617,2.2262877867682582,118637.055612932,2.23641,2.2310840207365357
11.228,-22101.0,2.255005904643457,119747,2.2294375095105297,118760.60439820164,2.23979,2.2359639595408205
11.233,-22110.0,2.2591630232714355,119880,2.232706341498714,118885.09329371396,2.243,2.2418617306543953
11.237,-22116.0,2.261934435690088,120012,2.235998280530838,119010.52938052222,2.24624,2.245029537177476
11.242,-22121.0,2.264243946038965,120148,2.2392013687573487,119136.97801985008,2.24948,2.2419969820583017
11.246,-22130.0,2.2684010646669432,120282,2.242408030779737,119264.437727553,2.25275,2.2520781502461293
11.25,-22133.0,2.26978677087627,120420,2.245563231154505,119392.9071949639,2.256,2.252604037592682
11.255,-22140.0,2.2730200853646974,120560,2.2486184415425265,119522.62173773548,2.25913,2.2590310021703073
11.259,-22149.0,2.277177203992676,120705,2.2517493229288035,119653.84796641998,2.26255,2.2617067168026734
11.263,-22158.0,2.2813343226206544,120847,2.2550015412648547,119786.5253819384,2.26582,2.2582397793664724
11.268,-22164.0,2.2841057350393066,120996,2.258278830956597,119920.71887310287,2.26893,2.265467957873735
11.272,-22172.0,2.28780095159751,121150,2.261550921249197,120056.95859578968,2.27223,2.262069949829077
11.277,-22180.0,2.291496168155713,121306,2.26487303978902,120195.41643601656,2.27552,2.251901188316762
11.281,-22185.0,2.2938056785045897,121462,2.268157352151803,120335.94836990602,2.27897,2.275028953038758
11.285,-22191.0,2.2965770909232424,121624,2.271353715446658,120478.66387180396,2.28212,2.2620518936229406
11.29,-22201.0,2.301196111620996,121794,2.2746090605547824,120624.13241155897,2.28573,2.267787719595148
11.294,-22207.0,2.3039675240396487,121957,2.277916413773581,120772.08760170214,2.28904,2.287256097963511
11.299,-22213.0,2.306738936458301,122129,2.2811604001418053,120922.35366842976,2.2922,2.281526920101842
11.303,-22222.0,2.310896055086279,122305,2.2844304311707493,121075.42591188964,2.29552,2.295464600665905
11.307,-22230.0,2.3145912716444825,122491,2.2877780403717702,121231.80018791558,2.29884,2.292312234647645
11.312,-22238.0,2.318286488202685,122679,2.291166748857368,121391.79549013377,2.30232,2.2824407993716114
11.317,-22243.0,2.3205959985515627,122870,2.294509777917345,121555.27927424228,2.3058,2.3054826986640675
11.321,-22252.0,2.324753117179541,123063,2.29783983489746,121722.13466728757,2.309,2.3034058058972007
11.325,-22255.0,2.326138823388867,123262,2.3011038406524373,121892.4359669581,2.31233,2.311099801538468
11.33,-22265.0,2.330757844086621,123463,2.304336911183572,122066.2486863704,2.31567,2.2963871967716774
11.334,-22270.0,2.333067354435498,123673,2.3075973170071844,122243.80794490344,2.31901,2.3189791557707253
11.339,-22279.0,2.337224473063477,123891,2.3108545196923385,122425.6757670292,2.32235,2.3208720376257417
11.343,-22288.0,2.341381591691455,124114,2.3142181237544053,122612.11125678182,2.32567,2.3244186765302697
11.347,-22293.0,2.343691102040332,124344,2.317566323055457,122803.28376568564,2.329,2.311935347793305
11.352,-22299.0,2.346462514458985,124587,2.320819019629538,122999.8155612018,2.33218,2.3217783107726557
11.356,-22305.0,2.3492339268776368,124839,2.324014811670222,123202.3735719207,2.33567,2.3221866938371925
11.36,-22311.0,2.352005339296289,125092,2.327160427273342,123410.83646349832,2.33899,2.3228111082324716
11.365,-22320.0,2.356162457924268,125355,2.3303437183844165,123625.15636492938,2.34218,2.336172775057171
11.369,-22328.0,2.35985767448247,125627,2.3336148433439656,123845.76400440662,2.34551,2.3455387414525184
11.373,-22336.0,2.363552891040674,125912,2.3369361106866937,124073.2165352556,2.34882,2.3488407336389914
11.378,-22342.0,2.366324303459326,126206,2.340246978941733,124308.00523589268,2.35198,2.338976590880638
11.382,-22348.0,2.3690957158779784,126516,2.3434940647466096,124550.7406507238,2.35532,2.3315666282363354
11.386,-22357.0,2.373252834505957,126833,2.3467668287509484,124801.84290176736,2.35865,2.350729250655817
11.391,-22362.0,2.375562344854834,127149,2.3500349284498654,125060.67744224465,2.36198,2.353057032153326
11.395,-22369.0,2.378795659343262,127458,2.353244302430079,125325.8571073209,2.36517,2.3652698584981264
11.399,-22377.0,2.382490875901465,127772,2.356483813459609,125596.5134476958,2.36849,2.368587164272845
11.404,-22384.0,2.3857241903898925,128087,2.35974989829061,125872.35363417344,2.37182,2.3701636380135254
11.408,-22392.0,2.389419406948096,128392,2.363039414975117,126152.23269919616,2.37512,2.361368586633321
11.413,-22400.0,2.3931146235062988,128702,2.366376899500975,126435.3775198004,2.37845,2.3502684253133124
11.417,-22407.0,2.396347937994727,129003,2.369729373952062,126721.16550045508,2.38194,2.351935699361172
11.422,-22412.0,2.398657448343604,129295,2.37301314665293,127008.22001451984,2.38527,2.376209589578945
11.426,-22419.0,2.401890762832031,129573,2.376236340540924,127295.03161353554,2.38876,2.3887103895507207
11.43,-22426.0,2.405124077320459,129848,2.379460731036034,127580.62402275672,2.3921,2.3914381455571054
11.435,-22433.0,2.4083573918088867,130111,2.3826861766576632,127864.25463187702,2.39542,2.395398711784104
11.439,-22439.0,2.411128804227539,130375,2.3858852462049063,128145.5051025571,2.39874,2.398737501236923
11.444,-22449.0,2.415747824925293,130627,2.3891429775922224,128424.00655860538,2.40206,2.402021438021748
11.448,-22458.0,2.419904943553272,130879,2.392534354293697,128699.37462043368,2.40537,2.405339583725759
11.453,-22463.0,2.4222144539021486,131122,2.3959070425418334,128971.4477076879,2.40883,2.4087763810341647
11.457,-22470.0,2.425447768390576,131356,2.399208639065602,129239.55128785702,2.41217,2.412085807159057
11.461,-22477.0,2.428681082879004,131589,2.402502162276928,129503.5635208226,2.41549,2.4154154497149705
11.466,-22482.0,2.430990593227881,131809,2.405733953825776,129763.14050261788,2.41895,2.4188843840551426
11.47,-22491.0,2.43514771185586,132023,2.4089659254390727,130017.68340370384,2.4221,2.4220282875199466
11.475,-22498.0,2.438381026344288,132240,2.412252668723412,130267.61007538823,2.42539,2.4178159228058416
11.479,-22507.0,2.4425381449722656,132448,2.415587707761501,130513.11161222286,2.42883,2.422037427232523
11.484,-22513.0,2.445309557390918,132650,2.4189380258665647,130753.82445815737,2.43209,2.4290642064019767
11.488,-22521.0,2.449004773949121,132850,2.4222745100730148,130989.84186389856,2.43522,2.427783299426695
11.492,-22527.0,2.4517761863677734,133052,2.425598796029016,131221.7189938546,2.43864,2.433775649222586
11.497,-22532.0,2.4540856967166507,133244,2.4288304066474944,131449.47243350415,2.44194,2.438256040944715
11.501,-22538.0,2.456857109135303,133435,2.4319802993779724,131672.93945515295,2.44507,2.4381806611051324
11.506,-22546.0,2.460552325693506,133625,2.4351400554628904,131892.50862775918,2.44849,2.4410904280153094
11.51,-22554.0,2.464247542251709,133808,2.438363121607036,132108.16787352532,2.45176,2.44465925449464
11.514,-22561.0,2.4674808567401367,133997,2.441614705910303,132320.3203644519,2.45503,2.4469083052116076
11.519,-22569.0,2.47117607329834,134178,2.4448914365339984,132529.26248618323,2.45843,2.449560230227997
11.523,-22577.0,2.474871289856543,134356,2.4482176467563224,132734.7235246907,2.46171,2.458943959740444
11.528,-22585.0,2.478566506414746,134528,2.4515874863670795,132936.5830085583,2.46497,2.464902928576788
11.532,-22591.0,2.4813379188333986,134697,2.454941183958001,133134.73471028314,2.4681,2.4550726373787146
11.536,-22595.0,2.4831855271125,134868,2.4581714222845403,133329.55790132895,2.47137,2.471391524480467
11.541,-22603.0,2.486880743670703,135032,2.461347411423973,133521.1505404859,2.47465,2.4681959907174065
11.545,-22610.0,2.490114058159131,135199,2.464557484862524,133709.65812180415,2.47792,2.4591186142837858
11.549,-22617.0,2.4933473726475586,135366,2.4677703062018392,133895.6227586568,2.48117,2.4476916702876546
11.554,-22626.0,2.4975044912755373,135532,2.4710401634409127,134079.2859981637,2.48443,2.459815254257984
11.558,-22634.0,2.50119970783374,135696,2.4743876194000736,134260.74259337562,2.48769,2.477779177664387
11.563,-22640.0,2.5039711202523924,135860,2.4777215798658547,134440.1352116333,2.4908,2.4739144719341173
11.567,-22646.0,2.506742532671045,136027,2.4809890275786715,134617.8852390209,2.49406,2.494045209948235
11.571,-22654.0,2.510437749229248,136187,2.484252439556704,134793.95041734324,2.49749,2.4643498850580396
11.576,-22659.0,2.512747259578125,136343,2.4874849865159883,134967.87966301208,2.50061,2.4777368536089184
11.58,-22668.0,2.516904378206104,136506,2.490717624223924,135140.10286977896,2.50388,2.487596371910879
11.585,-22675.0,2.520137692694531,136662,2.494004954847337,135310.8217508035,2.50714,2.4945854354208654
11.589,-22682.0,2.523371007182959,136821,2.497285898884112,135479.97770014152,2.5104,2.504242394966847
11.593,-22691.0,2.527528125810937,136981,2.5006158243474816,135647.99198029013,2.51365,2.512922464336076
11.598,-22696.0,2.5298376361598147,137141,2.5039343270320464,135815.05869366924,2.51678,2.507280904370692
11.602,-22702.0,2.532609048578467,137298,2.507160838163,135981.11252344918,2.52018,2.4887597728495487
11.606,-22708.0,2.535380460997119,137457,2.5103335407910534,136146.21411031703,2.52332,2.4956487732260344
11.611,-22717.0,2.539537579625098,137614,2.513540716298224,136310.47604251822,2.52659,2.496235412196366
11.615,-22724.0,2.5427708941135254,137772,2.516805595238957,136473.9384790526,2.52986,2.504947511374965
11.619,-22731.0,2.546004208601953,137930,2.520066742163147,136636.75506552376,2.53298,2.524750028805136
11.624,-22736.0,2.5483137189508303,138089,2.5232699854285268,136799.0612812789,2.5362400000000003,2.5329222982774535
11.628,-22744.0,2.552008935509033,138251,2.5264494777105577,136961.15393948474,2.5395,2.5150175553550707
11.632,-22751.0,2.555242249997461,138416,2.52966264009836,137123.41299445892,2.54276,2.5219681768158697
11.637,-22760.0,2.5593993686254395,138585,2.532932798062123,137286.23259409578,2.54619,2.5394388841779643
11.641,-22766.0,2.562170781044092,138755,2.5362259062933745,137449.84204949933,2.54946,2.515937413643133
11.646,-22772.0,2.5649421934627443,138919,2.539457331927232,137613.85238524777,2.55287,2.547975935885397
11.65,-22780.0,2.568637410020948,139086,2.5426889808894217,137778.03885114344,2.55615,2.5302511998257833
11.655,-22787.0,2.571870724509376,139251,2.545948133223003,137942.43973987194,2.55958,2.5478488026932182
11.659,-22794.0,2.575104038997803,139421,2.549204230624262,138107.20705138598,2.56299,2.5548202471550825
11.664,-22806.0,2.580646863835108,139589,2.552594166533685,138272.47481395493,2.56624,2.539406165190016
11.668,-22811.0,2.5829563741839845,139761,2.556047503686238,138438.3020916459,2.56948,2.5635162767245485
11.673,-22816.0,2.5852658845328613,139934,2.5593656007112755,138604.91831729037,2.57275,2.571591301121332
11.677,-22823.0,2.5884991990212893,140103,2.562619060594012,138772.0528575966,2.57601,2.564943539964608
11.681,-22828.0,2.590808709370166,140274,2.565815525693707,138939.52619494198,2.57928,2.5543051875413965
11.686,-22835.0,2.5940420238585937,140449,2.568961734776845,139107.6529761127,2.58255,2.57204700645073
11.69,-22845.0,2.598661044556348,140628,2.572200162094425,139276.82888049167,2.58581,2.563838371956403
11.695,-22851.0,2.601432456975,140807,2.5754925977941747,139447.1663348013,2.58906,2.563470307372545
11.699,-22861.0,2.606051477672754,140988,2.5788326562061066,139618.64623821867,2.59215,2.564732470899
11.703,-22865.0,2.607899085951856,141169,2.582160093772138,139791.25174830278,2.59539,2.5731725329735142
11.708,-22871.0,2.610670498370508,141356,2.5853671769224427,139965.20448356488,2.59864,2.5680989560040173
11.712,-22876.0,2.6129800087193846,141544,2.588495442184916,140140.75897689452,2.60188,2.5878863449115936
11.716,-22885.0,2.617137127347364,141734,2.5916361279210727,140317.90319694742,2.60514,2.5976021002240683
11.721,-22891.0,2.619908539766016,141925,2.5948150720469925,140496.62653490287,2.60826,2.60781813453806
11.725,-22901.0,2.6245275604637697,142126,2.598055057538048,140677.39257545143,2.61152,2.601407060357197
11.729,-22909.0,2.6282227770219726,142327,2.6014034800774275,140860.5509740454,2.61477,2.5994013080763145
11.734,-22914.0,2.63053228737085,142533,2.604710986391776,141046.11445770925,2.61802,2.605010217772316
11.738,-22921.0,2.633765601859277,142744,2.607955107754328,141234.3898356774,2.62115,2.605669396376749
11.742,-22927.0,2.6365370142779296,142954,2.611170644920096,141425.29293727287,2.62441,2.6036033248829287
11.747,-22933.0,2.6393084266965823,143164,2.6143336710874863,141618.4539567341,2.62769,2.6248362675005725
11.751,-22940.0,2.64254174118501,143381,2.61747770133186,141814.0197513875,2.63083,2.623715731176299
11.755,-22948.0,2.6462369577432128,143593,2.6206595945287527,142011.82422792632,2.63412,2.6212396993856695
11.76,-22955.0,2.6494702722316408,143804,2.6238748739597417,142211.24799187243,2.6374,2.635420085253989
11.764,-22963.0,2.653165488789844,144014,2.627119592210285,142411.98135231642,2.64052,2.629309695224032
11.768,-22970.0,2.656398803278272,144227,2.6303902685875924,142613.98770417992,2.64382,2.6296018151642535
11.773,-22975.0,2.6587083136271485,144427,2.6336019145931555,142816.5253616091,2.6471,2.628197010890173
11.777,-22981.0,2.6614797260458007,144625,2.636734203222632,143018.64474483777,2.65037,2.6430127268485126
11.781,-22988.0,2.6647130405342287,144816,2.63985113017558,143219.86325185327,2.6535,2.635150090734194
11.786,-22996.0,2.668408257092432,145007,2.64300912463315,143419.87357578776,2.65678,2.6531136116697436
11.79,-23005.0,2.6725653757204104,145193,2.646257943883835,143618.52297893283,2.66003,2.6576966301879583
11.794,-23011.0,2.6753367881390626,145375,2.6495322363803724,143815.44031290186,2.66329,2.6561579608783794
11.799,-23019.0,2.679032004697265,145552,2.6528016838505257,144010.29831196167,2.66639,2.666396661214193
11.803,-23025.0,2.681803417115918,145729,2.6560668591449965,144203.0448741656,2.66963,2.6654222971757653
11.807,-23032.0,2.6850367316043457,145897,2.659300960935362,144393.39758824027,2.6729000000000003,2.6716376464684655
11.812,-23037.0,2.6873462419532226,146063,2.662480356742768,144580.98919895635,2.67616,2.6736883570273906
11.816,-23045.0,2.691041458511426,146224,2.6656388211661275,144765.732343021,2.67942,2.6697356859110153
11.821,-23052.0,2.694274772999853,146382,2.6688334419198148,144947.49086912494,2.68254,2.6779965578708014
11.825,-23061.0,2.6984318916278323,146537,2.672087250515769,145126.2629585759,2.6858,2.6850361481077183
11.829,-23067.0,2.7012033040464845,146692,2.6753659424433613,145302.2243599067,2.68907,2.6862594015998935
11.834,-23074.0,2.704436618534912,146848,2.6786119627305034,145475.7665116481,2.69233,2.6886990883496242
11.838,-23081.0,2.70766993302334,146995,2.681856480750141,145646.7025140996,2.69562,2.691953278283854
11.842,-23087.0,2.710441345441992,147138,2.6850723676743256,145814.57197862113,2.69889,2.6963605429737347
11.847,-23094.0,2.71367465993042,147280,2.688263008694756,145979.44188970863,2.70216,2.70224489665404
11.851,-23100.0,2.7164460723490724,147424,2.691431388755684,146141.7260163446,2.70546,2.7056532074778414
11.856,-23110.0,2.721065093046826,147563,2.6946620592218045,146301.55273603092,2.70875,2.693945432945412
11.86,-23116.0,2.7238365054654787,147698,2.6979476551998363,146458.68054319726,2.71202,2.7087759524506927
11.864,-23125.0,2.727993624093457,147836,2.701254376134907,146613.36942581442,2.71529,2.6914015500572654
11.869,-23131.0,2.730765036512109,147970,2.7045797243220533,146765.84863222874,2.71858,2.6946574280375133
11.873,-23137.0,2.733536448930762,148102,2.707839578027233,146916.02471866817,2.72185,2.6978597989303417
11.878,-23144.0,2.736769763419189,148234,2.711068987425326,147064.05175925564,2.72515,2.7100979743769806
11.882,-23151.0,2.740003077907617,148364,2.7142988585409737,147210.06561119176,2.7286,2.701939593724089
11.887,-23158.0,2.743236392396045,148490,2.717529136783096,147353.94959903916,2.73191,2.7311519060163096
11.891,-23167.0,2.747393511024024,148614,2.720814386911653,147495.60084245686,2.7352,2.710154363941143
11.895,-23172.0,2.749703021372901,148738,2.724093496440452,147635.1650947296,2.73849,2.7223733925674876
11.9,-23181.0,2.753860140000879,148863,2.7273671914020468,147772.9482282248,2.74176,2.7350226494004555
11.904,-23187.0,2.7566315524195315,148985,2.730663418434917,147909.0425983609,2.74505,2.7402880855945293
11.908,-23194.0,2.759864866907959,149104,2.7339249005677613,148043.29317134264,2.74833,2.7466018218551143
11.913,-23201.0,2.763098181396386,149224,2.7371830523049456,148175.79971335345,2.75148,2.747878425994677
11.917,-23207.0,2.76586959381504,149340,2.74041096096688,148306.59107734516,2.75478,2.7524943612924724
11.921,-23215.0,2.769564810373242,149457,2.7436395087856003,148435.6927048467,2.75809,2.731155502659629
11.926,-23220.0,2.771874320722119,149574,2.7468413137422982,148563.36349890285,2.76139,2.728606724374531
11.93,-23230.0,2.776493341419873,149689,2.750074150670254,148689.65439901763,2.76469,2.749496475556615
11.934,-23238.0,2.780188557978076,149802,2.753416269855428,148814.4920870784,2.76783,2.7655941202851673
11.939,-23242.0,2.782036166257178,149917,2.756690911643123,148938.0483833143,2.77113,2.768667201683794
11.943,-23247.0,2.784345676606055,150030,2.759824134864876,149060.4747928249,2.77429,2.766529388211515
11.947,-23255.0,2.7880408931642577,150151,2.762941885908776,149182.25961192008,2.7776300000000003,2.7668090090543593
11.952,-23262.0,2.7912742076526857,150263,2.7661006070210727,149303.4195815135,2.78111,2.7703976860796287
11.956,-23270.0,2.7949694242108887,150374,2.7692954541141352,149423.4374065835,2.78443,2.7774631585166976
11.961,-23278.0,2.798664640769092,150489,2.7725494622882745,149542.62548054586,2.7876,2.7874677278626483
11.965,-23287.0,2.8028217593970703,150604,2.775882943093442,149661.3183784423,2.79092,2.7765556265683244
11.969,-23294.0,2.806055073885498,150719,2.779259193651172,149779.57464731342,2.7942400000000003,2.775752214690457
11.974,-23299.0,2.808364584234375,150834,2.7825639312955905,149897.4459119025,2.79754,2.7753558841268196
11.978,-23306.0,2.8115978987228027,150946,2.7858056113413343,150014.80034091946,2.80086,2.7808255485426354
11.983,-23311.0,2.81390740907168,151062,2.788991689390649,150131.75815970963,2.80403,2.8010925827713007
11.987,-23319.0,2.817602625629883,151174,2.792156045982414,150248.36626140185,2.80749,2.7893017268526736
11.991,-23328.0,2.821759744257861,151285,2.795410475141661,150364.3704077383,2.81065,2.7977316729590394
11.996,-23335.0,2.8249930587462893,151399,2.798717020708612,150479.9602420514,2.81395,2.786960818389639
12.0,-23344.0,2.8291501773742675,151511,2.80206952071049,150595.2438678357,2.81724,2.804625828693726
12.004,-23349.0,2.8314596877231444,151627,2.8054079288376323,150710.37572438866,2.82055,2.813317683591308
12.009,-23356.0,2.8346930022115724,151744,2.8086792983434816,150825.66934310147,2.82386,2.820221803823013
12.013,-23362.0,2.8374644146302246,151865,2.811918861973913,150941.40118504554,2.82718,2.8138328419911875
12.018,-23369.0,2.8406977291186526,151987,2.8151303802900847,151057.8150239742,2.83064,2.8086426239552966
12.022,-23378.0,2.844854847746631,152110,2.818399088568688,151174.94845890877,2.83411,2.82749037376378
12.027,-23385.0,2.8480881622350585,152228,2.821718224966245,151292.47993897332,2.83757,2.8089807587071043
12.031,-23392.0,2.8513214767234865,152348,2.82502721422798,151410.1850491912,2.84089,2.817731483706261
12.036,-23400.0,2.8550166932816894,152468,2.8283545625466533,151528.16149523176,2.84417,2.81657981296331
12.04,-23409.0,2.859173811909668,152590,2.831752712139409,151646.49543055453,2.84746,2.84096961781895
12.044,-23414.0,2.861483322258545,152714,2.835131372487416,151765.3810570773,2.85061,2.822343913768993
12.049,-23420.0,2.864254734677197,152837,2.838410928552814,151884.81226310166,2.85395,2.853559562880043
12.053,-23427.0,2.867488049165625,152961,2.841657710806605,152004.7245421472,2.85727,2.843842674839567
12.057,-23433.0,2.8702594615842774,153087,2.844875594253684,152125.2383668362,2.86059,2.8482755633234214
12.062,-23440.0,2.873492776072705,153220,2.8480679957385324,152246.81467011987,2.8639,2.863460841304101
12.066,-23449.0,2.877649894700684,153360,2.851319847460444,152370.15547362372,2.86719,2.862173127158695
12.071,-23457.0,2.8813451112588866,153499,2.854651426781071,152495.40685641076,2.87078,2.855818280927471
12.076,-23465.0,2.88504032781709,153632,2.858026000675894,152621.92909974925,2.8742,2.8498496035073533
12.08,-23471.0,2.887811740235742,153767,2.8613838727937777,152749.3354741128,2.87749,2.8673349234482535
12.084,-23479.0,2.891506956793945,153905,2.8647270178658912,152877.81703143823,2.88079,2.864684389030307
12.089,-23484.0,2.8938164671428224,154043,2.868029870693233,153007.42399988088,2.8841,2.854326946263735
12.093,-23490.0,2.8965878795614746,154186,2.871242582324621,153138.3189036754,2.8872400000000003,2.872833569375267
12.098,-23498.0,2.900283096119678,154337,2.8744577299305862,153271.11799021633,2.89068,2.8825339199954176
12.102,-23506.0,2.903978312677881,154492,2.877729638390649,153406.30552761655,2.89411,2.8628061109452823
12.107,-23513.0,2.907211627166309,154648,2.88102429014863,153543.89470486584,2.89755,2.878045378601313
12.112,-23522.0,2.911368745794287,154810,2.8843663026036026,153684.01538635138,2.90098,2.889250947740657
12.116,-23530.0,2.91506396235249,154976,2.8877773825215103,153826.9594341634,2.90443,2.9018824698766315
12.121,-23539.0,2.919221080980469,155138,2.8912493637250405,153972.39302816347,2.90788,2.8981432587752853
12.125,-23545.0,2.921992493399121,155303,2.894720432666704,154119.96269997122,2.91118,2.9107765873954445
12.13,-23552.0,2.925225807887549,155472,2.898136084311117,154269.8297126473,2.91449,2.906379704037859
12.134,-23557.0,2.927535318236426,155644,2.9014755644628174,154422.13626234746,2.91782,2.914661139661513
12.138,-23565.0,2.931230534794629,155815,2.9047751856908586,154576.71214570693,2.92113,2.8913590506021194
12.143,-23572.0,2.934463849283057,155991,2.908094273603381,154733.52551811573,2.92444,2.9176913064357413
12.147,-23578.0,2.937235261701709,156172,2.91137591366446,154892.9030044895,2.92777,2.9170378574328626
12.151,-23587.0,2.941392380329688,156361,2.914679146409608,155055.30996350627,2.93093,2.9095530321838745
12.156,-23595.0,2.9450875968878907,156557,2.918056031728728,155221.2749670511,2.93423,2.9059740976669355
12.16,-23602.0,2.9483209113763182,156754,2.921443248428368,155390.85026963858,2.93755,2.918839386105178
12.164,-23607.0,2.9506304217251955,156966,2.9247576556351564,155564.554886661,2.9408700000000003,2.9323476733069347
12.169,-23614.0,2.953863736213623,157176,2.928007861964548,155742.6691156399,2.94418,2.9344069882381225
12.173,-23620.0,2.956635148632276,157396,2.9312287646423485,155925.1445261896,2.94749,2.9386637498664334
12.178,-23627.0,2.959868463120704,157626,2.934423828379795,156112.64782285044,2.95081,2.9465698454946807
12.182,-23637.0,2.964487483818457,157857,2.937705334031653,156305.23482591126,2.95428,2.9474233754780155
12.186,-23643.0,2.9672588962371096,158082,2.941035754707663,156502.0088774014,2.95742,2.935010011423033
12.191,-23634.0,2.963101777609131,158190,2.943890484433455,156695.20348262327,2.9606,2.9571225978441493
12.195,-23628.0,2.9603303651904787,158213,2.945998089052099,156873.30014238902,2.96313,2.9629611391442916
12.199,-23620.0,2.956635148632276,158178,2.9474742111956287,157029.63017134863,2.96498,2.9597802144336587
12.204,-23615.0,2.9543256382833984,158101,2.9484208205132005,157160.85540288658,2.96639,2.9502095731036757
12.208,-23608.0,2.951092323794971,157990,2.948927830293418,157265.45117537104,2.96725,2.9679894145447197
12.213,-23601.0,2.947859009306543,157854,2.9489926036009333,157343.07809098202,2.96756,2.9606108417007966
12.217,-23594.0,2.944625694818116,157703,2.9486674281743883,157394.5601110825,2.96729,2.966158183875669
12.221,-23587.0,2.941392380329688,157535,2.9479984095223686,157421.0967153123,2.96651,2.9661361245343056
12.226,-23579.0,2.9376971637714844,157360,2.9469988954298723,157424.21850226162,2.96508,2.9661335294560742
12.23,-23572.0,2.934463849283057,157178,2.9457079619575146,157405.86627448458,2.96312,2.966148785291139
12.235,-23566.0,2.931692436864404,156996,2.9442146779123743,157368.1651859256,2.96057,2.963386220572655
12.239,-23559.0,2.9284591223759766,156820,2.942542968172919,157313.75764955516,2.95749,2.959685747063026
12.243,-23553.0,2.9256877099573244,156639,2.940713928864518,157244.67806620087,2.95418,2.962718051573555
12.248,-23546.0,2.9224543954688964,156463,2.9387461618164843,157162.66118232842,2.95098,2.950365170533277
12.252,-23539.0,2.919221080980469,156291,2.9366287630264205,157069.76869358786,2.94774,2.958538834482952
12.256,-23530.0,2.91506396235249,156121,2.934324811276177,156967.6411792747,2.94468,2.93785559319251
12.261,-23524.0,2.912292549933838,155954,2.9318836700649737,156857.66612773045,2.94147,2.961442053280697
12.265,-23519.0,2.909983039584961,155784,2.9294307857535404,156740.77139090997,2.93842,2.936535590916603
12.269,-23512.0,2.906749725096533,155620,2.926940240336685,156617.9524685749,2.93519,2.9369940078243175
12.274,-23505.0,2.903516410608105,155460,2.9243618737710064,156490.50097955877,2.9319800000000003,2.9325221234189924
12.278,-23500.0,2.9012069002592287,155305,2.9217606824684985,156359.4967110099,2.92876,2.928928032859133
12.282,-23491.0,2.89704978163125,155148,2.9190847522107624,156225.53707727997,2.92557,2.9273561939615584
12.287,-23482.0,2.892892663003272,154998,2.916233693949887,156089.26709235212,2.92238,2.944724480585224
12.291,-23476.0,2.890121250584619,154847,2.913310133254116,155951.31462451103,2.91935,2.930002619563264
12.295,-23471.0,2.887811740235742,154700,2.91043186822692,155812.0559539712,2.91618,2.917979755982638
12.3,-23464.0,2.8845784257473146,154556,2.9075662368959776,155672.0593411228,2.91301,2.912171999249749
12.304,-23458.0,2.881807013328662,154415,2.9046844390705657,155531.76674080803,2.90982,2.922829827855926
12.309,-23452.0,2.8790356009100098,154277,2.9018156926410805,155391.56785342892,2.90665,2.9187405320172752
12.313,-23445.0,2.875802286421582,154146,2.898931148030163,155252.04277283014,2.90348,2.911406911850541
12.317,-23439.0,2.8730308740029296,154012,2.896032673132555,155113.348301195,2.90047,2.9055522110036733
12.321,-23430.0,2.868873755374952,153883,2.893067302096369,154975.5044664379,2.89748,2.919782384705315
12.326,-23423.0,2.865640440886524,153753,2.890015637924591,154838.64716327187,2.89434,2.9088384326338343
12.33,-23418.0,2.8633309305376464,153624,2.886997109261359,154702.65974933654,2.89122,2.9072896648865827
12.334,-23411.0,2.860097616049219,153498,2.8840077983366177,154567.67584304695,2.8881,2.8917145999177225
12.339,-23406.0,2.857788105700342,153376,2.881044250597049,154433.99061666455,2.88511,2.9130048285040226
12.343,-23399.0,2.854554791211914,153250,2.8781034199377395,154301.45052103687,2.88198,2.882501660159055
12.348,-23390.0,2.850397672583936,153127,2.87507339461641,154169.86104446658,2.87886,2.883084425553299
12.352,-23384.0,2.847626260165283,153001,2.8719920269938704,154039.10979070442,2.8756,2.884710589405212
12.357,-23377.0,2.8443929456768555,152882,2.868920000413046,153909.33412223833,2.87237,2.9001220460021266
12.361,-23369.0,2.8406977291186526,152760,2.865801597541312,153780.65516053076,2.86926,2.8734462530849934
12.366,-23363.0,2.8379263167,152645,2.862669608118148,153653.1797062728,2.86617,2.8735085740253834
12.37,-23358.0,2.835616806351123,152529,2.859607557891389,153527.1201673927,2.86307,2.870637490824055
12.374,-23352.0,2.832845393932471,152415,2.856607177614496,153402.3682508236,2.85996,2.8603081150811485
12.379,-23345.0,2.829612079444043,152305,2.8536065628571183,153279.1240544944,2.85684,2.882111638353169
12.383,-23338.0,2.826378764955616,152191,2.850578434894771,153157.2093134118,2.85373,2.876578453355884
12.387,-23331.0,2.823145450467188,152082,2.8475260467456,153036.52595710484,2.85063,2.866879267419458
12.392,-23321.0,2.8185264297694337,151969,2.844370347463103,152916.98751044463,2.84753,2.8577638044589335
12.396,-23316.0,2.816216919420557,151857,2.841178164914415,152798.2812530816,2.8443,2.848067422434523
12.401,-23308.0,2.812521702862353,151745,2.838008425587508,152680.36790868232,2.84121,2.847123979274195
12.405,-23304.0,2.810674094583252,151638,2.8348857823608937,152563.4493143324,2.83811,2.851186118047706
12.41,-23298.0,2.8079026821646,151526,2.831859279733292,152447.40785596374,2.835,2.8531203970663164
12.414,-23290.0,2.8042074656063964,151416,2.8288083247477465,152331.9624733912,2.83176,2.83343949316374
12.419,-23284.0,2.801436053187744,151308,2.8257358085237825,152217.2791593051,2.8285,2.841616457249309
12.423,-23278.0,2.798664640769092,151203,2.822698893246478,152103.56339768143,2.82541,2.8389438314916924
12.428,-23270.0,2.7949694242108887,151095,2.819638756748731,151990.70079015326,2.82231,2.835917259876799
12.432,-23264.0,2.7921980117922365,150987,2.816558144586778,151878.4131120288,2.81923,2.853263824578603
12.437,-23256.0,2.788502795234033,150880,2.813459477696575,151766.69150404533,2.81616,2.8222647801584992
12.441,-23248.0,2.78480757867583,150772,2.810290277878739,151655.46903701586,2.81295,2.8417185692842226
12.445,-23245.0,2.783421872466504,150666,2.8071954168206905,151544.74581250953,2.80986,2.8258190514598343
12.45,-23236.0,2.7792647538385253,150560,2.8041387986461768,151434.58103748388,2.80691,2.811324687078201
12.454,-23233.0,2.7778790476291992,150451,2.801115901715707,151324.7313315868,2.80382,2.8205777851747915
12.459,-23226.0,2.774645733140772,150340,2.798177351901384,151214.8638556973,2.80047,2.8016397885505957
12.463,-23218.0,2.7709505165825683,150231,2.795176644198041,151104.98071084678,2.7974,2.8075994659422054
12.468,-23210.0,2.7672553000243654,150122,2.792093821382699,150995.2019844465,2.79419,2.808249484355147
12.472,-23202.0,2.763560083466162,150014,2.7889385923187824,150885.57444799988,2.79098,2.825342057567846
12.477,-23196.0,2.76078867104751,149909,2.7857741308407147,150776.31669518352,2.78793,2.806488055124157
12.481,-23190.0,2.7580172586288576,149803,2.7826561414375663,150667.5032395006,2.78486,2.7935461136619932
12.485,-23185.0,2.7557077482799803,149698,2.779606435941329,150559.08154957072,2.78192,2.794186066509871
12.49,-23180.0,2.7533982379311035,149591,2.776644247266514,150450.946187653,2.77884,2.790553900244738
12.494,-23173.0,2.750164923442676,149484,2.7737046149832154,150342.94506501872,2.77577,2.791248429605498
12.498,-23166.0,2.746931608954248,149376,2.7707302592446323,150235.0031925163,2.77272,2.7782826070586006
12.503,-23157.0,2.7427744903262696,149267,2.767670672674902,150126.9953299237,2.76951,2.799652585172128
12.507,-23152.0,2.740464979977393,149156,2.7645905454203383,150018.75192737335,2.76661,2.7824834495411626
12.512,-23144.0,2.736769763419189,149041,2.761519612552838,149909.94612949918,2.76357,2.778284169199054
12.516,-23139.0,2.7344602530703126,148926,2.758456786975933,149800.4079614072,2.76039,2.7612509813395434
12.521,-23131.0,2.730765036512109,148808,2.7554011101257823,149690.0466625476,2.75734,2.781598249769195
12.525,-23127.0,2.728917428233008,148695,2.7523790432223825,149579.07779041267,2.75415,2.779732622521231
12.53,-23120.0,2.72568411374458,148576,2.749413918848812,149467.5140639066,2.75111,2.7635049041733613
12.534,-23113.0,2.722450799256152,148464,2.74641708507202,149355.48493291135,2.74796,2.774394386320982
12.538,-23106.0,2.7192174847677246,148350,2.7433922910467947,149243.34101141847,2.74493,2.7455889998177705
12.543,-23098.0,2.7155222682095217,148233,2.740315536199136,149130.80028467168,2.74193,2.7571391865441957
12.547,-23093.0,2.7132127578606444,148115,2.737247577002701,149017.67319926905,2.7390600000000003,2.7470150513685594
12.552,-23086.0,2.709979443372217,147997,2.734214679953712,148903.9699658085,2.73604,2.7446437130392387
12.556,-23079.0,2.7067461288837893,147873,2.731158086589878,148789.40400065284,2.73301,2.761986154559606
12.56,-23075.0,2.7048985206046874,147750,2.728162517984841,148673.7817217199,2.72997,2.751745281096655
12.565,-23069.0,2.702127108186035,147626,2.725248065337,148557.2280220524,2.72693,2.727226228533191
12.569,-23061.0,2.6984318916278323,147501,2.722295912124841,148439.73479319506,2.72404,2.7335121088226226
12.573,-23055.0,2.69566047920918,147373,2.719310515866853,148321.17665059908,2.72101,2.7488865543957193
12.578,-23047.0,2.6919652626509767,147243,2.7162958070477408,148201.38391713472,2.71799,2.7334247065245303
12.582,-23039.0,2.6882700460927733,147106,2.7132006385356804,148079.9705078231,2.71496,2.7478798885514393
12.587,-23036.0,2.686884339883447,146967,2.7101710557071548,147956.59598636365,2.71192,2.718203790730892
12.591,-23027.0,2.682727221255469,146831,2.707171997604086,147831.55134184632,2.70887,2.710107777359109
12.595,-23022.0,2.680417710906592,146691,2.704145242245344,147704.97492353086,2.70581,2.7169162975014087
12.6,-23015.0,2.677184396418164,146547,2.7011486773067475,147576.57490119856,2.70276,2.7029245334975553
12.604,-23009.0,2.674412983999512,146406,2.6981514267819264,147446.50777089884,2.69973,2.707686470438967
12.608,-23002.0,2.671179669511084,146262,2.695153571731028,147314.9706428003,2.6967,2.6992270778004004
12.613,-22995.0,2.6679463550226563,146111,2.692127877181828,147181.54614781676,2.69382,2.6952660719822283
12.617,-22987.0,2.6642511384644534,145954,2.6890503282834626,147045.68891221794,2.69082,2.710634093744542
12.621,-22983.0,2.6624035301853515,145795,2.686008975368982,146907.213631412,2.6878,2.6993502489622943
12.626,-22978.0,2.660094019836474,145635,2.683081458158372,146766.25249724468,2.68477,2.6947976489452667
12.63,-22972.0,2.6573226074178224,145465,2.6801997044140564,146622.44913270642,2.68175,2.6844793900342077
12.635,-22964.0,2.653627390859619,145290,2.677276383957272,146475.25282736047,2.67848,2.69687980477644
12.639,-22957.0,2.6503940763711915,145113,2.674289104971503,146324.65092308522,2.6753400000000003,2.6762245178957644
12.644,-22951.0,2.64762266395254,144941,2.6713000424767808,146171.22343236383,2.6722200000000003,2.6932661155772797
12.648,-22944.0,2.644389349464112,144760,2.6683094073459213,146015.06796824047,2.66936,2.6771552859782095
12.653,-22938.0,2.641617937045459,144573,2.665317385519236,145855.62031112908,2.66639,2.67033908829822
12.657,-22929.0,2.6374608184174804,144380,2.662269528055944,145692.56030402303,2.66343,2.6724526601328034
12.662,-22924.0,2.6351513080686035,144184,2.659199743119325,145525.78299580608,2.66031,2.6727255651115667
12.666,-22918.0,2.632379895649952,143990,2.656192542644405,145355.66878341508,2.65731,2.6710899324683868
12.671,-22911.0,2.629146581161524,143788,2.6531859140737155,145182.25750064594,2.65433,2.6647404042030436
12.675,-22905.0,2.626375168742871,143594,2.650179789788278,145005.93897593857,2.6513400000000003,2.6571008381247054
12.679,-22900.0,2.6240656583939943,143398,2.647228723060504,144827.41165083187,2.64835,2.6499007038877136
12.684,-22892.0,2.620370441835791,143199,2.6442715912748813,144646.64109540076,2.64536,2.6500461835591937
12.688,-22884.0,2.616675225277588,143006,2.6412271921875656,144464.06988971485,2.64237,2.6552817987374624
12.692,-22879.0,2.614365714928711,142808,2.638187763174787,144279.97005068517,2.6394,2.656275902426535
12.697,-22871.0,2.610670498370508,142614,2.635152716600803,144094.46319856404,2.63639,2.6384171042347475
12.701,-22867.0,2.6088228900914063,142426,2.6321488407570985,143908.3068652302,2.63337,2.6576209888767854
12.706,-22861.0,2.606051477672754,142243,2.629227063075249,143722.22813333347,2.63036,2.6327480193145765
12.71,-22854.0,2.602818163184326,142063,2.6262957573512127,143536.69076686338,2.62732,2.627958590292956
12.714,-22848.0,2.600046750765674,141884,2.6233560501311044,143351.8672271795,2.62445,2.625996351438549
12.719,-22839.0,2.595889632137695,141705,2.6203543218676115,143167.7322325156,2.62143,2.631943377275776
12.723,-22832.0,2.592656317649268,141530,2.61727059915784,142984.44084248232,2.61842,2.620787557902537
12.727,-22827.0,2.590346807300391,141354,2.614223802391278,142802.07066585147,2.61555,2.62846354169898
12.732,-22821.0,2.587575394881738,141168,2.611236872084844,142619.86249177353,2.61252,2.625398513603775
12.736,-22813.0,2.5838801783235352,140992,2.608220810595189,142437.79716590987,2.60935,2.621173611531897
12.741,-22808.0,2.5815706679746584,140818,2.6052063686900246,142256.56720740048,2.60617,2.6071226514704824
12.745,-22802.0,2.5787992555560058,140642,2.602247967774587,142076.0738467576,2.60313,2.603216550016636
12.75,-22794.0,2.575104038997803,140468,2.599257062509236,141896.22999248354,2.59994,2.6214285508016646
12.755,-22788.0,2.57233262657915,140300,2.5962374960391164,141717.43178950556,2.59662,2.605172538515235
12.759,-22779.0,2.568175507951172,140138,2.593165350667657,141540.26501422643,2.59371,2.610413380337226
12.763,-22772.0,2.5649421934627443,139974,2.5900195366022363,141364.7732447166,2.59066,2.6001950108140326
12.768,-22765.0,2.5617088789743163,139811,2.586863376942248,141190.69931961506,2.58758,2.5929836090352647
12.772,-22757.0,2.5580136624161134,139651,2.583670788448708,141018.11206996877,2.5845,2.5898232715465195
12.776,-22753.0,2.556166054137012,139492,2.580527997621992,140847.07218860002,2.58141,2.602556561157506
12.781,-22746.0,2.552932739648584,139335,2.5774564230934147,140677.57407493022,2.57831,2.601273270870638
12.785,-22740.0,2.550161327229932,139177,2.5743930317220984,140509.49455576914,2.57521,2.6066253921323908
12.789,-22731.0,2.546004208601953,139021,2.5712822430776465,140342.7250212835,2.57211,2.6006552163185104
12.794,-22726.0,2.543694698253076,138865,2.568156967615164,140177.22882049874,2.569,2.59392637602095
12.798,-22716.0,2.5390756775553225,138706,2.5649916117323714,140012.6780488736,2.56591,2.5728526750785417
12.803,-22711.0,2.536766167206445,138548,2.561790914329543,139848.84268899047,2.56281,2.5642663685259026
12.807,-22705.0,2.533994754787793,138394,2.558668279797004,139685.93374127592,2.5597,2.5696177520385164
12.812,-22699.0,2.531223342369141,138241,2.5555871719390577,139524.1372585645,2.55659,2.5732803041688577
12.816,-22693.0,2.528451929950488,138091,2.552542680857853,139363.5581783745,2.55347,2.557350430562213
12.82,-22688.0,2.526142419601612,137938,2.5495577836245404,139204.05256136844,2.55037,2.550607243945248
12.825,-22678.0,2.5215233989038577,137787,2.546516208379786,139045.4343694496,2.54727,2.560503480308004
12.829,-22672.0,2.518751986485205,137638,2.543397349988408,138887.83514768453,2.54431,2.5636016683421556
12.833,-22664.0,2.515056769927002,137483,2.5402649589038724,138730.89794875635,2.5411900000000003,2.5466111911349634
12.838,-22657.0,2.511823455438574,137335,2.5370933287131407,138574.6036159282,2.53809,2.5470118923068576
12.842,-22650.0,2.5085901409501465,137181,2.533914405292124,138418.93525745606,2.53497,2.5525243239932944
12.846,-22645.0,2.5062806306012697,137027,2.530783663850884,138263.46415700566,2.53185,2.5320940189663674
12.851,-22640.0,2.5039711202523924,136876,2.527750020499401,138108.34434400758,2.52871,2.555165972173318
12.855,-22633.0,2.500737805763965,136721,2.5247473819684743,137953.47516666452,2.5256,2.55411272302307
12.86,-22625.0,2.497042589205762,136567,2.5216901630647897,137798.64963892888,2.52247,2.535993295606765
12.864,-22617.0,2.4933473726475586,136415,2.518557510639287,137644.03995209062,2.51934,2.5507697724465577
12.868,-22610.0,2.490114058159131,136261,2.5153856500071834,137489.62058624552,2.51622,2.528182744902887
12.873,-22603.0,2.486880743670703,136105,2.512206523390983,137335.1325692402,2.51324,2.5415606207873873
12.877,-22597.0,2.484109331252051,135944,2.509048296331062,137180.17019624842,2.50998,2.520629942493936
12.882,-22591.0,2.4813379188333986,135788,2.505935804220909,137024.78955265298,2.50684,2.5210323182938867
12.886,-22584.0,2.4781046043449706,135634,2.502836333149882,136869.45391437496,2.50371,2.5356340425323287
12.89,-22577.0,2.474871289856543,135479,2.4997210371298526,136714.21707761733,2.50058,2.5111518048834047
12.895,-22571.0,2.472099877437891,135324,2.496619093668657,136559.00824320517,2.49745,2.5101943309974706
12.899,-22564.0,2.468866562949463,135159,2.493528924029241,136403.23292631246,2.49433,2.497845391973088
12.904,-22556.0,2.46517134639126,134995,2.4903945232397264,136246.42604830215,2.49121,2.491514157427913
12.908,-22549.0,2.461938031902832,134825,2.487221120961071,136088.41398860415,2.48794,2.510667300216347
12.913,-22542.0,2.4587047174144043,134659,2.4840406349745816,135929.22100683325,2.48468,2.5057049201569788
12.917,-22537.0,2.4563952070655275,134492,2.480908515717478,135769.16408126082,2.48155,2.485789430537301
12.921,-22530.0,2.4531618925770995,134327,2.477819044559432,135608.40447750248,2.47856,2.4818285769208397
12.926,-22523.0,2.449928578088672,134160,2.474712566114723,135447.0252765694,2.47541,2.4853945561068462
12.93,-22516.0,2.4466952636002444,133993,2.4715910912364008,135284.98150161153,2.47226,2.4864050127192217
12.934,-22509.0,2.4434619491118164,133819,2.468456393024718,135121.93790662035,2.46928,2.4843323531730532
12.939,-22503.0,2.440690536693164,133645,2.46533734138602,134957.5988833303,2.46615,2.476491770107623
12.943,-22493.0,2.43607151599541,133464,2.4621501670062456,134791.70377465844,2.46301,2.463669121839811
12.947,-22488.0,2.433762005646533,133283,2.4589302308119505,134624.0227422587,2.45988,2.490828871419401
12.952,-22483.0,2.4314524952976564,133102,2.455817938630745,134454.76694445667,2.45673,2.4744514440340866
12.956,-22477.0,2.428681082879004,132919,2.4527732567465828,134284.0043385218,2.45373,2.4866066519665404
12.96,-22471.0,2.425909670460352,132729,2.449760884821623,134111.38102502766,2.4506,2.471563791813024
12.965,-22463.0,2.4222144539021486,132532,2.4467223897979906,133936.28936078664,2.44748,2.447667456603045
12.969,-22456.0,2.4189811394137206,132337,2.443633553886661,133758.7256037558,2.44436,2.44673460626954
12.974,-22447.0,2.4148240207857423,132136,2.4404730226839275,133578.7455717293,2.44125,2.4602306612176474
12.978,-22442.0,2.412514510436865,131932,2.437303885964339,133396.10289590867,2.43815,2.4480929185553473
12.983,-22433.0,2.4083573918088867,131726,2.434127161199415,133210.81680644955,2.43503,2.435902265183878
12.987,-22429.0,2.4065097835297853,131514,2.430971052008378,133022.72690764174,2.4319,2.4318601272946307
12.991,-22424.0,2.4042002731809085,131297,2.427942346706031,132831.51441593663,2.42878,2.4288328590297663
12.996,-22416.0,2.400505056622705,131082,2.424916755926774,132637.3711782726,2.42567,2.4286593898081557
13.0,-22409.0,2.397271742134277,130859,2.421839298529133,132440.2890064123,2.4227,2.4236798033420683
13.004,-22403.0,2.394500329715625,130629,2.418770719848569,132239.728623676,2.41959,2.4413102135647624
13.009,-22394.0,2.3903432110876466,130381,2.415655357215315,132034.62334067712,2.41648,2.447833253129363
13.013,-22389.0,2.3880337007387697,130133,2.4125260485686586,131824.44640961202,2.41321,2.441828634453154
13.018,-22382.0,2.3848003862503417,129877,2.4094390557091097,131609.32453657003,2.41007,2.4367654998266906
13.022,-22376.0,2.382028973831689,129613,2.406362068990021,131388.89650739238,2.40693,2.4133551549552372
13.026,-22369.0,2.378795659343262,129353,2.4032939053374283,131163.55322477163,2.40379,2.4154589955395553
13.031,-22364.0,2.3764861489943847,129082,2.400260828006112,130933.46202090838,2.40065,2.4025351844143437
13.035,-22357.0,2.373252834505957,128797,2.3972586885720726,130697.7063303608,2.39753,2.4000529454952817
13.04,-22349.0,2.3695576179477538,128499,2.394201909754657,130455.35972281916,2.39441,2.394558835315602
13.044,-22341.0,2.365862401389551,128196,2.391069645381914,130206.1373608484,2.39114,2.3932704411212344
13.049,-22334.0,2.362629086901124,127885,2.387898126921232,129950.08367169644,2.38802,2.393281106996005
13.053,-22328.0,2.35985767448247,127580,2.384746608468123,129687.8881211364,2.3849,2.386147719399897
13.057,-22323.0,2.357548164133594,127271,2.38166733822227,129420.39512568696,2.38177,2.3880253170674273
13.062,-22315.0,2.353852947575391,126962,2.378597161035231,129147.99455806824,2.37851,2.38399213872877
13.067,-22309.0,2.3510815351567382,126658,2.3755076953428245,128871.5622510563,2.37526,2.404173017985046
13.071,-22302.0,2.3478482206683107,126377,2.3724285281657647,128593.23018365966,2.37202,2.3769994277591735
13.076,-22295.0,2.3446149061798827,126112,2.369331135412964,128315.52855215796,2.36892,2.370079544851973
13.08,-22288.0,2.341381591691455,125842,2.3662176719816297,128039.03310846434,2.36583,2.369650856750497
13.084,-22282.0,2.338610179272803,125580,2.363117344433382,127763.77859140304,2.36274,2.366218245304921
13.089,-22273.0,2.334453060644824,125322,2.359973986753302,127490.32768903754,2.35965,2.3659554727251906
13.093,-22269.0,2.3326054523657227,125076,2.356847299496676,127219.4130297133,2.35657,2.3727552013568887
13.098,-22262.0,2.329372137877295,124834,2.353789924535884,126951.68061961362,2.35335,2.3639278669102444
13.102,-22255.0,2.326138823388867,124609,2.3507117474011303,126687.99567150044,2.35024,2.352542960693557
13.106,-22250.0,2.3238293130399903,124391,2.347669840529662,126429.2984520746,2.34717,2.3506658275672065
13.111,-22244.0,2.321057900621338,124175,2.3446872219625776,126175.53129483476,2.3441,2.351188401369868
13.115,-22235.0,2.31690078199336,123969,2.3416476559664168,125926.82070365894,2.34104,2.346717431133584
13.12,-22227.0,2.3132055654351564,123765,2.3385032628123,125683.27822526502,2.33797,2.3487028877929146
13.124,-22223.0,2.3113579571560545,123569,2.3354029689589355,125444.88398287274,2.33492,2.3370727058952774
13.129,-22214.0,2.307200838528076,123378,2.332314253886308,125211.79780202114,2.33187,2.3349463330222417
13.133,-22210.0,2.3053532302489748,123192,2.3292357485796504,124983.9832591172,2.32882,2.3542096311293665
13.137,-22203.0,2.3021199157605468,123015,2.3262208587858546,124761.6447066936,2.32576,2.3346594852344995
13.142,-22199.0,2.3002723074814453,122843,2.323262062937806,124544.96233570334,2.32271,2.3299399541166443
13.146,-22191.0,2.2965770909232424,122674,2.3203254223310967,124333.74032787434,2.31967,2.3324975087677973
13.15,-22184.0,2.2933437764348144,122508,2.3173263981005965,124127.6877826729,2.31676,2.3367541471491995
13.155,-22177.0,2.290110461946387,122341,2.314299672609508,123926.31172454049,2.31361,2.321199773864737
13.159,-22170.0,2.2868771474579592,122183,2.311248521110693,123729.5321691672,2.31059,2.315620121741065
13.163,-22164.0,2.2841057350393066,122030,2.308203138056404,123537.6332935564,2.30771,2.3126134369307625
13.168,-22159.0,2.2817962246904298,121875,2.305217454312261,123350.21538372974,2.30469,2.326574458895008
13.172,-22154.0,2.279486714341553,121728,2.3023117177908143,123167.10333800151,2.30168,2.3019292743446185
13.176,-22147.0,2.276253399853125,121575,2.299421863052109,122987.90628820816,2.29879,2.3231015246295885
13.181,-22140.0,2.2730200853646974,121434,2.2964913994203444,122812.51604999296,2.29566,2.304901842060846
13.185,-22134.0,2.270248672946045,121293,2.2935524347279004,122641.19193453914,2.29266,2.3084704817807626
13.19,-22126.0,2.266553456387842,121159,2.290578667647704,122473.8670064381,2.28968,2.29546019829002
13.194,-22120.0,2.2637820439691896,121023,2.2875742130329324,122310.3640095807,2.28671,2.2878493618295703
13.198,-22114.0,2.261010631550537,120889,2.2845973121144185,122150.23105871031,2.28388,2.2977791980619267
13.203,-22109.0,2.25870112120166,120759,2.2816720135347746,121993.4244015156,2.2809,2.2879937227906364
13.207,-22103.0,2.255929708783008,120633,2.278792216102049,121840.02369352554,2.27793,2.2900589188635703
13.211,-22097.0,2.253158296364356,120507,2.2759252335492306,121689.86270262436,2.27511,2.3076624345124115
13.216,-22092.0,2.2508487860154784,120384,2.2730968571598607,121542.73573371887,2.27217,2.305190853605506
13.22,-22085.0,2.247615471527051,120263,2.2702752158938844,121398.579646828,2.26923,2.2773759987106112
13.224,-22076.0,2.243458352899072,120141,2.2673502876324165,121257.1022977235,2.26631,2.291232056521758
13.229,-22071.0,2.241148842550196,120017,2.2643888973886592,121117.80961420038,2.26353,2.2895617779761332
13.233,-22066.0,2.2388393322013185,119892,2.261504582030561,120980.26594057938,2.26047,2.2604795322085756
13.238,-22059.0,2.2356060177128905,119773,2.258633615728351,120844.56007002069,2.25743,2.2629288749507652
13.242,-22054.0,2.2332965073640136,119655,2.2557744201591428,120710.8885320383,2.25452,2.2602168169671453
13.247,-22049.0,2.230986997015137,119541,2.252980216509211,120579.30638472454,2.25163,2.2745359764008546
13.251,-22042.0,2.227753682526709,119430,2.2501887075758344,120449.98041118436,2.24863,2.2545295785225647
13.256,-22035.0,2.224520368038281,119319,2.2473449618532784,120322.82120536677,2.24577,2.273350867727323
13.26,-22030.0,2.2222108576894044,119212,2.244509768444072,120197.80904952424,2.24305,2.2503290782430403
13.264,-22022.0,2.218515641131201,119101,2.241654809718964,120074.6900876434,2.24022,2.253261846979774
13.269,-22016.0,2.215744228712549,118994,2.2387551161777868,119953.2404783245,2.23737,2.2561716418516267
13.273,-22012.0,2.213896620433448,118889,2.2359252028252947,119833.61755039444,2.23454,2.2468682456726343
13.277,-22004.0,2.210201403875244,118778,2.233102206318716,119715.36885696414,2.23182,2.2413695973556336
13.282,-21999.0,2.207891893526367,118670,2.230258002397953,119598.15456350708,2.22886,2.2421535894465996
13.286,-21994.0,2.2055823831774903,118558,2.227477017861989,119481.79325055717,2.22603,2.2279474952638663
13.291,-21986.0,2.201887166619287,118453,2.224669858635113,119366.36141833136,2.22309,2.2339348583315863
13.295,-21981.0,2.19957765627041,118341,2.2218396194765377,119251.74916986696,2.22015,2.2495364289809805
13.3,-21973.0,2.195882439712207,118234,2.2189890292372523,119137.74136705116,2.21732,2.2415711093946227
13.304,-21966.0,2.192649125223779,118122,2.2160658812266347,119024.26654337662,2.21437,2.2396281117574253
13.309,-21959.0,2.189415810735352,118012,2.2131060607461337,118911.08432997164,2.21154,2.237418483247601
13.313,-21955.0,2.18756820245625,117906,2.210195823102417,118798.51483450564,2.20859,2.2226242373865652
13.318,-21948.0,2.184334887967822,117800,2.20732930587895,118686.72208198856,2.20589,2.2210811638192087
13.322,-21943.0,2.1820253776189453,117697,2.204474033352572,118575.79158656944,2.20306,2.204965924150714
13.326,-21936.0,2.1787920631305178,117593,2.2016286760088293,118465.73963425212,2.20027,2.2187750323454027
13.331,-21930.0,2.176020650711865,117485,2.198764755079899,118356.1667636859,2.19748,2.198003779298944
13.335,-21924.0,2.173249238293213,117379,2.195911771875707,118246.89809594334,2.19456,2.222625723375897
13.34,-21916.0,2.16955402173501,117275,2.1930138202801355,118138.13413325576,2.19178,2.2207633745457924
13.344,-21911.0,2.1672445113861327,117172,2.1901035235699537,118029.9925541168,2.18899,2.2174192793122605
13.348,-21906.0,2.164935001037256,117065,2.18726426071197,117922.22241894294,2.18622,2.2084693523567553
13.353,-21900.0,2.162163588618604,116961,2.1844603265850013,117814.72069273572,2.18344,2.209234059835602
13.357,-21893.0,2.158930274130176,116857,2.181632931207307,117707.63299240835,2.18068,2.1907662486587847
13.361,-21888.0,2.156620763781299,116750,2.178812154963292,117600.73301350356,2.17792,2.1908202476641128
13.366,-21881.0,2.153387449292872,116642,2.1759972152410425,117493.76209122765,2.17519,2.1958217075673203
13.37,-21874.0,2.150154134804444,116536,2.1731328090641298,117386.78773095296,2.17244,2.178113027579857
13.375,-21868.0,2.147382722385791,116430,2.1702520915369123,117279.9285739655,2.16969,2.1930501595483154
13.379,-21865.0,2.145997016176465,116322,2.1674662170215,117173.05276443336,2.16693,2.198099874981189
13.383,-21858.0,2.142763701688037,116210,2.164736665325608,117065.80756688204,2.16418,2.1879704258896906
13.388,-21852.0,2.139992289269385,116100,2.1619748577875084,116958.1184210334,2.16142,2.1677042505109947
13.392,-21846.0,2.1372208768507326,115989,2.159211914618327,116850.0969344207,2.15866,2.1637364138821424
13.397,-21839.0,2.1339875623623046,115877,2.156420663640933,116741.66416649116,2.1559,2.1667890069124995
13.401,-21833.0,2.1312161499436524,115763,2.153604451823225,116632.6913928146,2.15315,2.1766536135692496
13.405,-21827.0,2.128444737525,115650,2.150793536853276,116523.1833434623,2.15041,2.150452287669024
13.41,-21820.0,2.125211423036572,115530,2.147959986011138,116412.84860225931,2.14765,2.1686153372226187
13.414,-21814.0,2.12244001061792,115410,2.1451064756445173,116301.37109116498,2.14477,2.14896147313457
13.419,-21808.0,2.119668598199268,115291,2.1422626721119347,116188.94504274044,2.14187,2.1610271203205853
13.423,-21804.0,2.117820989920166,115166,2.139482040624336,116075.38702011514,2.13912,2.166695470290951
13.428,-21797.0,2.1145876754317383,115041,2.1367298055997,115960.47615764188,2.13623,2.1596263110922793
13.433,-21791.0,2.111816263013086,114919,2.133947996691578,115844.54976025491,2.13334,2.162835231604052
13.437,-21784.0,2.108582948524658,114796,2.131140110562019,115727.84613431136,2.13058,2.159172157676092
13.442,-21777.0,2.1053496340362305,114667,2.128281923997711,115610.0433534881,2.12785,2.1552639599664336
13.446,-21772.0,2.1030401236873537,114538,2.125433997156716,115490.9166717522,2.12497,2.125067557093148
13.451,-21762.0,2.0984211029896,114409,2.122513197638038,115370.62262025652,2.12208,2.1396446699016596
13.455,-21758.0,2.096573494710498,114277,2.1195554479760137,115249.12187053284,2.11934,2.1463805775218407
13.459,-21751.0,2.0933401802220706,114144,2.116647036307977,115126.32062670884,2.11657,2.1274183440972263
13.464,-21746.0,2.0910306698731933,114009,2.11375482271809,115002.19530024544,2.11391,2.1234908443186984
13.468,-21741.0,2.0887211595243165,113866,2.110931504926381,114876.3112698075,2.11114,2.129405014502577
13.473,-21736.0,2.08641164917544,113729,2.108168937052286,114748.75824060378,2.10823,2.1299191197927207
13.477,-21729.0,2.083178334687012,113585,2.105405323445279,114619.6744289636,2.10546,2.1127730747899056
13.481,-21721.0,2.0794831181288087,113441,2.102558868402663,114488.82700485228,2.10268,2.1138697466671106
13.486,-21714.0,2.0762498036403807,113292,2.099639366664584,114356.12890164136,2.10001,2.1166344562119903
13.49,-21708.0,2.0734783912217285,113140,2.0967100677885737,114221.32599481504,2.09722,2.10951994022464
13.494,-21703.0,2.071168880872852,112981,2.093826743033702,114084.07597142264,2.09441,2.1211920240697997
13.499,-21697.0,2.0683974684541995,112817,2.0909839566591866,113943.95875702013,2.0916,2.093402884897484
13.503,-21690.0,2.0651641539657715,112645,2.0881223027214646,113800.54482718169,2.08877,2.1040868317268857
13.508,-21684.0,2.06239274154712,112469,2.0852440120230016,113653.5145596114,2.08582,2.089666042237871
13.512,-21677.0,2.059159427058692,112292,2.0823510516077914,113502.99994427204,2.08287,2.0986933395518648
13.517,-21671.0,2.056388014640039,112110,2.079445155946785,113349.0582479227,2.08004,2.081935192196262
13.521,-21664.0,2.0531547001516115,111918,2.076527854436115,113191.20790982204,2.07708,2.0850595458772436
13.526,-21656.0,2.049459483593408,111724,2.073545882747602,113029.20165865646,2.07411,2.080939425689538
13.53,-21651.0,2.047149973244532,111516,2.070561500042933,112862.5849895957,2.07125,2.074627010743707
13.535,-21642.0,2.042992854616553,111313,2.067547684939872,112691.37095787696,2.06826,2.070458652564898
13.539,-21637.0,2.040683344267676,111111,2.064507917372004,112516.45783611576,2.06539,2.0675943864486612
13.544,-21630.0,2.037450029779248,110912,2.06149987872016,112338.5194550543,2.0625,2.0647287279952344
13.548,-21626.0,2.0356024215001467,110705,2.0585471239707,112157.61791861818,2.0596,2.0617917507608308
13.553,-21618.0,2.031907204941944,110504,2.0556158101945265,111973.98534008049,2.05671,2.0568794312231407
13.557,-21611.0,2.028673890453516,110300,2.052621482977847,111788.12197583618,2.0538,2.057305144034971
13.561,-21605.0,2.025902478034863,110101,2.0496262055983503,111600.40981717066,2.05075,2.0517000581468006
13.566,-21595.0,2.021283457337109,109905,2.046548171053628,111411.54039509258,2.04783,2.050702123138344
13.57,-21589.0,2.0185120449184573,109710,2.0433971641201367,111221.88700799397,2.04503,2.048092770540746
13.574,-21585.0,2.016664436639356,109518,2.040345651362722,111031.77881740792,2.04208,2.0422347464290374
13.579,-21580.0,2.0143549262904785,109325,2.037409175556122,110841.38783172645,2.03911,2.043517117556722
13.583,-21571.0,2.0101978076625,109138,2.0344376030888625,110651.0430741568,2.03615,2.036727211205113
13.588,-21565.0,2.007426395243848,108956,2.03140777715918,110461.38937029958,2.03317,2.036557694064037
13.592,-21559.0,2.0046549828251954,108775,2.028408504697969,110272.69971794543,2.03033,2.031830682636116
13.596,-21550.0,2.0004978641972166,108593,2.0253542538774383,110084.86013266268,2.02731,2.028072869239782
13.6,-21543.0,1.997264549708789,108413,2.022224218604386,109897.82922434292,2.02445,2.026716518045217
13.605,-21537.0,1.9944931372901369,108231,2.0191092785827265,109711.51137923128,2.02143,2.0242870315255312
13.609,-21532.0,1.99218362694126,108053,2.016062261924984,109525.94052324054,2.01838,2.019144253818886
13.614,-21524.0,1.988488410383057,107872,2.01302052482968,109341.08745366264,2.01531,2.01836032866795
13.618,-21518.0,1.9857169979644045,107698,2.0099561366205965,109157.10377275804,2.01212,2.0218059802406105
13.622,-21510.0,1.982021781406201,107525,2.0068717754475243,108974.35962771482,2.00905,2.0104782654532967
13.627,-21504.0,1.979250368987549,107355,2.003769802809764,108792.94493185442,2.00612,2.007262242906242
13.631,-21495.0,1.9750932503595704,107183,2.000624994546992,108612.76161542286,2.00303,2.008613050393999
13.636,-21486.0,1.970936131731592,107012,1.9973604959758315,108433.60496912849,1.99995,2.0103458465065476
13.64,-21481.0,1.9686266213827148,106841,1.994099684448296,108255.41272223566,1.99669,2.005823040676241
13.645,-21476.0,1.966317111033838,106669,1.990951349820492,108078.01173178152,1.99357,1.9981983712333322
13.649,-21469.0,1.9630837965454104,106494,1.987847580512774,107901.07197413358,1.99031,1.9910674113560638
13.654,-21461.0,1.959388579987207,106329,1.984701188008949,107724.95273730769,1.98704,1.9939247485102345
13.658,-21453.0,1.955693363429004,106157,1.9814899054056268,107549.73435938504,1.9839,1.9866982208525985
13.663,-21447.0,1.952921951010352,105987,1.9782760178668883,107375.01474051084,1.98062,1.9849022961115221
13.667,-21440.0,1.949688636521924,105820,1.9750871398349763,107201.03049699849,1.97735,1.9836320197018562
13.672,-21430.0,1.94506961582417,105656,1.9718110885230289,107028.04938627756,1.97403,1.9837836704006362
13.676,-21422.0,1.9413743992659669,105496,1.968430864397692,106856.36662493032,1.97086,1.9820454115431523
13.681,-21416.0,1.9386029868473145,105335,1.9650680101031408,106686.0060550772,1.96769,1.9778904763087881
13.685,-21409.0,1.935369672358887,105175,1.9617477783692348,106516.8113476781,1.96451,1.9888246573970947
13.689,-21403.0,1.9325982599402345,105017,1.9584651297262567,106348.8220094172,1.9613,1.9669943259269511
13.694,-21395.0,1.928903043382032,104862,1.955188314096924,106182.19111070895,1.95824,1.9834414405411207
13.698,-21389.0,1.926131630963379,104699,1.951916641816063,106016.46244974424,1.95504,1.956622011004987
13.703,-21381.0,1.922436414405176,104544,1.9486495047609225,105851.52935062854,1.95182,1.9566152794469687
13.707,-21374.0,1.919203099916748,104387,1.9453590602617807,105687.65245465448,1.94858,1.9573719661256828
13.711,-21366.0,1.915507883358545,104228,1.9420480640695004,105524.47041227044,1.94539,1.9581606638909292
13.716,-21359.0,1.9122745688701173,104067,1.9387189461093028,105361.66459801498,1.94216,1.948449576893036
13.72,-21353.0,1.9095031564514648,103906,1.9354284619011768,105199.0722938376,1.93892,1.940833583326559
13.725,-21344.0,1.9053460378234863,103746,1.932117430694896,105036.7273728155,1.93568,1.960542599311001
13.729,-21339.0,1.9030365274746093,103588,1.9288155883088085,104874.77793784434,1.93243,1.9464412536270383
13.733,-21331.0,1.8993413109164063,103430,1.925549154752883,104713.2954635069,1.92917,1.9577723429044052
13.738,-21323.0,1.8956460943582032,103274,1.9222320241266333,104552.34297360331,1.92593,1.9316465090220196
13.742,-21318.0,1.893336584009326,103115,1.918952109932485,104391.79868813534,1.92271,1.9340012121152639
13.746,-21308.0,1.8887175633115725,102953,1.9156503989967464,104231.25963875058,1.91947,1.9372569569349056
13.751,-21301.0,1.8854842488231445,102789,1.912274855556212,104070.4296193746,1.91609,1.9408597346749175
13.755,-21294.0,1.882250934334717,102620,1.9089161285266567,103908.92921100253,1.91285,1.9221009602253551
13.76,-21287.0,1.879017619846289,102453,1.9055722296231767,103746.66032474751,1.90933,1.913733964327299
13.765,-21282.0,1.876708109497412,102283,1.9022960185418047,103583.65470403698,1.90607,1.9220322930632348
13.769,-21273.0,1.8725509908694336,102120,1.8990248793303008,103420.23592610788,1.9027,1.9259873452165124
13.774,-21266.0,1.869317676381006,101955,1.8957035994206948,103256.74842750646,1.89946,1.9150427801071137
13.778,-21257.0,1.865160557753028,101786,1.8923381071881424,103092.84562902265,1.89622,1.9025950690478453
13.782,-21251.0,1.862389145334375,101617,1.8889609365158169,102928.34016396308,1.893,1.898580375905104
13.787,-21240.0,1.8573082225668456,101447,1.8855188553051725,102763.24417108932,1.88961,1.9202934957520827
13.791,-21235.0,1.8549987122179687,101280,1.882046844688632,102597.7457061312,1.88651,1.9130018538628826
13.796,-21230.0,1.852689201869092,101104,1.8787122820527908,102431.53765090842,1.88326,1.9147033594642497
13.8,-21222.0,1.8489939853108888,100928,1.8754169969191297,102264.17184710335,1.88001,1.902256480528601
13.804,-21215.0,1.845760670822461,100755,1.8721017324237583,102095.96253307456,1.87675,1.9084727456391315
13.809,-21208.0,1.8425273563340328,100574,1.8687961572706489,101926.71385409305,1.8735,1.9066334062373573
13.813,-21200.0,1.83883213977583,100394,1.865471819394168,101756.13487747876,1.87025,1.8927318573187666
13.817,-21194.0,1.8360607273571776,100211,1.862158243649303,101584.26465590455,1.86697,1.8974328051472318
13.822,-21185.0,1.8319036087292,100027,1.858826851129392,101411.01938986362,1.86385,1.8911078637995327
13.826,-21178.0,1.8286702942407715,99841,1.8554524419489395,101236.38430526412,1.86059,1.8861597445043707
13.83,-21171.0,1.825436979752344,99650,1.852094715070458,101060.10990523618,1.85747,1.8803464949009059
13.835,-21165.0,1.822665567333692,99457,1.8487790045136336,100881.97619212112,1.8542,1.871770245657458
13.839,-21159.0,1.8198941549150391,99265,1.845527648935532,100702.14388402298,1.85093,1.8597948431992821
13.843,-21152.0,1.816660840426612,99067,1.8423057328902044,100520.518226984,1.84782,1.8518703751823238
13.848,-21144.0,1.812965623868408,98860,1.8390551627040568,100336.42449628664,1.84454,1.856847168961906
13.852,-21136.0,1.809270407310205,98651,1.8357520198453148,100149.50421274189,1.84128,1.8515055044441726
13.857,-21128.0,1.805575190752002,98434,1.8324025202331369,99959.50039927142,1.83786,1.8447108842829176
13.861,-21120.0,1.801879974193799,98214,1.829012144848758,99766.12734503168,1.8346,1.841976822353394
13.865,-21115.0,1.799570463844922,97979,1.8256676459754344,99568.71929835997,1.83133,1.8389093078403822
13.87,-21108.0,1.796337149356494,97746,1.822390905861529,99366.98480959208,1.82793,1.8299545858513215
13.875,-21100.0,1.792641932798291,97509,1.8190919937193064,99161.317179927,1.82449,1.838381046735363
13.879,-21092.0,1.7889467162400878,97273,1.8157462246057487,98952.00409127958,1.82121,1.8470515122253077
13.883,-21086.0,1.7861753038214356,97025,1.812413751541728,98738.82627237304,1.81793,1.8466624349015262
13.888,-21077.0,1.7820181851934571,96774,1.809065696023316,98521.35390783518,1.81466,1.8427937851113516
13.892,-21070.0,1.778784870705029,96521,1.8056765939905712,98299.79917540064,1.8114,1.8424240003009433
13.897,-21062.0,1.7750896541468262,96255,1.8022786050179365,98073.75799203868,1.80816,1.8318261100467828
13.901,-21055.0,1.7718563396583984,95988,1.7988727798509263,97842.93316879027,1.80492,1.8361190452256126
13.905,-21049.0,1.7690849272397462,95713,1.795514657896852,97607.35824175928,1.8018,1.8024198036160135
13.91,-21042.0,1.7658516127513184,95430,1.7921985989761162,97366.648960133,1.79857,1.8220357714704747
13.914,-21036.0,1.763080200332666,95146,1.7889196297746002,97120.88032669686,1.79531,1.8199452525154218
13.919,-21027.0,1.7589230817046877,94857,1.7856187521004836,96870.29582848972,1.79194,1.8057819508092934
13.923,-21020.0,1.75568976721626,94576,1.7822712498492923,96615.64222048728,1.78888,1.792911476722704
13.927,-21012.0,1.7519945506580568,94293,1.7789099421165715,96357.7553174362,1.78571,1.788474098778895
13.932,-21005.0,1.748761236169629,94016,1.7755364611905984,96097.25387690314,1.78253,1.785416595009306
13.936,-20998.0,1.7455279216812012,93743,1.772179552814618,95835.0382021654,1.77922,1.782489915316648
13.941,-20993.0,1.7432184113323244,93472,1.7688918704330574,95571.6656797372,1.77605,1.7793419347236257
13.945,-20984.0,1.7390612927043458,93206,1.7656106162281897,95307.68691105004,1.77274,1.7727784962655386
13.95,-20977.0,1.735827978215918,92951,1.7622804172693856,95044.11945386505,1.76944,1.7694984531091862
13.954,-20972.0,1.733518467867041,92708,1.7590162863225398,94782.2743769923,1.76602,1.7673035174825187
13.959,-20964.0,1.729823251308838,92486,1.7557831054015725,94523.89890926443,1.76289,1.7639729076315902
13.963,-20956.0,1.7261280347506347,92265,1.7524952957918076,94269.88340489962,1.75991,1.7618499521891078
13.968,-20949.0,1.7228947202622071,92052,1.7491866229532982,94020.24442110088,1.75679,1.7603672733120137
13.972,-20941.0,1.719199503704004,91845,1.7458595536456154,93775.292144421,1.7537,1.7581706516012263
13.976,-20934.0,1.7159661892155762,91633,1.7425162629715183,93534.53156040248,1.75073,1.7513585451515434
13.981,-20929.0,1.7136566788666991,91425,1.739240588205652,93297.4079477259,1.74748,1.7582838434454344
13.985,-20922.0,1.7104233643782716,91228,1.736024534794976,93064.37805079226,1.74411,1.74615404335088
13.99,-20916.0,1.7076519519596192,91043,1.7328337469725508,92836.31755010156,1.74102,1.765196875318697
13.994,-20908.0,1.703956735401416,90861,1.7296379310184935,92613.5256510699,1.73807,1.762505078897167
13.999,-20900.0,1.7002615188432129,90682,1.7263830685364407,92395.73412604549,1.73497,1.7585696280378789
14.003,-20891.0,1.6961044002152343,90511,1.72304883443228,92183.00204820507,1.73175,1.7551409737822121
14.007,-20885.0,1.693332987796582,90336,1.7196992260899469,91974.96768443844,1.72866,1.7534868360437597
14.012,-20877.0,1.689637771238379,90172,1.7163633677275765,91771.48942326772,1.72556,1.7272232133387408
14.016,-20871.0,1.6868663588197266,90009,1.7130396336191085,91572.73798360636,1.72247,1.7376358287213693
14.021,-20865.0,1.6840949464010742,89848,1.7097812031523456,91378.331842875,1.71938,1.7277795169277144
14.025,-20857.0,1.6803997298428712,89688,1.7065257422681297,91187.93458773827,1.71625,1.7270488540538926
14.03,-20849.0,1.676704513284668,89530,1.7032182869620005,91001.24958062258,1.713,1.7130723395495122
14.034,-20845.0,1.6748569050055664,89384,1.699974210576721,90818.66554820872,1.70974,1.7101370058142673
14.039,-20834.0,1.6697759822380371,89238,1.6967041001738703,90640.40702136334,1.70662,1.7234403003405312
14.043,-20828.0,1.6670045698193847,89096,1.6933564209836998,90466.19904441253,1.70348,1.7190113331054475
14.047,-20820.0,1.6633093532611816,88954,1.6900222636805815,90295.7991710101,1.70036,1.7124097031851444
14.052,-20813.0,1.660076038772754,88818,1.6866727230587362,90129.1118551988,1.69724,1.721838929632331
14.056,-20808.0,1.657766528423877,88680,1.6833915373064114,89965.93461308307,1.69425,1.7215936904124471
14.06,-20800.0,1.6540713118656738,88545,1.6801433180513925,89805.91154921697,1.6911,1.720460762409928
14.065,-20794.0,1.6512998994470216,88414,1.676896861058394,89649.0835517642,1.68783,1.7167353343687581
14.069,-20786.0,1.6476046828888185,88283,1.6736519579667275,89495.30932229251,1.68468,1.7127006832988667
14.074,-20780.0,1.644833270470166,88155,1.6704084250511886,89344.40515136335,1.68152,1.702743224640811
14.078,-20771.0,1.6406761518421875,88028,1.667138793861045,89196.2681677834,1.67838,1.6829104111771938
14.083,-20764.0,1.6374428373537595,87904,1.663818843672203,89050.80766331383,1.67525,1.6879325525067572
14.087,-20757.0,1.6342095228653322,87783,1.6605091368376297,88908.06188938062,1.67224,1.6946856246713153
14.091,-20751.0,1.6314381104466795,87661,1.657235768684671,88767.82810517057,1.66908,1.676170319666523
14.096,-20746.0,1.6291286000978027,87541,1.654049055613237,88629.86842349143,1.66594,1.6738613544823444
14.1,-20737.0,1.6249714814698242,87422,1.6508568326328232,88494.09131848923,1.66278,1.6770840156992763
14.104,-20730.0,1.6217381669813966,87305,1.647605138309912,88360.41608585058,1.65961,1.6712443910864647
14.109,-20723.0,1.6185048524929688,87187,1.644355617122961,88228.65332852515,1.65646,1.6655511209334648
14.113,-20715.0,1.6148096359347657,87071,1.641080705683447,88098.63604278401,1.65332,1.6625762427033268
14.118,-20708.0,1.611576321446338,86956,1.637783406002675,87970.33520534475,1.65015,1.6597464291810025
14.122,-20701.0,1.60834300695791,86843,1.6344936715979954,87843.72522448677,1.64686,1.6581789410737238
14.126,-20692.0,1.6041858883299316,86732,1.631155995094065,87718.84265171878,1.64385,1.6579210842556318
14.131,-20688.0,1.60233828005083,86617,1.6278579642598692,87595.3650125047,1.6407,1.658830644104915
14.135,-20679.0,1.5981811614228516,86508,1.6245948915977788,87473.24442960885,1.63739,1.6459430439175247
14.14,-20674.0,1.5958716510739746,86401,1.6213353373872477,87352.79339093533,1.63425,1.6395700007698022
14.144,-20668.0,1.5931002386553224,86295,1.6181608049695917,87233.9918504578,1.63114,1.6493743287406566
14.148,-20660.0,1.5894050220971192,86189,1.6149793224658546,87116.7038974928,1.62799,1.6578058987268895
14.153,-20653.0,1.5861717076086914,86085,1.6117644051698017,87000.86880812616,1.62501,1.6476120137765302
14.157,-20646.0,1.5829383931202636,85978,1.6085473126854817,86886.2556859309,1.62189,1.6219845995641546
14.161,-20640.0,1.5801669807016114,85869,1.6053556086440717,86772.42446488191,1.61863,1.6405318922385255
14.166,-20632.0,1.5764717641434085,85761,1.602158984799993,86659.22357966015,1.6155,1.626747313698198
14.17,-20626.0,1.573700351724756,85655,1.598958022845106,86546.75585483067,1.61241,1.6237061729934594
14.175,-20619.0,1.570467037236328,85545,1.5957805421432898,86434.81637053,1.60917,1.6254009690452726
14.179,-20611.0,1.566771820678125,85441,1.592569153496928,86323.46090514245,1.60594,1.6278415099439814
14.184,-20604.0,1.5635385061896974,85337,1.5893278660048886,86212.97511169629,1.60286,1.61334040121269
14.188,-20597.0,1.5603051917012696,85231,1.586087521199296,86103.13792991299,1.59994,1.6087100228556357
14.192,-20590.0,1.5570718772128418,85127,1.5828480076218114,85993.87267132565,1.59686,1.6166666689607725
14.197,-20583.0,1.553838562724414,85023,1.5796092269923498,85885.2299495074,1.59378,1.6180626107556957
14.201,-20577.0,1.5510671503057618,84919,1.5763983990991903,85777.13615895103,1.59084,1.5941826648512436
14.205,-20571.0,1.5482957378871094,84814,1.5732395254045275,85669.46727948396,1.58778,1.6049759963211885
14.21,-20564.0,1.5450624233986816,84710,1.5700991566661215,85562.17307183068,1.58471,1.6145471988531106
14.214,-20557.0,1.541829108910254,84607,1.566947798506026,85455.32747154104,1.58179,1.5939589849228386
14.218,-20550.0,1.5385957944218265,84502,1.563786750256261,85348.81832021795,1.57872,1.5839629625500573
14.223,-20543.0,1.5353624799333985,84397,1.560617157622591,85242.487603092,1.5758,1.6045667884699744
14.227,-20535.0,1.531667263375195,84287,1.5574127244002554,85136.01863604528,1.57273,1.5790865844353057
14.231,-20530.0,1.5293577530263185,84179,1.5542321828555858,85029.25041283648,1.56951,1.5902335147579887
14.236,-20523.0,1.5261244385378907,84071,1.5511000146092118,84922.33655075144,1.56659,1.570671559684923
14.24,-20515.0,1.5224292219796876,83964,1.547928580909417,84815.35338677025,1.56352,1.5894187501072967
14.245,-20509.0,1.5196578095610351,83857,1.544749830747271,84708.36823218582,1.56046,1.5833120462174648
14.249,-20502.0,1.5164244950726071,83748,1.5415919356314371,84601.26308756185,1.55754,1.5806437260764543
14.253,-20494.0,1.5127292785144044,83641,1.5383978168733166,84494.05213989603,1.55448,1.5771300887603696
14.257,-20486.0,1.5090340619562013,83530,1.5351444509195866,84386.62966399443,1.55142,1.570941863327375
14.262,-20482.0,1.5071864536770996,83418,1.53194806864322,84278.72508286744,1.54849,1.5704835587519064
14.266,-20474.0,1.5034912371188964,83304,1.5288019325908118,84170.21804593517,1.54543,1.55642787864069
14.271,-20468.0,1.5007198247002442,83193,1.5256454890139026,84061.2389018336,1.54238,1.5466024147615203
14.275,-20461.0,1.4974865102118164,83078,1.5225072630687757,83951.78435265963,1.53933,1.5679701537175665
14.279,-20455.0,1.494715097793164,82961,1.5193851007974737,83841.5559034498,1.53629,1.5364585393027377
14.284,-20446.0,1.4905579791651855,82843,1.516222490018341,83730.46770392382,1.53325,1.5372800148222554
14.288,-20439.0,1.487324664676758,82723,1.5129969067041662,83618.44405429164,1.5302,1.5336486111831928
14.293,-20433.0,1.4845532522581055,82605,1.5097977157444271,83505.59555730468,1.52716,1.5550422946815197
14.297,-20427.0,1.481781839839453,82480,1.5066491030927496,83391.72415163355,1.52411,1.5254018253113069
14.301,-20419.0,1.47808662328125,82353,1.5034904757367775,83276.41872409971,1.52095,1.527148484983658
14.306,-20414.0,1.4757771129323731,82230,1.500350324211257,83159.96706077886,1.51777,1.528876409188092
14.31,-20407.0,1.4725437984439451,82100,1.4972537704784026,83042.32733443183,1.51476,1.5161936315995534
14.315,-20399.0,1.4688485818857422,81970,1.4941137404174267,82923.22619366473,1.51162,1.5257281517027454
14.32,-20392.0,1.4656152673973144,81842,1.4909353744430671,82802.95466330665,1.50847,1.5338858382300335
14.324,-20386.0,1.4628438549786622,81715,1.4877778180906556,82681.82847632313,1.50546,1.5279563519634638
14.328,-20378.0,1.459148638420459,81578,1.4846113044905715,82559.416626288,1.50246,1.5224717140704063
14.333,-20371.0,1.4559153239320313,81441,1.4814095862529182,82435.27994933406,1.49934,1.5014131162936986
14.337,-20363.0,1.452220107373828,81305,1.4781768257907972,82309.68149741569,1.49634,1.5213667883104751
14.342,-20358.0,1.4499105970249513,81163,1.4749713062717276,82182.49851620877,1.49336,1.5208824603425297
14.346,-20351.0,1.4466772825365235,81027,1.4718171133166331,82053.91835220871,1.49038,1.5159199395169052
14.35,-20345.0,1.443905870117871,80880,1.4686808718915128,81923.81061404927,1.48739,1.5061455175867016
14.355,-20339.0,1.4411344576992189,80738,1.4655877659491394,81792.00120976321,1.48439,1.4967297177763537
14.359,-20331.0,1.4374392411410155,80589,1.4624780824780823,81658.57310070108,1.48141,1.5127398351726469
14.364,-20324.0,1.434205926652588,80434,1.459326475070807,81522.94914792328,1.47855,1.511374611782664
14.368,-20317.0,1.4309726121641602,80279,1.4561652070435511,81385.03427217653,1.47542,1.4849260616592734
14.372,-20312.0,1.428663101815283,80117,1.4530500335142131,81244.68551848605,1.47257,1.4909895422962993
14.377,-20304.0,1.4249678852570802,79947,1.4499481980610476,81101.30389494965,1.46944,1.48385135916549
14.381,-20298.0,1.4221964728384278,79777,1.4468308172111162,80954.77505313195,1.46643,1.4806308681805596
14.386,-20292.0,1.4194250604197751,79606,1.4437543418676932,80805.41198634345,1.46329,1.4843583992767047
14.39,-20285.0,1.4161917459313478,79432,1.440686629128369,80653.31332900244,1.46029,1.474902287494221
14.395,-20278.0,1.41295843144292,79252,1.4375993365002075,80498.27046651984,1.45742,1.4622667543377315
14.399,-20270.0,1.4092632148847168,79070,1.434467472559111,80340.15856720711,1.45442,1.4778767823457628
14.403,-20264.0,1.4064918024660644,78884,1.4313236136333591,80178.98579361968,1.45142,1.4667940923426124
14.408,-20257.0,1.4032584879776369,78686,1.4281964843957415,80014.16816924053,1.44844,1.4566075488573935
14.412,-20251.0,1.4004870755589844,78487,1.425084106815013,79845.36811608865,1.44545,1.451379784956024
14.417,-20245.0,1.397715663140332,78290,1.422012043180285,79673.11561321058,1.44245,1.4488439435606113
14.421,-20238.0,1.3944823486519042,78095,1.418948220532183,79498.05532988132,1.43946,1.4484355338430634
14.425,-20231.0,1.391249034163477,77899,1.4158643580511057,79320.57836084401,1.43647,1.4498686488357264
14.43,-20224.0,1.3880157196750489,77694,1.412762825142594,79140.37926846324,1.43347,1.453650337393595
14.434,-20217.0,1.384782405186621,77502,1.409645711066012,78958.01637202392,1.43036,1.4567330615341159
14.439,-20212.0,1.3824728948377445,77308,1.4065694709540462,78774.39579982695,1.42752,1.4552716891434583
14.443,-20204.0,1.3787776782795411,77120,1.4035019656336358,78589.90272249733,1.42455,1.443996142217224
14.447,-20199.0,1.376468167930664,76932,1.4004421623484933,78404.9950048851,1.42157,1.4458173345473728
14.452,-20191.0,1.372772951372461,76746,1.3973891504500582,78219.83990669393,1.41858,1.4467567316693914
14.456,-20184.0,1.3695396368840331,76565,1.3942875140636404,78034.88049869791,1.41561,1.4269868605350817
14.46,-20180.0,1.3676920286049317,76385,1.391252228088555,77850.4483478916,1.41263,1.4345058998533124
14.465,-20173.0,1.364458714116504,76212,1.388275447597528,77666.95405330884,1.40978,1.412058895324113
14.469,-20166.0,1.361225399628076,76039,1.3852683358619375,77484.70054949351,1.40681,1.4082280206197184
14.473,-20158.0,1.3575301830698732,75869,1.382207172642025,77303.71848399608,1.404,1.404126346922066
14.478,-20153.0,1.355220672720996,75694,1.3791529616004288,77123.73929377292,1.40103,1.4011729686972774
14.482,-20147.0,1.3524492603023437,75523,1.3761594936442476,76944.58528667426,1.39807,1.4000826505630881
14.486,-20140.0,1.349215945813916,75348,1.3731649739307612,76766.15889734261,1.3951,1.3951437570969456
14.491,-20133.0,1.3459826313254883,75179,1.3701422203660405,76588.49233083543,1.39201,1.3920885111648873
14.496,-20127.0,1.343211218906836,75013,1.3671218776219325,76412.02780623389,1.3889,1.3890875593935823
14.5,-20119.0,1.3395160023486328,74853,1.3640763542073189,76237.15525693682,1.38595,1.3926996524280906
14.504,-20113.0,1.3367445899299806,74692,1.361008627353612,76063.98204305785,1.38313,1.3936561114979407
14.509,-20106.0,1.3335112754415528,74531,1.3579486287281166,75892.24812662494,1.38018,1.3916108884305112
14.513,-20097.0,1.3293541568135745,74374,1.3548135252406412,75722.01980218952,1.37709,1.395086539891503
14.518,-20093.0,1.3275065485344726,74214,1.3516941162438512,75553.17817378807,1.37415,1.3983041979768378
14.522,-20087.0,1.3247351361158204,74060,1.3486704654475734,75385.73663789174,1.37119,1.3983845478652543
14.526,-20081.0,1.321963723697168,73908,1.345676638004136,75220.00259402991,1.36836,1.371229005722264
14.531,-20073.0,1.3182685071389648,73755,1.342654494859057,75055.83327462956,1.3654000000000002,1.3769559132578824
14.535,-20066.0,1.315035192650537,73602,1.339580077465274,74892.98455741751,1.36246,1.3670388059910064
14.539,-20061.0,1.3127256823016602,73447,1.336541485802574,74731.18206647002,1.35937,1.3679599188230083
14.544,-20053.0,1.309030465743457,73299,1.3335071775747531,74570.59768842648,1.35642,1.3667262132770344
14.548,-20047.0,1.3062590533248046,73147,1.3304493398825286,74411.2647521499,1.3535,1.366102481406088
14.553,-20041.0,1.3034876409061524,72999,1.3274253676237744,74253.03529367963,1.35054,1.366553641352863
14.557,-20034.0,1.3002543264177246,72853,1.3244039502776723,74096.13354792824,1.34773,1.3592512423700278
14.561,-20028.0,1.2974829139990722,72704,1.3213847857646497,73940.34341565732,1.3447900000000002,1.346957591883531
14.566,-20021.0,1.2942495995106449,72558,1.318367607721448,73785.53346547502,1.34187,1.3574328791483175
14.57,-20015.0,1.2914781870919922,72414,1.3153521812782167,73631.88339274033,1.33891,1.3471442257496429
14.574,-20010.0,1.2891686767431152,72267,1.3123929122313682,73479.19694218373,1.3359800000000002,1.3431956581161115
14.579,-20002.0,1.285473460184912,72118,1.3094285479261838,73327.0645931474,1.33319,1.3602300969043593
14.583,-19996.0,1.2827020477662598,71972,1.3064323843512495,73175.47994894921,1.33026,1.339168264472503
14.588,-19991.0,1.2803925374173828,71827,1.3034901006314163,73024.61472140973,1.3273,1.328752223452058
14.592,-19983.0,1.2766973208591796,71674,1.3005407133965918,72873.97002866579,1.32437,1.341375055417379
14.597,-19977.0,1.2739259084405274,71522,1.2975577560811755,72723.10597404899,1.32131,1.322089814499323
14.601,-19969.0,1.2702306918823243,71367,1.2945451978367608,72571.93025897047,1.3182200000000002,1.3378430225395102
14.606,-19965.0,1.2683830836032226,71217,1.291561151419592,72420.5979673359,1.31513,1.316045568266632
14.61,-19957.0,1.2646878670450197,71072,1.288602245739623,72269.71878591669,1.31206,1.3262043096547058
14.615,-19950.0,1.261454552556592,70923,1.2855835889422336,72119.29825871688,1.3091,1.3106476623214018
14.619,-19943.0,1.258221238068164,70773,1.2825395521367742,71968.98656986174,1.30614,1.306290867468916
14.623,-19938.0,1.255911727719287,70624,1.2795277490197692,71818.77085087188,1.3031899999999998,1.314307101455367
14.628,-19930.0,1.252216511161084,70480,1.2765170619994377,71668.99445915464,1.30024,1.3004530986156981
14.632,-19925.0,1.249907000812207,70333,1.2735073591143184,71519.72368573493,1.29726,1.3074938560228493
14.636,-19919.0,1.2471355883935549,70189,1.2705531369018626,71370.89874893706,1.29443,1.2944913009723038
14.641,-19912.0,1.243902273905127,70042,1.2675932227196416,71222.46693535948,1.29148,1.3035669400949037
14.645,-19906.0,1.241130861486475,69890,1.2646282895565333,71073.90882497934,1.28849,1.2964557120695555
14.65,-19899.0,1.2378975469980469,69743,1.2616589308307131,70925.2393504732,1.28552,1.2944994914688563
14.654,-19893.0,1.2351261345793945,69593,1.2586856697976814,70776.58991375053,1.28257,1.2947652667841154
14.658,-19886.0,1.231892820090967,69440,1.25570896784593,70627.60344126346,1.27962,1.2862190994029257
14.663,-19881.0,1.2295833097420898,69285,1.2527565382600163,70478.02419537926,1.27678,1.2920136010831
14.667,-19874.0,1.226349995253662,69132,1.2498255112017445,70327.92226253895,1.27383,1.2807606654041805
14.671,-19869.0,1.2240404849047852,68978,1.246913356147648,70177.418559925,1.27088,1.2868353982961303
14.676,-19863.0,1.2212690724861328,68819,1.2440451482184227,70026.20588631957,1.26791,1.2808255582080261
14.68,-19855.0,1.2175738559279297,68658,1.2411337719900597,69873.9542449803,1.26509,1.2766571905842603
14.684,-19847.0,1.2138786393697265,68500,1.238129718561077,69720.84559544154,1.26203,1.2884044113780606
14.689,-19843.0,1.212031031090625,68338,1.2351531713942316,69566.92214849452,1.25924,1.2718786993436446
14.693,-19836.0,1.2087977166021973,68172,1.2322281847405006,69411.80730236415,1.25631,1.2747597808990818
14.697,-19831.0,1.2064882062533204,68004,1.2293213559049534,69255.28721750384,1.25351,1.2646362482425852
14.702,-19824.0,1.2032548917648926,67835,1.2264305380016816,69097.35068983426,1.25057,1.2569423338450973
14.706,-19819.0,1.2009453814160156,67664,1.2235538379813915,68937.98783998811,1.24764,1.2745181164158452
14.711,-19811.0,1.1972501648578124,67486,1.220662280170847,68776.8352522984,1.2447,1.2762215901580536
14.715,-19806.0,1.1949406545089356,67302,1.217757621277831,68613.33600988523,1.24179,1.2468170013369135
14.72,-19799.0,1.1917073400205078,67120,1.2148687167543804,68447.53109939871,1.23875,1.2552176108055852
14.724,-19792.0,1.18847402553208,66932,1.211939090989365,68279.45666144078,1.23583,1.2590197707047068
14.728,-19786.0,1.1857026131134278,66740,1.2090008650986666,68108.78985915211,1.2329,1.2516794931169486
14.733,-19780.0,1.1829312006947754,66549,1.2060823623646193,67935.65984800526,1.22985,1.2322947564828044
14.737,-19772.0,1.1792359841365725,66352,1.2031266379273655,67760.06227800714,1.22692,1.2272376567370624
14.742,-19768.0,1.1773883758574708,66155,1.200192705583826,67581.93419608775,1.22398,1.2381295405942685
14.746,-19763.0,1.1750788655085938,65952,1.1973599080949842,67401.22009242038,1.22106,1.251930295918302
14.75,-19754.0,1.1709217468806152,65740,1.194479755560849,67217.33896379435,1.21816,1.228767724250717
14.755,-19748.0,1.1681503344619628,65516,1.1915305405472494,67029.42379740976,1.21524,1.2214764654980375
14.76,-19741.0,1.1649170199735353,65290,1.188575041538755,66837.12391332937,1.21218,1.232358985403343
14.764,-19734.0,1.1616837054851077,65059,1.185586695073975,66640.54391596846,1.20913,1.2407452673429196
14.769,-19729.0,1.1593741951362304,64832,1.1826239977616424,66440.1307462454,1.20607,1.2176142322570143
14.773,-19722.0,1.1561408806478028,64597,1.1796839169794782,66236.1011489184,1.20326,1.2264121933265562
14.777,-19716.0,1.1533694682291504,64357,1.1767364722184392,66028.1141853967,1.20034,1.211310275948786
14.782,-19712.0,1.1515218599500487,64114,1.1738644535017713,65816.16481488106,1.19743,1.2071033110639158
14.786,-19705.0,1.1482885454616212,63856,1.1710316363983513,65599.65741859571,1.19449,1.2057151013623921
14.79,-19700.0,1.145979035112744,63600,1.1682060794652398,65378.36238761587,1.19156,1.206575373307476
14.795,-19691.0,1.1418219164847656,63326,1.165332311401213,65151.89990858853,1.18863,1.2004552393857373
14.799,-19684.0,1.1385886019963378,63050,1.16236141954297,64919.69860572484,1.18569,1.192437142747128
14.804,-19679.0,1.136279091647461,62766,1.1594141130953506,64681.845833709536,1.18275,1.2124841329007021
14.808,-19673.0,1.1335076792288086,62475,1.1565149098904053,64438.12303187693,1.17996,1.1911741172577128
14.812,-19667.0,1.1307362668101564,62180,1.1536308160028654,64188.57395062657,1.17703,1.182256833857656
14.817,-19660.0,1.1275029523217286,61894,1.1507327385374486,63934.18304589755,1.1741,1.1792496573179618
14.821,-19653.0,1.1242696378333008,61596,1.1477950243913788,63675.34543750342,1.1711399999999998,1.178019078730547
14.825,-19648.0,1.1219601274844238,61301,1.1448769728959391,63412.05482396294,1.16821,1.1789886089806765
14.83,-19640.0,1.1182649109262208,61010,1.141948952793427,63145.25152720831,1.16512,1.1840675017233733
14.834,-19635.0,1.1159554005773438,60730,1.1390121427200552,62876.237629580464,1.16205,1.1850417331869976
14.839,-19627.0,1.1122601840191406,60458,1.1360675819562251,62606.39773157161,1.15897,1.1850897141634127
14.843,-19623.0,1.1104125757400392,60200,1.1331434933514717,62337.13007791109,1.15603,1.1667806621866152
14.848,-19616.0,1.1071792612516114,59952,1.1302647628325035,62069.78582694435,1.15321,1.1549908223577081
14.852,-19610.0,1.104407848832959,59709,1.1273714145988754,61805.02432651006,1.15025,1.1745459165410748
14.856,-19605.0,1.102098338484082,59476,1.124519789869558,61543.42696659039,1.14728,1.1546277873822774
14.861,-19597.0,1.098403121925879,59243,1.121650342578101,61285.21080965502,1.14445,1.1509104102470384
14.865,-19592.0,1.096093611577002,59017,1.1187651799714835,61030.389901644754,1.14149,1.1469024322827446
14.87,-19584.0,1.0923983950187988,58801,1.1158661601467703,60779.56780175585,1.1384,1.162191543767239
14.874,-19579.0,1.090088884669922,58585,1.1129549215093,60532.86288570473,1.13546,1.15269345111398
14.878,-19573.0,1.0873174722512695,58379,1.110087521644369,60290.37953307925,1.13264,1.1372684501190644
14.883,-19566.0,1.0840841577628415,58184,1.107204164387222,60052.86007353996,1.12968,1.1361644126385237
14.887,-19562.0,1.0822365494837405,57989,1.1043613493533309,59820.36789357786,1.1267200000000002,1.1285912499785855
14.891,-19554.0,1.078541332925537,57805,1.1015269765930067,59592.95888519517,1.12375,1.126953855060139
14.896,-19546.0,1.074846116367334,57620,1.0985908221428136,59370.62321461726,1.12078,1.1233692538924516
14.9,-19541.0,1.0725366060184571,57444,1.09564683948469,59153.23397596895,1.11783,1.117862264615283
14.904,-19535.0,1.0697651935998047,57272,1.0927505670816715,58940.97485505237,1.11502,1.1385571317117416
14.909,-19530.0,1.0674556832509277,57097,1.089896363921532,58733.29841084723,1.1122,1.1264618857380833
14.913,-19524.0,1.0646842708322757,56928,1.0870792559559683,58529.84016370485,1.10909,1.1154723780930302
14.918,-19519.0,1.0623747604833984,56759,1.0842948572422593,58330.45608034539,1.10612,1.1330632441910513
14.922,-19512.0,1.0591414459949706,56590,1.0815119939604825,58134.66445284967,1.10314,1.116386609005961
14.927,-19505.0,1.055908131506543,56426,1.078675871672682,57942.33611492271,1.1000100000000002,1.1051494138151332
14.931,-19499.0,1.0531367190878906,56267,1.0758200938947489,57753.652759207136,1.09689,1.1061825178253095
14.936,-19493.0,1.0503653066692382,56112,1.0729742910377658,57568.71547855582,1.09379,1.102081775024657
14.94,-19485.0,1.0466700901110353,55964,1.0700826708225235,57387.73164792378,1.09068,1.0946806248392913
14.945,-19480.0,1.0443605797621582,55812,1.0671779569032172,57210.41118415121,1.0877,1.0883232928807367
14.949,-19474.0,1.0415891673435058,55665,1.064316310307736,57036.380067206366,1.08458,1.0854062380462726
14.954,-19467.0,1.0383558528550785,55524,1.0614380260834055,56865.899673213615,1.08159,1.0818064164902468
14.958,-19462.0,1.0360463425062012,55382,1.0585723778250984,56698.84577016024,1.0785900000000002,1.0805102762364704
14.963,-19455.0,1.0328130280177734,55239,1.0557178715219635,56534.69499279796,1.07548,1.079697483208911
14.967,-19449.0,1.0300416155991212,55104,1.0528458833589784,56373.51791243827,1.0725,1.077694715156654
14.972,-19443.0,1.0272702031804688,54971,1.0499857867484947,56215.554108600445,1.06938,1.0722869965011779
14.976,-19436.0,1.024036888692041,54842,1.0471088692470034,56060.77836457866,1.06653,1.0758552563623596
14.98,-19430.0,1.0212654762733886,54709,1.0442171196691028,55908.813740774494,1.0635400000000002,1.0762701398473948
14.985,-19422.0,1.0175702597151857,54579,1.0412849852340669,55759.26874756819,1.06042,1.0679369291406509
14.989,-19418.0,1.015722651436084,54455,1.0383718537336708,55612.38935700928,1.05741,1.0664657430236089
14.994,-19411.0,1.0124893369476562,54330,1.035502784808074,55468.15598910272,1.05442,1.0675395685554545
14.998,-19406.0,1.0101798265987794,54207,1.032645262279545,55326.31490930038,1.05158,1.0540619490171865
15.002,-19400.0,1.007408414180127,54085,1.0298252274104327,55186.76061810131,1.04859,1.0607626620943533
15.007,-19393.0,1.0041750996916992,53960,1.0269836349585393,55049.10450272916,1.0456,1.0660373436918398
15.011,-19387.0,1.001403687273047,53835,1.0241230337802427,54912.94478056206,1.04262,1.0573631619472057
15.016,-19380.0,0.9981703727846192,53715,1.0212456713684106,54778.40011284355,1.03951,1.0498061369385883
15.02,-19374.0,0.9953989603659668,53599,1.018353529484052,54645.81160051916,1.03639,1.0436907879268584
15.024,-19370.0,0.9935513520868652,53484,1.0155302749197836,54515.2435449443,1.03341,1.0640155731645635
15.029,-19363.0,0.9903180375984376,53367,1.0127404563492068,54386.39794043219,1.03058,1.062997604323458
15.033,-19357.0,0.9875466251797852,53253,1.0099255075779892,54259.13025073216,1.02762,1.059083060662206
15.037,-19351.0,0.9847752127611328,53138,1.007115706318487,54133.37214620496,1.02479,1.0556445303853517
15.042,-19345.0,0.9820038003424804,53022,1.0043104439557085,54008.82690656242,1.02183,1.0526379533933983
15.046,-19339.0,0.9792323879238282,52908,1.0015091838341306,53885.41024637113,1.0188700000000002,1.0503182037096377
15.05,-19331.0,0.975537171365625,52791,0.9986568398531096,53762.929610873725,1.01591,1.0479853119743374
15.055,-19326.0,0.973227661016748,52677,0.995786758350527,53641.2743293825,1.01296,1.036994637354934
15.059,-19321.0,0.9709181506678712,52557,0.9929829558633204,53520.16946414353,1.01016,1.0136361942250636
15.064,-19315.0,0.9681467382492188,52438,0.9902102894574636,53399.2543498169,1.00707,1.0166816988742327
15.068,-19309.0,0.9653753258305664,52325,0.9874377713165264,53278.920373024506,1.00412,1.0216882798343705
15.072,-19303.0,0.962603913411914,52210,0.9846653839104372,53159.33529267896,1.00118,1.0249164806638527
15.077,-19297.0,0.9598325009932618,52095,0.9818931117817872,53040.29232836759,0.99823,1.0238225265529515
15.081,-19290.0,0.956599186504834,51979,0.9790936348525346,52921.668265714856,0.99528,1.0165735905215247
15.086,-19282.0,0.9529039699466308,51861,0.9762155567802222,52803.23622377675,0.99235,1.008302603928182
15.09,-19277.0,0.950594459597754,51744,0.9733227838513532,52684.91438162602,0.98941,0.9931990210868098
15.094,-19272.0,0.948284949248877,51627,0.9704989728539928,52566.748827210846,0.98647,0.9865583283858472
15.099,-19265.0,0.9450516347604492,51513,0.967681357191838,52448.8984340752,0.98352,0.9836555895398853
15.103,-19260.0,0.9427421244115722,51400,0.9648692043607018,52331.5624087796,0.98059,0.9980116073754968
15.108,-19255.0,0.9404326140626952,51284,0.9621164813603552,52214.56170035312,0.97764,0.9778439962280725
15.112,-19249.0,0.937661201644043,51169,0.9593888550687066,52097.738427879616,0.97481,0.9751586901785056
15.116,-19239.0,0.9330421809462892,51051,0.9565468259403608,51980.95337746072,0.97187,0.9817860901413801
15.121,-19234.0,0.9307326705974122,50934,0.9536312268194868,51864.083795124745,0.96893,0.9949506895110349
15.125,-19228.0,0.9279612581787596,50816,0.9507599820320132,51747.13967548557,0.96598,0.9792575612491747
15.129,-19225.0,0.9265755519694336,50693,0.947982460248904,51629.77512706131,0.96317,0.9659678983713017
15.134,-19218.0,0.923342237481006,50575,0.9452602737017244,51512.03985916312,0.9601,0.9643431796719654
15.138,-19211.0,0.9201089229925782,50457,0.942477654047252,51394.273290719175,0.95728,0.9731239483178047
15.142,-19206.0,0.9177994126437012,50331,0.939696359478008,51276.00618336355,0.95432,0.97245584721392
15.147,-19200.0,0.9150280002250488,50202,0.9369435397710504,51156.64742683993,0.95125,0.9574370980242037
15.151,-19192.0,0.9113327836668456,50073,0.934133908862163,51036.14873987146,0.94818,0.9502335244872488
15.156,-19186.0,0.9085613712481934,49948,0.9312741838121532,50914.88137149023,0.94523,0.9529439741979686
15.16,-19181.0,0.9062518608993164,49823,0.9284522068362356,50793.17267617519,0.9423,0.9533107473080448
15.165,-19175.0,0.903480448480664,49694,0.9256635147986126,50670.838364536045,0.93936,0.9510078471921757
15.169,-19170.0,0.9011709381317872,49562,0.9229041722614324,50547.53858440848,0.93642,0.945093512940271
15.174,-19163.0,0.8979376236433594,49432,0.9201434026442922,50423.32837036374,0.93335,0.9359742618466677
15.178,-19159.0,0.8960900153642578,49301,0.9174086811259362,50298.37448476672,0.93056,0.9308307904527714
15.182,-19152.0,0.8928567008758301,49168,0.9146969279147475,50172.58750327853,0.92761,0.9277495066932792
15.187,-19144.0,0.889161484317627,49030,0.9118962015646874,50045.6521050389,0.92467,0.9286211944560014
15.191,-19137.0,0.8859281698291992,48891,0.9090170217965804,49917.34936848222,0.92175,0.9259701863031389
15.196,-19133.0,0.8840805615500976,48750,0.9061778903271692,49787.66360838162,0.91868,0.9289496466577328
15.2,-19127.0,0.8813091491314453,48604,0.9034013785023104,49656.34452446005,0.91586,0.9440205579415271
15.204,-19122.0,0.8789996387825684,48457,0.9006527760529364,49523.2305280398,0.91279,0.9376343114619008
15.209,-19114.0,0.8753044222243652,48312,0.8978741702232855,49388.59295762943,0.90986,0.9302296490820089
15.213,-19110.0,0.8734568139452636,48162,0.8950964149051085,49252.43460049483,0.90704,0.9173285399166502
15.217,-19105.0,0.8711473035963867,48012,0.89240132888307,49114.63967955519,0.90408,0.9297114707014513
15.222,-19098.0,0.867913989107959,47855,0.8896972184251837,48974.98787181421,0.90115,0.9019741318345017
15.226,-19093.0,0.8656044787590821,47691,0.8869851505337709,48832.8710823378,0.8982000000000001,0.9183452122674086
15.231,-19085.0,0.8619092622008789,47528,0.8842387596061144,48688.22605335117,0.89524,0.9258301349116242
15.235,-19080.0,0.859599751852002,47361,0.8814621038193643,48541.17435854192,0.89228,0.9087954279904432
15.239,-19073.0,0.8563664373635742,47191,0.8786860679811657,48391.58672776785,0.88934,0.9196027645814169
15.244,-19068.0,0.8540569270146973,47018,0.8759105787920287,48239.40829251293,0.8865000000000001,0.9118503678128222
15.248,-19063.0,0.8517474166658203,46844,0.87319018451549,48084.7089064238,0.8835299999999999,0.9017473825624469
15.252,-19056.0,0.8485141021773926,46661,0.8704637581193833,47927.195459630806,0.8806,0.9088016076679051
15.257,-19049.0,0.8452807876889649,46477,0.867677399913652,47766.60949804965,0.87765,0.907661758141447
15.261,-19044.0,0.8429712773400879,46282,0.8648928088199904,47602.60489106679,0.87483,0.8764057063574247
15.265,-19038.0,0.8401998649214356,46082,0.8621370823525034,47434.63996316101,0.87175,0.8778912459237262
15.27,-19034.0,0.838352256642334,45882,0.8594341141562739,47262.88737507708,0.8688199999999999,0.8753750279624106
15.274,-19029.0,0.8360427462934571,45678,0.8568049728161595,47087.558490449504,0.8658699999999999,0.8677485310201116
15.279,-19021.0,0.8323475297352539,45474,0.8541317036360183,46908.83968237679,0.86293,0.8769577491967375
15.283,-19015.0,0.8295761173166016,45267,0.8513922176137264,46726.95440556982,0.8600300000000001,0.8837644107758336
15.288,-19009.0,0.8268047048979492,45062,0.8486489567805094,46542.21792941245,0.8571,0.8864652191023309
15.292,-19002.0,0.8235713904095215,44861,0.8458750610021248,46355.3220692597,0.85405,0.8817300275167075
15.296,-18997.0,0.8212618800606446,44660,0.8431014588432688,46166.75860902511,0.8511500000000001,0.8808087564031027
15.301,-18991.0,0.8184904676419922,44463,0.8403554220361348,45976.96118665205,0.84826,0.861392481678203
15.305,-18985.0,0.8157190552233399,44270,0.8376063849487777,45786.54863858041,0.8452200000000001,0.8749736726082102
15.31,-18979.0,0.8129476428046876,44078,0.8348547023187145,45595.88928105819,0.8423100000000001,0.8713565206875787
15.314,-18974.0,0.8106381324558105,43888,0.8321279933893825,45405.18964774248,0.8394299999999999,0.8462015022035894
15.319,-18969.0,0.8083286221069336,43707,0.8294506118486362,45215.10479200532,0.8365400000000001,0.8612875859343776
15.323,-18964.0,0.8060191117580566,43526,0.8268167254828042,45026.09408232279,0.8336399999999999,0.8395188780227532
15.327,-18957.0,0.802785797269629,43347,0.8241665787523258,44838.148752051326,0.8307599999999999,0.8595165902128294
15.332,-18950.0,0.7995524827812012,43168,0.8214474813016036,44651.26107106968,0.82789,0.8523953166748466
15.336,-18943.0,0.7963191682927735,42998,0.8186675855049027,44465.83804500798,0.82501,0.8396449503963298
15.341,-18939.0,0.7944715600136719,42828,0.8159159991869034,44282.23855726917,0.8222499999999999,0.8264850631456689
15.345,-18934.0,0.792162049664795,42664,0.8132439880786742,44100.60170655833,0.8193699999999999,0.8387352019460945
15.349,-18929.0,0.789852539315918,42498,0.8106148371733721,43920.93191047879,0.8165,0.8208294724057067
15.353,-18922.0,0.7866192248274902,42336,0.8079688660072194,43743.11482952457,0.8137300000000001,0.8146897345678547
15.358,-18917.0,0.7843097144786133,42176,0.8053080633203074,43567.28611268752,0.8108500000000001,0.8145190676685399
15.362,-18909.0,0.7806144979204102,42016,0.8026068762662127,43393.32890093896,0.8079799999999999,0.830260786855862
15.366,-18905.0,0.7787668896413086,41857,0.7998973861305441,43221.08103465608,0.8052300000000001,0.811015549419798
15.371,-18898.0,0.7755335751528809,41701,0.7972078810746862,43050.57687931813,0.80233,0.8179173470626114
15.375,-18894.0,0.7736859668737793,41545,0.794535998166827,42881.78761981153,0.7995700000000001,0.8273271040161116
15.379,-18888.0,0.770914554455127,41390,0.7919069603041504,42714.56961317684,0.79667,0.7979864539554719
15.384,-18883.0,0.76860504410625,41238,0.7892883952632895,42548.97355224281,0.79376,0.8038574264689371
15.388,-18876.0,0.7653717296178223,41083,0.786651758344067,42384.80766659221,0.79084,0.8195640259632258
15.392,-18869.0,0.7621384151293945,40930,0.7839445733748379,42221.84374234632,0.7880800000000001,0.8175107872760041
15.397,-18863.0,0.7593670027107422,40770,0.7812024880380624,42059.64407885779,0.7851699999999999,0.8154530724575465
15.401,-18858.0,0.7570574923618653,40613,0.7784842416680147,41897.88184432296,0.7819799999999999,0.7888721951701848
15.406,-18852.0,0.754286079943213,40456,0.7757870156693535,41736.68267161155,0.77904,0.807247823504834
15.411,-18845.0,0.7510527654547852,40307,0.7730537118063033,41576.45292640388,0.7759800000000001,0.7982565884891115
15.415,-18840.0,0.7487432551059082,40155,0.7703159021859982,41417.37357562511,0.77302,0.7859403559279153
15.419,-18834.0,0.7459718426872559,40001,0.7676014259939611,41259.013015638695,0.77007,0.7723195248057004
15.424,-18828.0,0.7432004302686035,39851,0.7648802179588486,41101.40449515762,0.76701,0.7795913426587723
15.428,-18821.0,0.7399671157801758,39703,0.7621257675705081,40944.813801329874,0.76406,0.7826944113688856
15.433,-18816.0,0.7376576054312989,39555,0.7593693116799929,40789.23882642476,0.76109,0.7647594174929532
15.437,-18810.0,0.7348861930126465,39409,0.7566383938556793,40634.67771191867,0.75814,0.7722137163058274
15.441,-18802.0,0.7311909764544434,39262,0.7538480752648341,40481.069701632754,0.7551699999999999,0.7575124663575858
15.446,-18796.0,0.728419564035791,39114,0.751005379144904,40328.18387069013,0.7521899999999999,0.7814890903090168
15.45,-18791.0,0.7261100536869141,38969,0.748198417687011,40176.05306715918,0.74922,0.7586434889516372
15.455,-18786.0,0.7238005433380371,38827,0.7454502722589571,40024.94272491338,0.7464,0.7555609265841703
15.459,-18780.0,0.7210291309193848,38682,0.7427266823112801,39874.73218992201,0.74343,0.7710194987346658
15.463,-18774.0,0.7182577185007324,38536,0.7399974380835568,39725.07860406914,0.74044,0.7624706998050935
15.468,-18767.0,0.7150244040123047,38392,0.7372359016601902,39575.97523398505,0.7374799999999999,0.7556553999745933
15.472,-18761.0,0.7122529915936524,38245,0.7344458911023085,39427.29790762375,0.73464,0.7648403438110842
15.476,-18756.0,0.7099434812447754,38097,0.731685385939842,39278.75978220329,0.7316499999999999,0.7401294191938866
15.481,-18748.0,0.7062482646865723,37949,0.7288962847119396,39130.28528193154,0.7286699999999999,0.7601049604995718
15.485,-18745.0,0.7048625584772461,37800,0.7261365813650086,38981.807766704645,0.72573,0.7304442569128952
15.49,-18736.0,0.7007054398492676,37653,0.7233754935983844,38833.38671039265,0.72262,0.7517932859893229
15.494,-18731.0,0.6983959295003906,37505,0.7205585722021691,38685.07455498479,0.7196199999999999,0.7213030987866331
15.498,-18725.0,0.6956245170817383,37356,0.7177743379988195,38536.7401898101,0.71665,0.7249828762643324
15.503,-18719.0,0.6928531046630859,37206,0.7149916197765536,38388.26800604093,0.71367,0.7423218617278576
15.507,-18711.0,0.6891578881048829,37058,0.7121556253971827,38239.73341602799,0.7106699999999999,0.7188609419124428
15.512,-18706.0,0.6868483777560058,36908,0.7092999604044525,38091.14379836068,0.7077,0.7375046854950418
15.516,-18700.0,0.6840769653373535,36757,0.706481563445775,37942.32830703012,0.7047399999999999,0.7161122544140995
15.52,-18695.0,0.6817674549884766,36608,0.7036960281427881,37793.37276555999,0.7017500000000001,0.728111964486325
15.525,-18689.0,0.6789960425698243,36458,0.7009394691043718,37644.35285014725,0.69889,0.724443844219294
15.529,-18683.0,0.6762246301511718,36306,0.6981811538795899,37495.09881983949,0.6959200000000001,0.7077839912726276
15.533,-18677.0,0.6734532177325195,36155,0.6954212901107771,37345.57923776585,0.69293,0.6986178806530234
15.538,-18669.0,0.6697580011743164,35996,0.6926054479932432,37195.41167960282,0.6900599999999999,0.7176548786029178
15.542,-18663.0,0.6669865887556641,35836,0.6897402461155672,37044.14070209343,0.68696,0.7047263607950651
15.547,-18658.0,0.6646770784067871,35676,0.6869134398635791,36891.83765040032,0.68401,0.6917336973444148
15.551,-18652.0,0.6619056659881348,35514,0.6841204895383514,36738.506316808045,0.68102,0.7024954909094309
15.555,-18644.0,0.6582104494299317,35336,0.6812754728466136,36583.20416686207,0.6780299999999999,0.6943570880123059
15.56,-18640.0,0.6563628411508301,35161,0.6784391587410068,36425.395693462975,0.6748000000000001,0.6993589395082263
15.565,-18633.0,0.6531295266624023,34991,0.6756378247212826,36265.8501704297,0.67168,0.6761844320741038
15.569,-18627.0,0.65035811424375,34826,0.6728127220276857,36105.36415144386,0.66866,0.6721657891412801
15.573,-18620.0,0.6471247997553223,34658,0.6699666609444961,35944.167070646385,0.6656900000000001,0.6675569742041061
15.578,-18614.0,0.6443533873366699,34483,0.6671021194826082,35781.7518263103,0.6628700000000001,0.6663685942406227
15.582,-18609.0,0.642043876987793,34308,0.6642758955622832,35617.84862596962,0.65987,0.6638919421633706
15.586,-18601.0,0.6383486604295898,34129,0.6614288458203775,35452.3969282076,0.6570199999999999,0.6620160828084658
15.591,-18595.0,0.6355772480109375,33943,0.6585361261453961,35284.92952792735,0.65404,0.6589965122308112
15.595,-18589.0,0.6328058355922852,33755,0.6556577492089847,35115.15269472569,0.6510199999999999,0.6541223942884808
15.6,-18582.0,0.6295725211038574,33569,0.6527647127521521,34943.339483930395,0.6479699999999999,0.6515285770800194
15.604,-18578.0,0.6277249128247558,33369,0.6499133629367648,34769.02125745924,0.645,0.6499490962435396
15.608,-18569.0,0.6235677941967773,33161,0.6470441580548459,34591.19361258312,0.6418699999999999,0.6489854253027036
15.613,-18564.0,0.6212582838479004,32957,0.6441319027482864,34410.03501507754,0.63869,0.646568018147105
15.618,-18557.0,0.6180249693594727,32750,0.6412362999716893,34225.99841684086,0.63567,0.6381855126673479
15.622,-18551.0,0.6152535569408203,32536,0.6383280743683523,34038.83292372478,0.6326499999999999,0.6408166986000364
15.626,-18545.0,0.612482144522168,32317,0.6354360248438439,33848.19907120427,0.6294500000000001,0.6383159128143203
15.631,-18538.0,0.6092488300337402,32090,0.6325309323745636,33653.73841387535,0.62639,0.6318594305532127
15.635,-18532.0,0.6064774176150879,31865,0.6296143390904111,33455.548708834955,0.62338,0.6271519535988584
15.64,-18526.0,0.6037060051964356,31634,0.6267149112361121,33253.83438968459,0.62033,0.6338065109400033
15.644,-18520.0,0.6009345927777832,31402,0.6238306192605888,33048.598366668506,0.6172599999999999,0.6188982030719724
15.648,-18514.0,0.5981631803591309,31157,0.6209596735763186,32839.42938415672,0.61422,0.6365514492388907
15.653,-18505.0,0.5940060617311523,30910,0.6180185768425787,32625.905693846864,0.6111500000000001,0.6319770167677647
15.657,-18501.0,0.5921584534520508,30658,0.6150702362507899,32408.128351940133,0.6082000000000001,0.6274814204570476
15.661,-18496.0,0.5898489431031738,30389,0.6122247340699754,32185.299705316866,0.60511,0.6195072767438825
15.666,-18489.0,0.5866156286147461,30116,0.6093879918769929,31956.775528607835,0.6020700000000001,0.6117906261251487
15.67,-18483.0,0.5838442161960937,29844,0.6065316674882402,31723.051879452163,0.5989899999999999,0.5995889667726224
15.674,-18476.0,0.580610901707666,29565,0.6036580762006172,31484.38881202344,0.5960399999999999,0.6006390278219389
15.679,-18469.0,0.5773775872192383,29284,0.6007419531141323,31240.838280851025,0.5929800000000001,0.6010642082521118
15.683,-18462.0,0.5741442727308106,28992,0.5977883269672999,30992.20962804143,0.58989,0.5898302391010019
15.688,-18454.0,0.5704490561726074,28698,0.5947743254785296,30738.33473809808,0.58664,0.5874096543048294
15.692,-18449.0,0.5681395458237305,28425,0.5917617000104676,30480.957129343773,0.58342,0.584793910050027
15.697,-18442.0,0.5649062313353027,28146,0.5887775943178257,30221.377705980296,0.58036,0.5825260322073275
15.701,-18436.0,0.5621348189166504,27875,0.5857913299225691,29959.975033901213,0.5771200000000001,0.5805025112470115
15.706,-18431.0,0.5598253085677735,27616,0.5828577749549347,29698.14703249327,0.5739000000000001,0.578656306478077
15.711,-18424.0,0.5565919940793457,27361,0.5799433908783211,29436.889868841496,0.57071,0.5756469528238313
15.715,-18417.0,0.553358679590918,27128,0.5769912981298846,29177.67310239436,0.5676000000000001,0.572137202736583
15.719,-18411.0,0.5505872671722656,26893,0.5740332616349415,28921.43783515572,0.5645,0.568769168476309
15.724,-18404.0,0.5473539526838379,26669,0.5710699841511407,28668.3636067552,0.5614699999999999,0.5653896655555943
15.728,-18399.0,0.545044442334961,26443,0.5681293917939632,28418.608728991127,0.55827,0.5613630541259356
15.733,-18390.0,0.5408873237069824,26221,0.5651541894956393,28171.89897391674,0.55505,0.5560539454401601
15.737,-18384.0,0.5381159112883301,26013,0.5621211629072236,27928.938415229382,0.55186,0.561254185329772
15.742,-18378.0,0.5353444988696777,25815,0.5591190682165084,27690.70258500185,0.5488,0.578188626357645
15.746,-18371.0,0.53211118438125,25627,0.5561169417486758,27457.815203882667,0.5457099999999999,0.5719019538424565
15.751,-18364.0,0.5288778698928223,25440,0.5530874808126486,27230.2941904604,0.5428200000000001,0.5510936559841519
15.755,-18357.0,0.5256445554043946,25263,0.5500339172936671,27008.155344723007,0.5398099999999999,0.5662963168867977
15.759,-18353.0,0.523796947125293,25088,0.5470410203003973,26791.47171594753,0.5368900000000001,0.5675513052936798
15.763,-18346.0,0.5205636326368652,24915,0.5441016169386153,26579.834777265205,0.5338499999999999,0.5631742234956472
15.768,-18339.0,0.5173303181484376,24747,0.5411274630550602,26373.06165609012,0.5308299999999999,0.5345420262297567
15.772,-18335.0,0.515482709869336,24583,0.5382045867152605,26171.109336533937,0.52793,0.5386209596373791
15.777,-18328.0,0.5122493953809082,24418,0.535326925129348,25973.585184298387,0.5248600000000001,0.5565588349899555
15.781,-18322.0,0.5094779829622559,24263,0.5324345194436948,25780.497692505585,0.5218499999999999,0.5417042541489228
15.785,-18315.0,0.5062446684738281,24111,0.5295291129239097,25592.09081968486,0.5188600000000001,0.5440301378612971
15.79,-18309.0,0.5034732560551758,23958,0.5266122427209496,25407.929388607,0.51583,0.5383946760830037
15.794,-18302.0,0.500239941566748,23809,0.5236852642410433,25227.68879253068,0.5127999999999999,0.5327114698186592
15.798,-18294.0,0.4965447250085449,23662,0.5206947597377659,25051.260156718352,0.5098,0.5172561958930589
15.803,-18288.0,0.4937733125898926,23516,0.5176755466456986,24878.370127022445,0.5067699999999999,0.5125035044832493
15.807,-18283.0,0.4914638022410156,23376,0.5147129386636625,24709.01413885669,0.5036,0.516617105594945
15.812,-18277.0,0.4886923898223633,23238,0.5118002430980839,24543.24728472521,0.50072,0.5168919501908563
15.816,-18272.0,0.4863828794734863,23101,0.5089315585646407,24380.82255629396,0.4977199999999999,0.5184356827937868
15.821,-18265.0,0.4831495649850586,22968,0.5060743749797376,24221.64038500352,0.4946900000000001,0.5155610137809401
15.825,-18256.0,0.4789924463570801,22840,0.5031181067381308,24065.84944435241,0.4917,0.5226047054474134
15.829,-18252.0,0.4771448380779785,22711,0.500156388438596,23913.285242471364,0.4885600000000001,0.5188059717271805
15.834,-18244.0,0.4734496215197754,22584,0.4972171709158524,23763.6253839612,0.4856800000000001,0.5144865282952914
15.838,-18239.0,0.4711401111708984,22460,0.4942704873469333,23616.8220613664,0.4826600000000001,0.49720402557524723
15.842,-18233.0,0.4683686987522461,22336,0.4913718333747532,23472.71488494125,0.47966,0.5020222407735242
15.847,-18227.0,0.4655972863335937,22214,0.488488223781555,23331.10331119131,0.4768000000000001,0.4792141870913572
15.851,-18221.0,0.4628258739149414,22095,0.4856178797982758,23191.98786003336,0.4737800000000001,0.4885439187421354
15.855,-18214.0,0.4595925594265136,21975,0.4827319265200097,23055.19163771961,0.4706699999999999,0.49731570109139933
15.86,-18208.0,0.4568211470078613,21860,0.4798322095085477,22920.67690029316,0.4676899999999999,0.49165811524099745
15.864,-18201.0,0.4535878325194336,21744,0.4769203561160611,22788.41036644609,0.46469,0.494438191090925
15.868,-18196.0,0.4512783221705566,21630,0.4740251077333091,22658.185337686777,0.46171,0.49202565679505605
15.873,-18188.0,0.4475831056123535,21518,0.4711171946221335,22529.996906669683,0.45889,0.4828562152115634
15.877,-18183.0,0.4452735952634766,21406,0.4681981141941017,22403.722511473377,0.4559200000000001,0.47521042679777825
15.881,-18178.0,0.4429640849145996,21297,0.4653511061593459,22279.31319865752,0.45309,0.4753324842129498
15.886,-18171.0,0.4397307704261718,21188,0.4625130361567542,22156.725802781744,0.45015,0.468052437246561
15.89,-18164.0,0.4364974559377441,21080,0.4596282345034509,22035.804027267783,0.4473499999999999,0.45762652477428467
15.894,-18159.0,0.4341879455888672,20973,0.4567568394030485,21916.469172628684,0.44438,0.44669082804550264
15.899,-18152.0,0.4309546311004394,20866,0.4538972657345148,21798.59272699776,0.4414499999999999,0.4552833514906228
15.903,-18146.0,0.4281832186817871,20759,0.4510208093450393,21682.002255685067,0.43865,0.4545428118752484
15.907,-18140.0,0.4254118062631348,20654,0.4481567728079078,21566.66394657575,0.4357200000000001,0.44453977496277536
15.912,-18135.0,0.4231022959142578,20548,0.4453309941126641,21452.48886792597,0.43279,0.4371659396957323
15.916,-18127.0,0.4194070793560547,20446,0.4424843369547437,21339.51683761328,0.42988,0.4485306059614314
15.92,-18122.0,0.4170975690071777,20341,0.4396192698948986,21227.66473086173,0.42696,0.4384754721748339
15.925,-18116.0,0.4143261565885254,20238,0.4367925825205829,21116.74101634136,0.42415,0.4498083391672859
15.929,-18108.0,0.4106309400303223,20133,0.4339178176728361,21006.635925787137,0.42124,0.4431716013951473
15.933,-18102.0,0.4078595276116699,20027,0.4310006597818679,20897.075317170013,0.41832,0.4487836902381649
15.938,-18097.0,0.405550017262793,19925,0.4281280405251622,20788.17216597216,0.4154,0.4321928808569081
15.942,-18091.0,0.4027786048441406,19819,0.4252946938864326,20679.84873785047,0.4126000000000001,0.43834741038626834
15.947,-18085.0,0.4000071924254882,19714,0.4224686700275101,20571.85913717361,0.40971,0.434519290635104
15.951,-18078.0,0.3967738779370605,19608,0.4196217966927882,20464.16389392213,0.40679,0.4133185191545489
15.955,-18073.0,0.3944643675881836,19502,0.4167838454639995,20356.669087408765,0.4037299999999999,0.4285407415013745
15.96,-18065.0,0.3907691510299805,19391,0.413926454989541,20249.05543204969,0.40069,0.40185428549052615
15.965,-18058.0,0.3875358365415527,19285,0.410997310768161,20141.336979913794,0.3976699999999999,0.41680408568127125
15.969,-18052.0,0.3847644241229004,19182,0.408059509485885,20033.99906080603,0.3947400000000001,0.3992530378310821
15.973,-18045.0,0.3815311096344727,19079,0.4051140747085323,19927.17403467419,0.3918399999999999,0.412596465905562
15.978,-18040.0,0.3792215992855957,18976,0.4021892154290657,19820.80125972248,0.3889199999999999,0.41741822742046086
15.982,-18033.0,0.375988284797168,18873,0.399282498907713,19714.827264125368,0.3861399999999999,0.40521738316152817
15.986,-18027.0,0.3732168723785156,18770,0.3963644735909519,19609.204898287662,0.38321,0.4104511324941382
15.991,-18022.0,0.3709073620296387,18668,0.3934910894683641,19503.951704734336,0.38046,0.39196568275375565
15.995,-18015.0,0.3676740475412109,18563,0.3906297619492749,19398.905799661174,0.3775599999999999,0.4023192034401971
15.999,-18008.0,0.3644407330527832,18459,0.3877244526271667,19293.924439562365,0.3746499999999999,0.4030069190787329
16.004,-18001.0,0.3612074185643554,18356,0.3847803616814979,19189.118227770985,0.3717600000000001,0.3930539264483031
16.008,-17997.0,0.3593598102852539,18250,0.3818839937942898,19084.34822086796,0.3688599999999999,0.36965131500439025
16.012,-17990.0,0.3561264957968262,18144,0.379029706439514,18979.4327859834,0.3661000000000001,0.378454637032004
16.017,-17984.0,0.3533550833781738,18038,0.3761579113375738,18874.38911776488,0.3631899999999999,0.37006176547744263
16.021,-17979.0,0.3510455730292969,17933,0.37332529140984,18769.291495251768,0.36032,0.3664907490370819
16.026,-17971.0,0.3473503564710937,17826,0.3704726018911498,18664.08718032159,0.35744,0.3630640623838226
16.03,-17965.0,0.3445789440524414,17716,0.367574909257235,18558.49320074317,0.35457,0.36408303759216404
16.034,-17959.0,0.3418075316337891,17604,0.3646921473386696,18452.260041449088,0.35169,0.35977470403352113
16.039,-17950.0,0.3376504130058105,17490,0.3617406314606727,18345.226806132127,0.34883,0.3723705159117806
16.043,-17946.0,0.335802804726709,17378,0.3587831036300111,18237.48809161675,0.3458000000000001,0.3536839813343703
16.048,-17940.0,0.3330313923080567,17261,0.3559021940133892,18128.94995789895,0.34291,0.3538174444512972
16.052,-17933.0,0.3297980778196289,17144,0.3530069243272714,18019.41133715694,0.3399099999999999,0.356190941909053
16.057,-17924.0,0.3256409591916504,17028,0.350017073086815,17909.049639166256,0.3368899999999999,0.36306126267403815
16.061,-17919.0,0.3233314488427734,16914,0.346998436019173,17798.13953248889,0.3340000000000001,0.33423991640519685
16.066,-17914.0,0.3210219384938965,16799,0.3440636424036706,17686.80497551087,0.3311200000000001,0.3515292529041457
16.07,-17907.0,0.3177886240054687,16679,0.3411481661304656,17574.74144864178,0.3283499999999999,0.33317830464866927
16.074,-17899.0,0.3140934074472656,16559,0.3381678038728395,17461.739554499964,0.32542,0.3531662115604865
16.079,-17890.0,0.3099362888192871,16438,0.335075614515375,17347.85112334999,0.3225,0.3334793084500937
16.083,-17888.0,0.3090124846797363,16313,0.3320486586017124,17232.88538772596,0.3195699999999999,0.32772392119786303
16.087,-17881.0,0.3057791701913086,16188,0.3291338361654803,17116.733252911636,0.31677,0.3267366271911968
16.092,-17875.0,0.3030077577726562,16055,0.326208663335023,16999.06205339239,0.31382,0.32592430793917304
16.096,-17868.0,0.2997744432842285,15925,0.3232743638870786,16879.755808484817,0.3107599999999999,0.3319068614677755
16.101,-17861.0,0.2965411287958008,15795,0.3203047104571556,16759.185189637356,0.3078099999999999,0.3372395484694411
16.105,-17855.0,0.2937697163771484,15662,0.3173311895642996,16637.322337651123,0.3048599999999999,0.307564812439228
16.109,-17848.0,0.2905364018887207,15522,0.3143542584771971,16513.728865471803,0.3020199999999999,0.3091966494887377
16.114,-17841.0,0.287303087400293,15381,0.3113470139512275,16388.13645344341,0.29895,0.3032187046780214
16.118,-17834.0,0.2840697729118652,15238,0.3083130400896172,16260.604093616665,0.29597,0.3010825125736193
16.123,-17830.0,0.2822221646327637,15093,0.3053374165745975,16131.124685731816,0.2931300000000001,0.297561434636362
16.127,-17822.0,0.2785269480745606,14944,0.3023859379166698,15999.573734231995,0.29017,0.2924951966061004
16.131,-17817.0,0.2762174377256836,14791,0.2994284429053701,15865.72322847208,0.28722,0.29016611740230225
16.136,-17809.0,0.2725222211674805,14634,0.2964656428830054,15729.372116598795,0.2840899999999999,0.2951318153138437
16.14,-17803.0,0.2697508087488281,14475,0.2934708586382327,15590.461352878394,0.2811399999999999,0.29473993373173585
16.145,-17794.0,0.2655936901208496,14307,0.2904205653707898,15448.643285850132,0.2781800000000001,0.2853048927283913
16.149,-17788.0,0.2628222777021973,14138,0.2873213261785864,15303.670485949862,0.27508,0.28105256589096106
16.154,-17780.0,0.2591270611439941,13967,0.284206234621235,15155.738600179291,0.27196,0.2821699271920447
16.158,-17776.0,0.2572794528648925,13792,0.2811317778963535,15004.84279106469,0.2689999999999999,0.27460396533823345
16.163,-17768.0,0.2535842363066894,13613,0.2780931515528596,14850.860558295151,0.2660199999999999,0.2771229142662129
16.167,-17762.0,0.2508128238880371,13431,0.2750315062964831,14693.743002756357,0.2630300000000001,0.2797809477181402
16.171,-17755.0,0.2475795093996093,13248,0.2719768702119053,14533.624359103043,0.2600899999999999,0.2687392121012588
16.176,-17748.0,0.2443461949111816,13057,0.2689011081228983,14370.32740379589,0.25699,0.2656870756132205
16.18,-17741.0,0.2411128804227539,12867,0.2658067178582623,14203.814102079272,0.2540199999999999,0.2621180861093167
16.185,-17734.0,0.2378795659343262,12673,0.262695901916522,14034.28738581886,0.2510399999999999,0.2603426299850074
16.189,-17726.0,0.234184349376123,12483,0.2595432959360024,13862.10354546514,0.24807,0.2599330195620351
16.193,-17731.0,0.236493859725,12367,0.2566815183322239,13692.187902540722,0.24522,0.25343698421110455
16.198,-17737.0,0.2392652721436523,12324,0.2544584733470491,13532.96253461173,0.2427399999999999,0.2500665024534374
16.202,-17745.0,0.2429604887018554,12339,0.2528805599050464,13390.907858271705,0.2409399999999999,0.2583698876307473
16.206,-17752.0,0.2461938031902832,12404,0.2518988074587739,13270.37837924632,0.2395,0.25435295664296664
16.211,-17760.0,0.2498890197484863,12505,0.251442729035184,13173.91316642625,0.2385999999999999,0.23993853936270715
16.216,-17768.0,0.2535842363066894,12629,0.2514774781222674,13102.154912681746,0.23831,0.24359000234036057
16.22,-17775.0,0.2568175507951172,12777,0.2519177153817382,13054.960913454075,0.2385600000000001,0.24168729050784252
16.225,-17783.0,0.2605127673533203,12942,0.2527154980027065,13031.850632444091,0.23937,0.23970505853805507
16.229,-17790.0,0.263746081841748,13108,0.2538285516826942,13031.040649322242,0.24075,0.2396125179399455
16.234,-17797.0,0.2669793963301758,13279,0.2551922939644674,13050.248997326533,0.24262,0.24132375245241053
16.238,-17804.0,0.2702127108186035,13451,0.2567770847326142,13087.463517567,0.2451099999999999,0.24361486361483792
16.242,-17811.0,0.2734460253070312,13627,0.2585567883646891,13140.85084094988,0.2480500000000001,0.2409330796284093
16.247,-17819.0,0.2771412418652343,13797,0.2605356658264433,13208.38054461805,0.2513399999999999,0.2514303397268901
16.251,-17825.0,0.2799126542838867,13968,0.2626628613927405,13288.084920152109,0.25445,0.2559036992772069
16.256,-17833.0,0.2836078708420898,14143,0.2649208387029126,13378.820084708426,0.2575,0.25570177942963956
16.26,-17840.0,0.2868411853305176,14312,0.2673214412525361,13479.163580414668,0.2607699999999999,0.2574794629061096
16.264,-17848.0,0.2905364018887207,14483,0.2698478057756792,13587.742898618384,0.26393,0.2610723021929031
16.269,-17855.0,0.2937697163771484,14650,0.2724850628311988,13703.466043741006,0.2671000000000001,0.25934854374196714
16.273,-17861.0,0.2965411287958008,14818,0.2751654881667988,13825.311014679768,0.27027,0.2649030278911574
16.278,-17868.0,0.2997744432842285,14980,0.2778839777897388,13952.258411627776,0.27356,0.27298292174319433
16.282,-17875.0,0.3030077577726562,15144,0.2806633376250506,14083.468480702652,0.27674,0.2791932745836005
16.287,-17882.0,0.306241072261084,15303,0.2834963706956599,14218.259873547497,0.2800499999999999,0.27181158422875085
16.291,-17890.0,0.3099362888192871,15457,0.2864040374058388,14355.617979106535,0.28336,0.2687749718215906
16.296,-17896.0,0.3127077012379394,15608,0.2893502070142832,14494.766383448949,0.2865599999999999,0.28616904530925247
16.3,-17904.0,0.3164029177961426,15754,0.2923303271387144,14635.02047178577,0.28976,0.2859098694069932
16.305,-17913.0,0.3205600364241211,15898,0.2954223029915525,14775.835692014623,0.2929600000000001,0.2890036419603573
16.309,-17916.0,0.3219457426334473,16042,0.2984763770925025,14917.027464026469,0.2960400000000001,0.2943972998728095
16.313,-17926.0,0.3265647633312011,16179,0.3015243371956627,15058.137444516386,0.29939,0.29863124064901975
16.318,-17931.0,0.3288742736800781,16318,0.3046215190847838,15198.879717100986,0.3025899999999999,0.29543005044773457
16.322,-17939.0,0.3325694902382812,16453,0.3077074901356229,15339.179522854149,0.30579,0.2982447159939627
16.326,-17945.0,0.3353409026569336,16584,0.3108108823075827,15478.616237571394,0.30901,0.30711478776190754
16.331,-17954.0,0.3394980212849121,16714,0.3139569422662189,15616.996321657116,0.3120499999999999,0.30548973063643187
16.335,-17960.0,0.3422694337035644,16842,0.3171406251945257,15754.267353424972,0.3152600000000001,0.30295734790370976
16.339,-17968.0,0.3459646502617676,16970,0.3203301763001632,15890.442226653397,0.31847,0.3049442179892772
16.344,-17974.0,0.3487360626804199,17099,0.3235249017603883,16025.7096628199,0.3215399999999999,0.31163208968378936
16.348,-17980.0,0.3515074750990722,17226,0.3266695768899715,16160.11783516193,0.3247199999999999,0.3189673175706323
16.353,-17988.0,0.3552026916572754,17350,0.3298247322759663,16293.47275157431,0.32806,0.3257287935038613
16.357,-17995.0,0.3584360061457031,17472,0.3330164352356437,16425.60335656864,0.33124,0.3308277984963116
16.361,-18002.0,0.3616693206341309,17593,0.3362130581258877,16556.47705416198,0.3344,0.33215912692266714
16.366,-18010.0,0.3653645371923339,17713,0.3394413256879549,16686.124219748184,0.3374399999999999,0.33434842909340534
16.37,-18016.0,0.3681359496109863,17832,0.3426701899723252,16814.571637292658,0.3406100000000001,0.3385506579488473
16.375,-18021.0,0.3704454599598633,17950,0.3458176610809451,16941.842923964137,0.34379,0.34231608548717163
16.379,-18028.0,0.373678774448291,18067,0.3489206689674925,17067.958904560266,0.3469599999999999,0.3462788133202355
16.383,-18035.0,0.3769120889367187,18184,0.3520390836283852,17192.99705906045,0.3501399999999999,0.3416462064472231
16.388,-18041.0,0.3796835013553711,18298,0.3551437769985807,17316.90747181974,0.35327,0.3354468839957239
16.392,-18050.0,0.3838406199833496,18413,0.358290984308546,17439.705246356665,0.3564199999999999,0.3514163253353629
16.396,-18054.0,0.3856882282624512,18527,0.3614210660348568,17561.521935223227,0.3595600000000001,0.3344762380768409
16.401,-18063.0,0.3898453468904297,18642,0.3645360470173836,17682.473536882422,0.36256,0.34971347493677596
16.405,-18070.0,0.3930786613788574,18756,0.3677196320341847,17802.662334742774,0.3658399999999999,0.33608018858328254
16.41,-18076.0,0.3958500737975097,18867,0.3708817903566251,17921.942049165205,0.369,0.365134162500986
16.414,-18083.0,0.3990833882859375,18976,0.3740250553655176,18040.124578456325,0.3720000000000001,0.36107724372721794
16.418,-18088.0,0.4013928986348145,19085,0.3771243544596763,18157.2214132802,0.3751299999999999,0.3584943622458954
16.423,-18095.0,0.4046262131232422,19197,0.3801848859400114,18273.53827269179,0.37812,0.3743335255518984
16.427,-18102.0,0.4078595276116699,19307,0.3832658463838676,18389.22649432143,0.38124,0.37441178610669434
16.431,-18109.0,0.4110928421000976,19417,0.3863648203769335,18504.24217023344,0.3843499999999999,0.37030138977126936
16.435,-18116.0,0.4143261565885254,19527,0.389479678090913,18618.66481873278,0.38734,0.38217781446047083
16.44,-18121.0,0.4166356669374023,19638,0.3925539286208457,18732.623673691407,0.39033,0.36468870828063554
16.444,-18128.0,0.41986898142583,19749,0.3955923731488083,18846.23268904092,0.3934599999999999,0.38042623993926206
16.448,-18135.0,0.4231022959142578,19860,0.3986538580865755,18959.53322799572,0.39659,0.3818039262905772
16.453,-18142.0,0.4263356104026856,19973,0.4017356592560199,19072.679997993968,0.39971,0.37661311140454934
16.457,-18149.0,0.4295689248911133,20084,0.4048353745716564,19185.691179876696,0.4028199999999999,0.39471223504905895
16.462,-18156.0,0.432802239379541,20195,0.4079508859580846,19298.464570082047,0.4059299999999999,0.4058419727986432
16.466,-18161.0,0.435111749728418,20307,0.4110257128736381,19411.08740125766,0.40907,0.40265817600558873
16.47,-18170.0,0.4392688683563965,20418,0.4141192785348621,19523.57747471953,0.41219,0.3934089207760873
16.475,-18175.0,0.4415783787052734,20530,0.4172293673700056,19635.95048704872,0.4151899999999999,0.41170169793030476
16.479,-18180.0,0.4438878890541504,20642,0.4202447999720373,19748.27939634168,0.41832,0.39986754384305
16.483,-18188.0,0.4475831056123535,20756,0.4232586873459778,19860.687651906734,0.4214500000000001,0.42092182534178846
16.488,-18194.0,0.4503545180310058,20871,0.4262985186397915,19973.343224446,0.42456,0.41503875154750247
16.492,-18202.0,0.454049734589209,20987,0.4293612263794339,20086.335107282648,0.4276999999999999,0.41498039957210603
16.497,-18209.0,0.4572830490776367,21106,0.4324714122212627,20199.86000642741,0.43083,0.42876875265122105
16.501,-18215.0,0.4600544614962891,21225,0.4355688497051283,20314.03225299877,0.4339599999999999,0.4191938049871331
16.505,-18223.0,0.4637496780544922,21349,0.4386823525787577,20429.07089499372,0.4371199999999999,0.4152155529252625
16.51,-18228.0,0.4660591884033691,21471,0.4417827149058494,20545.050846519385,0.44029,0.43966138763890467
16.514,-18235.0,0.4692925028917968,21594,0.4448441839079899,20661.801694639045,0.4434499999999999,0.43592460570632957
16.519,-18243.0,0.47298771945,21717,0.4479532774741913,20779.29140994948,0.44662,0.4351838733424768
16.523,-18249.0,0.4757591318686524,21839,0.4510770582756523,20897.37351524248,0.44981,0.4487879621852984
16.527,-18255.0,0.4785305442873047,21967,0.4541591768736485,21016.273556397195,0.4529700000000001,0.44404738867649635
16.532,-18263.0,0.4822257608455078,22093,0.457259172086737,21136.131294524548,0.4561599999999999,0.45436052950440753
16.536,-18270.0,0.4854590753339355,22223,0.4604022367252375,21256.9517313143,0.45936,0.4384746075598989
16.54,-18276.0,0.4882304877525879,22354,0.4635286655879942,21378.91662927478,0.46258,0.4462936554774288
16.545,-18284.0,0.491925704310791,22486,0.4666677320507782,21502.00890806909,0.4656499999999999,0.44606546074163567
16.549,-18289.0,0.4942352146596679,22621,0.4697906354613043,21626.331741645365,0.4688799999999999,0.4401806802325527
16.553,-18297.0,0.4979304312178711,22756,0.4728992868547408,21751.916987803685,0.4720899999999999,0.44209170968606815
16.558,-18302.0,0.500239941566748,22897,0.4759953713154051,21878.97008983601,0.4753,0.4693668726424165
16.562,-18310.0,0.5039351581249512,23043,0.4790803746920157,22007.967787476,0.4785299999999999,0.47338538196966895
16.567,-18316.0,0.5067065705436036,23186,0.4821829136025111,22138.798396655755,0.4819,0.47645185357228087
16.571,-18326.0,0.5113255912413575,23332,0.4853555276331151,22271.245203455324,0.4849799999999999,0.47876544235996943
16.575,-18331.0,0.5136351015902344,23482,0.4885626250181373,22405.53093886273,0.4882299999999999,0.47518211954482026
16.58,-18337.0,0.5164065140088867,23634,0.4916909028322889,22541.79288191588,0.4914700000000001,0.4818468839199117
16.584,-18344.0,0.5196398284973145,23793,0.4948042931878408,22680.32943268608,0.49471,0.48990796222222555
16.589,-18352.0,0.5233350450555176,23954,0.4979591691968829,22821.403709973463,0.4979599999999999,0.4887710642107805
16.593,-18358.0,0.52610645747417,24120,0.5011233193634461,22965.129487985887,0.5012099999999999,0.4850466761195422
16.597,-18365.0,0.5293397719625976,24293,0.5042683407111801,23111.90267584829,0.5044500000000001,0.47443255240532367
16.602,-18373.0,0.5330349885208008,24471,0.5074511078285318,23262.07237245145,0.50787,0.4934381318328105
16.607,-18380.0,0.5362683030092286,24652,0.5106671578521725,23415.7099314606,0.51128,0.5109168580233642
16.611,-18387.0,0.5395016174976562,24840,0.5138852491362662,23572.99650484991,0.5146900000000001,0.504298917021492
16.616,-18394.0,0.542734931986084,25025,0.5171051403328017,23733.73712174237,0.5179800000000001,0.5113787424373022
16.62,-18398.0,0.5445825402651856,25219,0.5202446992847867,23897.878098397538,0.5212600000000001,0.5195497227451609
16.624,-18407.0,0.5487396588931641,25416,0.5233680369551539,24065.726802745623,0.52454,0.5226302075300462
16.629,-18413.0,0.5515110713118164,25617,0.5265316841602846,24237.25867414547,0.5278100000000001,0.512852020253442
16.633,-18421.0,0.5552062878700196,25823,0.529703568462366,24412.57029067316,0.53111,0.5153306748547736
16.638,-18428.0,0.5584396023584473,26031,0.5329100223981678,24591.62857672089,0.53434,0.5272050804570472
16.642,-18435.0,0.561672916846875,26252,0.5361196521858999,24774.877306548085,0.5377700000000001,0.527752866518162
16.646,-18441.0,0.5644443292655273,26487,0.5393047758811224,24963.41719362494,0.54088,0.5351213853870751
16.651,-18448.0,0.5676776437539551,26721,0.5424682909566567,25157.391165226087,0.5441400000000001,0.5350212501146808
16.655,-18455.0,0.5709109582423828,26964,0.5456400587514574,25356.629662661948,0.5474000000000001,0.5428321403824619
16.66,-18460.0,0.5732204685912597,27209,0.5487644906104788,25561.16052717216,0.5506800000000001,0.5486481335191068
16.664,-18468.0,0.5769156851494629,27466,0.5518744897366163,25771.185660385418,0.55406,0.5425449822347022
16.668,-18475.0,0.5801489996378907,27732,0.5550263754775583,25987.296913914863,0.55714,0.5571074969612908
16.673,-18482.0,0.5833823141263184,28005,0.5581878889297569,26209.72057493234,0.5602499999999999,0.5520505412112349
16.677,-18488.0,0.5861537265449707,28296,0.5613305853145084,26439.188232169327,0.5636099999999999,0.5547409350732391
16.681,-18495.0,0.5893870410333985,28586,0.5644566894639227,26675.87203593416,0.5666899999999999,0.5638626891920969
16.686,-18501.0,0.5921584534520508,28877,0.5675681631575417,26918.91878662226,0.56995,0.563241475964205
16.69,-18506.0,0.5944679638009277,29188,0.570612123327829,27168.817627855587,0.5731900000000001,0.5688486727308432
16.695,-18514.0,0.5981631803591309,29475,0.5736511653188439,27424.52193452424,0.5767,0.5752641727153942
16.699,-18521.0,0.6013964948475586,29760,0.5767404835269799,27683.808246279765,0.57995,0.578476204852037
16.703,-18527.0,0.604167907266211,30040,0.579819520657542,27945.83922370337,0.58318,0.5727260171996894
16.708,-18534.0,0.6074012217546387,30319,0.5828894922916287,28209.935647428112,0.5863700000000001,0.5659214391872738
16.712,-18541.0,0.6106345362430664,30589,0.585978776734594,28475.26213585981,0.58961,0.5889850821744597
16.717,-18548.0,0.6138678507314942,30848,0.5890850905404416,28740.490904601324,0.59284,0.5676040755735495
16.721,-18554.0,0.6166392631501465,31110,0.5921791137977059,29005.160568340627,0.5960300000000001,0.5794570660307083
16.725,-18561.0,0.6198725776385743,31362,0.5952622996768779,29268.923410960888,0.5992299999999999,0.5885348229553966
16.73,-18566.0,0.6221820879874512,31611,0.5983086230848953,29531.11812410437,0.60246,0.5946743897392808
16.734,-18573.0,0.6254154024758789,31853,0.6013224424484739,29791.338941263693,0.60564,0.5994558478692935
16.739,-18579.0,0.6281868148945312,32087,0.6043349073248788,30048.93248466404,0.6088199999999999,0.6025346717768655
16.743,-18588.0,0.6323439335225097,32313,0.6074007907580994,30303.26351112033,0.6120300000000001,0.6056896727290295
16.748,-18594.0,0.6351153459411621,32534,0.6105137768160276,30553.949237487526,0.61521,0.6102148255280045
16.752,-18601.0,0.6383486604295898,32752,0.6136136834330166,30800.9477258944,0.61836,0.6175241135387105
16.756,-18605.0,0.6401962687086914,32964,0.6166474441576068,31044.162879587904,0.6215200000000001,0.6179239851367643
16.76,-18612.0,0.6434295831971192,33171,0.6196228797358182,31283.39172899999,0.62453,0.6172055942226458
16.765,-18619.0,0.6466628976855469,33375,0.6226288055740838,31518.632654820183,0.62768,0.6260355810591827
16.769,-18625.0,0.6494343101041993,33573,0.6256343102145221,31749.825111799404,0.6308499999999999,0.6101089052582196
16.774,-18630.0,0.6517438204530762,33770,0.6285848305608956,31977.033948038566,0.6338999999999999,0.6126552854756913
16.778,-18638.0,0.6554390370112793,33967,0.6315414805664111,32200.671048721324,0.63704,0.6158928184463089
16.782,-18645.0,0.658672351499707,34156,0.6345581483885534,32420.68577808903,0.64019,0.6359162727248269
16.787,-18652.0,0.6619056659881348,34350,0.6376004313848461,32637.329074278783,0.64334,0.6386631066225176
16.791,-18657.0,0.6642151763370118,34542,0.6406106880539516,32851.17691019317,0.6466099999999999,0.6444284184275103
16.796,-18664.0,0.6674484908254394,34735,0.6435927050220956,33062.50068910702,0.64991,0.6198898329757625
16.8,-18670.0,0.6702199032440919,34914,0.6465771276527671,33270.83031621532,0.6532199999999999,0.6469221792516726
16.805,-18675.0,0.6725294135929688,35094,0.6495090586164742,33475.75127827589,0.6562399999999999,0.642850631086631
16.809,-18683.0,0.6762246301511718,35265,0.6524493171511699,33677.19365892196,0.65953,0.6412338485399025
16.813,-18690.0,0.6794579446395996,35437,0.6554515315446826,33875.09580833402,0.6625300000000001,0.6591583824189933
16.818,-18696.0,0.6822293570582519,35609,0.6584537635622771,34069.9354224233,0.66581,0.6539260363093972
16.822,-18704.0,0.6859245736164551,35781,0.6614833175684117,34262.07459942552,0.66889,0.6662419170595559
16.827,-18710.0,0.6886959860351074,35950,0.6645369631533756,34451.65527277343,0.6720299999999999,0.6645352800532613
16.831,-18716.0,0.6914673984537598,36115,0.6675572389578113,34638.566124839715,0.6753199999999999,0.6690804564649282
16.836,-18722.0,0.6942388108724121,36280,0.6705480904508748,34822.88635180622,0.67845,0.6783196739705295
16.84,-18728.0,0.6970102232910644,36439,0.673512996609986,35004.56755131559,0.6815599999999999,0.6774873914989956
16.844,-18734.0,0.6997816357097169,36594,0.6764550250763828,35183.33057426349,0.6847000000000001,0.6797823768142048
16.849,-18740.0,0.7025530481283692,36748,0.6793768807893706,35359.22486366989,0.68764,0.6830641000231112
16.853,-18746.0,0.7053244605470215,36908,0.6822809488703112,35532.88519064386,0.6907099999999999,0.6755613720630538
16.858,-18753.0,0.7085577750354493,37064,0.685196638884469,35704.693922070255,0.6938500000000001,0.6763209496456342
16.862,-18759.0,0.7113291874541016,37220,0.688122576714954,35874.63351137908,0.69696,0.6783618301288865
16.866,-18765.0,0.7141005998727539,37373,0.6910302442650668,36042.74760401289,0.7001900000000001,0.6923410564456136
16.871,-18771.0,0.7168720122914063,37526,0.6939218017176595,36209.074685004285,0.70316,0.6912571935808196
16.875,-18778.0,0.720105326779834,37682,0.696826460295046,36374.0033935006,0.70628,0.7024766754147654
16.88,-18784.0,0.7228767391984864,37834,0.6997426709884236,36537.63994838951,0.7093499999999999,0.7091542275168087
16.884,-18791.0,0.7261100536869141,37984,0.7026690679357277,36699.782422803095,0.7124299999999999,0.6879984943204119
16.888,-18796.0,0.728419564035791,38133,0.7055771403190766,36860.43011684757,0.71557,0.6988780101673383
16.893,-18803.0,0.7316528785242188,38285,0.7084690547395307,37019.87800036816,0.71852,0.7138247856416933
16.897,-18809.0,0.7344242909428711,38437,0.7113740280787568,37178.445284908375,0.72159,0.7140705685074427
16.901,-18815.0,0.7371957033615234,38593,0.7142632098699345,37336.4725574978,0.7246999999999999,0.6975326333004683
16.906,-18823.0,0.7408909199197266,38754,0.7171930801199843,37494.555722915655,0.7279500000000001,0.7076254452216068
16.91,-18828.0,0.7432004302686035,38905,0.7201315215890791,37652.39258569761,0.73116,0.7303321711859965
16.915,-18835.0,0.7464337447570313,39058,0.7230502144126553,37809.539328205785,0.7342599999999999,0.7314002338007901
16.919,-18841.0,0.7492051571756836,39208,0.7259788000160031,37966.01842927175,0.73726,0.7254055010859907
16.923,-18847.0,0.751976569594336,39357,0.7288888022800973,38121.6723577547,0.74034,0.7401026185863698
16.928,-18852.0,0.754286079943213,39513,0.7317551119540047,38276.9533821504,0.74343,0.7342550247944095
16.932,-18861.0,0.7584431985711915,39666,0.734664814366878,38432.14206228687,0.74654,0.7424441725295936
16.937,-18867.0,0.7612146109898438,39822,0.7376400854353644,38587.24931646867,0.74963,0.7448287436849044
16.941,-18871.0,0.7630622192689454,39982,0.7405366404217263,38742.698593858935,0.7527200000000001,0.7524811318313123
16.945,-18878.0,0.766295533757373,40137,0.7433910927540257,38898.390338016325,0.7558400000000001,0.7550191253888572
16.95,-18884.0,0.7690669461760254,40292,0.746263033327406,39054.00029394515,0.7589600000000001,0.7505219141219011
16.954,-18890.0,0.7718383585946778,40444,0.749123087975032,39209.36077966751,0.76203,0.753024981944793
16.958,-18897.0,0.7750716730831055,40602,0.7519999684751355,39364.67864343444,0.7649999999999999,0.7596021169572648
16.963,-18902.0,0.7773811834319825,40765,0.7548643789782619,39520.609216015946,0.7681,0.751037058111363
16.967,-18911.0,0.781538302059961,40924,0.7577724067684221,39677.13917130845,0.7713099999999999,0.7688100327328445
16.972,-18916.0,0.7838478124088379,41088,0.7607188947646303,39834.25675881751,0.7744,0.7549068815335288
16.976,-18923.0,0.7870811268972656,41256,0.763644682735837,39992.4245565455,0.7775099999999999,0.748179884261722
16.981,-18928.0,0.7893906372461426,41419,0.7665522181452523,40151.45927570517,0.78061,0.7517589615360692
16.985,-18934.0,0.792162049664795,41583,0.7694163526325377,40311.0219464291,0.7836799999999999,0.7802857324528013
16.989,-18941.0,0.7953953641532227,41749,0.7722968305932952,40471.227498664695,0.78678,0.75682790087359
16.994,-18945.0,0.7972429724323242,41921,0.7751371067638151,40632.47286062782,0.78973,0.7721417966824818
16.998,-18954.0,0.8014000910603027,42090,0.777996547290996,40794.81244282096,0.79294,0.7688878695832948
17.002,-18960.0,0.804171503478955,42271,0.7809274991775353,40958.64892691664,0.7958799999999999,0.78964018005531
17.007,-18965.0,0.806481013827832,42448,0.7838122814995752,41124.27826620497,0.7991299999999999,0.7968317425329864
17.011,-18971.0,0.8092524262464844,42625,0.7866563531061039,41291.25201323024,0.80223,0.7964556342117247
17.016,-18978.0,0.8124857407349121,42810,0.7895191403166957,41459.88415139896,0.80532,0.7991637294274099
17.02,-18984.0,0.8152571531535645,42990,0.7923984302957432,41630.15595336678,0.8084100000000001,0.8030775530357376
17.024,-18990.0,0.8180285655722168,43184,0.7952649653935647,41802.405610397705,0.81135,0.8071441616204679
17.029,-18996.0,0.8207999779908691,43372,0.798120253680926,41976.872210383575,0.81456,0.7997400954609373
17.033,-19003.0,0.8240332924792969,43568,0.8009929313703928,42153.41186832372,0.81765,0.8088513187517113
17.038,-19009.0,0.8268047048979492,43765,0.8038809424295742,42332.31153321311,0.82088,0.7925433139949372
17.042,-19015.0,0.8295761173166016,43966,0.8067551674724088,42513.587757101406,0.82396,0.7948983061227641
17.047,-19022.0,0.8328094318050293,44170,0.80964454293395,42697.37336980492,0.8270500000000001,0.7967502382191625
17.051,-19027.0,0.8351189421539063,44375,0.8125199710593115,42883.60814384157,0.8301400000000001,0.8286816363759762
17.055,-19032.0,0.8374284525027832,44581,0.8153284880124493,43072.12073791838,0.8331999999999999,0.8218152401623845
17.06,-19038.0,0.8401998649214356,44791,0.8181053114703248,43262.93742143733,0.8361099999999999,0.8314390953561337
17.064,-19045.0,0.8434331794098633,45001,0.8209088016033259,43456.0222404456,0.8392,0.8386279743372826
17.069,-19051.0,0.8462045918285156,45218,0.8237358054825885,43651.52084419093,0.84226,0.8340707949117193
17.073,-19059.0,0.8498998083867187,45428,0.8266108494133849,43849.14783933005,0.84531,0.844783354686456
17.077,-19063.0,0.8517474166658203,45636,0.8294736404935994,44048.1195193661,0.8483700000000001,0.8472562582670898
17.081,-19071.0,0.8554426332240235,45839,0.8323256274365074,44247.86307397403,0.8513,0.8257587217576818
17.086,-19077.0,0.8582140456426758,46043,0.8352227005635433,44448.05077113239,0.8543400000000001,0.839395294662141
17.09,-19082.0,0.8605235559915527,46236,0.8380776097742605,44648.03892376339,0.8573900000000001,0.8521698968212261
17.094,-19087.0,0.8628330663404297,46433,0.8408680338624183,44847.437303191226,0.86032,0.8599764297814759
17.099,-19093.0,0.8656044787590821,46622,0.8436289036614936,45046.07917153982,0.8633599999999999,0.8485500533304695
17.103,-19101.0,0.8692996953172851,46813,0.8464456328615083,45243.69927035682,0.8664000000000001,0.8663051387056603
17.108,-19107.0,0.8720711077359375,47002,0.84931161693765,45440.41840835319,0.8694500000000001,0.8607006148256311
17.112,-19112.0,0.8743806180848145,47182,0.8521391129050288,45635.6928190749,0.8726400000000001,0.8712381695587059
17.116,-19119.0,0.8776139325732422,47357,0.8549599778455275,45828.86567599076,0.8756900000000001,0.8756801021289722
17.121,-19125.0,0.8803853449918946,47526,0.8578023022254873,46019.53516451208,0.8787499999999999,0.8764792949658269
17.125,-19131.0,0.8831567574105469,47696,0.8606362423442471,46207.70168290028,0.88167,0.8817155979732969
17.13,-19136.0,0.8854662677594238,47859,0.8634354830649721,46393.30646493102,0.8848499999999999,0.8848020382954503
17.134,-19144.0,0.889161484317627,48017,0.8662587399603476,46575.94298820776,0.8877600000000001,0.8843811965691504
17.138,-19150.0,0.8919328967362793,48176,0.8691304799311281,46755.72573460567,0.89083,0.8790579470740842
17.143,-19157.0,0.8951662112247071,48330,0.8720176641425996,46932.75565025891,0.8938699999999999,0.8802463295260559
17.147,-19162.0,0.897475721573584,48479,0.8748911600998939,47106.76704157149,0.8969100000000001,0.8800793024177334
17.151,-19167.0,0.899785231922461,48629,0.8776979733344598,47277.88033355992,0.89984,0.8845455272557575
17.156,-19172.0,0.902094742271338,48774,0.8804459880643412,47446.20171281357,0.9029,0.8838941130308331
17.16,-19178.0,0.9048661546899902,48918,0.8831694627669171,47611.70657617733,0.90593,0.87981394565517
17.164,-19186.0,0.9085613712481934,49059,0.8859532182719967,47774.491464239945,0.90898,0.90897143335078
17.169,-19191.0,0.9108708815970704,49200,0.8887628208430223,47934.70062053092,0.91203,0.9102058692093368
17.173,-19199.0,0.9145660981552736,49337,0.8915952144574535,48092.402116578174,0.91506,0.9050126414968348
17.178,-19205.0,0.9173375105739258,49473,0.8944750108691862,48247.59685808907,0.91809,0.9122868930093848
17.182,-19211.0,0.9201089229925782,49609,0.8973419925217285,48400.52211327458,0.92114,0.9202574795140609
17.186,-19216.0,0.9224184333414552,49739,0.9001703681172666,48551.091510000224,0.92419,0.907945162879624
17.191,-19221.0,0.924727943690332,49867,0.9029373957867934,48699.110653528245,0.92707,0.9264349031756565
17.195,-19229.0,0.9284231602485352,49997,0.905732248334472,48844.88107252237,0.93012,0.9268876647488054
17.2,-19235.0,0.9311945726671876,50126,0.908578942339779,48988.72776186407,0.93317,0.9109326154600629
17.204,-19242.0,0.9344278871556152,50251,0.9114440418903677,49130.58258634697,0.93619,0.920732506364007
17.208,-19248.0,0.9371992995742676,50378,0.9143253708103666,49270.56281890924,0.93907,0.9270096115278487
17.213,-19253.0,0.9395088099231446,50501,0.9171663973271365,49408.7718667472,0.94212,0.9421594355593401
17.217,-19259.0,0.9422802223417968,50623,0.9199718865870564,49545.123558536216,0.94516,0.9443078247553087
17.221,-19264.0,0.9445897326906738,50743,0.9227460403304004,49679.66014619544,0.94805,0.9441341230560893
17.225,-19271.0,0.9478230471791016,50867,0.9255198699537822,49812.71447298425,0.95111,0.9412163318905795
17.23,-19278.0,0.9510563616675292,50989,0.9283480266759344,49944.58002850749,0.95415,0.9432388272573391
17.234,-19285.0,0.9542896761559572,51114,0.931224087143478,50075.45648428935,0.9573,0.9476663803394929
17.239,-19291.0,0.9570610885746094,51233,0.9341150810186638,50205.28343414254,0.96034,0.9501448841378453
17.243,-19297.0,0.9598325009932618,51354,0.9369919362048644,50333.94849659552,0.96337,0.9531895406058701
17.248,-19303.0,0.962603913411914,51472,0.9398563243870722,50461.52992976928,0.96639,0.9555131888848913
17.252,-19307.0,0.9644515216910156,51592,0.9426551067024708,50588.09673895193,0.96928,0.9519192597646591
17.256,-19314.0,0.9676848361794432,51711,0.9454233464955034,50713.828005400384,0.97246,0.955532831317438
17.261,-19321.0,0.9709181506678712,51826,0.9482465742997516,50838.52693235123,0.97549,0.959228459447473
17.265,-19327.0,0.9736895630865234,51943,0.9510909821707502,50962.19734345834,0.97836,0.9750453168596893
17.269,-19335.0,0.9773847796447266,52057,0.9539813723358892,51084.90172768409,0.98139,0.9775897510776168
17.274,-19343.0,0.9810799962029296,52174,0.9569669209845292,51206.75430301864,0.98426,0.9841594095993685
17.278,-19346.0,0.9824657024122558,52294,0.9598998448317014,51328.21048729617,0.98727,0.9680123305147831
17.282,-19353.0,0.9856990169006836,52412,0.962759059511775,51449.37626512946,0.99028,0.9648893240720322
17.287,-19359.0,0.988470429319336,52528,0.9656351993577172,51570.0495030751,0.99331,0.9750096167154286
17.291,-19365.0,0.9912418417379883,52646,0.968498956777775,51690.28843648569,0.99618,0.992243541936553
17.295,-19369.0,0.9930894500170898,52768,0.971297182909057,51810.49911965348,0.99919,0.9748563278408715
17.3,-19376.0,0.9963227645055176,52885,0.974064932278288,51930.62577534269,1.00235,0.9944630296188129
17.304,-19385.0,1.000479883133496,53003,0.9769423405403684,52050.44186893527,1.00535,0.9816734002652856
17.309,-19391.0,1.0032512955521484,53121,0.979889135750357,52170.04323707443,1.00834,0.9767615807738692
17.313,-19396.0,1.0055608059010257,53243,0.9827878881637476,52289.691737369896,1.01135,1.0090582423713501
17.318,-19402.0,1.0083322183196777,53361,0.9856442781107416,52409.38179716083,1.01436,1.0120882917114957
17.322,-19408.0,1.01110363073833,53483,0.9884906207571028,52529.108502668816,1.01738,0.9858620402606249
17.326,-19413.0,1.0134131410872071,53602,0.991300797595122,52648.92663849245,1.02041,0.9950688874985291
17.331,-19420.0,1.0166464555756347,53722,0.9941063911299686,52768.707159592224,1.02345,1.014715626160519
17.335,-19427.0,1.0198797700640625,53844,0.9969625561640292,52888.63186552964,1.02634,1.0087949293539058
17.339,-19434.0,1.0231130845524905,53971,0.9998633133864674,53009.09753042207,1.02937,1.017650173513037
17.344,-19442.0,1.0268083011106934,54101,1.0028306968972749,53130.51313327797,1.03242,1.02464757239553
17.348,-19448.0,1.0295797135293456,54236,1.0058295227026746,53253.2392975566,1.0356,1.017627094765429
17.353,-19453.0,1.031889223878223,54365,1.0087741538847002,53377.06195189954,1.0388000000000002,1.0128597981706795
17.357,-19460.0,1.0351225383666505,54497,1.0116983045817685,53501.6741008366,1.04188,1.011797190879296
17.362,-19465.0,1.0374320487155273,54630,1.0146043962998172,53627.21886822616,1.04496,1.037955162549279
17.366,-19471.0,1.0402034611341795,54764,1.0174672577902888,53753.70422091167,1.04802,1.0478200022008335
17.371,-19480.0,1.0443605797621582,54896,1.0204012261632258,53880.959831586144,1.05126,1.050374598057197
17.375,-19486.0,1.0471319921808109,55031,1.0233978941109652,54008.9537463517,1.05421,1.052630338762344
17.379,-19493.0,1.0503653066692382,55169,1.0263952354656647,54137.9533763602,1.05728,1.0552494109777688
17.384,-19499.0,1.0531367190878906,55308,1.0293931706071904,54268.07628066597,1.06037,1.0584057561987792
17.388,-19505.0,1.055908131506543,55454,1.0323643228810406,54399.6625883424,1.06333,1.0631300811396034
17.392,-19510.0,1.05821764185542,55596,1.0352845525058436,54532.716626384456,1.06643,1.0653027004582194
17.397,-19517.0,1.0614509563438477,55742,1.038187186758802,54667.064857993406,1.06952,1.0601750812379958
17.401,-19524.0,1.0646842708322757,55890,1.041128918921573,54802.908968843,1.07262,1.0688394520418047
17.405,-19530.0,1.0674556832509277,56041,1.0440778198125722,54940.36768094523,1.07572,1.0727692282494181
17.41,-19537.0,1.0706889977393554,56194,1.047033041838687,55079.5456792394,1.07866,1.0722304769090032
17.414,-19543.0,1.073460410158008,56350,1.049993837621804,55220.53527126247,1.08176,1.0748975250216812
17.418,-19550.0,1.0766937246464356,56510,1.0529595481499072,55363.53608538357,1.08474,1.0783799333641673
17.423,-19555.0,1.0790032349953125,56672,1.0559022858808933,55508.66502955514,1.08784,1.076973449555741
17.427,-19561.0,1.081774647413965,56838,1.058797460550479,55656.025189141816,1.09094,1.0761993204869051
17.431,-19568.0,1.085007961902393,57032,1.0617053086639496,55807.24451356479,1.0939,1.0886992520742058
17.436,-19575.0,1.0882412763908202,57205,1.0646516382275046,55962.280537043305,1.09742,1.0816701212776034
17.44,-19581.0,1.0910126888094729,57380,1.0676045929465483,56119.55876239602,1.1005,1.098402649100769
17.445,-19589.0,1.0947079053676758,57564,1.0705906959454192,56279.4643747161,1.10346,1.0907281462475764
17.449,-19596.0,1.0979412198561036,57753,1.0736333343922884,56442.514369008575,1.10655,1.0821791796650015
17.453,-19601.0,1.1002507302049804,57944,1.0766439044853444,56608.75079169799,1.10964,1.1094581655333386
17.458,-19607.0,1.1030221426236329,58143,1.0795988913715844,56778.38807005083,1.11258,1.1110006371004384
17.462,-19613.0,1.1057935550422853,58345,1.082532173368303,56951.67439596717,1.11566,1.1153708572467644
17.466,-19619.0,1.1085649674609377,58555,1.0854463167486617,57128.82861642868,1.1187200000000002,1.1180265366669624
17.471,-19624.0,1.1108744778098143,58768,1.0883162779148012,57310.04370308903,1.12178,1.1217609029925415
17.475,-19633.0,1.115031596437793,58993,1.0912292000864716,57495.72628122779,1.1247,1.1245586412266966
17.48,-19639.0,1.1178030088564452,59230,1.094207310226234,57686.76695544496,1.12776,1.1275476202884747
17.484,-19646.0,1.121036323344873,59471,1.0971882879515762,57883.47809070881,1.13082,1.1307066483134771
17.488,-19651.0,1.12334583369375,59720,1.1001444877658673,58085.89864998991,1.13402,1.1339785913461926
17.493,-19658.0,1.126579148182178,59984,1.103078839280338,58294.71328085182,1.13708,1.1370764096890973
17.497,-19664.0,1.12935056060083,60251,1.106021232172474,58510.23009470667,1.14013,1.129652054053071
17.502,-19670.0,1.1321219730194825,60527,1.108943409223399,58732.36606909231,1.14332,1.127133330762656
17.506,-19675.0,1.1344314833683593,60809,1.1118204542007133,58961.22534988271,1.14625,1.132152003770555
17.51,-19685.0,1.1390505040661134,61101,1.1147669290788351,59196.95888668324,1.14918,1.1185873332769731
17.515,-19691.0,1.1418219164847656,61404,1.1178019312759224,59439.99536859083,1.15238,1.1523754835452167
17.519,-19697.0,1.144593328903418,61705,1.120805767989623,59690.0033899657,1.1553,1.153696226888998
17.523,-19703.0,1.1473647413220704,62004,1.1237821240644728,59945.92220267913,1.15823,1.1550814719569176
17.528,-19709.0,1.1501361537407226,62297,1.1267342486681693,60206.58000635007,1.16144,1.1602339750664665
17.532,-19717.0,1.1538313702989258,62584,1.1297196197002102,60470.707078585416,1.1643599999999998,1.164210905960602
17.536,-19722.0,1.1561408806478028,62868,1.1327069998277215,60737.36117455107,1.16743,1.1673568590995462
17.541,-19728.0,1.158912293066455,63154,1.1356415386092364,61006.18439471717,1.1705,1.1568684822428035
17.545,-19735.0,1.1621456075548828,63427,1.1385840966269365,61276.26998175695,1.1735600000000002,1.1531674025309402
17.549,-19743.0,1.165840824113086,63692,1.1415883386245518,61546.22721463576,1.1766100000000002,1.1548998986288148
17.554,-19748.0,1.1681503344619628,63956,1.144592358512894,61815.539212704505,1.17954,1.168833336208188
17.558,-19754.0,1.1709217468806152,64212,1.147541569656531,62083.75020859164,1.18258,1.154301915677166
17.562,-19761.0,1.174155061369043,64463,1.1504970652526267,62350.22185289753,1.18563,1.1702290064760348
17.567,-19768.0,1.1773883758574708,64710,1.153485408708472,62614.62774092263,1.18869,1.188060207814727
17.571,-19773.0,1.1796978862063476,64955,1.156448103367631,62876.85741255244,1.19177,1.1848104484523843
17.576,-19780.0,1.1829312006947754,65191,1.1593881818103189,63136.51788091421,1.19496,1.1891204795997066
17.58,-19788.0,1.1866264172529786,65417,1.1623902374049655,63392.78968467796,1.19801,1.1922534874154938
17.584,-19795.0,1.1898597317414064,65643,1.1654469422957212,63645.48230793295,1.20091,1.198538076319325
17.589,-19802.0,1.193093046229834,65861,1.1685245285860322,63894.54599517295,1.20409,1.199658678591004
17.593,-19806.0,1.1949406545089356,66073,1.1715386080231909,64139.58216933915,1.20713,1.1981667019167122
17.598,-19814.0,1.1986358710671388,66287,1.1745239957751914,64380.83055302396,1.21018,1.2057515417267983
17.602,-19820.0,1.201407283485791,66493,1.1775386970940196,64618.38429047336,1.21324,1.210208180764862
17.606,-19827.0,1.2046405979742187,66693,1.1805519396478763,64851.85257386296,1.21629,1.215993367693541
17.611,-19832.0,1.2069501083230958,66888,1.1835365894653005,65081.06815464369,1.21934,1.2149788248773326
17.615,-19841.0,1.2111072269510743,67078,1.1865506400990955,65305.94267626177,1.22238,1.2183044994079575
17.62,-19847.0,1.2138786393697265,67270,1.1896179217980063,65526.812050764565,1.22527,1.2238000612463649
17.624,-19855.0,1.2175738559279297,67463,1.1927048343497295,65744.32717809205,1.2283,1.2282797465416
17.628,-19859.0,1.2194214642070311,67649,1.1957544438079335,65958.52994258633,1.23149,1.2314475273842227
17.633,-19863.0,1.2212690724861328,67828,1.1986619349032768,66168.9843372234,1.23454,1.232750948428711
17.637,-19871.0,1.224964289044336,68009,1.2015533367641933,66375.83796275726,1.2376,1.2346327450733154
17.642,-19878.0,1.2281976035327635,68189,1.2045124710427295,66579.57567278168,1.24064,1.2401644720078369
17.646,-19886.0,1.231892820090967,68361,1.207531329410382,66780.03382035083,1.24381,1.2410063442871504
17.651,-19891.0,1.2342023304398435,68530,1.2105482375052474,66976.94987248705,1.2468400000000002,1.245372747826563
17.655,-19899.0,1.2378975469980469,68696,1.213563425917429,67170.38792373266,1.24986,1.2421019754497897
17.659,-19906.0,1.241130861486475,68859,1.2166317108697324,67360.40449042492,1.25276,1.2519726815441017
17.664,-19912.0,1.243902273905127,69023,1.219692201607151,67547.2858762933,1.25579,1.2545565006261261
17.668,-19918.0,1.2466736863237793,69182,1.222718513228845,67731.16629920967,1.25882,1.2475601521656623
17.672,-19924.0,1.2494450987424317,69338,1.2257146868955515,67911.92763823358,1.26185,1.243590440611251
17.677,-19930.0,1.252216511161084,69494,1.2286842859621965,68089.76132541697,1.26473,1.254301099825523
17.681,-19938.0,1.255911727719287,69647,1.2316850653676437,68264.83615888236,1.26774,1.2596719795709688
17.685,-19945.0,1.2591450422077148,69803,1.2347406449591685,68437.4783311332,1.27076,1.256925806992426
17.69,-19952.0,1.2623783566961426,69956,1.237817238999772,68607.97546736922,1.27378,1.250087323487454
17.694,-19957.0,1.2646878670450197,70110,1.240857749953902,68776.46295068877,1.27681,1.276208617595557
17.699,-19964.0,1.2679211815334472,70265,1.2438664440978864,68943.2966267871,1.27984,1.2757924527200835
17.703,-19970.0,1.2706925939520997,70416,1.246874389733985,69108.49468102945,1.28288,1.265428707540711
17.707,-19976.0,1.273464006370752,70571,1.2498543689136352,69272.25050083049,1.28591,1.2632566558979161
17.712,-19983.0,1.2766973208591796,70720,1.2528369946933178,69434.61637368865,1.28894,1.2862972382993292
17.716,-19991.0,1.2803925374173828,70870,1.2558765670492964,69595.46105270843,1.29199,1.2814772121429077
17.721,-19997.0,1.2831639498360352,71020,1.2589390464665653,69755.02351332872,1.29504,1.281749002879241
17.725,-20005.0,1.2868591663942384,71168,1.2620217245334315,69913.33712358412,1.29794,1.2946624176413668
17.729,-20011.0,1.2896305788128906,71318,1.2651222130667032,70070.54954104134,1.30101,1.290690607817707
17.734,-20017.0,1.292401991231543,71465,1.268183793353062,70226.73184760757,1.3040699999999998,1.2920821020173936
17.738,-20022.0,1.29471150158042,71614,1.2711837592528623,70381.94672083527,1.30713,1.3061564338480898
17.742,-20028.0,1.2974829139990722,71762,1.2741293957304616,70536.36766240423,1.31004,1.2907241775124605
17.747,-20037.0,1.3016400326270507,71907,1.2771363522069017,70689.8520730715,1.31311,1.3128528955164382
17.751,-20043.0,1.3044114450457032,72055,1.280197378524697,70842.51068337614,1.31617,1.3150529640823796
17.755,-20050.0,1.307644759534131,72203,1.28325146885077,70994.61848384696,1.31907,1.3112813386655
17.76,-20057.0,1.3108780740225583,72353,1.286326749708917,71146.35883416657,1.32212,1.3218745146540207
17.764,-20063.0,1.313649486441211,72502,1.2893934091926869,71297.83429712568,1.32517,1.3249754002348146
17.768,-20069.0,1.3164208988598634,72650,1.2924251602002723,71448.95795683214,1.32822,1.3281681464558985
17.773,-20075.0,1.3191923112785156,72799,1.2954261301281955,71599.77140867137,1.33111,1.316856076126439
17.777,-20080.0,1.3215018216273926,72946,1.2983726519228578,71750.25221260946,1.3341500000000002,1.3340958858261391
17.781,-20090.0,1.3261208423251465,73096,1.3013803890410796,71900.49881660021,1.33719,1.3201398312979813
17.786,-20096.0,1.328892254743799,73248,1.3044694101498742,72050.8344982136,1.34008,1.3380556053814112
17.79,-20102.0,1.331663667162451,73399,1.3075208788603363,72201.30784277261,1.34311,1.3266925987713087
17.794,-20108.0,1.3344350795811035,73553,1.3105392351725809,72352.020808522,1.34615,1.3433024961483861
17.799,-20116.0,1.338130296139307,73714,1.313583007020695,72503.53623787385,1.34919,1.3329901765861882
17.803,-20122.0,1.340901708557959,73875,1.3166491894040084,72656.17307349085,1.35236,1.3467237641079035
17.808,-20129.0,1.3441350230463869,74033,1.3197078261692503,72809.62137394093,1.35541,1.342805152324572
17.812,-20135.0,1.346906435465039,74193,1.3227598094710256,72963.72607844856,1.35847,1.3491508405780737
17.817,-20142.0,1.3501397499534669,74356,1.3258059259802226,73118.70516420182,1.36151,1.3594790404968378
17.821,-20149.0,1.3533730644418946,74520,1.3288741758040967,73274.69171850327,1.3647,1.3500388767868392
17.825,-20157.0,1.3570682810000976,74690,1.3319892484629647,73431.98044529784,1.36775,1.3586660471136975
17.83,-20164.0,1.3603015954885254,74853,1.3351456078685355,73590.35826509049,1.37094,1.3681899972279132
17.834,-20171.0,1.3635349099769531,75020,1.3383110660425432,73749.51905700163,1.37386,1.350501179555815
17.839,-20176.0,1.3658444203258302,75186,1.3414299342974918,73909.54759867575,1.37693,1.3634401237977174
17.843,-20183.0,1.3690777348142578,75358,1.3445077211829048,74070.63687888483,1.37999,1.3573564804274285
17.847,-20190.0,1.3723110493026855,75528,1.3476038968425592,74232.89795101555,1.38304,1.3603784720104517
17.852,-20196.0,1.375082461721338,75697,1.3506889806352658,74396.01491629808,1.38611,1.3686923808163962
17.856,-20203.0,1.3783157762097658,75874,1.3537642840056383,74560.30040016325,1.38902,1.373048223178734
17.86,-20210.0,1.381549090698193,76050,1.3568582697881435,74726.03006483823,1.39193,1.3702073976002915
17.865,-20217.0,1.384782405186621,76231,1.3599687290716151,74893.26962749095,1.39499,1.3671300204907728
17.869,-20224.0,1.3880157196750489,76422,1.3630937141150448,75062.72732660535,1.39806,1.3763692257213518
17.873,-20229.0,1.3903252300239255,76617,1.3661768945717074,75234.96854483605,1.40112,1.3710765263750777
17.878,-20238.0,1.3944823486519042,76806,1.369277826094821,75409.54593857638,1.4043100000000002,1.3931493330246831
17.882,-20243.0,1.3967918590007813,76999,1.3723944098906846,75586.06505579928,1.40739,1.394021610563096
17.887,-20250.0,1.400025173489209,77192,1.375470182419564,75764.53278681682,1.41031,1.390959656477848
17.891,-20259.0,1.4041822921171876,77392,1.378619194786192,75945.1325594588,1.41336,1.4094674396102957
17.895,-20266.0,1.4074156066056152,77595,1.3818327874933756,76128.20346619547,1.4163,1.4047872476183962
17.9,-20272.0,1.4101870190242676,77799,1.3850214055530812,76313.68980258379,1.41939,1.4120679805113396
17.904,-20279.0,1.4134203335126954,78003,1.388188001837631,76501.36509819177,1.42246,1.4147000587553682
17.908,-20284.0,1.4157298438615722,78206,1.3913078736388549,76690.91142447764,1.42554,1.4169403248548202
17.913,-20291.0,1.41896315835,78404,1.3943865454164552,76881.75285612833,1.42849,1.4046534475363308
17.917,-20298.0,1.4221964728384278,78604,1.3974835013432505,77073.55891443434,1.43158,1.4045463183421414
17.921,-20306.0,1.425891689396631,78799,1.4006238860448488,77266.03819476861,1.43465,1.413429034919243
17.926,-20314.0,1.429586905954834,78991,1.4038298711772077,77458.63815968319,1.43775,1.4113785492669146
17.93,-20320.0,1.4323583183734865,79178,1.4070390875903755,77650.87160088195,1.4407,1.4171027844755477
17.934,-20326.0,1.435129730792139,79362,1.4101965403380528,77842.3089150417,1.4438,1.4402519431711092
17.939,-20331.0,1.4374392411410155,79546,1.413281043238373,78032.86687988731,1.44691,1.4282842562929399
17.943,-20343.0,1.4429820659783203,79725,1.4164650601910036,78222.35387811733,1.45003,1.4483883939788682
17.948,-20347.0,1.4448296742574218,79897,1.4197095187241435,78410.18712648058,1.45313,1.4422777476770405
17.952,-20356.0,1.4489867928854003,80066,1.4229253531952049,78595.97098177894,1.45624,1.442220938852827
17.956,-20362.0,1.4517582053040528,80237,1.4261705608607722,78779.88863618363,1.45935,1.457617567315221
17.961,-20371.0,1.4559153239320313,80399,1.429441668787218,78961.74691779244,1.46248,1.454690260950064
17.965,-20377.0,1.4586867363506837,80562,1.4327356146625096,79141.31637694592,1.4656,1.4530042936059142
17.969,-20382.0,1.4609962466995603,80717,1.435940472453498,79318.45381031554,1.46873,1.4513898926967572
17.974,-20389.0,1.4642295611879883,80871,1.4390940819197946,79492.914711394,1.47186,1.4521582744959682
17.978,-20395.0,1.4670009736066407,81018,1.4422298088447962,79664.54260024823,1.475,1.4550943266117182
17.982,-20404.0,1.4711580922346192,81163,1.4454043804635808,79833.14038092048,1.47798,1.4603506881344828
17.987,-20410.0,1.4739295046532714,81310,1.4486132039817463,79999.06631763013,1.48112,1.4676986506309566
17.991,-20418.0,1.4776247212114746,81453,1.4518249231847578,80162.51808050516,1.48426,1.477700506645245
17.996,-20426.0,1.4813199377696775,81595,1.4550938085983869,80323.49261599421,1.48739,1.484367553794278
18.0,-20432.0,1.4840913501883302,81736,1.4583584882909708,80482.16458377425,1.49052,1.4707379661601299
18.004,-20439.0,1.487324664676758,81870,1.4615921530768368,80638.33328828655,1.49366,1.4845716636497197
18.009,-20446.0,1.4905579791651855,82004,1.4648257764453572,80791.88088056802,1.4968,1.4854895015771008
18.013,-20452.0,1.493329391583838,82135,1.4680320568452652,80942.9399150933,1.49992,1.4880767489800897
18.018,-20462.0,1.4979484122815918,82265,1.4712961465115602,81091.56815638847,1.50306,1.4866999054031242
18.022,-20468.0,1.5007198247002442,82395,1.4746112103774889,81237.99389139505,1.5062,1.4960523464898234
18.026,-20476.0,1.5044150412584474,82519,1.4779166086225364,81382.12282860767,1.50933,1.4870994729456464
18.031,-20482.0,1.5071864536770996,82645,1.4812134840594058,81523.99005985261,1.51231,1.5113832387874027
18.035,-20489.0,1.5104197681655274,82766,1.4844755379323356,81663.68564527875,1.51546,1.5099429049383297
18.039,-20496.0,1.5136530826539552,82887,1.4877341938100337,81801.17076199678,1.5186,1.4969445484873822
18.044,-20503.0,1.516886397142383,83011,1.4909898534537696,81936.88411651336,1.52173,1.5046739118563195
18.048,-20510.0,1.5201197116308105,83129,1.4942428711226508,82070.85784057663,1.52487,1.5106265881003371
18.052,-20519.0,1.524276830258789,83245,1.4975481720865087,82202.82467985687,1.52789,1.5122236412985532
18.057,-20526.0,1.5275101447472168,83363,1.500899574640686,82333.02191796475,1.53103,1.5052856045178178
18.061,-20534.0,1.53120536130542,83478,1.504264321524869,82461.59966593447,1.53401,1.5008152554962881
18.065,-20538.0,1.5330529695845214,83592,1.5075589156302227,82588.51293426057,1.53717,1.5091679696571627
18.07,-20546.0,1.5367481861427246,83706,1.5107916514561626,82713.89940495486,1.54018,1.517414268542907
18.074,-20553.0,1.5399815006311524,83821,1.514051762148381,82837.99871601962,1.54334,1.539408559692379
18.078,-20561.0,1.5436767171893555,83933,1.5173360110451788,82960.84481971472,1.54649,1.5288070803688203
18.083,-20567.0,1.546448129608008,84047,1.5206142377226504,83082.52677135903,1.54967,1.5238074942527815
18.087,-20575.0,1.550143346166211,84160,1.5238871542166623,83203.24133162893,1.55267,1.542213964020088
18.091,-20582.0,1.5533766606546386,84272,1.5271826948239056,83322.98464505027,1.55583,1.553476699527935
18.096,-20590.0,1.5570718772128418,84385,1.530498184586992,83441.87154679495,1.55885,1.545331394061439
18.1,-20597.0,1.5603051917012696,84498,1.533831264821573,83560.06241191935,1.56203,1.55472892246548
18.104,-20603.0,1.563076604119922,84609,1.5371252428253832,83677.5213013756,1.5652,1.559177106266131
18.109,-20612.0,1.5672337227479003,84722,1.5404393547391333,83794.33476015671,1.56838,1.566179262025421
18.113,-20619.0,1.570467037236328,84833,1.5437985264823493,83910.57910062616,1.57158,1.5646552509471963
18.117,-20627.0,1.5741622537945312,84946,1.5471701239670987,84026.32161237078,1.57477,1.5642655236992211
18.122,-20633.0,1.5769336662131836,85061,1.550525371590142,84141.8580985967,1.57796,1.5777089672480715
18.126,-20642.0,1.5810907848411622,85174,1.553893508922263,84257.21291868885,1.58116,1.572300471982557
18.131,-20649.0,1.58432409932959,85287,1.5573003183995904,84372.28931711041,1.58437,1.5714351446240356
18.135,-20655.0,1.587095511748242,85397,1.5606593082842537,84486.94286079818,1.58757,1.5786772446976576
18.139,-20662.0,1.59032882623667,85510,1.563976132515983,84601.22354589489,1.59066,1.5806556623672638
18.144,-20669.0,1.5935621407250975,85623,1.5672830829903426,84715.35280945187,1.59402,1.5857107278896676
18.148,-20676.0,1.5967954552135255,85735,1.5705813271290094,84829.28943736637,1.59725,1.5935961840460542
18.153,-20686.0,1.6014144759112794,85845,1.5739538136685125,84942.87885368177,1.6005,1.5804680923996828
18.157,-20691.0,1.6037239862601562,85956,1.5773371516773411,85056.10299349281,1.60373,1.5932872662618953
18.161,-20700.0,1.6078811048881347,86066,1.5807027516860075,85169.00504519204,1.60696,1.605593299672124
18.166,-20708.0,1.611576321446338,86179,1.584134630288037,85281.7413255962,1.61022,1.6075521785622957
18.17,-20714.0,1.6143477338649903,86290,1.5875430317028234,85394.3905520378,1.61331,1.6133559802262682
18.174,-20719.0,1.6166572442138671,86402,1.590848812406071,85506.90389992681,1.61656,1.6111812304476791
18.179,-20728.0,1.6208143628418457,86516,1.594146025081273,85619.47478702833,1.6198,1.6198259349201485
18.183,-20736.0,1.6245095794000488,86629,1.5975176021121826,85732.15552760284,1.62292,1.619952928770653
18.187,-20743.0,1.6277428938884766,86745,1.60090013814798,85845.05136794236,1.62616,1.6232481614185745
18.192,-20752.0,1.6319000125164551,86863,1.604319643901208,85958.4324627575,1.62941,1.6247387766342758
18.196,-20759.0,1.635133327004883,86983,1.6077717482649094,86072.47790767463,1.63253,1.6316841598064171
18.2,-20766.0,1.638366641493311,87102,1.6111979840525852,86187.16827079318,1.6358,1.6125788102698484
18.205,-20772.0,1.6411380539119629,87219,1.6145741033817775,86302.24994814953,1.63906,1.6339280005925594
18.209,-20781.0,1.6452951725399414,87338,1.617960644658152,86417.67667278506,1.64234,1.61164950249019
18.213,-20785.0,1.647142780819043,87459,1.621301762748445,86533.64411769526,1.64547,1.626697829670297
18.218,-20795.0,1.651761801516797,87582,1.6246301347019834,86650.32482051913,1.64875,1.628546076074769
18.222,-20801.0,1.6545332139354492,87708,1.6280018804521086,86767.93003634075,1.65203,1.6385462497430001
18.226,-20808.0,1.657766528423877,87844,1.6313299523621634,86887.11898172222,1.65517,1.6226793028274569
18.231,-20817.0,1.6619236470518557,87980,1.6347014335443846,87008.29557869828,1.65874,1.653594905794858
18.236,-20825.0,1.6656188636100586,88116,1.6381384979606195,87131.22481769035,1.66219,1.660300936299645
18.24,-20830.0,1.6679283739589357,88254,1.6415241655976949,87255.81771022404,1.66565,1.6587368317064037
18.245,-20837.0,1.6711616884473632,88394,1.644837206895014,87382.11402415388,1.6691,1.6566198860078907
18.25,-20846.0,1.6753188070753418,88536,1.648195434605913,87510.14882539025,1.67252,1.6598735888477494
18.254,-20854.0,1.679014023633545,88672,1.651620812572289,87639.48009465329,1.67598,1.6691321439457654
18.258,-20861.0,1.6822473381219727,88817,1.6550507884009835,87770.13189650414,1.67925,1.6675657666881398
18.263,-20869.0,1.6859425546801758,88961,1.658484818464688,87902.42103722265,1.68252,1.6634274202849848
18.267,-20877.0,1.689637771238379,89108,1.6619497298599957,88036.27216117854,1.6858,1.658226471230873
18.272,-20885.0,1.693332987796582,89255,1.665441871338999,88171.67793979644,1.68909,1.6876708674987468
18.276,-20893.0,1.6970282043547853,89404,1.6689580233583374,88308.57279359618,1.69237,1.6771073891292494
18.28,-20898.0,1.699337714703662,89557,1.6724134276919855,88447.13536646371,1.69552,1.668006115352418
18.285,-20904.0,1.7021091271223143,89711,1.675760653933624,88587.46406296435,1.6988,1.6657054906268653
18.289,-20913.0,1.706266245750293,89868,1.6791217182907248,88729.58653542236,1.70207,1.6977458234754532
18.293,-20920.0,1.7094995602387208,90034,1.6825222910647828,88874.00010587463,1.70518,1.6976320098542277
18.298,-20928.0,1.7131947767969238,90204,1.6859303945379849,89021.2024129865,1.70846,1.6875240121872457
18.302,-20938.0,1.7178137974946777,90379,1.689427057664376,89171.39578762803,1.71173,1.7016545091316255
18.307,-20944.0,1.72058520991333,90556,1.692947196715051,89324.64040332545,1.71499,1.7031692628167523
18.311,-20948.0,1.7224328181924318,90735,1.696324197329489,89480.81196680815,1.71827,1.7011376794372142
18.315,-20957.0,1.7265899368204105,90918,1.6996569027960524,89639.91911538974,1.72156,1.7190675310892183
18.319,-20963.0,1.7293613492390625,91106,1.703005163238941,89802.14681734519,1.72482,1.722041435430913
18.324,-20970.0,1.7325946637274905,91300,1.706312526622243,89967.77640605826,1.72793,1.7230666012249292
18.328,-20977.0,1.735827978215918,91499,1.709611134849648,90137.0559515178,1.73105,1.7263873103585199
18.332,-20987.0,1.740446998913672,91705,1.712983942429933,90310.26331060588,1.73446,1.7207445835685122
18.337,-20993.0,1.7432184113323244,91926,1.71639486996959,90488.2346618275,1.7374,1.736054425466204
18.341,-21000.0,1.746451725820752,92149,1.7197574910183282,90671.41173130643,1.74068,1.7378450947330952
18.345,-21005.0,1.748761236169629,92379,1.7230502106359546,90859.71107858927,1.74409,1.7325328302920937
18.35,-21012.0,1.7519945506580568,92622,1.7262812936038392,91053.7094201594,1.7472,1.7451941416541743
18.354,-21021.0,1.7561516692860353,92869,1.7295672533115738,91253.73793235268,1.75059,1.7470486855353529
18.359,-21028.0,1.7593849837744628,93129,1.732901601419078,91460.08863493887,1.75371,1.7499942860979667
18.363,-21035.0,1.7626182982628906,93397,1.7362240038373546,91673.25549038,1.75695,1.7455197506157665
18.368,-21045.0,1.7672373189606445,93680,1.7396177923072331,91893.79229238248,1.76032,1.7362960076124376
18.372,-21052.0,1.7704706334490723,93964,1.7430745265135448,92121.7735351854,1.76356,1.7513405675467977
18.376,-21058.0,1.7732420458677247,94261,1.7464775382871016,92357.14667042188,1.76666,1.7590835131345897
18.381,-21064.0,1.776013458286377,94551,1.7498058730404826,92599.3924235909,1.7702,1.7568960926105885
18.385,-21071.0,1.7792467727748047,94838,1.7530956666440891,92847.1070381465,1.77345,1.773293343383935
18.389,-21079.0,1.7829419893330078,95126,1.7564060888993354,93099.52566958946,1.77672,1.772758463113597
18.394,-21087.0,1.786637205891211,95404,1.759762007230064,93355.56008287104,1.77998,1.7782669249395977
18.398,-21097.0,1.7912562265889649,95683,1.7632126553135985,93614.2507101902,1.78307,1.7822710150638517
18.403,-21103.0,1.7940276390076173,95954,1.7666922199005706,93874.86967284292,1.78634,1.7860890068478927
18.407,-21109.0,1.7967990514262695,96220,1.770088056261175,94136.42044832993,1.78959,1.7621265548276162
18.411,-21116.0,1.8000323659146973,96483,1.7734373704333204,94398.31992477224,1.79271,1.7754245280604068
18.415,-21123.0,1.803265680403125,96737,1.776772969406655,94659.81746481473,1.796,1.7706642095367242
18.42,-21129.0,1.8060370928217773,96997,1.7800691683466583,94920.78323913278,1.79931,1.7748873420750824
18.424,-21137.0,1.8097323093799804,97242,1.7833579321564288,95180.7480643608,1.80259,1.7934596690191043
18.429,-21145.0,1.813427525938184,97483,1.7866947528235395,95438.70705695778,1.80588,1.7996827768946955
18.433,-21156.0,1.8185084487057128,97718,1.790155867700035,95694.30620215896,1.80917,1.795152760936588
18.438,-21162.0,1.8212798611243648,97949,1.7936719679890876,95947.23334206273,1.81245,1.8084417849538634
18.442,-21169.0,1.824513175612793,98186,1.7971273267087688,96197.92263546224,1.81571,1.8114587514078615
18.447,-21175.0,1.8272845880314448,98404,1.800529125626075,96445.87014751315,1.81915,1.8185130096385969
18.451,-21180.0,1.8295940983803225,98617,1.8038290844767773,96689.98123463229,1.82245,1.818594632627917
18.455,-21188.0,1.8332893149385248,98827,1.8070938571967377,96930.23655655496,1.82573,1.8212904886356478
18.46,-21196.0,1.8369845314967288,99032,1.8104095233556217,97166.61905970874,1.829,1.8259038225399822
18.464,-21202.0,1.839755943915381,99231,1.813715452681641,97398.93635465456,1.83226,1.8301896631924859
18.468,-21209.0,1.8429892584038088,99425,1.816985489958994,97627.01879907916,1.83549,1.814459757253538
18.473,-21218.0,1.847146377031787,99612,1.820305798221408,97850.657690896,1.83856,1.8365014455498356
18.477,-21224.0,1.8499177894504395,99804,1.823643127241035,98070.26017784137,1.8418,1.8326878707679435
18.481,-21229.0,1.8522272997993168,99989,1.826886238779187,98286.18526862234,1.84502,1.84465060589414
18.486,-21237.0,1.85592251635752,100168,1.8301008855169367,98498.09923325344,1.84824,1.8482564854620382
18.49,-21243.0,1.858693928776172,100345,1.8333177394323588,98706.00338723267,1.85143,1.8514658207555665
18.495,-21251.0,1.862389145334375,100517,1.836536539560253,98909.95800791794,1.85463,1.8505240947500559
18.499,-21257.0,1.865160557753028,100687,1.839757055790589,99110.016245786,1.85763,1.856893504266695
18.503,-21265.0,1.8688557743112304,100861,1.842979085220345,99306.75702365497,1.8608,1.8608511215248729
18.508,-21272.0,1.8720890887996584,101028,1.8462297553849365,99500.395228535,1.86395,1.8631593265088913
18.512,-21279.0,1.875322403288086,101195,1.849478373504716,99690.883870725,1.86711,1.853457110779074
18.516,-21286.0,1.878555717776513,101359,1.8527251822027824,99878.41798593124,1.87027,1.8683438159727284
18.521,-21291.0,1.8808652281253904,101520,1.855915782519264,100062.99219766096,1.87343,1.8536163188565633
18.525,-21298.0,1.8840985426138184,101682,1.859056820240627,100244.83823469974,1.87644,1.8660167400620669
18.529,-21305.0,1.8873318571022464,101839,1.8622087682866173,100424.04219263275,1.87956,1.8633464359489227
18.534,-21314.0,1.891488975730225,101994,1.865424949573716,100600.5026353591,1.8827,1.8560512323175353
18.538,-21321.0,1.8947222902186525,102151,1.8686977694978348,100774.54394183644,1.88581,1.857212019898371
18.542,-21328.0,1.89795560470708,102306,1.8719659185048685,100946.452138143,1.88894,1.8747281528197155
18.547,-21333.0,1.900265115055957,102458,1.875175335963264,101116.1838451351,1.89193,1.8812096044285986
18.551,-21339.0,1.9030365274746093,102610,1.878305659537389,101283.81904738804,1.89507,1.8814650373668211
18.555,-21347.0,1.9067317440328129,102764,1.8814481602211417,101449.72385950452,1.89803,1.8852891940230152
18.56,-21352.0,1.9090412543816893,102914,1.8845740918082243,101613.98463901252,1.90112,1.8934864171258896
18.564,-21360.0,1.9127364709398929,103066,1.8876854133423835,101776.67753297542,1.90422,1.8880170279388635
18.569,-21367.0,1.9159697854283204,103217,1.890838465136706,101938.04703741644,1.90731,1.9067777803497705
18.573,-21375.0,1.919665001986524,103367,1.894028313222441,102098.1313882294,1.91039,1.9087676604956287
18.577,-21381.0,1.922436414405176,103521,1.8972233005493824,102257.25988748224,1.91333,1.905229868533195
18.582,-21387.0,1.925207826823828,103681,1.900368206583925,102416.13672406248,1.91643,1.9159062115930048
18.586,-21393.0,1.9279792392424808,103837,1.903468952677402,102574.90988804951,1.91977,1.9088040479632733
18.591,-21400.0,1.931212553730908,103986,1.9065580665196264,102732.94134577928,1.92284,1.9223195264452575
18.595,-21407.0,1.934445868219336,104134,1.9096642298956763,102889.84585355944,1.9259,1.920740615858403
18.599,-21415.0,1.938141084777539,104282,1.9128127334056555,103045.69753868863,1.92896,1.922363183757123
18.604,-21421.0,1.9409124971961915,104431,1.915971264524276,103200.67999883456,1.93187,1.9154292459287001
18.608,-21429.0,1.944607713754395,104583,1.9191386376392856,103355.13247622456,1.93492,1.93444230219741
18.612,-21435.0,1.9473791261730469,104732,1.922313807319056,103509.11763326108,1.93796,1.924245152019206
18.617,-21441.0,1.9501505385916995,104880,1.9254412388418751,103662.45425388048,1.94099,1.922753598403568
18.621,-21446.0,1.952460048940576,105029,1.9284992700707004,103815.219017653,1.94388,1.939319960478419
18.625,-21454.0,1.9561552654987795,105176,1.931550719431533,103967.4204205582,1.94691,1.9240800154085496
18.63,-21461.0,1.959388579987207,105323,1.934650978026662,104119.00683665782,1.94992,1.921132676842029
18.634,-21467.0,1.96215999240586,105478,1.937739662009805,104270.52391797016,1.95279,1.9225604850050377
18.639,-21476.0,1.966317111033838,105633,1.9408727527993124,104422.45280145916,1.95592,1.9313958597772913
18.643,-21483.0,1.9695504255222656,105794,1.94407230641378,104575.09950216356,1.95893,1.9285660829232683
18.648,-21488.0,1.9718599358711424,105946,1.94722123884178,104728.20179691978,1.96205,1.9578628654840433
18.652,-21494.0,1.974631348289795,106102,1.9502982288206712,104881.41023167135,1.96503,1.9462489180681604
18.656,-21500.0,1.9774027607084472,106252,1.953339088899407,105034.59402218284,1.96801,1.9621165241840686
18.661,-21507.0,1.980636075196875,106401,1.956375397337559,105187.3422604788,1.97085,1.9484187358216136
18.665,-21512.0,1.982945585545752,106557,1.95938038584918,105340.06114837076,1.97381,1.964144872774273
18.669,-21520.0,1.9866408021039552,106711,1.9623850639875973,105493.04974308492,1.97677,1.9766000702958209
18.674,-21528.0,1.990336018662158,106871,1.9654713877944368,105646.51262548025,1.97974,1.9720194202070478
18.678,-21535.0,1.993569333150586,107030,1.9686023974626023,105800.68930523725,1.98269,1.9813461298144233
18.682,-21540.0,1.995878843499463,107190,1.971690890223731,105955.49538667127,1.98564,1.9801801378804886
18.687,-21547.0,1.9991121579878908,107354,1.974741893055605,106111.15203959135,1.98847,1.9847060695723229
18.691,-21553.0,2.001883570406543,107524,1.9777871450205584,106268.14987082676,1.99142,1.9897012052301113
18.696,-21558.0,2.00419308075542,107696,1.9807727131746853,106426.80324561392,1.9945,1.9861979569377717
18.7,-21565.0,2.007426395243848,107861,1.983732960669356,106586.62083411343,1.9976,1.9906705145594032
18.705,-21573.0,2.011121611802051,108032,1.9867528006322608,106747.40586835836,2.00043,2.00066543657604
18.709,-21579.0,2.013893024220703,108209,1.9897978807119043,106909.75337136872,2.00339,2.0005029479657854
18.714,-21589.0,2.0185120449184573,108379,1.9929198295447363,107073.4194875731,2.00648,1.9978340915510953
18.718,-21593.0,2.0203596531975587,108558,1.9960549456730143,107238.36654580584,2.00945,1.9961059390971894
18.722,-21600.0,2.0235929676859863,108737,1.9991197529195488,107404.97515072596,2.01242,1.9955160048510563
18.727,-21607.0,2.0268262821744143,108918,2.0022044835852646,107573.16708449656,2.01539,1.9961344695346126
18.731,-21611.0,2.028673890453516,109100,2.0052248626840674,107742.93249474806,2.01822,2.001864944153728
18.735,-21619.0,2.0323691070117187,109284,2.00821580525851,107914.26269400386,2.0212,2.0007200279007282
18.74,-21625.0,2.035140519430372,109473,2.011235404626488,108087.38649153907,2.02417,2.0050217998093363
18.744,-21632.0,2.038373833918799,109668,2.014252966109658,108262.74211300087,2.02714,2.011052626660604
18.748,-21641.0,2.042530952546777,109870,2.0173506500016263,108440.83420531188,2.0301,2.0136166118170644
18.753,-21646.0,2.0448404628956545,110075,2.0204643701493468,108621.93039637688,2.03308,2.009238784522226
18.757,-21651.0,2.047149973244532,110280,2.0234830047164576,108805.85284938826,2.03607,2.0097688569854473
18.762,-21658.0,2.050383287732959,110489,2.026472409023554,108992.50387143424,2.03892,2.023341760030631
18.766,-21664.0,2.0531547001516115,110696,2.0294633455526734,109181.6790855096,2.04192,2.0385945523955002
18.77,-21672.0,2.0568499167098144,110901,2.0324829395900954,109372.8435746977,2.04491,2.0271135826534987
18.775,-21681.0,2.061007035337793,111106,2.035609722165918,109565.64390266876,2.04792,2.0432056223405795
18.779,-21686.0,2.06331654568667,111311,2.0387491005205773,109759.88665635984,2.05077,2.0405201130258543
18.783,-21693.0,2.0665498601750976,111512,2.0418449724982684,109955.16482127194,2.0538,2.0514887739352243
18.788,-21699.0,2.06932127259375,111709,2.0449297885147866,110150.88303659228,2.05681,2.049100544200936
18.792,-21705.0,2.0720926850124024,111901,2.047977549321195,110346.4572164741,2.05972,2.0586106447482106
18.796,-21710.0,2.0744021953612792,112090,2.050965329684423,110541.4314517384,2.06275,2.0569662064838266
18.801,-21717.0,2.0776355098497072,112275,2.0539275278281046,110735.46285493184,2.0658,2.063516798789261
18.805,-21724.0,2.080868824338135,112459,2.0569217813571967,110928.36731462376,2.06884,2.063876240314629
18.809,-21734.0,2.085487845035889,112644,2.0600262195544947,111120.2780747479,2.07187,2.0702266235580815
18.814,-21740.0,2.088259257454541,112818,2.063200508310116,111310.72145119442,2.07491,2.069842519596027
18.818,-21746.0,2.0910306698731933,112988,2.066327163064672,111498.98417880984,2.07796,2.07660910353795
18.822,-21752.0,2.093802082291846,113155,2.069411815814509,111684.91026437929,2.08102,2.0770802787509006
18.827,-21756.0,2.0956496905709474,113319,2.0724048197615628,111868.42127591118,2.08394,2.0786389040550675
18.831,-21764.0,2.0993449071291503,113480,2.075371623879708,112049.4480548043,2.08701,2.0828549347447116
18.836,-21773.0,2.103502025757129,113636,2.0784518581415323,112227.8113846156,2.09007,2.0881644846995524
18.84,-21780.0,2.1067353402455566,113794,2.081604804709026,112403.64882550864,2.09313,2.093155342906749
18.844,-21787.0,2.109968654733984,113944,2.0847672535611665,112576.9043210569,2.09618,2.0962369607439597
18.849,-21795.0,2.113663871292188,114097,2.087965387645516,112747.58756005144,2.09911,2.099164216098402
18.853,-21800.0,2.1159733816410644,114246,2.091140374829487,112915.94355532082,2.10233,2.101220527784314
18.857,-21807.0,2.1192066961294924,114392,2.0942676454338605,113081.83364626742,2.10528,2.1019576999272656
18.862,-21813.0,2.1219781085481446,114533,2.097380147666876,113245.07644940352,2.10837,2.104737376050129
18.866,-21820.0,2.125211423036572,114674,2.100479627663891,113405.6893792732,2.11146,2.1114303880255205
18.871,-21826.0,2.127982835455225,114818,2.103567625106309,113564.160730595,2.11469,2.11299842699119
18.875,-21834.0,2.131678052013428,114955,2.106672804079855,113720.50724287948,2.11779,2.109769519630503
18.879,-21840.0,2.13444946443208,115093,2.10979313312972,113874.62544164974,2.12088,2.11222570448715
18.884,-21851.0,2.1395303871996094,115229,2.1130087403344526,114026.71967369964,2.12399,2.11589900965435
18.888,-21856.0,2.1418398975484862,115366,2.1162810540527173,114176.97012492172,2.1271,2.1159635690082568
18.893,-21861.0,2.1441494078973635,115496,2.1194395309120893,114325.24008997936,2.13023,2.1049903521833033
18.897,-21867.0,2.146920820316016,115625,2.122524936838468,114471.29079206844,2.13337,2.1064067573269862
18.901,-21873.0,2.149692232734668,115752,2.125573217806866,114615.20727309854,2.13651,2.1116220882448715
18.906,-21882.0,2.1538493513626467,115881,2.128670682623789,114757.24187225876,2.1395,2.1361792509689543
18.91,-21890.0,2.1575445679208496,116005,2.1318661289434715,114897.43974127364,2.14263,2.1340694773074675
18.914,-21897.0,2.1607778824092776,116133,2.1350933590465564,115035.9589281578,2.14578,2.1363210354759485
18.919,-21904.0,2.164011196897705,116256,2.1383213085356947,115172.93879415117,2.14893,2.13256634272663
18.923,-21909.0,2.166320707246582,116379,2.141495279457947,115308.26575355628,2.15196,2.1380495062772433
18.927,-21915.0,2.169092119665234,116501,2.14459434750986,115442.0761200472,2.15512,2.128517900812679
18.932,-21923.0,2.1727873362234376,116621,2.147709288161657,115574.37185548364,2.1583,2.1436925490440673
18.936,-21929.0,2.1755587486420898,116739,2.150838224719749,115705.09557236797,2.16145,2.161036557687907
18.94,-21936.0,2.1787920631305178,116862,2.153952195932786,115834.61049018348,2.16448,2.163677374286147
18.945,-21945.0,2.182949181758496,116983,2.1571348905699854,115963.23688323254,2.16763,2.160654525701819
18.949,-21953.0,2.1866443983166994,117103,2.1604054895796265,116090.90245386628,2.1708,2.1703546368660427
18.954,-21958.0,2.1889539086655763,117223,2.1636443738133115,116217.6616873285,2.17396,2.1693744448373184
18.958,-21964.0,2.1917253210842285,117343,2.166800680164594,116343.62174420874,2.17699,2.1466405495454786
18.962,-21968.0,2.19357292936333,117462,2.169856865764224,116468.8179975888,2.18016,2.1528939795180824
18.967,-21976.0,2.1972681459215333,117579,2.1728793812652123,116593.16340342654,2.18331,2.16710867104745
18.971,-21984.0,2.200963362479736,117696,2.1759814334377188,116716.64032671171,2.18646,2.1604925561921795
18.975,-21993.0,2.205120481107715,117814,2.1791809247279383,116839.41056969824,2.1896,2.1674573230173015
18.98,-21999.0,2.207891893526367,117934,2.1824117215452983,116961.73503877858,2.19275,2.1671792903596296
18.984,-22004.0,2.210201403875244,118051,2.1855608966942666,117083.60732254168,2.19577,2.1825343977716405
18.988,-22013.0,2.2143585225032227,118172,2.188720020040777,117205.14000242318,2.19893,2.1968607027367217
18.993,-22019.0,2.217129934921875,118291,2.1919152218099724,117326.49146621328,2.20209,2.176085074973636
18.997,-22023.0,2.2189775432009764,118412,2.195005704035757,117447.68313995936,2.20527,2.196982758411843
19.002,-22033.0,2.2235965638987305,118533,2.1981130740048176,117568.8521511994,2.20843,2.1832081846484046
19.006,-22041.0,2.227291780456933,118653,2.2013445607912447,117689.9420620327,2.21175,2.2032347531275795
19.01,-22046.0,2.2296012908058107,118774,2.204548957227405,117810.96222487962,2.21491,2.2118768089080083
19.015,-22054.0,2.2332965073640136,118895,2.207729466335305,117931.98000377648,2.21809,2.205622960666768
19.019,-22062.0,2.236991723922217,119017,2.210970831773017,118053.05479798657,2.22114,2.209176600283378
19.024,-22068.0,2.239763136340869,119141,2.2142112453083915,118174.35721850832,2.22435,2.206711610326365
19.028,-22074.0,2.2425345487595214,119267,2.2173962065929302,118296.09682158128,2.22757,2.207556406887649
19.032,-22082.0,2.246229765317725,119393,2.220586884908613,118418.340151811,2.23093,2.2018349323180506
19.037,-22088.0,2.249001177736377,119518,2.2237826043034343,118540.96853372302,2.23401,2.2238162010776046
19.041,-22095.0,2.2522344922248045,119644,2.226955462298199,118663.93644081066,2.23724,2.2364500057078094
19.045,-22104.0,2.256391610852784,119776,2.2301900812505675,118787.6175511665,2.24048,2.2263924162998756
19.05,-22111.0,2.259624925341211,119907,2.233479158866386,118912.22312633564,2.24356,2.2372238025145537
19.054,-22118.0,2.262858239829639,120039,2.236761643340275,119037.64386241048,2.24683,2.234368176219975
19.058,-22124.0,2.265629652248291,120174,2.2400110077627806,119164.01984859831,2.25011,2.226910301157095
19.063,-22128.0,2.2674772605273925,120308,2.2431492487316707,119291.3563758929,2.25324,2.2332887595040347
19.067,-22136.0,2.271172477085596,120454,2.2462441178021653,119420.1901662853,2.25652,2.249645569159762
19.072,-22144.0,2.274867693643799,120597,2.249409968834728,119550.87624775727,2.25995,2.252462646883366
19.076,-22152.0,2.278562910202002,120743,2.2526384092916336,119683.19561505291,2.26323,2.2533993448225025
19.08,-22160.0,2.282258126760205,120889,2.2559220389251324,119817.13250915028,2.26652,2.2519744701766746
19.085,-22169.0,2.286415245388184,121038,2.2592816389024883,119952.67303429198,2.2698,2.256419212293645
19.089,-22175.0,2.289186657806836,121193,2.262653613989202,120090.15964206745,2.27311,2.2484794455409904
19.094,-22180.0,2.291496168155713,121347,2.2659272752238047,120229.65782478286,2.27642,2.245116023656257
19.098,-22186.0,2.294267580574365,121503,2.2691142467244347,120370.98886168524,2.27974,2.2529294246191403
19.102,-22194.0,2.2979627971325685,121665,2.272306697578722,120514.40898481528,2.28305,2.269882330479716
19.107,-22200.0,2.3007342095512207,121829,2.27550397993641,120660.14413067086,2.28637,2.268333230052419
19.111,-22209.0,2.3048913281791994,122000,2.278732828993923,120808.45263959188,2.28969,2.2894317230611763
19.116,-22217.0,2.3085865447374023,122172,2.282044125365459,120959.50318970368,2.293,2.275988820130259
19.12,-22225.0,2.3122817612956057,122351,2.2854008144615165,121113.444515508,2.29633,2.292836622497002
19.124,-22231.0,2.315053173714258,122530,2.2887429163861475,121270.34864851592,2.29966,2.2911062897949566
19.129,-22237.0,2.31782458613291,122711,2.2920175429540968,121429.98351662028,2.30285,2.2698620093151938
19.133,-22242.0,2.320134096481788,122897,2.2952053656520834,121592.44007369922,2.3062,2.300422665750589
19.137,-22249.0,2.323367410970215,123090,2.2983439541661057,121758.09410670488,2.30954,2.29384408393533
19.142,-22258.0,2.327524529598193,123290,2.301548355482758,121927.39520629108,2.31303,2.3073839367495013
19.146,-22265.0,2.330757844086621,123496,2.3048107882388207,122100.68068845553,2.31621,2.313058635154841
19.151,-22272.0,2.333991158575049,123707,2.308069778202482,122278.12975191316,2.31954,2.310934142682748
19.155,-22280.0,2.337686375133252,123923,2.311353038879834,122459.84129045824,2.32287,2.3061613786805943
19.159,-22286.0,2.3404577875519044,124156,2.3146303941797832,122646.61191396684,2.32604,2.3054980996316004
19.164,-22293.0,2.343691102040332,124389,2.317875235875177,122838.84845832248,2.32954,2.299033791554038
19.168,-22299.0,2.346462514458985,124629,2.3210914082053824,123036.3184832771,2.33302,2.327574646153718
19.172,-22306.0,2.349695828947412,124884,2.3242823008869107,123239.7037920692,2.33606,2.3333465785373453
19.177,-22316.0,2.3543148496451662,125140,2.32756012864679,123449.25087068668,2.33953,2.3253618513711096
19.181,-22323.0,2.357548164133594,125404,2.330914612733865,123664.7632401151,2.34288,2.3375531286578237
19.186,-22331.0,2.3612433806917967,125680,2.334282076806536,123886.71794336784,2.34605,2.3397728339826926
19.19,-22338.0,2.3644766951802247,125973,2.337660986178867,124116.0676769524,2.34937,2.3454449880091515
19.194,-22343.0,2.3667862055291016,126275,2.3409680682734884,124353.47514330783,2.35271,2.3378428389611647
19.199,-22348.0,2.3690957158779784,126585,2.3441572026773696,124598.9926338093,2.35606,2.336494211261492
19.203,-22355.0,2.3723290303664064,126907,2.347296947808009,124852.8436093642,2.35924,2.3501383755321976
19.207,-22363.0,2.3760242469246093,127229,2.3504750625407125,125114.7521708459,2.36272,2.3592867444495766
19.212,-22372.0,2.380181365552588,127555,2.3537416231499253,125384.0021008248,2.36608,2.3612059051705128
19.216,-22379.0,2.383414680041016,127872,2.357058865807343,125659.42980711532,2.36941,2.3659804699115132
19.221,-22387.0,2.387109896599219,128187,2.360393491683153,125939.65457023052,2.37303,2.3444156598496297
19.225,-22396.0,2.3912670152271973,128493,2.363798058372572,126223.45891976883,2.37637,2.353150941262899
19.23,-22401.0,2.393576525576074,128796,2.367182377093132,126509.71021529449,2.37971,2.377677668107865
19.234,-22406.0,2.3958860359249514,129090,2.3704396160663275,126797.40973388124,2.38304,2.3786892521367786
19.238,-22412.0,2.398657448343604,129373,2.37361210698826,127085.20389722368,2.38638,2.386336881956586
19.243,-22422.0,2.4032764690413573,129648,2.3768464022685767,127371.95828446718,2.38974,2.389734993825879
19.247,-22428.0,2.40604788146001,129914,2.3801351944816416,127656.790837569,2.39309,2.3903323865393773
19.252,-22439.0,2.411128804227539,130175,2.383499346642028,127939.10114063046,2.39626,2.3936211592136583
19.256,-22445.0,2.413900216646192,130429,2.386929948581821,128218.47800259848,2.39959,2.397176347177894
19.26,-22451.0,2.416671629064844,130682,2.390282611383793,128494.79531909944,2.40291,2.400490157987585
19.265,-22460.0,2.4208287476928225,130923,2.393648469510631,128767.64630869737,2.40625,2.4029530989267722
19.269,-22464.0,2.422676355971924,131164,2.3969713499193306,129036.73140307338,2.40958,2.4079288540186066
19.273,-22471.0,2.425909670460352,131391,2.400201721175104,129301.66821851238,2.41292,2.412920929214549
19.278,-22477.0,2.428681082879004,131610,2.403405133975149,129561.64664317988,2.41609,2.416104160238597
19.282,-22485.0,2.432376299437207,131830,2.406612082195186,129816.8391096096,2.41942,2.4194291889955184
19.286,-22492.0,2.4356096139256347,132043,2.4098494542737967,130067.45678020747,2.42255,2.4225668684429484
19.291,-22500.0,2.439304830483838,132254,2.413113653052302,130313.50849844332,2.42585,2.4258941825834706
19.295,-22507.0,2.4425381449722656,132463,2.416401506681343,130555.29764916837,2.42914,2.4291996301767345
19.299,-22514.0,2.4457714594606936,132668,2.419682911886281,130792.97351179326,2.43243,2.4324656322903504
19.304,-22518.0,2.447619067739795,132868,2.422876711750502,131026.49036351584,2.43574,2.4325600752398997
19.308,-22526.0,2.451314284297998,133062,2.4260205707217346,131255.6896527652,2.43889,2.434577485848658
19.312,-22533.0,2.454547598786426,133251,2.4292023128959324,131480.4315742829,2.44219,2.4389334945806502
19.317,-22542.0,2.4587047174144043,133439,2.432444765608601,131700.88843964378,2.44546,2.4448797088026413
19.321,-22550.0,2.462399933972608,133625,2.4357680572099145,131917.3895393913,2.4485900000000003,2.447851590416402
19.325,-22557.0,2.465633248461036,133810,2.4391080168339805,132130.225230469,2.45186,2.451575318598984
19.33,-22564.0,2.468866562949463,133994,2.442435367292309,132339.71065692423,2.45515,2.450116300905547
19.334,-22566.0,2.4697903670890136,134182,2.4456150671858343,132546.41928879978,2.45843,2.4473110845825152
19.339,-22573.0,2.4730236815774416,134364,2.4486645739488,132750.56120503834,2.46188,2.4477726344837354
19.343,-22583.0,2.4776427022751952,134543,2.451817732525197,132951.90782415977,2.46516,2.459905325888621
19.348,-22590.0,2.4808760167636232,134715,2.4550622876641275,133150.19847357096,2.46859,2.4440919422125305
19.352,-22598.0,2.484571233321826,134883,2.458332820215289,133345.14418385187,2.47187,2.460602768193215
19.357,-22606.0,2.488266449880029,135050,2.461653565192913,133536.8448562073,2.47513,2.462992440364372
19.361,-22613.0,2.491499764368457,135220,2.4649912792928186,133725.8024018256,2.47839,2.4534691096230015
19.365,-22620.0,2.4947330788568847,135385,2.468316649726076,133912.22291893905,2.48164,2.4475594856652862
19.37,-22624.0,2.4965806871359866,135547,2.471549216598864,134095.93343341295,2.48477,2.4659051232486853
19.374,-22634.0,2.50119970783374,135712,2.474781871865833,134277.25436185356,2.48804,2.48761888692931
19.378,-22640.0,2.5039711202523924,135879,2.4780692179721924,134456.76382346256,2.49131,2.4739992358930816
19.383,-22646.0,2.506742532671045,136050,2.4812955627648123,134635.03070103386,2.49473,2.485060186571427
19.387,-22652.0,2.5095139450896973,136223,2.4844681187215105,134812.55661562097,2.49814,2.469987815604049
19.392,-22661.0,2.513671063717676,136383,2.4876751648989828,134988.77888345846,2.50154,2.4786708254288135
19.397,-22669.0,2.517366280275879,136543,2.4909672362495274,135163.08311478567,2.50478,2.4821118755481506
19.401,-22678.0,2.5215233989038577,136704,2.4943342798392463,135335.75520565335,2.50803,2.4820277702891556
19.405,-22685.0,2.524756713392285,136865,2.49774012489258,135507.04724925145,2.51129,2.4949916137891206
19.41,-22689.0,2.5266043216713867,137023,2.5010436514852463,135676.94506299347,2.51455,2.5140639632808552
19.414,-22697.0,2.53029953822959,137179,2.5042842636676936,135845.31790637327,2.51781,2.497383154616825
19.418,-22703.0,2.5330709506482423,137333,2.5075240130087857,136012.10961435904,2.52093,2.5023277480739083
19.423,-22711.0,2.536766167206445,137490,2.510763001526393,136177.56624956723,2.5242,2.494204214903158
19.427,-22720.0,2.540923285834424,137645,2.5140832385210383,136341.90478145127,2.5273,2.501636972762064
19.431,-22727.0,2.5441566003228515,137804,2.517447811147466,136505.3756435233,2.53055,2.529418136609594
19.436,-22732.0,2.546466110671729,137962,2.520742251598394,136668.2587767378,2.53365,2.5094718382830026
19.44,-22737.0,2.5487756210206056,138122,2.523920239040732,136830.6827884932,2.53691,2.536575431530136
19.444,-22745.0,2.5524708375788085,138280,2.527077461616778,136992.701962921,2.54018,2.5200785516479884
19.449,-22751.0,2.555242249997461,138439,2.5302436809044764,137154.3050484822,2.54344,2.523957064053737
19.453,-22759.0,2.558937466555664,138600,2.533417833179471,137315.71859355088,2.54655,2.5457761423298217
19.457,-22768.0,2.5630945851836424,138759,2.53668089983135,137476.9650084083,2.54981,2.524286881566101
19.462,-22776.0,2.566789801741846,138919,2.540022368087,137638.00493626329,2.55305,2.5513053851679004
19.466,-22783.0,2.5700231162302734,139084,2.5433783552524045,137799.21749544883,2.55631,2.5361264844186566
19.47,-22786.0,2.5714088224395995,139247,2.5466106124460564,137960.75962712735,2.5594200000000003,2.558247522776899
19.475,-22794.0,2.575104038997803,139412,2.549761075304025,138122.5923643627,2.5627,2.559497220792652
19.479,-22800.0,2.577875451416455,139577,2.552921334107527,138284.79958226136,2.56597,2.5494077120845686
19.483,-22809.0,2.5820325700444338,139743,2.556117537083189,138447.39612157637,2.56923,2.5646789854093677
19.488,-22814.0,2.5843420803933106,139918,2.559318127930952,138610.92712494434,2.57235,2.5719289623645434
19.492,-22822.0,2.588037296951513,140088,2.562495281403417,138775.5185757894,2.57574,2.566843595077035
19.496,-22832.0,2.592656317649268,140262,2.565788300855038,138940.9859749242,2.57899,2.5541909183648186
19.501,-22837.0,2.5949658279981445,140437,2.5691015675508204,139107.52134176955,2.5821,2.5719403667146064
19.505,-22844.0,2.5981991424865725,140612,2.572350768217289,139275.05752277968,2.58538,2.5630334258087544
19.51,-22849.0,2.6005086528354493,140789,2.57554347768828,139443.59442169205,2.58864,2.5633558976193855
19.514,-22857.0,2.604203869393652,140971,2.578713681636941,139613.4275406128,2.59189,2.5665710394892107
19.518,-22862.0,2.606513379742529,141152,2.581864040999088,139784.6400908249,2.59515,2.575101091221871
19.523,-22871.0,2.610670498370508,141337,2.5850242085435746,139957.24632774483,2.59825,2.567180170212512
19.527,-22879.0,2.614365714928711,141524,2.588274943946689,140131.43617349525,2.60147,2.5823554470109675
19.531,-22886.0,2.6175990294171387,141714,2.591550926039767,140307.31797739814,2.60473,2.590464079626663
19.535,-22891.0,2.619908539766016,141908,2.5947672504408845,140485.10551291046,2.60784,2.6017579140451526
19.54,-22899.0,2.623603756324219,142104,2.597958277213253,140664.92816063092,2.61096,2.6105950077303857
19.544,-22906.0,2.6268370708126465,142302,2.6011816103132928,140846.7817690748,2.61424,2.602624545554587
19.548,-22912.0,2.6296084832312987,142504,2.6043788171125035,141030.78091240217,2.61737,2.596694150935889
19.553,-22920.0,2.633303699789502,142711,2.6075802930969427,141217.2039703132,2.62064,2.6062610522383234
19.557,-22928.0,2.636998916347705,142921,2.6108401463968463,141406.23729094374,2.62391,2.5961686758426317
19.561,-22935.0,2.640232230836133,143137,2.614124168334057,141598.10430699357,2.62718,2.6196127058873224
19.566,-22941.0,2.643003643254785,143351,2.617374888438224,141792.7064466558,2.63033,2.6214712085556373
19.57,-22947.0,2.6457750556734374,143566,2.620568937696507,141989.66120575368,2.63364,2.6302859443343647
19.574,-22953.0,2.64854646809209,143780,2.623713016574747,142188.69042281082,2.6368,2.6286939847387463
19.579,-22961.0,2.652241684650293,143986,2.626867646207053,142389.0167681389,2.6401,2.6337929147859924
19.583,-22969.0,2.6559369012084963,144190,2.63008619202366,142589.8957020685,2.64339,2.6417739909740807
19.587,-22976.0,2.659170215696924,144400,2.633333790459388,142791.4983589894,2.64652,2.6250132887467523
19.592,-22984.0,2.662865432255127,144608,2.636607006483775,142993.97563925193,2.64994,2.6269831219895767
19.596,-22990.0,2.6656368446737795,144806,2.6398755047582423,143196.5147231754,2.65321,2.650535008628255
19.601,-22997.0,2.668870159162207,145000,2.643112536636746,143398.2806598525,2.65649,2.648330674983898
19.605,-23002.0,2.671179669511084,145191,2.6462945160939206,143598.95104040712,2.65978,2.648826026332632
19.61,-23011.0,2.6753367881390626,145375,2.6494825651379856,143798.0642237183,2.66321,2.650468064370166
19.614,-23016.0,2.6776462984879394,145553,2.6526759661325805,143995.03579851607,2.66634,2.655364297558815
19.618,-23025.0,2.681803417115918,145732,2.655874086290932,144189.8233904564,2.66962,2.662597357779446
19.623,-23032.0,2.6850367316043457,145910,2.659130980540157,144382.68522230454,2.67303,2.665812642426183
19.627,-23040.0,2.6887319481625487,146086,2.662412393289438,144573.67163371763,2.6763,2.672928884893208
19.632,-23049.0,2.6928890667905274,146251,2.665770038495428,144762.23583847942,2.67972,2.6693849070670637
19.636,-23054.0,2.6951985771394043,146414,2.669112983484529,144947.8956995297,2.683,2.6781393850135906
19.641,-23061.0,2.6984318916278323,146574,2.672388353437394,145130.69902436426,2.6863,2.6827148827955902
19.645,-23067.0,2.7012033040464845,146727,2.6756314445228093,145310.39238098226,2.68974,2.6824658853488303
19.649,-23074.0,2.704436618534912,146888,2.6788460732260466,145487.4025932353,2.6930300000000003,2.6835097878534855
19.654,-23081.0,2.70766993302334,147042,2.682062911239264,145662.1060195445,2.69648,2.684413099814691
19.659,-23089.0,2.711365149581543,147193,2.6853090037933853,145834.1842282983,2.69991,2.682754352758411
19.663,-23097.0,2.7150603661397463,147337,2.6886081984320067,146003.35643758153,2.70335,2.6862198646287094
19.668,-23105.0,2.7187555826979493,147478,2.69195421664106,146169.37506367103,2.70664,2.6946396675438105
19.672,-23113.0,2.722450799256152,147616,2.695341522245298,146332.25826544428,2.70993,2.6792222180538325
19.676,-23119.0,2.725222211674805,147754,2.698710620741545,146492.1994069598,2.71322,2.6847149751427244
19.681,-23125.0,2.727993624093457,147889,2.7020090519470017,146649.3689899164,2.71639,2.7009100268200728
19.685,-23133.0,2.7316888406516604,148021,2.7052997840907778,146803.74000458716,2.71985,2.707744434757896
19.69,-23139.0,2.7344602530703126,148150,2.7085837274698505,146955.28863473466,2.723,2.7145477957715287
19.694,-23146.0,2.73769356755874,148276,2.711834378304185,147103.99388002945,2.72631,2.719999588472115
19.698,-23154.0,2.7413887841169435,148404,2.715110285827455,147250.1328100989,2.72962,2.719661719439004
19.703,-23162.0,2.7450840006751465,148531,2.718435770268463,147394.06797009474,2.73277,2.732743604919835
19.707,-23170.0,2.74877921723335,148656,2.72180496991051,147535.88257012726,2.73606,2.7285907965776737
19.711,-23175.0,2.7510887275822267,148780,2.7251307967510527,147675.64998197643,2.73935,2.728616008396287
19.716,-23182.0,2.7543220420706542,148903,2.7283910725161427,147813.49401972236,2.74267,2.7189993722248538
19.72,-23188.0,2.757093454489307,149024,2.731620854071979,147949.46474091528,2.74598,2.721368765984521
19.724,-23196.0,2.76078867104751,149145,2.734851053343375,148083.6654019587,2.74928,2.7480086416615146
19.729,-23202.0,2.763560083466162,149264,2.738081620941818,148216.18705075642,2.75258,2.7292662245993498
19.733,-23212.0,2.768179104163916,149384,2.7413671262147115,148347.1690875795,2.75573,2.745670211335802
19.738,-23219.0,2.771412418652344,149502,2.744728380065623,148476.7344307365,2.75918,2.7525113519798774
19.742,-23227.0,2.775107635210547,149618,2.7481018134804915,148604.8141131227,2.76233,2.7403040875464755
19.746,-23233.0,2.7778790476291992,149734,2.751458679962833,148731.4655567397,2.76566,2.7585510859225533
19.751,-23239.0,2.7806504600478514,149849,2.754746325404041,148856.79851170798,2.76899,2.7674442725144974
19.755,-23245.0,2.783421872466504,149961,2.7579729341397146,148980.73239967274,2.77217,2.7721733125330803
19.759,-23251.0,2.7861932848851563,150078,2.7611457228322136,149103.55087382902,2.7755,2.7653744953011197
19.764,-23260.0,2.790350403513135,150193,2.764352974228018,149225.563167092,2.7788500000000003,2.757593219903219
19.768,-23268.0,2.794045620071338,150309,2.7676452265329465,149346.80548069684,2.78217,2.776671907549675
19.772,-23275.0,2.797278934559765,150425,2.770957816785468,149467.42797042787,2.78549,2.763442644714551
19.777,-23282.0,2.800512249048193,150540,2.7742610338842826,149587.4448036363,2.78882,2.7791616093545026
19.781,-23288.0,2.8032836614668457,150654,2.7775286796140586,149706.8093552019,2.79216,2.7892717994316927
19.786,-23294.0,2.806055073885498,150768,2.780737653300079,149825.5396301135,2.79549,2.7820859552005035
19.79,-23302.0,2.8097502904437013,150880,2.78394950491588,149943.5923871463,2.79882,2.788702957857625
19.794,-23309.0,2.812983604932129,150996,2.787191200638261,150061.1659672826,2.80215,2.797667354643632
19.799,-23315.0,2.815755017350781,151107,2.790404598958927,150178.25790850708,2.80533,2.79791404625717
19.803,-23325.0,2.820374038048535,151219,2.79367496496008,150294.68868770788,2.80866,2.790582760415778
19.807,-23332.0,2.823607352536963,151334,2.7970228695279387,150410.77294683098,2.8118,2.793538444820127
19.812,-23337.0,2.82591686288584,151445,2.8003026126647845,150526.4925392093,2.81514,2.8084239883700675
19.816,-23343.0,2.828688275304492,151556,2.803494946975194,150641.6541115509,2.81846,2.796753640941592
19.82,-23351.0,2.832383491862696,151671,2.8066921265685454,150756.56011083006,2.82163,2.7975522423234294
19.825,-23358.0,2.835616806351123,151785,2.8099208850120427,150871.4181068677,2.82496,2.8247094812879316
19.829,-23365.0,2.8388501208395507,151897,2.8131501821385774,150986.05642312492,2.82829,2.807780729165267
19.833,-23372.0,2.8420834353279787,152015,2.8163799542570715,151100.73750298528,2.83145,2.805789741732604
19.838,-23380.0,2.8457786518861816,152133,2.8196374516551868,151215.8109946876,2.83476,2.801998528127143
19.842,-23387.0,2.8490119663746096,152254,2.822919396240173,151331.40785369056,2.83808,2.8243011957679207
19.846,-23393.0,2.851783378793262,152374,2.826168284607429,151447.5844345636,2.8414,2.822101719434912
19.851,-23400.0,2.8550166932816894,152494,2.829388025152079,151564.21307661282,2.84471,2.8314082099299305
19.855,-23407.0,2.8582500077701174,152617,2.832609370609187,151681.41768267017,2.84788,2.843884284514587
19.859,-23414.0,2.861483322258545,152745,2.835832131222258,151799.60309292882,2.85121,2.8317486246471684
19.864,-23422.0,2.865178538816748,152871,2.8390834461188548,151918.8306943975,2.85469,2.84165990975451
19.868,-23431.0,2.869335657444726,152998,2.8424145520855983,152038.91814641486,2.85801,2.8504506109715417
19.873,-23438.0,2.872568971933154,153127,2.845788708593438,152159.94113691995,2.86133,2.8598507634228376
19.877,-23446.0,2.8762641884913576,153263,2.84917351912224,152282.32110928858,2.86465,2.859240693009617
19.882,-23452.0,2.8790356009100098,153393,2.852540417547782,152405.95673844582,2.86813,2.852478545442958
19.886,-23458.0,2.881807013328662,153526,2.855836908807444,152530.52220987657,2.8714500000000003,2.8433013653652193
19.89,-23466.0,2.8855022298868653,153658,2.859125930374517,152656.02581866516,2.87478,2.8428177560637162
19.895,-23472.0,2.888273642305517,153794,2.8624083654265733,152782.5339965259,2.87795,2.8547995338154184
19.899,-23479.0,2.891506956793945,153932,2.8656576862706267,152910.2826728252,2.88127,2.8586005283917553
19.903,-23490.0,2.8965878795614746,154072,2.869014340399458,153039.3616470745,2.88457,2.8692056026800365
19.908,-23494.0,2.898435487840576,154217,2.872383717939443,153170.02745355052,2.88786,2.876803364254977
19.912,-23502.0,2.9021307043987794,154360,2.8756823951959603,153302.2698256628,2.89118,2.8815725469411495
19.917,-23507.0,2.904440214747656,154507,2.878946037850761,153436.0205932916,2.89448,2.881658763441477
19.921,-23512.0,2.906749725096533,154659,2.8820968688680795,153571.63346817935,2.89764,2.894893847752571
19.925,-23523.0,2.9118306478640625,154814,2.8853120651981614,153709.3612236358,2.90111,2.895268948766583
19.93,-23528.0,2.91414015821294,154967,2.888584016621456,153849.01292458814,2.90442,2.8898112351101384
19.934,-23537.0,2.918297276840918,155128,2.891851399814681,153990.71579812,2.9076,2.885153935261391
19.938,-23545.0,2.921992493399121,155291,2.8951966742462965,154134.8184982365,2.9109,2.908121262858018
19.943,-23553.0,2.9256877099573244,155459,2.89858332401347,154281.4511037158,2.9142,2.8976039611015043
19.947,-23559.0,2.9284591223759766,155628,2.901951844215413,154430.6691961009,2.91753,2.9140994109270246
19.951,-23564.0,2.930768632724853,155801,2.9052224590528373,154582.462667865,2.92085,2.8911327861337197
19.956,-23570.0,2.933540045143506,155978,2.9084067443464345,154736.99995873505,2.92403,2.916567063593452
19.96,-23577.0,2.9367733596319336,156159,2.911569520148588,154894.42959300135,2.92737,2.918161605226529
19.964,-23585.0,2.940468576190137,156348,2.9147679425260824,155055.11900380504,2.93055,2.909438369200655
19.969,-23594.0,2.944625694818116,156541,2.91805240970987,155219.39218090515,2.93387,2.905690943430475
19.973,-23600.0,2.9473971072367675,156742,2.921358135313452,155387.53480719804,2.93717,2.919296123032563
19.978,-23609.0,2.9515542258647463,156945,2.9246826058519244,155559.68055312647,2.9405,2.930548574318162
19.982,-23615.0,2.9543256382833984,157161,2.928023605021756,155736.24287162308,2.94382,2.93347335342062
19.986,-23620.0,2.956635148632276,157383,2.931269952770655,155917.82280068754,2.94714,2.937135882124015
19.991,-23628.0,2.9603303651904787,157610,2.934487453086438,156104.47737553547,2.95047,2.948555386443648
19.995,-23634.0,2.963101777609131,157841,2.93770682318768,156296.1386530405,2.95381,2.946811388609094
20.0,-23644.0,2.967720798306885,158079,2.940982454897156,156492.86495811283,2.95714,2.9330331910324605
20.004,-23650.0,2.970492210725537,158336,2.9443076961351577,156695.59448059037,2.96045,2.9570890304641404
20.008,-23659.0,2.974649329353516,158590,2.947649374881017,156904.56330965372,2.96377,2.956080176790528
20.013,-23664.0,2.9769588397023927,158861,2.950978241201127,157119.86138573266,2.9671000000000003,2.9501309671285982
20.017,-23671.0,2.9801921541908203,159140,2.954241197073541,157342.2183065405,2.97041,2.960583714483819
20.021,-23677.0,2.982963566609473,159421,2.957473341854761,157571.3906449931,2.97373,2.9479863509790944
20.026,-23684.0,2.9861968810979005,159710,2.960678318487835,157807.1637555576,2.97691,2.9678082239279706
20.03,-23691.0,2.989430195586328,159999,2.963886645641424,158049.23013647675,2.98022,2.971732267737369
20.034,-23699.0,2.9931254121445314,160285,2.96712523361566,158296.66835202876,2.98353,2.9800202921214995
20.039,-23706.0,2.996358726632959,160572,2.9703905045286216,158548.72502965276,2.98668,2.9864525715214816
20.043,-23714.0,3.0000539431911624,160861,2.9736793035285216,158805.03145862534,2.98998,2.9898358740969373
20.048,-23720.0,3.0028253556098146,161140,2.976961542328588,159064.61223128793,2.99325,2.9920131083164816
20.052,-23727.0,3.006058670098242,161414,2.980210690124465,159326.19344532437,2.99669,2.992126099792646
20.056,-23733.0,3.0088300825168948,161684,2.9834306594242457,159589.00652238211,2.99983,2.9913111104114214
20.061,-23740.0,3.0120633970053223,161949,2.9866249001414302,159852.37375681257,3.00327,2.9791719844202422
20.065,-23748.0,3.0157586135635253,162207,2.9898510671861813,160115.52021916313,3.00655,2.981904034011991
20.069,-23755.0,3.0189919280519533,162460,2.993105385755708,160377.7626036061,3.00984,2.986534580889167
20.074,-23764.0,3.023149046679932,162706,2.996411833808489,160638.49839483813,3.01312,2.993082811506212
20.078,-23772.0,3.026844263238135,162956,2.999791554274005,160897.72837240616,3.01627,3.000156713504894
20.083,-23776.0,3.0286918715172364,163200,3.003099351562373,161155.512341085,3.01969,3.006437800027217
20.087,-23783.0,3.031925186005664,163438,3.0063164230474544,161411.31186066978,3.02299,3.0108433198110216
20.091,-23790.0,3.035158500494092,163666,3.0095354150207045,161664.415683733,3.02643,3.0132826209603203
20.096,-23796.0,3.037929912912744,163887,3.012728793965361,161914.13753964347,3.0297400000000003,3.012739337153599
20.1,-23803.0,3.041163227401172,164104,3.015899588232606,162160.22700322192,3.03302,3.0073683787481995
20.105,-23813.0,3.045782248098926,164318,3.019159693910092,162402.69972784858,3.0361700000000003,3.033465086160757
20.109,-23819.0,3.048553660517578,164542,3.022471244833312,162642.39715969365,3.03991,3.0241179962046614
20.114,-23827.0,3.0522488770757814,164748,3.025773545487712,162879.17449575037,3.0430200000000003,3.037388704680672
20.118,-23834.0,3.055482191564209,164948,3.029094996025166,163111.95817540667,3.04629,3.03215895642368
20.122,-23839.0,3.057791701913086,165149,3.032351412918465,163340.92480082077,3.04956,3.0453713691286546
20.127,-23846.0,3.061025016401514,165345,3.0355504854071875,163566.28921102823,3.05283,3.050081816615599
20.131,-23853.0,3.0642583308899414,165532,3.038753606491721,163787.64966964093,3.0561100000000003,3.0385177645491646
20.136,-23859.0,3.067029743308594,165721,3.0419329910389328,164005.06576127236,3.05937,3.042604830015943
20.14,-23867.0,3.070724959866797,165909,3.0451187519816822,164219.0629647409,3.06248,3.057960649780786
20.144,-23874.0,3.0739582743552245,166092,3.0483374418563893,164429.69080720263,3.0658700000000003,3.06233409195013
20.149,-23882.0,3.077653490913428,166272,3.0515851673175383,164636.87472518548,3.06894,3.0678570174403044
20.153,-23890.0,3.081348707471631,166452,3.05488580179676,164840.8445582015,3.07218,3.0635283146606094
20.158,-23896.0,3.0841201198902835,166629,3.058178476710677,165041.80297073515,3.07543,3.0642115536016243
20.162,-23901.0,3.0864296302391603,166802,3.061382213812149,165239.69219568738,3.0787,3.077529770254144
20.166,-23909.0,3.090124846797363,166972,3.064562141541662,165434.46129604027,3.08195,3.0623097291655323
20.171,-23915.0,3.092896259216016,167141,3.067748381443665,165626.24270949603,3.08506,3.0836295246023218
20.175,-23922.0,3.0961295737044434,167310,3.0709128807515,165815.33056720468,3.08831,3.0745620078486606
20.179,-23929.0,3.099362888192871,167476,3.074085516408098,166001.86598898517,3.09154,3.08953223177888
20.184,-23938.0,3.1035200068208497,167647,3.077319939310407,166186.2689963708,3.09476,3.076223621862508
20.188,-23945.0,3.1067533213092773,167810,3.080608844056104,166368.61436274785,3.09801,3.0729385679179493
20.192,-23950.0,3.1090628316581546,167974,3.083836563202659,166548.7315510968,3.10126,3.0849288131804187
20.197,-23950.0,3.1090628316581546,168090,3.0868191858791705,166724.10549191004,3.10435,3.0907578788664525
20.201,-23943.0,3.1058295171697266,168141,3.089258013637642,166888.61673617607,3.10715,3.0836813069111173
20.205,-23936.0,3.102596202681299,168146,3.0910261968210024,167036.987601477,3.10931,3.0824511476721868
20.21,-23927.0,3.09843908405332,168112,3.092148416056552,167166.1014634266,3.11089,3.108592109631807
20.214,-23921.0,3.095667671634668,168052,3.092728353207401,167274.39253903244,3.11198,3.1067795287889917
20.218,-23916.0,3.093358161285791,167967,3.092939350677556,167361.30781889724,3.11252,3.104576728677227
20.223,-23909.0,3.090124846797363,167867,3.0927977235262483,167427.00996994827,3.11253,3.112537643200788
20.227,-23901.0,3.0864296302391603,167753,3.0922632449085548,167472.2927175938,3.11201,3.1044981845085315
20.231,-23896.0,3.0841201198902835,167626,3.091436976433499,167497.97417607627,3.11092,3.1046849935828873
20.236,-23888.0,3.08042490333208,167492,3.090353417815015,167505.18955185046,3.1093200000000003,3.1047374788290205
20.24,-23881.0,3.0771915888436525,167349,3.08898837680396,167495.1763000586,3.10725,3.104664641599009
20.244,-23873.0,3.073496372285449,167199,3.0873751344132843,167469.0255655881,3.10453,3.1044744189719142
20.249,-23865.0,3.069801155727246,167046,3.0855157302339578,167428.05418641889,3.1013200000000003,3.1123333026290085
20.253,-23859.0,3.067029743308594,166887,3.0834938820510462,167373.48242186,3.09812,3.1040107136119994
20.258,-23855.0,3.065182135029492,166724,3.0814380221909463,167306.32713671395,3.09497,3.101329393042643
20.262,-23848.0,3.0619488205410645,166559,3.079324865569096,167227.72143657156,3.09178,3.0942291125436174
20.266,-23843.0,3.059639310192188,166390,3.077133880208129,167138.66445451663,3.08874,3.097768831136517
20.271,-23835.0,3.0559440936339843,166215,3.074846961724814,167039.80072174795,3.08558,3.0816971327881832
20.275,-23826.0,3.051786975006006,166044,3.0723662269592418,166932.17150262976,3.08226,3.0911537802922897
20.279,-23818.0,3.0480917584478027,165865,3.0697145917397903,166816.57671305287,3.0792200000000003,3.080301375568259
20.284,-23813.0,3.045782248098926,165680,3.0670214882395213,166693.1305170424,3.07606,3.073391785089454
20.288,-23806.0,3.0425489336104983,165495,3.06431912590035,166562.40651964291,3.07275,3.076219597365979
20.293,-23801.0,3.040239423261621,165306,3.0616085994391944,166425.0287406191,3.06958,3.0772156601988567
20.297,-23793.0,3.036544206703418,165116,3.0588635676911045,166281.48830148933,3.0664100000000003,3.0737854951653083
20.302,-23788.0,3.034234696354541,164927,3.056088110381604,166132.5138431071,3.06325,3.0698561882932047
20.306,-23781.0,3.031001381866113,164737,3.053313131318943,165978.74785562415,3.06008,3.0889237999071044
20.31,-23773.0,3.0273061653079103,164542,3.050456654612991,165820.40216011627,3.05707,3.071135494029562
20.315,-23764.0,3.023149046679932,164341,3.047473703224409,165657.36794605048,3.0539,3.0628280485766104
20.319,-23758.0,3.02037763426128,164138,3.044433843757832,165489.72662027727,3.05075,3.051951148320544
20.323,-23752.0,3.017606221842627,163926,3.041425724072904,165317.37261233258,3.04772,3.049518310613181
20.328,-23747.0,3.01529671149375,163714,3.03847289787129,165140.33106864925,3.04442,3.0481048217517253
20.332,-23741.0,3.0125252990750977,163497,3.035568827539331,164958.86063206667,3.04138,3.0473055030073866
20.336,-23734.0,3.00929198458667,163277,3.0326531355403032,164773.01201264883,3.03823,3.0424382961142933
20.341,-23726.0,3.0055967680284668,163051,3.029672583063153,164582.77080736822,3.03506,3.0448535131894126
20.345,-23718.0,3.001901551470264,162821,3.0266075324249693,164388.06519873888,3.03189,3.0377468577593065
20.349,-23711.0,2.998668236981836,162584,3.0234952806967272,164188.77274320318,3.02887,3.046362834535559
20.354,-23704.0,2.9954349224934083,162326,3.020368715137866,163983.78047853592,3.02571,3.044711815721339
20.358,-23698.0,2.992663510074756,162079,3.0172568345894524,163773.17114652623,3.0224,3.040095325592737
20.363,-23692.0,2.9898920976561034,161823,3.014185209220525,163557.72711477405,3.01921,3.0497552902701526
20.367,-23687.0,2.9875825873072266,161565,3.0111763859164324,163337.36972163993,3.0162,3.0455385648148514
20.371,-23679.0,2.983887370749024,161297,3.0081683263914454,163111.97048862968,3.01302,3.0321495775868086
20.376,-23672.0,2.980654056260596,161020,3.005106327443821,162881.00230609556,3.00984,3.0364227016527945
20.38,-23664.0,2.9769588397023927,160739,3.0019967665901324,162644.35509147547,3.00683,3.022637534164665
20.384,-23657.0,2.9737255252139647,160449,2.9988452673025856,162401.9317777965,3.00366,3.033465020777798
20.389,-23650.0,2.970492210725537,160163,2.995684094611544,162154.1197139589,3.00047,3.006496810226627
20.393,-23645.0,2.9681827003766603,159883,2.9925690051463625,161902.14721170676,2.99729,3.0125490326255595
20.397,-23639.0,2.965411287958008,159605,2.9895218567145214,161646.9791188022,2.9941,3.0136759110474207
20.402,-23630.0,2.9612541693300294,159331,2.9864253905289275,161389.34796963522,2.99092,3.0100754198033273
20.406,-23625.0,2.958944658981153,159066,2.983312744112318,161130.31350932445,2.98771,3.0031271639279744
20.411,-23617.0,2.955249442422949,158807,2.980213136979226,160870.92841903682,2.98452,2.995003474171879
20.415,-23611.0,2.952478030004297,158559,2.9770977209844016,160612.2391511922,2.98132,2.988138556104358
20.419,-23604.0,2.9492447155158694,158311,2.973995671733607,160354.81372673865,2.97813,2.983262057195052
20.424,-23595.0,2.9450875968878907,158076,2.970823489467889,160099.2712415788,2.97492,2.980181422241791
20.428,-23590.0,2.942778086539014,157850,2.967644079246359,159846.6896495152,2.97172,2.9786381021183574
20.432,-23584.0,2.940006674120361,157630,2.964540215009603,159597.60563092158,2.96864,2.9851270650592996
20.437,-23578.0,2.937235261701709,157419,2.961475658145369,159352.49241187773,2.96544,2.9730770762071628
20.441,-23571.0,2.934001947213281,157210,2.958418454706292,159111.53079708523,2.96238,2.9658392433748046
20.445,-23563.0,2.930306730655078,157007,2.955313122365179,158874.70286164654,2.95918,2.96372068842713
20.45,-23555.0,2.926611514096875,156810,2.952138045184654,158642.22926960042,2.9559800000000003,2.9587168211239483
20.454,-23547.0,2.922916297538672,156617,2.9489014694314983,158414.1863600234,2.95278,2.95401030315151
20.458,-23542.0,2.920606787189795,156429,2.9456925857215466,158190.5823286595,2.94973,2.966232288972218
20.463,-23536.0,2.9178353747711427,156248,2.942562732788227,157971.60175442309,2.94651,2.960905997370852
20.467,-23530.0,2.91506396235249,156071,2.9394752599956373,157757.34827518082,2.94332,2.953112564377778
20.471,-23523.0,2.9118306478640625,155898,2.936397850088293,157547.7359230052,2.94011,2.945299995039585
20.476,-23515.0,2.90813543130586,155730,2.9332747003865443,157342.74801176653,2.93692,2.9606004273107867
20.48,-23507.0,2.904440214747656,155564,2.930083912477364,157142.25159342118,2.93373,2.948606550682161
20.485,-23501.0,2.901668802329004,155399,2.9268880964468087,156945.8929694206,2.93069,2.941080336304256
20.489,-23495.0,2.898897389910352,155241,2.9237424596902546,156753.65584767863,2.92748,2.9345948204306813
20.493,-23490.0,2.8965878795614746,155086,2.920668375719771,156565.64409719556,2.92428,2.9284622418405926
20.498,-23482.0,2.892892663003272,154935,2.917602771609897,156381.77195384933,2.92109,2.9335669230204093
20.502,-23476.0,2.890121250584619,154787,2.9145173382978147,156201.96379382134,2.9179,2.9242295987509275
20.506,-23469.0,2.8868879360961914,154643,2.9114417267334183,156026.15293465968,2.91486,2.918884168382774
20.511,-23460.0,2.882730817468213,154501,2.9082928562996706,155854.22146070094,2.91169,2.9149583152475564
20.515,-23454.0,2.8799594050495605,154359,2.9051066951922,155685.82892842626,2.90853,2.915532754416125
20.519,-23447.0,2.876726090561133,154221,2.9019422653626425,155520.79338138129,2.90536,2.9207651222624897
20.524,-23441.0,2.8739546781424807,154087,2.8987969974178105,155359.19084628552,2.90219,2.9205228213441403
20.528,-23436.0,2.8716451677936035,153952,2.8957232386526712,155200.79277386764,2.89917,2.9041738067549576
20.533,-23429.0,2.868411853305176,153820,2.8926852277457926,155045.3385199351,2.89603,2.9035656146321727
20.537,-23422.0,2.865178538816748,153691,2.889624125160009,154892.83472709774,2.89289,2.9169875972823838
20.541,-23414.0,2.861483322258545,153563,2.886515354687002,154743.1690177829,2.88962,2.9145709090356062
20.546,-23408.0,2.8587119098398928,153435,2.8833918587778777,154596.0649491649,2.88665,2.8905975803101898
20.55,-23401.0,2.8554785953514648,153313,2.8802826849397927,154451.57435056608,2.88339,2.9066571295922343
20.555,-23393.0,2.851783378793262,153193,2.87713152690914,154309.8611580743,2.88042,2.8866940094036053
20.559,-23390.0,2.850397672583936,153075,2.874052574471268,154170.83345523788,2.8773,2.8823896675264775
20.563,-23382.0,2.8467024560257324,152958,2.8710372904127253,154034.35107593067,2.87432,2.883721986960774
20.567,-23377.0,2.8443929456768555,152843,2.868023534019265,153900.29042653958,2.87121,2.892603033657478
20.572,-23369.0,2.8406977291186526,152727,2.865011124667719,153768.42429172213,2.86825,2.87138419525487
20.576,-23363.0,2.8379263167,152614,2.861972596642625,153638.61143829272,2.86517,2.8751748956344163
20.58,-23355.0,2.834231100141797,152499,2.858911038079992,153510.6682143451,2.86209,2.874486090834033
20.585,-23347.0,2.8305358835835936,152385,2.855774559094227,153384.31444722347,2.85899,2.8691874005053513
20.589,-23341.0,2.827764471164941,152274,2.852626630782668,153259.59867741584,2.8559,2.8841644799820356
20.593,-23337.0,2.82591686288584,152166,2.849577832646952,153136.6819410304,2.8529400000000003,2.871894261247422
20.598,-23331.0,2.823145450467188,152051,2.8466164440510733,153015.11506012976,2.84985,2.850238202865281
20.602,-23324.0,2.81991213597876,151936,2.843650210801304,152894.3246130454,2.84662,2.8605919995200804
20.607,-23315.0,2.815755017350781,151827,2.8405977863595884,152774.573502669,2.84326,2.8582027254191047
20.611,-23309.0,2.812983604932129,151721,2.837496667972065,152656.27089981502,2.84032,2.8427899924868223
20.616,-23301.0,2.809288388373926,151611,2.834379919405667,152539.18642309628,2.83726,2.8395432266629075
20.62,-23295.0,2.8065169759552737,151502,2.831249388691388,152422.99869542668,2.83404,2.850161063272074
20.625,-23288.0,2.8032836614668457,151389,2.8281340118068923,152307.424337674,2.83096,2.845679682706642
20.629,-23283.0,2.800974151117969,151283,2.8250593034904634,152192.56818036424,2.82774,2.8345224674945526
20.634,-23275.0,2.797278934559765,151175,2.821993148854059,152078.64089420257,2.82466,2.8274762676799643
20.638,-23269.0,2.7945075221411133,151067,2.8189072301068374,151965.41441950446,2.82143,2.8289941680770907
20.643,-23264.0,2.7921980117922365,150963,2.815885803399102,151853.04236556002,2.81836,2.8506126690064626
20.647,-23256.0,2.788502795234033,150856,2.812866630631316,151741.48282750414,2.8153,2.823787049765084
20.652,-23250.0,2.785731382815381,150752,2.809822138861114,151630.6397376874,2.81224,2.8352331938889015
20.656,-23242.0,2.782036166257178,150644,2.806755321675554,151520.3692696017,2.80917,2.8122387098712207
20.66,-23234.0,2.7783409496989746,150539,2.803614205819064,151410.54460203674,2.80611,2.8175215073150532
20.665,-23229.0,2.7760314393500978,150437,2.8004894953244763,151301.46773024404,2.80305,2.807603973611193
20.669,-23223.0,2.7732600269314456,150330,2.7974338634036675,151192.93200394895,2.80011,2.81572243022618
20.673,-23217.0,2.770488614512793,150228,2.794411836117398,151084.87344092457,2.79705,2.799831011984408
20.678,-23211.0,2.7677172020941407,150122,2.791419440228597,150977.2947412669,2.79398,2.8073316496939675
20.682,-23204.0,2.7644838876057127,150019,2.788425865826823,150870.08005103178,2.79092,2.8245911170576345
20.686,-23198.0,2.7617124751870605,149914,2.785431252253316,150763.2454490372,2.78802,2.800575990237533
20.691,-23190.0,2.7580172586288576,149802,2.7824084159260947,150656.21393905106,2.78496,2.785622594066368
20.695,-23183.0,2.7547839441404296,149696,2.779333387308418,150548.9496850519,2.78175,2.7992403301515827
20.7,-23177.0,2.7520125317217774,149590,2.776266950241518,150441.83490986502,2.77869,2.7916305585251115
20.704,-23172.0,2.749703021372901,149483,2.773262701801628,150334.79282249624,2.77576,2.7870244157756607
20.708,-23166.0,2.746931608954248,149375,2.7703132891291875,150227.69659392143,2.7727,2.773001969285171
20.713,-23160.0,2.744160196535596,149267,2.767384922280243,150120.49350811754,2.76965,2.7976868193959166
20.717,-23153.0,2.740926882047168,149158,2.7644478064579325,150013.1370819297,2.76662,2.780707881753761
20.721,-23146.0,2.73769356755874,149043,2.761475669647089,149905.23162374462,2.76359,2.777179755078479
20.726,-23138.0,2.733998351000537,148928,2.7584453460988696,149796.48734386326,2.76042,2.762639727204461
20.73,-23132.0,2.731226938581885,148812,2.755391021958472,149686.94430279938,2.75738,2.7801780655488066
20.735,-23124.0,2.7275317220236817,148696,2.752315534930988,149576.63782452015,2.75422,2.780250378276001
20.74,-23118.0,2.724760309605029,148578,2.749221387206033,149465.5399390732,2.75106,2.7620772937947393
20.744,-23112.0,2.721988897186377,148463,2.74616539802382,149353.80333572015,2.74805,2.774835643811249
20.748,-23106.0,2.7192174847677246,148347,2.743143055716876,149241.62176793648,2.74503,2.7452043590255757
20.753,-23100.0,2.7164460723490724,148228,2.740150382053804,149128.8113764106,2.74203,2.7577682002698096
20.757,-23093.0,2.7132127578606444,148106,2.737156562720343,149015.09180560405,2.73903,2.7489831489212113
20.762,-23085.0,2.709517541302441,147981,2.734107120278121,148900.21584775797,2.73588,2.7419972576296843
20.766,-23079.0,2.7067461288837893,147854,2.731035937762232,148784.02464106953,2.73271,2.761183705523735
20.771,-23072.0,2.7035128143953613,147732,2.7279728920540625,148666.85104590817,2.72955,2.7540511259144465
20.775,-23066.0,2.700741401976709,147608,2.724917021099823,148548.9885669658,2.72667,2.7320489072965426
20.78,-23061.0,2.6984318916278323,147482,2.721922089490429,148430.2821846852,2.72364,2.728001077506394
20.784,-23055.0,2.69566047920918,147355,2.718980892074944,148310.65432561215,2.7206200000000003,2.75148929862776
20.788,-23046.0,2.6915033605812013,147227,2.715977849809019,148190.0957055713,2.71774,2.7398019479134814
20.792,-23042.0,2.6896557523021,147098,2.712974887802337,148068.59813809991,2.71472,2.7474836044044366
20.797,-23034.0,2.6859605357438965,146965,2.709999303013701,147945.9770524676,2.71183,2.7233125417043764
20.801,-23027.0,2.682727221255469,146828,2.706965939158637,147821.89234843416,2.70879,2.7125030250369018
20.805,-23020.0,2.679493906767041,146688,2.70390893418145,147696.1032548389,2.70574,2.718367407577474
20.81,-23014.0,2.6767224943483887,146548,2.700858389733604,147568.63393763977,2.70285,2.7033765075717606
20.814,-23009.0,2.674412983999512,146404,2.6978681548522125,147439.44658814016,2.69983,2.7095626824106986
20.818,-23004.0,2.6721034736506346,146256,2.6949584052962954,147308.2713983572,2.69694,2.6996917899575714
20.823,-22996.0,2.668408257092432,146109,2.6920377055551894,147175.1660479867,2.69392,2.700158579181651
20.827,-22990.0,2.6656368446737795,145958,2.689080043873556,147040.18139697754,2.69092,2.7124465953294403
20.831,-22983.0,2.6624035301853515,145806,2.6861170968870907,146903.24405706802,2.68804,2.700021727071168
20.836,-22976.0,2.659170215696924,145647,2.683122183054487,146764.1119648502,2.68503,2.694054461534696
20.84,-22971.0,2.656860705348047,145486,2.680153694865719,146622.5125598361,2.68199,2.6844310346471185
20.844,-22965.0,2.6540892929293944,145324,2.6772358143384447,146478.5602120558,2.67912,2.694505651861619
20.849,-22960.0,2.6517797825805176,145156,2.6743625578861887,146332.1192994325,2.67625,2.679143177592035
20.853,-22951.0,2.64762266395254,144984,2.67144673004588,146182.89288294557,2.67326,2.6845943625567505
20.857,-22946.0,2.645313153603662,144811,2.668493364236852,146030.9147190858,2.67027,2.6735686887761974
20.862,-22939.0,2.6420798391152345,144631,2.6655615116496136,145876.03722095978,2.66743,2.6853985531264364
20.866,-22930.0,2.637922720487256,144446,2.6625394028798466,145717.89378199057,2.66445,2.667372836493645
20.87,-22926.0,2.6360751122081543,144257,2.6595196286934937,145556.33849344682,2.66145,2.673478935654188
20.874,-22920.0,2.633303699789502,144066,2.656583832406278,145391.4200502785,2.65859,2.678066590244357
20.879,-22915.0,2.630994189440625,143875,2.6536947784602822,145223.41785958796,2.65559,2.673672745325181
20.883,-22909.0,2.6282227770219726,143681,2.65084694028438,145052.51917543862,2.65274,2.666896987855563
20.887,-22902.0,2.624989462533545,143481,2.6479808318439715,144878.53440756348,2.64976,2.655476221834273
20.892,-22894.0,2.6212942459753417,143282,2.6450440004235576,144701.53285145166,2.64677,2.6641901353389885
20.896,-22888.0,2.618522833556689,143090,2.6420721143884105,144522.34413562107,2.64366,2.644882359724168
20.901,-22880.0,2.6148276169984865,142896,2.6390693184137133,144341.5224454396,2.64067,2.6470143858297597
20.905,-22876.0,2.6129800087193846,142703,2.6360938800263045,144159.2017378973,2.63765,2.6485524435133954
20.909,-22870.0,2.6102085963007324,142514,2.6331971775039387,143975.85483599151,2.63463,2.641065257163289
20.914,-22863.0,2.606975281812305,142326,2.6302879821830483,143791.89865858955,2.6317500000000003,2.648397930863901
20.918,-22857.0,2.604203869393652,142142,2.6273677711471044,143607.7008302419,2.62861,2.6527916999085885
20.923,-22849.0,2.6005086528354493,141951,2.6244105403886784,143423.1125703063,2.62559,2.652020504983298
20.927,-22843.0,2.597737240416797,141769,2.621420666927065,143238.2982761763,2.62258,2.623566161784671
20.932,-22835.0,2.5940420238585937,141587,2.6184020102655805,143053.8167295355,2.61943,2.6397096327928704
20.936,-22828.0,2.590808709370166,141411,2.615330667131719,142869.98329243742,2.6164300000000003,2.629760138449826
20.94,-22822.0,2.588037296951513,141239,2.612267479796211,142687.31250975764,2.61353,2.6289696249608365
20.945,-22817.0,2.5857277866026367,141067,2.609266096856388,142505.90338487926,2.61049,2.6154511510672545
20.949,-22811.0,2.5829563741839845,140901,2.6063192108822024,142325.96145033554,2.60745,2.6137950414340563
20.953,-22804.0,2.5797230596955565,140735,2.603365765539625,142147.66793756286,2.60454,2.6240868547963534
20.958,-22798.0,2.5769516472769043,140566,2.600406536374232,141970.65059355894,2.6015,2.6158285176293337
20.962,-22790.0,2.5732564307187014,140402,2.597414900786889,141794.87676556603,2.59846,2.6216997667238533
20.966,-22782.0,2.569561214160498,140238,2.5943400774477734,141620.4950137109,2.59556,2.624317687140949
20.971,-22776.0,2.566789801741846,140077,2.591246514940128,141447.5180983492,2.5925,2.6107976773536588
20.975,-22769.0,2.5635564872534182,139918,2.588163735333937,141276.0755059135,2.58943,2.5991763912241166
20.979,-22764.0,2.561246976904541,139756,2.5851177701632992,141105.92670864993,2.58648,2.616742491338928
20.984,-22759.0,2.558937466555664,139600,2.582158879577453,140937.09608714405,2.5834,2.601009114910603
20.988,-22750.0,2.554780347927686,139446,2.579167542537774,140769.900726335,2.58032,2.593398469366594
20.992,-22743.0,2.551547033439258,139287,2.576092982447599,140603.96992931742,2.57738,2.587171711915956
20.997,-22736.0,2.5483137189508303,139129,2.5729996520637104,140438.91771106102,2.57429,2.5828293851891417
21.001,-22729.0,2.5450804044624022,138975,2.5698897706879347,140274.9357799734,2.57121,2.573627164476221
21.005,-22725.0,2.543232796183301,138817,2.5668472145681167,140111.8975908707,2.56812,2.570763879432935
21.01,-22717.0,2.539537579625098,138663,2.56383671706819,139949.6915606129,2.56501,2.566307956491661
21.014,-22711.0,2.536766167206445,138513,2.560799874847332,139788.69223824923,2.56189,2.573919117962533
21.018,-22706.0,2.5344566568575684,138358,2.5578217221129305,139628.6978315219,2.55879,2.5611912533147376
21.023,-22697.0,2.53029953822959,138207,2.55481340038088,139469.53040703927,2.55568,2.5649776099503216
21.027,-22690.0,2.527066223741162,138058,2.551723863779953,139311.44689110998,2.55272,2.5679274046688887
21.031,-22683.0,2.5238329092527345,137905,2.5486173276299886,139154.20089323365,2.54963,2.5599109570890093
21.036,-22677.0,2.521061496834082,137753,2.5455231083174183,138997.51603744272,2.54666,2.5560640014606917
21.04,-22671.0,2.5182900844154297,137600,2.5424670560117373,138841.32597721784,2.54354,2.5668785986721887
21.044,-22665.0,2.515518671996777,137448,2.5394446580447148,138685.57221050677,2.54042,2.566369875156399
21.049,-22657.0,2.511823455438574,137294,2.5363973224060468,138530.14403483793,2.5373,2.5478199940140773
21.053,-22650.0,2.5085901409501465,137135,2.5333006911479865,138374.58913223917,2.53404,2.5338077236247956
21.058,-22643.0,2.505356826461719,136987,2.5301878991762194,138219.27719062768,2.53078,2.5307834697214506
21.062,-22637.0,2.5025854140430663,136837,2.5270881636976545,138064.7115401379,2.52781,2.5484600033334335
21.067,-22629.0,2.4988901974848634,136684,2.523972634532257,137910.508356205,2.52471,2.5325446206057824
21.071,-22623.0,2.496118785066211,136532,2.520843179043352,137756.50654787506,2.5216,2.5237391129751834
21.075,-22617.0,2.4933473726475586,136382,2.517756056703417,137602.85965773728,2.51862,2.53895418592511
21.08,-22611.0,2.4905759602289064,136230,2.514706262261268,137449.525722112,2.51551,2.5158400361636897
21.084,-22605.0,2.487804547810254,136080,2.511689382260566,137296.46773888663,2.51239,2.5416386656322114
21.088,-22597.0,2.484109331252051,135918,2.508646912172602,137143.06190691143,2.50942,2.5241809358093956
21.093,-22589.0,2.480414114693848,135757,2.5055272647396185,136988.69906264002,2.50618,2.5202657251495726
21.097,-22580.0,2.476256996065869,135596,2.502312258560936,136833.55147562246,2.50295,2.536598779177746
21.102,-22573.0,2.4730236815774416,135441,2.499040474806529,136678.06663414097,2.49972,2.5057793995934516
21.106,-22569.0,2.47117607329834,135280,2.495855158802609,136522.28441340796,2.49661,2.5208466960317093
21.111,-22561.0,2.4674808567401367,135123,2.4927187806041946,136366.12173920334,2.49351,2.502863659916032
21.115,-22556.0,2.46517134639126,134963,2.489598247611652,136209.68271176273,2.4904,2.501073042841222
21.119,-22551.0,2.462861836042383,134802,2.4865736057150283,136052.7635360645,2.48742,2.5151240617615125
21.124,-22545.0,2.4600904236237304,134641,2.4836062108020296,135895.361864942,2.48431,2.511727688814441
21.128,-22536.0,2.455933304995752,134478,2.4805800684943367,135737.4165113479,2.4812,2.481732703372258
21.133,-22528.0,2.4522380884375488,134309,2.4774475118816346,135578.5188182881,2.47809,2.4890767148752313
21.137,-22521.0,2.449004773949121,134141,2.474275735733925,135418.48579843686,2.47498,2.4757768179277995
21.141,-22516.0,2.4466952636002444,133970,2.471151296509599,135257.33345212953,2.47187,2.472954268099524
21.146,-22510.0,2.443923851181592,133793,2.4680959037854686,135094.66206612313,2.46888,2.471228307313063
21.15,-22503.0,2.440690536693164,133620,2.465046780966269,134930.53300897,2.46575,2.4689622762892354
21.154,-22497.0,2.437919124274512,133442,2.462003186731077,134765.05951072174,2.46263,2.462632883982252
21.159,-22489.0,2.4342239077163086,133265,2.4589371609606587,134598.1640615057,2.45952,2.478428815843114
21.163,-22482.0,2.430990593227881,133083,2.4558240493947423,134429.7783158131,2.45639,2.469829035402864
21.167,-22474.0,2.4272953766696777,132896,2.4526694192127,134259.4873045678,2.45331,2.476867180806571
21.172,-22468.0,2.424523964251025,132708,2.449505485807832,134087.1615920669,2.4502,2.462696258711605
21.176,-22462.0,2.4217525518323733,132515,2.4463879620412565,133912.6870464114,2.44709,2.4475557898868345
21.181,-22457.0,2.419443041483496,132321,2.443338667127148,133735.9630300639,2.44412,2.451390733859637
21.185,-22451.0,2.416671629064844,132123,2.4403495340411294,133556.95992174308,2.44101,2.4601071705827082
21.189,-22443.0,2.412976412506641,131924,2.4373315302170826,133375.6516024337,2.43791,2.438550463651294
21.194,-22437.0,2.410205000087988,131722,2.434288069180796,133192.0741586944,2.4348,2.435513647241756
21.198,-22428.0,2.40604788146001,131514,2.4311948544123,133005.96382340972,2.43185,2.4315860555503246
21.202,-22422.0,2.4032764690413573,131300,2.428057768533916,132816.91066372272,2.42876,2.428754843478614
21.207,-22414.0,2.3995812524831543,131084,2.424909305085562,132624.78968469345,2.42566,2.433472896234364
21.211,-22410.0,2.397733644204053,130864,2.421805422188365,132429.6089049279,2.4227,2.42281192040139
21.215,-22403.0,2.394500329715625,130627,2.418768155318242,132230.48863399227,2.4196,2.4432261986223565
21.22,-22398.0,2.392190819366748,130393,2.415762321694657,132027.0670132528,2.41648,2.4480900879180965
21.224,-22391.0,2.3889575048783205,130154,2.4127842048141543,131819.73437712638,2.41338,2.442272583361721
21.228,-22382.0,2.3848003862503417,129907,2.409721301800348,131608.18461754834,2.41027,2.4368240911187686
21.233,-22375.0,2.381567071761914,129652,2.406583637324317,131391.9704668859,2.40731,2.4117354732718814
21.237,-22368.0,2.378333757273486,129385,2.40343466368869,131170.46107051332,2.4042,2.4147171664295426
21.241,-22363.0,2.3760242469246093,129116,2.400330330926108,130943.45486715686,2.4011,2.4076424921955657
21.246,-22357.0,2.373252834505957,128826,2.3972926673803414,130710.2420705216,2.39798,2.4013915574677105
21.25,-22350.0,2.370019520017529,128524,2.3942591775337383,130469.6056417752,2.39474,2.4011290473525913
21.255,-22344.0,2.367248107598877,128210,2.391229367909834,130221.00449499904,2.3915,2.3990814766815847
21.26,-22336.0,2.363552891040674,127900,2.388175496930016,129964.90739781607,2.38825,2.4048714649790215
21.264,-22330.0,2.3607814786220214,127590,2.385100409483764,129702.43710197492,2.385,2.39755704372025
21.269,-22323.0,2.357548164133594,127276,2.382033920543873,129434.1106717219,2.38177,2.385928838956845
21.273,-22315.0,2.353852947575391,126979,2.378920400571231,129161.38903207476,2.37852,2.3858111972362273
21.278,-22309.0,2.3510815351567382,126686,2.375792716718588,128886.03331506097,2.37543,2.4009170629201373
21.282,-22302.0,2.3478482206683107,126402,2.3726798500976267,128609.12348644438,2.37234,2.375573535558895
21.287,-22296.0,2.3450768082496585,126110,2.369580048796,128330.90241368908,2.36926,2.3749513154400836
21.291,-22289.0,2.3418434937612305,125842,2.366491768038356,128052.47100983588,2.36601,2.367569598136101
21.296,-22283.0,2.3390720813425783,125590,2.3634136456955392,127776.21883923668,2.36292,2.368386541498404
21.3,-22276.0,2.3358387668541503,125333,2.3603444806894567,127502.53853206654,2.35983,2.361947831939581
21.304,-22270.0,2.333067354435498,125092,2.3572832139512365,127231.77629595232,2.35674,2.36395626058428
21.309,-22263.0,2.3298340399470705,124856,2.3542289116307984,126964.82857870756,2.35367,2.364108362560299
21.313,-22256.0,2.3266007254586425,124630,2.3511534438433968,126702.13113243776,2.35059,2.3522841737442963
21.318,-22250.0,2.3238293130399903,124409,2.3480866195319146,126444.06818818762,2.34752,2.3497002968829825
21.322,-22241.0,2.319672194412012,124191,2.344972803840273,126190.56472574102,2.34445,2.3486005843557685
21.326,-22238.0,2.318286488202685,123982,2.34189947212938,125941.7910644714,2.34137,2.3440324767251495
21.331,-22231.0,2.315053173714258,123781,2.338916450680553,125698.19297306331,2.33829,2.3383304455222187
21.335,-22223.0,2.3113579571560545,123592,2.3358765294372903,125460.34086702456,2.33522,2.336519489729292
21.339,-22219.0,2.309510348876953,123406,2.33286835527983,125228.44213191528,2.33229,2.3321698757279656
21.344,-22210.0,2.3053532302489748,123220,2.329860868149756,125001.97022433706,2.32925,2.34617844881826
21.348,-22204.0,2.302581817830322,123042,2.326799373920049,124780.7564436294,2.3262,2.3436441085662576
21.352,-22198.0,2.29981040541167,122861,2.323772177453772,124564.47468322756,2.3233,2.3354329448275464
21.357,-22190.0,2.296115188853467,122685,2.320720610665424,124352.66004151716,2.32011,2.3376220622213406
21.361,-22185.0,2.2938056785045897,122521,2.317674861423275,124145.78934539252,2.31707,2.323215733240004
21.366,-22179.0,2.291034266085937,122356,2.31468885478742,123943.92833983323,2.31402,2.3169324892409007
21.37,-22174.0,2.2887247557370607,122197,2.311755527103056,123746.78029209012,2.31098,2.3259057710231357
21.374,-22166.0,2.2850295391788573,122040,2.308814036988684,123554.260905742,2.30795,2.310060429140659
21.379,-22160.0,2.282258126760205,121884,2.305838043079304,123366.00026415056,2.30479,2.332524987776101
21.383,-22153.0,2.2790248122717776,121736,2.3028589313722776,123182.02689208006,2.30179,2.3102492278958335
21.388,-22145.0,2.275329595713574,121588,2.2998224576032964,123002.30682427756,2.29893,2.322173900919651
21.392,-22140.0,2.2730200853646974,121446,2.2967900168604647,122826.69187657002,2.29594,2.296402515631516
21.396,-22134.0,2.270248672946045,121306,2.29381574519624,122655.1696201046,2.29293,2.3016412430083566
21.401,-22129.0,2.267939162597168,121165,2.2908927650015425,122487.31527376916,2.28994,2.289948191627874
21.405,-22122.0,2.2647058481087403,121031,2.287987705391757,122323.04986734652,2.28696,2.297142644742946
21.41,-22117.0,2.2623963377598635,120901,2.2850984475302023,122162.59935463412,2.284,2.3039636843708915
21.414,-22110.0,2.2591630232714355,120772,2.282223123100417,122005.8082694438,2.28104,2.2852461085718323
21.418,-22102.0,2.2554678067132325,120643,2.2792781653412395,121852.30305751054,2.27825,2.2966603255081397
21.423,-22096.0,2.25269639429458,120517,2.2762991137833257,121701.87256647612,2.2753,2.308241338298485
21.427,-22091.0,2.250386883945703,120394,2.27337191884469,121554.5079617304,2.27236,2.30546475287398
21.431,-22084.0,2.2471535694572755,120273,2.2704631428203514,121410.14233582409,2.26956,2.2695273580331925
21.436,-22080.0,2.245305961178174,120151,2.267597914401993,121268.48022250668,2.26664,2.2911240294598
21.44,-22074.0,2.2425345487595214,120035,2.2647983911955936,121129.49755950896,2.26371,2.2807930865097186
21.444,-22066.0,2.2388393322013185,119919,2.261947578765941,120993.23224695669,2.26095,2.2607312846128274
21.449,-22059.0,2.2356060177128905,119805,2.259024234835589,120859.48123427213,2.25804,2.25834420920843
21.453,-22054.0,2.2332965073640136,119686,2.256118854496359,120727.76989153388,2.25527,2.2586353214043995
21.457,-22048.0,2.230525094945361,119573,2.253256620274977,120597.91617618164,2.25238,2.278464193852512
21.462,-22043.0,2.2282155845964846,119463,2.25043243079905,120470.2325085994,2.2495,2.2595970936275918
21.466,-22037.0,2.225444172177832,119353,2.2476417878559034,120344.63966582656,2.24675,2.270151341598599
21.47,-22031.0,2.22267275975918,119248,2.244853418629875,120221.1860266078,2.24388,2.244443928360744
21.474,-22025.0,2.219901347340528,119141,2.242067054288489,120099.79601484208,2.24116,2.2463566903387937
21.479,-22018.0,2.2166680328521,119032,2.2392551513363816,119979.98916837096,2.23831,2.244501442433461
21.483,-22010.0,2.2129728162938966,118924,2.2363661164294784,119861.51918457312,2.23548,2.236868944113814
21.487,-22005.0,2.21066330594502,118818,2.2334636821451093,119744.40535195691,2.23276,2.2374673714770825
21.492,-22000.0,2.2083537955961425,118709,2.2306313521006342,119628.42820886816,2.22992,2.2508354848655
21.496,-21995.0,2.2060442852472657,118601,2.22786083753563,119513.3351242588,2.22707,2.252327536621506
21.501,-21989.0,2.203272872828613,118494,2.2251175232613214,119399.13980645078,2.22425,2.25230310350756
21.505,-21983.0,2.200501460409961,118384,2.22237088680868,119285.61787337558,2.22128,2.2373717233360044
21.509,-21975.0,2.196806243851758,118277,2.2195667080783026,119172.68970752745,2.21843,2.2220733725477038
21.514,-21969.0,2.1940348314331057,118170,2.216711790569595,119060.4624571524,2.21558,2.230869846035528
21.518,-21962.0,2.1908015169446777,118064,2.213839439819844,118948.9123670507,2.21289,2.224483631377047
21.522,-21957.0,2.188492006595801,117956,2.210979023492966,118837.90025591888,2.21004,2.211466773943477
21.527,-21951.0,2.1857205941771487,117849,2.2081564369731588,118727.30339852632,2.2072,2.2220927432770754
21.531,-21945.0,2.182949181758496,117741,2.2053399010127057,118617.07269743236,2.20435,2.225421779991937
21.536,-21939.0,2.180177769339844,117637,2.2025287002249616,118507.34221241446,2.20152,2.230956077715768
21.54,-21934.0,2.177868258990967,117534,2.199749510255114,118398.34838751466,2.1987,2.1986934666106923
21.544,-21926.0,2.174173042432764,117430,2.1969439334141985,118290.00412387504,2.19588,2.2102050336339696
21.549,-21919.0,2.170939727944336,117324,2.194060476652027,118182.05526856089,2.19306,2.2015203515268142
21.553,-21914.0,2.168630217595459,117219,2.1911902674298296,118074.39595315246,2.19027,2.2073821950015575
21.558,-21909.0,2.166320707246582,117114,2.1883863523239104,117967.0510613559,2.18761,2.1957890972655685
21.562,-21903.0,2.16354929482793,117008,2.185613586614792,117859.9242999625,2.18481,2.1925015061698625
21.566,-21896.0,2.160315980339502,116906,2.182813674463456,117753.16723056108,2.18202,2.185347100711814
21.571,-21891.0,2.158006469990625,116802,2.180017131972168,117646.85437748973,2.17937,2.210828361218006
21.575,-21887.0,2.1561588617115235,116698,2.177305480074577,117540.81498412686,2.17663,2.1839735800217115
21.579,-21878.0,2.1520017430835447,116591,2.1745594559557992,117434.8393658276,2.17387,2.1986971484137072
21.584,-21873.0,2.149692232734668,116484,2.171755817160117,117328.74262996808,2.17112,2.1747732300436295
21.588,-21867.0,2.146920820316016,116372,2.1689832950917505,117222.24350987095,2.16847,2.1925357540047186
21.592,-21860.0,2.143687505827588,116261,2.166183597774352,117115.15311176427,2.16559,2.168186882498118
21.597,-21854.0,2.1409160934089355,116152,2.1633599382679174,117007.71869747456,2.16283,2.1747241142182263
21.601,-21850.0,2.139068485129834,116039,2.1605970690816663,116899.86270688976,2.15995,2.1748458809422595
21.606,-21843.0,2.1358351706414065,115929,2.1578604962363226,116791.5758675992,2.15718,2.1768131401819124
21.61,-21837.0,2.133063758222754,115818,2.155092497692937,116683.02735570612,2.15444,2.1596451430119346
21.614,-21830.0,2.1298304437343263,115705,2.1522967890624707,116574.07075782468,2.15182,2.1574458914367254
21.619,-21823.0,2.1265971292458983,115592,2.149449340193149,116464.63608912309,2.14895,2.1546101119752405
21.623,-21816.0,2.1233638147574707,115475,2.1465562685815,116354.54340461698,2.14632,2.149730842864542
21.628,-21812.0,2.121516206478369,115359,2.143704887767818,116243.6931524777,2.14343,2.162617450662522
21.632,-21807.0,2.1192066961294924,115241,2.140944881345634,116132.11578616152,2.14067,2.146981011751778
21.636,-21801.0,2.11643528371084,115125,2.138210832786035,116019.897275864,2.13792,2.1487164311618088
21.641,-21796.0,2.114125773361963,115005,2.135499672966464,115906.9951923174,2.13529,2.1429320721852765
21.645,-21788.0,2.11043055680376,114885,2.13275408274496,115793.25388807482,2.13254,2.1342314777858538
21.65,-21781.0,2.107197242315332,114764,2.1299235200965594,115678.71347082568,2.12981,2.1506803761276587
21.654,-21775.0,2.10442582989668,114642,2.1270726446152017,115563.35018873752,2.12707,2.14442125710253
21.658,-21771.0,2.1025782216175783,114516,2.12428577732924,115446.9657460786,2.12433,2.125096258091938
21.663,-21765.0,2.0998068091989257,114391,2.121555350242821,115329.50352736724,2.12171,2.1340448278725113
21.667,-21760.0,2.097497298850049,114263,2.11884738371229,115210.97272843897,2.11897,2.1381695794487348
21.671,-21753.0,2.0942639843616213,114131,2.116131915670191,115091.0858708745,2.11623,2.1307558401035327
21.676,-21748.0,2.091954474012744,113995,2.113409833056205,114969.53034880904,2.11349,2.118318903666001
21.68,-21740.0,2.088259257454541,113851,2.110654611494645,114845.7940476782,2.11075,2.124284852305071
21.685,-21733.0,2.085025942966113,113713,2.107815556265704,114720.01657665268,2.1079,2.1087104447965626
21.689,-21727.0,2.082254530547461,113569,2.104957192322324,114592.43927303625,2.10515,2.1057557915405334
21.694,-21719.0,2.078559313989258,113425,2.1020544961781584,114462.92023528146,2.10228,2.1028444501833548
21.698,-21716.0,2.077173607779932,113277,2.099194628786589,114331.45257433612,2.09965,2.100718160615604
21.702,-21709.0,2.073940293291504,113124,2.0963998327470748,114197.73462868654,2.09688,2.101559142365444
21.707,-21704.0,2.071630782942627,112973,2.093607801465177,114061.85510809076,2.09413,2.118598792789448
21.711,-21696.0,2.067935566384424,112817,2.090790901602108,113923.89223372687,2.09149,2.093670531943126
21.715,-21690.0,2.0651641539657715,112654,2.0879247670412227,113783.38292173104,2.08871,2.108018013518249
21.72,-21684.0,2.06239274154712,112486,2.085069831933396,113639.91884086502,2.08593,2.0868432184201824
21.724,-21677.0,2.059159427058692,112313,2.082197465665353,113493.25817364572,2.08314,2.1017221232534387
21.728,-21670.0,2.055926112570264,112127,2.079282422758509,113342.71475465098,2.0802,2.082874037414727
21.733,-21664.0,2.0531547001516115,111944,2.076357055524738,113188.15648626612,2.0775,2.0835893932715646
21.737,-21659.0,2.0508451898027342,111754,2.073477197555192,113029.82159379554,2.07453,2.081104023909471
21.742,-21653.0,2.048073777384082,111555,2.0706374680713493,112867.21072725428,2.0717,2.0749752266565356
21.746,-21646.0,2.0448404628956545,111354,2.067778509593459,112700.17916418763,2.06871,2.0698693778390935
21.751,-21639.0,2.0416071484072265,111151,2.064875289209449,112529.01311515276,2.06585,2.0675646382901025
21.755,-21632.0,2.038373833918799,110950,2.061933040216711,112354.2014202501,2.06296,2.06632874768024
21.759,-21624.0,2.034678617360596,110749,2.058929070706555,112176.29335646592,2.06007,2.065305405481533
21.764,-21618.0,2.031907204941944,110547,2.055897984639935,111995.59590494235,2.0573,2.063063544431111
21.768,-21612.0,2.029135792523291,110341,2.052897601033819,111812.1432813794,2.05438,2.0578518563917405
21.773,-21607.0,2.0268262821744143,110143,2.049951596237325,111626.4977125678,2.05143,2.0534896765281903
21.777,-21601.0,2.0240548697557617,109946,2.047053540783052,111439.45053751618,2.0485,2.0535073946096367
21.781,-21595.0,2.021283457337109,109751,2.0441704589421184,111251.34482704315,2.04555,2.0480124828880855
21.786,-21585.0,2.016664436639356,109552,2.041191354519471,111062.18750207228,2.0426,2.046704286979258
21.79,-21578.0,2.013431122150928,109362,2.0381002742771246,110872.3984870152,2.03963,2.0442219911915447
21.794,-21570.0,2.009735905592725,109168,2.034965070549629,110682.3480566069,2.03663,2.0391613050809694
21.799,-21565.0,2.007426395243848,108978,2.0318455731646767,110492.0671192378,2.03365,2.0396896498539743
21.803,-21559.0,2.0046549828251954,108790,2.0287945379825554,110301.9376332358,2.03063,2.030750856259872
21.808,-21551.0,2.000959766266992,108596,2.025721951044041,110111.70522218982,2.0276,2.0353293601539058
21.812,-21544.0,1.9977264517785644,108410,2.0226030540683926,109921.50029021618,2.02442,2.028359606065158
21.817,-21537.0,1.9944931372901369,108229,2.0194706289615896,109732.08811449916,2.02138,2.030534062290498
21.821,-21533.0,1.9926455290110352,108051,2.0164081945641588,109543.84790284488,2.01831,2.0280977424607363
21.825,-21524.0,1.988488410383057,107876,2.013352862642457,109356.99579270744,2.01525,2.017677971610812
21.83,-21517.0,1.985255095894629,107705,2.010221874092009,109171.7814839708,2.01217,2.031833027149643
21.834,-21509.0,1.9815598793364253,107528,2.007051480607036,108987.8930967274,2.00924,2.020072917506493
21.838,-21502.0,1.9783265648479984,107357,2.0038463412218865,108805.17386092144,2.00613,2.0092840626574433
21.843,-21498.0,1.9764789565688965,107191,2.0007197899038944,108624.1358335444,2.00302,2.0093892971487457
21.847,-21492.0,1.973707544150244,107025,1.9976898412572968,108444.87582424976,1.99992,2.0154451849449826
21.851,-21484.0,1.9700123275920407,106861,1.994635847692105,108267.3018442291,1.99696,2.0143060357483993
21.856,-21476.0,1.966317111033838,106698,1.99150603925786,108091.39189834936,1.99382,2.0079371392947953
21.86,-21468.0,1.9626218944756348,106534,1.988309379910052,107916.94923987523,1.99086,2.002685970425551
21.864,-21460.0,1.958926677917432,106370,1.9850537737527365,107743.74126698384,1.98774,2.002343851859732
21.869,-21454.0,1.9561552654987795,106207,1.9818008032463188,107571.68111427598,1.98458,1.99504806356723
21.873,-21448.0,1.953383853080127,106042,1.978604769661633,107400.57395207028,1.98144,1.9922798659824164
21.877,-21441.0,1.9501505385916995,105880,1.9754316346251777,107230.36622112762,1.97829,1.9901873732971578
21.882,-21434.0,1.9469172241032715,105722,1.9722513842835625,107061.3653991592,1.97512,1.9889112581146642
21.886,-21427.0,1.943683909614844,105560,1.9690648599134333,106893.42878752998,1.97207,1.9885145973184972
21.891,-21419.0,1.9399886930566408,105401,1.9658454968750263,106726.37144215136,1.96891,1.9887424186286733
21.895,-21412.0,1.936755378568213,105240,1.96259717784155,106560.14852055602,1.96574,1.9864005375295133
21.899,-21406.0,1.9339839661495608,105079,1.959377939315618,106394.5431300242,1.96253,1.9697222953764728
21.904,-21398.0,1.9302887495913568,104919,1.956157036521148,106229.54137429468,1.95931,1.9607213037236062
21.908,-21392.0,1.927517337172705,104760,1.9529346662325875,106065.19011752536,1.9561,1.9627905811700548
21.912,-21385.0,1.9242840226842768,104597,1.949738308407039,105901.23509591277,1.95285,1.9647915192918626
21.917,-21377.0,1.9205888061260743,104428,1.9465102745697973,105737.0382867,1.94947,1.960121187360554
21.922,-21369.0,1.9168935895678711,104271,1.94322700347937,105572.98298197905,1.9461,1.9532204285921684
21.926,-21363.0,1.9141221771492187,104113,1.9399496389975328,105409.70274236714,1.94287,1.9548068038421849
21.93,-21354.0,1.90996505852124,103956,1.936650176309393,105247.10592820012,1.93963,1.9440986302390626
21.935,-21346.0,1.906269841963037,103799,1.933276615295364,105085.17085220812,1.93657,1.9470158634555719
21.939,-21341.0,1.90396033161416,103640,1.9299469427487608,104923.70103911893,1.93333,1.9575641185197132
21.944,-21333.0,1.900265115055957,103484,1.9266559695256391,104762.70059606605,1.93009,1.9426440125516093
21.948,-21328.0,1.89795560470708,103329,1.9233991200194256,104602.35049676929,1.92683,1.9302629636481
21.952,-21321.0,1.8947222902186525,103174,1.9201996660676883,104442.63296536548,1.92361,1.934238636965055
21.956,-21312.0,1.890565171590674,103020,1.9169415957258653,104283.532327717,1.92054,1.9248001482276185
21.961,-21305.0,1.8873318571022464,102865,1.9136318394908145,104124.97564551722,1.91731,1.9183788843778087
21.965,-21296.0,1.883174738474268,102704,1.91027650843352,103966.48478252316,1.91428,1.9233516124513272
21.97,-21290.0,1.8804033260556152,102544,1.9069082975319789,103807.7563696273,1.91105,1.9360085492250563
21.974,-21284.0,1.877631913636963,102383,1.903610648976649,103648.81849349356,1.90781,1.92400646343493
21.978,-21276.0,1.87393669707876,102222,1.9003206069465235,103489.63680256747,1.90459,1.916586653441536
21.983,-21270.0,1.871165284660108,102060,1.8970372720856552,103330.18100684356,1.90138,1.9195286542239964
21.987,-21264.0,1.868393872241455,101894,1.8938144642697383,103170.18792805915,1.89828,1.9134067520395663
21.991,-21255.0,1.8642367536134763,101727,1.8905631077513143,103009.4255047795,1.89491,1.9122940609879453
21.996,-21246.0,1.860079634985498,101558,1.887204658635654,102847.80734810086,1.8917,1.8981833248751876
22.0,-21241.0,1.8577701246366207,101382,1.8838610047869773,102684.90257890915,1.88846,1.9014720087696566
22.005,-21232.0,1.8536130060086424,101209,1.8805303968899272,102520.6268499812,1.88521,1.9095869189992967
22.009,-21226.0,1.8508415935899905,101029,1.877183986010851,102354.90578687048,1.88196,1.9001615408645862
22.013,-21217.0,1.846684474962012,100846,1.8738236406120872,102187.31910439314,1.87856,1.8904931897056272
22.018,-21211.0,1.8439130625433595,100656,1.8704510082387125,102017.49620969796,1.87529,1.8804537723190944
22.023,-21204.0,1.840679748054932,100479,1.8671221545351264,101846.05620526247,1.87188,1.9015647226296217
22.027,-21196.0,1.8369845314967288,100299,1.8637772904428096,101673.78146369952,1.86861,1.899183182493295
22.031,-21191.0,1.8346750211478515,100116,1.860472921843266,101500.41597559753,1.86533,1.8897406228763005
22.036,-21181.0,1.8300560004500976,99929,1.857149647863738,101325.6748833677,1.8622,1.884889709175632
22.04,-21174.0,1.8268226859616696,99738,1.8537550908814733,101149.2478921024,1.85892,1.8821860790006109
22.044,-21168.0,1.8240512735430177,99545,1.8504069048206324,100970.97962934364,1.85565,1.8774652897913566
22.049,-21160.0,1.8203560569848145,99350,1.8470723005765937,100790.851327859,1.85236,1.8596231268777808
22.053,-21155.0,1.8180465466359368,99150,1.843776978754272,100608.66908716362,1.84909,1.8505230511722064
22.057,-21146.0,1.813889428007959,98952,1.8404889883563536,100424.49840214646,1.84596,1.8631218647533452
22.062,-21141.0,1.811579917659082,98749,1.83720746255338,100238.39702392172,1.84267,1.8627380541659333
22.066,-21133.0,1.807884701100879,98535,1.8339589434535293,100049.64734924569,1.83956,1.8473973792413825
22.07,-21123.0,1.803265680403125,98324,1.8306029962748405,99858.08955972656,1.83628,1.8520678987213537
22.075,-21116.0,1.8000323659146973,98109,1.827179629202416,99663.9965548494,1.83302,1.8355356947814156
22.079,-21112.0,1.7981847576355958,97888,1.823860652302992,99467.0769113076,1.82989,1.841714768901671
22.083,-21103.0,1.7940276390076173,97656,1.820579110129399,99266.65984038738,1.82662,1.8506143993243962
22.088,-21098.0,1.7917181286587405,97422,1.8173032701462688,99062.3903335307,1.82333,1.8308599421511582
22.092,-21090.0,1.788022912100537,97184,1.814059764604521,98854.36917832568,1.82005,1.8224443638494716
22.096,-21080.0,1.7834038914027832,96942,1.81070823820692,98642.56701096572,1.81677,1.821206637858758
22.101,-21074.0,1.7806324789841308,96684,1.807316075673676,98426.24853069856,1.81365,1.8165665337548276
22.105,-21066.0,1.776937262425928,96425,1.803942694506429,98204.9427270979,1.81024,1.8123144716912767
22.11,-21061.0,1.7746277520770508,96165,1.80061318054246,97979.12104052024,1.80713,1.828630149249793
22.114,-21053.0,1.7709325355188477,95892,1.7973223471519877,97748.48976189888,1.80387,1.8130747482633995
22.118,-21047.0,1.7681611231001952,95606,1.7940383144971006,97512.0805000291,1.8006,1.8062154919406797
22.123,-21039.0,1.7644659065419923,95328,1.7907602784942216,97270.2808265879,1.79736,1.7997940127863508
22.127,-21033.0,1.76169449412334,95046,1.7874875301304305,97023.96454537152,1.79412,1.7978054139057815
22.131,-21025.0,1.7579992775651367,94763,1.7842194442228043,96773.37008958666,1.79089,1.79087605250077
22.136,-21016.0,1.7538421589371582,94483,1.7808735501620814,96519.12152312076,1.78784,1.7877966332027944
22.14,-21010.0,1.7510707465185058,94209,1.7775136604757584,96262.18294557765,1.78465,1.784583146189044
22.144,-21004.0,1.7482993340998536,93941,1.7742233492784725,96003.58181863456,1.78145,1.7895612239076093
22.149,-20998.0,1.7455279216812012,93679,1.770994389971843,95744.22412224812,1.77841,1.787929555855845
22.153,-20991.0,1.7422946071927734,93424,1.767792222179425,95484.967835418,1.77524,1.78545735863944
22.157,-20984.0,1.7390612927043458,93178,1.764586371763793,95226.7468463652,1.77207,1.7819838208644887
22.162,-20978.0,1.7362898802856934,92938,1.7614045805873857,94970.32550783094,1.76906,1.7784877976595124
22.166,-20969.0,1.732132761657715,92703,1.7581893911145114,94716.14132987724,1.76593,1.7749417744343474
22.17,-20963.0,1.7293613492390625,92477,1.7549447521859032,94464.75744584588,1.76282,1.7696193194827696
22.175,-20956.0,1.7261280347506347,92257,1.7517287586483947,94216.72952452094,1.75982,1.7616016323771717
22.179,-20949.0,1.7228947202622071,92043,1.7485107171718073,93972.37018310952,1.7567,1.7607743048069562
22.183,-20943.0,1.7201233078435547,91837,1.745318176342036,93732.07331138222,1.75359,1.753439770849445
22.188,-20935.0,1.7164280912853516,91639,1.7421208146470966,93496.30446242828,1.75061,1.7505307706637114
22.192,-20928.0,1.7131947767969238,91444,1.7388918956327557,93265.17855777573,1.74751,1.747364250105465
22.196,-20919.0,1.7090376581689453,91253,1.735607844023961,93038.56046163948,1.74456,1.7441754512964955
22.201,-20912.0,1.7058043436805177,91067,1.73227517841171,92816.44925078128,1.74149,1.7502876367813933
22.205,-20907.0,1.7034948333316406,90886,1.729008872455682,92598.9032285191,1.73839,1.7567019481058535
22.209,-20902.0,1.7011853229827638,90712,1.7258556930320108,92386.092039485,1.73542,1.7606821466523845
22.213,-20894.0,1.6974901064245609,90540,1.7227203453036333,92177.9879182204,1.73233,1.7531785504432484
22.218,-20888.0,1.6947186940059082,90369,1.7195734144954755,91974.2116777254,1.72922,1.7532247605652098
22.222,-20880.0,1.691023477447705,90207,1.7164162701306,91774.84278587936,1.7261,1.7262035217348155
22.227,-20873.0,1.6877901629592773,90048,1.713222813358552,91580.0695494881,1.72315,1.736422960823702
22.231,-20865.0,1.6840949464010742,89891,1.7099973375693454,91389.64418915876,1.72007,1.7202771641150547
22.235,-20858.0,1.6808616319126466,89738,1.706743628524906,91203.40733904162,1.7171,1.7275767824216892
22.239,-20854.0,1.679014023633545,89590,1.7035742501713278,91021.39582806788,1.71399,1.7274424393071448
22.244,-20847.0,1.6757807091451171,89444,1.700479231686674,90843.52389591267,1.71102,1.7197543682842544
22.248,-20840.0,1.6725473946566896,89301,1.697367861802381,90669.59768731071,1.70791,1.7378717794845207
22.252,-20832.0,1.6688521780984864,89161,1.6942147673745926,90499.50538483165,1.70492,1.7342609612990543
22.257,-20824.0,1.6651569615402833,89020,1.6909975752479132,90332.91192216631,1.70181,1.7239789182926275
22.261,-20816.0,1.66146174498208,88882,1.687723864000623,90169.52184950192,1.69871,1.7190323926735336
22.265,-20811.0,1.6591522346332033,88748,1.6844822355040687,90009.37023646085,1.69572,1.7056367381264597
22.27,-20803.0,1.655457018075,88612,1.6812688964607982,89852.19241922867,1.69258,1.703923676730327
22.274,-20797.0,1.6526856056563477,88482,1.678053195624867,89697.87326125767,1.68945,1.710388032957476
22.278,-20790.0,1.64945229116792,88356,1.6748627186905838,89546.66594353088,1.68633,1.687973987711878
22.283,-20784.0,1.6466808787492675,88229,1.671694483315111,89398.37989044763,1.68332,1.7072557424151005
22.287,-20776.0,1.6429856621910646,88106,1.668518553324067,89252.84705907432,1.68019,1.6824605312890628
22.291,-20769.0,1.6397523477026368,87983,1.6653085320405072,89109.97839239659,1.6772,1.6825858125031912
22.296,-20762.0,1.636519033214209,87860,1.6620957566896477,88969.4588934481,1.67421,1.6922410181138559
22.3,-20757.0,1.6342095228653322,87738,1.6589351657945466,88831.06992626168,1.67106,1.7009841032052297
22.304,-20749.0,1.630514306307129,87620,1.655793282888543,88694.85517483868,1.6679,1.6816550417189713
22.309,-20742.0,1.6272809918187012,87500,1.6526132831399083,88560.67580601915,1.66476,1.6666884223773406
22.313,-20736.0,1.6245095794000488,87383,1.649454286182188,88428.3502841559,1.66159,1.667631759138359
22.317,-20727.0,1.6203524607720703,87270,1.6462591958582298,88298.0732418164,1.65858,1.6811368305603198
22.322,-20719.0,1.6166572442138671,87153,1.6429776667633118,88169.60247744434,1.65543,1.6876739630760984
22.326,-20713.0,1.613885831795215,87040,1.6397018383125026,88042.72442613472,1.65228,1.6533523703069426
22.33,-20707.0,1.6111144193765623,86928,1.6364856493877915,87917.54636077253,1.64924,1.6552062102293612
22.335,-20701.0,1.60834300695791,86812,1.6333220485220432,87793.68993167563,1.64609,1.6584722583109275
22.339,-20694.0,1.6051096924694823,86704,1.6301775115286548,87671.23534504106,1.64293,1.658091647778739
22.343,-20685.0,1.600952573841504,86596,1.626967865049874,87550.48979349234,1.63977,1.6542617560088637
22.348,-20680.0,1.598643063492627,86490,1.6237554201888271,87431.36944441154,1.63675,1.6460876847338057
22.352,-20673.0,1.5954097490041992,86383,1.6205951207081442,87313.74125971568,1.63362,1.634612566972889
22.356,-20664.0,1.591252630376221,86277,1.6173715754165208,87197.42881365475,1.63064,1.6541136291989014
22.361,-20658.0,1.5884812179575685,86171,1.614119568617679,87082.33565753858,1.62749,1.657097356656827
22.365,-20652.0,1.585709805538916,86065,1.6109243847968011,86968.31762887066,1.62437,1.6270888154096383
22.369,-20645.0,1.5824764910504885,85962,1.6077519990525049,86855.42496236999,1.6214,1.6302052421033906
22.374,-20639.0,1.579705078631836,85856,1.6045997158588814,86743.52460107155,1.61829,1.636608165881717
22.378,-20632.0,1.5764717641434085,85752,1.6014651583949755,86632.44010257586,1.61518,1.6321612270460641
22.382,-20625.0,1.5732384496549805,85650,1.5983189244145326,86522.31147310152,1.61223,1.6328408300630408
22.386,-20617.0,1.5695432330967771,85545,1.5951350880398516,86412.96657827344,1.60914,1.610199926040844
22.391,-20610.0,1.5663099186083496,85441,1.5919180951823022,86304.1945185916,1.60606,1.6333700055046865
22.395,-20604.0,1.5635385061896974,85338,1.5887264789883118,86196.04579980485,1.6031,1.6059414432511898
22.399,-20599.0,1.5612289958408203,85233,1.5856118519497455,86088.38760393289,1.60002,1.6197627222470787
22.404,-20590.0,1.5570718772128418,85130,1.5824831919248905,85981.1619340995,1.59708,1.6186979514122588
22.408,-20584.0,1.5543004647941896,85026,1.5793148516527626,85874.37676807464,1.594,1.6213375658006957
22.412,-20578.0,1.5515290523755372,84919,1.576193442063974,85767.74355339113,1.59094,1.5934664771814835
22.417,-20571.0,1.5482957378871094,84814,1.5730861078705682,85661.18520671586,1.58788,1.6097727439014933
22.421,-20561.0,1.5436767171893555,84710,1.569881959078107,85554.87022823753,1.5848,1.614006645674197
22.426,-20555.0,1.540905304770703,84606,1.5666197489890894,85448.82896076475,1.58187,1.5988275981568192
22.43,-20549.0,1.538133892352051,84501,1.5634155682619566,85342.96992473547,1.57881,1.5792839249302664
22.434,-20544.0,1.5358243820031738,84397,1.5602898622552472,85237.27157405236,1.5759,1.6052048908869114
22.438,-20537.0,1.532591067514746,84291,1.5572060460782502,85131.65579271902,1.57283,1.5755807573791485
22.443,-20529.0,1.528895850956543,84185,1.5540772475508278,85025.99458337043,1.56978,1.5908424509918404
22.447,-20521.0,1.52520063439834,84076,1.5508814787037175,84920.11596498633,1.56686,1.5696125722302228
22.451,-20515.0,1.5224292219796876,83968,1.5476812706554075,84813.92740808456,1.5638,1.5889575165819636
22.456,-20507.0,1.5187340054214844,83861,1.5444771482739408,84707.58379297708,1.56074,1.583042649820045
22.46,-20503.0,1.516886397142383,83751,1.5413241872661716,84600.98521814414,1.55783,1.580727605448031
22.465,-20495.0,1.5131911805841798,83641,1.538216338577575,84493.98447650425,1.55463,1.5771448139971866
22.469,-20489.0,1.5104197681655274,83533,1.5350936554658698,84386.74735296224,1.5517,1.5709378150454811
22.473,-20481.0,1.5067245516073242,83422,1.5319578918760304,84279.24267868638,1.54863,1.570585039777886
22.477,-20475.0,1.503953139188672,83304,1.5288105943757058,84170.91091350839,1.54571,1.5559079560878366
22.482,-20467.0,1.5002579226304689,83193,1.5256531266744364,84061.84984835141,1.54252,1.547094015110182
22.486,-20459.0,1.4965627060722655,83078,1.5224320783473684,83952.32306404122,1.5396,1.568117959653907
22.491,-20453.0,1.4937912936536133,82964,1.519209579733228,83842.20827259403,1.53655,1.5369739442671844
22.495,-20446.0,1.4905579791651855,82849,1.5160131087546478,83731.57499691307,1.53363,1.5375577414230974
22.499,-20443.0,1.4891722729558594,82733,1.5129215073841904,83620.3663050805,1.53056,1.5329496010603014
22.504,-20434.0,1.485015154327881,82613,1.5098677634887736,83508.35464431977,1.5275,1.5555430620466164
22.508,-20428.0,1.4822437419092285,82494,1.506765481652887,83395.45760130505,1.52459,1.5253575493561187
22.512,-20420.0,1.478548525351025,82375,1.5036477071982042,83281.838976423,1.52155,1.5264541837453725
22.517,-20414.0,1.4757771129323731,82254,1.5005162718913303,83167.46585096279,1.5185,1.5317877080851727
22.521,-20407.0,1.4725437984439451,82133,1.4974000973685613,83052.30919835066,1.51561,1.517199044935754
22.525,-20400.0,1.4693104839555176,82010,1.4942700728259797,82936.34342396382,1.5126,1.515881475716935
22.529,-20395.0,1.4670009736066407,81884,1.4911824487143135,82819.36860716212,1.50958,1.5345659911944824
22.534,-20389.0,1.4642295611879883,81759,1.488159518275549,82701.38581707362,1.5067,1.5216680721524418
22.538,-20380.0,1.4600724425600098,81631,1.485084406673587,82582.39599641824,1.50369,1.5119648254549087
22.542,-20374.0,1.4573010301413574,81502,1.4819632835375565,82462.28174165876,1.50068,1.5007997619276217
22.547,-20366.0,1.4536058135831544,81369,1.4788288954799873,82340.88041304362,1.49797,1.5005250825926695
22.551,-20361.0,1.4512963032342774,81231,1.475710117324395,82217.81213090915,1.495,1.5099176109447738
22.555,-20355.0,1.448524890815625,81095,1.4726597163336974,82093.09663497048,1.49189,1.5090906461161406
22.56,-20349.0,1.4457534783969728,80955,1.4696423014995903,81966.81044841898,1.48917,1.5067191981772183
22.564,-20343.0,1.4429820659783203,80815,1.4666539727106156,81838.90281194732,1.48619,1.5044052394893774
22.568,-20335.0,1.4392868494201172,80668,1.4636366780877166,81709.15161557215,1.48307,1.4987978700745639
22.573,-20329.0,1.4365154370014648,80519,1.4605938424003262,81577.24277564352,1.48036,1.491495586356204
22.577,-20320.0,1.4323583183734865,80368,1.4575011790427272,81443.19493111466,1.47723,1.479874459445527
22.581,-20317.0,1.4309726121641602,80211,1.454446498724001,81306.78804757618,1.47425,1.4987649290695602
22.586,-20308.0,1.4268154935361816,80052,1.4514253105273365,81167.82810634197,1.47139,1.4796089181833616
22.59,-20302.0,1.4240440811175292,79886,1.448351735173838,81026.08491108804,1.46841,1.4957890756888834
22.594,-20295.0,1.4208107666291017,79723,1.4452865795447245,80881.65106969277,1.46541,1.4662335457413966
22.599,-20290.0,1.4185012562802246,79556,1.4422561545838486,80734.78559275334,1.46254,1.4875386688247305
22.603,-20282.0,1.4148060397220217,79383,1.4392290474695366,80585.18481022511,1.45954,1.4617913718061484
22.607,-20275.0,1.4115727252335937,79202,1.4361502530204042,80432.34448683912,1.45655,1.4879728217461716
22.611,-20268.0,1.408339410745166,79017,1.4330531889261204,80275.93824027493,1.45369,1.466119511437853
22.616,-20264.0,1.4064918024660644,78829,1.4300219346391465,80115.97386494599,1.4507,1.4548252912735118
22.62,-20256.0,1.4027965859078613,78638,1.4270214027021757,79952.51735109229,1.4477,1.4608044940339577
22.624,-20248.0,1.3991013693496583,78444,1.423938734871505,79785.62688661138,1.44484,1.4646835946431898
22.629,-20245.0,1.397715663140332,78253,1.4209201747088684,79615.70848395133,1.44185,1.4632255364641713
22.633,-20237.0,1.3940204465821289,78056,1.417958142457286,79442.94279856932,1.43887,1.4578543774455937
22.638,-20230.0,1.3907871320937013,77858,1.4149367287578365,79267.25265657186,1.43603,1.4470068075476215
22.642,-20223.0,1.3875538176052735,77665,1.4118902610120665,79089.22030007679,1.4330500000000002,1.438783018787006
22.646,-20217.0,1.384782405186621,77470,1.408849007928242,78909.30001252715,1.43008,1.4304429297549344
22.651,-20211.0,1.382010992767969,77278,1.4058396594001157,78727.77413046136,1.42711,1.4432873517878633
22.655,-20203.0,1.3783157762097658,77088,1.4028038303026116,78545.12807800491,1.42414,1.4410642200230688
22.659,-20198.0,1.3760062658608887,76902,1.3997719580086574,78361.84900265884,1.42115,1.4281023531377655
22.664,-20192.0,1.3732348534422365,76722,1.396798187582873,78178.60292372906,1.41832,1.4221130100542962
22.668,-20184.0,1.3695396368840331,76540,1.3937937300180787,77995.62240948084,1.41535,1.438291789709968
22.672,-20179.0,1.3672301265351563,76362,1.390789520050099,77812.9942957234,1.41238,1.4268904742639061
22.677,-20172.0,1.3639968120467283,76187,1.3878128348526135,77631.0907382391,1.40954,1.4238873176629265
22.681,-20166.0,1.361225399628076,76008,1.3848331135917904,77449.76695186817,1.40658,1.4123885267172798
22.685,-20157.0,1.3570682810000976,75837,1.3817961023394794,77269.19085708167,1.40362,1.4112151742220866
22.69,-20152.0,1.3547587706512207,75671,1.3787358812143111,77090.04257688526,1.40064,1.4027930028285778
22.694,-20146.0,1.3519873582325683,75502,1.3757371137755563,76912.27152870862,1.3978000000000002,1.3974747383775592
22.698,-20139.0,1.3487540437441408,75335,1.372737921162731,76735.65575840895,1.39483,1.3945770519454008
22.703,-20132.0,1.345520729255713,75168,1.3697110471979663,76560.1769067383,1.39187,1.391682729352901
22.707,-20125.0,1.3422874147672852,75003,1.3666597647802308,76385.81878515065,1.38888,1.3887524873559112
22.712,-20119.0,1.3395160023486328,74842,1.3636142662861923,76212.80358873919,1.38593,1.40425846292406
22.716,-20114.0,1.337206491999756,74679,1.360628480751296,76041.09077181605,1.3831,1.3905204451589772
22.72,-20107.0,1.3339731775113282,74519,1.3576680415778273,75870.58546520697,1.38014,1.3824538343664323
22.725,-20100.0,1.3307398630229004,74364,1.3546753390474655,75701.61783835723,1.37715,1.382269686008872
22.729,-20093.0,1.3275065485344726,74206,1.3516541878115955,75534.12431881075,1.37419,1.3835665176899306
22.733,-20087.0,1.3247351361158204,74047,1.3486352579453158,75367.69414620312,1.37121,1.3844160414028241
22.738,-20078.0,1.320578017487842,73893,1.345563673908972,75202.43806551692,1.36823,1.370703719161706
22.742,-20073.0,1.3182685071389648,73739,1.3424729677057998,75038.51284522185,1.36526,1.3757371078003475
22.747,-20067.0,1.3154970947203126,73585,1.339447319585986,74875.76113131254,1.3622999999999998,1.3628494260136332
22.751,-20060.0,1.3122637802318848,73432,1.3364244245239127,74714.1032918996,1.35933,1.3754102626179499
22.755,-20055.0,1.3099542698830078,73279,1.3334312634606011,74553.4691103538,1.35636,1.3772422867722356
22.76,-20047.0,1.3062590533248046,73131,1.3304370143545683,74394.03314168438,1.35341,1.369639700326283
22.764,-20042.0,1.3039495429759278,72980,1.3274418058503226,74235.77195023256,1.35043,1.3599223762464514
22.769,-20033.0,1.2997924243479493,72832,1.3244184449338765,74078.54663645498,1.34746,1.3579442869206448
22.773,-20026.0,1.2965591098595215,72683,1.321315647303436,73922.35295836217,1.34451,1.353924991728762
22.777,-20021.0,1.2942495995106449,72537,1.3182520309355386,73767.18717551546,1.34157,1.3443273063795533
22.782,-20015.0,1.2914781870919922,72387,1.3152502696898825,73612.8686375338,1.33861,1.3573273686849354
22.786,-20008.0,1.2882448726035645,72239,1.312248437242301,73459.17893579949,1.33567,1.3385691919988338
22.79,-20002.0,1.285473460184912,72096,1.3092465420113382,73306.4575417699,1.33274,1.3519664644725677
22.795,-19996.0,1.2827020477662598,71952,1.3062718978684134,73154.82643737193,1.32979,1.3459692778356047
22.799,-19988.0,1.2790068312080567,71803,1.3032666698902458,73003.80200804997,1.32696,1.3316232730803226
22.804,-19983.0,1.2766973208591796,71658,1.30026178059856,72853.25340630343,1.32389,1.347175437217571
22.808,-19975.0,1.2730021043009765,71513,1.2972571899488292,72703.36084234627,1.32108,1.3231341070574167
22.812,-19969.0,1.2702306918823243,71363,1.294225556182945,72553.75116269784,1.31813,1.3419361544485278
22.817,-19961.0,1.2665354753241211,71214,1.291170076738199,72404.15445100014,1.3151700000000002,1.31680494881139
22.821,-19956.0,1.264225964975244,71064,1.2881208774517785,72254.56917399018,1.31208,1.3292368272148245
22.826,-19949.0,1.2609926504868163,70917,1.2851045222386894,72105.1122144849,1.30911,1.311837679228936
22.83,-19943.0,1.258221238068164,70772,1.282089821338421,71956.06398787766,1.30614,1.308780006595783
22.834,-19937.0,1.2554498256495117,70628,1.279103885601874,71807.55351991039,1.30318,1.3225704406772554
22.839,-19930.0,1.252216511161084,70482,1.2761160075375777,71659.45811140318,1.30035,1.302050821670481
22.843,-19924.0,1.2494450987424317,70334,1.2731264167962553,71511.49221829612,1.29737,1.313561610722339
22.847,-19917.0,1.246211784254004,70189,1.2701353158759237,71363.6996447599,1.2944,1.2943514910589144
22.852,-19912.0,1.243902273905127,70043,1.2671701897805263,71216.17813318547,1.29156,1.3069375293883103
22.856,-19906.0,1.241130861486475,69896,1.2642552738302033,71068.77739982253,1.28858,1.2943895954679334
22.86,-19899.0,1.2378975469980469,69743,1.2613300185422744,70921.06934270191,1.28574,1.2964369408288214
22.865,-19894.0,1.23558803664917,69585,1.2584229528344388,70772.44000681321,1.2826300000000002,1.2932511373572146
22.869,-19885.0,1.2314309180211915,69432,1.255477313168949,70622.9983193626,1.27954,1.2881213456940404
22.874,-19880.0,1.2291214076723145,69280,1.2524976603297755,70473.19503295502,1.27657,1.2897519731857428
22.878,-19874.0,1.226349995253662,69124,1.2495699352022474,70322.89554897665,1.2737500000000002,1.2822905995457443
22.882,-19869.0,1.2240404849047852,68965,1.2466879981240286,70171.74471346341,1.27079,1.2832679503147093
22.887,-19861.0,1.220345268346582,68804,1.243791822458025,70019.5475988022,1.26783,1.2810832692034397
22.891,-19856.0,1.218035757997705,68646,1.2408830917007432,69866.48702899089,1.26473,1.271431529097585
22.896,-19848.0,1.214340541439502,68486,1.2379632903008249,69712.72421186948,1.26193,1.2841226140664803
22.9,-19842.0,1.2115691290208497,68324,1.2350064207451934,69558.1057079149,1.25913,1.2699471274513148
22.904,-19835.0,1.208335814532422,68156,1.232044172227874,69402.25974990481,1.25617,1.2687564601717147
22.909,-19831.0,1.2064882062533204,67989,1.2291317936257753,69245.03587863049,1.2532299999999998,1.2674842005724951
22.913,-19823.0,1.2027929896951173,67818,1.2262360821314615,69086.41965919174,1.25029,1.2513042815251236
22.917,-19818.0,1.2004834793462402,67638,1.2233277606646251,68925.80718942148,1.24735,1.271594238359701
22.922,-19811.0,1.1972501648578124,67464,1.220435626611018,68763.25714337587,1.2444,1.2757484714230762
22.926,-19805.0,1.1944787524391602,67286,1.21753045960692,68599.11684478328,1.24148,1.2554917297727521
22.93,-19797.0,1.190783535880957,67103,1.2145864941523208,68433.04226025041,1.23856,1.258226324050439
22.935,-19794.0,1.189397829671631,66917,1.2116902369187714,68264.78915049916,1.23561,1.2596791146707416
22.939,-19787.0,1.1861645151832032,66728,1.2088633535827795,68094.26038862718,1.2326700000000002,1.2529295359184482
22.944,-19779.0,1.182469298625,66530,1.2059611094946074,67921.01562712692,1.22976,1.2369524224767157
22.948,-19771.0,1.178774082066797,66338,1.2029651084690929,67745.198639465,1.22669,1.2372363201161698
22.953,-19767.0,1.1769264737876954,66143,1.1999956616314436,67567.29090446637,1.22389,1.2450720061344813
22.957,-19760.0,1.1736931592992677,65942,1.1970769358009423,67387.00756463656,1.22098,1.2521352183913053
22.961,-19754.0,1.1709217468806152,65741,1.1941483210932369,67204.27479474085,1.21808,1.223196864477578
22.965,-19748.0,1.1681503344619628,65528,1.1912382931659329,67018.67279387137,1.21528,1.227881275834865
22.97,-19742.0,1.1653789220433106,65302,1.1883446544148617,66829.06287002774,1.21236,1.2308395393712512
22.974,-19736.0,1.1626075096246582,65085,1.1854654670691336,66635.68242957094,1.2093,1.2407026012713362
22.979,-19729.0,1.1593741951362304,64857,1.1825717160215636,66438.85904396445,1.20638,1.2172525854477783
22.983,-19722.0,1.1561408806478028,64613,1.1796378167602135,66237.40361939091,1.20347,1.226511043950662
22.988,-19717.0,1.1538313702989258,64374,1.1767231290973814,66031.21353265563,1.2005599999999998,1.2092222282555163
22.992,-19711.0,1.1510599578802734,64131,1.173852688001895,65820.90770296557,1.19766,1.203696059572954
22.996,-19703.0,1.1473647413220704,63877,1.170939342645225,65606.08599338318,1.1947299999999998,1.2011268605970877
23.001,-19698.0,1.1450552309731934,63615,1.1680154722521312,65386.15910748985,1.19181,1.2014248265298633
23.005,-19693.0,1.1427457206243163,63351,1.16516424059285,65161.139480785125,1.18887,1.197395942513422
23.01,-19686.0,1.1395124061358888,63070,1.1623224463451125,64930.50602188284,1.18607,1.186025377329714
23.014,-19678.0,1.1358171895776856,62789,1.1594070543337855,64693.91748532487,1.183,1.2114781554203122
23.018,-19673.0,1.1335076792288086,62493,1.156481379271828,64451.191207534735,1.18021,1.190397107670388
23.023,-19666.0,1.1302743647403808,62202,1.1535739434218597,64202.461709113646,1.1772900000000002,1.1788010915744704
23.027,-19661.0,1.127964854391504,61911,1.1506825902743925,63948.73436660875,1.17435,1.1787464945561728
23.031,-19655.0,1.1251934419728515,61621,1.147832724742633,63690.65921648759,1.1714099999999998,1.1752489784964169
23.036,-19648.0,1.1219601274844238,61333,1.1449648286503715,63428.9276730842,1.16846,1.1689567759065063
23.04,-19643.0,1.119650617135547,61057,1.1421083402854697,63164.79969287251,1.16549,1.1727576266382072
23.044,-19636.0,1.1164173026471191,60778,1.1392619108576214,62899.09067464397,1.16267,1.1765136504522373
23.049,-19629.0,1.1131839881586914,60505,1.136369738153992,62632.16490429654,1.15971,1.1817244079922353
23.053,-19623.0,1.1104125757400392,60245,1.133464537069649,62365.2894748188,1.15663,1.1725328579250427
23.058,-19616.0,1.1071792612516114,59988,1.1305478480125135,62099.40431252742,1.15367,1.1542218426974684
23.062,-19611.0,1.1048697509027343,59742,1.1276483357089304,61835.21997694892,1.15071,1.1581410714817981
23.066,-19604.0,1.1016364364143068,59504,1.1247639692689668,61573.65860173718,1.1478700000000002,1.157565515680415
23.071,-19600.0,1.099788828135205,59276,1.1219202643727824,61315.4741748652,1.1449,1.1675643811184635
23.075,-19592.0,1.096093611577002,59055,1.1190851069628505,61061.27241929519,1.14192,1.1497824707291473
23.08,-19586.0,1.0933221991583495,58832,1.1162028735324112,60810.878031689885,1.13895,1.146392940380493
23.084,-19578.0,1.0896269826001466,58621,1.1132791301050933,60564.43202265335,1.136,1.141887865024628
23.088,-19573.0,1.0873174722512695,58414,1.110346091055101,60322.41343481447,1.13317,1.1330234036569147
23.093,-19569.0,1.085469863972168,58214,1.1075140812414273,60084.94908430791,1.13021,1.1300660831024754
23.097,-19562.0,1.0822365494837405,58024,1.1047165425965626,59852.50549757335,1.12725,1.1271471879767088
23.101,-19556.0,1.0794651370650878,57837,1.101894786532457,59625.2575718028,1.12429,1.1308481523895244
23.106,-19550.0,1.0766937246464356,57655,1.0990789828389451,59403.06393826743,1.12145,1.1258646681326472
23.11,-19543.0,1.073460410158008,57477,1.0962411212904732,59185.859060338495,1.11849,1.1183889132098814
23.114,-19538.0,1.0711508998091308,57303,1.0934111163412354,58973.526032699694,1.11554,1.1284231123018063
23.119,-19530.0,1.0674556832509277,57130,1.090560732619595,58765.78442011848,1.11271,1.1140308060268245
23.123,-19524.0,1.0646842708322757,56964,1.087665073157289,58562.56429675681,1.10975,1.1094710488082293
23.127,-19519.0,1.0623747604833984,56798,1.0848114104669424,58363.74488704635,1.1067900000000002,1.109344190058008
23.132,-19513.0,1.0596033480647462,56633,1.081994779068837,58168.864990908645,1.10381,1.1035037376423644
23.136,-19506.0,1.0563700335763184,56476,1.0791561876792537,57977.99087734146,1.1006900000000002,1.1011125690579495
23.141,-19501.0,1.0540605232274414,56321,1.0763255391815187,57791.24009743863,1.09772,1.0975195678969132
23.145,-19494.0,1.0508272087390136,56171,1.073501894449444,57608.538951472205,1.09476,1.0965929764943012
23.149,-19488.0,1.0480557963203614,56020,1.0706571189459948,57429.64510139413,1.0918,1.095982135740717
23.154,-19481.0,1.0448224818319336,55872,1.0677937110635904,57254.226627150885,1.08883,1.0902752915213105
23.158,-19475.0,1.0420510694132812,55726,1.0649138737977353,57082.16820538069,1.08586,1.0869279616208296
23.163,-19471.0,1.0402034611341795,55586,1.0621014690179251,56913.54550014813,1.08289,1.08612547281141
23.167,-19464.0,1.036970146645752,55446,1.0593212174097668,56748.30699459776,1.0799,1.0878413355452186
23.171,-19457.0,1.033736832157324,55312,1.0564873980048903,56586.40726295895,1.07692,1.0921301612035323
23.176,-19453.0,1.031889223878223,55177,1.0536882637254674,56427.74713297032,1.07397,1.0781456400840974
23.18,-19446.0,1.028655909389795,55047,1.0509197135828046,56272.180040585015,1.071,1.0878970777217387
23.184,-19440.0,1.0258844969711427,54915,1.0481235185712892,56119.51763332877,1.06816,1.0983975921516456
23.189,-19433.0,1.022651182482715,54786,1.0453029472763196,55969.4755937486,1.06518,1.082670434694396
23.193,-19427.0,1.0198797700640625,54656,1.04246088182277,55821.86233800468,1.0622,1.090732990680457
23.198,-19421.0,1.01710835764541,54530,1.039627170016309,55676.56805153064,1.0592,1.0787634182801498
23.202,-19416.0,1.0147988472965332,54406,1.0368281306134255,55533.67325585516,1.05634,1.058699887014477
23.206,-19410.0,1.0120274348778808,54284,1.0340596641295938,55393.130717265616,1.05336,1.0626870530858958
23.21,-19405.0,1.009717924529004,54162,1.0313181557820008,55254.78055192283,1.05038,1.0687503915859025
23.215,-19397.0,1.0060227079708008,54042,1.0285458052844618,55118.48177982054,1.04752,1.0570469787693906
23.219,-19390.0,1.002789393482373,53917,1.0256916463557737,54983.814502707406,1.04454,1.044372280410747
23.224,-19384.0,1.0000179810637206,53799,1.0228199644954885,54850.70405590293,1.04156,1.0415595152892427
23.228,-19379.0,0.9977084707148438,53682,1.019987444420306,54719.43930707441,1.0387,1.0405870759517908
23.232,-19374.0,0.9953989603659668,53566,1.0172167622928352,54589.92026529514,1.0356999999999998,1.038218937812684
23.236,-19367.0,0.9921656458775392,53451,1.0144459938195365,54462.058762045104,1.03273,1.0362935937284121
23.241,-19362.0,0.989856135528662,53336,1.011675149209491,54335.71793599373,1.0299,1.030358215726937
23.245,-19353.0,0.9856990169006836,53221,1.0088496245682352,54210.71799018434,1.02692,1.0293920342724767
23.249,-19348.0,0.9833895065518068,53105,1.0059758849780436,54086.841268519136,1.0241,1.029972448977639
23.254,-19343.0,0.9810799962029296,52991,1.0031688569164658,53964.01408421926,1.02114,1.0313682432475655
23.258,-19337.0,0.9783085837842772,52875,1.000393346311362,53842.1123454496,1.01831,1.0334296156383584
23.262,-19330.0,0.9750752692958496,52760,0.9975910138062548,53720.96751495026,1.01534,1.0360885742858272
23.267,-19324.0,0.9723038568771972,52646,0.9947650306829892,53600.60833462205,1.01238,1.035488582319903
23.271,-19320.0,0.9704562485980958,52533,0.9920001126122664,53481.06014807301,1.00957,1.0097475351102996
23.275,-19313.0,0.967222934109668,52419,0.9892617331318864,53362.22706762001,1.00661,1.009246767981729
23.28,-19306.0,0.9639896196212404,52304,0.986464835112349,53243.9063080456,1.00366,1.0133439578163967
23.284,-19300.0,0.961218207202588,52191,0.9836436439293668,53126.0964125932,1.00086,1.0221886625288987
23.288,-19295.0,0.9589086968537108,52074,0.9808556447766128,53008.61874455326,0.9979,1.0175554386339074
23.293,-19290.0,0.956599186504834,51961,0.9781242196494392,52891.43402308581,0.99494,1.0094991099252446
23.297,-19283.0,0.9533658720164064,51849,0.9753880666330595,52774.80319870015,0.99213,1.0144220952338963
23.301,-19276.0,0.9501325575279784,51732,0.9725931318320086,52658.42431189866,0.98918,0.995980895862208
23.306,-19271.0,0.9478230471791016,51619,0.9698009781950157,52542.20845749531,0.98623,0.9861854327484432
23.31,-19263.0,0.9441278306208984,51505,0.9669839704434806,52426.31371158028,0.98341,0.99990557279929
23.314,-19259.0,0.9422802223417968,51392,0.9641723536467768,52310.702107957295,0.98048,1.005499717193571
23.318,-19253.0,0.9395088099231446,51275,0.9614201033029413,52195.16281716324,0.97766,0.9775773335496265
23.323,-19246.0,0.9362754954347168,51160,0.9586382808868822,52079.56905451072,0.97471,0.9754987075081579
23.327,-19241.0,0.9339659850858398,51045,0.9558576892947312,51964.04549526364,0.97189,0.9850747736611218
23.331,-19236.0,0.9316564747369628,50927,0.953132795896752,51848.4064867444,0.96894,0.9994753273576058
23.336,-19229.0,0.9284231602485352,50810,0.9504024023319058,51732.54744427916,0.96598,0.9815602369994907
23.34,-19222.0,0.9251898457601074,50692,0.947612546014817,51616.49438353639,0.96318,0.9646917369018657
23.344,-19216.0,0.9224184333414552,50573,0.9447975639600388,51500.15200943245,0.96025,0.9600251613035851
23.349,-19210.0,0.9196470209228028,50454,0.9419877333522508,51383.4954114758,0.9573,0.971048358906602
23.353,-19205.0,0.9173375105739258,50335,0.9392097515594132,51266.56174185923,0.9545,0.9755242494130463
23.357,-19200.0,0.9150280002250488,50215,0.9364871593916612,51149.32464269617,0.95156,0.9583551542844231
23.362,-19195.0,0.912718489876172,50095,0.933813407868034,51031.76087251938,0.94876,0.9494768899456846
23.366,-19189.0,0.9099470774575196,49971,0.9311554158767534,50913.67258561938,0.94594,0.9520282638856012
23.37,-19181.0,0.9062518608993164,49846,0.9284294007480308,50794.82621113615,0.94289,0.9544264652489922
23.375,-19176.0,0.9039423505504396,49721,0.925670711631807,50675.25226400215,0.94009,0.9533046004907746
23.379,-19170.0,0.9011709381317872,49594,0.9229378246267684,50554.91853382564,0.93717,0.94745221484137
23.383,-19165.0,0.8988614277829102,49465,0.9202276890255916,50433.67838380902,0.93423,0.9343783401367832
23.388,-19160.0,0.8965519174340332,49336,0.9175649212689454,50311.52074952129,0.93145,0.9361116097420946
23.392,-19152.0,0.8928567008758301,49206,0.9148620014847336,50188.494992129614,0.92865,0.9372952901377192
23.396,-19147.0,0.8905471905269532,49073,0.9121236770396997,50064.46728440135,0.92557,0.9402701341900761
23.4,-19141.0,0.8877757781083008,48938,0.90940874689313,49939.26050474181,0.92278,0.9397099977142767
23.405,-19135.0,0.8850043656896485,48799,0.906687138576706,49812.65935609431,0.91998,0.9411880284477849
23.409,-19128.0,0.8817710512012207,48649,0.9039323352342326,49683.94194042849,0.9169,0.9432212633535544
23.414,-19124.0,0.8799234429221192,48508,0.901202874569282,49553.24023934631,0.91396,0.9438524311341955
23.418,-19117.0,0.8766901284336914,48362,0.8984957601955758,49421.025334016726,0.91103,0.942427099511216
23.422,-19111.0,0.8739187160150391,48213,0.8957537371074757,49287.003198654005,0.90807,0.9323701705794593
23.427,-19105.0,0.8711473035963867,48063,0.8930082391779061,49151.15104114066,0.90511,0.9140442037277168
23.431,-19099.0,0.8683758911777344,47909,0.8902596772540352,49013.3896467831,0.90216,0.927417074169267
23.435,-19093.0,0.8656044787590821,47752,0.8875084136066008,48873.53093202588,0.89934,0.9297778157701155
23.44,-19088.0,0.8632949684102051,47590,0.8847820741215724,48731.34993393673,0.89636,0.9255964785639922
23.444,-19081.0,0.8600616539217774,47424,0.8820504054474823,48586.58917063209,0.89354,0.89678863600629
23.448,-19075.0,0.857290241503125,47255,0.8792867312316679,48439.13983834097,0.8905799999999999,0.9151481887113269
23.453,-19070.0,0.8549807311542481,47086,0.8765494485392662,48289.14246727368,0.88761,0.8876610167804166
23.457,-19064.0,0.8522093187355957,46903,0.87383543697392,48136.07068070811,0.8847499999999999,0.9107161105296485
23.461,-19058.0,0.8494379063169434,46727,0.8711146386304569,47979.874159747975,0.88167,0.893624649724711
23.466,-19052.0,0.8466664938982911,46543,0.8683878559421956,47820.863239326056,0.8788499999999999,0.8860202281173244
23.47,-19047.0,0.8443569835494141,46354,0.8656831029151538,47658.60215321868,0.8758699999999999,0.8946160670421932
23.474,-19042.0,0.8420474732005371,46162,0.8630250813250941,47493.00224491947,0.8729199999999999,0.8939186074762169
23.479,-19034.0,0.838352256642334,45962,0.860326346545436,47323.80798801359,0.87012,0.8912815603959937
23.483,-19029.0,0.8360427462934571,45756,0.8575917122918006,47150.6167160071,0.86717,0.8838012877625745
23.488,-19024.0,0.83373323594458,45558,0.8549073424758445,46974.01924995543,0.8642099999999999,0.8828901265924314
23.492,-19018.0,0.8309618235259277,45358,0.8522399876438506,46794.77302489751,0.8612900000000001,0.8747945713884988
23.496,-19013.0,0.8286523131770508,45158,0.8495876360326801,46613.072981516256,0.8585,0.8608039351187128
23.5,-19006.0,0.8254189986886231,44960,0.8469212072913582,46429.32748131269,0.85558,0.8664921175985536
23.505,-19000.0,0.8226475862699707,44759,0.8442150593782431,46243.719251057206,0.85267,0.8731966326974013
23.509,-18993.0,0.819414271781543,44564,0.8414738884814645,46056.64588244773,0.8497699999999999,0.8514755008342272
23.514,-18987.0,0.8166428593628906,44375,0.8387018355363122,45868.99001458633,0.84687,0.8596128456517287
23.518,-18983.0,0.814795251083789,44188,0.8359844712201553,45681.2934583321,0.8441000000000001,0.8587062226706084
23.522,-18978.0,0.8124857407349121,44003,0.8333426358824003,45493.79749405861,0.84121,0.8465053014887006
23.526,-18972.0,0.8097143283162598,43821,0.8307127864733019,45306.77399180136,0.8384499999999999,0.8540983631487241
23.531,-18965.0,0.806481013827832,43641,0.8280388929425677,45120.46267709796,0.83555,0.8411732283136608
23.535,-18959.0,0.8037096014091797,43463,0.8253261628378851,44935.01581418885,0.8327899999999999,0.8431011851242117
23.539,-18953.0,0.8009381889905274,43287,0.822606494441847,44750.56766438321,0.8299099999999999,0.8485512104219172
23.544,-18950.0,0.7995524827812012,43113,0.819962627446623,44567.23661463188,0.8270200000000001,0.8556888869224548
23.548,-18945.0,0.7972429724323242,42937,0.8174129059373738,44384.89058483904,0.82426,0.8277581571252925
23.553,-18937.0,0.7935477558741211,42771,0.8148096664006858,44203.88605055152,0.8212299999999999,0.8414222220487358
23.557,-18931.0,0.7907763434554688,42603,0.8121319300813175,44024.53733950293,0.8184899999999999,0.8479563493566835
23.561,-18924.0,0.787543028967041,42438,0.8094158115393268,43846.70779316967,0.81559,0.8447153371669889
23.566,-18919.0,0.785233518618164,42273,0.8066931553371709,43670.39514561558,0.8126899999999999,0.8316086756318111
23.57,-18915.0,0.7833859103390625,42109,0.8040466537984724,43495.47916402207,0.8098099999999999,0.8330218389973397
23.574,-18909.0,0.7806144979204102,41949,0.8014399963439799,43322.090300863,0.8069299999999999,0.8195724632703325
23.579,-18903.0,0.7778430855017578,41789,0.7988138591200938,43150.28446719325,0.80416,0.8087030697353846
23.583,-18897.0,0.7750716730831055,41628,0.7961705453133531,42979.81537644844,0.8012600000000001,0.8312358797803818
23.587,-18893.0,0.773224064804004,41475,0.7935666986899843,42810.9388008851,0.79837,0.8084828759542492
23.592,-18885.0,0.7695288482458008,41321,0.7909430399591806,42643.8802715795,0.7954600000000001,0.8149978985904509
23.596,-18878.0,0.766295533757373,41169,0.7882199922566866,42478.48394960273,0.79253,0.8035394224921709
23.6,-18873.0,0.7639860234084961,41016,0.7854912261618979,42314.61242160962,0.78976,0.7951950922470217
23.605,-18866.0,0.7607527089200684,40862,0.7827574177877548,42151.96716910141,0.7868600000000001,0.8086632059925719
23.609,-18861.0,0.7584431985711915,40712,0.7800191633071223,41990.58055584,0.78392,0.7986084585871575
23.613,-18857.0,0.7565955902920899,40565,0.7773589077492036,41830.71758865429,0.78098,0.8116033952679725
23.618,-18851.0,0.7538241778734375,40413,0.7747401224791323,41672.07988476816,0.7781800000000001,0.7952076765343555
23.622,-18844.0,0.7505908633850098,40266,0.7720759849212168,41514.52257542671,0.7752300000000001,0.7840174137136321
23.626,-18837.0,0.747357548896582,40116,0.7693445508456698,41358.03615519745,0.77226,0.8025980677699112
23.631,-18830.0,0.7441242344081543,39963,0.7665537770424498,41202.1393033412,0.7693300000000001,0.8005857408241528
23.635,-18825.0,0.7418147240592774,39816,0.7637652924285627,41046.93966455462,0.7663800000000001,0.793638423101303
23.64,-18819.0,0.739043311640625,39670,0.7610061327904154,40892.76862577554,0.76342,0.7780830121916578
23.644,-18814.0,0.736733801291748,39523,0.7582728308955164,40739.50457069305,0.76058,0.7618490154292573
23.648,-18807.0,0.7335004868033204,39378,0.7555350230106587,40587.09937967326,0.7576100000000001,0.7714246990236586
23.653,-18802.0,0.7311909764544434,39230,0.7527932419006406,40435.39238770244,0.7546299999999999,0.7578707976326451
23.657,-18798.0,0.7293433681753418,39084,0.7501298766836382,40284.24192596181,0.75163,0.7661312316524359
23.661,-18789.0,0.7251862495473633,38937,0.7474264300796728,40133.6413106112,0.7486600000000001,0.7513367657609942
23.666,-18783.0,0.7224148371287109,38790,0.7446330282068346,39983.466413278016,0.7457,0.7490720650968098
23.67,-18776.0,0.7191815226402832,38645,0.7418149198043636,39833.78513407469,0.74272,0.7549103400206029
23.674,-18771.0,0.7168720122914063,38499,0.7390023324919615,39684.59822756032,0.73986,0.766721020843973
23.679,-18766.0,0.7145625019425293,38354,0.7362492263811522,39535.84724168143,0.73688,0.740226658000459
23.683,-18760.0,0.7117910895238769,38208,0.7335212622760281,39387.4806354511,0.7338899999999999,0.7613377028382582
23.688,-18755.0,0.709481579175,38061,0.730815467516704,39239.33472702553,0.7308699999999999,0.7314733416076109
23.692,-18748.0,0.7062482646865723,37913,0.7281019144668885,39091.26518745018,0.7278899999999999,0.7537192333271602
23.696,-18739.0,0.7020911460585938,37765,0.7252722946335143,38943.20386987226,0.72492,0.7272996678814676
23.701,-18734.0,0.6997816357097169,37619,0.7223949440454042,38795.268036960464,0.72193,0.750806541744867
23.705,-18729.0,0.6974721253608399,37474,0.7195847319315064,38647.62020425337,0.7190700000000001,0.7450825450691341
23.709,-18722.0,0.6942388108724121,37326,0.7167791072916175,38500.10808531096,0.71608,0.7274956973196015
23.714,-18718.0,0.6923912025933106,37177,0.7140048341749271,38352.47916445433,0.7130799999999999,0.7439132917564656
23.718,-18713.0,0.6900816922444336,37031,0.7113128186369967,38204.865486528746,0.7100500000000001,0.7146408760913774
23.722,-18706.0,0.6868483777560058,36884,0.7086114156251597,38057.38348408426,0.7072,0.7325368871149507
23.727,-18699.0,0.6836150632675781,36734,0.7058471221689918,37909.7811189076,0.7042299999999999,0.7050291097966452
23.731,-18692.0,0.6803817487791504,36582,0.7030273741072788,37761.77703507452,0.70122,0.7218057153016826
23.735,-18688.0,0.6785341405000488,36430,0.7002406474486466,37613.30049491308,0.69821,0.7017010040401017
23.74,-18681.0,0.6753008260116211,36278,0.6974830379142752,37464.40735920034,0.69536,0.705633999963194
23.744,-18676.0,0.6729913156627442,36123,0.6947237963987122,37314.96953183354,0.6925000000000001,0.6949701076613579
23.748,-18671.0,0.6706818053138672,35967,0.692017728755395,37164.8149447289,0.68947,0.7089378802844221
23.753,-18663.0,0.6669865887556641,35806,0.6892766286377313,37013.67363944237,0.6863600000000001,0.7161513984090538
23.757,-18658.0,0.6646770784067871,35641,0.6865046381031396,36861.13022381879,0.6833899999999999,0.6983812245432175
23.762,-18651.0,0.6614437639183594,35478,0.6837327159219674,36707.23224129141,0.68038,0.6825504641424565
23.766,-18642.0,0.6572866452903808,35309,0.68085162821951,36551.90337921048,0.6773899999999999,0.7043188362018378
23.771,-18637.0,0.6549771349415039,35142,0.6779288950552608,36395.076347736736,0.67428,0.697801114165873
23.775,-18633.0,0.6531295266624023,34976,0.6751059726130431,36237.105634813386,0.67127,0.6761094201348886
23.779,-18626.0,0.6498962121739746,34805,0.6723164468961341,36077.88999379226,0.6684000000000001,0.6853959609791461
23.784,-18620.0,0.6471247997553223,34633,0.6695017563530913,35917.221914106995,0.66544,0.6671977722524853
23.788,-18614.0,0.6443533873366699,34461,0.6666921827902086,35755.214007147675,0.66249,0.6645962155489631
23.792,-18607.0,0.6411200728482422,34282,0.6638598147541483,35591.61086533514,0.65947,0.660475198912811
23.797,-18600.0,0.6378867583598145,34102,0.6609800408965332,35426.12816175552,0.6565000000000001,0.6604024180932506
23.801,-18594.0,0.6351153459411621,33915,0.658085772683189,35258.51518682928,0.6534599999999999,0.6602563644988755
23.806,-18589.0,0.6328058355922852,33726,0.6552333367477686,35088.49175617516,0.6503099999999999,0.6511024177617971
23.81,-18582.0,0.6295725211038574,33535,0.652390480611234,34916.10639994195,0.6473,0.6480988096350146
23.815,-18576.0,0.6268011086852051,33342,0.6495287651597907,34741.40191032627,0.6443300000000001,0.6450072967944017
23.819,-18572.0,0.6249535004061035,33146,0.6467323395653831,34564.35690260068,0.6413599999999999,0.6424133151008975
23.823,-18563.0,0.620796381778125,32945,0.6439115649504422,34384.7751682643,0.6383300000000001,0.6407000767413802
23.828,-18558.0,0.6184868714292481,32745,0.6410420137681783,34202.72016707786,0.63534,0.6353774322075824
23.832,-18551.0,0.6152535569408203,32534,0.6381840660025002,34017.893151265656,0.6324700000000001,0.6349899179040838
23.836,-18545.0,0.612482144522168,32323,0.6353090432775899,33829.97157803652,0.6294200000000001,0.6310432932349164
23.841,-18538.0,0.6092488300337402,32107,0.6324189644477496,33639.025744764695,0.6263700000000001,0.629191041903034
23.845,-18532.0,0.6064774176150879,31885,0.6295156096684575,33444.76293284413,0.6234999999999999,0.6246480960171946
23.849,-18524.0,0.6027822010568847,31654,0.626573242170636,33246.68856360338,0.6204799999999999,0.6282921140329165
23.854,-18520.0,0.6009345927777832,31421,0.6236510875115344,33044.60300436851,0.61747,0.6186132204188459
23.858,-18514.0,0.5981631803591309,31182,0.6208013687267888,32838.50757818619,0.6144499999999999,0.6358923072186524
23.862,-18507.0,0.5949298658707032,30938,0.6179336020309382,32628.226099480595,0.61154,0.6334804549731898
23.867,-18501.0,0.5921584534520508,30686,0.6150499213150502,32413.484979146448,0.6084400000000001,0.6310794793747827
23.871,-18494.0,0.5889251389636231,30422,0.6121522081700197,32193.629154048114,0.6054999999999999,0.617548668163702
23.875,-18489.0,0.5866156286147461,30147,0.6092694281654661,31967.903660113123,0.60246,0.6122655912621384
23.88,-18482.0,0.5833823141263184,29874,0.6063998156845882,31736.470439855435,0.5992500000000001,0.6000776794193935
23.884,-18477.0,0.5810728037774414,29592,0.603541813867925,31499.590523343973,0.59629,0.6119132026609226
23.889,-18468.0,0.5769156851494629,29308,0.6006394370344986,31257.25760822124,0.59311,0.6078947315112417
23.893,-18464.0,0.5750680768703613,29023,0.5977252383035521,31009.9390764672,0.5900399999999999,0.5927025126993871
23.898,-18457.0,0.5718347623819336,28736,0.5948552283311899,30758.047049249308,0.58691,0.5932107881718567
23.902,-18450.0,0.5686014478935059,28463,0.5919422631238904,30502.83168163493,0.5837000000000001,0.5893422711568668
23.906,-18443.0,0.5653681334050782,28194,0.5889914214850457,30245.75002124813,0.5807899999999999,0.5848554370839714
23.911,-18437.0,0.5625967209864258,27933,0.5860344881750084,29987.732137601342,0.5777000000000001,0.5808348322061989
23.915,-18432.0,0.5602872106375488,27676,0.5831267963377486,29729.598133628984,0.57447,0.5771135505445306
23.92,-18425.0,0.5570538961491212,27432,0.5802352174695947,29472.36673455044,0.57155,0.5740579885814475
23.924,-18418.0,0.5538205816606934,27193,0.5773032335604734,29216.99533421518,0.56847,0.5710698031094409
23.928,-18413.0,0.5515110713118164,26962,0.5743902347885919,28964.032542220044,0.5653699999999999,0.5674339381286475
23.933,-18405.0,0.5478158547536133,26741,0.5714666700019047,28714.25769040594,0.56233,0.562377194248455
23.937,-18398.0,0.5445825402651856,26520,0.5684791755745288,28467.88502729388,0.5593999999999999,0.583691799380292
23.941,-18392.0,0.5418111278465332,26305,0.5654899231108943,28224.867000185168,0.5563199999999999,0.5680067606406641
23.946,-18385.0,0.5385778133581055,26100,0.5624991204720576,27985.752852739115,0.55324,0.566308513533855
23.95,-18381.0,0.5367302050790039,25901,0.559561563839142,27751.026888903623,0.55019,0.5523129280317168
23.954,-18374.0,0.5334968905905761,25705,0.5566709576815589,27520.70232926656,0.5470999999999999,0.5658806252035687
23.959,-18368.0,0.5307254781719238,25518,0.5537671379230117,27294.96818347463,0.54403,0.5740202235802567
23.963,-18361.0,0.527492163683496,25330,0.5508516668708998,27073.75464406795,0.5409999999999999,0.5471402555206548
23.968,-18354.0,0.5242588491950684,25150,0.5478986156652902,26856.94103985991,0.5379400000000001,0.5567122815026889
23.972,-18349.0,0.5219493388461914,24978,0.5449670404843993,26644.953023773865,0.5348900000000001,0.5517081367870252
23.976,-18342.0,0.5187160243577636,24810,0.5420544021148496,26437.92945215732,0.5319799999999999,0.5541947716295783
23.981,-18336.0,0.5159446119391113,24642,0.5391311551183984,26235.51982452648,0.5289299999999999,0.5357178707277274
23.985,-18331.0,0.5136351015902344,24481,0.5362531667003476,26037.59243394267,0.52599,0.5312848777602991
23.989,-18325.0,0.5108636891715821,24324,0.5334150857219633,25844.26761539989,0.52295,0.5283705484139531
23.994,-18317.0,0.5071684726133789,24173,0.5305302743905879,25655.59235871136,0.5199400000000001,0.5242891564316058
23.998,-18311.0,0.5043970601947265,24022,0.527604257859922,25471.37162826957,0.5170399999999999,0.5222940220303784
24.002,-18303.0,0.5007018436365235,23874,0.5246419080182522,25291.25609626977,0.51399,0.5259090866251369
24.006,-18298.0,0.4983923332876465,23729,0.5216748271753903,25115.11508980087,0.5111000000000001,0.5210011252402277
24.011,-18292.0,0.4956209208689942,23585,0.5187581875967681,24942.71515124173,0.50806,0.5291116313701367
24.015,-18285.0,0.4923876063805664,23442,0.5158314124733783,24773.732190990268,0.50501,0.5268561074817663
24.019,-18279.0,0.4896161939619141,23304,0.5128957001792777,24608.11690770182,0.5019800000000001,0.5321929575188802
24.024,-18274.0,0.4873066836130371,23168,0.5100067202954881,24445.88494656352,0.49912,0.502036563140207
24.028,-18267.0,0.4840733691246094,23033,0.5071316409768241,24286.81363336723,0.4960800000000001,0.5122321853473313
24.033,-18260.0,0.4808400546361816,22901,0.5042142057963429,24130.765739141607,0.49305,0.5079046059537542
24.037,-18254.0,0.4780686422175293,22771,0.5012867291389168,23977.679377552013,0.4900500000000001,0.49599310240858385
24.041,-18248.0,0.4752972297988769,22640,0.4983777047047508,23827.26350979213,0.4870099999999999,0.5063243757028797
24.046,-18240.0,0.4716020132406738,22515,0.4954303379025364,23679.49797755897,0.4839800000000001,0.5127883919168172
24.05,-18235.0,0.4692925028917968,22390,0.4924764685825332,23534.424123359822,0.48096,0.48856694558063696
24.054,-18230.0,0.4669829925429199,22271,0.4895987849133125,23392.07840157908,0.4781299999999999,0.5081414848971807
24.059,-18223.0,0.4637496780544922,22149,0.4867336662036047,23252.31560423216,0.4751099999999999,0.48801190935804456
24.063,-18216.0,0.4605163635660644,22032,0.483825013941523,23114.94857457332,0.4721200000000001,0.4723911746516572
24.067,-18210.0,0.4577449511474121,21914,0.480905281755941,22979.930519091136,0.46913,0.47425186329693386
24.072,-18204.0,0.4549735387287598,21798,0.4780030861275791,22847.04282470309,0.4662699999999999,0.4770370839846134
24.076,-18197.0,0.451740224240332,21683,0.4750890471769533,22716.21096079451,0.46326,0.48383449346838203
24.08,-18192.0,0.4494307138914551,21568,0.4721918716450803,22587.25097406778,0.4602900000000001,0.48857549716848603
24.085,-18186.0,0.4466593014728027,21453,0.469336872137341,22459.941543508263,0.4573400000000001,0.4649734880063522
24.089,-18181.0,0.4443497911239258,21341,0.4665190619801728,22334.264868138416,0.4543600000000001,0.45719452476195277
24.094,-18173.0,0.4406545745657226,21228,0.463679431201863,22210.14613427817,0.4514199999999999,0.45258634342397563
24.098,-18168.0,0.4383450642168457,21117,0.4608205597590766,22087.460256430128,0.4484699999999999,0.4529224958135362
24.102,-18159.0,0.4341879455888672,21010,0.4579174161195932,21966.39252554226,0.4455100000000001,0.46523845911028994
24.107,-18153.0,0.4314165331702148,20903,0.4549479283492702,21846.98808993039,0.4425399999999999,0.47080622322318916
24.111,-18148.0,0.4291070228213379,20796,0.4520291664257616,21729.050290218736,0.43974,0.4487009747394643
24.115,-18142.0,0.4263356104026856,20691,0.4491551327889739,21612.52395380735,0.4368000000000001,0.44121884876031076
24.12,-18135.0,0.4231022959142578,20584,0.4462659261026251,21497.24219662244,0.43387,0.4481012267846314
24.124,-18129.0,0.4203308834956055,20480,0.4433633403491178,21383.116983491887,0.4309499999999999,0.44331145458816945
24.129,-18123.0,0.4175594710769531,20377,0.4404762638479512,21270.24804025641,0.42804,0.43837634198919373
24.133,-18116.0,0.4143261565885254,20271,0.4375755564176181,21158.368597307788,0.4251,0.44484444389193245
24.137,-18110.0,0.411554744169873,20168,0.4346628297082323,21047.361661282543,0.42218,0.42748259713086584
24.142,-18104.0,0.4087833317512207,20062,0.4317668112650256,20937.12407150356,0.4193899999999999,0.4458096829237363
24.146,-18100.0,0.4069357234721191,19959,0.4289401384860494,20827.564864475225,0.41649,0.4207768913077663
24.15,-18093.0,0.4037024089836914,19855,0.4261473058526794,20718.72206654704,0.41357,0.42479359000600597
24.155,-18087.0,0.400930996565039,19754,0.4233296993857648,20610.62920803088,0.4107,0.4195369397935337
24.159,-18081.0,0.3981595841463867,19652,0.4205175546626714,20503.31585478907,0.40795,0.4151800643087697
24.163,-18074.0,0.394926269657959,19550,0.4176829194670006,20396.630724777955,0.40504,0.4218934247057762
24.168,-18067.0,0.3916929551695312,19448,0.4148011465069263,20290.499540152705,0.40215,0.41058695985769095
24.172,-18062.0,0.3893834448206543,19346,0.4119324220028303,20184.856805294243,0.3993899999999999,0.4286059664522194
24.176,-18055.0,0.3861501303322265,19244,0.4090752031731965,20079.6447684446,0.3965099999999999,0.4194050735763182
24.181,-18050.0,0.3838406199833496,19143,0.4062281296469648,19974.871623510466,0.39361,0.41528916354021184
24.185,-18043.0,0.3806073054949219,19042,0.4033900018962683,19870.54459559368,0.39076,0.42013287690360324
24.189,-18038.0,0.3782977951460449,18942,0.4005597622191716,19766.670055537656,0.38802,0.3899934843216262
24.194,-18031.0,0.3750644806576172,18847,0.3977364779709108,19663.54920791763,0.38514,0.40124153014475816
24.198,-18041.0,0.3796835013553711,18799,0.395328923501355,19564.16704473,0.3824799999999999,0.3927375727188429
24.202,-18047.0,0.3824549137740234,18787,0.3936429289124873,19472.98826737543,0.38032,0.381518280488603
24.207,-18053.0,0.3852263261926757,18804,0.3924839549268659,19392.88558104632,0.3787199999999999,0.402151681219746
24.211,-18059.0,0.3879977386113281,18843,0.3917896893715668,19325.564393661683,0.37751,0.39398496625739166
24.215,-18066.0,0.3912310530997558,18897,0.3915324939888882,19271.700831020866,0.37693,0.38912953740606754
24.22,-18072.0,0.3940024655184082,18964,0.3916606918766206,19231.35902075103,0.3767499999999999,0.38052461053153286
24.224,-18080.0,0.3976976820766113,19042,0.3921560225887255,19204.35903877273,0.3771299999999999,0.3856790753384575
24.228,-18087.0,0.400930996565039,19126,0.3930023846992564,19190.12841251105,0.37795,0.3925651098065522
24.233,-18094.0,0.4041643110534668,19216,0.3941309676345846,19187.866768581363,0.37927,0.3936594929888525
24.237,-18099.0,0.4064738214023438,19312,0.3954537901769022,19196.86836558196,0.3812299999999999,0.38930372493801735
24.241,-18106.0,0.4097071358907715,19410,0.3969478864461185,19216.27443571127,0.38351,0.3814129365677892
24.246,-18112.0,0.4124785483094238,19510,0.3986203123765029,19245.09127781281,0.3864000000000001,0.37971592262580733
24.25,-18119.0,0.4157118627978515,19613,0.4004499831971455,19282.50179817996,0.38961,0.39587412811557426
24.254,-18125.0,0.4184832752165039,19717,0.4024183070907001,19327.72639461546,0.3924000000000001,0.3930345582405259
24.258,-18133.0,0.422178491774707,19824,0.404536196887769,19380.077641027925,0.39565,0.4004504752358962
24.263,-18140.0,0.4254118062631348,19932,0.4068132751426668,19438.949389008896,0.3987400000000001,0.3969070248143625
24.267,-18147.0,0.4286451207515625,20041,0.4092034137924962,19503.688923187765,0.4017200000000001,0.3918770173871477
24.272,-18153.0,0.4314165331702148,20153,0.4116659387164149,19573.838936656764,0.40483,0.39755909903486153
24.276,-18158.0,0.4337260435190918,20260,0.4141376784416774,19648.641487711924,0.40795,0.40852610632920605
24.28,-18166.0,0.4374212600772949,20367,0.4166721563546132,19727.25089753885,0.4110499999999999,0.4110350217052038
24.285,-18171.0,0.4397307704261718,20476,0.4192619546184712,19809.3352977664,0.4141399999999999,0.41404358245341255
24.289,-18179.0,0.443425986984375,20589,0.4219005324429073,19894.838528001965,0.4172599999999999,0.41818839384276674
24.293,-18186.0,0.4466593014728027,20701,0.4246367352830584,19983.533715773152,0.42022,0.4167083555790988
24.298,-18192.0,0.4494307138914551,20817,0.4274044075687395,20075.22081282777,0.42334,0.4223308687994612
24.302,-18198.0,0.4522021263101074,20931,0.4301725220682753,20169.66430618029,0.42646,0.427900463679072
24.306,-18205.0,0.4554354407985351,21044,0.4329683329448394,20266.360941687464,0.4296,0.4050803866971673
24.311,-18211.0,0.4582068532171875,21163,0.435788565522975,20365.33990653601,0.4325699999999999,0.42983756164321774
24.315,-18220.0,0.462363971845166,21283,0.4386849452042821,20466.745171766484,0.4357,0.4132660517014721
24.319,-18224.0,0.4642115801242676,21402,0.4415938558551601,20570.289864250903,0.4389700000000001,0.43482029280260764
24.324,-18232.0,0.4679067966824707,21522,0.4444865094307542,20675.721029246728,0.4420999999999999,0.4402864772437751
24.328,-18240.0,0.4716020132406738,21643,0.447474053875978,20782.93385485841,0.4451100000000001,0.43395711682266275
24.333,-18246.0,0.4743734256593261,21767,0.4504906568918486,20891.95415639824,0.4482900000000001,0.4487103251493232
24.337,-18252.0,0.4771448380779785,21891,0.4534782698477497,21002.74557951292,0.4513100000000001,0.44204327456742887
24.341,-18258.0,0.4799162504966309,22018,0.4564403203774756,21115.27606819867,0.45448,0.44946441822316485
24.346,-18266.0,0.483611467054834,22145,0.4594344437457178,21229.517356586723,0.45781,0.4386773596545806
24.35,-18270.0,0.4854590753339355,22273,0.4624022349305169,21345.32628602263,0.4608399999999999,0.4529453349481253
24.354,-18279.0,0.4896161939619141,22403,0.4653741137604194,21462.694858980984,0.4640200000000001,0.44204614920350005
24.359,-18287.0,0.4933114105201172,22535,0.4684588227264969,21581.67514091957,0.46723,0.44464037311202675
24.363,-18293.0,0.4960828229387695,22672,0.4715611020360282,21702.490393539807,0.4702900000000001,0.4651414186828358
24.367,-18299.0,0.4988542353574219,22807,0.4746242613665826,21825.10101165184,0.4735,0.4667308092503181
24.372,-18306.0,0.5020875498458496,22945,0.4776802325090885,21949.35383798246,0.47672,0.4589333692452967
24.376,-18312.0,0.504858962264502,23082,0.4807298653574853,22075.172941174664,0.4798,0.452357408080982
24.38,-18318.0,0.5076303746831543,23225,0.4837466028704389,22202.6687197922,0.4830000000000001,0.4542224726861499
24.385,-18326.0,0.5113255912413575,23371,0.4867889473176641,22332.174989037045,0.48607,0.45775910370182393
24.389,-18333.0,0.5145589057297851,23516,0.4898811775167779,22463.572273757152,0.48932,0.4638127922906119
24.393,-18340.0,0.5177922202182129,23668,0.4929900887878999,22596.99169451033,0.49238,0.4912566111469014
24.398,-18346.0,0.5205636326368652,23828,0.4960864023996649,22733.0809254191,0.49563,0.4826835008189307
24.402,-18352.0,0.5233350450555176,23986,0.4991443013855049,22871.879006412,0.4988699999999999,0.47588719793459805
24.406,-18358.0,0.52610645747417,24148,0.5021683276908365,23013.18389194984,0.5021199999999999,0.48336076275983275
24.411,-18366.0,0.5298016740323731,24314,0.5052170991415681,23157.172129690964,0.50535,0.5036103767069112
24.415,-18373.0,0.5330349885208008,24481,0.5083149964487469,23303.82204102524,0.50847,0.4958235695608001
24.419,-18379.0,0.5358064009394531,24658,0.5114015983303363,23453.46921489318,0.5117,0.5043228839366275
24.424,-18388.0,0.5399635195674316,24840,0.5145328531951401,23606.64603153554,0.51495,0.502783777089977
24.428,-18393.0,0.5422730299163087,25026,0.517676175058609,23763.467220939845,0.51823,0.5146035034293202
24.433,-18401.0,0.5459682464745117,25220,0.5208028307333928,23924.21130020941,0.52149,0.5182785367576459
24.437,-18407.0,0.5487396588931641,25417,0.5239420971911304,24089.064738637524,0.5247600000000001,0.5177773196300784
24.441,-18414.0,0.5519729733815918,25619,0.5270651769502477,24258.01460616651,0.52803,0.5118600120372919
24.446,-18420.0,0.5547443858002441,25830,0.530173983841736,24431.404205906056,0.53132,0.507279668016187
24.45,-18428.0,0.5584396023584473,26047,0.5332975118634098,24609.595367990536,0.53471,0.5326402058285754
24.455,-18434.0,0.5612110147770997,26270,0.5364340204654614,24792.72978945028,0.53799,0.5378838065513932
24.459,-18442.0,0.5649062313353027,26498,0.5395819748916322,24980.87329639884,0.54125,0.5376749827988854
24.463,-18449.0,0.5681395458237305,26736,0.5427673282954932,25174.320401602527,0.54451,0.5438170502607453
24.468,-18456.0,0.5713728603121582,26975,0.5459583523683503,25373.09432658137,0.5477799999999999,0.5444210643260109
24.472,-18462.0,0.5741442727308106,27227,0.5491270701915799,25577.39289945605,0.55107,0.546224586289731
24.476,-18467.0,0.5764537830796875,27487,0.5522215062435551,25787.804379962083,0.55417,0.5408573477800114
24.481,-18473.0,0.5792251954983398,27753,0.5552504432142639,26004.433653283708,0.55742,0.5471424070394141
24.485,-18481.0,0.582920412056543,28035,0.5583035447188589,26227.84614270647,0.5607,0.5405758304952875
24.49,-18491.0,0.5875394327542969,28322,0.561487179461585,26458.48130141227,0.56393,0.5631118728352303
24.494,-18497.0,0.5903108451729492,28614,0.5647313009753301,26696.07633255434,0.5671900000000001,0.565315777599819
24.498,-18503.0,0.5930822575916016,28910,0.5679195318261774,26940.340393619736,0.5703199999999999,0.5672252583737599
24.503,-18509.0,0.5958536700102539,29204,0.5710584802351905,27190.603208018285,0.57358,0.5729341225972192
24.507,-18516.0,0.5990869844986817,29494,0.574181279550009,27445.80080999544,0.57681,0.5743188298866369
24.511,-18522.0,0.601858396917334,29786,0.5772898391554726,27705.23150115916,0.5800799999999999,0.5769027464860162
24.516,-18528.0,0.6046298093359863,30067,0.580358536232458,27967.86272650077,0.58334,0.5787894011074114
24.52,-18535.0,0.6078631238244141,30342,0.5834193903670816,28232.31107576174,0.58657,0.5671795740556356
24.524,-18542.0,0.6110964383128418,30613,0.5865006353162626,28497.770527693745,0.58985,0.5895914541362537
24.529,-18550.0,0.6147916548710449,30879,0.5896271666244627,28763.589478202903,0.59297,0.5839188339409205
24.533,-18554.0,0.6166392631501465,31141,0.5927117105235978,29029.19336547172,0.59622,0.5935844235539369
24.538,-18562.0,0.6203344797083497,31397,0.5957592313863664,29294.01644348386,0.5994900000000001,0.5994283256148965
24.542,-18568.0,0.623105892127002,31640,0.5988287195203555,29557.02780051026,0.6027499999999999,0.602572409080447
24.546,-18574.0,0.6258773045456543,31890,0.601862964733282,29818.086940625395,0.6059699999999999,0.6057173918932202
24.551,-18582.0,0.6295725211038574,32123,0.6049207468611649,30076.83350982092,0.6093500000000001,0.6085336789862837
24.555,-18589.0,0.6328058355922852,32352,0.6080265894699304,30332.299469098885,0.6124799999999999,0.6118805946373319
24.559,-18595.0,0.6355772480109375,32575,0.6111201972420032,30584.281526725576,0.61572,0.6156708241669164
24.564,-18600.0,0.6378867583598145,32794,0.6141484038643138,30832.600427123707,0.6189199999999999,0.6188467103814252
24.568,-18607.0,0.6411200728482422,33009,0.6171462484766276,31077.21634375729,0.6221399999999999,0.6220208344165652
24.573,-18615.0,0.6448152894064453,33218,0.620199240269683,31317.97592417776,0.6252200000000001,0.6251174269857694
24.577,-18619.0,0.6466628976855469,33421,0.6232189395831624,31554.625712736983,0.6284000000000001,0.628304546063754
24.581,-18627.0,0.65035811424375,33624,0.6262092827465596,31787.29692544803,0.6316299999999999,0.6315231580835694
24.586,-18633.0,0.6531295266624023,33822,0.6292283535747344,32016.16438142304,0.6347,0.6251253051158372
24.59,-18640.0,0.6563628411508301,34015,0.6322454490098963,32241.086643085047,0.6378699999999999,0.6330562681465879
24.594,-18647.0,0.6595961556392578,34211,0.635288109060471,32462.41193487956,0.64106,0.6408531321292188
24.599,-18655.0,0.6632913721974609,34398,0.6383806175476369,32680.21083941641,0.6442399999999999,0.6442342923925314
24.603,-18660.0,0.6656008825463379,34586,0.6414624677552422,32894.42735919015,0.6474200000000001,0.647409985175639
24.607,-18666.0,0.6683722949649903,34770,0.6444803069663085,33105.30770453612,0.6506099999999999,0.6489148954604779
24.612,-18672.0,0.6711437073836426,34946,0.64746900995612,33312.53691858418,0.65368,0.6536223661939653
24.616,-18677.0,0.6734532177325195,35124,0.6504047151915823,33516.19198770977,0.6568499999999999,0.6568019556734398
24.62,-18684.0,0.6766865322209473,35297,0.6533209952995482,33716.51814801237,0.66001,0.6599767202962419
24.625,-18690.0,0.6794579446395996,35466,0.6562474534542211,33913.37693576687,0.66306,0.6629287468804148
24.629,-18698.0,0.6831531611978028,35635,0.6592101927045741,34106.94184546552,0.66622,0.6662578502672344
24.633,-18704.0,0.6859245736164551,35804,0.6622049233627015,34297.60232810461,0.6692100000000001,0.6691232369244211
24.638,-18710.0,0.6886959860351074,35968,0.6651732500345908,34485.40620103458,0.67238,0.6725543316418489
24.642,-18717.0,0.6919293005235352,36134,0.6681456010383771,34670.513862726126,0.67557,0.6754642816800391
24.646,-18723.0,0.6947007129421875,36299,0.6711215005580039,34853.303216559434,0.67872,0.6787008078166918
24.651,-18728.0,0.6970102232910644,36465,0.6740459161389526,35034.04836718859,0.68187,0.6815612302130732
24.655,-18736.0,0.7007054398492676,36632,0.6769795478706286,35213.10924535502,0.6851799999999999,0.682804452463533
24.66,-18743.0,0.7039387543376954,36791,0.6799759189798175,35390.2711688858,0.6884300000000001,0.6818924349542473
24.664,-18751.0,0.7076339708958984,36949,0.6830276114890877,35565.22660371578,0.6915500000000001,0.667690539179356
24.669,-18755.0,0.709481579175,37112,0.6860461651393338,35738.472903173686,0.69458,0.6673638706459868
24.673,-18759.0,0.7113291874541016,37270,0.6889262723038029,35910.212146529666,0.69787,0.6676834331898236
24.678,-18767.0,0.7150244040123047,37424,0.6917935279672954,36080.09046367583,0.70099,0.6843363254098659
24.682,-18775.0,0.7187196205705079,37578,0.6947586774173455,36248.09141125112,0.70414,0.6757102754565509
24.686,-18780.0,0.7210291309193848,37734,0.6977282268574652,36414.55519445656,0.7072799999999999,0.695979733708797
24.691,-18786.0,0.7238005433380371,37885,0.7006470431592546,36579.486207413785,0.71038,0.694325879415697
24.695,-18795.0,0.7279576619660156,38039,0.7036303505378706,36742.94744210382,0.7135199999999999,0.7059341572680449
24.699,-18800.0,0.7302671723148926,38193,0.7066432174558346,36905.29002965093,0.7166699999999999,0.7021054962775412
24.704,-18806.0,0.7330385847335449,38345,0.7096002296023607,37066.527998275735,0.7196400000000001,0.705694070029712
24.708,-18811.0,0.7353480950824219,38498,0.7125079909548931,37226.732834972485,0.72275,0.7221785454868701
24.712,-18817.0,0.7381195075010742,38651,0.7153723246709576,37386.08580928022,0.7259,0.719766221499287
24.717,-18823.0,0.7408909199197266,38800,0.7182256718564822,37544.45117138402,0.7290000000000001,0.720450263842936
24.721,-18830.0,0.7441242344081543,38952,0.72109663794989,37701.88657401279,0.7320800000000001,0.730098477279238
24.726,-18836.0,0.7468956468268066,39103,0.7239831397832213,37858.6202055292,0.73508,0.7350393654834917
24.73,-18844.0,0.7505908633850098,39257,0.7269106469396909,38014.853274491645,0.7382,0.7343118220331795
24.734,-18850.0,0.7533622758036621,39411,0.7298743111633283,38170.82231700336,0.7413000000000001,0.7393308632408513
24.739,-18853.0,0.7547479820129883,39561,0.7327333251895232,38326.322080587815,0.74441,0.7443151501582617
24.743,-18862.0,0.7589051006409668,39717,0.7355819816576188,38481.52628513761,0.7475400000000001,0.739077983240132
24.747,-18866.0,0.7607527089200684,39869,0.7384488116396106,38636.588110809455,0.75048,0.7505951499522957
24.752,-18874.0,0.7644479254782715,40021,0.7413043599455728,38791.28792215102,0.7535700000000001,0.7511593752369918
24.756,-18880.0,0.7672193378969239,40178,0.7442045733586327,38945.96410883962,0.75671,0.7275245109126921
24.76,-18886.0,0.7699907503155762,40331,0.747089558012538,39100.67858152866,0.7598,0.7566821164650714
24.765,-18892.0,0.7727621627342285,40490,0.7499611144765035,39255.54504827563,0.76275,0.7344749719642696
24.769,-18900.0,0.7764573792924316,40651,0.7528754433262888,39411.01847727379,0.7658499999999999,0.7641353481573251
24.774,-18905.0,0.7787668896413086,40809,0.7558001809293917,39566.96798706844,0.7689699999999999,0.750894438694574
24.778,-18910.0,0.7810763999901855,40974,0.7586521772642846,39723.57375793403,0.7720499999999999,0.7620729918173865
24.782,-18915.0,0.7833859103390625,41135,0.7614400328798937,39880.93554916976,0.77515,0.7739665637653491
24.787,-18923.0,0.7870811268972656,41298,0.7642532507857214,40038.84573806736,0.7782800000000001,0.7658167641448081
24.791,-18929.0,0.789852539315918,41464,0.7671161387248241,40197.53507192897,0.78136,0.76745821821561
24.796,-18936.0,0.7930858538043457,41634,0.7699955175227676,40357.32525049168,0.7844500000000001,0.7820710664878698
24.8,-18943.0,0.7963191682927735,41807,0.7729167438344775,40518.49993739015,0.78769,0.7810457606986794
24.804,-18948.0,0.7986286786416504,41976,0.775820256931271,40680.83631816785,0.79078,0.7833246484607591
24.809,-18957.0,0.802785797269629,42149,0.7787627640279566,40844.197040187246,0.79372,0.793442569118811
24.813,-18960.0,0.804171503478955,42323,0.7816850417804794,41008.75657765895,0.7968200000000001,0.7961877703130619
24.817,-18966.0,0.8069429158976075,42498,0.7845075626564827,41174.49142367873,0.7999400000000001,0.7995351220637966
24.822,-18973.0,0.8101762303860351,42674,0.7873513471827523,41341.38085067637,0.80301,0.8023958463805155
24.826,-18980.0,0.8134095448744629,42856,0.7902411877041987,41509.70216878886,0.80609,0.7851518078209795
24.831,-18986.0,0.8161809572931152,43038,0.793144332351441,41679.640783048606,0.8091900000000001,0.7919608238414995
24.835,-18993.0,0.819414271781543,43230,0.7960592081138944,41851.59664675177,0.81226,0.8121927692546339
24.839,-18998.0,0.82172378213042,43417,0.7989571215173201,42025.62683781141,0.81535,0.8124581989247699
24.844,-19005.0,0.8249570966188476,43610,0.8018400781027586,42201.54521595543,0.8183100000000001,0.8160110828411333
24.848,-19009.0,0.8268047048979492,43801,0.8046825398382786,42379.36500136099,0.82141,0.820162349095471
24.852,-19016.0,0.830038019386377,43995,0.8074892946241541,42558.92049892797,0.8243499999999999,0.809605232723425
24.857,-19022.0,0.8328094318050293,44194,0.8103191771607283,42740.47942626452,0.82744,0.8161929631656477
24.861,-19029.0,0.8360427462934571,44398,0.8131694529431414,42924.3960822372,0.83053,0.8305596196900027
24.865,-19036.0,0.8392760607818848,44607,0.8160650172283924,43110.98287525873,0.8334600000000001,0.8273222946847695
24.869,-19040.0,0.8411236690609863,44818,0.8189185959949238,43300.33792400492,0.83653,0.8235396265066895
24.874,-19046.0,0.8438950814796387,45029,0.8217078469436911,43492.25215912287,0.83962,0.8352414927338722
24.878,-19052.0,0.8466664938982911,45238,0.8244949887575094,43686.30476094195,0.84256,0.8300871209452706
24.882,-19057.0,0.848976004247168,45454,0.8272529643612784,43882.53848710109,0.8454699999999999,0.8382831815853271
24.887,-19065.0,0.8526712208053712,45658,0.830039835112337,44080.39986582411,0.8486800000000001,0.8411262348781485
24.891,-19071.0,0.8554426332240235,45865,0.8328794910471106,44279.16439536701,0.8515999999999999,0.8259093512236306
24.896,-19079.0,0.8591378497822266,46073,0.8357656911202296,44478.96176146761,0.8546400000000001,0.8421494211696853
24.9,-19084.0,0.8614473601311036,46273,0.8386656257468057,44679.25602512528,0.8578300000000001,0.8543538300032015
24.904,-19088.0,0.8632949684102051,46467,0.8414684452317758,44879.1607921951,0.8608899999999999,0.8553081182839057
24.909,-19094.0,0.8660663808288575,46665,0.8442129384122257,45078.60387993135,0.86395,0.8604333179891845
24.913,-19101.0,0.8692996953172851,46851,0.8469879208315209,45277.1669357158,0.867,0.8594575883607847
24.918,-19106.0,0.8716092056661622,47029,0.8497624811525224,45473.77166199692,0.8700600000000001,0.859799226563001
24.922,-19113.0,0.8748425201545899,47206,0.8525366692819354,45668.1175448849,0.87311,0.8632545728110521
24.926,-19120.0,0.8780758346430176,47377,0.855365142122232,45860.057836482905,0.87615,0.8656107003495509
24.931,-19126.0,0.88084724706167,47548,0.8582141748835178,46049.522256999015,0.87907,0.8562751294617102
24.935,-19132.0,0.8836186594803223,47715,0.8610540302195133,46236.567070953,0.88212,0.8780370826518089
24.939,-19139.0,0.88685197396875,47879,0.8639130996694537,46421.06453824832,0.88517,0.8721177182276002
24.944,-19145.0,0.8896233863874023,48042,0.8667891114565178,46603.07937430491,0.8882300000000001,0.8671497991779173
24.948,-19150.0,0.8919328967362793,48197,0.8696254495104747,46782.37305594107,0.89116,0.8775039315792288
24.952,-19157.0,0.8951662112247071,48349,0.8724541110952586,46958.61702691969,0.89421,0.8915665931644381
24.957,-19163.0,0.8979376236433594,48499,0.8753033102848657,47131.8762821676,0.8972500000000001,0.8968188919934873
24.961,-19170.0,0.9011709381317872,48650,0.8781706188198025,47302.44460153957,0.9003099999999999,0.8995703539039912
24.966,-19176.0,0.9039423505504396,48803,0.8810538955453384,47470.81749947928,0.90336,0.8966746437058448
24.97,-19182.0,0.9067137629690918,48951,0.8839239460174951,47637.0771989971,0.90654,0.8903237605499601
24.975,-19188.0,0.9094851753877442,49098,0.8867823340396279,47801.11884929036,0.9096,0.8936207722120783
24.979,-19194.0,0.9122565878063964,49240,0.8896304385191234,47962.84999656952,0.91279,0.9030553466836304
24.984,-19199.0,0.9145660981552736,49373,0.8924421688802978,48121.71617912033,0.91583,0.9146147203189421
24.988,-19207.0,0.9182613147134766,49507,0.895276438706046,48277.58319628028,0.91888,0.8945126957512538
24.992,-19212.0,0.9205708250623535,49636,0.8981305830473975,48430.56918416439,0.92181,0.9177139598237196
24.996,-19219.0,0.9238041395507812,49769,0.9009749455968384,48580.95566328071,0.92484,0.8985591858126164
25.001,-19225.0,0.9265755519694336,49899,0.9038379893507668,48729.10910341264,0.92773,0.9259145205724719
25.005,-19231.0,0.929346964388086,50027,0.906690199092564,48874.99794047926,0.93078,0.9298654109627142
25.01,-19236.0,0.9316564747369628,50155,0.9095055493311938,49018.7716945646,0.93382,0.9305130908026665
25.014,-19243.0,0.9348897892253908,50287,0.912315704590691,49160.91691166088,0.93672,0.9197657779113031
25.018,-19248.0,0.9371992995742676,50419,0.9151212790983478,49301.86261109473,0.9399,0.9358706583396372
25.023,-19255.0,0.9404326140626952,50541,0.9179228144584184,49441.15944361652,0.94309,0.9428669077079034
25.027,-19262.0,0.9436659285511232,50665,0.9207754011351652,49578.52942348784,0.94613,0.9407989162066244
25.032,-19269.0,0.9468992430395508,50786,0.9236730030866324,49714.14125433916,0.94931,0.9340822184097315
25.036,-19273.0,0.9487468513186524,50906,0.9265283785963327,49847.96634096946,0.95207,0.9409121659748028
25.04,-19282.0,0.9529039699466308,51027,0.9294011331954236,49980.21593871522,0.9551,0.9412657965884468
25.045,-19288.0,0.9556753823652832,51147,0.9323438249673112,50111.07632518155,0.95827,0.942748086514691
25.049,-19292.0,0.9575229906443848,51267,0.9352116526635252,50240.65263608168,0.96118,0.9451537446938414
25.053,-19297.0,0.9598325009932618,51388,0.9379861613744588,50369.15581122424,0.96409,0.9526496716026835
25.058,-19303.0,0.962603913411914,51504,0.9407329975476716,50496.47626300562,0.96725,0.9523384024657924
25.062,-19312.0,0.9667610320398926,51620,0.943564658832937,50622.45824349264,0.97015,0.9475224688999897
25.066,-19317.0,0.9690705423887696,51738,0.9464438095022928,50747.37824135913,0.97319,0.9478119192470864
25.071,-19325.0,0.9727657589469728,51857,0.9493375282099136,50871.53917209473,0.97621,0.9447649451025659
25.075,-19330.0,0.9750752692958496,51974,0.9522440925067832,50994.97166644851,0.97909,0.966924667881836
25.079,-19334.0,0.9769228775749512,52092,0.9550527578043396,51117.70273354922,0.98211,0.9629381149837389
25.084,-19340.0,0.9796942899936036,52212,0.9578024056189236,51239.99265869659,0.98514,0.9820008269874552
25.088,-19348.0,0.9833895065518068,52332,0.9606092396634818,51362.01183501386,0.98815,0.9691951987162735
25.093,-19355.0,0.9866228210402344,52448,0.9634938049840808,51483.55580484366,0.99131,0.9595494034651104
25.097,-19361.0,0.9893942334588868,52563,0.9663922981427654,51604.385167140346,0.99433,0.9635281487819166
25.101,-19368.0,0.9926275479473144,52681,0.9693030723844568,51724.70264817391,0.9972,0.9827981574725313
25.106,-19374.0,0.9953989603659668,52805,0.972224675657825,51845.10082669747,1.0002,0.997328461211432
25.11,-19380.0,0.9981703727846192,52924,0.9751285211462924,51965.62927885729,1.00334,0.9845308176365473
25.115,-19386.0,1.0009417852032716,53039,0.9780167084379142,52085.74054519975,1.00636,0.9753832156999677
25.119,-19390.0,1.002789393482373,53155,0.9808364759799068,52205.30659941205,1.00922,0.977716772924438
25.123,-19398.0,1.0064846100405762,53270,0.98365052626381,52324.39190453857,1.01224,1.0017722442673884
25.128,-19403.0,1.008794120389453,53390,0.9864868417166988,52443.28977143863,1.01526,0.9876910907054387
25.132,-19410.0,1.0120274348778808,53508,0.9893154833726474,52562.19971402481,1.01813,0.986489203736105
25.136,-19418.0,1.015722651436084,53631,0.9922192778861773,52681.29765672317,1.02115,0.9937515575688126
25.141,-19423.0,1.018032161784961,53752,0.995134726678111,52800.738723571325,1.02418,1.0094945679150165
25.145,-19429.0,1.0208035742036132,53874,0.998005838910756,52920.42322795837,1.02709,1.0167840803241612
25.149,-19435.0,1.0235749866222656,54002,1.0008651631563437,53040.73620887892,1.03012,1.0239103548898514
25.154,-19442.0,1.0268083011106934,54127,1.0037413996133435,53161.78071073126,1.03319,1.0246759873842728
25.158,-19448.0,1.0295797135293456,54252,1.006632548669909,53283.29289009576,1.03624,1.021445180330747
25.162,-19454.0,1.032351125947998,54388,1.0095095406896508,53405.86774258955,1.03932,1.0167275011075412
25.167,-19461.0,1.0355844404364258,54518,1.0124013559751517,53529.67521026037,1.04253,1.0136896500715231
25.171,-19469.0,1.039279656994629,54649,1.0153608547971018,53654.27396811837,1.04548,1.0341275315404088
25.176,-19475.0,1.0420510694132812,54781,1.0183527281582136,53779.68869292547,1.0485600000000002,1.047435208631882
25.18,-19480.0,1.0443605797621582,54913,1.0212912289167762,53905.88202639426,1.05152,1.0500587913326886
25.184,-19486.0,1.0471319921808109,55049,1.0241826675715038,54032.99837947909,1.05463,1.0511868563097608
25.189,-19491.0,1.0494415025296877,55186,1.0270326085005903,54161.2242061322,1.05772,1.0532423613072868
25.193,-19499.0,1.0531367190878906,55326,1.029900571075591,54290.66479756357,1.06069,1.0566955782282006
25.197,-19506.0,1.0563700335763184,55470,1.0328390374073744,54421.59034809091,1.06381,1.0633490782676354
25.202,-19513.0,1.0596033480647462,55616,1.0358123650504802,54554.179988264754,1.06691,1.0639442350943715
25.206,-19518.0,1.061912858413623,55759,1.038761819288439,54688.177847389634,1.07001,1.0630380832248565
25.21,-19524.0,1.0646842708322757,55907,1.0416629163401732,54823.5356597816,1.07299,1.0612206715181092
25.214,-19529.0,1.0669937811811523,56058,1.0445213737076775,54960.565570824605,1.07596,1.0580009390613003
25.219,-19538.0,1.0711508998091308,56214,1.0474241522299848,55099.54281945716,1.07906,1.0636096625178926
25.223,-19545.0,1.0743842142975586,56375,1.050420624500924,55240.8283365932,1.08217,1.078872300337326
25.228,-19550.0,1.0766937246464356,56541,1.0533904868663917,55384.7403785541,1.08529,1.0677661122089606
25.232,-19557.0,1.0799270391348632,56709,1.056336885543103,55531.38222049804,1.08853,1.0603739512755805
25.237,-19564.0,1.083160353623291,56879,1.0593172076519617,55680.66757467371,1.09163,1.0790031135430358
25.241,-19570.0,1.0859317660419434,57049,1.0623001358146873,55832.4021207495,1.09474,1.0921993623117332
25.245,-19576.0,1.0887031784605958,57226,1.065258055456798,55986.71010080557,1.09784,1.085280286804261
25.25,-19583.0,1.0919364929490234,57409,1.068221229903837,56144.055771569845,1.10081,1.0980946071321909
25.254,-19588.0,1.0942460032979004,57594,1.071161731406783,56304.55291148406,1.10406,1.1004788476191583
25.258,-19595.0,1.0974793177863282,57780,1.0740822406965305,56468.006259432026,1.10702,1.0949976236766
25.263,-19602.0,1.1007126322747558,57977,1.0770397344447824,56634.775697532525,1.11012,1.104869074784848
25.267,-19608.0,1.1034840446934082,58175,1.0800025333534358,56805.17855731587,1.11321,1.1075125251477291
25.271,-19613.0,1.1057935550422853,58380,1.0829153972714622,56979.25818109419,1.11629,1.1105399849954918
25.276,-19621.0,1.1094887716004882,58592,1.0858388431487125,57157.40749099491,1.11922,1.1148312250655914
25.28,-19628.0,1.112722086088916,58822,1.088826232725884,57340.62324345013,1.12231,1.1206881116160916
25.285,-19634.0,1.1154934985075684,59046,1.0918153927362566,57529.015817432926,1.12554,1.1167994559636072
25.289,-19638.0,1.11734110678667,59278,1.0947241945083095,57722.09136730673,1.12862,1.1267360154374093
25.293,-19645.0,1.1205744212750977,59519,1.097589445630106,57920.30119813414,1.13155,1.1163694245756068
25.298,-19653.0,1.1242696378333008,59770,1.100525521096798,58124.16148981112,1.13463,1.1240000073834955
25.302,-19660.0,1.1275029523217286,60031,1.1035240470064949,58334.18650920695,1.13769,1.1304052262902733
25.306,-19667.0,1.1307362668101564,60310,1.1065503330956388,58551.30265813266,1.1407500000000002,1.1092323288177164
25.311,-19673.0,1.1335076792288086,60593,1.109573790696869,58775.9721010865,1.14383,1.1156150836512455
25.315,-19679.0,1.136279091647461,60887,1.1125674477876355,59008.188536860005,1.1469200000000002,1.118420474659453
25.32,-19686.0,1.1395124061358888,61186,1.115562134273419,59248.0055266642,1.15016,1.1331976195738647
25.324,-19691.0,1.1418219164847656,61499,1.1185304219956724,59495.64765110368,1.15324,1.1500525217162703
25.329,-19698.0,1.1450552309731934,61802,1.121475432206787,59750.426176579655,1.15632,1.15261011487612
25.333,-19706.0,1.1487504475313963,62099,1.124481836463232,60010.55145382031,1.15941,1.1525888843495615
25.337,-19711.0,1.1510599578802734,62400,1.127487762956174,60275.27307593256,1.16248,1.1475555822881631
25.342,-19718.0,1.1542932723687012,62690,1.130465961725645,60543.633773241214,1.16554,1.1481542084840088
25.346,-19726.0,1.1579884889269043,62982,1.1335016304980563,60814.67122385989,1.16862,1.1459666094054966
25.351,-19731.0,1.1602979992757814,63279,1.136533361422923,61088.48276419212,1.17184,1.150269025880378
25.355,-19737.0,1.1630694116944336,63552,1.1395070071943647,61363.61716975822,1.17491,1.1643574859924732
25.359,-19743.0,1.165840824113086,63815,1.1424567419468208,61637.9080403456,1.17798,1.1714415997704282
25.364,-19750.0,1.1690741386015138,64068,1.1454126992429543,61910.2727631906,1.1809,1.1754986025392522
25.368,-19757.0,1.172307453089941,64319,1.1484014498098285,62180.229667207175,1.18394,1.1828967371605512
25.372,-19763.0,1.1750788655085938,64567,1.151391809893565,62447.7678533734,1.18684,1.1687738924779718
25.377,-19771.0,1.178774082066797,64813,1.1544108956415065,62712.87771131098,1.1899,1.1775991882781518
25.381,-19777.0,1.181545494485449,65050,1.1574553106806376,62975.19606253808,1.19296,1.1813802645039528
25.386,-19783.0,1.1843169069041015,65276,1.1604674473109338,63233.87061232919,1.19601,1.1824102291294945
25.39,-19789.0,1.187088319322754,65498,1.1634511219634427,63488.44542383808,1.19906,1.1875076535143667
25.394,-19796.0,1.1903216338111815,65713,1.1664370062825078,63738.75493740775,1.20198,1.196258036147074
25.398,-19802.0,1.193093046229834,65929,1.1694248390086577,63984.94875528052,1.20502,1.2045846598855299
25.403,-19809.0,1.1963263607182617,66144,1.17241438977238,64227.5134958929,1.20805,1.193147347792088
25.407,-19816.0,1.1995596752066895,66349,1.175432761890093,64466.22795107855,1.2111,1.1919571199116126
25.412,-19822.0,1.202331087625342,66552,1.1784492412266812,64700.83794977582,1.21415,1.2109014463159296
25.416,-19830.0,1.2060263041835448,66756,1.181491358022971,64931.769664158295,1.21719,1.1860369698355273
25.42,-19835.0,1.208335814532422,66949,1.184528774590934,65158.86682144304,1.22024,1.198148438350798
25.425,-19842.0,1.2115691290208497,67141,1.1875347402128655,65381.87339093269,1.22329,1.2042559893727063
25.429,-19849.0,1.2148024435092777,67332,1.1905675863813945,65601.15478764124,1.22631,1.2046463901903914
25.434,-19854.0,1.2171119538581543,67523,1.193569521984131,65817.09233921093,1.22936,1.2064369852726413
25.438,-19861.0,1.220345268346582,67703,1.196544201725481,66029.43111311401,1.23255,1.2104230543331993
25.442,-19868.0,1.22357858283501,67879,1.1995494610931017,66237.70984912812,1.2354500000000002,1.2265342851690093
25.447,-19875.0,1.2268118973234374,68053,1.2025816845111532,66442.05388061561,1.23848,1.218161133382485
25.451,-19879.0,1.2286595056025391,68225,1.2055557645459494,66642.69195696937,1.24139,1.2407641192872871
25.455,-19887.0,1.2323547221607425,68395,1.2085058822167212,66839.8257814447,1.24443,1.2328682672212747
25.46,-19893.0,1.2351261345793945,68563,1.2114894836051402,67033.63320895389,1.24731,1.2217027136660952
25.464,-19900.0,1.2383594490678222,68734,1.2144753033224804,67224.5666527574,1.25035,1.2318497757407232
25.469,-19906.0,1.241130861486475,68901,1.217463079085077,67412.90680033171,1.25353,1.2517617918264978
25.473,-19914.0,1.2448260780446778,69062,1.2204798860685575,67598.36909555014,1.25655,1.2355584217868605
25.477,-19921.0,1.2480593925331056,69220,1.2235495982207147,67780.7617441187,1.25958,1.235536037289444
25.482,-19927.0,1.2508308049517578,69382,1.2266113474133054,67960.50680247687,1.26246,1.2448967646122322
25.486,-19933.0,1.2536022173704102,69539,1.2296387686969823,68137.85819051265,1.26562,1.2571085897211718
25.491,-19939.0,1.2563736297890624,69692,1.2326359208250146,68312.56686676867,1.26864,1.2632729895105563
25.495,-19946.0,1.2596069442774902,69851,1.2356336891130493,68485.063526525,1.27167,1.2661126976165173
25.499,-19952.0,1.2623783566961426,70002,1.2386320007095348,68655.4914723039,1.27471,1.2643103570280654
25.504,-19960.0,1.2660735732543458,70154,1.2416580978247465,68823.68147629607,1.27774,1.260890113340771
25.508,-19966.0,1.268844985672998,70304,1.2447086952435766,68989.83902369218,1.28077,1.2597766537565094
25.512,-19974.0,1.2725402022312011,70455,1.2477808961776522,69154.14530418353,1.28367,1.2700401845200684
25.517,-19980.0,1.2753116146498535,70605,1.2508721463397796,69316.81920193289,1.2867,1.267327562083998
25.521,-19986.0,1.278083027068506,70757,1.2539255805519112,69478.11283877635,1.28961,1.2721263321024299
25.525,-19991.0,1.2803925374173828,70905,1.2569183635269,69638.07117478413,1.29267,1.2883346788585484
25.53,-19999.0,1.284087753975586,71056,1.2599122792478052,69796.79297157921,1.29573,1.27886609568229
25.534,-20005.0,1.2868591663942384,71207,1.262934500232884,69954.6017833141,1.29879,1.2849806312567777
25.538,-20013.0,1.2905543829524415,71354,1.2659816798150323,70111.36908700035,1.30186,1.2974636990735278
25.543,-20019.0,1.2933257953710935,71505,1.2690508670196452,70267.21802512844,1.30493,1.2872018765944993
25.547,-20026.0,1.2965591098595215,71654,1.2721121533317568,70422.37541525668,1.30784,1.3019246307801928
25.552,-20033.0,1.2997924243479493,71801,1.2751937793600092,70576.6865528312,1.3109,1.2971913557783512
25.556,-20039.0,1.3025638367666017,71951,1.2782660337939988,70730.31061174656,1.31397,1.30686404174965
25.56,-20045.0,1.305335249185254,72101,1.2813027182340126,70883.50618079942,1.31691,1.3117173708584053
25.565,-20050.0,1.307644759534131,72250,1.2842807318427545,71036.26480500335,1.32011,1.3079992306023183
25.569,-20057.0,1.3108780740225583,72399,1.287234318002163,71188.57902904546,1.3230300000000002,1.320964973509932
25.573,-20065.0,1.3145732905807617,72551,1.2902482842314145,71340.67874868009,1.32609,1.3096047905742196
25.578,-20073.0,1.3182685071389648,72708,1.293342797953574,71493.06226497139,1.32926,1.327147090678207
25.582,-20079.0,1.3210399195576172,72860,1.2964537227558623,71645.69602327986,1.3323,1.31208995131567
25.587,-20084.0,1.323349429906494,73014,1.2994971989328732,71798.3730840996,1.33534,1.3293332843135748
25.591,-20092.0,1.3270446464646972,73164,1.3025358141554575,71950.97009277219,1.33839,1.3110354972307743
25.595,-20097.0,1.3293541568135745,73315,1.3055701431575646,72103.31916205451,1.34142,1.3119880920341804
25.6,-20106.0,1.3335112754415528,73465,1.3086279991678318,72255.44960700952,1.34434,1.3292109239329746
25.604,-20112.0,1.3362826878602052,73618,1.3117339069235132,72407.50551143457,1.3474,1.3166501929765517
25.608,-20118.0,1.3390541002788574,73772,1.314800265691631,72559.73215820374,1.35031,1.3428262122284804
25.613,-20126.0,1.3427493168370606,73934,1.3178863644350949,72712.64141620793,1.35335,1.322643270411478
25.617,-20133.0,1.3459826313254883,74090,1.3210171756502058,72866.27081184268,1.35642,1.3453997088075618
25.622,-20139.0,1.3487540437441408,74250,1.3241327998705743,73020.4169649881,1.35948,1.3293312910058925
25.626,-20146.0,1.3519873582325683,74408,1.3272350327274085,73175.13701172074,1.36255,1.3392636286938684
25.63,-20152.0,1.3547587706512207,74575,1.3303254575458283,73330.77691963216,1.36549,1.36171877672443
25.635,-20157.0,1.3570682810000976,74736,1.333350857550359,73487.40528131688,1.3687,1.3469845373741989
25.639,-20166.0,1.361225399628076,74901,1.3364008402812464,73644.78699235087,1.37163,1.345735512543616
25.643,-20173.0,1.364458714116504,75069,1.3395271121013586,73803.24680241046,1.37471,1.370086305355836
25.648,-20180.0,1.3676920286049317,75237,1.3426660400894026,73962.8345948708,1.3778,1.356044795250223
25.652,-20185.0,1.3700015389538087,75406,1.3457615149494833,74123.47612036155,1.38073,1.3559070672706193
25.656,-20192.0,1.3732348534422365,75579,1.348818674353272,74285.3423779612,1.3838,1.3734573792796279
25.661,-20200.0,1.3769300700004394,75758,1.351923967865599,74448.87973569451,1.38688,1.3852638668772708
25.665,-20206.0,1.379701482419092,75936,1.355044397911776,74614.18619836714,1.38996,1.359182789009839
25.669,-20213.0,1.3829347969075196,76121,1.35815086837859,74781.4073006041,1.39302,1.3811900585388945
25.674,-20221.0,1.3866300134657228,76306,1.3612996426705195,74950.73048717131,1.39612,1.3857794297929056
25.678,-20228.0,1.3898633279541504,76500,1.36448571900348,75122.43927513616,1.39919,1.3866797141374163
25.683,-20233.0,1.3921728383030274,76693,1.3676227676335866,75296.72454258625,1.4024,1.3896988054780788
25.687,-20239.0,1.3949442507216798,76887,1.3706892788929916,75473.28165999812,1.40547,1.3979093358882282
25.692,-20247.0,1.3986394672798828,77089,1.373775512097966,75652.37407223451,1.40856,1.4056903587298546
25.696,-20254.0,1.4018727817683103,77288,1.3769064418765586,75833.99760621907,1.4116300000000002,1.398254727915775
25.7,-20261.0,1.4051060962567383,77492,1.380049477090318,76017.97123008598,1.41471,1.3908812594471007
25.705,-20268.0,1.408339410745166,77707,1.3832031864556005,76204.9629597991,1.41781,1.4060723972375322
25.709,-20275.0,1.4115727252335937,77912,1.3863663079162891,76394.6750676302,1.42105,1.3888657114479974
25.714,-20282.0,1.4148060397220217,78118,1.3895377286352149,76586.25385365356,1.42411,1.3920564320646824
25.718,-20289.0,1.4180393542104492,78320,1.3927164673512822,76779.30125936364,1.42721,1.3958679155408182
25.722,-20297.0,1.4217345707686524,78518,1.3959289652708382,76973.17070363348,1.43015,1.4076690780014243
25.727,-20302.0,1.4240440811175292,78714,1.3991166179849068,77167.41028851797,1.43324,1.4137507739416264
25.731,-20308.0,1.4268154935361816,78907,1.4022277501647866,77361.68066353023,1.43619,1.4317235205829875
25.735,-20317.0,1.4309726121641602,79097,1.4053806349930942,77555.62348382117,1.43931,1.4243477486736789
25.74,-20323.0,1.4337440245828126,79284,1.4085703358540067,77748.92277337142,1.44242,1.4391658606553062
25.744,-20330.0,1.4369773390712404,79464,1.4117378869149846,77941.0634459317,1.44552,1.4314849419565987
25.748,-20339.0,1.4411344576992189,79644,1.414967826397794,78131.76866856206,1.44863,1.4411732784467504
25.753,-20346.0,1.4443677721876464,79819,1.4182527778201766,78320.91257440331,1.4516,1.4391187272857193
25.757,-20351.0,1.4466772825365235,79989,1.4214770110637884,78508.08859145136,1.45471,1.435216807707909
25.761,-20358.0,1.4499105970249513,80161,1.424647705130042,78693.3520404417,1.45783,1.4542023400617667
25.766,-20366.0,1.4536058135831544,80324,1.427853109557305,78876.51523168426,1.46099,1.4505678006574494
25.77,-20371.0,1.4559153239320313,80487,1.431034507476687,79057.29443214605,1.46413,1.44530534879002
25.775,-20379.0,1.4596105404902344,80643,1.434194737292723,79235.55769070596,1.46726,1.4437517105154707
25.779,-20387.0,1.4633057570484376,80797,1.4374182211564843,79411.07042266171,1.47025,1.4501559517606997
25.783,-20395.0,1.4670009736066407,80948,1.4406974802386132,79583.86224897498,1.47339,1.4548227714784847
25.788,-20402.0,1.4702342880950685,81100,1.4439986135193676,79754.1366405714,1.47652,1.4569371777171902
25.792,-20409.0,1.473467602583496,81248,1.4472917282591222,79922.01389363603,1.47964,1.4569395617465146
25.796,-20414.0,1.4757771129323731,81393,1.4505231596319508,80087.3636115694,1.48279,1.4617796652849178
25.801,-20421.0,1.479010427420801,81531,1.45370020075809,80249.89346299488,1.48594,1.475713915910543
25.805,-20429.0,1.4827056439790038,81666,1.4569112018019148,80409.34568027621,1.48907,1.4858234924352116
25.81,-20437.0,1.486400860537207,81801,1.4601794539677615,80565.90679466285,1.49207,1.465867222482478
25.814,-20444.0,1.4896341750256348,81938,1.463470881732723,80720.0368699074,1.49519,1.4889745787439272
25.818,-20451.0,1.4928674895140626,82070,1.4667554384863537,80871.84598723186,1.4983,1.4694637787551752
25.823,-20457.0,1.495638901932715,82198,1.4700066301730308,81021.07650804288,1.50141,1.4958002906904069
25.827,-20464.0,1.4988722164211423,82325,1.4732284017046016,81167.7377251831,1.5044,1.4795795289846
25.831,-20470.0,1.501643628839795,82451,1.4764242315670704,81312.01518495014,1.50753,1.5017532635836384
25.836,-20479.0,1.5058007474677737,82576,1.4796517998648389,81454.07249561319,1.51064,1.4884715341740553
25.84,-20485.0,1.508572159886426,82698,1.4829073540105195,81593.9356864564,1.51363,1.5024998100680576
25.844,-20493.0,1.5122673764446288,82824,1.4861602786548866,81731.92329618406,1.51676,1.512185375951093
25.849,-20500.0,1.5155006909330566,82944,1.4894381911447263,81868.13884894978,1.5199,1.5196676506511844
25.853,-20507.0,1.5187340054214844,83064,1.492710830599017,82002.43715916031,1.52301,1.5169861457012912
25.857,-20514.0,1.5219673199099122,83184,1.4959788204740356,82135.04491159593,1.52616,1.5186578093931165
25.862,-20520.0,1.5247387323285644,83302,1.4992154040635943,82266.04375421352,1.52917,1.5216818625196693
25.866,-20528.0,1.5284339488867675,83418,1.5024516011316518,82395.3874465456,1.53231,1.5166377019107808
25.87,-20536.0,1.532129165444971,83536,1.5057420702749742,82523.27168494668,1.53547,1.5265961849652758
25.875,-20542.0,1.534900577863623,83650,1.5090257817493984,82649.75079285806,1.53863,1.5316274273336201
25.879,-20551.0,1.5390576964916016,83764,1.512330840994759,82774.75443600521,1.54164,1.5376368723868645
25.883,-20557.0,1.541829108910254,83879,1.515654723961737,82898.51618305934,1.54479,1.5442771488987341
25.888,-20564.0,1.5450624233986816,83993,1.5189405921349932,83021.18286935026,1.54796,1.5186479768201133
25.892,-20571.0,1.5482957378871094,84105,1.5222202466341033,83142.70661697038,1.551,1.5292987719919415
25.896,-20579.0,1.5519909544453123,84218,1.5255217285797933,83263.16344364155,1.55403,1.5288464055023048
25.901,-20585.0,1.554762366863965,84330,1.5288151507601564,83382.67949654332,1.55734,1.5255090882393505
25.905,-20593.0,1.558457583422168,84443,1.5321014661198924,83501.36600786936,1.56037,1.554274642079523
25.909,-20600.0,1.5616908979105957,84556,1.5354088213807189,83619.38017569517,1.56354,1.533308198610018
25.914,-20609.0,1.5658480165385742,84669,1.5387620353424836,83736.80149441658,1.56671,1.5388686296884893
25.918,-20616.0,1.569081331027002,84782,1.542155685911088,83853.70005942586,1.56989,1.546053043172821
25.922,-20622.0,1.5718527434456544,84895,1.545503072727902,83970.1376784009,1.57324,1.572970580838282
25.927,-20628.0,1.5746241558643066,85005,1.5487823593298915,84085.99149900922,1.57629,1.566519682553254
25.931,-20636.0,1.5783193724225095,85114,1.5520562104284636,84201.0940769412,1.57951,1.5592117551382307
25.935,-20643.0,1.5815526869109375,85224,1.555352575137488,84315.53423522056,1.58243,1.5769195589963496
25.94,-20652.0,1.585709805538916,85334,1.558696098013089,84429.44941229653,1.58578,1.5817416536445545
25.944,-20659.0,1.5889431200273438,85445,1.5620812033191145,84542.96079661141,1.58885,1.5770984387113371
25.948,-20666.0,1.5921764345157716,85560,1.5654483616689556,84656.41171750672,1.59209,1.5917686138093003
25.953,-20674.0,1.5958716510739746,85670,1.5688270014655346,84769.75020646502,1.59533,1.584917125778307
25.957,-20681.0,1.5991049655624023,85782,1.572215765202351,84882.81220466101,1.59858,1.5892583403438332
25.961,-20687.0,1.6018763779810548,85890,1.5755588429809313,84995.51216812836,1.60183,1.5950659169604442
25.966,-20694.0,1.6051096924694823,85998,1.5788616364711765,85107.65643237918,1.60507,1.5876869161220313
25.97,-20702.0,1.6088049090276857,86111,1.5821835215741311,85219.60628738359,1.60816,1.6073659720529816
25.975,-20710.0,1.6125001255858886,86226,1.5855495474451209,85331.79854086104,1.61141,1.5866543219455926
25.979,-20719.0,1.6166572442138671,86341,1.5889818015577286,85444.32276767265,1.61466,1.602203588761181
25.983,-20726.0,1.619890558702295,86454,1.5924451469811538,85557.02148222449,1.61791,1.6139102848503022
25.988,-20731.0,1.622200069051172,86570,1.5958266818476865,85669.9331713918,1.62118,1.604706164608261
25.992,-20737.0,1.6249714814698242,86686,1.599108772563502,85783.21000635697,1.62443,1.597530993851174
25.996,-20747.0,1.629590502167578,86801,1.6024397091285532,85896.749696784,1.62767,1.614586519003763
26.001,-20754.0,1.6328238166560058,86916,1.605841022712113,86010.46204661386,1.63092,1.6149636361598556
26.005,-20760.0,1.6355952290746585,87034,1.6091951665088808,86124.50399368981,1.63403,1.6086336693308176
26.009,-20770.0,1.640214249772412,87155,1.6125896369736377,86239.1912725337,1.63729,1.6343993836171407
26.014,-20776.0,1.6429856621910646,87274,1.6160196660910653,86354.50669987376,1.64056,1.6351948227320943
26.018,-20783.0,1.646218976679492,87396,1.6193991302464443,86470.43512409882,1.64386,1.643887565923178
26.023,-20790.0,1.64945229116792,87519,1.622761314425929,86587.14053723769,1.64699,1.646594994732559
26.027,-20796.0,1.6522237035865723,87644,1.6260809552756867,86704.70842435786,1.65025,1.6379035326569253
26.031,-20803.0,1.655457018075,87769,1.6293630828975816,86823.15504581992,1.65354,1.6426028910494175
26.036,-20811.0,1.6591522346332033,87892,1.6326667455568915,86942.25826985431,1.65682,1.6466051019405943
26.04,-20818.0,1.6623855491216308,88022,1.6359893970628847,87062.2360501778,1.65995,1.6593499177668274
26.044,-20826.0,1.666080765679834,88154,1.6393287922731687,87183.51704038391,1.66323,1.656850833450919
26.049,-20835.0,1.6702378843078125,88285,1.6427375643957771,87306.00627311692,1.66655,1.6404093372617004
26.053,-20840.0,1.6725473946566896,88419,1.6461255913209976,87429.67912686436,1.66985,1.6473675628843076
26.057,-20848.0,1.6762426112148927,88555,1.6494680194047495,87554.6912434256,1.67301,1.6515330697751724
26.062,-20854.0,1.679014023633545,88692,1.6527975464649398,87681.06162752885,1.67631,1.6532562279840732
26.066,-20861.0,1.6822473381219727,88834,1.656088391403204,87808.98438907455,1.6796,1.6535040196761963
26.07,-20870.0,1.6864044567499512,88976,1.6594270471370085,87938.57157002142,1.68288,1.652561995970556
26.075,-20878.0,1.6900996733081544,89121,1.6628351672149873,88069.8037302753,1.68619,1.652848573801882
26.079,-20886.0,1.6937948898663575,89271,1.6662772320864172,88202.95931522475,1.68948,1.6656174945329871
26.083,-20892.0,1.6965663022850097,89422,1.6696946153991312,88338.16561353009,1.69263,1.6623860568694278
26.088,-20899.0,1.6997996167734375,89573,1.673062928923923,88475.23927691573,1.69593,1.6708314602779186
26.092,-20905.0,1.70257102919209,89728,1.6763879744171026,88614.19598744423,1.69909,1.6690450634343625
26.096,-20913.0,1.706266245750293,89887,1.679702174113751,88755.2860426024,1.70237,1.6834891248957162
26.101,-20920.0,1.7094995602387208,90049,1.6830341168126346,88898.67102860764,1.70563,1.6947473721709043
26.105,-20929.0,1.7136566788666991,90218,1.6864090111217611,89044.6707787564,1.70878,1.6876761613302511
26.109,-20937.0,1.7173518954249023,90393,1.6898490851145422,89193.74466311323,1.71205,1.684812151920573
26.114,-20944.0,1.72058520991333,90571,1.6932920193879737,89346.0612686276,1.71532,1.7025017759362036
26.118,-20949.0,1.7228947202622071,90754,1.6966555564126458,89501.7101320081,1.7186,1.7178059307723728
26.122,-20956.0,1.7261280347506347,90938,1.6999490837059796,89660.65196881407,1.72189,1.7137913645268341
26.127,-20963.0,1.7293613492390625,91125,1.7032354917506758,89822.73390459777,1.72499,1.7117870988163706
26.131,-20971.0,1.7330565657972656,91330,1.7065429287378753,89988.82613574693,1.72825,1.7186311334624977
26.136,-20979.0,1.7367517823554688,91532,1.7098962147631125,90159.34126677323,1.73153,1.72420664491526
26.14,-20986.0,1.7399850968438966,91740,1.7132626224265408,90333.93370920922,1.73478,1.7239349272566862
26.144,-20995.0,1.744142215471875,91959,1.7166679067421988,90513.12637873318,1.73788,1.7316646164115959
26.149,-21002.0,1.7473755299603029,92180,1.7201074711370845,90697.14389460576,1.74114,1.7374665722811
26.153,-21008.0,1.750146942378955,92409,1.723495343168347,90886.00696608292,1.7444,1.737413383348352
26.157,-21014.0,1.7529183547976075,92645,1.7268103282237588,91080.02944085337,1.74749,1.7390637965871096
26.162,-21022.0,1.7566135713558106,92887,1.730115656976435,91279.36982409366,1.75074,1.7364298004011327
26.166,-21029.0,1.7598468858442384,93143,1.7334397775855872,91484.58170193556,1.754,1.747115400020119
26.17,-21036.0,1.763080200332666,93409,1.7367531617516814,91696.38967695774,1.75709,1.7424225104571693
26.175,-21045.0,1.7672373189606445,93684,1.7401116917923365,91915.13709151448,1.76031,1.7403128525633722
26.179,-21051.0,1.770008731379297,93968,1.7434827234460957,92141.06757554972,1.76357,1.7490098563323735
26.183,-21058.0,1.7732420458677247,94257,1.746810165690822,92374.15948388126,1.76668,1.7626890001488724
26.187,-21065.0,1.7764753603561525,94550,1.7501264787595898,92614.09814355332,1.76993,1.7627322812466262
26.192,-21072.0,1.77970867484458,94842,1.7534329785082352,92860.25138251786,1.77319,1.7734843708723038
26.196,-21081.0,1.7838657934725586,95128,1.7567854381091264,93111.47059948483,1.77648,1.7766604404859836
26.201,-21088.0,1.7870991079609864,95414,1.7601784235085605,93366.80211519964,1.77973,1.7766907464246189
26.205,-21095.0,1.7903324224494142,95691,1.7635525302505828,93625.2276562863,1.78299,1.7827707216999316
26.209,-21105.0,1.794951443147168,95964,1.7669919097940945,93885.61287512288,1.78628,1.7859762305212343
26.214,-21110.0,1.7972609534960449,96235,1.7704342317263235,94147.37136522794,1.78942,1.768585016232004
26.218,-21116.0,1.8000323659146973,96501,1.773769922361592,94409.92693637262,1.79269,1.7790761031990203
26.222,-21124.0,1.8037275824729004,96754,1.7770935085741373,94672.12123268977,1.79601,1.777110734224446
26.227,-21132.0,1.807422799031104,97007,1.780461034424374,94933.22844326776,1.79933,1.7807151492205446
26.231,-21139.0,1.810656113519532,97261,1.783839998270014,95193.43621686344,1.80263,1.7922683813896279
26.236,-21148.0,1.81481323214751,97507,1.7872563541902555,95452.4370764418,1.80594,1.797438970818917
26.24,-21157.0,1.8189703507754884,97743,1.7907602940373035,95709.3096080802,1.80941,1.7975409450611606
26.245,-21162.0,1.8212798611243648,97971,1.7942322365505847,95963.24134104208,1.81271,1.80472371534207
26.249,-21169.0,1.824513175612793,98194,1.7976213520318178,96213.81145388902,1.81585,1.7998508089933125
26.253,-21174.0,1.8268226859616696,98410,1.8009374335181478,96460.7079983165,1.81919,1.8110185775601941
26.257,-21181.0,1.8300560004500976,98618,1.8041891161689816,96703.47855697146,1.82236,1.8169519741788387
26.262,-21188.0,1.8332893149385248,98829,1.807438627063901,96942.3153779482,1.82552,1.8154929470167955
26.266,-21196.0,1.8369845314967288,99037,1.8107135294282588,97177.6835659142,1.82897,1.8280406261252304
26.271,-21205.0,1.841141650124707,99235,1.8140654340033509,97409.22470781532,1.83227,1.8267839008722104
26.275,-21211.0,1.8439130625433595,99436,1.8174306235521087,97636.9774718759,1.83537,1.820733386675552
26.279,-21218.0,1.847146377031787,99634,1.8207529144319208,97861.38977617287,1.83863,1.8370327344546116
26.284,-21225.0,1.8503796915202149,99825,1.824064685206348,98082.26540530684,1.84205,1.830236363812525
26.288,-21230.0,1.852689201869092,100018,1.827312566821416,98299.72693035302,1.8453,1.8424570484058513
26.293,-21239.0,1.8568463204970704,100199,1.8305587260952536,98513.58684323353,1.84869,1.8461853612933885
26.297,-21246.0,1.860079634985498,100380,1.833857979565,98723.5615710547,1.85192,1.8515953389985103
26.302,-21252.0,1.8628510474041504,100558,1.837122130304576,98929.93312568282,1.85512,1.8458365057947612
26.306,-21260.0,1.8665462639623536,100731,1.8403826351263235,99132.65458838176,1.8583,1.845532595688903
26.31,-21268.0,1.8702414805205567,100904,1.843694538001064,99331.86194003484,1.86149,1.8548136927211862
26.315,-21275.0,1.8734747950089845,101082,1.847024455442306,99528.26625782796,1.86467,1.859889405531507
26.319,-21281.0,1.8762462074276367,101255,1.8503156446049995,99722.19895789468,1.86799,1.8599752800971925
26.324,-21288.0,1.8794795219160645,101424,1.853572684519214,99913.42021487284,1.87131,1.8654440577869915
26.328,-21295.0,1.8827128364044925,101586,1.8568269192625773,100101.60032430803,1.87448,1.8704456962599552
26.333,-21302.0,1.88594615089292,101753,1.860078680503889,100286.98062086136,1.87763,1.8701676558171283
26.337,-21307.0,1.888255661241797,101912,1.863273647800681,100469.7147876423,1.88092,1.8691092871289055
26.342,-21315.0,1.8919508778,102068,1.8664458426215724,100649.4653978898,1.88408,1.8799016339901495
26.346,-21324.0,1.8961079964279783,102224,1.8697071832585328,100826.40785960636,1.88707,1.8835501052492185
26.35,-21330.0,1.898879408846631,102379,1.872992516677808,101000.81507626004,1.8902,1.8823320441020868
26.355,-21337.0,1.9021127233350583,102540,1.876244393201226,101173.28238901807,1.89334,1.8857644263708986
26.359,-21343.0,1.904884135753711,102695,1.8794667685980069,101344.03916201966,1.89646,1.8875355977416772
26.363,-21349.0,1.907655548172364,102852,1.882635824479568,101513.05117099224,1.89959,1.8916434193298373
26.368,-21357.0,1.9113507647305663,103005,1.885812477964332,101680.40647295804,1.90285,1.9021662420800522
26.372,-21363.0,1.9141221771492187,103157,1.8889958307512416,101846.005361343,1.90584,1.9015398960742083
26.377,-21372.0,1.9182792957771968,103310,1.8922123971979208,102010.05550534657,1.90894,1.8813470453739876
26.381,-21380.0,1.9219745123354004,103466,1.8955128631905949,102172.97649003276,1.91206,1.8990647229275364
26.385,-21387.0,1.925207826823828,103619,1.8988326959871764,102334.90182132184,1.91517,1.909896268878645
26.39,-21393.0,1.9279792392424808,103771,1.9021149928611016,102495.71275049928,1.91827,1.9114941577484783
26.394,-21399.0,1.9307506516611328,103921,1.9053368854162485,102655.36368647778,1.92135,1.8976812528399056
26.399,-21404.0,1.9330601620100096,104071,1.90847820909662,102813.87354602043,1.92431,1.904266479539199
26.403,-21412.0,1.936755378568213,104223,1.9116031028430749,102971.49547886044,1.92741,1.923896280278684
26.407,-21418.0,1.9395267909868648,104370,1.9147408156937176,103128.15711663708,1.93048,1.90881141762783
26.412,-21427.0,1.943683909614844,104524,1.917917138432633,103284.09023443505,1.93357,1.9117530102626907
26.416,-21434.0,1.9469172241032715,104675,1.9211548124758384,103439.61743825435,1.93666,1.9359599382521757
26.42,-21440.0,1.949688636521924,104827,1.9243646646197403,103594.66848645614,1.93971,1.929082975158192
26.425,-21448.0,1.953383853080127,104985,1.927577290829135,103749.71349898426,1.94275,1.9146839979257209
26.429,-21453.0,1.955693363429004,105139,1.93076505666472,103904.87142426024,1.94582,1.9244269527687918
26.434,-21458.0,1.958002873777881,105296,1.9338489821429776,104060.069794671,1.94887,1.9434843902689183
26.438,-21464.0,1.9607742861965327,105446,1.936868651255497,104215.06735860465,1.9519,1.9491791251718478
26.442,-21473.0,1.964931404824512,105598,1.9399408871334525,104369.59227138656,1.95494,1.9388546609768365
26.447,-21480.0,1.96816471931294,105753,1.9430867810043533,104523.99600381592,1.958,1.9497981264433606
26.451,-21488.0,1.9718599358711424,105904,1.9462703174822744,104678.23376622946,1.96102,1.956337560533987
26.456,-21497.0,1.976017054499121,106062,1.949541658797772,104832.50253425023,1.96403,1.955666847756408
26.46,-21501.0,1.9778646627782224,106219,1.9527811975709324,104987.15334632128,1.96705,1.9670147070306825
26.464,-21505.0,1.9797122710573245,106378,1.955856161727636,105142.20014894012,1.97006,1.9690155948381496
26.469,-21513.0,1.983407487615528,106542,1.9588952355068543,105298.00994402768,1.9732,1.9730422576197286
26.473,-21520.0,1.9866408021039552,106705,1.961984581744722,105454.72898891568,1.97621,1.9757725051944464
26.478,-21525.0,1.988950312452832,106863,1.9650363371426884,105611.8950742558,1.97937,1.97105526114933
26.482,-21535.0,1.993569333150586,107032,1.9681368655907128,105769.81004869656,1.98249,1.9729998326065856
26.487,-21541.0,1.9963407455692384,107196,1.971307706865464,105928.74007187336,1.98549,1.9837431053623336
26.491,-21549.0,2.0000359621274413,107367,1.97448593464782,106088.68336450202,1.98834,1.9806069019911854
26.496,-21554.0,2.0023454724763186,107539,1.9776433691473303,106249.99306205624,1.9915,1.9760725333805103
26.5,-21563.0,2.006502591104297,107713,1.9808097753017668,106412.68496012228,1.99462,1.9782796757312004
26.505,-21569.0,2.009274003522949,107883,1.9840113987975867,106576.47739971124,1.99764,1.987920414759968
26.509,-21574.0,2.0115835138718263,108052,1.987134849926703,106740.94467153469,2.00066,1.9996428158097315
26.513,-21579.0,2.013893024220703,108225,1.9901620649346208,106906.1843391341,2.00355,1.9978819433311332
26.518,-21587.0,2.017588240778906,108396,1.993186341624104,107072.22331324824,2.00655,1.9969486439008706
26.522,-21593.0,2.0203596531975587,108573,1.996235333854868,107239.20355762508,2.00957,1.9967251526575036
26.526,-21601.0,2.0240548697557617,108753,1.9993061193899595,107407.54583794512,2.01244,1.9974061946561146
26.531,-21609.0,2.027750086313965,108940,2.002450734398987,107577.68028814242,2.01545,1.999434112626402
26.535,-21613.0,2.0295976945930665,109128,2.0055512238762923,107749.86795055868,2.01847,2.0059717162279744
26.539,-21619.0,2.0323691070117187,109327,2.00855819209859,107924.57547283766,2.02151,2.0082666440499133
26.544,-21627.0,2.036064323569922,109523,2.0115919223252368,108101.97785904484,2.02468,2.0156421417249155
26.548,-21634.0,2.0392976380583496,109720,2.014676556804375,108281.6382477016,2.02769,2.0245351880842044
26.553,-21640.0,2.042069050477002,109917,2.017751463985677,108463.3487817489,2.0307,2.0224830374156255
26.557,-21648.0,2.045764267035205,110120,2.020845100422445,108647.22176705164,2.03358,2.0198927318737634
26.561,-21656.0,2.049459483593408,110330,2.024009864561477,108833.77005279592,2.03659,2.0297015988900284
26.566,-21662.0,2.0522308960120608,110539,2.0271827337370087,109023.03202976746,2.03959,2.0390712009481544
26.57,-21668.0,2.055002308430713,110748,2.030308136755236,109214.62772784318,2.04261,2.0425353813889178
26.575,-21673.0,2.05731181877959,110955,2.0333643793192944,109408.1629851921,2.0455,2.0448175702499
26.579,-21678.0,2.059621329128466,111160,2.0363323321530573,109603.17200883168,2.04854,2.048534025218222
26.583,-21686.0,2.06331654568667,111362,2.0393043535193915,109799.18496131957,2.05155,2.0500061835129264
26.588,-21695.0,2.0674736643146483,111562,2.0423891881691354,109995.78755634712,2.05458,2.0544804764529436
26.592,-21701.0,2.070245076733301,111757,2.0455188847503885,110192.49625586752,2.05746,2.0552083135972747
26.596,-21710.0,2.0744021953612792,111951,2.0486881390218805,110388.94381025316,2.06049,2.0599595742368897
26.601,-21714.0,2.0762498036403807,112141,2.051837660991744,110584.8655089583,2.06352,2.062054449417251
26.605,-21720.0,2.0790212160590333,112328,2.0548878643599005,110779.90970463934,2.06657,2.0639529634762432
26.609,-21727.0,2.082254530547461,112511,2.0579324113855653,110973.76632690424,2.06963,2.0693164837544757
26.614,-21732.0,2.0845640408963377,112688,2.0609446643969944,111165.9846142779,2.07267,2.0692041922251985
26.618,-21741.0,2.0887211595243165,112865,2.063983054566813,111356.40357056544,2.07558,2.0726640105805254
26.623,-21748.0,2.091954474012744,113036,2.067099104469936,111544.88123492416,2.07879,2.0787935691026576
26.627,-21756.0,2.0956496905709474,113207,2.070256325575488,111731.29243122236,2.08184,2.0757272166949967
26.631,-21763.0,2.098883005059375,113380,2.073449850014794,111915.99972268222,2.0849,2.0818199731313665
26.636,-21770.0,2.102116319547803,113542,2.0766480790223967,112098.6725135658,2.08811,2.0881195305149585
26.64,-21775.0,2.10442582989668,113702,2.079795843458152,112278.78282646473,2.09118,2.088228281461485
26.645,-21782.0,2.107659144385108,113854,2.0828991099903607,112456.04246146348,2.09427,2.0878882762565505
26.649,-21788.0,2.11043055680376,114003,2.0859904462677603,112630.13817650698,2.09721,2.0898039136716084
26.653,-21794.0,2.113201969222412,114149,2.0890439564133425,112801.08935263756,2.1003,2.0922944941860644
26.658,-21802.0,2.116897185780615,114296,2.0921187256885205,112969.14954897368,2.10324,2.097355969681188
26.662,-21809.0,2.120130500269043,114440,2.0952395469727043,113134.54234512348,2.10634,2.104706220128873
26.666,-21818.0,2.124287618897021,114585,2.0984282817642943,113297.46488580592,2.10942,2.1095675307696395
26.671,-21823.0,2.1265971292458983,114727,2.101622287427196,113458.09100637469,2.11253,2.109192848533384
26.675,-21828.0,2.128906639594776,114866,2.104711714968068,113616.3375192062,2.11564,2.090438758641317
26.679,-21836.0,2.1326018561529785,115003,2.1077908485044325,113772.19018974598,2.11862,2.109797828932267
26.684,-21842.0,2.135373268571631,115135,2.11088821159404,113925.51823166426,2.12173,2.0936488444022503
26.688,-21850.0,2.139068485129834,115268,2.1140016488694,114076.38367431852,2.12486,2.1201457955798295
26.692,-21858.0,2.142763701688037,115400,2.117183872698935,114225.07768262758,2.12783,2.1122890732259
26.697,-21866.0,2.1464589182462404,115531,2.1204267501185208,114371.73876089102,2.13095,2.128087856941044
26.701,-21871.0,2.148768428595117,115660,2.1236411904186645,114516.42991998343,2.13409,2.1245688246613894
26.705,-21877.0,2.1515398410137694,115789,2.1267759429598745,114659.26583809906,2.13708,2.129491439579275
26.71,-21884.0,2.1547731555021974,115919,2.1298950425044594,114800.52498667172,2.14024,2.1404297174173847
26.714,-21890.0,2.1575445679208496,116046,2.133000339781264,114940.27555993,2.14339,2.138515191256348
26.719,-21897.0,2.1607778824092776,116178,2.136093466698588,115078.81415876164,2.14656,2.1373058816718693
26.723,-21906.0,2.164935001037256,116302,2.1392577815611022,115216.10672852206,2.14987,2.1393966626956225
26.727,-21913.0,2.1681683155256835,116429,2.14248486747671,115352.00500621572,2.15318,2.135437144774853
26.732,-21922.0,2.172325434153662,116551,2.145767302722824,115486.55561088424,2.1562,2.12499009337991
26.736,-21927.0,2.174634944502539,116676,2.1490439301862283,115619.79964957644,2.15938,2.158528072766
26.741,-21934.0,2.177868258990967,116802,2.152260823652444,115752.12807344228,2.16255,2.155146475931286
26.745,-21940.0,2.1806396714096192,116931,2.1554523522066145,115883.88560960276,2.1659,2.1561010196750767
26.75,-21948.0,2.184334887967822,117054,2.1586488213121515,116014.96240465624,2.16923,2.146706043849299
26.754,-21954.0,2.187106300386475,117175,2.1618496468239767,116144.9660067084,2.17242,2.148751857172935
26.759,-21961.0,2.1903396148749024,117291,2.165027007215049,116273.6094827315,2.17561,2.1544846118609096
26.763,-21967.0,2.1931110272935546,117410,2.168183676879106,116400.93541215271,2.17879,2.1694958314046144
26.767,-21976.0,2.1972681459215333,117530,2.17137671507649,116527.33604441404,2.1821,2.1505994801643356
26.772,-21984.0,2.200963362479736,117649,2.1746564346775985,116652.92078183538,2.18497,2.176247544716687
26.776,-21990.0,2.203734774898389,117767,2.1779306675797274,116777.66785678088,2.18813,2.178128307911743
26.78,-21995.0,2.2060442852472657,117886,2.181118143156892,116901.6763101016,2.19146,2.1756227735793523
26.785,-22004.0,2.210201403875244,118006,2.184311038488326,117025.15170736871,2.19451,2.187863952992183
26.789,-22009.0,2.2125109142241213,118126,2.187508712770497,117148.2161917528,2.19784,2.186846575384591
26.793,-22016.0,2.215744228712549,118245,2.1906559880686687,117270.85923005689,2.20089,2.1907572555112775
26.798,-22025.0,2.219901347340528,118363,2.193868049089328,117393.01241707688,2.20407,2.182229601814794
26.802,-22032.0,2.223134661828955,118484,2.1971372359058656,117514.85190507377,2.20725,2.193255971272723
26.806,-22038.0,2.225906074247608,118604,2.2003748749168093,117636.5330189821,2.21044,2.210572323629974
26.811,-22044.0,2.22867748666626,118724,2.203557389722244,117758.0153667323,2.2135,2.185944609133444
26.815,-22052.0,2.232372703224463,118848,2.206745910817778,117879.5589189901,2.21671,2.2073536668591776
26.82,-22058.0,2.235144115643115,118972,2.2099397280509323,118001.3929088428,2.21995,2.207712756006832
26.824,-22065.0,2.238377430131543,119101,2.2131109087857244,118123.77858344822,2.22333,2.2176880818445275
26.829,-22073.0,2.242072646689746,119230,2.216316742340372,118246.94630145996,2.2267200000000003,2.222614415439556
26.833,-22080.0,2.245305961178174,119355,2.219553131545825,118370.56712854652,2.22995,2.1984011859712878
26.837,-22088.0,2.249001177736377,119483,2.22281646366098,118494.52837405194,2.2332,2.2329078903843818
26.842,-22094.0,2.251772590155029,119614,2.226076246648196,118619.14449305892,2.2363,2.2266092179524306
26.846,-22101.0,2.255005904643457,119746,2.229305593689648,118744.57452632312,2.23957,2.2353291024298714
26.851,-22108.0,2.2582392191318847,119877,2.2325354098213803,118870.72224085924,2.24283,2.2366724499055217
26.855,-22114.0,2.261010631550537,120013,2.2357383331323604,118997.73925135912,2.24612,2.2397875094466
26.859,-22120.0,2.2637820439691896,120146,2.238890236841496,119125.6410115877,2.24941,2.2408188972564176
26.864,-22129.0,2.267939162597168,120285,2.2420790725856614,119254.50026553456,2.25271,2.250087517491887
26.868,-22137.0,2.271634379155372,120425,2.245355086609745,119384.6176259084,2.256,2.246774129022412
26.873,-22145.0,2.275329595713574,120567,2.248680664959465,119516.02169294623,2.25928,2.254404098601606
26.877,-22150.0,2.277639106062451,120709,2.2519680280622323,119648.67856794444,2.26258,2.261452037375968
26.881,-22158.0,2.2813343226206544,120856,2.2552216942899306,119782.73571239802,2.26572,2.2590155284667808
26.886,-22164.0,2.2841057350393066,121001,2.258472954233911,119918.20491792746,2.26906,2.266158666622715
26.89,-22171.0,2.2873390495277346,121151,2.261694785952397,120055.0965819734,2.27236,2.262994903540578
26.894,-22179.0,2.291034266085937,121300,2.2649452817820697,120193.47899003472,2.27553,2.2531742223172695
26.898,-22184.0,2.2933437764348144,121455,2.2681664397311465,120333.4714712857,2.27884,2.2747123235655593
26.903,-22193.0,2.297500895062793,121613,2.27138903500616,120475.41571563,2.282,2.2611061896404143
26.907,-22201.0,2.301196111620996,121777,2.274694817009887,120619.6130133356,2.28529,2.2696282294202956
26.912,-22207.0,2.3039675240396487,121942,2.277992030831807,120766.21079688256,2.28862,2.2869045041029916
26.916,-22213.0,2.306738936458301,122113,2.281227076632662,120915.33906710192,2.29194,2.2763915714155165
26.92,-22219.0,2.309510348876953,122285,2.2844073048356712,121067.11245420307,2.29527,2.2952737276282975
26.925,-22229.0,2.314129369574707,122462,2.287648422581224,121221.5729177187,2.29846,2.2938972855319744
26.929,-22235.0,2.31690078199336,122644,2.290943230606748,121378.99392569457,2.30178,2.2919979742653567
26.933,-22243.0,2.3205959985515627,122830,2.2942307679565266,121539.5574953406,2.30511,2.3051169069264246
26.938,-22251.0,2.3242912151097657,123023,2.297566507173891,121703.5423578942,2.30842,2.3083218261862593
26.942,-22256.0,2.3266007254586425,123223,2.300862829776201,121871.3716410544,2.31175,2.306911627958549
26.947,-22263.0,2.3298340399470705,123427,2.3040970897306137,122043.24109191114,2.31522,2.28642873188965
26.951,-22270.0,2.333067354435498,123637,2.3073312378980493,122219.26419604,2.31856,2.3180509584479077
26.955,-22275.0,2.335376864784375,123847,2.310510674599142,122399.30455148294,2.32174,2.3174003515240273
26.96,-22283.0,2.3390720813425783,124069,2.313669175081132,122583.5965881242,2.32508,2.3251592755962687
26.964,-22290.0,2.342305395831006,124296,2.3168638276300646,122772.64260506583,2.32839,2.3284613845673063
26.968,-22298.0,2.346000612389209,124531,2.320090357813722,122966.64904258894,2.33172,2.3282920696415026
26.973,-22305.0,2.3492339268776368,124782,2.3233449965865005,123166.44822392213,2.33487,2.302431797395083
26.977,-22314.0,2.353391045505615,125053,2.326651726983368,123373.48347149706,2.33836,2.3353459810463404
26.982,-22321.0,2.356624359994043,125320,2.330004389961837,123587.845108865,2.34183,2.320627321301657
26.986,-22326.0,2.35893387034292,125596,2.33328832889959,123808.96248881872,2.34519,2.34493025094783
26.991,-22333.0,2.362167184831348,125880,2.3365116693694845,124037.0418432758,2.34852,2.3424092053510503
26.995,-22340.0,2.3654004993197755,126177,2.3397361891154147,124272.50148995512,2.35185,2.351807158895052
26.999,-22347.0,2.368633813808203,126484,2.34296174870592,124515.8285216608,2.35503,2.3432342541919846
27.004,-22355.0,2.3723290303664064,126799,2.3462155316434288,124767.15685289192,2.35835,2.3372508016338314
27.008,-22362.0,2.375562344854834,127120,2.349494200946297,125026.36809520448,2.36167,2.3452192459296266
27.012,-22370.0,2.3792575614130373,127437,2.3527948141802204,125292.64844901854,2.365,2.3519296096362603
27.017,-22378.0,2.3829527779712403,127757,2.3561420832572506,125565.10298198828,2.36834,2.3683287973637572
27.021,-22382.0,2.3848003862503417,128070,2.359421266040396,125842.7652217179,2.37168,2.371640960587257
27.026,-22389.0,2.3880337007387697,128370,2.362613106250408,126123.837088118,2.37501,2.374997385407056
27.03,-22397.0,2.3917289172969727,128675,2.3658371566114607,126407.442505499,2.37835,2.3631125763407015
27.034,-22404.0,2.3949622317854,128967,2.369089608762951,126692.80898080084,2.38168,2.352454840353144
27.039,-22413.0,2.399119350413379,129250,2.372394411073251,126978.42771295775,2.38484,2.364295051958945
27.043,-22420.0,2.4023526649018065,129536,2.375745373932072,127263.91417204756,2.38817,2.3734506702860143
27.047,-22427.0,2.4055859793902346,129813,2.379082426659949,127548.92929296456,2.39166,2.385804500572193
27.052,-22433.0,2.4083573918088867,130081,2.382379907470127,127832.46469112702,2.395,2.3900896465119628
27.056,-22441.0,2.4120526083670897,130336,2.385669801588414,128113.39473850756,2.39834,2.393244491587133
27.061,-22447.0,2.4148240207857423,130584,2.38895300602577,128390.84513027265,2.40154,2.3979382612627154
27.065,-22454.0,2.41805733527417,130826,2.39220300528701,128664.4587566235,2.40487,2.401254786948367
27.069,-22462.0,2.4217525518323733,131062,2.3954783382757965,128933.97984796258,2.40819,2.4010853140794044
27.074,-22470.0,2.425447768390576,131296,2.3988033161122875,129199.41934514802,2.41136,2.4031666037311554
27.078,-22477.0,2.428681082879004,131527,2.4021447625998604,129460.9642476402,2.41466,2.4066533459844863
27.082,-22483.0,2.4314524952976564,131746,2.405446117674456,129718.18827108217,2.41813,2.4099091252003206
27.087,-22489.0,2.4342239077163086,131968,2.408684815087826,129971.07023714518,2.42128,2.409690058727953
27.091,-22496.0,2.4374572222047366,132176,2.411895569603932,130219.47323672094,2.42459,2.3984829621181247
27.095,-22502.0,2.440228634623389,132381,2.4150816850455,130462.92184373684,2.42789,2.3972580522521327
27.1,-22509.0,2.4434619491118164,132584,2.418246074608453,130701.7062527938,2.43103,2.4004800717749353
27.104,-22518.0,2.447619067739795,132783,2.421473226392309,130936.0232299961,2.43431,2.4038442091684282
27.108,-22525.0,2.4508523822282227,132977,2.424755719718752,131165.86892465578,2.43758,2.415210314018811
27.113,-22531.0,2.453623794646875,133171,2.4280050919471314,131391.4764109599,2.44069,2.411995793336465
27.117,-22538.0,2.456857109135303,133366,2.431225259143683,131613.40591000154,2.44397,2.4365557191859124
27.121,-22544.0,2.459628521553955,133551,2.4344196743593547,131831.56023127327,2.44723,2.441092148483243
27.126,-22550.0,2.462399933972608,133735,2.437564075926086,132045.73544077246,2.45053,2.4472747891123725
27.13,-22558.0,2.46609515053081,133921,2.4407189900938766,132256.46112536086,2.4538,2.437840596790097
27.135,-22566.0,2.4697903670890136,134101,2.4439377868039727,132463.90866931892,2.45707,2.4260966493798914
27.139,-22575.0,2.4739474857169923,134275,2.447240219365326,132667.75625416238,2.46034,2.4441790306631495
27.143,-22580.0,2.476256996065869,134448,2.450534479765505,132868.01569853668,2.46346,2.4359223906877734
27.148,-22589.0,2.480414114693848,134621,2.4538215342383087,133065.05212809675,2.46673,2.4596244922958506
27.152,-22593.0,2.4822617229729493,134790,2.4570749283268443,133259.0101457483,2.4700100000000003,2.449630946462173
27.156,-22601.0,2.4859569395311523,134956,2.460271335411504,133449.83990510978,2.47314,2.469700431038673
27.161,-22607.0,2.488728351949805,135123,2.463472106235477,133637.79304036358,2.47643,2.468917811106175
27.165,-22614.0,2.4919616664382325,135286,2.4666494184047045,133823.03231637873,2.4797,2.4611013844336664
27.169,-22622.0,2.4956568829964354,135449,2.469860658444893,134005.64213615586,2.48297,2.4691222103710406
27.174,-22629.0,2.4988901974848634,135612,2.47310181490118,134185.93339291395,2.48609,2.48413732017539
27.178,-22637.0,2.5025854140430663,135774,2.476369350612244,134364.12110407854,2.48935,2.4836558476724235
27.182,-22644.0,2.5058187285314943,135936,2.4796601466323063,134540.39486453394,2.49247,2.486099953178987
27.187,-22649.0,2.508128238880371,136108,2.4828895334387897,134715.5721438241,2.49574,2.4863169526771953
27.191,-22656.0,2.5113615533687987,136267,2.486064771737466,134889.60523198236,2.49915,2.487636230824778
27.196,-22662.0,2.5141329657874514,136428,2.489219570214288,135061.97912084064,2.5024,2.4902501022488437
27.2,-22671.0,2.5182900844154297,136585,2.492410958463874,135232.77175069295,2.50566,2.4795626551592074
27.204,-22679.0,2.521985300973633,136746,2.4956892231984247,135402.17008137354,2.50892,2.4764452929907925
27.209,-22688.0,2.526142419601612,136906,2.49904409259456,135570.5163197513,2.51217,2.49236812012991
27.213,-22694.0,2.5289138320202635,137068,2.5024118964193525,135737.99397714133,2.51542,2.4818064923639054
27.218,-22700.0,2.531685244438916,137229,2.50570918602857,135904.76486743597,2.51868,2.517364724390894
27.222,-22705.0,2.533994754787793,137394,2.508916992207789,136071.08990729006,2.52195,2.512921276174299
27.226,-22713.0,2.537689971345996,137554,2.5121005079084773,136236.9626943416,2.52537,2.4939760763676206
27.231,-22720.0,2.540923285834424,137711,2.515317218006857,136401.96376142837,2.52863,2.498104818800577
27.235,-22727.0,2.5441566003228515,137868,2.5185358913218887,136566.0188239893,2.53175,2.5115910123010643
27.24,-22735.0,2.547851816881055,138031,2.521783602181292,136729.59443706006,2.5350200000000003,2.511848501027406
27.244,-22743.0,2.551547033439258,138199,2.5250842237852016,136893.39757962473,2.53829,2.5327608471195417
27.249,-22751.0,2.555242249997461,138362,2.5284315002425943,137057.40134978018,2.54171,2.5345584239053895
27.253,-22758.0,2.5584755644858888,138523,2.5317926088782,137221.16820458233,2.54497,2.5255832727550804
27.257,-22764.0,2.561246976904541,138687,2.535111301350789,137384.78527306678,2.54825,2.5229925963410924
27.262,-22770.0,2.5640183893231936,138848,2.5383652862784567,137548.2702651881,2.55152,2.540104308979368
27.266,-22776.0,2.566789801741846,139008,2.5415622143445047,137711.40232737822,2.55465,2.5218031166263364
27.27,-22785.0,2.570946920369824,139172,2.544790750999977,137874.4005404275,2.55793,2.524816343791787
27.275,-22793.0,2.5746421369280275,139337,2.548101771906264,138037.5763169489,2.56123,2.544192340788495
27.279,-22800.0,2.577875451416455,139502,2.551430911658412,138200.96778015906,2.56434,2.5304041803089437
27.283,-22808.0,2.5815706679746584,139670,2.554776027978397,138364.72678057896,2.56761,2.533467879858556
27.288,-22813.0,2.5838801783235352,139839,2.558080618983522,138529.0463321118,2.57089,2.5481482173779115
27.292,-22819.0,2.5866515907421874,140008,2.5612948632796013,138693.91927550908,2.57416,2.5654694146831116
27.296,-22825.0,2.58942300316084,140177,2.564456749439485,138859.28018059727,2.57729,2.5713028197597794
27.301,-22833.0,2.593118219719043,140352,2.567627080913144,139025.42605771057,2.58056,2.562309341441922
27.305,-22840.0,2.5963515342074706,140527,2.570832165618872,139192.61880022724,2.58384,2.551390207360269
27.309,-22849.0,2.6005086528354493,140706,2.574095200963644,139360.97110182082,2.58711,2.557975677317394
27.314,-22855.0,2.603280065254101,140890,2.5773820287173006,139530.8779188387,2.59036,2.5739890859464634
27.318,-22861.0,2.606051477672754,141076,2.5806079164445426,139702.56927525057,2.5936,2.571840723225038
27.323,-22869.0,2.609746694230957,141265,2.58383468227337,139876.12976339448,2.59685,2.567576657273143
27.327,-22875.0,2.6125181066496093,141451,2.5870622223816224,140051.33838686347,2.6001,2.568936995572227
27.331,-22881.0,2.615289519068262,141645,2.590235832326054,140228.29586570265,2.60335,2.5974238879682345
27.336,-22889.0,2.618984735626465,141835,2.593416501424999,140407.0318939458,2.6066000000000003,2.606145776153472
27.34,-22895.0,2.621756148045117,142031,2.5966033950407703,140587.45441996388,2.60988,2.5961627680792274
27.345,-22903.0,2.6254513646033204,142231,2.599795777218899,140769.95521501274,2.61313,2.5933979757356482
27.349,-22911.0,2.629146581161524,142435,2.603047611916816,140954.7614945594,2.61638,2.602133813081892
27.353,-22919.0,2.6328417977197267,142645,2.606351869778039,141142.1918440916,2.61949,2.610710138098026
27.358,-22925.0,2.635613210138379,142858,2.609647739664131,141332.46806380976,2.62277,2.603969516633649
27.362,-22931.0,2.638384622557031,143070,2.6128816004291355,141525.37190763108,2.62603,2.6199755820540247
27.366,-22937.0,2.641156034975684,143288,2.616060783708765,141720.8882859459,2.62934,2.6065029281751304
27.371,-22945.0,2.6448512515338867,143501,2.6192463671807635,141918.76742367167,2.63265,2.6136634690103024
27.375,-22953.0,2.64854646809209,143718,2.622492207016175,142118.6708430367,2.63594,2.628653126029921
27.379,-22962.0,2.6527035867200683,143932,2.6258184852644693,142320.41832091397,2.63923,2.6140306839477274
27.384,-22968.0,2.655474999138721,144141,2.629161078409922,142523.31888624403,2.64251,2.6199580052838263
27.388,-22975.0,2.6587083136271485,144347,2.6324634445675383,142726.76326478887,2.64565,2.640663461460211
27.393,-22980.0,2.6610178239760254,144549,2.635703033518736,142930.2733371225,2.64893,2.641277193825051
27.397,-22987.0,2.6642511384644534,144744,2.6388872677136384,143133.19104458138,2.65223,2.6344391590448044
27.401,-22994.0,2.667484452952881,144937,2.642077304906979,143335.05436872804,2.65551,2.6275203883957037
27.406,-23001.0,2.6707177674413085,145120,2.6452724589824266,143535.27856558785,2.6588000000000003,2.628585182764196
27.41,-23010.0,2.6748748860692872,145301,2.6485267378429524,143733.34802826995,2.66192,2.633546865357072
27.414,-23016.0,2.6776462984879394,145481,2.6518058444334813,143929.34016913568,2.66519,2.6543829676847146
27.419,-23023.0,2.6808796129763675,145660,2.655052230355973,144123.38236510896,2.6683,2.6372970693510944
27.423,-23028.0,2.6831891233252443,145831,2.658242457883663,144315.1731109472,2.67157,2.6409819345388863
27.427,-23035.0,2.686422437813672,146003,2.6613831668928416,144504.56478461318,2.67485,2.6438919216951886
27.432,-23043.0,2.6901176543718752,146165,2.6645621315401025,144691.3089833362,2.67814,2.6617510848573898
27.436,-23050.0,2.693350968860303,146324,2.667774828677924,144874.9502046063,2.6813,2.6544149160638444
27.44,-23057.0,2.6965842833487303,146485,2.670989963503966,145055.79621092876,2.6846,2.6689168495637547
27.445,-23066.0,2.700741401976709,146640,2.674261860695137,145233.94102437978,2.68788,2.678760909449637
27.449,-23074.0,2.704436618534912,146794,2.677611115413077,145409.29019816237,2.69116,2.685171836043961
27.453,-23080.0,2.7072080309535647,146945,2.680946661961762,145581.9378045695,2.69446,2.686989221359685
27.458,-23086.0,2.709979443372217,147089,2.684215508227296,145751.61208889127,2.69775,2.685663511740504
27.462,-23092.0,2.712750855790869,147232,2.6874255405039755,145918.19166207503,2.70091,2.701026444266664
27.466,-23098.0,2.7155222682095217,147374,2.6905837126517094,146081.92419186252,2.70422,2.7042588913808316
27.471,-23107.0,2.7196793868375,147511,2.6937780756869203,146242.7915934611,2.70754,2.7075438761443174
27.475,-23114.0,2.722912701325928,147648,2.697031657035689,146400.83703772727,2.71068,2.7081937064146535
27.479,-23120.0,2.72568411374458,147785,2.7002555356881444,146556.39417820738,2.71397,2.7140399539140247
27.484,-23127.0,2.728917428233008,147920,2.7034532235364925,146709.63898419432,2.71727,2.716121205661551
27.488,-23133.0,2.7316888406516604,148056,2.7066278172450846,146860.78573668515,2.72055,2.7120864575116554
27.493,-23143.0,2.736307861349414,148188,2.709863966689512,147009.90514641232,2.72386,2.721841474148197
27.497,-23147.0,2.7381554696285155,148319,2.7130997809434985,147156.94132884443,2.72732,2.7141339983735864
27.502,-23155.0,2.741850686186719,148443,2.7162806867417406,147301.66765475387,2.73062,2.704783215942077
27.506,-23163.0,2.745545902744922,148569,2.719522401967193,147444.0616425656,2.73393,2.708186260898391
27.51,-23170.0,2.74877921723335,148693,2.7227904303814645,147584.39905579618,2.73707,2.7030134979837035
27.515,-23178.0,2.7524744337915528,148815,2.7260816608500726,147722.68658352966,2.74036,2.715628349215944
27.519,-23185.0,2.7557077482799803,148938,2.7293933500828813,147859.10747615984,2.74349,2.7172831015003607
27.523,-23191.0,2.758479160698633,149058,2.732668466245626,147993.7642001104,2.7468,2.7206747170988956
27.528,-23197.0,2.761250573117285,149177,2.735884027099506,148126.62887191356,2.7501,2.750095634172778
27.532,-23202.0,2.763560083466162,149294,2.739019767706011,148257.73602229508,2.75326,2.7533536007917947
27.536,-23211.0,2.7677172020941407,149409,2.742167044940431,148387.05698184995,2.75658,2.754594036971773
27.541,-23219.0,2.771412418652344,149525,2.745406414116645,148514.74382308676,2.75988,2.758427384005504
27.545,-23226.0,2.774645733140772,149641,2.748672373866329,148641.0488730471,2.76304,2.762242439720611
27.549,-23235.0,2.77880285176875,149760,2.751989086706721,148766.31285973146,2.76635,2.759055090324522
27.554,-23240.0,2.781112362117627,149877,2.755295938960074,148890.71799044014,2.76969,2.7460677829006266
27.558,-23247.0,2.784345676606055,149995,2.758539483594399,149014.30669443583,2.77302,2.7495817307608315
27.562,-23253.0,2.787117089024707,150109,2.7617545122212843,149136.99814957115,2.77652,2.755179044808376
27.567,-23259.0,2.78988850144336,150220,2.764917089976782,149258.484620099,2.77971,2.751474905287596
27.571,-23268.0,2.794045620071338,150333,2.7681153377236267,149378.84945972986,2.7829,2.7731183393614938
27.575,-23276.0,2.797740836629541,150453,2.771399650924184,149498.7573408397,2.78638,2.7860988281528
27.58,-23284.0,2.801436053187744,150572,2.774732547198949,149618.61699621016,2.78971,2.78760210505099
27.584,-23292.0,2.805131269745947,150686,2.778108282338109,149738.07942341702,2.79319,2.7931048220984085
27.589,-23298.0,2.8079026821646,150803,2.7814671784008422,149857.0733538558,2.79636,2.7878449448492257
27.593,-23305.0,2.8111359966530274,150917,2.784783919903658,149975.65418014585,2.79969,2.7974478534801728
27.598,-23310.0,2.813445507001904,151034,2.788036184534064,150093.87074557145,2.80318,2.7922999088353606
27.602,-23316.0,2.816216919420557,151147,2.791204289253606,150211.70700104372,2.8063700000000003,2.781928434041638
27.606,-23326.0,2.8208359401183105,151262,2.794434716933273,150329.0896776371,2.80984,2.784069380680444
27.611,-23332.0,2.823607352536963,151376,2.7977200988306574,150446.13152155472,2.81301,2.7911501454009144
27.615,-23341.0,2.827764471164941,151491,2.8010266309968617,150562.8728310781,2.81632,2.792294792081295
27.62,-23349.0,2.8314596877231444,151608,2.8044064256306664,150679.5264920221,2.81995,2.8034694718365847
27.624,-23356.0,2.8346930022115724,151725,2.8077962076627663,150796.2211022933,2.82326,2.8132375951674047
27.628,-23362.0,2.8374644146302246,151841,2.811140183338696,150912.892702859,2.82659,2.8265542101351193
27.633,-23368.0,2.840235827048877,151962,2.814416462115344,151029.7804838568,2.82994,2.811916565245463
27.637,-23376.0,2.84393104360708,152080,2.8176876610181862,151146.9771200325,2.83327,2.8227783302618765
27.642,-23383.0,2.847164358095508,152199,2.8209816871133,151264.32785916264,2.8366,2.816063928633134
27.646,-23391.0,2.850859574653711,152318,2.824295841432287,151381.8735983134,2.83994,2.8316846095548436
27.65,-23398.0,2.8540928891421387,152439,2.8276277441187285,151499.70951649226,2.84326,2.8207975555014215
27.655,-23407.0,2.8582500077701174,152563,2.8310026031462754,151618.09689142858,2.84642,2.829868575206646
27.659,-23413.0,2.8610214201887696,152690,2.8343880331325115,151737.3252261304,2.84991,2.8240381137270187
27.664,-23420.0,2.864254734677197,152814,2.837728171325827,151857.29508989232,2.85327,2.8521070791922853
27.668,-23426.0,2.86702614709585,152943,2.8410283727920684,151978.0370429729,2.85661,2.8317266258104494
27.672,-23432.0,2.869797559514502,153066,2.844266052993732,152099.4006801525,2.85995,2.8370284449040684
27.677,-23440.0,2.873492776072705,153193,2.847503217016186,152221.19426194427,2.86314,2.8448859647606355
27.681,-23448.0,2.8771879926309083,153320,2.8507945387862508,152343.60342352497,2.86647,2.842197296909468
27.685,-23456.0,2.8808832091891112,153451,2.8541336149737453,152466.7918515343,2.86964,2.854755222018375
27.69,-23464.0,2.8845784257473146,153583,2.85751479934492,152590.9629965531,2.87294,2.865781847709101
27.694,-23469.0,2.8868879360961914,153718,2.860851193902601,152716.23713682708,2.87627,2.8754894036087753
27.698,-23473.0,2.888735544375293,153853,2.864038868568247,152842.66121213086,2.87945,2.8750924756260052
27.703,-23481.0,2.8924307609334963,153993,2.867177326552502,152970.39484711923,2.88278,2.871702874253935
27.707,-23489.0,2.896125977491699,154134,2.870381612772547,153099.63791065617,2.8860900000000003,2.853246862060781
27.711,-23498.0,2.900283096119678,154278,2.873671250488664,153230.4484053566,2.88939,2.888290704179778
27.716,-23504.0,2.90305450853833,154428,2.8769815352877464,153363.1730628954,2.89268,2.88040299724161
27.72,-23514.0,2.907673529236084,154578,2.880337332414413,153497.9402670066,2.89599,2.877463535403197
27.725,-23520.0,2.9104449416547364,154733,2.8837332607279462,153634.80410460243,2.89928,2.875610379276647
27.729,-23526.0,2.9132163540733886,154890,2.887055349532747,153773.930502435,2.90261,2.872312512375464
27.733,-23533.0,2.9164496685618166,155046,2.8903396356762223,153915.1110645562,2.90595,2.9049250493371677
27.738,-23537.0,2.918297276840918,155209,2.893535975851804,154058.4576216574,2.90928,2.8935237173986943
27.742,-23547.0,2.922916297538672,155375,2.8967366876776808,154204.30525174085,2.91262,2.9036181907379977
27.747,-23556.0,2.9270734161666505,155544,2.9000777865138674,154352.7129453401,2.91594,2.9109983361766387
27.751,-23563.0,2.930306730655078,155725,2.903460754386281,154504.26477483215,2.91926,2.9088642371376725
27.756,-23571.0,2.934001947213281,155911,2.9068533344697736,154659.59398971108,2.92273,2.91041127598321
27.76,-23579.0,2.9376971637714844,156104,2.910281696714778,154818.9633803598,2.92622,2.9237739447470843
27.765,-23583.0,2.939544772050586,156293,2.913632384631815,154982.0726096172,2.92971,2.9222675697021088
27.769,-23592.0,2.9437018906785646,156486,2.916941888477358,155148.4794984325,2.93305,2.917182866846188
27.774,-23596.0,2.945549498957666,156684,2.920215077641652,155318.32620528128,2.9363900000000003,2.920181362810191
27.778,-23604.0,2.9492447155158694,156885,2.923428939335347,155491.6789631634,2.93973,2.9206360361880286
27.782,-23611.0,2.952478030004297,157090,2.926672407474476,155668.53705663618,2.9429,2.914798957194215
27.787,-23620.0,2.956635148632276,157306,2.9299692879952723,155849.37279402668,2.9462200000000003,2.9127096890110913
27.791,-23627.0,2.959868463120704,157528,2.9333132656957464,156034.7208751787,2.94954,2.9232850202966256
27.795,-23635.0,2.963563679678906,157758,2.936671465602281,156224.8754276173,2.95272,2.9272684373845026
27.8,-23641.0,2.966335092097559,157997,2.9400148997070223,156420.2731549524,2.95607,2.9421657048735605
27.804,-23648.0,2.9695684065859864,158239,2.943318007393278,156621.00354024477,2.95941,2.9385714791087656
27.808,-23654.0,2.9723398190046386,158496,2.9465855566468657,156827.50019092867,2.96259,2.9569372800041482
27.813,-23662.0,2.976035035562842,158764,2.949849058160017,157040.61838613174,2.96594,2.9611354590137413
27.817,-23668.0,2.978806447981494,159036,2.953108990516492,157260.46198985755,2.96928,2.9684989490640254
27.821,-23676.0,2.982501664539697,159323,2.956365775714798,157487.35905536034,2.9725900000000003,2.967073986785132
27.826,-23684.0,2.9861968810979005,159621,2.9596743987550123,157722.01267036717,2.97591,2.9681577105334975
27.83,-23692.0,2.9898920976561034,159917,2.9630287306005294,157964.03779741545,2.97925,2.966619820265649
27.835,-23696.0,2.9917397059352053,160211,2.9663141410871776,158212.3263977011,2.98259,2.9699683589576003
27.839,-23705.0,2.995896824563184,160507,2.969566085565924,158466.13791075072,2.98593,2.981019490388861
27.843,-23711.0,2.998668236981836,160797,2.972843133779824,158724.58286651672,2.98928,2.986488823876259
27.848,-23717.0,3.0014396494004885,161080,2.976060398249188,158986.34490468318,2.99261,2.9895458919752285
27.852,-23726.0,3.0055967680284668,161358,2.9793068668375007,159250.32242192354,2.9959100000000003,2.992755614620349
27.856,-23732.0,3.0083681804471194,161634,2.98257908660175,159515.83964974186,2.99923,2.9964986709472665
27.861,-23741.0,3.0125252990750977,161904,2.985874012856931,159782.24160159423,3.00257,2.9973234607874897
27.865,-23750.0,3.0166824177030764,162165,2.98927088025046,160048.53691135434,3.00586,3.005456055172597
27.87,-23754.0,3.018530025982178,162437,2.992621103551563,160314.85642262298,3.0091900000000003,3.0025592501768865
27.874,-23761.0,3.021763340470605,162698,2.995875584818465,160581.19727393973,3.01267,3.000270264211331
27.879,-23767.0,3.0245347528892577,162951,2.9991002569874183,160846.43371161705,3.01615,3.0009135326315617
27.883,-23775.0,3.028229969447461,163197,3.002325950979242,161109.8095548134,3.01961,3.0051140188933823
27.888,-23782.0,3.0314632839358886,163438,3.0055798524271564,161370.8353817663,3.02293,3.010928434940797
27.892,-23790.0,3.035158500494092,163667,3.0088586262283767,161628.7840504077,3.02638,3.0148892352364745
27.897,-23797.0,3.0383918149825195,163887,3.012159331605312,161882.77792257318,3.02971,3.0150857332951007
27.901,-23806.0,3.0425489336104983,164101,3.015506681930843,162132.3978318512,3.03285,3.0151950933280665
27.905,-23813.0,3.045782248098926,164311,3.0188951621490414,162377.56975887224,3.03616,3.0334629466052947
27.91,-23820.0,3.0490155625873534,164519,3.022265296379007,162618.46490552137,3.03932,3.0386403074877757
27.914,-23824.0,3.050863170866456,164722,3.025537334410182,162855.1751142666,3.0426200000000003,3.0378106112829903
27.918,-23830.0,3.0536345832851075,164921,3.028695568178271,163087.6631338056,3.04577,3.0445232954300354
27.923,-23840.0,3.0582536039828616,165124,3.0319172919964053,163316.4281738131,3.04906,3.0465234476489056
27.927,-23847.0,3.061486918471289,165317,3.035222305579778,163541.55571562573,3.05235,3.048567040739089
27.931,-23855.0,3.065182135029492,165509,3.0385461482836043,163762.8255467246,3.05563,3.0424961080834962
27.936,-23862.0,3.06841544951792,165696,3.0418865938506903,163980.33907836,3.0589,3.0453640850728
27.94,-23866.0,3.0702630577970216,165882,3.045132453451951,164194.1857314439,3.06201,3.0506377536470684
27.944,-23873.0,3.073496372285449,166067,3.0482949104396546,164404.68082381476,3.06529,3.050914873931199
27.949,-23878.0,3.0758058826343264,166246,3.0514111323529463,164611.80680478396,3.06839,3.0565887867185646
27.953,-23886.0,3.0795010991925293,166426,3.054513892234604,164815.66643355985,3.07167,3.066068959957949
27.957,-23896.0,3.0841201198902835,166600,3.0577413140063663,165016.35031963675,3.07492,3.0714651078560884
27.962,-23901.0,3.0864296302391603,166775,3.060996738950513,165213.9383593141,3.07818,3.073559921768004
27.966,-23909.0,3.090124846797363,166946,3.064222243221225,165408.61923716363,3.08129,3.080917927515656
27.97,-23915.0,3.092896259216016,167119,3.0674486709314266,165600.61844607283,3.08456,3.0815297338181837
27.975,-23922.0,3.0961295737044434,167293,3.0706486064502005,165790.43040481117,3.0876900000000003,3.0866304194449907
27.979,-23928.0,3.098900986123096,167460,3.073825182076367,165977.95901806926,3.0911,3.088903038978765
27.983,-23934.0,3.1016723985417483,167628,3.076953853313799,166163.11955234697,3.09436,3.0728849290249816
27.988,-23941.0,3.104905713030176,167793,3.08006759057631,166346.0737621819,3.09762,3.0689366094490147
27.992,-23950.0,3.1090628316581546,167960,3.0832500789240767,166527.02339449464,3.10089,3.0987541481451535
27.997,-23959.0,3.113219950286133,168121,3.086547802483111,166705.96899050754,3.10417,3.079342811710827
28.001,-23965.0,3.115991362704785,168286,3.089865217097132,166883.0292622465,3.1072800000000003,3.080944612878696
28.005,-23972.0,3.119224677193213,168450,3.093145381701816,167058.60447283278,3.1106800000000003,3.0916569980597934
28.01,-23977.0,3.12153418754209,168609,3.096365394096137,167232.51550378243,3.11394,3.09766727994384
28.014,-23983.0,3.124305599960742,168766,3.099505059916112,167404.54529725134,3.11703,3.108363024569838
28.018,-23991.0,3.128000816518945,168928,3.102655798267193,167575.09363315956,3.12027,3.1079706895486856
28.023,-23996.0,3.1303103268678223,169084,3.105788993542698,167744.27655394044,3.1234900000000003,3.1123775711801995
28.027,-24005.0,3.134467445495801,169241,3.1089340263928062,167911.95991218425,3.12656,3.116957515987041
28.031,-24012.0,3.1377007599842286,169403,3.112144110100789,168078.67571274465,3.12977,3.1225441122771
28.036,-24019.0,3.140934074472656,169561,3.1153569404953334,168244.59747200328,3.133,3.1294173840614223
28.04,-24025.0,3.143705486891309,169720,3.118544886374278,168409.64172107828,3.13621,3.134466143249771
28.045,-24031.0,3.146476899309961,169878,3.121683583504983,168573.91221220625,3.13943,3.1331273267636437
28.049,-24038.0,3.149710213798389,170036,3.1248061612513327,168737.4413131019,3.14249,3.1337049947452478
28.053,-24046.0,3.153405430356592,170198,3.1279691383819057,168900.55315147704,3.1457,3.136973113251714
28.058,-24052.0,3.156176842775244,170366,3.131140431835558,169063.88823625457,3.1489000000000003,3.1428847526439663
28.062,-24060.0,3.1598720593334475,170529,3.134319058333535,169227.4792893394,3.15227,3.151473366471818
28.067,-24069.0,3.164029177961426,170692,3.13758607019956,169391.00045938397,3.15548,3.150093029092654
28.071,-24075.0,3.166800590380078,170854,3.1408764043112942,169554.40089159776,3.15869,3.1492389787327326
28.075,-24080.0,3.169110100728956,171019,3.1440780773748487,169717.81309618836,3.16193,3.150838104121196
28.08,-24087.0,3.172343415217383,171187,3.147228878659307,169881.59038563585,3.16516,3.155291395427041
28.084,-24095.0,3.176038631775586,171353,3.150416742323749,170045.74871160448,3.16839,3.164134005551294
28.089,-24100.0,3.178348142124463,171516,3.153582673408805,170209.9474353321,3.1716100000000003,3.167145119944967
28.093,-24107.0,3.1815814566128906,171690,3.1567019586602605,170374.65471957755,3.17484,3.1584851967182033
28.098,-24115.0,3.185276673171094,171858,3.1598620325833986,170540.10602177947,3.1782,3.1558377027193814
28.102,-24123.0,3.188971889729297,172029,3.1630853789862265,170706.0360209351,3.18141,3.1625367563081226
28.106,-24129.0,3.191743302147949,172207,3.166309903963611,170872.97929238272,3.18461,3.1620893627999545
28.111,-24137.0,3.1954385187061525,172386,3.169535468167031,171041.28897126022,3.18796,3.1685231020958717
28.115,-24144.0,3.19867183319458,172564,3.172789255172047,171210.80350066544,3.19116,3.179287700324162
28.12,-24150.0,3.2014432456132327,172742,3.1760133151650254,171381.32130794594,3.19451,3.1857778351746817
28.124,-24155.0,3.203752755962109,172918,3.1791565500166605,171552.605535953,3.1977,3.190406727779601
28.129,-24163.0,3.2074479725203124,173095,3.1822831289674376,171724.50644969183,3.20089,3.1941077658858914
28.133,-24171.0,3.211143189078516,173282,3.1854769406690915,171897.60142682327,3.20409,3.196986385685917
28.138,-24179.0,3.2148384056367187,173462,3.188730035871113,172071.92663969932,3.20728,3.1992017122402823
28.142,-24187.0,3.218533622194922,173647,3.192035405200996,172247.2183968542,3.2103200000000003,3.20081307632003
28.146,-24193.0,3.2213050346135743,173836,3.19533225514148,172423.89447570033,3.21349,3.2018388902307566
28.151,-24198.0,3.223614544962451,174030,3.198539673636107,172602.32325782345,3.21668,3.2017010809649955
28.155,-24205.0,3.226847859450879,174222,3.201695541041774,172782.47486490343,3.21987,3.1904487074315955
28.159,-24211.0,3.229619271869532,174419,3.204833258939147,172964.32295127725,3.22305,3.2118207103570513
28.164,-24219.0,3.2333144884277343,174616,3.2079822796798547,173147.9625210507,3.22624,3.215520978640659
28.168,-24224.0,3.235623998776612,174816,3.2111139604262964,173333.35911074388,3.22928,3.223229254656739
28.172,-24232.0,3.2393192153348145,175020,3.214230351369137,173520.71880124905,3.23244,3.2286979757488687
28.177,-24240.0,3.243014431893018,175228,3.217415179639884,173710.2824249239,3.23548,3.223962140190194
28.181,-24245.0,3.2453239422418947,175438,3.2205784342203936,173902.1441045669,3.23865,3.2186332314672983
28.185,-24251.0,3.248095354660547,175652,3.223668052975032,174096.38683438653,3.24167,3.23196211508964
28.189,-24258.0,3.251328669148975,175871,3.226747355117042,174293.2611479806,3.24484,3.240962554914364
28.194,-24265.0,3.2545619836374025,176090,3.2298448668772406,174492.75148756854,3.248,3.2287681568871793
28.198,-24273.0,3.2582572001956054,176291,3.2329857416933945,174693.4844346996,3.25101,3.2427950705854354
28.202,-24263.0,3.253638179497852,176390,3.235700642923429,174888.2189822328,3.25393,3.253368435224786
28.207,-24252.0,3.2485572567303223,176410,3.237521112950402,175066.96410077726,3.25627,3.250599657000664
28.211,-24247.0,3.2462477463814454,176372,3.238689436905335,175223.51121374022,3.2580400000000003,3.253406796880427
28.216,-24242.0,3.2439382360325686,176292,3.239446559834718,175354.5731580143,3.25929,3.2569247106008525
28.22,-24235.0,3.2407049215441406,176179,3.239786487110987,175458.72936248383,3.25997,3.252703376760368
28.224,-24230.0,3.238395411195264,176043,3.2397585457766143,175535.85044751907,3.26016,3.2582053388200034
28.229,-24222.0,3.234700194637061,175891,3.2393789242530846,175586.82732642075,3.25982,3.2567797882189913
28.233,-24215.0,3.231466880148633,175728,3.238634590478952,175613.15498430753,3.25895,3.257516252160838
28.237,-24209.0,3.2286954677299806,175555,3.237623279028833,175616.5063514239,3.25761,3.25761
28.242,-24201.0,3.225000251171777,175374,3.236349249505249,175598.53391164227,3.2556700000000003,3.257107256690926
28.246,-24194.0,3.2217669366833497,175190,3.234816257877492,175561.10858952557,3.25318,3.257004982975111
28.25,-24189.0,3.219457426334473,175007,3.2331368418215423,175506.41215783166,3.25031,3.255965485097584
28.254,-24183.0,3.21668601391582,174822,3.2313556202478733,175436.42754526137,3.24715,3.252094374766583
28.259,-24175.0,3.2129907973576173,174632,3.2294027107662764,175352.54852496268,3.24418,3.256188359355525
28.263,-24169.0,3.210219384938965,174447,3.227298412861329,175256.41789938338,3.24107,3.2466940636743393
28.268,-24162.0,3.206986070450537,174264,3.225087932360452,175149.8980563429,3.23794,3.240172599567599
28.272,-24155.0,3.203752755962109,174081,3.2227565172928565,175034.33559763167,3.23497,3.241547041988132
28.276,-24148.0,3.200519441473681,173897,3.220318466332234,174910.74055766125,3.23185,3.2421264608543803
28.28,-24143.0,3.1982099311248047,173718,3.217841000448,174780.29913661905,3.22886,3.234086028770089
28.285,-24136.0,3.194976616636377,173540,3.215328779855561,174644.17551935132,3.22573,3.2303622984217215
28.289,-24131.0,3.1926671062875003,173355,3.2127859137707144,174502.6868347787,3.2226,3.2256222059483135
28.293,-24122.0,3.188509987659521,173181,3.2101614126604927,174356.70389012326,3.21948,3.2256106877536563
28.298,-24115.0,3.185276673171094,173009,3.2074103157289,174207.5265894708,3.2165,3.219472007183855
28.302,-24107.0,3.1815814566128906,172832,3.2045748974551485,174055.3552646551,3.2133700000000003,3.2221866525779026
28.306,-24102.0,3.1792719462640138,172662,3.201719740452308,173900.66214830388,3.21024,3.218213343509931
28.311,-24095.0,3.176038631775586,172493,3.1988744849732007,173744.21834310153,3.20724,3.2154590674236925
28.315,-24089.0,3.1732672193569336,172326,3.196010653864962,173586.40819357763,3.20409,3.210658530773773
28.319,-24081.0,3.16957200279873,172158,3.1931031369650538,173427.45236657024,3.20108,3.20222821204897
28.324,-24077.0,3.167724394519629,171996,3.1902117123505698,173267.78190800885,3.19793,3.2034012680174064
28.328,-24069.0,3.164029177961426,171830,3.187334477353444,173107.59954700354,3.19481,3.205271556605615
28.332,-24060.0,3.1598720593334475,171664,3.184333222025987,172946.72933864495,3.19167,3.2059859540623057
28.337,-24053.0,3.1566387448450195,171499,3.181249916334756,172785.3117278213,3.18853,3.1889407450770078
28.341,-24050.0,3.1552530386356934,171336,3.1782581001771097,172623.58878874307,3.18539,3.1974689683970783
28.346,-24043.0,3.152019724147266,171176,3.175346956306812,172461.89220882105,3.18224,3.193528359894335
28.35,-24036.0,3.148786409658838,171018,3.172397720659561,172300.514458473,3.17923,3.1872889823956996
28.354,-24029.0,3.1455530951704103,170862,3.169414897008793,172139.65431053936,3.17607,3.1783236261193313
28.359,-24022.0,3.1423197806819827,170705,3.1664024566252142,171979.3096838024,3.17307,3.1779812212828706
28.363,-24015.0,3.1390864661935547,170548,3.1633639012371533,171819.3605083216,3.16994,3.1780621152480713
28.367,-24008.0,3.135853151705127,170391,3.160302318546809,171659.76002799888,3.16695,3.1736901043288457
28.372,-24002.0,3.1330817392864745,170233,3.1572477376307817,171500.40789753624,3.16381,3.1646253287426456
28.376,-23996.0,3.1303103268678223,170075,3.154226637083959,171341.21563594148,3.16065,3.17053014174125
28.38,-23990.0,3.12753891444917,169917,3.151235058361755,171182.16434115183,3.15749,3.171808812720828
28.385,-23981.0,3.123381795821192,169762,3.1481875916125777,171023.41469817833,3.15433,3.162442982796171
28.389,-23976.0,3.1210722854723145,169608,3.1451181511940707,170865.16751087012,3.15117,3.156924298419063
28.393,-23966.0,3.1164532647745604,169450,3.142002028710281,170707.1860192924,3.14815,3.1617884939209313
28.398,-23961.0,3.114143754425684,169296,3.1388447436056235,170549.43880896491,3.14502,3.1503839524404427
28.402,-23954.0,3.110910439937256,169138,3.135733082078847,170391.89817969213,3.14199,3.155199127682706
28.406,-23949.0,3.108600929588379,168981,3.132661649835579,170234.36235421308,3.13883,3.1559767319692336
28.411,-23943.0,3.1058295171697266,168826,3.1296529968229727,170077.00811674452,3.13565,3.1426096411849693
28.415,-23936.0,3.102596202681299,168670,3.126645087455093,169919.8731146627,3.13246,3.139250284445883
28.419,-23929.0,3.099362888192871,168516,3.12361052735902,169762.99054411412,3.12929,3.140275450644805
28.424,-23921.0,3.095667671634668,168363,3.120525161129896,169606.50791110052,3.1262600000000003,3.1311359919199795
28.428,-23914.0,3.0924343571462405,168204,3.1173949958204417,169450.0823421023,3.12325,3.1295971067929425
28.432,-23907.0,3.0892010426578125,168046,3.1142526346889694,169293.41150318008,3.11993,3.1289669054714166
28.437,-23901.0,3.0864296302391603,167886,3.111126826154232,169136.46527637556,3.11692,3.12013830028737
28.441,-23895.0,3.083658217820508,167722,3.108042919571587,168978.9215177339,3.11374,3.11989913178075
28.445,-23889.0,3.0808868054018554,167563,3.104995960672324,168820.90999370668,3.11056,3.119331629959725
28.45,-23881.0,3.0771915888436525,167402,3.101926968058201,168662.66336263073,3.10753,3.112019190266095
28.454,-23874.0,3.0739582743552245,167241,3.0988112404327364,168504.0911875448,3.1043700000000003,3.109052779040655
28.458,-23867.0,3.070724959866797,167077,3.0956816099486484,168345.05460688582,3.1012,3.1102955511377965
28.463,-23860.0,3.0674916453783694,166909,3.0925397204075744,168185.19470776938,3.09805,3.1057485896280452
28.467,-23853.0,3.0642583308899414,166741,3.089387021256603,168024.37236549464,3.09489,3.0961275193429842
28.471,-23847.0,3.061486918471289,166573,3.086252097015981,167862.70137433102,3.09173,3.098369392273804
28.476,-23843.0,3.059639310192188,166400,3.0832147654175435,167699.9864871186,3.08871,3.0994261375511765
28.48,-23835.0,3.0559440936339843,166231,3.080208874718783,167536.29201129513,3.08555,3.102802032532758
28.484,-23829.0,3.053172681215332,166059,3.0771760946149,167371.7928857166,3.0824,3.104089262613831
28.489,-23819.0,3.048553660517578,165881,3.0740649914727176,167206.05219140474,3.0794,3.0852772677013167
28.493,-23813.0,3.045782248098926,165703,3.070884825800603,167038.86202059945,3.07626,3.0816913583984498
28.497,-23807.0,3.0430108356802736,165521,3.067752988985569,166870.15728226682,3.07325,3.0746400338793163
28.501,-23799.0,3.0393156191220703,165339,3.064609153978637,166699.88058139803,3.0701,3.0755107827371297
28.506,-23794.0,3.037006108773193,165150,3.0614820458318013,166527.803956879,3.06694,3.098257029176341
28.51,-23788.0,3.034234696354541,164963,3.0584242997446665,166353.84463532612,3.06394,3.0669111515738487
28.514,-23781.0,3.031001381866113,164774,3.055373101811855,166178.22521703702,3.0608,3.0749060334147793
28.519,-23775.0,3.028229969447461,164577,3.0523276778136834,166000.55080923438,3.05765,3.0894976183754097
28.523,-23766.0,3.0240728508194823,164377,3.0492327321736976,165820.41409180994,3.05464,3.071127432634668
28.527,-23759.0,3.0208395363310547,164172,3.046066813624822,165637.63325625728,3.0514900000000003,3.0760170463819785
28.532,-23753.0,3.0180681239124025,163966,3.042920232979095,165452.16622495625,3.04832,3.048698735313716
28.536,-23749.0,3.016220515633301,163759,3.03987262316822,165264.21236491532,3.0453,3.0588893588458843
28.54,-23742.0,3.012987201144873,163542,3.0368849759476,165073.4154144486,3.04213,3.048327103721976
28.545,-23733.0,3.0088300825168948,163323,3.033813669411484,164879.40211700008,3.03897,3.0478453265806498
28.549,-23728.0,3.006520572168017,163103,3.0307232078983573,164682.37540450314,3.03581,3.037039171009657
28.553,-23719.0,3.002363453540039,162872,3.027615856192998,164481.9821586986,3.0327900000000003,3.039315402944295
28.558,-23713.0,2.999592041121387,162627,3.024466304855581,164277.14248602555,3.02964,3.035714545376986
28.562,-23708.0,2.9972825307725097,162384,3.0213887691439,164067.6727000834,3.02647,3.0313242900562756
28.567,-23701.0,2.994049216284082,162137,3.018347427856978,163854.00200656996,3.0232900000000003,3.0299495439276463
28.571,-23694.0,2.990815901795654,161886,3.0152833886579544,163636.15415975073,3.02011,3.027472650412106
28.575,-23689.0,2.9885063914467773,161608,3.012253948126285,163412.79040516927,3.01696,3.024640350728274
28.58,-23681.0,2.9848111748885744,161341,3.0092277090473942,163183.61703668942,3.01365,3.014571006431254
28.584,-23673.0,2.981115958330371,161062,3.0061223735534552,162949.26183542135,3.01049,3.0129510491004847
28.589,-23666.0,2.9778826438419435,160770,3.0029746000411155,162708.85953936583,3.00731,3.0075198660061013
28.593,-23659.0,2.974649329353516,160479,2.9998167126090136,162462.41571676542,3.00415,3.010659405965503
28.598,-23651.0,2.9709541127953125,160195,2.9966226006261407,162211.11762545147,3.00083,3.0096261934088107
28.602,-23646.0,2.968644602446436,159913,2.9934511599913027,161956.0712654666,2.9978,3.0080551934246005
28.607,-23639.0,2.965411287958008,159636,2.9903270166105527,161698.1336343704,2.99461,3.0066604954132448
28.611,-23632.0,2.96217797346958,159364,2.9871899654062792,161438.2377549841,2.9914300000000003,3.005300150892711
28.615,-23626.0,2.959406561050928,159105,2.984068838980587,161177.67927354653,2.98824,3.003094839655106
28.62,-23619.0,2.9561732465625,158846,2.9809617544705467,160917.30505884203,2.98506,2.999175972797386
28.624,-23611.0,2.952478030004297,158594,2.977812438736666,160657.50714591335,2.98187,2.9938325688121763
28.628,-23603.0,2.9487828134460936,158345,2.9745985785307942,160398.80856981262,2.97868,2.988089821069389
28.633,-23597.0,2.9460114010274414,158109,2.971382418151816,160142.0252290346,2.97549,2.9836955544244304
28.637,-23591.0,2.943239988608789,157881,2.968218842456701,159888.17214147,2.97229,2.980909021020814
28.642,-23584.0,2.940006674120361,157660,2.9650743276579017,159637.78961019276,2.96909,2.9713792939686385
28.646,-23578.0,2.937235261701709,157446,2.9619466200942512,159391.29493825635,2.9659,2.9683510614148942
28.65,-23570.0,2.933540045143506,157219,2.9588064261175115,159147.8737410244,2.96273,2.9629576298153397
28.655,-23564.0,2.930768632724853,157019,2.9556552220561727,158907.99027040988,2.95938,2.9636582420096067
28.659,-23556.0,2.9270734161666505,156821,2.952494309685329,158672.9406485576,2.9562,2.9586181314191333
28.664,-23549.0,2.9238401016782225,156630,2.949297530416726,158442.68540292757,2.9530000000000003,2.967858735454095
28.668,-23543.0,2.9210686892595703,156441,2.946123737862139,158217.1897280076,2.94983,2.968990357891984
28.672,-23535.0,2.917373472701368,156257,2.9429429077439133,157996.30469871312,2.94664,2.9497854889763833
28.677,-23532.0,2.9159877664920413,156080,2.939837791491656,157780.19458507368,2.94345,2.94664092060208
28.681,-23524.0,2.912292549933838,155905,2.9367994370919552,157568.82688249313,2.9404,2.945959257161877
28.686,-23518.0,2.9095211375151857,155729,2.9337380316261537,157361.69999037014,2.93708,2.962569190876594
28.69,-23509.0,2.905364018887207,155552,2.930628994084085,157158.1942625552,2.93389,2.9499802723453596
28.695,-23502.0,2.9021307043987794,155389,2.9274506497862784,156958.6500775959,2.93042,2.9356886889383085
28.699,-23494.0,2.898435487840576,155231,2.9242384996510213,156763.72227383667,2.92723,2.936563431454627
28.704,-23486.0,2.894740271282373,155069,2.920969234256332,156572.92415179065,2.92406,2.925587261969768
28.708,-23480.0,2.891968858863721,154912,2.91770421950967,156385.82655678494,2.92072,2.934591658129367
28.713,-23474.0,2.8891974464450683,154757,2.914497565733015,156202.40577954613,2.9174100000000003,2.9242882206417935
28.717,-23467.0,2.8859641319566407,154612,2.9113150661808094,156022.93650104903,2.9142200000000003,2.9172320738123525
28.722,-23460.0,2.882730817468213,154471,2.908126558535043,155847.77916021456,2.91104,2.911970622574484
28.726,-23456.0,2.8808832091891112,154334,2.905014672506139,155676.89687515717,2.90787,2.9112495812056602
28.73,-23448.0,2.8771879926309083,154191,2.901943042304707,155509.66595073906,2.90483,2.9186714272148717
28.735,-23440.0,2.873492776072705,154056,2.898797682498289,155345.77290387888,2.90152,2.9200250730713386
28.739,-23433.0,2.8702594615842774,153917,2.895614616939848,155185.05955089803,2.89838,2.91108434680742
28.744,-23424.0,2.866102342956299,153780,2.8923709973129994,155027.031706548,2.89495,2.8982289198561504
28.748,-23418.0,2.8633309305376464,153649,2.889101289663841,154871.84478944622,2.89182,2.9015365468245244
28.753,-23412.0,2.8605595181189942,153523,2.8858904978490525,154719.81319451405,2.8887,2.913984061476109
28.757,-23407.0,2.8582500077701174,153396,2.88275896241528,154570.8003224717,2.88558,2.891591661746781
28.762,-23398.0,2.8540928891421387,153274,2.879615393155857,154424.6857248273,2.88245,2.914493306841781
28.766,-23392.0,2.8513214767234865,153155,2.8764339064394524,154281.59966388138,2.87933,2.8974917778167386
28.77,-23386.0,2.8485500643048343,153036,2.87330090477353,154141.36141341095,2.87623,2.9034465482512326
28.775,-23380.0,2.8457786518861816,152917,2.87021065553809,154003.6342631286,2.87312,2.8773407017471935
28.779,-23371.0,2.841621533258204,152802,2.8670761845635715,153868.3577832084,2.87017,2.874433660275108
28.783,-23365.0,2.8388501208395507,152684,2.863902720398221,153735.3013365402,2.86707,2.874908021195999
28.788,-23360.0,2.836540610490674,152571,2.860804099186913,153604.3206727427,2.8639900000000003,2.8827715778924676
28.792,-23355.0,2.834231100141797,152456,2.8577987783365644,153475.3477142463,2.86103,2.8819547802102154
28.796,-23347.0,2.8305358835835936,152345,2.854793807153421,153348.26331522138,2.85792,2.8823256684754495
28.801,-23341.0,2.827764471164941,152237,2.851761837846414,153223.25800400833,2.8548,2.886499821145247
28.805,-23333.0,2.8240692546067385,152128,2.848706062533181,153100.20419488102,2.8517,2.852807007968427
28.809,-23327.0,2.821297842188086,152020,2.845629295911985,152978.87115239067,2.84876,2.8695062925312897
28.814,-23319.0,2.817602625629883,151913,2.8425340198858176,152859.17365684177,2.84567,2.8710743672236427
28.818,-23314.0,2.815293115281006,151807,2.8394497293586167,152741.0365644721,2.84272,2.869379536548755
28.822,-23308.0,2.812521702862353,151700,2.8364297383586417,152624.27538133177,2.83964,2.8486424276834543
28.827,-23301.0,2.809288388373926,151595,2.833411831548004,152508.78654447274,2.83655,2.8527293010938557
28.831,-23295.0,2.8065169759552737,151491,2.8303957625030045,152394.59697048573,2.8336,2.8563745057203636
28.835,-23289.0,2.803745563536621,151383,2.827408620384038,152281.37568909925,2.83049,2.8593530617374583
28.84,-23280.0,2.799588444908643,151277,2.8243650656772243,152168.88997964145,2.8274,2.8529037981836227
28.844,-23275.0,2.797278934559765,151171,2.821299074761554,152057.17110671106,2.82434,2.8363034590686436
28.848,-23268.0,2.794045620071338,151065,2.818267913274056,151946.12840354856,2.82126,2.824819265484445
28.853,-23262.0,2.7912742076526857,150962,2.815240156716196,151835.85927555247,2.81833,2.8445745196403713
28.857,-23258.0,2.789426599373584,150856,2.8122973218515304,151726.27225922165,2.81525,2.8258906192475948
28.861,-23250.0,2.785731382815381,150751,2.809374755084608,151617.16847042838,2.81218,2.8294714863370283
28.866,-23243.0,2.7824980683269533,150643,2.806388140676335,151508.37254006902,2.8091,2.814105040345049
28.87,-23237.0,2.7797266559083007,150534,2.8033996641829253,151399.61159897497,2.80602,2.8239063059795857
28.875,-23230.0,2.776493341419873,150429,2.800409545767633,151291.05886239,2.8028,2.8093383069587885
28.879,-23223.0,2.7732600269314456,150322,2.7973906731145166,151182.80794809153,2.79988,2.8223473374641843
28.884,-23216.0,2.7700267124430176,150216,2.794346445974988,151074.764052786,2.79681,2.8031231486124906
28.888,-23209.0,2.76679339795459,150110,2.791279862131548,150966.96181702265,2.7936,2.8068020362896253
28.892,-23204.0,2.7644838876057127,150003,2.788248177820972,150859.3135508377,2.79054,2.8236387139708112
28.897,-23198.0,2.7617124751870605,149900,2.7852745731523902,150751.9784018619,2.7874600000000003,2.795479956298962
28.901,-23192.0,2.7589410627684083,149794,2.782324874643006,150644.97846614374,2.78453,2.794212158441035
28.905,-23183.0,2.7547839441404296,149687,2.779314336408276,150538.03764022267,2.78145,2.8046837854341353
28.91,-23177.0,2.7520125317217774,149578,2.7762501518206464,150430.97158307166,2.7784,2.792297805224382
28.914,-23170.0,2.74877921723335,149471,2.7731932766421257,150323.79510137945,2.77535,2.781326041866151
28.919,-23164.0,2.746007804814697,149364,2.770142846646227,150216.6394859639,2.77231,2.7791747896468997
28.923,-23160.0,2.744160196535596,149255,2.767180019132818,150109.38403491024,2.76939,2.794327972772037
28.927,-23152.0,2.740464979977393,149147,2.7642398235438765,150001.98143486716,2.76635,2.785690025812225
28.932,-23147.0,2.7381554696285155,149039,2.761292277550216,149894.5082013627,2.76332,2.7746676997929294
28.936,-23140.0,2.734922155140088,148929,2.758365556673667,149786.85445093486,2.76029,2.770108151154801
28.94,-23131.0,2.730765036512109,148816,2.7553479728678294,149678.74593997776,2.75725,2.776425056079483
28.945,-23125.0,2.727993624093457,148704,2.752277575740748,149570.11820221442,2.75423,2.781633828748835
28.949,-23118.0,2.724760309605029,148588,2.749215222561103,149460.85527612746,2.75136,2.7586895275661076
28.953,-23114.0,2.722912701325928,148474,2.746214575150895,149350.91402828318,2.74833,2.7755938090573107
28.958,-23109.0,2.7206031909770507,148359,2.743322950637608,149240.43377731284,2.74532,2.7461208679233846
28.962,-23102.0,2.717369876488623,148243,2.740445539376673,149129.3600173456,2.74231,2.7575946866466277
28.967,-23094.0,2.71367465993042,148128,2.7374987415223986,149017.762921796,2.7393,2.74694664541866
28.971,-23089.0,2.711365149581543,148010,2.734545373880892,148905.58613234438,2.73643,2.745783025286229
28.975,-23081.0,2.70766993302334,147889,2.7315862132296003,148792.54348459566,2.73343,2.7624544771961643
28.98,-23073.0,2.7039747164651367,147769,2.728540025159132,148678.61911833315,2.73042,2.7501358729789898
28.984,-23067.0,2.7012033040464845,147644,2.7254717122350187,148563.6808137747,2.72755,2.7286781209214768
28.988,-23062.0,2.698893793697608,147518,2.722465809729508,148447.49374932208,2.72454,2.7380357120325387
28.993,-23058.0,2.6970461854185057,147391,2.7195695514560327,148330.08733705038,2.72153,2.7466824561766003
28.997,-23051.0,2.693812870930078,147262,2.716715360754833,148211.42839410657,2.71864,2.7277501092762875
29.001,-23042.0,2.6896557523021,147131,2.713761731533938,148091.4285436079,2.71549,2.748382462114587
29.006,-23034.0,2.6859605357438965,146999,2.710693114438091,147970.06897529186,2.71261,2.719099469060374
29.01,-23028.0,2.6831891233252443,146859,2.7076050243798147,147846.97839853863,2.70959,2.7141248187573486
29.014,-23022.0,2.680417710906592,146720,2.7045543766373026,147721.94765699367,2.70656,2.715682082133422
29.019,-23016.0,2.6776462984879394,146579,2.701536744226032,147595.1470282457,2.7035400000000003,2.703135707716931
29.023,-23010.0,2.6748748860692872,146428,2.6985482235850844,147466.0763657759,2.7005,2.7036882349862847
29.028,-23005.0,2.6725653757204104,146283,2.695612679138506,147334.7675969659,2.69747,2.7154413231758294
29.032,-22997.0,2.668870159162207,146134,2.692669234360345,147201.6035786547,2.69445,2.699385040462108
29.036,-22990.0,2.6656368446737795,145982,2.689664210448209,147066.3898441044,2.69142,2.71070549647261
29.041,-22984.0,2.662865432255127,145828,2.6866595010948497,146929.0731541069,2.6884,2.6980689633911488
29.045,-22977.0,2.6596321177667,145650,2.6836550691084744,146788.3650988347,2.68538,2.7024750880528803
29.05,-22970.0,2.656398803278272,145487,2.6806235752464165,146644.13459908843,2.68209,2.696677932972789
29.054,-22963.0,2.653165488789844,145321,2.6775682191639967,146497.50753913727,2.67908,2.6813763773313752
29.059,-22959.0,2.6513178805107422,145150,2.6745737415506587,146348.29433660593,2.67609,2.688343142327324
29.063,-22953.0,2.64854646809209,144976,2.6716602509013363,146196.3278243524,2.67307,2.674610645422045
29.067,-22947.0,2.6457750556734374,144801,2.6687635588424747,146041.69706979717,2.67021,2.6823364546865895
29.072,-22940.0,2.64254174118501,144621,2.6658543727479382,145884.3623746976,2.66722,2.691539167006991
29.076,-22933.0,2.6393084266965823,144433,2.662906863399234,145723.87491274264,2.66424,2.6661735108652294
29.08,-22925.0,2.635613210138379,144240,2.65989825549022,145559.838924508,2.6612400000000003,2.6753263222304198
29.085,-22918.0,2.632379895649952,144043,2.6568357729966414,145392.14191269348,2.65825,2.6783536057702086
29.089,-22914.0,2.63053228737085,143843,2.653835011561907,145220.8029158891,2.65526,2.672408366882078
29.094,-22906.0,2.6268370708126465,143636,2.650861367161045,145045.6613694686,2.65228,2.6626700517351747
29.098,-22902.0,2.624989462533545,143429,2.64791163361712,144866.75304532386,2.64915,2.6521741907717167
29.103,-22893.0,2.6208323439055663,143224,2.644955677386626,144684.6415424413,2.64601,2.658881471779761
29.107,-22887.0,2.618060931486914,143029,2.641939621311158,144500.41499677126,2.6428700000000003,2.6436607485950554
29.112,-22879.0,2.614365714928711,142836,2.638897877731797,144315.03288873323,2.63987,2.6409498318808167
29.116,-22873.0,2.6115943025100585,142644,2.6358334838052966,144128.80919819907,2.63686,2.6372303293178376
29.121,-22867.0,2.6088228900914063,142457,2.6328037304872813,143942.19813388726,2.63383,2.647555261519031
29.125,-22859.0,2.6051276735332034,142268,2.629749909156037,143755.42284904924,2.63082,2.6359198553367706
29.129,-22851.0,2.601432456975,142087,2.626620252591693,143568.85746464992,2.62781,2.636910044038684
29.134,-22848.0,2.600046750765674,141908,2.623560259398672,143383.06833712838,2.62491,2.6369891262618945
29.138,-22842.0,2.5972753383470217,141725,2.620616305839029,143197.84545111703,2.62188,2.6496581593670543
29.142,-22835.0,2.5940420238585937,141552,2.617665446197562,143013.47656155165,2.61886,2.6396545209489624
29.147,-22830.0,2.591732513509717,141377,2.614735803461677,142830.33363551722,2.61598,2.6235254564494204
29.151,-22821.0,2.587575394881738,141198,2.6117702561584184,142647.91701708248,2.61295,2.6160763644749667
29.156,-22815.0,2.584803982463086,141023,2.608745743008707,142466.14083141735,2.60977,2.609795285591083
29.16,-22806.0,2.580646863835108,140851,2.605669235827303,142285.34317886672,2.60675,2.6132182391930394
29.164,-22801.0,2.5783373534862304,140684,2.602574188566116,142105.8813019481,2.60371,2.620243071733255
29.169,-22795.0,2.575565941067578,140518,2.599544712652392,141927.9519698883,2.60067,2.6101250483925513
29.173,-22790.0,2.5732564307187014,140350,2.5965730552713127,141751.3148651627,2.59762,2.615166627833607
29.178,-22781.0,2.5690993120907226,140190,2.5935704609158163,141576.17190592233,2.59457,2.602673006973645
29.182,-22777.0,2.567251703811621,140029,2.5905678938609653,141402.7602539642,2.59152,2.5948120936938834
29.186,-22768.0,2.5630945851836424,139869,2.5875653508788736,141230.87520852694,2.58861,2.606574749555466
29.191,-22762.0,2.56032317276499,139708,2.584508216226827,141060.3362716017,2.58554,2.609799187316657
29.195,-22753.0,2.556166054137012,139549,2.5814029445397253,140891.0434037221,2.58247,2.596428055312071
29.199,-22749.0,2.55431844585791,139392,2.57830984018651,140723.08574575992,2.57953,2.584325434038436
29.204,-22743.0,2.551547033439258,139233,2.57530938390967,140556.3054294444,2.57644,2.602566075261973
29.208,-22736.0,2.5483137189508303,139070,2.5723087021381845,140390.2085476428,2.57335,2.604184044957722
29.213,-22728.0,2.544618502392627,138907,2.5692532086368898,140224.4778250258,2.56997,2.5970761083485545
29.217,-22722.0,2.5418470899739747,138755,2.566176690507655,140059.72026020917,2.56675,2.5676063737541623
29.222,-22715.0,2.538613775485547,138603,2.563108940041291,139896.47108345182,2.5638,2.569321161068226
29.226,-22708.0,2.535380460997119,138450,2.5600216141467387,139734.49283340358,2.5607100000000003,2.576417600617435
29.23,-22699.0,2.531223342369141,138300,2.5568624144242573,139573.75347710052,2.55762,2.574813645108885
29.235,-22693.0,2.528451929950488,138148,2.5536671453093884,139414.16565159225,2.55467,2.5612156762947405
29.239,-22688.0,2.526142419601612,137997,2.550549297252295,139255.53408847397,2.55157,2.5541615231282093
29.243,-22684.0,2.52429481132251,137847,2.547554329286567,139097.8639590531,2.54846,2.5641167188728833
29.248,-22676.0,2.5205995947643065,137698,2.544585793365093,138941.15982320844,2.5455,2.5541773098070024
29.252,-22669.0,2.517366280275879,137549,2.541558644955827,138785.36658428513,2.54242,2.5669705006856183
29.256,-22662.0,2.5141329657874514,137397,2.53850712054248,138630.1991903802,2.53931,2.5689152448157264
29.261,-22653.0,2.5099758471594726,137245,2.5353794893204173,138475.40629264392,2.5362400000000003,2.5682601996139023
29.265,-22648.0,2.507666336810596,137092,2.5322393626590336,138320.8844952012,2.53328,2.5549718244951043
29.269,-22640.0,2.5039711202523924,136941,2.529115524402272,138166.66086196186,2.53004,2.5382163530328707
29.274,-22635.0,2.501661609903516,136792,2.5260060486939526,138012.93660913222,2.52707,2.536888085821662
29.278,-22628.0,2.498428295415088,136643,2.5229365438293447,137859.7709273669,2.52382,2.5319440336343604
29.282,-22622.0,2.4956568829964354,136493,2.5198749774157023,137707.03865673317,2.52099,2.521859214153295
29.287,-22615.0,2.492423568508008,136341,2.516820410851904,137554.51120076253,2.51788,2.535238884356605
29.291,-22606.0,2.488266449880029,136187,2.5136900971674256,137401.9278736455,2.51464,2.515601343936456
29.295,-22601.0,2.4859569395311523,136032,2.510547605204019,137249.1179291033,2.51169,2.5315087138443797
29.3,-22594.0,2.4827236250427247,135878,2.507448987754472,137096.1081612007,2.50844,2.5234775502394298
29.304,-22589.0,2.480414114693848,135725,2.5043890573246377,136943.04043080664,2.50533,2.508192851718922
29.309,-22583.0,2.4776427022751952,135574,2.5013905462109136,136790.0989432967,2.50236,2.5277623775664395
29.313,-22576.0,2.474409387786768,135422,2.4983915796165816,136637.3278897668,2.49925,2.524472229219504
29.317,-22569.0,2.47117607329834,135264,2.4953649049470603,136484.2932972082,2.49628,2.5132362514206497
29.322,-22560.0,2.4670189546703614,135105,2.49225918536446,136330.61250332184,2.49304,2.5006160341191896
29.326,-22553.0,2.463785640181934,134944,2.489083766727864,136176.1845593968,2.48994,2.4937868820749123
29.33,-22547.0,2.461014227763281,134784,2.4859288092353404,136021.0386871672,2.48698,2.5087753714960455
29.335,-22543.0,2.45916661948418,134623,2.482873813012431,135865.2597707389,2.4839,2.4925465182657423
29.339,-22535.0,2.4554714029259768,134458,2.47985234626245,135708.62707097564,2.48092,2.500076700257109
29.343,-22530.0,2.4531618925770995,134290,2.476833138186805,135550.82771299285,2.47768,2.4948935234893366
29.348,-22523.0,2.449928578088672,134122,2.473843228179838,135391.82228419348,2.47457,2.4768692550112763
29.352,-22515.0,2.446233361530469,133953,2.470797232845693,135231.6942667157,2.47147,2.4798525549119046
29.356,-22507.0,2.4425381449722656,133777,2.467674476973288,135070.1034504221,2.46852,2.4839472458347087
29.361,-22500.0,2.439304830483838,133602,2.464511342777357,134906.86808464598,2.46527,2.474213535657167
29.365,-22494.0,2.4365334180651854,133426,2.461367217277176,134742.18261235807,2.46231,2.4657372850806234
29.37,-22489.0,2.4342239077163086,133246,2.4582944658799777,134575.92289961714,2.4592,2.460807299926046
29.374,-22482.0,2.430990593227881,133063,2.455257343235098,134407.8612546382,2.45609,2.4611835142026854
29.378,-22475.0,2.427757278739453,132879,2.452197023887839,134237.97425892,2.45297,2.4612374469074907
29.383,-22470.0,2.425447768390576,132686,2.449170863392024,134065.88655845838,2.44986,2.4549135483115467
29.387,-22461.0,2.421290649762598,132485,2.4461202100863826,133890.85335737077,2.4467600000000003,2.447729648325047
29.392,-22455.0,2.418519237343945,132288,2.443020653425024,133712.98644672972,2.44353,2.4574130104773144
29.396,-22447.0,2.4148240207857423,132084,2.4399052819344176,133532.44351741072,2.44042,2.4644517322796924
29.401,-22440.0,2.4115907062973143,131868,2.436748659029418,133348.4177373819,2.43719,2.4580414623116207
29.405,-22432.0,2.4078954897391114,131655,2.433555662062544,133160.78884420556,2.43396,2.437240004784609
29.41,-22429.0,2.4065097835297853,131441,2.4304398175064934,132970.1010860205,2.43073,2.4455738377006866
29.414,-22421.0,2.402814566971582,131227,2.4273920032617973,132776.6570097062,2.42763,2.4312068787670387
29.419,-22414.0,2.3995812524831543,131011,2.424294949985595,132580.66427317637,2.42454,2.443865876079429
29.423,-22409.0,2.397271742134277,130787,2.4212363987893903,132381.83304277444,2.42159,2.430391423117996
29.427,-22402.0,2.394038427645849,130561,2.418211797387653,132179.9077532667,2.41851,2.4264131518832484
29.432,-22394.0,2.3903432110876466,130325,2.415135212388684,131974.54482132764,2.41542,2.433350398566463
29.436,-22388.0,2.3875717986689944,130085,2.412040096510675,131765.3230523408,2.41234,2.4338233835247784
29.44,-22381.0,2.3843384841805664,129840,2.408955947196549,131552.16663853603,2.4094,2.4293273746580035
29.445,-22374.0,2.381105169692139,129587,2.405854161368635,131334.77226566957,2.40631,2.4209185574770222
29.449,-22370.0,2.3792575614130373,129330,2.4028187436212383,131112.93159919253,2.40336,2.410402191282147
29.453,-22362.0,2.375562344854834,129061,2.399814540489733,130886.22446735884,2.40029,2.400760128459803
29.458,-22356.0,2.3727909324361818,128781,2.396783248423938,130653.86655556064,2.39722,2.411554473255012
29.462,-22349.0,2.3695576179477538,128499,2.393755376726679,130415.75745644116,2.39413,2.3970583660302083
29.466,-22341.0,2.365862401389551,128199,2.390675908094907,130171.39481250488,2.39108,2.4133860964588103
29.471,-22335.0,2.363090988970898,127902,2.3875782495298306,129920.63124937889,2.388,2.4052386817082967
29.475,-22329.0,2.360319576552246,127598,2.384519164610958,129663.98710884084,2.38494,2.401422978184929
29.48,-22324.0,2.358010066203369,127303,2.3815213990393804,129402.27591454975,2.38186,2.401637004616321
29.484,-22318.0,2.355238653784717,127011,2.3785777027346486,129136.80617733613,2.3788,2.38247268233612
29.488,-22312.0,2.3524672413660643,126718,2.375654376379849,128868.14052254628,2.37572,2.4030763799460937
29.493,-22304.0,2.3487720248078614,126440,2.372694398641653,128597.4844624035,2.37266,2.376617748572611
29.497,-22297.0,2.345538710319434,126169,2.3696747965406217,128326.37391482016,2.36961,2.373516294866153
29.502,-22290.0,2.342305395831006,125904,2.3666299261993027,128055.63114219232,2.36655,2.3670801576715825
29.506,-22283.0,2.3390720813425783,125646,2.363562775202903,127785.98118689028,2.3635,2.3700880880865274
29.51,-22277.0,2.3363006689239256,125385,2.3605032843483444,127517.53130947144,2.36045,2.3705807914370927
29.515,-22270.0,2.333067354435498,125140,2.3574505479403274,127250.90814514022,2.35724,2.363878288987114
29.519,-22266.0,2.3312197461563966,124900,2.3544583802647265,126987.1371781956,2.35419,2.3658033858017378
29.524,-22259.0,2.3279864316679686,124675,2.3515196199898885,126727.06352761351,2.35113,2.351888596430434
29.528,-22251.0,2.3242912151097657,124458,2.3485187267097865,126471.60974209337,2.34807,2.34950449708588
29.532,-22246.0,2.321981704760889,124244,2.34551765960403,126220.879884209,2.34502,2.3512340472252538
29.537,-22239.0,2.318748390272461,124036,2.342543745673097,125974.84747792232,2.34211,2.3455149549262515
29.541,-22231.0,2.315053173714258,123834,2.3395118551222183,125733.66652977656,2.33907,2.3422932187148966
29.545,-22226.0,2.312743663365381,123640,2.3364834557016363,125497.59107217767,2.336,2.346513472028635
29.55,-22219.0,2.309510348876953,123453,2.333485441086516,125266.90421945971,2.33309,2.335307521999753
29.554,-22212.0,2.306277034388525,123270,2.3304596058391382,125041.61914240172,2.33002,2.34860391605783
29.558,-22207.0,2.3039675240396487,123090,2.327463852222729,124821.51098494865,2.3271,2.3483035898886415
29.563,-22202.0,2.3016580136907714,122916,2.3245492364382963,124606.49971164984,2.32406,2.3346314199143388
29.567,-22194.0,2.2979627971325685,122744,2.321624245826205,124396.4556326323,2.32102,2.3327554059617768
29.571,-22186.0,2.294267580574365,122575,2.318608187707361,124191.08703968627,2.31797,2.3228205987820068
29.576,-22179.0,2.291034266085937,122411,2.315539135877985,123990.31406685464,2.31493,2.3424535582768655
29.58,-22174.0,2.2887247557370607,122254,2.312505275383285,123794.3027607051,2.31202,2.342622665940472
29.584,-22168.0,2.285953343318408,122095,2.309529751831262,123602.7857135414,2.30898,2.326185546222047
29.589,-22161.0,2.2827200288299805,121939,2.3065510548689883,123415.29066497165,2.30594,2.3203998330464612
29.593,-22155.0,2.2799486164113283,121788,2.3035695597039743,123231.81501399656,2.30293,2.331601217336857
29.598,-22149.0,2.277177203992676,121640,2.3006129036293848,123052.35646714558,2.29992,2.3236150297047624
29.602,-22141.0,2.2734819874344727,121496,2.2976235369039824,122876.8538847186,2.29691,2.308868647458056
29.606,-22135.0,2.2707105750158205,121354,2.2946053270648563,122705.19423845808,2.29391,2.301327168723266
29.611,-22130.0,2.2684010646669432,121215,2.291643603716356,122537.21874658184,2.2910500000000003,2.3011255249765012
29.615,-22126.0,2.266553456387842,121077,2.288786301086324,122372.72828344164,2.28805,2.3179013786451086
29.62,-22118.0,2.262858239829639,120944,2.285939153667817,122211.6655017644,2.28505,2.3170847711071407
29.624,-22112.0,2.260086827410986,120812,2.283046347865008,122053.97983472008,2.2821,2.288047232103814
29.628,-22106.0,2.257315414992334,120678,2.280167894984074,121899.2128724553,2.27912,2.310566369667071
29.633,-22099.0,2.2540821005039064,120551,2.2772747915620046,121747.31510949634,2.27604,2.2932031676446814
29.637,-22092.0,2.2508487860154784,120422,2.274341463354287,121598.242893639,2.2731,2.2976396587225048
29.642,-22085.0,2.247615471527051,120299,2.271372666330202,121451.89861649107,2.27017,2.2702316403539053
29.646,-22080.0,2.245305961178174,120175,2.2684272070344536,121308.255327766,2.26723,2.2836995613147852
29.65,-22075.0,2.2429964508292968,120055,2.2655569390319945,121167.17102884392,2.2643,2.276245423853218
29.655,-22069.0,2.240225038410645,119938,2.2627256656474484,121028.75697987249,2.26138,2.26575261213757
29.659,-22063.0,2.2374536259919924,119818,2.259901469911926,120892.6974643965,2.25848,2.26098477143714
29.664,-22056.0,2.2342203115035644,119706,2.257056208552809,120759.00968161828,2.25558,2.2818189074713895
29.668,-22051.0,2.2319108011546875,119592,2.2542196787080204,120627.76791459344,2.25269,2.2663071731321787
29.672,-22042.0,2.227753682526709,119478,2.251336235112278,120498.5647243562,2.24995,2.267846047138507
29.677,-22036.0,2.2249822701080566,119368,2.248384118155065,120371.395549788,2.24695,2.252663612000808
29.681,-22030.0,2.2222108576894044,119259,2.2454533667619034,120246.31548645064,2.24422,2.246437530119206
29.685,-22024.0,2.219439445270752,119151,2.24254145477971,120123.1957635011,2.24135,2.2418017193052098
29.69,-22021.0,2.2180537390614257,119046,2.239728074079307,120002.04107008554,2.23851,2.2448325206232433
29.694,-22014.0,2.214820424572998,118942,2.236974268386565,119882.85554092984,2.23581,2.24925773858957
29.698,-22009.0,2.2125109142241213,118830,2.234218380966196,119764.9925305195,2.233,2.2505145212245994
29.703,-22002.0,2.2092775997356933,118720,2.23146065795084,119647.94096673733,2.23004,2.2610653389516333
29.707,-21993.0,2.205120481107715,118607,2.22859209057874,119531.5457909602,2.22723,2.256956418249566
29.712,-21988.0,2.202810970758838,118499,2.225680397406157,119415.84763008192,2.22415,2.25019379917615
29.716,-21982.0,2.200039558340185,118393,2.22281259674798,119301.17789447092,2.22146,2.226300716019149
29.721,-21976.0,2.1972681459215333,118285,2.219956192533531,119187.41498847672,2.21863,2.2233940610848473
29.725,-21972.0,2.195420537642432,118178,2.217164450203102,119074.3925758881,2.2158,2.23297661417971
29.73,-21964.0,2.1917253210842285,118070,2.214375111575621,118962.02310461916,2.21285,2.219120154418417
29.734,-21958.0,2.1889539086655763,117963,2.2115332795532883,118850.2293742869,2.21004,2.2209349326501013
29.738,-21951.0,2.1857205941771487,117857,2.208672467130114,118739.06154707464,2.20722,2.231104029568775
29.743,-21945.0,2.182949181758496,117749,2.2057949184499,118628.38650205793,2.2044,2.229353481823275
29.747,-21938.0,2.1797158672700685,117644,2.202902612320562,118518.2050926324,2.2016,2.2293014363329777
29.752,-21933.0,2.177406356921192,117538,2.2000246000343107,118408.57718869003,2.1988,2.199180776190802
29.756,-21928.0,2.1750968465723144,117434,2.1972138044580154,118299.49646402108,2.19601,2.2060785091930466
29.761,-21922.0,2.172325434153662,117329,2.194434971789524,118190.95734039374,2.19309,2.195517148323265
29.765,-21917.0,2.1700159238047854,117222,2.191684322900988,118082.71842952768,2.1903,2.2090952115366473
29.769,-21909.0,2.166320707246582,117121,2.18890391259249,117974.9807054184,2.18754,2.1935752775752944
29.774,-21902.0,2.1630873927581544,117011,2.186042646802938,117867.5075581602,2.18491,2.198237689242346
29.778,-21898.0,2.161239784479053,116908,2.1832193112565017,117760.14947076846,2.18203,2.1862076267322084
29.783,-21891.0,2.158006469990625,116802,2.180429421278667,117653.12930875324,2.17929,2.2109840207917513
29.787,-21884.0,2.1547731555021974,116698,2.177587103094776,117546.34800017953,2.17656,2.1819954009431024
29.791,-21880.0,2.152925547223096,116591,2.174780474887732,117439.7181868622,2.17384,2.198045922230749
29.796,-21873.0,2.149692232734668,116486,2.172005316860443,117333.16283939323,2.17109,2.1721973937404946
29.8,-21867.0,2.146920820316016,116381,2.1692032952461853,117226.79138811328,2.16847,2.1913130250427386
29.804,-21861.0,2.1441494078973635,116276,2.1664048927038912,117120.58209009407,2.16573,2.165748881178656
29.809,-21857.0,2.1423017996182616,116166,2.163664294229806,117014.22018619093,2.16312,2.179624502277573
29.813,-21849.0,2.1386065830600587,116055,2.1609200524753054,116907.36901534456,2.16025,2.1772839790273606
29.818,-21842.0,2.135373268571631,115946,2.1580906788581875,116800.14554332908,2.15764,2.17600277548474
29.822,-21836.0,2.1326018561529785,115833,2.1552408518232435,116692.475554302,2.1549,2.1550372278555048
29.826,-21831.0,2.1302923458041017,115720,2.152427602572611,116584.17537252078,2.15214,2.1625598325267035
29.831,-21826.0,2.127982835455225,115605,2.1496739127877023,116475.2012739016,2.14938,2.150274470326716
29.835,-21819.0,2.124749520966797,115492,2.146918127570828,116365.63293886356,2.14662,2.155870699673542
29.839,-21813.0,2.1219781085481446,115378,2.1441331882267187,116255.59974422518,2.14385,2.158892693733844
29.844,-21807.0,2.1192066961294924,115262,2.141349848235866,116144.97930037364,2.14122,2.1487555108166694
29.848,-21800.0,2.1159733816410644,115145,2.138540612050828,116033.66368840689,2.13847,2.1543246466450086
29.852,-21794.0,2.113201969222412,115026,2.1357085415028125,115921.5577491921,2.13571,2.1367164917727353
29.857,-21789.0,2.1108924588735354,114904,2.1329109493045184,115808.45933992212,2.13294,2.1452426849454618
29.861,-21783.0,2.1081210464548827,114782,2.1301437589153385,115694.30845289808,2.13017,2.1568021198982117
29.865,-21777.0,2.1053496340362305,114659,2.12737606933537,115579.17041021385,2.12755,2.144416969053969
29.87,-21772.0,2.1030401236873537,114533,2.124635246034571,115462.92545842666,2.12478,2.12460353799092
29.874,-21764.0,2.0993449071291503,114408,2.121863499587459,115345.58623791242,2.12203,2.1350399726751403
29.878,-21757.0,2.0961115926407228,114279,2.1190098732894187,115227.10477711725,2.11928,2.142025318901533
29.883,-21754.0,2.0947258864313967,114145,2.1162205804290206,115107.08407200951,2.11665,2.1237722100603986
29.887,-21745.0,2.090568767803418,114002,2.1134334016589853,114984.8784712606,2.11388,2.1169235527088475
29.892,-21739.0,2.0877973553847657,113862,2.1105661676755574,114860.39160117383,2.11098,2.1261633655937606
29.896,-21735.0,2.0859497471056643,113724,2.1077648760316623,114734.18877414869,2.10819,2.1191682085219252
29.9,-21729.0,2.083178334687012,113580,2.105021730048311,114606.23640641196,2.10542,2.109310696575223
29.905,-21721.0,2.0794831181288087,113429,2.102220629092304,114475.97282838415,2.10263,2.1083993190930346
29.909,-21714.0,2.0762498036403807,113283,2.0993411190097064,114343.55307074504,2.09972,2.1074072089669826
29.914,-21710.0,2.0744021953612792,113128,2.0965016962804714,114208.99559935895,2.09705,2.100418835153546
29.918,-21701.0,2.070245076733301,112971,2.09364300828812,114071.9028750004,2.09426,2.1196535626394386
29.922,-21694.0,2.067011762244873,112809,2.090685413512371,113932.16083100247,2.09145,2.0935602454924003
29.927,-21689.0,2.064702251895996,112645,2.0877498319694245,113789.66888734726,2.08862,2.106578122496667
29.931,-21684.0,2.06239274154712,112478,2.084888273825691,113644.45659086943,2.08578,2.086151329182996
29.935,-21678.0,2.059621329128466,112310,2.08206468049151,113496.60911233728,2.08307,2.1006802932942543
29.94,-21672.0,2.0568499167098144,112132,2.079247256757174,113345.78773058856,2.08023,2.080757546840604
29.944,-21664.0,2.0531547001516115,111949,2.0763806602648334,113191.45730349844,2.07751,2.0851797018491878
29.948,-21657.0,2.0499213856631835,111757,2.0734433984972074,113033.20507875895,2.07468,2.0820023688604805
29.953,-21650.0,2.046688071174756,111555,2.070471132996863,112870.37151875938,2.0718,2.0752131644689324
29.957,-21645.0,2.044378560825879,111342,2.067522615319434,112702.25683138816,2.0688,2.0697303805533
29.962,-21638.0,2.041145246337451,111137,2.064595037645949,112529.30807746454,2.06577,2.067563939413909
29.966,-21631.0,2.0379119318490235,110929,2.061631311242861,112352.392398843,2.06286,2.066144174520831
29.971,-21625.0,2.035140519430372,110717,2.058663016596038,112171.5650022694,2.05995,2.064415798277719
29.975,-21618.0,2.031907204941944,110501,2.055690693830841,111986.81544973391,2.0569,2.0604475757414757
29.98,-21611.0,2.028673890453516,110301,2.0526875127627813,111799.31688531152,2.05371,2.054689444330281
29.984,-21605.0,2.025902478034863,110104,2.0496844283652065,111610.5175684102,2.05091,2.052393445525791
29.989,-21597.0,2.02220726147666,109905,2.046654122760064,111420.6304106299,2.04796,2.0488579109454115
29.993,-21589.0,2.0185120449184573,109711,2.04354520154477,111229.96138480616,2.04502,2.0471608051363033
29.997,-21583.0,2.0157406324998046,109516,2.0404215727163426,111038.8394045365,2.04218,2.043272528261034
30.002,-21577.0,2.0129692200811524,109324,2.0373395881228795,110847.4362595918,2.03918,2.04212143848348
30.006,-21573.0,2.011121611802051,109134,2.034348936863278,110656.08078040692,2.03619,2.0371189140259442
30.011,-21566.0,2.007888297313623,108945,2.031411513711305,110464.94468342287,2.03318,2.0355917654090243
30.015,-21559.0,2.0046549828251954,108761,2.028439105907858,110274.35673441485,2.03018,2.03176201197513
30.019,-21551.0,2.000959766266992,108581,2.025408543407791,110084.7841797962,2.02715,2.028095612125498
30.024,-21542.0,1.9968026476390133,108396,2.0222720892232533,109896.04784722222,2.02426,2.0269437384230917
30.028,-21537.0,1.9944931372901369,108215,2.019124182780553,109707.98974875348,2.02121,2.0232178758187986
30.032,-21529.0,1.9907979207319333,108035,2.0159934845833227,109520.82528050692,2.01815,2.020175492224533
30.037,-21523.0,1.988026508313281,107860,2.012850653569951,109334.80348868117,2.01506,2.018629867042751
30.041,-21518.0,1.9857169979644045,107686,2.00977904360618,109150.14397354858,2.012,2.017051408350005
30.045,-21511.0,1.9824836834759767,107516,2.0067429274375805,108966.98125359105,2.00892,2.010189857830954
30.05,-21504.0,1.979250368987549,107347,2.0036834955660847,108785.43394252524,2.00597,2.0083551220501104
30.054,-21496.0,1.975555152429345,107178,2.0005761982708044,108605.37016020964,2.00288,2.008108611929673
30.059,-21488.0,1.9718599358711424,107008,1.997399388462064,108426.5553845293,1.99979,2.0071563620056123
30.063,-21481.0,1.9686266213827148,106842,1.9941885913858728,108249.01929163326,1.99667,2.0012612706544894
30.067,-21477.0,1.9667790131036127,106679,1.9910570513127788,108073.02451850686,1.99354,1.9945684228983458
30.072,-21469.0,1.9630837965454104,106513,1.98796809085904,107898.3888275233,1.99056,1.9908772256027185
30.076,-21462.0,1.9598504820569824,106348,1.98483475628738,107724.8332930893,1.98743,1.9939423736767026
30.08,-21455.0,1.9566171675685544,106189,1.9816896006107687,107552.64402489884,1.9843,1.9857726728604872
30.085,-21448.0,1.953383853080127,106026,1.978534021495126,107381.7777175378,1.98116,1.9825305851756216
30.089,-21439.0,1.9492267344521488,105864,1.9753146384571505,107211.90059881154,1.97804,1.978963199898233
30.094,-21433.0,1.946455322033496,105701,1.97206630178875,107042.8957122047,1.97487,1.9752393872390361
30.098,-21426.0,1.9432220075450684,105537,1.968847047712956,106874.54169473668,1.9717,1.9746444066079563
30.102,-21420.0,1.940450595126416,105374,1.965653437655396,106706.76159102832,1.96851,1.9740747591634888
30.107,-21413.0,1.9372172806379884,105214,1.9624824396008336,106539.7240140938,1.96534,1.9864903117580082
30.111,-21406.0,1.9339839661495608,105058,1.959304073575496,106373.75499321436,1.96213,1.9653493801329056
30.115,-21397.0,1.929826847521582,104897,1.95606459783342,106208.6690704866,1.95894,1.9701753930498747
30.12,-21390.0,1.9265935330331545,104741,1.952771237669428,106044.36183298168,1.95559,1.9560971079239695
30.124,-21384.0,1.923822120614502,104582,1.949512283441809,105880.85944780684,1.95253,1.9530357408840007
30.129,-21375.0,1.919665001986524,104425,1.946229054275256,105718.00763601456,1.94929,1.9517077161597642
30.133,-21366.0,1.915507883358545,104264,1.94284250096748,105555.61124239943,1.94608,1.949266844175192
30.137,-21362.0,1.913660275079444,104103,1.9395013722683163,105393.37995109698,1.9427,1.9497444849014522
30.142,-21355.0,1.910426960591016,103945,1.9362549103049589,105231.47159346144,1.93945,1.939857152169898
30.146,-21347.0,1.9067317440328129,103789,1.9329826963823649,105070.14357448414,1.93622,1.9365194874201372
30.151,-21341.0,1.90396033161416,103630,1.9297150817263904,104909.26816054544,1.93299,1.9508949415003092
30.155,-21334.0,1.9007270171257324,103469,1.926478828991928,104748.49625099424,1.92975,1.9489101390255545
30.159,-21326.0,1.8970318005675293,103311,1.9232156172121453,104587.8747254079,1.92636,1.9277178532620896
30.164,-21317.0,1.8928746819395508,103155,1.9198740209877592,104427.68139015645,1.92316,1.9313058906712741
30.168,-21311.0,1.8901032695208984,102992,1.916517920983976,104267.57003125624,1.92008,1.9220519131222633
30.173,-21305.0,1.8873318571022464,102834,1.913230951396892,104107.41272145532,1.91671,1.926481782136924
30.177,-21299.0,1.8845604446835933,102678,1.9100049386058668,103947.62871553109,1.91349,1.9151963035046218
30.181,-21292.0,1.881327130195166,102521,1.9068053689483857,103788.2329933737,1.91042,1.9273454141546094
30.186,-21285.0,1.8780938157067384,102361,1.9036018094777392,103628.94317674189,1.90717,1.93250248279685
30.19,-21276.0,1.87393669707876,102199,1.9003401190321925,103469.45115693028,1.90396,1.9209440268679796
30.194,-21269.0,1.870703382590332,102034,1.8970271707156392,103309.48525440322,1.90076,1.907874333661586
30.199,-21260.0,1.8665462639623536,101871,1.893669024991944,103149.04238118892,1.89754,1.912449493021212
30.203,-21253.0,1.8633129494739256,101703,1.8902710257672688,102988.00157962642,1.89447,1.9188473145561
30.208,-21248.0,1.861003439125049,101534,1.8869471109050813,102826.07884126666,1.89126,1.8983298778542048
30.212,-21240.0,1.8573082225668456,101367,1.88366121460774,102663.4375591234,1.88803,1.891639596059848
30.216,-21235.0,1.8549987122179687,101194,1.880408841758028,102499.92622048371,1.88478,1.9112020716281666
30.221,-21225.0,1.8503796915202149,101020,1.8771314158215149,102335.23387451695,1.88155,1.9097346785413298
30.225,-21219.0,1.8476082791015624,100836,1.8738045924965416,102168.84986601034,1.87846,1.90153090475561
30.23,-21211.0,1.8439130625433595,100658,1.8704888251696776,102000.73773874748,1.87505,1.8824656639135338
30.234,-21202.0,1.839755943915381,100475,1.86710088729254,101831.16093389248,1.8718,1.8942915170243846
30.238,-21195.0,1.8365226294269528,100290,1.8636766183835736,101659.87880551796,1.86853,1.8929231976160659
30.243,-21189.0,1.8337512170083008,100106,1.86030223337959,101487.033864803,1.86524,1.8868417612182802
30.247,-21182.0,1.830517902519873,99919,1.856971834267316,101312.69265574924,1.86196,1.8833585030502014
30.251,-21176.0,1.8277464901012208,99729,1.8536802203838656,101136.67738495214,1.85883,1.8805521649350503
30.256,-21168.0,1.8240512735430177,99541,1.8503954995174283,100959.12686736112,1.85554,1.8742533325573665
30.26,-21160.0,1.8203560569848145,99345,1.8470622437770747,100779.8679181813,1.85225,1.8532285838209286
30.264,-21152.0,1.816660840426612,99145,1.8436861916736669,100598.39312470188,1.84914,1.8574792401378535
30.269,-21145.0,1.813427525938184,98940,1.8402997096746496,100414.43242024213,1.84584,1.868076889852519
30.273,-21140.0,1.8111180155893067,98724,1.8369859503013064,100227.33384761776,1.84255,1.8571067091650895
30.278,-21130.0,1.8064989948915529,98512,1.833654395864192,100037.0545902456,1.83909,1.8516827049478168
30.282,-21125.0,1.804189484542676,98295,1.8303071503590225,99843.91159833693,1.83581,1.8407163398722837
30.286,-21119.0,1.8014180721240234,98077,1.8270552948089624,99647.88876057256,1.83252,1.834197559746562
30.291,-21109.0,1.7967990514262695,97855,1.823751018561045,99449.0309879494,1.82925,1.8292903933266929
30.295,-21102.0,1.793565736937842,97620,1.820373213117492,99246.66847265244,1.82612,1.8364037427900042
30.299,-21094.0,1.7898705203796388,97383,1.8169851850841416,99040.3288362512,1.82282,1.831164444592801
30.304,-21089.0,1.7875610100307615,97138,1.8136427560232795,98829.8911388693,1.81952,1.8271520600167843
30.308,-21082.0,1.784327695542334,96878,1.810367840997984,98614.480213765,1.81622,1.8294481079158746
30.313,-21072.0,1.77970867484458,96629,1.8070159252589173,98394.44759990824,1.81278,1.8321426265380125
30.317,-21068.0,1.7778610665654786,96369,1.8036780323143933,98170.33974172066,1.80963,1.8116500320548437
30.321,-21059.0,1.7737039479375,96102,1.8003798106304132,97941.57436172586,1.80637,1.809452024478041
30.326,-21052.0,1.7704706334490723,95835,1.7970346503389096,97708.2883192773,1.80309,1.8076760469102153
30.33,-21044.0,1.7667754168908691,95548,1.7936754076647532,97469.8337660241,1.79982,1.8037954745644296
30.335,-21036.0,1.763080200332666,95263,1.7902764411873302,97225.75768662714,1.79657,1.7991464261745993
30.339,-21030.0,1.7603087879140138,94976,1.786897060538848,96976.72474107698,1.79333,1.801742388783633
30.343,-21024.0,1.7575373754953614,94686,1.7835895628893157,96723.0254164393,1.79008,1.8068455624982107
30.348,-21017.0,1.7543040610069336,94402,1.780318142718858,96465.38879328068,1.78686,1.8075564641935804
30.352,-21010.0,1.7510707465185058,94121,1.7770512279658994,96204.81245386109,1.78365,1.806425235820213
30.357,-21002.0,1.7473755299603029,93853,1.7737609794850877,95942.58985328872,1.78045,1.8095202966732578
30.361,-20995.0,1.744142215471875,93592,1.7704501561349488,95680.09798486218,1.77724,1.7928911518616384
30.365,-20988.0,1.7409089009834473,93338,1.7671484970291764,95418.19632897511,1.77408,1.8011415536642175
30.37,-20980.0,1.7372136844252442,93088,1.7638276121869791,95157.4653933409,1.77091,1.791851426241938
30.374,-20973.0,1.7339803699368164,92843,1.7604897747593593,94898.29881466748,1.76776,1.771604671491123
30.378,-20967.0,1.7312089575181642,92606,1.7571916020282536,94641.28015769729,1.76462,1.7685073442345365
30.383,-20960.0,1.7279756430297364,92374,1.7539284042464056,94386.923989515,1.76149,1.7743608162679108
30.387,-20952.0,1.7242804264715332,92154,1.7506414332613875,94135.92050706144,1.75834,1.7618317072438916
30.392,-20948.0,1.7224328181924318,91940,1.7474154192377145,93888.9374193811,1.75507,1.7858460501923386
30.396,-20939.0,1.7182756995644533,91737,1.744215848493326,93646.50437167913,1.75197,1.7818350162663972
30.401,-20931.0,1.71458048300625,91540,1.7409303687195683,93409.08838666846,1.74899,1.7518508186718165
30.405,-20925.0,1.7118090705875977,91348,1.7376510566976222,93176.74656434276,1.7459,1.75596718017721
30.409,-20917.0,1.7081138540293943,91154,1.7343771831846164,92949.05631431007,1.74296,1.7518073360209196
30.414,-20911.0,1.7053424416107423,90969,1.7311081051595625,92725.88148065656,1.73973,1.7432974607546017
30.418,-20904.0,1.7021091271223143,90789,1.7278705620771635,92507.515827617,1.73662,1.738750208024385
30.422,-20898.0,1.699337714703662,90608,1.7246608254099438,92293.6272122977,1.73352,1.7365591830462324
30.427,-20891.0,1.6961044002152343,90438,1.7214756074721078,92084.27746703652,1.73043,1.7369583415024388
30.431,-20882.0,1.6919472815872558,90272,1.718230089952002,91879.8167004248,1.72733,1.732387510394855
30.436,-20875.0,1.6887139670988285,90108,1.714931402358367,91680.02156945938,1.72424,1.7444892089847013
30.44,-20868.0,1.6854806526104005,89951,1.7116404441404174,91484.87249024356,1.72117,1.7469105280300306
30.444,-20861.0,1.6822473381219727,89793,1.708356301417004,91294.17484218636,1.71809,1.725262919099155
30.449,-20854.0,1.679014023633545,89642,1.7050781683595284,91107.75701562248,1.71499,1.7275743194410782
30.453,-20847.0,1.6757807091451171,89492,1.7018053344163713,90925.58592591502,1.71189,1.717426857042975
30.457,-20842.0,1.6734711987962403,89348,1.6985917859443145,90747.57328278496,1.70893,1.7099698195558735
30.462,-20835.0,1.6702378843078125,89206,1.695430513337842,90573.7003523337,1.70583,1.7083413792147406
30.466,-20828.0,1.6670045698193847,89065,1.6922607228742337,90403.65502867414,1.70271,1.7030903167467306
30.471,-20819.0,1.6628474511914062,88928,1.6890288087641046,90237.28034248955,1.69962,1.7225047485246532
30.475,-20812.0,1.6596141367029786,88792,1.6857421161840584,90074.43788369822,1.69652,1.7202102268799426
30.479,-20805.0,1.6563808222145509,88656,1.682461734751726,89914.76913751625,1.69355,1.705147954495046
30.484,-20801.0,1.6545332139354492,88523,1.679268837614566,89758.0762128766,1.69042,1.6910909683874966
30.488,-20792.0,1.6503760953074706,88392,1.6760984681884072,89604.30285111678,1.68731,1.7095161255841007
30.492,-20785.0,1.647142780819043,88266,1.6728660435692462,89453.51768010063,1.68417,1.688046885196703
30.497,-20778.0,1.6439094663306153,88138,1.6696335137365748,89305.54474390084,1.68103,1.6982046595822675
30.501,-20772.0,1.6411380539119629,88014,1.6664281975785291,89160.16977330564,1.6779,1.710114556412282
30.506,-20765.0,1.637904739423535,87884,1.6632468774918718,89016.96736358973,1.67479,1.6877246816802935
30.51,-20756.0,1.6337476207955566,87756,1.6600047969613096,88875.44417287345,1.67148,1.6974631629032197
30.515,-20748.0,1.6300524042373536,87629,1.6566818335372273,88735.57901123512,1.66819,1.6949889817524961
30.519,-20741.0,1.626819089748926,87510,1.6533421632884255,88597.70789852379,1.6649,1.6653296173015264
30.524,-20735.0,1.6240476773302734,87392,1.6500423744393742,88462.12712535053,1.66188,1.6692103411383943
30.528,-20728.0,1.6208143628418457,87277,1.6467777516209543,88328.80236347961,1.65871,1.66704392710054
30.532,-20721.0,1.617581048353418,87163,1.643516830536509,88197.70334346725,1.65556,1.6694580732281374
30.537,-20715.0,1.6148096359347657,87048,1.6402864799605197,88068.56690518133,1.65256,1.652821919701963
30.541,-20705.0,1.6101906152370118,86927,1.6370011660504744,87940.74718139187,1.64938,1.6522883823984285
30.546,-20700.0,1.6078811048881347,86814,1.6336946938331405,87814.20672542535,1.64609,1.651807600343043
30.55,-20692.0,1.6041858883299316,86704,1.630424177853116,87689.444574685,1.64293,1.6491310597256885
30.554,-20685.0,1.600952573841504,86594,1.627130753935582,87566.42782380946,1.63976,1.6439105951931394
30.559,-20680.0,1.598643063492627,86484,1.6238990499405448,87444.95010580374,1.63673,1.6371138970739227
30.563,-20672.0,1.5949478469344238,86377,1.62069446197739,87325.00680562448,1.6336,1.6351857013144364
30.567,-20665.0,1.591714532445996,86273,1.6174591710911737,87206.77120607936,1.63046,1.6521339969536406
30.572,-20659.0,1.5889431200273438,86169,1.6142514203321827,87090.21874972651,1.62732,1.65621389925538
30.576,-20651.0,1.585247903469141,86064,1.6110406470508851,86975.09131307839,1.62432,1.6268460606780364
30.58,-20644.0,1.582014588980713,85960,1.6077999021663485,86861.22040922249,1.62121,1.6286513292715736
30.584,-20637.0,1.5787812744922851,85856,1.604560035813171,86748.5165896593,1.61822,1.6356671139733368
30.589,-20632.0,1.5764717641434085,85750,1.601375557014855,86636.72362962198,1.6151,1.6312953706758115
30.593,-20625.0,1.5732384496549805,85646,1.5982399170352113,86525.73383382133,1.61199,1.6309856970380903
30.597,-20617.0,1.5695432330967771,85543,1.5950654220818186,86415.62959249089,1.60903,1.6100070956858414
30.602,-20612.0,1.5672337227479003,85439,1.5919112790610035,86306.3062022795,1.60594,1.6327640572193975
30.606,-20605.0,1.5640004082594727,85335,1.5888023881144313,86197.61222201785,1.60297,1.6047702931349563
30.61,-20597.0,1.5603051917012696,85231,1.5856514795276708,86089.47323354961,1.5999,1.6189492393572635
30.615,-20591.0,1.5575337792826172,85125,1.5824908276960297,85981.70538273906,1.59682,1.618553518741594
30.619,-20584.0,1.5543004647941896,85019,1.5793488910583058,85874.14655340649,1.59388,1.62140703323691
30.623,-20578.0,1.5515290523755372,84913,1.576223456827385,85766.77203194032,1.5908,1.5941895337519134
30.628,-20570.0,1.547833835817334,84805,1.5730852673963458,85659.44179194288,1.58774,1.6107824815393839
30.632,-20562.0,1.5441386192591309,84699,1.5698812179771815,85552.1505978038,1.58452,1.6141919828938245
30.637,-20555.0,1.540905304770703,84594,1.566646401960318,85445.07118513636,1.58144,1.601642882578822
30.641,-20548.0,1.5376719902822755,84484,1.563411763476361,85337.94204441192,1.57852,1.582057544756486
30.646,-20542.0,1.534900577863623,84376,1.5602045879829818,85230.59170302477,1.57532,1.6060220722743512
30.65,-20534.0,1.53120536130542,84270,1.5569943219508846,85123.28278417967,1.57224,1.576016574198412
30.654,-20526.0,1.5275101447472168,84160,1.5537267178928047,85015.89215549597,1.56917,1.5927319032640703
30.659,-20520.0,1.5247387323285644,84051,1.550463168054959,84908.25212572735,1.56612,1.5703318983473429
30.663,-20514.0,1.5219673199099122,83944,1.5472578059839264,84800.56953495226,1.56304,1.584636905777871
30.668,-20507.0,1.5187340054214844,83836,1.5440764454127949,84692.90853276,1.55997,1.5817896643195675
30.672,-20500.0,1.5155006909330566,83729,1.540888942080908,84585.26656662892,1.55705,1.585472534278096
30.676,-20493.0,1.5122673764446288,83621,1.5376960222763243,84477.64138583424,1.55399,1.5803321264675791
30.68,-20487.0,1.5094959640259766,83509,1.5345256328628198,84369.73541877793,1.55093,1.5715229939829922
30.685,-20479.0,1.5058007474677737,83398,1.531347803515989,84261.40451197371,1.54801,1.57117335348164
30.689,-20473.0,1.503029335049121,83279,1.5281634138948226,84152.28508630344,1.54496,1.5698846350429712
30.694,-20466.0,1.4997960205606935,83167,1.5250005461002487,84042.41125473604,1.54175,1.5522053156392732
30.698,-20460.0,1.497024608142041,83053,1.521856655503515,83932.16780128525,1.53885,1.562587971638879
30.702,-20453.0,1.4937912936536133,82940,1.518729498339527,83821.53931072117,1.5358,1.5511919062360457
30.707,-20447.0,1.4910198812349609,82821,1.5156170961342963,83710.27572084073,1.53276,1.534620112448974
30.711,-20439.0,1.487324664676758,82706,1.5124903978900637,83598.33388768644,1.52971,1.5409615019420595
30.715,-20432.0,1.4840913501883302,82585,1.5093237874478287,83485.67576841779,1.52682,1.5539687456913354
30.72,-20425.0,1.4808580356999024,82464,1.5061492902663742,83372.03134859192,1.52379,1.5256353674082201
30.724,-20419.0,1.47808662328125,82343,1.5029951452809325,83257.51724325289,1.52076,1.5295696493086144
30.729,-20412.0,1.4748533087928224,82218,1.499858946153782,83141.99980989922,1.5176,1.5294284633626292
30.733,-20406.0,1.47208189637417,82095,1.4967385710600494,83025.47944201804,1.51459,1.5153830946780382
30.737,-20399.0,1.4688485818857422,81969,1.4936321490483886,82908.01560397005,1.51172,1.537146244155294
30.742,-20392.0,1.4656152673973144,81839,1.490510723930765,82789.30602497481,1.50871,1.5357013026243356
30.746,-20384.0,1.4619200508391113,81710,1.4873487631480966,82669.32064276536,1.50558,1.5293877894847536
30.751,-20378.0,1.459148638420459,81579,1.4841783658746637,82548.1511842756,1.50258,1.5250171782384636
30.755,-20371.0,1.4559153239320313,81448,1.4810278360454592,82425.81941372679,1.49973,1.5017639810256231
30.759,-20365.0,1.4531439115133788,81313,1.47789482463729,82302.22628725706,1.49675,1.5265033112159607
30.764,-20359.0,1.4503724990947269,81179,1.4748045668114764,82177.34358883265,1.49377,1.5230784272798927
30.768,-20352.0,1.4471391846062989,81036,1.4717247011587402,82050.85085154959,1.49093,1.516878490247987
30.772,-20347.0,1.4448296742574218,80886,1.468681305410867,81921.99255966302,1.48794,1.5063501650604996
30.777,-20338.0,1.4406725556294433,80743,1.4656154546596596,81791.04840403626,1.48481,1.496707394774469
30.781,-20330.0,1.4369773390712404,80594,1.4624478845231172,81658.32412373823,1.48182,1.5128760435096973
30.786,-20324.0,1.434205926652588,80441,1.4592725411166154,81523.4390174699,1.47883,1.5113786717869553
30.79,-20318.0,1.4314345142339355,80284,1.456144956407609,81386.17563086709,1.47584,1.4840740300807296
30.794,-20312.0,1.428663101815283,80121,1.4530594836562958,81246.22398544292,1.47285,1.4898255567879983
30.799,-20305.0,1.4254297873268555,79957,1.4499838373157576,81103.48810514563,1.46986,1.483083688470475
30.803,-20297.0,1.4217345707686524,79790,1.4468622426658555,80958.06071382458,1.46686,1.4785637492517256
30.808,-20293.0,1.4198869624895507,79623,1.4437820517402375,80810.08268954128,1.46385,1.4837820564423558
30.812,-20285.0,1.4161917459313478,79450,1.440738369178055,80659.50090147619,1.46084,1.4709083086477825
30.816,-20278.0,1.41295843144292,79273,1.4376449590757316,80506.03203113154,1.45785,1.465021677933632
30.821,-20272.0,1.4101870190242676,79092,1.434562313855252,80349.54449290897,1.45498,1.4735666648155363
30.825,-20267.0,1.4078775086753907,78906,1.4315437736294951,80189.86314180883,1.45198,1.4595901250983434
30.829,-20259.0,1.4041822921171876,78715,1.428527146061083,80026.7744236672,1.44913,1.450200621603332
30.834,-20253.0,1.4014108796985352,78521,1.4254848985591293,79860.20826864778,1.44613,1.4491145842867443
30.838,-20247.0,1.3986394672798828,78329,1.4224746731876967,79690.51671338911,1.44314,1.446612577362465
30.842,-20238.0,1.3944823486519042,78133,1.4194107644720375,79517.95105415251,1.44014,1.4432182047138205
30.847,-20233.0,1.3921728383030274,77934,1.416326826099583,79342.43728825019,1.4373,1.4389354064445676
30.851,-20226.0,1.3889395238145996,77739,1.413279839169172,79164.38310186651,1.43431,1.4371020639149488
30.855,-20219.0,1.3857062093261718,77540,1.4102108218381575,78984.088861096,1.43133,1.442456089957059
30.86,-20214.0,1.383396698977295,77348,1.4071769917629129,78801.99677050194,1.42835,1.4480762307245916
30.864,-20207.0,1.3801633844888672,77159,1.404174188585469,78618.91057246388,1.4253900000000002,1.4386743659748222
30.869,-20201.0,1.3773919720702148,76973,1.4011714373986908,78435.30250945617,1.4224,1.4251560223497037
30.873,-20193.0,1.3736967555120116,76791,1.3981414256072344,78251.64810585859,1.41942,1.4339368438940396
30.877,-20186.0,1.370463441023584,76608,1.3950600699148643,78068.13019293358,1.41657,1.4213744431592112
30.882,-20179.0,1.3672301265351563,76430,1.3919607474054114,77884.96910232422,1.41361,1.4158848539298146
30.886,-20174.0,1.3649206161862792,76254,1.388900195278285,77702.53646699933,1.41077,1.4145426820486837
30.89,-20167.0,1.3616873016978517,76079,1.3858738295252822,77520.92351039009,1.4078,1.4166846921103171
30.894,-20160.0,1.358453987209424,75908,1.3828229952309952,77340.32890493887,1.40484,1.4167669804198222
30.899,-20153.0,1.355220672720996,75739,1.3797505854283836,77160.98695049004,1.402,1.4089983000854898
30.903,-20148.0,1.3529111623721193,75570,1.376713763989725,76982.86777490418,1.39903,1.4100141409026876
30.907,-20142.0,1.3501397499534669,75405,1.373735629580345,76806.06327276299,1.3962,1.3973425315913555
30.912,-20135.0,1.346906435465039,75238,1.3707546304548983,76630.53623871626,1.39325,1.3977551888304316
30.916,-20127.0,1.343211218906836,75066,1.367716492426026,76455.7218098038,1.39027,1.4014536197278167
30.921,-20122.0,1.340901708557959,74900,1.3646825841967305,76281.59484870118,1.38719,1.4099009478355566
30.925,-20115.0,1.3376683940695313,74735,1.3616797121057636,76108.487894575,1.38424,1.402844266070285
30.93,-20109.0,1.3348969816508789,74575,1.358676900153439,75936.63505149426,1.38115,1.406891196366289
30.934,-20101.0,1.3312017650926755,74416,1.355646834781037,75766.24274428141,1.37831,1.3901886784385487
30.938,-20096.0,1.328892254743799,74262,1.3526200447393304,75597.49299116232,1.37536,1.387172473685517
30.943,-20089.0,1.3256589402553711,74111,1.3496234492185033,75430.66452427018,1.37226,1.3795186434272784
30.947,-20082.0,1.3224256257669431,73955,1.346598865279097,75265.41194592715,1.36942,1.371363948240817
30.951,-20075.0,1.3191923112785156,73805,1.3435496021260411,75101.60804867129,1.36659,1.3776801380257824
30.956,-20068.0,1.315958996790088,73654,1.3404785777010997,74939.37713497864,1.36364,1.3820455867381827
30.96,-20063.0,1.313649486441211,73504,1.337442977840266,74778.53322346024,1.36081,1.3792696129829523
30.964,-20058.0,1.311339976092334,73356,1.3344932270239458,74619.08967439084,1.35783,1.3587798569834666
30.969,-20051.0,1.3081066616039063,73207,1.3315645620114938,74460.94003360094,1.35488,1.381364966329481
30.973,-20044.0,1.3048733471154783,73061,1.3285998768307383,74304.04955090542,1.35205,1.3668982738397926
30.977,-20037.0,1.3016400326270507,72908,1.3256034303188908,74148.0328804155,1.34907,1.3500430564110786
30.982,-20030.0,1.2984067181386232,72761,1.3225789777704178,73992.72758972683,1.34598,1.362933359271258
30.986,-20024.0,1.2956353057199708,72613,1.319557136921553,73838.34515598175,1.34304,1.356240623470165
30.99,-20017.0,1.292401991231543,72465,1.3165375989785295,73684.71734798138,1.34008,1.3498657629304667
30.995,-20011.0,1.2896305788128906,72317,1.313520091657748,73531.75494270556,1.33712,1.3539516404596974
30.999,-20006.0,1.2873210684640135,72162,1.310558987765479,73378.96544461757,1.33417,1.3365690535052406
31.004,-19998.0,1.2836258519058106,72009,1.3075930055574465,73226.0328230843,1.3311000000000002,1.3429027104389135
31.008,-19991.0,1.2803925374173828,71864,1.3045681089238372,73073.56517425137,1.32799,1.3318137438081683
31.013,-19984.0,1.277159222928955,71720,1.3015185700479135,72922.03957874392,1.32516,1.3376288547060304
31.017,-19977.0,1.2739259084405274,71573,1.2984473025001408,72771.22641828534,1.32222,1.329029342516515
31.021,-19972.0,1.2716163980916504,71425,1.2954114882620549,72620.804988674,1.31927,1.3308706591453823
31.026,-19966.0,1.268844985672998,71278,1.2924342419670942,72470.72897369353,1.3163,1.3249844100561434
31.03,-19957.0,1.2646878670450197,71129,1.2893994130535646,72320.89841591846,1.31334,1.3251072665361179
31.035,-19952.0,1.2623783566961426,70984,1.2863411162387997,72171.40252856132,1.31038,1.3203076130102815
31.039,-19947.0,1.2600688463472656,70837,1.2833713520382404,72022.31997672877,1.30752,1.32042105093996
31.043,-19939.0,1.2563736297890624,70690,1.2803977334716918,71873.48365498499,1.30455,1.3129988007261257
31.048,-19934.0,1.2540641194401856,70543,1.277420716259326,71724.86445036592,1.30159,1.316573710005121
31.052,-19926.0,1.2503689028819824,70391,1.2744407022393334,71576.14110508564,1.29861,1.2986734885067148
31.056,-19919.0,1.2471355883935549,70245,1.2714034328421735,71427.38504959134,1.29563,1.312735640558675
31.061,-19914.0,1.2448260780446778,70098,1.2683975969903358,71278.89573835564,1.29266,1.324392463484998
31.065,-19907.0,1.24159276355625,69949,1.2654194781450367,71130.46428073353,1.2896800000000002,1.316893321393458
31.069,-19901.0,1.2388213511375976,69800,1.262438492743455,70981.96560161999,1.28682,1.306846243292258
31.074,-19896.0,1.2365118407887208,69654,1.2595095926087614,70833.5850011266,1.2838500000000002,1.3126713740370197
31.078,-19888.0,1.2328166242305176,69504,1.2565720065536323,70685.24940085447,1.28089,1.312713526269614
31.082,-19883.0,1.2305071138816406,69352,1.2536267615560897,70536.59877582703,1.27805,1.2906286364176018
31.087,-19877.0,1.2277357014629884,69197,1.250729376066094,70387.3747859444,1.27508,1.305815121923434
31.091,-19870.0,1.2245023869745606,69039,1.2478195785281114,70237.29051849798,1.27213,1.2869032220846184
31.096,-19864.0,1.2217309745559082,68881,1.2448988364780895,70086.27033603673,1.26918,1.2936020740013667
31.1,-19858.0,1.218959562137256,68721,1.2419957503864023,69934.30666148556,1.2662,1.2889311669252888
31.104,-19853.0,1.216650051788379,68558,1.2391355391526766,69781.21546145104,1.26326,1.2732578972274464
31.109,-19845.0,1.2129548352301758,68397,1.2362585205803986,69627.07093127993,1.26033,1.2870005909235123
31.113,-19839.0,1.2101834228115234,68231,1.2333393754335569,69471.82025905255,1.25738,1.2729535545978437
31.117,-19831.0,1.2064882062533204,68062,1.2303830845390538,69315.12129006852,1.2544300000000002,1.2668213216159834
31.122,-19826.0,1.2041786959044434,67893,1.2274213462649834,69156.96791120546,1.25151,1.2684184940874843
31.126,-19819.0,1.2009453814160156,67720,1.2244821111293895,68997.29561472734,1.2487,1.2547645300784505
31.131,-19814.0,1.1986358710671388,67543,1.22156271847831,68835.81105036725,1.24576,1.2579215486951132
31.135,-19807.0,1.195402556578711,67366,1.2186608222396582,68672.49202165677,1.2427,1.2634551121578452
31.139,-19801.0,1.1926311441600586,67184,1.2157470472804617,68507.25983912485,1.23992,1.2599375171787175
31.144,-19795.0,1.1898597317414064,67001,1.212850104527045,68339.9859997365,1.23699,1.2544179567484917
31.148,-19789.0,1.187088319322754,66812,1.209968003827011,68170.49807658928,1.23392,1.2492972402382478
31.153,-19782.0,1.1838550048343262,66620,1.2070716838849844,67998.52579484529,1.231,1.2452295567258158
31.157,-19775.0,1.1806216903458984,66429,1.2041355194618872,67824.24465733877,1.22807,1.2418698434852566
31.161,-19769.0,1.1778502779272462,66233,1.201191528010004,67647.69118156744,1.22515,1.237933587953384
31.166,-19764.0,1.1755407675783691,66034,1.1982952478529545,67468.6610978004,1.22236,1.2314558679101006
31.17,-19757.0,1.172307453089941,65827,1.1954137314073414,67286.79693590419,1.21945,1.220291983274284
31.174,-19753.0,1.17045984481084,65614,1.19257253953701,67101.6061389609,1.21654,1.2285083037835187
31.179,-19746.0,1.167226530322412,65390,1.1897669044740733,66912.47703522646,1.21348,1.224134047124862
31.184,-19738.0,1.163531313764209,65172,1.1868833963737495,66719.57968260931,1.21042,1.22107736483752
31.188,-19732.0,1.1607599013455567,64949,1.1839585289868797,66523.41873664061,1.20762,1.2159801512855752
31.192,-19725.0,1.157526586857129,64717,1.1810244988684626,66323.55242404668,1.20469,1.219850870345995
31.197,-19720.0,1.155217076508252,64476,1.1781096958204216,66119.35473493647,1.20177,1.2100376403757147
31.201,-19713.0,1.1519837620198243,64235,1.1752118465340349,65910.80573214695,1.19885,1.202958167433646
31.205,-19706.0,1.1487504475313963,63988,1.1722743335882937,65698.06518797384,1.1959300000000002,1.1985112098567625
31.21,-19703.0,1.1473647413220704,63733,1.1694110724007794,65480.80104488869,1.19312,1.1978349826188424
31.214,-19695.0,1.1436695247638673,63469,1.1665859773818497,65258.54315392449,1.1901700000000002,1.1985694161883147
31.218,-19688.0,1.1404362102754395,63181,1.1636853101694382,65029.93107572183,1.18723,1.1951123983832188
31.223,-19681.0,1.1372028957870115,62881,1.1607453124745786,64793.58786999761,1.18414,1.189668978598024
31.228,-19674.0,1.133969581298584,62585,1.1577706345287957,64549.95468584901,1.1809500000000002,1.1863340565016545
31.232,-19669.0,1.131660070949707,62288,1.15481998964092,64300.07080457208,1.17802,1.1862562980324989
31.237,-19662.0,1.128426756461279,61983,1.151890536267279,64044.143219482685,1.17509,1.1838169336521374
31.241,-19657.0,1.1261172461124025,61679,1.1489797688335346,63782.47268487934,1.17201,1.1803939071787533
31.246,-19649.0,1.1224220295541991,61383,1.1460581715631777,63516.27027379683,1.16894,1.1723472252294336
31.25,-19644.0,1.1201125192053225,61101,1.1431270249197183,63247.372394464815,1.16598,1.1737326817910834
31.255,-19638.0,1.11734110678667,60830,1.1402420708678027,62977.57567995495,1.16303,1.1799870433560353
31.259,-19631.0,1.1141077922982423,60561,1.1373432349393688,62707.75493002685,1.1600700000000002,1.175351383420203
31.263,-19623.0,1.1104125757400392,60298,1.1343775455587632,62438.3859256828,1.15713,1.1673753228701775
31.268,-19618.0,1.108103065391162,60041,1.131407520026667,62170.124663645634,1.15418,1.1819780712709944
31.272,-19612.0,1.1053316529725097,59792,1.1284882839235375,61903.66781379509,1.15123,1.1744861995994347
31.276,-19606.0,1.1025602405538577,59543,1.1255865257234212,61639.274971005936,1.14827,1.1706855740103141
31.281,-19600.0,1.099788828135205,59310,1.1227001789300404,61377.6479761857,1.14531,1.1608599929629693
31.285,-19593.0,1.0965555136467773,59090,1.1198001149306425,61120.17421439292,1.14234,1.1499764173110578
31.29,-19588.0,1.0942460032979004,58869,1.1169152620245053,60867.07203774177,1.13938,1.146527104988866
31.294,-19581.0,1.0910126888094729,58655,1.1140438217311377,60618.17927714437,1.13643,1.1395915884168113
31.298,-19575.0,1.0882412763908202,58452,1.111156901764781,60374.062346311,1.13348,1.1362147782708178
31.303,-19568.0,1.085007961902393,58250,1.1082563323613974,60134.865984758384,1.13053,1.1348050400442191
31.307,-19562.0,1.0822365494837405,58050,1.105343727359373,59900.18576217924,1.12771,1.1377845311161394
31.312,-19557.0,1.0799270391348632,57859,1.1024751226817204,59670.13800518022,1.12461,1.148879860115263
31.316,-19551.0,1.077155626716211,57675,1.0996453159591133,59445.12087350274,1.12165,1.1524092650884057
31.32,-19544.0,1.0739223122277832,57498,1.0967951070268185,59225.36721575795,1.1187,1.1193109033052144
31.325,-19539.0,1.0716128018789062,57322,1.0939542145841517,59010.72764536457,1.11589,1.117726811033097
31.329,-19534.0,1.0693032915300291,57149,1.0911761499943489,58800.83396884337,1.11293,1.1191514983322604
31.333,-19525.0,1.0651461729020508,56983,1.0883442590261614,58595.71623038025,1.10997,1.1127822147583881
31.338,-19520.0,1.0628366625531738,56815,1.0854649058303971,58395.10533490573,1.10702,1.110675146519168
31.342,-19513.0,1.0596033480647462,56655,1.082598314990274,58198.82312114815,1.10405,1.105427786606928
31.347,-19508.0,1.0572938377158692,56492,1.079742977551291,58006.653375299786,1.10108,1.1077644055575773
31.351,-19501.0,1.0540605232274414,56332,1.0768975629698725,57818.10986056094,1.09798,1.1040870291813916
31.356,-19494.0,1.0508272087390136,56177,1.074006285122513,57633.236769419695,1.09489,1.1007533100894247
31.36,-19489.0,1.0485176983901368,56022,1.0711291795395304,57451.89571708207,1.09194,1.1124639942670331
31.365,-19482.0,1.045284383901709,55870,1.0682645705661529,57273.84644585692,1.08884,1.1052267909607447
31.369,-19476.0,1.0425129714830568,55719,1.0653836742200693,57098.93622226939,1.08574,1.0997467255705626
31.374,-19471.0,1.0402034611341795,55582,1.0625430291319269,56927.68066262753,1.08264,1.0969673357053145
31.378,-19463.0,1.0365082445759766,55445,1.0596832633060222,56760.47530205355,1.07967,1.0972096675460077
31.383,-19458.0,1.0341987342270995,55308,1.0568066374788636,56596.84126609142,1.07683,1.1002220097905795
31.387,-19451.0,1.030965419738672,55171,1.053942451537479,56436.35629990818,1.07387,1.0794623007368627
31.391,-19446.0,1.028655909389795,55036,1.0510892346545246,56278.76630867936,1.0709,1.0904568417261193
31.396,-19438.0,1.0249606928315915,54904,1.0482183834573895,56124.02459262221,1.06793,1.0989517370757689
31.4,-19434.0,1.0231130845524905,54776,1.0453592893838322,55972.20820828815,1.06495,1.0830842393827427
31.405,-19427.0,1.0198797700640625,54647,1.0425378687809956,55823.14863187326,1.06197,1.090911949287483
31.409,-19421.0,1.01710835764541,54523,1.0396950544373205,55676.75638234844,1.05898,1.0787744298059556
31.413,-19416.0,1.0147988472965332,54398,1.0368879887338427,55532.95255845571,1.05599,1.0592265020908171
31.418,-19408.0,1.01110363073833,54269,1.034057832040945,55391.135531234206,1.05301,1.0638948312416396
31.422,-19403.0,1.008794120389453,54148,1.0312073145170253,55251.30686177679,1.05004,1.0712704483552584
31.426,-19395.0,1.00509890383125,54026,1.028338843520763,55113.64527879316,1.04718,1.0583936844460127
31.431,-19391.0,1.0032512955521484,53906,1.025481848225516,54977.953674656026,1.0442,1.0452871086884636
31.435,-19384.0,1.0000179810637206,53791,1.022662278252367,54844.41295110265,1.04135,1.0460953413587493
31.439,-19379.0,0.9977084707148438,53676,1.019848402177796,54713.06438619559,1.03836,1.0451653456953907
31.444,-19372.0,0.994475156226416,53559,1.0170395467848723,54583.53055571208,1.03551,1.0428181517031687
31.448,-19367.0,0.9921656458775392,53443,1.014235118454332,54455.53777750234,1.03255,1.040678332583717
31.452,-19360.0,0.9889323313891112,53328,1.0114345937533613,54329.02208036174,1.02973,1.034472425499584
31.456,-19354.0,0.986160918970459,53212,1.008610204688881,54203.808821913066,1.02675,1.0290196888896028
31.461,-19349.0,0.983851408621582,53096,1.0058193857554918,54079.68489118729,1.02379,1.024481246530939
31.465,-19342.0,0.9806180941331544,52984,1.003030861347392,53956.75796133428,1.0209700000000002,1.0257981201112203
31.469,-19336.0,0.977846681714502,52867,1.0002170537236164,53834.82738780395,1.01801,1.0277981695578928
31.474,-19330.0,0.9750752692958496,52753,0.9974082586882226,53713.65713181595,1.01504,1.0304081979750097
31.478,-19325.0,0.9727657589469728,52637,0.9946311900270894,53593.21641477908,1.01224,1.0310319684688167
31.483,-19318.0,0.9695324444585448,52519,0.991854790130626,53473.1825102153,1.0093,1.0103724517324413
31.487,-19312.0,0.9667610320398926,52404,0.9890516734793404,53353.566436132765,1.00635,1.007137474614204
31.491,-19307.0,0.9644515216910156,52289,0.9862796118197352,53234.49614262254,1.0034,1.0090254029554386
31.496,-19300.0,0.961218207202588,52176,0.983507626923001,53116.0253342255,1.00046,1.0165818162432956
31.5,-19294.0,0.9584467947839356,52062,0.9807084032648572,52998.14224833969,0.99764,1.0139944095841975
31.504,-19289.0,0.9561372844350586,51948,0.977939774311148,52880.7182783171,0.99468,1.0068062494695806
31.509,-19281.0,0.9524420678768556,51832,0.9751435098067944,52763.58090589294,0.99174,1.014962460862826
31.513,-19275.0,0.9496706554582032,51718,0.9722955707872198,52646.696245258936,0.9888,0.9948547153327518
31.517,-19270.0,0.9473611451093262,51601,0.9694839863228466,52529.97529969098,0.98597,0.9858939749001382
31.522,-19262.0,0.9436659285511232,51484,0.9666498451438212,52413.22136017949,0.98301,1.0093256792954892
31.526,-19257.0,0.941356418202246,51370,0.9637958142386736,52296.61567994893,0.98005,1.0078855346413986
31.53,-19251.0,0.9385850057835936,51254,0.9609788581615684,52180.19984699108,0.97709,0.9771211430804883
31.535,-19246.0,0.9362754954347168,51137,0.9581945933778168,52063.77406256028,0.97426,0.9757942912289516
31.539,-19240.0,0.9335040830160644,51021,0.9554391546390544,51947.33950326686,0.9713,0.9908125051476555
31.543,-19234.0,0.9307326705974122,50901,0.9526818272555267,51830.71985441261,0.96836,0.9879887160140912
31.548,-19227.0,0.9274993561089844,50783,0.9498955280825222,51713.81876522889,0.9654,0.9853536736887643
31.552,-19221.0,0.924727943690332,50660,0.9470836825936269,51596.492159563,0.96245,0.9627697008735386
31.557,-19216.0,0.9224184333414552,50534,0.944303924148736,51478.3174090894,0.9595,0.9593992361284892
31.561,-19210.0,0.9196470209228028,50411,0.941552458942784,51359.39479403545,0.95628,0.9690916040516304
31.566,-19205.0,0.9173375105739258,50290,0.9388259417304676,51240.10832500363,0.95333,0.9819933153258796
31.57,-19199.0,0.9145660981552736,50171,0.9361214227908772,51120.73749178415,0.95053,0.9619391207569238
31.574,-19192.0,0.9113327836668456,50047,0.9333816882662728,51001.1149169671,0.94759,0.9640111483389571
31.579,-19184.0,0.9076375671086426,49925,0.930556288967649,50881.09301297631,0.94467,0.9450047155493453
31.583,-19179.0,0.9053280567597656,49801,0.9277099663484668,50760.718994414725,0.94189,0.9451945156043535
31.587,-19175.0,0.903480448480664,49674,0.9249544200661934,50639.7389064892,0.93896,0.9417746897446413
31.592,-19168.0,0.9002471339922363,49547,0.9222243043027776,50518.04705549433,0.93603,0.9368922882055335
31.596,-19162.0,0.897475721573584,49420,0.9194619993895624,50395.72759659062,0.93324,0.9407778414984103
31.6,-19157.0,0.8951662112247071,49287,0.916725924100548,50272.50003048581,0.93032,0.9301692745312795
31.605,-19151.0,0.8923947988060547,49155,0.9140129771814972,50148.17614006132,0.92738,0.9271109165040081
31.609,-19143.0,0.8886995822478516,49018,0.9112385047096172,50022.64907940846,0.92446,0.9258518307499809
31.613,-19138.0,0.8863900718989747,48878,0.9084370875942648,49895.58816593286,0.92154,0.9232165471178755
31.618,-19133.0,0.8840805615500976,48739,0.9056938309745484,49767.0565196135,0.91862,0.9232704122070412
31.622,-19127.0,0.8813091491314453,48595,0.902974551807958,49636.99156265674,0.9158,0.9291252864207021
31.627,-19121.0,0.878537736712793,48448,0.9002491086770036,49505.10164655174,0.91287,0.9237762659719748
31.631,-19115.0,0.8757663242941407,48293,0.8975182303767472,49370.952253597214,0.90993,0.9168615577694612
31.636,-19111.0,0.8739187160150391,48141,0.8948371724297927,49234.5149455878,0.90683,0.9077588481555889
31.64,-19103.0,0.870223499456836,47990,0.8921454314404103,49096.29670328048,0.90387,0.9327626030596797
31.644,-19096.0,0.8669901849684082,47831,0.8893623511712158,48956.09427329458,0.90093,0.9011749234396809
31.649,-19090.0,0.8642187725497559,47671,0.8865533439996987,48813.61019907632,0.89798,0.904645352610366
31.653,-19083.0,0.8609854580613281,47501,0.8837214753878372,48668.46395899164,0.8950100000000001,0.9227667831685009
31.658,-19079.0,0.8591378497822266,47329,0.8809240612498173,48520.2609049064,0.8919300000000001,0.9064543483731877
31.662,-19073.0,0.8563664373635742,47158,0.8781843343162296,48369.30334119951,0.88897,0.9172650878742276
31.666,-19068.0,0.8540569270146973,46985,0.8754681675040525,48215.85782935367,0.8861300000000001,0.9077133359401115
31.671,-19061.0,0.8508236125262696,46807,0.8727454687389258,48059.80470962466,0.88316,0.8954224853003648
31.675,-19056.0,0.8485141021773926,46621,0.8700170103249664,47900.68376582894,0.8802099999999999,0.9044801013421625
31.679,-19048.0,0.8448188856191895,46435,0.8672561668048345,47738.38478233623,0.8772500000000001,0.9029719117797759
31.684,-19044.0,0.8429712773400879,46233,0.864494073673154,47572.33763565919,0.87429,0.8909885488826584
31.688,-19037.0,0.8397379628516601,46027,0.861758185125728,47401.80314115427,0.8712200000000001,0.8839413495465835
31.693,-19032.0,0.8374284525027832,45823,0.8590180964206741,47227.193624676576,0.86815,0.8926520096376942
31.697,-19025.0,0.8341951380143555,45622,0.8562743041627678,47049.28648260043,0.8651899999999999,0.8932145448468588
31.702,-19019.0,0.8314237255957031,45423,0.8534999397925831,46868.76719599927,0.86239,0.8892176406647773
31.706,-19015.0,0.8295761173166016,45224,0.8507805373422584,46686.062846040106,0.85947,0.8777182043823412
31.71,-19009.0,0.8268047048979492,45026,0.8481095984004727,46501.490900638295,0.85653,0.8658326910765448
31.715,-19002.0,0.8235713904095215,44829,0.8453994735495204,46315.390409352825,0.8537399999999999,0.857374859065977
31.719,-18997.0,0.8212618800606446,44633,0.8426821023755723,46128.06033428761,0.8508500000000001,0.8684596971866517
31.723,-18991.0,0.8184904676419922,44439,0.8399856480943794,45939.82340722096,0.84795,0.8503534049309416
31.728,-18984.0,0.8152571531535645,44247,0.8372530247049409,45751.02331920301,0.84504,0.8689423054054417
31.732,-18981.0,0.8138714469442383,44055,0.8345704279990657,45561.84489024823,0.84213,0.853689131520964
31.737,-18974.0,0.8106381324558105,43872,0.8319319430820841,45372.86490999664,0.8391200000000001,0.8392451481252792
31.741,-18968.0,0.8078667200371582,43689,0.82925043506097,45184.59197148351,0.8364800000000001,0.8592343174346866
31.745,-18962.0,0.8050953076185059,43510,0.8265582972118538,44997.17894736368,0.83358,0.8414972856273282
31.75,-18956.0,0.8023238951998536,43334,0.823856786350269,44810.93798761732,0.8307,0.8585155833918092
31.754,-18950.0,0.7995524827812012,43157,0.8211470106924225,44625.84874824854,0.8278300000000001,0.8524886687575544
31.758,-18945.0,0.7972429724323242,42985,0.8184572538730428,44442.01152542451,0.8249500000000001,0.839310529996589
31.763,-18938.0,0.7940096579438966,42817,0.815757842520632,44259.810343802834,0.82206,0.8222848322230502
31.767,-18934.0,0.792162049664795,42647,0.8130772245851609,44079.17000118241,0.81932,0.8413597856248441
31.771,-18930.0,0.7903144413856934,42480,0.8104950973755465,43899.96506948153,0.81644,0.826524726114801
31.776,-18922.0,0.7866192248274902,42311,0.8078905900680671,43722.08495058199,0.8135399999999999,0.8216089816534804
31.78,-18915.0,0.7833859103390625,42144,0.8051844294242889,43545.37300551396,0.8105199999999999,0.8119688407455473
31.785,-18910.0,0.7810763999901855,41970,0.8024705537502926,43369.39552849688,0.8076700000000001,0.8300406782862979
31.789,-18903.0,0.7778430855017578,41807,0.7997498752310936,43194.30214944115,0.8045199999999999,0.8057661008999124
31.794,-18897.0,0.7750716730831055,41639,0.7969958917514611,43020.34304159032,0.80149,0.8285958983624885
31.799,-18891.0,0.7723002606644531,41482,0.7942398475647987,42847.73879900578,0.79847,0.8019936127600469
31.803,-18887.0,0.7704526523853515,41325,0.7915365992148553,42676.97952084254,0.7957000000000001,0.7956838994525234
31.807,-18880.0,0.7672193378969239,41167,0.7888525979484677,42507.78795071324,0.7926500000000001,0.7938507766500164
31.812,-18873.0,0.7639860234084961,41013,0.7861036487459455,42340.15608317236,0.78975,0.7983356032441504
31.816,-18868.0,0.7616765130596191,40863,0.7833520436096716,42174.37244628382,0.78685,0.8120013427225008
31.821,-18862.0,0.7589051006409668,40715,0.7806254030116666,42010.5732192602,0.7837799999999999,0.8065092452455813
31.825,-18856.0,0.7561336882223144,40565,0.7778934688266308,41848.52377580815,0.7809699999999999,0.81210602826325
31.829,-18850.0,0.7533622758036621,40415,0.7751568669407409,41687.89899583112,0.7780499999999999,0.7912342805559538
31.834,-18844.0,0.7505908633850098,40266,0.7724161492386502,41528.58955193278,0.7752399999999999,0.7914598411360112
31.838,-18839.0,0.7482813530361329,40118,0.7696991088012809,41370.55816041658,0.7722800000000001,0.8027515828645981
31.842,-18832.0,0.7450480385477051,39971,0.7669756397038571,41213.77194581613,0.7693300000000001,0.8004830528751321
31.847,-18827.0,0.7427385281988281,39825,0.7642465020376819,41058.20191968909,0.76641,0.785561462175201
31.851,-18819.0,0.739043311640625,39678,0.7614850595765807,40903.704286240776,0.7635799999999999,0.7702458461681888
31.855,-18814.0,0.736733801291748,39532,0.7586951318713553,40750.15225134277,0.7605999999999999,0.7606747840881766
31.86,-18808.0,0.7339623888730957,39388,0.7559346997654781,40597.61136453677,0.7576499999999999,0.7714537930751195
31.864,-18802.0,0.7311909764544434,39241,0.7531729694045722,40445.90295553808,0.75482,0.7550664752884129
31.868,-18799.0,0.7298052702451172,39096,0.750492013632269,40294.86947910645,0.7518400000000001,0.7717483935091793
31.873,-18791.0,0.7261100536869141,38950,0.747827669185177,40144.49025212571,0.74888,0.7498081263432823
31.877,-18785.0,0.7233386412682618,38801,0.7450960526819527,39994.45144995646,0.74593,0.7479780170441487
31.881,-18779.0,0.7205672288496094,38654,0.7423597309168305,39844.6537051435,0.74295,0.7567299425238204
31.886,-18773.0,0.717795816430957,38507,0.7396192602154859,39695.18675111464,0.7399500000000001,0.7637555583452749
31.89,-18767.0,0.7150244040123047,38358,0.736875131126542,39545.89324209449,0.73699,0.7397549589249859
31.895,-18759.0,0.7113291874541016,38210,0.7340731633022302,39396.69355345057,0.734,0.7624327257851498
31.899,-18753.0,0.7085577750354493,38063,0.7312201952935629,39247.69482714483,0.7308600000000001,0.7325628819414732
31.903,-18746.0,0.7053244605470215,37917,0.7283495635451146,39098.99153723132,0.72801,0.756151116162755
31.908,-18740.0,0.7025530481283692,37772,0.7254633565255352,38950.666987643686,0.72505,0.7279075971375781
31.912,-18736.0,0.7007054398492676,37626,0.7226453351185261,38802.67639809719,0.7220500000000001,0.7501497973905096
31.916,-18730.0,0.6979340274306153,37482,0.7198874374121713,38655.0394002923,0.7191799999999999,0.7397064937702409
31.921,-18724.0,0.6951626150119629,37330,0.7171279417965801,38507.35948299733,0.7162,0.7229758036309669
31.925,-18718.0,0.6923912025933106,37185,0.7143670372002234,38359.58260339194,0.7131799999999999,0.743565461395405
31.93,-18711.0,0.6891578881048829,37038,0.7115775837654148,38212.01581278222,0.7101599999999999,0.7104347058130145
31.934,-18705.0,0.6863864756862305,36886,0.7087629569582128,38064.22044955678,0.7071700000000001,0.7336910545799171
31.938,-18698.0,0.6831531611978028,36734,0.7059261331471389,37915.92795196474,0.7043299999999999,0.7061568829088866
31.943,-18693.0,0.6808436508489258,36584,0.7030970432386311,37767.31533338085,0.7013199999999999,0.722899590848357
31.947,-18688.0,0.6785341405000488,36434,0.7003293857127818,37618.53867803981,0.69831,0.7055374654222522
31.951,-18682.0,0.6757627280813965,36283,0.6975885906761903,37469.55826339649,0.6953400000000001,0.7051449019822948
31.956,-18676.0,0.6729913156627442,36128,0.6948441755997109,37320.10259390301,0.6924600000000001,0.6955818170721875
31.96,-18669.0,0.6697580011743164,35973,0.6920692620497793,37169.99139162932,0.68944,0.7108871411020579
31.964,-18664.0,0.6674484908254394,35815,0.6892947624553862,37019.12481116692,0.6864600000000001,0.7141072288510429
31.969,-18657.0,0.6642151763370118,35652,0.6865206278725837,36867.11922532146,0.6836200000000001,0.6941315170389762
31.973,-18651.0,0.6614437639183594,35492,0.6837195086960631,36713.9910693659,0.6806099999999999,0.6835138700277523
31.977,-18644.0,0.6582104494299317,35331,0.6808945954437275,36559.99130494183,0.6776200000000001,0.7013886692252242
31.982,-18640.0,0.6563628411508301,35170,0.6781033142997267,36405.1638691003,0.67465,0.6955629455893961
31.986,-18632.0,0.652667624592627,35002,0.6753143823303921,36249.1927996195,0.67178,0.6757396823862871
31.99,-18626.0,0.6498962121739746,34834,0.6724729088850627,36091.799492006096,0.6687700000000001,0.6786978465590014
31.995,-18619.0,0.6466628976855469,34663,0.6696124126426136,35932.97475210165,0.6658,0.6661063611633405
31.999,-18614.0,0.6443533873366699,34485,0.6667624492077986,35772.29665103505,0.66283,0.6640916996391353
32.003,-18608.0,0.6415819749180176,34308,0.6639490796845056,35609.62961619852,0.6598200000000001,0.6623223394166463
32.008,-18604.0,0.639734366638916,34124,0.6611952838473498,35444.85410438371,0.65682,0.6615527344940368
32.012,-18597.0,0.6365010521504882,33941,0.6584667115655324,35277.86470654903,0.65384,0.6593334743077339
32.017,-18590.0,0.6332677376620606,33756,0.6556784611924473,35108.86406365649,0.6508100000000001,0.653410059342808
32.021,-18583.0,0.6300344231736328,33564,0.6528375887549747,34937.55791827599,0.64778,0.6508004397280011
32.026,-18575.0,0.6263392066154297,33372,0.6499230095638656,34763.8050392392,0.6448,0.6490157829323224
32.03,-18569.0,0.6235677941967773,33173,0.646970744770256,34587.48089381603,0.64181,0.6478751102286211
32.034,-18563.0,0.620796381778125,32972,0.6440398630201035,34408.35743858327,0.6387799999999999,0.645711924626784
32.039,-18557.0,0.6180249693594727,32764,0.6411278360936511,34226.2335927851,0.63577,0.6383684087201497
32.043,-18553.0,0.6161773610803711,32558,0.6382870475911623,34041.16851999739,0.63277,0.6414666104986183
32.047,-18545.0,0.612482144522168,32344,0.6354544617557158,33853.155271205294,0.62971,0.6421565068379678
32.052,-18540.0,0.610172634173291,32125,0.6326018022984182,33661.773897227235,0.6266499999999999,0.633316799873057
32.056,-18533.0,0.6069393196848633,31896,0.6297587490680696,33466.535866692095,0.62365,0.6356896719425907
32.061,-18525.0,0.6032441031266602,31662,0.626842246929683,33267.01040963521,0.6204799999999999,0.6439743771653519
32.065,-18520.0,0.6009345927777832,31429,0.6239155929963109,33063.46797946218,0.6174299999999999,0.6199588282135055
32.07,-18514.0,0.5981631803591309,31188,0.6210346004598272,32855.96970038336,0.61452,0.6447680191459895
32.074,-18508.0,0.5953917679404785,30939,0.6181665641060985,32644.037413023645,0.61147,0.6395627433355288
32.078,-18502.0,0.5926203555218262,30690,0.6153099520635144,32427.722432263105,0.6083799999999999,0.637135112039043
32.082,-18496.0,0.5898489431031738,30430,0.61246341358099,32206.892653585164,0.60545,0.6144298538418106
32.087,-18489.0,0.5866156286147461,30157,0.6095984511649799,31980.66306565693,0.60242,0.6128101815915342
32.091,-18483.0,0.5838442161960937,29884,0.6067172431654807,31748.90358765077,0.5992,0.6094167117779394
32.096,-18476.0,0.580610901707666,29605,0.6038217103757239,31511.91334060113,0.59625,0.6210522787383886
32.1,-18470.0,0.5778394892890136,29322,0.6009135464843474,31269.719609438533,0.5931900000000001,0.6125961876107058
32.104,-18463.0,0.574606174800586,29044,0.5979942449270604,31022.99674443719,0.5901099999999999,0.6023254529564926
32.109,-18457.0,0.5718347623819336,28763,0.5950651225635073,30772.398481602413,0.5869800000000001,0.6033701131598671
32.113,-18451.0,0.5690633499632812,28493,0.5921546470029405,30518.855966981664,0.5840400000000001,0.5976384042046365
32.117,-18445.0,0.5662919375446289,28225,0.5892606135444339,30263.48583974769,0.5809899999999999,0.5914896797742871
32.122,-18439.0,0.5635205251259766,27966,0.586381078159423,30007.154478674787,0.5779099999999999,0.5869298076720517
32.126,-18433.0,0.5607491127073242,27713,0.5835143266711617,29750.86229601037,0.5748200000000001,0.5831875285046516
32.13,-18425.0,0.5570538961491212,27463,0.5806042346817637,29495.13671608033,0.5719000000000001,0.5799623262951603
32.135,-18419.0,0.5542824837304687,27220,0.5776559265464912,29240.501920701,0.5688,0.5764076287962129
32.139,-18413.0,0.5515110713118164,26986,0.5747285336399891,28987.774819543825,0.56568,0.5705545103741738
32.144,-18407.0,0.5487396588931641,26758,0.5718195830544737,28737.616617735388,0.56261,0.565573937414151
32.148,-18399.0,0.545044442334961,26538,0.5688722813694298,28490.55122555229,0.5595699999999999,0.589574062165282
32.152,-18395.0,0.5431968340558594,26326,0.5659457759157199,28247.15884364194,0.55646,0.5655296882797878
32.157,-18386.0,0.5390397154278809,26120,0.5630103014069598,28007.832837952312,0.5534000000000001,0.5555338475991822
32.161,-18379.0,0.5358064009394531,25918,0.5599849989528196,27772.68359529945,0.55036,0.5635108233760502
32.166,-18374.0,0.5334968905905761,25720,0.5569897151349482,27541.690216141964,0.5472699999999999,0.5685851425863875
32.17,-18368.0,0.5307254781719238,25531,0.5540482071542818,27315.129858978653,0.5441800000000001,0.5740207068651411
32.174,-18362.0,0.5279540657532715,25349,0.5511268103875008,27093.424264722387,0.5412699999999999,0.5461405442766194
32.178,-18356.0,0.5251826533346191,25171,0.5482231469893564,26876.649722848502,0.53823,0.5512168106549947
32.183,-18350.0,0.5224112409159668,24997,0.5453351202586454,26664.69615056955,0.53529,0.5596884698494683
32.187,-18344.0,0.5196398284973145,24828,0.5424608813972013,26457.525598111304,0.53227,0.5626972092713066
32.192,-18336.0,0.5159446119391113,24656,0.5395441873026531,26254.690780901223,0.5292300000000001,0.5323795860324404
32.196,-18328.0,0.5122493953809082,24497,0.5365354447643025,26056.270238145986,0.52616,0.5355604535449637
32.2,-18338.0,0.5168684160786621,24407,0.5339370531793071,25866.58967560109,0.5231600000000001,0.5280530459477027
32.205,-18343.0,0.5191779264275391,24378,0.5320554786139619,25692.30098516652,0.5207999999999999,0.5277795957239997
32.209,-18349.0,0.5219493388461914,24394,0.530696742562027,25537.85075612924,0.5189900000000001,0.537605059683543
32.213,-18356.0,0.5251826533346191,24442,0.5298536402155886,25405.445431678167,0.51773,0.5393412410118215
32.218,-18362.0,0.5279540657532715,24520,0.529465205729242,25296.14381568271,0.5169900000000001,0.5234212452818837
32.222,-18371.0,0.53211118438125,24621,0.5295322944382855,25210.347467976982,0.51678,0.5316696165630989
32.226,-18379.0,0.5358064009394531,24741,0.5300556605476237,25147.76017867862,0.51705,0.5297781832606205
32.231,-18383.0,0.5376540092185547,24882,0.5308448239512321,25108.002525425065,0.51782,0.5211672406009549
32.235,-18390.0,0.5408873237069824,25035,0.5318410517123042,25090.326124996864,0.51919,0.5215800764613195
32.239,-18397.0,0.5441206381954101,25205,0.5331017809637217,25093.83460952125,0.5211600000000001,0.5214981351049284
32.244,-18404.0,0.5473539526838379,25375,0.5345957384260275,25117.028184227747,0.5236000000000001,0.5209564445380176
32.248,-18410.0,0.5501253651024902,25557,0.5362680419613078,25158.28879528569,0.5266200000000001,0.5355099159839071
32.253,-18417.0,0.553358679590918,25743,0.5380976048582063,25216.426168717007,0.5299799999999999,0.5296200293599715
32.257,-18425.0,0.5570538961491212,25941,0.5401204464848348,25290.390762343235,0.53304,0.5263495402060958
32.261,-18432.0,0.5602872106375488,26150,0.5423137145702283,25379.670948172214,0.5362800000000001,0.5450557418125659
32.266,-18438.0,0.5630586230562011,26372,0.5446026458805157,25483.874707839936,0.53938,0.5229774413626505
32.27,-18445.0,0.5662919375446289,26599,0.5469759296939238,25602.301668808603,0.5426200000000001,0.5425056240890256
32.274,-18450.0,0.5686014478935059,26840,0.5493962861613103,25734.3933843412,0.54586,0.5439369146050649
32.279,-18458.0,0.572296664451709,27087,0.5518854561053255,25879.71655293357,0.5492900000000001,0.537942969871926
32.283,-18463.0,0.574606174800586,27342,0.5544353033786749,26037.534400011355,0.55253,0.5312715930899639
32.288,-18472.0,0.5787632934285645,27604,0.5570659602580086,26207.256380788327,0.55576,0.5536105428234782
32.292,-18477.0,0.5810728037774414,27879,0.5597678722361386,26388.65736040713,0.5590200000000001,0.5374938772000764
32.296,-18487.0,0.5856918244751953,28187,0.5625599209293122,26583.07587511758,0.56226,0.5630170470071305
32.301,-18493.0,0.5884632368938477,28495,0.565458755489753,26790.923673443805,0.5658000000000001,0.5675280941156464
32.306,-18499.0,0.5912346493125,28793,0.5683425243193957,27010.02177281764,0.56907,0.5669493466350614
32.31,-18505.0,0.5940060617311523,29097,0.5712130087118311,27238.803526612577,0.5723499999999999,0.5535805448986458
32.315,-18512.0,0.5972393762195801,29402,0.5740990857980058,27476.53781171651,0.5757099999999999,0.5678752292297836
32.319,-18520.0,0.6009345927777832,29701,0.5770535248754499,27721.87054043922,0.5789900000000001,0.5662680041386987
32.324,-18528.0,0.6046298093359863,29988,0.5800955496263858,27972.839199204056,0.5824100000000001,0.5753176091538476
32.328,-18533.0,0.6069393196848633,30263,0.5831328850319591,28227.35860743991,0.5856399999999999,0.5677298929389483
32.332,-18540.0,0.610172634173291,30538,0.5861387790877192,28484.299534242087,0.5887800000000001,0.5895590012588867
32.337,-18548.0,0.6138678507314942,30816,0.5891988685999261,28743.55302405192,0.59206,0.5697668818052329
32.341,-18553.0,0.6161773610803711,31079,0.5922521328834272,29004.136242687247,0.5954600000000001,0.5788549299311694
32.346,-18560.0,0.6194106755687988,31334,0.5952720724695002,29264.53226979197,0.5987199999999999,0.5863484758672789
32.35,-18567.0,0.6226439900572266,31579,0.5983172403933864,29523.69912476436,0.60199,0.5912047671959357
32.354,-18571.0,0.6244915983363282,31824,0.601302734443025,29781.190964544945,0.6051,0.5948951451341563
32.359,-18580.0,0.6286487169643067,32065,0.6042902230431736,30036.96936462159,0.6083400000000001,0.5977520991174905
32.363,-18585.0,0.6309582273131836,32296,0.6073067768167999,30290.409269622047,0.6116299999999999,0.6012167790701398
32.367,-18594.0,0.6351153459411621,32526,0.6103489592490796,30541.136879660127,0.6148899999999999,0.6072735742499908
32.372,-18600.0,0.6378867583598145,32749,0.6134410465890517,30788.99994319484,0.6181300000000001,0.6151222253841873
32.376,-18607.0,0.6411200728482422,32969,0.6165225254437156,31033.745975320024,0.62138,0.6102471742648549
32.381,-18613.0,0.6438914852668945,33187,0.6195946501051552,31275.447930617825,0.6246100000000001,0.6145274288787803
32.385,-18620.0,0.6471247997553223,33403,0.6226585265644881,31514.22925529776,0.6278300000000001,0.6227698503098663
32.389,-18626.0,0.6498962121739746,33606,0.6257151300461984,31749.548508560256,0.63123,0.6099011375518073
32.394,-18632.0,0.652667624592627,33802,0.6287380140210654,31980.63267976038,0.6344799999999999,0.6128088846764583
32.398,-18641.0,0.6568247432206055,33998,0.6318130846527785,32207.568681175,0.63754,0.6146534057791054
32.402,-18646.0,0.6591342535694824,34196,0.6349068652144318,32430.965205602726,0.6407700000000001,0.6374826724107755
32.407,-18654.0,0.6628294701276856,34387,0.6379898370930588,32650.94515539189,0.64398,0.6404891215157086
32.411,-18660.0,0.6656008825463379,34574,0.6410905846993178,32867.26219717224,0.6471800000000001,0.6455681668409127
32.416,-18665.0,0.6679103928952148,34761,0.6441250869789841,33080.112944531094,0.65039,0.6309669361241949
32.42,-18672.0,0.6711437073836426,34946,0.6471284828828974,33289.788999283504,0.6536200000000001,0.6534685060194506
32.424,-18678.0,0.6739151198022949,35124,0.6501317567152525,33496.13366398164,0.65683,0.6567629067142773
32.429,-18685.0,0.6771484342907227,35301,0.6531349229091552,33699.06788566571,0.66001,0.6545328659379587
32.433,-18691.0,0.679919846709375,35476,0.6561379941912158,33898.81754517362,0.66323,0.6628143383539546
32.438,-18698.0,0.6831531611978028,35649,0.6591409817833164,34095.52269897129,0.66639,0.6663452548766865
32.442,-18705.0,0.6863864756862305,35819,0.6621712020287603,34289.247726579684,0.6695500000000001,0.6690846471891754
32.446,-18711.0,0.6891578881048829,35986,0.6651981286321275,34479.99027822287,0.67262,0.6726110798937821
32.451,-18718.0,0.6923912025933106,36149,0.6682221510165132,34667.68916455274,0.6758200000000001,0.6754760250507312
32.455,-18723.0,0.6947007129421875,36310,0.6712163061134149,34852.34954832867,0.67886,0.6786929828016615
32.459,-18730.0,0.6979340274306153,36473,0.6741841252754419,35034.330686276866,0.68204,0.6816002427843844
32.464,-18736.0,0.7007054398492676,36629,0.6771560287746903,35213.65377149101,0.6852499999999999,0.68249278975949
32.468,-18742.0,0.7034768522679199,36791,0.6801042272521485,35390.57396089346,0.6882299999999999,0.681695142499296
32.472,-18750.0,0.707172068826123,36951,0.6830861363626817,35565.61182996741,0.6914,0.6675851908271744
32.477,-18757.0,0.7104053833145508,37107,0.6861250767847409,35738.63523008615,0.6946000000000001,0.6673370346077332
32.481,-18763.0,0.7131767957332031,37264,0.6891596925364298,35909.70498938107,0.69777,0.6677185707908138
32.485,-18767.0,0.7150244040123047,37420,0.6921085755995484,36079.05209617425,0.70093,0.6848363509484418
32.49,-18774.0,0.7182577185007324,37574,0.6950091690091825,36246.70287573857,0.7041200000000001,0.6756732017344875
32.494,-18781.0,0.7214910329891602,37730,0.6979491016273213,36412.85789297598,0.7071400000000001,0.6954506500380957
32.498,-18785.0,0.7233386412682618,37885,0.700841802846002,36577.75311643586,0.7102600000000001,0.6949537593097087
32.503,-18793.0,0.7270338578264649,38036,0.7037201635082896,36741.24191058986,0.71343,0.704613601451664
32.507,-18800.0,0.7302671723148926,38190,0.7066677985116421,36903.43144692104,0.7164600000000001,0.7006725269851961
32.511,-18805.0,0.7325766826637695,38343,0.7095945978738386,37064.59357770648,0.7196100000000001,0.7050653246809981
32.516,-18813.0,0.7362718992219727,38496,0.7125303315408757,37224.79066063269,0.72275,0.7226221940808663
32.52,-18819.0,0.739043311640625,38650,0.7155012496152914,37384.19591533279,0.7257899999999999,0.718598692254654
32.524,-18824.0,0.7413528219895019,38803,0.7184212727311816,37542.90296345469,0.72891,0.7201361338684855
32.529,-18831.0,0.7445861364779297,38954,0.7213237248917664,37700.81700511763,0.73203,0.73046211853335
32.533,-18837.0,0.747357548896582,39109,0.7242379900435804,37858.1500360725,0.7352099999999999,0.7350326987557717
32.537,-18845.0,0.7510527654547852,39263,0.7271899779282665,38015.148104193526,0.7383500000000001,0.7342545703463617
32.542,-18851.0,0.7538241778734375,39418,0.7301752284062413,38171.850813742654,0.7414799999999999,0.7385849405893937
32.546,-18856.0,0.7561336882223144,39574,0.7331078893368957,38328.41132117494,0.7446200000000001,0.7443499024912955
32.551,-18861.0,0.7584431985711915,39730,0.7359668721863323,38484.90555712594,0.74777,0.7369716375681862
32.555,-18868.0,0.7616765130596191,39886,0.7388155011638471,38641.34135719064,0.75074,0.7496322838454114
32.559,-18874.0,0.7644479254782715,40045,0.7416823069056013,38797.90298271641,0.75386,0.7505729562436584
32.564,-18881.0,0.7676812399666992,40202,0.7445651402856034,38954.63467415312,0.75702,0.7282307962055867
32.568,-18888.0,0.770914554455127,40364,0.7474894127275707,39111.69367598497,0.76014,0.7601389476126189
32.573,-18895.0,0.7741478689435547,40530,0.7504502246925117,39269.57334531152,0.76339,0.7378918651131635
32.577,-18901.0,0.776919281362207,40691,0.7534159494891842,39428.11753328243,0.76667,0.7648724602470305
32.582,-18907.0,0.7796906937808594,40850,0.7563586998016982,39586.833848889975,0.76979,0.7603822535124295
32.586,-18913.0,0.7824621061995117,41010,0.7592811920134758,39745.642823260925,0.7727600000000001,0.7679055107420525
32.59,-18919.0,0.785233518618164,41170,0.7621858213369022,39904.59261830283,0.77589,0.7710099492739046
32.595,-18925.0,0.7880049310368165,41338,0.7650746997869176,40064.13952329207,0.7788999999999999,0.774878024941144
32.599,-18931.0,0.7907763434554688,41505,0.7679496896648089,40224.6267608386,0.7821400000000001,0.7805678954567407
32.603,-18936.0,0.7930858538043457,41671,0.7707851266348145,40385.82491612049,0.7852600000000001,0.7794055417719045
32.608,-18945.0,0.7972429724323242,41838,0.7736676065715995,40547.64993392513,0.7882499999999999,0.7792895724058251
32.612,-18951.0,0.8000143848509765,42022,0.776618873807874,40711.09181044468,0.7913600000000001,0.7817219509288603
32.617,-18957.0,0.802785797269629,42205,0.7795488759466782,40876.90525507968,0.79461,0.7894516780560137
32.621,-18963.0,0.8055572096882813,42384,0.7824601272624496,41044.51427897325,0.7978799999999999,0.7953778389054709
32.626,-18968.0,0.8078667200371582,42559,0.7853275383066654,41213.23364300052,0.8010200000000001,0.8008719259889869
32.63,-18975.0,0.811100034525586,42744,0.7881835989730785,41383.28677070819,0.80412,0.8029076308601032
32.634,-18981.0,0.8138714469442383,42931,0.7910569577195186,41555.225373590365,0.80739,0.8055520783297195
32.639,-18987.0,0.8166428593628906,43117,0.7939182628628034,41728.88564027399,0.81037,0.8099053085369955
32.643,-18995.0,0.8203380759210938,43316,0.7968235524547059,41904.77341896194,0.81345,0.7914660615353026
32.648,-19003.0,0.8240332924792969,43519,0.799822238899442,42083.630335985785,0.8168500000000001,0.8124359949582108
32.653,-19009.0,0.8268047048979492,43719,0.802848666542798,42265.16445328085,0.8201,0.8130470396081537
32.657,-19015.0,0.8295761173166016,43918,0.8058449425133688,42448.822763032425,0.82321,0.8152718854488439
32.661,-19020.0,0.8318856276654786,44124,0.8087873253397637,42634.70881616578,0.8264499999999999,0.8215920784139199
32.666,-19025.0,0.8341951380143555,44332,0.8116548806185919,42823.09127247611,0.8295600000000001,0.804568817718663
32.67,-19033.0,0.8378903545725586,44541,0.8145383749143059,43013.852322438135,0.83266,0.8307534139867284
32.675,-19038.0,0.8401998649214356,44756,0.8174359236805133,43207.124555301445,0.8357399999999999,0.8082796692924898
32.679,-19045.0,0.8434331794098633,44969,0.8203185587415402,43402.84753146055,0.83884,0.8308084947181584
32.683,-19053.0,0.8471283959680664,45180,0.8232699627609739,43600.49501819481,0.8419300000000001,0.8328514778101627
32.688,-19057.0,0.848976004247168,45392,0.8262000855104084,43799.78035399366,0.8448599999999999,0.8444590043085854
32.692,-19063.0,0.8517474166658203,45602,0.8290568302799607,44000.45077071146,0.8479399999999999,0.8477317014954641
32.696,-19070.0,0.8549807311542481,45807,0.8319307922447456,44201.92868180777,0.8510200000000001,0.8419828158317861
32.701,-19074.0,0.8568283394333496,46011,0.8347653228367401,44403.76390896572,0.85395,0.8318191383446547
32.705,-19081.0,0.8600616539217774,46213,0.8375650842162179,44605.73685280174,0.857,0.853166086047937
32.709,-19087.0,0.8628330663404297,46405,0.8403888002103654,44807.12182164335,0.86009,0.8586196716954381
32.714,-19094.0,0.8660663808288575,46595,0.8432336385502306,45007.278925824095,0.8631500000000001,0.8408062332002733
32.718,-19099.0,0.8683758911777344,46785,0.8460697953913621,45206.23510687542,0.8662000000000001,0.8597311975765657
32.722,-19106.0,0.8716092056661622,46968,0.8488982971889819,45403.718533915104,0.8691200000000001,0.845882905015636
32.727,-19113.0,0.8748425201545899,47148,0.8517746619320656,45599.31216373722,0.87219,0.8714776196428002
32.731,-19118.0,0.8771520305034668,47321,0.8546386176585976,45792.648262153736,0.8751199999999999,0.8750897804898652
32.735,-19124.0,0.8799234429221192,47491,0.8574643250978665,45983.40257395292,0.87818,0.8642302958300304
32.74,-19129.0,0.8822329532709962,47657,0.8602563065282716,46171.466534363804,0.8812599999999999,0.8809511372719694
32.744,-19135.0,0.8850043656896485,47820,0.863018549537553,46356.74441474887,0.88418,0.8826169762059516
32.748,-19144.0,0.889161484317627,47980,0.8658637960347848,46539.21092232384,0.88724,0.8865314426124862
32.753,-19150.0,0.8919328967362793,48145,0.8687822321195947,46719.31669397115,0.8901699999999999,0.8854708911477926
32.757,-19156.0,0.8947043091549317,48299,0.8716832848913935,46896.98614643433,0.8933800000000001,0.8824080263640572
32.761,-19160.0,0.8965519174340332,48452,0.8745143967661532,47071.79792864306,0.8963000000000001,0.8782355346407006
32.766,-19166.0,0.8993233298526856,48601,0.8772838371914892,47243.79432966654,0.8993800000000001,0.882970057262722
32.77,-19171.0,0.9016328402015624,48748,0.8800262043268123,47412.95352113707,0.90246,0.8810478291603592
32.774,-19178.0,0.9048661546899902,48892,0.8827720056252523,47579.315372956975,0.90551,0.8876266568701281
32.779,-19184.0,0.9076375671086426,49034,0.8855481414974754,47742.91504101885,0.90857,0.9037246639922635
32.783,-19192.0,0.9113327836668456,49176,0.8883783317896107,47903.96087675788,0.9115,0.9044542749999053
32.788,-19197.0,0.9136422940157228,49316,0.891228878940169,48062.63659722004,0.91454,0.8958200530849154
32.792,-19203.0,0.916413706434375,49456,0.8940427631636941,48219.10419770405,0.91759,0.9082836147174453
32.796,-19209.0,0.9191851188530272,49595,0.8968516257420819,48373.56563742516,0.9208,0.9181095226062599
32.801,-19216.0,0.9224184333414552,49728,0.899683366856753,48525.8442926076,0.92387,0.9070793601656127
32.805,-19221.0,0.924727943690332,49856,0.9025079750204248,48675.5479529617,0.9269,0.9251257165003801
32.81,-19227.0,0.9274993561089844,49983,0.9052989871478572,48822.626368088175,0.92997,0.9110583632926721
32.814,-19235.0,0.9311945726671876,50112,0.9081422948042184,48967.44905071547,0.93289,0.9016552360400926
32.818,-19241.0,0.9339659850858398,50237,0.9110317148383724,49110.16447211806,0.93591,0.9322318848583896
32.823,-19247.0,0.9367373975044924,50363,0.9139071822663126,49250.84443170227,0.93895,0.9164793368894772
32.827,-19253.0,0.9395088099231446,50490,0.9167703467715732,49389.84782667359,0.94187,0.9311805864106535
32.831,-19259.0,0.9422802223417968,50613,0.9196226629876936,49527.1955331128,0.94492,0.9406652331823384
32.836,-19265.0,0.9450516347604492,50741,0.9224654135599152,49663.14242841133,0.94796,0.947655627855778
32.84,-19272.0,0.948284949248877,50860,0.92532703592842,49797.6176675973,0.95116,0.9334638703842808
32.844,-19277.0,0.950594459597754,50980,0.9281779923420076,49930.3223124498,0.95408,0.9337806404238364
32.849,-19285.0,0.9542896761559572,51099,0.931046850335908,50061.46570882664,0.9571,0.938249933264363
32.853,-19292.0,0.9575229906443848,51218,0.9339861062169208,50191.17333322368,0.96014,0.9393452478184905
32.857,-19297.0,0.9598325009932618,51338,0.9369055171605888,50319.67406124389,0.96305,0.942320066322622
32.862,-19302.0,0.9621420113421388,51458,0.9397528166325324,50447.16970743027,0.96608,0.9446160872461828
32.866,-19308.0,0.964913423760791,51575,0.9425638371660578,50573.60175523495,0.96911,0.9507103193615718
32.871,-19314.0,0.9676848361794432,51694,0.9453701746422454,50699.03684159701,0.97216,0.959284021631631
32.875,-19321.0,0.9709181506678712,51810,0.9481996892096572,50823.53372465066,0.9752,0.9684908065356896
32.879,-19327.0,0.9736895630865234,51928,0.951049640529666,50947.1442152742,0.97808,0.977384546735919
32.884,-19333.0,0.976460975505176,52048,0.9538903058187828,51070.20958548455,0.98111,0.9762456175588106
32.888,-19341.0,0.9801561920633788,52165,0.9567773959054412,51192.73517008451,0.98413,0.9761134083742549
32.892,-19345.0,0.9820038003424804,52283,0.95965080886675,51314.66655572013,0.98714,0.9678356881358059
32.897,-19352.0,0.9852371148309084,52400,0.962484855366582,51436.07399738408,0.99016,0.9708116377992694
32.901,-19358.0,0.9880085272495606,52517,0.9653388027869112,51556.96032608692,0.99305,0.9828264846183987
32.906,-19363.0,0.9903180375984376,52642,0.9681556852500084,51677.86009469226,0.9962,0.9958826597079058
32.91,-19370.0,0.9935513520868652,52759,0.9709671915717272,51798.771714136,0.9992,0.9726162177165956
32.914,-19378.0,0.9972465686450684,52878,0.973855876743755,51919.33907885202,1.00223,0.992177995210462
32.919,-19384.0,1.0000179810637206,53002,0.9767853090923182,52040.01671350955,1.00523,0.986501056527711
32.923,-19391.0,1.0032512955521484,53121,0.9797233644351192,52160.79158036466,1.00838,0.9764340554426898
32.928,-19396.0,1.0055608059010257,53240,0.9826417167859643,52281.356596201214,1.01138,1.0104699647198803
32.932,-19403.0,1.008794120389453,53359,0.9855426957240668,52401.73657271134,1.01441,1.0109476766327288
32.936,-19408.0,1.01110363073833,53483,0.988428355391318,52522.248974969065,1.01743,0.9856093207210783
32.941,-19414.0,1.0138750431569823,53603,0.9912732006103272,52642.93726304071,1.02047,0.9944937613311435
32.945,-19422.0,1.0175702597151857,53723,0.9941639764137244,52763.54417151338,1.02351,1.0149642296632357
32.95,-19428.0,1.020341672133838,53846,0.997095252208286,52884.2566744796,1.02642,1.0076954463763874
32.954,-19434.0,1.0231130845524905,53970,1.0000076265893876,53005.29875658585,1.02947,1.016670497548309
32.958,-19441.0,1.026346399040918,54094,1.002930640810011,53126.69056750755,1.03239,1.0225194449091892
32.962,-19447.0,1.0291178114595705,54221,1.005863036870912,53248.56810932226,1.03545,1.015483372338781
32.967,-19452.0,1.031427321808447,54349,1.0087490926156544,53371.110421327256,1.03853,1.0114103052576968
32.971,-19459.0,1.034660636296875,54477,1.0116215935302515,53494.29802195288,1.04148,1.0110637836182064
32.975,-19466.0,1.0378939507853029,54605,1.014536755163742,53618.05461563143,1.04457,1.0385814312576966
32.98,-19473.0,1.0411272652737305,54736,1.0174895335347776,53742.49027977833,1.04752,1.0476190595765684
32.984,-19478.0,1.0434367756226075,54871,1.020420868139634,53867.93854641813,1.05061,1.0505395999540788
32.988,-19486.0,1.0471319921808109,55008,1.0233606008258456,53994.63439508744,1.05357,1.0534899789229075
32.993,-19491.0,1.0494415025296877,55146,1.0263077386479855,54122.607670373225,1.05667,1.056572938950181
32.997,-19497.0,1.05221291494834,55284,1.0292067931648503,54251.76645339895,1.05978,1.0596405742004407
33.001,-19502.0,1.0545224252972167,55427,1.0320634494961762,54382.26616288736,1.06289,1.0629563393959705
33.006,-19510.0,1.05821764185542,55571,1.0349373334792102,54514.30295905783,1.06587,1.0639462863721534
33.01,-19517.0,1.0614509563438477,55717,1.0378810211025624,54647.87245697413,,1.045289214065389
33.014,-19523.0,1.0642223687625,55867,1.0408316462506615,54783.14814234435,,1.053493405802136
33.019,-19529.0,1.0669937811811523,56019,1.043761082218454,54920.2829888295,,1.063069231165448
33.023,-19538.0,1.0711508998091308,56173,1.0467537536490412,55059.29364848628,,1.0739475267652727
33.028,-19542.0,1.0729985080882325,56334,1.0497475710139743,55200.490391506064,,1.0661752186318112
33.032,-19547.0,1.075308018437109,56494,1.0526331730309886,55343.96945115549,,1.0655963205138348
33.036,-19554.0,1.078541332925537,56659,1.0555052738642627,55489.697447785766,,1.0843872590768031
33.041,-19562.0,1.0822365494837405,56828,1.0584473891682011,55637.94053537121,,1.0725405877426117
33.045,-19566.0,1.0840841577628415,56997,1.061369321451512,55788.63781223841,,1.0838817966292518
33.049,-19574.0,1.0877793743210449,57168,1.0642734570494985,55941.61734261591,,1.0790803867929588
33.054,-19581.0,1.0910126888094729,57351,1.0672438194943148,56097.43692829223,,1.0956826995110882
33.058,-19587.0,1.093784101228125,57533,1.0702179655718336,56256.41106728352,,1.081952439192868
33.062,-19592.0,1.096093611577002,57723,1.0731408350285423,56418.58060340772,,1.0767437380319467
33.067,-19600.0,1.099788828135205,57918,1.0760731034416608,56584.33625570699,,1.0905240396706262
33.071,-19604.0,1.1016364364143068,58115,1.0789863530792678,56753.66784225305,,1.0919686310481334
33.075,-19612.0,1.1053316529725097,58318,1.0818828326223848,56926.625502373245,,1.0961580133629183
33.08,-19618.0,1.108103065391162,58535,1.0848191377761702,57103.96285595113,,1.1035894716183399
33.084,-19624.0,1.1108744778098143,58756,1.087735946871239,57286.22618398304,,1.1146609070668132
33.089,-19632.0,1.1145696943680177,58978,1.090690177916572,57473.128651877,,1.123677628104136
33.093,-19639.0,1.1178030088564452,59209,1.0937047127837922,57664.712925857406,,1.1176968973223882
33.097,-19645.0,1.1205744212750977,59451,1.0967178085664124,57861.60780149078,,1.1300327734240392
33.102,-19652.0,1.1238077357635254,59707,1.0997296354143054,58064.66331581603,,1.132546740062678
33.106,-19658.0,1.126579148182178,59962,1.102740343359708,58273.91959314781,,1.1345791281623692
33.11,-19664.0,1.12935056060083,60227,1.1057227582475888,58489.17554412089,,1.1382621741151386
33.115,-19671.0,1.1325838750892578,60511,1.1087075317500386,58711.43620307873,,1.1422064027620418
33.119,-19677.0,1.1353552875079105,60799,1.1116943849967476,58941.2330699507,,1.1384754596600741
33.124,-19684.0,1.1385886019963378,61097,1.11468307208958,59178.50274630405,,1.1182644931691228
33.128,-19691.0,1.1418219164847656,61397,1.1177006826523532,59423.071094811865,,1.1404466513784692
33.132,-19696.0,1.1441314268336429,61699,1.1206891840280555,59674.31162805879,,1.1498917558714024
33.137,-19703.0,1.1473647413220704,61998,1.12365201793545,59931.37634425335,,1.1493380247129639
33.141,-19708.0,1.1496742516709473,62298,1.1265922191623865,60193.45838752446,,1.1568935706612298
33.145,-19716.0,1.1533694682291504,62590,1.1295397701274348,60459.55071345227,,1.1621196035446926
33.15,-19722.0,1.1561408806478028,62880,1.1325211082840552,60728.58799311504,,1.1672944176678022
33.154,-19729.0,1.1593741951362304,63170,1.135504932362344,61000.103795717085,,1.1600148229657923
33.159,-19735.0,1.1621456075548828,63448,1.138490948439863,61273.09566483776,,1.154565822452263
33.163,-19742.0,1.1653789220433106,63718,1.141478897346033,61546.20673010617,,1.1548979080655541
33.167,-19748.0,1.1681503344619628,63983,1.1444685505532546,61818.65437222348,,1.167140916654343
33.172,-19755.0,1.1713836489503906,64237,1.1474597065538423,62089.57115253082,,1.1540147502825175
33.176,-19762.0,1.1746169634388184,64490,1.150479494113569,62358.428663390994,,1.171911137276906
33.181,-19768.0,1.1773883758574708,64768,1.1534972215376749,62626.8891996433,,1.183630406578938
33.186,-19775.0,1.1806216903458984,65009,1.1565131324058724,62894.290288729775,,1.1783050129652528
33.19,-19782.0,1.1838550048343262,65237,1.1595547479465147,63157.80132429667,,1.176806634394348
33.194,-19788.0,1.1866264172529786,65462,1.16259172252469,63416.936367664886,,1.1756274558209383
33.199,-19794.0,1.189397829671631,65680,1.1655972984154053,63671.62163940002,,1.1805777055524396
33.203,-19801.0,1.1926311441600586,65896,1.16860249448427,63921.85120076143,,1.186747284866056
33.207,-19809.0,1.1963263607182617,66105,1.1716619685359186,64167.61981517423,,1.1916786113231872
33.212,-19814.0,1.1986358710671388,66309,1.1747146901277143,64408.745513016576,,1.1947361089265895
33.216,-19819.0,1.2009453814160156,66511,1.1776795382906484,64645.363426794735,,1.2132950574086103
33.22,-19828.0,1.205102500043994,66710,1.1806761285145104,64877.71094644572,,1.21625120296306
33.225,-19835.0,1.208335814532422,66903,1.1837553206797131,65105.76092456624,,1.2173258261060538
33.229,-19841.0,1.2111072269510743,67095,1.1868254290179516,65329.60765831557,,1.2216476427641778
33.233,-19846.0,1.2134167372999511,67284,1.1898329146571671,65549.51164784,,1.2253366749744932
33.238,-19854.0,1.2171119538581543,67468,1.19283979467581,65765.46612351474,,1.2283468885112998
33.242,-19858.0,1.218959562137256,67649,1.1958188342310665,65977.46511612013,,1.2306337040918511
33.246,-19866.0,1.222654778695459,67828,1.198773325034414,66185.68071439835,,1.2315372906508077
33.251,-19871.0,1.224964289044336,68004,1.2017334760507377,66390.26466021441,,1.235718374371644
33.255,-19878.0,1.2281976035327635,68181,1.2046713115976793,66591.5281064574,,1.2402944923082329
33.26,-19887.0,1.2323547221607425,68353,1.2076986959331355,66789.62718212347,,1.237602259345676
33.264,-19894.0,1.23558803664917,68520,1.2108050412744655,66984.3448519443,,1.2462304239489275
33.268,-19899.0,1.2378975469980469,68688,1.2138717858903827,67175.84444615667,,1.2386208992551715
33.273,-19904.0,1.240207057346924,68853,1.2168489990680575,67364.38821847516,,1.252084372055146
33.277,-19911.0,1.2434403718353515,69015,1.2198018794352026,67549.97094551046,,1.2532834944608995
33.281,-19918.0,1.2466736863237793,69173,1.2227879168731557,67732.52890406219,,1.2465576605362327
33.286,-19926.0,1.2503689028819824,69328,1.2258304975106888,67912.00590522947,,1.2435332730966233
33.29,-19931.0,1.2526784132308597,69486,1.2288683230777222,68088.76622537669,,1.2546044614889187
33.294,-19937.0,1.2554498256495117,69642,1.2318473428925645,68263.19018812448,,1.259921810872977
33.299,-19946.0,1.2596069442774902,69795,1.2348837356342155,68435.25844522352,,1.2575766080207829
33.303,-19951.0,1.2619164546263673,69950,1.2379434113782053,68605.19040565054,,1.2517864143914044
33.307,-19956.0,1.264225964975244,70100,1.240914391470575,68773.06130181206,,1.2760900897635468
33.312,-19963.0,1.267459279463672,70250,1.2438617757199772,68938.81923623155,,1.274717687138185
33.316,-19971.0,1.271154496021875,70400,1.24687027332078,69102.71403450715,,1.261026628812257
33.32,-19976.0,1.273464006370752,70575,1.2498780456519394,69266.44391909475,,1.263259238814391
33.326,-19985.0,1.2776211249987306,70732,1.252912484913801,69430.44221031248,,1.2864770591874461
33.33,-19991.0,1.2803925374173828,70884,1.255997744595521,69593.31747301634,,1.280756260246628
33.334,-19999.0,1.284087753975586,71034,1.259100509506944,69754.78866647022,,1.2818766084007929
33.339,-20005.0,1.2868591663942384,71183,1.262218709920826,69914.84444832157,,1.2942504459507396
33.343,-20010.0,1.2891686767431152,71333,1.265268601478986,70073.6521694709,,1.291506878227901
33.347,-20017.0,1.292401991231543,71482,1.268285567113207,70231.3593941193,,1.2898123553782286
33.352,-20024.0,1.2956353057199708,71629,1.2713281127098284,70387.9188870525,,1.305780909327845
33.356,-20031.0,1.2988686202083983,71780,1.2743932138272425,70543.58458488932,,1.2877407390459732
33.36,-20038.0,1.302101934696826,71927,1.2774782036180752,70698.46216530965,,1.3131136097306473
33.365,-20045.0,1.305335249185254,72075,1.2805807305491042,70852.46745902224,,1.3155721406713374
33.369,-20051.0,1.3081066616039063,72226,1.2836714146719177,71005.94007025685,,1.3152497874824212
33.373,-20056.0,1.3104161719527831,72376,1.2866970433220395,71159.06121541187,,1.3218018475228126
33.378,-20064.0,1.3141113885109863,72525,1.2897199212164154,71311.75421521223,,1.325403861128044
33.382,-20068.0,1.315958996790088,72672,1.2927130671418483,71463.89233914381,,1.3285390445638965
33.386,-20076.0,1.3196542133482911,72820,1.2956799964515888,71615.4820754437,,1.328944815237032
33.391,-20084.0,1.323349429906494,72968,1.2987330346547674,71766.64738000848,,1.334523380916428
33.395,-20090.0,1.3261208423251465,73119,1.301807387787555,71917.61578762962,,1.3247208998028162
33.399,-20098.0,1.3298160588833496,73273,1.3049005356836203,72068.76528276152,,1.3268028965160412
33.404,-20102.0,1.331663667162451,73427,1.3079556432515076,72220.25180675182,,1.3302464808925158
33.408,-20110.0,1.3353588837206545,73581,1.3109772081816156,72372.03551106257,,1.3299712025520065
33.412,-20118.0,1.3390541002788574,73732,1.3140784221737942,72523.90390644722,,1.337494455301644
33.417,-20123.0,1.3413636106277345,73890,1.317167948592813,72676.08344906376,,1.3336395366942968
33.421,-20130.0,1.3445969251161622,74068,1.3202198628682489,72830.13352021402,,1.3468529168789842
33.426,-20138.0,1.3482921416743652,74227,1.3233205314088974,72985.89207573791,,1.3364404221553996
33.43,-20145.0,1.351525456162793,74389,1.3264641897642122,73142.21123497687,,1.3511458978529691
33.435,-20151.0,1.3542968685814454,74552,1.3295911421457975,73299.26118465542,,1.3490806537395057
33.439,-20159.0,1.3579920851396483,74716,1.3327306702292687,73457.07375471073,,1.340124701828648
33.443,-20165.0,1.3607634975583007,74882,1.3358812871290926,73615.73612907129,,1.3557917151424719
33.448,-20171.0,1.3635349099769531,75050,1.3389870688648664,73775.38430088913,,1.350182878449769
33.452,-20177.0,1.3663063223956056,75225,1.342053316513015,73936.43377118108,,1.3453779621936057
33.457,-20184.0,1.3695396368840331,75397,1.345112010826518,74098.95532729926,,1.3594609403565974
33.461,-20191.0,1.372772951372461,75571,1.3481913513205854,74262.71580008052,,1.3702721565121911
33.465,-20200.0,1.3769300700004394,75744,1.3513435097947697,74427.62782386474,,1.3744379662335273
33.47,-20206.0,1.379701482419092,75924,1.3545325701818898,74593.90994963994,,1.3608489437840061
33.474,-20213.0,1.3829347969075196,76104,1.3576995564953624,74761.81400546036,,1.3680979059272282
33.478,-20218.0,1.3852443072563965,76288,1.3608197722105195,74931.38469234953,,1.3794170655847406
33.483,-20226.0,1.3889395238145996,76476,1.363926053687698,75102.89789570443,,1.3782373820539606
33.487,-20232.0,1.391710936233252,76667,1.367047354886905,75276.53776427127,,1.3778785881222686
33.492,-20240.0,1.3954061527914552,76857,1.3701818999543875,75452.17108701984,,1.3857123645683131
33.496,-20248.0,1.3991013693496583,77056,1.3733827359005724,75630.03510748336,,1.39504616945496
33.5,-20255.0,1.402334683838086,77257,1.3766147183887754,75810.51637094692,,1.4000825665480974
33.505,-20261.0,1.4051060962567383,77458,1.3798195519175136,75993.42366301613,,1.3922803667821748
33.509,-20267.0,1.4078775086753907,77664,1.3829731399902028,76178.76572968364,,1.4002482522901476
33.513,-20273.0,1.410648921094043,77869,1.3860815416028274,76366.49116546399,,1.393338294623173
33.518,-20281.0,1.414344137652246,78076,1.3892047122637008,76556.37729059643,,1.3916282779303262
33.522,-20288.0,1.417577452140674,78280,1.3923682122056709,76748.10951902118,,1.3947938658639747
33.526,-20295.0,1.4208107666291017,78479,1.3955399666562214,76940.99663791459,,1.3991302410370798
33.531,-20303.0,1.4245059831873048,78674,1.3987463060934613,77134.37004246202,,1.401394432768999
33.535,-20309.0,1.427277395605957,78867,1.4019558349203451,77327.81753239426,,1.4080029788431272
33.539,-20315.0,1.4300488080246094,79055,1.4051135631435667,77520.91652645894,,1.41668217339287
33.544,-20323.0,1.4337440245828126,79243,1.408280228293351,77713.41264200627,,1.417809397549484
33.548,-20329.0,1.4365154370014648,79425,1.4114547737140193,77905.02245586945,,1.4260968484381384
33.552,-20335.0,1.4392868494201172,79601,1.4145816547868832,78095.14135097699,,1.4300822745389066
33.557,-20342.0,1.442520163908545,79775,1.417693813544567,78283.47266662263,,1.4342055659171842
33.561,-20351.0,1.4466772825365235,79981,1.4208749100217002,78472.00127882062,,1.4386907139065919
33.566,-20359.0,1.4503724990947269,80151,1.4241440998294024,78660.4673906638,,1.4427692960126144
33.57,-20366.0,1.4536058135831544,80323,1.4274363543743267,78846.8684003558,,1.448004324246535
33.575,-20373.0,1.456839128071582,80484,1.430721640153761,79030.91641824889,,1.452311242992627
33.579,-20380.0,1.4600724425600098,80639,1.4340007811182631,79211.88465408927,,1.4543075375517949
33.584,-20387.0,1.4633057570484376,80795,1.4372745037987666,79389.84165828903,,1.4542612786875826
33.588,-20394.0,1.4665390715368654,80944,1.4405434488249682,79564.78875881888,,1.4565932063718576
33.592,-20400.0,1.4693104839555176,81090,1.4437808746336065,79736.49065704743,,1.4592676681362038
33.597,-20407.0,1.4725437984439451,81235,1.446990507892905,79905.09457921337,,1.462452047683783
33.601,-20415.0,1.4762390150021485,81389,1.4502302475457105,80071.43975306056,,1.4696949656969647
33.606,-20422.0,1.4794723294905765,81532,1.453496533968761,80235.67500643825,,1.4778964184378307
33.61,-20429.0,1.4827056439790038,81669,1.456758921961885,80397.04480960387,,1.479767996400196
33.614,-20435.0,1.4854770563976565,81802,1.4599905660069068,80555.29678450112,,1.4701917191160603
33.619,-20442.0,1.488710370886084,81938,1.4631951011082236,80710.7404495183,,1.489879662010402
33.623,-20450.0,1.4924055874442872,82071,1.4664303453827103,80863.70784459806,,1.4721448471818177
33.627,-20455.0,1.494715097793164,82198,1.4696380550411003,81013.95969443156,,1.4958162269229298
33.632,-20464.0,1.4988722164211423,82326,1.4728487920813178,81161.52148396678,,1.4775581967629006
33.636,-20472.0,1.5025674329793457,82454,1.4761441179062076,81306.77038932874,,1.4987532296736157
33.64,-20480.0,1.5062626495375488,82606,1.4794867247299266,81451.39869144188,,1.4863582951053984
33.646,-20487.0,1.5094959640259766,82730,1.4828437158450385,81595.24329761423,,1.5033618074674415
33.65,-20493.0,1.5122673764446288,82856,1.486158777631324,81736.85981564113,,1.515087563293669
33.654,-20501.0,1.515962593002832,82977,1.4894641740426149,81876.3343308751,,1.5176754065769835
33.659,-20508.0,1.5191959074912598,83097,1.4927883543107796,82013.56539819238,,1.517942160239805
33.663,-20516.0,1.522891124049463,83216,1.4961290975303532,82148.70003640234,,1.5219190635522177
33.667,-20522.0,1.5256625364681151,83336,1.499457138935935,82281.98611637048,,1.5257976697702444
33.672,-20531.0,1.529819655096094,83453,1.5028012867721352,82413.52396720645,,1.5077734196732515
33.676,-20539.0,1.533514871654297,83569,1.5062142495949096,82543.28382083334,,1.5253260911918787
33.68,-20546.0,1.5367481861427246,83702,1.5096332781819597,82672.42177674554,,1.529032885534579
33.686,-20553.0,1.5399815006311524,83818,1.513030348900652,82801.01136489178,,1.5341443247540316
33.69,-20561.0,1.5436767171893555,83934,1.5164353643832862,82928.11242566587,,1.5220602170694641
33.694,-20567.0,1.546448129608008,84047,1.519820078834089,83053.72360260402,,1.5173415094003748
33.699,-20575.0,1.550143346166211,84161,1.5231868925413952,83177.90281702111,,1.5358397120790421
33.703,-20582.0,1.5533766606546386,84272,1.5265652284441782,83300.70114191719,,1.5379558973837217
33.707,-20591.0,1.5575337792826172,84383,1.5299810306662571,83422.1044942892,,1.5317624601348445
33.712,-20596.0,1.5598432896314942,84497,1.5333752564885796,83542.45516061973,,1.5610216577519687
33.716,-20605.0,1.5640004082594727,84608,1.5367504569923442,83661.87760502698,,1.5586214304450166
33.72,-20612.0,1.5672337227479003,84723,1.5401634945286649,83780.54069303708,,1.5581367749479944
33.725,-20619.0,1.570467037236328,84836,1.543555282547282,83898.65244179279,,1.5671490088750542
33.729,-20625.0,1.5732384496549805,84947,1.546901027032325,84016.04156918799,,1.5719710684736319
33.733,-20634.0,1.577395568282959,85061,1.5502607848280172,84132.85263160846,,1.5776990992387103
33.738,-20641.0,1.5806288827713868,85173,1.5536602055216868,84249.21309384536,,1.5744516231015684
33.742,-20649.0,1.58432409932959,85283,1.5570672931304887,84364.93976292919,,1.571687955636607
33.746,-20656.0,1.5875574138180175,85394,1.560481141158285,84480.04845786598,,1.579935690740165
33.751,-20663.0,1.5907907283064453,85505,1.5638736438400846,84594.67136209967,,1.582633544869442
33.755,-20669.0,1.5935621407250975,85615,1.567220018490255,84708.80679559699,,1.5834626600594164
33.759,-20677.0,1.5972573572833009,85728,1.570553025495392,84822.6306291553,,1.5917725778283343
33.764,-20684.0,1.6004906717717289,85837,1.5739015518245028,84936.12058733206,,1.5772451052976701
33.768,-20691.0,1.6037239862601562,85948,1.577236456105262,85049.19791101964,,1.5905871073529505
33.773,-20700.0,1.6078811048881347,86062,1.580613961834239,85162.20697495944,,1.6001306101440347
33.777,-20707.0,1.6111144193765623,86174,1.5840290320379418,85275.21496722619,,1.6063322328335383
33.781,-20714.0,1.6143477338649903,86285,1.5874226123919302,85388.04466233659,,1.613167839172722
33.786,-20721.0,1.617581048353418,86401,1.590797243744177,85500.95361080811,,1.6063841012482232
33.79,-20728.0,1.6208143628418457,86515,1.5941551665260163,85614.1097943282,,1.6196511837634695
33.794,-20735.0,1.6240476773302734,86631,1.597498356271844,85727.4839811116,,1.6223045106518401
33.799,-20742.0,1.6272809918187012,86746,1.60082855493915,85841.10951298462,,1.622140705048577
33.803,-20750.0,1.6309762083769044,86861,1.6041746049736767,85954.89755481471,,1.6256782512369592
33.807,-20759.0,1.635133327004883,86980,1.6075892450887488,86069.0653618602,,1.6314523486041146
33.812,-20766.0,1.638366641493311,87098,1.6110370591020235,86183.74538485105,,1.6151379627356963
33.816,-20772.0,1.6411380539119629,87218,1.614432205359737,86298.93617943747,,1.634878887546138
33.82,-20780.0,1.644833270470166,87340,1.6178082174714037,86414.8138242344,,1.6093525911512332
33.825,-20786.0,1.6476046828888185,87466,1.6211673577588563,86531.65181403274,,1.6277777825515618
33.829,-20794.0,1.6512998994470216,87594,1.6245116210587702,86649.69130702288,,1.6286741321581018
33.834,-20801.0,1.6545332139354492,87723,1.6278700727969535,86768.96759591371,,1.6390046444779085
33.838,-20810.0,1.6586903325634277,87849,1.6312683418545555,86889.21621360072,,1.624366967524248
33.843,-20818.0,1.6623855491216308,87980,1.6347290268872208,87010.44043178302,,1.6553227664142987
33.847,-20825.0,1.6656188636100586,88108,1.6381901352584636,87132.64313533102,,1.6605446368196812
33.851,-20832.0,1.6688521780984864,88241,1.641624310466696,87255.82686802311,,1.6587407600703605
33.856,-20839.0,1.6720854925869142,88375,1.6450347369489222,87380.23034246432,,1.6553540276953278
33.86,-20846.0,1.6753188070753418,88510,1.64842422263089,87505.827577534,,1.6580818539284978
33.864,-20853.0,1.6785521215637695,88645,1.6517952434438232,87632.53654658656,,1.6708437563142067
33.868,-20859.0,1.681323533982422,88791,1.6551226761294862,87760.87609535443,,1.6713720675031807
33.873,-20869.0,1.6859425546801758,88932,1.6584935936658805,87891.00813696407,,1.6703906773708947
33.877,-20875.0,1.6887139670988285,89077,1.6619028546305992,88022.66161899455,,1.6685080013113143
33.882,-20883.0,1.6924091836570312,89228,1.665291312599783,88156.24782822421,,1.687693881697903
33.886,-20891.0,1.6961044002152343,89381,1.6687160401078185,88292.01118822864,,1.682001558943064
33.89,-20898.0,1.699337714703662,89543,1.6721454423849804,88430.34457540442,,1.6666573807767624
33.895,-20905.0,1.70257102919209,89707,1.6755516602626623,88571.59441448792,,1.6662877898555264
33.9,-20912.0,1.7058043436805177,89877,1.678937434943581,88715.8888185656,,1.6913997728514591
