135644, 58856.10
135645, 58856.10
135647, 58856.10
135649, 58856.10
135651, 58856.10
135653, 58856.10
135657, 58856.10
135660, 58856.10
135661, 58856.10
135663, 58856.10
135666, 58856.10
135669, 58856.10
135670, 58856.10
135673, 58856.10
135676, 58856.10
135677, 58856.10
135679, 58856.10
135682, 58856.10
135685, 58856.10
135688, 58856.10
135691, 58856.10
135693, 58856.10
135695, 58856.10
135697, 57845.93
135699, 58856.10
135702, 58856.10
135705, 58856.10
135707, 58856.10
135709, 58856.10
135711, 58856.10
135713, 58856.10
135716, 58856.10
135718, 58856.10
135720, 58856.10
135722, 58856.10
135724, 58856.10
135726, 57701.62
135728, 57699.31
135729, 58856.10
135731, 58856.10
135733, 58856.10
135735, 57816.33
135737, 58856.10
135739, 57698.38
135740, 57689.59
135742, 57686.82
135744, 57686.82
135746, 57684.97
135748, 57683.12
135750, 57682.19
135751, 57680.34
135753, 58856.10
135755, 57678.03
135757, 57675.72
135759, 57674.79
135761, 57672.94
135762, 57671.09
135764, 58856.10
135766, 58856.10
135768, 58856.10
135770, 58856.10
135771, 58856.10
135773, 58856.10
135775, 58856.10
135777, 58856.10
135779, 58856.10
135781, 58856.10
135782, 58856.10
135784, 58856.10
135786, 58856.10
135788, 58856.10
135790, 58856.10
135792, 58856.10
135793, 58856.10
135795, 57646.58
135797, 57658.60
135799, 57642.88
135801, 58856.10
135802, 58856.10
135804, 58856.10
135806, 57638.25
135808, 58856.10
135810, 57634.55
135812, 58856.10
135813, 57631.31
135816, 57629.93
135817, 57627.61
135819, 57627.15
135821, 57625.76
135823, 57623.91
135825, 57623.45
135827, 57621.14
135828, 57619.75
135830, 57618.36
135832, 57616.51
135834, 57615.59
135836, 57644.26
135837, 58856.10
135839, 58856.10
135841, 57611.89
135843, 58856.10
135845, 57607.26
135847, 57605.41
135849, 57604.02
135850, 58856.10
135852, 58856.10
135854, 58856.10
135856, 58856.10
135858, 58856.10
135859, 58856.10
135861, 57594.77
135863, 57592.92
135865, 57592.00
135867, 58856.10
135869, 58856.10
135871, 58856.10
135872, 57896.35
135874, 57584.60
135876, 57584.14
135878, 57581.36
135880, 57580.43
135881, 57579.51
135883, 57576.73
135885, 57575.81
135887, 57574.42
135889, 57573.03
135891, 57572.11
135893, 57569.33
135894, 57569.33
135896, 57567.95
135898, 57565.17
135900, 57565.17
135902, 57563.78
135904, 57561.93
135905, 57560.55
135907, 57559.62
135909, 57558.23
135911, 57556.85
135913, 57554.53
135914, 57554.07
135916, 57553.15
135918, 57550.37
135920, 57549.91
135922, 58856.10
135924, 57550.37
135926, 58856.10
135927, 58856.10
135929, 57542.97
135931, 57541.58
135933, 57539.73
135935, 57546.21
135937, 57538.34
135938, 57535.57
135940, 57535.57
135942, 57533.26
135944, 57532.33
135946, 57531.41
135947, 57529.09
135949, 57527.71
135951, 57527.24
135953, 57524.47
135955, 57524.01
135957, 57522.62
135958, 57520.77
135960, 57520.31
135962, 57517.99
135964, 57516.61
135966, 57516.14
135968, 57514.29
135969, 57512.90
135971, 57512.44
135973, 57509.67
135975, 57509.20
135977, 57507.35
135979, 57505.50
135981, 57505.04
135982, 57503.19
135984, 57502.27
135986, 57501.34
135988, 57498.57
135990, 57498.10
135992, 57496.72
135993, 57494.87
135995, 57493.94
135997, 57492.55
135999, 57491.17
136001, 58856.10
136003, 58856.10
136006, 57487.00
136008, 57485.15
136010, 57483.30
136012, 57482.38
136014, 57480.06
136015, 57480.53
136017, 57478.21
136019, 57476.83
136021, 57475.44
136023, 57473.13
136025, 57472.66
136027, 57470.35
136029, 57469.89
136031, 57468.96
136033, 57466.19
136035, 57465.26
136037, 57464.34
136039, 57462.03
136041, 57462.03
136043, 57460.18
136044, 57458.33
136047, 57457.40
136049, 57455.09
136051, 57454.16
136053, 57451.85
136055, 57451.39
136057, 57450.00
136059, 57447.69
136061, 57447.23
136063, 57444.45
136065, 57443.52
136067, 57442.14
136070, 57440.75
136072, 57438.44
136074, 57437.51
136076, 57436.12
136078, 57434.27
136080, 57433.35
136082, 57431.04
136085, 56961.56
136087, 56961.56
136089, 56961.56
136091, 56961.56
136093, 57431.04
136095, 57429.19
136097, 56961.56
136099, 56961.56
136101, 56961.56
136103, 56961.56
136105, 56961.56
136106, 56961.56
136108, 56961.56
136111, 57426.87
136113, 57424.10
136116, 57407.45
136119, 57404.67
136122, 57402.82
136124, 57400.05
136126, 57400.05
136128, 57397.73
136130, 56961.56
136132, 56961.56
136134, 56961.56
136136, 56961.56
136137, 56961.56
136139, 56961.56
136141, 57388.95
136143, 57386.17
136145, 57385.25
136148, 57383.86
136151, 57381.55
136154, 57378.31
136156, 57377.84
136159, 57374.61
136161, 57374.14
136163, 57371.83
136167, 57369.52
136170, 56961.56
136172, 56961.56
136174, 57364.43
136175, 57363.04
136177, 57362.12
136179, 57359.34
136181, 57359.34
136183, 57357.49
136185, 56961.56
136187, 57354.72
136189, 57352.87
136190, 57351.94
136192, 57350.56
136194, 57348.24
136196, 57347.78
136198, 57346.39
136199, 57345.00
136201, 56961.56
136203, 56961.56
136205, 57340.84
136207, 57338.99
136209, 57336.68
136211, 57336.68
136213, 57335.29
136215, 57332.98
136218, 56961.56
136219, 56961.56
136222, 57327.89
136224, 57325.58
136226, 57325.12
136228, 57323.27
136231, 57320.49
136233, 57319.57
136235, 57317.25
136237, 57316.79
136238, 57314.48
136240, 57313.55
136242, 56961.56
136244, 56961.56
136246, 56961.56
136248, 56961.56
136250, 56961.56
136252, 56961.56
136254, 56961.56
136256, 56961.56
136259, 56961.56
136261, 56961.56
136263, 56961.56
136265, 56961.56
136267, 56961.56
136270, 56961.56
136272, 57288.58
136274, 57285.34
136277, 57285.34
136279, 57282.56
136281, 57281.18
136283, 57280.25
136285, 56961.56
136287, 57276.55
136289, 57274.24
136291, 57273.31
136294, 57271.00
136296, 57269.61
136298, 57267.76
136300, 57265.45
136302, 57264.06
136305, 57260.82
136307, 57260.36
136310, 57257.59
136312, 57256.66
136313, 57254.35
136315, 57253.42
136317, 57252.50
136319, 57250.19
136321, 57249.26
136323, 57247.87
136324, 57245.56
136326, 57244.63
136328, 57243.71
136330, 57240.93
136332, 57240.93
136333, 57239.08
136335, 57236.77
136337, 57236.31
136339, 57234.92
136341, 57232.61
136342, 57232.15
136344, 57229.37
136346, 57228.91
136348, 57227.52
136350, 57224.75
136352, 57224.75
136353, 57222.43
136355, 57205.78
136357, 56964.80
136359, 56965.73
136361, 56961.56
136363, 56961.56
136364, 56961.56
136366, 57204.86
136368, 57211.33
136370, 57209.02
136372, 57208.56
136374, 57206.24
136375, 57201.62
136377, 56962.03
136379, 57201.62
136381, 57200.23
136383, 57199.31
136385, 57196.53
136387, 56961.56
136388, 56961.56
136390, 56961.56
136392, 56961.56
136394, 56961.56
136396, 56961.56
136397, 56961.56
136399, 56961.56
136401, 56961.56
136403, 56967.11
136405, 57054.07
136407, 56961.56
136409, 56961.56
136411, 56961.56
136412, 57053.61
136414, 57172.94
136416, 57172.48
136418, 57171.09
136420, 57169.24
136422, 57167.85
136423, 57166.47
136425, 57163.69
136427, 57164.15
136429, 57162.30
136431, 57160.45
136432, 57159.53
136434, 57157.22
136436, 57156.29
136438, 57154.90
136440, 57152.59
136441, 57152.59
136443, 57150.74
136445, 57147.97
136447, 57147.50
136449, 57145.65
136451, 57144.73
136453, 57143.34
136454, 57140.56
136456, 56961.56
136458, 56961.56
136460, 56987.47
136462, 56988.39
136464, 56961.56
136466, 56983.77
136468, 56961.56
136470, 56976.37
136472, 56961.56
136474, 56961.56
136476, 56961.56
136477, 56961.56
136479, 56961.56
136481, 56961.56
136483, 56961.56
136485, 56961.56
136487, 56961.56
136489, 56961.56
136491, 56961.56
136492, 56961.56
136494, 56961.56
136496, 56961.56
136498, 56961.56
136500, 56961.56
136502, 56961.56
136504, 56961.56
136506, 56961.56
136508, 56961.56
136510, 56961.56
136512, 56961.56
136514, 56961.56
136516, 56961.56
136518, 56961.56
136521, 56961.56
136523, 56961.56
136525, 56961.56
136527, 56961.56
136529, 56961.56
136532, 56961.56
136534, 56961.56
136536, 56961.56
136539, 56961.56
136543, 56961.56
136545, 56961.56
136548, 56961.56
136550, 56961.56
136552, 57005.97
136554, 56961.56
136556, 56961.56
136559, 56961.56
136561, 56961.56
136564, 56961.56
136566, 56961.56
136568, 56992.55
136570, 56991.17
136572, 56961.56
136573, 56961.56
136575, 56961.56
136577, 56961.56
136579, 56961.56
136581, 56968.96
136583, 56968.96
136585, 56961.56
136586, 56961.56
136588, 56961.56
136590, 56961.56
136592, 56961.56
136594, 56961.56
136596, 56962.95
136598, 56961.56
136599, 56961.56
136601, 56961.56
136603, 56961.56
136605, 56961.56
136607, 56961.56
136609, 56961.56
136610, 56961.56
136612, 56961.56
136614, 56961.56
136616, 56961.56
136618, 56961.56
136620, 56961.56
136622, 56961.56
136624, 56961.56
136625, 56961.56
136627, 56961.56
136629, 56961.56
136631, 56961.56
136633, 56964.80
136635, 56961.56
136636, 56961.56
136638, 56962.03
136640, 56961.56
136642, 56961.56
136644, 56963.41
136646, 56965.26
136647, 56993.94
136649, 56992.55
136651, 56961.56
136653, 56975.90
136655, 56973.13
136657, 56961.56
136658, 56961.56
136660, 56968.96
136662, 56964.80
136664, 56963.41
136666, 56961.56
136668, 56962.95
136670, 56962.03
136671, 56961.56
136673, 56961.56
136675, 56961.56
136677, 56961.56
136679, 56961.56
136681, 56961.56
136683, 56961.56
136685, 56961.56
136687, 56961.56
136689, 56961.56
136690, 56961.56
136692, 56961.56
136694, 57018.92
136696, 56011.06
136698, 55062.86
136700, 55067.02
136702, 55060.09
136704, 55058.70
136706, 55055.92
136708, 55055.92
136710, 55054.07
136712, 55052.68
136713, 55051.30
136715, 55067.02
136717, 55067.02
136719, 55067.02
136721, 55067.02
136723, 55067.02
136725, 55067.02
136727, 55067.02
136728, 55067.02
136730, 55067.02
136732, 55067.02
136734, 55067.02
136736, 55067.02
136738, 55067.02
136740, 55067.02
136741, 55067.02
136743, 55067.02
136745, 55067.02
136747, 55067.02
136749, 55067.02
136751, 55067.02
136753, 55067.02
136755, 55020.77
136757, 55067.02
136759, 55018.46
136761, 55015.22
136762, 55015.22
136764, 55014.29
136766, 55011.52
136768, 55011.06
136770, 55010.13
136772, 55008.28
136774, 55006.89
136776, 55003.66
136778, 55067.02
136780, 55067.02
136782, 55063.32
136784, 55067.02
136786, 55067.02
136788, 55067.02
136790, 55061.47
136792, 55000.42
136793, 55067.02
136795, 55067.02
136797, 55067.02
136799, 55067.02
136801, 55067.02
136803, 55048.98
136804, 54984.23
136806, 55067.02
136808, 55067.02
136810, 54980.07
136812, 54978.22
136814, 54978.22
136815, 54975.44
136817, 55067.02
136819, 55067.02
136821, 55033.72
136823, 55067.02
136825, 54969.43
136826, 54966.65
136828, 54966.65
136830, 54964.80
136832, 54963.88
136834, 54962.49
136836, 54960.64
136838, 54958.79
136840, 54957.87
136842, 54955.55
136845, 54954.63
136847, 54951.39
136849, 54951.39
136851, 54948.15
136855, 54946.30
136858, 54943.99
136860, 54943.06
136862, 54940.29
136864, 54939.83
136866, 55067.02
136870, 54934.74
136873, 54931.96
136875, 54930.11
136877, 54928.73
136879, 54928.26
136881, 54925.95
136884, 54924.10
136887, 54921.33
136891, 54918.55
136893, 54917.62
136895, 54916.24
136897, 54913.46
136899, 54913.00
136901, 55067.02
136902, 54910.69
136904, 54908.84
136906, 54906.06
136908, 54905.60
136910, 54904.21
136912, 54902.36
136914, 54901.90
136917, 54897.27
136920, 55843.16
136923, 55777.48
136926, 56961.56
136928, 55777.94
136931, 55331.59
136934, 55067.02
136937, 55326.04
136939, 55795.51
136942, 55792.28
136944, 56961.56
136947, 56961.56
136950, 55783.03
136953, 56961.56
136956, 56961.56
136958, 55780.25
136960, 54865.36
136963, 54862.12
136967, 54859.35
136970, 54858.42
136973, 54856.11
136976, 54853.33
136977, 54851.48
136979, 54850.56
136981, 55067.02
136983, 54847.32
136986, 54845.93
136988, 54844.08
136990, 54843.16
136992, 54839.92
136993, 54839.46
136995, 54838.07
136999, 54835.76
137002, 54830.21
137005, 55067.02
137007, 53762.68
137009, 53879.70
137011, 52931.04
137013, 52930.11
137015, 52928.73
137017, 52926.41
137019, 52926.41
137020, 52924.10
137022, 52922.71
137024, 52921.79
137026, 52919.94
137028, 52918.55
137030, 52916.70
137033, 53172.48
137036, 53172.48
137039, 53172.48
137041, 52908.38
137043, 53172.48
137045, 52920.86
137048, 53172.48
137050, 53172.48
137054, 52899.59
137055, 53172.48
137057, 52895.89
137059, 52895.42
137062, 52891.26
137065, 52890.80
137068, 52888.49
137070, 52886.17
137074, 52884.32
137076, 52882.47
137078, 52880.62
137081, 52878.31
137084, 52876.46
137087, 52873.22
137089, 52872.76
137091, 52870.45
137093, 52869.52
137096, 52866.75
137099, 52865.82
137102, 52862.12
137104, 52861.66
137106, 52859.81
137108, 52858.42
137110, 52857.03
137112, 52854.72
137114, 52853.80
137118, 52850.56
137120, 52849.63
137122, 52846.86
137124, 53793.67
137126, 52845.93
137128, 52843.16
137130, 53172.48
137132, 53172.48
137133, 53139.18
137135, 52838.53
137137, 52894.96
137139, 52835.76
137141, 52833.91
137143, 52832.06
137145, 52831.13
137149, 52827.89
137151, 52826.97
137154, 52824.66
137157, 52821.88
137159, 52821.42
137161, 52819.57
137163, 52817.72
137166, 52814.94
137168, 52813.56
137171, 52811.24
137175, 52809.39
137177, 53172.48
137179, 53172.48
137182, 53172.48
137186, 52801.53
137189, 52799.22
137191, 52796.90
137194, 52795.98
137197, 52792.28
137199, 52791.82
137201, 52790.89
137204, 52788.12
137208, 52784.88
137210, 52784.42
137213, 52781.18
137215, 52780.72
137218, 52777.02
137222, 53663.69
137224, 55067.02
137226, 53719.66
137228, 52770.54
137230, 52769.15
137232, 52767.30
137234, 52766.84
137236, 52765.45
137238, 52763.60
137240, 52763.14
137242, 52760.83
137243, 52759.90
137245, 52758.98
137247, 52756.66
137250, 52755.28
137254, 52752.96
137257, 52750.19
137259, 52748.80
137261, 52747.88
137263, 52745.56
137266, 52744.18
137269, 53172.48
137271, 53172.48
137273, 53172.48
137275, 53172.48
137277, 53172.48
137279, 53172.48
137282, 53172.48
137285, 53172.48
137287, 52980.07
137289, 53172.48
137292, 53172.48
137294, 53172.48
137296, 53172.48
137298, 53172.48
137300, 53172.48
137302, 53172.48
137304, 53172.48
137305, 53172.48
137307, 53172.48
137309, 53172.48
137311, 53172.48
137313, 53172.48
137315, 53172.48
137318, 53172.48
137321, 52704.86
137324, 52702.55
137326, 52700.70
137328, 52698.85
137330, 53172.48
137332, 53172.48
137333, 53172.48
137335, 53172.48
137337, 53172.48
137339, 53172.48
137341, 53172.48
137343, 53172.48
137345, 53172.48
137347, 53172.48
137350, 53172.48
137353, 53172.48
137355, 53172.48
137357, 53172.48
137359, 53172.48
137361, 53172.48
137365, 53172.48
137368, 53172.48
137371, 53172.48
137372, 53172.48
137375, 53172.48
137378, 53172.48
137381, 53172.48
137384, 53172.48
137386, 53172.48
137388, 53172.48
137391, 53172.48
137393, 53172.48
137396, 53172.48
137400, 53172.48
137402, 53172.48
137404, 53172.48
137407, 53172.48
137409, 53172.48
137413, 53172.48
137416, 53172.48
137418, 53172.48
137420, 53172.48
137424, 53172.48
137426, 53172.48
137429, 53172.48
137432, 53172.48
137435, 53172.48
137436, 53172.48
137438, 53172.48
137440, 53172.48
137442, 53172.48
137444, 53172.48
137446, 53172.48
137448, 53172.48
137450, 52610.50
137451, 52609.12
137453, 52606.80
137455, 52605.88
137457, 52604.49
137459, 52602.64
137461, 52602.18
137463, 52598.94
137466, 52598.48
137467, 53172.48
137469, 53172.48
137471, 52594.31
137474, 52591.08
137476, 52591.08
137479, 52587.84
137481, 52586.45
137483, 52583.68
137485, 52583.21
137487, 52581.83
137490, 52579.05
137492, 52578.13
137495, 52575.35
137498, 52572.58
137500, 52571.65
137502, 52570.26
137504, 52567.95
137506, 52567.49
137507, 52566.10
137509, 52564.71
137512, 52562.86
137514, 52560.09
137516, 52559.62
137518, 52557.77
137520, 52556.85
137521, 52555.92
137523, 52552.69
137525, 52552.69
137527, 52550.84
137529, 52548.99
137531, 52548.06
137533, 52546.21
137536, 52543.44
137539, 52541.12
137541, 52539.27
137543, 52537.89
137546, 52536.04
137548, 52534.19
137550, 52532.80
137552, 52531.87
137554, 52529.10
137555, 52529.10
137557, 52526.78
137559, 52524.93
137561, 52524.01
137563, 52522.16
137566, 52520.31
137569, 52517.53
137572, 52515.68
137575, 52512.45
137576, 52512.45
137579, 52509.21
137582, 52507.82
137585, 52505.05
137588, 52501.81
137591, 52499.96
137593, 52497.65
137595, 52496.72
137598, 52494.41
137601, 52491.63
137604, 52488.39
137607, 52487.01
137609, 52485.16
137611, 52484.23
137614, 52480.53
137617, 52479.14
137619, 52476.37
137623, 52474.06
137625, 52472.67
137627, 52470.82
137630, 52467.58
137633, 52465.73
137636, 52463.88
137639, 52460.64
137641, 52459.72
137643, 52457.87
137646, 52455.55
137649, 52451.85
137653, 52450.00
137656, 52447.69
137658, 52446.30
137660, 52443.53
137662, 52442.60
137663, 52440.75
137665, 53172.48
137667, 52439.37
137669, 52436.59
137671, 52435.20
137673, 52433.82
137675, 52431.50
137677, 53172.48
137679, 53172.48
137682, 53172.48
137685, 52423.64
137688, 52422.25
137690, 52419.94
137692, 52419.01
137694, 52415.78
137697, 52415.31
137700, 52411.15
137702, 52410.23
137704, 52407.91
137706, 52407.45
137708, 52406.06
137710, 52403.75
137713, 52401.44
137716, 52398.66
137718, 52397.28
137721, 52395.89
137723, 52393.58
137725, 52391.72
137728, 52388.95
137731, 52386.64
137734, 52385.25
137736, 52382.47
137739, 52380.62
137741, 52379.24
137743, 52377.39
137746, 52375.07
137749, 52372.30
137752, 52370.45
137754, 52368.60
137756, 52366.75
137758, 52364.90
137762, 52362.59
137764, 52359.81
137768, 52357.96
137770, 52355.65
137772, 52354.72
137774, 52352.41
137776, 52351.48
137778, 52350.10
137779, 52347.78
137781, 52346.86
137783, 52345.47
137786, 52344.08
137787, 52342.23
137790, 52339.46
137791, 53172.48
137793, 53172.48
137795, 53172.48
137797, 53172.48
137799, 53172.48
137801, 53172.48
137803, 53172.48
137805, 53172.48
137807, 53172.48
137809, 53172.48
137811, 53172.48
137813, 52810.78
137815, 53172.48
137817, 53172.48
137819, 53172.48
137821, 53202.09
137823, 53202.09
137825, 52312.17
137826, 52312.17
137828, 52310.78
137830, 52308.01
137832, 52307.54
137835, 52304.77
137837, 52303.84
137839, 52300.61
137841, 52300.61
137843, 52298.76
137845, 52295.98
137847, 52296.44
137849, 52294.13
137851, 52292.28
137853, 52291.82
137855, 52289.50
137857, 52288.12
137859, 52286.73
137861, 52285.34
137863, 52283.49
137865, 52281.18
137867, 52280.25
137869, 52278.40
137871, 52277.48
137873, 52277.02
137874, 52274.24
137876, 52273.32
137878, 52271.93
137880, 52270.08
137882, 52269.15
137884, 52268.23
137885, 52265.45
137887, 52265.45
137889, 52262.68
137891, 52261.75
137893, 52260.83
137895, 52258.05
137897, 52257.59
137899, 52255.74
137901, 52254.35
137903, 52252.96
137905, 52251.11
137907, 52250.19
137909, 52247.88
137911, 52246.49
137913, 52245.56
137915, 52243.25
137917, 52242.33
137919, 52240.94
137920, 52238.63
137922, 52238.16
137924, 52235.85
137926, 52234.93
137928, 52234.00
137930, 52232.15
137932, 52231.23
137934, 52229.38
137935, 52227.99
137937, 52227.06
137939, 52225.21
137941, 52224.29
137943, 52222.90
137945, 53172.48
137947, 53172.48
137949, 53172.48
137951, 53172.48
137953, 53172.48
137955, 53172.48
137957, 53172.48
137958, 53172.48
137960, 53172.48
137962, 53172.48
137964, 53172.48
137966, 53172.48
137968, 53172.48
137970, 53172.48
137972, 53172.48
137974, 53172.48
137975, 53172.48
137977, 53172.48
137979, 53172.48
137981, 53172.48
137983, 53172.48
137985, 53172.48
137987, 53172.48
137989, 53172.48
137990, 53172.48
137992, 53172.48
137994, 53172.48
137996, 53172.48
137998, 53172.48
138000, 53172.48
138002, 53172.48
138004, 53172.48
138006, 52204.86
138007, 52174.80
138009, 53172.48
138011, 53172.48
138014, 53172.48
138016, 52196.54
138019, 52166.47
138020, 52164.16
138022, 52164.16
138024, 52162.31
138026, 53172.48
138028, 53172.48
138030, 53172.48
138032, 53172.48
138035, 53172.48
138037, 52213.19
138039, 53172.48
138041, 53172.48
138043, 53172.48
138046, 53172.48
138048, 53172.48
138050, 53172.48
138054, 52196.07
138055, 52168.78
138058, 52169.25
138061, 53172.48
138064, 53172.48
138066, 53172.48
138069, 53172.48
138071, 52188.21
138073, 52188.67
138075, 52183.58
138078, 53172.48
138080, 53172.48
138083, 53172.48
138086, 52192.37
138088, 52194.22
138090, 52196.07
138092, 52212.26
138094, 53172.48
138096, 53172.48
138098, 52202.55
138099, 52203.01
138101, 52204.86
138103, 52205.32
138105, 52207.64
138107, 52209.02
138109, 52209.95
138110, 52212.26
138112, 52212.72
138114, 53172.48
138116, 52216.89
138118, 52216.89
138120, 52219.66
138122, 52221.05
138124, 52221.97
138126, 53172.48
138129, 52699.77
138132, 52228.45
138134, 52229.84
138136, 52232.61
138139, 52233.54
138141, 52228.91
138143, 52237.24
138146, 52240.94
138148, 52225.68
138150, 52226.60
138152, 52244.18
138155, 52246.49
138156, 52233.54
138158, 52249.26
138160, 52251.11
138162, 52252.50
138164, 52253.43
138166, 52256.66
138168, 52256.20
138170, 52258.52
138172, 52256.66
138174, 52257.59
138175, 53172.95
138177, 53172.95
138179, 52265.92
138181, 53178.50
138183, 52268.69
138185, 52270.08
138187, 53172.48
138190, 53187.75
138192, 53194.68
138194, 53172.48
138197, 53172.48
138200, 53200.23
138202, 53172.48
138206, 53172.48
138208, 53172.48
138210, 53174.33
138211, 53172.48
138213, 53172.48
138215, 53173.87
138217, 53172.48
138219, 53172.48
138221, 53172.48
138223, 53172.48
138225, 53172.48
138227, 53172.95
138229, 53172.48
138231, 53180.35
138233, 53179.88
138235, 53184.05
138237, 53185.90
138240, 52314.94
138241, 52317.26
138244, 52317.26
138246, 52320.49
138248, 52321.42
138251, 53172.48
138254, 53172.48
138256, 53172.48
138258, 53172.48
138260, 53172.48
138263, 53172.48
138265, 53172.48
138268, 53172.48
138271, 53172.48
138273, 53172.48
138275, 53172.48
138278, 53172.48
138280, 53172.48
138284, 53172.48
138286, 53172.48
138289, 53172.48
138291, 53172.48
138294, 53172.48
138296, 53172.48
138299, 53172.48
138301, 53172.48
138303, 53172.48
138306, 53172.48
138308, 53172.48
138310, 53172.48
138312, 53172.48
138314, 53172.48
138315, 53172.48
138317, 53172.48
138319, 53172.48
138321, 53172.48
138323, 53172.48
138325, 53172.48
138327, 53172.48
138330, 53172.48
138332, 53172.48
138335, 53172.48
138338, 53172.48
138340, 53172.48
138342, 53172.48
138344, 53172.48
138346, 53172.48
138349, 53172.48
138351, 53172.48
138354, 53172.48
138356, 53172.48
138358, 53172.48
138360, 53172.48
138362, 53172.48
138364, 53172.48
138366, 53172.48
138368, 53172.48
138369, 53172.48
138371, 53172.48
138373, 53172.48
138375, 53172.48
138377, 53172.48
138379, 53172.48
138381, 53172.48
138383, 53172.48
138385, 53172.48
138387, 53172.48
138389, 53172.48
138391, 53172.48
138393, 53172.48
138396, 53172.48
138399, 53172.48
138401, 53172.48
138402, 53172.48
138404, 53172.48
138406, 53172.48
138408, 53172.48
138410, 53172.48
138413, 53172.48
138415, 53172.48
138418, 53172.48
138420, 53172.48
138422, 53172.48
138424, 53172.48
138426, 53172.48
138428, 53172.48
138430, 53172.48
138432, 53172.48
138434, 53172.48
138436, 53172.48
138438, 53172.48
138440, 53172.48
138441, 53172.48
138444, 53172.48
138446, 53172.48
138448, 53172.48
138450, 53172.48
138453, 53172.48
138455, 53172.48
138457, 53172.48
138460, 53172.48
138463, 53172.48
138465, 53172.48
138468, 53172.48
138471, 53172.48
138473, 53172.48
138475, 53172.48
138478, 53172.48
138480, 53172.48
138482, 53172.48
138484, 53172.48
138487, 53172.48
138489, 53172.48
138491, 53172.48
138492, 53172.48
138494, 53172.48
138496, 53172.48
138498, 53172.48
138500, 53172.48
138502, 53172.48
138504, 53172.48
138506, 53172.48
138508, 53172.48
138510, 53172.48
138513, 53172.48
138515, 53172.48
138517, 53172.48
138519, 53172.48
138522, 53172.48
138524, 53172.48
138526, 53172.48
138528, 53172.48
138530, 53172.48
138532, 53172.48
138534, 53172.48
138536, 53172.48
138537, 53172.48
138539, 53172.48
138541, 53172.48
138543, 53172.48
138545, 53172.48
138547, 53172.48
138548, 53172.48
138550, 53172.48
138552, 53172.48
138555, 53172.48
138556, 53172.48
138559, 53172.48
138561, 53172.48
138563, 53172.48
138566, 53172.48
138568, 53172.48
138570, 53172.48
138572, 53172.48
138574, 52600.33
138576, 53172.48
138578, 53172.48
138580, 53172.48
138582, 53172.48
138584, 53172.48
138586, 53172.48
138589, 53172.48
138591, 53172.48
138592, 53172.48
138594, 53172.48
138596, 53172.48
138598, 53172.48
138600, 53172.48
138602, 53172.48
138604, 53172.48
138605, 53172.48
138607, 53172.48
138609, 53172.48
138612, 53172.48
138615, 53172.48
138617, 53172.48
138619, 53172.48
138620, 53172.48
138622, 53172.48
138625, 53172.48
138627, 53172.48
138629, 53172.48
138631, 53172.48
138634, 53172.48
138637, 53172.48
138639, 53172.48
138641, 53172.48
138643, 53172.48
138644, 53172.48
138646, 53172.48
138648, 53172.48
138650, 53172.48
138652, 53172.48
138654, 53172.48
138656, 53172.48
138657, 53172.48
138660, 53172.48
138662, 53172.48
138664, 53172.48
138667, 53172.48
138669, 53172.48
138672, 53172.48
138674, 53172.48
138677, 53172.48
138679, 53172.48
138682, 53172.48
138685, 53172.48
138688, 53172.48
138690, 53172.48
138692, 53172.48
138695, 53172.48
138698, 53172.48
138700, 53172.48
138703, 52703.01
138705, 52703.94
138707, 52706.25
138711, 52707.64
138714, 52711.34
138715, 52711.34
138719, 52715.04
138721, 52715.96
138722, 52718.27
138724, 52719.20
138727, 53172.48
138730, 53172.48
138732, 53172.48
138735, 53172.48
138737, 53172.48
138739, 53172.48
138741, 53172.48
138743, 53172.48
138745, 53172.48
138747, 53172.48
138751, 53172.48
138752, 53172.48
138754, 53172.48
138756, 53172.48
138758, 53172.48
138760, 53172.48
138762, 53172.48
138764, 53172.48
138766, 53172.48
138768, 53172.48
138770, 53172.48
138771, 53172.48
138773, 53172.48
138775, 53172.48
138778, 53172.48
138781, 53172.48
138784, 53172.48
138787, 52768.69
138789, 52770.08
138791, 52771.00
138794, 52773.78
138797, 52777.02
138800, 53172.48
138802, 53172.48
138804, 53172.48
138806, 53172.48
138808, 53172.48
138810, 53172.48
138813, 53172.48
138816, 53172.48
138818, 53172.48
138821, 53172.48
138823, 53172.48
138825, 53172.48
138827, 53172.48
138829, 53172.48
138832, 53172.48
138835, 53172.48
138837, 53172.48
138839, 53172.48
138841, 53172.48
138844, 53172.48
138848, 53172.48
138849, 53172.48
138853, 53172.48
138855, 53172.48
138857, 53172.48
138860, 53172.48
138863, 53172.48
138865, 53172.48
138867, 53172.48
138869, 53172.48
138871, 53172.48
138873, 53172.48
138875, 53172.48
138877, 53172.48
138879, 53172.48
138880, 53172.48
138882, 53172.48
138885, 52845.93
138888, 52849.17
138890, 52850.10
138892, 52851.02
138895, 53649.36
138898, 53649.82
138900, 53805.23
138903, 53690.06
138905, 52862.58
138907, 52863.97
138909, 52865.36
138912, 52867.67
138915, 52869.99
138918, 52873.22
138921, 53172.48
138923, 53142.88
138925, 53172.48
138927, 53172.48
138930, 53172.48
138933, 52885.71
138935, 53172.48
138938, 53172.48
138940, 53172.48
138942, 53172.48
138944, 53172.48
138947, 53172.48
138950, 53172.48
138954, 52902.36
138956, 53172.48
138958, 53172.48
138960, 53172.48
138963, 53172.48
138967, 53172.48
138969, 53172.48
138971, 53172.48
138974, 53172.48
138976, 53172.48
138977, 53172.48
138979, 53172.48
138981, 53172.48
138983, 53172.48
138985, 53172.48
138987, 53172.48
138989, 53172.48
138991, 53172.48
138992, 53172.48
138994, 53172.48
138997, 53172.48
138999, 53172.48
139001, 53172.48
139003, 53172.48
139005, 53172.48
139007, 53172.48
139010, 53172.48
139013, 52950.47
139015, 52951.39
139018, 52955.09
139021, 52956.02
139023, 52958.33
139025, 53172.48
139028, 53172.48
139030, 53172.48
139033, 53172.48
139037, 53172.48
139039, 53172.48
139041, 53172.48
139044, 53172.48
139047, 53172.48
139050, 53172.48
139052, 53172.48
139054, 53172.48
139056, 53172.48
139058, 53172.48
139060, 53172.48
139062, 53172.48
139065, 53172.48
139067, 53172.48
139069, 53172.48
139071, 53172.48
139072, 53172.48
139074, 53172.48
139076, 53172.48
139079, 53172.48
139082, 53172.48
139084, 53172.48
139086, 53172.48
139088, 53172.48
139089, 53172.48
139091, 53172.48
139093, 53172.48
139095, 53172.48
139097, 53172.48
139099, 53172.48
139100, 53172.48
139103, 53172.48
139106, 53172.48
139107, 53172.48
139110, 53172.48
139113, 53172.48
139115, 53172.48
139117, 53172.48
139119, 53172.48
139121, 53172.48
139123, 53172.48
139126, 53172.48
139129, 53172.48
139131, 53172.48
139132, 53172.48
139134, 53172.48
139136, 53172.48
139138, 53172.48
139140, 53172.48
139143, 53172.48
139146, 53172.48
139149, 53172.48
139151, 53172.48
139153, 53172.48
139155, 53172.48
139158, 53172.48
139160, 53172.48
139164, 53172.48
139166, 53172.48
139169, 53172.48
139171, 53172.48
139174, 53172.48
139176, 53172.48
139180, 53172.48
139182, 53172.48
139184, 53172.48
139187, 53172.48
139189, 53172.48
139191, 53172.48
139194, 53172.48
139196, 53172.48
139198, 53172.48
139200, 53172.48
139202, 53172.48
139204, 53172.48
139206, 53172.48
139208, 53172.48
139210, 53172.48
139212, 53172.48
139214, 53143.34
139216, 53115.59
139218, 53116.05
139219, 53118.37
139221, 53119.29
139223, 53120.68
139225, 53122.99
139228, 53123.92
139229, 53126.23
139231, 53127.15
139233, 53129.00
139235, 53130.85
139237, 53132.24
139239, 53134.09
139241, 53135.02
139244, 53137.79
139246, 53172.48
139248, 53140.11
139249, 53141.96
139251, 53143.34
139253, 53144.27
139255, 53146.58
139257, 53147.97
139259, 53150.28
139261, 53150.74
139263, 53152.59
139265, 53154.91
139267, 53155.37
139269, 53157.68
139271, 53159.07
139273, 53160.46
139275, 53162.31
139276, 53162.77
139278, 53164.16
139280, 53166.93
139282, 53167.86
139284, 53169.71
139286, 53170.63
139288, 53172.02
139290, 53174.33
139292, 53174.80
139294, 53172.95
139296, 53174.33
139298, 53175.72
139299, 53172.48
139301, 53172.48
139303, 53172.48
139305, 53172.48
139307, 53172.48
139309, 53172.48
139311, 53172.48
139313, 53172.48
139314, 53172.48
139316, 53175.72
139318, 53172.48
139320, 53173.87
139322, 53183.58
139324, 53172.48
139325, 53172.48
139327, 53172.48
139329, 53172.48
139331, 53172.48
139333, 53172.48
139335, 53172.48
139336, 53172.48
139338, 53172.48
139340, 53172.48
139342, 53176.65
139344, 53172.48
139346, 53187.75
139348, 53172.48
139350, 53172.48
139352, 53189.13
139354, 53194.68
139356, 53172.48
139358, 53196.07
139360, 53200.23
139363, 53201.16
139365, 53172.48
139367, 53172.48
139369, 53172.48
139371, 53175.72
139373, 53172.48
139375, 53172.48
139377, 53176.18
139379, 53172.48
139381, 53179.42
139383, 53172.48
139385, 53173.87
139387, 53172.48
139389, 53172.48
139391, 53172.48
139393, 53172.48
139396, 53172.48
139398, 53172.48
139400, 53172.48
139402, 53172.48
139404, 53203.47
139406, 53202.55
139408, 53203.94
139410, 53172.48
139412, 53202.09
139414, 53172.48
139416, 53178.03
139418, 53209.02
139420, 53172.48
139422, 53172.48
139424, 53172.48
139426, 53220.12
139428, 53172.48
139430, 53172.48
139431, 53225.67
139433, 53172.48
139435, 53231.22
139437, 53172.48
139439, 53172.48
139441, 53172.48
139443, 53172.48
139445, 53172.48
139447, 53172.95
139449, 53173.87
139451, 53172.48
139454, 53172.48
139456, 53172.48
139458, 53172.48
139460, 53172.48
139462, 53172.48
139465, 53179.88
139467, 53172.48
139469, 53172.48
139471, 53172.48
139473, 53172.48
139476, 53172.48
139480, 53175.72
139482, 53172.48
139484, 53172.48
139486, 53176.65
139488, 53178.03
139490, 53187.75
139492, 53337.15
139494, 53339.00
139496, 53341.31
139497, 53341.77
139499, 53343.16
139501, 53345.47
139503, 53346.40
139505, 53348.71
139507, 53350.10
139509, 53351.02
139511, 53353.80
139512, 53172.48
139514, 53172.48
139516, 53231.69
139518, 53232.15
139520, 53233.07
139522, 53235.85
139524, 53363.51
139525, 53366.28
139527, 53367.21
139529, 53368.60
139531, 53370.45
139533, 53371.84
139535, 53374.15
139537, 53375.07
139539, 53376.46
139541, 53379.70
139543, 53379.70
139544, 53381.55
139546, 53383.40
139548, 53172.48
139550, 53264.53
139552, 53172.48
139554, 53263.60
139556, 53273.78
139558, 53392.65
139561, 53396.81
139564, 53398.20
139567, 53172.48
139570, 53284.88
139572, 53286.73
139575, 53407.45
139578, 53409.30
139579, 53172.95
139581, 53172.48
139583, 53172.95
139586, 53172.48
139587, 53172.95
139589, 53173.87
139593, 53178.03
139594, 53172.48
139596, 53172.48
139599, 53172.48
139602, 53173.87
139605, 53172.48
139608, 53183.58
139610, 53172.48
139612, 53172.48
139615, 53172.48
139618, 53172.95
139620, 53179.42
139622, 53447.23
139625, 53450.93
139627, 53451.85
139631, 53455.55
139634, 53457.40
139636, 53223.82
139639, 53462.03
139641, 53464.80
139643, 53465.27
139645, 53466.65
139647, 53468.50
139649, 53470.35
139651, 53471.74
139652, 53473.13
139654, 53474.52
139656, 53477.29
139658, 53478.22
139660, 53172.48
139662, 53481.46
139663, 53172.48
139665, 53484.23
139667, 53172.48
139669, 53488.86
139671, 53172.48
139673, 53172.48
139675, 53172.48
139678, 53172.48
139681, 53172.48
139684, 53498.57
139686, 53501.81
139688, 53502.73
139690, 53172.48
139693, 53172.48
139696, 53510.60
139699, 53172.48
139701, 53514.30
139703, 53515.22
139705, 53172.48
139707, 53172.48
139710, 53172.48
139713, 53172.48
139716, 53526.78
139719, 53527.71
139720, 53530.02
139724, 53531.87
139726, 53535.11
139729, 53536.03
139732, 53538.81
139735, 53541.12
139737, 53543.90
139738, 53543.90
139741, 53545.75
139743, 53547.60
139746, 53549.91
139748, 53551.30
139750, 53552.22
139751, 53555.46
139753, 53555.92
139755, 53557.31
139757, 53560.09
139759, 53559.62
139761, 53562.40
139763, 53563.79
139764, 53565.17
139766, 53567.02
139768, 53567.95
139770, 53569.34
139772, 53572.11
139773, 53572.11
139775, 53573.96
139777, 53574.89
139779, 53576.28
139781, 53578.13
139783, 53579.98
139785, 53581.36
139787, 53583.21
139789, 53583.68
139792, 53587.38
139795, 53588.76
139797, 53591.54
139799, 53592.00
139802, 53595.24
139804, 53595.70
139807, 53599.40
139810, 53600.79
139812, 53603.10
139815, 53604.03
139817, 53606.34
139819, 53607.27
139821, 53609.58
139823, 53610.97
139825, 53172.48
139827, 53172.48
139829, 53172.48
139831, 53172.48
139833, 53172.48
139835, 53636.87
139837, 53623.45
139839, 53172.48
139841, 53172.48
139843, 53172.48
139846, 53172.48
139847, 53172.48
139849, 53172.48
139851, 53634.09
139853, 53634.55
139856, 53645.66
139858, 53172.48
139861, 53645.19
139863, 53644.27
139865, 53172.48
139867, 53172.48
139869, 51988.86
139870, 51753.43
139872, 51755.74
139874, 51756.20
139876, 51758.05
139878, 51759.44
139879, 51759.90
139881, 51762.22
139883, 51763.14
139885, 51764.07
139887, 51766.38
139889, 51767.30
139891, 51769.15
139893, 51770.54
139896, 51773.32
139898, 51774.70
139902, 51777.94
139904, 51778.87
139906, 53172.48
139908, 52033.72
139910, 53172.48
139912, 51785.80
139915, 53172.48
139918, 51790.43
139920, 51791.36
139923, 53172.48
139925, 53172.48
139928, 53172.48
139930, 53172.48
139933, 51801.99
139935, 51803.38
139937, 51804.77
139940, 51807.08
139942, 53172.48
139944, 53172.48
139946, 51841.31
139947, 51813.56
139949, 51814.48
139951, 51815.87
139953, 51817.72
139955, 51818.64
139957, 53172.48
139961, 53172.48
139964, 51825.58
139967, 51828.36
139969, 51829.28
139971, 51830.67
139973, 51832.98
139975, 51833.91
139977, 53172.48
139978, 51836.68
139980, 53172.48
139982, 51840.85
139984, 51841.31
139986, 51843.62
139988, 51844.55
139990, 51845.93
139992, 51847.78
139994, 51848.71
139996, 51850.56
139999, 51852.41
140001, 51855.65
140003, 51856.57
140005, 51857.96
140007, 51860.27
140009, 51861.20
140012, 51863.97
140015, 51865.82
140018, 51869.06
140020, 51869.06
140022, 51870.91
140025, 51873.22
140028, 51876.92
140031, 51878.31
140034, 51881.09
140036, 51882.94
140038, 51884.79
140041, 51886.64
140044, 51889.41
140047, 53172.48
140050, 53172.48
140052, 53184.05
140054, 51897.74
140056, 51899.59
140059, 51901.44
140063, 53207.17
140064, 51905.14
140068, 53172.48
140069, 51909.76
140071, 51911.15
140073, 51913.93
140075, 51913.46
140077, 51916.24
140079, 51917.16
140080, 51918.55
140082, 51920.86
140084, 51921.79
140086, 51923.18
140088, 51925.03
140090, 51925.95
140093, 51929.65
140095, 51930.58
140097, 51933.35
140099, 51933.35
140101, 51935.20
140103, 51937.05
140104, 51937.98
140106, 51939.37
140109, 51942.14
140111, 51943.07
140114, 51946.77
140116, 51947.69
140118, 51950.00
140120, 51950.93
140123, 51953.70
140126, 51955.56
140128, 51958.33
140129, 51959.26
140131, 51960.18
140133, 51962.96
140136, 51963.88
140137, 51966.66
140139, 51967.12
140141, 51968.51
140144, 51972.21
140146, 51973.13
140148, 51975.91
140150, 51976.37
140152, 51978.68
140155, 51980.99
140158, 51983.77
140160, 51984.69
140163, 51988.39
140165, 51988.39
140168, 51514.76
140170, 51514.76
140172, 50097.09
140175, 50102.64
140178, 50106.34
140180, 50107.27
140182, 50109.12
140184, 50110.97
140186, 50112.36
140188, 50114.21
140189, 50115.13
140191, 50116.98
140193, 50119.29
140195, 50120.22
140197, 50121.14
140199, 50124.84
140201, 50124.38
140202, 50126.69
140204, 50127.62
140206, 50129.01
140209, 50132.24
140211, 50133.63
140213, 50135.95
140216, 50137.80
140219, 50140.57
140221, 50141.03
140224, 51277.94
140226, 51277.94
140228, 51277.94
140229, 51277.94
140232, 51277.94
140234, 51277.94
140235, 51277.94
140239, 51277.94
140241, 51277.94
140243, 51277.94
140245, 51277.94
140248, 51277.94
140250, 51277.94
140252, 51277.94
140255, 51277.94
140258, 51277.94
140260, 51277.94
140263, 51277.94
140265, 50178.96
140267, 50180.81
140269, 51277.94
140272, 51277.94
140274, 51277.94
140276, 51277.94
140278, 51277.94
140281, 50190.99
140284, 50194.69
140286, 51277.94
140288, 50323.27
140290, 51277.94
140291, 51277.94
140293, 51277.94
140295, 51277.94
140297, 50326.97
140299, 50207.64
140301, 51277.94
140303, 51277.94
140304, 51277.94
140306, 51277.94
140308, 50274.24
140310, 50215.96
140312, 50217.35
140314, 50219.66
140316, 50220.59
140318, 50222.44
140319, 50223.36
140321, 50224.75
140324, 50228.45
140326, 50228.91
140329, 50232.61
140332, 50234.00
140334, 50236.31
140336, 50236.78
140338, 50239.09
140340, 50240.48
140342, 50241.87
140345, 50244.64
140348, 50247.42
140351, 50249.27
140353, 50251.12
140355, 50252.97
140357, 51277.94
140360, 50257.13
140363, 50260.37
140366, 51277.94
140368, 51277.94
140369, 51277.94
140372, 51277.94
140375, 51277.94
140377, 51277.94
140379, 51277.94
140380, 51277.94
140382, 51277.94
140384, 51277.94
140386, 51277.94
140388, 51277.94
140391, 51277.94
140394, 51277.94
140396, 51277.94
140398, 50318.18
140400, 51277.94
140402, 51277.94
140404, 51277.94
140406, 51277.94
140408, 51277.94
140410, 51277.94
140412, 51277.94
140414, 51277.94
140415, 51277.94
140417, 51277.94
140419, 51277.94
140421, 51277.94
140424, 51277.94
140426, 51277.94
140429, 51277.94
140432, 51277.94
140434, 51277.94
140436, 51277.94
140438, 51277.94
140441, 51277.94
140443, 51277.94
140444, 51277.94
140446, 51277.94
140448, 51277.94
140450, 50804.31
140452, 50330.67
140454, 50333.45
140456, 50334.83
140459, 50338.54
140463, 50340.39
140465, 50342.70
140466, 50343.16
140468, 50345.47
140470, 50346.40
140474, 50350.10
140477, 50351.02
140480, 50354.72
140482, 50355.65
140485, 50358.42
140487, 50359.35
140490, 50363.05
140493, 50365.82
140496, 50367.21
140498, 50369.99
140501, 50370.45
140503, 50373.23
140505, 50374.61
140508, 50376.93
140511, 50379.24
140513, 50381.55
140515, 50382.94
140517, 51277.94
140520, 51277.94
140521, 51277.94
140523, 51277.94
140525, 51277.94
140527, 51277.94
140529, 51277.94
140531, 51277.94
140532, 51277.94
140534, 51277.94
140536, 51277.94
140539, 51277.94
140542, 51277.94
140544, 51277.94
140547, 50891.26
140550, 52305.69
140552, 52306.62
140554, 52309.39
140557, 52310.32
140559, 52314.02
140561, 52314.94
140564, 52317.26
140567, 52319.11
140569, 52321.42
140571, 53172.48
140575, 53172.48
140577, 53172.48
140579, 53172.48
140582, 53172.48
140585, 53172.48
140588, 53172.48
140591, 53172.48
140593, 53172.48
140595, 53172.48
140598, 53172.48
140601, 53172.48
140603, 53172.48
140606, 53172.48
140608, 53172.48
140610, 52354.72
140611, 52355.18
140614, 52358.42
140617, 52359.81
140619, 52362.12
140622, 52363.97
140624, 52366.29
140626, 52367.21
140627, 53172.48
140629, 52371.37
140631, 52372.30
140633, 52374.15
140635, 52376.00
140638, 52376.92
140639, 52379.70
140643, 52382.01
140646, 52385.25
140649, 52387.56
140651, 52388.95
140653, 52390.80
140655, 52393.11
140659, 52395.43
140662, 52397.74
140665, 52401.44
140667, 52401.90
140670, 52405.60
140672, 52406.53
140674, 52408.38
140676, 52409.76
140679, 52413.46
140683, 52415.78
140685, 52417.63
140687, 52418.55
140689, 52421.33
140691, 52422.71
140694, 52425.03
140696, 52426.88
140698, 52428.27
140700, 52431.50
140702, 52431.50
140704, 52433.35
140706, 52436.13
140708, 52437.05
140710, 52439.83
140712, 52440.29
140714, 52442.14
140717, 52443.99
140719, 52447.23
140721, 52448.15
140724, 52450.93
140726, 52452.78
140730, 52456.02
140732, 52457.87
140734, 52460.64
140736, 52461.11
140738, 52462.49
140740, 52465.27
140742, 52465.27
140744, 52468.51
140746, 52469.89
140748, 52470.82
140750, 52473.13
140752, 52474.06
140754, 52475.91
140756, 52478.22
140759, 52480.07
140762, 52483.31
140765, 52486.54
140767, 52487.01
140769, 52489.78
140771, 52491.17
140775, 52494.41
140778, 52496.26
140780, 52499.50
140782, 52499.96
140784, 52502.73
140787, 52503.66
140790, 52507.36
140793, 52508.75
140795, 52511.98
140798, 52513.37
140800, 52516.61
140803, 52517.07
140806, 52519.85
140809, 52522.62
140811, 52524.47
140814, 52526.78
140817, 52529.10
140819, 52530.49
140822, 52533.26
140825, 52536.50
140828, 52537.89
140830, 52540.20
140832, 52541.12
140834, 52542.51
140836, 52544.82
140839, 52546.67
140841, 52549.45
140844, 52550.84
140846, 52553.15
140848, 52554.07
140850, 52556.85
140852, 52557.31
140854, 52559.16
140856, 52561.47
140858, 52562.40
140860, 52564.71
140862, 52565.64
140864, 52567.03
140866, 52569.34
140868, 52570.73
140870, 52573.50
140873, 52574.89
140877, 52577.66
140879, 52579.05
140881, 52581.36
140883, 52582.29
140885, 52585.06
140887, 52585.53
140890, 52588.76
140893, 52590.15
140895, 52592.93
140897, 52593.85
140899, 52596.17
140901, 52598.02
140903, 52598.02
140906, 52601.72
140909, 52603.57
140911, 52605.42
140913, 52606.34
140916, 52610.04
140918, 52610.04
140920, 52612.35
140923, 52613.74
140925, 52615.59
140928, 52618.37
140931, 52621.14
140933, 52622.53
140935, 52623.92
140937, 52625.77
140939, 52627.15
140941, 52629.93
140945, 52631.32
140947, 52633.63
140949, 52634.56
140951, 52637.33
140953, 53172.48
140955, 53172.48
140957, 52671.10
140959, 52643.34
140961, 52645.19
140963, 52646.12
140965, 52647.51
140967, 52648.89
140968, 52650.28
140970, 52652.59
140972, 52652.59
140974, 53172.48
140976, 53172.48
140978, 53172.48
140979, 53172.48
140981, 52660.46
140983, 52660.92
140985, 52693.30
140987, 53172.48
140989, 53172.48
140990, 52667.40
140992, 52668.32
140994, 52669.71
140996, 52672.48
140998, 52672.95
141000, 52674.33
141002, 52676.18
141004, 52677.11
141005, 52678.96
141007, 52682.20
141009, 52681.27
141012, 52684.05
141015, 52686.36
141017, 52688.21
141019, 52689.13
141022, 52695.15
141024, 52692.37
141027, 52695.15
141030, 52697.46
141032, 52698.85
141034, 52699.77
141036, 52702.55
141038, 52702.09
141040, 52699.77
141042, 53172.48
141046, 53172.48
141048, 53404.68
141050, 53172.48
141052, 53172.48
141054, 53172.48
141056, 53172.48
141058, 53172.48
141060, 53172.48
141062, 53172.48
141063, 53172.48
141065, 53172.48
141067, 53172.48
141069, 53172.48
141071, 53172.48
141073, 53172.48
141075, 53172.48
141076, 53172.48
141078, 53172.48
141080, 53172.48
141082, 53172.48
141084, 53172.48
141086, 53172.48
141088, 53172.48
141090, 53172.48
141092, 53172.48
141095, 53172.48
141098, 53172.48
141100, 53172.48
141101, 53172.48
141104, 53172.48
141106, 53172.48
141109, 53172.48
141113, 53172.48
141114, 53172.48
141116, 53172.48
141118, 53172.48
141121, 53172.48
141123, 53172.48
141127, 53172.48
141130, 53172.48
141132, 53172.48
141134, 53172.48
141136, 53172.48
141138, 53172.48
141140, 53172.48
141142, 53172.48
141146, 53172.48
141148, 53172.48
141150, 53172.48
141153, 53172.48
141155, 53172.48
141158, 53172.48
141161, 53172.48
141163, 53172.48
141165, 53172.48
141167, 53172.48
141169, 53172.48
141171, 53172.48
141173, 53172.48
141174, 53172.48
141176, 53172.48
141178, 53172.48
141180, 53172.48
141182, 53172.48
141184, 53172.48
141185, 53172.48
141188, 53172.48
141191, 52646.12
141193, 52585.99
141195, 52584.14
141198, 52581.83
141200, 52580.44
141202, 52578.13
141205, 52575.81
141208, 52574.43
141210, 52572.58
141213, 52569.80
141215, 52567.95
141217, 52566.10
141220, 52564.71
141223, 53172.48
141225, 52560.55
141226, 52558.24
141228, 52557.77
141230, 52556.39
141232, 52554.54
141234, 52553.15
141237, 52549.91
141239, 52549.45
141241, 52546.67
141243, 52546.21
141245, 52544.36
141247, 52541.59
141249, 52541.12
141251, 52539.27
141252, 52537.89
141254, 52536.96
141256, 52534.19
141258, 52533.72
141261, 52530.49
141263, 52529.56
141265, 52527.71
141267, 52525.40
141269, 52524.47
141271, 52522.62
141273, 52521.70
141275, 52520.31
141276, 52518.00
141278, 52516.61
141280, 52515.68
141283, 52513.37
141284, 52511.98
141287, 53172.48
141289, 53172.48
141291, 52506.90
141292, 52505.05
141294, 52504.12
141296, 52503.20
141298, 52500.42
141300, 52499.96
141302, 52497.18
141304, 52496.72
141307, 52493.48
141309, 52492.56
141311, 52489.78
141314, 52487.93
141316, 52486.54
141318, 52484.23
141320, 52483.77
141323, 52480.07
141325, 52479.14
141328, 52476.37
141330, 52475.44
141332, 52472.21
141334, 52472.21
141336, 52469.89
141338, 52468.04
141340, 52466.19
141344, 52463.42
141345, 52462.03
141347, 52459.72
141349, 52459.25
141351, 52457.40
141353, 52455.55
141355, 52454.63
141357, 52451.85
141359, 52451.85
141361, 52449.08
141363, 52446.77
141364, 52445.84
141366, 52443.99
141368, 52442.60
141371, 52439.83
141375, 52437.52
141377, 52434.74
141379, 52434.28
141380, 52432.89
141382, 52430.58
141384, 52429.65
141386, 52426.88
141388, 52425.95
141390, 52424.10
141393, 52421.33
141394, 52420.86
141396, 52418.55
141398, 52417.63
141400, 52415.78
141402, 52413.93
141404, 52413.00
141406, 52411.61
141408, 52408.38
141410, 52407.45
141413, 52404.68
141415, 52403.75
141416, 52401.44
141419, 52400.05
141422, 52396.81
141424, 52395.43
141427, 52393.11
141430, 52390.80
141432, 52388.49
141434, 52387.56
141436, 52385.25
141438, 52382.94
141440, 52382.47
141442, 52379.24
141445, 52377.39
141447, 52375.07
141449, 52374.15
141452, 52371.37
141454, 52369.52
141456, 52367.67
141458, 52365.82
141460, 52365.36
141462, 52362.12
141464, 53172.48
141466, 53172.48
141467, 53172.48
141469, 52349.63
141473, 52346.40
141476, 53172.48
141478, 53174.33
141480, 53172.48
141482, 53172.48
141484, 53172.48
141486, 53172.48
141489, 53172.48
141491, 53225.21
141493, 52337.15
141495, 52336.22
141497, 52333.91
141499, 52332.52
141501, 52331.60
141503, 52329.28
141504, 52328.82
141506, 52326.51
141508, 52324.19
141510, 52324.66
141512, 52321.88
141514, 52320.03
141516, 52319.57
141517, 52316.79
141519, 53172.48
141521, 52314.94
141523, 53172.48
141525, 53172.48
141527, 53172.48
141528, 53172.48
141530, 53172.48
141532, 53172.48
141534, 53172.48
141536, 52302.92
141538, 52300.61
141540, 52300.14
141542, 52298.76
141544, 52296.91
141546, 53172.48
141548, 53172.48
141550, 53172.48
141552, 53172.48
141554, 53172.48
141557, 53172.48
141559, 53172.48
141562, 53172.48
141563, 53172.48
141566, 53172.48
141568, 53172.48
141570, 53190.52
141573, 53188.21
141575, 53188.67
141577, 53187.28
141580, 53178.03
141582, 53172.48
141584, 53172.95
141587, 52228.45
141589, 52260.83
141591, 52259.90
141594, 52225.21
141597, 53186.36
141599, 53185.43
141601, 52237.24
141604, 52249.26
141606, 52233.54
141607, 53175.26
141609, 53172.48
141611, 53172.48
141613, 53172.48
141615, 53172.95
141617, 53179.42
141619, 52238.16
141621, 52236.78
141623, 52234.93
141625, 53172.48
141628, 53174.33
141630, 53172.48
141632, 53173.87
141633, 53172.95
141636, 53172.48
141637, 53644.73
141641, 53642.88
141644, 54113.74
141646, 54111.89
141648, 54109.58
141651, 54109.11
141653, 54106.34
141655, 54105.41
141657, 54104.49
141659, 54101.71
141661, 54100.79
141663, 54099.40
141665, 54098.01
141667, 54096.16
141669, 54093.85
141672, 54091.54
141675, 54090.61
141678, 54087.38
141680, 54086.45
141682, 54084.60
141684, 54082.75
141686, 54081.83
141689, 54079.05
141691, 54078.59
141693, 54075.35
141695, 54075.35
141698, 54072.11
141699, 54070.72
141701, 54070.26
141703, 54068.41
141706, 54066.56
141708, 54064.71
141711, 55481.45
141713, 55954.16
141715, 55954.16
141717, 55952.31
141719, 55950.46
141721, 55950.00
141723, 55947.69
141725, 55946.76
141726, 55945.84
141728, 55943.06
141730, 55942.60
141732, 55941.21
141734, 55939.36
141736, 55938.44
141737, 55936.59
141740, 55934.74
141743, 55932.43
141745, 55931.04
141747, 55928.72
141749, 55927.34
141751, 55925.95
141753, 55923.64
141757, 55921.79
141760, 55919.47
141762, 57319.57
141765, 55915.31
141766, 55914.39
141768, 55911.61
141771, 55910.22
141774, 55907.45
141777, 57326.97
141779, 56961.56
141781, 57320.03
141783, 57321.88
141785, 57793.66
141788, 57790.89
141791, 59151.66
141793, 57787.19
141795, 59207.17
141797, 59679.42
141799, 59676.64
141802, 59674.79
141805, 59672.48
141807, 59670.63
141809, 59668.78
141812, 59666.46
141814, 59664.61
141816, 59663.23
141818, 59662.30
141820, 59660.91
141822, 59659.06
141824, 59656.75
141826, 59656.29
141827, 59653.98
141829, 59652.59
141831, 59651.20
141833, 59649.81
141835, 59648.89
141837, 59647.04
141840, 59644.26
141843, 59642.41
141845, 59639.64
141847, 59639.64
141848, 59636.86
141850, 59636.40
141852, 59635.01
141854, 59632.70
141856, 59632.24
141859, 59628.54
141861, 60987.46
141863, 60987.46
141865, 61015.68
141867, 59623.45
141870, 59620.67
141873, 59618.36
141875, 59616.51
141877, 59614.66
141880, 59612.81
141882, 59611.42
141884, 59609.11
141886, 59608.19
141888, 59605.87
141890, 59604.02
141892, 59603.10
141894, 59601.25
141896, 59600.32
141898, 59596.62
141900, 59596.62
141902, 59595.70
141903, 59593.38
141905, 59592.46
141907, 59591.07
141909, 59588.76
141911, 60750.65
141913, 60987.93
141915, 59567.48
141917, 59583.67
141918, 59581.36
141920, 60994.40
141922, 59579.05
141924, 59569.33
141926, 60987.46
141928, 60750.65
141930, 60989.31
141932, 60987.93
141933, 59569.33
141935, 59568.41
141937, 59567.48
141939, 59565.17
141941, 59564.71
141943, 59562.39
141944, 59560.54
141946, 59560.54
141948, 60750.65
141950, 60750.65
141952, 60750.65
141955, 59552.68
141958, 59550.83
141960, 59548.52
141962, 59547.13
141964, 60750.65
141966, 60750.65
141968, 60750.65
141970, 60750.65
141972, 60750.65
141974, 60750.65
141976, 60750.65
141978, 60750.65
141980, 60750.65
141982, 60750.65
141984, 60750.65
141986, 60750.65
141988, 59529.09
141990, 59524.93
141992, 59524.00
141995, 59521.23
141997, 59519.84
141999, 59517.53
142001, 59517.07
142003, 59515.68
142004, 59512.90
142006, 59512.44
142008, 59511.05
142010, 59509.20
142012, 59508.74
142014, 59506.43
142016, 59505.50
142017, 59504.58
142019, 59502.26
142021, 59501.34
142023, 59499.49
142026, 59497.64
142028, 59495.33
142030, 59493.94
142032, 59493.01
142034, 59490.24
142036, 59489.78
142038, 59488.39
142040, 59486.08
142041, 59485.15
142043, 59484.23
142045, 59482.84
142047, 59480.53
142049, 59479.60
142051, 59478.68
142053, 60750.65
142054, 60750.65
142056, 59474.51
142058, 59473.13
142060, 59470.81
142062, 59470.81
142064, 59468.50
142065, 59467.57
142067, 59466.19
142070, 59462.95
142073, 59460.64
142076, 59459.25
142079, 59456.01
142081, 59455.09
142083, 59453.70
142085, 59451.85
142088, 59449.54
142091, 59448.15
142094, 60806.15
142097, 59443.99
142099, 59442.14
142102, 60750.65
142105, 59436.59
142107, 59435.66
142111, 59433.35
142113, 59431.96
142115, 59429.65
142117, 59428.72
142119, 59426.41
142122, 59425.48
142124, 59423.17
142127, 59421.78
142129, 59419.01
142131, 59418.08
142133, 59416.70
142135, 59414.38
142137, 59413.92
142140, 59410.68
142143, 59409.76
142145, 59407.45
142147, 59406.52
142149, 59404.21
142151, 59403.75
142153, 59401.90
142155, 59400.04
142157, 59399.12
142159, 59398.19
142161, 59396.34
142163, 59395.42
142165, 59392.64
142167, 59391.72
142169, 59390.33
142172, 59388.02
142175, 59384.78
142177, 59384.78
142179, 59382.93
142181, 59381.54
142183, 59380.62
142185, 59377.84
142187, 59377.38
142189, 59375.07
142191, 59374.14
142194, 59371.37
142197, 59370.44
142198, 59369.06
142201, 59367.20
142204, 59364.89
142206, 59363.50
142208, 59362.58
142211, 59360.27
142213, 59358.88
142215, 59356.57
142218, 59355.18
142220, 59352.40
142222, 59352.40
142224, 59350.09
142226, 59349.17
142228, 59348.24
142230, 59345.93
142232, 59345.00
142234, 59344.08
142236, 59341.77
142238, 59341.30
142239, 59338.53
142241, 59338.07
142244, 59336.68
142247, 59334.37
142249, 59332.05
142251, 59331.59
142253, 59329.74
142255, 59091.07
142257, 59326.96
142259, 59325.58
142261, 59323.26
142262, 59323.26
142264, 59320.95
142266, 58856.10
142268, 58856.10
142270, 58856.10
142272, 59316.33
142273, 59315.40
142277, 59313.09
142280, 59309.85
142282, 59309.39
142284, 59308.46
142287, 59306.15
142289, 59303.84
142291, 59301.99
142294, 59300.60
142296, 59298.29
142298, 59297.36
142300, 59294.12
142303, 59294.12
142305, 59291.81
142307, 59290.89
142309, 59289.96
142312, 59286.72
142314, 59285.80
142316, 59283.95
142319, 59282.10
142321, 59279.79
142323, 59279.32
142325, 59277.01
142327, 59276.09
142329, 59275.62
142330, 59272.39
142332, 59271.92
142334, 59270.07
142336, 59268.69
142338, 59268.69
142341, 59264.52
142343, 59263.60
142346, 59260.82
142348, 59260.82
142351, 59257.12
142353, 59256.66
142356, 59253.88
142358, 59252.50
142360, 59250.18
142363, 59249.26
142365, 59246.95
142367, 59246.02
142369, 59245.10
142370, 59242.78
142372, 59241.86
142374, 59240.47
142376, 59237.70
142378, 59237.23
142380, 59235.85
142382, 59234.00
142384, 59233.53
142385, 59231.22
142388, 59230.29
142390, 59227.52
142394, 58988.85
142396, 59222.89
142398, 59222.43
142400, 59220.58
142403, 59218.27
142405, 59215.49
142407, 58975.90
142409, 58974.51
142411, 58974.51
142413, 58914.38
142415, 59208.09
142417, 59207.63
142420, 59205.32
142422, 59203.01
142426, 59199.77
142428, 59198.38
142430, 59196.07
142432, 59194.68
142434, 59193.75
142436, 59191.44
142440, 59189.59
142443, 59187.28
142445, 59184.97
142447, 59183.58
142449, 59182.19
142452, 59179.42
142455, 58881.08
142458, 58938.44
142460, 58936.12
142462, 59171.09
142464, 59170.17
142466, 59167.85
142468, 59166.93
142470, 59165.54
142473, 59163.23
142475, 58856.10
142476, 58856.10
142478, 58859.34
142480, 59157.21
142482, 59155.83
142484, 59153.98
142486, 59151.66
142488, 59151.20
142490, 59148.89
142491, 59147.04
142493, 59147.04
142495, 59145.19
142497, 59143.80
142499, 59142.41
142501, 59139.64
142504, 59137.79
142506, 59135.48
142510, 59133.63
142512, 59131.31
142514, 59129.92
142516, 59127.61
142519, 59125.76
142521, 59122.99
142524, 59122.06
142526, 59118.36
142528, 59118.36
142530, 59116.97
142532, 59115.12
142535, 59112.81
142537, 59110.50
142539, 59110.04
142541, 58856.10
142543, 58861.65
142546, 58857.03
142548, 58856.10
142550, 58856.10
142552, 58857.95
142555, 58856.10
142558, 58856.57
142560, 58856.10
142562, 58856.10
142564, 58970.81
142566, 59086.91
142569, 59084.60
142572, 59082.75
142574, 59081.36
142578, 59078.58
142580, 59076.27
142583, 59073.96
142585, 59072.57
142587, 59070.26
142589, 59069.80
142591, 59067.02
142593, 59065.63
142595, 59064.24
142596, 59062.86
142598, 59061.93
142600, 59060.54
142602, 59058.23
142605, 59056.38
142607, 59054.07
142610, 59051.76
142612, 59050.37
142614, 59048.52
142616, 59046.67
142619, 59045.28
142621, 59043.43
142623, 59042.04
142625, 59040.66
142628, 59038.34
142630, 59036.49
142632, 59033.72
142634, 59033.26
142636, 59030.48
142638, 59029.55
142640, 59028.63
142643, 59025.85
142646, 59023.54
142648, 59021.69
142651, 59019.38
142653, 59017.99
142655, 58856.10
142658, 58856.10
142660, 58856.10
142663, 59010.59
142665, 59008.28
142667, 59006.89
142669, 59006.43
142672, 59002.73
142674, 59001.80
142677, 58998.57
142680, 58996.71
142682, 58994.86
142685, 58992.55
142687, 58990.70
142689, 58989.78
142692, 58986.54
142695, 58985.61
142697, 58983.30
142700, 58981.91
142702, 58978.68
142704, 58978.68
142706, 58858.42
142708, 58856.57
142710, 58856.10
142712, 58913.00
142713, 58971.74
142715, 58969.43
142717, 58967.11
142719, 58967.11
142721, 58856.10
142724, 58856.10
142727, 58856.10
142729, 58856.10
142731, 58856.10
142733, 58856.10
142735, 58856.10
142738, 58952.77
142741, 58950.00
142743, 58948.61
142746, 58946.30
142747, 58944.91
142750, 58944.45
142753, 58941.21
142756, 58938.44
142759, 58936.59
142762, 58934.27
142764, 58932.89
142766, 58931.50
142769, 58929.65
142772, 58926.41
142774, 58925.48
142777, 58922.25
142780, 58921.32
142781, 58919.01
142783, 58918.55
142785, 58917.16
142788, 58914.38
142791, 58912.53
142792, 58911.15
142794, 58910.22
142796, 58907.91
142798, 58907.91
142802, 58904.21
142805, 58902.82
142808, 58900.05
142811, 58897.73
142813, 58896.35
142815, 58894.96
142817, 58893.11
142819, 58892.18
142820, 58891.72
142822, 58888.94
142824, 58888.94
142826, 58886.17
142828, 58885.24
142830, 58884.32
142832, 58882.01
142834, 58881.08
142836, 58879.23
142839, 58858.88
142842, 58856.10
142844, 58856.10
142845, 58856.57
142847, 58863.04
142849, 58869.98
142851, 58868.59
142853, 58866.74
142855, 58856.10
142857, 58856.10
142859, 58856.10
142861, 58856.10
142863, 58857.49
142865, 58856.10
142867, 58856.10
142870, 57907.91
142872, 56958.33
142874, 56956.94
142877, 56954.16
142879, 56953.70
142881, 56952.78
142884, 56950.46
142887, 56947.23
142889, 56946.30
142892, 56943.06
142895, 56942.60
142896, 56940.29
142899, 56961.56
142902, 56961.56
142904, 56935.20
142908, 56931.96
142909, 56931.50
142912, 56929.65
142914, 56961.56
142917, 56961.56
142919, 56961.56
142922, 56921.32
142924, 56920.40
142926, 56919.01
142928, 56917.16
142930, 56916.24
142932, 56913.46
142934, 56913.46
142936, 56911.61
142938, 56910.22
142940, 56909.30
142942, 56906.98
142944, 56906.06
142946, 56903.75
142948, 56902.82
142950, 56901.43
142954, 56898.66
142956, 56897.73
142958, 56895.42
142961, 56893.11
142963, 56891.26
142965, 56890.80
142968, 56887.10
142971, 56885.71
142974, 56883.86
142977, 56881.55
142979, 56880.16
142982, 56877.38
142985, 56875.53
142987, 56873.68
142989, 56871.83
142993, 56869.06
142995, 56868.59
142997, 56961.56
143000, 56961.56
143003, 56930.11
143005, 56861.19
143008, 56857.96
143010, 56856.57
143013, 56853.79
143015, 56853.79
143018, 56961.56
143020, 56849.17
143022, 56847.78
143024, 56846.39
143027, 56844.54
143029, 56961.56
143032, 56961.56
143034, 56961.56
143036, 56961.56
143038, 56961.56
143040, 56961.56
143042, 56961.56
143044, 56961.56
143046, 56961.56
143047, 56961.56
143049, 56961.56
143052, 56961.56
143054, 56961.56
143056, 56961.56
143058, 56961.56
143061, 56961.56
143063, 56961.56
143066, 56961.56
143068, 56961.56
143070, 56961.56
143073, 56961.56
143076, 56961.56
143078, 56961.56
143080, 56961.56
143083, 56961.56
143085, 56961.56
143088, 56961.56
143091, 56961.56
143094, 56961.56
143096, 56961.56
143098, 56789.04
143100, 56961.56
143102, 56961.56
143105, 56814.02
143108, 56961.56
143111, 56961.56
143113, 56961.56
143116, 56961.56
143118, 56961.56
143121, 56961.56
143124, 56961.56
143127, 56961.56
143129, 56961.56
143131, 56961.56
143133, 56961.56
143135, 56961.56
143138, 56961.56
143141, 56961.56
143143, 56888.02
143145, 56753.42
143147, 56752.04
143149, 56961.56
143151, 56961.56
143153, 56747.41
143155, 56961.56
143156, 56745.10
143158, 56961.56
143161, 56961.56
143163, 56961.56
143165, 56961.56
143167, 56961.56
143170, 56961.56
143173, 56961.56
143176, 56730.30
143178, 56727.98
143180, 56727.06
143182, 56725.21
143185, 56961.56
143188, 56722.90
143191, 56719.20
143194, 56715.96
143196, 56715.03
143198, 56720.12
143201, 56710.41
143203, 56708.10
143206, 56707.17
143209, 56704.39
143211, 56703.47
143213, 56961.56
143216, 56699.31
143219, 56696.99
143222, 56695.61
143225, 56692.83
143227, 56691.91
143229, 56689.59
143230, 56688.67
143232, 56686.82
143234, 56685.43
143236, 56684.51
143238, 56682.66
143240, 56681.73
143242, 56680.34
143244, 56677.57
143246, 56677.11
143248, 56674.79
143250, 56674.33
143254, 56670.63
143256, 56669.70
143258, 56667.85
143260, 56666.47
143262, 56665.54
143264, 56662.77
143266, 56662.77
143267, 56660.92
143270, 56659.07
143271, 56658.14
143274, 56655.37
143276, 56655.37
143278, 56652.13
143280, 56651.67
143283, 56649.35
143286, 56647.50
143288, 56646.12
143290, 56644.73
143292, 56642.88
143294, 56640.10
143296, 56640.10
143298, 56637.33
143301, 56635.94
143303, 56634.09
143305, 56633.16
143308, 56629.93
143311, 56629.46
143313, 56627.61
143315, 56625.76
143317, 56624.38
143320, 56622.53
143321, 56621.14
143325, 56618.36
143327, 56617.44
143329, 56615.13
143331, 56614.20
143334, 56611.89
143337, 56610.04
143339, 56607.73
143341, 57435.20
143343, 56961.56
143345, 56961.56
143347, 55593.85
143349, 55592.92
143353, 56962.03
143356, 56961.56
143358, 56961.56
143361, 56961.56
143363, 56964.80
143365, 55574.42
143368, 55571.65
143370, 55570.72
143372, 56961.56
143373, 56961.56
143375, 56991.63
143377, 56961.56
143379, 56961.56
143381, 56961.56
143383, 56961.56
143385, 56961.56
143387, 56961.56
143389, 55548.06
143392, 56961.56
143394, 56961.56
143396, 56962.03
143398, 55542.05
143400, 56961.56
143402, 56961.56
143405, 56961.56
143408, 56961.56
143411, 56961.56
143412, 56961.56
143415, 56961.56
143417, 56961.56
143419, 56961.56
143422, 56961.56
143425, 56961.56
143427, 56965.73
143428, 56961.56
143431, 56961.56
143433, 56961.56
143437, 56961.56
143440, 56961.56
143442, 56961.56
143444, 56961.56
143446, 56961.56
143449, 56961.56
143451, 56961.56
143453, 56961.56
143455, 56961.56
143457, 56961.56
143459, 56961.56
143461, 56961.56
143463, 56961.56
143464, 56961.56
143466, 56961.56
143469, 56961.56
143472, 56961.56
143475, 56961.56
143478, 56961.56
143479, 56961.56
143481, 56962.95
143483, 57435.66
143485, 57442.14
143487, 57442.14
143489, 57439.82
143491, 58856.10
143493, 58382.47
143495, 58856.10
143497, 58856.10
143499, 58856.10
143500, 59329.74
143502, 59331.13
143504, 59330.20
143506, 59329.74
143508, 59091.53
143510, 58379.69
143512, 58378.31
143514, 58856.10
143516, 58379.23
143518, 58373.22
143522, 58371.37
143524, 58368.13
143526, 58367.67
143528, 58366.28
143530, 58364.43
143533, 58363.51
143536, 58360.73
143539, 58358.42
143541, 58357.49
143544, 58354.72
143546, 58353.33
143548, 58351.94
143551, 58349.63
143554, 58346.85
143557, 58345.47
143560, 58342.69
143562, 58342.69
143564, 58340.38
143567, 58338.53
143570, 58335.75
143572, 58334.83
143575, 58331.59
143577, 58331.59
143579, 58329.74
143581, 58328.35
143584, 58325.12
143586, 58324.19
143588, 59032.79
143591, 58320.49
143593, 58318.64
143595, 58317.25
143597, 58316.33
143599, 58314.48
143601, 58312.63
143603, 58312.63
143604, 58309.85
143606, 58309.39
143608, 58856.10
143610, 59015.68
143612, 58305.23
143614, 58302.45
143617, 58301.53
143620, 58974.98
143623, 58975.90
143625, 58974.98
143627, 58856.10
143629, 58856.10
143631, 58856.10
143633, 58983.30
143636, 58981.91
143639, 58856.10
143641, 58856.10
143643, 58975.90
143645, 58856.10
143647, 58856.10
143649, 58978.21
143652, 58856.10
143655, 58974.51
143657, 58977.75
143660, 58856.10
143662, 58974.51
143664, 58974.98
143667, 58914.85
143670, 58911.15
143672, 58259.44
143675, 58907.45
143677, 58255.74
143680, 58252.96
143683, 58856.10
143686, 58856.10
143688, 58889.87
143691, 58856.10
143693, 58856.10
143695, 58856.10
143697, 58239.55
143700, 59184.04
143702, 58856.10
143704, 58856.10
143706, 58867.67
143708, 58856.10
143710, 58863.97
143712, 58878.77
143714, 58227.06
143716, 58856.10
143718, 58856.10
143720, 58856.10
143722, 58856.10
143724, 58863.04
143726, 58856.10
143728, 58859.80
143730, 58856.57
143732, 58856.10
143734, 58859.34
143737, 58856.10
143739, 58856.10
143742, 58856.10
143744, 58856.10
143746, 58882.01
143748, 58200.23
143750, 58197.92
143752, 58196.53
143754, 58875.99
143756, 58192.83
143758, 58192.37
143759, 58190.98
143761, 58188.67
143763, 58188.20
143766, 58185.43
143769, 58856.10
143771, 58856.10
143774, 58856.10
143777, 58856.10
143778, 58856.10
143780, 58867.67
143782, 58868.13
143784, 58866.28
143786, 58168.32
143788, 58148.89
143790, 59112.81
143792, 58164.15
143794, 58857.49
143795, 58160.45
143797, 58856.10
143799, 58860.27
143801, 58856.10
143804, 58856.10
143806, 58856.10
143807, 58856.10
143809, 58856.57
143811, 58856.10
143813, 58856.10
143815, 58856.10
143817, 58973.13
143819, 58971.74
143821, 58140.10
143823, 58139.64
143824, 58138.25
143826, 58135.94
143828, 58135.01
143830, 58132.70
143832, 58132.24
143834, 58856.10
143836, 58128.08
143838, 58128.08
143840, 58126.23
143841, 58124.38
143843, 58123.91
143845, 58120.21
143847, 58856.10
143849, 58856.10
143851, 58130.85
143853, 58856.10
143854, 58856.10
143856, 58856.10
143858, 58856.10
143860, 58856.10
143862, 58856.10
143864, 58856.10
143868, 58856.10
143870, 58856.10
143873, 58856.10
143876, 58856.10
143878, 58095.24
143880, 58856.10
143882, 58091.54
143884, 58089.69
143887, 58087.84
143890, 58085.52
143892, 58083.21
143894, 58081.82
143896, 58079.05
143899, 58077.66
143902, 58075.81
143905, 58072.57
143908, 58070.72
143910, 58069.33
143912, 58067.48
143915, 58065.17
143918, 58062.86
143921, 58886.63
143924, 58856.10
143925, 59003.19
143927, 58055.00
143929, 58055.00
143931, 58051.76
143933, 58051.29
143935, 58049.44
143936, 58856.10
143938, 58856.10
143940, 58856.10
143942, 58856.10
143944, 58856.10
143946, 58856.10
143948, 58856.10
143950, 58856.10
143952, 58856.10
143953, 58856.10
143955, 58856.10
143957, 58856.10
143959, 58856.10
143961, 58856.10
143963, 58560.08
143966, 58856.10
143969, 58856.10
143971, 58856.10
143974, 58856.10
143977, 58856.10
143979, 58856.10
143982, 58856.10
143985, 58856.10
143987, 58856.10
143989, 58856.10
143991, 58856.10
143994, 58856.10
143996, 58856.10
143999, 57999.49
144001, 58856.10
144003, 58856.10
144005, 58856.10
144008, 57992.09
144010, 57990.70
144012, 57988.39
144015, 58857.03
144018, 58873.22
144021, 58856.10
144023, 58856.10
144026, 58856.10
144028, 58856.10
144031, 58856.10
144034, 58856.10
144036, 57970.35
144037, 57968.96
144039, 57970.35
144041, 57972.66
144043, 57974.05
144045, 57974.98
144047, 57977.75
144048, 57978.21
144050, 57979.60
144052, 58856.10
144054, 58856.10
144057, 57986.08
144060, 57987.47
144061, 57989.78
144064, 58856.10
144067, 58856.10
144070, 58856.10
144072, 58856.10
144075, 58856.10
144077, 58856.57
144079, 58856.10
144082, 58886.17
144084, 58856.10
144086, 58856.10
144089, 58891.26
144092, 58856.10
144094, 58901.90
144096, 58900.97
144098, 58902.36
144100, 58856.10
144103, 58856.10
144105, 58912.07
144107, 58914.85
144109, 58856.10
144111, 58856.10
144114, 58856.10
144116, 58856.10
144118, 58856.57
144121, 58856.10
144123, 58861.65
144125, 58863.04
144127, 58856.10
144129, 58977.29
144132, 58859.34
144135, 58863.97
144138, 58856.10
144140, 58867.67
144142, 58856.10
144144, 58856.10
144146, 58060.08
144148, 58856.57
144150, 58856.10
144152, 58856.57
144154, 58856.57
144155, 58857.49
144157, 58862.58
144159, 58070.72
144161, 58072.57
144163, 58073.96
144165, 58075.35
144167, 58078.58
144169, 58079.05
144171, 58080.90
144174, 58083.67
144176, 58086.91
144178, 58087.84
144181, 58089.69
144184, 58092.00
144186, 58094.77
144188, 58095.70
144191, 58098.94
144193, 58100.79
144195, 58101.25
144198, 58105.41
144201, 58856.10
144203, 58922.71
144206, 58924.10
144209, 58927.80
144211, 58115.59
144213, 58118.36
144215, 58120.21
144217, 58951.39
144220, 58122.99
144223, 58127.15
144225, 58128.08
144227, 58130.39
144229, 58131.31
144231, 58133.16
144233, 58135.48
144235, 58136.86
144238, 58139.64
144240, 58140.56
144242, 58143.80
144244, 58144.73
144246, 56844.54
144249, 58148.89
144251, 58150.74
144254, 58153.51
144256, 58154.90
144258, 58157.68
144260, 58158.14
144262, 58160.45
144263, 58161.84
144265, 58162.77
144267, 58165.08
144269, 58166.47
144271, 58167.85
144273, 58169.70
144275, 58171.09
144277, 58172.94
144278, 58174.79
144280, 58175.72
144282, 58178.49
144284, 58178.95
144286, 58181.27
144288, 58183.58
144290, 58183.58
144292, 58186.82
144294, 58187.74
144297, 58190.98
144299, 58192.37
144301, 58194.22
144303, 58196.53
144305, 58197.46
144307, 58200.23
144309, 58201.62
144311, 58203.47
144314, 58205.78
144316, 58206.71
144319, 58209.94
144322, 59160.45
144324, 58214.11
144326, 58215.96
144328, 58218.27
144330, 58219.66
144332, 58221.97
144334, 58222.90
144336, 58223.82
144338, 58226.13
144340, 58227.06
144342, 58229.37
144343, 58856.10
144346, 58856.10
144348, 58856.10
144351, 58856.10
144354, 58856.10
144355, 58856.10
144357, 58856.10
144359, 58856.10
144361, 58856.10
144363, 58856.10
144365, 58856.10
144367, 58856.10
144369, 58856.10
144371, 58856.10
144373, 58856.10
144374, 58856.10
144376, 58856.10
144378, 58856.10
144380, 58856.10
144382, 58856.10
144384, 58856.10
144385, 58325.12
144387, 58268.69
144389, 58269.61
144391, 58270.54
144393, 58273.31
144395, 58274.24
144397, 58856.10
144399, 58277.47
144401, 58856.10
144404, 58282.10
144407, 58283.49
144409, 58285.80
144411, 58856.10
144414, 58291.81
144416, 58291.81
144419, 58294.13
144422, 58297.36
144425, 58299.21
144427, 58300.60
144430, 58302.45
144432, 58305.69
144435, 58307.54
144438, 58310.31
144440, 58311.24
144443, 58314.48
144445, 58315.40
144447, 58317.25
144450, 58319.10
144453, 58322.80
144456, 58323.73
144459, 58326.50
144461, 58327.43
144462, 58329.74
144465, 58331.13
144468, 58333.90
144470, 58334.83
144474, 58338.53
144476, 58338.99
144478, 58342.23
144480, 58342.69
144482, 58344.54
144484, 58346.39
144486, 58347.32
144488, 58349.63
144490, 58350.55
144491, 58351.48
144493, 58354.72
144495, 58354.72
144497, 58357.03
144499, 58357.96
144501, 58359.34
144504, 58362.12
144507, 58363.51
144509, 58365.36
144511, 58856.10
144514, 58376.92
144516, 58856.10
144519, 58373.22
144522, 58375.53
144524, 58856.10
144526, 58856.10
144528, 58856.10
144530, 58856.10
144532, 58856.10
144535, 58385.24
144538, 58388.02
144540, 58388.94
144542, 58390.80
144544, 58393.11
144546, 58394.03
144550, 58396.81
144553, 58399.58
144555, 58400.51
144557, 58402.36
144559, 58404.21
144561, 58406.06
144564, 58408.83
144567, 58411.15
144569, 58413.00
144573, 58415.31
144575, 58417.16
144577, 58418.08
144579, 58419.93
144580, 58420.86
144582, 58422.71
144584, 58425.02
144586, 58425.49
144588, 58427.34
144590, 58427.80
144592, 58429.65
144594, 58431.96
144596, 58433.35
144599, 58856.10
144601, 58856.10
144603, 58856.10
144606, 58856.10
144608, 58679.42
144610, 58443.99
144613, 58447.22
144615, 58448.15
144618, 58450.92
144620, 58451.85
144622, 58453.24
144624, 58455.55
144626, 58456.47
144629, 58459.71
144631, 58459.71
144634, 58463.41
144636, 58463.88
144639, 58467.11
144640, 58467.58
144643, 58469.43
144645, 58856.10
144646, 58472.66
144650, 58474.98
144652, 58476.83
144654, 58478.68
144656, 58480.06
144658, 58481.45
144660, 58483.30
144662, 58856.10
144665, 58487.46
144667, 58488.85
144669, 58491.63
144672, 58493.02
144675, 58494.87
144677, 58495.79
144680, 58499.49
144682, 58500.88
144684, 58503.19
144686, 58503.65
144688, 58505.04
144689, 58856.10
144691, 58808.00
144693, 58856.10
144695, 58856.10
144697, 58856.10
144699, 58856.10
144701, 58856.10
144703, 58856.10
144705, 58856.10
144707, 58856.10
144709, 58856.10
144711, 58856.10
144713, 58856.10
144715, 58856.10
144718, 58856.10
144721, 58532.33
144723, 58535.11
144725, 58856.10
144727, 58856.10
144730, 58856.10
144732, 58856.10
144733, 58856.10
144735, 58856.10
144737, 58848.70
144740, 58856.10
144742, 58856.10
144744, 58856.10
144746, 58856.10
144749, 58856.10
144752, 58856.10
144755, 58856.10
144756, 58856.10
144758, 58856.10
144760, 58856.10
144762, 58856.10
144764, 58600.79
144766, 58567.95
144768, 58856.10
144770, 58856.10
144771, 58856.10
144773, 58848.70
144775, 58856.10
144777, 58856.10
144779, 58856.10
144783, 58856.10
144785, 58856.10
144788, 58856.10
144791, 58856.10
144793, 58856.10
144795, 58856.10
144797, 58856.10
144799, 58856.10
144801, 58856.10
144802, 58856.10
144804, 58856.10
144806, 58856.10
144808, 58856.10
144810, 58856.10
144812, 58856.10
144814, 58856.10
144816, 58856.10
144818, 58856.10
144820, 58856.10
144821, 58856.10
144823, 58856.10
144825, 58856.10
144827, 58856.10
144829, 58856.10
144831, 58739.55
144833, 58623.45
144836, 58625.76
144839, 58628.08
144841, 58629.93
144843, 58630.85
144845, 58633.16
144847, 58634.55
144850, 58637.33
144852, 58638.25
144854, 58640.56
144856, 58641.49
144858, 58643.34
144860, 58645.19
144862, 58646.11
144865, 58649.81
144868, 58651.20
144870, 59567.94
144873, 58655.36
144875, 58658.14
144877, 58659.06
144880, 58662.30
144883, 58664.15
144886, 58666.00
144889, 58668.78
144891, 58670.63
144893, 58671.55
144895, 58674.79
144897, 58675.72
144900, 58678.03
144903, 58680.34
144905, 58682.19
144907, 58683.58
144908, 58684.97
144911, 58686.35
144914, 58689.59
144916, 58691.44
144919, 58694.22
144921, 58695.14
144923, 58696.99
144925, 58698.84
144927, 58699.77
144929, 58701.62
144931, 58703.47
144933, 58704.39
144935, 58707.17
144937, 58707.63
144938, 58709.48
144940, 58711.33
144942, 58712.26
144944, 58714.11
144946, 58715.03
144949, 58718.27
144952, 58720.12
144954, 58721.97
144956, 58723.82
144958, 58725.21
144960, 58727.52
144963, 58729.37
144966, 58732.15
144968, 58733.53
144970, 58736.31
144973, 58737.23
144975, 58740.01
144977, 58740.47
144981, 58744.17
144983, 58745.56
144985, 58747.87
144986, 58747.87
144989, 58750.18
144991, 58752.03
144993, 58753.88
144996, 58756.66
144999, 58758.51
145001, 58759.90
145004, 58856.10
145007, 57817.25
145009, 56872.29
145012, 56874.14
145014, 56876.46
145016, 56877.85
145020, 56881.08
145023, 56882.47
145025, 56885.71
145027, 56886.17
145030, 56889.41
145032, 56889.87
145034, 56891.72
145036, 56894.03
145038, 56894.50
145040, 56897.27
145042, 56898.20
145044, 56899.12
145045, 56901.90
145047, 56902.36
145049, 56904.21
145051, 56905.60
145053, 56907.45
145056, 56910.22
145058, 56910.69
145060, 56913.46
145063, 56914.85
145065, 56917.62
145067, 56918.55
145070, 56920.40
145073, 56923.17
145075, 56925.49
145077, 56926.41
145079, 56927.80
145081, 56930.11
145084, 56932.42
145087, 56934.74
145090, 56937.97
145092, 56938.44
145094, 56939.82
145097, 56942.14
145100, 56944.91
145103, 56946.76
145106, 56950.00
145108, 56950.93
145110, 56952.78
145113, 56954.63
145116, 56957.40
145119, 56959.25
145121, 56961.10
145123, 56962.49
145125, 56965.26
145127, 56966.19
145129, 56967.58
145131, 56961.56
145134, 56962.95
145136, 56961.56
145138, 56967.11
145141, 56961.56
145142, 56961.56
145144, 56961.56
145146, 56962.03
145148, 56963.41
145150, 56969.43
145152, 56961.56
145154, 56962.03
145155, 56961.56
145157, 56974.51
145159, 56961.56
145161, 56961.56
145165, 56961.56
145167, 56961.56
145170, 56961.56
145171, 56961.56
145174, 56961.56
145176, 56961.56
145177, 56961.56
145181, 56961.56
145183, 56961.56
145187, 56961.56
145190, 56961.56
145192, 56961.56
145193, 56961.56
145196, 56961.56
145198, 56961.56
145200, 56961.56
145203, 56961.56
145205, 56961.56
145207, 56961.56
145209, 56961.56
145212, 56961.56
145215, 56961.56
145218, 56961.56
145221, 56961.56
145222, 56961.56
145224, 56961.56
145226, 56961.56
145228, 56970.35
145231, 56961.56
145235, 56961.56
145236, 56961.56
145240, 56961.56
145242, 56961.56
145244, 56961.56
145247, 56961.56
145250, 56961.56
145252, 56961.56
145254, 56961.56
145256, 56961.56
145257, 56961.56
145259, 56961.56
145261, 56961.56
145263, 56961.56
145265, 56961.56
145267, 56961.56
145268, 56961.56
145270, 56961.56
145272, 56961.56
145274, 56961.56
145276, 56961.56
145278, 56961.56
145280, 56961.56
145283, 56961.56
145285, 56961.56
145287, 56961.56
145289, 56962.03
145291, 56961.56
145293, 56962.03
145295, 56963.41
145296, 56969.43
145298, 56961.56
145300, 56972.66
145302, 56961.56
145304, 56961.56
145306, 56962.03
145308, 56961.56
145311, 56963.41
145314, 56961.56
145316, 56961.56
145319, 56961.56
145321, 56961.56
145324, 56961.56
145326, 56977.75
145328, 56976.37
145330, 56961.56
145332, 56984.23
145334, 56961.56
145336, 56961.56
145338, 56989.32
145340, 57020.77
145342, 57020.77
145344, 56961.56
145347, 57022.62
145350, 56961.56
145353, 57022.16
145355, 56961.56
145357, 57020.77
145359, 56961.56
145362, 57020.77
145364, 57022.62
145366, 57028.63
145368, 57028.63
145370, 56961.56
145372, 56961.56
145374, 57035.11
145376, 57052.68
145378, 56961.56
145380, 57050.37
145382, 56961.56
145384, 57053.61
145386, 56961.56
145389, 57054.07
145391, 57065.17
145393, 57065.17
145395, 57065.17
145397, 56961.56
145400, 56961.56
145403, 56961.56
145406, 56961.56
145408, 56961.56
145410, 56961.56
145412, 56961.56
145414, 56961.56
145417, 56961.56
145420, 56961.56
145422, 56961.56
145424, 56961.56
145427, 56961.56
145429, 56961.56
145432, 56961.56
145434, 56961.56
145437, 56961.56
145440, 56961.56
145442, 56974.51
145443, 56974.51
145446, 56961.56
145448, 56962.95
145451, 56962.95
145454, 56961.56
145456, 56961.56
145458, 56961.56
145459, 56965.73
145462, 56976.37
145464, 56961.56
145466, 56961.56
145470, 56978.22
145473, 56984.23
145475, 56961.56
145477, 56989.32
145479, 56989.32
145481, 56961.56
145482, 56962.95
145484, 56961.56
145486, 56961.56
145488, 56964.80
145490, 56962.03
145492, 56961.56
145493, 56965.26
145495, 56961.56
145497, 56961.56
145499, 56961.56
145501, 56961.56
145502, 56961.56
145504, 56962.03
145506, 56961.56
145508, 56961.56
145510, 56961.56
145512, 56973.13
145513, 56974.51
145515, 56961.56
145517, 56961.56
145519, 56962.95
145521, 56991.63
145523, 56961.56
145525, 56991.17
145527, 56961.56
145529, 56961.56
145532, 56961.56
145535, 57006.43
145537, 57005.97
145539, 56961.56
145541, 56961.56
145544, 57013.83
145546, 56961.56
145548, 57017.53
145551, 56961.56
145553, 57080.44
145555, 56961.56
145557, 56961.56
145559, 56961.56
145561, 57079.97
145564, 56961.56
145566, 56961.56
145568, 56961.56
145570, 56961.56
145573, 56961.56
145574, 57079.97
145577, 57083.21
145579, 56961.56
145581, 56961.56
145583, 56961.56
145585, 56973.13
145586, 56961.56
145588, 56961.56
145590, 57080.44
145592, 57079.97
145594, 57080.44
145596, 57083.21
145598, 57080.44
145601, 57083.67
145604, 56961.56
145606, 57086.91
145608, 57094.77
145610, 56961.56
145612, 56961.56
145616, 56961.56
145618, 56961.56
145620, 56961.56
145623, 56961.56
145624, 57109.11
145626, 56961.56
145629, 57140.56
145632, 57142.41
145634, 56961.56
145636, 57139.64
145639, 56961.56
145641, 57145.19
145644, 57153.98
145646, 57155.83
145649, 57139.18
145651, 57142.41
145655, 57147.04
145657, 57165.08
145659, 57402.36
145662, 57406.06
145665, 57171.09
145667, 56961.56
145669, 57169.24
145672, 57168.78
145674, 57169.24
145677, 57172.48
145679, 57174.79
145681, 57183.58
145683, 56961.56
145685, 56961.56
145687, 56961.56
145689, 57189.13
145691, 57190.52
145693, 57429.65
145695, 57430.11
145697, 57432.89
145700, 57197.46
145703, 56961.56
145705, 56962.95
145707, 56963.41
145709, 56961.56
145711, 56961.56
145713, 56961.56
145716, 56961.56
145719, 56961.56
145721, 56961.56
145723, 56961.56
145725, 56961.56
145728, 56961.56
145731, 56961.56
145734, 56961.56
145736, 56961.56
145739, 56961.56
145741, 56961.56
145743, 56961.56
145745, 56961.56
145747, 56961.56
145750, 56961.56
145752, 56961.56
145755, 56961.56
145757, 55547.60
145760, 55585.99
145763, 55115.59
145766, 53696.53
145768, 53698.38
145772, 53701.16
145774, 53702.55
145775, 55067.02
145778, 53706.25
145781, 53708.10
145783, 53709.95
145785, 55067.02
145788, 55067.49
145790, 55076.74
145792, 53717.35
145794, 53717.81
145796, 53719.66
145798, 53721.05
145799, 55081.82
145801, 55085.52
145803, 53726.60
145805, 53726.60
145807, 53728.45
145809, 53730.30
145811, 53732.15
145813, 53734.00
145816, 53734.92
145819, 53737.24
145821, 53739.09
145823, 53741.40
145825, 53741.86
145828, 53745.56
145831, 53746.49
145834, 53749.73
145836, 53751.11
145838, 53753.43
145839, 53753.43
145841, 53755.28
145843, 53757.59
145845, 53758.05
145847, 53759.90
145849, 53761.75
145851, 53763.14
145853, 53765.45
145855, 53765.91
145857, 53767.76
145859, 53769.61
145860, 53770.54
145862, 53772.85
145864, 53773.78
145866, 53775.17
145868, 53777.02
145870, 53777.94
145872, 53779.33
145874, 53781.64
145875, 53782.57
145877, 53784.42
145879, 53785.80
145881, 53787.65
145884, 55075.35
145887, 55213.65
145889, 53794.59
145891, 53795.52
145894, 53797.83
145896, 53799.22
145899, 53802.45
145902, 53803.84
145904, 53806.62
145906, 53807.08
145908, 53809.39
145910, 53810.32
145911, 53811.71
145913, 53814.48
145915, 53815.41
145917, 53816.33
145919, 53818.64
145921, 53819.11
145923, 53821.88
145925, 53823.27
145927, 53825.12
145930, 53826.97
145933, 53829.74
145935, 53830.67
145938, 53834.83
145940, 53835.76
145943, 53838.53
145946, 53840.38
145949, 53843.62
145951, 53844.08
145953, 53847.32
145956, 53848.25
145958, 53851.48
145960, 53851.95
145962, 53853.80
145964, 53856.11
145966, 53856.57
145968, 53859.35
145970, 53859.81
145971, 53862.12
145973, 53863.97
145975, 53864.90
145977, 53866.75
145979, 53869.06
145981, 53869.06
145983, 53871.37
145985, 53872.76
145987, 53874.15
145989, 53877.39
145991, 53877.39
145994, 53881.09
145997, 53883.40
145999, 55067.02
146001, 55067.02
146004, 55067.02
146006, 55067.02
146008, 55305.23
146011, 55067.02
146013, 55067.02
146015, 55067.02
146017, 55067.02
146019, 55067.02
146021, 55067.02
146023, 55067.02
146025, 55067.02
146026, 55067.02
146028, 55067.02
146030, 55067.02
146032, 55067.02
146034, 55067.02
146036, 55067.02
146037, 55067.02
146039, 55067.02
146041, 55067.02
146043, 55067.02
146046, 55067.02
146048, 55067.02
146050, 55067.02
146053, 55067.02
146055, 55067.02
146057, 55067.02
146060, 55067.02
146062, 55067.02
146064, 55067.02
146066, 55067.02
146069, 55067.02
146071, 55067.02
146073, 55067.02
146075, 55307.08
146078, 55067.02
146080, 55067.02
146082, 55067.02
146085, 55067.02
146087, 55067.02
146089, 55303.84
146091, 55067.02
146094, 55067.02
146096, 55067.02
146098, 55314.94
146100, 55315.40
146102, 55318.18
146104, 55067.02
146106, 55333.44
146107, 53975.90
146109, 53978.22
146111, 53979.14
146114, 55344.08
146118, 55405.14
146120, 53986.54
146122, 53988.39
146124, 53990.24
146126, 53990.71
146128, 53992.56
146129, 53994.87
146131, 53995.79
146133, 53997.64
146135, 55067.02
146137, 55067.02
146139, 54062.40
146141, 54002.73
146142, 54004.58
146144, 54006.89
146146, 54008.28
146148, 54010.13
146150, 54011.52
146153, 54013.83
146155, 54015.68
146157, 54017.07
146159, 54019.38
146161, 54019.85
146163, 54021.70
146164, 54023.55
146166, 55430.11
146168, 55430.58
146170, 55434.28
146172, 55450.00
146174, 54030.95
146176, 55422.71
146178, 55423.64
146180, 55424.10
146182, 55425.49
146184, 55422.71
146186, 55067.02
146188, 55067.02
146190, 55428.26
146192, 55429.19
146194, 55469.43
146196, 55438.44
146198, 55067.02
146200, 55440.29
146202, 55444.91
146204, 55447.69
146206, 54056.85
146208, 54059.62
146210, 53587.38
146212, 53587.38
146214, 53172.48
146216, 53172.48
146217, 53588.76
146219, 53587.38
146221, 53172.48
146223, 53172.48
146225, 53592.46
146227, 53592.46
146229, 53172.48
146231, 53586.91
146233, 53172.48
146235, 53470.35
146237, 53172.48
146239, 53594.31
146241, 53595.70
146243, 53599.40
146245, 53601.25
146247, 53616.98
146250, 53616.52
146252, 53172.48
146253, 53618.37
146255, 53616.52
146257, 53625.30
146259, 53625.30
146261, 53629.00
146263, 53630.39
146265, 53631.32
146267, 53172.48
146269, 53631.78
146271, 53636.87
146273, 52217.35
146275, 52219.20
146277, 52220.59
146279, 52222.44
146280, 52224.29
146282, 52224.75
146284, 52227.06
146286, 53172.48
146288, 53172.48
146290, 53175.72
146292, 53172.48
146294, 53172.48
146296, 53172.48
146298, 53172.48
146300, 53172.48
146302, 53172.48
146304, 53172.48
146306, 53172.48
146308, 53172.48
146310, 53172.48
146311, 53172.48
146313, 53172.48
146315, 53172.48
146317, 53172.48
146319, 53172.48
146321, 53172.48
146323, 53172.48
146325, 53172.48
146326, 53172.48
146328, 53172.48
146330, 53172.48
146332, 53172.48
146334, 53172.48
146336, 53172.48
146338, 53172.48
146340, 53172.48
146342, 53172.48
146344, 53172.48
146347, 53172.48
146349, 53172.48
146351, 53172.48
146353, 53172.48
146354, 53173.87
146356, 53172.48
146358, 53172.95
146360, 53172.48
146362, 53172.48
146364, 53172.48
146366, 53172.48
146368, 53172.48
146369, 53172.48
146371, 53176.65
146373, 53178.96
146375, 53172.95
146377, 53187.75
146379, 53172.48
146381, 53174.33
146383, 53172.48
146385, 53172.48
146387, 53182.66
146389, 52311.24
146391, 52312.63
146394, 52315.87
146396, 52316.79
146399, 53202.55
146402, 53202.55
146404, 52323.73
146406, 52325.12
146409, 52327.90
146411, 52329.28
146413, 52331.13
146416, 53221.51
146418, 52334.37
146420, 52336.68
146422, 52338.07
146423, 52339.00
146425, 52341.31
146427, 52342.23
146429, 52345.01
146432, 52346.86
146434, 52349.63
146436, 52350.56
146439, 52351.95
146441, 52354.26
146443, 52355.18
146446, 52358.42
146449, 52360.27
146451, 53172.95
146453, 52364.44
146455, 52366.29
146457, 52367.21
146459, 52369.06
146461, 52371.37
146463, 52371.84
146464, 52374.61
146466, 52375.54
146468, 52376.92
146470, 52379.24
146472, 52379.70
146474, 52381.55
146476, 52384.32
146479, 52385.71
146481, 52388.49
146483, 52389.41
146486, 52392.19
146488, 52393.58
146490, 52396.35
146492, 52396.81
146494, 52398.66
146496, 52400.98
146498, 52401.44
146499, 52403.75
146501, 52404.68
146503, 52406.53
146505, 53172.48
146507, 53172.48
146509, 52918.09
146512, 54308.47
146515, 54311.70
146518, 54313.09
146520, 54315.87
146521, 55067.02
146523, 55067.02
146526, 55067.02
146529, 55067.02
146532, 55067.02
146534, 55067.02
146536, 54330.21
146538, 54329.74
146540, 54332.52
146542, 54334.37
146544, 54335.76
146547, 54338.99
146550, 54340.84
146552, 54342.23
146553, 54343.16
146555, 54345.93
146557, 54347.32
146559, 54348.71
146561, 54351.02
146563, 54351.95
146565, 54353.80
146566, 55067.02
146568, 55067.02
146570, 55067.02
146572, 55067.02
146574, 55067.02
146576, 54363.51
146577, 54363.97
146579, 54365.82
146581, 54368.13
146583, 54368.60
146585, 54370.91
146587, 54372.30
146588, 54373.22
146590, 54376.00
146592, 54376.92
146594, 54378.77
146596, 54381.09
146598, 54381.55
146600, 54383.40
146602, 54385.25
146603, 54386.17
146605, 54388.95
146607, 54389.87
146609, 54391.26
146611, 54393.57
146613, 54394.04
146615, 54397.27
146617, 54397.27
146619, 54399.12
146620, 54401.44
146622, 55067.02
146624, 55067.02
146626, 55067.02
146628, 55067.02
146630, 55067.02
146631, 55067.02
146633, 55067.02
146636, 55067.02
146638, 55067.02
146640, 55067.02
146642, 54418.55
146645, 54421.79
146647, 54422.71
146649, 54424.10
146651, 54427.34
146654, 54427.80
146656, 54431.04
146658, 54432.43
146662, 54435.20
146664, 54436.13
146667, 54439.36
146670, 54442.60
146672, 54443.53
146674, 54444.45
146676, 54447.23
146678, 54448.15
146680, 54450.47
146682, 54451.85
146684, 54453.24
146686, 54455.55
146688, 54456.02
146690, 54457.87
146691, 54460.18
146693, 54461.10
146695, 54463.42
146697, 54464.34
146699, 54465.73
146701, 54467.58
146703, 54468.97
146705, 54470.35
146707, 54472.20
146710, 54474.52
146712, 54476.83
146715, 54478.68
146718, 54480.53
146720, 54483.31
146722, 54484.69
146724, 54485.62
146726, 54488.39
146729, 54489.78
146732, 54493.02
146735, 54495.79
146737, 54496.26
146739, 54498.11
146741, 54500.88
146743, 54501.34
146745, 54502.27
146747, 54504.58
146748, 54505.51
146750, 54507.36
146752, 54508.74
146754, 54509.67
146756, 54512.44
146758, 54512.91
146760, 54515.22
146762, 54516.61
146764, 54518.00
146767, 54521.23
146770, 54523.08
146772, 54525.40
146774, 55067.02
146776, 54528.63
146778, 54529.10
146780, 54531.41
146782, 54532.80
146784, 54533.26
146786, 54535.57
146787, 54536.50
146789, 54538.35
146791, 54540.66
146793, 54541.12
146795, 54542.51
146797, 54545.28
146798, 54544.82
146800, 54547.13
146802, 54548.52
146804, 54549.91
146806, 54552.69
146808, 54552.69
146810, 54554.54
146813, 54556.39
146816, 54560.55
146819, 54561.01
146821, 54563.79
146823, 54578.59
146825, 55067.02
146828, 54567.49
146831, 54571.19
146833, 54571.65
146835, 54573.50
146837, 54575.35
146839, 54576.27
146841, 54579.05
146844, 54580.44
146847, 54583.21
146850, 54584.60
146852, 54587.38
146854, 54587.84
146856, 54589.23
146859, 54591.54
146862, 54594.78
146865, 54596.16
146868, 54598.94
146870, 54600.79
146872, 54602.18
146875, 54604.03
146878, 54606.80
146880, 54608.19
146884, 55542.97
146886, 54593.39
146888, 54614.20
146890, 54615.13
146892, 54617.90
146894, 54617.90
146895, 54619.75
146897, 54621.14
146899, 54622.07
146901, 54624.84
146903, 54624.84
146905, 54626.69
146907, 54629.00
146909, 54629.47
146910, 54631.32
146912, 54632.70
146915, 54633.63
146917, 54636.40
146919, 54637.33
146921, 54638.72
146922, 54640.57
146924, 55067.02
146926, 54643.34
146929, 54645.19
146932, 54647.97
146934, 54648.89
146936, 54650.74
146938, 54652.13
146940, 54653.52
146943, 54655.83
146945, 54656.76
146947, 54659.07
146949, 54659.53
146951, 54661.84
146953, 54663.23
146955, 54664.62
146957, 54666.93
146960, 54668.32
146963, 54671.56
146965, 54672.48
146968, 54674.79
146970, 54676.18
146972, 54678.96
146975, 54679.88
146978, 54682.66
146980, 54684.04
146982, 54686.36
146985, 54687.75
146987, 54690.06
146989, 54690.52
146992, 54693.76
146995, 54695.15
146997, 54697.46
146998, 54697.92
147000, 54699.77
147002, 54702.08
147004, 54702.55
147006, 54704.40
147008, 54705.32
147010, 54706.71
147011, 54709.48
147013, 54709.48
147015, 55067.02
147017, 54713.65
147019, 54714.11
147020, 54714.57
147022, 54717.81
147024, 54717.81
147027, 54721.51
147030, 54721.97
147032, 54724.75
147034, 54725.67
147037, 54728.91
147038, 54728.45
147041, 54727.06
147044, 55067.02
147046, 55067.02
147049, 55067.02
147052, 53649.36
147054, 55067.02
147056, 53647.51
147058, 55067.02
147060, 55540.66
147062, 55598.01
147064, 56961.56
147067, 55592.92
147069, 55592.46
147071, 54703.01
147074, 54701.62
147076, 55587.37
147079, 55585.06
147082, 55574.42
147085, 56961.56
147087, 55579.05
147090, 55577.20
147092, 54686.82
147094, 54685.90
147097, 55570.72
147101, 54681.73
147103, 54679.42
147105, 54678.49
147107, 54676.64
147109, 54675.26
147111, 54673.41
147113, 54672.48
147115, 54671.09
147117, 54669.24
147118, 54668.78
147120, 54666.93
147122, 54665.54
147124, 54664.62
147126, 54653.98
147127, 54660.92
147129, 55540.66
147131, 55067.02
147134, 55540.66
147137, 55541.12
147139, 56961.56
147141, 56967.11
147144, 55551.76
147147, 56961.56
147149, 56983.77
147152, 57450.46
147154, 57450.00
147156, 57450.46
147159, 56533.26
147162, 57440.75
147164, 57447.69
147167, 56526.78
147169, 56525.39
147171, 56524.47
147173, 56522.16
147177, 56519.84
147179, 56961.56
147182, 55553.15
147185, 54619.29
147187, 55067.02
147190, 53653.52
147193, 55067.02
147195, 55067.02
147198, 53646.58
147201, 55067.02
147202, 55067.02
147204, 53649.82
147206, 53647.51
147208, 52707.17
147210, 53653.52
147212, 53647.97
147215, 53646.12
147217, 53172.48
147219, 53172.48
147221, 53172.48
147223, 53406.53
147225, 52695.61
147227, 52694.22
147228, 52692.83
147230, 52692.37
147232, 52690.06
147234, 52689.13
147236, 52686.82
147239, 52685.43
147241, 52684.05
147244, 52681.27
147246, 52679.88
147249, 52678.03
147251, 52676.65
147253, 52673.87
147255, 52673.41
147258, 52670.17
147261, 52668.78
147263, 52666.47
147265, 52666.93
147268, 52663.23
147270, 52662.31
147272, 52660.46
147276, 52658.61
147278, 52655.37
147281, 52654.44
147283, 52652.13
147285, 52651.67
147287, 52649.82
147290, 52647.97
147293, 52645.19
147295, 52644.27
147297, 52404.68
147299, 53588.30
147301, 52639.64
147303, 52637.33
147306, 52635.48
147309, 52633.63
147312, 52630.86
147314, 52629.93
147316, 52628.54
147318, 52626.23
147320, 52625.77
147321, 52623.92
147323, 52621.60
147325, 52621.14
147327, 52619.29
147329, 52618.37
147331, 52617.44
147333, 52614.67
147335, 52614.20
147337, 52612.82
147339, 52610.50
147341, 52609.58
147344, 52607.27
147346, 52605.42
147348, 52603.57
147351, 52601.72
147353, 52599.40
147355, 52598.94
147358, 52595.24
147360, 52594.78
147362, 52592.93
147365, 52591.08
147368, 52587.84
147370, 52587.38
147372, 52584.14
147376, 52583.21
147377, 52580.90
147379, 52283.95
147381, 52578.59
147383, 52575.81
147385, 52575.35
147387, 52573.04
147389, 52571.65
147392, 52570.73
147394, 52567.95
147396, 52566.10
147399, 52563.79
147402, 52562.40
147403, 52559.62
147406, 52559.16
147408, 52556.39
147410, 52555.46
147412, 52553.15
147415, 52551.30
147418, 52548.99
147420, 52547.60
147422, 52546.21
147424, 52543.44
147427, 53172.48
147429, 53172.48
147432, 53172.48
147435, 53178.03
147437, 53236.31
147439, 52531.41
147441, 53172.48
147443, 53175.72
147445, 53174.33
147446, 53172.95
147449, 53172.48
147451, 53172.95
147453, 53230.76
147455, 52518.92
147457, 52518.00
147460, 52514.76
147462, 53430.58
147465, 52510.13
147468, 52506.90
147470, 52506.43
147472, 53177.57
147476, 52226.60
147478, 52262.68
147481, 53172.48
147484, 53173.87
147486, 52493.48
147488, 52491.17
147491, 52489.32
147493, 52486.54
147496, 53172.48
147498, 53172.48
147500, 53172.48
147502, 53172.48
147504, 53172.48
147506, 53172.48
147508, 53172.48
147511, 53172.48
147514, 53172.48
147516, 53175.72
147518, 53172.48
147520, 53173.87
147522, 53172.48
147524, 53290.43
147527, 53287.65
147530, 53286.27
147532, 53284.42
147534, 52453.24
147536, 52452.32
147538, 52450.47
147540, 52448.62
147542, 52447.23
147543, 52445.38
147545, 52443.99
147547, 52443.53
147549, 52440.75
147551, 52439.83
147553, 52437.98
147554, 52436.13
147556, 52435.67
147558, 52433.35
147560, 52431.50
147562, 52430.58
147563, 52428.27
147565, 52427.34
147567, 52425.95
147569, 52422.71
147572, 52422.25
147575, 52418.55
147577, 52417.63
147579, 52414.85
147581, 52414.39
147583, 52411.61
147585, 52410.69
147587, 52409.30
147590, 52406.06
147593, 52403.75
147596, 53201.16
147598, 53317.72
147600, 52398.20
147602, 52396.35
147604, 52393.58
147607, 52392.19
147610, 53172.48
147612, 53172.48
147614, 53172.48
147616, 53172.48
147619, 53172.48
147622, 53174.33
147624, 53172.48
147627, 53172.48
147629, 53186.82
147632, 53172.48
147635, 53181.73
147637, 52366.75
147639, 52363.97
147642, 53172.48
147645, 53172.48
147647, 53172.48
147650, 53176.18
147652, 53172.48
147654, 53172.48
147656, 53172.48
147660, 53172.48
147661, 53172.48
147663, 53172.48
147665, 53229.84
147667, 53227.99
147669, 52339.46
147671, 52338.07
147673, 52336.22
147675, 52334.37
147677, 52332.98
147679, 52330.67
147682, 52329.28
147684, 52326.97
147686, 52326.05
147688, 52323.27
147690, 52321.88
147692, 52320.96
147694, 52318.18
147696, 52317.72
147698, 52315.87
147700, 52313.56
147702, 52312.63
147705, 52309.86
147707, 52308.93
147709, 52307.08
147711, 52305.69
147714, 52302.92
147716, 52301.53
147718, 52300.61
147720, 52297.83
147722, 52296.91
147724, 52294.59
147726, 52294.13
147729, 52291.82
147731, 53174.33
147734, 53232.15
147736, 52285.80
147739, 52283.49
147740, 52282.10
147742, 52280.72
147745, 52277.94
147747, 52277.48
147750, 52274.24
147752, 52273.32
147754, 52271.00
147756, 52270.08
147758, 52268.23
147760, 52266.38
147762, 52265.92
147764, 53181.73
147766, 52262.68
147767, 52261.29
147769, 52259.44
147771, 52258.52
147774, 52256.20
147776, 53172.48
147778, 53172.48
147780, 53172.48
147783, 53180.35
147785, 52246.95
147787, 52246.03
147790, 52243.71
147792, 52243.25
147794, 52240.48
147796, 53179.42
147798, 53178.03
147799, 52235.85
147801, 52235.85
147803, 52234.00
147805, 52231.69
147807, 52231.23
147809, 52228.91
147811, 53172.48
147815, 53645.66
147817, 54117.90
147819, 54115.59
147821, 54114.67
147823, 54113.74
147826, 54110.50
147828, 54109.58
147831, 54107.26
147833, 54105.88
147836, 54103.56
147837, 54117.44
147839, 54119.29
147842, 54099.40
147844, 54097.09
147846, 54096.16
147848, 54094.78
147850, 54092.46
147852, 54092.00
147854, 54090.15
147857, 54088.30
147860, 54084.60
147862, 54084.14
147865, 54080.44
147868, 54079.98
147870, 54077.20
147871, 54077.20
147873, 54075.35
147875, 54073.04
147877, 54073.04
147879, 54070.72
147881, 54069.34
147883, 54068.41
147884, 54066.10
147886, 54065.17
147888, 54064.25
147890, 54061.47
147892, 54061.47
147894, 54059.62
147895, 54057.31
147897, 54056.85
147899, 54055.46
147901, 54053.61
147903, 54052.69
147904, 54050.84
147906, 54050.84
147908, 54048.52
147910, 54046.67
147912, 54045.75
147914, 54044.36
147916, 54041.58
147918, 54041.58
147920, 54038.81
147922, 54037.88
147924, 54035.57
147926, 54034.18
147928, 54033.72
147930, 54031.41
147932, 54030.48
147934, 54029.10
147936, 54026.78
147938, 54025.86
147940, 54022.62
147943, 54021.70
147946, 54018.92
147948, 54018.46
147950, 54015.68
147952, 54014.76
147954, 54013.37
147956, 54011.06
147959, 54008.74
147961, 55424.10
147963, 55067.02
147965, 55067.02
147967, 55422.71
147969, 55421.32
147972, 55893.11
147974, 55891.26
147976, 55889.41
147978, 55888.95
147980, 55886.17
147982, 55885.25
147984, 55883.86
147986, 55881.08
147987, 55880.62
147989, 55878.77
147991, 55877.38
147993, 55876.46
147995, 55874.15
147997, 55872.30
147999, 55872.30
148001, 55869.52
148003, 55868.13
148005, 55865.82
148007, 55865.36
148010, 57282.56
148012, 57207.63
148014, 57279.33
148017, 57751.57
148018, 57750.18
148020, 57748.33
148022, 59108.19
148025, 59099.40
148026, 58856.10
148029, 58856.10
148031, 58856.10
148034, 58856.10
148036, 58856.10
148037, 59092.92
148039, 58856.10
148041, 58856.10
148043, 58859.34
148045, 59119.29
148047, 59147.96
148049, 59147.04
148050, 59618.82
148052, 59617.90
148054, 59616.05
148056, 59613.74
148058, 59613.74
148060, 59610.96
148062, 59610.04
148064, 59608.65
148066, 59606.34
148068, 59605.41
148069, 59603.56
148071, 59602.63
148073, 59600.32
148075, 59598.47
148077, 59596.62
148079, 60987.46
148081, 61015.68
148083, 61487.92
148085, 61486.54
148087, 61485.15
148088, 61483.30
148090, 61481.45
148092, 61480.99
148094, 61479.60
148096, 61476.82
148098, 61475.90
148099, 62888.02
148101, 61472.20
148103, 61472.20
148105, 61469.42
148107, 61468.96
148109, 62888.02
148111, 63357.03
148113, 62883.39
148114, 63356.10
148116, 64539.73
148118, 63354.71
148120, 63352.40
148122, 63351.48
148124, 63350.09
148126, 63347.78
148127, 63346.85
148129, 63345.93
148131, 63343.61
148133, 63343.15
148135, 63340.84
148137, 63339.45
148138, 63338.06
148140, 63336.21
148142, 63334.82
148144, 63334.36
148146, 63331.59
148148, 63330.66
148150, 63328.81
148152, 63327.42
148154, 63326.96
148155, 63324.19
148157, 63323.72
148159, 63322.34
148161, 63319.56
148163, 63319.10
148165, 63317.71
148167, 63315.86
148168, 63315.40
148170, 63313.09
148172, 63311.70
148174, 63310.31
148176, 63308.00
148178, 63308.00
148180, 63306.61
148181, 63303.84
148183, 63303.84
148185, 63301.06
148187, 64539.73
148189, 64539.73
148191, 64539.73
148193, 64539.73
148194, 64539.73
148196, 64539.73
148198, 64564.24
148200, 64592.92
148202, 63288.57
148204, 63287.19
148206, 63284.87
148208, 63284.87
148209, 63283.02
148211, 63281.17
148213, 63279.79
148215, 63278.40
148217, 63277.00
148219, 63275.62
148221, 63273.30
148223, 63272.84
148225, 63271.92
148226, 63269.60
148228, 64539.73
148230, 64539.73
148232, 64552.68
148234, 64539.73
148236, 64548.05
148238, 64539.73
148240, 64539.73
148242, 64541.58
148244, 64539.73
148246, 64539.73
148248, 64539.73
148250, 64539.73
148252, 64545.28
148253, 64543.89
148255, 64541.11
148257, 64539.73
148259, 64539.73
148261, 64539.73
148263, 64540.19
148265, 64541.11
148267, 64540.19
148269, 64539.73
148271, 64597.08
148273, 64595.69
148275, 64539.73
148277, 64539.73
148279, 64591.53
148281, 64539.73
148283, 64539.73
148285, 64585.52
148287, 63224.28
148289, 64584.59
148290, 64575.80
148292, 64539.73
148294, 64573.03
148296, 64539.73
148298, 64569.79
148300, 64572.57
148302, 63153.51
148304, 64569.33
148306, 64570.25
148307, 64569.79
148309, 64539.73
148311, 64552.68
148313, 64551.29
148315, 64539.73
148317, 64548.98
148318, 63201.61
148320, 64542.96
148322, 63183.11
148325, 64539.73
148327, 64540.19
148328, 64539.73
148331, 64546.66
148333, 64543.89
148335, 64542.96
148337, 64540.19
148339, 64540.19
148341, 64541.58
148343, 64539.73
148345, 64540.19
148347, 64539.73
148350, 64539.73
148352, 64566.09
148354, 64539.73
148355, 64539.73
148357, 64562.39
148359, 64562.39
148361, 64557.77
148363, 64539.73
148364, 64539.73
148366, 64539.73
148368, 64539.73
148370, 64554.53
148372, 64545.28
148374, 64543.89
148376, 64541.11
148378, 64539.73
148380, 64539.73
148382, 64539.73
148384, 64539.73
148386, 64541.11
148388, 64539.73
148390, 64539.73
148392, 64539.73
148394, 64539.73
148396, 64539.73
148398, 64547.13
148400, 64547.59
148402, 64541.58
148404, 64539.73
148406, 64539.73
148408, 64539.73
148410, 64540.19
148412, 64545.28
148414, 64539.73
148416, 64543.89
148417, 64539.73
148419, 64539.73
148421, 64539.73
148423, 64539.73
148425, 64539.73
148427, 64539.73
148429, 64539.73
148430, 64539.73
148433, 64539.73
148435, 64775.16
148436, 65009.20
148438, 65009.20
148440, 65007.35
148442, 65005.50
148445, 65004.57
148447, 65002.26
148449, 65001.33
148451, 65000.41
148452, 64998.56
148454, 64761.28
148456, 64994.86
148458, 64757.11
148461, 64539.73
148462, 64539.73
148464, 64750.18
148466, 64751.10
148468, 64539.73
148470, 64746.95
148472, 64731.68
148474, 64746.48
148476, 64980.98
148478, 64980.06
148480, 64979.13
148482, 64976.36
148484, 64739.08
148486, 64974.51
148488, 64972.66
148490, 64718.73
148492, 64969.42
148494, 64539.73
148496, 64721.50
148498, 64726.13
148499, 64964.80
148501, 64962.48
148503, 64962.02
148505, 64960.17
148507, 64958.32
148509, 64956.93
148511, 64539.73
148512, 64539.73
148514, 64687.27
148517, 64950.92
148518, 64950.46
148520, 64949.07
148522, 64947.22
148524, 64946.29
148526, 64944.44
148528, 64943.06
148530, 64941.67
148532, 64938.89
148534, 64938.43
148536, 64937.51
148538, 64935.19
148539, 64935.19
148541, 64932.88
148543, 64931.03
148545, 64930.11
148547, 64927.79
148549, 64927.79
148551, 64926.41
148553, 64924.09
148555, 64922.71
148557, 64920.86
148559, 64919.93
148560, 64918.54
148563, 64916.23
148564, 64915.77
148566, 64913.92
148568, 64912.53
148570, 64911.61
148572, 64909.29
148574, 64907.91
148575, 64906.97
148577, 64904.67
148579, 64539.73
148581, 64658.14
148583, 64660.91
148585, 64896.34
148586, 64658.14
148588, 64539.73
148590, 64658.60
148592, 64597.08
148594, 64596.15
148596, 64595.23
148597, 64889.41
148599, 64888.47
148601, 64887.09
148603, 64885.24
148605, 64884.31
148606, 64882.92
148608, 64881.54
148610, 64880.16
148612, 64877.84
148614, 64877.84
148616, 64875.06
148618, 64872.75
148620, 64872.75
148621, 64574.42
148623, 64869.51
148625, 64572.57
148627, 64866.27
148629, 64539.73
148631, 64539.73
148633, 64539.73
148635, 64539.73
148637, 64539.73
148639, 64539.73
148641, 64540.19
148643, 64539.73
148645, 64539.73
148647, 64539.73
148648, 64539.73
148650, 64539.73
148652, 64539.73
148654, 64539.73
148656, 64539.73
148658, 64539.73
148660, 64539.73
148662, 64539.73
148664, 64539.73
148665, 64539.73
148667, 64567.48
148669, 64566.09
148671, 64565.17
148673, 64828.81
148675, 64539.73
148677, 64539.73
148679, 64539.73
148680, 64555.91
148682, 64822.33
148684, 64820.95
148686, 64539.73
148688, 64541.11
148690, 64539.73
148691, 64540.19
148693, 64542.96
148695, 64539.73
148697, 64539.73
148699, 64539.73
148701, 64539.73
148702, 64554.06
148704, 64551.29
148706, 64539.73
148708, 64547.13
148710, 64547.59
148711, 64547.13
148713, 64540.19
148715, 64540.19
148717, 64539.73
148719, 64540.19
148721, 64539.73
148722, 64539.73
148724, 64539.73
148726, 64539.73
148728, 64539.73
148730, 64539.73
148732, 64539.73
148733, 64539.73
148735, 64539.73
148737, 64539.73
148739, 64539.73
148741, 64539.73
148743, 64539.73
148744, 64652.12
148746, 64539.73
148748, 64649.81
148750, 64767.76
148752, 64766.36
148754, 64764.51
148756, 64763.13
148758, 64760.81
148759, 64759.90
148761, 64758.96
148763, 64756.65
148765, 64755.73
148767, 64753.88
148768, 64752.03
148770, 64752.03
148772, 64749.71
148774, 64748.33
148776, 64747.40
148777, 64745.10
148779, 64744.16
148781, 64742.31
148783, 64740.00
148785, 64739.54
148787, 64737.23
148789, 64736.30
148790, 64734.91
148792, 64733.53
148794, 64732.14
148796, 64731.21
148798, 64728.90
148800, 64727.98
148801, 64726.59
148803, 64723.81
148805, 64602.17
148807, 64598.93
148809, 64598.93
148811, 64539.73
148812, 64539.73
148814, 64539.73
148816, 64565.63
148818, 64564.24
148820, 64564.24
148822, 64561.93
148823, 64556.38
148825, 64539.73
148827, 64555.91
148829, 64554.99
148831, 64539.73
148832, 64553.60
148834, 64539.73
148836, 64539.73
148838, 64540.19
148840, 64539.73
148842, 64542.96
148843, 64539.73
148845, 64539.73
148847, 64539.73
148849, 64539.73
148851, 64539.73
148853, 64551.29
148854, 64551.75
148856, 64539.73
148858, 64547.13
148860, 64539.73
148862, 64541.58
148864, 64541.11
148866, 64539.73
148868, 64539.73
148869, 64546.66
148871, 64539.73
148873, 64543.43
148875, 64541.11
148877, 64539.73
148878, 64542.96
148880, 64539.73
148882, 64540.19
148884, 64539.73
148886, 64539.73
148888, 64539.73
148890, 64539.73
148891, 64595.69
148893, 64594.77
148895, 64653.51
148897, 64652.12
148899, 64649.35
148900, 64649.35
148902, 64647.96
148904, 64645.65
148906, 64644.72
148908, 64642.87
148910, 64641.95
148911, 64641.49
148913, 64638.25
148915, 64637.79
148917, 64636.40
148919, 64574.88
148921, 64539.73
148922, 64539.73
148924, 64569.33
148926, 64569.79
148928, 64553.60
148930, 64553.14
148931, 64566.55
148933, 64622.99
148935, 64562.85
148937, 64621.14
148939, 64560.08
148941, 64619.29
148942, 64541.11
148944, 64540.19
148946, 64539.73
148948, 64539.73
148950, 64543.89
148951, 64539.73
148953, 64539.73
148955, 64539.73
148957, 64539.73
148959, 64539.73
148961, 64539.73
148962, 64539.73
148964, 64539.73
148966, 64539.73
148968, 64539.73
148970, 64539.73
148972, 64539.73
148974, 64562.39
148975, 64562.39
148977, 64539.73
148979, 64539.73
148981, 64554.99
148983, 64539.73
148985, 64539.73
148986, 64554.53
148988, 64539.73
148990, 64539.73
148992, 64539.73
148994, 64539.73
148995, 64540.19
148997, 64539.73
148999, 64539.73
149001, 64539.73
149003, 64539.73
149005, 64539.73
149007, 64539.73
149009, 64552.68
149010, 64539.73
149012, 64539.73
149014, 64539.73
149016, 64547.59
149018, 64542.96
149020, 64559.62
149021, 64539.73
149023, 64539.73
149025, 64539.73
149027, 64539.73
149029, 64543.89
149031, 64543.89
149032, 64539.73
149034, 64539.73
149036, 64540.19
149038, 64539.73
149040, 64539.73
149042, 64539.73
149043, 64539.73
149045, 64539.73
149047, 64539.73
149049, 65010.12
149051, 64536.95
149053, 64535.56
149055, 64534.18
149056, 64533.25
149058, 64530.94
149060, 64539.73
149062, 64539.73
149064, 64539.73
149066, 64539.73
149067, 64539.73
149069, 64539.73
149071, 64539.73
149073, 64539.73
149075, 64539.73
149077, 64539.73
149078, 64539.73
149080, 64539.73
149082, 64539.73
149084, 64539.73
149086, 64539.73
149088, 64539.73
149090, 64539.73
149092, 64539.73
149093, 64539.73
149095, 64539.73
149097, 64539.73
149099, 64539.73
149101, 64539.73
149103, 64539.73
149104, 64539.73
149106, 64539.73
149108, 64539.73
149110, 64539.73
149112, 64539.73
149114, 64539.73
149115, 64539.73
149117, 64539.73
149119, 64539.73
149121, 64539.73
149123, 64515.68
149125, 64511.98
149126, 64481.91
149128, 64539.73
149130, 64539.73
149132, 64539.73
149134, 64539.73
149136, 64539.73
149137, 64539.73
149139, 64539.73
149141, 64539.73
149143, 64539.73
149145, 64539.73
149146, 64539.73
149148, 64539.73
149150, 64539.73
149152, 64539.73
149154, 64539.73
149156, 64539.73
149157, 64458.32
149159, 64456.47
149161, 64456.01
149163, 64454.62
149165, 64452.77
149167, 64452.31
149168, 64450.46
149170, 64448.61
149172, 64447.68
149174, 64445.37
149176, 64444.91
149177, 65390.79
149179, 66434.27
149181, 66434.27
149183, 66434.27
149185, 66434.27
149187, 66434.27
149189, 66434.27
149190, 66434.27
149192, 66434.27
149194, 66434.27
149196, 66434.27
149198, 66434.27
149200, 65131.77
149201, 66434.27
149203, 66434.27
149205, 66434.27
149207, 66434.27
149209, 66434.27
149211, 66434.27
149212, 66724.28
149214, 65362.57
149216, 64414.38
149218, 64413.45
149220, 64411.14
149222, 64410.22
149224, 64539.73
149225, 64539.73
149227, 63392.18
149229, 63388.94
149231, 64539.73
149233, 63385.24
149235, 63392.64
149237, 63392.18
149239, 62438.43
149241, 63388.94
149243, 64539.73
149245, 64539.73
149246, 64391.25
149248, 64389.40
149250, 64387.55
149252, 64387.09
149254, 64385.24
149256, 64383.39
149258, 64383.39
149259, 64380.15
149261, 64380.15
149263, 64378.77
149265, 64376.45
149267, 64375.99
149269, 64374.14
149271, 64372.29
149272, 64371.83
149274, 64369.52
149276, 64368.58
149278, 64367.67
149280, 64365.35
149281, 64364.88
149283, 64362.58
149285, 64360.73
149287, 64360.27
149289, 64358.88
149291, 64357.95
149292, 64356.10
149294, 64354.25
149296, 64353.32
149298, 64351.47
149300, 64349.17
149302, 64348.70
149304, 64346.85
149306, 64345.00
149308, 64344.07
149310, 64341.30
149312, 64341.77
149314, 64339.45
149315, 64337.60
149317, 64337.13
149319, 64334.36
149321, 64333.43
149323, 64333.43
149325, 64329.73
149326, 64329.27
149328, 64328.35
149330, 64326.03
149332, 64325.57
149334, 64323.26
149336, 64322.33
149338, 64320.95
149340, 64319.10
149341, 64539.73
149343, 63362.58
149345, 63359.34
149347, 63357.03
149349, 62418.54
149351, 62645.19
149352, 62645.19
149354, 62645.19
149356, 62645.19
149358, 62645.19
149360, 62645.19
149362, 62645.19
149364, 61340.84
149366, 60509.66
149367, 60509.20
149369, 60506.89
149371, 60505.50
149373, 60504.58
149375, 60502.26
149377, 60502.26
149378, 60500.41
149380, 60498.56
149382, 60497.64
149384, 60495.79
149386, 60494.86
149388, 60493.48
149389, 60491.16
149391, 60490.24
149393, 60490.24
149395, 60487.00
149397, 60486.08
149399, 60485.15
149400, 60482.84
149402, 60482.84
149404, 60480.99
149406, 60479.14
149408, 60478.21
149410, 60475.90
149411, 60474.97
149413, 60474.51
149415, 60472.20
149417, 60471.27
149419, 60469.89
149421, 60467.57
149423, 60467.11
149425, 60465.26
149426, 60464.34
149428, 60462.95
149430, 60460.17
149432, 60460.64
149434, 60458.79
149436, 60456.47
149437, 60455.09
149439, 61253.42
149441, 60452.77
149443, 60451.85
149445, 60449.54
149447, 60448.61
149449, 60447.69
149450, 60445.37
149452, 60444.91
149454, 60443.06
149456, 60441.67
149458, 60440.75
149460, 60438.90
149461, 60437.97
149463, 60436.58
149465, 60434.73
149467, 60433.35
149469, 60431.96
149471, 60430.11
149473, 61375.99
149475, 61224.28
149477, 61224.74
149479, 61224.28
149480, 61236.77
149482, 60422.71
149484, 60421.32
149486, 60419.01
149488, 60418.08
149490, 60416.23
149491, 60415.77
149493, 61361.65
149495, 60412.53
149497, 60411.61
149499, 60410.22
149501, 60407.91
149502, 60406.98
149504, 60750.65
149506, 60750.65
149508, 60750.65
149510, 60750.65
149512, 59330.20
149513, 59329.74
149515, 58856.10
149517, 58856.10
149519, 58856.10
149521, 58856.10
149523, 57491.17
149525, 58856.10
149527, 57488.39
149529, 56599.86
149530, 56597.55
149532, 56596.62
149534, 56595.24
149536, 56593.85
149538, 56592.46
149540, 56531.41
149542, 56589.69
149544, 56588.30
149545, 56586.91
149547, 56585.99
149549, 56584.14
149551, 56582.75
149553, 56517.99
149555, 56961.56
149557, 55570.26
149558, 56961.56
149560, 55555.00
149562, 55554.07
149564, 54679.42
149566, 54677.57
149568, 54676.64
149570, 54674.79
149571, 54672.94
149573, 55541.12
149575, 56961.56
149577, 55541.58
149579, 54669.24
149581, 54666.47
149582, 54666.01
149584, 54664.62
149586, 54663.23
149588, 55602.18
149590, 54593.39
149592, 55543.90
149593, 54659.07
149595, 54656.76
149597, 54655.37
149599, 54654.44
149601, 54652.13
149603, 54652.13
149604, 54649.82
149606, 54648.43
149608, 54647.97
149610, 54646.58
149612, 54644.73
149614, 54643.80
149615, 54641.95
149617, 54641.03
149619, 54640.57
149621, 54638.25
149623, 54637.33
149625, 54635.48
149626, 54634.09
149628, 54633.63
149630, 54631.78
149632, 54630.39
149634, 54629.47
149636, 54627.15
149638, 54626.23
149639, 54624.84
149641, 54622.99
149643, 54622.99
149645, 55568.87
149647, 54619.29
149649, 54618.83
149651, 54616.51
149652, 54615.59
149654, 54614.66
149656, 54612.81
149658, 55067.02
149660, 55067.02
149661, 54608.65
149663, 55067.02
149665, 53652.13
149667, 55067.02
149669, 53647.51
149671, 53646.12
149672, 53646.12
149674, 53649.36
149676, 53646.12
149678, 53172.48
149680, 53172.48
149682, 53172.48
149684, 53408.84
149685, 53407.45
149687, 53406.53
149689, 53405.60
149691, 52692.83
149693, 52692.37
149695, 52690.98
149696, 52688.67
149698, 52687.75
149700, 52686.82
149702, 52684.97
149704, 52684.05
149706, 52682.20
149707, 52680.81
149709, 52679.88
149711, 52678.03
149713, 52677.57
149715, 52676.18
149717, 52673.87
149718, 52673.41
149720, 52672.02
149722, 52670.17
149724, 52669.71
149726, 52666.93
149728, 52666.01
149730, 52665.08
149732, 52663.23
149733, 52662.31
149735, 52660.92
149737, 52659.53
149739, 52658.61
149741, 52656.76
149743, 52655.37
149745, 52653.98
149746, 52652.13
149748, 52651.21
149750, 52650.28
149752, 52647.97
149754, 52647.97
149756, 52645.66
149758, 52644.73
149759, 52643.81
149761, 52641.49
149763, 52641.03
149765, 52639.64
149767, 52637.33
149769, 52636.41
149770, 52634.56
149772, 52634.09
149774, 52632.71
149776, 52630.86
149778, 52629.01
149780, 52628.54
149781, 52626.23
149783, 52626.23
149785, 52624.38
149787, 52622.07
149789, 52622.53
149791, 52619.29
149792, 52617.90
149794, 52617.90
149796, 52615.59
149798, 52614.67
149800, 52613.74
149802, 52611.43
149803, 52610.04
149805, 53556.39
149807, 52607.27
149809, 52606.34
149811, 52604.49
149813, 52602.64
149814, 52602.64
149816, 52599.40
149818, 52599.40
149820, 52597.55
149822, 52595.24
149824, 53172.48
149826, 53295.98
149828, 52591.54
149829, 52590.61
149831, 52588.30
149833, 52588.30
149835, 52586.91
149837, 52584.14
149839, 53529.10
149841, 53172.48
149842, 53290.43
149844, 53172.48
149846, 53172.48
149848, 52578.59
149850, 52578.59
149852, 53172.48
149854, 53172.48
149856, 53172.48
149857, 53172.48
149859, 52575.35
149861, 52566.56
149863, 52564.25
149865, 52563.33
149867, 52561.47
149869, 52561.01
149870, 52559.16
149872, 52556.85
149874, 52556.85
149876, 52554.54
149878, 52553.15
149880, 52552.69
149882, 52549.91
149883, 52548.99
149885, 52547.60
149887, 52545.75
149889, 52544.82
149891, 52543.44
149892, 52541.59
149894, 52540.66
149896, 52538.81
149898, 52537.89
149900, 52536.96
149902, 52534.19
149903, 52533.26
149905, 52532.34
149907, 52530.02
149909, 52529.10
149911, 52527.71
149912, 52525.86
149914, 52525.40
149916, 53172.48
149918, 53172.48
149920, 53201.62
149922, 52518.46
149924, 52488.39
149925, 52516.15
149927, 52513.83
149929, 52246.49
149931, 52511.98
149933, 52509.67
149935, 52508.75
149937, 52506.90
149938, 53415.31
149940, 52467.12
149942, 52501.81
149944, 52501.35
149946, 52499.96
149948, 52497.65
149949, 52497.18
149951, 52494.87
149953, 52493.94
149955, 53172.48
149957, 53185.90
149959, 52489.78
149961, 52488.39
149962, 52485.62
149964, 52484.69
149966, 52483.31
149968, 52481.46
149970, 53172.48
149972, 53172.48
149974, 53172.48
149975, 53179.42
149978, 52466.19
149979, 52465.27
149981, 52469.89
149983, 53172.48
149985, 53175.72
149987, 52466.19
149989, 53410.69
149990, 52464.34
149992, 53172.48
149994, 53172.48
149996, 53172.48
149998, 53172.48
150000, 53172.48
150001, 53172.48
150003, 53172.48
150005, 53172.48
150007, 53172.48
150009, 53172.48
150011, 53172.48
150012, 53172.48
150014, 53172.48
150016, 53172.48
150018, 53172.48
150020, 53172.48
150022, 52437.98
150024, 52437.52
150025, 52435.67
150027, 52433.35
150029, 52432.89
150031, 53172.48
150033, 53172.48
150035, 53172.48
150036, 53172.48
150038, 53172.48
150040, 53172.48
150042, 53172.48
150044, 53172.48
150046, 53172.48
150047, 53172.48
150049, 53172.48
150051, 53172.48
150053, 53172.48
150055, 53172.48
150057, 53172.48
150058, 53172.48
150060, 53172.48
150062, 53172.48
150064, 53172.48
150066, 53172.48
150068, 53172.48
150070, 53172.48
150071, 53172.48
150073, 53172.48
150075, 53172.48
150077, 53172.48
150079, 53172.48
150081, 53172.48
150083, 53172.48
150085, 52584.14
150086, 53172.48
150089, 53172.48
150091, 53172.48
150093, 53172.48
150094, 53172.48
150096, 53172.48
150098, 53070.26
150100, 53172.48
150102, 53172.48
150104, 53172.48
150106, 53172.48
150108, 53172.48
150110, 53172.48
150112, 53172.48
150114, 53172.48
150116, 53172.48
150118, 53172.48
150120, 53172.48
150122, 53172.48
150123, 53172.48
150125, 53172.48
150127, 53172.48
150129, 53172.48
150131, 53172.48
150133, 53172.48
150135, 53172.48
150136, 52510.60
150138, 52513.37
150140, 52514.30
150142, 52515.22
150144, 52518.00
150145, 53172.48
150147, 53172.48
150149, 53172.48
150151, 53172.48
150153, 52526.32
150155, 52526.78
150157, 52527.71
150158, 52530.02
150160, 52531.41
150162, 52533.26
150164, 53172.48
150166, 53172.48
150168, 52538.81
150170, 53172.48
150171, 53172.48
150173, 52543.44
150175, 52544.36
150177, 52549.45
150179, 53172.48
150181, 53172.48
150183, 53172.48
150185, 52552.69
150186, 52553.61
150188, 52555.92
150190, 52557.31
150192, 52559.16
150194, 52561.01
150196, 52561.47
150198, 52564.25
150200, 52566.10
150202, 52567.49
150204, 52569.80
150206, 52569.80
150208, 52573.04
150210, 52574.43
150213, 52577.66
150215, 52578.59
150217, 52579.51
150220, 52582.29
150223, 52586.45
150225, 52586.91
150227, 52588.30
150229, 52590.61
150231, 52592.00
150233, 52594.31
150236, 52595.24
150239, 52598.94
150241, 52600.33
150244, 52602.64
150246, 52604.03
150248, 52606.80
150251, 52607.73
150255, 52611.43
150257, 53172.48
150260, 53172.48
150262, 53172.48
150264, 53172.48
150266, 53172.48
150270, 53172.48
150273, 53172.48
150276, 52628.54
150278, 53172.48
150280, 53172.48
150282, 53172.48
150284, 53172.48
150286, 53172.48
150287, 52638.72
150289, 52639.64
150291, 52640.57
150293, 52643.34
150295, 52644.27
150297, 52645.19
150299, 52647.97
150301, 52648.89
150303, 52651.21
150306, 52653.06
150309, 52655.83
150311, 52656.29
150313, 52659.07
150314, 52659.99
150317, 52661.84
150319, 52664.16
150322, 52665.08
150325, 52667.86
150328, 52670.17
150331, 52672.48
150334, 52676.18
150337, 52677.11
150340, 52679.42
150342, 52680.81
150345, 52683.58
150347, 52685.43
150349, 53172.48
150351, 52687.75
150355, 52690.98
150356, 52691.91
150360, 52695.15
150363, 52697.46
150365, 52699.31
150367, 52700.24
150370, 52703.94
150372, 52705.32
150376, 52707.17
150379, 52710.87
150381, 52711.34
150383, 52713.19
150386, 52715.50
150388, 52716.42
150390, 52718.74
150392, 52719.66
150394, 52721.97
150395, 52722.44
150397, 52723.82
150399, 53172.48
150401, 53172.48
150403, 52965.73
150405, 52730.30
150406, 52730.76
150408, 52733.54
150410, 52734.46
150412, 53172.48
150414, 53172.48
150416, 53172.48
150419, 52741.86
150421, 53172.48
150423, 52743.25
150424, 52746.03
150427, 52746.95
150429, 53172.48
150431, 53172.48
150433, 53172.48
150435, 53172.48
150438, 53172.48
150441, 52758.51
150443, 52759.90
150445, 52762.21
150447, 52762.21
150449, 52765.45
150451, 52765.92
150454, 52769.62
150457, 52771.00
150460, 52774.24
150463, 52775.17
150465, 52777.94
150467, 52778.40
150469, 52781.18
150471, 52781.64
150474, 52784.88
150477, 53172.48
150479, 53172.48
150481, 53172.48
150484, 53172.48
150486, 53172.48
150489, 52796.90
150492, 52798.76
150494, 52800.61
150496, 53172.48
150498, 53172.48
150500, 53172.48
150502, 52806.62
150504, 52808.93
150506, 52810.32
150508, 52811.71
150510, 52813.56
150512, 52814.02
150514, 52817.26
150516, 52817.72
150518, 52819.11
150520, 52820.96
150522, 52821.88
150524, 52823.73
150526, 52825.58
150529, 52828.82
150531, 52829.28
150533, 52831.13
150535, 52833.45
150538, 52835.30
150540, 52837.61
150543, 52839.92
150545, 52841.77
150547, 52842.70
150549, 52845.01
150553, 52847.32
150555, 52849.63
150558, 52851.48
150561, 52854.26
150563, 52855.65
150566, 52857.50
150569, 52861.20
150572, 52862.12
150574, 52864.90
150576, 52865.82
150578, 52867.21
150580, 52869.52
150582, 52869.99
150585, 52874.15
150587, 52875.07
150590, 52877.39
150592, 52878.77
150594, 52881.55
150596, 52882.47
150598, 52882.94
150600, 52886.17
150602, 52886.17
150604, 52888.49
150605, 52890.34
150608, 52891.26
150610, 52894.04
150612, 52894.50
150614, 52896.81
150616, 52898.20
150619, 52901.44
150622, 52902.36
150623, 52904.68
150625, 52906.53
150627, 52907.45
150629, 52910.23
150631, 52911.15
150634, 52914.39
150637, 52915.31
150640, 52918.09
150642, 52919.48
150645, 52922.71
150647, 52923.18
150650, 52926.88
150653, 52928.73
150655, 52931.04
150657, 52931.96
150659, 52933.82
150661, 53172.48
150663, 53055.00
150666, 52939.83
150669, 52942.14
150672, 52943.99
150674, 52945.84
150676, 52947.23
150678, 52948.62
150680, 52951.39
150682, 52951.39
150683, 52953.70
150686, 52955.55
150689, 52958.33
150691, 52959.72
150693, 52961.10
150695, 52963.42
150697, 52964.34
150700, 52967.12
150702, 52968.04
150705, 52971.74
150707, 52972.21
150709, 52974.52
150711, 52975.44
150713, 52976.37
150715, 52980.07
150717, 52980.53
150719, 52982.38
150721, 52984.23
150722, 52984.69
150724, 52987.47
150726, 52988.39
150728, 52990.24
150730, 52993.02
150733, 52993.02
150736, 52996.26
150738, 52998.11
150741, 53000.88
150744, 53003.66
150746, 53004.58
150748, 53005.97
150752, 53008.75
150753, 53010.60
150756, 53012.91
150758, 53013.83
150761, 53017.07
150763, 53017.53
150765, 53020.77
150768, 53023.08
150770, 53024.93
150772, 53025.40
150774, 53027.71
150776, 53029.10
150778, 53030.48
150781, 53033.26
150784, 53034.65
150785, 53037.89
150787, 53037.89
150790, 53041.59
150793, 53042.51
150796, 53045.29
150798, 53046.67
150800, 53049.45
150803, 53050.84
150807, 53053.15
150809, 53055.92
150812, 53057.77
