33833,,1.38599
,,1.38613
01:Graph01,,1.38626
mm,,1.38640
,,1.38653
,,1.38667
,,1.38681
,,1.38694
,,1.38708
,,1.38722
,,1.38735
,,1.38749
,,1.38763
,,1.38777
,,1.38791
,,1.38805
,,1.38819
,,1.38833
,,1.38847
,,1.38861
,,1.38875
,,1.38890
,,1.38904
,,1.38918
,,1.38932
,,1.38946
,,1.38960
,,1.38974
,,1.38988
,,1.39002
,,1.39016
,,1.39030
,,1.39043
,,1.39057
,,1.39071
,,1.39085
,,1.39099
,,1.39113
,,1.39127
,,1.39141
,,1.39155
,,1.39169
,,1.39183
,,1.39197
,,1.39212
,,1.39226
,,1.39240
,,1.39254
,,1.39269
,,1.39283
,,1.39297
,,1.39311
,,1.39325
,,1.39338
,,1.39352
,,1.39366
,,1.39379
,,1.39393
,,1.39407
,,1.39421
,,1.39435
,,1.39449
,,1.39462
,,1.39477
,,1.39491
,,1.39505
,,1.39519
,,1.39532
,,1.39547
,,1.39561
,,1.39575
,,1.39589
,,1.39603
,,1.39617
,,1.39631
,,1.39645
,,1.39659
,,1.39672
,,1.39686
,,1.39700
,,1.39714
,,1.39727
,,1.39741
,,1.39755
,,1.39768
,,1.39782
,,1.39796
,,1.39810
,,1.39824
,,1.39837
,,1.39851
,,1.39865
,,1.39879
,,1.39893
,,1.39907
,,1.39921
,,1.39936
,,1.39950
,,1.39964
,,1.39978
,,1.39993
,,1.40007
,,1.40021
,,1.40034
,,1.40048
,,1.40062
,,1.40076
,,1.40090
,,1.40103
,,1.40117
,,1.40131
,,1.40145
,,1.40159
,,1.40173
,,1.40187
,,1.40201
,,1.40215
,,1.40230
,,1.40244
,,1.40258
,,1.40272
,,1.40287
,,1.40301
,,1.40315
,,1.40329
,,1.40343
,,1.40357
,,1.40371
,,1.40385
,,1.40399
,,1.40412
,,1.40426
,,1.40440
,,1.40454
,,1.40467
,,1.40481
,,1.40495
,,1.40509
,,1.40523
,,1.40537
,,1.40551
,,1.40565
,,1.40579
,,1.40593
,,1.40607
,,1.40621
,,1.40636
,,1.40650
,,1.40664
,,1.40678
,,1.40692
,,1.40705
,,1.40719
,,1.40733
,,1.40746
,,1.40760
,,1.40774
,,1.40787
,,1.40801
,,1.40815
,,1.40828
,,1.40842
,,1.40856
,,1.40870
,,1.40884
,,1.40898
,,1.40912
,,1.40926
,,1.40940
,,1.40954
,,1.40968
,,1.40982
,,1.40997
,,1.41011
,,1.41025
,,1.41039
,,1.41053
,,1.41067
,,1.41081
,,1.41095
,,1.41109
,,1.41123
,,1.41136
,,1.41150
,,1.41164
,,1.41178
,,1.41192
,,1.41206
,,1.41220
,,1.41234
,,1.41248
,,1.41262
,,1.41276
,,1.41290
,,1.41304
,,1.41319
,,1.41333
,,1.41347
,,1.41362
,,1.41376
,,1.41390
,,1.41404
,,1.41417
,,1.41431
,,1.41445
,,1.41459
,,1.41472
,,1.41486
,,1.41500
,,1.41513
,,1.41527
,,1.41541
,,1.41555
,,1.41569
,,1.41583
,,1.41597
,,1.41611
,,1.41625
,,1.41639
,,1.41653
,,1.41667
,,1.41681
,,1.41695
,,1.41709
,,1.41723
,,1.41737
,,1.41751
,,1.41765
,,1.41778
,,1.41792
,,1.41806
,,1.41819
,,1.41833
,,1.41847
,,1.41860
,,1.41874
,,1.41888
,,1.41902
,,1.41916
,,1.41929
,,1.41943
,,1.41957
,,1.41971
,,1.41985
,,1.41999
,,1.42014
,,1.42028
,,1.42042
,,1.42056
,,1.42071
,,1.42085
,,1.42099
,,1.42113
,,1.42127
,,1.42141
,,1.42154
,,1.42168
,,1.42182
,,1.42196
,,1.42210
,,1.42224
,,1.42238
,,1.42252
,,1.42266
,,1.42280
,,1.42294
,,1.42308
,,1.42323
,,1.42337
,,1.42351
,,1.42365
,,1.42379
,,1.42394
,,1.42408
,,1.42422
,,1.42436
,,1.42450
,,1.42464
,,1.42478
,,1.42492
,,1.42505
,,1.42519
,,1.42533
,,1.42546
,,1.42560
,,1.42574
,,1.42588
,,1.42602
,,1.42616
,,1.42630
,,1.42644
,,1.42658
,,1.42672
,,1.42686
,,1.42700
,,1.42714
,,1.42728
,,1.42743
,,1.42757
,,1.42771
,,1.42785
,,1.42799
,,1.42813
,,1.42827
,,1.42840
,,1.42854
,,1.42868
,,1.42881
,,1.42895
,,1.42909
,,1.42922
,,1.42936
,,1.42950
,,1.42963
,,1.42977
,,1.42991
,,1.43005
,,1.43019
,,1.43033
,,1.43047
,,1.43061
,,1.43075
,,1.43090
,,1.43104
,,1.43118
,,1.43133
,,1.43147
,,1.43161
,,1.43175
,,1.43189
,,1.43203
,,1.43217
,,1.43230
,,1.43244
,,1.43258
,,1.43272
,,1.43286
,,1.43300
,,1.43314
,,1.43328
,,1.43342
,,1.43356
,,1.43370
,,1.43385
,,1.43399
,,1.43413
,,1.43427
,,1.43442
,,1.43456
,,1.43470
,,1.43484
,,1.43498
,,1.43512
,,1.43526
,,1.43540
,,1.43554
,,1.43567
,,1.43581
,,1.43595
,,1.43608
,,1.43622
,,1.43636
,,1.43650
,,1.43664
,,1.43677
,,1.43691
,,1.43705
,,1.43720
,,1.43734
,,1.43748
,,1.43762
,,1.43776
,,1.43790
,,1.43804
,,1.43818
,,1.43832
,,1.43846
,,1.43860
,,1.43874
,,1.43887
,,1.43901
,,1.43915
,,1.43928
,,1.43942
,,1.43956
,,1.43969
,,1.43983
,,1.43997
,,1.44011
,,1.44025
,,1.44039
,,1.44052
,,1.44066
,,1.44080
,,1.44095
,,1.44109
,,1.44123
,,1.44137
,,1.44151
,,1.44166
,,1.44180
,,1.44194
,,1.44209
,,1.44223
,,1.44237
,,1.44251
,,1.44265
,,1.44278
,,1.44292
,,1.44306
,,1.44320
,,1.44334
,,1.44348
,,1.44362
,,1.44376
,,1.44390
,,1.44404
,,1.44419
,,1.44433
,,1.44447
,,1.44461
,,1.44476
,,1.44490
,,1.44504
,,1.44518
,,1.44532
,,1.44546
,,1.44560
,,1.44574
,,1.44588
,,1.44602
,,1.44615
,,1.44629
,,1.44643
,,1.44656
,,1.44670
,,1.44684
,,1.44698
,,1.44712
,,1.44726
,,1.44740
,,1.44754
,,1.44768
,,1.44782
,,1.44796
,,1.44810
,,1.44825
,,1.44839
,,1.44853
,,1.44867
,,1.44881
,,1.44896
,,1.44909
,,1.44923
,,1.44937
,,1.44951
,,1.44965
,,1.44979
,,1.44992
,,1.45006
,,1.45020
,,1.45034
,,1.45047
,,1.45061
,,1.45075
,,1.45089
,,1.45103
,,1.45117
,,1.45131
,,1.45145
,,1.45159
,,1.45173
,,1.45188
,,1.45202
,,1.45216
,,1.45231
,,1.45245
,,1.45259
,,1.45273
,,1.45287
,,1.45301
,,1.45315
,,1.45329
,,1.45343
,,1.45357
,,1.45371
,,1.45385
,,1.45399
,,1.45413
,,1.45428
,,1.45442
,,1.45456
,,1.45470
,,1.45484
,,1.45499
,,1.45513
,,1.45527
,,1.45542
,,1.45556
,,1.45570
,,1.45584
,,1.45598
,,1.45612
,,1.45626
,,1.45640
,,1.45653
,,1.45667
,,1.45681
,,1.45695
,,1.45708
,,1.45722
,,1.45736
,,1.45750
,,1.45764
,,1.45778
,,1.45792
,,1.45806
,,1.45820
,,1.45834
,,1.45848
,,1.45862
,,1.45876
,,1.45890
,,1.45904
,,1.45918
,,1.45933
,,1.45947
,,1.45961
,,1.45975
,,1.45989
,,1.46002
,,1.46016
,,1.46030
,,1.46044
,,1.46058
,,1.46071
,,1.46085
,,1.46099
,,1.46113
,,1.46127
,,1.46141
,,1.46155
,,1.46169
,,1.46183
,,1.46197
,,1.46211
,,1.46226
,,1.46240
,,1.46254
,,1.46269
,,1.46283
,,1.46297
,,1.46312
,,1.46326
,,1.46340
,,1.46354
,,1.46368
,,1.46382
,,1.46396
,,1.46410
,,1.46424
,,1.46438
,,1.46452
,,1.46466
,,1.46480
,,1.46494
,,1.46509
,,1.46523
,,1.46537
,,1.46552
,,1.46566
,,1.46580
,,1.46595
,,1.46609
,,1.46623
,,1.46638
,,1.46652
,,1.46666
,,1.46680
,,1.46694
,,1.46707
,,1.46721
,,1.46735
,,1.46749
,,1.46763
,,1.46776
,,1.46790
,,1.46804
,,1.46818
,,1.46832
,,1.46846
,,1.46860
,,1.46874
,,1.46888
,,1.46902
,,1.46916
,,1.46930
,,1.46944
,,1.46959
,,1.46973
,,1.46987
,,1.47001
,,1.47015
,,1.47029
,,1.47043
,,1.47057
,,1.47071
,,1.47085
,,1.47099
,,1.47113
,,1.47126
,,1.47140
,,1.47154
,,1.47168
,,1.47182
,,1.47196
,,1.47210
,,1.47224
,,1.47238
,,1.47252
,,1.47267
,,1.47281
,,1.47295
,,1.47310
,,1.47324
,,1.47338
,,1.47353
,,1.47367
,,1.47382
,,1.47396
,,1.47410
,,1.47424
,,1.47438
,,1.47452
,,1.47466
,,1.47480
,,1.47494
,,1.47508
,,1.47522
,,1.47536
,,1.47550
,,1.47565
,,1.47579
,,1.47593
,,1.47608
,,1.47622
,,1.47636
,,1.47651
,,1.47665
,,1.47679
,,1.47693
,,1.47708
,,1.47722
,,1.47736
,,1.47750
,,1.47764
,,1.47777
,,1.47791
,,1.47805
,,1.47819
,,1.47833
,,1.47847
,,1.47861
,,1.47875
,,1.47888
,,1.47902
,,1.47916
,,1.47930
,,1.47944
,,1.47959
,,1.47973
,,1.47987
,,1.48001
,,1.48015
,,1.48029
,,1.48044
,,1.48058
,,1.48072
,,1.48086
,,1.48100
,,1.48114
,,1.48128
,,1.48142
,,1.48156
,,1.48169
,,1.48183
,,1.48197
,,1.48211
,,1.48225
,,1.48239
,,1.48253
,,1.48267
,,1.48281
,,1.48295
,,1.48309
,,1.48323
,,1.48337
,,1.48351
,,1.48366
,,1.48380
,,1.48395
,,1.48409
,,1.48423
,,1.48438
,,1.48452
,,1.48466
,,1.48480
,,1.48494
,,1.48508
,,1.48522
,,1.48536
,,1.48550
,,1.48564
,,1.48578
,,1.48592
,,1.48606
,,1.48620
,,1.48635
,,1.48649
,,1.48663
,,1.48678
,,1.48692
,,1.48706
,,1.48721
,,1.48735
,,1.48750
,,1.48764
,,1.48778
,,1.48792
,,1.48806
,,1.48820
,,1.48833
,,1.48847
,,1.48861
,,1.48874
,,1.48888
,,1.48902
,,1.48916
,,1.48930
,,1.48943
,,1.48957
,,1.48971
,,1.48985
,,1.48999
,,1.49013
,,1.49027
,,1.49041
,,1.49056
,,1.49070
,,1.49084
,,1.49098
,,1.49112
,,1.49126
,,1.49140
,,1.49154
,,1.49168
,,1.49182
,,1.49196
,,1.49210
,,1.49224
,,1.49238
,,1.49252
,,1.49265
,,1.49279
,,1.49293
,,1.49307
,,1.49321
,,1.49335
,,1.49349
,,1.49363
,,1.49377
,,1.49392
,,1.49406
,,1.49420
,,1.49435
,,1.49449
,,1.49464
,,1.49478
,,1.49492
,,1.49507
,,1.49521
,,1.49535
,,1.49549
,,1.49563
,,1.49577
,,1.49591
,,1.49605
,,1.49619
,,1.49633
,,1.49647
,,1.49661
,,1.49675
,,1.49689
,,1.49703
,,1.49718
,,1.49732
,,1.49746
,,1.49760
,,1.49775
,,1.49789
,,1.49803
,,1.49817
,,1.49831
,,1.49846
,,1.49859
,,1.49873
,,1.49887
,,1.49901
,,1.49914
,,1.49928
,,1.49942
,,1.49955
,,1.49969
,,1.49983
,,1.49997
,,1.50011
,,1.50024
,,1.50038
,,1.50052
,,1.50066
,,1.50080
,,1.50094
,,1.50108
,,1.50122
,,1.50136
,,1.50150
,,1.50165
,,1.50179
,,1.50193
,,1.50207
,,1.50221
,,1.50235
,,1.50249
,,1.50263
,,1.50277
,,1.50290
,,1.50304
,,1.50318
,,1.50332
,,1.50346
,,1.50359
,,1.50373
,,1.50387
,,1.50401
,,1.50415
,,1.50430
,,1.50444
,,1.50458
,,1.50472
,,1.50487
,,1.50501
,,1.50515
,,1.50530
,,1.50544
,,1.50558
,,1.50573
,,1.50587
,,1.50600
,,1.50614
,,1.50628
,,1.50642
,,1.50656
,,1.50670
,,1.50684
,,1.50698
,,1.50712
,,1.50726
,,1.50740
,,1.50754
,,1.50768
,,1.50783
,,1.50797
,,1.50811
,,1.50825
,,1.50840
,,1.50854
,,1.50868
,,1.50882
,,1.50896
,,1.50910
,,1.50924
,,1.50938
,,1.50951
,,1.50965
,,1.50979
,,1.50992
,,1.51006
,,1.51020
,,1.51033
,,1.51047
,,1.51061
,,1.51075
,,1.51089
,,1.51103
,,1.51116
,,1.51130
,,1.51144
,,1.51158
,,1.51172
,,1.51186
,,1.51200
,,1.51215
,,1.51229
,,1.51243
,,1.51257
,,1.51271
,,1.51285
,,1.51299
,,1.51313
,,1.51327
,,1.51340
,,1.51354
,,1.51368
,,1.51382
,,1.51395
,,1.51409
,,1.51423
,,1.51437
,,1.51451
,,1.51465
,,1.51479
,,1.51493
,,1.51508
,,1.51522
,,1.51536
,,1.51550
,,1.51565
,,1.51579
,,1.51594
,,1.51608
,,1.51622
,,1.51636
,,1.51650
,,1.51664
,,1.51678
,,1.51692
,,1.51706
,,1.51720
,,1.51734
,,1.51748
,,1.51762
,,1.51776
,,1.51790
,,1.51804
,,1.51819
,,1.51833
,,1.51847
,,1.51861
,,1.51876
,,1.51890
,,1.51904
,,1.51918
,,1.51932
,,1.51947
,,1.51960
,,1.51974
,,1.51988
,,1.52002
,,1.52015
,,1.52029
,,1.52043
,,1.52056
,,1.52070
,,1.52083
,,1.52097
,,1.52111
,,1.52125
,,1.52138
,,1.52152
,,1.52166
,,1.52180
,,1.52194
,,1.52208
,,1.52222
,,1.52236
,,1.52250
,,1.52264
,,1.52278
,,1.52292
,,1.52307
,,1.52321
,,1.52335
,,1.52349
,,1.52363
,,1.52376
,,1.52390
,,1.52404
,,1.52418
,,1.52432
,,1.52446
,,1.52460
,,1.52474
,,1.52488
,,1.52502
,,1.52516
,,1.52530
,,1.52544
,,1.52558
,,1.52572
,,1.52587
,,1.52601
,,1.52616
,,1.52630
,,1.52645
,,1.52659
,,1.52673
,,1.52687
,,1.52701
,,1.52715
,,1.52729
,,1.52743
,,1.52757
,,1.52771
,,1.52785
,,1.52799
,,1.52813
,,1.52827
,,1.52842
,,1.52856
,,1.52870
,,1.52884
,,1.52898
,,1.52912
,,1.52926
,,1.52941
,,1.52955
,,1.52969
,,1.52983
,,1.52997
,,1.53011
,,1.53025
,,1.53038
,,1.53052
,,1.53066
,,1.53079
,,1.53093
,,1.53106
,,1.53120
,,1.53133
,,1.53147
,,1.53161
,,1.53175
,,1.53188
,,1.53202
,,1.53216
,,1.53230
,,1.53244
,,1.53258
,,1.53272
,,1.53286
,,1.53300
,,1.53314
,,1.53328
,,1.53342
,,1.53356
,,1.53370
,,1.53385
,,1.53399
,,1.53412
,,1.53426
,,1.53440
,,1.53454
,,1.53468
,,1.53482
,,1.53496
,,1.53510
,,1.53523
,,1.53538
,,1.53552
,,1.53566
,,1.53580
,,1.53594
,,1.53608
,,1.53622
,,1.53637
,,1.53651
,,1.53665
,,1.53680
,,1.53694
,,1.53708
,,1.53723
,,1.53737
,,1.53751
,,1.53765
,,1.53779
,,1.53792
,,1.53806
,,1.53820
,,1.53834
,,1.53848
,,1.53862
,,1.53876
,,1.53890
,,1.53904
,,1.53918
,,1.53933
,,1.53947
,,1.53961
,,1.53975
,,1.53989
,,1.54004
,,1.54018
,,1.54032
,,1.54046
,,1.54060
,,1.54074
,,1.54088
,,1.54101
,,1.54115
,,1.54129
,,1.54142
,,1.54156
,,1.54170
,,1.54183
,,1.54197
,,1.54211
,,1.54224
,,1.54238
,,1.54252
,,1.54266
,,1.54280
,,1.54294
,,1.54307
,,1.54321
,,1.54335
,,1.54349
,,1.54363
,,1.54378
,,1.54392
,,1.54406
,,1.54420
,,1.54434
,,1.54449
,,1.54462
,,1.54476
,,1.54490
,,1.54504
,,1.54518
,,1.54532
,,1.54546
,,1.54560
,,1.54574
,,1.54588
,,1.54602
,,1.54616
,,1.54630
,,1.54644
,,1.54658
,,1.54673
,,1.54687
,,1.54701
,,1.54715
,,1.54730
,,1.54744
,,1.54758
,,1.54773
,,1.54787
,,1.54801
,,1.54814
,,1.54828
,,1.54842
,,1.54856
,,1.54870
,,1.54884
,,1.54898
,,1.54912
,,1.54926
,,1.54940
,,1.54954
,,1.54968
,,1.54982
,,1.54996
,,1.55010
,,1.55024
,,1.55039
,,1.55053
,,1.55067
,,1.55081
,,1.55095
,,1.55109
,,1.55123
,,1.55137
,,1.55150
,,1.55164
,,1.55178
,,1.55191
,,1.55205
,,1.55218
,,1.55232
,,1.55245
,,1.55259
,,1.55273
,,1.55286
,,1.55300
,,1.55314
,,1.55327
,,1.55341
,,1.55355
,,1.55369
,,1.55383
,,1.55397
,,1.55411
,,1.55425
,,1.55440
,,1.55454
,,1.55468
,,1.55482
,,1.55496
,,1.55510
,,1.55524
,,1.55538
,,1.55552
,,1.55566
,,1.55580
,,1.55594
,,1.55608
,,1.55622
,,1.55636
,,1.55650
,,1.55664
,,1.55678
,,1.55693
,,1.55707
,,1.55721
,,1.55735
,,1.55750
,,1.55764
,,1.55778
,,1.55793
,,1.55807
,,1.55821
,,1.55835
,,1.55849
,,1.55863
,,1.55877
,,1.55891
,,1.55904
,,1.55918
,,1.55932
,,1.55946
,,1.55960
,,1.55973
,,1.55987
,,1.56001
,,1.56015
,,1.56030
,,1.56044
,,1.56058
,,1.56072
,,1.56086
,,1.56100
,,1.56114
,,1.56128
,,1.56142
,,1.56156
,,1.56170
,,1.56184
,,1.56198
,,1.56211
,,1.56225
,,1.56239
,,1.56252
,,1.56266
,,1.56280
,,1.56293
,,1.56307
,,1.56321
,,1.56334
,,1.56348
,,1.56362
,,1.56376
,,1.56389
,,1.56403
,,1.56417
,,1.56431
,,1.56445
,,1.56459
,,1.56474
,,1.56488
,,1.56502
,,1.56516
,,1.56531
,,1.56545
,,1.56559
,,1.56573
,,1.56587
,,1.56601
,,1.56615
,,1.56629
,,1.56643
,,1.56657
,,1.56671
,,1.56685
,,1.56699
,,1.56713
,,1.56727
,,1.56742
,,1.56756
,,1.56770
,,1.56784
,,1.56799
,,1.56813
,,1.56827
,,1.56842
,,1.56856
,,1.56870
,,1.56884
,,1.56898
,,1.56912
,,1.56926
,,1.56940
,,1.56954
,,1.56967
,,1.56981
,,1.56995
,,1.57009
,,1.57023
,,1.57036
,,1.57050
,,1.57065
,,1.57079
,,1.57093
,,1.57107
,,1.57121
,,1.57135
,,1.57149
,,1.57163
,,1.57177
,,1.57191
,,1.57205
,,1.57219
,,1.57233
,,1.57247
,,1.57261
,,1.57275
,,1.57288
,,1.57302
,,1.57316
,,1.57329
,,1.57343
,,1.57357
,,1.57370
,,1.57384
,,1.57398
,,1.57411
,,1.57425
,,1.57439
,,1.57453
,,1.57467
,,1.57481
,,1.57495
,,1.57509
,,1.57523
,,1.57538
,,1.57552
,,1.57566
,,1.57581
,,1.57595
,,1.57609
,,1.57624
,,1.57637
,,1.57651
,,1.57665
,,1.57680
,,1.57694
,,1.57708
,,1.57722
,,1.57736
,,1.57750
,,1.57764
,,1.57778
,,1.57792
,,1.57807
,,1.57821
,,1.57835
,,1.57849
,,1.57864
,,1.57878
,,1.57892
,,1.57907
,,1.57921
,,1.57935
,,1.57949
,,1.57963
,,1.57977
,,1.57991
,,1.58005
,,1.58018
,,1.58032
,,1.58046
,,1.58060
,,1.58074
,,1.58087
,,1.58101
,,1.58115
,,1.58129
,,1.58143
,,1.58157
,,1.58171
,,1.58186
,,1.58199
,,1.58214
,,1.58228
,,1.58242
,,1.58256
,,1.58270
,,1.58284
,,1.58298
,,1.58312
,,1.58326
,,1.58339
,,1.58353
,,1.58367
,,1.58381
,,1.58394
,,1.58408
,,1.58422
,,1.58436
,,1.58449
,,1.58463
,,1.58477
,,1.58491
,,1.58505
,,1.58519
,,1.58533
,,1.58547
,,1.58561
,,1.58576
,,1.58590
,,1.58604
,,1.58619
,,1.58633
,,1.58647
,,1.58662
,,1.58676
,,1.58690
,,1.58704
,,1.58718
,,1.58733
,,1.58747
,,1.58761
,,1.58775
,,1.58789
,,1.58803
,,1.58817
,,1.58832
,,1.58846
,,1.58861
,,1.58875
,,1.58889
,,1.58904
,,1.58918
,,1.58933
,,1.58947
,,1.58962
,,1.58976
,,1.58990
,,1.59004
,,1.59018
,,1.59032
,,1.59046
,,1.59060
,,1.59074
,,1.59088
,,1.59102
,,1.59115
,,1.59129
,,1.59143
,,1.59157
,,1.59171
,,1.59185
,,1.59199
,,1.59213
,,1.59227
,,1.59241
,,1.59255
,,1.59269
,,1.59283
,,1.59297
,,1.59312
,,1.59326
,,1.59340
,,1.59354
,,1.59368
,,1.59382
,,1.59396
,,1.59410
,,1.59424
,,1.59437
,,1.59451
,,1.59465
,,1.59479
,,1.59493
,,1.59507
,,1.59521
,,1.59534
,,1.59549
,,1.59563
,,1.59577
,,1.59591
,,1.59605
,,1.59619
,,1.59633
,,1.59648
,,1.59662
,,1.59677
,,1.59691
,,1.59705
,,1.59720
,,1.59734
,,1.59748
,,1.59763
,,1.59777
,,1.59791
,,1.59805
,,1.59819
,,1.59833
,,1.59847
,,1.59862
,,1.59876
,,1.59890
,,1.59904
,,1.59919
,,1.59933
,,1.59948
,,1.59962
,,1.59976
,,1.59991
,,1.60005
,,1.60020
,,1.60034
,,1.60048
,,1.60062
,,1.60077
,,1.60091
,,1.60105
,,1.60119
,,1.60132
,,1.60146
,,1.60160
,,1.60174
,,1.60188
,,1.60202
,,1.60216
,,1.60229
,,1.60244
,,1.60258
,,1.60272
,,1.60286
,,1.60300
,,1.60314
,,1.60328
,,1.60342
,,1.60356
,,1.60370
,,1.60385
,,1.60399
,,1.60413
,,1.60427
,,1.60441
,,1.60455
,,1.60470
,,1.60483
,,1.60497
,,1.60511
,,1.60525
,,1.60539
,,1.60553
,,1.60567
,,1.60581
,,1.60595
,,1.60609
,,1.60624
,,1.60638
,,1.60652
,,1.60666
,,1.60681
,,1.60695
,,1.60709
,,1.60724
,,1.60738
,,1.60753
,,1.60767
,,1.60782
,,1.60796
,,1.60810
,,1.60825
,,1.60839
,,1.60853
,,1.60867
,,1.60882
,,1.60896
,,1.60910
,,1.60924
,,1.60938
,,1.60953
,,1.60967
,,1.60982
,,1.60996
,,1.61011
,,1.61025
,,1.61040
,,1.61054
,,1.61068
,,1.61083
,,1.61097
,,1.61111
,,1.61126
,,1.61140
,,1.61154
,,1.61168
,,1.61181
,,1.61195
,,1.61209
,,1.61223
,,1.61237
,,1.61251
,,1.61265
,,1.61279
,,1.61292
,,1.61306
,,1.61320
,,1.61334
,,1.61348
,,1.61363
,,1.61377
,,1.61391
,,1.61405
,,1.61419
,,1.61434
,,1.61448
,,1.61462
,,1.61477
,,1.61491
,,1.61505
,,1.61520
,,1.61534
,,1.61548
,,1.61562
,,1.61576
,,1.61590
,,1.61604
,,1.61618
,,1.61632
,,1.61646
,,1.61660
,,1.61675
,,1.61689
,,1.61703
,,1.61718
,,1.61732
,,1.61746
,,1.61761
,,1.61775
,,1.61790
,,1.61804
,,1.61819
,,1.61834
,,1.61848
,,1.61863
,,1.61877
,,1.61891
,,1.61905
,,1.61920
,,1.61934
,,1.61948
,,1.61962
,,1.61977
,,1.61991
,,1.62005
,,1.62019
,,1.62034
,,1.62048
,,1.62062
,,1.62077
,,1.62091
,,1.62106
,,1.62120
,,1.62135
,,1.62149
,,1.62164
,,1.62178
,,1.62192
,,1.62206
,,1.62220
,,1.62234
,,1.62248
,,1.62262
,,1.62275
,,1.62289
,,1.62303
,,1.62317
,,1.62331
,,1.62344
,,1.62358
,,1.62372
,,1.62386
,,1.62400
,,1.62414
,,1.62428
,,1.62442
,,1.62456
,,1.62470
,,1.62484
,,1.62499
,,1.62513
,,1.62528
,,1.62542
,,1.62556
,,1.62571
,,1.62585
,,1.62599
,,1.62613
,,1.62627
,,1.62641
,,1.62655
,,1.62669
,,1.62683
,,1.62697
,,1.62711
,,1.62726
,,1.62740
,,1.62754
,,1.62768
,,1.62783
,,1.62797
,,1.62812
,,1.62826
,,1.62840
,,1.62855
,,1.62870
,,1.62884
,,1.62899
,,1.62913
,,1.62928
,,1.62942
,,1.62957
,,1.62971
,,1.62985
,,1.62999
,,1.63013
,,1.63027
,,1.63041
,,1.63056
,,1.63070
,,1.63084
,,1.63098
,,1.63112
,,1.63127
,,1.63141
,,1.63156
,,1.63170
,,1.63185
,,1.63199
,,1.63213
,,1.63228
,,1.63242
,,1.63256
,,1.63270
,,1.63284
,,1.63299
,,1.63312
,,1.63326
,,1.63340
,,1.63354
,,1.63368
,,1.63382
,,1.63395
,,1.63409
,,1.63423
,,1.63437
,,1.63451
,,1.63465
,,1.63479
,,1.63493
,,1.63507
,,1.63521
,,1.63536
,,1.63550
,,1.63564
,,1.63578
,,1.63593
,,1.63607
,,1.63621
,,1.63636
,,1.63650
,,1.63664
,,1.63679
,,1.63693
,,1.63707
,,1.63721
,,1.63735
,,1.63749
,,1.63763
,,1.63778
,,1.63792
,,1.63806
,,1.63820
,,1.63834
,,1.63849
,,1.63863
,,1.63877
,,1.63892
,,1.63906
,,1.63921
,,1.63935
,,1.63950
,,1.63964
,,1.63979
,,1.63993
,,1.64008
,,1.64022
,,1.64036
,,1.64050
,,1.64065
,,1.64079
,,1.64093
,,1.64107
,,1.64121
,,1.64135
,,1.64149
,,1.64163
,,1.64178
,,1.64192
,,1.64206
,,1.64221
,,1.64235
,,1.64249
,,1.64264
,,1.64278
,,1.64292
,,1.64307
,,1.64321
,,1.64335
,,1.64349
,,1.64363
,,1.64377
,,1.64391
,,1.64405
,,1.64419
,,1.64433
,,1.64447
,,1.64460
,,1.64474
,,1.64488
,,1.64502
,,1.64516
,,1.64530
,,1.64544
,,1.64558
,,1.64572
,,1.64586
,,1.64600
,,1.64614
,,1.64629
,,1.64643
,,1.64658
,,1.64672
,,1.64686
,,1.64701
,,1.64716
,,1.64730
,,1.64744
,,1.64759
,,1.64773
,,1.64787
,,1.64802
,,1.64816
,,1.64830
,,1.64844
,,1.64858
,,1.64873
,,1.64887
,,1.64901
,,1.64916
,,1.64930
,,1.64944
,,1.64959
,,1.64973
,,1.64988
,,1.65003
,,1.65017
,,1.65032
,,1.65046
,,1.65061
,,1.65075
,,1.65089
,,1.65103
,,1.65117
,,1.65131
,,1.65146
,,1.65160
,,1.65174
,,1.65188
,,1.65202
,,1.65216
,,1.65230
,,1.65245
,,1.65259
,,1.65273
,,1.65288
,,1.65302
,,1.65316
,,1.65330
,,1.65345
,,1.65359
,,1.65373
,,1.65387
,,1.65402
,,1.65416
,,1.65430
,,1.65444
,,1.65458
,,1.65472
,,1.65486
,,1.65500
,,1.65514
,,1.65528
,,1.65541
,,1.65555
,,1.65569
,,1.65583
,,1.65597
,,1.65611
,,1.65625
,,1.65639
,,1.65654
,,1.65668
,,1.65682
,,1.65696
,,1.65711
,,1.65725
,,1.65740
,,1.65754
,,1.65769
,,1.65783
,,1.65798
,,1.65812
,,1.65827
,,1.65841
,,1.65856
,,1.65870
,,1.65884
,,1.65899
,,1.65913
,,1.65927
,,1.65942
,,1.65956
,,1.65971
,,1.65985
,,1.66000
,,1.66014
,,1.66029
,,1.66043
,,1.66058
,,1.66072
,,1.66087
,,1.66102
,,1.66116
,,1.66131
,,1.66145
,,1.66159
,,1.66174
,,1.66188
,,1.66202
,,1.66216
,,1.66230
,,1.66244
,,1.66258
,,1.66272
,,1.66286
,,1.66301
,,1.66315
,,1.66329
,,1.66343
,,1.66358
,,1.66372
,,1.66386
,,1.66401
,,1.66415
,,1.66429
,,1.66443
,,1.66458
,,1.66472
,,1.66487
,,1.66501
,,1.66515
,,1.66529
,,1.66543
,,1.66557
,,1.66571
,,1.66585
,,1.66599
,,1.66613
,,1.66627
,,1.66641
,,1.66655
,,1.66669
,,1.66683
,,1.66698
,,1.66712
,,1.66726
,,1.66741
,,1.66755
,,1.66769
,,1.66784
,,1.66798
,,1.66813
,,1.66828
,,1.66842
,,1.66857
,,1.66872
,,1.66886
,,1.66901
,,1.66915
,,1.66930
,,1.66944
,,1.66958
,,1.66973
,,1.66987
,,1.67001
,,1.67016
,,1.67030
,,1.67045
,,1.67059
,,1.67074
,,1.67089
,,1.67103
,,1.67118
,,1.67132
,,1.67147
,,1.67162
,,1.67176
,,1.67191
,,1.67205
,,1.67220
,,1.67234
,,1.67248
,,1.67262
,,1.67276
,,1.67290
,,1.67304
,,1.67318
,,1.67333
,,1.67347
,,1.67361
,,1.67375
,,1.67389
,,1.67403
,,1.67418
,,1.67432
,,1.67446
,,1.67461
,,1.67475
,,1.67489
,,1.67503
,,1.67518
,,1.67533
,,1.67547
,,1.67562
,,1.67576
,,1.67590
,,1.67605
,,1.67619
,,1.67633
,,1.67647
,,1.67661
,,1.67675
,,1.67689
,,1.67703
,,1.67717
,,1.67731
,,1.67746
,,1.67760
,,1.67774
,,1.67788
,,1.67803
,,1.67817
,,1.67831
,,1.67846
,,1.67860
,,1.67875
,,1.67890
,,1.67904
,,1.67919
,,1.67934
,,1.67948
,,1.67963
,,1.67978
,,1.67992
,,1.68006
,,1.68021
,,1.68035
,,1.68049
,,1.68064
,,1.68078
,,1.68092
,,1.68107
,,1.68121
,,1.68136
,,1.68150
,,1.68165
,,1.68179
,,1.68194
,,1.68209
,,1.68223
,,1.68238
,,1.68252
,,1.68267
,,1.68281
,,1.68296
,,1.68310
,,1.68324
,,1.68338
,,1.68352
,,1.68366
,,1.68380
,,1.68394
,,1.68408
,,1.68422
,,1.68436
,,1.68450
,,1.68464
,,1.68478
,,1.68492
,,1.68506
,,1.68520
,,1.68535
,,1.68549
,,1.68563
,,1.68577
,,1.68592
,,1.68606
,,1.68621
,,1.68635
,,1.68650
,,1.68664
,,1.68678
,,1.68692
,,1.68707
,,1.68721
,,1.68735
,,1.68749
,,1.68764
,,1.68778
,,1.68792
,,1.68806
,,1.68820
,,1.68834
,,1.68848
,,1.68863
,,1.68877
,,1.68891
,,1.68906
,,1.68920
,,1.68935
,,1.68949
,,1.68964
,,1.68979
,,1.68994
,,1.69008
,,1.69023
,,1.69038
,,1.69052
,,1.69066
,,1.69081
,,1.69095
,,1.69109
,,1.69124
,,1.69138
,,1.69153
,,1.69167
,,1.69181
,,1.69196
,,1.69210
,,1.69225
,,1.69239
,,1.69254
,,1.69268
,,1.69283
,,1.69297
,,1.69312
,,1.69326
,,1.69341
,,1.69355
,,1.69370
,,1.69384
,,1.69398
,,1.69412
,,1.69426
,,1.69440
,,1.69454
,,1.69468
,,1.69482
,,1.69496
,,1.69510
,,1.69524
,,1.69538
,,1.69552
,,1.69566
,,1.69580
,,1.69594
,,1.69608
,,1.69622
,,1.69636
,,1.69650
,,1.69664
,,1.69679
,,1.69693
,,1.69708
,,1.69722
,,1.69737
,,1.69751
,,1.69765
,,1.69780
,,1.69794
,,1.69808
,,1.69822
,,1.69836
,,1.69851
,,1.69865
,,1.69879
,,1.69893
,,1.69907
,,1.69921
,,1.69936
,,1.69950
,,1.69964
,,1.69979
,,1.69993
,,1.70008
,,1.70022
,,1.70037
,,1.70051
,,1.70066
,,1.70081
,,1.70095
,,1.70110
,,1.70124
,,1.70138
,,1.70153
,,1.70167
,,1.70182
,,1.70196
,,1.70210
,,1.70224
,,1.70238
,,1.70253
,,1.70267
,,1.70281
,,1.70296
,,1.70310
,,1.70324
,,1.70339
,,1.70353
,,1.70368
,,1.70382
,,1.70396
,,1.70411
,,1.70425
,,1.70440
,,1.70454
,,1.70468
,,1.70482
,,1.70496
,,1.70510
,,1.70524
,,1.70538
,,1.70551
,,1.70565
,,1.70579
,,1.70593
,,1.70607
,,1.70620
,,1.70634
,,1.70648
,,1.70662
,,1.70677
,,1.70691
,,1.70705
,,1.70719
,,1.70733
,,1.70747
,,1.70762
,,1.70776
,,1.70791
,,1.70805
,,1.70820
,,1.70834
,,1.70848
,,1.70863
,,1.70877
,,1.70891
,,1.70905
,,1.70920
,,1.70934
,,1.70948
,,1.70962
,,1.70976
,,1.70990
,,1.71004
,,1.71019
,,1.71033
,,1.71047
,,1.71062
,,1.71076
,,1.71091
,,1.71105
,,1.71120
,,1.71135
,,1.71149
,,1.71164
,,1.71178
,,1.71192
,,1.71206
,,1.71220
,,1.71235
,,1.71249
,,1.71263
,,1.71277
,,1.71291
,,1.71305
,,1.71319
,,1.71333
,,1.71347
,,1.71362
,,1.71376
,,1.71390
,,1.71405
,,1.71419
,,1.71433
,,1.71448
,,1.71462
,,1.71476
,,1.71491
,,1.71505
,,1.71519
,,1.71533
,,1.71547
,,1.71561
,,1.71575
,,1.71589
,,1.71603
,,1.71617
,,1.71630
,,1.71644
,,1.71658
,,1.71672
,,1.71686
,,1.71700
,,1.71714
,,1.71728
,,1.71742
,,1.71756
,,1.71770
,,1.71784
,,1.71799
,,1.71813
,,1.71827
,,1.71842
,,1.71856
,,1.71871
,,1.71885
,,1.71899
,,1.71914
,,1.71928
,,1.71942
,,1.71956
,,1.71970
,,1.71985
,,1.71999
,,1.72013
,,1.72027
,,1.72041
,,1.72055
,,1.72070
,,1.72084
,,1.72099
,,1.72113
,,1.72127
,,1.72142
,,1.72156
,,1.72171
,,1.72185
,,1.72200
,,1.72215
,,1.72229
,,1.72244
,,1.72258
,,1.72272
,,1.72286
,,1.72300
,,1.72314
,,1.72328
,,1.72342
,,1.72356
,,1.72370
,,1.72384
,,1.72398
,,1.72412
,,1.72426
,,1.72440
,,1.72454
,,1.72469
,,1.72483
,,1.72497
,,1.72511
,,1.72525
,,1.72539
,,1.72554
,,1.72568
,,1.72582
,,1.72596
,,1.72610
,,1.72624
,,1.72638
,,1.72652
,,1.72665
,,1.72679
,,1.72693
,,1.72707
,,1.72720
,,1.72734
,,1.72748
,,1.72762
,,1.72776
,,1.72790
,,1.72804
,,1.72818
,,1.72832
,,1.72846
,,1.72860
,,1.72875
,,1.72889
,,1.72903
,,1.72918
,,1.72932
,,1.72947
,,1.72961
,,1.72976
,,1.72990
,,1.73004
,,1.73019
,,1.73033
,,1.73047
,,1.73061
,,1.73075
,,1.73090
,,1.73104
,,1.73118
,,1.73132
,,1.73147
,,1.73161
,,1.73175
,,1.73190
,,1.73204
,,1.73219
,,1.73233
,,1.73248
,,1.73262
,,1.73277
,,1.73291
,,1.73306
,,1.73320
,,1.73334
,,1.73348
,,1.73362
,,1.73376
,,1.73390
,,1.73404
,,1.73418
,,1.73432
,,1.73446
,,1.73460
,,1.73474
,,1.73488
,,1.73502
,,1.73516
,,1.73530
,,1.73545
,,1.73559
,,1.73573
,,1.73587
,,1.73601
,,1.73615
,,1.73630
,,1.73644
,,1.73658
,,1.73672
,,1.73687
,,1.73701
,,1.73715
,,1.73729
,,1.73743
,,1.73757
,,1.73770
,,1.73784
,,1.73798
,,1.73812
,,1.73826
,,1.73840
,,1.73854
,,1.73868
,,1.73882
,,1.73896
,,1.73910
,,1.73925
,,1.73939
,,1.73953
,,1.73968
,,1.73983
,,1.73997
,,1.74012
,,1.74026
,,1.74041
,,1.74055
,,1.74070
,,1.74084
,,1.74098
,,1.74112
,,1.74126
,,1.74141
,,1.74155
,,1.74169
,,1.74183
,,1.74198
,,1.74212
,,1.74226
,,1.74241
,,1.74255
,,1.74270
,,1.74284
,,1.74299
,,1.74313
,,1.74328
,,1.74342
,,1.74357
,,1.74371
,,1.74386
,,1.74400
,,1.74414
,,1.74428
,,1.74442
,,1.74456
,,1.74469
,,1.74484
,,1.74497
,,1.74511
,,1.74525
,,1.74539
,,1.74553
,,1.74567
,,1.74581
,,1.74596
,,1.74610
,,1.74624
,,1.74638
,,1.74652
,,1.74667
,,1.74681
,,1.74696
,,1.74710
,,1.74724
,,1.74739
,,1.74753
,,1.74767
,,1.74781
,,1.74796
,,1.74810
,,1.74824
,,1.74838
,,1.74852
,,1.74866
,,1.74880
,,1.74894
,,1.74908
,,1.74922
,,1.74936
,,1.74951
,,1.74965
,,1.74979
,,1.74994
,,1.75008
,,1.75022
,,1.75037
,,1.75051
,,1.75066
,,1.75081
,,1.75095
,,1.75110
,,1.75124
,,1.75139
,,1.75153
,,1.75167
,,1.75181
,,1.75196
,,1.75210
,,1.75224
,,1.75238
,,1.75252
,,1.75267
,,1.75281
,,1.75296
,,1.75310
,,1.75324
,,1.75339
,,1.75354
,,1.75368
,,1.75383
,,1.75397
,,1.75412
,,1.75426
,,1.75441
,,1.75455
,,1.75469
,,1.75484
,,1.75498
,,1.75512
,,1.75526
,,1.75540
,,1.75554
,,1.75568
,,1.75581
,,1.75595
,,1.75609
,,1.75623
,,1.75637
,,1.75651
,,1.75665
,,1.75680
,,1.75694
,,1.75708
,,1.75722
,,1.75737
,,1.75751
,,1.75765
,,1.75780
,,1.75794
,,1.75809
,,1.75823
,,1.75837
,,1.75851
,,1.75866
,,1.75880
,,1.75894
,,1.75908
,,1.75922
,,1.75936
,,1.75950
,,1.75965
,,1.75979
,,1.75993
,,1.76007
,,1.76022
,,1.76036
,,1.76050
,,1.76064
,,1.76079
,,1.76093
,,1.76108
,,1.76123
,,1.76137
,,1.76152
,,1.76167
,,1.76181
,,1.76196
,,1.76210
,,1.76225
,,1.76239
,,1.76253
,,1.76268
,,1.76282
,,1.76296
,,1.76310
,,1.76325
,,1.76339
,,1.76353
,,1.76368
,,1.76382
,,1.76397
,,1.76411
,,1.76426
,,1.76440
,,1.76455
,,1.76469
,,1.76484
,,1.76498
,,1.76513
,,1.76527
,,1.76541
,,1.76555
,,1.76569
,,1.76583
,,1.76597
,,1.76611
,,1.76625
,,1.76639
,,1.76652
,,1.76666
,,1.76680
,,1.76694
,,1.76708
,,1.76722
,,1.76736
,,1.76750
,,1.76764
,,1.76778
,,1.76793
,,1.76807
,,1.76821
,,1.76836
,,1.76850
,,1.76864
,,1.76879
,,1.76894
,,1.76908
,,1.76922
,,1.76937
,,1.76951
,,1.76965
,,1.76979
,,1.76994
,,1.77008
,,1.77022
,,1.77036
,,1.77050
,,1.77064
,,1.77079
,,1.77093
,,1.77107
,,1.77122
,,1.77136
,,1.77150
,,1.77165
,,1.77179
,,1.77194
,,1.77209
,,1.77224
,,1.77238
,,1.77253
,,1.77267
,,1.77282
,,1.77296
,,1.77310
,,1.77324
,,1.77339
,,1.77353
,,1.77367
,,1.77381
,,1.77395
,,1.77409
,,1.77423
,,1.77438
,,1.77452
,,1.77466
,,1.77481
,,1.77495
,,1.77509
,,1.77523
,,1.77538
,,1.77552
,,1.77567
,,1.77581
,,1.77596
,,1.77610
,,1.77624
,,1.77638
,,1.77652
,,1.77666
,,1.77680
,,1.77693
,,1.77707
,,1.77721
,,1.77735
,,1.77749
,,1.77763
,,1.77777
,,1.77791
,,1.77805
,,1.77819
,,1.77833
,,1.77847
,,1.77861
,,1.77876
,,1.77890
,,1.77904
,,1.77919
,,1.77933
,,1.77948
,,1.77962
,,1.77976
,,1.77991
,,1.78005
,,1.78019
,,1.78034
,,1.78048
,,1.78062
,,1.78076
,,1.78090
,,1.78105
,,1.78119
,,1.78133
,,1.78147
,,1.78161
,,1.78176
,,1.78190
,,1.78205
,,1.78219
,,1.78233
,,1.78248
,,1.78262
,,1.78277
,,1.78292
,,1.78306
,,1.78321
,,1.78335
,,1.78349
,,1.78364
,,1.78378
,,1.78392
,,1.78406
,,1.78420
,,1.78434
,,1.78448
,,1.78462
,,1.78476
,,1.78490
,,1.78504
,,1.78519
,,1.78533
,,1.78547
,,1.78561
,,1.78575
,,1.78590
,,1.78604
,,1.78618
,,1.78633
,,1.78647
,,1.78661
,,1.78676
,,1.78690
,,1.78704
,,1.78718
,,1.78732
,,1.78746
,,1.78760
,,1.78773
,,1.78787
,,1.78801
,,1.78815
,,1.78829
,,1.78842
,,1.78856
,,1.78871
,,1.78885
,,1.78899
,,1.78913
,,1.78927
,,1.78941
,,1.78955
,,1.78970
,,1.78984
,,1.78999
,,1.79013
,,1.79028
,,1.79042
,,1.79056
,,1.79071
,,1.79085
,,1.79099
,,1.79113
,,1.79128
,,1.79142
,,1.79156
,,1.79170
,,1.79184
,,1.79198
,,1.79212
,,1.79226
,,1.79241
,,1.79255
,,1.79269
,,1.79284
,,1.79299
,,1.79313
,,1.79328
,,1.79342
,,1.79357
,,1.79371
,,1.79386
,,1.79400
,,1.79414
,,1.79428
,,1.79442
,,1.79456
,,1.79470
,,1.79484
,,1.79498
,,1.79512
,,1.79526
,,1.79540
,,1.79554
,,1.79568
,,1.79582
,,1.79597
,,1.79611
,,1.79625
,,1.79639
,,1.79653
,,1.79668
,,1.79682
,,1.79696
,,1.79711
,,1.79725
,,1.79739
,,1.79753
,,1.79767
,,1.79782
,,1.79796
,,1.79810
,,1.79824
,,1.79838
,,1.79851
,,1.79865
,,1.79879
,,1.79893
,,1.79907
,,1.79921
,,1.79935
,,1.79949
,,1.79963
,,1.79977
,,1.79991
,,1.80005
,,1.80019
,,1.80034
,,1.80048
,,1.80063
,,1.80077
,,1.80092
,,1.80107
,,1.80121
,,1.80135
,,1.80150
,,1.80164
,,1.80178
,,1.80193
,,1.80207
,,1.80221
,,1.80235
,,1.80249
,,1.80263
,,1.80278
,,1.80292
,,1.80306
,,1.80321
,,1.80335
,,1.80350
,,1.80364
,,1.80379
,,1.80393
,,1.80408
,,1.80422
,,1.80437
,,1.80451
,,1.80466
,,1.80480
,,1.80494
,,1.80508
,,1.80522
,,1.80536
,,1.80550
,,1.80564
,,1.80578
,,1.80592
,,1.80606
,,1.80620
,,1.80634
,,1.80648
,,1.80662
,,1.80676
,,1.80690
,,1.80705
,,1.80719
,,1.80733
,,1.80747
,,1.80761
,,1.80776
,,1.80790
,,1.80805
,,1.80819
,,1.80833
,,1.80847
,,1.80861
,,1.80875
,,1.80889
,,1.80903
,,1.80917
,,1.80931
,,1.80945
,,1.80959
,,1.80973
,,1.80987
,,1.81001
,,1.81015
,,1.81029
,,1.81044
,,1.81058
,,1.81072
,,1.81086
,,1.81101
,,1.81115
,,1.81130
,,1.81145
,,1.81159
,,1.81174
,,1.81188
,,1.81203
,,1.81217
,,1.81231
,,1.81246
,,1.81260
,,1.81274
,,1.81288
,,1.81303
,,1.81317
,,1.81331
,,1.81345
,,1.81359
,,1.81373
,,1.81388
,,1.81402
,,1.81417
,,1.81431
,,1.81445
,,1.81460
,,1.81474
,,1.81489
,,1.81503
,,1.81518
,,1.81532
,,1.81546
,,1.81560
,,1.81575
,,1.81589
,,1.81603
,,1.81617
,,1.81630
,,1.81644
,,1.81658
,,1.81672
,,1.81686
,,1.81700
,,1.81714
,,1.81728
,,1.81742
,,1.81756
,,1.81770
,,1.81784
,,1.81798
,,1.81813
,,1.81827
,,1.81841
,,1.81855
,,1.81870
,,1.81884
,,1.81898
,,1.81912
,,1.81927
,,1.81941
,,1.81955
,,1.81969
,,1.81982
,,1.81996
,,1.82010
,,1.82024
,,1.82039
,,1.82052
,,1.82067
,,1.82080
,,1.82095
,,1.82109
,,1.82123
,,1.82137
,,1.82151
,,1.82166
,,1.82180
,,1.82195
,,1.82209
,,1.82224
,,1.82238
,,1.82253
,,1.82267
,,1.82281
,,1.82296
,,1.82310
,,1.82324
,,1.82338
,,1.82352
,,1.82366
,,1.82380
,,1.82395
,,1.82409
,,1.82423
,,1.82437
,,1.82452
,,1.82466
,,1.82480
,,1.82495
,,1.82509
,,1.82523
,,1.82538
,,1.82552
,,1.82566
,,1.82581
,,1.82595
,,1.82609
,,1.82623
,,1.82637
,,1.82651
,,1.82665
,,1.82678
,,1.82692
,,1.82706
,,1.82720
,,1.82734
,,1.82748
,,1.82761
,,1.82775
,,1.82789
,,1.82804
,,1.82818
,,1.82832
,,1.82846
,,1.82860
,,1.82874
,,1.82888
,,1.82902
,,1.82917
,,1.82931
,,1.82946
,,1.82960
,,1.82974
,,1.82988
,,1.83002
,,1.83016
,,1.83030
,,1.83044
,,1.83058
,,1.83072
,,1.83086
,,1.83100
,,1.83114
,,1.83128
,,1.83142
,,1.83156
,,1.83170
,,1.83184
,,1.83199
,,1.83213
,,1.83227
,,1.83242
,,1.83256
,,1.83270
,,1.83285
,,1.83299
,,1.83314
,,1.83328
,,1.83342
,,1.83357
,,1.83371
,,1.83385
,,1.83399
,,1.83413
,,1.83427
,,1.83441
,,1.83455
,,1.83469
,,1.83483
,,1.83497
,,1.83511
,,1.83526
,,1.83540
,,1.83554
,,1.83569
,,1.83583
,,1.83597
,,1.83612
,,1.83626
,,1.83640
,,1.83655
,,1.83669
,,1.83683
,,1.83697
,,1.83711
,,1.83725
,,1.83738
,,1.83752
,,1.83766
,,1.83780
,,1.83794
,,1.83807
,,1.83821
,,1.83835
,,1.83849
,,1.83863
,,1.83877
,,1.83891
,,1.83905
,,1.83919
,,1.83933
,,1.83947
,,1.83961
,,1.83975
,,1.83990
,,1.84004
,,1.84018
,,1.84032
,,1.84046
,,1.84061
,,1.84074
,,1.84089
,,1.84102
,,1.84116
,,1.84130
,,1.84144
,,1.84158
,,1.84172
,,1.84186
,,1.84200
,,1.84214
,,1.84228
,,1.84242
,,1.84256
,,1.84270
,,1.84284
,,1.84298
,,1.84313
,,1.84327
,,1.84341
,,1.84356
,,1.84370
,,1.84385
,,1.84399
,,1.84413
,,1.84427
,,1.84441
,,1.84455
,,1.84468
,,1.84482
,,1.84496
,,1.84510
,,1.84524
,,1.84538
,,1.84552
,,1.84566
,,1.84580
,,1.84594
,,1.84608
,,1.84622
,,1.84637
,,1.84651
,,1.84665
,,1.84679
,,1.84693
,,1.84707
,,1.84722
,,1.84736
,,1.84750
,,1.84763
,,1.84777
,,1.84791
,,1.84805
,,1.84818
,,1.84832
,,1.84845
,,1.84859
,,1.84872
,,1.84886
,,1.84900
,,1.84914
,,1.84928
,,1.84942
,,1.84956
,,1.84970
,,1.84984
,,1.84998
,,1.85012
,,1.85026
,,1.85040
,,1.85054
,,1.85069
,,1.85083
,,1.85097
,,1.85112
,,1.85126
,,1.85139
,,1.85153
,,1.85167
,,1.85181
,,1.85195
,,1.85208
,,1.85222
,,1.85236
,,1.85250
,,1.85264
,,1.85278
,,1.85292
,,1.85306
,,1.85321
,,1.85335
,,1.85349
,,1.85363
,,1.85378
,,1.85392
,,1.85406
,,1.85421
,,1.85435
,,1.85449
,,1.85463
,,1.85477
,,1.85491
,,1.85505
,,1.85519
,,1.85533
,,1.85547
,,1.85561
,,1.85575
,,1.85588
,,1.85602
,,1.85616
,,1.85630
,,1.85644
,,1.85659
,,1.85673
,,1.85687
,,1.85701
,,1.85715
,,1.85729
,,1.85743
,,1.85758
,,1.85772
,,1.85786
,,1.85800
,,1.85814
,,1.85828
,,1.85842
,,1.85855
,,1.85869
,,1.85883
,,1.85896
,,1.85910
,,1.85924
,,1.85937
,,1.85951
,,1.85965
,,1.85979
,,1.85992
,,1.86007
,,1.86020
,,1.86034
,,1.86048
,,1.86062
,,1.86077
,,1.86091
,,1.86105
,,1.86119
,,1.86134
,,1.86148
,,1.86162
,,1.86176
,,1.86190
,,1.86204
,,1.86218
,,1.86232
,,1.86246
,,1.86260
,,1.86274
,,1.86288
,,1.86301
,,1.86315
,,1.86330
,,1.86344
,,1.86358
,,1.86372
,,1.86386
,,1.86400
,,1.86414
,,1.86429
,,1.86443
,,1.86457
,,1.86472
,,1.86486
,,1.86500
,,1.86514
,,1.86528
,,1.86542
,,1.86556
,,1.86570
,,1.86584
,,1.86597
,,1.86611
,,1.86625
,,1.86639
,,1.86653
,,1.86667
,,1.86681
,,1.86695
,,1.86709
,,1.86723
,,1.86737
,,1.86751
,,1.86765
,,1.86779
,,1.86794
,,1.86808
,,1.86822
,,1.86836
,,1.86850
,,1.86864
,,1.86878
,,1.86892
,,1.86906
,,1.86919
,,1.86933
,,1.86947
,,1.86960
,,1.86974
,,1.86988
,,1.87001
,,1.87015
,,1.87029
,,1.87043
,,1.87057
,,1.87071
,,1.87085
,,1.87099
,,1.87113
,,1.87127
,,1.87141
,,1.87155
,,1.87170
,,1.87184
,,1.87198
,,1.87212
,,1.87226
,,1.87240
,,1.87254
,,1.87268
,,1.87282
,,1.87296
,,1.87310
,,1.87324
,,1.87338
,,1.87352
,,1.87366
,,1.87380
,,1.87394
,,1.87408
,,1.87422
,,1.87436
,,1.87450
,,1.87465
,,1.87479
,,1.87493
,,1.87508
,,1.87522
,,1.87536
,,1.87550
,,1.87564
,,1.87578
,,1.87592
,,1.87606
,,1.87620
,,1.87634
,,1.87647
,,1.87661
,,1.87675
,,1.87689
,,1.87702
,,1.87716
,,1.87730
,,1.87744
,,1.87758
,,1.87772
,,1.87786
,,1.87800
,,1.87815
,,1.87829
,,1.87843
,,1.87857
,,1.87871
,,1.87886
,,1.87900
,,1.87914
,,1.87928
,,1.87942
,,1.87956
,,1.87969
,,1.87983
,,1.87997
,,1.88010
,,1.88024
,,1.88038
,,1.88052
,,1.88065
,,1.88079
,,1.88093
,,1.88107
,,1.88121
,,1.88134
,,1.88149
,,1.88163
,,1.88177
,,1.88191
,,1.88205
,,1.88219
,,1.88234
,,1.88248
,,1.88262
,,1.88276
,,1.88291
,,1.88305
,,1.88318
,,1.88332
,,1.88346
,,1.88360
,,1.88374
,,1.88388
,,1.88401
,,1.88415
,,1.88430
,,1.88444
,,1.88458
,,1.88472
,,1.88486
,,1.88500
,,1.88514
,,1.88529
,,1.88543
,,1.88557
,,1.88572
,,1.88586
,,1.88600
,,1.88614
,,1.88628
,,1.88642
,,1.88656
,,1.88670
,,1.88683
,,1.88697
,,1.88711
,,1.88724
,,1.88738
,,1.88752
,,1.88766
,,1.88780
,,1.88794
,,1.88808
,,1.88822
,,1.88836
,,1.88850
,,1.88864
,,1.88878
,,1.88892
,,1.88906
,,1.88920
,,1.88934
,,1.88949
,,1.88963
,,1.88977
,,1.88991
,,1.89005
,,1.89019
,,1.89032
,,1.89046
,,1.89060
,,1.89073
,,1.89087
,,1.89101
,,1.89114
,,1.89128
,,1.89142
,,1.89156
,,1.89170
,,1.89184
,,1.89198
,,1.89212
,,1.89226
,,1.89240
,,1.89254
,,1.89269
,,1.89283
,,1.89297
,,1.89312
,,1.89326
,,1.89340
,,1.89354
,,1.89368
,,1.89382
,,1.89395
,,1.89409
,,1.89423
,,1.89437
,,1.89451
,,1.89465
,,1.89479
,,1.89493
,,1.89507
,,1.89521
,,1.89535
,,1.89550
,,1.89564
,,1.89578
,,1.89592
,,1.89607
,,1.89621
,,1.89636
,,1.89650
,,1.89664
,,1.89678
,,1.89692
,,1.89706
,,1.89720
,,1.89733
,,1.89747
,,1.89761
,,1.89774
,,1.89788
,,1.89802
,,1.89816
,,1.89830
,,1.89844
,,1.89858
,,1.89872
,,1.89886
,,1.89900
,,1.89914
,,1.89928
,,1.89942
,,1.89956
,,1.89970
,,1.89984
,,1.89998
,,1.90012
,,1.90026
,,1.90040
,,1.90054
,,1.90068
,,1.90082
,,1.90096
,,1.90109
,,1.90123
,,1.90137
,,1.90151
,,1.90165
,,1.90178
,,1.90192
,,1.90206
,,1.90220
,,1.90234
,,1.90248
,,1.90262
,,1.90276
,,1.90290
,,1.90305
,,1.90319
,,1.90333
,,1.90348
,,1.90362
,,1.90376
,,1.90390
,,1.90404
,,1.90418
,,1.90432
,,1.90446
,,1.90460
,,1.90474
,,1.90488
,,1.90502
,,1.90516
,,1.90530
,,1.90544
,,1.90558
,,1.90572
,,1.90586
,,1.90601
,,1.90615
,,1.90629
,,1.90643
,,1.90658
,,1.90672
,,1.90687
,,1.90701
,,1.90715
,,1.90729
,,1.90743
,,1.90757
,,1.90771
,,1.90784
,,1.90798
,,1.90812
,,1.90826
,,1.90839
,,1.90853
,,1.90867
,,1.90881
,,1.90894
,,1.90908
,,1.90922
,,1.90936
,,1.90950
,,1.90964
,,1.90978
,,1.90992
,,1.91006
,,1.91020
,,1.91034
,,1.91049
,,1.91063
,,1.91077
,,1.91091
,,1.91105
,,1.91120
,,1.91133
,,1.91147
,,1.91161
,,1.91175
,,1.91188
,,1.91202
,,1.91216
,,1.91230
,,1.91244
,,1.91258
,,1.91272
,,1.91286
,,1.91300
,,1.91314
,,1.91328
,,1.91342
,,1.91357
,,1.91371
,,1.91385
,,1.91400
,,1.91414
,,1.91428
,,1.91442
,,1.91457
,,1.91470
,,1.91484
,,1.91498
,,1.91512
,,1.91526
,,1.91540
,,1.91554
,,1.91568
,,1.91582
,,1.91596
,,1.91610
,,1.91624
,,1.91639
,,1.91653
,,1.91668
,,1.91682
,,1.91696
,,1.91711
,,1.91725
,,1.91739
,,1.91754
,,1.91768
,,1.91782
,,1.91796
,,1.91810
,,1.91824
,,1.91838
,,1.91852
,,1.91865
,,1.91879
,,1.91893
,,1.91906
,,1.91920
,,1.91934
,,1.91948
,,1.91962
,,1.91976
,,1.91990
,,1.92004
,,1.92018
,,1.92033
,,1.92047
,,1.92061
,,1.92075
,,1.92089
,,1.92104
,,1.92118
,,1.92132
,,1.92147
,,1.92160
,,1.92174
,,1.92189
,,1.92203
,,1.92216
,,1.92230
,,1.92244
,,1.92258
,,1.92272
,,1.92286
,,1.92300
,,1.92314
,,1.92328
,,1.92342
,,1.92356
,,1.92371
,,1.92385
,,1.92399
,,1.92413
,,1.92428
,,1.92442
,,1.92457
,,1.92471
,,1.92486
,,1.92500
,,1.92514
,,1.92528
,,1.92542
,,1.92556
,,1.92570
,,1.92584
,,1.92598
,,1.92612
,,1.92626
,,1.92640
,,1.92654
,,1.92668
,,1.92682
,,1.92697
,,1.92711
,,1.92725
,,1.92739
,,1.92753
,,1.92768
,,1.92782
,,1.92796
,,1.92811
,,1.92825
,,1.92839
,,1.92853
,,1.92867
,,1.92881
,,1.92895
,,1.92909
,,1.92923
,,1.92936
,,1.92950
,,1.92964
,,1.92978
,,1.92992
,,1.93006
,,1.93020
,,1.93034
,,1.93048
,,1.93062
,,1.93076
,,1.93090
,,1.93104
,,1.93119
,,1.93133
,,1.93147
,,1.93162
,,1.93176
,,1.93190
,,1.93204
,,1.93219
,,1.93233
,,1.93247
,,1.93261
,,1.93274
,,1.93288
,,1.93302
,,1.93316
,,1.93330
,,1.93344
,,1.93358
,,1.93372
,,1.93386
,,1.93401
,,1.93415
,,1.93429
,,1.93443
,,1.93457
,,1.93472
,,1.93486
,,1.93501
,,1.93515
,,1.93530
,,1.93544
,,1.93559
,,1.93573
,,1.93587
,,1.93601
,,1.93615
,,1.93629
,,1.93643
,,1.93657
,,1.93671
,,1.93685
,,1.93699
,,1.93713
,,1.93727
,,1.93742
,,1.93756
,,1.93770
,,1.93784
,,1.93798
,,1.93813
,,1.93827
,,1.93841
,,1.93856
,,1.93870
,,1.93884
,,1.93898
,,1.93912
,,1.93927
,,1.93941
,,1.93954
,,1.93968
,,1.93982
,,1.93996
,,1.94010
,,1.94024
,,1.94037
,,1.94051
,,1.94065
,,1.94079
,,1.94093
,,1.94107
,,1.94121
,,1.94135
,,1.94149
,,1.94163
,,1.94178
,,1.94192
,,1.94206
,,1.94220
,,1.94235
,,1.94249
,,1.94264
,,1.94278
,,1.94292
,,1.94306
,,1.94320
,,1.94334
,,1.94348
,,1.94362
,,1.94376
,,1.94390
,,1.94404
,,1.94418
,,1.94432
,,1.94446
,,1.94461
,,1.94475
,,1.94489
,,1.94504
,,1.94518
,,1.94532
,,1.94547
,,1.94561
,,1.94576
,,1.94590
,,1.94605
,,1.94619
,,1.94633
,,1.94647
,,1.94661
,,1.94675
,,1.94689
,,1.94703
,,1.94717
,,1.94731
,,1.94745
,,1.94759
,,1.94773
,,1.94787
,,1.94801
,,1.94815
,,1.94829
,,1.94844
,,1.94858
,,1.94872
,,1.94886
,,1.94901
,,1.94915
,,1.94929
,,1.94944
,,1.94958
,,1.94972
,,1.94986
,,1.95000
,,1.95014
,,1.95028
,,1.95042
,,1.95056
,,1.95070
,,1.95083
,,1.95097
,,1.95111
,,1.95125
,,1.95139
,,1.95153
,,1.95167
,,1.95181
,,1.95195
,,1.95209
,,1.95223
,,1.95238
,,1.95252
,,1.95266
,,1.95280
,,1.95294
,,1.95309
,,1.95323
,,1.95337
,,1.95352
,,1.95366
,,1.95380
,,1.95394
,,1.95408
,,1.95422
,,1.95436
,,1.95450
,,1.95464
,,1.95478
,,1.95492
,,1.95506
,,1.95521
,,1.95535
,,1.95549
,,1.95563
,,1.95578
,,1.95592
,,1.95606
,,1.95621
,,1.95635
,,1.95649
,,1.95664
,,1.95679
,,1.95693
,,1.95707
,,1.95721
,,1.95735
,,1.95749
,,1.95763
,,1.95777
,,1.95791
,,1.95805
,,1.95819
,,1.95833
,,1.95847
,,1.95861
,,1.95875
,,1.95889
,,1.95903
,,1.95918
,,1.95932
,,1.95946
,,1.95960
,,1.95974
,,1.95988
,,1.96003
,,1.96017
,,1.96031
,,1.96045
,,1.96059
,,1.96073
,,1.96087
,,1.96101
,,1.96115
,,1.96128
,,1.96142
,,1.96156
,,1.96170
,,1.96184
,,1.96197
,,1.96211
,,1.96225
,,1.96239
,,1.96253
,,1.96267
,,1.96281
,,1.96295
,,1.96310
,,1.96324
,,1.96338
,,1.96352
,,1.96367
,,1.96381
,,1.96396
,,1.96410
,,1.96424
,,1.96438
,,1.96452
,,1.96466
,,1.96480
,,1.96494
,,1.96508
,,1.96522
,,1.96537
,,1.96551
,,1.96565
,,1.96579
,,1.96593
,,1.96607
,,1.96621
,,1.96636
,,1.96650
,,1.96664
,,1.96678
,,1.96693
,,1.96707
,,1.96721
,,1.96735
,,1.96750
,,1.96764
,,1.96778
,,1.96791
,,1.96805
,,1.96819
,,1.96833
,,1.96847
,,1.96861
,,1.96875
,,1.96889
,,1.96903
,,1.96917
,,1.96931
,,1.96945
,,1.96959
,,1.96973
,,1.96987
,,1.97001
,,1.97015
,,1.97030
,,1.97044
,,1.97058
,,1.97072
,,1.97087
,,1.97101
,,1.97115
,,1.97129
,,1.97143
,,1.97157
,,1.97170
,,1.97184
,,1.97198
,,1.97212
,,1.97225
,,1.97239
,,1.97253
,,1.97267
,,1.97281
,,1.97295
,,1.97309
,,1.97323
,,1.97337
,,1.97351
,,1.97366
,,1.97380
,,1.97394
,,1.97408
,,1.97423
,,1.97437
,,1.97452
,,1.97466
,,1.97480
,,1.97494
,,1.97509
,,1.97523
,,1.97537
,,1.97551
,,1.97565
,,1.97579
,,1.97593
,,1.97607
,,1.97621
,,1.97635
,,1.97649
,,1.97664
,,1.97678
,,1.97692
,,1.97706
,,1.97721
,,1.97735
,,1.97749
,,1.97764
,,1.97778
,,1.97792
,,1.97806
,,1.97821
,,1.97834
,,1.97848
,,1.97862
,,1.97876
,,1.97890
,,1.97903
,,1.97917
,,1.97931
,,1.97945
,,1.97959
,,1.97973
,,1.97987
,,1.98001
,,1.98015
,,1.98029
,,1.98043
,,1.98057
,,1.98071
,,1.98085
,,1.98100
,,1.98114
,,1.98128
,,1.98142
,,1.98156
,,1.98171
,,1.98185
,,1.98199
,,1.98213
,,1.98226
,,1.98240
,,1.98254
,,1.98268
,,1.98281
,,1.98295
,,1.98309
,,1.98323
,,1.98337
,,1.98351
,,1.98365
,,1.98380
,,1.98394
,,1.98408
,,1.98422
,,1.98437
,,1.98451
,,1.98465
,,1.98480
,,1.98494
,,1.98509
,,1.98523
,,1.98537
,,1.98551
,,1.98565
,,1.98579
,,1.98593
,,1.98607
,,1.98621
,,1.98635
,,1.98649
,,1.98664
,,1.98678
,,1.98692
,,1.98706
,,1.98720
,,1.98734
,,1.98749
,,1.98763
,,1.98777
,,1.98791
,,1.98806
,,1.98820
,,1.98834
,,1.98849
,,1.98863
,,1.98877
,,1.98891
,,1.98905
,,1.98919
,,1.98933
,,1.98946
,,1.98960
,,1.98974
,,1.98988
,,1.99002
,,1.99016
,,1.99030
,,1.99044
,,1.99058
,,1.99072
,,1.99086
,,1.99100
,,1.99114
,,1.99128
,,1.99142
,,1.99156
,,1.99171
,,1.99185
,,1.99199
,,1.99213
,,1.99228
,,1.99242
,,1.99256
,,1.99270
,,1.99284
,,1.99298
,,1.99312
,,1.99325
,,1.99340
,,1.99353
,,1.99367
,,1.99381
,,1.99395
,,1.99409
,,1.99423
,,1.99437
,,1.99451
,,1.99466
,,1.99480
,,1.99494
,,1.99508
,,1.99522
,,1.99537
,,1.99551
,,1.99566
,,1.99580
,,1.99595
,,1.99609
,,1.99623
,,1.99637
,,1.99651
,,1.99665
,,1.99679
,,1.99693
,,1.99707
,,1.99721
,,1.99735
,,1.99750
,,1.99764
,,1.99778
,,1.99792
,,1.99807
,,1.99821
,,1.99835
,,1.99850
,,1.99864
,,1.99878
,,1.99893
,,1.99907
,,1.99921
,,1.99935
,,1.99950
,,1.99964
,,1.99977
,,1.99991
,,2.00005
,,2.00019
,,2.00032
,,2.00046
,,2.00060
,,2.00074
,,2.00088
,,2.00102
,,2.00116
,,2.00130
,,2.00144
,,2.00158
,,2.00172
,,2.00186
,,2.00200
,,2.00214
,,2.00229
,,2.00243
,,2.00257
,,2.00272
,,2.00286
,,2.00300
,,2.00314
,,2.00328
,,2.00343
,,2.00357
,,2.00371
,,2.00385
,,2.00399
,,2.00413
,,2.00427
,,2.00441
,,2.00455
,,2.00469
,,2.00483
,,2.00497
,,2.00511
,,2.00525
,,2.00540
,,2.00554
,,2.00569
,,2.00583
,,2.00597
,,2.00612
,,2.00626
,,2.00640
,,2.00655
,,2.00669
,,2.00683
,,2.00697
,,2.00711
,,2.00725
,,2.00739
,,2.00753
,,2.00767
,,2.00781
,,2.00795
,,2.00810
,,2.00824
,,2.00838
,,2.00852
,,2.00867
,,2.00881
,,2.00895
,,2.00909
,,2.00923
,,2.00938
,,2.00952
,,2.00966
,,2.00981
,,2.00995
,,2.01009
,,2.01023
,,2.01037
,,2.01051
,,2.01065
,,2.01078
,,2.01092
,,2.01106
,,2.01120
,,2.01134
,,2.01147
,,2.01161
,,2.01175
,,2.01189
,,2.01203
,,2.01217
,,2.01231
,,2.01245
,,2.01260
,,2.01274
,,2.01288
,,2.01302
,,2.01317
,,2.01331
,,2.01345
,,2.01360
,,2.01374
,,2.01388
,,2.01402
,,2.01416
,,2.01430
,,2.01445
,,2.01459
,,2.01473
,,2.01487
,,2.01501
,,2.01515
,,2.01529
,,2.01543
,,2.01557
,,2.01572
,,2.01586
,,2.01600
,,2.01614
,,2.01628
,,2.01643
,,2.01657
,,2.01672
,,2.01686
,,2.01701
,,2.01715
,,2.01729
,,2.01743
,,2.01758
,,2.01772
,,2.01785
,,2.01800
,,2.01814
,,2.01828
,,2.01842
,,2.01856
,,2.01870
,,2.01884
,,2.01898
,,2.01912
,,2.01926
,,2.01941
,,2.01955
,,2.01969
,,2.01983
,,2.01997
,,2.02011
,,2.02026
,,2.02040
,,2.02054
,,2.02068
,,2.02083
,,2.02096
,,2.02110
,,2.02124
,,2.02138
,,2.02152
,,2.02166
,,2.02180
,,2.02194
,,2.02208
,,2.02222
,,2.02236
,,2.02249
,,2.02263
,,2.02278
,,2.02292
,,2.02306
,,2.02320
,,2.02334
,,2.02348
,,2.02362
,,2.02377
,,2.02391
,,2.02406
,,2.02420
,,2.02434
,,2.02449
,,2.02463
,,2.02477
,,2.02491
,,2.02505
,,2.02520
,,2.02534
,,2.02548
,,2.02562
,,2.02576
,,2.02590
,,2.02605
,,2.02619
,,2.02633
,,2.02647
,,2.02662
,,2.02676
,,2.02690
,,2.02704
,,2.02718
,,2.02733
,,2.02747
,,2.02761
,,2.02776
,,2.02790
,,2.02804
,,2.02818
,,2.02832
,,2.02846
,,2.02860
,,2.02874
,,2.02888
,,2.02902
,,2.02916
,,2.02930
,,2.02944
,,2.02958
,,2.02972
,,2.02986
,,2.03000
,,2.03014
,,2.03028
,,2.03043
,,2.03057
,,2.03071
,,2.03086
,,2.03100
,,2.03114
,,2.03129
,,2.03143
,,2.03157
,,2.03171
,,2.03185
,,2.03199
,,2.03213
,,2.03227
,,2.03240
,,2.03254
,,2.03268
,,2.03282
,,2.03296
,,2.03310
,,2.03324
,,2.03338
,,2.03352
,,2.03367
,,2.03381
,,2.03395
,,2.03409
,,2.03423
,,2.03438
,,2.03452
,,2.03467
,,2.03481
,,2.03495
,,2.03509
,,2.03524
,,2.03538
,,2.03552
,,2.03566
,,2.03580
,,2.03594
,,2.03609
,,2.03623
,,2.03637
,,2.03651
,,2.03665
,,2.03680
,,2.03694
,,2.03709
,,2.03723
,,2.03737
,,2.03752
,,2.03766
,,2.03780
,,2.03795
,,2.03809
,,2.03824
,,2.03838
,,2.03852
,,2.03866
,,2.03880
,,2.03895
,,2.03908
,,2.03922
,,2.03936
,,2.03950
,,2.03964
,,2.03978
,,2.03992
,,2.04006
,,2.04020
,,2.04034
,,2.04048
,,2.04062
,,2.04076
,,2.04090
,,2.04104
,,2.04118
,,2.04133
,,2.04147
,,2.04161
,,2.04176
,,2.04190
,,2.04204
,,2.04218
,,2.04232
,,2.04246
,,2.04260
,,2.04274
,,2.04288
,,2.04302
,,2.04316
,,2.04330
,,2.04344
,,2.04358
,,2.04372
,,2.04386
,,2.04400
,,2.04415
,,2.04429
,,2.04443
,,2.04457
,,2.04471
,,2.04486
,,2.04500
,,2.04515
,,2.04529
,,2.04544
,,2.04558
,,2.04572
,,2.04587
,,2.04601
,,2.04615
,,2.04629
,,2.04643
,,2.04658
,,2.04672
,,2.04686
,,2.04700
,,2.04714
,,2.04728
,,2.04743
,,2.04757
,,2.04771
,,2.04785
,,2.04800
,,2.04814
,,2.04829
,,2.04843
,,2.04857
,,2.04872
,,2.04886
,,2.04900
,,2.04914
,,2.04928
,,2.04942
,,2.04957
,,2.04970
,,2.04984
,,2.04998
,,2.05012
,,2.05026
,,2.05040
,,2.05054
,,2.05068
,,2.05082
,,2.05096
,,2.05110
,,2.05124
,,2.05138
,,2.05152
,,2.05166
,,2.05180
,,2.05194
,,2.05209
,,2.05223
,,2.05237
,,2.05252
,,2.05266
,,2.05281
,,2.05295
,,2.05309
,,2.05323
,,2.05337
,,2.05351
,,2.05365
,,2.05379
,,2.05393
,,2.05407
,,2.05421
,,2.05435
,,2.05449
,,2.05464
,,2.05478
,,2.05492
,,2.05507
,,2.05521
,,2.05535
,,2.05549
,,2.05564
,,2.05578
,,2.05593
,,2.05607
,,2.05621
,,2.05636
,,2.05650
,,2.05664
,,2.05678
,,2.05692
,,2.05706
,,2.05720
,,2.05734
,,2.05748
,,2.05763
,,2.05777
,,2.05791
,,2.05805
,,2.05819
,,2.05833
,,2.05848
,,2.05862
,,2.05876
,,2.05891
,,2.05905
,,2.05919
,,2.05933
,,2.05947
,,2.05962
,,2.05976
,,2.05990
,,2.06004
,,2.06018
,,2.06032
,,2.06046
,,2.06060
,,2.06073
,,2.06087
,,2.06101
,,2.06115
,,2.06129
,,2.06143
,,2.06156
,,2.06170
,,2.06184
,,2.06198
,,2.06212
,,2.06226
,,2.06241
,,2.06255
,,2.06269
,,2.06283
,,2.06298
,,2.06312
,,2.06327
,,2.06341
,,2.06355
,,2.06369
,,2.06383
,,2.06398
,,2.06412
,,2.06426
,,2.06440
,,2.06454
,,2.06468
,,2.06482
,,2.06496
,,2.06510
,,2.06525
,,2.06539
,,2.06553
,,2.06567
,,2.06582
,,2.06596
,,2.06610
,,2.06625
,,2.06639
,,2.06654
,,2.06668
,,2.06682
,,2.06696
,,2.06711
,,2.06725
,,2.06739
,,2.06753
,,2.06766
,,2.06781
,,2.06794
,,2.06808
,,2.06822
,,2.06837
,,2.06851
,,2.06865
,,2.06879
,,2.06893
,,2.06907
,,2.06921
,,2.06935
,,2.06949
,,2.06963
,,2.06978
,,2.06992
,,2.07006
,,2.07021
,,2.07035
,,2.07049
,,2.07063
,,2.07077
,,2.07091
,,2.07105
,,2.07119
,,2.07133
,,2.07146
,,2.07160
,,2.07174
,,2.07188
,,2.07202
,,2.07216
,,2.07230
,,2.07244
,,2.07258
,,2.07272
,,2.07286
,,2.07300
,,2.07314
,,2.07328
,,2.07342
,,2.07356
,,2.07371
,,2.07385
,,2.07399
,,2.07414
,,2.07428
,,2.07442
,,2.07457
,,2.07471
,,2.07485
,,2.07499
,,2.07513
,,2.07527
,,2.07541
,,2.07556
,,2.07570
,,2.07584
,,2.07598
,,2.07613
,,2.07627
,,2.07641
,,2.07655
,,2.07670
,,2.07684
,,2.07699
,,2.07713
,,2.07727
,,2.07742
,,2.07756
,,2.07770
,,2.07785
,,2.07799
,,2.07813
,,2.07827
,,2.07840
,,2.07854
,,2.07868
,,2.07882
,,2.07896
,,2.07910
,,2.07924
,,2.07939
,,2.07953
,,2.07967
,,2.07981
,,2.07995
,,2.08009
,,2.08023
,,2.08037
,,2.08051
,,2.08065
,,2.08079
,,2.08094
,,2.08108
,,2.08122
,,2.08136
,,2.08150
,,2.08164
,,2.08178
,,2.08192
,,2.08206
,,2.08220
,,2.08233
,,2.08247
,,2.08261
,,2.08275
,,2.08289
,,2.08303
,,2.08317
,,2.08331
,,2.08345
,,2.08359
,,2.08374
,,2.08388
,,2.08402
,,2.08417
,,2.08431
,,2.08445
,,2.08460
,,2.08474
,,2.08488
,,2.08502
,,2.08517
,,2.08531
,,2.08545
,,2.08559
,,2.08573
,,2.08587
,,2.08601
,,2.08615
,,2.08629
,,2.08643
,,2.08658
,,2.08672
,,2.08686
,,2.08700
,,2.08715
,,2.08729
,,2.08743
,,2.08758
,,2.08772
,,2.08786
,,2.08801
,,2.08815
,,2.08829
,,2.08843
,,2.08857
,,2.08871
,,2.08884
,,2.08898
,,2.08912
,,2.08926
,,2.08940
,,2.08954
,,2.08967
,,2.08981
,,2.08995
,,2.09009
,,2.09023
,,2.09037
,,2.09051
,,2.09065
,,2.09079
,,2.09093
,,2.09107
,,2.09122
,,2.09136
,,2.09150
,,2.09164
,,2.09179
,,2.09193
,,2.09207
,,2.09221
,,2.09235
,,2.09249
,,2.09263
,,2.09277
,,2.09291
,,2.09305
,,2.09318
,,2.09332
,,2.09347
,,2.09361
,,2.09375
,,2.09389
,,2.09403
,,2.09417
,,2.09431
,,2.09446
,,2.09460
,,2.09474
,,2.09489
,,2.09503
,,2.09517
,,2.09532
,,2.09546
,,2.09560
,,2.09574
,,2.09589
,,2.09603
,,2.09617
,,2.09631
,,2.09645
,,2.09659
,,2.09673
,,2.09687
,,2.09701
,,2.09715
,,2.09730
,,2.09744
,,2.09758
,,2.09773
,,2.09787
,,2.09801
,,2.09815
,,2.09830
,,2.09844
,,2.09858
,,2.09872
,,2.09887
,,2.09901
,,2.09915
,,2.09928
,,2.09942
,,2.09956
,,2.09970
,,2.09984
,,2.09997
,,2.10011
,,2.10025
,,2.10039
,,2.10052
,,2.10066
,,2.10080
,,2.10094
,,2.10108
,,2.10122
,,2.10136
,,2.10150
,,2.10164
,,2.10179
,,2.10193
,,2.10207
,,2.10222
,,2.10236
,,2.10250
,,2.10264
,,2.10278
,,2.10293
,,2.10307
,,2.10321
,,2.10335
,,2.10349
,,2.10363
,,2.10377
,,2.10391
,,2.10405
,,2.10419
,,2.10433
,,2.10448
,,2.10462
,,2.10476
,,2.10491
,,2.10505
,,2.10519
,,2.10534
,,2.10548
,,2.10563
,,2.10577
,,2.10591
,,2.10606
,,2.10620
,,2.10634
,,2.10648
,,2.10662
,,2.10676
,,2.10690
,,2.10704
,,2.10718
,,2.10733
,,2.10747
,,2.10761
,,2.10775
,,2.10789
,,2.10803
,,2.10817
,,2.10831
,,2.10846
,,2.10860
,,2.10874
,,2.10888
,,2.10902
,,2.10916
,,2.10931
,,2.10945
,,2.10959
,,2.10973
,,2.10987
,,2.11001
,,2.11015
,,2.11029
,,2.11042
,,2.11056
,,2.11070
,,2.11083
,,2.11097
,,2.11111
,,2.11125
,,2.11139
,,2.11153
,,2.11167
,,2.11181
,,2.11195
,,2.11209
,,2.11223
,,2.11237
,,2.11252
,,2.11266
,,2.11280
,,2.11295
,,2.11309
,,2.11323
,,2.11337
,,2.11352
,,2.11366
,,2.11380
,,2.11394
,,2.11408
,,2.11422
,,2.11436
,,2.11451
,,2.11465
,,2.11479
,,2.11493
,,2.11507
,,2.11521
,,2.11536
,,2.11550
,,2.11564
,,2.11578
,,2.11593
,,2.11607
,,2.11622
,,2.11636
,,2.11651
,,2.11665
,,2.11679
,,2.11694
,,2.11708
,,2.11722
,,2.11736
,,2.11750
,,2.11764
,,2.11778
,,2.11792
,,2.11806
,,2.11820
,,2.11834
,,2.11848
,,2.11862
,,2.11876
,,2.11890
,,2.11904
,,2.11918
,,2.11932
,,2.11947
,,2.11961
,,2.11975
,,2.11989
,,2.12003
,,2.12017
,,2.12031
,,2.12046
,,2.12060
,,2.12074
,,2.12088
,,2.12101
,,2.12115
,,2.12129
,,2.12143
,,2.12157
,,2.12170
,,2.12184
,,2.12198
,,2.12212
,,2.12226
,,2.12240
,,2.12254
,,2.12269
,,2.12283
,,2.12297
,,2.12311
,,2.12326
,,2.12340
,,2.12354
,,2.12369
,,2.12383
,,2.12398
,,2.12412
,,2.12426
,,2.12440
,,2.12454
,,2.12468
,,2.12482
,,2.12497
,,2.12511
,,2.12525
,,2.12539
,,2.12553
,,2.12568
,,2.12582
,,2.12597
,,2.12611
,,2.12625
,,2.12640
,,2.12654
,,2.12668
,,2.12683
,,2.12697
,,2.12711
,,2.12726
,,2.12740
,,2.12754
,,2.12768
,,2.12782
,,2.12796
,,2.12810
,,2.12824
,,2.12837
,,2.12851
,,2.12865
,,2.12879
,,2.12893
,,2.12907
,,2.12921
,,2.12935
,,2.12949
,,2.12963
,,2.12977
,,2.12992
,,2.13006
,,2.13020
,,2.13034
,,2.13048
,,2.13062
,,2.13077
,,2.13091
,,2.13105
,,2.13119
,,2.13133
,,2.13147
,,2.13161
,,2.13175
,,2.13189
,,2.13203
,,2.13217
,,2.13231
,,2.13245
,,2.13259
,,2.13272
,,2.13287
,,2.13301
,,2.13315
,,2.13329
,,2.13343
,,2.13358
,,2.13372
,,2.13386
,,2.13400
,,2.13415
,,2.13429
,,2.13443
,,2.13458
,,2.13472
,,2.13486
,,2.13500
,,2.13514
,,2.13528
,,2.13543
,,2.13557
,,2.13571
,,2.13585
,,2.13599
,,2.13614
,,2.13628
,,2.13642
,,2.13656
,,2.13671
,,2.13685
,,2.13699
,,2.13713
,,2.13728
,,2.13742
,,2.13756
,,2.13771
,,2.13785
,,2.13799
,,2.13813
,,2.13827
,,2.13841
,,2.13854
,,2.13868
,,2.13882
,,2.13896
,,2.13910
,,2.13923
,,2.13937
,,2.13951
,,2.13965
,,2.13979
,,2.13992
,,2.14006
,,2.14020
,,2.14034
,,2.14048
,,2.14062
,,2.14076
,,2.14090
,,2.14105
,,2.14119
,,2.14133
,,2.14147
,,2.14162
,,2.14176
,,2.14190
,,2.14203
,,2.14217
,,2.14231
,,2.14245
,,2.14259
,,2.14273
,,2.14286
,,2.14300
,,2.14314
,,2.14328
,,2.14342
,,2.14357
,,2.14371
,,2.14385
,,2.14399
,,2.14413
,,2.14428
,,2.14442
,,2.14456
,,2.14471
,,2.14485
,,2.14500
,,2.14514
,,2.14528
,,2.14542
,,2.14556
,,2.14570
,,2.14584
,,2.14598
,,2.14612
,,2.14626
,,2.14640
,,2.14654
,,2.14668
,,2.14682
,,2.14697
,,2.14711
,,2.14725
,,2.14739
,,2.14753
,,2.14767
,,2.14781
,,2.14795
,,2.14809
,,2.14823
,,2.14838
,,2.14851
,,2.14865
,,2.14879
,,2.14893
,,2.14907
,,2.14920
,,2.14934
,,2.14948
,,2.14961
,,2.14975
,,2.14989
,,2.15002
,,2.15016
,,2.15030
,,2.15044
,,2.15057
,,2.15071
,,2.15085
,,2.15099
,,2.15113
,,2.15127
,,2.15141
,,2.15155
,,2.15170
,,2.15184
,,2.15198
,,2.15212
,,2.15226
,,2.15240
,,2.15254
,,2.15268
,,2.15282
,,2.15296
,,2.15310
,,2.15324
,,2.15338
,,2.15352
,,2.15366
,,2.15380
,,2.15394
,,2.15408
,,2.15422
,,2.15436
,,2.15450
,,2.15464
,,2.15478
,,2.15493
,,2.15507
,,2.15521
,,2.15536
,,2.15550
,,2.15564
,,2.15578
,,2.15592
,,2.15606
,,2.15620
,,2.15634
,,2.15648
,,2.15662
,,2.15675
,,2.15689
,,2.15703
,,2.15717
,,2.15731
,,2.15745
,,2.15760
,,2.15774
,,2.15788
,,2.15802
,,2.15816
,,2.15830
,,2.15844
,,2.15858
,,2.15872
,,2.15886
,,2.15900
,,2.15914
,,2.15928
,,2.15942
,,2.15955
,,2.15969
,,2.15983
,,2.15996
,,2.16010
,,2.16024
,,2.16037
,,2.16051
,,2.16065
,,2.16079
,,2.16092
,,2.16106
,,2.16120
,,2.16134
,,2.16148
,,2.16161
,,2.16175
,,2.16189
,,2.16203
,,2.16218
,,2.16232
,,2.16246
,,2.16260
,,2.16274
,,2.16288
,,2.16302
,,2.16316
,,2.16330
,,2.16344
,,2.16358
,,2.16372
,,2.16386
,,2.16400
,,2.16414
,,2.16428
,,2.16442
,,2.16456
,,2.16470
,,2.16484
,,2.16498
,,2.16513
,,2.16527
,,2.16541
,,2.16555
,,2.16570
,,2.16584
,,2.16598
,,2.16612
,,2.16626
,,2.16640
,,2.16654
,,2.16668
,,2.16681
,,2.16695
,,2.16709
,,2.16723
,,2.16737
,,2.16750
,,2.16764
,,2.16778
,,2.16792
,,2.16806
,,2.16820
,,2.16834
,,2.16847
,,2.16862
,,2.16875
,,2.16889
,,2.16903
,,2.16917
,,2.16931
,,2.16946
,,2.16960
,,2.16973
,,2.16987
,,2.17001
,,2.17015
,,2.17029
,,2.17043
,,2.17057
,,2.17070
,,2.17084
,,2.17098
,,2.17111
,,2.17125
,,2.17139
,,2.17153
,,2.17167
,,2.17181
,,2.17195
,,2.17209
,,2.17223
,,2.17237
,,2.17251
,,2.17265
,,2.17279
,,2.17293
,,2.17308
,,2.17322
,,2.17336
,,2.17350
,,2.17364
,,2.17378
,,2.17392
,,2.17406
,,2.17420
,,2.17434
,,2.17448
,,2.17463
,,2.17477
,,2.17491
,,2.17505
,,2.17519
,,2.17533
,,2.17547
,,2.17561
,,2.17575
,,2.17590
,,2.17604
,,2.17618
,,2.17632
,,2.17646
,,2.17660
,,2.17674
,,2.17688
,,2.17702
,,2.17716
,,2.17729
,,2.17743
,,2.17757
,,2.17771
,,2.17785
,,2.17798
,,2.17812
,,2.17826
,,2.17840
,,2.17854
,,2.17868
,,2.17881
,,2.17895
,,2.17910
,,2.17923
,,2.17937
,,2.17951
,,2.17965
,,2.17979
,,2.17993
,,2.18007
,,2.18021
,,2.18035
,,2.18049
,,2.18063
,,2.18077
,,2.18091
,,2.18104
,,2.18118
,,2.18132
,,2.18145
,,2.18159
,,2.18173
,,2.18187
,,2.18201
,,2.18215
,,2.18229
,,2.18242
,,2.18256
,,2.18271
,,2.18285
,,2.18299
,,2.18313
,,2.18328
,,2.18342
,,2.18356
,,2.18370
,,2.18385
,,2.18399
,,2.18413
,,2.18427
,,2.18441
,,2.18455
,,2.18469
,,2.18483
,,2.18497
,,2.18510
,,2.18524
,,2.18538
,,2.18553
,,2.18567
,,2.18581
,,2.18595
,,2.18609
,,2.18623
,,2.18637
,,2.18651
,,2.18665
,,2.18679
,,2.18693
,,2.18707
,,2.18721
,,2.18735
,,2.18749
,,2.18762
,,2.18776
,,2.18790
,,2.18803
,,2.18817
,,2.18831
,,2.18844
,,2.18858
,,2.18871
,,2.18885
,,2.18899
,,2.18913
,,2.18926
,,2.18940
,,2.18954
,,2.18968
,,2.18982
,,2.18996
,,2.19010
,,2.19024
,,2.19038
,,2.19052
,,2.19066
,,2.19080
,,2.19094
,,2.19108
,,2.19122
,,2.19136
,,2.19149
,,2.19163
,,2.19177
,,2.19191
,,2.19204
,,2.19218
,,2.19232
,,2.19246
,,2.19260
,,2.19274
,,2.19288
,,2.19302
,,2.19316
,,2.19330
,,2.19344
,,2.19359
,,2.19373
,,2.19387
,,2.19401
,,2.19415
,,2.19429
,,2.19443
,,2.19458
,,2.19471
,,2.19485
,,2.19499
,,2.19513
,,2.19527
,,2.19541
,,2.19555
,,2.19569
,,2.19583
,,2.19597
,,2.19611
,,2.19625
,,2.19639
,,2.19653
,,2.19667
,,2.19681
,,2.19695
,,2.19709
,,2.19723
,,2.19737
,,2.19751
,,2.19765
,,2.19779
,,2.19793
,,2.19807
,,2.19821
,,2.19834
,,2.19848
,,2.19862
,,2.19875
,,2.19889
,,2.19903
,,2.19916
,,2.19930
,,2.19944
,,2.19957
,,2.19971
,,2.19985
,,2.19999
,,2.20013
,,2.20027
,,2.20041
,,2.20055
,,2.20069
,,2.20083
,,2.20097
,,2.20112
,,2.20126
,,2.20140
,,2.20154
,,2.20168
,,2.20182
,,2.20196
,,2.20210
,,2.20223
,,2.20237
,,2.20251
,,2.20265
,,2.20279
,,2.20293
,,2.20307
,,2.20321
,,2.20335
,,2.20349
,,2.20363
,,2.20377
,,2.20391
,,2.20406
,,2.20420
,,2.20434
,,2.20448
,,2.20462
,,2.20477
,,2.20491
,,2.20505
,,2.20518
,,2.20532
,,2.20546
,,2.20560
,,2.20573
,,2.20587
,,2.20601
,,2.20614
,,2.20628
,,2.20642
,,2.20656
,,2.20670
,,2.20684
,,2.20698
,,2.20712
,,2.20725
,,2.20739
,,2.20753
,,2.20767
,,2.20781
,,2.20795
,,2.20809
,,2.20823
,,2.20837
,,2.20850
,,2.20864
,,2.20878
,,2.20891
,,2.20905
,,2.20918
,,2.20932
,,2.20946
,,2.20959
,,2.20973
,,2.20986
,,2.21000
,,2.21014
,,2.21027
,,2.21041
,,2.21055
,,2.21069
,,2.21083
,,2.21097
,,2.21111
,,2.21125
,,2.21139
,,2.21153
,,2.21167
,,2.21181
,,2.21196
,,2.21210
,,2.21224
,,2.21237
,,2.21251
,,2.21265
,,2.21279
,,2.21293
,,2.21306
,,2.21320
,,2.21334
,,2.21348
,,2.21362
,,2.21376
,,2.21390
,,2.21404
,,2.21418
,,2.21432
,,2.21446
,,2.21460
,,2.21474
,,2.21488
,,2.21502
,,2.21516
,,2.21530
,,2.21544
,,2.21557
,,2.21571
,,2.21585
,,2.21599
,,2.21612
,,2.21626
,,2.21639
,,2.21653
,,2.21667
,,2.21681
,,2.21695
,,2.21708
,,2.21722
,,2.21736
,,2.21750
,,2.21764
,,2.21778
,,2.21792
,,2.21806
,,2.21819
,,2.21833
,,2.21847
,,2.21861
,,2.21875
,,2.21889
,,2.21903
,,2.21917
,,2.21930
,,2.21944
,,2.21957
,,2.21971
,,2.21984
,,2.21998
,,2.22012
,,2.22026
,,2.22039
,,2.22053
,,2.22067
,,2.22081
,,2.22095
,,2.22109
,,2.22123
,,2.22137
,,2.22151
,,2.22165
,,2.22179
,,2.22193
,,2.22207
,,2.22221
,,2.22235
,,2.22249
,,2.22263
,,2.22277
,,2.22291
,,2.22305
,,2.22319
,,2.22333
,,2.22346
,,2.22360
,,2.22374
,,2.22388
,,2.22402
,,2.22416
,,2.22431
,,2.22445
,,2.22459
,,2.22472
,,2.22487
,,2.22501
,,2.22515
,,2.22529
,,2.22543
,,2.22557
,,2.22570
,,2.22584
,,2.22598
,,2.22612
,,2.22625
,,2.22639
,,2.22652
,,2.22666
,,2.22679
,,2.22693
,,2.22707
,,2.22720
,,2.22734
,,2.22748
,,2.22762
,,2.22776
,,2.22789
,,2.22803
,,2.22817
,,2.22830
,,2.22844
,,2.22858
,,2.22872
,,2.22886
,,2.22900
,,2.22914
,,2.22928
,,2.22941
,,2.22955
,,2.22969
,,2.22983
,,2.22997
,,2.23010
,,2.23024
,,2.23038
,,2.23052
,,2.23065
,,2.23079
,,2.23093
,,2.23107
,,2.23121
,,2.23135
,,2.23149
,,2.23163
,,2.23177
,,2.23191
,,2.23205
,,2.23220
,,2.23234
,,2.23248
,,2.23262
,,2.23276
,,2.23290
,,2.23304
,,2.23318
,,2.23331
,,2.23345
,,2.23359
,,2.23373
,,2.23386
,,2.23400
,,2.23414
,,2.23428
,,2.23442
,,2.23456
,,2.23470
,,2.23484
,,2.23498
,,2.23511
,,2.23525
,,2.23539
,,2.23553
,,2.23567
,,2.23581
,,2.23595
,,2.23609
,,2.23622
,,2.23636
,,2.23650
,,2.23663
,,2.23677
,,2.23690
,,2.23703
,,2.23717
,,2.23730
,,2.23744
,,2.23757
,,2.23771
,,2.23785
,,2.23798
,,2.23812
,,2.23826
,,2.23839
,,2.23853
,,2.23867
,,2.23881
,,2.23895
,,2.23908
,,2.23922
,,2.23936
,,2.23950
,,2.23964
,,2.23978
,,2.23992
,,2.24006
,,2.24020
,,2.24033
,,2.24047
,,2.24061
,,2.24075
,,2.24089
,,2.24102
,,2.24116
,,2.24130
,,2.24144
,,2.24158
,,2.24171
,,2.24185
,,2.24199
,,2.24213
,,2.24227
,,2.24241
,,2.24256
,,2.24270
,,2.24284
,,2.24298
,,2.24312
,,2.24326
,,2.24340
,,2.24354
,,2.24367
,,2.24381
,,2.24395
,,2.24409
,,2.24423
,,2.24436
,,2.24450
,,2.24464
,,2.24478
,,2.24492
,,2.24506
,,2.24519
,,2.24533
,,2.24547
,,2.24561
,,2.24575
,,2.24589
,,2.24603
,,2.24617
,,2.24631
,,2.24645
,,2.24658
,,2.24672
,,2.24685
,,2.24699
,,2.24713
,,2.24726
,,2.24740
,,2.24753
,,2.24767
,,2.24780
,,2.24794
,,2.24808
,,2.24821
,,2.24835
,,2.24849
,,2.24862
,,2.24876
,,2.24890
,,2.24904
,,2.24918
,,2.24932
,,2.24946
,,2.24960
,,2.24975
,,2.24989
,,2.25003
,,2.25017
,,2.25031
,,2.25045
,,2.25059
,,2.25073
,,2.25086
,,2.25100
,,2.25114
,,2.25128
,,2.25142
,,2.25156
,,2.25170
,,2.25184
,,2.25197
,,2.25212
,,2.25225
,,2.25239
,,2.25254
,,2.25268
,,2.25282
,,2.25296
,,2.25310
,,2.25324
,,2.25338
,,2.25352
,,2.25366
,,2.25380
,,2.25393
,,2.25407
,,2.25421
,,2.25434
,,2.25448
,,2.25462
,,2.25475
,,2.25489
,,2.25503
,,2.25517
,,2.25531
,,2.25544
,,2.25558
,,2.25572
,,2.25586
,,2.25600
,,2.25614
,,2.25628
,,2.25642
,,2.25656
,,2.25669
,,2.25683
,,2.25697
,,2.25711
,,2.25725
,,2.25739
,,2.25753
,,2.25766
,,2.25780
,,2.25793
,,2.25807
,,2.25821
,,2.25834
,,2.25848
,,2.25862
,,2.25875
,,2.25889
,,2.25903
,,2.25917
,,2.25931
,,2.25944
,,2.25958
,,2.25972
,,2.25986
,,2.26001
,,2.26015
,,2.26029
,,2.26043
,,2.26057
,,2.26071
,,2.26085
,,2.26099
,,2.26113
,,2.26127
,,2.26141
,,2.26154
,,2.26168
,,2.26182
,,2.26196
,,2.26210
,,2.26224
,,2.26238
,,2.26252
,,2.26266
,,2.26280
,,2.26294
,,2.26308
,,2.26322
,,2.26337
,,2.26351
,,2.26365
,,2.26379
,,2.26393
,,2.26407
,,2.26421
,,2.26435
,,2.26448
,,2.26462
,,2.26476
,,2.26489
,,2.26503
,,2.26517
,,2.26530
,,2.26544
,,2.26557
,,2.26571
,,2.26585
,,2.26598
,,2.26612
,,2.26626
,,2.26640
,,2.26653
,,2.26667
,,2.26681
,,2.26695
,,2.26709
,,2.26723
,,2.26737
,,2.26751
,,2.26764
,,2.26778
,,2.26792
,,2.26806
,,2.26819
,,2.26833
,,2.26847
,,2.26861
,,2.26874
,,2.26888
,,2.26902
,,2.26916
,,2.26930
,,2.26944
,,2.26957
,,2.26971
,,2.26986
,,2.27000
,,2.27014
,,2.27028
,,2.27042
,,2.27056
,,2.27071
,,2.27085
,,2.27099
,,2.27113
,,2.27127
,,2.27140
,,2.27154
,,2.27168
,,2.27182
,,2.27196
,,2.27210
,,2.27224
,,2.27238
,,2.27252
,,2.27265
,,2.27279
,,2.27294
,,2.27307
,,2.27322
,,2.27335
,,2.27349
,,2.27363
,,2.27377
,,2.27392
,,2.27406
,,2.27420
,,2.27433
,,2.27447
,,2.27461
,,2.27475
,,2.27488
,,2.27502
,,2.27516
,,2.27529
,,2.27543
,,2.27556
,,2.27570
,,2.27583
,,2.27597
,,2.27611
,,2.27624
,,2.27638
,,2.27652
,,2.27666
,,2.27679
,,2.27693
,,2.27707
,,2.27721
,,2.27735
,,2.27749
,,2.27764
,,2.27778
,,2.27792
,,2.27805
,,2.27819
,,2.27833
,,2.27847
,,2.27861
,,2.27875
,,2.27888
,,2.27902
,,2.27916
,,2.27929
,,2.27943
,,2.27957
,,2.27971
,,2.27985
,,2.27999
,,2.28013
,,2.28027
,,2.28041
,,2.28055
,,2.28069
,,2.28083
,,2.28098
,,2.28112
,,2.28126
,,2.28140
,,2.28154
,,2.28168
,,2.28181
,,2.28195
,,2.28209
,,2.28223
,,2.28236
,,2.28250
,,2.28264
,,2.28278
,,2.28292
,,2.28306
,,2.28319
,,2.28333
,,2.28347
,,2.28361
,,2.28375
,,2.28388
,,2.28402
,,2.28416
,,2.28430
,,2.28444
,,2.28458
,,2.28472
,,2.28486
,,2.28499
,,2.28513
,,2.28527
,,2.28540
,,2.28554
,,2.28567
,,2.28581
,,2.28594
,,2.28608
,,2.28621
,,2.28635
,,2.28649
,,2.28662
,,2.28676
,,2.28690
,,2.28703
,,2.28717
,,2.28731
,,2.28745
,,2.28759
,,2.28773
,,2.28787
,,2.28801
,,2.28815
,,2.28829
,,2.28843
,,2.28857
,,2.28871
,,2.28885
,,2.28899
,,2.28912
,,2.28926
,,2.28940
,,2.28954
,,2.28968
,,2.28982
,,2.28995
,,2.29009
,,2.29023
,,2.29037
,,2.29051
,,2.29065
,,2.29079
,,2.29093
,,2.29107
,,2.29121
,,2.29135
,,2.29150
,,2.29164
,,2.29177
,,2.29191
,,2.29205
,,2.29219
,,2.29233
,,2.29246
,,2.29260
,,2.29274
,,2.29287
,,2.29301
,,2.29315
,,2.29329
,,2.29342
,,2.29356
,,2.29370
,,2.29384
,,2.29398
,,2.29412
,,2.29425
,,2.29439
,,2.29453
,,2.29467
,,2.29481
,,2.29495
,,2.29509
,,2.29523
,,2.29537
,,2.29551
,,2.29564
,,2.29578
,,2.29591
,,2.29605
,,2.29618
,,2.29632
,,2.29645
,,2.29659
,,2.29673
,,2.29686
,,2.29700
,,2.29714
,,2.29727
,,2.29741
,,2.29755
,,2.29769
,,2.29783
,,2.29797
,,2.29811
,,2.29825
,,2.29839
,,2.29853
,,2.29867
,,2.29882
,,2.29895
,,2.29909
,,2.29923
,,2.29937
,,2.29951
,,2.29965
,,2.29978
,,2.29992
,,2.30006
,,2.30019
,,2.30033
,,2.30047
,,2.30061
,,2.30075
,,2.30089
,,2.30103
,,2.30117
,,2.30131
,,2.30145
,,2.30159
,,2.30173
,,2.30187
,,2.30201
,,2.30215
,,2.30229
,,2.30243
,,2.30256
,,2.30270
,,2.30284
,,2.30297
,,2.30311
,,2.30324
,,2.30338
,,2.30352
,,2.30365
,,2.30379
,,2.30393
,,2.30406
,,2.30420
,,2.30434
,,2.30448
,,2.30461
,,2.30475
,,2.30489
,,2.30503
,,2.30517
,,2.30531
,,2.30545
,,2.30559
,,2.30573
,,2.30587
,,2.30601
,,2.30614
,,2.30628
,,2.30642
,,2.30655
,,2.30669
,,2.30683
,,2.30697
,,2.30711
,,2.30724
,,2.30738
,,2.30752
,,2.30766
,,2.30780
,,2.30794
,,2.30808
,,2.30821
,,2.30835
,,2.30850
,,2.30864
,,2.30878
,,2.30892
,,2.30906
,,2.30920
,,2.30934
,,2.30948
,,2.30962
,,2.30976
,,2.30990
,,2.31004
,,2.31017
,,2.31031
,,2.31045
,,2.31059
,,2.31072
,,2.31086
,,2.31100
,,2.31114
,,2.31128
,,2.31142
,,2.31156
,,2.31169
,,2.31184
,,2.31197
,,2.31211
,,2.31225
,,2.31239
,,2.31253
,,2.31267
,,2.31280
,,2.31294
,,2.31308
,,2.31321
,,2.31334
,,2.31348
,,2.31361
,,2.31375
,,2.31388
,,2.31402
,,2.31416
,,2.31429
,,2.31443
,,2.31457
,,2.31470
,,2.31484
,,2.31498
,,2.31511
,,2.31525
,,2.31539
,,2.31553
,,2.31567
,,2.31581
,,2.31595
,,2.31609
,,2.31623
,,2.31637
,,2.31651
,,2.31665
,,2.31679
,,2.31693
,,2.31706
,,2.31720
,,2.31734
,,2.31748
,,2.31762
,,2.31775
,,2.31789
,,2.31803
,,2.31817
,,2.31831
,,2.31845
,,2.31859
,,2.31874
,,2.31888
,,2.31902
,,2.31916
,,2.31930
,,2.31944
,,2.31958
,,2.31972
,,2.31986
,,2.32000
,,2.32014
,,2.32027
,,2.32041
,,2.32055
,,2.32068
,,2.32082
,,2.32096
,,2.32110
,,2.32123
,,2.32137
,,2.32151
,,2.32165
,,2.32179
,,2.32193
,,2.32207
,,2.32220
,,2.32234
,,2.32248
,,2.32262
,,2.32276
,,2.32290
,,2.32304
,,2.32318
,,2.32332
,,2.32346
,,2.32359
,,2.32373
,,2.32386
,,2.32400
,,2.32413
,,2.32427
,,2.32441
,,2.32454
,,2.32468
,,2.32481
,,2.32495
,,2.32509
,,2.32523
,,2.32536
,,2.32550
,,2.32564
,,2.32578
,,2.32592
,,2.32606
,,2.32620
,,2.32634
,,2.32648
,,2.32662
,,2.32676
,,2.32690
,,2.32704
,,2.32718
,,2.32732
,,2.32746
,,2.32760
,,2.32774
,,2.32788
,,2.32802
,,2.32815
,,2.32829
,,2.32843
,,2.32857
,,2.32871
,,2.32885
,,2.32899
,,2.32913
,,2.32927
,,2.32941
,,2.32955
,,2.32969
,,2.32983
,,2.32997
,,2.33011
,,2.33025
,,2.33038
,,2.33052
,,2.33066
,,2.33079
,,2.33093
,,2.33107
,,2.33120
,,2.33134
,,2.33148
,,2.33162
,,2.33176
,,2.33189
,,2.33203
,,2.33217
,,2.33231
,,2.33245
,,2.33258
,,2.33272
,,2.33286
,,2.33300
,,2.33314
,,2.33328
,,2.33342
,,2.33356
,,2.33369
,,2.33383
,,2.33397
,,2.33411
,,2.33424
,,2.33438
,,2.33452
,,2.33465
,,2.33479
,,2.33493
,,2.33506
,,2.33520
,,2.33534
,,2.33548
,,2.33562
,,2.33576
,,2.33590
,,2.33604
,,2.33618
,,2.33632
,,2.33646
,,2.33660
,,2.33674
,,2.33688
,,2.33702
,,2.33716
,,2.33730
,,2.33744
,,2.33758
,,2.33772
,,2.33785
,,2.33799
,,2.33813
,,2.33826
,,2.33840
,,2.33854
,,2.33868
,,2.33882
,,2.33896
,,2.33910
,,2.33923
,,2.33937
,,2.33951
,,2.33965
,,2.33979
,,2.33993
,,2.34007
,,2.34021
,,2.34035
,,2.34048
,,2.34062
,,2.34076
,,2.34090
,,2.34103
,,2.34117
,,2.34130
,,2.34144
,,2.34157
,,2.34171
,,2.34184
,,2.34198
,,2.34212
,,2.34225
,,2.34239
,,2.34253
,,2.34266
,,2.34280
,,2.34294
,,2.34308
,,2.34322
,,2.34336
,,2.34350
,,2.34364
,,2.34378
,,2.34392
,,2.34406
,,2.34420
,,2.34433
,,2.34447
,,2.34461
,,2.34475
,,2.34489
,,2.34502
,,2.34516
,,2.34530
,,2.34544
,,2.34557
,,2.34571
,,2.34585
,,2.34599
,,2.34613
,,2.34627
,,2.34641
,,2.34655
,,2.34669
,,2.34683
,,2.34698
,,2.34712
,,2.34726
,,2.34740
,,2.34754
,,2.34768
,,2.34782
,,2.34796
,,2.34810
,,2.34824
,,2.34838
,,2.34852
,,2.34865
,,2.34879
,,2.34893
,,2.34907
,,2.34921
,,2.34935
,,2.34949
,,2.34963
,,2.34977
,,2.34991
,,2.35005
,,2.35019
,,2.35033
,,2.35047
,,2.35061
,,2.35075
,,2.35089
,,2.35103
,,2.35117
,,2.35131
,,2.35144
,,2.35158
,,2.35171
,,2.35185
,,2.35198
,,2.35212
,,2.35226
,,2.35239
,,2.35253
,,2.35267
,,2.35280
,,2.35294
,,2.35308
,,2.35322
,,2.35335
,,2.35349
,,2.35363
,,2.35377
,,2.35391
,,2.35405
,,2.35419
,,2.35434
,,2.35448
,,2.35461
,,2.35475
,,2.35489
,,2.35503
,,2.35517
,,2.35531
,,2.35545
,,2.35559
,,2.35573
,,2.35587
,,2.35601
,,2.35614
,,2.35629
,,2.35642
,,2.35656
,,2.35670
,,2.35684
,,2.35698
,,2.35712
,,2.35726
,,2.35740
,,2.35754
,,2.35769
,,2.35783
,,2.35797
,,2.35811
,,2.35825
,,2.35839
,,2.35852
,,2.35866
,,2.35880
,,2.35893
,,2.35907
,,2.35921
,,2.35934
,,2.35948
,,2.35962
,,2.35976
,,2.35990
,,2.36004
,,2.36017
,,2.36031
,,2.36045
,,2.36059
,,2.36073
,,2.36087
,,2.36101
,,2.36115
,,2.36129
,,2.36143
,,2.36157
,,2.36171
,,2.36184
,,2.36198
,,2.36212
,,2.36225
,,2.36239
,,2.36252
,,2.36266
,,2.36280
,,2.36293
,,2.36307
,,2.36321
,,2.36335
,,2.36348
,,2.36362
,,2.36376
,,2.36390
,,2.36404
,,2.36418
,,2.36432
,,2.36446
,,2.36461
,,2.36475
,,2.36489
,,2.36503
,,2.36518
,,2.36532
,,2.36546
,,2.36560
,,2.36574
,,2.36588
,,2.36601
,,2.36615
,,2.36629
,,2.36643
,,2.36657
,,2.36671
,,2.36685
,,2.36699
,,2.36713
,,2.36727
,,2.36741
,,2.36755
,,2.36769
,,2.36783
,,2.36798
,,2.36812
,,2.36826
,,2.36840
,,2.36854
,,2.36868
,,2.36882
,,2.36895
,,2.36909
,,2.36923
,,2.36937
,,2.36951
,,2.36964
,,2.36978
,,2.36992
,,2.37006
,,2.37020
,,2.37034
,,2.37047
,,2.37061
,,2.37075
,,2.37089
,,2.37103
,,2.37117
,,2.37131
,,2.37145
,,2.37159
,,2.37173
,,2.37187
,,2.37201
,,2.37215
,,2.37229
,,2.37243
,,2.37256
,,2.37270
,,2.37283
,,2.37296
,,2.37309
,,2.37322
,,2.37335
,,2.37348
,,2.37360
,,2.37373
,,2.37384
,,2.37396
,,2.37408
,,2.37419
,,2.37430
,,2.37441
,,2.37452
,,2.37463
,,2.37473
,,2.37483
,,2.37494
,,2.37504
,,2.37513
,,2.37523
,,2.37533
,,2.37543
,,2.37552
,,2.37562
,,2.37571
,,2.37581
,,2.37591
,,2.37600
,,2.37610
,,2.37620
,,2.37629
,,2.37639
,,2.37648
,,2.37657
,,2.37667
,,2.37676
,,2.37685
,,2.37694
,,2.37703
,,2.37711
,,2.37720
,,2.37728
,,2.37736
,,2.37744
,,2.37751
,,2.37758
,,2.37765
,,2.37772
,,2.37779
,,2.37785
,,2.37791
,,2.37797
,,2.37803
,,2.37809
,,2.37815
,,2.37820
,,2.37826
,,2.37831
,,2.37837
,,2.37842
,,2.37847
,,2.37852
,,2.37857
,,2.37862
,,2.37867
,,2.37872
,,2.37876
,,2.37881
,,2.37885
,,2.37890
,,2.37894
,,2.37898
,,2.37902
,,2.37906
,,2.37910
,,2.37914
,,2.37917
,,2.37921
,,2.37924
,,2.37928
,,2.37931
,,2.37934
,,2.37937
,,2.37940
,,2.37943
,,2.37946
,,2.37948
,,2.37951
,,2.37953
,,2.37955
,,2.37956
,,2.37958
,,2.37960
,,2.37961
,,2.37962
,,2.37964
,,2.37965
,,2.37966
,,2.37968
,,2.37969
,,2.37970
,,2.37971
,,2.37972
,,2.37973
,,2.37974
,,2.37975
,,2.37975
,,2.37976
,,2.37976
,,2.37977
,,2.37977
,,2.37977
,,2.37976
,,2.37976
,,2.37975
,,2.37974
,,2.37973
,,2.37972
,,2.37971
,,2.37969
,,2.37967
,,2.37965
,,2.37963
,,2.37961
,,2.37959
,,2.37956
,,2.37954
,,2.37952
,,2.37949
,,2.37947
,,2.37944
,,2.37941
,,2.37939
,,2.37936
,,2.37933
,,2.37930
,,2.37927
,,2.37924
,,2.37920
,,2.37917
,,2.37913
,,2.37910
,,2.37906
,,2.37902
,,2.37898
,,2.37894
,,2.37889
,,2.37885
,,2.37880
,,2.37876
,,2.37871
,,2.37866
,,2.37861
,,2.37857
,,2.37852
,,2.37847
,,2.37841
,,2.37836
,,2.37831
,,2.37825
,,2.37820
,,2.37814
,,2.37808
,,2.37802
,,2.37795
,,2.37789
,,2.37782
,,2.37776
,,2.37768
,,2.37761
,,2.37754
,,2.37747
,,2.37739
,,2.37732
,,2.37724
,,2.37717
,,2.37709
,,2.37701
,,2.37693
,,2.37685
,,2.37677
,,2.37669
,,2.37661
,,2.37653
,,2.37644
,,2.37636
,,2.37627
,,2.37618
,,2.37609
,,2.37600
,,2.37591
,,2.37581
,,2.37571
,,2.37561
,,2.37551
,,2.37541
,,2.37530
,,2.37520
,,2.37509
,,2.37499
,,2.37488
,,2.37477
,,2.37467
,,2.37456
,,2.37445
,,2.37434
,,2.37423
,,2.37412
,,2.37401
,,2.37390
,,2.37379
,,2.37367
,,2.37355
,,2.37344
,,2.37332
,,2.37320
,,2.37307
,,2.37295
,,2.37283
,,2.37270
,,2.37257
,,2.37244
,,2.37231
,,2.37218
,,2.37205
,,2.37192
,,2.37179
,,2.37165
,,2.37152
,,2.37138
,,2.37125
,,2.37111
,,2.37097
,,2.37083
,,2.37069
,,2.37055
,,2.37041
,,2.37026
,,2.37012
,,2.36997
,,2.36982
,,2.36967
,,2.36951
,,2.36936
,,2.36920
,,2.36904
,,2.36888
,,2.36872
,,2.36856
,,2.36840
,,2.36824
,,2.36808
,,2.36791
,,2.36775
,,2.36759
,,2.36743
,,2.36727
,,2.36712
,,2.36696
,,2.36680
,,2.36664
,,2.36649
,,2.36633
,,2.36618
,,2.36603
,,2.36588
,,2.36573
,,2.36558
,,2.36543
,,2.36528
,,2.36514
,,2.36499
,,2.36484
,,2.36470
,,2.36455
,,2.36441
,,2.36426
,,2.36412
,,2.36397
,,2.36382
,,2.36367
,,2.36352
,,2.36337
,,2.36321
,,2.36306
,,2.36291
,,2.36276
,,2.36261
,,2.36245
,,2.36230
,,2.36214
,,2.36198
,,2.36182
,,2.36166
,,2.36150
,,2.36134
,,2.36118
,,2.36102
,,2.36086
,,2.36071
,,2.36056
,,2.36041
,,2.36025
,,2.36011
,,2.35996
,,2.35981
,,2.35966
,,2.35951
,,2.35937
,,2.35922
,,2.35908
,,2.35893
,,2.35879
,,2.35864
,,2.35849
,,2.35834
,,2.35820
,,2.35805
,,2.35790
,,2.35775
,,2.35760
,,2.35745
,,2.35730
,,2.35715
,,2.35700
,,2.35685
,,2.35670
,,2.35655
,,2.35640
,,2.35625
,,2.35610
,,2.35595
,,2.35580
,,2.35565
,,2.35550
,,2.35535
,,2.35520
,,2.35505
,,2.35490
,,2.35475
,,2.35460
,,2.35445
,,2.35431
,,2.35416
,,2.35401
,,2.35386
,,2.35371
,,2.35356
,,2.35342
,,2.35327
,,2.35312
,,2.35298
,,2.35283
,,2.35268
,,2.35253
,,2.35238
,,2.35223
,,2.35208
,,2.35193
,,2.35177
,,2.35162
,,2.35147
,,2.35132
,,2.35117
,,2.35102
,,2.35086
,,2.35071
,,2.35056
,,2.35040
,,2.35025
,,2.35010
,,2.34995
,,2.34980
,,2.34965
,,2.34951
,,2.34936
,,2.34921
,,2.34907
,,2.34892
,,2.34877
,,2.34863
,,2.34848
,,2.34833
,,2.34819
,,2.34804
,,2.34789
,,2.34774
,,2.34759
,,2.34744
,,2.34730
,,2.34715
,,2.34700
,,2.34685
,,2.34670
,,2.34655
,,2.34640
,,2.34625
,,2.34610
,,2.34595
,,2.34580
,,2.34565
,,2.34550
,,2.34536
,,2.34521
,,2.34506
,,2.34491
,,2.34477
,,2.34462
,,2.34447
,,2.34432
,,2.34417
,,2.34402
,,2.34387
,,2.34372
,,2.34357
,,2.34343
,,2.34328
,,2.34313
,,2.34298
,,2.34283
,,2.34268
,,2.34253
,,2.34238
,,2.34223
,,2.34208
,,2.34193
,,2.34179
,,2.34164
,,2.34149
,,2.34134
,,2.34120
,,2.34105
,,2.34090
,,2.34075
,,2.34060
,,2.34045
,,2.34030
,,2.34015
,,2.34000
,,2.33985
,,2.33970
,,2.33955
,,2.33940
,,2.33925
,,2.33909
,,2.33894
,,2.33879
,,2.33865
,,2.33849
,,2.33835
,,2.33820
,,2.33805
,,2.33790
,,2.33776
,,2.33761
,,2.33746
,,2.33731
,,2.33716
,,2.33701
,,2.33687
,,2.33672
,,2.33657
,,2.33642
,,2.33627
,,2.33612
,,2.33597
,,2.33582
,,2.33567
,,2.33552
,,2.33537
,,2.33522
,,2.33507
,,2.33492
,,2.33477
,,2.33462
,,2.33447
,,2.33433
,,2.33418
,,2.33403
,,2.33388
,,2.33374
,,2.33359
,,2.33344
,,2.33329
,,2.33314
,,2.33299
,,2.33284
,,2.33269
,,2.33254
,,2.33239
,,2.33224
,,2.33209
,,2.33194
,,2.33179
,,2.33164
,,2.33149
,,2.33134
,,2.33119
,,2.33104
,,2.33089
,,2.33074
,,2.33059
,,2.33045
,,2.33030
,,2.33015
,,2.33000
,,2.32986
,,2.32971
,,2.32956
,,2.32941
,,2.32926
,,2.32911
,,2.32896
,,2.32881
,,2.32866
,,2.32851
,,2.32836
,,2.32821
,,2.32806
,,2.32791
,,2.32776
,,2.32761
,,2.32746
,,2.32731
,,2.32716
,,2.32701
,,2.32686
,,2.32672
,,2.32657
,,2.32642
,,2.32627
,,2.32612
,,2.32597
,,2.32582
,,2.32567
,,2.32553
,,2.32537
,,2.32523
,,2.32508
,,2.32493
,,2.32478
,,2.32463
,,2.32447
,,2.32432
,,2.32417
,,2.32402
,,2.32387
,,2.32372
,,2.32357
,,2.32342
,,2.32327
,,2.32312
,,2.32298
,,2.32283
,,2.32268
,,2.32254
,,2.32239
,,2.32224
,,2.32209
,,2.32194
,,2.32179
,,2.32164
,,2.32149
,,2.32134
,,2.32119
,,2.32104
,,2.32089
,,2.32074
,,2.32059
,,2.32043
,,2.32028
,,2.32013
,,2.31998
,,2.31983
,,2.31968
,,2.31954
,,2.31939
,,2.31924
,,2.31909
,,2.31894
,,2.31879
,,2.31864
,,2.31850
,,2.31835
,,2.31820
,,2.31805
,,2.31790
,,2.31775
,,2.31760
,,2.31745
,,2.31730
,,2.31715
,,2.31700
,,2.31685
,,2.31670
,,2.31655
,,2.31640
,,2.31625
,,2.31610
,,2.31595
,,2.31580
,,2.31566
,,2.31551
,,2.31537
,,2.31522
,,2.31507
,,2.31492
,,2.31477
,,2.31463
,,2.31448
,,2.31433
,,2.31418
,,2.31403
,,2.31388
,,2.31373
,,2.31358
,,2.31343
,,2.31328
,,2.31313
,,2.31298
,,2.31283
,,2.31268
,,2.31253
,,2.31238
,,2.31223
,,2.31208
,,2.31194
,,2.31179
,,2.31164
,,2.31149
,,2.31135
,,2.31120
,,2.31105
,,2.31090
,,2.31075
,,2.31060
,,2.31046
,,2.31031
,,2.31016
,,2.31001
,,2.30986
,,2.30971
,,2.30956
,,2.30941
,,2.30926
,,2.30911
,,2.30896
,,2.30881
,,2.30866
,,2.30851
,,2.30836
,,2.30821
,,2.30807
,,2.30792
,,2.30777
,,2.30762
,,2.30748
,,2.30733
,,2.30718
,,2.30703
,,2.30688
,,2.30673
,,2.30658
,,2.30644
,,2.30629
,,2.30614
,,2.30599
,,2.30584
,,2.30569
,,2.30554
,,2.30539
,,2.30524
,,2.30509
,,2.30495
,,2.30480
,,2.30465
,,2.30451
,,2.30436
,,2.30421
,,2.30407
,,2.30392
,,2.30377
,,2.30363
,,2.30348
,,2.30333
,,2.30318
,,2.30303
,,2.30288
,,2.30273
,,2.30259
,,2.30244
,,2.30229
,,2.30214
,,2.30199
,,2.30184
,,2.30169
,,2.30154
,,2.30139
,,2.30125
,,2.30110
,,2.30095
,,2.30080
,,2.30066
,,2.30051
,,2.30037
,,2.30022
,,2.30007
,,2.29993
,,2.29978
,,2.29963
,,2.29948
,,2.29934
,,2.29919
,,2.29904
,,2.29889
,,2.29874
,,2.29860
,,2.29845
,,2.29830
,,2.29815
,,2.29800
,,2.29785
,,2.29770
,,2.29755
,,2.29741
,,2.29726
,,2.29711
,,2.29696
,,2.29682
,,2.29667
,,2.29653
,,2.29638
,,2.29624
,,2.29609
,,2.29594
,,2.29579
,,2.29565
,,2.29550
,,2.29535
,,2.29520
,,2.29505
,,2.29491
,,2.29476
,,2.29461
,,2.29446
,,2.29431
,,2.29416
,,2.29401
,,2.29386
,,2.29371
,,2.29356
,,2.29342
,,2.29327
,,2.29313
,,2.29298
,,2.29284
,,2.29269
,,2.29254
,,2.29239
,,2.29225
,,2.29210
,,2.29195
,,2.29180
,,2.29166
,,2.29151
,,2.29136
,,2.29121
,,2.29107
,,2.29092
,,2.29077
,,2.29062
,,2.29047
,,2.29032
,,2.29017
,,2.29003
,,2.28988
,,2.28973
,,2.28959
,,2.28944
,,2.28929
,,2.28915
,,2.28900
,,2.28885
,,2.28871
,,2.28856
,,2.28841
,,2.28826
,,2.28811
,,2.28797
,,2.28782
,,2.28767
,,2.28752
,,2.28737
,,2.28722
,,2.28707
,,2.28692
,,2.28677
,,2.28662
,,2.28647
,,2.28633
,,2.28618
,,2.28603
,,2.28589
,,2.28574
,,2.28560
,,2.28545
,,2.28531
,,2.28516
,,2.28501
,,2.28486
,,2.28472
,,2.28457
,,2.28442
,,2.28427
,,2.28412
,,2.28398
,,2.28383
,,2.28368
,,2.28353
,,2.28338
,,2.28323
,,2.28308
,,2.28294
,,2.28279
,,2.28264
,,2.28249
,,2.28235
,,2.28220
,,2.28205
,,2.28191
,,2.28176
,,2.28161
,,2.28147
,,2.28132
,,2.28117
,,2.28102
,,2.28087
,,2.28073
,,2.28058
,,2.28043
,,2.28029
,,2.28014
,,2.27999
,,2.27984
,,2.27969
,,2.27954
,,2.27939
,,2.27924
,,2.27910
,,2.27895
,,2.27880
,,2.27865
,,2.27851
,,2.27836
,,2.27822
,,2.27807
,,2.27792
,,2.27777
,,2.27762
,,2.27748
,,2.27733
,,2.27718
,,2.27703
,,2.27688
,,2.27673
,,2.27659
,,2.27644
,,2.27629
,,2.27614
,,2.27599
,,2.27584
,,2.27569
,,2.27554
,,2.27540
,,2.27525
,,2.27510
,,2.27495
,,2.27481
,,2.27466
,,2.27451
,,2.27437
,,2.27422
,,2.27408
,,2.27393
,,2.27378
,,2.27363
,,2.27349
,,2.27334
,,2.27319
,,2.27304
,,2.27289
,,2.27274
,,2.27260
,,2.27245
,,2.27230
,,2.27215
,,2.27200
,,2.27185
,,2.27170
,,2.27155
,,2.27141
,,2.27126
,,2.27111
,,2.27097
,,2.27082
,,2.27067
,,2.27053
,,2.27038
,,2.27023
,,2.27008
,,2.26993
,,2.26978
,,2.26963
,,2.26949
,,2.26934
,,2.26919
,,2.26904
,,2.26889
,,2.26874
,,2.26859
,,2.26844
,,2.26829
,,2.26814
,,2.26800
,,2.26785
,,2.26770
,,2.26755
,,2.26741
,,2.26726
,,2.26711
,,2.26697
,,2.26682
,,2.26668
,,2.26653
,,2.26638
,,2.26624
,,2.26609
,,2.26594
,,2.26579
,,2.26564
,,2.26550
,,2.26535
,,2.26520
,,2.26505
,,2.26490
,,2.26475
,,2.26460
,,2.26445
,,2.26430
,,2.26415
,,2.26400
,,2.26386
,,2.26371
,,2.26356
,,2.26342
,,2.26327
,,2.26312
,,2.26298
,,2.26283
,,2.26268
,,2.26253
,,2.26238
,,2.26224
,,2.26209
,,2.26194
,,2.26179
,,2.26164
,,2.26149
,,2.26134
,,2.26119
,,2.26105
,,2.26090
,,2.26074
,,2.26060
,,2.26045
,,2.26030
,,2.26015
,,2.26000
,,2.25986
,,2.25971
,,2.25956
,,2.25942
,,2.25927
,,2.25912
,,2.25897
,,2.25882
,,2.25867
,,2.25852
,,2.25838
,,2.25823
,,2.25808
,,2.25793
,,2.25778
,,2.25763
,,2.25748
,,2.25733
,,2.25718
,,2.25703
,,2.25689
,,2.25674
,,2.25659
,,2.25644
,,2.25629
,,2.25615
,,2.25600
,,2.25586
,,2.25571
,,2.25556
,,2.25542
,,2.25527
,,2.25512
,,2.25497
,,2.25482
,,2.25468
,,2.25453
,,2.25438
,,2.25423
,,2.25408
,,2.25393
,,2.25378
,,2.25363
,,2.25348
,,2.25333
,,2.25318
,,2.25303
,,2.25288
,,2.25273
,,2.25259
,,2.25244
,,2.25229
,,2.25214
,,2.25200
,,2.25185
,,2.25170
,,2.25155
,,2.25140
,,2.25125
,,2.25110
,,2.25095
,,2.25080
,,2.25066
,,2.25051
,,2.25036
,,2.25021
,,2.25006
,,2.24991
,,2.24976
,,2.24961
,,2.24946
,,2.24931
,,2.24917
,,2.24902
,,2.24887
,,2.24873
,,2.24858
,,2.24843
,,2.24829
,,2.24814
,,2.24800
,,2.24785
,,2.24770
,,2.24755
,,2.24741
,,2.24726
,,2.24711
,,2.24696
,,2.24681
,,2.24667
,,2.24652
,,2.24637
,,2.24622
,,2.24607
,,2.24592
,,2.24577
,,2.24562
,,2.24547
,,2.24533
,,2.24518
,,2.24503
,,2.24488
,,2.24473
,,2.24459
,,2.24444
,,2.24429
,,2.24414
,,2.24399
,,2.24385
,,2.24370
,,2.24355
,,2.24340
,,2.24325
,,2.24311
,,2.24296
,,2.24281
,,2.24266
,,2.24251
,,2.24236
,,2.24221
,,2.24206
,,2.24192
,,2.24177
,,2.24162
,,2.24147
,,2.24133
,,2.24118
,,2.24103
,,2.24088
,,2.24074
,,2.24059
,,2.24044
,,2.24030
,,2.24015
,,2.24000
,,2.23985
,,2.23971
,,2.23956
,,2.23941
,,2.23926
,,2.23911
,,2.23896
,,2.23881
,,2.23867
,,2.23852
,,2.23837
,,2.23822
,,2.23807
,,2.23792
,,2.23777
,,2.23763
,,2.23748
,,2.23734
,,2.23719
,,2.23705
,,2.23690
,,2.23676
,,2.23661
,,2.23646
,,2.23631
,,2.23617
,,2.23602
,,2.23587
,,2.23572
,,2.23557
,,2.23542
,,2.23527
,,2.23512
,,2.23497
,,2.23482
,,2.23467
,,2.23453
,,2.23438
,,2.23423
,,2.23408
,,2.23393
,,2.23378
,,2.23364
,,2.23349
,,2.23334
,,2.23320
,,2.23305
,,2.23290
,,2.23275
,,2.23260
,,2.23246
,,2.23231
,,2.23216
,,2.23201
,,2.23187
,,2.23172
,,2.23157
,,2.23142
,,2.23127
,,2.23112
,,2.23097
,,2.23082
,,2.23067
,,2.23052
,,2.23037
,,2.23022
,,2.23007
,,2.22993
,,2.22978
,,2.22963
,,2.22949
,,2.22934
,,2.22919
,,2.22904
,,2.22890
,,2.22875
,,2.22860
,,2.22845
,,2.22830
,,2.22815
,,2.22800
,,2.22785
,,2.22770
,,2.22755
,,2.22740
,,2.22725
,,2.22710
,,2.22695
,,2.22680
,,2.22665
,,2.22650
,,2.22635
,,2.22621
,,2.22606
,,2.22591
,,2.22577
,,2.22562
,,2.22547
,,2.22532
,,2.22517
,,2.22502
,,2.22487
,,2.22472
,,2.22457
,,2.22442
,,2.22427
,,2.22412
,,2.22397
,,2.22382
,,2.22367
,,2.22352
,,2.22337
,,2.22322
,,2.22307
,,2.22292
,,2.22277
,,2.22262
,,2.22247
,,2.22233
,,2.22218
,,2.22203
,,2.22188
,,2.22173
,,2.22158
,,2.22143
,,2.22128
,,2.22113
,,2.22098
,,2.22084
,,2.22069
,,2.22054
,,2.22039
,,2.22024
,,2.22009
,,2.21994
,,2.21979
,,2.21964
,,2.21949
,,2.21933
,,2.21919
,,2.21904
,,2.21889
,,2.21874
,,2.21860
,,2.21845
,,2.21830
,,2.21815
,,2.21801
,,2.21786
,,2.21771
,,2.21756
,,2.21741
,,2.21726
,,2.21711
,,2.21697
,,2.21682
,,2.21667
,,2.21652
,,2.21637
,,2.21621
,,2.21606
,,2.21592
,,2.21577
,,2.21562
,,2.21547
,,2.21532
,,2.21517
,,2.21502
,,2.21488
,,2.21473
,,2.21458
,,2.21443
,,2.21428
,,2.21413
,,2.21398
,,2.21383
,,2.21369
,,2.21353
,,2.21338
,,2.21323
,,2.21309
,,2.21294
,,2.21279
,,2.21264
,,2.21249
,,2.21234
,,2.21219
,,2.21204
,,2.21189
,,2.21174
,,2.21159
,,2.21144
,,2.21129
,,2.21114
,,2.21099
,,2.21084
,,2.21069
,,2.21055
,,2.21040
,,2.21025
,,2.21010
,,2.20995
,,2.20980
,,2.20965
,,2.20950
,,2.20935
,,2.20919
,,2.20904
,,2.20889
,,2.20874
,,2.20859
,,2.20844
,,2.20829
,,2.20814
,,2.20799
,,2.20784
,,2.20769
,,2.20754
,,2.20739
,,2.20725
,,2.20710
,,2.20695
,,2.20680
,,2.20666
,,2.20651
,,2.20636
,,2.20621
,,2.20606
,,2.20591
,,2.20576
,,2.20561
,,2.20546
,,2.20531
,,2.20516
,,2.20500
,,2.20485
,,2.20470
,,2.20455
,,2.20440
,,2.20425
,,2.20410
,,2.20395
,,2.20380
,,2.20365
,,2.20350
,,2.20335
,,2.20320
,,2.20305
,,2.20290
,,2.20275
,,2.20260
,,2.20245
,,2.20230
,,2.20215
,,2.20200
,,2.20185
,,2.20170
,,2.20155
,,2.20140
,,2.20125
,,2.20110
,,2.20094
,,2.20079
,,2.20064
,,2.20049
,,2.20034
,,2.20019
,,2.20004
,,2.19990
,,2.19975
,,2.19960
,,2.19945
,,2.19930
,,2.19915
,,2.19900
,,2.19885
,,2.19870
,,2.19855
,,2.19840
,,2.19825
,,2.19810
,,2.19795
,,2.19779
,,2.19764
,,2.19749
,,2.19734
,,2.19719
,,2.19704
,,2.19689
,,2.19674
,,2.19659
,,2.19644
,,2.19629
,,2.19614
,,2.19599
,,2.19584
,,2.19569
,,2.19554
,,2.19539
,,2.19524
,,2.19509
,,2.19493
,,2.19478
,,2.19463
,,2.19448
,,2.19433
,,2.19418
,,2.19403
,,2.19387
,,2.19372
,,2.19357
,,2.19342
,,2.19326
,,2.19311
,,2.19296
,,2.19281
,,2.19266
,,2.19251
,,2.19236
,,2.19221
,,2.19206
,,2.19191
,,2.19176
,,2.19161
,,2.19146
,,2.19131
,,2.19116
,,2.19101
,,2.19086
,,2.19071
,,2.19056
,,2.19041
,,2.19026
,,2.19011
,,2.18995
,,2.18980
,,2.18965
,,2.18950
,,2.18935
,,2.18920
,,2.18905
,,2.18890
,,2.18875
,,2.18861
,,2.18846
,,2.18831
,,2.18816
,,2.18802
,,2.18787
,,2.18772
,,2.18757
,,2.18742
,,2.18727
,,2.18712
,,2.18697
,,2.18682
,,2.18667
,,2.18652
,,2.18637
,,2.18621
,,2.18606
,,2.18591
,,2.18576
,,2.18561
,,2.18546
,,2.18530
,,2.18515
,,2.18501
,,2.18486
,,2.18471
,,2.18456
,,2.18441
,,2.18426
,,2.18411
,,2.18396
,,2.18381
,,2.18366
,,2.18351
,,2.18336
,,2.18320
,,2.18306
,,2.18290
,,2.18275
,,2.18260
,,2.18245
,,2.18230
,,2.18215
,,2.18199
,,2.18184
,,2.18169
,,2.18154
,,2.18139
,,2.18124
,,2.18109
,,2.18095
,,2.18080
,,2.18065
,,2.18050
,,2.18035
,,2.18020
,,2.18005
,,2.17990
,,2.17975
,,2.17960
,,2.17945
,,2.17930
,,2.17915
,,2.17900
,,2.17885
,,2.17870
,,2.17854
,,2.17839
,,2.17824
,,2.17809
,,2.17794
,,2.17779
,,2.17764
,,2.17748
,,2.17733
,,2.17718
,,2.17704
,,2.17689
,,2.17674
,,2.17659
,,2.17644
,,2.17629
,,2.17614
,,2.17599
,,2.17584
,,2.17569
,,2.17554
,,2.17539
,,2.17524
,,2.17509
,,2.17494
,,2.17479
,,2.17463
,,2.17448
,,2.17433
,,2.17418
,,2.17403
,,2.17388
,,2.17373
,,2.17358
,,2.17343
,,2.17328
,,2.17313
,,2.17298
,,2.17283
,,2.17268
,,2.17254
,,2.17238
,,2.17223
,,2.17208
,,2.17193
,,2.17178
,,2.17163
,,2.17148
,,2.17133
,,2.17118
,,2.17103
,,2.17088
,,2.17073
,,2.17058
,,2.17043
,,2.17028
,,2.17013
,,2.16998
,,2.16983
,,2.16968
,,2.16954
,,2.16939
,,2.16924
,,2.16909
,,2.16895
,,2.16879
,,2.16864
,,2.16849
,,2.16835
,,2.16820
,,2.16805
,,2.16790
,,2.16775
,,2.16760
,,2.16745
,,2.16729
,,2.16714
,,2.16699
,,2.16684
,,2.16669
,,2.16654
,,2.16639
,,2.16624
,,2.16609
,,2.16594
,,2.16579
,,2.16564
,,2.16549
,,2.16534
,,2.16519
,,2.16504
,,2.16489
,,2.16474
,,2.16458
,,2.16443
,,2.16428
,,2.16413
,,2.16398
,,2.16383
,,2.16368
,,2.16353
,,2.16338
,,2.16323
,,2.16307
,,2.16292
,,2.16277
,,2.16262
,,2.16247
,,2.16232
,,2.16217
,,2.16202
,,2.16187
,,2.16173
,,2.16158
,,2.16143
,,2.16128
,,2.16113
,,2.16098
,,2.16083
,,2.16068
,,2.16053
,,2.16038
,,2.16023
,,2.16008
,,2.15993
,,2.15978
,,2.15963
,,2.15947
,,2.15932
,,2.15917
,,2.15902
,,2.15887
,,2.15872
,,2.15857
,,2.15842
,,2.15827
,,2.15813
,,2.15798
,,2.15783
,,2.15768
,,2.15753
,,2.15738
,,2.15723
,,2.15708
,,2.15693
,,2.15678
,,2.15663
,,2.15648
,,2.15633
,,2.15618
,,2.15603
,,2.15587
,,2.15572
,,2.15557
,,2.15542
,,2.15527
,,2.15512
,,2.15497
,,2.15482
,,2.15467
,,2.15452
,,2.15437
,,2.15423
,,2.15408
,,2.15393
,,2.15378
,,2.15363
,,2.15348
,,2.15332
,,2.15317
,,2.15302
,,2.15287
,,2.15272
,,2.15257
,,2.15242
,,2.15227
,,2.15212
,,2.15196
,,2.15181
,,2.15166
,,2.15151
,,2.15136
,,2.15121
,,2.15106
,,2.15091
,,2.15076
,,2.15061
,,2.15047
,,2.15032
,,2.15017
,,2.15002
,,2.14987
,,2.14972
,,2.14957
,,2.14942
,,2.14927
,,2.14912
,,2.14897
,,2.14882
,,2.14867
,,2.14852
,,2.14837
,,2.14821
,,2.14806
,,2.14791
,,2.14776
,,2.14761
,,2.14746
,,2.14731
,,2.14716
,,2.14701
,,2.14686
,,2.14671
,,2.14656
,,2.14641
,,2.14626
,,2.14611
,,2.14596
,,2.14581
,,2.14566
,,2.14551
,,2.14536
,,2.14521
,,2.14506
,,2.14490
,,2.14475
,,2.14460
,,2.14445
,,2.14429
,,2.14414
,,2.14399
,,2.14384
,,2.14369
,,2.14354
,,2.14339
,,2.14324
,,2.14309
,,2.14294
,,2.14279
,,2.14264
,,2.14249
,,2.14234
,,2.14219
,,2.14204
,,2.14189
,,2.14174
,,2.14159
,,2.14143
,,2.14128
,,2.14113
,,2.14098
,,2.14083
,,2.14067
,,2.14052
,,2.14037
,,2.14022
,,2.14007
,,2.13992
,,2.13977
,,2.13962
,,2.13947
,,2.13932
,,2.13917
,,2.13902
,,2.13887
,,2.13872
,,2.13857
,,2.13842
,,2.13827
,,2.13812
,,2.13797
,,2.13782
,,2.13766
,,2.13751
,,2.13736
,,2.13721
,,2.13706
,,2.13690
,,2.13675
,,2.13660
,,2.13644
,,2.13629
,,2.13614
,,2.13599
,,2.13584
,,2.13569
,,2.13554
,,2.13539
,,2.13524
,,2.13509
,,2.13493
,,2.13478
,,2.13463
,,2.13448
,,2.13432
,,2.13417
,,2.13402
,,2.13387
,,2.13372
,,2.13357
,,2.13341
,,2.13326
,,2.13310
,,2.13295
,,2.13279
,,2.13264
,,2.13249
,,2.13234
,,2.13218
,,2.13203
,,2.13188
,,2.13173
,,2.13159
,,2.13144
,,2.13129
,,2.13114
,,2.13099
,,2.13084
,,2.13068
,,2.13053
,,2.13038
,,2.13023
,,2.13008
,,2.12993
,,2.12977
,,2.12962
,,2.12947
,,2.12931
,,2.12916
,,2.12901
,,2.12885
,,2.12870
,,2.12855
,,2.12840
,,2.12825
,,2.12810
,,2.12795
,,2.12780
,,2.12764
,,2.12749
,,2.12734
,,2.12719
,,2.12704
,,2.12689
,,2.12674
,,2.12658
,,2.12643
,,2.12628
,,2.12613
,,2.12598
,,2.12582
,,2.12567
,,2.12552
,,2.12536
,,2.12521
,,2.12506
,,2.12490
,,2.12475
,,2.12460
,,2.12445
,,2.12430
,,2.12415
,,2.12399
,,2.12384
,,2.12369
,,2.12354
,,2.12339
,,2.12324
,,2.12309
,,2.12293
,,2.12278
,,2.12263
,,2.12247
,,2.12232
,,2.12217
,,2.12202
,,2.12186
,,2.12171
,,2.12156
,,2.12140
,,2.12125
,,2.12110
,,2.12095
,,2.12079
,,2.12064
,,2.12049
,,2.12034
,,2.12019
,,2.12004
,,2.11989
,,2.11974
,,2.11959
,,2.11944
,,2.11929
,,2.11913
,,2.11898
,,2.11883
,,2.11868
,,2.11853
,,2.11838
,,2.11822
,,2.11807
,,2.11792
,,2.11776
,,2.11761
,,2.11746
,,2.11730
,,2.11715
,,2.11700
,,2.11685
,,2.11670
,,2.11654
,,2.11639
,,2.11624
,,2.11609
,,2.11594
,,2.11578
,,2.11563
,,2.11548
,,2.11532
,,2.11517
,,2.11502
,,2.11486
,,2.11471
,,2.11456
,,2.11441
,,2.11425
,,2.11410
,,2.11395
,,2.11379
,,2.11364
,,2.11348
,,2.11333
,,2.11318
,,2.11303
,,2.11288
,,2.11273
,,2.11258
,,2.11242
,,2.11227
,,2.11212
,,2.11197
,,2.11182
,,2.11167
,,2.11152
,,2.11136
,,2.11121
,,2.11106
,,2.11091
,,2.11076
,,2.11060
,,2.11045
,,2.11030
,,2.11014
,,2.10999
,,2.10983
,,2.10968
,,2.10953
,,2.10938
,,2.10922
,,2.10907
,,2.10892
,,2.10877
,,2.10862
,,2.10847
,,2.10832
,,2.10817
,,2.10802
,,2.10786
,,2.10771
,,2.10756
,,2.10741
,,2.10725
,,2.10710
,,2.10695
,,2.10679
,,2.10664
,,2.10649
,,2.10634
,,2.10618
,,2.10603
,,2.10588
,,2.10572
,,2.10557
,,2.10542
,,2.10526
,,2.10511
,,2.10496
,,2.10481
,,2.10466
,,2.10451
,,2.10436
,,2.10420
,,2.10405
,,2.10390
,,2.10374
,,2.10359
,,2.10344
,,2.10329
,,2.10314
,,2.10298
,,2.10283
,,2.10268
,,2.10252
,,2.10237
,,2.10221
,,2.10206
,,2.10191
,,2.10176
,,2.10160
,,2.10145
,,2.10130
,,2.10115
,,2.10100
,,2.10085
,,2.10070
,,2.10056
,,2.10041
,,2.10026
,,2.10010
,,2.09995
,,2.09980
,,2.09965
,,2.09950
,,2.09935
,,2.09919
,,2.09904
,,2.09889
,,2.09873
,,2.09858
,,2.09843
,,2.09827
,,2.09812
,,2.09797
,,2.09782
,,2.09767
,,2.09752
,,2.09737
,,2.09722
,,2.09707
,,2.09691
,,2.09676
,,2.09661
,,2.09646
,,2.09631
,,2.09615
,,2.09600
,,2.09585
,,2.09570
,,2.09555
,,2.09540
,,2.09524
,,2.09509
,,2.09493
,,2.09478
,,2.09463
,,2.09448
,,2.09432
,,2.09417
,,2.09402
,,2.09387
,,2.09373
,,2.09358
,,2.09343
,,2.09328
,,2.09313
,,2.09298
,,2.09283
,,2.09267
,,2.09252
,,2.09237
,,2.09222
,,2.09207
,,2.09192
,,2.09176
,,2.09161
,,2.09146
,,2.09131
,,2.09115
,,2.09100
,,2.09085
,,2.09069
,,2.09054
,,2.09039
,,2.09024
,,2.09009
,,2.08994
,,2.08979
,,2.08964
,,2.08949
,,2.08934
,,2.08919
,,2.08904
,,2.08889
,,2.08874
,,2.08859
,,2.08844
,,2.08829
,,2.08813
,,2.08798
,,2.08783
,,2.08768
,,2.08752
,,2.08737
,,2.08722
,,2.08706
,,2.08691
,,2.08676
,,2.08661
,,2.08646
,,2.08631
,,2.08616
,,2.08601
,,2.08586
,,2.08570
,,2.08556
,,2.08541
,,2.08525
,,2.08510
,,2.08495
,,2.08480
,,2.08464
,,2.08449
,,2.08434
,,2.08419
,,2.08404
,,2.08388
,,2.08373
,,2.08358
,,2.08342
,,2.08327
,,2.08312
,,2.08296
,,2.08281
,,2.08266
,,2.08251
,,2.08236
,,2.08221
,,2.08207
,,2.08192
,,2.08177
,,2.08162
,,2.08147
,,2.08132
,,2.08117
,,2.08102
,,2.08087
,,2.08072
,,2.08057
,,2.08042
,,2.08027
,,2.08012
,,2.07996
,,2.07981
,,2.07966
,,2.07951
,,2.07935
,,2.07920
,,2.07905
,,2.07890
,,2.07875
,,2.07860
,,2.07845
,,2.07830
,,2.07815
,,2.07800
,,2.07785
,,2.07770
,,2.07755
,,2.07740
,,2.07724
,,2.07709
,,2.07694
,,2.07679
,,2.07664
,,2.07649
,,2.07634
,,2.07619
,,2.07603
,,2.07588
,,2.07573
,,2.07558
,,2.07542
,,2.07527
,,2.07512
,,2.07497
,,2.07482
,,2.07467
,,2.07452
,,2.07437
,,2.07422
,,2.07407
,,2.07392
,,2.07377
,,2.07362
,,2.07346
,,2.07331
,,2.07316
,,2.07301
,,2.07286
,,2.07271
,,2.07255
,,2.07240
,,2.07225
,,2.07209
,,2.07194
,,2.07179
,,2.07163
,,2.07148
,,2.07133
,,2.07118
,,2.07103
,,2.07088
,,2.07074
,,2.07059
,,2.07044
,,2.07029
,,2.07014
,,2.07000
,,2.06985
,,2.06969
,,2.06955
,,2.06939
,,2.06924
,,2.06910
,,2.06895
,,2.06879
,,2.06864
,,2.06849
,,2.06834
,,2.06819
,,2.06803
,,2.06788
,,2.06773
,,2.06758
,,2.06742
,,2.06727
,,2.06712
,,2.06697
,,2.06682
,,2.06668
,,2.06653
,,2.06638
,,2.06623
,,2.06607
,,2.06592
,,2.06577
,,2.06561
,,2.06546
,,2.06531
,,2.06516
,,2.06501
,,2.06486
,,2.06471
,,2.06455
,,2.06440
,,2.06424
,,2.06409
,,2.06394
,,2.06379
,,2.06364
,,2.06349
,,2.06334
,,2.06319
,,2.06304
,,2.06289
,,2.06274
,,2.06259
,,2.06244
,,2.06229
,,2.06214
,,2.06199
,,2.06184
,,2.06169
,,2.06153
,,2.06138
,,2.06123
,,2.06108
,,2.06093
,,2.06077
,,2.06062
,,2.06047
,,2.06031
,,2.06016
,,2.06001
,,2.05986
,,2.05971
,,2.05956
,,2.05941
,,2.05926
,,2.05911
,,2.05896
,,2.05881
,,2.05866
,,2.05851
,,2.05836
,,2.05821
,,2.05805
,,2.05790
,,2.05775
,,2.05760
,,2.05745
,,2.05730
,,2.05714
,,2.05699
,,2.05684
,,2.05668
,,2.05653
,,2.05638
,,2.05622
,,2.05607
,,2.05592
,,2.05577
,,2.05562
,,2.05547
,,2.05531
,,2.05516
,,2.05501
,,2.05486
,,2.05471
,,2.05455
,,2.05440
,,2.05425
,,2.05410
,,2.05394
,,2.05379
,,2.05364
,,2.05349
,,2.05334
,,2.05319
,,2.05303
,,2.05288
,,2.05273
,,2.05257
,,2.05242
,,2.05227
,,2.05212
,,2.05197
,,2.05182
,,2.05167
,,2.05152
,,2.05138
,,2.05123
,,2.05108
,,2.05093
,,2.05078
,,2.05063
,,2.05047
,,2.05032
,,2.05017
,,2.05002
,,2.04987
,,2.04972
,,2.04957
,,2.04941
,,2.04926
,,2.04910
,,2.04895
,,2.04880
,,2.04865
,,2.04849
,,2.04834
,,2.04819
,,2.04804
,,2.04789
,,2.04774
,,2.04759
,,2.04744
,,2.04729
,,2.04714
,,2.04699
,,2.04684
,,2.04668
,,2.04653
,,2.04638
,,2.04623
,,2.04608
,,2.04593
,,2.04577
,,2.04562
,,2.04547
,,2.04531
,,2.04516
,,2.04501
,,2.04486
,,2.04470
,,2.04455
,,2.04440
,,2.04425
,,2.04410
,,2.04395
,,2.04380
,,2.04365
,,2.04350
,,2.04335
,,2.04320
,,2.04305
,,2.04289
,,2.04274
,,2.04259
,,2.04244
,,2.04229
,,2.04213
,,2.04198
,,2.04183
,,2.04167
,,2.04152
,,2.04136
,,2.04121
,,2.04106
,,2.04091
,,2.04076
,,2.04061
,,2.04046
,,2.04031
,,2.04016
,,2.04001
,,2.03986
,,2.03971
,,2.03956
,,2.03941
,,2.03926
,,2.03911
,,2.03895
,,2.03880
,,2.03865
,,2.03850
,,2.03835
,,2.03820
,,2.03804
,,2.03789
,,2.03773
,,2.03758
,,2.03743
,,2.03728
,,2.03712
,,2.03697
,,2.03682
,,2.03666
,,2.03651
,,2.03636
,,2.03621
,,2.03606
,,2.03591
,,2.03576
,,2.03561
,,2.03546
,,2.03531
,,2.03515
,,2.03500
,,2.03485
,,2.03470
,,2.03454
,,2.03439
,,2.03424
,,2.03409
,,2.03393
,,2.03378
,,2.03362
,,2.03347
,,2.03332
,,2.03317
,,2.03302
,,2.03287
,,2.03272
,,2.03257
,,2.03242
,,2.03227
,,2.03212
,,2.03197
,,2.03181
,,2.03166
,,2.03151
,,2.03136
,,2.03121
,,2.03105
,,2.03090
,,2.03075
,,2.03060
,,2.03044
,,2.03029
,,2.03013
,,2.02998
,,2.02983
,,2.02968
,,2.02952
,,2.02937
,,2.02922
,,2.02907
,,2.02892
,,2.02877
,,2.02862
,,2.02847
,,2.02832
,,2.02817
,,2.02802
,,2.02787
,,2.02771
,,2.02756
,,2.02741
,,2.02726
,,2.02711
,,2.02696
,,2.02681
,,2.02665
,,2.02650
,,2.02634
,,2.02619
,,2.02603
,,2.02588
,,2.02573
,,2.02558
,,2.02542
,,2.02527
,,2.02512
,,2.02497
,,2.02482
,,2.02467
,,2.02452
,,2.02437
,,2.02421
,,2.02406
,,2.02391
,,2.02376
,,2.02360
,,2.02345
,,2.02330
,,2.02315
,,2.02300
,,2.02284
,,2.02269
,,2.02253
,,2.02238
,,2.02223
,,2.02207
,,2.02192
,,2.02177
,,2.02162
,,2.02147
,,2.02132
,,2.02117
,,2.02102
,,2.02087
,,2.02072
,,2.02057
,,2.02042
,,2.02027
,,2.02012
,,2.01997
,,2.01982
,,2.01967
,,2.01951
,,2.01936
,,2.01921
,,2.01906
,,2.01891
,,2.01875
,,2.01860
,,2.01844
,,2.01829
,,2.01814
,,2.01799
,,2.01784
,,2.01769
,,2.01754
,,2.01739
,,2.01724
,,2.01709
,,2.01694
,,2.01679
,,2.01663
,,2.01648
,,2.01633
,,2.01618
,,2.01603
,,2.01588
,,2.01572
,,2.01557
,,2.01542
,,2.01526
,,2.01511
,,2.01496
,,2.01480
,,2.01465
,,2.01449
,,2.01434
,,2.01419
,,2.01404
,,2.01389
,,2.01374
,,2.01359
,,2.01344
,,2.01329
,,2.01314
,,2.01299
,,2.01284
,,2.01268
,,2.01253
,,2.01238
,,2.01223
,,2.01207
,,2.01192
,,2.01177
,,2.01162
,,2.01147
,,2.01132
,,2.01116
,,2.01101
,,2.01086
,,2.01070
,,2.01055
,,2.01040
,,2.01025
,,2.01010
,,2.00995
,,2.00980
,,2.00966
,,2.00951
,,2.00936
,,2.00921
,,2.00906
,,2.00891
,,2.00876
,,2.00861
,,2.00846
,,2.00831
,,2.00815
,,2.00800
,,2.00785
,,2.00770
,,2.00755
,,2.00739
,,2.00724
,,2.00709
,,2.00693
,,2.00678
,,2.00663
,,2.00647
,,2.00632
,,2.00617
,,2.00602
,,2.00587
,,2.00572
,,2.00557
,,2.00542
,,2.00527
,,2.00512
,,2.00496
,,2.00481
,,2.00466
,,2.00450
,,2.00435
,,2.00420
,,2.00405
,,2.00389
,,2.00374
,,2.00359
,,2.00343
,,2.00328
,,2.00313
,,2.00298
,,2.00282
,,2.00268
,,2.00253
,,2.00238
,,2.00223
,,2.00208
,,2.00193
,,2.00178
,,2.00163
,,2.00148
,,2.00133
,,2.00118
,,2.00103
,,2.00088
,,2.00073
,,2.00058
,,2.00043
,,2.00028
,,2.00012
,,1.99997
,,1.99982
,,1.99967
,,1.99951
,,1.99936
,,1.99921
,,1.99906
,,1.99891
,,1.99876
,,1.99861
,,1.99846
,,1.99831
,,1.99816
,,1.99801
,,1.99786
,,1.99771
,,1.99756
,,1.99741
,,1.99726
,,1.99710
,,1.99695
,,1.99680
,,1.99665
,,1.99650
,,1.99634
,,1.99619
,,1.99604
,,1.99589
,,1.99573
,,1.99558
,,1.99543
,,1.99527
,,1.99512
,,1.99497
,,1.99482
,,1.99467
,,1.99452
,,1.99437
,,1.99422
,,1.99407
,,1.99392
,,1.99377
,,1.99362
,,1.99347
,,1.99332
,,1.99317
,,1.99302
,,1.99287
,,1.99271
,,1.99256
,,1.99241
,,1.99226
,,1.99211
,,1.99195
,,1.99180
,,1.99165
,,1.99150
,,1.99135
,,1.99120
,,1.99105
,,1.99090
,,1.99075
,,1.99061
,,1.99046
,,1.99031
,,1.99016
,,1.99001
,,1.98986
,,1.98971
,,1.98956
,,1.98941
,,1.98926
,,1.98911
,,1.98896
,,1.98880
,,1.98865
,,1.98850
,,1.98835
,,1.98820
,,1.98804
,,1.98789
,,1.98774
,,1.98759
,,1.98744
,,1.98729
,,1.98714
,,1.98699
,,1.98684
,,1.98669
,,1.98654
,,1.98639
,,1.98624
,,1.98609
,,1.98594
,,1.98579
,,1.98564
,,1.98548
,,1.98533
,,1.98518
,,1.98503
,,1.98488
,,1.98473
,,1.98457
,,1.98442
,,1.98427
,,1.98411
,,1.98396
,,1.98381
,,1.98366
,,1.98351
,,1.98336
,,1.98322
,,1.98307
,,1.98292
,,1.98277
,,1.98263
,,1.98248
,,1.98233
,,1.98218
,,1.98203
,,1.98187
,,1.98173
,,1.98157
,,1.98142
,,1.98127
,,1.98112
,,1.98097
,,1.98082
,,1.98067
,,1.98052
,,1.98036
,,1.98021
,,1.98006
,,1.97992
,,1.97977
,,1.97962
,,1.97947
,,1.97932
,,1.97918
,,1.97903
,,1.97888
,,1.97873
,,1.97858
,,1.97843
,,1.97828
,,1.97813
,,1.97798
,,1.97783
,,1.97768
,,1.97753
,,1.97738
,,1.97722
,,1.97707
,,1.97692
,,1.97677
,,1.97661
,,1.97646
,,1.97631
,,1.97616
,,1.97601
,,1.97586
,,1.97571
,,1.97556
,,1.97541
,,1.97527
,,1.97512
,,1.97497
,,1.97482
,,1.97467
,,1.97452
,,1.97436
,,1.97421
,,1.97406
,,1.97391
,,1.97376
,,1.97361
,,1.97346
,,1.97330
,,1.97315
,,1.97300
,,1.97285
,,1.97270
,,1.97255
,,1.97240
,,1.97225
,,1.97210
,,1.97196
,,1.97181
,,1.97166
,,1.97151
,,1.97137
,,1.97122
,,1.97107
,,1.97092
,,1.97077
,,1.97062
,,1.97047
,,1.97032
,,1.97017
,,1.97002
,,1.96987
,,1.96971
,,1.96956
,,1.96941
,,1.96926
,,1.96911
,,1.96895
,,1.96880
,,1.96865
,,1.96851
,,1.96836
,,1.96821
,,1.96806
,,1.96791
,,1.96776
,,1.96761
,,1.96747
,,1.96732
,,1.96716
,,1.96701
,,1.96686
,,1.96671
,,1.96656
,,1.96641
,,1.96626
,,1.96611
,,1.96596
,,1.96580
,,1.96565
,,1.96550
,,1.96535
,,1.96520
,,1.96505
,,1.96490
,,1.96475
,,1.96460
,,1.96445
,,1.96430
,,1.96415
,,1.96400
,,1.96385
,,1.96370
,,1.96355
,,1.96340
,,1.96325
,,1.96310
,,1.96295
,,1.96280
,,1.96265
,,1.96250
,,1.96235
,,1.96220
,,1.96205
,,1.96189
,,1.96174
,,1.96159
,,1.96144
,,1.96129
,,1.96114
,,1.96099
,,1.96084
,,1.96069
,,1.96055
,,1.96040
,,1.96025
,,1.96010
,,1.95996
,,1.95981
,,1.95966
,,1.95951
,,1.95936
,,1.95921
,,1.95906
,,1.95891
,,1.95876
,,1.95861
,,1.95847
,,1.95831
,,1.95816
,,1.95801
,,1.95786
,,1.95770
,,1.95755
,,1.95740
,,1.95725
,,1.95710
,,1.95695
,,1.95681
,,1.95666
,,1.95651
,,1.95636
,,1.95621
,,1.95606
,,1.95591
,,1.95576
,,1.95561
,,1.95546
,,1.95531
,,1.95516
,,1.95501
,,1.95486
,,1.95471
,,1.95455
,,1.95440
,,1.95425
,,1.95410
,,1.95394
,,1.95379
,,1.95364
,,1.95349
,,1.95334
,,1.95319
,,1.95305
,,1.95290
,,1.95275
,,1.95260
,,1.95245
,,1.95230
,,1.95216
,,1.95201
,,1.95186
,,1.95171
,,1.95156
,,1.95141
,,1.95126
,,1.95111
,,1.95096
,,1.95081
,,1.95066
,,1.95051
,,1.95035
,,1.95020
,,1.95005
,,1.94990
,,1.94976
,,1.94961
,,1.94946
,,1.94931
,,1.94917
,,1.94902
,,1.94887
,,1.94872
,,1.94858
,,1.94843
,,1.94828
,,1.94813
,,1.94798
,,1.94783
,,1.94768
,,1.94753
,,1.94738
,,1.94723
,,1.94708
,,1.94692
,,1.94677
,,1.94662
,,1.94647
,,1.94632
,,1.94617
,,1.94602
,,1.94587
,,1.94572
,,1.94557
,,1.94542
,,1.94527
,,1.94512
,,1.94497
,,1.94482
,,1.94467
,,1.94452
,,1.94437
,,1.94422
,,1.94407
,,1.94392
,,1.94377
,,1.94362
,,1.94347
,,1.94331
,,1.94316
,,1.94301
,,1.94286
,,1.94271
,,1.94256
,,1.94241
,,1.94226
,,1.94211
,,1.94196
,,1.94181
,,1.94167
,,1.94152
,,1.94137
,,1.94122
,,1.94108
,,1.94093
,,1.94078
,,1.94063
,,1.94048
,,1.94033
,,1.94018
,,1.94004
,,1.93989
,,1.93974
,,1.93958
,,1.93943
,,1.93928
,,1.93913
,,1.93898
,,1.93883
,,1.93868
,,1.93853
,,1.93838
,,1.93823
,,1.93809
,,1.93794
,,1.93779
,,1.93764
,,1.93750
,,1.93735
,,1.93720
,,1.93705
,,1.93690
,,1.93675
,,1.93660
,,1.93645
,,1.93630
,,1.93615
,,1.93600
,,1.93585
,,1.93570
,,1.93554
,,1.93539
,,1.93524
,,1.93509
,,1.93494
,,1.93479
,,1.93464
,,1.93449
,,1.93434
,,1.93419
,,1.93404
,,1.93389
,,1.93375
,,1.93360
,,1.93345
,,1.93330
,,1.93315
,,1.93299
,,1.93284
,,1.93270
,,1.93255
,,1.93240
,,1.93225
,,1.93210
,,1.93195
,,1.93179
,,1.93164
,,1.93149
,,1.93134
,,1.93119
,,1.93105
,,1.93090
,,1.93075
,,1.93061
,,1.93046
,,1.93031
,,1.93017
,,1.93002
,,1.92987
,,1.92972
,,1.92958
,,1.92943
,,1.92928
,,1.92913
,,1.92898
,,1.92883
,,1.92868
,,1.92853
,,1.92838
,,1.92823
,,1.92808
,,1.92793
,,1.92778
,,1.92763
,,1.92748
,,1.92733
,,1.92718
,,1.92703
,,1.92688
,,1.92673
,,1.92659
,,1.92644
,,1.92629
,,1.92614
,,1.92599
,,1.92584
,,1.92569
,,1.92554
,,1.92539
,,1.92524
,,1.92509
,,1.92494
,,1.92479
,,1.92464
,,1.92449
,,1.92434
,,1.92418
,,1.92403
,,1.92388
,,1.92373
,,1.92358
,,1.92343
,,1.92328
,,1.92314
,,1.92299
,,1.92284
,,1.92269
,,1.92255
,,1.92240
,,1.92225
,,1.92210
,,1.92195
,,1.92180
,,1.92165
,,1.92151
,,1.92136
,,1.92121
,,1.92106
,,1.92091
,,1.92076
,,1.92061
,,1.92045
,,1.92030
,,1.92015
,,1.92000
,,1.91985
,,1.91970
,,1.91955
,,1.91941
,,1.91926
,,1.91911
,,1.91897
,,1.91882
,,1.91867
,,1.91853
,,1.91838
,,1.91823
,,1.91808
,,1.91793
,,1.91778
,,1.91763
,,1.91749
,,1.91734
,,1.91719
,,1.91703
,,1.91688
,,1.91673
,,1.91658
,,1.91643
,,1.91628
,,1.91613
,,1.91598
,,1.91583
,,1.91568
,,1.91553
,,1.91539
,,1.91524
,,1.91509
,,1.91494
,,1.91479
,,1.91465
,,1.91450
,,1.91435
,,1.91420
,,1.91405
,,1.91390
,,1.91375
,,1.91360
,,1.91345
,,1.91330
,,1.91314
,,1.91299
,,1.91284
,,1.91269
,,1.91254
,,1.91239
,,1.91224
,,1.91209
,,1.91194
,,1.91180
,,1.91165
,,1.91151
,,1.91136
,,1.91121
,,1.91107
,,1.91092
,,1.91077
,,1.91062
,,1.91047
,,1.91033
,,1.91018
,,1.91003
,,1.90988
,,1.90973
,,1.90958
,,1.90943
,,1.90928
,,1.90913
,,1.90898
,,1.90883
,,1.90868
,,1.90853
,,1.90838
,,1.90823
,,1.90809
,,1.90794
,,1.90779
,,1.90765
,,1.90750
,,1.90735
,,1.90721
,,1.90706
,,1.90691
,,1.90677
,,1.90662
,,1.90647
,,1.90632
,,1.90617
,,1.90602
,,1.90587
,,1.90572
,,1.90556
,,1.90541
,,1.90526
,,1.90511
,,1.90496
,,1.90480
,,1.90466
,,1.90451
,,1.90436
,,1.90421
,,1.90407
,,1.90392
,,1.90377
,,1.90362
,,1.90347
,,1.90332
,,1.90317
,,1.90302
,,1.90287
,,1.90272
,,1.90257
,,1.90242
,,1.90227
,,1.90212
,,1.90197
,,1.90182
,,1.90167
,,1.90152
,,1.90137
,,1.90122
,,1.90107
,,1.90092
,,1.90078
,,1.90063
,,1.90048
,,1.90033
,,1.90019
,,1.90004
,,1.89990
,,1.89975
,,1.89960
,,1.89945
,,1.89930
,,1.89915
,,1.89901
,,1.89886
,,1.89871
,,1.89856
,,1.89841
,,1.89826
,,1.89811
,,1.89796
,,1.89781
,,1.89765
,,1.89751
,,1.89736
,,1.89721
,,1.89706
,,1.89691
,,1.89677
,,1.89662
,,1.89647
,,1.89633
,,1.89618
,,1.89603
,,1.89588
,,1.89574
,,1.89559
,,1.89544
,,1.89528
,,1.89513
,,1.89499
,,1.89484
,,1.89469
,,1.89454
,,1.89438
,,1.89423
,,1.89408
,,1.89393
,,1.89378
,,1.89363
,,1.89348
,,1.89333
,,1.89318
,,1.89303
,,1.89289
,,1.89274
,,1.89259
,,1.89245
,,1.89230
,,1.89215
,,1.89200
,,1.89186
,,1.89171
,,1.89156
,,1.89141
,,1.89126
,,1.89111
,,1.89096
,,1.89081
,,1.89066
,,1.89051
,,1.89036
,,1.89021
,,1.89006
,,1.88992
,,1.88977
,,1.88962
,,1.88947
,,1.88933
,,1.88919
,,1.88904
,,1.88890
,,1.88875
,,1.88860
,,1.88846
,,1.88831
,,1.88816
,,1.88802
,,1.88787
,,1.88772
,,1.88757
,,1.88742
,,1.88727
,,1.88713
,,1.88697
,,1.88682
,,1.88667
,,1.88652
,,1.88637
,,1.88622
,,1.88608
,,1.88593
,,1.88578
,,1.88563
,,1.88549
,,1.88534
,,1.88519
,,1.88505
,,1.88490
,,1.88475
,,1.88460
,,1.88445
,,1.88430
,,1.88416
,,1.88401
,,1.88386
,,1.88371
,,1.88356
,,1.88341
,,1.88326
,,1.88311
,,1.88296
,,1.88280
,,1.88265
,,1.88251
,,1.88236
,,1.88221
,,1.88207
,,1.88192
,,1.88178
,,1.88163
,,1.88148
,,1.88134
,,1.88119
,,1.88105
,,1.88090
,,1.88075
,,1.88061
,,1.88046
,,1.88031
,,1.88017
,,1.88002
,,1.87987
,,1.87972
,,1.87957
,,1.87942
,,1.87927
,,1.87912
,,1.87898
,,1.87883
,,1.87868
,,1.87853
,,1.87838
,,1.87824
,,1.87809
,,1.87795
,,1.87780
,,1.87766
,,1.87751
,,1.87736
,,1.87722
,,1.87707
,,1.87692
,,1.87678
,,1.87663
,,1.87648
,,1.87633
,,1.87618
,,1.87603
,,1.87588
,,1.87573
,,1.87558
,,1.87543
,,1.87528
,,1.87513
,,1.87498
,,1.87484
,,1.87469
,,1.87454
,,1.87440
,,1.87425
,,1.87411
,,1.87396
,,1.87381
,,1.87367
,,1.87352
,,1.87337
,,1.87322
,,1.87307
,,1.87292
,,1.87277
,,1.87262
,,1.87247
,,1.87233
,,1.87217
,,1.87202
,,1.87188
,,1.87173
,,1.87158
,,1.87143
,,1.87128
,,1.87114
,,1.87099
,,1.87085
,,1.87071
,,1.87056
,,1.87042
,,1.87027
,,1.87013
,,1.86998
,,1.86984
,,1.86969
,,1.86954
,,1.86940
,,1.86925
,,1.86910
,,1.86895
,,1.86881
,,1.86866
,,1.86851
,,1.86836
,,1.86821
,,1.86807
,,1.86792
,,1.86777
,,1.86762
,,1.86748
,,1.86733
,,1.86719
,,1.86704
,,1.86690
,,1.86675
,,1.86661
,,1.86646
,,1.86632
,,1.86617
,,1.86602
,,1.86588
,,1.86573
,,1.86558
,,1.86543
,,1.86529
,,1.86514
,,1.86499
,,1.86484
,,1.86469
,,1.86454
,,1.86439
,,1.86424
,,1.86409
,,1.86394
,,1.86379
,,1.86364
,,1.86350
,,1.86335
,,1.86321
,,1.86306
,,1.86292
,,1.86277
,,1.86262
,,1.86248
,,1.86233
,,1.86218
,,1.86203
,,1.86188
,,1.86174
,,1.86159
,,1.86144
,,1.86129
,,1.86115
,,1.86100
,,1.86085
,,1.86070
,,1.86055
,,1.86041
,,1.86026
,,1.86011
,,1.85997
,,1.85983
,,1.85968
,,1.85954
,,1.85940
,,1.85925
,,1.85911
,,1.85896
,,1.85882
,,1.85867
,,1.85853
,,1.85838
,,1.85823
,,1.85809
,,1.85794
,,1.85779
,,1.85765
,,1.85750
,,1.85735
,,1.85720
,,1.85706
,,1.85691
,,1.85676
,,1.85661
,,1.85647
,,1.85632
,,1.85617
,,1.85603
,,1.85588
,,1.85574
,,1.85559
,,1.85545
,,1.85530
,,1.85516
,,1.85501
,,1.85486
,,1.85471
,,1.85456
,,1.85442
,,1.85427
,,1.85412
,,1.85397
,,1.85382
,,1.85367
,,1.85352
,,1.85337
,,1.85323
,,1.85308
,,1.85293
,,1.85278
,,1.85264
,,1.85249
,,1.85234
,,1.85220
,,1.85205
,,1.85191
,,1.85176
,,1.85162
,,1.85147
,,1.85133
,,1.85118
,,1.85103
,,1.85088
,,1.85073
,,1.85059
,,1.85044
,,1.85029
,,1.85015
,,1.85000
,,1.84985
,,1.84970
,,1.84955
,,1.84941
,,1.84926
,,1.84911
,,1.84897
,,1.84882
,,1.84868
,,1.84854
,,1.84840
,,1.84825
,,1.84811
,,1.84796
,,1.84782
,,1.84767
,,1.84753
,,1.84738
,,1.84724
,,1.84709
,,1.84694
,,1.84680
,,1.84665
,,1.84650
,,1.84635
,,1.84620
,,1.84605
,,1.84590
,,1.84575
,,1.84560
,,1.84546
,,1.84531
,,1.84516
,,1.84502
,,1.84487
,,1.84472
,,1.84458
,,1.84443
,,1.84429
,,1.84414
,,1.84399
,,1.84384
,,1.84370
,,1.84355
,,1.84340
,,1.84325
,,1.84310
,,1.84295
,,1.84280
,,1.84265
,,1.84250
,,1.84235
,,1.84220
,,1.84205
,,1.84190
,,1.84175
,,1.84161
,,1.84146
,,1.84132
,,1.84117
,,1.84103
,,1.84089
,,1.84074
,,1.84060
,,1.84045
,,1.84031
,,1.84016
,,1.84001
,,1.83987
,,1.83972
,,1.83958
,,1.83943
,,1.83928
,,1.83913
,,1.83899
,,1.83884
,,1.83869
,,1.83854
,,1.83839
,,1.83824
,,1.83810
,,1.83795
,,1.83781
,,1.83766
,,1.83752
,,1.83737
,,1.83723
,,1.83709
,,1.83694
,,1.83680
,,1.83665
,,1.83650
,,1.83635
,,1.83621
,,1.83606
,,1.83591
,,1.83577
,,1.83562
,,1.83547
,,1.83532
,,1.83517
,,1.83502
,,1.83487
,,1.83472
,,1.83457
,,1.83442
,,1.83428
,,1.83413
,,1.83398
,,1.83383
,,1.83369
,,1.83354
,,1.83339
,,1.83324
,,1.83310
,,1.83295
,,1.83280
,,1.83265
,,1.83250
,,1.83235
,,1.83220
,,1.83205
,,1.83191
,,1.83176
,,1.83161
,,1.83146
,,1.83131
,,1.83116
,,1.83101
,,1.83086
,,1.83072
,,1.83057
,,1.83042
,,1.83028
,,1.83013
,,1.82999
,,1.82985
,,1.82970
,,1.82956
,,1.82941
,,1.82926
,,1.82912
,,1.82897
,,1.82883
,,1.82868
,,1.82853
,,1.82838
,,1.82823
,,1.82809
,,1.82794
,,1.82779
,,1.82764
,,1.82749
,,1.82734
,,1.82720
,,1.82705
,,1.82690
,,1.82675
,,1.82661
,,1.82646
,,1.82632
,,1.82618
,,1.82603
,,1.82589
,,1.82574
,,1.82560
,,1.82545
,,1.82530
,,1.82515
,,1.82500
,,1.82486
,,1.82471
,,1.82456
,,1.82441
,,1.82426
,,1.82411
,,1.82396
,,1.82381
,,1.82366
,,1.82351
,,1.82336
,,1.82321
,,1.82306
,,1.82291
,,1.82276
,,1.82262
,,1.82247
,,1.82232
,,1.82217
,,1.82203
,,1.82188
,,1.82173
,,1.82158
,,1.82143
,,1.82128
,,1.82113
,,1.82098
,,1.82084
,,1.82069
,,1.82054
,,1.82039
,,1.82024
,,1.82009
,,1.81994
,,1.81979
,,1.81964
,,1.81949
,,1.81935
,,1.81920
,,1.81905
,,1.81891
,,1.81876
,,1.81862
,,1.81847
,,1.81833
,,1.81818
,,1.81803
,,1.81789
,,1.81774
,,1.81759
,,1.81744
,,1.81730
,,1.81715
,,1.81700
,,1.81686
,,1.81671
,,1.81656
,,1.81641
,,1.81625
,,1.81610
,,1.81596
,,1.81581
,,1.81566
,,1.81551
,,1.81536
,,1.81522
,,1.81507
,,1.81492
,,1.81477
,,1.81463
,,1.81448
,,1.81433
,,1.81418
,,1.81403
,,1.81388
,,1.81373
,,1.81358
,,1.81343
,,1.81328
,,1.81313
,,1.81297
,,1.81282
,,1.81267
,,1.81252
,,1.81237
,,1.81222
,,1.81207
,,1.81192
,,1.81177
,,1.81163
,,1.81148
,,1.81133
,,1.81118
,,1.81103
,,1.81088
,,1.81074
,,1.81059
,,1.81044
,,1.81029
,,1.81014
,,1.80999
,,1.80984
,,1.80969
,,1.80954
,,1.80939
,,1.80924
,,1.80909
,,1.80894
,,1.80879
,,1.80864
,,1.80849
,,1.80834
,,1.80819
,,1.80805
,,1.80790
,,1.80776
,,1.80761
,,1.80746
,,1.80732
,,1.80717
,,1.80703
,,1.80688
,,1.80673
,,1.80659
,,1.80644
,,1.80629
,,1.80614
,,1.80599
,,1.80584
,,1.80569
,,1.80554
,,1.80539
,,1.80524
,,1.80509
,,1.80493
,,1.80478
,,1.80463
,,1.80448
,,1.80433
,,1.80418
,,1.80404
,,1.80389
,,1.80374
,,1.80359
,,1.80344
,,1.80329
,,1.80314
,,1.80299
,,1.80284
,,1.80269
,,1.80254
,,1.80239
,,1.80224
,,1.80208
,,1.80193
,,1.80178
,,1.80163
,,1.80147
,,1.80132
,,1.80117
,,1.80102
,,1.80087
,,1.80072
,,1.80057
,,1.80043
,,1.80028
,,1.80013
,,1.79998
,,1.79984
,,1.79969
,,1.79954
,,1.79939
,,1.79924
,,1.79909
,,1.79894
,,1.79879
,,1.79864
,,1.79849
,,1.79835
,,1.79820
,,1.79805
,,1.79790
,,1.79775
,,1.79759
,,1.79744
,,1.79729
,,1.79714
,,1.79699
,,1.79685
,,1.79670
,,1.79655
,,1.79641
,,1.79626
,,1.79611
,,1.79597
,,1.79582
,,1.79567
,,1.79552
,,1.79538
,,1.79523
,,1.79508
,,1.79493
,,1.79478
,,1.79463
,,1.79448
,,1.79432
,,1.79417
,,1.79402
,,1.79387
,,1.79371
,,1.79356
,,1.79341
,,1.79326
,,1.79311
,,1.79296
,,1.79281
,,1.79266
,,1.79251
,,1.79236
,,1.79221
,,1.79206
,,1.79191
,,1.79176
,,1.79161
,,1.79146
,,1.79131
,,1.79116
,,1.79100
,,1.79085
,,1.79070
,,1.79055
,,1.79040
,,1.79025
,,1.79010
,,1.78995
,,1.78980
,,1.78965
,,1.78950
,,1.78935
,,1.78920
,,1.78905
,,1.78891
,,1.78876
,,1.78862
,,1.78847
,,1.78832
,,1.78818
,,1.78803
,,1.78788
,,1.78773
,,1.78758
,,1.78743
,,1.78728
,,1.78713
,,1.78698
,,1.78683
,,1.78668
,,1.78653
,,1.78638
,,1.78623
,,1.78607
,,1.78592
,,1.78577
,,1.78562
,,1.78548
,,1.78533
,,1.78518
,,1.78503
,,1.78489
,,1.78474
,,1.78459
,,1.78444
,,1.78429
,,1.78415
,,1.78400
,,1.78384
,,1.78369
,,1.78354
,,1.78339
,,1.78324
,,1.78309
,,1.78293
,,1.78278
,,1.78263
,,1.78248
,,1.78232
,,1.78217
,,1.78202
,,1.78187
,,1.78172
,,1.78157
,,1.78142
,,1.78127
,,1.78113
,,1.78098
,,1.78083
,,1.78068
,,1.78053
,,1.78038
,,1.78023
,,1.78008
,,1.77993
,,1.77978
,,1.77963
,,1.77948
,,1.77933
,,1.77917
,,1.77902
,,1.77887
,,1.77872
,,1.77857
,,1.77842
,,1.77827
,,1.77812
,,1.77797
,,1.77782
,,1.77768
,,1.77753
,,1.77738
,,1.77724
,,1.77709
,,1.77694
,,1.77680
,,1.77665
,,1.77650
,,1.77635
,,1.77621
,,1.77606
,,1.77591
,,1.77575
,,1.77560
,,1.77546
,,1.77531
,,1.77515
,,1.77500
,,1.77485
,,1.77470
,,1.77455
,,1.77440
,,1.77425
,,1.77410
,,1.77395
,,1.77380
,,1.77365
,,1.77350
,,1.77335
,,1.77320
,,1.77305
,,1.77290
,,1.77275
,,1.77260
,,1.77245
,,1.77230
,,1.77215
,,1.77200
,,1.77184
,,1.77169
,,1.77154
,,1.77138
,,1.77123
,,1.77108
,,1.77093
,,1.77077
,,1.77062
,,1.77047
,,1.77033
,,1.77018
,,1.77003
,,1.76988
,,1.76974
,,1.76959
,,1.76944
,,1.76929
,,1.76914
,,1.76899
,,1.76884
,,1.76869
,,1.76854
,,1.76839
,,1.76824
,,1.76809
,,1.76794
,,1.76779
,,1.76764
,,1.76748
,,1.76733
,,1.76718
,,1.76703
,,1.76688
,,1.76674
,,1.76659
,,1.76644
,,1.76630
,,1.76615
,,1.76600
,,1.76586
,,1.76571
,,1.76556
,,1.76541
,,1.76526
,,1.76511
,,1.76496
,,1.76482
,,1.76467
,,1.76452
,,1.76437
,,1.76421
,,1.76406
,,1.76391
,,1.76376
,,1.76360
,,1.76345
,,1.76330
,,1.76315
,,1.76300
,,1.76284
,,1.76269
,,1.76254
,,1.76239
,,1.76225
,,1.76210
,,1.76194
,,1.76179
,,1.76164
,,1.76149
,,1.76134
,,1.76119
,,1.76103
,,1.76088
,,1.76073
,,1.76058
,,1.76043
,,1.76027
,,1.76012
,,1.75997
,,1.75982
,,1.75966
,,1.75951
,,1.75936
,,1.75921
,,1.75907
,,1.75892
,,1.75877
,,1.75862
,,1.75848
,,1.75833
,,1.75818
,,1.75803
,,1.75788
,,1.75773
,,1.75758
,,1.75743
,,1.75728
,,1.75713
,,1.75698
,,1.75683
,,1.75668
,,1.75653
,,1.75638
,,1.75623
,,1.75608
,,1.75592
,,1.75577
,,1.75562
,,1.75547
,,1.75532
,,1.75518
,,1.75503
,,1.75488
,,1.75473
,,1.75458
,,1.75444
,,1.75429
,,1.75414
,,1.75399
,,1.75384
,,1.75369
,,1.75354
,,1.75339
,,1.75323
,,1.75308
,,1.75293
,,1.75278
,,1.75262
,,1.75247
,,1.75232
,,1.75216
,,1.75201
,,1.75186
,,1.75171
,,1.75155
,,1.75141
,,1.75126
,,1.75111
,,1.75096
,,1.75080
,,1.75065
,,1.75050
,,1.75035
,,1.75020
,,1.75005
,,1.74989
,,1.74974
,,1.74959
,,1.74944
,,1.74929
,,1.74913
,,1.74898
,,1.74883
,,1.74868
,,1.74853
,,1.74838
,,1.74823
,,1.74808
,,1.74793
,,1.74778
,,1.74763
,,1.74748
,,1.74734
,,1.74719
,,1.74705
,,1.74690
,,1.74675
,,1.74660
,,1.74645
,,1.74630
,,1.74615
,,1.74600
,,1.74585
,,1.74570
,,1.74555
,,1.74540
,,1.74525
,,1.74510
,,1.74494
,,1.74479
,,1.74464
,,1.74449
,,1.74434
,,1.74418
,,1.74403
,,1.74388
,,1.74373
,,1.74358
,,1.74343
,,1.74329
,,1.74314
,,1.74299
,,1.74284
,,1.74269
,,1.74254
,,1.74238
,,1.74223
,,1.74208
,,1.74193
,,1.74178
,,1.74162
,,1.74147
,,1.74132
,,1.74116
,,1.74101
,,1.74086
,,1.74070
,,1.74055
,,1.74040
,,1.74025
,,1.74010
,,1.73995
,,1.73980
,,1.73966
,,1.73951
,,1.73936
,,1.73921
,,1.73906
,,1.73891
,,1.73876
,,1.73861
,,1.73845
,,1.73830
,,1.73815
,,1.73800
,,1.73785
,,1.73770
,,1.73755
,,1.73740
,,1.73724
,,1.73709
,,1.73694
,,1.73679
,,1.73664
,,1.73649
,,1.73634
,,1.73619
,,1.73604
,,1.73589
,,1.73575
,,1.73560
,,1.73545
,,1.73531
,,1.73516
,,1.73501
,,1.73486
,,1.73471
,,1.73456
,,1.73441
,,1.73426
,,1.73411
,,1.73396
,,1.73380
,,1.73365
,,1.73350
,,1.73334
,,1.73319
,,1.73304
,,1.73289
,,1.73274
,,1.73259
,,1.73244
,,1.73229
,,1.73214
,,1.73199
,,1.73184
,,1.73169
,,1.73154
,,1.73139
,,1.73124
,,1.73108
,,1.73093
,,1.73078
,,1.73062
,,1.73048
,,1.73032
,,1.73017
,,1.73002
,,1.72987
,,1.72972
,,1.72956
,,1.72941
,,1.72926
,,1.72911
,,1.72896
,,1.72881
,,1.72866
,,1.72851
,,1.72836
,,1.72822
,,1.72807
,,1.72792
,,1.72777
,,1.72762
,,1.72747
,,1.72732
,,1.72717
,,1.72702
,,1.72687
,,1.72672
,,1.72657
,,1.72642
,,1.72626
,,1.72611
,,1.72596
,,1.72581
,,1.72566
,,1.72551
,,1.72536
,,1.72521
,,1.72506
,,1.72491
,,1.72476
,,1.72462
,,1.72447
,,1.72432
,,1.72418
,,1.72403
,,1.72388
,,1.72373
,,1.72358
,,1.72343
,,1.72328
,,1.72313
,,1.72298
,,1.72283
,,1.72268
,,1.72253
,,1.72238
,,1.72222
,,1.72207
,,1.72192
,,1.72176
,,1.72161
,,1.72146
,,1.72131
,,1.72116
,,1.72101
,,1.72086
,,1.72071
,,1.72056
,,1.72041
,,1.72026
,,1.72011
,,1.71996
,,1.71980
,,1.71965
,,1.71950
,,1.71935
,,1.71919
,,1.71904
,,1.71889
,,1.71874
,,1.71859
,,1.71844
,,1.71828
,,1.71813
,,1.71798
,,1.71783
,,1.71768
,,1.71753
,,1.71738
,,1.71723
,,1.71709
,,1.71694
,,1.71679
,,1.71665
,,1.71650
,,1.71635
,,1.71620
,,1.71605
,,1.71590
,,1.71575
,,1.71561
,,1.71546
,,1.71531
,,1.71516
,,1.71500
,,1.71485
,,1.71470
,,1.71455
,,1.71440
,,1.71425
,,1.71410
,,1.71395
,,1.71380
,,1.71365
,,1.71350
,,1.71335
,,1.71320
,,1.71305
,,1.71290
,,1.71275
,,1.71260
,,1.71245
,,1.71230
,,1.71215
,,1.71200
,,1.71185
,,1.71169
,,1.71154
,,1.71139
,,1.71124
,,1.71109
,,1.71093
,,1.71078
,,1.71063
,,1.71047
,,1.71032
,,1.71017
,,1.71002
,,1.70987
,,1.70972
,,1.70957
,,1.70942
,,1.70927
,,1.70913
,,1.70898
,,1.70883
,,1.70867
,,1.70852
,,1.70837
,,1.70822
,,1.70807
,,1.70792
,,1.70777
,,1.70762
,,1.70747
,,1.70732
,,1.70717
,,1.70702
,,1.70686
,,1.70672
,,1.70657
,,1.70642
,,1.70627
,,1.70612
,,1.70598
,,1.70583
,,1.70568
,,1.70554
,,1.70539
,,1.70525
,,1.70510
,,1.70495
,,1.70480
,,1.70465
,,1.70450
,,1.70435
,,1.70420
,,1.70405
,,1.70391
,,1.70376
,,1.70360
,,1.70345
,,1.70330
,,1.70314
,,1.70299
,,1.70284
,,1.70269
,,1.70254
,,1.70239
,,1.70224
,,1.70209
,,1.70194
,,1.70179
,,1.70164
,,1.70149
,,1.70134
,,1.70119
,,1.70103
,,1.70088
,,1.70073
,,1.70058
,,1.70042
,,1.70027
,,1.70012
,,1.69997
,,1.69981
,,1.69966
,,1.69951
,,1.69936
,,1.69920
,,1.69905
,,1.69890
,,1.69875
,,1.69860
,,1.69846
,,1.69831
,,1.69816
,,1.69802
,,1.69787
,,1.69772
,,1.69757
,,1.69743
,,1.69728
,,1.69713
,,1.69698
,,1.69683
,,1.69668
,,1.69653
,,1.69638
,,1.69623
,,1.69608
,,1.69593
,,1.69578
,,1.69563
,,1.69548
,,1.69533
,,1.69518
,,1.69503
,,1.69488
,,1.69474
,,1.69459
,,1.69445
,,1.69430
,,1.69415
,,1.69401
,,1.69386
,,1.69371
,,1.69356
,,1.69342
,,1.69326
,,1.69311
,,1.69296
,,1.69282
,,1.69267
,,1.69251
,,1.69236
,,1.69221
,,1.69206
,,1.69191
,,1.69175
,,1.69160
,,1.69145
,,1.69130
,,1.69115
,,1.69100
,,1.69085
,,1.69070
,,1.69055
,,1.69041
,,1.69026
,,1.69011
,,1.68996
,,1.68981
,,1.68966
,,1.68951
,,1.68936
,,1.68920
,,1.68905
,,1.68890
,,1.68875
,,1.68860
,,1.68845
,,1.68830
,,1.68815
,,1.68800
,,1.68785
,,1.68770
,,1.68755
,,1.68741
,,1.68726
,,1.68712
,,1.68697
,,1.68683
,,1.68668
,,1.68653
,,1.68639
,,1.68624
,,1.68609
,,1.68595
,,1.68580
,,1.68565
,,1.68550
,,1.68535
,,1.68521
,,1.68506
,,1.68491
,,1.68476
,,1.68461
,,1.68446
,,1.68431
,,1.68416
,,1.68401
,,1.68386
,,1.68372
,,1.68357
,,1.68342
,,1.68328
,,1.68313
,,1.68299
,,1.68284
,,1.68270
,,1.68255
,,1.68240
,,1.68226
,,1.68211
,,1.68196
,,1.68181
,,1.68166
,,1.68151
,,1.68137
,,1.68122
,,1.68107
,,1.68092
,,1.68076
,,1.68061
,,1.68046
,,1.68031
,,1.68016
,,1.68001
,,1.67987
,,1.67972
,,1.67957
,,1.67943
,,1.67928
,,1.67913
,,1.67898
,,1.67883
,,1.67869
,,1.67853
,,1.67838
,,1.67823
,,1.67808
,,1.67794
,,1.67779
,,1.67764
,,1.67749
,,1.67734
,,1.67719
,,1.67704
,,1.67689
,,1.67674
,,1.67659
,,1.67645
,,1.67630
,,1.67616
,,1.67601
,,1.67587
,,1.67572
,,1.67558
,,1.67544
,,1.67530
,,1.67515
,,1.67501
,,1.67486
,,1.67472
,,1.67457
,,1.67442
,,1.67428
,,1.67413
,,1.67399
,,1.67384
,,1.67369
,,1.67355
,,1.67340
,,1.67325
,,1.67310
,,1.67296
,,1.67281
,,1.67266
,,1.67251
,,1.67237
,,1.67222
,,1.67207
,,1.67193
,,1.67178
,,1.67163
,,1.67149
,,1.67134
,,1.67119
,,1.67104
,,1.67089
,,1.67074
,,1.67059
,,1.67044
,,1.67029
,,1.67014
,,1.66999
,,1.66985
,,1.66969
,,1.66954
,,1.66939
,,1.66924
,,1.66910
,,1.66895
,,1.66880
,,1.66865
,,1.66851
,,1.66836
,,1.66822
,,1.66807
,,1.66792
,,1.66778
,,1.66763
,,1.66748
,,1.66733
,,1.66718
,,1.66704
,,1.66689
,,1.66674
,,1.66660
,,1.66645
,,1.66630
,,1.66615
,,1.66600
,,1.66585
,,1.66571
,,1.66556
,,1.66542
,,1.66527
,,1.66513
,,1.66498
,,1.66484
,,1.66470
,,1.66456
,,1.66442
,,1.66427
,,1.66413
,,1.66399
,,1.66384
,,1.66370
,,1.66355
,,1.66341
,,1.66326
,,1.66312
,,1.66297
,,1.66282
,,1.66268
,,1.66253
,,1.66238
,,1.66223
,,1.66208
,,1.66193
,,1.66178
,,1.66164
,,1.66149
,,1.66134
,,1.66120
,,1.66105
,,1.66090
,,1.66076
,,1.66061
,,1.66047
,,1.66032
,,1.66017
,,1.66002
,,1.65987
,,1.65972
,,1.65958
,,1.65943
,,1.65928
,,1.65913
,,1.65898
,,1.65883
,,1.65868
,,1.65853
,,1.65838
,,1.65823
,,1.65809
,,1.65794
,,1.65779
,,1.65765
,,1.65750
,,1.65736
,,1.65721
,,1.65707
,,1.65692
,,1.65678
,,1.65663
,,1.65648
,,1.65634
,,1.65619
,,1.65604
,,1.65590
,,1.65575
,,1.65560
,,1.65546
,,1.65531
,,1.65517
,,1.65502
,,1.65487
,,1.65473
,,1.65458
,,1.65443
,,1.65429
,,1.65414
,,1.65400
,,1.65386
,,1.65371
,,1.65357
,,1.65343
,,1.65328
,,1.65314
,,1.65299
,,1.65285
,,1.65270
,,1.65256
,,1.65241
,,1.65227
,,1.65212
,,1.65197
,,1.65183
,,1.65168
,,1.65153
,,1.65138
,,1.65123
,,1.65108
,,1.65093
,,1.65078
,,1.65063
,,1.65048
,,1.65034
,,1.65019
,,1.65004
,,1.64990
,,1.64975
,,1.64960
,,1.64946
,,1.64931
,,1.64916
,,1.64901
,,1.64886
,,1.64871
,,1.64856
,,1.64841
,,1.64827
,,1.64812
,,1.64797
,,1.64782
,,1.64767
,,1.64752
,,1.64737
,,1.64722
,,1.64708
,,1.64693
,,1.64679
,,1.64664
,,1.64650
,,1.64635
,,1.64621
,,1.64606
,,1.64592
,,1.64577
,,1.64563
,,1.64548
,,1.64534
,,1.64519
,,1.64504
,,1.64489
,,1.64475
,,1.64460
,,1.64445
,,1.64431
,,1.64416
,,1.64401
,,1.64387
,,1.64372
,,1.64357
,,1.64342
,,1.64328
,,1.64313
,,1.64298
,,1.64284
,,1.64270
,,1.64255
,,1.64241
,,1.64226
,,1.64212
,,1.64197
,,1.64183
,,1.64168
,,1.64154
,,1.64139
,,1.64124
,,1.64109
,,1.64095
,,1.64080
,,1.64065
,,1.64050
,,1.64035
,,1.64020
,,1.64005
,,1.63990
,,1.63975
,,1.63960
,,1.63945
,,1.63931
,,1.63916
,,1.63901
,,1.63887
,,1.63872
,,1.63857
,,1.63842
,,1.63828
,,1.63813
,,1.63798
,,1.63783
,,1.63768
,,1.63753
,,1.63738
,,1.63723
,,1.63708
,,1.63693
,,1.63678
,,1.63663
,,1.63648
,,1.63633
,,1.63619
,,1.63604
,,1.63589
,,1.63574
,,1.63560
,,1.63545
,,1.63531
,,1.63516
,,1.63502
,,1.63488
,,1.63473
,,1.63459
,,1.63444
,,1.63430
,,1.63415
,,1.63400
,,1.63386
,,1.63371
,,1.63357
,,1.63342
,,1.63327
,,1.63313
,,1.63298
,,1.63283
,,1.63268
,,1.63253
,,1.63238
,,1.63224
,,1.63209
,,1.63194
,,1.63180
,,1.63165
,,1.63150
,,1.63136
,,1.63121
,,1.63107
,,1.63092
,,1.63078
,,1.63063
,,1.63048
,,1.63033
,,1.63018
,,1.63003
,,1.62988
,,1.62973
,,1.62959
,,1.62944
,,1.62929
,,1.62914
,,1.62898
,,1.62883
,,1.62868
,,1.62853
,,1.62839
,,1.62824
,,1.62809
,,1.62794
,,1.62780
,,1.62765
,,1.62750
,,1.62736
,,1.62721
,,1.62706
,,1.62691
,,1.62676
,,1.62661
,,1.62646
,,1.62631
,,1.62616
,,1.62601
,,1.62586
,,1.62572
,,1.62557
,,1.62542
,,1.62527
,,1.62512
,,1.62497
,,1.62482
,,1.62468
,,1.62454
,,1.62439
,,1.62425
,,1.62410
,,1.62396
,,1.62382
,,1.62367
,,1.62353
,,1.62338
,,1.62324
,,1.62309
,,1.62295
,,1.62280
,,1.62265
,,1.62251
,,1.62236
,,1.62221
,,1.62207
,,1.62192
,,1.62177
,,1.62162
,,1.62147
,,1.62132
,,1.62117
,,1.62102
,,1.62087
,,1.62072
,,1.62058
,,1.62043
,,1.62028
,,1.62014
,,1.61999
,,1.61984
,,1.61969
,,1.61955
,,1.61940
,,1.61925
,,1.61910
,,1.61895
,,1.61880
,,1.61865
,,1.61850
,,1.61835
,,1.61820
,,1.61805
,,1.61790
,,1.61775
,,1.61760
,,1.61745
,,1.61730
,,1.61716
,,1.61701
,,1.61686
,,1.61672
,,1.61657
,,1.61642
,,1.61628
,,1.61613
,,1.61598
,,1.61583
,,1.61569
,,1.61554
,,1.61539
,,1.61524
,,1.61509
,,1.61494
,,1.61479
,,1.61465
,,1.61450
,,1.61435
,,1.61419
,,1.61405
,,1.61390
,,1.61375
,,1.61360
,,1.61345
,,1.61331
,,1.61316
,,1.61302
,,1.61287
,,1.61273
,,1.61258
,,1.61244
,,1.61230
,,1.61215
,,1.61200
,,1.61186
,,1.61171
,,1.61156
,,1.61142
,,1.61127
,,1.61112
,,1.61097
,,1.61082
,,1.61067
,,1.61052
,,1.61037
,,1.61022
,,1.61007
,,1.60992
,,1.60977
,,1.60962
,,1.60947
,,1.60932
,,1.60918
,,1.60903
,,1.60888
,,1.60873
,,1.60858
,,1.60843
,,1.60828
,,1.60813
,,1.60798
,,1.60783
,,1.60768
,,1.60753
,,1.60738
,,1.60723
,,1.60708
,,1.60693
,,1.60678
,,1.60663
,,1.60648
,,1.60633
,,1.60618
,,1.60604
,,1.60589
,,1.60574
,,1.60560
,,1.60545
,,1.60531
,,1.60516
,,1.60502
,,1.60487
,,1.60472
,,1.60457
,,1.60443
,,1.60428
,,1.60413
,,1.60398
,,1.60383
,,1.60369
,,1.60354
,,1.60339
,,1.60324
,,1.60309
,,1.60294
,,1.60280
,,1.60265
,,1.60250
,,1.60235
,,1.60220
,,1.60206
,,1.60191
,,1.60177
,,1.60162
,,1.60148
,,1.60133
,,1.60118
,,1.60104
,,1.60089
,,1.60075
,,1.60060
,,1.60045
,,1.60030
,,1.60015
,,1.60000
,,1.59986
,,1.59971
,,1.59956
,,1.59941
,,1.59926
,,1.59911
,,1.59896
,,1.59880
,,1.59866
,,1.59851
,,1.59836
,,1.59821
,,1.59806
,,1.59792
,,1.59777
,,1.59762
,,1.59747
,,1.59732
,,1.59717
,,1.59702
,,1.59687
,,1.59672
,,1.59657
,,1.59642
,,1.59627
,,1.59612
,,1.59597
,,1.59582
,,1.59567
,,1.59552
,,1.59537
,,1.59523
,,1.59508
,,1.59493
,,1.59478
,,1.59464
,,1.59449
,,1.59434
,,1.59420
,,1.59406
,,1.59391
,,1.59376
,,1.59362
,,1.59347
,,1.59332
,,1.59318
,,1.59303
,,1.59288
,,1.59273
,,1.59258
,,1.59244
,,1.59229
,,1.59214
,,1.59199
,,1.59185
,,1.59170
,,1.59155
,,1.59140
,,1.59125
,,1.59110
,,1.59095
,,1.59081
,,1.59066
,,1.59052
,,1.59037
,,1.59022
,,1.59008
,,1.58993
,,1.58978
,,1.58963
,,1.58948
,,1.58934
,,1.58919
,,1.58904
,,1.58889
,,1.58874
,,1.58859
,,1.58844
,,1.58829
,,1.58814
,,1.58799
,,1.58784
,,1.58769
,,1.58754
,,1.58739
,,1.58724
,,1.58709
,,1.58695
,,1.58680
,,1.58665
,,1.58650
,,1.58636
,,1.58621
,,1.58606
,,1.58591
,,1.58576
,,1.58561
,,1.58546
,,1.58531
,,1.58516
,,1.58501
,,1.58486
,,1.58471
,,1.58456
,,1.58441
,,1.58426
,,1.58412
,,1.58397
,,1.58382
,,1.58368
,,1.58353
,,1.58338
,,1.58324
,,1.58310
,,1.58295
,,1.58281
,,1.58267
,,1.58252
,,1.58238
,,1.58223
,,1.58208
,,1.58194
,,1.58179
,,1.58164
,,1.58150
,,1.58135
,,1.58120
,,1.58105
,,1.58090
,,1.58075
,,1.58060
,,1.58045
,,1.58030
,,1.58015
,,1.58001
,,1.57986
,,1.57971
,,1.57956
,,1.57942
,,1.57927
,,1.57912
,,1.57898
,,1.57883
,,1.57868
,,1.57854
,,1.57839
,,1.57824
,,1.57809
,,1.57794
,,1.57779
,,1.57764
,,1.57749
,,1.57734
,,1.57719
,,1.57704
,,1.57689
,,1.57674
,,1.57659
,,1.57644
,,1.57630
,,1.57615
,,1.57600
,,1.57586
,,1.57571
,,1.57557
,,1.57542
,,1.57527
,,1.57513
,,1.57498
,,1.57483
,,1.57468
,,1.57453
,,1.57438
,,1.57423
,,1.57409
,,1.57394
,,1.57379
,,1.57364
,,1.57349
,,1.57335
,,1.57320
,,1.57305
,,1.57290
,,1.57276
,,1.57261
,,1.57247
,,1.57232
,,1.57218
,,1.57203
,,1.57189
,,1.57175
,,1.57160
,,1.57146
,,1.57131
,,1.57117
,,1.57102
,,1.57088
,,1.57073
,,1.57059
,,1.57044
,,1.57029
,,1.57015
,,1.57000
,,1.56985
,,1.56970
,,1.56955
,,1.56940
,,1.56925
,,1.56910
,,1.56896
,,1.56881
,,1.56866
,,1.56851
,,1.56836
,,1.56822
,,1.56807
,,1.56792
,,1.56778
,,1.56763
,,1.56748
,,1.56733
,,1.56718
,,1.56703
,,1.56688
,,1.56673
,,1.56658
,,1.56643
,,1.56628
,,1.56613
,,1.56598
,,1.56583
,,1.56569
,,1.56554
,,1.56539
,,1.56524
,,1.56510
,,1.56495
,,1.56481
,,1.56466
,,1.56452
,,1.56438
,,1.56423
,,1.56409
,,1.56394
,,1.56380
,,1.56365
,,1.56351
,,1.56336
,,1.56321
,,1.56306
,,1.56292
,,1.56277
,,1.56262
,,1.56248
,,1.56233
,,1.56218
,,1.56203
,,1.56188
,,1.56174
,,1.56159
,,1.56145
,,1.56130
,,1.56116
,,1.56101
,,1.56087
,,1.56072
,,1.56058
,,1.56044
,,1.56029
,,1.56015
,,1.56000
,,1.55986
,,1.55971
,,1.55956
,,1.55942
,,1.55927
,,1.55912
,,1.55897
,,1.55883
,,1.55868
,,1.55853
,,1.55838
,,1.55823
,,1.55808
,,1.55793
,,1.55778
,,1.55764
,,1.55749
,,1.55734
,,1.55720
,,1.55705
,,1.55691
,,1.55676
,,1.55661
,,1.55646
,,1.55632
,,1.55617
,,1.55602
,,1.55587
,,1.55572
,,1.55557
,,1.55542
,,1.55528
,,1.55513
,,1.55498
,,1.55483
,,1.55468
,,1.55453
,,1.55438
,,1.55424
,,1.55409
,,1.55395
,,1.55380
,,1.55366
,,1.55352
,,1.55337
,,1.55323
,,1.55309
,,1.55294
,,1.55280
,,1.55265
,,1.55251
,,1.55236
,,1.55221
,,1.55207
,,1.55192
,,1.55178
,,1.55163
,,1.55148
,,1.55134
,,1.55119
,,1.55104
,,1.55089
,,1.55075
,,1.55060
,,1.55045
,,1.55031
,,1.55016
,,1.55002
,,1.54987
,,1.54973
,,1.54958
,,1.54944
,,1.54929
,,1.54915
,,1.54900
,,1.54886
,,1.54871
,,1.54856
,,1.54842
,,1.54827
,,1.54812
,,1.54797
,,1.54783
,,1.54768
,,1.54753
,,1.54738
,,1.54723
,,1.54708
,,1.54693
,,1.54679
,,1.54664
,,1.54649
,,1.54635
,,1.54620
,,1.54605
,,1.54591
,,1.54576
,,1.54562
,,1.54547
,,1.54532
,,1.54517
,,1.54502
,,1.54487
,,1.54472
,,1.54457
,,1.54443
,,1.54428
,,1.54413
,,1.54398
,,1.54383
,,1.54369
,,1.54354
,,1.54339
,,1.54325
,,1.54310
,,1.54296
,,1.54282
,,1.54267
,,1.54253
,,1.54239
,,1.54224
,,1.54210
,,1.54196
,,1.54182
,,1.54167
,,1.54153
,,1.54138
,,1.54124
,,1.54109
,,1.54094
,,1.54080
,,1.54066
,,1.54051
,,1.54036
,,1.54021
,,1.54007
,,1.53992
,,1.53977
,,1.53962
,,1.53948
,,1.53933
,,1.53918
,,1.53904
,,1.53889
,,1.53875
,,1.53860
,,1.53846
,,1.53831
,,1.53817
,,1.53802
,,1.53788
,,1.53773
,,1.53758
,,1.53744
,,1.53729
,,1.53714
,,1.53699
,,1.53685
,,1.53670
,,1.53655
,,1.53640
,,1.53625
,,1.53610
,,1.53595
,,1.53580
,,1.53566
,,1.53551
,,1.53536
,,1.53522
,,1.53508
,,1.53493
,,1.53479
,,1.53464
,,1.53450
,,1.53435
,,1.53420
,,1.53405
,,1.53391
,,1.53376
,,1.53361
,,1.53346
,,1.53332
,,1.53317
,,1.53302
,,1.53288
,,1.53273
,,1.53258
,,1.53243
,,1.53229
,,1.53214
,,1.53200
,,1.53185
,,1.53171
,,1.53157
,,1.53143
,,1.53128
,,1.53114
,,1.53100
,,1.53085
,,1.53071
,,1.53057
,,1.53042
,,1.53028
,,1.53013
,,1.52999
,,1.52984
,,1.52970
,,1.52955
,,1.52941
,,1.52926
,,1.52911
,,1.52896
,,1.52881
,,1.52866
,,1.52852
,,1.52837
,,1.52822
,,1.52807
,,1.52793
,,1.52778
,,1.52764
,,1.52749
,,1.52735
,,1.52720
,,1.52705
,,1.52690
,,1.52676
,,1.52661
,,1.52646
,,1.52631
,,1.52616
,,1.52601
,,1.52587
,,1.52572
,,1.52557
,,1.52542
,,1.52527
,,1.52512
,,1.52497
,,1.52482
,,1.52468
,,1.52453
,,1.52439
,,1.52424
,,1.52410
,,1.52395
,,1.52381
,,1.52366
,,1.52352
,,1.52337
,,1.52323
,,1.52308
,,1.52293
,,1.52278
,,1.52264
,,1.52249
,,1.52234
,,1.52220
,,1.52205
,,1.52190
,,1.52175
,,1.52161
,,1.52146
,,1.52131
,,1.52116
,,1.52102
,,1.52087
,,1.52073
,,1.52059
,,1.52044
,,1.52030
,,1.52016
,,1.52002
,,1.51987
,,1.51973
,,1.51958
,,1.51944
,,1.51930
,,1.51915
,,1.51900
,,1.51886
,,1.51871
,,1.51856
,,1.51842
,,1.51827
,,1.51812
,,1.51797
,,1.51782
,,1.51767
,,1.51752
,,1.51738
,,1.51723
,,1.51708
,,1.51694
,,1.51679
,,1.51664
,,1.51650
,,1.51635
,,1.51621
,,1.51606
,,1.51591
,,1.51576
,,1.51562
,,1.51547
,,1.51532
,,1.51517
,,1.51502
,,1.51487
,,1.51473
,,1.51458
,,1.51443
,,1.51428
,,1.51413
,,1.51398
,,1.51384
,,1.51369
,,1.51355
,,1.51340
,,1.51326
,,1.51312
,,1.51297
,,1.51283
,,1.51269
,,1.51254
,,1.51240
,,1.51225
,,1.51211
,,1.51196
,,1.51181
,,1.51167
,,1.51152
,,1.51137
,,1.51123
,,1.51108
,,1.51094
,,1.51079
,,1.51064
,,1.51049
,,1.51034
,,1.51020
,,1.51005
,,1.50991
,,1.50976
,,1.50962
,,1.50947
,,1.50933
,,1.50919
,,1.50904
,,1.50890
,,1.50875
,,1.50861
,,1.50846
,,1.50832
,,1.50817
,,1.50802
,,1.50788
,,1.50773
,,1.50759
,,1.50744
,,1.50729
,,1.50715
,,1.50700
,,1.50685
,,1.50670
,,1.50655
,,1.50640
,,1.50625
,,1.50610
,,1.50596
,,1.50581
,,1.50566
,,1.50552
,,1.50537
,,1.50523
,,1.50508
,,1.50493
,,1.50478
,,1.50464
,,1.50449
,,1.50434
,,1.50419
,,1.50404
,,1.50389
,,1.50374
,,1.50359
,,1.50344
,,1.50329
,,1.50315
,,1.50300
,,1.50285
,,1.50270
,,1.50256
,,1.50241
,,1.50227
,,1.50213
,,1.50198
,,1.50184
,,1.50170
,,1.50155
,,1.50141
,,1.50126
,,1.50112
,,1.50097
,,1.50083
,,1.50068
,,1.50054
,,1.50039
,,1.50024
,,1.50010
,,1.49995
,,1.49981
,,1.49966
,,1.49951
,,1.49936
,,1.49921
,,1.49907
,,1.49892
,,1.49877
,,1.49863
,,1.49848
,,1.49834
,,1.49819
,,1.49805
,,1.49791
,,1.49776
,,1.49761
,,1.49747
,,1.49732
,,1.49717
,,1.49703
,,1.49688
,,1.49673
,,1.49659
,,1.49644
,,1.49629
,,1.49614
,,1.49599
,,1.49584
,,1.49569
,,1.49554
,,1.49539
,,1.49525
,,1.49510
,,1.49495
,,1.49481
,,1.49466
,,1.49451
,,1.49437
,,1.49422
,,1.49408
,,1.49393
,,1.49378
,,1.49363
,,1.49348
,,1.49333
,,1.49319
,,1.49304
,,1.49289
,,1.49274
,,1.49259
,,1.49244
,,1.49229
,,1.49215
,,1.49200
,,1.49185
,,1.49171
,,1.49156
,,1.49142
,,1.49127
,,1.49113
,,1.49099
,,1.49084
,,1.49070
,,1.49056
,,1.49041
,,1.49027
,,1.49013
,,1.48998
,,1.48984
,,1.48969
,,1.48954
,,1.48940
,,1.48925
,,1.48911
,,1.48896
,,1.48881
,,1.48866
,,1.48851
,,1.48837
,,1.48822
,,1.48807
,,1.48792
,,1.48778
,,1.48763
,,1.48749
,,1.48734
,,1.48720
,,1.48705
,,1.48691
,,1.48676
,,1.48662
,,1.48647
,,1.48633
,,1.48618
,,1.48603
,,1.48589
,,1.48574
,,1.48559
,,1.48544
,,1.48530
,,1.48515
,,1.48500
,,1.48485
,,1.48470
,,1.48455
,,1.48440
,,1.48425
,,1.48411
,,1.48396
,,1.48382
,,1.48367
,,1.48353
,,1.48338
,,1.48324
,,1.48309
,,1.48294
,,1.48280
,,1.48265
,,1.48250
,,1.48235
,,1.48221
,,1.48206
,,1.48191
,,1.48176
,,1.48161
,,1.48147
,,1.48132
,,1.48117
,,1.48103
,,1.48088
,,1.48073
,,1.48059
,,1.48044
,,1.48030
,,1.48016
,,1.48002
,,1.47987
,,1.47973
,,1.47959
,,1.47945
,,1.47931
,,1.47916
,,1.47902
,,1.47887
,,1.47873
,,1.47858
,,1.47844
,,1.47829
,,1.47815
,,1.47800
,,1.47785
,,1.47771
,,1.47756
,,1.47741
,,1.47726
,,1.47711
,,1.47697
,,1.47682
,,1.47667
,,1.47653
,,1.47638
,,1.47624
,,1.47609
,,1.47595
,,1.47580
,,1.47566
,,1.47551
,,1.47537
,,1.47522
,,1.47507
,,1.47492
,,1.47478
,,1.47463
,,1.47448
,,1.47433
,,1.47419
,,1.47404
,,1.47389
,,1.47374
,,1.47359
,,1.47344
,,1.47330
,,1.47315
,,1.47300
,,1.47286
,,1.47271
,,1.47257
,,1.47243
,,1.47228
,,1.47214
,,1.47199
,,1.47185
,,1.47170
,,1.47156
,,1.47141
,,1.47126
,,1.47111
,,1.47097
,,1.47082
,,1.47068
,,1.47053
,,1.47038
,,1.47024
,,1.47009
,,1.46994
,,1.46980
,,1.46965
,,1.46950
,,1.46936
,,1.46922
,,1.46908
,,1.46893
,,1.46879
,,1.46865
,,1.46851
,,1.46837
,,1.46822
,,1.46808
,,1.46793
,,1.46779
,,1.46765
,,1.46750
,,1.46735
,,1.46721
,,1.46706
,,1.46692
,,1.46677
,,1.46662
,,1.46647
,,1.46633
,,1.46618
,,1.46603
,,1.46588
,,1.46574
,,1.46559
,,1.46545
,,1.46530
,,1.46516
,,1.46502
,,1.46487
,,1.46473
,,1.46458
,,1.46444
,,1.46429
,,1.46414
,,1.46400
,,1.46385
,,1.46370
,,1.46355
,,1.46340
,,1.46326
,,1.46311
,,1.46296
,,1.46281
,,1.46266
,,1.46251
,,1.46237
,,1.46222
,,1.46208
,,1.46194
,,1.46179
,,1.46165
,,1.46151
,,1.46137
,,1.46122
,,1.46108
,,1.46093
,,1.46079
,,1.46064
,,1.46050
,,1.46035
,,1.46021
,,1.46006
,,1.45992
,,1.45977
,,1.45963
,,1.45948
,,1.45933
,,1.45919
,,1.45904
,,1.45890
,,1.45875
,,1.45861
,,1.45846
,,1.45832
,,1.45818
,,1.45804
,,1.45790
,,1.45775
,,1.45761
,,1.45747
,,1.45733
,,1.45718
,,1.45704
,,1.45690
,,1.45675
,,1.45661
,,1.45646
,,1.45632
,,1.45617
,,1.45603
,,1.45588
,,1.45573
,,1.45558
,,1.45544
,,1.45529
,,1.45514
,,1.45500
,,1.45485
,,1.45471
,,1.45456
,,1.45442
,,1.45427
,,1.45413
,,1.45399
,,1.45384
,,1.45370
,,1.45355
,,1.45341
,,1.45326
,,1.45311
,,1.45297
,,1.45282
,,1.45267
,,1.45253
,,1.45238
,,1.45223
,,1.45209
,,1.45194
,,1.45179
,,1.45165
,,1.45150
,,1.45136
,,1.45122
,,1.45107
,,1.45093
,,1.45079
,,1.45065
,,1.45050
,,1.45036
,,1.45022
,,1.45008
,,1.44993
,,1.44979
,,1.44964
,,1.44950
,,1.44935
,,1.44921
,,1.44906
,,1.44892
,,1.44877
,,1.44863
,,1.44848
,,1.44834
,,1.44819
,,1.44805
,,1.44790
,,1.44776
,,1.44762
,,1.44747
,,1.44733
,,1.44719
,,1.44705
,,1.44691
,,1.44677
,,1.44663
,,1.44648
,,1.44634
,,1.44620
,,1.44606
,,1.44591
,,1.44577
,,1.44562
,,1.44548
,,1.44534
,,1.44519
,,1.44505
,,1.44490
,,1.44475
,,1.44461
,,1.44446
,,1.44431
,,1.44416
,,1.44402
,,1.44387
,,1.44373
,,1.44359
,,1.44344
,,1.44330
,,1.44316
,,1.44301
,,1.44287
,,1.44272
,,1.44258
,,1.44243
,,1.44229
,,1.44214
,,1.44199
,,1.44185
,,1.44170
,,1.44155
,,1.44141
,,1.44126
,,1.44111
,,1.44097
,,1.44082
,,1.44068
,,1.44053
,,1.44039
,,1.44025
,,1.44010
,,1.43996
,,1.43982
,,1.43968
,,1.43954
,,1.43940
,,1.43926
,,1.43911
,,1.43897
,,1.43883
,,1.43868
,,1.43854
,,1.43839
,,1.43825
,,1.43811
,,1.43796
,,1.43782
,,1.43768
,,1.43753
,,1.43739
,,1.43724
,,1.43709
,,1.43695
,,1.43681
,,1.43666
,,1.43652
,,1.43638
,,1.43624
,,1.43610
,,1.43596
,,1.43582
,,1.43567
,,1.43553
,,1.43539
,,1.43525
,,1.43511
,,1.43496
,,1.43482
,,1.43467
,,1.43453
,,1.43439
,,1.43424
,,1.43410
,,1.43395
,,1.43380
,,1.43365
,,1.43351
,,1.43336
,,1.43322
,,1.43307
,,1.43293
,,1.43278
,,1.43264
,,1.43250
,,1.43236
,,1.43221
,,1.43207
,,1.43192
,,1.43178
,,1.43163
,,1.43149
,,1.43134
,,1.43120
,,1.43105
,,1.43091
,,1.43076
,,1.43061
,,1.43047
,,1.43032
,,1.43018
,,1.43003
,,1.42989
,,1.42975
,,1.42960
,,1.42946
,,1.42932
,,1.42918
,,1.42904
,,1.42890
,,1.42876
,,1.42862
,,1.42848
,,1.42834
,,1.42819
,,1.42805
,,1.42791
,,1.42776
,,1.42762
,,1.42748
,,1.42733
,,1.42719
,,1.42705
,,1.42690
,,1.42676
,,1.42661
,,1.42647
,,1.42633
,,1.42618
,,1.42604
,,1.42590
,,1.42575
,,1.42561
,,1.42547
,,1.42533
,,1.42519
,,1.42504
,,1.42490
,,1.42476
,,1.42462
,,1.42447
,,1.42433
,,1.42419
,,1.42404
,,1.42390
,,1.42375
,,1.42361
,,1.42346
,,1.42332
,,1.42317
,,1.42302
,,1.42287
,,1.42273
,,1.42258
,,1.42244
,,1.42229
,,1.42215
,,1.42201
,,1.42186
,,1.42172
,,1.42158
,,1.42144
,,1.42129
,,1.42115
,,1.42100
,,1.42086
,,1.42071
,,1.42057
,,1.42042
,,1.42028
,,1.42013
,,1.41999
,,1.41984
,,1.41970
,,1.41955
,,1.41941
,,1.41926
,,1.41912
,,1.41897
,,1.41883
,,1.41869
,,1.41855
,,1.41841
,,1.41826
,,1.41812
,,1.41798
,,1.41784
,,1.41770
,,1.41756
,,1.41742
,,1.41728
,,1.41713
,,1.41699
,,1.41685
,,1.41671
,,1.41656
,,1.41642
,,1.41628
,,1.41613
,,1.41599
,,1.41584
,,1.41570
,,1.41555
,,1.41541
,,1.41526
,,1.41512
,,1.41497
,,1.41483
,,1.41469
,,1.41454
,,1.41440
,,1.41426
,,1.41412
,,1.41398
,,1.41383
,,1.41369
,,1.41355
,,1.41340
,,1.41326
,,1.41311
,,1.41297
,,1.41282
,,1.41268
,,1.41253
,,1.41239
,,1.41224
,,1.41209
,,1.41195
,,1.41180
,,1.41165
,,1.41151
,,1.41136
,,1.41122
,,1.41108
,,1.41093
,,1.41079
,,1.41065
,,1.41050
,,1.41036
,,1.41022
,,1.41007
,,1.40993
,,1.40978
,,1.40963
,,1.40949
,,1.40934
,,1.40920
,,1.40905
,,1.40891
,,1.40876
,,1.40862
,,1.40847
,,1.40832
,,1.40818
,,1.40803
,,1.40789
,,1.40775
,,1.40760
,,1.40746
,,1.40732
,,1.40718
,,1.40704
,,1.40690
,,1.40676
,,1.40662
,,1.40647
,,1.40633
,,1.40619
,,1.40604
,,1.40590
,,1.40576
,,1.40561
,,1.40547
,,1.40532
,,1.40518
,,1.40503
,,1.40489
,,1.40474
,,1.40459
,,1.40445
,,1.40431
,,1.40416
,,1.40402
,,1.40387
,,1.40373
,,1.40359
,,1.40345
,,1.40330
,,1.40316
,,1.40302
,,1.40287
,,1.40273
,,1.40258
,,1.40244
,,1.40229
,,1.40215
,,1.40200
,,1.40185
,,1.40171
,,1.40156
,,1.40141
,,1.40126
,,1.40112
,,1.40097
,,1.40082
,,1.40068
,,1.40053
,,1.40039
,,1.40024
,,1.40010
,,1.39996
,,1.39982
,,1.39967
,,1.39953
,,1.39939
,,1.39924
,,1.39910
,,1.39895
,,1.39880
,,1.39866
,,1.39851
,,1.39836
,,1.39822
,,1.39807
,,1.39793
,,1.39778
,,1.39764
,,1.39749
,,1.39734
,,1.39720
,,1.39705
,,1.39691
,,1.39677
,,1.39663
,,1.39649
,,1.39634
,,1.39620
,,1.39606
,,1.39592
,,1.39578
,,1.39563
,,1.39549
,,1.39535
,,1.39520
,,1.39506
,,1.39492
,,1.39477
,,1.39463
,,1.39448
,,1.39434
,,1.39419
,,1.39404
,,1.39389
,,1.39375
,,1.39360
,,1.39346
,,1.39331
,,1.39317
,,1.39302
,,1.39288
,,1.39273
,,1.39259
,,1.39245
,,1.39230
,,1.39216
,,1.39202
,,1.39187
,,1.39173
,,1.39158
,,1.39143
,,1.39129
,,1.39114
,,1.39100
,,1.39085
,,1.39070
,,1.39056
,,1.39041
,,1.39026
,,1.39011
,,1.38996
,,1.38982
,,1.38967
,,1.38953
,,1.38938
,,1.38924
,,1.38909
,,1.38895
,,1.38881
,,1.38867
,,1.38852
,,1.38838
,,1.38823
,,1.38809
,,1.38794
,,1.38780
,,1.38765
,,1.38750
,,1.38736
,,1.38721
,,1.38707
,,1.38692
,,1.38678
,,1.38663
,,1.38648
,,1.38634
,,1.38620
,,1.38605
,,1.38591
,,1.38576
,,1.38562
,,1.38548
,,1.38534
,,1.38520
,,1.38505
,,1.38491
,,1.38477
,,1.38463
,,1.38448
,,1.38434
,,1.38419
,,1.38405
,,1.38390
,,1.38376
,,1.38361
,,1.38347
,,1.38332
,,1.38318
,,1.38303
,,1.38288
,,1.38273
,,1.38259
,,1.38244
,,1.38229
,,1.38215
,,1.38200
,,1.38186
,,1.38171
,,1.38157
,,1.38143
,,1.38128
,,1.38114
,,1.38099
,,1.38084
,,1.38070
,,1.38055
,,1.38040
,,1.38026
,,1.38011
,,1.37996
,,1.37981
,,1.37966
,,1.37952
,,1.37937
,,1.37922
,,1.37907
,,1.37893
,,1.37878
,,1.37864
,,1.37849
,,1.37835
,,1.37821
,,1.37806
,,1.37792
,,1.37778
,,1.37763
,,1.37749
,,1.37735
,,1.37720
,,1.37705
,,1.37691
,,1.37676
,,1.37661
,,1.37647
,,1.37632
,,1.37617
,,1.37603
,,1.37588
,,1.37573
,,1.37559
,,1.37544
,,1.37529
,,1.37515
,,1.37500
,,1.37486
,,1.37472
,,1.37458
,,1.37443
,,1.37429
,,1.37415
,,1.37400
,,1.37386
,,1.37372
,,1.37357
,,1.37343
,,1.37328
,,1.37314
,,1.37299
,,1.37285
,,1.37270
,,1.37255
,,1.37240
,,1.37226
,,1.37211
,,1.37196
,,1.37181
,,1.37166
,,1.37151
,,1.37136
,,1.37122
,,1.37107
,,1.37093
,,1.37078
,,1.37064
,,1.37050
,,1.37035
,,1.37020
,,1.37006
,,1.36991
,,1.36977
,,1.36962
,,1.36947
,,1.36932
,,1.36918
,,1.36903
,,1.36888
,,1.36873
,,1.36858
,,1.36843
,,1.36828
,,1.36814
,,1.36799
,,1.36784
,,1.36769
,,1.36755
,,1.36741
,,1.36726
,,1.36712
,,1.36697
,,1.36683
,,1.36669
,,1.36654
,,1.36640
,,1.36625
,,1.36610
,,1.36596
,,1.36581
,,1.36566
,,1.36552
,,1.36537
,,1.36522
,,1.36507
,,1.36493
,,1.36478
,,1.36463
,,1.36448
,,1.36434
,,1.36419
,,1.36404
,,1.36390
,,1.36375
,,1.36361
,,1.36347
,,1.36332
,,1.36318
,,1.36304
,,1.36289
,,1.36275
,,1.36260
,,1.36245
,,1.36231
,,1.36216
,,1.36201
,,1.36186
,,1.36172
,,1.36157
,,1.36142
,,1.36128
,,1.36112
,,1.36097
,,1.36082
,,1.36067
,,1.36053
,,1.36038
,,1.36023
,,1.36008
,,1.35994
,,1.35979
,,1.35965
,,1.35950
,,1.35936
,,1.35921
,,1.35906
,,1.35892
,,1.35877
,,1.35862
,,1.35847
,,1.35832
,,1.35817
,,1.35802
,,1.35787
,,1.35773
,,1.35758
,,1.35743
,,1.35728
,,1.35713
,,1.35698
,,1.35683
,,1.35669
,,1.35654
,,1.35640
,,1.35625
,,1.35611
,,1.35597
,,1.35582
,,1.35568
,,1.35553
,,1.35539
,,1.35524
,,1.35510
,,1.35495
,,1.35480
,,1.35465
,,1.35450
,,1.35436
,,1.35421
,,1.35406
,,1.35391
,,1.35376
,,1.35361
,,1.35346
,,1.35331
,,1.35317
,,1.35302
,,1.35287
,,1.35273
,,1.35258
,,1.35244
,,1.35229
,,1.35215
,,1.35200
,,1.35186
,,1.35171
,,1.35156
,,1.35142
,,1.35127
,,1.35112
,,1.35097
,,1.35082
,,1.35067
,,1.35053
,,1.35038
,,1.35023
,,1.35008
,,1.34993
,,1.34978
,,1.34963
,,1.34948
,,1.34933
,,1.34918
,,1.34903
,,1.34888
,,1.34874
,,1.34859
,,1.34845
,,1.34830
,,1.34816
,,1.34801
,,1.34786
,,1.34771
,,1.34756
,,1.34741
,,1.34727
,,1.34712
,,1.34697
,,1.34682
,,1.34667
,,1.34652
,,1.34637
,,1.34622
,,1.34607
,,1.34592
,,1.34577
,,1.34563
,,1.34548
,,1.34533
,,1.34519
,,1.34504
,,1.34490
,,1.34476
,,1.34461
,,1.34447
,,1.34432
,,1.34417
,,1.34403
,,1.34388
,,1.34373
,,1.34359
,,1.34344
,,1.34329
,,1.34314
,,1.34299
,,1.34285
,,1.34270
,,1.34255
,,1.34240
,,1.34225
,,1.34210
,,1.34195
,,1.34180
,,1.34165
,,1.34151
,,1.34136
,,1.34122
,,1.34107
,,1.34093
,,1.34078
,,1.34063
,,1.34049
,,1.34034
,,1.34020
,,1.34005
,,1.33990
,,1.33975
,,1.33960
,,1.33945
,,1.33931
,,1.33916
,,1.33901
,,1.33886
,,1.33871
,,1.33856
,,1.33841
,,1.33826
,,1.33811
,,1.33796
,,1.33782
,,1.33767
,,1.33752
,,1.33738
,,1.33723
,,1.33708
,,1.33694
,,1.33679
,,1.33664
,,1.33649
,,1.33635
,,1.33620
,,1.33605
,,1.33590
,,1.33575
,,1.33560
,,1.33545
,,1.33530
,,1.33515
,,1.33500
,,1.33485
,,1.33471
,,1.33456
,,1.33442
,,1.33427
,,1.33413
,,1.33398
,,1.33384
,,1.33370
,,1.33356
,,1.33341
,,1.33327
,,1.33312
,,1.33298
,,1.33283
,,1.33268
,,1.33254
,,1.33239
,,1.33224
,,1.33209
,,1.33195
,,1.33180
,,1.33165
,,1.33150
,,1.33135
,,1.33120
,,1.33105
,,1.33090
,,1.33075
,,1.33061
,,1.33046
,,1.33032
,,1.33017
,,1.33003
,,1.32988
,,1.32974
,,1.32959
,,1.32945
,,1.32930
,,1.32915
,,1.32900
,,1.32885
,,1.32871
,,1.32856
,,1.32841
,,1.32826
,,1.32811
,,1.32796
,,1.32781
,,1.32766
,,1.32751
,,1.32736
,,1.32721
,,1.32707
,,1.32692
,,1.32677
,,1.32663
,,1.32648
,,1.32634
,,1.32619
,,1.32605
,,1.32591
,,1.32576
,,1.32561
,,1.32546
,,1.32531
,,1.32516
,,1.32502
,,1.32487
,,1.32472
,,1.32457
,,1.32442
,,1.32428
,,1.32413
,,1.32398
,,1.32383
,,1.32368
,,1.32353
,,1.32339
,,1.32324
,,1.32310
,,1.32295
,,1.32281
,,1.32267
,,1.32252
,,1.32238
,,1.32223
,,1.32209
,,1.32195
,,1.32180
,,1.32165
,,1.32151
,,1.32136
,,1.32121
,,1.32107
,,1.32092
,,1.32077
,,1.32062
,,1.32047
,,1.32032
,,1.32018
,,1.32003
,,1.31988
,,1.31973
,,1.31958
,,1.31943
,,1.31928
,,1.31914
,,1.31899
,,1.31885
,,1.31870
,,1.31856
,,1.31841
,,1.31826
,,1.31812
,,1.31797
,,1.31782
,,1.31767
,,1.31752
,,1.31737
,,1.31722
,,1.31707
,,1.31692
,,1.31678
,,1.31663
,,1.31647
,,1.31633
,,1.31618
,,1.31603
,,1.31588
,,1.31574
,,1.31559
,,1.31545
,,1.31530
,,1.31516
,,1.31501
,,1.31487
,,1.31472
,,1.31457
,,1.31443
,,1.31428
,,1.31413
,,1.31399
,,1.31384
,,1.31369
,,1.31354
,,1.31339
,,1.31325
,,1.31310
,,1.31295
,,1.31280
,,1.31265
,,1.31251
,,1.31236
,,1.31221
,,1.31207
,,1.31192
,,1.31178
,,1.31163
,,1.31149
,,1.31135
,,1.31120
,,1.31106
,,1.31091
,,1.31077
,,1.31062
,,1.31047
,,1.31033
,,1.31018
,,1.31003
,,1.30988
,,1.30973
,,1.30959
,,1.30944
,,1.30929
,,1.30914
,,1.30899
,,1.30884
,,1.30869
,,1.30854
,,1.30839
,,1.30825
,,1.30810
,,1.30795
,,1.30781
,,1.30766
,,1.30752
,,1.30737
,,1.30722
,,1.30707
,,1.30693
,,1.30678
,,1.30663
,,1.30648
,,1.30633
,,1.30619
,,1.30604
,,1.30589
,,1.30574
,,1.30559
,,1.30544
,,1.30529
,,1.30514
,,1.30499
,,1.30485
,,1.30470
,,1.30455
,,1.30441
,,1.30426
,,1.30412
,,1.30397
,,1.30383
,,1.30368
,,1.30354
,,1.30339
,,1.30324
,,1.30310
,,1.30295
,,1.30280
,,1.30265
,,1.30250
,,1.30236
,,1.30221
,,1.30206
,,1.30191
,,1.30176
,,1.30161
,,1.30146
,,1.30131
,,1.30117
,,1.30102
,,1.30087
,,1.30073
,,1.30058
,,1.30044
,,1.30029
,,1.30014
,,1.30000
,,1.29985
,,1.29971
,,1.29956
,,1.29942
,,1.29927
,,1.29912
,,1.29897
,,1.29882
,,1.29868
,,1.29853
,,1.29838
,,1.29823
,,1.29808
,,1.29793
,,1.29778
,,1.29763
,,1.29748
,,1.29733
,,1.29719
,,1.29704
,,1.29689
,,1.29675
,,1.29660
,,1.29645
,,1.29630
,,1.29615
,,1.29601
,,1.29586
,,1.29571
,,1.29556
,,1.29541
,,1.29526
,,1.29511
,,1.29496
,,1.29481
,,1.29466
,,1.29451
,,1.29436
,,1.29421
,,1.29406
,,1.29391
,,1.29376
,,1.29362
,,1.29347
,,1.29333
,,1.29318
,,1.29304
,,1.29289
,,1.29275
,,1.29260
,,1.29246
,,1.29231
,,1.29216
,,1.29201
,,1.29187
,,1.29172
,,1.29157
,,1.29142
,,1.29127
,,1.29113
,,1.29098
,,1.29083
,,1.29068
,,1.29053
,,1.29038
,,1.29023
,,1.29008
,,1.28994
,,1.28979
,,1.28964
,,1.28950
,,1.28935
,,1.28921
,,1.28906
,,1.28892
,,1.28877
,,1.28862
,,1.28848
,,1.28833
,,1.28818
,,1.28803
,,1.28788
,,1.28773
,,1.28758
,,1.28743
,,1.28729
,,1.28713
,,1.28698
,,1.28683
,,1.28668
,,1.28653
,,1.28638
,,1.28623
,,1.28609
,,1.28594
,,1.28579
,,1.28564
,,1.28550
,,1.28535
,,1.28520
,,1.28506
,,1.28491
,,1.28476
,,1.28461
,,1.28446
,,1.28431
,,1.28416
,,1.28401
,,1.28386
,,1.28371
,,1.28356
,,1.28341
,,1.28326
,,1.28311
,,1.28296
,,1.28281
,,1.28266
,,1.28251
,,1.28237
,,1.28222
,,1.28208
,,1.28193
,,1.28179
,,1.28164
,,1.28150
,,1.28135
,,1.28121
,,1.28106
,,1.28091
,,1.28077
,,1.28062
,,1.28047
,,1.28032
,,1.28018
,,1.28003
,,1.27988
,,1.27973
,,1.27958
,,1.27943
,,1.27928
,,1.27913
,,1.27898
,,1.27883
,,1.27868
,,1.27854
,,1.27839
,,1.27824
,,1.27810
,,1.27795
,,1.27780
,,1.27766
,,1.27751
,,1.27736
,,1.27722
,,1.27707
,,1.27692
,,1.27677
,,1.27662
,,1.27647
,,1.27632
,,1.27617
,,1.27602
,,1.27587
,,1.27572
,,1.27556
,,1.27541
,,1.27526
,,1.27512
,,1.27497
,,1.27482
,,1.27467
,,1.27453
,,1.27438
,,1.27423
,,1.27409
,,1.27394
,,1.27379
,,1.27364
,,1.27349
,,1.27334
,,1.27319
,,1.27304
,,1.27289
,,1.27274
,,1.27259
,,1.27244
,,1.27229
,,1.27214
,,1.27199
,,1.27184
,,1.27169
,,1.27155
,,1.27140
,,1.27125
,,1.27110
,,1.27096
,,1.27081
,,1.27067
,,1.27052
,,1.27038
,,1.27023
,,1.27009
,,1.26994
,,1.26979
,,1.26965
,,1.26950
,,1.26935
,,1.26920
,,1.26905
,,1.26890
,,1.26876
,,1.26861
,,1.26846
,,1.26831
,,1.26815
,,1.26800
,,1.26785
,,1.26771
,,1.26756
,,1.26741
,,1.26726
,,1.26712
,,1.26697
,,1.26682
,,1.26668
,,1.26653
,,1.26638
,,1.26624
,,1.26609
,,1.26594
,,1.26579
,,1.26564
,,1.26549
,,1.26535
,,1.26520
,,1.26505
,,1.26490
,,1.26474
,,1.26459
,,1.26444
,,1.26429
,,1.26414
,,1.26399
,,1.26384
,,1.26369
,,1.26355
,,1.26340
,,1.26325
,,1.26311
,,1.26296
,,1.26281
,,1.26267
,,1.26252
,,1.26237
,,1.26222
,,1.26207
,,1.26192
,,1.26177
,,1.26162
,,1.26147
,,1.26133
,,1.26118
,,1.26103
,,1.26088
,,1.26073
,,1.26058
,,1.26043
,,1.26028
,,1.26013
,,1.25998
,,1.25984
,,1.25969
,,1.25954
,,1.25940
,,1.25925
,,1.25911
,,1.25896
,,1.25882
,,1.25867
,,1.25852
,,1.25837
,,1.25822
,,1.25808
,,1.25793
,,1.25778
,,1.25763
,,1.25748
,,1.25733
,,1.25718
,,1.25703
,,1.25688
,,1.25673
,,1.25658
,,1.25643
,,1.25628
,,1.25614
,,1.25599
,,1.25584
,,1.25570
,,1.25555
,,1.25540
,,1.25526
,,1.25511
,,1.25496
,,1.25481
,,1.25466
,,1.25451
,,1.25436
,,1.25421
,,1.25406
,,1.25391
,,1.25376
,,1.25361
,,1.25346
,,1.25331
,,1.25316
,,1.25301
,,1.25285
,,1.25271
,,1.25256
,,1.25241
,,1.25227
,,1.25212
,,1.25197
,,1.25182
,,1.25168
,,1.25153
,,1.25138
,,1.25124
,,1.25109
,,1.25094
,,1.25079
,,1.25064
,,1.25049
,,1.25034
,,1.25019
,,1.25004
,,1.24989
,,1.24974
,,1.24959
,,1.24944
,,1.24929
,,1.24914
,,1.24900
,,1.24885
,,1.24870
,,1.24856
,,1.24841
,,1.24827
,,1.24812
,,1.24798
,,1.24783
,,1.24768
,,1.24754
,,1.24739
,,1.24724
,,1.24709
,,1.24694
,,1.24679
,,1.24664
,,1.24649
,,1.24634
,,1.24619
,,1.24604
,,1.24589
,,1.24574
,,1.24558
,,1.24543
,,1.24528
,,1.24514
,,1.24499
,,1.24484
,,1.24469
,,1.24455
,,1.24440
,,1.24425
,,1.24411
,,1.24396
,,1.24381
,,1.24366
,,1.24351
,,1.24336
,,1.24321
,,1.24306
,,1.24291
,,1.24276
,,1.24261
,,1.24246
,,1.24230
,,1.24215
,,1.24200
,,1.24185
,,1.24170
,,1.24155
,,1.24140
,,1.24126
,,1.24111
,,1.24096
,,1.24082
,,1.24067
,,1.24052
,,1.24037
,,1.24023
,,1.24008
,,1.23993
,,1.23978
,,1.23963
,,1.23948
,,1.23933
,,1.23918
,,1.23903
,,1.23888
,,1.23874
,,1.23859
,,1.23844
,,1.23829
,,1.23813
,,1.23798
,,1.23783
,,1.23769
,,1.23754
,,1.23739
,,1.23725
,,1.23710
,,1.23695
,,1.23681
,,1.23666
,,1.23651
,,1.23637
,,1.23622
,,1.23607
,,1.23592
,,1.23577
,,1.23562
,,1.23547
,,1.23532
,,1.23518
,,1.23502
,,1.23487
,,1.23472
,,1.23457
,,1.23442
,,1.23426
,,1.23411
,,1.23396
,,1.23382
,,1.23366
,,1.23352
,,1.23337
,,1.23322
,,1.23307
,,1.23293
,,1.23278
,,1.23263
,,1.23248
,,1.23233
,,1.23218
,,1.23203
,,1.23188
,,1.23173
,,1.23158
,,1.23143
,,1.23128
,,1.23112
,,1.23097
,,1.23082
,,1.23067
,,1.23052
,,1.23037
,,1.23022
,,1.23007
,,1.22992
,,1.22977
,,1.22963
,,1.22948
,,1.22933
,,1.22919
,,1.22904
,,1.22889
,,1.22874
,,1.22859
,,1.22844
,,1.22829
,,1.22814
,,1.22799
,,1.22784
,,1.22769
,,1.22754
,,1.22739
,,1.22724
,,1.22708
,,1.22693
,,1.22678
,,1.22663
,,1.22648
,,1.22633
,,1.22619
,,1.22604
,,1.22589
,,1.22574
,,1.22560
,,1.22545
,,1.22530
,,1.22516
,,1.22501
,,1.22486
,,1.22471
,,1.22456
,,1.22441
,,1.22426
,,1.22411
,,1.22396
,,1.22380
,,1.22365
,,1.22350
,,1.22335
,,1.22320
,,1.22304
,,1.22289
,,1.22274
,,1.22259
,,1.22244
,,1.22229
,,1.22214
,,1.22199
,,1.22185
,,1.22170
,,1.22155
,,1.22140
,,1.22125
,,1.22110
,,1.22095
,,1.22080
,,1.22065
,,1.22050
,,1.22035
,,1.22020
,,1.22004
,,1.21989
,,1.21974
,,1.21959
,,1.21944
,,1.21928
,,1.21913
,,1.21898
,,1.21883
,,1.21868
,,1.21854
,,1.21839
,,1.21824
,,1.21810
,,1.21795
,,1.21780
,,1.21765
,,1.21750
,,1.21735
,,1.21720
,,1.21705
,,1.21690
,,1.21675
,,1.21660
,,1.21645
,,1.21630
,,1.21615
,,1.21600
,,1.21585
,,1.21570
,,1.21555
,,1.21540
,,1.21524
,,1.21509
,,1.21494
,,1.21480
,,1.21465
,,1.21450
,,1.21435
,,1.21421
,,1.21406
,,1.21391
,,1.21376
,,1.21362
,,1.21347
,,1.21332
,,1.21316
,,1.21301
,,1.21286
,,1.21271
,,1.21256
,,1.21241
,,1.21225
,,1.21210
,,1.21195
,,1.21179
,,1.21164
,,1.21149
,,1.21134
,,1.21119
,,1.21104
,,1.21089
,,1.21074
,,1.21059
,,1.21044
,,1.21029
,,1.21015
,,1.21000
,,1.20985
,,1.20969
,,1.20954
,,1.20939
,,1.20924
,,1.20909
,,1.20894
,,1.20879
,,1.20864
,,1.20848
,,1.20833
,,1.20818
,,1.20803
,,1.20788
,,1.20773
,,1.20758
,,1.20743
,,1.20728
,,1.20713
,,1.20698
,,1.20684
,,1.20669
,,1.20654
,,1.20639
,,1.20625
,,1.20610
,,1.20595
,,1.20580
,,1.20565
,,1.20550
,,1.20535
,,1.20519
,,1.20504
,,1.20489
,,1.20474
,,1.20458
,,1.20443
,,1.20428
,,1.20413
,,1.20397
,,1.20382
,,1.20367
,,1.20353
,,1.20338
,,1.20323
,,1.20308
,,1.20293
,,1.20279
,,1.20264
,,1.20249
,,1.20234
,,1.20219
,,1.20204
,,1.20189
,,1.20174
,,1.20159
,,1.20143
,,1.20128
,,1.20113
,,1.20098
,,1.20083
,,1.20067
,,1.20052
,,1.20037
,,1.20021
,,1.20006
,,1.19991
,,1.19977
,,1.19962
,,1.19947
,,1.19932
,,1.19917
,,1.19902
,,1.19888
,,1.19873
,,1.19858
,,1.19843
,,1.19828
,,1.19812
,,1.19797
,,1.19782
,,1.19767
,,1.19752
,,1.19737
,,1.19721
,,1.19706
,,1.19691
,,1.19676
,,1.19661
,,1.19645
,,1.19631
,,1.19616
,,1.19601
,,1.19586
,,1.19571
,,1.19556
,,1.19542
,,1.19527
,,1.19512
,,1.19497
,,1.19482
,,1.19468
,,1.19452
,,1.19437
,,1.19422
,,1.19407
,,1.19392
,,1.19377
,,1.19362
,,1.19347
,,1.19332
,,1.19316
,,1.19301
,,1.19286
,,1.19271
,,1.19256
,,1.19241
,,1.19226
,,1.19211
,,1.19196
,,1.19181
,,1.19166
,,1.19152
,,1.19137
,,1.19122
,,1.19107
,,1.19092
,,1.19077
,,1.19062
,,1.19047
,,1.19032
,,1.19017
,,1.19002
,,1.18987
,,1.18971
,,1.18956
,,1.18941
,,1.18925
,,1.18910
,,1.18895
,,1.18880
,,1.18865
,,1.18850
,,1.18835
,,1.18820
,,1.18806
,,1.18791
,,1.18776
,,1.18762
,,1.18747
,,1.18732
,,1.18717
,,1.18702
,,1.18687
,,1.18672
,,1.18657
,,1.18641
,,1.18626
,,1.18611
,,1.18596
,,1.18581
,,1.18565
,,1.18550
,,1.18535
,,1.18520
,,1.18505
,,1.18490
,,1.18475
,,1.18461
,,1.18446
,,1.18431
,,1.18416
,,1.18402
,,1.18387
,,1.18372
,,1.18357
,,1.18342
,,1.18327
,,1.18312
,,1.18297
,,1.18282
,,1.18267
,,1.18252
,,1.18237
,,1.18222
,,1.18207
,,1.18191
,,1.18176
,,1.18161
,,1.18146
,,1.18131
,,1.18116
,,1.18101
,,1.18086
,,1.18071
,,1.18056
,,1.18041
,,1.18027
,,1.18012
,,1.17997
,,1.17982
,,1.17967
,,1.17952
,,1.17937
,,1.17922
,,1.17907
,,1.17892
,,1.17877
,,1.17861
,,1.17846
,,1.17831
,,1.17816
,,1.17800
,,1.17785
,,1.17770
,,1.17755
,,1.17740
,,1.17725
,,1.17710
,,1.17695
,,1.17680
,,1.17666
,,1.17651
,,1.17636
,,1.17622
,,1.17607
,,1.17592
,,1.17577
,,1.17562
,,1.17547
,,1.17532
,,1.17517
,,1.17502
,,1.17487
,,1.17472
,,1.17457
,,1.17442
,,1.17426
,,1.17411
,,1.17396
,,1.17381
,,1.17366
,,1.17351
,,1.17336
,,1.17322
,,1.17307
,,1.17293
,,1.17278
,,1.17263
,,1.17249
,,1.17234
,,1.17219
,,1.17204
,,1.17189
,,1.17174
,,1.17159
,,1.17144
,,1.17129
,,1.17114
,,1.17099
,,1.17084
,,1.17068
,,1.17053
,,1.17038
,,1.17023
,,1.17008
,,1.16993
,,1.16978
,,1.16963
,,1.16948
,,1.16934
,,1.16919
,,1.16904
,,1.16890
,,1.16875
,,1.16860
,,1.16845
,,1.16830
,,1.16815
,,1.16800
,,1.16785
,,1.16770
,,1.16755
,,1.16740
,,1.16725
,,1.16710
,,1.16695
,,1.16679
,,1.16664
,,1.16649
,,1.16634
,,1.16620
,,1.16605
,,1.16590
,,1.16575
,,1.16561
,,1.16546
,,1.16531
,,1.16517
,,1.16502
,,1.16487
,,1.16472
,,1.16458
,,1.16443
,,1.16427
,,1.16413
,,1.16398
,,1.16383
,,1.16368
,,1.16352
,,1.16337
,,1.16322
,,1.16307
,,1.16292
,,1.16276
,,1.16261
,,1.16246
,,1.16232
,,1.16217
,,1.16202
,,1.16187
,,1.16173
,,1.16158
,,1.16143
,,1.16129
,,1.16114
,,1.16099
,,1.16084
,,1.16069
,,1.16054
,,1.16039
,,1.16024
,,1.16009
,,1.15994
,,1.15979
,,1.15964
,,1.15949
,,1.15934
,,1.15919
,,1.15903
,,1.15888
,,1.15873
,,1.15858
,,1.15844
,,1.15829
,,1.15814
,,1.15799
,,1.15785
,,1.15770
,,1.15755
,,1.15741
,,1.15726
,,1.15711
,,1.15696
,,1.15681
,,1.15666
,,1.15651
,,1.15636
,,1.15621
,,1.15606
,,1.15591
,,1.15576
,,1.15561
,,1.15546
,,1.15531
,,1.15516
,,1.15501
,,1.15486
,,1.15471
,,1.15457
,,1.15442
,,1.15427
,,1.15413
,,1.15398
,,1.15384
,,1.15369
,,1.15354
,,1.15340
,,1.15325
,,1.15310
,,1.15295
,,1.15280
,,1.15265
,,1.15250
,,1.15235
,,1.15220
,,1.15205
,,1.15190
,,1.15175
,,1.15160
,,1.15145
,,1.15130
,,1.15115
,,1.15100
,,1.15085
,,1.15070
,,1.15056
,,1.15041
,,1.15027
,,1.15012
,,1.14998
,,1.14983
,,1.14968
,,1.14953
,,1.14938
,,1.14923
,,1.14908
,,1.14893
,,1.14878
,,1.14863
,,1.14848
,,1.14833
,,1.14818
,,1.14803
,,1.14788
,,1.14773
,,1.14758
,,1.14743
,,1.14728
,,1.14714
,,1.14699
,,1.14684
,,1.14670
,,1.14655
,,1.14640
,,1.14626
,,1.14611
,,1.14596
,,1.14581
,,1.14567
,,1.14552
,,1.14537
,,1.14522
,,1.14507
,,1.14492
,,1.14476
,,1.14461
,,1.14446
,,1.14431
,,1.14416
,,1.14401
,,1.14386
,,1.14371
,,1.14357
,,1.14342
,,1.14328
,,1.14313
,,1.14299
,,1.14284
,,1.14270
,,1.14255
,,1.14241
,,1.14226
,,1.14212
,,1.14197
,,1.14182
,,1.14167
,,1.14152
,,1.14137
,,1.14122
,,1.14107
,,1.14092
,,1.14077
,,1.14062
,,1.14047
,,1.14032
,,1.14017
,,1.14002
,,1.13987
,,1.13972
,,1.13957
,,1.13943
,,1.13928
,,1.13914
,,1.13899
,,1.13884
,,1.13870
,,1.13855
,,1.13840
,,1.13825
,,1.13810
,,1.13795
,,1.13780
,,1.13765
,,1.13750
,,1.13735
,,1.13720
,,1.13705
,,1.13690
,,1.13674
,,1.13659
,,1.13644
,,1.13629
,,1.13614
,,1.13600
,,1.13585
,,1.13570
,,1.13556
,,1.13541
,,1.13527
,,1.13512
,,1.13497
,,1.13483
,,1.13468
,,1.13453
,,1.13438
,,1.13423
,,1.13408
,,1.13393
,,1.13378
,,1.13363
,,1.13348
,,1.13333
,,1.13318
,,1.13303
,,1.13288
,,1.13273
,,1.13258
,,1.13243
,,1.13228
,,1.13214
,,1.13199
,,1.13185
,,1.13170
,,1.13156
,,1.13141
,,1.13126
,,1.13112
,,1.13097
,,1.13082
,,1.13068
,,1.13053
,,1.13038
,,1.13023
,,1.13008
,,1.12993
,,1.12978
,,1.12963
,,1.12948
,,1.12932
,,1.12917
,,1.12902
,,1.12887
,,1.12872
,,1.12858
,,1.12843
,,1.12828
,,1.12814
,,1.12799
,,1.12785
,,1.12770
,,1.12755
,,1.12741
,,1.12726
,,1.12711
,,1.12696
,,1.12681
,,1.12666
,,1.12651
,,1.12636
,,1.12621
,,1.12606
,,1.12591
,,1.12576
,,1.12561
,,1.12546
,,1.12531
,,1.12516
,,1.12501
,,1.12486
,,1.12472
,,1.12457
,,1.12443
,,1.12428
,,1.12414
,,1.12399
,,1.12385
,,1.12370
,,1.12355
,,1.12341
,,1.12326
,,1.12311
,,1.12296
,,1.12281
,,1.12266
,,1.12251
,,1.12236
,,1.12221
,,1.12206
,,1.12191
,,1.12176
,,1.12161
,,1.12146
,,1.12131
,,1.12116
,,1.12101
,,1.12087
,,1.12072
,,1.12058
,,1.12043
,,1.12029
,,1.12014
,,1.12000
,,1.11985
,,1.11970
,,1.11955
,,1.11940
,,1.11926
,,1.11911
,,1.11896
,,1.11881
,,1.11866
,,1.11851
,,1.11836
,,1.11820
,,1.11805
,,1.11790
,,1.11775
,,1.11760
,,1.11746
,,1.11731
,,1.11716
,,1.11701
,,1.11687
,,1.11672
,,1.11658
,,1.11643
,,1.11628
,,1.11614
,,1.11599
,,1.11584
,,1.11569
,,1.11554
,,1.11539
,,1.11524
,,1.11509
,,1.11494
,,1.11479
,,1.11464
,,1.11449
,,1.11433
,,1.11418
,,1.11403
,,1.11389
,,1.11374
,,1.11359
,,1.11344
,,1.11330
,,1.11315
,,1.11301
,,1.11287
,,1.11272
,,1.11257
,,1.11243
,,1.11228
,,1.11213
,,1.11198
,,1.11183
,,1.11168
,,1.11153
,,1.11138
,,1.11123
,,1.11108
,,1.11093
,,1.11078
,,1.11063
,,1.11048
,,1.11033
,,1.11018
,,1.11003
,,1.10988
,,1.10974
,,1.10959
,,1.10944
,,1.10930
,,1.10915
,,1.10901
,,1.10886
,,1.10871
,,1.10857
,,1.10842
,,1.10827
,,1.10812
,,1.10797
,,1.10782
,,1.10767
,,1.10752
,,1.10737
,,1.10722
,,1.10707
,,1.10692
,,1.10677
,,1.10662
,,1.10647
,,1.10632
,,1.10617
,,1.10602
,,1.10588
,,1.10573
,,1.10558
,,1.10544
,,1.10529
,,1.10514
,,1.10499
,,1.10485
,,1.10470
,,1.10454
,,1.10439
,,1.10424
,,1.10409
,,1.10394
,,1.10379
,,1.10364
,,1.10349
,,1.10334
,,1.10319
,,1.10303
,,1.10288
,,1.10274
,,1.10259
,,1.10244
,,1.10229
,,1.10215
,,1.10200
,,1.10186
,,1.10172
,,1.10157
,,1.10142
,,1.10128
,,1.10113
,,1.10098
,,1.10083
,,1.10068
,,1.10053
,,1.10038
,,1.10024
,,1.10008
,,1.09993
,,1.09978
,,1.09963
,,1.09948
,,1.09933
,,1.09918
,,1.09903
,,1.09888
,,1.09874
,,1.09859
,,1.09845
,,1.09830
,,1.09815
,,1.09801
,,1.09786
,,1.09772
,,1.09757
,,1.09742
,,1.09727
,,1.09713
,,1.09698
,,1.09683
,,1.09668
,,1.09653
,,1.09638
,,1.09623
,,1.09608
,,1.09593
,,1.09578
,,1.09562
,,1.09547
,,1.09532
,,1.09518
,,1.09503
,,1.09488
,,1.09473
,,1.09459
,,1.09444
,,1.09430
,,1.09415
,,1.09400
,,1.09386
,,1.09371
,,1.09356
,,1.09341
,,1.09326
,,1.09311
,,1.09296
,,1.09281
,,1.09266
,,1.09251
,,1.09236
,,1.09221
,,1.09206
,,1.09191
,,1.09176
,,1.09161
,,1.09146
,,1.09132
,,1.09117
,,1.09102
,,1.09088
,,1.09073
,,1.09059
,,1.09045
,,1.09030
,,1.09015
,,1.09001
,,1.08986
,,1.08971
,,1.08956
,,1.08941
,,1.08926
,,1.08911
,,1.08896
,,1.08881
,,1.08866
,,1.08851
,,1.08836
,,1.08821
,,1.08806
,,1.08791
,,1.08776
,,1.08761
,,1.08747
,,1.08732
,,1.08718
,,1.08703
,,1.08689
,,1.08674
,,1.08659
,,1.08645
,,1.08630
,,1.08615
,,1.08600
,,1.08586
,,1.08571
,,1.08556
,,1.08541
,,1.08526
,,1.08511
,,1.08496
,,1.08481
,,1.08465
,,1.08450
,,1.08435
,,1.08420
,,1.08406
,,1.08391
,,1.08376
,,1.08362
,,1.08347
,,1.08333
,,1.08318
,,1.08304
,,1.08289
,,1.08275
,,1.08260
,,1.08245
,,1.08231
,,1.08216
,,1.08201
,,1.08186
,,1.08171
,,1.08156
,,1.08141
,,1.08126
,,1.08111
,,1.08096
,,1.08081
,,1.08066
,,1.08051
,,1.08037
,,1.08022
,,1.08007
,,1.07993
,,1.07979
,,1.07964
,,1.07950
,,1.07935
,,1.07921
,,1.07906
,,1.07892
,,1.07877
,,1.07862
,,1.07847
,,1.07832
,,1.07817
,,1.07803
,,1.07788
,,1.07773
,,1.07757
,,1.07743
,,1.07727
,,1.07712
,,1.07697
,,1.07682
,,1.07668
,,1.07653
,,1.07638
,,1.07624
,,1.07609
,,1.07595
,,1.07580
,,1.07566
,,1.07551
,,1.07537
,,1.07522
,,1.07507
,,1.07493
,,1.07478
,,1.07463
,,1.07448
,,1.07433
,,1.07418
,,1.07403
,,1.07388
,,1.07373
,,1.07358
,,1.07343
,,1.07328
,,1.07313
,,1.07298
,,1.07284
,,1.07269
,,1.07255
,,1.07240
,,1.07226
,,1.07211
,,1.07197
,,1.07182
,,1.07168
,,1.07153
,,1.07139
,,1.07124
,,1.07109
,,1.07094
,,1.07080
,,1.07065
,,1.07050
,,1.07035
,,1.07020
,,1.07005
,,1.06990
,,1.06975
,,1.06961
,,1.06946
,,1.06931
,,1.06916
,,1.06902
,,1.06887
,,1.06873
,,1.06858
,,1.06844
,,1.06830
,,1.06815
,,1.06801
,,1.06787
,,1.06772
,,1.06757
,,1.06743
,,1.06728
,,1.06713
,,1.06699
,,1.06684
,,1.06669
,,1.06654
,,1.06639
,,1.06625
,,1.06610
,,1.06595
,,1.06580
,,1.06565
,,1.06551
,,1.06536
,,1.06522
,,1.06508
,,1.06493
,,1.06479
,,1.06465
,,1.06450
,,1.06436
,,1.06421
,,1.06407
,,1.06392
,,1.06377
,,1.06362
,,1.06348
,,1.06333
,,1.06318
,,1.06303
,,1.06289
,,1.06274
,,1.06259
,,1.06244
,,1.06229
,,1.06214
,,1.06199
,,1.06184
,,1.06170
,,1.06155
,,1.06141
,,1.06127
,,1.06112
,,1.06098
,,1.06083
,,1.06069
,,1.06055
,,1.06040
,,1.06025
,,1.06011
,,1.05996
,,1.05981
,,1.05967
,,1.05952
,,1.05937
,,1.05922
,,1.05908
,,1.05893
,,1.05878
,,1.05863
,,1.05848
,,1.05834
,,1.05819
,,1.05805
,,1.05790
,,1.05776
,,1.05762
,,1.05747
,,1.05733
,,1.05719
,,1.05705
,,1.05690
,,1.05675
,,1.05661
,,1.05647
,,1.05632
,,1.05617
,,1.05603
,,1.05588
,,1.05573
,,1.05559
,,1.05544
,,1.05529
,,1.05514
,,1.05499
,,1.05484
,,1.05470
,,1.05455
,,1.05440
,,1.05426
,,1.05411
,,1.05397
,,1.05383
,,1.05368
,,1.05354
,,1.05339
,,1.05325
,,1.05310
,,1.05296
,,1.05281
,,1.05266
,,1.05252
,,1.05237
,,1.05222
,,1.05208
,,1.05193
,,1.05178
,,1.05163
,,1.05148
,,1.05133
,,1.05119
,,1.05104
,,1.05089
,,1.05075
,,1.05060
,,1.05046
,,1.05031
,,1.05017
,,1.05003
,,1.04989
,,1.04974
,,1.04960
,,1.04945
,,1.04931
,,1.04916
,,1.04902
,,1.04887
,,1.04872
,,1.04858
,,1.04843
,,1.04828
,,1.04813
,,1.04799
,,1.04784
,,1.04769
,,1.04754
,,1.04740
,,1.04725
,,1.04710
,,1.04696
,,1.04682
,,1.04667
,,1.04653
,,1.04639
,,1.04625
,,1.04611
,,1.04596
,,1.04582
,,1.04567
,,1.04553
,,1.04538
,,1.04523
,,1.04509
,,1.04494
,,1.04479
,,1.04465
,,1.04450
,,1.04435
,,1.04420
,,1.04405
,,1.04391
,,1.04376
,,1.04361
,,1.04347
,,1.04332
,,1.04317
,,1.04303
,,1.04289
,,1.04274
,,1.04260
,,1.04246
,,1.04231
,,1.04217
,,1.04202
,,1.04188
,,1.04173
,,1.04158
,,1.04144
,,1.04129
,,1.04114
,,1.04100
,,1.04085
,,1.04070
,,1.04056
,,1.04041
,,1.04026
,,1.04011
,,1.03997
,,1.03982
,,1.03968
,,1.03954
,,1.03939
,,1.03925
,,1.03911
,,1.03896
,,1.03882
,,1.03868
,,1.03853
,,1.03839
,,1.03824
,,1.03810
,,1.03795
,,1.03780
,,1.03766
,,1.03751
,,1.03736
,,1.03721
,,1.03707
,,1.03692
,,1.03677
,,1.03662
,,1.03648
,,1.03633
,,1.03619
,,1.03605
,,1.03590
,,1.03576
,,1.03562
,,1.03548
,,1.03534
,,1.03519
,,1.03505
,,1.03491
,,1.03476
,,1.03462
,,1.03447
,,1.03433
,,1.03418
,,1.03404
,,1.03389
,,1.03374
,,1.03360
,,1.03345
,,1.03330
,,1.03315
,,1.03300
,,1.03286
,,1.03271
,,1.03256
,,1.03242
,,1.03227
,,1.03213
,,1.03198
,,1.03184
,,1.03170
,,1.03156
,,1.03142
,,1.03127
,,1.03113
,,1.03098
,,1.03083
,,1.03069
,,1.03054
,,1.03039
,,1.03025
,,1.03010
,,1.02995
,,1.02981
,,1.02966
,,1.02951
,,1.02936
,,1.02921
,,1.02907
,,1.02892
,,1.02877
,,1.02863
,,1.02849
,,1.02834
,,1.02820
,,1.02806
,,1.02791
,,1.02777
,,1.02762
,,1.02748
,,1.02733
,,1.02719
,,1.02704
,,1.02690
,,1.02675
,,1.02660
,,1.02645
,,1.02631
,,1.02616
,,1.02601
,,1.02587
,,1.02572
,,1.02557
,,1.02542
,,1.02528
,,1.02514
,,1.02499
,,1.02485
,,1.02471
,,1.02457
,,1.02442
,,1.02428
,,1.02414
,,1.02399
,,1.02385
,,1.02371
,,1.02356
,,1.02342
,,1.02327
,,1.02312
,,1.02298
,,1.02283
,,1.02268
,,1.02254
,,1.02239
,,1.02224
,,1.02209
,,1.02194
,,1.02179
,,1.02165
,,1.02150
,,1.02136
,,1.02122
,,1.02107
,,1.02093
,,1.02079
,,1.02064
,,1.02050
,,1.02035
,,1.02021
,,1.02007
,,1.01992
,,1.01977
,,1.01963
,,1.01948
,,1.01934
,,1.01919
,,1.01904
,,1.01889
,,1.01874
,,1.01860
,,1.01845
,,1.01830
,,1.01815
,,1.01801
,,1.01786
,,1.01772
,,1.01757
,,1.01743
,,1.01729
,,1.01715
,,1.01701
,,1.01686
,,1.01672
,,1.01658
,,1.01643
,,1.01629
,,1.01614
,,1.01600
,,1.01585
,,1.01571
,,1.01556
,,1.01541
,,1.01527
,,1.01512
,,1.01497
,,1.01482
,,1.01467
,,1.01453
,,1.01438
,,1.01424
,,1.01409
,,1.01395
,,1.01381
,,1.01367
,,1.01352
,,1.01338
,,1.01324
,,1.01310
,,1.01296
,,1.01281
,,1.01267
,,1.01252
,,1.01238
,,1.01223
,,1.01209
,,1.01194
,,1.01180
,,1.01165
,,1.01150
,,1.01135
,,1.01120
,,1.01106
,,1.01091
,,1.01076
,,1.01062
,,1.01048
,,1.01033
,,1.01019
,,1.01005
,,1.00991
,,1.00976
,,1.00962
,,1.00948
,,1.00933
,,1.00919
,,1.00904
,,1.00890
,,1.00875
,,1.00860
,,1.00846
,,1.00831
,,1.00816
,,1.00802
,,1.00787
,,1.00772
,,1.00757
,,1.00742
,,1.00728
,,1.00713
,,1.00699
,,1.00684
,,1.00670
,,1.00656
,,1.00641
,,1.00627
,,1.00613
,,1.00599
,,1.00584
,,1.00570
,,1.00556
,,1.00541
,,1.00526
,,1.00512
,,1.00497
,,1.00483
,,1.00468
,,1.00453
,,1.00439
,,1.00424
,,1.00409
,,1.00394
,,1.00380
,,1.00365
,,1.00350
,,1.00336
,,1.00321
,,1.00307
,,1.00293
,,1.00279
,,1.00265
,,1.00251
,,1.00236
,,1.00222
,,1.00208
,,1.00193
,,1.00179
,,1.00165
,,1.00150
,,1.00135
,,1.00121
,,1.00107
,,1.00092
,,1.00077
,,1.00062
,,1.00048
,,1.00033
,,1.00018
,,1.00003
,,0.99989
,,0.99974
,,0.99959
,,0.99945
,,0.99931
,,0.99917
,,0.99902
,,0.99888
,,0.99874
,,0.99859
,,0.99845
,,0.99831
,,0.99816
,,0.99801
,,0.99787
,,0.99772
,,0.99758
,,0.99743
,,0.99728
,,0.99714
,,0.99699
,,0.99684
,,0.99669
,,0.99654
,,0.99640
,,0.99625
,,0.99610
,,0.99596
,,0.99582
,,0.99567
,,0.99553
,,0.99539
,,0.99525
,,0.99510
,,0.99496
,,0.99482
,,0.99467
,,0.99453
,,0.99438
,,0.99424
,,0.99409
,,0.99395
,,0.99380
,,0.99366
,,0.99351
,,0.99336
,,0.99321
,,0.99307
,,0.99292
,,0.99277
,,0.99262
,,0.99248
,,0.99233
,,0.99219
,,0.99204
,,0.99190
,,0.99176
,,0.99162
,,0.99148
,,0.99133
,,0.99119
,,0.99105
,,0.99090
,,0.99076
,,0.99061
,,0.99047
,,0.99032
,,0.99018
,,0.99003
,,0.98988
,,0.98974
,,0.98959
,,0.98944
,,0.98929
,,0.98915
,,0.98900
,,0.98885
,,0.98871
,,0.98856
,,0.98842
,,0.98828
,,0.98813
,,0.98799
,,0.98785
,,0.98770
,,0.98756
,,0.98742
,,0.98727
,,0.98713
,,0.98698
,,0.98684
,,0.98669
,,0.98654
,,0.98639
,,0.98625
,,0.98610
,,0.98595
,,0.98580
,,0.98565
,,0.98550
,,0.98536
,,0.98521
,,0.98507
,,0.98492
,,0.98478
,,0.98464
,,0.98449
,,0.98435
,,0.98421
,,0.98407
,,0.98392
,,0.98378
,,0.98363
,,0.98349
,,0.98334
,,0.98320
,,0.98305
,,0.98290
,,0.98276
,,0.98261
,,0.98246
,,0.98231
,,0.98217
,,0.98202
,,0.98187
,,0.98172
,,0.98158
,,0.98143
,,0.98129
,,0.98115
,,0.98100
,,0.98086
,,0.98072
,,0.98058
,,0.98044
,,0.98029
,,0.98015
,,0.98001
,,0.97986
,,0.97972
,,0.97957
,,0.97942
,,0.97928
,,0.97913
,,0.97899
,,0.97884
,,0.97869
,,0.97854
,,0.97839
,,0.97825
,,0.97810
,,0.97795
,,0.97781
,,0.97766
,,0.97752
,,0.97737
,,0.97723
,,0.97709
,,0.97695
,,0.97680
,,0.97666
,,0.97651
,,0.97637
,,0.97622
,,0.97608
,,0.97593
,,0.97578
,,0.97564
,,0.97549
,,0.97534
,,0.97519
,,0.97505
,,0.97490
,,0.97475
,,0.97460
,,0.97445
,,0.97430
,,0.97416
,,0.97401
,,0.97387
,,0.97372
,,0.97358
,,0.97344
,,0.97329
,,0.97315
,,0.97301
,,0.97286
,,0.97272
,,0.97257
,,0.97243
,,0.97228
,,0.97213
,,0.97199
,,0.97184
,,0.97169
,,0.97155
,,0.97140
,,0.97125
,,0.97110
,,0.97096
,,0.97081
,,0.97066
,,0.97052
,,0.97037
,,0.97023
,,0.97008
,,0.96994
,,0.96980
,,0.96966
,,0.96952
,,0.96937
,,0.96923
,,0.96908
,,0.96894
,,0.96879
,,0.96865
,,0.96850
,,0.96835
,,0.96821
,,0.96806
,,0.96791
,,0.96776
,,0.96762
,,0.96747
,,0.96732
,,0.96717
,,0.96702
,,0.96687
,,0.96673
,,0.96658
,,0.96644
,,0.96629
,,0.96615
,,0.96601
,,0.96586
,,0.96572
,,0.96557
,,0.96543
,,0.96528
,,0.96514
,,0.96499
,,0.96484
,,0.96470
,,0.96455
,,0.96440
,,0.96425
,,0.96411
,,0.96396
,,0.96381
,,0.96366
,,0.96351
,,0.96336
,,0.96321
,,0.96307
,,0.96292
,,0.96278
,,0.96264
,,0.96249
,,0.96235
,,0.96221
,,0.96207
,,0.96192
,,0.96178
,,0.96163
,,0.96149
,,0.96134
,,0.96119
,,0.96105
,,0.96090
,,0.96075
,,0.96060
,,0.96046
,,0.96031
,,0.96016
,,0.96001
,,0.95986
,,0.95971
,,0.95957
,,0.95942
,,0.95928
,,0.95913
,,0.95899
,,0.95884
,,0.95870
,,0.95856
,,0.95841
,,0.95827
,,0.95813
,,0.95798
,,0.95784
,,0.95769
,,0.95754
,,0.95740
,,0.95725
,,0.95710
,,0.95696
,,0.95681
,,0.95666
,,0.95651
,,0.95636
,,0.95621
,,0.95607
,,0.95592
,,0.95578
,,0.95563
,,0.95549
,,0.95534
,,0.95520
,,0.95506
,,0.95492
,,0.95478
,,0.95463
,,0.95449
,,0.95434
,,0.95420
,,0.95405
,,0.95390
,,0.95375
,,0.95361
,,0.95346
,,0.95331
,,0.95316
,,0.95302
,,0.95287
,,0.95272
,,0.95257
,,0.95242
,,0.95228
,,0.95213
,,0.95199
,,0.95184
,,0.95170
,,0.95156
,,0.95141
,,0.95127
,,0.95113
,,0.95098
,,0.95084
,,0.95070
,,0.95055
,,0.95041
,,0.95026
,,0.95011
,,0.94997
,,0.94982
,,0.94967
,,0.94952
,,0.94938
,,0.94923
,,0.94908
,,0.94893
,,0.94879
,,0.94864
,,0.94849
,,0.94835
,,0.94821
,,0.94806
,,0.94792
,,0.94778
,,0.94764
,,0.94749
,,0.94735
,,0.94721
,,0.94706
,,0.94692
,,0.94677
,,0.94663
,,0.94648
,,0.94633
,,0.94619
,,0.94604
,,0.94589
,,0.94574
,,0.94559
,,0.94544
,,0.94530
,,0.94515
,,0.94500
,,0.94485
,,0.94471
,,0.94456
,,0.94442
,,0.94427
,,0.94413
,,0.94399
,,0.94385
,,0.94370
,,0.94356
,,0.94342
,,0.94327
,,0.94312
,,0.94298
,,0.94283
,,0.94268
,,0.94253
,,0.94239
,,0.94224
,,0.94209
,,0.94194
,,0.94179
,,0.94164
,,0.94149
,,0.94134
,,0.94120
,,0.94105
,,0.94091
,,0.94076
,,0.94062
,,0.94048
,,0.94033
,,0.94019
,,0.94005
,,0.93990
,,0.93976
,,0.93962
,,0.93947
,,0.93932
,,0.93918
,,0.93903
,,0.93888
,,0.93874
,,0.93859
,,0.93844
,,0.93829
,,0.93814
,,0.93800
,,0.93785
,,0.93770
,,0.93756
,,0.93741
,,0.93727
,,0.93712
,,0.93698
,,0.93684
,,0.93670
,,0.93655
,,0.93641
,,0.93627
,,0.93612
,,0.93598
,,0.93583
,,0.93569
,,0.93554
,,0.93540
,,0.93525
,,0.93510
,,0.93496
,,0.93481
,,0.93466
,,0.93451
,,0.93436
,,0.93421
,,0.93407
,,0.93392
,,0.93377
,,0.93363
,,0.93348
,,0.93334
,,0.93320
,,0.93305
,,0.93291
,,0.93277
,,0.93262
,,0.93248
,,0.93233
,,0.93219
,,0.93204
,,0.93190
,,0.93175
,,0.93160
,,0.93145
,,0.93131
,,0.93116
,,0.93101
,,0.93086
,,0.93072
,,0.93057
,,0.93042
,,0.93028
,,0.93013
,,0.92999
,,0.92985
,,0.92970
,,0.92956
,,0.92942
,,0.92927
,,0.92913
,,0.92899
,,0.92884
,,0.92870
,,0.92855
,,0.92841
,,0.92826
,,0.92812
,,0.92797
,,0.92782
,,0.92768
,,0.92753
,,0.92738
,,0.92723
,,0.92708
,,0.92693
,,0.92679
,,0.92664
,,0.92650
,,0.92635
,,0.92621
,,0.92606
,,0.92592
,,0.92578
,,0.92564
,,0.92549
,,0.92535
,,0.92521
,,0.92506
,,0.92492
,,0.92477
,,0.92462
,,0.92448
,,0.92433
,,0.92418
,,0.92404
,,0.92389
,,0.92374
,,0.92359
,,0.92344
,,0.92329
,,0.92314
,,0.92299
,,0.92285
,,0.92270
,,0.92255
,,0.92241
,,0.92227
,,0.92212
,,0.92198
,,0.92184
,,0.92169
,,0.92155
,,0.92140
,,0.92126
,,0.92111
,,0.92096
,,0.92082
,,0.92067
,,0.92052
,,0.92037
,,0.92022
,,0.92007
,,0.91992
,,0.91977
,,0.91963
,,0.91948
,,0.91933
,,0.91918
,,0.91904
,,0.91889
,,0.91875
,,0.91860
,,0.91846
,,0.91832
,,0.91817
,,0.91803
,,0.91788
,,0.91774
,,0.91759
,,0.91744
,,0.91730
,,0.91715
,,0.91700
,,0.91686
,,0.91671
,,0.91656
,,0.91641
,,0.91626
,,0.91612
,,0.91597
,,0.91582
,,0.91567
,,0.91552
,,0.91538
,,0.91523
,,0.91508
,,0.91494
,,0.91480
,,0.91465
,,0.91451
,,0.91437
,,0.91422
,,0.91408
,,0.91393
,,0.91378
,,0.91364
,,0.91349
,,0.91334
,,0.91319
,,0.91304
,,0.91289
,,0.91274
,,0.91259
,,0.91244
,,0.91229
,,0.91214
,,0.91200
,,0.91185
,,0.91170
,,0.91155
,,0.91141
,,0.91126
,,0.91112
,,0.91097
,,0.91083
,,0.91068
,,0.91054
,,0.91039
,,0.91024
,,0.91010
,,0.90995
,,0.90980
,,0.90965
,,0.90950
,,0.90935
,,0.90920
,,0.90905
,,0.90890
,,0.90875
,,0.90860
,,0.90845
,,0.90830
,,0.90816
,,0.90801
,,0.90786
,,0.90772
,,0.90757
,,0.90743
,,0.90728
,,0.90714
,,0.90700
,,0.90685
,,0.90671
,,0.90656
,,0.90641
,,0.90626
,,0.90612
,,0.90597
,,0.90582
,,0.90567
,,0.90552
,,0.90537
,,0.90522
,,0.90507
,,0.90492
,,0.90477
,,0.90462
,,0.90447
,,0.90433
,,0.90418
,,0.90403
,,0.90389
,,0.90374
,,0.90360
,,0.90345
,,0.90331
,,0.90316
,,0.90302
,,0.90287
,,0.90272
,,0.90257
,,0.90242
,,0.90227
,,0.90212
,,0.90198
,,0.90183
,,0.90167
,,0.90152
,,0.90137
,,0.90122
,,0.90107
,,0.90092
,,0.90077
,,0.90062
,,0.90047
,,0.90032
,,0.90017
,,0.90003
,,0.89988
,,0.89973
,,0.89959
,,0.89944
,,0.89929
,,0.89915
,,0.89900
,,0.89885
,,0.89870
,,0.89855
,,0.89840
,,0.89825
,,0.89810
,,0.89794
,,0.89779
,,0.89764
,,0.89749
,,0.89734
,,0.89719
,,0.89704
,,0.89689
,,0.89674
,,0.89660
,,0.89645
,,0.89630
,,0.89616
,,0.89601
,,0.89586
,,0.89571
,,0.89557
,,0.89542
,,0.89527
,,0.89512
,,0.89497
,,0.89482
,,0.89467
,,0.89452
,,0.89437
,,0.89422
,,0.89407
,,0.89391
,,0.89376
,,0.89361
,,0.89345
,,0.89330
,,0.89316
,,0.89300
,,0.89286
,,0.89271
,,0.89256
,,0.89241
,,0.89227
,,0.89212
,,0.89197
,,0.89182
,,0.89168
,,0.89153
,,0.89138
,,0.89123
,,0.89108
,,0.89093
,,0.89078
,,0.89063
,,0.89047
,,0.89032
,,0.89017
,,0.89001
,,0.88986
,,0.88971
,,0.88956
,,0.88941
,,0.88926
,,0.88911
,,0.88896
,,0.88882
,,0.88867
,,0.88852
,,0.88837
,,0.88823
,,0.88808
,,0.88793
,,0.88778
,,0.88763
,,0.88748
,,0.88733
,,0.88717
,,0.88702
,,0.88687
,,0.88672
,,0.88657
,,0.88641
,,0.88626
,,0.88611
,,0.88596
,,0.88581
,,0.88566
,,0.88551
,,0.88536
,,0.88521
,,0.88507
,,0.88492
,,0.88478
,,0.88463
,,0.88448
,,0.88433
,,0.88419
,,0.88404
,,0.88389
,,0.88374
,,0.88359
,,0.88343
,,0.88328
,,0.88313
,,0.88298
,,0.88283
,,0.88268
,,0.88253
,,0.88238
,,0.88222
,,0.88207
,,0.88192
,,0.88177
,,0.88162
,,0.88147
,,0.88132
,,0.88118
,,0.88103
,,0.88088
,,0.88073
,,0.88059
,,0.88044
,,0.88029
,,0.88014
,,0.87999
,,0.87984
,,0.87968
,,0.87953
,,0.87938
,,0.87923
,,0.87908
,,0.87892
,,0.87877
,,0.87862
,,0.87846
,,0.87831
,,0.87816
,,0.87801
,,0.87786
,,0.87770
,,0.87756
,,0.87741
,,0.87726
,,0.87712
,,0.87697
,,0.87682
,,0.87667
,,0.87652
,,0.87637
,,0.87622
,,0.87607
,,0.87592
,,0.87576
,,0.87561
,,0.87546
,,0.87531
,,0.87515
,,0.87500
,,0.87485
,,0.87469
,,0.87454
,,0.87439
,,0.87424
,,0.87409
,,0.87394
,,0.87380
,,0.87365
,,0.87350
,,0.87336
,,0.87321
,,0.87306
,,0.87292
,,0.87277
,,0.87262
,,0.87247
,,0.87232
,,0.87216
,,0.87202
,,0.87186
,,0.87172
,,0.87156
,,0.87141
,,0.87126
,,0.87111
,,0.87095
,,0.87080
,,0.87065
,,0.87050
,,0.87035
,,0.87021
,,0.87006
,,0.86991
,,0.86976
,,0.86961
,,0.86947
,,0.86932
,,0.86917
,,0.86902
,,0.86887
,,0.86872
,,0.86857
,,0.86842
,,0.86826
,,0.86811
,,0.86796
,,0.86781
,,0.86765
,,0.86750
,,0.86735
,,0.86719
,,0.86704
,,0.86689
,,0.86674
,,0.86659
,,0.86644
,,0.86629
,,0.86614
,,0.86600
,,0.86585
,,0.86570
,,0.86556
,,0.86541
,,0.86526
,,0.86511
,,0.86496
,,0.86481
,,0.86466
,,0.86450
,,0.86435
,,0.86420
,,0.86405
,,0.86390
,,0.86375
,,0.86359
,,0.86344
,,0.86329
,,0.86314
,,0.86299
,,0.86284
,,0.86269
,,0.86255
,,0.86240
,,0.86226
,,0.86211
,,0.86197
,,0.86182
,,0.86167
,,0.86152
,,0.86138
,,0.86123
,,0.86108
,,0.86093
,,0.86078
,,0.86062
,,0.86047
,,0.86032
,,0.86017
,,0.86002
,,0.85987
,,0.85971
,,0.85956
,,0.85941
,,0.85926
,,0.85911
,,0.85896
,,0.85881
,,0.85866
,,0.85852
,,0.85837
,,0.85822
,,0.85807
,,0.85793
,,0.85778
,,0.85763
,,0.85748
,,0.85733
,,0.85718
,,0.85703
,,0.85688
,,0.85673
,,0.85658
,,0.85642
,,0.85627
,,0.85612
,,0.85596
,,0.85581
,,0.85566
,,0.85551
,,0.85536
,,0.85521
,,0.85507
,,0.85492
,,0.85477
,,0.85463
,,0.85448
,,0.85433
,,0.85419
,,0.85404
,,0.85389
,,0.85374
,,0.85359
,,0.85344
,,0.85329
,,0.85314
,,0.85299
,,0.85283
,,0.85268
,,0.85253
,,0.85238
,,0.85222
,,0.85207
,,0.85192
,,0.85177
,,0.85162
,,0.85148
,,0.85133
,,0.85118
,,0.85104
,,0.85089
,,0.85074
,,0.85060
,,0.85045
,,0.85030
,,0.85015
,,0.85000
,,0.84986
,,0.84971
,,0.84956
,,0.84940
,,0.84925
,,0.84910
,,0.84895
,,0.84880
,,0.84865
,,0.84850
,,0.84835
,,0.84819
,,0.84804
,,0.84789
,,0.84774
,,0.84759
,,0.84744
,,0.84730
,,0.84715
,,0.84700
,,0.84686
,,0.84671
,,0.84656
,,0.84641
,,0.84626
,,0.84611
,,0.84596
,,0.84581
,,0.84566
,,0.84551
,,0.84536
,,0.84521
,,0.84506
,,0.84490
,,0.84475
,,0.84459
,,0.84444
,,0.84429
,,0.84414
,,0.84399
,,0.84384
,,0.84369
,,0.84355
,,0.84340
,,0.84326
,,0.84311
,,0.84296
,,0.84281
,,0.84266
,,0.84251
,,0.84236
,,0.84221
,,0.84206
,,0.84191
,,0.84176
,,0.84161
,,0.84146
,,0.84131
,,0.84115
,,0.84100
,,0.84085
,,0.84070
,,0.84055
,,0.84040
,,0.84025
,,0.84010
,,0.83996
,,0.83981
,,0.83966
,,0.83952
,,0.83937
,,0.83923
,,0.83908
,,0.83893
,,0.83878
,,0.83863
,,0.83848
,,0.83833
,,0.83818
,,0.83803
,,0.83788
,,0.83773
,,0.83758
,,0.83743
,,0.83728
,,0.83712
,,0.83697
,,0.83682
,,0.83667
,,0.83652
,,0.83637
,,0.83622
,,0.83608
,,0.83593
,,0.83578
,,0.83564
,,0.83549
,,0.83534
,,0.83519
,,0.83504
,,0.83489
,,0.83474
,,0.83459
,,0.83444
,,0.83429
,,0.83414
,,0.83399
,,0.83383
,,0.83368
,,0.83353
,,0.83337
,,0.83322
,,0.83307
,,0.83292
,,0.83277
,,0.83262
,,0.83247
,,0.83233
,,0.83218
,,0.83203
,,0.83189
,,0.83174
,,0.83159
,,0.83145
,,0.83130
,,0.83115
,,0.83100
,,0.83085
,,0.83070
,,0.83055
,,0.83040
,,0.83025
,,0.83010
,,0.82994
,,0.82979
,,0.82964
,,0.82949
,,0.82934
,,0.82919
,,0.82905
,,0.82890
,,0.82875
,,0.82860
,,0.82846
,,0.82831
,,0.82817
,,0.82802
,,0.82788
,,0.82773
,,0.82758
,,0.82743
,,0.82728
,,0.82713
,,0.82698
,,0.82683
,,0.82668
,,0.82653
,,0.82638
,,0.82623
,,0.82608
,,0.82592
,,0.82577
,,0.82562
,,0.82547
,,0.82532
,,0.82517
,,0.82502
,,0.82488
,,0.82473
,,0.82458
,,0.82444
,,0.82429
,,0.82414
,,0.82399
,,0.82385
,,0.82370
,,0.82355
,,0.82340
,,0.82325
,,0.82310
,,0.82295
,,0.82279
,,0.82264
,,0.82249
,,0.82234
,,0.82218
,,0.82203
,,0.82188
,,0.82173
,,0.82158
,,0.82143
,,0.82129
,,0.82114
,,0.82099
,,0.82085
,,0.82071
,,0.82056
,,0.82041
,,0.82027
,,0.82012
,,0.81997
,,0.81982
,,0.81967
,,0.81952
,,0.81937
,,0.81922
,,0.81907
,,0.81892
,,0.81877
,,0.81861
,,0.81846
,,0.81831
,,0.81816
,,0.81801
,,0.81786
,,0.81771
,,0.81757
,,0.81742
,,0.81728
,,0.81713
,,0.81699
,,0.81684
,,0.81669
,,0.81655
,,0.81640
,,0.81625
,,0.81610
,,0.81595
,,0.81580
,,0.81565
,,0.81550
,,0.81535
,,0.81520
,,0.81505
,,0.81490
,,0.81474
,,0.81459
,,0.81444
,,0.81429
,,0.81414
,,0.81399
,,0.81384
,,0.81369
,,0.81355
,,0.81340
,,0.81326
,,0.81311
,,0.81296
,,0.81281
,,0.81266
,,0.81251
,,0.81236
,,0.81221
,,0.81206
,,0.81191
,,0.81176
,,0.81161
,,0.81146
,,0.81131
,,0.81116
,,0.81100
,,0.81085
,,0.81070
,,0.81055
,,0.81040
,,0.81025
,,0.81010
,,0.80995
,,0.80981
,,0.80966
,,0.80952
,,0.80937
,,0.80923
,,0.80908
,,0.80893
,,0.80878
,,0.80863
,,0.80848
,,0.80833
,,0.80818
,,0.80803
,,0.80788
,,0.80773
,,0.80758
,,0.80743
,,0.80728
,,0.80713
,,0.80698
,,0.80683
,,0.80668
,,0.80653
,,0.80638
,,0.80624
,,0.80609
,,0.80594
,,0.80580
,,0.80566
,,0.80551
,,0.80536
,,0.80522
,,0.80507
,,0.80492
,,0.80477
,,0.80462
,,0.80447
,,0.80432
,,0.80417
,,0.80402
,,0.80387
,,0.80372
,,0.80357
,,0.80341
,,0.80326
,,0.80311
,,0.80296
,,0.80281
,,0.80267
,,0.80252
,,0.80237
,,0.80223
,,0.80208
,,0.80193
,,0.80179
,,0.80164
,,0.80149
,,0.80134
,,0.80119
,,0.80104
,,0.80089
,,0.80074
,,0.80059
,,0.80044
,,0.80029
,,0.80014
,,0.79999
,,0.79983
,,0.79968
,,0.79953
,,0.79938
,,0.79923
,,0.79908
,,0.79893
,,0.79879
,,0.79864
,,0.79850
,,0.79835
,,0.79820
,,0.79806
,,0.79791
,,0.79776
,,0.79761
,,0.79747
,,0.79732
,,0.79717
,,0.79702
,,0.79686
,,0.79671
,,0.79656
,,0.79641
,,0.79626
,,0.79611
,,0.79596
,,0.79581
,,0.79566
,,0.79550
,,0.79536
,,0.79521
,,0.79506
,,0.79492
,,0.79477
,,0.79462
,,0.79448
,,0.79433
,,0.79419
,,0.79404
,,0.79389
,,0.79374
,,0.79359
,,0.79344
,,0.79329
,,0.79314
,,0.79299
,,0.79284
,,0.79269
,,0.79254
,,0.79238
,,0.79223
,,0.79208
,,0.79192
,,0.79177
,,0.79162
,,0.79147
,,0.79132
,,0.79117
,,0.79102
,,0.79088
,,0.79073
,,0.79058
,,0.79044
,,0.79029
,,0.79014
,,0.78999
,,0.78984
,,0.78968
,,0.78953
,,0.78938
,,0.78923
,,0.78908
,,0.78892
,,0.78877
,,0.78862
,,0.78847
,,0.78832
,,0.78816
,,0.78801
,,0.78786
,,0.78771
,,0.78756
,,0.78741
,,0.78727
,,0.78712
,,0.78698
,,0.78683
,,0.78668
,,0.78654
,,0.78639
,,0.78624
,,0.78609
,,0.78594
,,0.78579
,,0.78564
,,0.78549
,,0.78534
,,0.78518
,,0.78503
,,0.78488
,,0.78472
,,0.78457
,,0.78442
,,0.78427
,,0.78412
,,0.78397
,,0.78383
,,0.78368
,,0.78353
,,0.78339
,,0.78324
,,0.78309
,,0.78295
,,0.78280
,,0.78265
,,0.78250
,,0.78235
,,0.78220
,,0.78205
,,0.78190
,,0.78175
,,0.78160
,,0.78145
,,0.78129
,,0.78114
,,0.78099
,,0.78083
,,0.78068
,,0.78053
,,0.78038
,,0.78023
,,0.78008
,,0.77994
,,0.77979
,,0.77964
,,0.77950
,,0.77935
,,0.77920
,,0.77906
,,0.77891
,,0.77876
,,0.77861
,,0.77846
,,0.77830
,,0.77815
,,0.77800
,,0.77785
,,0.77770
,,0.77754
,,0.77739
,,0.77724
,,0.77709
,,0.77693
,,0.77678
,,0.77663
,,0.77648
,,0.77634
,,0.77619
,,0.77604
,,0.77590
,,0.77575
,,0.77561
,,0.77546
,,0.77532
,,0.77517
,,0.77502
,,0.77487
,,0.77472
,,0.77457
,,0.77442
,,0.77428
,,0.77413
,,0.77397
,,0.77382
,,0.77367
,,0.77352
,,0.77337
,,0.77322
,,0.77306
,,0.77292
,,0.77277
,,0.77262
,,0.77247
,,0.77233
,,0.77218
,,0.77203
,,0.77189
,,0.77174
,,0.77160
,,0.77145
,,0.77130
,,0.77115
,,0.77101
,,0.77085
,,0.77070
,,0.77056
,,0.77041
,,0.77026
,,0.77010
,,0.76995
,,0.76979
,,0.76964
,,0.76949
,,0.76934
,,0.76918
,,0.76903
,,0.76888
,,0.76874
,,0.76859
,,0.76844
,,0.76830
,,0.76815
,,0.76800
,,0.76785
,,0.76771
,,0.76756
,,0.76741
,,0.76726
,,0.76711
,,0.76695
,,0.76681
,,0.76666
,,0.76650
,,0.76635
,,0.76620
,,0.76605
,,0.76589
,,0.76574
,,0.76559
,,0.76544
,,0.76529
,,0.76515
,,0.76500
,,0.76485
,,0.76471
,,0.76456
,,0.76442
,,0.76427
,,0.76412
,,0.76398
,,0.76383
,,0.76368
,,0.76354
,,0.76339
,,0.76324
,,0.76309
,,0.76294
,,0.76279
,,0.76264
,,0.76248
,,0.76233
,,0.76218
,,0.76203
,,0.76188
,,0.76173
,,0.76158
,,0.76143
,,0.76128
,,0.76113
,,0.76099
,,0.76084
,,0.76070
,,0.76055
,,0.76041
,,0.76026
,,0.76011
,,0.75997
,,0.75982
,,0.75967
,,0.75952
,,0.75937
,,0.75922
,,0.75907
,,0.75892
,,0.75876
,,0.75861
,,0.75846
,,0.75831
,,0.75815
,,0.75800
,,0.75786
,,0.75771
,,0.75756
,,0.75741
,,0.75727
,,0.75713
,,0.75698
,,0.75683
,,0.75669
,,0.75654
,,0.75640
,,0.75625
,,0.75610
,,0.75595
,,0.75580
,,0.75565
,,0.75550
,,0.75535
,,0.75519
,,0.75504
,,0.75489
,,0.75474
,,0.75459
,,0.75444
,,0.75429
,,0.75414
,,0.75399
,,0.75385
,,0.75370
,,0.75356
,,0.75341
,,0.75327
,,0.75312
,,0.75298
,,0.75283
,,0.75269
,,0.75254
,,0.75239
,,0.75224
,,0.75209
,,0.75194
,,0.75179
,,0.75165
,,0.75150
,,0.75135
,,0.75120
,,0.75105
,,0.75090
,,0.75074
,,0.75059
,,0.75044
,,0.75029
,,0.75015
,,0.75000
,,0.74986
,,0.74971
,,0.74957
,,0.74942
,,0.74928
,,0.74913
,,0.74899
,,0.74884
,,0.74869
,,0.74854
,,0.74839
,,0.74824
,,0.74809
,,0.74794
,,0.74779
,,0.74764
,,0.74749
,,0.74733
,,0.74718
,,0.74703
,,0.74688
,,0.74673
,,0.74658
,,0.74643
,,0.74628
,,0.74614
,,0.74599
,,0.74584
,,0.74570
,,0.74555
,,0.74541
,,0.74526
,,0.74511
,,0.74496
,,0.74481
,,0.74466
,,0.74451
,,0.74436
,,0.74421
,,0.74406
,,0.74391
,,0.74376
,,0.74361
,,0.74346
,,0.74330
,,0.74316
,,0.74301
,,0.74286
,,0.74271
,,0.74257
,,0.74242
,,0.74228
,,0.74213
,,0.74199
,,0.74184
,,0.74170
,,0.74155
,,0.74140
,,0.74125
,,0.74110
,,0.74096
,,0.74081
,,0.74066
,,0.74051
,,0.74036
,,0.74021
,,0.74006
,,0.73991
,,0.73976
,,0.73961
,,0.73946
,,0.73931
,,0.73916
,,0.73902
,,0.73887
,,0.73873
,,0.73858
,,0.73844
,,0.73829
,,0.73815
,,0.73800
,,0.73785
,,0.73771
,,0.73756
,,0.73741
,,0.73726
,,0.73711
,,0.73696
,,0.73681
,,0.73666
,,0.73651
,,0.73636
,,0.73621
,,0.73606
,,0.73590
,,0.73575
,,0.73560
,,0.73545
,,0.73530
,,0.73516
,,0.73501
,,0.73487
,,0.73472
,,0.73458
,,0.73443
,,0.73429
,,0.73414
,,0.73399
,,0.73385
,,0.73370
,,0.73355
,,0.73340
,,0.73325
,,0.73310
,,0.73295
,,0.73280
,,0.73265
,,0.73249
,,0.73234
,,0.73219
,,0.73204
,,0.73190
,,0.73175
,,0.73160
,,0.73146
,,0.73131
,,0.73117
,,0.73102
,,0.73088
,,0.73074
,,0.73059
,,0.73045
,,0.73030
,,0.73015
,,0.73001
,,0.72986
,,0.72971
,,0.72956
,,0.72942
,,0.72927
,,0.72912
,,0.72897
,,0.72882
,,0.72867
,,0.72852
,,0.72837
,,0.72822
,,0.72807
,,0.72792
,,0.72777
,,0.72763
,,0.72749
,,0.72734
,,0.72720
,,0.72705
,,0.72691
,,0.72676
,,0.72661
,,0.72647
,,0.72632
,,0.72617
,,0.72602
,,0.72587
,,0.72572
,,0.72557
,,0.72542
,,0.72527
,,0.72512
,,0.72497
,,0.72482
,,0.72467
,,0.72452
,,0.72437
,,0.72422
,,0.72407
,,0.72392
,,0.72378
,,0.72363
,,0.72349
,,0.72335
,,0.72320
,,0.72305
,,0.72291
,,0.72276
,,0.72261
,,0.72246
,,0.72231
,,0.72216
,,0.72201
,,0.72186
,,0.72171
,,0.72156
,,0.72141
,,0.72126
,,0.72111
,,0.72096
,,0.72081
,,0.72066
,,0.72052
,,0.72037
,,0.72023
,,0.72008
,,0.71994
,,0.71979
,,0.71965
,,0.71950
,,0.71936
,,0.71921
,,0.71906
,,0.71892
,,0.71877
,,0.71862
,,0.71847
,,0.71832
,,0.71817
,,0.71802
,,0.71787
,,0.71772
,,0.71757
,,0.71742
,,0.71727
,,0.71712
,,0.71697
,,0.71683
,,0.71668
,,0.71654
,,0.71639
,,0.71625
,,0.71610
,,0.71596
,,0.71582
,,0.71567
,,0.71552
,,0.71538
,,0.71523
,,0.71508
,,0.71494
,,0.71479
,,0.71464
,,0.71449
,,0.71434
,,0.71419
,,0.71404
,,0.71388
,,0.71373
,,0.71358
,,0.71343
,,0.71328
,,0.71313
,,0.71299
,,0.71284
,,0.71270
,,0.71255
,,0.71241
,,0.71226
,,0.71212
,,0.71197
,,0.71183
,,0.71168
,,0.71153
,,0.71138
,,0.71124
,,0.71109
,,0.71094
,,0.71079
,,0.71064
,,0.71049
,,0.71034
,,0.71019
,,0.71004
,,0.70989
,,0.70974
,,0.70960
,,0.70945
,,0.70931
,,0.70916
,,0.70902
,,0.70888
,,0.70873
,,0.70859
,,0.70845
,,0.70830
,,0.70816
,,0.70801
,,0.70787
,,0.70772
,,0.70757
,,0.70742
,,0.70727
,,0.70713
,,0.70698
,,0.70683
,,0.70668
,,0.70653
,,0.70638
,,0.70623
,,0.70608
,,0.70593
,,0.70578
,,0.70564
,,0.70549
,,0.70534
,,0.70520
,,0.70506
,,0.70491
,,0.70477
,,0.70462
,,0.70448
,,0.70433
,,0.70418
,,0.70404
,,0.70389
,,0.70374
,,0.70359
,,0.70344
,,0.70329
,,0.70314
,,0.70299
,,0.70284
,,0.70269
,,0.70254
,,0.70239
,,0.70224
,,0.70209
,,0.70194
,,0.70179
,,0.70165
,,0.70151
,,0.70136
,,0.70122
,,0.70107
,,0.70093
,,0.70078
,,0.70063
,,0.70049
,,0.70034
,,0.70019
,,0.70004
,,0.69990
,,0.69975
,,0.69960
,,0.69945
,,0.69930
,,0.69915
,,0.69900
,,0.69885
,,0.69870
,,0.69855
,,0.69840
,,0.69826
,,0.69811
,,0.69797
,,0.69782
,,0.69768
,,0.69754
,,0.69740
,,0.69725
,,0.69711
,,0.69696
,,0.69681
,,0.69667
,,0.69652
,,0.69637
,,0.69622
,,0.69607
,,0.69593
,,0.69578
,,0.69563
,,0.69548
,,0.69533
,,0.69518
,,0.69503
,,0.69488
,,0.69473
,,0.69459
,,0.69444
,,0.69430
,,0.69415
,,0.69401
,,0.69386
,,0.69372
,,0.69358
,,0.69343
,,0.69328
,,0.69314
,,0.69299
,,0.69284
,,0.69269
,,0.69255
,,0.69240
,,0.69225
,,0.69210
,,0.69195
,,0.69180
,,0.69165
,,0.69150
,,0.69135
,,0.69120
,,0.69105
,,0.69090
,,0.69076
,,0.69061
,,0.69047
,,0.69032
,,0.69018
,,0.69004
,,0.68989
,,0.68975
,,0.68960
,,0.68946
,,0.68931
,,0.68916
,,0.68901
,,0.68886
,,0.68871
,,0.68857
,,0.68842
,,0.68827
,,0.68812
,,0.68797
,,0.68782
,,0.68767
,,0.68752
,,0.68738
,,0.68723
,,0.68709
,,0.68694
,,0.68680
,,0.68666
,,0.68652
,,0.68637
,,0.68623
,,0.68609
,,0.68594
,,0.68580
,,0.68565
,,0.68550
,,0.68536
,,0.68521
,,0.68506
,,0.68492
,,0.68477
,,0.68462
,,0.68447
,,0.68432
,,0.68418
,,0.68402
,,0.68387
,,0.68373
,,0.68358
,,0.68343
,,0.68329
,,0.68314
,,0.68300
,,0.68285
,,0.68271
,,0.68257
,,0.68242
,,0.68228
,,0.68213
,,0.68199
,,0.68184
,,0.68169
,,0.68154
,,0.68139
,,0.68125
,,0.68110
,,0.68095
,,0.68080
,,0.68064
,,0.68049
,,0.68034
,,0.68019
,,0.68005
,,0.67990
,,0.67975
,,0.67961
,,0.67946
,,0.67932
,,0.67917
,,0.67903
,,0.67889
,,0.67874
,,0.67860
,,0.67845
,,0.67831
,,0.67816
,,0.67801
,,0.67786
,,0.67771
,,0.67756
,,0.67741
,,0.67726
,,0.67712
,,0.67697
,,0.67682
,,0.67667
,,0.67652
,,0.67637
,,0.67623
,,0.67608
,,0.67594
,,0.67580
,,0.67565
,,0.67551
,,0.67537
,,0.67522
,,0.67508
,,0.67494
,,0.67479
,,0.67465
,,0.67450
,,0.67435
,,0.67420
,,0.67405
,,0.67391
,,0.67376
,,0.67361
,,0.67346
,,0.67331
,,0.67316
,,0.67301
,,0.67286
,,0.67271
,,0.67257
,,0.67242
,,0.67227
,,0.67213
,,0.67199
,,0.67184
,,0.67170
,,0.67155
,,0.67141
,,0.67126
,,0.67112
,,0.67097
,,0.67082
,,0.67068
,,0.67053
,,0.67038
,,0.67023
,,0.67008
,,0.66993
,,0.66978
,,0.66963
,,0.66948
,,0.66933
,,0.66918
,,0.66903
,,0.66889
,,0.66874
,,0.66859
,,0.66845
,,0.66830
,,0.66816
,,0.66802
,,0.66788
,,0.66773
,,0.66759
,,0.66744
,,0.66730
,,0.66715
,,0.66700
,,0.66686
,,0.66671
,,0.66656
,,0.66641
,,0.66626
,,0.66611
,,0.66596
,,0.66581
,,0.66566
,,0.66551
,,0.66536
,,0.66522
,,0.66507
,,0.66493
,,0.66478
,,0.66464
,,0.66450
,,0.66435
,,0.66421
,,0.66407
,,0.66392
,,0.66378
,,0.66363
,,0.66349
,,0.66334
,,0.66319
,,0.66304
,,0.66290
,,0.66275
,,0.66260
,,0.66245
,,0.66230
,,0.66215
,,0.66200
,,0.66185
,,0.66170
,,0.66155
,,0.66140
,,0.66126
,,0.66111
,,0.66097
,,0.66082
,,0.66068
,,0.66054
,,0.66039
,,0.66025
,,0.66010
,,0.65996
,,0.65981
,,0.65966
,,0.65952
,,0.65937
,,0.65922
,,0.65907
,,0.65892
,,0.65877
,,0.65862
,,0.65847
,,0.65832
,,0.65817
,,0.65802
,,0.65787
,,0.65772
,,0.65757
,,0.65743
,,0.65728
,,0.65714
,,0.65700
,,0.65685
,,0.65671
,,0.65657
,,0.65642
,,0.65627
,,0.65613
,,0.65598
,,0.65583
,,0.65568
,,0.65554
,,0.65539
,,0.65524
,,0.65509
,,0.65494
,,0.65479
,,0.65464
,,0.65449
,,0.65434
,,0.65419
,,0.65404
,,0.65390
,,0.65375
,,0.65361
,,0.65346
,,0.65332
,,0.65318
,,0.65303
,,0.65289
,,0.65274
,,0.65260
,,0.65245
,,0.65230
,,0.65216
,,0.65201
,,0.65186
,,0.65171
,,0.65157
,,0.65142
,,0.65127
,,0.65112
,,0.65097
,,0.65082
,,0.65067
,,0.65052
,,0.65037
,,0.65022
,,0.65008
,,0.64993
,,0.64979
,,0.64964
,,0.64950
,,0.64936
,,0.64921
,,0.64907
,,0.64892
,,0.64877
,,0.64862
,,0.64848
,,0.64833
,,0.64818
,,0.64803
,,0.64788
,,0.64773
,,0.64758
,,0.64743
,,0.64728
,,0.64713
,,0.64698
,,0.64683
,,0.64668
,,0.64653
,,0.64639
,,0.64625
,,0.64610
,,0.64596
,,0.64581
,,0.64567
,,0.64553
,,0.64538
,,0.64524
,,0.64509
,,0.64494
,,0.64480
,,0.64465
,,0.64450
,,0.64435
,,0.64420
,,0.64406
,,0.64391
,,0.64376
,,0.64361
,,0.64346
,,0.64331
,,0.64316
,,0.64301
,,0.64287
,,0.64272
,,0.64258
,,0.64243
,,0.64229
,,0.64215
,,0.64201
,,0.64186
,,0.64172
,,0.64157
,,0.64142
,,0.64128
,,0.64113
,,0.64098
,,0.64084
,,0.64069
,,0.64054
,,0.64039
,,0.64024
,,0.64009
,,0.63994
,,0.63979
,,0.63964
,,0.63949
,,0.63935
,,0.63920
,,0.63905
,,0.63891
,,0.63876
,,0.63862
,,0.63847
,,0.63833
,,0.63818
,,0.63804
,,0.63789
,,0.63775
,,0.63760
,,0.63745
,,0.63731
,,0.63716
,,0.63701
,,0.63686
,,0.63671
,,0.63656
,,0.63641
,,0.63626
,,0.63611
,,0.63596
,,0.63581
,,0.63566
,,0.63551
,,0.63536
,,0.63522
,,0.63507
,,0.63493
,,0.63479
,,0.63465
,,0.63450
,,0.63436
,,0.63421
,,0.63406
,,0.63392
,,0.63377
,,0.63362
,,0.63347
,,0.63332
,,0.63317
,,0.63302
,,0.63287
,,0.63273
,,0.63258
,,0.63243
,,0.63228
,,0.63213
,,0.63198
,,0.63183
,,0.63169
,,0.63154
,,0.63140
,,0.63126
,,0.63112
,,0.63097
,,0.63083
,,0.63069
,,0.63054
,,0.63039
,,0.63025
,,0.63010
,,0.62995
,,0.62980
,,0.62966
,,0.62951
,,0.62936
,,0.62921
,,0.62906
,,0.62891
,,0.62876
,,0.62861
,,0.62846
,,0.62832
,,0.62817
,,0.62802
,,0.62788
,,0.62773
,,0.62759
,,0.62745
,,0.62730
,,0.62716
,,0.62701
,,0.62687
,,0.62672
,,0.62657
,,0.62643
,,0.62628
,,0.62613
,,0.62598
,,0.62584
,,0.62569
,,0.62554
,,0.62539
,,0.62524
,,0.62509
,,0.62494
,,0.62479
,,0.62464
,,0.62449
,,0.62434
,,0.62420
,,0.62405
,,0.62391
,,0.62377
,,0.62363
,,0.62348
,,0.62334
,,0.62320
,,0.62305
,,0.62290
,,0.62276
,,0.62261
,,0.62246
,,0.62231
,,0.62216
,,0.62201
,,0.62186
,,0.62171
,,0.62156
,,0.62142
,,0.62127
,,0.62112
,,0.62097
,,0.62082
,,0.62068
,,0.62053
,,0.62039
,,0.62024
,,0.62010
,,0.61996
,,0.61982
,,0.61967
,,0.61953
,,0.61938
,,0.61924
,,0.61909
,,0.61894
,,0.61880
,,0.61865
,,0.61850
,,0.61835
,,0.61820
,,0.61805
,,0.61790
,,0.61775
,,0.61760
,,0.61745
,,0.61731
,,0.61716
,,0.61701
,,0.61687
,,0.61672
,,0.61658
,,0.61643
,,0.61629
,,0.61614
,,0.61600
,,0.61586
,,0.61571
,,0.61556
,,0.61542
,,0.61527
,,0.61512
,,0.61497
,,0.61482
,,0.61467
,,0.61453
,,0.61438
,,0.61423
,,0.61407
,,0.61393
,,0.61378
,,0.61362
,,0.61348
,,0.61333
,,0.61318
,,0.61304
,,0.61289
,,0.61275
,,0.61261
,,0.61246
,,0.61232
,,0.61217
,,0.61203
,,0.61188
,,0.61174
,,0.61159
,,0.61144
,,0.61129
,,0.61114
,,0.61099
,,0.61084
,,0.61069
,,0.61054
,,0.61039
,,0.61024
,,0.61009
,,0.60994
,,0.60980
,,0.60965
,,0.60951
,,0.60936
,,0.60922
,,0.60907
,,0.60893
,,0.60879
,,0.60864
,,0.60850
,,0.60835
,,0.60820
,,0.60806
,,0.60791
,,0.60776
,,0.60761
,,0.60746
,,0.60731
,,0.60716
,,0.60701
,,0.60686
,,0.60671
,,0.60656
,,0.60641
,,0.60626
,,0.60611
,,0.60597
,,0.60582
,,0.60567
,,0.60553
,,0.60538
,,0.60524
,,0.60509
,,0.60495
,,0.60480
,,0.60466
,,0.60451
,,0.60437
,,0.60422
,,0.60407
,,0.60392
,,0.60377
,,0.60362
,,0.60347
,,0.60332
,,0.60317
,,0.60302
,,0.60286
,,0.60271
,,0.60256
,,0.60241
,,0.60227
,,0.60212
,,0.60197
,,0.60183
,,0.60168
,,0.60154
,,0.60139
,,0.60125
,,0.60111
,,0.60096
,,0.60081
,,0.60067
,,0.60052
,,0.60037
,,0.60022
,,0.60007
,,0.59993
,,0.59977
,,0.59962
,,0.59947
,,0.59932
,,0.59917
,,0.59902
,,0.59887
,,0.59872
,,0.59858
,,0.59843
,,0.59828
,,0.59814
,,0.59799
,,0.59785
,,0.59770
,,0.59756
,,0.59742
,,0.59727
,,0.59712
,,0.59698
,,0.59683
,,0.59668
,,0.59653
,,0.59638
,,0.59624
,,0.59609
,,0.59594
,,0.59579
,,0.59564
,,0.59549
,,0.59534
,,0.59519
,,0.59504
,,0.59489
,,0.59474
,,0.59459
,,0.59445
,,0.59430
,,0.59416
,,0.59401
,,0.59387
,,0.59372
,,0.59357
,,0.59343
,,0.59328
,,0.59313
,,0.59298
,,0.59283
,,0.59268
,,0.59253
,,0.59238
,,0.59223
,,0.59208
,,0.59193
,,0.59177
,,0.59162
,,0.59147
,,0.59132
,,0.59117
,,0.59103
,,0.59088
,,0.59073
,,0.59059
,,0.59044
,,0.59030
,,0.59015
,,0.59000
,,0.58986
,,0.58971
,,0.58956
,,0.58941
,,0.58926
,,0.58911
,,0.58896
,,0.58881
,,0.58866
,,0.58851
,,0.58836
,,0.58821
,,0.58806
,,0.58791
,,0.58776
,,0.58761
,,0.58746
,,0.58731
,,0.58716
,,0.58702
,,0.58687
,,0.58673
,,0.58659
,,0.58644
,,0.58629
,,0.58615
,,0.58600
,,0.58585
,,0.58570
,,0.58555
,,0.58540
,,0.58525
,,0.58510
,,0.58495
,,0.58480
,,0.58465
,,0.58450
,,0.58435
,,0.58419
,,0.58404
,,0.58389
,,0.58374
,,0.58359
,,0.58344
,,0.58330
,,0.58315
,,0.58300
,,0.58286
,,0.58271
,,0.58257
,,0.58242
,,0.58227
,,0.58212
,,0.58197
,,0.58182
,,0.58167
,,0.58152
,,0.58137
,,0.58122
,,0.58107
,,0.58092
,,0.58076
,,0.58061
,,0.58046
,,0.58031
,,0.58016
,,0.58000
,,0.57986
,,0.57971
,,0.57956
,,0.57941
,,0.57927
,,0.57912
,,0.57898
,,0.57883
,,0.57868
,,0.57854
,,0.57839
,,0.57824
,,0.57809
,,0.57794
,,0.57779
,,0.57764
,,0.57749
,,0.57734
,,0.57718
,,0.57703
,,0.57688
,,0.57672
,,0.57657
,,0.57642
,,0.57627
,,0.57612
,,0.57597
,,0.57582
,,0.57568
,,0.57553
,,0.57539
,,0.57524
,,0.57510
,,0.57495
,,0.57480
,,0.57465
,,0.57451
,,0.57436
,,0.57421
,,0.57405
,,0.57390
,,0.57375
,,0.57360
,,0.57345
,,0.57330
,,0.57315
,,0.57299
,,0.57284
,,0.57269
,,0.57254
,,0.57239
,,0.57224
,,0.57209
,,0.57194
,,0.57180
,,0.57165
,,0.57151
,,0.57136
,,0.57121
,,0.57107
,,0.57092
,,0.57077
,,0.57062
,,0.57047
,,0.57032
,,0.57017
,,0.57001
,,0.56986
,,0.56971
,,0.56956
,,0.56940
,,0.56925
,,0.56910
,,0.56895
,,0.56879
,,0.56864
,,0.56849
,,0.56834
,,0.56820
,,0.56805
,,0.56790
,,0.56776
,,0.56761
,,0.56747
,,0.56732
,,0.56717
,,0.56702
,,0.56687
,,0.56672
,,0.56657
,,0.56642
,,0.56626
,,0.56611
,,0.56596
,,0.56581
,,0.56565
,,0.56550
,,0.56535
,,0.56520
,,0.56505
,,0.56490
,,0.56475
,,0.56460
,,0.56445
,,0.56431
,,0.56416
,,0.56402
,,0.56387
,,0.56373
,,0.56358
,,0.56344
,,0.56329
,,0.56314
,,0.56299
,,0.56284
,,0.56269
,,0.56254
,,0.56238
,,0.56223
,,0.56208
,,0.56193
,,0.56178
,,0.56163
,,0.56147
,,0.56132
,,0.56117
,,0.56102
,,0.56088
,,0.56073
,,0.56058
,,0.56044
,,0.56029
,,0.56015
,,0.56000
,,0.55985
,,0.55970
,,0.55956
,,0.55941
,,0.55926
,,0.55911
,,0.55896
,,0.55881
,,0.55865
,,0.55850
,,0.55835
,,0.55820
,,0.55804
,,0.55789
,,0.55774
,,0.55759
,,0.55744
,,0.55729
,,0.55714
,,0.55699
,,0.55684
,,0.55670
,,0.55655
,,0.55641
,,0.55626
,,0.55611
,,0.55596
,,0.55581
,,0.55567
,,0.55552
,,0.55537
,,0.55522
,,0.55507
,,0.55492
,,0.55477
,,0.55461
,,0.55446
,,0.55431
,,0.55416
,,0.55401
,,0.55386
,,0.55371
,,0.55356
,,0.55342
,,0.55327
,,0.55312
,,0.55297
,,0.55283
,,0.55268
,,0.55254
,,0.55239
,,0.55225
,,0.55210
,,0.55195
,,0.55180
,,0.55165
,,0.55150
,,0.55135
,,0.55120
,,0.55105
,,0.55090
,,0.55075
,,0.55060
,,0.55045
,,0.55029
,,0.55014
,,0.54999
,,0.54984
,,0.54969
,,0.54954
,,0.54940
,,0.54925
,,0.54910
,,0.54896
,,0.54881
,,0.54866
,,0.54852
,,0.54837
,,0.54822
,,0.54807
,,0.54792
,,0.54777
,,0.54762
,,0.54747
,,0.54732
,,0.54716
,,0.54701
,,0.54686
,,0.54671
,,0.54656
,,0.54640
,,0.54625
,,0.54611
,,0.54596
,,0.54581
,,0.54567
,,0.54552
,,0.54538
,,0.54523
,,0.54508
,,0.54494
,,0.54479
,,0.54465
,,0.54450
,,0.54435
,,0.54420
,,0.54405
,,0.54390
,,0.54375
,,0.54360
,,0.54345
,,0.54330
,,0.54315
,,0.54299
,,0.54284
,,0.54269
,,0.54254
,,0.54239
,,0.54225
,,0.54210
,,0.54196
,,0.54181
,,0.54166
,,0.54152
,,0.54138
,,0.54123
,,0.54109
,,0.54094
,,0.54079
,,0.54064
,,0.54050
,,0.54035
,,0.54020
,,0.54005
,,0.53990
,,0.53975
,,0.53959
,,0.53944
,,0.53929
,,0.53914
,,0.53899
,,0.53884
,,0.53870
,,0.53855
,,0.53840
,,0.53826
,,0.53811
,,0.53797
,,0.53782
,,0.53767
,,0.53753
,,0.53738
,,0.53723
,,0.53709
,,0.53694
,,0.53679
,,0.53664
,,0.53649
,,0.53634
,,0.53619
,,0.53604
,,0.53589
,,0.53574
,,0.53559
,,0.53544
,,0.53529
,,0.53514
,,0.53499
,,0.53484
,,0.53469
,,0.53455
,,0.53440
,,0.53426
,,0.53412
,,0.53397
,,0.53383
,,0.53368
,,0.53353
,,0.53338
,,0.53323
,,0.53309
,,0.53294
,,0.53279
,,0.53264
,,0.53249
,,0.53234
,,0.53219
,,0.53204
,,0.53189
,,0.53173
,,0.53158
,,0.53144
,,0.53129
,,0.53114
,,0.53100
,,0.53085
,,0.53071
,,0.53057
,,0.53042
,,0.53028
,,0.53014
,,0.52999
,,0.52985
,,0.52970
,,0.52955
,,0.52940
,,0.52925
,,0.52911
,,0.52896
,,0.52881
,,0.52866
,,0.52851
,,0.52836
,,0.52821
,,0.52806
,,0.52791
,,0.52776
,,0.52761
,,0.52746
,,0.52732
,,0.52717
,,0.52703
,,0.52688
,,0.52674
,,0.52660
,,0.52645
,,0.52630
,,0.52616
,,0.52601
,,0.52586
,,0.52571
,,0.52556
,,0.52541
,,0.52526
,,0.52511
,,0.52496
,,0.52481
,,0.52466
,,0.52451
,,0.52436
,,0.52421
,,0.52406
,,0.52391
,,0.52376
,,0.52361
,,0.52347
,,0.52332
,,0.52318
,,0.52304
,,0.52289
,,0.52275
,,0.52260
,,0.52245
,,0.52231
,,0.52216
,,0.52201
,,0.52186
,,0.52171
,,0.52156
,,0.52141
,,0.52127
,,0.52112
,,0.52097
,,0.52082
,,0.52067
,,0.52052
,,0.52037
,,0.52022
,,0.52007
,,0.51992
,,0.51978
,,0.51964
,,0.51949
,,0.51935
,,0.51921
,,0.51906
,,0.51892
,,0.51878
,,0.51863
,,0.51848
,,0.51834
,,0.51819
,,0.51804
,,0.51789
,,0.51774
,,0.51759
,,0.51745
,,0.51729
,,0.51714
,,0.51699
,,0.51684
,,0.51670
,,0.51655
,,0.51640
,,0.51625
,,0.51611
,,0.51596
,,0.51582
,,0.51568
,,0.51553
,,0.51539
,,0.51524
,,0.51510
,,0.51496
,,0.51481
,,0.51466
,,0.51452
,,0.51437
,,0.51422
,,0.51407
,,0.51392
,,0.51377
,,0.51362
,,0.51347
,,0.51332
,,0.51317
,,0.51302
,,0.51288
,,0.51273
,,0.51258
,,0.51244
,,0.51229
,,0.51215
,,0.51201
,,0.51187
,,0.51172
,,0.51158
,,0.51143
,,0.51129
,,0.51114
,,0.51100
,,0.51085
,,0.51070
,,0.51055
,,0.51040
,,0.51026
,,0.51011
,,0.50996
,,0.50981
,,0.50966
,,0.50951
,,0.50936
,,0.50922
,,0.50907
,,0.50892
,,0.50877
,,0.50863
,,0.50849
,,0.50834
,,0.50820
,,0.50806
,,0.50791
,,0.50777
,,0.50762
,,0.50747
,,0.50733
,,0.50718
,,0.50703
,,0.50689
,,0.50674
,,0.50659
,,0.50644
,,0.50629
,,0.50614
,,0.50599
,,0.50584
,,0.50569
,,0.50555
,,0.50540
,,0.50525
,,0.50511
,,0.50496
,,0.50482
,,0.50468
,,0.50453
,,0.50439
,,0.50424
,,0.50410
,,0.50395
,,0.50380
,,0.50365
,,0.50351
,,0.50336
,,0.50321
,,0.50306
,,0.50291
,,0.50276
,,0.50261
,,0.50246
,,0.50231
,,0.50216
,,0.50201
,,0.50186
,,0.50172
,,0.50157
,,0.50142
,,0.50128
,,0.50113
,,0.50099
,,0.50085
,,0.50070
,,0.50056
,,0.50041
,,0.50027
,,0.50012
,,0.49998
,,0.49983
,,0.49968
,,0.49953
,,0.49938
,,0.49924
,,0.49909
,,0.49894
,,0.49879
,,0.49864
,,0.49849
,,0.49834
,,0.49819
,,0.49804
,,0.49790
,,0.49775
,,0.49761
,,0.49746
,,0.49732
,,0.49718
,,0.49703
,,0.49689
,,0.49675
,,0.49660
,,0.49645
,,0.49631
,,0.49616
,,0.49601
,,0.49587
,,0.49572
,,0.49558
,,0.49543
,,0.49528
,,0.49513
,,0.49498
,,0.49483
,,0.49468
,,0.49453
,,0.49438
,,0.49424
,,0.49409
,,0.49395
,,0.49380
,,0.49366
,,0.49351
,,0.49337
,,0.49322
,,0.49308
,,0.49294
,,0.49279
,,0.49264
,,0.49250
,,0.49235
,,0.49220
,,0.49205
,,0.49190
,,0.49175
,,0.49160
,,0.49145
,,0.49130
,,0.49115
,,0.49100
,,0.49085
,,0.49071
,,0.49056
,,0.49042
,,0.49027
,,0.49013
,,0.48998
,,0.48984
,,0.48970
,,0.48955
,,0.48941
,,0.48927
,,0.48912
,,0.48897
,,0.48883
,,0.48868
,,0.48853
,,0.48838
,,0.48823
,,0.48809
,,0.48794
,,0.48779
,,0.48764
,,0.48748
,,0.48733
,,0.48719
,,0.48704
,,0.48689
,,0.48675
,,0.48660
,,0.48646
,,0.48631
,,0.48617
,,0.48602
,,0.48588
,,0.48574
,,0.48559
,,0.48545
,,0.48530
,,0.48515
,,0.48501
,,0.48486
,,0.48471
,,0.48456
,,0.48441
,,0.48426
,,0.48411
,,0.48396
,,0.48381
,,0.48366
,,0.48351
,,0.48336
,,0.48321
,,0.48306
,,0.48292
,,0.48277
,,0.48263
,,0.48248
,,0.48234
,,0.48220
,,0.48205
,,0.48191
,,0.48176
,,0.48161
,,0.48146
,,0.48132
,,0.48117
,,0.48102
,,0.48087
,,0.48072
,,0.48057
,,0.48042
,,0.48027
,,0.48012
,,0.47996
,,0.47981
,,0.47966
,,0.47951
,,0.47937
,,0.47922
,,0.47908
,,0.47893
,,0.47879
,,0.47864
,,0.47850
,,0.47835
,,0.47820
,,0.47806
,,0.47791
,,0.47776
,,0.47761
,,0.47746
,,0.47731
,,0.47716
,,0.47701
,,0.47686
,,0.47671
,,0.47656
,,0.47641
,,0.47626
,,0.47611
,,0.47596
,,0.47581
,,0.47566
,,0.47552
,,0.47537
,,0.47522
,,0.47508
,,0.47493
,,0.47479
,,0.47464
,,0.47450
,,0.47435
,,0.47420
,,0.47406
,,0.47391
,,0.47376
,,0.47361
,,0.47346
,,0.47331
,,0.47316
,,0.47301
,,0.47286
,,0.47271
,,0.47256
,,0.47241
,,0.47226
,,0.47211
,,0.47197
,,0.47182
,,0.47167
,,0.47153
,,0.47139
,,0.47124
,,0.47110
,,0.47095
,,0.47081
,,0.47066
,,0.47052
,,0.47037
,,0.47022
,,0.47007
,,0.46993
,,0.46978
,,0.46963
,,0.46948
,,0.46933
,,0.46917
,,0.46902
,,0.46887
,,0.46872
,,0.46857
,,0.46842
,,0.46827
,,0.46813
,,0.46798
,,0.46783
,,0.46769
,,0.46755
,,0.46740
,,0.46726
,,0.46711
,,0.46697
,,0.46682
,,0.46667
,,0.46652
,,0.46638
,,0.46623
,,0.46608
,,0.46593
,,0.46578
,,0.46563
,,0.46548
,,0.46533
,,0.46518
,,0.46503
,,0.46488
,,0.46473
,,0.46458
,,0.46444
,,0.46429
,,0.46414
,,0.46400
,,0.46386
,,0.46371
,,0.46357
,,0.46343
,,0.46328
,,0.46313
,,0.46299
,,0.46284
,,0.46269
,,0.46254
,,0.46239
,,0.46224
,,0.46209
,,0.46194
,,0.46179
,,0.46164
,,0.46149
,,0.46134
,,0.46119
,,0.46104
,,0.46089
,,0.46075
,,0.46060
,,0.46046
,,0.46031
,,0.46017
,,0.46002
,,0.45988
,,0.45974
,,0.45959
,,0.45944
,,0.45929
,,0.45914
,,0.45899
,,0.45885
,,0.45870
,,0.45855
,,0.45840
,,0.45825
,,0.45810
,,0.45794
,,0.45779
,,0.45764
,,0.45749
,,0.45734
,,0.45719
,,0.45704
,,0.45689
,,0.45675
,,0.45660
,,0.45646
,,0.45631
,,0.45617
,,0.45602
,,0.45588
,,0.45573
,,0.45559
,,0.45544
,,0.45529
,,0.45514
,,0.45499
,,0.45484
,,0.45469
,,0.45454
,,0.45439
,,0.45424
,,0.45409
,,0.45394
,,0.45379
,,0.45364
,,0.45350
,,0.45335
,,0.45320
,,0.45306
,,0.45291
,,0.45277
,,0.45262
,,0.45248
,,0.45234
,,0.45219
,,0.45205
,,0.45190
,,0.45175
,,0.45160
,,0.45146
,,0.45131
,,0.45116
,,0.45101
,,0.45086
,,0.45071
,,0.45056
,,0.45041
,,0.45026
,,0.45011
,,0.44996
,,0.44981
,,0.44967
,,0.44952
,,0.44938
,,0.44923
,,0.44909
,,0.44894
,,0.44880
,,0.44866
,,0.44851
,,0.44837
,,0.44822
,,0.44807
,,0.44792
,,0.44777
,,0.44763
,,0.44748
,,0.44733
,,0.44718
,,0.44703
,,0.44688
,,0.44673
,,0.44658
,,0.44643
,,0.44628
,,0.44613
,,0.44599
,,0.44584
,,0.44570
,,0.44555
,,0.44541
,,0.44527
,,0.44512
,,0.44498
,,0.44484
,,0.44469
,,0.44454
,,0.44440
,,0.44425
,,0.44410
,,0.44395
,,0.44380
,,0.44366
,,0.44351
,,0.44335
,,0.44321
,,0.44306
,,0.44291
,,0.44275
,,0.44261
,,0.44246
,,0.44231
,,0.44217
,,0.44202
,,0.44188
,,0.44173
,,0.44159
,,0.44145
,,0.44130
,,0.44116
,,0.44102
,,0.44087
,,0.44073
,,0.44058
,,0.44043
,,0.44028
,,0.44014
,,0.43999
,,0.43984
,,0.43969
,,0.43954
,,0.43939
,,0.43924
,,0.43909
,,0.43894
,,0.43879
,,0.43865
,,0.43850
,,0.43835
,,0.43821
,,0.43807
,,0.43792
,,0.43778
,,0.43764
,,0.43749
,,0.43735
,,0.43720
,,0.43706
,,0.43691
,,0.43676
,,0.43662
,,0.43647
,,0.43632
,,0.43617
,,0.43602
,,0.43587
,,0.43572
,,0.43557
,,0.43542
,,0.43527
,,0.43512
,,0.43497
,,0.43483
,,0.43468
,,0.43454
,,0.43439
,,0.43425
,,0.43410
,,0.43396
,,0.43381
,,0.43367
,,0.43352
,,0.43337
,,0.43323
,,0.43308
,,0.43293
,,0.43278
,,0.43263
,,0.43248
,,0.43233
,,0.43218
,,0.43203
,,0.43188
,,0.43173
,,0.43158
,,0.43144
,,0.43129
,,0.43114
,,0.43100
,,0.43085
,,0.43071
,,0.43056
,,0.43042
,,0.43028
,,0.43013
,,0.42999
,,0.42984
,,0.42969
,,0.42955
,,0.42940
,,0.42925
,,0.42910
,,0.42896
,,0.42881
,,0.42866
,,0.42851
,,0.42836
,,0.42821
,,0.42805
,,0.42790
,,0.42775
,,0.42761
,,0.42746
,,0.42731
,,0.42717
,,0.42703
,,0.42688
,,0.42674
,,0.42660
,,0.42645
,,0.42631
,,0.42616
,,0.42601
,,0.42587
,,0.42572
,,0.42557
,,0.42542
,,0.42527
,,0.42513
,,0.42498
,,0.42483
,,0.42468
,,0.42453
,,0.42438
,,0.42423
,,0.42408
,,0.42393
,,0.42378
,,0.42364
,,0.42349
,,0.42335
,,0.42321
,,0.42306
,,0.42292
,,0.42278
,,0.42263
,,0.42249
,,0.42234
,,0.42219
,,0.42204
,,0.42189
,,0.42174
,,0.42159
,,0.42145
,,0.42130
,,0.42115
,,0.42100
,,0.42085
,,0.42070
,,0.42055
,,0.42040
,,0.42025
,,0.42010
,,0.41996
,,0.41981
,,0.41967
,,0.41953
,,0.41938
,,0.41924
,,0.41910
,,0.41895
,,0.41881
,,0.41867
,,0.41852
,,0.41837
,,0.41822
,,0.41808
,,0.41793
,,0.41778
,,0.41763
,,0.41748
,,0.41733
,,0.41718
,,0.41703
,,0.41688
,,0.41673
,,0.41658
,,0.41644
,,0.41629
,,0.41615
,,0.41600
,,0.41585
,,0.41571
,,0.41557
,,0.41542
,,0.41528
,,0.41513
,,0.41498
,,0.41484
,,0.41469
,,0.41454
,,0.41439
,,0.41424
,,0.41409
,,0.41394
,,0.41379
,,0.41364
,,0.41348
,,0.41333
,,0.41318
,,0.41303
,,0.41288
,,0.41273
,,0.41259
,,0.41244
,,0.41229
,,0.41215
,,0.41201
,,0.41187
,,0.41172
,,0.41157
,,0.41143
,,0.41128
,,0.41114
,,0.41099
,,0.41084
,,0.41069
,,0.41054
,,0.41039
,,0.41024
,,0.41009
,,0.40994
,,0.40979
,,0.40964
,,0.40949
,,0.40934
,,0.40919
,,0.40904
,,0.40890
,,0.40875
,,0.40861
,,0.40846
,,0.40832
,,0.40817
,,0.40803
,,0.40788
,,0.40774
,,0.40759
,,0.40745
,,0.40730
,,0.40715
,,0.40700
,,0.40685
,,0.40670
,,0.40655
,,0.40640
,,0.40625
,,0.40611
,,0.40595
,,0.40580
,,0.40566
,,0.40550
,,0.40536
,,0.40521
,,0.40507
,,0.40492
,,0.40478
,,0.40464
,,0.40449
,,0.40435
,,0.40421
,,0.40406
,,0.40391
,,0.40377
,,0.40362
,,0.40347
,,0.40332
,,0.40317
,,0.40302
,,0.40287
,,0.40272
,,0.40257
,,0.40242
,,0.40227
,,0.40212
,,0.40197
,,0.40182
,,0.40167
,,0.40152
,,0.40138
,,0.40123
,,0.40109
,,0.40094
,,0.40080
,,0.40065
,,0.40051
,,0.40036
,,0.40022
,,0.40007
,,0.39992
,,0.39977
,,0.39962
,,0.39948
,,0.39933
,,0.39918
,,0.39903
,,0.39888
,,0.39873
,,0.39858
,,0.39842
,,0.39827
,,0.39813
,,0.39798
,,0.39783
,,0.39769
,,0.39754
,,0.39740
,,0.39725
,,0.39711
,,0.39696
,,0.39682
,,0.39668
,,0.39653
,,0.39639
,,0.39624
,,0.39609
,,0.39594
,,0.39580
,,0.39565
,,0.39550
,,0.39535
,,0.39520
,,0.39505
,,0.39490
,,0.39475
,,0.39460
,,0.39445
,,0.39430
,,0.39416
,,0.39401
,,0.39386
,,0.39372
,,0.39357
,,0.39343
,,0.39329
,,0.39314
,,0.39300
,,0.39285
,,0.39271
,,0.39256
,,0.39241
,,0.39226
,,0.39211
,,0.39196
,,0.39181
,,0.39166
,,0.39151
,,0.39136
,,0.39121
,,0.39106
,,0.39091
,,0.39076
,,0.39061
,,0.39046
,,0.39032
,,0.39017
,,0.39003
,,0.38988
,,0.38974
,,0.38960
,,0.38946
,,0.38931
,,0.38916
,,0.38902
,,0.38887
,,0.38872
,,0.38858
,,0.38843
,,0.38828
,,0.38813
,,0.38798
,,0.38783
,,0.38768
,,0.38753
,,0.38738
,,0.38723
,,0.38708
,,0.38693
,,0.38678
,,0.38664
,,0.38649
,,0.38634
,,0.38620
,,0.38606
,,0.38591
,,0.38577
,,0.38562
,,0.38548
,,0.38533
,,0.38519
,,0.38504
,,0.38489
,,0.38474
,,0.38459
,,0.38444
,,0.38429
,,0.38414
,,0.38400
,,0.38384
,,0.38370
,,0.38355
,,0.38340
,,0.38325
,,0.38310
,,0.38295
,,0.38281
,,0.38266
,,0.38252
,,0.38238
,,0.38223
,,0.38209
,,0.38195
,,0.38180
,,0.38165
,,0.38151
,,0.38136
,,0.38121
,,0.38106
,,0.38091
,,0.38076
,,0.38061
,,0.38046
,,0.38031
,,0.38016
,,0.38001
,,0.37986
,,0.37971
,,0.37956
,,0.37941
,,0.37926
,,0.37912
,,0.37897
,,0.37883
,,0.37869
,,0.37854
,,0.37840
,,0.37826
,,0.37811
,,0.37797
,,0.37782
,,0.37767
,,0.37752
,,0.37737
,,0.37722
,,0.37708
,,0.37693
,,0.37678
,,0.37663
,,0.37648
,,0.37633
,,0.37618
,,0.37603
,,0.37588
,,0.37574
,,0.37559
,,0.37545
,,0.37530
,,0.37516
,,0.37502
,,0.37488
,,0.37473
,,0.37459
,,0.37445
,,0.37430
,,0.37415
,,0.37401
,,0.37386
,,0.37371
,,0.37356
,,0.37341
,,0.37326
,,0.37311
,,0.37296
,,0.37281
,,0.37266
,,0.37251
,,0.37236
,,0.37221
,,0.37207
,,0.37192
,,0.37177
,,0.37163
,,0.37148
,,0.37134
,,0.37119
,,0.37105
,,0.37091
,,0.37076
,,0.37062
,,0.37047
,,0.37032
,,0.37017
,,0.37002
,,0.36987
,,0.36972
,,0.36957
,,0.36943
,,0.36928
,,0.36913
,,0.36898
,,0.36883
,,0.36867
,,0.36852
,,0.36837
,,0.36823
,,0.36808
,,0.36794
,,0.36779
,,0.36765
,,0.36750
,,0.36736
,,0.36722
,,0.36707
,,0.36692
,,0.36678
,,0.36663
,,0.36648
,,0.36633
,,0.36618
,,0.36604
,,0.36589
,,0.36574
,,0.36559
,,0.36544
,,0.36528
,,0.36513
,,0.36498
,,0.36483
,,0.36469
,,0.36454
,,0.36439
,,0.36425
,,0.36411
,,0.36396
,,0.36382
,,0.36368
,,0.36353
,,0.36339
,,0.36324
,,0.36310
,,0.36295
,,0.36280
,,0.36265
,,0.36250
,,0.36235
,,0.36220
,,0.36206
,,0.36191
,,0.36176
,,0.36160
,,0.36145
,,0.36130
,,0.36115
,,0.36100
,,0.36086
,,0.36071
,,0.36057
,,0.36042
,,0.36028
,,0.36013
,,0.35999
,,0.35984
,,0.35970
,,0.35955
,,0.35941
,,0.35926
,,0.35911
,,0.35896
,,0.35882
,,0.35867
,,0.35852
,,0.35837
,,0.35822
,,0.35807
,,0.35792
,,0.35777
,,0.35762
,,0.35747
,,0.35732
,,0.35717
,,0.35702
,,0.35687
,,0.35673
,,0.35658
,,0.35644
,,0.35630
,,0.35615
,,0.35600
,,0.35586
,,0.35571
,,0.35557
,,0.35542
,,0.35527
,,0.35512
,,0.35497
,,0.35482
,,0.35467
,,0.35452
,,0.35437
,,0.35422
,,0.35407
,,0.35392
,,0.35377
,,0.35362
,,0.35348
,,0.35333
,,0.35319
,,0.35304
,,0.35290
,,0.35275
,,0.35261
,,0.35247
,,0.35233
,,0.35218
,,0.35203
,,0.35189
,,0.35174
,,0.35159
,,0.35145
,,0.35130
,,0.35115
,,0.35100
,,0.35085
,,0.35070
,,0.35054
,,0.35039
,,0.35024
,,0.35009
,,0.34995
,,0.34980
,,0.34965
,,0.34950
,,0.34936
,,0.34921
,,0.34907
,,0.34892
,,0.34878
,,0.34864
,,0.34849
,,0.34835
,,0.34820
,,0.34805
,,0.34790
,,0.34776
,,0.34761
,,0.34746
,,0.34731
,,0.34716
,,0.34701
,,0.34686
,,0.34671
,,0.34655
,,0.34640
,,0.34625
,,0.34610
,,0.34596
,,0.34581
,,0.34567
,,0.34552
,,0.34538
,,0.34523
,,0.34509
,,0.34494
,,0.34480
,,0.34465
,,0.34451
,,0.34436
,,0.34421
,,0.34406
,,0.34391
,,0.34377
,,0.34362
,,0.34347
,,0.34331
,,0.34316
,,0.34301
,,0.34286
,,0.34271
,,0.34256
,,0.34242
,,0.34227
,,0.34212
,,0.34198
,,0.34184
,,0.34169
,,0.34155
,,0.34141
,,0.34126
,,0.34111
,,0.34097
,,0.34082
,,0.34067
,,0.34052
,,0.34038
,,0.34023
,,0.34008
,,0.33993
,,0.33978
,,0.33963
,,0.33948
,,0.33933
,,0.33918
,,0.33903
,,0.33888
,,0.33873
,,0.33858
,,0.33843
,,0.33829
,,0.33814
,,0.33800
,,0.33786
,,0.33771
,,0.33757
,,0.33742
,,0.33728
,,0.33713
,,0.33698
,,0.33684
,,0.33669
,,0.33654
,,0.33639
,,0.33624
,,0.33609
,,0.33594
,,0.33579
,,0.33564
,,0.33549
,,0.33534
,,0.33519
,,0.33504
,,0.33489
,,0.33475
,,0.33460
,,0.33446
,,0.33431
,,0.33417
,,0.33403
,,0.33389
,,0.33374
,,0.33360
,,0.33345
,,0.33330
,,0.33315
,,0.33300
,,0.33285
,,0.33270
,,0.33255
,,0.33240
,,0.33225
,,0.33210
,,0.33195
,,0.33180
,,0.33165
,,0.33150
,,0.33135
,,0.33121
,,0.33106
,,0.33091
,,0.33077
,,0.33062
,,0.33048
,,0.33034
,,0.33019
,,0.33005
,,0.32991
,,0.32976
,,0.32961
,,0.32947
,,0.32932
,,0.32917
,,0.32902
,,0.32887
,,0.32873
,,0.32858
,,0.32843
,,0.32828
,,0.32813
,,0.32798
,,0.32783
,,0.32768
,,0.32754
,,0.32739
,,0.32725
,,0.32710
,,0.32696
,,0.32682
,,0.32667
,,0.32653
,,0.32638
,,0.32624
,,0.32609
,,0.32594
,,0.32580
,,0.32565
,,0.32550
,,0.32536
,,0.32521
,,0.32506
,,0.32491
,,0.32476
,,0.32461
,,0.32446
,,0.32431
,,0.32416
,,0.32401
,,0.32386
,,0.32372
,,0.32357
,,0.32343
,,0.32328
,,0.32314
,,0.32299
,,0.32285
,,0.32270
,,0.32256
,,0.32241
,,0.32227
,,0.32212
,,0.32198
,,0.32183
,,0.32168
,,0.32153
,,0.32138
,,0.32123
,,0.32108
,,0.32093
,,0.32078
,,0.32063
,,0.32048
,,0.32033
,,0.32019
,,0.32004
,,0.31989
,,0.31975
,,0.31961
,,0.31947
,,0.31932
,,0.31918
,,0.31904
,,0.31889
,,0.31875
,,0.31860
,,0.31846
,,0.31831
,,0.31816
,,0.31802
,,0.31787
,,0.31772
,,0.31757
,,0.31742
,,0.31727
,,0.31712
,,0.31697
,,0.31682
,,0.31667
,,0.31653
,,0.31638
,,0.31623
,,0.31609
,,0.31595
,,0.31580
,,0.31566
,,0.31552
,,0.31537
,,0.31523
,,0.31509
,,0.31494
,,0.31479
,,0.31464
,,0.31450
,,0.31435
,,0.31420
,,0.31405
,,0.31390
,,0.31375
,,0.31360
,,0.31345
,,0.31330
,,0.31315
,,0.31300
,,0.31286
,,0.31271
,,0.31257
,,0.31242
,,0.31228
,,0.31213
,,0.31199
,,0.31185
,,0.31171
,,0.31156
,,0.31142
,,0.31128
,,0.31113
,,0.31099
,,0.31084
,,0.31069
,,0.31054
,,0.31039
,,0.31024
,,0.31009
,,0.30994
,,0.30979
,,0.30964
,,0.30949
,,0.30935
,,0.30920
,,0.30905
,,0.30891
,,0.30876
,,0.30862
,,0.30848
,,0.30833
,,0.30819
,,0.30805
,,0.30791
,,0.30776
,,0.30762
,,0.30747
,,0.30732
,,0.30718
,,0.30703
,,0.30688
,,0.30673
,,0.30658
,,0.30643
,,0.30628
,,0.30613
,,0.30598
,,0.30583
,,0.30568
,,0.30554
,,0.30539
,,0.30524
,,0.30510
,,0.30496
,,0.30482
,,0.30467
,,0.30453
,,0.30439
,,0.30425
,,0.30410
,,0.30396
,,0.30381
,,0.30367
,,0.30352
,,0.30338
,,0.30323
,,0.30308
,,0.30293
,,0.30278
,,0.30263
,,0.30248
,,0.30233
,,0.30218
,,0.30204
,,0.30189
,,0.30174
,,0.30160
,,0.30145
,,0.30131
,,0.30116
,,0.30102
,,0.30088
,,0.30074
,,0.30059
,,0.30045
,,0.30030
,,0.30016
,,0.30001
,,0.29986
,,0.29971
,,0.29957
,,0.29942
,,0.29927
,,0.29912
,,0.29897
,,0.29882
,,0.29867
,,0.29852
,,0.29837
,,0.29823
,,0.29808
,,0.29793
,,0.29779
,,0.29764
,,0.29750
,,0.29736
,,0.29722
,,0.29707
,,0.29693
,,0.29678
,,0.29664
,,0.29650
,,0.29635
,,0.29620
,,0.29606
,,0.29591
,,0.29576
,,0.29561
,,0.29547
,,0.29532
,,0.29517
,,0.29502
,,0.29487
,,0.29472
,,0.29458
,,0.29443
,,0.29428
,,0.29414
,,0.29400
,,0.29385
,,0.29371
,,0.29357
,,0.29343
,,0.29329
,,0.29314
,,0.29300
,,0.29286
,,0.29271
,,0.29256
,,0.29241
,,0.29227
,,0.29212
,,0.29197
,,0.29182
,,0.29168
,,0.29153
,,0.29138
,,0.29122
,,0.29107
,,0.29093
,,0.29078
,,0.29063
,,0.29049
,,0.29034
,,0.29021
,,0.29006
,,0.28992
,,0.28978
,,0.28963
,,0.28949
,,0.28934
,,0.28920
,,0.28905
,,0.28891
,,0.28876
,,0.28862
,,0.28847
,,0.28832
,,0.28817
,,0.28802
,,0.28787
,,0.28772
,,0.28757
,,0.28742
,,0.28727
,,0.28713
,,0.28698
,,0.28684
,,0.28669
,,0.28655
,,0.28641
,,0.28627
,,0.28613
,,0.28599
,,0.28584
,,0.28570
,,0.28556
,,0.28541
,,0.28527
,,0.28512
,,0.28497
,,0.28483
,,0.28468
,,0.28453
,,0.28438
,,0.28423
,,0.28408
,,0.28393
,,0.28378
,,0.28363
,,0.28349
,,0.28334
,,0.28320
,,0.28305
,,0.28291
,,0.28277
,,0.28263
,,0.28249
,,0.28234
,,0.28220
,,0.28206
,,0.28192
,,0.28177
,,0.28163
,,0.28148
,,0.28133
,,0.28119
,,0.28104
,,0.28089
,,0.28074
,,0.28059
,,0.28044
,,0.28030
,,0.28015
,,0.28000
,,0.27985
,,0.27970
,,0.27956
,,0.27942
,,0.27927
,,0.27913
,,0.27899
,,0.27885
,,0.27871
,,0.27856
,,0.27842
,,0.27827
,,0.27813
,,0.27798
,,0.27783
,,0.27768
,,0.27754
,,0.27739
,,0.27724
,,0.27709
,,0.27694
,,0.27679
,,0.27664
,,0.27649
,,0.27634
,,0.27620
,,0.27605
,,0.27590
,,0.27576
,,0.27561
,,0.27547
,,0.27533
,,0.27519
,,0.27504
,,0.27490
,,0.27476
,,0.27461
,,0.27447
,,0.27432
,,0.27417
,,0.27403
,,0.27388
,,0.27373
,,0.27358
,,0.27344
,,0.27329
,,0.27314
,,0.27299
,,0.27284
,,0.27269
,,0.27255
,,0.27240
,,0.27225
,,0.27211
,,0.27196
,,0.27182
,,0.27168
,,0.27154
,,0.27140
,,0.27125
,,0.27111
,,0.27096
,,0.27082
,,0.27067
,,0.27053
,,0.27038
,,0.27023
,,0.27008
,,0.26994
,,0.26979
,,0.26964
,,0.26949
,,0.26934
,,0.26919
,,0.26904
,,0.26890
,,0.26875
,,0.26861
,,0.26847
,,0.26832
,,0.26818
,,0.26804
,,0.26789
,,0.26775
,,0.26761
,,0.26747
,,0.26732
,,0.26718
,,0.26703
,,0.26688
,,0.26674
,,0.26659
,,0.26644
,,0.26629
,,0.26614
,,0.26599
,,0.26585
,,0.26569
,,0.26554
,,0.26540
,,0.26525
,,0.26510
,,0.26496
,,0.26482
,,0.26467
,,0.26453
,,0.26439
,,0.26425
,,0.26411
,,0.26396
,,0.26382
,,0.26368
,,0.26353
,,0.26339
,,0.26324
,,0.26309
,,0.26295
,,0.26280
,,0.26265
,,0.26251
,,0.26236
,,0.26221
,,0.26206
,,0.26191
,,0.26176
,,0.26162
,,0.26147
,,0.26132
,,0.26118
,,0.26104
,,0.26089
,,0.26075
,,0.26061
,,0.26047
,,0.26033
,,0.26018
,,0.26004
,,0.25990
,,0.25975
,,0.25961
,,0.25946
,,0.25931
,,0.25916
,,0.25902
,,0.25887
,,0.25872
,,0.25857
,,0.25842
,,0.25827
,,0.25812
,,0.25798
,,0.25783
,,0.25769
,,0.25754
,,0.25740
,,0.25726
,,0.25712
,,0.25697
,,0.25683
,,0.25669
,,0.25654
,,0.25640
,,0.25625
,,0.25611
,,0.25596
,,0.25582
,,0.25567
,,0.25552
,,0.25537
,,0.25522
,,0.25507
,,0.25492
,,0.25477
,,0.25462
,,0.25447
,,0.25432
,,0.25418
,,0.25403
,,0.25389
,,0.25374
,,0.25360
,,0.25346
,,0.25332
,,0.25317
,,0.25303
,,0.25289
,,0.25274
,,0.25260
,,0.25245
,,0.25231
,,0.25216
,,0.25201
,,0.25187
,,0.25172
,,0.25157
,,0.25142
,,0.25127
,,0.25112
,,0.25097
,,0.25082
,,0.25067
,,0.25053
,,0.25038
,,0.25024
,,0.25009
,,0.24995
,,0.24980
,,0.24966
,,0.24952
,,0.24938
,,0.24923
,,0.24909
,,0.24895
,,0.24880
,,0.24865
,,0.24851
,,0.24836
,,0.24821
,,0.24807
,,0.24792
,,0.24777
,,0.24762
,,0.24747
,,0.24732
,,0.24717
,,0.24702
,,0.24688
,,0.24673
,,0.24659
,,0.24644
,,0.24630
,,0.24615
,,0.24601
,,0.24587
,,0.24573
,,0.24559
,,0.24544
,,0.24530
,,0.24516
,,0.24501
,,0.24486
,,0.24471
,,0.24456
,,0.24441
,,0.24427
,,0.24412
,,0.24397
,,0.24382
,,0.24367
,,0.24352
,,0.24337
,,0.24322
,,0.24308
,,0.24293
,,0.24279
,,0.24264
,,0.24250
,,0.24236
,,0.24222
,,0.24208
,,0.24193
,,0.24179
,,0.24165
,,0.24150
,,0.24135
,,0.24121
,,0.24106
,,0.24092
,,0.24077
,,0.24062
,,0.24047
,,0.24032
,,0.24017
,,0.24003
,,0.23988
,,0.23973
,,0.23958
,,0.23944
,,0.23929
,,0.23915
,,0.23901
,,0.23887
,,0.23873
,,0.23859
,,0.23844
,,0.23830
,,0.23816
,,0.23802
,,0.23787
,,0.23773
,,0.23758
,,0.23743
,,0.23729
,,0.23714
,,0.23699
,,0.23684
,,0.23669
,,0.23654
,,0.23640
,,0.23625
,,0.23610
,,0.23595
,,0.23581
,,0.23566
,,0.23552
,,0.23537
,,0.23523
,,0.23509
,,0.23495
,,0.23481
,,0.23467
,,0.23453
,,0.23438
,,0.23424
,,0.23409
,,0.23395
,,0.23380
,,0.23366
,,0.23351
,,0.23336
,,0.23322
,,0.23307
,,0.23292
,,0.23277
,,0.23262
,,0.23247
,,0.23232
,,0.23218
,,0.23203
,,0.23188
,,0.23174
,,0.23160
,,0.23145
,,0.23131
,,0.23117
,,0.23103
,,0.23088
,,0.23074
,,0.23059
,,0.23045
,,0.23030
,,0.23015
,,0.23000
,,0.22986
,,0.22971
,,0.22956
,,0.22941
,,0.22926
,,0.22911
,,0.22896
,,0.22881
,,0.22866
,,0.22852
,,0.22837
,,0.22822
,,0.22808
,,0.22794
,,0.22780
,,0.22765
,,0.22751
,,0.22737
,,0.22723
,,0.22708
,,0.22694
,,0.22679
,,0.22664
,,0.22649
,,0.22635
,,0.22620
,,0.22605
,,0.22590
,,0.22575
,,0.22560
,,0.22545
,,0.22530
,,0.22515
,,0.22500
,,0.22486
,,0.22471
,,0.22457
,,0.22442
,,0.22428
,,0.22414
,,0.22400
,,0.22386
,,0.22371
,,0.22357
,,0.22343
,,0.22328
,,0.22314
,,0.22299
,,0.22285
,,0.22270
,,0.22255
,,0.22240
,,0.22225
,,0.22211
,,0.22196
,,0.22180
,,0.22165
,,0.22150
,,0.22136
,,0.22121
,,0.22106
,,0.22092
,,0.22077
,,0.22063
,,0.22048
,,0.22034
,,0.22020
,,0.22006
,,0.21992
,,0.21977
,,0.21963
,,0.21948
,,0.21934
,,0.21919
,,0.21904
,,0.21890
,,0.21875
,,0.21860
,,0.21845
,,0.21830
,,0.21815
,,0.21800
,,0.21785
,,0.21770
,,0.21756
,,0.21741
,,0.21727
,,0.21712
,,0.21698
,,0.21684
,,0.21670
,,0.21655
,,0.21641
,,0.21627
,,0.21613
,,0.21598
,,0.21584
,,0.21569
,,0.21554
,,0.21540
,,0.21525
,,0.21510
,,0.21495
,,0.21480
,,0.21465
,,0.21450
,,0.21436
,,0.21421
,,0.21406
,,0.21391
,,0.21376
,,0.21362
,,0.21348
,,0.21333
,,0.21319
,,0.21305
,,0.21291
,,0.21277
,,0.21263
,,0.21248
,,0.21234
,,0.21220
,,0.21205
,,0.21191
,,0.21176
,,0.21161
,,0.21146
,,0.21131
,,0.21117
,,0.21102
,,0.21087
,,0.21072
,,0.21057
,,0.21042
,,0.21027
,,0.21013
,,0.20998
,,0.20984
,,0.20969
,,0.20955
,,0.20941
,,0.20926
,,0.20913
,,0.20898
,,0.20884
,,0.20870
,,0.20855
,,0.20840
,,0.20826
,,0.20811
,,0.20796
,,0.20781
,,0.20766
,,0.20751
,,0.20736
,,0.20721
,,0.20706
,,0.20691
,,0.20676
,,0.20661
,,0.20646
,,0.20632
,,0.20617
,,0.20603
,,0.20588
,,0.20574
,,0.20560
,,0.20546
,,0.20531
,,0.20517
,,0.20502
,,0.20488
,,0.20473
,,0.20458
,,0.20444
,,0.20429
,,0.20414
,,0.20399
,,0.20385
,,0.20369
,,0.20354
,,0.20339
,,0.20324
,,0.20309
,,0.20294
,,0.20280
,,0.20265
,,0.20251
,,0.20236
,,0.20222
,,0.20207
,,0.20193
,,0.20179
,,0.20164
,,0.20150
,,0.20136
,,0.20121
,,0.20107
,,0.20092
,,0.20077
,,0.20062
,,0.20047
,,0.20033
,,0.20017
,,0.20002
,,0.19988
,,0.19972
,,0.19957
,,0.19943
,,0.19928
,,0.19913
,,0.19898
,,0.19884
,,0.19869
,,0.19855
,,0.19840
,,0.19826
,,0.19812
,,0.19797
,,0.19783
,,0.19768
,,0.19754
,,0.19739
,,0.19724
,,0.19709
,,0.19695
,,0.19680
,,0.19665
,,0.19650
,,0.19635
,,0.19620
,,0.19604
,,0.19589
,,0.19574
,,0.19559
,,0.19544
,,0.19529
,,0.19515
,,0.19500
,,0.19486
,,0.19471
,,0.19457
,,0.19443
,,0.19428
,,0.19414
,,0.19400
,,0.19385
,,0.19371
,,0.19356
,,0.19341
,,0.19326
,,0.19312
,,0.19297
,,0.19282
,,0.19267
,,0.19252
,,0.19237
,,0.19222
,,0.19207
,,0.19192
,,0.19177
,,0.19162
,,0.19148
,,0.19133
,,0.19119
,,0.19104
,,0.19090
,,0.19076
,,0.19062
,,0.19048
,,0.19033
,,0.19018
,,0.19004
,,0.18989
,,0.18974
,,0.18959
,,0.18944
,,0.18930
,,0.18915
,,0.18900
,,0.18885
,,0.18870
,,0.18855
,,0.18840
,,0.18825
,,0.18810
,,0.18795
,,0.18780
,,0.18766
,,0.18751
,,0.18737
,,0.18723
,,0.18708
,,0.18694
,,0.18679
,,0.18665
,,0.18650
,,0.18636
,,0.18621
,,0.18606
,,0.18591
,,0.18576
,,0.18561
,,0.18546
,,0.18531
,,0.18516
,,0.18501
,,0.18486
,,0.18471
,,0.18455
,,0.18441
,,0.18426
,,0.18411
,,0.18396
,,0.18382
,,0.18367
,,0.18353
,,0.18338
,,0.18324
,,0.18309
,,0.18295
,,0.18280
,,0.18266
,,0.18251
,,0.18236
,,0.18221
,,0.18206
,,0.18191
,,0.18176
,,0.18161
,,0.18146
,,0.18131
,,0.18116
,,0.18101
,,0.18086
,,0.18071
,,0.18056
,,0.18041
,,0.18027
,,0.18012
,,0.17997
,,0.17983
,,0.17969
,,0.17954
,,0.17940
,,0.17925
,,0.17911
,,0.17896
,,0.17881
,,0.17866
,,0.17851
,,0.17836
,,0.17821
,,0.17806
,,0.17791
,,0.17776
,,0.17761
,,0.17746
,,0.17731
,,0.17716
,,0.17701
,,0.17686
,,0.17671
,,0.17656
,,0.17642
,,0.17627
,,0.17613
,,0.17598
,,0.17584
,,0.17570
,,0.17555
,,0.17541
,,0.17526
,,0.17511
,,0.17496
,,0.17481
,,0.17466
,,0.17451
,,0.17436
,,0.17421
,,0.17406
,,0.17391
,,0.17375
,,0.17360
,,0.17345
,,0.17330
,,0.17315
,,0.17300
,,0.17286
,,0.17271
,,0.17256
,,0.17242
,,0.17227
,,0.17213
,,0.17198
,,0.17184
,,0.17169
,,0.17155
,,0.17140
,,0.17125
,,0.17110
,,0.17095
,,0.17080
,,0.17065
,,0.17050
,,0.17035
,,0.17020
,,0.17005
,,0.16990
,,0.16975
,,0.16960
,,0.16945
,,0.16930
,,0.16915
,,0.16901
,,0.16886
,,0.16872
,,0.16857
,,0.16843
,,0.16828
,,0.16814
,,0.16799
,,0.16785
,,0.16770
,,0.16755
,,0.16741
,,0.16726
,,0.16711
,,0.16696
,,0.16681
,,0.16666
,,0.16650
,,0.16635
,,0.16620
,,0.16605
,,0.16590
,,0.16575
,,0.16560
,,0.16545
,,0.16530
,,0.16516
,,0.16501
,,0.16487
,,0.16472
,,0.16458
,,0.16444
,,0.16429
,,0.16415
,,0.16400
,,0.16385
,,0.16370
,,0.16355
,,0.16340
,,0.16325
,,0.16310
,,0.16295
,,0.16279
,,0.16264
,,0.16249
,,0.16234
,,0.16219
,,0.16203
,,0.16188
,,0.16174
,,0.16159
,,0.16144
,,0.16130
,,0.16115
,,0.16101
,,0.16086
,,0.16072
,,0.16057
,,0.16043
,,0.16028
,,0.16013
,,0.15998
,,0.15983
,,0.15968
,,0.15953
,,0.15938
,,0.15923
,,0.15908
,,0.15893
,,0.15877
,,0.15862
,,0.15847
,,0.15832
,,0.15817
,,0.15803
,,0.15788
,,0.15773
,,0.15759
,,0.15745
,,0.15730
,,0.15716
,,0.15702
,,0.15687
,,0.15672
,,0.15658
,,0.15643
,,0.15628
,,0.15613
,,0.15598
,,0.15583
,,0.15568
,,0.15553
,,0.15538
,,0.15522
,,0.15507
,,0.15492
,,0.15477
,,0.15462
,,0.15447
,,0.15432
,,0.15417
,,0.15403
,,0.15389
,,0.15374
,,0.15360
,,0.15345
,,0.15331
,,0.15316
,,0.15302
,,0.15287
,,0.15272
,,0.15257
,,0.15243
,,0.15228
,,0.15212
,,0.15197
,,0.15183
,,0.15168
,,0.15152
,,0.15137
,,0.15122
,,0.15107
,,0.15092
,,0.15077
,,0.15062
,,0.15047
,,0.15033
,,0.15018
,,0.15004
,,0.14989
,,0.14975
,,0.14960
,,0.14946
,,0.14931
,,0.14916
,,0.14901
,,0.14886
,,0.14871
,,0.14856
,,0.14841
,,0.14826
,,0.14811
,,0.14796
,,0.14781
,,0.14766
,,0.14750
,,0.14735
,,0.14720
,,0.14705
,,0.14690
,,0.14675
,,0.14661
,,0.14647
,,0.14632
,,0.14618
,,0.14604
,,0.14589
,,0.14575
,,0.14560
,,0.14546
,,0.14531
,,0.14516
,,0.14501
,,0.14487
,,0.14472
,,0.14457
,,0.14442
,,0.14427
,,0.14412
,,0.14396
,,0.14381
,,0.14366
,,0.14351
,,0.14336
,,0.14321
,,0.14307
,,0.14292
,,0.14278
,,0.14263
,,0.14249
,,0.14235
,,0.14221
,,0.14206
,,0.14192
,,0.14177
,,0.14163
,,0.14148
,,0.14133
,,0.14118
,,0.14103
,,0.14088
,,0.14073
,,0.14058
,,0.14042
,,0.14027
,,0.14012
,,0.13996
,,0.13981
,,0.13966
,,0.13952
,,0.13937
,,0.13922
,,0.13908
,,0.13893
,,0.13879
,,0.13864
,,0.13850
,,0.13835
,,0.13821
,,0.13806
,,0.13792
,,0.13777
,,0.13761
,,0.13747
,,0.13732
,,0.13717
,,0.13701
,,0.13686
,,0.13671
,,0.13656
,,0.13641
,,0.13625
,,0.13610
,,0.13595
,,0.13581
,,0.13566
,,0.13551
,,0.13537
,,0.13522
,,0.13508
,,0.13494
,,0.13480
,,0.13465
,,0.13451
,,0.13436
,,0.13421
,,0.13407
,,0.13391
,,0.13377
,,0.13362
,,0.13347
,,0.13332
,,0.13317
,,0.13302
,,0.13286
,,0.13271
,,0.13256
,,0.13241
,,0.13226
,,0.13211
,,0.13196
,,0.13182
,,0.13167
,,0.13153
,,0.13138
,,0.13124
,,0.13110
,,0.13095
,,0.13081
,,0.13066
,,0.13052
,,0.13037
,,0.13022
,,0.13007
,,0.12992
,,0.12977
,,0.12962
,,0.12947
,,0.12932
,,0.12917
,,0.12902
,,0.12887
,,0.12871
,,0.12856
,,0.12842
,,0.12827
,,0.12812
,,0.12798
,,0.12783
,,0.12769
,,0.12754
,,0.12740
,,0.12726
,,0.12711
,,0.12697
,,0.12682
,,0.12667
,,0.12652
,,0.12638
,,0.12622
,,0.12608
,,0.12592
,,0.12578
,,0.12562
,,0.12547
,,0.12532
,,0.12517
,,0.12502
,,0.12487
,,0.12472
,,0.12457
,,0.12443
,,0.12428
,,0.12414
,,0.12399
,,0.12385
,,0.12370
,,0.12356
,,0.12342
,,0.12327
,,0.12312
,,0.12297
,,0.12283
,,0.12268
,,0.12253
,,0.12238
,,0.12223
,,0.12208
,,0.12193
,,0.12178
,,0.12162
,,0.12147
,,0.12132
,,0.12117
,,0.12102
,,0.12088
,,0.12073
,,0.12059
,,0.12044
,,0.12030
,,0.12016
,,0.12001
,,0.11987
,,0.11972
,,0.11958
,,0.11943
,,0.11928
,,0.11913
,,0.11899
,,0.11883
,,0.11868
,,0.11853
,,0.11838
,,0.11823
,,0.11808
,,0.11793
,,0.11778
,,0.11762
,,0.11747
,,0.11732
,,0.11717
,,0.11702
,,0.11688
,,0.11673
,,0.11659
,,0.11644
,,0.11630
,,0.11616
,,0.11601
,,0.11586
,,0.11572
,,0.11557
,,0.11542
,,0.11527
,,0.11512
,,0.11497
,,0.11482
,,0.11467
,,0.11452
,,0.11437
,,0.11422
,,0.11406
,,0.11391
,,0.11376
,,0.11360
,,0.11346
,,0.11331
,,0.11316
,,0.11302
,,0.11287
,,0.11273
,,0.11258
,,0.11244
,,0.11230
,,0.11215
,,0.11200
,,0.11186
,,0.11171
,,0.11156
,,0.11141
,,0.11126
,,0.11111
,,0.11096
,,0.11081
,,0.11066
,,0.11051
,,0.11036
,,0.11020
,,0.11005
,,0.10990
,,0.10976
,,0.10961
,,0.10947
,,0.10932
,,0.10918
,,0.10904
,,0.10889
,,0.10875
,,0.10861
,,0.10846
,,0.10831
,,0.10817
,,0.10802
,,0.10787
,,0.10772
,,0.10757
,,0.10742
,,0.10727
,,0.10712
,,0.10696
,,0.10681
,,0.10666
,,0.10651
,,0.10636
,,0.10621
,,0.10606
,,0.10591
,,0.10576
,,0.10562
,,0.10548
,,0.10533
,,0.10518
,,0.10504
,,0.10490
,,0.10475
,,0.10460
,,0.10446
,,0.10431
,,0.10416
,,0.10401
,,0.10386
,,0.10371
,,0.10356
,,0.10340
,,0.10325
,,0.10310
,,0.10295
,,0.10280
,,0.10265
,,0.10250
,,0.10235
,,0.10220
,,0.10206
,,0.10191
,,0.10177
,,0.10162
,,0.10148
,,0.10133
,,0.10119
,,0.10104
,,0.10089
,,0.10075
,,0.10060
,,0.10045
,,0.10030
,,0.10016
,,0.10001
,,0.09986
,,0.09971
,,0.09956
,,0.09940
,,0.09925
,,0.09910
,,0.09895
,,0.09880
,,0.09865
,,0.09850
,,0.09835
,,0.09821
,,0.09806
,,0.09792
,,0.09778
,,0.09763
,,0.09749
,,0.09734
,,0.09720
,,0.09705
,,0.09690
,,0.09675
,,0.09660
,,0.09645
,,0.09630
,,0.09615
,,0.09600
,,0.09585
,,0.09570
,,0.09555
,,0.09540
,,0.09524
,,0.09509
,,0.09494
,,0.09480
,,0.09465
,,0.09450
,,0.09435
,,0.09421
,,0.09406
,,0.09392
,,0.09377
,,0.09363
,,0.09348
,,0.09333
,,0.09319
,,0.09304
,,0.09289
,,0.09274
,,0.09259
,,0.09243
,,0.09228
,,0.09213
,,0.09198
,,0.09183
,,0.09167
,,0.09152
,,0.09137
,,0.09122
,,0.09107
,,0.09092
,,0.09077
,,0.09063
,,0.09049
,,0.09034
,,0.09020
,,0.09005
,,0.08990
,,0.08976
,,0.08961
,,0.08946
,,0.08931
,,0.08916
,,0.08901
,,0.08886
,,0.08871
,,0.08856
,,0.08841
,,0.08825
,,0.08810
,,0.08795
,,0.08779
,,0.08764
,,0.08749
,,0.08734
,,0.08719
,,0.08704
,,0.08690
,,0.08675
,,0.08661
,,0.08647
,,0.08632
,,0.08618
,,0.08603
,,0.08588
,,0.08573
,,0.08558
,,0.08543
,,0.08528
,,0.08513
,,0.08498
,,0.08483
,,0.08468
,,0.08453
,,0.08438
,,0.08422
,,0.08407
,,0.08392
,,0.08377
,,0.08362
,,0.08347
,,0.08332
,,0.08317
,,0.08302
,,0.08288
,,0.08273
,,0.08259
,,0.08244
,,0.08229
,,0.08214
,,0.08200
,,0.08185
,,0.08169
,,0.08154
,,0.08139
,,0.08124
,,0.08109
,,0.08094
,,0.08079
,,0.08063
,,0.08048
,,0.08033
,,0.08017
,,0.08002
,,0.07987
,,0.07973
,,0.07958
,,0.07943
,,0.07929
,,0.07914
,,0.07900
,,0.07886
,,0.07871
,,0.07856
,,0.07842
,,0.07827
,,0.07812
,,0.07797
,,0.07781
,,0.07766
,,0.07751
,,0.07736
,,0.07721
,,0.07706
,,0.07690
,,0.07675
,,0.07659
,,0.07644
,,0.07629
,,0.07614
,,0.07599
,,0.07585
,,0.07570
,,0.07556
,,0.07541
,,0.07526
,,0.07512
,,0.07497
,,0.07482
,,0.07468
,,0.07453
,,0.07438
,,0.07422
,,0.07407
,,0.07392
,,0.07377
,,0.07362
,,0.07347
,,0.07331
,,0.07316
,,0.07300
,,0.07285
,,0.07270
,,0.07255
,,0.07240
,,0.07224
,,0.07210
,,0.07195
,,0.07180
,,0.07166
,,0.07151
,,0.07136
,,0.07122
,,0.07107
,,0.07092
,,0.07077
,,0.07062
,,0.07047
,,0.07032
,,0.07016
,,0.07001
,,0.06986
,,0.06970
,,0.06955
,,0.06940
,,0.06924
,,0.06909
,,0.06893
,,0.06878
,,0.06863
,,0.06848
,,0.06833
,,0.06818
,,0.06803
,,0.06788
,,0.06774
,,0.06759
,,0.06744
,,0.06729
,,0.06714
,,0.06699
,,0.06684
,,0.06669
,,0.06654
,,0.06639
,,0.06623
,,0.06608
,,0.06592
,,0.06577
,,0.06562
,,0.06546
,,0.06531
,,0.06515
,,0.06500
,,0.06485
,,0.06470
,,0.06455
,,0.06440
,,0.06425
,,0.06411
,,0.06396
,,0.06382
,,0.06367
,,0.06352
,,0.06337
,,0.06322
,,0.06307
,,0.06292
,,0.06277
,,0.06262
,,0.06246
,,0.06231
,,0.06216
,,0.06200
,,0.06185
,,0.06169
,,0.06154
,,0.06138
,,0.06123
,,0.06108
,,0.06093
,,0.06078
,,0.06063
,,0.06048
,,0.06034
,,0.06019
,,0.06005
,,0.05990
,,0.05975
,,0.05960
,,0.05945
,,0.05930
,,0.05915
,,0.05900
,,0.05885
,,0.05870
,,0.05854
,,0.05839
,,0.05824
,,0.05808
,,0.05792
,,0.05777
,,0.05762
,,0.05746
,,0.05731
,,0.05716
,,0.05701
,,0.05686
,,0.05671
,,0.05656
,,0.05641
,,0.05627
,,0.05612
,,0.05597
,,0.05583
,,0.05568
,,0.05553
,,0.05538
,,0.05523
,,0.05508
,,0.05493
,,0.05477
,,0.05462
,,0.05447
,,0.05431
,,0.05416
,,0.05400
,,0.05385
,,0.05370
,,0.05354
,,0.05339
,,0.05324
,,0.05310
,,0.05295
,,0.05280
,,0.05265
,,0.05251
,,0.05236
,,0.05222
,,0.05207
,,0.05192
,,0.05177
,,0.05161
,,0.05146
,,0.05132
,,0.05116
,,0.05101
,,0.05086
,,0.05071
,,0.05055
,,0.05040
,,0.05024
,,0.05009
,,0.04994
,,0.04979
,,0.04963
,,0.04948
,,0.04934
,,0.04919
,,0.04904
,,0.04890
,,0.04875
,,0.04861
,,0.04846
,,0.04831
,,0.04816
,,0.04801
,,0.04786
,,0.04771
,,0.04756
,,0.04740
,,0.04725
,,0.04710
,,0.04695
,,0.04679
,,0.04663
,,0.04648
,,0.04632
,,0.04617
,,0.04602
,,0.04586
,,0.04571
,,0.04556
,,0.04541
,,0.04527
,,0.04512
,,0.04498
,,0.04483
,,0.04468
,,0.04453
,,0.04439
,,0.04424
,,0.04409
,,0.04393
,,0.04378
,,0.04363
,,0.04348
,,0.04332
,,0.04317
,,0.04302
,,0.04286
,,0.04271
,,0.04255
,,0.04240
,,0.04224
,,0.04209
,,0.04194
,,0.04179
,,0.04164
,,0.04150
,,0.04135
,,0.04121
,,0.04106
,,0.04092
,,0.04077
,,0.04062
,,0.04047
,,0.04032
,,0.04017
,,0.04002
,,0.03986
,,0.03971
,,0.03956
,,0.03941
,,0.03925
,,0.03910
,,0.03895
,,0.03879
,,0.03864
,,0.03848
,,0.03833
,,0.03819
,,0.03804
,,0.03789
,,0.03774
,,0.03760
,,0.03745
,,0.03730
,,0.03716
,,0.03701
,,0.03686
,,0.03672
,,0.03657
,,0.03642
,,0.03627
,,0.03612
,,0.03596
,,0.03581
,,0.03566
,,0.03551
,,0.03536
,,0.03520
,,0.03505
,,0.03490
,,0.03475
,,0.03460
,,0.03445
,,0.03430
,,0.03415
,,0.03400
,,0.03386
,,0.03372
,,0.03357
,,0.03342
,,0.03328
,,0.03313
,,0.03298
,,0.03283
,,0.03268
,,0.03253
,,0.03238
,,0.03223
,,0.03208
,,0.03193
,,0.03177
,,0.03162
,,0.03147
,,0.03132
,,0.03117
,,0.03102
,,0.03087
,,0.03072
,,0.03057
,,0.03042
,,0.03028
,,0.03013
,,0.02999
,,0.02984
,,0.02970
,,0.02955
,,0.02941
,,0.02926
,,0.02911
,,0.02896
,,0.02881
,,0.02867
,,0.02852
,,0.02837
,,0.02822
,,0.02807
,,0.02791
,,0.02776
,,0.02761
,,0.02746
,,0.02730
,,0.02715
,,0.02701
,,0.02686
,,0.02671
,,0.02656
,,0.02642
,,0.02627
,,0.02613
,,0.02599
,,0.02584
,,0.02569
,,0.02555
,,0.02540
,,0.02525
,,0.02510
,,0.02495
,,0.02480
,,0.02465
,,0.02450
,,0.02434
,,0.02419
,,0.02404
,,0.02389
,,0.02373
,,0.02358
,,0.02343
,,0.02328
,,0.02313
,,0.02298
,,0.02284
,,0.02269
,,0.02255
,,0.02240
,,0.02226
,,0.02211
,,0.02196
,,0.02182
,,0.02167
,,0.02152
,,0.02137
,,0.02122
,,0.02106
,,0.02091
,,0.02076
,,0.02061
,,0.02046
,,0.02030
,,0.02015
,,0.02000
,,0.01984
,,0.01969
,,0.01955
,,0.01940
,,0.01925
,,0.01911
,,0.01896
,,0.01882
,,0.01867
,,0.01853
,,0.01838
,,0.01824
,,0.01809
,,0.01795
,,0.01780
,,0.01765
,,0.01750
,,0.01735
,,0.01720
,,0.01705
,,0.01690
,,0.01674
,,0.01659
,,0.01644
,,0.01628
,,0.01613
,,0.01598
,,0.01583
,,0.01568
,,0.01553
,,0.01539
,,0.01524
,,0.01510
,,0.01496
,,0.01481
,,0.01467
,,0.01452
,,0.01438
,,0.01423
,,0.01408
,,0.01393
,,0.01378
,,0.01364
,,0.01348
,,0.01333
,,0.01318
,,0.01303
,,0.01288
,,0.01273
,,0.01258
,,0.01242
,,0.01227
,,0.01212
,,0.01197
,,0.01182
,,0.01168
,,0.01153
,,0.01139
,,0.01125
,,0.01110
,,0.01096
,,0.01081
,,0.01067
,,0.01052
,,0.01037
,,0.01022
,,0.01007
,,0.00992
,,0.00977
,,0.00962
,,0.00947
,,0.00932
,,0.00917
,,0.00902
,,0.00887
,,0.00872
,,0.00857
,,0.00842
,,0.00827
,,0.00812
,,0.00798
,,0.00784
,,0.00769
,,0.00755
,,0.00741
,,0.00726
,,0.00712
,,0.00697
,,0.00683
,,0.00668
,,0.00653
,,0.00638
,,0.00623
,,0.00608
,,0.00594
,,0.00579
,,0.00564
,,0.00549
,,0.00533
,,0.00518
,,0.00503
,,0.00488
,,0.00474
,,0.00459
,,0.00444
,,0.00430
,,0.00416
,,0.00401
,,0.00387
,,0.00373
,,0.00359
,,0.00344
,,0.00330
,,0.00315
,,0.00300
,,0.00286
,,0.00271
,,0.00256
,,0.00241
,,0.00226
,,0.00211
,,0.00196
,,0.00181
,,0.00166
,,0.00151
,,0.00136
,,0.00120
,,0.00106
,,0.00091
,,0.00076
,,0.00062
,,0.00047
,,0.00033
,,0.00018
,,0.00004
,,-0.00010
,,-0.00025
,,-0.00039
,,-0.00054
,,-0.00068
,,-0.00083
,,-0.00098
,,-0.00113
,,-0.00128
,,-0.00143
,,-0.00158
,,-0.00173
,,-0.00188
,,-0.00204
,,-0.00219
,,-0.00234
,,-0.00249
,,-0.00264
,,-0.00278
,,-0.00293
,,-0.00308
,,-0.00322
,,-0.00336
,,-0.00351
,,-0.00365
,,-0.00380
,,-0.00394
,,-0.00409
,,-0.00423
,,-0.00438
,,-0.00452
,,-0.00467
,,-0.00482
,,-0.00497
,,-0.00512
,,-0.00527
,,-0.00542
,,-0.00557
,,-0.00572
,,-0.00587
,,-0.00602
,,-0.00617
,,-0.00632
,,-0.00646
,,-0.00661
,,-0.00676
,,-0.00690
,,-0.00704
,,-0.00719
,,-0.00733
,,-0.00747
,,-0.00762
,,-0.00776
,,-0.00791
,,-0.00806
,,-0.00820
,,-0.00835
,,-0.00850
,,-0.00865
,,-0.00880
,,-0.00894
,,-0.00909
,,-0.00925
,,-0.00940
,,-0.00955
,,-0.00970
,,-0.00985
,,-0.01000
,,-0.01014
,,-0.01029
,,-0.01044
,,-0.01058
,,-0.01072
,,-0.01087
,,-0.01101
,,-0.01115
,,-0.01130
,,-0.01144
,,-0.01158
,,-0.01173
,,-0.01188
,,-0.01202
,,-0.01217
,,-0.01232
,,-0.01247
,,-0.01262
,,-0.01277
,,-0.01292
,,-0.01307
,,-0.01322
,,-0.01337
,,-0.01352
,,-0.01367
,,-0.01381
,,-0.01396
,,-0.01410
,,-0.01425
,,-0.01439
,,-0.01453
,,-0.01468
,,-0.01482
,,-0.01496
,,-0.01511
,,-0.01525
,,-0.01540
,,-0.01555
,,-0.01569
,,-0.01584
,,-0.01599
,,-0.01614
,,-0.01629
,,-0.01644
,,-0.01658
,,-0.01673
,,-0.01688
,,-0.01703
,,-0.01718
,,-0.01733
,,-0.01748
,,-0.01762
,,-0.01776
,,-0.01791
,,-0.01805
,,-0.01819
,,-0.01833
,,-0.01848
,,-0.01862
,,-0.01876
,,-0.01891
,,-0.01905
,,-0.01920
,,-0.01935
,,-0.01949
,,-0.01964
,,-0.01979
,,-0.01994
,,-0.02008
,,-0.02023
,,-0.02038
,,-0.02053
,,-0.02068
,,-0.02083
,,-0.02098
,,-0.02113
,,-0.02127
,,-0.02142
,,-0.02157
,,-0.02171
,,-0.02185
,,-0.02199
,,-0.02213
,,-0.02228
,,-0.02242
,,-0.02256
,,-0.02271
,,-0.02286
,,-0.02300
,,-0.02315
,,-0.02330
,,-0.02345
,,-0.02359
,,-0.02374
,,-0.02389
,,-0.02405
,,-0.02420
,,-0.02435
,,-0.02450
,,-0.02465
,,-0.02480
,,-0.02494
,,-0.02509
,,-0.02523
,,-0.02538
,,-0.02552
,,-0.02566
,,-0.02580
,,-0.02594
,,-0.02609
,,-0.02623
,,-0.02638
,,-0.02653
,,-0.02667
,,-0.02682
,,-0.02697
,,-0.02711
,,-0.02726
,,-0.02741
,,-0.02756
,,-0.02771
,,-0.02786
,,-0.02801
,,-0.02816
,,-0.02831
,,-0.02845
,,-0.02860
,,-0.02874
,,-0.02889
,,-0.02903
,,-0.02917
,,-0.02931
,,-0.02945
,,-0.02959
,,-0.02974
,,-0.02988
,,-0.03002
,,-0.03017
,,-0.03031
,,-0.03046
,,-0.03061
,,-0.03076
,,-0.03090
,,-0.03105
,,-0.03120
,,-0.03135
,,-0.03150
,,-0.03165
,,-0.03179
,,-0.03194
,,-0.03209
,,-0.03224
,,-0.03238
,,-0.03252
,,-0.03267
,,-0.03281
,,-0.03295
,,-0.03310
,,-0.03324
,,-0.03338
,,-0.03353
,,-0.03367
,,-0.03381
,,-0.03396
,,-0.03411
,,-0.03426
,,-0.03440
,,-0.03455
,,-0.03470
,,-0.03485
,,-0.03500
,,-0.03515
,,-0.03530
,,-0.03545
,,-0.03560
,,-0.03574
,,-0.03589
,,-0.03604
,,-0.03618
,,-0.03632
,,-0.03646
,,-0.03661
,,-0.03675
,,-0.03689
,,-0.03703
,,-0.03718
,,-0.03732
,,-0.03747
,,-0.03761
,,-0.03776
,,-0.03791
,,-0.03806
,,-0.03820
,,-0.03835
,,-0.03850
,,-0.03865
,,-0.03880
,,-0.03895
,,-0.03910
,,-0.03924
,,-0.03939
,,-0.03954
,,-0.03968
,,-0.03982
,,-0.03997
,,-0.04011
,,-0.04025
,,-0.04039
,,-0.04053
,,-0.04067
,,-0.04082
,,-0.04096
,,-0.04110
,,-0.04125
,,-0.04140
,,-0.04154
,,-0.04169
,,-0.04184
,,-0.04199
,,-0.04214
,,-0.04229
,,-0.04243
,,-0.04258
,,-0.04273
,,-0.04288
,,-0.04303
,,-0.04318
,,-0.04332
,,-0.04347
,,-0.04361
,,-0.04375
,,-0.04389
,,-0.04404
,,-0.04418
,,-0.04432
,,-0.04446
,,-0.04461
,,-0.04475
,,-0.04490
,,-0.04504
,,-0.04519
,,-0.04534
,,-0.04548
,,-0.04563
,,-0.04578
,,-0.04593
,,-0.04608
,,-0.04623
,,-0.04638
,,-0.04653
,,-0.04668
,,-0.04683
,,-0.04697
,,-0.04712
,,-0.04726
,,-0.04741
,,-0.04755
,,-0.04769
,,-0.04784
,,-0.04798
,,-0.04812
,,-0.04827
,,-0.04841
,,-0.04856
,,-0.04870
,,-0.04885
,,-0.04900
,,-0.04915
,,-0.04930
,,-0.04945
,,-0.04960
,,-0.04975
,,-0.04990
,,-0.05005
,,-0.05020
,,-0.05035
,,-0.05050
,,-0.05065
,,-0.05079
,,-0.05094
,,-0.05108
,,-0.05122
,,-0.05137
,,-0.05151
,,-0.05165
,,-0.05180
,,-0.05194
,,-0.05208
,,-0.05223
,,-0.05237
,,-0.05252
,,-0.05267
,,-0.05282
,,-0.05297
,,-0.05312
,,-0.05327
,,-0.05342
,,-0.05357
,,-0.05372
,,-0.05387
,,-0.05402
,,-0.05417
,,-0.05431
,,-0.05446
,,-0.05460
,,-0.05475
,,-0.05489
,,-0.05503
,,-0.05518
,,-0.05532
,,-0.05546
,,-0.05561
,,-0.05575
,,-0.05589
,,-0.05604
,,-0.05619
,,-0.05634
,,-0.05649
,,-0.05663
,,-0.05678
,,-0.05693
,,-0.05708
,,-0.05723
,,-0.05738
,,-0.05754
,,-0.05769
,,-0.05784
,,-0.05799
,,-0.05813
,,-0.05828
,,-0.05842
,,-0.05856
,,-0.05871
,,-0.05885
,,-0.05899
,,-0.05913
,,-0.05928
,,-0.05942
,,-0.05957
,,-0.05971
,,-0.05986
,,-0.06001
,,-0.06016
,,-0.06031
,,-0.06046
,,-0.06060
,,-0.06075
,,-0.06090
,,-0.06105
,,-0.06120
,,-0.06135
,,-0.06150
,,-0.06165
,,-0.06179
,,-0.06194
,,-0.06208
,,-0.06222
,,-0.06237
,,-0.06251
,,-0.06265
,,-0.06279
,,-0.06294
,,-0.06308
,,-0.06323
,,-0.06337
,,-0.06352
,,-0.06367
,,-0.06382
,,-0.06396
,,-0.06411
,,-0.06426
,,-0.06441
,,-0.06456
,,-0.06471
,,-0.06486
,,-0.06501
,,-0.06516
,,-0.06530
,,-0.06545
,,-0.06559
,,-0.06574
,,-0.06588
,,-0.06603
,,-0.06617
,,-0.06631
,,-0.06646
,,-0.06660
,,-0.06675
,,-0.06689
,,-0.06704
,,-0.06719
,,-0.06734
,,-0.06748
,,-0.06763
,,-0.06778
,,-0.06793
,,-0.06808
,,-0.06823
,,-0.06838
,,-0.06854
,,-0.06869
,,-0.06884
,,-0.06898
,,-0.06913
,,-0.06928
,,-0.06942
,,-0.06957
,,-0.06971
,,-0.06985
,,-0.07000
,,-0.07014
,,-0.07029
,,-0.07043
,,-0.07058
,,-0.07072
,,-0.07087
,,-0.07102
,,-0.07116
,,-0.07131
,,-0.07146
,,-0.07161
,,-0.07176
,,-0.07191
,,-0.07207
,,-0.07221
,,-0.07237
,,-0.07251
,,-0.07266
,,-0.07281
,,-0.07296
,,-0.07310
,,-0.07324
,,-0.07339
,,-0.07353
,,-0.07367
,,-0.07382
,,-0.07396
,,-0.07410
,,-0.07425
,,-0.07439
,,-0.07454
,,-0.07469
,,-0.07484
,,-0.07499
,,-0.07513
,,-0.07528
,,-0.07543
,,-0.07558
,,-0.07573
,,-0.07588
,,-0.07603
,,-0.07618
,,-0.07633
,,-0.07648
,,-0.07662
,,-0.07677
,,-0.07691
,,-0.07705
,,-0.07720
,,-0.07734
,,-0.07748
,,-0.07763
,,-0.07777
,,-0.07792
,,-0.07806
,,-0.07821
,,-0.07836
,,-0.07851
,,-0.07866
,,-0.07880
,,-0.07895
,,-0.07910
,,-0.07925
,,-0.07940
,,-0.07955
,,-0.07970
,,-0.07985
,,-0.08000
,,-0.08014
,,-0.08029
,,-0.08043
,,-0.08058
,,-0.08072
,,-0.08086
,,-0.08101
,,-0.08115
,,-0.08129
,,-0.08144
,,-0.08158
,,-0.08173
,,-0.08188
,,-0.08203
,,-0.08218
,,-0.08233
,,-0.08247
,,-0.08262
,,-0.08277
,,-0.08292
,,-0.08307
,,-0.08322
,,-0.08337
,,-0.08352
,,-0.08367
,,-0.08381
,,-0.08396
,,-0.08410
,,-0.08425
,,-0.08439
,,-0.08453
,,-0.08467
,,-0.08481
,,-0.08496
,,-0.08510
,,-0.08525
,,-0.08539
,,-0.08554
,,-0.08569
,,-0.08583
,,-0.08598
,,-0.08613
,,-0.08628
,,-0.08643
,,-0.08658
,,-0.08672
,,-0.08687
,,-0.08702
,,-0.08717
,,-0.08732
,,-0.08747
,,-0.08761
,,-0.08775
,,-0.08790
,,-0.08804
,,-0.08818
,,-0.08832
,,-0.08846
,,-0.08860
,,-0.08875
,,-0.08889
,,-0.08904
,,-0.08918
,,-0.08933
,,-0.08947
,,-0.08962
,,-0.08977
,,-0.08991
,,-0.09006
,,-0.09021
,,-0.09036
,,-0.09051
,,-0.09066
,,-0.09080
,,-0.09095
,,-0.09110
,,-0.09124
,,-0.09138
,,-0.09153
,,-0.09167
,,-0.09181
,,-0.09195
,,-0.09210
,,-0.09224
,,-0.09238
,,-0.09252
,,-0.09267
,,-0.09282
,,-0.09296
,,-0.09311
,,-0.09326
,,-0.09341
,,-0.09356
,,-0.09371
,,-0.09385
,,-0.09400
,,-0.09415
,,-0.09430
,,-0.09445
,,-0.09460
,,-0.09475
,,-0.09490
,,-0.09504
,,-0.09518
,,-0.09532
,,-0.09546
,,-0.09560
,,-0.09575
,,-0.09589
,,-0.09603
,,-0.09617
,,-0.09632
,,-0.09646
,,-0.09661
,,-0.09676
,,-0.09691
,,-0.09706
,,-0.09721
,,-0.09736
,,-0.09750
,,-0.09765
,,-0.09780
,,-0.09795
,,-0.09810
,,-0.09825
,,-0.09840
,,-0.09854
,,-0.09868
,,-0.09883
,,-0.09897
,,-0.09911
,,-0.09925
,,-0.09939
,,-0.09953
,,-0.09968
,,-0.09982
,,-0.09996
,,-0.10011
,,-0.10025
,,-0.10040
,,-0.10055
,,-0.10069
,,-0.10084
,,-0.10099
,,-0.10114
,,-0.10128
,,-0.10143
,,-0.10158
,,-0.10173
,,-0.10188
,,-0.10203
,,-0.10217
,,-0.10232
,,-0.10246
,,-0.10260
,,-0.10274
,,-0.10289
,,-0.10303
,,-0.10317
,,-0.10331
,,-0.10345
,,-0.10360
,,-0.10374
,,-0.10389
,,-0.10403
,,-0.10418
,,-0.10433
,,-0.10448
,,-0.10462
,,-0.10477
,,-0.10492
,,-0.10507
,,-0.10522
,,-0.10537
,,-0.10552
,,-0.10566
,,-0.10581
,,-0.10595
,,-0.10610
,,-0.10624
,,-0.10638
,,-0.10652
,,-0.10666
,,-0.10680
,,-0.10695
,,-0.10709
,,-0.10723
,,-0.10738
,,-0.10752
,,-0.10767
,,-0.10781
,,-0.10796
,,-0.10811
,,-0.10826
,,-0.10840
,,-0.10855
,,-0.10870
,,-0.10885
,,-0.10900
,,-0.10915
,,-0.10929
,,-0.10944
,,-0.10959
,,-0.10973
,,-0.10987
,,-0.11001
,,-0.11015
,,-0.11029
,,-0.11044
,,-0.11058
,,-0.11072
,,-0.11087
,,-0.11101
,,-0.11116
,,-0.11130
,,-0.11145
,,-0.11159
,,-0.11174
,,-0.11189
,,-0.11204
,,-0.11218
,,-0.11233
,,-0.11248
,,-0.11263
,,-0.11277
,,-0.11292
,,-0.11307
,,-0.11321
,,-0.11335
,,-0.11350
,,-0.11364
,,-0.11378
,,-0.11392
,,-0.11406
,,-0.11420
,,-0.11435
,,-0.11449
,,-0.11463
,,-0.11478
,,-0.11493
,,-0.11507
,,-0.11522
,,-0.11537
,,-0.11551
,,-0.11566
,,-0.11581
,,-0.11596
,,-0.11611
,,-0.11625
,,-0.11640
,,-0.11655
,,-0.11670
,,-0.11684
,,-0.11699
,,-0.11713
,,-0.11727
,,-0.11741
,,-0.11756
,,-0.11770
,,-0.11784
,,-0.11799
,,-0.11813
,,-0.11827
,,-0.11842
,,-0.11857
,,-0.11871
,,-0.11886
,,-0.11901
,,-0.11915
,,-0.11930
,,-0.11945
,,-0.11959
,,-0.11975
,,-0.11989
,,-0.12004
,,-0.12019
,,-0.12034
,,-0.12048
,,-0.12063
,,-0.12077
,,-0.12091
,,-0.12105
,,-0.12119
,,-0.12133
,,-0.12148
,,-0.12162
,,-0.12176
,,-0.12191
,,-0.12205
,,-0.12220
,,-0.12234
,,-0.12249
,,-0.12264
,,-0.12278
,,-0.12293
,,-0.12308
,,-0.12323
,,-0.12337
,,-0.12352
,,-0.12367
,,-0.12382
,,-0.12397
,,-0.12411
,,-0.12425
,,-0.12439
,,-0.12453
,,-0.12467
,,-0.12482
,,-0.12496
,,-0.12510
,,-0.12524
,,-0.12539
,,-0.12553
,,-0.12568
,,-0.12582
,,-0.12597
,,-0.12612
,,-0.12626
,,-0.12641
,,-0.12655
,,-0.12670
,,-0.12685
,,-0.12700
,,-0.12715
,,-0.12730
,,-0.12745
,,-0.12759
,,-0.12774
,,-0.12788
,,-0.12803
,,-0.12817
,,-0.12831
,,-0.12845
,,-0.12859
,,-0.12873
,,-0.12887
,,-0.12901
,,-0.12916
,,-0.12930
,,-0.12945
,,-0.12959
,,-0.12974
,,-0.12988
,,-0.13003
,,-0.13018
,,-0.13032
,,-0.13047
,,-0.13062
,,-0.13077
,,-0.13092
,,-0.13106
,,-0.13121
,,-0.13136
,,-0.13150
,,-0.13164
,,-0.13178
,,-0.13192
,,-0.13206
,,-0.13220
,,-0.13235
,,-0.13249
,,-0.13263
,,-0.13277
,,-0.13292
,,-0.13306
,,-0.13321
,,-0.13336
,,-0.13350
,,-0.13365
,,-0.13380
,,-0.13394
,,-0.13409
,,-0.13424
,,-0.13439
,,-0.13453
,,-0.13468
,,-0.13483
,,-0.13497
,,-0.13511
,,-0.13526
,,-0.13540
,,-0.13554
,,-0.13568
,,-0.13582
,,-0.13597
,,-0.13611
,,-0.13625
,,-0.13639
,,-0.13654
,,-0.13668
,,-0.13683
,,-0.13697
,,-0.13712
,,-0.13727
,,-0.13741
,,-0.13756
,,-0.13771
,,-0.13786
,,-0.13800
,,-0.13815
,,-0.13830
,,-0.13845
,,-0.13859
,,-0.13873
,,-0.13888
,,-0.13902
,,-0.13916
,,-0.13930
,,-0.13944
,,-0.13958
,,-0.13973
,,-0.13987
,,-0.14001
,,-0.14016
,,-0.14030
,,-0.14045
,,-0.14060
,,-0.14074
,,-0.14089
,,-0.14104
,,-0.14119
,,-0.14134
,,-0.14148
,,-0.14163
,,-0.14178
,,-0.14193
,,-0.14207
,,-0.14222
,,-0.14236
,,-0.14251
,,-0.14265
,,-0.14279
,,-0.14293
,,-0.14308
,,-0.14322
,,-0.14336
,,-0.14350
,,-0.14364
,,-0.14379
,,-0.14393
,,-0.14408
,,-0.14423
,,-0.14437
,,-0.14452
,,-0.14467
,,-0.14482
,,-0.14496
,,-0.14511
,,-0.14526
,,-0.14541
,,-0.14556
,,-0.14571
,,-0.14585
,,-0.14600
,,-0.14614
,,-0.14628
,,-0.14642
,,-0.14657
,,-0.14671
,,-0.14685
,,-0.14699
,,-0.14713
,,-0.14727
,,-0.14742
,,-0.14756
,,-0.14771
,,-0.14786
,,-0.14800
,,-0.14814
,,-0.14829
,,-0.14844
,,-0.14859
,,-0.14874
,,-0.14889
,,-0.14903
,,-0.14918
,,-0.14933
,,-0.14948
,,-0.14962
,,-0.14977
,,-0.14991
,,-0.15005
,,-0.15019
,,-0.15033
,,-0.15047
,,-0.15061
,,-0.15076
,,-0.15090
,,-0.15104
,,-0.15119
,,-0.15133
,,-0.15148
,,-0.15163
,,-0.15177
,,-0.15192
,,-0.15207
,,-0.15222
,,-0.15236
,,-0.15251
,,-0.15266
,,-0.15281
,,-0.15296
,,-0.15310
,,-0.15325
,,-0.15339
,,-0.15353
,,-0.15367
,,-0.15381
,,-0.15395
,,-0.15410
,,-0.15424
,,-0.15438
,,-0.15452
,,-0.15466
,,-0.15480
,,-0.15495
,,-0.15509
,,-0.15524
,,-0.15539
,,-0.15553
,,-0.15568
,,-0.15583
,,-0.15597
,,-0.15612
,,-0.15627
,,-0.15642
,,-0.15657
,,-0.15671
,,-0.15686
,,-0.15700
,,-0.15714
,,-0.15729
,,-0.15743
,,-0.15757
,,-0.15771
,,-0.15785
,,-0.15799
,,-0.15814
,,-0.15828
,,-0.15842
,,-0.15856
,,-0.15871
,,-0.15886
,,-0.15901
,,-0.15915
,,-0.15930
,,-0.15945
,,-0.15959
,,-0.15974
,,-0.15989
,,-0.16003
,,-0.16018
,,-0.16033
,,-0.16047
,,-0.16062
,,-0.16076
,,-0.16090
,,-0.16104
,,-0.16119
,,-0.16133
,,-0.16147
,,-0.16161
,,-0.16175
,,-0.16189
,,-0.16204
,,-0.16218
,,-0.16233
,,-0.16248
,,-0.16262
,,-0.16277
,,-0.16292
,,-0.16306
,,-0.16321
,,-0.16336
,,-0.16351
,,-0.16366
,,-0.16381
,,-0.16396
,,-0.16411
,,-0.16425
,,-0.16439
,,-0.16453
,,-0.16467
,,-0.16482
,,-0.16496
,,-0.16510
,,-0.16524
,,-0.16539
,,-0.16553
,,-0.16568
,,-0.16582
,,-0.16597
,,-0.16612
,,-0.16627
,,-0.16641
,,-0.16656
,,-0.16671
,,-0.16686
,,-0.16701
,,-0.16715
,,-0.16731
,,-0.16745
,,-0.16760
,,-0.16775
,,-0.16789
,,-0.16804
,,-0.16818
,,-0.16832
,,-0.16846
,,-0.16860
,,-0.16874
,,-0.16889
,,-0.16903
,,-0.16917
,,-0.16931
,,-0.16946
,,-0.16960
,,-0.16975
,,-0.16990
,,-0.17004
,,-0.17019
,,-0.17034
,,-0.17048
,,-0.17063
,,-0.17078
,,-0.17093
,,-0.17108
,,-0.17122
,,-0.17137
,,-0.17152
,,-0.17166
,,-0.17180
,,-0.17194
,,-0.17208
,,-0.17223
,,-0.17237
,,-0.17251
,,-0.17265
,,-0.17280
,,-0.17294
,,-0.17309
,,-0.17323
,,-0.17338
,,-0.17353
,,-0.17367
,,-0.17382
,,-0.17397
,,-0.17412
,,-0.17427
,,-0.17442
,,-0.17456
,,-0.17471
,,-0.17486
,,-0.17501
,,-0.17515
,,-0.17530
,,-0.17544
,,-0.17558
,,-0.17572
,,-0.17587
,,-0.17601
,,-0.17615
,,-0.17629
,,-0.17643
,,-0.17658
,,-0.17672
,,-0.17687
,,-0.17701
,,-0.17716
,,-0.17731
,,-0.17745
,,-0.17760
,,-0.17774
,,-0.17789
,,-0.17804
,,-0.17819
,,-0.17834
,,-0.17849
,,-0.17863
,,-0.17878
,,-0.17892
,,-0.17907
,,-0.17921
,,-0.17935
,,-0.17949
,,-0.17963
,,-0.17977
,,-0.17991
,,-0.18006
,,-0.18020
,,-0.18034
,,-0.18049
,,-0.18063
,,-0.18078
,,-0.18093
,,-0.18108
,,-0.18122
,,-0.18137
,,-0.18152
,,-0.18167
,,-0.18182
,,-0.18196
,,-0.18211
,,-0.18226
,,-0.18240
,,-0.18254
,,-0.18269
,,-0.18283
,,-0.18297
,,-0.18311
,,-0.18325
,,-0.18339
,,-0.18354
,,-0.18368
,,-0.18382
,,-0.18396
,,-0.18411
,,-0.18425
,,-0.18440
,,-0.18455
,,-0.18469
,,-0.18484
,,-0.18499
,,-0.18514
,,-0.18529
,,-0.18544
,,-0.18559
,,-0.18573
,,-0.18588
,,-0.18602
,,-0.18617
,,-0.18631
,,-0.18645
,,-0.18659
,,-0.18674
,,-0.18688
,,-0.18702
,,-0.18716
,,-0.18731
,,-0.18745
,,-0.18760
,,-0.18774
,,-0.18789
,,-0.18803
,,-0.18818
,,-0.18833
,,-0.18847
,,-0.18862
,,-0.18877
,,-0.18892
,,-0.18907
,,-0.18922
,,-0.18937
,,-0.18952
,,-0.18966
,,-0.18981
,,-0.18996
,,-0.19010
,,-0.19024
,,-0.19039
,,-0.19053
,,-0.19067
,,-0.19081
,,-0.19096
,,-0.19110
,,-0.19125
,,-0.19139
,,-0.19154
,,-0.19169
,,-0.19184
,,-0.19199
,,-0.19214
,,-0.19228
,,-0.19243
,,-0.19258
,,-0.19273
,,-0.19288
,,-0.19303
,,-0.19318
,,-0.19333
,,-0.19347
,,-0.19362
,,-0.19376
,,-0.19391
,,-0.19405
,,-0.19419
,,-0.19433
,,-0.19447
,,-0.19462
,,-0.19476
,,-0.19491
,,-0.19505
,,-0.19520
,,-0.19534
,,-0.19549
,,-0.19563
,,-0.19578
,,-0.19593
,,-0.19608
,,-0.19623
,,-0.19638
,,-0.19653
,,-0.19668
,,-0.19683
,,-0.19697
,,-0.19712
,,-0.19727
,,-0.19741
,,-0.19755
,,-0.19769
,,-0.19783
,,-0.19798
,,-0.19812
,,-0.19827
,,-0.19841
,,-0.19855
,,-0.19870
,,-0.19885
,,-0.19899
,,-0.19914
,,-0.19929
,,-0.19944
,,-0.19959
,,-0.19973
,,-0.19988
,,-0.20003
,,-0.20018
,,-0.20033
,,-0.20048
,,-0.20062
,,-0.20077
,,-0.20091
,,-0.20105
,,-0.20119
,,-0.20134
,,-0.20148
,,-0.20162
,,-0.20176
,,-0.20190
,,-0.20205
,,-0.20219
,,-0.20234
,,-0.20248
,,-0.20263
,,-0.20278
,,-0.20292
,,-0.20307
,,-0.20322
,,-0.20337
,,-0.20352
,,-0.20367
,,-0.20382
,,-0.20397
,,-0.20411
,,-0.20426
,,-0.20441
,,-0.20455
,,-0.20469
,,-0.20484
,,-0.20498
,,-0.20512
,,-0.20526
,,-0.20540
,,-0.20554
,,-0.20568
,,-0.20583
,,-0.20597
,,-0.20612
,,-0.20627
,,-0.20641
,,-0.20656
,,-0.20671
,,-0.20686
,,-0.20701
,,-0.20716
,,-0.20731
,,-0.20746
,,-0.20761
,,-0.20775
,,-0.20790
,,-0.20805
,,-0.20819
,,-0.20834
,,-0.20848
,,-0.20862
,,-0.20876
,,-0.20890
,,-0.20904
,,-0.20918
,,-0.20933
,,-0.20947
,,-0.20962
,,-0.20976
,,-0.20991
,,-0.21005
,,-0.21020
,,-0.21034
,,-0.21049
,,-0.21064
,,-0.21079
,,-0.21094
,,-0.21109
,,-0.21124
,,-0.21139
,,-0.21153
,,-0.21168
,,-0.21182
,,-0.21197
,,-0.21211
,,-0.21225
,,-0.21239
,,-0.21254
,,-0.21268
,,-0.21282
,,-0.21296
,,-0.21311
,,-0.21325
,,-0.21340
,,-0.21355
,,-0.21369
,,-0.21384
,,-0.21399
,,-0.21414
,,-0.21429
,,-0.21444
,,-0.21459
,,-0.21474
,,-0.21489
,,-0.21504
,,-0.21519
,,-0.21533
,,-0.21548
,,-0.21562
,,-0.21576
,,-0.21590
,,-0.21604
,,-0.21619
,,-0.21633
,,-0.21647
,,-0.21662
,,-0.21676
,,-0.21690
,,-0.21705
,,-0.21720
,,-0.21735
,,-0.21749
,,-0.21764
,,-0.21779
,,-0.21794
,,-0.21809
,,-0.21823
,,-0.21838
,,-0.21853
,,-0.21868
,,-0.21883
,,-0.21898
,,-0.21912
,,-0.21927
,,-0.21941
,,-0.21956
,,-0.21970
,,-0.21984
,,-0.21998
,,-0.22012
,,-0.22027
,,-0.22041
,,-0.22056
,,-0.22070
,,-0.22084
,,-0.22099
,,-0.22114
,,-0.22129
,,-0.22144
,,-0.22159
,,-0.22174
,,-0.22188
,,-0.22203
,,-0.22218
,,-0.22233
,,-0.22248
,,-0.22263
,,-0.22277
,,-0.22292
,,-0.22306
,,-0.22320
,,-0.22334
,,-0.22348
,,-0.22362
,,-0.22377
,,-0.22391
,,-0.22405
,,-0.22420
,,-0.22434
,,-0.22449
,,-0.22463
,,-0.22478
,,-0.22493
,,-0.22508
,,-0.22522
,,-0.22537
,,-0.22552
,,-0.22567
,,-0.22582
,,-0.22597
,,-0.22612
,,-0.22627
,,-0.22641
,,-0.22656
,,-0.22670
,,-0.22684
,,-0.22698
,,-0.22712
,,-0.22726
,,-0.22740
,,-0.22755
,,-0.22769
,,-0.22783
,,-0.22798
,,-0.22812
,,-0.22827
,,-0.22842
,,-0.22856
,,-0.22871
,,-0.22885
,,-0.22900
,,-0.22915
,,-0.22930
,,-0.22945
,,-0.22960
,,-0.22975
,,-0.22990
,,-0.23004
,,-0.23018
,,-0.23033
,,-0.23047
,,-0.23060
,,-0.23075
,,-0.23089
,,-0.23103
,,-0.23117
,,-0.23131
,,-0.23145
,,-0.23159
,,-0.23174
,,-0.23188
,,-0.23203
,,-0.23218
,,-0.23233
,,-0.23247
,,-0.23262
,,-0.23277
,,-0.23292
,,-0.23307
,,-0.23322
,,-0.23337
,,-0.23351
,,-0.23366
,,-0.23380
,,-0.23394
,,-0.23408
,,-0.23423
,,-0.23437
,,-0.23451
,,-0.23465
,,-0.23479
,,-0.23493
,,-0.23507
,,-0.23522
,,-0.23536
,,-0.23551
,,-0.23566
,,-0.23580
,,-0.23595
,,-0.23610
,,-0.23624
,,-0.23639
,,-0.23654
,,-0.23669
,,-0.23684
,,-0.23699
,,-0.23714
,,-0.23729
,,-0.23743
,,-0.23757
,,-0.23772
,,-0.23786
,,-0.23800
,,-0.23814
,,-0.23828
,,-0.23842
,,-0.23856
,,-0.23871
,,-0.23885
,,-0.23900
,,-0.23914
,,-0.23929
,,-0.23944
,,-0.23958
,,-0.23973
,,-0.23988
,,-0.24003
,,-0.24018
,,-0.24033
,,-0.24048
,,-0.24062
,,-0.24077
,,-0.24092
,,-0.24106
,,-0.24121
,,-0.24135
,,-0.24149
,,-0.24164
,,-0.24178
,,-0.24192
,,-0.24206
,,-0.24220
,,-0.24235
,,-0.24249
,,-0.24264
,,-0.24279
,,-0.24293
,,-0.24308
,,-0.24323
,,-0.24338
,,-0.24353
,,-0.24368
,,-0.24383
,,-0.24398
,,-0.24413
,,-0.24427
,,-0.24442
,,-0.24456
,,-0.24471
,,-0.24485
,,-0.24500
,,-0.24514
,,-0.24528
,,-0.24542
,,-0.24556
,,-0.24570
,,-0.24585
,,-0.24599
,,-0.24613
,,-0.24628
,,-0.24643
,,-0.24657
,,-0.24672
,,-0.24686
,,-0.24701
,,-0.24716
,,-0.24731
,,-0.24746
,,-0.24761
,,-0.24776
,,-0.24791
,,-0.24806
,,-0.24820
,,-0.24835
,,-0.24849
,,-0.24863
,,-0.24877
,,-0.24892
,,-0.24906
,,-0.24920
,,-0.24934
,,-0.24948
,,-0.24962
,,-0.24977
,,-0.24991
,,-0.25006
,,-0.25020
,,-0.25035
,,-0.25050
,,-0.25065
,,-0.25080
,,-0.25095
,,-0.25110
,,-0.25125
,,-0.25140
,,-0.25155
,,-0.25169
,,-0.25184
,,-0.25198
,,-0.25212
,,-0.25227
,,-0.25241
,,-0.25255
,,-0.25269
,,-0.25283
,,-0.25297
,,-0.25311
,,-0.25326
,,-0.25340
,,-0.25355
,,-0.25369
,,-0.25384
,,-0.25398
,,-0.25413
,,-0.25427
,,-0.25442
,,-0.25457
,,-0.25472
,,-0.25487
,,-0.25502
,,-0.25517
,,-0.25531
,,-0.25546
,,-0.25561
,,-0.25575
,,-0.25589
,,-0.25604
,,-0.25618
,,-0.25631
,,-0.25645
,,-0.25659
,,-0.25673
,,-0.25688
,,-0.25702
,,-0.25716
,,-0.25731
,,-0.25746
,,-0.25760
,,-0.25775
,,-0.25790
,,-0.25805
,,-0.25820
,,-0.25834
,,-0.25850
,,-0.25864
,,-0.25879
,,-0.25894
,,-0.25909
,,-0.25924
,,-0.25938
,,-0.25953
,,-0.25967
,,-0.25981
,,-0.25995
,,-0.26009
,,-0.26023
,,-0.26037
,,-0.26052
,,-0.26066
,,-0.26081
,,-0.26095
,,-0.26110
,,-0.26125
,,-0.26140
,,-0.26155
,,-0.26169
,,-0.26184
,,-0.26199
,,-0.26214
,,-0.26229
,,-0.26244
,,-0.26259
,,-0.26274
,,-0.26288
,,-0.26303
,,-0.26317
,,-0.26331
,,-0.26345
,,-0.26359
,,-0.26373
,,-0.26387
,,-0.26401
,,-0.26416
,,-0.26430
,,-0.26444
,,-0.26459
,,-0.26473
,,-0.26488
,,-0.26503
,,-0.26518
,,-0.26533
,,-0.26547
,,-0.26563
,,-0.26578
,,-0.26593
,,-0.26608
,,-0.26623
,,-0.26637
,,-0.26652
,,-0.26666
,,-0.26681
,,-0.26695
,,-0.26709
,,-0.26723
,,-0.26737
,,-0.26751
,,-0.26766
,,-0.26780
,,-0.26795
,,-0.26809
,,-0.26824
,,-0.26839
,,-0.26853
,,-0.26868
,,-0.26883
,,-0.26898
,,-0.26913
,,-0.26928
,,-0.26943
,,-0.26958
,,-0.26973
,,-0.26988
,,-0.27003
,,-0.27017
,,-0.27032
,,-0.27046
,,-0.27060
,,-0.27075
,,-0.27089
,,-0.27103
,,-0.27117
,,-0.27131
,,-0.27145
,,-0.27160
,,-0.27174
,,-0.27188
,,-0.27203
,,-0.27218
,,-0.27232
,,-0.27247
,,-0.27262
,,-0.27277
,,-0.27292
,,-0.27307
,,-0.27322
,,-0.27337
,,-0.27352
,,-0.27367
,,-0.27381
,,-0.27396
,,-0.27410
,,-0.27424
,,-0.27439
,,-0.27453
,,-0.27467
,,-0.27481
,,-0.27496
,,-0.27510
,,-0.27524
,,-0.27539
,,-0.27553
,,-0.27568
,,-0.27582
,,-0.27597
,,-0.27612
,,-0.27627
,,-0.27641
,,-0.27656
,,-0.27672
,,-0.27687
,,-0.27702
,,-0.27716
,,-0.27731
,,-0.27746
,,-0.27760
,,-0.27775
,,-0.27789
,,-0.27803
,,-0.27817
,,-0.27831
,,-0.27845
,,-0.27859
,,-0.27874
,,-0.27888
,,-0.27902
,,-0.27917
,,-0.27931
,,-0.27946
,,-0.27960
,,-0.27975
,,-0.27990
,,-0.28005
,,-0.28019
,,-0.28034
,,-0.28049
,,-0.28064
,,-0.28079
,,-0.28094
,,-0.28109
,,-0.28123
,,-0.28138
,,-0.28152
,,-0.28167
,,-0.28181
,,-0.28195
,,-0.28209
,,-0.28223
,,-0.28237
,,-0.28252
,,-0.28266
,,-0.28281
,,-0.28295
,,-0.28310
,,-0.28325
,,-0.28339
,,-0.28354
,,-0.28369
,,-0.28384
,,-0.28399
,,-0.28414
,,-0.28430
,,-0.28445
,,-0.28460
,,-0.28474
,,-0.28489
,,-0.28504
,,-0.28518
,,-0.28532
,,-0.28547
,,-0.28561
,,-0.28575
,,-0.28589
,,-0.28604
,,-0.28618
,,-0.28632
,,-0.28647
,,-0.28662
,,-0.28677
,,-0.28692
,,-0.28706
,,-0.28721
,,-0.28736
,,-0.28751
,,-0.28766
,,-0.28781
,,-0.28796
,,-0.28811
,,-0.28826
,,-0.28841
,,-0.28855
,,-0.28870
,,-0.28884
,,-0.28899
,,-0.28913
,,-0.28928
,,-0.28942
,,-0.28956
,,-0.28970
,,-0.28984
,,-0.28999
,,-0.29013
,,-0.29028
,,-0.29043
,,-0.29057
,,-0.29072
,,-0.29087
,,-0.29102
,,-0.29117
,,-0.29132
,,-0.29147
,,-0.29162
,,-0.29177
,,-0.29192
,,-0.29207
,,-0.29222
,,-0.29236
,,-0.29250
,,-0.29265
,,-0.29279
,,-0.29293
,,-0.29307
,,-0.29321
,,-0.29335
,,-0.29350
,,-0.29364
,,-0.29379
,,-0.29394
,,-0.29408
,,-0.29423
,,-0.29438
,,-0.29453
,,-0.29468
,,-0.29482
,,-0.29497
,,-0.29512
,,-0.29527
,,-0.29543
,,-0.29558
,,-0.29572
,,-0.29587
,,-0.29602
,,-0.29616
,,-0.29630
,,-0.29644
,,-0.29658
,,-0.29672
,,-0.29686
,,-0.29701
,,-0.29715
,,-0.29729
,,-0.29744
,,-0.29759
,,-0.29773
,,-0.29788
,,-0.29803
,,-0.29818
,,-0.29833
,,-0.29848
,,-0.29862
,,-0.29877
,,-0.29892
,,-0.29907
,,-0.29922
,,-0.29937
,,-0.29952
,,-0.29966
,,-0.29981
,,-0.29995
,,-0.30009
,,-0.30023
,,-0.30038
,,-0.30052
,,-0.30066
,,-0.30080
,,-0.30095
,,-0.30109
,,-0.30124
,,-0.30138
,,-0.30153
,,-0.30168
,,-0.30183
,,-0.30198
,,-0.30213
,,-0.30228
,,-0.30242
,,-0.30257
,,-0.30272
,,-0.30287
,,-0.30302
,,-0.30317
,,-0.30331
,,-0.30346
,,-0.30360
,,-0.30374
,,-0.30388
,,-0.30402
,,-0.30416
,,-0.30430
,,-0.30444
,,-0.30459
,,-0.30473
,,-0.30488
,,-0.30502
,,-0.30517
,,-0.30532
,,-0.30546
,,-0.30561
,,-0.30576
,,-0.30591
,,-0.30606
,,-0.30621
,,-0.30636
,,-0.30651
,,-0.30666
,,-0.30681
,,-0.30695
,,-0.30710
,,-0.30724
,,-0.30738
,,-0.30752
,,-0.30766
,,-0.30780
,,-0.30795
,,-0.30809
,,-0.30823
,,-0.30837
,,-0.30852
,,-0.30866
,,-0.30881
,,-0.30896
,,-0.30911
,,-0.30926
,,-0.30941
,,-0.30956
,,-0.30971
,,-0.30986
,,-0.31001
,,-0.31016
,,-0.31031
,,-0.31046
,,-0.31061
,,-0.31075
,,-0.31089
,,-0.31103
,,-0.31117
,,-0.31131
,,-0.31146
,,-0.31160
,,-0.31174
,,-0.31188
,,-0.31203
,,-0.31217
,,-0.31232
,,-0.31246
,,-0.31261
,,-0.31276
,,-0.31291
,,-0.31306
,,-0.31320
,,-0.31336
,,-0.31351
,,-0.31366
,,-0.31381
,,-0.31396
,,-0.31411
,,-0.31425
,,-0.31439
,,-0.31454
,,-0.31468
,,-0.31483
,,-0.31497
,,-0.31511
,,-0.31525
,,-0.31539
,,-0.31553
,,-0.31568
,,-0.31582
,,-0.31597
,,-0.31611
,,-0.31626
,,-0.31641
,,-0.31656
,,-0.31671
,,-0.31686
,,-0.31701
,,-0.31716
,,-0.31731
,,-0.31746
,,-0.31761
,,-0.31776
,,-0.31790
,,-0.31805
,,-0.31819
,,-0.31834
,,-0.31848
,,-0.31862
,,-0.31876
,,-0.31890
,,-0.31904
,,-0.31918
,,-0.31932
,,-0.31947
,,-0.31962
,,-0.31976
,,-0.31991
,,-0.32005
,,-0.32020
,,-0.32035
,,-0.32050
,,-0.32065
,,-0.32080
,,-0.32095
,,-0.32110
,,-0.32125
,,-0.32140
,,-0.32154
,,-0.32169
,,-0.32183
,,-0.32197
,,-0.32211
,,-0.32225
,,-0.32239
,,-0.32253
,,-0.32267
,,-0.32281
,,-0.32295
,,-0.32310
,,-0.32324
,,-0.32339
,,-0.32354
,,-0.32368
,,-0.32383
,,-0.32398
,,-0.32412
,,-0.32427
,,-0.32442
,,-0.32457
,,-0.32472
,,-0.32487
,,-0.32502
,,-0.32516
,,-0.32531
,,-0.32545
,,-0.32559
,,-0.32573
,,-0.32587
,,-0.32601
,,-0.32615
,,-0.32629
,,-0.32643
,,-0.32657
,,-0.32671
,,-0.32685
,,-0.32700
,,-0.32714
,,-0.32729
,,-0.32744
,,-0.32759
,,-0.32774
,,-0.32789
,,-0.32804
,,-0.32819
,,-0.32834
,,-0.32849
,,-0.32863
,,-0.32878
,,-0.32893
,,-0.32907
,,-0.32921
,,-0.32935
,,-0.32949
,,-0.32963
,,-0.32977
,,-0.32991
,,-0.33006
,,-0.33020
,,-0.33034
,,-0.33049
,,-0.33063
,,-0.33078
,,-0.33092
,,-0.33107
,,-0.33122
,,-0.33137
,,-0.33152
,,-0.33167
,,-0.33182
,,-0.33197
,,-0.33212
,,-0.33227
,,-0.33241
,,-0.33256
,,-0.33270
,,-0.33284
,,-0.33299
,,-0.33313
,,-0.33327
,,-0.33341
,,-0.33355
,,-0.33369
,,-0.33383
,,-0.33398
,,-0.33412
,,-0.33427
,,-0.33441
,,-0.33456
,,-0.33470
,,-0.33485
,,-0.33500
,,-0.33515
,,-0.33530
,,-0.33545
,,-0.33560
,,-0.33575
,,-0.33590
,,-0.33604
,,-0.33619
,,-0.33633
,,-0.33647
,,-0.33661
,,-0.33676
,,-0.33690
,,-0.33704
,,-0.33718
,,-0.33732
,,-0.33746
,,-0.33760
,,-0.33775
,,-0.33789
,,-0.33804
,,-0.33819
,,-0.33833
,,-0.33848
,,-0.33863
,,-0.33878
,,-0.33893
,,-0.33908
,,-0.33923
,,-0.33938
,,-0.33953
,,-0.33967
,,-0.33982
,,-0.33996
,,-0.34010
,,-0.34025
,,-0.34039
,,-0.34052
,,-0.34066
,,-0.34081
,,-0.34094
,,-0.34109
,,-0.34123
,,-0.34138
,,-0.34152
,,-0.34167
,,-0.34181
,,-0.34196
,,-0.34211
,,-0.34226
,,-0.34241
,,-0.34255
,,-0.34270
,,-0.34285
,,-0.34300
,,-0.34315
,,-0.34330
,,-0.34344
,,-0.34358
,,-0.34372
,,-0.34386
,,-0.34400
,,-0.34414
,,-0.34429
,,-0.34443
,,-0.34457
,,-0.34471
,,-0.34485
,,-0.34499
,,-0.34514
,,-0.34528
,,-0.34543
,,-0.34558
,,-0.34573
,,-0.34587
,,-0.34602
,,-0.34617
,,-0.34632
,,-0.34647
,,-0.34662
,,-0.34676
,,-0.34691
,,-0.34705
,,-0.34720
,,-0.34734
,,-0.34748
,,-0.34762
,,-0.34776
,,-0.34789
,,-0.34803
,,-0.34818
,,-0.34832
,,-0.34846
,,-0.34860
,,-0.34875
,,-0.34889
,,-0.34904
,,-0.34918
,,-0.34933
,,-0.34948
,,-0.34962
,,-0.34977
,,-0.34992
,,-0.35007
,,-0.35022
,,-0.35037
,,-0.35051
,,-0.35066
,,-0.35080
,,-0.35094
,,-0.35108
,,-0.35122
,,-0.35136
,,-0.35150
,,-0.35164
,,-0.35178
,,-0.35192
,,-0.35206
,,-0.35220
,,-0.35234
,,-0.35249
,,-0.35263
,,-0.35278
,,-0.35293
,,-0.35307
,,-0.35322
,,-0.35337
,,-0.35352
,,-0.35367
,,-0.35381
,,-0.35396
,,-0.35411
,,-0.35426
,,-0.35440
,,-0.35454
,,-0.35469
,,-0.35483
,,-0.35497
,,-0.35510
,,-0.35524
,,-0.35538
,,-0.35552
,,-0.35566
,,-0.35581
,,-0.35595
,,-0.35610
,,-0.35624
,,-0.35639
,,-0.35653
,,-0.35668
,,-0.35683
,,-0.35698
,,-0.35713
,,-0.35728
,,-0.35743
,,-0.35758
,,-0.35773
,,-0.35787
,,-0.35802
,,-0.35816
,,-0.35830
,,-0.35845
,,-0.35858
,,-0.35872
,,-0.35886
,,-0.35900
,,-0.35914
,,-0.35928
,,-0.35943
,,-0.35957
,,-0.35972
,,-0.35986
,,-0.36001
,,-0.36015
,,-0.36030
,,-0.36045
,,-0.36060
,,-0.36075
,,-0.36090
,,-0.36105
,,-0.36120
,,-0.36135
,,-0.36150
,,-0.36164
,,-0.36179
,,-0.36193
,,-0.36207
,,-0.36221
,,-0.36235
,,-0.36249
,,-0.36264
,,-0.36278
,,-0.36292
,,-0.36306
,,-0.36321
,,-0.36335
,,-0.36350
,,-0.36365
,,-0.36380
,,-0.36394
,,-0.36409
,,-0.36424
,,-0.36439
,,-0.36454
,,-0.36469
,,-0.36484
,,-0.36498
,,-0.36513
,,-0.36528
,,-0.36542
,,-0.36556
,,-0.36570
,,-0.36584
,,-0.36598
,,-0.36612
,,-0.36626
,,-0.36640
,,-0.36654
,,-0.36669
,,-0.36683
,,-0.36698
,,-0.36712
,,-0.36727
,,-0.36741
,,-0.36756
,,-0.36770
,,-0.36785
,,-0.36800
,,-0.36815
,,-0.36830
,,-0.36845
,,-0.36860
,,-0.36874
,,-0.36889
,,-0.36903
,,-0.36918
,,-0.36931
,,-0.36946
,,-0.36960
,,-0.36974
,,-0.36987
,,-0.37001
,,-0.37015
,,-0.37030
,,-0.37044
,,-0.37059
,,-0.37073
,,-0.37088
,,-0.37103
,,-0.37117
,,-0.37132
,,-0.37147
,,-0.37161
,,-0.37176
,,-0.37191
,,-0.37206
,,-0.37221
,,-0.37236
,,-0.37250
,,-0.37265
,,-0.37278
,,-0.37293
,,-0.37306
,,-0.37320
,,-0.37334
,,-0.37348
,,-0.37362
,,-0.37376
,,-0.37390
,,-0.37405
,,-0.37419
,,-0.37433
,,-0.37448
,,-0.37463
,,-0.37477
,,-0.37492
,,-0.37506
,,-0.37521
,,-0.37536
,,-0.37551
,,-0.37566
,,-0.37581
,,-0.37595
,,-0.37610
,,-0.37624
,,-0.37638
,,-0.37653
,,-0.37667
,,-0.37681
,,-0.37695
,,-0.37709
,,-0.37722
,,-0.37737
,,-0.37751
,,-0.37765
,,-0.37779
,,-0.37794
,,-0.37809
,,-0.37823
,,-0.37838
,,-0.37853
,,-0.37867
,,-0.37882
,,-0.37897
,,-0.37912
,,-0.37927
,,-0.37942
,,-0.37957
,,-0.37971
,,-0.37986
,,-0.38001
,,-0.38015
,,-0.38029
,,-0.38043
,,-0.38057
,,-0.38071
,,-0.38085
,,-0.38099
,,-0.38113
,,-0.38127
,,-0.38141
,,-0.38156
,,-0.38171
,,-0.38185
,,-0.38200
,,-0.38215
,,-0.38230
,,-0.38245
,,-0.38260
,,-0.38275
,,-0.38290
,,-0.38305
,,-0.38320
,,-0.38334
,,-0.38349
,,-0.38364
,,-0.38378
,,-0.38392
,,-0.38406
,,-0.38420
,,-0.38434
,,-0.38448
,,-0.38462
,,-0.38477
,,-0.38491
,,-0.38506
,,-0.38520
,,-0.38534
,,-0.38549
,,-0.38564
,,-0.38579
,,-0.38594
,,-0.38609
,,-0.38624
,,-0.38639
,,-0.38654
,,-0.38669
,,-0.38684
,,-0.38699
,,-0.38713
,,-0.38728
,,-0.38742
,,-0.38756
,,-0.38770
,,-0.38784
,,-0.38798
,,-0.38812
,,-0.38827
,,-0.38841
,,-0.38855
,,-0.38870
,,-0.38884
,,-0.38899
,,-0.38914
,,-0.38928
,,-0.38943
,,-0.38958
,,-0.38973
,,-0.38988
,,-0.39003
,,-0.39018
,,-0.39033
,,-0.39048
,,-0.39063
,,-0.39077
,,-0.39092
,,-0.39106
,,-0.39120
,,-0.39134
,,-0.39148
,,-0.39161
,,-0.39175
,,-0.39189
,,-0.39203
,,-0.39218
,,-0.39232
,,-0.39247
,,-0.39261
,,-0.39276
,,-0.39291
,,-0.39305
,,-0.39320
,,-0.39335
,,-0.39350
,,-0.39365
,,-0.39380
,,-0.39395
,,-0.39410
,,-0.39424
,,-0.39439
,,-0.39453
,,-0.39467
,,-0.39481
,,-0.39495
,,-0.39509
,,-0.39523
,,-0.39537
,,-0.39551
,,-0.39565
,,-0.39580
,,-0.39594
,,-0.39609
,,-0.39623
,,-0.39638
,,-0.39653
,,-0.39667
,,-0.39682
,,-0.39697
,,-0.39712
,,-0.39727
,,-0.39742
,,-0.39757
,,-0.39771
,,-0.39786
,,-0.39800
,,-0.39815
,,-0.39829
,,-0.39842
,,-0.39856
,,-0.39870
,,-0.39884
,,-0.39898
,,-0.39912
,,-0.39926
,,-0.39940
,,-0.39955
,,-0.39969
,,-0.39983
,,-0.39998
,,-0.40012
,,-0.40027
,,-0.40041
,,-0.40056
,,-0.40071
,,-0.40086
,,-0.40101
,,-0.40116
,,-0.40131
,,-0.40146
,,-0.40160
,,-0.40175
,,-0.40189
,,-0.40203
,,-0.40217
,,-0.40231
,,-0.40245
,,-0.40259
,,-0.40273
,,-0.40287
,,-0.40301
,,-0.40315
,,-0.40329
,,-0.40344
,,-0.40358
,,-0.40373
,,-0.40387
,,-0.40402
,,-0.40417
,,-0.40432
,,-0.40447
,,-0.40462
,,-0.40477
,,-0.40492
,,-0.40507
,,-0.40521
,,-0.40536
,,-0.40550
,,-0.40564
,,-0.40578
,,-0.40592
,,-0.40606
,,-0.40620
,,-0.40634
,,-0.40648
,,-0.40662
,,-0.40677
,,-0.40691
,,-0.40706
,,-0.40721
,,-0.40735
,,-0.40750
,,-0.40765
,,-0.40780
,,-0.40794
,,-0.40809
,,-0.40824
,,-0.40840
,,-0.40855
,,-0.40870
,,-0.40884
,,-0.40899
,,-0.40913
,,-0.40927
,,-0.40942
,,-0.40956
,,-0.40969
,,-0.40983
,,-0.40998
,,-0.41012
,,-0.41026
,,-0.41040
,,-0.41055
,,-0.41069
,,-0.41084
,,-0.41099
,,-0.41114
,,-0.41128
,,-0.41143
,,-0.41158
,,-0.41173
,,-0.41189
,,-0.41204
,,-0.41219
,,-0.41233
,,-0.41248
,,-0.41262
,,-0.41277
,,-0.41291
,,-0.41305
,,-0.41319
,,-0.41333
,,-0.41347
,,-0.41361
,,-0.41375
,,-0.41389
,,-0.41403
,,-0.41418
,,-0.41432
,,-0.41447
,,-0.41461
,,-0.41476
,,-0.41491
,,-0.41506
,,-0.41521
,,-0.41536
,,-0.41551
,,-0.41565
,,-0.41580
,,-0.41595
,,-0.41610
,,-0.41624
,,-0.41639
,,-0.41653
,,-0.41667
,,-0.41681
,,-0.41695
,,-0.41708
,,-0.41722
,,-0.41737
,,-0.41751
,,-0.41765
,,-0.41779
,,-0.41794
,,-0.41808
,,-0.41823
,,-0.41838
,,-0.41853
,,-0.41867
,,-0.41882
,,-0.41897
,,-0.41912
,,-0.41927
,,-0.41942
,,-0.41957
,,-0.41972
,,-0.41986
,,-0.42000
,,-0.42014
,,-0.42028
,,-0.42042
,,-0.42056
,,-0.42070
,,-0.42084
,,-0.42098
,,-0.42112
,,-0.42126
,,-0.42140
,,-0.42155
,,-0.42169
,,-0.42184
,,-0.42198
,,-0.42213
,,-0.42228
,,-0.42243
,,-0.42258
,,-0.42273
,,-0.42288
,,-0.42303
,,-0.42317
,,-0.42332
,,-0.42346
,,-0.42361
,,-0.42374
,,-0.42388
,,-0.42402
,,-0.42416
,,-0.42430
,,-0.42444
,,-0.42458
,,-0.42472
,,-0.42486
,,-0.42501
,,-0.42515
,,-0.42529
,,-0.42544
,,-0.42558
,,-0.42573
,,-0.42588
,,-0.42602
,,-0.42618
,,-0.42633
,,-0.42648
,,-0.42663
,,-0.42677
,,-0.42692
,,-0.42706
,,-0.42721
,,-0.42735
,,-0.42749
,,-0.42763
,,-0.42777
,,-0.42791
,,-0.42805
,,-0.42819
,,-0.42833
,,-0.42848
,,-0.42862
,,-0.42877
,,-0.42891
,,-0.42906
,,-0.42920
,,-0.42935
,,-0.42950
,,-0.42965
,,-0.42980
,,-0.42995
,,-0.43010
,,-0.43025
,,-0.43040
,,-0.43055
,,-0.43070
,,-0.43084
,,-0.43098
,,-0.43113
,,-0.43127
,,-0.43140
,,-0.43154
,,-0.43168
,,-0.43182
,,-0.43197
,,-0.43211
,,-0.43225
,,-0.43240
,,-0.43254
,,-0.43269
,,-0.43284
,,-0.43299
,,-0.43314
,,-0.43328
,,-0.43343
,,-0.43358
,,-0.43373
,,-0.43388
,,-0.43403
,,-0.43418
,,-0.43433
,,-0.43447
,,-0.43462
,,-0.43476
,,-0.43490
,,-0.43504
,,-0.43518
,,-0.43532
,,-0.43546
,,-0.43560
,,-0.43574
,,-0.43589
,,-0.43603
,,-0.43618
,,-0.43632
,,-0.43647
,,-0.43662
,,-0.43677
,,-0.43692
,,-0.43707
,,-0.43722
,,-0.43737
,,-0.43752
,,-0.43767
,,-0.43782
,,-0.43796
,,-0.43811
,,-0.43825
,,-0.43839
,,-0.43853
,,-0.43867
,,-0.43880
,,-0.43894
,,-0.43908
,,-0.43922
,,-0.43936
,,-0.43951
,,-0.43965
,,-0.43980
,,-0.43994
,,-0.44009
,,-0.44024
,,-0.44038
,,-0.44053
,,-0.44068
,,-0.44083
,,-0.44099
,,-0.44114
,,-0.44129
,,-0.44144
,,-0.44159
,,-0.44173
,,-0.44187
,,-0.44201
,,-0.44215
,,-0.44229
,,-0.44243
,,-0.44257
,,-0.44271
,,-0.44285
,,-0.44299
,,-0.44313
,,-0.44328
,,-0.44342
,,-0.44357
,,-0.44371
,,-0.44386
,,-0.44400
,,-0.44415
,,-0.44430
,,-0.44445
,,-0.44460
,,-0.44475
,,-0.44489
,,-0.44504
,,-0.44519
,,-0.44534
,,-0.44548
,,-0.44562
,,-0.44576
,,-0.44589
,,-0.44604
,,-0.44617
,,-0.44631
,,-0.44645
,,-0.44659
,,-0.44674
,,-0.44688
,,-0.44702
,,-0.44717
,,-0.44731
,,-0.44746
,,-0.44761
,,-0.44776
,,-0.44790
,,-0.44805
,,-0.44820
,,-0.44835
,,-0.44850
,,-0.44865
,,-0.44880
,,-0.44894
,,-0.44908
,,-0.44923
,,-0.44937
,,-0.44951
,,-0.44965
,,-0.44979
,,-0.44993
,,-0.45007
,,-0.45021
,,-0.45035
,,-0.45049
,,-0.45064
,,-0.45079
,,-0.45093
,,-0.45108
,,-0.45123
,,-0.45138
,,-0.45152
,,-0.45167
,,-0.45183
,,-0.45198
,,-0.45213
,,-0.45227
,,-0.45242
,,-0.45257
,,-0.45272
,,-0.45286
,,-0.45300
,,-0.45314
,,-0.45328
,,-0.45342
,,-0.45356
,,-0.45370
,,-0.45384
,,-0.45399
,,-0.45413
,,-0.45428
,,-0.45442
,,-0.45457
,,-0.45472
,,-0.45487
,,-0.45502
,,-0.45517
,,-0.45532
,,-0.45547
,,-0.45562
,,-0.45577
,,-0.45592
,,-0.45606
,,-0.45621
,,-0.45635
,,-0.45649
,,-0.45664
,,-0.45678
,,-0.45692
,,-0.45706
,,-0.45720
,,-0.45734
,,-0.45748
,,-0.45762
,,-0.45777
,,-0.45791
,,-0.45806
,,-0.45820
,,-0.45835
,,-0.45850
,,-0.45865
,,-0.45880
,,-0.45895
,,-0.45910
,,-0.45925
,,-0.45941
,,-0.45956
,,-0.45970
,,-0.45985
,,-0.45999
,,-0.46014
,,-0.46028
,,-0.46042
,,-0.46056
,,-0.46070
,,-0.46084
,,-0.46098
,,-0.46113
,,-0.46127
,,-0.46141
,,-0.46156
,,-0.46170
,,-0.46185
,,-0.46200
,,-0.46215
,,-0.46230
,,-0.46245
,,-0.46260
,,-0.46275
,,-0.46290
,,-0.46305
,,-0.46320
,,-0.46335
,,-0.46349
,,-0.46364
,,-0.46378
,,-0.46392
,,-0.46406
,,-0.46421
,,-0.46435
,,-0.46448
,,-0.46463
,,-0.46477
,,-0.46491
,,-0.46505
,,-0.46520
,,-0.46534
,,-0.46549
,,-0.46564
,,-0.46579
,,-0.46593
,,-0.46608
,,-0.46623
,,-0.46639
,,-0.46654
,,-0.46669
,,-0.46683
,,-0.46699
,,-0.46713
,,-0.46728
,,-0.46742
,,-0.46756
,,-0.46770
,,-0.46784
,,-0.46798
,,-0.46812
,,-0.46826
,,-0.46840
,,-0.46854
,,-0.46869
,,-0.46883
,,-0.46897
,,-0.46912
,,-0.46926
,,-0.46941
,,-0.46956
,,-0.46970
,,-0.46985
,,-0.47000
,,-0.47015
,,-0.47030
,,-0.47045
,,-0.47060
,,-0.47075
,,-0.47089
,,-0.47104
,,-0.47118
,,-0.47132
,,-0.47146
,,-0.47160
,,-0.47174
,,-0.47188
,,-0.47202
,,-0.47216
,,-0.47230
,,-0.47245
,,-0.47259
,,-0.47274
,,-0.47288
,,-0.47303
,,-0.47318
,,-0.47333
,,-0.47348
,,-0.47363
,,-0.47377
,,-0.47393
,,-0.47408
,,-0.47423
,,-0.47438
,,-0.47452
,,-0.47467
,,-0.47481
,,-0.47495
,,-0.47509
,,-0.47523
,,-0.47537
,,-0.47552
,,-0.47566
,,-0.47580
,,-0.47594
,,-0.47609
,,-0.47623
,,-0.47638
,,-0.47652
,,-0.47667
,,-0.47682
,,-0.47697
,,-0.47712
,,-0.47727
,,-0.47743
,,-0.47758
,,-0.47773
,,-0.47789
,,-0.47803
,,-0.47818
,,-0.47832
,,-0.47847
,,-0.47861
,,-0.47875
,,-0.47889
,,-0.47903
,,-0.47917
,,-0.47932
,,-0.47946
,,-0.47960
,,-0.47974
,,-0.47989
,,-0.48004
,,-0.48019
,,-0.48033
,,-0.48048
,,-0.48063
,,-0.48078
,,-0.48093
,,-0.48109
,,-0.48124
,,-0.48139
,,-0.48154
,,-0.48169
,,-0.48184
,,-0.48198
,,-0.48213
,,-0.48227
,,-0.48241
,,-0.48256
,,-0.48270
,,-0.48284
,,-0.48298
,,-0.48312
,,-0.48327
,,-0.48341
,,-0.48356
,,-0.48370
,,-0.48385
,,-0.48400
,,-0.48415
,,-0.48430
,,-0.48445
,,-0.48460
,,-0.48475
,,-0.48490
,,-0.48505
,,-0.48520
,,-0.48535
,,-0.48550
,,-0.48565
,,-0.48579
,,-0.48593
,,-0.48607
,,-0.48621
,,-0.48635
,,-0.48649
,,-0.48663
,,-0.48677
,,-0.48692
,,-0.48706
,,-0.48720
,,-0.48735
,,-0.48750
,,-0.48765
,,-0.48780
,,-0.48794
,,-0.48809
,,-0.48824
,,-0.48839
,,-0.48855
,,-0.48870
,,-0.48885
,,-0.48900
,,-0.48915
,,-0.48929
,,-0.48943
,,-0.48958
,,-0.48972
,,-0.48986
,,-0.49000
,,-0.49014
,,-0.49028
,,-0.49042
,,-0.49056
,,-0.49070
,,-0.49085
,,-0.49099
,,-0.49114
,,-0.49129
,,-0.49143
,,-0.49158
,,-0.49173
,,-0.49188
,,-0.49203
,,-0.49218
,,-0.49233
,,-0.49248
,,-0.49263
,,-0.49278
,,-0.49293
,,-0.49307
,,-0.49321
,,-0.49335
,,-0.49350
,,-0.49363
,,-0.49377
,,-0.49391
,,-0.49405
,,-0.49419
,,-0.49434
,,-0.49448
,,-0.49463
,,-0.49478
,,-0.49492
,,-0.49507
,,-0.49522
,,-0.49537
,,-0.49552
,,-0.49567
,,-0.49582
,,-0.49597
,,-0.49612
,,-0.49627
,,-0.49642
,,-0.49656
,,-0.49670
,,-0.49685
,,-0.49699
,,-0.49713
,,-0.49727
,,-0.49741
,,-0.49755
,,-0.49769
,,-0.49783
,,-0.49797
,,-0.49812
,,-0.49826
,,-0.49841
,,-0.49855
,,-0.49870
,,-0.49885
,,-0.49900
,,-0.49915
,,-0.49930
,,-0.49945
,,-0.49960
,,-0.49975
,,-0.49990
,,-0.50005
,,-0.50020
,,-0.50035
,,-0.50049
,,-0.50063
,,-0.50077
,,-0.50091
,,-0.50105
,,-0.50119
,,-0.50133
,,-0.50147
,,-0.50161
,,-0.50176
,,-0.50190
,,-0.50205
,,-0.50220
,,-0.50234
,,-0.50249
,,-0.50264
,,-0.50279
,,-0.50294
,,-0.50309
,,-0.50324
,,-0.50340
,,-0.50354
,,-0.50369
,,-0.50384
,,-0.50398
,,-0.50413
,,-0.50427
,,-0.50441
,,-0.50455
,,-0.50469
,,-0.50483
,,-0.50497
,,-0.50512
,,-0.50526
,,-0.50540
,,-0.50554
,,-0.50569
,,-0.50584
,,-0.50599
,,-0.50614
,,-0.50629
,,-0.50644
,,-0.50659
,,-0.50674
,,-0.50689
,,-0.50705
,,-0.50720
,,-0.50735
,,-0.50749
,,-0.50764
,,-0.50778
,,-0.50792
,,-0.50806
,,-0.50820
,,-0.50835
,,-0.50848
,,-0.50863
,,-0.50877
,,-0.50891
,,-0.50906
,,-0.50920
,,-0.50934
,,-0.50949
,,-0.50964
,,-0.50979
,,-0.50994
,,-0.51009
,,-0.51024
,,-0.51039
,,-0.51054
,,-0.51069
,,-0.51084
,,-0.51099
,,-0.51114
,,-0.51128
,,-0.51142
,,-0.51156
,,-0.51171
,,-0.51185
,,-0.51199
,,-0.51212
,,-0.51227
,,-0.51241
,,-0.51255
,,-0.51269
,,-0.51283
,,-0.51298
,,-0.51313
,,-0.51328
,,-0.51342
,,-0.51357
,,-0.51372
,,-0.51387
,,-0.51402
,,-0.51417
,,-0.51433
,,-0.51447
,,-0.51462
,,-0.51477
,,-0.51491
,,-0.51505
,,-0.51519
,,-0.51533
,,-0.51547
,,-0.51560
,,-0.51574
,,-0.51588
,,-0.51602
,,-0.51616
,,-0.51630
,,-0.51645
,,-0.51659
,,-0.51674
,,-0.51688
,,-0.51703
,,-0.51718
,,-0.51733
,,-0.51748
,,-0.51763
,,-0.51778
,,-0.51793
,,-0.51808
,,-0.51823
,,-0.51837
,,-0.51852
,,-0.51866
,,-0.51880
,,-0.51894
,,-0.51908
,,-0.51922
,,-0.51935
,,-0.51949
,,-0.51963
,,-0.51977
,,-0.51992
,,-0.52006
,,-0.52020
,,-0.52035
,,-0.52050
,,-0.52064
,,-0.52079
,,-0.52094
,,-0.52109
,,-0.52124
,,-0.52139
,,-0.52154
,,-0.52169
,,-0.52184
,,-0.52199
,,-0.52213
,,-0.52227
,,-0.52241
,,-0.52255
,,-0.52269
,,-0.52283
,,-0.52297
,,-0.52311
,,-0.52325
,,-0.52339
,,-0.52353
,,-0.52368
,,-0.52382
,,-0.52397
,,-0.52411
,,-0.52426
,,-0.52441
,,-0.52456
,,-0.52471
,,-0.52486
,,-0.52501
,,-0.52516
,,-0.52531
,,-0.52546
,,-0.52561
,,-0.52576
,,-0.52590
,,-0.52604
,,-0.52618
,,-0.52632
,,-0.52645
,,-0.52659
,,-0.52673
,,-0.52687
,,-0.52701
,,-0.52716
,,-0.52730
,,-0.52745
,,-0.52759
,,-0.52774
,,-0.52789
,,-0.52804
,,-0.52819
,,-0.52834
,,-0.52849
,,-0.52864
,,-0.52879
,,-0.52894
,,-0.52909
,,-0.52924
,,-0.52938
,,-0.52952
,,-0.52967
,,-0.52981
,,-0.52995
,,-0.53008
,,-0.53022
,,-0.53036
,,-0.53050
,,-0.53064
,,-0.53078
,,-0.53093
,,-0.53108
,,-0.53122
,,-0.53137
,,-0.53151
,,-0.53166
,,-0.53181
,,-0.53196
,,-0.53211
,,-0.53227
,,-0.53242
,,-0.53257
,,-0.53272
,,-0.53286
,,-0.53301
,,-0.53316
,,-0.53330
,,-0.53344
,,-0.53358
,,-0.53371
,,-0.53385
,,-0.53399
,,-0.53413
,,-0.53428
,,-0.53442
,,-0.53457
,,-0.53471
,,-0.53485
,,-0.53500
,,-0.53515
,,-0.53529
,,-0.53544
,,-0.53559
,,-0.53574
,,-0.53589
,,-0.53604
,,-0.53619
,,-0.53634
,,-0.53648
,,-0.53663
,,-0.53677
,,-0.53691
,,-0.53706
,,-0.53719
,,-0.53733
,,-0.53747
,,-0.53761
,,-0.53775
,,-0.53789
,,-0.53803
,,-0.53817
,,-0.53832
,,-0.53846
,,-0.53861
,,-0.53875
,,-0.53890
,,-0.53905
,,-0.53919
,,-0.53934
,,-0.53949
,,-0.53964
,,-0.53979
,,-0.53994
,,-0.54009
,,-0.54023
,,-0.54038
,,-0.54052
,,-0.54066
,,-0.54080
,,-0.54093
,,-0.54107
,,-0.54121
,,-0.54135
,,-0.54149
,,-0.54163
,,-0.54177
,,-0.54191
,,-0.54206
,,-0.54220
,,-0.54235
,,-0.54250
,,-0.54265
,,-0.54280
,,-0.54294
,,-0.54309
,,-0.54324
,,-0.54339
,,-0.54354
,,-0.54368
,,-0.54383
,,-0.54397
,,-0.54411
,,-0.54425
,,-0.54439
,,-0.54452
,,-0.54466
,,-0.54480
,,-0.54494
,,-0.54508
,,-0.54521
,,-0.54536
,,-0.54550
,,-0.54564
,,-0.54579
,,-0.54594
,,-0.54608
,,-0.54623
,,-0.54638
,,-0.54653
,,-0.54668
,,-0.54683
,,-0.54698
,,-0.54713
,,-0.54728
,,-0.54742
,,-0.54757
,,-0.54772
,,-0.54786
,,-0.54799
,,-0.54813
,,-0.54827
,,-0.54841
,,-0.54855
,,-0.54869
,,-0.54883
,,-0.54897
,,-0.54911
,,-0.54926
,,-0.54940
,,-0.54955
,,-0.54970
,,-0.54985
,,-0.55000
,,-0.55015
,,-0.55030
,,-0.55045
,,-0.55060
,,-0.55075
,,-0.55090
,,-0.55105
,,-0.55119
,,-0.55133
,,-0.55147
,,-0.55161
,,-0.55174
,,-0.55187
,,-0.55200
,,-0.55213
,,-0.55226
,,-0.55239
,,-0.55251
,,-0.55264
,,-0.55276
,,-0.55288
,,-0.55300
,,-0.55312
,,-0.55323
,,-0.55335
,,-0.55346
,,-0.55357
,,-0.55368
,,-0.55379
,,-0.55390
,,-0.55401
,,-0.55411
,,-0.55422
,,-0.55432
,,-0.55442
,,-0.55453
,,-0.55463
,,-0.55473
,,-0.55484
,,-0.55494
,,-0.55504
,,-0.55514
,,-0.55524
,,-0.55534
,,-0.55544
,,-0.55553
,,-0.55562
,,-0.55571
,,-0.55580
,,-0.55589
,,-0.55597
,,-0.55605
,,-0.55613
,,-0.55621
,,-0.55629
,,-0.55636
,,-0.55643
,,-0.55650
,,-0.55657
,,-0.55664
,,-0.55671
,,-0.55678
,,-0.55686
,,-0.55693
,,-0.55700
,,-0.55708
,,-0.55715
,,-0.55723
,,-0.55730
,,-0.55737
,,-0.55744
,,-0.55752
,,-0.55758
,,-0.55764
,,-0.55770
,,-0.55776
,,-0.55781
,,-0.55786
,,-0.55791
,,-0.55795
,,-0.55799
,,-0.55804
,,-0.55807
,,-0.55811
,,-0.55815
,,-0.55819
,,-0.55822
,,-0.55826
,,-0.55830
,,-0.55835
,,-0.55839
,,-0.55844
,,-0.55848
,,-0.55853
,,-0.55858
,,-0.55863
,,-0.55867
,,-0.55871
,,-0.55875
,,-0.55878
,,-0.55881
,,-0.55884
,,-0.55886
,,-0.55888
,,-0.55890
,,-0.55892
,,-0.55893
,,-0.55895
,,-0.55895
,,-0.55897
,,-0.55898
,,-0.55899
,,-0.55900
,,-0.55901
,,-0.55903
,,-0.55904
,,-0.55905
,,-0.55907
,,-0.55909
,,-0.55911
,,-0.55912
,,-0.55914
,,-0.55915
,,-0.55916
,,-0.55917
,,-0.55917
,,-0.55917
,,-0.55917
,,-0.55917
,,-0.55916
,,-0.55915
,,-0.55913
,,-0.55911
,,-0.55909
,,-0.55908
,,-0.55906
,,-0.55905
,,-0.55903
,,-0.55901
,,-0.55900
,,-0.55899
,,-0.55898
,,-0.55897
,,-0.55895
,,-0.55895
,,-0.55893
,,-0.55892
,,-0.55891
,,-0.55889
,,-0.55887
,,-0.55884
,,-0.55882
,,-0.55879
,,-0.55875
,,-0.55872
,,-0.55868
,,-0.55864
,,-0.55860
,,-0.55855
,,-0.55851
,,-0.55846
,,-0.55842
,,-0.55837
,,-0.55833
,,-0.55829
,,-0.55824
,,-0.55820
,,-0.55817
,,-0.55813
,,-0.55809
,,-0.55805
,,-0.55801
,,-0.55797
,,-0.55792
,,-0.55787
,,-0.55782
,,-0.55776
,,-0.55770
,,-0.55764
,,-0.55757
,,-0.55751
,,-0.55744
,,-0.55737
,,-0.55729
,,-0.55722
,,-0.55715
,,-0.55708
,,-0.55700
,,-0.55693
,,-0.55686
,,-0.55679
,,-0.55672
,,-0.55665
,,-0.55659
,,-0.55652
,,-0.55645
,,-0.55638
,,-0.55631
,,-0.55624
,,-0.55616
,,-0.55608
,,-0.55600
,,-0.55591
,,-0.55582
,,-0.55572
,,-0.55563
,,-0.55553
,,-0.55543
,,-0.55533
,,-0.55522
,,-0.55512
,,-0.55502
,,-0.55492
,,-0.55482
,,-0.55472
,,-0.55462
,,-0.55453
,,-0.55443
,,-0.55433
,,-0.55424
,,-0.55414
,,-0.55405
,,-0.55395
,,-0.55385
,,-0.55374
,,-0.55363
,,-0.55352
,,-0.55341
,,-0.55329
,,-0.55317
,,-0.55304
,,-0.55292
,,-0.55279
,,-0.55266
,,-0.55253
,,-0.55240
,,-0.55227
,,-0.55214
,,-0.55201
,,-0.55188
,,-0.55175
,,-0.55163
,,-0.55151
,,-0.55138
,,-0.55126
,,-0.55113
,,-0.55101
,,-0.55088
,,-0.55075
,,-0.55062
,,-0.55049
,,-0.55035
,,-0.55020
,,-0.55006
,,-0.54991
,,-0.54976
,,-0.54960
,,-0.54945
,,-0.54929
,,-0.54913
,,-0.54897
,,-0.54881
,,-0.54865
,,-0.54849
,,-0.54834
,,-0.54818
,,-0.54803
,,-0.54788
,,-0.54774
,,-0.54760
,,-0.54745
,,-0.54731
,,-0.54717
,,-0.54703
,,-0.54689
,,-0.54675
,,-0.54661
,,-0.54647
,,-0.54632
,,-0.54618
,,-0.54603
,,-0.54589
,,-0.54574
,,-0.54559
,,-0.54545
,,-0.54531
,,-0.54516
,,-0.54502
,,-0.54487
,,-0.54473
,,-0.54458
,,-0.54444
,,-0.54429
,,-0.54415
,,-0.54400
,,-0.54386
,,-0.54371
,,-0.54357
,,-0.54343
,,-0.54328
,,-0.54314
,,-0.54300
,,-0.54286
,,-0.54271
,,-0.54257
,,-0.54243
,,-0.54228
,,-0.54214
,,-0.54200
,,-0.54185
,,-0.54171
,,-0.54157
,,-0.54143
,,-0.54129
,,-0.54115
,,-0.54101
,,-0.54087
,,-0.54073
,,-0.54059
,,-0.54045
,,-0.54030
,,-0.54016
,,-0.54001
,,-0.53987
,,-0.53972
,,-0.53958
,,-0.53943
,,-0.53928
,,-0.53913
,,-0.53899
,,-0.53884
,,-0.53870
,,-0.53856
,,-0.53842
,,-0.53828
,,-0.53814
,,-0.53800
,,-0.53786
,,-0.53773
,,-0.53759
,,-0.53746
,,-0.53732
,,-0.53718
,,-0.53704
,,-0.53690
,,-0.53676
,,-0.53662
,,-0.53648
,,-0.53633
,,-0.53618
,,-0.53603
,,-0.53588
,,-0.53573
,,-0.53558
,,-0.53543
,,-0.53528
,,-0.53513
,,-0.53498
,,-0.53484
,,-0.53470
,,-0.53456
,,-0.53442
,,-0.53428
,,-0.53414
,,-0.53401
,,-0.53387
,,-0.53373
,,-0.53359
,,-0.53345
,,-0.53331
,,-0.53317
,,-0.53302
,,-0.53288
,,-0.53274
,,-0.53259
,,-0.53244
,,-0.53229
,,-0.53214
,,-0.53199
,,-0.53184
,,-0.53169
,,-0.53154
,,-0.53139
,,-0.53125
,,-0.53110
,,-0.53096
,,-0.53082
,,-0.53068
,,-0.53055
,,-0.53041
,,-0.53027
,,-0.53014
,,-0.53000
,,-0.52986
,,-0.52972
,,-0.52958
,,-0.52943
,,-0.52929
,,-0.52914
,,-0.52900
,,-0.52885
,,-0.52870
,,-0.52854
,,-0.52839
,,-0.52824
,,-0.52809
,,-0.52794
,,-0.52780
,,-0.52765
,,-0.52751
,,-0.52737
,,-0.52723
,,-0.52709
,,-0.52695
,,-0.52681
,,-0.52667
,,-0.52653
,,-0.52640
,,-0.52626
,,-0.52612
,,-0.52598
,,-0.52583
,,-0.52569
,,-0.52555
,,-0.52540
,,-0.52525
,,-0.52511
,,-0.52496
,,-0.52480
,,-0.52465
,,-0.52451
,,-0.52436
,,-0.52421
,,-0.52407
,,-0.52393
,,-0.52379
,,-0.52365
,,-0.52351
,,-0.52337
,,-0.52323
,,-0.52310
,,-0.52296
,,-0.52282
,,-0.52267
,,-0.52254
,,-0.52240
,,-0.52226
,,-0.52211
,,-0.52197
,,-0.52182
,,-0.52167
,,-0.52152
,,-0.52138
,,-0.52123
,,-0.52108
,,-0.52093
,,-0.52078
,,-0.52064
,,-0.52050
,,-0.52035
,,-0.52022
,,-0.52008
,,-0.51994
,,-0.51980
,,-0.51967
,,-0.51953
,,-0.51939
,,-0.51926
,,-0.51912
,,-0.51898
,,-0.51884
,,-0.51870
,,-0.51856
,,-0.51842
,,-0.51827
,,-0.51813
,,-0.51798
,,-0.51783
,,-0.51768
,,-0.51753
,,-0.51738
,,-0.51723
,,-0.51709
,,-0.51694
,,-0.51680
,,-0.51666
,,-0.51652
,,-0.51639
,,-0.51625
,,-0.51611
,,-0.51597
,,-0.51583
,,-0.51570
,,-0.51556
,,-0.51542
,,-0.51528
,,-0.51514
,,-0.51500
,,-0.51486
,,-0.51471
,,-0.51457
,,-0.51442
,,-0.51427
,,-0.51412
,,-0.51397
,,-0.51382
,,-0.51367
,,-0.51353
,,-0.51338
,,-0.51324
,,-0.51310
,,-0.51296
,,-0.51282
,,-0.51268
,,-0.51254
,,-0.51241
,,-0.51227
,,-0.51213
,,-0.51200
,,-0.51186
,,-0.51172
,,-0.51158
,,-0.51144
,,-0.51129
,,-0.51115
,,-0.51100
,,-0.51085
,,-0.51070
,,-0.51055
,,-0.51041
,,-0.51026
,,-0.51011
,,-0.50996
,,-0.50981
,,-0.50967
,,-0.50953
,,-0.50939
,,-0.50925
,,-0.50911
,,-0.50897
,,-0.50883
,,-0.50869
,,-0.50856
,,-0.50842
,,-0.50828
,,-0.50813
,,-0.50799
,,-0.50785
,,-0.50771
,,-0.50757
,,-0.50742
,,-0.50727
,,-0.50712
,,-0.50697
,,-0.50682
,,-0.50668
,,-0.50653
,,-0.50638
,,-0.50623
,,-0.50609
,,-0.50594
,,-0.50580
,,-0.50566
,,-0.50552
,,-0.50538
,,-0.50525
,,-0.50511
,,-0.50497
,,-0.50483
,,-0.50469
,,-0.50455
,,-0.50441
,,-0.50427
,,-0.50413
,,-0.50398
,,-0.50384
,,-0.50369
,,-0.50354
,,-0.50339
,,-0.50324
,,-0.50309
,,-0.50294
,,-0.50279
,,-0.50265
,,-0.50250
,,-0.50236
,,-0.50222
,,-0.50208
,,-0.50194
,,-0.50180
,,-0.50166
,,-0.50153
,,-0.50139
,,-0.50125
,,-0.50111
,,-0.50097
,,-0.50083
,,-0.50069
,,-0.50055
,,-0.50040
,,-0.50026
,,-0.50011
,,-0.49996
,,-0.49981
,,-0.49966
,,-0.49951
,,-0.49936
,,-0.49922
,,-0.49907
,,-0.49893
,,-0.49879
,,-0.49865
,,-0.49851
,,-0.49837
,,-0.49823
,,-0.49809
,,-0.49796
,,-0.49782
,,-0.49768
,,-0.49754
,,-0.49740
,,-0.49726
,,-0.49712
,,-0.49697
,,-0.49683
,,-0.49669
,,-0.49654
,,-0.49639
,,-0.49624
,,-0.49610
,,-0.49595
,,-0.49580
,,-0.49565
,,-0.49550
,,-0.49536
,,-0.49522
,,-0.49508
,,-0.49494
,,-0.49480
,,-0.49466
,,-0.49453
,,-0.49439
,,-0.49425
,,-0.49411
,,-0.49397
,,-0.49383
,,-0.49369
,,-0.49355
,,-0.49341
,,-0.49326
,,-0.49312
,,-0.49297
,,-0.49283
,,-0.49268
,,-0.49253
,,-0.49238
,,-0.49223
,,-0.49209
,,-0.49194
,,-0.49180
,,-0.49166
,,-0.49152
,,-0.49138
,,-0.49124
,,-0.49110
,,-0.49096
,,-0.49083
,,-0.49069
,,-0.49055
,,-0.49041
,,-0.49027
,,-0.49013
,,-0.49000
,,-0.48985
,,-0.48971
,,-0.48957
,,-0.48942
,,-0.48927
,,-0.48912
,,-0.48897
,,-0.48882
,,-0.48867
,,-0.48853
,,-0.48838
,,-0.48823
,,-0.48809
,,-0.48795
,,-0.48781
,,-0.48767
,,-0.48753
,,-0.48739
,,-0.48725
,,-0.48712
,,-0.48698
,,-0.48684
,,-0.48670
,,-0.48656
,,-0.48642
,,-0.48628
,,-0.48614
,,-0.48599
,,-0.48584
,,-0.48569
,,-0.48554
,,-0.48539
,,-0.48524
,,-0.48509
,,-0.48495
,,-0.48480
,,-0.48465
,,-0.48451
,,-0.48437
,,-0.48423
,,-0.48409
,,-0.48395
,,-0.48381
,,-0.48367
,,-0.48353
,,-0.48339
,,-0.48326
,,-0.48312
,,-0.48297
,,-0.48283
,,-0.48269
,,-0.48255
,,-0.48240
,,-0.48225
,,-0.48210
,,-0.48195
,,-0.48180
,,-0.48165
,,-0.48151
,,-0.48136
,,-0.48121
,,-0.48106
,,-0.48092
,,-0.48077
,,-0.48063
,,-0.48050
,,-0.48036
,,-0.48022
,,-0.48008
,,-0.47994
,,-0.47980
,,-0.47966
,,-0.47953
,,-0.47939
,,-0.47924
,,-0.47910
,,-0.47896
,,-0.47881
,,-0.47867
,,-0.47852
,,-0.47837
,,-0.47822
,,-0.47807
,,-0.47791
,,-0.47777
,,-0.47762
,,-0.47747
,,-0.47733
,,-0.47718
,,-0.47704
,,-0.47690
,,-0.47676
,,-0.47662
,,-0.47648
,,-0.47635
,,-0.47621
,,-0.47607
,,-0.47593
,,-0.47579
,,-0.47564
,,-0.47550
,,-0.47536
,,-0.47522
,,-0.47507
,,-0.47492
,,-0.47477
,,-0.47462
,,-0.47447
,,-0.47433
,,-0.47418
,,-0.47403
,,-0.47388
,,-0.47374
,,-0.47359
,,-0.47345
,,-0.47331
,,-0.47317
,,-0.47304
,,-0.47290
,,-0.47276
,,-0.47262
,,-0.47249
,,-0.47235
,,-0.47221
,,-0.47207
,,-0.47193
,,-0.47178
,,-0.47164
,,-0.47150
,,-0.47135
,,-0.47120
,,-0.47105
,,-0.47090
,,-0.47075
,,-0.47060
,,-0.47046
,,-0.47031
,,-0.47017
,,-0.47002
,,-0.46988
,,-0.46974
,,-0.46960
,,-0.46946
,,-0.46933
,,-0.46919
,,-0.46905
,,-0.46892
,,-0.46878
,,-0.46864
,,-0.46850
,,-0.46836
,,-0.46822
,,-0.46807
,,-0.46793
,,-0.46778
,,-0.46763
,,-0.46749
,,-0.46734
,,-0.46718
,,-0.46704
,,-0.46689
,,-0.46674
,,-0.46660
,,-0.46645
,,-0.46631
,,-0.46617
,,-0.46603
,,-0.46589
,,-0.46576
,,-0.46562
,,-0.46548
,,-0.46534
,,-0.46520
,,-0.46506
,,-0.46492
,,-0.46478
,,-0.46464
,,-0.46449
,,-0.46435
,,-0.46421
,,-0.46406
,,-0.46391
,,-0.46376
,,-0.46361
,,-0.46346
,,-0.46331
,,-0.46316
,,-0.46302
,,-0.46288
,,-0.46273
,,-0.46259
,,-0.46245
,,-0.46231
,,-0.46217
,,-0.46203
,,-0.46190
,,-0.46176
,,-0.46162
,,-0.46148
,,-0.46133
,,-0.46119
,,-0.46105
,,-0.46091
,,-0.46076
,,-0.46061
,,-0.46047
,,-0.46032
,,-0.46017
,,-0.46002
,,-0.45987
,,-0.45972
,,-0.45957
,,-0.45942
,,-0.45928
,,-0.45913
,,-0.45899
,,-0.45885
,,-0.45872
,,-0.45858
,,-0.45844
,,-0.45830
,,-0.45816
,,-0.45802
,,-0.45788
,,-0.45774
,,-0.45760
,,-0.45746
,,-0.45731
,,-0.45717
,,-0.45702
,,-0.45687
,,-0.45672
,,-0.45657
,,-0.45642
,,-0.45627
,,-0.45612
,,-0.45597
,,-0.45583
,,-0.45568
,,-0.45554
,,-0.45539
,,-0.45525
,,-0.45511
,,-0.45497
,,-0.45483
,,-0.45469
,,-0.45455
,,-0.45441
,,-0.45427
,,-0.45413
,,-0.45399
,,-0.45385
,,-0.45370
,,-0.45355
,,-0.45340
,,-0.45325
,,-0.45311
,,-0.45296
,,-0.45280
,,-0.45265
,,-0.45250
,,-0.45235
,,-0.45221
,,-0.45206
,,-0.45192
,,-0.45178
,,-0.45164
,,-0.45150
,,-0.45136
,,-0.45122
,,-0.45109
,,-0.45095
,,-0.45081
,,-0.45067
,,-0.45052
,,-0.45038
,,-0.45024
,,-0.45010
,,-0.44995
,,-0.44981
,,-0.44966
,,-0.44951
,,-0.44936
,,-0.44921
,,-0.44906
,,-0.44891
,,-0.44876
,,-0.44862
,,-0.44847
,,-0.44833
,,-0.44819
,,-0.44805
,,-0.44791
,,-0.44777
,,-0.44764
,,-0.44749
,,-0.44736
,,-0.44722
,,-0.44708
,,-0.44694
,,-0.44680
,,-0.44666
,,-0.44651
,,-0.44637
,,-0.44622
,,-0.44608
,,-0.44593
,,-0.44578
,,-0.44563
,,-0.44548
,,-0.44533
,,-0.44518
,,-0.44503
,,-0.44489
,,-0.44474
,,-0.44460
,,-0.44446
,,-0.44432
,,-0.44419
,,-0.44405
,,-0.44391
,,-0.44377
,,-0.44363
,,-0.44349
,,-0.44335
,,-0.44321
,,-0.44307
,,-0.44293
,,-0.44278
,,-0.44264
,,-0.44249
,,-0.44234
,,-0.44219
,,-0.44205
,,-0.44190
,,-0.44175
,,-0.44160
,,-0.44145
,,-0.44131
,,-0.44117
,,-0.44103
,,-0.44088
,,-0.44074
,,-0.44060
,,-0.44047
,,-0.44033
,,-0.44019
,,-0.44005
,,-0.43992
,,-0.43978
,,-0.43963
,,-0.43949
,,-0.43935
,,-0.43921
,,-0.43906
,,-0.43892
,,-0.43877
,,-0.43862
,,-0.43847
,,-0.43832
,,-0.43817
,,-0.43802
,,-0.43788
,,-0.43773
,,-0.43758
,,-0.43744
,,-0.43730
,,-0.43716
,,-0.43702
,,-0.43688
,,-0.43675
,,-0.43661
,,-0.43647
,,-0.43633
,,-0.43619
,,-0.43605
,,-0.43591
,,-0.43576
,,-0.43562
,,-0.43547
,,-0.43532
,,-0.43517
,,-0.43502
,,-0.43487
,,-0.43472
,,-0.43457
,,-0.43442
,,-0.43427
,,-0.43413
,,-0.43398
,,-0.43384
,,-0.43370
,,-0.43356
,,-0.43341
,,-0.43328
,,-0.43314
,,-0.43300
,,-0.43286
,,-0.43272
,,-0.43258
,,-0.43244
,,-0.43229
,,-0.43215
,,-0.43200
,,-0.43186
,,-0.43171
,,-0.43156
,,-0.43141
,,-0.43126
,,-0.43111
,,-0.43096
,,-0.43081
,,-0.43066
,,-0.43052
,,-0.43038
,,-0.43023
,,-0.43009
,,-0.42995
,,-0.42981
,,-0.42967
,,-0.42954
,,-0.42940
,,-0.42926
,,-0.42912
,,-0.42898
,,-0.42884
,,-0.42870
,,-0.42856
,,-0.42841
,,-0.42826
,,-0.42812
,,-0.42797
,,-0.42782
,,-0.42767
,,-0.42752
,,-0.42737
,,-0.42722
,,-0.42707
,,-0.42692
,,-0.42678
,,-0.42663
,,-0.42649
,,-0.42635
,,-0.42621
,,-0.42608
,,-0.42594
,,-0.42580
,,-0.42566
,,-0.42552
,,-0.42538
,,-0.42524
,,-0.42510
,,-0.42496
,,-0.42482
,,-0.42467
,,-0.42453
,,-0.42438
,,-0.42424
,,-0.42409
,,-0.42394
,,-0.42379
,,-0.42364
,,-0.42350
,,-0.42336
,,-0.42321
,,-0.42307
,,-0.42293
,,-0.42279
,,-0.42265
,,-0.42251
,,-0.42237
,,-0.42224
,,-0.42210
,,-0.42196
,,-0.42182
,,-0.42168
,,-0.42154
,,-0.42140
,,-0.42126
,,-0.42111
,,-0.42097
,,-0.42082
,,-0.42067
,,-0.42052
,,-0.42038
,,-0.42022
,,-0.42008
,,-0.41993
,,-0.41978
,,-0.41964
,,-0.41949
,,-0.41935
,,-0.41921
,,-0.41907
,,-0.41894
,,-0.41880
,,-0.41866
,,-0.41852
,,-0.41839
,,-0.41825
,,-0.41811
,,-0.41797
,,-0.41782
,,-0.41768
,,-0.41754
,,-0.41740
,,-0.41725
,,-0.41710
,,-0.41695
,,-0.41681
,,-0.41666
,,-0.41651
,,-0.41636
,,-0.41621
,,-0.41607
,,-0.41592
,,-0.41578
,,-0.41564
,,-0.41550
,,-0.41537
,,-0.41523
,,-0.41509
,,-0.41495
,,-0.41481
,,-0.41468
,,-0.41454
,,-0.41440
,,-0.41425
,,-0.41411
,,-0.41397
,,-0.41382
,,-0.41368
,,-0.41353
,,-0.41338
,,-0.41323
,,-0.41309
,,-0.41294
,,-0.41279
,,-0.41264
,,-0.41249
,,-0.41235
,,-0.41220
,,-0.41207
,,-0.41192
,,-0.41179
,,-0.41165
,,-0.41151
,,-0.41137
,,-0.41123
,,-0.41109
,,-0.41095
,,-0.41081
,,-0.41067
,,-0.41053
,,-0.41038
,,-0.41024
,,-0.41009
,,-0.40994
,,-0.40979
,,-0.40964
,,-0.40949
,,-0.40934
,,-0.40919
,,-0.40904
,,-0.40890
,,-0.40875
,,-0.40861
,,-0.40847
,,-0.40833
,,-0.40820
,,-0.40806
,,-0.40792
,,-0.40778
,,-0.40764
,,-0.40750
,,-0.40736
,,-0.40722
,,-0.40708
,,-0.40694
,,-0.40679
,,-0.40665
,,-0.40650
,,-0.40635
,,-0.40620
,,-0.40606
,,-0.40591
,,-0.40575
,,-0.40561
,,-0.40546
,,-0.40531
,,-0.40516
,,-0.40502
,,-0.40488
,,-0.40474
,,-0.40460
,,-0.40446
,,-0.40432
,,-0.40419
,,-0.40405
,,-0.40391
,,-0.40377
,,-0.40363
,,-0.40349
,,-0.40334
,,-0.40320
,,-0.40305
,,-0.40291
,,-0.40276
,,-0.40261
,,-0.40246
,,-0.40231
,,-0.40216
,,-0.40201
,,-0.40186
,,-0.40172
,,-0.40157
,,-0.40143
,,-0.40129
,,-0.40115
,,-0.40101
,,-0.40088
,,-0.40074
,,-0.40060
,,-0.40046
,,-0.40032
,,-0.40018
,,-0.40004
,,-0.39990
,,-0.39976
,,-0.39962
,,-0.39948
,,-0.39933
,,-0.39918
,,-0.39903
,,-0.39889
,,-0.39874
,,-0.39859
,,-0.39844
,,-0.39830
,,-0.39815
,,-0.39801
,,-0.39787
,,-0.39772
,,-0.39758
,,-0.39744
,,-0.39731
,,-0.39717
,,-0.39703
,,-0.39689
,,-0.39676
,,-0.39662
,,-0.39648
,,-0.39634
,,-0.39620
,,-0.39606
,,-0.39591
,,-0.39577
,,-0.39562
,,-0.39548
,,-0.39533
,,-0.39518
,,-0.39503
,,-0.39488
,,-0.39474
,,-0.39459
,,-0.39444
,,-0.39430
,,-0.39416
,,-0.39402
,,-0.39388
,,-0.39374
,,-0.39360
,,-0.39346
,,-0.39332
,,-0.39318
,,-0.39304
,,-0.39290
,,-0.39276
,,-0.39262
,,-0.39248
,,-0.39233
,,-0.39219
,,-0.39204
,,-0.39189
,,-0.39174
,,-0.39159
,,-0.39144
,,-0.39129
,,-0.39114
,,-0.39100
,,-0.39085
,,-0.39071
,,-0.39057
,,-0.39043
,,-0.39029
,,-0.39015
,,-0.39001
,,-0.38987
,,-0.38973
,,-0.38959
,,-0.38945
,,-0.38931
,,-0.38917
,,-0.38903
,,-0.38888
,,-0.38874
,,-0.38859
,,-0.38845
,,-0.38830
,,-0.38815
,,-0.38800
,,-0.38785
,,-0.38770
,,-0.38755
,,-0.38740
,,-0.38726
,,-0.38711
,,-0.38696
,,-0.38682
,,-0.38668
,,-0.38654
,,-0.38640
,,-0.38626
,,-0.38612
,,-0.38598
,,-0.38584
,,-0.38570
,,-0.38556
,,-0.38542
,,-0.38527
,,-0.38513
,,-0.38498
,,-0.38483
,,-0.38469
,,-0.38454
,,-0.38439
,,-0.38424
,,-0.38409
,,-0.38394
,,-0.38380
,,-0.38365
,,-0.38351
,,-0.38337
,,-0.38322
,,-0.38308
,,-0.38294
,,-0.38281
,,-0.38267
,,-0.38253
,,-0.38239
,,-0.38225
,,-0.38211
,,-0.38197
,,-0.38183
,,-0.38168
,,-0.38154
,,-0.38140
,,-0.38125
,,-0.38110
,,-0.38096
,,-0.38080
,,-0.38065
,,-0.38050
,,-0.38036
,,-0.38021
,,-0.38006
,,-0.37992
,,-0.37978
,,-0.37963
,,-0.37950
,,-0.37936
,,-0.37922
,,-0.37908
,,-0.37894
,,-0.37880
,,-0.37866
,,-0.37852
,,-0.37838
,,-0.37824
,,-0.37809
,,-0.37795
,,-0.37780
,,-0.37766
,,-0.37751
,,-0.37736
,,-0.37721
,,-0.37706
,,-0.37691
,,-0.37676
,,-0.37662
,,-0.37647
,,-0.37633
,,-0.37619
,,-0.37605
,,-0.37591
,,-0.37577
,,-0.37563
,,-0.37549
,,-0.37535
,,-0.37521
,,-0.37507
,,-0.37494
,,-0.37479
,,-0.37465
,,-0.37451
,,-0.37437
,,-0.37422
,,-0.37408
,,-0.37393
,,-0.37379
,,-0.37364
,,-0.37349
,,-0.37334
,,-0.37319
,,-0.37305
,,-0.37290
,,-0.37275
,,-0.37261
,,-0.37247
,,-0.37233
,,-0.37219
,,-0.37205
,,-0.37191
,,-0.37177
,,-0.37163
,,-0.37149
,,-0.37135
,,-0.37121
,,-0.37107
,,-0.37093
,,-0.37079
,,-0.37064
,,-0.37050
,,-0.37035
,,-0.37020
,,-0.37006
,,-0.36991
,,-0.36976
,,-0.36961
,,-0.36946
,,-0.36931
,,-0.36917
,,-0.36903
,,-0.36888
,,-0.36874
,,-0.36860
,,-0.36847
,,-0.36833
,,-0.36819
,,-0.36805
,,-0.36791
,,-0.36777
,,-0.36763
,,-0.36749
,,-0.36734
,,-0.36720
,,-0.36706
,,-0.36691
,,-0.36676
,,-0.36661
,,-0.36646
,,-0.36632
,,-0.36617
,,-0.36602
,,-0.36587
,,-0.36573
,,-0.36558
,,-0.36544
,,-0.36529
,,-0.36515
,,-0.36501
,,-0.36487
,,-0.36473
,,-0.36459
,,-0.36445
,,-0.36431
,,-0.36417
,,-0.36403
,,-0.36389
,,-0.36375
,,-0.36360
,,-0.36346
,,-0.36331
,,-0.36317
,,-0.36302
,,-0.36286
,,-0.36272
,,-0.36257
,,-0.36242
,,-0.36227
,,-0.36212
,,-0.36198
,,-0.36183
,,-0.36169
,,-0.36155
,,-0.36141
,,-0.36127
,,-0.36113
,,-0.36099
,,-0.36085
,,-0.36072
,,-0.36058
,,-0.36043
,,-0.36029
,,-0.36015
,,-0.36001
,,-0.35986
,,-0.35971
,,-0.35957
,,-0.35942
,,-0.35927
,,-0.35912
,,-0.35897
,,-0.35882
,,-0.35867
,,-0.35852
,,-0.35838
,,-0.35823
,,-0.35809
,,-0.35795
,,-0.35781
,,-0.35767
,,-0.35753
,,-0.35739
,,-0.35725
,,-0.35711
,,-0.35697
,,-0.35683
,,-0.35669
,,-0.35655
,,-0.35641
,,-0.35627
,,-0.35612
,,-0.35597
,,-0.35583
,,-0.35568
,,-0.35553
,,-0.35538
,,-0.35523
,,-0.35509
,,-0.35494
,,-0.35480
,,-0.35465
,,-0.35451
,,-0.35437
,,-0.35423
,,-0.35410
,,-0.35396
,,-0.35382
,,-0.35368
,,-0.35354
,,-0.35340
,,-0.35326
,,-0.35312
,,-0.35298
,,-0.35284
,,-0.35270
,,-0.35255
,,-0.35241
,,-0.35226
,,-0.35211
,,-0.35196
,,-0.35182
,,-0.35167
,,-0.35152
,,-0.35138
,,-0.35123
,,-0.35109
,,-0.35095
,,-0.35081
,,-0.35067
,,-0.35053
,,-0.35040
,,-0.35026
,,-0.35012
,,-0.34998
,,-0.34985
,,-0.34971
,,-0.34957
,,-0.34943
,,-0.34928
,,-0.34914
,,-0.34900
,,-0.34886
,,-0.34871
,,-0.34856
,,-0.34841
,,-0.34827
,,-0.34812
,,-0.34797
,,-0.34782
,,-0.34768
,,-0.34753
,,-0.34739
,,-0.34725
,,-0.34711
,,-0.34697
,,-0.34684
,,-0.34670
,,-0.34656
,,-0.34642
,,-0.34628
,,-0.34614
,,-0.34600
,,-0.34586
,,-0.34572
,,-0.34558
,,-0.34543
,,-0.34528
,,-0.34514
,,-0.34499
,,-0.34485
,,-0.34470
,,-0.34455
,,-0.34440
,,-0.34425
,,-0.34411
,,-0.34396
,,-0.34382
,,-0.34368
,,-0.34354
,,-0.34340
,,-0.34326
,,-0.34312
,,-0.34298
,,-0.34284
,,-0.34270
,,-0.34256
,,-0.34242
,,-0.34228
,,-0.34214
,,-0.34200
,,-0.34185
,,-0.34171
,,-0.34156
,,-0.34142
,,-0.34127
,,-0.34112
,,-0.34097
,,-0.34082
,,-0.34068
,,-0.34053
,,-0.34039
,,-0.34025
,,-0.34011
,,-0.33996
,,-0.33982
,,-0.33968
,,-0.33955
,,-0.33941
,,-0.33927
,,-0.33913
,,-0.33899
,,-0.33885
,,-0.33871
,,-0.33857
,,-0.33843
,,-0.33828
,,-0.33814
,,-0.33799
,,-0.33784
,,-0.33770
,,-0.33755
,,-0.33740
,,-0.33725
,,-0.33710
,,-0.33695
,,-0.33681
,,-0.33666
,,-0.33652
,,-0.33638
,,-0.33624
,,-0.33610
,,-0.33597
,,-0.33583
,,-0.33569
,,-0.33555
,,-0.33541
,,-0.33527
,,-0.33513
,,-0.33499
,,-0.33485
,,-0.33471
,,-0.33456
,,-0.33442
,,-0.33427
,,-0.33412
,,-0.33397
,,-0.33383
,,-0.33368
,,-0.33353
,,-0.33339
,,-0.33324
,,-0.33310
,,-0.33295
,,-0.33282
,,-0.33268
,,-0.33254
,,-0.33240
,,-0.33226
,,-0.33212
,,-0.33199
,,-0.33185
,,-0.33171
,,-0.33157
,,-0.33143
,,-0.33129
,,-0.33114
,,-0.33100
,,-0.33085
,,-0.33071
,,-0.33056
,,-0.33041
,,-0.33027
,,-0.33012
,,-0.32998
,,-0.32983
,,-0.32968
,,-0.32954
,,-0.32940
,,-0.32926
,,-0.32912
,,-0.32898
,,-0.32885
,,-0.32871
,,-0.32857
,,-0.32844
,,-0.32830
,,-0.32816
,,-0.32802
,,-0.32788
,,-0.32774
,,-0.32759
,,-0.32745
,,-0.32730
,,-0.32716
,,-0.32701
,,-0.32687
,,-0.32672
,,-0.32657
,,-0.32642
,,-0.32628
,,-0.32613
,,-0.32599
,,-0.32585
,,-0.32571
,,-0.32557
,,-0.32543
,,-0.32529
,,-0.32515
,,-0.32502
,,-0.32488
,,-0.32475
,,-0.32460
,,-0.32446
,,-0.32432
,,-0.32418
,,-0.32404
,,-0.32390
,,-0.32376
,,-0.32361
,,-0.32346
,,-0.32332
,,-0.32317
,,-0.32302
,,-0.32288
,,-0.32273
,,-0.32259
,,-0.32244
,,-0.32230
,,-0.32216
,,-0.32203
,,-0.32189
,,-0.32175
,,-0.32161
,,-0.32147
,,-0.32133
,,-0.32120
,,-0.32106
,,-0.32092
,,-0.32078
,,-0.32064
,,-0.32050
,,-0.32036
,,-0.32021
,,-0.32007
,,-0.31992
,,-0.31977
,,-0.31963
,,-0.31948
,,-0.31933
,,-0.31918
,,-0.31904
,,-0.31889
,,-0.31875
,,-0.31861
,,-0.31847
,,-0.31833
,,-0.31819
,,-0.31805
,,-0.31791
,,-0.31778
,,-0.31764
,,-0.31750
,,-0.31736
,,-0.31722
,,-0.31708
,,-0.31694
,,-0.31679
,,-0.31665
,,-0.31650
,,-0.31636
,,-0.31621
,,-0.31607
,,-0.31592
,,-0.31577
,,-0.31562
,,-0.31548
,,-0.31533
,,-0.31519
,,-0.31505
,,-0.31491
,,-0.31477
,,-0.31463
,,-0.31449
,,-0.31435
,,-0.31421
,,-0.31407
,,-0.31393
,,-0.31379
,,-0.31365
,,-0.31351
,,-0.31337
,,-0.31323
,,-0.31308
,,-0.31294
,,-0.31279
,,-0.31264
,,-0.31249
,,-0.31234
,,-0.31220
,,-0.31205
,,-0.31190
,,-0.31176
,,-0.31162
,,-0.31148
,,-0.31134
,,-0.31120
,,-0.31106
,,-0.31092
,,-0.31079
,,-0.31065
,,-0.31051
,,-0.31037
,,-0.31023
,,-0.31009
,,-0.30995
,,-0.30981
,,-0.30966
,,-0.30952
,,-0.30938
,,-0.30923
,,-0.30908
,,-0.30894
,,-0.30879
,,-0.30864
,,-0.30849
,,-0.30835
,,-0.30820
,,-0.30806
,,-0.30792
,,-0.30778
,,-0.30764
,,-0.30750
,,-0.30737
,,-0.30723
,,-0.30709
,,-0.30695
,,-0.30682
,,-0.30668
,,-0.30654
,,-0.30640
,,-0.30625
,,-0.30611
,,-0.30597
,,-0.30582
,,-0.30568
,,-0.30553
,,-0.30539
,,-0.30524
,,-0.30510
,,-0.30495
,,-0.30480
,,-0.30465
,,-0.30451
,,-0.30437
,,-0.30423
,,-0.30409
,,-0.30395
,,-0.30382
,,-0.30368
,,-0.30354
,,-0.30340
,,-0.30327
,,-0.30313
,,-0.30299
,,-0.30285
,,-0.30270
,,-0.30256
,,-0.30242
,,-0.30228
,,-0.30213
,,-0.30199
,,-0.30184
,,-0.30170
,,-0.30155
,,-0.30140
,,-0.30126
,,-0.30112
,,-0.30097
,,-0.30083
,,-0.30069
,,-0.30056
,,-0.30042
,,-0.30028
,,-0.30014
,,-0.30000
,,-0.29986
,,-0.29972
,,-0.29959
,,-0.29945
,,-0.29931
,,-0.29917
,,-0.29903
,,-0.29888
,,-0.29874
,,-0.29859
,,-0.29844
,,-0.29830
,,-0.29815
,,-0.29801
,,-0.29786
,,-0.29772
,,-0.29757
,,-0.29742
,,-0.29728
,,-0.29714
,,-0.29700
,,-0.29686
,,-0.29672
,,-0.29658
,,-0.29645
,,-0.29631
,,-0.29617
,,-0.29603
,,-0.29589
,,-0.29575
,,-0.29561
,,-0.29547
,,-0.29533
,,-0.29518
,,-0.29504
,,-0.29489
,,-0.29475
,,-0.29460
,,-0.29445
,,-0.29430
,,-0.29416
,,-0.29401
,,-0.29387
,,-0.29373
,,-0.29359
,,-0.29345
,,-0.29331
,,-0.29317
,,-0.29303
,,-0.29290
,,-0.29276
,,-0.29262
,,-0.29248
,,-0.29234
,,-0.29220
,,-0.29206
,,-0.29192
,,-0.29177
,,-0.29163
,,-0.29148
,,-0.29134
,,-0.29119
,,-0.29104
,,-0.29090
,,-0.29075
,,-0.29060
,,-0.29046
,,-0.29032
,,-0.29018
,,-0.29003
,,-0.28989
,,-0.28975
,,-0.28961
,,-0.28947
,,-0.28933
,,-0.28920
,,-0.28906
,,-0.28892
,,-0.28878
,,-0.28864
,,-0.28849
,,-0.28835
,,-0.28821
,,-0.28807
,,-0.28792
,,-0.28777
,,-0.28763
,,-0.28748
,,-0.28733
,,-0.28719
,,-0.28704
,,-0.28690
,,-0.28675
,,-0.28661
,,-0.28647
,,-0.28633
,,-0.28619
,,-0.28605
,,-0.28591
,,-0.28578
,,-0.28564
,,-0.28550
,,-0.28536
,,-0.28522
,,-0.28508
,,-0.28494
,,-0.28480
,,-0.28465
,,-0.28451
,,-0.28437
,,-0.28422
,,-0.28407
,,-0.28392
,,-0.28378
,,-0.28363
,,-0.28348
,,-0.28334
,,-0.28319
,,-0.28305
,,-0.28291
,,-0.28277
,,-0.28263
,,-0.28249
,,-0.28235
,,-0.28221
,,-0.28208
,,-0.28194
,,-0.28180
,,-0.28167
,,-0.28152
,,-0.28139
,,-0.28124
,,-0.28110
,,-0.28096
,,-0.28081
,,-0.28067
,,-0.28052
,,-0.28038
,,-0.28023
,,-0.28008
,,-0.27994
,,-0.27979
,,-0.27965
,,-0.27951
,,-0.27937
,,-0.27923
,,-0.27909
,,-0.27895
,,-0.27881
,,-0.27867
,,-0.27853
,,-0.27839
,,-0.27825
,,-0.27812
,,-0.27798
,,-0.27783
,,-0.27769
,,-0.27755
,,-0.27741
,,-0.27726
,,-0.27712
,,-0.27697
,,-0.27683
,,-0.27668
,,-0.27654
,,-0.27639
,,-0.27625
,,-0.27610
,,-0.27596
,,-0.27581
,,-0.27567
,,-0.27553
,,-0.27539
,,-0.27526
,,-0.27512
,,-0.27498
,,-0.27484
,,-0.27470
,,-0.27456
,,-0.27442
,,-0.27428
,,-0.27414
,,-0.27400
,,-0.27385
,,-0.27371
,,-0.27356
,,-0.27342
,,-0.27327
,,-0.27313
,,-0.27298
,,-0.27283
,,-0.27269
,,-0.27254
,,-0.27240
,,-0.27226
,,-0.27212
,,-0.27198
,,-0.27184
,,-0.27170
,,-0.27156
,,-0.27143
,,-0.27129
,,-0.27115
,,-0.27101
,,-0.27087
,,-0.27073
,,-0.27059
,,-0.27045
,,-0.27030
,,-0.27016
,,-0.27002
,,-0.26987
,,-0.26972
,,-0.26958
,,-0.26943
,,-0.26929
,,-0.26914
,,-0.26900
,,-0.26885
,,-0.26871
,,-0.26857
,,-0.26843
,,-0.26829
,,-0.26815
,,-0.26801
,,-0.26788
,,-0.26774
,,-0.26760
,,-0.26746
,,-0.26732
,,-0.26718
,,-0.26704
,,-0.26690
,,-0.26675
,,-0.26661
,,-0.26646
,,-0.26632
,,-0.26617
,,-0.26602
,,-0.26588
,,-0.26573
,,-0.26558
,,-0.26544
,,-0.26530
,,-0.26515
,,-0.26501
,,-0.26487
,,-0.26473
,,-0.26460
,,-0.26446
,,-0.26432
,,-0.26418
,,-0.26404
,,-0.26390
,,-0.26376
,,-0.26363
,,-0.26349
,,-0.26334
,,-0.26320
,,-0.26305
,,-0.26291
,,-0.26276
,,-0.26262
,,-0.26247
,,-0.26233
,,-0.26218
,,-0.26203
,,-0.26189
,,-0.26174
,,-0.26160
,,-0.26146
,,-0.26132
,,-0.26118
,,-0.26105
,,-0.26091
,,-0.26077
,,-0.26063
,,-0.26050
,,-0.26036
,,-0.26022
,,-0.26008
,,-0.25994
,,-0.25980
,,-0.25966
,,-0.25952
,,-0.25937
,,-0.25923
,,-0.25908
,,-0.25894
,,-0.25879
,,-0.25864
,,-0.25850
,,-0.25836
,,-0.25821
,,-0.25807
,,-0.25793
,,-0.25779
,,-0.25765
,,-0.25752
,,-0.25738
,,-0.25724
,,-0.25710
,,-0.25696
,,-0.25682
,,-0.25668
,,-0.25654
,,-0.25641
,,-0.25626
,,-0.25612
,,-0.25598
,,-0.25584
,,-0.25569
,,-0.25555
,,-0.25540
,,-0.25526
,,-0.25511
,,-0.25497
,,-0.25483
,,-0.25468
,,-0.25454
,,-0.25440
,,-0.25426
,,-0.25412
,,-0.25398
,,-0.25384
,,-0.25371
,,-0.25357
,,-0.25344
,,-0.25330
,,-0.25316
,,-0.25302
,,-0.25288
,,-0.25274
,,-0.25260
,,-0.25246
,,-0.25231
,,-0.25217
,,-0.25203
,,-0.25188
,,-0.25174
,,-0.25159
,,-0.25144
,,-0.25130
,,-0.25115
,,-0.25101
,,-0.25087
,,-0.25073
,,-0.25059
,,-0.25045
,,-0.25031
,,-0.25018
,,-0.25004
,,-0.24990
,,-0.24976
,,-0.24962
,,-0.24949
,,-0.24934
,,-0.24920
,,-0.24906
,,-0.24892
,,-0.24878
,,-0.24864
,,-0.24849
,,-0.24835
,,-0.24820
,,-0.24805
,,-0.24791
,,-0.24776
,,-0.24762
,,-0.24748
,,-0.24733
,,-0.24719
,,-0.24705
,,-0.24692
,,-0.24677
,,-0.24664
,,-0.24650
,,-0.24636
,,-0.24623
,,-0.24609
,,-0.24595
,,-0.24581
,,-0.24567
,,-0.24552
,,-0.24538
,,-0.24524
,,-0.24509
,,-0.24495
,,-0.24480
,,-0.24466
,,-0.24451
,,-0.24436
,,-0.24422
,,-0.24407
,,-0.24393
,,-0.24378
,,-0.24364
,,-0.24350
,,-0.24336
,,-0.24322
,,-0.24308
,,-0.24294
,,-0.24281
,,-0.24267
,,-0.24253
,,-0.24239
,,-0.24225
,,-0.24211
,,-0.24197
,,-0.24183
,,-0.24168
,,-0.24154
,,-0.24139
,,-0.24125
,,-0.24110
,,-0.24096
,,-0.24081
,,-0.24067
,,-0.24052
,,-0.24038
,,-0.24024
,,-0.24010
,,-0.23996
,,-0.23982
,,-0.23968
,,-0.23954
,,-0.23941
,,-0.23927
,,-0.23913
,,-0.23899
,,-0.23885
,,-0.23871
,,-0.23857
,,-0.23843
,,-0.23829
,,-0.23814
,,-0.23800
,,-0.23786
,,-0.23771
,,-0.23756
,,-0.23742
,,-0.23727
,,-0.23712
,,-0.23698
,,-0.23684
,,-0.23669
,,-0.23655
,,-0.23641
,,-0.23627
,,-0.23613
,,-0.23600
,,-0.23586
,,-0.23572
,,-0.23558
,,-0.23544
,,-0.23531
,,-0.23517
,,-0.23502
,,-0.23488
,,-0.23474
,,-0.23460
,,-0.23445
,,-0.23431
,,-0.23416
,,-0.23402
,,-0.23387
,,-0.23373
,,-0.23358
,,-0.23344
,,-0.23330
,,-0.23315
,,-0.23301
,,-0.23287
,,-0.23274
,,-0.23260
,,-0.23246
,,-0.23232
,,-0.23218
,,-0.23204
,,-0.23191
,,-0.23177
,,-0.23163
,,-0.23149
,,-0.23134
,,-0.23120
,,-0.23105
,,-0.23091
,,-0.23077
,,-0.23062
,,-0.23048
,,-0.23033
,,-0.23019
,,-0.23004
,,-0.22990
,,-0.22975
,,-0.22961
,,-0.22947
,,-0.22933
,,-0.22919
,,-0.22905
,,-0.22891
,,-0.22877
,,-0.22863
,,-0.22850
,,-0.22836
,,-0.22822
,,-0.22808
,,-0.22794
,,-0.22780
,,-0.22765
,,-0.22751
,,-0.22737
,,-0.22722
,,-0.22708
,,-0.22694
,,-0.22679
,,-0.22664
,,-0.22650
,,-0.22635
,,-0.22621
,,-0.22606
,,-0.22592
,,-0.22578
,,-0.22564
,,-0.22550
,,-0.22536
,,-0.22522
,,-0.22508
,,-0.22495
,,-0.22481
,,-0.22467
,,-0.22453
,,-0.22439
,,-0.22425
,,-0.22410
,,-0.22396
,,-0.22382
,,-0.22367
,,-0.22353
,,-0.22338
,,-0.22323
,,-0.22308
,,-0.22294
,,-0.22279
,,-0.22264
,,-0.22250
,,-0.22236
,,-0.22221
,,-0.22207
,,-0.22193
,,-0.22179
,,-0.22165
,,-0.22151
,,-0.22137
,,-0.22123
,,-0.22110
,,-0.22096
,,-0.22082
,,-0.22067
,,-0.22053
,,-0.22039
,,-0.22024
,,-0.22010
,,-0.21995
,,-0.21981
,,-0.21966
,,-0.21951
,,-0.21936
,,-0.21921
,,-0.21907
,,-0.21892
,,-0.21878
,,-0.21864
,,-0.21850
,,-0.21836
,,-0.21821
,,-0.21807
,,-0.21793
,,-0.21780
,,-0.21766
,,-0.21751
,,-0.21737
,,-0.21723
,,-0.21709
,,-0.21695
,,-0.21680
,,-0.21666
,,-0.21651
,,-0.21637
,,-0.21622
,,-0.21607
,,-0.21592
,,-0.21577
,,-0.21563
,,-0.21548
,,-0.21534
,,-0.21519
,,-0.21505
,,-0.21491
,,-0.21477
,,-0.21463
,,-0.21449
,,-0.21435
,,-0.21421
,,-0.21407
,,-0.21393
,,-0.21379
,,-0.21365
,,-0.21350
,,-0.21336
,,-0.21321
,,-0.21307
,,-0.21292
,,-0.21278
,,-0.21263
,,-0.21248
,,-0.21234
,,-0.21219
,,-0.21204
,,-0.21189
,,-0.21175
,,-0.21160
,,-0.21146
,,-0.21132
,,-0.21118
,,-0.21104
,,-0.21090
,,-0.21076
,,-0.21062
,,-0.21048
,,-0.21035
,,-0.21020
,,-0.21006
,,-0.20992
,,-0.20977
,,-0.20963
,,-0.20949
,,-0.20935
,,-0.20920
,,-0.20905
,,-0.20890
,,-0.20876
,,-0.20861
,,-0.20846
,,-0.20832
,,-0.20818
,,-0.20803
,,-0.20789
,,-0.20775
,,-0.20761
,,-0.20747
,,-0.20733
,,-0.20719
,,-0.20705
,,-0.20691
,,-0.20677
,,-0.20663
,,-0.20649
,,-0.20635
,,-0.20621
,,-0.20607
,,-0.20592
,,-0.20578
,,-0.20563
,,-0.20548
,,-0.20534
,,-0.20519
,,-0.20504
,,-0.20490
,,-0.20475
,,-0.20460
,,-0.20446
,,-0.20431
,,-0.20417
,,-0.20403
,,-0.20389
,,-0.20375
,,-0.20361
,,-0.20347
,,-0.20333
,,-0.20319
,,-0.20305
,,-0.20291
,,-0.20277
,,-0.20262
,,-0.20248
,,-0.20233
,,-0.20219
,,-0.20204
,,-0.20189
,,-0.20175
,,-0.20160
,,-0.20145
,,-0.20131
,,-0.20116
,,-0.20102
,,-0.20087
,,-0.20073
,,-0.20058
,,-0.20044
,,-0.20030
,,-0.20016
,,-0.20002
,,-0.19988
,,-0.19974
,,-0.19960
,,-0.19946
,,-0.19931
,,-0.19917
,,-0.19903
,,-0.19889
,,-0.19874
,,-0.19859
,,-0.19845
,,-0.19830
,,-0.19815
,,-0.19800
,,-0.19785
,,-0.19771
,,-0.19756
,,-0.19741
,,-0.19727
,,-0.19712
,,-0.19698
,,-0.19683
,,-0.19669
,,-0.19655
,,-0.19641
,,-0.19627
,,-0.19612
,,-0.19598
,,-0.19584
,,-0.19570
,,-0.19556
,,-0.19542
,,-0.19527
,,-0.19513
,,-0.19498
,,-0.19483
,,-0.19469
,,-0.19454
,,-0.19439
,,-0.19424
,,-0.19409
,,-0.19395
,,-0.19380
,,-0.19366
,,-0.19351
,,-0.19337
,,-0.19323
,,-0.19309
,,-0.19294
,,-0.19280
,,-0.19266
,,-0.19252
,,-0.19238
,,-0.19224
,,-0.19209
,,-0.19195
,,-0.19181
,,-0.19166
,,-0.19152
,,-0.19137
,,-0.19122
,,-0.19107
,,-0.19093
,,-0.19078
,,-0.19063
,,-0.19048
,,-0.19033
,,-0.19019
,,-0.19004
,,-0.18989
,,-0.18975
,,-0.18961
,,-0.18946
,,-0.18932
,,-0.18918
,,-0.18904
,,-0.18890
,,-0.18876
,,-0.18862
,,-0.18848
,,-0.18833
,,-0.18819
,,-0.18804
,,-0.18790
,,-0.18775
,,-0.18760
,,-0.18745
,,-0.18731
,,-0.18716
,,-0.18701
,,-0.18686
,,-0.18671
,,-0.18656
,,-0.18642
,,-0.18627
,,-0.18613
,,-0.18599
,,-0.18585
,,-0.18571
,,-0.18557
,,-0.18543
,,-0.18529
,,-0.18515
,,-0.18500
,,-0.18486
,,-0.18472
,,-0.18458
,,-0.18443
,,-0.18429
,,-0.18414
,,-0.18400
,,-0.18385
,,-0.18370
,,-0.18355
,,-0.18340
,,-0.18325
,,-0.18310
,,-0.18296
,,-0.18281
,,-0.18267
,,-0.18252
,,-0.18238
,,-0.18224
,,-0.18210
,,-0.18196
,,-0.18181
,,-0.18167
,,-0.18153
,,-0.18139
,,-0.18125
,,-0.18111
,,-0.18097
,,-0.18082
,,-0.18068
,,-0.18053
,,-0.18039
,,-0.18024
,,-0.18009
,,-0.17994
,,-0.17979
,,-0.17964
,,-0.17949
,,-0.17935
,,-0.17920
,,-0.17906
,,-0.17891
,,-0.17877
,,-0.17863
,,-0.17848
,,-0.17834
,,-0.17820
,,-0.17806
,,-0.17792
,,-0.17778
,,-0.17764
,,-0.17749
,,-0.17735
,,-0.17721
,,-0.17707
,,-0.17692
,,-0.17677
,,-0.17663
,,-0.17648
,,-0.17633
,,-0.17618
,,-0.17604
,,-0.17589
,,-0.17574
,,-0.17559
,,-0.17544
,,-0.17530
,,-0.17516
,,-0.17501
,,-0.17487
,,-0.17473
,,-0.17459
,,-0.17445
,,-0.17431
,,-0.17417
,,-0.17403
,,-0.17388
,,-0.17373
,,-0.17359
,,-0.17344
,,-0.17330
,,-0.17315
,,-0.17301
,,-0.17286
,,-0.17271
,,-0.17256
,,-0.17241
,,-0.17226
,,-0.17211
,,-0.17197
,,-0.17182
,,-0.17167
,,-0.17153
,,-0.17138
,,-0.17124
,,-0.17110
,,-0.17096
,,-0.17082
,,-0.17067
,,-0.17053
,,-0.17039
,,-0.17024
,,-0.17010
,,-0.16996
,,-0.16981
,,-0.16966
,,-0.16952
,,-0.16937
,,-0.16922
,,-0.16907
,,-0.16892
,,-0.16877
,,-0.16862
,,-0.16848
,,-0.16833
,,-0.16818
,,-0.16804
,,-0.16789
,,-0.16775
,,-0.16761
,,-0.16746
,,-0.16732
,,-0.16718
,,-0.16704
,,-0.16690
,,-0.16675
,,-0.16661
,,-0.16647
,,-0.16633
,,-0.16618
,,-0.16603
,,-0.16589
,,-0.16574
,,-0.16559
,,-0.16545
,,-0.16530
,,-0.16515
,,-0.16500
,,-0.16485
,,-0.16470
,,-0.16455
,,-0.16441
,,-0.16426
,,-0.16412
,,-0.16398
,,-0.16384
,,-0.16369
,,-0.16355
,,-0.16341
,,-0.16327
,,-0.16313
,,-0.16299
,,-0.16284
,,-0.16270
,,-0.16256
,,-0.16241
,,-0.16226
,,-0.16212
,,-0.16197
,,-0.16182
,,-0.16167
,,-0.16152
,,-0.16137
,,-0.16123
,,-0.16108
,,-0.16094
,,-0.16079
,,-0.16065
,,-0.16050
,,-0.16036
,,-0.16022
,,-0.16007
,,-0.15993
,,-0.15979
,,-0.15965
,,-0.15951
,,-0.15937
,,-0.15923
,,-0.15908
,,-0.15894
,,-0.15879
,,-0.15865
,,-0.15850
,,-0.15836
,,-0.15821
,,-0.15806
,,-0.15791
,,-0.15777
,,-0.15762
,,-0.15747
,,-0.15733
,,-0.15718
,,-0.15704
,,-0.15690
,,-0.15675
,,-0.15661
,,-0.15647
,,-0.15633
,,-0.15618
,,-0.15604
,,-0.15590
,,-0.15576
,,-0.15562
,,-0.15548
,,-0.15534
,,-0.15519
,,-0.15505
,,-0.15490
,,-0.15476
,,-0.15461
,,-0.15446
,,-0.15431
,,-0.15416
,,-0.15402
,,-0.15387
,,-0.15372
,,-0.15358
,,-0.15343
,,-0.15329
,,-0.15315
,,-0.15301
,,-0.15287
,,-0.15273
,,-0.15259
,,-0.15245
,,-0.15231
,,-0.15217
,,-0.15202
,,-0.15188
,,-0.15174
,,-0.15159
,,-0.15144
,,-0.15130
,,-0.15115
,,-0.15100
,,-0.15086
,,-0.15071
,,-0.15056
,,-0.15041
,,-0.15027
,,-0.15012
,,-0.14998
,,-0.14983
,,-0.14969
,,-0.14954
,,-0.14940
,,-0.14926
,,-0.14912
,,-0.14898
,,-0.14884
,,-0.14870
,,-0.14856
,,-0.14841
,,-0.14827
,,-0.14812
,,-0.14798
,,-0.14783
,,-0.14769
,,-0.14754
,,-0.14739
,,-0.14724
,,-0.14710
,,-0.14695
,,-0.14680
,,-0.14665
,,-0.14651
,,-0.14636
,,-0.14622
,,-0.14607
,,-0.14593
,,-0.14579
,,-0.14565
,,-0.14551
,,-0.14537
,,-0.14523
,,-0.14509
,,-0.14494
,,-0.14480
,,-0.14466
,,-0.14451
,,-0.14437
,,-0.14423
,,-0.14408
,,-0.14393
,,-0.14378
,,-0.14364
,,-0.14349
,,-0.14334
,,-0.14320
,,-0.14305
,,-0.14290
,,-0.14276
,,-0.14261
,,-0.14247
,,-0.14233
,,-0.14218
,,-0.14204
,,-0.14190
,,-0.14176
,,-0.14162
,,-0.14148
,,-0.14134
,,-0.14120
,,-0.14106
,,-0.14091
,,-0.14077
,,-0.14063
,,-0.14048
,,-0.14033
,,-0.14018
,,-0.14003
,,-0.13989
,,-0.13974
,,-0.13959
,,-0.13944
,,-0.13930
,,-0.13915
,,-0.13901
,,-0.13886
,,-0.13872
,,-0.13858
,,-0.13844
,,-0.13830
,,-0.13816
,,-0.13802
,,-0.13788
,,-0.13773
,,-0.13759
,,-0.13745
,,-0.13731
,,-0.13716
,,-0.13702
,,-0.13688
,,-0.13673
,,-0.13659
,,-0.13644
,,-0.13629
,,-0.13614
,,-0.13599
,,-0.13585
,,-0.13570
,,-0.13555
,,-0.13541
,,-0.13527
,,-0.13513
,,-0.13498
,,-0.13484
,,-0.13470
,,-0.13456
,,-0.13442
,,-0.13428
,,-0.13414
,,-0.13400
,,-0.13386
,,-0.13372
,,-0.13358
,,-0.13343
,,-0.13329
,,-0.13314
,,-0.13300
,,-0.13285
,,-0.13271
,,-0.13256
,,-0.13241
,,-0.13226
,,-0.13212
,,-0.13197
,,-0.13183
,,-0.13168
,,-0.13154
,,-0.13140
,,-0.13126
,,-0.13111
,,-0.13097
,,-0.13084
,,-0.13070
,,-0.13055
,,-0.13041
,,-0.13027
,,-0.13013
,,-0.12999
,,-0.12985
,,-0.12970
,,-0.12955
,,-0.12941
,,-0.12926
,,-0.12911
,,-0.12896
,,-0.12882
,,-0.12867
,,-0.12852
,,-0.12837
,,-0.12823
,,-0.12808
,,-0.12794
,,-0.12780
,,-0.12766
,,-0.12752
,,-0.12737
,,-0.12723
,,-0.12709
,,-0.12695
,,-0.12681
,,-0.12667
,,-0.12653
,,-0.12638
,,-0.12624
,,-0.12609
,,-0.12594
,,-0.12579
,,-0.12565
,,-0.12550
,,-0.12535
,,-0.12520
,,-0.12506
,,-0.12491
,,-0.12476
,,-0.12462
,,-0.12448
,,-0.12433
,,-0.12419
,,-0.12405
,,-0.12391
,,-0.12377
,,-0.12363
,,-0.12349
,,-0.12335
,,-0.12320
,,-0.12306
,,-0.12292
,,-0.12277
,,-0.12263
,,-0.12249
,,-0.12234
,,-0.12219
,,-0.12204
,,-0.12190
,,-0.12175
,,-0.12160
,,-0.12145
,,-0.12130
,,-0.12115
,,-0.12101
,,-0.12086
,,-0.12072
,,-0.12058
,,-0.12043
,,-0.12029
,,-0.12015
,,-0.12001
,,-0.11987
,,-0.11973
,,-0.11959
,,-0.11944
,,-0.11930
,,-0.11916
,,-0.11901
,,-0.11887
,,-0.11872
,,-0.11857
,,-0.11842
,,-0.11827
,,-0.11813
,,-0.11798
,,-0.11783
,,-0.11768
,,-0.11753
,,-0.11739
,,-0.11724
,,-0.11710
,,-0.11695
,,-0.11681
,,-0.11667
,,-0.11653
,,-0.11639
,,-0.11625
,,-0.11610
,,-0.11596
,,-0.11582
,,-0.11568
,,-0.11553
,,-0.11539
,,-0.11524
,,-0.11510
,,-0.11495
,,-0.11480
,,-0.11465
,,-0.11450
,,-0.11435
,,-0.11421
,,-0.11406
,,-0.11391
,,-0.11376
,,-0.11362
,,-0.11348
,,-0.11333
,,-0.11319
,,-0.11305
,,-0.11291
,,-0.11277
,,-0.11263
,,-0.11248
,,-0.11234
,,-0.11220
,,-0.11206
,,-0.11192
,,-0.11177
,,-0.11163
,,-0.11148
,,-0.11133
,,-0.11119
,,-0.11104
,,-0.11089
,,-0.11075
,,-0.11060
,,-0.11045
,,-0.11030
,,-0.11016
,,-0.11001
,,-0.10987
,,-0.10972
,,-0.10958
,,-0.10944
,,-0.10930
,,-0.10916
,,-0.10902
,,-0.10888
,,-0.10874
,,-0.10860
,,-0.10845
,,-0.10831
,,-0.10817
,,-0.10802
,,-0.10788
,,-0.10773
,,-0.10759
,,-0.10744
,,-0.10729
,,-0.10714
,,-0.10699
,,-0.10685
,,-0.10670
,,-0.10655
,,-0.10641
,,-0.10626
,,-0.10612
,,-0.10597
,,-0.10583
,,-0.10569
,,-0.10554
,,-0.10540
,,-0.10526
,,-0.10512
,,-0.10498
,,-0.10484
,,-0.10469
,,-0.10455
,,-0.10440
,,-0.10426
,,-0.10411
,,-0.10396
,,-0.10381
,,-0.10366
,,-0.10352
,,-0.10337
,,-0.10322
,,-0.10307
,,-0.10292
,,-0.10278
,,-0.10263
,,-0.10249
,,-0.10234
,,-0.10220
,,-0.10206
,,-0.10191
,,-0.10177
,,-0.10163
,,-0.10149
,,-0.10135
,,-0.10121
,,-0.10106
,,-0.10092
,,-0.10077
,,-0.10063
,,-0.10048
,,-0.10033
,,-0.10018
,,-0.10003
,,-0.09988
,,-0.09974
,,-0.09959
,,-0.09944
,,-0.09930
,,-0.09915
,,-0.09901
,,-0.09886
,,-0.09872
,,-0.09858
,,-0.09844
,,-0.09829
,,-0.09815
,,-0.09801
,,-0.09787
,,-0.09772
,,-0.09758
,,-0.09744
,,-0.09729
,,-0.09715
,,-0.09700
,,-0.09685
,,-0.09670
,,-0.09655
,,-0.09640
,,-0.09625
,,-0.09611
,,-0.09595
,,-0.09581
,,-0.09566
,,-0.09551
,,-0.09537
,,-0.09523
,,-0.09508
,,-0.09494
,,-0.09480
,,-0.09466
,,-0.09452
,,-0.09438
,,-0.09423
,,-0.09409
,,-0.09395
,,-0.09380
,,-0.09366
,,-0.09352
,,-0.09337
,,-0.09322
,,-0.09308
,,-0.09293
,,-0.09278
,,-0.09263
,,-0.09248
,,-0.09233
,,-0.09218
,,-0.09203
,,-0.09188
,,-0.09174
,,-0.09159
,,-0.09145
,,-0.09131
,,-0.09117
,,-0.09102
,,-0.09088
,,-0.09074
,,-0.09060
,,-0.09046
,,-0.09032
,,-0.09018
,,-0.09003
,,-0.08989
,,-0.08974
,,-0.08960
,,-0.08945
,,-0.08930
,,-0.08915
,,-0.08901
,,-0.08886
,,-0.08871
,,-0.08856
,,-0.08841
,,-0.08827
,,-0.08812
,,-0.08798
,,-0.08783
,,-0.08769
,,-0.08755
,,-0.08741
,,-0.08726
,,-0.08712
,,-0.08698
,,-0.08684
,,-0.08670
,,-0.08655
,,-0.08641
,,-0.08627
,,-0.08612
,,-0.08598
,,-0.08583
,,-0.08568
,,-0.08554
,,-0.08539
,,-0.08524
,,-0.08509
,,-0.08494
,,-0.08479
,,-0.08465
,,-0.08450
,,-0.08435
,,-0.08421
,,-0.08406
,,-0.08393
,,-0.08378
,,-0.08364
,,-0.08350
,,-0.08336
,,-0.08322
,,-0.08308
,,-0.08293
,,-0.08279
,,-0.08264
,,-0.08250
,,-0.08235
,,-0.08220
,,-0.08206
,,-0.08191
,,-0.08176
,,-0.08161
,,-0.08146
,,-0.08131
,,-0.08116
,,-0.08101
,,-0.08086
,,-0.08072
,,-0.08057
,,-0.08043
,,-0.08029
,,-0.08014
,,-0.08000
,,-0.07986
,,-0.07972
,,-0.07957
,,-0.07943
,,-0.07929
,,-0.07914
,,-0.07899
,,-0.07885
,,-0.07870
,,-0.07856
,,-0.07841
,,-0.07826
,,-0.07811
,,-0.07796
,,-0.07782
,,-0.07767
,,-0.07752
,,-0.07737
,,-0.07723
,,-0.07708
,,-0.07694
,,-0.07680
,,-0.07665
,,-0.07651
,,-0.07637
,,-0.07623
,,-0.07608
,,-0.07594
,,-0.07580
,,-0.07566
,,-0.07551
,,-0.07537
,,-0.07522
,,-0.07507
,,-0.07493
,,-0.07478
,,-0.07463
,,-0.07448
,,-0.07433
,,-0.07418
,,-0.07403
,,-0.07388
,,-0.07374
,,-0.07359
,,-0.07344
,,-0.07330
,,-0.07316
,,-0.07301
,,-0.07287
,,-0.07273
,,-0.07259
,,-0.07244
,,-0.07230
,,-0.07216
,,-0.07201
,,-0.07187
,,-0.07173
,,-0.07158
,,-0.07143
,,-0.07129
,,-0.07113
,,-0.07099
,,-0.07084
,,-0.07069
,,-0.07054
,,-0.07039
,,-0.07024
,,-0.07009
,,-0.06994
,,-0.06979
,,-0.06965
,,-0.06950
,,-0.06936
,,-0.06922
,,-0.06908
,,-0.06894
,,-0.06879
,,-0.06865
,,-0.06851
,,-0.06836
,,-0.06822
,,-0.06808
,,-0.06793
,,-0.06778
,,-0.06764
,,-0.06749
,,-0.06734
,,-0.06719
,,-0.06704
,,-0.06689
,,-0.06675
,,-0.06660
,,-0.06645
,,-0.06630
,,-0.06616
,,-0.06602
,,-0.06587
,,-0.06573
,,-0.06559
,,-0.06545
,,-0.06530
,,-0.06516
,,-0.06502
,,-0.06488
,,-0.06474
,,-0.06459
,,-0.06445
,,-0.06430
,,-0.06416
,,-0.06401
,,-0.06387
,,-0.06372
,,-0.06357
,,-0.06342
,,-0.06327
,,-0.06312
,,-0.06297
,,-0.06283
,,-0.06268
,,-0.06253
,,-0.06239
,,-0.06224
,,-0.06210
,,-0.06196
,,-0.06182
,,-0.06168
,,-0.06154
,,-0.06139
,,-0.06125
,,-0.06111
,,-0.06097
,,-0.06083
,,-0.06068
,,-0.06054
,,-0.06039
,,-0.06024
,,-0.06010
,,-0.05995
,,-0.05980
,,-0.05965
,,-0.05951
,,-0.05936
,,-0.05921
,,-0.05906
,,-0.05892
,,-0.05877
,,-0.05863
,,-0.05848
,,-0.05834
,,-0.05820
,,-0.05805
,,-0.05791
,,-0.05777
,,-0.05763
,,-0.05748
,,-0.05734
,,-0.05720
,,-0.05705
,,-0.05691
,,-0.05676
,,-0.05661
,,-0.05646
,,-0.05632
,,-0.05616
,,-0.05602
,,-0.05587
,,-0.05572
,,-0.05557
,,-0.05543
,,-0.05528
,,-0.05514
,,-0.05499
,,-0.05485
,,-0.05471
,,-0.05457
,,-0.05443
,,-0.05428
,,-0.05414
,,-0.05400
,,-0.05386
,,-0.05372
,,-0.05357
,,-0.05343
,,-0.05328
,,-0.05313
,,-0.05299
,,-0.05284
,,-0.05269
,,-0.05254
,,-0.05239
,,-0.05225
,,-0.05210
,,-0.05195
,,-0.05180
,,-0.05166
,,-0.05151
,,-0.05137
,,-0.05123
,,-0.05108
,,-0.05094
,,-0.05080
,,-0.05066
,,-0.05052
,,-0.05038
,,-0.05023
,,-0.05009
,,-0.04995
,,-0.04980
,,-0.04966
,,-0.04951
,,-0.04937
,,-0.04922
,,-0.04907
,,-0.04892
,,-0.04877
,,-0.04863
,,-0.04848
,,-0.04833
,,-0.04818
,,-0.04803
,,-0.04789
,,-0.04774
,,-0.04760
,,-0.04745
,,-0.04731
,,-0.04717
,,-0.04703
,,-0.04689
,,-0.04675
,,-0.04661
,,-0.04647
,,-0.04633
,,-0.04618
,,-0.04604
,,-0.04589
,,-0.04574
,,-0.04560
,,-0.04545
,,-0.04530
,,-0.04515
,,-0.04501
,,-0.04486
,,-0.04471
,,-0.04456
,,-0.04442
,,-0.04427
,,-0.04413
,,-0.04399
,,-0.04385
,,-0.04371
,,-0.04357
,,-0.04343
,,-0.04328
,,-0.04314
,,-0.04300
,,-0.04286
,,-0.04272
,,-0.04258
,,-0.04244
,,-0.04229
,,-0.04215
,,-0.04200
,,-0.04185
,,-0.04170
,,-0.04155
,,-0.04140
,,-0.04126
,,-0.04111
,,-0.04096
,,-0.04082
,,-0.04067
,,-0.04053
,,-0.04039
,,-0.04024
,,-0.04010
,,-0.03996
,,-0.03982
,,-0.03969
,,-0.03955
,,-0.03941
,,-0.03926
,,-0.03912
,,-0.03898
,,-0.03884
,,-0.03869
,,-0.03855
,,-0.03840
,,-0.03826
,,-0.03811
,,-0.03796
,,-0.03781
,,-0.03766
,,-0.03752
,,-0.03737
,,-0.03722
,,-0.03708
,,-0.03694
,,-0.03679
,,-0.03665
,,-0.03651
,,-0.03637
,,-0.03623
,,-0.03609
,,-0.03595
,,-0.03581
,,-0.03567
,,-0.03553
,,-0.03539
,,-0.03524
,,-0.03510
,,-0.03495
,,-0.03481
,,-0.03466
,,-0.03451
,,-0.03436
,,-0.03422
,,-0.03407
,,-0.03392
,,-0.03377
,,-0.03362
,,-0.03348
,,-0.03333
,,-0.03319
,,-0.03305
,,-0.03291
,,-0.03277
,,-0.03263
,,-0.03249
,,-0.03235
,,-0.03221
,,-0.03207
,,-0.03192
,,-0.03178
,,-0.03164
,,-0.03149
,,-0.03135
,,-0.03121
,,-0.03106
,,-0.03091
,,-0.03076
,,-0.03061
,,-0.03047
,,-0.03032
,,-0.03017
,,-0.03003
,,-0.02988
,,-0.02974
,,-0.02960
,,-0.02946
,,-0.02932
,,-0.02918
,,-0.02903
,,-0.02889
,,-0.02876
,,-0.02862
,,-0.02847
,,-0.02833
,,-0.02819
,,-0.02805
,,-0.02790
,,-0.02776
,,-0.02761
,,-0.02747
,,-0.02732
,,-0.02717
,,-0.02702
,,-0.02687
,,-0.02673
,,-0.02658
,,-0.02644
,,-0.02629
,,-0.02615
,,-0.02600
,,-0.02586
,,-0.02572
,,-0.02558
,,-0.02544
,,-0.02530
,,-0.02516
,,-0.02502
,,-0.02487
,,-0.02473
,,-0.02459
,,-0.02445
,,-0.02430
,,-0.02416
,,-0.02401
,,-0.02386
,,-0.02371
,,-0.02356
,,-0.02341
,,-0.02326
,,-0.02311
,,-0.02297
,,-0.02282
,,-0.02267
,,-0.02252
,,-0.02238
,,-0.02224
,,-0.02210
,,-0.02196
,,-0.02182
,,-0.02168
,,-0.02154
,,-0.02140
,,-0.02126
,,-0.02112
,,-0.02097
,,-0.02083
,,-0.02069
,,-0.02054
,,-0.02040
,,-0.02025
,,-0.02010
,,-0.01996
,,-0.01981
,,-0.01966
,,-0.01952
,,-0.01937
,,-0.01922
,,-0.01908
,,-0.01894
,,-0.01879
,,-0.01865
,,-0.01851
,,-0.01836
,,-0.01822
,,-0.01808
,,-0.01794
,,-0.01780
,,-0.01766
,,-0.01752
,,-0.01738
,,-0.01724
,,-0.01710
,,-0.01696
,,-0.01681
,,-0.01666
,,-0.01652
,,-0.01637
,,-0.01622
,,-0.01608
,,-0.01593
,,-0.01578
,,-0.01564
,,-0.01549
,,-0.01535
,,-0.01520
,,-0.01506
,,-0.01492
,,-0.01478
,,-0.01464
,,-0.01450
,,-0.01436
,,-0.01422
,,-0.01408
,,-0.01394
,,-0.01380
,,-0.01365
,,-0.01351
,,-0.01337
,,-0.01322
,,-0.01308
,,-0.01293
,,-0.01278
,,-0.01264
,,-0.01249
,,-0.01234
,,-0.01219
,,-0.01204
,,-0.01190
,,-0.01175
,,-0.01161
,,-0.01147
,,-0.01132
,,-0.01118
,,-0.01104
,,-0.01090
,,-0.01076
,,-0.01062
,,-0.01048
,,-0.01034
,,-0.01020
,,-0.01005
,,-0.00991
,,-0.00976
,,-0.00962
,,-0.00947
,,-0.00932
,,-0.00917
,,-0.00903
,,-0.00888
,,-0.00873
,,-0.00858
,,-0.00844
,,-0.00829
,,-0.00814
,,-0.00800
,,-0.00785
,,-0.00771
,,-0.00757
,,-0.00743
,,-0.00729
,,-0.00715
,,-0.00701
,,-0.00687
,,-0.00673
,,-0.00659
,,-0.00645
,,-0.00630
,,-0.00616
,,-0.00601
,,-0.00586
,,-0.00572
,,-0.00557
,,-0.00542
,,-0.00527
,,-0.00513
,,-0.00498
,,-0.00483
,,-0.00469
,,-0.00455
,,-0.00440
,,-0.00426
,,-0.00412
,,-0.00397
,,-0.00383
,,-0.00369
,,-0.00355
,,-0.00341
,,-0.00327
,,-0.00313
,,-0.00299
,,-0.00284
,,-0.00270
,,-0.00255
,,-0.00241
,,-0.00226
,,-0.00211
,,-0.00197
,,-0.00182
,,-0.00167
,,-0.00151
,,-0.00137
,,-0.00122
,,-0.00107
,,-0.00093
,,-0.00078
,,-0.00064
,,-0.00050
,,-0.00036
,,-0.00021
,,-0.00007
,,0.00007
,,0.00021
,,0.00035
,,0.00049
,,0.00063
,,0.00078
,,0.00092
,,0.00107
,,0.00121
,,0.00136
,,0.00151
,,0.00166
,,0.00181
,,0.00196
,,0.00210
,,0.00226
,,0.00240
,,0.00255
,,0.00269
,,0.00284
,,0.00298
,,0.00312
,,0.00326
,,0.00340
,,0.00354
,,0.00368
,,0.00382
,,0.00397
,,0.00411
,,0.00425
,,0.00439
,,0.00453
,,0.00468
,,0.00482
,,0.00497
,,0.00511
,,0.00526
,,0.00541
,,0.00556
,,0.00570
,,0.00585
,,0.00600
,,0.00614
,,0.00629
,,0.00643
,,0.00658
,,0.00672
,,0.00686
,,0.00700
,,0.00714
,,0.00728
,,0.00742
,,0.00756
,,0.00770
,,0.00785
,,0.00799
,,0.00813
,,0.00828
,,0.00842
,,0.00857
,,0.00871
,,0.00886
,,0.00901
,,0.00915
,,0.00930
,,0.00945
,,0.00960
,,0.00975
,,0.00989
,,0.01004
,,0.01018
,,0.01032
,,0.01046
,,0.01061
,,0.01075
,,0.01089
,,0.01103
,,0.01117
,,0.01131
,,0.01145
,,0.01159
,,0.01173
,,0.01188
,,0.01202
,,0.01217
,,0.01232
,,0.01247
,,0.01261
,,0.01276
,,0.01291
,,0.01306
,,0.01321
,,0.01336
,,0.01350
,,0.01365
,,0.01379
,,0.01393
,,0.01407
,,0.01421
,,0.01435
,,0.01449
,,0.01463
,,0.01477
,,0.01491
,,0.01505
,,0.01520
,,0.01534
,,0.01548
,,0.01562
,,0.01577
,,0.01592
,,0.01607
,,0.01621
,,0.01636
,,0.01651
,,0.01666
,,0.01681
,,0.01696
,,0.01710
,,0.01725
,,0.01739
,,0.01754
,,0.01768
,,0.01782
,,0.01796
,,0.01810
,,0.01824
,,0.01838
,,0.01852
,,0.01866
,,0.01880
,,0.01894
,,0.01909
,,0.01923
,,0.01938
,,0.01953
,,0.01968
,,0.01982
,,0.01998
,,0.02012
,,0.02027
,,0.02042
,,0.02057
,,0.02072
,,0.02087
,,0.02101
,,0.02116
,,0.02130
,,0.02144
,,0.02158
,,0.02172
,,0.02187
,,0.02201
,,0.02215
,,0.02229
,,0.02243
,,0.02258
,,0.02272
,,0.02287
,,0.02301
,,0.02316
,,0.02331
,,0.02346
,,0.02361
,,0.02376
,,0.02391
,,0.02406
,,0.02421
,,0.02436
,,0.02450
,,0.02465
,,0.02479
,,0.02493
,,0.02507
,,0.02521
,,0.02535
,,0.02550
,,0.02564
,,0.02578
,,0.02592
,,0.02606
,,0.02620
,,0.02634
,,0.02649
,,0.02663
,,0.02678
,,0.02693
,,0.02708
,,0.02722
,,0.02737
,,0.02752
,,0.02767
,,0.02782
,,0.02796
,,0.02811
,,0.02825
,,0.02840
,,0.02854
,,0.02868
,,0.02882
,,0.02896
,,0.02911
,,0.02925
,,0.02939
,,0.02953
,,0.02967
,,0.02981
,,0.02996
,,0.03010
,,0.03025
,,0.03039
,,0.03054
,,0.03069
,,0.03084
,,0.03098
,,0.03113
,,0.03128
,,0.03143
,,0.03158
,,0.03173
,,0.03187
,,0.03202
,,0.03216
,,0.03230
,,0.03244
,,0.03258
,,0.03273
,,0.03287
,,0.03301
,,0.03315
,,0.03329
,,0.03344
,,0.03358
,,0.03372
,,0.03387
,,0.03402
,,0.03416
,,0.03431
,,0.03446
,,0.03461
,,0.03476
,,0.03491
,,0.03506
,,0.03520
,,0.03535
,,0.03549
,,0.03563
,,0.03578
,,0.03592
,,0.03606
,,0.03620
,,0.03634
,,0.03649
,,0.03663
,,0.03677
,,0.03691
,,0.03705
,,0.03720
,,0.03735
,,0.03749
,,0.03764
,,0.03778
,,0.03793
,,0.03808
,,0.03823
,,0.03838
,,0.03853
,,0.03868
,,0.03882
,,0.03897
,,0.03912
,,0.03926
,,0.03940
,,0.03955
,,0.03969
,,0.03983
,,0.03997
,,0.04012
,,0.04026
,,0.04040
,,0.04054
,,0.04068
,,0.04083
,,0.04097
,,0.04112
,,0.04126
,,0.04141
,,0.04156
,,0.04171
,,0.04186
,,0.04201
,,0.04216
,,0.04231
,,0.04246
,,0.04261
,,0.04275
,,0.04290
,,0.04304
,,0.04319
,,0.04333
,,0.04347
,,0.04361
,,0.04376
,,0.04390
,,0.04404
,,0.04419
,,0.04433
,,0.04447
,,0.04462
,,0.04477
,,0.04491
,,0.04506
,,0.04521
,,0.04536
,,0.04551
,,0.04566
,,0.04581
,,0.04596
,,0.04611
,,0.04626
,,0.04641
,,0.04655
,,0.04670
,,0.04684
,,0.04698
,,0.04712
,,0.04727
,,0.04741
,,0.04755
,,0.04769
,,0.04784
,,0.04798
,,0.04813
,,0.04827
,,0.04842
,,0.04857
,,0.04871
,,0.04886
,,0.04901
,,0.04916
,,0.04931
,,0.04946
,,0.04961
,,0.04976
,,0.04991
,,0.05006
,,0.05020
,,0.05035
,,0.05049
,,0.05063
,,0.05077
,,0.05092
,,0.05106
,,0.05120
,,0.05134
,,0.05149
,,0.05163
,,0.05177
,,0.05192
,,0.05207
,,0.05221
,,0.05236
,,0.05251
,,0.05266
,,0.05281
,,0.05296
,,0.05311
,,0.05326
,,0.05341
,,0.05356
,,0.05371
,,0.05385
,,0.05400
,,0.05414
,,0.05429
,,0.05443
,,0.05457
,,0.05471
,,0.05486
,,0.05500
,,0.05514
,,0.05529
,,0.05543
,,0.05557
,,0.05572
,,0.05587
,,0.05602
,,0.05616
,,0.05632
,,0.05646
,,0.05662
,,0.05677
,,0.05691
,,0.05707
,,0.05721
,,0.05736
,,0.05751
,,0.05765
,,0.05780
,,0.05794
,,0.05808
,,0.05823
,,0.05837
,,0.05851
,,0.05866
,,0.05880
,,0.05894
,,0.05908
,,0.05923
,,0.05938
,,0.05952
,,0.05967
,,0.05982
,,0.05996
,,0.06012
,,0.06027
,,0.06042
,,0.06057
,,0.06072
,,0.06086
,,0.06101
,,0.06116
,,0.06131
,,0.06145
,,0.06159
,,0.06173
,,0.06188
,,0.06202
,,0.06216
,,0.06231
,,0.06245
,,0.06260
,,0.06274
,,0.06288
,,0.06303
,,0.06318
,,0.06333
,,0.06348
,,0.06363
,,0.06378
,,0.06392
,,0.06407
,,0.06422
,,0.06437
,,0.06452
,,0.06467
,,0.06482
,,0.06496
,,0.06511
,,0.06525
,,0.06539
,,0.06554
,,0.06568
,,0.06582
,,0.06596
,,0.06611
,,0.06625
,,0.06640
,,0.06654
,,0.06669
,,0.06683
,,0.06698
,,0.06713
,,0.06728
,,0.06743
,,0.06758
,,0.06773
,,0.06788
,,0.06803
,,0.06819
,,0.06833
,,0.06848
,,0.06863
,,0.06877
,,0.06892
,,0.06906
,,0.06920
,,0.06935
,,0.06949
,,0.06964
,,0.06978
,,0.06992
,,0.07007
,,0.07021
,,0.07036
,,0.07051
,,0.07065
,,0.07080
,,0.07095
,,0.07110
,,0.07125
,,0.07141
,,0.07156
,,0.07171
,,0.07186
,,0.07200
,,0.07215
,,0.07230
,,0.07244
,,0.07259
,,0.07273
,,0.07287
,,0.07302
,,0.07316
,,0.07330
,,0.07345
,,0.07359
,,0.07373
,,0.07388
,,0.07402
,,0.07417
,,0.07432
,,0.07447
,,0.07461
,,0.07476
,,0.07491
,,0.07506
,,0.07521
,,0.07537
,,0.07552
,,0.07566
,,0.07581
,,0.07596
,,0.07610
,,0.07624
,,0.07639
,,0.07653
,,0.07667
,,0.07681
,,0.07696
,,0.07710
,,0.07724
,,0.07738
,,0.07753
,,0.07767
,,0.07782
,,0.07796
,,0.07811
,,0.07826
,,0.07841
,,0.07856
,,0.07871
,,0.07886
,,0.07901
,,0.07916
,,0.07931
,,0.07946
,,0.07961
,,0.07975
,,0.07989
,,0.08004
,,0.08018
,,0.08032
,,0.08046
,,0.08061
,,0.08075
,,0.08089
,,0.08103
,,0.08118
,,0.08132
,,0.08147
,,0.08162
,,0.08176
,,0.08191
,,0.08206
,,0.08221
,,0.08236
,,0.08251
,,0.08266
,,0.08281
,,0.08296
,,0.08311
,,0.08325
,,0.08340
,,0.08355
,,0.08369
,,0.08383
,,0.08398
,,0.08412
,,0.08426
,,0.08441
,,0.08455
,,0.08469
,,0.08484
,,0.08498
,,0.08513
,,0.08528
,,0.08543
,,0.08557
,,0.08572
,,0.08587
,,0.08602
,,0.08617
,,0.08632
,,0.08647
,,0.08662
,,0.08677
,,0.08691
,,0.08706
,,0.08720
,,0.08734
,,0.08749
,,0.08763
,,0.08777
,,0.08791
,,0.08805
,,0.08819
,,0.08834
,,0.08848
,,0.08863
,,0.08877
,,0.08892
,,0.08906
,,0.08921
,,0.08936
,,0.08951
,,0.08966
,,0.08981
,,0.08996
,,0.09011
,,0.09026
,,0.09041
,,0.09056
,,0.09070
,,0.09085
,,0.09099
,,0.09114
,,0.09128
,,0.09142
,,0.09156
,,0.09170
,,0.09185
,,0.09199
,,0.09213
,,0.09228
,,0.09242
,,0.09257
,,0.09272
,,0.09287
,,0.09302
,,0.09317
,,0.09332
,,0.09347
,,0.09362
,,0.09377
,,0.09392
,,0.09407
,,0.09421
,,0.09436
,,0.09450
,,0.09465
,,0.09479
,,0.09493
,,0.09507
,,0.09521
,,0.09536
,,0.09550
,,0.09564
,,0.09579
,,0.09593
,,0.09607
,,0.09622
,,0.09637
,,0.09651
,,0.09666
,,0.09681
,,0.09696
,,0.09711
,,0.09727
,,0.09741
,,0.09756
,,0.09771
,,0.09786
,,0.09800
,,0.09814
,,0.09829
,,0.09843
,,0.09857
,,0.09872
,,0.09886
,,0.09900
,,0.09914
,,0.09929
,,0.09943
,,0.09957
,,0.09972
,,0.09986
,,0.10001
,,0.10016
,,0.10031
,,0.10045
,,0.10060
,,0.10075
,,0.10090
,,0.10105
,,0.10120
,,0.10135
,,0.10150
,,0.10164
,,0.10179
,,0.10193
,,0.10207
,,0.10222
,,0.10236
,,0.10250
,,0.10264
,,0.10278
,,0.10293
,,0.10307
,,0.10321
,,0.10336
,,0.10350
,,0.10365
,,0.10380
,,0.10394
,,0.10409
,,0.10424
,,0.10439
,,0.10454
,,0.10470
,,0.10485
,,0.10499
,,0.10514
,,0.10529
,,0.10543
,,0.10557
,,0.10571
,,0.10586
,,0.10600
,,0.10614
,,0.10628
,,0.10642
,,0.10656
,,0.10671
,,0.10685
,,0.10699
,,0.10714
,,0.10729
,,0.10743
,,0.10758
,,0.10773
,,0.10788
,,0.10803
,,0.10818
,,0.10833
,,0.10848
,,0.10863
,,0.10878
,,0.10892
,,0.10907
,,0.10921
,,0.10936
,,0.10950
,,0.10964
,,0.10979
,,0.10993
,,0.11007
,,0.11021
,,0.11036
,,0.11050
,,0.11064
,,0.11079
,,0.11094
,,0.11108
,,0.11123
,,0.11138
,,0.11153
,,0.11167
,,0.11183
,,0.11198
,,0.11213
,,0.11228
,,0.11242
,,0.11257
,,0.11271
,,0.11286
,,0.11300
,,0.11315
,,0.11329
,,0.11343
,,0.11357
,,0.11372
,,0.11386
,,0.11400
,,0.11415
,,0.11429
,,0.11444
,,0.11458
,,0.11473
,,0.11488
,,0.11503
,,0.11518
,,0.11533
,,0.11548
,,0.11563
,,0.11578
,,0.11593
,,0.11608
,,0.11623
,,0.11637
,,0.11652
,,0.11666
,,0.11680
,,0.11694
,,0.11709
,,0.11723
,,0.11737
,,0.11752
,,0.11766
,,0.11781
,,0.11795
,,0.11810
,,0.11824
,,0.11839
,,0.11854
,,0.11869
,,0.11883
,,0.11898
,,0.11913
,,0.11928
,,0.11943
,,0.11958
,,0.11973
,,0.11988
,,0.12003
,,0.12017
,,0.12032
,,0.12046
,,0.12060
,,0.12074
,,0.12088
,,0.12102
,,0.12117
,,0.12131
,,0.12145
,,0.12159
,,0.12174
,,0.12188
,,0.12203
,,0.12217
,,0.12232
,,0.12247
,,0.12262
,,0.12277
,,0.12292
,,0.12306
,,0.12321
,,0.12336
,,0.12351
,,0.12365
,,0.12380
,,0.12394
,,0.12408
,,0.12423
,,0.12437
,,0.12451
,,0.12466
,,0.12480
,,0.12494
,,0.12509
,,0.12523
,,0.12538
,,0.12552
,,0.12567
,,0.12582
,,0.12597
,,0.12612
,,0.12627
,,0.12642
,,0.12657
,,0.12672
,,0.12687
,,0.12702
,,0.12717
,,0.12731
,,0.12746
,,0.12760
,,0.12774
,,0.12789
,,0.12803
,,0.12817
,,0.12832
,,0.12846
,,0.12860
,,0.12874
,,0.12889
,,0.12903
,,0.12918
,,0.12933
,,0.12948
,,0.12962
,,0.12978
,,0.12993
,,0.13008
,,0.13023
,,0.13038
,,0.13053
,,0.13068
,,0.13082
,,0.13097
,,0.13111
,,0.13126
,,0.13140
,,0.13154
,,0.13169
,,0.13183
,,0.13198
,,0.13212
,,0.13226
,,0.13241
,,0.13255
,,0.13269
,,0.13284
,,0.13299
,,0.13313
,,0.13328
,,0.13343
,,0.13358
,,0.13373
,,0.13388
,,0.13403
,,0.13418
,,0.13433
,,0.13447
,,0.13462
,,0.13477
,,0.13491
,,0.13505
,,0.13520
,,0.13534
,,0.13548
,,0.13562
,,0.13577
,,0.13591
,,0.13605
,,0.13620
,,0.13634
,,0.13648
,,0.13663
,,0.13678
,,0.13693
,,0.13708
,,0.13723
,,0.13738
,,0.13753
,,0.13768
,,0.13783
,,0.13798
,,0.13812
,,0.13827
,,0.13842
,,0.13856
,,0.13871
,,0.13885
,,0.13899
,,0.13914
,,0.13928
,,0.13942
,,0.13956
,,0.13971
,,0.13985
,,0.14000
,,0.14014
,,0.14029
,,0.14044
,,0.14059
,,0.14074
,,0.14089
,,0.14104
,,0.14118
,,0.14133
,,0.14149
,,0.14163
,,0.14178
,,0.14193
,,0.14207
,,0.14222
,,0.14236
,,0.14250
,,0.14264
,,0.14279
,,0.14293
,,0.14307
,,0.14322
,,0.14336
,,0.14350
,,0.14365
,,0.14379
,,0.14394
,,0.14408
,,0.14423
,,0.14438
,,0.14453
,,0.14467
,,0.14482
,,0.14497
,,0.14512
,,0.14527
,,0.14542
,,0.14557
,,0.14571
,,0.14585
,,0.14600
,,0.14614
,,0.14628
,,0.14642
,,0.14656
,,0.14670
,,0.14684
,,0.14699
,,0.14713
,,0.14727
,,0.14742
,,0.14756
,,0.14771
,,0.14786
,,0.14801
,,0.14815
,,0.14830
,,0.14845
,,0.14861
,,0.14876
,,0.14891
,,0.14906
,,0.14920
,,0.14935
,,0.14949
,,0.14963
,,0.14978
,,0.14992
,,0.15006
,,0.15020
,,0.15035
,,0.15049
,,0.15063
,,0.15077
,,0.15092
,,0.15106
,,0.15121
,,0.15135
,,0.15150
,,0.15165
,,0.15180
,,0.15195
,,0.15209
,,0.15224
,,0.15239
,,0.15254
,,0.15269
,,0.15284
,,0.15298
,,0.15312
,,0.15327
,,0.15341
,,0.15355
,,0.15369
,,0.15383
,,0.15398
,,0.15412
,,0.15426
,,0.15440
,,0.15455
,,0.15469
,,0.15484
,,0.15498
,,0.15513
,,0.15528
,,0.15542
,,0.15557
,,0.15572
,,0.15587
,,0.15602
,,0.15617
,,0.15632
,,0.15647
,,0.15662
,,0.15676
,,0.15690
,,0.15705
,,0.15719
,,0.15733
,,0.15747
,,0.15761
,,0.15775
,,0.15790
,,0.15804
,,0.15818
,,0.15833
,,0.15847
,,0.15862
,,0.15877
,,0.15891
,,0.15906
,,0.15921
,,0.15936
,,0.15951
,,0.15967
,,0.15981
,,0.15996
,,0.16011
,,0.16026
,,0.16040
,,0.16055
,,0.16069
,,0.16083
,,0.16097
,,0.16112
,,0.16126
,,0.16140
,,0.16154
,,0.16168
,,0.16183
,,0.16197
,,0.16212
,,0.16226
,,0.16241
,,0.16256
,,0.16270
,,0.16285
,,0.16300
,,0.16315
,,0.16330
,,0.16345
,,0.16359
,,0.16374
,,0.16389
,,0.16403
,,0.16417
,,0.16432
,,0.16446
,,0.16460
,,0.16474
,,0.16488
,,0.16502
,,0.16516
,,0.16531
,,0.16545
,,0.16559
,,0.16573
,,0.16588
,,0.16602
,,0.16617
,,0.16632
,,0.16646
,,0.16661
,,0.16676
,,0.16691
,,0.16706
,,0.16721
,,0.16735
,,0.16750
,,0.16764
,,0.16779
,,0.16793
,,0.16807
,,0.16821
,,0.16835
,,0.16849
,,0.16864
,,0.16878
,,0.16892
,,0.16906
,,0.16920
,,0.16935
,,0.16949
,,0.16964
,,0.16978
,,0.16993
,,0.17008
,,0.17023
,,0.17038
,,0.17052
,,0.17067
,,0.17082
,,0.17097
,,0.17112
,,0.17126
,,0.17141
,,0.17155
,,0.17169
,,0.17183
,,0.17198
,,0.17212
,,0.17226
,,0.17240
,,0.17254
,,0.17269
,,0.17283
,,0.17298
,,0.17312
,,0.17327
,,0.17341
,,0.17356
,,0.17371
,,0.17386
,,0.17401
,,0.17416
,,0.17431
,,0.17446
,,0.17461
,,0.17476
,,0.17491
,,0.17505
,,0.17520
,,0.17534
,,0.17548
,,0.17562
,,0.17576
,,0.17590
,,0.17604
,,0.17618
,,0.17633
,,0.17647
,,0.17661
,,0.17676
,,0.17690
,,0.17705
,,0.17720
,,0.17735
,,0.17749
,,0.17764
,,0.17779
,,0.17794
,,0.17809
,,0.17824
,,0.17839
,,0.17853
,,0.17868
,,0.17882
,,0.17896
,,0.17910
,,0.17925
,,0.17939
,,0.17953
,,0.17967
,,0.17982
,,0.17996
,,0.18010
,,0.18024
,,0.18039
,,0.18054
,,0.18068
,,0.18083
,,0.18098
,,0.18113
,,0.18128
,,0.18143
,,0.18158
,,0.18173
,,0.18187
,,0.18202
,,0.18217
,,0.18231
,,0.18245
,,0.18260
,,0.18274
,,0.18288
,,0.18302
,,0.18316
,,0.18330
,,0.18345
,,0.18359
,,0.18373
,,0.18388
,,0.18402
,,0.18417
,,0.18431
,,0.18446
,,0.18461
,,0.18476
,,0.18491
,,0.18506
,,0.18521
,,0.18536
,,0.18551
,,0.18565
,,0.18580
,,0.18594
,,0.18609
,,0.18623
,,0.18637
,,0.18651
,,0.18665
,,0.18679
,,0.18693
,,0.18708
,,0.18722
,,0.18736
,,0.18751
,,0.18765
,,0.18780
,,0.18794
,,0.18809
,,0.18823
,,0.18838
,,0.18853
,,0.18868
,,0.18883
,,0.18898
,,0.18913
,,0.18928
,,0.18942
,,0.18957
,,0.18971
,,0.18985
,,0.18999
,,0.19013
,,0.19027
,,0.19041
,,0.19056
,,0.19070
,,0.19084
,,0.19098
,,0.19112
,,0.19127
,,0.19141
,,0.19156
,,0.19170
,,0.19185
,,0.19200
,,0.19215
,,0.19230
,,0.19245
,,0.19260
,,0.19274
,,0.19289
,,0.19304
,,0.19318
,,0.19333
,,0.19347
,,0.19361
,,0.19375
,,0.19389
,,0.19403
,,0.19417
,,0.19432
,,0.19446
,,0.19460
,,0.19474
,,0.19489
,,0.19503
,,0.19518
,,0.19532
,,0.19547
,,0.19562
,,0.19577
,,0.19592
,,0.19607
,,0.19622
,,0.19636
,,0.19651
,,0.19666
,,0.19680
,,0.19695
,,0.19709
,,0.19724
,,0.19738
,,0.19752
,,0.19766
,,0.19780
,,0.19795
,,0.19809
,,0.19823
,,0.19838
,,0.19852
,,0.19867
,,0.19881
,,0.19896
,,0.19910
,,0.19925
,,0.19940
,,0.19955
,,0.19970
,,0.19985
,,0.20000
,,0.20015
,,0.20030
,,0.20044
,,0.20059
,,0.20073
,,0.20087
,,0.20101
,,0.20115
,,0.20130
,,0.20144
,,0.20158
,,0.20173
,,0.20187
,,0.20201
,,0.20216
,,0.20230
,,0.20245
,,0.20260
,,0.20275
,,0.20289
,,0.20304
,,0.20319
,,0.20334
,,0.20349
,,0.20364
,,0.20378
,,0.20393
,,0.20408
,,0.20422
,,0.20436
,,0.20450
,,0.20465
,,0.20479
,,0.20493
,,0.20507
,,0.20521
,,0.20535
,,0.20550
,,0.20564
,,0.20578
,,0.20593
,,0.20607
,,0.20622
,,0.20637
,,0.20651
,,0.20666
,,0.20681
,,0.20696
,,0.20711
,,0.20726
,,0.20741
,,0.20756
,,0.20771
,,0.20786
,,0.20800
,,0.20814
,,0.20829
,,0.20843
,,0.20857
,,0.20871
,,0.20886
,,0.20900
,,0.20914
,,0.20929
,,0.20943
,,0.20957
,,0.20972
,,0.20987
,,0.21001
,,0.21016
,,0.21031
,,0.21046
,,0.21061
,,0.21076
,,0.21090
,,0.21105
,,0.21119
,,0.21134
,,0.21149
,,0.21163
,,0.21177
,,0.21191
,,0.21205
,,0.21219
,,0.21233
,,0.21247
,,0.21261
,,0.21276
,,0.21290
,,0.21305
,,0.21319
,,0.21334
,,0.21348
,,0.21363
,,0.21377
,,0.21392
,,0.21407
,,0.21422
,,0.21437
,,0.21452
,,0.21467
,,0.21482
,,0.21496
,,0.21511
,,0.21525
,,0.21539
,,0.21553
,,0.21567
,,0.21582
,,0.21596
,,0.21610
,,0.21624
,,0.21638
,,0.21652
,,0.21667
,,0.21681
,,0.21696
,,0.21711
,,0.21725
,,0.21740
,,0.21755
,,0.21770
,,0.21785
,,0.21799
,,0.21814
,,0.21829
,,0.21844
,,0.21859
,,0.21873
,,0.21888
,,0.21902
,,0.21917
,,0.21931
,,0.21945
,,0.21960
,,0.21974
,,0.21988
,,0.22003
,,0.22017
,,0.22031
,,0.22046
,,0.22061
,,0.22075
,,0.22090
,,0.22105
,,0.22120
,,0.22135
,,0.22150
,,0.22165
,,0.22180
,,0.22195
,,0.22209
,,0.22224
,,0.22239
,,0.22253
,,0.22268
,,0.22282
,,0.22296
,,0.22310
,,0.22324
,,0.22338
,,0.22353
,,0.22367
,,0.22382
,,0.22396
,,0.22410
,,0.22425
,,0.22440
,,0.22454
,,0.22469
,,0.22484
,,0.22499
,,0.22514
,,0.22529
,,0.22544
,,0.22559
,,0.22574
,,0.22589
,,0.22603
,,0.22618
,,0.22632
,,0.22646
,,0.22660
,,0.22675
,,0.22689
,,0.22703
,,0.22717
,,0.22732
,,0.22746
,,0.22760
,,0.22775
,,0.22789
,,0.22804
,,0.22819
,,0.22833
,,0.22848
,,0.22863
,,0.22878
,,0.22893
,,0.22908
,,0.22923
,,0.22938
,,0.22952
,,0.22967
,,0.22981
,,0.22996
,,0.23010
,,0.23024
,,0.23038
,,0.23052
,,0.23067
,,0.23081
,,0.23095
,,0.23109
,,0.23124
,,0.23138
,,0.23153
,,0.23168
,,0.23182
,,0.23197
,,0.23212
,,0.23227
,,0.23242
,,0.23257
,,0.23272
,,0.23287
,,0.23302
,,0.23316
,,0.23331
,,0.23346
,,0.23360
,,0.23374
,,0.23389
,,0.23403
,,0.23417
,,0.23431
,,0.23445
,,0.23460
,,0.23473
,,0.23488
,,0.23502
,,0.23517
,,0.23531
,,0.23546
,,0.23561
,,0.23575
,,0.23590
,,0.23605
,,0.23620
,,0.23635
,,0.23650
,,0.23665
,,0.23680
,,0.23694
,,0.23709
,,0.23723
,,0.23738
,,0.23752
,,0.23766
,,0.23780
,,0.23794
,,0.23808
,,0.23822
,,0.23837
,,0.23851
,,0.23865
,,0.23880
,,0.23894
,,0.23909
,,0.23924
,,0.23938
,,0.23953
,,0.23968
,,0.23983
,,0.23998
,,0.24013
,,0.24028
,,0.24042
,,0.24057
,,0.24072
,,0.24086
,,0.24100
,,0.24114
,,0.24129
,,0.24143
,,0.24157
,,0.24171
,,0.24186
,,0.24200
,,0.24214
,,0.24229
,,0.24243
,,0.24258
,,0.24273
,,0.24287
,,0.24302
,,0.24317
,,0.24332
,,0.24347
,,0.24362
,,0.24377
,,0.24392
,,0.24407
,,0.24421
,,0.24436
,,0.24450
,,0.24464
,,0.24479
,,0.24493
,,0.24507
,,0.24521
,,0.24535
,,0.24549
,,0.24564
,,0.24578
,,0.24592
,,0.24606
,,0.24620
,,0.24635
,,0.24650
,,0.24665
,,0.24680
,,0.24695
,,0.24710
,,0.24725
,,0.24740
,,0.24755
,,0.24770
,,0.24784
,,0.24799
,,0.24813
,,0.24828
,,0.24842
,,0.24856
,,0.24870
,,0.24884
,,0.24898
,,0.24912
,,0.24927
,,0.24941
,,0.24955
,,0.24970
,,0.24985
,,0.24999
,,0.25014
,,0.25029
,,0.25044
,,0.25058
,,0.25073
,,0.25088
,,0.25103
,,0.25118
,,0.25133
,,0.25147
,,0.25162
,,0.25177
,,0.25191
,,0.25205
,,0.25220
,,0.25234
,,0.25248
,,0.25262
,,0.25277
,,0.25291
,,0.25305
,,0.25320
,,0.25334
,,0.25348
,,0.25363
,,0.25378
,,0.25392
,,0.25407
,,0.25422
,,0.25437
,,0.25452
,,0.25467
,,0.25481
,,0.25496
,,0.25511
,,0.25526
,,0.25540
,,0.25554
,,0.25569
,,0.25583
,,0.25597
,,0.25611
,,0.25625
,,0.25639
,,0.25654
,,0.25668
,,0.25682
,,0.25697
,,0.25711
,,0.25726
,,0.25740
,,0.25755
,,0.25770
,,0.25784
,,0.25799
,,0.25814
,,0.25829
,,0.25844
,,0.25859
,,0.25874
,,0.25888
,,0.25903
,,0.25917
,,0.25931
,,0.25945
,,0.25959
,,0.25973
,,0.25987
,,0.26001
,,0.26016
,,0.26030
,,0.26044
,,0.26059
,,0.26073
,,0.26087
,,0.26102
,,0.26117
,,0.26132
,,0.26146
,,0.26161
,,0.26176
,,0.26191
,,0.26206
,,0.26220
,,0.26235
,,0.26250
,,0.26264
,,0.26279
,,0.26293
,,0.26307
,,0.26321
,,0.26335
,,0.26349
,,0.26363
,,0.26378
,,0.26392
,,0.26406
,,0.26421
,,0.26435
,,0.26450
,,0.26464
,,0.26479
,,0.26494
,,0.26509
,,0.26523
,,0.26538
,,0.26553
,,0.26568
,,0.26583
,,0.26598
,,0.26612
,,0.26627
,,0.26641
,,0.26655
,,0.26669
,,0.26683
,,0.26697
,,0.26711
,,0.26726
,,0.26740
,,0.26754
,,0.26769
,,0.26783
,,0.26798
,,0.26812
,,0.26827
,,0.26842
,,0.26857
,,0.26872
,,0.26886
,,0.26901
,,0.26916
,,0.26931
,,0.26946
,,0.26961
,,0.26975
,,0.26990
,,0.27004
,,0.27018
,,0.27033
,,0.27047
,,0.27061
,,0.27075
,,0.27089
,,0.27103
,,0.27118
,,0.27132
,,0.27146
,,0.27161
,,0.27175
,,0.27190
,,0.27204
,,0.27219
,,0.27234
,,0.27249
,,0.27264
,,0.27279
,,0.27293
,,0.27308
,,0.27323
,,0.27338
,,0.27352
,,0.27367
,,0.27381
,,0.27395
,,0.27409
,,0.27423
,,0.27438
,,0.27452
,,0.27466
,,0.27480
,,0.27494
,,0.27509
,,0.27523
,,0.27538
,,0.27552
,,0.27567
,,0.27582
,,0.27597
,,0.27611
,,0.27626
,,0.27642
,,0.27656
,,0.27671
,,0.27686
,,0.27701
,,0.27715
,,0.27730
,,0.27744
,,0.27758
,,0.27772
,,0.27786
,,0.27801
,,0.27815
,,0.27829
,,0.27843
,,0.27858
,,0.27872
,,0.27886
,,0.27901
,,0.27915
,,0.27930
,,0.27944
,,0.27959
,,0.27974
,,0.27989
,,0.28004
,,0.28019
,,0.28033
,,0.28048
,,0.28063
,,0.28077
,,0.28092
,,0.28106
,,0.28120
,,0.28135
,,0.28149
,,0.28163
,,0.28177
,,0.28191
,,0.28205
,,0.28219
,,0.28233
,,0.28248
,,0.28262
,,0.28277
,,0.28291
,,0.28306
,,0.28321
,,0.28336
,,0.28350
,,0.28365
,,0.28380
,,0.28395
,,0.28409
,,0.28424
,,0.28438
,,0.28453
,,0.28467
,,0.28481
,,0.28496
,,0.28510
,,0.28524
,,0.28538
,,0.28552
,,0.28566
,,0.28581
,,0.28595
,,0.28610
,,0.28624
,,0.28638
,,0.28653
,,0.28668
,,0.28682
,,0.28697
,,0.28712
,,0.28727
,,0.28742
,,0.28756
,,0.28771
,,0.28786
,,0.28801
,,0.28815
,,0.28829
,,0.28844
,,0.28858
,,0.28872
,,0.28886
,,0.28900
,,0.28914
,,0.28928
,,0.28942
,,0.28956
,,0.28971
,,0.28985
,,0.29000
,,0.29015
,,0.29029
,,0.29044
,,0.29059
,,0.29074
,,0.29089
,,0.29104
,,0.29119
,,0.29133
,,0.29148
,,0.29163
,,0.29177
,,0.29192
,,0.29206
,,0.29220
,,0.29234
,,0.29248
,,0.29263
,,0.29277
,,0.29291
,,0.29305
,,0.29320
,,0.29334
,,0.29349
,,0.29363
,,0.29377
,,0.29392
,,0.29407
,,0.29422
,,0.29436
,,0.29451
,,0.29466
,,0.29481
,,0.29496
,,0.29511
,,0.29525
,,0.29539
,,0.29554
,,0.29568
,,0.29582
,,0.29596
,,0.29611
,,0.29625
,,0.29639
,,0.29653
,,0.29668
,,0.29682
,,0.29696
,,0.29711
,,0.29725
,,0.29740
,,0.29754
,,0.29769
,,0.29784
,,0.29799
,,0.29814
,,0.29829
,,0.29844
,,0.29858
,,0.29873
,,0.29888
,,0.29903
,,0.29917
,,0.29932
,,0.29946
,,0.29960
,,0.29974
,,0.29988
,,0.30003
,,0.30017
,,0.30031
,,0.30045
,,0.30060
,,0.30074
,,0.30089
,,0.30103
,,0.30118
,,0.30133
,,0.30148
,,0.30163
,,0.30177
,,0.30192
,,0.30207
,,0.30222
,,0.30237
,,0.30252
,,0.30266
,,0.30281
,,0.30295
,,0.30309
,,0.30324
,,0.30338
,,0.30352
,,0.30366
,,0.30381
,,0.30395
,,0.30409
,,0.30424
,,0.30438
,,0.30452
,,0.30467
,,0.30482
,,0.30496
,,0.30511
,,0.30526
,,0.30541
,,0.30555
,,0.30570
,,0.30585
,,0.30600
,,0.30615
,,0.30629
,,0.30644
,,0.30658
,,0.30672
,,0.30686
,,0.30700
,,0.30714
,,0.30729
,,0.30743
,,0.30757
,,0.30771
,,0.30785
,,0.30799
,,0.30814
,,0.30828
,,0.30843
,,0.30858
,,0.30873
,,0.30887
,,0.30902
,,0.30917
,,0.30932
,,0.30947
,,0.30962
,,0.30976
,,0.30991
,,0.31006
,,0.31020
,,0.31034
,,0.31048
,,0.31062
,,0.31076
,,0.31091
,,0.31105
,,0.31119
,,0.31133
,,0.31148
,,0.31162
,,0.31176
,,0.31191
,,0.31205
,,0.31220
,,0.31235
,,0.31250
,,0.31265
,,0.31280
,,0.31294
,,0.31309
,,0.31324
,,0.31339
,,0.31353
,,0.31368
,,0.31382
,,0.31397
,,0.31411
,,0.31425
,,0.31439
,,0.31453
,,0.31467
,,0.31482
,,0.31496
,,0.31510
,,0.31525
,,0.31539
,,0.31554
,,0.31568
,,0.31583
,,0.31598
,,0.31613
,,0.31628
,,0.31642
,,0.31657
,,0.31672
,,0.31687
,,0.31702
,,0.31716
,,0.31731
,,0.31745
,,0.31759
,,0.31773
,,0.31788
,,0.31802
,,0.31816
,,0.31830
,,0.31844
,,0.31858
,,0.31873
,,0.31887
,,0.31901
,,0.31916
,,0.31930
,,0.31945
,,0.31960
,,0.31975
,,0.31990
,,0.32004
,,0.32019
,,0.32034
,,0.32049
,,0.32064
,,0.32079
,,0.32094
,,0.32108
,,0.32122
,,0.32137
,,0.32151
,,0.32165
,,0.32179
,,0.32193
,,0.32208
,,0.32222
,,0.32236
,,0.32251
,,0.32265
,,0.32280
,,0.32294
,,0.32308
,,0.32323
,,0.32338
,,0.32353
,,0.32368
,,0.32383
,,0.32397
,,0.32412
,,0.32427
,,0.32441
,,0.32456
,,0.32470
,,0.32485
,,0.32499
,,0.32513
,,0.32527
,,0.32542
,,0.32556
,,0.32570
,,0.32584
,,0.32599
,,0.32613
,,0.32628
,,0.32642
,,0.32657
,,0.32671
,,0.32686
,,0.32701
,,0.32716
,,0.32730
,,0.32745
,,0.32760
,,0.32775
,,0.32789
,,0.32804
,,0.32818
,,0.32833
,,0.32847
,,0.32861
,,0.32876
,,0.32890
,,0.32904
,,0.32918
,,0.32932
,,0.32946
,,0.32960
,,0.32974
,,0.32989
,,0.33003
,,0.33017
,,0.33032
,,0.33047
,,0.33061
,,0.33076
,,0.33091
,,0.33106
,,0.33121
,,0.33136
,,0.33150
,,0.33165
,,0.33180
,,0.33194
,,0.33208
,,0.33223
,,0.33237
,,0.33251
,,0.33266
,,0.33280
,,0.33294
,,0.33308
,,0.33322
,,0.33336
,,0.33351
,,0.33365
,,0.33380
,,0.33394
,,0.33409
,,0.33424
,,0.33439
,,0.33453
,,0.33468
,,0.33483
,,0.33498
,,0.33513
,,0.33528
,,0.33542
,,0.33557
,,0.33571
,,0.33585
,,0.33599
,,0.33613
,,0.33627
,,0.33641
,,0.33655
,,0.33670
,,0.33684
,,0.33698
,,0.33713
,,0.33727
,,0.33742
,,0.33756
,,0.33771
,,0.33786
,,0.33801
,,0.33816
,,0.33830
,,0.33845
,,0.33860
,,0.33875
,,0.33890
,,0.33904
,,0.33919
,,0.33933
,,0.33947
,,0.33961
,,0.33975
,,0.33990
,,0.34004
,,0.34018
,,0.34032
,,0.34046
,,0.34061
,,0.34075
,,0.34090
,,0.34104
,,0.34118
,,0.34133
,,0.34148
,,0.34162
,,0.34177
,,0.34192
,,0.34207
,,0.34222
,,0.34236
,,0.34251
,,0.34266
,,0.34280
,,0.34294
,,0.34308
,,0.34323
,,0.34337
,,0.34351
,,0.34365
,,0.34379
,,0.34393
,,0.34408
,,0.34422
,,0.34436
,,0.34451
,,0.34465
,,0.34480
,,0.34495
,,0.34510
,,0.34524
,,0.34539
,,0.34554
,,0.34569
,,0.34584
,,0.34599
,,0.34613
,,0.34628
,,0.34643
,,0.34657
,,0.34671
,,0.34686
,,0.34700
,,0.34714
,,0.34729
,,0.34742
,,0.34757
,,0.34771
,,0.34785
,,0.34799
,,0.34814
,,0.34828
,,0.34843
,,0.34858
,,0.34872
,,0.34887
,,0.34902
,,0.34917
,,0.34932
,,0.34947
,,0.34961
,,0.34976
,,0.34991
,,0.35005
,,0.35020
,,0.35034
,,0.35048
,,0.35062
,,0.35076
,,0.35090
,,0.35104
,,0.35118
,,0.35133
,,0.35147
,,0.35161
,,0.35176
,,0.35190
,,0.35204
,,0.35219
,,0.35234
,,0.35249
,,0.35263
,,0.35278
,,0.35293
,,0.35307
,,0.35322
,,0.35337
,,0.35352
,,0.35366
,,0.35380
,,0.35395
,,0.35409
,,0.35423
,,0.35437
,,0.35452
,,0.35466
,,0.35480
,,0.35494
,,0.35508
,,0.35523
,,0.35537
,,0.35552
,,0.35566
,,0.35581
,,0.35596
,,0.35610
,,0.35625
,,0.35640
,,0.35655
,,0.35670
,,0.35685
,,0.35699
,,0.35714
,,0.35729
,,0.35743
,,0.35758
,,0.35772
,,0.35786
,,0.35800
,,0.35814
,,0.35828
,,0.35843
,,0.35857
,,0.35871
,,0.35885
,,0.35900
,,0.35914
,,0.35929
,,0.35944
,,0.35958
,,0.35973
,,0.35988
,,0.36002
,,0.36017
,,0.36032
,,0.36047
,,0.36062
,,0.36077
,,0.36092
,,0.36106
,,0.36120
,,0.36135
,,0.36149
,,0.36163
,,0.36177
,,0.36191
,,0.36206
,,0.36220
,,0.36234
,,0.36248
,,0.36263
,,0.36277
,,0.36291
,,0.36306
,,0.36320
,,0.36335
,,0.36350
,,0.36365
,,0.36380
,,0.36394
,,0.36409
,,0.36424
,,0.36439
,,0.36453
,,0.36468
,,0.36482
,,0.36497
,,0.36511
,,0.36525
,,0.36539
,,0.36553
,,0.36568
,,0.36582
,,0.36596
,,0.36610
,,0.36625
,,0.36639
,,0.36654
,,0.36668
,,0.36683
,,0.36698
,,0.36713
,,0.36728
,,0.36743
,,0.36758
,,0.36773
,,0.36787
,,0.36802
,,0.36816
,,0.36831
,,0.36845
,,0.36859
,,0.36873
,,0.36887
,,0.36902
,,0.36916
,,0.36930
,,0.36944
,,0.36958
,,0.36972
,,0.36987
,,0.37001
,,0.37016
,,0.37030
,,0.37045
,,0.37060
,,0.37074
,,0.37089
,,0.37104
,,0.37119
,,0.37134
,,0.37148
,,0.37163
,,0.37178
,,0.37192
,,0.37206
,,0.37221
,,0.37235
,,0.37249
,,0.37263
,,0.37277
,,0.37291
,,0.37305
,,0.37320
,,0.37334
,,0.37348
,,0.37362
,,0.37377
,,0.37391
,,0.37406
,,0.37421
,,0.37435
,,0.37450
,,0.37464
,,0.37479
,,0.37494
,,0.37509
,,0.37524
,,0.37538
,,0.37553
,,0.37567
,,0.37581
,,0.37595
,,0.37609
,,0.37623
,,0.37637
,,0.37651
,,0.37665
,,0.37679
,,0.37694
,,0.37708
,,0.37722
,,0.37736
,,0.37751
,,0.37766
,,0.37780
,,0.37795
,,0.37810
,,0.37825
,,0.37839
,,0.37854
,,0.37869
,,0.37884
,,0.37899
,,0.37913
,,0.37928
,,0.37942
,,0.37956
,,0.37970
,,0.37985
,,0.37999
,,0.38013
,,0.38027
,,0.38041
,,0.38055
,,0.38069
,,0.38084
,,0.38098
,,0.38113
,,0.38127
,,0.38142
,,0.38156
,,0.38171
,,0.38186
,,0.38201
,,0.38216
,,0.38230
,,0.38245
,,0.38260
,,0.38274
,,0.38289
,,0.38303
,,0.38317
,,0.38331
,,0.38345
,,0.38359
,,0.38373
,,0.38387
,,0.38401
,,0.38415
,,0.38429
,,0.38444
,,0.38459
,,0.38473
,,0.38488
,,0.38502
,,0.38517
,,0.38531
,,0.38546
,,0.38561
,,0.38576
,,0.38590
,,0.38605
,,0.38620
,,0.38634
,,0.38648
,,0.38663
,,0.38677
,,0.38691
,,0.38705
,,0.38719
,,0.38733
,,0.38747
,,0.38761
,,0.38776
,,0.38790
,,0.38804
,,0.38819
,,0.38833
,,0.38848
,,0.38862
,,0.38877
,,0.38892
,,0.38906
,,0.38921
,,0.38936
,,0.38951
,,0.38965
,,0.38980
,,0.38994
,,0.39009
,,0.39023
,,0.39037
,,0.39052
,,0.39066
,,0.39080
,,0.39094
,,0.39108
,,0.39122
,,0.39136
,,0.39151
,,0.39165
,,0.39179
,,0.39194
,,0.39208
,,0.39223
,,0.39237
,,0.39252
