8987,,2.53341
,,2.53345
01:Graph01,,2.53343
mm,,2.53335
,,2.53322
,,2.53303
,,2.53275
,,2.53240
,,2.53185
,,2.53128
,,2.53051
,,2.52963
,,2.52876
,,2.52774
,,2.52672
,,2.52562
,,2.52463
,,2.52349
,,2.52231
,,2.52112
,,2.51983
,,2.51858
,,2.51702
,,2.51581
,,2.51426
,,2.51306
,,2.51175
,,2.51042
,,2.50920
,,2.50789
,,2.50684
,,2.50557
,,2.50453
,,2.50332
,,2.50218
,,2.50098
,,2.49963
,,2.49827
,,2.49681
,,2.49542
,,2.49398
,,2.49251
,,2.49116
,,2.48983
,,2.48864
,,2.48730
,,2.48623
,,2.48493
,,2.48365
,,2.48232
,,2.48109
,,2.47986
,,2.47840
,,2.47711
,,2.47567
,,2.47441
,,2.47295
,,2.47163
,,2.47032
,,2.46898
,,2.46781
,,2.46635
,,2.46518
,,2.46380
,,2.46255
,,2.46133
,,2.45993
,,2.45875
,,2.45743
,,2.45630
,,2.45505
,,2.45385
,,2.45279
,,2.45179
,,2.45087
,,2.44976
,,2.44904
,,2.44847
,,2.44785
,,2.44713
,,2.44652
,,2.44601
,,2.44551
,,2.44503
,,2.44463
,,2.44433
,,2.44411
,,2.44378
,,2.44332
,,2.44276
,,2.44222
,,2.44177
,,2.44143
,,2.44125
,,2.44118
,,2.44118
,,2.44120
,,2.44121
,,2.44123
,,2.44123
,,2.44122
,,2.44116
,,2.44104
,,2.44090
,,2.44071
,,2.44049
,,2.44026
,,2.44006
,,2.43987
,,2.43968
,,2.43953
,,2.43940
,,2.43929
,,2.43917
,,2.43908
,,2.43879
,,2.43880
,,2.43880
,,2.43855
,,2.43816
,,2.43751
,,2.43656
,,2.43547
,,2.43397
,,2.43279
,,2.43133
,,2.43009
,,2.42867
,,2.42741
,,2.42618
,,2.42476
,,2.42362
,,2.42226
,,2.42111
,,2.41980
,,2.41853
,,2.41722
,,2.41585
,,2.41473
,,2.41317
,,2.41200
,,2.41064
,,2.40940
,,2.40817
,,2.40681
,,2.40571
,,2.40436
,,2.40314
,,2.40167
,,2.40031
,,2.39895
,,2.39764
,,2.39646
,,2.39515
,,2.39401
,,2.39264
,,2.39146
,,2.39014
,,2.38882
,,2.38766
,,2.38622
,,2.38507
,,2.38366
,,2.38253
,,2.38119
,,2.37987
,,2.37873
,,2.37742
,,2.37641
,,2.37508
,,2.37395
,,2.37271
,,2.37131
,,2.37013
,,2.36876
,,2.36767
,,2.36627
,,2.36509
,,2.36370
,,2.36244
,,2.36136
,,2.36000
,,2.35876
,,2.35738
,,2.35612
,,2.35482
,,2.35336
,,2.35209
,,2.35072
,,2.34956
,,2.34802
,,2.34678
,,2.34542
,,2.34428
,,2.34302
,,2.34160
,,2.34046
,,2.33907
,,2.33794
,,2.33654
,,2.33523
,,2.33363
,,2.33240
,,2.33104
,,2.32973
,,2.32851
,,2.32714
,,2.32606
,,2.32470
,,2.32357
,,2.32238
,,2.32109
,,2.31999
,,2.31865
,,2.31754
,,2.31629
,,2.31497
,,2.31391
,,2.31252
,,2.31142
,,2.31007
,,2.30887
,,2.30772
,,2.30642
,,2.30537
,,2.30405
,,2.30293
,,2.30169
,,2.30039
,,2.29911
,,2.29765
,,2.29642
,,2.29491
,,2.29338
,,2.29162
,,2.29018
,,2.28876
,,2.28722
,,2.28583
,,2.28427
,,2.28285
,,2.28136
,,2.28014
,,2.27875
,,2.27742
,,2.27607
,,2.27464
,,2.27338
,,2.27178
,,2.27062
,,2.26920
,,2.26800
,,2.26675
,,2.26532
,,2.26400
,,2.26262
,,2.26146
,,2.26002
,,2.25884
,,2.25737
,,2.25606
,,2.25460
,,2.25318
,,2.25206
,,2.25056
,,2.24947
,,2.24796
,,2.24679
,,2.24548
,,2.24414
,,2.24292
,,2.24161
,,2.24051
,,2.23905
,,2.23766
,,2.23623
,,2.23484
,,2.23353
,,2.23218
,,2.23108
,,2.22970
,,2.22857
,,2.22720
,,2.22588
,,2.22462
,,2.22323
,,2.22216
,,2.22069
,,2.21951
,,2.21806
,,2.21674
,,2.21546
,,2.21412
,,2.21307
,,2.21175
,,2.21062
,,2.20929
,,2.20797
,,2.20670
,,2.20534
,,2.20424
,,2.20287
,,2.20163
,,2.20004
,,2.19866
,,2.19728
,,2.19592
,,2.19490
,,2.19360
,,2.19250
,,2.19116
,,2.18962
,,2.18832
,,2.18690
,,2.18584
,,2.18443
,,2.18313
,,2.18172
,,2.18023
,,2.17884
,,2.17746
,,2.17643
,,2.17506
,,2.17392
,,2.17242
,,2.17095
,,2.16938
,,2.16800
,,2.16691
,,2.16555
,,2.16443
,,2.16297
,,2.16162
,,2.16019
,,2.15884
,,2.15778
,,2.15644
,,2.15537
,,2.15399
,,2.15266
,,2.15132
,,2.14992
,,2.14886
,,2.14748
,,2.14637
,,2.14502
,,2.14368
,,2.14235
,,2.14093
,,2.13982
,,2.13850
,,2.13736
,,2.13596
,,2.13451
,,2.13318
,,2.13174
,,2.13059
,,2.12900
,,2.12786
,,2.12647
,,2.12510
,,2.12376
,,2.12221
,,2.12103
,,2.11951
,,2.11823
,,2.11678
,,2.11541
,,2.11385
,,2.11247
,,2.11134
,,2.10994
,,2.10880
,,2.10741
,,2.10608
,,2.10474
,,2.10336
,,2.10228
,,2.10087
,,2.09978
,,2.09847
,,2.09691
,,2.09559
,,2.09414
,,2.09305
,,2.09164
,,2.09052
,,2.08898
,,2.08754
,,2.08593
,,2.08439
,,2.08328
,,2.08186
,,2.08079
,,2.07932
,,2.07783
,,2.07626
,,2.07504
,,2.07380
,,2.07249
,,2.07131
,,2.06986
,,2.06863
,,2.06718
,,2.06588
,,2.06464
,,2.06329
,,2.06218
,,2.06081
,,2.05954
,,2.05817
,,2.05682
,,2.05565
,,2.05410
,,2.05297
,,2.05153
,,2.05016
,,2.04856
,,2.04729
,,2.04581
,,2.04452
,,2.04330
,,2.04186
,,2.04061
,,2.03922
,,2.03781
,,2.03648
,,2.03525
,,2.03381
,,2.03233
,,2.03075
,,2.02937
,,2.02818
,,2.02677
,,2.02563
,,2.02429
,,2.02305
,,2.02178
,,2.02029
,,2.01919
,,2.01777
,,2.01661
,,2.01520
,,2.01378
,,2.01246
,,2.01075
,,2.00949
,,2.00808
,,2.00701
,,2.00564
,,2.00427
,,2.00273
,,2.00134
,,2.00003
,,1.99862
,,1.99751
,,1.99606
,,1.99491
,,1.99341
,,1.99201
,,1.99061
,,1.98925
,,1.98812
,,1.98671
,,1.98556
,,1.98421
,,1.98300
,,1.98152
,,1.98014
,,1.97905
,,1.97766
,,1.97650
,,1.97514
,,1.97382
,,1.97236
,,1.97085
,,1.96966
,,1.96826
,,1.96714
,,1.96564
,,1.96448
,,1.96303
,,1.96139
,,1.96017
,,1.95882
,,1.95780
,,1.95639
,,1.95522
,,1.95376
,,1.95221
,,1.95079
,,1.94941
,,1.94833
,,1.94691
,,1.94581
,,1.94461
,,1.94322
,,1.94185
,,1.94049
,,1.93930
,,1.93789
,,1.93664
,,1.93535
,,1.93376
,,1.93212
,,1.93071
,,1.92957
,,1.92813
,,1.92716
,,1.92593
,,1.92478
,,1.92320
,,1.92165
,,1.92023
,,1.91885
,,1.91775
,,1.91648
,,1.91534
,,1.91394
,,1.91235
,,1.91093
,,1.90950
,,1.90851
,,1.90720
,,1.90630
,,1.90518
,,1.90366
,,1.90199
,,1.90030
,,1.89921
,,1.89780
,,1.89680
,,1.89571
,,1.89430
,,1.89262
,,1.89121
,,1.89008
,,1.88868
,,1.88758
,,1.88657
,,1.88515
,,1.88356
,,1.88197
,,1.88070
,,1.87931
,,1.87813
,,1.87703
,,1.87577
,,1.87427
,,1.87272
,,1.87142
,,1.86990
,,1.86878
,,1.86759
,,1.86673
,,1.86541
,,1.86384
,,1.86215
,,1.86077
,,1.85962
,,1.85826
,,1.85736
,,1.85622
,,1.85475
,,1.85323
,,1.85164
,,1.85049
,,1.84908
,,1.84804
,,1.84699
,,1.84543
,,1.84369
,,1.84220
,,1.84096
,,1.83950
,,1.83851
,,1.83741
,,1.83632
,,1.83463
,,1.83310
,,1.83185
,,1.83039
,,1.82934
,,1.82826
,,1.82745
,,1.82614
,,1.82460
,,1.82337
,,1.82187
,,1.82062
,,1.81925
,,1.81816
,,1.81718
,,1.81555
,,1.81416
,,1.81259
,,1.81141
,,1.81008
,,1.80867
,,1.80780
,,1.80636
,,1.80489
,,1.80320
,,1.80193
,,1.80057
,,1.79916
,,1.79829
,,1.79690
,,1.79545
,,1.79376
,,1.79232
,,1.79110
,,1.78973
,,1.78891
,,1.78780
,,1.78676
,,1.78516
,,1.78359
,,1.78234
,,1.78091
,,1.77988
,,1.77852
,,1.77769
,,1.77640
,,1.77481
,,1.77351
,,1.77213
,,1.77095
,,1.76947
,,1.76842
,,1.76719
,,1.76557
,,1.76398
,,1.76268
,,1.76125
,,1.75968
,,1.75856
,,1.75711
,,1.75559
,,1.75398
,,1.75271
,,1.75146
,,1.75007
,,1.74905
,,1.74795
,,1.74695
,,1.74540
,,1.74400
,,1.74278
,,1.74136
,,1.74020
,,1.73876
,,1.73785
,,1.73643
,,1.73486
,,1.73369
,,1.73229
,,1.73112
,,1.72974
,,1.72867
,,1.72744
,,1.72602
,,1.72487
,,1.72348
,,1.72230
,,1.72093
,,1.71963
,,1.71846
,,1.71688
,,1.71552
,,1.71388
,,1.71275
,,1.71143
,,1.71005
,,1.70903
,,1.70788
,,1.70684
,,1.70533
,,1.70414
,,1.70283
,,1.70149
,,1.70021
,,1.69874
,,1.69750
,,1.69596
,,1.69467
,,1.69331
,,1.69184
,,1.69057
,,1.68916
,,1.68801
,,1.68671
,,1.68536
,,1.68378
,,1.68252
,,1.68111
,,1.67962
,,1.67834
,,1.67695
,,1.67584
,,1.67440
,,1.67326
,,1.67196
,,1.67064
,,1.66940
,,1.66786
,,1.66657
,,1.66495
,,1.66374
,,1.66239
,,1.66113
,,1.65986
,,1.65849
,,1.65736
,,1.65588
,,1.65457
,,1.65330
,,1.65195
,,1.65072
,,1.64920
,,1.64794
,,1.64662
,,1.64542
,,1.64402
,,1.64284
,,1.64163
,,1.64023
,,1.63907
,,1.63764
,,1.63645
,,1.63502
,,1.63366
,,1.63230
,,1.63081
,,1.62947
,,1.62806
,,1.62693
,,1.62556
,,1.62431
,,1.62311
,,1.62175
,,1.62061
,,1.61901
,,1.61777
,,1.61636
,,1.61505
,,1.61368
,,1.61231
,,1.61112
,,1.60961
,,1.60840
,,1.60705
,,1.60585
,,1.60456
,,1.60322
,,1.60199
,,1.60049
,,1.59923
,,1.59773
,,1.59656
,,1.59519
,,1.59387
,,1.59261
,,1.59123
,,1.59009
,,1.58872
,,1.58749
,,1.58616
,,1.58480
,,1.58353
,,1.58213
,,1.58095
,,1.57954
,,1.57836
,,1.57702
,,1.57564
,,1.57439
,,1.57305
,,1.57196
,,1.57057
,,1.56935
,,1.56803
,,1.56658
,,1.56528
,,1.56367
,,1.56249
,,1.56103
,,1.55993
,,1.55856
,,1.55731
,,1.55601
,,1.55464
,,1.55355
,,1.55215
,,1.55098
,,1.54958
,,1.54826
,,1.54684
,,1.54541
,,1.54418
,,1.54268
,,1.54151
,,1.54012
,,1.53886
,,1.53751
,,1.53613
,,1.53492
,,1.53345
,,1.53228
,,1.53089
,,1.52972
,,1.52842
,,1.52708
,,1.52590
,,1.52450
,,1.52335
,,1.52202
,,1.52078
,,1.51962
,,1.51817
,,1.51690
,,1.51540
,,1.51404
,,1.51257
,,1.51139
,,1.51013
,,1.50880
,,1.50766
,,1.50620
,,1.50497
,,1.50356
,,1.50229
,,1.50099
,,1.49951
,,1.49827
,,1.49689
,,1.49570
,,1.49425
,,1.49295
,,1.49166
,,1.49034
,,1.48920
,,1.48780
,,1.48653
,,1.48504
,,1.48377
,,1.48226
,,1.48095
,,1.47974
,,1.47828
,,1.47707
,,1.47555
,,1.47435
,,1.47297
,,1.47169
,,1.47053
,,1.46899
,,1.46773
,,1.46624
,,1.46500
,,1.46340
,,1.46219
,,1.46065
,,1.45944
,,1.45808
,,1.45680
,,1.45558
,,1.45422
,,1.45300
,,1.45156
,,1.45042
,,1.44920
,,1.44785
,,1.44663
,,1.44526
,,1.44404
,,1.44266
,,1.44148
,,1.44010
,,1.43887
,,1.43774
,,1.43642
,,1.43524
,,1.43388
,,1.43270
,,1.43135
,,1.43009
,,1.42890
,,1.42745
,,1.42640
,,1.42508
,,1.42393
,,1.42254
,,1.42132
,,1.42010
,,1.41873
,,1.41764
,,1.41623
,,1.41511
,,1.41372
,,1.41258
,,1.41112
,,1.40993
,,1.40879
,,1.40752
,,1.40650
,,1.40520
,,1.40409
,,1.40285
,,1.40161
,,1.40043
,,1.39899
,,1.39774
,,1.39645
,,1.39542
,,1.39416
,,1.39309
,,1.39194
,,1.39067
,,1.38963
,,1.38837
,,1.38732
,,1.38609
,,1.38498
,,1.38392
,,1.38262
,,1.38153
,,1.38014
,,1.37906
,,1.37778
,,1.37667
,,1.37560
,,1.37433
,,1.37332
,,1.37198
,,1.37091
,,1.36954
,,1.36834
,,1.36716
,,1.36592
,,1.36484
,,1.36354
,,1.36251
,,1.36123
,,1.36008
,,1.35878
,,1.35750
,,1.35638
,,1.35512
,,1.35407
,,1.35281
,,1.35168
,,1.35048
,,1.34920
,,1.34804
,,1.34668
,,1.34557
,,1.34434
,,1.34317
,,1.34204
,,1.34067
,,1.33938
,,1.33798
,,1.33680
,,1.33531
,,1.33426
,,1.33301
,,1.33184
,,1.33063
,,1.32932
,,1.32823
,,1.32678
,,1.32561
,,1.32422
,,1.32302
,,1.32174
,,1.32051
,,1.31932
,,1.31803
,,1.31696
,,1.31564
,,1.31458
,,1.31316
,,1.31206
,,1.31089
,,1.30963
,,1.30855
,,1.30720
,,1.30614
,,1.30483
,,1.30372
,,1.30263
,,1.30139
,,1.30033
,,1.29902
,,1.29792
,,1.29657
,,1.29532
,,1.29424
,,1.29296
,,1.29191
,,1.29055
,,1.28942
,,1.28815
,,1.28691
,,1.28587
,,1.28455
,,1.28351
,,1.28222
,,1.28113
,,1.27984
,,1.27861
,,1.27746
,,1.27596
,,1.27482
,,1.27350
,,1.27249
,,1.27116
,,1.27001
,,1.26889
,,1.26759
,,1.26656
,,1.26509
,,1.26392
,,1.26244
,,1.26142
,,1.26006
,,1.25884
,,1.25773
,,1.25646
,,1.25543
,,1.25415
,,1.25305
,,1.25177
,,1.25060
,,1.24949
,,1.24813
,,1.24704
,,1.24567
,,1.24464
,,1.24335
,,1.24224
,,1.24119
,,1.23981
,,1.23877
,,1.23749
,,1.23637
,,1.23513
,,1.23381
,,1.23267
,,1.23138
,,1.23029
,,1.22896
,,1.22785
,,1.22653
,,1.22546
,,1.22432
,,1.22313
,,1.22207
,,1.22058
,,1.21950
,,1.21816
,,1.21695
,,1.21568
,,1.21449
,,1.21327
,,1.21206
,,1.21102
,,1.20973
,,1.20864
,,1.20731
,,1.20619
,,1.20505
,,1.20388
,,1.20290
,,1.20164
,,1.20066
,,1.19944
,,1.19831
,,1.19725
,,1.19600
,,1.19503
,,1.19380
,,1.19278
,,1.19167
,,1.19051
,,1.18951
,,1.18825
,,1.18725
,,1.18608
,,1.18497
,,1.18402
,,1.18278
,,1.18183
,,1.18059
,,1.17953
,,1.17836
,,1.17717
,,1.17620
,,1.17493
,,1.17394
,,1.17282
,,1.17172
,,1.17066
,,1.16941
,,1.16841
,,1.16717
,,1.16612
,,1.16507
,,1.16391
,,1.16302
,,1.16180
,,1.16081
,,1.15970
,,1.15854
,,1.15754
,,1.15630
,,1.15534
,,1.15413
,,1.15309
,,1.15209
,,1.15090
,,1.14991
,,1.14866
,,1.14759
,,1.14646
,,1.14531
,,1.14435
,,1.14313
,,1.14219
,,1.14101
,,1.13994
,,1.13894
,,1.13766
,,1.13668
,,1.13543
,,1.13436
,,1.13330
,,1.13211
,,1.13113
,,1.12983
,,1.12880
,,1.12763
,,1.12641
,,1.12539
,,1.12406
,,1.12309
,,1.12186
,,1.12080
,,1.11973
,,1.11850
,,1.11749
,,1.11619
,,1.11512
,,1.11396
,,1.11277
,,1.11180
,,1.11046
,,1.10945
,,1.10818
,,1.10702
,,1.10594
,,1.10464
,,1.10366
,,1.10234
,,1.10127
,,1.10020
,,1.09895
,,1.09797
,,1.09666
,,1.09562
,,1.09446
,,1.09325
,,1.09229
,,1.09098
,,1.08999
,,1.08878
,,1.08767
,,1.08661
,,1.08536
,,1.08439
,,1.08310
,,1.08206
,,1.08103
,,1.07985
,,1.07889
,,1.07763
,,1.07664
,,1.07551
,,1.07436
,,1.07338
,,1.07212
,,1.07115
,,1.06995
,,1.06884
,,1.06783
,,1.06656
,,1.06554
,,1.06426
,,1.06319
,,1.06208
,,1.06088
,,1.05995
,,1.05866
,,1.05767
,,1.05651
,,1.05540
,,1.05447
,,1.05323
,,1.05229
,,1.05110
,,1.05004
,,1.04907
,,1.04788
,,1.04694
,,1.04570
,,1.04464
,,1.04356
,,1.04242
,,1.04150
,,1.04027
,,1.03933
,,1.03819
,,1.03714
,,1.03621
,,1.03499
,,1.03410
,,1.03290
,,1.03185
,,1.03082
,,1.02967
,,1.02879
,,1.02752
,,1.02656
,,1.02546
,,1.02434
,,1.02338
,,1.02210
,,1.02117
,,1.01991
,,1.01890
,,1.01792
,,1.01678
,,1.01592
,,1.01473
,,1.01382
,,1.01277
,,1.01170
,,1.01083
,,1.00964
,,1.00878
,,1.00762
,,1.00662
,,1.00560
,,1.00444
,,1.00350
,,1.00220
,,1.00119
,,0.99997
,,0.99881
,,0.99781
,,0.99652
,,0.99551
,,0.99421
,,0.99307
,,0.99194
,,0.99062
,,0.98958
,,0.98822
,,0.98713
,,0.98589
,,0.98466
,,0.98362
,,0.98224
,,0.98121
,,0.97987
,,0.97872
,,0.97761
,,0.97634
,,0.97533
,,0.97396
,,0.97288
,,0.97169
,,0.97046
,,0.96943
,,0.96812
,,0.96710
,,0.96584
,,0.96473
,,0.96372
,,0.96243
,,0.96147
,,0.96016
,,0.95909
,,0.95797
,,0.95676
,,0.95580
,,0.95449
,,0.95349
,,0.95231
,,0.95117
,,0.95020
,,0.94890
,,0.94792
,,0.94667
,,0.94559
,,0.94450
,,0.94329
,,0.94235
,,0.94102
,,0.93994
,,0.93870
,,0.93758
,,0.93653
,,0.93525
,,0.93428
,,0.93298
,,0.93194
,,0.93084
,,0.92960
,,0.92865
,,0.92734
,,0.92631
,,0.92511
,,0.92396
,,0.92296
,,0.92169
,,0.92073
,,0.91944
,,0.91831
,,0.91719
,,0.91592
,,0.91494
,,0.91357
,,0.91260
,,0.91128
,,0.91020
,,0.90899
,,0.90771
,,0.90669
,,0.90522
,,0.90425
,,0.90296
,,0.90194
,,0.90069
,,0.89954
,,0.89856
,,0.89720
,,0.89618
,,0.89486
,,0.89377
,,0.89254
,,0.89130
,,0.89023
,,0.88895
,,0.88799
,,0.88670
,,0.88563
,,0.88441
,,0.88325
,,0.88218
,,0.88095
,,0.87991
,,0.87861
,,0.87762
,,0.87638
,,0.87525
,,0.87420
,,0.87303
,,0.87214
,,0.87071
,,0.86964
,,0.86839
,,0.86734
,,0.86604
,,0.86494
,,0.86373
,,0.86261
,,0.86163
,,0.86043
,,0.85954
,,0.85834
,,0.85737
,,0.85619
,,0.85505
,,0.85387
,,0.85262
,,0.85171
,,0.85040
,,0.84936
,,0.84801
,,0.84701
,,0.84587
,,0.84476
,,0.84380
,,0.84255
,,0.84160
,,0.84032
,,0.83926
,,0.83817
,,0.83697
,,0.83600
,,0.83463
,,0.83359
,,0.83232
,,0.83141
,,0.83022
,,0.82916
,,0.82814
,,0.82695
,,0.82603
,,0.82473
,,0.82391
,,0.82272
,,0.82181
,,0.82070
,,0.81969
,,0.81872
,,0.81761
,,0.81676
,,0.81559
,,0.81468
,,0.81350
,,0.81236
,,0.81120
,,0.80994
,,0.80888
,,0.80765
,,0.80658
,,0.80528
,,0.80441
,,0.80323
,,0.80233
,,0.80128
,,0.80024
,,0.79929
,,0.79814
,,0.79730
,,0.79608
,,0.79518
,,0.79407
,,0.79311
,,0.79221
,,0.79119
,,0.79041
,,0.78934
,,0.78849
,,0.78737
,,0.78632
,,0.78517
,,0.78415
,,0.78324
,,0.78208
,,0.78124
,,0.78018
,,0.77925
,,0.77836
,,0.77736
,,0.77656
,,0.77541
,,0.77461
,,0.77362
,,0.77277
,,0.77196
,,0.77106
,,0.77031
,,0.76933
,,0.76862
,,0.76774
,,0.76695
,,0.76617
,,0.76523
,,0.76453
,,0.76360
,,0.76296
,,0.76202
,,0.76134
,,0.76054
,,0.75976
,,0.75901
,,0.75827
,,0.75765
,,0.75687
,,0.75630
,,0.75551
,,0.75481
,,0.75405
,,0.75322
,,0.75252
,,0.75159
,,0.75095
,,0.75003
,,0.74940
,,0.74859
,,0.74792
,,0.74722
,,0.74644
,,0.74569
,,0.74481
,,0.74411
,,0.74319
,,0.74251
,,0.74162
,,0.74086
,,0.74003
,,0.73916
,,0.73843
,,0.73747
,,0.73671
,,0.73570
,,0.73486
,,0.73389
,,0.73282
,,0.73189
,,0.73067
,,0.72979
,,0.72870
,,0.72787
,,0.72685
,,0.72592
,,0.72508
,,0.72401
,,0.72317
,,0.72207
,,0.72117
,,0.72014
,,0.71907
,,0.71815
,,0.71698
,,0.71603
,,0.71488
,,0.71400
,,0.71285
,,0.71187
,,0.71089
,,0.70970
,,0.70881
,,0.70753
,,0.70669
,,0.70563
,,0.70474
,,0.70378
,,0.70289
,,0.70217
,,0.70123
,,0.70044
,,0.69948
,,0.69866
,,0.69772
,,0.69682
,,0.69598
,,0.69494
,,0.69408
,,0.69293
,,0.69209
,,0.69106
,,0.69020
,,0.68928
,,0.68824
,,0.68740
,,0.68623
,,0.68530
,,0.68420
,,0.68326
,,0.68232
,,0.68121
,,0.68031
,,0.67914
,,0.67828
,,0.67719
,,0.67619
,,0.67521
,,0.67405
,,0.67314
,,0.67189
,,0.67094
,,0.66977
,,0.66873
,,0.66768
,,0.66664
,,0.66575
,,0.66458
,,0.66366
,,0.66250
,,0.66152
,,0.66040
,,0.65920
,,0.65823
,,0.65703
,,0.65608
,,0.65490
,,0.65378
,,0.65264
,,0.65162
,,0.65065
,,0.64949
,,0.64864
,,0.64736
,,0.64649
,,0.64539
,,0.64444
,,0.64349
,,0.64241
,,0.64144
,,0.64027
,,0.63954
,,0.63856
,,0.63779
,,0.63693
,,0.63599
,,0.63506
,,0.63411
,,0.63334
,,0.63225
,,0.63135
,,0.63024
,,0.62942
,,0.62847
,,0.62764
,,0.62688
,,0.62593
,,0.62519
,,0.62414
,,0.62330
,,0.62231
,,0.62137
,,0.62049
,,0.61946
,,0.61868
,,0.61760
,,0.61688
,,0.61590
,,0.61512
,,0.61426
,,0.61333
,,0.61254
,,0.61150
,,0.61072
,,0.60974
,,0.60889
,,0.60803
,,0.60705
,,0.60621
,,0.60526
,,0.60452
,,0.60360
,,0.60278
,,0.60196
,,0.60097
,,0.60018
,,0.59930
,,0.59866
,,0.59779
,,0.59709
,,0.59633
,,0.59563
,,0.59494
,,0.59428
,,0.59369
,,0.59288
,,0.59228
,,0.59145
,,0.59075
,,0.58995
,,0.58926
,,0.58853
,,0.58772
,,0.58708
,,0.58625
,,0.58563
,,0.58480
,,0.58409
,,0.58340
,,0.58252
,,0.58185
,,0.58096
,,0.58016
,,0.57914
,,0.57837
,,0.57749
,,0.57682
,,0.57606
,,0.57534
,,0.57463
,,0.57374
,,0.57313
,,0.57232
,,0.57170
,,0.57082
,,0.56999
,,0.56912
,,0.56830
,,0.56756
,,0.56669
,,0.56601
,,0.56512
,,0.56427
,,0.56335
,,0.56254
,,0.56175
,,0.56084
,,0.56010
,,0.55910
,,0.55821
,,0.55723
,,0.55641
,,0.55563
,,0.55474
,,0.55406
,,0.55315
,,0.55239
,,0.55157
,,0.55076
,,0.55001
,,0.54901
,,0.54824
,,0.54729
,,0.54640
,,0.54548
,,0.54463
,,0.54384
,,0.54276
,,0.54187
,,0.54083
,,0.53988
,,0.53878
,,0.53786
,,0.53669
,,0.53563
,,0.53461
,,0.53335
,,0.53240
,,0.53127
,,0.53037
,,0.52918
,,0.52823
,,0.52719
,,0.52612
,,0.52520
,,0.52400
,,0.52300
,,0.52178
,,0.52075
,,0.51962
,,0.51864
,,0.51762
,,0.51647
,,0.51548
,,0.51418
,,0.51326
,,0.51216
,,0.51121
,,0.51027
,,0.50920
,,0.50836
,,0.50722
,,0.50632
,,0.50529
,,0.50425
,,0.50331
,,0.50218
,,0.50133
,,0.50025
,,0.49929
,,0.49831
,,0.49722
,,0.49636
,,0.49522
,,0.49424
,,0.49310
,,0.49205
,,0.49114
,,0.49004
,,0.48918
,,0.48807
,,0.48713
,,0.48614
,,0.48506
,,0.48415
,,0.48300
,,0.48210
,,0.48103
,,0.48005
,,0.47918
,,0.47809
,,0.47726
,,0.47617
,,0.47523
,,0.47425
,,0.47320
,,0.47230
,,0.47121
,,0.47032
,,0.46934
,,0.46839
,,0.46760
,,0.46657
,,0.46579
,,0.46484
,,0.46395
,,0.46307
,,0.46205
,,0.46123
,,0.46020
,,0.45933
,,0.45846
,,0.45750
,,0.45676
,,0.45579
,,0.45505
,,0.45415
,,0.45329
,,0.45251
,,0.45155
,,0.45077
,,0.44983
,,0.44897
,,0.44815
,,0.44727
,,0.44659
,,0.44573
,,0.44504
,,0.44419
,,0.44341
,,0.44263
,,0.44169
,,0.44090
,,0.43995
,,0.43914
,,0.43825
,,0.43734
,,0.43659
,,0.43562
,,0.43485
,,0.43389
,,0.43306
,,0.43224
,,0.43124
,,0.43044
,,0.42944
,,0.42856
,,0.42767
,,0.42674
,,0.42596
,,0.42506
,,0.42434
,,0.42350
,,0.42276
,,0.42202
,,0.42121
,,0.42051
,,0.41959
,,0.41884
,,0.41794
,,0.41709
,,0.41628
,,0.41535
,,0.41456
,,0.41361
,,0.41284
,,0.41195
,,0.41105
,,0.41016
,,0.40924
,,0.40849
,,0.40749
,,0.40672
,,0.40580
,,0.40498
,,0.40425
,,0.40343
,,0.40277
,,0.40195
,,0.40133
,,0.40058
,,0.39987
,,0.39921
,,0.39842
,,0.39780
,,0.39699
,,0.39630
,,0.39556
,,0.39480
,,0.39417
,,0.39339
,,0.39275
,,0.39203
,,0.39136
,,0.39070
,,0.38992
,,0.38926
,,0.38844
,,0.38772
,,0.38693
,,0.38609
,,0.38529
,,0.38440
,,0.38365
,,0.38279
,,0.38207
,,0.38132
,,0.38057
,,0.37993
,,0.37914
,,0.37849
,,0.37772
,,0.37695
,,0.37623
,,0.37541
,,0.37473
,,0.37392
,,0.37325
,,0.37253
,,0.37183
,,0.37123
,,0.37050
,,0.36990
,,0.36920
,,0.36860
,,0.36799
,,0.36731
,,0.36675
,,0.36606
,,0.36547
,,0.36482
,,0.36416
,,0.36357
,,0.36290
,,0.36237
,,0.36174
,,0.36116
,,0.36052
,,0.35993
,,0.35938
,,0.35874
,,0.35821
,,0.35756
,,0.35696
,,0.35634
,,0.35562
,,0.35503
,,0.35433
,,0.35372
,,0.35301
,,0.35231
,,0.35169
,,0.35102
,,0.35044
,,0.34973
,,0.34916
,,0.34852
,,0.34791
,,0.34733
,,0.34665
,,0.34607
,,0.34538
,,0.34471
,,0.34404
,,0.34334
,,0.34271
,,0.34196
,,0.34135
,,0.34065
,,0.34003
,,0.33941
,,0.33879
,,0.33826
,,0.33765
,,0.33715
,,0.33653
,,0.33601
,,0.33544
,,0.33482
,,0.33429
,,0.33360
,,0.33304
,,0.33234
,,0.33167
,,0.33101
,,0.33023
,,0.32959
,,0.32878
,,0.32804
,,0.32727
,,0.32649
,,0.32582
,,0.32500
,,0.32431
,,0.32348
,,0.32270
,,0.32195
,,0.32107
,,0.32032
,,0.31940
,,0.31866
,,0.31781
,,0.31703
,,0.31633
,,0.31544
,,0.31474
,,0.31395
,,0.31320
,,0.31228
,,0.31158
,,0.31076
,,0.31000
,,0.30927
,,0.30842
,,0.30772
,,0.30695
,,0.30628
,,0.30551
,,0.30489
,,0.30420
,,0.30351
,,0.30290
,,0.30210
,,0.30154
,,0.30082
,,0.30023
,,0.29955
,,0.29882
,,0.29817
,,0.29732
,,0.29667
,,0.29596
,,0.29537
,,0.29469
,,0.29410
,,0.29351
,,0.29286
,,0.29232
,,0.29162
,,0.29104
,,0.29035
,,0.28970
,,0.28910
,,0.28837
,,0.28776
,,0.28699
,,0.28636
,,0.28568
,,0.28499
,,0.28443
,,0.28374
,,0.28319
,,0.28255
,,0.28200
,,0.28145
,,0.28081
,,0.28021
,,0.27953
,,0.27899
,,0.27830
,,0.27767
,,0.27707
,,0.27636
,,0.27576
,,0.27501
,,0.27440
,,0.27371
,,0.27309
,,0.27248
,,0.27188
,,0.27133
,,0.27070
,,0.27018
,,0.26944
,,0.26890
,,0.26827
,,0.26766
,,0.26710
,,0.26645
,,0.26589
,,0.26511
,,0.26455
,,0.26386
,,0.26328
,,0.26264
,,0.26200
,,0.26143
,,0.26082
,,0.26035
,,0.25970
,,0.25917
,,0.25857
,,0.25803
,,0.25751
,,0.25690
,,0.25641
,,0.25574
,,0.25518
,,0.25457
,,0.25394
,,0.25339
,,0.25269
,,0.25213
,,0.25137
,,0.25083
,,0.25020
,,0.24957
,,0.24899
,,0.24835
,,0.24773
,,0.24704
,,0.24650
,,0.24580
,,0.24522
,,0.24458
,,0.24390
,,0.24327
,,0.24250
,,0.24180
,,0.24103
,,0.24032
,,0.23957
,,0.23890
,,0.23819
,,0.23751
,,0.23685
,,0.23603
,,0.23536
,,0.23452
,,0.23379
,,0.23296
,,0.23209
,,0.23133
,,0.23044
,,0.22970
,,0.22881
,,0.22810
,,0.22735
,,0.22657
,,0.22590
,,0.22508
,,0.22433
,,0.22352
,,0.22290
,,0.22212
,,0.22135
,,0.22060
,,0.21989
,,0.21924
,,0.21845
,,0.21783
,,0.21701
,,0.21635
,,0.21559
,,0.21482
,,0.21399
,,0.21305
,,0.21228
,,0.21120
,,0.21044
,,0.20929
,,0.20847
,,0.20757
,,0.20663
,,0.20585
,,0.20485
,,0.20395
,,0.20298
,,0.20220
,,0.20129
,,0.20040
,,0.19959
,,0.19859
,,0.19770
,,0.19674
,,0.19594
,,0.19507
,,0.19420
,,0.19338
,,0.19242
,,0.19166
,,0.19074
,,0.18994
,,0.18902
,,0.18814
,,0.18737
,,0.18645
,,0.18571
,,0.18483
,,0.18404
,,0.18327
,,0.18241
,,0.18171
,,0.18083
,,0.18007
,,0.17915
,,0.17831
,,0.17748
,,0.17657
,,0.17576
,,0.17483
,,0.17405
,,0.17321
,,0.17238
,,0.17165
,,0.17076
,,0.17005
,,0.16913
,,0.16832
,,0.16743
,,0.16656
,,0.16582
,,0.16488
,,0.16417
,,0.16325
,,0.16246
,,0.16167
,,0.16070
,,0.15994
,,0.15905
,,0.15825
,,0.15731
,,0.15653
,,0.15564
,,0.15482
,,0.15405
,,0.15318
,,0.15245
,,0.15154
,,0.15075
,,0.14990
,,0.14902
,,0.14826
,,0.14730
,,0.14654
,,0.14564
,,0.14476
,,0.14393
,,0.14299
,,0.14222
,,0.14124
,,0.14043
,,0.13955
,,0.13865
,,0.13786
,,0.13690
,,0.13611
,,0.13518
,,0.13431
,,0.13338
,,0.13238
,,0.13156
,,0.13055
,,0.12973
,,0.12876
,,0.12783
,,0.12696
,,0.12596
,,0.12518
,,0.12418
,,0.12335
,,0.12238
,,0.12146
,,0.12061
,,0.11963
,,0.11885
,,0.11786
,,0.11704
,,0.11617
,,0.11519
,,0.11432
,,0.11328
,,0.11243
,,0.11140
,,0.11037
,,0.10935
,,0.10840
,,0.10749
,,0.10644
,,0.10560
,,0.10452
,,0.10352
,,0.10245
,,0.10142
,,0.10050
,,0.09928
,,0.09840
,,0.09731
,,0.09639
,,0.09516
,,0.09425
,,0.09325
,,0.09222
,,0.09133
,,0.09009
,,0.08923
,,0.08811
,,0.08714
,,0.08604
,,0.08506
,,0.08404
,,0.08301
,,0.08211
,,0.08105
,,0.08016
,,0.07914
,,0.07819
,,0.07728
,,0.07623
,,0.07535
,,0.07429
,,0.07331
,,0.07229
,,0.07135
,,0.07045
,,0.06943
,,0.06855
,,0.06747
,,0.06645
,,0.06525
,,0.06426
,,0.06330
,,0.06227
,,0.06138
,,0.06030
,,0.05937
,,0.05826
,,0.05726
,,0.05633
,,0.05522
,,0.05427
,,0.05313
,,0.05214
,,0.05104
,,0.05008
,,0.04895
,,0.04782
,,0.04669
,,0.04551
,,0.04455
,,0.04334
,,0.04242
,,0.04126
,,0.04024
,,0.03920
,,0.03805
,,0.03711
,,0.03593
,,0.03490
,,0.03374
,,0.03268
,,0.03170
,,0.03055
,,0.02958
,,0.02834
,,0.02736
,,0.02619
,,0.02510
,,0.02405
,,0.02290
,,0.02189
,,0.02076
,,0.01976
,,0.01864
,,0.01756
,,0.01656
,,0.01537
,,0.01437
,,0.01320
,,0.01218
,,0.01109
,,0.00996
,,0.00890
,,0.00767
,,0.00669
,,0.00556
,,0.00451
,,0.00346
,,0.00223
,,0.00128
,,0.00012
,,-0.00084
,,-0.00191
,,-0.00300
,,-0.00394
,,-0.00509
,,-0.00600
,,-0.00710
,,-0.00811
,,-0.00911
,,-0.01025
,,-0.01118
,,-0.01232
,,-0.01333
,,-0.01439
,,-0.01547
,,-0.01644
,,-0.01756
,,-0.01852
,,-0.01960
,,-0.02063
,,-0.02160
,,-0.02272
,,-0.02368
,,-0.02483
,,-0.02581
,,-0.02685
,,-0.02796
,,-0.02892
,,-0.03009
,,-0.03109
,,-0.03225
,,-0.03346
,,-0.03454
,,-0.03573
,,-0.03693
,,-0.03816
,,-0.03926
,,-0.04046
,,-0.04142
,,-0.04259
,,-0.04370
,,-0.04480
,,-0.04598
,,-0.04699
,,-0.04809
,,-0.04902
,,-0.05015
,,-0.05113
,,-0.05219
,,-0.05321
,,-0.05412
,,-0.05523
,,-0.05613
,,-0.05722
,,-0.05821
,,-0.05920
,,-0.06030
,,-0.06128
,,-0.06244
,,-0.06343
,,-0.06465
,,-0.06569
,,-0.06677
,,-0.06780
,,-0.06871
,,-0.06981
,,-0.07074
,,-0.07184
,,-0.07290
,,-0.07405
,,-0.07512
,,-0.07608
,,-0.07719
,,-0.07812
,,-0.07925
,,-0.08033
,,-0.08142
,,-0.08255
,,-0.08353
,,-0.08493
,,-0.08593
,,-0.08717
,,-0.08830
,,-0.08948
,,-0.09056
,,-0.09160
,,-0.09282
,,-0.09389
,,-0.09530
,,-0.09638
,,-0.09766
,,-0.09877
,,-0.10010
,,-0.10129
,,-0.10240
,,-0.10372
,,-0.10485
,,-0.10630
,,-0.10738
,,-0.10868
,,-0.10987
,,-0.11123
,,-0.11243
,,-0.11352
,,-0.11486
,,-0.11597
,,-0.11732
,,-0.11842
,,-0.11971
,,-0.12092
,,-0.12217
,,-0.12352
,,-0.12461
,,-0.12588
,,-0.12698
,,-0.12827
,,-0.12941
,,-0.13088
,,-0.13212
,,-0.13334
,,-0.13474
,,-0.13594
,,-0.13733
,,-0.13840
,,-0.13989
,,-0.14103
,,-0.14232
,,-0.14347
,,-0.14466
,,-0.14593
,,-0.14701
,,-0.14831
,,-0.14940
,,-0.15065
,,-0.15194
,,-0.15326
,,-0.15470
,,-0.15600
,,-0.15733
,,-0.15842
,,-0.15974
,,-0.16087
,,-0.16220
,,-0.16355
,,-0.16484
,,-0.16628
,,-0.16754
,,-0.16889
,,-0.16999
,,-0.17133
,,-0.17247
,,-0.17372
,,-0.17497
,,-0.17615
,,-0.17758
,,-0.17876
,,-0.18035
,,-0.18155
,,-0.18293
,,-0.18412
,,-0.18557
,,-0.18679
,,-0.18799
,,-0.18932
,,-0.19046
,,-0.19177
,,-0.19292
,,-0.19415
,,-0.19553
,,-0.19688
,,-0.19820
,,-0.19952
,,-0.20089
,,-0.20203
,,-0.20340
,,-0.20463
,,-0.20590
,,-0.20727
,,-0.20838
,,-0.20981
,,-0.21098
,,-0.21231
,,-0.21349
,,-0.21481
,,-0.21608
,,-0.21735
,,-0.21887
,,-0.22022
,,-0.22157
,,-0.22270
,,-0.22407
,,-0.22518
,,-0.22648
,,-0.22784
,,-0.22910
,,-0.23043
,,-0.23153
,,-0.23287
,,-0.23396
,,-0.23524
,,-0.23644
,,-0.23755
,,-0.23893
,,-0.24003
,,-0.24142
,,-0.24257
,,-0.24388
,,-0.24520
,,-0.24640
,,-0.24782
,,-0.24896
,,-0.25036
,,-0.25147
,,-0.25273
,,-0.25394
,,-0.25515
,,-0.25646
,,-0.25761
,,-0.25902
,,-0.26017
,,-0.26147
,,-0.26278
,,-0.26401
,,-0.26541
,,-0.26657
,,-0.26793
,,-0.26902
,,-0.27033
,,-0.27150
,,-0.27272
,,-0.27402
,,-0.27521
,,-0.27655
,,-0.27773
,,-0.27901
,,-0.28028
,,-0.28153
,,-0.28289
,,-0.28407
,,-0.28546
,,-0.28658
,,-0.28786
,,-0.28905
,,-0.29027
,,-0.29157
,,-0.29276
,,-0.29417
,,-0.29536
,,-0.29673
,,-0.29796
,,-0.29930
,,-0.30057
,,-0.30167
,,-0.30298
,,-0.30413
,,-0.30543
,,-0.30664
,,-0.30785
,,-0.30923
,,-0.31045
,,-0.31184
,,-0.31303
,,-0.31442
,,-0.31562
,,-0.31694
,,-0.31821
,,-0.31933
,,-0.32070
,,-0.32184
,,-0.32316
,,-0.32437
,,-0.32560
,,-0.32694
,,-0.32805
,,-0.32939
,,-0.33056
,,-0.33180
,,-0.33306
,,-0.33425
,,-0.33558
,,-0.33672
,,-0.33804
,,-0.33921
,,-0.34046
,,-0.34179
,,-0.34294
,,-0.34426
,,-0.34542
,,-0.34681
,,-0.34804
,,-0.34927
,,-0.35058
,,-0.35167
,,-0.35306
,,-0.35420
,,-0.35543
,,-0.35676
,,-0.35797
,,-0.35942
,,-0.36060
,,-0.36199
,,-0.36321
,,-0.36444
,,-0.36572
,,-0.36688
,,-0.36838
,,-0.36956
,,-0.37098
,,-0.37227
,,-0.37359
,,-0.37488
,,-0.37610
,,-0.37752
,,-0.37865
,,-0.38003
,,-0.38121
,,-0.38248
,,-0.38378
,,-0.38495
,,-0.38631
,,-0.38748
,,-0.38886
,,-0.39008
,,-0.39136
,,-0.39276
,,-0.39395
,,-0.39543
,,-0.39664
,,-0.39805
,,-0.39922
,,-0.40049
,,-0.40184
,,-0.40307
,,-0.40452
,,-0.40576
,,-0.40721
,,-0.40843
,,-0.40979
,,-0.41111
,,-0.41230
,,-0.41376
,,-0.41493
,,-0.41633
,,-0.41755
,,-0.41884
,,-0.42017
,,-0.42132
,,-0.42280
,,-0.42399
,,-0.42539
,,-0.42658
,,-0.42787
,,-0.42913
,,-0.43025
,,-0.43154
,,-0.43264
,,-0.43393
,,-0.43506
,,-0.43621
,,-0.43747
,,-0.43850
,,-0.43979
,,-0.44093
,,-0.44220
,,-0.44340
,,-0.44458
,,-0.44588
,,-0.44695
,,-0.44828
,,-0.44938
,,-0.45057
,,-0.45175
,,-0.45289
,,-0.45424
,,-0.45535
,,-0.45666
,,-0.45776
,,-0.45897
,,-0.46020
,,-0.46126
,,-0.46257
,,-0.46365
,,-0.46495
,,-0.46610
,,-0.46731
,,-0.46856
,,-0.46973
,,-0.47108
,,-0.47220
,,-0.47351
,,-0.47467
,,-0.47584
,,-0.47708
,,-0.47816
,,-0.47945
,,-0.48054
,,-0.48174
,,-0.48293
,,-0.48405
,,-0.48531
,,-0.48635
,,-0.48763
,,-0.48873
,,-0.48995
,,-0.49119
,,-0.49234
,,-0.49360
,,-0.49466
,,-0.49594
,,-0.49704
,,-0.49828
,,-0.49958
,,-0.50096
,,-0.50217
,,-0.50325
,,-0.50456
,,-0.50561
,,-0.50685
,,-0.50800
,,-0.50911
,,-0.51041
,,-0.51142
,,-0.51273
,,-0.51386
,,-0.51507
,,-0.51630
,,-0.51742
,,-0.51888
,,-0.52008
,,-0.52145
,,-0.52250
,,-0.52378
,,-0.52492
,,-0.52603
,,-0.52730
,,-0.52830
,,-0.52959
,,-0.53064
,,-0.53189
,,-0.53306
,,-0.53416
,,-0.53546
,,-0.53647
,,-0.53775
,,-0.53891
,,-0.54003
,,-0.54129
,,-0.54235
,,-0.54376
,,-0.54479
,,-0.54600
,,-0.54714
,,-0.54830
,,-0.54963
,,-0.55067
,,-0.55201
,,-0.55307
,,-0.55427
,,-0.55546
,,-0.55664
,,-0.55798
,,-0.55904
,,-0.56056
,,-0.56161
,,-0.56295
,,-0.56406
,,-0.56520
,,-0.56657
,,-0.56769
,,-0.56900
,,-0.57006
,,-0.57138
,,-0.57252
,,-0.57371
,,-0.57497
,,-0.57619
,,-0.57756
,,-0.57873
,,-0.58014
,,-0.58141
,,-0.58279
,,-0.58392
,,-0.58513
,,-0.58640
,,-0.58750
,,-0.58902
,,-0.59011
,,-0.59150
,,-0.59269
,,-0.59401
,,-0.59523
,,-0.59644
,,-0.59778
,,-0.59885
,,-0.60018
,,-0.60128
,,-0.60251
,,-0.60371
,,-0.60486
,,-0.60620
,,-0.60730
,,-0.60867
,,-0.60986
,,-0.61126
,,-0.61243
,,-0.61360
,,-0.61483
,,-0.61588
,,-0.61716
,,-0.61826
,,-0.61949
,,-0.62061
,,-0.62172
,,-0.62299
,,-0.62414
,,-0.62550
,,-0.62657
,,-0.62792
,,-0.62902
,,-0.63018
,,-0.63137
,,-0.63243
,,-0.63369
,,-0.63473
,,-0.63596
,,-0.63722
,,-0.63841
,,-0.63962
,,-0.64070
,,-0.64200
,,-0.64346
,,-0.64472
,,-0.64592
,,-0.64718
,,-0.64827
,,-0.64945
,,-0.65054
,,-0.65168
,,-0.65283
,,-0.65395
,,-0.65517
,,-0.65631
,,-0.65764
,,-0.65868
,,-0.65987
,,-0.66094
,,-0.66206
,,-0.66320
,,-0.66423
,,-0.66542
,,-0.66637
,,-0.66741
,,-0.66841
,,-0.66939
,,-0.67048
,,-0.67138
,,-0.67250
,,-0.67344
,,-0.67445
,,-0.67545
,,-0.67638
,,-0.67744
,,-0.67835
,,-0.67943
,,-0.68036
,,-0.68138
,,-0.68237
,,-0.68326
,,-0.68434
,,-0.68522
,,-0.68628
,,-0.68725
,,-0.68818
,,-0.68921
,,-0.69007
,,-0.69106
,,-0.69195
,,-0.69282
,,-0.69374
,,-0.69455
,,-0.69559
,,-0.69643
,,-0.69737
,,-0.69829
,,-0.69919
,,-0.70014
,,-0.70089
,,-0.70176
,,-0.70250
,,-0.70327
,,-0.70404
,,-0.70474
,,-0.70557
,,-0.70625
,,-0.70708
,,-0.70785
,,-0.70860
,,-0.70947
,,-0.71021
,,-0.71106
,,-0.71179
,,-0.71256
,,-0.71331
,,-0.71394
,,-0.71471
,,-0.71533
,,-0.71609
,,-0.71677
,,-0.71744
,,-0.71819
,,-0.71889
,,-0.71976
,,-0.72043
,,-0.72125
,,-0.72194
,,-0.72273
,,-0.72354
,,-0.72431
,,-0.72516
,,-0.72585
,,-0.72673
,,-0.72739
,,-0.72823
,,-0.72895
,,-0.72969
,,-0.73048
,,-0.73122
,,-0.73208
,,-0.73279
,,-0.73371
,,-0.73455
,,-0.73535
,,-0.73618
,,-0.73689
,,-0.73776
,,-0.73839
,,-0.73915
,,-0.73977
,,-0.74047
,,-0.74121
,,-0.74191
,,-0.74275
,,-0.74350
,,-0.74441
,,-0.74521
,,-0.74606
,,-0.74693
,,-0.74779
,,-0.74866
,,-0.74956
,,-0.75041
,,-0.75112
,,-0.75194
,,-0.75273
,,-0.75358
,,-0.75437
,,-0.75506
,,-0.75591
,,-0.75658
,,-0.75745
,,-0.75835
,,-0.75920
,,-0.76002
,,-0.76077
,,-0.76166
,,-0.76243
,,-0.76334
,,-0.76415
,,-0.76500
,,-0.76586
,,-0.76666
,,-0.76763
,,-0.76842
,,-0.76945
,,-0.77023
,,-0.77114
,,-0.77203
,,-0.77279
,,-0.77375
,,-0.77453
,,-0.77550
,,-0.77625
,,-0.77713
,,-0.77799
,,-0.77878
,,-0.77969
,,-0.78046
,,-0.78138
,,-0.78215
,,-0.78304
,,-0.78392
,,-0.78481
,,-0.78569
,,-0.78639
,,-0.78735
,,-0.78813
,,-0.78898
,,-0.78982
,,-0.79080
,,-0.79163
,,-0.79241
,,-0.79333
,,-0.79409
,,-0.79504
,,-0.79585
,,-0.79682
,,-0.79768
,,-0.79849
,,-0.79932
,,-0.80002
,,-0.80091
,,-0.80167
,,-0.80248
,,-0.80325
,,-0.80400
,,-0.80487
,,-0.80560
,,-0.80658
,,-0.80734
,,-0.80826
,,-0.80915
,,-0.81003
,,-0.81097
,,-0.81172
,,-0.81263
,,-0.81333
,,-0.81422
,,-0.81497
,,-0.81589
,,-0.81682
,,-0.81769
,,-0.81861
,,-0.81937
,,-0.82030
,,-0.82108
,,-0.82210
,,-0.82287
,,-0.82377
,,-0.82456
,,-0.82537
,,-0.82624
,,-0.82694
,,-0.82788
,,-0.82860
,,-0.82945
,,-0.83026
,,-0.83113
,,-0.83202
,,-0.83284
,,-0.83358
,,-0.83422
,,-0.83500
,,-0.83565
,,-0.83637
,,-0.83708
,,-0.83774
,,-0.83851
,,-0.83913
,,-0.84001
,,-0.84073
,,-0.84162
,,-0.84226
,,-0.84297
,,-0.84369
,,-0.84430
,,-0.84513
,,-0.84574
,,-0.84655
,,-0.84725
,,-0.84798
,,-0.84881
,,-0.84952
,,-0.85037
,,-0.85102
,,-0.85186
,,-0.85261
,,-0.85337
,,-0.85421
,,-0.85489
,,-0.85579
,,-0.85654
,,-0.85747
,,-0.85826
,,-0.85906
,,-0.85999
,,-0.86066
,,-0.86155
,,-0.86224
,,-0.86309
,,-0.86385
,,-0.86454
,,-0.86537
,,-0.86605
,,-0.86693
,,-0.86761
,,-0.86860
,,-0.86940
,,-0.87021
,,-0.87110
,,-0.87198
,,-0.87294
,,-0.87369
,,-0.87464
,,-0.87550
,,-0.87644
,,-0.87737
,,-0.87832
,,-0.87925
,,-0.88013
,,-0.88114
,,-0.88187
,,-0.88283
,,-0.88366
,,-0.88452
,,-0.88550
,,-0.88633
,,-0.88729
,,-0.88809
,,-0.88907
,,-0.88982
,,-0.89073
,,-0.89158
,,-0.89237
,,-0.89340
,,-0.89413
,,-0.89512
,,-0.89584
,,-0.89680
,,-0.89761
,,-0.89842
,,-0.89934
,,-0.90017
,,-0.90122
,,-0.90196
,,-0.90296
,,-0.90367
,,-0.90457
,,-0.90530
,,-0.90608
,,-0.90693
,,-0.90768
,,-0.90865
,,-0.90942
,,-0.91033
,,-0.91105
,,-0.91197
,,-0.91282
,,-0.91358
,,-0.91446
,,-0.91518
,,-0.91608
,,-0.91677
,,-0.91762
,,-0.91839
,,-0.91921
,,-0.92019
,,-0.92090
,,-0.92193
,,-0.92257
,,-0.92351
,,-0.92421
,,-0.92502
,,-0.92584
,,-0.92650
,,-0.92740
,,-0.92810
,,-0.92899
,,-0.92976
,,-0.93052
,,-0.93142
,,-0.93220
,,-0.93317
,,-0.93394
,,-0.93492
,,-0.93557
,,-0.93645
,,-0.93714
,,-0.93793
,,-0.93873
,,-0.93936
,,-0.94032
,,-0.94094
,,-0.94181
,,-0.94253
,,-0.94336
,,-0.94408
,,-0.94493
,,-0.94571
,,-0.94637
,,-0.94723
,,-0.94797
,,-0.94889
,,-0.94956
,,-0.95045
,,-0.95123
,,-0.95197
,,-0.95279
,,-0.95341
,,-0.95427
,,-0.95493
,,-0.95578
,,-0.95664
,,-0.95735
,,-0.95837
,,-0.95906
,,-0.96001
,,-0.96068
,,-0.96160
,,-0.96232
,,-0.96323
,,-0.96406
,,-0.96475
,,-0.96559
,,-0.96619
,,-0.96713
,,-0.96780
,,-0.96866
,,-0.96943
,,-0.97012
,,-0.97106
,,-0.97175
,,-0.97283
,,-0.97357
,,-0.97455
,,-0.97534
,,-0.97619
,,-0.97707
,,-0.97782
,,-0.97881
,,-0.97944
,,-0.98039
,,-0.98110
,,-0.98192
,,-0.98273
,,-0.98340
,,-0.98430
,,-0.98490
,,-0.98581
,,-0.98652
,,-0.98732
,,-0.98814
,,-0.98890
,,-0.98981
,,-0.99055
,,-0.99154
,,-0.99229
,,-0.99327
,,-0.99401
,,-0.99484
,,-0.99566
,,-0.99627
,,-0.99717
,,-0.99779
,,-0.99879
,,-0.99946
,,-1.00030
,,-1.00103
,,-1.00174
,,-1.00268
,,-1.00344
,,-1.00434
,,-1.00500
,,-1.00593
,,-1.00659
,,-1.00749
,,-1.00832
,,-1.00912
,,-1.01006
,,-1.01076
,,-1.01172
,,-1.01239
,,-1.01346
,,-1.01422
,,-1.01513
,,-1.01585
,,-1.01660
,,-1.01747
,,-1.01820
,,-1.01911
,,-1.01976
,,-1.02076
,,-1.02160
,,-1.02251
,,-1.02338
,,-1.02423
,,-1.02517
,,-1.02583
,,-1.02681
,,-1.02752
,,-1.02837
,,-1.02918
,,-1.02978
,,-1.03070
,,-1.03130
,,-1.03218
,,-1.03290
,,-1.03366
,,-1.03459
,,-1.03531
,,-1.03628
,,-1.03693
,,-1.03791
,,-1.03868
,,-1.03949
,,-1.04042
,,-1.04126
,,-1.04223
,,-1.04292
,,-1.04388
,,-1.04453
,,-1.04553
,,-1.04626
,,-1.04711
,,-1.04800
,,-1.04867
,,-1.04966
,,-1.05036
,,-1.05125
,,-1.05206
,,-1.05288
,,-1.05372
,,-1.05441
,,-1.05525
,,-1.05583
,,-1.05664
,,-1.05722
,,-1.05793
,,-1.05864
,,-1.05920
,,-1.06004
,,-1.06062
,,-1.06149
,,-1.06201
,,-1.06280
,,-1.06337
,,-1.06407
,,-1.06471
,,-1.06522
,,-1.06590
,,-1.06631
,,-1.06699
,,-1.06744
,,-1.06805
,,-1.06859
,,-1.06904
,,-1.06977
,,-1.07021
,,-1.07092
,,-1.07136
,,-1.07202
,,-1.07249
,,-1.07305
,,-1.07368
,,-1.07409
,,-1.07480
,,-1.07525
,,-1.07595
,,-1.07646
,,-1.07706
,,-1.07760
,,-1.07810
,,-1.07863
,,-1.07901
,,-1.07958
,,-1.07993
,,-1.08054
,,-1.08096
,,-1.08147
,,-1.08194
,,-1.08235
,,-1.08285
,,-1.08316
,,-1.08374
,,-1.08410
,,-1.08465
,,-1.08507
,,-1.08550
,,-1.08605
,,-1.08639
,,-1.08695
,,-1.08733
,,-1.08786
,,-1.08834
,,-1.08873
,,-1.08929
,,-1.08962
,,-1.09017
,,-1.09049
,,-1.09093
,,-1.09134
,,-1.09166
,,-1.09213
,,-1.09241
,,-1.09291
,,-1.09327
,,-1.09370
,,-1.09412
,,-1.09454
,,-1.09499
,,-1.09529
,,-1.09581
,,-1.09609
,,-1.09660
,,-1.09695
,,-1.09738
,,-1.09782
,,-1.09809
,,-1.09864
,,-1.09897
,,-1.09951
,,-1.09981
,,-1.10036
,,-1.10066
,,-1.10109
,,-1.10151
,,-1.10181
,,-1.10243
,,-1.10277
,,-1.10325
,,-1.10361
,,-1.10413
,,-1.10441
,,-1.10486
,,-1.10521
,,-1.10559
,,-1.10602
,,-1.10629
,,-1.10680
,,-1.10716
,,-1.10771
,,-1.10801
,,-1.10846
,,-1.10888
,,-1.10929
,,-1.10976
,,-1.11004
,,-1.11058
,,-1.11087
,,-1.11134
,,-1.11171
,,-1.11205
,,-1.11254
,,-1.11280
,,-1.11333
,,-1.11360
,,-1.11410
,,-1.11441
,,-1.11480
,,-1.11519
,,-1.11552
,,-1.11590
,,-1.11614
,,-1.11656
,,-1.11687
,,-1.11731
,,-1.11766
,,-1.11802
,,-1.11846
,,-1.11874
,,-1.11926
,,-1.11959
,,-1.12013
,,-1.12039
,,-1.12084
,,-1.12120
,,-1.12157
,,-1.12203
,,-1.12233
,,-1.12288
,,-1.12318
,,-1.12365
,,-1.12401
,,-1.12448
,,-1.12489
,,-1.12518
,,-1.12567
,,-1.12594
,,-1.12637
,,-1.12667
,,-1.12706
,,-1.12743
,,-1.12777
,,-1.12813
,,-1.12836
,,-1.12874
,,-1.12897
,,-1.12933
,,-1.12964
,,-1.12995
,,-1.13031
,,-1.13053
,,-1.13093
,,-1.13120
,,-1.13161
,,-1.13193
,,-1.13230
,,-1.13264
,,-1.13292
,,-1.13333
,,-1.13359
,,-1.13404
,,-1.13431
,,-1.13473
,,-1.13508
,,-1.13540
,,-1.13582
,,-1.13606
,,-1.13650
,,-1.13679
,,-1.13717
,,-1.13755
,,-1.13783
,,-1.13827
,,-1.13854
,,-1.13899
,,-1.13929
,,-1.13969
,,-1.14007
,,-1.14039
,,-1.14083
,,-1.14108
,,-1.14152
,,-1.14181
,,-1.14217
,,-1.14253
,,-1.14283
,,-1.14324
,,-1.14350
,,-1.14392
,,-1.14425
,,-1.14465
,,-1.14507
,,-1.14546
,,-1.14588
,,-1.14616
,,-1.14663
,,-1.14692
,,-1.14737
,,-1.14773
,,-1.14817
,,-1.14861
,,-1.14893
,,-1.14943
,,-1.14975
,,-1.15029
,,-1.15063
,,-1.15114
,,-1.15153
,,-1.15192
,,-1.15238
,,-1.15267
,,-1.15316
,,-1.15347
,,-1.15394
,,-1.15437
,,-1.15480
,,-1.15524
,,-1.15558
,,-1.15609
,,-1.15645
,,-1.15699
,,-1.15737
,,-1.15790
,,-1.15832
,,-1.15872
,,-1.15927
,,-1.15962
,,-1.16021
,,-1.16064
,,-1.16119
,,-1.16179
,,-1.16225
,,-1.16285
,,-1.16328
,,-1.16390
,,-1.16440
,,-1.16498
,,-1.16548
,,-1.16595
,,-1.16651
,,-1.16691
,,-1.16762
,,-1.16807
,,-1.16868
,,-1.16913
,,-1.16972
,,-1.17024
,,-1.17081
,,-1.17141
,,-1.17189
,,-1.17259
,,-1.17308
,,-1.17386
,,-1.17446
,,-1.17529
,,-1.17604
,,-1.17677
,,-1.17768
,,-1.17836
,,-1.17918
,,-1.17983
,,-1.18075
,,-1.18143
,,-1.18235
,,-1.18316
,,-1.18390
,,-1.18486
,,-1.18562
,,-1.18680
,,-1.18761
,,-1.18867
,,-1.18958
,,-1.19061
,,-1.19152
,,-1.19234
,,-1.19326
,,-1.19395
,,-1.19497
,,-1.19582
,,-1.19681
,,-1.19770
,,-1.19860
,,-1.19963
,,-1.20041
,,-1.20141
,,-1.20221
,,-1.20330
,,-1.20401
,,-1.20493
,,-1.20575
,,-1.20646
,,-1.20740
,,-1.20805
,,-1.20912
,,-1.20989
,,-1.21084
,,-1.21165
,,-1.21246
,,-1.21340
,,-1.21407
,,-1.21503
,,-1.21579
,,-1.21665
,,-1.21745
,,-1.21811
,,-1.21898
,,-1.21962
,,-1.22053
,,-1.22124
,,-1.22207
,,-1.22282
,,-1.22351
,,-1.22440
,,-1.22508
,,-1.22605
,,-1.22685
,,-1.22778
,,-1.22859
,,-1.22940
,,-1.23031
,,-1.23098
,,-1.23183
,,-1.23250
,,-1.23347
,,-1.23417
,,-1.23497
,,-1.23572
,,-1.23640
,,-1.23722
,,-1.23782
,,-1.23882
,,-1.23941
,,-1.24029
,,-1.24099
,,-1.24170
,,-1.24240
,,-1.24298
,,-1.24366
,,-1.24419
,,-1.24499
,,-1.24555
,,-1.24634
,,-1.24690
,,-1.24754
,,-1.24824
,,-1.24886
,,-1.24960
,,-1.25021
,,-1.25102
,,-1.25158
,,-1.25233
,,-1.25300
,,-1.25361
,,-1.25438
,,-1.25492
,,-1.25584
,,-1.25640
,,-1.25724
,,-1.25802
,,-1.25886
,,-1.25962
,,-1.26032
,,-1.26117
,,-1.26178
,,-1.26271
,,-1.26341
,,-1.26432
,,-1.26514
,,-1.26590
,,-1.26688
,,-1.26751
,,-1.26840
,,-1.26898
,,-1.26978
,,-1.27035
,,-1.27104
,,-1.27168
,,-1.27223
,,-1.27296
,,-1.27349
,,-1.27427
,,-1.27489
,,-1.27569
,,-1.27635
,,-1.27700
,,-1.27773
,,-1.27825
,,-1.27898
,,-1.27952
,,-1.28020
,,-1.28080
,,-1.28139
,,-1.28207
,,-1.28263
,,-1.28327
,,-1.28377
,,-1.28455
,,-1.28510
,,-1.28579
,,-1.28643
,,-1.28703
,,-1.28777
,,-1.28834
,,-1.28913
,,-1.28982
,,-1.29054
,,-1.29129
,,-1.29193
,,-1.29263
,,-1.29316
,,-1.29385
,,-1.29434
,,-1.29498
,,-1.29557
,,-1.29611
,,-1.29680
,,-1.29730
,,-1.29800
,,-1.29858
,,-1.29928
,,-1.29997
,,-1.30060
,,-1.30137
,,-1.30191
,,-1.30264
,,-1.30319
,,-1.30382
,,-1.30451
,,-1.30507
,,-1.30571
,,-1.30620
,,-1.30687
,,-1.30738
,,-1.30806
,,-1.30861
,,-1.30930
,,-1.30992
,,-1.31047
,,-1.31113
,,-1.31169
,,-1.31243
,,-1.31299
,,-1.31382
,,-1.31443
,,-1.31514
,,-1.31580
,,-1.31647
,,-1.31718
,,-1.31781
,,-1.31841
,,-1.31892
,,-1.31954
,,-1.32001
,,-1.32063
,,-1.32117
,,-1.32184
,,-1.32246
,,-1.32312
,,-1.32384
,,-1.32451
,,-1.32526
,,-1.32579
,,-1.32653
,,-1.32709
,,-1.32776
,,-1.32851
,,-1.32916
,,-1.32984
,,-1.33035
,,-1.33103
,,-1.33152
,,-1.33219
,,-1.33273
,,-1.33329
,,-1.33392
,,-1.33439
,,-1.33512
,,-1.33564
,,-1.33650
,,-1.33718
,,-1.33790
,,-1.33877
,,-1.33951
,,-1.34043
,,-1.34114
,,-1.34203
,,-1.34283
,,-1.34352
,,-1.34438
,,-1.34504
,,-1.34589
,,-1.34660
,,-1.34739
,,-1.34824
,,-1.34897
,,-1.34997
,,-1.35075
,,-1.35178
,,-1.35275
,,-1.35366
,,-1.35473
,,-1.35557
,,-1.35664
,,-1.35747
,,-1.35846
,,-1.35944
,,-1.36029
,,-1.36143
,,-1.36228
,,-1.36348
,,-1.36445
,,-1.36552
,,-1.36662
,,-1.36753
,,-1.36877
,,-1.36959
,,-1.37079
,,-1.37174
,,-1.37284
,,-1.37378
,,-1.37468
,,-1.37579
,,-1.37670
,,-1.37787
,,-1.37878
,,-1.37994
,,-1.38093
,,-1.38185
,,-1.38288
,,-1.38372
,,-1.38479
,,-1.38571
,,-1.38685
,,-1.38793
,,-1.38918
,,-1.39031
,,-1.39148
,,-1.39271
,,-1.39371
,,-1.39493
,,-1.39588
,,-1.39712
,,-1.39819
,,-1.39922
,,-1.40051
,,-1.40157
,,-1.40288
,,-1.40393
,,-1.40522
,,-1.40634
,,-1.40753
,,-1.40864
,,-1.40961
,,-1.41083
,,-1.41179
,,-1.41308
,,-1.41429
,,-1.41558
,,-1.41682
,,-1.41821
,,-1.41957
,,-1.42066
,,-1.42190
,,-1.42280
,,-1.42400
,,-1.42491
,,-1.42609
,,-1.42729
,,-1.42839
,,-1.42967
,,-1.43078
,,-1.43226
,,-1.43321
,,-1.43448
,,-1.43541
,,-1.43656
,,-1.43761
,,-1.43859
,,-1.43985
,,-1.44081
,,-1.44213
,,-1.44316
,,-1.44452
,,-1.44562
,,-1.44674
,,-1.44793
,,-1.44884
,,-1.44994
,,-1.45079
,,-1.45198
,,-1.45298
,,-1.45418
,,-1.45534
,,-1.45638
,,-1.45762
,,-1.45860
,,-1.45984
,,-1.46077
,,-1.46193
,,-1.46298
,,-1.46396
,,-1.46513
,,-1.46608
,,-1.46733
,,-1.46838
,,-1.46975
,,-1.47091
,,-1.47221
,,-1.47329
,,-1.47421
,,-1.47535
,,-1.47622
,,-1.47737
,,-1.47840
,,-1.47967
,,-1.48091
,,-1.48203
,,-1.48331
,,-1.48425
,,-1.48550
,,-1.48645
,,-1.48751
,,-1.48865
,,-1.48967
,,-1.49096
,,-1.49193
,,-1.49330
,,-1.49439
,,-1.49572
,,-1.49695
,,-1.49808
,,-1.49944
,,-1.50059
,,-1.50194
,,-1.50296
,,-1.50433
,,-1.50546
,,-1.50691
,,-1.50818
,,-1.50932
,,-1.51071
,,-1.51189
,,-1.51322
,,-1.51427
,,-1.51556
,,-1.51676
,,-1.51808
,,-1.51935
,,-1.52051
,,-1.52198
,,-1.52306
,,-1.52447
,,-1.52558
,,-1.52693
,,-1.52815
,,-1.52937
,,-1.53054
,,-1.53165
,,-1.53302
,,-1.53415
,,-1.53556
,,-1.53673
,,-1.53794
,,-1.53918
,,-1.54016
,,-1.54152
,,-1.54256
,,-1.54392
,,-1.54518
,,-1.54636
,,-1.54776
,,-1.54886
,,-1.55028
,,-1.55141
,,-1.55259
,,-1.55385
,,-1.55484
,,-1.55626
,,-1.55740
,,-1.55876
,,-1.56005
,,-1.56133
,,-1.56267
,,-1.56376
,,-1.56519
,,-1.56627
,,-1.56757
,,-1.56873
,,-1.56983
,,-1.57126
,,-1.57240
,,-1.57385
,,-1.57500
,,-1.57639
,,-1.57772
,,-1.57886
,,-1.58015
,,-1.58117
,,-1.58256
,,-1.58370
,,-1.58494
,,-1.58626
,,-1.58745
,,-1.58898
,,-1.59008
,,-1.59142
,,-1.59267
,,-1.59389
,,-1.59517
,,-1.59624
,,-1.59764
,,-1.59877
,,-1.60016
,,-1.60148
,,-1.60261
,,-1.60401
,,-1.60516
,,-1.60653
,,-1.60773
,,-1.60912
,,-1.61043
,,-1.61168
,,-1.61328
,,-1.61469
,,-1.61628
,,-1.61745
,,-1.61884
,,-1.61992
,,-1.62126
,,-1.62249
,,-1.62381
,,-1.62522
,,-1.62642
,,-1.62789
,,-1.62907
,,-1.63049
,,-1.63172
,,-1.63296
,,-1.63425
,,-1.63528
,,-1.63667
,,-1.63776
,,-1.63922
,,-1.64040
,,-1.64163
,,-1.64290
,,-1.64387
,,-1.64512
,,-1.64605
,,-1.64724
,,-1.64835
,,-1.64940
,,-1.65071
,,-1.65178
,,-1.65340
,,-1.65462
,,-1.65601
,,-1.65716
,,-1.65836
,,-1.65980
,,-1.66100
,,-1.66238
,,-1.66348
,,-1.66489
,,-1.66600
,,-1.66732
,,-1.66852
,,-1.66968
,,-1.67093
,,-1.67202
,,-1.67341
,,-1.67445
,,-1.67580
,,-1.67705
,,-1.67848
,,-1.67973
,,-1.68081
,,-1.68213
,,-1.68313
,,-1.68437
,,-1.68552
,,-1.68688
,,-1.68826
,,-1.68956
,,-1.69108
,,-1.69229
,,-1.69362
,,-1.69478
,,-1.69611
,,-1.69712
,,-1.69836
,,-1.69958
,,-1.70079
,,-1.70236
,,-1.70363
,,-1.70507
,,-1.70621
,,-1.70757
,,-1.70874
,,-1.70995
,,-1.71125
,,-1.71232
,,-1.71370
,,-1.71481
,,-1.71626
,,-1.71750
,,-1.71877
,,-1.72024
,,-1.72135
,,-1.72280
,,-1.72405
,,-1.72563
,,-1.72683
,,-1.72829
,,-1.72945
,,-1.73084
,,-1.73206
,,-1.73316
,,-1.73463
,,-1.73568
,,-1.73718
,,-1.73826
,,-1.73969
,,-1.74093
,,-1.74222
,,-1.74361
,,-1.74495
,,-1.74630
,,-1.74737
,,-1.74877
,,-1.74986
,,-1.75117
,,-1.75251
,,-1.75378
,,-1.75521
,,-1.75641
,,-1.75793
,,-1.75905
,,-1.76038
,,-1.76158
,,-1.76269
,,-1.76406
,,-1.76521
,,-1.76686
,,-1.76811
,,-1.76953
,,-1.77082
,,-1.77221
,,-1.77349
,,-1.77458
,,-1.77607
,,-1.77725
,,-1.77870
,,-1.77995
,,-1.78136
,,-1.78273
,,-1.78400
,,-1.78537
,,-1.78645
,,-1.78787
,,-1.78906
,,-1.79046
,,-1.79180
,,-1.79306
,,-1.79452
,,-1.79565
,,-1.79703
,,-1.79816
,,-1.79944
,,-1.80073
,,-1.80184
,,-1.80329
,,-1.80450
,,-1.80605
,,-1.80733
,,-1.80878
,,-1.81000
,,-1.81118
,,-1.81253
,,-1.81358
,,-1.81498
,,-1.81618
,,-1.81772
,,-1.81895
,,-1.82028
,,-1.82174
,,-1.82297
,,-1.82441
,,-1.82554
,,-1.82696
,,-1.82801
,,-1.82964
,,-1.83078
,,-1.83216
,,-1.83350
,,-1.83478
,,-1.83628
,,-1.83732
,,-1.83883
,,-1.83986
,,-1.84135
,,-1.84244
,,-1.84372
,,-1.84495
,,-1.84622
,,-1.84753
,,-1.84857
,,-1.84995
,,-1.85106
,,-1.85239
,,-1.85351
,,-1.85470
,,-1.85608
,,-1.85738
,,-1.85873
,,-1.85977
,,-1.86111
,,-1.86224
,,-1.86354
,,-1.86463
,,-1.86578
,,-1.86700
,,-1.86824
,,-1.86960
,,-1.87063
,,-1.87199
,,-1.87305
,,-1.87429
,,-1.87543
,,-1.87651
,,-1.87792
,,-1.87900
,,-1.88050
,,-1.88150
,,-1.88294
,,-1.88409
,,-1.88547
,,-1.88662
,,-1.88779
,,-1.88896
,,-1.88989
,,-1.89113
,,-1.89207
,,-1.89330
,,-1.89434
,,-1.89540
,,-1.89662
,,-1.89756
,,-1.89878
,,-1.89979
,,-1.90091
,,-1.90200
,,-1.90296
,,-1.90426
,,-1.90531
,,-1.90660
,,-1.90763
,,-1.90889
,,-1.90998
,,-1.91115
,,-1.91227
,,-1.91329
,,-1.91443
,,-1.91533
,,-1.91646
,,-1.91736
,,-1.91839
,,-1.91947
,,-1.92037
,,-1.92154
,,-1.92250
,,-1.92374
,,-1.92489
,,-1.92608
,,-1.92714
,,-1.92810
,,-1.92931
,,-1.93026
,,-1.93154
,,-1.93251
,,-1.93371
,,-1.93481
,,-1.93590
,,-1.93714
,,-1.93812
,,-1.93942
,,-1.94036
,,-1.94170
,,-1.94262
,,-1.94370
,,-1.94477
,,-1.94571
,,-1.94694
,,-1.94790
,,-1.94908
,,-1.95019
,,-1.95133
,,-1.95250
,,-1.95362
,,-1.95489
,,-1.95581
,,-1.95701
,,-1.95793
,,-1.95903
,,-1.96010
,,-1.96109
,,-1.96236
,,-1.96346
,,-1.96472
,,-1.96565
,,-1.96682
,,-1.96792
,,-1.96903
,,-1.97006
,,-1.97098
,,-1.97217
,,-1.97315
,,-1.97437
,,-1.97547
,,-1.97670
,,-1.97776
,,-1.97875
,,-1.98007
,,-1.98095
,,-1.98225
,,-1.98315
,,-1.98439
,,-1.98533
,,-1.98642
,,-1.98757
,,-1.98853
,,-1.98979
,,-1.99079
,,-1.99198
,,-1.99306
,,-1.99404
,,-1.99521
,,-1.99613
,,-1.99734
,,-1.99830
,,-1.99942
,,-2.00056
,,-2.00162
,,-2.00293
,,-2.00388
,,-2.00509
,,-2.00613
,,-2.00724
,,-2.00836
,,-2.00928
,,-2.01051
,,-2.01152
,,-2.01273
,,-2.01383
,,-2.01485
,,-2.01607
,,-2.01704
,,-2.01827
,,-2.01925
,,-2.02026
,,-2.02132
,,-2.02218
,,-2.02335
,,-2.02420
,,-2.02528
,,-2.02620
,,-2.02708
,,-2.02813
,,-2.02898
,,-2.03004
,,-2.03085
,,-2.03178
,,-2.03265
,,-2.03339
,,-2.03425
,,-2.03492
,,-2.03575
,,-2.03645
,,-2.03717
,,-2.03798
,,-2.03862
,,-2.03950
,,-2.04023
,,-2.04107
,,-2.04188
,,-2.04257
,,-2.04345
,,-2.04416
,,-2.04497
,,-2.04567
,,-2.04634
,,-2.04711
,,-2.04769
,,-2.04849
,,-2.04910
,,-2.04986
,,-2.05059
,,-2.05124
,,-2.05204
,,-2.05267
,,-2.05352
,,-2.05420
,,-2.05497
,,-2.05578
,,-2.05642
,,-2.05723
,,-2.05783
,,-2.05854
,,-2.05921
,,-2.05993
,,-2.06059
,,-2.06116
,,-2.06189
,,-2.06243
,,-2.06317
,,-2.06368
,,-2.06449
,,-2.06508
,,-2.06581
,,-2.06644
,,-2.06705
,,-2.06775
,,-2.06830
,,-2.06904
,,-2.06960
,,-2.07025
,,-2.07082
,,-2.07138
,,-2.07194
,,-2.07243
,,-2.07301
,,-2.07345
,,-2.07400
,,-2.07450
,,-2.07507
,,-2.07565
,,-2.07613
,,-2.07674
,,-2.07731
,,-2.07794
,,-2.07845
,,-2.07908
,,-2.07969
,,-2.08024
,,-2.08088
,,-2.08138
,,-2.08208
,,-2.08261
,,-2.08329
,,-2.08390
,,-2.08447
,,-2.08521
,,-2.08575
,,-2.08649
,,-2.08700
,,-2.08762
,,-2.08820
,,-2.08886
,,-2.08949
,,-2.09003
,,-2.09078
,,-2.09133
,,-2.09211
,,-2.09268
,,-2.09342
,,-2.09410
,,-2.09473
,,-2.09538
,,-2.09588
,,-2.09655
,,-2.09706
,,-2.09767
,,-2.09821
,,-2.09872
,,-2.09930
,,-2.09976
,,-2.10038
,,-2.10088
,,-2.10155
,,-2.10201
,,-2.10259
,,-2.10311
,,-2.10373
,,-2.10433
,,-2.10485
,,-2.10553
,,-2.10606
,,-2.10677
,,-2.10735
,,-2.10804
,,-2.10868
,,-2.10924
,,-2.10995
,,-2.11048
,,-2.11117
,,-2.11176
,,-2.11237
,,-2.11298
,,-2.11352
,,-2.11420
,,-2.11471
,,-2.11534
,,-2.11591
,,-2.11652
,,-2.11711
,,-2.11761
,,-2.11825
,,-2.11876
,,-2.11944
,,-2.12001
,,-2.12063
,,-2.12128
,,-2.12182
,,-2.12251
,,-2.12300
,,-2.12367
,,-2.12425
,,-2.12491
,,-2.12540
,,-2.12589
,,-2.12643
,,-2.12685
,,-2.12741
,,-2.12786
,,-2.12839
,,-2.12885
,,-2.12937
,,-2.12987
,,-2.13036
,,-2.13092
,,-2.13138
,,-2.13202
,,-2.13248
,,-2.13314
,,-2.13372
,,-2.13436
,,-2.13500
,,-2.13551
,,-2.13622
,,-2.13679
,,-2.13755
,,-2.13814
,,-2.13883
,,-2.13936
,,-2.13991
,,-2.14051
,,-2.14100
,,-2.14164
,,-2.14213
,,-2.14277
,,-2.14327
,,-2.14385
,,-2.14443
,,-2.14499
,,-2.14556
,,-2.14598
,,-2.14659
,,-2.14704
,,-2.14761
,,-2.14809
,,-2.14857
,,-2.14908
,,-2.14955
,,-2.15002
,,-2.15039
,,-2.15093
,,-2.15132
,,-2.15177
,,-2.15217
,,-2.15253
,,-2.15299
,,-2.15334
,,-2.15383
,,-2.15425
,,-2.15473
,,-2.15520
,,-2.15566
,,-2.15614
,,-2.15659
,,-2.15712
,,-2.15753
,,-2.15810
,,-2.15855
,,-2.15909
,,-2.15963
,,-2.16009
,,-2.16070
,,-2.16119
,,-2.16180
,,-2.16237
,,-2.16299
,,-2.16362
,,-2.16412
,,-2.16475
,,-2.16519
,,-2.16575
,,-2.16623
,,-2.16674
,,-2.16724
,,-2.16765
,,-2.16814
,,-2.16854
,,-2.16904
,,-2.16946
,,-2.16999
,,-2.17048
,,-2.17092
,,-2.17151
,,-2.17196
,,-2.17261
,,-2.17317
,,-2.17379
,,-2.17433
,,-2.17486
,,-2.17546
,,-2.17595
,,-2.17662
,,-2.17712
,,-2.17776
,,-2.17830
,,-2.17884
,,-2.17939
,,-2.17986
,,-2.18057
,,-2.18104
,,-2.18172
,,-2.18221
,,-2.18287
,,-2.18348
,,-2.18409
,,-2.18478
,,-2.18531
,,-2.18600
,,-2.18654
,,-2.18725
,,-2.18784
,,-2.18846
,,-2.18913
,,-2.18969
,,-2.19037
,,-2.19086
,,-2.19151
,,-2.19209
,,-2.19271
,,-2.19324
,,-2.19379
,,-2.19433
,,-2.19482
,,-2.19545
,,-2.19595
,,-2.19665
,,-2.19724
,,-2.19801
,,-2.19874
,,-2.19944
,,-2.20021
,,-2.20094
,,-2.20171
,,-2.20231
,,-2.20309
,,-2.20376
,,-2.20454
,,-2.20524
,,-2.20596
,,-2.20659
,,-2.20721
,,-2.20795
,,-2.20852
,,-2.20924
,,-2.20984
,,-2.21064
,,-2.21130
,,-2.21198
,,-2.21279
,,-2.21357
,,-2.21443
,,-2.21508
,,-2.21591
,,-2.21674
,,-2.21750
,,-2.21830
,,-2.21894
,,-2.21967
,,-2.22023
,,-2.22095
,,-2.22162
,,-2.22240
,,-2.22311
,,-2.22386
,,-2.22466
,,-2.22538
,,-2.22614
,,-2.22689
,,-2.22772
,,-2.22833
,,-2.22911
,,-2.22980
,,-2.23045
,,-2.23116
,,-2.23173
,,-2.23246
,,-2.23304
,,-2.23370
,,-2.23438
,,-2.23503
,,-2.23570
,,-2.23625
,,-2.23695
,,-2.23749
,,-2.23819
,,-2.23886
,,-2.23959
,,-2.24031
,,-2.24090
,,-2.24165
,,-2.24221
,,-2.24302
,,-2.24360
,,-2.24436
,,-2.24500
,,-2.24557
,,-2.24625
,,-2.24687
,,-2.24758
,,-2.24814
,,-2.24886
,,-2.24949
,,-2.25019
,,-2.25093
,,-2.25159
,,-2.25235
,,-2.25293
,,-2.25373
,,-2.25436
,,-2.25509
,,-2.25591
,,-2.25669
,,-2.25747
,,-2.25811
,,-2.25882
,,-2.25933
,,-2.25998
,,-2.26046
,,-2.26111
,,-2.26160
,,-2.26215
,,-2.26270
,,-2.26314
,,-2.26378
,,-2.26422
,,-2.26487
,,-2.26541
,,-2.26597
,,-2.26663
,,-2.26723
,,-2.26799
,,-2.26852
,,-2.26918
,,-2.26965
,,-2.27024
,,-2.27081
,,-2.27134
,,-2.27189
,,-2.27240
,,-2.27296
,,-2.27336
,,-2.27387
,,-2.27429
,,-2.27474
,,-2.27520
,,-2.27556
,,-2.27606
,,-2.27642
,,-2.27691
,,-2.27734
,,-2.27789
,,-2.27843
,,-2.27897
,,-2.27956
,,-2.28003
,,-2.28068
,,-2.28113
,,-2.28177
,,-2.28230
,,-2.28286
,,-2.28349
,,-2.28406
,,-2.28471
,,-2.28514
,,-2.28576
,,-2.28625
,,-2.28680
,,-2.28735
,,-2.28777
,,-2.28834
,,-2.28874
,,-2.28930
,,-2.28980
,,-2.29039
,,-2.29097
,,-2.29155
,,-2.29214
,,-2.29261
,,-2.29334
,,-2.29390
,,-2.29464
,,-2.29513
,,-2.29580
,,-2.29632
,,-2.29690
,,-2.29750
,,-2.29796
,,-2.29867
,,-2.29918
,,-2.29978
,,-2.30024
,,-2.30080
,,-2.30129
,,-2.30181
,,-2.30228
,,-2.30271
,,-2.30328
,,-2.30373
,,-2.30432
,,-2.30474
,,-2.30525
,,-2.30580
,,-2.30624
,,-2.30687
,,-2.30729
,,-2.30787
,,-2.30841
,,-2.30886
,,-2.30946
,,-2.30989
,,-2.31053
,,-2.31096
,,-2.31146
,,-2.31186
,,-2.31228
,,-2.31274
,,-2.31309
,,-2.31356
,,-2.31389
,,-2.31433
,,-2.31466
,,-2.31505
,,-2.31546
,,-2.31579
,,-2.31628
,,-2.31662
,,-2.31709
,,-2.31746
,,-2.31793
,,-2.31839
,,-2.31879
,,-2.31927
,,-2.31963
,,-2.32017
,,-2.32055
,,-2.32103
,,-2.32152
,,-2.32198
,,-2.32253
,,-2.32299
,,-2.32357
,,-2.32397
,,-2.32451
,,-2.32493
,,-2.32538
,,-2.32585
,,-2.32622
,,-2.32669
,,-2.32704
,,-2.32749
,,-2.32787
,,-2.32827
,,-2.32869
,,-2.32906
,,-2.32946
,,-2.32978
,,-2.33026
,,-2.33059
,,-2.33102
,,-2.33135
,,-2.33174
,,-2.33211
,,-2.33247
,,-2.33288
,,-2.33317
,,-2.33359
,,-2.33392
,,-2.33435
,,-2.33471
,,-2.33511
,,-2.33557
,,-2.33590
,,-2.33635
,,-2.33661
,,-2.33708
,,-2.33739
,,-2.33779
,,-2.33815
,,-2.33850
,,-2.33890
,,-2.33922
,,-2.33967
,,-2.33999
,,-2.34038
,,-2.34067
,,-2.34107
,,-2.34139
,,-2.34175
,,-2.34212
,,-2.34242
,,-2.34282
,,-2.34311
,,-2.34351
,,-2.34385
,,-2.34429
,,-2.34470
,,-2.34506
,,-2.34553
,,-2.34587
,,-2.34637
,,-2.34677
,,-2.34721
,,-2.34769
,,-2.34807
,,-2.34862
,,-2.34902
,,-2.34955
,,-2.35009
,,-2.35053
,,-2.35109
,,-2.35150
,,-2.35205
,,-2.35252
,,-2.35303
,,-2.35349
,,-2.35395
,,-2.35446
,,-2.35492
,,-2.35546
,,-2.35584
,,-2.35639
,,-2.35684
,,-2.35735
,,-2.35785
,,-2.35835
,,-2.35903
,,-2.35951
,,-2.36018
,,-2.36069
,,-2.36143
,,-2.36199
,,-2.36267
,,-2.36328
,,-2.36386
,,-2.36463
,,-2.36518
,,-2.36591
,,-2.36640
,,-2.36712
,,-2.36766
,,-2.36836
,,-2.36892
,,-2.36951
,,-2.37018
,,-2.37073
,,-2.37142
,,-2.37199
,,-2.37266
,,-2.37317
,,-2.37392
,,-2.37451
,,-2.37517
,,-2.37587
,,-2.37642
,,-2.37718
,,-2.37771
,,-2.37838
,,-2.37895
,,-2.37947
,,-2.38009
,,-2.38053
,,-2.38117
,,-2.38163
,,-2.38218
,,-2.38272
,,-2.38318
,,-2.38378
,,-2.38423
,,-2.38484
,,-2.38531
,,-2.38588
,,-2.38643
,,-2.38691
,,-2.38758
,,-2.38806
,,-2.38877
,,-2.38939
,,-2.39003
,,-2.39068
,,-2.39128
,,-2.39201
,,-2.39261
,,-2.39333
,,-2.39386
,,-2.39452
,,-2.39507
,,-2.39568
,,-2.39631
,,-2.39687
,,-2.39757
,,-2.39809
,,-2.39880
,,-2.39940
,,-2.40008
,,-2.40091
,,-2.40169
,,-2.40249
,,-2.40311
,,-2.40389
,,-2.40446
,,-2.40523
,,-2.40581
,,-2.40645
,,-2.40707
,,-2.40763
,,-2.40824
,,-2.40868
,,-2.40926
,,-2.40973
,,-2.41023
,,-2.41060
,,-2.41108
,,-2.41149
,,-2.41192
,,-2.41240
,,-2.41279
,,-2.41328
,,-2.41367
,,-2.41415
,,-2.41451
,,-2.41500
,,-2.41542
,,-2.41583
,,-2.41631
,,-2.41664
,,-2.41720
,,-2.41759
,,-2.41808
,,-2.41850
,,-2.41895
,,-2.41935
,,-2.41970
,,-2.42016
,,-2.42049
,,-2.42095
,,-2.42126
,,-2.42169
,,-2.42203
,,-2.42239
,,-2.42282
,,-2.42313
,,-2.42355
,,-2.42386
,,-2.42432
,,-2.42463
,,-2.42500
,,-2.42534
,,-2.42566
,,-2.42605
,,-2.42636
,,-2.42672
,,-2.42712
,,-2.42747
,,-2.42790
,,-2.42827
,,-2.42866
,,-2.42909
,,-2.42955
,,-2.42994
,,-2.43035
,,-2.43077
,,-2.43118
,,-2.43152
,,-2.43196
,,-2.43238
,,-2.43270
,,-2.43310
,,-2.43358
,,-2.43394
,,-2.43420
,,-2.43465
,,-2.43513
,,-2.43545
,,-2.43572
,,-2.43607
,,-2.43651
,,-2.43684
,,-2.43711
,,-2.43736
,,-2.43766
,,-2.43796
,,-2.43828
,,-2.43856
,,-2.43885
,,-2.43915
,,-2.43944
,,-2.43966
,,-2.43988
,,-2.44024
,,-2.44059
,,-2.44097
,,-2.44128
,,-2.44152
,,-2.44161
,,-2.44170
,,-2.44189
,,-2.44217
,,-2.44264
,,-2.44306
,,-2.44344
,,-2.44377
,,-2.44401
,,-2.44416
,,-2.44415
,,-2.44414
,,-2.44412
,,-2.44411
,,-2.44412
,,-2.44416
,,-2.44423
,,-2.44434
,,-2.44449
,,-2.44466
,,-2.44488
,,-2.44513
,,-2.44541
,,-2.44566
,,-2.44593
,,-2.44615
,,-2.44635
,,-2.44715
,,-2.44717
,,-2.44718
,,-2.44717
,,-2.44722
,,-2.44733
,,-2.44746
,,-2.44750
,,-2.44727
,,-2.44701
,,-2.44644
,,-2.44558
,,-2.44454
,,-2.44328
,,-2.44224
,,-2.44089
,,-2.43984
,,-2.43864
,,-2.43754
,,-2.43651
,,-2.43534
,,-2.43444
,,-2.43321
,,-2.43220
,,-2.43079
,,-2.42970
,,-2.42837
,,-2.42718
,,-2.42596
,,-2.42476
,,-2.42377
,,-2.42258
,,-2.42164
,,-2.42039
,,-2.41934
,,-2.41820
,,-2.41695
,,-2.41574
,,-2.41449
,,-2.41341
,,-2.41209
,,-2.41091
,,-2.40963
,,-2.40852
,,-2.40722
,,-2.40600
,,-2.40495
,,-2.40363
,,-2.40252
,,-2.40114
,,-2.39994
,,-2.39856
,,-2.39732
,,-2.39615
,,-2.39490
,,-2.39388
,,-2.39257
,,-2.39151
,,-2.39009
,,-2.38893
,,-2.38769
,,-2.38641
,,-2.38501
,,-2.38355
,,-2.38244
,,-2.38107
,,-2.37996
,,-2.37864
,,-2.37752
,,-2.37628
,,-2.37501
,,-2.37375
,,-2.37238
,,-2.37126
,,-2.36989
,,-2.36865
,,-2.36743
,,-2.36609
,,-2.36493
,,-2.36368
,,-2.36260
,,-2.36125
,,-2.36010
,,-2.35881
,,-2.35750
,,-2.35638
,,-2.35500
,,-2.35390
,,-2.35263
,,-2.35153
,,-2.35014
,,-2.34894
,,-2.34778
,,-2.34648
,,-2.34540
,,-2.34408
,,-2.34300
,,-2.34167
,,-2.34052
,,-2.33934
,,-2.33795
,,-2.33676
,,-2.33536
,,-2.33423
,,-2.33280
,,-2.33166
,,-2.33021
,,-2.32903
,,-2.32777
,,-2.32644
,,-2.32532
,,-2.32399
,,-2.32295
,,-2.32160
,,-2.32040
,,-2.31890
,,-2.31768
,,-2.31651
,,-2.31519
,,-2.31396
,,-2.31265
,,-2.31161
,,-2.31016
,,-2.30907
,,-2.30790
,,-2.30645
,,-2.30520
,,-2.30372
,,-2.30255
,,-2.30117
,,-2.30006
,,-2.29881
,,-2.29766
,,-2.29658
,,-2.29529
,,-2.29419
,,-2.29286
,,-2.29169
,,-2.29046
,,-2.28916
,,-2.28807
,,-2.28677
,,-2.28569
,,-2.28449
,,-2.28329
,,-2.28219
,,-2.28087
,,-2.27972
,,-2.27836
,,-2.27713
,,-2.27585
,,-2.27454
,,-2.27341
,,-2.27206
,,-2.27098
,,-2.26968
,,-2.26853
,,-2.26734
,,-2.26601
,,-2.26490
,,-2.26338
,,-2.26217
,,-2.26072
,,-2.25949
,,-2.25831
,,-2.25698
,,-2.25592
,,-2.25454
,,-2.25341
,,-2.25208
,,-2.25077
,,-2.24949
,,-2.24793
,,-2.24681
,,-2.24542
,,-2.24428
,,-2.24295
,,-2.24183
,,-2.24051
,,-2.23918
,,-2.23792
,,-2.23647
,,-2.23532
,,-2.23394
,,-2.23277
,,-2.23150
,,-2.23016
,,-2.22885
,,-2.22752
,,-2.22614
,,-2.22449
,,-2.22319
,,-2.22177
,,-2.22056
,,-2.21926
,,-2.21792
,,-2.21677
,,-2.21542
,,-2.21425
,,-2.21284
,,-2.21159
,,-2.21023
,,-2.20881
,,-2.20745
,,-2.20591
,,-2.20472
,,-2.20338
,,-2.20224
,,-2.20087
,,-2.19955
,,-2.19815
,,-2.19677
,,-2.19550
,,-2.19410
,,-2.19287
,,-2.19143
,,-2.19025
,,-2.18891
,,-2.18765
,,-2.18643
,,-2.18497
,,-2.18371
,,-2.18219
,,-2.18100
,,-2.17957
,,-2.17832
,,-2.17720
,,-2.17572
,,-2.17458
,,-2.17298
,,-2.17180
,,-2.17038
,,-2.16908
,,-2.16783
,,-2.16634
,,-2.16490
,,-2.16337
,,-2.16224
,,-2.16079
,,-2.15964
,,-2.15822
,,-2.15692
,,-2.15540
,,-2.15406
,,-2.15287
,,-2.15148
,,-2.15033
,,-2.14900
,,-2.14773
,,-2.14644
,,-2.14511
,,-2.14384
,,-2.14241
,,-2.14101
,,-2.13959
,,-2.13837
,,-2.13711
,,-2.13583
,,-2.13471
,,-2.13331
,,-2.13196
,,-2.13054
,,-2.12926
,,-2.12796
,,-2.12653
,,-2.12519
,,-2.12382
,,-2.12262
,,-2.12116
,,-2.12001
,,-2.11860
,,-2.11731
,,-2.11588
,,-2.11449
,,-2.11318
,,-2.11178
,,-2.11065
,,-2.10909
,,-2.10790
,,-2.10650
,,-2.10523
,,-2.10393
,,-2.10250
,,-2.10134
,,-2.09991
,,-2.09870
,,-2.09737
,,-2.09612
,,-2.09473
,,-2.09338
,,-2.09198
,,-2.09043
,,-2.08902
,,-2.08758
,,-2.08639
,,-2.08506
,,-2.08379
,,-2.08264
,,-2.08123
,,-2.08004
,,-2.07861
,,-2.07724
,,-2.07574
,,-2.07433
,,-2.07301
,,-2.07161
,,-2.07048
,,-2.06910
,,-2.06795
,,-2.06661
,,-2.06534
,,-2.06410
,,-2.06265
,,-2.06148
,,-2.06005
,,-2.05886
,,-2.05764
,,-2.05635
,,-2.05522
,,-2.05381
,,-2.05264
,,-2.05129
,,-2.04991
,,-2.04866
,,-2.04728
,,-2.04613
,,-2.04476
,,-2.04357
,,-2.04228
,,-2.04096
,,-2.03979
,,-2.03830
,,-2.03708
,,-2.03566
,,-2.03433
,,-2.03315
,,-2.03177
,,-2.03061
,,-2.02924
,,-2.02795
,,-2.02661
,,-2.02523
,,-2.02400
,,-2.02254
,,-2.02134
,,-2.01996
,,-2.01869
,,-2.01754
,,-2.01615
,,-2.01496
,,-2.01353
,,-2.01225
,,-2.01096
,,-2.00951
,,-2.00833
,,-2.00688
,,-2.00568
,,-2.00442
,,-2.00308
,,-2.00192
,,-2.00046
,,-1.99923
,,-1.99783
,,-1.99652
,,-1.99530
,,-1.99388
,,-1.99272
,,-1.99132
,,-1.99012
,,-1.98880
,,-1.98740
,,-1.98613
,,-1.98467
,,-1.98339
,,-1.98194
,,-1.98062
,,-1.97936
,,-1.97783
,,-1.97662
,,-1.97503
,,-1.97377
,,-1.97207
,,-1.97080
,,-1.96935
,,-1.96804
,,-1.96671
,,-1.96537
,,-1.96415
,,-1.96254
,,-1.96133
,,-1.95966
,,-1.95839
,,-1.95694
,,-1.95555
,,-1.95424
,,-1.95272
,,-1.95135
,,-1.94987
,,-1.94867
,,-1.94721
,,-1.94594
,,-1.94460
,,-1.94319
,,-1.94199
,,-1.94053
,,-1.93938
,,-1.93797
,,-1.93671
,,-1.93543
,,-1.93401
,,-1.93280
,,-1.93126
,,-1.92994
,,-1.92850
,,-1.92710
,,-1.92566
,,-1.92427
,,-1.92286
,,-1.92127
,,-1.91994
,,-1.91824
,,-1.91683
,,-1.91531
,,-1.91407
,,-1.91273
,,-1.91142
,,-1.91013
,,-1.90864
,,-1.90735
,,-1.90586
,,-1.90447
,,-1.90310
,,-1.90170
,,-1.90050
,,-1.89885
,,-1.89764
,,-1.89621
,,-1.89491
,,-1.89355
,,-1.89207
,,-1.89087
,,-1.88939
,,-1.88802
,,-1.88647
,,-1.88497
,,-1.88347
,,-1.88208
,,-1.88072
,,-1.87920
,,-1.87795
,,-1.87640
,,-1.87512
,,-1.87370
,,-1.87234
,,-1.87102
,,-1.86955
,,-1.86828
,,-1.86663
,,-1.86527
,,-1.86375
,,-1.86240
,,-1.86108
,,-1.85961
,,-1.85834
,,-1.85678
,,-1.85545
,,-1.85395
,,-1.85250
,,-1.85103
,,-1.84934
,,-1.84777
,,-1.84634
,,-1.84500
,,-1.84347
,,-1.84217
,,-1.84070
,,-1.83930
,,-1.83804
,,-1.83649
,,-1.83520
,,-1.83371
,,-1.83230
,,-1.83079
,,-1.82935
,,-1.82798
,,-1.82633
,,-1.82504
,,-1.82351
,,-1.82224
,,-1.82081
,,-1.81939
,,-1.81794
,,-1.81630
,,-1.81493
,,-1.81328
,,-1.81198
,,-1.81024
,,-1.80878
,,-1.80722
,,-1.80587
,,-1.80446
,,-1.80299
,,-1.80158
,,-1.79980
,,-1.79848
,,-1.79689
,,-1.79553
,,-1.79404
,,-1.79263
,,-1.79121
,,-1.78949
,,-1.78813
,,-1.78655
,,-1.78529
,,-1.78382
,,-1.78236
,,-1.78094
,,-1.77941
,,-1.77782
,,-1.77619
,,-1.77469
,,-1.77305
,,-1.77176
,,-1.77018
,,-1.76884
,,-1.76746
,,-1.76598
,,-1.76464
,,-1.76294
,,-1.76158
,,-1.75991
,,-1.75854
,,-1.75705
,,-1.75567
,,-1.75421
,,-1.75263
,,-1.75126
,,-1.74966
,,-1.74821
,,-1.74664
,,-1.74520
,,-1.74380
,,-1.74209
,,-1.74047
,,-1.73887
,,-1.73737
,,-1.73563
,,-1.73430
,,-1.73279
,,-1.73149
,,-1.73012
,,-1.72842
,,-1.72708
,,-1.72548
,,-1.72405
,,-1.72244
,,-1.72099
,,-1.71966
,,-1.71816
,,-1.71675
,,-1.71495
,,-1.71360
,,-1.71200
,,-1.71061
,,-1.70910
,,-1.70767
,,-1.70629
,,-1.70473
,,-1.70319
,,-1.70147
,,-1.70002
,,-1.69834
,,-1.69679
,,-1.69542
,,-1.69396
,,-1.69266
,,-1.69103
,,-1.68970
,,-1.68812
,,-1.68666
,,-1.68519
,,-1.68367
,,-1.68243
,,-1.68082
,,-1.67948
,,-1.67794
,,-1.67640
,,-1.67495
,,-1.67337
,,-1.67181
,,-1.67015
,,-1.66868
,,-1.66708
,,-1.66552
,,-1.66380
,,-1.66222
,,-1.66071
,,-1.65914
,,-1.65783
,,-1.65634
,,-1.65508
,,-1.65355
,,-1.65200
,,-1.65050
,,-1.64900
,,-1.64767
,,-1.64597
,,-1.64470
,,-1.64311
,,-1.64178
,,-1.64029
,,-1.63901
,,-1.63760
,,-1.63616
,,-1.63487
,,-1.63339
,,-1.63221
,,-1.63058
,,-1.62935
,,-1.62774
,,-1.62642
,,-1.62493
,,-1.62343
,,-1.62211
,,-1.62073
,,-1.61957
,,-1.61813
,,-1.61701
,,-1.61557
,,-1.61423
,,-1.61282
,,-1.61143
,,-1.61020
,,-1.60872
,,-1.60750
,,-1.60607
,,-1.60481
,,-1.60355
,,-1.60227
,,-1.60108
,,-1.59965
,,-1.59845
,,-1.59686
,,-1.59560
,,-1.59408
,,-1.59282
,,-1.59163
,,-1.59031
,,-1.58912
,,-1.58769
,,-1.58646
,,-1.58502
,,-1.58371
,,-1.58240
,,-1.58097
,,-1.57972
,,-1.57836
,,-1.57720
,,-1.57576
,,-1.57450
,,-1.57314
,,-1.57173
,,-1.57048
,,-1.56883
,,-1.56768
,,-1.56623
,,-1.56498
,,-1.56344
,,-1.56217
,,-1.56085
,,-1.55943
,,-1.55811
,,-1.55660
,,-1.55545
,,-1.55402
,,-1.55285
,,-1.55161
,,-1.55031
,,-1.54915
,,-1.54764
,,-1.54626
,,-1.54455
,,-1.54322
,,-1.54177
,,-1.54040
,,-1.53912
,,-1.53792
,,-1.53679
,,-1.53533
,,-1.53417
,,-1.53272
,,-1.53147
,,-1.53019
,,-1.52886
,,-1.52777
,,-1.52643
,,-1.52532
,,-1.52400
,,-1.52278
,,-1.52158
,,-1.52013
,,-1.51893
,,-1.51748
,,-1.51618
,,-1.51496
,,-1.51361
,,-1.51254
,,-1.51115
,,-1.51004
,,-1.50864
,,-1.50728
,,-1.50604
,,-1.50457
,,-1.50342
,,-1.50196
,,-1.50060
,,-1.49923
,,-1.49798
,,-1.49671
,,-1.49534
,,-1.49415
,,-1.49260
,,-1.49128
,,-1.48958
,,-1.48821
,,-1.48686
,,-1.48567
,,-1.48448
,,-1.48314
,,-1.48191
,,-1.48047
,,-1.47920
,,-1.47776
,,-1.47651
,,-1.47526
,,-1.47391
,,-1.47282
,,-1.47143
,,-1.47026
,,-1.46886
,,-1.46760
,,-1.46633
,,-1.46490
,,-1.46372
,,-1.46222
,,-1.46102
,,-1.45958
,,-1.45833
,,-1.45706
,,-1.45567
,,-1.45450
,,-1.45299
,,-1.45179
,,-1.45035
,,-1.44910
,,-1.44786
,,-1.44653
,,-1.44536
,,-1.44379
,,-1.44251
,,-1.44103
,,-1.43968
,,-1.43831
,,-1.43692
,,-1.43573
,,-1.43436
,,-1.43329
,,-1.43194
,,-1.43072
,,-1.42938
,,-1.42800
,,-1.42680
,,-1.42532
,,-1.42410
,,-1.42276
,,-1.42150
,,-1.42039
,,-1.41898
,,-1.41788
,,-1.41642
,,-1.41516
,,-1.41381
,,-1.41238
,,-1.41118
,,-1.40970
,,-1.40850
,,-1.40708
,,-1.40589
,,-1.40461
,,-1.40321
,,-1.40196
,,-1.40044
,,-1.39918
,,-1.39771
,,-1.39643
,,-1.39516
,,-1.39380
,,-1.39262
,,-1.39099
,,-1.38965
,,-1.38801
,,-1.38676
,,-1.38529
,,-1.38404
,,-1.38274
,,-1.38144
,,-1.38032
,,-1.37885
,,-1.37759
,,-1.37596
,,-1.37454
,,-1.37311
,,-1.37162
,,-1.37031
,,-1.36902
,,-1.36791
,,-1.36648
,,-1.36530
,,-1.36387
,,-1.36255
,,-1.36116
,,-1.35952
,,-1.35835
,,-1.35695
,,-1.35581
,,-1.35442
,,-1.35325
,,-1.35202
,,-1.35066
,,-1.34948
,,-1.34803
,,-1.34678
,,-1.34543
,,-1.34417
,,-1.34305
,,-1.34172
,,-1.34062
,,-1.33912
,,-1.33778
,,-1.33635
,,-1.33508
,,-1.33360
,,-1.33212
,,-1.33093
,,-1.32959
,,-1.32850
,,-1.32711
,,-1.32586
,,-1.32450
,,-1.32318
,,-1.32193
,,-1.32063
,,-1.31956
,,-1.31823
,,-1.31713
,,-1.31583
,,-1.31456
,,-1.31337
,,-1.31196
,,-1.31083
,,-1.30932
,,-1.30805
,,-1.30665
,,-1.30551
,,-1.30438
,,-1.30310
,,-1.30200
,,-1.30060
,,-1.29937
,,-1.29796
,,-1.29674
,,-1.29535
,,-1.29404
,,-1.29290
,,-1.29158
,,-1.29052
,,-1.28916
,,-1.28801
,,-1.28669
,,-1.28537
,,-1.28415
,,-1.28274
,,-1.28165
,,-1.28033
,,-1.27923
,,-1.27789
,,-1.27664
,,-1.27552
,,-1.27405
,,-1.27286
,,-1.27150
,,-1.27028
,,-1.26906
,,-1.26772
,,-1.26665
,,-1.26530
,,-1.26419
,,-1.26268
,,-1.26139
,,-1.25992
,,-1.25848
,,-1.25719
,,-1.25596
,,-1.25491
,,-1.25359
,,-1.25255
,,-1.25115
,,-1.25000
,,-1.24868
,,-1.24731
,,-1.24611
,,-1.24459
,,-1.24356
,,-1.24218
,,-1.24116
,,-1.23986
,,-1.23871
,,-1.23735
,,-1.23601
,,-1.23481
,,-1.23340
,,-1.23219
,,-1.23080
,,-1.22969
,,-1.22838
,,-1.22711
,,-1.22575
,,-1.22461
,,-1.22348
,,-1.22210
,,-1.22105
,,-1.21966
,,-1.21845
,,-1.21717
,,-1.21596
,,-1.21463
,,-1.21345
,,-1.21233
,,-1.21104
,,-1.20994
,,-1.20860
,,-1.20746
,,-1.20622
,,-1.20492
,,-1.20373
,,-1.20239
,,-1.20132
,,-1.20003
,,-1.19902
,,-1.19769
,,-1.19655
,,-1.19539
,,-1.19417
,,-1.19311
,,-1.19190
,,-1.19099
,,-1.18984
,,-1.18880
,,-1.18780
,,-1.18664
,,-1.18565
,,-1.18444
,,-1.18341
,,-1.18226
,,-1.18122
,,-1.18033
,,-1.17929
,,-1.17846
,,-1.17747
,,-1.17662
,,-1.17571
,,-1.17459
,,-1.17367
,,-1.17255
,,-1.17170
,,-1.17063
,,-1.16978
,,-1.16881
,,-1.16794
,,-1.16718
,,-1.16618
,,-1.16537
,,-1.16451
,,-1.16384
,,-1.16295
,,-1.16216
,,-1.16119
,,-1.16036
,,-1.15951
,,-1.15866
,,-1.15795
,,-1.15711
,,-1.15649
,,-1.15567
,,-1.15505
,,-1.15438
,,-1.15371
,,-1.15306
,,-1.15242
,,-1.15190
,,-1.15117
,,-1.15068
,,-1.15004
,,-1.14950
,,-1.14889
,,-1.14820
,,-1.14763
,,-1.14682
,,-1.14620
,,-1.14546
,,-1.14484
,,-1.14414
,,-1.14346
,,-1.14286
,,-1.14221
,,-1.14168
,,-1.14103
,,-1.14045
,,-1.13977
,,-1.13914
,,-1.13853
,,-1.13786
,,-1.13726
,,-1.13650
,,-1.13586
,,-1.13497
,,-1.13423
,,-1.13350
,,-1.13270
,,-1.13205
,,-1.13121
,,-1.13057
,,-1.12980
,,-1.12919
,,-1.12856
,,-1.12792
,,-1.12732
,,-1.12661
,,-1.12609
,,-1.12539
,,-1.12483
,,-1.12423
,,-1.12357
,,-1.12299
,,-1.12223
,,-1.12164
,,-1.12084
,,-1.12016
,,-1.11941
,,-1.11866
,,-1.11800
,,-1.11729
,,-1.11667
,,-1.11598
,,-1.11546
,,-1.11482
,,-1.11422
,,-1.11347
,,-1.11287
,,-1.11216
,,-1.11132
,,-1.11069
,,-1.10980
,,-1.10909
,,-1.10825
,,-1.10750
,,-1.10665
,,-1.10579
,,-1.10492
,,-1.10409
,,-1.10341
,,-1.10254
,,-1.10183
,,-1.10089
,,-1.10012
,,-1.09924
,,-1.09840
,,-1.09759
,,-1.09666
,,-1.09587
,,-1.09490
,,-1.09408
,,-1.09318
,,-1.09234
,,-1.09146
,,-1.09054
,,-1.08979
,,-1.08883
,,-1.08807
,,-1.08712
,,-1.08627
,,-1.08535
,,-1.08428
,,-1.08332
,,-1.08210
,,-1.08116
,,-1.07993
,,-1.07906
,,-1.07795
,,-1.07704
,,-1.07608
,,-1.07504
,,-1.07414
,,-1.07298
,,-1.07209
,,-1.07088
,,-1.06984
,,-1.06865
,,-1.06718
,,-1.06600
,,-1.06498
,,-1.06399
,,-1.06287
,,-1.06194
,,-1.06075
,,-1.05977
,,-1.05856
,,-1.05733
,,-1.05617
,,-1.05489
,,-1.05371
,,-1.05253
,,-1.05159
,,-1.05035
,,-1.04925
,,-1.04804
,,-1.04706
,,-1.04589
,,-1.04472
,,-1.04365
,,-1.04244
,,-1.04144
,,-1.04026
,,-1.03931
,,-1.03825
,,-1.03715
,,-1.03611
,,-1.03485
,,-1.03384
,,-1.03252
,,-1.03143
,,-1.03018
,,-1.02905
,,-1.02788
,,-1.02667
,,-1.02562
,,-1.02433
,,-1.02326
,,-1.02202
,,-1.02098
,,-1.01969
,,-1.01856
,,-1.01750
,,-1.01635
,,-1.01545
,,-1.01426
,,-1.01332
,,-1.01216
,,-1.01110
,,-1.00996
,,-1.00874
,,-1.00760
,,-1.00619
,,-1.00513
,,-1.00395
,,-1.00300
,,-1.00191
,,-1.00082
,,-0.99987
,,-0.99870
,,-0.99765
,,-0.99634
,,-0.99525
,,-0.99400
,,-0.99281
,,-0.99172
,,-0.99041
,,-0.98945
,,-0.98831
,,-0.98737
,,-0.98616
,,-0.98500
,,-0.98388
,,-0.98242
,,-0.98128
,,-0.97994
,,-0.97886
,,-0.97757
,,-0.97662
,,-0.97544
,,-0.97434
,,-0.97330
,,-0.97204
,,-0.97100
,,-0.96969
,,-0.96852
,,-0.96728
,,-0.96609
,,-0.96499
,,-0.96384
,,-0.96286
,,-0.96159
,,-0.96057
,,-0.95925
,,-0.95805
,,-0.95682
,,-0.95560
,,-0.95451
,,-0.95321
,,-0.95212
,,-0.95085
,,-0.94986
,,-0.94857
,,-0.94751
,,-0.94632
,,-0.94517
,,-0.94405
,,-0.94279
,,-0.94176
,,-0.94037
,,-0.93940
,,-0.93816
,,-0.93715
,,-0.93585
,,-0.93461
,,-0.93342
,,-0.93209
,,-0.93104
,,-0.92971
,,-0.92865
,,-0.92743
,,-0.92622
,,-0.92509
,,-0.92376
,,-0.92266
,,-0.92121
,,-0.92003
,,-0.91874
,,-0.91756
,,-0.91650
,,-0.91524
,,-0.91426
,,-0.91296
,,-0.91181
,,-0.91060
,,-0.90931
,,-0.90821
,,-0.90678
,,-0.90560
,,-0.90429
,,-0.90312
,,-0.90206
,,-0.90071
,,-0.89963
,,-0.89828
,,-0.89705
,,-0.89576
,,-0.89436
,,-0.89324
,,-0.89187
,,-0.89080
,,-0.88952
,,-0.88831
,,-0.88714
,,-0.88573
,,-0.88458
,,-0.88317
,,-0.88196
,,-0.88060
,,-0.87928
,,-0.87821
,,-0.87689
,,-0.87581
,,-0.87443
,,-0.87326
,,-0.87206
,,-0.87072
,,-0.86965
,,-0.86828
,,-0.86722
,,-0.86602
,,-0.86484
,,-0.86378
,,-0.86245
,,-0.86138
,,-0.86005
,,-0.85885
,,-0.85767
,,-0.85631
,,-0.85526
,,-0.85393
,,-0.85283
,,-0.85159
,,-0.85036
,,-0.84929
,,-0.84792
,,-0.84677
,,-0.84541
,,-0.84417
,,-0.84303
,,-0.84174
,,-0.84064
,,-0.83917
,,-0.83803
,,-0.83664
,,-0.83529
,,-0.83395
,,-0.83252
,,-0.83135
,,-0.82989
,,-0.82883
,,-0.82748
,,-0.82621
,,-0.82483
,,-0.82343
,,-0.82210
,,-0.82070
,,-0.81962
,,-0.81824
,,-0.81711
,,-0.81594
,,-0.81460
,,-0.81344
,,-0.81208
,,-0.81095
,,-0.80954
,,-0.80826
,,-0.80701
,,-0.80569
,,-0.80459
,,-0.80326
,,-0.80220
,,-0.80085
,,-0.79964
,,-0.79841
,,-0.79704
,,-0.79591
,,-0.79440
,,-0.79321
,,-0.79174
,,-0.79053
,,-0.78919
,,-0.78791
,,-0.78675
,,-0.78526
,,-0.78402
,,-0.78253
,,-0.78130
,,-0.78005
,,-0.77871
,,-0.77739
,,-0.77590
,,-0.77472
,,-0.77320
,,-0.77195
,,-0.77054
,,-0.76926
,,-0.76799
,,-0.76666
,,-0.76551
,,-0.76396
,,-0.76274
,,-0.76109
,,-0.75966
,,-0.75810
,,-0.75680
,,-0.75549
,,-0.75414
,,-0.75300
,,-0.75157
,,-0.75030
,,-0.74879
,,-0.74747
,,-0.74614
,,-0.74470
,,-0.74326
,,-0.74184
,,-0.74062
,,-0.73908
,,-0.73784
,,-0.73640
,,-0.73505
,,-0.73373
,,-0.73208
,,-0.73095
,,-0.72930
,,-0.72809
,,-0.72664
,,-0.72533
,,-0.72406
,,-0.72259
,,-0.72134
,,-0.71988
,,-0.71872
,,-0.71716
,,-0.71583
,,-0.71436
,,-0.71294
,,-0.71143
,,-0.70982
,,-0.70860
,,-0.70704
,,-0.70585
,,-0.70432
,,-0.70304
,,-0.70178
,,-0.70033
,,-0.69914
,,-0.69756
,,-0.69631
,,-0.69471
,,-0.69343
,,-0.69218
,,-0.69074
,,-0.68944
,,-0.68779
,,-0.68644
,,-0.68487
,,-0.68356
,,-0.68225
,,-0.68086
,,-0.67958
,,-0.67801
,,-0.67674
,,-0.67511
,,-0.67380
,,-0.67226
,,-0.67090
,,-0.66963
,,-0.66801
,,-0.66681
,,-0.66529
,,-0.66407
,,-0.66249
,,-0.66097
,,-0.65956
,,-0.65818
,,-0.65696
,,-0.65550
,,-0.65425
,,-0.65275
,,-0.65138
,,-0.64999
,,-0.64856
,,-0.64739
,,-0.64583
,,-0.64459
,,-0.64306
,,-0.64176
,,-0.64035
,,-0.63883
,,-0.63742
,,-0.63591
,,-0.63444
,,-0.63296
,,-0.63174
,,-0.63030
,,-0.62896
,,-0.62755
,,-0.62607
,,-0.62461
,,-0.62304
,,-0.62173
,,-0.62021
,,-0.61891
,,-0.61745
,,-0.61607
,,-0.61474
,,-0.61332
,,-0.61186
,,-0.61031
,,-0.60888
,,-0.60735
,,-0.60589
,,-0.60416
,,-0.60286
,,-0.60123
,,-0.59985
,,-0.59849
,,-0.59707
,,-0.59587
,,-0.59435
,,-0.59299
,,-0.59146
,,-0.59011
,,-0.58873
,,-0.58728
,,-0.58597
,,-0.58420
,,-0.58266
,,-0.58107
,,-0.57972
,,-0.57824
,,-0.57687
,,-0.57556
,,-0.57413
,,-0.57283
,,-0.57131
,,-0.57001
,,-0.56855
,,-0.56717
,,-0.56590
,,-0.56442
,,-0.56319
,,-0.56163
,,-0.56034
,,-0.55891
,,-0.55750
,,-0.55621
,,-0.55448
,,-0.55313
,,-0.55161
,,-0.55027
,,-0.54859
,,-0.54725
,,-0.54586
,,-0.54426
,,-0.54299
,,-0.54153
,,-0.54018
,,-0.53848
,,-0.53709
,,-0.53550
,,-0.53407
,,-0.53265
,,-0.53113
,,-0.52961
,,-0.52796
,,-0.52638
,,-0.52488
,,-0.52358
,,-0.52213
,,-0.52076
,,-0.51916
,,-0.51789
,,-0.51639
,,-0.51494
,,-0.51350
,,-0.51180
,,-0.51045
,,-0.50875
,,-0.50759
,,-0.50617
,,-0.50492
,,-0.50349
,,-0.50205
,,-0.50064
,,-0.49913
,,-0.49783
,,-0.49625
,,-0.49507
,,-0.49361
,,-0.49229
,,-0.49091
,,-0.48938
,,-0.48805
,,-0.48659
,,-0.48531
,,-0.48387
,,-0.48252
,,-0.48116
,,-0.47967
,,-0.47808
,,-0.47653
,,-0.47523
,,-0.47383
,,-0.47259
,,-0.47119
,,-0.46983
,,-0.46848
,,-0.46700
,,-0.46564
,,-0.46413
,,-0.46277
,,-0.46138
,,-0.45995
,,-0.45868
,,-0.45714
,,-0.45582
,,-0.45433
,,-0.45303
,,-0.45172
,,-0.45029
,,-0.44896
,,-0.44742
,,-0.44597
,,-0.44421
,,-0.44284
,,-0.44129
,,-0.43990
,,-0.43865
,,-0.43709
,,-0.43585
,,-0.43434
,,-0.43296
,,-0.43144
,,-0.43007
,,-0.42872
,,-0.42721
,,-0.42585
,,-0.42413
,,-0.42277
,,-0.42115
,,-0.41979
,,-0.41829
,,-0.41695
,,-0.41561
,,-0.41425
,,-0.41306
,,-0.41161
,,-0.41040
,,-0.40902
,,-0.40769
,,-0.40648
,,-0.40505
,,-0.40392
,,-0.40247
,,-0.40128
,,-0.39995
,,-0.39846
,,-0.39708
,,-0.39548
,,-0.39427
,,-0.39262
,,-0.39142
,,-0.38999
,,-0.38870
,,-0.38742
,,-0.38594
,,-0.38445
,,-0.38303
,,-0.38183
,,-0.38041
,,-0.37919
,,-0.37785
,,-0.37653
,,-0.37526
,,-0.37359
,,-0.37224
,,-0.37062
,,-0.36931
,,-0.36780
,,-0.36648
,,-0.36516
,,-0.36383
,,-0.36263
,,-0.36116
,,-0.35992
,,-0.35834
,,-0.35703
,,-0.35554
,,-0.35418
,,-0.35292
,,-0.35147
,,-0.35030
,,-0.34881
,,-0.34750
,,-0.34602
,,-0.34459
,,-0.34314
,,-0.34167
,,-0.34036
,,-0.33877
,,-0.33737
,,-0.33589
,,-0.33445
,,-0.33298
,,-0.33167
,,-0.33040
,,-0.32897
,,-0.32781
,,-0.32626
,,-0.32495
,,-0.32339
,,-0.32192
,,-0.32036
,,-0.31891
,,-0.31765
,,-0.31617
,,-0.31496
,,-0.31353
,,-0.31226
,,-0.31084
,,-0.30939
,,-0.30811
,,-0.30672
,,-0.30549
,,-0.30401
,,-0.30280
,,-0.30136
,,-0.29988
,,-0.29851
,,-0.29702
,,-0.29578
,,-0.29432
,,-0.29308
,,-0.29176
,,-0.29045
,,-0.28919
,,-0.28770
,,-0.28636
,,-0.28483
,,-0.28355
,,-0.28215
,,-0.28086
,,-0.27970
,,-0.27823
,,-0.27704
,,-0.27554
,,-0.27420
,,-0.27275
,,-0.27130
,,-0.27002
,,-0.26859
,,-0.26735
,,-0.26594
,,-0.26468
,,-0.26322
,,-0.26188
,,-0.26059
,,-0.25916
,,-0.25800
,,-0.25652
,,-0.25536
,,-0.25403
,,-0.25271
,,-0.25146
,,-0.25004
,,-0.24881
,,-0.24736
,,-0.24613
,,-0.24481
,,-0.24350
,,-0.24230
,,-0.24090
,,-0.23965
,,-0.23816
,,-0.23684
,,-0.23551
,,-0.23419
,,-0.23298
,,-0.23154
,,-0.23036
,,-0.22897
,,-0.22766
,,-0.22633
,,-0.22496
,,-0.22374
,,-0.22223
,,-0.22100
,,-0.21967
,,-0.21839
,,-0.21716
,,-0.21578
,,-0.21451
,,-0.21310
,,-0.21183
,,-0.21047
,,-0.20917
,,-0.20798
,,-0.20656
,,-0.20540
,,-0.20398
,,-0.20272
,,-0.20125
,,-0.19991
,,-0.19866
,,-0.19725
,,-0.19614
,,-0.19474
,,-0.19356
,,-0.19225
,,-0.19091
,,-0.18970
,,-0.18819
,,-0.18703
,,-0.18567
,,-0.18445
,,-0.18325
,,-0.18188
,,-0.18069
,,-0.17929
,,-0.17802
,,-0.17667
,,-0.17532
,,-0.17414
,,-0.17275
,,-0.17157
,,-0.17022
,,-0.16892
,,-0.16767
,,-0.16624
,,-0.16504
,,-0.16363
,,-0.16244
,,-0.16117
,,-0.15988
,,-0.15872
,,-0.15733
,,-0.15611
,,-0.15472
,,-0.15342
,,-0.15219
,,-0.15078
,,-0.14967
,,-0.14826
,,-0.14697
,,-0.14562
,,-0.14429
,,-0.14307
,,-0.14162
,,-0.14049
,,-0.13890
,,-0.13762
,,-0.13616
,,-0.13482
,,-0.13351
,,-0.13206
,,-0.13070
,,-0.12929
,,-0.12813
,,-0.12671
,,-0.12558
,,-0.12425
,,-0.12293
,,-0.12164
,,-0.12021
,,-0.11905
,,-0.11756
,,-0.11638
,,-0.11502
,,-0.11374
,,-0.11244
,,-0.11115
,,-0.10991
,,-0.10847
,,-0.10728
,,-0.10592
,,-0.10469
,,-0.10339
,,-0.10210
,,-0.10100
,,-0.09961
,,-0.09844
,,-0.09690
,,-0.09569
,,-0.09434
,,-0.09317
,,-0.09194
,,-0.09068
,,-0.08961
,,-0.08828
,,-0.08720
,,-0.08573
,,-0.08452
,,-0.08330
,,-0.08198
,,-0.08091
,,-0.07958
,,-0.07859
,,-0.07732
,,-0.07623
,,-0.07511
,,-0.07388
,,-0.07282
,,-0.07150
,,-0.07045
,,-0.06927
,,-0.06813
,,-0.06712
,,-0.06592
,,-0.06491
,,-0.06373
,,-0.06264
,,-0.06154
,,-0.06029
,,-0.05928
,,-0.05803
,,-0.05701
,,-0.05586
,,-0.05473
,,-0.05376
,,-0.05255
,,-0.05157
,,-0.05040
,,-0.04931
,,-0.04825
,,-0.04690
,,-0.04586
,,-0.04454
,,-0.04356
,,-0.04225
,,-0.04124
,,-0.04005
,,-0.03890
,,-0.03770
,,-0.03640
,,-0.03536
,,-0.03414
,,-0.03315
,,-0.03185
,,-0.03083
,,-0.02956
,,-0.02848
,,-0.02721
,,-0.02606
,,-0.02499
,,-0.02372
,,-0.02271
,,-0.02148
,,-0.02043
,,-0.01929
,,-0.01800
,,-0.01674
,,-0.01543
,,-0.01436
,,-0.01307
,,-0.01204
,,-0.01058
,,-0.00933
,,-0.00800
,,-0.00685
,,-0.00565
,,-0.00439
,,-0.00331
,,-0.00196
,,-0.00089
,,0.00056
,,0.00186
,,0.00331
,,0.00438
,,0.00554
,,0.00678
,,0.00783
,,0.00918
,,0.01030
,,0.01159
,,0.01273
,,0.01383
,,0.01509
,,0.01613
,,0.01742
,,0.01856
,,0.01989
,,0.02124
,,0.02261
,,0.02384
,,0.02506
,,0.02638
,,0.02762
,,0.02889
,,0.03002
,,0.03137
,,0.03257
,,0.03404
,,0.03525
,,0.03635
,,0.03763
,,0.03866
,,0.03993
,,0.04107
,,0.04233
,,0.04360
,,0.04483
,,0.04609
,,0.04716
,,0.04844
,,0.04954
,,0.05077
,,0.05200
,,0.05321
,,0.05453
,,0.05560
,,0.05694
,,0.05802
,,0.05935
,,0.06062
,,0.06178
,,0.06310
,,0.06439
,,0.06588
,,0.06699
,,0.06831
,,0.06944
,,0.07069
,,0.07195
,,0.07322
,,0.07471
,,0.07580
,,0.07720
,,0.07831
,,0.07978
,,0.08107
,,0.08262
,,0.08386
,,0.08511
,,0.08638
,,0.08748
,,0.08881
,,0.08998
,,0.09134
,,0.09272
,,0.09404
,,0.09535
,,0.09651
,,0.09784
,,0.09918
,,0.10072
,,0.10188
,,0.10330
,,0.10442
,,0.10576
,,0.10709
,,0.10835
,,0.10965
,,0.11092
,,0.11230
,,0.11354
,,0.11491
,,0.11607
,,0.11737
,,0.11857
,,0.11972
,,0.12107
,,0.12215
,,0.12357
,,0.12473
,,0.12612
,,0.12744
,,0.12877
,,0.13003
,,0.13113
,,0.13248
,,0.13359
,,0.13490
,,0.13611
,,0.13723
,,0.13855
,,0.13961
,,0.14087
,,0.14196
,,0.14309
,,0.14437
,,0.14549
,,0.14695
,,0.14813
,,0.14944
,,0.15053
,,0.15172
,,0.15291
,,0.15398
,,0.15529
,,0.15638
,,0.15771
,,0.15891
,,0.16020
,,0.16157
,,0.16268
,,0.16400
,,0.16506
,,0.16636
,,0.16750
,,0.16875
,,0.16998
,,0.17124
,,0.17258
,,0.17378
,,0.17508
,,0.17620
,,0.17750
,,0.17871
,,0.17989
,,0.18114
,,0.18222
,,0.18352
,,0.18465
,,0.18601
,,0.18724
,,0.18854
,,0.18993
,,0.19116
,,0.19244
,,0.19351
,,0.19481
,,0.19590
,,0.19708
,,0.19823
,,0.19938
,,0.20064
,,0.20186
,,0.20319
,,0.20433
,,0.20561
,,0.20690
,,0.20809
,,0.20933
,,0.21038
,,0.21169
,,0.21274
,,0.21405
,,0.21525
,,0.21642
,,0.21770
,,0.21879
,,0.22014
,,0.22120
,,0.22249
,,0.22369
,,0.22517
,,0.22639
,,0.22753
,,0.22883
,,0.23004
,,0.23137
,,0.23245
,,0.23379
,,0.23498
,,0.23633
,,0.23766
,,0.23889
,,0.24028
,,0.24146
,,0.24279
,,0.24392
,,0.24519
,,0.24648
,,0.24764
,,0.24905
,,0.25024
,,0.25158
,,0.25270
,,0.25408
,,0.25533
,,0.25670
,,0.25803
,,0.25914
,,0.26050
,,0.26162
,,0.26298
,,0.26419
,,0.26536
,,0.26663
,,0.26777
,,0.26913
,,0.27027
,,0.27153
,,0.27277
,,0.27390
,,0.27521
,,0.27628
,,0.27759
,,0.27878
,,0.27995
,,0.28130
,,0.28240
,,0.28384
,,0.28499
,,0.28621
,,0.28749
,,0.28873
,,0.29022
,,0.29135
,,0.29268
,,0.29384
,,0.29519
,,0.29650
,,0.29770
,,0.29902
,,0.30033
,,0.30173
,,0.30309
,,0.30444
,,0.30561
,,0.30687
,,0.30812
,,0.30925
,,0.31057
,,0.31172
,,0.31307
,,0.31431
,,0.31550
,,0.31681
,,0.31791
,,0.31925
,,0.32037
,,0.32160
,,0.32286
,,0.32401
,,0.32533
,,0.32648
,,0.32777
,,0.32897
,,0.33009
,,0.33142
,,0.33255
,,0.33387
,,0.33512
,,0.33642
,,0.33772
,,0.33883
,,0.34017
,,0.34128
,,0.34257
,,0.34380
,,0.34501
,,0.34637
,,0.34751
,,0.34890
,,0.35005
,,0.35132
,,0.35275
,,0.35395
,,0.35528
,,0.35644
,,0.35780
,,0.35901
,,0.36042
,,0.36165
,,0.36297
,,0.36447
,,0.36591
,,0.36745
,,0.36878
,,0.37033
,,0.37147
,,0.37285
,,0.37400
,,0.37536
,,0.37662
,,0.37789
,,0.37933
,,0.38049
,,0.38187
,,0.38303
,,0.38438
,,0.38576
,,0.38720
,,0.38851
,,0.38968
,,0.39101
,,0.39215
,,0.39348
,,0.39473
,,0.39599
,,0.39750
,,0.39881
,,0.40022
,,0.40153
,,0.40300
,,0.40426
,,0.40562
,,0.40684
,,0.40810
,,0.40941
,,0.41067
,,0.41216
,,0.41328
,,0.41462
,,0.41585
,,0.41729
,,0.41864
,,0.41989
,,0.42129
,,0.42245
,,0.42384
,,0.42503
,,0.42638
,,0.42779
,,0.42924
,,0.43068
,,0.43205
,,0.43347
,,0.43468
,,0.43603
,,0.43717
,,0.43850
,,0.43980
,,0.44103
,,0.44245
,,0.44358
,,0.44494
,,0.44618
,,0.44750
,,0.44897
,,0.45020
,,0.45177
,,0.45298
,,0.45436
,,0.45551
,,0.45683
,,0.45807
,,0.45936
,,0.46081
,,0.46208
,,0.46356
,,0.46474
,,0.46612
,,0.46739
,,0.46863
,,0.46999
,,0.47117
,,0.47258
,,0.47382
,,0.47513
,,0.47644
,,0.47784
,,0.47918
,,0.48052
,,0.48213
,,0.48339
,,0.48491
,,0.48618
,,0.48757
,,0.48881
,,0.49012
,,0.49152
,,0.49290
,,0.49430
,,0.49555
,,0.49693
,,0.49808
,,0.49940
,,0.50089
,,0.50233
,,0.50376
,,0.50501
,,0.50646
,,0.50764
,,0.50902
,,0.51028
,,0.51171
,,0.51316
,,0.51447
,,0.51602
,,0.51733
,,0.51872
,,0.51993
,,0.52141
,,0.52267
,,0.52398
,,0.52538
,,0.52658
,,0.52802
,,0.52923
,,0.53056
,,0.53188
,,0.53309
,,0.53478
,,0.53595
,,0.53737
,,0.53854
,,0.53986
,,0.54117
,,0.54236
,,0.54384
,,0.54513
,,0.54662
,,0.54796
,,0.54933
,,0.55072
,,0.55204
,,0.55347
,,0.55472
,,0.55620
,,0.55746
,,0.55879
,,0.56022
,,0.56142
,,0.56294
,,0.56416
,,0.56570
,,0.56705
,,0.56847
,,0.56992
,,0.57117
,,0.57272
,,0.57396
,,0.57549
,,0.57678
,,0.57816
,,0.57958
,,0.58089
,,0.58251
,,0.58382
,,0.58544
,,0.58672
,,0.58827
,,0.58967
,,0.59106
,,0.59250
,,0.59376
,,0.59529
,,0.59661
,,0.59807
,,0.59948
,,0.60082
,,0.60239
,,0.60362
,,0.60530
,,0.60673
,,0.60823
,,0.60964
,,0.61093
,,0.61247
,,0.61373
,,0.61537
,,0.61672
,,0.61821
,,0.61968
,,0.62115
,,0.62272
,,0.62399
,,0.62563
,,0.62689
,,0.62839
,,0.62979
,,0.63114
,,0.63269
,,0.63411
,,0.63569
,,0.63695
,,0.63860
,,0.64009
,,0.64155
,,0.64297
,,0.64426
,,0.64579
,,0.64705
,,0.64856
,,0.64995
,,0.65134
,,0.65286
,,0.65437
,,0.65591
,,0.65741
,,0.65903
,,0.66050
,,0.66205
,,0.66348
,,0.66495
,,0.66637
,,0.66761
,,0.66917
,,0.67069
,,0.67232
,,0.67380
,,0.67545
,,0.67676
,,0.67821
,,0.67964
,,0.68101
,,0.68251
,,0.68375
,,0.68524
,,0.68654
,,0.68794
,,0.68937
,,0.69073
,,0.69228
,,0.69363
,,0.69517
,,0.69650
,,0.69793
,,0.69939
,,0.70067
,,0.70219
,,0.70354
,,0.70502
,,0.70649
,,0.70796
,,0.70940
,,0.71080
,,0.71257
,,0.71394
,,0.71572
,,0.71700
,,0.71858
,,0.71997
,,0.72150
,,0.72292
,,0.72433
,,0.72603
,,0.72736
,,0.72903
,,0.73035
,,0.73192
,,0.73344
,,0.73502
,,0.73642
,,0.73776
,,0.73926
,,0.74063
,,0.74240
,,0.74375
,,0.74546
,,0.74682
,,0.74824
,,0.74971
,,0.75101
,,0.75275
,,0.75410
,,0.75568
,,0.75696
,,0.75853
,,0.75989
,,0.76123
,,0.76291
,,0.76419
,,0.76578
,,0.76707
,,0.76858
,,0.76995
,,0.77131
,,0.77278
,,0.77408
,,0.77564
,,0.77707
,,0.77882
,,0.78014
,,0.78159
,,0.78303
,,0.78437
,,0.78590
,,0.78730
,,0.78886
,,0.79024
,,0.79167
,,0.79304
,,0.79434
,,0.79591
,,0.79722
,,0.79887
,,0.80019
,,0.80161
,,0.80308
,,0.80443
,,0.80603
,,0.80752
,,0.80913
,,0.81042
,,0.81187
,,0.81322
,,0.81452
,,0.81606
,,0.81735
,,0.81905
,,0.82038
,,0.82184
,,0.82342
,,0.82483
,,0.82634
,,0.82765
,,0.82920
,,0.83055
,,0.83204
,,0.83341
,,0.83470
,,0.83619
,,0.83750
,,0.83902
,,0.84036
,,0.84204
,,0.84355
,,0.84491
,,0.84631
,,0.84759
,,0.84916
,,0.85046
,,0.85199
,,0.85334
,,0.85471
,,0.85615
,,0.85735
,,0.85894
,,0.86034
,,0.86211
,,0.86341
,,0.86492
,,0.86624
,,0.86759
,,0.86909
,,0.87033
,,0.87208
,,0.87332
,,0.87492
,,0.87634
,,0.87784
,,0.87933
,,0.88065
,,0.88217
,,0.88343
,,0.88497
,,0.88646
,,0.88794
,,0.88939
,,0.89071
,,0.89230
,,0.89363
,,0.89548
,,0.89676
,,0.89842
,,0.89976
,,0.90115
,,0.90265
,,0.90414
,,0.90575
,,0.90719
,,0.90904
,,0.91032
,,0.91207
,,0.91346
,,0.91511
,,0.91651
,,0.91793
,,0.91941
,,0.92066
,,0.92226
,,0.92374
,,0.92535
,,0.92669
,,0.92806
,,0.92951
,,0.93076
,,0.93230
,,0.93358
,,0.93499
,,0.93640
,,0.93762
,,0.93913
,,0.94040
,,0.94195
,,0.94324
,,0.94454
,,0.94601
,,0.94720
,,0.94875
,,0.95003
,,0.95148
,,0.95285
,,0.95408
,,0.95560
,,0.95682
,,0.95827
,,0.95958
,,0.96085
,,0.96232
,,0.96351
,,0.96498
,,0.96623
,,0.96755
,,0.96892
,,0.97007
,,0.97152
,,0.97272
,,0.97430
,,0.97555
,,0.97681
,,0.97818
,,0.97931
,,0.98073
,,0.98191
,,0.98322
,,0.98452
,,0.98564
,,0.98709
,,0.98820
,,0.98958
,,0.99080
,,0.99195
,,0.99336
,,0.99446
,,0.99589
,,0.99707
,,0.99833
,,0.99966
,,1.00076
,,1.00217
,,1.00330
,,1.00464
,,1.00591
,,1.00702
,,1.00841
,,1.00952
,,1.01090
,,1.01210
,,1.01331
,,1.01470
,,1.01598
,,1.01752
,,1.01869
,,1.02031
,,1.02147
,,1.02289
,,1.02415
,,1.02535
,,1.02679
,,1.02799
,,1.02948
,,1.03076
,,1.03239
,,1.03382
,,1.03547
,,1.03672
,,1.03797
,,1.03935
,,1.04049
,,1.04190
,,1.04312
,,1.04457
,,1.04583
,,1.04711
,,1.04869
,,1.04999
,,1.05145
,,1.05262
,,1.05406
,,1.05527
,,1.05658
,,1.05794
,,1.05912
,,1.06060
,,1.06191
,,1.06347
,,1.06473
,,1.06622
,,1.06760
,,1.06916
,,1.07049
,,1.07196
,,1.07334
,,1.07449
,,1.07596
,,1.07716
,,1.07859
,,1.07987
,,1.08118
,,1.08256
,,1.08374
,,1.08517
,,1.08644
,,1.08777
,,1.08915
,,1.09041
,,1.09184
,,1.09303
,,1.09449
,,1.09578
,,1.09711
,,1.09858
,,1.09988
,,1.10142
,,1.10257
,,1.10416
,,1.10537
,,1.10674
,,1.10810
,,1.10941
,,1.11087
,,1.11205
,,1.11354
,,1.11480
,,1.11618
,,1.11756
,,1.11879
,,1.12025
,,1.12153
,,1.12300
,,1.12434
,,1.12564
,,1.12721
,,1.12852
,,1.13004
,,1.13125
,,1.13284
,,1.13430
,,1.13595
,,1.13738
,,1.13895
,,1.14035
,,1.14170
,,1.14308
,,1.14429
,,1.14573
,,1.14699
,,1.14840
,,1.14974
,,1.15113
,,1.15254
,,1.15383
,,1.15539
,,1.15661
,,1.15816
,,1.15942
,,1.16075
,,1.16220
,,1.16362
,,1.16518
,,1.16642
,,1.16801
,,1.16938
,,1.17108
,,1.17243
,,1.17409
,,1.17546
,,1.17685
,,1.17830
,,1.17953
,,1.18105
,,1.18231
,,1.18402
,,1.18540
,,1.18695
,,1.18836
,,1.18967
,,1.19119
,,1.19244
,,1.19407
,,1.19533
,,1.19677
,,1.19811
,,1.19946
,,1.20095
,,1.20219
,,1.20379
,,1.20513
,,1.20662
,,1.20800
,,1.20947
,,1.21093
,,1.21246
,,1.21394
,,1.21517
,,1.21664
,,1.21792
,,1.21942
,,1.22087
,,1.22220
,,1.22383
,,1.22512
,,1.22661
,,1.22792
,,1.22947
,,1.23081
,,1.23221
,,1.23368
,,1.23495
,,1.23645
,,1.23771
,,1.23916
,,1.24055
,,1.24206
,,1.24351
,,1.24510
,,1.24649
,,1.24771
,,1.24916
,,1.25040
,,1.25186
,,1.25340
,,1.25479
,,1.25632
,,1.25758
,,1.25910
,,1.26031
,,1.26181
,,1.26329
,,1.26468
,,1.26604
,,1.26726
,,1.26871
,,1.26986
,,1.27129
,,1.27258
,,1.27393
,,1.27536
,,1.27653
,,1.27804
,,1.27933
,,1.28081
,,1.28210
,,1.28337
,,1.28489
,,1.28619
,,1.28772
,,1.28890
,,1.29039
,,1.29168
,,1.29317
,,1.29473
,,1.29606
,,1.29761
,,1.29897
,,1.30043
,,1.30160
,,1.30308
,,1.30452
,,1.30603
,,1.30744
,,1.30898
,,1.31033
,,1.31152
,,1.31303
,,1.31423
,,1.31572
,,1.31705
,,1.31840
,,1.31975
,,1.32093
,,1.32239
,,1.32372
,,1.32516
,,1.32658
,,1.32809
,,1.32944
,,1.33083
,,1.33224
,,1.33347
,,1.33488
,,1.33605
,,1.33747
,,1.33875
,,1.34011
,,1.34148
,,1.34278
,,1.34424
,,1.34538
,,1.34682
,,1.34812
,,1.34949
,,1.35080
,,1.35199
,,1.35338
,,1.35450
,,1.35591
,,1.35727
,,1.35873
,,1.36022
,,1.36147
,,1.36280
,,1.36396
,,1.36546
,,1.36663
,,1.36798
,,1.36918
,,1.37044
,,1.37184
,,1.37316
,,1.37450
,,1.37569
,,1.37733
,,1.37845
,,1.37983
,,1.38115
,,1.38271
,,1.38394
,,1.38512
,,1.38647
,,1.38758
,,1.38897
,,1.39017
,,1.39161
,,1.39302
,,1.39432
,,1.39582
,,1.39713
,,1.39851
,,1.39966
,,1.40109
,,1.40229
,,1.40364
,,1.40511
,,1.40651
,,1.40801
,,1.40926
,,1.41069
,,1.41193
,,1.41338
,,1.41464
,,1.41599
,,1.41735
,,1.41853
,,1.42004
,,1.42128
,,1.42274
,,1.42408
,,1.42577
,,1.42710
,,1.42843
,,1.42989
,,1.43108
,,1.43265
,,1.43388
,,1.43539
,,1.43664
,,1.43793
,,1.43934
,,1.44053
,,1.44202
,,1.44327
,,1.44467
,,1.44607
,,1.44738
,,1.44876
,,1.45004
,,1.45151
,,1.45279
,,1.45420
,,1.45552
,,1.45675
,,1.45819
,,1.45943
,,1.46093
,,1.46226
,,1.46375
,,1.46518
,,1.46646
,,1.46806
,,1.46924
,,1.47076
,,1.47201
,,1.47360
,,1.47494
,,1.47633
,,1.47784
,,1.47909
,,1.48065
,,1.48186
,,1.48340
,,1.48483
,,1.48647
,,1.48784
,,1.48909
,,1.49057
,,1.49181
,,1.49331
,,1.49467
,,1.49615
,,1.49760
,,1.49903
,,1.50059
,,1.50207
,,1.50376
,,1.50514
,,1.50666
,,1.50796
,,1.50942
,,1.51080
,,1.51220
,,1.51370
,,1.51503
,,1.51667
,,1.51798
,,1.51952
,,1.52093
,,1.52229
,,1.52389
,,1.52520
,,1.52674
,,1.52806
,,1.52953
,,1.53106
,,1.53268
,,1.53431
,,1.53578
,,1.53739
,,1.53878
,,1.54026
,,1.54151
,,1.54305
,,1.54442
,,1.54611
,,1.54777
,,1.54949
,,1.55087
,,1.55236
,,1.55394
,,1.55537
,,1.55700
,,1.55839
,,1.55991
,,1.56118
,,1.56263
,,1.56409
,,1.56551
,,1.56707
,,1.56858
,,1.57028
,,1.57153
,,1.57305
,,1.57451
,,1.57616
,,1.57766
,,1.57897
,,1.58047
,,1.58172
,,1.58323
,,1.58462
,,1.58608
,,1.58759
,,1.58910
,,1.59077
,,1.59206
,,1.59358
,,1.59488
,,1.59636
,,1.59777
,,1.59915
,,1.60064
,,1.60187
,,1.60340
,,1.60474
,,1.60638
,,1.60778
,,1.60909
,,1.61058
,,1.61182
,,1.61329
,,1.61460
,,1.61601
,,1.61744
,,1.61867
,,1.62024
,,1.62157
,,1.62304
,,1.62445
,,1.62598
,,1.62753
,,1.62900
,,1.63060
,,1.63209
,,1.63358
,,1.63487
,,1.63637
,,1.63778
,,1.63909
,,1.64063
,,1.64191
,,1.64350
,,1.64488
,,1.64638
,,1.64798
,,1.64931
,,1.65079
,,1.65202
,,1.65352
,,1.65483
,,1.65627
,,1.65772
,,1.65895
,,1.66043
,,1.66185
,,1.66334
,,1.66483
,,1.66643
,,1.66796
,,1.66926
,,1.67072
,,1.67194
,,1.67358
,,1.67497
,,1.67647
,,1.67787
,,1.67922
,,1.68088
,,1.68215
,,1.68388
,,1.68535
,,1.68700
,,1.68832
,,1.68973
,,1.69114
,,1.69252
,,1.69414
,,1.69544
,,1.69708
,,1.69860
,,1.70032
,,1.70165
,,1.70322
,,1.70479
,,1.70631
,,1.70781
,,1.70908
,,1.71061
,,1.71188
,,1.71337
,,1.71490
,,1.71652
,,1.71803
,,1.71941
,,1.72110
,,1.72238
,,1.72387
,,1.72526
,,1.72673
,,1.72816
,,1.72944
,,1.73103
,,1.73247
,,1.73408
,,1.73547
,,1.73705
,,1.73845
,,1.73995
,,1.74146
,,1.74281
,,1.74434
,,1.74565
,,1.74717
,,1.74856
,,1.74981
,,1.75138
,,1.75264
,,1.75412
,,1.75547
,,1.75688
,,1.75832
,,1.75953
,,1.76102
,,1.76230
,,1.76378
,,1.76519
,,1.76653
,,1.76802
,,1.76924
,,1.77066
,,1.77200
,,1.77333
,,1.77482
,,1.77613
,,1.77762
,,1.77892
,,1.78022
,,1.78167
,,1.78295
,,1.78444
,,1.78577
,,1.78722
,,1.78862
,,1.78985
,,1.79136
,,1.79267
,,1.79418
,,1.79562
,,1.79698
,,1.79845
,,1.79966
,,1.80122
,,1.80259
,,1.80401
,,1.80545
,,1.80673
,,1.80822
,,1.80943
,,1.81091
,,1.81228
,,1.81376
,,1.81530
,,1.81656
,,1.81808
,,1.81933
,,1.82072
,,1.82224
,,1.82356
,,1.82508
,,1.82643
,,1.82795
,,1.82929
,,1.83067
,,1.83218
,,1.83357
,,1.83510
,,1.83641
,,1.83786
,,1.83939
,,1.84085
,,1.84231
,,1.84382
,,1.84546
,,1.84684
,,1.84840
,,1.84965
,,1.85111
,,1.85255
,,1.85389
,,1.85540
,,1.85663
,,1.85813
,,1.85943
,,1.86089
,,1.86239
,,1.86375
,,1.86528
,,1.86659
,,1.86822
,,1.86956
,,1.87096
,,1.87238
,,1.87385
,,1.87561
,,1.87686
,,1.87856
,,1.87993
,,1.88154
,,1.88295
,,1.88442
,,1.88590
,,1.88718
,,1.88867
,,1.88992
,,1.89141
,,1.89280
,,1.89424
,,1.89573
,,1.89713
,,1.89885
,,1.90031
,,1.90188
,,1.90346
,,1.90519
,,1.90651
,,1.90790
,,1.90929
,,1.91064
,,1.91216
,,1.91369
,,1.91526
,,1.91666
,,1.91826
,,1.91957
,,1.92100
,,1.92269
,,1.92422
,,1.92573
,,1.92697
,,1.92843
,,1.92971
,,1.93114
,,1.93269
,,1.93424
,,1.93571
,,1.93700
,,1.93851
,,1.93982
,,1.94131
,,1.94285
,,1.94418
,,1.94567
,,1.94692
,,1.94843
,,1.94982
,,1.95123
,,1.95279
,,1.95414
,,1.95590
,,1.95736
,,1.95891
,,1.96025
,,1.96186
,,1.96327
,,1.96463
,,1.96617
,,1.96742
,,1.96916
,,1.97055
,,1.97218
,,1.97350
,,1.97517
,,1.97656
,,1.97802
,,1.97960
,,1.98096
,,1.98248
,,1.98373
,,1.98518
,,1.98651
,,1.98787
,,1.98949
,,1.99082
,,1.99232
,,1.99377
,,1.99539
,,1.99683
,,1.99830
,,1.99981
,,2.00112
,,2.00265
,,2.00389
,,2.00536
,,2.00679
,,2.00821
,,2.00987
,,2.01123
,,2.01287
,,2.01434
,,2.01578
,,2.01719
,,2.01862
,,2.02009
,,2.02138
,,2.02296
,,2.02424
,,2.02568
,,2.02704
,,2.02843
,,2.02997
,,2.03143
,,2.03311
,,2.03443
,,2.03587
,,2.03720
,,2.03868
,,2.04005
,,2.04140
,,2.04298
,,2.04452
,,2.04608
,,2.04737
,,2.04905
,,2.05037
,,2.05199
,,2.05332
,,2.05473
,,2.05617
,,2.05749
,,2.05911
,,2.06041
,,2.06202
,,2.06343
,,2.06489
,,2.06637
,,2.06770
,,2.06919
,,2.07054
,,2.07197
,,2.07335
,,2.07475
,,2.07618
,,2.07744
,,2.07898
,,2.08047
,,2.08197
,,2.08344
,,2.08487
,,2.08632
,,2.08752
,,2.08913
,,2.09045
,,2.09194
,,2.09330
,,2.09474
,,2.09623
,,2.09772
,,2.09928
,,2.10067
,,2.10215
,,2.10346
,,2.10511
,,2.10647
,,2.10774
,,2.10922
,,2.11059
,,2.11206
,,2.11342
,,2.11482
,,2.11633
,,2.11759
,,2.11916
,,2.12051
,,2.12213
,,2.12352
,,2.12486
,,2.12629
,,2.12758
,,2.12903
,,2.13042
,,2.13189
,,2.13327
,,2.13454
,,2.13615
,,2.13756
,,2.13912
,,2.14065
,,2.14217
,,2.14347
,,2.14483
,,2.14624
,,2.14758
,,2.14904
,,2.15035
,,2.15182
,,2.15317
,,2.15440
,,2.15585
,,2.15714
,,2.15858
,,2.16010
,,2.16160
,,2.16289
,,2.16412
,,2.16555
,,2.16700
,,2.16852
,,2.17003
,,2.17152
,,2.17292
,,2.17425
,,2.17574
,,2.17728
,,2.17887
,,2.18035
,,2.18178
,,2.18308
,,2.18452
,,2.18587
,,2.18730
,,2.18876
,,2.18997
,,2.19144
,,2.19285
,,2.19443
,,2.19601
,,2.19757
,,2.19894
,,2.20013
,,2.20152
,,2.20275
,,2.20415
,,2.20552
,,2.20705
,,2.20844
,,2.20967
,,2.21119
,,2.21253
,,2.21417
,,2.21554
,,2.21698
,,2.21826
,,2.21939
,,2.22083
,,2.22219
,,2.22369
,,2.22515
,,2.22673
,,2.22814
,,2.22940
,,2.23100
,,2.23236
,,2.23402
,,2.23529
,,2.23678
,,2.23797
,,2.23935
,,2.24075
,,2.24222
,,2.24373
,,2.24522
,,2.24673
,,2.24789
,,2.24929
,,2.25064
,,2.25210
,,2.25350
,,2.25478
,,2.25622
,,2.25736
,,2.25889
,,2.26030
,,2.26185
,,2.26331
,,2.26464
,,2.26610
,,2.26732
,,2.26891
,,2.27031
,,2.27178
,,2.27318
,,2.27436
,,2.27573
,,2.27701
,,2.27842
,,2.27981
,,2.28131
,,2.28269
,,2.28391
,,2.28537
,,2.28661
,,2.28806
,,2.28942
,,2.29084
,,2.29216
,,2.29324
,,2.29471
,,2.29594
,,2.29758
,,2.29900
,,2.30054
,,2.30197
,,2.30341
,,2.30488
,,2.30626
,,2.30766
,,2.30892
,,2.31038
,,2.31151
,,2.31279
,,2.31414
,,2.31546
,,2.31687
,,2.31815
,,2.31962
,,2.32106
,,2.32237
,,2.32372
,,2.32506
,,2.32669
,,2.32788
,,2.32935
,,2.33059
,,2.33220
,,2.33359
,,2.33500
,,2.33644
,,2.33793
,,2.33951
,,2.34067
,,2.34213
,,2.34346
,,2.34494
,,2.34646
,,2.34767
,,2.34916
,,2.35033
,,2.35183
,,2.35322
,,2.35477
,,2.35632
,,2.35768
,,2.35905
,,2.36034
,,2.36173
,,2.36302
,,2.36461
,,2.36587
,,2.36717
,,2.36851
,,2.36985
,,2.37127
,,2.37265
,,2.37434
,,2.37573
,,2.37706
,,2.37840
,,2.37973
,,2.38120
,,2.38246
,,2.38387
,,2.38508
,,2.38634
,,2.38770
,,2.38904
,,2.39071
,,2.39202
,,2.39367
,,2.39489
,,2.39619
,,2.39753
,,2.39884
,,2.40029
,,2.40151
,,2.40300
,,2.40417
,,2.40568
,,2.40705
,,2.40862
,,2.41007
,,2.41129
,,2.41274
,,2.41390
,,2.41526
,,2.41660
,,2.41811
,,2.41958
,,2.42073
,,2.42206
,,2.42317
,,2.42407
,,2.42508
,,2.42616
,,2.42723
,,2.42804
,,2.42885
,,2.42974
,,2.43046
,,2.43099
,,2.43148
,,2.43190
,,2.43227
,,2.43255
,,2.43279
,,2.43309
,,2.43349
,,2.43398
,,2.43443
,,2.43482
,,2.43515
,,2.43535
,,2.43545
,,2.43546
,,2.43547
,,2.43549
,,2.43552
,,2.43556
,,2.43562
,,2.43570
,,2.43581
,,2.43596
,,2.43614
,,2.43634
,,2.43656
,,2.43678
,,2.43699
,,2.43718
,,2.43735
,,2.43752
,,2.43765
,,2.43778
