index,magnetic_mm,keyence_calibrated_mm
0,0.0,-0.0
1,42.88559373661145,0.0010881635791439857
2,85.7711874732229,0.0022831504939931197
3,128.65678120983435,0.0033812462114938416
4,171.5423749464458,0.0044421474565788
5,214.42796868305726,0.005476929121874313
6,257.3135624196687,0.0064989686529486205
7,300.19915615628014,0.007515927181234765
8,343.0847498928916,0.008531563588630048
9,385.9703436295031,0.009553350332777719
10,428.8559373661145,0.01057910745625157
11,471.74153110272596,0.011599542486885002
12,514.6271248393374,0.012590048330482407
13,557.5127185759488,0.01358055417407981
14,600.3983123125603,0.014605057184013214
15,643.2839060491717,0.015670219150081776
16,686.1694997857832,0.01673538111615034
17,729.0550935223946,0.01781255050698909
18,771.9406872590062,0.018899743313777948
19,814.8262809956176,0.019986936120566803
20,857.711874732229,0.02108902458448758
21,900.5974684688405,0.022209668090813598
22,943.4830622054519,0.02333031159713962
23,986.3686559420634,0.024446585458284893
24,1029.2542496786748,0.0255440163737975
25,1072.1398434152864,0.026641447289310106
26,1115.0254371518977,0.02773887820482271
27,1157.9110308885092,0.028751946497764802
28,1200.7966246251206,0.0297449193320071
29,1243.682218361732,0.030737892166249406
30,1286.5678120983434,0.03171947919998197
31,1329.453405834955,0.03267828163062923
32,1372.3389995715663,0.033637084061276495
33,1415.2245933081776,0.03459588649192375
34,1458.1101870447892,0.03550302494674487
35,1500.9957807814008,0.03639619033924634
36,1543.8813745180123,0.037289355731747804
37,1586.7669682546236,0.03818636527062591
38,1629.6525619912352,0.039100656892244866
39,1672.5381557278465,0.04001494851386382
40,1715.423749464458,0.040929240135482776
41,1758.3093432010694,0.041837459287912285
42,1801.194936937681,0.04274026871085266
43,1844.0805306742923,0.04364307813379303
44,1886.9661244109038,0.0445458875567334
45,1929.8517181475152,0.04543864679078177
46,1972.7373118841267,0.04632949701857954
47,2015.622905620738,0.047220347246377296
48,2058.5084993573496,0.04811006363956796
49,2101.394093093961,0.048991830236415304
50,2144.2796868305727,0.04987359683326265
51,2187.165280567184,0.05075536343010999
52,2230.0508743037954,0.05163531262347752
53,2272.936468040407,0.052512462720578246
54,2315.8220617770185,0.05338961281767897
55,2358.7076555136296,0.05426676291477969
56,2401.593249250241,0.055135733959356566
57,2444.4788429868527,0.056000383456946606
58,2487.364436723464,0.05686503295453665
59,2530.2500304600753,0.05772968245212668
60,2573.135624196687,0.058561985805132555
61,2616.0212179332984,0.05939142574370428
62,2658.90681166991,0.06022086568227601
63,2701.792405406521,0.061064864993909285
64,2744.6779991431326,0.061969636823115654
65,2787.563592879744,0.06287440865232202
66,2830.4491866163553,0.06377918048152839
67,2873.334780352967,0.06464979656279482
68,2916.2203740895784,0.06548335513244
69,2959.10596782619,0.06631691370208517
70,3001.9915615628015,0.06715047227173036
71,3044.877155299413,0.06801655768422578
72,3087.7627490360246,0.06889157152919759
73,3130.648342772636,0.0697665853741694
74,3173.5339365092473,0.07064161100821706
75,3216.419530245859,0.07151673746991964
76,3259.3051239824704,0.07239186393162222
77,3302.190717719082,0.0732669903933248
78,3345.076311455693,0.07414274058401345
79,3387.9619051923046,0.07501929551382326
80,3430.847498928916,0.07589585044363309
81,3473.7330926655272,0.0767724053734429
82,3516.618686402139,0.07765075130039055
83,3559.5042801387503,0.07852958489177642
84,3602.389873875362,0.07940841848316228
85,3645.275467611973,0.08028103144167202
86,3688.1610613485846,0.08112003393287819
87,3731.046655085196,0.08195903642408434
88,3773.9322488218077,0.08279803891529049
89,3816.8178425584188,0.08366068289022903
90,3859.7034362950303,0.08454308465219126
91,3902.589030031642,0.0854254864141535
92,3945.4746237682534,0.08630788817611572
93,3988.3602175048645,0.08719753604520959
94,4031.245811241476,0.08808754705894384
95,4074.1314049780876,0.0889775580726781
96,4117.016998714699,0.08987026628607843
97,4159.902592451311,0.09076738854757108
98,4202.788186187922,0.09166451080906371
99,4245.673779924533,0.09256163307055634
100,4288.559373661145,0.09343140347896102
101,4331.444967397756,0.09429531047251068
102,4374.330561134368,0.09515921746606036
103,4417.216154870979,0.09603372575421223
104,4460.101748607591,0.09693530288824144
105,4502.987342344202,0.09783688002227066
106,4545.872936080814,0.09873845715629986
107,4588.7585298174245,0.09964767827792208
108,4631.644123554037,0.10055938967212713
109,4674.529717290648,0.10147110106633216
110,4717.415311027259,0.10238168539410904
111,4760.300904763872,0.10328878502063249
112,4803.186498500482,0.10419588464715589
113,4846.072092237094,0.10510298427367931
114,4888.957685973705,0.10598738387221747
115,4931.843279710317,0.10686420607723252
116,4974.728873446928,0.10774102828224755
117,5017.61446718354,0.10862979302208452
118,5060.500060920151,0.10955064069804368
119,5103.385654656763,0.11047148837400288
120,5146.271248393374,0.11139233604996204
121,5189.156842129985,0.11231703797844757
122,5232.042435866597,0.11324266129649584
123,5274.928029603208,0.1141682846145441
124,5317.81362333982,0.11509524723668131
125,5360.6992170764315,0.11602469784937083
126,5403.584810813042,0.11695414846206034
127,5446.470404549655,0.11788359907474989
128,5489.355998286265,0.11881378980815077
129,5532.241592022877,0.11974406618868946
130,5575.127185759488,0.12067434256922815
131,5618.0127794961,0.12158539602792752
132,5660.898373232711,0.12247254213146821
133,5703.783966969323,0.12335968823500895
134,5746.669560705934,0.12424683433854965
135,5789.555154442546,0.1251765157373101
136,5832.440748179157,0.12610634946109708
137,5875.326341915768,0.1270361831848841
138,5918.21193565238,0.1279851644929931
139,5961.0975293889915,0.1289501829493978
140,6003.983123125603,0.12991520140580254
141,6046.868716862215,0.13087273201844604
142,6089.754310598826,0.13175765827285155
143,6132.639904335438,0.13264258452725708
144,6175.525498072049,0.13352751078166258
145,6218.41109180866,0.11338283724523099
146,6261.296685545272,0.11028197522738747
147,6304.182279281883,0.12020522771759053
148,6347.0678730184945,0.13287373825023466
149,6389.953466755106,0.11181144025756652
150,6432.839060491718,0.1261120114488817
151,6475.724654228328,0.12041067111160088
152,6518.610247964941,0.12700288924411213
153,6561.495841701551,0.11560474606603177
154,6604.381435438164,0.13699989182336858
155,6647.2670291747745,0.14161087862249405
156,6690.152622911386,0.12388698673809889
157,6733.038216647998,0.12539743209625587
158,6775.923810384609,0.1388960949495494
159,6818.80940412122,0.12443028706422248
160,6861.694997857832,0.13170284583519962
161,6904.580591594443,0.1461453873809503
162,6947.4661853310545,0.13877949388320845
163,6990.351779067666,0.13907461962242657
164,7033.237372804278,0.14956741413323005
165,7076.122966540889,0.15254045594267332
166,7119.008560277501,0.1282978465282776
167,7161.894154014112,0.13538182002392196
168,7204.779747750724,0.14834919901794869
169,7247.665341487335,0.14185441469228974
170,7290.550935223946,0.1340970389339931
171,7333.4365289605585,0.14824399258282278
172,7376.322122697169,0.15877793457559383
173,7419.207716433782,0.1319749812055068
174,7462.093310170392,0.1494736173477586
175,7504.978903907004,0.1609581020135503
176,7547.864497643615,0.14392941057756034
177,7590.750091380227,0.14849979669282404
178,7633.6356851168375,0.16380108613832514
179,7676.52127885345,0.1652654403175486
180,7719.406872590061,0.14425923784948125
181,7762.292466326672,0.1666268946776191
182,7805.178060063284,0.16784167425089394
183,7848.063653799895,0.14590968995180625
184,7890.949247536507,0.16758251853859635
185,7933.834841273118,0.17059824184755956
186,7976.720435009729,0.171601053945805
187,8019.6060287463415,0.15912821539475802
188,8062.491622482952,0.17340185263834873
189,8105.377216219564,0.17421507696579341
190,8148.262809956175,0.15038860679379631
191,8191.148403692787,0.17635848515825017
192,8234.033997429398,0.17707045222299897
193,8276.91959116601,0.17778241928774777
194,8319.805184902621,0.17318870592268226
195,8362.690778639233,0.17076340773042328
196,8405.576372375845,0.1610808048412378
197,8448.461966112456,0.15139820195205228
198,8491.347559849066,0.17880815337135472
199,8534.23315358568,0.16922947832096435
200,8577.11874732229,0.1596508032705744
201,8620.0043410589,0.18531965594665487
202,8662.889934795512,0.17771609543691627
203,8705.775528532125,0.16813018893469273
204,8748.661122268735,0.15854428243247
205,8791.546716005347,0.18666089500313898
206,8834.432309741958,0.17693979210261973
207,8877.317903478572,0.1672186892021001
208,8920.203497215181,0.18096090005564316
209,8963.089090951793,0.1862460005434777
210,9005.974684688405,0.17641546702460367
211,9048.860278425016,0.16658493350572962
212,9091.745872161628,0.19468972252488817
213,9134.63146589824,0.18626950270269874
214,9177.517059634849,0.17610780490962152
215,9220.402653371462,0.16835660007908362
216,9263.288247108074,0.19711991206955645
217,9306.173840844684,0.18649370831854306
218,9349.059434581295,0.17586750456752923
219,9391.945028317909,0.18286893930181913
220,9434.830622054518,0.19819429970822303
221,9477.71621579113,0.1869112244745308
222,9520.601809527743,0.17562814924083806
223,9563.487403264353,0.19234963660113408
224,9606.372997000964,0.19970078667671573
225,9649.258590737576,0.18757128142335525
226,9692.144184474188,0.17624275627048916
227,9735.0297782108,0.19903294979562025
228,9777.91537194741,0.20157930881177644
229,9820.800965684022,0.18818555963100075
230,9863.686559420634,0.1844684932830073
231,9906.572153157245,0.20365415268559894
232,9949.457746893857,0.20454122295892446
233,9992.343340630467,0.18899012744604415
234,10035.22893436708,0.19066563161611083
235,10078.114528103692,0.2070789219468786
236,10121.000121840301,0.20858988104997553
237,10163.885715576913,0.18952442910839445
238,10206.771309313526,0.19541351194676976
239,10249.656903050136,0.2096628644928721
240,10292.542496786748,0.2146515781180823
241,10335.428090523359,0.189771671587323
242,10378.31368425997,0.19925599728074267
243,10421.199277996582,0.21166543673968116
244,10464.084871733194,0.22097617916248458
245,10506.970465469803,0.19124179461624177
246,10549.856059206417,0.20231415461380836
247,10592.741652943028,0.21338651461137448
248,10635.62724667964,0.2228742532605635
249,10678.51284041625,0.1950551919214002
250,10721.398434152863,0.20492901088039972
251,10764.284027889475,0.21480282983939883
252,10807.169621626084,0.2246766487983975
253,10850.055215362698,0.22822664285243804
254,10892.94080909931,0.22819467890769074
255,10935.826402835919,0.22816271496294344
256,10978.71199657253,0.22813075101819613
257,11021.597590309144,0.21070117973751146
258,11064.483184045754,0.23142935565483277
259,11107.368777782365,0.23138118048540607
260,11150.254371518977,0.23133300531597936
261,11193.139965255588,0.20806901206039927
262,11236.0255589922,0.23347341139366667
263,11278.911152728811,0.22394052635183023
264,11321.796746465421,0.21440764130999418
265,11364.682340202035,0.22303319820602685
266,11407.567933938646,0.2368274852659028
267,11450.453527675258,0.23124816347059524
268,11493.339121411867,0.21994507903251115
269,11536.22471514848,0.20994374045000377
270,11579.110308885092,0.23873325773208073
271,11621.995902621702,0.24044678182771492
272,11664.881496358314,0.22696471001609314
273,11707.767090094927,0.21348263820447075
274,11750.652683831537,0.24087951492991788
275,11793.538277568148,0.2430769759533248
276,11836.42387130476,0.2361282228458406
277,11879.309465041371,0.21944391866969734
278,11922.195058777983,0.23472236912090866
279,11965.080652514594,0.24513255523404476
280,12007.966246251206,0.24728302270812302
281,12050.851839987818,0.22765886071432487
282,12093.73743372443,0.23017018448817933
283,12136.623027461039,0.2473835270906932
284,12179.508621197652,0.2494101579620148
285,12222.394214934264,0.23949121112112173
286,12265.279808670875,0.22746924879867655
287,12308.165402407485,0.24741767939555226
288,12351.050996144098,0.2516877745131134
289,12393.93658988071,0.25360575405668856
290,12436.82218361732,0.2258920412465797
291,12479.707777353931,0.2441365329110561
292,12522.593371090545,0.2540924973210276
293,12565.478964827154,0.2559552791148119
294,12608.364558563766,0.2341134785048141
295,12651.250152300378,0.241924136022736
296,12694.135746036989,0.2564870747780193
297,12737.0213397736,0.2582763219974511
298,12779.906933510212,0.2589646623289242
299,12822.792527246822,0.2403979131035979
300,12865.678120983435,0.2573427331786017
301,12908.563714720047,0.2608576871385533
302,12951.449308456657,0.26259850819680847
303,12994.334902193268,0.2354188851323616
304,13037.220495929882,0.2403185656165824
305,13080.106089666491,0.24362731410255903
306,13122.991683403103,0.24355474165394658
307,13165.877277139716,0.23725928610138683
308,13208.762870876328,0.25155781147741435
309,13251.648464612937,0.2527125867190947
310,13294.534058349549,0.2564685161779266
311,13337.419652086162,0.2622922214475155
312,13380.305245822772,0.2554653599627077
313,13423.190839559384,0.2672136337177128
314,13466.076433295995,0.2622766044855758
315,13508.962027032607,0.24655673345421436
316,13551.847620769218,0.2528282061267742
317,13594.73321450583,0.26267777341813914
318,13637.61880824244,0.2549953623053146
319,13680.504401979053,0.24731295119248942
320,13723.389995715665,0.2697918983778557
321,13766.275589452274,0.2744212706613679
322,13809.161183188886,0.27140562867372914
323,13852.0467769255,0.2541380865603517
324,13894.932370662109,0.2788497164901343
325,13937.81796439872,0.27665440160443217
326,13980.703558135332,0.26575075082107047
327,14023.589151871945,0.25397706255454705
328,14066.474745608555,0.2794944647800291
329,14109.360339345167,0.2787343775873098
330,14152.245933081778,0.2675131120073851
331,14195.13152681839,0.25629184642746033
332,14238.017120555001,0.2850692241639893
333,14280.902714291613,0.28409745374178585
334,14323.788308028224,0.28367416485098007
335,14366.673901764836,0.26359979029367814
336,14409.559495501448,0.2881007949367438
337,14452.445089238057,0.2870966722891265
338,14495.33068297467,0.2861566766075256
339,14538.216276711282,0.26665062803090084
340,14581.101870447892,0.2909584578980524
341,14623.987464184504,0.2899555283587642
342,14666.873057921117,0.27422994450412863
343,14709.758651657727,0.2830895856431941
344,14752.644245394338,0.29342921854498877
345,14795.52983913095,0.2852454479261801
346,14838.415432867563,0.2684463885841523
347,14881.301026604173,0.2983454810128397
348,14924.186620340784,0.29360613098002025
349,14967.072214077396,0.2790264915062686
350,15009.957807814008,0.2740050521833878
351,15052.84340155062,0.30018181549297224
352,15095.72899528723,0.28762103288392454
353,15138.61458902384,0.2741946343425008
354,15181.500182760454,0.2941680603097709
355,15224.385776497065,0.29728213663056735
356,15267.271370233675,0.28308805943991466
357,15310.156963970287,0.2806898322391615
358,15353.0425577069,0.3066300539754506
359,15395.92815144351,0.29177256523730793
360,15438.813745180121,0.27815240230188043
361,15481.699338916735,0.30935821434681116
362,15524.584932653344,0.30028600016012763
363,15567.470526389956,0.2836748066611801
364,15610.356120126567,0.3043149756620841
365,15653.24171386318,0.311902104507221
366,15696.12730759979,0.29158381481834644
367,15739.012901336402,0.2961607130592643
368,15781.898495073014,0.31526842791015697
369,15824.784088809625,0.30037519088084147
370,15867.669682546237,0.2896807263357215
371,15910.555276282848,0.318425160816837
372,15953.440870019458,0.31111469276138604
373,15996.326463756071,0.29011752451830464
374,16039.212057492683,0.3215186289080097
375,16082.097651229293,0.32411476332118994
376,16124.983244965904,0.2930271579307651
377,16167.868838702518,0.3246899478358567
378,16210.754432439127,0.3258951920973727
379,16253.640026175739,0.29586056640267044
380,16296.52561991235,0.3280179606125204
381,16339.411213648962,0.32827193926940773
382,16382.296807385574,0.29885882494878185
383,16425.182401122183,0.33087720910370705
384,16468.067994858797,0.32584341454689475
385,16510.953588595406,0.3075910513180905
386,16553.83918233202,0.33240192025741344
387,16596.724776068633,0.32845467149512503
388,16639.610369805243,0.30638748386697373
389,16682.495963541853,0.33501778630407775
390,16725.381557278466,0.3271060568756277
391,16768.267151015076,0.3399620955111133
392,16811.15274475169,0.340562161960916
393,16854.0383384883,0.3153304406279504
394,16896.923932224912,0.3429727261964797
395,16939.809525961526,0.34375300355695176
396,16982.69511969813,0.31344753237318335
397,17025.580713434745,0.3461399070147235
398,17068.46630717136,0.3462804764733867
399,17111.35190090797,0.32351217693288464
400,17154.23749464458,0.349208779516709
401,17197.12308838119,0.3408411561662094
402,17240.0086821178,0.32511117179420407
403,17282.894275854414,0.3524363452810943
404,17325.779869591024,0.3310151552455853
405,17368.665463327638,0.33580313305542814
406,17411.55105706425,0.34481572290808454
407,17454.43665080086,0.3548700260589628
408,17497.32224453747,0.3448645406527716
409,17540.20783827408,0.33656892318904413
410,17583.093432010694,0.3323582806384944
411,17625.979025747307,0.35293991825101906
412,17668.864619483917,0.3440084945615091
413,17711.75021322053,0.36198652054878705
414,17754.635806957143,0.3641628432828642
415,17797.52140069375,0.33398840623934534
416,17840.406994430363,0.3514380227744094
417,17883.292588166976,0.3589199278449827
418,17926.178181903586,0.3658152670284589
419,17969.0637756402,0.3479383848997986
420,18011.94936937681,0.3544306463471884
421,18054.83496311342,0.3645474576959995
422,18097.720556850032,0.34282085373529514
423,18140.606150586642,0.3579218581124064
424,18183.491744323255,0.35939954643633903
425,18226.37733805987,0.34552638049938683
426,18269.26293179648,0.3770133137198421
427,18312.148525533088,0.3501325784791445
428,18355.034119269698,0.3789637974241813
429,18397.91971300631,0.37325446287953884
430,18440.805306742925,0.35138840694706913
431,18483.690900479534,0.38278602016377306
432,18526.576494216148,0.3567335770117891
433,18569.462087952757,0.3666088434452579
434,18612.347681689367,0.3864898128808382
435,18655.23327542598,0.357216645118607
436,18698.11886916259,0.3855397369296459
437,18741.004462899204,0.3596242519459476
438,18783.890056635817,0.3700344569110266
439,18826.775650372427,0.39051949902405736
440,18869.661244109036,0.3682727729953009
441,18912.54683784565,0.38450036501062224
442,18955.43243158226,0.382494130233182
443,18998.318025318873,0.37527606747327125
444,19041.203619055486,0.3961135636134043
445,19084.089212792096,0.3695448000099565
446,19126.974806528706,0.3871811565710247
447,19169.860400265316,0.402372565104546
448,19212.74599400193,0.38162072528915997
449,19255.631587738542,0.3790952073915097
450,19298.517181475152,0.40587482562634986
451,19341.402775211765,0.3870224694217239
452,19384.288368948375,0.4019124500302366
453,19427.173962684985,0.4031058103295452
454,19470.0595564216,0.3805301013953598
455,19512.945150158208,0.3950001695584281
456,19555.83074389482,0.3885818507402085
457,19598.716337631435,0.40996071025856884
458,19641.601931368044,0.41196594714886947
459,19684.487525104654,0.3910101356311536
460,19727.373118841268,0.4110922545078904
461,19770.258712577877,0.3880667119944609
462,19813.14430631449,0.4165756901376801
463,19856.0299000511,0.42129463116970667
464,19898.915493787714,0.4178620740532503
465,19941.801087524324,0.40987090661452336
466,19984.686681260933,0.41689725675813866
467,20027.572274997547,0.394629722570675
468,20070.45786873416,0.425480854984714
469,20113.34346247077,0.3971183495339584
470,20156.229056207383,0.4272765632896286
471,20199.11464994399,0.4292680661412865
472,20242.000243680603,0.40053905397253015
473,20284.885837417216,0.40853380642981685
474,20327.771431153826,0.4242187665952532
475,20370.65702489044,0.43063279748857425
476,20413.542618627052,0.4162030784920894
477,20456.428212363662,0.41347575581548196
478,20499.313806100272,0.4126040565979913
479,20542.199399836885,0.4402083234966099
480,20585.084993573495,0.43198243972417744
481,20627.97058731011,0.41108797633149813
482,20670.856181046718,0.4425718289526848
483,20713.74177478333,0.4224255343707952
484,20756.62736851994,0.4428170047375135
485,20799.51296225655,0.42837335959313705
486,20842.398555993164,0.4167599206833644
487,20885.284149729778,0.44861477149388945
488,20928.169743466387,0.44922914497965427
489,20971.055337203,0.43285207459323544
490,21013.940930939607,0.4452902902493462
491,21056.82652467622,0.4224393984636465
492,21099.712118412834,0.44581052212362565
493,21142.597712149443,0.45587862860281936
494,21185.483305886057,0.4258734920505769
495,21228.36889962267,0.43868584725662824
496,21271.25449335928,0.43836890385813254
497,21314.14008709589,0.4292462491338759
498,21357.0256808325,0.46183596513442104
499,21399.911274569113,0.4313877102570281
500,21442.796868305726,0.43253150601447055
501,21485.682462042336,0.45303815560602423
502,21528.56805577895,0.43472258596437946
503,21571.45364951556,0.445774066064067
504,21614.33924325217,0.4410175101524537
505,21657.224836988782,0.4380249770876265
506,21700.110430725395,0.4666146038277432
507,21742.996024462005,0.44006863460474127
508,21785.88161819862,0.44979412867006263
509,21828.767211935225,0.46831403779302955
510,21871.652805671838,0.4741797733466348
511,21914.53839940845,0.4459720258183286
512,21957.42399314506,0.4619377850118548
513,22000.309586881674,0.47772089892318986
514,22043.195180618288,0.453442190574299
515,22086.080774354898,0.4519873813415211
516,22128.966368091507,0.4810583928929797
517,22171.851961828117,0.46096547182910186
518,22214.73755556473,0.45158169686653105
519,22257.623149301344,0.4845616706192903
520,22300.508743037954,0.46631371127893995
521,22343.394336774567,0.4547282071071189
522,22386.279930511177,0.47548345492953775
523,22429.165524247786,0.47481216817658084
524,22472.0511179844,0.46110221962495884
525,22514.93671172101,0.4841448518611678
526,22557.822305457623,0.480475314513386
527,22600.707899194236,0.4922794891140346
528,22643.593492930842,0.4934211109984537
529,22686.479086667456,0.4893198556023094
530,22729.36468040407,0.48140770680978673
531,22772.25027414068,0.49613041302168187
532,22815.135867877292,0.4916396006634915
533,22858.021461613906,0.47201260830438174
534,22900.907055350515,0.4840034825319947
535,22943.792649087125,0.5006082393985065
536,22986.678242823735,0.4693305565207959
537,23029.563836560348,0.4920311409111495
538,23072.44943029696,0.5008743303661658
539,23115.33502403357,0.4721321741390678
540,23158.220617770185,0.5043992582423095
541,23201.106211506794,0.4842624154684487
542,23243.991805243404,0.48338263210834265
543,23286.877398980017,0.5072334367341067
544,23329.762992716627,0.47835593510986796
545,23372.64858645324,0.50581705461025
546,23415.534180189854,0.5109475497955497
547,23458.41977392646,0.5034583585798729
548,23501.305367663073,0.4991499789711186
549,23544.190961399687,0.4854459716514913
550,23587.076555136297,0.5135141716933842
551,23629.96214887291,0.4899990129733994
552,23672.84774260952,0.5139515116648223
553,23715.733336346133,0.5064508622352752
554,23758.618930082743,0.5181892307880904
555,23801.504523819352,0.48647165210089915
556,23844.390117555966,0.5195240338933919
557,23887.27571129258,0.5200615331212148
558,23930.16130502919,0.5179913114211077
559,23973.046898765802,0.4927739642844312
560,24015.932492502412,0.5225754282836523
561,24058.81808623902,0.5240668053034951
562,24101.703679975635,0.515149179516394
563,24144.589273712245,0.5044586831263047
564,24187.47486744886,0.5248831842317743
565,24230.36046118547,0.5131817131781506
566,24273.246054922078,0.511132040761703
567,24316.13164865869,0.5146094744055566
568,24359.017242395304,0.5169305876163065
569,24401.902836131914,0.5198907330476611
570,24444.788429868528,0.501558261855092
571,24487.674023605137,0.520264985328368
572,24530.55961734175,0.5148699815268903
573,24573.44521107836,0.521704439276313
574,24616.33080481497,0.5346777395775574
575,24659.216398551584,0.5344723323550256
576,24702.101992288197,0.5189749989334167
577,24744.987586024807,0.5043457293156598
578,24787.87317976142,0.5379301509505764
579,24830.758773498026,0.5375209133954368
580,24873.64436723464,0.5115000120362527
581,24916.529960971253,0.5206065623756747
582,24959.415554707863,0.534535998435933
583,25002.301148444476,0.5408095947012747
584,25045.18674218109,0.5165341411216859
585,25088.072335917695,0.5216327141551395
586,25130.95792965431,0.5206311125530813
587,25173.843523390922,0.5439778417722467
588,25216.729117127532,0.5295178826658049
589,25259.614710864145,0.5420145010565679
590,25302.500304600755,0.5201858026158435
591,25345.38589833737,0.5417470598464493
592,25388.271492073978,0.5458857381125168
593,25431.157085810588,0.5295432651366392
594,25474.0426795472,0.5218125270567492
595,25516.928273283815,0.526893680220005
596,25559.813867020424,0.5488491943636077
597,25602.699460757038,0.5424462324266345
598,25645.585054493644,0.523712505951603
599,25688.470648230257,0.5261837007584562
600,25731.35624196687,0.5440518163518105
601,25774.24183570348,0.5424293604300167
602,25817.127429440094,0.5374585603668808
603,25860.013023176707,0.5230981286047671
604,25902.898616913313,0.5554085744753067
605,25945.784210649927,0.5554464051628194
606,25988.669804386536,0.5571624318829734
607,26031.55539812315,0.5299029270834354
608,26074.440991859763,0.5397199593263733
609,26117.326585596373,0.5510664284270265
610,26160.212179332982,0.5326177724408447
611,26203.097773069596,0.5562432228668404
612,26245.983366806206,0.5290937405365991
613,26288.86896054282,0.5452771255781564
614,26331.754554279432,0.5570163631582071
615,26374.640148016042,0.5336832015282672
616,26417.525741752655,0.5453419453757324
617,26460.41133548926,0.5639492821107378
618,26503.296929225875,0.5643777329745553
619,26546.18252296249,0.5648061838383729
620,26589.068116699098,0.5627264542718832
621,26631.95371043571,0.5464537081904258
622,26674.839304172325,0.5637884153591779
623,26717.72489790893,0.5668727374857252
624,26760.610491645544,0.566244243584527
625,26803.496085382154,0.5680605719614866
626,26846.381679118767,0.5596566009763349
627,26889.26727285538,0.547698595953776
628,26932.15286659199,0.570178582738418
629,26975.0384603286,0.554709312414672
630,27017.924054065214,0.5697142132531038
631,27060.809647801823,0.547798186781689
632,27103.695241538437,0.5456185204312888
633,27146.580835275046,0.5637753991694622
634,27189.46642901166,0.5735596496669231
635,27232.352022748273,0.5499613076618578
636,27275.23761648488,0.5740197506292473
637,27318.123210221493,0.5740207786171841
638,27361.008803958106,0.575100678780526
639,27403.894397694716,0.5761805789438676
640,27446.77999143133,0.574275328426716
641,27489.665585167942,0.5650518015889543
642,27532.55117890455,0.5661970439089193
643,27575.436772641162,0.5774033698078426
644,27618.32236637777,0.5784111419101436
645,27661.207960114385,0.5794189140124449
646,27704.093553851,0.577630058695782
647,27746.979147587608,0.5502199881908559
648,27789.864741324218,0.5723945692035391
649,27832.75033506083,0.5733145661571385
650,27875.63592879744,0.563749017012193
651,27918.521522534054,0.5541834678672469
652,27961.407116270664,0.5832931002108829
653,28004.292710007277,0.5533743468817695
654,28047.17830374389,0.5795348336999744
655,28090.063897480497,0.5754164018307194
656,28132.94949121711,0.5647434083806636
657,28175.835084953724,0.5551758159089075
658,28218.720678690333,0.5686897406340157
659,28261.606272426947,0.5639242882329747
660,28304.491866163557,0.586081201927163
661,28347.377459900166,0.5787584936891744
662,28390.26305363678,0.5664231636039126
663,28433.14864737339,0.5587674702177944
664,28476.034241110003,0.5895390893982373
665,28518.919834846616,0.5896424047861737
666,28561.805428583226,0.5894583945637952
667,28604.691022319836,0.5828084786213438
668,28647.57661605645,0.5684363067796099
669,28690.46220979306,0.5621507881257631
670,28733.347803529672,0.5625588303567736
671,28776.233397266282,0.5928493630676851
672,28819.118991002895,0.5927884755409671
673,28862.00458473951,0.5876679856261374
674,28904.890178476115,0.5709505284401338
675,28947.775772212728,0.5652972254369834
676,28990.66136594934,0.57093390433355
677,29033.54695968595,0.5961436255328002
678,29076.432553422565,0.5959211459901357
679,29119.318147159174,0.5927421368786038
680,29162.203740895784,0.574264949063096
681,29205.089334632397,0.5683662140350332
682,29247.974928369007,0.5781045834906683
683,29290.86052210562,0.59945730010382
684,29333.746115842234,0.5990635678108455
685,29376.631709578844,0.5976893676883815
686,29419.517303315453,0.57848821358556
687,29462.402897052063,0.5714743298534971
688,29505.288490788676,0.5825947178143599
689,29548.17408452529,0.6026509027517202
690,29591.0596782619,0.602270695423765
691,29633.945271998513,0.6019562707437891
692,29676.830865735126,0.5829704453517408
693,29719.716459471732,0.5742909107450538
694,29762.602053208346,0.5865409183630784
695,29805.48764694496,0.6058145578355854
696,29848.37324068157,0.6054838234916614
697,29891.258834418182,0.6048997053498281
698,29934.144428154792,0.58508574367521
699,29977.0300218914,0.5774763733861132
700,30019.915615628015,0.5909344133141947
701,30062.801209364625,0.6080790601419467
702,30105.68680310124,0.6094684687513169
703,30148.57239683785,0.6068514625101502
704,30191.45799057446,0.5869964378145971
705,30234.34358431107,0.5805887565879959
706,30277.22917804768,0.596630499278023
707,30320.114771784294,0.6115534101559498
708,30363.000365520908,0.6127049776001958
709,30405.885959257517,0.6080212447607052
710,30448.77155299413,0.5885146379190644
711,30491.657146730744,0.5835569630257331
712,30534.54274046735,0.6057597997683994
713,30577.428334203963,0.6156047720276373
714,30620.313927940573,0.61601811007434
715,30663.199521677187,0.6081126369543798
716,30706.0851154138,0.5893016206016609
717,30748.97070915041,0.5867856811513424
718,30791.85630288702,0.6171442316677059
719,30834.741896623633,0.6189361909214542
720,30877.627490360243,0.6192604342878604
721,30920.513084096856,0.607074151978667
722,30963.39867783347,0.5894641528362027
723,31006.28427157008,0.5900090785228393
724,31049.16986530669,0.6216139184809719
725,31092.0554590433,0.6222361296270003
726,31134.941052779912,0.6216659127260736
727,31177.826646516525,0.6050522277024951
728,31220.712240253135,0.5926916735362607
729,31263.59783398975,0.6105322975091309
730,31306.48342772636,0.6249907096403227
731,31349.369021462968,0.6254635702254175
732,31392.25461519958,0.6177687886796285
733,31435.14020893619,0.6020405863794066
734,31478.025802672804,0.5959199749200293
735,31520.911396409418,0.6277255836219319
736,31563.796990146027,0.6284620407349131
737,31606.682583882637,0.6281102784561275
738,31649.56817761925,0.6130717941001294
739,31692.45377135586,0.6004876311911934
740,31735.339365092474,0.5992280841290324
741,31778.224958829083,0.6314411611562457
742,31821.110552565697,0.6318287823921428
743,31863.996146302306,0.6219716881632535
744,31906.881740038916,0.6073102560203081
745,31949.76733377553,0.611491505988314
746,31992.652927512143,0.6133219266563589
747,32035.538521248753,0.6348516412903846
748,32078.424114985366,0.6290968436880024
749,32121.30970872198,0.6145435155963402
750,32164.195302458586,0.6244698217875567
751,32207.0808961952,0.6143855899771696
752,32249.96648993181,0.6379317017962789
753,32292.852083668422,0.6381862352877424
754,32335.737677405035,0.638298411064625
755,32378.623271141645,0.6076627892556253
756,32421.508864878255,0.6364691420300762
757,32464.39445861487,0.6410656189774339
758,32507.280052351478,0.6411944422300299
759,32550.16564608809,0.6413674954134938
760,32593.0512398247,0.6106899449397879
761,32635.936833561314,0.6384763970793026
762,32678.822427297924,0.6442276651729546
763,32721.708021034534,0.6444323682597316
764,32764.593614771147,0.6444508292720955
765,32807.47920850776,0.6137053145886151
766,32850.36480224437,0.6443708752361849
767,32893.250395980984,0.6474096017122957
768,32936.13598971759,0.6474235741568253
769,32979.02158345421,0.6474916592607384
770,33021.90717719081,0.6169943642154891
771,33064.79277092743,0.6200533234202621
772,33107.67836466404,0.6506036796190694
773,33150.56395840065,0.6505487215499333
774,33193.44955213727,0.6491407825440286
775,33236.33514587387,0.6203024352950841
776,33279.220739610486,0.6533970254477063
777,33322.106333347096,0.6536870908751974
778,33364.991927083705,0.6537098628095127
779,33407.87752082032,0.6321162597703313
780,33450.76311455693,0.6234332433933221
781,33493.64870829354,0.6567580690750756
782,33536.53430203015,0.6568415574971982
783,33579.41989576677,0.6567145021275353
784,33622.30548950338,0.6261585439224269
785,33665.19108323999,0.6339365637176321
786,33708.0766769766,0.66001
787,33750.96227071321,0.6598409275896354
788,33793.847864449825,0.639655890998785
789,33836.733458186434,0.6294311291444541
790,33879.61905192305,0.6626634754926982
791,33922.504645659654,0.66300047294835
792,33965.39023939626,0.6628961738695142
793,34008.27583313288,0.6323137663961194
794,34051.16142686949,0.6442472747571474
795,34094.04702060611,0.666356550037078
796,34136.93261434272,0.6660282944556676
797,34179.81820807932,0.6350956652737464
798,34222.70380181594,0.6356232944714789
799,34265.589395552546,0.668975369837291
800,34308.47498928916,0.6691734575262387
801,34351.36058302577,0.6484243029789476
802,34394.24617676238,0.638510727036307
803,34437.13177049899,0.6603959161995627
804,34480.0173642356,0.6726187997164504
805,34522.90295797222,0.6721057480580911
806,34565.78855170883,0.6413878603331348
807,34608.674145445446,0.6542131035508021
808,34651.55973918205,0.6755430813553525
809,34694.445332918665,0.6753647892357404
810,34737.330926655275,0.6442788948967779
811,34780.216520391885,0.6519522118105794
812,34823.1021141285,0.6784530024763968
813,34865.987707865104,0.6788048862916964
814,34908.87330160172,0.6471878645057608
815,34951.75889533833,0.6525889279079055
816,34994.64448907494,0.6761161623141492
817,35037.53008281156,0.6820423548860586
818,35080.41567654816,0.6501876123488177
819,35123.30127028478,0.6550454115658993
820,35166.18686402139,0.6762309750777163
821,35209.072457758004,0.6851149313459752
822,35251.958051494614,0.6605691121003667
823,35294.84364523122,0.6585236507982747
824,35337.72923896783,0.6779186227053061
825,35380.61483270444,0.6881842862015233
826,35423.50042644106,0.6602409988745138
827,35466.38602017767,0.6628754190910121
828,35509.27161391429,0.6808260569760185
829,35552.15720765089,0.6712646448733837
830,35595.0428013875,0.6595366626464527
831,35637.928395124116,0.6677266207555913
832,35680.813988860726,0.6845064872607546
833,35723.69958259734,0.6698062099359536
834,35766.58517633395,0.6627163231352725
835,35809.470770070555,0.6730435750389051
836,35852.35636380717,0.6887837060388828
837,35895.24195754378,0.6687206196492622
838,35938.1275512804,0.6657493574180009
839,35981.01314501701,0.6785849349569907
840,36023.89873875362,0.6935935064607816
841,36066.78433249023,0.6907438886303674
842,36109.66992622684,0.6700923446704287
843,36152.555519963455,0.6843585231685975
844,36195.441113700064,0.6986247016667638
845,36238.326707436674,0.6754495591032573
846,36281.212301173284,0.6765945990164298
847,36324.0978949099,0.6903144078316904
848,36366.98348864651,0.7040342166469487
849,36409.86908238312,0.6945189764977157
850,36452.75467611974,0.7078872953344173
851,36495.64026985634,0.7086262805124992
852,36538.52586359296,0.7091653637038955
853,36581.41145732957,0.6936283824415241
854,36624.297051066176,0.7110606381948806
855,36667.18264480279,0.7118386153406706
856,36710.068238539396,0.6804765077613824
857,36752.95383227601,0.7136818867205399
858,36795.83942601262,0.7140141285500446
859,36838.72501974924,0.7142796282798093
860,36881.61061348585,0.6838486408363834
861,36924.49620722246,0.7169134799311877
862,36967.38180095907,0.7171711038618745
863,37010.26739469568,0.7174287277925614
864,37053.152988432295,0.7013467862168117
865,37096.038582168905,0.7152859047400912
866,37138.924175905515,0.6991883624825933
867,37181.809769642125,0.7153375105603984
868,37224.695363378734,0.7226439627201997
869,37267.58095711535,0.7128476571187546
870,37310.46655085196,0.6944334853088616
871,37353.35214458858,0.6995441815994413
872,37396.23773832518,0.726037829525502
873,37439.12333206179,0.7080348146845628
874,37482.00892579841,0.7039626641440923
875,37524.89451953502,0.7164822370493189
876,37567.780113271634,0.7251836848391023
877,37610.665707008244,0.6997712773004116
878,37653.55130074485,0.7311808176391823
879,37696.43689448146,0.731951306309934
880,37739.32248821807,0.717370692419318
881,37782.20808195469,0.725841074420862
882,37825.0936756913,0.73456397891246
883,37867.97926942791,0.7351720715319967
884,37910.86486316452,0.7042476309368879
885,37953.75045690113,0.7204194595661715
886,37996.636050637746,0.7378493448408496
887,38039.521644374356,0.7295215794699885
888,38082.40723811097,0.7367612177576957
889,38125.292831847575,0.7404107153206695
890,38168.17842558419,0.7412483593516415
891,38211.0640193208,0.7101453576917968
892,38253.94961305741,0.7231827092580427
893,38296.83520679403,0.7438246668388565
894,38339.72080053063,0.7445380238572266
895,38382.60639426725,0.7424380675283662
896,38425.49198800386,0.7415578314843456
897,38468.377581740475,0.747273746880317
898,38511.263175477085,0.7205425796147495
899,38554.14876921369,0.7280169545825117
900,38597.034362950304,0.7497985750456718
901,38639.919956686914,0.7506622501630817
902,38682.80555042353,0.7195867602175792
903,38725.69114416014,0.7520266238667577
904,38768.57673789675,0.7531727006897465
905,38811.46233163336,0.7493709325186235
906,38854.34792536997,0.7541092226189475
907,38897.23351910659,0.7557945393659738
908,38940.1191128432,0.7270483903184711
909,38983.00470657981,0.730541757018106
910,39025.890300316416,0.7579057953295325
911,39068.775894053026,0.7466406867758881
912,39111.66148778964,0.7601390064555094
913,39154.54708152625,0.760060607767058
914,39197.43267526287,0.7616014371231131
915,39240.31826899948,0.730766162715697
916,39283.20386273609,0.7412118704912043
917,39326.0894564727,0.7637690922622988
918,39368.97505020931,0.7591381781614298
919,39411.860643945925,0.7642354458496243
920,39454.746237682535,0.765915886682188
921,39497.631831419145,0.7673380361019765
922,39540.517425155755,0.7369134629017573
923,39583.403018892364,0.7595815048840565
924,39626.28861262898,0.7695909137983636
925,39669.17420636559,0.7710407313491656
926,39712.0598001022,0.7590300275614396
927,39754.94539383881,0.7703640389189305
928,39797.83098757543,0.7551739965670958
929,39840.71658131204,0.7548595107945265
930,39883.60217504865,0.7752334128327257
931,39926.487768785264,0.7666044505877805
932,39969.37336252187,0.7504756539228776
933,40012.25895625848,0.7462044892751705
934,40055.14454999509,0.7778399109052271
935,40098.03014373171,0.7637184417294857
936,40140.91573746832,0.7488075142903505
937,40183.80133120492,0.7608124565280996
938,40226.68692494154,0.7815648095488615
939,40269.57251867815,0.75837775971648
940,40312.458112414766,0.7810448137469463
941,40355.343706151376,0.7822563969223975
942,40398.22929988798,0.7782453810896974
943,40441.114893624595,0.7547334459928533
944,40484.000487361205,0.757716314495772
945,40526.88608109782,0.786716694244396
946,40569.77167483443,0.771376741083952
947,40612.65726857105,0.7714954356680204
948,40655.54286230765,0.7728943126631641
949,40698.42845604426,0.7905791694112705
950,40741.31404978088,0.7605833988229876
951,40784.19964351749,0.7610268274242658
952,40827.085237254105,0.7927927593653433
953,40869.97083099071,0.7944213123122287
954,40912.856424727324,0.7636868615493035
955,40955.742018463934,0.789194276304551
956,40998.627612200544,0.7957726902490544
957,41041.51320593716,0.7975301209626147
958,41084.39879967377,0.7667738238651364
959,41127.28439341038,0.7990975182543012
960,41170.16998714699,0.799370907579816
961,41213.0555808836,0.8010005591074828
962,41255.94117462022,0.7700197544518158
963,41298.82676835683,0.802126564827359
964,41341.712362093436,0.8023979441794672
965,41384.597955830046,0.8029237054986784
966,41427.48354956666,0.7807016686757978
967,41470.36914330327,0.8051381418324433
968,41513.25473703988,0.7833466373621412
969,41556.14033077649,0.8060361555192572
970,41599.0259245131,0.7896113047900964
971,41641.91151824972,0.8081627829828552
972,41684.79711198633,0.7897465577747295
973,41727.682705722946,0.8103153082440242
974,41770.568299459555,0.7956984856975345
975,41813.45389319616,0.8111160757265852
976,41856.339486932775,0.8123266501324267
977,41899.225080669385,0.7881138155699392
978,41942.110674406,0.8140248272991227
979,41984.99626814261,0.7964016357737548
980,42027.881861879214,0.8133493490279323
981,42070.76745561583,0.8161898128531591
982,42113.65304935244,0.8036743649461691
983,42156.53864308906,0.8092584527898776
984,42199.42423682567,0.8158543797511687
985,42242.309830562284,0.819022871585519
986,42285.19542429889,0.8078095120137903
987,42328.0810180355,0.7894195697764365
988,42370.96661177211,0.8210856009493248
989,42413.85220550872,0.8163711014012948
990,42456.73779924534,0.8150230951896791
991,42499.62339298194,0.7923761386564246
992,42542.50898671856,0.8001219012541209
993,42585.39458045517,0.8249031825567004
994,42628.28017419178,0.826214204269087
995,42671.165767928396,0.795379914161495
996,42714.051361665,0.7976222849477083
997,42756.936955401616,0.8277574678881373
998,42799.822549138225,0.8120631893393011
999,42842.708142874835,0.7982506319433956
1000,42885.59373661145,0.8301589855435385
1001,42928.47933034806,0.8306017792191579
1002,42971.36492408467,0.8313556629773715
1003,43014.25051782128,0.830747769659778
1004,43057.1361115579,0.815600634953791
1005,43100.02170529451,0.8333866663033549
1006,43142.90729903112,0.8096598033542939
1007,43185.79289276773,0.804098036509215
1008,43228.67848650434,0.8125048732672863
1009,43271.564080240954,0.8362068756152667
1010,43314.449673977564,0.8173271422196479
1011,43357.33526771418,0.8299297634222988
1012,43400.22086145079,0.8303241702997715
1013,43443.10645518739,0.838231726318013
1014,43485.99204892401,0.8395474288659894
1015,43528.87764266062,0.8100491258406765
1016,43571.76323639724,0.8150401111395386
1017,43614.64883013385,0.8416256894483194
1018,43657.53442387045,0.8328386419787127
1019,43700.420017607066,0.8287371741055797
1020,43743.305611343676,0.814626963567154
1021,43786.19120508029,0.8445680739489647
1022,43829.0767988169,0.8442238642919712
1023,43871.96239255351,0.8454193218838036
1024,43914.84798629012,0.8164825898688617
1025,43957.73358002673,0.8471237735383444
1026,44000.61917376335,0.8477340981166289
1027,44043.50476749996,0.8481325975873749
1028,44086.390361236576,0.8399886424722702
1029,44129.27595497318,0.8362061335006342
1030,44172.161548709795,0.8505081740747145
1031,44215.047142446405,0.8382256660863933
1032,44257.932736183015,0.8219332043237905
1033,44300.81832991963,0.8299645795029947
1034,44343.703923656234,0.8477712733005076
1035,44386.58951739285,0.8269326244504694
1036,44429.47511112946,0.8391345734257948
1037,44472.36070486607,0.8397365000878186
1038,44515.24629860269,0.8554127106525581
1039,44558.1318923393,0.8563259965241179
1040,44601.01748607591,0.8533250457356598
1041,44643.90307981252,0.8518805551961003
1042,44686.788673549134,0.8548808104121222
1043,44729.67426728574,0.838090202461079
1044,44772.55986102235,0.859562370696389
1045,44815.44545475896,0.8583926394182932
1046,44858.33104849557,0.860515736188498
1047,44901.21664223219,0.8497939630830055
1048,44944.1022359688,0.8413019279266957
1049,44986.98782970542,0.8421945739056909
1050,45029.87342344202,0.8392602910501814
1051,45072.75901717863,0.8638439738680331
1052,45115.644610915246,0.8388189204862821
1053,45158.530204651855,0.8597746079316143
1054,45201.41579838847,0.8588855400913307
1055,45244.30139212508,0.866410794689653
1056,45287.186985861685,0.8573376941348559
1057,45330.0725795983,0.8502452047019342
1058,45372.95817333491,0.8392211741563932
1059,45415.84376707153,0.8485088508228399
1060,45458.72936080814,0.8697848902963661
1061,45501.61495454475,0.8413157676079671
1062,45544.50054828136,0.841895995250155
1063,45587.38614201797,0.8710556861716374
1064,45630.271735754584,0.8725729454768888
1065,45673.157329491194,0.8620136800359697
1066,45716.04292322781,0.8445800484347856
1067,45758.92851696441,0.8744479165884609
1068,45801.81411070103,0.8752642547415302
1069,45844.69970443764,0.8759235090923695
1070,45887.58529817425,0.8471263269399747
1071,45930.47089191087,0.8477174839911444
1072,45973.35648564747,0.8598043965272743
1073,46016.24207938409,0.8786980508180037
1074,46059.127673120696,0.8498033644133661
1075,46102.013266857306,0.85037990484946
1076,46144.89886059392,0.8801476562897984
1077,46187.784454330525,0.8814446369466271
1078,46230.67004806714,0.8820280677421074
1079,46273.55564180375,0.8530039705825382
1080,46316.44123554037,0.8574846491843475
1081,46359.32682927698,0.884227322776628
1082,46402.21242301359,0.8849526694667834
1083,46445.0980167502,0.8557551763675009
1084,46487.98361048681,0.8562315420913325
1085,46530.869204223425,0.8867151528057298
1086,46573.754797960035,0.8857706806217167
1087,46616.64039169665,0.85853865696945
1088,46659.525985433254,0.8590033714270215
1089,46702.411579169864,0.8892479709997105
1090,46745.29717290648,0.8796661187648008
1091,46788.18276664309,0.8771651215225653
1092,46831.06836037971,0.8617389506416644
1093,46873.95395411632,0.8929982698587787
1094,46916.83954785292,0.8732793966479412
1095,46959.72514158954,0.8920516466234569
1096,47002.61073532615,0.8645649915622791
1097,47045.496329062764,0.8957364951656562
1098,47088.38192279937,0.8672006230114713
1099,47131.26751653598,0.8972417568070625
1100,47174.15311027259,0.8674522817472825
1101,47217.0387040092,0.8985746170409719
1102,47259.92429774582,0.8735626505984907
1103,47302.80989148243,0.8997937848677109
1104,47345.69548521904,0.8824087899970056
1105,47388.58107895565,0.8873724708696793
1106,47431.466672692266,0.8762436716768651
1107,47474.352266428876,0.8985098967506392
1108,47517.237860165485,0.8879522348933121
1109,47560.1234539021,0.8968733734807136
1110,47603.009047638705,0.8762109826679284
1111,47645.89464137532,0.8939763980078109
1112,47688.78023511193,0.8961351672989643
1113,47731.66582884854,0.901855483898326
1114,47774.55142258516,0.9089813960880484
1115,47817.43701632176,0.884186014796689
1116,47860.32261005838,0.9071446275888556
1117,47903.20820379499,0.9043134452816437
1118,47946.093797531605,0.912337602360658
1119,47988.979391268214,0.8885807202047701
1120,48031.864985004824,0.8915000363881163
1121,48074.750578741434,0.8975207310367616
1122,48117.63617247804,0.9157228294189846
1123,48160.52176621466,0.9040753197831515
1124,48203.40735995127,0.9055262032115693
1125,48246.29295368789,0.9130597734419589
1126,48289.17854742449,0.8876396305173303
1127,48332.0641411611,0.9098873571298589
1128,48374.94973489772,0.9183837362968325
1129,48417.835328634326,0.9215260560762669
1130,48460.72092237094,0.9086875241182442
1131,48503.606516107546,0.9045900340980637
1132,48546.492109844155,0.9093907040935815
1133,48589.37770358077,0.8959122305692705
1134,48632.26329731738,0.9101126105343104
1135,48675.148891054,0.9251035438919939
1136,48718.03448479061,0.9274863458005761
1137,48760.92007852722,0.9213995756409809
1138,48803.80567226383,0.8976715996670935
1139,48846.69126600044,0.9281752171556724
1140,48889.576859737055,0.9307359194027397
1141,48932.462453473665,0.9001752859822568
1142,48975.348047210275,0.901989367428708
1143,49018.233640946884,0.9306548892041996
1144,49061.1192346835,0.9193528396677142
1145,49104.00482842011,0.935700964983967
1146,49146.89042215672,0.9115480158523894
1147,49189.77601589334,0.9366735902149664
1148,49232.66160962994,0.9067691051087287
1149,49275.54720336656,0.9296714386178598
1150,49318.43279710317,0.9397741594731962
1151,49361.31839083978,0.9095610352507005
1152,49404.203984576394,0.9420596550346406
1153,49447.089578312996,0.942996445189263
1154,49489.97517204961,0.9122133147832413
1155,49532.86076578622,0.9449958396872778
1156,49575.74635952284,0.9425897051746331
1157,49618.63195325945,0.9149945621538911
1158,49661.51754699605,0.9480020454285695
1159,49704.40314073267,0.9388590254209122
1160,49747.28873446928,0.9178224866088056
1161,49790.174328205896,0.9296415913900758
1162,49833.059921942506,0.9516640594617034
1163,49875.94551567912,0.9207309872634294
1164,49918.831109415725,0.9261576842085356
1165,49961.716703152335,0.9546068380832061
1166,50004.60229688895,0.9236791554974774
1167,50047.48789062556,0.9288422070331035
1168,50090.37348436218,0.9577062199523697
1169,50133.25907809878,0.9267206929291402
1170,50176.14467183539,0.9278425606092681
1171,50219.03026557201,0.9606664800382158
1172,50261.91585930862,0.9298986756744496
1173,50304.801453045235,0.9309951047141274
1174,50347.687046781844,0.9636509574157663
1175,50390.572640518454,0.9416749990309289
1176,50433.458234255064,0.9342112819946076
1177,50476.34382799167,0.9667545576314145
1178,50519.22942172829,0.9360456357723123
1179,50562.1150154649,0.9497522786987519
1180,50605.00060920151,0.9533291110699307
1181,50647.88620293812,0.9390647902048538
1182,50690.77179667474,0.9613801214971276
1183,50733.65739041135,0.9505038966116678
1184,50776.542984147956,0.9420899106245791
1185,50819.428577884566,0.9710268411825098
1186,50862.314171621176,0.9445334274844165
1187,50905.19976535779,0.9456097169158693
1188,50948.0853590944,0.9780975060137956
1189,50990.97095283101,0.9688220603574896
1190,51033.85654656763,0.9484829882194573
1191,51076.74214030423,0.9812344961643217
1192,51119.62773404085,0.9620782509051797
1193,51162.51332777746,0.9567016909752188
1194,51205.398921514075,0.9842474314912042
1195,51248.284515250685,0.9814623329189885
1196,51291.17010898729,0.9675292432733891
1197,51334.055702723905,0.9680885648602531
1198,51376.941296460514,0.9697861762992124
1199,51419.82689019713,0.9780450259525525
1200,51462.71248393374,0.9589518949655205
1201,51505.59807767035,0.9601812819177401
1202,51548.48367140696,0.9878887501796488
1203,51591.36926514357,0.9622774362305397
1204,51634.25485888019,0.966398360802108
1205,51677.1404526168,0.9960933766570655
1206,51720.026046353414,0.983536132183432
1207,51762.91164009002,0.9767687218170279
1208,51805.797233826626,0.9718026806534652
1209,51848.68282756324,0.9996547973394977
1210,51891.56842129985,0.9865557205172715
1211,51934.45401503647,0.9952380712291639
1212,51977.33960877307,0.9805088637957684
1213,52020.22520250969,0.9956660625271024
1214,52063.1107962463,0.9758067034369209
1215,52105.99638998291,0.9750041526407642
1216,52148.881983719526,0.9760124342446949
1217,52191.767577456136,0.9775306615992158
1218,52234.653171192746,0.9781201794173605
1219,52277.538764929355,1.0111165905682393
1220,52320.424358665965,1.0038530601873272
1221,52363.30995240258,0.9813613161599785
1222,52406.19554613919,1.0143808381784125
1223,52449.0811398758,0.9835241304882261
1224,52491.96673361241,0.9844936587648799
1225,52534.85232734903,0.9860736549361477
1226,52577.73792108564,0.9867253097806848
1227,52620.62351482225,0.9923510971090899
1228,52663.509108558865,0.996469160396411
1229,52706.39470229547,0.9899174165595677
1230,52749.280296032084,1.0156510508126961
1231,52792.165889768694,1.013586062736763
1232,52835.05148350531,0.9931183634041265
1233,52877.93707724192,1.0061073352497807
1234,52920.82267097852,1.0168844601238383
1235,52963.70826471514,1.001118246242478
1236,53006.59385845175,1.0171547849125406
1237,53049.47945218837,1.0256403351421362
1238,53092.36504592498,1.00340948307989
1239,53135.25063966158,1.0272850724824305
1240,53178.136233398196,1.023067512595388
1241,53221.021827134806,1.0028417103175788
1242,53263.90742087142,1.0225229572425716
1243,53306.79301460803,1.0201386402964965
1244,53349.67860834465,1.0061905956966983
1245,53392.56420208125,1.0166353650607134
1246,53435.44979581786,1.0169323769028085
1247,53478.33538955448,1.0094766109900846
1248,53521.22098329109,1.0137407473067417
1249,53564.106577027705,1.0134815473492997
1250,53606.99217076431,1.0393374190469087
1251,53649.877764500925,1.0364066939144976
1252,53692.763358237535,1.0141731396616744
1253,53735.648951974144,1.0474964698156557
1254,53778.53454571076,1.0482649368199068
1255,53821.42013944737,1.0174340466789502
1256,53864.30573318398,1.0505856338951927
1257,53907.19132692059,1.0500422002614047
1258,53950.0769206572,1.0206694556935756
1259,53992.96251439382,1.0535903477008912
1260,54035.84810813043,1.0510157772468764
1261,54078.73370186704,1.0237513837972676
1262,54121.61929560365,1.0566581837512907
1263,54164.50488934026,1.0529594107543327
1264,54207.39048307687,1.026838126728709
1265,54250.27607681348,1.0597534107012117
1266,54293.16167055009,1.0565065398244733
1267,54336.0472642867,1.0301558628454186
1268,54378.93285802332,1.0629230489823371
1269,54421.81845175993,1.06335135638674
1270,54464.704045496546,1.0345148934329662
1271,54507.589639233156,1.063451760137214
1272,54550.47523296976,1.0666108605163955
1273,54593.360826706376,1.0357424750520672
1274,54636.246420442985,1.0362719141781798
1275,54679.1320141796,1.0695345190674959
1276,54722.01760791621,1.0387354205417414
1277,54764.903201652814,1.039324580246625
1278,54807.78879538943,1.0726290730795764
1279,54850.67438912604,1.0415590097092096
1280,54893.55998286266,1.042289864294256
1281,54936.44557659927,1.0756369917412052
1282,54979.331170335885,1.044279911665561
1283,55022.21676407249,1.0451634706238844
1284,55065.1023578091,1.0784570268999458
1285,55107.987951545714,1.059968946122898
1286,55150.873545282324,1.0480276124596846
1287,55193.75913901894,1.063246189009593
1288,55236.64473275554,1.0819073779430237
1289,55279.53032649216,1.0507951813278542
1290,55322.41592022877,1.0515145938503194
1291,55365.30151396538,1.079533353785976
1292,55408.187107702,1.0535727253053773
1293,55451.0727014386,1.0541786375299875
1294,55493.958295175216,1.087719690702361
1295,55536.843888911826,1.0563830988999823
1296,55579.729482648436,1.0569660493335706
1297,55622.61507638505,1.0694400717291288
1298,55665.50067012166,1.0781163188971965
1299,55708.38626385827,1.0806237992323398
1300,55751.27185759488,1.0635953080377307
1301,55794.1574513315,1.0868784842974617
1302,55837.04304506811,1.092845041632501
1303,55879.92863880472,1.0753342163922484
1304,55922.81423254133,1.076723778150001
1305,55965.69982627794,1.0820986634991379
1306,56008.585420014555,1.088592905366709
1307,56051.471013751165,1.0704643861940883
1308,56094.35660748778,1.095303964309077
1309,56137.24220122439,1.1005768839295693
1310,56180.127794960994,1.0849530760172983
1311,56223.01338869761,1.0696200570107939
1312,56265.89898243422,1.0854559340674745
1313,56308.78457617084,1.1021234911090143
1314,56351.67016990745,1.082498038783913
1315,56394.55576364405,1.0730694497489843
1316,56437.44135738067,1.0796282462331388
1317,56480.32695111728,1.1011930095004125
1318,56523.21254485389,1.0809105486080923
1319,56566.0981385905,1.076379891892849
1320,56608.98373232711,1.109638817223461
1321,56651.86932606372,1.1017079273195087
1322,56694.75491980033,1.0806031787987398
1323,56737.64051353695,1.0796292537728764
1324,56780.52610727356,1.1126467035402772
1325,56823.411701010176,1.103715246896568
1326,56866.29729474678,1.0816013838119574
1327,56909.182888483396,1.0827792900139106
1328,56952.068482220006,1.1156731267910847
1329,56994.954075956615,1.1075767578442692
1330,57037.83966969323,1.0846250824273995
1331,57080.725263429835,1.0858248656266023
1332,57123.61085716645,1.1186099174668291
1333,57166.49645090306,1.1138150178328128
1334,57209.38204463967,1.0883120040976793
1335,57252.26763837629,1.0887824224992215
1336,57295.1532321129,1.1214638626450066
1337,57338.03882584951,1.1223193595388374
1338,57380.92441958612,1.095250577898486
1339,57423.810013322734,1.0916598690030106
1340,57466.695607059344,1.1234268231717075
1341,57509.581200795954,1.1250988025755746
1342,57552.466794532564,1.1067849652754327
1343,57595.35238826917,1.0943717073111525
1344,57638.23798200579,1.1015957615473844
1345,57681.1235757424,1.127677281168914
1346,57724.00916947902,1.1266919524944086
1347,57766.89476321562,1.0970208063527531
1348,57809.78035695223,1.0978994011897907
1349,57852.665950688846,1.129757254035134
1350,57895.551544425456,1.1310786597307623
1351,57938.43713816207,1.105590857337032
1352,57981.32273189868,1.10073533531164
1353,58024.208325635285,1.112635777244365
1354,58067.0939193719,1.133743024051643
1355,58109.97951310851,1.134280252874374
1356,58152.86510684513,1.1031933006899657
1357,58195.75070058174,1.104025386283121
1358,58238.63629431835,1.1236004311843397
1359,58281.52188805496,1.1369446465490307
1360,58324.40748179157,1.1373730122706323
1361,58367.293075528185,1.106816022694398
1362,58410.178669264795,1.1127666653330153
1363,58453.06426300141,1.129116674490998
1364,58495.949856738014,1.1399778283808717
1365,58538.83545047463,1.1089680536271178
1366,58581.72104421124,1.1098771263537097
1367,58624.60663794785,1.1187792188008934
1368,58667.49223168447,1.1318558283207851
1369,58710.37782542107,1.1429686151252765
1370,58753.26341915769,1.1120836757898451
1371,58796.1490128943,1.118752778089002
1372,58839.03460663091,1.1224026212364748
1373,58881.920200367524,1.1330369721137488
1374,58924.805794104126,1.143671322991019
1375,58967.69138784074,1.1301068290357756
1376,59010.57698157735,1.1177312357364364
1377,59053.46257531397,1.1164717689905441
1378,59096.34816905058,1.117055589032055
1379,59139.23376278719,1.117639409073566
1380,59182.1193565238,1.1183220624089076
1381,59225.00495026041,1.1190886836264111
1382,59267.890543997026,1.1453954197914575
1383,59310.776137733636,1.1351197510440258
1384,59353.66173147025,1.1248440822965926
1385,59396.547325206855,1.1211151105302102
1386,59439.432918943465,1.1523717765119819
1387,59482.31851268008,1.1526544299406483
1388,59525.20410641669,1.1442829676972204
1389,59568.08970015331,1.131286563211139
1390,59610.97529388992,1.1238150372552125
1391,59653.86088762652,1.1449334694963882
1392,59696.74648136314,1.1553310908349825
1393,59739.63207509975,1.1559304466428617
1394,59782.517668836364,1.1427385751856365
1395,59825.403262572974,1.1267091738958688
1396,59868.288856309584,1.127402271491752
1397,59911.174450046194,1.141361285890795
1398,59954.0600437828,1.1582947069335296
1399,59996.94563751942,1.158979948747035
1400,60039.83123125603,1.1388352852271681
1401,60082.71682499264,1.1300438704366045
1402,60125.60241872925,1.130470614479213
1403,60168.48801246587,1.1505367977695167
1404,60211.37360620248,1.1614542941655583
1405,60254.259199939086,1.161865523899946
1406,60297.1447936757,1.1326614711803025
1407,60340.030387412306,1.1332757380523053
1408,60382.91598114892,1.1369793886462036
1409,60425.80157488553,1.1539298685965067
1410,60468.68716862214,1.1643367015028898
1411,60511.57276235876,1.1616658812096528
1412,60554.45835609536,1.143592336699833
1413,60597.34394983198,1.136263308867045
1414,60640.22954356859,1.143113944927283
1415,60683.115137305205,1.1561135586822706
1416,60726.000731041815,1.1672760033275396
1417,60768.886324778425,1.1675812332938447
1418,60811.771918515034,1.145941900466288
1419,60854.657512251644,1.1463073871613807
1420,60897.54310598826,1.1470663955901546
1421,60940.42869972487,1.1578843831943852
1422,60983.31429346149,1.168702370798618
1423,61026.19988719809,1.1465116803746922
1424,61069.0854809347,1.1505111003752342
1425,61111.97107467132,1.1499758961251014
1426,61154.85666840793,1.1499786208585503
1427,61197.742262144544,1.1594239383872937
1428,61240.62785588115,1.1688692559160343
1429,61283.513449617756,1.1499763507192071
1430,61326.39904335437,1.1735763510474246
1431,61369.28463709098,1.1629536642101193
1432,61412.1702308276,1.1522177208857536
1433,61455.05582456421,1.1607989017682099
1434,61497.94141830082,1.1693800826506662
1435,61540.82701203743,1.154375139451491
1436,61583.71260577404,1.1585425032639598
1437,61626.598199510656,1.1776968775706913
1438,61669.483793247266,1.1539775957199152
1439,61712.369386983875,1.162080315822727
1440,61755.254980720485,1.170183035925539
1441,61798.1405744571,1.1782857560283522
1442,61841.02616819371,1.154986654657823
1443,61883.91176193032,1.1714580030472188
1444,61926.79735566694,1.178031482808354
1445,61969.68294940354,1.1705869383765592
1446,62012.56854314016,1.1631423939447618
1447,62055.45413687677,1.1556978495129657
1448,62098.33973061338,1.1535821688641272
1449,62141.225324349994,1.1793507750924273
1450,62184.1109180866,1.1832495893658999
1451,62226.996511823214,1.1756209482691744
1452,62269.882105559824,1.1679923071724503
1453,62312.76769929644,1.1603636660757248
1454,62355.65329303305,1.1716596356759776
1455,62398.53888676965,1.1755458901539217
1456,62441.42448050627,1.1667522723924575
1457,62484.31007424288,1.180419824260094
1458,62527.1956679795,1.1728851686768245
1459,62570.08126171611,1.1653505130935562
1460,62612.96685545272,1.1886602500017736
1461,62655.852449189326,1.1731666076497675
1462,62698.738042925936,1.1713948993337584
1463,62741.62363666255,1.1902124987178582
1464,62784.50923039916,1.1906787106381
1465,62827.39482413578,1.191144922558342
1466,62870.28041787238,1.1872647889843237
1467,62913.16601160899,1.1712611496225305
1468,62956.05160534561,1.192588983366461
1469,62998.93719908222,1.1674802765165992
1470,63041.822792818835,1.176414694971083
1471,63084.708386555445,1.1853491134255651
1472,63127.593980292055,1.1942835318800475
1473,63170.479574028665,1.169471448923219
1474,63213.365167765274,1.1955890053911147
1475,63256.25076150189,1.1680265868861242
1476,63299.1363552385,1.1779123117472918
1477,63342.02194897511,1.1877980366084595
1478,63384.90754271172,1.1976806817607575
1479,63427.79313644834,1.1681521027504511
1480,63470.67873018495,1.1985688252875741
1481,63513.56432392156,1.1718691518324091
1482,63556.44991765817,1.179445959395801
1483,63599.33551139478,1.1906594561608923
1484,63642.22110513139,1.200778853270173
1485,63685.106698868,1.1713121025601296
1486,63727.99229260461,1.2017190771187265
1487,63770.87788634123,1.1799586280122976
1488,63813.76348007783,1.1815685917760728
1489,63856.64907381445,1.1946691180171773
1490,63899.53466755106,1.2003154940293368
1491,63942.420261287676,1.1742415200646321
1492,63985.305855024286,1.2048394426543914
1493,64028.19144876089,1.1831555599157508
1494,64071.077042497505,1.1849336324483501
1495,64113.962636234115,1.2006072344409138
1496,64156.84822997073,1.1965219263322615
1497,64199.73382370734,1.1772389298286474
1498,64242.61941744396,1.2017979651266544
1499,64285.50501118056,1.18404848677149
1500,64328.39060491717,1.1905488739623384
1501,64371.27619865379,1.209521754850579
1502,64414.1617923904,1.1925988083004977
1503,64457.047386127015,1.1900489101078187
1504,64499.93297986362,1.1989628180036427
1505,64542.81857360023,1.1835197142602154
1506,64585.704167336844,1.2004329484968095
1507,64628.589761073454,1.2132608267143246
1508,64671.47535481007,1.2133483450703506
1509,64714.36094854667,1.2097745224562693
1510,64757.24654228329,1.1958985356634142
1511,64800.1321360199,1.1885471737218387
1512,64843.01772975651,1.2159052749721584
1513,64885.90332349313,1.2163328896097065
1514,64928.78891722974,1.1860096248133098
1515,64971.674510966346,1.1864030522130997
1516,65014.560104702956,1.1870118101613112
1517,65057.44569843957,1.209612759384734
1518,65100.33129217618,1.2193546296919977
1519,65143.21688591279,1.2033302582230685
1520,65186.1024796494,1.1891304922605208
1521,65228.98807338601,1.189745891096154
1522,65271.87366712263,1.202549175862525
1523,65314.75926085924,1.222381757491143
1524,65357.64485459585,1.2202614649794914
1525,65400.530448332465,1.1919310567826786
1526,65443.41604206907,1.1925662649159359
1527,65486.301635805685,1.1986101881439197
1528,65529.187229542295,1.2252769765548657
1529,65572.07282327891,1.225402943366479
1530,65614.95841701551,1.1947943814484645
1531,65657.84401075213,1.1953803947814254
1532,65700.72960448873,1.1987186079482164
1533,65743.61519822537,1.228277485135949
1534,65786.50079196197,1.2284136992742443
1535,65829.38638569857,1.1976050441686963
1536,65872.27197943519,1.1982607933527698
1537,65915.15757317179,1.2034886692351994
1538,65958.04316690842,1.2314684487338026
1539,66000.92876064502,1.2296252496193214
1540,66043.81435438163,1.2007329837339846
1541,66086.69994811824,1.201321715984947
1542,66129.58554185486,1.2127683560914082
1543,66172.47113559148,1.2345194103753205
1544,66215.35672932808,1.2248378015330468
1545,66258.24232306468,1.2280925914077272
1546,66301.1279168013,1.2127253815518961
1547,66344.01351053792,1.2263524732982027
1548,66386.89910427453,1.2375106974501453
1549,66429.78469801114,1.2146720221280005
1550,66472.67029174774,1.226867831138703
1551,66515.55588548435,1.210602216137733
1552,66558.44147922097,1.2399345711968437
1553,66601.32707295759,1.2404010868815634
1554,66644.21266669419,1.2407774655572694
1555,66687.0982604308,1.22350335805873
1556,66729.98385416741,1.2203002914220287
1557,66772.86944790403,1.2435485326189628
1558,66815.75504164064,1.22833111381367
1559,66858.64063537725,1.2364147256736737
1560,66901.52622911386,1.218145128701054
1561,66944.41182285048,1.241598956647979
1562,66987.29741658708,1.2465728649534618
1563,67030.1830103237,1.2210241714678474
1564,67073.0686040603,1.229458377195168
1565,67115.95419779692,1.2280306273038797
1566,67158.83979153354,1.2494692920237656
1567,67201.72538527014,1.2221097381086916
1568,67244.61097900676,1.2403971338103348
1569,67287.49657274336,1.2199585475765622
1570,67330.38216647998,1.2511309552360157
1571,67373.2677602166,1.252333324931053
1572,67416.1533539532,1.251714981589292
1573,67459.03894768981,1.2277393596648851
1574,67501.92454142642,1.2443037097208547
1575,67544.81013516303,1.2557302631876974
1576,67587.69572889965,1.2353979660248617
1577,67630.58132263625,1.2360426773748139
1578,67673.46691637287,1.2407822151577357
1579,67716.35251010947,1.258458909458034
1580,67759.2381038461,1.2269072467258604
1581,67802.1236975827,1.244100007888063
1582,67845.00929131931,1.2397764195085672
1583,67887.89488505592,1.261144362968376
1584,67930.78047879253,1.2298200125235206
1585,67973.66607252916,1.2515709519202078
1586,68016.55166626576,1.2406313889366969
1587,68059.43726000238,1.2635455562145972
1588,68102.32285373898,1.2504716495468324
1589,68145.20844747558,1.258481398315608
1590,68188.09404121221,1.2429071061681103
1591,68230.97963494882,1.2648108433176504
1592,68273.86522868543,1.2583015152088186
1593,68316.75082242204,1.2638104455212193
1594,68359.63641615864,1.2464745563979505
1595,68402.52200989527,1.267173905649215
1596,68445.40760363187,1.2546011926175349
1597,68488.29319736849,1.267050221430047
1598,68531.17879110509,1.2509676408230281
1599,68574.06438484171,1.2707755586814584
1600,68616.94997857833,1.2446122166844056
1601,68659.83557231493,1.26653057953147
1602,68702.72116605155,1.2561095490534002
1603,68745.60675978815,1.2751334574176258
1604,68788.49235352477,1.2766277728611959
1605,68831.37794726138,1.2574480144755058
1606,68874.26354099798,1.262028958269835
1607,68917.1491347346,1.2695159342519369
1608,68960.0347284712,1.279810314323453
1609,69002.92032220782,1.2509837501735084
1610,69045.80591594444,1.2683962080616404
1611,69088.69150968104,1.2503481937932304
1612,69131.57710341766,1.283006436987494
1613,69174.46269715426,1.258367103024937
1614,69217.34829089089,1.2751761646161026
1615,69260.2338846275,1.2632620011969886
1616,69303.1194783641,1.2632429245850243
1617,69346.00507210071,1.276029467573484
1618,69388.89066583733,1.2603502325201676
1619,69431.77625957395,1.287315884176022
1620,69474.66185331055,1.271934377847462
1621,69517.54744704715,1.2743198043513213
1622,69560.43304078377,1.2696962124846327
1623,69603.31863452039,1.2841199590062058
1624,69646.204228257,1.289321039615838
1625,69689.0898219936,1.2716619703678473
1626,69731.97541573021,1.2942723320553176
1627,69774.86100946683,1.2709701742533677
1628,69817.74660320344,1.2864097996202999
1629,69860.63219694006,1.2673342362909588
1630,69903.51779067666,1.2973461705701002
1631,69946.40338441326,1.2856249733282987
1632,69989.28897814988,1.2822544381005152
1633,70032.1745718865,1.2805945384608695
1634,70075.06016562312,1.2918773078886938
1635,70117.94575935972,1.2984755678677617
1636,70160.83135309632,1.2764061422492732
1637,70203.71694683295,1.3033705879465256
1638,70246.60254056955,1.2823358059068921
1639,70289.48813430617,1.292458504211958
1640,70332.37372804277,1.2794058141738693
1641,70375.25932177939,1.3065769315755154
1642,70418.14491551601,1.3038803234391023
1643,70461.03050925261,1.284054996412846
1644,70503.91610298923,1.3041394845018481
1645,70546.80169672583,1.2864108016351357
1646,70589.68729046245,1.3018811945194524
1647,70632.57288419906,1.2841663623426178
1648,70675.45847793567,1.312417056417195
1649,70718.34407167228,1.3137156352898325
1650,70761.22966540889,1.2891609473692918
1651,70804.1152591455,1.3048081270403833
1652,70847.00085288212,1.3162510509847
1653,70889.88644661872,1.310924991060833
1654,70932.77204035534,1.2909996885928403
1655,70975.65763409194,1.304635170977168
1656,71018.54322782857,1.3196674533416155
1657,71061.42882156518,1.2914307645249028
1658,71104.31441530178,1.3086982164474803
1659,71147.2000090384,1.3221381304026556
1660,71190.085602775,1.3209222598991475
1661,71232.97119651163,1.2979370046644472
1662,71275.85679024823,1.3242989233928446
1663,71318.74238398483,1.3256189598819113
1664,71361.62797772145,1.2943112583324408
1665,71404.51357145805,1.2951441162823192
1666,71447.39916519469,1.3281294335813365
1667,71490.28475893129,1.3291945051219807
1668,71533.1703526679,1.297581762331004
1669,71576.0559464045,1.298607962256678
1670,71618.94154014111,1.331606737025307
1671,71661.82713387774,1.300322673765786
1672,71704.71272761434,1.3011030690890617
1673,71747.59832135096,1.3340266870521615
1674,71790.48391508756,1.3351449056296445
1675,71833.36950882418,1.3035528798621632
1676,71876.2551025608,1.313651410266279
1677,71919.1406962974,1.3251290158800517
1678,71962.02629003402,1.30614
1679,72004.91188377062,1.3070695662157465
1680,72047.79747750724,1.3399615292262648
1681,72090.68307124385,1.3130480888496376
1682,72133.56866498046,1.3094505685824196
1683,72176.45425871707,1.3217572893993006
1684,72219.33985245368,1.3302733115641294
1685,72262.22544619029,1.3290115714913726
1686,72305.11103992691,1.3129451585119218
1687,72347.99663366351,1.3459828985382156
1688,72390.88222740013,1.3174178754009187
1689,72433.76782113673,1.3154373692324675
1690,72476.65341487335,1.3265146892246353
1691,72519.53900860997,1.3368448959975263
1692,72562.42460234657,1.3432268864731014
1693,72605.31019608318,1.3189371177044036
1694,72648.1957898198,1.3519660857965448
1695,72691.08138355642,1.3237835505569453
1696,72733.96697729302,1.3215153911411026
1697,72776.85257102962,1.3301639445670377
1698,72819.73816476624,1.3467079026022797
1699,72862.62375850286,1.3473061527908379
1700,72905.50935223947,1.3248883336557697
1701,72948.39494597608,1.3579420132049973
1702,72991.28053971268,1.3333505710252702
1703,73034.1661334493,1.3274346356146822
1704,73077.05172718591,1.3322012657430138
1705,73119.93732092253,1.3602859485432446
1706,73162.82291465913,1.3426879413102684
1707,73205.70850839574,1.330762285782352
1708,73248.59410213235,1.3563793522167957
1709,73291.47969586897,1.3459601993899046
1710,73334.36528960559,1.3631577487513524
1711,73377.25088334219,1.335284374410945
1712,73420.13647707879,1.3674175075401027
1713,73463.02207081541,1.3357295150102397
1714,73505.90766455203,1.3555250344135672
1715,73548.79325828864,1.3529144719592736
1716,73591.67885202524,1.3686753251670492
1717,73634.56444576185,1.3457084173030556
1718,73677.45003949848,1.345822087166895
1719,73720.33563323508,1.369684489101111
1720,73763.2212269717,1.3414942525385865
1721,73806.1068207083,1.3721293439213993
1722,73848.99241444492,1.3509931033405305
1723,73891.87800818153,1.376569664183449
1724,73934.76360191814,1.3447031568574752
1725,73977.64919565475,1.3620303991548584
1726,74020.53478939136,1.3645985758802557
1727,74063.42038312797,1.3568201930600179
1728,74106.30597686459,1.3600071972431746
1729,74149.1915706012,1.349766367962896
1730,74192.07716433781,1.3755404307077874
1731,74234.96275807441,1.359611546091268
1732,74277.84835181103,1.3760849333111447
1733,74320.73394554765,1.361048394545657
1734,74363.61953928425,1.384177881772598
1735,74406.50513302087,1.363677891834772
1736,74449.39072675747,1.3855241699747878
1737,74492.2763204941,1.370079960186437
1738,74535.1619142307,1.3884819716488694
1739,74578.0475079673,1.3621524039692887
1740,74620.93310170392,1.3586283775229482
1741,74663.81869544052,1.377201875840229
1742,74706.70428917716,1.3786379598859686
1743,74749.58988291376,1.3599298016471795
1744,74792.47547665036,1.3885857645121613
1745,74835.36107038698,1.3714045396320087
1746,74878.24666412358,1.362323089787557
1747,74921.13225786021,1.3760452877465883
1748,74964.01785159681,1.3901493227138488
1749,75006.90344533343,1.370878680905087
1750,75049.78903907003,1.377470280959648
1751,75092.67463280664,1.3738206938328936
1752,75135.56022654327,1.3923482714374078
1753,75178.44582027987,1.3699862046567577
1754,75221.33141401649,1.3712687455467534
1755,75264.21700775309,1.3706642611127524
1756,75307.1026014897,1.395775600400784
1757,75349.98819522632,1.370708084934764
1758,75392.87378896293,1.4039101339418285
1759,75435.75938269954,1.3762302398002386
1760,75478.64497643615,1.4010080777765521
1761,75521.53057017276,1.3738255680888578
1762,75564.41616390938,1.4069965022728719
1763,75607.30175764598,1.3812937578796831
1764,75650.1873513826,1.4072371555722831
1765,75693.0729451192,1.376901641590464
1766,75735.95853885582,1.403843086694013
1767,75778.84413259244,1.3845070203541965
1768,75821.72972632904,1.4055969900248353
1769,75864.61532006566,1.3799301859201671
1770,75907.50091380226,1.3980584155425244
1771,75950.38650753887,1.4110603122856902
1772,75993.27210127549,1.3922890051593486
1773,76036.1576950121,1.3898447079874479
1774,76079.04328874871,1.395719214094419
1775,76121.92888248533,1.4060967374408675
1776,76164.81447622195,1.3971466220032598
1777,76207.70006995855,1.4066809091388026
1778,76250.58566369515,1.3863247492656692
1779,76293.47125743177,1.41893054891908
1780,76336.35685116838,1.4043743423022683
1781,76379.242444905,1.3886684114295524
1782,76422.1280386416,1.3892166868967828
1783,76465.0136323782,1.40483827720411
1784,76507.89922611482,1.4164727009518527
1785,76550.78481985144,1.391548133521943
1786,76593.67041358806,1.3921627170745272
1787,76636.55600732466,1.3986683756586795
1788,76679.44160106126,1.425189821531412
1789,76722.32719479788,1.394345008131853
1790,76765.2127885345,1.3950916254724228
1791,76808.09838227111,1.3974546683390838
1792,76850.98397600772,1.4238941284512956
1793,76893.86956974432,1.397076512025198
1794,76936.75516348095,1.3980045748252359
1795,76979.64075721755,1.4093861980318096
1796,77022.52635095417,1.4177312724830111
1797,77065.41194469077,1.4054128859803998
1798,77108.29753842737,1.4008512797820976
1799,77151.183132164,1.4017446898781185
1800,77194.06872590061,1.4334747128275123
1801,77236.95431963723,1.433852296810436
1802,77279.83991337383,1.4037372001018504
1803,77322.72550711044,1.404436102590599
1804,77365.61110084706,1.4344767244156567
1805,77408.49669458366,1.4157829163871143
1806,77451.38228832028,1.4122556687772736
1807,77494.26788205688,1.4070714821926011
1808,77537.1534757935,1.4225379424044027
1809,77580.03906953012,1.4267401396254247
1810,77622.92466326672,1.42668815641607
1811,77665.81025700334,1.4119790540265564
1812,77708.69585073994,1.4149726302725325
1813,77751.58144447657,1.4407648356290526
1814,77794.46703821317,1.4140662693256572
1815,77837.35263194978,1.4437508377337454
1816,77880.2382256864,1.4134756964721291
1817,77923.123819423,1.4353148091540504
1818,77966.00941315963,1.4261593159437786
1819,78008.89500689623,1.4437295859466104
1820,78051.78060063283,1.4160979472798316
1821,78094.66619436945,1.429938393847155
1822,78137.55178810605,1.442924446855769
1823,78180.43738184268,1.4211830063280406
1824,78223.32297557929,1.449017374797091
1825,78266.20856931589,1.4261847341255969
1826,78309.0941630525,1.4461092125117032
1827,78351.97975678911,1.4207427651504947
1828,78394.86535052574,1.4527229493162401
1829,78437.75094426234,1.4234868688960685
1830,78480.63653799896,1.4425239360886901
1831,78523.52213173556,1.431108741241329
1832,78566.40772547218,1.4508693484910513
1833,78609.2933192088,1.4383236336900795
1834,78652.1789129454,1.4398876314215336
1835,78695.06450668201,1.4547977151711384
1836,78737.95010041862,1.4397064756281293
1837,78780.83569415523,1.4580220364234764
1838,78823.72128789185,1.437865605077672
1839,78866.60688162845,1.4566500211452276
1840,78909.49247536507,1.4303247868341336
1841,78952.37806910167,1.459820526269114
1842,78995.26366283829,1.4363369071505039
1843,79038.1492565749,1.4555519403014534
1844,79081.03485031151,1.432599360989179
1845,79123.92044404813,1.4649970720164542
1846,79166.80603778473,1.435431688791002
1847,79209.69163152135,1.4552854081684194
1848,79252.57722525796,1.4361626856734704
1849,79295.46281899457,1.467852153272608
1850,79338.34841273118,1.437144742305159
1851,79381.2340064678,1.4559258703792441
1852,79424.1196002044,1.4476324351301855
1853,79467.00519394102,1.4709214669322825
1854,79509.89078767762,1.439864514617904
1855,79552.77638141424,1.457708216364023
1856,79595.66197515086,1.4537275001472802
1857,79638.54756888746,1.4740466954164346
1858,79681.43316262407,1.4427798130024212
1859,79724.31875636068,1.4608752009718255
1860,79767.2043500973,1.4552113361506291
1861,79810.08994383391,1.4772616889437717
1862,79852.97553757053,1.445798584462799
1863,79895.86113130713,1.465460399586477
1864,79938.74672504373,1.4514878338855906
1865,79981.63231878035,1.4805025279667712
1866,80024.51791251697,1.4490064904593416
1867,80067.40350625358,1.4717012700105052
1868,80110.28909999019,1.4503840523533726
1869,80153.17469372679,1.4838885454145614
1870,80196.06028746342,1.4554858127671437
1871,80238.94588120002,1.479746798457715
1872,80281.83147493664,1.463948554996614
1873,80324.71706867324,1.4849676837270225
1874,80367.60266240984,1.4652741601226806
1875,80410.48825614648,1.4863859618600468
1876,80453.37384988308,1.4894996473509372
1877,80496.2594436197,1.4615529530983333
1878,80539.1450373563,1.4767749527878076
1879,80582.0306310929,1.4592953648405507
1880,80624.91622482953,1.493232163038791
1881,80667.80181856613,1.465550199728012
1882,80710.68741230275,1.4898848256211568
1883,80753.57300603935,1.4857095590519547
1884,80796.45859977596,1.4854632051212968
1885,80839.34419351259,1.480171324305929
1886,80882.22978724919,1.4660428902763498
1887,80925.11538098581,1.499290758976266
1888,80968.00097472241,1.4723099989769262
1889,81010.88656845904,1.4958231083803832
1890,81053.77216219564,1.495727077371144
1891,81096.65775593225,1.4854843085836398
1892,81139.54334966886,1.4704115772088786
1893,81182.42894340547,1.4843566654784097
1894,81225.3145371421,1.5056453926966977
1895,81268.2001308787,1.4731986707172735
1896,81311.0857246153,1.5016123365198872
1897,81353.97131835192,1.508114755801315
1898,81396.85691208852,1.4761003851824441
1899,81439.74250582515,1.4771458377754274
1900,81482.62809956176,1.5110404337744452
1901,81525.51369329836,1.5113958665540617
1902,81568.39928703498,1.4856658225641006
1903,81611.28488077158,1.5139366659648372
1904,81654.17047450821,1.5151483889020378
1905,81697.05606824481,1.491686879292451
1906,81739.94166198141,1.51689938547291
1907,81782.82725571803,1.4965147839365907
1908,81825.71284945465,1.4975195377523318
1909,81868.59844319127,1.5199075777069773
1910,81911.48403692787,1.5075330464128673
1911,81954.36963066447,1.502705672442731
1912,81997.25522440109,1.5165409714959956
1913,82040.1408181377,1.520225224771546
1914,82083.02641187432,1.5068240810400775
1915,82125.91200561092,1.5164765969874798
1916,82168.79759934754,1.5267189655430098
1917,82211.68319308414,1.5084499698688827
1918,82254.56878682076,1.518719393499696
1919,82297.45438055738,1.5297910801110324
1920,82340.33997429398,1.5002435784502932
1921,82383.2255680306,1.5225818587703936
1922,82426.1111617672,1.5016213882416543
1923,82468.99675550382,1.5006472282361318
1924,82511.88234924043,1.5273190225696964
1925,82554.76794297704,1.5245972378545707
1926,82597.65353671365,1.504988599582667
1927,82640.53913045027,1.5326816402109398
1928,82683.42472418687,1.5277736721192785
1929,82726.31031792349,1.5131953677061145
1930,82769.19591166009,1.5383762357422457
1931,82812.08150539671,1.5326718375038033
1932,82854.96709913333,1.543819191866093
1933,82897.85269286993,1.5447752092945572
1934,82940.73828660655,1.512582395998249
1935,82983.62388034315,1.5471883232696158
1936,83026.50947407976,1.5146003933148546
1937,83069.39506781638,1.5189200021799238
1938,83112.28066155298,1.5348816021921843
1939,83155.1662552896,1.5270125645700714
1940,83198.0518490262,1.5436622878832564
1941,83240.93744276282,1.5316934205510253
1942,83283.82303649944,1.5262000377599552
1943,83326.70863023605,1.5560705123997793
1944,83369.59422397266,1.52566426990589
1945,83412.47981770926,1.5251556784439508
1946,83455.36541144589,1.5545941487290662
1947,83498.2510051825,1.5537092769137117
1948,83541.13659891911,1.561492904490021
1949,83584.02219265571,1.5461658279125252
1950,83626.90778639232,1.5305708471109372
1951,83669.79338012895,1.5649709660680367
1952,83712.67897386555,1.5328183198776129
1953,83755.56456760217,1.5435747053051212
1954,83798.45016133877,1.568578703795433
1955,83841.33575507537,1.5362846108358734
1956,83884.221348812,1.5701664216334226
1957,83927.1069425486,1.561199426696638
1958,83969.99253628522,1.5729659227355164
1959,84012.87813002183,1.574342266892016
1960,84055.76372375843,1.5421967927107683
1961,84098.64931749506,1.5767048424640535
1962,84141.53491123166,1.5779514845866975
1963,84184.42050496828,1.5457704614911059
1964,84227.30609870488,1.580342409216585
1965,84270.1916924415,1.5688104826105858
1966,84313.07728617812,1.577218730693191
1967,84355.96287991472,1.571996743738398
1968,84398.84847365133,1.5705215589707275
1969,84441.73406738794,1.586245927018621
1970,84484.61966112457,1.5791828307239018
1971,84527.50525486117,1.569849858975224
1972,84570.39084859777,1.5899630100218716
1973,84613.27644233439,1.577017300912004
1974,84656.162036071,1.5918368816408446
1975,84699.04762980762,1.5801111140426307
1976,84741.93322354423,1.594839118870869
1977,84784.81881728083,1.5795423282003367
1978,84827.70441101745,1.59341369513152
1979,84870.59000475405,1.5983512442488885
1980,84913.47559849068,1.5664458110431614
1981,84956.36119222728,1.586897759564089
1982,84999.24678596389,1.59584507879725
1983,85042.1323797005,1.5878242066328032
1984,85085.01797343712,1.6045941610024022
1985,85127.90356717374,1.572565601240425
1986,85170.78916091034,1.6070269521525846
1987,85213.67475464694,1.608091605546704
1988,85256.56034838356,1.6028452005119227
1989,85299.44594212018,1.6108616307993895
1990,85342.33153585679,1.578773178762639
1991,85385.2171295934,1.6130840093215446
1992,85428.10272333,1.6143554686704238
1993,85470.98831706661,1.582226050654352
1994,85513.87391080323,1.6168004603756414
1995,85556.75950453985,1.6138778953805404
1996,85599.64509827645,1.6191800326347865
1997,85642.53069201307,1.6205769230928349
1998,85685.41628574967,1.5957387728198533
1999,85728.30187948629,1.6228210132462542
2000,85771.1874732229,1.5909033337117182
2001,85814.0730669595,1.6145448689019692
2002,85856.95866069612,1.6265934918153029
2003,85899.84425443274,1.6136527340811966
2004,85942.72984816934,1.6289120699251052
2005,85985.61544190596,1.617514339973221
2006,86028.50103564256,1.6131117888492987
2007,86071.38662937918,1.6325018753584952
2008,86114.2722231158,1.600366885499023
2009,86157.1578168524,1.6350164048909803
2010,86200.04341058902,1.6029525924192372
2011,86242.92900432562,1.6374018380393123
2012,86285.81459806224,1.6386441293672191
2013,86328.70019179885,1.6263380950226276
2014,86371.58578553546,1.641056321342958
2015,86414.47137927207,1.6090778418227116
2016,86457.35697300867,1.6434856719221786
2017,86500.24256674529,1.6448035541467572
2018,86543.12816048191,1.6215568867878838
2019,86586.01375421851,1.646965150598032
2020,86628.89934795513,1.6328769421357188
2021,86671.78494169173,1.624208206271775
2022,86714.67053542836,1.6420475159644967
2023,86757.55612916496,1.633963048398438
2024,86800.44172290158,1.652909941555015
2025,86843.32731663818,1.6334489414100866
2026,86886.21291037479,1.6219501776212788
2027,86929.09850411142,1.656460668946589
2028,86971.98409784802,1.6243429359321684
2029,87014.86969158464,1.6588909099104328
2030,87057.75528532124,1.659852076663654
2031,87100.64087905784,1.655045892199631
2032,87143.52647279447,1.6624146516340914
2033,87186.41206653108,1.6564480534933124
2034,87229.2976602677,1.6473606912460843
2035,87272.1832540043,1.6657570569721907
2036,87315.0688477409,1.6336176431004126
2037,87357.95444147753,1.6403843358465346
2038,87400.84003521413,1.6692040061875957
2039,87443.72562895075,1.6367318032654192
2040,87486.61122268735,1.650114105920315
2041,87529.49681642397,1.6678959176531611
2042,87572.38241016059,1.640043311740593
2043,87615.26800389719,1.6751005211508638
2044,87658.1535976338,1.6645290507783514
2045,87701.03919137041,1.643425459555741
2046,87743.92478510702,1.6783430238760522
2047,87786.81037884364,1.6607070064473342
2048,87829.69597258024,1.6467760863683591
2049,87872.58156631686,1.6816331263296254
2050,87915.46716005346,1.655467698813049
2051,87958.3527537901,1.6500742353229492
2052,88001.2383475267,1.6846913397148073
2053,88044.1239412633,1.6522951635698453
2054,88087.00953499992,1.6532193661156582
2055,88129.89512873652,1.6877331870698355
2056,88172.78072247315,1.6876692226849666
2057,88215.66631620975,1.6563323918890658
2058,88258.55190994636,1.686774394942934
2059,88301.43750368297,1.6806569316810238
2060,88344.32309741959,1.6593229366117341
2061,88387.20869115621,1.6910919679228003
2062,88430.09428489281,1.6666372759784964
2063,88472.97987862941,1.6700820977778907
2064,88515.86547236603,1.6843057324209052
2065,88558.75106610265,1.6667590461577235
2066,88601.63665983926,1.6651854606942151
2067,88644.52225357587,1.6783646180746663
2068,88687.40784731247,1.678204750112789
2069,88730.29344104909,1.6980733276092146
2070,88773.1790347857,1.6730478339162287
2071,88816.06462852232,1.7018411354558924
2072,88858.95022225892,1.6993917114218298
2073,88901.83581599552,1.6943773306828886
2074,88944.72140973214,1.6965008794946972
2075,88987.60700346876,1.689115864646352
2076,89030.49259720538,1.6870838150648806
2077,89073.37819094198,1.688875520242066
2078,89116.2637846786,1.681505674173161
2079,89159.14937841521,1.7108835371716296
2080,89202.03497215181,1.6785644842779466
2081,89244.92056588843,1.679936425701545
2082,89287.80615962503,1.6935928768251152
2083,89330.69175336165,1.7047425288294455
2084,89373.57734709827,1.698490150886423
2085,89416.46294083487,1.7136465641568306
2086,89459.34853457149,1.6840185745008256
2087,89502.23412830809,1.718223867081297
2088,89545.1197220447,1.6874399024946667
2089,89588.00531578132,1.702253150047421
2090,89630.89090951793,1.7213650594112562
2091,89673.77650325454,1.71045138867574
2092,89716.66209699115,1.7103386329434542
2093,89759.54769072776,1.6904070829181275
2094,89802.43328446438,1.7222541675348537
2095,89845.31887820098,1.7001422096870307
2096,89888.2044719376,1.7237356469989364
2097,89931.0900656742,1.6937279577674493
2098,89973.97565941083,1.728024241641207
2099,90016.86125314744,1.700898578318447
2100,90059.74684688404,1.7272612263340388
2101,90102.63244062065,1.7066781795518116
2102,90145.51803435726,1.7312322635092383
2103,90188.40362809389,1.7094357823604696
2104,90231.28922183049,1.7261675052874978
2105,90274.17481556711,1.6999487880514503
2106,90317.06040930371,1.724661374071346
2107,90359.94600304031,1.7228150189932514
2108,90402.83159677694,1.7030887573319857
2109,90445.71719051355,1.703169974039085
2110,90488.60278425016,1.7363391438079328
2111,90531.48837798677,1.7281645720513825
2112,90574.37397172337,1.7080250403732957
2113,90617.25956546,1.706353043839557
2114,90660.1451591966,1.7380108270289376
2115,90703.03075293322,1.7373799760620907
2116,90745.91634666982,1.7099883097315955
2117,90788.80194040644,1.7095097383751654
2118,90831.68753414306,1.7104105249357056
2119,90874.57312787966,1.744265207445694
2120,90917.45872161628,1.7185656532479123
2121,90960.34431535288,1.7125564587452786
2122,91003.2299090895,1.7130973146581057
2123,91046.11550282611,1.7469628839437428
2124,91089.00109656272,1.7369741574503992
2125,91131.88669029933,1.715481335223282
2126,91174.77228403593,1.7265997578735308
2127,91217.65787777255,1.7280630090471263
2128,91260.54347150917,1.7506298265911775
2129,91303.42906524577,1.718282798588689
2130,91346.31465898239,1.7505707060048723
2131,91389.20025271899,1.7200429219619213
2132,91432.08584645562,1.7426714176549698
2133,91474.97144019222,1.7538862136821842
2134,91517.85703392883,1.723671598125128
2135,91560.74262766544,1.7396202318320526
2136,91603.62822140206,1.7325256273840064
2137,91646.51381513868,1.7495927756716825
2138,91689.39940887528,1.7430608700879566
2139,91732.28500261188,1.7391445064434112
2140,91775.1705963485,1.7261038410197311
2141,91818.05619008512,1.7266063399550566
2142,91860.94178382173,1.7271088388903824
2143,91903.82737755834,1.7391024792529042
2144,91946.71297129494,1.7436921247791828
2145,91989.59856503156,1.758558742108712
2146,92032.48415876817,1.7458175951282275
2147,92075.36975250479,1.733076448147743
2148,92118.25534624139,1.751765563155362
2149,92161.140939978,1.7465850031289591
2150,92204.02653371461,1.763369508179965
2151,92246.91212745123,1.7498540476578153
2152,92289.79772118785,1.7348589912594408
2153,92332.68331492445,1.753899049625231
2154,92375.56890866105,1.7629876963494329
2155,92418.45450239768,1.7535917409725152
2156,92461.34009613428,1.7564771482147135
2157,92504.2256898709,1.7380348720718262
2158,92547.1112836075,1.7473589823109699
2159,92589.99687734412,1.7531673271795154
2160,92632.88247108074,1.7701871273290546
2161,92675.76806481734,1.7684521811878509
2162,92718.65365855396,1.7438725796375694
2163,92761.53925229056,1.7404601665461776
2164,92804.42484602718,1.7412644830701431
2165,92847.3104397638,1.773445976640675
2166,92890.1960335004,1.773573213075512
2167,92933.08162723701,1.7568033040602944
2168,92975.96722097362,1.7433911442678913
2169,93018.85281471023,1.744191982689591
2170,93061.73840844685,1.7441560089068893
2171,93104.62400218345,1.776617563247899
2172,93147.50959592007,1.7768861369250268
2173,93190.39518965667,1.7462016327209413
2174,93233.2807833933,1.7469708276967228
2175,93276.1663771299,1.7474997722364236
2176,93319.05197086651,1.7692722346165732
2177,93361.93756460313,1.7798381777398944
2178,93404.82315833973,1.7520906072247793
2179,93447.70875207636,1.7496796051230217
2180,93490.59434581296,1.750500676292056
2181,93533.47993954956,1.750726698820757
2182,93576.36553328618,1.7764936898149515
2183,93619.25112702278,1.7830335569544475
2184,93662.13672075942,1.7811475382556576
2185,93705.02231449602,1.7531142773896444
2186,93747.90790823264,1.7536303020056554
2187,93790.79350196924,1.760740801157006
2188,93833.67909570584,1.7802196717694545
2189,93876.56468944247,1.7863305334561035
2190,93919.45028317907,1.7846512474355507
2191,93962.33587691569,1.761999922630929
2192,94005.2214706523,1.7567617579726154
2193,94048.10706438891,1.7670543211136343
2194,94090.99265812553,1.7828529479959105
2195,94133.87825186213,1.7606272577438595
2196,94176.76384559875,1.785919656045442
2197,94219.64943933535,1.7598249439915097
2198,94262.53503307197,1.7598975577575942
2199,94305.42062680858,1.7712918633762276
2200,94348.30622054519,1.7850272636832312
2201,94391.1918142818,1.7731820187954657
2202,94434.0774080184,1.7866738609064983
2203,94476.96300175502,1.7628344465297991
2204,94519.84859549164,1.762885206037394
2205,94562.73418922824,1.774402024558669
2206,94605.61978296486,1.7871146922353052
2207,94648.50537670146,1.7647372726802848
2208,94691.39097043808,1.7872070592999756
2209,94734.2765641747,1.7659546801131654
2210,94777.1621579113,1.7660130428169067
2211,94820.04775164791,1.7768386297802479
2212,94862.93334538453,1.7891214444816756
2213,94905.81893912115,1.7678798994016696
2214,94948.70453285775,1.7879622513586986
2215,94991.59012659435,1.7691695015995805
2216,95034.47572033097,1.7693903398457476
2217,95077.36131406759,1.76987111852726
2218,95120.2469078042,1.770427308039512
2219,95163.13250154081,1.7951135900347392
2220,95206.01809527741,1.791087071809135
2221,95248.90368901403,1.7722534083606496
2222,95291.78928275064,1.7726084037256202
2223,95334.67487648726,1.7730672469836952
2224,95377.56047022386,1.7735872632563896
2225,95420.44606396047,1.8026670499384991
2226,95463.33165769708,1.7956585416183541
2227,95506.2172514337,1.7754385288920143
2228,95549.10284517032,1.775839200110537
2229,95591.98843890692,1.7824969120721614
2230,95634.87403264352,1.7961013468673261
2231,95677.75962638015,1.7925189410027398
2232,95720.64522011676,1.7993453039414125
2233,95763.53081385337,1.7785822025947353
2234,95806.41640758998,1.778964713004556
2235,95849.30200132658,1.7842467156336141
2236,95892.18759506321,1.7993600583031735
2237,95935.07318879981,1.8112661414758668
2238,95977.95878253643,1.801305394785332
2239,96020.84437627303,1.7816490301333625
2240,96063.72997000965,1.782143483250884
2241,96106.61556374627,1.7863306247309079
2242,96149.50115748287,1.8037411673912467
2243,96192.38675121948,1.8155031192002018
2244,96235.27234495609,1.784172060518739
2245,96278.1579386927,1.7848271797892286
2246,96321.04353242932,1.785302826971325
2247,96363.92912616592,1.7890074105087994
2248,96406.81471990254,1.811912462099183
2249,96449.70031363914,1.8191603253932844
2250,96492.58590737577,1.7874403315789136
2251,96535.47150111238,1.7880161692318355
2252,96578.35709484898,1.7884782568327642
2253,96621.2426885856,1.7935773751511346
2254,96664.1282823222,1.8217410026618104
2255,96707.01387605883,1.8165217168564527
2256,96749.89946979543,1.7906049334065413
2257,96792.78506353204,1.7911003231079108
2258,96835.67065726865,1.7915649042803947
2259,96878.55625100526,1.8091736686582
2260,96921.44184474189,1.8255117372245844
2261,96964.32743847849,1.8049276912781491
2262,97007.21303221509,1.7939088758848092
2263,97050.09862595171,1.8038844133175314
2264,97092.98421968831,1.8199076539793666
2265,97135.86981342494,1.8199654554332347
2266,97178.75540716155,1.8282476226398177
2267,97221.64100089816,1.7993444785685293
2268,97264.52659463476,1.7972812667851181
2269,97307.41218837138,1.8160084583634162
2270,97350.297782108,1.8158375894265428
2271,97393.1833758446,1.8320940766738407
2272,97436.06896958122,1.8178976220082008
2273,97478.95456331782,1.7999860978824656
2274,97521.84015705444,1.8080508136106335
2275,97564.72575079105,1.8337648647634202
2276,97607.61134452766,1.8022337126424108
2277,97650.49693826427,1.829250196478942
2278,97693.38253200088,1.8098373439289621
2279,97736.2681257375,1.8036190540680326
2280,97779.15371947411,1.8367989863132028
2281,97822.03931321071,1.8350847007006654
2282,97864.92490694733,1.8372077401230293
2283,97907.81050068393,1.8199539344894156
2284,97950.69609442055,1.8066148010992198
2285,97993.58168815717,1.8398300365281386
2286,98036.46728189377,1.8410134674803933
2287,98079.35287563039,1.8304476917984664
2288,98122.238469367,1.8273359892041474
2289,98165.1240631036,1.811549881632379
2290,98208.00965684022,1.8123733622656226
2291,98250.89525057682,1.8422046642854095
2292,98293.78084431344,1.8451770531915364
2293,98336.66643805006,1.825559271103637
2294,98379.55203178668,1.8420299473762818
2295,98422.43762552328,1.813563518895497
2296,98465.32321925988,1.847357609621756
2297,98508.2088129965,1.848533738729877
2298,98551.09440673311,1.8298072615174923
2299,98593.98000046973,1.8411494869226108
2300,98636.86559420633,1.8166706886285187
2301,98679.75118794294,1.8507897302821952
2302,98722.63678167955,1.8518941917046539
2303,98765.52237541617,1.8380353865677
2304,98808.40796915279,1.8343422200133053
2305,98851.29356288939,1.8199889246392507
2306,98894.17915662599,1.854226939955474
2307,98937.06475036262,1.84416291740966
2308,98979.95034409923,1.8524550572317664
2309,99022.83593783584,1.8314058892332712
2310,99065.72153157245,1.8308139634977396
2311,99108.60712530905,1.8576006624363328
2312,99151.49271904568,1.836078799354475
2313,99194.37831278228,1.8461285361339685
2314,99237.2639065189,1.8297186044367524
2315,99280.1495002555,1.8602033842149446
2316,99323.0350939921,1.861247397169649
2317,99365.92068772874,1.8299889800790368
2318,99408.80628146534,1.828602844780561
2319,99451.69187520196,1.8293358750547606
2320,99494.57746893856,1.8638418852312748
2321,99537.46306267518,1.8588104060880803
2322,99580.34865641179,1.8315048014410469
2323,99623.2342501484,1.8321494168662409
2324,99666.11984388501,1.835712084385036
2325,99709.00543762161,1.8664423851433753
2326,99751.89103135825,1.8454210326974527
2327,99794.77662509485,1.8350456638381603
2328,99837.66221883145,1.8357127856040227
2329,99880.54781256807,1.8700490577731466
2330,99923.43340630467,1.8640413386921877
2331,99966.3190000413,1.8410563891205816
2332,100009.2045937779,1.861160080460721
2333,100052.0901875145,1.8465660794737964
2334,100094.97578125112,1.8742998366299055
2335,100137.86137498773,1.8493491197745249
2336,100180.74696872436,1.8572920146971499
2337,100223.63256246096,1.8552226920354886
2338,100266.51815619756,1.877052189031809
2339,100309.40374993418,1.8626234631005922
2340,100352.28934367078,1.8534556999121323
2341,100395.17493740741,1.8775564728380587
2342,100438.06053114402,1.8564458454419837
2343,100480.94612488062,1.8736024390748802
2344,100523.83171861724,1.8500506838327706
2345,100566.71731235385,1.8789217996210525
2346,100609.60290609047,1.8498909137019672
2347,100652.48849982707,1.8821775947378825
2348,100695.37409356369,1.8551901557143888
2349,100738.25968730029,1.884360151144658
2350,100781.14528103691,1.8522728520607867
2351,100824.03087477353,1.8847496065450497
2352,100866.91646851013,1.8631081873198492
2353,100909.80206224674,1.8877751416667834
2354,100952.68765598335,1.8725083830176266
2355,100995.57324971996,1.8841298678023122
2356,101038.45884345658,1.8694211138539836
2357,101081.34443719318,1.891061690088311
2358,101124.2300309298,1.8789342583086115
2359,101167.1156246664,1.884508526234204
2360,101210.00121840302,1.8932424456714585
2361,101252.88681213964,1.8817295455165697
2362,101295.77240587624,1.881362821645532
2363,101338.65799961286,1.8864210201113238
2364,101381.54359334947,1.8953037335159175
2365,101424.42918708608,1.889198983676765
2366,101467.3147808227,1.88257017078239
2367,101510.2003745593,1.891860140449619
2368,101553.08596829591,1.888599923834463
2369,101595.97156203253,1.9007493563012128
2370,101638.85715576913,1.8834577264951153
2371,101681.74274950575,1.902767930683133
2372,101724.62834324235,1.902879782996316
2373,101767.51393697897,1.8890667810770603
2374,101810.39953071559,1.8841539404601304
2375,101853.2851244522,1.9050945284495002
2376,101896.1707181888,1.9062443153693598
2377,101939.05631192541,1.906790637559193
2378,101981.94190566202,1.884722145349511
2379,102024.82749939864,1.8795736347356118
2380,102067.71309313526,1.9046314658251051
2381,102110.59868687186,1.9104629288872716
2382,102153.48428060846,1.9107137930657023
2383,102196.3698743451,1.8850842054453123
2384,102239.2554680817,1.9129750128352285
2385,102282.14106181831,1.8945264805843969
2386,102325.02665555492,1.914701918668474
2387,102367.91224929152,1.8938320771497084
2388,102410.79784302815,1.9163231919787682
2389,102453.68343676475,1.912973716441676
2390,102496.56903050137,1.9114640141080441
2391,102539.45462423797,1.9081178946350723
2392,102582.34021797458,1.9089478445412602
2393,102625.2258117112,1.920233341956463
2394,102668.11140544781,1.888142169660628
2395,102710.99699918443,1.9221873223666268
2396,102753.88259292103,1.9224456873346591
2397,102796.76818665763,1.912586450762096
2398,102839.65378039426,1.8917270874363676
2399,102882.53937413087,1.9256851761934606
2400,102925.42496786748,1.8966629353442837
2401,102968.31056160408,1.9248704981321016
2402,103011.1961553407,1.9117524458532165
2403,103054.08174907732,1.9249417081620224
2404,103096.96734281392,1.9002189794831361
2405,103139.85293655054,1.9120334868139595
2406,103182.73853028714,1.91397491786863
2407,103225.62412402377,1.917451206455546
2408,103268.50971776037,1.9141326809829722
2409,103311.39531149698,1.9075826034811934
2410,103354.2809052336,1.934854070917513
2411,103397.1664989702,1.9141171667355323
2412,103440.05209270683,1.9361835860219003
2413,103482.93768644343,1.9139530300547996
2414,103525.82328018003,1.9308126426555288
2415,103568.70887391665,1.912464435917266
2416,103611.59446765325,1.9399184636419844
2417,103654.48006138988,1.9215863364469208
2418,103697.36565512649,1.9278639278288634
2419,103740.25124886309,1.911739699685683
2420,103783.1368425997,1.9250840920389574
2421,103826.02243633631,1.9441137765715253
2422,103868.90803007294,1.9450417834705878
2423,103911.79362380954,1.9204590299679138
2424,103954.67921754615,1.9141608697509567
2425,103997.56481128276,1.9475477053961334
2426,104040.45040501938,1.9484549512845022
2427,104083.335998756,1.9375899109268464
2428,104126.2215924926,1.9178040495200592
2429,104169.10718622922,1.934809273194645
2430,104211.99277996582,1.9514428979981189
2431,104254.87837370244,1.9198667852542048
2432,104297.76396743905,1.9272504154549646
2433,104340.64956117565,1.9474715675235785
2434,104383.53515491227,1.934703545775194
2435,104426.42074864887,1.9310586162766084
2436,104469.30634238549,1.9394706106202912
2437,104512.19193612211,1.9573567093325013
2438,104555.07752985871,1.9298954711037675
2439,104597.96312359533,1.9270480192863781
2440,104640.84871733193,1.9584733830098935
2441,104683.73431106855,1.9560233122544344
2442,104726.61990480516,1.9585607037869184
2443,104769.50549854177,1.939642087482905
2444,104812.39109227838,1.9633143908631523
2445,104855.276686015,1.9470067871011645
2446,104898.1622797516,1.945763111103948
2447,104941.04787348822,1.9655797827925041
2448,104983.93346722482,1.9669466852833304
2449,105026.81906096144,1.9678526674444032
2450,105069.70465469806,1.9362129071326886
2451,105112.59024843466,1.9661679879284721
2452,105155.47584217128,1.9702923284688094
2453,105198.36143590788,1.9408550067473922
2454,105241.2470296445,1.9395625457873558
2455,105284.13262338111,1.9727654888156754
2456,105327.01821711773,1.973620797617128
2457,105369.90381085433,1.9424636401342399
2458,105412.78940459093,1.955764095299301
2459,105455.67499832755,1.976223824500121
2460,105498.56059206417,1.9766555471632252
2461,105541.44618580079,1.9460430595462896
2462,105584.33177953739,1.9558032688985434
2463,105627.21737327399,1.9795337681013303
2464,105670.10296701062,1.9628323916411983
2465,105712.98856074722,1.9494887775688425
2466,105755.87415448384,1.9684485448303877
2467,105798.75974822044,1.9824544403667097
2468,105841.64534195705,1.9578215553751104
2469,105884.53093569368,1.952587660797717
2470,105927.41652943028,1.9839193596400768
2471,105970.3021231669,1.9782083456947275
2472,106013.1877169035,1.9566836223081108
2473,106056.0733106401,1.95587676646861
2474,106098.95890437673,1.9883994525568776
2475,106141.84449811334,1.9754091166505638
2476,106184.73009184995,1.9839469084742256
2477,106227.61568558656,1.9592758636234622
2478,106270.50127932316,1.9914661946171346
2479,106313.38687305979,1.9923087039413458
2480,106356.27246679639,1.9616718208129666
2481,106399.15806053301,1.9706930750165383
2482,106442.04365426961,1.9947455841627644
2483,106484.92924800624,1.995436643232793
2484,106527.81484174285,1.9865426575398655
2485,106570.70043547945,1.9863541574603967
2486,106613.58602921607,1.9979813497955785
2487,106656.47162295267,1.9985826823053412
2488,106699.3572166893,1.9685364794143985
2489,106742.2428104259,2.0006137899938463
2490,106785.1284041625,2.001042778854868
2491,106828.01399789912,2.001702219777978
2492,106870.89959163572,1.9719697406257113
2493,106913.78518537236,2.003463807519543
2494,106956.67077910896,2.0042488832435112
2495,106999.55637284556,2.0013637380845064
2496,107042.44196658218,1.974903509777945
2497,107085.32756031878,2.006648839378588
2498,107128.21315405541,2.007256895539441
2499,107171.09874779201,1.9964880118402808
2500,107213.98434152862,1.9780682111087486
2501,107256.86993526523,2.009794574551888
2502,107299.75552900185,2.0103397351497208
2503,107342.64112273847,1.9962554122021392
2504,107385.52671647507,1.9812158473400945
2505,107428.41231021167,2.0127490153819654
2506,107471.29790394829,2.0134074472179426
2507,107514.1834976849,1.998006747041742
2508,107557.06909142152,1.9843650844570724
2509,107599.95468515813,2.0157191212374603
2510,107642.84027889474,2.0144221360648746
2511,107685.72587263134,1.9997130573062083
2512,107728.61146636796,1.993384867136171
2513,107771.49706010458,2.0187792123031336
2514,107814.38265384118,2.0155187666453047
2515,107857.2682475778,2.00209919638611
2516,107900.1538413144,1.9903955462776113
2517,107943.03943505102,2.021778078520001
2518,107985.92502878763,2.017786607779854
2519,108028.81062252424,2.0052752569391807
2520,108071.69621626085,1.9936016167361275
2521,108114.58180999747,2.0248159404487933
2522,108157.46740373407,2.0215106187797893
2523,108200.35299747069,2.0093236539418315
2524,108243.2385912073,1.997136689103878
2525,108286.12418494391,2.0277359445018504
2526,108329.00977868053,2.025811083293253
2527,108371.89537241713,2.013820138406419
2528,108414.78096615375,2.0018291935195807
2529,108457.66655989035,2.0212321717535398
2530,108500.55215362697,2.0306728655417756
2531,108543.43774736358,2.0187408025658695
2532,108586.32334110019,2.0068087395899674
2533,108629.2089348368,2.009735516851293
2534,108672.0945285734,2.033918176843537
2535,108714.98012231002,2.024275083713539
2536,108757.86571604664,2.0123664098354346
2537,108800.75130978326,2.006126383533575
2538,108843.63690351986,2.0367464803568076
2539,108886.52249725646,2.0304761548721326
2540,108929.40809099309,2.0185091610679415
2541,108972.2936847297,2.0090136000311776
2542,109015.17927846631,2.039417656050708
2543,109058.06487220291,2.03752558890045
2544,109100.95046593952,2.0251338797142786
2545,109143.83605967615,2.0127421705280986
2546,109186.72165341275,2.0420393718345764
2547,109229.60724714937,2.0428016311157946
2548,109272.49284088597,2.0326097558627216
2549,109315.37843462257,2.0194630667051943
2550,109358.2640283592,2.017623573125549
2551,109401.1496220958,2.045538343840799
2552,109444.03521583242,2.041130928600641
2553,109486.92080956903,2.027010669825106
2554,109529.80640330563,2.0183648882633567
2555,109572.69199704226,2.048091003329616
2556,109615.57759077886,2.0487143382831072
2557,109658.46318451548,2.03597419342885
2558,109701.34877825208,2.021201698495655
2559,109744.2343719887,2.0342216270683138
2560,109787.11996572532,2.051478808418076
2561,109830.00555946192,2.0462442939986265
2562,109872.89115319854,2.0298974491816124
2563,109915.77674693514,2.024427253847349
2564,109958.66234067177,2.0538917396320575
2565,110001.54793440837,2.0545718253274265
2566,110044.43352814497,2.0401779771707975
2567,110087.31912188159,2.0273365637733396
2568,110130.2047156182,2.04139276029775
2569,110173.09030935483,2.057378240429136
2570,110215.97590309143,2.052582875230716
2571,110258.86149682803,2.0324041710766605
2572,110301.74709056465,2.0306268911744834
2573,110344.63268430125,2.058527813617122
2574,110387.51827803788,2.06047475776505
2575,110430.40387177448,2.044976018942149
2576,110473.28946551109,2.0333246052857574
2577,110516.1750592477,2.047861496818674
2578,110559.06065298432,2.0633213800911374
2579,110601.94624672094,2.0612158432794803
2580,110644.83184045754,2.0362442616959417
2581,110687.71743419414,2.039578796741382
2582,110730.60302793076,2.063131042231312
2583,110773.48862166738,2.0665351549747712
2584,110816.374215404,2.0492890274851523
2585,110859.2598091406,2.0393931459347243
2586,110902.1454028772,2.055154845694571
2587,110945.03099661382,2.069418572539047
2588,110987.91659035043,2.069266211731082
2589,111030.80218408705,2.0420911985486025
2590,111073.68777782365,2.048394624768503
2591,111116.57337156027,2.0700033173816794
2592,111159.45896529687,2.0725883066439934
2593,111202.34455903349,2.050348410421436
2594,111245.2301527701,2.045398444542801
2595,111288.11574650671,2.0637321417246564
2596,111331.00134024333,2.0753242237494747
2597,111373.88693397994,2.0708330897124343
2598,111416.77252771654,2.0479048268513207
2599,111459.65812145316,2.058499647423665
2600,111502.54371518976,2.078248252544802
2601,111545.42930892638,2.0788006284162455
2602,111588.314902663,2.050870352224007
2603,111631.2004963996,2.053812285472337
2604,111674.08609013622,2.075536806646521
2605,111716.97168387282,2.0816520738369637
2606,111759.85727760944,2.063909213765749
2607,111802.74287134605,2.053888959906663
2608,111845.62846508266,2.0719680828466474
2609,111888.51405881927,2.0845195022563185
2610,111931.39965255588,2.0803074552084415
2611,111974.2852462925,2.0567144412855245
2612,112017.17084002911,2.069491383686377
2613,112060.05643376571,2.087247061354277
2614,112102.94202750233,2.088215993420049
2615,112145.82762123893,2.059573487693434
2616,112188.71321497556,2.0676421161299596
2617,112231.59880871217,2.0901524783564023
2618,112274.48440244878,2.091086393649373
2619,112317.36999618539,2.062570863843964
2620,112360.25558992199,2.066946450278765
2621,112403.14118365862,2.093144601029186
2622,112446.02677739522,2.094052075062558
2623,112488.91237113184,2.067659651972231
2624,112531.79796486844,2.0675580399380737
2625,112574.68355860504,2.096197102828285
2626,112617.56915234168,2.0969668071149306
2627,112660.45474607828,2.072526967223747
2628,112703.3403398149,2.069657893135482
2629,112746.2259335515,2.099135708286128
2630,112789.1115272881,2.100033586269228
2631,112831.99712102473,2.0723244195978046
2632,112874.88271476133,2.0755527579240116
2633,112917.76830849795,2.102361209367163
2634,112960.65390223455,2.1030946960971533
2635,113003.53949597117,2.0741258962873164
2636,113046.42508970779,2.0855123977852497
2637,113089.31068344439,2.105430367198956
2638,113132.196277181,2.106292819324457
2639,113175.08187091761,2.0772901432754605
2640,113217.96746465423,2.0979520953847666
2641,113260.85305839084,2.1086862041201124
2642,113303.73865212745,2.1097185540274896
2643,113346.62424586406,2.080181402825269
2644,113389.50983960067,2.1110820744977854
2645,113432.3954333373,2.1120053166138
2646,113475.2810270739,2.1073113421568643
2647,113518.1666208105,2.093977915172793
2648,113561.05221454712,2.114613679475105
2649,113603.93780828372,2.092329393101812
2650,113646.82340202035,2.0857904518406647
2651,113689.70899575696,2.110630248692277
2652,113732.59458949356,2.109431710453601
2653,113775.48018323017,2.109828249670975
2654,113818.36577696679,2.100004686332171
2655,113861.25137070341,2.120515150872961
2656,113904.13696444001,2.093934027486585
2657,113947.02255817661,2.0933620199546144
2658,113989.90815191323,2.1180259155762444
2659,114032.79374564985,2.115548060305506
2660,114075.67933938646,2.120049999062556
2661,114118.56493312307,2.1258828639882337
2662,114161.45052685967,2.1267295817356726
2663,114204.33612059629,2.0969796586934915
2664,114247.2217143329,2.128633655195374
2665,114290.10730806952,2.1291504089344144
2666,114332.99290180612,2.0996589106198007
2667,114375.87849554273,2.131125298798773
2668,114418.76408927934,2.132012882118264
2669,114461.64968301596,2.1023037337738097
2670,114504.53527675258,2.1205548084412067
2671,114547.42087048918,2.135027160871626
2672,114590.3064642258,2.105206261970017
2673,114633.19205796241,2.116255964030474
2674,114676.07765169902,2.138025390033219
2675,114718.96324543563,2.1079331843191067
2676,114761.84883917223,2.1395787640991695
2677,114804.73443290885,2.140522333731959
2678,114847.62002664547,2.123562748609421
2679,114890.50562038207,2.1322953448298194
2680,114933.39121411869,2.143267856826817
2681,114976.27680785529,2.113661429374267
2682,115019.16240159191,2.129925504060032
2683,115062.04799532852,2.1462548422096073
2684,115104.93358906513,2.1233646033355065
2685,115147.81918280174,2.1314932222829657
2686,115190.70477653835,2.133325313024229
2687,115233.59037027496,2.1435754479590248
2688,115276.47596401158,2.1513209744575774
2689,115319.36155774818,2.133417276420505
2690,115362.2471514848,2.1360708947639284
2691,115405.1327452214,2.1543699861748205
2692,115448.01833895803,2.1243596789055723
2693,115490.90393269464,2.125061225685632
2694,115533.78952643124,2.1463756886174967
2695,115576.67512016786,2.1435402664923613
2696,115619.56071390446,2.15860781743509
2697,115662.44630764109,2.1442947705253235
2698,115705.33190137769,2.1611293276338017
2699,115748.21749511431,2.1574012683245147
2700,115791.10308885091,2.13267395117954
2701,115833.98868258751,2.1637300593136017
2702,115876.87427632415,2.1600964133141507
2703,115919.75987006075,2.1356581472078244
2704,115962.64546379737,2.1609033009294976
2705,116005.53105753397,2.1428638644293665
2706,116048.41665127057,2.160334766892207
2707,116091.3022450072,2.170448923780822
2708,116134.1878387438,2.1457895751269387
2709,116177.07343248042,2.157576292941617
2710,116219.95902621702,2.1700422329268645
2711,116262.84461995364,2.156626268409182
2712,116305.73021369026,2.148094230932452
2713,116348.61580742686,2.1464489558925903
2714,116391.50140116348,2.170193091476398
2715,116434.38699490008,2.167023452157407
2716,116477.2725886367,2.1494244635714272
2717,116520.15818237331,2.150345060826884
2718,116563.04377610992,2.151865140800947
2719,116605.92936984653,2.1735695210839863
2720,116648.81496358314,2.1785117161313106
2721,116691.70055731975,2.1548622680865344
2722,116734.58615105637,2.164543923298499
2723,116777.47174479297,2.1781468526311345
2724,116820.35733852959,2.1740915100164497
2725,116863.24293226619,2.15915907961136
2726,116906.12852600282,2.1775299679038036
2727,116949.01411973943,2.1690257601982545
2728,116991.89971347603,2.162800820388293
2729,117034.78530721265,2.195125117273655
2730,117077.67090094926,2.1852343745852223
2731,117120.55649468588,2.165729339957368
2732,117163.44208842248,2.1984710282405326
2733,117206.32768215908,2.196814835910648
2734,117249.2132758957,2.1852847432566147
2735,117292.09886963232,2.19612704364793
2736,117334.98446336894,2.1711358591578582
2737,117377.87005710554,2.172215498665939
2738,117420.75565084214,2.200577046013312
2739,117463.64124457876,2.194852666841598
2740,117506.52683831537,2.196232371979438
2741,117549.41243205199,2.1808997968529993
2742,117592.2980257886,2.1859922871523474
2743,117635.1836195252,2.2105388496466825
2744,117678.06921326181,2.2116026944858573
2745,117720.95480699843,2.181377081372406
2746,117763.84040073505,2.186662515303981
2747,117806.72599447165,2.2148554944814136
2748,117849.61158820825,2.184700690075526
2749,117892.49718194488,2.2171405214029485
2750,117935.38277568149,2.2046303357663914
2751,117978.2683694181,2.192657418559157
2752,118021.1539631547,2.2205782810459875
2753,118064.03955689132,2.2052505364375135
2754,118106.92515062794,2.21407768449728
2755,118149.81074436454,2.2232647762614857
2756,118192.69633810116,2.1943444374303334
2757,118235.58193183776,2.2252802424493576
2758,118278.46752557438,2.2152202410665205
2759,118321.353119311,2.196576951003722
2760,118364.2387130476,2.1983346060754463
2761,118407.12430678422,2.1987857961663257
2762,118450.00990052082,2.2104446603837067
2763,118492.89549425743,2.2331566117572494
2764,118535.78108799405,2.22662424863638
2765,118578.66668173065,2.2034095890350303
2766,118621.55227546727,2.2279892248390305
2767,118664.43786920387,2.2365501014799443
2768,118707.3234629405,2.2067803904084613
2769,118750.20905667711,2.239647330417066
2770,118793.09465041371,2.2244517212485517
2771,118835.98024415033,2.209992298997199
2772,118878.86583788693,2.2429263333381835
2773,118921.75143162356,2.2355949094861294
2774,118964.63702536016,2.2180508245204735
2775,119007.52261909677,2.246211789857127
2776,119050.40821283338,2.2293492587349433
2777,119093.29380656999,2.2358352050820596
2778,119136.17940030662,2.2424425332200237
2779,119179.06499404322,2.2185165896757795
2780,119221.95058777984,2.243567295874103
2781,119264.83618151644,2.2521579669547838
2782,119307.72177525304,2.221644722844368
2783,119350.60736898967,2.2228553116556853
2784,119393.49296272628,2.253015997789296
2785,119436.37855646289,2.247601841486189
2786,119479.2641501995,2.2259926471815685
2787,119522.14974393611,2.2591407270590076
2788,119565.03533767273,2.2491710685465773
2789,119607.92093140933,2.240084239064457
2790,119650.80652514595,2.262567650649036
2791,119693.69211888255,2.250428123417524
2792,119736.57771261917,2.232506595414518
2793,119779.46330635578,2.2596853932178
2794,119822.34890009239,2.250906669795381
2795,119865.234493829,2.2355374630472955
2796,119908.1200875656,2.268929472017764
2797,119951.00568130222,2.2571466625671732
2798,119993.89127503884,2.2384360853313043
2799,120036.77686877544,2.2720952048208343
2800,120079.66246251206,2.2507918241745966
2801,120122.54805624866,2.241344740782059
2802,120165.43364998528,2.2716019213465457
2803,120208.3192437219,2.243423164637706
2804,120251.2048374585,2.2468254182325196
2805,120294.09043119512,2.2696781256069998
2806,120336.97602493173,2.2751603213017773
2807,120379.86161866835,2.2471301628518576
2808,120422.74721240495,2.2480427931387603
2809,120465.63280614156,2.258257885566201
2810,120508.51839987817,2.2707440699175265
2811,120551.40399361479,2.2644702944213284
2812,120594.2895873514,2.2799411100355926
2813,120637.17518108801,2.2624760952861043
2814,120680.06077482461,2.2734120199413743
2815,120722.94636856123,2.2550557019613593
2816,120765.83196229785,2.2868818394206976
2817,120808.71755603446,2.2894475723189993
2818,120851.60314977106,2.2577179318647884
2819,120894.48874350767,2.261127171220149
2820,120937.37433724428,2.2925234640619734
2821,120980.2599309809,2.260479415526861
2822,121023.14552471752,2.261312077583177
2823,121066.03111845412,2.295248900673394
2824,121108.91671219072,2.2962335335246973
2825,121151.80230592735,2.2640593121451027
2826,121194.68789966396,2.2980640006790725
2827,121237.57349340057,2.291417471647517
2828,121280.45908713718,2.2910102968085226
2829,121323.34468087378,2.2797308854490175
2830,121366.23027461041,2.3015268444494414
2831,121409.11586834701,2.2695100451191745
2832,121452.00146208363,2.2702333749991235
2833,121494.88705582023,2.2966601221055107
2834,121537.77264955685,2.305075379702009
2835,121580.65824329347,2.306073180011432
2836,121623.54383703007,2.285505437084564
2837,121666.42943076669,2.306532895496321
2838,121709.31502450329,2.3086000823427812
2839,121752.2006182399,2.291223652035826
2840,121795.08621197652,2.3102919472441124
2841,121837.97180571312,2.2889558205389857
2842,121880.85739944974,2.3120111875592153
2843,121923.74299318634,2.3086355255358426
2844,121966.62858692298,2.2939389219485906
2845,122009.51418065958,2.284423876421985
2846,122052.39977439618,2.286973158698253
2847,122095.2853681328,2.3161253847351926
2848,122138.1709618694,2.291748819725507
2849,122181.05655560603,2.3131927897719646
2850,122223.94214934263,2.318645768437328
2851,122266.82774307924,2.319365473504927
2852,122309.71333681585,2.2873726982724536
2853,122352.59893055246,2.3187894115022187
2854,122395.48452428909,2.316897457173409
2855,122438.37011802569,2.322543208294668
2856,122481.2557117623,2.2898228483935514
2857,122524.14130549891,2.2907099453518316
2858,122567.02689923551,2.3248663459414267
2859,122609.91249297214,2.325624505147393
2860,122652.79808670875,2.302105527819299
2861,122695.68368044536,2.293709639397474
2862,122738.56927418197,2.3280590716290894
2863,122781.45486791858,2.3285654333136034
2864,122824.3404616552,2.2958935550062938
2865,122867.2260553918,2.3051760846285343
2866,122910.11164912842,2.321624002843381
2867,122952.99724286502,2.331625534485913
2868,122995.88283660164,2.3211538295134027
2869,123038.76843033826,2.3279636756895727
2870,123081.65402407486,2.314238789037206
2871,123124.53961781148,2.334578932139534
2872,123167.42521154808,2.3016823724971904
2873,123210.3108052847,2.326843495521469
2874,123253.19639902131,2.3363317648933086
2875,123296.08199275791,2.3371955563642723
2876,123338.96758649453,2.322334303726741
2877,123381.85318023113,2.338501164501689
2878,123424.73877396775,2.3152851136262997
2879,123467.62436770437,2.3329150571627273
2880,123510.50996144097,2.31747511392073
2881,123553.39555517759,2.309788156308626
2882,123596.2811489142,2.323281626515901
2883,123639.1667426508,2.3424276152021335
2884,123682.05233638742,2.334260667755306
2885,123724.93793012403,2.31288041889183
2886,123767.82352386064,2.3384545743172853
2887,123810.70911759726,2.3452051874508486
2888,123853.59471133388,2.345613252137596
2889,123896.48030507048,2.3380514960871546
2890,123939.36589880708,2.3138254912294527
2891,123982.2514925437,2.343030351894207
2892,124025.13708628032,2.3399623322035734
2893,124068.02268001693,2.3487769268876577
2894,124110.90827375354,2.349303778386129
2895,124153.79386749014,2.3172290383351775
2896,124196.67946122675,2.3236590998063567
2897,124239.56505496337,2.351544734943735
2898,124282.45064869999,2.351886429695027
2899,124325.33624243659,2.3302211960356396
2900,124368.2218361732,2.341837096870048
2901,124411.10742990983,2.3280425047294675
2902,124453.99302364643,2.348597272116498
2903,124496.87861738304,2.3549178915995577
2904,124539.76421111965,2.328476611481068
2905,124582.64980485625,2.340549488295832
2906,124625.53539859288,2.3299079424604194
2907,124668.42099232948,2.3430828010984617
2908,124711.3065860661,2.3562576597365084
2909,124754.1921798027,2.3311559759925373
2910,124797.0777735393,2.351316932967652
2911,124839.96336727594,2.3460278612647767
2912,124882.84896101254,2.359714082666
2913,124925.73455474916,2.360391672345667
2914,124968.62014848576,2.361069262025333
2915,125011.50574222238,2.3419208388417214
2916,125054.391335959,2.351438453348668
2917,125097.2769296956,2.362480855416463
2918,125140.16252343221,2.354642259994659
2919,125183.04811716882,2.3410092859931293
2920,125225.93371090545,2.331965244665742
2921,125268.81930464205,2.3354637501263613
2922,125311.70489837865,2.3650975527635514
2923,125354.59049211527,2.3656196927179316
2924,125397.47608585187,2.3591838699967815
2925,125440.3616795885,2.337234563308437
2926,125483.2472733251,2.3356996482822305
2927,125526.13286706171,2.3680311984311375
2928,125569.01846079832,2.368358698284418
2929,125611.90405453493,2.3687150505023276
2930,125654.78964827156,2.3693421488691393
2931,125697.67524200816,2.3382726094624475
2932,125740.56083574476,2.343063385943793
2933,125783.44642948138,2.3679039903510803
2934,125826.33202321798,2.3715389528453006
2935,125869.21761695461,2.3718051616773526
2936,125912.10321069122,2.3493570333529186
2937,125954.98880442782,2.3416654442587137
2938,125997.87439816444,2.349978615358418
2939,126040.75999190105,2.364633212585615
2940,126083.64558563767,2.3746535006236953
2941,126126.53117937427,2.375020436473347
2942,126169.41677311089,2.352240939772367
2943,126212.30236684749,2.344858721446856
2944,126255.18796058411,2.376733868968945
2945,126298.07355432073,2.3772256814024315
2946,126340.95914805733,2.3777174938359176
2947,126383.84474179395,2.378135197355467
2948,126426.73033553055,2.3508337110896314
2949,126469.61592926717,2.348030183907627
2950,126512.50152300378,2.3797416841911665
2951,126555.38711674038,2.380228479446917
2952,126598.272710477,2.380715274702668
2953,126641.1583042136,2.378392723841072
2954,126684.04389795022,2.3526153083464396
2955,126726.92949168684,2.3518301742769148
2956,126769.81508542344,2.370522690552818
2957,126812.70067916006,2.3832145660391277
2958,126855.58627289667,2.3837041609005145
2959,126898.47186663328,2.3841937557619013
2960,126941.3574603699,2.3637861502129986
2961,126984.2430541065,2.36437488516906
2962,127027.12864784311,2.3855426360668193
2963,127070.01424157973,2.386160986393871
2964,127112.89983531633,2.38665759973518
2965,127155.78542905295,2.387087447224892
2966,127198.67102278955,2.3875172947146037
2967,127241.55661652617,2.3569956031170274
2968,127284.44221026279,2.388559220384705
2969,127327.3278039994,2.3891714342434334
2970,127370.213397736,2.389717771181622
2971,127413.09899147261,2.390141067038865
2972,127455.98458520923,2.3905591443968364
2973,127498.87017894584,2.3598355652755614
2974,127541.75577268246,2.3845294284442238
2975,127584.64136641906,2.392152216575362
2976,127627.52696015566,2.3927096343681877
2977,127670.4125538923,2.389225827927992
2978,127713.2981476289,2.3770601573417607
2979,127756.18374136552,2.3648944867555253
2980,127799.06933510212,2.372369311284563
2981,127841.95492883872,2.3951253824242786
2982,127884.84052257535,2.395651034800081
2983,127927.72611631195,2.3961323384619178
2984,127970.61171004857,2.3866648059076843
2985,128013.49730378517,2.3736058354331493
2986,128056.38289752178,2.3669637260047507
2987,128099.26849125841,2.3905656675709785
2988,128142.15408499501,2.398698256249516
2989,128185.03967873163,2.399200505060499
2990,128227.92527246823,2.3966044654695846
2991,128270.81086620483,2.383051722431327
2992,128313.69645994146,2.3694989793930596
2993,128356.58205367807,2.3830888490427165
2994,128399.46764741468,2.4016752085582342
2995,128442.35324115129,2.40228029881658
2996,128485.23883488792,2.4027952499814504
2997,128528.12442862452,2.392450939606819
2998,128571.01002236112,2.378992943840359
2999,128613.89561609774,2.37514539657837
3000,128656.78120983434,2.4003565929769053
3001,128699.66680357097,2.405373766146222
3002,128742.55239730758,2.4059265475911813
3003,128785.43799104418,2.4008449120726008
3004,128828.3235847808,2.387816329364868
3005,128871.2091785174,2.404252458468545
3006,128914.09477225403,2.3946033016343735
3007,128956.98036599063,2.408582878900633
3008,128999.86595972723,2.4091564779805075
3009,129042.75155346385,2.40772838224334
3010,129085.63714720045,2.3945380594578283
3011,129128.52274093709,2.381347736672307
3012,129171.40833467369,2.3871718850558836
3013,129214.29392841029,2.4116602200150092
3014,129257.17952214691,2.4123828433516907
3015,129300.06511588352,2.412900644134233
3016,129342.95070962014,2.4134433029120856
3017,129385.83630335674,2.4139869269882173
3018,129428.72189709335,2.38177
3019,129471.60749082996,2.414867371891292
3020,129514.49308456658,2.415602902646763
3021,129557.3786783032,2.416045911823916
3022,129600.2642720398,2.416631206670521
3023,129643.14986577642,2.4172322267249546
3024,129686.03545951302,2.3846948604297906
3025,129728.92105324964,2.418325782969536
3026,129771.80664698625,2.4190258509034277
3027,129814.69224072286,2.4194012094124355
3028,129857.57783445947,2.4199601261867345
3029,129900.46342819608,2.420528716202651
3030,129943.34902193269,2.388015426760019
3031,129986.23461566931,2.4215467656224154
3032,130029.12020940591,2.4222033999082937
3033,130072.00580314253,2.4226099976708824
3034,130114.89139687915,2.423175621492819
3035,130157.77699061575,2.4237412453147558
3036,130200.66258435237,2.3911305451210283
3037,130243.54817808897,2.40789300301676
3038,130286.43377182558,2.4255786535480923
3039,130329.3193655622,2.426078442528952
3040,130372.2049592988,2.4266980729018552
3041,130415.09055303542,2.397100458205702
3042,130457.97614677202,2.3943936974931797
3043,130500.86174050864,2.4192313604928053
3044,130543.74733424526,2.429055123631291
3045,130586.63292798186,2.4295916673568447
3046,130629.51852171848,2.430209821191857
3047,130672.40411545508,2.3973510828715128
3048,130715.2897091917,2.4019305627015144
3049,130758.17530292831,2.432127786027624
3050,130801.06089666493,2.432544150491236
3051,130843.94649040153,2.4331494650236416
3052,130886.83208413814,2.4002946306809756
3053,130929.71767787477,2.4006214641553
3054,130972.60327161137,2.42254013688848
3055,131015.48886534799,2.4355839014118716
3056,131058.37445908459,2.4237965449298113
3057,131101.2600528212,2.407732041520986
3058,131144.14564655782,2.417543162878002
3059,131187.03124029443,2.412937706557229
3060,131229.91683403103,2.4387003303000245
3061,131272.80242776766,2.4318399773830897
3062,131315.68802150426,2.414172217143199
3063,131358.57361524086,2.429332409407513
3064,131401.45920897747,2.406735816706411
3065,131444.3448027141,2.4381438371808164
3066,131487.23039645073,2.439082267662906
3067,131530.1159901873,2.4194793212759023
3068,131573.00158392393,2.4386324822062493
3069,131615.88717766054,2.436428183215931
3070,131658.77277139714,2.4347850711785406
3071,131701.65836513377,2.4450642510203564
3072,131744.54395887037,2.4230206504599705
3073,131787.42955260698,2.445316215091867
3074,131830.31514634358,2.441275705483633
3075,131873.2007400802,2.434953284612053
3076,131916.08633381684,2.448584762227391
3077,131958.97192755342,2.424457710409098
3078,132001.85752129005,2.448946942601426
3079,132044.74311502665,2.447489288401377
3080,132087.62870876325,2.438219218160881
3081,132130.51430249988,2.4516659568699932
3082,132173.3998962365,2.4228784784857194
3083,132216.2854899731,2.4461713330481576
3084,132259.17108370972,2.4372786654589147
3085,132302.05667744632,2.443886698943784
3086,132344.94227118295,2.4509818368967253
3087,132387.82786491953,2.4270454408256064
3088,132430.71345865616,2.4227
3089,132473.5990523928,2.4270882030709693
3090,132516.48464612936,2.451235322257559
3091,132559.370239866,2.445613298821006
3092,132602.2558336026,2.4420940377825247
3093,132645.14142733923,2.425686599369552
3094,132688.02702107583,2.460754694379095
3095,132730.91261481243,2.4616320373401512
3096,132773.79820854907,2.431382095054275
3097,132816.68380228564,2.428753631548982
3098,132859.56939602227,2.428982733164981
3099,132902.4549897589,2.464218427444932
3100,132945.34058349548,2.4650785780919873
3101,132988.2261772321,2.431296049990459
3102,133031.1117709687,2.431997217467655
3103,133073.99736470534,2.4669058685423138
3104,133116.88295844194,2.467749024200093
3105,133159.76855217855,2.4372963056038754
3106,133202.65414591518,2.434929832086297
3107,133245.53973965175,2.440038873505232
3108,133288.42533338838,2.4705770578016444
3109,133331.310927125,2.471426236174132
3110,133374.1965208616,2.437871531030211
3111,133417.08211459822,2.4578817003022015
3112,133459.96770833482,2.4733544558492455
3113,133502.85330207145,2.474262556670403
3114,133545.73889580806,2.4600435648781156
3115,133588.62448954466,2.460286659263806
3116,133631.5100832813,2.4674980539744173
3117,133674.39567701786,2.477188893297296
3118,133717.2812707545,2.4552121231335104
3119,133760.16686449113,2.4464397936545432
3120,133803.05245822773,2.454582490718564
3121,133845.93805196433,2.468574913756066
3122,133888.82364570096,2.447745810619027
3123,133931.70923943756,2.447404318975769
3124,133974.59483317417,2.4498681867469743
3125,134017.48042691077,2.4764637411313073
3126,134060.3660206474,2.4528940569290176
3127,134103.251614384,2.4685822181102477
3128,134146.1372081206,2.484311102296065
3129,134189.02280185724,2.4841238293334764
3130,134231.90839559384,2.4568304544616755
3131,134274.79398933044,2.4879878474771346
3132,134317.67958306707,2.4815566700801033
3133,134360.56517680368,2.4858449464780534
3134,134403.45077054028,2.4594437310507646
3135,134446.33636427688,2.4763606117800583
3136,134489.2219580135,2.4666488492936183
3137,134532.10755175012,2.4923347391078328
3138,134574.99314548672,2.4600706622768986
3139,134617.87873922335,2.4940486161459203
3140,134660.76433295995,2.4715745607976016
3141,134703.64992669655,2.4955372061720267
3142,134746.5355204332,2.4623708880872703
3143,134789.4211141698,2.4629774447382844
3144,134832.3067079064,2.4759723615559106
3145,134875.192301643,2.4988429748193517
3146,134918.07789537963,2.4654973706468897
3147,134960.96348911626,2.4774277745436586
3148,135003.84908285283,2.479344302297995
3149,135046.73467658946,2.5020767449601515
3150,135089.62027032606,2.468806093290068
3151,135132.50586406267,2.48940948357293
3152,135175.3914577993,2.479174349752859
3153,135218.2770515359,2.4834624901356546
3154,135261.1626452725,2.4719240141295225
3155,135304.0482390091,2.497996895781719
3156,135346.93383274574,2.4763976858702943
3157,135389.81942648237,2.476951314563389
3158,135432.70502021894,2.475194238863721
3159,135475.59061395557,2.5057416432235926
3160,135518.4762076922,2.4910858674024694
3161,135561.36180142878,2.496133347898741
3162,135604.2473951654,2.4784946232022387
3163,135647.132988902,2.512888597898669
3164,135690.01858263862,2.514579397475978
3165,135732.90417637525,2.4811561139856835
3166,135775.78977011185,2.4866360657923066
3167,135818.67536384848,2.5091822952232303
3168,135861.56095758505,2.4901896202555096
3169,135904.4465513217,2.5175164860208366
3170,135947.33214505832,2.4970701833848605
3171,135990.2177387949,2.486519771963242
3172,136033.10333253152,2.51748717077263
3173,136075.98892626812,2.5123324259178275
3174,136118.87452000476,2.506585178747319
3175,136161.76011374136,2.489430048082694
3176,136204.64570747796,2.5023834340935944
3177,136247.5313012146,2.4912266226818196
3178,136290.41689495117,2.491871609518124
3179,136333.3024886878,2.501201231735645
3180,136376.18808242443,2.5033735610375154
3181,136419.073676161,2.4946074238179508
3182,136461.95926989763,2.4953584921236334
3183,136504.84486363424,2.5296872010246805
3184,136547.73045737087,2.5079475167739704
3185,136590.61605110747,2.5164913890735687
3186,136633.50164484407,2.5263278232641695
3187,136676.3872385807,2.5055298205364798
3188,136719.27283231728,2.5119031528803535
3189,136762.1584260539,2.5116760779999563
3190,136805.04401979054,2.536366762926752
3191,136847.9296135271,2.5367157998502528
3192,136890.81520726375,2.5345604775851505
3193,136933.70080100035,2.504673919709004
3194,136976.58639473698,2.5208321070991073
3195,137019.47198847358,2.518826799401257
3196,137062.35758221018,2.5366140764357357
3197,137105.24317594682,2.519921985739358
3198,137148.12876968342,2.524751539714053
3199,137191.01436342002,2.5192350205425584
3200,137233.89995715665,2.528263673438166
3201,137276.78555089326,2.5374084849155154
3202,137319.67114462986,2.5466256416518354
3203,137362.5567383665,2.532576714561703
3204,137405.4423321031,2.514086040035723
3205,137448.3279258397,2.5154713093744197
3206,137491.2135195763,2.528673109755535
3207,137534.09911331293,2.5511521191103705
3208,137576.98470704953,2.517718570367743
3209,137619.87030078613,2.552914849291332
3210,137662.75589452276,2.5491087168428375
3211,137705.64148825937,2.5218771755675498
3212,137748.52708199597,2.5213258562892458
3213,137791.4126757326,2.5342958905476145
3214,137834.2982694692,2.5443545604342206
3215,137877.1838632058,2.5234602818499425
3216,137920.0694569424,2.535151000183097
3217,137962.95505067904,2.559493687377183
3218,138005.84064441564,2.534784540767029
3219,138048.72623815225,2.547497650572824
3220,138091.61183188888,2.5500794641388027
3221,138134.49742562548,2.5631162344431373
3222,138177.38301936208,2.529915609140466
3223,138220.2686130987,2.530804007578048
3224,138263.15420683532,2.531842494468178
3225,138306.03980057192,2.5666441447867494
3226,138348.92539430852,2.5329233847110544
3227,138391.81098804515,2.5344011662985486
3228,138434.69658178178,2.5630552976355987
3229,138477.58217551836,2.568538395082207
3230,138520.467769255,2.550713287765998
3231,138563.3533629916,2.537890094836659
3232,138606.2389567282,2.572662086422873
3233,138649.12455046483,2.5659557441854224
3234,138692.01014420143,2.5664430251948094
3235,138734.89573793803,2.544572415931147
3236,138777.78133167466,2.5680841347426333
3237,138820.66692541126,2.5617878569266055
3238,138863.5525191479,2.572355596644918
3239,138906.43811288447,2.5568952681955124
3240,138949.3237066211,2.553538254437977
3241,138992.20930035773,2.554876529113167
3242,139035.0948940943,2.564472907425031
3243,139077.98048783094,2.54800870272811
3244,139120.86608156754,2.582751219694546
3245,139163.75167530414,2.5533669761970903
3246,139206.63726904077,2.5504302478088974
3247,139249.52286277738,2.551429882345348
3248,139292.408456514,2.5709180936954104
3249,139335.29405025058,2.5641813279210357
3250,139378.1796439872,2.5538167029199377
3251,139421.06523772384,2.5626342791763093
3252,139463.95083146042,2.5640079212676636
3253,139506.83642519705,2.5714611180758835
3254,139549.72201893365,2.575970546844863
3255,139592.60761267028,2.573905985572807
3256,139635.49320640689,2.5587972148465514
3257,139678.3788001435,2.568608201249291
3258,139721.26439388012,2.5743389123487197
3259,139764.1499876167,2.5810778614469063
3260,139807.03558135332,2.5685685374516303
3261,139849.92117508996,2.564155386694194
3262,139892.80676882653,2.569753674492336
3263,139935.69236256316,2.5646917196961816
3264,139978.57795629976,2.569642951498665
3265,140021.4635500364,2.573679623867085
3266,140064.349143773,2.56687153880626
3267,140107.2347375096,2.567997569261905
3268,140150.12033124623,2.5934401137634526
3269,140193.0059249828,2.5942093800043793
3270,140235.89151871944,2.5981157646508
3271,140278.77711245607,2.571217876855346
3272,140321.66270619264,2.600137281880313
3273,140364.54829992927,2.6011918632880526
3274,140407.4338936659,2.6061926524037373
3275,140450.3194874025,2.5743684433648526
3276,140493.2050811391,2.608135270563521
3277,140536.0906748757,2.6041601863781922
3278,140578.97626861234,2.6007782802823773
3279,140621.86186234895,2.577431329629683
3280,140664.74745608555,2.610728211244297
3281,140707.63304982218,2.579115770227716
3282,140750.51864355878,2.5935740580624684
3283,140793.40423729538,2.5931855432901947
3284,140836.28983103202,2.6050806065974212
3285,140879.17542476862,2.595041504608267
3286,140922.06101850522,2.6000518817256735
3287,140964.94661224182,2.6027822659005815
3288,141007.83220597846,2.5842480419240825
3289,141050.71779971506,2.6075068158534953
3290,141093.60339345166,2.6177277441278797
3291,141136.4889871883,2.6142990278972995
3292,141179.3745809249,2.5873105074931773
3293,141222.2601746615,2.60879394606222
3294,141265.14576839813,2.597746797403615
3295,141308.03136213473,2.6033561708865656
3296,141350.91695587133,2.6044325721488675
3297,141393.80254960794,2.591317203678337
3298,141436.68814334457,2.608049217529212
3299,141479.57373708117,2.6189328575242343
3300,141522.45933081777,2.6218456181560477
3301,141565.3449245544,2.594310684767279
3302,141608.230518291,2.6274337816536177
3303,141651.1161120276,2.6165376494655486
3304,141694.00170576424,2.5961544065200193
3305,141736.88729950084,2.612660875266767
3306,141779.77289323744,2.620109164819182
3307,141822.65848697405,2.6246254839191048
3308,141865.54408071068,2.6309423882597085
3309,141908.4296744473,2.6176461704017586
3310,141951.31526818388,2.601124149008055
3311,141994.20086192052,2.6337383184938905
3312,142037.08645565715,2.60332354408772
3313,142079.97204939372,2.6032058520817865
3314,142122.85764313035,2.6314062518749224
3315,142165.74323686695,2.618754379066152
3316,142208.62883060356,2.6373303339487943
3317,142251.5144243402,2.606052325055154
3318,142294.4000180768,2.6151367411612116
3319,142337.28561181342,2.613313642990521
3320,142380.17120555,2.635519773801969
3321,142423.05679928663,2.627147511048152
3322,142465.94239302326,2.6097670595149207
3323,142508.82798675983,2.615867149371384
3324,142551.71358049646,2.6279739744092225
3325,142594.59917423307,2.6434739487320904
3326,142637.48476796967,2.612790101834941
3327,142680.3703617063,2.6262994920889677
3328,142723.2559554429,2.6427944202752713
3329,142766.14154917953,2.6167381403759284
3330,142809.0271429161,2.63073377522914
3331,142851.91273665274,2.616224909950432
3332,142894.79833038937,2.6483471267474066
3333,142937.68392412594,2.639800313117909
3334,142980.56951786258,2.6182720307903296
3335,143023.45511159918,2.646138429081356
3336,143066.3407053358,2.637057794893094
3337,143109.2262990724,2.6518162851311042
3338,143152.111892809,2.6207194237282647
3339,143194.99748654565,2.651534753036011
3340,143237.88308028222,2.623276384057865
3341,143280.76867401885,2.6532075323272957
3342,143323.65426775548,2.628553774553547
3343,143366.53986149206,2.6246663196051303
3344,143409.4254552287,2.656639678286563
3345,143452.3110489653,2.6421665048998046
3346,143495.19664270192,2.646369496904734
3347,143538.08223643852,2.627341196459032
3348,143580.96783017513,2.640675482951067
3349,143623.85342391176,2.6601125516215234
3350,143666.73901764836,2.6607767129283086
3351,143709.62461138496,2.6318425904694682
3352,143752.5102051216,2.634923463718025
3353,143795.39579885817,2.6495942738909872
3354,143838.2813925948,2.663637398755092
3355,143881.16698633143,2.6583625991004296
3356,143924.05258006803,2.6571907296576542
3357,143966.93817380464,2.6344180561878163
3358,144009.82376754124,2.6663884453922932
3359,144052.70936127787,2.6671309267807994
3360,144095.59495501447,2.6376388032211118
3361,144138.48054875107,2.637111389551908
3362,144181.3661424877,2.6607903583914183
3363,144224.2517362243,2.6699534149700863
3364,144267.1373299609,2.663309977321742
3365,144310.02292369754,2.639802843896905
3366,144352.90851743415,2.649621128126087
3367,144395.79411117075,2.6729407905023117
3368,144438.67970490735,2.673670733407589
3369,144481.56529864398,2.642610684515002
3370,144524.45089238058,2.6449997212640532
3371,144567.3364861172,2.6722713754742236
3372,144610.22207985382,2.6767223659797286
3373,144653.10767359042,2.645309547578418
3374,144695.99326732702,2.6637671631115927
3375,144738.87886106365,2.667041671576104
3376,144781.76445480026,2.6713440709621925
3377,144824.65004853686,2.649741114562586
3378,144867.53564227346,2.6522194160089865
3379,144910.4212360101,2.6649181188015043
3380,144953.3068297467,2.6800484715324617
3381,144996.1924234833,2.656656306553065
3382,145039.07801721993,2.6586122802649994
3383,145081.96361095653,2.685045612733407
3384,145124.84920469314,2.6857759247486794
3385,145167.73479842977,2.6633351301616144
3386,145210.62039216637,2.667484909640133
3387,145253.50598590297,2.6882209661234757
3388,145296.3915796396,2.688968349890727
3389,145339.2771733762,2.669050771903188
3390,145382.16276711284,2.6743858556048754
3391,145425.0483608494,2.691437347665312
3392,145467.93395458604,2.692192145006513
3393,145510.81954832267,2.673066614544472
3394,145553.70514205925,2.672089158818451
3395,145596.59073579588,2.6947224484900176
3396,145639.47632953248,2.6954905718877042
3397,145682.36192326908,2.674497621180057
3398,145725.24751700572,2.6658982787162295
3399,145768.13311074232,2.6980491422791717
3400,145811.01870447895,2.69882566169605
3401,145853.90429821552,2.669073361196008
3402,145896.78989195215,2.7007056746003917
3403,145939.6754856888,2.701348443750411
3404,145982.56107942536,2.702315212458234
3405,146025.446673162,2.6691222978239533
3406,146068.3322668986,2.703995105885499
3407,146111.2178606352,2.7048274087135753
3408,146154.10345437183,2.705988241595441
3409,146196.98904810843,2.6741192796063697
3410,146239.87464184506,2.7074840936305384
3411,146282.76023558163,2.708363027852265
3412,146325.64582931827,2.6754612264393183
3413,146368.5314230549,2.699853501140039
3414,146411.41701679147,2.7109250953107153
3415,146454.3026105281,2.711918581012181
3416,146497.1882042647,2.681133847226256
3417,146540.07379800134,2.713704820367767
3418,146582.95939173794,2.7145854616843823
3419,146625.84498547454,2.681890469868021
3420,146668.73057921117,2.716564200461462
3421,146711.61617294775,2.716099794796557
3422,146754.50176668438,2.6907178251407458
3423,146797.387360421,2.7056075943597366
3424,146840.27295415758,2.720033031516021
3425,146883.1585478942,2.703419315464017
3426,146926.04414163082,2.6961649514227966
3427,146968.92973536745,2.7231224778078134
3428,147011.81532910405,2.7217817566015943
3429,147054.70092284065,2.707668276525012
3430,147097.58651657728,2.7188115615059534
3431,147140.4721103139,2.7267632318301325
3432,147183.3577040505,2.693876900628823
3433,147226.24329778712,2.706823380436378
3434,147269.1288915237,2.729870305109159
3435,147312.01448526033,2.696805904153165
3436,147354.90007899696,2.731930375023766
3437,147397.78567273356,2.732820794343259
3438,147440.67126647016,2.708878979102627
3439,147483.55686020677,2.700116638098355
3440,147526.4424539434,2.735858457007988
3441,147569.32804768,2.7028421332086263
3442,147612.2136414166,2.7033297635030342
3443,147655.09923515323,2.7389134508709336
3444,147697.98482888984,2.7174245999648
3445,147740.87042262644,2.7143060652296054
3446,147783.75601636307,2.7420025673995396
3447,147826.64161009967,2.708829335458368
3448,147869.52720383627,2.7199962877075174
3449,147912.41279757288,2.742018737713064
3450,147955.2983913095,2.7181175271870983
3451,147998.1839850461,2.7209685424415126
3452,148041.0695787827,2.7465243380498627
3453,148083.95517251935,2.748018739071487
3454,148126.84076625595,2.7501059469023494
3455,148169.72635999255,2.751309548826243
3456,148212.61195372918,2.7270814608044556
3457,148255.49754746578,2.753289111059642
3458,148298.3831412024,2.7545246310740166
3459,148341.268734939,2.7439166873092673
3460,148384.15432867562,2.756661844012819
3461,148427.03992241222,2.726110783530594
3462,148469.92551614883,2.75111381310187
3463,148512.81110988546,2.759916138903064
3464,148555.69670362206,2.7268816785045
3465,148598.58229735866,2.7365310318066065
3466,148641.4678910953,2.7624961343918915
3467,148684.3534848319,2.748228041818851
3468,148727.2390785685,2.758489957415603
3469,148770.12467230513,2.759110221429419
3470,148813.01026604173,2.7655075449051316
3471,148855.89585977836,2.768013135313105
3472,148898.78145351494,2.740986085271018
3473,148941.66704725157,2.7712181690809774
3474,148984.5526409882,2.772266717001535
3475,149027.43823472477,2.73957002558936
3476,149070.3238284614,2.774566657784143
3477,149113.209422198,2.762702486852112
3478,149156.0950159346,2.749139454499529
3479,149198.98060967124,2.778101084121741
3480,149241.86620340784,2.7450157823819645
3481,149284.75179714448,2.7616842367824956
3482,149327.63739088105,2.781701687124453
3483,149370.52298461768,2.770448344433453
3484,149413.4085783543,2.7842001801406506
3485,149456.2941720909,2.7553911143399663
3486,149499.17976582752,2.7864043094914814
3487,149542.06535956412,2.7875865843854184
3488,149584.95095330072,2.77848634941008
3489,149627.83654703735,2.7900984831577262
3490,149670.72214077396,2.7727519575539663
3491,149713.6077345106,2.792383930777502
3492,149756.49332824716,2.79364726214931
3493,149799.3789219838,2.760397874061256
3494,149842.26451572042,2.7959514314058476
3495,149885.150109457,2.772475485087858
3496,149928.03570319363,2.7825218097203357
3497,149970.92129693023,2.7995615727346363
3498,150013.80689066686,2.7804087432455713
3499,150056.69248440347,2.7984015341178345
3500,150099.57807814007,2.791363232304444
3501,150142.4636718767,2.8043292955053976
3502,150185.34926561327,2.7966430923934418
3503,150228.2348593499,2.7727014733680013
3504,150271.12045308654,2.8080647195558197
3505,150314.0060468231,2.7762539280627556
3506,150356.89164055974,2.798474726885258
3507,150399.77723429637,2.794213822909585
3508,150442.66282803298,2.7915797061780045
3509,150485.54842176958,2.7862687818037593
3510,150528.43401550618,2.8094745375353782
3511,150571.3196092428,2.788081130944387
3512,150614.2052029794,2.817738442305481
3513,150657.09079671602,2.7849522328432226
3514,150699.97639045265,2.820347738877666
3515,150742.86198418922,2.7913566422544602
3516,150785.74757792585,2.8107536002823372
3517,150828.63317166248,2.8209247319613757
3518,150871.5187653991,2.8247183855274023
3519,150914.4043591357,2.826621284626007
3520,150957.2899528723,2.8063063054802333
3521,151000.17554660892,2.8085044039816034
3522,151043.06114034553,2.813447247146596
3523,151085.94673408213,2.7994814925408695
3524,151128.83232781876,2.817772158414814
3525,151171.71792155536,2.829604349683781
3526,151214.60351529196,2.801541181685375
3527,151257.4891090286,2.8177845840734066
3528,151300.3747027652,2.8069944062301366
3529,151343.2602965018,2.830911150836174
3530,151386.1458902384,2.8317701873553185
3531,151429.03148397504,2.806725295291316
3532,151471.91707771164,2.8422682713691905
3533,151514.80267144824,2.8091375193251893
3534,151557.68826518487,2.8330293818577896
3535,151600.57385892147,2.8223739136587285
3536,151643.45945265808,2.8407162302758415
3537,151686.3450463947,2.8442955301266286
3538,151729.2306401313,2.82452691932632
3539,151772.1162338679,2.821937198449901
3540,151815.00182760452,2.8372451984269165
3541,151857.88742134115,2.85231522486112
3542,151900.77301507775,2.854297192860235
3543,151943.65860881435,2.824284621498736
3544,151986.54420255098,2.8335681965454262
3545,152029.42979628762,2.857804658116787
3546,152072.3153900242,2.8245657204763726
3547,152115.20098376082,2.8442986210333143
3548,152158.08657749742,2.86129045347477
3549,152200.97217123403,2.827998469446974
3550,152243.85776497066,2.863812286802849
3551,152286.74335870726,2.858715082760351
3552,152329.6289524439,2.831683921817885
3553,152372.51454618046,2.8639479216760515
3554,152415.4001399171,2.8492398246218222
3555,152458.28573365373,2.854439216327171
3556,152501.1713273903,2.8560324333365834
3557,152544.05692112693,2.8374306277823926
3558,152586.94251486353,2.8678504094419486
3559,152629.82810860014,2.8457855164904218
3560,152672.71370233677,2.8409272992015295
3561,152715.59929607337,2.875646549260137
3562,152758.48488981,2.865080770070731
3563,152801.37048354658,2.8467467451789075
3564,152844.2560772832,2.8761873368517143
3565,152887.14167101984,2.861488388044614
3566,152930.0272647564,2.85613652052901
3567,152972.91285849304,2.872673857737064
3568,153015.79845222965,2.8498748960068574
3569,153058.68404596625,2.885057257248049
3570,153101.56963970288,2.851746416014086
3571,153144.45523343948,2.8763546664755224
3572,153187.3408271761,2.8771071498577503
3573,153230.2264209127,2.8883221261020893
3574,153273.11201464932,2.8822516656188677
3575,153315.99760838595,2.8812528112227644
3576,153358.88320212252,2.882678787120663
3577,153401.76879585916,2.8599277923096764
3578,153444.65438959576,2.8871364549002436
3579,153487.5399833324,2.8798964703706464
3580,153530.425577069,2.869864257416674
3581,153573.3111708056,2.895912880959776
3582,153616.19676454223,2.877738690814531
3583,153659.08235827883,2.87283342742582
3584,153701.96795201543,2.9010720795596585
3585,153744.85354575206,2.8674102959309664
3586,153787.73913948864,2.8746405733337927
3587,153830.62473322527,2.9044283379959404
3588,153873.5103269619,2.870337810896457
3589,153916.3959206985,2.90599329063109
3590,153959.2815144351,2.907438234042582
3591,154002.1671081717,2.8770359066405953
3592,154045.05270190834,2.8859452035442326
3593,154087.93829564494,2.9101907098488766
3594,154130.82388938154,2.9109752898268684
3595,154173.70948311817,2.8803348327650413
3596,154216.59507685475,2.9129707388331787
3597,154259.48067059138,2.9141946490978046
3598,154302.366264328,2.8818101484741487
3599,154345.2518580646,2.9097554780247146
3600,154388.13745180122,2.916899304092886
3601,154431.02304553782,2.9140761167819926
3602,154473.90863927445,2.8985944882372525
3603,154516.79423301105,2.913103063555842
3604,154559.67982674766,2.8920292173259408
3605,154602.5654204843,2.890341807765193
3606,154645.4510142209,2.914697790615142
3607,154688.3366079575,2.901699838014677
3608,154731.22220169412,2.9184366025234394
3609,154774.10779543073,2.904559887656702
3610,154816.99338916733,2.925268719783457
3611,154859.87898290393,2.892728312911538
3612,154902.76457664056,2.9242971285860087
3613,154945.65017037716,2.90848642987687
3614,154988.53576411377,2.9247130301843822
3615,155031.4213578504,2.8952089649714754
3616,155074.306951587,2.920959896100012
3617,155117.1925453236,2.9040350784362268
3618,155160.07813906024,2.9220569903277975
3619,155202.96373279684,2.903220251424215
3620,155245.84932653344,2.909669862058783
3621,155288.73492027007,2.921697803870345
3622,155331.62051400667,2.9195000799389037
3623,155374.50610774328,2.9210909520386283
3624,155417.39170147988,2.9151830478884055
3625,155460.2772952165,2.929353857147941
3626,155503.16288895314,2.9174478358312554
3627,155546.04848268972,2.925517026114941
3628,155588.93407642635,2.941345944628156
3629,155631.81967016295,2.942183181967077
3630,155674.70526389955,2.910198641366473
3631,155717.59085763618,2.9307635015025957
3632,155760.4764513728,2.9369941213447417
3633,155803.36204510942,2.9196882942815114
3634,155846.247638846,2.911260361514608
3635,155889.13323258262,2.93114906035103
3636,155932.01882631925,2.940098250711467
3637,155974.90442005583,2.9176603535261254
3638,156017.79001379246,2.91458862312051
3639,156060.67560752906,2.936616454295728
3640,156103.56120126566,2.94877803049959
3641,156146.4467950023,2.9383561895400554
3642,156189.3323887389,2.9225542576511727
3643,156232.21798247553,2.9282423024336257
3644,156275.1035762121,2.9453961570618614
3645,156317.98916994873,2.94828148263842
3646,156360.87476368537,2.92828549724836
3647,156403.76035742194,2.9391241352773383
3648,156446.64595115857,2.9470234338537775
3649,156489.53154489517,2.9323125417123044
3650,156532.41713863178,2.9415839617112254
3651,156575.3027323684,2.9246479322995196
3652,156618.188326105,2.9370622829213984
3653,156661.07391984164,2.9600526386624
3654,156703.95951357821,2.956370888006317
3655,156746.84510731485,2.933262898023379
3656,156789.73070105148,2.941649693026178
3657,156832.61629478805,2.959008075320511
3658,156875.50188852468,2.9631750727693356
3659,156918.3874822613,2.9527052191032115
3660,156961.27307599792,2.934580108354788
3661,157004.15866973452,2.9566386563925757
3662,157047.04426347112,2.9619280022619727
3663,157089.92985720775,2.955531957488587
3664,157132.81545094436,2.947793472694499
3665,157175.70104468096,2.9514887679214077
3666,157218.5866384176,2.9531620075457106
3667,157261.47223215416,2.968868952574206
3668,157304.3578258908,2.9593891714985148
3669,157347.24341962743,2.9607422627506472
3670,157390.12901336403,2.9661618673574113
3671,157433.01460710063,2.966126217432364
3672,157475.90020083723,2.9712270724796475
3673,157518.78579457387,2.955683848199295
3674,157561.67138831047,2.9403016121900873
3675,157604.55698204707,2.9742100268393554
3676,157647.4425757837,2.9748307235410074
3677,157690.32816952027,2.975451420242659
3678,157733.2137632569,2.9655792410048827
3679,157776.09935699354,2.9434266973461836
3680,157818.98495073014,2.977086329980258
3681,157861.87054446674,2.977726029755665
3682,157904.75613820335,2.978365729531072
3683,157947.64173193998,2.9790054293064796
3684,157990.52732567658,2.946609596397663
3685,158033.41291941318,2.970184331492793
3686,158076.2985131498,2.9743812875469615
3687,158119.18410688642,2.96513076420638
3688,158162.06970062302,2.9558802408657985
3689,158204.95529435965,2.971450665621648
3690,158247.84088809625,2.962826501986656
3691,158290.72648183285,2.981010567535382
3692,158333.61207556946,2.973863230470276
3693,158376.4976693061,2.962641699150057
3694,158419.3832630427,2.9528201177916076
3695,158462.2688567793,2.9804974062560845
3696,158505.15445051593,2.986284321657093
3697,158548.04004425256,2.986673779428838
3698,158590.92563798913,2.9728243857877272
3699,158633.81123172576,2.958743872129184
3700,158676.69682546236,2.9586060611050495
3701,158719.58241919897,2.9860769075727496
3702,158762.4680129356,2.989609646570538
3703,158805.3536066722,2.989837586335094
3704,158848.2392004088,2.970878928552856
3705,158891.1247941454,2.9592786675329137
3706,158934.01038788204,2.970415065272386
3707,158976.89598161867,2.9886027358943625
3708,159019.78157535524,2.9928834151038295
3709,159062.66716909187,2.993234095025862
3710,159105.55276282848,2.966313238673647
3711,159148.43835656508,2.962912861735994
3712,159191.3239503017,2.9768021962563904
3713,159234.2095440383,2.9906915307767776
3714,159277.09513777492,2.9961852397084954
3715,159319.98073151152,2.996626129545157
3716,159362.86632524815,2.9655629816869093
3717,159405.75191898478,2.9697689010711996
3718,159448.63751272135,2.9812457178881573
3719,159491.523106458,2.9927225347051305
3720,159534.4087001946,2.999382274244745
3721,159577.2942939312,2.9997339546612154
3722,159620.17988766782,2.968892797650209
3723,159663.06548140442,2.974948252004395
3724,159705.95107514106,2.984887953523026
3725,159748.83666887763,2.994827655041643
3726,159791.72226261426,2.998031795944128
3727,159834.6078563509,2.9775033143305754
3728,159877.49345008747,2.9815313627652857
3729,159920.3790438241,2.9790320401177093
3730,159963.2646375607,2.9880095068192545
3731,160006.1502312973,2.9969869735207997
3732,160049.03582503393,3.0055557407503306
3733,160091.92141877054,2.9794022414464036
3734,160134.80701250717,2.9839486954100036
3735,160177.69260624377,2.98244470873627
3736,160220.57819998037,2.99080688271029
3737,160263.463793717,2.999169056684315
3738,160306.34938745358,3.007531230658329
3739,160349.2349811902,2.982466524712301
3740,160392.12057492684,2.98858203626652
3741,160435.0061686634,2.9854257926784813
3742,160477.89176240005,2.993417961590939
3743,160520.77735613665,3.001410130503391
3744,160563.66294987328,3.009402299415849
3745,160606.54854360988,2.9870670927500425
3746,160649.43413734648,2.995141861823858
3747,160692.31973108312,2.98818660992288
3748,160735.2053248197,2.995968036255455
3749,160778.09091855632,3.0037494625880408
3750,160820.97651229295,3.011530888920626
3751,160863.86210602956,2.9936447254596468
3752,160906.74769976616,3.001890998332495
3753,160949.63329350276,2.9908621528374812
3754,160992.5188872394,2.998559101711969
3755,161035.404480976,3.006256050586451
3756,161078.2900747126,3.0139529994609338
3757,161121.17566844923,3.001926629468353
3758,161164.0612621858,3.0075609618894394
3759,161206.94685592243,2.993496330964512
3760,161249.83244965906,3.0011983977561623
3761,161292.71804339567,3.0089004645478066
3762,161335.60363713227,3.0166025313394513
3763,161378.48923086887,3.0096957773452093
3764,161421.3748246055,3.011195140445693
3765,161464.2604183421,2.9962030767073733
3766,161507.1460120787,3.0040691519714557
3767,161550.03160581534,3.0119352272355435
3768,161592.9171995519,3.019801302499621
3769,161635.80279328855,3.0139279984311558
3770,161678.68838702518,3.012960693290323
3771,161721.57398076178,2.999065898237338
3772,161764.45957449838,3.0072182454060825
3773,161807.345168235,3.0153705925748326
3774,161850.23076197162,3.023522939743577
3775,161893.11635570822,3.012405699365814
3776,161936.00194944482,3.0130863582034033
3777,161978.88754318145,3.002335394468927
3778,162021.77313691808,3.010860145397214
3779,162064.65873065466,3.01938489632549
3780,162107.5443243913,3.0279096472537774
3781,162150.4299181279,3.0059702411124367
3782,162193.3155118645,3.012090425030373
3783,162236.20110560113,3.0061540492355063
3784,162279.08669933773,3.015256654264209
3785,162321.97229307433,3.0243592592929116
3786,162364.85788681093,3.0334618643216142
3787,162407.74348054756,3.0334655155838353
3788,162450.6290742842,3.0104700542952467
3789,162493.51466802077,3.0111590086617577
3790,162536.4002617574,3.020824463149164
3791,162579.285855494,3.0304899176365643
3792,162622.1714492306,3.039411377133667
3793,162665.05704296724,3.006984050411112
3794,162707.94263670384,3.0073031770088394
3795,162750.82823044044,3.017438207354887
3796,162793.71382417704,3.0277876887130155
3797,162836.59941791368,3.0381371700711517
3798,162879.4850116503,3.0373832458438104
3799,162922.37060538688,3.01023392880093
3800,162965.2561991235,3.0145671377002965
3801,163008.14179286011,3.025499143141653
3802,163051.02738659672,3.0364311485830098
3803,163093.91298033335,3.045903768867236
3804,163136.79857406995,3.0132383174800594
3805,163179.68416780658,3.013615417630531
3806,163222.56976154316,3.024035544593194
3807,163265.4553552798,3.0354696675673845
3808,163308.34094901642,3.0469037905415743
3809,163351.226542753,3.0448868773005513
3810,163394.11213648962,3.025432920592217
3811,163436.99773022626,3.0236131679279903
3812,163479.88332396283,3.0353998918286837
3813,163522.76891769946,3.0471866157293936
3814,163565.65451143606,3.050337783181236
3815,163608.5401051727,3.0330425489006236
3816,163651.4256989093,3.024392301503686
3817,163694.3112926459,3.0364178767019614
3818,163737.19688638253,3.0484434519002446
3819,163780.0824801191,3.0384914931426388
3820,163822.96807385574,3.0386403812950906
3821,163865.85366759237,3.026630568552271
3822,163908.73926132894,3.0387185168585082
3823,163951.62485506557,3.0508064651647615
3824,163994.51044880218,3.0426780996787457
3825,164037.3960425388,3.042380409487096
3826,164080.2816362754,3.0267198879941013
3827,164123.167230012,3.0275698086243197
3828,164166.05282374864,3.028419729254539
3829,164208.93841748522,3.0622887191950423
3830,164251.82401122185,3.0439558671793914
3831,164294.70960495848,3.0299963383605775
3832,164337.59519869508,3.0308662466376743
3833,164380.48079243168,3.0317361549147708
3834,164423.3663861683,3.065723332001744
3835,164466.25197990492,3.042741058819645
3836,164509.13757364152,3.0334016045083856
3837,164552.02316737812,3.0343674900427895
3838,164594.90876111476,3.0489929809332734
3839,164637.79435485133,3.0682703983306086
3840,164680.67994858796,3.0370444970517405
3841,164723.5655423246,3.0369097778443748
3842,164766.4511360612,3.0380548244096186
3843,164809.3367297978,3.0667076704387912
3844,164852.2223235344,3.0623802201778507
3845,164895.10791727103,3.0394463615154557
3846,164937.99351100763,3.0407470941155883
3847,164980.87910474424,3.0542257746914214
3848,165023.76469848087,3.075068563432386
3849,165066.65029221747,3.049256262440783
3850,165109.53588595407,3.0433661215135026
3851,165152.4214796907,3.049965269674684
3852,165195.3070734273,3.069634756643573
3853,165238.1926671639,3.0786697227698077
3854,165281.07826090054,3.046067781759251
3855,165323.96385463714,3.050144944534376
3856,165366.84944837374,3.0659227268293745
3857,165409.73504211035,3.08131849739134
3858,165452.62063584698,3.0483493984782384
3859,165495.5062295836,3.052512155048358
3860,165538.39182332018,3.065587617679001
3861,165581.27741705682,3.078663080309662
3862,165624.16301079342,3.0850194193466507
3863,165667.04860453002,3.0563583150880445
3864,165709.93419826665,3.0672487211864845
3865,165752.81979200325,3.078139127284917
3866,165795.70538573986,3.087821344050055
3867,165838.59097947646,3.0588466053160626
3868,165881.4765732131,3.068771448881408
3869,165924.36216694972,3.0786962924467534
3870,165967.2477606863,3.088621136012085
3871,166010.13335442293,3.0897498154630547
3872,166053.01894815953,3.0804635286352875
3873,166095.90454189613,3.0711772418075203
3874,166138.79013563276,3.0696297070978895
3875,166181.67572936937,3.0753677043021606
3876,166224.56132310597,3.0833590822807357
3877,166267.44691684257,3.070590593990264
3878,166310.3325105792,3.0803485514331146
3879,166353.21810431583,3.066655468909988
3880,166396.1036980524,3.084156762010001
3881,166438.98929178904,3.073865566355892
3882,166481.87488552564,3.087030451855989
3883,166524.76047926224,3.100195337356086
3884,166567.64607299888,3.0728826682319488
3885,166610.53166673548,3.073968553900166
3886,166653.4172604721,3.0750544395683836
3887,166696.3028542087,3.0732589704815934
3888,166739.18844794531,3.100251052451974
3889,166782.07404168195,3.0885964537856823
3890,166824.95963541852,3.0782859665013436
3891,166867.84522915515,3.073507611243762
3892,166910.73082289178,3.094512585930996
3893,166953.61641662836,3.0877943113323396
3894,166996.502010365,3.0988618412569786
3895,167039.3876041016,3.0814783149533636
3896,167082.27319783822,3.104193715395665
3897,167125.15879157482,3.092441153044394
3898,167168.04438531143,3.109358548303135
3899,167210.92997904806,3.082186761170468
3900,167253.81557278463,3.1129430780594882
3901,167296.70116652126,3.1000972840387924
3902,167339.5867602579,3.105586572403563
3903,167382.47235399447,3.103592758542823
3904,167425.3579477311,3.1128609240280305
3905,167468.2435414677,3.104468730463134
3906,167511.12913520433,3.104780683854512
3907,167554.01472894094,3.1014084287742514
3908,167596.90032267754,3.1147595236246803
3909,167639.78591641417,3.1039224797472773
3910,167682.67151015074,3.0930854358698885
3911,167725.55710388737,3.1087900340806836
3912,167768.442697624,3.1170089538742065
3913,167811.3282913606,3.105507594171214
3914,167854.2138850972,3.0940062344682207
3915,167897.0994788338,3.1160524024107685
3916,167939.98507257045,3.1186644617095918
3917,167982.87066630705,3.106582288305832
3918,168025.75626004365,3.09577889993553
3919,168068.64185378028,3.123325074992601
3920,168111.52744751686,3.119987171813041
3921,168154.4130412535,3.1072163882264126
3922,168197.29863499012,3.105171423755621
3923,168240.18422872672,3.1304034398145433
3924,168283.06982246332,3.1208214648858963
3925,168325.95541619995,3.1072459046987633
3926,168368.84100993656,3.1140936240799473
3927,168411.72660367316,3.1355071621301382
3928,168454.61219740976,3.1210499358941663
3929,168497.4977911464,3.1065927096581842
3930,168540.383384883,3.122593800708263
3931,168583.2689786196,3.136066879103447
3932,168626.15457235623,3.1206524260664383
3933,168669.04016609283,3.1105112671734165
3934,168711.92575982944,3.130561032479694
3935,168754.81135356607,3.1358452874203593
3936,168797.69694730267,3.1194398884361143
3937,168840.58254103927,3.1192398832771113
3938,168883.46813477587,3.1381617819824514
3939,168926.3537285125,3.135178070279647
3940,168969.23932224914,3.117688569843584
3941,169012.1249159857,3.1274798678313065
3942,169055.01050972234,3.145226316111677
3943,169097.89610345894,3.133914935971722
3944,169140.78169719555,3.118596505309652
3945,169183.66729093218,3.135253344066914
3946,169226.55288466878,3.151910182824165
3947,169269.43847840538,3.1316888592290697
3948,169312.324072142,3.1268195277985265
3949,169355.20966587862,3.1424420215380016
3950,169398.09525961525,3.1516096864464482
3951,169440.98085335182,3.128214990432458
3952,169483.86644708845,3.1347274283816247
3953,169526.75204082506,3.1492968932503
3954,169569.63763456166,3.14920706317048
3955,169612.5232282983,3.128187730179643
3956,169655.4088220349,3.1419312869364764
3957,169698.2944157715,3.15567484369331
3958,169741.1800095081,3.145047770352817
3959,169784.06560324473,3.1356640588631106
3960,169826.95119698136,3.148634617909356
3961,169869.83679071793,3.1616051769555837
3962,169912.72238445457,3.138567946945012
3963,169955.6079781912,3.1426601792068762
3964,169998.49357192777,3.154901466798687
3965,170041.3791656644,3.1671427543905146
3966,170084.264759401,3.137612917161753
3967,170127.15035313764,3.1492134426282132
3968,170170.03594687424,3.1608139680946654
3969,170212.92154061084,3.1676169017017
3970,170255.80713434747,3.144334408815357
3971,170298.69272808405,3.1553422083234914
3972,170341.57832182068,3.1663500078316407
3973,170384.4639155573,3.1561527941959473
3974,170427.34950929388,3.150651435365363
3975,170470.2351030305,3.1611292031226745
3976,170513.12069676712,3.1716069708799783
3977,170556.00629050375,3.1465461488387394
3978,170598.89188424035,3.1565118866474817
3979,170641.77747797695,3.166477624456224
3980,170684.66307171358,3.176443362264973
3981,170727.54866545016,3.1485392556702836
3982,170770.4342591868,3.149359063685711
3983,170813.31985292342,3.1501788717011387
3984,170856.20544666,3.150998679716565
3985,170899.09104039663,3.17935416460886
3986,170941.97663413323,3.1707220492402963
3987,170984.86222786986,3.162089933871727
3988,171027.74782160646,3.162482663899705
3989,171070.63341534307,3.1816130763902004
3990,171113.5190090797,3.172337331154106
3991,171156.40460281627,3.163061585918024
3992,171199.2901965529,3.1776242344240258
3993,171242.17579028953,3.183820433368374
3994,171285.06138402614,3.173787322092846
3995,171327.94697776274,3.163754210817318
3996,171370.83257149934,3.185654678587051
3997,171413.71816523597,3.186158232414533
3998,171456.60375897257,3.1751025146192444
3999,171499.48935270918,3.1640467968239556
4000,171542.3749464458,3.1910576558458295
4001,171585.2605401824,3.188329031402397
4002,171628.146133919,3.176022202428433
4003,171671.03172765565,3.1728586120336457
4004,171713.91732139225,3.1953391910890097
4005,171756.80291512885,3.1903519627276355
4006,171799.68850886548,3.1763587910560958
4007,171842.57410260208,3.18007209277012
4008,171885.4596963387,3.1987904699843894
4009,171928.3452900753,3.1924182954093445
4010,171971.23088381192,3.176137063048089
4011,172014.11647754852,3.185926613592227
4012,172057.00207128513,3.201767300079072
4013,172099.88766502176,3.1943951098289753
4014,172142.77325875836,3.1770631193594476
4015,172185.65885249496,3.1907185282956547
4016,172228.5444462316,3.2043739372318707
4017,172271.4300399682,3.1961962549886302
4018,172314.3156337048,3.1830622920847924
4019,172357.2012274414,3.1949707070326414
4020,172400.08682117803,3.2068791219804984
4021,172442.97241491466,3.197799969267016
4022,172485.85800865124,3.1881174904269036
4023,172528.74360238787,3.1986349640111422
4024,172571.62919612447,3.2091524375953737
4025,172614.51478986107,3.198741438348322
4026,172657.4003835977,3.1927274824198637
4027,172700.2859773343,3.202034120910613
4028,172743.1715710709,3.2113407594013617
4029,172786.0571648075,3.1885445007234634
4030,172828.94275854414,3.189378739092164
4031,172871.82835228078,3.190212977460864
4032,172914.71394601735,3.1910472158295633
4033,172957.59953975398,3.2110581107837293
4034,173000.48513349058,3.215922387702068
4035,173043.3707272272,3.2074695824062522
4036,173086.25632096382,3.1990167771104305
4037,173129.14191470042,3.2115846959359757
4038,173172.02750843702,3.2205541105108093
4039,173214.91310217365,3.210421433408162
4040,173257.79869591026,3.2002887563055213
4041,173300.6842896469,3.213659394078003
4042,173343.56988338346,3.2262198041771724
4043,173386.4554771201,3.2133668772298387
4044,173429.34107085672,3.2017150598329187
4045,173472.2266645933,3.2161349550954585
4046,173515.11225832993,3.2305548503580184
4047,173557.99785206653,3.2163512366059184
4048,173600.88344580316,3.2077580604385676
4049,173643.76903953977,3.2186253632888966
4050,173686.65463327637,3.2294926661392256
4051,173729.540227013,3.219454491918882
4052,173772.42582074957,3.207780912648057
4053,173815.3114144862,3.2086032960018978
4054,173858.19700822284,3.2094256793557383
4055,173901.0826019594,3.2183003514771804
4056,173943.96819569604,3.231748981672509
4057,173986.85378943264,3.2246728143160515
4058,174029.73938316928,3.217596646959589
4059,174072.62497690588,3.2252811420765957
4060,174115.51057064248,3.237339016535107
4061,174158.3961643791,3.2276266467936714
4062,174201.28175811569,3.2179142770522486
4063,174244.16735185232,3.2286117927699296
4064,174287.05294558895,3.2427878467162166
4065,174329.93853932552,3.230178927462883
4066,174372.82413306215,3.22285932706825
4067,174415.70972679876,3.2318495419366884
4068,174458.5953205354,3.240839756805133
4069,174501.480914272,3.2256829703504493
4070,174544.3665080086,3.2235220339958888
4071,174587.25210174522,3.2244707452571544
4072,174630.1376954818,3.225419456518418
4073,174673.02328921843,3.240519853256542
4074,174715.90888295506,3.2452886012290953
4075,174758.79447669166,3.2343467229496823
4076,174801.68007042827,3.233826834483029
4077,174844.5656641649,3.2437892452784
4078,174887.4512579015,3.253751656073764
4079,174930.3368516381,3.232344683582953
4080,174973.2224453747,3.233427275995158
4081,175016.10803911134,3.2345098684073643
4082,175058.99363284794,3.251066850896377
4083,175101.87922658454,3.2485530853577114
4084,175144.76482032117,3.239074543934829
4085,175187.65041405777,3.2482482440272635
4086,175230.53600779438,3.2544173089641477
4087,175273.421601531,3.2416201005882406
4088,175316.3071952676,3.2430075272872463
4089,175359.1927890042,3.2586048526046842
4090,175402.07838274082,3.2522443980771714
4091,175444.96397647745,3.2520570910723774
4092,175487.84957021405,3.2540705722373877
4093,175530.73516395065,3.258448435106661
4094,175573.62075768728,3.2564103606873225
4095,175616.5063514239,3.25761
