index,magnetic_mm,keyence_calibrated_mm
0,0.0,1.0000000000065512e-05
1,38.14214811551282,0.0007554323363910626
2,76.28429623102564,0.0015900149596331323
3,114.42644434653845,0.002354341140430623
4,152.56859246205127,0.003075842833070259
5,190.71074057756405,0.003795354161253998
6,228.8528886930769,0.004513495447389036
7,266.9950368085897,0.005231636733524073
8,305.13718492410254,0.005937031059205569
9,343.2793330396153,0.006641084274803498
10,381.4214811551281,0.007345137490401427
11,419.56362927064094,0.008033079542281935
12,457.7057773861538,0.008710703675274573
13,495.84792550166657,0.00938832780826721
14,533.9900736171794,0.010065951941259848
15,572.1322217326922,0.010768710452777283
16,610.2743698482051,0.011480841245117161
17,648.4165179637179,0.012192972037457037
18,686.5586660792306,0.012905102829796913
19,724.7008141947434,0.01360598340478976
20,762.8429623102562,0.01428434315691543
21,800.9851104257691,0.014962702909041102
22,839.1272585412819,0.01564106266116677
23,877.2694066567947,0.016319422413292442
24,915.4115547723076,0.017002057671770657
25,953.5537028878204,0.017688756929822507
26,991.6958510033331,0.018375456187874353
27,1029.8379991188458,0.019062155445926203
28,1067.9801472343588,0.019748854703978053
29,1106.1222953498716,0.020439836273540228
30,1144.2644434653844,0.021140841556675956
31,1182.4065915808974,0.02184184683981169
32,1220.5487396964102,0.022542852122947418
33,1258.6908878119227,0.02324385740608314
34,1296.8330359274357,0.023944862689218874
35,1334.9751840429485,0.024651389562077925
36,1373.1173321584613,0.02535975536871165
37,1411.2594802739743,0.026068121175345377
38,1449.4016283894869,0.026776486981979097
39,1487.5437765049996,0.02748485278861282
40,1525.6859246205124,0.028193218595246546
41,1563.8280727360254,0.02888383354817763
42,1601.9702208515382,0.029572600845613396
43,1640.112368967051,0.030261368143049167
44,1678.2545170825638,0.030950135440484933
45,1716.3966651980766,0.0316389027379207
46,1754.5388133135893,0.03232767003535647
47,1792.6809614291024,0.0329587115462784
48,1830.8231095446151,0.03357471728153037
49,1868.965257660128,0.034190723016782346
50,1907.1074057756407,0.03480672875203432
51,1945.2495538911535,0.035422734487286285
52,1983.3917020066663,0.03603874022253826
53,2021.5338501221793,0.036630318887949286
54,2059.6759982376916,0.03718948819312682
55,2097.818146353205,0.03774865749830437
56,2135.9602944687176,0.03830782680348191
57,2174.1024425842306,0.03886699610865945
58,2212.244590699743,0.039426165413836985
59,2250.3867388152557,0.039985334719014526
60,2288.5288869307687,0.04051779402611204
61,2326.6710350462818,0.041044102431775524
62,2364.8131831617948,0.04157041083743901
63,2402.9553312773073,0.04209671924310249
64,2441.0974793928203,0.04262302764876597
65,2479.239627508333,0.04314933605442946
66,2517.3817756238454,0.043675644460092936
67,2555.5239237393585,0.044143929026972964
68,2593.6660718548715,0.044609398186237124
69,2631.8082199703845,0.045074867345501285
70,2669.950368085897,0.045540336504765445
71,2708.0925162014096,0.0460058056640296
72,2746.2346643169226,0.04647127482329376
73,2784.376812432435,0.04693674398255792
74,2822.5189605479486,0.047418267838370304
75,2860.661108663461,0.04790231661457758
76,2898.8032567789737,0.048386365390784856
77,2936.9454048944867,0.048870414166992136
78,2975.0875530099993,0.04935446294319941
79,3013.2297011255123,0.049838511719406696
80,3051.371849241025,0.05032256049561397
81,3089.5139973565383,0.05077476424289481
82,3127.656145472051,0.051203086227376515
83,3165.7982935875634,0.05163140821185823
84,3203.9404417030764,0.05205973019633994
85,3242.082589818589,0.05248805218082166
86,3280.224737934102,0.05291637416530337
87,3318.366886049615,0.053344696149785084
88,3356.5090341651276,0.053773729614360284
89,3394.6511822806406,0.05420779949189367
90,3432.793330396153,0.054641869369427054
91,3470.935478511666,0.05507593924696044
92,3509.0776266271787,0.05551000912449383
93,3547.219774742692,0.055944079002027226
94,3585.3619228582047,0.05637814887956061
95,3623.5040709737173,0.05681221875709399
96,3661.6462190892303,0.05724381426425581
97,3699.788367204743,0.05767352320306465
98,3737.930515320256,0.0581032321418735
99,3776.0726634357684,0.05853294108068234
100,3814.2148115512814,0.058962650019491185
101,3852.3569596667944,0.059392358958300036
102,3890.499107782307,0.05982206789710887
103,3928.64125589782,0.060251776835917724
104,3966.7834040133325,0.060674298192372814
105,4004.9255521288455,0.06109650123772062
106,4043.0677002443585,0.06151870428306842
107,4081.209848359871,0.06194090732841622
108,4119.351996475383,0.06236311037376402
109,4157.494144590897,0.06278531341911184
110,4195.63629270641,0.06320751646445964
111,4233.778440821922,0.06362947227014888
112,4271.920588937435,0.06405092820911967
113,4310.062737052947,0.06447238414809046
114,4348.204885168461,0.06489384008706127
115,4386.347033283973,0.06531529602603206
116,4424.489181399486,0.06573675196500285
117,4462.631329514999,0.06615820790397366
118,4500.7734776305115,0.06657966384294443
119,4538.915625746025,0.06700018221294075
120,4577.0577738615375,0.06742028082741132
121,4615.1999219770505,0.06784037944188188
122,4653.3420700925635,0.06826047805635245
123,4691.484218208076,0.06868057667082302
124,4729.6263663235895,0.0691006752852936
125,4767.768514439102,0.06952077389976416
126,4805.910662554615,0.06994097610545116
127,4844.052810670127,0.07036248434034226
128,4882.194958785641,0.07078399257523338
129,4920.337106901154,0.07120550081012447
130,4958.479255016666,0.07162700904501557
131,4996.621403132179,0.07204851727990667
132,5034.763551247691,0.07247002551479777
133,5072.905699363205,0.07289153374968887
134,5111.047847478717,0.0733166698366809
135,5149.18999559423,0.07374503404327794
136,5187.332143709743,0.07417339824987496
137,5225.474291825255,0.07460176245647197
138,5263.616439940769,0.075030126663069
139,5301.758588056281,0.07545849086966602
140,5339.900736171794,0.07588685507626304
141,5378.042884287307,0.07631651405290268
142,5416.185032402819,0.07676687068272263
143,5454.327180518333,0.0772172273125426
144,5492.469328633845,0.07766758394236253
145,5530.611476749358,0.07811794057218249
146,5568.75362486487,0.07856829720200244
147,5606.895772980383,0.0790186538318224
148,5645.037921095897,0.07946901046164237
149,5683.180069211409,0.07990958039162602
150,5721.322217326922,0.0803456901759444
151,5759.464365442434,0.08078179996026276
152,5797.606513557947,0.08121790974458114
153,5835.74866167346,0.08165401952889952
154,5873.8908097889735,0.0820901293132179
155,5912.0329579044865,0.08252623909753627
156,5950.175106019999,0.08295754640220371
157,5988.3172541355125,0.0833833057049896
158,6026.459402251025,0.08380906500777546
159,6064.601550366538,0.08423482431056134
160,6102.74369848205,0.08466058361334722
161,6140.885846597563,0.0850863429161331
162,6179.027994713077,0.08551210221891897
163,6217.170142828589,0.08326160201101698
164,6255.312290944102,0.08230984584363012
165,6293.454439059614,0.08316214124559734
166,6331.596587175127,0.08234133041924441
167,6369.738735290641,0.08395751494477648
168,6407.880883406153,0.08236387457246343
169,6446.023031521666,0.0848707584524246
170,6484.165179637178,0.08576479130786606
171,6522.307327752691,0.0824303193403877
172,6560.449475868204,0.08250805129767522
173,6598.591623983717,0.08266753414088206
174,6636.73377209923,0.08736795291294484
175,6674.875920214742,0.0853411104266265
176,6713.018068330255,0.08577351149355665
177,6751.160216445768,0.09148682521062068
178,6789.302364561281,0.09073179029167859
179,6827.444512676793,0.08488936251668291
180,6865.586660792306,0.08534334707223969
181,6903.72880890782,0.08579733162779646
182,6941.870957023332,0.08756224347778406
183,6980.013105138845,0.09475339767077785
184,7018.155253254357,0.09191119130266594
185,7056.29740136987,0.08920426205815352
186,7094.439549485384,0.08926229800174142
187,7132.581697600896,0.09225716827313456
188,7170.723845716409,0.09525203854452778
189,7208.8659938319215,0.09762506572954917
190,7247.0081419474345,0.09041191396548134
191,7285.1502900629475,0.09275618685410505
192,7323.2924381784605,0.09510045974272875
193,7361.434586293974,0.09744473263135245
194,7399.576734409486,0.09916970997413375
195,7437.718882524999,0.09577868290934045
196,7475.861030640512,0.10117015721451421
197,7514.003178756025,0.0932517424039612
198,7552.145326871537,0.09418308401164968
199,7590.28747498705,0.09405726241733829
200,7628.429623102563,0.09506625239002241
201,7666.571771218076,0.09628949467598422
202,7704.713919333589,0.09751273696194604
203,7742.856067449101,0.09579014395789699
204,7780.998215564614,0.09782744538663454
205,7819.140363680127,0.0998647468153721
206,7857.28251179564,0.10516977418094128
207,7895.424659911153,0.09998831334660585
208,7933.566808026665,0.10436986409823867
209,7971.708956142178,0.10311217962232559
210,8009.851104257691,0.10206657252746047
211,8047.993252373204,0.10102096543259534
212,8086.135400488717,0.11000631183809444
213,8124.277548604229,0.10171940537214835
214,8162.419696719742,0.10884762873061
215,8200.561844835254,0.10981319699239359
216,8238.703992950766,0.10701592326550181
217,8276.84614106628,0.1042186495386099
218,8314.988289181794,0.11313443397980118
219,8353.130437297306,0.10484456534071479
220,8391.27258541282,0.11296339814917458
221,8429.414733528332,0.11436670107500169
222,8467.556881643844,0.11253231495365781
223,8505.699029759357,0.10699327321409952
224,8543.84117787487,0.10832266631149001
225,8581.983325990383,0.10784273293263479
226,8620.125474105895,0.11757468279529708
227,8658.26762222141,0.11202099529728711
228,8696.409770336923,0.11059967840625368
229,8734.551918452435,0.11664884968609077
230,8772.694066567947,0.11814938515592098
231,8810.83621468346,0.11262592384284602
232,8848.978362798973,0.12010494510719318
233,8887.120510914485,0.11823630134162338
234,8925.262659029999,0.11526756015180893
235,8963.40480714551,0.12233515271072827
236,9001.546955261023,0.1138603608204376
237,9039.689103376539,0.12101771921800222
238,9077.83125149205,0.12046613231108484
239,9115.973399607563,0.11629545905207282
240,9154.115547723075,0.1164117814770016
241,9192.257695838589,0.12516700413548937
242,9230.399843954101,0.11796860541399379
243,9268.541992069613,0.12491948741075448
244,9306.684140185127,0.12067299398374601
245,9344.82628830064,0.1262264640876223
246,9382.968436416151,0.12200852436334195
247,9421.110584531665,0.12724295129247765
248,9459.252732647179,0.1302951747653705
249,9497.394880762691,0.13038218936338306
250,9535.537028878203,0.12422759216282557
251,9573.679176993717,0.1312598421729874
252,9611.82132510923,0.13320088189801574
253,9649.963473224741,0.12612841329535013
254,9688.105621340253,0.13112657729918173
255,9726.247769455767,0.12502401556585246
256,9764.389917571281,0.12604346679296077
257,9802.532065686793,0.126496379495064
258,9840.674213802307,0.13676303431403314
259,9878.81636191782,0.12775583308068442
260,9916.958510033332,0.1280639719210244
261,9955.100658148844,0.13784737907349118
262,9993.242806264358,0.13491290702045547
263,10031.38495437987,0.13748533897037604
264,10069.527102495382,0.1296184799573693
265,10107.669250610896,0.13521076337682492
266,10145.81139872641,0.1403858146672485
267,10183.953546841922,0.1435078893525168
268,10222.095694957434,0.1420474142761489
269,10260.237843072948,0.13816050173146488
270,10298.37999118846,0.133596722779427
271,10336.522139303972,0.14295468049315382
272,10374.664287419486,0.14697446505064127
273,10412.806435534998,0.1363392477029228
274,10450.94858365051,0.13661519287180499
275,10489.090731766022,0.13689113804068714
276,10527.232879881538,0.1464879734741981
277,10565.37502799705,0.14903756287512726
278,10603.517176112562,0.14028475946561075
279,10641.659324228076,0.14500162746616171
280,10679.801472343588,0.14971849546671248
281,10717.9436204591,0.1535389273701731
282,10756.085768574614,0.15367326256436092
283,10794.227916690126,0.14434844485520132
284,10832.370064805638,0.1521223214056142
285,10870.512212921152,0.15521182709421666
286,10908.654361036666,0.15218971658212554
287,10946.796509152178,0.1527118774667874
288,10984.93865726769,0.1518479903462609
289,11023.080805383204,0.1577468763130658
290,11061.222953498716,0.15918292208187518
291,11099.365101614228,0.14803946544373348
292,11137.50724972974,0.15087309188460496
293,11175.649397845254,0.1530658331528448
294,11213.791545960767,0.15826004088548415
295,11251.93369407628,0.16105064155984963
296,11290.075842191794,0.15647282417406497
297,11328.217990307307,0.15325499557042585
298,11366.360138422819,0.15852031794171162
299,11404.50228653833,0.1642133006795426
300,11442.644434653845,0.16500884243766942
301,11480.786582769357,0.16719715299483787
302,11518.928730884869,0.15729411647880506
303,11557.070879000383,0.1634179245083189
304,11595.213027115895,0.1693434192510281
305,11633.355175231409,0.16572328556627172
306,11671.49732334692,0.16158821754578903
307,11709.639471462435,0.16219390332832603
308,11747.781619577947,0.17136277541204664
309,11785.923767693459,0.17305186001795753
310,11824.065915808973,0.16233121372400539
311,11862.208063924485,0.17022276892693014
312,11900.350212039997,0.17322322955507596
313,11938.49236015551,0.17544370048780122
314,11976.634508271025,0.1731639928181219
315,12014.776656386537,0.16884058970733534
316,12052.91880450205,0.17614006960888878
317,12091.060952617563,0.17491906115001984
318,12129.203100733075,0.18047533531776172
319,12167.345248848587,0.16913306091570568
320,12205.4873969641,0.18034997413591328
321,12243.629545079613,0.17130392680973333
322,12281.771693195125,0.18352219956048332
323,12319.913841310638,0.17278751204032441
324,12358.055989426153,0.17867522350387427
325,12396.198137541665,0.18545638899531997
326,12434.340285657177,0.175912927266999
327,12472.482433772691,0.18181897055763738
328,12510.624581888203,0.1757674318003655
329,12548.766730003716,0.18843551452317397
330,12586.908878119228,0.18925150488730763
331,12625.051026234742,0.19023027822395322
332,12663.193174350254,0.18239255777176933
333,12701.335322465768,0.18485839761006687
334,12739.477470581282,0.19275356643937358
335,12777.619618696794,0.18656715550813746
336,12815.761766812306,0.19313274353215
337,12853.903914927818,0.1848134130112366
338,12892.046063043332,0.19326471644898063
339,12930.188211158844,0.1957875492672626
340,12968.330359274356,0.1946943179774411
341,13006.47250738987,0.18583745237026214
342,13044.614655505382,0.1934955490970914
343,13082.756803620896,0.19033758072864254
344,13120.898951736408,0.19751308891580224
345,13159.041099851922,0.18819353992579765
346,13197.183247967434,0.18962265502364065
347,13235.325396082946,0.19621167481740512
348,13273.46754419846,0.2032027865827126
349,13311.609692313972,0.19127653969603947
350,13349.751840429484,0.19259038400983544
351,13387.893988544996,0.19366826864335396
352,13426.03613666051,0.20472313093420613
353,13464.178284776024,0.20062345623416028
354,13502.320432891536,0.19585444814615213
355,13540.46258100705,0.19655454534606634
356,13578.604729122562,0.20772708808261833
357,13616.746877238074,0.21117176899138854
358,13654.889025353586,0.2010147428127379
359,13693.0311734691,0.19965195696690607
360,13731.173321584612,0.21235081604722797
361,13769.315469700125,0.21362633487865998
362,13807.45761781564,0.20770892601854113
363,13845.599765931152,0.2144479645021901
364,13883.741914046665,0.2153061879117667
365,13921.884062162178,0.21677683165528525
366,13960.02621027769,0.21621074686249092
367,13998.168358393203,0.20579310127716932
368,14036.310506508715,0.21469786584409853
369,14074.452654624229,0.21339536151739394
370,14112.59480273974,0.22085621234039426
371,14150.736950855253,0.21881809719948764
372,14188.879098970769,0.2214498156565168
373,14227.02124708628,0.21445001587434587
374,14265.163395201793,0.22255144166870808
375,14303.305543317305,0.21805522986753012
376,14341.447691432819,0.21759807934101172
377,14379.589839548331,0.21512612166724157
378,14417.731987663843,0.22418620653099275
379,14455.874135779357,0.22436577429858068
380,14494.016283894869,0.22531272355984558
381,14532.158432010381,0.2169347826936539
382,14570.300580125895,0.2259108276465562
383,14608.442728241409,0.23038222751570084
384,14646.584876356921,0.2268611754375719
385,14684.727024472433,0.22208997386177495
386,14722.869172587947,0.2272810093504076
387,14761.01132070346,0.2277585364283619
388,14799.153468818971,0.2353632497462009
389,14837.295616934483,0.2337039089065995
390,14875.437765049997,0.23130346231614787
391,14913.579913165511,0.23196207859484655
392,14951.722061281023,0.23109958951677595
393,14989.864209396537,0.2386850683911002
394,15028.00635751205,0.23172392373669834
395,15066.148505627561,0.23712207665294802
396,15104.290653743074,0.22919947743489982
397,15142.432801858587,0.24009232179922363
398,15180.5749499741,0.23130222954769686
399,15218.717098089612,0.24198456684336422
400,15256.859246205126,0.23492634071611698
401,15295.00139432064,0.23520408016160066
402,15333.143542436152,0.2430835750629124
403,15371.285690551664,0.24452578985025425
404,15409.427838667178,0.2404670989759018
405,15447.56998678269,0.236262685831562
406,15485.712134898202,0.24684685435158657
407,15523.854283013716,0.2428527603429738
408,15561.996431129228,0.24623831739247656
409,15600.13857924474,0.239940872313325
410,15638.280727360254,0.25190863432492444
411,15676.422875475768,0.2516122385774792
412,15714.56502359128,0.2533822378138056
413,15752.707171706792,0.2519355976715593
414,15790.849319822306,0.24660863474876857
415,15828.991467937818,0.24682976068029364
416,15867.13361605333,0.2571848894601763
417,15905.275764168844,0.2546472102033943
418,15943.417912284356,0.24660932444209815
419,15981.560060399868,0.25186433993739926
420,16019.702208515382,0.26051908056672535
421,16057.844356630896,0.2570421900981791
422,16095.986504746408,0.2493721798356348
423,16134.12865286192,0.26205104601006496
424,16172.270800977434,0.2635618083904014
425,16210.412949092946,0.2624732759469335
426,16248.555097208458,0.2574756485259851
427,16286.69724532397,0.2613180542571863
428,16324.839393439484,0.26641959819953737
429,16362.981541554997,0.26686935243469856
430,16401.12368967051,0.26439417113507374
431,16439.265837786024,0.25771829514309835
432,16477.407985901533,0.26822700950269335
433,16515.55013401705,0.2704517344868588
434,16553.69228213256,0.27085323477549117
435,16591.834430248073,0.2600352429579602
436,16629.97657836359,0.26878884100069783
437,16668.1187264791,0.2713017499203107
438,16706.260874594613,0.2740440193528642
439,16744.403022710125,0.2706395761819054
440,16782.54517082564,0.2653658006702717
441,16820.68731894115,0.2749493631471761
442,16858.829467056665,0.26760188751374747
443,16896.971615172177,0.269007990263444
444,16935.11376328769,0.27212917969021777
445,16973.255911403205,0.2770263451272154
446,17011.398059518713,0.271154329608122
447,17049.54020763423,0.2793421135500936
448,17087.68235574974,0.27332312338232784
449,17125.824503865253,0.27771001553792224
450,17163.966651980765,0.27235927368145724
451,17202.10880009628,0.28365822434996457
452,17240.25094821179,0.2846906246962563
453,17278.393096327305,0.27855917988168216
454,17316.53524444282,0.27507966302483855
455,17354.67739255833,0.2831033024894562
456,17392.819540673845,0.2815353156374008
457,17430.961688789357,0.2851841369095948
458,17469.10383690487,0.27774156224365115
459,17507.24598502038,0.2827187057542816
460,17545.388133135893,0.28788038110304665
461,17583.530281251406,0.2805407400440311
462,17621.67242936692,0.2820151684010606
463,17659.81457748243,0.28344215964737784
464,17697.956725597945,0.28667578178862846
465,17736.09887371346,0.28990940392987913
466,17774.24102182897,0.2934665960122037
467,17812.383169944485,0.2946355728165065
468,17850.525318059998,0.2943424731906244
469,17888.66746617551,0.2940493735647423
470,17926.80961429102,0.2877676027314115
471,17964.951762406537,0.2968769038885175
472,18003.093910522046,0.2979230322570333
473,18041.23605863756,0.2973686074305285
474,18079.378206753077,0.29459994231348197
475,18117.520354868586,0.28956601446453467
476,18155.6625029841,0.2892814440853431
477,18193.80465109961,0.3013208120280776
478,18231.946799215126,0.3000850218344579
479,18270.088947330638,0.2921456182581884
480,18308.23109544615,0.29897523312487634
481,18346.373243561662,0.2940594540543406
482,18384.515391677178,0.3050166477696305
483,18422.65753979269,0.299551091495308
484,18460.799687908202,0.2956222492915885
485,18498.941836023718,0.30585242864155976
486,18537.083984139226,0.2985114352064521
487,18575.226132254742,0.3053833127078853
488,18613.368280370254,0.30113038052457014
489,18651.510428485766,0.3023205677990423
490,18689.65257660128,0.3029498239896182
491,18727.79472471679,0.30397351158284464
492,18765.936872832302,0.31011140418346267
493,18804.07902094782,0.30358457815442225
494,18842.22116906333,0.3076270784679342
495,18880.363317178842,0.3047975204923901
496,18918.505465294358,0.3124103167179453
497,18956.647613409867,0.3086491976918033
498,18994.789761525382,0.30444058227010956
499,19032.931909640894,0.31563699619221003
500,19071.074057756407,0.3068431430582175
501,19109.21620587192,0.31637645952688886
502,19147.358353987434,0.31188313529472694
503,19185.500502102946,0.307474682569919
504,19223.64265021846,0.3192020450744423
505,19261.78479833397,0.3104910881384521
506,19299.926946449483,0.3163584669010307
507,19338.069094565,0.3158666381050015
508,19376.211242680507,0.310536594281782
509,19414.353390796023,0.31944095604516004
510,19452.495538911535,0.3163727745611221
511,19490.637687027047,0.31586165948661904
512,19528.779835142563,0.32293420223858976
513,19566.921983258075,0.3157017160087511
514,19605.064131373587,0.3190956526621407
515,19643.2062794891,0.32421152231664585
516,19681.348427604615,0.3187229904807798
517,19719.490575720123,0.32621405306018286
518,19757.63272383564,0.321898204890385
519,19795.77487195115,0.32083056347177946
520,19833.917020066663,0.3279315103599091
521,19872.059168182175,0.32433018630224625
522,19910.201316297687,0.32856345406251664
523,19948.343464413203,0.33017616879040135
524,19986.485612528715,0.3223634877277815
525,20024.627760644227,0.32958021641894386
526,20062.76990875974,0.3226689332006559
527,20100.912056875255,0.328286602908352
528,20139.054204990764,0.3327620236256609
529,20177.19635310628,0.3244441092564676
530,20215.33850122179,0.33135742882989017
531,20253.480649337303,0.32827729734715266
532,20291.62279745282,0.33544407928060616
533,20329.76494556833,0.32597811489465933
534,20367.907093683843,0.32724717204426096
535,20406.049241799356,0.33730518068148707
536,20444.191389914868,0.3333176412810076
537,20482.33353803038,0.33849992532150414
538,20520.475686145895,0.32890911277400176
539,20558.617834261404,0.3302713782014828
540,20596.75998237692,0.3361051993711962
541,20634.902130492435,0.33772127957931825
542,20673.044278607944,0.3395424691882769
543,20711.18642672346,0.3415691258333452
544,20749.32857483897,0.332927562044428
545,20787.470722954484,0.33714671513566785
546,20825.612871069996,0.34336887656164744
547,20863.75501918551,0.33922725307428225
548,20901.89716730102,0.3442703278773029
549,20940.039315416536,0.34269825938475446
550,20978.181463532044,0.33882074062298806
551,21016.32361164756,0.3456695212661397
552,21054.465759763076,0.3380316711240353
553,21092.607907878584,0.3490029623457286
554,21130.7500559941,0.34867391842268103
555,21168.892204109612,0.3400089063667139
556,21207.034352225124,0.3487661491553601
557,21245.176500340636,0.3426500887389297
558,21283.318648456152,0.350688279943758
559,21321.46079657166,0.35296435907636725
560,21359.602944687176,0.3528811565724322
561,21397.745092802692,0.3520807116559335
562,21435.8872409182,0.3531487233909626
563,21474.029389033716,0.34705233333454627
564,21512.17153714923,0.35443130604367024
565,21550.31368526474,0.3511393739222621
566,21588.455833380252,0.3528235251985851
567,21626.597981495765,0.35280494924898337
568,21664.740129611277,0.3470125656710388
569,21702.882277726792,0.35680240573390853
570,21741.024425842304,0.35929740421718115
571,21779.166573957817,0.35083225153090114
572,21817.308722073332,0.3592290664207267
573,21855.45087018884,0.34994243802522407
574,21893.593018304357,0.357799249426509
575,21931.73516641987,0.360980104067596
576,21969.87731453538,0.35288080728467114
577,22008.019462650893,0.361269657125471
578,22046.16161076641,0.35325661529287666
579,22084.303758881917,0.3571578072700955
580,22122.445906997433,0.3642053989537041
581,22160.588055112945,0.3613571829415795
582,22198.730203228457,0.36351209285543984
583,22236.872351343973,0.3586039913118094
584,22275.01449945948,0.3571194551026848
585,22313.156647574997,0.3654597809202897
586,22351.29879569051,0.35947050641752487
587,22389.44094380602,0.3678424047518498
588,22427.583091921533,0.36310624449957885
589,22465.72524003705,0.3659110586209693
590,22503.86738815256,0.3661461349918911
591,22542.009536268073,0.36650806839416655
592,22580.15168438359,0.37408362930566535
593,22618.293832499097,0.37374701242285535
594,22656.435980614613,0.3680918914783876
595,22694.57812873012,0.37308072047021607
596,22732.720276845637,0.37272778465877765
597,22770.86242496115,0.3775936608610927
598,22809.00457307666,0.37713877691631625
599,22847.146721192177,0.37241446262094685
600,22885.28886930769,0.37181252932903475
601,22923.4310174232,0.3694831343754273
602,22961.573165538714,0.38101521808374306
603,22999.71531365423,0.37818674823402526
604,23037.857461769738,0.37557033760245423
605,23075.999609885253,0.37256133516082274
606,23114.141758000766,0.3805589483256301
607,23152.283906116278,0.38410036580959284
608,23190.42605423179,0.383633498193428
609,23228.568202347305,0.37724669879068823
610,23266.710350462818,0.37609904909700514
611,23304.85249857833,0.3875107943804409
612,23342.99464669384,0.3872239004968147
613,23381.136794809354,0.3780876399254592
614,23419.27894292487,0.3839897411319816
615,23457.421091040378,0.3837672896086183
616,23495.563239155894,0.3919878569655891
617,23533.705387271406,0.38438504350565733
618,23571.847535386918,0.3909220324624196
619,23609.989683502434,0.3852286305246599
620,23648.131831617946,0.3935792129652948
621,23686.273979733458,0.3906132191757304
622,23724.41612784897,0.3848872257505205
623,23762.558275964486,0.38804321202789793
624,23800.700424079994,0.39616619884268867
625,23838.84257219551,0.3900253765452234
626,23876.98472031102,0.3881807588969296
627,23915.126868426534,0.3999313159006107
628,23953.26901654205,0.4001744970254874
629,23991.41116465756,0.3916565784453105
630,24029.553312773074,0.4019001414555794
631,24067.695460888586,0.39905508377307425
632,24105.8376090041,0.40382870547388056
633,24143.97975711961,0.39452365715317644
634,24182.121905235126,0.40161654766354077
635,24220.264053350635,0.40745887471012154
636,24258.40620146615,0.4073364306548045
637,24296.548349581666,0.3981356317085292
638,24334.690497697175,0.4070613316393588
639,24372.83264581269,0.41110853238357825
640,24410.9747939282,0.41085914506131876
641,24449.116942043715,0.4016232846882223
642,24487.259090159227,0.403405522104466
643,24525.40123827474,0.41454291902337204
644,24563.54338639025,0.4142920303698494
645,24601.685534505767,0.4049251119207771
646,24639.827682621275,0.4121678286628596
647,24677.96983073679,0.4177134277430208
648,24716.111978852306,0.41799050452850034
649,24754.254126967815,0.4081936291623164
650,24792.39627508333,0.4186827297024337
651,24830.538423198843,0.41709395499563573
652,24868.680571314355,0.41352909191665155
653,24906.822719429867,0.4117231374305344
654,24944.964867545383,0.41997155756433335
655,24983.10701566089,0.4235843698305845
656,25021.249163776407,0.41855852010210987
657,25059.39131189192,0.41503812453341754
658,25097.53346000743,0.4171780182616345
659,25135.675608122947,0.4173550233174353
660,25173.817756238455,0.424766668684452
661,25211.95990435397,0.42924234135855277
662,25250.102052469483,0.43126147216999633
663,25288.244200584995,0.43190898026229596
664,25326.386348700507,0.432543257001443
665,25364.528496816023,0.42417366078270624
666,25402.670644931535,0.42573491422691134
667,25440.812793047047,0.4360007949530408
668,25478.954941162563,0.43459967393110155
669,25517.09708927807,0.4362490943993885
670,25555.239237393587,0.43883441068744666
671,25593.381385509096,0.4306619170697014
672,25631.52353362461,0.43006176388919415
673,25669.665681740124,0.43226297917867634
674,25707.807829855636,0.4392247413896749
675,25745.949977971148,0.4435884973433278
676,25784.092126086663,0.4406682340593445
677,25822.234274202176,0.43396212775949977
678,25860.376422317688,0.4400685107267892
679,25898.518570433203,0.4452057528390439
680,25936.660718548712,0.43822979806925694
681,25974.802866664228,0.44917926159966726
682,26012.94501477974,0.4415602410216843
683,26051.087162895252,0.4470646521303717
684,26089.229311010764,0.45106868350282225
685,26127.37145912628,0.4521287389165717
686,26165.51360724179,0.45572340194427513
687,26203.655755357304,0.44588979491499514
688,26241.797903472816,0.4563379585080035
689,26279.940051588328,0.4528341554962051
690,26318.082199703844,0.4540245788845113
691,26356.224347819352,0.45026130153750504
692,26394.366495934868,0.4527668766967424
693,26432.50864405038,0.4626014761187359
694,26470.650792165892,0.4550838202749391
695,26508.792940281408,0.45372135371058686
696,26546.93508839692,0.4657594392566861
697,26585.077236512432,0.46555145901805706
698,26623.219384627944,0.45671664381628774
699,26661.36153274346,0.46893684942871894
700,26699.50368085897,0.4685331575306875
701,26737.645828974484,0.45961967254141
702,26775.787977089993,0.4713877343232721
703,26813.93012520551,0.47170561743013045
704,26852.07227332102,0.46248351522602066
705,26890.214421436533,0.472244765847393
706,26928.35656955205,0.4754920195152578
707,26966.49871766756,0.4658958184153846
708,27004.640865783073,0.4725336713734882
709,27042.783013898585,0.47927154361016594
710,27080.9251620141,0.4693922096905217
711,27119.06731012961,0.47348764963958656
712,27157.209458245125,0.48087589969714667
713,27195.351606360637,0.4839111196884065
714,27233.49375447615,0.47342374005848026
715,27271.635902591664,0.48429759064413275
716,27309.778050707173,0.480710481106954
717,27347.92019882269,0.47754466088587333
718,27386.0623469382,0.48697589732932745
719,27424.204495053713,0.4880191068081988
720,27462.346643169225,0.4816961866628496
721,27500.48879128474,0.48939479624623866
722,27538.63093940025,0.49233048681913455
723,27576.773087515765,0.4855200142268639
724,27614.91523563128,0.495088054436817
725,27653.05738374679,0.49540407190882796
726,27691.199531862305,0.4888503729284416
727,27729.341679977817,0.4876828090819113
728,27767.48382809333,0.4988511992579708
729,27805.62597620884,0.4920115189706682
730,27843.768124324357,0.4904625871583585
731,27881.910272439865,0.4918268668264777
732,27920.05242055538,0.4959941957579898
733,27958.19456867089,0.4940902861290209
734,27996.336716786405,0.5024274591172072
735,28034.47886490192,0.5074210804748214
736,28072.62101301743,0.5039235649060991
737,28110.763161132945,0.49785024045438964
738,28148.905309248457,0.504961420394441
739,28187.04745736397,0.5112013367514587
740,28225.18960547948,0.5006239984579468
741,28263.331753594997,0.5082927188260907
742,28301.473901710506,0.5151012375441029
743,28339.61604982602,0.5060374438266672
744,28377.758197941537,0.509356938061832
745,28415.900346057046,0.5179473715287605
746,28454.04249417256,0.5152854030925567
747,28492.18464228807,0.5176059051932939
748,28530.326790403586,0.5204463180528007
749,28568.468938519098,0.5214428835384254
750,28606.61108663461,0.5223403558309537
751,28644.753234750122,0.5237463318095528
752,28682.895382865638,0.5248509825155505
753,28721.03753098115,0.5231684593353457
754,28759.179679096662,0.526154096279598
755,28797.321827212178,0.5284599900624684
756,28835.463975327686,0.5187287838186214
757,28873.6061234432,0.5286934785501595
758,28911.748271558714,0.5315616347803086
759,28949.890419674226,0.5320597361550347
760,28988.032567789738,0.5270835613575974
761,29026.17471590525,0.5295279264809056
762,29064.316864020762,0.5352067436962974
763,29102.459012136278,0.5282530765641358
764,29140.60116025179,0.5296888917230549
765,29178.743308367302,0.5387903739179076
766,29216.885456482818,0.5305999500246561
767,29255.027604598326,0.5296997649626227
768,29293.169752713842,0.541253918410304
769,29331.311900829354,0.5326020212676115
770,29369.454048944866,0.5409827937485169
771,29407.59619706038,0.5419538715659685
772,29445.738345175894,0.5374630078605436
773,29483.880493291406,0.5399133782280087
774,29522.02264140692,0.536561855849845
775,29560.164789522434,0.5420180078227109
776,29598.306937637943,0.5406209308786427
777,29636.44908575346,0.546545616782778
778,29674.591233868967,0.5508106515537998
779,29712.733381984483,0.5530237871049524
780,29750.875530099995,0.5430094968350223
781,29789.017678215507,0.5542189036873132
782,29827.159826331022,0.5543596932752896
783,29865.301974446535,0.556960207629057
784,29903.444122562047,0.5495466310882684
785,29941.58627067756,0.5538219174036823
786,29979.728418793075,0.5539819366708532
787,30017.870566908583,0.5597887059060768
788,30056.0127150241,0.5613325017160398
789,30094.15486313961,0.5625376621801661
790,30132.297011255123,0.5550038321424058
791,30170.439159370635,0.5564704454024259
792,30208.581307486147,0.5635384201924379
793,30246.723455601663,0.5613156723746167
794,30284.865603717175,0.5673453662458185
795,30323.007751832687,0.5652076676259558
796,30361.1498999482,0.569294265611729
797,30399.292048063715,0.5688659364954888
798,30437.434196179223,0.5598396664914832
799,30475.57634429474,0.5718207577180181
800,30513.71849241025,0.5724324797232306
801,30551.860640525763,0.5636476850945995
802,30590.00278864128,0.5639525860022925
803,30628.14493675679,0.5763756423447158
804,30666.287084872303,0.5734662683305335
805,30704.429232987815,0.5699091783574792
806,30742.571381103327,0.5732966021750197
807,30780.71352921884,0.5790663695600501
808,30818.855677334355,0.5740977779963763
809,30856.997825449864,0.5705339737512696
810,30895.13997356538,0.5755334306288304
811,30933.282121680895,0.582985557878779
812,30971.424269796404,0.5773545199979678
813,31009.56641791192,0.5801814606808855
814,31047.70856602743,0.5853741226857284
815,31085.850714142944,0.586052052240173
816,31123.992862258456,0.5805246930440114
817,31162.13501037397,0.5828847711876709
818,31200.27715848948,0.5892496042100814
819,31238.419306604996,0.5892425615173623
820,31276.561454720508,0.5844951703005815
821,31314.70360283602,0.5911370447277653
822,31352.845750951536,0.592794595332299
823,31390.987899067044,0.5916650058403247
824,31429.13004718256,0.5858633108274309
825,31467.272195298072,0.5851014217170367
826,31505.414343413584,0.5946117952888628
827,31543.556491529096,0.5939535346224301
828,31581.698639644612,0.5879772006935479
829,31619.84078776012,0.5884035849907625
830,31657.982935875636,0.5967130360544076
831,31696.12508399115,0.5977433587514496
832,31734.26723210666,0.5913413068774834
833,31772.409380222176,0.5915020494076506
834,31810.551528337688,0.6023448471494196
835,31848.6936764532,0.6020478549039121
836,31886.835824568712,0.5946365506567259
837,31924.977972684224,0.5952648993834763
838,31963.120120799736,0.6054628878567749
839,32001.262268915252,0.6060888936568308
840,32039.404417030764,0.5975944699806649
841,32077.546565146276,0.5984000607104165
842,32115.688713261792,0.6087565288422552
843,32153.8308613773,0.6093994858640017
844,32191.973009492816,0.607860590860846
845,32230.11515760833,0.6033170442578167
846,32268.25730572384,0.6016228506004827
847,32306.399453839353,0.6120887918837795
848,32344.54160195487,0.61341148534237
849,32382.683750070377,0.6087487801272018
850,32420.825898185893,0.6052979676385344
851,32458.968046301405,0.6152328013681897
852,32497.110194416917,0.6145455324231095
853,32535.252342532433,0.6156693351527053
854,32573.39449064794,0.6091065947583675
855,32611.536638763457,0.6093097464105004
856,32649.67878687897,0.619043613552912
857,32687.82093499448,0.6197205362476848
858,32725.963083109993,0.6164816424950313
859,32764.10523122551,0.6115531907643185
860,32802.24737934102,0.6212689765866727
861,32840.38952745654,0.6216783475688751
862,32878.53167557205,0.6235140046785294
863,32916.67382368756,0.6176221975639524
864,32954.815971803066,0.6150511724345259
865,32992.958119918585,0.6252367203255835
866,33031.1002680341,0.6255724696002318
867,33069.24241614961,0.6271549144888103
868,33107.38456426512,0.6186068952935594
869,33145.52671238064,0.6182664314608927
870,33183.668860496145,0.6289195146332044
871,33221.81100861166,0.6290096163953576
872,33259.95315672718,0.6304827343924155
873,33298.09530484269,0.6209764264402304
874,33336.2374529582,0.627401154003624
875,33374.379601073706,0.6314770295278647
876,33412.521749189225,0.622505852051282
877,33450.66389730474,0.6237613550697904
878,33488.80604542025,0.6244076431316894
879,33526.94819353577,0.6283621229535301
880,33565.09034165128,0.6351179458134898
881,33603.232489766786,0.6252208163367242
882,33641.3746378823,0.6268010072200348
883,33679.51678599782,0.6280841416262462
884,33717.65893411333,0.631917348214508
885,33755.80108222884,0.6382756966901403
886,33793.943230344354,0.6386815125940215
887,33832.085378459866,0.629678523461109
888,33870.22752657538,0.6314309602625071
889,33908.36967469089,0.6313625576222821
890,33946.51182280641,0.6421661512661188
891,33984.65397092192,0.6418580245850121
892,34022.796119037426,0.6433184728766453
893,34060.93826715294,0.6338309265892297
894,34099.08041526846,0.6339871695091046
895,34137.22256338397,0.638254458281694
896,34175.36471149948,0.6448355339939982
897,34213.506859614994,0.6456430023330738
898,34251.649007730506,0.6463563273169933
899,34289.79115584602,0.6374540722340364
900,34327.93330396153,0.6386569835803347
901,34366.07545207705,0.6431668349653986
902,34404.21760019256,0.6476766863504616
903,34442.359748308074,0.6470264702310855
904,34480.50189642358,0.6401399935311606
905,34518.6440445391,0.6447781483743412
906,34556.78619265461,0.6412468429537067
907,34594.92834077012,0.6455580926266707
908,34633.07048888564,0.6498693422996358
909,34671.21263700115,0.6528331467903667
910,34709.35478511666,0.6455738616033047
911,34747.49693323217,0.6476206507095256
912,34785.63908134769,0.6433566462142375
913,34823.7812294632,0.6472931409159332
914,34861.923377578714,0.651238203227218
915,34900.06552569422,0.6551832655385021
916,34938.20767380974,0.6541512359186951
917,34976.34982192525,0.647080359838555
918,35014.49197004076,0.6579545580860371
919,35052.63411815628,0.6484111718983149
920,35090.77626627179,0.6520529766288168
921,35128.9184143873,0.6556947813593194
922,35167.06056250281,0.6593365860898219
923,35205.20271061833,0.6593222894655628
924,35243.34485873384,0.6497520235817954
925,35281.487006849355,0.6581012025827601
926,35319.62915496486,0.6613561241186884
927,35357.77130308038,0.6588547955358617
928,35395.91345119589,0.6563534669530355
929,35434.0555993114,0.6628846677105101
930,35472.19774742692,0.6637565800339674
931,35510.339895542435,0.6540804864168709
932,35548.48204365794,0.6633705045220402
933,35586.62419177345,0.6608754238579345
934,35624.76633988897,0.6628970119659205
935,35662.90848800448,0.657977594005877
936,35701.050636119995,0.6651997370362677
937,35739.19278423551,0.6667493865316872
938,35777.33493235102,0.6604468739000658
939,35815.47708046653,0.6576780739816507
940,35853.61922858204,0.6686811051435745
941,35891.76137669756,0.6687157686841456
942,35929.903524813075,0.6616514410577968
943,35968.04567292858,0.6675349285265574
944,36006.18782104409,0.6670334919098846
945,36044.32996915961,0.6617499786028129
946,36082.47211727512,0.6679641235846989
947,36120.614265390635,0.6656996655488759
948,36158.756413506155,0.665924993438354
949,36196.89856162166,0.6721410206998858
950,36235.04070973717,0.6725078593640705
951,36273.182857852684,0.6713387708072169
952,36311.3250059682,0.666314029411272
953,36349.467154083715,0.670828763459664
954,36387.60930219922,0.6679023895336595
955,36425.75145031473,0.6748478425617573
956,36463.89359843025,0.6703075204163448
957,36502.035746545764,0.6759552095041649
958,36540.177894661276,0.6756243026511751
959,36578.320042776795,0.667793929663019
960,36616.4621908923,0.6705616735571532
961,36654.60433900781,0.6770503942849038
962,36692.746487123324,0.6687169544141135
963,36730.88863523884,0.6786017178297289
964,36769.030783354356,0.679423053119277
965,36807.17293146986,0.6796239919378457
966,36845.31507958538,0.6710230277092909
967,36883.45722770089,0.6719470680452242
968,36921.599375816404,0.676697705852602
969,36959.741523931916,0.6801441955306806
970,36997.883672047436,0.674124723208932
971,37036.02582016294,0.6823801507025574
972,37074.16796827845,0.6821960722175473
973,37112.310116393965,0.6826005783061074
974,37150.452264509484,0.6752131687949817
975,37188.594412624996,0.6784018743033007
976,37226.73656074051,0.682147224114998
977,37264.87870885602,0.6757718193220711
978,37303.02085697153,0.6800469099501095
979,37341.163005087044,0.6861885970674955
980,37379.30515320256,0.6853668180256423
981,37417.447301318076,0.6823584268713258
982,37455.58944943358,0.680527754186239
983,37493.73159754909,0.6836633982221119
984,37531.873745664605,0.6867990422579847
985,37570.015893780124,0.679215545542173
986,37608.15804189564,0.6851776047077259
987,37646.30019001115,0.688323148809419
988,37684.44233812666,0.6843836841015519
989,37722.58448624217,0.6865760149636638
990,37760.726634357685,0.6905745502956466
991,37798.8687824732,0.6909489296020308
992,37837.010930588716,0.6898831802119203
993,37875.15307870423,0.6842808236518325
994,37913.29522681973,0.6917654713873173
995,37951.43737493525,0.6921572222920536
996,37989.579523050765,0.6857426863795011
997,38027.72167116628,0.6908027948700692
998,38065.86381928179,0.6945573435264679
999,38104.0059673973,0.6944679804320959
1000,38142.14811551281,0.6859005214237974
1001,38180.290263628325,0.6942496105011228
1002,38218.43241174384,0.6925844150062541
1003,38256.57455985936,0.690989048022878
1004,38294.71670797487,0.6911971704817436
1005,38332.85885609037,0.6948689987886555
1006,38371.00100420589,0.6985007514603195
1007,38409.143152321405,0.6939395433093621
1008,38447.28530043692,0.6966611431669432
1009,38485.42744855243,0.6977607177199552
1010,38523.56959666794,0.6982108684180027
1011,38561.71174478345,0.6930103632352931
1012,38599.853892898966,0.6959693204407494
1013,38637.99604101448,0.6989282776462057
1014,38676.13818913,0.7017876010831618
1015,38714.28033724551,0.6940973290357989
1016,38752.422485361014,0.6949310061125783
1017,38790.56463347653,0.7025605835957438
1018,38828.706781592045,0.6960117383852263
1019,38866.84892970756,0.6990875001928244
1020,38904.99107782307,0.7021632620004225
1021,38943.13322593859,0.7043139997129022
1022,38981.275374054094,0.7046553306883364
1023,39019.417522169606,0.6993021373408649
1024,39057.559670285125,0.7034833389303724
1025,39095.70181840064,0.6991426091866679
1026,39133.84396651615,0.7024242178771396
1027,39171.986114631654,0.7057058265676107
1028,39210.128262747174,0.7074836968883166
1029,39248.270410862686,0.703926582282164
1030,39286.4125589782,0.7095063920955397
1031,39324.55470709371,0.7080701413212044
1032,39362.69685520923,0.7027660005445631
1033,39400.839003324734,0.706279139046738
1034,39438.981151440246,0.7097922775489135
1035,39477.123299555766,0.71065230230883
1036,39515.26544767128,0.7028169263768154
1037,39553.40759578679,0.7113827150071663
1038,39591.5497439023,0.7086778265248517
1039,39629.691892017814,0.7068634204824655
1040,39667.834040133326,0.7107594737556682
1041,39705.97618824884,0.7138175622223845
1042,39744.11833636435,0.7058745032750148
1043,39782.26048447987,0.7057284545646259
1044,39820.402632595375,0.7159716840723832
1045,39858.54478071089,0.7074346708172211
1046,39896.686928826406,0.7116731781347648
1047,39934.82907694192,0.7159116854523077
1048,39972.97122505743,0.7093634438750209
1049,40011.11337317294,0.7122307385450064
1050,40049.255521288454,0.7093989986655609
1051,40087.39766940397,0.7158850887458463
1052,40125.53981751948,0.7201275475761515
1053,40163.681965635,0.7204912117625056
1054,40201.82411375051,0.7119937280540239
1055,40239.966261866015,0.7171877685521628
1056,40278.10840998153,0.7124546129791222
1057,40316.25055809705,0.7223016346988316
1058,40354.39270621256,0.7146336750176198
1059,40392.53485432807,0.7193081985352326
1060,40430.67700244358,0.7180958479935553
1061,40468.819150559095,0.7216773730698742
1062,40506.96129867461,0.7158499405960653
1063,40545.10344679012,0.7247076577997449
1064,40583.24559490564,0.7197875232189078
1065,40621.38774302115,0.7255595826154749
1066,40659.52989113666,0.721693166779524
1067,40697.67203925217,0.7276021323516805
1068,40735.81418736769,0.7186577214035281
1069,40773.9563354832,0.7274905134399121
1070,40812.09848359871,0.7244519407885087
1071,40850.24063171422,0.7205358519393444
1072,40888.382779829735,0.7308312694717587
1073,40926.52492794525,0.7311480870631485
1074,40964.66707606076,0.7230298630998528
1075,41002.80922417628,0.7313613944390658
1076,41040.95137229179,0.7265172037274731
1077,41079.0935204073,0.7236717731032297
1078,41117.23566852281,0.7343331319130344
1079,41155.37781663833,0.7250838251487299
1080,41193.51996475384,0.7357340525344837
1081,41231.66211286935,0.7341444348133256
1082,41269.80426098487,0.7268117714399065
1083,41307.94640910038,0.7270157985595757
1084,41346.08855721589,0.7330620098134344
1085,41384.2307053314,0.7344259684759452
1086,41422.37285344692,0.737823026328352
1087,41460.51500156243,0.7298102610073545
1088,41498.65714967794,0.7300369081701856
1089,41536.79929779345,0.7329043335556161
1090,41574.94144590897,0.7343252571012159
1091,41613.08359402448,0.7323912660493533
1092,41651.22574213999,0.7414652136881972
1093,41689.36789025551,0.7403397165709839
1094,41727.51003837102,0.7357157563397514
1095,41765.65218648653,0.7372145531034687
1096,41803.79433460204,0.7372144181330065
1097,41841.93648271756,0.743672713308783
1098,41880.07863083307,0.7459428711010802
1099,41918.220778948584,0.7435960483071724
1100,41956.36292706409,0.7368301720672179
1101,41994.50507517961,0.743396387401892
1102,42032.64722329512,0.738696182887746
1103,42070.78937141063,0.748414918397746
1104,42108.93151952615,0.7500711094015787
1105,42147.07366764166,0.7453288269376837
1106,42185.21581575717,0.7497762279329888
1107,42223.35796387268,0.7419389409371653
1108,42261.5001119882,0.751905070170665
1109,42299.64226010371,0.7529639091149812
1110,42337.784408219224,0.7540227480592974
1111,42375.92655633474,0.7493482744486024
1112,42414.06870445025,0.74868008656889
1113,42452.21085256576,0.7542813078214701
1114,42490.35300068127,0.7528013093539427
1115,42528.49514879679,0.7490678312309197
1116,42566.637296912304,0.7544605991219496
1117,42604.77944502781,0.7556492163974456
1118,42642.92159314332,0.7573444310427188
1119,42681.06374125884,0.7574232858329863
1120,42719.20588937435,0.7532838777096851
1121,42757.348037489865,0.7505648541087188
1122,42795.490185605384,0.7588603075630853
1123,42833.63233372089,0.7605155275818097
1124,42871.7744818364,0.76187459838671
1125,42909.91662995191,0.7562209326722608
1126,42948.05877806743,0.7553539633292435
1127,42986.200926182944,0.7638289991399448
1128,43024.34307429846,0.7642287731541556
1129,43062.48522241396,0.7651776858854882
1130,43100.62737052948,0.7572743295435437
1131,43138.76951864499,0.7600690140798483
1132,43176.911666760505,0.7672785258514401
1133,43215.053814876024,0.7677226015566279
1134,43253.19596299153,0.7685244886318373
1135,43291.33811110704,0.7596931288971072
1136,43329.48025922255,0.7682946317738154
1137,43367.62240733807,0.7705648115918358
1138,43405.764555453585,0.7710413978133838
1139,43443.9067035691,0.7632758558648953
1140,43482.04885168461,0.7672869329886814
1141,43520.19099980012,0.7643152596223137
1142,43558.33314791563,0.7721902945950271
1143,43596.475296031145,0.7715486565200084
1144,43634.617444146665,0.7674990405890205
1145,43672.75959226217,0.7738815746542984
1146,43710.90174037768,0.7674129568246197
1147,43749.043888493194,0.775984045629709
1148,43787.18603660871,0.7719341846966625
1149,43825.328184724225,0.7782502707381629
1150,43863.47033283974,0.7742462458695282
1151,43901.61248095525,0.7708672260672775
1152,43939.75462907076,0.775918101773472
1153,43977.89677718627,0.7741203190455124
1154,44016.038925301786,0.7797407409817667
1155,44054.181073417305,0.7760333506865768
1156,44092.32322153282,0.7736113408428642
1157,44130.46536964832,0.777048573908168
1158,44168.607517763834,0.7847486685950872
1159,44206.74966587935,0.7813929667477175
1160,44244.891813994866,0.7788632852330222
1161,44283.03396211038,0.7828742400681954
1162,44321.17611022589,0.7832628398177263
1163,44359.3182583414,0.7862225315350088
1164,44397.460406456914,0.782911208446658
1165,44435.602554572426,0.7803489652003599
1166,44473.744702687945,0.7809688668584736
1167,44511.88685080346,0.7913674465661147
1168,44550.02899891896,0.7883983710828388
1169,44588.17114703448,0.7837015431356832
1170,44626.313295149994,0.7844817789776101
1171,44664.455443265506,0.7932975453831999
1172,44702.59759138102,0.7961398085518628
1173,44740.73973949654,0.7874030275296303
1174,44778.88188761204,0.7874429135270358
1175,44817.024035727554,0.7887455021138026
1176,44855.16618384307,0.7980616133316284
1177,44893.308331958586,0.8000785025980631
1178,44931.4504800741,0.7941780306901146
1179,44969.5926281896,0.7992306366366777
1180,45007.73477630512,0.7907216236568523
1181,45045.876924420634,0.7922002070031451
1182,45084.019072536146,0.8040781802525553
1183,45122.16122065166,0.8025738240019654
1184,45160.30336876718,0.8014643482376426
1185,45198.44551688268,0.7949340251860579
1186,45236.587664998195,0.8008501873917314
1187,45274.72981311371,0.8033784634937509
1188,45312.871961229226,0.8055432187543206
1189,45351.01410934474,0.7972434918343096
1190,45389.15625746024,0.7994327011516731
1191,45427.29840557576,0.8058530771079692
1192,45465.440553691275,0.8067911280252846
1193,45503.58270180679,0.8050233728426839
1194,45541.7248499223,0.8026237564158732
1195,45579.86699803782,0.8067126460778383
1196,45618.00914615332,0.8132276745122832
1197,45656.151294268835,0.815114743002123
1198,45694.293442384354,0.8047333093065254
1199,45732.43559049987,0.8097602247815717
1200,45770.57773861538,0.8141389942118954
1201,45808.71988673089,0.8128218783659497
1202,45846.8620348464,0.8171757564555301
1203,45885.004182961915,0.8101057520326064
1204,45923.14633107743,0.8143095169627474
1205,45961.28847919294,0.8162518903624548
1206,45999.43062730846,0.8119786870201338
1207,46037.57277542396,0.8179423743635761
1208,46075.714923539475,0.8166796336660631
1209,46113.857071654995,0.8222187137919871
1210,46151.99921977051,0.8151176084642562
1211,46190.14136788602,0.8221854334193772
1212,46228.28351600153,0.8160347842491994
1213,46266.42566411704,0.8257855537485211
1214,46304.567812232555,0.8216161124598103
1215,46342.70996034807,0.8190804815408501
1216,46380.85210846358,0.8269273670809446
1217,46418.9942565791,0.8255283711277518
1218,46457.13640469461,0.8271974377264115
1219,46495.278552810116,0.8222262254810205
1220,46533.420700925635,0.8315101380676855
1221,46571.56284904115,0.8247584169124347
1222,46609.70499715666,0.825522496053445
1223,46647.84714527217,0.828222173639773
1224,46685.98929338768,0.8342335475305518
1225,46724.131441503196,0.828015681962932
1226,46762.27358961871,0.828037978319285
1227,46800.41573773423,0.8336620725387972
1228,46838.55788584974,0.8336366558825377
1229,46876.70003396525,0.8329507515873391
1230,46914.842182080756,0.8301699474977634
1231,46952.984330196276,0.8312720439001761
1232,46991.12647831179,0.8364019991387676
1233,47029.2686264273,0.8359947321800124
1234,47067.41077454281,0.8428118965928526
1235,47105.552922658324,0.8344233357017764
1236,47143.695070773836,0.843452163476564
1237,47181.83721888935,0.8360635155329976
1238,47219.97936700487,0.8455100000000002
1239,47258.12151512038,0.8423466225950506
1240,47296.26366323589,0.8423386619161025
1241,47334.4058113514,0.8444740496174314
1242,47372.547959466916,0.848317799661689
1243,47410.69010758243,0.8405393032411584
1244,47448.83225569794,0.8476512849402299
1245,47486.97440381345,0.85193227637569
1246,47525.11655192897,0.849362648877299
1247,47563.25870004448,0.8442008773672256
1248,47601.40084815999,0.8525940734865715
1249,47639.54299627551,0.8553594352517707
1250,47677.68514439102,0.85098363841961
1251,47715.82729250653,0.8468724976963498
1252,47753.96944062204,0.8493728778178472
1253,47792.111588737556,0.8549317093924067
1254,47830.25373685307,0.858276259182392
1255,47868.39588496858,0.850006160589299
1256,47906.5380330841,0.8526621090807291
1257,47944.68018119961,0.8504585895690084
1258,47982.82232931512,0.861536810930996
1259,48020.96447743063,0.8535166047259605
1260,48059.10662554615,0.85548781760186
1261,48097.24877366166,0.858343229928635
1262,48135.39092177717,0.8549832287947509
1263,48173.533069892685,0.858925219322612
1264,48211.6752180082,0.8568190939946203
1265,48249.81736612371,0.8568556444078422
1266,48287.95951423922,0.8605806018447584
1267,48326.10166235474,0.8590973701612982
1268,48364.24381047025,0.8598993578510503
1269,48402.38595858576,0.8601360589991919
1270,48440.52810670127,0.8704256011557242
1271,48478.67025481679,0.862152302420091
1272,48516.8124029323,0.8712276910914012
1273,48554.95455104781,0.8675396430054318
1274,48593.09669916333,0.8638515949194618
1275,48631.23884727884,0.869291796787517
1276,48669.38099539435,0.8733910310233047
1277,48707.52314350986,0.8730535777643814
1278,48745.66529162538,0.8697202243352621
1279,48783.80743974089,0.8724482877065057
1280,48821.9495878564,0.8700776623714664
1281,48860.09173597191,0.8786270647379139
1282,48898.23388408743,0.8737097497285674
1283,48936.37603220294,0.870147915813109
1284,48974.51818031845,0.8716296385343428
1285,49012.66032843397,0.8820657072184728
1286,49050.80247654948,0.8818768452189815
1287,49088.94462466499,0.8738311472407432
1288,49127.0867727805,0.8732589310937056
1289,49165.22892089602,0.8847892712403953
1290,49203.37106901153,0.8826555596146399
1291,49241.513217127045,0.8862340151908074
1292,49279.65536524255,0.8812116764664358
1293,49317.79751335807,0.8838058965624025
1294,49355.93966147358,0.8885547431360463
1295,49394.08180958909,0.8823801008812059
1296,49432.22395770461,0.8877746502864476
1297,49470.36610582012,0.8812325397979314
1298,49508.50825393563,0.8832102812898616
1299,49546.65040205114,0.884550531510266
1300,49584.79255016666,0.8937176998056207
1301,49622.93469828217,0.8875291011374382
1302,49661.076846397686,0.8843619898700176
1303,49699.2189945132,0.884952850270169
1304,49737.36114262871,0.8962627507237706
1305,49775.50329074422,0.8973157085669575
1306,49813.645438859734,0.8951565489034806
1307,49851.78758697525,0.888524275060817
1308,49889.929735090765,0.8912917939050442
1309,49928.07188320627,0.8999986150564828
1310,49966.21403132178,0.8935166153998072
1311,50004.3561794373,0.8941149675724206
1312,50042.498327552814,0.8938001408700502
1313,50080.640475668326,0.895713352207135
1314,50118.78262378384,0.9034526938411797
1315,50156.92477189935,0.9012164101974366
1316,50195.06692001486,0.9024878269502028
1317,50233.209068130374,0.900303279866881
1318,50271.351216245894,0.9001876577127607
1319,50309.493364361406,0.9062582179668228
1320,50347.63551247691,0.9033639794789939
1321,50385.77766059242,0.905648412789457
1322,50423.91980870794,0.9091855852164669
1323,50462.061956823454,0.905402352122354
1324,50500.204104938966,0.9063877412793688
1325,50538.346253054486,0.9049681586827047
1326,50576.48840116999,0.9088814093506298
1327,50614.6305492855,0.9124133741180495
1328,50652.772697401015,0.9123881997234078
1329,50690.914845516534,0.9025324682556769
1330,50729.056993632046,0.9049470288189727
1331,50767.19914174755,0.9123254023532468
1332,50805.34128986307,0.9158065600811024
1333,50843.48343797858,0.9154973310429414
1334,50881.625586094095,0.9072675663805563
1335,50919.76773420961,0.9160970736978181
1336,50957.909882325126,0.9183333899282458
1337,50996.05203044063,0.9186831749452229
1338,51034.19417855614,0.9196742709800497
1339,51072.336326671655,0.9132767708683069
1340,51110.478474787174,0.91290336491121
1341,51148.62062290269,0.9214797510394535
1342,51186.76277101819,0.92178378949056
1343,51224.90491913371,0.9225002587635375
1344,51263.04706724922,0.9163870780194668
1345,51301.189215364735,0.9128728273553192
1346,51339.33136348025,0.9244763720942502
1347,51377.47351159577,0.9249517066490571
1348,51415.61565971127,0.9256716776376639
1349,51453.75780782678,0.9174060180461815
1350,51491.899955942295,0.917074916413278
1351,51530.042104057815,0.9170382407359611
1352,51568.18425217333,0.9285750884016697
1353,51606.32640028884,0.9256002185089504
1354,51644.46854840435,0.9261854563491607
1355,51682.61069651986,0.9228156952731285
1356,51720.752844635375,0.927300803843737
1357,51758.89499275089,0.9281802653623348
1358,51797.03714086641,0.9296598920922086
1359,51835.17928898191,0.9232801004216095
1360,51873.321437097424,0.9335467725274801
1361,51911.46358521294,0.9340617014332562
1362,51949.605733328455,0.9345766303390322
1363,51987.74788144397,0.9349380796585197
1364,52025.89002955948,0.9339421636766719
1365,52064.03217767499,0.9267009281180192
1366,52102.174325790504,0.9375457519643161
1367,52140.316473906016,0.9378486649923868
1368,52178.45862202153,0.9380553093907795
1369,52216.60077013705,0.9300683221332892
1370,52254.74291825256,0.938928868934671
1371,52292.885066368064,0.9349754538652767
1372,52331.02721448358,0.9410738917666189
1373,52369.169362599096,0.9413727033590188
1374,52407.31151071461,0.9383862291935906
1375,52445.45365883012,0.9325377160311856
1376,52483.59580694563,0.9331512571878127
1377,52521.737955061144,0.9398857777859178
1378,52559.880103176656,0.9412207202005054
1379,52598.02225129217,0.9446370991022733
1380,52636.16439940769,0.9372603637386769
1381,52674.3065475232,0.9361651220287317
1382,52712.448695638705,0.9366050284546731
1383,52750.590843754224,0.9477895084154305
1384,52788.732991869736,0.9479576597451133
1385,52826.87513998525,0.9458542940103895
1386,52865.01728810076,0.939200867849911
1387,52903.15943621627,0.9397546106126244
1388,52941.301584331784,0.9400309697777991
1389,52979.4437324473,0.9511109354970493
1390,53017.585880562816,0.9509280792906791
1391,53055.72802867833,0.9454475318194681
1392,53093.87017679384,0.942661878299209
1393,53132.012324909345,0.9434635884622112
1394,53170.154473024864,0.9447184736522108
1395,53208.29662114038,0.9491719169971343
1396,53246.43876925589,0.9541300674168731
1397,53284.5809173714,0.9459942058905643
1398,53322.72306548692,0.9463248333894114
1399,53360.865213602425,0.9472983766867059
1400,53399.00736171794,0.9474142703177845
1401,53437.149509833456,0.9526462905388526
1402,53475.29165794897,0.9573408327837919
1403,53513.43380606448,0.9486260022925662
1404,53551.575954179985,0.9502071957915403
1405,53589.718102295505,0.9506842138867402
1406,53627.86025041102,0.9505951511228229
1407,53666.00239852653,0.9609568931686299
1408,53704.14454664204,0.9620563713463594
1409,53742.28669475756,0.952010882059962
1410,53780.428842873065,0.9539317393161008
1411,53818.57099098858,0.9567109371549856
1412,53856.7131391041,0.9612930267986445
1413,53894.85528721961,0.954559475889031
1414,53932.99743533512,0.9657701636741408
1415,53971.13958345063,0.9560422213761441
1416,54009.281731566145,0.9575384005187376
1417,54047.42387968166,0.961819423542976
1418,54085.56602779717,0.9661004465672144
1419,54123.70817591269,0.9588464495408175
1420,54161.8503240282,0.9694239191961039
1421,54199.992472143706,0.9593065375359783
1422,54238.13462025922,0.9632106035115655
1423,54276.27676837474,0.9674299413565904
1424,54314.41891649025,0.9711998564641957
1425,54352.56106460576,0.9619614890843762
1426,54390.70321272127,0.9703576825028943
1427,54428.845360836785,0.9636163246525845
1428,54466.9875089523,0.968568063336108
1429,54505.12965706781,0.9735198020196316
1430,54543.27180518333,0.9749323886561957
1431,54581.41395329884,0.9658323925107322
1432,54619.556101414346,0.9697089576745064
1433,54657.69824952986,0.9688776086546594
1434,54695.84039764538,0.9749799498818201
1435,54733.98254576089,0.9780987554261275
1436,54772.1246938764,0.9729570490160044
1437,54810.266841991914,0.9767428560437423
1438,54848.408990107426,0.9709382939691283
1439,54886.55113822294,0.9804482153170341
1440,54924.69328633845,0.9810230043552048
1441,54962.83543445397,0.9807813035932557
1442,55000.97758256948,0.9743692129533418
1443,55039.11973068499,0.9797280859253059
1444,55077.2618788005,0.9838880754133775
1445,55115.40402691602,0.9843356718315858
1446,55153.54617503153,0.9854934857436243
1447,55191.68832314704,0.9754431197481005
1448,55229.83047126256,0.9856944275671575
1449,55267.972619378066,0.9792263237018651
1450,55306.11476749358,0.9877124964492774
1451,55344.25691560909,0.9886775004142405
1452,55382.39906372461,0.984219645051489
1453,55420.54121184012,0.9875942624035883
1454,55458.683359955634,0.9797339590524249
1455,55496.82550807114,0.9908496136816681
1456,55534.96765618666,0.9918147938192731
1457,55573.10980430217,0.9881226331202215
1458,55611.25195241768,0.9896294519843651
1459,55649.3941005332,0.9833059464786201
1460,55687.536248648714,0.9947836931957461
1461,55725.67839676422,0.9954748284599524
1462,55763.82054487973,0.9850720243214478
1463,55801.96269299525,0.9915110524720967
1464,55840.10484111076,0.9899642403076262
1465,55878.246989226274,0.9983126360191465
1466,55916.38913734178,0.9928935369920336
1467,55954.5312854573,0.9897633888629628
1468,55992.67343357281,0.9934060512363597
1469,56030.81558168832,1.0002506500155446
1470,56068.95772980384,1.001772584136258
1471,56107.099877919354,1.0023121010597598
1472,56145.24202603486,1.000854263923303
1473,56183.38417415037,0.9970637512418581
1474,56221.52632226589,0.9940363344308955
1475,56259.6684703814,0.9980664314590937
1476,56297.810618496915,1.0018333032389197
1477,56335.95276661243,1.0064380225936942
1478,56374.09491472794,0.9968445018786061
1479,56412.23706284345,0.9980990076866498
1480,56450.37921095896,1.0071440837165704
1481,56488.52135907448,1.0038827793821758
1482,56526.663507189995,1.0059532603825732
1483,56564.8056553055,1.000960513774102
1484,56602.94780342101,1.0067329834460446
1485,56641.08995153653,1.0133068497899602
1486,56679.23209965204,1.0140739051633196
1487,56717.374247767555,1.0040888855566212
1488,56755.516395883074,1.0047453826192625
1489,56793.65854399858,1.0051953639940867
1490,56831.80069211409,1.0171588191413625
1491,56869.9428402296,1.0071486956313367
1492,56908.08498834512,1.0114943951868913
1493,56946.227136460635,1.0160556725732977
1494,56984.36928457614,1.0205467291605492
1495,57022.51143269165,1.010339053863221
1496,57060.65358080717,1.0213766363305923
1497,57098.79572892268,1.0215424192963762
1498,57136.937877038195,1.0234163187749854
1499,57175.080025153715,1.013618039207858
1500,57213.22217326922,1.0250728726606493
1501,57251.36432138473,1.0248711832348145
1502,57289.506469500244,1.0263014217648982
1503,57327.64861761576,1.0174325179099066
1504,57365.790765731275,1.0284564886776413
1505,57403.93291384679,1.0226822377520586
1506,57442.0750619623,1.0264030021085453
1507,57480.21721007781,1.0234042935461691
1508,57518.359358193324,1.031750360438843
1509,57556.501506308836,1.0213256116821663
1510,57594.643654424355,1.0226643248508565
1511,57632.78580253986,1.0344310098128906
1512,57670.92795065537,1.0349754590107623
1513,57709.070098770884,1.024882643446721
1514,57747.2122468864,1.0310330089987592
1515,57785.354395001916,1.037012521796311
1516,57823.49654311743,1.0380003183224964
1517,57861.63869123294,1.0293037370595834
1518,57899.78083934845,1.029739872355027
1519,57937.922987463964,1.039979463439797
1520,57976.065135579476,1.0313757615120462
1521,58014.207283694996,1.040452925976312
1522,58052.3494318105,1.0359228153565454
1523,58090.49157992601,1.0434455289750586
1524,58128.633728041525,1.035163296548681
1525,58166.775876157044,1.045768889772467
1526,58204.918024272556,1.0371068606399914
1527,58243.06017238807,1.0485417293291237
1528,58281.20232050358,1.043256679801236
1529,58319.34446861909,1.0399089250193718
1530,58357.486616734604,1.0408312302308995
1531,58395.62876485012,1.0419214829581296
1532,58433.770912965636,1.0450247158868404
1533,58471.91306108115,1.0479416951953242
1534,58510.05520919665,1.0483489684445109
1535,58548.19735731217,1.0563285066134023
1536,58586.339505427684,1.0559547493232648
1537,58624.4816535432,1.0473656087410699
1538,58662.62380165871,1.052215046772873
1539,58700.76594977422,1.0549897388186884
1540,58738.90809788973,1.0501017138603943
1541,58777.050246005245,1.057335428323972
1542,58815.19239412076,1.057933266990678
1543,58853.334542236276,1.0635569392138127
1544,58891.47669035179,1.0553106769698646
1545,58929.61883846729,1.060523101300616
1546,58967.76098658281,1.0617101790133419
1547,59005.903134698325,1.0567030604691086
1548,59044.04528281384,1.0666711708480872
1549,59082.18743092935,1.0678887115103661
1550,59120.32957904487,1.067209782205554
1551,59158.47172716037,1.0659226055278006
1552,59196.613875275885,1.063026600368041
1553,59234.7560233914,1.0645814678216095
1554,59272.89817150692,1.0739300895041521
1555,59311.04031962243,1.064944608846925
1556,59349.18246773793,1.0711756450070096
1557,59387.32461585345,1.0684283242448545
1558,59425.466763968965,1.0717806532109388
1559,59463.60891208448,1.076732591983802
1560,59501.75106019999,1.0690106149953322
1561,59539.89320831551,1.0717038844818296
1562,59578.03535643101,1.0737108394309556
1563,59616.177504546526,1.071893522274318
1564,59654.319652662045,1.0767834949362243
1565,59692.46180077756,1.084708318021043
1566,59730.60394889307,1.0761858290915796
1567,59768.746097008574,1.075896209320545
1568,59806.88824512409,1.0857243742045557
1569,59845.030393239605,1.0857042479502061
1570,59883.17254135512,1.08905579134518
1571,59921.31468947063,1.0907148294256204
1572,59959.45683758615,1.0845040605026124
1573,59997.598985701654,1.0818781355643212
1574,60035.741133817166,1.0930586629361456
1575,60073.883281932685,1.0852253016078959
1576,60112.0254300482,1.0857373949364462
1577,60150.16757816371,1.0888006773072563
1578,60188.30972627922,1.0925754930264704
1579,60226.451874394734,1.0961678037377736
1580,60264.594022510246,1.0991727768198731
1581,60302.73617062576,1.1016053616778565
1582,60340.87831874127,1.101364657654164
1583,60379.02046685679,1.0917723557676438
1584,60417.162614972294,1.1039349903551232
1585,60455.304763087806,1.1044710716934534
1586,60493.446911203326,1.1043651338627956
1587,60531.58905931884,1.097422370488189
1588,60569.73120743435,1.1080371414652195
1589,60607.87335554986,1.0971535616908838
1590,60646.015503665374,1.105642728790943
1591,60684.157651780886,1.1111685435584
1592,60722.2997998964,1.1110107592232357
1593,60760.44194801192,1.1016225119525096
1594,60798.58409612743,1.109613061939512
1595,60836.72624424294,1.1134374340113642
1596,60874.86839235845,1.110043422267496
1597,60913.010540473966,1.1094801062858646
1598,60951.15268858948,1.11749
1599,60989.29483670499,1.1191108528014633
1600,61027.4369848205,1.1086850518580134
1601,61065.579132936015,1.1210921316514035
1602,61103.72128105153,1.1123565842832264
1603,61141.86342916704,1.1126913822258655
1604,61180.00557728256,1.1229369084407923
1605,61218.14772539807,1.1230776979641128
1606,61256.28987351358,1.1243561858826918
1607,61294.43202162909,1.1206411677241896
1608,61332.57416974461,1.1280579045254382
1609,61370.71631786012,1.1168368782199058
1610,61408.85846597563,1.1189990192688923
1611,61447.00061409114,1.131152148163788
1612,61485.142762206655,1.127648582005036
1613,61523.28491032217,1.1305474160248092
1614,61561.42705843768,1.1302499333681533
1615,61599.5692065532,1.1355116202494846
1616,61637.71135466871,1.1237100366377166
1617,61675.85350278422,1.1287616383553667
1618,61713.99565089973,1.1373374538120855
1619,61752.13779901525,1.1303480491311697
1620,61790.27994713076,1.1287216023224789
1621,61828.42209524627,1.140561818217909
1622,61866.56424336179,1.1412073895405412
1623,61904.7063914773,1.1325444660306578
1624,61942.84853959281,1.1436536617149444
1625,61980.99068770832,1.144485796590407
1626,62019.13283582384,1.1456971131175149
1627,62057.27498393935,1.140302948353685
1628,62095.41713205486,1.1425443334985792
1629,62133.55928017037,1.1401743392087313
1630,62171.70142828589,1.1384090590751577
1631,62209.8435764014,1.1503993919552913
1632,62247.98572451691,1.141746410659762
1633,62286.12787263243,1.148051795841289
1634,62324.27002074794,1.1474011485212148
1635,62362.41216886345,1.147923243674224
1636,62400.55431697896,1.1544341538211156
1637,62438.69646509448,1.150502831739069
1638,62476.83861320999,1.153770093418923
1639,62514.9807613255,1.1483915640926063
1640,62553.122909441016,1.1555120230195397
1641,62591.26505755653,1.16078097132629
1642,62629.40720567204,1.149610991437811
1643,62667.54935378755,1.1578546300512202
1644,62705.69150190307,1.1565442142958609
1645,62743.83365001858,1.1631044938018114
1646,62781.97579813409,1.1563037666616354
1647,62820.1179462496,1.155468775945754
1648,62858.26009436512,1.1551855331603986
1649,62896.40224248063,1.1671154729203137
1650,62934.544390596144,1.166626097863665
1651,62972.68653871166,1.1678656738410342
1652,63010.82868682717,1.1656327328824716
1653,63048.97083494268,1.1697039785853958
1654,63087.11298305819,1.165886270520552
1655,63125.25513117371,1.1696984979529401
1656,63163.397279289224,1.1624615841426482
1657,63201.53942740473,1.1739768173304177
1658,63239.68157552024,1.1665395869182016
1659,63277.82372363576,1.1710159201380768
1660,63315.96587175127,1.16638217040083
1661,63354.108019866784,1.1766861938672466
1662,63392.2501679823,1.1678583825602906
1663,63430.39231609781,1.1723228591368573
1664,63468.53446421332,1.1724968758011456
1665,63506.67661232883,1.1803490643879184
1666,63544.81876044435,1.1767431736181335
1667,63582.960908559864,1.1709116955860093
1668,63621.103056675376,1.1773322817130059
1669,63659.24520479088,1.1835216941132636
1670,63697.3873529064,1.183104911425924
1671,63735.52950102191,1.1750106151194928
1672,63773.671649137425,1.1807435488642728
1673,63811.813797252944,1.1848195102827466
1674,63849.95594536845,1.1883194741393093
1675,63888.09809348396,1.1779500890833416
1676,63926.24024159947,1.1902339642254092
1677,63964.38238971499,1.1900788321056235
1678,64002.524537830504,1.1813077948176771
1679,64040.66668594602,1.181091043332855
1680,64078.80883406153,1.1939255881074509
1681,64116.95098217704,1.1936486076820594
1682,64155.09313029255,1.1862443140934995
1683,64193.235278408065,1.184327477362464
1684,64231.377426523584,1.1868911162178832
1685,64269.5195746391,1.1973765708265662
1686,64307.6617227546,1.1949329647420903
1687,64345.80387087011,1.1874580366430711
1688,64383.94601898563,1.1901009047291722
1689,64422.088167101145,1.1947249199715764
1690,64460.23031521666,1.2006470553657331
1691,64498.37246333217,1.1908665181271034
1692,64536.51461144768,1.2021305655570544
1693,64574.65675956319,1.1923379377949086
1694,64612.798907678705,1.2002349995915649
1695,64650.941055794225,1.204405916194576
1696,64689.08320390974,1.1932105216989446
1697,64727.22535202524,1.2038776703481768
1698,64765.367500140754,1.1979316187426112
1699,64803.50964825627,1.2046545921512737
1700,64841.651796371785,1.1964912618625994
1701,64879.7939444873,1.2019371314702008
1702,64917.93609260281,1.2046164137593975
1703,64956.07824071832,1.1982093984440496
1704,64994.22038883383,1.1989770418583536
1705,65032.362536949346,1.2059188820354068
1706,65070.504685064865,1.2063064546130042
1707,65108.64683318038,1.2047338833912917
1708,65146.78898129588,1.2099331846233625
1709,65184.9311294114,1.2031384809916825
1710,65223.07327752691,1.2148703086940642
1711,65261.215425642426,1.208682913801049
1712,65299.35757375794,1.2088737031956842
1713,65337.49972187346,1.2171993401869472
1714,65375.64186998896,1.2067203282580417
1715,65413.784018104474,1.212226471153774
1716,65451.926166219986,1.2163054884796651
1717,65490.068314335505,1.2196922636540075
1718,65528.21046245102,1.2204201989809418
1719,65566.35261056654,1.2091455984114041
1720,65604.49475868203,1.2177842832745327
1721,65642.63690679756,1.2136590980882278
1722,65680.77905491307,1.215897107751623
1723,65718.92120302857,1.223397181466717
1724,65757.0633511441,1.2196172676997759
1725,65795.2054992596,1.2240448549294527
1726,65833.34764737512,1.2249128617077765
1727,65871.48979549063,1.215146488735661
1728,65909.63194360613,1.222468947107676
1729,65947.77409172166,1.226944707117944
1730,65985.91623983717,1.22762165505672
1731,66024.05838795268,1.2191574547941249
1732,66062.2005360682,1.2226509093570044
1733,66100.3426841837,1.2262144680414298
1734,66138.48483229922,1.2288818482036878
1735,66176.62698041473,1.2302794126749743
1736,66214.76912853024,1.230774077236542
1737,66252.91127664575,1.219569291761812
1738,66291.05342476128,1.220273594386259
1739,66329.19557287678,1.232800401822151
1740,66367.33772099229,1.2330188782002092
1741,66405.47986910782,1.233597477827631
1742,66443.62201722332,1.2341760774550525
1743,66481.76416533884,1.22220256230916
1744,66519.90631345435,1.224912260347276
1745,66558.04846156985,1.2360053808855362
1746,66596.19060968538,1.236354766265284
1747,66634.33275780089,1.2369828414797945
1748,66672.4749059164,1.2376109166943052
1749,66710.61705403191,1.2279858358991478
1750,66748.75920214741,1.2310963951893221
1751,66786.90135026294,1.2392523904180557
1752,66825.04349837845,1.2374606905644505
1753,66863.18564649396,1.2340013554012808
1754,66901.32779460947,1.2321051209631968
1755,66939.469942725,1.232487758209435
1756,66977.6120908405,1.2311835993433693
1757,67015.75423895601,1.2431349595463783
1758,67053.89638707154,1.2410489403653595
1759,67092.03853518704,1.2368781419775825
1760,67130.18068330256,1.2362634531314525
1761,67168.32283141806,1.2346121433284765
1762,67206.46497953357,1.2439307600699738
1763,67244.6071276491,1.2385932760334577
1764,67282.7492757646,1.2461257848351763
1765,67320.89142388012,1.2481697767426003
1766,67359.03357199563,1.2368662221372395
1767,67397.17572011113,1.2371257823220683
1768,67435.31786822666,1.248282646662077
1769,67473.46001634217,1.2421023323413212
1770,67511.60216445768,1.2452075081734817
1771,67549.7443125732,1.2482639506851319
1772,67587.88646068871,1.239798661946999
1773,67626.02860880422,1.2403085550614554
1774,67664.17075691973,1.253173391469657
1775,67702.31290503524,1.251890592089658
1776,67740.45505315076,1.241298926604854
1777,67778.59720126628,1.2495384326674608
1778,67816.73934938178,1.25018320172028
1779,67854.88149749729,1.2433576058499727
1780,67893.02364561282,1.2439227279282101
1781,67931.16579372832,1.244377029394919
1782,67969.30794184384,1.2448313308616283
1783,68007.45008995934,1.251790907448817
1784,68045.59223807485,1.2497785998552267
1785,68083.73438619038,1.2483313298624512
1786,68121.87653430588,1.2503771053026642
1787,68160.0186824214,1.2471958092810889
1788,68198.16083053692,1.2476573151445072
1789,68236.30297865243,1.2481188210079257
1790,68274.44512676794,1.2585352599838169
1791,68312.58727488345,1.2491463148377673
1792,68350.72942299896,1.2522034389048275
1793,68388.87157111448,1.253481364556461
1794,68427.01371922999,1.2504084450002404
1795,68465.1558673455,1.2508872890916036
1796,68503.29801546101,1.2513661331829666
1797,68541.44016357652,1.258259886450642
1798,68579.58231169204,1.2554980539843683
1799,68617.72445980756,1.2622482678283322
1800,68655.86660792306,1.2624762939216787
1801,68694.00875603857,1.2533247189281649
1802,68732.1509041541,1.2539024468270692
1803,68770.2930522696,1.254480174725973
1804,68808.43520038512,1.2581404969411587
1805,68846.57734850064,1.2642689531772566
1806,68884.71949661615,1.2556559695796672
1807,68922.86164473166,1.2634487690402458
1808,68961.00379284716,1.2636898689977631
1809,68999.14594096268,1.2675208113714715
1810,69037.2880890782,1.263218086480042
1811,69075.43023719371,1.258945262914442
1812,69113.57238530922,1.264009953111882
1813,69151.71453342473,1.2645410145391338
1814,69189.85668154024,1.264127815686248
1815,69227.99882965576,1.2602995719137995
1816,69266.14097777128,1.269943893150008
1817,69304.28312588678,1.2676236408880563
1818,69342.4252740023,1.2621626316958503
1819,69380.5674221178,1.2691914444329704
1820,69418.70957023332,1.2652739828950423
1821,69456.85171834884,1.262313786319037
1822,69494.99386646434,1.2688755180177533
1823,69533.13601457985,1.2648158395196596
1824,69571.27816269538,1.2735081709401794
1825,69609.42031081088,1.2737700319036136
1826,69647.5624589264,1.2643917308574137
1827,69685.70460704192,1.2714246510249372
1828,69723.84675515743,1.2688810082231226
1829,69761.98890327294,1.2749123880502455
1830,69800.13105138844,1.2753459932456002
1831,69838.27319950396,1.267525101337562
1832,69876.41534761948,1.2734520861089704
1833,69914.55749573499,1.2736826475905192
1834,69952.6996438505,1.277038235501804
1835,69990.84179196601,1.2722051707352642
1836,70028.98394008153,1.2684823051773244
1837,70067.12608819704,1.2780799579348523
1838,70105.26823631256,1.2785334383094957
1839,70143.41038442806,1.2701031835319658
1840,70181.55253254357,1.2747609852309632
1841,70219.69468065909,1.2794187869299605
1842,70257.8368287746,1.2718069799173974
1843,70295.97897689012,1.2770898268555189
1844,70334.12112500562,1.2734454813959573
1845,70372.26327312115,1.2816594676671027
1846,70410.40542123666,1.2831374664836894
1847,70448.54756935216,1.2728028708015862
1848,70486.68971746769,1.2766763132053855
1849,70524.8318655832,1.2805497556091836
1850,70562.97401369871,1.2844231980129814
1851,70601.11616181422,1.274193157853429
1852,70639.25830992972,1.2795303406176102
1853,70677.40045804525,1.284539270310414
1854,70715.54260616076,1.284982779688925
1855,70753.68475427627,1.275961537068183
1856,70791.82690239178,1.2850464759793698
1857,70829.9690505073,1.2817770410705678
1858,70868.1111986228,1.278507606161766
1859,70906.25334673832,1.2773902460781272
1860,70944.39549485384,1.2876127370377084
1861,70982.53764296934,1.2884275266867866
1862,71020.67979108487,1.2859946189151352
1863,71058.82193920038,1.2794272276920786
1864,71096.96408731588,1.287904428052448
1865,71135.1062354314,1.2887093640812162
1866,71173.2483835469,1.2844404185288287
1867,71211.39053166243,1.280834898516995
1868,71249.53267977794,1.2913087654813071
1869,71287.67482789344,1.2914898251665048
1870,71325.81697600897,1.2870122486420872
1871,71363.95912412448,1.2825231680831448
1872,71402.10127223999,1.2885870455691502
1873,71440.2434203555,1.294507925078747
1874,71478.38556847101,1.2939486588513749
1875,71516.52771658653,1.2835700694060324
1876,71554.66986470204,1.2948688910569615
1877,71592.81201281755,1.2957308772619531
1878,71630.95416093306,1.2912565821755853
1879,71669.09630904859,1.2870387938920738
1880,71707.23845716409,1.2919525824560691
1881,71745.3806052796,1.2968663710200665
1882,71783.52275339513,1.2955198123636156
1883,71821.66490151062,1.2864577883927657
1884,71859.80704962615,1.2980742992130503
1885,71897.94919774166,1.2994548806238653
1886,71936.09134585716,1.2996312014872635
1887,71974.23349397269,1.2921121042477046
1888,72012.37564208818,1.2961161991872816
1889,72050.51779020371,1.3007495491692245
1890,72088.65993831922,1.3007382632780193
1891,72126.80208643472,1.2951460358303997
1892,72164.94423455025,1.2904514754728256
1893,72203.08638266576,1.2917866155954743
1894,72241.22853078127,1.2981217016677256
1895,72279.37067889678,1.3070533931183217
1896,72317.51282701231,1.3032441185182198
1897,72355.6549751278,1.3039138194212596
1898,72393.79712324332,1.3044165566636214
1899,72431.93927135883,1.2931869207417521
1900,72470.08141947434,1.2940119151340013
1901,72508.22356758987,1.2987036741077078
1902,72546.36571570537,1.3035362184543797
1903,72584.50786382088,1.306381626277579
1904,72622.6500119364,1.3102244138802663
1905,72660.7921600519,1.3075744873543944
1906,72698.93430816743,1.3041939534296179
1907,72737.07645628294,1.298389290992824
1908,72775.21860439844,1.2994918057432723
1909,72813.36075251397,1.3085555519981633
1910,72851.50290062946,1.3096702599241883
1911,72889.64504874499,1.310215151548402
1912,72927.7871968605,1.3133862241568337
1913,72965.929344976,1.3074035335766072
1914,73004.07149309153,1.3006794631179008
1915,73042.21364120704,1.3007336632760493
1916,73080.35578932255,1.312458348216512
1917,73118.49793743806,1.3130160294204327
1918,73156.64008555359,1.3112244489685299
1919,73194.78223366909,1.3069650705680782
1920,73232.9243817846,1.3166110671777715
1921,73271.06652990013,1.308928583634453
1922,73309.20867801562,1.3041384724632088
1923,73347.35082613115,1.3104073432689474
1924,73385.49297424665,1.3153172516009064
1925,73423.63512236216,1.310870500392892
1926,73461.77727047769,1.3096121934428806
1927,73499.91941859318,1.3081140934065054
1928,73538.06156670871,1.3186863193241525
1929,73576.20371482422,1.3088107908358584
1930,73614.34586293972,1.3188344299325077
1931,73652.48801105525,1.3143752327450904
1932,73690.63015917076,1.3100753578105482
1933,73728.77230728627,1.3102305334690714
1934,73766.91445540178,1.3220396548610234
1935,73805.0566035173,1.3244501428890898
1936,73843.19875163281,1.314612094757069
1937,73881.34089974832,1.3181631185194091
1938,73919.48304786383,1.3132468298377675
1939,73957.62519597934,1.3131182286950989
1940,73995.76734409487,1.3226289215370932
1941,74033.90949221037,1.3255907500041557
1942,74072.05164032588,1.3241901362190416
1943,74110.19378844141,1.3152408160360092
1944,74148.3359365569,1.3158583336197718
1945,74186.47808467243,1.3162688076809403
1946,74224.62023278793,1.3176637908858557
1947,74262.76238090344,1.3296992303984692
1948,74300.90452901897,1.3293624661889685
1949,74339.04667713447,1.322066482065537
1950,74377.18882524999,1.319273534258708
1951,74415.3309733655,1.3252093192806582
1952,74453.47312148102,1.3318466691739346
1953,74491.61526959653,1.3324061643400833
1954,74529.75741771204,1.3327011542271447
1955,74567.89956582755,1.3295918915917675
1956,74606.04171394306,1.3226627390336654
1957,74644.18386205858,1.3298097847179213
1958,74682.32601017409,1.3297346788293904
1959,74720.4681582896,1.3363905130807314
1960,74758.61030640511,1.329629447210952
1961,74796.75245452063,1.3325580121256884
1962,74834.89460263615,1.3278098782228873
1963,74873.03675075165,1.3359454106334794
1964,74911.17889886716,1.3278352017448738
1965,74949.32104698269,1.3399489671246507
1966,74987.46319509819,1.3399883778262178
1967,75025.60534321371,1.3293941137719063
1968,75063.74749132921,1.3350911912668215
1969,75101.88963944474,1.3415996058384867
1970,75140.03178756025,1.3317148230797842
1971,75178.17393567575,1.3432392118589216
1972,75216.31608379127,1.3438078182246225
1973,75254.45823190678,1.3350797769553266
1974,75292.6003800223,1.3441558046347015
1975,75330.74252813781,1.3428873759168012
1976,75368.88467625332,1.3398663605480292
1977,75407.02682436883,1.3465447944445748
1978,75445.16897248435,1.336841812704922
1979,75483.31112059987,1.34559471505344
1980,75521.45326871537,1.3481912584667854
1981,75559.59541683088,1.3416917574090557
1982,75597.7375649464,1.349804888306334
1983,75635.8797130619,1.339565770301648
1984,75674.02186117743,1.350945202036753
1985,75712.16400929293,1.3480667352698488
1986,75750.30615740846,1.3451022666694625
1987,75788.44830552397,1.3518283608979376
1988,75826.59045363947,1.3528260043409612
1989,75864.732601755,1.3540640117716092
1990,75902.8747498705,1.3509920629282053
1991,75941.01689798602,1.3451447999020805
1992,75979.15904610153,1.345652712898207
1993,76017.30119421703,1.356749291266143
1994,76055.44334233255,1.3576422617785495
1995,76093.58549044807,1.3548552822455002
1996,76131.72763856358,1.3536635429018469
1997,76169.86978667909,1.3488884820215505
1998,76208.0119347946,1.3603026113196222
1999,76246.15408291011,1.3597394355608499
2000,76284.29623102563,1.361069949590484
2001,76322.43837914115,1.3546704293824123
2002,76360.58052725665,1.3566649643064632
2003,76398.72267537216,1.3591554801613368
2004,76436.86482348767,1.3583637364151955
2005,76475.00697160319,1.3625455198464715
2006,76513.14911971871,1.3555196354586256
2007,76551.29126783421,1.3624350300039463
2008,76589.43341594974,1.3589178532259765
2009,76627.57556406525,1.3676470052473568
2010,76665.71771218075,1.3567833572232906
2011,76703.85986029627,1.3618735417624488
2012,76742.00200841179,1.367843681393626
2013,76780.1441565273,1.3696597832424746
2014,76818.28630464281,1.3704479791079527
2015,76856.42845275831,1.3625254376621712
2016,76894.57060087383,1.3679653381739243
2017,76932.71274898935,1.3657764763816715
2018,76970.85489710486,1.3733050928394497
2019,77008.99704522037,1.3634401877095736
2020,77047.13919333588,1.3669230924290423
2021,77085.2813414514,1.373706680543799
2022,77123.4234895669,1.3762400095606333
2023,77161.56563768243,1.3718789668296565
2024,77199.70778579793,1.3687893585886417
2025,77237.84993391346,1.3734611444276386
2026,77275.99208202896,1.3688198893567867
2027,77314.13423014447,1.3793133109508677
2028,77352.27637826,1.3803209654457067
2029,77390.41852637549,1.3727473109763346
2030,77428.56067449102,1.3814018126976593
2031,77466.70282260653,1.3748019758808263
2032,77504.84497072203,1.3727705283565406
2033,77542.98711883755,1.3748747496431395
2034,77581.12926695307,1.3810536298803355
2035,77619.27141506858,1.374477868101907
2036,77657.41356318409,1.3868081960791252
2037,77695.5557112996,1.3867017016849665
2038,77733.69785941512,1.38064365957071
2039,77771.84000753063,1.3880534356083867
2040,77809.98215564614,1.3889299493561054
2041,77848.12430376165,1.3830933405239114
2042,77886.26645187718,1.37922299858312
2043,77924.40859999268,1.380776133545999
2044,77962.55074810819,1.3896652521522526
2045,78000.69289622371,1.3843859315341052
2046,78038.83504433921,1.387983305599586
2047,78076.97719245474,1.3834915203256306
2048,78115.11934057025,1.3922284968627348
2049,78153.26148868575,1.392082454151354
2050,78191.40363680127,1.3970547472429173
2051,78229.54578491677,1.3861004560674999
2052,78267.6879330323,1.3873364245764337
2053,78305.83008114781,1.3984647549809142
2054,78343.97222926331,1.3996073583668451
2055,78382.11437737884,1.3930774957836038
2056,78420.25652549435,1.393306203633077
2057,78458.39867360986,1.3981900477952394
2058,78496.54082172537,1.403321832968469
2059,78534.6829698409,1.4023964556369686
2060,78572.8251179564,1.3950417540088886
2061,78610.96726607191,1.4039598351368796
2062,78649.10941418742,1.4067258509473355
2063,78687.25156230293,1.3977415165946454
2064,78725.39371041846,1.3963235366547992
2065,78763.53585853396,1.404745634514953
2066,78801.67800664947,1.3980225962482231
2067,78839.820154765,1.41007768266585
2068,78877.96230288049,1.4017319380758588
2069,78916.10445099602,1.4059078683903088
2070,78954.24659911153,1.410842159564196
2071,78992.38874722703,1.4133437584242468
2072,79030.53089534256,1.4026544493187507
2073,79068.67304345805,1.406427689744971
2074,79106.81519157358,1.4151016532308076
2075,79144.95733968909,1.409200968334633
2076,79183.0994878046,1.4126252112001136
2077,79221.24163592012,1.406783771379898
2078,79259.38378403563,1.4157834402937701
2079,79297.52593215114,1.4115853664321123
2080,79335.66808026665,1.4184144406510812
2081,79373.81022838218,1.4093926950502305
2082,79411.95237649768,1.415926316024895
2083,79450.09452461319,1.4224788801350419
2084,79488.2366727287,1.4236341771584637
2085,79526.37882084421,1.4128359782357895
2086,79564.52096895974,1.4160110984308207
2087,79602.66311707524,1.425536631283943
2088,79640.80526519075,1.4170157377333368
2089,79678.94741330628,1.4159665757406674
2090,79717.08956142177,1.415826303585241
2091,79755.2317095373,1.428998995302524
2092,79793.37385765281,1.419642716338507
2093,79831.51600576832,1.4292722664517066
2094,79869.65815388384,1.4228593494163797
2095,79907.80030199935,1.4306718267049263
2096,79945.94245011486,1.4246140208020908
2097,79984.08459823037,1.4309843788390404
2098,80022.22674634588,1.4295867635439221
2099,80060.3688944614,1.4239625199122208
2100,80098.51104257691,1.435796167906893
2101,80136.65319069242,1.4246994381742326
2102,80174.79533880793,1.4379585868781517
2103,80212.93748692346,1.4383465032155247
2104,80251.07963503896,1.4321027204737224
2105,80289.22178315447,1.4282966073063872
2106,80327.36393127,1.4414760251310499
2107,80365.5060793855,1.4416902523562776
2108,80403.64822750102,1.4315952105999619
2109,80441.79037561652,1.4312223449956156
2110,80479.93252373203,1.4386692358043351
2111,80518.07467184756,1.445047000446708
2112,80556.21681996305,1.4448186352418122
2113,80594.35896807858,1.4338814556963204
2114,80632.5011161941,1.436293653466259
2115,80670.6432643096,1.4479646803784132
2116,80708.78541242512,1.4481899586541862
2117,80746.92756054063,1.4381000000000002
2118,80785.06970865614,1.4388018185058014
2119,80823.21185677165,1.4510968854032003
2120,80861.35400488717,1.4506330593646133
2121,80899.49615300268,1.4414729039099268
2122,80937.63830111819,1.4413931636883215
2123,80975.7804492337,1.4540641283390712
2124,81013.92259734921,1.4543848687076542
2125,81052.06474546474,1.4449697151322012
2126,81090.20689358024,1.4454137192931924
2127,81128.34904169575,1.457207703200192
2128,81166.49118981128,1.4574577590477864
2129,81204.63333792677,1.4479874253458698
2130,81242.7754860423,1.4483952597924776
2131,81280.9176341578,1.4524995519212098
2132,81319.05978227333,1.4609229214714738
2133,81357.20193038884,1.4510176350932638
2134,81395.34407850433,1.451359711320486
2135,81433.48622661986,1.4590610937298554
2136,81471.62837473537,1.4640507994478036
2137,81509.77052285089,1.4541816925791804
2138,81547.9126709664,1.45452
2139,81586.05481908191,1.4587540983574738
2140,81624.19696719742,1.467227636350474
2141,81662.33911531293,1.4597835914171127
2142,81700.48126342845,1.459961590370135
2143,81738.62341154396,1.45755525024181
2144,81776.76555965947,1.4669136042780913
2145,81814.90770777498,1.4632431872048015
2146,81853.0498558905,1.4674171711351458
2147,81891.19200400602,1.4668410083677692
2148,81929.33415212152,1.4733020348224162
2149,81967.47630023705,1.4634129023338385
2150,82005.61844835256,1.475319101321123
2151,82043.76059646806,1.4660977031036322
2152,82081.90274458358,1.4693756625359002
2153,82120.0448926991,1.4650362887500517
2154,82158.1870408146,1.4784245495967994
2155,82196.32918893012,1.4745898009086007
2156,82234.47133704562,1.4792952148404155
2157,82272.61348516114,1.4737224319811282
2158,82310.75563327665,1.480234144649624
2159,82348.89778139217,1.482156939491224
2160,82387.03992950768,1.476695208829616
2161,82425.18207762319,1.4751070310935968
2162,82463.3242257387,1.4845131330651427
2163,82501.46637385421,1.4850677234425396
2164,82539.60852196974,1.4858729599354024
2165,82577.75067008524,1.482449469490444
2166,82615.89281820077,1.4754315366898973
2167,82654.03496631626,1.4768332323581397
2168,82692.17711443178,1.4882883280672377
2169,82730.3192625473,1.4778860936474583
2170,82768.4614106628,1.4792638874083481
2171,82806.60355877833,1.482342671982566
2172,82844.74570689384,1.488923822242801
2173,82882.88785500934,1.4914878344850058
2174,82921.03000312486,1.4872218465186924
2175,82959.17215124037,1.4823501118356226
2176,82997.31429935589,1.4828129197621052
2177,83035.4564474714,1.495956796172053
2178,83073.5985955869,1.48539193593534
2179,83111.74074370242,1.4857073571396922
2180,83149.88289181794,1.4856934009739828
2181,83188.02503993345,1.4979975590014263
2182,83226.16718804896,1.499322812591471
2183,83264.30933616449,1.4877498984282735
2184,83302.45148427998,1.4888939792586957
2185,83340.5936323955,1.4890916725786214
2186,83378.73578051102,1.5015377715239053
2187,83416.87792862652,1.5032062636486854
2188,83455.02007674205,1.491040390149739
2189,83493.16222485754,1.4980543761648566
2190,83531.30437297306,1.5040425652874032
2191,83569.44652108858,1.5054565095945882
2192,83607.58866920408,1.5064223442342994
2193,83645.7308173196,1.494589581491756
2194,83683.87296543512,1.4997736092367149
2195,83722.01511355062,1.5014203305268081
2196,83760.15726166614,1.5038714103125834
2197,83798.29940978166,1.509561539568934
2198,83836.44155789717,1.5009586009783633
2199,83874.58370601268,1.5046623785320181
2200,83912.72585412818,1.5062669951163599
2201,83950.8680022437,1.5031356267606133
2202,83989.01015035922,1.5134625405907214
2203,84027.15229847473,1.5067019738042318
2204,84065.29444659024,1.5146956595782044
2205,84103.43659470577,1.5103959582259268
2206,84141.57874282126,1.509119644335884
2207,84179.72089093678,1.516454450041313
2208,84217.8630390523,1.5118004854549623
2209,84256.0051871678,1.5057116637877512
2210,84294.14733528333,1.5186923981590579
2211,84332.28948339884,1.5176221824367422
2212,84370.43163151434,1.519793074956925
2213,84408.57377962986,1.5213444180780638
2214,84446.71592774536,1.5085592597973976
2215,84484.85807586089,1.521809944986451
2216,84523.0002239764,1.521294202235802
2217,84561.1423720919,1.5220975257125975
2218,84599.28452020742,1.5229008491893934
2219,84637.42666832294,1.5125778324638917
2220,84675.56881643845,1.5135196256066212
2221,84713.71096455396,1.5256916076156843
2222,84751.85311266949,1.5262123471232463
2223,84789.99526078498,1.526479911488529
2224,84828.1374089005,1.516531278293588
2225,84866.27955701601,1.516632207033368
2226,84904.42170513152,1.5286427261925182
2227,84942.56385324705,1.5292188876846156
2228,84980.70600136255,1.5296296637339184
2229,85018.84814947806,1.5192915789079657
2230,85056.99029759358,1.5196839961560356
2231,85095.13244570908,1.531069217481657
2232,85133.27459382461,1.5322370749991923
2233,85171.41674194012,1.53272305281489
2234,85209.55889005562,1.528515984810336
2235,85247.70103817114,1.5234590418398977
2236,85285.84318628664,1.5341183344446716
2237,85323.98533440217,1.5351054976912941
2238,85362.12748251768,1.5301896983180057
2239,85400.26963063319,1.5252738989447172
2240,85438.4117787487,1.5298253955417085
2241,85476.55392686422,1.533663757435458
2242,85514.69607497973,1.5374054262900487
2243,85552.83822309524,1.5347551890392999
2244,85590.98037121077,1.529516955467859
2245,85629.12251932627,1.5344991790483886
2246,85667.26466744178,1.5359484323024988
2247,85705.40681555729,1.5348404098774355
2248,85743.5489636728,1.5416587214890023
2249,85781.69111178833,1.5420817356172605
2250,85819.83325990383,1.5399754038568558
2251,85857.97540801934,1.5361995465652853
2252,85896.11755613486,1.5354855136948318
2253,85934.25970425036,1.5445624708421621
2254,85972.40185236589,1.5449414974822362
2255,86010.5440004814,1.5454029532914786
2256,86048.68614859691,1.5364391754599156
2257,86086.82829671243,1.544626093957645
2258,86124.97044482792,1.5370245557548297
2259,86163.11259294345,1.5480546406564153
2260,86201.25474105896,1.548569475794087
2261,86239.39688917447,1.5383102623393359
2262,86277.53903728999,1.5486278736598758
2263,86315.6811854055,1.550167445002092
2264,86353.82333352101,1.5510475672469344
2265,86391.96548163652,1.5514100364604786
2266,86430.10762975205,1.5525501227465786
2267,86468.24977786755,1.5463276543559372
2268,86506.39192598306,1.5480796341803547
2269,86544.53407409858,1.5542950031208915
2270,86582.67622221408,1.5520578755781644
2271,86620.81837032961,1.548402711495043
2272,86658.9605184451,1.5557381446026592
2273,86697.10266656063,1.5528631048433568
2274,86735.24481467615,1.5571689862182057
2275,86773.38696279164,1.5475528750306335
2276,86811.52911090717,1.5481529439463848
2277,86849.67125902268,1.548753012862136
2278,86887.8134071382,1.550763899655875
2279,86925.9555552537,1.550530222546384
2280,86964.09770336922,1.5540145168470274
2281,87002.23985148473,1.5514036215276794
2282,87040.38199960024,1.5521547601887253
2283,87078.52414771575,1.559158140357127
2284,87116.66629583127,1.5627952261905589
2285,87154.80844394678,1.5603627823361272
2286,87192.95059206229,1.5547632054845337
2287,87231.0927401778,1.5552502249119398
2288,87269.23488829333,1.5656872837431741
2289,87307.37703640883,1.5607451702870836
2290,87345.51918452434,1.5661242282344654
2291,87383.66133263987,1.5597029447284836
2292,87421.80348075536,1.5653878290565202
2293,87459.94562887089,1.5669214781694014
2294,87498.08777698639,1.5639860993441617
2295,87536.22992510191,1.5705455936458934
2296,87574.37207321743,1.5635910185083925
2297,87612.51422133292,1.569611150339682
2298,87650.65636944845,1.56916499930434
2299,87688.79851756396,1.5649756950909859
2300,87726.94066567947,1.5741452611502658
2301,87765.08281379499,1.5685249857391679
2302,87803.2249619105,1.5748756954935268
2303,87841.36711002601,1.56538631193395
2304,87879.50925814152,1.5663314516870133
2305,87917.65140625703,1.5669001131855935
2306,87955.79355437255,1.576383660708564
2307,87993.93570248806,1.5754736302333956
2308,88032.07785060357,1.5686346027485174
2309,88070.21999871908,1.5692311318906222
2310,88108.36214683461,1.580195766804346
2311,88146.50429495011,1.5813884884522031
2312,88184.64644306563,1.573063851495019
2313,88222.78859118115,1.5720461319988317
2314,88260.93073929664,1.5756400509996986
2315,88299.07288741217,1.5837821916948274
2316,88337.21503552767,1.5805735726335315
2317,88375.3571836432,1.5764852142306154
2318,88413.4993317587,1.575807166027765
2319,88451.6414798742,1.583382272561468
2320,88489.78362798973,1.5873162767073299
2321,88527.92577610524,1.587371868367925
2322,88566.06792422076,1.5851620775111301
2323,88604.21007233627,1.5815459695238567
2324,88642.35222045178,1.5898910613726331
2325,88680.49436856729,1.5901973336388968
2326,88718.6365166828,1.5850046936923592
2327,88756.77866479833,1.581853474139679
2328,88794.92081291383,1.5923003786213277
2329,88833.06296102935,1.593659108032198
2330,88871.20510914485,1.586031310555565
2331,88909.34725726036,1.5908631642360864
2332,88947.48940537589,1.5854723792581595
2333,88985.63155349139,1.596048721501707
2334,89023.77370160691,1.5921016153796208
2335,89061.91584972243,1.596978418758267
2336,89100.05799783792,1.5983171704048424
2337,89138.20014595345,1.5998142753484512
2338,89176.34229406896,1.5974993116296208
2339,89214.48444218448,1.600686489017884
2340,89252.62659029999,1.601399848283625
2341,89290.76873841549,1.6014460529498586
2342,89328.91088653101,1.6011436135974249
2343,89367.05303464652,1.6037740374335987
2344,89405.19518276204,1.5966583915135204
2345,89443.33733087755,1.5975058676868699
2346,89481.47947899307,1.6037611985252147
2347,89519.62162710857,1.6064513589243723
2348,89557.76377522408,1.599602783983279
2349,89595.90592333961,1.5982334378369065
2350,89634.04807145511,1.608136357184697
2351,89672.19021957064,1.6037862379714543
2352,89710.33236768613,1.6016803718286743
2353,89748.47451580164,1.601712055062
2354,89786.61666391717,1.6119245942072218
2355,89824.75881203267,1.607627370703789
2356,89862.9009601482,1.6052583708129016
2357,89901.04310826371,1.609283443922455
2358,89939.1852563792,1.615051475217136
2359,89977.32740449473,1.6161923241339875
2360,90015.46955261024,1.6169743537488501
2361,90053.61170072576,1.6178881119509163
2362,90091.75384884127,1.6143192900896999
2363,90129.89599695678,1.6185784186360406
2364,90168.03814507229,1.6128495862076035
2365,90206.1802931878,1.6217455624566628
2366,90244.32244130332,1.6135790285802958
2367,90282.46458941883,1.6238070084805267
2368,90320.60673753436,1.6182625649486302
2369,90358.74888564985,1.6258386373509313
2370,90396.89103376537,1.617700245002775
2371,90435.03318188089,1.6280498169795055
2372,90473.17532999639,1.621879926174104
2373,90511.31747811192,1.6297742453299415
2374,90549.45962622741,1.6219893084428547
2375,90587.60177434293,1.6315988177293788
2376,90625.74392245845,1.6255665566267121
2377,90663.88607057395,1.633558509183367
2378,90702.02821868948,1.6275216916374056
2379,90740.17036680499,1.6351672261729437
2380,90778.31251492049,1.6289561674304933
2381,90816.45466303601,1.631059196209024
2382,90854.59681115152,1.6331629498344684
2383,90892.73895926704,1.639152909277877
2384,90930.88110738255,1.6332770526873734
2385,90969.02325549808,1.6408906599630322
2386,91007.16540361357,1.64239917287697
2387,91045.30755172909,1.6420002490635053
2388,91083.4496998446,1.6445714558339088
2389,91121.59184796011,1.6416824242955634
2390,91159.73399607564,1.6466320045822127
2391,91197.87614419113,1.6436828952688005
2392,91236.01829230665,1.6475033720685723
2393,91274.16044042217,1.6408206547146458
2394,91312.30258853767,1.650750248911925
2395,91350.4447366532,1.6428351635661622
2396,91388.58688476871,1.6530917089788646
2397,91426.7290328842,1.6465680956857116
2398,91464.87118099973,1.6538173122501192
2399,91503.01332911523,1.648623180561475
2400,91541.15547723076,1.6485540213738936
2401,91579.29762534627,1.6584835407952612
2402,91617.43977346178,1.6508101498916854
2403,91655.5819215773,1.654667668601083
2404,91693.7240696928,1.6570307580647126
2405,91731.86621780832,1.6627522510735386
2406,91770.00836592383,1.6599544239142956
2407,91808.15051403936,1.6622988609702065
2408,91846.29266215485,1.6668562430672471
2409,91884.43481027037,1.659963768309729
2410,91922.57695838588,1.663384615222052
2411,91960.71910650139,1.6691247834200091
2412,91998.86125461692,1.6620122039473872
2413,92037.00340273241,1.6717522827653981
2414,92075.14555084793,1.6726417093741082
2415,92113.28769896345,1.6742339575575313
2416,92151.42984707895,1.6745717065730625
2417,92189.57199519448,1.675838334476832
2418,92227.71414330999,1.6768270373474419
2419,92265.8562914255,1.6723007924214928
2420,92303.99843954101,1.6698033581373484
2421,92342.14058765651,1.6804022718019656
2422,92380.28273577204,1.6774151724778592
2423,92418.42488388755,1.6740986268323599
2424,92456.56703200306,1.6835452023895248
2425,92494.70918011857,1.6840713037407136
2426,92532.85132823409,1.6826719283183162
2427,92570.9934763496,1.6797607608572882
2428,92609.13562446511,1.6813247486680343
2429,92647.27777258064,1.678947786954225
2430,92685.41992069613,1.6902732745364664
2431,92723.56206881165,1.6917012749249178
2432,92761.70421692716,1.6820347016509276
2433,92799.84636504267,1.6941143343893805
2434,92837.9885131582,1.6828960334437386
2435,92876.1306612737,1.6852157874587965
2436,92914.27280938922,1.6967449552515956
2437,92952.41495750473,1.6897983373067593
2438,92990.55710562023,1.6993362427268428
2439,93028.69925373576,1.7003296850211764
2440,93066.84140185127,1.701593130978459
2441,93104.98354996678,1.6957081086969616
2442,93143.1256980823,1.6963199799990092
2443,93181.2678461978,1.7048807648796525
2444,93219.40999431332,1.6969521919343364
2445,93257.55214242883,1.701485810579825
2446,93295.69429054434,1.7078789181387368
2447,93333.83643865986,1.7005004986612386
2448,93371.97858677537,1.7100303965466486
2449,93410.12073489088,1.7119860733866383
2450,93448.26288300639,1.7124729719142668
2451,93486.40503112192,1.7132446745547771
2452,93524.54717923742,1.7153176831737063
2453,93562.68932735294,1.715734393042162
2454,93600.83147546845,1.7059475523222665
2455,93638.97362358395,1.7108776587150882
2456,93677.11577169948,1.7189851775044884
2457,93715.25791981498,1.7086691243541534
2458,93753.4000679305,1.7092188949883962
2459,93791.54221604601,1.7199434329455336
2460,93829.68436416151,1.7120299577623113
2461,93867.82651227704,1.7220953575129876
2462,93905.96866039255,1.7130642253010941
2463,93944.11080850806,1.7146476846857168
2464,93982.25295662358,1.7185284897814606
2465,94020.39510473909,1.7174140540868947
2466,94058.5372528546,1.727381770553762
2467,94096.67940097011,1.728852250376503
2468,94134.82154908562,1.719427915865873
2469,94172.96369720114,1.7333336834437703
2470,94211.10584531665,1.732625302957579
2471,94249.24799343216,1.725639626374826
2472,94287.39014154767,1.7362226703412345
2473,94325.5322896632,1.7334414944397927
2474,94363.6744377787,1.7258040011054352
2475,94401.81658589422,1.7342779884178672
2476,94439.95873400974,1.740207684180475
2477,94478.10088212523,1.7388683436874284
2478,94516.24303024076,1.7434572302079712
2479,94554.38517835626,1.7330217657140405
2480,94592.52732647178,1.7453267179373106
2481,94630.6694745873,1.7437595550192997
2482,94668.8116227028,1.7370886978477407
2483,94706.95377081832,1.7430481813002061
2484,94745.09591893383,1.7503227231485543
2485,94783.23806704934,1.738790305011837
2486,94821.38021516486,1.7473780164687256
2487,94859.52236328037,1.7532943640749625
2488,94897.66451139588,1.74645360004851
2489,94935.80665951139,1.7546745306926963
2490,94973.9488076269,1.7495245384455906
2491,95012.09095574242,1.7511154141800302
2492,95050.23310385794,1.7480484777924914
2493,95088.37525197344,1.7502207270337022
2494,95126.51740008895,1.7598295735636804
2495,95164.65954820448,1.7510611316131646
2496,95202.80169631998,1.761831323081189
2497,95240.9438444355,1.7631279143235385
2498,95279.08599255102,1.7579537398473455
2499,95317.22814066651,1.7519324493899096
2500,95355.37028878204,1.7659737545910734
2501,95393.51243689755,1.7684066374574696
2502,95431.65458501306,1.7684849590212048
2503,95469.79673312858,1.764254888467335
2504,95507.93888124407,1.7609684429140404
2505,95546.0810293596,1.7719484361840625
2506,95584.22317747511,1.7607782350183707
2507,95622.36532559062,1.7612231880914573
2508,95660.50747370614,1.7751123698036468
2509,95698.64962182166,1.7748903782448813
2510,95736.79176993716,1.7636661706267764
2511,95774.93391805267,1.7780488039596183
2512,95813.0760661682,1.778768699656267
2513,95851.2182142837,1.7756397078764912
2514,95889.36036239922,1.7669432853646256
2515,95927.50251051472,1.7809611917197121
2516,95965.64465863023,1.7824135509441614
2517,96003.78680674576,1.7730490163443042
2518,96041.92895486126,1.772136315230159
2519,96080.07110297678,1.7853892849736517
2520,96118.2132510923,1.7813786990625733
2521,96156.3553992078,1.7746970403121751
2522,96194.49754732332,1.778381825381558
2523,96232.63969543883,1.7872185915365335
2524,96270.78184355434,1.781424371568081
2525,96308.92399166986,1.7877065383170578
2526,96347.06613978537,1.783106072377105
2527,96385.20828790088,1.7926258617363486
2528,96423.3504360164,1.7936272361458836
2529,96461.4925841319,1.7835678726790298
2530,96499.63473224742,1.7906724645090504
2531,96537.77688036294,1.78869557817711
2532,96575.91902847844,1.790927314846433
2533,96614.06117659395,1.7984026170812146
2534,96652.20332470948,1.7952753893508004
2535,96690.34547282498,1.7992006107449356
2536,96728.4876209405,1.7889029766459428
2537,96766.629769056,1.7948896530867202
2538,96804.77191717151,1.8028737084550663
2539,96842.91406528704,1.7971493409349104
2540,96881.05621340254,1.7999911533523723
2541,96919.19836151807,1.79829979406257
2542,96957.34050963358,1.8055123428884694
2543,96995.48265774909,1.8009599064583013
2544,97033.6248058646,1.8048859853762844
2545,97071.76695398011,1.8002313806069568
2546,97109.90910209563,1.8098117319745988
2547,97148.05125021114,1.8032826398768027
2548,97186.19339832666,1.8005731701466257
2549,97224.33554644216,1.8014591724334597
2550,97262.47769455767,1.8126719738859305
2551,97300.61984267319,1.80516308695463
2552,97338.7619907887,1.8139724310656822
2553,97376.90413890422,1.8011295318359208
2554,97415.04628701972,1.8145430661205315
2555,97453.18843513523,1.8079357361171757
2556,97491.33058325076,1.8163902725154784
2557,97529.47273136626,1.8078470010383625
2558,97567.61487948179,1.819820434606575
2559,97605.7570275973,1.820409159132597
2560,97643.8991757128,1.8201038101053961
2561,97682.04132382832,1.821143497760779
2562,97720.18347194382,1.8098686554999852
2563,97758.32562005935,1.8180618882437605
2564,97796.46776817486,1.8135543300151196
2565,97834.60991629037,1.8217686895884984
2566,97872.75206440588,1.8258036977466368
2567,97910.8942125214,1.8162116828972232
2568,97949.0363606369,1.8166966143336758
2569,97987.17850875242,1.8242686958313512
2570,98025.32065686795,1.8285559831960163
2571,98063.46280498344,1.8298420138671563
2572,98101.60495309895,1.825497503107576
2573,98139.74710121447,1.8248901773984803
2574,98177.88924932998,1.8313144706383195
2575,98216.0313974455,1.832065846436761
2576,98254.173545561,1.824601287477717
2577,98292.31569367652,1.8201035550974374
2578,98330.45784179204,1.8340973786626538
2579,98368.59998990754,1.8353943890546114
2580,98406.74213802307,1.8357422047517649
2581,98444.88428613858,1.8242733742397936
2582,98483.02643425409,1.823574417210669
2583,98521.1685823696,1.8323446152045022
2584,98559.3107304851,1.8383667643728543
2585,98597.45287860063,1.8386343133910268
2586,98635.59502671614,1.8357810911346282
2587,98673.73717483165,1.827844297964034
2588,98711.87932294716,1.8362487574453892
2589,98750.02147106268,1.8418081237225874
2590,98788.16361917819,1.8426239843271275
2591,98826.3057672937,1.8303011300270762
2592,98864.44791540923,1.8364055785847264
2593,98902.59006352472,1.837169884738745
2594,98940.73221164024,1.8453016269544864
2595,98978.87435975575,1.8458067026545588
2596,99017.01650787126,1.8337569934968474
2597,99055.15865598679,1.8464760222701826
2598,99093.30080410228,1.8338253426859041
2599,99131.44295221781,1.848690354964648
2600,99169.58510033332,1.8489110421150712
2601,99207.72724844882,1.8370524719958174
2602,99245.86939656435,1.8439166396853957
2603,99284.01154467986,1.8405529154770721
2604,99322.15369279537,1.838486984092525
2605,99360.29584091088,1.852257466158335
2606,99398.4379890264,1.8427322552600534
2607,99436.58013714191,1.8436250552063538
2608,99474.72228525742,1.8525467475372586
2609,99512.86443337293,1.8453248879939048
2610,99551.00658148844,1.8449522248731252
2611,99589.14872960396,1.8499224282480722
2612,99627.29087771947,1.8435200205422873
2613,99665.43302583498,1.8540739378894175
2614,99703.5751739505,1.8582092667265424
2615,99741.717322066,1.8508130666087241
2616,99779.85947018153,1.8517709290099904
2617,99818.00161829704,1.8469533137331633
2618,99856.14376641254,1.8528187731329036
2619,99894.28591452807,1.8570898987109015
2620,99932.42806264356,1.8518414672373424
2621,99970.57021075909,1.8631844643552018
2622,100008.7123588746,1.8609400400799196
2623,100046.8545069901,1.8549732491843143
2624,100084.99665510563,1.862116299452393
2625,100123.13880322114,1.8587928330585248
2626,100161.28095133665,1.8554693666646564
2627,100199.42309945216,1.852145900270788
2628,100237.56524756768,1.8663156989371434
2629,100275.70739568319,1.8563521234503357
2630,100313.8495437987,1.8535198999382878
2631,100351.99169191421,1.8542695604950168
2632,100390.13384002972,1.8550192210517458
2633,100428.27598814525,1.855768881608475
2634,100466.41813626075,1.8700535698539151
2635,100504.56028437626,1.8690902269521739
2636,100542.70243249179,1.8553745319007784
2637,100580.84458060729,1.8564539081858487
2638,100618.98672872281,1.8575332844709198
2639,100657.12887683832,1.8586126607559907
2640,100695.27102495382,1.8589855645928428
2641,100733.41317306935,1.8736255282611078
2642,100771.55532118485,1.8613988849193308
2643,100809.69746930037,1.8592719723582298
2644,100847.83961741588,1.8604456704563859
2645,100885.98176553138,1.8616193685545415
2646,100924.12391364691,1.8643066048652812
2647,100962.26606176242,1.867901903606411
2648,101000.40820987793,1.8768677679044545
2649,101038.55035799344,1.8775051991623908
2650,101076.69250610897,1.8660154318221944
2651,101114.83465422447,1.8641750610042866
2652,101152.97680233998,1.8657404882723008
2653,101191.1189504555,1.8773856052696234
2654,101229.261098571,1.8667650647590894
2655,101267.40324668653,1.8674735412596437
2656,101305.54539480203,1.8803505993565537
2657,101343.68754291754,1.8814556008583414
2658,101381.82969103307,1.8676931265427108
2659,101419.97183914857,1.8752756744987706
2660,101458.11398726409,1.876748970234641
2661,101496.2561353796,1.871013829671002
2662,101534.3982834951,1.8719755869445966
2663,101572.54043161063,1.8786776423325806
2664,101610.68257972614,1.8853607163058423
2665,101648.82472784165,1.8791742918485752
2666,101686.96687595717,1.8829756747309252
2667,101725.10902407266,1.8791163533817006
2668,101763.25117218819,1.875257032032473
2669,101801.3933203037,1.885959830480756
2670,101839.53546841921,1.886899932366653
2671,101877.67761653473,1.88784003425255
2672,101915.81976465025,1.8886990687127718
2673,101953.96191276575,1.888293321586724
2674,101992.10406088126,1.8835380987095336
2675,102030.24620899679,1.8787828758323415
2676,102068.38835711229,1.8886966126918887
2677,102106.53050522781,1.8850169374561947
2678,102144.67265334331,1.8813372622205036
2679,102182.81480145882,1.8861683607255513
2680,102220.95694957435,1.8921927445007487
2681,102259.09909768985,1.892522052734626
2682,102297.24124580537,1.884491993345374
2683,102335.38339392089,1.8801527596950587
2684,102373.52554203638,1.8924242929327504
2685,102411.66769015191,1.8925427466561884
2686,102449.80983826742,1.8823873786441605
2687,102487.95198638293,1.8910322301796199
2688,102526.09413449845,1.8956503534085445
2689,102564.23628261396,1.8931443422503147
2690,102602.37843072947,1.8832358318005478
2691,102640.52057884498,1.8955071113131652
2692,102678.6627269605,1.8955903106684884
2693,102716.804875076,1.8868150396183352
2694,102754.94702319153,1.8908297235334666
2695,102793.08917130703,1.897862928301137
2696,102831.23131942254,1.8992650918432408
2697,102869.37346753807,1.888335750663327
2698,102907.51561565357,1.8882892285784705
2699,102945.6577637691,1.8958606010725094
2700,102983.79991188459,1.892438711663388
2701,103021.9420600001,1.891300447113554
2702,103060.08420811563,1.897882715974845
2703,103098.22635623113,1.90151942813269
2704,103136.36850434665,1.8953978431550087
2705,103174.51065246217,1.895568708443939
2706,103212.65280057768,1.9019979313075526
2707,103250.79494869319,1.8964642609473303
2708,103288.9370968087,1.8917738077311628
2709,103327.07924492421,1.8986429119813724
2710,103365.22139303973,1.902509090141622
2711,103403.36354115524,1.8946655171039686
2712,103441.50568927075,1.9028056168451468
2713,103479.64783738626,1.8991867382100205
2714,103517.78998550177,1.9019374715050632
2715,103555.93213361729,1.8958325426989802
2716,103594.07428173281,1.8993520736638188
2717,103632.21642984831,1.9068722332053853
2718,103670.35857796382,1.8988112463735993
2719,103708.50072607935,1.9085116339993482
2720,103746.64287419485,1.9043608016196376
2721,103784.78502231037,1.9025448048262084
2722,103822.92717042589,1.896357459382134
2723,103861.0693185414,1.8996006812412425
2724,103899.21146665691,1.908827684615767
2725,103937.35361477241,1.9016769944666556
2726,103975.49576288793,1.9110086883272916
2727,104013.63791100345,1.9126400431158688
2728,104051.78005911896,1.9128262057190948
2729,104089.92220723447,1.8994587464875476
2730,104128.06435534998,1.9001358190592261
2731,104166.2065034655,1.9114090755262847
2732,104204.34865158101,1.9022397541337035
2733,104242.49079969653,1.914121984596935
2734,104280.63294781203,1.915494000480014
2735,104318.77509592754,1.9157595197041606
2736,104356.91724404306,1.9056972919261128
2737,104395.05939215857,1.9028055313979957
2738,104433.2015402741,1.915920979148423
2739,104471.34368838959,1.9096669370633101
2740,104509.48583650512,1.917613804553924
2741,104547.62798462063,1.9186638035914
2742,104585.77013273613,1.9189880405169324
2743,104623.91228085165,1.9123747812322507
2744,104662.05442896717,1.906056527049994
2745,104700.19657708268,1.9070066743655179
2746,104738.33872519819,1.9186528232181985
2747,104776.48087331369,1.9214420608583305
2748,104814.62302142922,1.92188879550822
2749,104852.76516954473,1.9222419738298333
2750,104890.90731766024,1.916362350148471
2751,104929.04946577575,1.909257373279377
2752,104967.19161389126,1.9105533212763905
2753,105005.33376200678,1.9243735449886206
2754,105043.47591012229,1.9249023861144792
2755,105081.61805823781,1.9256135619096495
2756,105119.76020635331,1.926369990372051
2757,105157.90235446882,1.9264004415845983
2758,105196.04450258434,1.9133049752161508
2759,105234.18665069985,1.91484207105754
2760,105272.32879881538,1.9278585360426614
2761,105310.47094693087,1.928445810623278
2762,105348.6130950464,1.9291374728914226
2763,105386.75524316191,1.9298291351595669
2764,105424.89739127741,1.9293363215517296
2765,105463.03953939294,1.922263022876349
2766,105501.18168750845,1.9200653656024331
2767,105539.32383562396,1.931338414894838
2768,105577.46598373947,1.932063874159837
2769,105615.60813185497,1.9328370734745355
2770,105653.7502799705,1.9244211558088002
2771,105691.89242808601,1.9328653631705743
2772,105730.03457620152,1.9192265907565393
2773,105768.17672431703,1.9204734775606103
2774,105806.31887243254,1.9314472776071188
2775,105844.46102054806,1.9265330301532189
2776,105882.60316866357,1.924345732734277
2777,105920.7453167791,1.9365150628317527
2778,105958.8874648946,1.92431470861094
2779,105997.02961301012,1.932482567850048
2780,106035.17176112563,1.924771825319152
2781,106073.31390924113,1.9239297576428824
2782,106111.45605735666,1.9309459301496212
2783,106149.59820547215,1.9402445937359942
2784,106187.74035358768,1.9298889632242204
2785,106225.88250170319,1.9256265742586975
2786,106264.02464981869,1.9376001486749397
2787,106302.16679793422,1.92680107358586
2788,106340.30894604973,1.9350814008432076
2789,106378.45109416524,1.9425844799447156
2790,106416.59324228075,1.9342762355171215
2791,106454.73539039626,1.9290595738921146
2792,106492.87753851178,1.9410247376184222
2793,106531.01968662729,1.9302656868162107
2794,106569.1618347428,1.9378627938321207
2795,106607.30398285831,1.9467872386263319
2796,106645.44613097384,1.9348097479581734
2797,106683.58827908934,1.9322200598532577
2798,106721.73042720485,1.933630397567038
2799,106759.87257532038,1.9332962305578478
2800,106798.01472343587,1.9471299614528073
2801,106836.1568715514,1.9495798932171486
2802,106874.29901966691,1.9353905654581547
2803,106912.44116778241,1.9363119938845756
2804,106950.58331589794,1.9495606560099936
2805,106988.72546401343,1.9515714627232794
2806,107026.86761212896,1.938480400183988
2807,107065.00976024447,1.9525484290860653
2808,107103.15190835997,1.9454504046097842
2809,107141.2940564755,1.9524836704543076
2810,107179.43620459101,1.9532397066125122
2811,107217.57835270652,1.9499418154743302
2812,107255.72050082203,1.940074448575434
2813,107293.86264893756,1.9485736052872218
2814,107332.00479705306,1.9492245478699886
2815,107370.14694516857,1.9437351868607315
2816,107408.28909328408,1.959063824062675
2817,107446.4312413996,1.9591541172891762
2818,107484.57338951512,1.9534112240282382
2819,107522.71553763062,1.960459361240821
2820,107560.85768574613,1.9609468200880926
2821,107598.99983386166,1.9605151550399422
2822,107637.14198197715,1.9620180177891908
2823,107675.28413009268,1.9621231689851308
2824,107713.4262782082,1.9470068574431345
2825,107751.56842632369,1.9631845072918233
2826,107789.71057443922,1.9515615025837048
2827,107827.85272255472,1.9640813826600738
2828,107865.99487067024,1.9531703065528845
2829,107904.13701878575,1.9560733160430404
2830,107942.27916690127,1.9600920357569025
2831,107980.42131501678,1.9538548693203404
2832,108018.56346313229,1.9679281753477873
2833,108056.7056112478,1.9574860293910845
2834,108094.84775936331,1.9560116506194112
2835,108132.98990747884,1.9693627729396832
2836,108171.13205559434,1.9580087035325837
2837,108209.27420370985,1.9715416208312437
2838,108247.41635182538,1.9660950491358309
2839,108285.55849994087,1.9573271977938507
2840,108323.7006480564,1.9708322206872029
2841,108361.8427961719,1.9601972510286902
2842,108399.98494428741,1.9706839234389448
2843,108438.12709240294,1.9744045534115917
2844,108476.26924051844,1.9635949286792536
2845,108514.41138863396,1.9736955947680397
2846,108552.55353674947,1.9617721663424814
2847,108590.69568486497,1.9652690249577023
2848,108628.8378329805,1.9769569712560278
2849,108666.97998109601,1.967999529431528
2850,108705.12212921152,1.9786308142925964
2851,108743.26427732703,1.9653461687179297
2852,108781.40642544255,1.970760322743628
2853,108819.54857355806,1.9814733942464977
2854,108857.69072167357,1.981162211990123
2855,108895.83286978908,1.9744270816525238
2856,108933.9750179046,1.9785798715444471
2857,108972.11716602012,1.9831213181865985
2858,109010.25931413562,1.9845133126181616
2859,109048.40146225113,1.9823964211246154
2860,109086.54361036666,1.9700864081413354
2861,109124.68575848216,1.9856705736102764
2862,109162.82790659768,1.9867574308512574
2863,109200.97005471318,1.9873513921505643
2864,109239.11220282869,1.9777358455041119
2865,109277.25435094422,1.973124284197924
2866,109315.39649905972,1.9892279717193424
2867,109353.53864717524,1.9830008513800694
2868,109391.68079529075,1.9866638142644433
2869,109429.82294340627,1.9774209438636574
2870,109467.96509152178,1.9912850717076758
2871,109506.10723963729,1.9898732897669182
2872,109544.2493877528,1.9934550522894392
2873,109582.39153586832,1.9803400518568124
2874,109620.53368398383,1.9805759401590846
2875,109658.67583209934,1.9875222017937582
2876,109696.81798021485,1.995959171250809
2877,109734.96012833036,1.982766703586949
2878,109773.10227644588,1.9829297591397934
2879,109811.2444245614,1.9931405121848587
2880,109849.3865726769,1.983901203680191
2881,109887.52872079241,1.9986436452944536
2882,109925.67086890794,1.987441688868424
2883,109963.81301702344,1.9864596913471593
2884,110001.95516513896,2.0019830605480866
2885,110040.09731325446,1.9885144980512388
2886,110078.23946136999,1.996199161576005
2887,110116.3816094855,1.989348735454892
2888,110154.523757601,1.9992205225115909
2889,110192.66590571652,2.001303210247638
2890,110230.80805383204,1.991151973579038
2891,110268.95020194755,1.99202630220341
2892,110307.09235006306,1.994488231090946
2893,110345.23449817857,2.0013724448764596
2894,110383.37664629408,2.0011909829566896
2895,110421.5187944096,1.9946426858147785
2896,110459.66094252512,1.9955128149345345
2897,110497.80309064062,2.010018332484374
2898,110535.94523875613,2.0098127413837332
2899,110574.08738687164,1.9976254745491175
2900,110612.22953498716,1.9984923315968925
2901,110650.37168310268,2.008539362087666
2902,110688.51383121818,2.0136363163341104
2903,110726.65597933371,2.0049700228875302
2904,110764.79812744922,2.0014282305944624
2905,110802.94027556472,2.002222773762191
2906,110841.08242368024,2.0164307709112284
2907,110879.22457179576,2.012101021152933
2908,110917.36671991127,2.0043240414646166
2909,110955.50886802678,2.006394214938758
2910,110993.65101614228,2.0194195244428452
2911,111031.7931642578,2.018432738229393
2912,111069.93531237332,2.01025151411097
2913,111108.07746048883,2.0094195206100616
2914,111146.21960860434,2.0186101348548937
2915,111184.36175671985,2.023843955966709
2916,111222.50390483536,2.016482638478056
2917,111260.64605295088,2.014826574877288
2918,111298.7882010664,2.025506421555876
2919,111336.9303491819,2.0233614485038807
2920,111375.07249729743,2.021455696925893
2921,111413.21464541293,2.018581622663709
2922,111451.35679352844,2.028208092540378
2923,111489.49894164396,2.0222036358475064
2924,111527.64108975946,2.0251056221264436
2925,111565.78323787499,2.0179202273096624
2926,111603.9253859905,2.031175463065176
2927,111642.067534106,2.01933830179337
2928,111680.20968222152,2.0290315791064635
2929,111718.35183033704,2.0252653168427903
2930,111756.49397845255,2.0342153451392084
2931,111794.63612656806,2.0263329484423602
2932,111832.77827468356,2.032814049464011
2933,111870.92042279908,2.026483509627755
2934,111909.0625709146,2.0372820169088235
2935,111947.20471903011,2.0335723301377224
2936,111985.34686714562,2.037472745917875
2937,112023.48901526113,2.027067653884495
2938,112061.63116337665,2.0378794864738765
2939,112099.77331149216,2.038230657197718
2940,112137.91545960768,2.041715613660831
2941,112176.05760772318,2.02953124995361
2942,112214.19975583871,2.0383739912757264
2943,112252.3419039542,2.0417157913990125
2944,112290.48405206972,2.037505909379448
2945,112328.62620018524,2.0422491569886683
2946,112366.76834830074,2.045158065619507
2947,112404.91049641627,2.044363937452048
2948,112443.05264453178,2.0357189565445166
2949,112481.19479264728,2.047969102227376
2950,112519.3369407628,2.0475658515424824
2951,112557.47908887832,2.0469949844284088
2952,112595.62123699383,2.040277731406746
2953,112633.76338510934,2.051147222328785
2954,112671.90553322485,2.0518915210696025
2955,112710.04768134037,2.04423381207972
2956,112748.18982945588,2.052165050518872
2957,112786.33197757139,2.0542191530740284
2958,112824.4741256869,2.055112505544787
2959,112862.61627380243,2.0464029190207054
2960,112900.75842191793,2.05492434477825
2961,112938.90057003344,2.0534273684066875
2962,112977.04271814896,2.0467182448033627
2963,113015.18486626446,2.0470215995474255
2964,113053.32701437999,2.057007125006167
2965,113091.4691624955,2.0568811945061287
2966,113129.611310611,2.0609687774026137
2967,113167.75345872653,2.049544251534407
2968,113205.89560684202,2.059096133094454
2969,113244.03775495755,2.0607117638328774
2970,113282.17990307306,2.061560288965529
2971,113320.32205118856,2.05294
2972,113358.46419930409,2.06244928836117
2973,113396.6063474196,2.0649943560849513
2974,113434.74849553511,2.063937993254746
2975,113472.89064365062,2.056208450805119
2976,113511.03279176615,2.0663205952908776
2977,113549.17493988165,2.0695714628957784
2978,113587.31708799716,2.0669729460890944
2979,113625.45923611267,2.05894446166316
2980,113663.60138422818,2.0711238011187447
2981,113701.74353234371,2.0693226701012604
2982,113739.8856804592,2.0699469981177625
2983,113778.02782857472,2.061824128431877
2984,113816.16997669025,2.07430445595576
2985,113854.31212480574,2.0715772072361176
2986,113892.45427292127,2.0733128886796512
2987,113930.59642103678,2.0653537916965776
2988,113968.73856915228,2.076470338618228
2989,114006.8807172678,2.0756566727427384
2990,114045.0228653833,2.0778258706814436
2991,114083.16501349883,2.070068675294782
2992,114121.30716161434,2.0776993448416032
2993,114159.44930972985,2.076622618342608
2994,114197.59145784537,2.0822365468122683
2995,114235.73360596088,2.074272618730456
2996,114273.87575407639,2.0787189941644884
2997,114312.0179021919,2.0738156564285983
2998,114350.16005030743,2.0849304427643514
2999,114388.30219842293,2.0788547071506778
3000,114426.44434653844,2.0742923869265475
3001,114464.58649465395,2.074965691286075
3002,114502.72864276946,2.0880650347030576
3003,114540.87079088499,2.084454924322854
3004,114579.01293900049,2.081942917417132
3005,114617.155087116,2.0777900286755093
3006,114655.29723523153,2.0908426541032634
3007,114693.43938334702,2.0915737310326086
3008,114731.58153146255,2.080541508664995
3009,114769.72367957806,2.080620151336977
3010,114807.86582769357,2.0815989510811175
3011,114846.00797580909,2.0945559098166973
3012,114884.1501239246,2.088569762943151
3013,114922.29227204011,2.083238676353466
3014,114960.43442015562,2.084482086783499
3015,114998.57656827114,2.097291938984821
3016,115036.71871638665,2.095952703677829
3017,115074.86086450216,2.086658760044728
3018,115113.00301261767,2.0869270675581184
3019,115151.14516073318,2.0950008460751754
3020,115189.28730884871,2.1006286212237066
3021,115227.42945696421,2.0900570327416816
3022,115265.57160507972,2.089457962403256
3023,115303.71375319525,2.0911954762340947
3024,115341.85590131074,2.103994442375826
3025,115379.99804942627,2.0923365918723302
3026,115418.14019754177,2.099550482094008
3027,115456.28234565728,2.092782190587553
3028,115494.4244937728,2.1063844157071596
3029,115532.5666418883,2.107763738172996
3030,115570.70879000383,2.1082584988531186
3031,115608.85093811934,2.101631650478823
3032,115646.99308623486,2.104106713234546
3033,115685.13523435037,2.10286608155074
3034,115723.27738246588,2.104277135059292
3035,115761.41953058139,2.1089806483291333
3036,115799.5616786969,2.101748723802585
3037,115837.70382681242,2.111998340169661
3038,115875.84597492793,2.112733261970185
3039,115913.98812304344,2.1067735474282254
3040,115952.13027115895,2.1103703548673263
3041,115990.27241927446,2.1026334771233186
3042,116028.41456738999,2.104847329404176
3043,116066.55671550549,2.11023739902606
3044,116104.698863621,2.117751702418045
3045,116142.84101173653,2.1127695042077845
3046,116180.98315985202,2.1188153854843126
3047,116219.12530796755,2.1090076635424806
3048,116257.26745608305,2.110318723012977
3049,116295.40960419858,2.121149947919797
3050,116333.55175231409,2.1213452738060545
3051,116371.69390042959,2.115211417542844
3052,116409.83604854511,2.1095767412127784
3053,116447.97819666062,2.120512455527189
3054,116486.12034477614,2.124254147213672
3055,116524.26249289165,2.1239130741336387
3056,116562.40464100716,2.1258012321815687
3057,116600.54678912267,2.126104851961308
3058,116638.68893723818,2.125555791653749
3059,116676.8310853537,2.1273293950274517
3060,116714.97323346921,2.122064578738396
3061,116753.11538158472,2.128100703810734
3062,116791.25752970023,2.1227386820657803
3063,116829.39967781575,2.1266181019867925
3064,116867.54182593127,2.1300898248661446
3065,116905.68397404677,2.1224141855611682
3066,116943.8261221623,2.1286814863681176
3067,116981.96827027781,2.1266515090068174
3068,117020.1104183933,2.122972984191117
3069,117058.25256650883,2.133299721840004
3070,117096.39471462434,2.1254735967191327
3071,117134.53686273986,2.1227304592116276
3072,117172.67901085537,2.136003048941661
3073,117210.82115897087,2.1323189804196128
3074,117248.9633070864,2.137037063389461
3075,117287.1054552019,2.1306163855644296
3076,117325.24760331742,2.1256730424145305
3077,117363.38975143293,2.1386190685839397
3078,117401.53189954844,2.130685083055799
3079,117439.67404766395,2.1397066287023887
3080,117477.81619577947,2.1392717853124252
3081,117515.95834389499,2.1289282490060986
3082,117554.10049201049,2.13651470389259
3083,117592.24264012602,2.136811597232715
3084,117630.38478824151,2.143046248928917
3085,117668.52693635703,2.144016470393038
3086,117706.66908447255,2.132129330687356
3087,117744.81123258805,2.134763357208475
3088,117782.95338070358,2.144026526052065
3089,117821.09552881909,2.1453871829679634
3090,117859.23767693459,2.146914789927774
3091,117897.37982505011,2.147589756478646
3092,117935.52197316563,2.1352227050648027
3093,117973.66412128114,2.144738645204996
3094,118011.80626939665,2.139363712432177
3095,118049.94841751215,2.149360849222333
3096,118088.09056562767,2.143980099386166
3097,118126.23271374319,2.1509774727505784
3098,118164.3748618587,2.142377520526234
3099,118202.51700997421,2.148671039480785
3100,118240.65915808974,2.1519301108201474
3101,118278.80130620523,2.1530089387008347
3102,118316.94345432075,2.1414915462599793
3103,118355.08560243627,2.1538428266821152
3104,118393.22775055177,2.1500408979057726
3105,118431.3698986673,2.1538343352565263
3106,118469.5120467828,2.149776409955358
3107,118507.6541948983,2.1457184846541875
3108,118545.79634301383,2.1464044614580127
3109,118583.93849112933,2.1531798393950705
3110,118622.08063924486,2.147103527861367
3111,118660.22278736037,2.154214843353503
3112,118698.36493547587,2.1503106690657106
3113,118736.5070835914,2.1570849354821804
3114,118774.6492317069,2.148567845735309
3115,118812.79137982242,2.1572871563876825
3116,118850.93352793793,2.161350842835247
3117,118889.07567605344,2.156147436071944
3118,118927.21782416895,2.1527909660911084
3119,118965.35997228447,2.1621152767927376
3120,119003.50212039998,2.151675894124701
3121,119041.64426851549,2.1638856311179038
3122,119079.78641663102,2.163438925168274
3123,119117.92856474651,2.1562001247599154
3124,119156.07071286203,2.161643741620333
3125,119194.21286097755,2.161603300610755
3126,119232.35500909305,2.155742752357799
3127,119270.49715720858,2.1679340575770967
3128,119308.63930532409,2.168539537063412
3129,119346.78145343959,2.1616747298988583
3130,119384.92360155511,2.1690013280190867
3131,119423.06574967061,2.160681969990055
3132,119461.20789778614,2.161813880226774
3133,119499.35004590165,2.170035968694336
3134,119537.49219401715,2.1708081329750115
3135,119575.63434213267,2.172734070223183
3136,119613.77649024819,2.1683526722764133
3137,119651.9186383637,2.1618179522390393
3138,119690.06078647921,2.1627988985213844
3139,119728.20293459474,2.175251303874468
3140,119766.34508271024,2.176326299792095
3141,119804.48723082575,2.17333397979526
3142,119842.62937894126,2.1659646827282044
3143,119880.77152705677,2.1656416546546424
3144,119918.9136751723,2.1663927932841354
3145,119957.0558232878,2.1794242349378825
3146,119995.19797140331,2.1773350248385968
3147,120033.34011951883,2.171098098451083
3148,120071.48226763433,2.1683428906114894
3149,120109.62441574986,2.1691313086420063
3150,120147.76656386537,2.1813985663462407
3151,120185.90871198087,2.1818436968190027
3152,120224.0508600964,2.176675126703604
3153,120262.19300821189,2.1764295957865754
3154,120300.33515632742,2.172010290559379
3155,120338.47730444293,2.179949651283246
3156,120376.61945255844,2.1851909550060045
3157,120414.76160067396,2.182300224060367
3158,120452.90374878947,2.181788460291873
3159,120491.04589690498,2.1751946817292156
3160,120529.18804502049,2.1804023921891904
3161,120567.33019313602,2.1882295767941895
3162,120605.47234125152,2.187411338146621
3163,120643.61448936703,2.178816653275323
3164,120681.75663748254,2.1783392723827206
3165,120719.89878559805,2.1809783608360007
3166,120758.04093371358,2.191231575648591
3167,120796.18308182908,2.193050625967462
3168,120834.32522994459,2.182663547942635
3169,120872.46737806012,2.1816212435045834
3170,120910.60952617561,2.181826748788748
3171,120948.75167429114,2.1946815450169836
3172,120986.89382240665,2.196147847128815
3173,121025.03597052216,2.1857150144961386
3174,121063.17811863768,2.1863002213628935
3175,121101.32026675317,2.1958192240967667
3176,121139.4624148687,2.192806876252419
3177,121177.60456298421,2.1996359165748443
3178,121215.74671109972,2.1972095681908113
3179,121253.88885921524,2.193151002358382
3180,121292.03100733075,2.1888429889118908
3181,121330.17315544626,2.197325441884309
3182,121368.31530356177,2.203058376686516
3183,121406.4574516773,2.1966616568252144
3184,121444.5995997928,2.2035174922434178
3185,121482.74174790831,2.1946293505675785
3186,121520.88389602384,2.202819470164396
3187,121559.02604413933,2.2064109706810084
3188,121597.16819225486,2.1945271757203564
3189,121635.31034037036,2.1993325983665666
3190,121673.45248848588,2.1956143620792883
3191,121711.5946366014,2.196742900175308
3192,121749.7367847169,2.1996604975278613
3193,121787.87893283242,2.209865946994131
3194,121826.02108094793,2.198397111009212
3195,121864.16322906344,2.198774721849294
3196,121902.30537717896,2.2008992164548666
3197,121940.44752529447,2.2139640687513644
3198,121978.58967340998,2.2012142067384435
3199,122016.73182152549,2.201561565791555
3200,122054.873969641,2.203224619699053
3201,122093.01611775652,2.217978968375465
3202,122131.15826587203,2.2045654259435943
3203,122169.30041398754,2.2052220016123325
3204,122207.44256210305,2.2068516200218817
3205,122245.58471021858,2.22084292689302
3206,122283.72685833408,2.216970606424896
3207,122321.8690064496,2.2077218448294142
3208,122360.01115456512,2.2099365730671945
3209,122398.15330268061,2.2167219247185925
3210,122436.29545079614,2.224182247927908
3211,122474.43759891164,2.2106850202877553
3212,122512.57974702716,2.215287015285415
3213,122550.72189514268,2.213609595122591
3214,122588.86404325817,2.227399119957615
3215,122627.0061913737,2.2144551912356047
3216,122665.14833948921,2.221062827372068
3217,122703.29048760473,2.2184473829338307
3218,122741.43263572024,2.224094338780804
3219,122779.57478383575,2.224645945315631
3220,122817.71693195126,2.221712940199416
3221,122855.85908006677,2.2221930675041226
3222,122894.00122818229,2.223587049348208
3223,122932.1433762978,2.2267576493329035
3224,122970.28552441331,2.2300594320726
3225,123008.42767252882,2.222858018167372
3226,123046.56982064433,2.228325066119391
3227,123084.71196875986,2.226571393312703
3228,123122.85411687536,2.2274637028747004
3229,123160.99626499088,2.228222751643676
3230,123199.1384131064,2.236612518544624
3231,123237.2805612219,2.234728964185983
3232,123275.42270933742,2.229035758535129
3233,123313.56485745292,2.230396209466601
3234,123351.70700556845,2.2441897748011694
3235,123389.84915368396,2.242813333354617
3236,123427.99130179945,2.2324957785197093
3237,123466.13344991498,2.2411877377328695
3238,123504.2755980305,2.2362998626958297
3239,123542.417746146,2.239610958412765
3240,123580.55989426152,2.236017538599747
3241,123618.70204237703,2.2485818351561533
3242,123656.84419049254,2.2507938094447635
3243,123694.98633860805,2.2389243051678838
3244,123733.12848672358,2.243828815043106
3245,123771.27063483908,2.2538223905093195
3246,123809.4127829546,2.243917495971098
3247,123847.5549310701,2.2439485423797807
3248,123885.69707918561,2.2428794722637333
3249,123923.83922730114,2.2585124482029637
3250,123961.98137541664,2.257858453228646
3251,124000.12352353217,2.2455837698500654
3252,124038.26567164768,2.2470352934334863
3253,124076.40781976318,2.2623445273581244
3254,124114.5499678787,2.2491263872156164
3255,124152.69211599421,2.2497200074808306
3256,124190.83426410973,2.2624939541970983
3257,124228.97641222524,2.2573055381533704
3258,124267.11856034074,2.252387000045416
3259,124305.26070845626,2.2535873196217024
3260,124343.40285657177,2.268515122050288
3261,124381.54500468729,2.2692624471819345
3262,124419.6871528028,2.2561994901901747
3263,124457.82930091833,2.2647061632089605
3264,124495.97144903382,2.259159925729907
3265,124534.11359714933,2.2619296574364665
3266,124572.25574526486,2.2615494365114834
3267,124610.39789338036,2.2752236008483444
3268,124648.54004149589,2.2762719789931274
3269,124686.68218961138,2.2742796889580315
3270,124724.8243377269,2.274471731560538
3271,124762.96648584242,2.274334457834143
3272,124801.10863395792,2.2792945314830098
3273,124839.25078207345,2.271053354350329
3274,124877.39293018896,2.2817975610095256
3275,124915.53507830446,2.2831658836198674
3276,124953.67722641998,2.271063331899615
3277,124991.8193745355,2.2803122766782833
3278,125029.961522651,2.2771816020768134
3279,125068.10367076652,2.278610740653429
3280,125106.24581888203,2.2740626858691724
3281,125144.38796699754,2.2888786641678127
3282,125182.53011511306,2.290064802359338
3283,125220.67226322857,2.276207454578411
3284,125258.81441134408,2.2812205415946694
3285,125296.9565594596,2.292329722253203
3286,125335.0987075751,2.288484830041392
3287,125373.24085569062,2.2921723532330507
3288,125411.38300380614,2.2958999168770187
3289,125449.52515192164,2.2970540912410082
3290,125487.66730003717,2.2865227866629265
3291,125525.80944815266,2.2926573762438958
3292,125563.95159626818,2.2870365803453314
3293,125602.0937443837,2.2883202344081313
3294,125640.2358924992,2.288192710858836
3295,125678.37804061473,2.302526962687679
3296,125716.52018873024,2.303798553444554
3297,125754.66233684575,2.3009786842595976
3298,125792.80448496126,2.303330565364775
3299,125830.94663307678,2.2990576682734507
3300,125869.08878119229,2.295297409556566
3301,125907.2309293078,2.304647804663943
3302,125945.37307742333,2.3056885395794926
3303,125983.51522553882,2.3053058515471547
3304,126021.65737365434,2.31202311887446
3305,126059.79952176985,2.312558955952528
3306,126097.94166988536,2.303649188971653
3307,126136.08381800089,2.3016202608744383
3308,126174.22596611638,2.3152584812208
3309,126212.3681142319,2.3063329441921265
3310,126250.51026234742,2.3038423094693443
3311,126288.65241046292,2.310574807110444
3312,126326.79455857845,2.3147837233743314
3313,126364.93670669396,2.3124719570887615
3314,126403.07885480946,2.3156226584759216
3315,126441.22100292498,2.3228451166320876
3316,126479.36315104048,2.315347652982132
3317,126517.50529915601,2.3214585649595327
3318,126555.64744727152,2.3261228366042355
3319,126593.78959538703,2.3182562912699733
3320,126631.93174350254,2.318625629796413
3321,126670.07389161806,2.329045863836777
3322,126708.21603973357,2.3277724867930294
3323,126746.35818784908,2.3302522269335344
3324,126784.5003359646,2.331896122685277
3325,126822.6424840801,2.3330888948519637
3326,126860.78463219562,2.326737620256505
3327,126898.92678031113,2.3346093506319736
3328,126937.06892842664,2.336251685555498
3329,126975.21107654217,2.327607973253327
3330,127013.35322465767,2.3371536853917587
3331,127051.49537277318,2.3389576305675335
3332,127089.6375208887,2.3280923614485576
3333,127127.7796690042,2.3273162211610057
3334,127165.92181711973,2.3344906002338472
3335,127204.06396523524,2.3429012960716356
3336,127242.20611335075,2.336348939718592
3337,127280.34826146626,2.3310327056783153
3338,127318.49040958176,2.332073914163998
3339,127356.63255769729,2.3464605780810492
3340,127394.7747058128,2.3337607426801736
3341,127432.91685392831,2.3346574694030844
3342,127471.05900204382,2.3480989124967127
3343,127509.20115015934,2.3498629411163634
3344,127547.34329827485,2.33772216248274
3345,127585.48544639036,2.3386519146608276
3346,127623.62759450589,2.3415659699253992
3347,127661.76974262139,2.3527213566669314
3348,127699.9118907369,2.3451379911125536
3349,127738.05403885241,2.3539479466624402
3350,127776.19618696792,2.3518314687302166
3351,127814.33833508345,2.3519478803996914
3352,127852.48048319895,2.3481217627758597
3353,127890.62263131447,2.359644079145247
3354,127928.76477942998,2.359132627076769
3355,127966.90692754548,2.351447635103169
3356,128005.04907566101,2.350799154565251
3357,128043.19122377652,2.351703883943832
3358,128081.33337189203,2.3587906646982617
3359,128119.47552000755,2.353382074158633
3360,128157.61766812306,2.3657783848312848
3361,128195.75981623857,2.3662409896168306
3362,128233.90196435408,2.3591427543458234
3363,128272.0441124696,2.3599712585815658
3364,128310.1862605851,2.3608872407784403
3365,128348.32840870062,2.356493995688103
3366,128386.47055681613,2.357895705314028
3367,128424.61270493164,2.3610055272806627
3368,128462.75485304717,2.369034917980567
3369,128500.89700116267,2.3601262711810405
3370,128539.0391492782,2.361679659454093
3371,128577.1812973937,2.375228570035999
3372,128615.3234455092,2.375912166437803
3373,128653.46559362473,2.3634634910863177
3374,128691.60774174023,2.3768897667006037
3375,128729.74988985575,2.376674371797485
3376,128767.89203797127,2.3777110138033275
3377,128806.03418608676,2.36696193466621
3378,128844.17633420229,2.3820332007049183
3379,128882.3184823178,2.38129112408171
3380,128920.46063043331,2.3809272929801657
3381,128958.60277854883,2.3721122494146103
3382,128996.74492666434,2.3821927333513524
3383,129034.88707477985,2.3859863763616698
3384,129073.02922289536,2.385029478739947
3385,129111.17137101087,2.3763195391658756
3386,129149.31351912639,2.3879861961848663
3387,129187.45566724191,2.3888254522836494
3388,129225.59781535741,2.3903991087305867
3389,129263.73996347292,2.3783609225767526
3390,129301.88211158845,2.3820320083692064
3391,129340.02425970395,2.38914123333209
3392,129378.16640781947,2.39374086675532
3393,129416.30855593499,2.381810462888981
3394,129454.45070405048,2.3824867453427223
3395,129492.59285216601,2.3886119711804508
3396,129530.73500028151,2.3968658302208987
3397,129568.87714839703,2.3850903966048977
3398,129607.01929651255,2.3854041192216617
3399,129645.16144462804,2.3945463951375134
3400,129683.30359274357,2.399813245217974
3401,129721.44574085908,2.3945931751767895
3402,129759.5878889746,2.3887834766886424
3403,129797.7300370901,2.39985935823919
3404,129835.87218520562,2.4030639851947564
3405,129874.01433332113,2.3937482264425913
3406,129912.15648143664,2.394052670407073
3407,129950.29862955217,2.3924296928478928
3408,129988.44077766767,2.4060929411271927
3409,130026.5829257832,2.3941986373183757
3410,130064.72507389869,2.4071795535476603
3411,130102.8672220142,2.3955756236563297
3412,130141.00937012973,2.400940157748356
3413,130179.15151824523,2.405326886515715
3414,130217.29366636075,2.4060248471635757
3415,130255.43581447627,2.408358430860545
3416,130293.57796259176,2.3990989731955628
3417,130331.72011070729,2.4126125681628743
3418,130369.8622588228,2.4025791571722928
3419,130408.00440693831,2.4047435896686102
3420,130446.14655505383,2.4035735976165014
3421,130484.28870316932,2.4051177445220433
3422,130522.43085128485,2.411253146802789
3423,130560.57299940036,2.416684136017772
3424,130598.71514751588,2.4106333090012093
3425,130636.85729563139,2.405473984716062
3426,130674.99944374691,2.412669866747664
3427,130713.14159186241,2.4192976210326202
3428,130751.28373997792,2.413716780164628
3429,130789.42588809345,2.41722488854513
3430,130827.56803620895,2.409246410577306
3431,130865.71018432447,2.41610936578712
3432,130903.85233243997,2.4228204349875395
3433,130941.99448055548,2.4106344759431213
3434,130980.13662867101,2.424229754551176
3435,131018.27877678651,2.4125121399649663
3436,131056.42092490204,2.418984646356615
3437,131094.56307301755,2.425457152748261
3438,131132.70522113307,2.4241248524699355
3439,131170.84736924854,2.4270609378578887
3440,131208.98951736407,2.41597350921561
3441,131247.1316654796,2.4210477907766395
3442,131285.27381359512,2.4261220723376695
3443,131323.41596171062,2.4301127326747527
3444,131361.55810982615,2.418028263983218
3445,131399.70025794164,2.419045605337749
3446,131437.84240605714,2.432093914677066
3447,131475.98455417267,2.4325618950178467
3448,131514.1267022882,2.4330298753586272
3449,131552.2688504037,2.423343679062357
3450,131590.4109985192,2.4321670666527795
3451,131628.55314663472,2.4336828262280323
3452,131666.69529475024,2.4358553398777656
3453,131704.83744286574,2.4360817945562965
3454,131742.97959098127,2.436308249234828
3455,131781.1217390968,2.4247827784920166
3456,131819.26388721226,2.438045053105409
3457,131857.4060353278,2.4390684102860396
3458,131895.54818344332,2.4362496943017393
3459,131933.69033155884,2.4305146585039066
3460,131971.83247967434,2.4398404854952456
3461,132009.97462778984,2.427615085476885
3462,132048.11677590536,2.441386032483061
3463,132086.25892402086,2.4422667894236043
3464,132124.4010721364,2.442511158418216
3465,132162.54322025192,2.43160335675277
3466,132200.6853683674,2.443005408646186
3467,132238.8275164829,2.4308299895655585
3468,132276.96966459844,2.4390047212971133
3469,132315.11181271396,2.4456114195636633
3470,132353.25396082946,2.4463776125592243
3471,132391.396108945,2.432975373138686
3472,132429.53825706049,2.4411184265534183
3473,132467.68040517598,2.4390676283339445
3474,132505.8225532915,2.4369042619598162
3475,132543.96470140704,2.4477472401077924
3476,132582.10684952256,2.4416022494661718
3477,132620.24899763806,2.4365974084610262
3478,132658.39114575356,2.4460115878887945
3479,132696.53329386908,2.438753364430875
3480,132734.67544198458,2.4446365465826623
3481,132772.8175901001,2.4460532640536314
3482,132810.95973821564,2.448438578706417
3483,132849.1018863311,2.4401698552746196
3484,132887.24403444663,2.452922346618855
3485,132925.38618256216,2.44464787892051
3486,132963.52833067768,2.452610012519108
3487,133001.67047879318,2.454568155899942
3488,133039.8126269087,2.4551981373288365
3489,133077.9547750242,2.4473050444754643
3490,133116.0969231397,2.4431946110437552
3491,133154.23907125523,2.45426648702851
3492,133192.38121937076,2.4466314418058857
3493,133230.52336748628,2.452387127578071
3494,133268.66551560178,2.4578883441441293
3495,133306.80766371728,2.458323027734136
3496,133344.9498118328,2.446591219994855
3497,133383.0919599483,2.447640291787753
3498,133421.23410806383,2.4596312625559444
3499,133459.37625617936,2.4530008627775546
3500,133497.51840429482,2.453981271637464
3501,133535.66055241035,2.454722062896901
3502,133573.80270052588,2.4562138521912473
3503,133611.9448486414,2.4604069856913733
3504,133650.0869967569,2.4512678530595213
3505,133688.22914487243,2.4618538834234758
3506,133726.37129298793,2.4632160497357445
3507,133764.51344110342,2.458611669585063
3508,133802.65558921895,2.4541129127633545
3509,133840.79773733448,2.4613960427674106
3510,133878.93988545,2.458618938979543
3511,133917.08203356547,2.4533534409991424
3512,133955.224181681,2.4545347826345423
3513,133993.36632979652,2.4664048108535077
3514,134031.50847791202,2.4655494495237757
3515,134069.65062602755,2.4554275472339553
3516,134107.79277414308,2.455803401854864
3517,134145.93492225854,2.459269525935228
3518,134184.07707037407,2.4631975469911542
3519,134222.2192184896,2.4636588716145242
3520,134260.36136660512,2.4641128181926755
3521,134298.50351472062,2.469294723928489
3522,134336.64566283612,2.458969879646085
3523,134374.78781095165,2.4589604247379047
3524,134412.92995906714,2.4596903068220066
3525,134451.07210718267,2.460076543834998
3526,134489.2142552982,2.4677920951911743
3527,134527.35640341372,2.4623120951265705
3528,134565.4985515292,2.470186472831824
3529,134603.64069964472,2.4722857638753473
3530,134641.78284776025,2.4692467154927646
3531,134679.92499587574,2.4678399000245252
3532,134718.06714399127,2.46287926221657
3533,134756.20929210677,2.463400832732285
3534,134794.35144022226,2.4645573770356575
3535,134832.4935883378,2.4757851265535535
3536,134870.63573645332,2.4760984542104016
3537,134908.77788456884,2.473256732219837
3538,134946.92003268434,2.4701123709120276
3539,134985.06218079984,2.473488646859434
3540,135023.20432891537,2.4666308013721268
3541,135061.34647703086,2.4671237834466497
3542,135099.4886251464,2.4690140552374937
3543,135137.63077326192,2.4767743119746166
3544,135175.77292137741,2.4714049813770798
3545,135213.9150694929,2.473245307306812
3546,135252.05721760844,2.4736403188740366
3547,135290.19936572397,2.479739966674564
3548,135328.34151383946,2.4698064375263824
3549,135366.483661955,2.4708959277829963
3550,135404.6258100705,2.4717763185197748
3551,135442.76795818598,2.472136189233392
3552,135480.9101063015,2.4831627306970403
3553,135519.05225441704,2.472151708474503
3554,135557.19440253256,2.4723609616601494
3555,135595.33655064803,2.4725702148457955
3556,135633.47869876356,2.482299972182997
3557,135671.6208468791,2.474606984399937
3558,135709.76299499458,2.4750294348730124
3559,135747.9051431101,2.4773313914969877
3560,135786.04729122564,2.485902604803872
3561,135824.18943934113,2.486910400308093
3562,135862.33158745663,2.4833701666289065
3563,135900.47373557216,2.479656456191418
3564,135938.6158836877,2.4763892708736357
3565,135976.75803180318,2.4781026076947237
3566,136014.90017991868,2.4783245712614717
3567,136053.0423280342,2.48250625467546
3568,136091.1844761497,2.488945564251711
3569,136129.32662426523,2.4793490928863964
3570,136167.46877238076,2.4883564555418376
3571,136205.61092049628,2.4844118236760355
3572,136243.75306861175,2.4804671918102392
3573,136281.89521672728,2.4902373749317492
3574,136320.0373648428,2.482817013268258
3575,136358.1795129583,2.4873341578462007
3576,136396.32166107383,2.4923199132980374
3577,136434.46380918933,2.484010876435698
3578,136472.60595730486,2.492497317944521
3579,136510.74810542035,2.487246469734868
3580,136548.89025353588,2.4839162238403536
3581,136587.0324016514,2.4901901197560155
3582,136625.1745497669,2.485119851854718
3583,136663.3166978824,2.4932411152776233
3584,136701.45884599793,2.4955065121655773
3585,136739.60099411343,2.4962685214162788
3586,136777.74314222895,2.497659916307968
3587,136815.88529034448,2.4859438059562606
3588,136854.02743845998,2.487013573243498
3589,136892.16958657547,2.4868918421409067
3590,136930.311734691,2.4915433004715153
3591,136968.45388280653,2.4984516754312343
3592,137006.59603092202,2.499073785592203
3593,137044.73817903755,2.4996703886424543
3594,137082.88032715305,2.500658692046674
3595,137121.02247526858,2.4894729793344736
3596,137159.16462338407,2.49506782215755
3597,137197.3067714996,2.5012466420394506
3598,137235.44891961513,2.501215591676283
3599,137273.5910677306,2.5022583969762366
3600,137311.73321584612,2.502488707827571
3601,137349.87536396165,2.503363908226825
3602,137388.01751207715,2.502991449304157
3603,137426.15966019267,2.492832191069017
3604,137464.3018083082,2.4929955363298664
3605,137502.4439564237,2.5049578936891224
3606,137540.5861045392,2.5053337520798222
3607,137578.72825265472,2.5057266351631
3608,137616.87040077025,2.506341477496891
3609,137655.01254888574,2.507317593976867
3610,137693.15469700127,2.4961079705163773
3611,137731.29684511677,2.4956209624099004
3612,137769.4389932323,2.5005648673412564
3613,137807.5811413478,2.508454940866399
3614,137845.72328946332,2.5016655909261614
3615,137883.86543757885,2.5095208382275405
3616,137922.00758569431,2.504915743039801
3617,137960.14973380984,2.5003106478520536
3618,137998.29188192537,2.499074734536765
3619,138036.43403004087,2.5006430249424603
3620,138074.5761781564,2.5070674318076462
3621,138112.71832627192,2.5017391650337353
3622,138150.86047438742,2.5101139969090487
3623,138189.0026225029,2.508968754794817
3624,138227.14477061844,2.5061983970668043
3625,138265.28691873397,2.5030169286681105
3626,138303.42906684947,2.505786703112616
3627,138341.57121496496,2.5152222027592566
3628,138379.7133630805,2.5036020900053235
3629,138417.85551119602,2.5099414038768395
3630,138455.9976593115,2.5113991454838613
3631,138494.13980742704,2.5120117414668384
3632,138532.28195554257,2.5122505676793225
3633,138570.42410365804,2.518058355446943
3634,138608.56625177356,2.5186791821975976
3635,138646.7083998891,2.506858676280641
3636,138684.8505480046,2.511091612156648
3637,138722.9926961201,2.51031098734797
3638,138761.1348442356,2.5172720465336145
3639,138799.27699235114,2.52129287006791
3640,138837.41914046663,2.518943546695679
3641,138875.56128858216,2.5224870541118647
3642,138913.7034366977,2.515100617998272
3643,138951.84558481319,2.5120661593468028
3644,138989.98773292868,2.524465220198949
3645,139028.1298810442,2.524992389887346
3646,139066.2720291597,2.5142504237510153
3647,139104.41417727523,2.5136742539442403
3648,139142.55632539076,2.5244298436112342
3649,139180.69847350626,2.5180318506154484
3650,139218.84062162176,2.5218127567151596
3651,139256.98276973728,2.52768144934059
3652,139295.1249178528,2.5245228189039044
3653,139333.2670659683,2.5238040907648003
3654,139371.40921408383,2.518926462771453
3655,139409.55136219933,2.5246632787654244
3656,139447.69351031486,2.5174600065933923
3657,139485.83565843035,2.5286380671962507
3658,139523.97780654588,2.529175214118085
3659,139562.1199546614,2.531902710212989
3660,139600.26210277688,2.525175004687772
3661,139638.4042508924,2.530185374142676
3662,139676.54639900793,2.521441596808739
3663,139714.68854712343,2.5238871540532295
3664,139752.83069523895,2.531804315692265
3665,139790.97284335448,2.5347568363632584
3666,139829.11499146998,2.5366918023571414
3667,139867.25713958548,2.5316820645392366
3668,139905.399287701,2.525243467062983
3669,139943.54143581653,2.5248978727915063
3670,139981.68358393203,2.5301896536727053
3671,140019.82573204752,2.5381367293082664
3672,140057.96788016305,2.5393898413621985
3673,140096.11002827858,2.5386745917217404
3674,140134.25217639407,2.528941954134236
3675,140172.3943245096,2.5298288637653297
3676,140210.53647262513,2.5412187689165444
3677,140248.6786207406,2.541599096495431
3678,140286.82076885612,2.542849247404297
3679,140324.96291697165,2.5420313629935407
3680,140363.10506508715,2.530306543797343
3681,140401.24721320267,2.5361909243029577
3682,140439.38936131817,2.537533503796886
3683,140477.5315094337,2.542575326324079
3684,140515.6736575492,2.537950572622823
3685,140553.81580566472,2.5440080665082925
3686,140591.95795378025,2.534055382342676
3687,140630.10010189575,2.546730812271294
3688,140668.24225001124,2.5449834269600715
3689,140706.38439812677,2.5436557621647764
3690,140744.5265462423,2.538231330320951
3691,140782.6686943578,2.5465455964718413
3692,140820.81084247332,2.5376062507570536
3693,140858.95299058882,2.5435777705476648
3694,140897.09513870432,2.550339545499217
3695,140935.23728681984,2.54286045683493
3696,140973.37943493537,2.542484233817457
3697,141011.52158305087,2.550700899549265
3698,141049.6637311664,2.5538541998634123
3699,141087.8058792819,2.5456464253723685
3700,141125.94802739742,2.548506233059901
3701,141164.09017551292,2.545557290276952
3702,141202.23232362844,2.55545599909276
3703,141240.37447174397,2.5574245508949063
3704,141278.51661985944,2.545654139114389
3705,141316.65876797496,2.5587633059802233
3706,141354.8009160905,2.548205158029109
3707,141392.94306420602,2.5556522164736974
3708,141431.08521232152,2.5607197678715803
3709,141469.22736043704,2.551200865968482
3710,141507.36950855254,2.55871039832041
3711,141545.51165666804,2.5513250052252223
3712,141583.65380478356,2.557460497207871
3713,141621.7959528991,2.5637326432241623
3714,141659.9381010146,2.5597095899139277
3715,141698.0802491301,2.5538595758194287
3716,141736.2223972456,2.561345560867846
3717,141774.36454536114,2.5600846577020357
3718,141812.50669347664,2.566524007204181
3719,141850.64884159216,2.5654096611398587
3720,141888.7909897077,2.557654726362489
3721,141926.93313782316,2.557282999691406
3722,141965.07528593868,2.569789357063405
3723,142003.2174340542,2.570033024440351
3724,142041.35958216974,2.5660945003861633
3725,142079.50173028524,2.559063255658908
3726,142117.64387840076,2.561494167011634
3727,142155.78602651626,2.573192370572304
3728,142193.92817463176,2.572904091672957
3729,142232.07032274728,2.570908044498269
3730,142270.2124708628,2.562768381473086
3731,142308.3546189783,2.5748418321547786
3732,142346.4967670938,2.5770105063347626
3733,142384.63891520933,2.5723016342311027
3734,142422.78106332486,2.5675857903500825
3735,142460.92321144036,2.5681918786688267
3736,142499.06535955588,2.5764635984836994
3737,142537.2075076714,2.579854502668647
3738,142575.34965578688,2.5803617538818857
3739,142613.4918039024,2.570367349775344
3740,142651.63395201793,2.5700895870553038
3741,142689.77610013346,2.570179481751582
3742,142727.91824824896,2.582620580393515
3743,142766.06039636445,2.576231638948306
3744,142804.20254447998,2.5750170218951327
3745,142842.34469259548,2.573055750174842
3746,142880.486840711,2.575443340585608
3747,142918.62898882653,2.5863658563153322
3748,142956.77113694203,2.5861498684524693
3749,142994.91328505753,2.578111507852123
3750,143033.05543317305,2.5789730514097338
3751,143071.19758128858,2.588262896930182
3752,143109.33972940408,2.581746633378487
3753,143147.4818775196,2.5806429284027694
3754,143185.6240256351,2.581672342795193
3755,143223.7661737506,2.5867372479362447
3756,143261.90832186613,2.593011927745071
3757,143300.05046998165,2.592139287192924
3758,143338.19261809718,2.5843835912845567
3759,143376.33476621268,2.5872214804267037
3760,143414.47691432817,2.595393319841276
3761,143452.6190624437,2.5856878781463495
3762,143490.7612105592,2.5871439563074694
3763,143528.90335867472,2.5886437901389363
3764,143567.04550679025,2.5970672837587356
3765,143605.18765490572,2.588916533680711
3766,143643.32980302125,2.5954066471568598
3767,143681.47195113677,2.591364069846977
3768,143719.6140992523,2.59851615698038
3769,143757.7562473678,2.5971570501279313
3770,143795.89839548332,2.596351259647298
3771,143834.04054359882,2.593861437919093
3772,143872.18269171432,2.600271299517216
3773,143910.32483982985,2.604860985694811
3774,143948.46698794537,2.594484666865493
3775,143986.6091360609,2.607524486738276
3776,144024.75128417637,2.6018334618358345
3777,144062.8934322919,2.6078109600802755
3778,144101.03558040742,2.598027748606497
3779,144139.17772852292,2.597511922534763
3780,144177.31987663844,2.602204867890682
3781,144215.46202475397,2.6107347617422754
3782,144253.60417286944,2.6060193974054133
3783,144291.74632098497,2.6024852306714594
3784,144329.8884691005,2.614074175556373
3785,144368.03061721602,2.613609348884889
3786,144406.17276533152,2.612603221758574
3787,144444.31491344701,2.605000300753499
3788,144482.45706156254,2.6093588843448323
3789,144520.59920967804,2.616912603808617
3790,144558.74135779357,2.6174289707627243
3791,144596.8835059091,2.6102991733102368
3792,144635.02565402462,2.6091637882490164
3793,144673.1678021401,2.61814308152286
3794,144711.3099502556,2.6213802591649036
3795,144749.45209837114,2.615937942188352
3796,144787.59424648664,2.6117919325047656
3797,144825.73639460217,2.6226197314775037
3798,144863.87854271766,2.6192956220729804
3799,144902.02069083316,2.6232683579809017
3800,144940.1628389487,2.6175832312046574
3801,144978.3049870642,2.6257087876929144
3802,145016.44713517974,2.6282921346729466
3803,145054.58928329524,2.6288335409902452
3804,145092.73143141074,2.6254583562865967
3805,145130.87357952626,2.6212416901365065
3806,145169.01572764176,2.6307104165325037
3807,145207.1578757573,2.6324806577329025
3808,145245.3000238728,2.633609288115751
3809,145283.4421719883,2.6235408945741376
3810,145321.5843201038,2.631039256222124
3811,145359.72646821933,2.626088906064559
3812,145397.86861633486,2.6363053299820254
3813,145436.01076445036,2.628660837726599
3814,145474.15291256589,2.628283254614945
3815,145512.29506068138,2.63617653501987
3816,145550.43720879688,2.638871497983712
3817,145588.5793569124,2.6317800703664345
3818,145626.72150502793,2.6298746883450703
3819,145664.86365314346,2.640595737349379
3820,145703.00580125893,2.6382011511674714
3821,145741.14794937446,2.6338319983548244
3822,145779.29009748998,2.6334640333104304
3823,145817.43224560548,2.6392228972721754
3824,145855.574393721,2.644071663947393
3825,145893.71654183653,2.6359957001010823
3826,145931.858689952,2.636740500801341
3827,145970.00083806753,2.6358851144272446
3828,146008.14298618305,2.6476659651749506
3829,146046.28513429858,2.640574252711425
3830,146084.42728241408,2.6399174166075254
3831,146122.56943052958,2.6461820831522767
3832,146160.7115786451,2.64479749532534
3833,146198.8537267606,2.642380234418333
3834,146236.99587487613,2.6466186119821393
3835,146275.13802299165,2.651745576102533
3836,146313.28017110718,2.645739081028044
3837,146351.42231922265,2.6452219852531242
3838,146389.56446733818,2.6457840461735214
3839,146427.7066154537,2.655458301964729
3840,146465.8487635692,2.646062238773128
3841,146503.99091168473,2.6577323410370948
3842,146542.13305980025,2.649485994644274
3843,146580.27520791572,2.6585303248326397
3844,146618.41735603125,2.6495484729103445
3845,146656.55950414677,2.6534188639699345
3846,146694.7016522623,2.652663556913139
3847,146732.8438003778,2.66099878109501
3848,146770.9859484933,2.6523715305160156
3849,146809.12809660882,2.6570415216790018
3850,146847.27024472432,2.6644739593042384
3851,146885.41239283985,2.657235378771439
3852,146923.55454095537,2.6551310182462107
3853,146961.6966890709,2.663797525311961
3854,146999.83883718637,2.661466474500843
3855,147037.9809853019,2.6618340359781447
3856,147076.12313341742,2.6601931677045987
3857,147114.26528153292,2.670301222041919
3858,147152.40742964845,2.6601206350073223
3859,147190.54957776394,2.671478296804648
3860,147228.69172587944,2.666402608756645
3861,147266.83387399497,2.6636865924951865
3862,147304.9760221105,2.669411662698518
3863,147343.11817022602,2.66911751567995
3864,147381.26031834152,2.6742825527990326
3865,147419.40246645702,2.6666950778327365
3866,147457.54461457254,2.6769836530607427
3867,147495.68676268804,2.6683187077150614
3868,147533.82891080357,2.677744925720807
3869,147571.9710589191,2.669048324440882
3870,147610.1132070346,2.6770900717870596
3871,147648.2553551501,2.6758183175688126
3872,147686.39750326562,2.679082088956646
3873,147724.53965138114,2.676183271585089
3874,147762.68179949664,2.677183855279717
3875,147800.82394761217,2.6833788774802088
3876,147838.96609572766,2.6750915610894204
3877,147877.10824384316,2.675720903398609
3878,147915.2503919587,2.6852221183018
3879,147953.39254007422,2.6859696263494564
3880,147991.53468818974,2.684029115030661
3881,148029.6768363052,2.6828504413351766
3882,148067.81898442074,2.684367991692546
3883,148105.96113253626,2.689106077391901
3884,148144.10328065176,2.689860479157784
3885,148182.2454287673,2.682396494316372
3886,148220.38757688281,2.6826701790461147
3887,148258.5297249983,2.6906989108213297
3888,148296.6718731138,2.692459484865597
3889,148334.81402122934,2.6851306436119153
3890,148372.95616934486,2.69202438677564
3891,148411.09831746036,2.6893268797804075
3892,148449.24046557586,2.695623432863238
3893,148487.38261369138,2.689372439257969
3894,148525.52476180688,2.6871851348629763
3895,148563.6669099224,2.689252214815444
3896,148601.80905803794,2.695598900375942
3897,148639.95120615346,2.698756138587817
3898,148678.09335426893,2.693901287229515
3899,148716.23550238446,2.6996583519395467
3900,148754.37765049998,2.701730594568071
3901,148792.51979861548,2.6967153221110958
3902,148830.661946731,2.699199020598473
3903,148868.8040948465,2.6987544559847505
3904,148906.94624296203,2.69559954036762
3905,148945.08839107753,2.703522128655528
3906,148983.23053919306,2.701876129688709
3907,149021.37268730858,2.705830644368708
3908,149059.51483542408,2.6974666747849834
3909,149097.65698353958,2.701330780756798
3910,149135.7991316551,2.7001938330781243
3911,149173.9412797706,2.708095411961412
3912,149212.08342788613,2.700733521689984
3913,149250.22557600166,2.7097759279360956
3914,149288.36772411715,2.7018493044054397
3915,149326.50987223265,2.712004121139547
3916,149364.65202034818,2.7123957268475696
3917,149402.7941684637,2.7029043332382714
3918,149440.9363165792,2.7079496222158337
3919,149479.07846469473,2.7075097694553194
3920,149517.22061281023,2.7135396725595293
3921,149555.36276092575,2.7159217989869373
3922,149593.50490904125,2.708621791846226
3923,149631.64705715678,2.7074463210217723
3924,149669.7892052723,2.712056819696677
3925,149707.93135338777,2.7162299237602796
3926,149746.0735015033,2.714953101277942
3927,149784.21564961883,2.717351446111587
3928,149822.35779773432,2.720069791004176
3929,149860.49994584985,2.720745982693379
3930,149898.64209396538,2.721422174382582
3931,149936.78424208087,2.719398710084422
3932,149974.92639019637,2.7234777966899673
3933,150013.0685383119,2.7231289934877805
3934,150051.21068642742,2.723770238034198
3935,150089.35283454292,2.7244114825806154
3936,150127.49498265842,2.725052727127032
3937,150165.63713077395,2.7206713124885398
3938,150203.77927888947,2.7262739541187777
3939,150241.92142700497,2.723971803828472
3940,150280.0635751205,2.7216696535381644
3941,150318.20572323602,2.719367503247857
3942,150356.3478713515,2.724787600377164
3943,150394.49001946702,2.7294646952977035
3944,150432.63216758255,2.7270674539566193
3945,150470.77431569804,2.724388109014054
3946,150508.91646381357,2.7230034050031273
3947,150547.05861192907,2.7291222947301543
3948,150585.2007600446,2.7277950871950107
3949,150623.3429081601,2.732238488143665
3950,150661.48505627562,2.728256624993055
3951,150699.62720439114,2.7252460367658373
3952,150737.76935250664,2.734352192336133
3953,150775.91150062214,2.7289049549182933
3954,150814.05364873767,2.7363714010006444
3955,150852.1957968532,2.729896830747057
3956,150890.3379449687,2.72806788853445
3957,150928.48009308422,2.735744677283405
3958,150966.62224119974,2.730622414340665
3959,151004.7643893152,2.737550614358325
3960,151042.90653743074,2.73693142151165
3961,151081.04868554627,2.730820941087149
3962,151119.19083366176,2.736053004046173
3963,151157.3329817773,2.7325197671712904
3964,151195.4751298928,2.7342549354354824
3965,151233.6172780083,2.7419094369510226
3966,151271.7594261238,2.7356197937717646
3967,151309.90157423934,2.734969801233041
3968,151348.04372235487,2.735719554872032
3969,151386.18587047036,2.738085997165126
3970,151424.32801858586,2.743658198601766
3971,151462.4701667014,2.741671496067505
3972,151500.6123148169,2.7381151843131413
3973,151538.7544629324,2.741122845154609
3974,151576.89661104794,2.748317512692752
3975,151615.03875916344,2.74892770692827
3976,151653.18090727893,2.749390789765997
3977,151691.32305539446,2.7411782748002915
3978,151729.46520351,2.742431229363131
3979,151767.60735162548,2.7512199949814806
3980,151805.749499741,2.752021329844357
3981,151843.8916478565,2.752337005239054
3982,151882.03379597203,2.7443553957729736
3983,151920.17594408753,2.745696705833247
3984,151958.31809220306,2.753132726217624
3985,151996.46024031859,2.75491480496285
3986,152034.60238843405,2.7515884490632363
3987,152072.74453654958,2.754019885650558
3988,152110.8866846651,2.7484861687619477
3989,152149.02883278063,2.7527960006880714
3990,152187.17098089613,2.75856423391501
3991,152225.31312901166,2.758175123360659
3992,152263.45527712716,2.7582432303016318
3993,152301.59742524265,2.751147905355442
3994,152339.73957335818,2.7532010841397265
3995,152377.8817214737,2.758869127550377
3996,152416.0238695892,2.753997088878694
3997,152454.1660177047,2.7615632035628113
3998,152492.30816582023,2.7540110640140707
3999,152530.45031393575,2.7537628074363454
4000,152568.59246205125,2.755188886279806
4001,152606.73461016678,2.764603036341613
4002,152644.8767582823,2.7566718669444232
4003,152683.01890639777,2.761842044123839
4004,152721.1610545133,2.758027397390438
4005,152759.30320262883,2.7589694850331092
4006,152797.44535074432,2.7663714887621764
4007,152835.58749885985,2.764313420765799
4008,152873.72964697535,2.7662345557028565
4009,152911.87179509088,2.763939494906673
4010,152950.01394320637,2.7610694578251564
4011,152988.1560913219,2.7633544082719643
4012,153026.29823943743,2.7715799709077684
4013,153064.44038755292,2.766480827393711
4014,153102.58253566842,2.7650245845860772
4015,153140.72468378395,2.7645976255679963
4016,153178.86683189948,2.7701850376947204
4017,153217.00898001497,2.775135746149397
4018,153255.1511281305,2.772990324384317
4019,153293.293276246,2.7698610294398858
4020,153331.4354243615,2.767623599611118
4021,153369.57757247702,2.776468481801215
4022,153407.71972059255,2.778120332379762
4023,153445.86186870805,2.77771783391713
4024,153484.00401682357,2.775785444243762
4025,153522.14616493907,2.7710776171431846
4026,153560.2883130546,2.7732458678536167
4027,153598.4304611701,2.78195114787812
4028,153636.57260928562,2.777841545171155
4029,153674.71475740115,2.773646340031651
4030,153712.85690551662,2.7787874626302873
4031,153750.99905363214,2.7839353544591243
4032,153789.14120174767,2.785636584757907
4033,153827.2833498632,2.778500311603631
4034,153865.4254979787,2.778134827428208
4035,153903.56764609422,2.7867513679119176
4036,153941.70979420972,2.7876914215359383
4037,153979.85194232521,2.7867508920815616
4038,154017.99409044074,2.78853041410571
4039,154056.13623855627,2.784877691025495
4040,154094.27838667177,2.7845886669899627
4041,154132.42053478726,2.790379870110557
4042,154170.5626829028,2.7923452334367256
4043,154208.70483101832,2.7839628513601036
4044,154246.8469791338,2.788369552656604
4045,154284.98912724934,2.7940338496111385
4046,154323.13127536487,2.790020073755367
4047,154361.27342348034,2.795158256881849
4048,154399.41557159586,2.7976355654016376
4049,154437.5577197114,2.797917308983004
4050,154475.69986782692,2.7916734778973624
4051,154513.8420159424,2.7928103434521043
4052,154551.9841640579,2.799218537307405
4053,154590.12631217344,2.794118020163327
4054,154628.26846028893,2.8009197428081882
4055,154666.41060840446,2.7932803160773454
4056,154704.55275652,2.795337465006494
4057,154742.6949046355,2.801534729280603
4058,154780.83705275098,2.7959206543565442
4059,154818.9792008665,2.799061338099697
4060,154857.12134898204,2.803338796314531
4061,154895.26349709753,2.8082767105965734
4062,154933.40564521306,2.8088588371303205
4063,154971.54779332856,2.806571814743853
4064,155009.68994144406,2.804461018406209
4065,155047.83208955958,2.8096396704928983
4066,155085.9742376751,2.8075219441548818
4067,155124.11638579064,2.8114857506040583
4068,155162.25853390613,2.8109464110615283
4069,155200.40068202163,2.805975204869333
4070,155238.54283013716,2.814848467578728
4071,155276.68497825266,2.811297332566178
4072,155314.82712636818,2.807746197553625
4073,155352.9692744837,2.8118724469351406
4074,155391.1114225992,2.8182535704656426
4075,155429.2535707147,2.8132523220233203
4076,155467.39571883023,2.812346226317151
4077,155505.53786694576,2.8167880672299956
4078,155543.68001506125,2.8212299081428367
4079,155581.82216317678,2.813315985230452
4080,155619.96431129228,2.8144223794990486
4081,155658.10645940778,2.815528773767645
4082,155696.2486075233,2.822295965567666
4083,155734.39075563883,2.823636496171856
4084,155772.53290375436,2.8200927856694777
4085,155810.67505186985,2.823817396863104
4086,155848.81719998535,2.8282101400563366
4087,155886.95934810088,2.8228881908514842
4088,155925.10149621638,2.8241459067147066
4089,155963.2436443319,2.8313200829105147
4090,156001.38579244743,2.829423476686786
4091,156039.5279405629,2.8300054554345797
4092,156077.67008867842,2.83171888884001
4093,156115.81223679395,2.8335974865441558
4094,156153.95438490948,2.8340569865687857
4095,156192.09653302497,2.8353400000000004
